{"title": "Why Women Have Sex Explained Through Evolutionary Psychology featuring Dr. David Buss", "video_id": "-_1J63wyqDI", "video_url": "https://www.youtube.com/watch?v=-_1J63wyqDI", "description": "Here's a clip from a podcast episode with Dr. David Buss #shorts \nFull Clip \ud83d\udd17: https://youtu.be/a6SXALMQPuQ\n\u2014\u2014\u2014\u2014\u2014\u2014\u2014\u2014\u2014\u2014\u2014\u2014\u2014\u2014\u2014\u2014\u2014\u2014\u2014\nReady to build a network of amazing women and high-status men? \n\nMichael\u2019s Men of Action Mentoring Program is a Master\u2019s course dedicated to helping people elevate their social lives by becoming higher status and building elite social circles.\n\nClick the link to learn how you can start living the high-status social life you always wanted: https://m.moamentoring.com/podcast\n\u2014\u2014\u2014\u2014\u2014\u2014\u2014\u2014\u2014\u2014\u2014\u2014\u2014\u2014\u2014\u2014\u2014\u2014\u2014\u2014\n\nSubscribe on Youtube: \nhttps://www.youtube.com/user/MichaelSartain\n\nListen on Apple Podcast: \nhttps://podcasts.apple.com/us/podcast/the-michael-sartain-podcast/id1579791157\n\nListen on Spotify: \nhttps://open.spotify.com/show/2faAYwvDD9Bvkpwv6umlPO?si=8Q3ak9HnSlKjuChsTXr6YQ&dl_branch=1", "published_at": "2023-03-10T00:15:00Z", "channel_id": "UC0T1bDzajVefRWx4uKdGyuw", "channel_title": "Michael Sartain", "tags": [], "category_id": "24", "live_broadcast_content": "none", "duration": 169.0, "dimension": "2d", "definition": "hd", "caption": "false", "view_count": 3883, "like_count": 92, "comment_count": 13, "channel_info": {"title": "Michael Sartain", "description": "\ud83c\udf99Host of The\u00a0Michael Sartain Podcast \n\n\ud83d\udd25Teaching you how to build a network of desirable women and high-status men\n\n\ud83d\udc47 Click the \"Men of Action\" link below now to forge a high-status lifestyle and join the elites \n", "subscriber_count": "80500", "total_views": "29545897", "total_videos": "1481"}, "comments": [], "file_path": "/Users/aelaguiz/workspace/fc_book/audio/raws/-_1J63wyqDI.mp3", "transcription": "{\"text\": \"every time we expect all women to prefer all tall men. That is not what we're saying here. Absolutely. And then we're talking about on average sex differences and, and, and normally, you know, and I say that at the beginning of the new book, you know, just insert the phrase on average, uh, because there are a million exceptions, uh, but, but still the on average, uh, it means that there's overlap in the distributions, but there's a, a strong mean difference, average difference in effect. Uh, and we call it, uh, it's statistics, negative kurtosis. So I, I, what I, I've tried to plot this out for my, my guy friends for what men find attractive is Jessica Beal at nine, nine, you know, 21. And it's like this very narrow, uh, uh, normal distribution. And for women, the distribution spreads out like this, uh, and so it's, uh, the term is negative kurtosis. So that, that's the way I see it because I know women specifically who are attracted to short, exceptionally loud, uh, uh, uh, confident men. And I know some women who are, I have one, a female friend of mine, she's an adult actress and she's only attract because she, she does, she films porn. She's only attracted to men that she dates that are physically unattractive. She does not want to compete with other women. It's one of the most mind boggling things when she tried to explain this to me, every single thing I can come up with, there's a women that, that are attracted to that thing. And then in general, when we talk about that middle standard deviation plus minus one Sigma, we were, now we're talking about taller, more wealth, symmetrical features, masculine and masculine androgenic features, then, then for in general, we see that to be the case as well. So I, I've seen all of those things, but for men, I tend to not, I tend to see symmetrical phase signs of youth, very pervasive amongst what men find attractive anecdotally compared to what women find attractive, which is a wide, Dr. Bush, you've seen, you've seen these men covered their faces in tattoos, arms covered in tattoos, face tattoos, the, the, the, the post Malone. And I, these are things that I cannot imagine why women find these things attractive and yet they find them so incredibly attractive. Yeah. Yeah. Which is, which is good in a way, because what that means is that we all have a shot. We've all got a shot. That's what it means. Exactly. One woman, a colleague who wants men who have deep knowledge of Russian literature so that she can have interesting conversations and in-depth conversation. Now this is an idiosyncratic preference. I mean, how many men have deep knowledge of Russian literature? But you know, but what it means is those guys who do, they have a mating advantage. So if all women were going after exactly the same guys, then a lot of us would be out of luck. Yes. If you're a fan of Tolstoy, go ahead and contact Dr. Buss and then he can give you, get the girl's number. \", \"segments\": [{\"id\": 0, \"seek\": 0, \"start\": 0.0, \"end\": 3.4000000953674316, \"text\": \" every time we expect all women to prefer all tall men.\", \"tokens\": [50364, 633, 565, 321, 2066, 439, 2266, 281, 4382, 439, 6764, 1706, 13, 50534], \"temperature\": 0.0, \"avg_logprob\": -0.33335673809051514, \"compression_ratio\": 1.807692289352417, \"no_speech_prob\": 0.05338628217577934}, {\"id\": 1, \"seek\": 0, \"start\": 3.4000000953674316, \"end\": 5.440000057220459, \"text\": \" That is not what we're saying here.\", \"tokens\": [50534, 663, 307, 406, 437, 321, 434, 1566, 510, 13, 50636], \"temperature\": 0.0, \"avg_logprob\": -0.33335673809051514, \"compression_ratio\": 1.807692289352417, \"no_speech_prob\": 0.05338628217577934}, {\"id\": 2, \"seek\": 0, \"start\": 5.440000057220459, \"end\": 6.440000057220459, \"text\": \" Absolutely.\", \"tokens\": [50636, 7021, 13, 50686], \"temperature\": 0.0, \"avg_logprob\": -0.33335673809051514, \"compression_ratio\": 1.807692289352417, \"no_speech_prob\": 0.05338628217577934}, {\"id\": 3, \"seek\": 0, \"start\": 6.440000057220459, \"end\": 10.920000076293945, \"text\": \" And then we're talking about on average sex differences and, and, and normally, you know,\", \"tokens\": [50686, 400, 550, 321, 434, 1417, 466, 322, 4274, 3260, 7300, 293, 11, 293, 11, 293, 5646, 11, 291, 458, 11, 50910], \"temperature\": 0.0, \"avg_logprob\": -0.33335673809051514, \"compression_ratio\": 1.807692289352417, \"no_speech_prob\": 0.05338628217577934}, {\"id\": 4, \"seek\": 0, \"start\": 10.920000076293945, \"end\": 15.5600004196167, \"text\": \" and I say that at the beginning of the new book, you know, just insert the phrase on\", \"tokens\": [50910, 293, 286, 584, 300, 412, 264, 2863, 295, 264, 777, 1446, 11, 291, 458, 11, 445, 8969, 264, 9535, 322, 51142], \"temperature\": 0.0, \"avg_logprob\": -0.33335673809051514, \"compression_ratio\": 1.807692289352417, \"no_speech_prob\": 0.05338628217577934}, {\"id\": 5, \"seek\": 0, \"start\": 15.5600004196167, \"end\": 23.68000030517578, \"text\": \" average, uh, because there are a million exceptions, uh, but, but still the on average, uh, it\", \"tokens\": [51142, 4274, 11, 2232, 11, 570, 456, 366, 257, 2459, 22847, 11, 2232, 11, 457, 11, 457, 920, 264, 322, 4274, 11, 2232, 11, 309, 51548], \"temperature\": 0.0, \"avg_logprob\": -0.33335673809051514, \"compression_ratio\": 1.807692289352417, \"no_speech_prob\": 0.05338628217577934}, {\"id\": 6, \"seek\": 0, \"start\": 23.68000030517578, \"end\": 29.360000610351562, \"text\": \" means that there's overlap in the distributions, but there's a, a strong mean difference, average\", \"tokens\": [51548, 1355, 300, 456, 311, 19959, 294, 264, 37870, 11, 457, 456, 311, 257, 11, 257, 2068, 914, 2649, 11, 4274, 51832], \"temperature\": 0.0, \"avg_logprob\": -0.33335673809051514, \"compression_ratio\": 1.807692289352417, \"no_speech_prob\": 0.05338628217577934}, {\"id\": 7, \"seek\": 2936, \"start\": 29.360000610351562, \"end\": 30.360000610351562, \"text\": \" difference in effect.\", \"tokens\": [50364, 2649, 294, 1802, 13, 50414], \"temperature\": 0.0, \"avg_logprob\": -0.306281715631485, \"compression_ratio\": 1.7372262477874756, \"no_speech_prob\": 0.010012920945882797}, {\"id\": 8, \"seek\": 2936, \"start\": 30.360000610351562, \"end\": 35.0, \"text\": \" Uh, and we call it, uh, it's statistics, negative kurtosis.\", \"tokens\": [50414, 4019, 11, 293, 321, 818, 309, 11, 2232, 11, 309, 311, 12523, 11, 3671, 34701, 8211, 13, 50646], \"temperature\": 0.0, \"avg_logprob\": -0.306281715631485, \"compression_ratio\": 1.7372262477874756, \"no_speech_prob\": 0.010012920945882797}, {\"id\": 9, \"seek\": 2936, \"start\": 35.0, \"end\": 39.279998779296875, \"text\": \" So I, I, what I, I've tried to plot this out for my, my guy friends for what men find attractive\", \"tokens\": [50646, 407, 286, 11, 286, 11, 437, 286, 11, 286, 600, 3031, 281, 7542, 341, 484, 337, 452, 11, 452, 2146, 1855, 337, 437, 1706, 915, 12609, 50860], \"temperature\": 0.0, \"avg_logprob\": -0.306281715631485, \"compression_ratio\": 1.7372262477874756, \"no_speech_prob\": 0.010012920945882797}, {\"id\": 10, \"seek\": 2936, \"start\": 39.279998779296875, \"end\": 41.79999923706055, \"text\": \" is Jessica Beal at nine, nine, you know, 21.\", \"tokens\": [50860, 307, 15570, 879, 304, 412, 4949, 11, 4949, 11, 291, 458, 11, 5080, 13, 50986], \"temperature\": 0.0, \"avg_logprob\": -0.306281715631485, \"compression_ratio\": 1.7372262477874756, \"no_speech_prob\": 0.010012920945882797}, {\"id\": 11, \"seek\": 2936, \"start\": 41.79999923706055, \"end\": 45.279998779296875, \"text\": \" And it's like this very narrow, uh, uh, normal distribution.\", \"tokens\": [50986, 400, 309, 311, 411, 341, 588, 9432, 11, 2232, 11, 2232, 11, 2710, 7316, 13, 51160], \"temperature\": 0.0, \"avg_logprob\": -0.306281715631485, \"compression_ratio\": 1.7372262477874756, \"no_speech_prob\": 0.010012920945882797}, {\"id\": 12, \"seek\": 2936, \"start\": 45.279998779296875, \"end\": 49.880001068115234, \"text\": \" And for women, the distribution spreads out like this, uh, and so it's, uh, the term is\", \"tokens\": [51160, 400, 337, 2266, 11, 264, 7316, 25728, 484, 411, 341, 11, 2232, 11, 293, 370, 309, 311, 11, 2232, 11, 264, 1433, 307, 51390], \"temperature\": 0.0, \"avg_logprob\": -0.306281715631485, \"compression_ratio\": 1.7372262477874756, \"no_speech_prob\": 0.010012920945882797}, {\"id\": 13, \"seek\": 2936, \"start\": 49.880001068115234, \"end\": 50.880001068115234, \"text\": \" negative kurtosis.\", \"tokens\": [51390, 3671, 34701, 8211, 13, 51440], \"temperature\": 0.0, \"avg_logprob\": -0.306281715631485, \"compression_ratio\": 1.7372262477874756, \"no_speech_prob\": 0.010012920945882797}, {\"id\": 14, \"seek\": 2936, \"start\": 50.880001068115234, \"end\": 54.959999084472656, \"text\": \" So that, that's the way I see it because I know women specifically who are attracted\", \"tokens\": [51440, 407, 300, 11, 300, 311, 264, 636, 286, 536, 309, 570, 286, 458, 2266, 4682, 567, 366, 15912, 51644], \"temperature\": 0.0, \"avg_logprob\": -0.306281715631485, \"compression_ratio\": 1.7372262477874756, \"no_speech_prob\": 0.010012920945882797}, {\"id\": 15, \"seek\": 5496, \"start\": 54.959999084472656, \"end\": 59.79999923706055, \"text\": \" to short, exceptionally loud, uh, uh, uh, confident men.\", \"tokens\": [50364, 281, 2099, 11, 37807, 6588, 11, 2232, 11, 2232, 11, 2232, 11, 6679, 1706, 13, 50606], \"temperature\": 0.0, \"avg_logprob\": -0.230854332447052, \"compression_ratio\": 1.7950530052185059, \"no_speech_prob\": 0.6330202221870422}, {\"id\": 16, \"seek\": 5496, \"start\": 59.79999923706055, \"end\": 64.4800033569336, \"text\": \" And I know some women who are, I have one, a female friend of mine, she's an adult actress\", \"tokens\": [50606, 400, 286, 458, 512, 2266, 567, 366, 11, 286, 362, 472, 11, 257, 6556, 1277, 295, 3892, 11, 750, 311, 364, 5075, 15410, 50840], \"temperature\": 0.0, \"avg_logprob\": -0.230854332447052, \"compression_ratio\": 1.7950530052185059, \"no_speech_prob\": 0.6330202221870422}, {\"id\": 17, \"seek\": 5496, \"start\": 64.4800033569336, \"end\": 67.72000122070312, \"text\": \" and she's only attract because she, she does, she films porn.\", \"tokens\": [50840, 293, 750, 311, 787, 5049, 570, 750, 11, 750, 775, 11, 750, 7796, 19444, 13, 51002], \"temperature\": 0.0, \"avg_logprob\": -0.230854332447052, \"compression_ratio\": 1.7950530052185059, \"no_speech_prob\": 0.6330202221870422}, {\"id\": 18, \"seek\": 5496, \"start\": 67.72000122070312, \"end\": 70.68000030517578, \"text\": \" She's only attracted to men that she dates that are physically unattractive.\", \"tokens\": [51002, 1240, 311, 787, 15912, 281, 1706, 300, 750, 11691, 300, 366, 9762, 47316, 1897, 488, 13, 51150], \"temperature\": 0.0, \"avg_logprob\": -0.230854332447052, \"compression_ratio\": 1.7950530052185059, \"no_speech_prob\": 0.6330202221870422}, {\"id\": 19, \"seek\": 5496, \"start\": 70.68000030517578, \"end\": 73.05999755859375, \"text\": \" She does not want to compete with other women.\", \"tokens\": [51150, 1240, 775, 406, 528, 281, 11831, 365, 661, 2266, 13, 51269], \"temperature\": 0.0, \"avg_logprob\": -0.230854332447052, \"compression_ratio\": 1.7950530052185059, \"no_speech_prob\": 0.6330202221870422}, {\"id\": 20, \"seek\": 5496, \"start\": 73.05999755859375, \"end\": 76.4800033569336, \"text\": \" It's one of the most mind boggling things when she tried to explain this to me, every\", \"tokens\": [51269, 467, 311, 472, 295, 264, 881, 1575, 26132, 70, 1688, 721, 562, 750, 3031, 281, 2903, 341, 281, 385, 11, 633, 51440], \"temperature\": 0.0, \"avg_logprob\": -0.230854332447052, \"compression_ratio\": 1.7950530052185059, \"no_speech_prob\": 0.6330202221870422}, {\"id\": 21, \"seek\": 5496, \"start\": 76.4800033569336, \"end\": 81.08000183105469, \"text\": \" single thing I can come up with, there's a women that, that are attracted to that thing.\", \"tokens\": [51440, 2167, 551, 286, 393, 808, 493, 365, 11, 456, 311, 257, 2266, 300, 11, 300, 366, 15912, 281, 300, 551, 13, 51670], \"temperature\": 0.0, \"avg_logprob\": -0.230854332447052, \"compression_ratio\": 1.7950530052185059, \"no_speech_prob\": 0.6330202221870422}, {\"id\": 22, \"seek\": 8108, \"start\": 81.08000183105469, \"end\": 86.68000030517578, \"text\": \" And then in general, when we talk about that middle standard deviation plus minus one Sigma,\", \"tokens\": [50364, 400, 550, 294, 2674, 11, 562, 321, 751, 466, 300, 2808, 3832, 25163, 1804, 3175, 472, 36595, 11, 50644], \"temperature\": 0.0, \"avg_logprob\": -0.2936238944530487, \"compression_ratio\": 1.7615385055541992, \"no_speech_prob\": 0.36280733346939087}, {\"id\": 23, \"seek\": 8108, \"start\": 86.68000030517578, \"end\": 91.5999984741211, \"text\": \" we were, now we're talking about taller, more wealth, symmetrical features, masculine and\", \"tokens\": [50644, 321, 645, 11, 586, 321, 434, 1417, 466, 22406, 11, 544, 7203, 11, 40360, 4122, 11, 28992, 293, 50890], \"temperature\": 0.0, \"avg_logprob\": -0.2936238944530487, \"compression_ratio\": 1.7615385055541992, \"no_speech_prob\": 0.36280733346939087}, {\"id\": 24, \"seek\": 8108, \"start\": 91.5999984741211, \"end\": 95.5999984741211, \"text\": \" masculine androgenic features, then, then for in general, we see that to be the case\", \"tokens\": [50890, 28992, 293, 7747, 299, 4122, 11, 550, 11, 550, 337, 294, 2674, 11, 321, 536, 300, 281, 312, 264, 1389, 51090], \"temperature\": 0.0, \"avg_logprob\": -0.2936238944530487, \"compression_ratio\": 1.7615385055541992, \"no_speech_prob\": 0.36280733346939087}, {\"id\": 25, \"seek\": 8108, \"start\": 95.5999984741211, \"end\": 96.5999984741211, \"text\": \" as well.\", \"tokens\": [51090, 382, 731, 13, 51140], \"temperature\": 0.0, \"avg_logprob\": -0.2936238944530487, \"compression_ratio\": 1.7615385055541992, \"no_speech_prob\": 0.36280733346939087}, {\"id\": 26, \"seek\": 8108, \"start\": 96.5999984741211, \"end\": 100.91999816894531, \"text\": \" So I, I've seen all of those things, but for men, I tend to not, I tend to see symmetrical\", \"tokens\": [51140, 407, 286, 11, 286, 600, 1612, 439, 295, 729, 721, 11, 457, 337, 1706, 11, 286, 3928, 281, 406, 11, 286, 3928, 281, 536, 40360, 51356], \"temperature\": 0.0, \"avg_logprob\": -0.2936238944530487, \"compression_ratio\": 1.7615385055541992, \"no_speech_prob\": 0.36280733346939087}, {\"id\": 27, \"seek\": 8108, \"start\": 100.91999816894531, \"end\": 107.4800033569336, \"text\": \" phase signs of youth, very pervasive amongst what men find attractive anecdotally compared\", \"tokens\": [51356, 5574, 7880, 295, 7503, 11, 588, 680, 39211, 12918, 437, 1706, 915, 12609, 26652, 310, 379, 5347, 51684], \"temperature\": 0.0, \"avg_logprob\": -0.2936238944530487, \"compression_ratio\": 1.7615385055541992, \"no_speech_prob\": 0.36280733346939087}, {\"id\": 28, \"seek\": 10748, \"start\": 107.4800033569336, \"end\": 112.4800033569336, \"text\": \" to what women find attractive, which is a wide, Dr. Bush, you've seen, you've seen these\", \"tokens\": [50364, 281, 437, 2266, 915, 12609, 11, 597, 307, 257, 4874, 11, 2491, 13, 15782, 11, 291, 600, 1612, 11, 291, 600, 1612, 613, 50614], \"temperature\": 0.0, \"avg_logprob\": -0.30760231614112854, \"compression_ratio\": 1.8897638320922852, \"no_speech_prob\": 0.2597915232181549}, {\"id\": 29, \"seek\": 10748, \"start\": 112.4800033569336, \"end\": 118.19999694824219, \"text\": \" men covered their faces in tattoos, arms covered in tattoos, face tattoos, the, the, the, the\", \"tokens\": [50614, 1706, 5343, 641, 8475, 294, 28662, 11, 5812, 5343, 294, 28662, 11, 1851, 28662, 11, 264, 11, 264, 11, 264, 11, 264, 50900], \"temperature\": 0.0, \"avg_logprob\": -0.30760231614112854, \"compression_ratio\": 1.8897638320922852, \"no_speech_prob\": 0.2597915232181549}, {\"id\": 30, \"seek\": 10748, \"start\": 118.19999694824219, \"end\": 119.19999694824219, \"text\": \" post Malone.\", \"tokens\": [50900, 2183, 5746, 546, 13, 50950], \"temperature\": 0.0, \"avg_logprob\": -0.30760231614112854, \"compression_ratio\": 1.8897638320922852, \"no_speech_prob\": 0.2597915232181549}, {\"id\": 31, \"seek\": 10748, \"start\": 119.19999694824219, \"end\": 122.44000244140625, \"text\": \" And I, these are things that I cannot imagine why women find these things attractive and\", \"tokens\": [50950, 400, 286, 11, 613, 366, 721, 300, 286, 2644, 3811, 983, 2266, 915, 613, 721, 12609, 293, 51112], \"temperature\": 0.0, \"avg_logprob\": -0.30760231614112854, \"compression_ratio\": 1.8897638320922852, \"no_speech_prob\": 0.2597915232181549}, {\"id\": 32, \"seek\": 10748, \"start\": 122.44000244140625, \"end\": 125.36000061035156, \"text\": \" yet they find them so incredibly attractive.\", \"tokens\": [51112, 1939, 436, 915, 552, 370, 6252, 12609, 13, 51258], \"temperature\": 0.0, \"avg_logprob\": -0.30760231614112854, \"compression_ratio\": 1.8897638320922852, \"no_speech_prob\": 0.2597915232181549}, {\"id\": 33, \"seek\": 10748, \"start\": 125.36000061035156, \"end\": 126.36000061035156, \"text\": \" Yeah.\", \"tokens\": [51258, 865, 13, 51308], \"temperature\": 0.0, \"avg_logprob\": -0.30760231614112854, \"compression_ratio\": 1.8897638320922852, \"no_speech_prob\": 0.2597915232181549}, {\"id\": 34, \"seek\": 10748, \"start\": 126.36000061035156, \"end\": 127.36000061035156, \"text\": \" Yeah.\", \"tokens\": [51308, 865, 13, 51358], \"temperature\": 0.0, \"avg_logprob\": -0.30760231614112854, \"compression_ratio\": 1.8897638320922852, \"no_speech_prob\": 0.2597915232181549}, {\"id\": 35, \"seek\": 10748, \"start\": 127.36000061035156, \"end\": 130.39999389648438, \"text\": \" Which is, which is good in a way, because what that means is that we all have a shot.\", \"tokens\": [51358, 3013, 307, 11, 597, 307, 665, 294, 257, 636, 11, 570, 437, 300, 1355, 307, 300, 321, 439, 362, 257, 3347, 13, 51510], \"temperature\": 0.0, \"avg_logprob\": -0.30760231614112854, \"compression_ratio\": 1.8897638320922852, \"no_speech_prob\": 0.2597915232181549}, {\"id\": 36, \"seek\": 10748, \"start\": 130.39999389648438, \"end\": 131.39999389648438, \"text\": \" We've all got a shot.\", \"tokens\": [51510, 492, 600, 439, 658, 257, 3347, 13, 51560], \"temperature\": 0.0, \"avg_logprob\": -0.30760231614112854, \"compression_ratio\": 1.8897638320922852, \"no_speech_prob\": 0.2597915232181549}, {\"id\": 37, \"seek\": 10748, \"start\": 131.39999389648438, \"end\": 132.39999389648438, \"text\": \" That's what it means.\", \"tokens\": [51560, 663, 311, 437, 309, 1355, 13, 51610], \"temperature\": 0.0, \"avg_logprob\": -0.30760231614112854, \"compression_ratio\": 1.8897638320922852, \"no_speech_prob\": 0.2597915232181549}, {\"id\": 38, \"seek\": 10748, \"start\": 132.39999389648438, \"end\": 133.39999389648438, \"text\": \" Exactly.\", \"tokens\": [51610, 7587, 13, 51660], \"temperature\": 0.0, \"avg_logprob\": -0.30760231614112854, \"compression_ratio\": 1.8897638320922852, \"no_speech_prob\": 0.2597915232181549}, {\"id\": 39, \"seek\": 13340, \"start\": 134.39999389648438, \"end\": 142.0800018310547, \"text\": \" One woman, a colleague who wants men who have deep knowledge of Russian literature so that\", \"tokens\": [50414, 1485, 3059, 11, 257, 13532, 567, 2738, 1706, 567, 362, 2452, 3601, 295, 7220, 10394, 370, 300, 50798], \"temperature\": 0.4000000059604645, \"avg_logprob\": -0.3397579789161682, \"compression_ratio\": 1.7450979948043823, \"no_speech_prob\": 0.6295837759971619}, {\"id\": 40, \"seek\": 13340, \"start\": 142.0800018310547, \"end\": 144.9600067138672, \"text\": \" she can have interesting conversations and in-depth conversation.\", \"tokens\": [50798, 750, 393, 362, 1880, 7315, 293, 294, 12, 25478, 3761, 13, 50942], \"temperature\": 0.4000000059604645, \"avg_logprob\": -0.3397579789161682, \"compression_ratio\": 1.7450979948043823, \"no_speech_prob\": 0.6295837759971619}, {\"id\": 41, \"seek\": 13340, \"start\": 144.9600067138672, \"end\": 146.83999633789062, \"text\": \" Now this is an idiosyncratic preference.\", \"tokens\": [50942, 823, 341, 307, 364, 4496, 2717, 2534, 10757, 2399, 17502, 13, 51036], \"temperature\": 0.4000000059604645, \"avg_logprob\": -0.3397579789161682, \"compression_ratio\": 1.7450979948043823, \"no_speech_prob\": 0.6295837759971619}, {\"id\": 42, \"seek\": 13340, \"start\": 146.83999633789062, \"end\": 150.77999877929688, \"text\": \" I mean, how many men have deep knowledge of Russian literature?\", \"tokens\": [51036, 286, 914, 11, 577, 867, 1706, 362, 2452, 3601, 295, 7220, 7997, 260, 1503, 30, 51233], \"temperature\": 0.4000000059604645, \"avg_logprob\": -0.3397579789161682, \"compression_ratio\": 1.7450979948043823, \"no_speech_prob\": 0.6295837759971619}, {\"id\": 43, \"seek\": 13340, \"start\": 150.77999877929688, \"end\": 155.47999572753906, \"text\": \" But you know, but what it means is those guys who do, they have a mating advantage.\", \"tokens\": [51233, 583, 291, 458, 11, 457, 437, 309, 1355, 307, 729, 1074, 567, 360, 11, 436, 362, 257, 49955, 5002, 13, 51468], \"temperature\": 0.4000000059604645, \"avg_logprob\": -0.3397579789161682, \"compression_ratio\": 1.7450979948043823, \"no_speech_prob\": 0.6295837759971619}, {\"id\": 44, \"seek\": 13340, \"start\": 155.47999572753906, \"end\": 161.32000732421875, \"text\": \" So if all women were going after exactly the same guys, then a lot of us would be out of\", \"tokens\": [51468, 407, 498, 439, 2266, 645, 516, 934, 2293, 264, 912, 1074, 11, 550, 257, 688, 295, 505, 576, 312, 484, 295, 51760], \"temperature\": 0.4000000059604645, \"avg_logprob\": -0.3397579789161682, \"compression_ratio\": 1.7450979948043823, \"no_speech_prob\": 0.6295837759971619}, {\"id\": 45, \"seek\": 13340, \"start\": 161.32000732421875, \"end\": 162.32000732421875, \"text\": \" luck.\", \"tokens\": [51760, 3668, 13, 51810], \"temperature\": 0.4000000059604645, \"avg_logprob\": -0.3397579789161682, \"compression_ratio\": 1.7450979948043823, \"no_speech_prob\": 0.6295837759971619}, {\"id\": 46, \"seek\": 13340, \"start\": 162.32000732421875, \"end\": 163.32000732421875, \"text\": \" Yes.\", \"tokens\": [51810, 1079, 13, 51860], \"temperature\": 0.4000000059604645, \"avg_logprob\": -0.3397579789161682, \"compression_ratio\": 1.7450979948043823, \"no_speech_prob\": 0.6295837759971619}, {\"id\": 47, \"seek\": 16332, \"start\": 163.32000732421875, \"end\": 167.16000366210938, \"text\": \" If you're a fan of Tolstoy, go ahead and contact Dr. Buss and then he can give you, get the\", \"tokens\": [50364, 759, 291, 434, 257, 3429, 295, 21402, 372, 939, 11, 352, 2286, 293, 3385, 2491, 13, 363, 2023, 293, 550, 415, 393, 976, 291, 11, 483, 264, 50556], \"temperature\": 0.0, \"avg_logprob\": -0.35606512427330017, \"compression_ratio\": 1.115789532661438, \"no_speech_prob\": 0.7849062085151672}, {\"id\": 48, \"seek\": 16332, \"start\": 167.16000366210938, \"end\": 167.67999267578125, \"text\": \" girl's number.\", \"tokens\": [50556, 2013, 311, 1230, 13, 50582], \"temperature\": 0.0, \"avg_logprob\": -0.35606512427330017, \"compression_ratio\": 1.115789532661438, \"no_speech_prob\": 0.7849062085151672}]}"}