{"title": "Are you THE GUY?", "video_id": "-bBVRVjkHSg", "video_url": "https://www.youtube.com/watch?v=-bBVRVjkHSg", "description": "Watch The Full Thing Here : \n\u2014\u2014\u2014\u2014\u2014\u2014\u2014\u2014\u2014\u2014\u2014\u2014\u2014\u2014\u2014\u2014\u2014\u2014\u2014\u2014\nReady to build a network of amazing women and high-status men?\n\nMichael\u2019s Men of Action is a one-on-one Master\u2019s program that teaches men how to create elite \nsocial lives by becoming higher status.\n\nClick this link to learn how you can have a High-Status lifestyle now:\nhttps://m.moamentoring.com/podcast\n\nClick here to join the Men of Action community and watch the High-Status Networking 101 course:\nhttps://m.moamentoring.com/moa-community\n\nInterested in joining the Men of Action sales team? Apply here:\nhttps://www.moamentoring.com/jobs/sales\n\nMen of Action has an affiliate program! Post pre-made content and get paid passively:\nhttps://www.moamentoring.com/affiliate\n\u2014\u2014\u2014\u2014\u2014\u2014\u2014\u2014\u2014\u2014\u2014\u2014\u2014\u2014\u2014\u2014\u2014\u2014\u2014\u2014\n\nSubscribe on Youtube: \nhttps://www.youtube.com/user/MichaelSartain\n\nListen on Apple Podcast: \nhttps://podcasts.apple.com/us/podcast/the-michael-sartain-podcast/id1579791157\n\nListen on Spotify: \nhttps://open.spotify.com/show/2faAYwvDD9Bvkpwv6umlPO?si=8Q3ak9HnSlKjuChsTXr6YQ&dl_branch=1\n\n#michael #michaelsartain #michael_sartain #michael_sartain_podcast", "published_at": "2024-01-04T18:00:00Z", "channel_id": "UC0T1bDzajVefRWx4uKdGyuw", "channel_title": "Michael Sartain", "tags": ["Michael", "Michael Sartain", "Michael Sartain Podcast", "Michael Podcast", "MOA", "Men Of Action", "Michael Sartain Course", "Michael Sartain With Hot Women", "Playboy", "Swimsuit", "Swimsuit Competition", "ichael sartain social circle", "social circle", "how to netowrk", "moa", "moa podcast", "gender wage gap", "gender wage gap myth", "wage gap", "social value", "michael sartain course", "looks money status", "social circle mentorship", "michael sartain social circle game", "men of action podcast", "men of action course"], "category_id": "24", "live_broadcast_content": "none", "duration": 42.0, "dimension": "2d", "definition": "hd", "caption": "false", "view_count": 3636, "like_count": 156, "comment_count": 1, "channel_info": {"title": "Michael Sartain", "description": "\ud83c\udf99Host of The\u00a0Michael Sartain Podcast \n\n\ud83d\udd25Teaching you how to build a network of desirable women and high-status men\n\n\ud83d\udc47 Click the \"Men of Action\" link below now to forge a high-status lifestyle and join the elites \n", "subscriber_count": "80500", "total_views": "29545897", "total_videos": "1481"}, "comments": [], "file_path": "/Users/aelaguiz/workspace/fc_book/audio/raws/-bBVRVjkHSg.mp3", "transcription": "{\"text\": \"I want to be the guy all my friends get their jobs through. I want to be the guy all my friends find their employees through. I want to be the guy all my friends meet their girlfriends through. I want to be the guy all my girlfriends meet their guy friends through. I want to be the hub, the main connector for those groups of people. That helps you with women, but it also helps you find when you scale your business, bro, finding really good salespeople is so hard. I have to run advertisements to try to get high ticket closers. The thing we watch on TV are the world cup and the super bowl. It's groups of men working together to accomplish a goal. It's networking. When you do that, when you're able to accomplish a goal with other people, I think that's the apex of human existence, building a skyscraper, executing a military operation, putting jet up into space, the men working together to accomplish those goals, men and women, that I think is the apex. \", \"segments\": [{\"id\": 0, \"seek\": 0, \"start\": 0.0, \"end\": 2.5199999809265137, \"text\": \" I want to be the guy all my friends get their jobs through.\", \"tokens\": [50364, 286, 528, 281, 312, 264, 2146, 439, 452, 1855, 483, 641, 4782, 807, 13, 50490], \"temperature\": 0.0, \"avg_logprob\": -0.25926026701927185, \"compression_ratio\": 2.186274528503418, \"no_speech_prob\": 0.08375129848718643}, {\"id\": 1, \"seek\": 0, \"start\": 2.5199999809265137, \"end\": 4.960000038146973, \"text\": \" I want to be the guy all my friends find their employees through.\", \"tokens\": [50490, 286, 528, 281, 312, 264, 2146, 439, 452, 1855, 915, 641, 6619, 807, 13, 50612], \"temperature\": 0.0, \"avg_logprob\": -0.25926026701927185, \"compression_ratio\": 2.186274528503418, \"no_speech_prob\": 0.08375129848718643}, {\"id\": 2, \"seek\": 0, \"start\": 4.960000038146973, \"end\": 7.119999885559082, \"text\": \" I want to be the guy all my friends meet their girlfriends through.\", \"tokens\": [50612, 286, 528, 281, 312, 264, 2146, 439, 452, 1855, 1677, 641, 46558, 807, 13, 50720], \"temperature\": 0.0, \"avg_logprob\": -0.25926026701927185, \"compression_ratio\": 2.186274528503418, \"no_speech_prob\": 0.08375129848718643}, {\"id\": 3, \"seek\": 0, \"start\": 7.119999885559082, \"end\": 9.15999984741211, \"text\": \" I want to be the guy all my girlfriends meet their guy friends through.\", \"tokens\": [50720, 286, 528, 281, 312, 264, 2146, 439, 452, 46558, 1677, 641, 2146, 1855, 807, 13, 50822], \"temperature\": 0.0, \"avg_logprob\": -0.25926026701927185, \"compression_ratio\": 2.186274528503418, \"no_speech_prob\": 0.08375129848718643}, {\"id\": 4, \"seek\": 0, \"start\": 9.199999809265137, \"end\": 11.880000114440918, \"text\": \" I want to be the hub, the main connector for those groups of people.\", \"tokens\": [50824, 286, 528, 281, 312, 264, 11838, 11, 264, 2135, 19127, 337, 729, 3935, 295, 561, 13, 50958], \"temperature\": 0.0, \"avg_logprob\": -0.25926026701927185, \"compression_ratio\": 2.186274528503418, \"no_speech_prob\": 0.08375129848718643}, {\"id\": 5, \"seek\": 0, \"start\": 11.880000114440918, \"end\": 15.359999656677246, \"text\": \" That helps you with women, but it also helps you find when you scale your\", \"tokens\": [50958, 663, 3665, 291, 365, 2266, 11, 457, 309, 611, 3665, 291, 915, 562, 291, 4373, 428, 51132], \"temperature\": 0.0, \"avg_logprob\": -0.25926026701927185, \"compression_ratio\": 2.186274528503418, \"no_speech_prob\": 0.08375129848718643}, {\"id\": 6, \"seek\": 0, \"start\": 15.359999656677246, \"end\": 18.079999923706055, \"text\": \" business, bro, finding really good salespeople is so hard.\", \"tokens\": [51132, 1606, 11, 2006, 11, 5006, 534, 665, 5763, 21123, 307, 370, 1152, 13, 51268], \"temperature\": 0.0, \"avg_logprob\": -0.25926026701927185, \"compression_ratio\": 2.186274528503418, \"no_speech_prob\": 0.08375129848718643}, {\"id\": 7, \"seek\": 0, \"start\": 18.079999923706055, \"end\": 21.15999984741211, \"text\": \" I have to run advertisements to try to get high ticket closers.\", \"tokens\": [51268, 286, 362, 281, 1190, 42897, 281, 853, 281, 483, 1090, 10550, 2611, 433, 13, 51422], \"temperature\": 0.0, \"avg_logprob\": -0.25926026701927185, \"compression_ratio\": 2.186274528503418, \"no_speech_prob\": 0.08375129848718643}, {\"id\": 8, \"seek\": 0, \"start\": 21.200000762939453, \"end\": 24.200000762939453, \"text\": \" The thing we watch on TV are the world cup and the super bowl.\", \"tokens\": [51424, 440, 551, 321, 1159, 322, 3558, 366, 264, 1002, 4414, 293, 264, 1687, 6571, 13, 51574], \"temperature\": 0.0, \"avg_logprob\": -0.25926026701927185, \"compression_ratio\": 2.186274528503418, \"no_speech_prob\": 0.08375129848718643}, {\"id\": 9, \"seek\": 0, \"start\": 24.239999771118164, \"end\": 27.0, \"text\": \" It's groups of men working together to accomplish a goal.\", \"tokens\": [51576, 467, 311, 3935, 295, 1706, 1364, 1214, 281, 9021, 257, 3387, 13, 51714], \"temperature\": 0.0, \"avg_logprob\": -0.25926026701927185, \"compression_ratio\": 2.186274528503418, \"no_speech_prob\": 0.08375129848718643}, {\"id\": 10, \"seek\": 0, \"start\": 27.040000915527344, \"end\": 28.1200008392334, \"text\": \" It's networking.\", \"tokens\": [51716, 467, 311, 17985, 13, 51770], \"temperature\": 0.0, \"avg_logprob\": -0.25926026701927185, \"compression_ratio\": 2.186274528503418, \"no_speech_prob\": 0.08375129848718643}, {\"id\": 11, \"seek\": 2812, \"start\": 28.200000762939453, \"end\": 30.68000030517578, \"text\": \" When you do that, when you're able to accomplish a goal with other people,\", \"tokens\": [50368, 1133, 291, 360, 300, 11, 562, 291, 434, 1075, 281, 9021, 257, 3387, 365, 661, 561, 11, 50492], \"temperature\": 0.0, \"avg_logprob\": -0.22055816650390625, \"compression_ratio\": 1.5752688646316528, \"no_speech_prob\": 0.26547971367836}, {\"id\": 12, \"seek\": 2812, \"start\": 30.68000030517578, \"end\": 33.79999923706055, \"text\": \" I think that's the apex of human existence, building a skyscraper,\", \"tokens\": [50492, 286, 519, 300, 311, 264, 48115, 295, 1952, 9123, 11, 2390, 257, 48227, 39302, 610, 11, 50648], \"temperature\": 0.0, \"avg_logprob\": -0.22055816650390625, \"compression_ratio\": 1.5752688646316528, \"no_speech_prob\": 0.26547971367836}, {\"id\": 13, \"seek\": 2812, \"start\": 33.84000015258789, \"end\": 38.08000183105469, \"text\": \" executing a military operation, putting jet up into space, the men working\", \"tokens\": [50650, 32368, 257, 4632, 6916, 11, 3372, 14452, 493, 666, 1901, 11, 264, 1706, 1364, 50862], \"temperature\": 0.0, \"avg_logprob\": -0.22055816650390625, \"compression_ratio\": 1.5752688646316528, \"no_speech_prob\": 0.26547971367836}, {\"id\": 14, \"seek\": 2812, \"start\": 38.08000183105469, \"end\": 41.0, \"text\": \" together to accomplish those goals, men and women, that I think is the apex.\", \"tokens\": [50862, 1214, 281, 9021, 729, 5493, 11, 1706, 293, 2266, 11, 300, 286, 519, 307, 264, 48115, 13, 51008], \"temperature\": 0.0, \"avg_logprob\": -0.22055816650390625, \"compression_ratio\": 1.5752688646316528, \"no_speech_prob\": 0.26547971367836}]}"}