{"title": "Are People Right to Blame the CIA for Everything?", "video_id": "-iCG3d1Ptcc", "video_url": "https://www.youtube.com/watch?v=-iCG3d1Ptcc", "description": "Watch The Full Thing Here :  https://youtu.be/jm3VoRf2ezg\n\u2014\u2014\u2014\u2014\u2014\u2014\u2014\u2014\u2014\u2014\u2014\u2014\u2014\u2014\u2014\u2014\u2014\u2014\u2014\u2014\nReady to build a network of amazing women and high-status men?\n\nMichael\u2019s Men of Action is a one-on-one Master\u2019s program that teaches men how to create elite \nsocial lives by becoming higher status.\n\nClick this link to learn how you can have a High-Status lifestyle now:\nhttps://m.moamentoring.com/podcast\n\nClick here to join the Men of Action community and watch the High-Status Networking 101 course:\nhttps://m.moamentoring.com/moa-community\n\nInterested in joining the Men of Action sales team? Apply here:\nhttps://www.moamentoring.com/jobs/sales\n\nMen of Action has an affiliate program! Post pre-made content and get paid passively:\nhttps://www.moamentoring.com/affiliate\n\u2014\u2014\u2014\u2014\u2014\u2014\u2014\u2014\u2014\u2014\u2014\u2014\u2014\u2014\u2014\u2014\u2014\u2014\u2014\u2014\n\nSubscribe on Youtube: \nhttps://www.youtube.com/user/MichaelSartain\n\nListen on Apple Podcast: \nhttps://podcasts.apple.com/us/podcast/the-michael-sartain-podcast/id1579791157\n\nListen on Spotify: \nhttps://open.spotify.com/show/2faAYwvDD9Bvkpwv6umlPO?si=8Q3ak9HnSlKjuChsTXr6YQ&dl_branch=1\n\n#michael #michaelsartain #michael_sartain #michael_sartain_podcast", "published_at": "2024-01-14T14:45:00Z", "channel_id": "UC0T1bDzajVefRWx4uKdGyuw", "channel_title": "Michael Sartain", "tags": ["Michael", "Michael Sartain", "Michael Sartain Podcast", "Michael Podcast", "MOA", "Men Of Action", "Michael Sartain Course", "Michael Sartain With Hot Women", "Playboy", "Swimsuit", "Swimsuit Competition", "ichael sartain social circle", "social circle", "how to netowrk", "moa", "moa podcast", "gender wage gap", "gender wage gap myth", "wage gap", "social value", "michael sartain course", "looks money status", "social circle mentorship", "michael sartain social circle game", "men of action podcast", "men of action course"], "category_id": "24", "live_broadcast_content": "none", "duration": 279.0, "dimension": "2d", "definition": "hd", "caption": "false", "view_count": 653, "like_count": 28, "comment_count": 19, "channel_info": {"title": "Michael Sartain", "description": "\ud83c\udf99Host of The\u00a0Michael Sartain Podcast \n\n\ud83d\udd25Teaching you how to build a network of desirable women and high-status men\n\n\ud83d\udc47 Click the \"Men of Action\" link below now to forge a high-status lifestyle and join the elites \n", "subscriber_count": "80500", "total_views": "29545897", "total_videos": "1481"}, "comments": [], "file_path": "/Users/aelaguiz/workspace/fc_book/audio/raws/-iCG3d1Ptcc.mp3", "transcription": "{\"text\": \"The part of the conspiracy theory thing that frightens me is how people just put this warm blanket of victimhood around them and then use that for explanations for everything that goes on in their life. The CIA gets way too much blame. And credit. And credit for things they had nothing to do with. The CIA is just a regular civilian intelligence agency, just like the NSA, are there corruptible people in there? 100% there aren't. Nobody's saying that there aren't. But you're blaming things on the CIA, the CIA had nothing to do with. And the reason why is because it's the only three-letter identifier that you can come up. What you mean to say is like, black book operations, like off-the-book operations. But you're putting that whole category into CIA. And that's what people, the CIA is. You know what gets me is the people that are living in a trailer park and they're like, the CIA is watching me. I'm like, yeah, the CIA is spending tax dollars to look at you because you have a fringe website with 30 people a month looking at it. This is madness, man. It's just really. My show does good numbers and I'm never once like, George, did you see the CIA is outside? Oh, right of passage. As long as the CIA sends me super chats, I don't give a fuck. That's my point. I wish the CIA, apparently CIA is known for sending weapons to guerrilla units. I wish they would send me some weapons. That'd be pretty cool. Send me some AKs, I'll take them. My point is like, is the CIA why your relationship with your family's bad? Is the CIA. Is it the reason why your parents go, why haven't you got a job? It's the sixth Thanksgiving in a row that you're sitting here. Is the CIA the reason why your girlfriend cheated on you? Is the CIA the reason why you're poor? That's my only question. And there's a lot of people that are gonna listen to what I'm saying right now. They're gonna get real sensitive to this. Because what I'm saying is the truth. It's gonna hit a little too hard. And they're not gonna be like, damn. I know Bush planned 9-11, but maybe he's right. Maybe I should get off my mom's couch. You know what I'm saying? Like it's just one of these. Would it hurt? That's the issue. The only part, the part of the conspiracy theory thing that frightens me is how people just put this warm blanket of victimhood around them and then use that for explanations for everything that goes on in their life. And if it comes off like I'm very serious, it's because I'm a performance coach. And I see these men who like ruin their lives because they just fall into this victim mentality rather than becoming productive members of society who can actually provide for a family. Instead they just go into these ridiculous, you know what, they're not even ridiculous. I mean if enough people believe them around you that you respect it, I guess it's not ridiculous. But there's no evidence to support some of these conspiracies that people have. I don't even blame them. If you don't have a background in science, then of course you're just gonna believe in this kind of stuff. So that's essentially what happens. I don't have a background. I wouldn't say George and I have a. No, no, no, you do have a background. You guys understand that there is something called gravity. You guys understand. So we just paid attention in high school is what you mean. Like here's a huge one. The reason why we had so much confusion over these anti-parasitic medications and started thinking they were gonna cure COVID. It's because one of the problems is people don't know. Have you ever seen a guy who gets the flu and tries to get a Z-Pak from the doctor? Because they don't understand the difference between an antibiotic and an antiviral. They don't understand the difference between Tamiflu and a Z-Pak. They think it's all the same. They think bacteria and virus are the same thing. They just think medicine is medicine. Correct, that's exactly right. And so when you explain to them a parasite is different from a virus which is different from a vaccine, they don't have a grasp of that concept. You guys do, which is the reason why I'm saying you do have a background. We're all scientists to some extent. But just understanding simple concepts like that, well, if you don't understand that, then you're like hydrochloric when it cures coronavirus. I'm like, how is that possible? How could it cure a virus? It's an anti-parasitic. It's a dewormer. It doesn't make any sense. They put the worm into me when they gave me the vaccine, George. Even calling it a dewormer, which I know CNN was trying to do to insult conspiracy theorists. And I understand what, I don't mean to insult conspiracy theorists. What I mean to explain, what I mean to express to you is like, you're just completely missing the science here. There is no science that would indicate that something like that would work. And then of course, the trials come out with ivermectin and the trials are conclusive. It does not cure coronavirus. It does nothing to coronavirus. It does nothing. And so once the trials come out, it's like, well, no, those trials are, they're colluded by big pharma. I'm like, no, they're not. That's not what happens. And then the other problem are the people who take ivermectin, the people who take hydrochloric when, and then they're free from COVID a couple days later. And they're like, ah, again, this is proof. Really, they were at the end of their 14 days of symptoms. That's exactly right. They're at the end of their symptoms. There's usually young, healthy people. They're at the end of their symptoms. And they're like, because I didn't have COVID after I took this dewormer, then now it's proof that this cures this disorder. And of course it isn't proof at all. It's just circumstantial. It's a coincidence. \", \"segments\": [{\"id\": 0, \"seek\": 0, \"start\": 0.0, \"end\": 2.880000114440918, \"text\": \" The part of the conspiracy theory thing that frightens me\", \"tokens\": [50364, 440, 644, 295, 264, 20439, 5261, 551, 300, 15545, 694, 385, 50508], \"temperature\": 0.0, \"avg_logprob\": -0.25082284212112427, \"compression_ratio\": 1.8125, \"no_speech_prob\": 0.004069617949426174}, {\"id\": 1, \"seek\": 0, \"start\": 2.880000114440918, \"end\": 5.760000228881836, \"text\": \" is how people just put this warm blanket of victimhood\", \"tokens\": [50508, 307, 577, 561, 445, 829, 341, 4561, 17907, 295, 6760, 3809, 50652], \"temperature\": 0.0, \"avg_logprob\": -0.25082284212112427, \"compression_ratio\": 1.8125, \"no_speech_prob\": 0.004069617949426174}, {\"id\": 2, \"seek\": 0, \"start\": 5.760000228881836, \"end\": 8.199999809265137, \"text\": \" around them and then use that for explanations\", \"tokens\": [50652, 926, 552, 293, 550, 764, 300, 337, 28708, 50774], \"temperature\": 0.0, \"avg_logprob\": -0.25082284212112427, \"compression_ratio\": 1.8125, \"no_speech_prob\": 0.004069617949426174}, {\"id\": 3, \"seek\": 0, \"start\": 8.199999809265137, \"end\": 9.279999732971191, \"text\": \" for everything that goes on in their life.\", \"tokens\": [50774, 337, 1203, 300, 1709, 322, 294, 641, 993, 13, 50828], \"temperature\": 0.0, \"avg_logprob\": -0.25082284212112427, \"compression_ratio\": 1.8125, \"no_speech_prob\": 0.004069617949426174}, {\"id\": 4, \"seek\": 0, \"start\": 9.279999732971191, \"end\": 11.640000343322754, \"text\": \" The CIA gets way too much blame.\", \"tokens\": [50828, 440, 25143, 2170, 636, 886, 709, 10127, 13, 50946], \"temperature\": 0.0, \"avg_logprob\": -0.25082284212112427, \"compression_ratio\": 1.8125, \"no_speech_prob\": 0.004069617949426174}, {\"id\": 5, \"seek\": 0, \"start\": 11.640000343322754, \"end\": 12.479999542236328, \"text\": \" And credit.\", \"tokens\": [50946, 400, 5397, 13, 50988], \"temperature\": 0.0, \"avg_logprob\": -0.25082284212112427, \"compression_ratio\": 1.8125, \"no_speech_prob\": 0.004069617949426174}, {\"id\": 6, \"seek\": 0, \"start\": 12.479999542236328, \"end\": 14.880000114440918, \"text\": \" And credit for things they had nothing to do with.\", \"tokens\": [50988, 400, 5397, 337, 721, 436, 632, 1825, 281, 360, 365, 13, 51108], \"temperature\": 0.0, \"avg_logprob\": -0.25082284212112427, \"compression_ratio\": 1.8125, \"no_speech_prob\": 0.004069617949426174}, {\"id\": 7, \"seek\": 0, \"start\": 14.880000114440918, \"end\": 18.559999465942383, \"text\": \" The CIA is just a regular civilian intelligence agency,\", \"tokens\": [51108, 440, 25143, 307, 445, 257, 3890, 23386, 7599, 7934, 11, 51292], \"temperature\": 0.0, \"avg_logprob\": -0.25082284212112427, \"compression_ratio\": 1.8125, \"no_speech_prob\": 0.004069617949426174}, {\"id\": 8, \"seek\": 0, \"start\": 18.559999465942383, \"end\": 21.639999389648438, \"text\": \" just like the NSA, are there corruptible people in there?\", \"tokens\": [51292, 445, 411, 264, 47299, 11, 366, 456, 17366, 964, 561, 294, 456, 30, 51446], \"temperature\": 0.0, \"avg_logprob\": -0.25082284212112427, \"compression_ratio\": 1.8125, \"no_speech_prob\": 0.004069617949426174}, {\"id\": 9, \"seek\": 0, \"start\": 21.639999389648438, \"end\": 22.799999237060547, \"text\": \" 100% there aren't.\", \"tokens\": [51446, 2319, 4, 456, 3212, 380, 13, 51504], \"temperature\": 0.0, \"avg_logprob\": -0.25082284212112427, \"compression_ratio\": 1.8125, \"no_speech_prob\": 0.004069617949426174}, {\"id\": 10, \"seek\": 0, \"start\": 22.799999237060547, \"end\": 24.0, \"text\": \" Nobody's saying that there aren't.\", \"tokens\": [51504, 9297, 311, 1566, 300, 456, 3212, 380, 13, 51564], \"temperature\": 0.0, \"avg_logprob\": -0.25082284212112427, \"compression_ratio\": 1.8125, \"no_speech_prob\": 0.004069617949426174}, {\"id\": 11, \"seek\": 0, \"start\": 24.0, \"end\": 25.68000030517578, \"text\": \" But you're blaming things on the CIA,\", \"tokens\": [51564, 583, 291, 434, 32364, 721, 322, 264, 25143, 11, 51648], \"temperature\": 0.0, \"avg_logprob\": -0.25082284212112427, \"compression_ratio\": 1.8125, \"no_speech_prob\": 0.004069617949426174}, {\"id\": 12, \"seek\": 0, \"start\": 25.68000030517578, \"end\": 27.440000534057617, \"text\": \" the CIA had nothing to do with.\", \"tokens\": [51648, 264, 25143, 632, 1825, 281, 360, 365, 13, 51736], \"temperature\": 0.0, \"avg_logprob\": -0.25082284212112427, \"compression_ratio\": 1.8125, \"no_speech_prob\": 0.004069617949426174}, {\"id\": 13, \"seek\": 0, \"start\": 27.440000534057617, \"end\": 29.479999542236328, \"text\": \" And the reason why is because it's the only\", \"tokens\": [51736, 400, 264, 1778, 983, 307, 570, 309, 311, 264, 787, 51838], \"temperature\": 0.0, \"avg_logprob\": -0.25082284212112427, \"compression_ratio\": 1.8125, \"no_speech_prob\": 0.004069617949426174}, {\"id\": 14, \"seek\": 2948, \"start\": 29.479999542236328, \"end\": 31.440000534057617, \"text\": \" three-letter identifier that you can come up.\", \"tokens\": [50364, 1045, 12, 21248, 45690, 300, 291, 393, 808, 493, 13, 50462], \"temperature\": 0.0, \"avg_logprob\": -0.2826261818408966, \"compression_ratio\": 1.6953846216201782, \"no_speech_prob\": 0.006797476205974817}, {\"id\": 15, \"seek\": 2948, \"start\": 31.440000534057617, \"end\": 32.84000015258789, \"text\": \" What you mean to say is like,\", \"tokens\": [50462, 708, 291, 914, 281, 584, 307, 411, 11, 50532], \"temperature\": 0.0, \"avg_logprob\": -0.2826261818408966, \"compression_ratio\": 1.6953846216201782, \"no_speech_prob\": 0.006797476205974817}, {\"id\": 16, \"seek\": 2948, \"start\": 32.84000015258789, \"end\": 36.560001373291016, \"text\": \" black book operations, like off-the-book operations.\", \"tokens\": [50532, 2211, 1446, 7705, 11, 411, 766, 12, 3322, 12, 2939, 7705, 13, 50718], \"temperature\": 0.0, \"avg_logprob\": -0.2826261818408966, \"compression_ratio\": 1.6953846216201782, \"no_speech_prob\": 0.006797476205974817}, {\"id\": 17, \"seek\": 2948, \"start\": 36.560001373291016, \"end\": 40.599998474121094, \"text\": \" But you're putting that whole category into CIA.\", \"tokens\": [50718, 583, 291, 434, 3372, 300, 1379, 7719, 666, 25143, 13, 50920], \"temperature\": 0.0, \"avg_logprob\": -0.2826261818408966, \"compression_ratio\": 1.6953846216201782, \"no_speech_prob\": 0.006797476205974817}, {\"id\": 18, \"seek\": 2948, \"start\": 40.599998474121094, \"end\": 42.439998626708984, \"text\": \" And that's what people, the CIA is.\", \"tokens\": [50920, 400, 300, 311, 437, 561, 11, 264, 25143, 307, 13, 51012], \"temperature\": 0.0, \"avg_logprob\": -0.2826261818408966, \"compression_ratio\": 1.6953846216201782, \"no_speech_prob\": 0.006797476205974817}, {\"id\": 19, \"seek\": 2948, \"start\": 42.439998626708984, \"end\": 44.720001220703125, \"text\": \" You know what gets me is the people that are living\", \"tokens\": [51012, 509, 458, 437, 2170, 385, 307, 264, 561, 300, 366, 2647, 51126], \"temperature\": 0.0, \"avg_logprob\": -0.2826261818408966, \"compression_ratio\": 1.6953846216201782, \"no_speech_prob\": 0.006797476205974817}, {\"id\": 20, \"seek\": 2948, \"start\": 44.720001220703125, \"end\": 46.15999984741211, \"text\": \" in a trailer park and they're like,\", \"tokens\": [51126, 294, 257, 11724, 3884, 293, 436, 434, 411, 11, 51198], \"temperature\": 0.0, \"avg_logprob\": -0.2826261818408966, \"compression_ratio\": 1.6953846216201782, \"no_speech_prob\": 0.006797476205974817}, {\"id\": 21, \"seek\": 2948, \"start\": 46.15999984741211, \"end\": 47.15999984741211, \"text\": \" the CIA is watching me.\", \"tokens\": [51198, 264, 25143, 307, 1976, 385, 13, 51248], \"temperature\": 0.0, \"avg_logprob\": -0.2826261818408966, \"compression_ratio\": 1.6953846216201782, \"no_speech_prob\": 0.006797476205974817}, {\"id\": 22, \"seek\": 2948, \"start\": 47.15999984741211, \"end\": 50.0, \"text\": \" I'm like, yeah, the CIA is spending tax dollars\", \"tokens\": [51248, 286, 478, 411, 11, 1338, 11, 264, 25143, 307, 6434, 3366, 3808, 51390], \"temperature\": 0.0, \"avg_logprob\": -0.2826261818408966, \"compression_ratio\": 1.6953846216201782, \"no_speech_prob\": 0.006797476205974817}, {\"id\": 23, \"seek\": 2948, \"start\": 50.0, \"end\": 52.63999938964844, \"text\": \" to look at you because you have a fringe website\", \"tokens\": [51390, 281, 574, 412, 291, 570, 291, 362, 257, 38764, 3144, 51522], \"temperature\": 0.0, \"avg_logprob\": -0.2826261818408966, \"compression_ratio\": 1.6953846216201782, \"no_speech_prob\": 0.006797476205974817}, {\"id\": 24, \"seek\": 2948, \"start\": 52.63999938964844, \"end\": 54.68000030517578, \"text\": \" with 30 people a month looking at it.\", \"tokens\": [51522, 365, 2217, 561, 257, 1618, 1237, 412, 309, 13, 51624], \"temperature\": 0.0, \"avg_logprob\": -0.2826261818408966, \"compression_ratio\": 1.6953846216201782, \"no_speech_prob\": 0.006797476205974817}, {\"id\": 25, \"seek\": 2948, \"start\": 54.68000030517578, \"end\": 55.720001220703125, \"text\": \" This is madness, man.\", \"tokens\": [51624, 639, 307, 28736, 11, 587, 13, 51676], \"temperature\": 0.0, \"avg_logprob\": -0.2826261818408966, \"compression_ratio\": 1.6953846216201782, \"no_speech_prob\": 0.006797476205974817}, {\"id\": 26, \"seek\": 2948, \"start\": 55.720001220703125, \"end\": 56.560001373291016, \"text\": \" It's just really.\", \"tokens\": [51676, 467, 311, 445, 534, 13, 51718], \"temperature\": 0.0, \"avg_logprob\": -0.2826261818408966, \"compression_ratio\": 1.6953846216201782, \"no_speech_prob\": 0.006797476205974817}, {\"id\": 27, \"seek\": 2948, \"start\": 56.560001373291016, \"end\": 59.119998931884766, \"text\": \" My show does good numbers and I'm never once like,\", \"tokens\": [51718, 1222, 855, 775, 665, 3547, 293, 286, 478, 1128, 1564, 411, 11, 51846], \"temperature\": 0.0, \"avg_logprob\": -0.2826261818408966, \"compression_ratio\": 1.6953846216201782, \"no_speech_prob\": 0.006797476205974817}, {\"id\": 28, \"seek\": 5912, \"start\": 59.720001220703125, \"end\": 61.52000045776367, \"text\": \" George, did you see the CIA is outside?\", \"tokens\": [50394, 7136, 11, 630, 291, 536, 264, 25143, 307, 2380, 30, 50484], \"temperature\": 0.0, \"avg_logprob\": -0.240514874458313, \"compression_ratio\": 1.8338192701339722, \"no_speech_prob\": 0.04603264108300209}, {\"id\": 29, \"seek\": 5912, \"start\": 61.52000045776367, \"end\": 63.279998779296875, \"text\": \" Oh, right of passage.\", \"tokens\": [50484, 876, 11, 558, 295, 11497, 13, 50572], \"temperature\": 0.0, \"avg_logprob\": -0.240514874458313, \"compression_ratio\": 1.8338192701339722, \"no_speech_prob\": 0.04603264108300209}, {\"id\": 30, \"seek\": 5912, \"start\": 63.279998779296875, \"end\": 64.91999816894531, \"text\": \" As long as the CIA sends me super chats,\", \"tokens\": [50572, 1018, 938, 382, 264, 25143, 14790, 385, 1687, 38057, 11, 50654], \"temperature\": 0.0, \"avg_logprob\": -0.240514874458313, \"compression_ratio\": 1.8338192701339722, \"no_speech_prob\": 0.04603264108300209}, {\"id\": 31, \"seek\": 5912, \"start\": 64.91999816894531, \"end\": 65.91999816894531, \"text\": \" I don't give a fuck.\", \"tokens\": [50654, 286, 500, 380, 976, 257, 3275, 13, 50704], \"temperature\": 0.0, \"avg_logprob\": -0.240514874458313, \"compression_ratio\": 1.8338192701339722, \"no_speech_prob\": 0.04603264108300209}, {\"id\": 32, \"seek\": 5912, \"start\": 65.91999816894531, \"end\": 66.76000213623047, \"text\": \" That's my point.\", \"tokens\": [50704, 663, 311, 452, 935, 13, 50746], \"temperature\": 0.0, \"avg_logprob\": -0.240514874458313, \"compression_ratio\": 1.8338192701339722, \"no_speech_prob\": 0.04603264108300209}, {\"id\": 33, \"seek\": 5912, \"start\": 66.76000213623047, \"end\": 68.72000122070312, \"text\": \" I wish the CIA, apparently CIA is known\", \"tokens\": [50746, 286, 3172, 264, 25143, 11, 7970, 25143, 307, 2570, 50844], \"temperature\": 0.0, \"avg_logprob\": -0.240514874458313, \"compression_ratio\": 1.8338192701339722, \"no_speech_prob\": 0.04603264108300209}, {\"id\": 34, \"seek\": 5912, \"start\": 68.72000122070312, \"end\": 70.5199966430664, \"text\": \" for sending weapons to guerrilla units.\", \"tokens\": [50844, 337, 7750, 7278, 281, 14486, 81, 5291, 6815, 13, 50934], \"temperature\": 0.0, \"avg_logprob\": -0.240514874458313, \"compression_ratio\": 1.8338192701339722, \"no_speech_prob\": 0.04603264108300209}, {\"id\": 35, \"seek\": 5912, \"start\": 70.5199966430664, \"end\": 72.08000183105469, \"text\": \" I wish they would send me some weapons.\", \"tokens\": [50934, 286, 3172, 436, 576, 2845, 385, 512, 7278, 13, 51012], \"temperature\": 0.0, \"avg_logprob\": -0.240514874458313, \"compression_ratio\": 1.8338192701339722, \"no_speech_prob\": 0.04603264108300209}, {\"id\": 36, \"seek\": 5912, \"start\": 72.08000183105469, \"end\": 73.0, \"text\": \" That'd be pretty cool.\", \"tokens\": [51012, 663, 1116, 312, 1238, 1627, 13, 51058], \"temperature\": 0.0, \"avg_logprob\": -0.240514874458313, \"compression_ratio\": 1.8338192701339722, \"no_speech_prob\": 0.04603264108300209}, {\"id\": 37, \"seek\": 5912, \"start\": 73.0, \"end\": 74.83999633789062, \"text\": \" Send me some AKs, I'll take them.\", \"tokens\": [51058, 17908, 385, 512, 24789, 82, 11, 286, 603, 747, 552, 13, 51150], \"temperature\": 0.0, \"avg_logprob\": -0.240514874458313, \"compression_ratio\": 1.8338192701339722, \"no_speech_prob\": 0.04603264108300209}, {\"id\": 38, \"seek\": 5912, \"start\": 74.83999633789062, \"end\": 77.36000061035156, \"text\": \" My point is like, is the CIA why your relationship\", \"tokens\": [51150, 1222, 935, 307, 411, 11, 307, 264, 25143, 983, 428, 2480, 51276], \"temperature\": 0.0, \"avg_logprob\": -0.240514874458313, \"compression_ratio\": 1.8338192701339722, \"no_speech_prob\": 0.04603264108300209}, {\"id\": 39, \"seek\": 5912, \"start\": 77.36000061035156, \"end\": 78.63999938964844, \"text\": \" with your family's bad?\", \"tokens\": [51276, 365, 428, 1605, 311, 1578, 30, 51340], \"temperature\": 0.0, \"avg_logprob\": -0.240514874458313, \"compression_ratio\": 1.8338192701339722, \"no_speech_prob\": 0.04603264108300209}, {\"id\": 40, \"seek\": 5912, \"start\": 78.63999938964844, \"end\": 79.4800033569336, \"text\": \" Is the CIA.\", \"tokens\": [51340, 1119, 264, 25143, 13, 51382], \"temperature\": 0.0, \"avg_logprob\": -0.240514874458313, \"compression_ratio\": 1.8338192701339722, \"no_speech_prob\": 0.04603264108300209}, {\"id\": 41, \"seek\": 5912, \"start\": 79.4800033569336, \"end\": 80.5199966430664, \"text\": \" Is it the reason why your parents go,\", \"tokens\": [51382, 1119, 309, 264, 1778, 983, 428, 3152, 352, 11, 51434], \"temperature\": 0.0, \"avg_logprob\": -0.240514874458313, \"compression_ratio\": 1.8338192701339722, \"no_speech_prob\": 0.04603264108300209}, {\"id\": 42, \"seek\": 5912, \"start\": 80.5199966430664, \"end\": 81.5999984741211, \"text\": \" why haven't you got a job?\", \"tokens\": [51434, 983, 2378, 380, 291, 658, 257, 1691, 30, 51488], \"temperature\": 0.0, \"avg_logprob\": -0.240514874458313, \"compression_ratio\": 1.8338192701339722, \"no_speech_prob\": 0.04603264108300209}, {\"id\": 43, \"seek\": 5912, \"start\": 81.5999984741211, \"end\": 83.4000015258789, \"text\": \" It's the sixth Thanksgiving in a row\", \"tokens\": [51488, 467, 311, 264, 15102, 21230, 294, 257, 5386, 51578], \"temperature\": 0.0, \"avg_logprob\": -0.240514874458313, \"compression_ratio\": 1.8338192701339722, \"no_speech_prob\": 0.04603264108300209}, {\"id\": 44, \"seek\": 5912, \"start\": 83.4000015258789, \"end\": 84.23999786376953, \"text\": \" that you're sitting here.\", \"tokens\": [51578, 300, 291, 434, 3798, 510, 13, 51620], \"temperature\": 0.0, \"avg_logprob\": -0.240514874458313, \"compression_ratio\": 1.8338192701339722, \"no_speech_prob\": 0.04603264108300209}, {\"id\": 45, \"seek\": 5912, \"start\": 84.23999786376953, \"end\": 86.4000015258789, \"text\": \" Is the CIA the reason why your girlfriend cheated on you?\", \"tokens\": [51620, 1119, 264, 25143, 264, 1778, 983, 428, 10369, 28079, 322, 291, 30, 51728], \"temperature\": 0.0, \"avg_logprob\": -0.240514874458313, \"compression_ratio\": 1.8338192701339722, \"no_speech_prob\": 0.04603264108300209}, {\"id\": 46, \"seek\": 5912, \"start\": 86.4000015258789, \"end\": 88.0, \"text\": \" Is the CIA the reason why you're poor?\", \"tokens\": [51728, 1119, 264, 25143, 264, 1778, 983, 291, 434, 4716, 30, 51808], \"temperature\": 0.0, \"avg_logprob\": -0.240514874458313, \"compression_ratio\": 1.8338192701339722, \"no_speech_prob\": 0.04603264108300209}, {\"id\": 47, \"seek\": 8800, \"start\": 89.0, \"end\": 90.31999969482422, \"text\": \" That's my only question.\", \"tokens\": [50414, 663, 311, 452, 787, 1168, 13, 50480], \"temperature\": 0.0, \"avg_logprob\": -0.2591070234775543, \"compression_ratio\": 1.734513282775879, \"no_speech_prob\": 0.0008558925474062562}, {\"id\": 48, \"seek\": 8800, \"start\": 90.31999969482422, \"end\": 91.72000122070312, \"text\": \" And there's a lot of people that are gonna listen\", \"tokens\": [50480, 400, 456, 311, 257, 688, 295, 561, 300, 366, 799, 2140, 50550], \"temperature\": 0.0, \"avg_logprob\": -0.2591070234775543, \"compression_ratio\": 1.734513282775879, \"no_speech_prob\": 0.0008558925474062562}, {\"id\": 49, \"seek\": 8800, \"start\": 91.72000122070312, \"end\": 92.55999755859375, \"text\": \" to what I'm saying right now.\", \"tokens\": [50550, 281, 437, 286, 478, 1566, 558, 586, 13, 50592], \"temperature\": 0.0, \"avg_logprob\": -0.2591070234775543, \"compression_ratio\": 1.734513282775879, \"no_speech_prob\": 0.0008558925474062562}, {\"id\": 50, \"seek\": 8800, \"start\": 92.55999755859375, \"end\": 94.16000366210938, \"text\": \" They're gonna get real sensitive to this.\", \"tokens\": [50592, 814, 434, 799, 483, 957, 9477, 281, 341, 13, 50672], \"temperature\": 0.0, \"avg_logprob\": -0.2591070234775543, \"compression_ratio\": 1.734513282775879, \"no_speech_prob\": 0.0008558925474062562}, {\"id\": 51, \"seek\": 8800, \"start\": 94.16000366210938, \"end\": 95.4800033569336, \"text\": \" Because what I'm saying is the truth.\", \"tokens\": [50672, 1436, 437, 286, 478, 1566, 307, 264, 3494, 13, 50738], \"temperature\": 0.0, \"avg_logprob\": -0.2591070234775543, \"compression_ratio\": 1.734513282775879, \"no_speech_prob\": 0.0008558925474062562}, {\"id\": 52, \"seek\": 8800, \"start\": 95.4800033569336, \"end\": 97.04000091552734, \"text\": \" It's gonna hit a little too hard.\", \"tokens\": [50738, 467, 311, 799, 2045, 257, 707, 886, 1152, 13, 50816], \"temperature\": 0.0, \"avg_logprob\": -0.2591070234775543, \"compression_ratio\": 1.734513282775879, \"no_speech_prob\": 0.0008558925474062562}, {\"id\": 53, \"seek\": 8800, \"start\": 97.04000091552734, \"end\": 98.83999633789062, \"text\": \" And they're not gonna be like, damn.\", \"tokens\": [50816, 400, 436, 434, 406, 799, 312, 411, 11, 8151, 13, 50906], \"temperature\": 0.0, \"avg_logprob\": -0.2591070234775543, \"compression_ratio\": 1.734513282775879, \"no_speech_prob\": 0.0008558925474062562}, {\"id\": 54, \"seek\": 8800, \"start\": 100.16000366210938, \"end\": 102.68000030517578, \"text\": \" I know Bush planned 9-11, but maybe he's right.\", \"tokens\": [50972, 286, 458, 15782, 8589, 1722, 12, 5348, 11, 457, 1310, 415, 311, 558, 13, 51098], \"temperature\": 0.0, \"avg_logprob\": -0.2591070234775543, \"compression_ratio\": 1.734513282775879, \"no_speech_prob\": 0.0008558925474062562}, {\"id\": 55, \"seek\": 8800, \"start\": 102.68000030517578, \"end\": 104.4800033569336, \"text\": \" Maybe I should get off my mom's couch.\", \"tokens\": [51098, 2704, 286, 820, 483, 766, 452, 1225, 311, 16511, 13, 51188], \"temperature\": 0.0, \"avg_logprob\": -0.2591070234775543, \"compression_ratio\": 1.734513282775879, \"no_speech_prob\": 0.0008558925474062562}, {\"id\": 56, \"seek\": 8800, \"start\": 104.4800033569336, \"end\": 105.4000015258789, \"text\": \" You know what I'm saying?\", \"tokens\": [51188, 509, 458, 437, 286, 478, 1566, 30, 51234], \"temperature\": 0.0, \"avg_logprob\": -0.2591070234775543, \"compression_ratio\": 1.734513282775879, \"no_speech_prob\": 0.0008558925474062562}, {\"id\": 57, \"seek\": 8800, \"start\": 105.4000015258789, \"end\": 106.23999786376953, \"text\": \" Like it's just one of these.\", \"tokens\": [51234, 1743, 309, 311, 445, 472, 295, 613, 13, 51276], \"temperature\": 0.0, \"avg_logprob\": -0.2591070234775543, \"compression_ratio\": 1.734513282775879, \"no_speech_prob\": 0.0008558925474062562}, {\"id\": 58, \"seek\": 8800, \"start\": 106.23999786376953, \"end\": 107.08000183105469, \"text\": \" Would it hurt?\", \"tokens\": [51276, 6068, 309, 4607, 30, 51318], \"temperature\": 0.0, \"avg_logprob\": -0.2591070234775543, \"compression_ratio\": 1.734513282775879, \"no_speech_prob\": 0.0008558925474062562}, {\"id\": 59, \"seek\": 8800, \"start\": 107.08000183105469, \"end\": 107.91999816894531, \"text\": \" That's the issue.\", \"tokens\": [51318, 663, 311, 264, 2734, 13, 51360], \"temperature\": 0.0, \"avg_logprob\": -0.2591070234775543, \"compression_ratio\": 1.734513282775879, \"no_speech_prob\": 0.0008558925474062562}, {\"id\": 60, \"seek\": 8800, \"start\": 109.04000091552734, \"end\": 111.87999725341797, \"text\": \" The only part, the part of the conspiracy theory thing\", \"tokens\": [51416, 440, 787, 644, 11, 264, 644, 295, 264, 20439, 5261, 551, 51558], \"temperature\": 0.0, \"avg_logprob\": -0.2591070234775543, \"compression_ratio\": 1.734513282775879, \"no_speech_prob\": 0.0008558925474062562}, {\"id\": 61, \"seek\": 8800, \"start\": 111.87999725341797, \"end\": 115.27999877929688, \"text\": \" that frightens me is how people just put this warm blanket\", \"tokens\": [51558, 300, 15545, 694, 385, 307, 577, 561, 445, 829, 341, 4561, 17907, 51728], \"temperature\": 0.0, \"avg_logprob\": -0.2591070234775543, \"compression_ratio\": 1.734513282775879, \"no_speech_prob\": 0.0008558925474062562}, {\"id\": 62, \"seek\": 8800, \"start\": 115.27999877929688, \"end\": 117.5999984741211, \"text\": \" of victimhood around them and then use that\", \"tokens\": [51728, 295, 6760, 3809, 926, 552, 293, 550, 764, 300, 51844], \"temperature\": 0.0, \"avg_logprob\": -0.2591070234775543, \"compression_ratio\": 1.734513282775879, \"no_speech_prob\": 0.0008558925474062562}, {\"id\": 63, \"seek\": 11760, \"start\": 118.19999694824219, \"end\": 119.36000061035156, \"text\": \" for explanations for everything that goes on in their life.\", \"tokens\": [50394, 337, 28708, 337, 1203, 300, 1709, 322, 294, 641, 993, 13, 50452], \"temperature\": 0.0, \"avg_logprob\": -0.2045665979385376, \"compression_ratio\": 1.804093599319458, \"no_speech_prob\": 0.002590939635410905}, {\"id\": 64, \"seek\": 11760, \"start\": 119.36000061035156, \"end\": 121.16000366210938, \"text\": \" And if it comes off like I'm very serious,\", \"tokens\": [50452, 400, 498, 309, 1487, 766, 411, 286, 478, 588, 3156, 11, 50542], \"temperature\": 0.0, \"avg_logprob\": -0.2045665979385376, \"compression_ratio\": 1.804093599319458, \"no_speech_prob\": 0.002590939635410905}, {\"id\": 65, \"seek\": 11760, \"start\": 121.16000366210938, \"end\": 122.68000030517578, \"text\": \" it's because I'm a performance coach.\", \"tokens\": [50542, 309, 311, 570, 286, 478, 257, 3389, 6560, 13, 50618], \"temperature\": 0.0, \"avg_logprob\": -0.2045665979385376, \"compression_ratio\": 1.804093599319458, \"no_speech_prob\": 0.002590939635410905}, {\"id\": 66, \"seek\": 11760, \"start\": 122.68000030517578, \"end\": 125.83999633789062, \"text\": \" And I see these men who like ruin their lives\", \"tokens\": [50618, 400, 286, 536, 613, 1706, 567, 411, 15514, 641, 2909, 50776], \"temperature\": 0.0, \"avg_logprob\": -0.2045665979385376, \"compression_ratio\": 1.804093599319458, \"no_speech_prob\": 0.002590939635410905}, {\"id\": 67, \"seek\": 11760, \"start\": 125.83999633789062, \"end\": 128.1199951171875, \"text\": \" because they just fall into this victim mentality\", \"tokens\": [50776, 570, 436, 445, 2100, 666, 341, 6760, 21976, 50890], \"temperature\": 0.0, \"avg_logprob\": -0.2045665979385376, \"compression_ratio\": 1.804093599319458, \"no_speech_prob\": 0.002590939635410905}, {\"id\": 68, \"seek\": 11760, \"start\": 128.1199951171875, \"end\": 130.8000030517578, \"text\": \" rather than becoming productive members of society\", \"tokens\": [50890, 2831, 813, 5617, 13304, 2679, 295, 4086, 51024], \"temperature\": 0.0, \"avg_logprob\": -0.2045665979385376, \"compression_ratio\": 1.804093599319458, \"no_speech_prob\": 0.002590939635410905}, {\"id\": 69, \"seek\": 11760, \"start\": 130.8000030517578, \"end\": 132.8000030517578, \"text\": \" who can actually provide for a family.\", \"tokens\": [51024, 567, 393, 767, 2893, 337, 257, 1605, 13, 51124], \"temperature\": 0.0, \"avg_logprob\": -0.2045665979385376, \"compression_ratio\": 1.804093599319458, \"no_speech_prob\": 0.002590939635410905}, {\"id\": 70, \"seek\": 11760, \"start\": 132.8000030517578, \"end\": 136.3000030517578, \"text\": \" Instead they just go into these ridiculous,\", \"tokens\": [51124, 7156, 436, 445, 352, 666, 613, 11083, 11, 51299], \"temperature\": 0.0, \"avg_logprob\": -0.2045665979385376, \"compression_ratio\": 1.804093599319458, \"no_speech_prob\": 0.002590939635410905}, {\"id\": 71, \"seek\": 11760, \"start\": 136.3000030517578, \"end\": 137.8000030517578, \"text\": \" you know what, they're not even ridiculous.\", \"tokens\": [51299, 291, 458, 437, 11, 436, 434, 406, 754, 11083, 13, 51374], \"temperature\": 0.0, \"avg_logprob\": -0.2045665979385376, \"compression_ratio\": 1.804093599319458, \"no_speech_prob\": 0.002590939635410905}, {\"id\": 72, \"seek\": 11760, \"start\": 137.8000030517578, \"end\": 139.67999267578125, \"text\": \" I mean if enough people believe them around you\", \"tokens\": [51374, 286, 914, 498, 1547, 561, 1697, 552, 926, 291, 51468], \"temperature\": 0.0, \"avg_logprob\": -0.2045665979385376, \"compression_ratio\": 1.804093599319458, \"no_speech_prob\": 0.002590939635410905}, {\"id\": 73, \"seek\": 11760, \"start\": 139.67999267578125, \"end\": 141.6999969482422, \"text\": \" that you respect it, I guess it's not ridiculous.\", \"tokens\": [51468, 300, 291, 3104, 309, 11, 286, 2041, 309, 311, 406, 11083, 13, 51569], \"temperature\": 0.0, \"avg_logprob\": -0.2045665979385376, \"compression_ratio\": 1.804093599319458, \"no_speech_prob\": 0.002590939635410905}, {\"id\": 74, \"seek\": 11760, \"start\": 141.6999969482422, \"end\": 143.55999755859375, \"text\": \" But there's no evidence to support\", \"tokens\": [51569, 583, 456, 311, 572, 4467, 281, 1406, 51662], \"temperature\": 0.0, \"avg_logprob\": -0.2045665979385376, \"compression_ratio\": 1.804093599319458, \"no_speech_prob\": 0.002590939635410905}, {\"id\": 75, \"seek\": 11760, \"start\": 143.55999755859375, \"end\": 145.27999877929688, \"text\": \" some of these conspiracies that people have.\", \"tokens\": [51662, 512, 295, 613, 17719, 20330, 300, 561, 362, 13, 51748], \"temperature\": 0.0, \"avg_logprob\": -0.2045665979385376, \"compression_ratio\": 1.804093599319458, \"no_speech_prob\": 0.002590939635410905}, {\"id\": 76, \"seek\": 11760, \"start\": 145.27999877929688, \"end\": 146.16000366210938, \"text\": \" I don't even blame them.\", \"tokens\": [51748, 286, 500, 380, 754, 10127, 552, 13, 51792], \"temperature\": 0.0, \"avg_logprob\": -0.2045665979385376, \"compression_ratio\": 1.804093599319458, \"no_speech_prob\": 0.002590939635410905}, {\"id\": 77, \"seek\": 14616, \"start\": 147.0399932861328, \"end\": 148.63999938964844, \"text\": \" If you don't have a background in science,\", \"tokens\": [50408, 759, 291, 500, 380, 362, 257, 3678, 294, 3497, 11, 50488], \"temperature\": 0.0, \"avg_logprob\": -0.2841155230998993, \"compression_ratio\": 1.7281553745269775, \"no_speech_prob\": 0.008985305204987526}, {\"id\": 78, \"seek\": 14616, \"start\": 148.63999938964844, \"end\": 149.83999633789062, \"text\": \" then of course you're just gonna believe\", \"tokens\": [50488, 550, 295, 1164, 291, 434, 445, 799, 1697, 50548], \"temperature\": 0.0, \"avg_logprob\": -0.2841155230998993, \"compression_ratio\": 1.7281553745269775, \"no_speech_prob\": 0.008985305204987526}, {\"id\": 79, \"seek\": 14616, \"start\": 149.83999633789062, \"end\": 150.67999267578125, \"text\": \" in this kind of stuff.\", \"tokens\": [50548, 294, 341, 733, 295, 1507, 13, 50590], \"temperature\": 0.0, \"avg_logprob\": -0.2841155230998993, \"compression_ratio\": 1.7281553745269775, \"no_speech_prob\": 0.008985305204987526}, {\"id\": 80, \"seek\": 14616, \"start\": 150.67999267578125, \"end\": 152.1199951171875, \"text\": \" So that's essentially what happens.\", \"tokens\": [50590, 407, 300, 311, 4476, 437, 2314, 13, 50662], \"temperature\": 0.0, \"avg_logprob\": -0.2841155230998993, \"compression_ratio\": 1.7281553745269775, \"no_speech_prob\": 0.008985305204987526}, {\"id\": 81, \"seek\": 14616, \"start\": 152.1199951171875, \"end\": 153.24000549316406, \"text\": \" I don't have a background.\", \"tokens\": [50662, 286, 500, 380, 362, 257, 3678, 13, 50718], \"temperature\": 0.0, \"avg_logprob\": -0.2841155230998993, \"compression_ratio\": 1.7281553745269775, \"no_speech_prob\": 0.008985305204987526}, {\"id\": 82, \"seek\": 14616, \"start\": 153.24000549316406, \"end\": 154.83999633789062, \"text\": \" I wouldn't say George and I have a.\", \"tokens\": [50718, 286, 2759, 380, 584, 7136, 293, 286, 362, 257, 13, 50798], \"temperature\": 0.0, \"avg_logprob\": -0.2841155230998993, \"compression_ratio\": 1.7281553745269775, \"no_speech_prob\": 0.008985305204987526}, {\"id\": 83, \"seek\": 14616, \"start\": 154.83999633789062, \"end\": 156.36000061035156, \"text\": \" No, no, no, you do have a background.\", \"tokens\": [50798, 883, 11, 572, 11, 572, 11, 291, 360, 362, 257, 3678, 13, 50874], \"temperature\": 0.0, \"avg_logprob\": -0.2841155230998993, \"compression_ratio\": 1.7281553745269775, \"no_speech_prob\": 0.008985305204987526}, {\"id\": 84, \"seek\": 14616, \"start\": 156.36000061035156, \"end\": 158.60000610351562, \"text\": \" You guys understand that there is something called gravity.\", \"tokens\": [50874, 509, 1074, 1223, 300, 456, 307, 746, 1219, 12110, 13, 50986], \"temperature\": 0.0, \"avg_logprob\": -0.2841155230998993, \"compression_ratio\": 1.7281553745269775, \"no_speech_prob\": 0.008985305204987526}, {\"id\": 85, \"seek\": 14616, \"start\": 158.60000610351562, \"end\": 159.8000030517578, \"text\": \" You guys understand.\", \"tokens\": [50986, 509, 1074, 1223, 13, 51046], \"temperature\": 0.0, \"avg_logprob\": -0.2841155230998993, \"compression_ratio\": 1.7281553745269775, \"no_speech_prob\": 0.008985305204987526}, {\"id\": 86, \"seek\": 14616, \"start\": 159.8000030517578, \"end\": 161.8800048828125, \"text\": \" So we just paid attention in high school is what you mean.\", \"tokens\": [51046, 407, 321, 445, 4835, 3202, 294, 1090, 1395, 307, 437, 291, 914, 13, 51150], \"temperature\": 0.0, \"avg_logprob\": -0.2841155230998993, \"compression_ratio\": 1.7281553745269775, \"no_speech_prob\": 0.008985305204987526}, {\"id\": 87, \"seek\": 14616, \"start\": 161.8800048828125, \"end\": 163.72000122070312, \"text\": \" Like here's a huge one.\", \"tokens\": [51150, 1743, 510, 311, 257, 2603, 472, 13, 51242], \"temperature\": 0.0, \"avg_logprob\": -0.2841155230998993, \"compression_ratio\": 1.7281553745269775, \"no_speech_prob\": 0.008985305204987526}, {\"id\": 88, \"seek\": 14616, \"start\": 163.72000122070312, \"end\": 165.9600067138672, \"text\": \" The reason why we had so much confusion\", \"tokens\": [51242, 440, 1778, 983, 321, 632, 370, 709, 15075, 51354], \"temperature\": 0.0, \"avg_logprob\": -0.2841155230998993, \"compression_ratio\": 1.7281553745269775, \"no_speech_prob\": 0.008985305204987526}, {\"id\": 89, \"seek\": 14616, \"start\": 165.9600067138672, \"end\": 170.9600067138672, \"text\": \" over these anti-parasitic medications\", \"tokens\": [51354, 670, 613, 6061, 12, 2181, 296, 44592, 17504, 51604], \"temperature\": 0.0, \"avg_logprob\": -0.2841155230998993, \"compression_ratio\": 1.7281553745269775, \"no_speech_prob\": 0.008985305204987526}, {\"id\": 90, \"seek\": 14616, \"start\": 171.67999267578125, \"end\": 173.52000427246094, \"text\": \" and started thinking they were gonna cure COVID.\", \"tokens\": [51640, 293, 1409, 1953, 436, 645, 799, 13698, 4566, 13, 51732], \"temperature\": 0.0, \"avg_logprob\": -0.2841155230998993, \"compression_ratio\": 1.7281553745269775, \"no_speech_prob\": 0.008985305204987526}, {\"id\": 91, \"seek\": 17352, \"start\": 173.55999755859375, \"end\": 176.9600067138672, \"text\": \" It's because one of the problems is people don't know.\", \"tokens\": [50366, 467, 311, 570, 472, 295, 264, 2740, 307, 561, 500, 380, 458, 13, 50536], \"temperature\": 0.0, \"avg_logprob\": -0.2492758333683014, \"compression_ratio\": 1.9179331064224243, \"no_speech_prob\": 0.0005033338093198836}, {\"id\": 92, \"seek\": 17352, \"start\": 176.9600067138672, \"end\": 178.75999450683594, \"text\": \" Have you ever seen a guy who gets the flu\", \"tokens\": [50536, 3560, 291, 1562, 1612, 257, 2146, 567, 2170, 264, 5029, 50626], \"temperature\": 0.0, \"avg_logprob\": -0.2492758333683014, \"compression_ratio\": 1.9179331064224243, \"no_speech_prob\": 0.0005033338093198836}, {\"id\": 93, \"seek\": 17352, \"start\": 178.75999450683594, \"end\": 181.63999938964844, \"text\": \" and tries to get a Z-Pak from the doctor?\", \"tokens\": [50626, 293, 9898, 281, 483, 257, 1176, 12, 47, 514, 490, 264, 4631, 30, 50770], \"temperature\": 0.0, \"avg_logprob\": -0.2492758333683014, \"compression_ratio\": 1.9179331064224243, \"no_speech_prob\": 0.0005033338093198836}, {\"id\": 94, \"seek\": 17352, \"start\": 181.63999938964844, \"end\": 182.9600067138672, \"text\": \" Because they don't understand the difference\", \"tokens\": [50770, 1436, 436, 500, 380, 1223, 264, 2649, 50836], \"temperature\": 0.0, \"avg_logprob\": -0.2492758333683014, \"compression_ratio\": 1.9179331064224243, \"no_speech_prob\": 0.0005033338093198836}, {\"id\": 95, \"seek\": 17352, \"start\": 182.9600067138672, \"end\": 185.39999389648438, \"text\": \" between an antibiotic and an antiviral.\", \"tokens\": [50836, 1296, 364, 37828, 293, 364, 2511, 592, 35083, 13, 50958], \"temperature\": 0.0, \"avg_logprob\": -0.2492758333683014, \"compression_ratio\": 1.9179331064224243, \"no_speech_prob\": 0.0005033338093198836}, {\"id\": 96, \"seek\": 17352, \"start\": 185.39999389648438, \"end\": 186.67999267578125, \"text\": \" They don't understand the difference\", \"tokens\": [50958, 814, 500, 380, 1223, 264, 2649, 51022], \"temperature\": 0.0, \"avg_logprob\": -0.2492758333683014, \"compression_ratio\": 1.9179331064224243, \"no_speech_prob\": 0.0005033338093198836}, {\"id\": 97, \"seek\": 17352, \"start\": 186.67999267578125, \"end\": 188.27999877929688, \"text\": \" between Tamiflu and a Z-Pak.\", \"tokens\": [51022, 1296, 8540, 351, 2781, 293, 257, 1176, 12, 47, 514, 13, 51102], \"temperature\": 0.0, \"avg_logprob\": -0.2492758333683014, \"compression_ratio\": 1.9179331064224243, \"no_speech_prob\": 0.0005033338093198836}, {\"id\": 98, \"seek\": 17352, \"start\": 188.27999877929688, \"end\": 189.27999877929688, \"text\": \" They think it's all the same.\", \"tokens\": [51102, 814, 519, 309, 311, 439, 264, 912, 13, 51152], \"temperature\": 0.0, \"avg_logprob\": -0.2492758333683014, \"compression_ratio\": 1.9179331064224243, \"no_speech_prob\": 0.0005033338093198836}, {\"id\": 99, \"seek\": 17352, \"start\": 189.27999877929688, \"end\": 191.1199951171875, \"text\": \" They think bacteria and virus are the same thing.\", \"tokens\": [51152, 814, 519, 11763, 293, 5752, 366, 264, 912, 551, 13, 51244], \"temperature\": 0.0, \"avg_logprob\": -0.2492758333683014, \"compression_ratio\": 1.9179331064224243, \"no_speech_prob\": 0.0005033338093198836}, {\"id\": 100, \"seek\": 17352, \"start\": 191.1199951171875, \"end\": 192.27999877929688, \"text\": \" They just think medicine is medicine.\", \"tokens\": [51244, 814, 445, 519, 7195, 307, 7195, 13, 51302], \"temperature\": 0.0, \"avg_logprob\": -0.2492758333683014, \"compression_ratio\": 1.9179331064224243, \"no_speech_prob\": 0.0005033338093198836}, {\"id\": 101, \"seek\": 17352, \"start\": 192.27999877929688, \"end\": 193.27999877929688, \"text\": \" Correct, that's exactly right.\", \"tokens\": [51302, 12753, 11, 300, 311, 2293, 558, 13, 51352], \"temperature\": 0.0, \"avg_logprob\": -0.2492758333683014, \"compression_ratio\": 1.9179331064224243, \"no_speech_prob\": 0.0005033338093198836}, {\"id\": 102, \"seek\": 17352, \"start\": 193.27999877929688, \"end\": 196.13999938964844, \"text\": \" And so when you explain to them a parasite\", \"tokens\": [51352, 400, 370, 562, 291, 2903, 281, 552, 257, 49756, 51495], \"temperature\": 0.0, \"avg_logprob\": -0.2492758333683014, \"compression_ratio\": 1.9179331064224243, \"no_speech_prob\": 0.0005033338093198836}, {\"id\": 103, \"seek\": 17352, \"start\": 196.13999938964844, \"end\": 198.39999389648438, \"text\": \" is different from a virus which is different from a vaccine,\", \"tokens\": [51495, 307, 819, 490, 257, 5752, 597, 307, 819, 490, 257, 7007, 11, 51608], \"temperature\": 0.0, \"avg_logprob\": -0.2492758333683014, \"compression_ratio\": 1.9179331064224243, \"no_speech_prob\": 0.0005033338093198836}, {\"id\": 104, \"seek\": 17352, \"start\": 198.39999389648438, \"end\": 199.97999572753906, \"text\": \" they don't have a grasp of that concept.\", \"tokens\": [51608, 436, 500, 380, 362, 257, 21743, 295, 300, 3410, 13, 51687], \"temperature\": 0.0, \"avg_logprob\": -0.2492758333683014, \"compression_ratio\": 1.9179331064224243, \"no_speech_prob\": 0.0005033338093198836}, {\"id\": 105, \"seek\": 17352, \"start\": 199.97999572753906, \"end\": 201.86000061035156, \"text\": \" You guys do, which is the reason why I'm saying\", \"tokens\": [51687, 509, 1074, 360, 11, 597, 307, 264, 1778, 983, 286, 478, 1566, 51781], \"temperature\": 0.0, \"avg_logprob\": -0.2492758333683014, \"compression_ratio\": 1.9179331064224243, \"no_speech_prob\": 0.0005033338093198836}, {\"id\": 106, \"seek\": 20186, \"start\": 201.86000061035156, \"end\": 203.66000366210938, \"text\": \" you do have a background.\", \"tokens\": [50364, 291, 360, 362, 257, 3678, 13, 50454], \"temperature\": 0.0, \"avg_logprob\": -0.2739684283733368, \"compression_ratio\": 1.767045497894287, \"no_speech_prob\": 0.006097470410168171}, {\"id\": 107, \"seek\": 20186, \"start\": 203.66000366210938, \"end\": 205.74000549316406, \"text\": \" We're all scientists to some extent.\", \"tokens\": [50454, 492, 434, 439, 7708, 281, 512, 8396, 13, 50558], \"temperature\": 0.0, \"avg_logprob\": -0.2739684283733368, \"compression_ratio\": 1.767045497894287, \"no_speech_prob\": 0.006097470410168171}, {\"id\": 108, \"seek\": 20186, \"start\": 205.74000549316406, \"end\": 208.77999877929688, \"text\": \" But just understanding simple concepts like that,\", \"tokens\": [50558, 583, 445, 3701, 2199, 10392, 411, 300, 11, 50710], \"temperature\": 0.0, \"avg_logprob\": -0.2739684283733368, \"compression_ratio\": 1.767045497894287, \"no_speech_prob\": 0.006097470410168171}, {\"id\": 109, \"seek\": 20186, \"start\": 208.77999877929688, \"end\": 209.94000244140625, \"text\": \" well, if you don't understand that,\", \"tokens\": [50710, 731, 11, 498, 291, 500, 380, 1223, 300, 11, 50768], \"temperature\": 0.0, \"avg_logprob\": -0.2739684283733368, \"compression_ratio\": 1.767045497894287, \"no_speech_prob\": 0.006097470410168171}, {\"id\": 110, \"seek\": 20186, \"start\": 209.94000244140625, \"end\": 212.66000366210938, \"text\": \" then you're like hydrochloric when it cures coronavirus.\", \"tokens\": [50768, 550, 291, 434, 411, 15435, 339, 6746, 299, 562, 309, 269, 1303, 13043, 13, 50904], \"temperature\": 0.0, \"avg_logprob\": -0.2739684283733368, \"compression_ratio\": 1.767045497894287, \"no_speech_prob\": 0.006097470410168171}, {\"id\": 111, \"seek\": 20186, \"start\": 212.66000366210938, \"end\": 213.6199951171875, \"text\": \" I'm like, how is that possible?\", \"tokens\": [50904, 286, 478, 411, 11, 577, 307, 300, 1944, 30, 50952], \"temperature\": 0.0, \"avg_logprob\": -0.2739684283733368, \"compression_ratio\": 1.767045497894287, \"no_speech_prob\": 0.006097470410168171}, {\"id\": 112, \"seek\": 20186, \"start\": 213.6199951171875, \"end\": 214.94000244140625, \"text\": \" How could it cure a virus?\", \"tokens\": [50952, 1012, 727, 309, 13698, 257, 5752, 30, 51018], \"temperature\": 0.0, \"avg_logprob\": -0.2739684283733368, \"compression_ratio\": 1.767045497894287, \"no_speech_prob\": 0.006097470410168171}, {\"id\": 113, \"seek\": 20186, \"start\": 214.94000244140625, \"end\": 217.17999267578125, \"text\": \" It's an anti-parasitic.\", \"tokens\": [51018, 467, 311, 364, 6061, 12, 2181, 296, 44592, 13, 51130], \"temperature\": 0.0, \"avg_logprob\": -0.2739684283733368, \"compression_ratio\": 1.767045497894287, \"no_speech_prob\": 0.006097470410168171}, {\"id\": 114, \"seek\": 20186, \"start\": 217.17999267578125, \"end\": 218.02000427246094, \"text\": \" It's a dewormer.\", \"tokens\": [51130, 467, 311, 257, 368, 30917, 260, 13, 51172], \"temperature\": 0.0, \"avg_logprob\": -0.2739684283733368, \"compression_ratio\": 1.767045497894287, \"no_speech_prob\": 0.006097470410168171}, {\"id\": 115, \"seek\": 20186, \"start\": 218.02000427246094, \"end\": 219.86000061035156, \"text\": \" It doesn't make any sense.\", \"tokens\": [51172, 467, 1177, 380, 652, 604, 2020, 13, 51264], \"temperature\": 0.0, \"avg_logprob\": -0.2739684283733368, \"compression_ratio\": 1.767045497894287, \"no_speech_prob\": 0.006097470410168171}, {\"id\": 116, \"seek\": 20186, \"start\": 219.86000061035156, \"end\": 220.6999969482422, \"text\": \" They put the worm into me\", \"tokens\": [51264, 814, 829, 264, 23835, 666, 385, 51306], \"temperature\": 0.0, \"avg_logprob\": -0.2739684283733368, \"compression_ratio\": 1.767045497894287, \"no_speech_prob\": 0.006097470410168171}, {\"id\": 117, \"seek\": 20186, \"start\": 220.6999969482422, \"end\": 221.9600067138672, \"text\": \" when they gave me the vaccine, George.\", \"tokens\": [51306, 562, 436, 2729, 385, 264, 7007, 11, 7136, 13, 51369], \"temperature\": 0.0, \"avg_logprob\": -0.2739684283733368, \"compression_ratio\": 1.767045497894287, \"no_speech_prob\": 0.006097470410168171}, {\"id\": 118, \"seek\": 20186, \"start\": 221.9600067138672, \"end\": 223.25999450683594, \"text\": \" Even calling it a dewormer,\", \"tokens\": [51369, 2754, 5141, 309, 257, 368, 30917, 260, 11, 51434], \"temperature\": 0.0, \"avg_logprob\": -0.2739684283733368, \"compression_ratio\": 1.767045497894287, \"no_speech_prob\": 0.006097470410168171}, {\"id\": 119, \"seek\": 20186, \"start\": 223.25999450683594, \"end\": 224.5800018310547, \"text\": \" which I know CNN was trying to do\", \"tokens\": [51434, 597, 286, 458, 24859, 390, 1382, 281, 360, 51500], \"temperature\": 0.0, \"avg_logprob\": -0.2739684283733368, \"compression_ratio\": 1.767045497894287, \"no_speech_prob\": 0.006097470410168171}, {\"id\": 120, \"seek\": 20186, \"start\": 224.5800018310547, \"end\": 226.3800048828125, \"text\": \" to insult conspiracy theorists.\", \"tokens\": [51500, 281, 15285, 20439, 27423, 1751, 13, 51590], \"temperature\": 0.0, \"avg_logprob\": -0.2739684283733368, \"compression_ratio\": 1.767045497894287, \"no_speech_prob\": 0.006097470410168171}, {\"id\": 121, \"seek\": 20186, \"start\": 226.3800048828125, \"end\": 227.22000122070312, \"text\": \" And I understand what,\", \"tokens\": [51590, 400, 286, 1223, 437, 11, 51632], \"temperature\": 0.0, \"avg_logprob\": -0.2739684283733368, \"compression_ratio\": 1.767045497894287, \"no_speech_prob\": 0.006097470410168171}, {\"id\": 122, \"seek\": 20186, \"start\": 227.22000122070312, \"end\": 229.25999450683594, \"text\": \" I don't mean to insult conspiracy theorists.\", \"tokens\": [51632, 286, 500, 380, 914, 281, 15285, 20439, 27423, 1751, 13, 51734], \"temperature\": 0.0, \"avg_logprob\": -0.2739684283733368, \"compression_ratio\": 1.767045497894287, \"no_speech_prob\": 0.006097470410168171}, {\"id\": 123, \"seek\": 20186, \"start\": 229.25999450683594, \"end\": 230.10000610351562, \"text\": \" What I mean to explain,\", \"tokens\": [51734, 708, 286, 914, 281, 2903, 11, 51776], \"temperature\": 0.0, \"avg_logprob\": -0.2739684283733368, \"compression_ratio\": 1.767045497894287, \"no_speech_prob\": 0.006097470410168171}, {\"id\": 124, \"seek\": 20186, \"start\": 230.10000610351562, \"end\": 231.77999877929688, \"text\": \" what I mean to express to you is like,\", \"tokens\": [51776, 437, 286, 914, 281, 5109, 281, 291, 307, 411, 11, 51860], \"temperature\": 0.0, \"avg_logprob\": -0.2739684283733368, \"compression_ratio\": 1.767045497894287, \"no_speech_prob\": 0.006097470410168171}, {\"id\": 125, \"seek\": 23178, \"start\": 232.27999877929688, \"end\": 234.22000122070312, \"text\": \" you're just completely missing the science here.\", \"tokens\": [50389, 291, 434, 445, 2584, 5361, 264, 3497, 510, 13, 50486], \"temperature\": 0.0, \"avg_logprob\": -0.2230224460363388, \"compression_ratio\": 1.9785932302474976, \"no_speech_prob\": 0.0019877422600984573}, {\"id\": 126, \"seek\": 23178, \"start\": 234.22000122070312, \"end\": 235.8800048828125, \"text\": \" There is no science that would indicate\", \"tokens\": [50486, 821, 307, 572, 3497, 300, 576, 13330, 50569], \"temperature\": 0.0, \"avg_logprob\": -0.2230224460363388, \"compression_ratio\": 1.9785932302474976, \"no_speech_prob\": 0.0019877422600984573}, {\"id\": 127, \"seek\": 23178, \"start\": 235.8800048828125, \"end\": 236.94000244140625, \"text\": \" that something like that would work.\", \"tokens\": [50569, 300, 746, 411, 300, 576, 589, 13, 50622], \"temperature\": 0.0, \"avg_logprob\": -0.2230224460363388, \"compression_ratio\": 1.9785932302474976, \"no_speech_prob\": 0.0019877422600984573}, {\"id\": 128, \"seek\": 23178, \"start\": 236.94000244140625, \"end\": 237.77999877929688, \"text\": \" And then of course,\", \"tokens\": [50622, 400, 550, 295, 1164, 11, 50664], \"temperature\": 0.0, \"avg_logprob\": -0.2230224460363388, \"compression_ratio\": 1.9785932302474976, \"no_speech_prob\": 0.0019877422600984573}, {\"id\": 129, \"seek\": 23178, \"start\": 237.77999877929688, \"end\": 239.10000610351562, \"text\": \" the trials come out with ivermectin\", \"tokens\": [50664, 264, 12450, 808, 484, 365, 741, 331, 76, 557, 259, 50730], \"temperature\": 0.0, \"avg_logprob\": -0.2230224460363388, \"compression_ratio\": 1.9785932302474976, \"no_speech_prob\": 0.0019877422600984573}, {\"id\": 130, \"seek\": 23178, \"start\": 239.10000610351562, \"end\": 240.13999938964844, \"text\": \" and the trials are conclusive.\", \"tokens\": [50730, 293, 264, 12450, 366, 1588, 7233, 13, 50782], \"temperature\": 0.0, \"avg_logprob\": -0.2230224460363388, \"compression_ratio\": 1.9785932302474976, \"no_speech_prob\": 0.0019877422600984573}, {\"id\": 131, \"seek\": 23178, \"start\": 240.13999938964844, \"end\": 241.44000244140625, \"text\": \" It does not cure coronavirus.\", \"tokens\": [50782, 467, 775, 406, 13698, 13043, 13, 50847], \"temperature\": 0.0, \"avg_logprob\": -0.2230224460363388, \"compression_ratio\": 1.9785932302474976, \"no_speech_prob\": 0.0019877422600984573}, {\"id\": 132, \"seek\": 23178, \"start\": 241.44000244140625, \"end\": 242.89999389648438, \"text\": \" It does nothing to coronavirus.\", \"tokens\": [50847, 467, 775, 1825, 281, 13043, 13, 50920], \"temperature\": 0.0, \"avg_logprob\": -0.2230224460363388, \"compression_ratio\": 1.9785932302474976, \"no_speech_prob\": 0.0019877422600984573}, {\"id\": 133, \"seek\": 23178, \"start\": 242.89999389648438, \"end\": 243.89999389648438, \"text\": \" It does nothing.\", \"tokens\": [50920, 467, 775, 1825, 13, 50970], \"temperature\": 0.0, \"avg_logprob\": -0.2230224460363388, \"compression_ratio\": 1.9785932302474976, \"no_speech_prob\": 0.0019877422600984573}, {\"id\": 134, \"seek\": 23178, \"start\": 243.89999389648438, \"end\": 245.4600067138672, \"text\": \" And so once the trials come out,\", \"tokens\": [50970, 400, 370, 1564, 264, 12450, 808, 484, 11, 51048], \"temperature\": 0.0, \"avg_logprob\": -0.2230224460363388, \"compression_ratio\": 1.9785932302474976, \"no_speech_prob\": 0.0019877422600984573}, {\"id\": 135, \"seek\": 23178, \"start\": 245.4600067138672, \"end\": 247.3800048828125, \"text\": \" it's like, well, no, those trials are,\", \"tokens\": [51048, 309, 311, 411, 11, 731, 11, 572, 11, 729, 12450, 366, 11, 51144], \"temperature\": 0.0, \"avg_logprob\": -0.2230224460363388, \"compression_ratio\": 1.9785932302474976, \"no_speech_prob\": 0.0019877422600984573}, {\"id\": 136, \"seek\": 23178, \"start\": 247.3800048828125, \"end\": 249.10000610351562, \"text\": \" they're colluded by big pharma.\", \"tokens\": [51144, 436, 434, 1263, 23285, 538, 955, 903, 36159, 13, 51230], \"temperature\": 0.0, \"avg_logprob\": -0.2230224460363388, \"compression_ratio\": 1.9785932302474976, \"no_speech_prob\": 0.0019877422600984573}, {\"id\": 137, \"seek\": 23178, \"start\": 249.10000610351562, \"end\": 249.97999572753906, \"text\": \" I'm like, no, they're not.\", \"tokens\": [51230, 286, 478, 411, 11, 572, 11, 436, 434, 406, 13, 51274], \"temperature\": 0.0, \"avg_logprob\": -0.2230224460363388, \"compression_ratio\": 1.9785932302474976, \"no_speech_prob\": 0.0019877422600984573}, {\"id\": 138, \"seek\": 23178, \"start\": 249.97999572753906, \"end\": 250.82000732421875, \"text\": \" That's not what happens.\", \"tokens\": [51274, 663, 311, 406, 437, 2314, 13, 51316], \"temperature\": 0.0, \"avg_logprob\": -0.2230224460363388, \"compression_ratio\": 1.9785932302474976, \"no_speech_prob\": 0.0019877422600984573}, {\"id\": 139, \"seek\": 23178, \"start\": 250.82000732421875, \"end\": 252.66000366210938, \"text\": \" And then the other problem are the people\", \"tokens\": [51316, 400, 550, 264, 661, 1154, 366, 264, 561, 51408], \"temperature\": 0.0, \"avg_logprob\": -0.2230224460363388, \"compression_ratio\": 1.9785932302474976, \"no_speech_prob\": 0.0019877422600984573}, {\"id\": 140, \"seek\": 23178, \"start\": 252.66000366210938, \"end\": 253.5800018310547, \"text\": \" who take ivermectin,\", \"tokens\": [51408, 567, 747, 741, 331, 76, 557, 259, 11, 51454], \"temperature\": 0.0, \"avg_logprob\": -0.2230224460363388, \"compression_ratio\": 1.9785932302474976, \"no_speech_prob\": 0.0019877422600984573}, {\"id\": 141, \"seek\": 23178, \"start\": 253.5800018310547, \"end\": 254.94000244140625, \"text\": \" the people who take hydrochloric when,\", \"tokens\": [51454, 264, 561, 567, 747, 15435, 339, 6746, 299, 562, 11, 51522], \"temperature\": 0.0, \"avg_logprob\": -0.2230224460363388, \"compression_ratio\": 1.9785932302474976, \"no_speech_prob\": 0.0019877422600984573}, {\"id\": 142, \"seek\": 23178, \"start\": 254.94000244140625, \"end\": 257.3800048828125, \"text\": \" and then they're free from COVID a couple days later.\", \"tokens\": [51522, 293, 550, 436, 434, 1737, 490, 4566, 257, 1916, 1708, 1780, 13, 51644], \"temperature\": 0.0, \"avg_logprob\": -0.2230224460363388, \"compression_ratio\": 1.9785932302474976, \"no_speech_prob\": 0.0019877422600984573}, {\"id\": 143, \"seek\": 23178, \"start\": 257.3800048828125, \"end\": 260.1400146484375, \"text\": \" And they're like, ah, again, this is proof.\", \"tokens\": [51644, 400, 436, 434, 411, 11, 3716, 11, 797, 11, 341, 307, 8177, 13, 51782], \"temperature\": 0.0, \"avg_logprob\": -0.2230224460363388, \"compression_ratio\": 1.9785932302474976, \"no_speech_prob\": 0.0019877422600984573}, {\"id\": 144, \"seek\": 26014, \"start\": 260.260009765625, \"end\": 263.1400146484375, \"text\": \" Really, they were at the end of their 14 days of symptoms.\", \"tokens\": [50370, 4083, 11, 436, 645, 412, 264, 917, 295, 641, 3499, 1708, 295, 8332, 13, 50514], \"temperature\": 0.0, \"avg_logprob\": -0.2282613068819046, \"compression_ratio\": 1.7445887327194214, \"no_speech_prob\": 0.02556292898952961}, {\"id\": 145, \"seek\": 26014, \"start\": 263.1400146484375, \"end\": 263.9800109863281, \"text\": \" That's exactly right.\", \"tokens\": [50514, 663, 311, 2293, 558, 13, 50556], \"temperature\": 0.0, \"avg_logprob\": -0.2282613068819046, \"compression_ratio\": 1.7445887327194214, \"no_speech_prob\": 0.02556292898952961}, {\"id\": 146, \"seek\": 26014, \"start\": 263.9800109863281, \"end\": 264.82000732421875, \"text\": \" They're at the end of their symptoms.\", \"tokens\": [50556, 814, 434, 412, 264, 917, 295, 641, 8332, 13, 50598], \"temperature\": 0.0, \"avg_logprob\": -0.2282613068819046, \"compression_ratio\": 1.7445887327194214, \"no_speech_prob\": 0.02556292898952961}, {\"id\": 147, \"seek\": 26014, \"start\": 264.82000732421875, \"end\": 266.1000061035156, \"text\": \" There's usually young, healthy people.\", \"tokens\": [50598, 821, 311, 2673, 2037, 11, 4627, 561, 13, 50662], \"temperature\": 0.0, \"avg_logprob\": -0.2282613068819046, \"compression_ratio\": 1.7445887327194214, \"no_speech_prob\": 0.02556292898952961}, {\"id\": 148, \"seek\": 26014, \"start\": 266.1000061035156, \"end\": 267.17999267578125, \"text\": \" They're at the end of their symptoms.\", \"tokens\": [50662, 814, 434, 412, 264, 917, 295, 641, 8332, 13, 50716], \"temperature\": 0.0, \"avg_logprob\": -0.2282613068819046, \"compression_ratio\": 1.7445887327194214, \"no_speech_prob\": 0.02556292898952961}, {\"id\": 149, \"seek\": 26014, \"start\": 267.17999267578125, \"end\": 269.260009765625, \"text\": \" And they're like, because I didn't have COVID\", \"tokens\": [50716, 400, 436, 434, 411, 11, 570, 286, 994, 380, 362, 4566, 50820], \"temperature\": 0.0, \"avg_logprob\": -0.2282613068819046, \"compression_ratio\": 1.7445887327194214, \"no_speech_prob\": 0.02556292898952961}, {\"id\": 150, \"seek\": 26014, \"start\": 269.260009765625, \"end\": 270.82000732421875, \"text\": \" after I took this dewormer,\", \"tokens\": [50820, 934, 286, 1890, 341, 368, 30917, 260, 11, 50898], \"temperature\": 0.0, \"avg_logprob\": -0.2282613068819046, \"compression_ratio\": 1.7445887327194214, \"no_speech_prob\": 0.02556292898952961}, {\"id\": 151, \"seek\": 26014, \"start\": 270.82000732421875, \"end\": 275.3800048828125, \"text\": \" then now it's proof that this cures this disorder.\", \"tokens\": [50898, 550, 586, 309, 311, 8177, 300, 341, 269, 1303, 341, 13399, 13, 51126], \"temperature\": 0.0, \"avg_logprob\": -0.2282613068819046, \"compression_ratio\": 1.7445887327194214, \"no_speech_prob\": 0.02556292898952961}, {\"id\": 152, \"seek\": 26014, \"start\": 275.3800048828125, \"end\": 276.739990234375, \"text\": \" And of course it isn't proof at all.\", \"tokens\": [51126, 400, 295, 1164, 309, 1943, 380, 8177, 412, 439, 13, 51194], \"temperature\": 0.0, \"avg_logprob\": -0.2282613068819046, \"compression_ratio\": 1.7445887327194214, \"no_speech_prob\": 0.02556292898952961}, {\"id\": 153, \"seek\": 26014, \"start\": 276.739990234375, \"end\": 277.5799865722656, \"text\": \" It's just circumstantial.\", \"tokens\": [51194, 467, 311, 445, 7982, 394, 831, 13, 51236], \"temperature\": 0.0, \"avg_logprob\": -0.2282613068819046, \"compression_ratio\": 1.7445887327194214, \"no_speech_prob\": 0.02556292898952961}, {\"id\": 154, \"seek\": 26014, \"start\": 277.5799865722656, \"end\": 278.4200134277344, \"text\": \" It's a coincidence.\", \"tokens\": [51236, 467, 311, 257, 22137, 13, 51278], \"temperature\": 0.0, \"avg_logprob\": -0.2282613068819046, \"compression_ratio\": 1.7445887327194214, \"no_speech_prob\": 0.02556292898952961}]}"}