{"title": "Discipline And Consistency Are The Keys to Success", "video_id": "-Jbab22-Fjc", "video_url": "https://www.youtube.com/watch?v=-Jbab22-Fjc", "description": "Ready to build a network of amazing women and high-status men?\n\nMichael\u2019s Men of Action is a one-on-one Master\u2019s program that teaches men how to create elite social lives by becoming higher status.\n\nClick this link to learn how you can have a High-Status lifestyle now:\nhttps://m.moamentoring.com/podcast\n\nClick here to join the Men of Action community and watch the High-Status Networking 101 course:\nhttps://m.moamentoring.com/moa-community\n\u2014\u2014\u2014\u2014\u2014\u2014\u2014\u2014\u2014\u2014\u2014\u2014\u2014\u2014\u2014\u2014\u2014\u2014\u2014\u2014\n\nSubscribe on Youtube: \nhttps://www.youtube.com/user/MichaelSartain\n\nListen on Apple Podcast: \nhttps://podcasts.apple.com/us/podcast/the-michael-sartain-podcast/id1579791157\n\nListen on Spotify: \nhttps://open.spotify.com/show/2faAYwvDD9Bvkpwv6umlPO?si=8Q3ak9HnSlKjuChsTXr6YQ&dl_branch=1", "published_at": "2023-06-01T14:15:00Z", "channel_id": "UC0T1bDzajVefRWx4uKdGyuw", "channel_title": "Michael Sartain", "tags": [], "category_id": "24", "live_broadcast_content": "none", "duration": 55.0, "dimension": "2d", "definition": "hd", "caption": "false", "view_count": 432, "like_count": 28, "comment_count": 0, "channel_info": {"title": "Michael Sartain", "description": "\ud83c\udf99Host of The\u00a0Michael Sartain Podcast \n\n\ud83d\udd25Teaching you how to build a network of desirable women and high-status men\n\n\ud83d\udc47 Click the \"Men of Action\" link below now to forge a high-status lifestyle and join the elites \n", "subscriber_count": "80500", "total_views": "29545897", "total_videos": "1481"}, "comments": [], "file_path": "/Users/aelaguiz/workspace/fc_book/audio/raws/-Jbab22-Fjc.mp3", "transcription": "{\"text\": \"But every day, maybe you get 10 new clients that have been watching you for two or three years. I got to tell you, as a coach, that's incredibly motivating that you stick, you stick with it that long. Somebody maybe has been looking at your free stuff, the stuff you put on YouTube, and then eventually after two or three years, they take your coaching. Can you talk about that for a second? Yeah, I'm the motherfucker who wears them down. I mean, I'm just showing them what works. I'm showing them what works over and over, and I'm solving their main issue by showing them. Their main issue is that they start and stop, start and stop, start and fucking stop. I don't stop. I just start and go. So, I mean, the thing is, I'm showing right in front of their face that I have what they don't. The fact that I will go every fucking day. I won't miss on my YouTube posts. I won't miss on my Instagram posts. I never miss my 2 45 a.m. Wake up post my workout at 4 a.m. I just don't miss because guess what? That's the man. I needed my whole life. The man who doesn't fucking miss. \", \"segments\": [{\"id\": 0, \"seek\": 0, \"start\": 0.0, \"end\": 3.799999952316284, \"text\": \" But every day, maybe you get 10 new clients that have been watching you for two or three years.\", \"tokens\": [50364, 583, 633, 786, 11, 1310, 291, 483, 1266, 777, 6982, 300, 362, 668, 1976, 291, 337, 732, 420, 1045, 924, 13, 50554], \"temperature\": 0.0, \"avg_logprob\": -0.2565292716026306, \"compression_ratio\": 1.936781644821167, \"no_speech_prob\": 0.015653209760785103}, {\"id\": 1, \"seek\": 0, \"start\": 3.799999952316284, \"end\": 8.100000381469727, \"text\": \" I got to tell you, as a coach, that's incredibly motivating that you stick, you stick with it that long.\", \"tokens\": [50554, 286, 658, 281, 980, 291, 11, 382, 257, 6560, 11, 300, 311, 6252, 41066, 300, 291, 2897, 11, 291, 2897, 365, 309, 300, 938, 13, 50769], \"temperature\": 0.0, \"avg_logprob\": -0.2565292716026306, \"compression_ratio\": 1.936781644821167, \"no_speech_prob\": 0.015653209760785103}, {\"id\": 2, \"seek\": 0, \"start\": 8.100000381469727, \"end\": 13.800000190734863, \"text\": \" Somebody maybe has been looking at your free stuff, the stuff you put on YouTube, and then eventually after two or three years, they take your coaching.\", \"tokens\": [50769, 13463, 1310, 575, 668, 1237, 412, 428, 1737, 1507, 11, 264, 1507, 291, 829, 322, 3088, 11, 293, 550, 4728, 934, 732, 420, 1045, 924, 11, 436, 747, 428, 15818, 13, 51054], \"temperature\": 0.0, \"avg_logprob\": -0.2565292716026306, \"compression_ratio\": 1.936781644821167, \"no_speech_prob\": 0.015653209760785103}, {\"id\": 3, \"seek\": 0, \"start\": 13.800000190734863, \"end\": 14.899999618530273, \"text\": \" Can you talk about that for a second?\", \"tokens\": [51054, 1664, 291, 751, 466, 300, 337, 257, 1150, 30, 51109], \"temperature\": 0.0, \"avg_logprob\": -0.2565292716026306, \"compression_ratio\": 1.936781644821167, \"no_speech_prob\": 0.015653209760785103}, {\"id\": 4, \"seek\": 0, \"start\": 15.300000190734863, \"end\": 17.299999237060547, \"text\": \" Yeah, I'm the motherfucker who wears them down.\", \"tokens\": [51129, 865, 11, 286, 478, 264, 47069, 567, 20877, 552, 760, 13, 51229], \"temperature\": 0.0, \"avg_logprob\": -0.2565292716026306, \"compression_ratio\": 1.936781644821167, \"no_speech_prob\": 0.015653209760785103}, {\"id\": 5, \"seek\": 0, \"start\": 17.299999237060547, \"end\": 18.899999618530273, \"text\": \" I mean, I'm just showing them what works.\", \"tokens\": [51229, 286, 914, 11, 286, 478, 445, 4099, 552, 437, 1985, 13, 51309], \"temperature\": 0.0, \"avg_logprob\": -0.2565292716026306, \"compression_ratio\": 1.936781644821167, \"no_speech_prob\": 0.015653209760785103}, {\"id\": 6, \"seek\": 0, \"start\": 18.899999618530273, \"end\": 23.600000381469727, \"text\": \" I'm showing them what works over and over, and I'm solving their main issue by showing them.\", \"tokens\": [51309, 286, 478, 4099, 552, 437, 1985, 670, 293, 670, 11, 293, 286, 478, 12606, 641, 2135, 2734, 538, 4099, 552, 13, 51544], \"temperature\": 0.0, \"avg_logprob\": -0.2565292716026306, \"compression_ratio\": 1.936781644821167, \"no_speech_prob\": 0.015653209760785103}, {\"id\": 7, \"seek\": 0, \"start\": 23.899999618530273, \"end\": 28.200000762939453, \"text\": \" Their main issue is that they start and stop, start and stop, start and fucking stop.\", \"tokens\": [51559, 6710, 2135, 2734, 307, 300, 436, 722, 293, 1590, 11, 722, 293, 1590, 11, 722, 293, 5546, 1590, 13, 51774], \"temperature\": 0.0, \"avg_logprob\": -0.2565292716026306, \"compression_ratio\": 1.936781644821167, \"no_speech_prob\": 0.015653209760785103}, {\"id\": 8, \"seek\": 0, \"start\": 28.600000381469727, \"end\": 29.399999618530273, \"text\": \" I don't stop.\", \"tokens\": [51794, 286, 500, 380, 1590, 13, 51834], \"temperature\": 0.0, \"avg_logprob\": -0.2565292716026306, \"compression_ratio\": 1.936781644821167, \"no_speech_prob\": 0.015653209760785103}, {\"id\": 9, \"seek\": 2940, \"start\": 29.399999618530273, \"end\": 30.799999237060547, \"text\": \" I just start and go.\", \"tokens\": [50364, 286, 445, 722, 293, 352, 13, 50434], \"temperature\": 0.0, \"avg_logprob\": -0.19263005256652832, \"compression_ratio\": 1.6778242588043213, \"no_speech_prob\": 5.5611104471608996e-05}, {\"id\": 10, \"seek\": 2940, \"start\": 30.799999237060547, \"end\": 35.0, \"text\": \" So, I mean, the thing is, I'm showing right in front of their face that I have what they don't.\", \"tokens\": [50434, 407, 11, 286, 914, 11, 264, 551, 307, 11, 286, 478, 4099, 558, 294, 1868, 295, 641, 1851, 300, 286, 362, 437, 436, 500, 380, 13, 50644], \"temperature\": 0.0, \"avg_logprob\": -0.19263005256652832, \"compression_ratio\": 1.6778242588043213, \"no_speech_prob\": 5.5611104471608996e-05}, {\"id\": 11, \"seek\": 2940, \"start\": 35.20000076293945, \"end\": 37.599998474121094, \"text\": \" The fact that I will go every fucking day.\", \"tokens\": [50654, 440, 1186, 300, 286, 486, 352, 633, 5546, 786, 13, 50774], \"temperature\": 0.0, \"avg_logprob\": -0.19263005256652832, \"compression_ratio\": 1.6778242588043213, \"no_speech_prob\": 5.5611104471608996e-05}, {\"id\": 12, \"seek\": 2940, \"start\": 37.79999923706055, \"end\": 39.70000076293945, \"text\": \" I won't miss on my YouTube posts.\", \"tokens\": [50784, 286, 1582, 380, 1713, 322, 452, 3088, 12300, 13, 50879], \"temperature\": 0.0, \"avg_logprob\": -0.19263005256652832, \"compression_ratio\": 1.6778242588043213, \"no_speech_prob\": 5.5611104471608996e-05}, {\"id\": 13, \"seek\": 2940, \"start\": 39.79999923706055, \"end\": 41.599998474121094, \"text\": \" I won't miss on my Instagram posts.\", \"tokens\": [50884, 286, 1582, 380, 1713, 322, 452, 5281, 12300, 13, 50974], \"temperature\": 0.0, \"avg_logprob\": -0.19263005256652832, \"compression_ratio\": 1.6778242588043213, \"no_speech_prob\": 5.5611104471608996e-05}, {\"id\": 14, \"seek\": 2940, \"start\": 41.70000076293945, \"end\": 43.70000076293945, \"text\": \" I never miss my 2 45 a.m.\", \"tokens\": [50979, 286, 1128, 1713, 452, 568, 6905, 257, 13, 76, 13, 51079], \"temperature\": 0.0, \"avg_logprob\": -0.19263005256652832, \"compression_ratio\": 1.6778242588043213, \"no_speech_prob\": 5.5611104471608996e-05}, {\"id\": 15, \"seek\": 2940, \"start\": 43.70000076293945, \"end\": 46.400001525878906, \"text\": \" Wake up post my workout at 4 a.m.\", \"tokens\": [51079, 21062, 493, 2183, 452, 12169, 412, 1017, 257, 13, 76, 13, 51214], \"temperature\": 0.0, \"avg_logprob\": -0.19263005256652832, \"compression_ratio\": 1.6778242588043213, \"no_speech_prob\": 5.5611104471608996e-05}, {\"id\": 16, \"seek\": 2940, \"start\": 46.599998474121094, \"end\": 48.900001525878906, \"text\": \" I just don't miss because guess what?\", \"tokens\": [51224, 286, 445, 500, 380, 1713, 570, 2041, 437, 30, 51339], \"temperature\": 0.0, \"avg_logprob\": -0.19263005256652832, \"compression_ratio\": 1.6778242588043213, \"no_speech_prob\": 5.5611104471608996e-05}, {\"id\": 17, \"seek\": 2940, \"start\": 48.900001525878906, \"end\": 49.70000076293945, \"text\": \" That's the man.\", \"tokens\": [51339, 663, 311, 264, 587, 13, 51379], \"temperature\": 0.0, \"avg_logprob\": -0.19263005256652832, \"compression_ratio\": 1.6778242588043213, \"no_speech_prob\": 5.5611104471608996e-05}, {\"id\": 18, \"seek\": 2940, \"start\": 49.70000076293945, \"end\": 51.0, \"text\": \" I needed my whole life.\", \"tokens\": [51379, 286, 2978, 452, 1379, 993, 13, 51444], \"temperature\": 0.0, \"avg_logprob\": -0.19263005256652832, \"compression_ratio\": 1.6778242588043213, \"no_speech_prob\": 5.5611104471608996e-05}, {\"id\": 19, \"seek\": 2940, \"start\": 51.099998474121094, \"end\": 54.0, \"text\": \" The man who doesn't fucking miss.\", \"tokens\": [51449, 440, 587, 567, 1177, 380, 5546, 1713, 13, 51594], \"temperature\": 0.0, \"avg_logprob\": -0.19263005256652832, \"compression_ratio\": 1.6778242588043213, \"no_speech_prob\": 5.5611104471608996e-05}]}"}