{"title": "Your Ex Wasn\u2019t A Narcissist #shorts", "video_id": "0dYw1ASW3tI", "video_url": "https://www.youtube.com/watch?v=0dYw1ASW3tI", "description": "Here's a clip from a podcast episode with Jamie Lynn\nFull Video \ud83d\udd17: https://youtu.be/hz3fGAI-xKM\n\nJamie Lynn (IG @Jamie_Lynn____) is a licensed marriage and family therapist.  She's writing a book titled \"The Narcissist's Playbook\". She\u2019s also a feature in the September 2021 edition of FHM.\n\u2014\u2014\u2014\u2014\u2014\u2014\u2014\u2014\u2014\u2014\u2014\u2014\u2014\u2014\u2014\u2014\u2014\u2014\u2014\nReady to build a network of amazing women and high-status men? \n\nMichael\u2019s Men of Action Mentoring Program is a Master\u2019s course dedicated to helping people elevate their social lives by becoming higher status and building elite social circles.\n\nClick the link to learn how you can start living the high-status social life you always wanted: https://m.moamentoring.com/podcast\n\u2014\u2014\u2014\u2014\u2014\u2014\u2014\u2014\u2014\u2014\u2014\u2014\u2014\u2014\u2014\u2014\u2014\u2014\u2014\u2014\n\nSubscribe on Youtube: \nhttps://www.youtube.com/user/MichaelSartain\n\nListen on Apple Podcast: \nhttps://podcasts.apple.com/us/podcast/the-michael-sartain-podcast/id1579791157\n\nListen on Spotify: \nhttps://open.spotify.com/show/2faAYwvDD9Bvkpwv6umlPO?si=8Q3ak9HnSlKjuChsTXr6YQ&dl_branch=1", "published_at": "2022-12-20T00:00:00Z", "channel_id": "UC0T1bDzajVefRWx4uKdGyuw", "channel_title": "Michael Sartain", "tags": [], "category_id": "24", "live_broadcast_content": "none", "duration": 87.0, "dimension": "2d", "definition": "sd", "caption": "false", "view_count": 1447, "like_count": 44, "comment_count": 5, "channel_info": {"title": "Michael Sartain", "description": "\ud83c\udf99Host of The\u00a0Michael Sartain Podcast \n\n\ud83d\udd25Teaching you how to build a network of desirable women and high-status men\n\n\ud83d\udc47 Click the \"Men of Action\" link below now to forge a high-status lifestyle and join the elites \n", "subscriber_count": "80500", "total_views": "29545897", "total_videos": "1481"}, "comments": [], "file_path": "/Users/aelaguiz/workspace/fc_book/audio/raws/0dYw1ASW3tI.mp3", "transcription": "{\"text\": \"Any girl I talk to that has broken up with her boyfriend, they, she will, they will tell me he's a narcissist. And I'm like, Oh my God, like, there's just such a misunderstanding of what that is, you know, more often than not, it's not the case. And people don't want to hear that because they'll come to me because I specialize in this. And then they don't really want to hear what I have to say, because sometimes it's like, well, he just wasn't that into you. He wasn't serious about you. It's not a bad guy, not a bad guy. He just, you know, wasn't that into you. And sometimes guys will lead girls on and that's a bad character trait, but it doesn't make them a narcissist. I've actually seen situations where girls and guys will be like, we're in an open relationship. I'm not your girlfriend. I'm going to see other people when we're not together. And then the guy's like, okay, that's fine. And then he sees her with another dude. And then later says like, you're a narcissist. I can't believe you did this to me. You're hurting me. I told you what was going to happen. That can be gaslighting, right? That's an example of gaslighting. That's a manipulation tactic. That's like damned. If you do damned, if you don't, we call those double binds. Yeah. That is really interesting that I see that a lot where people get broken up with and then they start in what, can we go back to what you said before a single instant, but here's the thing, guys, if your girlfriend cheats on you, that doesn't make her a psychopath. That doesn't make her a narcissist. It just means that there's some evolutionary pressure or some, for some reason, either you weren't doing enough or something else, somebody else was doing more, or there was a nest, a need for gratification or validation that you just weren't meeting. \", \"segments\": [{\"id\": 0, \"seek\": 0, \"start\": 0.0, \"end\": 4.159999847412109, \"text\": \" Any girl I talk to that has broken up with her boyfriend, they, she will, they will tell me he's\", \"tokens\": [50364, 2639, 2013, 286, 751, 281, 300, 575, 5463, 493, 365, 720, 11457, 11, 436, 11, 750, 486, 11, 436, 486, 980, 385, 415, 311, 50572], \"temperature\": 0.0, \"avg_logprob\": -0.1981513649225235, \"compression_ratio\": 1.8366012573242188, \"no_speech_prob\": 0.0023590719792991877}, {\"id\": 1, \"seek\": 0, \"start\": 4.159999847412109, \"end\": 8.720000267028809, \"text\": \" a narcissist. And I'm like, Oh my God, like, there's just such a misunderstanding of what\", \"tokens\": [50572, 257, 49130, 13, 400, 286, 478, 411, 11, 876, 452, 1265, 11, 411, 11, 456, 311, 445, 1270, 257, 29227, 295, 437, 50800], \"temperature\": 0.0, \"avg_logprob\": -0.1981513649225235, \"compression_ratio\": 1.8366012573242188, \"no_speech_prob\": 0.0023590719792991877}, {\"id\": 2, \"seek\": 0, \"start\": 8.720000267028809, \"end\": 13.84000015258789, \"text\": \" that is, you know, more often than not, it's not the case. And people don't want to hear that\", \"tokens\": [50800, 300, 307, 11, 291, 458, 11, 544, 2049, 813, 406, 11, 309, 311, 406, 264, 1389, 13, 400, 561, 500, 380, 528, 281, 1568, 300, 51056], \"temperature\": 0.0, \"avg_logprob\": -0.1981513649225235, \"compression_ratio\": 1.8366012573242188, \"no_speech_prob\": 0.0023590719792991877}, {\"id\": 3, \"seek\": 0, \"start\": 13.84000015258789, \"end\": 17.760000228881836, \"text\": \" because they'll come to me because I specialize in this. And then they don't really want to hear\", \"tokens\": [51056, 570, 436, 603, 808, 281, 385, 570, 286, 37938, 294, 341, 13, 400, 550, 436, 500, 380, 534, 528, 281, 1568, 51252], \"temperature\": 0.0, \"avg_logprob\": -0.1981513649225235, \"compression_ratio\": 1.8366012573242188, \"no_speech_prob\": 0.0023590719792991877}, {\"id\": 4, \"seek\": 0, \"start\": 17.760000228881836, \"end\": 21.920000076293945, \"text\": \" what I have to say, because sometimes it's like, well, he just wasn't that into you.\", \"tokens\": [51252, 437, 286, 362, 281, 584, 11, 570, 2171, 309, 311, 411, 11, 731, 11, 415, 445, 2067, 380, 300, 666, 291, 13, 51460], \"temperature\": 0.0, \"avg_logprob\": -0.1981513649225235, \"compression_ratio\": 1.8366012573242188, \"no_speech_prob\": 0.0023590719792991877}, {\"id\": 5, \"seek\": 0, \"start\": 21.920000076293945, \"end\": 28.079999923706055, \"text\": \" He wasn't serious about you. It's not a bad guy, not a bad guy. He just, you know, wasn't that into\", \"tokens\": [51460, 634, 2067, 380, 3156, 466, 291, 13, 467, 311, 406, 257, 1578, 2146, 11, 406, 257, 1578, 2146, 13, 634, 445, 11, 291, 458, 11, 2067, 380, 300, 666, 51768], \"temperature\": 0.0, \"avg_logprob\": -0.1981513649225235, \"compression_ratio\": 1.8366012573242188, \"no_speech_prob\": 0.0023590719792991877}, {\"id\": 6, \"seek\": 2808, \"start\": 28.079999923706055, \"end\": 34.0, \"text\": \" you. And sometimes guys will lead girls on and that's a bad character trait, but it doesn't\", \"tokens\": [50364, 291, 13, 400, 2171, 1074, 486, 1477, 4519, 322, 293, 300, 311, 257, 1578, 2517, 22538, 11, 457, 309, 1177, 380, 50660], \"temperature\": 0.0, \"avg_logprob\": -0.16437898576259613, \"compression_ratio\": 1.825082540512085, \"no_speech_prob\": 0.00042387950816191733}, {\"id\": 7, \"seek\": 2808, \"start\": 34.0, \"end\": 38.47999954223633, \"text\": \" make them a narcissist. I've actually seen situations where girls and guys will be like,\", \"tokens\": [50660, 652, 552, 257, 49130, 13, 286, 600, 767, 1612, 6851, 689, 4519, 293, 1074, 486, 312, 411, 11, 50884], \"temperature\": 0.0, \"avg_logprob\": -0.16437898576259613, \"compression_ratio\": 1.825082540512085, \"no_speech_prob\": 0.00042387950816191733}, {\"id\": 8, \"seek\": 2808, \"start\": 38.47999954223633, \"end\": 42.0, \"text\": \" we're in an open relationship. I'm not your girlfriend. I'm going to see other people when\", \"tokens\": [50884, 321, 434, 294, 364, 1269, 2480, 13, 286, 478, 406, 428, 10369, 13, 286, 478, 516, 281, 536, 661, 561, 562, 51060], \"temperature\": 0.0, \"avg_logprob\": -0.16437898576259613, \"compression_ratio\": 1.825082540512085, \"no_speech_prob\": 0.00042387950816191733}, {\"id\": 9, \"seek\": 2808, \"start\": 42.0, \"end\": 46.2400016784668, \"text\": \" we're not together. And then the guy's like, okay, that's fine. And then he sees her with\", \"tokens\": [51060, 321, 434, 406, 1214, 13, 400, 550, 264, 2146, 311, 411, 11, 1392, 11, 300, 311, 2489, 13, 400, 550, 415, 8194, 720, 365, 51272], \"temperature\": 0.0, \"avg_logprob\": -0.16437898576259613, \"compression_ratio\": 1.825082540512085, \"no_speech_prob\": 0.00042387950816191733}, {\"id\": 10, \"seek\": 2808, \"start\": 46.2400016784668, \"end\": 49.91999816894531, \"text\": \" another dude. And then later says like, you're a narcissist. I can't believe you did this to me.\", \"tokens\": [51272, 1071, 6449, 13, 400, 550, 1780, 1619, 411, 11, 291, 434, 257, 49130, 13, 286, 393, 380, 1697, 291, 630, 341, 281, 385, 13, 51456], \"temperature\": 0.0, \"avg_logprob\": -0.16437898576259613, \"compression_ratio\": 1.825082540512085, \"no_speech_prob\": 0.00042387950816191733}, {\"id\": 11, \"seek\": 2808, \"start\": 49.91999816894531, \"end\": 54.47999954223633, \"text\": \" You're hurting me. I told you what was going to happen. That can be gaslighting, right? That's\", \"tokens\": [51456, 509, 434, 17744, 385, 13, 286, 1907, 291, 437, 390, 516, 281, 1051, 13, 663, 393, 312, 4211, 2764, 278, 11, 558, 30, 663, 311, 51684], \"temperature\": 0.0, \"avg_logprob\": -0.16437898576259613, \"compression_ratio\": 1.825082540512085, \"no_speech_prob\": 0.00042387950816191733}, {\"id\": 12, \"seek\": 5448, \"start\": 54.47999954223633, \"end\": 58.720001220703125, \"text\": \" an example of gaslighting. That's a manipulation tactic. That's like damned. If you do damned,\", \"tokens\": [50364, 364, 1365, 295, 4211, 2764, 278, 13, 663, 311, 257, 26475, 31012, 13, 663, 311, 411, 46397, 13, 759, 291, 360, 46397, 11, 50576], \"temperature\": 0.0, \"avg_logprob\": -0.19639712572097778, \"compression_ratio\": 1.7661538124084473, \"no_speech_prob\": 0.12417307496070862}, {\"id\": 13, \"seek\": 5448, \"start\": 58.720001220703125, \"end\": 62.880001068115234, \"text\": \" if you don't, we call those double binds. Yeah. That is really interesting that I see that a lot\", \"tokens\": [50576, 498, 291, 500, 380, 11, 321, 818, 729, 3834, 41515, 13, 865, 13, 663, 307, 534, 1880, 300, 286, 536, 300, 257, 688, 50784], \"temperature\": 0.0, \"avg_logprob\": -0.19639712572097778, \"compression_ratio\": 1.7661538124084473, \"no_speech_prob\": 0.12417307496070862}, {\"id\": 14, \"seek\": 5448, \"start\": 62.880001068115234, \"end\": 67.04000091552734, \"text\": \" where people get broken up with and then they start in what, can we go back to what you said\", \"tokens\": [50784, 689, 561, 483, 5463, 493, 365, 293, 550, 436, 722, 294, 437, 11, 393, 321, 352, 646, 281, 437, 291, 848, 50992], \"temperature\": 0.0, \"avg_logprob\": -0.19639712572097778, \"compression_ratio\": 1.7661538124084473, \"no_speech_prob\": 0.12417307496070862}, {\"id\": 15, \"seek\": 5448, \"start\": 67.04000091552734, \"end\": 70.95999908447266, \"text\": \" before a single instant, but here's the thing, guys, if your girlfriend cheats on you, that\", \"tokens\": [50992, 949, 257, 2167, 9836, 11, 457, 510, 311, 264, 551, 11, 1074, 11, 498, 428, 10369, 947, 1720, 322, 291, 11, 300, 51188], \"temperature\": 0.0, \"avg_logprob\": -0.19639712572097778, \"compression_ratio\": 1.7661538124084473, \"no_speech_prob\": 0.12417307496070862}, {\"id\": 16, \"seek\": 5448, \"start\": 70.95999908447266, \"end\": 75.12000274658203, \"text\": \" doesn't make her a psychopath. That doesn't make her a narcissist. It just means that there's some\", \"tokens\": [51188, 1177, 380, 652, 720, 257, 47577, 13, 663, 1177, 380, 652, 720, 257, 49130, 13, 467, 445, 1355, 300, 456, 311, 512, 51396], \"temperature\": 0.0, \"avg_logprob\": -0.19639712572097778, \"compression_ratio\": 1.7661538124084473, \"no_speech_prob\": 0.12417307496070862}, {\"id\": 17, \"seek\": 5448, \"start\": 75.12000274658203, \"end\": 80.63999938964844, \"text\": \" evolutionary pressure or some, for some reason, either you weren't doing enough or something else,\", \"tokens\": [51396, 27567, 3321, 420, 512, 11, 337, 512, 1778, 11, 2139, 291, 4999, 380, 884, 1547, 420, 746, 1646, 11, 51672], \"temperature\": 0.0, \"avg_logprob\": -0.19639712572097778, \"compression_ratio\": 1.7661538124084473, \"no_speech_prob\": 0.12417307496070862}, {\"id\": 18, \"seek\": 8064, \"start\": 80.63999938964844, \"end\": 84.31999969482422, \"text\": \" somebody else was doing more, or there was a nest, a need for gratification\", \"tokens\": [50364, 2618, 1646, 390, 884, 544, 11, 420, 456, 390, 257, 15646, 11, 257, 643, 337, 10158, 3774, 50548], \"temperature\": 0.0, \"avg_logprob\": -0.23626607656478882, \"compression_ratio\": 1.25, \"no_speech_prob\": 0.12417039275169373}, {\"id\": 19, \"seek\": 8064, \"start\": 84.31999969482422, \"end\": 85.83999633789062, \"text\": \" or validation that you just weren't meeting.\", \"tokens\": [50548, 420, 24071, 300, 291, 445, 4999, 380, 3440, 13, 50624], \"temperature\": 0.0, \"avg_logprob\": -0.23626607656478882, \"compression_ratio\": 1.25, \"no_speech_prob\": 0.12417039275169373}]}"}