{"title": "why you need to be the leader in your relationship", "video_id": "17H2uJn5KHI", "video_url": "https://www.youtube.com/watch?v=17H2uJn5KHI", "description": "\u2014\u2014\u2014\u2014\u2014\u2014\u2014\u2014\u2014\u2014\u2014\u2014\u2014\u2014\u2014\u2014\u2014\u2014\u2014\u2014\nReady to build a network of amazing women and high-status men?\n\nMichael\u2019s Men of Action is a one-on-one Master\u2019s program that teaches men how to create elite \nsocial lives by becoming higher status.\n\nClick this link to learn how you can have a High-Status lifestyle now:\nhttps://m.moamentoring.com/podcast\n\nClick here to join the Men of Action community and watch the High-Status Networking 101 course:\nhttps://m.moamentoring.com/moa-community\n\nInterested in joining the Men of Action sales team? Apply here:\nhttps://www.moamentoring.com/jobs/sales\n\nMen of Action has an affiliate program! Post pre-made content and get paid passively:\nhttps://www.moamentoring.com/affiliate\n\u2014\u2014\u2014\u2014\u2014\u2014\u2014\u2014\u2014\u2014\u2014\u2014\u2014\u2014\u2014\u2014\u2014\u2014\u2014\u2014\n\nSubscribe on Youtube: \nhttps://www.youtube.com/user/MichaelSartain\n\nListen on Apple Podcast: \nhttps://podcasts.apple.com/us/podcast/the-michael-sartain-podcast/id1579791157\n\nListen on Spotify: \nhttps://open.spotify.com/show/2faAYwvDD9Bvkpwv6umlPO?si=8Q3ak9HnSlKjuChsTXr6YQ&dl_branch=1\n\n#michael #michaelsartain #michael_sartain #michael_sartain_podcast", "published_at": "2023-11-16T18:37:21Z", "channel_id": "UC0T1bDzajVefRWx4uKdGyuw", "channel_title": "Michael Sartain", "tags": ["Michael", "Michael Sartain", "Michael Sartain Podcast", "Michael Podcast", "MOA", "Men Of Action", "Michael Sartain Course", "Michael Sartain With Hot Women", "Playboy", "Swimsuit", "Swimsuit Competition", "ichael sartain social circle", "social circle", "how to netowrk", "moa", "moa podcast", "gender wage gap", "gender wage gap myth", "wage gap", "social value", "michael sartain course", "looks money status", "social circle mentorship", "michael sartain social circle game", "men of action podcast", "men of action course"], "category_id": "24", "live_broadcast_content": "none", "duration": 35.0, "dimension": "2d", "definition": "hd", "caption": "false", "view_count": 4002, "like_count": 136, "comment_count": 1, "channel_info": {"title": "Michael Sartain", "description": "\ud83c\udf99Host of The\u00a0Michael Sartain Podcast \n\n\ud83d\udd25Teaching you how to build a network of desirable women and high-status men\n\n\ud83d\udc47 Click the \"Men of Action\" link below now to forge a high-status lifestyle and join the elites \n", "subscriber_count": "80500", "total_views": "29545897", "total_videos": "1481"}, "comments": [], "file_path": "/Users/aelaguiz/workspace/fc_book/audio/raws/17H2uJn5KHI.mp3", "transcription": "{\"text\": \"Whenever I do what you ask me, you punish me for it. Whenever I lead, we're both happy. Eventually down the line, I'm gonna know how this relationship's gonna go because I'm a competent man. I've fought in two wars and I'm running a seven figure business. I'm a competent human being. From her standpoint, if she sees me as competent, that's why she's with me. If she doesn't see me as competent, then leave. That's fine. If you do respect me and I'm a competent man, you need to let me lead. If we do what you say, you don't have the requisite experience and also you're going to have less respect for me if I'm following your lead. If you follow my lead, we make millions of dollars, live a happy life and travel anywhere you want in the home of your dreams. \", \"segments\": [{\"id\": 0, \"seek\": 0, \"start\": 0.0, \"end\": 2.7200000286102295, \"text\": \" Whenever I do what you ask me, you punish me for it.\", \"tokens\": [50364, 14159, 286, 360, 437, 291, 1029, 385, 11, 291, 9842, 385, 337, 309, 13, 50500], \"temperature\": 0.0, \"avg_logprob\": -0.1870097666978836, \"compression_ratio\": 1.845481038093567, \"no_speech_prob\": 0.6037645936012268}, {\"id\": 1, \"seek\": 0, \"start\": 2.7200000286102295, \"end\": 4.800000190734863, \"text\": \" Whenever I lead, we're both happy.\", \"tokens\": [50500, 14159, 286, 1477, 11, 321, 434, 1293, 2055, 13, 50604], \"temperature\": 0.0, \"avg_logprob\": -0.1870097666978836, \"compression_ratio\": 1.845481038093567, \"no_speech_prob\": 0.6037645936012268}, {\"id\": 2, \"seek\": 0, \"start\": 4.800000190734863, \"end\": 6.480000019073486, \"text\": \" Eventually down the line,\", \"tokens\": [50604, 17586, 760, 264, 1622, 11, 50688], \"temperature\": 0.0, \"avg_logprob\": -0.1870097666978836, \"compression_ratio\": 1.845481038093567, \"no_speech_prob\": 0.6037645936012268}, {\"id\": 3, \"seek\": 0, \"start\": 6.480000019073486, \"end\": 8.359999656677246, \"text\": \" I'm gonna know how this relationship's gonna go\", \"tokens\": [50688, 286, 478, 799, 458, 577, 341, 2480, 311, 799, 352, 50782], \"temperature\": 0.0, \"avg_logprob\": -0.1870097666978836, \"compression_ratio\": 1.845481038093567, \"no_speech_prob\": 0.6037645936012268}, {\"id\": 4, \"seek\": 0, \"start\": 8.359999656677246, \"end\": 9.279999732971191, \"text\": \" because I'm a competent man.\", \"tokens\": [50782, 570, 286, 478, 257, 29998, 587, 13, 50828], \"temperature\": 0.0, \"avg_logprob\": -0.1870097666978836, \"compression_ratio\": 1.845481038093567, \"no_speech_prob\": 0.6037645936012268}, {\"id\": 5, \"seek\": 0, \"start\": 9.279999732971191, \"end\": 10.319999694824219, \"text\": \" I've fought in two wars\", \"tokens\": [50828, 286, 600, 11391, 294, 732, 13718, 50880], \"temperature\": 0.0, \"avg_logprob\": -0.1870097666978836, \"compression_ratio\": 1.845481038093567, \"no_speech_prob\": 0.6037645936012268}, {\"id\": 6, \"seek\": 0, \"start\": 10.319999694824219, \"end\": 11.720000267028809, \"text\": \" and I'm running a seven figure business.\", \"tokens\": [50880, 293, 286, 478, 2614, 257, 3407, 2573, 1606, 13, 50950], \"temperature\": 0.0, \"avg_logprob\": -0.1870097666978836, \"compression_ratio\": 1.845481038093567, \"no_speech_prob\": 0.6037645936012268}, {\"id\": 7, \"seek\": 0, \"start\": 11.720000267028809, \"end\": 12.920000076293945, \"text\": \" I'm a competent human being.\", \"tokens\": [50950, 286, 478, 257, 29998, 1952, 885, 13, 51010], \"temperature\": 0.0, \"avg_logprob\": -0.1870097666978836, \"compression_ratio\": 1.845481038093567, \"no_speech_prob\": 0.6037645936012268}, {\"id\": 8, \"seek\": 0, \"start\": 12.920000076293945, \"end\": 14.84000015258789, \"text\": \" From her standpoint, if she sees me as competent,\", \"tokens\": [51010, 3358, 720, 15827, 11, 498, 750, 8194, 385, 382, 29998, 11, 51106], \"temperature\": 0.0, \"avg_logprob\": -0.1870097666978836, \"compression_ratio\": 1.845481038093567, \"no_speech_prob\": 0.6037645936012268}, {\"id\": 9, \"seek\": 0, \"start\": 14.84000015258789, \"end\": 15.800000190734863, \"text\": \" that's why she's with me.\", \"tokens\": [51106, 300, 311, 983, 750, 311, 365, 385, 13, 51154], \"temperature\": 0.0, \"avg_logprob\": -0.1870097666978836, \"compression_ratio\": 1.845481038093567, \"no_speech_prob\": 0.6037645936012268}, {\"id\": 10, \"seek\": 0, \"start\": 15.800000190734863, \"end\": 17.18000030517578, \"text\": \" If she doesn't see me as competent, then leave.\", \"tokens\": [51154, 759, 750, 1177, 380, 536, 385, 382, 29998, 11, 550, 1856, 13, 51223], \"temperature\": 0.0, \"avg_logprob\": -0.1870097666978836, \"compression_ratio\": 1.845481038093567, \"no_speech_prob\": 0.6037645936012268}, {\"id\": 11, \"seek\": 0, \"start\": 17.18000030517578, \"end\": 18.020000457763672, \"text\": \" That's fine.\", \"tokens\": [51223, 663, 311, 2489, 13, 51265], \"temperature\": 0.0, \"avg_logprob\": -0.1870097666978836, \"compression_ratio\": 1.845481038093567, \"no_speech_prob\": 0.6037645936012268}, {\"id\": 12, \"seek\": 0, \"start\": 18.020000457763672, \"end\": 19.600000381469727, \"text\": \" If you do respect me and I'm a competent man,\", \"tokens\": [51265, 759, 291, 360, 3104, 385, 293, 286, 478, 257, 29998, 587, 11, 51344], \"temperature\": 0.0, \"avg_logprob\": -0.1870097666978836, \"compression_ratio\": 1.845481038093567, \"no_speech_prob\": 0.6037645936012268}, {\"id\": 13, \"seek\": 0, \"start\": 19.600000381469727, \"end\": 20.559999465942383, \"text\": \" you need to let me lead.\", \"tokens\": [51344, 291, 643, 281, 718, 385, 1477, 13, 51392], \"temperature\": 0.0, \"avg_logprob\": -0.1870097666978836, \"compression_ratio\": 1.845481038093567, \"no_speech_prob\": 0.6037645936012268}, {\"id\": 14, \"seek\": 0, \"start\": 20.559999465942383, \"end\": 22.040000915527344, \"text\": \" If we do what you say,\", \"tokens\": [51392, 759, 321, 360, 437, 291, 584, 11, 51466], \"temperature\": 0.0, \"avg_logprob\": -0.1870097666978836, \"compression_ratio\": 1.845481038093567, \"no_speech_prob\": 0.6037645936012268}, {\"id\": 15, \"seek\": 0, \"start\": 22.040000915527344, \"end\": 24.15999984741211, \"text\": \" you don't have the requisite experience\", \"tokens\": [51466, 291, 500, 380, 362, 264, 49878, 642, 1752, 51572], \"temperature\": 0.0, \"avg_logprob\": -0.1870097666978836, \"compression_ratio\": 1.845481038093567, \"no_speech_prob\": 0.6037645936012268}, {\"id\": 16, \"seek\": 0, \"start\": 24.15999984741211, \"end\": 26.1200008392334, \"text\": \" and also you're going to have less respect for me\", \"tokens\": [51572, 293, 611, 291, 434, 516, 281, 362, 1570, 3104, 337, 385, 51670], \"temperature\": 0.0, \"avg_logprob\": -0.1870097666978836, \"compression_ratio\": 1.845481038093567, \"no_speech_prob\": 0.6037645936012268}, {\"id\": 17, \"seek\": 0, \"start\": 26.1200008392334, \"end\": 27.399999618530273, \"text\": \" if I'm following your lead.\", \"tokens\": [51670, 498, 286, 478, 3480, 428, 1477, 13, 51734], \"temperature\": 0.0, \"avg_logprob\": -0.1870097666978836, \"compression_ratio\": 1.845481038093567, \"no_speech_prob\": 0.6037645936012268}, {\"id\": 18, \"seek\": 2740, \"start\": 27.399999618530273, \"end\": 30.200000762939453, \"text\": \" If you follow my lead, we make millions of dollars,\", \"tokens\": [50364, 759, 291, 1524, 452, 1477, 11, 321, 652, 6803, 295, 3808, 11, 50504], \"temperature\": 0.0, \"avg_logprob\": -0.2864711880683899, \"compression_ratio\": 1.2352941036224365, \"no_speech_prob\": 0.8734090924263}, {\"id\": 19, \"seek\": 2740, \"start\": 30.200000762939453, \"end\": 32.560001373291016, \"text\": \" live a happy life and travel anywhere you want\", \"tokens\": [50504, 1621, 257, 2055, 993, 293, 3147, 4992, 291, 528, 50622], \"temperature\": 0.0, \"avg_logprob\": -0.2864711880683899, \"compression_ratio\": 1.2352941036224365, \"no_speech_prob\": 0.8734090924263}, {\"id\": 20, \"seek\": 2740, \"start\": 32.560001373291016, \"end\": 33.79999923706055, \"text\": \" in the home of your dreams.\", \"tokens\": [50622, 294, 264, 1280, 295, 428, 7505, 13, 50684], \"temperature\": 0.0, \"avg_logprob\": -0.2864711880683899, \"compression_ratio\": 1.2352941036224365, \"no_speech_prob\": 0.8734090924263}]}"}