{"title": "The Reason Why You Can't Talk To Good Looking Women -Ft @vtsoscast", "video_id": "2bBEP0CXCX0", "video_url": "https://www.youtube.com/watch?v=2bBEP0CXCX0", "description": "Watch The Full Podcast Here \ud83d\udd17: https://youtu.be/zwNxSbvmIOQ\n\nReady to build a network of amazing women and high-status men?\n\nMichael\u2019s Men of Action is a one-on-one Master\u2019s program that teaches men how to create elite social lives by becoming higher status.\n\nClick this link to learn how you can have a High-Status lifestyle now:\nhttps://m.moamentoring.com/podcast\n\nClick here to join the Men of Action community and watch the High-Status Networking 101 course:\nhttps://m.moamentoring.com/moa-community\n\u2014\u2014\u2014\u2014\u2014\u2014\u2014\u2014\u2014\u2014\u2014\u2014\u2014\u2014\u2014\u2014\u2014\u2014\u2014\u2014\n\nSubscribe on Youtube: \nhttps://www.youtube.com/user/MichaelSartain\n\nListen on Apple Podcast: \nhttps://podcasts.apple.com/us/podcast/the-michael-sartain-podcast/id1579791157\n\nListen on Spotify: \nhttps://open.spotify.com/show/2faAYwvDD9Bvkpwv6umlPO?si=8Q3ak9HnSlKjuChsTXr6YQ&dl_branch=1\n\n#Michael #MichaelSartain #Michael_Sartain #Michael_Sartain_Podcast", "published_at": "2023-06-13T14:45:00Z", "channel_id": "UC0T1bDzajVefRWx4uKdGyuw", "channel_title": "Michael Sartain", "tags": ["Michael", "Michael Sartain", "Michael Sartain Podcast", "Michael Podcast", "MOA", "Men Of Action", "men of action", "Michael Sartain Course", "Michael Sartain With Hot Women", "Rollo", "Rollo Tommasi", "Playboy", "Swimsuit", "Swimsuit Competition"], "category_id": "24", "live_broadcast_content": "none", "duration": 231.0, "dimension": "2d", "definition": "hd", "caption": "false", "view_count": 13647, "like_count": 464, "comment_count": 48, "channel_info": {"title": "Michael Sartain", "description": "\ud83c\udf99Host of The\u00a0Michael Sartain Podcast \n\n\ud83d\udd25Teaching you how to build a network of desirable women and high-status men\n\n\ud83d\udc47 Click the \"Men of Action\" link below now to forge a high-status lifestyle and join the elites \n", "subscriber_count": "80500", "total_views": "29545897", "total_videos": "1481"}, "comments": [], "file_path": "/Users/aelaguiz/workspace/fc_book/audio/raws/2bBEP0CXCX0.mp3", "transcription": "{\"text\": \"There's a there's a couple ways that are cheating which would be strip clubs and prostitutes, but there's another way having female friends Hundreds of them all over the place. Here's what you said immersion immersion. So the trick is immersion The trick for me is so when you join the u.s Are you sure the infantry they put you behind a berm and they fire live rounds over your head? They're not gonna hit you, but you know if you stand up you're gonna die shit at first your heart rates You know the 120s then you do it the second time It's in the 90s then you do it the third time and then finally you're in the 60s your heart rate is like oh They're just shooting you're just talking to your buddy. Hey, what's going on? That's just no don't stand up. You'll get shot face. So your autonomic nerve bullets, by the way Yeah, robots your autonomic nervous system is is firing which causes sweaty palms dilation of pupils Increased adrenaline increased sweat. There's a few other things that happen. We ought to know that nervous system By the way, this is why psychopaths are psychopaths because they don't have those reactions so now we do the same thing with a woman because this these bullets going over my head is a Survival scenario me walking up to a woman for the first time when there's only like five women I may ever ever have to mate with in my entire life 50,000 years ago Dunbar's number about 150 people in a tribe There's only five if I fuck up with this girl. I am unapologetically weeded out of existence My genes are so my first approach to the girl is very nerve-wracking So palm sweat eyes get bigger big big one. If you have a buddy who does this. Hey guys, what's going on? You're talking to your buddy John John's like yo, yo, man. Let's go watch some fucking football, man Let's go watch the I'm gonna go watch two on the and the Dolphins. All right, man. Let's go watch Jimmy Jimmy buckets That's awesome. Then you see that same guy walk up to a girl. Hey guys, what are you guys doing? Yeah, you guys want to go get a little drink drink with us you guys good. Let's go do that I don't want to seem like I'm threatening I want to seem very non-threatening so that maybe I can get around you and like accidentally get some pussy That's what happens to men the constriction of their vocal cords is another autonomic nervous thing. So, how do you cancel that? Immersion I threw up my first seven flights in the in the Air Force full I used to eat a subway just so I could throw up in the bag I thought I threw up the first seven Because they have those long bags. It was long bags. I was vomit in those things after a while I stopped throwing up immersion the emotions that for me nursing yourself in the Yeah, decent entity of women Yeah Deceleration makes my stomach go forward to cause me to become nauseous just a problem that I had even the in the Cessna I had That problem so you become immersed to it. That is the trick What is the easiest way to become immersed with women doesn't mean you're gonna have sex with all of them What's the easiest way? There's a there's a couple ways that are cheating which would be strip clubs and prostitutes But there's another way having female friends hundreds of them all over the place Then you get used to being around these women not needing to attract them and but still being able to hold interesting conversations and when you do that over a while that is the Immersion that you get that causes your autonomic nervous system to not fire and you act like a normal dude There's another way to what is it hosting a podcast that has hundreds of women on it? Of course, that's a merge But that is just immersion hundred percent. Yeah, Brody is your friend? Yeah, but here's the thing like yeah in a vacuum Not you and Brody, but someone like you and someone like Brody could be friends and then accidentally hook up also Yeah, right or what posh with a girl pot? Same thing posh someone like you could be friends with her completely when you meet her. She has a boyfriend they break up She comes on the show every once in a while you guys accidentally hook up because this is another thing that a lot of guys have a problem with being friends with a woman and Having sex with her have nothing to do with each other women frequently have sex with men. They do not like they're attracted to them Yes, but they have sex with men like that guy's a fucking asshole. They have sex with them men women frequently have sex with women I'm sorry women frequently have sex with men that they adore. He's like a brother to me. He's so incredible I love all the things that Alex does for me, but you never you never had sex with him Did you and so what we say in MOA a couple things? Treat them all the same make them talk about themselves and number two women vote with their vagina They don't vote with their mouth. They don't vote with their feet. They vote with their vagina what they're actually attracted to They're gonna let you know by having sex with that person Yeah, and so when you listen to that then then the equation becomes so much simpler and then you have that understanding \", \"segments\": [{\"id\": 0, \"seek\": 0, \"start\": 0.0, \"end\": 5.659999847412109, \"text\": \" There's a there's a couple ways that are cheating which would be strip clubs and prostitutes, but there's another way having female friends\", \"tokens\": [50364, 821, 311, 257, 456, 311, 257, 1916, 2098, 300, 366, 18309, 597, 576, 312, 12828, 15428, 293, 10293, 270, 1819, 11, 457, 456, 311, 1071, 636, 1419, 6556, 1855, 50647], \"temperature\": 0.0, \"avg_logprob\": -0.31690987944602966, \"compression_ratio\": 1.8952879905700684, \"no_speech_prob\": 0.023326216265559196}, {\"id\": 1, \"seek\": 0, \"start\": 6.0, \"end\": 10.4399995803833, \"text\": \" Hundreds of them all over the place. Here's what you said immersion immersion. So the trick is immersion\", \"tokens\": [50664, 45785, 295, 552, 439, 670, 264, 1081, 13, 1692, 311, 437, 291, 848, 40348, 40348, 13, 407, 264, 4282, 307, 40348, 50886], \"temperature\": 0.0, \"avg_logprob\": -0.31690987944602966, \"compression_ratio\": 1.8952879905700684, \"no_speech_prob\": 0.023326216265559196}, {\"id\": 2, \"seek\": 0, \"start\": 10.4399995803833, \"end\": 12.4399995803833, \"text\": \" The trick for me is so when you join the u.s\", \"tokens\": [50886, 440, 4282, 337, 385, 307, 370, 562, 291, 3917, 264, 344, 13, 82, 50986], \"temperature\": 0.0, \"avg_logprob\": -0.31690987944602966, \"compression_ratio\": 1.8952879905700684, \"no_speech_prob\": 0.023326216265559196}, {\"id\": 3, \"seek\": 0, \"start\": 12.920000076293945, \"end\": 16.31999969482422, \"text\": \" Are you sure the infantry they put you behind a berm and they fire live rounds over your head?\", \"tokens\": [51010, 2014, 291, 988, 264, 30887, 436, 829, 291, 2261, 257, 50001, 293, 436, 2610, 1621, 13757, 670, 428, 1378, 30, 51180], \"temperature\": 0.0, \"avg_logprob\": -0.31690987944602966, \"compression_ratio\": 1.8952879905700684, \"no_speech_prob\": 0.023326216265559196}, {\"id\": 4, \"seek\": 0, \"start\": 16.440000534057617, \"end\": 20.799999237060547, \"text\": \" They're not gonna hit you, but you know if you stand up you're gonna die shit at first your heart rates\", \"tokens\": [51186, 814, 434, 406, 799, 2045, 291, 11, 457, 291, 458, 498, 291, 1463, 493, 291, 434, 799, 978, 4611, 412, 700, 428, 1917, 6846, 51404], \"temperature\": 0.0, \"avg_logprob\": -0.31690987944602966, \"compression_ratio\": 1.8952879905700684, \"no_speech_prob\": 0.023326216265559196}, {\"id\": 5, \"seek\": 0, \"start\": 20.799999237060547, \"end\": 23.079999923706055, \"text\": \" You know the 120s then you do it the second time\", \"tokens\": [51404, 509, 458, 264, 10411, 82, 550, 291, 360, 309, 264, 1150, 565, 51518], \"temperature\": 0.0, \"avg_logprob\": -0.31690987944602966, \"compression_ratio\": 1.8952879905700684, \"no_speech_prob\": 0.023326216265559196}, {\"id\": 6, \"seek\": 0, \"start\": 23.079999923706055, \"end\": 27.040000915527344, \"text\": \" It's in the 90s then you do it the third time and then finally you're in the 60s your heart rate is like oh\", \"tokens\": [51518, 467, 311, 294, 264, 4289, 82, 550, 291, 360, 309, 264, 2636, 565, 293, 550, 2721, 291, 434, 294, 264, 4060, 82, 428, 1917, 3314, 307, 411, 1954, 51716], \"temperature\": 0.0, \"avg_logprob\": -0.31690987944602966, \"compression_ratio\": 1.8952879905700684, \"no_speech_prob\": 0.023326216265559196}, {\"id\": 7, \"seek\": 0, \"start\": 27.040000915527344, \"end\": 29.040000915527344, \"text\": \" They're just shooting you're just talking to your buddy. Hey, what's going on?\", \"tokens\": [51716, 814, 434, 445, 5942, 291, 434, 445, 1417, 281, 428, 10340, 13, 1911, 11, 437, 311, 516, 322, 30, 51816], \"temperature\": 0.0, \"avg_logprob\": -0.31690987944602966, \"compression_ratio\": 1.8952879905700684, \"no_speech_prob\": 0.023326216265559196}, {\"id\": 8, \"seek\": 2904, \"start\": 29.040000915527344, \"end\": 33.720001220703125, \"text\": \" That's just no don't stand up. You'll get shot face. So your autonomic nerve bullets, by the way\", \"tokens\": [50364, 663, 311, 445, 572, 500, 380, 1463, 493, 13, 509, 603, 483, 3347, 1851, 13, 407, 428, 18203, 299, 18219, 303, 20132, 11, 538, 264, 636, 50598], \"temperature\": 0.0, \"avg_logprob\": -0.3338519036769867, \"compression_ratio\": 1.7566765546798706, \"no_speech_prob\": 5.338136361388024e-06}, {\"id\": 9, \"seek\": 2904, \"start\": 33.720001220703125, \"end\": 39.7599983215332, \"text\": \" Yeah, robots your autonomic nervous system is is firing which causes sweaty palms dilation of pupils\", \"tokens\": [50598, 865, 11, 14733, 428, 18203, 299, 6296, 1185, 307, 307, 16045, 597, 7700, 36044, 30819, 11504, 399, 295, 38404, 50900], \"temperature\": 0.0, \"avg_logprob\": -0.3338519036769867, \"compression_ratio\": 1.7566765546798706, \"no_speech_prob\": 5.338136361388024e-06}, {\"id\": 10, \"seek\": 2904, \"start\": 40.400001525878906, \"end\": 44.91999816894531, \"text\": \" Increased adrenaline increased sweat. There's a few other things that happen. We ought to know that nervous system\", \"tokens\": [50932, 30367, 1937, 35649, 6505, 11872, 13, 821, 311, 257, 1326, 661, 721, 300, 1051, 13, 492, 13416, 281, 458, 300, 6296, 1185, 51158], \"temperature\": 0.0, \"avg_logprob\": -0.3338519036769867, \"compression_ratio\": 1.7566765546798706, \"no_speech_prob\": 5.338136361388024e-06}, {\"id\": 11, \"seek\": 2904, \"start\": 44.91999816894531, \"end\": 48.08000183105469, \"text\": \" By the way, this is why psychopaths are psychopaths because they don't have those reactions\", \"tokens\": [51158, 3146, 264, 636, 11, 341, 307, 983, 47577, 82, 366, 47577, 82, 570, 436, 500, 380, 362, 729, 12215, 51316], \"temperature\": 0.0, \"avg_logprob\": -0.3338519036769867, \"compression_ratio\": 1.7566765546798706, \"no_speech_prob\": 5.338136361388024e-06}, {\"id\": 12, \"seek\": 2904, \"start\": 48.439998626708984, \"end\": 49.279998779296875, \"text\": \" so now\", \"tokens\": [51334, 370, 586, 51376], \"temperature\": 0.0, \"avg_logprob\": -0.3338519036769867, \"compression_ratio\": 1.7566765546798706, \"no_speech_prob\": 5.338136361388024e-06}, {\"id\": 13, \"seek\": 2904, \"start\": 49.279998779296875, \"end\": 52.68000030517578, \"text\": \" we do the same thing with a woman because this these bullets going over my head is a\", \"tokens\": [51376, 321, 360, 264, 912, 551, 365, 257, 3059, 570, 341, 613, 20132, 516, 670, 452, 1378, 307, 257, 51546], \"temperature\": 0.0, \"avg_logprob\": -0.3338519036769867, \"compression_ratio\": 1.7566765546798706, \"no_speech_prob\": 5.338136361388024e-06}, {\"id\": 14, \"seek\": 2904, \"start\": 52.7599983215332, \"end\": 56.959999084472656, \"text\": \" Survival scenario me walking up to a woman for the first time when there's only like five women\", \"tokens\": [51550, 40716, 3576, 9005, 385, 4494, 493, 281, 257, 3059, 337, 264, 700, 565, 562, 456, 311, 787, 411, 1732, 2266, 51760], \"temperature\": 0.0, \"avg_logprob\": -0.3338519036769867, \"compression_ratio\": 1.7566765546798706, \"no_speech_prob\": 5.338136361388024e-06}, {\"id\": 15, \"seek\": 5696, \"start\": 56.959999084472656, \"end\": 63.040000915527344, \"text\": \" I may ever ever have to mate with in my entire life 50,000 years ago Dunbar's number about 150 people in a tribe\", \"tokens\": [50364, 286, 815, 1562, 1562, 362, 281, 11709, 365, 294, 452, 2302, 993, 2625, 11, 1360, 924, 2057, 11959, 5356, 311, 1230, 466, 8451, 561, 294, 257, 17625, 50668], \"temperature\": 0.0, \"avg_logprob\": -0.26284536719322205, \"compression_ratio\": 1.6797752380371094, \"no_speech_prob\": 0.0017273937119171023}, {\"id\": 16, \"seek\": 5696, \"start\": 63.63999938964844, \"end\": 68.76000213623047, \"text\": \" There's only five if I fuck up with this girl. I am unapologetically weeded out of existence\", \"tokens\": [50698, 821, 311, 787, 1732, 498, 286, 3275, 493, 365, 341, 2013, 13, 286, 669, 517, 569, 1132, 22652, 20852, 292, 484, 295, 9123, 50954], \"temperature\": 0.0, \"avg_logprob\": -0.26284536719322205, \"compression_ratio\": 1.6797752380371094, \"no_speech_prob\": 0.0017273937119171023}, {\"id\": 17, \"seek\": 5696, \"start\": 68.76000213623047, \"end\": 72.76000213623047, \"text\": \" My genes are so my first approach to the girl is very nerve-wracking\", \"tokens\": [50954, 1222, 14424, 366, 370, 452, 700, 3109, 281, 264, 2013, 307, 588, 16355, 12, 7449, 14134, 51154], \"temperature\": 0.0, \"avg_logprob\": -0.26284536719322205, \"compression_ratio\": 1.6797752380371094, \"no_speech_prob\": 0.0017273937119171023}, {\"id\": 18, \"seek\": 5696, \"start\": 72.76000213623047, \"end\": 77.80000305175781, \"text\": \" So palm sweat eyes get bigger big big one. If you have a buddy who does this. Hey guys, what's going on?\", \"tokens\": [51154, 407, 17018, 11872, 2575, 483, 3801, 955, 955, 472, 13, 759, 291, 362, 257, 10340, 567, 775, 341, 13, 1911, 1074, 11, 437, 311, 516, 322, 30, 51406], \"temperature\": 0.0, \"avg_logprob\": -0.26284536719322205, \"compression_ratio\": 1.6797752380371094, \"no_speech_prob\": 0.0017273937119171023}, {\"id\": 19, \"seek\": 5696, \"start\": 78.27999877929688, \"end\": 81.5999984741211, \"text\": \" You're talking to your buddy John John's like yo, yo, man. Let's go watch some fucking football, man\", \"tokens\": [51430, 509, 434, 1417, 281, 428, 10340, 2619, 2619, 311, 411, 5290, 11, 5290, 11, 587, 13, 961, 311, 352, 1159, 512, 5546, 7346, 11, 587, 51596], \"temperature\": 0.0, \"avg_logprob\": -0.26284536719322205, \"compression_ratio\": 1.6797752380371094, \"no_speech_prob\": 0.0017273937119171023}, {\"id\": 20, \"seek\": 5696, \"start\": 81.5999984741211, \"end\": 85.63999938964844, \"text\": \" Let's go watch the I'm gonna go watch two on the and the Dolphins. All right, man. Let's go watch Jimmy Jimmy buckets\", \"tokens\": [51596, 961, 311, 352, 1159, 264, 286, 478, 799, 352, 1159, 732, 322, 264, 293, 264, 18786, 950, 1292, 13, 1057, 558, 11, 587, 13, 961, 311, 352, 1159, 15709, 15709, 32191, 51798], \"temperature\": 0.0, \"avg_logprob\": -0.26284536719322205, \"compression_ratio\": 1.6797752380371094, \"no_speech_prob\": 0.0017273937119171023}, {\"id\": 21, \"seek\": 8564, \"start\": 85.63999938964844, \"end\": 89.72000122070312, \"text\": \" That's awesome. Then you see that same guy walk up to a girl. Hey guys, what are you guys doing?\", \"tokens\": [50364, 663, 311, 3476, 13, 1396, 291, 536, 300, 912, 2146, 1792, 493, 281, 257, 2013, 13, 1911, 1074, 11, 437, 366, 291, 1074, 884, 30, 50568], \"temperature\": 0.0, \"avg_logprob\": -0.2398705929517746, \"compression_ratio\": 1.7183908224105835, \"no_speech_prob\": 0.0002269320102641359}, {\"id\": 22, \"seek\": 8564, \"start\": 89.72000122070312, \"end\": 94.19999694824219, \"text\": \" Yeah, you guys want to go get a little drink drink with us you guys good. Let's go do that\", \"tokens\": [50568, 865, 11, 291, 1074, 528, 281, 352, 483, 257, 707, 2822, 2822, 365, 505, 291, 1074, 665, 13, 961, 311, 352, 360, 300, 50792], \"temperature\": 0.0, \"avg_logprob\": -0.2398705929517746, \"compression_ratio\": 1.7183908224105835, \"no_speech_prob\": 0.0002269320102641359}, {\"id\": 23, \"seek\": 8564, \"start\": 94.19999694824219, \"end\": 95.63999938964844, \"text\": \" I don't want to seem like I'm threatening\", \"tokens\": [50792, 286, 500, 380, 528, 281, 1643, 411, 286, 478, 20768, 50864], \"temperature\": 0.0, \"avg_logprob\": -0.2398705929517746, \"compression_ratio\": 1.7183908224105835, \"no_speech_prob\": 0.0002269320102641359}, {\"id\": 24, \"seek\": 8564, \"start\": 95.63999938964844, \"end\": 100.08000183105469, \"text\": \" I want to seem very non-threatening so that maybe I can get around you and like accidentally get some pussy\", \"tokens\": [50864, 286, 528, 281, 1643, 588, 2107, 12, 392, 620, 4559, 370, 300, 1310, 286, 393, 483, 926, 291, 293, 411, 15715, 483, 512, 40169, 51086], \"temperature\": 0.0, \"avg_logprob\": -0.2398705929517746, \"compression_ratio\": 1.7183908224105835, \"no_speech_prob\": 0.0002269320102641359}, {\"id\": 25, \"seek\": 8564, \"start\": 100.16000366210938, \"end\": 106.44000244140625, \"text\": \" That's what happens to men the constriction of their vocal cords is another autonomic nervous thing. So, how do you cancel that?\", \"tokens\": [51090, 663, 311, 437, 2314, 281, 1706, 264, 1817, 3740, 313, 295, 641, 11657, 36302, 307, 1071, 18203, 299, 6296, 551, 13, 407, 11, 577, 360, 291, 10373, 300, 30, 51404], \"temperature\": 0.0, \"avg_logprob\": -0.2398705929517746, \"compression_ratio\": 1.7183908224105835, \"no_speech_prob\": 0.0002269320102641359}, {\"id\": 26, \"seek\": 8564, \"start\": 107.12000274658203, \"end\": 111.83999633789062, \"text\": \" Immersion I threw up my first seven flights in the in the Air Force full\", \"tokens\": [51438, 17322, 433, 313, 286, 11918, 493, 452, 700, 3407, 21089, 294, 264, 294, 264, 5774, 10580, 1577, 51674], \"temperature\": 0.0, \"avg_logprob\": -0.2398705929517746, \"compression_ratio\": 1.7183908224105835, \"no_speech_prob\": 0.0002269320102641359}, {\"id\": 27, \"seek\": 8564, \"start\": 111.83999633789062, \"end\": 114.19999694824219, \"text\": \" I used to eat a subway just so I could throw up in the bag\", \"tokens\": [51674, 286, 1143, 281, 1862, 257, 24953, 445, 370, 286, 727, 3507, 493, 294, 264, 3411, 51792], \"temperature\": 0.0, \"avg_logprob\": -0.2398705929517746, \"compression_ratio\": 1.7183908224105835, \"no_speech_prob\": 0.0002269320102641359}, {\"id\": 28, \"seek\": 11420, \"start\": 114.19999694824219, \"end\": 116.19999694824219, \"text\": \" I thought I threw up the first seven\", \"tokens\": [50364, 286, 1194, 286, 11918, 493, 264, 700, 3407, 50464], \"temperature\": 0.0, \"avg_logprob\": -0.3678812086582184, \"compression_ratio\": 1.835195541381836, \"no_speech_prob\": 0.0007436874439008534}, {\"id\": 29, \"seek\": 11420, \"start\": 116.76000213623047, \"end\": 120.23999786376953, \"text\": \" Because they have those long bags. It was long bags. I was vomit in those things after a while\", \"tokens\": [50492, 1436, 436, 362, 729, 938, 10405, 13, 467, 390, 938, 10405, 13, 286, 390, 42374, 294, 729, 721, 934, 257, 1339, 50666], \"temperature\": 0.0, \"avg_logprob\": -0.3678812086582184, \"compression_ratio\": 1.835195541381836, \"no_speech_prob\": 0.0007436874439008534}, {\"id\": 30, \"seek\": 11420, \"start\": 120.23999786376953, \"end\": 124.68000030517578, \"text\": \" I stopped throwing up immersion the emotions that for me nursing yourself in the\", \"tokens\": [50666, 286, 5936, 10238, 493, 40348, 264, 8462, 300, 337, 385, 15423, 1803, 294, 264, 50888], \"temperature\": 0.0, \"avg_logprob\": -0.3678812086582184, \"compression_ratio\": 1.835195541381836, \"no_speech_prob\": 0.0007436874439008534}, {\"id\": 31, \"seek\": 11420, \"start\": 124.91999816894531, \"end\": 126.63999938964844, \"text\": \" Yeah, decent entity of women\", \"tokens\": [50900, 865, 11, 8681, 13977, 295, 2266, 50986], \"temperature\": 0.0, \"avg_logprob\": -0.3678812086582184, \"compression_ratio\": 1.835195541381836, \"no_speech_prob\": 0.0007436874439008534}, {\"id\": 32, \"seek\": 11420, \"start\": 126.63999938964844, \"end\": 127.04000091552734, \"text\": \" Yeah\", \"tokens\": [50986, 865, 51006], \"temperature\": 0.0, \"avg_logprob\": -0.3678812086582184, \"compression_ratio\": 1.835195541381836, \"no_speech_prob\": 0.0007436874439008534}, {\"id\": 33, \"seek\": 11420, \"start\": 127.04000091552734, \"end\": 132.0399932861328, \"text\": \" Deceleration makes my stomach go forward to cause me to become nauseous just a problem that I had even the in the Cessna I had\", \"tokens\": [51006, 1346, 4933, 5053, 1669, 452, 9665, 352, 2128, 281, 3082, 385, 281, 1813, 34735, 563, 445, 257, 1154, 300, 286, 632, 754, 264, 294, 264, 383, 442, 629, 286, 632, 51256], \"temperature\": 0.0, \"avg_logprob\": -0.3678812086582184, \"compression_ratio\": 1.835195541381836, \"no_speech_prob\": 0.0007436874439008534}, {\"id\": 34, \"seek\": 11420, \"start\": 132.0399932861328, \"end\": 135.0800018310547, \"text\": \" That problem so you become immersed to it. That is the trick\", \"tokens\": [51256, 663, 1154, 370, 291, 1813, 35416, 281, 309, 13, 663, 307, 264, 4282, 51408], \"temperature\": 0.0, \"avg_logprob\": -0.3678812086582184, \"compression_ratio\": 1.835195541381836, \"no_speech_prob\": 0.0007436874439008534}, {\"id\": 35, \"seek\": 11420, \"start\": 135.0800018310547, \"end\": 138.27999877929688, \"text\": \" What is the easiest way to become immersed with women doesn't mean you're gonna have sex with all of them\", \"tokens\": [51408, 708, 307, 264, 12889, 636, 281, 1813, 35416, 365, 2266, 1177, 380, 914, 291, 434, 799, 362, 3260, 365, 439, 295, 552, 51568], \"temperature\": 0.0, \"avg_logprob\": -0.3678812086582184, \"compression_ratio\": 1.835195541381836, \"no_speech_prob\": 0.0007436874439008534}, {\"id\": 36, \"seek\": 11420, \"start\": 138.27999877929688, \"end\": 139.24000549316406, \"text\": \" What's the easiest way?\", \"tokens\": [51568, 708, 311, 264, 12889, 636, 30, 51616], \"temperature\": 0.0, \"avg_logprob\": -0.3678812086582184, \"compression_ratio\": 1.835195541381836, \"no_speech_prob\": 0.0007436874439008534}, {\"id\": 37, \"seek\": 11420, \"start\": 139.24000549316406, \"end\": 142.36000061035156, \"text\": \" There's a there's a couple ways that are cheating which would be strip clubs and prostitutes\", \"tokens\": [51616, 821, 311, 257, 456, 311, 257, 1916, 2098, 300, 366, 18309, 597, 576, 312, 12828, 15428, 293, 10293, 270, 1819, 51772], \"temperature\": 0.0, \"avg_logprob\": -0.3678812086582184, \"compression_ratio\": 1.835195541381836, \"no_speech_prob\": 0.0007436874439008534}, {\"id\": 38, \"seek\": 14236, \"start\": 142.36000061035156, \"end\": 147.24000549316406, \"text\": \" But there's another way having female friends hundreds of them all over the place\", \"tokens\": [50364, 583, 456, 311, 1071, 636, 1419, 6556, 1855, 6779, 295, 552, 439, 670, 264, 1081, 50608], \"temperature\": 0.0, \"avg_logprob\": -0.3125106990337372, \"compression_ratio\": 1.8157894611358643, \"no_speech_prob\": 0.0009399246191605926}, {\"id\": 39, \"seek\": 14236, \"start\": 147.24000549316406, \"end\": 152.8000030517578, \"text\": \" Then you get used to being around these women not needing to attract them and but still being able to hold interesting conversations\", \"tokens\": [50608, 1396, 291, 483, 1143, 281, 885, 926, 613, 2266, 406, 18006, 281, 5049, 552, 293, 457, 920, 885, 1075, 281, 1797, 1880, 7315, 50886], \"temperature\": 0.0, \"avg_logprob\": -0.3125106990337372, \"compression_ratio\": 1.8157894611358643, \"no_speech_prob\": 0.0009399246191605926}, {\"id\": 40, \"seek\": 14236, \"start\": 152.8000030517578, \"end\": 154.9199981689453, \"text\": \" and when you do that over a while that is the\", \"tokens\": [50886, 293, 562, 291, 360, 300, 670, 257, 1339, 300, 307, 264, 50992], \"temperature\": 0.0, \"avg_logprob\": -0.3125106990337372, \"compression_ratio\": 1.8157894611358643, \"no_speech_prob\": 0.0009399246191605926}, {\"id\": 41, \"seek\": 14236, \"start\": 155.1199951171875, \"end\": 160.1199951171875, \"text\": \" Immersion that you get that causes your autonomic nervous system to not fire and you act like a normal dude\", \"tokens\": [51002, 17322, 433, 313, 300, 291, 483, 300, 7700, 428, 18203, 299, 6296, 1185, 281, 406, 2610, 293, 291, 605, 411, 257, 2710, 6449, 51252], \"temperature\": 0.0, \"avg_logprob\": -0.3125106990337372, \"compression_ratio\": 1.8157894611358643, \"no_speech_prob\": 0.0009399246191605926}, {\"id\": 42, \"seek\": 14236, \"start\": 160.1199951171875, \"end\": 165.36000061035156, \"text\": \" There's another way to what is it hosting a podcast that has hundreds of women on it? Of course, that's a merge\", \"tokens\": [51252, 821, 311, 1071, 636, 281, 437, 307, 309, 16058, 257, 7367, 300, 575, 6779, 295, 2266, 322, 309, 30, 2720, 1164, 11, 300, 311, 257, 22183, 51514], \"temperature\": 0.0, \"avg_logprob\": -0.3125106990337372, \"compression_ratio\": 1.8157894611358643, \"no_speech_prob\": 0.0009399246191605926}, {\"id\": 43, \"seek\": 14236, \"start\": 165.36000061035156, \"end\": 167.8800048828125, \"text\": \" But that is just immersion hundred percent. Yeah, Brody is your friend?\", \"tokens\": [51514, 583, 300, 307, 445, 40348, 3262, 3043, 13, 865, 11, 5425, 3173, 307, 428, 1277, 30, 51640], \"temperature\": 0.0, \"avg_logprob\": -0.3125106990337372, \"compression_ratio\": 1.8157894611358643, \"no_speech_prob\": 0.0009399246191605926}, {\"id\": 44, \"seek\": 16788, \"start\": 167.8800048828125, \"end\": 170.67999267578125, \"text\": \" Yeah, but here's the thing like yeah in a vacuum\", \"tokens\": [50364, 865, 11, 457, 510, 311, 264, 551, 411, 1338, 294, 257, 14224, 50504], \"temperature\": 0.0, \"avg_logprob\": -0.31196317076683044, \"compression_ratio\": 1.9331307411193848, \"no_speech_prob\": 0.001548625878058374}, {\"id\": 45, \"seek\": 16788, \"start\": 170.9600067138672, \"end\": 175.9600067138672, \"text\": \" Not you and Brody, but someone like you and someone like Brody could be friends and then accidentally hook up also\", \"tokens\": [50518, 1726, 291, 293, 5425, 3173, 11, 457, 1580, 411, 291, 293, 1580, 411, 5425, 3173, 727, 312, 1855, 293, 550, 15715, 6328, 493, 611, 50768], \"temperature\": 0.0, \"avg_logprob\": -0.31196317076683044, \"compression_ratio\": 1.9331307411193848, \"no_speech_prob\": 0.001548625878058374}, {\"id\": 46, \"seek\": 16788, \"start\": 175.9600067138672, \"end\": 177.9600067138672, \"text\": \" Yeah, right or what posh with a girl pot?\", \"tokens\": [50768, 865, 11, 558, 420, 437, 1366, 71, 365, 257, 2013, 1847, 30, 50868], \"temperature\": 0.0, \"avg_logprob\": -0.31196317076683044, \"compression_ratio\": 1.9331307411193848, \"no_speech_prob\": 0.001548625878058374}, {\"id\": 47, \"seek\": 16788, \"start\": 178.39999389648438, \"end\": 183.44000244140625, \"text\": \" Same thing posh someone like you could be friends with her completely when you meet her. She has a boyfriend they break up\", \"tokens\": [50890, 10635, 551, 1366, 71, 1580, 411, 291, 727, 312, 1855, 365, 720, 2584, 562, 291, 1677, 720, 13, 1240, 575, 257, 11457, 436, 1821, 493, 51142], \"temperature\": 0.0, \"avg_logprob\": -0.31196317076683044, \"compression_ratio\": 1.9331307411193848, \"no_speech_prob\": 0.001548625878058374}, {\"id\": 48, \"seek\": 16788, \"start\": 183.44000244140625, \"end\": 184.67999267578125, \"text\": \" She comes on the show every once in a while\", \"tokens\": [51142, 1240, 1487, 322, 264, 855, 633, 1564, 294, 257, 1339, 51204], \"temperature\": 0.0, \"avg_logprob\": -0.31196317076683044, \"compression_ratio\": 1.9331307411193848, \"no_speech_prob\": 0.001548625878058374}, {\"id\": 49, \"seek\": 16788, \"start\": 184.67999267578125, \"end\": 189.67999267578125, \"text\": \" you guys accidentally hook up because this is another thing that a lot of guys have a problem with being friends with a woman and\", \"tokens\": [51204, 291, 1074, 15715, 6328, 493, 570, 341, 307, 1071, 551, 300, 257, 688, 295, 1074, 362, 257, 1154, 365, 885, 1855, 365, 257, 3059, 293, 51454], \"temperature\": 0.0, \"avg_logprob\": -0.31196317076683044, \"compression_ratio\": 1.9331307411193848, \"no_speech_prob\": 0.001548625878058374}, {\"id\": 50, \"seek\": 16788, \"start\": 189.67999267578125, \"end\": 196.63999938964844, \"text\": \" Having sex with her have nothing to do with each other women frequently have sex with men. They do not like they're attracted to them\", \"tokens\": [51454, 10222, 3260, 365, 720, 362, 1825, 281, 360, 365, 1184, 661, 2266, 10374, 362, 3260, 365, 1706, 13, 814, 360, 406, 411, 436, 434, 15912, 281, 552, 51802], \"temperature\": 0.0, \"avg_logprob\": -0.31196317076683044, \"compression_ratio\": 1.9331307411193848, \"no_speech_prob\": 0.001548625878058374}, {\"id\": 51, \"seek\": 19664, \"start\": 196.63999938964844, \"end\": 202.36000061035156, \"text\": \" Yes, but they have sex with men like that guy's a fucking asshole. They have sex with them men women frequently have sex with women\", \"tokens\": [50364, 1079, 11, 457, 436, 362, 3260, 365, 1706, 411, 300, 2146, 311, 257, 5546, 28599, 13, 814, 362, 3260, 365, 552, 1706, 2266, 10374, 362, 3260, 365, 2266, 50650], \"temperature\": 0.0, \"avg_logprob\": -0.26175230741500854, \"compression_ratio\": 2.0493826866149902, \"no_speech_prob\": 0.00044418973266147077}, {\"id\": 52, \"seek\": 19664, \"start\": 202.39999389648438, \"end\": 208.36000061035156, \"text\": \" I'm sorry women frequently have sex with men that they adore. He's like a brother to me. He's so incredible\", \"tokens\": [50652, 286, 478, 2597, 2266, 10374, 362, 3260, 365, 1706, 300, 436, 32060, 13, 634, 311, 411, 257, 3708, 281, 385, 13, 634, 311, 370, 4651, 50950], \"temperature\": 0.0, \"avg_logprob\": -0.26175230741500854, \"compression_ratio\": 2.0493826866149902, \"no_speech_prob\": 0.00044418973266147077}, {\"id\": 53, \"seek\": 19664, \"start\": 208.36000061035156, \"end\": 211.75999450683594, \"text\": \" I love all the things that Alex does for me, but you never you never had sex with him\", \"tokens\": [50950, 286, 959, 439, 264, 721, 300, 5202, 775, 337, 385, 11, 457, 291, 1128, 291, 1128, 632, 3260, 365, 796, 51120], \"temperature\": 0.0, \"avg_logprob\": -0.26175230741500854, \"compression_ratio\": 2.0493826866149902, \"no_speech_prob\": 0.00044418973266147077}, {\"id\": 54, \"seek\": 19664, \"start\": 211.75999450683594, \"end\": 213.8000030517578, \"text\": \" Did you and so what we say in MOA a couple things?\", \"tokens\": [51120, 2589, 291, 293, 370, 437, 321, 584, 294, 19290, 32, 257, 1916, 721, 30, 51222], \"temperature\": 0.0, \"avg_logprob\": -0.26175230741500854, \"compression_ratio\": 2.0493826866149902, \"no_speech_prob\": 0.00044418973266147077}, {\"id\": 55, \"seek\": 19664, \"start\": 213.9199981689453, \"end\": 217.52000427246094, \"text\": \" Treat them all the same make them talk about themselves and number two women vote with their vagina\", \"tokens\": [51228, 20298, 552, 439, 264, 912, 652, 552, 751, 466, 2969, 293, 1230, 732, 2266, 4740, 365, 641, 38963, 51408], \"temperature\": 0.0, \"avg_logprob\": -0.26175230741500854, \"compression_ratio\": 2.0493826866149902, \"no_speech_prob\": 0.00044418973266147077}, {\"id\": 56, \"seek\": 19664, \"start\": 217.52000427246094, \"end\": 221.52000427246094, \"text\": \" They don't vote with their mouth. They don't vote with their feet. They vote with their vagina what they're actually attracted to\", \"tokens\": [51408, 814, 500, 380, 4740, 365, 641, 4525, 13, 814, 500, 380, 4740, 365, 641, 3521, 13, 814, 4740, 365, 641, 38963, 437, 436, 434, 767, 15912, 281, 51608], \"temperature\": 0.0, \"avg_logprob\": -0.26175230741500854, \"compression_ratio\": 2.0493826866149902, \"no_speech_prob\": 0.00044418973266147077}, {\"id\": 57, \"seek\": 19664, \"start\": 221.52000427246094, \"end\": 223.36000061035156, \"text\": \" They're gonna let you know by having sex with that person\", \"tokens\": [51608, 814, 434, 799, 718, 291, 458, 538, 1419, 3260, 365, 300, 954, 51700], \"temperature\": 0.0, \"avg_logprob\": -0.26175230741500854, \"compression_ratio\": 2.0493826866149902, \"no_speech_prob\": 0.00044418973266147077}, {\"id\": 58, \"seek\": 22336, \"start\": 223.36000061035156, \"end\": 230.1999969482422, \"text\": \" Yeah, and so when you listen to that then then the equation becomes so much simpler and then you have that understanding\", \"tokens\": [50364, 865, 11, 293, 370, 562, 291, 2140, 281, 300, 550, 550, 264, 5367, 3643, 370, 709, 18587, 293, 550, 291, 362, 300, 3701, 50706], \"temperature\": 0.0, \"avg_logprob\": -0.38015133142471313, \"compression_ratio\": 1.3043478727340698, \"no_speech_prob\": 0.11590485274791718}]}"}