{"title": "99% Of Men Need To Listen To This #shorts", "video_id": "2laKjiX1EmI", "video_url": "https://www.youtube.com/watch?v=2laKjiX1EmI", "description": "Here's a clip from a podcast episode with  @ValuetainmentMoney  and  @RolloTomassi  #shorts \nFull Video \ud83d\udd17: https://www.youtube.com/live/Vz72_LFOqAQ\n\n\u2014\u2014\u2014\u2014\u2014\u2014\u2014\u2014\u2014\u2014\u2014\u2014\u2014\u2014\u2014\u2014\u2014\u2014\u2014\nReady to build a network of amazing women and high-status men? \n\nMichael\u2019s Men of Action Mentoring Program is a Master\u2019s course dedicated to helping people elevate their social lives by becoming higher status and building elite social circles.\n\nClick the link to learn how you can start living the high-status social life you always wanted: https://m.moamentoring.com/podcast\n\u2014\u2014\u2014\u2014\u2014\u2014\u2014\u2014\u2014\u2014\u2014\u2014\u2014\u2014\u2014\u2014\u2014\u2014\u2014\u2014\n\nSubscribe on Youtube: \nhttps://www.youtube.com/user/MichaelSartain\n\nListen on Apple Podcast: \nhttps://podcasts.apple.com/us/podcast/the-michael-sartain-podcast/id1579791157\n\nListen on Spotify: \nhttps://open.spotify.com/show/2faAYwvDD9Bvkpwv6umlPO?si=8Q3ak9HnSlKjuChsTXr6YQ&dl_branch=1", "published_at": "2022-12-21T03:30:03Z", "channel_id": "UC0T1bDzajVefRWx4uKdGyuw", "channel_title": "Michael Sartain", "tags": [], "category_id": "24", "live_broadcast_content": "none", "duration": 60.0, "dimension": "2d", "definition": "hd", "caption": "false", "view_count": 3244, "like_count": 209, "comment_count": 9, "channel_info": {"title": "Michael Sartain", "description": "\ud83c\udf99Host of The\u00a0Michael Sartain Podcast \n\n\ud83d\udd25Teaching you how to build a network of desirable women and high-status men\n\n\ud83d\udc47 Click the \"Men of Action\" link below now to forge a high-status lifestyle and join the elites \n", "subscriber_count": "80500", "total_views": "29545897", "total_videos": "1481"}, "comments": [], "file_path": "/Users/aelaguiz/workspace/fc_book/audio/raws/2laKjiX1EmI.mp3", "transcription": "{\"text\": \"If you have won an NBA championship, if you have won an Academy Award, you don't need to listen to anything I'm saying. For 99% of you, you're normal f***ing dudes. No one cares about you. Listen to me one more time. No one is coming to save you. No one cares about you. And if you choose to sit on your mom's basement and type comments on YouTube videos for the rest of your life, I promise you, you can avoid getting laid forever. It is not hard. It is very, very easy to not run a seven-figure business. It is very, very easy to never get laid. It is not difficult whatsoever. And all of you are going down that path. What has happened is now women can put up average social media profiles and get outrageous amounts of attention to the point where they actually get invited onto yachts and end up having sexual intercourse with celebrities. Men have average social media profiles and they look like child m******. They look like f***ing weirdos out in the backwoods and they have no idea what they're doing. Average for men is s***. Average for women is terrific. And as men, you have to understand, that's why always first thing you do when we come into Men of Action Mentoring. \", \"segments\": [{\"id\": 0, \"seek\": 0, \"start\": 0.0, \"end\": 1.9199999570846558, \"text\": \" If you have won an NBA championship,\", \"tokens\": [50364, 759, 291, 362, 1582, 364, 23890, 19070, 11, 50460], \"temperature\": 0.0, \"avg_logprob\": -0.1958894282579422, \"compression_ratio\": 1.811258316040039, \"no_speech_prob\": 0.0744856670498848}, {\"id\": 1, \"seek\": 0, \"start\": 1.9199999570846558, \"end\": 3.880000114440918, \"text\": \" if you have won an Academy Award,\", \"tokens\": [50460, 498, 291, 362, 1582, 364, 11735, 13894, 11, 50558], \"temperature\": 0.0, \"avg_logprob\": -0.1958894282579422, \"compression_ratio\": 1.811258316040039, \"no_speech_prob\": 0.0744856670498848}, {\"id\": 2, \"seek\": 0, \"start\": 3.880000114440918, \"end\": 5.800000190734863, \"text\": \" you don't need to listen to anything I'm saying.\", \"tokens\": [50558, 291, 500, 380, 643, 281, 2140, 281, 1340, 286, 478, 1566, 13, 50654], \"temperature\": 0.0, \"avg_logprob\": -0.1958894282579422, \"compression_ratio\": 1.811258316040039, \"no_speech_prob\": 0.0744856670498848}, {\"id\": 3, \"seek\": 0, \"start\": 5.800000190734863, \"end\": 8.539999961853027, \"text\": \" For 99% of you, you're normal f***ing dudes.\", \"tokens\": [50654, 1171, 11803, 4, 295, 291, 11, 291, 434, 2710, 283, 13684, 278, 27717, 13, 50791], \"temperature\": 0.0, \"avg_logprob\": -0.1958894282579422, \"compression_ratio\": 1.811258316040039, \"no_speech_prob\": 0.0744856670498848}, {\"id\": 4, \"seek\": 0, \"start\": 8.539999961853027, \"end\": 9.84000015258789, \"text\": \" No one cares about you.\", \"tokens\": [50791, 883, 472, 12310, 466, 291, 13, 50856], \"temperature\": 0.0, \"avg_logprob\": -0.1958894282579422, \"compression_ratio\": 1.811258316040039, \"no_speech_prob\": 0.0744856670498848}, {\"id\": 5, \"seek\": 0, \"start\": 9.84000015258789, \"end\": 11.199999809265137, \"text\": \" Listen to me one more time.\", \"tokens\": [50856, 7501, 281, 385, 472, 544, 565, 13, 50924], \"temperature\": 0.0, \"avg_logprob\": -0.1958894282579422, \"compression_ratio\": 1.811258316040039, \"no_speech_prob\": 0.0744856670498848}, {\"id\": 6, \"seek\": 0, \"start\": 11.199999809265137, \"end\": 12.739999771118164, \"text\": \" No one is coming to save you.\", \"tokens\": [50924, 883, 472, 307, 1348, 281, 3155, 291, 13, 51001], \"temperature\": 0.0, \"avg_logprob\": -0.1958894282579422, \"compression_ratio\": 1.811258316040039, \"no_speech_prob\": 0.0744856670498848}, {\"id\": 7, \"seek\": 0, \"start\": 12.739999771118164, \"end\": 13.880000114440918, \"text\": \" No one cares about you.\", \"tokens\": [51001, 883, 472, 12310, 466, 291, 13, 51058], \"temperature\": 0.0, \"avg_logprob\": -0.1958894282579422, \"compression_ratio\": 1.811258316040039, \"no_speech_prob\": 0.0744856670498848}, {\"id\": 8, \"seek\": 0, \"start\": 13.880000114440918, \"end\": 16.360000610351562, \"text\": \" And if you choose to sit on your mom's basement\", \"tokens\": [51058, 400, 498, 291, 2826, 281, 1394, 322, 428, 1225, 311, 16893, 51182], \"temperature\": 0.0, \"avg_logprob\": -0.1958894282579422, \"compression_ratio\": 1.811258316040039, \"no_speech_prob\": 0.0744856670498848}, {\"id\": 9, \"seek\": 0, \"start\": 16.360000610351562, \"end\": 18.31999969482422, \"text\": \" and type comments on YouTube videos\", \"tokens\": [51182, 293, 2010, 3053, 322, 3088, 2145, 51280], \"temperature\": 0.0, \"avg_logprob\": -0.1958894282579422, \"compression_ratio\": 1.811258316040039, \"no_speech_prob\": 0.0744856670498848}, {\"id\": 10, \"seek\": 0, \"start\": 18.31999969482422, \"end\": 19.200000762939453, \"text\": \" for the rest of your life,\", \"tokens\": [51280, 337, 264, 1472, 295, 428, 993, 11, 51324], \"temperature\": 0.0, \"avg_logprob\": -0.1958894282579422, \"compression_ratio\": 1.811258316040039, \"no_speech_prob\": 0.0744856670498848}, {\"id\": 11, \"seek\": 0, \"start\": 19.200000762939453, \"end\": 22.0, \"text\": \" I promise you, you can avoid getting laid forever.\", \"tokens\": [51324, 286, 6228, 291, 11, 291, 393, 5042, 1242, 9897, 5680, 13, 51464], \"temperature\": 0.0, \"avg_logprob\": -0.1958894282579422, \"compression_ratio\": 1.811258316040039, \"no_speech_prob\": 0.0744856670498848}, {\"id\": 12, \"seek\": 0, \"start\": 22.0, \"end\": 22.84000015258789, \"text\": \" It is not hard.\", \"tokens\": [51464, 467, 307, 406, 1152, 13, 51506], \"temperature\": 0.0, \"avg_logprob\": -0.1958894282579422, \"compression_ratio\": 1.811258316040039, \"no_speech_prob\": 0.0744856670498848}, {\"id\": 13, \"seek\": 0, \"start\": 22.84000015258789, \"end\": 26.1200008392334, \"text\": \" It is very, very easy to not run a seven-figure business.\", \"tokens\": [51506, 467, 307, 588, 11, 588, 1858, 281, 406, 1190, 257, 3407, 12, 20646, 540, 1606, 13, 51670], \"temperature\": 0.0, \"avg_logprob\": -0.1958894282579422, \"compression_ratio\": 1.811258316040039, \"no_speech_prob\": 0.0744856670498848}, {\"id\": 14, \"seek\": 0, \"start\": 26.1200008392334, \"end\": 28.479999542236328, \"text\": \" It is very, very easy to never get laid.\", \"tokens\": [51670, 467, 307, 588, 11, 588, 1858, 281, 1128, 483, 9897, 13, 51788], \"temperature\": 0.0, \"avg_logprob\": -0.1958894282579422, \"compression_ratio\": 1.811258316040039, \"no_speech_prob\": 0.0744856670498848}, {\"id\": 15, \"seek\": 2848, \"start\": 28.479999542236328, \"end\": 30.200000762939453, \"text\": \" It is not difficult whatsoever.\", \"tokens\": [50364, 467, 307, 406, 2252, 17076, 13, 50450], \"temperature\": 0.0, \"avg_logprob\": -0.22808806598186493, \"compression_ratio\": 1.8048779964447021, \"no_speech_prob\": 0.20918655395507812}, {\"id\": 16, \"seek\": 2848, \"start\": 30.200000762939453, \"end\": 31.799999237060547, \"text\": \" And all of you are going down that path.\", \"tokens\": [50450, 400, 439, 295, 291, 366, 516, 760, 300, 3100, 13, 50530], \"temperature\": 0.0, \"avg_logprob\": -0.22808806598186493, \"compression_ratio\": 1.8048779964447021, \"no_speech_prob\": 0.20918655395507812}, {\"id\": 17, \"seek\": 2848, \"start\": 31.799999237060547, \"end\": 33.400001525878906, \"text\": \" What has happened is now women\", \"tokens\": [50530, 708, 575, 2011, 307, 586, 2266, 50610], \"temperature\": 0.0, \"avg_logprob\": -0.22808806598186493, \"compression_ratio\": 1.8048779964447021, \"no_speech_prob\": 0.20918655395507812}, {\"id\": 18, \"seek\": 2848, \"start\": 33.400001525878906, \"end\": 35.34000015258789, \"text\": \" can put up average social media profiles\", \"tokens\": [50610, 393, 829, 493, 4274, 2093, 3021, 23693, 50707], \"temperature\": 0.0, \"avg_logprob\": -0.22808806598186493, \"compression_ratio\": 1.8048779964447021, \"no_speech_prob\": 0.20918655395507812}, {\"id\": 19, \"seek\": 2848, \"start\": 35.34000015258789, \"end\": 37.279998779296875, \"text\": \" and get outrageous amounts of attention\", \"tokens\": [50707, 293, 483, 38685, 11663, 295, 3202, 50804], \"temperature\": 0.0, \"avg_logprob\": -0.22808806598186493, \"compression_ratio\": 1.8048779964447021, \"no_speech_prob\": 0.20918655395507812}, {\"id\": 20, \"seek\": 2848, \"start\": 37.279998779296875, \"end\": 39.7599983215332, \"text\": \" to the point where they actually get invited onto yachts\", \"tokens\": [50804, 281, 264, 935, 689, 436, 767, 483, 9185, 3911, 39629, 82, 50928], \"temperature\": 0.0, \"avg_logprob\": -0.22808806598186493, \"compression_ratio\": 1.8048779964447021, \"no_speech_prob\": 0.20918655395507812}, {\"id\": 21, \"seek\": 2848, \"start\": 39.7599983215332, \"end\": 42.20000076293945, \"text\": \" and end up having sexual intercourse with celebrities.\", \"tokens\": [50928, 293, 917, 493, 1419, 6701, 728, 31913, 365, 23200, 13, 51050], \"temperature\": 0.0, \"avg_logprob\": -0.22808806598186493, \"compression_ratio\": 1.8048779964447021, \"no_speech_prob\": 0.20918655395507812}, {\"id\": 22, \"seek\": 2848, \"start\": 42.20000076293945, \"end\": 44.18000030517578, \"text\": \" Men have average social media profiles\", \"tokens\": [51050, 6685, 362, 4274, 2093, 3021, 23693, 51149], \"temperature\": 0.0, \"avg_logprob\": -0.22808806598186493, \"compression_ratio\": 1.8048779964447021, \"no_speech_prob\": 0.20918655395507812}, {\"id\": 23, \"seek\": 2848, \"start\": 44.18000030517578, \"end\": 45.720001220703125, \"text\": \" and they look like child m******.\", \"tokens\": [51149, 293, 436, 574, 411, 1440, 275, 24396, 4852, 13, 51226], \"temperature\": 0.0, \"avg_logprob\": -0.22808806598186493, \"compression_ratio\": 1.8048779964447021, \"no_speech_prob\": 0.20918655395507812}, {\"id\": 24, \"seek\": 2848, \"start\": 45.720001220703125, \"end\": 48.15999984741211, \"text\": \" They look like f***ing weirdos out in the backwoods\", \"tokens\": [51226, 814, 574, 411, 283, 13684, 278, 3657, 329, 484, 294, 264, 646, 6092, 82, 51348], \"temperature\": 0.0, \"avg_logprob\": -0.22808806598186493, \"compression_ratio\": 1.8048779964447021, \"no_speech_prob\": 0.20918655395507812}, {\"id\": 25, \"seek\": 2848, \"start\": 48.15999984741211, \"end\": 49.84000015258789, \"text\": \" and they have no idea what they're doing.\", \"tokens\": [51348, 293, 436, 362, 572, 1558, 437, 436, 434, 884, 13, 51432], \"temperature\": 0.0, \"avg_logprob\": -0.22808806598186493, \"compression_ratio\": 1.8048779964447021, \"no_speech_prob\": 0.20918655395507812}, {\"id\": 26, \"seek\": 2848, \"start\": 49.84000015258789, \"end\": 52.439998626708984, \"text\": \" Average for men is s***.\", \"tokens\": [51432, 316, 3623, 337, 1706, 307, 262, 13684, 13, 51562], \"temperature\": 0.0, \"avg_logprob\": -0.22808806598186493, \"compression_ratio\": 1.8048779964447021, \"no_speech_prob\": 0.20918655395507812}, {\"id\": 27, \"seek\": 2848, \"start\": 52.439998626708984, \"end\": 54.119998931884766, \"text\": \" Average for women is terrific.\", \"tokens\": [51562, 316, 3623, 337, 2266, 307, 20899, 13, 51646], \"temperature\": 0.0, \"avg_logprob\": -0.22808806598186493, \"compression_ratio\": 1.8048779964447021, \"no_speech_prob\": 0.20918655395507812}, {\"id\": 28, \"seek\": 2848, \"start\": 54.119998931884766, \"end\": 55.560001373291016, \"text\": \" And as men, you have to understand,\", \"tokens\": [51646, 400, 382, 1706, 11, 291, 362, 281, 1223, 11, 51718], \"temperature\": 0.0, \"avg_logprob\": -0.22808806598186493, \"compression_ratio\": 1.8048779964447021, \"no_speech_prob\": 0.20918655395507812}, {\"id\": 29, \"seek\": 2848, \"start\": 55.560001373291016, \"end\": 57.0, \"text\": \" that's why always first thing you do\", \"tokens\": [51718, 300, 311, 983, 1009, 700, 551, 291, 360, 51790], \"temperature\": 0.0, \"avg_logprob\": -0.22808806598186493, \"compression_ratio\": 1.8048779964447021, \"no_speech_prob\": 0.20918655395507812}, {\"id\": 30, \"seek\": 5700, \"start\": 57.0, \"end\": 59.20000076293945, \"text\": \" when we come into Men of Action Mentoring.\", \"tokens\": [50364, 562, 321, 808, 666, 6685, 295, 16261, 33140, 3662, 13, 50474], \"temperature\": 0.0, \"avg_logprob\": -0.5267670154571533, \"compression_ratio\": 0.9130434989929199, \"no_speech_prob\": 0.06847812980413437}]}"}