{"title": "THIS is how women look at men", "video_id": "2RDcBbFeXog", "video_url": "https://www.youtube.com/watch?v=2RDcBbFeXog", "description": "Watch The Full Thing Here : \n\u2014\u2014\u2014\u2014\u2014\u2014\u2014\u2014\u2014\u2014\u2014\u2014\u2014\u2014\u2014\u2014\u2014\u2014\u2014\u2014\nReady to build a network of amazing women and high-status men?\n\nMichael\u2019s Men of Action is a one-on-one Master\u2019s program that teaches men how to create elite \nsocial lives by becoming higher status.\n\nClick this link to learn how you can have a High-Status lifestyle now:\nhttps://m.moamentoring.com/podcast\n\nClick here to join the Men of Action community and watch the High-Status Networking 101 course:\nhttps://m.moamentoring.com/moa-community\n\nInterested in joining the Men of Action sales team? Apply here:\nhttps://www.moamentoring.com/jobs/sales\n\nMen of Action has an affiliate program! Post pre-made content and get paid passively:\nhttps://www.moamentoring.com/affiliate\n\u2014\u2014\u2014\u2014\u2014\u2014\u2014\u2014\u2014\u2014\u2014\u2014\u2014\u2014\u2014\u2014\u2014\u2014\u2014\u2014\n\nSubscribe on Youtube: \nhttps://www.youtube.com/user/MichaelSartain\n\nListen on Apple Podcast: \nhttps://podcasts.apple.com/us/podcast/the-michael-sartain-podcast/id1579791157\n\nListen on Spotify: \nhttps://open.spotify.com/show/2faAYwvDD9Bvkpwv6umlPO?si=8Q3ak9HnSlKjuChsTXr6YQ&dl_branch=1\n\n#michael #michaelsartain #michael_sartain #michael_sartain_podcast", "published_at": "2024-01-01T00:00:01Z", "channel_id": "UC0T1bDzajVefRWx4uKdGyuw", "channel_title": "Michael Sartain", "tags": ["Michael", "Michael Sartain", "Michael Sartain Podcast", "Michael Podcast", "MOA", "Men Of Action", "Michael Sartain Course", "Michael Sartain With Hot Women", "Playboy", "Swimsuit", "Swimsuit Competition", "ichael sartain social circle", "social circle", "how to netowrk", "moa", "moa podcast", "gender wage gap", "gender wage gap myth", "wage gap", "social value", "michael sartain course", "looks money status", "social circle mentorship", "michael sartain social circle game", "men of action podcast", "men of action course"], "category_id": "24", "live_broadcast_content": "none", "duration": 43.0, "dimension": "2d", "definition": "hd", "caption": "false", "view_count": 6682, "like_count": 349, "comment_count": 42, "channel_info": {"title": "Michael Sartain", "description": "\ud83c\udf99Host of The\u00a0Michael Sartain Podcast \n\n\ud83d\udd25Teaching you how to build a network of desirable women and high-status men\n\n\ud83d\udc47 Click the \"Men of Action\" link below now to forge a high-status lifestyle and join the elites \n", "subscriber_count": "80500", "total_views": "29545897", "total_videos": "1481"}, "comments": [], "file_path": "/Users/aelaguiz/workspace/fc_book/audio/raws/2RDcBbFeXog.mp3", "transcription": "{\"text\": \"The way women look at men is a guy who's a nine, she sees them as a five. And a guy who's a 10, she sees them as a 9.5. And the only 10 is Drake. That's how women look at men. And everyone else, a guy who's a seven is a zero to her. Women take that whole scale and push it way to the left because 80% of men are deemed unattractive. So you might be saying, well, Michael, I'm not tall with blue eyes. That's not what I mean. Unattractive has to do with the way that you dress. Remember shoulder to waist ratio? We talked about that before. How do you speak? When you're talking to a girl on FaceTime, are you like this? Hey, so I just wanted to let you know. So you can see like your fat ass neck and you're like, hey, I just wanted to just turn the light off and you're like some dark room and you look like you have a body hanging behind you. You look like you don't get it. Guys, I just need you to get it. \", \"segments\": [{\"id\": 0, \"seek\": 0, \"start\": 0.0, \"end\": 2.640000104904175, \"text\": \" The way women look at men is a guy who's a nine,\", \"tokens\": [50364, 440, 636, 2266, 574, 412, 1706, 307, 257, 2146, 567, 311, 257, 4949, 11, 50496], \"temperature\": 0.0, \"avg_logprob\": -0.19015899300575256, \"compression_ratio\": 1.7635327577590942, \"no_speech_prob\": 0.032550279051065445}, {\"id\": 1, \"seek\": 0, \"start\": 2.640000104904175, \"end\": 3.880000114440918, \"text\": \" she sees them as a five.\", \"tokens\": [50496, 750, 8194, 552, 382, 257, 1732, 13, 50558], \"temperature\": 0.0, \"avg_logprob\": -0.19015899300575256, \"compression_ratio\": 1.7635327577590942, \"no_speech_prob\": 0.032550279051065445}, {\"id\": 2, \"seek\": 0, \"start\": 3.880000114440918, \"end\": 6.679999828338623, \"text\": \" And a guy who's a 10, she sees them as a 9.5.\", \"tokens\": [50558, 400, 257, 2146, 567, 311, 257, 1266, 11, 750, 8194, 552, 382, 257, 1722, 13, 20, 13, 50698], \"temperature\": 0.0, \"avg_logprob\": -0.19015899300575256, \"compression_ratio\": 1.7635327577590942, \"no_speech_prob\": 0.032550279051065445}, {\"id\": 3, \"seek\": 0, \"start\": 6.679999828338623, \"end\": 8.039999961853027, \"text\": \" And the only 10 is Drake.\", \"tokens\": [50698, 400, 264, 787, 1266, 307, 27465, 13, 50766], \"temperature\": 0.0, \"avg_logprob\": -0.19015899300575256, \"compression_ratio\": 1.7635327577590942, \"no_speech_prob\": 0.032550279051065445}, {\"id\": 4, \"seek\": 0, \"start\": 8.039999961853027, \"end\": 9.319999694824219, \"text\": \" That's how women look at men.\", \"tokens\": [50766, 663, 311, 577, 2266, 574, 412, 1706, 13, 50830], \"temperature\": 0.0, \"avg_logprob\": -0.19015899300575256, \"compression_ratio\": 1.7635327577590942, \"no_speech_prob\": 0.032550279051065445}, {\"id\": 5, \"seek\": 0, \"start\": 9.319999694824219, \"end\": 12.4399995803833, \"text\": \" And everyone else, a guy who's a seven is a zero to her.\", \"tokens\": [50830, 400, 1518, 1646, 11, 257, 2146, 567, 311, 257, 3407, 307, 257, 4018, 281, 720, 13, 50986], \"temperature\": 0.0, \"avg_logprob\": -0.19015899300575256, \"compression_ratio\": 1.7635327577590942, \"no_speech_prob\": 0.032550279051065445}, {\"id\": 6, \"seek\": 0, \"start\": 12.4399995803833, \"end\": 15.119999885559082, \"text\": \" Women take that whole scale and push it way to the left\", \"tokens\": [50986, 11065, 747, 300, 1379, 4373, 293, 2944, 309, 636, 281, 264, 1411, 51120], \"temperature\": 0.0, \"avg_logprob\": -0.19015899300575256, \"compression_ratio\": 1.7635327577590942, \"no_speech_prob\": 0.032550279051065445}, {\"id\": 7, \"seek\": 0, \"start\": 15.119999885559082, \"end\": 17.479999542236328, \"text\": \" because 80% of men are deemed unattractive.\", \"tokens\": [51120, 570, 4688, 4, 295, 1706, 366, 27637, 47316, 1897, 488, 13, 51238], \"temperature\": 0.0, \"avg_logprob\": -0.19015899300575256, \"compression_ratio\": 1.7635327577590942, \"no_speech_prob\": 0.032550279051065445}, {\"id\": 8, \"seek\": 0, \"start\": 17.479999542236328, \"end\": 18.559999465942383, \"text\": \" So you might be saying, well, Michael,\", \"tokens\": [51238, 407, 291, 1062, 312, 1566, 11, 731, 11, 5116, 11, 51292], \"temperature\": 0.0, \"avg_logprob\": -0.19015899300575256, \"compression_ratio\": 1.7635327577590942, \"no_speech_prob\": 0.032550279051065445}, {\"id\": 9, \"seek\": 0, \"start\": 18.559999465942383, \"end\": 19.559999465942383, \"text\": \" I'm not tall with blue eyes.\", \"tokens\": [51292, 286, 478, 406, 6764, 365, 3344, 2575, 13, 51342], \"temperature\": 0.0, \"avg_logprob\": -0.19015899300575256, \"compression_ratio\": 1.7635327577590942, \"no_speech_prob\": 0.032550279051065445}, {\"id\": 10, \"seek\": 0, \"start\": 19.559999465942383, \"end\": 20.399999618530273, \"text\": \" That's not what I mean.\", \"tokens\": [51342, 663, 311, 406, 437, 286, 914, 13, 51384], \"temperature\": 0.0, \"avg_logprob\": -0.19015899300575256, \"compression_ratio\": 1.7635327577590942, \"no_speech_prob\": 0.032550279051065445}, {\"id\": 11, \"seek\": 0, \"start\": 20.399999618530273, \"end\": 22.520000457763672, \"text\": \" Unattractive has to do with the way that you dress.\", \"tokens\": [51384, 1156, 1591, 1897, 488, 575, 281, 360, 365, 264, 636, 300, 291, 5231, 13, 51490], \"temperature\": 0.0, \"avg_logprob\": -0.19015899300575256, \"compression_ratio\": 1.7635327577590942, \"no_speech_prob\": 0.032550279051065445}, {\"id\": 12, \"seek\": 0, \"start\": 22.520000457763672, \"end\": 23.760000228881836, \"text\": \" Remember shoulder to waist ratio?\", \"tokens\": [51490, 5459, 7948, 281, 15732, 8509, 30, 51552], \"temperature\": 0.0, \"avg_logprob\": -0.19015899300575256, \"compression_ratio\": 1.7635327577590942, \"no_speech_prob\": 0.032550279051065445}, {\"id\": 13, \"seek\": 0, \"start\": 23.760000228881836, \"end\": 24.84000015258789, \"text\": \" We talked about that before.\", \"tokens\": [51552, 492, 2825, 466, 300, 949, 13, 51606], \"temperature\": 0.0, \"avg_logprob\": -0.19015899300575256, \"compression_ratio\": 1.7635327577590942, \"no_speech_prob\": 0.032550279051065445}, {\"id\": 14, \"seek\": 0, \"start\": 24.84000015258789, \"end\": 25.719999313354492, \"text\": \" How do you speak?\", \"tokens\": [51606, 1012, 360, 291, 1710, 30, 51650], \"temperature\": 0.0, \"avg_logprob\": -0.19015899300575256, \"compression_ratio\": 1.7635327577590942, \"no_speech_prob\": 0.032550279051065445}, {\"id\": 15, \"seek\": 0, \"start\": 25.719999313354492, \"end\": 27.200000762939453, \"text\": \" When you're talking to a girl on FaceTime,\", \"tokens\": [51650, 1133, 291, 434, 1417, 281, 257, 2013, 322, 4047, 22233, 11, 51724], \"temperature\": 0.0, \"avg_logprob\": -0.19015899300575256, \"compression_ratio\": 1.7635327577590942, \"no_speech_prob\": 0.032550279051065445}, {\"id\": 16, \"seek\": 0, \"start\": 27.200000762939453, \"end\": 28.040000915527344, \"text\": \" are you like this?\", \"tokens\": [51724, 366, 291, 411, 341, 30, 51766], \"temperature\": 0.0, \"avg_logprob\": -0.19015899300575256, \"compression_ratio\": 1.7635327577590942, \"no_speech_prob\": 0.032550279051065445}, {\"id\": 17, \"seek\": 2804, \"start\": 28.1200008392334, \"end\": 30.239999771118164, \"text\": \" Hey, so I just wanted to let you know.\", \"tokens\": [50368, 1911, 11, 370, 286, 445, 1415, 281, 718, 291, 458, 13, 50474], \"temperature\": 0.0, \"avg_logprob\": -0.26155993342399597, \"compression_ratio\": 1.762195110321045, \"no_speech_prob\": 0.2391994148492813}, {\"id\": 18, \"seek\": 2804, \"start\": 30.239999771118164, \"end\": 32.20000076293945, \"text\": \" So you can see like your fat ass neck and you're like,\", \"tokens\": [50474, 407, 291, 393, 536, 411, 428, 4046, 1256, 6189, 293, 291, 434, 411, 11, 50572], \"temperature\": 0.0, \"avg_logprob\": -0.26155993342399597, \"compression_ratio\": 1.762195110321045, \"no_speech_prob\": 0.2391994148492813}, {\"id\": 19, \"seek\": 2804, \"start\": 32.20000076293945, \"end\": 34.47999954223633, \"text\": \" hey, I just wanted to just turn the light off\", \"tokens\": [50572, 4177, 11, 286, 445, 1415, 281, 445, 1261, 264, 1442, 766, 50686], \"temperature\": 0.0, \"avg_logprob\": -0.26155993342399597, \"compression_ratio\": 1.762195110321045, \"no_speech_prob\": 0.2391994148492813}, {\"id\": 20, \"seek\": 2804, \"start\": 34.47999954223633, \"end\": 35.720001220703125, \"text\": \" and you're like some dark room\", \"tokens\": [50686, 293, 291, 434, 411, 512, 2877, 1808, 50748], \"temperature\": 0.0, \"avg_logprob\": -0.26155993342399597, \"compression_ratio\": 1.762195110321045, \"no_speech_prob\": 0.2391994148492813}, {\"id\": 21, \"seek\": 2804, \"start\": 35.720001220703125, \"end\": 37.79999923706055, \"text\": \" and you look like you have a body hanging behind you.\", \"tokens\": [50748, 293, 291, 574, 411, 291, 362, 257, 1772, 8345, 2261, 291, 13, 50852], \"temperature\": 0.0, \"avg_logprob\": -0.26155993342399597, \"compression_ratio\": 1.762195110321045, \"no_speech_prob\": 0.2391994148492813}, {\"id\": 22, \"seek\": 2804, \"start\": 37.79999923706055, \"end\": 40.040000915527344, \"text\": \" You look like you don't get it.\", \"tokens\": [50852, 509, 574, 411, 291, 500, 380, 483, 309, 13, 50964], \"temperature\": 0.0, \"avg_logprob\": -0.26155993342399597, \"compression_ratio\": 1.762195110321045, \"no_speech_prob\": 0.2391994148492813}, {\"id\": 23, \"seek\": 2804, \"start\": 40.040000915527344, \"end\": 42.040000915527344, \"text\": \" Guys, I just need you to get it.\", \"tokens\": [50964, 7855, 11, 286, 445, 643, 291, 281, 483, 309, 13, 51064], \"temperature\": 0.0, \"avg_logprob\": -0.26155993342399597, \"compression_ratio\": 1.762195110321045, \"no_speech_prob\": 0.2391994148492813}]}"}