{"title": "Testosterone and Evolution\ufffc: \ufffc@HighLifeWorkout", "video_id": "2yTEQgVS7S0", "video_url": "https://www.youtube.com/watch?v=2yTEQgVS7S0", "description": "For more info go to:\nhttps://m.moamentoring.com/podcast\n\nBecome an affiliate for MOA Mentoring: https://www.moamentoring.com/earn\n\nWatch the full video here:\nhttps://youtu.be/xjLN_jNHdvc", "published_at": "2022-09-01T03:23:48Z", "channel_id": "UC0T1bDzajVefRWx4uKdGyuw", "channel_title": "Michael Sartain", "tags": [], "category_id": "24", "live_broadcast_content": "none", "duration": 50.0, "dimension": "2d", "definition": "hd", "caption": "false", "view_count": 32708, "like_count": 968, "comment_count": 31, "channel_info": {"title": "Michael Sartain", "description": "\ud83c\udf99Host of The\u00a0Michael Sartain Podcast \n\n\ud83d\udd25Teaching you how to build a network of desirable women and high-status men\n\n\ud83d\udc47 Click the \"Men of Action\" link below now to forge a high-status lifestyle and join the elites \n", "subscriber_count": "80500", "total_views": "29545897", "total_videos": "1481"}, "comments": [], "file_path": "/Users/aelaguiz/workspace/fc_book/audio/raws/2yTEQgVS7S0.mp3", "transcription": "{\"text\": \"have about 17 times as much testosterone as women do. And as a result, men are 90% stronger in their upper body and 50% stronger in their lower body than women are. And it's not a good thing or a bad thing or we're better than women. It's not a function of that. It's a function of evolution. We as men have to compete with other men for women. That is essentially what happens. Whereas a very beautiful woman, what does she have to compete? To some extent, she has to compete, but she brings her value with her. Just like a good basketball team takes the defense with them on the road. A very attractive woman is very attractive in New York. She's very attractive in Los Angeles. She's very attractive in Miami. She doesn't have to like reestablish her attractiveness wherever she goes. Whereas a man, we have to always be competitive with other men in attraction towards women. And we will always be judged on our performance until the day we die. Until the day you die, you're always in competition. \", \"segments\": [{\"id\": 0, \"seek\": 0, \"start\": 0.0, \"end\": 3.119999885559082, \"text\": \" have about 17 times as much testosterone as women do.\", \"tokens\": [50364, 362, 466, 3282, 1413, 382, 709, 33417, 382, 2266, 360, 13, 50520], \"temperature\": 0.0, \"avg_logprob\": -0.1989254355430603, \"compression_ratio\": 1.8369905948638916, \"no_speech_prob\": 0.009703702293336391}, {\"id\": 1, \"seek\": 0, \"start\": 3.119999885559082, \"end\": 6.400000095367432, \"text\": \" And as a result, men are 90% stronger in their upper body\", \"tokens\": [50520, 400, 382, 257, 1874, 11, 1706, 366, 4289, 4, 7249, 294, 641, 6597, 1772, 50684], \"temperature\": 0.0, \"avg_logprob\": -0.1989254355430603, \"compression_ratio\": 1.8369905948638916, \"no_speech_prob\": 0.009703702293336391}, {\"id\": 2, \"seek\": 0, \"start\": 6.400000095367432, \"end\": 9.239999771118164, \"text\": \" and 50% stronger in their lower body than women are.\", \"tokens\": [50684, 293, 2625, 4, 7249, 294, 641, 3126, 1772, 813, 2266, 366, 13, 50826], \"temperature\": 0.0, \"avg_logprob\": -0.1989254355430603, \"compression_ratio\": 1.8369905948638916, \"no_speech_prob\": 0.009703702293336391}, {\"id\": 3, \"seek\": 0, \"start\": 9.239999771118164, \"end\": 11.279999732971191, \"text\": \" And it's not a good thing or a bad thing\", \"tokens\": [50826, 400, 309, 311, 406, 257, 665, 551, 420, 257, 1578, 551, 50928], \"temperature\": 0.0, \"avg_logprob\": -0.1989254355430603, \"compression_ratio\": 1.8369905948638916, \"no_speech_prob\": 0.009703702293336391}, {\"id\": 4, \"seek\": 0, \"start\": 11.279999732971191, \"end\": 12.239999771118164, \"text\": \" or we're better than women.\", \"tokens\": [50928, 420, 321, 434, 1101, 813, 2266, 13, 50976], \"temperature\": 0.0, \"avg_logprob\": -0.1989254355430603, \"compression_ratio\": 1.8369905948638916, \"no_speech_prob\": 0.009703702293336391}, {\"id\": 5, \"seek\": 0, \"start\": 12.239999771118164, \"end\": 13.520000457763672, \"text\": \" It's not a function of that.\", \"tokens\": [50976, 467, 311, 406, 257, 2445, 295, 300, 13, 51040], \"temperature\": 0.0, \"avg_logprob\": -0.1989254355430603, \"compression_ratio\": 1.8369905948638916, \"no_speech_prob\": 0.009703702293336391}, {\"id\": 6, \"seek\": 0, \"start\": 13.520000457763672, \"end\": 14.880000114440918, \"text\": \" It's a function of evolution.\", \"tokens\": [51040, 467, 311, 257, 2445, 295, 9303, 13, 51108], \"temperature\": 0.0, \"avg_logprob\": -0.1989254355430603, \"compression_ratio\": 1.8369905948638916, \"no_speech_prob\": 0.009703702293336391}, {\"id\": 7, \"seek\": 0, \"start\": 14.880000114440918, \"end\": 18.440000534057617, \"text\": \" We as men have to compete with other men for women.\", \"tokens\": [51108, 492, 382, 1706, 362, 281, 11831, 365, 661, 1706, 337, 2266, 13, 51286], \"temperature\": 0.0, \"avg_logprob\": -0.1989254355430603, \"compression_ratio\": 1.8369905948638916, \"no_speech_prob\": 0.009703702293336391}, {\"id\": 8, \"seek\": 0, \"start\": 18.440000534057617, \"end\": 19.719999313354492, \"text\": \" That is essentially what happens.\", \"tokens\": [51286, 663, 307, 4476, 437, 2314, 13, 51350], \"temperature\": 0.0, \"avg_logprob\": -0.1989254355430603, \"compression_ratio\": 1.8369905948638916, \"no_speech_prob\": 0.009703702293336391}, {\"id\": 9, \"seek\": 0, \"start\": 19.719999313354492, \"end\": 21.200000762939453, \"text\": \" Whereas a very beautiful woman,\", \"tokens\": [51350, 13813, 257, 588, 2238, 3059, 11, 51424], \"temperature\": 0.0, \"avg_logprob\": -0.1989254355430603, \"compression_ratio\": 1.8369905948638916, \"no_speech_prob\": 0.009703702293336391}, {\"id\": 10, \"seek\": 0, \"start\": 21.200000762939453, \"end\": 22.360000610351562, \"text\": \" what does she have to compete?\", \"tokens\": [51424, 437, 775, 750, 362, 281, 11831, 30, 51482], \"temperature\": 0.0, \"avg_logprob\": -0.1989254355430603, \"compression_ratio\": 1.8369905948638916, \"no_speech_prob\": 0.009703702293336391}, {\"id\": 11, \"seek\": 0, \"start\": 22.360000610351562, \"end\": 23.920000076293945, \"text\": \" To some extent, she has to compete,\", \"tokens\": [51482, 1407, 512, 8396, 11, 750, 575, 281, 11831, 11, 51560], \"temperature\": 0.0, \"avg_logprob\": -0.1989254355430603, \"compression_ratio\": 1.8369905948638916, \"no_speech_prob\": 0.009703702293336391}, {\"id\": 12, \"seek\": 0, \"start\": 23.920000076293945, \"end\": 25.280000686645508, \"text\": \" but she brings her value with her.\", \"tokens\": [51560, 457, 750, 5607, 720, 2158, 365, 720, 13, 51628], \"temperature\": 0.0, \"avg_logprob\": -0.1989254355430603, \"compression_ratio\": 1.8369905948638916, \"no_speech_prob\": 0.009703702293336391}, {\"id\": 13, \"seek\": 0, \"start\": 25.280000686645508, \"end\": 26.84000015258789, \"text\": \" Just like a good basketball team\", \"tokens\": [51628, 1449, 411, 257, 665, 11767, 1469, 51706], \"temperature\": 0.0, \"avg_logprob\": -0.1989254355430603, \"compression_ratio\": 1.8369905948638916, \"no_speech_prob\": 0.009703702293336391}, {\"id\": 14, \"seek\": 0, \"start\": 26.84000015258789, \"end\": 28.520000457763672, \"text\": \" takes the defense with them on the road.\", \"tokens\": [51706, 2516, 264, 7654, 365, 552, 322, 264, 3060, 13, 51790], \"temperature\": 0.0, \"avg_logprob\": -0.1989254355430603, \"compression_ratio\": 1.8369905948638916, \"no_speech_prob\": 0.009703702293336391}, {\"id\": 15, \"seek\": 2852, \"start\": 29.0, \"end\": 31.68000030517578, \"text\": \" A very attractive woman is very attractive in New York.\", \"tokens\": [50388, 316, 588, 12609, 3059, 307, 588, 12609, 294, 1873, 3609, 13, 50522], \"temperature\": 0.0, \"avg_logprob\": -0.25538763403892517, \"compression_ratio\": 1.8526785373687744, \"no_speech_prob\": 0.0010649303440004587}, {\"id\": 16, \"seek\": 2852, \"start\": 31.68000030517578, \"end\": 33.0, \"text\": \" She's very attractive in Los Angeles.\", \"tokens\": [50522, 1240, 311, 588, 12609, 294, 7632, 12292, 13, 50588], \"temperature\": 0.0, \"avg_logprob\": -0.25538763403892517, \"compression_ratio\": 1.8526785373687744, \"no_speech_prob\": 0.0010649303440004587}, {\"id\": 17, \"seek\": 2852, \"start\": 33.0, \"end\": 34.119998931884766, \"text\": \" She's very attractive in Miami.\", \"tokens\": [50588, 1240, 311, 588, 12609, 294, 18367, 13, 50644], \"temperature\": 0.0, \"avg_logprob\": -0.25538763403892517, \"compression_ratio\": 1.8526785373687744, \"no_speech_prob\": 0.0010649303440004587}, {\"id\": 18, \"seek\": 2852, \"start\": 34.119998931884766, \"end\": 36.400001525878906, \"text\": \" She doesn't have to like reestablish her attractiveness\", \"tokens\": [50644, 1240, 1177, 380, 362, 281, 411, 319, 33542, 1933, 720, 5049, 8477, 50758], \"temperature\": 0.0, \"avg_logprob\": -0.25538763403892517, \"compression_ratio\": 1.8526785373687744, \"no_speech_prob\": 0.0010649303440004587}, {\"id\": 19, \"seek\": 2852, \"start\": 36.400001525878906, \"end\": 37.52000045776367, \"text\": \" wherever she goes.\", \"tokens\": [50758, 8660, 750, 1709, 13, 50814], \"temperature\": 0.0, \"avg_logprob\": -0.25538763403892517, \"compression_ratio\": 1.8526785373687744, \"no_speech_prob\": 0.0010649303440004587}, {\"id\": 20, \"seek\": 2852, \"start\": 37.52000045776367, \"end\": 39.880001068115234, \"text\": \" Whereas a man, we have to always be competitive\", \"tokens\": [50814, 13813, 257, 587, 11, 321, 362, 281, 1009, 312, 10043, 50932], \"temperature\": 0.0, \"avg_logprob\": -0.25538763403892517, \"compression_ratio\": 1.8526785373687744, \"no_speech_prob\": 0.0010649303440004587}, {\"id\": 21, \"seek\": 2852, \"start\": 39.880001068115234, \"end\": 42.52000045776367, \"text\": \" with other men in attraction towards women.\", \"tokens\": [50932, 365, 661, 1706, 294, 17672, 3030, 2266, 13, 51064], \"temperature\": 0.0, \"avg_logprob\": -0.25538763403892517, \"compression_ratio\": 1.8526785373687744, \"no_speech_prob\": 0.0010649303440004587}, {\"id\": 22, \"seek\": 2852, \"start\": 42.52000045776367, \"end\": 44.599998474121094, \"text\": \" And we will always be judged on our performance\", \"tokens\": [51064, 400, 321, 486, 1009, 312, 27485, 322, 527, 3389, 51168], \"temperature\": 0.0, \"avg_logprob\": -0.25538763403892517, \"compression_ratio\": 1.8526785373687744, \"no_speech_prob\": 0.0010649303440004587}, {\"id\": 23, \"seek\": 2852, \"start\": 44.599998474121094, \"end\": 45.720001220703125, \"text\": \" until the day we die.\", \"tokens\": [51168, 1826, 264, 786, 321, 978, 13, 51224], \"temperature\": 0.0, \"avg_logprob\": -0.25538763403892517, \"compression_ratio\": 1.8526785373687744, \"no_speech_prob\": 0.0010649303440004587}, {\"id\": 24, \"seek\": 2852, \"start\": 45.720001220703125, \"end\": 49.119998931884766, \"text\": \" Until the day you die, you're always in competition.\", \"tokens\": [51224, 9088, 264, 786, 291, 978, 11, 291, 434, 1009, 294, 6211, 13, 51394], \"temperature\": 0.0, \"avg_logprob\": -0.25538763403892517, \"compression_ratio\": 1.8526785373687744, \"no_speech_prob\": 0.0010649303440004587}]}"}