{"title": "Dad Bods Is A Cope", "video_id": "3VmEfoFG8XU", "video_url": "https://www.youtube.com/watch?v=3VmEfoFG8XU", "description": "Ready to build a network of amazing women and high-status men?\n\nMichael\u2019s Men of Action is a one-on-one Master\u2019s program that teaches men how to create elite social lives by becoming higher status.\n\nClick this link to learn how you can have a High-Status lifestyle now:\nhttps://m.moamentoring.com/podcast\n\nClick here to join the Men of Action community and watch the High-Status Networking 101 course:\nhttps://m.moamentoring.com/moa-community\n\u2014\u2014\u2014\u2014\u2014\u2014\u2014\u2014\u2014\u2014\u2014\u2014\u2014\u2014\u2014\u2014\u2014\u2014\u2014\u2014\n\nSubscribe on Youtube: \nhttps://www.youtube.com/user/MichaelSartain\n\nListen on Apple Podcast: \nhttps://podcasts.apple.com/us/podcast/the-michael-sartain-podcast/id1579791157\n\nListen on Spotify: \nhttps://open.spotify.com/show/2faAYwvDD9Bvkpwv6umlPO?si=8Q3ak9HnSlKjuChsTXr6YQ&dl_branch=1\n\n#Michael #MichaelSartain #Michael_Sartain #Michael_Sartain_Podcast", "published_at": "2023-06-14T13:15:00Z", "channel_id": "UC0T1bDzajVefRWx4uKdGyuw", "channel_title": "Michael Sartain", "tags": ["Michael", "Michael Sartain", "Michael Sartain Podcast", "Michael Podcast", "MOA", "Men Of Action", "men of action", "Michael Sartain Course", "Michael Sartain With Hot Women", "Rollo", "Rollo Tommasi", "Playboy", "Swimsuit", "Swimsuit Competition"], "category_id": "24", "live_broadcast_content": "none", "duration": 59.0, "dimension": "2d", "definition": "hd", "caption": "false", "view_count": 1837, "like_count": 69, "comment_count": 10, "channel_info": {"title": "Michael Sartain", "description": "\ud83c\udf99Host of The\u00a0Michael Sartain Podcast \n\n\ud83d\udd25Teaching you how to build a network of desirable women and high-status men\n\n\ud83d\udc47 Click the \"Men of Action\" link below now to forge a high-status lifestyle and join the elites \n", "subscriber_count": "80500", "total_views": "29545897", "total_videos": "1481"}, "comments": [], "file_path": "/Users/aelaguiz/workspace/fc_book/audio/raws/3VmEfoFG8XU.mp3", "transcription": "{\"text\": \"Which calendar sells more? The Chippendales Thunder from Down Under calendar or the Dad Bod calendar? Dad Bod. You think the Dad Bod calendar will outsell the Thunder from Down Under calendar? I do because I'm telling you guys. This is not a question about you, it's a question about sociologically, women generally. I'm telling you, the last, you guys, the last young hot girls that I've had on my podcast all say the same thing. They're like, we prefer Dad Bods. And I'm like, I don't f***ing get it. Because a lot of times, young girls in their 20s, they don't like that. They want, they like, they're attracted to- I know seven girls, each one of those dudes is f***ed. You're not wrong. You're not correct about this. Tori, Dad Bod or Thunder from Down Under? A Dad Bod is a cope. Yeah, like, okay, hold on. I want, I understand how you- So are these girls lying? Tell me, tell me, tell me. I understand how you feel, but if we go to the ABC merchandise shop, which one is actually generating more actual revenue? Sales. Do we have facts on this? Thank you. It's 50 to one. \", \"segments\": [{\"id\": 0, \"seek\": 0, \"start\": 0.0, \"end\": 2.359999895095825, \"text\": \" Which calendar sells more?\", \"tokens\": [50364, 3013, 12183, 20897, 544, 30, 50482], \"temperature\": 0.0, \"avg_logprob\": -0.38815635442733765, \"compression_ratio\": 1.8521126508712769, \"no_speech_prob\": 0.0028447958175092936}, {\"id\": 1, \"seek\": 0, \"start\": 2.359999895095825, \"end\": 4.679999828338623, \"text\": \" The Chippendales Thunder from Down Under calendar\", \"tokens\": [50482, 440, 761, 2488, 521, 4229, 21023, 490, 9506, 6974, 12183, 50598], \"temperature\": 0.0, \"avg_logprob\": -0.38815635442733765, \"compression_ratio\": 1.8521126508712769, \"no_speech_prob\": 0.0028447958175092936}, {\"id\": 2, \"seek\": 0, \"start\": 4.679999828338623, \"end\": 6.760000228881836, \"text\": \" or the Dad Bod calendar?\", \"tokens\": [50598, 420, 264, 5639, 19482, 12183, 30, 50702], \"temperature\": 0.0, \"avg_logprob\": -0.38815635442733765, \"compression_ratio\": 1.8521126508712769, \"no_speech_prob\": 0.0028447958175092936}, {\"id\": 3, \"seek\": 0, \"start\": 6.760000228881836, \"end\": 7.659999847412109, \"text\": \" Dad Bod.\", \"tokens\": [50702, 5639, 19482, 13, 50747], \"temperature\": 0.0, \"avg_logprob\": -0.38815635442733765, \"compression_ratio\": 1.8521126508712769, \"no_speech_prob\": 0.0028447958175092936}, {\"id\": 4, \"seek\": 0, \"start\": 7.659999847412109, \"end\": 10.15999984741211, \"text\": \" You think the Dad Bod calendar will outsell\", \"tokens\": [50747, 509, 519, 264, 5639, 19482, 12183, 486, 484, 14555, 50872], \"temperature\": 0.0, \"avg_logprob\": -0.38815635442733765, \"compression_ratio\": 1.8521126508712769, \"no_speech_prob\": 0.0028447958175092936}, {\"id\": 5, \"seek\": 0, \"start\": 10.15999984741211, \"end\": 12.079999923706055, \"text\": \" the Thunder from Down Under calendar?\", \"tokens\": [50872, 264, 21023, 490, 9506, 6974, 12183, 30, 50968], \"temperature\": 0.0, \"avg_logprob\": -0.38815635442733765, \"compression_ratio\": 1.8521126508712769, \"no_speech_prob\": 0.0028447958175092936}, {\"id\": 6, \"seek\": 0, \"start\": 12.079999923706055, \"end\": 14.279999732971191, \"text\": \" I do because I'm telling you guys.\", \"tokens\": [50968, 286, 360, 570, 286, 478, 3585, 291, 1074, 13, 51078], \"temperature\": 0.0, \"avg_logprob\": -0.38815635442733765, \"compression_ratio\": 1.8521126508712769, \"no_speech_prob\": 0.0028447958175092936}, {\"id\": 7, \"seek\": 0, \"start\": 14.279999732971191, \"end\": 15.119999885559082, \"text\": \" This is not a question about you,\", \"tokens\": [51078, 639, 307, 406, 257, 1168, 466, 291, 11, 51120], \"temperature\": 0.0, \"avg_logprob\": -0.38815635442733765, \"compression_ratio\": 1.8521126508712769, \"no_speech_prob\": 0.0028447958175092936}, {\"id\": 8, \"seek\": 0, \"start\": 15.119999885559082, \"end\": 16.959999084472656, \"text\": \" it's a question about sociologically, women generally.\", \"tokens\": [51120, 309, 311, 257, 1168, 466, 3075, 17157, 11, 2266, 5101, 13, 51212], \"temperature\": 0.0, \"avg_logprob\": -0.38815635442733765, \"compression_ratio\": 1.8521126508712769, \"no_speech_prob\": 0.0028447958175092936}, {\"id\": 9, \"seek\": 0, \"start\": 16.959999084472656, \"end\": 18.639999389648438, \"text\": \" I'm telling you, the last,\", \"tokens\": [51212, 286, 478, 3585, 291, 11, 264, 1036, 11, 51296], \"temperature\": 0.0, \"avg_logprob\": -0.38815635442733765, \"compression_ratio\": 1.8521126508712769, \"no_speech_prob\": 0.0028447958175092936}, {\"id\": 10, \"seek\": 0, \"start\": 18.639999389648438, \"end\": 21.239999771118164, \"text\": \" you guys, the last young hot girls\", \"tokens\": [51296, 291, 1074, 11, 264, 1036, 2037, 2368, 4519, 51426], \"temperature\": 0.0, \"avg_logprob\": -0.38815635442733765, \"compression_ratio\": 1.8521126508712769, \"no_speech_prob\": 0.0028447958175092936}, {\"id\": 11, \"seek\": 0, \"start\": 21.239999771118164, \"end\": 23.940000534057617, \"text\": \" that I've had on my podcast all say the same thing.\", \"tokens\": [51426, 300, 286, 600, 632, 322, 452, 7367, 439, 584, 264, 912, 551, 13, 51561], \"temperature\": 0.0, \"avg_logprob\": -0.38815635442733765, \"compression_ratio\": 1.8521126508712769, \"no_speech_prob\": 0.0028447958175092936}, {\"id\": 12, \"seek\": 0, \"start\": 23.940000534057617, \"end\": 25.799999237060547, \"text\": \" They're like, we prefer Dad Bods.\", \"tokens\": [51561, 814, 434, 411, 11, 321, 4382, 5639, 19482, 82, 13, 51654], \"temperature\": 0.0, \"avg_logprob\": -0.38815635442733765, \"compression_ratio\": 1.8521126508712769, \"no_speech_prob\": 0.0028447958175092936}, {\"id\": 13, \"seek\": 0, \"start\": 25.799999237060547, \"end\": 27.600000381469727, \"text\": \" And I'm like, I don't f***ing get it.\", \"tokens\": [51654, 400, 286, 478, 411, 11, 286, 500, 380, 283, 13684, 278, 483, 309, 13, 51744], \"temperature\": 0.0, \"avg_logprob\": -0.38815635442733765, \"compression_ratio\": 1.8521126508712769, \"no_speech_prob\": 0.0028447958175092936}, {\"id\": 14, \"seek\": 0, \"start\": 27.600000381469727, \"end\": 29.0, \"text\": \" Because a lot of times,\", \"tokens\": [51744, 1436, 257, 688, 295, 1413, 11, 51814], \"temperature\": 0.0, \"avg_logprob\": -0.38815635442733765, \"compression_ratio\": 1.8521126508712769, \"no_speech_prob\": 0.0028447958175092936}, {\"id\": 15, \"seek\": 2900, \"start\": 29.040000915527344, \"end\": 32.0, \"text\": \" young girls in their 20s, they don't like that.\", \"tokens\": [50366, 2037, 4519, 294, 641, 945, 82, 11, 436, 500, 380, 411, 300, 13, 50514], \"temperature\": 0.0, \"avg_logprob\": -0.35398080945014954, \"compression_ratio\": 1.6901839971542358, \"no_speech_prob\": 5.862779289600439e-06}, {\"id\": 16, \"seek\": 2900, \"start\": 32.0, \"end\": 34.040000915527344, \"text\": \" They want, they like, they're attracted to-\", \"tokens\": [50514, 814, 528, 11, 436, 411, 11, 436, 434, 15912, 281, 12, 50616], \"temperature\": 0.0, \"avg_logprob\": -0.35398080945014954, \"compression_ratio\": 1.6901839971542358, \"no_speech_prob\": 5.862779289600439e-06}, {\"id\": 17, \"seek\": 2900, \"start\": 34.040000915527344, \"end\": 36.20000076293945, \"text\": \" I know seven girls, each one of those dudes is f***ed.\", \"tokens\": [50616, 286, 458, 3407, 4519, 11, 1184, 472, 295, 729, 27717, 307, 283, 13684, 292, 13, 50724], \"temperature\": 0.0, \"avg_logprob\": -0.35398080945014954, \"compression_ratio\": 1.6901839971542358, \"no_speech_prob\": 5.862779289600439e-06}, {\"id\": 18, \"seek\": 2900, \"start\": 36.20000076293945, \"end\": 37.040000915527344, \"text\": \" You're not wrong.\", \"tokens\": [50724, 509, 434, 406, 2085, 13, 50766], \"temperature\": 0.0, \"avg_logprob\": -0.35398080945014954, \"compression_ratio\": 1.6901839971542358, \"no_speech_prob\": 5.862779289600439e-06}, {\"id\": 19, \"seek\": 2900, \"start\": 37.040000915527344, \"end\": 37.86000061035156, \"text\": \" You're not correct about this.\", \"tokens\": [50766, 509, 434, 406, 3006, 466, 341, 13, 50807], \"temperature\": 0.0, \"avg_logprob\": -0.35398080945014954, \"compression_ratio\": 1.6901839971542358, \"no_speech_prob\": 5.862779289600439e-06}, {\"id\": 20, \"seek\": 2900, \"start\": 37.86000061035156, \"end\": 40.400001525878906, \"text\": \" Tori, Dad Bod or Thunder from Down Under?\", \"tokens\": [50807, 7160, 72, 11, 5639, 19482, 420, 21023, 490, 9506, 6974, 30, 50934], \"temperature\": 0.0, \"avg_logprob\": -0.35398080945014954, \"compression_ratio\": 1.6901839971542358, \"no_speech_prob\": 5.862779289600439e-06}, {\"id\": 21, \"seek\": 2900, \"start\": 40.400001525878906, \"end\": 41.959999084472656, \"text\": \" A Dad Bod is a cope.\", \"tokens\": [50934, 316, 5639, 19482, 307, 257, 2971, 68, 13, 51012], \"temperature\": 0.0, \"avg_logprob\": -0.35398080945014954, \"compression_ratio\": 1.6901839971542358, \"no_speech_prob\": 5.862779289600439e-06}, {\"id\": 22, \"seek\": 2900, \"start\": 41.959999084472656, \"end\": 43.880001068115234, \"text\": \" Yeah, like, okay, hold on.\", \"tokens\": [51012, 865, 11, 411, 11, 1392, 11, 1797, 322, 13, 51108], \"temperature\": 0.0, \"avg_logprob\": -0.35398080945014954, \"compression_ratio\": 1.6901839971542358, \"no_speech_prob\": 5.862779289600439e-06}, {\"id\": 23, \"seek\": 2900, \"start\": 43.880001068115234, \"end\": 45.20000076293945, \"text\": \" I want, I understand how you-\", \"tokens\": [51108, 286, 528, 11, 286, 1223, 577, 291, 12, 51174], \"temperature\": 0.0, \"avg_logprob\": -0.35398080945014954, \"compression_ratio\": 1.6901839971542358, \"no_speech_prob\": 5.862779289600439e-06}, {\"id\": 24, \"seek\": 2900, \"start\": 45.20000076293945, \"end\": 46.400001525878906, \"text\": \" So are these girls lying?\", \"tokens\": [51174, 407, 366, 613, 4519, 8493, 30, 51234], \"temperature\": 0.0, \"avg_logprob\": -0.35398080945014954, \"compression_ratio\": 1.6901839971542358, \"no_speech_prob\": 5.862779289600439e-06}, {\"id\": 25, \"seek\": 2900, \"start\": 46.400001525878906, \"end\": 47.400001525878906, \"text\": \" Tell me, tell me, tell me.\", \"tokens\": [51234, 5115, 385, 11, 980, 385, 11, 980, 385, 13, 51284], \"temperature\": 0.0, \"avg_logprob\": -0.35398080945014954, \"compression_ratio\": 1.6901839971542358, \"no_speech_prob\": 5.862779289600439e-06}, {\"id\": 26, \"seek\": 2900, \"start\": 47.400001525878906, \"end\": 49.0, \"text\": \" I understand how you feel,\", \"tokens\": [51284, 286, 1223, 577, 291, 841, 11, 51364], \"temperature\": 0.0, \"avg_logprob\": -0.35398080945014954, \"compression_ratio\": 1.6901839971542358, \"no_speech_prob\": 5.862779289600439e-06}, {\"id\": 27, \"seek\": 2900, \"start\": 49.0, \"end\": 52.0, \"text\": \" but if we go to the ABC merchandise shop,\", \"tokens\": [51364, 457, 498, 321, 352, 281, 264, 22342, 34485, 3945, 11, 51514], \"temperature\": 0.0, \"avg_logprob\": -0.35398080945014954, \"compression_ratio\": 1.6901839971542358, \"no_speech_prob\": 5.862779289600439e-06}, {\"id\": 28, \"seek\": 2900, \"start\": 52.0, \"end\": 54.560001373291016, \"text\": \" which one is actually generating more actual revenue?\", \"tokens\": [51514, 597, 472, 307, 767, 17746, 544, 3539, 9324, 30, 51642], \"temperature\": 0.0, \"avg_logprob\": -0.35398080945014954, \"compression_ratio\": 1.6901839971542358, \"no_speech_prob\": 5.862779289600439e-06}, {\"id\": 29, \"seek\": 2900, \"start\": 54.560001373291016, \"end\": 55.400001525878906, \"text\": \" Sales.\", \"tokens\": [51642, 23467, 13, 51684], \"temperature\": 0.0, \"avg_logprob\": -0.35398080945014954, \"compression_ratio\": 1.6901839971542358, \"no_speech_prob\": 5.862779289600439e-06}, {\"id\": 30, \"seek\": 2900, \"start\": 55.400001525878906, \"end\": 56.36000061035156, \"text\": \" Do we have facts on this?\", \"tokens\": [51684, 1144, 321, 362, 9130, 322, 341, 30, 51732], \"temperature\": 0.0, \"avg_logprob\": -0.35398080945014954, \"compression_ratio\": 1.6901839971542358, \"no_speech_prob\": 5.862779289600439e-06}, {\"id\": 31, \"seek\": 2900, \"start\": 56.36000061035156, \"end\": 57.20000076293945, \"text\": \" Thank you.\", \"tokens\": [51732, 1044, 291, 13, 51774], \"temperature\": 0.0, \"avg_logprob\": -0.35398080945014954, \"compression_ratio\": 1.6901839971542358, \"no_speech_prob\": 5.862779289600439e-06}, {\"id\": 32, \"seek\": 2900, \"start\": 57.20000076293945, \"end\": 58.02000045776367, \"text\": \" It's 50 to one.\", \"tokens\": [51774, 467, 311, 2625, 281, 472, 13, 51815], \"temperature\": 0.0, \"avg_logprob\": -0.35398080945014954, \"compression_ratio\": 1.6901839971542358, \"no_speech_prob\": 5.862779289600439e-06}]}"}