{"title": "My dad was k*lled by a drunk driver here's why I forgave her", "video_id": "3VusCQwtsCo", "video_url": "https://www.youtube.com/watch?v=3VusCQwtsCo", "description": "Watch The Full Thing Here : \n\u2014\u2014\u2014\u2014\u2014\u2014\u2014\u2014\u2014\u2014\u2014\u2014\u2014\u2014\u2014\u2014\u2014\u2014\u2014\u2014\nReady to build a network of amazing women and high-status men?\n\nMichael\u2019s Men of Action is a one-on-one Master\u2019s program that teaches men how to create elite \nsocial lives by becoming higher status.\n\nClick this link to learn how you can have a High-Status lifestyle now:\nhttps://m.moamentoring.com/podcast\n\nClick here to join the Men of Action community and watch the High-Status Networking 101 course:\nhttps://m.moamentoring.com/moa-community\n\nInterested in joining the Men of Action sales team? Apply here:\nhttps://www.moamentoring.com/jobs/sales\n\nMen of Action has an affiliate program! Post pre-made content and get paid passively:\nhttps://www.moamentoring.com/affiliate\n\u2014\u2014\u2014\u2014\u2014\u2014\u2014\u2014\u2014\u2014\u2014\u2014\u2014\u2014\u2014\u2014\u2014\u2014\u2014\u2014\n\nSubscribe on Youtube: \nhttps://www.youtube.com/user/MichaelSartain\n\nListen on Apple Podcast: \nhttps://podcasts.apple.com/us/podcast/the-michael-sartain-podcast/id1579791157\n\nListen on Spotify: \nhttps://open.spotify.com/show/2faAYwvDD9Bvkpwv6umlPO?si=8Q3ak9HnSlKjuChsTXr6YQ&dl_branch=1\n\n#michael #michaelsartain #michael_sartain #michael_sartain_podcast", "published_at": "2023-12-23T20:00:01Z", "channel_id": "UC0T1bDzajVefRWx4uKdGyuw", "channel_title": "Michael Sartain", "tags": ["Michael", "Michael Sartain", "Michael Sartain Podcast", "Michael Podcast", "MOA", "Men Of Action", "Michael Sartain Course", "Michael Sartain With Hot Women", "Playboy", "Swimsuit", "Swimsuit Competition", "ichael sartain social circle", "social circle", "how to netowrk", "moa", "moa podcast", "gender wage gap", "gender wage gap myth", "wage gap", "social value", "michael sartain course", "looks money status", "social circle mentorship", "michael sartain social circle game", "men of action podcast", "men of action course"], "category_id": "24", "live_broadcast_content": "none", "duration": 33.0, "dimension": "2d", "definition": "hd", "caption": "false", "view_count": 5926, "like_count": 306, "comment_count": 9, "channel_info": {"title": "Michael Sartain", "description": "\ud83c\udf99Host of The\u00a0Michael Sartain Podcast \n\n\ud83d\udd25Teaching you how to build a network of desirable women and high-status men\n\n\ud83d\udc47 Click the \"Men of Action\" link below now to forge a high-status lifestyle and join the elites \n", "subscriber_count": "80500", "total_views": "29545897", "total_videos": "1481"}, "comments": [], "file_path": "/Users/aelaguiz/workspace/fc_book/audio/raws/3VusCQwtsCo.mp3", "transcription": "{\"text\": \"My father was killed by a drunk driver when I was 29 years old. And I just think about the fact, and this is such a crazy way to think of it. I got to forgive the woman who killed him, and I'm grateful for that. And I got my father till I was 29. Some people lose their dad when they're eight. Never get to meet their dad. They never even had a dad. Yes, I've just nothing but gratitude for the things that he left me intellectually. There's a lot that I take from my dad. And man, you think about that. Man, how in the world can you be grateful in a situation like that? But it's so much better way of living life. You have an abundance mentality. You humble yourself so you can learn from other people. You have the ability to find mentors. Other people like to work with people who are grateful. \", \"segments\": [{\"id\": 0, \"seek\": 0, \"start\": 0.0, \"end\": 1.2400000095367432, \"text\": \" My father was killed by a drunk driver\", \"tokens\": [50364, 1222, 3086, 390, 4652, 538, 257, 11192, 6787, 50426], \"temperature\": 0.0, \"avg_logprob\": -0.22563117742538452, \"compression_ratio\": 1.805352807044983, \"no_speech_prob\": 0.20152299106121063}, {\"id\": 1, \"seek\": 0, \"start\": 1.2400000095367432, \"end\": 2.359999895095825, \"text\": \" when I was 29 years old.\", \"tokens\": [50426, 562, 286, 390, 9413, 924, 1331, 13, 50482], \"temperature\": 0.0, \"avg_logprob\": -0.22563117742538452, \"compression_ratio\": 1.805352807044983, \"no_speech_prob\": 0.20152299106121063}, {\"id\": 2, \"seek\": 0, \"start\": 2.359999895095825, \"end\": 3.4000000953674316, \"text\": \" And I just think about the fact,\", \"tokens\": [50482, 400, 286, 445, 519, 466, 264, 1186, 11, 50534], \"temperature\": 0.0, \"avg_logprob\": -0.22563117742538452, \"compression_ratio\": 1.805352807044983, \"no_speech_prob\": 0.20152299106121063}, {\"id\": 3, \"seek\": 0, \"start\": 3.4000000953674316, \"end\": 5.079999923706055, \"text\": \" and this is such a crazy way to think of it.\", \"tokens\": [50534, 293, 341, 307, 1270, 257, 3219, 636, 281, 519, 295, 309, 13, 50618], \"temperature\": 0.0, \"avg_logprob\": -0.22563117742538452, \"compression_ratio\": 1.805352807044983, \"no_speech_prob\": 0.20152299106121063}, {\"id\": 4, \"seek\": 0, \"start\": 5.079999923706055, \"end\": 7.199999809265137, \"text\": \" I got to forgive the woman who killed him,\", \"tokens\": [50618, 286, 658, 281, 10718, 264, 3059, 567, 4652, 796, 11, 50724], \"temperature\": 0.0, \"avg_logprob\": -0.22563117742538452, \"compression_ratio\": 1.805352807044983, \"no_speech_prob\": 0.20152299106121063}, {\"id\": 5, \"seek\": 0, \"start\": 7.199999809265137, \"end\": 8.239999771118164, \"text\": \" and I'm grateful for that.\", \"tokens\": [50724, 293, 286, 478, 7941, 337, 300, 13, 50776], \"temperature\": 0.0, \"avg_logprob\": -0.22563117742538452, \"compression_ratio\": 1.805352807044983, \"no_speech_prob\": 0.20152299106121063}, {\"id\": 6, \"seek\": 0, \"start\": 8.239999771118164, \"end\": 10.319999694824219, \"text\": \" And I got my father till I was 29.\", \"tokens\": [50776, 400, 286, 658, 452, 3086, 4288, 286, 390, 9413, 13, 50880], \"temperature\": 0.0, \"avg_logprob\": -0.22563117742538452, \"compression_ratio\": 1.805352807044983, \"no_speech_prob\": 0.20152299106121063}, {\"id\": 7, \"seek\": 0, \"start\": 10.319999694824219, \"end\": 11.920000076293945, \"text\": \" Some people lose their dad when they're eight.\", \"tokens\": [50880, 2188, 561, 3624, 641, 3546, 562, 436, 434, 3180, 13, 50960], \"temperature\": 0.0, \"avg_logprob\": -0.22563117742538452, \"compression_ratio\": 1.805352807044983, \"no_speech_prob\": 0.20152299106121063}, {\"id\": 8, \"seek\": 0, \"start\": 11.920000076293945, \"end\": 12.760000228881836, \"text\": \" Never get to meet their dad.\", \"tokens\": [50960, 7344, 483, 281, 1677, 641, 3546, 13, 51002], \"temperature\": 0.0, \"avg_logprob\": -0.22563117742538452, \"compression_ratio\": 1.805352807044983, \"no_speech_prob\": 0.20152299106121063}, {\"id\": 9, \"seek\": 0, \"start\": 12.760000228881836, \"end\": 13.579999923706055, \"text\": \" They never even had a dad.\", \"tokens\": [51002, 814, 1128, 754, 632, 257, 3546, 13, 51043], \"temperature\": 0.0, \"avg_logprob\": -0.22563117742538452, \"compression_ratio\": 1.805352807044983, \"no_speech_prob\": 0.20152299106121063}, {\"id\": 10, \"seek\": 0, \"start\": 13.579999923706055, \"end\": 15.539999961853027, \"text\": \" Yes, I've just nothing but gratitude\", \"tokens\": [51043, 1079, 11, 286, 600, 445, 1825, 457, 16935, 51141], \"temperature\": 0.0, \"avg_logprob\": -0.22563117742538452, \"compression_ratio\": 1.805352807044983, \"no_speech_prob\": 0.20152299106121063}, {\"id\": 11, \"seek\": 0, \"start\": 15.539999961853027, \"end\": 17.760000228881836, \"text\": \" for the things that he left me intellectually.\", \"tokens\": [51141, 337, 264, 721, 300, 415, 1411, 385, 46481, 13, 51252], \"temperature\": 0.0, \"avg_logprob\": -0.22563117742538452, \"compression_ratio\": 1.805352807044983, \"no_speech_prob\": 0.20152299106121063}, {\"id\": 12, \"seek\": 0, \"start\": 17.760000228881836, \"end\": 19.520000457763672, \"text\": \" There's a lot that I take from my dad.\", \"tokens\": [51252, 821, 311, 257, 688, 300, 286, 747, 490, 452, 3546, 13, 51340], \"temperature\": 0.0, \"avg_logprob\": -0.22563117742538452, \"compression_ratio\": 1.805352807044983, \"no_speech_prob\": 0.20152299106121063}, {\"id\": 13, \"seek\": 0, \"start\": 19.520000457763672, \"end\": 20.399999618530273, \"text\": \" And man, you think about that.\", \"tokens\": [51340, 400, 587, 11, 291, 519, 466, 300, 13, 51384], \"temperature\": 0.0, \"avg_logprob\": -0.22563117742538452, \"compression_ratio\": 1.805352807044983, \"no_speech_prob\": 0.20152299106121063}, {\"id\": 14, \"seek\": 0, \"start\": 20.399999618530273, \"end\": 22.31999969482422, \"text\": \" Man, how in the world can you be grateful\", \"tokens\": [51384, 2458, 11, 577, 294, 264, 1002, 393, 291, 312, 7941, 51480], \"temperature\": 0.0, \"avg_logprob\": -0.22563117742538452, \"compression_ratio\": 1.805352807044983, \"no_speech_prob\": 0.20152299106121063}, {\"id\": 15, \"seek\": 0, \"start\": 22.31999969482422, \"end\": 23.360000610351562, \"text\": \" in a situation like that?\", \"tokens\": [51480, 294, 257, 2590, 411, 300, 30, 51532], \"temperature\": 0.0, \"avg_logprob\": -0.22563117742538452, \"compression_ratio\": 1.805352807044983, \"no_speech_prob\": 0.20152299106121063}, {\"id\": 16, \"seek\": 0, \"start\": 23.360000610351562, \"end\": 24.979999542236328, \"text\": \" But it's so much better way of living life.\", \"tokens\": [51532, 583, 309, 311, 370, 709, 1101, 636, 295, 2647, 993, 13, 51613], \"temperature\": 0.0, \"avg_logprob\": -0.22563117742538452, \"compression_ratio\": 1.805352807044983, \"no_speech_prob\": 0.20152299106121063}, {\"id\": 17, \"seek\": 0, \"start\": 24.979999542236328, \"end\": 26.239999771118164, \"text\": \" You have an abundance mentality.\", \"tokens\": [51613, 509, 362, 364, 23391, 21976, 13, 51676], \"temperature\": 0.0, \"avg_logprob\": -0.22563117742538452, \"compression_ratio\": 1.805352807044983, \"no_speech_prob\": 0.20152299106121063}, {\"id\": 18, \"seek\": 0, \"start\": 26.239999771118164, \"end\": 28.360000610351562, \"text\": \" You humble yourself so you can learn from other people.\", \"tokens\": [51676, 509, 16735, 1803, 370, 291, 393, 1466, 490, 661, 561, 13, 51782], \"temperature\": 0.0, \"avg_logprob\": -0.22563117742538452, \"compression_ratio\": 1.805352807044983, \"no_speech_prob\": 0.20152299106121063}, {\"id\": 19, \"seek\": 0, \"start\": 28.360000610351562, \"end\": 29.719999313354492, \"text\": \" You have the ability to find mentors.\", \"tokens\": [51782, 509, 362, 264, 3485, 281, 915, 21798, 13, 51850], \"temperature\": 0.0, \"avg_logprob\": -0.22563117742538452, \"compression_ratio\": 1.805352807044983, \"no_speech_prob\": 0.20152299106121063}, {\"id\": 20, \"seek\": 2972, \"start\": 29.719999313354492, \"end\": 32.52000045776367, \"text\": \" Other people like to work with people who are grateful.\", \"tokens\": [50364, 5358, 561, 411, 281, 589, 365, 561, 567, 366, 7941, 13, 50504], \"temperature\": 0.0, \"avg_logprob\": -0.5145151019096375, \"compression_ratio\": 0.9649122953414917, \"no_speech_prob\": 0.4723164439201355}]}"}