{"title": "This is the BEST message i could give to men", "video_id": "3xk9Wr19AIc", "video_url": "https://www.youtube.com/watch?v=3xk9Wr19AIc", "description": "Watch The Full Thing Here : \n\u2014\u2014\u2014\u2014\u2014\u2014\u2014\u2014\u2014\u2014\u2014\u2014\u2014\u2014\u2014\u2014\u2014\u2014\u2014\u2014\nReady to build a network of amazing women and high-status men?\n\nMichael\u2019s Men of Action is a one-on-one Master\u2019s program that teaches men how to create elite \nsocial lives by becoming higher status.\n\nClick this link to learn how you can have a High-Status lifestyle now:\nhttps://m.moamentoring.com/podcast\n\nClick here to join the Men of Action community and watch the High-Status Networking 101 course:\nhttps://m.moamentoring.com/moa-community\n\nInterested in joining the Men of Action sales team? Apply here:\nhttps://www.moamentoring.com/jobs/sales\n\nMen of Action has an affiliate program! Post pre-made content and get paid passively:\nhttps://www.moamentoring.com/affiliate\n\u2014\u2014\u2014\u2014\u2014\u2014\u2014\u2014\u2014\u2014\u2014\u2014\u2014\u2014\u2014\u2014\u2014\u2014\u2014\u2014\n\nSubscribe on Youtube: \nhttps://www.youtube.com/user/MichaelSartain\n\nListen on Apple Podcast: \nhttps://podcasts.apple.com/us/podcast/the-michael-sartain-podcast/id1579791157\n\nListen on Spotify: \nhttps://open.spotify.com/show/2faAYwvDD9Bvkpwv6umlPO?si=8Q3ak9HnSlKjuChsTXr6YQ&dl_branch=1\n\n#michael #michaelsartain #michael_sartain #michael_sartain_podcast", "published_at": "2023-12-26T20:00:01Z", "channel_id": "UC0T1bDzajVefRWx4uKdGyuw", "channel_title": "Michael Sartain", "tags": ["Michael", "Michael Sartain", "Michael Sartain Podcast", "Michael Podcast", "MOA", "Men Of Action", "Michael Sartain Course", "Michael Sartain With Hot Women", "Playboy", "Swimsuit", "Swimsuit Competition", "ichael sartain social circle", "social circle", "how to netowrk", "moa", "moa podcast", "gender wage gap", "gender wage gap myth", "wage gap", "social value", "michael sartain course", "looks money status", "social circle mentorship", "michael sartain social circle game", "men of action podcast", "men of action course"], "category_id": "24", "live_broadcast_content": "none", "duration": 55.0, "dimension": "2d", "definition": "hd", "caption": "false", "view_count": 3895, "like_count": 187, "comment_count": 14, "channel_info": {"title": "Michael Sartain", "description": "\ud83c\udf99Host of The\u00a0Michael Sartain Podcast \n\n\ud83d\udd25Teaching you how to build a network of desirable women and high-status men\n\n\ud83d\udc47 Click the \"Men of Action\" link below now to forge a high-status lifestyle and join the elites \n", "subscriber_count": "80500", "total_views": "29545897", "total_videos": "1481"}, "comments": [], "file_path": "/Users/aelaguiz/workspace/fc_book/audio/raws/3xk9Wr19AIc.mp3", "transcription": "{\"text\": \"None of you are a special snowflake. If you want better in life, you have to do better. You're a man. As a man, you have a burden of performance. If someone told you otherwise, like your mom or your therapist, stop listening to them. You have to bust your ass because no one is coming to save you. If what I'm saying sounds uncomfortable, but you know it to be true and you want to get closer to this, then join the program now. Take action. It's not called the Men of Opinions. It's not called the Men of Dithering or Men of Blathering, the Men of Trauma Release, the Men of Astrology. It's not called the Men of TikTok commenting. It's not called the Men of Anonymity or the Men of Feelings. It's called the Men of Action course. Every 15 minutes in the course, we give you actionable advice to improve your life and to improve your performance in the world. And it is based. \", \"segments\": [{\"id\": 0, \"seek\": 0, \"start\": 0.0, \"end\": 2.680000066757202, \"text\": \" None of you are a special snowflake.\", \"tokens\": [50364, 14492, 295, 291, 366, 257, 2121, 44124, 619, 13, 50498], \"temperature\": 0.0, \"avg_logprob\": -0.19190135598182678, \"compression_ratio\": 1.7063829898834229, \"no_speech_prob\": 0.012816919945180416}, {\"id\": 1, \"seek\": 0, \"start\": 2.680000066757202, \"end\": 5.840000152587891, \"text\": \" If you want better in life, you have to do better.\", \"tokens\": [50498, 759, 291, 528, 1101, 294, 993, 11, 291, 362, 281, 360, 1101, 13, 50656], \"temperature\": 0.0, \"avg_logprob\": -0.19190135598182678, \"compression_ratio\": 1.7063829898834229, \"no_speech_prob\": 0.012816919945180416}, {\"id\": 2, \"seek\": 0, \"start\": 5.840000152587891, \"end\": 7.039999961853027, \"text\": \" You're a man.\", \"tokens\": [50656, 509, 434, 257, 587, 13, 50716], \"temperature\": 0.0, \"avg_logprob\": -0.19190135598182678, \"compression_ratio\": 1.7063829898834229, \"no_speech_prob\": 0.012816919945180416}, {\"id\": 3, \"seek\": 0, \"start\": 7.039999961853027, \"end\": 9.9399995803833, \"text\": \" As a man, you have a burden of performance.\", \"tokens\": [50716, 1018, 257, 587, 11, 291, 362, 257, 12578, 295, 3389, 13, 50861], \"temperature\": 0.0, \"avg_logprob\": -0.19190135598182678, \"compression_ratio\": 1.7063829898834229, \"no_speech_prob\": 0.012816919945180416}, {\"id\": 4, \"seek\": 0, \"start\": 9.9399995803833, \"end\": 11.699999809265137, \"text\": \" If someone told you otherwise,\", \"tokens\": [50861, 759, 1580, 1907, 291, 5911, 11, 50949], \"temperature\": 0.0, \"avg_logprob\": -0.19190135598182678, \"compression_ratio\": 1.7063829898834229, \"no_speech_prob\": 0.012816919945180416}, {\"id\": 5, \"seek\": 0, \"start\": 11.699999809265137, \"end\": 15.600000381469727, \"text\": \" like your mom or your therapist, stop listening to them.\", \"tokens\": [50949, 411, 428, 1225, 420, 428, 19830, 11, 1590, 4764, 281, 552, 13, 51144], \"temperature\": 0.0, \"avg_logprob\": -0.19190135598182678, \"compression_ratio\": 1.7063829898834229, \"no_speech_prob\": 0.012816919945180416}, {\"id\": 6, \"seek\": 0, \"start\": 15.600000381469727, \"end\": 17.34000015258789, \"text\": \" You have to bust your ass\", \"tokens\": [51144, 509, 362, 281, 19432, 428, 1256, 51231], \"temperature\": 0.0, \"avg_logprob\": -0.19190135598182678, \"compression_ratio\": 1.7063829898834229, \"no_speech_prob\": 0.012816919945180416}, {\"id\": 7, \"seek\": 0, \"start\": 17.34000015258789, \"end\": 21.15999984741211, \"text\": \" because no one is coming to save you.\", \"tokens\": [51231, 570, 572, 472, 307, 1348, 281, 3155, 291, 13, 51422], \"temperature\": 0.0, \"avg_logprob\": -0.19190135598182678, \"compression_ratio\": 1.7063829898834229, \"no_speech_prob\": 0.012816919945180416}, {\"id\": 8, \"seek\": 0, \"start\": 21.15999984741211, \"end\": 23.68000030517578, \"text\": \" If what I'm saying sounds uncomfortable,\", \"tokens\": [51422, 759, 437, 286, 478, 1566, 3263, 10532, 11, 51548], \"temperature\": 0.0, \"avg_logprob\": -0.19190135598182678, \"compression_ratio\": 1.7063829898834229, \"no_speech_prob\": 0.012816919945180416}, {\"id\": 9, \"seek\": 0, \"start\": 23.68000030517578, \"end\": 25.520000457763672, \"text\": \" but you know it to be true\", \"tokens\": [51548, 457, 291, 458, 309, 281, 312, 2074, 51640], \"temperature\": 0.0, \"avg_logprob\": -0.19190135598182678, \"compression_ratio\": 1.7063829898834229, \"no_speech_prob\": 0.012816919945180416}, {\"id\": 10, \"seek\": 0, \"start\": 25.520000457763672, \"end\": 27.479999542236328, \"text\": \" and you want to get closer to this,\", \"tokens\": [51640, 293, 291, 528, 281, 483, 4966, 281, 341, 11, 51738], \"temperature\": 0.0, \"avg_logprob\": -0.19190135598182678, \"compression_ratio\": 1.7063829898834229, \"no_speech_prob\": 0.012816919945180416}, {\"id\": 11, \"seek\": 2748, \"start\": 27.520000457763672, \"end\": 30.040000915527344, \"text\": \" then join the program now.\", \"tokens\": [50366, 550, 3917, 264, 1461, 586, 13, 50492], \"temperature\": 0.0, \"avg_logprob\": -0.2354598194360733, \"compression_ratio\": 2.0042192935943604, \"no_speech_prob\": 0.0010983769316226244}, {\"id\": 12, \"seek\": 2748, \"start\": 30.040000915527344, \"end\": 30.8799991607666, \"text\": \" Take action.\", \"tokens\": [50492, 3664, 3069, 13, 50534], \"temperature\": 0.0, \"avg_logprob\": -0.2354598194360733, \"compression_ratio\": 2.0042192935943604, \"no_speech_prob\": 0.0010983769316226244}, {\"id\": 13, \"seek\": 2748, \"start\": 30.8799991607666, \"end\": 32.68000030517578, \"text\": \" It's not called the Men of Opinions.\", \"tokens\": [50534, 467, 311, 406, 1219, 264, 6685, 295, 12011, 259, 626, 13, 50624], \"temperature\": 0.0, \"avg_logprob\": -0.2354598194360733, \"compression_ratio\": 2.0042192935943604, \"no_speech_prob\": 0.0010983769316226244}, {\"id\": 14, \"seek\": 2748, \"start\": 32.68000030517578, \"end\": 35.279998779296875, \"text\": \" It's not called the Men of Dithering or Men of Blathering,\", \"tokens\": [50624, 467, 311, 406, 1219, 264, 6685, 295, 413, 355, 1794, 420, 6685, 295, 2177, 1172, 278, 11, 50754], \"temperature\": 0.0, \"avg_logprob\": -0.2354598194360733, \"compression_ratio\": 2.0042192935943604, \"no_speech_prob\": 0.0010983769316226244}, {\"id\": 15, \"seek\": 2748, \"start\": 35.279998779296875, \"end\": 37.84000015258789, \"text\": \" the Men of Trauma Release, the Men of Astrology.\", \"tokens\": [50754, 264, 6685, 295, 5403, 5544, 34278, 11, 264, 6685, 295, 12884, 20978, 88, 13, 50882], \"temperature\": 0.0, \"avg_logprob\": -0.2354598194360733, \"compression_ratio\": 2.0042192935943604, \"no_speech_prob\": 0.0010983769316226244}, {\"id\": 16, \"seek\": 2748, \"start\": 37.84000015258789, \"end\": 40.20000076293945, \"text\": \" It's not called the Men of TikTok commenting.\", \"tokens\": [50882, 467, 311, 406, 1219, 264, 6685, 295, 20211, 29590, 13, 51000], \"temperature\": 0.0, \"avg_logprob\": -0.2354598194360733, \"compression_ratio\": 2.0042192935943604, \"no_speech_prob\": 0.0010983769316226244}, {\"id\": 17, \"seek\": 2748, \"start\": 40.20000076293945, \"end\": 41.959999084472656, \"text\": \" It's not called the Men of Anonymity\", \"tokens\": [51000, 467, 311, 406, 1219, 264, 6685, 295, 1107, 12732, 507, 51088], \"temperature\": 0.0, \"avg_logprob\": -0.2354598194360733, \"compression_ratio\": 2.0042192935943604, \"no_speech_prob\": 0.0010983769316226244}, {\"id\": 18, \"seek\": 2748, \"start\": 41.959999084472656, \"end\": 43.439998626708984, \"text\": \" or the Men of Feelings.\", \"tokens\": [51088, 420, 264, 6685, 295, 14113, 1109, 13, 51162], \"temperature\": 0.0, \"avg_logprob\": -0.2354598194360733, \"compression_ratio\": 2.0042192935943604, \"no_speech_prob\": 0.0010983769316226244}, {\"id\": 19, \"seek\": 2748, \"start\": 43.439998626708984, \"end\": 45.36000061035156, \"text\": \" It's called the Men of Action course.\", \"tokens\": [51162, 467, 311, 1219, 264, 6685, 295, 16261, 1164, 13, 51258], \"temperature\": 0.0, \"avg_logprob\": -0.2354598194360733, \"compression_ratio\": 2.0042192935943604, \"no_speech_prob\": 0.0010983769316226244}, {\"id\": 20, \"seek\": 2748, \"start\": 45.36000061035156, \"end\": 46.97999954223633, \"text\": \" Every 15 minutes in the course,\", \"tokens\": [51258, 2048, 2119, 2077, 294, 264, 1164, 11, 51339], \"temperature\": 0.0, \"avg_logprob\": -0.2354598194360733, \"compression_ratio\": 2.0042192935943604, \"no_speech_prob\": 0.0010983769316226244}, {\"id\": 21, \"seek\": 2748, \"start\": 46.97999954223633, \"end\": 50.2400016784668, \"text\": \" we give you actionable advice to improve your life\", \"tokens\": [51339, 321, 976, 291, 45098, 5192, 281, 3470, 428, 993, 51502], \"temperature\": 0.0, \"avg_logprob\": -0.2354598194360733, \"compression_ratio\": 2.0042192935943604, \"no_speech_prob\": 0.0010983769316226244}, {\"id\": 22, \"seek\": 2748, \"start\": 50.2400016784668, \"end\": 52.79999923706055, \"text\": \" and to improve your performance in the world.\", \"tokens\": [51502, 293, 281, 3470, 428, 3389, 294, 264, 1002, 13, 51630], \"temperature\": 0.0, \"avg_logprob\": -0.2354598194360733, \"compression_ratio\": 2.0042192935943604, \"no_speech_prob\": 0.0010983769316226244}, {\"id\": 23, \"seek\": 2748, \"start\": 52.79999923706055, \"end\": 53.880001068115234, \"text\": \" And it is based.\", \"tokens\": [51630, 400, 309, 307, 4773, 45036, 13, 51684], \"temperature\": 0.0, \"avg_logprob\": -0.2354598194360733, \"compression_ratio\": 2.0042192935943604, \"no_speech_prob\": 0.0010983769316226244}]}"}