{"title": "Kanye West doesn't pay for OF", "video_id": "3ZJA-jyTPBA", "video_url": "https://www.youtube.com/watch?v=3ZJA-jyTPBA", "description": "For more info go to: https://go.moamentoring.com/i/2\n\nBecome an affiliate for MOA Mentoring: https://www.moamentoring.com/earn\n\nWatch the full video here:\nhttps://youtu.be/d-woCxfOsvk", "published_at": "2022-10-13T18:55:01Z", "channel_id": "UC0T1bDzajVefRWx4uKdGyuw", "channel_title": "Michael Sartain", "tags": [], "category_id": "24", "live_broadcast_content": "none", "duration": 61.0, "dimension": "2d", "definition": "hd", "caption": "false", "view_count": 2342, "like_count": 65, "comment_count": 7, "channel_info": {"title": "Michael Sartain", "description": "\ud83c\udf99Host of The\u00a0Michael Sartain Podcast \n\n\ud83d\udd25Teaching you how to build a network of desirable women and high-status men\n\n\ud83d\udc47 Click the \"Men of Action\" link below now to forge a high-status lifestyle and join the elites \n", "subscriber_count": "80500", "total_views": "29545897", "total_videos": "1481"}, "comments": [], "file_path": "/Users/aelaguiz/workspace/fc_book/audio/raws/3ZJA-jyTPBA.mp3", "transcription": "{\"text\": \"You ever hear Kanye West talk about, yeah, I don't go on OnlyFans, I just look at Reddit, I'd be stealing, like this guy's worth a billion dollars, and he's like stealing, he's stealing content off Reddit. Have you seen it where he's bragging about stealing content off Reddit? No, but I mean, Kanye West, are you surprised? He's like married to Kim Kardashian, and he won't admit that he's paying for OF, so he's like, it's so fucking funny. That's what I'm saying. Oh my God, it's so funny. Like as much as, like I said, I'm like, I only date entrepreneurs, I have a certain type and everything, but at the end of the day, it's like the most reason people want someone successful is in that. No, get yourself a fucking good dude who's not gonna treat you like shit and who's gonna be a real one, because that's gonna go further than some guy that can take you out to fucking steak dinner. Your attraction towards men, have you had a type and then that type has changed? Have these lessons that you've learned through meditation or through the pain and struggle that you've gone through, has it caused you to change? Because I have a problem, I have the same fucking type. Have you switched? \", \"segments\": [{\"id\": 0, \"seek\": 0, \"start\": 0.0, \"end\": 1.440000057220459, \"text\": \" You ever hear Kanye West talk about,\", \"tokens\": [50364, 509, 1562, 1568, 37654, 4055, 751, 466, 11, 50436], \"temperature\": 0.0, \"avg_logprob\": -0.35224488377571106, \"compression_ratio\": 1.7468750476837158, \"no_speech_prob\": 0.009266413748264313}, {\"id\": 1, \"seek\": 0, \"start\": 1.440000057220459, \"end\": 3.0, \"text\": \" yeah, I don't go on OnlyFans,\", \"tokens\": [50436, 1338, 11, 286, 500, 380, 352, 322, 5686, 37, 599, 11, 50514], \"temperature\": 0.0, \"avg_logprob\": -0.35224488377571106, \"compression_ratio\": 1.7468750476837158, \"no_speech_prob\": 0.009266413748264313}, {\"id\": 2, \"seek\": 0, \"start\": 3.0, \"end\": 5.079999923706055, \"text\": \" I just look at Reddit, I'd be stealing,\", \"tokens\": [50514, 286, 445, 574, 412, 32210, 11, 286, 1116, 312, 19757, 11, 50618], \"temperature\": 0.0, \"avg_logprob\": -0.35224488377571106, \"compression_ratio\": 1.7468750476837158, \"no_speech_prob\": 0.009266413748264313}, {\"id\": 3, \"seek\": 0, \"start\": 5.079999923706055, \"end\": 6.599999904632568, \"text\": \" like this guy's worth a billion dollars,\", \"tokens\": [50618, 411, 341, 2146, 311, 3163, 257, 5218, 3808, 11, 50694], \"temperature\": 0.0, \"avg_logprob\": -0.35224488377571106, \"compression_ratio\": 1.7468750476837158, \"no_speech_prob\": 0.009266413748264313}, {\"id\": 4, \"seek\": 0, \"start\": 6.599999904632568, \"end\": 9.640000343322754, \"text\": \" and he's like stealing, he's stealing content off Reddit.\", \"tokens\": [50694, 293, 415, 311, 411, 19757, 11, 415, 311, 19757, 2701, 766, 32210, 13, 50846], \"temperature\": 0.0, \"avg_logprob\": -0.35224488377571106, \"compression_ratio\": 1.7468750476837158, \"no_speech_prob\": 0.009266413748264313}, {\"id\": 5, \"seek\": 0, \"start\": 9.640000343322754, \"end\": 12.079999923706055, \"text\": \" Have you seen it where he's bragging\", \"tokens\": [50846, 3560, 291, 1612, 309, 689, 415, 311, 1548, 10877, 50968], \"temperature\": 0.0, \"avg_logprob\": -0.35224488377571106, \"compression_ratio\": 1.7468750476837158, \"no_speech_prob\": 0.009266413748264313}, {\"id\": 6, \"seek\": 0, \"start\": 12.079999923706055, \"end\": 13.84000015258789, \"text\": \" about stealing content off Reddit?\", \"tokens\": [50968, 466, 19757, 2701, 766, 32210, 30, 51056], \"temperature\": 0.0, \"avg_logprob\": -0.35224488377571106, \"compression_ratio\": 1.7468750476837158, \"no_speech_prob\": 0.009266413748264313}, {\"id\": 7, \"seek\": 0, \"start\": 13.84000015258789, \"end\": 16.84000015258789, \"text\": \" No, but I mean, Kanye West, are you surprised?\", \"tokens\": [51056, 883, 11, 457, 286, 914, 11, 37654, 4055, 11, 366, 291, 6100, 30, 51206], \"temperature\": 0.0, \"avg_logprob\": -0.35224488377571106, \"compression_ratio\": 1.7468750476837158, \"no_speech_prob\": 0.009266413748264313}, {\"id\": 8, \"seek\": 0, \"start\": 16.84000015258789, \"end\": 18.559999465942383, \"text\": \" He's like married to Kim Kardashian,\", \"tokens\": [51206, 634, 311, 411, 5259, 281, 5652, 46044, 11, 51292], \"temperature\": 0.0, \"avg_logprob\": -0.35224488377571106, \"compression_ratio\": 1.7468750476837158, \"no_speech_prob\": 0.009266413748264313}, {\"id\": 9, \"seek\": 0, \"start\": 18.559999465942383, \"end\": 20.799999237060547, \"text\": \" and he won't admit that he's paying for OF,\", \"tokens\": [51292, 293, 415, 1582, 380, 9796, 300, 415, 311, 6229, 337, 11944, 11, 51404], \"temperature\": 0.0, \"avg_logprob\": -0.35224488377571106, \"compression_ratio\": 1.7468750476837158, \"no_speech_prob\": 0.009266413748264313}, {\"id\": 10, \"seek\": 0, \"start\": 20.799999237060547, \"end\": 23.520000457763672, \"text\": \" so he's like, it's so fucking funny.\", \"tokens\": [51404, 370, 415, 311, 411, 11, 309, 311, 370, 283, 1311, 5092, 4074, 13, 51540], \"temperature\": 0.0, \"avg_logprob\": -0.35224488377571106, \"compression_ratio\": 1.7468750476837158, \"no_speech_prob\": 0.009266413748264313}, {\"id\": 11, \"seek\": 0, \"start\": 23.520000457763672, \"end\": 24.8799991607666, \"text\": \" That's what I'm saying.\", \"tokens\": [51540, 663, 311, 437, 286, 478, 1566, 13, 51608], \"temperature\": 0.0, \"avg_logprob\": -0.35224488377571106, \"compression_ratio\": 1.7468750476837158, \"no_speech_prob\": 0.009266413748264313}, {\"id\": 12, \"seek\": 0, \"start\": 24.8799991607666, \"end\": 26.399999618530273, \"text\": \" Oh my God, it's so funny.\", \"tokens\": [51608, 876, 452, 1265, 11, 309, 311, 370, 4074, 13, 51684], \"temperature\": 0.0, \"avg_logprob\": -0.35224488377571106, \"compression_ratio\": 1.7468750476837158, \"no_speech_prob\": 0.009266413748264313}, {\"id\": 13, \"seek\": 0, \"start\": 26.399999618530273, \"end\": 27.8799991607666, \"text\": \" Like as much as, like I said,\", \"tokens\": [51684, 1743, 382, 709, 382, 11, 411, 286, 848, 11, 51758], \"temperature\": 0.0, \"avg_logprob\": -0.35224488377571106, \"compression_ratio\": 1.7468750476837158, \"no_speech_prob\": 0.009266413748264313}, {\"id\": 14, \"seek\": 0, \"start\": 27.8799991607666, \"end\": 29.760000228881836, \"text\": \" I'm like, I only date entrepreneurs,\", \"tokens\": [51758, 286, 478, 411, 11, 286, 787, 4002, 12639, 11, 51852], \"temperature\": 0.0, \"avg_logprob\": -0.35224488377571106, \"compression_ratio\": 1.7468750476837158, \"no_speech_prob\": 0.009266413748264313}, {\"id\": 15, \"seek\": 2976, \"start\": 29.920000076293945, \"end\": 32.439998626708984, \"text\": \" I have a certain type and everything,\", \"tokens\": [50372, 286, 362, 257, 1629, 2010, 293, 1203, 11, 50498], \"temperature\": 0.0, \"avg_logprob\": -0.25513866543769836, \"compression_ratio\": 1.8189910650253296, \"no_speech_prob\": 0.0007554007461294532}, {\"id\": 16, \"seek\": 2976, \"start\": 32.439998626708984, \"end\": 33.7599983215332, \"text\": \" but at the end of the day,\", \"tokens\": [50498, 457, 412, 264, 917, 295, 264, 786, 11, 50564], \"temperature\": 0.0, \"avg_logprob\": -0.25513866543769836, \"compression_ratio\": 1.8189910650253296, \"no_speech_prob\": 0.0007554007461294532}, {\"id\": 17, \"seek\": 2976, \"start\": 33.7599983215332, \"end\": 35.560001373291016, \"text\": \" it's like the most reason people want\", \"tokens\": [50564, 309, 311, 411, 264, 881, 1778, 561, 528, 50654], \"temperature\": 0.0, \"avg_logprob\": -0.25513866543769836, \"compression_ratio\": 1.8189910650253296, \"no_speech_prob\": 0.0007554007461294532}, {\"id\": 18, \"seek\": 2976, \"start\": 35.560001373291016, \"end\": 36.880001068115234, \"text\": \" someone successful is in that.\", \"tokens\": [50654, 1580, 4406, 307, 294, 300, 13, 50720], \"temperature\": 0.0, \"avg_logprob\": -0.25513866543769836, \"compression_ratio\": 1.8189910650253296, \"no_speech_prob\": 0.0007554007461294532}, {\"id\": 19, \"seek\": 2976, \"start\": 36.880001068115234, \"end\": 38.880001068115234, \"text\": \" No, get yourself a fucking good dude\", \"tokens\": [50720, 883, 11, 483, 1803, 257, 5546, 665, 6449, 50820], \"temperature\": 0.0, \"avg_logprob\": -0.25513866543769836, \"compression_ratio\": 1.8189910650253296, \"no_speech_prob\": 0.0007554007461294532}, {\"id\": 20, \"seek\": 2976, \"start\": 38.880001068115234, \"end\": 40.47999954223633, \"text\": \" who's not gonna treat you like shit\", \"tokens\": [50820, 567, 311, 406, 799, 2387, 291, 411, 4611, 50900], \"temperature\": 0.0, \"avg_logprob\": -0.25513866543769836, \"compression_ratio\": 1.8189910650253296, \"no_speech_prob\": 0.0007554007461294532}, {\"id\": 21, \"seek\": 2976, \"start\": 40.47999954223633, \"end\": 41.68000030517578, \"text\": \" and who's gonna be a real one,\", \"tokens\": [50900, 293, 567, 311, 799, 312, 257, 957, 472, 11, 50960], \"temperature\": 0.0, \"avg_logprob\": -0.25513866543769836, \"compression_ratio\": 1.8189910650253296, \"no_speech_prob\": 0.0007554007461294532}, {\"id\": 22, \"seek\": 2976, \"start\": 41.68000030517578, \"end\": 43.36000061035156, \"text\": \" because that's gonna go further than\", \"tokens\": [50960, 570, 300, 311, 799, 352, 3052, 813, 51044], \"temperature\": 0.0, \"avg_logprob\": -0.25513866543769836, \"compression_ratio\": 1.8189910650253296, \"no_speech_prob\": 0.0007554007461294532}, {\"id\": 23, \"seek\": 2976, \"start\": 43.36000061035156, \"end\": 45.68000030517578, \"text\": \" some guy that can take you out to fucking steak dinner.\", \"tokens\": [51044, 512, 2146, 300, 393, 747, 291, 484, 281, 5546, 17009, 6148, 13, 51160], \"temperature\": 0.0, \"avg_logprob\": -0.25513866543769836, \"compression_ratio\": 1.8189910650253296, \"no_speech_prob\": 0.0007554007461294532}, {\"id\": 24, \"seek\": 2976, \"start\": 45.68000030517578, \"end\": 47.68000030517578, \"text\": \" Your attraction towards men,\", \"tokens\": [51160, 2260, 17672, 3030, 1706, 11, 51260], \"temperature\": 0.0, \"avg_logprob\": -0.25513866543769836, \"compression_ratio\": 1.8189910650253296, \"no_speech_prob\": 0.0007554007461294532}, {\"id\": 25, \"seek\": 2976, \"start\": 47.68000030517578, \"end\": 50.439998626708984, \"text\": \" have you had a type and then that type has changed?\", \"tokens\": [51260, 362, 291, 632, 257, 2010, 293, 550, 300, 2010, 575, 3105, 30, 51398], \"temperature\": 0.0, \"avg_logprob\": -0.25513866543769836, \"compression_ratio\": 1.8189910650253296, \"no_speech_prob\": 0.0007554007461294532}, {\"id\": 26, \"seek\": 2976, \"start\": 50.439998626708984, \"end\": 52.63999938964844, \"text\": \" Have these lessons that you've learned through meditation\", \"tokens\": [51398, 3560, 613, 8820, 300, 291, 600, 3264, 807, 12537, 51508], \"temperature\": 0.0, \"avg_logprob\": -0.25513866543769836, \"compression_ratio\": 1.8189910650253296, \"no_speech_prob\": 0.0007554007461294532}, {\"id\": 27, \"seek\": 2976, \"start\": 52.63999938964844, \"end\": 54.84000015258789, \"text\": \" or through the pain and struggle that you've gone through,\", \"tokens\": [51508, 420, 807, 264, 1822, 293, 7799, 300, 291, 600, 2780, 807, 11, 51618], \"temperature\": 0.0, \"avg_logprob\": -0.25513866543769836, \"compression_ratio\": 1.8189910650253296, \"no_speech_prob\": 0.0007554007461294532}, {\"id\": 28, \"seek\": 2976, \"start\": 54.84000015258789, \"end\": 56.040000915527344, \"text\": \" has it caused you to change?\", \"tokens\": [51618, 575, 309, 7008, 291, 281, 1319, 30, 51678], \"temperature\": 0.0, \"avg_logprob\": -0.25513866543769836, \"compression_ratio\": 1.8189910650253296, \"no_speech_prob\": 0.0007554007461294532}, {\"id\": 29, \"seek\": 2976, \"start\": 56.040000915527344, \"end\": 59.36000061035156, \"text\": \" Because I have a problem, I have the same fucking type.\", \"tokens\": [51678, 1436, 286, 362, 257, 1154, 11, 286, 362, 264, 912, 5546, 2010, 13, 51844], \"temperature\": 0.0, \"avg_logprob\": -0.25513866543769836, \"compression_ratio\": 1.8189910650253296, \"no_speech_prob\": 0.0007554007461294532}, {\"id\": 30, \"seek\": 5936, \"start\": 59.36000061035156, \"end\": 60.31999969482422, \"text\": \" Have you switched?\", \"tokens\": [50366, 3560, 291, 16858, 30, 50412], \"temperature\": 0.0, \"avg_logprob\": -0.9117823839187622, \"compression_ratio\": 0.692307710647583, \"no_speech_prob\": 0.9275495409965515}]}"}