{"title": "The Controversial Truth About Polyamory and Why It Doesn't Work for Men #shorts", "video_id": "46VAtGDk1sU", "video_url": "https://www.youtube.com/watch?v=46VAtGDk1sU", "description": "Ready to build a network of amazing women and high-status men?\n\nMichael\u2019s Men of Action is a one-on-one Master\u2019s program that teaches men how to create elite social lives by becoming higher status.\n\nClick this link to learn how you can have a High-Status lifestyle now:\nhttps://m.moamentoring.com/podcast\n\nClick here to join the Men of Action community and watch the High-Status Networking 101 course:\nhttps://m.moamentoring.com/moa-community\n\u2014\u2014\u2014\u2014\u2014\u2014\u2014\u2014\u2014\u2014\u2014\u2014\u2014\u2014\u2014\u2014\u2014\u2014\u2014\u2014\n\nSubscribe on Youtube: \nhttps://www.youtube.com/user/MichaelSartain\n\nListen on Apple Podcast: \nhttps://podcasts.apple.com/us/podcast/the-michael-sartain-podcast/id1579791157\n\nListen on Spotify: \nhttps://open.spotify.com/show/2faAYwvDD9Bvkpwv6umlPO?si=8Q3ak9HnSlKjuChsTXr6YQ&dl_branch=1\n\n#shorts", "published_at": "2023-04-07T15:15:00Z", "channel_id": "UC0T1bDzajVefRWx4uKdGyuw", "channel_title": "Michael Sartain", "tags": [], "category_id": "24", "live_broadcast_content": "none", "duration": 59.0, "dimension": "2d", "definition": "hd", "caption": "false", "view_count": 2083, "like_count": 101, "comment_count": 12, "channel_info": {"title": "Michael Sartain", "description": "\ud83c\udf99Host of The\u00a0Michael Sartain Podcast \n\n\ud83d\udd25Teaching you how to build a network of desirable women and high-status men\n\n\ud83d\udc47 Click the \"Men of Action\" link below now to forge a high-status lifestyle and join the elites \n", "subscriber_count": "80500", "total_views": "29545897", "total_videos": "1481"}, "comments": [], "file_path": "/Users/aelaguiz/workspace/fc_book/audio/raws/46VAtGDk1sU.mp3", "transcription": "{\"text\": \"Don't believe polyamory works for men I think polyamory works for women and the reason why is because whenever I see a woman suggests polyamory meaning both of us have partners outside the relationship Generally, it's because the woman has lost I'm gonna say this is vile the way I say it But I'm gonna say it's because it makes the point a little stronger She's lost respect for his his doesn't mean that much to her anymore And so him putting it in another woman is not that big of a deal Because he can't really get anyone because she doesn't see him as a very high status But there's Brock and Alex and Steve over here who she'd like to explore some sexuality. That's where the line is See, that's where I'm weird. I don't want any other other than my man. So that's polygyny So we're starting with polyamory, which is both polyamory tends to work for women I don't ever see polyamory work for men with one exception if a man is bisexual I think polyamory can be equal if that's the case a lot of times when you're seeing polyamory You're seeing a bisexual man who either is unaware that he's bisexual or he is aware and he's just trying to keep it on The DL and that's why he's so accepting of it Generally polyamory is your marriage is somewhat failed and now we're trying other things \", \"segments\": [{\"id\": 0, \"seek\": 0, \"start\": 0.0, \"end\": 2.4800000190734863, \"text\": \" Don't believe polyamory works for men\", \"tokens\": [50364, 1468, 380, 1697, 6754, 335, 827, 1985, 337, 1706, 50488], \"temperature\": 0.0, \"avg_logprob\": -0.25820738077163696, \"compression_ratio\": 1.8429486751556396, \"no_speech_prob\": 0.01098453439772129}, {\"id\": 1, \"seek\": 0, \"start\": 2.4800000190734863, \"end\": 8.960000038146973, \"text\": \" I think polyamory works for women and the reason why is because whenever I see a woman suggests polyamory meaning both of us have partners\", \"tokens\": [50488, 286, 519, 6754, 335, 827, 1985, 337, 2266, 293, 264, 1778, 983, 307, 570, 5699, 286, 536, 257, 3059, 13409, 6754, 335, 827, 3620, 1293, 295, 505, 362, 4462, 50812], \"temperature\": 0.0, \"avg_logprob\": -0.25820738077163696, \"compression_ratio\": 1.8429486751556396, \"no_speech_prob\": 0.01098453439772129}, {\"id\": 2, \"seek\": 0, \"start\": 8.960000038146973, \"end\": 10.199999809265137, \"text\": \" outside the relationship\", \"tokens\": [50812, 2380, 264, 2480, 50874], \"temperature\": 0.0, \"avg_logprob\": -0.25820738077163696, \"compression_ratio\": 1.8429486751556396, \"no_speech_prob\": 0.01098453439772129}, {\"id\": 3, \"seek\": 0, \"start\": 10.199999809265137, \"end\": 13.920000076293945, \"text\": \" Generally, it's because the woman has lost I'm gonna say this is vile the way I say it\", \"tokens\": [50874, 21082, 11, 309, 311, 570, 264, 3059, 575, 2731, 286, 478, 799, 584, 341, 307, 371, 794, 264, 636, 286, 584, 309, 51060], \"temperature\": 0.0, \"avg_logprob\": -0.25820738077163696, \"compression_ratio\": 1.8429486751556396, \"no_speech_prob\": 0.01098453439772129}, {\"id\": 4, \"seek\": 0, \"start\": 13.920000076293945, \"end\": 15.319999694824219, \"text\": \" But I'm gonna say it's because it makes the point a little stronger\", \"tokens\": [51060, 583, 286, 478, 799, 584, 309, 311, 570, 309, 1669, 264, 935, 257, 707, 7249, 51130], \"temperature\": 0.0, \"avg_logprob\": -0.25820738077163696, \"compression_ratio\": 1.8429486751556396, \"no_speech_prob\": 0.01098453439772129}, {\"id\": 5, \"seek\": 0, \"start\": 15.319999694824219, \"end\": 18.68000030517578, \"text\": \" She's lost respect for his his doesn't mean that much to her anymore\", \"tokens\": [51130, 1240, 311, 2731, 3104, 337, 702, 702, 1177, 380, 914, 300, 709, 281, 720, 3602, 51298], \"temperature\": 0.0, \"avg_logprob\": -0.25820738077163696, \"compression_ratio\": 1.8429486751556396, \"no_speech_prob\": 0.01098453439772129}, {\"id\": 6, \"seek\": 0, \"start\": 18.68000030517578, \"end\": 21.1200008392334, \"text\": \" And so him putting it in another woman is not that big of a deal\", \"tokens\": [51298, 400, 370, 796, 3372, 309, 294, 1071, 3059, 307, 406, 300, 955, 295, 257, 2028, 51420], \"temperature\": 0.0, \"avg_logprob\": -0.25820738077163696, \"compression_ratio\": 1.8429486751556396, \"no_speech_prob\": 0.01098453439772129}, {\"id\": 7, \"seek\": 0, \"start\": 21.239999771118164, \"end\": 25.040000915527344, \"text\": \" Because he can't really get anyone because she doesn't see him as a very high status\", \"tokens\": [51426, 1436, 415, 393, 380, 534, 483, 2878, 570, 750, 1177, 380, 536, 796, 382, 257, 588, 1090, 6558, 51616], \"temperature\": 0.0, \"avg_logprob\": -0.25820738077163696, \"compression_ratio\": 1.8429486751556396, \"no_speech_prob\": 0.01098453439772129}, {\"id\": 8, \"seek\": 2504, \"start\": 25.040000915527344, \"end\": 31.0, \"text\": \" But there's Brock and Alex and Steve over here who she'd like to explore some sexuality. That's where the line is\", \"tokens\": [50364, 583, 456, 311, 32093, 293, 5202, 293, 7466, 670, 510, 567, 750, 1116, 411, 281, 6839, 512, 25426, 13, 663, 311, 689, 264, 1622, 307, 50662], \"temperature\": 0.0, \"avg_logprob\": -0.22985507547855377, \"compression_ratio\": 1.8768768310546875, \"no_speech_prob\": 0.025561699643731117}, {\"id\": 9, \"seek\": 2504, \"start\": 31.0, \"end\": 35.08000183105469, \"text\": \" See, that's where I'm weird. I don't want any other other than my man. So that's polygyny\", \"tokens\": [50662, 3008, 11, 300, 311, 689, 286, 478, 3657, 13, 286, 500, 380, 528, 604, 661, 661, 813, 452, 587, 13, 407, 300, 311, 6754, 1480, 1634, 50866], \"temperature\": 0.0, \"avg_logprob\": -0.22985507547855377, \"compression_ratio\": 1.8768768310546875, \"no_speech_prob\": 0.025561699643731117}, {\"id\": 10, \"seek\": 2504, \"start\": 35.08000183105469, \"end\": 38.68000030517578, \"text\": \" So we're starting with polyamory, which is both polyamory tends to work for women\", \"tokens\": [50866, 407, 321, 434, 2891, 365, 6754, 335, 827, 11, 597, 307, 1293, 6754, 335, 827, 12258, 281, 589, 337, 2266, 51046], \"temperature\": 0.0, \"avg_logprob\": -0.22985507547855377, \"compression_ratio\": 1.8768768310546875, \"no_speech_prob\": 0.025561699643731117}, {\"id\": 11, \"seek\": 2504, \"start\": 38.68000030517578, \"end\": 42.20000076293945, \"text\": \" I don't ever see polyamory work for men with one exception if a man is bisexual\", \"tokens\": [51046, 286, 500, 380, 1562, 536, 6754, 335, 827, 589, 337, 1706, 365, 472, 11183, 498, 257, 587, 307, 42570, 51222], \"temperature\": 0.0, \"avg_logprob\": -0.22985507547855377, \"compression_ratio\": 1.8768768310546875, \"no_speech_prob\": 0.025561699643731117}, {\"id\": 12, \"seek\": 2504, \"start\": 42.20000076293945, \"end\": 46.08000183105469, \"text\": \" I think polyamory can be equal if that's the case a lot of times when you're seeing polyamory\", \"tokens\": [51222, 286, 519, 6754, 335, 827, 393, 312, 2681, 498, 300, 311, 264, 1389, 257, 688, 295, 1413, 562, 291, 434, 2577, 6754, 335, 827, 51416], \"temperature\": 0.0, \"avg_logprob\": -0.22985507547855377, \"compression_ratio\": 1.8768768310546875, \"no_speech_prob\": 0.025561699643731117}, {\"id\": 13, \"seek\": 2504, \"start\": 46.08000183105469, \"end\": 50.84000015258789, \"text\": \" You're seeing a bisexual man who either is unaware that he's bisexual or he is aware and he's just trying to keep it on\", \"tokens\": [51416, 509, 434, 2577, 257, 42570, 587, 567, 2139, 307, 32065, 300, 415, 311, 42570, 420, 415, 307, 3650, 293, 415, 311, 445, 1382, 281, 1066, 309, 322, 51654], \"temperature\": 0.0, \"avg_logprob\": -0.22985507547855377, \"compression_ratio\": 1.8768768310546875, \"no_speech_prob\": 0.025561699643731117}, {\"id\": 14, \"seek\": 2504, \"start\": 50.84000015258789, \"end\": 52.47999954223633, \"text\": \" The DL and that's why he's so accepting of it\", \"tokens\": [51654, 440, 413, 43, 293, 300, 311, 983, 415, 311, 370, 17391, 295, 309, 51736], \"temperature\": 0.0, \"avg_logprob\": -0.22985507547855377, \"compression_ratio\": 1.8768768310546875, \"no_speech_prob\": 0.025561699643731117}, {\"id\": 15, \"seek\": 5248, \"start\": 52.47999954223633, \"end\": 57.68000030517578, \"text\": \" Generally polyamory is your marriage is somewhat failed and now we're trying other things\", \"tokens\": [50364, 21082, 6754, 335, 827, 307, 428, 7194, 307, 8344, 7612, 293, 586, 321, 434, 1382, 661, 721, 50624], \"temperature\": 0.0, \"avg_logprob\": -0.2880796194076538, \"compression_ratio\": 1.1265822649002075, \"no_speech_prob\": 0.04466628655791283}]}"}