{"title": "Why Wouldn\u2019t You Want Him to F*ck Your Wife?:\ufffc @Jenrufo_", "video_id": "56HBscoQPXM", "video_url": "https://www.youtube.com/watch?v=56HBscoQPXM", "description": "Watch the full video here:\nhttps://youtu.be/jJjJNgEkYzg\n\nBecome an affiliate for MOA mentoring: https://www.moamentoring.com/earn", "published_at": "2022-09-08T11:44:03Z", "channel_id": "UC0T1bDzajVefRWx4uKdGyuw", "channel_title": "Michael Sartain", "tags": [], "category_id": "24", "live_broadcast_content": "none", "duration": 45.0, "dimension": "2d", "definition": "hd", "caption": "false", "view_count": 10210, "like_count": 116, "comment_count": 57, "channel_info": {"title": "Michael Sartain", "description": "\ud83c\udf99Host of The\u00a0Michael Sartain Podcast \n\n\ud83d\udd25Teaching you how to build a network of desirable women and high-status men\n\n\ud83d\udc47 Click the \"Men of Action\" link below now to forge a high-status lifestyle and join the elites \n", "subscriber_count": "80500", "total_views": "29545897", "total_videos": "1481"}, "comments": [], "file_path": "/Users/aelaguiz/workspace/fc_book/audio/raws/56HBscoQPXM.mp3", "transcription": "{\"text\": \"Like, why wouldn't you want him to f**k your wife? And I know that sounds so, like, absurd to some people, but if you trust this person and they're all having pleasure, it's just like, why the f**k not? You can evolve, right? Evolution is evolving. So if you want to evolve in that direction, you can do the work and, like, reprogram your brain in a way that's like, oh, I'm not gay if I'm in the same room as someone who's having sex, a guy that's having sex. There's d**ks out everywhere, and I'm a man, and I'm fine with that. And the people in the lifestyle are actually just so open-minded, and so you get close to these people so fast, obviously, because you're all f**king each other. You get close to them, literally and figuratively. \", \"segments\": [{\"id\": 0, \"seek\": 0, \"start\": 0.0, \"end\": 3.0399999618530273, \"text\": \" Like, why wouldn't you want him to f**k your wife?\", \"tokens\": [50364, 1743, 11, 983, 2759, 380, 291, 528, 796, 281, 283, 4852, 74, 428, 3836, 30, 50516], \"temperature\": 0.0, \"avg_logprob\": -0.21898388862609863, \"compression_ratio\": 1.6727272272109985, \"no_speech_prob\": 0.18889102339744568}, {\"id\": 1, \"seek\": 0, \"start\": 3.0399999618530273, \"end\": 8.479999542236328, \"text\": \" And I know that sounds so, like, absurd to some people, but if you trust this person\", \"tokens\": [50516, 400, 286, 458, 300, 3263, 370, 11, 411, 11, 19774, 281, 512, 561, 11, 457, 498, 291, 3361, 341, 954, 50788], \"temperature\": 0.0, \"avg_logprob\": -0.21898388862609863, \"compression_ratio\": 1.6727272272109985, \"no_speech_prob\": 0.18889102339744568}, {\"id\": 2, \"seek\": 0, \"start\": 8.479999542236328, \"end\": 11.84000015258789, \"text\": \" and they're all having pleasure, it's just like, why the f**k not?\", \"tokens\": [50788, 293, 436, 434, 439, 1419, 6834, 11, 309, 311, 445, 411, 11, 983, 264, 283, 4852, 74, 406, 30, 50956], \"temperature\": 0.0, \"avg_logprob\": -0.21898388862609863, \"compression_ratio\": 1.6727272272109985, \"no_speech_prob\": 0.18889102339744568}, {\"id\": 3, \"seek\": 0, \"start\": 11.84000015258789, \"end\": 14.640000343322754, \"text\": \" You can evolve, right? Evolution is evolving.\", \"tokens\": [50956, 509, 393, 16693, 11, 558, 30, 40800, 307, 21085, 13, 51096], \"temperature\": 0.0, \"avg_logprob\": -0.21898388862609863, \"compression_ratio\": 1.6727272272109985, \"no_speech_prob\": 0.18889102339744568}, {\"id\": 4, \"seek\": 0, \"start\": 14.640000343322754, \"end\": 17.68000030517578, \"text\": \" So if you want to evolve in that direction,\", \"tokens\": [51096, 407, 498, 291, 528, 281, 16693, 294, 300, 3513, 11, 51248], \"temperature\": 0.0, \"avg_logprob\": -0.21898388862609863, \"compression_ratio\": 1.6727272272109985, \"no_speech_prob\": 0.18889102339744568}, {\"id\": 5, \"seek\": 0, \"start\": 17.68000030517578, \"end\": 22.799999237060547, \"text\": \" you can do the work and, like, reprogram your brain in a way that's like,\", \"tokens\": [51248, 291, 393, 360, 264, 589, 293, 11, 411, 11, 35257, 1342, 428, 3567, 294, 257, 636, 300, 311, 411, 11, 51504], \"temperature\": 0.0, \"avg_logprob\": -0.21898388862609863, \"compression_ratio\": 1.6727272272109985, \"no_speech_prob\": 0.18889102339744568}, {\"id\": 6, \"seek\": 0, \"start\": 22.799999237060547, \"end\": 26.15999984741211, \"text\": \" oh, I'm not gay if I'm in the same room as someone who's having sex,\", \"tokens\": [51504, 1954, 11, 286, 478, 406, 9049, 498, 286, 478, 294, 264, 912, 1808, 382, 1580, 567, 311, 1419, 3260, 11, 51672], \"temperature\": 0.0, \"avg_logprob\": -0.21898388862609863, \"compression_ratio\": 1.6727272272109985, \"no_speech_prob\": 0.18889102339744568}, {\"id\": 7, \"seek\": 0, \"start\": 26.15999984741211, \"end\": 27.280000686645508, \"text\": \" a guy that's having sex.\", \"tokens\": [51672, 257, 2146, 300, 311, 1419, 3260, 13, 51728], \"temperature\": 0.0, \"avg_logprob\": -0.21898388862609863, \"compression_ratio\": 1.6727272272109985, \"no_speech_prob\": 0.18889102339744568}, {\"id\": 8, \"seek\": 2728, \"start\": 27.440000534057617, \"end\": 30.239999771118164, \"text\": \" There's d**ks out everywhere, and I'm a man, and I'm fine with that.\", \"tokens\": [50372, 821, 311, 274, 4852, 1694, 484, 5315, 11, 293, 286, 478, 257, 587, 11, 293, 286, 478, 2489, 365, 300, 13, 50512], \"temperature\": 0.0, \"avg_logprob\": -0.2495100051164627, \"compression_ratio\": 1.4946808815002441, \"no_speech_prob\": 0.5037147402763367}, {\"id\": 9, \"seek\": 2728, \"start\": 31.84000015258789, \"end\": 36.2400016784668, \"text\": \" And the people in the lifestyle are actually just so open-minded,\", \"tokens\": [50592, 400, 264, 561, 294, 264, 11716, 366, 767, 445, 370, 1269, 12, 23310, 11, 50812], \"temperature\": 0.0, \"avg_logprob\": -0.2495100051164627, \"compression_ratio\": 1.4946808815002441, \"no_speech_prob\": 0.5037147402763367}, {\"id\": 10, \"seek\": 2728, \"start\": 36.2400016784668, \"end\": 41.439998626708984, \"text\": \" and so you get close to these people so fast, obviously, because you're all f**king each other.\", \"tokens\": [50812, 293, 370, 291, 483, 1998, 281, 613, 561, 370, 2370, 11, 2745, 11, 570, 291, 434, 439, 283, 4852, 5092, 1184, 661, 13, 51072], \"temperature\": 0.0, \"avg_logprob\": -0.2495100051164627, \"compression_ratio\": 1.4946808815002441, \"no_speech_prob\": 0.5037147402763367}, {\"id\": 11, \"seek\": 2728, \"start\": 41.439998626708984, \"end\": 43.84000015258789, \"text\": \" You get close to them, literally and figuratively.\", \"tokens\": [51072, 509, 483, 1998, 281, 552, 11, 3736, 293, 31094, 19020, 13, 51192], \"temperature\": 0.0, \"avg_logprob\": -0.2495100051164627, \"compression_ratio\": 1.4946808815002441, \"no_speech_prob\": 0.5037147402763367}]}"}