{"title": "Women Intuition Is No Joke", "video_id": "5DmDZeIZvTQ", "video_url": "https://www.youtube.com/watch?v=5DmDZeIZvTQ", "description": "Ready to build a network of amazing women and high-status men?\n\nMichael\u2019s Men of Action is a one-on-one Master\u2019s program that teaches men how to create elite social lives by becoming higher status.\n\nClick this link to learn how you can have a High-Status lifestyle now:\nhttps://m.moamentoring.com/podcast\n\nClick here to join the Men of Action community and watch the High-Status Networking 101 course:\nhttps://m.moamentoring.com/moa-community\n\u2014\u2014\u2014\u2014\u2014\u2014\u2014\u2014\u2014\u2014\u2014\u2014\u2014\u2014\u2014\u2014\u2014\u2014\u2014\u2014\n\nSubscribe on Youtube: \nhttps://www.youtube.com/user/MichaelSartain\n\nListen on Apple Podcast: \nhttps://podcasts.apple.com/us/podcast/the-michael-sartain-podcast/id1579791157\n\nListen on Spotify: \nhttps://open.spotify.com/show/2faAYwvDD9Bvkpwv6umlPO?si=8Q3ak9HnSlKjuChsTXr6YQ&dl_branch=1", "published_at": "2023-05-27T14:15:00Z", "channel_id": "UC0T1bDzajVefRWx4uKdGyuw", "channel_title": "Michael Sartain", "tags": [], "category_id": "24", "live_broadcast_content": "none", "duration": 58.0, "dimension": "2d", "definition": "hd", "caption": "false", "view_count": 6207, "like_count": 272, "comment_count": 21, "channel_info": {"title": "Michael Sartain", "description": "\ud83c\udf99Host of The\u00a0Michael Sartain Podcast \n\n\ud83d\udd25Teaching you how to build a network of desirable women and high-status men\n\n\ud83d\udc47 Click the \"Men of Action\" link below now to forge a high-status lifestyle and join the elites \n", "subscriber_count": "80500", "total_views": "29545897", "total_videos": "1481"}, "comments": [], "file_path": "/Users/aelaguiz/workspace/fc_book/audio/raws/5DmDZeIZvTQ.mp3", "transcription": "{\"text\": \"Mystery used to make us do this equation, I thought it was really interesting, but before it was bootcamps, and it was how many times has a woman been approached from the time she goes through puberty till the time she's 21? And we started, you do the math on it, and it was like five times a day versus this many days of her life, and she's, let's just say two days a week she's not out, and it came up to some ungodly number of like 24,000 times she had been approached before the time she was 22, and then we did the same equation for a man, and it was like less than a 500, and then the thing he was trying to express to you is, of course she is more calibrated than you, she's been approached hundreds of thousands of times more than you have, so when you come up and you're not congruent with the person that you're saying, she's gonna pick that out. David Buss talked about this, and Myron Gaines actually talked about this on Fresh and Fit was the concept of women having a better ability to walk into a room and be able to sniff out hierarchies. They can very quickly tell that like, that guy's the boss, but that guy's in charge. \", \"segments\": [{\"id\": 0, \"seek\": 0, \"start\": 0.0, \"end\": 2.4800000190734863, \"text\": \" Mystery used to make us do this equation,\", \"tokens\": [50364, 41660, 1143, 281, 652, 505, 360, 341, 5367, 11, 50488], \"temperature\": 0.0, \"avg_logprob\": -0.2683323621749878, \"compression_ratio\": 1.8553054332733154, \"no_speech_prob\": 0.044648393988609314}, {\"id\": 1, \"seek\": 0, \"start\": 2.4800000190734863, \"end\": 3.4800000190734863, \"text\": \" I thought it was really interesting,\", \"tokens\": [50488, 286, 1194, 309, 390, 534, 1880, 11, 50538], \"temperature\": 0.0, \"avg_logprob\": -0.2683323621749878, \"compression_ratio\": 1.8553054332733154, \"no_speech_prob\": 0.044648393988609314}, {\"id\": 2, \"seek\": 0, \"start\": 3.4800000190734863, \"end\": 4.840000152587891, \"text\": \" but before it was bootcamps,\", \"tokens\": [50538, 457, 949, 309, 390, 11450, 66, 23150, 11, 50606], \"temperature\": 0.0, \"avg_logprob\": -0.2683323621749878, \"compression_ratio\": 1.8553054332733154, \"no_speech_prob\": 0.044648393988609314}, {\"id\": 3, \"seek\": 0, \"start\": 4.840000152587891, \"end\": 7.71999979019165, \"text\": \" and it was how many times has a woman been approached\", \"tokens\": [50606, 293, 309, 390, 577, 867, 1413, 575, 257, 3059, 668, 17247, 50750], \"temperature\": 0.0, \"avg_logprob\": -0.2683323621749878, \"compression_ratio\": 1.8553054332733154, \"no_speech_prob\": 0.044648393988609314}, {\"id\": 4, \"seek\": 0, \"start\": 7.71999979019165, \"end\": 9.239999771118164, \"text\": \" from the time she goes through puberty\", \"tokens\": [50750, 490, 264, 565, 750, 1709, 807, 2362, 48501, 50826], \"temperature\": 0.0, \"avg_logprob\": -0.2683323621749878, \"compression_ratio\": 1.8553054332733154, \"no_speech_prob\": 0.044648393988609314}, {\"id\": 5, \"seek\": 0, \"start\": 9.239999771118164, \"end\": 10.479999542236328, \"text\": \" till the time she's 21?\", \"tokens\": [50826, 4288, 264, 565, 750, 311, 5080, 30, 50888], \"temperature\": 0.0, \"avg_logprob\": -0.2683323621749878, \"compression_ratio\": 1.8553054332733154, \"no_speech_prob\": 0.044648393988609314}, {\"id\": 6, \"seek\": 0, \"start\": 10.479999542236328, \"end\": 12.239999771118164, \"text\": \" And we started, you do the math on it,\", \"tokens\": [50888, 400, 321, 1409, 11, 291, 360, 264, 5221, 322, 309, 11, 50976], \"temperature\": 0.0, \"avg_logprob\": -0.2683323621749878, \"compression_ratio\": 1.8553054332733154, \"no_speech_prob\": 0.044648393988609314}, {\"id\": 7, \"seek\": 0, \"start\": 12.239999771118164, \"end\": 13.880000114440918, \"text\": \" and it was like five times a day\", \"tokens\": [50976, 293, 309, 390, 411, 1732, 1413, 257, 786, 51058], \"temperature\": 0.0, \"avg_logprob\": -0.2683323621749878, \"compression_ratio\": 1.8553054332733154, \"no_speech_prob\": 0.044648393988609314}, {\"id\": 8, \"seek\": 0, \"start\": 13.880000114440918, \"end\": 15.720000267028809, \"text\": \" versus this many days of her life,\", \"tokens\": [51058, 5717, 341, 867, 1708, 295, 720, 993, 11, 51150], \"temperature\": 0.0, \"avg_logprob\": -0.2683323621749878, \"compression_ratio\": 1.8553054332733154, \"no_speech_prob\": 0.044648393988609314}, {\"id\": 9, \"seek\": 0, \"start\": 15.720000267028809, \"end\": 17.799999237060547, \"text\": \" and she's, let's just say two days a week she's not out,\", \"tokens\": [51150, 293, 750, 311, 11, 718, 311, 445, 584, 732, 1708, 257, 1243, 750, 311, 406, 484, 11, 51254], \"temperature\": 0.0, \"avg_logprob\": -0.2683323621749878, \"compression_ratio\": 1.8553054332733154, \"no_speech_prob\": 0.044648393988609314}, {\"id\": 10, \"seek\": 0, \"start\": 17.799999237060547, \"end\": 20.079999923706055, \"text\": \" and it came up to some ungodly number\", \"tokens\": [51254, 293, 309, 1361, 493, 281, 512, 517, 21787, 356, 1230, 51368], \"temperature\": 0.0, \"avg_logprob\": -0.2683323621749878, \"compression_ratio\": 1.8553054332733154, \"no_speech_prob\": 0.044648393988609314}, {\"id\": 11, \"seek\": 0, \"start\": 20.079999923706055, \"end\": 22.479999542236328, \"text\": \" of like 24,000 times she had been approached\", \"tokens\": [51368, 295, 411, 4022, 11, 1360, 1413, 750, 632, 668, 17247, 51488], \"temperature\": 0.0, \"avg_logprob\": -0.2683323621749878, \"compression_ratio\": 1.8553054332733154, \"no_speech_prob\": 0.044648393988609314}, {\"id\": 12, \"seek\": 0, \"start\": 22.479999542236328, \"end\": 23.8799991607666, \"text\": \" before the time she was 22,\", \"tokens\": [51488, 949, 264, 565, 750, 390, 5853, 11, 51558], \"temperature\": 0.0, \"avg_logprob\": -0.2683323621749878, \"compression_ratio\": 1.8553054332733154, \"no_speech_prob\": 0.044648393988609314}, {\"id\": 13, \"seek\": 0, \"start\": 23.8799991607666, \"end\": 26.3799991607666, \"text\": \" and then we did the same equation for a man,\", \"tokens\": [51558, 293, 550, 321, 630, 264, 912, 5367, 337, 257, 587, 11, 51683], \"temperature\": 0.0, \"avg_logprob\": -0.2683323621749878, \"compression_ratio\": 1.8553054332733154, \"no_speech_prob\": 0.044648393988609314}, {\"id\": 14, \"seek\": 0, \"start\": 26.3799991607666, \"end\": 28.360000610351562, \"text\": \" and it was like less than a 500,\", \"tokens\": [51683, 293, 309, 390, 411, 1570, 813, 257, 5923, 11, 51782], \"temperature\": 0.0, \"avg_logprob\": -0.2683323621749878, \"compression_ratio\": 1.8553054332733154, \"no_speech_prob\": 0.044648393988609314}, {\"id\": 15, \"seek\": 2836, \"start\": 28.84000015258789, \"end\": 31.760000228881836, \"text\": \" and then the thing he was trying to express to you is,\", \"tokens\": [50388, 293, 550, 264, 551, 415, 390, 1382, 281, 5109, 281, 291, 307, 11, 50534], \"temperature\": 0.0, \"avg_logprob\": -0.2399408221244812, \"compression_ratio\": 1.7476634979248047, \"no_speech_prob\": 7.934300469969457e-07}, {\"id\": 16, \"seek\": 2836, \"start\": 31.760000228881836, \"end\": 33.959999084472656, \"text\": \" of course she is more calibrated than you,\", \"tokens\": [50534, 295, 1164, 750, 307, 544, 21583, 5468, 813, 291, 11, 50644], \"temperature\": 0.0, \"avg_logprob\": -0.2399408221244812, \"compression_ratio\": 1.7476634979248047, \"no_speech_prob\": 7.934300469969457e-07}, {\"id\": 17, \"seek\": 2836, \"start\": 33.959999084472656, \"end\": 36.58000183105469, \"text\": \" she's been approached hundreds of thousands of times\", \"tokens\": [50644, 750, 311, 668, 17247, 6779, 295, 5383, 295, 1413, 50775], \"temperature\": 0.0, \"avg_logprob\": -0.2399408221244812, \"compression_ratio\": 1.7476634979248047, \"no_speech_prob\": 7.934300469969457e-07}, {\"id\": 18, \"seek\": 2836, \"start\": 36.58000183105469, \"end\": 37.41999816894531, \"text\": \" more than you have,\", \"tokens\": [50775, 544, 813, 291, 362, 11, 50817], \"temperature\": 0.0, \"avg_logprob\": -0.2399408221244812, \"compression_ratio\": 1.7476634979248047, \"no_speech_prob\": 7.934300469969457e-07}, {\"id\": 19, \"seek\": 2836, \"start\": 37.41999816894531, \"end\": 39.63999938964844, \"text\": \" so when you come up and you're not congruent\", \"tokens\": [50817, 370, 562, 291, 808, 493, 293, 291, 434, 406, 8882, 19226, 50928], \"temperature\": 0.0, \"avg_logprob\": -0.2399408221244812, \"compression_ratio\": 1.7476634979248047, \"no_speech_prob\": 7.934300469969457e-07}, {\"id\": 20, \"seek\": 2836, \"start\": 39.63999938964844, \"end\": 41.0, \"text\": \" with the person that you're saying,\", \"tokens\": [50928, 365, 264, 954, 300, 291, 434, 1566, 11, 50996], \"temperature\": 0.0, \"avg_logprob\": -0.2399408221244812, \"compression_ratio\": 1.7476634979248047, \"no_speech_prob\": 7.934300469969457e-07}, {\"id\": 21, \"seek\": 2836, \"start\": 41.0, \"end\": 42.29999923706055, \"text\": \" she's gonna pick that out.\", \"tokens\": [50996, 750, 311, 799, 1888, 300, 484, 13, 51061], \"temperature\": 0.0, \"avg_logprob\": -0.2399408221244812, \"compression_ratio\": 1.7476634979248047, \"no_speech_prob\": 7.934300469969457e-07}, {\"id\": 22, \"seek\": 2836, \"start\": 43.58000183105469, \"end\": 44.7599983215332, \"text\": \" David Buss talked about this,\", \"tokens\": [51125, 4389, 363, 2023, 2825, 466, 341, 11, 51184], \"temperature\": 0.0, \"avg_logprob\": -0.2399408221244812, \"compression_ratio\": 1.7476634979248047, \"no_speech_prob\": 7.934300469969457e-07}, {\"id\": 23, \"seek\": 2836, \"start\": 44.7599983215332, \"end\": 47.119998931884766, \"text\": \" and Myron Gaines actually talked about this on Fresh and Fit\", \"tokens\": [51184, 293, 1222, 2044, 460, 19295, 767, 2825, 466, 341, 322, 22843, 293, 29263, 51302], \"temperature\": 0.0, \"avg_logprob\": -0.2399408221244812, \"compression_ratio\": 1.7476634979248047, \"no_speech_prob\": 7.934300469969457e-07}, {\"id\": 24, \"seek\": 2836, \"start\": 47.119998931884766, \"end\": 49.91999816894531, \"text\": \" was the concept of women having a better ability\", \"tokens\": [51302, 390, 264, 3410, 295, 2266, 1419, 257, 1101, 3485, 51442], \"temperature\": 0.0, \"avg_logprob\": -0.2399408221244812, \"compression_ratio\": 1.7476634979248047, \"no_speech_prob\": 7.934300469969457e-07}, {\"id\": 25, \"seek\": 2836, \"start\": 49.91999816894531, \"end\": 53.84000015258789, \"text\": \" to walk into a room and be able to sniff out hierarchies.\", \"tokens\": [51442, 281, 1792, 666, 257, 1808, 293, 312, 1075, 281, 31101, 484, 35250, 530, 13, 51638], \"temperature\": 0.0, \"avg_logprob\": -0.2399408221244812, \"compression_ratio\": 1.7476634979248047, \"no_speech_prob\": 7.934300469969457e-07}, {\"id\": 26, \"seek\": 2836, \"start\": 53.84000015258789, \"end\": 55.599998474121094, \"text\": \" They can very quickly tell that like,\", \"tokens\": [51638, 814, 393, 588, 2661, 980, 300, 411, 11, 51726], \"temperature\": 0.0, \"avg_logprob\": -0.2399408221244812, \"compression_ratio\": 1.7476634979248047, \"no_speech_prob\": 7.934300469969457e-07}, {\"id\": 27, \"seek\": 2836, \"start\": 55.599998474121094, \"end\": 57.959999084472656, \"text\": \" that guy's the boss, but that guy's in charge.\", \"tokens\": [51726, 300, 2146, 311, 264, 5741, 11, 457, 300, 2146, 311, 294, 4602, 13, 51844], \"temperature\": 0.0, \"avg_logprob\": -0.2399408221244812, \"compression_ratio\": 1.7476634979248047, \"no_speech_prob\": 7.934300469969457e-07}]}"}