{"title": "How Evolutionary Biology Explains Attraction Even In Today's Digital Age", "video_id": "6hDSO3maKHc", "video_url": "https://www.youtube.com/watch?v=6hDSO3maKHc", "description": "Ready to build a network of amazing women and high-status men?\n\nMichael\u2019s Men of Action is a one-on-one Master\u2019s program that teaches men how to create elite social lives by becoming higher status.\n\nClick this link to learn how you can have a High-Status lifestyle now:\nhttps://m.moamentoring.com/podcast\n\nClick here to join the Men of Action community and watch the High-Status Networking 101 course:\nhttps://m.moamentoring.com/moa-community\n\u2014\u2014\u2014\u2014\u2014\u2014\u2014\u2014\u2014\u2014\u2014\u2014\u2014\u2014\u2014\u2014\u2014\u2014\u2014\u2014\n\nSubscribe on Youtube: \nhttps://www.youtube.com/user/MichaelSartain\n\nListen on Apple Podcast: \nhttps://podcasts.apple.com/us/podcast/the-michael-sartain-podcast/id1579791157\n\nListen on Spotify: \nhttps://open.spotify.com/show/2faAYwvDD9Bvkpwv6umlPO?si=8Q3ak9HnSlKjuChsTXr6YQ&dl_branch=1", "published_at": "2023-04-11T21:15:00Z", "channel_id": "UC0T1bDzajVefRWx4uKdGyuw", "channel_title": "Michael Sartain", "tags": [], "category_id": "24", "live_broadcast_content": "none", "duration": 536.0, "dimension": "2d", "definition": "hd", "caption": "false", "view_count": 4391, "like_count": 189, "comment_count": 24, "channel_info": {"title": "Michael Sartain", "description": "\ud83c\udf99Host of The\u00a0Michael Sartain Podcast \n\n\ud83d\udd25Teaching you how to build a network of desirable women and high-status men\n\n\ud83d\udc47 Click the \"Men of Action\" link below now to forge a high-status lifestyle and join the elites \n", "subscriber_count": "80500", "total_views": "29545897", "total_videos": "1481"}, "comments": [], "file_path": "/Users/aelaguiz/workspace/fc_book/audio/raws/6hDSO3maKHc.mp3", "transcription": "{\"text\": \"a woman is attracted to a man because other women find him attractive. I get that. This is where supply and demand always cross. You want him because fame, wealth, health, wealth, relationships, charisma, whatever. You have a hunker on your arm, you have a puppy, or you have a kid. But every one of those girls who sees those ninety-nines on those attributes, other women see them too. So then is it law of attraction? Is it just energy? It's like that much momentum, energy built up that it pulls in other girls. Then what is it? It's funny. It's psychology. It's natural selection. So only if they see you, then they're more attracted to you. So how do you pull in more women? I guess I don't understand. So you're saying you're a guy, and then if more women want you, more women will want you. Yes, correct. So how do these women find you? So, a couple of things. The first thing would be social media. That would be the easiest way to do it. That's different. That's not real. I'm a crazy fucking whore on social media, and then my real life's something boring. I understand what you're saying, but you will admit that what you do on social media still has an effect, even though you think it's fake. Well, I haven't been posting. I've turned my back on Twitter and IG at the moment, so I'm not on social media. But you do understand that some people are on social media, and the things that they do while they're doing that, it is effective, right? It's fake. It's an illusion. Let me ask you something. With Kim Kardashian's, you know, whatever, forty-seven million followers. She's losing a lot of things because she's a bully. While that may be true, but you would admit that having her account, she could make money from that, right? Yes. It is moving. It has some gravity to it. That's true. Social media has some gravity to it, right? But it's like the lie of reality. Again, you keep saying the lie of reality, but the point is, it is effective. Okay, business-wise, yes. Forget business-wise. It creates attraction with women. It's undeniable. You see someone that's hot online, it's a picture. Forget about online. It's not even that. It's like they're traveling. Someone who's traveling. Someone who's around beautiful women. You don't know how many times you'll see a girl hit up a guy because she sees all the other girls following him. Okay, okay. So are you saying, so like Dan Blazerian, let's just say that. So he has beautiful women around him, obviously, on his social media. Yes. So what you're saying is, because of that, more women are going to be wanting him. Yes. They're like, why does she, why do they want him? That's not hypothetical. Girls literally hit me up to try to get in touch with Dan. Like, some of the most beautiful women I've ever seen in my life, like fighting. There was a story about, one time, I believe it was in San Diego, one girl kicked another one in the head for standing too close to Dan. The level of, again, Dan is not talking them up. Dan is not even spending money on them. It is, half the things he goes and does are comp. Like, when he goes to these gun ranges, they pay him. So, like, he's not paying money for any of these. These women are literally fighting to be near him because other women are fighting to be near him. Okay, but is it, they're fighting to be near him, or they're fighting to be posted on his social media to get... So he doesn't, it's a great point. For the last five years, he hasn't tagged a single girl. He doesn't tag girls on his social media anymore. Okay, so like, literally, this is like primal. This is like, like how, like, there's like, there's animals and all of the females want that one male because he's the most dominant one. So extreme, extreme polygynous societies would be like elephant, bull, seal, or gorilla. Bonobo would be a little bit more egalitarian, where they're polyamorous. Whereas humans, it is, throughout the majority of human existence, only 25% of males have ever bred or even had sex. Only about 25% of men have ever even had sex throughout the 110 billion human men, or 110 billion humans that ever lived on this planet. Wow. So when you realize that we had a lot of surplus men, once we had enforced, not enforced, but encouraged monogamy, you know, with Christianity and Islam and all this kind of thing. That was just protect family, right? Well, no, that was, that was so that you didn't have a bunch of surplus men. So now these surplus men that were at the lower rungs of society, or in lower caste, at least they had a wife, and they could have sex with one person, have child with one person. Absolutely. The sexual floor for a woman, even if she's unattractive, is still above one. Dudes will have sex with one, the woman at the trailer park. It is still above one. The sexual floor for the five foot two Filipino cashier over at Walmart is zero. It can be, if he doesn't do anything to change it, it will be. And that's the issue. That's 30. Let's ask you a couple of questions. The percentage of men in the United States right now that have zero sexual partners in like the last year. I have no idea. It's got to be high. What do you think? Well, you just said 75%. I heard you post, you posted, say it again. So 25% of men over the three million years of hominids have had sex. I don't know, like 3%. 33% of men have zero sexual partners. So when you say zero, that means zero in their whole life, or zero in that year? Between the ages of 18 and 30, they have zero sexual partners. But what is your takeaway from that? Because you posted this on social media. It used to be 12%. That's my takeaway. My takeaway is, beards used to go out and meet women to have sex. They don't do that anymore. But are we talking about bisexual, homosexual? Just men reporting having sex with the US Census, the Institute for Family Studies. Now, here's the next question I have for you. The percentage of men deemed unattractive on dating apps, what do you think it is? The percentage of left swipe swipe swipes. 90%. I would say like 60. It's 80%. I could never get anywhere on swiping apps. Never. But here's the thing, man. I could coach you, and I guarantee you I'd get you anywhere you wanted. It would be very simple. It's not just attributes. There's just ways to take photos. It's not just the photo with the Lambo. It's the photo in Paris. It's the photo in Monaco. But it doesn't have to be expensive. It's the fact that one day you went to eat at Mastro's, and the next day you went to fucking roll and smoke barbecue. You travel. You're fun. You can show an experience. And you can take pictures where you color correct. And the photos, people want to look at what you're doing. You'd be shocked at how much attention you get from women just from having a normal, like an above average social media. It's incredible. It's so crazy to hear you say that. Are they the women that you want, though? It doesn't matter. The thing is, but here's the... I think it starts somewhere. There you go. That's exactly right. The problem is men getting no action or asking, are these the women you want? No, no, bro. For in the beginning, you need to be attractive to women, not attractive to a certain type of women. Yeah, yeah, yeah. Again, it's like, well, I was bench pressing 250 over at UNLV, but is that the same 250 over at fucking LVAC? Yes, it's the same 250. It's the thing is, you need to be... Attraction is attraction. Attraction status is status is status. The initial question for men who are not successful with women is not, do I get the right kind of woman? Is... Can I... Like getting a physique where you have a smaller waist and broader shoulders, that is attractive to women. There's a 37 culture study done by Dr. David Buss, where he goes over a 1.65 to 1 shoulder to waist ratio for men and a 0.72 hip to waist ratio for women that all 37 cultures found to be attracted, even the ones that were in the Andes, even the ones that were in Papaya, New Guinea, even the ones that were like Yanomamo Indians had no cultural exposure whatsoever to the West, no magazines, no TV or whatever. They found the same things to be attractive. There are things that men can do to make themselves more attractive, not attractive to the church girl or not attractive to the porn star, attractive, period. And that's the thing that you'll find is that in general, women are going to find certain traits attractive in men, regardless of how many sexual partners that they've had previously. So focusing on which type of girl you get is the wrong question. Initially, it's almost like saying, well, I don't want those type of clients for my coaching business. No, I don't have a coaching business. In the beginning, I need fucking clients. It's almost like having an OnlyFans be like, well, I don't want those kinds of people pay me. No motherfucker, you don't get to choose in the beginning, in the beginning. Now, once you're Joe Rogan, you're like, well, I don't want that guest. I can be a little bit more selective, but in the beginning, 33% men with zero sexual partners and 80% of men deemed unattractive on social media. You need to shut the fuck up and start listening on how to become more attractive. And they're very, very, and by the way, one thing I cannot stand are these dating shows that go off and they're like, what are men who cheats more men or women? Motherfucker. There is a stat on that. It is 20% of men and 13% of women. It's like, why wouldn't anybody take a second to look that up? They don't. That's what my, that's what my show is about. Evolutionary psychology. Instead of asking these questions, who cheats more or why do men do this? There are actual solid, provable, immutable reasons for the answers. That no one ever looks up. And instead we watch Dr. Phil and Oprah talk fucking nonsense or people or the bucket people on the view who don't use science for anything that they do. There is science to explain all of our proclivities, but it's really scary when you go down that path, because that means free will isn't real because it isn't. And so that's it. That's the thing is we're hairless murder apes. When you look at it from that standpoint and you're just like, okay, I'm just going to do the things that make me more attractive. The results are, they speak for themselves. They're fucking outstanding. That's why I like on my, on my website, I have 30 different IDs that I call, uh, that I helped cultivate for my clients. And when they went out and looked at it, they were like, holy shit, this actually works. Some of them have no women on it. Some of them are just guys traveling. Some of them have guys who are just really physically, physically attractive. Some have guys who show money. Some have guys who are just with a lot of girls, but all these things are different attraction triggers for women. For men, we just have like kind of one attraction trigger. It's facial symmetry, hip to waist ratio, signs of youth for women. They have so many different attraction triggers, tattoo sleeves and broad shoulders and loud voices and lots of money. And fucking this guy's from this college or this guy was on this TV show or fame. There's so many different attraction triggers for women. And for men, there's just like. \", \"segments\": [{\"id\": 0, \"seek\": 0, \"start\": 0.0, \"end\": 3.5199999809265137, \"text\": \" a woman is attracted to a man because other women find him attractive. I get that.\", \"tokens\": [50364, 257, 3059, 307, 15912, 281, 257, 587, 570, 661, 2266, 915, 796, 12609, 13, 286, 483, 300, 13, 50540], \"temperature\": 0.0, \"avg_logprob\": -0.3814436197280884, \"compression_ratio\": 1.7216495275497437, \"no_speech_prob\": 0.03621091693639755}, {\"id\": 1, \"seek\": 0, \"start\": 3.5199999809265137, \"end\": 7.079999923706055, \"text\": \" This is where supply and demand always cross.\", \"tokens\": [50540, 639, 307, 689, 5847, 293, 4733, 1009, 3278, 13, 50718], \"temperature\": 0.0, \"avg_logprob\": -0.3814436197280884, \"compression_ratio\": 1.7216495275497437, \"no_speech_prob\": 0.03621091693639755}, {\"id\": 2, \"seek\": 0, \"start\": 7.079999923706055, \"end\": 8.920000076293945, \"text\": \" You want him because\", \"tokens\": [50718, 509, 528, 796, 570, 50810], \"temperature\": 0.0, \"avg_logprob\": -0.3814436197280884, \"compression_ratio\": 1.7216495275497437, \"no_speech_prob\": 0.03621091693639755}, {\"id\": 3, \"seek\": 0, \"start\": 8.920000076293945, \"end\": 12.800000190734863, \"text\": \" fame, wealth, health, wealth, relationships, charisma, whatever. You have a\", \"tokens\": [50810, 16874, 11, 7203, 11, 1585, 11, 7203, 11, 6159, 11, 45969, 11, 2035, 13, 509, 362, 257, 51004], \"temperature\": 0.0, \"avg_logprob\": -0.3814436197280884, \"compression_ratio\": 1.7216495275497437, \"no_speech_prob\": 0.03621091693639755}, {\"id\": 4, \"seek\": 0, \"start\": 12.800000190734863, \"end\": 18.1200008392334, \"text\": \" hunker on your arm, you have a puppy, or you have a kid. But every one of those girls\", \"tokens\": [51004, 276, 3197, 260, 322, 428, 3726, 11, 291, 362, 257, 18196, 11, 420, 291, 362, 257, 1636, 13, 583, 633, 472, 295, 729, 4519, 51270], \"temperature\": 0.0, \"avg_logprob\": -0.3814436197280884, \"compression_ratio\": 1.7216495275497437, \"no_speech_prob\": 0.03621091693639755}, {\"id\": 5, \"seek\": 0, \"start\": 18.1200008392334, \"end\": 21.760000228881836, \"text\": \" who sees those ninety-nines on those attributes, other women see\", \"tokens\": [51270, 567, 8194, 729, 25063, 12, 77, 1652, 322, 729, 17212, 11, 661, 2266, 536, 51452], \"temperature\": 0.0, \"avg_logprob\": -0.3814436197280884, \"compression_ratio\": 1.7216495275497437, \"no_speech_prob\": 0.03621091693639755}, {\"id\": 6, \"seek\": 0, \"start\": 21.760000228881836, \"end\": 24.68000030517578, \"text\": \" them too. So then is it law of attraction?\", \"tokens\": [51452, 552, 886, 13, 407, 550, 307, 309, 2101, 295, 17672, 30, 51598], \"temperature\": 0.0, \"avg_logprob\": -0.3814436197280884, \"compression_ratio\": 1.7216495275497437, \"no_speech_prob\": 0.03621091693639755}, {\"id\": 7, \"seek\": 0, \"start\": 24.68000030517578, \"end\": 28.440000534057617, \"text\": \" Is it just energy? It's like that much momentum, energy built up that it pulls in\", \"tokens\": [51598, 1119, 309, 445, 2281, 30, 467, 311, 411, 300, 709, 11244, 11, 2281, 3094, 493, 300, 309, 16982, 294, 51786], \"temperature\": 0.0, \"avg_logprob\": -0.3814436197280884, \"compression_ratio\": 1.7216495275497437, \"no_speech_prob\": 0.03621091693639755}, {\"id\": 8, \"seek\": 2844, \"start\": 28.440000534057617, \"end\": 32.599998474121094, \"text\": \" other girls. Then what is it? It's funny. It's psychology. It's natural selection.\", \"tokens\": [50364, 661, 4519, 13, 1396, 437, 307, 309, 30, 467, 311, 4074, 13, 467, 311, 15105, 13, 467, 311, 3303, 9450, 13, 50572], \"temperature\": 0.0, \"avg_logprob\": -0.3287976086139679, \"compression_ratio\": 1.9331307411193848, \"no_speech_prob\": 0.1645057499408722}, {\"id\": 9, \"seek\": 2844, \"start\": 32.599998474121094, \"end\": 35.84000015258789, \"text\": \" So only if they see you, then they're more attracted to you. So how do you pull in more\", \"tokens\": [50572, 407, 787, 498, 436, 536, 291, 11, 550, 436, 434, 544, 15912, 281, 291, 13, 407, 577, 360, 291, 2235, 294, 544, 50734], \"temperature\": 0.0, \"avg_logprob\": -0.3287976086139679, \"compression_ratio\": 1.9331307411193848, \"no_speech_prob\": 0.1645057499408722}, {\"id\": 10, \"seek\": 2844, \"start\": 35.84000015258789, \"end\": 40.119998931884766, \"text\": \" women? I guess I don't understand. So you're saying you're a guy, and then if\", \"tokens\": [50734, 2266, 30, 286, 2041, 286, 500, 380, 1223, 13, 407, 291, 434, 1566, 291, 434, 257, 2146, 11, 293, 550, 498, 50948], \"temperature\": 0.0, \"avg_logprob\": -0.3287976086139679, \"compression_ratio\": 1.9331307411193848, \"no_speech_prob\": 0.1645057499408722}, {\"id\": 11, \"seek\": 2844, \"start\": 40.119998931884766, \"end\": 44.0, \"text\": \" more women want you, more women will want you. Yes, correct. So how do these women find you?\", \"tokens\": [50948, 544, 2266, 528, 291, 11, 544, 2266, 486, 528, 291, 13, 1079, 11, 3006, 13, 407, 577, 360, 613, 2266, 915, 291, 30, 51142], \"temperature\": 0.0, \"avg_logprob\": -0.3287976086139679, \"compression_ratio\": 1.9331307411193848, \"no_speech_prob\": 0.1645057499408722}, {\"id\": 12, \"seek\": 2844, \"start\": 44.0, \"end\": 47.08000183105469, \"text\": \" So, a couple of things. The first thing would be social media. That would be the\", \"tokens\": [51142, 407, 11, 257, 1916, 295, 721, 13, 440, 700, 551, 576, 312, 2093, 3021, 13, 663, 576, 312, 264, 51296], \"temperature\": 0.0, \"avg_logprob\": -0.3287976086139679, \"compression_ratio\": 1.9331307411193848, \"no_speech_prob\": 0.1645057499408722}, {\"id\": 13, \"seek\": 2844, \"start\": 47.08000183105469, \"end\": 53.119998931884766, \"text\": \" easiest way to do it. That's different. That's not real. I'm a crazy fucking whore on social media, and then my real life's something boring.\", \"tokens\": [51296, 12889, 636, 281, 360, 309, 13, 663, 311, 819, 13, 663, 311, 406, 957, 13, 286, 478, 257, 3219, 5546, 315, 418, 322, 2093, 3021, 11, 293, 550, 452, 957, 993, 311, 746, 9989, 13, 51598], \"temperature\": 0.0, \"avg_logprob\": -0.3287976086139679, \"compression_ratio\": 1.9331307411193848, \"no_speech_prob\": 0.1645057499408722}, {\"id\": 14, \"seek\": 2844, \"start\": 53.119998931884766, \"end\": 56.08000183105469, \"text\": \" I understand what you're saying, but you will admit that what you do on\", \"tokens\": [51598, 286, 1223, 437, 291, 434, 1566, 11, 457, 291, 486, 9796, 300, 437, 291, 360, 322, 51746], \"temperature\": 0.0, \"avg_logprob\": -0.3287976086139679, \"compression_ratio\": 1.9331307411193848, \"no_speech_prob\": 0.1645057499408722}, {\"id\": 15, \"seek\": 5608, \"start\": 56.119998931884766, \"end\": 59.279998779296875, \"text\": \" social media still has an effect, even though you think it's fake. Well, I haven't\", \"tokens\": [50366, 2093, 3021, 920, 575, 364, 1802, 11, 754, 1673, 291, 519, 309, 311, 7592, 13, 1042, 11, 286, 2378, 380, 50524], \"temperature\": 0.0, \"avg_logprob\": -0.33193066716194153, \"compression_ratio\": 1.6961652040481567, \"no_speech_prob\": 0.565924346446991}, {\"id\": 16, \"seek\": 5608, \"start\": 59.279998779296875, \"end\": 64.12000274658203, \"text\": \" been posting. I've turned my back on Twitter and IG at the moment, so I'm not on social media.\", \"tokens\": [50524, 668, 15978, 13, 286, 600, 3574, 452, 646, 322, 5794, 293, 26367, 412, 264, 1623, 11, 370, 286, 478, 406, 322, 2093, 3021, 13, 50766], \"temperature\": 0.0, \"avg_logprob\": -0.33193066716194153, \"compression_ratio\": 1.6961652040481567, \"no_speech_prob\": 0.565924346446991}, {\"id\": 17, \"seek\": 5608, \"start\": 64.12000274658203, \"end\": 67.80000305175781, \"text\": \" But you do understand that some people are on social media, and the things that they do\", \"tokens\": [50766, 583, 291, 360, 1223, 300, 512, 561, 366, 322, 2093, 3021, 11, 293, 264, 721, 300, 436, 360, 50950], \"temperature\": 0.0, \"avg_logprob\": -0.33193066716194153, \"compression_ratio\": 1.6961652040481567, \"no_speech_prob\": 0.565924346446991}, {\"id\": 18, \"seek\": 5608, \"start\": 67.80000305175781, \"end\": 73.0, \"text\": \" while they're doing that, it is effective, right? It's fake. It's an illusion.\", \"tokens\": [50950, 1339, 436, 434, 884, 300, 11, 309, 307, 4942, 11, 558, 30, 467, 311, 7592, 13, 467, 311, 364, 18854, 13, 51210], \"temperature\": 0.0, \"avg_logprob\": -0.33193066716194153, \"compression_ratio\": 1.6961652040481567, \"no_speech_prob\": 0.565924346446991}, {\"id\": 19, \"seek\": 5608, \"start\": 73.0, \"end\": 76.68000030517578, \"text\": \" Let me ask you something. With Kim Kardashian's, you know, whatever,\", \"tokens\": [51210, 961, 385, 1029, 291, 746, 13, 2022, 5652, 46044, 311, 11, 291, 458, 11, 2035, 11, 51394], \"temperature\": 0.0, \"avg_logprob\": -0.33193066716194153, \"compression_ratio\": 1.6961652040481567, \"no_speech_prob\": 0.565924346446991}, {\"id\": 20, \"seek\": 5608, \"start\": 76.68000030517578, \"end\": 81.04000091552734, \"text\": \" forty-seven million followers. She's losing a lot of things because she's a bully.\", \"tokens\": [51394, 15815, 12, 44476, 2459, 13071, 13, 1240, 311, 7027, 257, 688, 295, 721, 570, 750, 311, 257, 29123, 13, 51612], \"temperature\": 0.0, \"avg_logprob\": -0.33193066716194153, \"compression_ratio\": 1.6961652040481567, \"no_speech_prob\": 0.565924346446991}, {\"id\": 21, \"seek\": 5608, \"start\": 81.04000091552734, \"end\": 83.80000305175781, \"text\": \" While that may be true, but you would admit that having her account, she could\", \"tokens\": [51612, 3987, 300, 815, 312, 2074, 11, 457, 291, 576, 9796, 300, 1419, 720, 2696, 11, 750, 727, 51750], \"temperature\": 0.0, \"avg_logprob\": -0.33193066716194153, \"compression_ratio\": 1.6961652040481567, \"no_speech_prob\": 0.565924346446991}, {\"id\": 22, \"seek\": 8380, \"start\": 83.80000305175781, \"end\": 88.63999938964844, \"text\": \" make money from that, right? Yes. It is moving. It has some gravity to it.\", \"tokens\": [50364, 652, 1460, 490, 300, 11, 558, 30, 1079, 13, 467, 307, 2684, 13, 467, 575, 512, 12110, 281, 309, 13, 50606], \"temperature\": 0.0, \"avg_logprob\": -0.3245575726032257, \"compression_ratio\": 1.8358662128448486, \"no_speech_prob\": 0.5427817106246948}, {\"id\": 23, \"seek\": 8380, \"start\": 88.63999938964844, \"end\": 93.27999877929688, \"text\": \" That's true. Social media has some gravity to it, right? But it's like the lie of reality.\", \"tokens\": [50606, 663, 311, 2074, 13, 9909, 3021, 575, 512, 12110, 281, 309, 11, 558, 30, 583, 309, 311, 411, 264, 4544, 295, 4103, 13, 50838], \"temperature\": 0.0, \"avg_logprob\": -0.3245575726032257, \"compression_ratio\": 1.8358662128448486, \"no_speech_prob\": 0.5427817106246948}, {\"id\": 24, \"seek\": 8380, \"start\": 93.27999877929688, \"end\": 96.68000030517578, \"text\": \" Again, you keep saying the lie of reality, but the point is, it is effective.\", \"tokens\": [50838, 3764, 11, 291, 1066, 1566, 264, 4544, 295, 4103, 11, 457, 264, 935, 307, 11, 309, 307, 4942, 13, 51008], \"temperature\": 0.0, \"avg_logprob\": -0.3245575726032257, \"compression_ratio\": 1.8358662128448486, \"no_speech_prob\": 0.5427817106246948}, {\"id\": 25, \"seek\": 8380, \"start\": 96.68000030517578, \"end\": 101.5199966430664, \"text\": \" Okay, business-wise, yes. Forget business-wise. It creates attraction with women.\", \"tokens\": [51008, 1033, 11, 1606, 12, 3711, 11, 2086, 13, 18675, 1606, 12, 3711, 13, 467, 7829, 17672, 365, 2266, 13, 51250], \"temperature\": 0.0, \"avg_logprob\": -0.3245575726032257, \"compression_ratio\": 1.8358662128448486, \"no_speech_prob\": 0.5427817106246948}, {\"id\": 26, \"seek\": 8380, \"start\": 101.5199966430664, \"end\": 105.83999633789062, \"text\": \" It's undeniable. You see someone that's hot online, it's a picture. Forget about online. It's not even that.\", \"tokens\": [51250, 467, 311, 674, 268, 9364, 13, 509, 536, 1580, 300, 311, 2368, 2950, 11, 309, 311, 257, 3036, 13, 18675, 466, 2950, 13, 467, 311, 406, 754, 300, 13, 51466], \"temperature\": 0.0, \"avg_logprob\": -0.3245575726032257, \"compression_ratio\": 1.8358662128448486, \"no_speech_prob\": 0.5427817106246948}, {\"id\": 27, \"seek\": 8380, \"start\": 105.83999633789062, \"end\": 109.19999694824219, \"text\": \" It's like they're traveling. Someone who's traveling. Someone who's around beautiful women.\", \"tokens\": [51466, 467, 311, 411, 436, 434, 9712, 13, 8734, 567, 311, 9712, 13, 8734, 567, 311, 926, 2238, 2266, 13, 51634], \"temperature\": 0.0, \"avg_logprob\": -0.3245575726032257, \"compression_ratio\": 1.8358662128448486, \"no_speech_prob\": 0.5427817106246948}, {\"id\": 28, \"seek\": 8380, \"start\": 109.19999694824219, \"end\": 113.23999786376953, \"text\": \" You don't know how many times you'll see a girl hit up a guy because she sees\", \"tokens\": [51634, 509, 500, 380, 458, 577, 867, 1413, 291, 603, 536, 257, 2013, 2045, 493, 257, 2146, 570, 750, 8194, 51836], \"temperature\": 0.0, \"avg_logprob\": -0.3245575726032257, \"compression_ratio\": 1.8358662128448486, \"no_speech_prob\": 0.5427817106246948}, {\"id\": 29, \"seek\": 11324, \"start\": 113.27999877929688, \"end\": 117.80000305175781, \"text\": \" all the other girls following him. Okay, okay. So are you saying, so like Dan Blazerian, let's just say that.\", \"tokens\": [50366, 439, 264, 661, 4519, 3480, 796, 13, 1033, 11, 1392, 13, 407, 366, 291, 1566, 11, 370, 411, 3394, 18925, 4527, 952, 11, 718, 311, 445, 584, 300, 13, 50592], \"temperature\": 0.0, \"avg_logprob\": -0.3638193607330322, \"compression_ratio\": 1.7002724409103394, \"no_speech_prob\": 0.01472766324877739}, {\"id\": 30, \"seek\": 11324, \"start\": 117.80000305175781, \"end\": 122.04000091552734, \"text\": \" So he has beautiful women around him, obviously, on his social media.\", \"tokens\": [50592, 407, 415, 575, 2238, 2266, 926, 796, 11, 2745, 11, 322, 702, 2093, 3021, 13, 50804], \"temperature\": 0.0, \"avg_logprob\": -0.3638193607330322, \"compression_ratio\": 1.7002724409103394, \"no_speech_prob\": 0.01472766324877739}, {\"id\": 31, \"seek\": 11324, \"start\": 122.04000091552734, \"end\": 126.5199966430664, \"text\": \" Yes. So what you're saying is, because of that, more women are going to be\", \"tokens\": [50804, 1079, 13, 407, 437, 291, 434, 1566, 307, 11, 570, 295, 300, 11, 544, 2266, 366, 516, 281, 312, 51028], \"temperature\": 0.0, \"avg_logprob\": -0.3638193607330322, \"compression_ratio\": 1.7002724409103394, \"no_speech_prob\": 0.01472766324877739}, {\"id\": 32, \"seek\": 11324, \"start\": 126.5199966430664, \"end\": 129.8000030517578, \"text\": \" wanting him. Yes. They're like, why does she, why do they want him? That's not hypothetical.\", \"tokens\": [51028, 7935, 796, 13, 1079, 13, 814, 434, 411, 11, 983, 775, 750, 11, 983, 360, 436, 528, 796, 30, 663, 311, 406, 33053, 13, 51192], \"temperature\": 0.0, \"avg_logprob\": -0.3638193607330322, \"compression_ratio\": 1.7002724409103394, \"no_speech_prob\": 0.01472766324877739}, {\"id\": 33, \"seek\": 11324, \"start\": 129.8000030517578, \"end\": 132.9199981689453, \"text\": \" Girls literally hit me up to try to get in touch with Dan. Like, some of the most\", \"tokens\": [51192, 16245, 3736, 2045, 385, 493, 281, 853, 281, 483, 294, 2557, 365, 3394, 13, 1743, 11, 512, 295, 264, 881, 51348], \"temperature\": 0.0, \"avg_logprob\": -0.3638193607330322, \"compression_ratio\": 1.7002724409103394, \"no_speech_prob\": 0.01472766324877739}, {\"id\": 34, \"seek\": 11324, \"start\": 132.9199981689453, \"end\": 134.1199951171875, \"text\": \" beautiful women I've ever seen in my life,\", \"tokens\": [51348, 2238, 2266, 286, 600, 1562, 1612, 294, 452, 993, 11, 51408], \"temperature\": 0.0, \"avg_logprob\": -0.3638193607330322, \"compression_ratio\": 1.7002724409103394, \"no_speech_prob\": 0.01472766324877739}, {\"id\": 35, \"seek\": 11324, \"start\": 134.1199951171875, \"end\": 138.36000061035156, \"text\": \" like fighting. There was a story about, one time, I believe it was in San Diego, one girl\", \"tokens\": [51408, 411, 5237, 13, 821, 390, 257, 1657, 466, 11, 472, 565, 11, 286, 1697, 309, 390, 294, 5271, 16377, 11, 472, 2013, 51620], \"temperature\": 0.0, \"avg_logprob\": -0.3638193607330322, \"compression_ratio\": 1.7002724409103394, \"no_speech_prob\": 0.01472766324877739}, {\"id\": 36, \"seek\": 11324, \"start\": 138.36000061035156, \"end\": 140.8000030517578, \"text\": \" kicked another one in the head for standing too close to Dan.\", \"tokens\": [51620, 14609, 1071, 472, 294, 264, 1378, 337, 4877, 886, 1998, 281, 3394, 13, 51742], \"temperature\": 0.0, \"avg_logprob\": -0.3638193607330322, \"compression_ratio\": 1.7002724409103394, \"no_speech_prob\": 0.01472766324877739}, {\"id\": 37, \"seek\": 14080, \"start\": 140.9600067138672, \"end\": 145.44000244140625, \"text\": \" The level of, again, Dan is not talking them up. Dan is not even spending money on them.\", \"tokens\": [50372, 440, 1496, 295, 11, 797, 11, 3394, 307, 406, 1417, 552, 493, 13, 3394, 307, 406, 754, 6434, 1460, 322, 552, 13, 50596], \"temperature\": 0.0, \"avg_logprob\": -0.3176994025707245, \"compression_ratio\": 2.0265486240386963, \"no_speech_prob\": 0.12084253877401352}, {\"id\": 38, \"seek\": 14080, \"start\": 145.44000244140625, \"end\": 149.83999633789062, \"text\": \" It is, half the things he goes and does are comp. Like, when he goes to these gun ranges, they pay him.\", \"tokens\": [50596, 467, 307, 11, 1922, 264, 721, 415, 1709, 293, 775, 366, 715, 13, 1743, 11, 562, 415, 1709, 281, 613, 3874, 22526, 11, 436, 1689, 796, 13, 50816], \"temperature\": 0.0, \"avg_logprob\": -0.3176994025707245, \"compression_ratio\": 2.0265486240386963, \"no_speech_prob\": 0.12084253877401352}, {\"id\": 39, \"seek\": 14080, \"start\": 149.83999633789062, \"end\": 153.75999450683594, \"text\": \" So, like, he's not paying money for any of these. These women are literally fighting to be near him\", \"tokens\": [50816, 407, 11, 411, 11, 415, 311, 406, 6229, 1460, 337, 604, 295, 613, 13, 1981, 2266, 366, 3736, 5237, 281, 312, 2651, 796, 51012], \"temperature\": 0.0, \"avg_logprob\": -0.3176994025707245, \"compression_ratio\": 2.0265486240386963, \"no_speech_prob\": 0.12084253877401352}, {\"id\": 40, \"seek\": 14080, \"start\": 153.75999450683594, \"end\": 157.75999450683594, \"text\": \" because other women are fighting to be near him. Okay, but is it, they're fighting to be near him,\", \"tokens\": [51012, 570, 661, 2266, 366, 5237, 281, 312, 2651, 796, 13, 1033, 11, 457, 307, 309, 11, 436, 434, 5237, 281, 312, 2651, 796, 11, 51212], \"temperature\": 0.0, \"avg_logprob\": -0.3176994025707245, \"compression_ratio\": 2.0265486240386963, \"no_speech_prob\": 0.12084253877401352}, {\"id\": 41, \"seek\": 14080, \"start\": 157.75999450683594, \"end\": 162.16000366210938, \"text\": \" or they're fighting to be posted on his social media to get... So he doesn't, it's a great point.\", \"tokens\": [51212, 420, 436, 434, 5237, 281, 312, 9437, 322, 702, 2093, 3021, 281, 483, 485, 407, 415, 1177, 380, 11, 309, 311, 257, 869, 935, 13, 51432], \"temperature\": 0.0, \"avg_logprob\": -0.3176994025707245, \"compression_ratio\": 2.0265486240386963, \"no_speech_prob\": 0.12084253877401352}, {\"id\": 42, \"seek\": 14080, \"start\": 162.16000366210938, \"end\": 165.27999877929688, \"text\": \" For the last five years, he hasn't tagged a single girl. He doesn't tag girls on his social media anymore.\", \"tokens\": [51432, 1171, 264, 1036, 1732, 924, 11, 415, 6132, 380, 40239, 257, 2167, 2013, 13, 634, 1177, 380, 6162, 4519, 322, 702, 2093, 3021, 3602, 13, 51588], \"temperature\": 0.0, \"avg_logprob\": -0.3176994025707245, \"compression_ratio\": 2.0265486240386963, \"no_speech_prob\": 0.12084253877401352}, {\"id\": 43, \"seek\": 14080, \"start\": 165.27999877929688, \"end\": 169.67999267578125, \"text\": \" Okay, so like, literally, this is like primal. This is like, like how, like, there's like,\", \"tokens\": [51588, 1033, 11, 370, 411, 11, 3736, 11, 341, 307, 411, 2886, 304, 13, 639, 307, 411, 11, 411, 577, 11, 411, 11, 456, 311, 411, 11, 51808], \"temperature\": 0.0, \"avg_logprob\": -0.3176994025707245, \"compression_ratio\": 2.0265486240386963, \"no_speech_prob\": 0.12084253877401352}, {\"id\": 44, \"seek\": 16968, \"start\": 169.67999267578125, \"end\": 173.60000610351562, \"text\": \" there's animals and all of the females want that one male because he's the most dominant one.\", \"tokens\": [50364, 456, 311, 4882, 293, 439, 295, 264, 21529, 528, 300, 472, 7133, 570, 415, 311, 264, 881, 15657, 472, 13, 50560], \"temperature\": 0.0, \"avg_logprob\": -0.27132219076156616, \"compression_ratio\": 1.7084870338439941, \"no_speech_prob\": 0.014063210226595402}, {\"id\": 45, \"seek\": 16968, \"start\": 173.60000610351562, \"end\": 179.9199981689453, \"text\": \" So extreme, extreme polygynous societies would be like elephant, bull, seal, or gorilla.\", \"tokens\": [50560, 407, 8084, 11, 8084, 6754, 1480, 47008, 19329, 576, 312, 411, 19791, 11, 4693, 11, 12185, 11, 420, 45066, 13, 50876], \"temperature\": 0.0, \"avg_logprob\": -0.27132219076156616, \"compression_ratio\": 1.7084870338439941, \"no_speech_prob\": 0.014063210226595402}, {\"id\": 46, \"seek\": 16968, \"start\": 179.9199981689453, \"end\": 185.67999267578125, \"text\": \" Bonobo would be a little bit more egalitarian, where they're polyamorous. Whereas humans, it is,\", \"tokens\": [50876, 7368, 996, 78, 576, 312, 257, 707, 857, 544, 31528, 13707, 11, 689, 436, 434, 6754, 335, 16099, 13, 13813, 6255, 11, 309, 307, 11, 51164], \"temperature\": 0.0, \"avg_logprob\": -0.27132219076156616, \"compression_ratio\": 1.7084870338439941, \"no_speech_prob\": 0.014063210226595402}, {\"id\": 47, \"seek\": 16968, \"start\": 185.67999267578125, \"end\": 190.72000122070312, \"text\": \" throughout the majority of human existence, only 25% of males have ever bred or even had sex.\", \"tokens\": [51164, 3710, 264, 6286, 295, 1952, 9123, 11, 787, 3552, 4, 295, 20776, 362, 1562, 34133, 420, 754, 632, 3260, 13, 51416], \"temperature\": 0.0, \"avg_logprob\": -0.27132219076156616, \"compression_ratio\": 1.7084870338439941, \"no_speech_prob\": 0.014063210226595402}, {\"id\": 48, \"seek\": 16968, \"start\": 190.72000122070312, \"end\": 196.16000366210938, \"text\": \" Only about 25% of men have ever even had sex throughout the 110 billion human men, or 110\", \"tokens\": [51416, 5686, 466, 3552, 4, 295, 1706, 362, 1562, 754, 632, 3260, 3710, 264, 20154, 5218, 1952, 1706, 11, 420, 20154, 51688], \"temperature\": 0.0, \"avg_logprob\": -0.27132219076156616, \"compression_ratio\": 1.7084870338439941, \"no_speech_prob\": 0.014063210226595402}, {\"id\": 49, \"seek\": 19616, \"start\": 196.16000366210938, \"end\": 199.9199981689453, \"text\": \" billion humans that ever lived on this planet. Wow. So when you realize that we had a lot of\", \"tokens\": [50364, 5218, 6255, 300, 1562, 5152, 322, 341, 5054, 13, 3153, 13, 407, 562, 291, 4325, 300, 321, 632, 257, 688, 295, 50552], \"temperature\": 0.0, \"avg_logprob\": -0.2287168800830841, \"compression_ratio\": 1.811475396156311, \"no_speech_prob\": 0.3173640966415405}, {\"id\": 50, \"seek\": 19616, \"start\": 199.9199981689453, \"end\": 205.1999969482422, \"text\": \" surplus men, once we had enforced, not enforced, but encouraged monogamy, you know, with Christianity\", \"tokens\": [50552, 31019, 1706, 11, 1564, 321, 632, 40953, 11, 406, 40953, 11, 457, 14658, 1108, 664, 7804, 11, 291, 458, 11, 365, 17326, 50816], \"temperature\": 0.0, \"avg_logprob\": -0.2287168800830841, \"compression_ratio\": 1.811475396156311, \"no_speech_prob\": 0.3173640966415405}, {\"id\": 51, \"seek\": 19616, \"start\": 205.1999969482422, \"end\": 207.67999267578125, \"text\": \" and Islam and all this kind of thing. That was just protect family, right? Well, no, that was,\", \"tokens\": [50816, 293, 8571, 293, 439, 341, 733, 295, 551, 13, 663, 390, 445, 2371, 1605, 11, 558, 30, 1042, 11, 572, 11, 300, 390, 11, 50940], \"temperature\": 0.0, \"avg_logprob\": -0.2287168800830841, \"compression_ratio\": 1.811475396156311, \"no_speech_prob\": 0.3173640966415405}, {\"id\": 52, \"seek\": 19616, \"start\": 207.67999267578125, \"end\": 211.75999450683594, \"text\": \" that was so that you didn't have a bunch of surplus men. So now these surplus men that were\", \"tokens\": [50940, 300, 390, 370, 300, 291, 994, 380, 362, 257, 3840, 295, 31019, 1706, 13, 407, 586, 613, 31019, 1706, 300, 645, 51144], \"temperature\": 0.0, \"avg_logprob\": -0.2287168800830841, \"compression_ratio\": 1.811475396156311, \"no_speech_prob\": 0.3173640966415405}, {\"id\": 53, \"seek\": 19616, \"start\": 211.75999450683594, \"end\": 215.83999633789062, \"text\": \" at the lower rungs of society, or in lower caste, at least they had a wife, and they could have sex\", \"tokens\": [51144, 412, 264, 3126, 367, 5846, 295, 4086, 11, 420, 294, 3126, 39262, 11, 412, 1935, 436, 632, 257, 3836, 11, 293, 436, 727, 362, 3260, 51348], \"temperature\": 0.0, \"avg_logprob\": -0.2287168800830841, \"compression_ratio\": 1.811475396156311, \"no_speech_prob\": 0.3173640966415405}, {\"id\": 54, \"seek\": 19616, \"start\": 215.83999633789062, \"end\": 220.63999938964844, \"text\": \" with one person, have child with one person. Absolutely. The sexual floor for a woman,\", \"tokens\": [51348, 365, 472, 954, 11, 362, 1440, 365, 472, 954, 13, 7021, 13, 440, 6701, 4123, 337, 257, 3059, 11, 51588], \"temperature\": 0.0, \"avg_logprob\": -0.2287168800830841, \"compression_ratio\": 1.811475396156311, \"no_speech_prob\": 0.3173640966415405}, {\"id\": 55, \"seek\": 19616, \"start\": 220.63999938964844, \"end\": 224.47999572753906, \"text\": \" even if she's unattractive, is still above one. Dudes will have sex with one, the woman at the\", \"tokens\": [51588, 754, 498, 750, 311, 47316, 1897, 488, 11, 307, 920, 3673, 472, 13, 413, 10131, 486, 362, 3260, 365, 472, 11, 264, 3059, 412, 264, 51780], \"temperature\": 0.0, \"avg_logprob\": -0.2287168800830841, \"compression_ratio\": 1.811475396156311, \"no_speech_prob\": 0.3173640966415405}, {\"id\": 56, \"seek\": 22448, \"start\": 224.47999572753906, \"end\": 229.1999969482422, \"text\": \" trailer park. It is still above one. The sexual floor for the five foot two Filipino cashier over\", \"tokens\": [50364, 11724, 3884, 13, 467, 307, 920, 3673, 472, 13, 440, 6701, 4123, 337, 264, 1732, 2671, 732, 41266, 6388, 811, 670, 50600], \"temperature\": 0.0, \"avg_logprob\": -0.2093108892440796, \"compression_ratio\": 1.5855263471603394, \"no_speech_prob\": 0.060074545443058014}, {\"id\": 57, \"seek\": 22448, \"start\": 229.1999969482422, \"end\": 233.9199981689453, \"text\": \" at Walmart is zero. It can be, if he doesn't do anything to change it, it will be. And that's\", \"tokens\": [50600, 412, 25237, 307, 4018, 13, 467, 393, 312, 11, 498, 415, 1177, 380, 360, 1340, 281, 1319, 309, 11, 309, 486, 312, 13, 400, 300, 311, 50836], \"temperature\": 0.0, \"avg_logprob\": -0.2093108892440796, \"compression_ratio\": 1.5855263471603394, \"no_speech_prob\": 0.060074545443058014}, {\"id\": 58, \"seek\": 22448, \"start\": 233.9199981689453, \"end\": 238.0, \"text\": \" the issue. That's 30. Let's ask you a couple of questions. The percentage of men in the United\", \"tokens\": [50836, 264, 2734, 13, 663, 311, 2217, 13, 961, 311, 1029, 291, 257, 1916, 295, 1651, 13, 440, 9668, 295, 1706, 294, 264, 2824, 51040], \"temperature\": 0.0, \"avg_logprob\": -0.2093108892440796, \"compression_ratio\": 1.5855263471603394, \"no_speech_prob\": 0.060074545443058014}, {\"id\": 59, \"seek\": 22448, \"start\": 238.0, \"end\": 242.72000122070312, \"text\": \" States right now that have zero sexual partners in like the last year. I have no idea. It's got\", \"tokens\": [51040, 3040, 558, 586, 300, 362, 4018, 6701, 4462, 294, 411, 264, 1036, 1064, 13, 286, 362, 572, 1558, 13, 467, 311, 658, 51276], \"temperature\": 0.0, \"avg_logprob\": -0.2093108892440796, \"compression_ratio\": 1.5855263471603394, \"no_speech_prob\": 0.060074545443058014}, {\"id\": 60, \"seek\": 22448, \"start\": 242.72000122070312, \"end\": 248.72000122070312, \"text\": \" to be high. What do you think? Well, you just said 75%. I heard you post, you posted, say it again.\", \"tokens\": [51276, 281, 312, 1090, 13, 708, 360, 291, 519, 30, 1042, 11, 291, 445, 848, 9562, 6856, 286, 2198, 291, 2183, 11, 291, 9437, 11, 584, 309, 797, 13, 51576], \"temperature\": 0.0, \"avg_logprob\": -0.2093108892440796, \"compression_ratio\": 1.5855263471603394, \"no_speech_prob\": 0.060074545443058014}, {\"id\": 61, \"seek\": 24872, \"start\": 248.9600067138672, \"end\": 254.16000366210938, \"text\": \" So 25% of men over the three million years of hominids have had sex.\", \"tokens\": [50376, 407, 3552, 4, 295, 1706, 670, 264, 1045, 2459, 924, 295, 3655, 259, 3742, 362, 632, 3260, 13, 50636], \"temperature\": 0.0, \"avg_logprob\": -0.26558250188827515, \"compression_ratio\": 1.6370967626571655, \"no_speech_prob\": 0.10373616963624954}, {\"id\": 62, \"seek\": 24872, \"start\": 255.27999877929688, \"end\": 259.8399963378906, \"text\": \" I don't know, like 3%. 33% of men have zero sexual partners.\", \"tokens\": [50692, 286, 500, 380, 458, 11, 411, 805, 6856, 11816, 4, 295, 1706, 362, 4018, 6701, 4462, 13, 50920], \"temperature\": 0.0, \"avg_logprob\": -0.26558250188827515, \"compression_ratio\": 1.6370967626571655, \"no_speech_prob\": 0.10373616963624954}, {\"id\": 63, \"seek\": 24872, \"start\": 260.9599914550781, \"end\": 265.1199951171875, \"text\": \" So when you say zero, that means zero in their whole life, or zero in that year?\", \"tokens\": [50976, 407, 562, 291, 584, 4018, 11, 300, 1355, 4018, 294, 641, 1379, 993, 11, 420, 4018, 294, 300, 1064, 30, 51184], \"temperature\": 0.0, \"avg_logprob\": -0.26558250188827515, \"compression_ratio\": 1.6370967626571655, \"no_speech_prob\": 0.10373616963624954}, {\"id\": 64, \"seek\": 24872, \"start\": 265.1199951171875, \"end\": 268.6400146484375, \"text\": \" Between the ages of 18 and 30, they have zero sexual partners.\", \"tokens\": [51184, 18967, 264, 12357, 295, 2443, 293, 2217, 11, 436, 362, 4018, 6701, 4462, 13, 51360], \"temperature\": 0.0, \"avg_logprob\": -0.26558250188827515, \"compression_ratio\": 1.6370967626571655, \"no_speech_prob\": 0.10373616963624954}, {\"id\": 65, \"seek\": 24872, \"start\": 268.6400146484375, \"end\": 272.55999755859375, \"text\": \" But what is your takeaway from that? Because you posted this on social media.\", \"tokens\": [51360, 583, 437, 307, 428, 30681, 490, 300, 30, 1436, 291, 9437, 341, 322, 2093, 3021, 13, 51556], \"temperature\": 0.0, \"avg_logprob\": -0.26558250188827515, \"compression_ratio\": 1.6370967626571655, \"no_speech_prob\": 0.10373616963624954}, {\"id\": 66, \"seek\": 24872, \"start\": 272.55999755859375, \"end\": 275.20001220703125, \"text\": \" It used to be 12%. That's my takeaway. My takeaway is,\", \"tokens\": [51556, 467, 1143, 281, 312, 2272, 6856, 663, 311, 452, 30681, 13, 1222, 30681, 307, 11, 51688], \"temperature\": 0.0, \"avg_logprob\": -0.26558250188827515, \"compression_ratio\": 1.6370967626571655, \"no_speech_prob\": 0.10373616963624954}, {\"id\": 67, \"seek\": 27520, \"start\": 275.20001220703125, \"end\": 277.760009765625, \"text\": \" beards used to go out and meet women to have sex. They don't do that anymore.\", \"tokens\": [50364, 312, 2287, 1143, 281, 352, 484, 293, 1677, 2266, 281, 362, 3260, 13, 814, 500, 380, 360, 300, 3602, 13, 50492], \"temperature\": 0.0, \"avg_logprob\": -0.295755535364151, \"compression_ratio\": 1.6048109531402588, \"no_speech_prob\": 0.03461787477135658}, {\"id\": 68, \"seek\": 27520, \"start\": 277.760009765625, \"end\": 281.67999267578125, \"text\": \" But are we talking about bisexual, homosexual?\", \"tokens\": [50492, 583, 366, 321, 1417, 466, 42570, 11, 30490, 30, 50688], \"temperature\": 0.0, \"avg_logprob\": -0.295755535364151, \"compression_ratio\": 1.6048109531402588, \"no_speech_prob\": 0.03461787477135658}, {\"id\": 69, \"seek\": 27520, \"start\": 282.9599914550781, \"end\": 288.0, \"text\": \" Just men reporting having sex with the US Census, the Institute for Family Studies. Now, here's the\", \"tokens\": [50752, 1449, 1706, 10031, 1419, 3260, 365, 264, 2546, 34273, 11, 264, 9446, 337, 11661, 17515, 13, 823, 11, 510, 311, 264, 51004], \"temperature\": 0.0, \"avg_logprob\": -0.295755535364151, \"compression_ratio\": 1.6048109531402588, \"no_speech_prob\": 0.03461787477135658}, {\"id\": 70, \"seek\": 27520, \"start\": 288.0, \"end\": 292.0, \"text\": \" next question I have for you. The percentage of men deemed unattractive on dating apps,\", \"tokens\": [51004, 958, 1168, 286, 362, 337, 291, 13, 440, 9668, 295, 1706, 27637, 47316, 1897, 488, 322, 10689, 7733, 11, 51204], \"temperature\": 0.0, \"avg_logprob\": -0.295755535364151, \"compression_ratio\": 1.6048109531402588, \"no_speech_prob\": 0.03461787477135658}, {\"id\": 71, \"seek\": 27520, \"start\": 292.0, \"end\": 294.8800048828125, \"text\": \" what do you think it is? The percentage of left swipe swipe swipes.\", \"tokens\": [51204, 437, 360, 291, 519, 309, 307, 30, 440, 9668, 295, 1411, 28170, 28170, 1693, 38689, 13, 51348], \"temperature\": 0.0, \"avg_logprob\": -0.295755535364151, \"compression_ratio\": 1.6048109531402588, \"no_speech_prob\": 0.03461787477135658}, {\"id\": 72, \"seek\": 27520, \"start\": 294.8800048828125, \"end\": 297.760009765625, \"text\": \" 90%. I would say like 60.\", \"tokens\": [51348, 4289, 6856, 286, 576, 584, 411, 4060, 13, 51492], \"temperature\": 0.0, \"avg_logprob\": -0.295755535364151, \"compression_ratio\": 1.6048109531402588, \"no_speech_prob\": 0.03461787477135658}, {\"id\": 73, \"seek\": 27520, \"start\": 297.760009765625, \"end\": 301.3599853515625, \"text\": \" It's 80%. I could never get anywhere on swiping apps. Never.\", \"tokens\": [51492, 467, 311, 4688, 6856, 286, 727, 1128, 483, 4992, 322, 1693, 46440, 7733, 13, 7344, 13, 51672], \"temperature\": 0.0, \"avg_logprob\": -0.295755535364151, \"compression_ratio\": 1.6048109531402588, \"no_speech_prob\": 0.03461787477135658}, {\"id\": 74, \"seek\": 30136, \"start\": 302.32000732421875, \"end\": 306.8800048828125, \"text\": \" But here's the thing, man. I could coach you, and I guarantee you I'd get you anywhere you wanted.\", \"tokens\": [50412, 583, 510, 311, 264, 551, 11, 587, 13, 286, 727, 6560, 291, 11, 293, 286, 10815, 291, 286, 1116, 483, 291, 4992, 291, 1415, 13, 50640], \"temperature\": 0.0, \"avg_logprob\": -0.22333060204982758, \"compression_ratio\": 1.84375, \"no_speech_prob\": 0.04603198915719986}, {\"id\": 75, \"seek\": 30136, \"start\": 307.6000061035156, \"end\": 311.0400085449219, \"text\": \" It would be very simple. It's not just attributes. There's just\", \"tokens\": [50676, 467, 576, 312, 588, 2199, 13, 467, 311, 406, 445, 17212, 13, 821, 311, 445, 50848], \"temperature\": 0.0, \"avg_logprob\": -0.22333060204982758, \"compression_ratio\": 1.84375, \"no_speech_prob\": 0.04603198915719986}, {\"id\": 76, \"seek\": 30136, \"start\": 311.0400085449219, \"end\": 316.0, \"text\": \" ways to take photos. It's not just the photo with the Lambo. It's the photo in Paris. It's\", \"tokens\": [50848, 2098, 281, 747, 5787, 13, 467, 311, 406, 445, 264, 5052, 365, 264, 18825, 1763, 13, 467, 311, 264, 5052, 294, 8380, 13, 467, 311, 51096], \"temperature\": 0.0, \"avg_logprob\": -0.22333060204982758, \"compression_ratio\": 1.84375, \"no_speech_prob\": 0.04603198915719986}, {\"id\": 77, \"seek\": 30136, \"start\": 316.0, \"end\": 320.0799865722656, \"text\": \" the photo in Monaco. But it doesn't have to be expensive. It's the fact that one day you went\", \"tokens\": [51096, 264, 5052, 294, 4713, 11428, 13, 583, 309, 1177, 380, 362, 281, 312, 5124, 13, 467, 311, 264, 1186, 300, 472, 786, 291, 1437, 51300], \"temperature\": 0.0, \"avg_logprob\": -0.22333060204982758, \"compression_ratio\": 1.84375, \"no_speech_prob\": 0.04603198915719986}, {\"id\": 78, \"seek\": 30136, \"start\": 320.0799865722656, \"end\": 323.0400085449219, \"text\": \" to eat at Mastro's, and the next day you went to fucking roll and smoke barbecue.\", \"tokens\": [51300, 281, 1862, 412, 376, 525, 340, 311, 11, 293, 264, 958, 786, 291, 1437, 281, 5546, 3373, 293, 8439, 21877, 13, 51448], \"temperature\": 0.0, \"avg_logprob\": -0.22333060204982758, \"compression_ratio\": 1.84375, \"no_speech_prob\": 0.04603198915719986}, {\"id\": 79, \"seek\": 30136, \"start\": 323.0400085449219, \"end\": 327.1199951171875, \"text\": \" You travel. You're fun. You can show an experience. And you can take pictures\", \"tokens\": [51448, 509, 3147, 13, 509, 434, 1019, 13, 509, 393, 855, 364, 1752, 13, 400, 291, 393, 747, 5242, 51652], \"temperature\": 0.0, \"avg_logprob\": -0.22333060204982758, \"compression_ratio\": 1.84375, \"no_speech_prob\": 0.04603198915719986}, {\"id\": 80, \"seek\": 30136, \"start\": 327.1199951171875, \"end\": 330.6400146484375, \"text\": \" where you color correct. And the photos, people want to look at what you're doing.\", \"tokens\": [51652, 689, 291, 2017, 3006, 13, 400, 264, 5787, 11, 561, 528, 281, 574, 412, 437, 291, 434, 884, 13, 51828], \"temperature\": 0.0, \"avg_logprob\": -0.22333060204982758, \"compression_ratio\": 1.84375, \"no_speech_prob\": 0.04603198915719986}, {\"id\": 81, \"seek\": 33064, \"start\": 330.6400146484375, \"end\": 334.239990234375, \"text\": \" You'd be shocked at how much attention you get from women just from having a normal,\", \"tokens\": [50364, 509, 1116, 312, 12763, 412, 577, 709, 3202, 291, 483, 490, 2266, 445, 490, 1419, 257, 2710, 11, 50544], \"temperature\": 0.0, \"avg_logprob\": -0.2652086615562439, \"compression_ratio\": 1.7216216325759888, \"no_speech_prob\": 0.018545757979154587}, {\"id\": 82, \"seek\": 33064, \"start\": 334.239990234375, \"end\": 336.0, \"text\": \" like an above average social media. It's incredible.\", \"tokens\": [50544, 411, 364, 3673, 4274, 2093, 3021, 13, 467, 311, 4651, 13, 50632], \"temperature\": 0.0, \"avg_logprob\": -0.2652086615562439, \"compression_ratio\": 1.7216216325759888, \"no_speech_prob\": 0.018545757979154587}, {\"id\": 83, \"seek\": 33064, \"start\": 336.0, \"end\": 336.55999755859375, \"text\": \" It's so crazy to hear you say that.\", \"tokens\": [50632, 467, 311, 370, 3219, 281, 1568, 291, 584, 300, 13, 50660], \"temperature\": 0.0, \"avg_logprob\": -0.2652086615562439, \"compression_ratio\": 1.7216216325759888, \"no_speech_prob\": 0.018545757979154587}, {\"id\": 84, \"seek\": 33064, \"start\": 336.55999755859375, \"end\": 338.0799865722656, \"text\": \" Are they the women that you want, though?\", \"tokens\": [50660, 2014, 436, 264, 2266, 300, 291, 528, 11, 1673, 30, 50736], \"temperature\": 0.0, \"avg_logprob\": -0.2652086615562439, \"compression_ratio\": 1.7216216325759888, \"no_speech_prob\": 0.018545757979154587}, {\"id\": 85, \"seek\": 33064, \"start\": 338.0799865722656, \"end\": 339.8399963378906, \"text\": \" It doesn't matter. The thing is, but here's the...\", \"tokens\": [50736, 467, 1177, 380, 1871, 13, 440, 551, 307, 11, 457, 510, 311, 264, 485, 50824], \"temperature\": 0.0, \"avg_logprob\": -0.2652086615562439, \"compression_ratio\": 1.7216216325759888, \"no_speech_prob\": 0.018545757979154587}, {\"id\": 86, \"seek\": 33064, \"start\": 339.8399963378906, \"end\": 341.20001220703125, \"text\": \" I think it starts somewhere.\", \"tokens\": [50824, 286, 519, 309, 3719, 4079, 13, 50892], \"temperature\": 0.0, \"avg_logprob\": -0.2652086615562439, \"compression_ratio\": 1.7216216325759888, \"no_speech_prob\": 0.018545757979154587}, {\"id\": 87, \"seek\": 33064, \"start\": 341.20001220703125, \"end\": 341.760009765625, \"text\": \" There you go.\", \"tokens\": [50892, 821, 291, 352, 13, 50920], \"temperature\": 0.0, \"avg_logprob\": -0.2652086615562439, \"compression_ratio\": 1.7216216325759888, \"no_speech_prob\": 0.018545757979154587}, {\"id\": 88, \"seek\": 33064, \"start\": 341.760009765625, \"end\": 345.0400085449219, \"text\": \" That's exactly right. The problem is men getting no action or asking,\", \"tokens\": [50920, 663, 311, 2293, 558, 13, 440, 1154, 307, 1706, 1242, 572, 3069, 420, 3365, 11, 51084], \"temperature\": 0.0, \"avg_logprob\": -0.2652086615562439, \"compression_ratio\": 1.7216216325759888, \"no_speech_prob\": 0.018545757979154587}, {\"id\": 89, \"seek\": 33064, \"start\": 345.0400085449219, \"end\": 347.3599853515625, \"text\": \" are these the women you want? No, no, bro. For in the beginning,\", \"tokens\": [51084, 366, 613, 264, 2266, 291, 528, 30, 883, 11, 572, 11, 2006, 13, 1171, 294, 264, 2863, 11, 51200], \"temperature\": 0.0, \"avg_logprob\": -0.2652086615562439, \"compression_ratio\": 1.7216216325759888, \"no_speech_prob\": 0.018545757979154587}, {\"id\": 90, \"seek\": 33064, \"start\": 347.3599853515625, \"end\": 349.8399963378906, \"text\": \" you need to be attractive to women, not attractive to a certain type of women.\", \"tokens\": [51200, 291, 643, 281, 312, 12609, 281, 2266, 11, 406, 12609, 281, 257, 1629, 2010, 295, 2266, 13, 51324], \"temperature\": 0.0, \"avg_logprob\": -0.2652086615562439, \"compression_ratio\": 1.7216216325759888, \"no_speech_prob\": 0.018545757979154587}, {\"id\": 91, \"seek\": 33064, \"start\": 349.8399963378906, \"end\": 350.32000732421875, \"text\": \" Yeah, yeah, yeah.\", \"tokens\": [51324, 865, 11, 1338, 11, 1338, 13, 51348], \"temperature\": 0.0, \"avg_logprob\": -0.2652086615562439, \"compression_ratio\": 1.7216216325759888, \"no_speech_prob\": 0.018545757979154587}, {\"id\": 92, \"seek\": 33064, \"start\": 350.32000732421875, \"end\": 356.6400146484375, \"text\": \" Again, it's like, well, I was bench pressing 250 over at UNLV, but is that the same 250 over at\", \"tokens\": [51348, 3764, 11, 309, 311, 411, 11, 731, 11, 286, 390, 10638, 12417, 11650, 670, 412, 8229, 43, 53, 11, 457, 307, 300, 264, 912, 11650, 670, 412, 51664], \"temperature\": 0.0, \"avg_logprob\": -0.2652086615562439, \"compression_ratio\": 1.7216216325759888, \"no_speech_prob\": 0.018545757979154587}, {\"id\": 93, \"seek\": 35664, \"start\": 356.6400146484375, \"end\": 360.32000732421875, \"text\": \" fucking LVAC? Yes, it's the same 250. It's the thing is, you need to be...\", \"tokens\": [50364, 5546, 441, 53, 4378, 30, 1079, 11, 309, 311, 264, 912, 11650, 13, 467, 311, 264, 551, 307, 11, 291, 643, 281, 312, 485, 50548], \"temperature\": 0.0, \"avg_logprob\": -0.22999635338783264, \"compression_ratio\": 1.7161716222763062, \"no_speech_prob\": 0.1644611656665802}, {\"id\": 94, \"seek\": 35664, \"start\": 360.32000732421875, \"end\": 363.3599853515625, \"text\": \" Attraction is attraction. Attraction status is status is status.\", \"tokens\": [50548, 7298, 26766, 307, 17672, 13, 7298, 26766, 6558, 307, 6558, 307, 6558, 13, 50700], \"temperature\": 0.0, \"avg_logprob\": -0.22999635338783264, \"compression_ratio\": 1.7161716222763062, \"no_speech_prob\": 0.1644611656665802}, {\"id\": 95, \"seek\": 35664, \"start\": 363.3599853515625, \"end\": 366.32000732421875, \"text\": \" The initial question for men who are not successful with women is not,\", \"tokens\": [50700, 440, 5883, 1168, 337, 1706, 567, 366, 406, 4406, 365, 2266, 307, 406, 11, 50848], \"temperature\": 0.0, \"avg_logprob\": -0.22999635338783264, \"compression_ratio\": 1.7161716222763062, \"no_speech_prob\": 0.1644611656665802}, {\"id\": 96, \"seek\": 35664, \"start\": 366.32000732421875, \"end\": 367.9200134277344, \"text\": \" do I get the right kind of woman? Is...\", \"tokens\": [50848, 360, 286, 483, 264, 558, 733, 295, 3059, 30, 1119, 485, 50928], \"temperature\": 0.0, \"avg_logprob\": -0.22999635338783264, \"compression_ratio\": 1.7161716222763062, \"no_speech_prob\": 0.1644611656665802}, {\"id\": 97, \"seek\": 35664, \"start\": 367.9200134277344, \"end\": 368.4800109863281, \"text\": \" Can I...\", \"tokens\": [50928, 1664, 286, 485, 50956], \"temperature\": 0.0, \"avg_logprob\": -0.22999635338783264, \"compression_ratio\": 1.7161716222763062, \"no_speech_prob\": 0.1644611656665802}, {\"id\": 98, \"seek\": 35664, \"start\": 368.4800109863281, \"end\": 372.0799865722656, \"text\": \" Like getting a physique where you have a smaller waist and broader shoulders,\", \"tokens\": [50956, 1743, 1242, 257, 37058, 689, 291, 362, 257, 4356, 15732, 293, 13227, 10245, 11, 51136], \"temperature\": 0.0, \"avg_logprob\": -0.22999635338783264, \"compression_ratio\": 1.7161716222763062, \"no_speech_prob\": 0.1644611656665802}, {\"id\": 99, \"seek\": 35664, \"start\": 372.0799865722656, \"end\": 373.44000244140625, \"text\": \" that is attractive to women.\", \"tokens\": [51136, 300, 307, 12609, 281, 2266, 13, 51204], \"temperature\": 0.0, \"avg_logprob\": -0.22999635338783264, \"compression_ratio\": 1.7161716222763062, \"no_speech_prob\": 0.1644611656665802}, {\"id\": 100, \"seek\": 35664, \"start\": 373.44000244140625, \"end\": 378.55999755859375, \"text\": \" There's a 37 culture study done by Dr. David Buss, where he goes over a 1.65 to 1\", \"tokens\": [51204, 821, 311, 257, 13435, 3713, 2979, 1096, 538, 2491, 13, 4389, 363, 2023, 11, 689, 415, 1709, 670, 257, 502, 13, 16824, 281, 502, 51460], \"temperature\": 0.0, \"avg_logprob\": -0.22999635338783264, \"compression_ratio\": 1.7161716222763062, \"no_speech_prob\": 0.1644611656665802}, {\"id\": 101, \"seek\": 35664, \"start\": 378.55999755859375, \"end\": 383.5199890136719, \"text\": \" shoulder to waist ratio for men and a 0.72 hip to waist ratio for women\", \"tokens\": [51460, 7948, 281, 15732, 8509, 337, 1706, 293, 257, 1958, 13, 28890, 8103, 281, 15732, 8509, 337, 2266, 51708], \"temperature\": 0.0, \"avg_logprob\": -0.22999635338783264, \"compression_ratio\": 1.7161716222763062, \"no_speech_prob\": 0.1644611656665802}, {\"id\": 102, \"seek\": 38352, \"start\": 383.5199890136719, \"end\": 388.4800109863281, \"text\": \" that all 37 cultures found to be attracted, even the ones that were in the Andes,\", \"tokens\": [50364, 300, 439, 13435, 12951, 1352, 281, 312, 15912, 11, 754, 264, 2306, 300, 645, 294, 264, 400, 279, 11, 50612], \"temperature\": 0.0, \"avg_logprob\": -0.21082879602909088, \"compression_ratio\": 1.9793814420700073, \"no_speech_prob\": 0.4607768654823303}, {\"id\": 103, \"seek\": 38352, \"start\": 388.4800109863281, \"end\": 391.5199890136719, \"text\": \" even the ones that were in Papaya, New Guinea, even the ones that were like\", \"tokens\": [50612, 754, 264, 2306, 300, 645, 294, 15919, 4427, 11, 1873, 46793, 11, 754, 264, 2306, 300, 645, 411, 50764], \"temperature\": 0.0, \"avg_logprob\": -0.21082879602909088, \"compression_ratio\": 1.9793814420700073, \"no_speech_prob\": 0.4607768654823303}, {\"id\": 104, \"seek\": 38352, \"start\": 391.5199890136719, \"end\": 396.79998779296875, \"text\": \" Yanomamo Indians had no cultural exposure whatsoever to the West,\", \"tokens\": [50764, 13633, 298, 10502, 23838, 632, 572, 6988, 10420, 17076, 281, 264, 4055, 11, 51028], \"temperature\": 0.0, \"avg_logprob\": -0.21082879602909088, \"compression_ratio\": 1.9793814420700073, \"no_speech_prob\": 0.4607768654823303}, {\"id\": 105, \"seek\": 38352, \"start\": 396.79998779296875, \"end\": 400.0799865722656, \"text\": \" no magazines, no TV or whatever. They found the same things to be attractive.\", \"tokens\": [51028, 572, 22975, 11, 572, 3558, 420, 2035, 13, 814, 1352, 264, 912, 721, 281, 312, 12609, 13, 51192], \"temperature\": 0.0, \"avg_logprob\": -0.21082879602909088, \"compression_ratio\": 1.9793814420700073, \"no_speech_prob\": 0.4607768654823303}, {\"id\": 106, \"seek\": 38352, \"start\": 400.0799865722656, \"end\": 403.1199951171875, \"text\": \" There are things that men can do to make themselves more attractive,\", \"tokens\": [51192, 821, 366, 721, 300, 1706, 393, 360, 281, 652, 2969, 544, 12609, 11, 51344], \"temperature\": 0.0, \"avg_logprob\": -0.21082879602909088, \"compression_ratio\": 1.9793814420700073, \"no_speech_prob\": 0.4607768654823303}, {\"id\": 107, \"seek\": 38352, \"start\": 403.1199951171875, \"end\": 406.7200012207031, \"text\": \" not attractive to the church girl or not attractive to the porn star, attractive,\", \"tokens\": [51344, 406, 12609, 281, 264, 4128, 2013, 420, 406, 12609, 281, 264, 19444, 3543, 11, 12609, 11, 51524], \"temperature\": 0.0, \"avg_logprob\": -0.21082879602909088, \"compression_ratio\": 1.9793814420700073, \"no_speech_prob\": 0.4607768654823303}, {\"id\": 108, \"seek\": 38352, \"start\": 406.7200012207031, \"end\": 409.44000244140625, \"text\": \" period. And that's the thing that you'll find is that in general,\", \"tokens\": [51524, 2896, 13, 400, 300, 311, 264, 551, 300, 291, 603, 915, 307, 300, 294, 2674, 11, 51660], \"temperature\": 0.0, \"avg_logprob\": -0.21082879602909088, \"compression_ratio\": 1.9793814420700073, \"no_speech_prob\": 0.4607768654823303}, {\"id\": 109, \"seek\": 38352, \"start\": 409.44000244140625, \"end\": 411.9200134277344, \"text\": \" women are going to find certain traits attractive in men,\", \"tokens\": [51660, 2266, 366, 516, 281, 915, 1629, 19526, 12609, 294, 1706, 11, 51784], \"temperature\": 0.0, \"avg_logprob\": -0.21082879602909088, \"compression_ratio\": 1.9793814420700073, \"no_speech_prob\": 0.4607768654823303}, {\"id\": 110, \"seek\": 41192, \"start\": 411.9200134277344, \"end\": 414.4800109863281, \"text\": \" regardless of how many sexual partners that they've had previously.\", \"tokens\": [50364, 10060, 295, 577, 867, 6701, 4462, 300, 436, 600, 632, 8046, 13, 50492], \"temperature\": 0.0, \"avg_logprob\": -0.19472356140613556, \"compression_ratio\": 1.91304349899292, \"no_speech_prob\": 0.08754773437976837}, {\"id\": 111, \"seek\": 41192, \"start\": 414.4800109863281, \"end\": 418.55999755859375, \"text\": \" So focusing on which type of girl you get is the wrong question. Initially,\", \"tokens\": [50492, 407, 8416, 322, 597, 2010, 295, 2013, 291, 483, 307, 264, 2085, 1168, 13, 29446, 11, 50696], \"temperature\": 0.0, \"avg_logprob\": -0.19472356140613556, \"compression_ratio\": 1.91304349899292, \"no_speech_prob\": 0.08754773437976837}, {\"id\": 112, \"seek\": 41192, \"start\": 418.55999755859375, \"end\": 421.760009765625, \"text\": \" it's almost like saying, well, I don't want those type of clients for my coaching business.\", \"tokens\": [50696, 309, 311, 1920, 411, 1566, 11, 731, 11, 286, 500, 380, 528, 729, 2010, 295, 6982, 337, 452, 15818, 1606, 13, 50856], \"temperature\": 0.0, \"avg_logprob\": -0.19472356140613556, \"compression_ratio\": 1.91304349899292, \"no_speech_prob\": 0.08754773437976837}, {\"id\": 113, \"seek\": 41192, \"start\": 421.760009765625, \"end\": 424.9599914550781, \"text\": \" No, I don't have a coaching business. In the beginning, I need fucking clients.\", \"tokens\": [50856, 883, 11, 286, 500, 380, 362, 257, 15818, 1606, 13, 682, 264, 2863, 11, 286, 643, 5546, 6982, 13, 51016], \"temperature\": 0.0, \"avg_logprob\": -0.19472356140613556, \"compression_ratio\": 1.91304349899292, \"no_speech_prob\": 0.08754773437976837}, {\"id\": 114, \"seek\": 41192, \"start\": 424.9599914550781, \"end\": 427.9200134277344, \"text\": \" It's almost like having an OnlyFans be like, well, I don't want those kinds of people pay me.\", \"tokens\": [51016, 467, 311, 1920, 411, 1419, 364, 5686, 37, 599, 312, 411, 11, 731, 11, 286, 500, 380, 528, 729, 3685, 295, 561, 1689, 385, 13, 51164], \"temperature\": 0.0, \"avg_logprob\": -0.19472356140613556, \"compression_ratio\": 1.91304349899292, \"no_speech_prob\": 0.08754773437976837}, {\"id\": 115, \"seek\": 41192, \"start\": 427.9200134277344, \"end\": 431.760009765625, \"text\": \" No motherfucker, you don't get to choose in the beginning, in the beginning.\", \"tokens\": [51164, 883, 47069, 11, 291, 500, 380, 483, 281, 2826, 294, 264, 2863, 11, 294, 264, 2863, 13, 51356], \"temperature\": 0.0, \"avg_logprob\": -0.19472356140613556, \"compression_ratio\": 1.91304349899292, \"no_speech_prob\": 0.08754773437976837}, {\"id\": 116, \"seek\": 41192, \"start\": 431.760009765625, \"end\": 434.4800109863281, \"text\": \" Now, once you're Joe Rogan, you're like, well, I don't want that guest.\", \"tokens\": [51356, 823, 11, 1564, 291, 434, 6807, 11860, 282, 11, 291, 434, 411, 11, 731, 11, 286, 500, 380, 528, 300, 8341, 13, 51492], \"temperature\": 0.0, \"avg_logprob\": -0.19472356140613556, \"compression_ratio\": 1.91304349899292, \"no_speech_prob\": 0.08754773437976837}, {\"id\": 117, \"seek\": 41192, \"start\": 434.4800109863281, \"end\": 436.55999755859375, \"text\": \" I can be a little bit more selective, but in the beginning,\", \"tokens\": [51492, 286, 393, 312, 257, 707, 857, 544, 33930, 11, 457, 294, 264, 2863, 11, 51596], \"temperature\": 0.0, \"avg_logprob\": -0.19472356140613556, \"compression_ratio\": 1.91304349899292, \"no_speech_prob\": 0.08754773437976837}, {\"id\": 118, \"seek\": 41192, \"start\": 436.55999755859375, \"end\": 441.20001220703125, \"text\": \" 33% men with zero sexual partners and 80% of men deemed unattractive on social media.\", \"tokens\": [51596, 11816, 4, 1706, 365, 4018, 6701, 4462, 293, 4688, 4, 295, 1706, 27637, 47316, 1897, 488, 322, 2093, 3021, 13, 51828], \"temperature\": 0.0, \"avg_logprob\": -0.19472356140613556, \"compression_ratio\": 1.91304349899292, \"no_speech_prob\": 0.08754773437976837}, {\"id\": 119, \"seek\": 44120, \"start\": 441.20001220703125, \"end\": 445.67999267578125, \"text\": \" You need to shut the fuck up and start listening on how to become more attractive.\", \"tokens\": [50364, 509, 643, 281, 5309, 264, 3275, 493, 293, 722, 4764, 322, 577, 281, 1813, 544, 12609, 13, 50588], \"temperature\": 0.0, \"avg_logprob\": -0.20214532315731049, \"compression_ratio\": 1.7363896369934082, \"no_speech_prob\": 0.022282907739281654}, {\"id\": 120, \"seek\": 44120, \"start\": 445.67999267578125, \"end\": 447.3599853515625, \"text\": \" And they're very, very, and by the way,\", \"tokens\": [50588, 400, 436, 434, 588, 11, 588, 11, 293, 538, 264, 636, 11, 50672], \"temperature\": 0.0, \"avg_logprob\": -0.20214532315731049, \"compression_ratio\": 1.7363896369934082, \"no_speech_prob\": 0.022282907739281654}, {\"id\": 121, \"seek\": 44120, \"start\": 447.3599853515625, \"end\": 450.79998779296875, \"text\": \" one thing I cannot stand are these dating shows that go off and they're like,\", \"tokens\": [50672, 472, 551, 286, 2644, 1463, 366, 613, 10689, 3110, 300, 352, 766, 293, 436, 434, 411, 11, 50844], \"temperature\": 0.0, \"avg_logprob\": -0.20214532315731049, \"compression_ratio\": 1.7363896369934082, \"no_speech_prob\": 0.022282907739281654}, {\"id\": 122, \"seek\": 44120, \"start\": 450.79998779296875, \"end\": 454.32000732421875, \"text\": \" what are men who cheats more men or women? Motherfucker. There is a stat on that.\", \"tokens\": [50844, 437, 366, 1706, 567, 947, 1720, 544, 1706, 420, 2266, 30, 8931, 69, 15032, 13, 821, 307, 257, 2219, 322, 300, 13, 51020], \"temperature\": 0.0, \"avg_logprob\": -0.20214532315731049, \"compression_ratio\": 1.7363896369934082, \"no_speech_prob\": 0.022282907739281654}, {\"id\": 123, \"seek\": 44120, \"start\": 454.32000732421875, \"end\": 456.7200012207031, \"text\": \" It is 20% of men and 13% of women. It's like,\", \"tokens\": [51020, 467, 307, 945, 4, 295, 1706, 293, 3705, 4, 295, 2266, 13, 467, 311, 411, 11, 51140], \"temperature\": 0.0, \"avg_logprob\": -0.20214532315731049, \"compression_ratio\": 1.7363896369934082, \"no_speech_prob\": 0.022282907739281654}, {\"id\": 124, \"seek\": 44120, \"start\": 456.7200012207031, \"end\": 459.760009765625, \"text\": \" why wouldn't anybody take a second to look that up? They don't.\", \"tokens\": [51140, 983, 2759, 380, 4472, 747, 257, 1150, 281, 574, 300, 493, 30, 814, 500, 380, 13, 51292], \"temperature\": 0.0, \"avg_logprob\": -0.20214532315731049, \"compression_ratio\": 1.7363896369934082, \"no_speech_prob\": 0.022282907739281654}, {\"id\": 125, \"seek\": 44120, \"start\": 459.760009765625, \"end\": 462.239990234375, \"text\": \" That's what my, that's what my show is about. Evolutionary psychology.\", \"tokens\": [51292, 663, 311, 437, 452, 11, 300, 311, 437, 452, 855, 307, 466, 13, 40800, 822, 15105, 13, 51416], \"temperature\": 0.0, \"avg_logprob\": -0.20214532315731049, \"compression_ratio\": 1.7363896369934082, \"no_speech_prob\": 0.022282907739281654}, {\"id\": 126, \"seek\": 44120, \"start\": 462.239990234375, \"end\": 465.8399963378906, \"text\": \" Instead of asking these questions, who cheats more or why do men do this?\", \"tokens\": [51416, 7156, 295, 3365, 613, 1651, 11, 567, 947, 1720, 544, 420, 983, 360, 1706, 360, 341, 30, 51596], \"temperature\": 0.0, \"avg_logprob\": -0.20214532315731049, \"compression_ratio\": 1.7363896369934082, \"no_speech_prob\": 0.022282907739281654}, {\"id\": 127, \"seek\": 44120, \"start\": 465.8399963378906, \"end\": 470.0, \"text\": \" There are actual solid, provable, immutable reasons for the answers.\", \"tokens\": [51596, 821, 366, 3539, 5100, 11, 1439, 712, 11, 3397, 32148, 4112, 337, 264, 6338, 13, 51804], \"temperature\": 0.0, \"avg_logprob\": -0.20214532315731049, \"compression_ratio\": 1.7363896369934082, \"no_speech_prob\": 0.022282907739281654}, {\"id\": 128, \"seek\": 47000, \"start\": 470.239990234375, \"end\": 472.4800109863281, \"text\": \" That no one ever looks up. And instead we watch Dr.\", \"tokens\": [50376, 663, 572, 472, 1562, 1542, 493, 13, 400, 2602, 321, 1159, 2491, 13, 50488], \"temperature\": 0.0, \"avg_logprob\": -0.20578889548778534, \"compression_ratio\": 1.7547169923782349, \"no_speech_prob\": 0.10968474298715591}, {\"id\": 129, \"seek\": 47000, \"start\": 472.4800109863281, \"end\": 477.20001220703125, \"text\": \" Phil and Oprah talk fucking nonsense or people or the bucket people on the view\", \"tokens\": [50488, 7777, 293, 43804, 751, 5546, 14925, 420, 561, 420, 264, 13058, 561, 322, 264, 1910, 50724], \"temperature\": 0.0, \"avg_logprob\": -0.20578889548778534, \"compression_ratio\": 1.7547169923782349, \"no_speech_prob\": 0.10968474298715591}, {\"id\": 130, \"seek\": 47000, \"start\": 477.20001220703125, \"end\": 479.2799987792969, \"text\": \" who don't use science for anything that they do.\", \"tokens\": [50724, 567, 500, 380, 764, 3497, 337, 1340, 300, 436, 360, 13, 50828], \"temperature\": 0.0, \"avg_logprob\": -0.20578889548778534, \"compression_ratio\": 1.7547169923782349, \"no_speech_prob\": 0.10968474298715591}, {\"id\": 131, \"seek\": 47000, \"start\": 479.2799987792969, \"end\": 481.8399963378906, \"text\": \" There is science to explain all of our proclivities,\", \"tokens\": [50828, 821, 307, 3497, 281, 2903, 439, 295, 527, 447, 3474, 43539, 11, 50956], \"temperature\": 0.0, \"avg_logprob\": -0.20578889548778534, \"compression_ratio\": 1.7547169923782349, \"no_speech_prob\": 0.10968474298715591}, {\"id\": 132, \"seek\": 47000, \"start\": 481.8399963378906, \"end\": 483.6000061035156, \"text\": \" but it's really scary when you go down that path,\", \"tokens\": [50956, 457, 309, 311, 534, 6958, 562, 291, 352, 760, 300, 3100, 11, 51044], \"temperature\": 0.0, \"avg_logprob\": -0.20578889548778534, \"compression_ratio\": 1.7547169923782349, \"no_speech_prob\": 0.10968474298715591}, {\"id\": 133, \"seek\": 47000, \"start\": 483.6000061035156, \"end\": 485.67999267578125, \"text\": \" because that means free will isn't real because it isn't.\", \"tokens\": [51044, 570, 300, 1355, 1737, 486, 1943, 380, 957, 570, 309, 1943, 380, 13, 51148], \"temperature\": 0.0, \"avg_logprob\": -0.20578889548778534, \"compression_ratio\": 1.7547169923782349, \"no_speech_prob\": 0.10968474298715591}, {\"id\": 134, \"seek\": 47000, \"start\": 485.67999267578125, \"end\": 488.8800048828125, \"text\": \" And so that's it. That's the thing is we're hairless murder apes.\", \"tokens\": [51148, 400, 370, 300, 311, 309, 13, 663, 311, 264, 551, 307, 321, 434, 324, 1648, 442, 6568, 1882, 279, 13, 51308], \"temperature\": 0.0, \"avg_logprob\": -0.20578889548778534, \"compression_ratio\": 1.7547169923782349, \"no_speech_prob\": 0.10968474298715591}, {\"id\": 135, \"seek\": 47000, \"start\": 488.8800048828125, \"end\": 490.6400146484375, \"text\": \" When you look at it from that standpoint and you're just like, okay,\", \"tokens\": [51308, 1133, 291, 574, 412, 309, 490, 300, 15827, 293, 291, 434, 445, 411, 11, 1392, 11, 51396], \"temperature\": 0.0, \"avg_logprob\": -0.20578889548778534, \"compression_ratio\": 1.7547169923782349, \"no_speech_prob\": 0.10968474298715591}, {\"id\": 136, \"seek\": 47000, \"start\": 490.6400146484375, \"end\": 492.79998779296875, \"text\": \" I'm just going to do the things that make me more attractive.\", \"tokens\": [51396, 286, 478, 445, 516, 281, 360, 264, 721, 300, 652, 385, 544, 12609, 13, 51504], \"temperature\": 0.0, \"avg_logprob\": -0.20578889548778534, \"compression_ratio\": 1.7547169923782349, \"no_speech_prob\": 0.10968474298715591}, {\"id\": 137, \"seek\": 47000, \"start\": 492.79998779296875, \"end\": 495.5199890136719, \"text\": \" The results are, they speak for themselves. They're fucking outstanding.\", \"tokens\": [51504, 440, 3542, 366, 11, 436, 1710, 337, 2969, 13, 814, 434, 5546, 14485, 13, 51640], \"temperature\": 0.0, \"avg_logprob\": -0.20578889548778534, \"compression_ratio\": 1.7547169923782349, \"no_speech_prob\": 0.10968474298715591}, {\"id\": 138, \"seek\": 47000, \"start\": 495.5199890136719, \"end\": 496.8800048828125, \"text\": \" That's why I like on my, on my website,\", \"tokens\": [51640, 663, 311, 983, 286, 411, 322, 452, 11, 322, 452, 3144, 11, 51708], \"temperature\": 0.0, \"avg_logprob\": -0.20578889548778534, \"compression_ratio\": 1.7547169923782349, \"no_speech_prob\": 0.10968474298715591}, {\"id\": 139, \"seek\": 49688, \"start\": 496.8800048828125, \"end\": 501.67999267578125, \"text\": \" I have 30 different IDs that I call, uh, that I helped cultivate for my clients.\", \"tokens\": [50364, 286, 362, 2217, 819, 48212, 300, 286, 818, 11, 2232, 11, 300, 286, 4254, 33341, 337, 452, 6982, 13, 50604], \"temperature\": 0.0, \"avg_logprob\": -0.22165751457214355, \"compression_ratio\": 2.003124952316284, \"no_speech_prob\": 0.3810921311378479}, {\"id\": 140, \"seek\": 49688, \"start\": 501.67999267578125, \"end\": 503.6000061035156, \"text\": \" And when they went out and looked at it, they were like, holy shit,\", \"tokens\": [50604, 400, 562, 436, 1437, 484, 293, 2956, 412, 309, 11, 436, 645, 411, 11, 10622, 4611, 11, 50700], \"temperature\": 0.0, \"avg_logprob\": -0.22165751457214355, \"compression_ratio\": 2.003124952316284, \"no_speech_prob\": 0.3810921311378479}, {\"id\": 141, \"seek\": 49688, \"start\": 503.6000061035156, \"end\": 505.8399963378906, \"text\": \" this actually works. Some of them have no women on it.\", \"tokens\": [50700, 341, 767, 1985, 13, 2188, 295, 552, 362, 572, 2266, 322, 309, 13, 50812], \"temperature\": 0.0, \"avg_logprob\": -0.22165751457214355, \"compression_ratio\": 2.003124952316284, \"no_speech_prob\": 0.3810921311378479}, {\"id\": 142, \"seek\": 49688, \"start\": 505.8399963378906, \"end\": 508.7200012207031, \"text\": \" Some of them are just guys traveling. Some of them have guys who are just\", \"tokens\": [50812, 2188, 295, 552, 366, 445, 1074, 9712, 13, 2188, 295, 552, 362, 1074, 567, 366, 445, 50956], \"temperature\": 0.0, \"avg_logprob\": -0.22165751457214355, \"compression_ratio\": 2.003124952316284, \"no_speech_prob\": 0.3810921311378479}, {\"id\": 143, \"seek\": 49688, \"start\": 508.7200012207031, \"end\": 511.760009765625, \"text\": \" really physically, physically attractive. Some have guys who show money.\", \"tokens\": [50956, 534, 9762, 11, 9762, 12609, 13, 2188, 362, 1074, 567, 855, 1460, 13, 51108], \"temperature\": 0.0, \"avg_logprob\": -0.22165751457214355, \"compression_ratio\": 2.003124952316284, \"no_speech_prob\": 0.3810921311378479}, {\"id\": 144, \"seek\": 49688, \"start\": 511.760009765625, \"end\": 513.6799926757812, \"text\": \" Some have guys who are just with a lot of girls,\", \"tokens\": [51108, 2188, 362, 1074, 567, 366, 445, 365, 257, 688, 295, 4519, 11, 51204], \"temperature\": 0.0, \"avg_logprob\": -0.22165751457214355, \"compression_ratio\": 2.003124952316284, \"no_speech_prob\": 0.3810921311378479}, {\"id\": 145, \"seek\": 49688, \"start\": 513.6799926757812, \"end\": 516.719970703125, \"text\": \" but all these things are different attraction triggers for women. For men,\", \"tokens\": [51204, 457, 439, 613, 721, 366, 819, 17672, 22827, 337, 2266, 13, 1171, 1706, 11, 51356], \"temperature\": 0.0, \"avg_logprob\": -0.22165751457214355, \"compression_ratio\": 2.003124952316284, \"no_speech_prob\": 0.3810921311378479}, {\"id\": 146, \"seek\": 49688, \"start\": 516.719970703125, \"end\": 519.760009765625, \"text\": \" we just have like kind of one attraction trigger. It's facial symmetry,\", \"tokens\": [51356, 321, 445, 362, 411, 733, 295, 472, 17672, 7875, 13, 467, 311, 15642, 25440, 11, 51508], \"temperature\": 0.0, \"avg_logprob\": -0.22165751457214355, \"compression_ratio\": 2.003124952316284, \"no_speech_prob\": 0.3810921311378479}, {\"id\": 147, \"seek\": 49688, \"start\": 519.760009765625, \"end\": 521.8400268554688, \"text\": \" hip to waist ratio, signs of youth for women.\", \"tokens\": [51508, 8103, 281, 15732, 8509, 11, 7880, 295, 7503, 337, 2266, 13, 51612], \"temperature\": 0.0, \"avg_logprob\": -0.22165751457214355, \"compression_ratio\": 2.003124952316284, \"no_speech_prob\": 0.3810921311378479}, {\"id\": 148, \"seek\": 49688, \"start\": 521.8400268554688, \"end\": 523.8400268554688, \"text\": \" They have so many different attraction triggers,\", \"tokens\": [51612, 814, 362, 370, 867, 819, 17672, 22827, 11, 51712], \"temperature\": 0.0, \"avg_logprob\": -0.22165751457214355, \"compression_ratio\": 2.003124952316284, \"no_speech_prob\": 0.3810921311378479}, {\"id\": 149, \"seek\": 52384, \"start\": 523.8400268554688, \"end\": 528.0800170898438, \"text\": \" tattoo sleeves and broad shoulders and loud voices and lots of money.\", \"tokens\": [50364, 15080, 24555, 293, 4152, 10245, 293, 6588, 9802, 293, 3195, 295, 1460, 13, 50576], \"temperature\": 0.0, \"avg_logprob\": -0.21771667897701263, \"compression_ratio\": 1.5094339847564697, \"no_speech_prob\": 0.754256546497345}, {\"id\": 150, \"seek\": 52384, \"start\": 528.0800170898438, \"end\": 532.3200073242188, \"text\": \" And fucking this guy's from this college or this guy was on this TV show or fame.\", \"tokens\": [50576, 400, 5546, 341, 2146, 311, 490, 341, 3859, 420, 341, 2146, 390, 322, 341, 3558, 855, 420, 16874, 13, 50788], \"temperature\": 0.0, \"avg_logprob\": -0.21771667897701263, \"compression_ratio\": 1.5094339847564697, \"no_speech_prob\": 0.754256546497345}, {\"id\": 151, \"seek\": 52384, \"start\": 532.3200073242188, \"end\": 534.7999877929688, \"text\": \" There's so many different attraction triggers for women. And for men, there's just like.\", \"tokens\": [50788, 821, 311, 370, 867, 819, 17672, 22827, 337, 2266, 13, 400, 337, 1706, 11, 456, 311, 445, 411, 13, 50912], \"temperature\": 0.0, \"avg_logprob\": -0.21771667897701263, \"compression_ratio\": 1.5094339847564697, \"no_speech_prob\": 0.754256546497345}]}"}