{"title": "Male Porn Star Speaks Out: This is Why You Need to Stop Watching Porn ASAP!!", "video_id": "6TDZwt8hy34", "video_url": "https://www.youtube.com/watch?v=6TDZwt8hy34", "description": "Ready to build a network of amazing women and high-status men?\n\nMichael\u2019s Men of Action is a one-on-one Master\u2019s program that teaches men how to create elite social lives by becoming higher status.\n\nClick this link to learn how you can have a High-Status lifestyle now:\nhttps://m.moamentoring.com/podcast\n\nClick here to join the Men of Action community and watch the High-Status Networking 101 course:\nhttps://m.moamentoring.com/moa-community\n\u2014\u2014\u2014\u2014\u2014\u2014\u2014\u2014\u2014\u2014\u2014\u2014\u2014\u2014\u2014\u2014\u2014\u2014\u2014\u2014\n\nSubscribe on Youtube: \nhttps://www.youtube.com/user/MichaelSartain\n\nListen on Apple Podcast: \nhttps://podcasts.apple.com/us/podcast/the-michael-sartain-podcast/id1579791157\n\nListen on Spotify: \nhttps://open.spotify.com/show/2faAYwvDD9Bvkpwv6umlPO?si=8Q3ak9HnSlKjuChsTXr6YQ&dl_branch=1", "published_at": "2023-04-01T01:00:39Z", "channel_id": "UC0T1bDzajVefRWx4uKdGyuw", "channel_title": "Michael Sartain", "tags": [], "category_id": "24", "live_broadcast_content": "none", "duration": 60.0, "dimension": "2d", "definition": "hd", "caption": "false", "view_count": 5329, "like_count": 185, "comment_count": 2, "channel_info": {"title": "Michael Sartain", "description": "\ud83c\udf99Host of The\u00a0Michael Sartain Podcast \n\n\ud83d\udd25Teaching you how to build a network of desirable women and high-status men\n\n\ud83d\udc47 Click the \"Men of Action\" link below now to forge a high-status lifestyle and join the elites \n", "subscriber_count": "80500", "total_views": "29545897", "total_videos": "1481"}, "comments": [], "file_path": "/Users/aelaguiz/workspace/fc_book/audio/raws/6TDZwt8hy34.mp3", "transcription": "{\"text\": \"All of you out there listening, he is an adult star telling you that when you have a problem in the bed as a man, the first thing you do is what? Stop watching porn, sh**. I mean, consider the source, is what I'm saying. When dudes watch porn all the time, they start to just screw up their dopamine receptors. So if a dude's sitting there jerking off all night, you know, watching a million different tabs of pornography, when he eventually gets to, you know, have sex with a beautiful woman, he is nowhere near as novel and stimulating as, say, 20-30 different tabs of 20-30 different women doing 20-30 different things. But what it does is it resets the dopamine receptors in a male's brain to be so high that it's always at 10, and then reality steps in and it's never as good. You end up with erectile dysfunction or just not enough novelty or something like that. The purpose of a homo sapien male having testosterone is to what? It is to go kill the thing, build the thing, protect the tribe, accomplish the goal. I'm watching porn, I don't have to do any of those things. Why does my body need testosterone? So now you have these people in your body, your endocrine system is like, why do I need to give this mother****** testosterone? He does nothing. He jerks off and eats waste. \", \"segments\": [{\"id\": 0, \"seek\": 0, \"start\": 0.0, \"end\": 6.0, \"text\": \" All of you out there listening, he is an adult star telling you that when you have a problem in the bed as a man, the first thing you do is what?\", \"tokens\": [50364, 1057, 295, 291, 484, 456, 4764, 11, 415, 307, 364, 5075, 3543, 3585, 291, 300, 562, 291, 362, 257, 1154, 294, 264, 2901, 382, 257, 587, 11, 264, 700, 551, 291, 360, 307, 437, 30, 50664], \"temperature\": 0.0, \"avg_logprob\": -0.31250837445259094, \"compression_ratio\": 1.6711864471435547, \"no_speech_prob\": 0.1021537035703659}, {\"id\": 1, \"seek\": 0, \"start\": 6.0, \"end\": 8.0, \"text\": \" Stop watching porn, sh**.\", \"tokens\": [50664, 5535, 1976, 19444, 11, 402, 4852, 13, 50764], \"temperature\": 0.0, \"avg_logprob\": -0.31250837445259094, \"compression_ratio\": 1.6711864471435547, \"no_speech_prob\": 0.1021537035703659}, {\"id\": 2, \"seek\": 0, \"start\": 8.0, \"end\": 10.0, \"text\": \" I mean, consider the source, is what I'm saying.\", \"tokens\": [50764, 286, 914, 11, 1949, 264, 4009, 11, 307, 437, 286, 478, 1566, 13, 50864], \"temperature\": 0.0, \"avg_logprob\": -0.31250837445259094, \"compression_ratio\": 1.6711864471435547, \"no_speech_prob\": 0.1021537035703659}, {\"id\": 3, \"seek\": 0, \"start\": 10.0, \"end\": 15.0, \"text\": \" When dudes watch porn all the time, they start to just screw up their dopamine receptors.\", \"tokens\": [50864, 1133, 27717, 1159, 19444, 439, 264, 565, 11, 436, 722, 281, 445, 5630, 493, 641, 37219, 34102, 13, 51114], \"temperature\": 0.0, \"avg_logprob\": -0.31250837445259094, \"compression_ratio\": 1.6711864471435547, \"no_speech_prob\": 0.1021537035703659}, {\"id\": 4, \"seek\": 0, \"start\": 15.0, \"end\": 19.0, \"text\": \" So if a dude's sitting there jerking off all night, you know, watching a million different tabs of pornography,\", \"tokens\": [51114, 407, 498, 257, 6449, 311, 3798, 456, 20160, 5092, 766, 439, 1818, 11, 291, 458, 11, 1976, 257, 2459, 819, 20743, 295, 49936, 11, 51314], \"temperature\": 0.0, \"avg_logprob\": -0.31250837445259094, \"compression_ratio\": 1.6711864471435547, \"no_speech_prob\": 0.1021537035703659}, {\"id\": 5, \"seek\": 0, \"start\": 19.0, \"end\": 22.0, \"text\": \" when he eventually gets to, you know, have sex with a beautiful woman,\", \"tokens\": [51314, 562, 415, 4728, 2170, 281, 11, 291, 458, 11, 362, 3260, 365, 257, 2238, 3059, 11, 51464], \"temperature\": 0.0, \"avg_logprob\": -0.31250837445259094, \"compression_ratio\": 1.6711864471435547, \"no_speech_prob\": 0.1021537035703659}, {\"id\": 6, \"seek\": 2200, \"start\": 22.0, \"end\": 30.0, \"text\": \" he is nowhere near as novel and stimulating as, say, 20-30 different tabs of 20-30 different women doing 20-30 different things.\", \"tokens\": [50364, 415, 307, 11159, 2651, 382, 7613, 293, 43671, 382, 11, 584, 11, 945, 12, 3446, 819, 20743, 295, 945, 12, 3446, 819, 2266, 884, 945, 12, 3446, 819, 721, 13, 50764], \"temperature\": 0.0, \"avg_logprob\": -0.1872890144586563, \"compression_ratio\": 1.7155425548553467, \"no_speech_prob\": 0.7684581875801086}, {\"id\": 7, \"seek\": 2200, \"start\": 30.0, \"end\": 35.0, \"text\": \" But what it does is it resets the dopamine receptors in a male's brain to be so high that it's always at 10,\", \"tokens\": [50764, 583, 437, 309, 775, 307, 309, 725, 1385, 264, 37219, 34102, 294, 257, 7133, 311, 3567, 281, 312, 370, 1090, 300, 309, 311, 1009, 412, 1266, 11, 51014], \"temperature\": 0.0, \"avg_logprob\": -0.1872890144586563, \"compression_ratio\": 1.7155425548553467, \"no_speech_prob\": 0.7684581875801086}, {\"id\": 8, \"seek\": 2200, \"start\": 35.0, \"end\": 37.0, \"text\": \" and then reality steps in and it's never as good.\", \"tokens\": [51014, 293, 550, 4103, 4439, 294, 293, 309, 311, 1128, 382, 665, 13, 51114], \"temperature\": 0.0, \"avg_logprob\": -0.1872890144586563, \"compression_ratio\": 1.7155425548553467, \"no_speech_prob\": 0.7684581875801086}, {\"id\": 9, \"seek\": 2200, \"start\": 37.0, \"end\": 41.0, \"text\": \" You end up with erectile dysfunction or just not enough novelty or something like that.\", \"tokens\": [51114, 509, 917, 493, 365, 34201, 794, 32002, 420, 445, 406, 1547, 44805, 420, 746, 411, 300, 13, 51314], \"temperature\": 0.0, \"avg_logprob\": -0.1872890144586563, \"compression_ratio\": 1.7155425548553467, \"no_speech_prob\": 0.7684581875801086}, {\"id\": 10, \"seek\": 2200, \"start\": 41.0, \"end\": 44.0, \"text\": \" The purpose of a homo sapien male having testosterone is to what?\", \"tokens\": [51314, 440, 4334, 295, 257, 3655, 78, 18985, 1053, 7133, 1419, 33417, 307, 281, 437, 30, 51464], \"temperature\": 0.0, \"avg_logprob\": -0.1872890144586563, \"compression_ratio\": 1.7155425548553467, \"no_speech_prob\": 0.7684581875801086}, {\"id\": 11, \"seek\": 2200, \"start\": 44.0, \"end\": 49.0, \"text\": \" It is to go kill the thing, build the thing, protect the tribe, accomplish the goal.\", \"tokens\": [51464, 467, 307, 281, 352, 1961, 264, 551, 11, 1322, 264, 551, 11, 2371, 264, 17625, 11, 9021, 264, 3387, 13, 51714], \"temperature\": 0.0, \"avg_logprob\": -0.1872890144586563, \"compression_ratio\": 1.7155425548553467, \"no_speech_prob\": 0.7684581875801086}, {\"id\": 12, \"seek\": 2200, \"start\": 49.0, \"end\": 51.0, \"text\": \" I'm watching porn, I don't have to do any of those things.\", \"tokens\": [51714, 286, 478, 1976, 19444, 11, 286, 500, 380, 362, 281, 360, 604, 295, 729, 721, 13, 51814], \"temperature\": 0.0, \"avg_logprob\": -0.1872890144586563, \"compression_ratio\": 1.7155425548553467, \"no_speech_prob\": 0.7684581875801086}, {\"id\": 13, \"seek\": 5100, \"start\": 51.0, \"end\": 52.0, \"text\": \" Why does my body need testosterone?\", \"tokens\": [50364, 1545, 775, 452, 1772, 643, 33417, 30, 50414], \"temperature\": 0.0, \"avg_logprob\": -0.25760459899902344, \"compression_ratio\": 1.47183096408844, \"no_speech_prob\": 0.9104675054550171}, {\"id\": 14, \"seek\": 5100, \"start\": 52.0, \"end\": 55.0, \"text\": \" So now you have these people in your body, your endocrine system is like,\", \"tokens\": [50414, 407, 586, 291, 362, 613, 561, 294, 428, 1772, 11, 428, 917, 3617, 533, 1185, 307, 411, 11, 50564], \"temperature\": 0.0, \"avg_logprob\": -0.25760459899902344, \"compression_ratio\": 1.47183096408844, \"no_speech_prob\": 0.9104675054550171}, {\"id\": 15, \"seek\": 5100, \"start\": 55.0, \"end\": 57.0, \"text\": \" why do I need to give this mother****** testosterone?\", \"tokens\": [50564, 983, 360, 286, 643, 281, 976, 341, 2895, 24396, 4852, 33417, 30, 50664], \"temperature\": 0.0, \"avg_logprob\": -0.25760459899902344, \"compression_ratio\": 1.47183096408844, \"no_speech_prob\": 0.9104675054550171}, {\"id\": 16, \"seek\": 5100, \"start\": 57.0, \"end\": 59.0, \"text\": \" He does nothing. He jerks off and eats waste.\", \"tokens\": [50664, 634, 775, 1825, 13, 634, 20160, 1694, 766, 293, 18109, 5964, 13, 50764], \"temperature\": 0.0, \"avg_logprob\": -0.25760459899902344, \"compression_ratio\": 1.47183096408844, \"no_speech_prob\": 0.9104675054550171}]}"}