{"title": "How to Become Irreplaceable to Your Man", "video_id": "77rZC-FNbhE", "video_url": "https://www.youtube.com/watch?v=77rZC-FNbhE", "description": "Ready to build a network of amazing women and high-status men?\n\nMichael\u2019s Men of Action is a one-on-one Master\u2019s program that teaches men how to create elite social lives by becoming higher status.\n\nClick this link to learn how you can have a High-Status lifestyle now:\nhttps://m.moamentoring.com/podcast\n\nClick here to join the Men of Action community and watch the High-Status Networking 101 course:\nhttps://m.moamentoring.com/moa-community\n\u2014\u2014\u2014\u2014\u2014\u2014\u2014\u2014\u2014\u2014\u2014\u2014\u2014\u2014\u2014\u2014\u2014\u2014\u2014\u2014\n\nSubscribe on Youtube: \nhttps://www.youtube.com/user/MichaelSartain\n\nListen on Apple Podcast: \nhttps://podcasts.apple.com/us/podcast/the-michael-sartain-podcast/id1579791157\n\nListen on Spotify: \nhttps://open.spotify.com/show/2faAYwvDD9Bvkpwv6umlPO?si=8Q3ak9HnSlKjuChsTXr6YQ&dl_branch=1", "published_at": "2023-04-28T19:15:00Z", "channel_id": "UC0T1bDzajVefRWx4uKdGyuw", "channel_title": "Michael Sartain", "tags": [], "category_id": "24", "live_broadcast_content": "none", "duration": 60.0, "dimension": "2d", "definition": "hd", "caption": "false", "view_count": 805, "like_count": 54, "comment_count": 3, "channel_info": {"title": "Michael Sartain", "description": "\ud83c\udf99Host of The\u00a0Michael Sartain Podcast \n\n\ud83d\udd25Teaching you how to build a network of desirable women and high-status men\n\n\ud83d\udc47 Click the \"Men of Action\" link below now to forge a high-status lifestyle and join the elites \n", "subscriber_count": "80500", "total_views": "29545897", "total_videos": "1481"}, "comments": [], "file_path": "/Users/aelaguiz/workspace/fc_book/audio/raws/77rZC-FNbhE.mp3", "transcription": "{\"text\": \"It's really hard for women to grasp this. If I have an option between I have a main girl and having sex with another girl, there's some variety and novelty to that, and that's a plus. Having sex with two girls at the same time is not twice as good. It's 800 times as good. It's exponential. It's exponentially better. If I'm in a relationship, I don't want to have sex with other women. I want us to have sex with other women together. That is better than sneaking around, cheating on my girl. I don't want to do that. Whenever I would have a threesome with my girl, we'd kick the other girl out, the unicorn would leave, and then I was obsessed with my girl. It's so crazy that women think they're being replaced. How the fuck would we ever replace you? You brought a woman home. We're never gonna replace you in a million years. You are actually, you're like, do you think you're replaceable because she's prettier? There's pretty girls everywhere. Girls who do that for their man are not fucking replaceable. It's so hard. Now, I get why women don't feel this. A lot of women don't feel this that way, and I understand why, because it's an evolutionary adaptation. You want to protect the provider that you have, this man that you've put all this resources in, or put all this effort in, being with another woman. I get that. I totally understand that, but the situation is what I also find is that when a woman's been divorced, she gets out of a relationship, she's in her early 30s, late 30s, they seem to all be fine with this concept, because it's like reality hit them so hard, and they started to come to this realization, like, oh, for men, sex really doesn't mean. \", \"segments\": [{\"id\": 0, \"seek\": 0, \"start\": 0.0, \"end\": 1.159999966621399, \"text\": \" It's really hard for women to grasp this.\", \"tokens\": [50364, 467, 311, 534, 1152, 337, 2266, 281, 21743, 341, 13, 50422], \"temperature\": 0.0, \"avg_logprob\": -0.20238447189331055, \"compression_ratio\": 1.9586563110351562, \"no_speech_prob\": 0.048105720430612564}, {\"id\": 1, \"seek\": 0, \"start\": 1.159999966621399, \"end\": 2.759999990463257, \"text\": \" If I have an option between I have a main girl\", \"tokens\": [50422, 759, 286, 362, 364, 3614, 1296, 286, 362, 257, 2135, 2013, 50502], \"temperature\": 0.0, \"avg_logprob\": -0.20238447189331055, \"compression_ratio\": 1.9586563110351562, \"no_speech_prob\": 0.048105720430612564}, {\"id\": 2, \"seek\": 0, \"start\": 2.759999990463257, \"end\": 3.799999952316284, \"text\": \" and having sex with another girl,\", \"tokens\": [50502, 293, 1419, 3260, 365, 1071, 2013, 11, 50554], \"temperature\": 0.0, \"avg_logprob\": -0.20238447189331055, \"compression_ratio\": 1.9586563110351562, \"no_speech_prob\": 0.048105720430612564}, {\"id\": 3, \"seek\": 0, \"start\": 3.799999952316284, \"end\": 5.0, \"text\": \" there's some variety and novelty to that,\", \"tokens\": [50554, 456, 311, 512, 5673, 293, 44805, 281, 300, 11, 50614], \"temperature\": 0.0, \"avg_logprob\": -0.20238447189331055, \"compression_ratio\": 1.9586563110351562, \"no_speech_prob\": 0.048105720430612564}, {\"id\": 4, \"seek\": 0, \"start\": 5.0, \"end\": 5.840000152587891, \"text\": \" and that's a plus.\", \"tokens\": [50614, 293, 300, 311, 257, 1804, 13, 50656], \"temperature\": 0.0, \"avg_logprob\": -0.20238447189331055, \"compression_ratio\": 1.9586563110351562, \"no_speech_prob\": 0.048105720430612564}, {\"id\": 5, \"seek\": 0, \"start\": 5.840000152587891, \"end\": 7.239999771118164, \"text\": \" Having sex with two girls at the same time\", \"tokens\": [50656, 10222, 3260, 365, 732, 4519, 412, 264, 912, 565, 50726], \"temperature\": 0.0, \"avg_logprob\": -0.20238447189331055, \"compression_ratio\": 1.9586563110351562, \"no_speech_prob\": 0.048105720430612564}, {\"id\": 6, \"seek\": 0, \"start\": 7.239999771118164, \"end\": 8.079999923706055, \"text\": \" is not twice as good.\", \"tokens\": [50726, 307, 406, 6091, 382, 665, 13, 50768], \"temperature\": 0.0, \"avg_logprob\": -0.20238447189331055, \"compression_ratio\": 1.9586563110351562, \"no_speech_prob\": 0.048105720430612564}, {\"id\": 7, \"seek\": 0, \"start\": 8.079999923706055, \"end\": 9.199999809265137, \"text\": \" It's 800 times as good.\", \"tokens\": [50768, 467, 311, 13083, 1413, 382, 665, 13, 50824], \"temperature\": 0.0, \"avg_logprob\": -0.20238447189331055, \"compression_ratio\": 1.9586563110351562, \"no_speech_prob\": 0.048105720430612564}, {\"id\": 8, \"seek\": 0, \"start\": 9.199999809265137, \"end\": 10.039999961853027, \"text\": \" It's exponential.\", \"tokens\": [50824, 467, 311, 21510, 13, 50866], \"temperature\": 0.0, \"avg_logprob\": -0.20238447189331055, \"compression_ratio\": 1.9586563110351562, \"no_speech_prob\": 0.048105720430612564}, {\"id\": 9, \"seek\": 0, \"start\": 10.039999961853027, \"end\": 10.859999656677246, \"text\": \" It's exponentially better.\", \"tokens\": [50866, 467, 311, 37330, 1101, 13, 50907], \"temperature\": 0.0, \"avg_logprob\": -0.20238447189331055, \"compression_ratio\": 1.9586563110351562, \"no_speech_prob\": 0.048105720430612564}, {\"id\": 10, \"seek\": 0, \"start\": 10.859999656677246, \"end\": 11.800000190734863, \"text\": \" If I'm in a relationship,\", \"tokens\": [50907, 759, 286, 478, 294, 257, 2480, 11, 50954], \"temperature\": 0.0, \"avg_logprob\": -0.20238447189331055, \"compression_ratio\": 1.9586563110351562, \"no_speech_prob\": 0.048105720430612564}, {\"id\": 11, \"seek\": 0, \"start\": 11.800000190734863, \"end\": 12.640000343322754, \"text\": \" I don't want to have sex with other women.\", \"tokens\": [50954, 286, 500, 380, 528, 281, 362, 3260, 365, 661, 2266, 13, 50996], \"temperature\": 0.0, \"avg_logprob\": -0.20238447189331055, \"compression_ratio\": 1.9586563110351562, \"no_speech_prob\": 0.048105720430612564}, {\"id\": 12, \"seek\": 0, \"start\": 12.640000343322754, \"end\": 14.880000114440918, \"text\": \" I want us to have sex with other women together.\", \"tokens\": [50996, 286, 528, 505, 281, 362, 3260, 365, 661, 2266, 1214, 13, 51108], \"temperature\": 0.0, \"avg_logprob\": -0.20238447189331055, \"compression_ratio\": 1.9586563110351562, \"no_speech_prob\": 0.048105720430612564}, {\"id\": 13, \"seek\": 0, \"start\": 14.880000114440918, \"end\": 16.84000015258789, \"text\": \" That is better than sneaking around,\", \"tokens\": [51108, 663, 307, 1101, 813, 48525, 926, 11, 51206], \"temperature\": 0.0, \"avg_logprob\": -0.20238447189331055, \"compression_ratio\": 1.9586563110351562, \"no_speech_prob\": 0.048105720430612564}, {\"id\": 14, \"seek\": 0, \"start\": 16.84000015258789, \"end\": 17.68000030517578, \"text\": \" cheating on my girl.\", \"tokens\": [51206, 18309, 322, 452, 2013, 13, 51248], \"temperature\": 0.0, \"avg_logprob\": -0.20238447189331055, \"compression_ratio\": 1.9586563110351562, \"no_speech_prob\": 0.048105720430612564}, {\"id\": 15, \"seek\": 0, \"start\": 17.68000030517578, \"end\": 18.5, \"text\": \" I don't want to do that.\", \"tokens\": [51248, 286, 500, 380, 528, 281, 360, 300, 13, 51289], \"temperature\": 0.0, \"avg_logprob\": -0.20238447189331055, \"compression_ratio\": 1.9586563110351562, \"no_speech_prob\": 0.048105720430612564}, {\"id\": 16, \"seek\": 0, \"start\": 18.5, \"end\": 19.34000015258789, \"text\": \" Whenever I would have a threesome with my girl,\", \"tokens\": [51289, 14159, 286, 576, 362, 257, 258, 265, 2988, 365, 452, 2013, 11, 51331], \"temperature\": 0.0, \"avg_logprob\": -0.20238447189331055, \"compression_ratio\": 1.9586563110351562, \"no_speech_prob\": 0.048105720430612564}, {\"id\": 17, \"seek\": 0, \"start\": 19.34000015258789, \"end\": 20.18000030517578, \"text\": \" we'd kick the other girl out,\", \"tokens\": [51331, 321, 1116, 4437, 264, 661, 2013, 484, 11, 51373], \"temperature\": 0.0, \"avg_logprob\": -0.20238447189331055, \"compression_ratio\": 1.9586563110351562, \"no_speech_prob\": 0.048105720430612564}, {\"id\": 18, \"seek\": 0, \"start\": 20.18000030517578, \"end\": 21.0, \"text\": \" the unicorn would leave,\", \"tokens\": [51373, 264, 28122, 576, 1856, 11, 51414], \"temperature\": 0.0, \"avg_logprob\": -0.20238447189331055, \"compression_ratio\": 1.9586563110351562, \"no_speech_prob\": 0.048105720430612564}, {\"id\": 19, \"seek\": 0, \"start\": 21.0, \"end\": 22.65999984741211, \"text\": \" and then I was obsessed with my girl.\", \"tokens\": [51414, 293, 550, 286, 390, 16923, 365, 452, 2013, 13, 51497], \"temperature\": 0.0, \"avg_logprob\": -0.20238447189331055, \"compression_ratio\": 1.9586563110351562, \"no_speech_prob\": 0.048105720430612564}, {\"id\": 20, \"seek\": 0, \"start\": 22.65999984741211, \"end\": 24.360000610351562, \"text\": \" It's so crazy that women think they're being replaced.\", \"tokens\": [51497, 467, 311, 370, 3219, 300, 2266, 519, 436, 434, 885, 10772, 13, 51582], \"temperature\": 0.0, \"avg_logprob\": -0.20238447189331055, \"compression_ratio\": 1.9586563110351562, \"no_speech_prob\": 0.048105720430612564}, {\"id\": 21, \"seek\": 0, \"start\": 24.360000610351562, \"end\": 26.040000915527344, \"text\": \" How the fuck would we ever replace you?\", \"tokens\": [51582, 1012, 264, 3275, 576, 321, 1562, 7406, 291, 30, 51666], \"temperature\": 0.0, \"avg_logprob\": -0.20238447189331055, \"compression_ratio\": 1.9586563110351562, \"no_speech_prob\": 0.048105720430612564}, {\"id\": 22, \"seek\": 2604, \"start\": 26.079999923706055, \"end\": 26.920000076293945, \"text\": \" You brought a woman home.\", \"tokens\": [50366, 509, 3038, 257, 3059, 1280, 13, 50408], \"temperature\": 0.0, \"avg_logprob\": -0.22044767439365387, \"compression_ratio\": 1.8414634466171265, \"no_speech_prob\": 0.07158257812261581}, {\"id\": 23, \"seek\": 2604, \"start\": 26.920000076293945, \"end\": 29.719999313354492, \"text\": \" We're never gonna replace you in a million years.\", \"tokens\": [50408, 492, 434, 1128, 799, 7406, 291, 294, 257, 2459, 924, 13, 50548], \"temperature\": 0.0, \"avg_logprob\": -0.22044767439365387, \"compression_ratio\": 1.8414634466171265, \"no_speech_prob\": 0.07158257812261581}, {\"id\": 24, \"seek\": 2604, \"start\": 29.719999313354492, \"end\": 30.559999465942383, \"text\": \" You are actually,\", \"tokens\": [50548, 509, 366, 767, 11, 50590], \"temperature\": 0.0, \"avg_logprob\": -0.22044767439365387, \"compression_ratio\": 1.8414634466171265, \"no_speech_prob\": 0.07158257812261581}, {\"id\": 25, \"seek\": 2604, \"start\": 30.559999465942383, \"end\": 31.520000457763672, \"text\": \" you're like, do you think you're replaceable\", \"tokens\": [50590, 291, 434, 411, 11, 360, 291, 519, 291, 434, 7406, 712, 50638], \"temperature\": 0.0, \"avg_logprob\": -0.22044767439365387, \"compression_ratio\": 1.8414634466171265, \"no_speech_prob\": 0.07158257812261581}, {\"id\": 26, \"seek\": 2604, \"start\": 31.520000457763672, \"end\": 32.34000015258789, \"text\": \" because she's prettier?\", \"tokens\": [50638, 570, 750, 311, 36825, 30, 50679], \"temperature\": 0.0, \"avg_logprob\": -0.22044767439365387, \"compression_ratio\": 1.8414634466171265, \"no_speech_prob\": 0.07158257812261581}, {\"id\": 27, \"seek\": 2604, \"start\": 32.34000015258789, \"end\": 33.18000030517578, \"text\": \" There's pretty girls everywhere.\", \"tokens\": [50679, 821, 311, 1238, 4519, 5315, 13, 50721], \"temperature\": 0.0, \"avg_logprob\": -0.22044767439365387, \"compression_ratio\": 1.8414634466171265, \"no_speech_prob\": 0.07158257812261581}, {\"id\": 28, \"seek\": 2604, \"start\": 33.18000030517578, \"end\": 34.0, \"text\": \" Girls who do that for their man\", \"tokens\": [50721, 16245, 567, 360, 300, 337, 641, 587, 50762], \"temperature\": 0.0, \"avg_logprob\": -0.22044767439365387, \"compression_ratio\": 1.8414634466171265, \"no_speech_prob\": 0.07158257812261581}, {\"id\": 29, \"seek\": 2604, \"start\": 34.0, \"end\": 36.15999984741211, \"text\": \" are not fucking replaceable.\", \"tokens\": [50762, 366, 406, 5546, 7406, 712, 13, 50870], \"temperature\": 0.0, \"avg_logprob\": -0.22044767439365387, \"compression_ratio\": 1.8414634466171265, \"no_speech_prob\": 0.07158257812261581}, {\"id\": 30, \"seek\": 2604, \"start\": 36.15999984741211, \"end\": 37.0, \"text\": \" It's so hard.\", \"tokens\": [50870, 467, 311, 370, 1152, 13, 50912], \"temperature\": 0.0, \"avg_logprob\": -0.22044767439365387, \"compression_ratio\": 1.8414634466171265, \"no_speech_prob\": 0.07158257812261581}, {\"id\": 31, \"seek\": 2604, \"start\": 37.0, \"end\": 38.119998931884766, \"text\": \" Now, I get why women don't feel this.\", \"tokens\": [50912, 823, 11, 286, 483, 983, 2266, 500, 380, 841, 341, 13, 50968], \"temperature\": 0.0, \"avg_logprob\": -0.22044767439365387, \"compression_ratio\": 1.8414634466171265, \"no_speech_prob\": 0.07158257812261581}, {\"id\": 32, \"seek\": 2604, \"start\": 38.119998931884766, \"end\": 38.959999084472656, \"text\": \" A lot of women don't feel this that way,\", \"tokens\": [50968, 316, 688, 295, 2266, 500, 380, 841, 341, 300, 636, 11, 51010], \"temperature\": 0.0, \"avg_logprob\": -0.22044767439365387, \"compression_ratio\": 1.8414634466171265, \"no_speech_prob\": 0.07158257812261581}, {\"id\": 33, \"seek\": 2604, \"start\": 38.959999084472656, \"end\": 39.779998779296875, \"text\": \" and I understand why,\", \"tokens\": [51010, 293, 286, 1223, 983, 11, 51051], \"temperature\": 0.0, \"avg_logprob\": -0.22044767439365387, \"compression_ratio\": 1.8414634466171265, \"no_speech_prob\": 0.07158257812261581}, {\"id\": 34, \"seek\": 2604, \"start\": 39.779998779296875, \"end\": 40.619998931884766, \"text\": \" because it's an evolutionary adaptation.\", \"tokens\": [51051, 570, 309, 311, 364, 27567, 21549, 13, 51093], \"temperature\": 0.0, \"avg_logprob\": -0.22044767439365387, \"compression_ratio\": 1.8414634466171265, \"no_speech_prob\": 0.07158257812261581}, {\"id\": 35, \"seek\": 2604, \"start\": 40.619998931884766, \"end\": 42.34000015258789, \"text\": \" You want to protect the provider that you have,\", \"tokens\": [51093, 509, 528, 281, 2371, 264, 12398, 300, 291, 362, 11, 51179], \"temperature\": 0.0, \"avg_logprob\": -0.22044767439365387, \"compression_ratio\": 1.8414634466171265, \"no_speech_prob\": 0.07158257812261581}, {\"id\": 36, \"seek\": 2604, \"start\": 42.34000015258789, \"end\": 43.720001220703125, \"text\": \" this man that you've put all this resources in,\", \"tokens\": [51179, 341, 587, 300, 291, 600, 829, 439, 341, 3593, 294, 11, 51248], \"temperature\": 0.0, \"avg_logprob\": -0.22044767439365387, \"compression_ratio\": 1.8414634466171265, \"no_speech_prob\": 0.07158257812261581}, {\"id\": 37, \"seek\": 2604, \"start\": 43.720001220703125, \"end\": 44.959999084472656, \"text\": \" or put all this effort in,\", \"tokens\": [51248, 420, 829, 439, 341, 4630, 294, 11, 51310], \"temperature\": 0.0, \"avg_logprob\": -0.22044767439365387, \"compression_ratio\": 1.8414634466171265, \"no_speech_prob\": 0.07158257812261581}, {\"id\": 38, \"seek\": 2604, \"start\": 44.959999084472656, \"end\": 45.779998779296875, \"text\": \" being with another woman.\", \"tokens\": [51310, 885, 365, 1071, 3059, 13, 51351], \"temperature\": 0.0, \"avg_logprob\": -0.22044767439365387, \"compression_ratio\": 1.8414634466171265, \"no_speech_prob\": 0.07158257812261581}, {\"id\": 39, \"seek\": 2604, \"start\": 45.779998779296875, \"end\": 46.619998931884766, \"text\": \" I get that.\", \"tokens\": [51351, 286, 483, 300, 13, 51393], \"temperature\": 0.0, \"avg_logprob\": -0.22044767439365387, \"compression_ratio\": 1.8414634466171265, \"no_speech_prob\": 0.07158257812261581}, {\"id\": 40, \"seek\": 2604, \"start\": 46.619998931884766, \"end\": 47.439998626708984, \"text\": \" I totally understand that,\", \"tokens\": [51393, 286, 3879, 1223, 300, 11, 51434], \"temperature\": 0.0, \"avg_logprob\": -0.22044767439365387, \"compression_ratio\": 1.8414634466171265, \"no_speech_prob\": 0.07158257812261581}, {\"id\": 41, \"seek\": 2604, \"start\": 47.439998626708984, \"end\": 48.52000045776367, \"text\": \" but the situation is what I also find\", \"tokens\": [51434, 457, 264, 2590, 307, 437, 286, 611, 915, 51488], \"temperature\": 0.0, \"avg_logprob\": -0.22044767439365387, \"compression_ratio\": 1.8414634466171265, \"no_speech_prob\": 0.07158257812261581}, {\"id\": 42, \"seek\": 2604, \"start\": 48.52000045776367, \"end\": 49.880001068115234, \"text\": \" is that when a woman's been divorced,\", \"tokens\": [51488, 307, 300, 562, 257, 3059, 311, 668, 27670, 11, 51556], \"temperature\": 0.0, \"avg_logprob\": -0.22044767439365387, \"compression_ratio\": 1.8414634466171265, \"no_speech_prob\": 0.07158257812261581}, {\"id\": 43, \"seek\": 2604, \"start\": 49.880001068115234, \"end\": 50.720001220703125, \"text\": \" she gets out of a relationship,\", \"tokens\": [51556, 750, 2170, 484, 295, 257, 2480, 11, 51598], \"temperature\": 0.0, \"avg_logprob\": -0.22044767439365387, \"compression_ratio\": 1.8414634466171265, \"no_speech_prob\": 0.07158257812261581}, {\"id\": 44, \"seek\": 2604, \"start\": 50.720001220703125, \"end\": 52.20000076293945, \"text\": \" she's in her early 30s, late 30s,\", \"tokens\": [51598, 750, 311, 294, 720, 2440, 2217, 82, 11, 3469, 2217, 82, 11, 51672], \"temperature\": 0.0, \"avg_logprob\": -0.22044767439365387, \"compression_ratio\": 1.8414634466171265, \"no_speech_prob\": 0.07158257812261581}, {\"id\": 45, \"seek\": 5220, \"start\": 52.20000076293945, \"end\": 53.720001220703125, \"text\": \" they seem to all be fine with this concept,\", \"tokens\": [50364, 436, 1643, 281, 439, 312, 2489, 365, 341, 3410, 11, 50440], \"temperature\": 0.0, \"avg_logprob\": -0.31560057401657104, \"compression_ratio\": 1.4047619104385376, \"no_speech_prob\": 0.7714933753013611}, {\"id\": 46, \"seek\": 5220, \"start\": 53.720001220703125, \"end\": 55.7599983215332, \"text\": \" because it's like reality hit them so hard,\", \"tokens\": [50440, 570, 309, 311, 411, 4103, 2045, 552, 370, 1152, 11, 50542], \"temperature\": 0.0, \"avg_logprob\": -0.31560057401657104, \"compression_ratio\": 1.4047619104385376, \"no_speech_prob\": 0.7714933753013611}, {\"id\": 47, \"seek\": 5220, \"start\": 55.7599983215332, \"end\": 56.7599983215332, \"text\": \" and they started to come to this realization,\", \"tokens\": [50542, 293, 436, 1409, 281, 808, 281, 341, 25138, 11, 50592], \"temperature\": 0.0, \"avg_logprob\": -0.31560057401657104, \"compression_ratio\": 1.4047619104385376, \"no_speech_prob\": 0.7714933753013611}, {\"id\": 48, \"seek\": 5220, \"start\": 56.7599983215332, \"end\": 59.08000183105469, \"text\": \" like, oh, for men, sex really doesn't mean.\", \"tokens\": [50592, 411, 11, 1954, 11, 337, 1706, 11, 3260, 534, 1177, 380, 914, 13, 50708], \"temperature\": 0.0, \"avg_logprob\": -0.31560057401657104, \"compression_ratio\": 1.4047619104385376, \"no_speech_prob\": 0.7714933753013611}]}"}