{"title": "If You Want To Attract Women, Your Body Language MATTERS", "video_id": "7Aq2b6PFeMw", "video_url": "https://www.youtube.com/watch?v=7Aq2b6PFeMw", "description": "Watch The Full Thing Here : \n\u2014\u2014\u2014\u2014\u2014\u2014\u2014\u2014\u2014\u2014\u2014\u2014\u2014\u2014\u2014\u2014\u2014\u2014\u2014\u2014\nReady to build a network of amazing women and high-status men?\n\nMichael\u2019s Men of Action is a one-on-one Master\u2019s program that teaches men how to create elite \nsocial lives by becoming higher status.\n\nClick this link to learn how you can have a High-Status lifestyle now:\nhttps://m.moamentoring.com/podcast\n\nClick here to join the Men of Action community and watch the High-Status Networking 101 course:\nhttps://m.moamentoring.com/moa-community\n\nInterested in joining the Men of Action sales team? Apply here:\nhttps://www.moamentoring.com/jobs/sales\n\nMen of Action has an affiliate program! Post pre-made content and get paid passively:\nhttps://www.moamentoring.com/affiliate\n\u2014\u2014\u2014\u2014\u2014\u2014\u2014\u2014\u2014\u2014\u2014\u2014\u2014\u2014\u2014\u2014\u2014\u2014\u2014\u2014\n\nSubscribe on Youtube: \nhttps://www.youtube.com/user/MichaelSartain\n\nListen on Apple Podcast: \nhttps://podcasts.apple.com/us/podcast/the-michael-sartain-podcast/id1579791157\n\nListen on Spotify: \nhttps://open.spotify.com/show/2faAYwvDD9Bvkpwv6umlPO?si=8Q3ak9HnSlKjuChsTXr6YQ&dl_branch=1\n\n#michael #michaelsartain #michael_sartain #michael_sartain_podcast", "published_at": "2024-01-08T14:45:00Z", "channel_id": "UC0T1bDzajVefRWx4uKdGyuw", "channel_title": "Michael Sartain", "tags": ["Michael", "Michael Sartain", "Michael Sartain Podcast", "Michael Podcast", "MOA", "Men Of Action", "Michael Sartain Course", "Michael Sartain With Hot Women", "Playboy", "Swimsuit", "Swimsuit Competition", "ichael sartain social circle", "social circle", "how to netowrk", "moa", "moa podcast", "gender wage gap", "gender wage gap myth", "wage gap", "social value", "michael sartain course", "looks money status", "social circle mentorship", "michael sartain social circle game", "men of action podcast", "men of action course"], "category_id": "24", "live_broadcast_content": "none", "duration": 348.0, "dimension": "2d", "definition": "hd", "caption": "false", "view_count": 5632, "like_count": 227, "comment_count": 29, "channel_info": {"title": "Michael Sartain", "description": "\ud83c\udf99Host of The\u00a0Michael Sartain Podcast \n\n\ud83d\udd25Teaching you how to build a network of desirable women and high-status men\n\n\ud83d\udc47 Click the \"Men of Action\" link below now to forge a high-status lifestyle and join the elites \n", "subscriber_count": "80500", "total_views": "29545897", "total_videos": "1481"}, "comments": [], "file_path": "/Users/aelaguiz/workspace/fc_book/audio/raws/7Aq2b6PFeMw.mp3", "transcription": "{\"text\": \"Most girls, if you say it in a convincing manner, they're gonna follow along, even if they might not necessarily agree with it all the way. It's amazing when you just sound like you know what you're doing, how they just follow along. Berserk goes, there are several books written by former CIA and FBI agents purporting that their book teaches some of the same skills as they would as active operatives to read people's body language to quickly build rapport and get people to like them. Would these be good books to build a foundation of social skills upon plus experience? Specifically speaking, social skills, not game. Yes, it would, because a lot of, here's the thing, and I didn't realize this until I started like meeting some of you guys in person that come up to me and say what's up or whatever. A lot of guys have strange body language and mannerisms. I mean, you could speak about that as well, Mike, and I'll turn it to you here in a second to talk about that. A lot of guys lack social calibration through their body language, and they come off as extremely weird, shy, timid, awkward. And the problem is this, me meeting you as a guy, I understand it, I've been there. I'm not gonna fucking look at you differently for it and be like, oh, this guy's a fucking weirdo, blah, blah. I understand that certain guys, especially guys that are brilliant, tend to have these weird tics, I get it, right? But women are not gonna give you the same benefit that Byron Gaines is, okay? They're gonna look at that and be like, oh, what the fuck, this nigga's a serial killer. Yeah, I'll turn it to you guys. And their sensitivity to it is way higher than yours, too. Yes, I might catch it in three, four seconds talking to you, they'll catch it within one second. It's the ick, right? So for us, one of the things we do that's a little different, we do a Monday show, that Rolo comes on sometimes, and we have the guys, instead of doing Super Chats, they have to come on camera. And we'll stop the whole show and be like, bro, because they're shaking the camera. And when we talk about interviews, I teach guys how to do interviews as well. A lot of these interviews are done over Zoom. And I'm like, you're gonna face the light, okay? This camera's gonna be still. I want you to maintain eye contact with the camera. I wanna be able to hear spaces in between the words that you say. Watching yourself on camera, I know it comes off as a little vain, but you'd be shocked how many times there's these weird tics that you have that you don't notice. You're thinking about something, and you squint your eyes like this, and it's just these things that really don't make it seem like you're in control. Now, like what he said, I have so many clients that I'm used to seeing men like this, and so I'm gonna give you a break. But in this instance, this is such a great, being able to watch yourself on camera and critique yourself and then consistently get better, you two do it, whether or not you know you do it, you watch yourself on stream all the time. Especially in the beginning I did it. I did it to, in the beginning, a lot, to make sure, oh, okay, this is weird, I should stop doing that, blah, blah, blah. I caught bad habits very quickly. Some of you guys might not have that benefit to watch yourself back, so it's definitely, that's a fantastic way to do it. So we'll do streams, or some of my clients will actually start, do stream with each other. They'll just have in groups, and they'll almost like Toastmasters. It's one of these things where actually being able to talk well on camera is a great way, a cheat code to be. It's almost like the current Toastmasters to be able to do it now, and it's just so incredibly important to do that. A lot of the head moving and the voice breaks upward, so the tonality breaks upward where you sound like you're seeking rapport instead of breaking rapport. Those kind of things you can learn over time. The verbal pauses, the um, the ah, the you know what I mean, you know what I'm saying, like that kind of stuff. If you can get away from that and then speak and then have the direct pauses in between your words, you'll notice that people are more likely to listen to you. It's true. Yeah, I had a bad habit of saying you know what I'm saying a lot. That was one of the first things. If you guys watch the old videos, that was one thing that I got rid of immediately. I was like, whoa, this is fucking stupid. Mine was a for example. It said a lot. That being said, for example, what else? One other thing that's really big. Do you remember the Joe Rogan thing where he actually, they were talking to a mugger, a guy who'd been convicted of mugging. And they showed him photographs of individuals and like which one would you mug and which one would you not mug. And it was one of these things where like the knees were locked out, the feet were pointed like this and sort of like the wobbly duck walk that you find with a lot of people. When guys see that, they realize this person can't chase me if I steal something from them. And it's really interesting as men, you're constantly being judged on like your upper and lower body athleticism. And this is something that like women don't necessarily, if women are clumsy and they're hot, we don't really care. But when men are like that, you're always being judged on the way you walk. Does it look athletic when you talk? Does your voice break when you're around someone you think is higher status? Does it go up like this when you talk to women? Does it go up like this when you're trying to seek rapport from them? Or when you talk to the most beautiful woman you've ever seen or your brother, does your voice sound exactly the same? If it does, that means you're not affected by it, which is something, which is an attribute of a high status person. I mean, even in the bedroom, you need that dominant like talk as well, right, Sterling? What are you talking about? I don't know what you mean, the radio voice? Is that what you're talking about? Yeah, you need that smooth voice, man. I need your porn star like music to go behind all this. What? How do you tap? Do you ever give a porn a butt on that? No, he doesn't. I do actually. I do actually. I gotta send it to him. I gotta send it to him. Oh yeah, okay. ASMR time. I have a bunch of random sound effects. But I will say this, I think one of the most underrated things that guys should master is tonality. Yes. One of the biggest things I tell guys all the time, especially on consults, and I'm able to detect it immediately from the way that they speak to me. I'm like, you speak in the passive voice, you need to stop doing that. You need to start speaking more in the active voice. You need to start almost, especially when you talk to women. Women respond very favorably to this. You need to tell them versus asking them. You need to speak from a more authority standpoint where it's like, all right, we're gonna do this. Yeah, hey, let's do this, blah, blah, blah. Versus like trying to get her permission or what she thinks or whatever. And the reality is most girls, if you say it in a convincing manner, they're gonna follow along even if they might not necessarily agree with it all the way. It's amazing when you just sound like you know what you're doing, how they just follow along. Questions put it in her frame, that's why. I recommend Way of the Wolf by Jordan Belfort. Chapter seven goes over these 10 tonalities that he uses. One of them is called absolute certainty. That is the one salespeople use and the one often you can use with women. I mean, if you ask girls what they're doing right now, they say, oh, I'm just going with the flow. So if you can lead the flow, you win. Yeah, that's very true. They prefer to go with the flow. \", \"segments\": [{\"id\": 0, \"seek\": 0, \"start\": 0.0, \"end\": 2.9600000381469727, \"text\": \" Most girls, if you say it in a convincing manner,\", \"tokens\": [50364, 4534, 4519, 11, 498, 291, 584, 309, 294, 257, 24823, 9060, 11, 50512], \"temperature\": 0.0, \"avg_logprob\": -0.26111170649528503, \"compression_ratio\": 1.667560338973999, \"no_speech_prob\": 0.2506292760372162}, {\"id\": 1, \"seek\": 0, \"start\": 2.9600000381469727, \"end\": 4.159999847412109, \"text\": \" they're gonna follow along,\", \"tokens\": [50512, 436, 434, 799, 1524, 2051, 11, 50572], \"temperature\": 0.0, \"avg_logprob\": -0.26111170649528503, \"compression_ratio\": 1.667560338973999, \"no_speech_prob\": 0.2506292760372162}, {\"id\": 2, \"seek\": 0, \"start\": 4.159999847412109, \"end\": 5.599999904632568, \"text\": \" even if they might not necessarily agree\", \"tokens\": [50572, 754, 498, 436, 1062, 406, 4725, 3986, 50644], \"temperature\": 0.0, \"avg_logprob\": -0.26111170649528503, \"compression_ratio\": 1.667560338973999, \"no_speech_prob\": 0.2506292760372162}, {\"id\": 3, \"seek\": 0, \"start\": 5.599999904632568, \"end\": 6.440000057220459, \"text\": \" with it all the way.\", \"tokens\": [50644, 365, 309, 439, 264, 636, 13, 50686], \"temperature\": 0.0, \"avg_logprob\": -0.26111170649528503, \"compression_ratio\": 1.667560338973999, \"no_speech_prob\": 0.2506292760372162}, {\"id\": 4, \"seek\": 0, \"start\": 6.440000057220459, \"end\": 7.920000076293945, \"text\": \" It's amazing when you just sound like you know\", \"tokens\": [50686, 467, 311, 2243, 562, 291, 445, 1626, 411, 291, 458, 50760], \"temperature\": 0.0, \"avg_logprob\": -0.26111170649528503, \"compression_ratio\": 1.667560338973999, \"no_speech_prob\": 0.2506292760372162}, {\"id\": 5, \"seek\": 0, \"start\": 7.920000076293945, \"end\": 9.600000381469727, \"text\": \" what you're doing, how they just follow along.\", \"tokens\": [50760, 437, 291, 434, 884, 11, 577, 436, 445, 1524, 2051, 13, 50844], \"temperature\": 0.0, \"avg_logprob\": -0.26111170649528503, \"compression_ratio\": 1.667560338973999, \"no_speech_prob\": 0.2506292760372162}, {\"id\": 6, \"seek\": 0, \"start\": 9.600000381469727, \"end\": 11.119999885559082, \"text\": \" Berserk goes, there are several books written\", \"tokens\": [50844, 363, 433, 10608, 1709, 11, 456, 366, 2940, 3642, 3720, 50920], \"temperature\": 0.0, \"avg_logprob\": -0.26111170649528503, \"compression_ratio\": 1.667560338973999, \"no_speech_prob\": 0.2506292760372162}, {\"id\": 7, \"seek\": 0, \"start\": 11.119999885559082, \"end\": 13.600000381469727, \"text\": \" by former CIA and FBI agents purporting\", \"tokens\": [50920, 538, 5819, 25143, 293, 17441, 12554, 1864, 2707, 278, 51044], \"temperature\": 0.0, \"avg_logprob\": -0.26111170649528503, \"compression_ratio\": 1.667560338973999, \"no_speech_prob\": 0.2506292760372162}, {\"id\": 8, \"seek\": 0, \"start\": 13.600000381469727, \"end\": 15.800000190734863, \"text\": \" that their book teaches some of the same skills\", \"tokens\": [51044, 300, 641, 1446, 16876, 512, 295, 264, 912, 3942, 51154], \"temperature\": 0.0, \"avg_logprob\": -0.26111170649528503, \"compression_ratio\": 1.667560338973999, \"no_speech_prob\": 0.2506292760372162}, {\"id\": 9, \"seek\": 0, \"start\": 15.800000190734863, \"end\": 17.559999465942383, \"text\": \" as they would as active operatives\", \"tokens\": [51154, 382, 436, 576, 382, 4967, 2208, 4884, 51242], \"temperature\": 0.0, \"avg_logprob\": -0.26111170649528503, \"compression_ratio\": 1.667560338973999, \"no_speech_prob\": 0.2506292760372162}, {\"id\": 10, \"seek\": 0, \"start\": 17.559999465942383, \"end\": 18.600000381469727, \"text\": \" to read people's body language\", \"tokens\": [51242, 281, 1401, 561, 311, 1772, 2856, 51294], \"temperature\": 0.0, \"avg_logprob\": -0.26111170649528503, \"compression_ratio\": 1.667560338973999, \"no_speech_prob\": 0.2506292760372162}, {\"id\": 11, \"seek\": 0, \"start\": 18.600000381469727, \"end\": 21.020000457763672, \"text\": \" to quickly build rapport and get people to like them.\", \"tokens\": [51294, 281, 2661, 1322, 18018, 293, 483, 561, 281, 411, 552, 13, 51415], \"temperature\": 0.0, \"avg_logprob\": -0.26111170649528503, \"compression_ratio\": 1.667560338973999, \"no_speech_prob\": 0.2506292760372162}, {\"id\": 12, \"seek\": 0, \"start\": 21.020000457763672, \"end\": 23.360000610351562, \"text\": \" Would these be good books to build a foundation\", \"tokens\": [51415, 6068, 613, 312, 665, 3642, 281, 1322, 257, 7030, 51532], \"temperature\": 0.0, \"avg_logprob\": -0.26111170649528503, \"compression_ratio\": 1.667560338973999, \"no_speech_prob\": 0.2506292760372162}, {\"id\": 13, \"seek\": 0, \"start\": 23.360000610351562, \"end\": 25.600000381469727, \"text\": \" of social skills upon plus experience?\", \"tokens\": [51532, 295, 2093, 3942, 3564, 1804, 1752, 30, 51644], \"temperature\": 0.0, \"avg_logprob\": -0.26111170649528503, \"compression_ratio\": 1.667560338973999, \"no_speech_prob\": 0.2506292760372162}, {\"id\": 14, \"seek\": 0, \"start\": 25.600000381469727, \"end\": 28.559999465942383, \"text\": \" Specifically speaking, social skills, not game.\", \"tokens\": [51644, 26058, 4124, 11, 2093, 3942, 11, 406, 1216, 13, 51792], \"temperature\": 0.0, \"avg_logprob\": -0.26111170649528503, \"compression_ratio\": 1.667560338973999, \"no_speech_prob\": 0.2506292760372162}, {\"id\": 15, \"seek\": 2856, \"start\": 28.559999465942383, \"end\": 31.15999984741211, \"text\": \" Yes, it would, because a lot of, here's the thing,\", \"tokens\": [50364, 1079, 11, 309, 576, 11, 570, 257, 688, 295, 11, 510, 311, 264, 551, 11, 50494], \"temperature\": 0.0, \"avg_logprob\": -0.25005123019218445, \"compression_ratio\": 1.7391303777694702, \"no_speech_prob\": 0.012239850126206875}, {\"id\": 16, \"seek\": 2856, \"start\": 31.15999984741211, \"end\": 34.439998626708984, \"text\": \" and I didn't realize this until I started like meeting\", \"tokens\": [50494, 293, 286, 994, 380, 4325, 341, 1826, 286, 1409, 411, 3440, 50658], \"temperature\": 0.0, \"avg_logprob\": -0.25005123019218445, \"compression_ratio\": 1.7391303777694702, \"no_speech_prob\": 0.012239850126206875}, {\"id\": 17, \"seek\": 2856, \"start\": 34.439998626708984, \"end\": 35.959999084472656, \"text\": \" some of you guys in person that come up to me\", \"tokens\": [50658, 512, 295, 291, 1074, 294, 954, 300, 808, 493, 281, 385, 50734], \"temperature\": 0.0, \"avg_logprob\": -0.25005123019218445, \"compression_ratio\": 1.7391303777694702, \"no_speech_prob\": 0.012239850126206875}, {\"id\": 18, \"seek\": 2856, \"start\": 35.959999084472656, \"end\": 37.63999938964844, \"text\": \" and say what's up or whatever.\", \"tokens\": [50734, 293, 584, 437, 311, 493, 420, 2035, 13, 50818], \"temperature\": 0.0, \"avg_logprob\": -0.25005123019218445, \"compression_ratio\": 1.7391303777694702, \"no_speech_prob\": 0.012239850126206875}, {\"id\": 19, \"seek\": 2856, \"start\": 37.63999938964844, \"end\": 40.2400016784668, \"text\": \" A lot of guys have strange body language and mannerisms.\", \"tokens\": [50818, 316, 688, 295, 1074, 362, 5861, 1772, 2856, 293, 9060, 13539, 13, 50948], \"temperature\": 0.0, \"avg_logprob\": -0.25005123019218445, \"compression_ratio\": 1.7391303777694702, \"no_speech_prob\": 0.012239850126206875}, {\"id\": 20, \"seek\": 2856, \"start\": 40.2400016784668, \"end\": 42.15999984741211, \"text\": \" I mean, you could speak about that as well, Mike,\", \"tokens\": [50948, 286, 914, 11, 291, 727, 1710, 466, 300, 382, 731, 11, 6602, 11, 51044], \"temperature\": 0.0, \"avg_logprob\": -0.25005123019218445, \"compression_ratio\": 1.7391303777694702, \"no_speech_prob\": 0.012239850126206875}, {\"id\": 21, \"seek\": 2856, \"start\": 42.15999984741211, \"end\": 44.720001220703125, \"text\": \" and I'll turn it to you here in a second to talk about that.\", \"tokens\": [51044, 293, 286, 603, 1261, 309, 281, 291, 510, 294, 257, 1150, 281, 751, 466, 300, 13, 51172], \"temperature\": 0.0, \"avg_logprob\": -0.25005123019218445, \"compression_ratio\": 1.7391303777694702, \"no_speech_prob\": 0.012239850126206875}, {\"id\": 22, \"seek\": 2856, \"start\": 44.720001220703125, \"end\": 47.20000076293945, \"text\": \" A lot of guys lack social calibration\", \"tokens\": [51172, 316, 688, 295, 1074, 5011, 2093, 38732, 51296], \"temperature\": 0.0, \"avg_logprob\": -0.25005123019218445, \"compression_ratio\": 1.7391303777694702, \"no_speech_prob\": 0.012239850126206875}, {\"id\": 23, \"seek\": 2856, \"start\": 47.20000076293945, \"end\": 48.439998626708984, \"text\": \" through their body language,\", \"tokens\": [51296, 807, 641, 1772, 2856, 11, 51358], \"temperature\": 0.0, \"avg_logprob\": -0.25005123019218445, \"compression_ratio\": 1.7391303777694702, \"no_speech_prob\": 0.012239850126206875}, {\"id\": 24, \"seek\": 2856, \"start\": 48.439998626708984, \"end\": 52.2400016784668, \"text\": \" and they come off as extremely weird, shy, timid, awkward.\", \"tokens\": [51358, 293, 436, 808, 766, 382, 4664, 3657, 11, 12685, 11, 524, 327, 11, 11411, 13, 51548], \"temperature\": 0.0, \"avg_logprob\": -0.25005123019218445, \"compression_ratio\": 1.7391303777694702, \"no_speech_prob\": 0.012239850126206875}, {\"id\": 25, \"seek\": 2856, \"start\": 52.2400016784668, \"end\": 56.040000915527344, \"text\": \" And the problem is this, me meeting you as a guy,\", \"tokens\": [51548, 400, 264, 1154, 307, 341, 11, 385, 3440, 291, 382, 257, 2146, 11, 51738], \"temperature\": 0.0, \"avg_logprob\": -0.25005123019218445, \"compression_ratio\": 1.7391303777694702, \"no_speech_prob\": 0.012239850126206875}, {\"id\": 26, \"seek\": 2856, \"start\": 56.040000915527344, \"end\": 57.47999954223633, \"text\": \" I understand it, I've been there.\", \"tokens\": [51738, 286, 1223, 309, 11, 286, 600, 668, 456, 13, 51810], \"temperature\": 0.0, \"avg_logprob\": -0.25005123019218445, \"compression_ratio\": 1.7391303777694702, \"no_speech_prob\": 0.012239850126206875}, {\"id\": 27, \"seek\": 5748, \"start\": 57.47999954223633, \"end\": 59.400001525878906, \"text\": \" I'm not gonna fucking look at you differently for it\", \"tokens\": [50364, 286, 478, 406, 799, 5546, 574, 412, 291, 7614, 337, 309, 50460], \"temperature\": 0.0, \"avg_logprob\": -0.29047417640686035, \"compression_ratio\": 1.7979003190994263, \"no_speech_prob\": 0.024052288383245468}, {\"id\": 28, \"seek\": 5748, \"start\": 59.400001525878906, \"end\": 61.68000030517578, \"text\": \" and be like, oh, this guy's a fucking weirdo, blah, blah.\", \"tokens\": [50460, 293, 312, 411, 11, 1954, 11, 341, 2146, 311, 257, 5546, 3657, 78, 11, 12288, 11, 12288, 13, 50574], \"temperature\": 0.0, \"avg_logprob\": -0.29047417640686035, \"compression_ratio\": 1.7979003190994263, \"no_speech_prob\": 0.024052288383245468}, {\"id\": 29, \"seek\": 5748, \"start\": 61.68000030517578, \"end\": 62.68000030517578, \"text\": \" I understand that certain guys,\", \"tokens\": [50574, 286, 1223, 300, 1629, 1074, 11, 50624], \"temperature\": 0.0, \"avg_logprob\": -0.29047417640686035, \"compression_ratio\": 1.7979003190994263, \"no_speech_prob\": 0.024052288383245468}, {\"id\": 30, \"seek\": 5748, \"start\": 62.68000030517578, \"end\": 63.68000030517578, \"text\": \" especially guys that are brilliant,\", \"tokens\": [50624, 2318, 1074, 300, 366, 10248, 11, 50674], \"temperature\": 0.0, \"avg_logprob\": -0.29047417640686035, \"compression_ratio\": 1.7979003190994263, \"no_speech_prob\": 0.024052288383245468}, {\"id\": 31, \"seek\": 5748, \"start\": 63.68000030517578, \"end\": 66.4000015258789, \"text\": \" tend to have these weird tics, I get it, right?\", \"tokens\": [50674, 3928, 281, 362, 613, 3657, 256, 1167, 11, 286, 483, 309, 11, 558, 30, 50810], \"temperature\": 0.0, \"avg_logprob\": -0.29047417640686035, \"compression_ratio\": 1.7979003190994263, \"no_speech_prob\": 0.024052288383245468}, {\"id\": 32, \"seek\": 5748, \"start\": 66.4000015258789, \"end\": 69.16000366210938, \"text\": \" But women are not gonna give you the same benefit\", \"tokens\": [50810, 583, 2266, 366, 406, 799, 976, 291, 264, 912, 5121, 50948], \"temperature\": 0.0, \"avg_logprob\": -0.29047417640686035, \"compression_ratio\": 1.7979003190994263, \"no_speech_prob\": 0.024052288383245468}, {\"id\": 33, \"seek\": 5748, \"start\": 69.16000366210938, \"end\": 70.83999633789062, \"text\": \" that Byron Gaines is, okay?\", \"tokens\": [50948, 300, 3146, 2044, 460, 19295, 307, 11, 1392, 30, 51032], \"temperature\": 0.0, \"avg_logprob\": -0.29047417640686035, \"compression_ratio\": 1.7979003190994263, \"no_speech_prob\": 0.024052288383245468}, {\"id\": 34, \"seek\": 5748, \"start\": 70.83999633789062, \"end\": 72.0, \"text\": \" They're gonna look at that and be like,\", \"tokens\": [51032, 814, 434, 799, 574, 412, 300, 293, 312, 411, 11, 51090], \"temperature\": 0.0, \"avg_logprob\": -0.29047417640686035, \"compression_ratio\": 1.7979003190994263, \"no_speech_prob\": 0.024052288383245468}, {\"id\": 35, \"seek\": 5748, \"start\": 72.0, \"end\": 73.76000213623047, \"text\": \" oh, what the fuck, this nigga's a serial killer.\", \"tokens\": [51090, 1954, 11, 437, 264, 3275, 11, 341, 41626, 311, 257, 17436, 13364, 13, 51178], \"temperature\": 0.0, \"avg_logprob\": -0.29047417640686035, \"compression_ratio\": 1.7979003190994263, \"no_speech_prob\": 0.024052288383245468}, {\"id\": 36, \"seek\": 5748, \"start\": 73.76000213623047, \"end\": 75.23999786376953, \"text\": \" Yeah, I'll turn it to you guys.\", \"tokens\": [51178, 865, 11, 286, 603, 1261, 309, 281, 291, 1074, 13, 51252], \"temperature\": 0.0, \"avg_logprob\": -0.29047417640686035, \"compression_ratio\": 1.7979003190994263, \"no_speech_prob\": 0.024052288383245468}, {\"id\": 37, \"seek\": 5748, \"start\": 75.23999786376953, \"end\": 78.16000366210938, \"text\": \" And their sensitivity to it is way higher than yours, too.\", \"tokens\": [51252, 400, 641, 19392, 281, 309, 307, 636, 2946, 813, 6342, 11, 886, 13, 51398], \"temperature\": 0.0, \"avg_logprob\": -0.29047417640686035, \"compression_ratio\": 1.7979003190994263, \"no_speech_prob\": 0.024052288383245468}, {\"id\": 38, \"seek\": 5748, \"start\": 78.16000366210938, \"end\": 81.26000213623047, \"text\": \" Yes, I might catch it in three, four seconds talking to you,\", \"tokens\": [51398, 1079, 11, 286, 1062, 3745, 309, 294, 1045, 11, 1451, 3949, 1417, 281, 291, 11, 51553], \"temperature\": 0.0, \"avg_logprob\": -0.29047417640686035, \"compression_ratio\": 1.7979003190994263, \"no_speech_prob\": 0.024052288383245468}, {\"id\": 39, \"seek\": 5748, \"start\": 81.26000213623047, \"end\": 82.4000015258789, \"text\": \" they'll catch it within one second.\", \"tokens\": [51553, 436, 603, 3745, 309, 1951, 472, 1150, 13, 51610], \"temperature\": 0.0, \"avg_logprob\": -0.29047417640686035, \"compression_ratio\": 1.7979003190994263, \"no_speech_prob\": 0.024052288383245468}, {\"id\": 40, \"seek\": 5748, \"start\": 82.4000015258789, \"end\": 83.87999725341797, \"text\": \" It's the ick, right?\", \"tokens\": [51610, 467, 311, 264, 220, 618, 11, 558, 30, 51684], \"temperature\": 0.0, \"avg_logprob\": -0.29047417640686035, \"compression_ratio\": 1.7979003190994263, \"no_speech_prob\": 0.024052288383245468}, {\"id\": 41, \"seek\": 5748, \"start\": 83.87999725341797, \"end\": 85.83999633789062, \"text\": \" So for us, one of the things we do\", \"tokens\": [51684, 407, 337, 505, 11, 472, 295, 264, 721, 321, 360, 51782], \"temperature\": 0.0, \"avg_logprob\": -0.29047417640686035, \"compression_ratio\": 1.7979003190994263, \"no_speech_prob\": 0.024052288383245468}, {\"id\": 42, \"seek\": 5748, \"start\": 85.83999633789062, \"end\": 87.30000305175781, \"text\": \" that's a little different, we do a Monday show,\", \"tokens\": [51782, 300, 311, 257, 707, 819, 11, 321, 360, 257, 8138, 855, 11, 51855], \"temperature\": 0.0, \"avg_logprob\": -0.29047417640686035, \"compression_ratio\": 1.7979003190994263, \"no_speech_prob\": 0.024052288383245468}, {\"id\": 43, \"seek\": 8730, \"start\": 88.12000274658203, \"end\": 88.95999908447266, \"text\": \" that Rolo comes on sometimes,\", \"tokens\": [50405, 300, 497, 7902, 1487, 322, 2171, 11, 50447], \"temperature\": 0.0, \"avg_logprob\": -0.22583965957164764, \"compression_ratio\": 1.8250000476837158, \"no_speech_prob\": 0.07367797195911407}, {\"id\": 44, \"seek\": 8730, \"start\": 88.95999908447266, \"end\": 90.33999633789062, \"text\": \" and we have the guys, instead of doing Super Chats,\", \"tokens\": [50447, 293, 321, 362, 264, 1074, 11, 2602, 295, 884, 4548, 761, 1720, 11, 50516], \"temperature\": 0.0, \"avg_logprob\": -0.22583965957164764, \"compression_ratio\": 1.8250000476837158, \"no_speech_prob\": 0.07367797195911407}, {\"id\": 45, \"seek\": 8730, \"start\": 90.33999633789062, \"end\": 91.62000274658203, \"text\": \" they have to come on camera.\", \"tokens\": [50516, 436, 362, 281, 808, 322, 2799, 13, 50580], \"temperature\": 0.0, \"avg_logprob\": -0.22583965957164764, \"compression_ratio\": 1.8250000476837158, \"no_speech_prob\": 0.07367797195911407}, {\"id\": 46, \"seek\": 8730, \"start\": 91.62000274658203, \"end\": 93.30000305175781, \"text\": \" And we'll stop the whole show and be like,\", \"tokens\": [50580, 400, 321, 603, 1590, 264, 1379, 855, 293, 312, 411, 11, 50664], \"temperature\": 0.0, \"avg_logprob\": -0.22583965957164764, \"compression_ratio\": 1.8250000476837158, \"no_speech_prob\": 0.07367797195911407}, {\"id\": 47, \"seek\": 8730, \"start\": 93.30000305175781, \"end\": 95.54000091552734, \"text\": \" bro, because they're shaking the camera.\", \"tokens\": [50664, 2006, 11, 570, 436, 434, 15415, 264, 2799, 13, 50776], \"temperature\": 0.0, \"avg_logprob\": -0.22583965957164764, \"compression_ratio\": 1.8250000476837158, \"no_speech_prob\": 0.07367797195911407}, {\"id\": 48, \"seek\": 8730, \"start\": 95.54000091552734, \"end\": 96.69999694824219, \"text\": \" And when we talk about interviews,\", \"tokens\": [50776, 400, 562, 321, 751, 466, 12318, 11, 50834], \"temperature\": 0.0, \"avg_logprob\": -0.22583965957164764, \"compression_ratio\": 1.8250000476837158, \"no_speech_prob\": 0.07367797195911407}, {\"id\": 49, \"seek\": 8730, \"start\": 96.69999694824219, \"end\": 98.4800033569336, \"text\": \" I teach guys how to do interviews as well.\", \"tokens\": [50834, 286, 2924, 1074, 577, 281, 360, 12318, 382, 731, 13, 50923], \"temperature\": 0.0, \"avg_logprob\": -0.22583965957164764, \"compression_ratio\": 1.8250000476837158, \"no_speech_prob\": 0.07367797195911407}, {\"id\": 50, \"seek\": 8730, \"start\": 98.4800033569336, \"end\": 100.13999938964844, \"text\": \" A lot of these interviews are done over Zoom.\", \"tokens\": [50923, 316, 688, 295, 613, 12318, 366, 1096, 670, 13453, 13, 51006], \"temperature\": 0.0, \"avg_logprob\": -0.22583965957164764, \"compression_ratio\": 1.8250000476837158, \"no_speech_prob\": 0.07367797195911407}, {\"id\": 51, \"seek\": 8730, \"start\": 100.13999938964844, \"end\": 102.66000366210938, \"text\": \" And I'm like, you're gonna face the light, okay?\", \"tokens\": [51006, 400, 286, 478, 411, 11, 291, 434, 799, 1851, 264, 1442, 11, 1392, 30, 51132], \"temperature\": 0.0, \"avg_logprob\": -0.22583965957164764, \"compression_ratio\": 1.8250000476837158, \"no_speech_prob\": 0.07367797195911407}, {\"id\": 52, \"seek\": 8730, \"start\": 102.66000366210938, \"end\": 104.26000213623047, \"text\": \" This camera's gonna be still.\", \"tokens\": [51132, 639, 2799, 311, 799, 312, 920, 13, 51212], \"temperature\": 0.0, \"avg_logprob\": -0.22583965957164764, \"compression_ratio\": 1.8250000476837158, \"no_speech_prob\": 0.07367797195911407}, {\"id\": 53, \"seek\": 8730, \"start\": 104.26000213623047, \"end\": 107.0199966430664, \"text\": \" I want you to maintain eye contact with the camera.\", \"tokens\": [51212, 286, 528, 291, 281, 6909, 3313, 3385, 365, 264, 2799, 13, 51350], \"temperature\": 0.0, \"avg_logprob\": -0.22583965957164764, \"compression_ratio\": 1.8250000476837158, \"no_speech_prob\": 0.07367797195911407}, {\"id\": 54, \"seek\": 8730, \"start\": 107.0199966430664, \"end\": 108.54000091552734, \"text\": \" I wanna be able to hear spaces\", \"tokens\": [51350, 286, 1948, 312, 1075, 281, 1568, 7673, 51426], \"temperature\": 0.0, \"avg_logprob\": -0.22583965957164764, \"compression_ratio\": 1.8250000476837158, \"no_speech_prob\": 0.07367797195911407}, {\"id\": 55, \"seek\": 8730, \"start\": 108.54000091552734, \"end\": 110.23999786376953, \"text\": \" in between the words that you say.\", \"tokens\": [51426, 294, 1296, 264, 2283, 300, 291, 584, 13, 51511], \"temperature\": 0.0, \"avg_logprob\": -0.22583965957164764, \"compression_ratio\": 1.8250000476837158, \"no_speech_prob\": 0.07367797195911407}, {\"id\": 56, \"seek\": 8730, \"start\": 110.23999786376953, \"end\": 111.73999786376953, \"text\": \" Watching yourself on camera,\", \"tokens\": [51511, 28482, 1803, 322, 2799, 11, 51586], \"temperature\": 0.0, \"avg_logprob\": -0.22583965957164764, \"compression_ratio\": 1.8250000476837158, \"no_speech_prob\": 0.07367797195911407}, {\"id\": 57, \"seek\": 8730, \"start\": 111.73999786376953, \"end\": 113.0199966430664, \"text\": \" I know it comes off as a little vain,\", \"tokens\": [51586, 286, 458, 309, 1487, 766, 382, 257, 707, 22240, 11, 51650], \"temperature\": 0.0, \"avg_logprob\": -0.22583965957164764, \"compression_ratio\": 1.8250000476837158, \"no_speech_prob\": 0.07367797195911407}, {\"id\": 58, \"seek\": 8730, \"start\": 113.0199966430664, \"end\": 114.69999694824219, \"text\": \" but you'd be shocked how many times\", \"tokens\": [51650, 457, 291, 1116, 312, 12763, 577, 867, 1413, 51734], \"temperature\": 0.0, \"avg_logprob\": -0.22583965957164764, \"compression_ratio\": 1.8250000476837158, \"no_speech_prob\": 0.07367797195911407}, {\"id\": 59, \"seek\": 8730, \"start\": 114.69999694824219, \"end\": 116.37999725341797, \"text\": \" there's these weird tics that you have\", \"tokens\": [51734, 456, 311, 613, 3657, 256, 1167, 300, 291, 362, 51818], \"temperature\": 0.0, \"avg_logprob\": -0.22583965957164764, \"compression_ratio\": 1.8250000476837158, \"no_speech_prob\": 0.07367797195911407}, {\"id\": 60, \"seek\": 11638, \"start\": 116.37999725341797, \"end\": 117.30000305175781, \"text\": \" that you don't notice.\", \"tokens\": [50364, 300, 291, 500, 380, 3449, 13, 50410], \"temperature\": 0.0, \"avg_logprob\": -0.2347216010093689, \"compression_ratio\": 1.862694263458252, \"no_speech_prob\": 0.051072921603918076}, {\"id\": 61, \"seek\": 11638, \"start\": 117.30000305175781, \"end\": 118.26000213623047, \"text\": \" You're thinking about something,\", \"tokens\": [50410, 509, 434, 1953, 466, 746, 11, 50458], \"temperature\": 0.0, \"avg_logprob\": -0.2347216010093689, \"compression_ratio\": 1.862694263458252, \"no_speech_prob\": 0.051072921603918076}, {\"id\": 62, \"seek\": 11638, \"start\": 118.26000213623047, \"end\": 119.66000366210938, \"text\": \" and you squint your eyes like this,\", \"tokens\": [50458, 293, 291, 2339, 686, 428, 2575, 411, 341, 11, 50528], \"temperature\": 0.0, \"avg_logprob\": -0.2347216010093689, \"compression_ratio\": 1.862694263458252, \"no_speech_prob\": 0.051072921603918076}, {\"id\": 63, \"seek\": 11638, \"start\": 119.66000366210938, \"end\": 121.86000061035156, \"text\": \" and it's just these things that really don't\", \"tokens\": [50528, 293, 309, 311, 445, 613, 721, 300, 534, 500, 380, 50638], \"temperature\": 0.0, \"avg_logprob\": -0.2347216010093689, \"compression_ratio\": 1.862694263458252, \"no_speech_prob\": 0.051072921603918076}, {\"id\": 64, \"seek\": 11638, \"start\": 121.86000061035156, \"end\": 123.22000122070312, \"text\": \" make it seem like you're in control.\", \"tokens\": [50638, 652, 309, 1643, 411, 291, 434, 294, 1969, 13, 50706], \"temperature\": 0.0, \"avg_logprob\": -0.2347216010093689, \"compression_ratio\": 1.862694263458252, \"no_speech_prob\": 0.051072921603918076}, {\"id\": 65, \"seek\": 11638, \"start\": 123.22000122070312, \"end\": 125.33999633789062, \"text\": \" Now, like what he said, I have so many clients\", \"tokens\": [50706, 823, 11, 411, 437, 415, 848, 11, 286, 362, 370, 867, 6982, 50812], \"temperature\": 0.0, \"avg_logprob\": -0.2347216010093689, \"compression_ratio\": 1.862694263458252, \"no_speech_prob\": 0.051072921603918076}, {\"id\": 66, \"seek\": 11638, \"start\": 125.33999633789062, \"end\": 126.81999969482422, \"text\": \" that I'm used to seeing men like this,\", \"tokens\": [50812, 300, 286, 478, 1143, 281, 2577, 1706, 411, 341, 11, 50886], \"temperature\": 0.0, \"avg_logprob\": -0.2347216010093689, \"compression_ratio\": 1.862694263458252, \"no_speech_prob\": 0.051072921603918076}, {\"id\": 67, \"seek\": 11638, \"start\": 126.81999969482422, \"end\": 128.3000030517578, \"text\": \" and so I'm gonna give you a break.\", \"tokens\": [50886, 293, 370, 286, 478, 799, 976, 291, 257, 1821, 13, 50960], \"temperature\": 0.0, \"avg_logprob\": -0.2347216010093689, \"compression_ratio\": 1.862694263458252, \"no_speech_prob\": 0.051072921603918076}, {\"id\": 68, \"seek\": 11638, \"start\": 128.3000030517578, \"end\": 130.97999572753906, \"text\": \" But in this instance, this is such a great,\", \"tokens\": [50960, 583, 294, 341, 5197, 11, 341, 307, 1270, 257, 869, 11, 51094], \"temperature\": 0.0, \"avg_logprob\": -0.2347216010093689, \"compression_ratio\": 1.862694263458252, \"no_speech_prob\": 0.051072921603918076}, {\"id\": 69, \"seek\": 11638, \"start\": 130.97999572753906, \"end\": 132.33999633789062, \"text\": \" being able to watch yourself on camera\", \"tokens\": [51094, 885, 1075, 281, 1159, 1803, 322, 2799, 51162], \"temperature\": 0.0, \"avg_logprob\": -0.2347216010093689, \"compression_ratio\": 1.862694263458252, \"no_speech_prob\": 0.051072921603918076}, {\"id\": 70, \"seek\": 11638, \"start\": 132.33999633789062, \"end\": 134.3800048828125, \"text\": \" and critique yourself and then consistently get better,\", \"tokens\": [51162, 293, 25673, 1803, 293, 550, 14961, 483, 1101, 11, 51264], \"temperature\": 0.0, \"avg_logprob\": -0.2347216010093689, \"compression_ratio\": 1.862694263458252, \"no_speech_prob\": 0.051072921603918076}, {\"id\": 71, \"seek\": 11638, \"start\": 134.3800048828125, \"end\": 136.33999633789062, \"text\": \" you two do it, whether or not you know you do it,\", \"tokens\": [51264, 291, 732, 360, 309, 11, 1968, 420, 406, 291, 458, 291, 360, 309, 11, 51362], \"temperature\": 0.0, \"avg_logprob\": -0.2347216010093689, \"compression_ratio\": 1.862694263458252, \"no_speech_prob\": 0.051072921603918076}, {\"id\": 72, \"seek\": 11638, \"start\": 136.33999633789062, \"end\": 137.82000732421875, \"text\": \" you watch yourself on stream all the time.\", \"tokens\": [51362, 291, 1159, 1803, 322, 4309, 439, 264, 565, 13, 51436], \"temperature\": 0.0, \"avg_logprob\": -0.2347216010093689, \"compression_ratio\": 1.862694263458252, \"no_speech_prob\": 0.051072921603918076}, {\"id\": 73, \"seek\": 11638, \"start\": 137.82000732421875, \"end\": 138.66000366210938, \"text\": \" Especially in the beginning I did it.\", \"tokens\": [51436, 8545, 294, 264, 2863, 286, 630, 309, 13, 51478], \"temperature\": 0.0, \"avg_logprob\": -0.2347216010093689, \"compression_ratio\": 1.862694263458252, \"no_speech_prob\": 0.051072921603918076}, {\"id\": 74, \"seek\": 11638, \"start\": 138.66000366210938, \"end\": 141.10000610351562, \"text\": \" I did it to, in the beginning, a lot,\", \"tokens\": [51478, 286, 630, 309, 281, 11, 294, 264, 2863, 11, 257, 688, 11, 51600], \"temperature\": 0.0, \"avg_logprob\": -0.2347216010093689, \"compression_ratio\": 1.862694263458252, \"no_speech_prob\": 0.051072921603918076}, {\"id\": 75, \"seek\": 11638, \"start\": 141.10000610351562, \"end\": 142.86000061035156, \"text\": \" to make sure, oh, okay, this is weird,\", \"tokens\": [51600, 281, 652, 988, 11, 1954, 11, 1392, 11, 341, 307, 3657, 11, 51688], \"temperature\": 0.0, \"avg_logprob\": -0.2347216010093689, \"compression_ratio\": 1.862694263458252, \"no_speech_prob\": 0.051072921603918076}, {\"id\": 76, \"seek\": 11638, \"start\": 142.86000061035156, \"end\": 144.3000030517578, \"text\": \" I should stop doing that, blah, blah, blah.\", \"tokens\": [51688, 286, 820, 1590, 884, 300, 11, 12288, 11, 12288, 11, 12288, 13, 51760], \"temperature\": 0.0, \"avg_logprob\": -0.2347216010093689, \"compression_ratio\": 1.862694263458252, \"no_speech_prob\": 0.051072921603918076}, {\"id\": 77, \"seek\": 11638, \"start\": 144.3000030517578, \"end\": 146.25999450683594, \"text\": \" I caught bad habits very quickly.\", \"tokens\": [51760, 286, 5415, 1578, 14100, 588, 2661, 13, 51858], \"temperature\": 0.0, \"avg_logprob\": -0.2347216010093689, \"compression_ratio\": 1.862694263458252, \"no_speech_prob\": 0.051072921603918076}, {\"id\": 78, \"seek\": 14626, \"start\": 147.10000610351562, \"end\": 147.94000244140625, \"text\": \" Some of you guys might not have that benefit\", \"tokens\": [50406, 2188, 295, 291, 1074, 1062, 406, 362, 300, 5121, 50448], \"temperature\": 0.0, \"avg_logprob\": -0.23127374053001404, \"compression_ratio\": 1.8416666984558105, \"no_speech_prob\": 0.007936827838420868}, {\"id\": 79, \"seek\": 14626, \"start\": 147.94000244140625, \"end\": 150.10000610351562, \"text\": \" to watch yourself back, so it's definitely,\", \"tokens\": [50448, 281, 1159, 1803, 646, 11, 370, 309, 311, 2138, 11, 50556], \"temperature\": 0.0, \"avg_logprob\": -0.23127374053001404, \"compression_ratio\": 1.8416666984558105, \"no_speech_prob\": 0.007936827838420868}, {\"id\": 80, \"seek\": 14626, \"start\": 150.10000610351562, \"end\": 151.3000030517578, \"text\": \" that's a fantastic way to do it.\", \"tokens\": [50556, 300, 311, 257, 5456, 636, 281, 360, 309, 13, 50616], \"temperature\": 0.0, \"avg_logprob\": -0.23127374053001404, \"compression_ratio\": 1.8416666984558105, \"no_speech_prob\": 0.007936827838420868}, {\"id\": 81, \"seek\": 14626, \"start\": 151.3000030517578, \"end\": 153.33999633789062, \"text\": \" So we'll do streams, or some of my clients\", \"tokens\": [50616, 407, 321, 603, 360, 15842, 11, 420, 512, 295, 452, 6982, 50718], \"temperature\": 0.0, \"avg_logprob\": -0.23127374053001404, \"compression_ratio\": 1.8416666984558105, \"no_speech_prob\": 0.007936827838420868}, {\"id\": 82, \"seek\": 14626, \"start\": 153.33999633789062, \"end\": 155.33999633789062, \"text\": \" will actually start, do stream with each other.\", \"tokens\": [50718, 486, 767, 722, 11, 360, 4309, 365, 1184, 661, 13, 50818], \"temperature\": 0.0, \"avg_logprob\": -0.23127374053001404, \"compression_ratio\": 1.8416666984558105, \"no_speech_prob\": 0.007936827838420868}, {\"id\": 83, \"seek\": 14626, \"start\": 155.33999633789062, \"end\": 156.33999633789062, \"text\": \" They'll just have in groups,\", \"tokens\": [50818, 814, 603, 445, 362, 294, 3935, 11, 50868], \"temperature\": 0.0, \"avg_logprob\": -0.23127374053001404, \"compression_ratio\": 1.8416666984558105, \"no_speech_prob\": 0.007936827838420868}, {\"id\": 84, \"seek\": 14626, \"start\": 156.33999633789062, \"end\": 157.74000549316406, \"text\": \" and they'll almost like Toastmasters.\", \"tokens\": [50868, 293, 436, 603, 1920, 411, 1407, 525, 3799, 1559, 13, 50938], \"temperature\": 0.0, \"avg_logprob\": -0.23127374053001404, \"compression_ratio\": 1.8416666984558105, \"no_speech_prob\": 0.007936827838420868}, {\"id\": 85, \"seek\": 14626, \"start\": 157.74000549316406, \"end\": 159.22000122070312, \"text\": \" It's one of these things where actually\", \"tokens\": [50938, 467, 311, 472, 295, 613, 721, 689, 767, 51012], \"temperature\": 0.0, \"avg_logprob\": -0.23127374053001404, \"compression_ratio\": 1.8416666984558105, \"no_speech_prob\": 0.007936827838420868}, {\"id\": 86, \"seek\": 14626, \"start\": 159.22000122070312, \"end\": 160.5399932861328, \"text\": \" being able to talk well on camera\", \"tokens\": [51012, 885, 1075, 281, 751, 731, 322, 2799, 51078], \"temperature\": 0.0, \"avg_logprob\": -0.23127374053001404, \"compression_ratio\": 1.8416666984558105, \"no_speech_prob\": 0.007936827838420868}, {\"id\": 87, \"seek\": 14626, \"start\": 160.5399932861328, \"end\": 162.13999938964844, \"text\": \" is a great way, a cheat code to be.\", \"tokens\": [51078, 307, 257, 869, 636, 11, 257, 17470, 3089, 281, 312, 13, 51158], \"temperature\": 0.0, \"avg_logprob\": -0.23127374053001404, \"compression_ratio\": 1.8416666984558105, \"no_speech_prob\": 0.007936827838420868}, {\"id\": 88, \"seek\": 14626, \"start\": 162.13999938964844, \"end\": 163.8800048828125, \"text\": \" It's almost like the current Toastmasters\", \"tokens\": [51158, 467, 311, 1920, 411, 264, 2190, 1407, 525, 3799, 1559, 51245], \"temperature\": 0.0, \"avg_logprob\": -0.23127374053001404, \"compression_ratio\": 1.8416666984558105, \"no_speech_prob\": 0.007936827838420868}, {\"id\": 89, \"seek\": 14626, \"start\": 163.8800048828125, \"end\": 165.3000030517578, \"text\": \" to be able to do it now, and it's just\", \"tokens\": [51245, 281, 312, 1075, 281, 360, 309, 586, 11, 293, 309, 311, 445, 51316], \"temperature\": 0.0, \"avg_logprob\": -0.23127374053001404, \"compression_ratio\": 1.8416666984558105, \"no_speech_prob\": 0.007936827838420868}, {\"id\": 90, \"seek\": 14626, \"start\": 165.3000030517578, \"end\": 166.94000244140625, \"text\": \" so incredibly important to do that.\", \"tokens\": [51316, 370, 6252, 1021, 281, 360, 300, 13, 51398], \"temperature\": 0.0, \"avg_logprob\": -0.23127374053001404, \"compression_ratio\": 1.8416666984558105, \"no_speech_prob\": 0.007936827838420868}, {\"id\": 91, \"seek\": 14626, \"start\": 166.94000244140625, \"end\": 170.72000122070312, \"text\": \" A lot of the head moving and the voice breaks upward,\", \"tokens\": [51398, 316, 688, 295, 264, 1378, 2684, 293, 264, 3177, 9857, 23452, 11, 51587], \"temperature\": 0.0, \"avg_logprob\": -0.23127374053001404, \"compression_ratio\": 1.8416666984558105, \"no_speech_prob\": 0.007936827838420868}, {\"id\": 92, \"seek\": 14626, \"start\": 170.72000122070312, \"end\": 172.66000366210938, \"text\": \" so the tonality breaks upward where you sound\", \"tokens\": [51587, 370, 264, 2952, 1860, 9857, 23452, 689, 291, 1626, 51684], \"temperature\": 0.0, \"avg_logprob\": -0.23127374053001404, \"compression_ratio\": 1.8416666984558105, \"no_speech_prob\": 0.007936827838420868}, {\"id\": 93, \"seek\": 14626, \"start\": 172.66000366210938, \"end\": 175.25999450683594, \"text\": \" like you're seeking rapport instead of breaking rapport.\", \"tokens\": [51684, 411, 291, 434, 11670, 18018, 2602, 295, 7697, 18018, 13, 51814], \"temperature\": 0.0, \"avg_logprob\": -0.23127374053001404, \"compression_ratio\": 1.8416666984558105, \"no_speech_prob\": 0.007936827838420868}, {\"id\": 94, \"seek\": 17526, \"start\": 175.3000030517578, \"end\": 177.10000610351562, \"text\": \" Those kind of things you can learn over time.\", \"tokens\": [50366, 3950, 733, 295, 721, 291, 393, 1466, 670, 565, 13, 50456], \"temperature\": 0.0, \"avg_logprob\": -0.24353358149528503, \"compression_ratio\": 1.889830470085144, \"no_speech_prob\": 0.01615152694284916}, {\"id\": 95, \"seek\": 17526, \"start\": 177.10000610351562, \"end\": 179.22000122070312, \"text\": \" The verbal pauses, the um, the ah,\", \"tokens\": [50456, 440, 24781, 2502, 8355, 11, 264, 1105, 11, 264, 3716, 11, 50562], \"temperature\": 0.0, \"avg_logprob\": -0.24353358149528503, \"compression_ratio\": 1.889830470085144, \"no_speech_prob\": 0.01615152694284916}, {\"id\": 96, \"seek\": 17526, \"start\": 179.22000122070312, \"end\": 180.66000366210938, \"text\": \" the you know what I mean, you know what I'm saying,\", \"tokens\": [50562, 264, 291, 458, 437, 286, 914, 11, 291, 458, 437, 286, 478, 1566, 11, 50634], \"temperature\": 0.0, \"avg_logprob\": -0.24353358149528503, \"compression_ratio\": 1.889830470085144, \"no_speech_prob\": 0.01615152694284916}, {\"id\": 97, \"seek\": 17526, \"start\": 180.66000366210938, \"end\": 181.5800018310547, \"text\": \" like that kind of stuff.\", \"tokens\": [50634, 411, 300, 733, 295, 1507, 13, 50680], \"temperature\": 0.0, \"avg_logprob\": -0.24353358149528503, \"compression_ratio\": 1.889830470085144, \"no_speech_prob\": 0.01615152694284916}, {\"id\": 98, \"seek\": 17526, \"start\": 181.5800018310547, \"end\": 183.4199981689453, \"text\": \" If you can get away from that and then speak\", \"tokens\": [50680, 759, 291, 393, 483, 1314, 490, 300, 293, 550, 1710, 50772], \"temperature\": 0.0, \"avg_logprob\": -0.24353358149528503, \"compression_ratio\": 1.889830470085144, \"no_speech_prob\": 0.01615152694284916}, {\"id\": 99, \"seek\": 17526, \"start\": 183.4199981689453, \"end\": 185.77999877929688, \"text\": \" and then have the direct pauses in between your words,\", \"tokens\": [50772, 293, 550, 362, 264, 2047, 2502, 8355, 294, 1296, 428, 2283, 11, 50890], \"temperature\": 0.0, \"avg_logprob\": -0.24353358149528503, \"compression_ratio\": 1.889830470085144, \"no_speech_prob\": 0.01615152694284916}, {\"id\": 100, \"seek\": 17526, \"start\": 185.77999877929688, \"end\": 187.36000061035156, \"text\": \" you'll notice that people are more likely\", \"tokens\": [50890, 291, 603, 3449, 300, 561, 366, 544, 3700, 50969], \"temperature\": 0.0, \"avg_logprob\": -0.24353358149528503, \"compression_ratio\": 1.889830470085144, \"no_speech_prob\": 0.01615152694284916}, {\"id\": 101, \"seek\": 17526, \"start\": 187.36000061035156, \"end\": 188.86000061035156, \"text\": \" to listen to you.\", \"tokens\": [50969, 281, 2140, 281, 291, 13, 51044], \"temperature\": 0.0, \"avg_logprob\": -0.24353358149528503, \"compression_ratio\": 1.889830470085144, \"no_speech_prob\": 0.01615152694284916}, {\"id\": 102, \"seek\": 17526, \"start\": 188.86000061035156, \"end\": 189.6999969482422, \"text\": \" It's true.\", \"tokens\": [51044, 467, 311, 2074, 13, 51086], \"temperature\": 0.0, \"avg_logprob\": -0.24353358149528503, \"compression_ratio\": 1.889830470085144, \"no_speech_prob\": 0.01615152694284916}, {\"id\": 103, \"seek\": 17526, \"start\": 189.6999969482422, \"end\": 190.6999969482422, \"text\": \" Yeah, I had a bad habit of saying\", \"tokens\": [51086, 865, 11, 286, 632, 257, 1578, 7164, 295, 1566, 51136], \"temperature\": 0.0, \"avg_logprob\": -0.24353358149528503, \"compression_ratio\": 1.889830470085144, \"no_speech_prob\": 0.01615152694284916}, {\"id\": 104, \"seek\": 17526, \"start\": 190.6999969482422, \"end\": 191.82000732421875, \"text\": \" you know what I'm saying a lot.\", \"tokens\": [51136, 291, 458, 437, 286, 478, 1566, 257, 688, 13, 51192], \"temperature\": 0.0, \"avg_logprob\": -0.24353358149528503, \"compression_ratio\": 1.889830470085144, \"no_speech_prob\": 0.01615152694284916}, {\"id\": 105, \"seek\": 17526, \"start\": 191.82000732421875, \"end\": 192.74000549316406, \"text\": \" That was one of the first things.\", \"tokens\": [51192, 663, 390, 472, 295, 264, 700, 721, 13, 51238], \"temperature\": 0.0, \"avg_logprob\": -0.24353358149528503, \"compression_ratio\": 1.889830470085144, \"no_speech_prob\": 0.01615152694284916}, {\"id\": 106, \"seek\": 17526, \"start\": 192.74000549316406, \"end\": 193.77999877929688, \"text\": \" If you guys watch the old videos,\", \"tokens\": [51238, 759, 291, 1074, 1159, 264, 1331, 2145, 11, 51290], \"temperature\": 0.0, \"avg_logprob\": -0.24353358149528503, \"compression_ratio\": 1.889830470085144, \"no_speech_prob\": 0.01615152694284916}, {\"id\": 107, \"seek\": 17526, \"start\": 193.77999877929688, \"end\": 195.5, \"text\": \" that was one thing that I got rid of immediately.\", \"tokens\": [51290, 300, 390, 472, 551, 300, 286, 658, 3973, 295, 4258, 13, 51376], \"temperature\": 0.0, \"avg_logprob\": -0.24353358149528503, \"compression_ratio\": 1.889830470085144, \"no_speech_prob\": 0.01615152694284916}, {\"id\": 108, \"seek\": 17526, \"start\": 195.5, \"end\": 197.6999969482422, \"text\": \" I was like, whoa, this is fucking stupid.\", \"tokens\": [51376, 286, 390, 411, 11, 13310, 11, 341, 307, 5546, 6631, 13, 51486], \"temperature\": 0.0, \"avg_logprob\": -0.24353358149528503, \"compression_ratio\": 1.889830470085144, \"no_speech_prob\": 0.01615152694284916}, {\"id\": 109, \"seek\": 17526, \"start\": 197.6999969482422, \"end\": 199.3800048828125, \"text\": \" Mine was a for example.\", \"tokens\": [51486, 11620, 390, 257, 337, 1365, 13, 51570], \"temperature\": 0.0, \"avg_logprob\": -0.24353358149528503, \"compression_ratio\": 1.889830470085144, \"no_speech_prob\": 0.01615152694284916}, {\"id\": 110, \"seek\": 17526, \"start\": 199.3800048828125, \"end\": 200.6199951171875, \"text\": \" It said a lot.\", \"tokens\": [51570, 467, 848, 257, 688, 13, 51632], \"temperature\": 0.0, \"avg_logprob\": -0.24353358149528503, \"compression_ratio\": 1.889830470085144, \"no_speech_prob\": 0.01615152694284916}, {\"id\": 111, \"seek\": 17526, \"start\": 200.6199951171875, \"end\": 202.6999969482422, \"text\": \" That being said, for example, what else?\", \"tokens\": [51632, 663, 885, 848, 11, 337, 1365, 11, 437, 1646, 30, 51736], \"temperature\": 0.0, \"avg_logprob\": -0.24353358149528503, \"compression_ratio\": 1.889830470085144, \"no_speech_prob\": 0.01615152694284916}, {\"id\": 112, \"seek\": 17526, \"start\": 202.6999969482422, \"end\": 204.0399932861328, \"text\": \" One other thing that's really big.\", \"tokens\": [51736, 1485, 661, 551, 300, 311, 534, 955, 13, 51803], \"temperature\": 0.0, \"avg_logprob\": -0.24353358149528503, \"compression_ratio\": 1.889830470085144, \"no_speech_prob\": 0.01615152694284916}, {\"id\": 113, \"seek\": 20404, \"start\": 204.0399932861328, \"end\": 205.16000366210938, \"text\": \" Do you remember the Joe Rogan thing\", \"tokens\": [50364, 1144, 291, 1604, 264, 6807, 11860, 282, 551, 50420], \"temperature\": 0.0, \"avg_logprob\": -0.24876011908054352, \"compression_ratio\": 1.8048127889633179, \"no_speech_prob\": 0.2781670093536377}, {\"id\": 114, \"seek\": 20404, \"start\": 205.16000366210938, \"end\": 208.0800018310547, \"text\": \" where he actually, they were talking to a mugger,\", \"tokens\": [50420, 689, 415, 767, 11, 436, 645, 1417, 281, 257, 23610, 1321, 11, 50566], \"temperature\": 0.0, \"avg_logprob\": -0.24876011908054352, \"compression_ratio\": 1.8048127889633179, \"no_speech_prob\": 0.2781670093536377}, {\"id\": 115, \"seek\": 20404, \"start\": 208.0800018310547, \"end\": 209.60000610351562, \"text\": \" a guy who'd been convicted of mugging.\", \"tokens\": [50566, 257, 2146, 567, 1116, 668, 26942, 295, 23610, 3249, 13, 50642], \"temperature\": 0.0, \"avg_logprob\": -0.24876011908054352, \"compression_ratio\": 1.8048127889633179, \"no_speech_prob\": 0.2781670093536377}, {\"id\": 116, \"seek\": 20404, \"start\": 209.60000610351562, \"end\": 211.55999755859375, \"text\": \" And they showed him photographs of individuals\", \"tokens\": [50642, 400, 436, 4712, 796, 17649, 295, 5346, 50740], \"temperature\": 0.0, \"avg_logprob\": -0.24876011908054352, \"compression_ratio\": 1.8048127889633179, \"no_speech_prob\": 0.2781670093536377}, {\"id\": 117, \"seek\": 20404, \"start\": 211.55999755859375, \"end\": 212.67999267578125, \"text\": \" and like which one would you mug\", \"tokens\": [50740, 293, 411, 597, 472, 576, 291, 23610, 50796], \"temperature\": 0.0, \"avg_logprob\": -0.24876011908054352, \"compression_ratio\": 1.8048127889633179, \"no_speech_prob\": 0.2781670093536377}, {\"id\": 118, \"seek\": 20404, \"start\": 212.67999267578125, \"end\": 214.1199951171875, \"text\": \" and which one would you not mug.\", \"tokens\": [50796, 293, 597, 472, 576, 291, 406, 23610, 13, 50868], \"temperature\": 0.0, \"avg_logprob\": -0.24876011908054352, \"compression_ratio\": 1.8048127889633179, \"no_speech_prob\": 0.2781670093536377}, {\"id\": 119, \"seek\": 20404, \"start\": 214.1199951171875, \"end\": 215.0800018310547, \"text\": \" And it was one of these things\", \"tokens\": [50868, 400, 309, 390, 472, 295, 613, 721, 50916], \"temperature\": 0.0, \"avg_logprob\": -0.24876011908054352, \"compression_ratio\": 1.8048127889633179, \"no_speech_prob\": 0.2781670093536377}, {\"id\": 120, \"seek\": 20404, \"start\": 215.0800018310547, \"end\": 216.55999755859375, \"text\": \" where like the knees were locked out,\", \"tokens\": [50916, 689, 411, 264, 10546, 645, 9376, 484, 11, 50990], \"temperature\": 0.0, \"avg_logprob\": -0.24876011908054352, \"compression_ratio\": 1.8048127889633179, \"no_speech_prob\": 0.2781670093536377}, {\"id\": 121, \"seek\": 20404, \"start\": 216.55999755859375, \"end\": 218.24000549316406, \"text\": \" the feet were pointed like this\", \"tokens\": [50990, 264, 3521, 645, 10932, 411, 341, 51074], \"temperature\": 0.0, \"avg_logprob\": -0.24876011908054352, \"compression_ratio\": 1.8048127889633179, \"no_speech_prob\": 0.2781670093536377}, {\"id\": 122, \"seek\": 20404, \"start\": 218.24000549316406, \"end\": 219.8800048828125, \"text\": \" and sort of like the wobbly duck walk\", \"tokens\": [51074, 293, 1333, 295, 411, 264, 33775, 25021, 12482, 1792, 51156], \"temperature\": 0.0, \"avg_logprob\": -0.24876011908054352, \"compression_ratio\": 1.8048127889633179, \"no_speech_prob\": 0.2781670093536377}, {\"id\": 123, \"seek\": 20404, \"start\": 219.8800048828125, \"end\": 221.25999450683594, \"text\": \" that you find with a lot of people.\", \"tokens\": [51156, 300, 291, 915, 365, 257, 688, 295, 561, 13, 51225], \"temperature\": 0.0, \"avg_logprob\": -0.24876011908054352, \"compression_ratio\": 1.8048127889633179, \"no_speech_prob\": 0.2781670093536377}, {\"id\": 124, \"seek\": 20404, \"start\": 221.25999450683594, \"end\": 222.9600067138672, \"text\": \" When guys see that, they realize this person\", \"tokens\": [51225, 1133, 1074, 536, 300, 11, 436, 4325, 341, 954, 51310], \"temperature\": 0.0, \"avg_logprob\": -0.24876011908054352, \"compression_ratio\": 1.8048127889633179, \"no_speech_prob\": 0.2781670093536377}, {\"id\": 125, \"seek\": 20404, \"start\": 222.9600067138672, \"end\": 224.9199981689453, \"text\": \" can't chase me if I steal something from them.\", \"tokens\": [51310, 393, 380, 15359, 385, 498, 286, 11009, 746, 490, 552, 13, 51408], \"temperature\": 0.0, \"avg_logprob\": -0.24876011908054352, \"compression_ratio\": 1.8048127889633179, \"no_speech_prob\": 0.2781670093536377}, {\"id\": 126, \"seek\": 20404, \"start\": 224.9199981689453, \"end\": 226.13999938964844, \"text\": \" And it's really interesting as men,\", \"tokens\": [51408, 400, 309, 311, 534, 1880, 382, 1706, 11, 51469], \"temperature\": 0.0, \"avg_logprob\": -0.24876011908054352, \"compression_ratio\": 1.8048127889633179, \"no_speech_prob\": 0.2781670093536377}, {\"id\": 127, \"seek\": 20404, \"start\": 226.13999938964844, \"end\": 227.63999938964844, \"text\": \" you're constantly being judged\", \"tokens\": [51469, 291, 434, 6460, 885, 27485, 51544], \"temperature\": 0.0, \"avg_logprob\": -0.24876011908054352, \"compression_ratio\": 1.8048127889633179, \"no_speech_prob\": 0.2781670093536377}, {\"id\": 128, \"seek\": 20404, \"start\": 227.63999938964844, \"end\": 229.60000610351562, \"text\": \" on like your upper and lower body athleticism.\", \"tokens\": [51544, 322, 411, 428, 6597, 293, 3126, 1772, 22496, 1434, 13, 51642], \"temperature\": 0.0, \"avg_logprob\": -0.24876011908054352, \"compression_ratio\": 1.8048127889633179, \"no_speech_prob\": 0.2781670093536377}, {\"id\": 129, \"seek\": 20404, \"start\": 229.60000610351562, \"end\": 231.8800048828125, \"text\": \" And this is something that like women don't necessarily,\", \"tokens\": [51642, 400, 341, 307, 746, 300, 411, 2266, 500, 380, 4725, 11, 51756], \"temperature\": 0.0, \"avg_logprob\": -0.24876011908054352, \"compression_ratio\": 1.8048127889633179, \"no_speech_prob\": 0.2781670093536377}, {\"id\": 130, \"seek\": 23188, \"start\": 231.8800048828125, \"end\": 234.0800018310547, \"text\": \" if women are clumsy and they're hot, we don't really care.\", \"tokens\": [50364, 498, 2266, 366, 44640, 293, 436, 434, 2368, 11, 321, 500, 380, 534, 1127, 13, 50474], \"temperature\": 0.0, \"avg_logprob\": -0.21328239142894745, \"compression_ratio\": 1.8956043720245361, \"no_speech_prob\": 0.150009885430336}, {\"id\": 131, \"seek\": 23188, \"start\": 234.0800018310547, \"end\": 235.8000030517578, \"text\": \" But when men are like that,\", \"tokens\": [50474, 583, 562, 1706, 366, 411, 300, 11, 50560], \"temperature\": 0.0, \"avg_logprob\": -0.21328239142894745, \"compression_ratio\": 1.8956043720245361, \"no_speech_prob\": 0.150009885430336}, {\"id\": 132, \"seek\": 23188, \"start\": 235.8000030517578, \"end\": 237.75999450683594, \"text\": \" you're always being judged on the way you walk.\", \"tokens\": [50560, 291, 434, 1009, 885, 27485, 322, 264, 636, 291, 1792, 13, 50658], \"temperature\": 0.0, \"avg_logprob\": -0.21328239142894745, \"compression_ratio\": 1.8956043720245361, \"no_speech_prob\": 0.150009885430336}, {\"id\": 133, \"seek\": 23188, \"start\": 237.75999450683594, \"end\": 239.9600067138672, \"text\": \" Does it look athletic when you talk?\", \"tokens\": [50658, 4402, 309, 574, 22496, 562, 291, 751, 30, 50768], \"temperature\": 0.0, \"avg_logprob\": -0.21328239142894745, \"compression_ratio\": 1.8956043720245361, \"no_speech_prob\": 0.150009885430336}, {\"id\": 134, \"seek\": 23188, \"start\": 239.9600067138672, \"end\": 241.47999572753906, \"text\": \" Does your voice break when you're around someone\", \"tokens\": [50768, 4402, 428, 3177, 1821, 562, 291, 434, 926, 1580, 50844], \"temperature\": 0.0, \"avg_logprob\": -0.21328239142894745, \"compression_ratio\": 1.8956043720245361, \"no_speech_prob\": 0.150009885430336}, {\"id\": 135, \"seek\": 23188, \"start\": 241.47999572753906, \"end\": 242.32000732421875, \"text\": \" you think is higher status?\", \"tokens\": [50844, 291, 519, 307, 2946, 6558, 30, 50886], \"temperature\": 0.0, \"avg_logprob\": -0.21328239142894745, \"compression_ratio\": 1.8956043720245361, \"no_speech_prob\": 0.150009885430336}, {\"id\": 136, \"seek\": 23188, \"start\": 242.32000732421875, \"end\": 244.0399932861328, \"text\": \" Does it go up like this when you talk to women?\", \"tokens\": [50886, 4402, 309, 352, 493, 411, 341, 562, 291, 751, 281, 2266, 30, 50972], \"temperature\": 0.0, \"avg_logprob\": -0.21328239142894745, \"compression_ratio\": 1.8956043720245361, \"no_speech_prob\": 0.150009885430336}, {\"id\": 137, \"seek\": 23188, \"start\": 244.0399932861328, \"end\": 245.16000366210938, \"text\": \" Does it go up like this\", \"tokens\": [50972, 4402, 309, 352, 493, 411, 341, 51028], \"temperature\": 0.0, \"avg_logprob\": -0.21328239142894745, \"compression_ratio\": 1.8956043720245361, \"no_speech_prob\": 0.150009885430336}, {\"id\": 138, \"seek\": 23188, \"start\": 245.16000366210938, \"end\": 247.0399932861328, \"text\": \" when you're trying to seek rapport from them?\", \"tokens\": [51028, 562, 291, 434, 1382, 281, 8075, 18018, 490, 552, 30, 51122], \"temperature\": 0.0, \"avg_logprob\": -0.21328239142894745, \"compression_ratio\": 1.8956043720245361, \"no_speech_prob\": 0.150009885430336}, {\"id\": 139, \"seek\": 23188, \"start\": 247.0399932861328, \"end\": 248.55999755859375, \"text\": \" Or when you talk to the most beautiful woman\", \"tokens\": [51122, 1610, 562, 291, 751, 281, 264, 881, 2238, 3059, 51198], \"temperature\": 0.0, \"avg_logprob\": -0.21328239142894745, \"compression_ratio\": 1.8956043720245361, \"no_speech_prob\": 0.150009885430336}, {\"id\": 140, \"seek\": 23188, \"start\": 248.55999755859375, \"end\": 249.97999572753906, \"text\": \" you've ever seen or your brother,\", \"tokens\": [51198, 291, 600, 1562, 1612, 420, 428, 3708, 11, 51269], \"temperature\": 0.0, \"avg_logprob\": -0.21328239142894745, \"compression_ratio\": 1.8956043720245361, \"no_speech_prob\": 0.150009885430336}, {\"id\": 141, \"seek\": 23188, \"start\": 249.97999572753906, \"end\": 251.36000061035156, \"text\": \" does your voice sound exactly the same?\", \"tokens\": [51269, 775, 428, 3177, 1626, 2293, 264, 912, 30, 51338], \"temperature\": 0.0, \"avg_logprob\": -0.21328239142894745, \"compression_ratio\": 1.8956043720245361, \"no_speech_prob\": 0.150009885430336}, {\"id\": 142, \"seek\": 23188, \"start\": 251.36000061035156, \"end\": 253.44000244140625, \"text\": \" If it does, that means you're not affected by it,\", \"tokens\": [51338, 759, 309, 775, 11, 300, 1355, 291, 434, 406, 8028, 538, 309, 11, 51442], \"temperature\": 0.0, \"avg_logprob\": -0.21328239142894745, \"compression_ratio\": 1.8956043720245361, \"no_speech_prob\": 0.150009885430336}, {\"id\": 143, \"seek\": 23188, \"start\": 253.44000244140625, \"end\": 254.25999450683594, \"text\": \" which is something,\", \"tokens\": [51442, 597, 307, 746, 11, 51483], \"temperature\": 0.0, \"avg_logprob\": -0.21328239142894745, \"compression_ratio\": 1.8956043720245361, \"no_speech_prob\": 0.150009885430336}, {\"id\": 144, \"seek\": 23188, \"start\": 254.25999450683594, \"end\": 255.8000030517578, \"text\": \" which is an attribute of a high status person.\", \"tokens\": [51483, 597, 307, 364, 19667, 295, 257, 1090, 6558, 954, 13, 51560], \"temperature\": 0.0, \"avg_logprob\": -0.21328239142894745, \"compression_ratio\": 1.8956043720245361, \"no_speech_prob\": 0.150009885430336}, {\"id\": 145, \"seek\": 23188, \"start\": 255.8000030517578, \"end\": 257.1600036621094, \"text\": \" I mean, even in the bedroom,\", \"tokens\": [51560, 286, 914, 11, 754, 294, 264, 11211, 11, 51628], \"temperature\": 0.0, \"avg_logprob\": -0.21328239142894745, \"compression_ratio\": 1.8956043720245361, \"no_speech_prob\": 0.150009885430336}, {\"id\": 146, \"seek\": 23188, \"start\": 257.1600036621094, \"end\": 260.6000061035156, \"text\": \" you need that dominant like talk as well, right, Sterling?\", \"tokens\": [51628, 291, 643, 300, 15657, 411, 751, 382, 731, 11, 558, 11, 33539, 1688, 30, 51800], \"temperature\": 0.0, \"avg_logprob\": -0.21328239142894745, \"compression_ratio\": 1.8956043720245361, \"no_speech_prob\": 0.150009885430336}, {\"id\": 147, \"seek\": 26060, \"start\": 260.6000061035156, \"end\": 261.7200012207031, \"text\": \" What are you talking about?\", \"tokens\": [50364, 708, 366, 291, 1417, 466, 30, 50420], \"temperature\": 0.0, \"avg_logprob\": -0.4672706723213196, \"compression_ratio\": 1.723127007484436, \"no_speech_prob\": 0.02800368145108223}, {\"id\": 148, \"seek\": 26060, \"start\": 261.7200012207031, \"end\": 264.9599914550781, \"text\": \" I don't know what you mean, the radio voice?\", \"tokens\": [50420, 286, 500, 380, 458, 437, 291, 914, 11, 264, 6477, 3177, 30, 50582], \"temperature\": 0.0, \"avg_logprob\": -0.4672706723213196, \"compression_ratio\": 1.723127007484436, \"no_speech_prob\": 0.02800368145108223}, {\"id\": 149, \"seek\": 26060, \"start\": 264.9599914550781, \"end\": 265.79998779296875, \"text\": \" Is that what you're talking about?\", \"tokens\": [50582, 1119, 300, 437, 291, 434, 1417, 466, 30, 50624], \"temperature\": 0.0, \"avg_logprob\": -0.4672706723213196, \"compression_ratio\": 1.723127007484436, \"no_speech_prob\": 0.02800368145108223}, {\"id\": 150, \"seek\": 26060, \"start\": 265.79998779296875, \"end\": 267.0799865722656, \"text\": \" Yeah, you need that smooth voice, man.\", \"tokens\": [50624, 865, 11, 291, 643, 300, 5508, 3177, 11, 587, 13, 50688], \"temperature\": 0.0, \"avg_logprob\": -0.4672706723213196, \"compression_ratio\": 1.723127007484436, \"no_speech_prob\": 0.02800368145108223}, {\"id\": 151, \"seek\": 26060, \"start\": 267.0799865722656, \"end\": 270.0400085449219, \"text\": \" I need your porn star like music to go behind all this.\", \"tokens\": [50688, 286, 643, 428, 19444, 3543, 411, 1318, 281, 352, 2261, 439, 341, 13, 50836], \"temperature\": 0.0, \"avg_logprob\": -0.4672706723213196, \"compression_ratio\": 1.723127007484436, \"no_speech_prob\": 0.02800368145108223}, {\"id\": 152, \"seek\": 26060, \"start\": 270.0400085449219, \"end\": 270.8800048828125, \"text\": \" What?\", \"tokens\": [50836, 708, 30, 50878], \"temperature\": 0.0, \"avg_logprob\": -0.4672706723213196, \"compression_ratio\": 1.723127007484436, \"no_speech_prob\": 0.02800368145108223}, {\"id\": 153, \"seek\": 26060, \"start\": 270.8800048828125, \"end\": 271.70001220703125, \"text\": \" How do you tap?\", \"tokens\": [50878, 1012, 360, 291, 5119, 30, 50919], \"temperature\": 0.0, \"avg_logprob\": -0.4672706723213196, \"compression_ratio\": 1.723127007484436, \"no_speech_prob\": 0.02800368145108223}, {\"id\": 154, \"seek\": 26060, \"start\": 271.70001220703125, \"end\": 272.5400085449219, \"text\": \" Do you ever give a porn a butt on that?\", \"tokens\": [50919, 1144, 291, 1562, 976, 257, 280, 1865, 257, 6660, 322, 300, 30, 50961], \"temperature\": 0.0, \"avg_logprob\": -0.4672706723213196, \"compression_ratio\": 1.723127007484436, \"no_speech_prob\": 0.02800368145108223}, {\"id\": 155, \"seek\": 26060, \"start\": 272.5400085449219, \"end\": 273.3599853515625, \"text\": \" No, he doesn't.\", \"tokens\": [50961, 883, 11, 415, 1177, 380, 13, 51002], \"temperature\": 0.0, \"avg_logprob\": -0.4672706723213196, \"compression_ratio\": 1.723127007484436, \"no_speech_prob\": 0.02800368145108223}, {\"id\": 156, \"seek\": 26060, \"start\": 273.3599853515625, \"end\": 274.20001220703125, \"text\": \" I do actually.\", \"tokens\": [51002, 286, 360, 767, 13, 51044], \"temperature\": 0.0, \"avg_logprob\": -0.4672706723213196, \"compression_ratio\": 1.723127007484436, \"no_speech_prob\": 0.02800368145108223}, {\"id\": 157, \"seek\": 26060, \"start\": 274.20001220703125, \"end\": 275.0400085449219, \"text\": \" I do actually.\", \"tokens\": [51044, 286, 360, 767, 13, 51086], \"temperature\": 0.0, \"avg_logprob\": -0.4672706723213196, \"compression_ratio\": 1.723127007484436, \"no_speech_prob\": 0.02800368145108223}, {\"id\": 158, \"seek\": 26060, \"start\": 275.0400085449219, \"end\": 275.8599853515625, \"text\": \" I gotta send it to him.\", \"tokens\": [51086, 286, 3428, 2845, 309, 281, 796, 13, 51127], \"temperature\": 0.0, \"avg_logprob\": -0.4672706723213196, \"compression_ratio\": 1.723127007484436, \"no_speech_prob\": 0.02800368145108223}, {\"id\": 159, \"seek\": 26060, \"start\": 275.8599853515625, \"end\": 276.70001220703125, \"text\": \" I gotta send it to him.\", \"tokens\": [51127, 286, 3428, 2845, 309, 281, 796, 13, 51169], \"temperature\": 0.0, \"avg_logprob\": -0.4672706723213196, \"compression_ratio\": 1.723127007484436, \"no_speech_prob\": 0.02800368145108223}, {\"id\": 160, \"seek\": 26060, \"start\": 276.70001220703125, \"end\": 277.9599914550781, \"text\": \" Oh yeah, okay.\", \"tokens\": [51169, 876, 1338, 11, 1392, 13, 51232], \"temperature\": 0.0, \"avg_logprob\": -0.4672706723213196, \"compression_ratio\": 1.723127007484436, \"no_speech_prob\": 0.02800368145108223}, {\"id\": 161, \"seek\": 26060, \"start\": 280.2799987792969, \"end\": 281.1199951171875, \"text\": \" ASMR time.\", \"tokens\": [51348, 31300, 565, 13, 51390], \"temperature\": 0.0, \"avg_logprob\": -0.4672706723213196, \"compression_ratio\": 1.723127007484436, \"no_speech_prob\": 0.02800368145108223}, {\"id\": 162, \"seek\": 26060, \"start\": 281.1199951171875, \"end\": 283.3999938964844, \"text\": \" I have a bunch of random sound effects.\", \"tokens\": [51390, 286, 362, 257, 3840, 295, 4974, 1626, 5065, 13, 51504], \"temperature\": 0.0, \"avg_logprob\": -0.4672706723213196, \"compression_ratio\": 1.723127007484436, \"no_speech_prob\": 0.02800368145108223}, {\"id\": 163, \"seek\": 26060, \"start\": 283.3999938964844, \"end\": 284.8800048828125, \"text\": \" But I will say this,\", \"tokens\": [51504, 583, 286, 486, 584, 341, 11, 51578], \"temperature\": 0.0, \"avg_logprob\": -0.4672706723213196, \"compression_ratio\": 1.723127007484436, \"no_speech_prob\": 0.02800368145108223}, {\"id\": 164, \"seek\": 26060, \"start\": 284.8800048828125, \"end\": 287.2799987792969, \"text\": \" I think one of the most underrated things\", \"tokens\": [51578, 286, 519, 472, 295, 264, 881, 833, 5468, 721, 51698], \"temperature\": 0.0, \"avg_logprob\": -0.4672706723213196, \"compression_ratio\": 1.723127007484436, \"no_speech_prob\": 0.02800368145108223}, {\"id\": 165, \"seek\": 26060, \"start\": 287.2799987792969, \"end\": 288.9599914550781, \"text\": \" that guys should master is tonality.\", \"tokens\": [51698, 300, 1074, 820, 4505, 307, 2952, 1860, 13, 51782], \"temperature\": 0.0, \"avg_logprob\": -0.4672706723213196, \"compression_ratio\": 1.723127007484436, \"no_speech_prob\": 0.02800368145108223}, {\"id\": 166, \"seek\": 26060, \"start\": 288.9599914550781, \"end\": 290.44000244140625, \"text\": \" Yes.\", \"tokens\": [51782, 1079, 13, 51856], \"temperature\": 0.0, \"avg_logprob\": -0.4672706723213196, \"compression_ratio\": 1.723127007484436, \"no_speech_prob\": 0.02800368145108223}, {\"id\": 167, \"seek\": 29044, \"start\": 291.2799987792969, \"end\": 292.1199951171875, \"text\": \" One of the biggest things I tell guys all the time,\", \"tokens\": [50406, 1485, 295, 264, 3880, 721, 286, 980, 1074, 439, 264, 565, 11, 50448], \"temperature\": 0.0, \"avg_logprob\": -0.22862139344215393, \"compression_ratio\": 1.8867924213409424, \"no_speech_prob\": 0.010985366068780422}, {\"id\": 168, \"seek\": 29044, \"start\": 292.1199951171875, \"end\": 293.20001220703125, \"text\": \" especially on consults,\", \"tokens\": [50448, 2318, 322, 7189, 82, 11, 50502], \"temperature\": 0.0, \"avg_logprob\": -0.22862139344215393, \"compression_ratio\": 1.8867924213409424, \"no_speech_prob\": 0.010985366068780422}, {\"id\": 169, \"seek\": 29044, \"start\": 293.20001220703125, \"end\": 294.4800109863281, \"text\": \" and I'm able to detect it immediately\", \"tokens\": [50502, 293, 286, 478, 1075, 281, 5531, 309, 4258, 50566], \"temperature\": 0.0, \"avg_logprob\": -0.22862139344215393, \"compression_ratio\": 1.8867924213409424, \"no_speech_prob\": 0.010985366068780422}, {\"id\": 170, \"seek\": 29044, \"start\": 294.4800109863281, \"end\": 295.760009765625, \"text\": \" from the way that they speak to me.\", \"tokens\": [50566, 490, 264, 636, 300, 436, 1710, 281, 385, 13, 50630], \"temperature\": 0.0, \"avg_logprob\": -0.22862139344215393, \"compression_ratio\": 1.8867924213409424, \"no_speech_prob\": 0.010985366068780422}, {\"id\": 171, \"seek\": 29044, \"start\": 295.760009765625, \"end\": 297.55999755859375, \"text\": \" I'm like, you speak in the passive voice,\", \"tokens\": [50630, 286, 478, 411, 11, 291, 1710, 294, 264, 14975, 3177, 11, 50720], \"temperature\": 0.0, \"avg_logprob\": -0.22862139344215393, \"compression_ratio\": 1.8867924213409424, \"no_speech_prob\": 0.010985366068780422}, {\"id\": 172, \"seek\": 29044, \"start\": 297.55999755859375, \"end\": 298.3999938964844, \"text\": \" you need to stop doing that.\", \"tokens\": [50720, 291, 643, 281, 1590, 884, 300, 13, 50762], \"temperature\": 0.0, \"avg_logprob\": -0.22862139344215393, \"compression_ratio\": 1.8867924213409424, \"no_speech_prob\": 0.010985366068780422}, {\"id\": 173, \"seek\": 29044, \"start\": 298.3999938964844, \"end\": 299.8399963378906, \"text\": \" You need to start speaking more in the active voice.\", \"tokens\": [50762, 509, 643, 281, 722, 4124, 544, 294, 264, 4967, 3177, 13, 50834], \"temperature\": 0.0, \"avg_logprob\": -0.22862139344215393, \"compression_ratio\": 1.8867924213409424, \"no_speech_prob\": 0.010985366068780422}, {\"id\": 174, \"seek\": 29044, \"start\": 299.8399963378906, \"end\": 301.32000732421875, \"text\": \" You need to start almost,\", \"tokens\": [50834, 509, 643, 281, 722, 1920, 11, 50908], \"temperature\": 0.0, \"avg_logprob\": -0.22862139344215393, \"compression_ratio\": 1.8867924213409424, \"no_speech_prob\": 0.010985366068780422}, {\"id\": 175, \"seek\": 29044, \"start\": 301.32000732421875, \"end\": 302.3999938964844, \"text\": \" especially when you talk to women.\", \"tokens\": [50908, 2318, 562, 291, 751, 281, 2266, 13, 50962], \"temperature\": 0.0, \"avg_logprob\": -0.22862139344215393, \"compression_ratio\": 1.8867924213409424, \"no_speech_prob\": 0.010985366068780422}, {\"id\": 176, \"seek\": 29044, \"start\": 302.3999938964844, \"end\": 304.0799865722656, \"text\": \" Women respond very favorably to this.\", \"tokens\": [50962, 11065, 4196, 588, 2294, 1188, 281, 341, 13, 51046], \"temperature\": 0.0, \"avg_logprob\": -0.22862139344215393, \"compression_ratio\": 1.8867924213409424, \"no_speech_prob\": 0.010985366068780422}, {\"id\": 177, \"seek\": 29044, \"start\": 304.0799865722656, \"end\": 306.8800048828125, \"text\": \" You need to tell them versus asking them.\", \"tokens\": [51046, 509, 643, 281, 980, 552, 5717, 3365, 552, 13, 51186], \"temperature\": 0.0, \"avg_logprob\": -0.22862139344215393, \"compression_ratio\": 1.8867924213409424, \"no_speech_prob\": 0.010985366068780422}, {\"id\": 178, \"seek\": 29044, \"start\": 306.8800048828125, \"end\": 308.7200012207031, \"text\": \" You need to speak from a more authority standpoint\", \"tokens\": [51186, 509, 643, 281, 1710, 490, 257, 544, 8281, 15827, 51278], \"temperature\": 0.0, \"avg_logprob\": -0.22862139344215393, \"compression_ratio\": 1.8867924213409424, \"no_speech_prob\": 0.010985366068780422}, {\"id\": 179, \"seek\": 29044, \"start\": 308.7200012207031, \"end\": 310.67999267578125, \"text\": \" where it's like, all right, we're gonna do this.\", \"tokens\": [51278, 689, 309, 311, 411, 11, 439, 558, 11, 321, 434, 799, 360, 341, 13, 51376], \"temperature\": 0.0, \"avg_logprob\": -0.22862139344215393, \"compression_ratio\": 1.8867924213409424, \"no_speech_prob\": 0.010985366068780422}, {\"id\": 180, \"seek\": 29044, \"start\": 310.67999267578125, \"end\": 312.5799865722656, \"text\": \" Yeah, hey, let's do this, blah, blah, blah.\", \"tokens\": [51376, 865, 11, 4177, 11, 718, 311, 360, 341, 11, 12288, 11, 12288, 11, 12288, 13, 51471], \"temperature\": 0.0, \"avg_logprob\": -0.22862139344215393, \"compression_ratio\": 1.8867924213409424, \"no_speech_prob\": 0.010985366068780422}, {\"id\": 181, \"seek\": 29044, \"start\": 312.5799865722656, \"end\": 314.9599914550781, \"text\": \" Versus like trying to get her permission\", \"tokens\": [51471, 12226, 301, 411, 1382, 281, 483, 720, 11226, 51590], \"temperature\": 0.0, \"avg_logprob\": -0.22862139344215393, \"compression_ratio\": 1.8867924213409424, \"no_speech_prob\": 0.010985366068780422}, {\"id\": 182, \"seek\": 29044, \"start\": 314.9599914550781, \"end\": 315.79998779296875, \"text\": \" or what she thinks or whatever.\", \"tokens\": [51590, 420, 437, 750, 7309, 420, 2035, 13, 51632], \"temperature\": 0.0, \"avg_logprob\": -0.22862139344215393, \"compression_ratio\": 1.8867924213409424, \"no_speech_prob\": 0.010985366068780422}, {\"id\": 183, \"seek\": 29044, \"start\": 315.79998779296875, \"end\": 317.44000244140625, \"text\": \" And the reality is most girls,\", \"tokens\": [51632, 400, 264, 4103, 307, 881, 4519, 11, 51714], \"temperature\": 0.0, \"avg_logprob\": -0.22862139344215393, \"compression_ratio\": 1.8867924213409424, \"no_speech_prob\": 0.010985366068780422}, {\"id\": 184, \"seek\": 29044, \"start\": 317.44000244140625, \"end\": 319.4800109863281, \"text\": \" if you say it in a convincing manner,\", \"tokens\": [51714, 498, 291, 584, 309, 294, 257, 24823, 9060, 11, 51816], \"temperature\": 0.0, \"avg_logprob\": -0.22862139344215393, \"compression_ratio\": 1.8867924213409424, \"no_speech_prob\": 0.010985366068780422}, {\"id\": 185, \"seek\": 31948, \"start\": 319.5199890136719, \"end\": 320.67999267578125, \"text\": \" they're gonna follow along\", \"tokens\": [50366, 436, 434, 799, 1524, 2051, 50424], \"temperature\": 0.0, \"avg_logprob\": -0.2650052309036255, \"compression_ratio\": 1.7438691854476929, \"no_speech_prob\": 9.609963308321312e-05}, {\"id\": 186, \"seek\": 31948, \"start\": 320.67999267578125, \"end\": 322.7200012207031, \"text\": \" even if they might not necessarily agree with it all the way.\", \"tokens\": [50424, 754, 498, 436, 1062, 406, 4725, 3986, 365, 309, 439, 264, 636, 13, 50526], \"temperature\": 0.0, \"avg_logprob\": -0.2650052309036255, \"compression_ratio\": 1.7438691854476929, \"no_speech_prob\": 9.609963308321312e-05}, {\"id\": 187, \"seek\": 31948, \"start\": 322.7200012207031, \"end\": 324.0799865722656, \"text\": \" It's amazing when you just sound\", \"tokens\": [50526, 467, 311, 2243, 562, 291, 445, 1626, 50594], \"temperature\": 0.0, \"avg_logprob\": -0.2650052309036255, \"compression_ratio\": 1.7438691854476929, \"no_speech_prob\": 9.609963308321312e-05}, {\"id\": 188, \"seek\": 31948, \"start\": 324.0799865722656, \"end\": 324.9200134277344, \"text\": \" like you know what you're doing,\", \"tokens\": [50594, 411, 291, 458, 437, 291, 434, 884, 11, 50636], \"temperature\": 0.0, \"avg_logprob\": -0.2650052309036255, \"compression_ratio\": 1.7438691854476929, \"no_speech_prob\": 9.609963308321312e-05}, {\"id\": 189, \"seek\": 31948, \"start\": 324.9200134277344, \"end\": 326.0400085449219, \"text\": \" how they just follow along.\", \"tokens\": [50636, 577, 436, 445, 1524, 2051, 13, 50692], \"temperature\": 0.0, \"avg_logprob\": -0.2650052309036255, \"compression_ratio\": 1.7438691854476929, \"no_speech_prob\": 9.609963308321312e-05}, {\"id\": 190, \"seek\": 31948, \"start\": 326.0400085449219, \"end\": 328.0400085449219, \"text\": \" Questions put it in her frame, that's why.\", \"tokens\": [50692, 27738, 829, 309, 294, 720, 3920, 11, 300, 311, 983, 13, 50792], \"temperature\": 0.0, \"avg_logprob\": -0.2650052309036255, \"compression_ratio\": 1.7438691854476929, \"no_speech_prob\": 9.609963308321312e-05}, {\"id\": 191, \"seek\": 31948, \"start\": 328.0400085449219, \"end\": 330.760009765625, \"text\": \" I recommend Way of the Wolf by Jordan Belfort.\", \"tokens\": [50792, 286, 2748, 9558, 295, 264, 16634, 538, 10979, 363, 1967, 477, 13, 50928], \"temperature\": 0.0, \"avg_logprob\": -0.2650052309036255, \"compression_ratio\": 1.7438691854476929, \"no_speech_prob\": 9.609963308321312e-05}, {\"id\": 192, \"seek\": 31948, \"start\": 330.760009765625, \"end\": 333.67999267578125, \"text\": \" Chapter seven goes over these 10 tonalities that he uses.\", \"tokens\": [50928, 18874, 3407, 1709, 670, 613, 1266, 2952, 16110, 300, 415, 4960, 13, 51074], \"temperature\": 0.0, \"avg_logprob\": -0.2650052309036255, \"compression_ratio\": 1.7438691854476929, \"no_speech_prob\": 9.609963308321312e-05}, {\"id\": 193, \"seek\": 31948, \"start\": 333.67999267578125, \"end\": 335.55999755859375, \"text\": \" One of them is called absolute certainty.\", \"tokens\": [51074, 1485, 295, 552, 307, 1219, 8236, 27022, 13, 51168], \"temperature\": 0.0, \"avg_logprob\": -0.2650052309036255, \"compression_ratio\": 1.7438691854476929, \"no_speech_prob\": 9.609963308321312e-05}, {\"id\": 194, \"seek\": 31948, \"start\": 335.55999755859375, \"end\": 337.0799865722656, \"text\": \" That is the one salespeople use\", \"tokens\": [51168, 663, 307, 264, 472, 5763, 21123, 764, 51244], \"temperature\": 0.0, \"avg_logprob\": -0.2650052309036255, \"compression_ratio\": 1.7438691854476929, \"no_speech_prob\": 9.609963308321312e-05}, {\"id\": 195, \"seek\": 31948, \"start\": 337.0799865722656, \"end\": 339.05999755859375, \"text\": \" and the one often you can use with women.\", \"tokens\": [51244, 293, 264, 472, 2049, 291, 393, 764, 365, 2266, 13, 51343], \"temperature\": 0.0, \"avg_logprob\": -0.2650052309036255, \"compression_ratio\": 1.7438691854476929, \"no_speech_prob\": 9.609963308321312e-05}, {\"id\": 196, \"seek\": 31948, \"start\": 339.05999755859375, \"end\": 341.0400085449219, \"text\": \" I mean, if you ask girls what they're doing right now,\", \"tokens\": [51343, 286, 914, 11, 498, 291, 1029, 4519, 437, 436, 434, 884, 558, 586, 11, 51442], \"temperature\": 0.0, \"avg_logprob\": -0.2650052309036255, \"compression_ratio\": 1.7438691854476929, \"no_speech_prob\": 9.609963308321312e-05}, {\"id\": 197, \"seek\": 31948, \"start\": 341.0400085449219, \"end\": 342.6000061035156, \"text\": \" they say, oh, I'm just going with the flow.\", \"tokens\": [51442, 436, 584, 11, 1954, 11, 286, 478, 445, 516, 365, 264, 3095, 13, 51520], \"temperature\": 0.0, \"avg_logprob\": -0.2650052309036255, \"compression_ratio\": 1.7438691854476929, \"no_speech_prob\": 9.609963308321312e-05}, {\"id\": 198, \"seek\": 31948, \"start\": 342.6000061035156, \"end\": 344.1199951171875, \"text\": \" So if you can lead the flow, you win.\", \"tokens\": [51520, 407, 498, 291, 393, 1477, 264, 3095, 11, 291, 1942, 13, 51596], \"temperature\": 0.0, \"avg_logprob\": -0.2650052309036255, \"compression_ratio\": 1.7438691854476929, \"no_speech_prob\": 9.609963308321312e-05}, {\"id\": 199, \"seek\": 31948, \"start\": 344.1199951171875, \"end\": 345.2799987792969, \"text\": \" Yeah, that's very true.\", \"tokens\": [51596, 865, 11, 300, 311, 588, 2074, 13, 51654], \"temperature\": 0.0, \"avg_logprob\": -0.2650052309036255, \"compression_ratio\": 1.7438691854476929, \"no_speech_prob\": 9.609963308321312e-05}, {\"id\": 200, \"seek\": 31948, \"start\": 345.2799987792969, \"end\": 347.239990234375, \"text\": \" They prefer to go with the flow.\", \"tokens\": [51654, 814, 4382, 281, 352, 365, 264, 3095, 13, 51752], \"temperature\": 0.0, \"avg_logprob\": -0.2650052309036255, \"compression_ratio\": 1.7438691854476929, \"no_speech_prob\": 9.609963308321312e-05}]}"}