{"title": "Does Palestine Have the Right To Defend Themselves, Just Like Israel?", "video_id": "7GBirTO4RwI", "video_url": "https://www.youtube.com/watch?v=7GBirTO4RwI", "description": "Watch The Full Thing Here : https://youtu.be/HdiPvYn4B_c?si=Wbt5Aecz_7QYokV7\n\u2014\u2014\u2014\u2014\u2014\u2014\u2014\u2014\u2014\u2014\u2014\u2014\u2014\u2014\u2014\u2014\u2014\u2014\u2014\u2014\nReady to build a network of amazing women and high-status men?\n\nMichael\u2019s Men of Action is a one-on-one Master\u2019s program that teaches men how to create elite \nsocial lives by becoming higher status.\n\nClick this link to learn how you can have a High-Status lifestyle now:\nhttps://m.moamentoring.com/podcast\n\nClick here to join the Men of Action community and watch the High-Status Networking 101 course:\nhttps://m.moamentoring.com/moa-community\n\nInterested in joining the Men of Action sales team? Apply here:\nhttps://www.moamentoring.com/jobs/sales\n\nMen of Action has an affiliate program! Post pre-made content and get paid passively:\nhttps://www.moamentoring.com/affiliate\n\u2014\u2014\u2014\u2014\u2014\u2014\u2014\u2014\u2014\u2014\u2014\u2014\u2014\u2014\u2014\u2014\u2014\u2014\u2014\u2014\n\nSubscribe on Youtube: \nhttps://www.youtube.com/user/MichaelSartain\n\nListen on Apple Podcast: \nhttps://podcasts.apple.com/us/podcast/the-michael-sartain-podcast/id1579791157\n\nListen on Spotify: \nhttps://open.spotify.com/show/2faAYwvDD9Bvkpwv6umlPO?si=8Q3ak9HnSlKjuChsTXr6YQ&dl_branch=1\n\n#michael #michaelsartain #michael_sartain #michael_sartain_podcast", "published_at": "2023-12-19T13:45:00Z", "channel_id": "UC0T1bDzajVefRWx4uKdGyuw", "channel_title": "Michael Sartain", "tags": ["Michael", "Michael Sartain", "Michael Sartain Podcast", "Michael Podcast", "MOA", "Men Of Action", "Michael Sartain Course", "Michael Sartain With Hot Women", "Playboy", "Swimsuit", "Swimsuit Competition", "ichael sartain social circle", "social circle", "how to netowrk", "moa", "moa podcast", "gender wage gap", "gender wage gap myth", "wage gap", "social value", "michael sartain course", "looks money status", "social circle mentorship", "michael sartain social circle game", "men of action podcast", "men of action course"], "category_id": "24", "live_broadcast_content": "none", "duration": 384.0, "dimension": "2d", "definition": "hd", "caption": "false", "view_count": 1256, "like_count": 57, "comment_count": 12, "channel_info": {"title": "Michael Sartain", "description": "\ud83c\udf99Host of The\u00a0Michael Sartain Podcast \n\n\ud83d\udd25Teaching you how to build a network of desirable women and high-status men\n\n\ud83d\udc47 Click the \"Men of Action\" link below now to forge a high-status lifestyle and join the elites \n", "subscriber_count": "80500", "total_views": "29545897", "total_videos": "1481"}, "comments": [], "file_path": "/Users/aelaguiz/workspace/fc_book/audio/raws/7GBirTO4RwI.mp3", "transcription": "{\"text\": \"Like, one of the things that I've had a huge, because I've actually debated some white supremacists also on this concept, this idea that Hitler had rebuilt Germany's economy and then he was man of the year for time, which is still madness when you consider, if you guys go look it up, time man of the year in 1938 or 39 was just f***ing madness. Like literally, the September of that year he invades Poland, just f***ing madness when you consider this. They burned down the Reichstag, just imagine if we had a political figure in this country right now who like, who like. Well actually there is somebody, SBF. Which is this? The Sam Begfried. Oh yeah, of course, of course. Yeah, he was on like, I think he was on time too. Yeah, yeah, exactly. Time does it good, dude. They can pick winners. So anyway, so he does this thing and then he rebuilds their economy by starting to manufacture all these weapons in order to start a war. That's cheating. And not only is he doing that, he's doing it using money that he's borrowing from other European countries. I'm sorry bro, I don't give Adolf Hitler any credit for rebuilding the German economy. He did it, it's basically by saying, you got big by taking steroids. I'm not giving you credit for that. He's using other people's money and he's doing it for nefarious reasons in order to launch an attack on France. But then people say, well the US does the same thing. You know, when we want to stimulate economy, we'll go have a war. We go, we're the biggest, you know, dealer or buyer of weapons. For sure. So we have a deal that's $800 billion and our GDP is 23 trillion. So it's not quite the same portion. And also we're the financial capital of the world. So just fixed equities alone trumps whatever military spending is. So I don't think that's, it definitely is accurate that we do create a lot, but we also sell those arms to other countries. Every country in the world. We have- But like if we look back into World War I or II, like that's what got us out of the great depression was war. Yeah, for sure. That definitely, that helped a lot. A manufacturing economy is probably what helped a lot in that type of situation. Anyway, the point I was trying to make is Adolf Hitler did this thing where it was like the Jews are dumb and they're taking over your banking economy. Like how can it be both? It can't be both. Yeah, yeah. Do you understand what I'm saying? Yeah. And the thing is, what would happen is I am totally for those two sides negotiating, but they have to both negotiate in good faith. Literally I can't say, Hey man, let me find a good way for us to exit this deal. And your response is, I agree with you except you need to die. Like that's, do you understand what I'm saying? Yep. I've negotiated with people in bad faith. Well, like who they're negotiating in bad faith and I'm like, this is never going to get done. Like you're not even like, you don't get it. If I, if I'm, if I'm part, if I'm Netanyahu and I'm, I'm negotiating with Hamas, then there has to be, you have to go, Hey Hamas, what would make you happy in this deal? If the response is the complete destruction of the Israeli state, what's the next step for us? And if you read the charter of Hamas from 1988, it literally says the destruction of the Israeli state. Yeah. How do you negotiate with them? Please someone stop me. Tell me where I'm wrong here. I, Andrew Tate went on a Pierce Morgan two days ago and he goes and he's, you know, obviously very pro Palestine and the stuff he's saying isn't wrong, but he's just talking about one side of it. Um, there's an issue that's going on here, but the problem is you have to have two sides that can, that can debate in good faith. And in this, in this, in this case they, they cannot. That's it. And the other thing is that's really problematic is you can't debate in good faith when it's emotion based. But again, what is the emotion? The emotion is I believe in Ishmael and you believe in Jacob. That's the difference. And because we believe in these two different things, we can't find a common ground. Your belief in Ishmael, for those of you don't understand, we're talking about the formation of Islam versus Judaism. If you, if you believe in that and your own, the only way is it says in your book that the infidel must be crushed, then how are we supposed to be able to come to some kind of agreement? Yeah. And that's, and I said this before too, it's like, look, the Bible says what it says. The Quran says what it says. That's what it says. That's what the Quran says. You know, granted in the Bible, like the Jews were told to kill certain people at certain times, but in the new Testament it went away. Yes. And so it's like, we as Christians don't believe that at all. Right. But that's in the Quran. Yeah. We don't have to exterminate the Muslims like that. That's not a thing. That's not. Correct. But that's in the Quran to get rid of those. To get rid of the infidels. And it's, and you're willing to, you are allowed to lie to the infidels and say whatever you need to say. So my only point is this, like I want them to go, that when you ask for the ceasefire, that's fine, but don't ask for the ceasefire so that you can build up your forces and then attack again. Right. If you ask for the ceasefire, once you ask for the ceasefire, the next thing you need to do is say, Hey, maybe Hamas attacking on October 7th was the problem. Therefore let's remove Hamas from our leadership so that this doesn't happen again and we can work on a better solution, which might include taking some of those areas of Israel and annexing them into Jordan and other countries so that we just don't do this anymore. Do you ever think about that? Like if it's bad enough, then like let's, you know, it's just one of these things where Israel has the right to defend themselves and so does Palestine. They have the right to defend themselves too, but it's, it's, it's, it's outrageous for people to think that they shouldn't, you know, the same thing in Ukraine. I was telling my friends this the other day, I'm not from New Mexico. If Mexico invaded New Mexico, I would go enlist right back into the military and I would do everything I can to protect us citizens in New Mexico. That makes sense to me. For some reason it doesn't make sense in other places in the world. It's rational for people to behave in this way on both sides. So let's have empathy for both sides and then let's try to negotiate in good faith. But we can't if I'm trying to find a solution and you're trying to kill me. That's my point. Yep. No, you're right. You're right. So back to just this idea of somehow we keep talking about dating and then it goes back to like Israel and Palestine. Here's what it is. Everything we've talked about here is objective truth versus feelings. That's it. That's essentially what happens. Okay. An objective truth is you have biases and I have biases and our biases are based on how we grew up and our stimulus and our genetics. That's where our biases come from. If we understand these biases, the first place we can start from is I don't hate you. And your beliefs are not based because you're a bad person. They're based on stimulus that you received before I ever met you. And so from that point we can find a common ground. That's the same in dating, the same in Ukraine, the same in Israel, the same in intersexual dynamics, the same with economics, all these different things. You have to figure out why people are motivated to do the things they're doing. \", \"segments\": [{\"id\": 0, \"seek\": 0, \"start\": 0.0, \"end\": 3.880000114440918, \"text\": \" Like, one of the things that I've had a huge, because I've actually debated some white supremacists\", \"tokens\": [50364, 1743, 11, 472, 295, 264, 721, 300, 286, 600, 632, 257, 2603, 11, 570, 286, 600, 767, 42212, 512, 2418, 23710, 326, 1751, 50558], \"temperature\": 0.0, \"avg_logprob\": -0.34030675888061523, \"compression_ratio\": 1.7280967235565186, \"no_speech_prob\": 0.004753708839416504}, {\"id\": 1, \"seek\": 0, \"start\": 3.880000114440918, \"end\": 8.399999618530273, \"text\": \" also on this concept, this idea that Hitler had rebuilt Germany's economy and then he\", \"tokens\": [50558, 611, 322, 341, 3410, 11, 341, 1558, 300, 19038, 632, 38532, 7244, 311, 5010, 293, 258, 268, 415, 50784], \"temperature\": 0.0, \"avg_logprob\": -0.34030675888061523, \"compression_ratio\": 1.7280967235565186, \"no_speech_prob\": 0.004753708839416504}, {\"id\": 2, \"seek\": 0, \"start\": 8.399999618530273, \"end\": 12.4399995803833, \"text\": \" was man of the year for time, which is still madness when you consider, if you guys go\", \"tokens\": [50784, 390, 587, 295, 264, 1064, 337, 565, 11, 597, 307, 920, 28736, 562, 291, 1949, 11, 498, 291, 1074, 352, 50986], \"temperature\": 0.0, \"avg_logprob\": -0.34030675888061523, \"compression_ratio\": 1.7280967235565186, \"no_speech_prob\": 0.004753708839416504}, {\"id\": 3, \"seek\": 0, \"start\": 12.4399995803833, \"end\": 17.079999923706055, \"text\": \" look it up, time man of the year in 1938 or 39 was just f***ing madness.\", \"tokens\": [50986, 574, 309, 493, 11, 565, 587, 295, 264, 1064, 294, 46398, 420, 15238, 390, 445, 283, 13684, 278, 28736, 13, 51218], \"temperature\": 0.0, \"avg_logprob\": -0.34030675888061523, \"compression_ratio\": 1.7280967235565186, \"no_speech_prob\": 0.004753708839416504}, {\"id\": 4, \"seek\": 0, \"start\": 17.079999923706055, \"end\": 21.760000228881836, \"text\": \" Like literally, the September of that year he invades Poland, just f***ing madness when\", \"tokens\": [51218, 1743, 3736, 11, 264, 7216, 295, 300, 1064, 415, 1048, 2977, 15950, 11, 445, 283, 13684, 278, 28736, 562, 51452], \"temperature\": 0.0, \"avg_logprob\": -0.34030675888061523, \"compression_ratio\": 1.7280967235565186, \"no_speech_prob\": 0.004753708839416504}, {\"id\": 5, \"seek\": 0, \"start\": 21.760000228881836, \"end\": 22.760000228881836, \"text\": \" you consider this.\", \"tokens\": [51452, 291, 1949, 341, 13, 51502], \"temperature\": 0.0, \"avg_logprob\": -0.34030675888061523, \"compression_ratio\": 1.7280967235565186, \"no_speech_prob\": 0.004753708839416504}, {\"id\": 6, \"seek\": 0, \"start\": 22.760000228881836, \"end\": 26.200000762939453, \"text\": \" They burned down the Reichstag, just imagine if we had a political figure in this country\", \"tokens\": [51502, 814, 13490, 760, 264, 33111, 37077, 11, 445, 3811, 498, 321, 632, 257, 3905, 2573, 294, 341, 1941, 51674], \"temperature\": 0.0, \"avg_logprob\": -0.34030675888061523, \"compression_ratio\": 1.7280967235565186, \"no_speech_prob\": 0.004753708839416504}, {\"id\": 7, \"seek\": 0, \"start\": 26.200000762939453, \"end\": 28.079999923706055, \"text\": \" right now who like, who like.\", \"tokens\": [51674, 558, 586, 567, 411, 11, 567, 411, 13, 51768], \"temperature\": 0.0, \"avg_logprob\": -0.34030675888061523, \"compression_ratio\": 1.7280967235565186, \"no_speech_prob\": 0.004753708839416504}, {\"id\": 8, \"seek\": 2808, \"start\": 28.639999389648438, \"end\": 31.200000762939453, \"text\": \" Well actually there is somebody, SBF.\", \"tokens\": [50392, 1042, 767, 456, 307, 2618, 11, 26944, 37, 13, 50520], \"temperature\": 0.0, \"avg_logprob\": -0.3276444673538208, \"compression_ratio\": 1.6372880935668945, \"no_speech_prob\": 0.0012065749615430832}, {\"id\": 9, \"seek\": 2808, \"start\": 31.200000762939453, \"end\": 32.20000076293945, \"text\": \" Which is this?\", \"tokens\": [50520, 3013, 307, 341, 30, 50570], \"temperature\": 0.0, \"avg_logprob\": -0.3276444673538208, \"compression_ratio\": 1.6372880935668945, \"no_speech_prob\": 0.0012065749615430832}, {\"id\": 10, \"seek\": 2808, \"start\": 32.20000076293945, \"end\": 33.20000076293945, \"text\": \" The Sam Begfried.\", \"tokens\": [50570, 440, 4832, 879, 70, 5779, 1091, 13, 50620], \"temperature\": 0.0, \"avg_logprob\": -0.3276444673538208, \"compression_ratio\": 1.6372880935668945, \"no_speech_prob\": 0.0012065749615430832}, {\"id\": 11, \"seek\": 2808, \"start\": 33.20000076293945, \"end\": 34.20000076293945, \"text\": \" Oh yeah, of course, of course.\", \"tokens\": [50620, 876, 1338, 11, 295, 1164, 11, 295, 1164, 13, 50670], \"temperature\": 0.0, \"avg_logprob\": -0.3276444673538208, \"compression_ratio\": 1.6372880935668945, \"no_speech_prob\": 0.0012065749615430832}, {\"id\": 12, \"seek\": 2808, \"start\": 34.20000076293945, \"end\": 36.52000045776367, \"text\": \" Yeah, he was on like, I think he was on time too.\", \"tokens\": [50670, 865, 11, 415, 390, 322, 411, 11, 286, 519, 415, 390, 322, 565, 886, 13, 50786], \"temperature\": 0.0, \"avg_logprob\": -0.3276444673538208, \"compression_ratio\": 1.6372880935668945, \"no_speech_prob\": 0.0012065749615430832}, {\"id\": 13, \"seek\": 2808, \"start\": 36.52000045776367, \"end\": 37.880001068115234, \"text\": \" Yeah, yeah, exactly.\", \"tokens\": [50786, 865, 11, 1338, 11, 2293, 13, 50854], \"temperature\": 0.0, \"avg_logprob\": -0.3276444673538208, \"compression_ratio\": 1.6372880935668945, \"no_speech_prob\": 0.0012065749615430832}, {\"id\": 14, \"seek\": 2808, \"start\": 37.880001068115234, \"end\": 39.31999969482422, \"text\": \" Time does it good, dude.\", \"tokens\": [50854, 6161, 775, 309, 665, 11, 6449, 13, 50926], \"temperature\": 0.0, \"avg_logprob\": -0.3276444673538208, \"compression_ratio\": 1.6372880935668945, \"no_speech_prob\": 0.0012065749615430832}, {\"id\": 15, \"seek\": 2808, \"start\": 39.31999969482422, \"end\": 40.31999969482422, \"text\": \" They can pick winners.\", \"tokens\": [50926, 814, 393, 1888, 17193, 13, 50976], \"temperature\": 0.0, \"avg_logprob\": -0.3276444673538208, \"compression_ratio\": 1.6372880935668945, \"no_speech_prob\": 0.0012065749615430832}, {\"id\": 16, \"seek\": 2808, \"start\": 40.31999969482422, \"end\": 46.560001373291016, \"text\": \" So anyway, so he does this thing and then he rebuilds their economy by starting to manufacture\", \"tokens\": [50976, 407, 4033, 11, 370, 415, 775, 341, 551, 293, 550, 415, 16877, 82, 641, 5010, 538, 2891, 281, 27400, 51288], \"temperature\": 0.0, \"avg_logprob\": -0.3276444673538208, \"compression_ratio\": 1.6372880935668945, \"no_speech_prob\": 0.0012065749615430832}, {\"id\": 17, \"seek\": 2808, \"start\": 46.560001373291016, \"end\": 48.7599983215332, \"text\": \" all these weapons in order to start a war.\", \"tokens\": [51288, 439, 613, 7278, 294, 1668, 281, 722, 257, 1516, 13, 51398], \"temperature\": 0.0, \"avg_logprob\": -0.3276444673538208, \"compression_ratio\": 1.6372880935668945, \"no_speech_prob\": 0.0012065749615430832}, {\"id\": 18, \"seek\": 2808, \"start\": 48.7599983215332, \"end\": 49.7599983215332, \"text\": \" That's cheating.\", \"tokens\": [51398, 663, 311, 18309, 13, 51448], \"temperature\": 0.0, \"avg_logprob\": -0.3276444673538208, \"compression_ratio\": 1.6372880935668945, \"no_speech_prob\": 0.0012065749615430832}, {\"id\": 19, \"seek\": 2808, \"start\": 49.7599983215332, \"end\": 52.91999816894531, \"text\": \" And not only is he doing that, he's doing it using money that he's borrowing from other\", \"tokens\": [51448, 400, 406, 787, 307, 415, 884, 300, 11, 415, 311, 884, 309, 1228, 1460, 300, 415, 311, 35024, 490, 661, 51606], \"temperature\": 0.0, \"avg_logprob\": -0.3276444673538208, \"compression_ratio\": 1.6372880935668945, \"no_speech_prob\": 0.0012065749615430832}, {\"id\": 20, \"seek\": 2808, \"start\": 52.91999816894531, \"end\": 53.91999816894531, \"text\": \" European countries.\", \"tokens\": [51606, 6473, 3517, 13, 51656], \"temperature\": 0.0, \"avg_logprob\": -0.3276444673538208, \"compression_ratio\": 1.6372880935668945, \"no_speech_prob\": 0.0012065749615430832}, {\"id\": 21, \"seek\": 5392, \"start\": 53.91999816894531, \"end\": 58.68000030517578, \"text\": \" I'm sorry bro, I don't give Adolf Hitler any credit for rebuilding the German economy.\", \"tokens\": [50364, 286, 478, 2597, 2006, 11, 286, 500, 380, 976, 1999, 7491, 19038, 604, 5397, 337, 36717, 264, 6521, 5010, 13, 50602], \"temperature\": 0.0, \"avg_logprob\": -0.24968130886554718, \"compression_ratio\": 1.6188925504684448, \"no_speech_prob\": 0.460917204618454}, {\"id\": 22, \"seek\": 5392, \"start\": 58.68000030517578, \"end\": 61.84000015258789, \"text\": \" He did it, it's basically by saying, you got big by taking steroids.\", \"tokens\": [50602, 634, 630, 309, 11, 309, 311, 1936, 538, 1566, 11, 291, 658, 955, 538, 1940, 45717, 13, 50760], \"temperature\": 0.0, \"avg_logprob\": -0.24968130886554718, \"compression_ratio\": 1.6188925504684448, \"no_speech_prob\": 0.460917204618454}, {\"id\": 23, \"seek\": 5392, \"start\": 61.84000015258789, \"end\": 63.31999969482422, \"text\": \" I'm not giving you credit for that.\", \"tokens\": [50760, 286, 478, 406, 2902, 291, 5397, 337, 300, 13, 50834], \"temperature\": 0.0, \"avg_logprob\": -0.24968130886554718, \"compression_ratio\": 1.6188925504684448, \"no_speech_prob\": 0.460917204618454}, {\"id\": 24, \"seek\": 5392, \"start\": 63.31999969482422, \"end\": 67.23999786376953, \"text\": \" He's using other people's money and he's doing it for nefarious reasons in order to launch\", \"tokens\": [50834, 634, 311, 1228, 661, 561, 311, 1460, 293, 415, 311, 884, 309, 337, 408, 21196, 851, 4112, 294, 1668, 281, 4025, 51030], \"temperature\": 0.0, \"avg_logprob\": -0.24968130886554718, \"compression_ratio\": 1.6188925504684448, \"no_speech_prob\": 0.460917204618454}, {\"id\": 25, \"seek\": 5392, \"start\": 67.23999786376953, \"end\": 68.23999786376953, \"text\": \" an attack on France.\", \"tokens\": [51030, 364, 2690, 322, 6190, 13, 51080], \"temperature\": 0.0, \"avg_logprob\": -0.24968130886554718, \"compression_ratio\": 1.6188925504684448, \"no_speech_prob\": 0.460917204618454}, {\"id\": 26, \"seek\": 5392, \"start\": 68.23999786376953, \"end\": 70.12000274658203, \"text\": \" But then people say, well the US does the same thing.\", \"tokens\": [51080, 583, 550, 561, 584, 11, 731, 264, 2546, 775, 264, 912, 551, 13, 51174], \"temperature\": 0.0, \"avg_logprob\": -0.24968130886554718, \"compression_ratio\": 1.6188925504684448, \"no_speech_prob\": 0.460917204618454}, {\"id\": 27, \"seek\": 5392, \"start\": 70.12000274658203, \"end\": 72.5999984741211, \"text\": \" You know, when we want to stimulate economy, we'll go have a war.\", \"tokens\": [51174, 509, 458, 11, 562, 321, 528, 281, 31269, 5010, 11, 321, 603, 352, 362, 257, 1516, 13, 51298], \"temperature\": 0.0, \"avg_logprob\": -0.24968130886554718, \"compression_ratio\": 1.6188925504684448, \"no_speech_prob\": 0.460917204618454}, {\"id\": 28, \"seek\": 5392, \"start\": 72.5999984741211, \"end\": 76.36000061035156, \"text\": \" We go, we're the biggest, you know, dealer or buyer of weapons.\", \"tokens\": [51298, 492, 352, 11, 321, 434, 264, 3880, 11, 291, 458, 11, 24896, 420, 24645, 295, 7278, 13, 51486], \"temperature\": 0.0, \"avg_logprob\": -0.24968130886554718, \"compression_ratio\": 1.6188925504684448, \"no_speech_prob\": 0.460917204618454}, {\"id\": 29, \"seek\": 5392, \"start\": 76.36000061035156, \"end\": 77.36000061035156, \"text\": \" For sure.\", \"tokens\": [51486, 1171, 988, 13, 51536], \"temperature\": 0.0, \"avg_logprob\": -0.24968130886554718, \"compression_ratio\": 1.6188925504684448, \"no_speech_prob\": 0.460917204618454}, {\"id\": 30, \"seek\": 7736, \"start\": 77.36000061035156, \"end\": 84.63999938964844, \"text\": \" So we have a deal that's $800 billion and our GDP is 23 trillion.\", \"tokens\": [50364, 407, 321, 362, 257, 2028, 300, 311, 1848, 14423, 5218, 293, 527, 19599, 307, 6673, 18723, 13, 50728], \"temperature\": 0.0, \"avg_logprob\": -0.29169124364852905, \"compression_ratio\": 1.5945017337799072, \"no_speech_prob\": 0.511588454246521}, {\"id\": 31, \"seek\": 7736, \"start\": 84.63999938964844, \"end\": 86.80000305175781, \"text\": \" So it's not quite the same portion.\", \"tokens\": [50728, 407, 309, 311, 406, 1596, 264, 912, 8044, 13, 50836], \"temperature\": 0.0, \"avg_logprob\": -0.29169124364852905, \"compression_ratio\": 1.5945017337799072, \"no_speech_prob\": 0.511588454246521}, {\"id\": 32, \"seek\": 7736, \"start\": 86.80000305175781, \"end\": 89.44000244140625, \"text\": \" And also we're the financial capital of the world.\", \"tokens\": [50836, 400, 611, 321, 434, 264, 4669, 4238, 295, 264, 1002, 13, 50968], \"temperature\": 0.0, \"avg_logprob\": -0.29169124364852905, \"compression_ratio\": 1.5945017337799072, \"no_speech_prob\": 0.511588454246521}, {\"id\": 33, \"seek\": 7736, \"start\": 89.44000244140625, \"end\": 93.72000122070312, \"text\": \" So just fixed equities alone trumps whatever military spending is.\", \"tokens\": [50968, 407, 445, 6806, 1267, 1088, 3312, 504, 16951, 2035, 4632, 6434, 307, 13, 51182], \"temperature\": 0.0, \"avg_logprob\": -0.29169124364852905, \"compression_ratio\": 1.5945017337799072, \"no_speech_prob\": 0.511588454246521}, {\"id\": 34, \"seek\": 7736, \"start\": 93.72000122070312, \"end\": 97.4800033569336, \"text\": \" So I don't think that's, it definitely is accurate that we do create a lot, but we also\", \"tokens\": [51182, 407, 286, 500, 380, 519, 300, 311, 11, 309, 2138, 307, 8559, 300, 321, 360, 1884, 257, 688, 11, 457, 321, 611, 51370], \"temperature\": 0.0, \"avg_logprob\": -0.29169124364852905, \"compression_ratio\": 1.5945017337799072, \"no_speech_prob\": 0.511588454246521}, {\"id\": 35, \"seek\": 7736, \"start\": 97.4800033569336, \"end\": 99.23999786376953, \"text\": \" sell those arms to other countries.\", \"tokens\": [51370, 3607, 729, 5812, 281, 661, 3517, 13, 51458], \"temperature\": 0.0, \"avg_logprob\": -0.29169124364852905, \"compression_ratio\": 1.5945017337799072, \"no_speech_prob\": 0.511588454246521}, {\"id\": 36, \"seek\": 7736, \"start\": 99.23999786376953, \"end\": 100.23999786376953, \"text\": \" Every country in the world.\", \"tokens\": [51458, 2048, 1941, 294, 264, 1002, 13, 51508], \"temperature\": 0.0, \"avg_logprob\": -0.29169124364852905, \"compression_ratio\": 1.5945017337799072, \"no_speech_prob\": 0.511588454246521}, {\"id\": 37, \"seek\": 7736, \"start\": 100.23999786376953, \"end\": 101.23999786376953, \"text\": \" We have-\", \"tokens\": [51508, 492, 362, 12, 51558], \"temperature\": 0.0, \"avg_logprob\": -0.29169124364852905, \"compression_ratio\": 1.5945017337799072, \"no_speech_prob\": 0.511588454246521}, {\"id\": 38, \"seek\": 7736, \"start\": 101.23999786376953, \"end\": 106.0, \"text\": \" But like if we look back into World War I or II, like that's what got us out of the\", \"tokens\": [51558, 583, 411, 498, 321, 574, 646, 666, 3937, 3630, 286, 420, 6351, 11, 411, 300, 311, 437, 658, 505, 484, 295, 264, 51796], \"temperature\": 0.0, \"avg_logprob\": -0.29169124364852905, \"compression_ratio\": 1.5945017337799072, \"no_speech_prob\": 0.511588454246521}, {\"id\": 39, \"seek\": 10600, \"start\": 106.0, \"end\": 108.12000274658203, \"text\": \" great depression was war.\", \"tokens\": [50364, 869, 10799, 390, 1516, 13, 50470], \"temperature\": 0.0, \"avg_logprob\": -0.25037866830825806, \"compression_ratio\": 1.6918238401412964, \"no_speech_prob\": 0.054196588695049286}, {\"id\": 40, \"seek\": 10600, \"start\": 108.12000274658203, \"end\": 109.12000274658203, \"text\": \" Yeah, for sure.\", \"tokens\": [50470, 865, 11, 337, 988, 13, 50520], \"temperature\": 0.0, \"avg_logprob\": -0.25037866830825806, \"compression_ratio\": 1.6918238401412964, \"no_speech_prob\": 0.054196588695049286}, {\"id\": 41, \"seek\": 10600, \"start\": 109.12000274658203, \"end\": 110.12000274658203, \"text\": \" That definitely, that helped a lot.\", \"tokens\": [50520, 663, 2138, 11, 300, 4254, 257, 688, 13, 50570], \"temperature\": 0.0, \"avg_logprob\": -0.25037866830825806, \"compression_ratio\": 1.6918238401412964, \"no_speech_prob\": 0.054196588695049286}, {\"id\": 42, \"seek\": 10600, \"start\": 110.12000274658203, \"end\": 114.55999755859375, \"text\": \" A manufacturing economy is probably what helped a lot in that type of situation.\", \"tokens\": [50570, 316, 11096, 5010, 307, 1391, 437, 4254, 257, 688, 294, 300, 2010, 295, 2590, 13, 50792], \"temperature\": 0.0, \"avg_logprob\": -0.25037866830825806, \"compression_ratio\": 1.6918238401412964, \"no_speech_prob\": 0.054196588695049286}, {\"id\": 43, \"seek\": 10600, \"start\": 114.55999755859375, \"end\": 118.04000091552734, \"text\": \" Anyway, the point I was trying to make is Adolf Hitler did this thing where it was like\", \"tokens\": [50792, 5684, 11, 264, 935, 286, 390, 1382, 281, 652, 307, 1999, 7491, 19038, 630, 341, 551, 689, 309, 390, 411, 50966], \"temperature\": 0.0, \"avg_logprob\": -0.25037866830825806, \"compression_ratio\": 1.6918238401412964, \"no_speech_prob\": 0.054196588695049286}, {\"id\": 44, \"seek\": 10600, \"start\": 118.04000091552734, \"end\": 121.4800033569336, \"text\": \" the Jews are dumb and they're taking over your banking economy.\", \"tokens\": [50966, 264, 11041, 366, 10316, 293, 436, 434, 1940, 670, 428, 18261, 5010, 13, 51138], \"temperature\": 0.0, \"avg_logprob\": -0.25037866830825806, \"compression_ratio\": 1.6918238401412964, \"no_speech_prob\": 0.054196588695049286}, {\"id\": 45, \"seek\": 10600, \"start\": 121.4800033569336, \"end\": 122.4800033569336, \"text\": \" Like how can it be both?\", \"tokens\": [51138, 1743, 577, 393, 309, 312, 1293, 30, 51188], \"temperature\": 0.0, \"avg_logprob\": -0.25037866830825806, \"compression_ratio\": 1.6918238401412964, \"no_speech_prob\": 0.054196588695049286}, {\"id\": 46, \"seek\": 10600, \"start\": 122.4800033569336, \"end\": 123.4800033569336, \"text\": \" It can't be both.\", \"tokens\": [51188, 467, 393, 380, 312, 1293, 13, 51238], \"temperature\": 0.0, \"avg_logprob\": -0.25037866830825806, \"compression_ratio\": 1.6918238401412964, \"no_speech_prob\": 0.054196588695049286}, {\"id\": 47, \"seek\": 10600, \"start\": 123.4800033569336, \"end\": 124.4800033569336, \"text\": \" Yeah, yeah.\", \"tokens\": [51238, 865, 11, 1338, 13, 51288], \"temperature\": 0.0, \"avg_logprob\": -0.25037866830825806, \"compression_ratio\": 1.6918238401412964, \"no_speech_prob\": 0.054196588695049286}, {\"id\": 48, \"seek\": 10600, \"start\": 124.4800033569336, \"end\": 125.4800033569336, \"text\": \" Do you understand what I'm saying?\", \"tokens\": [51288, 1144, 291, 1223, 437, 286, 478, 1566, 30, 51338], \"temperature\": 0.0, \"avg_logprob\": -0.25037866830825806, \"compression_ratio\": 1.6918238401412964, \"no_speech_prob\": 0.054196588695049286}, {\"id\": 49, \"seek\": 10600, \"start\": 125.4800033569336, \"end\": 126.4800033569336, \"text\": \" Yeah.\", \"tokens\": [51338, 865, 13, 51388], \"temperature\": 0.0, \"avg_logprob\": -0.25037866830825806, \"compression_ratio\": 1.6918238401412964, \"no_speech_prob\": 0.054196588695049286}, {\"id\": 50, \"seek\": 10600, \"start\": 126.4800033569336, \"end\": 130.36000061035156, \"text\": \" And the thing is, what would happen is I am totally for those two sides negotiating, but\", \"tokens\": [51388, 400, 264, 551, 307, 11, 437, 576, 1051, 307, 286, 669, 3879, 337, 729, 732, 4881, 30396, 11, 457, 51582], \"temperature\": 0.0, \"avg_logprob\": -0.25037866830825806, \"compression_ratio\": 1.6918238401412964, \"no_speech_prob\": 0.054196588695049286}, {\"id\": 51, \"seek\": 10600, \"start\": 130.36000061035156, \"end\": 132.39999389648438, \"text\": \" they have to both negotiate in good faith.\", \"tokens\": [51582, 436, 362, 281, 1293, 21713, 294, 665, 4522, 13, 51684], \"temperature\": 0.0, \"avg_logprob\": -0.25037866830825806, \"compression_ratio\": 1.6918238401412964, \"no_speech_prob\": 0.054196588695049286}, {\"id\": 52, \"seek\": 13240, \"start\": 132.39999389648438, \"end\": 136.39999389648438, \"text\": \" Literally I can't say, Hey man, let me find a good way for us to exit this deal.\", \"tokens\": [50364, 23768, 286, 393, 380, 584, 11, 1911, 587, 11, 718, 385, 915, 257, 665, 636, 337, 505, 281, 11043, 341, 2028, 13, 50564], \"temperature\": 0.0, \"avg_logprob\": -0.23159125447273254, \"compression_ratio\": 1.816384196281433, \"no_speech_prob\": 0.2597908675670624}, {\"id\": 53, \"seek\": 13240, \"start\": 136.39999389648438, \"end\": 139.44000244140625, \"text\": \" And your response is, I agree with you except you need to die.\", \"tokens\": [50564, 400, 428, 4134, 307, 11, 286, 3986, 365, 291, 3993, 291, 643, 281, 978, 13, 50716], \"temperature\": 0.0, \"avg_logprob\": -0.23159125447273254, \"compression_ratio\": 1.816384196281433, \"no_speech_prob\": 0.2597908675670624}, {\"id\": 54, \"seek\": 13240, \"start\": 139.44000244140625, \"end\": 140.83999633789062, \"text\": \" Like that's, do you understand what I'm saying?\", \"tokens\": [50716, 1743, 300, 311, 11, 360, 291, 1223, 437, 286, 478, 1566, 30, 50786], \"temperature\": 0.0, \"avg_logprob\": -0.23159125447273254, \"compression_ratio\": 1.816384196281433, \"no_speech_prob\": 0.2597908675670624}, {\"id\": 55, \"seek\": 13240, \"start\": 140.83999633789062, \"end\": 141.83999633789062, \"text\": \" Yep.\", \"tokens\": [50786, 7010, 13, 50836], \"temperature\": 0.0, \"avg_logprob\": -0.23159125447273254, \"compression_ratio\": 1.816384196281433, \"no_speech_prob\": 0.2597908675670624}, {\"id\": 56, \"seek\": 13240, \"start\": 141.83999633789062, \"end\": 142.83999633789062, \"text\": \" I've negotiated with people in bad faith.\", \"tokens\": [50836, 286, 600, 39028, 365, 561, 294, 1578, 4522, 13, 50886], \"temperature\": 0.0, \"avg_logprob\": -0.23159125447273254, \"compression_ratio\": 1.816384196281433, \"no_speech_prob\": 0.2597908675670624}, {\"id\": 57, \"seek\": 13240, \"start\": 142.83999633789062, \"end\": 146.8800048828125, \"text\": \" Well, like who they're negotiating in bad faith and I'm like, this is never going to\", \"tokens\": [50886, 1042, 11, 411, 567, 436, 434, 30396, 294, 1578, 4522, 293, 286, 478, 411, 11, 341, 307, 1128, 516, 281, 51088], \"temperature\": 0.0, \"avg_logprob\": -0.23159125447273254, \"compression_ratio\": 1.816384196281433, \"no_speech_prob\": 0.2597908675670624}, {\"id\": 58, \"seek\": 13240, \"start\": 146.8800048828125, \"end\": 147.8800048828125, \"text\": \" get done.\", \"tokens\": [51088, 483, 1096, 13, 51138], \"temperature\": 0.0, \"avg_logprob\": -0.23159125447273254, \"compression_ratio\": 1.816384196281433, \"no_speech_prob\": 0.2597908675670624}, {\"id\": 59, \"seek\": 13240, \"start\": 147.8800048828125, \"end\": 148.8800048828125, \"text\": \" Like you're not even like, you don't get it.\", \"tokens\": [51138, 1743, 291, 434, 406, 754, 411, 11, 291, 500, 380, 483, 309, 13, 51188], \"temperature\": 0.0, \"avg_logprob\": -0.23159125447273254, \"compression_ratio\": 1.816384196281433, \"no_speech_prob\": 0.2597908675670624}, {\"id\": 60, \"seek\": 13240, \"start\": 148.8800048828125, \"end\": 153.16000366210938, \"text\": \" If I, if I'm, if I'm part, if I'm Netanyahu and I'm, I'm negotiating with Hamas, then\", \"tokens\": [51188, 759, 286, 11, 498, 286, 478, 11, 498, 286, 478, 644, 11, 498, 286, 478, 6188, 1325, 12156, 293, 286, 478, 11, 286, 478, 30396, 365, 8234, 296, 11, 550, 51402], \"temperature\": 0.0, \"avg_logprob\": -0.23159125447273254, \"compression_ratio\": 1.816384196281433, \"no_speech_prob\": 0.2597908675670624}, {\"id\": 61, \"seek\": 13240, \"start\": 153.16000366210938, \"end\": 157.0399932861328, \"text\": \" there has to be, you have to go, Hey Hamas, what would make you happy in this deal?\", \"tokens\": [51402, 456, 575, 281, 312, 11, 291, 362, 281, 352, 11, 1911, 8234, 296, 11, 437, 576, 652, 291, 2055, 294, 341, 2028, 30, 51596], \"temperature\": 0.0, \"avg_logprob\": -0.23159125447273254, \"compression_ratio\": 1.816384196281433, \"no_speech_prob\": 0.2597908675670624}, {\"id\": 62, \"seek\": 13240, \"start\": 157.0399932861328, \"end\": 160.9600067138672, \"text\": \" If the response is the complete destruction of the Israeli state, what's the next step\", \"tokens\": [51596, 759, 264, 4134, 307, 264, 3566, 13563, 295, 264, 19974, 1785, 11, 437, 311, 264, 958, 1823, 51792], \"temperature\": 0.0, \"avg_logprob\": -0.23159125447273254, \"compression_ratio\": 1.816384196281433, \"no_speech_prob\": 0.2597908675670624}, {\"id\": 63, \"seek\": 13240, \"start\": 160.9600067138672, \"end\": 161.9600067138672, \"text\": \" for us?\", \"tokens\": [51792, 337, 505, 30, 51842], \"temperature\": 0.0, \"avg_logprob\": -0.23159125447273254, \"compression_ratio\": 1.816384196281433, \"no_speech_prob\": 0.2597908675670624}, {\"id\": 64, \"seek\": 16196, \"start\": 162.9600067138672, \"end\": 167.9199981689453, \"text\": \" And if you read the charter of Hamas from 1988, it literally says the destruction of\", \"tokens\": [50414, 400, 498, 291, 1401, 264, 27472, 295, 8234, 296, 490, 27816, 11, 309, 3736, 1619, 264, 13563, 295, 50662], \"temperature\": 0.0, \"avg_logprob\": -0.2432766556739807, \"compression_ratio\": 1.5894039869308472, \"no_speech_prob\": 0.00189687660895288}, {\"id\": 65, \"seek\": 16196, \"start\": 167.9199981689453, \"end\": 168.9199981689453, \"text\": \" the Israeli state.\", \"tokens\": [50662, 264, 19974, 1785, 13, 50712], \"temperature\": 0.0, \"avg_logprob\": -0.2432766556739807, \"compression_ratio\": 1.5894039869308472, \"no_speech_prob\": 0.00189687660895288}, {\"id\": 66, \"seek\": 16196, \"start\": 168.9199981689453, \"end\": 169.9199981689453, \"text\": \" Yeah.\", \"tokens\": [50712, 865, 13, 50762], \"temperature\": 0.0, \"avg_logprob\": -0.2432766556739807, \"compression_ratio\": 1.5894039869308472, \"no_speech_prob\": 0.00189687660895288}, {\"id\": 67, \"seek\": 16196, \"start\": 169.9199981689453, \"end\": 171.1999969482422, \"text\": \" How do you negotiate with them?\", \"tokens\": [50762, 1012, 360, 291, 21713, 365, 552, 30, 50826], \"temperature\": 0.0, \"avg_logprob\": -0.2432766556739807, \"compression_ratio\": 1.5894039869308472, \"no_speech_prob\": 0.00189687660895288}, {\"id\": 68, \"seek\": 16196, \"start\": 171.1999969482422, \"end\": 172.63999938964844, \"text\": \" Please someone stop me.\", \"tokens\": [50826, 2555, 1580, 1590, 385, 13, 50898], \"temperature\": 0.0, \"avg_logprob\": -0.2432766556739807, \"compression_ratio\": 1.5894039869308472, \"no_speech_prob\": 0.00189687660895288}, {\"id\": 69, \"seek\": 16196, \"start\": 172.63999938964844, \"end\": 173.63999938964844, \"text\": \" Tell me where I'm wrong here.\", \"tokens\": [50898, 5115, 385, 689, 286, 478, 2085, 510, 13, 50948], \"temperature\": 0.0, \"avg_logprob\": -0.2432766556739807, \"compression_ratio\": 1.5894039869308472, \"no_speech_prob\": 0.00189687660895288}, {\"id\": 70, \"seek\": 16196, \"start\": 173.63999938964844, \"end\": 177.47999572753906, \"text\": \" I, Andrew Tate went on a Pierce Morgan two days ago and he goes and he's, you know, obviously\", \"tokens\": [50948, 286, 11, 10110, 314, 473, 1437, 322, 257, 45432, 16724, 732, 1708, 2057, 293, 415, 1709, 293, 415, 311, 11, 291, 458, 11, 2745, 51140], \"temperature\": 0.0, \"avg_logprob\": -0.2432766556739807, \"compression_ratio\": 1.5894039869308472, \"no_speech_prob\": 0.00189687660895288}, {\"id\": 71, \"seek\": 16196, \"start\": 177.47999572753906, \"end\": 181.8000030517578, \"text\": \" very pro Palestine and the stuff he's saying isn't wrong, but he's just talking about one\", \"tokens\": [51140, 588, 447, 33030, 293, 264, 1507, 415, 311, 1566, 1943, 380, 2085, 11, 457, 415, 311, 445, 1417, 466, 472, 51356], \"temperature\": 0.0, \"avg_logprob\": -0.2432766556739807, \"compression_ratio\": 1.5894039869308472, \"no_speech_prob\": 0.00189687660895288}, {\"id\": 72, \"seek\": 16196, \"start\": 181.8000030517578, \"end\": 182.8000030517578, \"text\": \" side of it.\", \"tokens\": [51356, 1252, 295, 309, 13, 51406], \"temperature\": 0.0, \"avg_logprob\": -0.2432766556739807, \"compression_ratio\": 1.5894039869308472, \"no_speech_prob\": 0.00189687660895288}, {\"id\": 73, \"seek\": 16196, \"start\": 182.8000030517578, \"end\": 188.0800018310547, \"text\": \" Um, there's an issue that's going on here, but the problem is you have to have two sides\", \"tokens\": [51406, 3301, 11, 456, 311, 364, 2734, 300, 311, 516, 322, 510, 11, 457, 264, 1154, 307, 291, 362, 281, 362, 732, 4881, 51670], \"temperature\": 0.0, \"avg_logprob\": -0.2432766556739807, \"compression_ratio\": 1.5894039869308472, \"no_speech_prob\": 0.00189687660895288}, {\"id\": 74, \"seek\": 18808, \"start\": 188.0800018310547, \"end\": 190.16000366210938, \"text\": \" that can, that can debate in good faith.\", \"tokens\": [50364, 300, 393, 11, 300, 393, 7958, 294, 665, 4522, 13, 50468], \"temperature\": 0.0, \"avg_logprob\": -0.237967848777771, \"compression_ratio\": 1.9254658222198486, \"no_speech_prob\": 0.2597905993461609}, {\"id\": 75, \"seek\": 18808, \"start\": 190.16000366210938, \"end\": 192.9199981689453, \"text\": \" And in this, in this, in this case they, they cannot.\", \"tokens\": [50468, 400, 294, 341, 11, 294, 341, 11, 294, 341, 1389, 436, 11, 436, 2644, 13, 50606], \"temperature\": 0.0, \"avg_logprob\": -0.237967848777771, \"compression_ratio\": 1.9254658222198486, \"no_speech_prob\": 0.2597905993461609}, {\"id\": 76, \"seek\": 18808, \"start\": 192.9199981689453, \"end\": 193.9199981689453, \"text\": \" That's it.\", \"tokens\": [50606, 663, 311, 309, 13, 50656], \"temperature\": 0.0, \"avg_logprob\": -0.237967848777771, \"compression_ratio\": 1.9254658222198486, \"no_speech_prob\": 0.2597905993461609}, {\"id\": 77, \"seek\": 18808, \"start\": 193.9199981689453, \"end\": 197.16000366210938, \"text\": \" And the other thing is that's really problematic is you can't debate in good faith when it's\", \"tokens\": [50656, 400, 264, 661, 551, 307, 300, 311, 534, 19011, 307, 291, 393, 380, 7958, 294, 665, 4522, 562, 309, 311, 50818], \"temperature\": 0.0, \"avg_logprob\": -0.237967848777771, \"compression_ratio\": 1.9254658222198486, \"no_speech_prob\": 0.2597905993461609}, {\"id\": 78, \"seek\": 18808, \"start\": 197.16000366210938, \"end\": 198.16000366210938, \"text\": \" emotion based.\", \"tokens\": [50818, 8913, 2361, 13, 50868], \"temperature\": 0.0, \"avg_logprob\": -0.237967848777771, \"compression_ratio\": 1.9254658222198486, \"no_speech_prob\": 0.2597905993461609}, {\"id\": 79, \"seek\": 18808, \"start\": 198.16000366210938, \"end\": 199.55999755859375, \"text\": \" But again, what is the emotion?\", \"tokens\": [50868, 583, 797, 11, 437, 307, 264, 8913, 30, 50938], \"temperature\": 0.0, \"avg_logprob\": -0.237967848777771, \"compression_ratio\": 1.9254658222198486, \"no_speech_prob\": 0.2597905993461609}, {\"id\": 80, \"seek\": 18808, \"start\": 199.55999755859375, \"end\": 203.36000061035156, \"text\": \" The emotion is I believe in Ishmael and you believe in Jacob.\", \"tokens\": [50938, 440, 8913, 307, 286, 1697, 294, 1119, 22061, 338, 293, 291, 1697, 294, 14117, 13, 51128], \"temperature\": 0.0, \"avg_logprob\": -0.237967848777771, \"compression_ratio\": 1.9254658222198486, \"no_speech_prob\": 0.2597905993461609}, {\"id\": 81, \"seek\": 18808, \"start\": 203.36000061035156, \"end\": 204.36000061035156, \"text\": \" That's the difference.\", \"tokens\": [51128, 663, 311, 264, 2649, 13, 51178], \"temperature\": 0.0, \"avg_logprob\": -0.237967848777771, \"compression_ratio\": 1.9254658222198486, \"no_speech_prob\": 0.2597905993461609}, {\"id\": 82, \"seek\": 18808, \"start\": 204.36000061035156, \"end\": 207.89999389648438, \"text\": \" And because we believe in these two different things, we can't find a common ground.\", \"tokens\": [51178, 400, 570, 321, 1697, 294, 613, 732, 819, 721, 11, 321, 393, 380, 915, 257, 2689, 2727, 13, 51355], \"temperature\": 0.0, \"avg_logprob\": -0.237967848777771, \"compression_ratio\": 1.9254658222198486, \"no_speech_prob\": 0.2597905993461609}, {\"id\": 83, \"seek\": 18808, \"start\": 207.89999389648438, \"end\": 211.0, \"text\": \" Your belief in Ishmael, for those of you don't understand, we're talking about the formation\", \"tokens\": [51355, 2260, 7107, 294, 1119, 22061, 338, 11, 337, 729, 295, 291, 500, 380, 1223, 11, 321, 434, 1417, 466, 264, 11723, 51510], \"temperature\": 0.0, \"avg_logprob\": -0.237967848777771, \"compression_ratio\": 1.9254658222198486, \"no_speech_prob\": 0.2597905993461609}, {\"id\": 84, \"seek\": 18808, \"start\": 211.0, \"end\": 213.17999267578125, \"text\": \" of Islam versus Judaism.\", \"tokens\": [51510, 295, 8571, 5717, 37797, 13, 51619], \"temperature\": 0.0, \"avg_logprob\": -0.237967848777771, \"compression_ratio\": 1.9254658222198486, \"no_speech_prob\": 0.2597905993461609}, {\"id\": 85, \"seek\": 18808, \"start\": 213.17999267578125, \"end\": 217.27999877929688, \"text\": \" If you, if you believe in that and your own, the only way is it says in your book that\", \"tokens\": [51619, 759, 291, 11, 498, 291, 1697, 294, 300, 293, 428, 1065, 11, 264, 787, 636, 307, 309, 1619, 294, 428, 1446, 300, 51824], \"temperature\": 0.0, \"avg_logprob\": -0.237967848777771, \"compression_ratio\": 1.9254658222198486, \"no_speech_prob\": 0.2597905993461609}, {\"id\": 86, \"seek\": 21728, \"start\": 217.27999877929688, \"end\": 221.67999267578125, \"text\": \" the infidel must be crushed, then how are we supposed to be able to come to some kind\", \"tokens\": [50364, 264, 1536, 16189, 1633, 312, 19889, 11, 550, 577, 366, 321, 3442, 281, 312, 1075, 281, 808, 281, 512, 733, 50584], \"temperature\": 0.0, \"avg_logprob\": -0.222875714302063, \"compression_ratio\": 1.7940075397491455, \"no_speech_prob\": 0.2421862930059433}, {\"id\": 87, \"seek\": 21728, \"start\": 221.67999267578125, \"end\": 222.67999267578125, \"text\": \" of agreement?\", \"tokens\": [50584, 295, 8106, 30, 50634], \"temperature\": 0.0, \"avg_logprob\": -0.222875714302063, \"compression_ratio\": 1.7940075397491455, \"no_speech_prob\": 0.2421862930059433}, {\"id\": 88, \"seek\": 21728, \"start\": 222.67999267578125, \"end\": 223.67999267578125, \"text\": \" Yeah.\", \"tokens\": [50634, 865, 13, 50684], \"temperature\": 0.0, \"avg_logprob\": -0.222875714302063, \"compression_ratio\": 1.7940075397491455, \"no_speech_prob\": 0.2421862930059433}, {\"id\": 89, \"seek\": 21728, \"start\": 223.67999267578125, \"end\": 228.16000366210938, \"text\": \" And that's, and I said this before too, it's like, look, the Bible says what it says.\", \"tokens\": [50684, 400, 300, 311, 11, 293, 286, 848, 341, 949, 886, 11, 309, 311, 411, 11, 574, 11, 264, 6544, 1619, 437, 309, 1619, 13, 50908], \"temperature\": 0.0, \"avg_logprob\": -0.222875714302063, \"compression_ratio\": 1.7940075397491455, \"no_speech_prob\": 0.2421862930059433}, {\"id\": 90, \"seek\": 21728, \"start\": 228.16000366210938, \"end\": 230.8000030517578, \"text\": \" The Quran says what it says.\", \"tokens\": [50908, 440, 19375, 1619, 437, 309, 1619, 13, 51040], \"temperature\": 0.0, \"avg_logprob\": -0.222875714302063, \"compression_ratio\": 1.7940075397491455, \"no_speech_prob\": 0.2421862930059433}, {\"id\": 91, \"seek\": 21728, \"start\": 230.8000030517578, \"end\": 231.8000030517578, \"text\": \" That's what it says.\", \"tokens\": [51040, 663, 311, 437, 309, 1619, 13, 51090], \"temperature\": 0.0, \"avg_logprob\": -0.222875714302063, \"compression_ratio\": 1.7940075397491455, \"no_speech_prob\": 0.2421862930059433}, {\"id\": 92, \"seek\": 21728, \"start\": 231.8000030517578, \"end\": 232.8000030517578, \"text\": \" That's what the Quran says.\", \"tokens\": [51090, 663, 311, 437, 264, 19375, 1619, 13, 51140], \"temperature\": 0.0, \"avg_logprob\": -0.222875714302063, \"compression_ratio\": 1.7940075397491455, \"no_speech_prob\": 0.2421862930059433}, {\"id\": 93, \"seek\": 21728, \"start\": 232.8000030517578, \"end\": 239.36000061035156, \"text\": \" You know, granted in the Bible, like the Jews were told to kill certain people at certain\", \"tokens\": [51140, 509, 458, 11, 12344, 294, 264, 6544, 11, 411, 264, 11041, 645, 1907, 281, 1961, 1629, 561, 412, 1629, 51468], \"temperature\": 0.0, \"avg_logprob\": -0.222875714302063, \"compression_ratio\": 1.7940075397491455, \"no_speech_prob\": 0.2421862930059433}, {\"id\": 94, \"seek\": 21728, \"start\": 239.36000061035156, \"end\": 241.75999450683594, \"text\": \" times, but in the new Testament it went away.\", \"tokens\": [51468, 1413, 11, 457, 294, 264, 777, 15473, 309, 1437, 1314, 13, 51588], \"temperature\": 0.0, \"avg_logprob\": -0.222875714302063, \"compression_ratio\": 1.7940075397491455, \"no_speech_prob\": 0.2421862930059433}, {\"id\": 95, \"seek\": 21728, \"start\": 241.75999450683594, \"end\": 242.75999450683594, \"text\": \" Yes.\", \"tokens\": [51588, 1079, 13, 51638], \"temperature\": 0.0, \"avg_logprob\": -0.222875714302063, \"compression_ratio\": 1.7940075397491455, \"no_speech_prob\": 0.2421862930059433}, {\"id\": 96, \"seek\": 21728, \"start\": 242.75999450683594, \"end\": 245.16000366210938, \"text\": \" And so it's like, we as Christians don't believe that at all.\", \"tokens\": [51638, 400, 370, 309, 311, 411, 11, 321, 382, 12254, 500, 380, 1697, 300, 412, 439, 13, 51758], \"temperature\": 0.0, \"avg_logprob\": -0.222875714302063, \"compression_ratio\": 1.7940075397491455, \"no_speech_prob\": 0.2421862930059433}, {\"id\": 97, \"seek\": 21728, \"start\": 245.16000366210938, \"end\": 246.16000366210938, \"text\": \" Right.\", \"tokens\": [51758, 1779, 13, 51808], \"temperature\": 0.0, \"avg_logprob\": -0.222875714302063, \"compression_ratio\": 1.7940075397491455, \"no_speech_prob\": 0.2421862930059433}, {\"id\": 98, \"seek\": 24616, \"start\": 246.16000366210938, \"end\": 247.16000366210938, \"text\": \" But that's in the Quran.\", \"tokens\": [50364, 583, 300, 311, 294, 264, 19375, 13, 50414], \"temperature\": 0.0, \"avg_logprob\": -0.2260947972536087, \"compression_ratio\": 1.989830493927002, \"no_speech_prob\": 0.04742284491658211}, {\"id\": 99, \"seek\": 24616, \"start\": 247.16000366210938, \"end\": 248.16000366210938, \"text\": \" Yeah.\", \"tokens\": [50414, 865, 13, 50464], \"temperature\": 0.0, \"avg_logprob\": -0.2260947972536087, \"compression_ratio\": 1.989830493927002, \"no_speech_prob\": 0.04742284491658211}, {\"id\": 100, \"seek\": 24616, \"start\": 248.16000366210938, \"end\": 250.55999755859375, \"text\": \" We don't have to exterminate the Muslims like that.\", \"tokens\": [50464, 492, 500, 380, 362, 281, 48628, 473, 264, 14793, 411, 300, 13, 50584], \"temperature\": 0.0, \"avg_logprob\": -0.2260947972536087, \"compression_ratio\": 1.989830493927002, \"no_speech_prob\": 0.04742284491658211}, {\"id\": 101, \"seek\": 24616, \"start\": 250.55999755859375, \"end\": 251.55999755859375, \"text\": \" That's not a thing.\", \"tokens\": [50584, 663, 311, 406, 257, 551, 13, 50634], \"temperature\": 0.0, \"avg_logprob\": -0.2260947972536087, \"compression_ratio\": 1.989830493927002, \"no_speech_prob\": 0.04742284491658211}, {\"id\": 102, \"seek\": 24616, \"start\": 251.55999755859375, \"end\": 252.55999755859375, \"text\": \" That's not.\", \"tokens\": [50634, 663, 311, 406, 13, 50684], \"temperature\": 0.0, \"avg_logprob\": -0.2260947972536087, \"compression_ratio\": 1.989830493927002, \"no_speech_prob\": 0.04742284491658211}, {\"id\": 103, \"seek\": 24616, \"start\": 252.55999755859375, \"end\": 253.55999755859375, \"text\": \" Correct.\", \"tokens\": [50684, 12753, 13, 50734], \"temperature\": 0.0, \"avg_logprob\": -0.2260947972536087, \"compression_ratio\": 1.989830493927002, \"no_speech_prob\": 0.04742284491658211}, {\"id\": 104, \"seek\": 24616, \"start\": 253.55999755859375, \"end\": 255.27999877929688, \"text\": \" But that's in the Quran to get rid of those.\", \"tokens\": [50734, 583, 300, 311, 294, 264, 19375, 281, 483, 3973, 295, 729, 13, 50820], \"temperature\": 0.0, \"avg_logprob\": -0.2260947972536087, \"compression_ratio\": 1.989830493927002, \"no_speech_prob\": 0.04742284491658211}, {\"id\": 105, \"seek\": 24616, \"start\": 255.27999877929688, \"end\": 256.3599853515625, \"text\": \" To get rid of the infidels.\", \"tokens\": [50820, 1407, 483, 3973, 295, 264, 1536, 327, 1625, 13, 50874], \"temperature\": 0.0, \"avg_logprob\": -0.2260947972536087, \"compression_ratio\": 1.989830493927002, \"no_speech_prob\": 0.04742284491658211}, {\"id\": 106, \"seek\": 24616, \"start\": 256.3599853515625, \"end\": 259.4800109863281, \"text\": \" And it's, and you're willing to, you are allowed to lie to the infidels and say whatever you\", \"tokens\": [50874, 400, 309, 311, 11, 293, 291, 434, 4950, 281, 11, 291, 366, 4350, 281, 4544, 281, 264, 1536, 327, 1625, 293, 584, 2035, 291, 51030], \"temperature\": 0.0, \"avg_logprob\": -0.2260947972536087, \"compression_ratio\": 1.989830493927002, \"no_speech_prob\": 0.04742284491658211}, {\"id\": 107, \"seek\": 24616, \"start\": 259.4800109863281, \"end\": 260.4800109863281, \"text\": \" need to say.\", \"tokens\": [51030, 643, 281, 584, 13, 51080], \"temperature\": 0.0, \"avg_logprob\": -0.2260947972536087, \"compression_ratio\": 1.989830493927002, \"no_speech_prob\": 0.04742284491658211}, {\"id\": 108, \"seek\": 24616, \"start\": 260.4800109863281, \"end\": 264.1199951171875, \"text\": \" So my only point is this, like I want them to go, that when you ask for the ceasefire,\", \"tokens\": [51080, 407, 452, 787, 935, 307, 341, 11, 411, 286, 528, 552, 281, 352, 11, 300, 562, 291, 1029, 337, 264, 27887, 12037, 11, 51262], \"temperature\": 0.0, \"avg_logprob\": -0.2260947972536087, \"compression_ratio\": 1.989830493927002, \"no_speech_prob\": 0.04742284491658211}, {\"id\": 109, \"seek\": 24616, \"start\": 264.1199951171875, \"end\": 267.44000244140625, \"text\": \" that's fine, but don't ask for the ceasefire so that you can build up your forces and then\", \"tokens\": [51262, 300, 311, 2489, 11, 457, 500, 380, 1029, 337, 264, 27887, 12037, 370, 300, 291, 393, 1322, 493, 428, 5874, 293, 550, 51428], \"temperature\": 0.0, \"avg_logprob\": -0.2260947972536087, \"compression_ratio\": 1.989830493927002, \"no_speech_prob\": 0.04742284491658211}, {\"id\": 110, \"seek\": 24616, \"start\": 267.44000244140625, \"end\": 268.44000244140625, \"text\": \" attack again.\", \"tokens\": [51428, 2690, 797, 13, 51478], \"temperature\": 0.0, \"avg_logprob\": -0.2260947972536087, \"compression_ratio\": 1.989830493927002, \"no_speech_prob\": 0.04742284491658211}, {\"id\": 111, \"seek\": 24616, \"start\": 268.44000244140625, \"end\": 269.44000244140625, \"text\": \" Right.\", \"tokens\": [51478, 1779, 13, 51528], \"temperature\": 0.0, \"avg_logprob\": -0.2260947972536087, \"compression_ratio\": 1.989830493927002, \"no_speech_prob\": 0.04742284491658211}, {\"id\": 112, \"seek\": 24616, \"start\": 269.44000244140625, \"end\": 271.94000244140625, \"text\": \" If you ask for the ceasefire, once you ask for the ceasefire, the next thing you need\", \"tokens\": [51528, 759, 291, 1029, 337, 264, 27887, 12037, 11, 1564, 291, 1029, 337, 264, 27887, 12037, 11, 264, 958, 551, 291, 643, 51653], \"temperature\": 0.0, \"avg_logprob\": -0.2260947972536087, \"compression_ratio\": 1.989830493927002, \"no_speech_prob\": 0.04742284491658211}, {\"id\": 113, \"seek\": 27194, \"start\": 271.94000244140625, \"end\": 278.17999267578125, \"text\": \" to do is say, Hey, maybe Hamas attacking on October 7th was the problem.\", \"tokens\": [50364, 281, 360, 307, 584, 11, 1911, 11, 1310, 8234, 296, 15010, 322, 7617, 1614, 392, 390, 264, 1154, 13, 50676], \"temperature\": 0.0, \"avg_logprob\": -0.2545258104801178, \"compression_ratio\": 1.6211180686950684, \"no_speech_prob\": 0.23082415759563446}, {\"id\": 114, \"seek\": 27194, \"start\": 278.17999267578125, \"end\": 282.4200134277344, \"text\": \" Therefore let's remove Hamas from our leadership so that this doesn't happen again and we can\", \"tokens\": [50676, 7504, 718, 311, 4159, 8234, 296, 490, 527, 5848, 370, 300, 341, 1177, 380, 1051, 797, 293, 321, 393, 50888], \"temperature\": 0.0, \"avg_logprob\": -0.2545258104801178, \"compression_ratio\": 1.6211180686950684, \"no_speech_prob\": 0.23082415759563446}, {\"id\": 115, \"seek\": 27194, \"start\": 282.4200134277344, \"end\": 287.4800109863281, \"text\": \" work on a better solution, which might include taking some of those areas of Israel and annexing\", \"tokens\": [50888, 589, 322, 257, 1101, 3827, 11, 597, 1062, 4090, 1940, 512, 295, 729, 3179, 295, 5674, 293, 41012, 278, 51141], \"temperature\": 0.0, \"avg_logprob\": -0.2545258104801178, \"compression_ratio\": 1.6211180686950684, \"no_speech_prob\": 0.23082415759563446}, {\"id\": 116, \"seek\": 27194, \"start\": 287.4800109863281, \"end\": 291.5799865722656, \"text\": \" them into Jordan and other countries so that we just don't do this anymore.\", \"tokens\": [51141, 552, 666, 10979, 293, 661, 3517, 370, 300, 321, 445, 500, 380, 360, 341, 3602, 13, 51346], \"temperature\": 0.0, \"avg_logprob\": -0.2545258104801178, \"compression_ratio\": 1.6211180686950684, \"no_speech_prob\": 0.23082415759563446}, {\"id\": 117, \"seek\": 27194, \"start\": 291.5799865722656, \"end\": 292.9800109863281, \"text\": \" Do you ever think about that?\", \"tokens\": [51346, 1144, 291, 1562, 519, 466, 300, 30, 51416], \"temperature\": 0.0, \"avg_logprob\": -0.2545258104801178, \"compression_ratio\": 1.6211180686950684, \"no_speech_prob\": 0.23082415759563446}, {\"id\": 118, \"seek\": 27194, \"start\": 292.9800109863281, \"end\": 297.6199951171875, \"text\": \" Like if it's bad enough, then like let's, you know, it's just one of these things where\", \"tokens\": [51416, 1743, 498, 309, 311, 1578, 1547, 11, 550, 411, 718, 311, 11, 291, 458, 11, 309, 311, 445, 472, 295, 613, 721, 689, 51648], \"temperature\": 0.0, \"avg_logprob\": -0.2545258104801178, \"compression_ratio\": 1.6211180686950684, \"no_speech_prob\": 0.23082415759563446}, {\"id\": 119, \"seek\": 27194, \"start\": 297.6199951171875, \"end\": 299.6600036621094, \"text\": \" Israel has the right to defend themselves and so does Palestine.\", \"tokens\": [51648, 5674, 575, 264, 558, 281, 8602, 2969, 293, 370, 775, 33030, 13, 51750], \"temperature\": 0.0, \"avg_logprob\": -0.2545258104801178, \"compression_ratio\": 1.6211180686950684, \"no_speech_prob\": 0.23082415759563446}, {\"id\": 120, \"seek\": 29966, \"start\": 299.7799987792969, \"end\": 303.7799987792969, \"text\": \" They have the right to defend themselves too, but it's, it's, it's, it's outrageous for\", \"tokens\": [50370, 814, 362, 264, 558, 281, 8602, 2969, 886, 11, 457, 309, 311, 11, 309, 311, 11, 309, 311, 11, 309, 311, 38685, 337, 50570], \"temperature\": 0.0, \"avg_logprob\": -0.20555400848388672, \"compression_ratio\": 1.7272727489471436, \"no_speech_prob\": 0.02227742411196232}, {\"id\": 121, \"seek\": 29966, \"start\": 303.7799987792969, \"end\": 307.82000732421875, \"text\": \" people to think that they shouldn't, you know, the same thing in Ukraine.\", \"tokens\": [50570, 561, 281, 519, 300, 436, 4659, 380, 11, 291, 458, 11, 264, 912, 551, 294, 14081, 13, 50772], \"temperature\": 0.0, \"avg_logprob\": -0.20555400848388672, \"compression_ratio\": 1.7272727489471436, \"no_speech_prob\": 0.02227742411196232}, {\"id\": 122, \"seek\": 29966, \"start\": 307.82000732421875, \"end\": 311.70001220703125, \"text\": \" I was telling my friends this the other day, I'm not from New Mexico.\", \"tokens\": [50772, 286, 390, 3585, 452, 1855, 341, 264, 661, 786, 11, 286, 478, 406, 490, 1873, 8612, 13, 50966], \"temperature\": 0.0, \"avg_logprob\": -0.20555400848388672, \"compression_ratio\": 1.7272727489471436, \"no_speech_prob\": 0.02227742411196232}, {\"id\": 123, \"seek\": 29966, \"start\": 311.70001220703125, \"end\": 317.3399963378906, \"text\": \" If Mexico invaded New Mexico, I would go enlist right back into the military and I would do\", \"tokens\": [50966, 759, 8612, 35882, 1873, 8612, 11, 286, 576, 352, 465, 8264, 558, 646, 666, 264, 4632, 293, 286, 576, 360, 51248], \"temperature\": 0.0, \"avg_logprob\": -0.20555400848388672, \"compression_ratio\": 1.7272727489471436, \"no_speech_prob\": 0.02227742411196232}, {\"id\": 124, \"seek\": 29966, \"start\": 317.3399963378906, \"end\": 320.8599853515625, \"text\": \" everything I can to protect us citizens in New Mexico.\", \"tokens\": [51248, 1203, 286, 393, 281, 2371, 505, 7180, 294, 1873, 8612, 13, 51424], \"temperature\": 0.0, \"avg_logprob\": -0.20555400848388672, \"compression_ratio\": 1.7272727489471436, \"no_speech_prob\": 0.02227742411196232}, {\"id\": 125, \"seek\": 29966, \"start\": 320.8599853515625, \"end\": 321.8599853515625, \"text\": \" That makes sense to me.\", \"tokens\": [51424, 663, 1669, 2020, 281, 385, 13, 51474], \"temperature\": 0.0, \"avg_logprob\": -0.20555400848388672, \"compression_ratio\": 1.7272727489471436, \"no_speech_prob\": 0.02227742411196232}, {\"id\": 126, \"seek\": 29966, \"start\": 321.8599853515625, \"end\": 324.6199951171875, \"text\": \" For some reason it doesn't make sense in other places in the world.\", \"tokens\": [51474, 1171, 512, 1778, 309, 1177, 380, 652, 2020, 294, 661, 3190, 294, 264, 1002, 13, 51612], \"temperature\": 0.0, \"avg_logprob\": -0.20555400848388672, \"compression_ratio\": 1.7272727489471436, \"no_speech_prob\": 0.02227742411196232}, {\"id\": 127, \"seek\": 29966, \"start\": 324.6199951171875, \"end\": 328.17999267578125, \"text\": \" It's rational for people to behave in this way on both sides.\", \"tokens\": [51612, 467, 311, 15090, 337, 561, 281, 15158, 294, 341, 636, 322, 1293, 4881, 13, 51790], \"temperature\": 0.0, \"avg_logprob\": -0.20555400848388672, \"compression_ratio\": 1.7272727489471436, \"no_speech_prob\": 0.02227742411196232}, {\"id\": 128, \"seek\": 32818, \"start\": 328.17999267578125, \"end\": 331.4599914550781, \"text\": \" So let's have empathy for both sides and then let's try to negotiate in good faith.\", \"tokens\": [50364, 407, 718, 311, 362, 18701, 337, 1293, 4881, 293, 550, 718, 311, 853, 281, 21713, 294, 665, 4522, 13, 50528], \"temperature\": 0.0, \"avg_logprob\": -0.20059141516685486, \"compression_ratio\": 1.7802547216415405, \"no_speech_prob\": 0.061872027814388275}, {\"id\": 129, \"seek\": 32818, \"start\": 331.4599914550781, \"end\": 335.3800048828125, \"text\": \" But we can't if I'm trying to find a solution and you're trying to kill me.\", \"tokens\": [50528, 583, 321, 393, 380, 498, 286, 478, 1382, 281, 915, 257, 3827, 293, 291, 434, 1382, 281, 1961, 385, 13, 50724], \"temperature\": 0.0, \"avg_logprob\": -0.20059141516685486, \"compression_ratio\": 1.7802547216415405, \"no_speech_prob\": 0.061872027814388275}, {\"id\": 130, \"seek\": 32818, \"start\": 335.3800048828125, \"end\": 336.3800048828125, \"text\": \" That's my point.\", \"tokens\": [50724, 663, 311, 452, 935, 13, 50774], \"temperature\": 0.0, \"avg_logprob\": -0.20059141516685486, \"compression_ratio\": 1.7802547216415405, \"no_speech_prob\": 0.061872027814388275}, {\"id\": 131, \"seek\": 32818, \"start\": 336.3800048828125, \"end\": 337.3800048828125, \"text\": \" Yep.\", \"tokens\": [50774, 7010, 13, 50824], \"temperature\": 0.0, \"avg_logprob\": -0.20059141516685486, \"compression_ratio\": 1.7802547216415405, \"no_speech_prob\": 0.061872027814388275}, {\"id\": 132, \"seek\": 32818, \"start\": 337.3800048828125, \"end\": 338.3800048828125, \"text\": \" No, you're right.\", \"tokens\": [50824, 883, 11, 291, 434, 558, 13, 50874], \"temperature\": 0.0, \"avg_logprob\": -0.20059141516685486, \"compression_ratio\": 1.7802547216415405, \"no_speech_prob\": 0.061872027814388275}, {\"id\": 133, \"seek\": 32818, \"start\": 338.3800048828125, \"end\": 339.3800048828125, \"text\": \" You're right.\", \"tokens\": [50874, 509, 434, 558, 13, 50924], \"temperature\": 0.0, \"avg_logprob\": -0.20059141516685486, \"compression_ratio\": 1.7802547216415405, \"no_speech_prob\": 0.061872027814388275}, {\"id\": 134, \"seek\": 32818, \"start\": 339.3800048828125, \"end\": 344.8999938964844, \"text\": \" So back to just this idea of somehow we keep talking about dating and then it goes back\", \"tokens\": [50924, 407, 646, 281, 445, 341, 1558, 295, 6063, 321, 1066, 1417, 466, 10689, 293, 550, 309, 1709, 646, 51200], \"temperature\": 0.0, \"avg_logprob\": -0.20059141516685486, \"compression_ratio\": 1.7802547216415405, \"no_speech_prob\": 0.061872027814388275}, {\"id\": 135, \"seek\": 32818, \"start\": 344.8999938964844, \"end\": 347.2200012207031, \"text\": \" to like Israel and Palestine.\", \"tokens\": [51200, 281, 411, 5674, 293, 33030, 13, 51316], \"temperature\": 0.0, \"avg_logprob\": -0.20059141516685486, \"compression_ratio\": 1.7802547216415405, \"no_speech_prob\": 0.061872027814388275}, {\"id\": 136, \"seek\": 32818, \"start\": 347.2200012207031, \"end\": 348.2200012207031, \"text\": \" Here's what it is.\", \"tokens\": [51316, 1692, 311, 437, 309, 307, 13, 51366], \"temperature\": 0.0, \"avg_logprob\": -0.20059141516685486, \"compression_ratio\": 1.7802547216415405, \"no_speech_prob\": 0.061872027814388275}, {\"id\": 137, \"seek\": 32818, \"start\": 348.2200012207031, \"end\": 350.5, \"text\": \" Everything we've talked about here is objective truth versus feelings.\", \"tokens\": [51366, 5471, 321, 600, 2825, 466, 510, 307, 10024, 3494, 5717, 6640, 13, 51480], \"temperature\": 0.0, \"avg_logprob\": -0.20059141516685486, \"compression_ratio\": 1.7802547216415405, \"no_speech_prob\": 0.061872027814388275}, {\"id\": 138, \"seek\": 32818, \"start\": 350.5, \"end\": 351.5, \"text\": \" That's it.\", \"tokens\": [51480, 663, 311, 309, 13, 51530], \"temperature\": 0.0, \"avg_logprob\": -0.20059141516685486, \"compression_ratio\": 1.7802547216415405, \"no_speech_prob\": 0.061872027814388275}, {\"id\": 139, \"seek\": 32818, \"start\": 351.5, \"end\": 352.5, \"text\": \" That's essentially what happens.\", \"tokens\": [51530, 663, 311, 4476, 437, 2314, 13, 51580], \"temperature\": 0.0, \"avg_logprob\": -0.20059141516685486, \"compression_ratio\": 1.7802547216415405, \"no_speech_prob\": 0.061872027814388275}, {\"id\": 140, \"seek\": 32818, \"start\": 352.5, \"end\": 353.5, \"text\": \" Okay.\", \"tokens\": [51580, 1033, 13, 51630], \"temperature\": 0.0, \"avg_logprob\": -0.20059141516685486, \"compression_ratio\": 1.7802547216415405, \"no_speech_prob\": 0.061872027814388275}, {\"id\": 141, \"seek\": 32818, \"start\": 353.5, \"end\": 356.0799865722656, \"text\": \" An objective truth is you have biases and I have biases and our biases are based on how\", \"tokens\": [51630, 1107, 10024, 3494, 307, 291, 362, 32152, 293, 286, 362, 32152, 293, 527, 32152, 366, 2361, 322, 577, 51759], \"temperature\": 0.0, \"avg_logprob\": -0.20059141516685486, \"compression_ratio\": 1.7802547216415405, \"no_speech_prob\": 0.061872027814388275}, {\"id\": 142, \"seek\": 35608, \"start\": 356.0799865722656, \"end\": 358.8399963378906, \"text\": \" we grew up and our stimulus and our genetics.\", \"tokens\": [50364, 321, 6109, 493, 293, 527, 21366, 293, 527, 26516, 13, 50502], \"temperature\": 0.0, \"avg_logprob\": -0.2582620680332184, \"compression_ratio\": 1.841269850730896, \"no_speech_prob\": 0.051835305988788605}, {\"id\": 143, \"seek\": 35608, \"start\": 358.8399963378906, \"end\": 360.82000732421875, \"text\": \" That's where our biases come from.\", \"tokens\": [50502, 663, 311, 689, 527, 32152, 808, 490, 13, 50601], \"temperature\": 0.0, \"avg_logprob\": -0.2582620680332184, \"compression_ratio\": 1.841269850730896, \"no_speech_prob\": 0.051835305988788605}, {\"id\": 144, \"seek\": 35608, \"start\": 360.82000732421875, \"end\": 365.5400085449219, \"text\": \" If we understand these biases, the first place we can start from is I don't hate you.\", \"tokens\": [50601, 759, 321, 1223, 613, 32152, 11, 264, 700, 1081, 321, 393, 722, 490, 307, 286, 500, 380, 4700, 291, 13, 50837], \"temperature\": 0.0, \"avg_logprob\": -0.2582620680332184, \"compression_ratio\": 1.841269850730896, \"no_speech_prob\": 0.051835305988788605}, {\"id\": 145, \"seek\": 35608, \"start\": 365.5400085449219, \"end\": 368.739990234375, \"text\": \" And your beliefs are not based because you're a bad person.\", \"tokens\": [50837, 400, 428, 13585, 366, 406, 2361, 570, 291, 434, 257, 1578, 954, 13, 50997], \"temperature\": 0.0, \"avg_logprob\": -0.2582620680332184, \"compression_ratio\": 1.841269850730896, \"no_speech_prob\": 0.051835305988788605}, {\"id\": 146, \"seek\": 35608, \"start\": 368.739990234375, \"end\": 372.1400146484375, \"text\": \" They're based on stimulus that you received before I ever met you.\", \"tokens\": [50997, 814, 434, 2361, 322, 21366, 300, 291, 4613, 949, 286, 1562, 1131, 291, 13, 51167], \"temperature\": 0.0, \"avg_logprob\": -0.2582620680332184, \"compression_ratio\": 1.841269850730896, \"no_speech_prob\": 0.051835305988788605}, {\"id\": 147, \"seek\": 35608, \"start\": 372.1400146484375, \"end\": 374.05999755859375, \"text\": \" And so from that point we can find a common ground.\", \"tokens\": [51167, 400, 370, 490, 300, 935, 321, 393, 915, 257, 2689, 2727, 13, 51263], \"temperature\": 0.0, \"avg_logprob\": -0.2582620680332184, \"compression_ratio\": 1.841269850730896, \"no_speech_prob\": 0.051835305988788605}, {\"id\": 148, \"seek\": 35608, \"start\": 374.05999755859375, \"end\": 377.739990234375, \"text\": \" That's the same in dating, the same in Ukraine, the same in Israel, the same in intersexual\", \"tokens\": [51263, 663, 311, 264, 912, 294, 10689, 11, 264, 912, 294, 14081, 11, 264, 912, 294, 5674, 11, 264, 912, 294, 728, 405, 13418, 51447], \"temperature\": 0.0, \"avg_logprob\": -0.2582620680332184, \"compression_ratio\": 1.841269850730896, \"no_speech_prob\": 0.051835305988788605}, {\"id\": 149, \"seek\": 35608, \"start\": 377.739990234375, \"end\": 380.17999267578125, \"text\": \" dynamics, the same with economics, all these different things.\", \"tokens\": [51447, 15679, 11, 264, 912, 365, 14564, 11, 439, 613, 819, 721, 13, 51569], \"temperature\": 0.0, \"avg_logprob\": -0.2582620680332184, \"compression_ratio\": 1.841269850730896, \"no_speech_prob\": 0.051835305988788605}, {\"id\": 150, \"seek\": 35608, \"start\": 380.17999267578125, \"end\": 383.8999938964844, \"text\": \" You have to figure out why people are motivated to do the things they're doing.\", \"tokens\": [51569, 509, 362, 281, 2573, 484, 983, 561, 366, 14515, 281, 360, 264, 721, 436, 434, 884, 13, 51755], \"temperature\": 0.0, \"avg_logprob\": -0.2582620680332184, \"compression_ratio\": 1.841269850730896, \"no_speech_prob\": 0.051835305988788605}]}"}