{"title": "How orbits were to work", "video_id": "8Pgj88g09OU", "video_url": "https://www.youtube.com/watch?v=8Pgj88g09OU", "description": "Ready to build a network of amazing women and high-status men?\n\nMichael\u2019s Men of Action is a one-on-one Master\u2019s program that teaches men how to create elite social lives by becoming higher status.\n\nClick this link to learn how you can have a High-Status lifestyle now:\nhttps://m.moamentoring.com/podcast\n\nClick here to join the Men of Action community and watch the High-Status Networking 101 course:\nhttps://m.moamentoring.com/moa-community\n\u2014\u2014\u2014\u2014\u2014\u2014\u2014\u2014\u2014\u2014\u2014\u2014\u2014\u2014\u2014\u2014\u2014\u2014\u2014\u2014\n\nSubscribe on Youtube: \nhttps://www.youtube.com/user/MichaelSartain\n\nListen on Apple Podcast: \nhttps://podcasts.apple.com/us/podcast/the-michael-sartain-podcast/id1579791157\n\nListen on Spotify: \nhttps://open.spotify.com/show/2faAYwvDD9Bvkpwv6umlPO?si=8Q3ak9HnSlKjuChsTXr6YQ&dl_branch=1", "published_at": "2023-05-15T15:30:01Z", "channel_id": "UC0T1bDzajVefRWx4uKdGyuw", "channel_title": "Michael Sartain", "tags": [], "category_id": "24", "live_broadcast_content": "none", "duration": 59.0, "dimension": "2d", "definition": "hd", "caption": "false", "view_count": 2298, "like_count": 78, "comment_count": 4, "channel_info": {"title": "Michael Sartain", "description": "\ud83c\udf99Host of The\u00a0Michael Sartain Podcast \n\n\ud83d\udd25Teaching you how to build a network of desirable women and high-status men\n\n\ud83d\udc47 Click the \"Men of Action\" link below now to forge a high-status lifestyle and join the elites \n", "subscriber_count": "80500", "total_views": "29545897", "total_videos": "1481"}, "comments": [], "file_path": "/Users/aelaguiz/workspace/fc_book/audio/raws/8Pgj88g09OU.mp3", "transcription": "{\"text\": \"The idea that Isaac Newton came up with the idea for how orbits were to work, when obviously he knew somewhat because his calculations for gravity came from Johannes Kepler, but the idea that he understood, hey, if I have an object and I go far enough, it's going to go in an orbit and come back, and that also we use some of the calculations in there. For instance, when we build Resorts World, the casino over here, we aren't using relativistic formulas or quantum mechanic formulas. We are using Newtonian physics in order to determine how much structural strength we need in order to build a building that's 800 feet tall, right? We're using Newtonian physics. So the idea that he got so much of this correct, not understanding things like absolute zero or deep space or the fact that the atmosphere is 60 miles high, any of these things, not understanding what gravitons are, not understanding electromagnetism, not understanding the strong nuclear force or the weak nuclear force, not having any idea of any of that, for him to get so much correct in the 16th century, to me, is one of the most fascinating things. \", \"segments\": [{\"id\": 0, \"seek\": 0, \"start\": 0.0, \"end\": 4.079999923706055, \"text\": \" The idea that Isaac Newton came up with the idea for how orbits were to work,\", \"tokens\": [50364, 440, 1558, 300, 22505, 19541, 1361, 493, 365, 264, 1558, 337, 577, 43522, 645, 281, 589, 11, 50568], \"temperature\": 0.0, \"avg_logprob\": -0.24578487873077393, \"compression_ratio\": 1.6918238401412964, \"no_speech_prob\": 0.012816926464438438}, {\"id\": 1, \"seek\": 0, \"start\": 4.079999923706055, \"end\": 7.28000020980835, \"text\": \" when obviously he knew somewhat because his calculations for gravity came from Johannes\", \"tokens\": [50568, 562, 2745, 415, 2586, 8344, 570, 702, 20448, 337, 12110, 1361, 490, 48455, 50728], \"temperature\": 0.0, \"avg_logprob\": -0.24578487873077393, \"compression_ratio\": 1.6918238401412964, \"no_speech_prob\": 0.012816926464438438}, {\"id\": 2, \"seek\": 0, \"start\": 7.28000020980835, \"end\": 11.600000381469727, \"text\": \" Kepler, but the idea that he understood, hey, if I have an object and I go far enough, it's going\", \"tokens\": [50728, 3189, 22732, 11, 457, 264, 1558, 300, 415, 7320, 11, 4177, 11, 498, 286, 362, 364, 2657, 293, 286, 352, 1400, 1547, 11, 309, 311, 516, 50944], \"temperature\": 0.0, \"avg_logprob\": -0.24578487873077393, \"compression_ratio\": 1.6918238401412964, \"no_speech_prob\": 0.012816926464438438}, {\"id\": 3, \"seek\": 0, \"start\": 11.600000381469727, \"end\": 15.119999885559082, \"text\": \" to go in an orbit and come back, and that also we use some of the calculations in there.\", \"tokens\": [50944, 281, 352, 294, 364, 13991, 293, 808, 646, 11, 293, 300, 611, 321, 764, 512, 295, 264, 20448, 294, 456, 13, 51120], \"temperature\": 0.0, \"avg_logprob\": -0.24578487873077393, \"compression_ratio\": 1.6918238401412964, \"no_speech_prob\": 0.012816926464438438}, {\"id\": 4, \"seek\": 0, \"start\": 15.119999885559082, \"end\": 20.15999984741211, \"text\": \" For instance, when we build Resorts World, the casino over here, we aren't using relativistic\", \"tokens\": [51120, 1171, 5197, 11, 562, 321, 1322, 5015, 3299, 3937, 11, 264, 36278, 670, 510, 11, 321, 3212, 380, 1228, 21960, 3142, 51372], \"temperature\": 0.0, \"avg_logprob\": -0.24578487873077393, \"compression_ratio\": 1.6918238401412964, \"no_speech_prob\": 0.012816926464438438}, {\"id\": 5, \"seek\": 0, \"start\": 20.15999984741211, \"end\": 25.520000457763672, \"text\": \" formulas or quantum mechanic formulas. We are using Newtonian physics in order to determine\", \"tokens\": [51372, 30546, 420, 13018, 23860, 30546, 13, 492, 366, 1228, 19541, 952, 10649, 294, 1668, 281, 6997, 51640], \"temperature\": 0.0, \"avg_logprob\": -0.24578487873077393, \"compression_ratio\": 1.6918238401412964, \"no_speech_prob\": 0.012816926464438438}, {\"id\": 6, \"seek\": 2552, \"start\": 25.520000457763672, \"end\": 31.200000762939453, \"text\": \" how much structural strength we need in order to build a building that's 800 feet tall, right?\", \"tokens\": [50364, 577, 709, 15067, 3800, 321, 643, 294, 1668, 281, 1322, 257, 2390, 300, 311, 13083, 3521, 6764, 11, 558, 30, 50648], \"temperature\": 0.0, \"avg_logprob\": -0.20051948726177216, \"compression_ratio\": 1.8489208221435547, \"no_speech_prob\": 0.0481238067150116}, {\"id\": 7, \"seek\": 2552, \"start\": 31.200000762939453, \"end\": 35.7599983215332, \"text\": \" We're using Newtonian physics. So the idea that he got so much of this correct,\", \"tokens\": [50648, 492, 434, 1228, 19541, 952, 10649, 13, 407, 264, 1558, 300, 415, 658, 370, 709, 295, 341, 3006, 11, 50876], \"temperature\": 0.0, \"avg_logprob\": -0.20051948726177216, \"compression_ratio\": 1.8489208221435547, \"no_speech_prob\": 0.0481238067150116}, {\"id\": 8, \"seek\": 2552, \"start\": 35.7599983215332, \"end\": 41.599998474121094, \"text\": \" not understanding things like absolute zero or deep space or the fact that the atmosphere is\", \"tokens\": [50876, 406, 3701, 721, 411, 8236, 4018, 420, 2452, 1901, 420, 264, 1186, 300, 264, 8018, 307, 51168], \"temperature\": 0.0, \"avg_logprob\": -0.20051948726177216, \"compression_ratio\": 1.8489208221435547, \"no_speech_prob\": 0.0481238067150116}, {\"id\": 9, \"seek\": 2552, \"start\": 41.599998474121094, \"end\": 45.599998474121094, \"text\": \" 60 miles high, any of these things, not understanding what gravitons are,\", \"tokens\": [51168, 4060, 6193, 1090, 11, 604, 295, 613, 721, 11, 406, 3701, 437, 26048, 892, 366, 11, 51368], \"temperature\": 0.0, \"avg_logprob\": -0.20051948726177216, \"compression_ratio\": 1.8489208221435547, \"no_speech_prob\": 0.0481238067150116}, {\"id\": 10, \"seek\": 2552, \"start\": 45.599998474121094, \"end\": 49.84000015258789, \"text\": \" not understanding electromagnetism, not understanding the strong nuclear force\", \"tokens\": [51368, 406, 3701, 27528, 302, 1434, 11, 406, 3701, 264, 2068, 8179, 3464, 51580], \"temperature\": 0.0, \"avg_logprob\": -0.20051948726177216, \"compression_ratio\": 1.8489208221435547, \"no_speech_prob\": 0.0481238067150116}, {\"id\": 11, \"seek\": 2552, \"start\": 49.84000015258789, \"end\": 54.400001525878906, \"text\": \" or the weak nuclear force, not having any idea of any of that, for him to get so much correct\", \"tokens\": [51580, 420, 264, 5336, 8179, 3464, 11, 406, 1419, 604, 1558, 295, 604, 295, 300, 11, 337, 796, 281, 483, 370, 709, 3006, 51808], \"temperature\": 0.0, \"avg_logprob\": -0.20051948726177216, \"compression_ratio\": 1.8489208221435547, \"no_speech_prob\": 0.0481238067150116}, {\"id\": 12, \"seek\": 5440, \"start\": 54.400001525878906, \"end\": 57.91999816894531, \"text\": \" in the 16th century, to me, is one of the most fascinating things.\", \"tokens\": [50384, 294, 264, 3165, 392, 4901, 11, 281, 385, 11, 307, 472, 295, 264, 881, 10343, 721, 13, 50540], \"temperature\": 0.0, \"avg_logprob\": -0.26758915185928345, \"compression_ratio\": 0.970588207244873, \"no_speech_prob\": 0.042034514248371124}]}"}