{"title": "How to find your passion", "video_id": "9d4Z2sw5PRw", "video_url": "https://www.youtube.com/watch?v=9d4Z2sw5PRw", "description": "Watch The Full Thing Here : \n\u2014\u2014\u2014\u2014\u2014\u2014\u2014\u2014\u2014\u2014\u2014\u2014\u2014\u2014\u2014\u2014\u2014\u2014\u2014\u2014\nReady to build a network of amazing women and high-status men?\n\nMichael\u2019s Men of Action is a one-on-one Master\u2019s program that teaches men how to create elite \nsocial lives by becoming higher status.\n\nClick this link to learn how you can have a High-Status lifestyle now:\nhttps://m.moamentoring.com/podcast\n\nClick here to join the Men of Action community and watch the High-Status Networking 101 course:\nhttps://m.moamentoring.com/moa-community\n\nInterested in joining the Men of Action sales team? Apply here:\nhttps://www.moamentoring.com/jobs/sales\n\nMen of Action has an affiliate program! Post pre-made content and get paid passively:\nhttps://www.moamentoring.com/affiliate\n\u2014\u2014\u2014\u2014\u2014\u2014\u2014\u2014\u2014\u2014\u2014\u2014\u2014\u2014\u2014\u2014\u2014\u2014\u2014\u2014\n\nSubscribe on Youtube: \nhttps://www.youtube.com/user/MichaelSartain\n\nListen on Apple Podcast: \nhttps://podcasts.apple.com/us/podcast/the-michael-sartain-podcast/id1579791157\n\nListen on Spotify: \nhttps://open.spotify.com/show/2faAYwvDD9Bvkpwv6umlPO?si=8Q3ak9HnSlKjuChsTXr6YQ&dl_branch=1\n\n#michael #michaelsartain #michael_sartain #michael_sartain_podcast", "published_at": "2024-01-01T20:00:03Z", "channel_id": "UC0T1bDzajVefRWx4uKdGyuw", "channel_title": "Michael Sartain", "tags": ["Michael", "Michael Sartain", "Michael Sartain Podcast", "Michael Podcast", "MOA", "Men Of Action", "Michael Sartain Course", "Michael Sartain With Hot Women", "Playboy", "Swimsuit", "Swimsuit Competition", "ichael sartain social circle", "social circle", "how to netowrk", "moa", "moa podcast", "gender wage gap", "gender wage gap myth", "wage gap", "social value", "michael sartain course", "looks money status", "social circle mentorship", "michael sartain social circle game", "men of action podcast", "men of action course"], "category_id": "24", "live_broadcast_content": "none", "duration": 37.0, "dimension": "2d", "definition": "hd", "caption": "false", "view_count": 2519, "like_count": 60, "comment_count": 2, "channel_info": {"title": "Michael Sartain", "description": "\ud83c\udf99Host of The\u00a0Michael Sartain Podcast \n\n\ud83d\udd25Teaching you how to build a network of desirable women and high-status men\n\n\ud83d\udc47 Click the \"Men of Action\" link below now to forge a high-status lifestyle and join the elites \n", "subscriber_count": "80500", "total_views": "29545897", "total_videos": "1481"}, "comments": [], "file_path": "/Users/aelaguiz/workspace/fc_book/audio/raws/9d4Z2sw5PRw.mp3", "transcription": "{\"text\": \"I like to work out. But if I thought that because I like to work out that I'm gonna go be a personal trainer and then end up spotting people all day, I've lost my mind. The way you find passion is that you go through pain in something so much that you become competent. And once you become competent, you get to walk in a room and help people in a real way when they otherwise would not have been able to do it. Then you become passionate. So you go through pain to get the competence and then you find passion and fulfillment in being able to help someone do something they otherwise could not have if you would not have suffered through that pain. Most people do it the other way. They start with the passion and then they end up trying to start a only management agency with no experience or they're selling Bitcoin. \", \"segments\": [{\"id\": 0, \"seek\": 0, \"start\": 0.0, \"end\": 0.8399999737739563, \"text\": \" I like to work out.\", \"tokens\": [50364, 286, 411, 281, 589, 484, 13, 50406], \"temperature\": 0.0, \"avg_logprob\": -0.21601156890392303, \"compression_ratio\": 2.066666603088379, \"no_speech_prob\": 0.014952232129871845}, {\"id\": 1, \"seek\": 0, \"start\": 0.8399999737739563, \"end\": 2.5399999618530273, \"text\": \" But if I thought that because I like to work out\", \"tokens\": [50406, 583, 498, 286, 1194, 300, 570, 286, 411, 281, 589, 484, 50491], \"temperature\": 0.0, \"avg_logprob\": -0.21601156890392303, \"compression_ratio\": 2.066666603088379, \"no_speech_prob\": 0.014952232129871845}, {\"id\": 2, \"seek\": 0, \"start\": 2.5399999618530273, \"end\": 3.9000000953674316, \"text\": \" that I'm gonna go be a personal trainer\", \"tokens\": [50491, 300, 286, 478, 799, 352, 312, 257, 2973, 21110, 50559], \"temperature\": 0.0, \"avg_logprob\": -0.21601156890392303, \"compression_ratio\": 2.066666603088379, \"no_speech_prob\": 0.014952232129871845}, {\"id\": 3, \"seek\": 0, \"start\": 3.9000000953674316, \"end\": 5.579999923706055, \"text\": \" and then end up spotting people all day,\", \"tokens\": [50559, 293, 550, 917, 493, 4008, 783, 561, 439, 786, 11, 50643], \"temperature\": 0.0, \"avg_logprob\": -0.21601156890392303, \"compression_ratio\": 2.066666603088379, \"no_speech_prob\": 0.014952232129871845}, {\"id\": 4, \"seek\": 0, \"start\": 5.579999923706055, \"end\": 6.940000057220459, \"text\": \" I've lost my mind.\", \"tokens\": [50643, 286, 600, 2731, 452, 1575, 13, 50711], \"temperature\": 0.0, \"avg_logprob\": -0.21601156890392303, \"compression_ratio\": 2.066666603088379, \"no_speech_prob\": 0.014952232129871845}, {\"id\": 5, \"seek\": 0, \"start\": 6.940000057220459, \"end\": 9.819999694824219, \"text\": \" The way you find passion is that you go through pain\", \"tokens\": [50711, 440, 636, 291, 915, 5418, 307, 300, 291, 352, 807, 1822, 50855], \"temperature\": 0.0, \"avg_logprob\": -0.21601156890392303, \"compression_ratio\": 2.066666603088379, \"no_speech_prob\": 0.014952232129871845}, {\"id\": 6, \"seek\": 0, \"start\": 9.819999694824219, \"end\": 11.979999542236328, \"text\": \" in something so much that you become competent.\", \"tokens\": [50855, 294, 746, 370, 709, 300, 291, 1813, 29998, 13, 50963], \"temperature\": 0.0, \"avg_logprob\": -0.21601156890392303, \"compression_ratio\": 2.066666603088379, \"no_speech_prob\": 0.014952232129871845}, {\"id\": 7, \"seek\": 0, \"start\": 11.979999542236328, \"end\": 13.34000015258789, \"text\": \" And once you become competent,\", \"tokens\": [50963, 400, 1564, 291, 1813, 29998, 11, 51031], \"temperature\": 0.0, \"avg_logprob\": -0.21601156890392303, \"compression_ratio\": 2.066666603088379, \"no_speech_prob\": 0.014952232129871845}, {\"id\": 8, \"seek\": 0, \"start\": 13.34000015258789, \"end\": 16.139999389648438, \"text\": \" you get to walk in a room and help people in a real way\", \"tokens\": [51031, 291, 483, 281, 1792, 294, 257, 1808, 293, 854, 561, 294, 257, 957, 636, 51171], \"temperature\": 0.0, \"avg_logprob\": -0.21601156890392303, \"compression_ratio\": 2.066666603088379, \"no_speech_prob\": 0.014952232129871845}, {\"id\": 9, \"seek\": 0, \"start\": 16.139999389648438, \"end\": 18.540000915527344, \"text\": \" when they otherwise would not have been able to do it.\", \"tokens\": [51171, 562, 436, 5911, 576, 406, 362, 668, 1075, 281, 360, 309, 13, 51291], \"temperature\": 0.0, \"avg_logprob\": -0.21601156890392303, \"compression_ratio\": 2.066666603088379, \"no_speech_prob\": 0.014952232129871845}, {\"id\": 10, \"seek\": 0, \"start\": 18.540000915527344, \"end\": 19.65999984741211, \"text\": \" Then you become passionate.\", \"tokens\": [51291, 1396, 291, 1813, 11410, 13, 51347], \"temperature\": 0.0, \"avg_logprob\": -0.21601156890392303, \"compression_ratio\": 2.066666603088379, \"no_speech_prob\": 0.014952232129871845}, {\"id\": 11, \"seek\": 0, \"start\": 19.65999984741211, \"end\": 21.739999771118164, \"text\": \" So you go through pain to get the competence\", \"tokens\": [51347, 407, 291, 352, 807, 1822, 281, 483, 264, 39965, 51451], \"temperature\": 0.0, \"avg_logprob\": -0.21601156890392303, \"compression_ratio\": 2.066666603088379, \"no_speech_prob\": 0.014952232129871845}, {\"id\": 12, \"seek\": 0, \"start\": 21.739999771118164, \"end\": 23.780000686645508, \"text\": \" and then you find passion and fulfillment\", \"tokens\": [51451, 293, 550, 291, 915, 5418, 293, 32615, 51553], \"temperature\": 0.0, \"avg_logprob\": -0.21601156890392303, \"compression_ratio\": 2.066666603088379, \"no_speech_prob\": 0.014952232129871845}, {\"id\": 13, \"seek\": 0, \"start\": 23.780000686645508, \"end\": 25.299999237060547, \"text\": \" in being able to help someone do something\", \"tokens\": [51553, 294, 885, 1075, 281, 854, 1580, 360, 746, 51629], \"temperature\": 0.0, \"avg_logprob\": -0.21601156890392303, \"compression_ratio\": 2.066666603088379, \"no_speech_prob\": 0.014952232129871845}, {\"id\": 14, \"seek\": 0, \"start\": 25.299999237060547, \"end\": 26.81999969482422, \"text\": \" they otherwise could not have\", \"tokens\": [51629, 436, 5911, 727, 406, 362, 51705], \"temperature\": 0.0, \"avg_logprob\": -0.21601156890392303, \"compression_ratio\": 2.066666603088379, \"no_speech_prob\": 0.014952232129871845}, {\"id\": 15, \"seek\": 0, \"start\": 26.81999969482422, \"end\": 28.65999984741211, \"text\": \" if you would not have suffered through that pain.\", \"tokens\": [51705, 498, 291, 576, 406, 362, 12770, 807, 300, 1822, 13, 51797], \"temperature\": 0.0, \"avg_logprob\": -0.21601156890392303, \"compression_ratio\": 2.066666603088379, \"no_speech_prob\": 0.014952232129871845}, {\"id\": 16, \"seek\": 0, \"start\": 28.65999984741211, \"end\": 29.579999923706055, \"text\": \" Most people do it the other way.\", \"tokens\": [51797, 4534, 561, 360, 309, 264, 661, 636, 13, 51843], \"temperature\": 0.0, \"avg_logprob\": -0.21601156890392303, \"compression_ratio\": 2.066666603088379, \"no_speech_prob\": 0.014952232129871845}, {\"id\": 17, \"seek\": 2958, \"start\": 30.18000030517578, \"end\": 31.020000457763672, \"text\": \" They start with the passion\", \"tokens\": [50394, 814, 722, 365, 264, 5418, 50436], \"temperature\": 0.0, \"avg_logprob\": -0.4801274836063385, \"compression_ratio\": 1.2830188274383545, \"no_speech_prob\": 0.08148840814828873}, {\"id\": 18, \"seek\": 2958, \"start\": 31.020000457763672, \"end\": 32.02000045776367, \"text\": \" and then they end up trying to start\", \"tokens\": [50436, 293, 550, 436, 917, 493, 1382, 281, 722, 50486], \"temperature\": 0.0, \"avg_logprob\": -0.4801274836063385, \"compression_ratio\": 1.2830188274383545, \"no_speech_prob\": 0.08148840814828873}, {\"id\": 19, \"seek\": 2958, \"start\": 32.02000045776367, \"end\": 34.29999923706055, \"text\": \" a only management agency with no experience\", \"tokens\": [50486, 257, 787, 587, 559, 1712, 7934, 365, 572, 1752, 50600], \"temperature\": 0.0, \"avg_logprob\": -0.4801274836063385, \"compression_ratio\": 1.2830188274383545, \"no_speech_prob\": 0.08148840814828873}, {\"id\": 20, \"seek\": 2958, \"start\": 34.29999923706055, \"end\": 35.70000076293945, \"text\": \" or they're selling Bitcoin.\", \"tokens\": [50600, 420, 436, 434, 6511, 11414, 13, 50670], \"temperature\": 0.0, \"avg_logprob\": -0.4801274836063385, \"compression_ratio\": 1.2830188274383545, \"no_speech_prob\": 0.08148840814828873}]}"}