{"title": "Why The West Will Not Fall @vtsoscast #shorts", "video_id": "9LltNZ5MyBs", "video_url": "https://www.youtube.com/watch?v=9LltNZ5MyBs", "description": "Here's a clip from a podcast episode with @vtsoscast  #shorts \nFull Video \ud83d\udd17: https://www.youtube.com/live/ONC2zHyZ41o\n\n\u2014\u2014\u2014\u2014\u2014\u2014\u2014\u2014\u2014\u2014\u2014\u2014\u2014\u2014\u2014\u2014\u2014\u2014\u2014\nReady to build a network of amazing women and high-status men? \n\nMichael\u2019s Men of Action Mentoring Program is a Master\u2019s course dedicated to helping people elevate their social lives by becoming higher status and building elite social circles.\n\nClick the link to learn how you can start living the high-status social life you always wanted: https://m.moamentoring.com/podcast\n\u2014\u2014\u2014\u2014\u2014\u2014\u2014\u2014\u2014\u2014\u2014\u2014\u2014\u2014\u2014\u2014\u2014\u2014\u2014\u2014\n\nSubscribe on Youtube: \nhttps://www.youtube.com/user/MichaelSartain\n\nListen on Apple Podcast: \nhttps://podcasts.apple.com/us/podcast/the-michael-sartain-podcast/id1579791157\n\nListen on Spotify: \nhttps://open.spotify.com/show/2faAYwvDD9Bvkpwv6umlPO?si=8Q3ak9HnSlKjuChsTXr6YQ&dl_branch=1", "published_at": "2022-12-29T22:15:00Z", "channel_id": "UC0T1bDzajVefRWx4uKdGyuw", "channel_title": "Michael Sartain", "tags": [], "category_id": "24", "live_broadcast_content": "none", "duration": 60.0, "dimension": "2d", "definition": "hd", "caption": "false", "view_count": 3043333, "like_count": 96187, "comment_count": 20927, "channel_info": {"title": "Michael Sartain", "description": "\ud83c\udf99Host of The\u00a0Michael Sartain Podcast \n\n\ud83d\udd25Teaching you how to build a network of desirable women and high-status men\n\n\ud83d\udc47 Click the \"Men of Action\" link below now to forge a high-status lifestyle and join the elites \n", "subscriber_count": "80500", "total_views": "29545897", "total_videos": "1481"}, "comments": [], "file_path": "/Users/aelaguiz/workspace/fc_book/audio/raws/9LltNZ5MyBs.mp3", "transcription": "{\"text\": \"You want to talk about why the Western societies will not fall? I'll give you a couple examples. The F-15, the F-16, the F-22, the F-35, M1 Abrams tank, the Blue Water Navy, the KC-135, the KC-10, the ICBM structure. You're saying all the money we spent on defense. And the global positioning system. You want to come for us, you're more than welcome to. The United States dollar is backed by the military. And as much as you guys want to sit there and complain, I'll say this right now. There is one country on this planet that has stealth capability. There's one country on this planet that I think has functioning ICBMs. I don't think Russia has a single functioning ICBM. And there is one country on this planet that actually has a functioning Blue Water Navy. There's only a few countries on this planet that have air refueling capability. And the only reason why they have them is because we sold it to them. If you guys want to come for us, you can. The United States could take on every country in the entire world militarily at the same time would be fine. Now, if you want to say cyber terrorism or there's a moral decay from the inside, cool. Make that argument. The United States is not going to fall. Not in our lifetime, not in the next 20 lifetimes. \", \"segments\": [{\"id\": 0, \"seek\": 0, \"start\": 0.0, \"end\": 2.680000066757202, \"text\": \" You want to talk about why the Western societies will not fall?\", \"tokens\": [50364, 509, 528, 281, 751, 466, 983, 264, 8724, 19329, 486, 406, 2100, 30, 50498], \"temperature\": 0.0, \"avg_logprob\": -0.2602115273475647, \"compression_ratio\": 1.6093294620513916, \"no_speech_prob\": 0.0378558486700058}, {\"id\": 1, \"seek\": 0, \"start\": 2.680000066757202, \"end\": 3.8399999141693115, \"text\": \" I'll give you a couple examples.\", \"tokens\": [50498, 286, 603, 976, 291, 257, 1916, 5110, 13, 50556], \"temperature\": 0.0, \"avg_logprob\": -0.2602115273475647, \"compression_ratio\": 1.6093294620513916, \"no_speech_prob\": 0.0378558486700058}, {\"id\": 2, \"seek\": 0, \"start\": 3.8399999141693115, \"end\": 9.0, \"text\": \" The F-15, the F-16, the F-22, the F-35, M1 Abrams tank,\", \"tokens\": [50556, 440, 479, 12, 5211, 11, 264, 479, 12, 6866, 11, 264, 479, 12, 7490, 11, 264, 479, 12, 8794, 11, 376, 16, 31717, 4070, 5466, 11, 50814], \"temperature\": 0.0, \"avg_logprob\": -0.2602115273475647, \"compression_ratio\": 1.6093294620513916, \"no_speech_prob\": 0.0378558486700058}, {\"id\": 3, \"seek\": 0, \"start\": 9.0, \"end\": 12.600000381469727, \"text\": \" the Blue Water Navy, the KC-135, the KC-10, the ICBM structure.\", \"tokens\": [50814, 264, 8510, 8772, 15659, 11, 264, 591, 34, 12, 7668, 20, 11, 264, 591, 34, 12, 3279, 11, 264, 14360, 18345, 3877, 13, 50994], \"temperature\": 0.0, \"avg_logprob\": -0.2602115273475647, \"compression_ratio\": 1.6093294620513916, \"no_speech_prob\": 0.0378558486700058}, {\"id\": 4, \"seek\": 0, \"start\": 12.600000381469727, \"end\": 14.600000381469727, \"text\": \" You're saying all the money we spent on defense.\", \"tokens\": [50994, 509, 434, 1566, 439, 264, 1460, 321, 4418, 322, 7654, 13, 51094], \"temperature\": 0.0, \"avg_logprob\": -0.2602115273475647, \"compression_ratio\": 1.6093294620513916, \"no_speech_prob\": 0.0378558486700058}, {\"id\": 5, \"seek\": 0, \"start\": 14.600000381469727, \"end\": 16.520000457763672, \"text\": \" And the global positioning system.\", \"tokens\": [51094, 400, 264, 4338, 26381, 1185, 13, 51190], \"temperature\": 0.0, \"avg_logprob\": -0.2602115273475647, \"compression_ratio\": 1.6093294620513916, \"no_speech_prob\": 0.0378558486700058}, {\"id\": 6, \"seek\": 0, \"start\": 16.520000457763672, \"end\": 19.360000610351562, \"text\": \" You want to come for us, you're more than welcome to.\", \"tokens\": [51190, 509, 528, 281, 808, 337, 505, 11, 291, 434, 544, 813, 2928, 281, 13, 51332], \"temperature\": 0.0, \"avg_logprob\": -0.2602115273475647, \"compression_ratio\": 1.6093294620513916, \"no_speech_prob\": 0.0378558486700058}, {\"id\": 7, \"seek\": 0, \"start\": 19.360000610351562, \"end\": 21.639999389648438, \"text\": \" The United States dollar is backed by the military.\", \"tokens\": [51332, 440, 2824, 3040, 7241, 307, 20391, 538, 264, 4632, 13, 51446], \"temperature\": 0.0, \"avg_logprob\": -0.2602115273475647, \"compression_ratio\": 1.6093294620513916, \"no_speech_prob\": 0.0378558486700058}, {\"id\": 8, \"seek\": 0, \"start\": 21.639999389648438, \"end\": 23.84000015258789, \"text\": \" And as much as you guys want to sit there and complain,\", \"tokens\": [51446, 400, 382, 709, 382, 291, 1074, 528, 281, 1394, 456, 293, 11024, 11, 51556], \"temperature\": 0.0, \"avg_logprob\": -0.2602115273475647, \"compression_ratio\": 1.6093294620513916, \"no_speech_prob\": 0.0378558486700058}, {\"id\": 9, \"seek\": 0, \"start\": 23.84000015258789, \"end\": 24.799999237060547, \"text\": \" I'll say this right now.\", \"tokens\": [51556, 286, 603, 584, 341, 558, 586, 13, 51604], \"temperature\": 0.0, \"avg_logprob\": -0.2602115273475647, \"compression_ratio\": 1.6093294620513916, \"no_speech_prob\": 0.0378558486700058}, {\"id\": 10, \"seek\": 0, \"start\": 24.799999237060547, \"end\": 27.559999465942383, \"text\": \" There is one country on this planet that has stealth capability.\", \"tokens\": [51604, 821, 307, 472, 1941, 322, 341, 5054, 300, 575, 25756, 13759, 13, 51742], \"temperature\": 0.0, \"avg_logprob\": -0.2602115273475647, \"compression_ratio\": 1.6093294620513916, \"no_speech_prob\": 0.0378558486700058}, {\"id\": 11, \"seek\": 2756, \"start\": 27.600000381469727, \"end\": 30.440000534057617, \"text\": \" There's one country on this planet that I think has functioning ICBMs.\", \"tokens\": [50366, 821, 311, 472, 1941, 322, 341, 5054, 300, 286, 519, 575, 18483, 14360, 18345, 82, 13, 50508], \"temperature\": 0.0, \"avg_logprob\": -0.23829209804534912, \"compression_ratio\": 1.9020172357559204, \"no_speech_prob\": 0.027957269921898842}, {\"id\": 12, \"seek\": 2756, \"start\": 30.440000534057617, \"end\": 33.52000045776367, \"text\": \" I don't think Russia has a single functioning ICBM.\", \"tokens\": [50508, 286, 500, 380, 519, 6797, 575, 257, 2167, 18483, 14360, 18345, 13, 50662], \"temperature\": 0.0, \"avg_logprob\": -0.23829209804534912, \"compression_ratio\": 1.9020172357559204, \"no_speech_prob\": 0.027957269921898842}, {\"id\": 13, \"seek\": 2756, \"start\": 33.52000045776367, \"end\": 37.279998779296875, \"text\": \" And there is one country on this planet that actually has a functioning Blue Water Navy.\", \"tokens\": [50662, 400, 456, 307, 472, 1941, 322, 341, 5054, 300, 767, 575, 257, 18483, 8510, 8772, 15659, 13, 50850], \"temperature\": 0.0, \"avg_logprob\": -0.23829209804534912, \"compression_ratio\": 1.9020172357559204, \"no_speech_prob\": 0.027957269921898842}, {\"id\": 14, \"seek\": 2756, \"start\": 37.279998779296875, \"end\": 41.7599983215332, \"text\": \" There's only a few countries on this planet that have air refueling capability.\", \"tokens\": [50850, 821, 311, 787, 257, 1326, 3517, 322, 341, 5054, 300, 362, 1988, 1895, 3483, 278, 13759, 13, 51074], \"temperature\": 0.0, \"avg_logprob\": -0.23829209804534912, \"compression_ratio\": 1.9020172357559204, \"no_speech_prob\": 0.027957269921898842}, {\"id\": 15, \"seek\": 2756, \"start\": 41.7599983215332, \"end\": 44.47999954223633, \"text\": \" And the only reason why they have them is because we sold it to them.\", \"tokens\": [51074, 400, 264, 787, 1778, 983, 436, 362, 552, 307, 570, 321, 3718, 309, 281, 552, 13, 51210], \"temperature\": 0.0, \"avg_logprob\": -0.23829209804534912, \"compression_ratio\": 1.9020172357559204, \"no_speech_prob\": 0.027957269921898842}, {\"id\": 16, \"seek\": 2756, \"start\": 44.47999954223633, \"end\": 46.040000915527344, \"text\": \" If you guys want to come for us, you can.\", \"tokens\": [51210, 759, 291, 1074, 528, 281, 808, 337, 505, 11, 291, 393, 13, 51288], \"temperature\": 0.0, \"avg_logprob\": -0.23829209804534912, \"compression_ratio\": 1.9020172357559204, \"no_speech_prob\": 0.027957269921898842}, {\"id\": 17, \"seek\": 2756, \"start\": 46.040000915527344, \"end\": 49.720001220703125, \"text\": \" The United States could take on every country in the entire world militarily at the same time would be fine.\", \"tokens\": [51288, 440, 2824, 3040, 727, 747, 322, 633, 1941, 294, 264, 2302, 1002, 19142, 3289, 412, 264, 912, 565, 576, 312, 2489, 13, 51472], \"temperature\": 0.0, \"avg_logprob\": -0.23829209804534912, \"compression_ratio\": 1.9020172357559204, \"no_speech_prob\": 0.027957269921898842}, {\"id\": 18, \"seek\": 2756, \"start\": 49.720001220703125, \"end\": 54.720001220703125, \"text\": \" Now, if you want to say cyber terrorism or there's a moral decay from the inside, cool.\", \"tokens\": [51472, 823, 11, 498, 291, 528, 281, 584, 13411, 23917, 420, 456, 311, 257, 9723, 21039, 490, 264, 1854, 11, 1627, 13, 51722], \"temperature\": 0.0, \"avg_logprob\": -0.23829209804534912, \"compression_ratio\": 1.9020172357559204, \"no_speech_prob\": 0.027957269921898842}, {\"id\": 19, \"seek\": 2756, \"start\": 54.720001220703125, \"end\": 55.720001220703125, \"text\": \" Make that argument.\", \"tokens\": [51722, 4387, 300, 6770, 13, 51772], \"temperature\": 0.0, \"avg_logprob\": -0.23829209804534912, \"compression_ratio\": 1.9020172357559204, \"no_speech_prob\": 0.027957269921898842}, {\"id\": 20, \"seek\": 2756, \"start\": 55.720001220703125, \"end\": 57.439998626708984, \"text\": \" The United States is not going to fall.\", \"tokens\": [51772, 440, 2824, 3040, 307, 406, 516, 281, 2100, 13, 51858], \"temperature\": 0.0, \"avg_logprob\": -0.23829209804534912, \"compression_ratio\": 1.9020172357559204, \"no_speech_prob\": 0.027957269921898842}, {\"id\": 21, \"seek\": 5744, \"start\": 57.439998626708984, \"end\": 60.0, \"text\": \" Not in our lifetime, not in the next 20 lifetimes.\", \"tokens\": [50364, 1726, 294, 527, 11364, 11, 406, 294, 264, 958, 945, 4545, 302, 1532, 13, 50492], \"temperature\": 0.0, \"avg_logprob\": -0.431404173374176, \"compression_ratio\": 1.08695650100708, \"no_speech_prob\": 0.06536465883255005}]}"}