{"title": "My Secret to Getting 100's of Stunning Women to My Events", "video_id": "AR3owL8Ssd4", "video_url": "https://www.youtube.com/watch?v=AR3owL8Ssd4", "description": "Here's a clip from a podcast episode with @PlayingWithFireChannel \nWatch The Full Video \ud83d\udd17: https://www.youtube.com/live/irpLAbCMQQE\n\n\u2014\u2014\u2014\u2014\u2014\u2014\u2014\u2014\u2014\u2014\u2014\u2014\u2014\u2014\u2014\u2014\u2014\u2014\u2014\nReady to build a network of amazing women and high-status men? \n\nMichael\u2019s Men of Action Mentoring Program is a Master\u2019s course dedicated to helping people elevate their social lives by becoming higher status and building elite social circles.\n\nClick the link to learn how you can start living the high-status social life you always wanted: https://m.moamentoring.com/podcast\n\u2014\u2014\u2014\u2014\u2014\u2014\u2014\u2014\u2014\u2014\u2014\u2014\u2014\u2014\u2014\u2014\u2014\u2014\u2014\u2014\n\nSubscribe on Youtube: \nhttps://www.youtube.com/user/MichaelSartain\n\nListen on Apple Podcast: \nhttps://podcasts.apple.com/us/podcast/the-michael-sartain-podcast/id1579791157\n\nListen on Spotify: \nhttps://open.spotify.com/show/2faAYwvDD9Bvkpwv6umlPO?si=8Q3ak9HnSlKjuChsTXr6YQ&dl_branch=1", "published_at": "2022-12-29T23:15:00Z", "channel_id": "UC0T1bDzajVefRWx4uKdGyuw", "channel_title": "Michael Sartain", "tags": [], "category_id": "24", "live_broadcast_content": "none", "duration": 440.0, "dimension": "2d", "definition": "hd", "caption": "false", "view_count": 4699, "like_count": 177, "comment_count": 8, "channel_info": {"title": "Michael Sartain", "description": "\ud83c\udf99Host of The\u00a0Michael Sartain Podcast \n\n\ud83d\udd25Teaching you how to build a network of desirable women and high-status men\n\n\ud83d\udc47 Click the \"Men of Action\" link below now to forge a high-status lifestyle and join the elites \n", "subscriber_count": "80500", "total_views": "29545897", "total_videos": "1481"}, "comments": [], "file_path": "/Users/aelaguiz/workspace/fc_book/audio/raws/AR3owL8Ssd4.mp3", "transcription": "{\"text\": \"hate I get whenever I people see me with bulls area. I'm like, I don't need successful people to fail. Even if you think they're a fraud, whatever you think, like, I don't need successful people to fail. And when I see women that are successful, only fans, it's very threatening to some dudes. And so this hate comes out. I'm like, bro, I don't hate anybody. If you make your money, make your money, however you want to make it. You know, I'm saying that's, that's one of the issues I see. And a lot of times I see guys in the red pill community, and maybe they got cheated on. And they're like, Well, my girlfriend needs to pay for that. Because you cheated on me. I'm like, No, your girlfriend's and your girlfriend's in Biscayne Bay with some rich dude. She's a good right now. Her and her six female friends are flying to Dubai. She's not thinking about you at all. Karma is not real. Ready? You're looking to get there is no karma. There is no destiny. There is no fate. There's actuality, probability and plausibility. Everything else is just lazy math. Okay, we agree on that. Yes, there is no fate. Look, your girl cheated on you. And she is just fucking fine. She's not thinking about you no more. If she cheated on you. It's not when your mom's like, Oh, you're a special snowflake. She didn't appreciate you. No, she appreciated you just fine. You were not satisfying what she wanted. So she found some other motherfucker. So now you need to go to the gym. Now you need to make the seven figure business. Now you need to work on yourself. Don't worry about hurting her or hating on her. Don't worry about tearing down somebody else's building. You need to build a bigger building. Let me ask you the question like this. Let me segue a little bit like Oh, you asked me about how I met girls. I just went out with you. I'm sorry. I know. It was good. I just went out with these dudes every week. There is another thing you guys need to understand. There's one because a lot of these guys that go to really shitty bars to try to be girls. There's one or two places with pretty girls in every city, not nine or 10. There's one or two. Seriously. What if you go out? I'm a small city. I need to know I'm talking about Miami. Oh, if you want if you want Miami, or after for after hours, what where are the prettiest girls and after hours Miami? You're asking the wrong person. Okay, right. So so it's not space, maybe space, but it's 11. Like I was at 11 the other night and the girls that were hanging out. I'm talking about the strippers were gorgeous. Okay. In Vegas, there's not 10 strip clubs that are good. There's two, maybe three strip clubs that are good. What is it like the rhino? Rhino, Sapphire and CH three. Um, maybe maybe peppermint hippo this brand new club. And then the other one is for nightclubs. People are like, Oh, should I go to this club? This couple is up. It's Omnia excess and fucking Omnia access and Zouk. Those are the three hottest clubs period. If you want to go to another club, they're still going to be good. Marquis is still good. Hawkson is still good. But those are the three best clubs. There's there's stratification in every city's nightlife. Not every place is equal. No, it is harder to get into story than some club in Wynwood. Right in Miami. It just is. And because it's harder, the girls are prettier at the other club. It just always like that. The Marquis skydeck at EDC are the most beautiful women you will ever see in your entire life. Because it's impossible to get up there. Right? That's the reason why when I was at the Playboy mansion, there was the most beautiful woman I'd ever seen in my entire life because it's impossible to get in there. That's how the world works. Your network gets you into those places. If that's really what you want your network, so you can't skip that, which means you can't skip social media. And you want social media, you want to show pre selection. The easiest way to do that is have female friends. Unfortunately, for some guys, that's what you have to do. Right. So you said you're going out and you're meeting like successful promoters, guys were really crushing it. How? What was your approach for meeting those dudes? I would just go up to them and I would just offer whatever value I could as far as like, for me, I wasn't at the time. At the time, man, I would carry like a camera with me, I take photos, I would, I would, one of the things I tell my guys to do immediately right now is whatever city you're you live in, find like your your favorite type. This is also for dudes, if you want to network for like, let's say you're a real estate agent, you want to meet other real estate agents, or if your guy just wants to meet pretty girls, I would find your perfect girl in that city. And you can go on Instagram, and it'll show you like girls who are like her similar interests, whatever. And I would I would put all those girls on a spreadsheet until I had like 4000 names on the spreadsheet. And then I would find an event like Babes in Toyland, or something with the SPCA or something. I know you they do model volleyball out here, or maybe something with Paradise Challenge, or Swimsuit USA, or it's one of these other events. And I would invite them all out to the to that event, the map when we did the maximum party at Fountain Blue in October, and I was the host of that I'm the only person ever I hosted the maximum party in LA and the one in Miami, not back to back. The one here I would I went through a list of 1000 girls in Miami, like super incredible models, and I got maybe 100 of them to show up to the maximum party in Miami and 85% of my never met before. That's what I would do today that now back then, that's not what I would do. I would do more like just Facebook, just cold DM and stuff like that. Or I just I just go up to people and get their phone number. And I would help the promoter guys that I was friends with. And in exchange, I would get in free everywhere. I'll try to go. So how Okay, so I'm a first lieutenant in the Air Force while I'm doing this. Okay. Yeah. So how would a guy who, for example, doesn't have an end to that, you know, then like, how will you do you do anyone who's watching this? I can get any girl who's pretty on the red carpet at maximum. So like any like, this is one of the issues like, I tell my clients this all the time. If you're trying to hit on your the receptionist at work, who's not that cute. I can't help you. If you want like really like when I told guys when they're like, Hey, I want to get these girls into babies and toilet. I'm like, then they need to be incredibly attractive. Like, they're like, Hey, man, I want to go to Dan Bilzerian party. I'm like that every girl you bring needs to be breath like jaw droppingly gorgeous. And I tell them, why don't you invite those girls that would never answer never respond to you. So like, I'll give you an example right now. You could you could do this to now I will give you this tonight. You'll do this right now. I will give you the invite I sent out for the Playboy. Summer search bikini competition I'm hosting in Los Angeles or in Las Vegas. It's 130 grand first prize is 20 grand plus a Playboy photo shoot. I will give you the invite, you will send it out to the 100 hottest girls you've ever seen. Not the hottest girls, you know, forget the ones you know, you will get responses from like 20% of them. But these are 20 girls that would never respond to you into you in a million years. Now you have open threads so that when you want to invite them to another thing, they're gonna say yes, the maximum party, babes and toilet, whatever. And like, it's not like you don't need to be hooked up to get somebody on the list for that. If a girl is pretty, I'm gonna put them on the list. Does that make sense? So what would they do? Like, if a guy wants to do this, they would just call the organizer and be like, Hey, I got like 50 hot tricks. Yeah, I mean, yeah. So so the so Dan and I've been friends since like 2014. But whenever he had a party, I would never just like, Hey, Dan, let me in ever. I would text him. I'm like, Dan, I was sent him a spreadsheet. I'd be like, Dan, here's 70 girls. Who should I send them to? Maybe like some to Brianna send them to he used to do me up. Bianca Gezzi. She lives here in Miami. Shout out to Bianca. She used to do it. And I love Bianca because what Bianca was so fucking hard on my list, bro. She would go through my list and she'd be like, see these girls, they can't make it on the list. And I was like, well, at least I don't have galley wags, bro. She would no no, these girls were gorgeous. And they couldn't make it on the list. And then but it's funny because those girls ended up on some other promoters list that got cut off my list. Like it was funny. The rules were different for me because they were harder on me. And then at the end, Bianca had more respect for me because I brought a really, really awesome list of girls to these events. And so that was one of the things that I was doing. But I loved it because as long as everybody else was playing by the same rules, I knew I was better than any other promoter. So that's what what in by the way, that's what I teach my clients. If you ever see if you go into testimonials on my website, you'll see my clients. They're actually my clients are surpassing me now. My clients bring more girls to events than I have ever done. They're way past me at this point. \", \"segments\": [{\"id\": 0, \"seek\": 0, \"start\": 0.0, \"end\": 2.940000057220459, \"text\": \" hate I get whenever I people see me with bulls area. I'm like, I\", \"tokens\": [50364, 4700, 286, 483, 5699, 286, 561, 536, 385, 365, 4693, 82, 1859, 13, 286, 478, 411, 11, 286, 50511], \"temperature\": 0.0, \"avg_logprob\": -0.21655778586864471, \"compression_ratio\": 2.0136985778808594, \"no_speech_prob\": 0.08266834169626236}, {\"id\": 1, \"seek\": 0, \"start\": 2.940000057220459, \"end\": 5.460000038146973, \"text\": \" don't need successful people to fail. Even if you think they're\", \"tokens\": [50511, 500, 380, 643, 4406, 561, 281, 3061, 13, 2754, 498, 291, 519, 436, 434, 50637], \"temperature\": 0.0, \"avg_logprob\": -0.21655778586864471, \"compression_ratio\": 2.0136985778808594, \"no_speech_prob\": 0.08266834169626236}, {\"id\": 2, \"seek\": 0, \"start\": 5.460000038146973, \"end\": 7.460000038146973, \"text\": \" a fraud, whatever you think, like, I don't need successful\", \"tokens\": [50637, 257, 14560, 11, 2035, 291, 519, 11, 411, 11, 286, 500, 380, 643, 4406, 50737], \"temperature\": 0.0, \"avg_logprob\": -0.21655778586864471, \"compression_ratio\": 2.0136985778808594, \"no_speech_prob\": 0.08266834169626236}, {\"id\": 3, \"seek\": 0, \"start\": 7.460000038146973, \"end\": 9.899999618530273, \"text\": \" people to fail. And when I see women that are successful, only\", \"tokens\": [50737, 561, 281, 3061, 13, 400, 562, 286, 536, 2266, 300, 366, 4406, 11, 787, 50859], \"temperature\": 0.0, \"avg_logprob\": -0.21655778586864471, \"compression_ratio\": 2.0136985778808594, \"no_speech_prob\": 0.08266834169626236}, {\"id\": 4, \"seek\": 0, \"start\": 9.899999618530273, \"end\": 12.300000190734863, \"text\": \" fans, it's very threatening to some dudes. And so this hate\", \"tokens\": [50859, 4499, 11, 309, 311, 588, 20768, 281, 512, 27717, 13, 400, 370, 341, 4700, 50979], \"temperature\": 0.0, \"avg_logprob\": -0.21655778586864471, \"compression_ratio\": 2.0136985778808594, \"no_speech_prob\": 0.08266834169626236}, {\"id\": 5, \"seek\": 0, \"start\": 12.300000190734863, \"end\": 15.5, \"text\": \" comes out. I'm like, bro, I don't hate anybody. If you make\", \"tokens\": [50979, 1487, 484, 13, 286, 478, 411, 11, 2006, 11, 286, 500, 380, 4700, 4472, 13, 759, 291, 652, 51139], \"temperature\": 0.0, \"avg_logprob\": -0.21655778586864471, \"compression_ratio\": 2.0136985778808594, \"no_speech_prob\": 0.08266834169626236}, {\"id\": 6, \"seek\": 0, \"start\": 15.5, \"end\": 17.540000915527344, \"text\": \" your money, make your money, however you want to make it. You\", \"tokens\": [51139, 428, 1460, 11, 652, 428, 1460, 11, 4461, 291, 528, 281, 652, 309, 13, 509, 51241], \"temperature\": 0.0, \"avg_logprob\": -0.21655778586864471, \"compression_ratio\": 2.0136985778808594, \"no_speech_prob\": 0.08266834169626236}, {\"id\": 7, \"seek\": 0, \"start\": 17.540000915527344, \"end\": 19.459999084472656, \"text\": \" know, I'm saying that's, that's one of the issues I see. And a\", \"tokens\": [51241, 458, 11, 286, 478, 1566, 300, 311, 11, 300, 311, 472, 295, 264, 2663, 286, 536, 13, 400, 257, 51337], \"temperature\": 0.0, \"avg_logprob\": -0.21655778586864471, \"compression_ratio\": 2.0136985778808594, \"no_speech_prob\": 0.08266834169626236}, {\"id\": 8, \"seek\": 0, \"start\": 19.459999084472656, \"end\": 21.899999618530273, \"text\": \" lot of times I see guys in the red pill community, and maybe\", \"tokens\": [51337, 688, 295, 1413, 286, 536, 1074, 294, 264, 2182, 8100, 1768, 11, 293, 1310, 51459], \"temperature\": 0.0, \"avg_logprob\": -0.21655778586864471, \"compression_ratio\": 2.0136985778808594, \"no_speech_prob\": 0.08266834169626236}, {\"id\": 9, \"seek\": 0, \"start\": 21.899999618530273, \"end\": 24.020000457763672, \"text\": \" they got cheated on. And they're like, Well, my girlfriend needs\", \"tokens\": [51459, 436, 658, 28079, 322, 13, 400, 436, 434, 411, 11, 1042, 11, 452, 10369, 2203, 51565], \"temperature\": 0.0, \"avg_logprob\": -0.21655778586864471, \"compression_ratio\": 2.0136985778808594, \"no_speech_prob\": 0.08266834169626236}, {\"id\": 10, \"seek\": 0, \"start\": 24.020000457763672, \"end\": 25.739999771118164, \"text\": \" to pay for that. Because you cheated on me. I'm like, No,\", \"tokens\": [51565, 281, 1689, 337, 300, 13, 1436, 291, 28079, 322, 385, 13, 286, 478, 411, 11, 883, 11, 51651], \"temperature\": 0.0, \"avg_logprob\": -0.21655778586864471, \"compression_ratio\": 2.0136985778808594, \"no_speech_prob\": 0.08266834169626236}, {\"id\": 11, \"seek\": 0, \"start\": 25.739999771118164, \"end\": 27.940000534057617, \"text\": \" your girlfriend's and your girlfriend's in Biscayne Bay\", \"tokens\": [51651, 428, 10369, 311, 293, 428, 10369, 311, 294, 363, 5606, 320, 716, 7840, 51761], \"temperature\": 0.0, \"avg_logprob\": -0.21655778586864471, \"compression_ratio\": 2.0136985778808594, \"no_speech_prob\": 0.08266834169626236}, {\"id\": 12, \"seek\": 2794, \"start\": 27.940000534057617, \"end\": 30.040000915527344, \"text\": \" with some rich dude. She's a good right now. Her and her six\", \"tokens\": [50364, 365, 512, 4593, 6449, 13, 1240, 311, 257, 665, 558, 586, 13, 3204, 293, 720, 2309, 50469], \"temperature\": 0.0, \"avg_logprob\": -0.24848239123821259, \"compression_ratio\": 1.8337950706481934, \"no_speech_prob\": 0.3848167061805725}, {\"id\": 13, \"seek\": 2794, \"start\": 30.040000915527344, \"end\": 32.15999984741211, \"text\": \" female friends are flying to Dubai. She's not thinking about\", \"tokens\": [50469, 6556, 1855, 366, 7137, 281, 29100, 13, 1240, 311, 406, 1953, 466, 50575], \"temperature\": 0.0, \"avg_logprob\": -0.24848239123821259, \"compression_ratio\": 1.8337950706481934, \"no_speech_prob\": 0.3848167061805725}, {\"id\": 14, \"seek\": 2794, \"start\": 32.15999984741211, \"end\": 35.400001525878906, \"text\": \" you at all. Karma is not real. Ready? You're looking to get\", \"tokens\": [50575, 291, 412, 439, 13, 39063, 307, 406, 957, 13, 9944, 30, 509, 434, 1237, 281, 483, 50737], \"temperature\": 0.0, \"avg_logprob\": -0.24848239123821259, \"compression_ratio\": 1.8337950706481934, \"no_speech_prob\": 0.3848167061805725}, {\"id\": 15, \"seek\": 2794, \"start\": 35.5, \"end\": 38.13999938964844, \"text\": \" there is no karma. There is no destiny. There is no fate.\", \"tokens\": [50742, 456, 307, 572, 28396, 13, 821, 307, 572, 17893, 13, 821, 307, 572, 12738, 13, 50874], \"temperature\": 0.0, \"avg_logprob\": -0.24848239123821259, \"compression_ratio\": 1.8337950706481934, \"no_speech_prob\": 0.3848167061805725}, {\"id\": 16, \"seek\": 2794, \"start\": 38.2400016784668, \"end\": 41.0, \"text\": \" There's actuality, probability and plausibility. Everything\", \"tokens\": [50879, 821, 311, 3539, 507, 11, 8482, 293, 34946, 2841, 13, 5471, 51017], \"temperature\": 0.0, \"avg_logprob\": -0.24848239123821259, \"compression_ratio\": 1.8337950706481934, \"no_speech_prob\": 0.3848167061805725}, {\"id\": 17, \"seek\": 2794, \"start\": 41.0, \"end\": 44.20000076293945, \"text\": \" else is just lazy math. Okay, we agree on that. Yes, there is no\", \"tokens\": [51017, 1646, 307, 445, 14847, 5221, 13, 1033, 11, 321, 3986, 322, 300, 13, 1079, 11, 456, 307, 572, 51177], \"temperature\": 0.0, \"avg_logprob\": -0.24848239123821259, \"compression_ratio\": 1.8337950706481934, \"no_speech_prob\": 0.3848167061805725}, {\"id\": 18, \"seek\": 2794, \"start\": 44.20000076293945, \"end\": 46.7599983215332, \"text\": \" fate. Look, your girl cheated on you. And she is just fucking\", \"tokens\": [51177, 12738, 13, 2053, 11, 428, 2013, 28079, 322, 291, 13, 400, 750, 307, 445, 5546, 51305], \"temperature\": 0.0, \"avg_logprob\": -0.24848239123821259, \"compression_ratio\": 1.8337950706481934, \"no_speech_prob\": 0.3848167061805725}, {\"id\": 19, \"seek\": 2794, \"start\": 46.7599983215332, \"end\": 49.15999984741211, \"text\": \" fine. She's not thinking about you no more. If she cheated on\", \"tokens\": [51305, 2489, 13, 1240, 311, 406, 1953, 466, 291, 572, 544, 13, 759, 750, 28079, 322, 51425], \"temperature\": 0.0, \"avg_logprob\": -0.24848239123821259, \"compression_ratio\": 1.8337950706481934, \"no_speech_prob\": 0.3848167061805725}, {\"id\": 20, \"seek\": 2794, \"start\": 49.15999984741211, \"end\": 51.68000030517578, \"text\": \" you. It's not when your mom's like, Oh, you're a special\", \"tokens\": [51425, 291, 13, 467, 311, 406, 562, 428, 1225, 311, 411, 11, 876, 11, 291, 434, 257, 2121, 51551], \"temperature\": 0.0, \"avg_logprob\": -0.24848239123821259, \"compression_ratio\": 1.8337950706481934, \"no_speech_prob\": 0.3848167061805725}, {\"id\": 21, \"seek\": 2794, \"start\": 51.68000030517578, \"end\": 54.36000061035156, \"text\": \" snowflake. She didn't appreciate you. No, she appreciated you\", \"tokens\": [51551, 44124, 619, 13, 1240, 994, 380, 4449, 291, 13, 883, 11, 750, 17169, 291, 51685], \"temperature\": 0.0, \"avg_logprob\": -0.24848239123821259, \"compression_ratio\": 1.8337950706481934, \"no_speech_prob\": 0.3848167061805725}, {\"id\": 22, \"seek\": 2794, \"start\": 54.36000061035156, \"end\": 56.720001220703125, \"text\": \" just fine. You were not satisfying what she wanted. So\", \"tokens\": [51685, 445, 2489, 13, 509, 645, 406, 18348, 437, 750, 1415, 13, 407, 51803], \"temperature\": 0.0, \"avg_logprob\": -0.24848239123821259, \"compression_ratio\": 1.8337950706481934, \"no_speech_prob\": 0.3848167061805725}, {\"id\": 23, \"seek\": 5672, \"start\": 56.7400016784668, \"end\": 59.65999984741211, \"text\": \" she found some other motherfucker. So now you need to\", \"tokens\": [50365, 750, 1352, 512, 661, 47069, 13, 407, 586, 291, 643, 281, 50511], \"temperature\": 0.0, \"avg_logprob\": -0.2176094949245453, \"compression_ratio\": 1.8600682020187378, \"no_speech_prob\": 0.3039509057998657}, {\"id\": 24, \"seek\": 5672, \"start\": 59.65999984741211, \"end\": 62.65999984741211, \"text\": \" go to the gym. Now you need to make the seven figure business.\", \"tokens\": [50511, 352, 281, 264, 9222, 13, 823, 291, 643, 281, 652, 264, 3407, 2573, 1606, 13, 50661], \"temperature\": 0.0, \"avg_logprob\": -0.2176094949245453, \"compression_ratio\": 1.8600682020187378, \"no_speech_prob\": 0.3039509057998657}, {\"id\": 25, \"seek\": 5672, \"start\": 62.86000061035156, \"end\": 65.5, \"text\": \" Now you need to work on yourself. Don't worry about\", \"tokens\": [50671, 823, 291, 643, 281, 589, 322, 1803, 13, 1468, 380, 3292, 466, 50803], \"temperature\": 0.0, \"avg_logprob\": -0.2176094949245453, \"compression_ratio\": 1.8600682020187378, \"no_speech_prob\": 0.3039509057998657}, {\"id\": 26, \"seek\": 5672, \"start\": 65.5, \"end\": 69.18000030517578, \"text\": \" hurting her or hating on her. Don't worry about tearing down\", \"tokens\": [50803, 17744, 720, 420, 45082, 322, 720, 13, 1468, 380, 3292, 466, 29401, 760, 50987], \"temperature\": 0.0, \"avg_logprob\": -0.2176094949245453, \"compression_ratio\": 1.8600682020187378, \"no_speech_prob\": 0.3039509057998657}, {\"id\": 27, \"seek\": 5672, \"start\": 69.18000030517578, \"end\": 71.69999694824219, \"text\": \" somebody else's building. You need to build a bigger building.\", \"tokens\": [50987, 2618, 1646, 311, 2390, 13, 509, 643, 281, 1322, 257, 3801, 2390, 13, 51113], \"temperature\": 0.0, \"avg_logprob\": -0.2176094949245453, \"compression_ratio\": 1.8600682020187378, \"no_speech_prob\": 0.3039509057998657}, {\"id\": 28, \"seek\": 5672, \"start\": 72.13999938964844, \"end\": 74.33999633789062, \"text\": \" Let me ask you the question like this. Let me segue a little\", \"tokens\": [51135, 961, 385, 1029, 291, 264, 1168, 411, 341, 13, 961, 385, 33850, 257, 707, 51245], \"temperature\": 0.0, \"avg_logprob\": -0.2176094949245453, \"compression_ratio\": 1.8600682020187378, \"no_speech_prob\": 0.3039509057998657}, {\"id\": 29, \"seek\": 5672, \"start\": 74.33999633789062, \"end\": 77.66000366210938, \"text\": \" bit like Oh, you asked me about how I met girls. I just went out\", \"tokens\": [51245, 857, 411, 876, 11, 291, 2351, 385, 466, 577, 286, 1131, 4519, 13, 286, 445, 1437, 484, 51411], \"temperature\": 0.0, \"avg_logprob\": -0.2176094949245453, \"compression_ratio\": 1.8600682020187378, \"no_speech_prob\": 0.3039509057998657}, {\"id\": 30, \"seek\": 5672, \"start\": 77.66000366210938, \"end\": 82.37999725341797, \"text\": \" with you. I'm sorry. I know. It was good. I just went out with\", \"tokens\": [51411, 365, 291, 13, 286, 478, 2597, 13, 286, 458, 13, 467, 390, 665, 13, 286, 445, 1437, 484, 365, 51647], \"temperature\": 0.0, \"avg_logprob\": -0.2176094949245453, \"compression_ratio\": 1.8600682020187378, \"no_speech_prob\": 0.3039509057998657}, {\"id\": 31, \"seek\": 5672, \"start\": 82.37999725341797, \"end\": 85.0199966430664, \"text\": \" these dudes every week. There is another thing you guys need to\", \"tokens\": [51647, 613, 27717, 633, 1243, 13, 821, 307, 1071, 551, 291, 1074, 643, 281, 51779], \"temperature\": 0.0, \"avg_logprob\": -0.2176094949245453, \"compression_ratio\": 1.8600682020187378, \"no_speech_prob\": 0.3039509057998657}, {\"id\": 32, \"seek\": 8502, \"start\": 85.0199966430664, \"end\": 87.54000091552734, \"text\": \" understand. There's one because a lot of these guys that go to\", \"tokens\": [50364, 1223, 13, 821, 311, 472, 570, 257, 688, 295, 613, 1074, 300, 352, 281, 50490], \"temperature\": 0.0, \"avg_logprob\": -0.3235028386116028, \"compression_ratio\": 1.7350993156433105, \"no_speech_prob\": 0.15606753528118134}, {\"id\": 33, \"seek\": 8502, \"start\": 87.54000091552734, \"end\": 90.83999633789062, \"text\": \" really shitty bars to try to be girls. There's one or two places\", \"tokens\": [50490, 534, 30748, 10228, 281, 853, 281, 312, 4519, 13, 821, 311, 472, 420, 732, 3190, 50655], \"temperature\": 0.0, \"avg_logprob\": -0.3235028386116028, \"compression_ratio\": 1.7350993156433105, \"no_speech_prob\": 0.15606753528118134}, {\"id\": 34, \"seek\": 8502, \"start\": 90.83999633789062, \"end\": 95.0, \"text\": \" with pretty girls in every city, not nine or 10. There's one or\", \"tokens\": [50655, 365, 1238, 4519, 294, 633, 2307, 11, 406, 4949, 420, 1266, 13, 821, 311, 472, 420, 50863], \"temperature\": 0.0, \"avg_logprob\": -0.3235028386116028, \"compression_ratio\": 1.7350993156433105, \"no_speech_prob\": 0.15606753528118134}, {\"id\": 35, \"seek\": 8502, \"start\": 95.0, \"end\": 100.04000091552734, \"text\": \" two. Seriously. What if you go out? I'm a small city. I need to\", \"tokens\": [50863, 732, 13, 14063, 13, 708, 498, 291, 352, 484, 30, 286, 478, 257, 1359, 2307, 13, 286, 643, 281, 51115], \"temperature\": 0.0, \"avg_logprob\": -0.3235028386116028, \"compression_ratio\": 1.7350993156433105, \"no_speech_prob\": 0.15606753528118134}, {\"id\": 36, \"seek\": 8502, \"start\": 100.04000091552734, \"end\": 101.95999908447266, \"text\": \" know I'm talking about Miami. Oh, if you want if you want\", \"tokens\": [51115, 458, 286, 478, 1417, 466, 18367, 13, 876, 11, 498, 291, 528, 498, 291, 528, 51211], \"temperature\": 0.0, \"avg_logprob\": -0.3235028386116028, \"compression_ratio\": 1.7350993156433105, \"no_speech_prob\": 0.15606753528118134}, {\"id\": 37, \"seek\": 8502, \"start\": 101.95999908447266, \"end\": 105.76000213623047, \"text\": \" Miami, or after for after hours, what where are the prettiest\", \"tokens\": [51211, 18367, 11, 420, 934, 337, 934, 2496, 11, 437, 689, 366, 264, 45421, 6495, 51401], \"temperature\": 0.0, \"avg_logprob\": -0.3235028386116028, \"compression_ratio\": 1.7350993156433105, \"no_speech_prob\": 0.15606753528118134}, {\"id\": 38, \"seek\": 8502, \"start\": 105.76000213623047, \"end\": 106.80000305175781, \"text\": \" girls and after hours Miami?\", \"tokens\": [51401, 4519, 293, 934, 2496, 18367, 30, 51453], \"temperature\": 0.0, \"avg_logprob\": -0.3235028386116028, \"compression_ratio\": 1.7350993156433105, \"no_speech_prob\": 0.15606753528118134}, {\"id\": 39, \"seek\": 8502, \"start\": 107.91999816894531, \"end\": 111.0, \"text\": \" You're asking the wrong person. Okay, right. So so it's not\", \"tokens\": [51509, 509, 434, 3365, 264, 2085, 954, 13, 1033, 11, 558, 13, 407, 370, 309, 311, 406, 51663], \"temperature\": 0.0, \"avg_logprob\": -0.3235028386116028, \"compression_ratio\": 1.7350993156433105, \"no_speech_prob\": 0.15606753528118134}, {\"id\": 40, \"seek\": 8502, \"start\": 111.0, \"end\": 114.16000366210938, \"text\": \" space, maybe space, but it's 11. Like I was at 11 the other\", \"tokens\": [51663, 1901, 11, 1310, 1901, 11, 457, 309, 311, 2975, 13, 1743, 286, 390, 412, 2975, 264, 661, 51821], \"temperature\": 0.0, \"avg_logprob\": -0.3235028386116028, \"compression_ratio\": 1.7350993156433105, \"no_speech_prob\": 0.15606753528118134}, {\"id\": 41, \"seek\": 11416, \"start\": 114.16000366210938, \"end\": 116.05999755859375, \"text\": \" night and the girls that were hanging out. I'm talking about\", \"tokens\": [50364, 1818, 293, 264, 4519, 300, 645, 8345, 484, 13, 286, 478, 1417, 466, 50459], \"temperature\": 0.0, \"avg_logprob\": -0.36316168308258057, \"compression_ratio\": 1.802359938621521, \"no_speech_prob\": 0.04884743690490723}, {\"id\": 42, \"seek\": 11416, \"start\": 116.05999755859375, \"end\": 119.62000274658203, \"text\": \" the strippers were gorgeous. Okay. In Vegas, there's not 10\", \"tokens\": [50459, 264, 3575, 15226, 645, 12291, 13, 1033, 13, 682, 15841, 11, 456, 311, 406, 1266, 50637], \"temperature\": 0.0, \"avg_logprob\": -0.36316168308258057, \"compression_ratio\": 1.802359938621521, \"no_speech_prob\": 0.04884743690490723}, {\"id\": 43, \"seek\": 11416, \"start\": 119.62000274658203, \"end\": 122.05999755859375, \"text\": \" strip clubs that are good. There's two, maybe three strip\", \"tokens\": [50637, 12828, 15428, 300, 366, 665, 13, 821, 311, 732, 11, 1310, 1045, 12828, 50759], \"temperature\": 0.0, \"avg_logprob\": -0.36316168308258057, \"compression_ratio\": 1.802359938621521, \"no_speech_prob\": 0.04884743690490723}, {\"id\": 44, \"seek\": 11416, \"start\": 122.05999755859375, \"end\": 124.73999786376953, \"text\": \" clubs that are good. What is it like the rhino? Rhino, Sapphire\", \"tokens\": [50759, 15428, 300, 366, 665, 13, 708, 307, 309, 411, 264, 33418, 2982, 30, 16111, 2982, 11, 46814, 25966, 50893], \"temperature\": 0.0, \"avg_logprob\": -0.36316168308258057, \"compression_ratio\": 1.802359938621521, \"no_speech_prob\": 0.04884743690490723}, {\"id\": 45, \"seek\": 11416, \"start\": 124.73999786376953, \"end\": 127.9000015258789, \"text\": \" and CH three. Um, maybe maybe peppermint hippo this brand new\", \"tokens\": [50893, 293, 5995, 1045, 13, 3301, 11, 1310, 1310, 39759, 966, 686, 8103, 2259, 341, 3360, 777, 51051], \"temperature\": 0.0, \"avg_logprob\": -0.36316168308258057, \"compression_ratio\": 1.802359938621521, \"no_speech_prob\": 0.04884743690490723}, {\"id\": 46, \"seek\": 11416, \"start\": 127.9000015258789, \"end\": 132.22000122070312, \"text\": \" club. And then the other one is for nightclubs. People are like,\", \"tokens\": [51051, 6482, 13, 400, 550, 264, 661, 472, 307, 337, 1818, 3474, 5432, 13, 3432, 366, 411, 11, 51267], \"temperature\": 0.0, \"avg_logprob\": -0.36316168308258057, \"compression_ratio\": 1.802359938621521, \"no_speech_prob\": 0.04884743690490723}, {\"id\": 47, \"seek\": 11416, \"start\": 132.22000122070312, \"end\": 134.67999267578125, \"text\": \" Oh, should I go to this club? This couple is up. It's Omnia\", \"tokens\": [51267, 876, 11, 820, 286, 352, 281, 341, 6482, 30, 639, 1916, 307, 493, 13, 467, 311, 9757, 12679, 51390], \"temperature\": 0.0, \"avg_logprob\": -0.36316168308258057, \"compression_ratio\": 1.802359938621521, \"no_speech_prob\": 0.04884743690490723}, {\"id\": 48, \"seek\": 11416, \"start\": 134.67999267578125, \"end\": 139.13999938964844, \"text\": \" excess and fucking Omnia access and Zouk. Those are the three\", \"tokens\": [51390, 9310, 293, 5546, 9757, 12679, 2105, 293, 1176, 263, 74, 13, 3950, 366, 264, 1045, 51613], \"temperature\": 0.0, \"avg_logprob\": -0.36316168308258057, \"compression_ratio\": 1.802359938621521, \"no_speech_prob\": 0.04884743690490723}, {\"id\": 49, \"seek\": 11416, \"start\": 139.13999938964844, \"end\": 141.52000427246094, \"text\": \" hottest clubs period. If you want to go to another club,\", \"tokens\": [51613, 32780, 15428, 2896, 13, 759, 291, 528, 281, 352, 281, 1071, 6482, 11, 51732], \"temperature\": 0.0, \"avg_logprob\": -0.36316168308258057, \"compression_ratio\": 1.802359938621521, \"no_speech_prob\": 0.04884743690490723}, {\"id\": 50, \"seek\": 11416, \"start\": 141.52000427246094, \"end\": 143.9199981689453, \"text\": \" they're still going to be good. Marquis is still good. Hawkson\", \"tokens\": [51732, 436, 434, 920, 516, 281, 312, 665, 13, 2039, 15398, 307, 920, 665, 13, 42219, 3015, 51852], \"temperature\": 0.0, \"avg_logprob\": -0.36316168308258057, \"compression_ratio\": 1.802359938621521, \"no_speech_prob\": 0.04884743690490723}, {\"id\": 51, \"seek\": 14392, \"start\": 143.9199981689453, \"end\": 146.9199981689453, \"text\": \" is still good. But those are the three best clubs. There's\", \"tokens\": [50364, 307, 920, 665, 13, 583, 729, 366, 264, 1045, 1151, 15428, 13, 821, 311, 50514], \"temperature\": 0.0, \"avg_logprob\": -0.23538950085639954, \"compression_ratio\": 1.7981927394866943, \"no_speech_prob\": 0.005059197545051575}, {\"id\": 52, \"seek\": 14392, \"start\": 146.94000244140625, \"end\": 150.52000427246094, \"text\": \" there's stratification in every city's nightlife. Not every\", \"tokens\": [50515, 456, 311, 23674, 3774, 294, 633, 2307, 311, 1818, 9073, 13, 1726, 633, 50694], \"temperature\": 0.0, \"avg_logprob\": -0.23538950085639954, \"compression_ratio\": 1.7981927394866943, \"no_speech_prob\": 0.005059197545051575}, {\"id\": 53, \"seek\": 14392, \"start\": 150.52000427246094, \"end\": 154.3000030517578, \"text\": \" place is equal. No, it is harder to get into story than some\", \"tokens\": [50694, 1081, 307, 2681, 13, 883, 11, 309, 307, 6081, 281, 483, 666, 1657, 813, 512, 50883], \"temperature\": 0.0, \"avg_logprob\": -0.23538950085639954, \"compression_ratio\": 1.7981927394866943, \"no_speech_prob\": 0.005059197545051575}, {\"id\": 54, \"seek\": 14392, \"start\": 154.3000030517578, \"end\": 157.82000732421875, \"text\": \" club in Wynwood. Right in Miami. It just is. And because it's\", \"tokens\": [50883, 6482, 294, 343, 2534, 6092, 13, 1779, 294, 18367, 13, 467, 445, 307, 13, 400, 570, 309, 311, 51059], \"temperature\": 0.0, \"avg_logprob\": -0.23538950085639954, \"compression_ratio\": 1.7981927394866943, \"no_speech_prob\": 0.005059197545051575}, {\"id\": 55, \"seek\": 14392, \"start\": 157.82000732421875, \"end\": 160.5399932861328, \"text\": \" harder, the girls are prettier at the other club. It just\", \"tokens\": [51059, 6081, 11, 264, 4519, 366, 36825, 412, 264, 661, 6482, 13, 467, 445, 51195], \"temperature\": 0.0, \"avg_logprob\": -0.23538950085639954, \"compression_ratio\": 1.7981927394866943, \"no_speech_prob\": 0.005059197545051575}, {\"id\": 56, \"seek\": 14392, \"start\": 160.6199951171875, \"end\": 164.4199981689453, \"text\": \" always like that. The Marquis skydeck at EDC are the most\", \"tokens\": [51199, 1009, 411, 300, 13, 440, 2039, 15398, 5443, 1479, 547, 412, 18050, 34, 366, 264, 881, 51389], \"temperature\": 0.0, \"avg_logprob\": -0.23538950085639954, \"compression_ratio\": 1.7981927394866943, \"no_speech_prob\": 0.005059197545051575}, {\"id\": 57, \"seek\": 14392, \"start\": 164.4199981689453, \"end\": 166.83999633789062, \"text\": \" beautiful women you will ever see in your entire life. Because\", \"tokens\": [51389, 2238, 2266, 291, 486, 1562, 536, 294, 428, 2302, 993, 13, 1436, 51510], \"temperature\": 0.0, \"avg_logprob\": -0.23538950085639954, \"compression_ratio\": 1.7981927394866943, \"no_speech_prob\": 0.005059197545051575}, {\"id\": 58, \"seek\": 14392, \"start\": 166.83999633789062, \"end\": 169.25999450683594, \"text\": \" it's impossible to get up there. Right? That's the reason why\", \"tokens\": [51510, 309, 311, 6243, 281, 483, 493, 456, 13, 1779, 30, 663, 311, 264, 1778, 983, 51631], \"temperature\": 0.0, \"avg_logprob\": -0.23538950085639954, \"compression_ratio\": 1.7981927394866943, \"no_speech_prob\": 0.005059197545051575}, {\"id\": 59, \"seek\": 14392, \"start\": 169.25999450683594, \"end\": 171.10000610351562, \"text\": \" when I was at the Playboy mansion, there was the most\", \"tokens\": [51631, 562, 286, 390, 412, 264, 5506, 12795, 25599, 11, 456, 390, 264, 881, 51723], \"temperature\": 0.0, \"avg_logprob\": -0.23538950085639954, \"compression_ratio\": 1.7981927394866943, \"no_speech_prob\": 0.005059197545051575}, {\"id\": 60, \"seek\": 14392, \"start\": 171.10000610351562, \"end\": 172.83999633789062, \"text\": \" beautiful woman I'd ever seen in my entire life because it's\", \"tokens\": [51723, 2238, 3059, 286, 1116, 1562, 1612, 294, 452, 2302, 993, 570, 309, 311, 51810], \"temperature\": 0.0, \"avg_logprob\": -0.23538950085639954, \"compression_ratio\": 1.7981927394866943, \"no_speech_prob\": 0.005059197545051575}, {\"id\": 61, \"seek\": 17284, \"start\": 172.83999633789062, \"end\": 175.89999389648438, \"text\": \" impossible to get in there. That's how the world works. Your\", \"tokens\": [50364, 6243, 281, 483, 294, 456, 13, 663, 311, 577, 264, 1002, 1985, 13, 2260, 50517], \"temperature\": 0.0, \"avg_logprob\": -0.2470073401927948, \"compression_ratio\": 1.826923131942749, \"no_speech_prob\": 0.0769396647810936}, {\"id\": 62, \"seek\": 17284, \"start\": 175.89999389648438, \"end\": 178.4600067138672, \"text\": \" network gets you into those places. If that's really what\", \"tokens\": [50517, 3209, 2170, 291, 666, 729, 3190, 13, 759, 300, 311, 534, 437, 50645], \"temperature\": 0.0, \"avg_logprob\": -0.2470073401927948, \"compression_ratio\": 1.826923131942749, \"no_speech_prob\": 0.0769396647810936}, {\"id\": 63, \"seek\": 17284, \"start\": 178.4600067138672, \"end\": 180.8800048828125, \"text\": \" you want your network, so you can't skip that, which means you\", \"tokens\": [50645, 291, 528, 428, 3209, 11, 370, 291, 393, 380, 10023, 300, 11, 597, 1355, 291, 50766], \"temperature\": 0.0, \"avg_logprob\": -0.2470073401927948, \"compression_ratio\": 1.826923131942749, \"no_speech_prob\": 0.0769396647810936}, {\"id\": 64, \"seek\": 17284, \"start\": 180.8800048828125, \"end\": 183.82000732421875, \"text\": \" can't skip social media. And you want social media, you want to\", \"tokens\": [50766, 393, 380, 10023, 2093, 3021, 13, 400, 291, 528, 2093, 3021, 11, 291, 528, 281, 50913], \"temperature\": 0.0, \"avg_logprob\": -0.2470073401927948, \"compression_ratio\": 1.826923131942749, \"no_speech_prob\": 0.0769396647810936}, {\"id\": 65, \"seek\": 17284, \"start\": 183.82000732421875, \"end\": 185.86000061035156, \"text\": \" show pre selection. The easiest way to do that is have female\", \"tokens\": [50913, 855, 659, 9450, 13, 440, 12889, 636, 281, 360, 300, 307, 362, 6556, 51015], \"temperature\": 0.0, \"avg_logprob\": -0.2470073401927948, \"compression_ratio\": 1.826923131942749, \"no_speech_prob\": 0.0769396647810936}, {\"id\": 66, \"seek\": 17284, \"start\": 185.86000061035156, \"end\": 187.86000061035156, \"text\": \" friends. Unfortunately, for some guys, that's what you have to\", \"tokens\": [51015, 1855, 13, 8590, 11, 337, 512, 1074, 11, 300, 311, 437, 291, 362, 281, 51115], \"temperature\": 0.0, \"avg_logprob\": -0.2470073401927948, \"compression_ratio\": 1.826923131942749, \"no_speech_prob\": 0.0769396647810936}, {\"id\": 67, \"seek\": 17284, \"start\": 187.86000061035156, \"end\": 188.74000549316406, \"text\": \" do. Right.\", \"tokens\": [51115, 360, 13, 1779, 13, 51159], \"temperature\": 0.0, \"avg_logprob\": -0.2470073401927948, \"compression_ratio\": 1.826923131942749, \"no_speech_prob\": 0.0769396647810936}, {\"id\": 68, \"seek\": 17284, \"start\": 188.77999877929688, \"end\": 191.10000610351562, \"text\": \" So you said you're going out and you're meeting like successful\", \"tokens\": [51161, 407, 291, 848, 291, 434, 516, 484, 293, 291, 434, 3440, 411, 4406, 51277], \"temperature\": 0.0, \"avg_logprob\": -0.2470073401927948, \"compression_ratio\": 1.826923131942749, \"no_speech_prob\": 0.0769396647810936}, {\"id\": 69, \"seek\": 17284, \"start\": 191.10000610351562, \"end\": 193.83999633789062, \"text\": \" promoters, guys were really crushing it. How? What was your\", \"tokens\": [51277, 6609, 433, 11, 1074, 645, 534, 31317, 309, 13, 1012, 30, 708, 390, 428, 51414], \"temperature\": 0.0, \"avg_logprob\": -0.2470073401927948, \"compression_ratio\": 1.826923131942749, \"no_speech_prob\": 0.0769396647810936}, {\"id\": 70, \"seek\": 17284, \"start\": 193.83999633789062, \"end\": 194.97999572753906, \"text\": \" approach for meeting those dudes?\", \"tokens\": [51414, 3109, 337, 3440, 729, 27717, 30, 51471], \"temperature\": 0.0, \"avg_logprob\": -0.2470073401927948, \"compression_ratio\": 1.826923131942749, \"no_speech_prob\": 0.0769396647810936}, {\"id\": 71, \"seek\": 17284, \"start\": 195.4600067138672, \"end\": 198.02000427246094, \"text\": \" I would just go up to them and I would just offer whatever value\", \"tokens\": [51495, 286, 576, 445, 352, 493, 281, 552, 293, 286, 576, 445, 2626, 2035, 2158, 51623], \"temperature\": 0.0, \"avg_logprob\": -0.2470073401927948, \"compression_ratio\": 1.826923131942749, \"no_speech_prob\": 0.0769396647810936}, {\"id\": 72, \"seek\": 17284, \"start\": 198.02000427246094, \"end\": 201.4600067138672, \"text\": \" I could as far as like, for me, I wasn't at the time. At the\", \"tokens\": [51623, 286, 727, 382, 1400, 382, 411, 11, 337, 385, 11, 286, 2067, 380, 412, 264, 565, 13, 1711, 264, 51795], \"temperature\": 0.0, \"avg_logprob\": -0.2470073401927948, \"compression_ratio\": 1.826923131942749, \"no_speech_prob\": 0.0769396647810936}, {\"id\": 73, \"seek\": 20146, \"start\": 201.47999572753906, \"end\": 205.27999877929688, \"text\": \" time, man, I would carry like a camera with me, I take photos, I\", \"tokens\": [50365, 565, 11, 587, 11, 286, 576, 3985, 411, 257, 2799, 365, 385, 11, 286, 747, 5787, 11, 286, 50555], \"temperature\": 0.0, \"avg_logprob\": -0.2271375209093094, \"compression_ratio\": 1.8719512224197388, \"no_speech_prob\": 0.009858592413365841}, {\"id\": 74, \"seek\": 20146, \"start\": 205.27999877929688, \"end\": 207.8800048828125, \"text\": \" would, I would, one of the things I tell my guys to do\", \"tokens\": [50555, 576, 11, 286, 576, 11, 472, 295, 264, 721, 286, 980, 452, 1074, 281, 360, 50685], \"temperature\": 0.0, \"avg_logprob\": -0.2271375209093094, \"compression_ratio\": 1.8719512224197388, \"no_speech_prob\": 0.009858592413365841}, {\"id\": 75, \"seek\": 20146, \"start\": 207.8800048828125, \"end\": 210.32000732421875, \"text\": \" immediately right now is whatever city you're you live in,\", \"tokens\": [50685, 4258, 558, 586, 307, 2035, 2307, 291, 434, 291, 1621, 294, 11, 50807], \"temperature\": 0.0, \"avg_logprob\": -0.2271375209093094, \"compression_ratio\": 1.8719512224197388, \"no_speech_prob\": 0.009858592413365841}, {\"id\": 76, \"seek\": 20146, \"start\": 210.39999389648438, \"end\": 213.1999969482422, \"text\": \" find like your your favorite type. This is also for dudes, if\", \"tokens\": [50811, 915, 411, 428, 428, 2954, 2010, 13, 639, 307, 611, 337, 27717, 11, 498, 50951], \"temperature\": 0.0, \"avg_logprob\": -0.2271375209093094, \"compression_ratio\": 1.8719512224197388, \"no_speech_prob\": 0.009858592413365841}, {\"id\": 77, \"seek\": 20146, \"start\": 213.1999969482422, \"end\": 214.75999450683594, \"text\": \" you want to network for like, let's say you're a real estate\", \"tokens\": [50951, 291, 528, 281, 3209, 337, 411, 11, 718, 311, 584, 291, 434, 257, 957, 9749, 51029], \"temperature\": 0.0, \"avg_logprob\": -0.2271375209093094, \"compression_ratio\": 1.8719512224197388, \"no_speech_prob\": 0.009858592413365841}, {\"id\": 78, \"seek\": 20146, \"start\": 214.75999450683594, \"end\": 216.60000610351562, \"text\": \" agent, you want to meet other real estate agents, or if your\", \"tokens\": [51029, 9461, 11, 291, 528, 281, 1677, 661, 957, 9749, 12554, 11, 420, 498, 428, 51121], \"temperature\": 0.0, \"avg_logprob\": -0.2271375209093094, \"compression_ratio\": 1.8719512224197388, \"no_speech_prob\": 0.009858592413365841}, {\"id\": 79, \"seek\": 20146, \"start\": 216.60000610351562, \"end\": 219.32000732421875, \"text\": \" guy just wants to meet pretty girls, I would find your perfect\", \"tokens\": [51121, 2146, 445, 2738, 281, 1677, 1238, 4519, 11, 286, 576, 915, 428, 2176, 51257], \"temperature\": 0.0, \"avg_logprob\": -0.2271375209093094, \"compression_ratio\": 1.8719512224197388, \"no_speech_prob\": 0.009858592413365841}, {\"id\": 80, \"seek\": 20146, \"start\": 219.32000732421875, \"end\": 221.9199981689453, \"text\": \" girl in that city. And you can go on Instagram, and it'll show\", \"tokens\": [51257, 2013, 294, 300, 2307, 13, 400, 291, 393, 352, 322, 5281, 11, 293, 309, 603, 855, 51387], \"temperature\": 0.0, \"avg_logprob\": -0.2271375209093094, \"compression_ratio\": 1.8719512224197388, \"no_speech_prob\": 0.009858592413365841}, {\"id\": 81, \"seek\": 20146, \"start\": 221.9199981689453, \"end\": 226.4199981689453, \"text\": \" you like girls who are like her similar interests, whatever. And\", \"tokens\": [51387, 291, 411, 4519, 567, 366, 411, 720, 2531, 8847, 11, 2035, 13, 400, 51612], \"temperature\": 0.0, \"avg_logprob\": -0.2271375209093094, \"compression_ratio\": 1.8719512224197388, \"no_speech_prob\": 0.009858592413365841}, {\"id\": 82, \"seek\": 20146, \"start\": 226.4199981689453, \"end\": 229.24000549316406, \"text\": \" I would I would put all those girls on a spreadsheet until I\", \"tokens\": [51612, 286, 576, 286, 576, 829, 439, 729, 4519, 322, 257, 27733, 1826, 286, 51753], \"temperature\": 0.0, \"avg_logprob\": -0.2271375209093094, \"compression_ratio\": 1.8719512224197388, \"no_speech_prob\": 0.009858592413365841}, {\"id\": 83, \"seek\": 22924, \"start\": 229.24000549316406, \"end\": 232.17999267578125, \"text\": \" had like 4000 names on the spreadsheet. And then I would\", \"tokens\": [50364, 632, 411, 31104, 5288, 322, 264, 27733, 13, 400, 550, 286, 576, 50511], \"temperature\": 0.0, \"avg_logprob\": -0.29326149821281433, \"compression_ratio\": 1.7857142686843872, \"no_speech_prob\": 0.29087620973587036}, {\"id\": 84, \"seek\": 22924, \"start\": 232.17999267578125, \"end\": 234.86000061035156, \"text\": \" find an event like Babes in Toyland, or something with the\", \"tokens\": [50511, 915, 364, 2280, 411, 15820, 279, 294, 15708, 1661, 11, 420, 746, 365, 264, 50645], \"temperature\": 0.0, \"avg_logprob\": -0.29326149821281433, \"compression_ratio\": 1.7857142686843872, \"no_speech_prob\": 0.29087620973587036}, {\"id\": 85, \"seek\": 22924, \"start\": 234.86000061035156, \"end\": 237.3800048828125, \"text\": \" SPCA or something. I know you they do model volleyball out\", \"tokens\": [50645, 8420, 15515, 420, 746, 13, 286, 458, 291, 436, 360, 2316, 35887, 484, 50771], \"temperature\": 0.0, \"avg_logprob\": -0.29326149821281433, \"compression_ratio\": 1.7857142686843872, \"no_speech_prob\": 0.29087620973587036}, {\"id\": 86, \"seek\": 22924, \"start\": 237.3800048828125, \"end\": 240.33999633789062, \"text\": \" here, or maybe something with Paradise Challenge, or Swimsuit\", \"tokens\": [50771, 510, 11, 420, 1310, 746, 365, 35053, 17517, 11, 420, 3926, 18857, 1983, 50919], \"temperature\": 0.0, \"avg_logprob\": -0.29326149821281433, \"compression_ratio\": 1.7857142686843872, \"no_speech_prob\": 0.29087620973587036}, {\"id\": 87, \"seek\": 22924, \"start\": 240.33999633789062, \"end\": 243.0399932861328, \"text\": \" USA, or it's one of these other events. And I would invite them\", \"tokens\": [50919, 10827, 11, 420, 309, 311, 472, 295, 613, 661, 3931, 13, 400, 286, 576, 7980, 552, 51054], \"temperature\": 0.0, \"avg_logprob\": -0.29326149821281433, \"compression_ratio\": 1.7857142686843872, \"no_speech_prob\": 0.29087620973587036}, {\"id\": 88, \"seek\": 22924, \"start\": 243.0399932861328, \"end\": 245.89999389648438, \"text\": \" all out to the to that event, the map when we did the maximum\", \"tokens\": [51054, 439, 484, 281, 264, 281, 300, 2280, 11, 264, 4471, 562, 321, 630, 264, 6674, 51197], \"temperature\": 0.0, \"avg_logprob\": -0.29326149821281433, \"compression_ratio\": 1.7857142686843872, \"no_speech_prob\": 0.29087620973587036}, {\"id\": 89, \"seek\": 22924, \"start\": 245.89999389648438, \"end\": 248.82000732421875, \"text\": \" party at Fountain Blue in October, and I was the host of\", \"tokens\": [51197, 3595, 412, 479, 22838, 8510, 294, 7617, 11, 293, 286, 390, 264, 3975, 295, 51343], \"temperature\": 0.0, \"avg_logprob\": -0.29326149821281433, \"compression_ratio\": 1.7857142686843872, \"no_speech_prob\": 0.29087620973587036}, {\"id\": 90, \"seek\": 22924, \"start\": 248.82000732421875, \"end\": 251.3800048828125, \"text\": \" that I'm the only person ever I hosted the maximum party in LA\", \"tokens\": [51343, 300, 286, 478, 264, 787, 954, 1562, 286, 19204, 264, 6674, 3595, 294, 9855, 51471], \"temperature\": 0.0, \"avg_logprob\": -0.29326149821281433, \"compression_ratio\": 1.7857142686843872, \"no_speech_prob\": 0.29087620973587036}, {\"id\": 91, \"seek\": 22924, \"start\": 251.3800048828125, \"end\": 254.82000732421875, \"text\": \" and the one in Miami, not back to back. The one here I would I\", \"tokens\": [51471, 293, 264, 472, 294, 18367, 11, 406, 646, 281, 646, 13, 440, 472, 510, 286, 576, 286, 51643], \"temperature\": 0.0, \"avg_logprob\": -0.29326149821281433, \"compression_ratio\": 1.7857142686843872, \"no_speech_prob\": 0.29087620973587036}, {\"id\": 92, \"seek\": 22924, \"start\": 254.82000732421875, \"end\": 258.29998779296875, \"text\": \" went through a list of 1000 girls in Miami, like super\", \"tokens\": [51643, 1437, 807, 257, 1329, 295, 9714, 4519, 294, 18367, 11, 411, 1687, 51817], \"temperature\": 0.0, \"avg_logprob\": -0.29326149821281433, \"compression_ratio\": 1.7857142686843872, \"no_speech_prob\": 0.29087620973587036}, {\"id\": 93, \"seek\": 25830, \"start\": 258.29998779296875, \"end\": 261.9200134277344, \"text\": \" incredible models, and I got maybe 100 of them to show up to\", \"tokens\": [50364, 4651, 5245, 11, 293, 286, 658, 1310, 2319, 295, 552, 281, 855, 493, 281, 50545], \"temperature\": 0.0, \"avg_logprob\": -0.23534242808818817, \"compression_ratio\": 1.6722222566604614, \"no_speech_prob\": 0.01542300172150135}, {\"id\": 94, \"seek\": 25830, \"start\": 261.9200134277344, \"end\": 266.239990234375, \"text\": \" the maximum party in Miami and 85% of my never met before.\", \"tokens\": [50545, 264, 6674, 3595, 294, 18367, 293, 14695, 4, 295, 452, 1128, 1131, 949, 13, 50761], \"temperature\": 0.0, \"avg_logprob\": -0.23534242808818817, \"compression_ratio\": 1.6722222566604614, \"no_speech_prob\": 0.01542300172150135}, {\"id\": 95, \"seek\": 25830, \"start\": 266.67999267578125, \"end\": 269.3999938964844, \"text\": \" That's what I would do today that now back then, that's not\", \"tokens\": [50783, 663, 311, 437, 286, 576, 360, 965, 300, 586, 646, 550, 11, 300, 311, 406, 50919], \"temperature\": 0.0, \"avg_logprob\": -0.23534242808818817, \"compression_ratio\": 1.6722222566604614, \"no_speech_prob\": 0.01542300172150135}, {\"id\": 96, \"seek\": 25830, \"start\": 269.3999938964844, \"end\": 271.44000244140625, \"text\": \" what I would do. I would do more like just Facebook, just cold\", \"tokens\": [50919, 437, 286, 576, 360, 13, 286, 576, 360, 544, 411, 445, 4384, 11, 445, 3554, 51021], \"temperature\": 0.0, \"avg_logprob\": -0.23534242808818817, \"compression_ratio\": 1.6722222566604614, \"no_speech_prob\": 0.01542300172150135}, {\"id\": 97, \"seek\": 25830, \"start\": 271.44000244140625, \"end\": 273.79998779296875, \"text\": \" DM and stuff like that. Or I just I just go up to people and\", \"tokens\": [51021, 15322, 293, 1507, 411, 300, 13, 1610, 286, 445, 286, 445, 352, 493, 281, 561, 293, 51139], \"temperature\": 0.0, \"avg_logprob\": -0.23534242808818817, \"compression_ratio\": 1.6722222566604614, \"no_speech_prob\": 0.01542300172150135}, {\"id\": 98, \"seek\": 25830, \"start\": 273.79998779296875, \"end\": 276.239990234375, \"text\": \" get their phone number. And I would help the promoter guys\", \"tokens\": [51139, 483, 641, 2593, 1230, 13, 400, 286, 576, 854, 264, 6609, 260, 1074, 51261], \"temperature\": 0.0, \"avg_logprob\": -0.23534242808818817, \"compression_ratio\": 1.6722222566604614, \"no_speech_prob\": 0.01542300172150135}, {\"id\": 99, \"seek\": 25830, \"start\": 276.239990234375, \"end\": 278.2799987792969, \"text\": \" that I was friends with. And in exchange, I would get in free\", \"tokens\": [51261, 300, 286, 390, 1855, 365, 13, 400, 294, 7742, 11, 286, 576, 483, 294, 1737, 51363], \"temperature\": 0.0, \"avg_logprob\": -0.23534242808818817, \"compression_ratio\": 1.6722222566604614, \"no_speech_prob\": 0.01542300172150135}, {\"id\": 100, \"seek\": 25830, \"start\": 278.2799987792969, \"end\": 282.29998779296875, \"text\": \" everywhere. I'll try to go. So how Okay, so I'm a first\", \"tokens\": [51363, 5315, 13, 286, 603, 853, 281, 352, 13, 407, 577, 1033, 11, 370, 286, 478, 257, 700, 51564], \"temperature\": 0.0, \"avg_logprob\": -0.23534242808818817, \"compression_ratio\": 1.6722222566604614, \"no_speech_prob\": 0.01542300172150135}, {\"id\": 101, \"seek\": 25830, \"start\": 282.29998779296875, \"end\": 284.4800109863281, \"text\": \" lieutenant in the Air Force while I'm doing this. Okay. Yeah.\", \"tokens\": [51564, 45521, 294, 264, 5774, 10580, 1339, 286, 478, 884, 341, 13, 1033, 13, 865, 13, 51673], \"temperature\": 0.0, \"avg_logprob\": -0.23534242808818817, \"compression_ratio\": 1.6722222566604614, \"no_speech_prob\": 0.01542300172150135}, {\"id\": 102, \"seek\": 25830, \"start\": 284.5199890136719, \"end\": 287.32000732421875, \"text\": \" So how would a guy who, for example, doesn't have an end to\", \"tokens\": [51675, 407, 577, 576, 257, 2146, 567, 11, 337, 1365, 11, 1177, 380, 362, 364, 917, 281, 51815], \"temperature\": 0.0, \"avg_logprob\": -0.23534242808818817, \"compression_ratio\": 1.6722222566604614, \"no_speech_prob\": 0.01542300172150135}, {\"id\": 103, \"seek\": 28732, \"start\": 287.32000732421875, \"end\": 290.94000244140625, \"text\": \" that, you know, then like, how will you do you do anyone who's\", \"tokens\": [50364, 300, 11, 291, 458, 11, 550, 411, 11, 577, 486, 291, 360, 291, 360, 2878, 567, 311, 50545], \"temperature\": 0.0, \"avg_logprob\": -0.2903495728969574, \"compression_ratio\": 1.79677414894104, \"no_speech_prob\": 0.006902669090777636}, {\"id\": 104, \"seek\": 28732, \"start\": 290.94000244140625, \"end\": 294.94000244140625, \"text\": \" watching this? I can get any girl who's pretty on the red\", \"tokens\": [50545, 1976, 341, 30, 286, 393, 483, 604, 2013, 567, 311, 1238, 322, 264, 2182, 50745], \"temperature\": 0.0, \"avg_logprob\": -0.2903495728969574, \"compression_ratio\": 1.79677414894104, \"no_speech_prob\": 0.006902669090777636}, {\"id\": 105, \"seek\": 28732, \"start\": 294.94000244140625, \"end\": 298.1000061035156, \"text\": \" carpet at maximum. So like any like, this is one of the issues\", \"tokens\": [50745, 18119, 412, 6674, 13, 407, 411, 604, 411, 11, 341, 307, 472, 295, 264, 2663, 50903], \"temperature\": 0.0, \"avg_logprob\": -0.2903495728969574, \"compression_ratio\": 1.79677414894104, \"no_speech_prob\": 0.006902669090777636}, {\"id\": 106, \"seek\": 28732, \"start\": 298.1000061035156, \"end\": 301.29998779296875, \"text\": \" like, I tell my clients this all the time. If you're trying to\", \"tokens\": [50903, 411, 11, 286, 980, 452, 6982, 341, 439, 264, 565, 13, 759, 291, 434, 1382, 281, 51063], \"temperature\": 0.0, \"avg_logprob\": -0.2903495728969574, \"compression_ratio\": 1.79677414894104, \"no_speech_prob\": 0.006902669090777636}, {\"id\": 107, \"seek\": 28732, \"start\": 301.29998779296875, \"end\": 304.1000061035156, \"text\": \" hit on your the receptionist at work, who's not that cute. I\", \"tokens\": [51063, 2045, 322, 428, 264, 21682, 468, 412, 589, 11, 567, 311, 406, 300, 4052, 13, 286, 51203], \"temperature\": 0.0, \"avg_logprob\": -0.2903495728969574, \"compression_ratio\": 1.79677414894104, \"no_speech_prob\": 0.006902669090777636}, {\"id\": 108, \"seek\": 28732, \"start\": 304.1000061035156, \"end\": 307.6600036621094, \"text\": \" can't help you. If you want like really like when I told guys\", \"tokens\": [51203, 393, 380, 854, 291, 13, 759, 291, 528, 411, 534, 411, 562, 286, 1907, 1074, 51381], \"temperature\": 0.0, \"avg_logprob\": -0.2903495728969574, \"compression_ratio\": 1.79677414894104, \"no_speech_prob\": 0.006902669090777636}, {\"id\": 109, \"seek\": 28732, \"start\": 307.6600036621094, \"end\": 309.17999267578125, \"text\": \" when they're like, Hey, I want to get these girls into babies\", \"tokens\": [51381, 562, 436, 434, 411, 11, 1911, 11, 286, 528, 281, 483, 613, 4519, 666, 7564, 414, 82, 51457], \"temperature\": 0.0, \"avg_logprob\": -0.2903495728969574, \"compression_ratio\": 1.79677414894104, \"no_speech_prob\": 0.006902669090777636}, {\"id\": 110, \"seek\": 28732, \"start\": 309.17999267578125, \"end\": 311.7799987792969, \"text\": \" and toilet. I'm like, then they need to be incredibly attractive.\", \"tokens\": [51457, 293, 11137, 13, 286, 478, 411, 11, 550, 436, 643, 281, 312, 6252, 12609, 13, 51587], \"temperature\": 0.0, \"avg_logprob\": -0.2903495728969574, \"compression_ratio\": 1.79677414894104, \"no_speech_prob\": 0.006902669090777636}, {\"id\": 111, \"seek\": 28732, \"start\": 311.79998779296875, \"end\": 314.2200012207031, \"text\": \" Like, they're like, Hey, man, I want to go to Dan Bilzerian\", \"tokens\": [51588, 1743, 11, 436, 434, 411, 11, 1911, 11, 587, 11, 286, 528, 281, 352, 281, 3394, 22879, 4527, 952, 51709], \"temperature\": 0.0, \"avg_logprob\": -0.2903495728969574, \"compression_ratio\": 1.79677414894104, \"no_speech_prob\": 0.006902669090777636}, {\"id\": 112, \"seek\": 31422, \"start\": 314.2200012207031, \"end\": 318.239990234375, \"text\": \" party. I'm like that every girl you bring needs to be breath\", \"tokens\": [50364, 3595, 13, 286, 478, 411, 300, 633, 2013, 291, 1565, 2203, 281, 312, 6045, 50565], \"temperature\": 0.0, \"avg_logprob\": -0.25890812277793884, \"compression_ratio\": 1.7679738998413086, \"no_speech_prob\": 0.6295427680015564}, {\"id\": 113, \"seek\": 31422, \"start\": 318.2799987792969, \"end\": 321.44000244140625, \"text\": \" like jaw droppingly gorgeous. And I tell them, why don't you\", \"tokens\": [50567, 411, 18162, 13601, 356, 12291, 13, 400, 286, 980, 552, 11, 983, 500, 380, 291, 50725], \"temperature\": 0.0, \"avg_logprob\": -0.25890812277793884, \"compression_ratio\": 1.7679738998413086, \"no_speech_prob\": 0.6295427680015564}, {\"id\": 114, \"seek\": 31422, \"start\": 321.44000244140625, \"end\": 324.20001220703125, \"text\": \" invite those girls that would never answer never respond to\", \"tokens\": [50725, 7980, 729, 4519, 300, 576, 1128, 1867, 1128, 4196, 281, 50863], \"temperature\": 0.0, \"avg_logprob\": -0.25890812277793884, \"compression_ratio\": 1.7679738998413086, \"no_speech_prob\": 0.6295427680015564}, {\"id\": 115, \"seek\": 31422, \"start\": 324.20001220703125, \"end\": 326.55999755859375, \"text\": \" you. So like, I'll give you an example right now. You could you\", \"tokens\": [50863, 291, 13, 407, 411, 11, 286, 603, 976, 291, 364, 1365, 558, 586, 13, 509, 727, 291, 50981], \"temperature\": 0.0, \"avg_logprob\": -0.25890812277793884, \"compression_ratio\": 1.7679738998413086, \"no_speech_prob\": 0.6295427680015564}, {\"id\": 116, \"seek\": 31422, \"start\": 326.55999755859375, \"end\": 328.9800109863281, \"text\": \" could do this to now I will give you this tonight. You'll do this\", \"tokens\": [50981, 727, 360, 341, 281, 586, 286, 486, 976, 291, 341, 4440, 13, 509, 603, 360, 341, 51102], \"temperature\": 0.0, \"avg_logprob\": -0.25890812277793884, \"compression_ratio\": 1.7679738998413086, \"no_speech_prob\": 0.6295427680015564}, {\"id\": 117, \"seek\": 31422, \"start\": 328.9800109863281, \"end\": 331.6000061035156, \"text\": \" right now. I will give you the invite I sent out for the\", \"tokens\": [51102, 558, 586, 13, 286, 486, 976, 291, 264, 7980, 286, 2279, 484, 337, 264, 51233], \"temperature\": 0.0, \"avg_logprob\": -0.25890812277793884, \"compression_ratio\": 1.7679738998413086, \"no_speech_prob\": 0.6295427680015564}, {\"id\": 118, \"seek\": 31422, \"start\": 331.6000061035156, \"end\": 335.44000244140625, \"text\": \" Playboy. Summer search bikini competition I'm hosting in Los\", \"tokens\": [51233, 5506, 12795, 13, 16161, 3164, 26730, 3812, 6211, 286, 478, 16058, 294, 7632, 51425], \"temperature\": 0.0, \"avg_logprob\": -0.25890812277793884, \"compression_ratio\": 1.7679738998413086, \"no_speech_prob\": 0.6295427680015564}, {\"id\": 119, \"seek\": 31422, \"start\": 335.44000244140625, \"end\": 338.79998779296875, \"text\": \" Angeles or in Las Vegas. It's 130 grand first prize is 20\", \"tokens\": [51425, 12292, 420, 294, 10663, 15841, 13, 467, 311, 19966, 2697, 700, 12818, 307, 945, 51593], \"temperature\": 0.0, \"avg_logprob\": -0.25890812277793884, \"compression_ratio\": 1.7679738998413086, \"no_speech_prob\": 0.6295427680015564}, {\"id\": 120, \"seek\": 31422, \"start\": 338.79998779296875, \"end\": 341.1600036621094, \"text\": \" grand plus a Playboy photo shoot. I will give you the\", \"tokens\": [51593, 2697, 1804, 257, 5506, 12795, 5052, 3076, 13, 286, 486, 976, 291, 264, 51711], \"temperature\": 0.0, \"avg_logprob\": -0.25890812277793884, \"compression_ratio\": 1.7679738998413086, \"no_speech_prob\": 0.6295427680015564}, {\"id\": 121, \"seek\": 34116, \"start\": 341.1600036621094, \"end\": 344.739990234375, \"text\": \" invite, you will send it out to the 100 hottest girls you've\", \"tokens\": [50364, 7980, 11, 291, 486, 2845, 309, 484, 281, 264, 2319, 32780, 4519, 291, 600, 50543], \"temperature\": 0.0, \"avg_logprob\": -0.23911389708518982, \"compression_ratio\": 1.7957559823989868, \"no_speech_prob\": 0.47644564509391785}, {\"id\": 122, \"seek\": 34116, \"start\": 344.739990234375, \"end\": 346.8999938964844, \"text\": \" ever seen. Not the hottest girls, you know, forget the ones\", \"tokens\": [50543, 1562, 1612, 13, 1726, 264, 32780, 4519, 11, 291, 458, 11, 2870, 264, 2306, 50651], \"temperature\": 0.0, \"avg_logprob\": -0.23911389708518982, \"compression_ratio\": 1.7957559823989868, \"no_speech_prob\": 0.47644564509391785}, {\"id\": 123, \"seek\": 34116, \"start\": 346.8999938964844, \"end\": 350.260009765625, \"text\": \" you know, you will get responses from like 20% of them. But these\", \"tokens\": [50651, 291, 458, 11, 291, 486, 483, 13019, 490, 411, 945, 4, 295, 552, 13, 583, 613, 50819], \"temperature\": 0.0, \"avg_logprob\": -0.23911389708518982, \"compression_ratio\": 1.7957559823989868, \"no_speech_prob\": 0.47644564509391785}, {\"id\": 124, \"seek\": 34116, \"start\": 350.260009765625, \"end\": 352.70001220703125, \"text\": \" are 20 girls that would never respond to you into you in a\", \"tokens\": [50819, 366, 945, 4519, 300, 576, 1128, 4196, 281, 291, 666, 291, 294, 257, 50941], \"temperature\": 0.0, \"avg_logprob\": -0.23911389708518982, \"compression_ratio\": 1.7957559823989868, \"no_speech_prob\": 0.47644564509391785}, {\"id\": 125, \"seek\": 34116, \"start\": 352.70001220703125, \"end\": 355.4599914550781, \"text\": \" million years. Now you have open threads so that when you want to\", \"tokens\": [50941, 2459, 924, 13, 823, 291, 362, 1269, 19314, 370, 300, 562, 291, 528, 281, 51079], \"temperature\": 0.0, \"avg_logprob\": -0.23911389708518982, \"compression_ratio\": 1.7957559823989868, \"no_speech_prob\": 0.47644564509391785}, {\"id\": 126, \"seek\": 34116, \"start\": 355.4599914550781, \"end\": 358.2200012207031, \"text\": \" invite them to another thing, they're gonna say yes, the maximum\", \"tokens\": [51079, 7980, 552, 281, 1071, 551, 11, 436, 434, 799, 584, 2086, 11, 264, 6674, 51217], \"temperature\": 0.0, \"avg_logprob\": -0.23911389708518982, \"compression_ratio\": 1.7957559823989868, \"no_speech_prob\": 0.47644564509391785}, {\"id\": 127, \"seek\": 34116, \"start\": 358.2200012207031, \"end\": 360.739990234375, \"text\": \" party, babes and toilet, whatever. And like, it's not\", \"tokens\": [51217, 3595, 11, 7564, 279, 293, 11137, 11, 2035, 13, 400, 411, 11, 309, 311, 406, 51343], \"temperature\": 0.0, \"avg_logprob\": -0.23911389708518982, \"compression_ratio\": 1.7957559823989868, \"no_speech_prob\": 0.47644564509391785}, {\"id\": 128, \"seek\": 34116, \"start\": 360.739990234375, \"end\": 363.29998779296875, \"text\": \" like you don't need to be hooked up to get somebody on the list\", \"tokens\": [51343, 411, 291, 500, 380, 643, 281, 312, 20410, 493, 281, 483, 2618, 322, 264, 1329, 51471], \"temperature\": 0.0, \"avg_logprob\": -0.23911389708518982, \"compression_ratio\": 1.7957559823989868, \"no_speech_prob\": 0.47644564509391785}, {\"id\": 129, \"seek\": 34116, \"start\": 363.29998779296875, \"end\": 365.5400085449219, \"text\": \" for that. If a girl is pretty, I'm gonna put them on the list.\", \"tokens\": [51471, 337, 300, 13, 759, 257, 2013, 307, 1238, 11, 286, 478, 799, 829, 552, 322, 264, 1329, 13, 51583], \"temperature\": 0.0, \"avg_logprob\": -0.23911389708518982, \"compression_ratio\": 1.7957559823989868, \"no_speech_prob\": 0.47644564509391785}, {\"id\": 130, \"seek\": 34116, \"start\": 365.70001220703125, \"end\": 367.739990234375, \"text\": \" Does that make sense? So what would they do? Like, if a guy\", \"tokens\": [51591, 4402, 300, 652, 2020, 30, 407, 437, 576, 436, 360, 30, 1743, 11, 498, 257, 2146, 51693], \"temperature\": 0.0, \"avg_logprob\": -0.23911389708518982, \"compression_ratio\": 1.7957559823989868, \"no_speech_prob\": 0.47644564509391785}, {\"id\": 131, \"seek\": 34116, \"start\": 367.739990234375, \"end\": 370.67999267578125, \"text\": \" wants to do this, they would just call the organizer and be\", \"tokens\": [51693, 2738, 281, 360, 341, 11, 436, 576, 445, 818, 264, 41363, 293, 312, 51840], \"temperature\": 0.0, \"avg_logprob\": -0.23911389708518982, \"compression_ratio\": 1.7957559823989868, \"no_speech_prob\": 0.47644564509391785}, {\"id\": 132, \"seek\": 37068, \"start\": 370.67999267578125, \"end\": 372.94000244140625, \"text\": \" like, Hey, I got like 50 hot tricks. Yeah, I mean, yeah. So\", \"tokens\": [50364, 411, 11, 1911, 11, 286, 658, 411, 2625, 2368, 11733, 13, 865, 11, 286, 914, 11, 1338, 13, 407, 50477], \"temperature\": 0.0, \"avg_logprob\": -0.29508981108665466, \"compression_ratio\": 1.7549858093261719, \"no_speech_prob\": 0.01771007478237152}, {\"id\": 133, \"seek\": 37068, \"start\": 372.94000244140625, \"end\": 375.8599853515625, \"text\": \" so the so Dan and I've been friends since like 2014. But\", \"tokens\": [50477, 370, 264, 370, 3394, 293, 286, 600, 668, 1855, 1670, 411, 8227, 13, 583, 50623], \"temperature\": 0.0, \"avg_logprob\": -0.29508981108665466, \"compression_ratio\": 1.7549858093261719, \"no_speech_prob\": 0.01771007478237152}, {\"id\": 134, \"seek\": 37068, \"start\": 375.8599853515625, \"end\": 378.3399963378906, \"text\": \" whenever he had a party, I would never just like, Hey, Dan, let\", \"tokens\": [50623, 5699, 415, 632, 257, 3595, 11, 286, 576, 1128, 445, 411, 11, 1911, 11, 3394, 11, 718, 50747], \"temperature\": 0.0, \"avg_logprob\": -0.29508981108665466, \"compression_ratio\": 1.7549858093261719, \"no_speech_prob\": 0.01771007478237152}, {\"id\": 135, \"seek\": 37068, \"start\": 378.3399963378906, \"end\": 382.17999267578125, \"text\": \" me in ever. I would text him. I'm like, Dan, I was sent him a\", \"tokens\": [50747, 385, 294, 1562, 13, 286, 576, 2487, 796, 13, 286, 478, 411, 11, 3394, 11, 286, 390, 2279, 796, 257, 50939], \"temperature\": 0.0, \"avg_logprob\": -0.29508981108665466, \"compression_ratio\": 1.7549858093261719, \"no_speech_prob\": 0.01771007478237152}, {\"id\": 136, \"seek\": 37068, \"start\": 382.17999267578125, \"end\": 384.3800048828125, \"text\": \" spreadsheet. I'd be like, Dan, here's 70 girls. Who should I\", \"tokens\": [50939, 27733, 13, 286, 1116, 312, 411, 11, 3394, 11, 510, 311, 5285, 4519, 13, 2102, 820, 286, 51049], \"temperature\": 0.0, \"avg_logprob\": -0.29508981108665466, \"compression_ratio\": 1.7549858093261719, \"no_speech_prob\": 0.01771007478237152}, {\"id\": 137, \"seek\": 37068, \"start\": 384.3800048828125, \"end\": 387.4200134277344, \"text\": \" send them to? Maybe like some to Brianna send them to he used to\", \"tokens\": [51049, 2845, 552, 281, 30, 2704, 411, 512, 281, 32851, 1795, 2845, 552, 281, 415, 1143, 281, 51201], \"temperature\": 0.0, \"avg_logprob\": -0.29508981108665466, \"compression_ratio\": 1.7549858093261719, \"no_speech_prob\": 0.01771007478237152}, {\"id\": 138, \"seek\": 37068, \"start\": 387.4200134277344, \"end\": 389.9800109863281, \"text\": \" do me up. Bianca Gezzi. She lives here in Miami. Shout out\", \"tokens\": [51201, 360, 385, 493, 13, 39509, 496, 2876, 89, 3992, 13, 1240, 2909, 510, 294, 18367, 13, 32749, 484, 51329], \"temperature\": 0.0, \"avg_logprob\": -0.29508981108665466, \"compression_ratio\": 1.7549858093261719, \"no_speech_prob\": 0.01771007478237152}, {\"id\": 139, \"seek\": 37068, \"start\": 389.9800109863281, \"end\": 393.05999755859375, \"text\": \" to Bianca. She used to do it. And I love Bianca because what\", \"tokens\": [51329, 281, 39509, 496, 13, 1240, 1143, 281, 360, 309, 13, 400, 286, 959, 39509, 496, 570, 437, 51483], \"temperature\": 0.0, \"avg_logprob\": -0.29508981108665466, \"compression_ratio\": 1.7549858093261719, \"no_speech_prob\": 0.01771007478237152}, {\"id\": 140, \"seek\": 37068, \"start\": 393.05999755859375, \"end\": 396.3800048828125, \"text\": \" Bianca was so fucking hard on my list, bro. She would go through\", \"tokens\": [51483, 39509, 496, 390, 370, 5546, 1152, 322, 452, 1329, 11, 2006, 13, 1240, 576, 352, 807, 51649], \"temperature\": 0.0, \"avg_logprob\": -0.29508981108665466, \"compression_ratio\": 1.7549858093261719, \"no_speech_prob\": 0.01771007478237152}, {\"id\": 141, \"seek\": 37068, \"start\": 396.3800048828125, \"end\": 398.5400085449219, \"text\": \" my list and she'd be like, see these girls, they can't make it\", \"tokens\": [51649, 452, 1329, 293, 750, 1116, 312, 411, 11, 536, 613, 4519, 11, 436, 393, 380, 652, 309, 51757], \"temperature\": 0.0, \"avg_logprob\": -0.29508981108665466, \"compression_ratio\": 1.7549858093261719, \"no_speech_prob\": 0.01771007478237152}, {\"id\": 142, \"seek\": 39854, \"start\": 398.5400085449219, \"end\": 399.9200134277344, \"text\": \" on the list. And I was like, well, at least I don't have\", \"tokens\": [50364, 322, 264, 1329, 13, 400, 286, 390, 411, 11, 731, 11, 412, 1935, 286, 500, 380, 362, 50433], \"temperature\": 0.0, \"avg_logprob\": -0.24965302646160126, \"compression_ratio\": 1.8879551887512207, \"no_speech_prob\": 0.16023381054401398}, {\"id\": 143, \"seek\": 39854, \"start\": 399.9200134277344, \"end\": 402.8800048828125, \"text\": \" galley wags, bro. She would no no, these girls were gorgeous.\", \"tokens\": [50433, 290, 7762, 261, 12109, 11, 2006, 13, 1240, 576, 572, 572, 11, 613, 4519, 645, 12291, 13, 50581], \"temperature\": 0.0, \"avg_logprob\": -0.24965302646160126, \"compression_ratio\": 1.8879551887512207, \"no_speech_prob\": 0.16023381054401398}, {\"id\": 144, \"seek\": 39854, \"start\": 402.8800048828125, \"end\": 405.7200012207031, \"text\": \" And they couldn't make it on the list. And then but it's funny\", \"tokens\": [50581, 400, 436, 2809, 380, 652, 309, 322, 264, 1329, 13, 400, 550, 457, 309, 311, 4074, 50723], \"temperature\": 0.0, \"avg_logprob\": -0.24965302646160126, \"compression_ratio\": 1.8879551887512207, \"no_speech_prob\": 0.16023381054401398}, {\"id\": 145, \"seek\": 39854, \"start\": 405.7200012207031, \"end\": 407.8999938964844, \"text\": \" because those girls ended up on some other promoters list that\", \"tokens\": [50723, 570, 729, 4519, 4590, 493, 322, 512, 661, 6609, 433, 1329, 300, 50832], \"temperature\": 0.0, \"avg_logprob\": -0.24965302646160126, \"compression_ratio\": 1.8879551887512207, \"no_speech_prob\": 0.16023381054401398}, {\"id\": 146, \"seek\": 39854, \"start\": 407.8999938964844, \"end\": 410.29998779296875, \"text\": \" got cut off my list. Like it was funny. The rules were different\", \"tokens\": [50832, 658, 1723, 766, 452, 1329, 13, 1743, 309, 390, 4074, 13, 440, 4474, 645, 819, 50952], \"temperature\": 0.0, \"avg_logprob\": -0.24965302646160126, \"compression_ratio\": 1.8879551887512207, \"no_speech_prob\": 0.16023381054401398}, {\"id\": 147, \"seek\": 39854, \"start\": 410.29998779296875, \"end\": 412.6400146484375, \"text\": \" for me because they were harder on me. And then at the end,\", \"tokens\": [50952, 337, 385, 570, 436, 645, 6081, 322, 385, 13, 400, 550, 412, 264, 917, 11, 51069], \"temperature\": 0.0, \"avg_logprob\": -0.24965302646160126, \"compression_ratio\": 1.8879551887512207, \"no_speech_prob\": 0.16023381054401398}, {\"id\": 148, \"seek\": 39854, \"start\": 413.5199890136719, \"end\": 416.1600036621094, \"text\": \" Bianca had more respect for me because I brought a really,\", \"tokens\": [51113, 39509, 496, 632, 544, 3104, 337, 385, 570, 286, 3038, 257, 534, 11, 51245], \"temperature\": 0.0, \"avg_logprob\": -0.24965302646160126, \"compression_ratio\": 1.8879551887512207, \"no_speech_prob\": 0.16023381054401398}, {\"id\": 149, \"seek\": 39854, \"start\": 416.1600036621094, \"end\": 420.239990234375, \"text\": \" really awesome list of girls to these events. And so that was\", \"tokens\": [51245, 534, 3476, 1329, 295, 4519, 281, 613, 3931, 13, 400, 370, 300, 390, 51449], \"temperature\": 0.0, \"avg_logprob\": -0.24965302646160126, \"compression_ratio\": 1.8879551887512207, \"no_speech_prob\": 0.16023381054401398}, {\"id\": 150, \"seek\": 39854, \"start\": 420.239990234375, \"end\": 423.0799865722656, \"text\": \" one of the things that I was doing. But I loved it because as\", \"tokens\": [51449, 472, 295, 264, 721, 300, 286, 390, 884, 13, 583, 286, 4333, 309, 570, 382, 51591], \"temperature\": 0.0, \"avg_logprob\": -0.24965302646160126, \"compression_ratio\": 1.8879551887512207, \"no_speech_prob\": 0.16023381054401398}, {\"id\": 151, \"seek\": 39854, \"start\": 423.0799865722656, \"end\": 425.0799865722656, \"text\": \" long as everybody else was playing by the same rules, I\", \"tokens\": [51591, 938, 382, 2201, 1646, 390, 2433, 538, 264, 912, 4474, 11, 286, 51691], \"temperature\": 0.0, \"avg_logprob\": -0.24965302646160126, \"compression_ratio\": 1.8879551887512207, \"no_speech_prob\": 0.16023381054401398}, {\"id\": 152, \"seek\": 39854, \"start\": 425.0799865722656, \"end\": 427.44000244140625, \"text\": \" knew I was better than any other promoter. So that's what what in\", \"tokens\": [51691, 2586, 286, 390, 1101, 813, 604, 661, 6609, 260, 13, 407, 300, 311, 437, 437, 294, 51809], \"temperature\": 0.0, \"avg_logprob\": -0.24965302646160126, \"compression_ratio\": 1.8879551887512207, \"no_speech_prob\": 0.16023381054401398}, {\"id\": 153, \"seek\": 42744, \"start\": 427.44000244140625, \"end\": 429.5, \"text\": \" by the way, that's what I teach my clients. If you ever see if\", \"tokens\": [50364, 538, 264, 636, 11, 300, 311, 437, 286, 2924, 452, 6982, 13, 759, 291, 1562, 536, 498, 50467], \"temperature\": 0.0, \"avg_logprob\": -0.23351551592350006, \"compression_ratio\": 1.590643286705017, \"no_speech_prob\": 0.005816460587084293}, {\"id\": 154, \"seek\": 42744, \"start\": 429.5, \"end\": 431.7799987792969, \"text\": \" you go into testimonials on my website, you'll see my clients.\", \"tokens\": [50467, 291, 352, 666, 30963, 12356, 322, 452, 3144, 11, 291, 603, 536, 452, 6982, 13, 50581], \"temperature\": 0.0, \"avg_logprob\": -0.23351551592350006, \"compression_ratio\": 1.590643286705017, \"no_speech_prob\": 0.005816460587084293}, {\"id\": 155, \"seek\": 42744, \"start\": 432.0, \"end\": 434.7799987792969, \"text\": \" They're actually my clients are surpassing me now. My clients\", \"tokens\": [50592, 814, 434, 767, 452, 6982, 366, 27650, 278, 385, 586, 13, 1222, 6982, 50731], \"temperature\": 0.0, \"avg_logprob\": -0.23351551592350006, \"compression_ratio\": 1.590643286705017, \"no_speech_prob\": 0.005816460587084293}, {\"id\": 156, \"seek\": 42744, \"start\": 434.7799987792969, \"end\": 437.82000732421875, \"text\": \" bring more girls to events than I have ever done. They're way\", \"tokens\": [50731, 1565, 544, 4519, 281, 3931, 813, 286, 362, 1562, 1096, 13, 814, 434, 636, 50883], \"temperature\": 0.0, \"avg_logprob\": -0.23351551592350006, \"compression_ratio\": 1.590643286705017, \"no_speech_prob\": 0.005816460587084293}, {\"id\": 157, \"seek\": 42744, \"start\": 437.82000732421875, \"end\": 438.739990234375, \"text\": \" past me at this point.\", \"tokens\": [50883, 1791, 385, 412, 341, 935, 13, 50929], \"temperature\": 0.0, \"avg_logprob\": -0.23351551592350006, \"compression_ratio\": 1.590643286705017, \"no_speech_prob\": 0.005816460587084293}]}"}