{"title": "How you status affects your dating", "video_id": "bgH33BGQoFE", "video_url": "https://www.youtube.com/watch?v=bgH33BGQoFE", "description": "Watch The Full Thing Here : \n\u2014\u2014\u2014\u2014\u2014\u2014\u2014\u2014\u2014\u2014\u2014\u2014\u2014\u2014\u2014\u2014\u2014\u2014\u2014\u2014\nReady to build a network of amazing women and high-status men?\n\nMichael\u2019s Men of Action is a one-on-one Master\u2019s program that teaches men how to create elite \nsocial lives by becoming higher status.\n\nClick this link to learn how you can have a High-Status lifestyle now:\nhttps://m.moamentoring.com/podcast\n\nClick here to join the Men of Action community and watch the High-Status Networking 101 course:\nhttps://m.moamentoring.com/moa-community\n\nInterested in joining the Men of Action sales team? Apply here:\nhttps://www.moamentoring.com/jobs/sales\n\nMen of Action has an affiliate program! Post pre-made content and get paid passively:\nhttps://www.moamentoring.com/affiliate\n\u2014\u2014\u2014\u2014\u2014\u2014\u2014\u2014\u2014\u2014\u2014\u2014\u2014\u2014\u2014\u2014\u2014\u2014\u2014\u2014\n\nSubscribe on Youtube: \nhttps://www.youtube.com/user/MichaelSartain\n\nListen on Apple Podcast: \nhttps://podcasts.apple.com/us/podcast/the-michael-sartain-podcast/id1579791157\n\nListen on Spotify: \nhttps://open.spotify.com/show/2faAYwvDD9Bvkpwv6umlPO?si=8Q3ak9HnSlKjuChsTXr6YQ&dl_branch=1\n\n#michael #michaelsartain #michael_sartain #michael_sartain_podcast", "published_at": "2024-01-01T22:00:23Z", "channel_id": "UC0T1bDzajVefRWx4uKdGyuw", "channel_title": "Michael Sartain", "tags": ["Michael", "Michael Sartain", "Michael Sartain Podcast", "Michael Podcast", "MOA", "Men Of Action", "Michael Sartain Course", "Michael Sartain With Hot Women", "Playboy", "Swimsuit", "Swimsuit Competition", "ichael sartain social circle", "social circle", "how to netowrk", "moa", "moa podcast", "gender wage gap", "gender wage gap myth", "wage gap", "social value", "michael sartain course", "looks money status", "social circle mentorship", "michael sartain social circle game", "men of action podcast", "men of action course"], "category_id": "24", "live_broadcast_content": "none", "duration": 47.0, "dimension": "2d", "definition": "hd", "caption": "false", "view_count": 15770, "like_count": 437, "comment_count": 20, "channel_info": {"title": "Michael Sartain", "description": "\ud83c\udf99Host of The\u00a0Michael Sartain Podcast \n\n\ud83d\udd25Teaching you how to build a network of desirable women and high-status men\n\n\ud83d\udc47 Click the \"Men of Action\" link below now to forge a high-status lifestyle and join the elites \n", "subscriber_count": "80500", "total_views": "29545897", "total_videos": "1481"}, "comments": [], "file_path": "/Users/aelaguiz/workspace/fc_book/audio/raws/bgH33BGQoFE.mp3", "transcription": "{\"text\": \"when you're an influencer and you are actually more popular than your girl, which most guys are not gonna deal with that. Average girl and an average guy, the girl's gonna have 100K followers, the average guy's gonna have like 10K. A lot of these younger girls can't break 10,000 on Instagram anymore. Instagram's not organic anymore. And I just noticed this really weird disparity when I would go out with these girls and I would get recognized more than they did, what it would do to their brain. It's like pre-selection, social status on steroids. Women want to be with a man that is socially accepted. And that's what a lot of guys don't understand. That's why women sometimes would prefer to be introduced by their girlfriends to a man. This proof that you're not a weirdo is what women want. And when you're being recognized socially, it's basically like validating that to her. The person I'm with is socially accepted, socially recognized. That means I made a good choice. \", \"segments\": [{\"id\": 0, \"seek\": 0, \"start\": 0.0, \"end\": 1.0, \"text\": \" when you're an influencer\", \"tokens\": [50364, 562, 291, 434, 364, 39503, 50414], \"temperature\": 0.0, \"avg_logprob\": -0.2232264131307602, \"compression_ratio\": 1.8088642358779907, \"no_speech_prob\": 0.1602001041173935}, {\"id\": 1, \"seek\": 0, \"start\": 1.0, \"end\": 3.319999933242798, \"text\": \" and you are actually more popular than your girl,\", \"tokens\": [50414, 293, 291, 366, 767, 544, 3743, 813, 428, 2013, 11, 50530], \"temperature\": 0.0, \"avg_logprob\": -0.2232264131307602, \"compression_ratio\": 1.8088642358779907, \"no_speech_prob\": 0.1602001041173935}, {\"id\": 2, \"seek\": 0, \"start\": 3.319999933242798, \"end\": 5.079999923706055, \"text\": \" which most guys are not gonna deal with that.\", \"tokens\": [50530, 597, 881, 1074, 366, 406, 799, 2028, 365, 300, 13, 50618], \"temperature\": 0.0, \"avg_logprob\": -0.2232264131307602, \"compression_ratio\": 1.8088642358779907, \"no_speech_prob\": 0.1602001041173935}, {\"id\": 3, \"seek\": 0, \"start\": 5.079999923706055, \"end\": 6.360000133514404, \"text\": \" Average girl and an average guy,\", \"tokens\": [50618, 316, 3623, 2013, 293, 364, 4274, 2146, 11, 50682], \"temperature\": 0.0, \"avg_logprob\": -0.2232264131307602, \"compression_ratio\": 1.8088642358779907, \"no_speech_prob\": 0.1602001041173935}, {\"id\": 4, \"seek\": 0, \"start\": 6.360000133514404, \"end\": 7.800000190734863, \"text\": \" the girl's gonna have 100K followers,\", \"tokens\": [50682, 264, 2013, 311, 799, 362, 2319, 42, 13071, 11, 50754], \"temperature\": 0.0, \"avg_logprob\": -0.2232264131307602, \"compression_ratio\": 1.8088642358779907, \"no_speech_prob\": 0.1602001041173935}, {\"id\": 5, \"seek\": 0, \"start\": 7.800000190734863, \"end\": 9.079999923706055, \"text\": \" the average guy's gonna have like 10K.\", \"tokens\": [50754, 264, 4274, 2146, 311, 799, 362, 411, 1266, 42, 13, 50818], \"temperature\": 0.0, \"avg_logprob\": -0.2232264131307602, \"compression_ratio\": 1.8088642358779907, \"no_speech_prob\": 0.1602001041173935}, {\"id\": 6, \"seek\": 0, \"start\": 9.079999923706055, \"end\": 10.039999961853027, \"text\": \" A lot of these younger girls\", \"tokens\": [50818, 316, 688, 295, 613, 7037, 4519, 50866], \"temperature\": 0.0, \"avg_logprob\": -0.2232264131307602, \"compression_ratio\": 1.8088642358779907, \"no_speech_prob\": 0.1602001041173935}, {\"id\": 7, \"seek\": 0, \"start\": 10.039999961853027, \"end\": 12.15999984741211, \"text\": \" can't break 10,000 on Instagram anymore.\", \"tokens\": [50866, 393, 380, 1821, 1266, 11, 1360, 322, 5281, 3602, 13, 50972], \"temperature\": 0.0, \"avg_logprob\": -0.2232264131307602, \"compression_ratio\": 1.8088642358779907, \"no_speech_prob\": 0.1602001041173935}, {\"id\": 8, \"seek\": 0, \"start\": 12.15999984741211, \"end\": 13.399999618530273, \"text\": \" Instagram's not organic anymore.\", \"tokens\": [50972, 5281, 311, 406, 10220, 3602, 13, 51034], \"temperature\": 0.0, \"avg_logprob\": -0.2232264131307602, \"compression_ratio\": 1.8088642358779907, \"no_speech_prob\": 0.1602001041173935}, {\"id\": 9, \"seek\": 0, \"start\": 13.399999618530273, \"end\": 15.899999618530273, \"text\": \" And I just noticed this really weird disparity\", \"tokens\": [51034, 400, 286, 445, 5694, 341, 534, 3657, 47415, 51159], \"temperature\": 0.0, \"avg_logprob\": -0.2232264131307602, \"compression_ratio\": 1.8088642358779907, \"no_speech_prob\": 0.1602001041173935}, {\"id\": 10, \"seek\": 0, \"start\": 15.899999618530273, \"end\": 17.280000686645508, \"text\": \" when I would go out with these girls\", \"tokens\": [51159, 562, 286, 576, 352, 484, 365, 613, 4519, 51228], \"temperature\": 0.0, \"avg_logprob\": -0.2232264131307602, \"compression_ratio\": 1.8088642358779907, \"no_speech_prob\": 0.1602001041173935}, {\"id\": 11, \"seek\": 0, \"start\": 17.280000686645508, \"end\": 19.799999237060547, \"text\": \" and I would get recognized more than they did,\", \"tokens\": [51228, 293, 286, 576, 483, 9823, 544, 813, 436, 630, 11, 51354], \"temperature\": 0.0, \"avg_logprob\": -0.2232264131307602, \"compression_ratio\": 1.8088642358779907, \"no_speech_prob\": 0.1602001041173935}, {\"id\": 12, \"seek\": 0, \"start\": 19.799999237060547, \"end\": 21.0, \"text\": \" what it would do to their brain.\", \"tokens\": [51354, 437, 309, 576, 360, 281, 641, 3567, 13, 51414], \"temperature\": 0.0, \"avg_logprob\": -0.2232264131307602, \"compression_ratio\": 1.8088642358779907, \"no_speech_prob\": 0.1602001041173935}, {\"id\": 13, \"seek\": 0, \"start\": 21.0, \"end\": 24.799999237060547, \"text\": \" It's like pre-selection, social status on steroids.\", \"tokens\": [51414, 467, 311, 411, 659, 12, 405, 5450, 11, 2093, 6558, 322, 45717, 13, 51604], \"temperature\": 0.0, \"avg_logprob\": -0.2232264131307602, \"compression_ratio\": 1.8088642358779907, \"no_speech_prob\": 0.1602001041173935}, {\"id\": 14, \"seek\": 0, \"start\": 24.799999237060547, \"end\": 28.200000762939453, \"text\": \" Women want to be with a man that is socially accepted.\", \"tokens\": [51604, 11065, 528, 281, 312, 365, 257, 587, 300, 307, 21397, 9035, 13, 51774], \"temperature\": 0.0, \"avg_logprob\": -0.2232264131307602, \"compression_ratio\": 1.8088642358779907, \"no_speech_prob\": 0.1602001041173935}, {\"id\": 15, \"seek\": 0, \"start\": 28.200000762939453, \"end\": 29.760000228881836, \"text\": \" And that's what a lot of guys don't understand.\", \"tokens\": [51774, 400, 300, 311, 437, 257, 688, 295, 1074, 500, 380, 1223, 13, 51852], \"temperature\": 0.0, \"avg_logprob\": -0.2232264131307602, \"compression_ratio\": 1.8088642358779907, \"no_speech_prob\": 0.1602001041173935}, {\"id\": 16, \"seek\": 2976, \"start\": 29.760000228881836, \"end\": 31.719999313354492, \"text\": \" That's why women sometimes would prefer\", \"tokens\": [50364, 663, 311, 983, 2266, 2171, 576, 4382, 50462], \"temperature\": 0.0, \"avg_logprob\": -0.22050411999225616, \"compression_ratio\": 1.552380919456482, \"no_speech_prob\": 0.00024156224390026182}, {\"id\": 17, \"seek\": 2976, \"start\": 31.719999313354492, \"end\": 34.68000030517578, \"text\": \" to be introduced by their girlfriends to a man.\", \"tokens\": [50462, 281, 312, 7268, 538, 641, 46558, 281, 257, 587, 13, 50610], \"temperature\": 0.0, \"avg_logprob\": -0.22050411999225616, \"compression_ratio\": 1.552380919456482, \"no_speech_prob\": 0.00024156224390026182}, {\"id\": 18, \"seek\": 2976, \"start\": 34.68000030517578, \"end\": 38.15999984741211, \"text\": \" This proof that you're not a weirdo is what women want.\", \"tokens\": [50610, 639, 8177, 300, 291, 434, 406, 257, 3657, 78, 307, 437, 2266, 528, 13, 50784], \"temperature\": 0.0, \"avg_logprob\": -0.22050411999225616, \"compression_ratio\": 1.552380919456482, \"no_speech_prob\": 0.00024156224390026182}, {\"id\": 19, \"seek\": 2976, \"start\": 38.15999984741211, \"end\": 40.08000183105469, \"text\": \" And when you're being recognized socially,\", \"tokens\": [50784, 400, 562, 291, 434, 885, 9823, 21397, 11, 50880], \"temperature\": 0.0, \"avg_logprob\": -0.22050411999225616, \"compression_ratio\": 1.552380919456482, \"no_speech_prob\": 0.00024156224390026182}, {\"id\": 20, \"seek\": 2976, \"start\": 40.08000183105469, \"end\": 42.0, \"text\": \" it's basically like validating that to her.\", \"tokens\": [50880, 309, 311, 1936, 411, 7363, 990, 300, 281, 720, 13, 50976], \"temperature\": 0.0, \"avg_logprob\": -0.22050411999225616, \"compression_ratio\": 1.552380919456482, \"no_speech_prob\": 0.00024156224390026182}, {\"id\": 21, \"seek\": 2976, \"start\": 42.0, \"end\": 44.47999954223633, \"text\": \" The person I'm with is socially accepted,\", \"tokens\": [50976, 440, 954, 286, 478, 365, 307, 21397, 9035, 11, 51100], \"temperature\": 0.0, \"avg_logprob\": -0.22050411999225616, \"compression_ratio\": 1.552380919456482, \"no_speech_prob\": 0.00024156224390026182}, {\"id\": 22, \"seek\": 2976, \"start\": 44.47999954223633, \"end\": 45.52000045776367, \"text\": \" socially recognized.\", \"tokens\": [51100, 21397, 9823, 13, 51152], \"temperature\": 0.0, \"avg_logprob\": -0.22050411999225616, \"compression_ratio\": 1.552380919456482, \"no_speech_prob\": 0.00024156224390026182}, {\"id\": 23, \"seek\": 2976, \"start\": 45.52000045776367, \"end\": 47.08000183105469, \"text\": \" That means I made a good choice.\", \"tokens\": [51152, 663, 1355, 286, 1027, 257, 665, 3922, 13, 51230], \"temperature\": 0.0, \"avg_logprob\": -0.22050411999225616, \"compression_ratio\": 1.552380919456482, \"no_speech_prob\": 0.00024156224390026182}]}"}