{"title": "The Importance Of Thinking About Thinking", "video_id": "bnlZ7OPnmfY", "video_url": "https://www.youtube.com/watch?v=bnlZ7OPnmfY", "description": "Watch The Full Thing Here : https://www.youtube.com/watch?v=MfuCXoHtvxU\n\u2014\u2014\u2014\u2014\u2014\u2014\u2014\u2014\u2014\u2014\u2014\u2014\u2014\u2014\u2014\u2014\u2014\u2014\u2014\u2014\nReady to build a network of amazing women and high-status men?\n\nMichael\u2019s Men of Action is a one-on-one Master\u2019s program that teaches men how to create elite \nsocial lives by becoming higher status.\n\nClick this link to learn how you can have a High-Status lifestyle now:\nhttps://m.moamentoring.com/podcast\n\nClick here to join the Men of Action community and watch the High-Status Networking 101 course:\nhttps://m.moamentoring.com/moa-community\n\nInterested in joining the Men of Action sales team? Apply here:\nhttps://www.moamentoring.com/jobs/sales\n\nMen of Action has an affiliate program! Post pre-made content and get paid passively:\nhttps://www.moamentoring.com/affiliate\n\u2014\u2014\u2014\u2014\u2014\u2014\u2014\u2014\u2014\u2014\u2014\u2014\u2014\u2014\u2014\u2014\u2014\u2014\u2014\u2014\n\nSubscribe on Youtube: \nhttps://www.youtube.com/user/MichaelSartain\n\nListen on Apple Podcast: \nhttps://podcasts.apple.com/us/podcast/the-michael-sartain-podcast/id1579791157\n\nListen on Spotify: \nhttps://open.spotify.com/show/2faAYwvDD9Bvkpwv6umlPO?si=8Q3ak9HnSlKjuChsTXr6YQ&dl_branch=1\n\n#michael #michaelsartain #michael_sartain #michael_sartain_podcast", "published_at": "2024-01-07T14:45:01Z", "channel_id": "UC0T1bDzajVefRWx4uKdGyuw", "channel_title": "Michael Sartain", "tags": ["Michael", "Michael Sartain", "Michael Sartain Podcast", "Michael Podcast", "MOA", "Men Of Action", "Michael Sartain Course", "Michael Sartain With Hot Women", "Playboy", "Swimsuit", "Swimsuit Competition", "ichael sartain social circle", "social circle", "how to netowrk", "moa", "moa podcast", "gender wage gap", "gender wage gap myth", "wage gap", "social value", "michael sartain course", "looks money status", "social circle mentorship", "michael sartain social circle game", "men of action podcast", "men of action course"], "category_id": "24", "live_broadcast_content": "none", "duration": 571.0, "dimension": "2d", "definition": "hd", "caption": "false", "view_count": 5692, "like_count": 260, "comment_count": 29, "channel_info": {"title": "Michael Sartain", "description": "\ud83c\udf99Host of The\u00a0Michael Sartain Podcast \n\n\ud83d\udd25Teaching you how to build a network of desirable women and high-status men\n\n\ud83d\udc47 Click the \"Men of Action\" link below now to forge a high-status lifestyle and join the elites \n", "subscriber_count": "80500", "total_views": "29545897", "total_videos": "1481"}, "comments": [], "file_path": "/Users/aelaguiz/workspace/fc_book/audio/raws/bnlZ7OPnmfY.mp3", "transcription": "{\"text\": \"The women will feel like you want to trade me for that, but no, he doesn't want to trade. He just wants to mate short term on the side with someone who's very easy to mate with. So he can have other children for cheap while still investing everything in you. So in the woman's brain, if she cheated, it would be to trade up. So that's the process going on for her. And she's projecting that onto him. Can we talk about the specific thing, shadow work? So it's the idea of thinking about thinking. This was just because it's one of these situations where sometimes people will make mean videos about my friends or about me. And my initial reaction is to react to them and to say horrible things about their family and their mother and et cetera, et cetera. And what I what I did instead was what I, when I remember I was seeing that video, just thinking like, what was the trauma they went through? What are the biases that they're, you know, that they have in their mind? What are the, it's like, oh, like I said before, academia may be having an effect on the way date psych and the way Mac and Murphy view the world. I understand that me as a Protestant cis-gendered Christian from Texas caused me to probably more likely join the military. I'm more likely I joined the military because I'm from Texas that I understand I'm aware of that bias. I'm a fan of the University of Texas and not the University of Oklahoma. I'm a Cowboys fan and I'm not a, and I'm not an Eagles fan. I grasp thinking about thinking, where do my biases come from? And I just wondered if you could go into this because I really do, even though I think it'd be a lot more boring on YouTube, I think it would be a lot better as far as communication. If more of us did this. Yeah. I mean, I did make a video about this recently and it really crushed, like it did over a million views, I think in a week. So yeah, it's been going really well. Like there are, there's a lot of people interested in, in self-development, which is great because that's what I do. The dating stuff is kind of like the way that I want to get into self-development. I'm applying it to dating right now, which is awesome and very much fun. But this is just my diagram that, you know, I printed out on a coffee cup. It's not within reach, but I bought it, you know, I'm buying my own merchandise. This is just my depiction of it. It's like wherever you are and whatever you're doing, like right here now, I'm on a podcast and I'm explaining what I'm doing and why am I doing that? Well, it's a really great opportunity. This guy knows what he's doing. He knows all the right people. I want the exposure. Well, what, why do I want the opportunity? Well, because it's going to be really great for my career and it's going to give me a lot of exposure. And why do I want this career and all the exposure? Well, because it's going to advance my goals of helping people to change themselves and of getting me money. And, you know, why do I want to change people and to get money? Well, to make their lives better and to make my life better. And why do we need to do that? Well, it's because I've heard people having these bad experiences. It always comes down to you start in the present moment and then you end in a former present moment. And it's always, it's always, I've been treated poorly by women. And then I learned how not to. And so that's like, that made me think and think and think and think and think until I got here. And it's like, that was the start of it. You have to be able to trace what your basic motivations are. It always comes down to sensations and feelings and emotions. And I don't like it that people are going through this, like there's these perfectly good guys who can't get girls to pay attention to them at all. And so now I'm here trying to give them the skills to do that. And I have had a really hard time making money and this is working for me. And so now I'm here doing that. And sometimes it takes multiple steps of understanding yourself in order to get what you're doing. There are some diagrams that I have of people not thinking about thinking properly and then learning to. There was a girl in particular who was looking at her phone, there it is. And she saw some influencer saying, you know, man bad or whatever. And then she started looking at the man in her life and saying, well, if the man on the phone is bad and I believe the influencer about it, then maybe this man is bad. So then what do I do about the situation? These are the stages. And she was stopping right there. She felt something because she saw it, just a direct experience. And she was like, oh, that makes me feel an emotion. Is that emotion also going to come from my boyfriend? Maybe. What do I do to prevent it? And then she's causing trouble in the relationship. When she got to therapy, she was instructed to, hey, take a step back. Ask yourself if this is the correct process. Like what I just did with the taking steps back until I figured out that I'm here for my money and to help people learn traits. I think both of those are good things. When she took a step back, it's like, is this a good process of decision making? Well, no. Well, why not? How do I know it isn't? And what do I do about it? You need to take these subconscious processes that we all have and make them conscious. And that's what thinking about thinking is. It's going to the deep, basic experience and making it something that you're consciously aware of and can operate on, which is, you know, basically what I'm drawing out in, in these charts. Yeah. I mean, from, from a leadership's perspective, like me being in the military, that right, thinking about thinking about the motivation of why people do things is such an important leadership component. Great book about this, the dichotomy of leadership and, um, uh, the, by Jocko Willick and Alif Babin, it really, really goes over that stuff. It's really great. We'll go, if you could go back to the, the, the, the one with the brain, the first one you showed me, there's one, so I've tried doing this, but there's one level that I added and it's the level of the, you know, the book behind me. And that level is what you get there, uh, that, that level is what did my ancestors need this motivation for in order for them to, to, to aid in their survival. And that's a good thing or a bad thing. Like for instance, if it's outrageous levels of jealousy, mate, like mate guarding, which was a necessity for some men throughout our evolutionary history, I can say to myself, this is a neurochemical reaction that is happening because my ancestors had something that happened similar. And when they were not a studious, when they were not fastidious over their, their mates, some other man, they were having some other man's kid. So I understand where that comes from. But the other part is like, why? So this is just my personal belief. And I've heard dr. Buss briefly mentioned this. I believe the highest level for men is for men to come is for men to achieve goals with other people for, for not specifically men, men and women too, but like men coming to the reason why the super bowl is the most watched single television show in the world. It's because watching groups of people accomplish things together. To me, the highest reward I've ever gotten is when I have a client who we work together to achieve a goal for him. And I think that may be from an evolutionary standpoint, again, you and me go out 50,000 years ago and we work together. I flush out the gazelle and then you stab him. You see what I'm saying? We work together and then we bring home the meat and the entire tribe is cheering us on because they've been starving. That type of evolutionary response of us working together in order to achieve a goal, I think is the highest form for men. That's just my opinion that I think that's the highest part. That's the reason why when you people, human beings don't socialize, they go crazy. That's why you see people when they go into isolation, they go crazy because they need socialization from other, they need feedback from other human beings. So I love this right here. This is something very similar to what I use, but there's a, there's a final one where what did my ancestor need 50,000 years ago in order to get to where he's getting? Yep. So that would, the process that I described, you would just add education about the way that our brain is constructed. So I have it started from the front of the brain going towards the back because that's where that's, those processes are located. So yeah, even if you don't understand evolutionary psychology, it's still helps to figure out what your motivations are. But if you, yeah, if you can understand them in the context of why do I have this urge from an evolutionary perspective and why is it useful? Like women need to understand that when men are drawn to, you know, look at other women, something that women have been telling me a lot is that men will cheat with someone who's kind of like not very high quality. You will marry a woman who's really high quality and then cheat with someone who's not high quality. And the, the women will feel like you want to trade me for that, but no, he doesn't want to trade. He just wants to mate short term on the side with someone who's very easy to mate with. So he can have other children for cheap while still investing everything in you. So in the woman's brain, she, if she cheated, it would be to trade up. So that's the process going on for her and she's projecting that onto him. If you're cheating, it must be because you're trading up. So understanding the differences between our brains and how they're constructed can help us process those things a lot better. So we don't have to misunderstand each other and fight with each other about things like that. Like when a guy gets caught looking, it's really, it doesn't mean I don't like you and I like her. It just means I was not paying attention for a moment and I looked at something nice and I can't. Yeah. So sorry. It's funny because caveat back to something we were talking about before, this might be the reason why the lesbian divorce rate is so much higher than the homosexual male divorce rate is because of what you said before, the men understood like a man cheats, but the other man is aware. It's like, oh, but I am aware that I can have sex and separate that from feelings. Whereas women can't do that. They don't do it as easily. And so I think the understanding that these two men, because there's still men, even if they're gay, there's still men, they're still going to have. \", \"segments\": [{\"id\": 0, \"seek\": 0, \"start\": 0.0, \"end\": 5.360000133514404, \"text\": \" The women will feel like you want to trade me for that, but no, he doesn't want to trade.\", \"tokens\": [50364, 440, 2266, 486, 841, 411, 291, 528, 281, 4923, 385, 337, 300, 11, 457, 572, 11, 415, 1177, 380, 528, 281, 4923, 13, 50632], \"temperature\": 0.0, \"avg_logprob\": -0.23986415565013885, \"compression_ratio\": 1.7282229661941528, \"no_speech_prob\": 0.005384540185332298}, {\"id\": 1, \"seek\": 0, \"start\": 5.360000133514404, \"end\": 9.640000343322754, \"text\": \" He just wants to mate short term on the side with someone who's very easy to mate with.\", \"tokens\": [50632, 634, 445, 2738, 281, 11709, 2099, 1433, 322, 264, 1252, 365, 1580, 567, 311, 588, 1858, 281, 11709, 365, 13, 50846], \"temperature\": 0.0, \"avg_logprob\": -0.23986415565013885, \"compression_ratio\": 1.7282229661941528, \"no_speech_prob\": 0.005384540185332298}, {\"id\": 2, \"seek\": 0, \"start\": 9.640000343322754, \"end\": 13.920000076293945, \"text\": \" So he can have other children for cheap while still investing everything in you.\", \"tokens\": [50846, 407, 415, 393, 362, 661, 2227, 337, 7084, 1339, 920, 10978, 1203, 294, 291, 13, 51060], \"temperature\": 0.0, \"avg_logprob\": -0.23986415565013885, \"compression_ratio\": 1.7282229661941528, \"no_speech_prob\": 0.005384540185332298}, {\"id\": 3, \"seek\": 0, \"start\": 13.920000076293945, \"end\": 19.280000686645508, \"text\": \" So in the woman's brain, if she cheated, it would be to trade up.\", \"tokens\": [51060, 407, 294, 264, 3059, 311, 3567, 11, 498, 750, 28079, 11, 309, 576, 312, 281, 4923, 493, 13, 51328], \"temperature\": 0.0, \"avg_logprob\": -0.23986415565013885, \"compression_ratio\": 1.7282229661941528, \"no_speech_prob\": 0.005384540185332298}, {\"id\": 4, \"seek\": 0, \"start\": 19.280000686645508, \"end\": 21.959999084472656, \"text\": \" So that's the process going on for her.\", \"tokens\": [51328, 407, 300, 311, 264, 1399, 516, 322, 337, 720, 13, 51462], \"temperature\": 0.0, \"avg_logprob\": -0.23986415565013885, \"compression_ratio\": 1.7282229661941528, \"no_speech_prob\": 0.005384540185332298}, {\"id\": 5, \"seek\": 0, \"start\": 21.959999084472656, \"end\": 23.719999313354492, \"text\": \" And she's projecting that onto him.\", \"tokens\": [51462, 400, 750, 311, 43001, 300, 3911, 796, 13, 51550], \"temperature\": 0.0, \"avg_logprob\": -0.23986415565013885, \"compression_ratio\": 1.7282229661941528, \"no_speech_prob\": 0.005384540185332298}, {\"id\": 6, \"seek\": 0, \"start\": 23.719999313354492, \"end\": 26.18000030517578, \"text\": \" Can we talk about the specific thing, shadow work?\", \"tokens\": [51550, 1664, 321, 751, 466, 264, 2685, 551, 11, 8576, 589, 30, 51673], \"temperature\": 0.0, \"avg_logprob\": -0.23986415565013885, \"compression_ratio\": 1.7282229661941528, \"no_speech_prob\": 0.005384540185332298}, {\"id\": 7, \"seek\": 0, \"start\": 26.18000030517578, \"end\": 28.579999923706055, \"text\": \" So it's the idea of thinking about thinking.\", \"tokens\": [51673, 407, 309, 311, 264, 1558, 295, 1953, 466, 1953, 13, 51793], \"temperature\": 0.0, \"avg_logprob\": -0.23986415565013885, \"compression_ratio\": 1.7282229661941528, \"no_speech_prob\": 0.005384540185332298}, {\"id\": 8, \"seek\": 2858, \"start\": 28.579999923706055, \"end\": 34.2400016784668, \"text\": \" This was just because it's one of these situations where sometimes people will make mean videos\", \"tokens\": [50364, 639, 390, 445, 570, 309, 311, 472, 295, 613, 6851, 689, 2171, 561, 486, 652, 914, 2145, 50647], \"temperature\": 0.0, \"avg_logprob\": -0.2635636031627655, \"compression_ratio\": 1.8231511116027832, \"no_speech_prob\": 0.16021917760372162}, {\"id\": 9, \"seek\": 2858, \"start\": 34.2400016784668, \"end\": 36.08000183105469, \"text\": \" about my friends or about me.\", \"tokens\": [50647, 466, 452, 1855, 420, 466, 385, 13, 50739], \"temperature\": 0.0, \"avg_logprob\": -0.2635636031627655, \"compression_ratio\": 1.8231511116027832, \"no_speech_prob\": 0.16021917760372162}, {\"id\": 10, \"seek\": 2858, \"start\": 36.08000183105469, \"end\": 40.2400016784668, \"text\": \" And my initial reaction is to react to them and to say horrible things about their family\", \"tokens\": [50739, 400, 452, 5883, 5480, 307, 281, 4515, 281, 552, 293, 281, 584, 9263, 721, 466, 641, 1605, 50947], \"temperature\": 0.0, \"avg_logprob\": -0.2635636031627655, \"compression_ratio\": 1.8231511116027832, \"no_speech_prob\": 0.16021917760372162}, {\"id\": 11, \"seek\": 2858, \"start\": 40.2400016784668, \"end\": 42.380001068115234, \"text\": \" and their mother and et cetera, et cetera.\", \"tokens\": [50947, 293, 641, 2895, 293, 1030, 11458, 11, 1030, 11458, 13, 51054], \"temperature\": 0.0, \"avg_logprob\": -0.2635636031627655, \"compression_ratio\": 1.8231511116027832, \"no_speech_prob\": 0.16021917760372162}, {\"id\": 12, \"seek\": 2858, \"start\": 42.380001068115234, \"end\": 45.79999923706055, \"text\": \" And what I what I did instead was what I, when I remember I was seeing that video, just\", \"tokens\": [51054, 400, 437, 286, 437, 286, 630, 2602, 390, 437, 286, 11, 562, 286, 1604, 286, 390, 2577, 300, 960, 11, 445, 51225], \"temperature\": 0.0, \"avg_logprob\": -0.2635636031627655, \"compression_ratio\": 1.8231511116027832, \"no_speech_prob\": 0.16021917760372162}, {\"id\": 13, \"seek\": 2858, \"start\": 45.79999923706055, \"end\": 48.459999084472656, \"text\": \" thinking like, what was the trauma they went through?\", \"tokens\": [51225, 1953, 411, 11, 437, 390, 264, 11407, 436, 1437, 807, 30, 51358], \"temperature\": 0.0, \"avg_logprob\": -0.2635636031627655, \"compression_ratio\": 1.8231511116027832, \"no_speech_prob\": 0.16021917760372162}, {\"id\": 14, \"seek\": 2858, \"start\": 48.459999084472656, \"end\": 51.560001373291016, \"text\": \" What are the biases that they're, you know, that they have in their mind?\", \"tokens\": [51358, 708, 366, 264, 32152, 300, 436, 434, 11, 291, 458, 11, 300, 436, 362, 294, 641, 1575, 30, 51513], \"temperature\": 0.0, \"avg_logprob\": -0.2635636031627655, \"compression_ratio\": 1.8231511116027832, \"no_speech_prob\": 0.16021917760372162}, {\"id\": 15, \"seek\": 2858, \"start\": 51.560001373291016, \"end\": 55.15999984741211, \"text\": \" What are the, it's like, oh, like I said before, academia may be having an effect on the way\", \"tokens\": [51513, 708, 366, 264, 11, 309, 311, 411, 11, 1954, 11, 411, 286, 848, 949, 11, 28937, 815, 312, 1419, 364, 1802, 322, 264, 636, 51693], \"temperature\": 0.0, \"avg_logprob\": -0.2635636031627655, \"compression_ratio\": 1.8231511116027832, \"no_speech_prob\": 0.16021917760372162}, {\"id\": 16, \"seek\": 5516, \"start\": 55.15999984741211, \"end\": 58.959999084472656, \"text\": \" date psych and the way Mac and Murphy view the world.\", \"tokens\": [50364, 4002, 4681, 293, 264, 636, 5707, 293, 28549, 1910, 264, 1002, 13, 50554], \"temperature\": 0.0, \"avg_logprob\": -0.27520930767059326, \"compression_ratio\": 1.8501628637313843, \"no_speech_prob\": 0.6545842289924622}, {\"id\": 17, \"seek\": 5516, \"start\": 58.959999084472656, \"end\": 65.44000244140625, \"text\": \" I understand that me as a Protestant cis-gendered Christian from Texas caused me to probably\", \"tokens\": [50554, 286, 1223, 300, 385, 382, 257, 38345, 37847, 12, 22174, 292, 5778, 490, 7885, 7008, 385, 281, 1391, 50878], \"temperature\": 0.0, \"avg_logprob\": -0.27520930767059326, \"compression_ratio\": 1.8501628637313843, \"no_speech_prob\": 0.6545842289924622}, {\"id\": 18, \"seek\": 5516, \"start\": 65.44000244140625, \"end\": 66.5999984741211, \"text\": \" more likely join the military.\", \"tokens\": [50878, 544, 3700, 3917, 264, 4632, 13, 50936], \"temperature\": 0.0, \"avg_logprob\": -0.27520930767059326, \"compression_ratio\": 1.8501628637313843, \"no_speech_prob\": 0.6545842289924622}, {\"id\": 19, \"seek\": 5516, \"start\": 66.5999984741211, \"end\": 70.86000061035156, \"text\": \" I'm more likely I joined the military because I'm from Texas that I understand I'm aware\", \"tokens\": [50936, 286, 478, 544, 3700, 286, 6869, 264, 4632, 570, 286, 478, 490, 7885, 300, 286, 1223, 286, 478, 3650, 51149], \"temperature\": 0.0, \"avg_logprob\": -0.27520930767059326, \"compression_ratio\": 1.8501628637313843, \"no_speech_prob\": 0.6545842289924622}, {\"id\": 20, \"seek\": 5516, \"start\": 70.86000061035156, \"end\": 71.86000061035156, \"text\": \" of that bias.\", \"tokens\": [51149, 295, 300, 12577, 13, 51199], \"temperature\": 0.0, \"avg_logprob\": -0.27520930767059326, \"compression_ratio\": 1.8501628637313843, \"no_speech_prob\": 0.6545842289924622}, {\"id\": 21, \"seek\": 5516, \"start\": 71.86000061035156, \"end\": 74.4000015258789, \"text\": \" I'm a fan of the University of Texas and not the University of Oklahoma.\", \"tokens\": [51199, 286, 478, 257, 3429, 295, 264, 3535, 295, 7885, 293, 406, 264, 3535, 295, 21183, 13, 51326], \"temperature\": 0.0, \"avg_logprob\": -0.27520930767059326, \"compression_ratio\": 1.8501628637313843, \"no_speech_prob\": 0.6545842289924622}, {\"id\": 22, \"seek\": 5516, \"start\": 74.4000015258789, \"end\": 76.81999969482422, \"text\": \" I'm a Cowboys fan and I'm not a, and I'm not an Eagles fan.\", \"tokens\": [51326, 286, 478, 257, 21933, 31638, 3429, 293, 286, 478, 406, 257, 11, 293, 286, 478, 406, 364, 48807, 3429, 13, 51447], \"temperature\": 0.0, \"avg_logprob\": -0.27520930767059326, \"compression_ratio\": 1.8501628637313843, \"no_speech_prob\": 0.6545842289924622}, {\"id\": 23, \"seek\": 5516, \"start\": 76.81999969482422, \"end\": 80.58000183105469, \"text\": \" I grasp thinking about thinking, where do my biases come from?\", \"tokens\": [51447, 286, 21743, 1953, 466, 1953, 11, 689, 360, 452, 32152, 808, 490, 30, 51635], \"temperature\": 0.0, \"avg_logprob\": -0.27520930767059326, \"compression_ratio\": 1.8501628637313843, \"no_speech_prob\": 0.6545842289924622}, {\"id\": 24, \"seek\": 5516, \"start\": 80.58000183105469, \"end\": 83.80000305175781, \"text\": \" And I just wondered if you could go into this because I really do, even though I think it'd\", \"tokens\": [51635, 400, 286, 445, 17055, 498, 291, 727, 352, 666, 341, 570, 286, 534, 360, 11, 754, 1673, 286, 519, 309, 1116, 51796], \"temperature\": 0.0, \"avg_logprob\": -0.27520930767059326, \"compression_ratio\": 1.8501628637313843, \"no_speech_prob\": 0.6545842289924622}, {\"id\": 25, \"seek\": 8380, \"start\": 83.80000305175781, \"end\": 87.55999755859375, \"text\": \" be a lot more boring on YouTube, I think it would be a lot better as far as communication.\", \"tokens\": [50364, 312, 257, 688, 544, 9989, 322, 3088, 11, 286, 519, 309, 576, 312, 257, 688, 1101, 382, 1400, 382, 6101, 13, 50552], \"temperature\": 0.0, \"avg_logprob\": -0.21819397807121277, \"compression_ratio\": 1.7312500476837158, \"no_speech_prob\": 0.715263307094574}, {\"id\": 26, \"seek\": 8380, \"start\": 87.55999755859375, \"end\": 88.55999755859375, \"text\": \" If more of us did this.\", \"tokens\": [50552, 759, 544, 295, 505, 630, 341, 13, 50602], \"temperature\": 0.0, \"avg_logprob\": -0.21819397807121277, \"compression_ratio\": 1.7312500476837158, \"no_speech_prob\": 0.715263307094574}, {\"id\": 27, \"seek\": 8380, \"start\": 88.55999755859375, \"end\": 89.55999755859375, \"text\": \" Yeah.\", \"tokens\": [50602, 865, 13, 50652], \"temperature\": 0.0, \"avg_logprob\": -0.21819397807121277, \"compression_ratio\": 1.7312500476837158, \"no_speech_prob\": 0.715263307094574}, {\"id\": 28, \"seek\": 8380, \"start\": 89.55999755859375, \"end\": 94.23999786376953, \"text\": \" I mean, I did make a video about this recently and it really crushed, like it did over a\", \"tokens\": [50652, 286, 914, 11, 286, 630, 652, 257, 960, 466, 341, 3938, 293, 309, 534, 19889, 11, 411, 309, 630, 670, 257, 50886], \"temperature\": 0.0, \"avg_logprob\": -0.21819397807121277, \"compression_ratio\": 1.7312500476837158, \"no_speech_prob\": 0.715263307094574}, {\"id\": 29, \"seek\": 8380, \"start\": 94.23999786376953, \"end\": 96.55999755859375, \"text\": \" million views, I think in a week.\", \"tokens\": [50886, 2459, 6809, 11, 286, 519, 294, 257, 1243, 13, 51002], \"temperature\": 0.0, \"avg_logprob\": -0.21819397807121277, \"compression_ratio\": 1.7312500476837158, \"no_speech_prob\": 0.715263307094574}, {\"id\": 30, \"seek\": 8380, \"start\": 96.55999755859375, \"end\": 98.44000244140625, \"text\": \" So yeah, it's been going really well.\", \"tokens\": [51002, 407, 1338, 11, 309, 311, 668, 516, 534, 731, 13, 51096], \"temperature\": 0.0, \"avg_logprob\": -0.21819397807121277, \"compression_ratio\": 1.7312500476837158, \"no_speech_prob\": 0.715263307094574}, {\"id\": 31, \"seek\": 8380, \"start\": 98.44000244140625, \"end\": 102.87999725341797, \"text\": \" Like there are, there's a lot of people interested in, in self-development, which is great because\", \"tokens\": [51096, 1743, 456, 366, 11, 456, 311, 257, 688, 295, 561, 3102, 294, 11, 294, 2698, 12, 35464, 518, 11, 597, 307, 869, 570, 51318], \"temperature\": 0.0, \"avg_logprob\": -0.21819397807121277, \"compression_ratio\": 1.7312500476837158, \"no_speech_prob\": 0.715263307094574}, {\"id\": 32, \"seek\": 8380, \"start\": 102.87999725341797, \"end\": 104.55999755859375, \"text\": \" that's what I do.\", \"tokens\": [51318, 300, 311, 437, 286, 360, 13, 51402], \"temperature\": 0.0, \"avg_logprob\": -0.21819397807121277, \"compression_ratio\": 1.7312500476837158, \"no_speech_prob\": 0.715263307094574}, {\"id\": 33, \"seek\": 8380, \"start\": 104.55999755859375, \"end\": 108.08000183105469, \"text\": \" The dating stuff is kind of like the way that I want to get into self-development.\", \"tokens\": [51402, 440, 10689, 1507, 307, 733, 295, 411, 264, 636, 300, 286, 528, 281, 483, 666, 2698, 12, 35464, 518, 13, 51578], \"temperature\": 0.0, \"avg_logprob\": -0.21819397807121277, \"compression_ratio\": 1.7312500476837158, \"no_speech_prob\": 0.715263307094574}, {\"id\": 34, \"seek\": 8380, \"start\": 108.08000183105469, \"end\": 112.31999969482422, \"text\": \" I'm applying it to dating right now, which is awesome and very much fun.\", \"tokens\": [51578, 286, 478, 9275, 309, 281, 10689, 558, 586, 11, 597, 307, 3476, 293, 588, 709, 1019, 13, 51790], \"temperature\": 0.0, \"avg_logprob\": -0.21819397807121277, \"compression_ratio\": 1.7312500476837158, \"no_speech_prob\": 0.715263307094574}, {\"id\": 35, \"seek\": 11232, \"start\": 112.31999969482422, \"end\": 116.80000305175781, \"text\": \" But this is just my diagram that, you know, I printed out on a coffee cup.\", \"tokens\": [50364, 583, 341, 307, 445, 452, 10686, 300, 11, 291, 458, 11, 286, 13567, 484, 322, 257, 4982, 4414, 13, 50588], \"temperature\": 0.0, \"avg_logprob\": -0.21812768280506134, \"compression_ratio\": 1.8942307233810425, \"no_speech_prob\": 0.07807452231645584}, {\"id\": 36, \"seek\": 11232, \"start\": 116.80000305175781, \"end\": 121.4800033569336, \"text\": \" It's not within reach, but I bought it, you know, I'm buying my own merchandise.\", \"tokens\": [50588, 467, 311, 406, 1951, 2524, 11, 457, 286, 4243, 309, 11, 291, 458, 11, 286, 478, 6382, 452, 1065, 34485, 13, 50822], \"temperature\": 0.0, \"avg_logprob\": -0.21812768280506134, \"compression_ratio\": 1.8942307233810425, \"no_speech_prob\": 0.07807452231645584}, {\"id\": 37, \"seek\": 11232, \"start\": 121.4800033569336, \"end\": 123.16000366210938, \"text\": \" This is just my depiction of it.\", \"tokens\": [50822, 639, 307, 445, 452, 47740, 295, 309, 13, 50906], \"temperature\": 0.0, \"avg_logprob\": -0.21812768280506134, \"compression_ratio\": 1.8942307233810425, \"no_speech_prob\": 0.07807452231645584}, {\"id\": 38, \"seek\": 11232, \"start\": 123.16000366210938, \"end\": 128.39999389648438, \"text\": \" It's like wherever you are and whatever you're doing, like right here now, I'm on a podcast\", \"tokens\": [50906, 467, 311, 411, 8660, 291, 366, 293, 2035, 291, 434, 884, 11, 411, 558, 510, 586, 11, 286, 478, 322, 257, 7367, 51168], \"temperature\": 0.0, \"avg_logprob\": -0.21812768280506134, \"compression_ratio\": 1.8942307233810425, \"no_speech_prob\": 0.07807452231645584}, {\"id\": 39, \"seek\": 11232, \"start\": 128.39999389648438, \"end\": 131.24000549316406, \"text\": \" and I'm explaining what I'm doing and why am I doing that?\", \"tokens\": [51168, 293, 286, 478, 13468, 437, 286, 478, 884, 293, 983, 669, 286, 884, 300, 30, 51310], \"temperature\": 0.0, \"avg_logprob\": -0.21812768280506134, \"compression_ratio\": 1.8942307233810425, \"no_speech_prob\": 0.07807452231645584}, {\"id\": 40, \"seek\": 11232, \"start\": 131.24000549316406, \"end\": 133.1199951171875, \"text\": \" Well, it's a really great opportunity.\", \"tokens\": [51310, 1042, 11, 309, 311, 257, 534, 869, 2650, 13, 51404], \"temperature\": 0.0, \"avg_logprob\": -0.21812768280506134, \"compression_ratio\": 1.8942307233810425, \"no_speech_prob\": 0.07807452231645584}, {\"id\": 41, \"seek\": 11232, \"start\": 133.1199951171875, \"end\": 134.1199951171875, \"text\": \" This guy knows what he's doing.\", \"tokens\": [51404, 639, 2146, 3255, 437, 415, 311, 884, 13, 51454], \"temperature\": 0.0, \"avg_logprob\": -0.21812768280506134, \"compression_ratio\": 1.8942307233810425, \"no_speech_prob\": 0.07807452231645584}, {\"id\": 42, \"seek\": 11232, \"start\": 134.1199951171875, \"end\": 135.16000366210938, \"text\": \" He knows all the right people.\", \"tokens\": [51454, 634, 3255, 439, 264, 558, 561, 13, 51506], \"temperature\": 0.0, \"avg_logprob\": -0.21812768280506134, \"compression_ratio\": 1.8942307233810425, \"no_speech_prob\": 0.07807452231645584}, {\"id\": 43, \"seek\": 11232, \"start\": 135.16000366210938, \"end\": 136.32000732421875, \"text\": \" I want the exposure.\", \"tokens\": [51506, 286, 528, 264, 10420, 13, 51564], \"temperature\": 0.0, \"avg_logprob\": -0.21812768280506134, \"compression_ratio\": 1.8942307233810425, \"no_speech_prob\": 0.07807452231645584}, {\"id\": 44, \"seek\": 11232, \"start\": 136.32000732421875, \"end\": 138.0399932861328, \"text\": \" Well, what, why do I want the opportunity?\", \"tokens\": [51564, 1042, 11, 437, 11, 983, 360, 286, 528, 264, 2650, 30, 51650], \"temperature\": 0.0, \"avg_logprob\": -0.21812768280506134, \"compression_ratio\": 1.8942307233810425, \"no_speech_prob\": 0.07807452231645584}, {\"id\": 45, \"seek\": 11232, \"start\": 138.0399932861328, \"end\": 142.1999969482422, \"text\": \" Well, because it's going to be really great for my career and it's going to give me a\", \"tokens\": [51650, 1042, 11, 570, 309, 311, 516, 281, 312, 534, 869, 337, 452, 3988, 293, 309, 311, 516, 281, 976, 385, 257, 51858], \"temperature\": 0.0, \"avg_logprob\": -0.21812768280506134, \"compression_ratio\": 1.8942307233810425, \"no_speech_prob\": 0.07807452231645584}, {\"id\": 46, \"seek\": 14220, \"start\": 142.1999969482422, \"end\": 143.52000427246094, \"text\": \" lot of exposure.\", \"tokens\": [50364, 688, 295, 10420, 13, 50430], \"temperature\": 0.0, \"avg_logprob\": -0.22834451496601105, \"compression_ratio\": 1.862453579902649, \"no_speech_prob\": 0.03409890830516815}, {\"id\": 47, \"seek\": 14220, \"start\": 143.52000427246094, \"end\": 145.72000122070312, \"text\": \" And why do I want this career and all the exposure?\", \"tokens\": [50430, 400, 983, 360, 286, 528, 341, 3988, 293, 439, 264, 10420, 30, 50540], \"temperature\": 0.0, \"avg_logprob\": -0.22834451496601105, \"compression_ratio\": 1.862453579902649, \"no_speech_prob\": 0.03409890830516815}, {\"id\": 48, \"seek\": 14220, \"start\": 145.72000122070312, \"end\": 150.9199981689453, \"text\": \" Well, because it's going to advance my goals of helping people to change themselves and\", \"tokens\": [50540, 1042, 11, 570, 309, 311, 516, 281, 7295, 452, 5493, 295, 4315, 561, 281, 1319, 2969, 293, 50800], \"temperature\": 0.0, \"avg_logprob\": -0.22834451496601105, \"compression_ratio\": 1.862453579902649, \"no_speech_prob\": 0.03409890830516815}, {\"id\": 49, \"seek\": 14220, \"start\": 150.9199981689453, \"end\": 151.9199981689453, \"text\": \" of getting me money.\", \"tokens\": [50800, 295, 1242, 385, 1460, 13, 50850], \"temperature\": 0.0, \"avg_logprob\": -0.22834451496601105, \"compression_ratio\": 1.862453579902649, \"no_speech_prob\": 0.03409890830516815}, {\"id\": 50, \"seek\": 14220, \"start\": 151.9199981689453, \"end\": 155.1999969482422, \"text\": \" And, you know, why do I want to change people and to get money?\", \"tokens\": [50850, 400, 11, 291, 458, 11, 983, 360, 286, 528, 281, 1319, 561, 293, 281, 483, 1460, 30, 51014], \"temperature\": 0.0, \"avg_logprob\": -0.22834451496601105, \"compression_ratio\": 1.862453579902649, \"no_speech_prob\": 0.03409890830516815}, {\"id\": 51, \"seek\": 14220, \"start\": 155.1999969482422, \"end\": 157.72000122070312, \"text\": \" Well, to make their lives better and to make my life better.\", \"tokens\": [51014, 1042, 11, 281, 652, 641, 2909, 1101, 293, 281, 652, 452, 993, 1101, 13, 51140], \"temperature\": 0.0, \"avg_logprob\": -0.22834451496601105, \"compression_ratio\": 1.862453579902649, \"no_speech_prob\": 0.03409890830516815}, {\"id\": 52, \"seek\": 14220, \"start\": 157.72000122070312, \"end\": 159.75999450683594, \"text\": \" And why do we need to do that?\", \"tokens\": [51140, 400, 983, 360, 321, 643, 281, 360, 300, 30, 51242], \"temperature\": 0.0, \"avg_logprob\": -0.22834451496601105, \"compression_ratio\": 1.862453579902649, \"no_speech_prob\": 0.03409890830516815}, {\"id\": 53, \"seek\": 14220, \"start\": 159.75999450683594, \"end\": 163.27999877929688, \"text\": \" Well, it's because I've heard people having these bad experiences.\", \"tokens\": [51242, 1042, 11, 309, 311, 570, 286, 600, 2198, 561, 1419, 613, 1578, 5235, 13, 51418], \"temperature\": 0.0, \"avg_logprob\": -0.22834451496601105, \"compression_ratio\": 1.862453579902649, \"no_speech_prob\": 0.03409890830516815}, {\"id\": 54, \"seek\": 14220, \"start\": 163.27999877929688, \"end\": 168.9600067138672, \"text\": \" It always comes down to you start in the present moment and then you end in a former present\", \"tokens\": [51418, 467, 1009, 1487, 760, 281, 291, 722, 294, 264, 1974, 1623, 293, 550, 291, 917, 294, 257, 5819, 1974, 51702], \"temperature\": 0.0, \"avg_logprob\": -0.22834451496601105, \"compression_ratio\": 1.862453579902649, \"no_speech_prob\": 0.03409890830516815}, {\"id\": 55, \"seek\": 14220, \"start\": 168.9600067138672, \"end\": 169.9600067138672, \"text\": \" moment.\", \"tokens\": [51702, 1623, 13, 51752], \"temperature\": 0.0, \"avg_logprob\": -0.22834451496601105, \"compression_ratio\": 1.862453579902649, \"no_speech_prob\": 0.03409890830516815}, {\"id\": 56, \"seek\": 16996, \"start\": 169.9600067138672, \"end\": 174.67999267578125, \"text\": \" And it's always, it's always, I've been treated poorly by women.\", \"tokens\": [50364, 400, 309, 311, 1009, 11, 309, 311, 1009, 11, 286, 600, 668, 8668, 22271, 538, 2266, 13, 50600], \"temperature\": 0.0, \"avg_logprob\": -0.19834135472774506, \"compression_ratio\": 1.8165467977523804, \"no_speech_prob\": 0.4416123926639557}, {\"id\": 57, \"seek\": 16996, \"start\": 174.67999267578125, \"end\": 176.1999969482422, \"text\": \" And then I learned how not to.\", \"tokens\": [50600, 400, 550, 286, 3264, 577, 406, 281, 13, 50676], \"temperature\": 0.0, \"avg_logprob\": -0.19834135472774506, \"compression_ratio\": 1.8165467977523804, \"no_speech_prob\": 0.4416123926639557}, {\"id\": 58, \"seek\": 16996, \"start\": 176.1999969482422, \"end\": 179.39999389648438, \"text\": \" And so that's like, that made me think and think and think and think and think until\", \"tokens\": [50676, 400, 370, 300, 311, 411, 11, 300, 1027, 385, 519, 293, 519, 293, 519, 293, 519, 293, 519, 1826, 50836], \"temperature\": 0.0, \"avg_logprob\": -0.19834135472774506, \"compression_ratio\": 1.8165467977523804, \"no_speech_prob\": 0.4416123926639557}, {\"id\": 59, \"seek\": 16996, \"start\": 179.39999389648438, \"end\": 180.39999389648438, \"text\": \" I got here.\", \"tokens\": [50836, 286, 658, 510, 13, 50886], \"temperature\": 0.0, \"avg_logprob\": -0.19834135472774506, \"compression_ratio\": 1.8165467977523804, \"no_speech_prob\": 0.4416123926639557}, {\"id\": 60, \"seek\": 16996, \"start\": 180.39999389648438, \"end\": 181.9600067138672, \"text\": \" And it's like, that was the start of it.\", \"tokens\": [50886, 400, 309, 311, 411, 11, 300, 390, 264, 722, 295, 309, 13, 50964], \"temperature\": 0.0, \"avg_logprob\": -0.19834135472774506, \"compression_ratio\": 1.8165467977523804, \"no_speech_prob\": 0.4416123926639557}, {\"id\": 61, \"seek\": 16996, \"start\": 181.9600067138672, \"end\": 186.1999969482422, \"text\": \" You have to be able to trace what your basic motivations are.\", \"tokens\": [50964, 509, 362, 281, 312, 1075, 281, 13508, 437, 428, 3875, 39034, 366, 13, 51176], \"temperature\": 0.0, \"avg_logprob\": -0.19834135472774506, \"compression_ratio\": 1.8165467977523804, \"no_speech_prob\": 0.4416123926639557}, {\"id\": 62, \"seek\": 16996, \"start\": 186.1999969482422, \"end\": 190.39999389648438, \"text\": \" It always comes down to sensations and feelings and emotions.\", \"tokens\": [51176, 467, 1009, 1487, 760, 281, 36642, 293, 6640, 293, 8462, 13, 51386], \"temperature\": 0.0, \"avg_logprob\": -0.19834135472774506, \"compression_ratio\": 1.8165467977523804, \"no_speech_prob\": 0.4416123926639557}, {\"id\": 63, \"seek\": 16996, \"start\": 190.39999389648438, \"end\": 193.75999450683594, \"text\": \" And I don't like it that people are going through this, like there's these perfectly\", \"tokens\": [51386, 400, 286, 500, 380, 411, 309, 300, 561, 366, 516, 807, 341, 11, 411, 456, 311, 613, 6239, 51554], \"temperature\": 0.0, \"avg_logprob\": -0.19834135472774506, \"compression_ratio\": 1.8165467977523804, \"no_speech_prob\": 0.4416123926639557}, {\"id\": 64, \"seek\": 16996, \"start\": 193.75999450683594, \"end\": 196.83999633789062, \"text\": \" good guys who can't get girls to pay attention to them at all.\", \"tokens\": [51554, 665, 1074, 567, 393, 380, 483, 4519, 281, 1689, 3202, 281, 552, 412, 439, 13, 51708], \"temperature\": 0.0, \"avg_logprob\": -0.19834135472774506, \"compression_ratio\": 1.8165467977523804, \"no_speech_prob\": 0.4416123926639557}, {\"id\": 65, \"seek\": 19684, \"start\": 196.83999633789062, \"end\": 201.8800048828125, \"text\": \" And so now I'm here trying to give them the skills to do that.\", \"tokens\": [50364, 400, 370, 586, 286, 478, 510, 1382, 281, 976, 552, 264, 3942, 281, 360, 300, 13, 50616], \"temperature\": 0.0, \"avg_logprob\": -0.20859894156455994, \"compression_ratio\": 1.7429906129837036, \"no_speech_prob\": 0.21997566521167755}, {\"id\": 66, \"seek\": 19684, \"start\": 201.8800048828125, \"end\": 205.1199951171875, \"text\": \" And I have had a really hard time making money and this is working for me.\", \"tokens\": [50616, 400, 286, 362, 632, 257, 534, 1152, 565, 1455, 1460, 293, 341, 307, 1364, 337, 385, 13, 50778], \"temperature\": 0.0, \"avg_logprob\": -0.20859894156455994, \"compression_ratio\": 1.7429906129837036, \"no_speech_prob\": 0.21997566521167755}, {\"id\": 67, \"seek\": 19684, \"start\": 205.1199951171875, \"end\": 206.52000427246094, \"text\": \" And so now I'm here doing that.\", \"tokens\": [50778, 400, 370, 586, 286, 478, 510, 884, 300, 13, 50848], \"temperature\": 0.0, \"avg_logprob\": -0.20859894156455994, \"compression_ratio\": 1.7429906129837036, \"no_speech_prob\": 0.21997566521167755}, {\"id\": 68, \"seek\": 19684, \"start\": 206.52000427246094, \"end\": 213.9199981689453, \"text\": \" And sometimes it takes multiple steps of understanding yourself in order to get what you're doing.\", \"tokens\": [50848, 400, 2171, 309, 2516, 3866, 4439, 295, 3701, 1803, 294, 1668, 281, 483, 437, 291, 434, 884, 13, 51218], \"temperature\": 0.0, \"avg_logprob\": -0.20859894156455994, \"compression_ratio\": 1.7429906129837036, \"no_speech_prob\": 0.21997566521167755}, {\"id\": 69, \"seek\": 19684, \"start\": 213.9199981689453, \"end\": 220.36000061035156, \"text\": \" There are some diagrams that I have of people not thinking about thinking properly and then\", \"tokens\": [51218, 821, 366, 512, 36709, 300, 286, 362, 295, 561, 406, 1953, 466, 1953, 6108, 293, 550, 51540], \"temperature\": 0.0, \"avg_logprob\": -0.20859894156455994, \"compression_ratio\": 1.7429906129837036, \"no_speech_prob\": 0.21997566521167755}, {\"id\": 70, \"seek\": 19684, \"start\": 220.36000061035156, \"end\": 222.36000061035156, \"text\": \" learning to.\", \"tokens\": [51540, 2539, 281, 13, 51640], \"temperature\": 0.0, \"avg_logprob\": -0.20859894156455994, \"compression_ratio\": 1.7429906129837036, \"no_speech_prob\": 0.21997566521167755}, {\"id\": 71, \"seek\": 22236, \"start\": 222.36000061035156, \"end\": 227.0399932861328, \"text\": \" There was a girl in particular who was looking at her phone, there it is.\", \"tokens\": [50364, 821, 390, 257, 2013, 294, 1729, 567, 390, 1237, 412, 720, 2593, 11, 456, 309, 307, 13, 50598], \"temperature\": 0.0, \"avg_logprob\": -0.24931125342845917, \"compression_ratio\": 1.8257839679718018, \"no_speech_prob\": 0.6259993314743042}, {\"id\": 72, \"seek\": 22236, \"start\": 227.0399932861328, \"end\": 232.47999572753906, \"text\": \" And she saw some influencer saying, you know, man bad or whatever.\", \"tokens\": [50598, 400, 750, 1866, 512, 39503, 1566, 11, 291, 458, 11, 587, 1578, 420, 2035, 13, 50870], \"temperature\": 0.0, \"avg_logprob\": -0.24931125342845917, \"compression_ratio\": 1.8257839679718018, \"no_speech_prob\": 0.6259993314743042}, {\"id\": 73, \"seek\": 22236, \"start\": 232.47999572753906, \"end\": 236.1199951171875, \"text\": \" And then she started looking at the man in her life and saying, well, if the man on the\", \"tokens\": [50870, 400, 550, 750, 1409, 1237, 412, 264, 587, 294, 720, 993, 293, 1566, 11, 731, 11, 498, 264, 587, 322, 264, 51052], \"temperature\": 0.0, \"avg_logprob\": -0.24931125342845917, \"compression_ratio\": 1.8257839679718018, \"no_speech_prob\": 0.6259993314743042}, {\"id\": 74, \"seek\": 22236, \"start\": 236.1199951171875, \"end\": 240.52000427246094, \"text\": \" phone is bad and I believe the influencer about it, then maybe this man is bad.\", \"tokens\": [51052, 2593, 307, 1578, 293, 286, 1697, 264, 39503, 466, 309, 11, 550, 1310, 341, 587, 307, 1578, 13, 51272], \"temperature\": 0.0, \"avg_logprob\": -0.24931125342845917, \"compression_ratio\": 1.8257839679718018, \"no_speech_prob\": 0.6259993314743042}, {\"id\": 75, \"seek\": 22236, \"start\": 240.52000427246094, \"end\": 242.36000061035156, \"text\": \" So then what do I do about the situation?\", \"tokens\": [51272, 407, 550, 437, 360, 286, 360, 466, 264, 2590, 30, 51364], \"temperature\": 0.0, \"avg_logprob\": -0.24931125342845917, \"compression_ratio\": 1.8257839679718018, \"no_speech_prob\": 0.6259993314743042}, {\"id\": 76, \"seek\": 22236, \"start\": 242.36000061035156, \"end\": 244.02000427246094, \"text\": \" These are the stages.\", \"tokens\": [51364, 1981, 366, 264, 10232, 13, 51447], \"temperature\": 0.0, \"avg_logprob\": -0.24931125342845917, \"compression_ratio\": 1.8257839679718018, \"no_speech_prob\": 0.6259993314743042}, {\"id\": 77, \"seek\": 22236, \"start\": 244.02000427246094, \"end\": 245.5, \"text\": \" And she was stopping right there.\", \"tokens\": [51447, 400, 750, 390, 12767, 558, 456, 13, 51521], \"temperature\": 0.0, \"avg_logprob\": -0.24931125342845917, \"compression_ratio\": 1.8257839679718018, \"no_speech_prob\": 0.6259993314743042}, {\"id\": 78, \"seek\": 22236, \"start\": 245.5, \"end\": 249.1999969482422, \"text\": \" She felt something because she saw it, just a direct experience.\", \"tokens\": [51521, 1240, 2762, 746, 570, 750, 1866, 309, 11, 445, 257, 2047, 1752, 13, 51706], \"temperature\": 0.0, \"avg_logprob\": -0.24931125342845917, \"compression_ratio\": 1.8257839679718018, \"no_speech_prob\": 0.6259993314743042}, {\"id\": 79, \"seek\": 22236, \"start\": 249.1999969482422, \"end\": 252.25999450683594, \"text\": \" And she was like, oh, that makes me feel an emotion.\", \"tokens\": [51706, 400, 750, 390, 411, 11, 1954, 11, 300, 1669, 385, 841, 364, 8913, 13, 51859], \"temperature\": 0.0, \"avg_logprob\": -0.24931125342845917, \"compression_ratio\": 1.8257839679718018, \"no_speech_prob\": 0.6259993314743042}, {\"id\": 80, \"seek\": 25226, \"start\": 253.16000366210938, \"end\": 255.05999755859375, \"text\": \" Is that emotion also going to come from my boyfriend?\", \"tokens\": [50409, 1119, 300, 8913, 611, 516, 281, 808, 490, 452, 11457, 30, 50504], \"temperature\": 0.0, \"avg_logprob\": -0.2294807881116867, \"compression_ratio\": 1.6740506887435913, \"no_speech_prob\": 0.022285249084234238}, {\"id\": 81, \"seek\": 25226, \"start\": 255.05999755859375, \"end\": 256.05999755859375, \"text\": \" Maybe.\", \"tokens\": [50504, 2704, 13, 50554], \"temperature\": 0.0, \"avg_logprob\": -0.2294807881116867, \"compression_ratio\": 1.6740506887435913, \"no_speech_prob\": 0.022285249084234238}, {\"id\": 82, \"seek\": 25226, \"start\": 256.05999755859375, \"end\": 257.05999755859375, \"text\": \" What do I do to prevent it?\", \"tokens\": [50554, 708, 360, 286, 360, 281, 4871, 309, 30, 50604], \"temperature\": 0.0, \"avg_logprob\": -0.2294807881116867, \"compression_ratio\": 1.6740506887435913, \"no_speech_prob\": 0.022285249084234238}, {\"id\": 83, \"seek\": 25226, \"start\": 257.05999755859375, \"end\": 258.6600036621094, \"text\": \" And then she's causing trouble in the relationship.\", \"tokens\": [50604, 400, 550, 750, 311, 9853, 5253, 294, 264, 2480, 13, 50684], \"temperature\": 0.0, \"avg_logprob\": -0.2294807881116867, \"compression_ratio\": 1.6740506887435913, \"no_speech_prob\": 0.022285249084234238}, {\"id\": 84, \"seek\": 25226, \"start\": 258.6600036621094, \"end\": 263.17999267578125, \"text\": \" When she got to therapy, she was instructed to, hey, take a step back.\", \"tokens\": [50684, 1133, 750, 658, 281, 9492, 11, 750, 390, 36384, 281, 11, 4177, 11, 747, 257, 1823, 646, 13, 50910], \"temperature\": 0.0, \"avg_logprob\": -0.2294807881116867, \"compression_ratio\": 1.6740506887435913, \"no_speech_prob\": 0.022285249084234238}, {\"id\": 85, \"seek\": 25226, \"start\": 263.17999267578125, \"end\": 265.739990234375, \"text\": \" Ask yourself if this is the correct process.\", \"tokens\": [50910, 12320, 1803, 498, 341, 307, 264, 3006, 1399, 13, 51038], \"temperature\": 0.0, \"avg_logprob\": -0.2294807881116867, \"compression_ratio\": 1.6740506887435913, \"no_speech_prob\": 0.022285249084234238}, {\"id\": 86, \"seek\": 25226, \"start\": 265.739990234375, \"end\": 270.2200012207031, \"text\": \" Like what I just did with the taking steps back until I figured out that I'm here for\", \"tokens\": [51038, 1743, 437, 286, 445, 630, 365, 264, 1940, 4439, 646, 1826, 286, 8932, 484, 300, 286, 478, 510, 337, 51262], \"temperature\": 0.0, \"avg_logprob\": -0.2294807881116867, \"compression_ratio\": 1.6740506887435913, \"no_speech_prob\": 0.022285249084234238}, {\"id\": 87, \"seek\": 25226, \"start\": 270.2200012207031, \"end\": 273.260009765625, \"text\": \" my money and to help people learn traits.\", \"tokens\": [51262, 452, 1460, 293, 281, 854, 561, 1466, 19526, 13, 51414], \"temperature\": 0.0, \"avg_logprob\": -0.2294807881116867, \"compression_ratio\": 1.6740506887435913, \"no_speech_prob\": 0.022285249084234238}, {\"id\": 88, \"seek\": 25226, \"start\": 273.260009765625, \"end\": 275.5199890136719, \"text\": \" I think both of those are good things.\", \"tokens\": [51414, 286, 519, 1293, 295, 729, 366, 665, 721, 13, 51527], \"temperature\": 0.0, \"avg_logprob\": -0.2294807881116867, \"compression_ratio\": 1.6740506887435913, \"no_speech_prob\": 0.022285249084234238}, {\"id\": 89, \"seek\": 25226, \"start\": 275.5199890136719, \"end\": 280.2200012207031, \"text\": \" When she took a step back, it's like, is this a good process of decision making?\", \"tokens\": [51527, 1133, 750, 1890, 257, 1823, 646, 11, 309, 311, 411, 11, 307, 341, 257, 665, 1399, 295, 3537, 1455, 30, 51762], \"temperature\": 0.0, \"avg_logprob\": -0.2294807881116867, \"compression_ratio\": 1.6740506887435913, \"no_speech_prob\": 0.022285249084234238}, {\"id\": 90, \"seek\": 25226, \"start\": 280.2200012207031, \"end\": 281.2200012207031, \"text\": \" Well, no.\", \"tokens\": [51762, 1042, 11, 572, 13, 51812], \"temperature\": 0.0, \"avg_logprob\": -0.2294807881116867, \"compression_ratio\": 1.6740506887435913, \"no_speech_prob\": 0.022285249084234238}, {\"id\": 91, \"seek\": 25226, \"start\": 281.2200012207031, \"end\": 282.2200012207031, \"text\": \" Well, why not?\", \"tokens\": [51812, 1042, 11, 983, 406, 30, 51862], \"temperature\": 0.0, \"avg_logprob\": -0.2294807881116867, \"compression_ratio\": 1.6740506887435913, \"no_speech_prob\": 0.022285249084234238}, {\"id\": 92, \"seek\": 28222, \"start\": 282.2200012207031, \"end\": 283.2200012207031, \"text\": \" How do I know it isn't?\", \"tokens\": [50364, 1012, 360, 286, 458, 309, 1943, 380, 30, 50414], \"temperature\": 0.0, \"avg_logprob\": -0.2364683300256729, \"compression_ratio\": 1.7397769689559937, \"no_speech_prob\": 0.06953344494104385}, {\"id\": 93, \"seek\": 28222, \"start\": 283.2200012207031, \"end\": 284.5400085449219, \"text\": \" And what do I do about it?\", \"tokens\": [50414, 400, 437, 360, 286, 360, 466, 309, 30, 50480], \"temperature\": 0.0, \"avg_logprob\": -0.2364683300256729, \"compression_ratio\": 1.7397769689559937, \"no_speech_prob\": 0.06953344494104385}, {\"id\": 94, \"seek\": 28222, \"start\": 284.5400085449219, \"end\": 289.70001220703125, \"text\": \" You need to take these subconscious processes that we all have and make them conscious.\", \"tokens\": [50480, 509, 643, 281, 747, 613, 27389, 7555, 300, 321, 439, 362, 293, 652, 552, 6648, 13, 50738], \"temperature\": 0.0, \"avg_logprob\": -0.2364683300256729, \"compression_ratio\": 1.7397769689559937, \"no_speech_prob\": 0.06953344494104385}, {\"id\": 95, \"seek\": 28222, \"start\": 289.70001220703125, \"end\": 291.760009765625, \"text\": \" And that's what thinking about thinking is.\", \"tokens\": [50738, 400, 300, 311, 437, 1953, 466, 1953, 307, 13, 50841], \"temperature\": 0.0, \"avg_logprob\": -0.2364683300256729, \"compression_ratio\": 1.7397769689559937, \"no_speech_prob\": 0.06953344494104385}, {\"id\": 96, \"seek\": 28222, \"start\": 291.760009765625, \"end\": 296.5400085449219, \"text\": \" It's going to the deep, basic experience and making it something that you're consciously\", \"tokens\": [50841, 467, 311, 516, 281, 264, 2452, 11, 3875, 1752, 293, 1455, 309, 746, 300, 291, 434, 32538, 51080], \"temperature\": 0.0, \"avg_logprob\": -0.2364683300256729, \"compression_ratio\": 1.7397769689559937, \"no_speech_prob\": 0.06953344494104385}, {\"id\": 97, \"seek\": 28222, \"start\": 296.5400085449219, \"end\": 304.1400146484375, \"text\": \" aware of and can operate on, which is, you know, basically what I'm drawing out in, in\", \"tokens\": [51080, 3650, 295, 293, 393, 9651, 322, 11, 597, 307, 11, 291, 458, 11, 1936, 437, 286, 478, 6316, 484, 294, 11, 294, 51460], \"temperature\": 0.0, \"avg_logprob\": -0.2364683300256729, \"compression_ratio\": 1.7397769689559937, \"no_speech_prob\": 0.06953344494104385}, {\"id\": 98, \"seek\": 28222, \"start\": 304.1400146484375, \"end\": 305.1400146484375, \"text\": \" these charts.\", \"tokens\": [51460, 613, 17767, 13, 51510], \"temperature\": 0.0, \"avg_logprob\": -0.2364683300256729, \"compression_ratio\": 1.7397769689559937, \"no_speech_prob\": 0.06953344494104385}, {\"id\": 99, \"seek\": 28222, \"start\": 305.1400146484375, \"end\": 306.1400146484375, \"text\": \" Yeah.\", \"tokens\": [51510, 865, 13, 51560], \"temperature\": 0.0, \"avg_logprob\": -0.2364683300256729, \"compression_ratio\": 1.7397769689559937, \"no_speech_prob\": 0.06953344494104385}, {\"id\": 100, \"seek\": 28222, \"start\": 306.1400146484375, \"end\": 309.2200012207031, \"text\": \" I mean, from, from a leadership's perspective, like me being in the military, that right,\", \"tokens\": [51560, 286, 914, 11, 490, 11, 490, 257, 5848, 311, 4585, 11, 411, 385, 885, 294, 264, 4632, 11, 300, 558, 11, 51714], \"temperature\": 0.0, \"avg_logprob\": -0.2364683300256729, \"compression_ratio\": 1.7397769689559937, \"no_speech_prob\": 0.06953344494104385}, {\"id\": 101, \"seek\": 30922, \"start\": 309.2200012207031, \"end\": 313.29998779296875, \"text\": \" thinking about thinking about the motivation of why people do things is such an important\", \"tokens\": [50364, 1953, 466, 1953, 466, 264, 12335, 295, 983, 561, 360, 721, 307, 1270, 364, 1021, 50568], \"temperature\": 0.0, \"avg_logprob\": -0.2910926342010498, \"compression_ratio\": 1.77816903591156, \"no_speech_prob\": 0.7307253479957581}, {\"id\": 102, \"seek\": 30922, \"start\": 313.29998779296875, \"end\": 314.29998779296875, \"text\": \" leadership component.\", \"tokens\": [50568, 5848, 6542, 13, 50618], \"temperature\": 0.0, \"avg_logprob\": -0.2910926342010498, \"compression_ratio\": 1.77816903591156, \"no_speech_prob\": 0.7307253479957581}, {\"id\": 103, \"seek\": 30922, \"start\": 314.29998779296875, \"end\": 319.3399963378906, \"text\": \" Great book about this, the dichotomy of leadership and, um, uh, the, by Jocko Willick and Alif\", \"tokens\": [50618, 3769, 1446, 466, 341, 11, 264, 10390, 310, 8488, 295, 5848, 293, 11, 1105, 11, 2232, 11, 264, 11, 538, 508, 1560, 78, 3099, 618, 293, 967, 351, 50870], \"temperature\": 0.0, \"avg_logprob\": -0.2910926342010498, \"compression_ratio\": 1.77816903591156, \"no_speech_prob\": 0.7307253479957581}, {\"id\": 104, \"seek\": 30922, \"start\": 319.3399963378906, \"end\": 321.5, \"text\": \" Babin, it really, really goes over that stuff.\", \"tokens\": [50870, 15820, 259, 11, 309, 534, 11, 534, 1709, 670, 300, 1507, 13, 50978], \"temperature\": 0.0, \"avg_logprob\": -0.2910926342010498, \"compression_ratio\": 1.77816903591156, \"no_speech_prob\": 0.7307253479957581}, {\"id\": 105, \"seek\": 30922, \"start\": 321.5, \"end\": 322.5, \"text\": \" It's really great.\", \"tokens\": [50978, 467, 311, 534, 869, 13, 51028], \"temperature\": 0.0, \"avg_logprob\": -0.2910926342010498, \"compression_ratio\": 1.77816903591156, \"no_speech_prob\": 0.7307253479957581}, {\"id\": 106, \"seek\": 30922, \"start\": 322.5, \"end\": 324.9800109863281, \"text\": \" We'll go, if you could go back to the, the, the, the one with the brain, the first one\", \"tokens\": [51028, 492, 603, 352, 11, 498, 291, 727, 352, 646, 281, 264, 11, 264, 11, 264, 11, 264, 472, 365, 264, 3567, 11, 264, 700, 472, 51152], \"temperature\": 0.0, \"avg_logprob\": -0.2910926342010498, \"compression_ratio\": 1.77816903591156, \"no_speech_prob\": 0.7307253479957581}, {\"id\": 107, \"seek\": 30922, \"start\": 324.9800109863281, \"end\": 329.94000244140625, \"text\": \" you showed me, there's one, so I've tried doing this, but there's one level that I added\", \"tokens\": [51152, 291, 4712, 385, 11, 456, 311, 472, 11, 370, 286, 600, 3031, 884, 341, 11, 457, 456, 311, 472, 1496, 300, 286, 3869, 51400], \"temperature\": 0.0, \"avg_logprob\": -0.2910926342010498, \"compression_ratio\": 1.77816903591156, \"no_speech_prob\": 0.7307253479957581}, {\"id\": 108, \"seek\": 30922, \"start\": 329.94000244140625, \"end\": 332.739990234375, \"text\": \" and it's the level of the, you know, the book behind me.\", \"tokens\": [51400, 293, 309, 311, 264, 1496, 295, 264, 11, 291, 458, 11, 264, 1446, 2261, 385, 13, 51540], \"temperature\": 0.0, \"avg_logprob\": -0.2910926342010498, \"compression_ratio\": 1.77816903591156, \"no_speech_prob\": 0.7307253479957581}, {\"id\": 109, \"seek\": 33274, \"start\": 332.739990234375, \"end\": 340.1400146484375, \"text\": \" And that level is what you get there, uh, that, that level is what did my ancestors\", \"tokens\": [50364, 400, 300, 1496, 307, 437, 291, 483, 456, 11, 2232, 11, 300, 11, 300, 1496, 307, 437, 630, 452, 18069, 50734], \"temperature\": 0.0, \"avg_logprob\": -0.26039913296699524, \"compression_ratio\": 1.6755555868148804, \"no_speech_prob\": 0.7088159322738647}, {\"id\": 110, \"seek\": 33274, \"start\": 340.1400146484375, \"end\": 345.94000244140625, \"text\": \" need this motivation for in order for them to, to, to aid in their survival.\", \"tokens\": [50734, 643, 341, 12335, 337, 294, 1668, 337, 552, 281, 11, 281, 11, 281, 9418, 294, 641, 12559, 13, 51024], \"temperature\": 0.0, \"avg_logprob\": -0.26039913296699524, \"compression_ratio\": 1.6755555868148804, \"no_speech_prob\": 0.7088159322738647}, {\"id\": 111, \"seek\": 33274, \"start\": 345.94000244140625, \"end\": 348.05999755859375, \"text\": \" And that's a good thing or a bad thing.\", \"tokens\": [51024, 400, 300, 311, 257, 665, 551, 420, 257, 1578, 551, 13, 51130], \"temperature\": 0.0, \"avg_logprob\": -0.26039913296699524, \"compression_ratio\": 1.6755555868148804, \"no_speech_prob\": 0.7088159322738647}, {\"id\": 112, \"seek\": 33274, \"start\": 348.05999755859375, \"end\": 353.05999755859375, \"text\": \" Like for instance, if it's outrageous levels of jealousy, mate, like mate guarding, which\", \"tokens\": [51130, 1743, 337, 5197, 11, 498, 309, 311, 38685, 4358, 295, 36103, 11, 11709, 11, 411, 11709, 44077, 11, 597, 51380], \"temperature\": 0.0, \"avg_logprob\": -0.26039913296699524, \"compression_ratio\": 1.6755555868148804, \"no_speech_prob\": 0.7088159322738647}, {\"id\": 113, \"seek\": 33274, \"start\": 353.05999755859375, \"end\": 357.8399963378906, \"text\": \" was a necessity for some men throughout our evolutionary history, I can say to myself,\", \"tokens\": [51380, 390, 257, 24217, 337, 512, 1706, 3710, 527, 27567, 2503, 11, 286, 393, 584, 281, 2059, 11, 51619], \"temperature\": 0.0, \"avg_logprob\": -0.26039913296699524, \"compression_ratio\": 1.6755555868148804, \"no_speech_prob\": 0.7088159322738647}, {\"id\": 114, \"seek\": 35784, \"start\": 357.8399963378906, \"end\": 362.8800048828125, \"text\": \" this is a neurochemical reaction that is happening because my ancestors had something\", \"tokens\": [50364, 341, 307, 257, 16499, 34114, 5480, 300, 307, 2737, 570, 452, 18069, 632, 746, 50616], \"temperature\": 0.0, \"avg_logprob\": -0.23377270996570587, \"compression_ratio\": 1.8626197576522827, \"no_speech_prob\": 0.5886494517326355}, {\"id\": 115, \"seek\": 35784, \"start\": 362.8800048828125, \"end\": 363.8800048828125, \"text\": \" that happened similar.\", \"tokens\": [50616, 300, 2011, 2531, 13, 50666], \"temperature\": 0.0, \"avg_logprob\": -0.23377270996570587, \"compression_ratio\": 1.8626197576522827, \"no_speech_prob\": 0.5886494517326355}, {\"id\": 116, \"seek\": 35784, \"start\": 363.8800048828125, \"end\": 368.2799987792969, \"text\": \" And when they were not a studious, when they were not fastidious over their, their mates,\", \"tokens\": [50666, 400, 562, 436, 645, 406, 257, 972, 851, 11, 562, 436, 645, 406, 2370, 327, 851, 670, 641, 11, 641, 31488, 11, 50886], \"temperature\": 0.0, \"avg_logprob\": -0.23377270996570587, \"compression_ratio\": 1.8626197576522827, \"no_speech_prob\": 0.5886494517326355}, {\"id\": 117, \"seek\": 35784, \"start\": 368.2799987792969, \"end\": 370.4800109863281, \"text\": \" some other man, they were having some other man's kid.\", \"tokens\": [50886, 512, 661, 587, 11, 436, 645, 1419, 512, 661, 587, 311, 1636, 13, 50996], \"temperature\": 0.0, \"avg_logprob\": -0.23377270996570587, \"compression_ratio\": 1.8626197576522827, \"no_speech_prob\": 0.5886494517326355}, {\"id\": 118, \"seek\": 35784, \"start\": 370.4800109863281, \"end\": 371.8399963378906, \"text\": \" So I understand where that comes from.\", \"tokens\": [50996, 407, 286, 1223, 689, 300, 1487, 490, 13, 51064], \"temperature\": 0.0, \"avg_logprob\": -0.23377270996570587, \"compression_ratio\": 1.8626197576522827, \"no_speech_prob\": 0.5886494517326355}, {\"id\": 119, \"seek\": 35784, \"start\": 371.8399963378906, \"end\": 373.6400146484375, \"text\": \" But the other part is like, why?\", \"tokens\": [51064, 583, 264, 661, 644, 307, 411, 11, 983, 30, 51154], \"temperature\": 0.0, \"avg_logprob\": -0.23377270996570587, \"compression_ratio\": 1.8626197576522827, \"no_speech_prob\": 0.5886494517326355}, {\"id\": 120, \"seek\": 35784, \"start\": 373.6400146484375, \"end\": 375.1600036621094, \"text\": \" So this is just my personal belief.\", \"tokens\": [51154, 407, 341, 307, 445, 452, 2973, 7107, 13, 51230], \"temperature\": 0.0, \"avg_logprob\": -0.23377270996570587, \"compression_ratio\": 1.8626197576522827, \"no_speech_prob\": 0.5886494517326355}, {\"id\": 121, \"seek\": 35784, \"start\": 375.1600036621094, \"end\": 376.1600036621094, \"text\": \" And I've heard dr.\", \"tokens\": [51230, 400, 286, 600, 2198, 1224, 13, 51280], \"temperature\": 0.0, \"avg_logprob\": -0.23377270996570587, \"compression_ratio\": 1.8626197576522827, \"no_speech_prob\": 0.5886494517326355}, {\"id\": 122, \"seek\": 35784, \"start\": 376.1600036621094, \"end\": 377.1600036621094, \"text\": \" Buss briefly mentioned this.\", \"tokens\": [51280, 363, 2023, 10515, 2835, 341, 13, 51330], \"temperature\": 0.0, \"avg_logprob\": -0.23377270996570587, \"compression_ratio\": 1.8626197576522827, \"no_speech_prob\": 0.5886494517326355}, {\"id\": 123, \"seek\": 35784, \"start\": 377.1600036621094, \"end\": 382.0400085449219, \"text\": \" I believe the highest level for men is for men to come is for men to achieve goals with\", \"tokens\": [51330, 286, 1697, 264, 6343, 1496, 337, 1706, 307, 337, 1706, 281, 808, 307, 337, 1706, 281, 4584, 5493, 365, 51574], \"temperature\": 0.0, \"avg_logprob\": -0.23377270996570587, \"compression_ratio\": 1.8626197576522827, \"no_speech_prob\": 0.5886494517326355}, {\"id\": 124, \"seek\": 35784, \"start\": 382.0400085449219, \"end\": 387.0799865722656, \"text\": \" other people for, for not specifically men, men and women too, but like men coming to\", \"tokens\": [51574, 661, 561, 337, 11, 337, 406, 4682, 1706, 11, 1706, 293, 2266, 886, 11, 457, 411, 1706, 1348, 281, 51826], \"temperature\": 0.0, \"avg_logprob\": -0.23377270996570587, \"compression_ratio\": 1.8626197576522827, \"no_speech_prob\": 0.5886494517326355}, {\"id\": 125, \"seek\": 38708, \"start\": 387.32000732421875, \"end\": 391.8399963378906, \"text\": \" the reason why the super bowl is the most watched single television show in the world.\", \"tokens\": [50376, 264, 1778, 983, 264, 1687, 6571, 307, 264, 881, 6337, 2167, 8815, 855, 294, 264, 1002, 13, 50602], \"temperature\": 0.0, \"avg_logprob\": -0.23088310658931732, \"compression_ratio\": 1.6996904611587524, \"no_speech_prob\": 0.49985721707344055}, {\"id\": 126, \"seek\": 38708, \"start\": 391.8399963378906, \"end\": 395.2799987792969, \"text\": \" It's because watching groups of people accomplish things together.\", \"tokens\": [50602, 467, 311, 570, 1976, 3935, 295, 561, 9021, 721, 1214, 13, 50774], \"temperature\": 0.0, \"avg_logprob\": -0.23088310658931732, \"compression_ratio\": 1.6996904611587524, \"no_speech_prob\": 0.49985721707344055}, {\"id\": 127, \"seek\": 38708, \"start\": 395.2799987792969, \"end\": 400.739990234375, \"text\": \" To me, the highest reward I've ever gotten is when I have a client who we work together\", \"tokens\": [50774, 1407, 385, 11, 264, 6343, 7782, 286, 600, 1562, 5768, 307, 562, 286, 362, 257, 6423, 567, 321, 589, 1214, 51047], \"temperature\": 0.0, \"avg_logprob\": -0.23088310658931732, \"compression_ratio\": 1.6996904611587524, \"no_speech_prob\": 0.49985721707344055}, {\"id\": 128, \"seek\": 38708, \"start\": 400.739990234375, \"end\": 403.0, \"text\": \" to achieve a goal for him.\", \"tokens\": [51047, 281, 4584, 257, 3387, 337, 796, 13, 51160], \"temperature\": 0.0, \"avg_logprob\": -0.23088310658931732, \"compression_ratio\": 1.6996904611587524, \"no_speech_prob\": 0.49985721707344055}, {\"id\": 129, \"seek\": 38708, \"start\": 403.0, \"end\": 407.5199890136719, \"text\": \" And I think that may be from an evolutionary standpoint, again, you and me go out 50,000\", \"tokens\": [51160, 400, 286, 519, 300, 815, 312, 490, 364, 27567, 15827, 11, 797, 11, 291, 293, 385, 352, 484, 2625, 11, 1360, 51386], \"temperature\": 0.0, \"avg_logprob\": -0.23088310658931732, \"compression_ratio\": 1.6996904611587524, \"no_speech_prob\": 0.49985721707344055}, {\"id\": 130, \"seek\": 38708, \"start\": 407.5199890136719, \"end\": 409.0799865722656, \"text\": \" years ago and we work together.\", \"tokens\": [51386, 924, 2057, 293, 321, 589, 1214, 13, 51464], \"temperature\": 0.0, \"avg_logprob\": -0.23088310658931732, \"compression_ratio\": 1.6996904611587524, \"no_speech_prob\": 0.49985721707344055}, {\"id\": 131, \"seek\": 38708, \"start\": 409.0799865722656, \"end\": 411.7200012207031, \"text\": \" I flush out the gazelle and then you stab him.\", \"tokens\": [51464, 286, 19568, 484, 264, 26232, 4434, 293, 550, 291, 16343, 796, 13, 51596], \"temperature\": 0.0, \"avg_logprob\": -0.23088310658931732, \"compression_ratio\": 1.6996904611587524, \"no_speech_prob\": 0.49985721707344055}, {\"id\": 132, \"seek\": 38708, \"start\": 411.7200012207031, \"end\": 412.7200012207031, \"text\": \" You see what I'm saying?\", \"tokens\": [51596, 509, 536, 437, 286, 478, 1566, 30, 51646], \"temperature\": 0.0, \"avg_logprob\": -0.23088310658931732, \"compression_ratio\": 1.6996904611587524, \"no_speech_prob\": 0.49985721707344055}, {\"id\": 133, \"seek\": 38708, \"start\": 412.7200012207031, \"end\": 416.3999938964844, \"text\": \" We work together and then we bring home the meat and the entire tribe is cheering us on\", \"tokens\": [51646, 492, 589, 1214, 293, 550, 321, 1565, 1280, 264, 4615, 293, 264, 2302, 17625, 307, 11060, 505, 322, 51830], \"temperature\": 0.0, \"avg_logprob\": -0.23088310658931732, \"compression_ratio\": 1.6996904611587524, \"no_speech_prob\": 0.49985721707344055}, {\"id\": 134, \"seek\": 41640, \"start\": 416.3999938964844, \"end\": 417.8800048828125, \"text\": \" because they've been starving.\", \"tokens\": [50364, 570, 436, 600, 668, 28420, 13, 50438], \"temperature\": 0.0, \"avg_logprob\": -0.2106330245733261, \"compression_ratio\": 1.8697068691253662, \"no_speech_prob\": 0.1081310510635376}, {\"id\": 135, \"seek\": 41640, \"start\": 417.8800048828125, \"end\": 422.55999755859375, \"text\": \" That type of evolutionary response of us working together in order to achieve a goal, I think\", \"tokens\": [50438, 663, 2010, 295, 27567, 4134, 295, 505, 1364, 1214, 294, 1668, 281, 4584, 257, 3387, 11, 286, 519, 50672], \"temperature\": 0.0, \"avg_logprob\": -0.2106330245733261, \"compression_ratio\": 1.8697068691253662, \"no_speech_prob\": 0.1081310510635376}, {\"id\": 136, \"seek\": 41640, \"start\": 422.55999755859375, \"end\": 424.6000061035156, \"text\": \" is the highest form for men.\", \"tokens\": [50672, 307, 264, 6343, 1254, 337, 1706, 13, 50774], \"temperature\": 0.0, \"avg_logprob\": -0.2106330245733261, \"compression_ratio\": 1.8697068691253662, \"no_speech_prob\": 0.1081310510635376}, {\"id\": 137, \"seek\": 41640, \"start\": 424.6000061035156, \"end\": 428.0799865722656, \"text\": \" That's just my opinion that I think that's the highest part.\", \"tokens\": [50774, 663, 311, 445, 452, 4800, 300, 286, 519, 300, 311, 264, 6343, 644, 13, 50948], \"temperature\": 0.0, \"avg_logprob\": -0.2106330245733261, \"compression_ratio\": 1.8697068691253662, \"no_speech_prob\": 0.1081310510635376}, {\"id\": 138, \"seek\": 41640, \"start\": 428.0799865722656, \"end\": 431.3999938964844, \"text\": \" That's the reason why when you people, human beings don't socialize, they go crazy.\", \"tokens\": [50948, 663, 311, 264, 1778, 983, 562, 291, 561, 11, 1952, 8958, 500, 380, 2093, 1125, 11, 436, 352, 3219, 13, 51114], \"temperature\": 0.0, \"avg_logprob\": -0.2106330245733261, \"compression_ratio\": 1.8697068691253662, \"no_speech_prob\": 0.1081310510635376}, {\"id\": 139, \"seek\": 41640, \"start\": 431.3999938964844, \"end\": 434.2799987792969, \"text\": \" That's why you see people when they go into isolation, they go crazy because they need\", \"tokens\": [51114, 663, 311, 983, 291, 536, 561, 562, 436, 352, 666, 16001, 11, 436, 352, 3219, 570, 436, 643, 51258], \"temperature\": 0.0, \"avg_logprob\": -0.2106330245733261, \"compression_ratio\": 1.8697068691253662, \"no_speech_prob\": 0.1081310510635376}, {\"id\": 140, \"seek\": 41640, \"start\": 434.2799987792969, \"end\": 437.0400085449219, \"text\": \" socialization from other, they need feedback from other human beings.\", \"tokens\": [51258, 2093, 2144, 490, 661, 11, 436, 643, 5824, 490, 661, 1952, 8958, 13, 51396], \"temperature\": 0.0, \"avg_logprob\": -0.2106330245733261, \"compression_ratio\": 1.8697068691253662, \"no_speech_prob\": 0.1081310510635376}, {\"id\": 141, \"seek\": 41640, \"start\": 437.0400085449219, \"end\": 438.55999755859375, \"text\": \" So I love this right here.\", \"tokens\": [51396, 407, 286, 959, 341, 558, 510, 13, 51472], \"temperature\": 0.0, \"avg_logprob\": -0.2106330245733261, \"compression_ratio\": 1.8697068691253662, \"no_speech_prob\": 0.1081310510635376}, {\"id\": 142, \"seek\": 41640, \"start\": 438.55999755859375, \"end\": 442.4800109863281, \"text\": \" This is something very similar to what I use, but there's a, there's a final one where what\", \"tokens\": [51472, 639, 307, 746, 588, 2531, 281, 437, 286, 764, 11, 457, 456, 311, 257, 11, 456, 311, 257, 2572, 472, 689, 437, 51668], \"temperature\": 0.0, \"avg_logprob\": -0.2106330245733261, \"compression_ratio\": 1.8697068691253662, \"no_speech_prob\": 0.1081310510635376}, {\"id\": 143, \"seek\": 44248, \"start\": 442.4800109863281, \"end\": 447.6400146484375, \"text\": \" did my ancestor need 50,000 years ago in order to get to where he's getting?\", \"tokens\": [50364, 630, 452, 40032, 643, 2625, 11, 1360, 924, 2057, 294, 1668, 281, 483, 281, 689, 415, 311, 1242, 30, 50622], \"temperature\": 0.0, \"avg_logprob\": -0.2735084593296051, \"compression_ratio\": 1.6340579986572266, \"no_speech_prob\": 0.6332584619522095}, {\"id\": 144, \"seek\": 44248, \"start\": 447.6400146484375, \"end\": 448.6400146484375, \"text\": \" Yep.\", \"tokens\": [50622, 7010, 13, 50672], \"temperature\": 0.0, \"avg_logprob\": -0.2735084593296051, \"compression_ratio\": 1.6340579986572266, \"no_speech_prob\": 0.6332584619522095}, {\"id\": 145, \"seek\": 44248, \"start\": 448.6400146484375, \"end\": 453.7200012207031, \"text\": \" So that would, the process that I described, you would just add education about the way\", \"tokens\": [50672, 407, 300, 576, 11, 264, 1399, 300, 286, 7619, 11, 291, 576, 445, 909, 3309, 466, 264, 636, 50926], \"temperature\": 0.0, \"avg_logprob\": -0.2735084593296051, \"compression_ratio\": 1.6340579986572266, \"no_speech_prob\": 0.6332584619522095}, {\"id\": 146, \"seek\": 44248, \"start\": 453.7200012207031, \"end\": 455.20001220703125, \"text\": \" that our brain is constructed.\", \"tokens\": [50926, 300, 527, 3567, 307, 17083, 13, 51000], \"temperature\": 0.0, \"avg_logprob\": -0.2735084593296051, \"compression_ratio\": 1.6340579986572266, \"no_speech_prob\": 0.6332584619522095}, {\"id\": 147, \"seek\": 44248, \"start\": 455.20001220703125, \"end\": 458.9200134277344, \"text\": \" So I have it started from the front of the brain going towards the back because that's\", \"tokens\": [51000, 407, 286, 362, 309, 1409, 490, 264, 1868, 295, 264, 3567, 516, 3030, 264, 646, 570, 300, 311, 51186], \"temperature\": 0.0, \"avg_logprob\": -0.2735084593296051, \"compression_ratio\": 1.6340579986572266, \"no_speech_prob\": 0.6332584619522095}, {\"id\": 148, \"seek\": 44248, \"start\": 458.9200134277344, \"end\": 461.20001220703125, \"text\": \" where that's, those processes are located.\", \"tokens\": [51186, 689, 300, 311, 11, 729, 7555, 366, 6870, 13, 51300], \"temperature\": 0.0, \"avg_logprob\": -0.2735084593296051, \"compression_ratio\": 1.6340579986572266, \"no_speech_prob\": 0.6332584619522095}, {\"id\": 149, \"seek\": 44248, \"start\": 461.20001220703125, \"end\": 466.7200012207031, \"text\": \" So yeah, even if you don't understand evolutionary psychology, it's still helps to figure out\", \"tokens\": [51300, 407, 1338, 11, 754, 498, 291, 500, 380, 1223, 27567, 15105, 11, 309, 311, 920, 3665, 281, 2573, 484, 51576], \"temperature\": 0.0, \"avg_logprob\": -0.2735084593296051, \"compression_ratio\": 1.6340579986572266, \"no_speech_prob\": 0.6332584619522095}, {\"id\": 150, \"seek\": 44248, \"start\": 466.7200012207031, \"end\": 468.0400085449219, \"text\": \" what your motivations are.\", \"tokens\": [51576, 437, 428, 39034, 366, 13, 51642], \"temperature\": 0.0, \"avg_logprob\": -0.2735084593296051, \"compression_ratio\": 1.6340579986572266, \"no_speech_prob\": 0.6332584619522095}, {\"id\": 151, \"seek\": 46804, \"start\": 468.0400085449219, \"end\": 473.79998779296875, \"text\": \" But if you, yeah, if you can understand them in the context of why do I have this urge\", \"tokens\": [50364, 583, 498, 291, 11, 1338, 11, 498, 291, 393, 1223, 552, 294, 264, 4319, 295, 983, 360, 286, 362, 341, 19029, 50652], \"temperature\": 0.0, \"avg_logprob\": -0.25484034419059753, \"compression_ratio\": 1.8134920597076416, \"no_speech_prob\": 0.8870890140533447}, {\"id\": 152, \"seek\": 46804, \"start\": 473.79998779296875, \"end\": 476.2799987792969, \"text\": \" from an evolutionary perspective and why is it useful?\", \"tokens\": [50652, 490, 364, 27567, 4585, 293, 983, 307, 309, 4420, 30, 50776], \"temperature\": 0.0, \"avg_logprob\": -0.25484034419059753, \"compression_ratio\": 1.8134920597076416, \"no_speech_prob\": 0.8870890140533447}, {\"id\": 153, \"seek\": 46804, \"start\": 476.2799987792969, \"end\": 484.6000061035156, \"text\": \" Like women need to understand that when men are drawn to, you know, look at other women,\", \"tokens\": [50776, 1743, 2266, 643, 281, 1223, 300, 562, 1706, 366, 10117, 281, 11, 291, 458, 11, 574, 412, 661, 2266, 11, 51192], \"temperature\": 0.0, \"avg_logprob\": -0.25484034419059753, \"compression_ratio\": 1.8134920597076416, \"no_speech_prob\": 0.8870890140533447}, {\"id\": 154, \"seek\": 46804, \"start\": 484.6000061035156, \"end\": 488.3599853515625, \"text\": \" something that women have been telling me a lot is that men will cheat with someone\", \"tokens\": [51192, 746, 300, 2266, 362, 668, 3585, 385, 257, 688, 307, 300, 1706, 486, 17470, 365, 1580, 51380], \"temperature\": 0.0, \"avg_logprob\": -0.25484034419059753, \"compression_ratio\": 1.8134920597076416, \"no_speech_prob\": 0.8870890140533447}, {\"id\": 155, \"seek\": 46804, \"start\": 488.3599853515625, \"end\": 490.32000732421875, \"text\": \" who's kind of like not very high quality.\", \"tokens\": [51380, 567, 311, 733, 295, 411, 406, 588, 1090, 3125, 13, 51478], \"temperature\": 0.0, \"avg_logprob\": -0.25484034419059753, \"compression_ratio\": 1.8134920597076416, \"no_speech_prob\": 0.8870890140533447}, {\"id\": 156, \"seek\": 46804, \"start\": 490.32000732421875, \"end\": 492.9599914550781, \"text\": \" You will marry a woman who's really high quality and then cheat with someone who's not high\", \"tokens\": [51478, 509, 486, 9747, 257, 3059, 567, 311, 534, 1090, 3125, 293, 550, 17470, 365, 1580, 567, 311, 406, 1090, 51610], \"temperature\": 0.0, \"avg_logprob\": -0.25484034419059753, \"compression_ratio\": 1.8134920597076416, \"no_speech_prob\": 0.8870890140533447}, {\"id\": 157, \"seek\": 46804, \"start\": 492.9599914550781, \"end\": 493.9599914550781, \"text\": \" quality.\", \"tokens\": [51610, 3125, 13, 51660], \"temperature\": 0.0, \"avg_logprob\": -0.25484034419059753, \"compression_ratio\": 1.8134920597076416, \"no_speech_prob\": 0.8870890140533447}, {\"id\": 158, \"seek\": 49396, \"start\": 493.9599914550781, \"end\": 499.3999938964844, \"text\": \" And the, the women will feel like you want to trade me for that, but no, he doesn't want\", \"tokens\": [50364, 400, 264, 11, 264, 2266, 486, 841, 411, 291, 528, 281, 4923, 385, 337, 300, 11, 457, 572, 11, 415, 1177, 380, 528, 50636], \"temperature\": 0.0, \"avg_logprob\": -0.2279231697320938, \"compression_ratio\": 1.7380074262619019, \"no_speech_prob\": 0.44164329767227173}, {\"id\": 159, \"seek\": 49396, \"start\": 499.3999938964844, \"end\": 500.3999938964844, \"text\": \" to trade.\", \"tokens\": [50636, 281, 4923, 13, 50686], \"temperature\": 0.0, \"avg_logprob\": -0.2279231697320938, \"compression_ratio\": 1.7380074262619019, \"no_speech_prob\": 0.44164329767227173}, {\"id\": 160, \"seek\": 49396, \"start\": 500.3999938964844, \"end\": 504.0799865722656, \"text\": \" He just wants to mate short term on the side with someone who's very easy to mate with.\", \"tokens\": [50686, 634, 445, 2738, 281, 11709, 2099, 1433, 322, 264, 1252, 365, 1580, 567, 311, 588, 1858, 281, 11709, 365, 13, 50870], \"temperature\": 0.0, \"avg_logprob\": -0.2279231697320938, \"compression_ratio\": 1.7380074262619019, \"no_speech_prob\": 0.44164329767227173}, {\"id\": 161, \"seek\": 49396, \"start\": 504.0799865722656, \"end\": 508.3399963378906, \"text\": \" So he can have other children for cheap while still investing everything in you.\", \"tokens\": [50870, 407, 415, 393, 362, 661, 2227, 337, 7084, 1339, 920, 10978, 1203, 294, 291, 13, 51083], \"temperature\": 0.0, \"avg_logprob\": -0.2279231697320938, \"compression_ratio\": 1.7380074262619019, \"no_speech_prob\": 0.44164329767227173}, {\"id\": 162, \"seek\": 49396, \"start\": 508.3399963378906, \"end\": 513.6799926757812, \"text\": \" So in the woman's brain, she, if she cheated, it would be to trade up.\", \"tokens\": [51083, 407, 294, 264, 3059, 311, 3567, 11, 750, 11, 498, 750, 28079, 11, 309, 576, 312, 281, 4923, 493, 13, 51350], \"temperature\": 0.0, \"avg_logprob\": -0.2279231697320938, \"compression_ratio\": 1.7380074262619019, \"no_speech_prob\": 0.44164329767227173}, {\"id\": 163, \"seek\": 49396, \"start\": 513.6799926757812, \"end\": 518.239990234375, \"text\": \" So that's the process going on for her and she's projecting that onto him.\", \"tokens\": [51350, 407, 300, 311, 264, 1399, 516, 322, 337, 720, 293, 750, 311, 43001, 300, 3911, 796, 13, 51578], \"temperature\": 0.0, \"avg_logprob\": -0.2279231697320938, \"compression_ratio\": 1.7380074262619019, \"no_speech_prob\": 0.44164329767227173}, {\"id\": 164, \"seek\": 49396, \"start\": 518.239990234375, \"end\": 521.0, \"text\": \" If you're cheating, it must be because you're trading up.\", \"tokens\": [51578, 759, 291, 434, 18309, 11, 309, 1633, 312, 570, 291, 434, 9529, 493, 13, 51716], \"temperature\": 0.0, \"avg_logprob\": -0.2279231697320938, \"compression_ratio\": 1.7380074262619019, \"no_speech_prob\": 0.44164329767227173}, {\"id\": 165, \"seek\": 52100, \"start\": 521.0, \"end\": 524.8800048828125, \"text\": \" So understanding the differences between our brains and how they're constructed can\", \"tokens\": [50364, 407, 3701, 264, 7300, 1296, 527, 15442, 293, 577, 436, 434, 17083, 393, 50558], \"temperature\": 0.0, \"avg_logprob\": -0.2212807685136795, \"compression_ratio\": 1.7171052694320679, \"no_speech_prob\": 0.4570881128311157}, {\"id\": 166, \"seek\": 52100, \"start\": 524.8800048828125, \"end\": 528.0800170898438, \"text\": \" help us process those things a lot better.\", \"tokens\": [50558, 854, 505, 1399, 729, 721, 257, 688, 1101, 13, 50718], \"temperature\": 0.0, \"avg_logprob\": -0.2212807685136795, \"compression_ratio\": 1.7171052694320679, \"no_speech_prob\": 0.4570881128311157}, {\"id\": 167, \"seek\": 52100, \"start\": 528.0800170898438, \"end\": 531.239990234375, \"text\": \" So we don't have to misunderstand each other and fight with each other about things like\", \"tokens\": [50718, 407, 321, 500, 380, 362, 281, 35736, 1184, 661, 293, 2092, 365, 1184, 661, 466, 721, 411, 50876], \"temperature\": 0.0, \"avg_logprob\": -0.2212807685136795, \"compression_ratio\": 1.7171052694320679, \"no_speech_prob\": 0.4570881128311157}, {\"id\": 168, \"seek\": 52100, \"start\": 531.239990234375, \"end\": 532.239990234375, \"text\": \" that.\", \"tokens\": [50876, 300, 13, 50926], \"temperature\": 0.0, \"avg_logprob\": -0.2212807685136795, \"compression_ratio\": 1.7171052694320679, \"no_speech_prob\": 0.4570881128311157}, {\"id\": 169, \"seek\": 52100, \"start\": 532.239990234375, \"end\": 536.3200073242188, \"text\": \" Like when a guy gets caught looking, it's really, it doesn't mean I don't like you and\", \"tokens\": [50926, 1743, 562, 257, 2146, 2170, 5415, 1237, 11, 309, 311, 534, 11, 309, 1177, 380, 914, 286, 500, 380, 411, 291, 293, 51130], \"temperature\": 0.0, \"avg_logprob\": -0.2212807685136795, \"compression_ratio\": 1.7171052694320679, \"no_speech_prob\": 0.4570881128311157}, {\"id\": 170, \"seek\": 52100, \"start\": 536.3200073242188, \"end\": 537.3200073242188, \"text\": \" I like her.\", \"tokens\": [51130, 286, 411, 720, 13, 51180], \"temperature\": 0.0, \"avg_logprob\": -0.2212807685136795, \"compression_ratio\": 1.7171052694320679, \"no_speech_prob\": 0.4570881128311157}, {\"id\": 171, \"seek\": 52100, \"start\": 537.3200073242188, \"end\": 541.52001953125, \"text\": \" It just means I was not paying attention for a moment and I looked at something nice and\", \"tokens\": [51180, 467, 445, 1355, 286, 390, 406, 6229, 3202, 337, 257, 1623, 293, 286, 2956, 412, 746, 1481, 293, 51390], \"temperature\": 0.0, \"avg_logprob\": -0.2212807685136795, \"compression_ratio\": 1.7171052694320679, \"no_speech_prob\": 0.4570881128311157}, {\"id\": 172, \"seek\": 52100, \"start\": 541.52001953125, \"end\": 542.52001953125, \"text\": \" I can't.\", \"tokens\": [51390, 286, 393, 380, 13, 51440], \"temperature\": 0.0, \"avg_logprob\": -0.2212807685136795, \"compression_ratio\": 1.7171052694320679, \"no_speech_prob\": 0.4570881128311157}, {\"id\": 173, \"seek\": 52100, \"start\": 542.52001953125, \"end\": 543.52001953125, \"text\": \" Yeah.\", \"tokens\": [51440, 865, 13, 51490], \"temperature\": 0.0, \"avg_logprob\": -0.2212807685136795, \"compression_ratio\": 1.7171052694320679, \"no_speech_prob\": 0.4570881128311157}, {\"id\": 174, \"seek\": 52100, \"start\": 543.52001953125, \"end\": 544.52001953125, \"text\": \" So sorry.\", \"tokens\": [51490, 407, 2597, 13, 51540], \"temperature\": 0.0, \"avg_logprob\": -0.2212807685136795, \"compression_ratio\": 1.7171052694320679, \"no_speech_prob\": 0.4570881128311157}, {\"id\": 175, \"seek\": 52100, \"start\": 544.52001953125, \"end\": 546.7999877929688, \"text\": \" It's funny because caveat back to something we were talking about before, this might be\", \"tokens\": [51540, 467, 311, 4074, 570, 43012, 646, 281, 746, 321, 645, 1417, 466, 949, 11, 341, 1062, 312, 51654], \"temperature\": 0.0, \"avg_logprob\": -0.2212807685136795, \"compression_ratio\": 1.7171052694320679, \"no_speech_prob\": 0.4570881128311157}, {\"id\": 176, \"seek\": 54680, \"start\": 546.7999877929688, \"end\": 551.47998046875, \"text\": \" the reason why the lesbian divorce rate is so much higher than the homosexual male divorce\", \"tokens\": [50364, 264, 1778, 983, 264, 30253, 16052, 3314, 307, 370, 709, 2946, 813, 264, 30490, 7133, 16052, 50598], \"temperature\": 0.0, \"avg_logprob\": -0.29619309306144714, \"compression_ratio\": 1.8066914081573486, \"no_speech_prob\": 0.6294527053833008}, {\"id\": 177, \"seek\": 54680, \"start\": 551.47998046875, \"end\": 556.239990234375, \"text\": \" rate is because of what you said before, the men understood like a man cheats, but the\", \"tokens\": [50598, 3314, 307, 570, 295, 437, 291, 848, 949, 11, 264, 1706, 7320, 411, 257, 587, 947, 1720, 11, 457, 264, 50836], \"temperature\": 0.0, \"avg_logprob\": -0.29619309306144714, \"compression_ratio\": 1.8066914081573486, \"no_speech_prob\": 0.6294527053833008}, {\"id\": 178, \"seek\": 54680, \"start\": 556.239990234375, \"end\": 557.239990234375, \"text\": \" other man is aware.\", \"tokens\": [50836, 661, 587, 307, 3650, 13, 50886], \"temperature\": 0.0, \"avg_logprob\": -0.29619309306144714, \"compression_ratio\": 1.8066914081573486, \"no_speech_prob\": 0.6294527053833008}, {\"id\": 179, \"seek\": 54680, \"start\": 557.239990234375, \"end\": 561.760009765625, \"text\": \" It's like, oh, but I am aware that I can have sex and separate that from feelings.\", \"tokens\": [50886, 467, 311, 411, 11, 1954, 11, 457, 286, 669, 3650, 300, 286, 393, 362, 3260, 293, 4994, 300, 490, 6640, 13, 51112], \"temperature\": 0.0, \"avg_logprob\": -0.29619309306144714, \"compression_ratio\": 1.8066914081573486, \"no_speech_prob\": 0.6294527053833008}, {\"id\": 180, \"seek\": 54680, \"start\": 561.760009765625, \"end\": 563.6799926757812, \"text\": \" Whereas women can't do that.\", \"tokens\": [51112, 13813, 2266, 393, 380, 360, 300, 13, 51208], \"temperature\": 0.0, \"avg_logprob\": -0.29619309306144714, \"compression_ratio\": 1.8066914081573486, \"no_speech_prob\": 0.6294527053833008}, {\"id\": 181, \"seek\": 54680, \"start\": 563.6799926757812, \"end\": 565.1199951171875, \"text\": \" They don't do it as easily.\", \"tokens\": [51208, 814, 500, 380, 360, 309, 382, 3612, 13, 51280], \"temperature\": 0.0, \"avg_logprob\": -0.29619309306144714, \"compression_ratio\": 1.8066914081573486, \"no_speech_prob\": 0.6294527053833008}, {\"id\": 182, \"seek\": 54680, \"start\": 565.1199951171875, \"end\": 568.2000122070312, \"text\": \" And so I think the understanding that these two men, because there's still men, even if\", \"tokens\": [51280, 400, 370, 286, 519, 264, 3701, 300, 613, 732, 1706, 11, 570, 456, 311, 920, 1706, 11, 754, 498, 51434], \"temperature\": 0.0, \"avg_logprob\": -0.29619309306144714, \"compression_ratio\": 1.8066914081573486, \"no_speech_prob\": 0.6294527053833008}, {\"id\": 183, \"seek\": 54680, \"start\": 568.2000122070312, \"end\": 570.0, \"text\": \" they're gay, there's still men, they're still going to have.\", \"tokens\": [51434, 436, 434, 9049, 11, 456, 311, 920, 1706, 11, 436, 434, 920, 516, 281, 362, 13, 51524], \"temperature\": 0.0, \"avg_logprob\": -0.29619309306144714, \"compression_ratio\": 1.8066914081573486, \"no_speech_prob\": 0.6294527053833008}]}"}