{"title": "Do you guys care about your partner's body count?", "video_id": "BNM1l-njhhI", "video_url": "https://www.youtube.com/watch?v=BNM1l-njhhI", "description": "Watch The Full Thing Here : \n\n\u2014\u2014\u2014\u2014\u2014\u2014\u2014\u2014\u2014\u2014\u2014\u2014\u2014\u2014\u2014\u2014\u2014\u2014\u2014\u2014\nFREE: Meet signed models and attend VIP-only events in 7 days:\nhttps://m.moamentoring.com/podcast\n\nFREE: Join the Men of Action community and get access to Michael and the Men of Action team:\nhttps://m.moamentoring.com/moa-community\n\nFREE: Get instant access to the exclusive High-Status Networking course:\nhttps://m.moamentoring.com/high-status-mini-course-yt\n\nWant to make $5k-$20k/mo working from home? Apply for the sales team here:\nhttps://m.moamentoring.com/remote-sales-yt\n\nMen of Action has an affiliate program! Post pre-made content and get paid passively:\nhttps://m.moamentoring.com/affiliate-yt\n\nMichael's Men of Action is a one-on-one Master's program that teaches men how to create elite social lives by becoming higher status.\n\n\u2014\u2014\u2014\u2014\u2014\u2014\u2014\u2014\u2014\u2014\u2014\u2014\u2014\u2014\u2014\u2014\u2014\u2014\u2014\u2014\nSubscribe on Youtube: \nhttps://www.youtube.com/user/MichaelSartain\n\nListen on Apple Podcast: \nhttps://podcasts.apple.com/us/podcast/the-michael-sartain-podcast/id1579791157\n\nListen on Spotify: \nhttps://open.spotify.com/show/2faAYwvDD9Bvkpwv6umlPO?si=8Q3ak9HnSlKjuChsTXr6YQ&dl_branch=1\n\n#michael #michaelsartain #michael_sartain #michael_sartain_podcast", "published_at": "2024-01-11T20:00:06Z", "channel_id": "UC0T1bDzajVefRWx4uKdGyuw", "channel_title": "Michael Sartain", "tags": ["Michael", "Michael Sartain", "Michael Sartain Podcast", "Michael Podcast", "MOA", "Men Of Action", "Michael Sartain Course", "Michael Sartain With Hot Women", "Playboy", "Swimsuit", "Swimsuit Competition", "ichael sartain social circle", "social circle", "how to netowrk", "moa", "moa podcast", "gender wage gap", "gender wage gap myth", "wage gap", "social value", "michael sartain course", "looks money status", "social circle mentorship", "michael sartain social circle game", "men of action podcast", "men of action course"], "category_id": "24", "live_broadcast_content": "none", "duration": 33.0, "dimension": "2d", "definition": "hd", "caption": "false", "view_count": 11012, "like_count": 250, "comment_count": 19, "channel_info": {"title": "Michael Sartain", "description": "\ud83c\udf99Host of The\u00a0Michael Sartain Podcast \n\n\ud83d\udd25Teaching you how to build a network of desirable women and high-status men\n\n\ud83d\udc47 Click the \"Men of Action\" link below now to forge a high-status lifestyle and join the elites \n", "subscriber_count": "80500", "total_views": "29545897", "total_videos": "1481"}, "comments": [], "file_path": "/Users/aelaguiz/workspace/fc_book/audio/raws/BNM1l-njhhI.mp3", "transcription": "{\"text\": \"There is a double standard, and I am aware that there's a double standard, where is if Mickey were to sleep with 500 women and you were to sleep with X amount of men, you are judged completely differently than he is. Absolutely. You understand that? Yeah. If he were to sleep with 500 and you were a girl and you were interested in him, would you care? Not the way a guy would care. And would you care if you had a long-term female partner, would you care about how many partners she had? Yeah, yeah, I care. You would care. And what's a number for you, just out of curiosity? Since middle school, I've never asked a girl. I stopped asking a girl her body count before the term body count was what was used. For sure, yeah. I don't think about it. I don't have a number. \", \"segments\": [{\"id\": 0, \"seek\": 0, \"start\": 0.0, \"end\": 3.359999895095825, \"text\": \" There is a double standard, and I am aware that there's a double standard,\", \"tokens\": [50364, 821, 307, 257, 3834, 3832, 11, 293, 286, 669, 3650, 300, 456, 311, 257, 3834, 3832, 11, 50532], \"temperature\": 0.0, \"avg_logprob\": -0.21879424154758453, \"compression_ratio\": 1.9279999732971191, \"no_speech_prob\": 0.1892215460538864}, {\"id\": 1, \"seek\": 0, \"start\": 3.359999895095825, \"end\": 7.840000152587891, \"text\": \" where is if Mickey were to sleep with 500 women and you were to sleep with X amount of men,\", \"tokens\": [50532, 689, 307, 498, 24714, 645, 281, 2817, 365, 5923, 2266, 293, 291, 645, 281, 2817, 365, 1783, 2372, 295, 1706, 11, 50756], \"temperature\": 0.0, \"avg_logprob\": -0.21879424154758453, \"compression_ratio\": 1.9279999732971191, \"no_speech_prob\": 0.1892215460538864}, {\"id\": 2, \"seek\": 0, \"start\": 7.840000152587891, \"end\": 10.0, \"text\": \" you are judged completely differently than he is.\", \"tokens\": [50756, 291, 366, 27485, 2584, 7614, 813, 415, 307, 13, 50864], \"temperature\": 0.0, \"avg_logprob\": -0.21879424154758453, \"compression_ratio\": 1.9279999732971191, \"no_speech_prob\": 0.1892215460538864}, {\"id\": 3, \"seek\": 0, \"start\": 10.0, \"end\": 10.479999542236328, \"text\": \" Absolutely.\", \"tokens\": [50864, 7021, 13, 50888], \"temperature\": 0.0, \"avg_logprob\": -0.21879424154758453, \"compression_ratio\": 1.9279999732971191, \"no_speech_prob\": 0.1892215460538864}, {\"id\": 4, \"seek\": 0, \"start\": 10.479999542236328, \"end\": 11.039999961853027, \"text\": \" You understand that?\", \"tokens\": [50888, 509, 1223, 300, 30, 50916], \"temperature\": 0.0, \"avg_logprob\": -0.21879424154758453, \"compression_ratio\": 1.9279999732971191, \"no_speech_prob\": 0.1892215460538864}, {\"id\": 5, \"seek\": 0, \"start\": 11.039999961853027, \"end\": 11.359999656677246, \"text\": \" Yeah.\", \"tokens\": [50916, 865, 13, 50932], \"temperature\": 0.0, \"avg_logprob\": -0.21879424154758453, \"compression_ratio\": 1.9279999732971191, \"no_speech_prob\": 0.1892215460538864}, {\"id\": 6, \"seek\": 0, \"start\": 11.359999656677246, \"end\": 14.880000114440918, \"text\": \" If he were to sleep with 500 and you were a girl and you were interested in him, would you care?\", \"tokens\": [50932, 759, 415, 645, 281, 2817, 365, 5923, 293, 291, 645, 257, 2013, 293, 291, 645, 3102, 294, 796, 11, 576, 291, 1127, 30, 51108], \"temperature\": 0.0, \"avg_logprob\": -0.21879424154758453, \"compression_ratio\": 1.9279999732971191, \"no_speech_prob\": 0.1892215460538864}, {\"id\": 7, \"seek\": 0, \"start\": 14.880000114440918, \"end\": 16.0, \"text\": \" Not the way a guy would care.\", \"tokens\": [51108, 1726, 264, 636, 257, 2146, 576, 1127, 13, 51164], \"temperature\": 0.0, \"avg_logprob\": -0.21879424154758453, \"compression_ratio\": 1.9279999732971191, \"no_speech_prob\": 0.1892215460538864}, {\"id\": 8, \"seek\": 0, \"start\": 16.0, \"end\": 18.719999313354492, \"text\": \" And would you care if you had a long-term female partner,\", \"tokens\": [51164, 400, 576, 291, 1127, 498, 291, 632, 257, 938, 12, 7039, 6556, 4975, 11, 51300], \"temperature\": 0.0, \"avg_logprob\": -0.21879424154758453, \"compression_ratio\": 1.9279999732971191, \"no_speech_prob\": 0.1892215460538864}, {\"id\": 9, \"seek\": 0, \"start\": 18.719999313354492, \"end\": 20.079999923706055, \"text\": \" would you care about how many partners she had?\", \"tokens\": [51300, 576, 291, 1127, 466, 577, 867, 4462, 750, 632, 30, 51368], \"temperature\": 0.0, \"avg_logprob\": -0.21879424154758453, \"compression_ratio\": 1.9279999732971191, \"no_speech_prob\": 0.1892215460538864}, {\"id\": 10, \"seek\": 0, \"start\": 20.079999923706055, \"end\": 20.799999237060547, \"text\": \" Yeah, yeah, I care.\", \"tokens\": [51368, 865, 11, 1338, 11, 286, 1127, 13, 51404], \"temperature\": 0.0, \"avg_logprob\": -0.21879424154758453, \"compression_ratio\": 1.9279999732971191, \"no_speech_prob\": 0.1892215460538864}, {\"id\": 11, \"seek\": 0, \"start\": 20.799999237060547, \"end\": 21.360000610351562, \"text\": \" You would care.\", \"tokens\": [51404, 509, 576, 1127, 13, 51432], \"temperature\": 0.0, \"avg_logprob\": -0.21879424154758453, \"compression_ratio\": 1.9279999732971191, \"no_speech_prob\": 0.1892215460538864}, {\"id\": 12, \"seek\": 0, \"start\": 21.360000610351562, \"end\": 22.959999084472656, \"text\": \" And what's a number for you, just out of curiosity?\", \"tokens\": [51432, 400, 437, 311, 257, 1230, 337, 291, 11, 445, 484, 295, 18769, 30, 51512], \"temperature\": 0.0, \"avg_logprob\": -0.21879424154758453, \"compression_ratio\": 1.9279999732971191, \"no_speech_prob\": 0.1892215460538864}, {\"id\": 13, \"seek\": 0, \"start\": 22.959999084472656, \"end\": 24.719999313354492, \"text\": \" Since middle school, I've never asked a girl.\", \"tokens\": [51512, 4162, 2808, 1395, 11, 286, 600, 1128, 2351, 257, 2013, 13, 51600], \"temperature\": 0.0, \"avg_logprob\": -0.21879424154758453, \"compression_ratio\": 1.9279999732971191, \"no_speech_prob\": 0.1892215460538864}, {\"id\": 14, \"seek\": 0, \"start\": 24.719999313354492, \"end\": 28.479999542236328, \"text\": \" I stopped asking a girl her body count before the term body count was what was used.\", \"tokens\": [51600, 286, 5936, 3365, 257, 2013, 720, 1772, 1207, 949, 264, 1433, 1772, 1207, 390, 437, 390, 1143, 13, 51788], \"temperature\": 0.0, \"avg_logprob\": -0.21879424154758453, \"compression_ratio\": 1.9279999732971191, \"no_speech_prob\": 0.1892215460538864}, {\"id\": 15, \"seek\": 0, \"start\": 28.479999542236328, \"end\": 29.040000915527344, \"text\": \" For sure, yeah.\", \"tokens\": [51788, 1171, 988, 11, 1338, 13, 51816], \"temperature\": 0.0, \"avg_logprob\": -0.21879424154758453, \"compression_ratio\": 1.9279999732971191, \"no_speech_prob\": 0.1892215460538864}, {\"id\": 16, \"seek\": 2904, \"start\": 29.040000915527344, \"end\": 30.799999237060547, \"text\": \" I don't think about it. I don't have a number.\", \"tokens\": [50364, 286, 500, 380, 519, 466, 309, 13, 286, 500, 380, 362, 257, 1230, 13, 50452], \"temperature\": 0.0, \"avg_logprob\": -0.25741225481033325, \"compression_ratio\": 0.9387755393981934, \"no_speech_prob\": 0.8960726857185364}]}"}