{"title": "Would you f*ck a fat chick?\ufffc @JackDenmo", "video_id": "buslemXAtJY", "video_url": "https://www.youtube.com/watch?v=buslemXAtJY", "description": "For more info go to:\nhttps://m.moamentoring.com/podcast\n\nBecome an affiliate for MOA Mentoring: https://www.moamentoring.com/earn", "published_at": "2022-08-27T01:34:55Z", "channel_id": "UC0T1bDzajVefRWx4uKdGyuw", "channel_title": "Michael Sartain", "tags": [], "category_id": "24", "live_broadcast_content": "none", "duration": 61.0, "dimension": "2d", "definition": "hd", "caption": "false", "view_count": 119735, "like_count": 7004, "comment_count": 160, "channel_info": {"title": "Michael Sartain", "description": "\ud83c\udf99Host of The\u00a0Michael Sartain Podcast \n\n\ud83d\udd25Teaching you how to build a network of desirable women and high-status men\n\n\ud83d\udc47 Click the \"Men of Action\" link below now to forge a high-status lifestyle and join the elites \n", "subscriber_count": "80500", "total_views": "29545897", "total_videos": "1481"}, "comments": [], "file_path": "/Users/aelaguiz/workspace/fc_book/audio/raws/buslemXAtJY.mp3", "transcription": "{\"text\": \"I also did this video, would you be a fat chick? And you know, I asked guys, you know, the savage ass video, right? All these guys were, you know, they're being honest. A lot of them were like, yeah, I would, you know, if nobody knew or whatever. And then I was getting all this hate in the comment section, like that's mean, you know, fat women, whatever, it's a disease. So then I did a video, does height matter? And I asked women, okay, you know, what about a guy's height? And they were saying horrendous about short men, right? And then all of a sudden, all the women that were mad about the fat chicks video, dead silent, crickets, right? And the thing is you can choose your weight, right? If you're significantly heavier than others, it's gonna be a lot more work, but you can change it. You're like, if you're a savage, if you dedicate yourself to it, if you have a proper nutritionist, exercise diet, you can change everything. Height, the only way to get taller is if you break your legs and spend like $100,000 getting your like shinbone extended. I think then you can grow a couple inches. So it's not even the same ballpark. One is something you're predispositioned with. The other is something you can actually. \", \"segments\": [{\"id\": 0, \"seek\": 0, \"start\": 0.0, \"end\": 3.1600000858306885, \"text\": \" I also did this video, would you be a fat chick?\", \"tokens\": [50364, 286, 611, 630, 341, 960, 11, 576, 291, 312, 257, 4046, 14371, 30, 50522], \"temperature\": 0.0, \"avg_logprob\": -0.2545168995857239, \"compression_ratio\": 1.9697986841201782, \"no_speech_prob\": 0.024783000349998474}, {\"id\": 1, \"seek\": 0, \"start\": 3.1600000858306885, \"end\": 5.0, \"text\": \" And you know, I asked guys, you know,\", \"tokens\": [50522, 400, 291, 458, 11, 286, 2351, 1074, 11, 291, 458, 11, 50614], \"temperature\": 0.0, \"avg_logprob\": -0.2545168995857239, \"compression_ratio\": 1.9697986841201782, \"no_speech_prob\": 0.024783000349998474}, {\"id\": 2, \"seek\": 0, \"start\": 5.0, \"end\": 6.28000020980835, \"text\": \" the savage ass video, right?\", \"tokens\": [50614, 264, 42512, 1256, 960, 11, 558, 30, 50678], \"temperature\": 0.0, \"avg_logprob\": -0.2545168995857239, \"compression_ratio\": 1.9697986841201782, \"no_speech_prob\": 0.024783000349998474}, {\"id\": 3, \"seek\": 0, \"start\": 6.28000020980835, \"end\": 8.680000305175781, \"text\": \" All these guys were, you know, they're being honest.\", \"tokens\": [50678, 1057, 613, 1074, 645, 11, 291, 458, 11, 436, 434, 885, 3245, 13, 50798], \"temperature\": 0.0, \"avg_logprob\": -0.2545168995857239, \"compression_ratio\": 1.9697986841201782, \"no_speech_prob\": 0.024783000349998474}, {\"id\": 4, \"seek\": 0, \"start\": 8.680000305175781, \"end\": 9.920000076293945, \"text\": \" A lot of them were like, yeah, I would, you know,\", \"tokens\": [50798, 316, 688, 295, 552, 645, 411, 11, 1338, 11, 286, 576, 11, 291, 458, 11, 50860], \"temperature\": 0.0, \"avg_logprob\": -0.2545168995857239, \"compression_ratio\": 1.9697986841201782, \"no_speech_prob\": 0.024783000349998474}, {\"id\": 5, \"seek\": 0, \"start\": 9.920000076293945, \"end\": 11.380000114440918, \"text\": \" if nobody knew or whatever.\", \"tokens\": [50860, 498, 5079, 2586, 420, 2035, 13, 50933], \"temperature\": 0.0, \"avg_logprob\": -0.2545168995857239, \"compression_ratio\": 1.9697986841201782, \"no_speech_prob\": 0.024783000349998474}, {\"id\": 6, \"seek\": 0, \"start\": 11.380000114440918, \"end\": 14.279999732971191, \"text\": \" And then I was getting all this hate in the comment section,\", \"tokens\": [50933, 400, 550, 286, 390, 1242, 439, 341, 4700, 294, 264, 2871, 3541, 11, 51078], \"temperature\": 0.0, \"avg_logprob\": -0.2545168995857239, \"compression_ratio\": 1.9697986841201782, \"no_speech_prob\": 0.024783000349998474}, {\"id\": 7, \"seek\": 0, \"start\": 14.279999732971191, \"end\": 16.8799991607666, \"text\": \" like that's mean, you know, fat women, whatever,\", \"tokens\": [51078, 411, 300, 311, 914, 11, 291, 458, 11, 4046, 2266, 11, 2035, 11, 51208], \"temperature\": 0.0, \"avg_logprob\": -0.2545168995857239, \"compression_ratio\": 1.9697986841201782, \"no_speech_prob\": 0.024783000349998474}, {\"id\": 8, \"seek\": 0, \"start\": 16.8799991607666, \"end\": 18.31999969482422, \"text\": \" it's a disease.\", \"tokens\": [51208, 309, 311, 257, 4752, 13, 51280], \"temperature\": 0.0, \"avg_logprob\": -0.2545168995857239, \"compression_ratio\": 1.9697986841201782, \"no_speech_prob\": 0.024783000349998474}, {\"id\": 9, \"seek\": 0, \"start\": 18.31999969482422, \"end\": 20.239999771118164, \"text\": \" So then I did a video, does height matter?\", \"tokens\": [51280, 407, 550, 286, 630, 257, 960, 11, 775, 6681, 1871, 30, 51376], \"temperature\": 0.0, \"avg_logprob\": -0.2545168995857239, \"compression_ratio\": 1.9697986841201782, \"no_speech_prob\": 0.024783000349998474}, {\"id\": 10, \"seek\": 0, \"start\": 20.239999771118164, \"end\": 21.719999313354492, \"text\": \" And I asked women, okay, you know,\", \"tokens\": [51376, 400, 286, 2351, 2266, 11, 1392, 11, 291, 458, 11, 51450], \"temperature\": 0.0, \"avg_logprob\": -0.2545168995857239, \"compression_ratio\": 1.9697986841201782, \"no_speech_prob\": 0.024783000349998474}, {\"id\": 11, \"seek\": 0, \"start\": 21.719999313354492, \"end\": 22.84000015258789, \"text\": \" what about a guy's height?\", \"tokens\": [51450, 437, 466, 257, 2146, 311, 6681, 30, 51506], \"temperature\": 0.0, \"avg_logprob\": -0.2545168995857239, \"compression_ratio\": 1.9697986841201782, \"no_speech_prob\": 0.024783000349998474}, {\"id\": 12, \"seek\": 0, \"start\": 22.84000015258789, \"end\": 25.600000381469727, \"text\": \" And they were saying horrendous about short men, right?\", \"tokens\": [51506, 400, 436, 645, 1566, 49520, 563, 466, 2099, 1706, 11, 558, 30, 51644], \"temperature\": 0.0, \"avg_logprob\": -0.2545168995857239, \"compression_ratio\": 1.9697986841201782, \"no_speech_prob\": 0.024783000349998474}, {\"id\": 13, \"seek\": 0, \"start\": 25.600000381469727, \"end\": 27.440000534057617, \"text\": \" And then all of a sudden, all the women that were mad\", \"tokens\": [51644, 400, 550, 439, 295, 257, 3990, 11, 439, 264, 2266, 300, 645, 5244, 51736], \"temperature\": 0.0, \"avg_logprob\": -0.2545168995857239, \"compression_ratio\": 1.9697986841201782, \"no_speech_prob\": 0.024783000349998474}, {\"id\": 14, \"seek\": 2744, \"start\": 27.440000534057617, \"end\": 31.0, \"text\": \" about the fat chicks video, dead silent, crickets, right?\", \"tokens\": [50364, 466, 264, 4046, 42214, 960, 11, 3116, 12784, 11, 941, 38748, 11, 558, 30, 50542], \"temperature\": 0.0, \"avg_logprob\": -0.20970860123634338, \"compression_ratio\": 1.7272727489471436, \"no_speech_prob\": 0.04958316311240196}, {\"id\": 15, \"seek\": 2744, \"start\": 31.0, \"end\": 33.68000030517578, \"text\": \" And the thing is you can choose your weight, right?\", \"tokens\": [50542, 400, 264, 551, 307, 291, 393, 2826, 428, 3364, 11, 558, 30, 50676], \"temperature\": 0.0, \"avg_logprob\": -0.20970860123634338, \"compression_ratio\": 1.7272727489471436, \"no_speech_prob\": 0.04958316311240196}, {\"id\": 16, \"seek\": 2744, \"start\": 33.68000030517578, \"end\": 36.2400016784668, \"text\": \" If you're significantly heavier than others,\", \"tokens\": [50676, 759, 291, 434, 10591, 18279, 813, 2357, 11, 50804], \"temperature\": 0.0, \"avg_logprob\": -0.20970860123634338, \"compression_ratio\": 1.7272727489471436, \"no_speech_prob\": 0.04958316311240196}, {\"id\": 17, \"seek\": 2744, \"start\": 36.2400016784668, \"end\": 38.7599983215332, \"text\": \" it's gonna be a lot more work, but you can change it.\", \"tokens\": [50804, 309, 311, 799, 312, 257, 688, 544, 589, 11, 457, 291, 393, 1319, 309, 13, 50930], \"temperature\": 0.0, \"avg_logprob\": -0.20970860123634338, \"compression_ratio\": 1.7272727489471436, \"no_speech_prob\": 0.04958316311240196}, {\"id\": 18, \"seek\": 2744, \"start\": 38.7599983215332, \"end\": 39.91999816894531, \"text\": \" You're like, if you're a savage,\", \"tokens\": [50930, 509, 434, 411, 11, 498, 291, 434, 257, 42512, 11, 50988], \"temperature\": 0.0, \"avg_logprob\": -0.20970860123634338, \"compression_ratio\": 1.7272727489471436, \"no_speech_prob\": 0.04958316311240196}, {\"id\": 19, \"seek\": 2744, \"start\": 39.91999816894531, \"end\": 41.31999969482422, \"text\": \" if you dedicate yourself to it,\", \"tokens\": [50988, 498, 291, 30718, 1803, 281, 309, 11, 51058], \"temperature\": 0.0, \"avg_logprob\": -0.20970860123634338, \"compression_ratio\": 1.7272727489471436, \"no_speech_prob\": 0.04958316311240196}, {\"id\": 20, \"seek\": 2744, \"start\": 41.31999969482422, \"end\": 43.900001525878906, \"text\": \" if you have a proper nutritionist, exercise diet,\", \"tokens\": [51058, 498, 291, 362, 257, 2296, 14718, 468, 11, 5380, 6339, 11, 51187], \"temperature\": 0.0, \"avg_logprob\": -0.20970860123634338, \"compression_ratio\": 1.7272727489471436, \"no_speech_prob\": 0.04958316311240196}, {\"id\": 21, \"seek\": 2744, \"start\": 43.900001525878906, \"end\": 45.0, \"text\": \" you can change everything.\", \"tokens\": [51187, 291, 393, 1319, 1203, 13, 51242], \"temperature\": 0.0, \"avg_logprob\": -0.20970860123634338, \"compression_ratio\": 1.7272727489471436, \"no_speech_prob\": 0.04958316311240196}, {\"id\": 22, \"seek\": 2744, \"start\": 45.0, \"end\": 48.720001220703125, \"text\": \" Height, the only way to get taller is if you break your legs\", \"tokens\": [51242, 634, 397, 11, 264, 787, 636, 281, 483, 22406, 307, 498, 291, 1821, 428, 5668, 51428], \"temperature\": 0.0, \"avg_logprob\": -0.20970860123634338, \"compression_ratio\": 1.7272727489471436, \"no_speech_prob\": 0.04958316311240196}, {\"id\": 23, \"seek\": 2744, \"start\": 48.720001220703125, \"end\": 52.400001525878906, \"text\": \" and spend like $100,000 getting your like shinbone extended.\", \"tokens\": [51428, 293, 3496, 411, 1848, 6879, 11, 1360, 1242, 428, 411, 37124, 19782, 10913, 13, 51612], \"temperature\": 0.0, \"avg_logprob\": -0.20970860123634338, \"compression_ratio\": 1.7272727489471436, \"no_speech_prob\": 0.04958316311240196}, {\"id\": 24, \"seek\": 2744, \"start\": 52.400001525878906, \"end\": 54.47999954223633, \"text\": \" I think then you can grow a couple inches.\", \"tokens\": [51612, 286, 519, 550, 291, 393, 1852, 257, 1916, 8478, 13, 51716], \"temperature\": 0.0, \"avg_logprob\": -0.20970860123634338, \"compression_ratio\": 1.7272727489471436, \"no_speech_prob\": 0.04958316311240196}, {\"id\": 25, \"seek\": 2744, \"start\": 54.47999954223633, \"end\": 56.599998474121094, \"text\": \" So it's not even the same ballpark.\", \"tokens\": [51716, 407, 309, 311, 406, 754, 264, 912, 2594, 31239, 13, 51822], \"temperature\": 0.0, \"avg_logprob\": -0.20970860123634338, \"compression_ratio\": 1.7272727489471436, \"no_speech_prob\": 0.04958316311240196}, {\"id\": 26, \"seek\": 5660, \"start\": 56.599998474121094, \"end\": 58.959999084472656, \"text\": \" One is something you're predispositioned with.\", \"tokens\": [50364, 1485, 307, 746, 291, 434, 3852, 7631, 5830, 292, 365, 13, 50482], \"temperature\": 0.0, \"avg_logprob\": -0.42012718319892883, \"compression_ratio\": 1.144736886024475, \"no_speech_prob\": 0.9379539489746094}, {\"id\": 27, \"seek\": 5660, \"start\": 58.959999084472656, \"end\": 60.959999084472656, \"text\": \" The other is something you can actually.\", \"tokens\": [50482, 440, 661, 307, 746, 291, 393, 767, 13, 50582], \"temperature\": 0.0, \"avg_logprob\": -0.42012718319892883, \"compression_ratio\": 1.144736886024475, \"no_speech_prob\": 0.9379539489746094}]}"}