{"title": "Is Masculinity Toxic?", "video_id": "BXlBjch5_pA", "video_url": "https://www.youtube.com/watch?v=BXlBjch5_pA", "description": "Watch The Full Thing Here : \n\n\u2014\u2014\u2014\u2014\u2014\u2014\u2014\u2014\u2014\u2014\u2014\u2014\u2014\u2014\u2014\u2014\u2014\u2014\u2014\u2014\nFREE: Meet signed models and attend VIP-only events in 7 days:\nhttps://m.moamentoring.com/podcast\n\nFREE: Join the Men of Action community and get access to Michael and the Men of Action team:\nhttps://m.moamentoring.com/moa-community\n\nFREE: Get instant access to the exclusive High-Status Networking course:\nhttps://m.moamentoring.com/high-status-mini-course-yt\n\nWant to make $5k-$20k/mo working from home? Apply for the sales team here:\nhttps://m.moamentoring.com/remote-sales-yt\n\nMen of Action has an affiliate program! Post pre-made content and get paid passively:\nhttps://m.moamentoring.com/affiliate-yt\n\nMichael's Men of Action is a one-on-one Master's program that teaches men how to create elite social lives by becoming higher status.\n\n\u2014\u2014\u2014\u2014\u2014\u2014\u2014\u2014\u2014\u2014\u2014\u2014\u2014\u2014\u2014\u2014\u2014\u2014\u2014\u2014\nSubscribe on Youtube: \nhttps://www.youtube.com/user/MichaelSartain\n\nListen on Apple Podcast: \nhttps://podcasts.apple.com/us/podcast/the-michael-sartain-podcast/id1579791157\n\nListen on Spotify: \nhttps://open.spotify.com/show/2faAYwvDD9Bvkpwv6umlPO?si=8Q3ak9HnSlKjuChsTXr6YQ&dl_branch=1\n\n#michael #michaelsartain #michael_sartain #michael_sartain_podcast", "published_at": "2024-01-11T02:00:09Z", "channel_id": "UC0T1bDzajVefRWx4uKdGyuw", "channel_title": "Michael Sartain", "tags": ["Michael", "Michael Sartain", "Michael Sartain Podcast", "Michael Podcast", "MOA", "Men Of Action", "Michael Sartain Course", "Michael Sartain With Hot Women", "Playboy", "Swimsuit", "Swimsuit Competition", "ichael sartain social circle", "social circle", "how to netowrk", "moa", "moa podcast", "gender wage gap", "gender wage gap myth", "wage gap", "social value", "michael sartain course", "looks money status", "social circle mentorship", "michael sartain social circle game", "men of action podcast", "men of action course"], "category_id": "24", "live_broadcast_content": "none", "duration": 58.0, "dimension": "2d", "definition": "hd", "caption": "false", "view_count": 5401, "like_count": 220, "comment_count": 8, "channel_info": {"title": "Michael Sartain", "description": "\ud83c\udf99Host of The\u00a0Michael Sartain Podcast \n\n\ud83d\udd25Teaching you how to build a network of desirable women and high-status men\n\n\ud83d\udc47 Click the \"Men of Action\" link below now to forge a high-status lifestyle and join the elites \n", "subscriber_count": "80500", "total_views": "29545897", "total_videos": "1481"}, "comments": [], "file_path": "/Users/aelaguiz/workspace/fc_book/audio/raws/BXlBjch5_pA.mp3", "transcription": "{\"text\": \"Is there a good masculinity or is it just straight to toxic? The problem is masculinity has been used for several things. It was used in the 1980s. I believe there was some shows like two homosexual men and they were using it to try to talk about men who shamed other men for being gay as being toxically masculine. And then later on psychologists used it for violent offenders in prison, like I believe in the 1990s, but the term has a meaning you can be masculine or feminine and then you can be toxic or non-toxic. If you're masculine and toxic, you want to put the words together and say toxic masculinity. Technically that's a thing, but the two words do not go together in and of themselves. Me setting boundaries for my relationship. Hey, I would prefer it if you didn't wear this and didn't go out at this time. That is a masculine boundary that I'm setting, but all masculinity is now considered toxic masculinity to a certain group of egalitarian people or progressives to them. All of it is toxic masculinity. They cannot come up with any term for anything that is masculine, that is not toxic. And so because of that, like you're saying, it's just name calling. It's anyone who doesn't agree with you on race politics as a racist and any man who doesn't agree with a woman on anything is icky or creepy. \", \"segments\": [{\"id\": 0, \"seek\": 0, \"start\": 0.0, \"end\": 2.4000000953674316, \"text\": \" Is there a good masculinity or is it just straight to toxic?\", \"tokens\": [50364, 1119, 456, 257, 665, 45195, 420, 307, 309, 445, 2997, 281, 12786, 30, 50484], \"temperature\": 0.0, \"avg_logprob\": -0.26075175404548645, \"compression_ratio\": 1.8991825580596924, \"no_speech_prob\": 0.08746245503425598}, {\"id\": 1, \"seek\": 0, \"start\": 2.4000000953674316, \"end\": 5.119999885559082, \"text\": \" The problem is masculinity has been used for several things.\", \"tokens\": [50484, 440, 1154, 307, 45195, 575, 668, 1143, 337, 2940, 721, 13, 50620], \"temperature\": 0.0, \"avg_logprob\": -0.26075175404548645, \"compression_ratio\": 1.8991825580596924, \"no_speech_prob\": 0.08746245503425598}, {\"id\": 2, \"seek\": 0, \"start\": 5.119999885559082, \"end\": 6.360000133514404, \"text\": \" It was used in the 1980s.\", \"tokens\": [50620, 467, 390, 1143, 294, 264, 13626, 82, 13, 50682], \"temperature\": 0.0, \"avg_logprob\": -0.26075175404548645, \"compression_ratio\": 1.8991825580596924, \"no_speech_prob\": 0.08746245503425598}, {\"id\": 3, \"seek\": 0, \"start\": 6.360000133514404, \"end\": 9.520000457763672, \"text\": \" I believe there was some shows like two homosexual men and they were using it to\", \"tokens\": [50682, 286, 1697, 456, 390, 512, 3110, 411, 732, 30490, 1706, 293, 436, 645, 1228, 309, 281, 50840], \"temperature\": 0.0, \"avg_logprob\": -0.26075175404548645, \"compression_ratio\": 1.8991825580596924, \"no_speech_prob\": 0.08746245503425598}, {\"id\": 4, \"seek\": 0, \"start\": 9.520000457763672, \"end\": 12.640000343322754, \"text\": \" try to talk about men who shamed other men for being gay as being toxically\", \"tokens\": [50840, 853, 281, 751, 466, 1706, 567, 402, 3475, 661, 1706, 337, 885, 9049, 382, 885, 10357, 984, 50996], \"temperature\": 0.0, \"avg_logprob\": -0.26075175404548645, \"compression_ratio\": 1.8991825580596924, \"no_speech_prob\": 0.08746245503425598}, {\"id\": 5, \"seek\": 0, \"start\": 12.640000343322754, \"end\": 13.119999885559082, \"text\": \" masculine.\", \"tokens\": [50996, 28992, 13, 51020], \"temperature\": 0.0, \"avg_logprob\": -0.26075175404548645, \"compression_ratio\": 1.8991825580596924, \"no_speech_prob\": 0.08746245503425598}, {\"id\": 6, \"seek\": 0, \"start\": 13.119999885559082, \"end\": 16.040000915527344, \"text\": \" And then later on psychologists used it for violent offenders in prison,\", \"tokens\": [51020, 400, 550, 1780, 322, 41562, 1143, 309, 337, 11867, 49079, 294, 6168, 11, 51166], \"temperature\": 0.0, \"avg_logprob\": -0.26075175404548645, \"compression_ratio\": 1.8991825580596924, \"no_speech_prob\": 0.08746245503425598}, {\"id\": 7, \"seek\": 0, \"start\": 16.079999923706055, \"end\": 17.31999969482422, \"text\": \" like I believe in the 1990s,\", \"tokens\": [51168, 411, 286, 1697, 294, 264, 13384, 82, 11, 51230], \"temperature\": 0.0, \"avg_logprob\": -0.26075175404548645, \"compression_ratio\": 1.8991825580596924, \"no_speech_prob\": 0.08746245503425598}, {\"id\": 8, \"seek\": 0, \"start\": 17.31999969482422, \"end\": 20.600000381469727, \"text\": \" but the term has a meaning you can be masculine or feminine and then you can\", \"tokens\": [51230, 457, 264, 1433, 575, 257, 3620, 291, 393, 312, 28992, 420, 24648, 293, 550, 291, 393, 51394], \"temperature\": 0.0, \"avg_logprob\": -0.26075175404548645, \"compression_ratio\": 1.8991825580596924, \"no_speech_prob\": 0.08746245503425598}, {\"id\": 9, \"seek\": 0, \"start\": 20.600000381469727, \"end\": 21.68000030517578, \"text\": \" be toxic or non-toxic.\", \"tokens\": [51394, 312, 12786, 420, 2107, 12, 1353, 47228, 13, 51448], \"temperature\": 0.0, \"avg_logprob\": -0.26075175404548645, \"compression_ratio\": 1.8991825580596924, \"no_speech_prob\": 0.08746245503425598}, {\"id\": 10, \"seek\": 0, \"start\": 21.68000030517578, \"end\": 23.1200008392334, \"text\": \" If you're masculine and toxic,\", \"tokens\": [51448, 759, 291, 434, 28992, 293, 12786, 11, 51520], \"temperature\": 0.0, \"avg_logprob\": -0.26075175404548645, \"compression_ratio\": 1.8991825580596924, \"no_speech_prob\": 0.08746245503425598}, {\"id\": 11, \"seek\": 0, \"start\": 23.1200008392334, \"end\": 25.360000610351562, \"text\": \" you want to put the words together and say toxic masculinity.\", \"tokens\": [51520, 291, 528, 281, 829, 264, 2283, 1214, 293, 584, 12786, 45195, 13, 51632], \"temperature\": 0.0, \"avg_logprob\": -0.26075175404548645, \"compression_ratio\": 1.8991825580596924, \"no_speech_prob\": 0.08746245503425598}, {\"id\": 12, \"seek\": 0, \"start\": 25.360000610351562, \"end\": 26.399999618530273, \"text\": \" Technically that's a thing,\", \"tokens\": [51632, 42494, 300, 311, 257, 551, 11, 51684], \"temperature\": 0.0, \"avg_logprob\": -0.26075175404548645, \"compression_ratio\": 1.8991825580596924, \"no_speech_prob\": 0.08746245503425598}, {\"id\": 13, \"seek\": 0, \"start\": 26.479999542236328, \"end\": 29.0, \"text\": \" but the two words do not go together in and of themselves.\", \"tokens\": [51688, 457, 264, 732, 2283, 360, 406, 352, 1214, 294, 293, 295, 2969, 13, 51814], \"temperature\": 0.0, \"avg_logprob\": -0.26075175404548645, \"compression_ratio\": 1.8991825580596924, \"no_speech_prob\": 0.08746245503425598}, {\"id\": 14, \"seek\": 2900, \"start\": 29.0, \"end\": 30.799999237060547, \"text\": \" Me setting boundaries for my relationship.\", \"tokens\": [50364, 1923, 3287, 13180, 337, 452, 2480, 13, 50454], \"temperature\": 0.0, \"avg_logprob\": -0.20071260631084442, \"compression_ratio\": 1.8147058486938477, \"no_speech_prob\": 6.013686288497411e-05}, {\"id\": 15, \"seek\": 2900, \"start\": 30.799999237060547, \"end\": 33.84000015258789, \"text\": \" Hey, I would prefer it if you didn't wear this and didn't go out at this time.\", \"tokens\": [50454, 1911, 11, 286, 576, 4382, 309, 498, 291, 994, 380, 3728, 341, 293, 994, 380, 352, 484, 412, 341, 565, 13, 50606], \"temperature\": 0.0, \"avg_logprob\": -0.20071260631084442, \"compression_ratio\": 1.8147058486938477, \"no_speech_prob\": 6.013686288497411e-05}, {\"id\": 16, \"seek\": 2900, \"start\": 33.880001068115234, \"end\": 36.279998779296875, \"text\": \" That is a masculine boundary that I'm setting,\", \"tokens\": [50608, 663, 307, 257, 28992, 12866, 300, 286, 478, 3287, 11, 50728], \"temperature\": 0.0, \"avg_logprob\": -0.20071260631084442, \"compression_ratio\": 1.8147058486938477, \"no_speech_prob\": 6.013686288497411e-05}, {\"id\": 17, \"seek\": 2900, \"start\": 36.279998779296875, \"end\": 40.47999954223633, \"text\": \" but all masculinity is now considered toxic masculinity to a certain group of\", \"tokens\": [50728, 457, 439, 45195, 307, 586, 4888, 12786, 45195, 281, 257, 1629, 1594, 295, 50938], \"temperature\": 0.0, \"avg_logprob\": -0.20071260631084442, \"compression_ratio\": 1.8147058486938477, \"no_speech_prob\": 6.013686288497411e-05}, {\"id\": 18, \"seek\": 2900, \"start\": 40.47999954223633, \"end\": 42.560001373291016, \"text\": \" egalitarian people or progressives to them.\", \"tokens\": [50938, 31528, 13707, 561, 420, 4205, 1539, 281, 552, 13, 51042], \"temperature\": 0.0, \"avg_logprob\": -0.20071260631084442, \"compression_ratio\": 1.8147058486938477, \"no_speech_prob\": 6.013686288497411e-05}, {\"id\": 19, \"seek\": 2900, \"start\": 42.599998474121094, \"end\": 44.2400016784668, \"text\": \" All of it is toxic masculinity.\", \"tokens\": [51044, 1057, 295, 309, 307, 12786, 45195, 13, 51126], \"temperature\": 0.0, \"avg_logprob\": -0.20071260631084442, \"compression_ratio\": 1.8147058486938477, \"no_speech_prob\": 6.013686288497411e-05}, {\"id\": 20, \"seek\": 2900, \"start\": 44.2400016784668, \"end\": 47.08000183105469, \"text\": \" They cannot come up with any term for anything that is masculine,\", \"tokens\": [51126, 814, 2644, 808, 493, 365, 604, 1433, 337, 1340, 300, 307, 28992, 11, 51268], \"temperature\": 0.0, \"avg_logprob\": -0.20071260631084442, \"compression_ratio\": 1.8147058486938477, \"no_speech_prob\": 6.013686288497411e-05}, {\"id\": 21, \"seek\": 2900, \"start\": 47.08000183105469, \"end\": 48.439998626708984, \"text\": \" that is not toxic.\", \"tokens\": [51268, 300, 307, 406, 12786, 13, 51336], \"temperature\": 0.0, \"avg_logprob\": -0.20071260631084442, \"compression_ratio\": 1.8147058486938477, \"no_speech_prob\": 6.013686288497411e-05}, {\"id\": 22, \"seek\": 2900, \"start\": 48.47999954223633, \"end\": 49.2400016784668, \"text\": \" And so because of that,\", \"tokens\": [51338, 400, 370, 570, 295, 300, 11, 51376], \"temperature\": 0.0, \"avg_logprob\": -0.20071260631084442, \"compression_ratio\": 1.8147058486938477, \"no_speech_prob\": 6.013686288497411e-05}, {\"id\": 23, \"seek\": 2900, \"start\": 49.2400016784668, \"end\": 49.68000030517578, \"text\": \" like you're saying,\", \"tokens\": [51376, 411, 291, 434, 1566, 11, 51398], \"temperature\": 0.0, \"avg_logprob\": -0.20071260631084442, \"compression_ratio\": 1.8147058486938477, \"no_speech_prob\": 6.013686288497411e-05}, {\"id\": 24, \"seek\": 2900, \"start\": 49.68000030517578, \"end\": 50.599998474121094, \"text\": \" it's just name calling.\", \"tokens\": [51398, 309, 311, 445, 1315, 5141, 13, 51444], \"temperature\": 0.0, \"avg_logprob\": -0.20071260631084442, \"compression_ratio\": 1.8147058486938477, \"no_speech_prob\": 6.013686288497411e-05}, {\"id\": 25, \"seek\": 2900, \"start\": 50.63999938964844, \"end\": 54.040000915527344, \"text\": \" It's anyone who doesn't agree with you on race politics as a racist and any man\", \"tokens\": [51446, 467, 311, 2878, 567, 1177, 380, 3986, 365, 291, 322, 4569, 7341, 382, 257, 16419, 293, 604, 587, 51616], \"temperature\": 0.0, \"avg_logprob\": -0.20071260631084442, \"compression_ratio\": 1.8147058486938477, \"no_speech_prob\": 6.013686288497411e-05}, {\"id\": 26, \"seek\": 2900, \"start\": 54.040000915527344, \"end\": 57.0, \"text\": \" who doesn't agree with a woman on anything is icky or creepy.\", \"tokens\": [51616, 567, 1177, 380, 3986, 365, 257, 3059, 322, 1340, 307, 220, 20539, 420, 14717, 13, 51764], \"temperature\": 0.0, \"avg_logprob\": -0.20071260631084442, \"compression_ratio\": 1.8147058486938477, \"no_speech_prob\": 6.013686288497411e-05}]}"}