{"title": "How to Find and Keep Your Dream Instagram Model: Lessons From Dan Fleyshman", "video_id": "cB7sImHuLtc", "video_url": "https://www.youtube.com/watch?v=cB7sImHuLtc", "description": "Ready to build a network of amazing women and high-status men?\n\nMichael\u2019s Men of Action is a one-on-one Master\u2019s program that teaches men how to create elite social lives by becoming higher status.\n\nClick this link to learn how you can have a High-Status lifestyle now:\nhttps://m.moamentoring.com/podcast\n\nClick here to join the Men of Action community and watch the High-Status Networking 101 course:\nhttps://m.moamentoring.com/moa-community\n\u2014\u2014\u2014\u2014\u2014\u2014\u2014\u2014\u2014\u2014\u2014\u2014\u2014\u2014\u2014\u2014\u2014\u2014\u2014\nHere's a clip from a podcast episode with @DanFleyshman \nFull Clip \ud83d\udd17: https://youtu.be/aoHXGBoML4w\n\u2014\u2014\u2014\u2014\u2014\u2014\u2014\u2014\u2014\u2014\u2014\u2014\u2014\u2014\u2014\u2014\u2014\u2014\u2014\u2014\n\nSubscribe on Youtube: \nhttps://www.youtube.com/user/MichaelSartain\n\nListen on Apple Podcast: \nhttps://podcasts.apple.com/us/podcast/the-michael-sartain-podcast/id1579791157\n\nListen on Spotify: \nhttps://open.spotify.com/show/2faAYwvDD9Bvkpwv6umlPO?si=8Q3ak9HnSlKjuChsTXr6YQ&dl_branch=1", "published_at": "2023-03-24T15:45:03Z", "channel_id": "UC0T1bDzajVefRWx4uKdGyuw", "channel_title": "Michael Sartain", "tags": [], "category_id": "24", "live_broadcast_content": "none", "duration": 231.0, "dimension": "2d", "definition": "hd", "caption": "false", "view_count": 2174, "like_count": 52, "comment_count": 7, "channel_info": {"title": "Michael Sartain", "description": "\ud83c\udf99Host of The\u00a0Michael Sartain Podcast \n\n\ud83d\udd25Teaching you how to build a network of desirable women and high-status men\n\n\ud83d\udc47 Click the \"Men of Action\" link below now to forge a high-status lifestyle and join the elites \n", "subscriber_count": "80500", "total_views": "29545897", "total_videos": "1481"}, "comments": [], "file_path": "/Users/aelaguiz/workspace/fc_book/audio/raws/cB7sImHuLtc.mp3", "transcription": "{\"text\": \"So she originally pitched me on a bikini brand. Okay. And I pitched her on life. Okay. There you go. Uh, that's the fast forward version, but she had a bikini brand. And during the meeting I asked her, I said, do you care about the bikini brand or do you care about fitness? Because you keep bringing up personal training. You keep care about, you talk about fitness so much. And so I want you to go home and do a little homework. Choose whether you're going to go all in on bikinis. You're going to go all on fitness. And she looked at me like I was a jerk. And our first meeting had nothing to do with us hooking up. Obviously that wasn't even crossing my mind. And I just was like in awe of this girl because I liked her thought process and right. And so I actually called my best friend, uh, who was the founder of Marvel studios. So he created iron man and all these great movies. And I told him one hour after meeting her, I'm going to marry this girl. Really? I've never said that in my life. I always think it's crap when people talk about it, but I have verification from a guy that's never going to lie. Multi-billionaire. I told him within one hour meeting, I'm going to marry this. Do you hear that? Casey, you hear that? She knows the story. Okay. Um, and I said that because I was, I was just blown away. Yeah. Like I feel like I drew her when I was a child, like when I was in high school, like I feel like I drew her and so watching like the way she is and the way we are, and I live a very crazy lifestyle traveling around the planet and finding someone that's so wholesome and focused on training and our dogs and her business. And like, it's just, she was it. So you're around a lot of influencers. So physical attractiveness is not always going to affect you as much. I found that that the case, did she ever have the objection of like, why there's all these other girls around? Why, why do you feel this way? Or did she just know also? I think she knows that I'm numb to it because I've been around girls for my whole life. Yeah. Working with models since before social media existed, I become numb to it. And I've always been like a serial dater. Like I've been in always two to five-year relationships. And so it's never been a thing for me to like, gallivant around because I'm a quiet guy. So I'm not going to go hit on a girl at a club. It's never happened. Like it's never going to happen. But I've always dated these girls for two to five years that anyways, so it worked out that she's, she's understanding of my lifestyle and everything I'm around. And she's never looked at my phone or cared or deal asked me about girls or models because one, I'm too public anyway, so I can't do anything anyways. Uh, but two, it just never even crossed her mind. Of course. That's beautiful, man. That's awesome. And I always, I always, that's one of the things I ask everyone who is in this sphere, who has a sick, has a healthy relationship. I always ask because it's fucking hard to do that in this sphere, right? You never know. I've, I've absolutely had girls, uh, come try to be with me for connections. They think I have, or something that I can do for them. And it's, it's things that are not genuine and you just never know. So like that, that's incredible that, you know, you find that there's a couple of key things that people are not blunt about. One, be blunt about your intentions to be blunt about, like, you're not going to hide anything from them. It's just not going to happen. Yeah. You're when you're with someone, you live with some, especially or you're married to someone. You're not going to hide anything. No matter how slick you think you are, you are not going to hide anything. Next is be clear with the people that are hitting you up. So if there's people that are out there that are hitting you up, be clear with them too, because people talk and there's a lot of rumors and gossip, but also remove any fears from your significant other's mind. Okay. Because if you just allow them, or you think it's cool or like strong or you flex, or you get an argument and you're like, yeah, well, I got all these girls or I got all these guys, like that's going to be burned in their brain, the rest of your relationship. Right. And so removing fears from people is really important. Uh, being blunt about communication is really important and setting clear goals and guidelines and like, uh, around you is super, super important. \", \"segments\": [{\"id\": 0, \"seek\": 0, \"start\": 0.0, \"end\": 1.9600000381469727, \"text\": \" So she originally pitched me on a bikini brand.\", \"tokens\": [50364, 407, 750, 7993, 32994, 385, 322, 257, 26730, 3812, 3360, 13, 50462], \"temperature\": 0.0, \"avg_logprob\": -0.2962382733821869, \"compression_ratio\": 1.8676056861877441, \"no_speech_prob\": 0.0033756077755242586}, {\"id\": 1, \"seek\": 0, \"start\": 1.9600000381469727, \"end\": 2.4600000381469727, \"text\": \" Okay.\", \"tokens\": [50462, 1033, 13, 50487], \"temperature\": 0.0, \"avg_logprob\": -0.2962382733821869, \"compression_ratio\": 1.8676056861877441, \"no_speech_prob\": 0.0033756077755242586}, {\"id\": 2, \"seek\": 0, \"start\": 2.4600000381469727, \"end\": 3.5399999618530273, \"text\": \" And I pitched her on life.\", \"tokens\": [50487, 400, 286, 32994, 720, 322, 993, 13, 50541], \"temperature\": 0.0, \"avg_logprob\": -0.2962382733821869, \"compression_ratio\": 1.8676056861877441, \"no_speech_prob\": 0.0033756077755242586}, {\"id\": 3, \"seek\": 0, \"start\": 3.5999999046325684, \"end\": 3.940000057220459, \"text\": \" Okay.\", \"tokens\": [50544, 1033, 13, 50561], \"temperature\": 0.0, \"avg_logprob\": -0.2962382733821869, \"compression_ratio\": 1.8676056861877441, \"no_speech_prob\": 0.0033756077755242586}, {\"id\": 4, \"seek\": 0, \"start\": 3.940000057220459, \"end\": 4.559999942779541, \"text\": \" There you go.\", \"tokens\": [50561, 821, 291, 352, 13, 50592], \"temperature\": 0.0, \"avg_logprob\": -0.2962382733821869, \"compression_ratio\": 1.8676056861877441, \"no_speech_prob\": 0.0033756077755242586}, {\"id\": 5, \"seek\": 0, \"start\": 4.940000057220459, \"end\": 7.079999923706055, \"text\": \" Uh, that's the fast forward version, but she had a bikini brand.\", \"tokens\": [50611, 4019, 11, 300, 311, 264, 2370, 2128, 3037, 11, 457, 750, 632, 257, 26730, 3812, 3360, 13, 50718], \"temperature\": 0.0, \"avg_logprob\": -0.2962382733821869, \"compression_ratio\": 1.8676056861877441, \"no_speech_prob\": 0.0033756077755242586}, {\"id\": 6, \"seek\": 0, \"start\": 7.5, \"end\": 10.079999923706055, \"text\": \" And during the meeting I asked her, I said, do you care about the bikini\", \"tokens\": [50739, 400, 1830, 264, 3440, 286, 2351, 720, 11, 286, 848, 11, 360, 291, 1127, 466, 264, 26730, 3812, 50868], \"temperature\": 0.0, \"avg_logprob\": -0.2962382733821869, \"compression_ratio\": 1.8676056861877441, \"no_speech_prob\": 0.0033756077755242586}, {\"id\": 7, \"seek\": 0, \"start\": 10.079999923706055, \"end\": 11.680000305175781, \"text\": \" brand or do you care about fitness?\", \"tokens\": [50868, 3360, 420, 360, 291, 1127, 466, 15303, 30, 50948], \"temperature\": 0.0, \"avg_logprob\": -0.2962382733821869, \"compression_ratio\": 1.8676056861877441, \"no_speech_prob\": 0.0033756077755242586}, {\"id\": 8, \"seek\": 0, \"start\": 11.680000305175781, \"end\": 13.319999694824219, \"text\": \" Because you keep bringing up personal training.\", \"tokens\": [50948, 1436, 291, 1066, 5062, 493, 2973, 3097, 13, 51030], \"temperature\": 0.0, \"avg_logprob\": -0.2962382733821869, \"compression_ratio\": 1.8676056861877441, \"no_speech_prob\": 0.0033756077755242586}, {\"id\": 9, \"seek\": 0, \"start\": 13.319999694824219, \"end\": 15.5, \"text\": \" You keep care about, you talk about fitness so much.\", \"tokens\": [51030, 509, 1066, 1127, 466, 11, 291, 751, 466, 15303, 370, 709, 13, 51139], \"temperature\": 0.0, \"avg_logprob\": -0.2962382733821869, \"compression_ratio\": 1.8676056861877441, \"no_speech_prob\": 0.0033756077755242586}, {\"id\": 10, \"seek\": 0, \"start\": 15.960000038146973, \"end\": 17.559999465942383, \"text\": \" And so I want you to go home and do a little homework.\", \"tokens\": [51162, 400, 370, 286, 528, 291, 281, 352, 1280, 293, 360, 257, 707, 14578, 13, 51242], \"temperature\": 0.0, \"avg_logprob\": -0.2962382733821869, \"compression_ratio\": 1.8676056861877441, \"no_speech_prob\": 0.0033756077755242586}, {\"id\": 11, \"seek\": 0, \"start\": 18.020000457763672, \"end\": 20.15999984741211, \"text\": \" Choose whether you're going to go all in on bikinis.\", \"tokens\": [51265, 21661, 1968, 291, 434, 516, 281, 352, 439, 294, 322, 26730, 25555, 13, 51372], \"temperature\": 0.0, \"avg_logprob\": -0.2962382733821869, \"compression_ratio\": 1.8676056861877441, \"no_speech_prob\": 0.0033756077755242586}, {\"id\": 12, \"seek\": 0, \"start\": 20.15999984741211, \"end\": 21.299999237060547, \"text\": \" You're going to go all on fitness.\", \"tokens\": [51372, 509, 434, 516, 281, 352, 439, 322, 15303, 13, 51429], \"temperature\": 0.0, \"avg_logprob\": -0.2962382733821869, \"compression_ratio\": 1.8676056861877441, \"no_speech_prob\": 0.0033756077755242586}, {\"id\": 13, \"seek\": 0, \"start\": 22.079999923706055, \"end\": 23.239999771118164, \"text\": \" And she looked at me like I was a jerk.\", \"tokens\": [51468, 400, 750, 2956, 412, 385, 411, 286, 390, 257, 25197, 13, 51526], \"temperature\": 0.0, \"avg_logprob\": -0.2962382733821869, \"compression_ratio\": 1.8676056861877441, \"no_speech_prob\": 0.0033756077755242586}, {\"id\": 14, \"seek\": 0, \"start\": 23.739999771118164, \"end\": 26.34000015258789, \"text\": \" And our first meeting had nothing to do with us hooking up.\", \"tokens\": [51551, 400, 527, 700, 3440, 632, 1825, 281, 360, 365, 505, 1106, 5953, 493, 13, 51681], \"temperature\": 0.0, \"avg_logprob\": -0.2962382733821869, \"compression_ratio\": 1.8676056861877441, \"no_speech_prob\": 0.0033756077755242586}, {\"id\": 15, \"seek\": 0, \"start\": 26.34000015258789, \"end\": 28.139999389648438, \"text\": \" Obviously that wasn't even crossing my mind.\", \"tokens\": [51681, 7580, 300, 2067, 380, 754, 14712, 452, 1575, 13, 51771], \"temperature\": 0.0, \"avg_logprob\": -0.2962382733821869, \"compression_ratio\": 1.8676056861877441, \"no_speech_prob\": 0.0033756077755242586}, {\"id\": 16, \"seek\": 2814, \"start\": 28.799999237060547, \"end\": 32.880001068115234, \"text\": \" And I just was like in awe of this girl because I liked her\", \"tokens\": [50397, 400, 286, 445, 390, 411, 294, 30912, 295, 341, 2013, 570, 286, 4501, 720, 50601], \"temperature\": 0.0, \"avg_logprob\": -0.3073686957359314, \"compression_ratio\": 1.7294832468032837, \"no_speech_prob\": 0.0011877707438543439}, {\"id\": 17, \"seek\": 2814, \"start\": 32.880001068115234, \"end\": 34.36000061035156, \"text\": \" thought process and right.\", \"tokens\": [50601, 1194, 1399, 293, 558, 13, 50675], \"temperature\": 0.0, \"avg_logprob\": -0.3073686957359314, \"compression_ratio\": 1.7294832468032837, \"no_speech_prob\": 0.0011877707438543439}, {\"id\": 18, \"seek\": 2814, \"start\": 34.880001068115234, \"end\": 37.91999816894531, \"text\": \" And so I actually called my best friend, uh, who was the\", \"tokens\": [50701, 400, 370, 286, 767, 1219, 452, 1151, 1277, 11, 2232, 11, 567, 390, 264, 50853], \"temperature\": 0.0, \"avg_logprob\": -0.3073686957359314, \"compression_ratio\": 1.7294832468032837, \"no_speech_prob\": 0.0011877707438543439}, {\"id\": 19, \"seek\": 2814, \"start\": 37.91999816894531, \"end\": 39.060001373291016, \"text\": \" founder of Marvel studios.\", \"tokens\": [50853, 14917, 295, 13837, 24593, 13, 50910], \"temperature\": 0.0, \"avg_logprob\": -0.3073686957359314, \"compression_ratio\": 1.7294832468032837, \"no_speech_prob\": 0.0011877707438543439}, {\"id\": 20, \"seek\": 2814, \"start\": 39.119998931884766, \"end\": 41.2599983215332, \"text\": \" So he created iron man and all these great movies.\", \"tokens\": [50913, 407, 415, 2942, 6497, 587, 293, 439, 613, 869, 6233, 13, 51020], \"temperature\": 0.0, \"avg_logprob\": -0.3073686957359314, \"compression_ratio\": 1.7294832468032837, \"no_speech_prob\": 0.0011877707438543439}, {\"id\": 21, \"seek\": 2814, \"start\": 41.84000015258789, \"end\": 45.880001068115234, \"text\": \" And I told him one hour after meeting her, I'm going to marry this girl.\", \"tokens\": [51049, 400, 286, 1907, 796, 472, 1773, 934, 3440, 720, 11, 286, 478, 516, 281, 9747, 341, 2013, 13, 51251], \"temperature\": 0.0, \"avg_logprob\": -0.3073686957359314, \"compression_ratio\": 1.7294832468032837, \"no_speech_prob\": 0.0011877707438543439}, {\"id\": 22, \"seek\": 2814, \"start\": 45.939998626708984, \"end\": 46.439998626708984, \"text\": \" Really?\", \"tokens\": [51254, 4083, 30, 51279], \"temperature\": 0.0, \"avg_logprob\": -0.3073686957359314, \"compression_ratio\": 1.7294832468032837, \"no_speech_prob\": 0.0011877707438543439}, {\"id\": 23, \"seek\": 2814, \"start\": 46.79999923706055, \"end\": 47.79999923706055, \"text\": \" I've never said that in my life.\", \"tokens\": [51297, 286, 600, 1128, 848, 300, 294, 452, 993, 13, 51347], \"temperature\": 0.0, \"avg_logprob\": -0.3073686957359314, \"compression_ratio\": 1.7294832468032837, \"no_speech_prob\": 0.0011877707438543439}, {\"id\": 24, \"seek\": 2814, \"start\": 47.84000015258789, \"end\": 50.040000915527344, \"text\": \" I always think it's crap when people talk about it, but I have\", \"tokens\": [51349, 286, 1009, 519, 309, 311, 12426, 562, 561, 751, 466, 309, 11, 457, 286, 362, 51459], \"temperature\": 0.0, \"avg_logprob\": -0.3073686957359314, \"compression_ratio\": 1.7294832468032837, \"no_speech_prob\": 0.0011877707438543439}, {\"id\": 25, \"seek\": 2814, \"start\": 50.040000915527344, \"end\": 51.880001068115234, \"text\": \" verification from a guy that's never going to lie.\", \"tokens\": [51459, 30206, 490, 257, 2146, 300, 311, 1128, 516, 281, 4544, 13, 51551], \"temperature\": 0.0, \"avg_logprob\": -0.3073686957359314, \"compression_ratio\": 1.7294832468032837, \"no_speech_prob\": 0.0011877707438543439}, {\"id\": 26, \"seek\": 2814, \"start\": 52.20000076293945, \"end\": 52.97999954223633, \"text\": \" Multi-billionaire.\", \"tokens\": [51567, 29238, 12, 65, 11836, 9020, 13, 51606], \"temperature\": 0.0, \"avg_logprob\": -0.3073686957359314, \"compression_ratio\": 1.7294832468032837, \"no_speech_prob\": 0.0011877707438543439}, {\"id\": 27, \"seek\": 2814, \"start\": 53.2599983215332, \"end\": 55.720001220703125, \"text\": \" I told him within one hour meeting, I'm going to marry this.\", \"tokens\": [51620, 286, 1907, 796, 1951, 472, 1773, 3440, 11, 286, 478, 516, 281, 9747, 341, 13, 51743], \"temperature\": 0.0, \"avg_logprob\": -0.3073686957359314, \"compression_ratio\": 1.7294832468032837, \"no_speech_prob\": 0.0011877707438543439}, {\"id\": 28, \"seek\": 2814, \"start\": 55.720001220703125, \"end\": 56.099998474121094, \"text\": \" Do you hear that?\", \"tokens\": [51743, 1144, 291, 1568, 300, 30, 51762], \"temperature\": 0.0, \"avg_logprob\": -0.3073686957359314, \"compression_ratio\": 1.7294832468032837, \"no_speech_prob\": 0.0011877707438543439}, {\"id\": 29, \"seek\": 2814, \"start\": 56.099998474121094, \"end\": 57.13999938964844, \"text\": \" Casey, you hear that?\", \"tokens\": [51762, 27369, 11, 291, 1568, 300, 30, 51814], \"temperature\": 0.0, \"avg_logprob\": -0.3073686957359314, \"compression_ratio\": 1.7294832468032837, \"no_speech_prob\": 0.0011877707438543439}, {\"id\": 30, \"seek\": 5714, \"start\": 57.7599983215332, \"end\": 58.31999969482422, \"text\": \" She knows the story.\", \"tokens\": [50395, 1240, 3255, 264, 1657, 13, 50423], \"temperature\": 0.0, \"avg_logprob\": -0.27775856852531433, \"compression_ratio\": 1.7627737522125244, \"no_speech_prob\": 0.00010229374311165884}, {\"id\": 31, \"seek\": 5714, \"start\": 58.31999969482422, \"end\": 58.81999969482422, \"text\": \" Okay.\", \"tokens\": [50423, 1033, 13, 50448], \"temperature\": 0.0, \"avg_logprob\": -0.27775856852531433, \"compression_ratio\": 1.7627737522125244, \"no_speech_prob\": 0.00010229374311165884}, {\"id\": 32, \"seek\": 5714, \"start\": 58.81999969482422, \"end\": 62.31999969482422, \"text\": \" Um, and I said that because I was, I was just blown away.\", \"tokens\": [50448, 3301, 11, 293, 286, 848, 300, 570, 286, 390, 11, 286, 390, 445, 16479, 1314, 13, 50623], \"temperature\": 0.0, \"avg_logprob\": -0.27775856852531433, \"compression_ratio\": 1.7627737522125244, \"no_speech_prob\": 0.00010229374311165884}, {\"id\": 33, \"seek\": 5714, \"start\": 62.400001525878906, \"end\": 62.900001525878906, \"text\": \" Yeah.\", \"tokens\": [50627, 865, 13, 50652], \"temperature\": 0.0, \"avg_logprob\": -0.27775856852531433, \"compression_ratio\": 1.7627737522125244, \"no_speech_prob\": 0.00010229374311165884}, {\"id\": 34, \"seek\": 5714, \"start\": 62.900001525878906, \"end\": 66.91999816894531, \"text\": \" Like I feel like I drew her when I was a child, like when I was in high school,\", \"tokens\": [50652, 1743, 286, 841, 411, 286, 12804, 720, 562, 286, 390, 257, 1440, 11, 411, 562, 286, 390, 294, 1090, 1395, 11, 50853], \"temperature\": 0.0, \"avg_logprob\": -0.27775856852531433, \"compression_ratio\": 1.7627737522125244, \"no_speech_prob\": 0.00010229374311165884}, {\"id\": 35, \"seek\": 5714, \"start\": 66.91999816894531, \"end\": 71.19999694824219, \"text\": \" like I feel like I drew her and so watching like the way she is and the way\", \"tokens\": [50853, 411, 286, 841, 411, 286, 12804, 720, 293, 370, 1976, 411, 264, 636, 750, 307, 293, 264, 636, 51067], \"temperature\": 0.0, \"avg_logprob\": -0.27775856852531433, \"compression_ratio\": 1.7627737522125244, \"no_speech_prob\": 0.00010229374311165884}, {\"id\": 36, \"seek\": 5714, \"start\": 71.19999694824219, \"end\": 77.19999694824219, \"text\": \" we are, and I live a very crazy lifestyle traveling around the planet and finding\", \"tokens\": [51067, 321, 366, 11, 293, 286, 1621, 257, 588, 3219, 11716, 9712, 926, 264, 5054, 293, 5006, 51367], \"temperature\": 0.0, \"avg_logprob\": -0.27775856852531433, \"compression_ratio\": 1.7627737522125244, \"no_speech_prob\": 0.00010229374311165884}, {\"id\": 37, \"seek\": 5714, \"start\": 77.19999694824219, \"end\": 82.80000305175781, \"text\": \" someone that's so wholesome and focused on training and our dogs and her business.\", \"tokens\": [51367, 1580, 300, 311, 370, 315, 45880, 293, 5178, 322, 3097, 293, 527, 7197, 293, 720, 1606, 13, 51647], \"temperature\": 0.0, \"avg_logprob\": -0.27775856852531433, \"compression_ratio\": 1.7627737522125244, \"no_speech_prob\": 0.00010229374311165884}, {\"id\": 38, \"seek\": 5714, \"start\": 82.80000305175781, \"end\": 84.80000305175781, \"text\": \" And like, it's just, she was it.\", \"tokens\": [51647, 400, 411, 11, 309, 311, 445, 11, 750, 390, 309, 13, 51747], \"temperature\": 0.0, \"avg_logprob\": -0.27775856852531433, \"compression_ratio\": 1.7627737522125244, \"no_speech_prob\": 0.00010229374311165884}, {\"id\": 39, \"seek\": 5714, \"start\": 85.23999786376953, \"end\": 86.91999816894531, \"text\": \" So you're around a lot of influencers.\", \"tokens\": [51769, 407, 291, 434, 926, 257, 688, 295, 38646, 13, 51853], \"temperature\": 0.0, \"avg_logprob\": -0.27775856852531433, \"compression_ratio\": 1.7627737522125244, \"no_speech_prob\": 0.00010229374311165884}, {\"id\": 40, \"seek\": 8714, \"start\": 87.4800033569336, \"end\": 91.04000091552734, \"text\": \" So physical attractiveness is not always going to affect you as much.\", \"tokens\": [50381, 407, 4001, 5049, 8477, 307, 406, 1009, 516, 281, 3345, 291, 382, 709, 13, 50559], \"temperature\": 0.0, \"avg_logprob\": -0.3041103184223175, \"compression_ratio\": 1.656862735748291, \"no_speech_prob\": 3.535582436597906e-05}, {\"id\": 41, \"seek\": 8714, \"start\": 91.08000183105469, \"end\": 94.76000213623047, \"text\": \" I found that that the case, did she ever have the objection of like, why\", \"tokens\": [50561, 286, 1352, 300, 300, 264, 1389, 11, 630, 750, 1562, 362, 264, 35756, 295, 411, 11, 983, 50745], \"temperature\": 0.0, \"avg_logprob\": -0.3041103184223175, \"compression_ratio\": 1.656862735748291, \"no_speech_prob\": 3.535582436597906e-05}, {\"id\": 42, \"seek\": 8714, \"start\": 94.76000213623047, \"end\": 96.23999786376953, \"text\": \" there's all these other girls around?\", \"tokens\": [50745, 456, 311, 439, 613, 661, 4519, 926, 30, 50819], \"temperature\": 0.0, \"avg_logprob\": -0.3041103184223175, \"compression_ratio\": 1.656862735748291, \"no_speech_prob\": 3.535582436597906e-05}, {\"id\": 43, \"seek\": 8714, \"start\": 96.23999786376953, \"end\": 97.31999969482422, \"text\": \" Why, why do you feel this way?\", \"tokens\": [50819, 1545, 11, 983, 360, 291, 841, 341, 636, 30, 50873], \"temperature\": 0.0, \"avg_logprob\": -0.3041103184223175, \"compression_ratio\": 1.656862735748291, \"no_speech_prob\": 3.535582436597906e-05}, {\"id\": 44, \"seek\": 8714, \"start\": 97.31999969482422, \"end\": 98.55999755859375, \"text\": \" Or did she just know also?\", \"tokens\": [50873, 1610, 630, 750, 445, 458, 611, 30, 50935], \"temperature\": 0.0, \"avg_logprob\": -0.3041103184223175, \"compression_ratio\": 1.656862735748291, \"no_speech_prob\": 3.535582436597906e-05}, {\"id\": 45, \"seek\": 8714, \"start\": 98.83999633789062, \"end\": 101.18000030517578, \"text\": \" I think she knows that I'm numb to it because I've been around\", \"tokens\": [50949, 286, 519, 750, 3255, 300, 286, 478, 32200, 281, 309, 570, 286, 600, 668, 926, 51066], \"temperature\": 0.0, \"avg_logprob\": -0.3041103184223175, \"compression_ratio\": 1.656862735748291, \"no_speech_prob\": 3.535582436597906e-05}, {\"id\": 46, \"seek\": 8714, \"start\": 101.23999786376953, \"end\": 102.83999633789062, \"text\": \" girls for my whole life.\", \"tokens\": [51069, 4519, 337, 452, 1379, 993, 13, 51149], \"temperature\": 0.0, \"avg_logprob\": -0.3041103184223175, \"compression_ratio\": 1.656862735748291, \"no_speech_prob\": 3.535582436597906e-05}, {\"id\": 47, \"seek\": 8714, \"start\": 102.87999725341797, \"end\": 103.37999725341797, \"text\": \" Yeah.\", \"tokens\": [51151, 865, 13, 51176], \"temperature\": 0.0, \"avg_logprob\": -0.3041103184223175, \"compression_ratio\": 1.656862735748291, \"no_speech_prob\": 3.535582436597906e-05}, {\"id\": 48, \"seek\": 8714, \"start\": 103.76000213623047, \"end\": 108.16000366210938, \"text\": \" Working with models since before social media existed, I become numb to it.\", \"tokens\": [51195, 18337, 365, 5245, 1670, 949, 2093, 3021, 13135, 11, 286, 1813, 32200, 281, 309, 13, 51415], \"temperature\": 0.0, \"avg_logprob\": -0.3041103184223175, \"compression_ratio\": 1.656862735748291, \"no_speech_prob\": 3.535582436597906e-05}, {\"id\": 49, \"seek\": 8714, \"start\": 108.16000366210938, \"end\": 110.04000091552734, \"text\": \" And I've always been like a serial dater.\", \"tokens\": [51415, 400, 286, 600, 1009, 668, 411, 257, 17436, 274, 771, 13, 51509], \"temperature\": 0.0, \"avg_logprob\": -0.3041103184223175, \"compression_ratio\": 1.656862735748291, \"no_speech_prob\": 3.535582436597906e-05}, {\"id\": 50, \"seek\": 8714, \"start\": 110.04000091552734, \"end\": 112.19999694824219, \"text\": \" Like I've been in always two to five-year relationships.\", \"tokens\": [51509, 1743, 286, 600, 668, 294, 1009, 732, 281, 1732, 12, 5294, 6159, 13, 51617], \"temperature\": 0.0, \"avg_logprob\": -0.3041103184223175, \"compression_ratio\": 1.656862735748291, \"no_speech_prob\": 3.535582436597906e-05}, {\"id\": 51, \"seek\": 11220, \"start\": 112.9800033569336, \"end\": 117.33999633789062, \"text\": \" And so it's never been a thing for me to like, gallivant around\", \"tokens\": [50403, 400, 370, 309, 311, 1128, 668, 257, 551, 337, 385, 281, 411, 11, 8527, 592, 394, 926, 50621], \"temperature\": 0.0, \"avg_logprob\": -0.2832624316215515, \"compression_ratio\": 1.7526131868362427, \"no_speech_prob\": 0.016397692263126373}, {\"id\": 52, \"seek\": 11220, \"start\": 117.5, \"end\": 118.41999816894531, \"text\": \" because I'm a quiet guy.\", \"tokens\": [50629, 570, 286, 478, 257, 5677, 2146, 13, 50675], \"temperature\": 0.0, \"avg_logprob\": -0.2832624316215515, \"compression_ratio\": 1.7526131868362427, \"no_speech_prob\": 0.016397692263126373}, {\"id\": 53, \"seek\": 11220, \"start\": 118.41999816894531, \"end\": 119.86000061035156, \"text\": \" So I'm not going to go hit on a girl at a club.\", \"tokens\": [50675, 407, 286, 478, 406, 516, 281, 352, 2045, 322, 257, 2013, 412, 257, 6482, 13, 50747], \"temperature\": 0.0, \"avg_logprob\": -0.2832624316215515, \"compression_ratio\": 1.7526131868362427, \"no_speech_prob\": 0.016397692263126373}, {\"id\": 54, \"seek\": 11220, \"start\": 119.86000061035156, \"end\": 120.45999908447266, \"text\": \" It's never happened.\", \"tokens\": [50747, 467, 311, 1128, 2011, 13, 50777], \"temperature\": 0.0, \"avg_logprob\": -0.2832624316215515, \"compression_ratio\": 1.7526131868362427, \"no_speech_prob\": 0.016397692263126373}, {\"id\": 55, \"seek\": 11220, \"start\": 120.94000244140625, \"end\": 122.41999816894531, \"text\": \" Like it's never going to happen.\", \"tokens\": [50801, 1743, 309, 311, 1128, 516, 281, 1051, 13, 50875], \"temperature\": 0.0, \"avg_logprob\": -0.2832624316215515, \"compression_ratio\": 1.7526131868362427, \"no_speech_prob\": 0.016397692263126373}, {\"id\": 56, \"seek\": 11220, \"start\": 122.86000061035156, \"end\": 128.77999877929688, \"text\": \" But I've always dated these girls for two to five years that anyways, so it worked\", \"tokens\": [50897, 583, 286, 600, 1009, 23804, 613, 4519, 337, 732, 281, 1732, 924, 300, 13448, 11, 370, 309, 2732, 51193], \"temperature\": 0.0, \"avg_logprob\": -0.2832624316215515, \"compression_ratio\": 1.7526131868362427, \"no_speech_prob\": 0.016397692263126373}, {\"id\": 57, \"seek\": 11220, \"start\": 128.77999877929688, \"end\": 132.89999389648438, \"text\": \" out that she's, she's understanding of my lifestyle and everything I'm around.\", \"tokens\": [51193, 484, 300, 750, 311, 11, 750, 311, 3701, 295, 452, 11716, 293, 1203, 286, 478, 926, 13, 51399], \"temperature\": 0.0, \"avg_logprob\": -0.2832624316215515, \"compression_ratio\": 1.7526131868362427, \"no_speech_prob\": 0.016397692263126373}, {\"id\": 58, \"seek\": 11220, \"start\": 132.89999389648438, \"end\": 136.5399932861328, \"text\": \" And she's never looked at my phone or cared or deal asked me about girls or\", \"tokens\": [51399, 400, 750, 311, 1128, 2956, 412, 452, 2593, 420, 19779, 420, 2028, 2351, 385, 466, 4519, 420, 51581], \"temperature\": 0.0, \"avg_logprob\": -0.2832624316215515, \"compression_ratio\": 1.7526131868362427, \"no_speech_prob\": 0.016397692263126373}, {\"id\": 59, \"seek\": 11220, \"start\": 136.5399932861328, \"end\": 140.5, \"text\": \" models because one, I'm too public anyway, so I can't do anything anyways.\", \"tokens\": [51581, 5245, 570, 472, 11, 286, 478, 886, 1908, 4033, 11, 370, 286, 393, 380, 360, 1340, 13448, 13, 51779], \"temperature\": 0.0, \"avg_logprob\": -0.2832624316215515, \"compression_ratio\": 1.7526131868362427, \"no_speech_prob\": 0.016397692263126373}, {\"id\": 60, \"seek\": 14050, \"start\": 140.83999633789062, \"end\": 143.24000549316406, \"text\": \" Uh, but two, it just never even crossed her mind.\", \"tokens\": [50381, 4019, 11, 457, 732, 11, 309, 445, 1128, 754, 14622, 720, 1575, 13, 50501], \"temperature\": 0.0, \"avg_logprob\": -0.26233041286468506, \"compression_ratio\": 1.7333333492279053, \"no_speech_prob\": 0.00011060727410949767}, {\"id\": 61, \"seek\": 14050, \"start\": 143.27999877929688, \"end\": 143.8000030517578, \"text\": \" Of course.\", \"tokens\": [50503, 2720, 1164, 13, 50529], \"temperature\": 0.0, \"avg_logprob\": -0.26233041286468506, \"compression_ratio\": 1.7333333492279053, \"no_speech_prob\": 0.00011060727410949767}, {\"id\": 62, \"seek\": 14050, \"start\": 143.9199981689453, \"end\": 144.63999938964844, \"text\": \" That's beautiful, man.\", \"tokens\": [50535, 663, 311, 2238, 11, 587, 13, 50571], \"temperature\": 0.0, \"avg_logprob\": -0.26233041286468506, \"compression_ratio\": 1.7333333492279053, \"no_speech_prob\": 0.00011060727410949767}, {\"id\": 63, \"seek\": 14050, \"start\": 144.63999938964844, \"end\": 145.16000366210938, \"text\": \" That's awesome.\", \"tokens\": [50571, 663, 311, 3476, 13, 50597], \"temperature\": 0.0, \"avg_logprob\": -0.26233041286468506, \"compression_ratio\": 1.7333333492279053, \"no_speech_prob\": 0.00011060727410949767}, {\"id\": 64, \"seek\": 14050, \"start\": 145.16000366210938, \"end\": 149.55999755859375, \"text\": \" And I always, I always, that's one of the things I ask everyone who is in this\", \"tokens\": [50597, 400, 286, 1009, 11, 286, 1009, 11, 300, 311, 472, 295, 264, 721, 286, 1029, 1518, 567, 307, 294, 341, 50817], \"temperature\": 0.0, \"avg_logprob\": -0.26233041286468506, \"compression_ratio\": 1.7333333492279053, \"no_speech_prob\": 0.00011060727410949767}, {\"id\": 65, \"seek\": 14050, \"start\": 149.55999755859375, \"end\": 153.0399932861328, \"text\": \" sphere, who has a sick, has a healthy relationship.\", \"tokens\": [50817, 16687, 11, 567, 575, 257, 4998, 11, 575, 257, 4627, 2480, 13, 50991], \"temperature\": 0.0, \"avg_logprob\": -0.26233041286468506, \"compression_ratio\": 1.7333333492279053, \"no_speech_prob\": 0.00011060727410949767}, {\"id\": 66, \"seek\": 14050, \"start\": 153.39999389648438, \"end\": 159.1999969482422, \"text\": \" I always ask because it's fucking hard to do that in this sphere, right?\", \"tokens\": [51009, 286, 1009, 1029, 570, 309, 311, 5546, 1152, 281, 360, 300, 294, 341, 16687, 11, 558, 30, 51299], \"temperature\": 0.0, \"avg_logprob\": -0.26233041286468506, \"compression_ratio\": 1.7333333492279053, \"no_speech_prob\": 0.00011060727410949767}, {\"id\": 67, \"seek\": 14050, \"start\": 159.39999389648438, \"end\": 160.1199951171875, \"text\": \" You never know.\", \"tokens\": [51309, 509, 1128, 458, 13, 51345], \"temperature\": 0.0, \"avg_logprob\": -0.26233041286468506, \"compression_ratio\": 1.7333333492279053, \"no_speech_prob\": 0.00011060727410949767}, {\"id\": 68, \"seek\": 14050, \"start\": 160.1199951171875, \"end\": 164.27999877929688, \"text\": \" I've, I've absolutely had girls, uh, come try to be with me for connections.\", \"tokens\": [51345, 286, 600, 11, 286, 600, 3122, 632, 4519, 11, 2232, 11, 808, 853, 281, 312, 365, 385, 337, 9271, 13, 51553], \"temperature\": 0.0, \"avg_logprob\": -0.26233041286468506, \"compression_ratio\": 1.7333333492279053, \"no_speech_prob\": 0.00011060727410949767}, {\"id\": 69, \"seek\": 14050, \"start\": 164.27999877929688, \"end\": 166.55999755859375, \"text\": \" They think I have, or something that I can do for them.\", \"tokens\": [51553, 814, 519, 286, 362, 11, 420, 746, 300, 286, 393, 360, 337, 552, 13, 51667], \"temperature\": 0.0, \"avg_logprob\": -0.26233041286468506, \"compression_ratio\": 1.7333333492279053, \"no_speech_prob\": 0.00011060727410949767}, {\"id\": 70, \"seek\": 14050, \"start\": 166.55999755859375, \"end\": 170.44000244140625, \"text\": \" And it's, it's things that are not genuine and you just never know.\", \"tokens\": [51667, 400, 309, 311, 11, 309, 311, 721, 300, 366, 406, 16699, 293, 291, 445, 1128, 458, 13, 51861], \"temperature\": 0.0, \"avg_logprob\": -0.26233041286468506, \"compression_ratio\": 1.7333333492279053, \"no_speech_prob\": 0.00011060727410949767}, {\"id\": 71, \"seek\": 17050, \"start\": 170.55999755859375, \"end\": 172.9199981689453, \"text\": \" So like that, that's incredible that, you know, you find that\", \"tokens\": [50367, 407, 411, 300, 11, 300, 311, 4651, 300, 11, 291, 458, 11, 291, 915, 300, 50485], \"temperature\": 0.0, \"avg_logprob\": -0.27764174342155457, \"compression_ratio\": 2.20652174949646, \"no_speech_prob\": 5.771797532361234e-06}, {\"id\": 72, \"seek\": 17050, \"start\": 173.0, \"end\": 175.24000549316406, \"text\": \" there's a couple of key things that people are not blunt about.\", \"tokens\": [50489, 456, 311, 257, 1916, 295, 2141, 721, 300, 561, 366, 406, 32246, 466, 13, 50601], \"temperature\": 0.0, \"avg_logprob\": -0.27764174342155457, \"compression_ratio\": 2.20652174949646, \"no_speech_prob\": 5.771797532361234e-06}, {\"id\": 73, \"seek\": 17050, \"start\": 175.72000122070312, \"end\": 180.39999389648438, \"text\": \" One, be blunt about your intentions to be blunt about, like, you're not\", \"tokens\": [50625, 1485, 11, 312, 32246, 466, 428, 19354, 281, 312, 32246, 466, 11, 411, 11, 291, 434, 406, 50859], \"temperature\": 0.0, \"avg_logprob\": -0.27764174342155457, \"compression_ratio\": 2.20652174949646, \"no_speech_prob\": 5.771797532361234e-06}, {\"id\": 74, \"seek\": 17050, \"start\": 180.39999389648438, \"end\": 181.60000610351562, \"text\": \" going to hide anything from them.\", \"tokens\": [50859, 516, 281, 6479, 1340, 490, 552, 13, 50919], \"temperature\": 0.0, \"avg_logprob\": -0.27764174342155457, \"compression_ratio\": 2.20652174949646, \"no_speech_prob\": 5.771797532361234e-06}, {\"id\": 75, \"seek\": 17050, \"start\": 181.9600067138672, \"end\": 182.8800048828125, \"text\": \" It's just not going to happen.\", \"tokens\": [50937, 467, 311, 445, 406, 516, 281, 1051, 13, 50983], \"temperature\": 0.0, \"avg_logprob\": -0.27764174342155457, \"compression_ratio\": 2.20652174949646, \"no_speech_prob\": 5.771797532361234e-06}, {\"id\": 76, \"seek\": 17050, \"start\": 182.9199981689453, \"end\": 183.1199951171875, \"text\": \" Yeah.\", \"tokens\": [50985, 865, 13, 50995], \"temperature\": 0.0, \"avg_logprob\": -0.27764174342155457, \"compression_ratio\": 2.20652174949646, \"no_speech_prob\": 5.771797532361234e-06}, {\"id\": 77, \"seek\": 17050, \"start\": 183.16000366210938, \"end\": 185.32000732421875, \"text\": \" You're when you're with someone, you live with some, especially\", \"tokens\": [50997, 509, 434, 562, 291, 434, 365, 1580, 11, 291, 1621, 365, 512, 11, 2318, 51105], \"temperature\": 0.0, \"avg_logprob\": -0.27764174342155457, \"compression_ratio\": 2.20652174949646, \"no_speech_prob\": 5.771797532361234e-06}, {\"id\": 78, \"seek\": 17050, \"start\": 185.72000122070312, \"end\": 186.60000610351562, \"text\": \" or you're married to someone.\", \"tokens\": [51125, 420, 291, 434, 5259, 281, 1580, 13, 51169], \"temperature\": 0.0, \"avg_logprob\": -0.27764174342155457, \"compression_ratio\": 2.20652174949646, \"no_speech_prob\": 5.771797532361234e-06}, {\"id\": 79, \"seek\": 17050, \"start\": 186.9600067138672, \"end\": 188.1199951171875, \"text\": \" You're not going to hide anything.\", \"tokens\": [51187, 509, 434, 406, 516, 281, 6479, 1340, 13, 51245], \"temperature\": 0.0, \"avg_logprob\": -0.27764174342155457, \"compression_ratio\": 2.20652174949646, \"no_speech_prob\": 5.771797532361234e-06}, {\"id\": 80, \"seek\": 17050, \"start\": 188.1199951171875, \"end\": 190.77999877929688, \"text\": \" No matter how slick you think you are, you are not going to hide anything.\", \"tokens\": [51245, 883, 1871, 577, 37406, 291, 519, 291, 366, 11, 291, 366, 406, 516, 281, 6479, 1340, 13, 51378], \"temperature\": 0.0, \"avg_logprob\": -0.27764174342155457, \"compression_ratio\": 2.20652174949646, \"no_speech_prob\": 5.771797532361234e-06}, {\"id\": 81, \"seek\": 17050, \"start\": 191.27999877929688, \"end\": 194.9199981689453, \"text\": \" Next is be clear with the people that are hitting you up.\", \"tokens\": [51403, 3087, 307, 312, 1850, 365, 264, 561, 300, 366, 8850, 291, 493, 13, 51585], \"temperature\": 0.0, \"avg_logprob\": -0.27764174342155457, \"compression_ratio\": 2.20652174949646, \"no_speech_prob\": 5.771797532361234e-06}, {\"id\": 82, \"seek\": 17050, \"start\": 195.52000427246094, \"end\": 198.67999267578125, \"text\": \" So if there's people that are out there that are hitting you up, be clear with\", \"tokens\": [51615, 407, 498, 456, 311, 561, 300, 366, 484, 456, 300, 366, 8850, 291, 493, 11, 312, 1850, 365, 51773], \"temperature\": 0.0, \"avg_logprob\": -0.27764174342155457, \"compression_ratio\": 2.20652174949646, \"no_speech_prob\": 5.771797532361234e-06}, {\"id\": 83, \"seek\": 19868, \"start\": 198.67999267578125, \"end\": 202.74000549316406, \"text\": \" them too, because people talk and there's a lot of rumors and gossip, but also\", \"tokens\": [50364, 552, 886, 11, 570, 561, 751, 293, 456, 311, 257, 688, 295, 21201, 293, 31788, 11, 457, 611, 50567], \"temperature\": 0.0, \"avg_logprob\": -0.28667137026786804, \"compression_ratio\": 1.7614378929138184, \"no_speech_prob\": 0.003123292699456215}, {\"id\": 84, \"seek\": 19868, \"start\": 203.13999938964844, \"end\": 205.77999877929688, \"text\": \" remove any fears from your significant other's mind.\", \"tokens\": [50587, 4159, 604, 15649, 490, 428, 4776, 661, 311, 1575, 13, 50719], \"temperature\": 0.0, \"avg_logprob\": -0.28667137026786804, \"compression_ratio\": 1.7614378929138184, \"no_speech_prob\": 0.003123292699456215}, {\"id\": 85, \"seek\": 19868, \"start\": 206.05999755859375, \"end\": 206.5, \"text\": \" Okay.\", \"tokens\": [50733, 1033, 13, 50755], \"temperature\": 0.0, \"avg_logprob\": -0.28667137026786804, \"compression_ratio\": 1.7614378929138184, \"no_speech_prob\": 0.003123292699456215}, {\"id\": 86, \"seek\": 19868, \"start\": 207.02000427246094, \"end\": 210.3800048828125, \"text\": \" Because if you just allow them, or you think it's cool or like strong or you\", \"tokens\": [50781, 1436, 498, 291, 445, 2089, 552, 11, 420, 291, 519, 309, 311, 1627, 420, 411, 2068, 420, 291, 50949], \"temperature\": 0.0, \"avg_logprob\": -0.28667137026786804, \"compression_ratio\": 1.7614378929138184, \"no_speech_prob\": 0.003123292699456215}, {\"id\": 87, \"seek\": 19868, \"start\": 210.3800048828125, \"end\": 212.72000122070312, \"text\": \" flex, or you get an argument and you're like, yeah, well, I got all these girls\", \"tokens\": [50949, 5896, 11, 420, 291, 483, 364, 6770, 293, 291, 434, 411, 11, 1338, 11, 731, 11, 286, 658, 439, 613, 4519, 51066], \"temperature\": 0.0, \"avg_logprob\": -0.28667137026786804, \"compression_ratio\": 1.7614378929138184, \"no_speech_prob\": 0.003123292699456215}, {\"id\": 88, \"seek\": 19868, \"start\": 212.72000122070312, \"end\": 215.5800018310547, \"text\": \" or I got all these guys, like that's going to be burned in their brain,\", \"tokens\": [51066, 420, 286, 658, 439, 613, 1074, 11, 411, 300, 311, 516, 281, 312, 13490, 294, 641, 3567, 11, 51209], \"temperature\": 0.0, \"avg_logprob\": -0.28667137026786804, \"compression_ratio\": 1.7614378929138184, \"no_speech_prob\": 0.003123292699456215}, {\"id\": 89, \"seek\": 19868, \"start\": 215.6199951171875, \"end\": 216.82000732421875, \"text\": \" the rest of your relationship.\", \"tokens\": [51211, 264, 1472, 295, 428, 2480, 13, 51271], \"temperature\": 0.0, \"avg_logprob\": -0.28667137026786804, \"compression_ratio\": 1.7614378929138184, \"no_speech_prob\": 0.003123292699456215}, {\"id\": 90, \"seek\": 19868, \"start\": 216.82000732421875, \"end\": 217.13999938964844, \"text\": \" Right.\", \"tokens\": [51271, 1779, 13, 51287], \"temperature\": 0.0, \"avg_logprob\": -0.28667137026786804, \"compression_ratio\": 1.7614378929138184, \"no_speech_prob\": 0.003123292699456215}, {\"id\": 91, \"seek\": 19868, \"start\": 217.33999633789062, \"end\": 220.5, \"text\": \" And so removing fears from people is really important.\", \"tokens\": [51297, 400, 370, 12720, 15649, 490, 561, 307, 534, 1021, 13, 51455], \"temperature\": 0.0, \"avg_logprob\": -0.28667137026786804, \"compression_ratio\": 1.7614378929138184, \"no_speech_prob\": 0.003123292699456215}, {\"id\": 92, \"seek\": 19868, \"start\": 220.86000061035156, \"end\": 225.6999969482422, \"text\": \" Uh, being blunt about communication is really important and setting clear goals\", \"tokens\": [51473, 4019, 11, 885, 32246, 466, 6101, 307, 534, 1021, 293, 3287, 1850, 5493, 51715], \"temperature\": 0.0, \"avg_logprob\": -0.28667137026786804, \"compression_ratio\": 1.7614378929138184, \"no_speech_prob\": 0.003123292699456215}, {\"id\": 93, \"seek\": 22570, \"start\": 225.6999969482422, \"end\": 229.60000610351562, \"text\": \" and guidelines and like, uh, around you is super, super important.\", \"tokens\": [50365, 293, 12470, 293, 411, 11, 2232, 11, 926, 291, 307, 1687, 11, 1687, 1021, 13, 50559], \"temperature\": 0.0, \"avg_logprob\": -0.27752697467803955, \"compression_ratio\": 0.9850746393203735, \"no_speech_prob\": 0.043355874717235565}]}"}