{"title": "Being Friends With A Woman And Being Friend-zoned Are Two Different Things ft @ArtofCharmTV", "video_id": "CJv-HiiEMUE", "video_url": "https://www.youtube.com/watch?v=CJv-HiiEMUE", "description": "Ready to build a network of amazing women and high-status men?\n\nMichael\u2019s Men of Action is a one-on-one Master\u2019s program that teaches men how to create elite social lives by becoming higher status.\n\nClick this link to learn how you can have a High-Status lifestyle now:\nhttps://m.moamentoring.com/podcast\n\nClick here to join the Men of Action community and watch the High-Status Networking 101 course:\nhttps://m.moamentoring.com/moa-community\n\u2014\u2014\u2014\u2014\u2014\u2014\u2014\u2014\u2014\u2014\u2014\u2014\u2014\u2014\u2014\u2014\u2014\u2014\u2014\u2014\n\nSubscribe on Youtube: \nhttps://www.youtube.com/user/MichaelSartain\n\nListen on Apple Podcast: \nhttps://podcasts.apple.com/us/podcast/the-michael-sartain-podcast/id1579791157\n\nListen on Spotify: \nhttps://open.spotify.com/show/2faAYwvDD9Bvkpwv6umlPO?si=8Q3ak9HnSlKjuChsTXr6YQ&dl_branch=1", "published_at": "2023-04-28T18:15:00Z", "channel_id": "UC0T1bDzajVefRWx4uKdGyuw", "channel_title": "Michael Sartain", "tags": [], "category_id": "24", "live_broadcast_content": "none", "duration": 457.0, "dimension": "2d", "definition": "hd", "caption": "false", "view_count": 6907, "like_count": 253, "comment_count": 54, "channel_info": {"title": "Michael Sartain", "description": "\ud83c\udf99Host of The\u00a0Michael Sartain Podcast \n\n\ud83d\udd25Teaching you how to build a network of desirable women and high-status men\n\n\ud83d\udc47 Click the \"Men of Action\" link below now to forge a high-status lifestyle and join the elites \n", "subscriber_count": "80500", "total_views": "29545897", "total_videos": "1481"}, "comments": [], "file_path": "/Users/aelaguiz/workspace/fc_book/audio/raws/CJv-HiiEMUE.mp3", "transcription": "{\"text\": \"Being friends with a woman and getting friend zoned are two different things. One of the things that I've noticed is when people come into, and I've talked to other coaches about this in this specific area, is that, uh, you know, some people call it attraction, comfort or attraction, rapport. It's just these two polar things where one of them makes her more comfortable when she's around you. And the other one makes her like turned on like a little, you're more alluring when the guys come to us. And I will say probably the same thing with you. Generally comfort is not the problem. Attraction is the problem. And so most of the beginning of my course is an attraction building course through, you know, preselection or whatever. Um, and then the other thing that I found is like when I asked them to make female friends, I'm like, bro, you've been doing it your whole life. You've been putting in the friend zone. It's not hard. What are some of the things that you see with your guys that get, that get them stuck in the friend zone? What are some of the things that, um, cause honestly, dude, honestly, if you could make a product right now, 100% guaranteed to get you out of the friend zone, you'd make a billion dollars. That is the Holy grail of all things that you could possibly sell. Is that one? What is the problem is once you're in it, it's, you're going to shoot your way out. Yeah. It's like socialism. There's, there's a way, there's a way out and I'll, and I'll explain it a little bit. There's a way out, but like what, what, what have you found that consistently gets the guys in it that they miss, that they misunderstand and then, uh, what are the things that they can do to avoid it? The biggest thing I notice, I'm telling you guys to be friends with women. And we're also warning you from getting friends on with women, because many of you don't understand those are two different things, being friends with a woman and getting friend zoned are two different things now. I've seen your show and it's really rad. And one of the things I've noticed, and you've probably seen it all the time, and I've seen you correct women on your show where they contradict themselves in the same sentence sitting right here. Yeah. Right. And then you, then you show them their contradiction and they're just like, they sink in their seat because they realize they've been busted for a guy that is trying to, to, to get in there. What he's going to do is he's going to bend with those contradictions. He cannot do that. Once she sees that he is reactive to her, the attraction is gone. So he has to learn to be so solid that she then becomes reactive to him. Yes, that's, that's the, that's the trick. And your analytical mind is listening to what she's saying and trying to figure out how do I become this guy? No, you already are that guy. You have to strengthen who that is. This means understanding what you want, who you are, uh, how your, your vision and reality of, of what it is, the stronger and more confident you are in the, into the world that you've created for yourself, she has to jump into that. That is her being reactive to what you've put together. If her frame is stronger and she catches that, you're a toy. Yeah. It's one of these things where I use this example all the time. Uh, I won't, you talk to a beautiful woman and she keeps talking about how much she loves Alex, the accountant and how Alex, the accountant treats her like a, a lady, and he opens her door for her and buys her flowers and how much she fucking hates Brock, the bartender. And he messages her in the middle of the night and he fucking where you add in and all this kind of stuff. And then you inevitably ask, uh, wait, did you have sex with Alex? No. Did you have sex with Brock's? Yeah. Okay. But you had sex with Brock. You keep complaining about Brock, but you, I don't wait, what, what? And then that's how you end up in the friend zone because you didn't keep that frame. You didn't understand. You didn't keep those boundaries and understand from when I tell rule number one in MOA is we don't pay attention to people's words. We don't pay attention to the words. We only pay attention to people's actions. And when you see the woman that is the woman of your dreams and only pay attention to who she sleeps with. I say this several times. I know it's offensive. Women vote with their vaginas, not with their, when they say, I like this so much. They will vote with their vagina. They will go and sleep with the guy who they're actually attracted to. Not the one they say they're attracted to. When you get over that and you start watching, who are they becoming stimulated to, who are they touching their hair and literally turning their pelvis towards because of his behavior. And then later on, they come up to, do you have a friend of mine right now? She's in town and she's like, um, she keeps telling me this dude's creepy. I think he's gay, blah, blah, blah, whatever. A week later they're dating. And then, and then she's like, man, get me away from this guy's total weirdo. Then she moves in with, she moves into his place. And I was like, I keep watching. And I'm like, do you watch what you're doing and saying she, the same girl came on the podcast and she's like, um, you know, I just really want a guy who's going to treat me like a gentleman and just like really connect with me and listen to me. I was like, tell me about your exes. They're all narcissists. Wait, what? Do you not see what's going on here? Like how, this is why when I, uh, see clips of, uh, your show or I w I was watching, uh, somehow, um, the, whatever podcast pop in just pearly things and I'm, and, and fresh and fit, you mentioned earlier, I've been watching these young kids and these younger girls are, can't even put a coherent sentence together, let alone, uh, uh, articulate an idea. And they'll, and I've seen on your show, they're like, I like men. The guy needs to be six foot three. Now there is a guy that hears that and goes, Oh shit, I'm not six foot three. And then there's a guy who says she's full of shit. Like I looked at the last one of the reasons, one of the reasons that makes my show access Vegas a little different from fresh and fit, and by the way, we're doing fresh a bit here tomorrow is that Myron is like, doesn't know the girls that are coming on and all of the girls who come on my show are friends of mine. Right. Several of them. And I'm not going to say which I've actually dated before they know. And I know the reason why it's important is because I know what your boyfriend looks like and I know what your boyfriend looks like and I know who you cheated on with and I know this, so you're going to run your mouth and I love you girl, but I'm going to fucking tell you when you're sitting there saying this shit, that isn't true. I had a girl come on there one time. She said the, she thought the average dude was six foot two. I was like, girl, that's crazy. Of course it's not six foot two. And then she started talking about a dad bod and I'm like, you're dating a male stripper saying that you're attracted to a dad bod. Please stop. Do you understand? Like, it's not just funny that you're doing this. You're also making my job harder as a performance coach because a beautiful, she's stunning. A beautiful woman like you is telling men that you're attracted to a dad bod. You know how hard it is for me to get these fucking motherfuckers to go to the gym in the first place. And you're telling them that it's okay for them to have a dad bod when it is not like, stop saying the things that make you comfortable and start saying the things that literally make your vagina wet. And she's like, Oh, okay. I get it. Cause she doesn't get, cause these girls don't get that because they'll sit there and talk about guy a and guy B and they'll complain about guy B and then, but you know, that's the one they slept with. You understand? The other one is this one drives me crazy is when we talk about preselection and women are like, that would never work on me. And I'm like, but that's not true. Like I see your boy ex boyfriends, you are attracted to them because other women were attracted to them. You know what I'm saying? And it's just, and they'll say it. And you're like, I, what you're saying is like legitimately not like you're literally saying these things and I'm watching your life and this is not what you're doing. Like, how do you square the circle? And the one is because a lot of times for very, not all women are like this, but a lot of times we're very attractive women. The whole world was a participation trophy and nobody told them no. And so that they could believe the things were the way they were. Again, I'm having this girl come on. She says she's an astrologist and I like her a lot, but I legitimately think she thinks she's going to come on here, do no research and embarrass me somehow. And I'm like, you are going to get your butt handed to you. If you come on here talking about astrology is real. I don't care that you believe in astrology. That's awesome. Get a tattoo, meet other people that are also Libras and go fuck them. That's fine. Do whatever you want. Don't tell me there's some science behind it because there isn't. \", \"segments\": [{\"id\": 0, \"seek\": 0, \"start\": 0.0, \"end\": 4.5, \"text\": \" Being friends with a woman and getting friend zoned are two different things.\", \"tokens\": [50364, 8891, 1855, 365, 257, 3059, 293, 1242, 1277, 710, 19009, 366, 732, 819, 721, 13, 50589], \"temperature\": 0.0, \"avg_logprob\": -0.28683292865753174, \"compression_ratio\": 1.85757577419281, \"no_speech_prob\": 0.00048782184603624046}, {\"id\": 1, \"seek\": 0, \"start\": 4.579999923706055, \"end\": 7.800000190734863, \"text\": \" One of the things that I've noticed is when people come into,\", \"tokens\": [50593, 1485, 295, 264, 721, 300, 286, 600, 5694, 307, 562, 561, 808, 666, 11, 50754], \"temperature\": 0.0, \"avg_logprob\": -0.28683292865753174, \"compression_ratio\": 1.85757577419281, \"no_speech_prob\": 0.00048782184603624046}, {\"id\": 2, \"seek\": 0, \"start\": 7.800000190734863, \"end\": 12.0600004196167, \"text\": \" and I've talked to other coaches about this in this specific area, is that, uh,\", \"tokens\": [50754, 293, 286, 600, 2825, 281, 661, 17503, 466, 341, 294, 341, 2685, 1859, 11, 307, 300, 11, 2232, 11, 50967], \"temperature\": 0.0, \"avg_logprob\": -0.28683292865753174, \"compression_ratio\": 1.85757577419281, \"no_speech_prob\": 0.00048782184603624046}, {\"id\": 3, \"seek\": 0, \"start\": 12.079999923706055, \"end\": 14.9399995803833, \"text\": \" you know, some people call it attraction, comfort or attraction, rapport.\", \"tokens\": [50968, 291, 458, 11, 512, 561, 818, 309, 17672, 11, 3400, 420, 17672, 11, 18018, 13, 51111], \"temperature\": 0.0, \"avg_logprob\": -0.28683292865753174, \"compression_ratio\": 1.85757577419281, \"no_speech_prob\": 0.00048782184603624046}, {\"id\": 4, \"seek\": 0, \"start\": 14.9399995803833, \"end\": 18.260000228881836, \"text\": \" It's just these two polar things where one of them makes her more comfortable\", \"tokens\": [51111, 467, 311, 445, 613, 732, 12367, 721, 689, 472, 295, 552, 1669, 720, 544, 4619, 51277], \"temperature\": 0.0, \"avg_logprob\": -0.28683292865753174, \"compression_ratio\": 1.85757577419281, \"no_speech_prob\": 0.00048782184603624046}, {\"id\": 5, \"seek\": 0, \"start\": 18.260000228881836, \"end\": 18.899999618530273, \"text\": \" when she's around you.\", \"tokens\": [51277, 562, 750, 311, 926, 291, 13, 51309], \"temperature\": 0.0, \"avg_logprob\": -0.28683292865753174, \"compression_ratio\": 1.85757577419281, \"no_speech_prob\": 0.00048782184603624046}, {\"id\": 6, \"seek\": 0, \"start\": 18.899999618530273, \"end\": 21.459999084472656, \"text\": \" And the other one makes her like turned on like a little, you're more alluring\", \"tokens\": [51309, 400, 264, 661, 472, 1669, 720, 411, 3574, 322, 411, 257, 707, 11, 291, 434, 544, 439, 1345, 51437], \"temperature\": 0.0, \"avg_logprob\": -0.28683292865753174, \"compression_ratio\": 1.85757577419281, \"no_speech_prob\": 0.00048782184603624046}, {\"id\": 7, \"seek\": 0, \"start\": 22.200000762939453, \"end\": 23.420000076293945, \"text\": \" when the guys come to us.\", \"tokens\": [51474, 562, 264, 1074, 808, 281, 505, 13, 51535], \"temperature\": 0.0, \"avg_logprob\": -0.28683292865753174, \"compression_ratio\": 1.85757577419281, \"no_speech_prob\": 0.00048782184603624046}, {\"id\": 8, \"seek\": 0, \"start\": 23.420000076293945, \"end\": 25.059999465942383, \"text\": \" And I will say probably the same thing with you.\", \"tokens\": [51535, 400, 286, 486, 584, 1391, 264, 912, 551, 365, 291, 13, 51617], \"temperature\": 0.0, \"avg_logprob\": -0.28683292865753174, \"compression_ratio\": 1.85757577419281, \"no_speech_prob\": 0.00048782184603624046}, {\"id\": 9, \"seek\": 0, \"start\": 25.540000915527344, \"end\": 27.65999984741211, \"text\": \" Generally comfort is not the problem.\", \"tokens\": [51641, 21082, 3400, 307, 406, 264, 1154, 13, 51747], \"temperature\": 0.0, \"avg_logprob\": -0.28683292865753174, \"compression_ratio\": 1.85757577419281, \"no_speech_prob\": 0.00048782184603624046}, {\"id\": 10, \"seek\": 0, \"start\": 28.059999465942383, \"end\": 29.219999313354492, \"text\": \" Attraction is the problem.\", \"tokens\": [51767, 7298, 26766, 307, 264, 1154, 13, 51825], \"temperature\": 0.0, \"avg_logprob\": -0.28683292865753174, \"compression_ratio\": 1.85757577419281, \"no_speech_prob\": 0.00048782184603624046}, {\"id\": 11, \"seek\": 2922, \"start\": 29.5, \"end\": 32.81999969482422, \"text\": \" And so most of the beginning of my course is an attraction building course\", \"tokens\": [50378, 400, 370, 881, 295, 264, 2863, 295, 452, 1164, 307, 364, 17672, 2390, 1164, 50544], \"temperature\": 0.0, \"avg_logprob\": -0.2191113531589508, \"compression_ratio\": 1.8693009614944458, \"no_speech_prob\": 2.5866907890303992e-05}, {\"id\": 12, \"seek\": 2922, \"start\": 32.81999969482422, \"end\": 34.97999954223633, \"text\": \" through, you know, preselection or whatever.\", \"tokens\": [50544, 807, 11, 291, 458, 11, 659, 405, 5450, 420, 2035, 13, 50652], \"temperature\": 0.0, \"avg_logprob\": -0.2191113531589508, \"compression_ratio\": 1.8693009614944458, \"no_speech_prob\": 2.5866907890303992e-05}, {\"id\": 13, \"seek\": 2922, \"start\": 35.5, \"end\": 38.540000915527344, \"text\": \" Um, and then the other thing that I found is like when I asked them to make\", \"tokens\": [50678, 3301, 11, 293, 550, 264, 661, 551, 300, 286, 1352, 307, 411, 562, 286, 2351, 552, 281, 652, 50830], \"temperature\": 0.0, \"avg_logprob\": -0.2191113531589508, \"compression_ratio\": 1.8693009614944458, \"no_speech_prob\": 2.5866907890303992e-05}, {\"id\": 14, \"seek\": 2922, \"start\": 38.540000915527344, \"end\": 40.2599983215332, \"text\": \" female friends, I'm like, bro, you've been doing it your whole life.\", \"tokens\": [50830, 6556, 1855, 11, 286, 478, 411, 11, 2006, 11, 291, 600, 668, 884, 309, 428, 1379, 993, 13, 50916], \"temperature\": 0.0, \"avg_logprob\": -0.2191113531589508, \"compression_ratio\": 1.8693009614944458, \"no_speech_prob\": 2.5866907890303992e-05}, {\"id\": 15, \"seek\": 2922, \"start\": 40.2599983215332, \"end\": 41.18000030517578, \"text\": \" You've been putting in the friend zone.\", \"tokens\": [50916, 509, 600, 668, 3372, 294, 264, 1277, 6668, 13, 50962], \"temperature\": 0.0, \"avg_logprob\": -0.2191113531589508, \"compression_ratio\": 1.8693009614944458, \"no_speech_prob\": 2.5866907890303992e-05}, {\"id\": 16, \"seek\": 2922, \"start\": 41.18000030517578, \"end\": 41.779998779296875, \"text\": \" It's not hard.\", \"tokens\": [50962, 467, 311, 406, 1152, 13, 50992], \"temperature\": 0.0, \"avg_logprob\": -0.2191113531589508, \"compression_ratio\": 1.8693009614944458, \"no_speech_prob\": 2.5866907890303992e-05}, {\"id\": 17, \"seek\": 2922, \"start\": 42.060001373291016, \"end\": 45.540000915527344, \"text\": \" What are some of the things that you see with your guys that get, that\", \"tokens\": [51006, 708, 366, 512, 295, 264, 721, 300, 291, 536, 365, 428, 1074, 300, 483, 11, 300, 51180], \"temperature\": 0.0, \"avg_logprob\": -0.2191113531589508, \"compression_ratio\": 1.8693009614944458, \"no_speech_prob\": 2.5866907890303992e-05}, {\"id\": 18, \"seek\": 2922, \"start\": 45.540000915527344, \"end\": 47.2599983215332, \"text\": \" get them stuck in the friend zone?\", \"tokens\": [51180, 483, 552, 5541, 294, 264, 1277, 6668, 30, 51266], \"temperature\": 0.0, \"avg_logprob\": -0.2191113531589508, \"compression_ratio\": 1.8693009614944458, \"no_speech_prob\": 2.5866907890303992e-05}, {\"id\": 19, \"seek\": 2922, \"start\": 47.459999084472656, \"end\": 50.900001525878906, \"text\": \" What are some of the things that, um, cause honestly, dude, honestly, if you\", \"tokens\": [51276, 708, 366, 512, 295, 264, 721, 300, 11, 1105, 11, 3082, 6095, 11, 6449, 11, 6095, 11, 498, 291, 51448], \"temperature\": 0.0, \"avg_logprob\": -0.2191113531589508, \"compression_ratio\": 1.8693009614944458, \"no_speech_prob\": 2.5866907890303992e-05}, {\"id\": 20, \"seek\": 2922, \"start\": 50.900001525878906, \"end\": 54.5, \"text\": \" could make a product right now, 100% guaranteed to get you out of the friend\", \"tokens\": [51448, 727, 652, 257, 1674, 558, 586, 11, 2319, 4, 18031, 281, 483, 291, 484, 295, 264, 1277, 51628], \"temperature\": 0.0, \"avg_logprob\": -0.2191113531589508, \"compression_ratio\": 1.8693009614944458, \"no_speech_prob\": 2.5866907890303992e-05}, {\"id\": 21, \"seek\": 2922, \"start\": 54.5, \"end\": 56.220001220703125, \"text\": \" zone, you'd make a billion dollars.\", \"tokens\": [51628, 6668, 11, 291, 1116, 652, 257, 5218, 3808, 13, 51714], \"temperature\": 0.0, \"avg_logprob\": -0.2191113531589508, \"compression_ratio\": 1.8693009614944458, \"no_speech_prob\": 2.5866907890303992e-05}, {\"id\": 22, \"seek\": 5622, \"start\": 56.220001220703125, \"end\": 60.099998474121094, \"text\": \" That is the Holy grail of all things that you could possibly sell.\", \"tokens\": [50364, 663, 307, 264, 6295, 1295, 388, 295, 439, 721, 300, 291, 727, 6264, 3607, 13, 50558], \"temperature\": 0.0, \"avg_logprob\": -0.3472746014595032, \"compression_ratio\": 1.8494982719421387, \"no_speech_prob\": 0.005139368586242199}, {\"id\": 23, \"seek\": 5622, \"start\": 60.099998474121094, \"end\": 60.619998931884766, \"text\": \" Is that one?\", \"tokens\": [50558, 1119, 300, 472, 30, 50584], \"temperature\": 0.0, \"avg_logprob\": -0.3472746014595032, \"compression_ratio\": 1.8494982719421387, \"no_speech_prob\": 0.005139368586242199}, {\"id\": 24, \"seek\": 5622, \"start\": 60.779998779296875, \"end\": 64.45999908447266, \"text\": \" What is the problem is once you're in it, it's, you're going to shoot your way out.\", \"tokens\": [50592, 708, 307, 264, 1154, 307, 1564, 291, 434, 294, 309, 11, 309, 311, 11, 291, 434, 516, 281, 3076, 428, 636, 484, 13, 50776], \"temperature\": 0.0, \"avg_logprob\": -0.3472746014595032, \"compression_ratio\": 1.8494982719421387, \"no_speech_prob\": 0.005139368586242199}, {\"id\": 25, \"seek\": 5622, \"start\": 64.45999908447266, \"end\": 64.69999694824219, \"text\": \" Yeah.\", \"tokens\": [50776, 865, 13, 50788], \"temperature\": 0.0, \"avg_logprob\": -0.3472746014595032, \"compression_ratio\": 1.8494982719421387, \"no_speech_prob\": 0.005139368586242199}, {\"id\": 26, \"seek\": 5622, \"start\": 64.69999694824219, \"end\": 65.77999877929688, \"text\": \" It's like socialism.\", \"tokens\": [50788, 467, 311, 411, 36112, 13, 50842], \"temperature\": 0.0, \"avg_logprob\": -0.3472746014595032, \"compression_ratio\": 1.8494982719421387, \"no_speech_prob\": 0.005139368586242199}, {\"id\": 27, \"seek\": 5622, \"start\": 66.30000305175781, \"end\": 69.5, \"text\": \" There's, there's a way, there's a way out and I'll, and I'll explain it a little bit.\", \"tokens\": [50868, 821, 311, 11, 456, 311, 257, 636, 11, 456, 311, 257, 636, 484, 293, 286, 603, 11, 293, 286, 603, 2903, 309, 257, 707, 857, 13, 51028], \"temperature\": 0.0, \"avg_logprob\": -0.3472746014595032, \"compression_ratio\": 1.8494982719421387, \"no_speech_prob\": 0.005139368586242199}, {\"id\": 28, \"seek\": 5622, \"start\": 69.58000183105469, \"end\": 72.9800033569336, \"text\": \" There's a way out, but like what, what, what have you found that consistently\", \"tokens\": [51032, 821, 311, 257, 636, 484, 11, 457, 411, 437, 11, 437, 11, 437, 362, 291, 1352, 300, 14961, 51202], \"temperature\": 0.0, \"avg_logprob\": -0.3472746014595032, \"compression_ratio\": 1.8494982719421387, \"no_speech_prob\": 0.005139368586242199}, {\"id\": 29, \"seek\": 5622, \"start\": 72.9800033569336, \"end\": 76.58000183105469, \"text\": \" gets the guys in it that they miss, that they misunderstand and then, uh, what\", \"tokens\": [51202, 2170, 264, 1074, 294, 309, 300, 436, 1713, 11, 300, 436, 35736, 293, 550, 11, 2232, 11, 437, 51382], \"temperature\": 0.0, \"avg_logprob\": -0.3472746014595032, \"compression_ratio\": 1.8494982719421387, \"no_speech_prob\": 0.005139368586242199}, {\"id\": 30, \"seek\": 5622, \"start\": 76.58000183105469, \"end\": 77.77999877929688, \"text\": \" are the things that they can do to avoid it?\", \"tokens\": [51382, 366, 264, 721, 300, 436, 393, 360, 281, 5042, 309, 30, 51442], \"temperature\": 0.0, \"avg_logprob\": -0.3472746014595032, \"compression_ratio\": 1.8494982719421387, \"no_speech_prob\": 0.005139368586242199}, {\"id\": 31, \"seek\": 5622, \"start\": 78.81999969482422, \"end\": 83.37999725341797, \"text\": \" The biggest thing I notice, I'm telling you guys to be friends with women.\", \"tokens\": [51494, 440, 3880, 551, 286, 3449, 11, 286, 478, 3585, 291, 1074, 281, 312, 1855, 365, 2266, 13, 51722], \"temperature\": 0.0, \"avg_logprob\": -0.3472746014595032, \"compression_ratio\": 1.8494982719421387, \"no_speech_prob\": 0.005139368586242199}, {\"id\": 32, \"seek\": 8338, \"start\": 83.58000183105469, \"end\": 87.45999908447266, \"text\": \" And we're also warning you from getting friends on with women, because many of\", \"tokens\": [50374, 400, 321, 434, 611, 9164, 291, 490, 1242, 1855, 322, 365, 2266, 11, 570, 867, 295, 50568], \"temperature\": 0.0, \"avg_logprob\": -0.2808442711830139, \"compression_ratio\": 1.894736886024475, \"no_speech_prob\": 0.022627511993050575}, {\"id\": 33, \"seek\": 8338, \"start\": 87.45999908447266, \"end\": 92.0999984741211, \"text\": \" you don't understand those are two different things, being friends with a\", \"tokens\": [50568, 291, 500, 380, 1223, 729, 366, 732, 819, 721, 11, 885, 1855, 365, 257, 50800], \"temperature\": 0.0, \"avg_logprob\": -0.2808442711830139, \"compression_ratio\": 1.894736886024475, \"no_speech_prob\": 0.022627511993050575}, {\"id\": 34, \"seek\": 8338, \"start\": 92.0999984741211, \"end\": 96.41999816894531, \"text\": \" woman and getting friend zoned are two different things now.\", \"tokens\": [50800, 3059, 293, 1242, 1277, 710, 19009, 366, 732, 819, 721, 586, 13, 51016], \"temperature\": 0.0, \"avg_logprob\": -0.2808442711830139, \"compression_ratio\": 1.894736886024475, \"no_speech_prob\": 0.022627511993050575}, {\"id\": 35, \"seek\": 8338, \"start\": 97.0199966430664, \"end\": 99.22000122070312, \"text\": \" I've seen your show and it's really rad.\", \"tokens\": [51046, 286, 600, 1612, 428, 855, 293, 309, 311, 534, 2843, 13, 51156], \"temperature\": 0.0, \"avg_logprob\": -0.2808442711830139, \"compression_ratio\": 1.894736886024475, \"no_speech_prob\": 0.022627511993050575}, {\"id\": 36, \"seek\": 8338, \"start\": 99.22000122070312, \"end\": 101.30000305175781, \"text\": \" And one of the things I've noticed, and you've probably seen it all the time,\", \"tokens\": [51156, 400, 472, 295, 264, 721, 286, 600, 5694, 11, 293, 291, 600, 1391, 1612, 309, 439, 264, 565, 11, 51260], \"temperature\": 0.0, \"avg_logprob\": -0.2808442711830139, \"compression_ratio\": 1.894736886024475, \"no_speech_prob\": 0.022627511993050575}, {\"id\": 37, \"seek\": 8338, \"start\": 101.30000305175781, \"end\": 104.73999786376953, \"text\": \" and I've seen you correct women on your show where they contradict themselves\", \"tokens\": [51260, 293, 286, 600, 1612, 291, 3006, 2266, 322, 428, 855, 689, 436, 28900, 2969, 51432], \"temperature\": 0.0, \"avg_logprob\": -0.2808442711830139, \"compression_ratio\": 1.894736886024475, \"no_speech_prob\": 0.022627511993050575}, {\"id\": 38, \"seek\": 8338, \"start\": 104.73999786376953, \"end\": 106.81999969482422, \"text\": \" in the same sentence sitting right here.\", \"tokens\": [51432, 294, 264, 912, 8174, 3798, 558, 510, 13, 51536], \"temperature\": 0.0, \"avg_logprob\": -0.2808442711830139, \"compression_ratio\": 1.894736886024475, \"no_speech_prob\": 0.022627511993050575}, {\"id\": 39, \"seek\": 8338, \"start\": 106.86000061035156, \"end\": 107.0199966430664, \"text\": \" Yeah.\", \"tokens\": [51538, 865, 13, 51546], \"temperature\": 0.0, \"avg_logprob\": -0.2808442711830139, \"compression_ratio\": 1.894736886024475, \"no_speech_prob\": 0.022627511993050575}, {\"id\": 40, \"seek\": 8338, \"start\": 107.05999755859375, \"end\": 107.30000305175781, \"text\": \" Right.\", \"tokens\": [51548, 1779, 13, 51560], \"temperature\": 0.0, \"avg_logprob\": -0.2808442711830139, \"compression_ratio\": 1.894736886024475, \"no_speech_prob\": 0.022627511993050575}, {\"id\": 41, \"seek\": 8338, \"start\": 107.30000305175781, \"end\": 110.05999755859375, \"text\": \" And then you, then you show them their contradiction and they're just like,\", \"tokens\": [51560, 400, 550, 291, 11, 550, 291, 855, 552, 641, 34937, 293, 436, 434, 445, 411, 11, 51698], \"temperature\": 0.0, \"avg_logprob\": -0.2808442711830139, \"compression_ratio\": 1.894736886024475, \"no_speech_prob\": 0.022627511993050575}, {\"id\": 42, \"seek\": 11006, \"start\": 110.05999755859375, \"end\": 115.5, \"text\": \" they sink in their seat because they realize they've been busted for a guy\", \"tokens\": [50364, 436, 9500, 294, 641, 6121, 570, 436, 4325, 436, 600, 668, 41074, 337, 257, 2146, 50636], \"temperature\": 0.0, \"avg_logprob\": -0.2425687313079834, \"compression_ratio\": 1.7466063499450684, \"no_speech_prob\": 0.0019569252617657185}, {\"id\": 43, \"seek\": 11006, \"start\": 115.77999877929688, \"end\": 118.26000213623047, \"text\": \" that is trying to, to, to get in there.\", \"tokens\": [50650, 300, 307, 1382, 281, 11, 281, 11, 281, 483, 294, 456, 13, 50774], \"temperature\": 0.0, \"avg_logprob\": -0.2425687313079834, \"compression_ratio\": 1.7466063499450684, \"no_speech_prob\": 0.0019569252617657185}, {\"id\": 44, \"seek\": 11006, \"start\": 118.9800033569336, \"end\": 122.62000274658203, \"text\": \" What he's going to do is he's going to bend with those contradictions.\", \"tokens\": [50810, 708, 415, 311, 516, 281, 360, 307, 415, 311, 516, 281, 11229, 365, 729, 15858, 15607, 13, 50992], \"temperature\": 0.0, \"avg_logprob\": -0.2425687313079834, \"compression_ratio\": 1.7466063499450684, \"no_speech_prob\": 0.0019569252617657185}, {\"id\": 45, \"seek\": 11006, \"start\": 123.0199966430664, \"end\": 124.94000244140625, \"text\": \" He cannot do that.\", \"tokens\": [51012, 634, 2644, 360, 300, 13, 51108], \"temperature\": 0.0, \"avg_logprob\": -0.2425687313079834, \"compression_ratio\": 1.7466063499450684, \"no_speech_prob\": 0.0019569252617657185}, {\"id\": 46, \"seek\": 11006, \"start\": 124.94000244140625, \"end\": 129.6999969482422, \"text\": \" Once she sees that he is reactive to her, the attraction is gone.\", \"tokens\": [51108, 3443, 750, 8194, 300, 415, 307, 28897, 281, 720, 11, 264, 17672, 307, 2780, 13, 51346], \"temperature\": 0.0, \"avg_logprob\": -0.2425687313079834, \"compression_ratio\": 1.7466063499450684, \"no_speech_prob\": 0.0019569252617657185}, {\"id\": 47, \"seek\": 11006, \"start\": 130.5800018310547, \"end\": 137.33999633789062, \"text\": \" So he has to learn to be so solid that she then becomes reactive to him.\", \"tokens\": [51390, 407, 415, 575, 281, 1466, 281, 312, 370, 5100, 300, 750, 550, 3643, 28897, 281, 796, 13, 51728], \"temperature\": 0.0, \"avg_logprob\": -0.2425687313079834, \"compression_ratio\": 1.7466063499450684, \"no_speech_prob\": 0.0019569252617657185}, {\"id\": 48, \"seek\": 11006, \"start\": 137.3800048828125, \"end\": 139.94000244140625, \"text\": \" Yes, that's, that's the, that's the trick.\", \"tokens\": [51730, 1079, 11, 300, 311, 11, 300, 311, 264, 11, 300, 311, 264, 4282, 13, 51858], \"temperature\": 0.0, \"avg_logprob\": -0.2425687313079834, \"compression_ratio\": 1.7466063499450684, \"no_speech_prob\": 0.0019569252617657185}, {\"id\": 49, \"seek\": 14006, \"start\": 140.17999267578125, \"end\": 143.6199951171875, \"text\": \" And your analytical mind is listening to what she's saying and trying to\", \"tokens\": [50370, 400, 428, 29579, 1575, 307, 4764, 281, 437, 750, 311, 1566, 293, 1382, 281, 50542], \"temperature\": 0.0, \"avg_logprob\": -0.22788043320178986, \"compression_ratio\": 1.68478262424469, \"no_speech_prob\": 0.0005792565061710775}, {\"id\": 50, \"seek\": 14006, \"start\": 143.6199951171875, \"end\": 145.4199981689453, \"text\": \" figure out how do I become this guy?\", \"tokens\": [50542, 2573, 484, 577, 360, 286, 1813, 341, 2146, 30, 50632], \"temperature\": 0.0, \"avg_logprob\": -0.22788043320178986, \"compression_ratio\": 1.68478262424469, \"no_speech_prob\": 0.0005792565061710775}, {\"id\": 51, \"seek\": 14006, \"start\": 145.6999969482422, \"end\": 148.02000427246094, \"text\": \" No, you already are that guy.\", \"tokens\": [50646, 883, 11, 291, 1217, 366, 300, 2146, 13, 50762], \"temperature\": 0.0, \"avg_logprob\": -0.22788043320178986, \"compression_ratio\": 1.68478262424469, \"no_speech_prob\": 0.0005792565061710775}, {\"id\": 52, \"seek\": 14006, \"start\": 148.02000427246094, \"end\": 150.25999450683594, \"text\": \" You have to strengthen who that is.\", \"tokens\": [50762, 509, 362, 281, 17045, 567, 300, 307, 13, 50874], \"temperature\": 0.0, \"avg_logprob\": -0.22788043320178986, \"compression_ratio\": 1.68478262424469, \"no_speech_prob\": 0.0005792565061710775}, {\"id\": 53, \"seek\": 14006, \"start\": 150.4600067138672, \"end\": 156.10000610351562, \"text\": \" This means understanding what you want, who you are, uh, how your, your vision\", \"tokens\": [50884, 639, 1355, 3701, 437, 291, 528, 11, 567, 291, 366, 11, 2232, 11, 577, 428, 11, 428, 5201, 51166], \"temperature\": 0.0, \"avg_logprob\": -0.22788043320178986, \"compression_ratio\": 1.68478262424469, \"no_speech_prob\": 0.0005792565061710775}, {\"id\": 54, \"seek\": 14006, \"start\": 156.10000610351562, \"end\": 160.74000549316406, \"text\": \" and reality of, of what it is, the stronger and more confident you are in\", \"tokens\": [51166, 293, 4103, 295, 11, 295, 437, 309, 307, 11, 264, 7249, 293, 544, 6679, 291, 366, 294, 51398], \"temperature\": 0.0, \"avg_logprob\": -0.22788043320178986, \"compression_ratio\": 1.68478262424469, \"no_speech_prob\": 0.0005792565061710775}, {\"id\": 55, \"seek\": 14006, \"start\": 160.74000549316406, \"end\": 165.6999969482422, \"text\": \" the, into the world that you've created for yourself, she has to jump into that.\", \"tokens\": [51398, 264, 11, 666, 264, 1002, 300, 291, 600, 2942, 337, 1803, 11, 750, 575, 281, 3012, 666, 300, 13, 51646], \"temperature\": 0.0, \"avg_logprob\": -0.22788043320178986, \"compression_ratio\": 1.68478262424469, \"no_speech_prob\": 0.0005792565061710775}, {\"id\": 56, \"seek\": 14006, \"start\": 165.86000061035156, \"end\": 168.82000732421875, \"text\": \" That is her being reactive to what you've put together.\", \"tokens\": [51654, 663, 307, 720, 885, 28897, 281, 437, 291, 600, 829, 1214, 13, 51802], \"temperature\": 0.0, \"avg_logprob\": -0.22788043320178986, \"compression_ratio\": 1.68478262424469, \"no_speech_prob\": 0.0005792565061710775}, {\"id\": 57, \"seek\": 16882, \"start\": 169.3000030517578, \"end\": 174.22000122070312, \"text\": \" If her frame is stronger and she catches that, you're a toy.\", \"tokens\": [50388, 759, 720, 3920, 307, 7249, 293, 750, 25496, 300, 11, 291, 434, 257, 12058, 13, 50634], \"temperature\": 0.0, \"avg_logprob\": -0.23550072312355042, \"compression_ratio\": 1.796875, \"no_speech_prob\": 1.2805312508135103e-05}, {\"id\": 58, \"seek\": 16882, \"start\": 174.33999633789062, \"end\": 174.5800018310547, \"text\": \" Yeah.\", \"tokens\": [50640, 865, 13, 50652], \"temperature\": 0.0, \"avg_logprob\": -0.23550072312355042, \"compression_ratio\": 1.796875, \"no_speech_prob\": 1.2805312508135103e-05}, {\"id\": 59, \"seek\": 16882, \"start\": 174.5800018310547, \"end\": 177.5, \"text\": \" It's one of these things where I use this example all the time.\", \"tokens\": [50652, 467, 311, 472, 295, 613, 721, 689, 286, 764, 341, 1365, 439, 264, 565, 13, 50798], \"temperature\": 0.0, \"avg_logprob\": -0.23550072312355042, \"compression_ratio\": 1.796875, \"no_speech_prob\": 1.2805312508135103e-05}, {\"id\": 60, \"seek\": 16882, \"start\": 177.77999877929688, \"end\": 181.33999633789062, \"text\": \" Uh, I won't, you talk to a beautiful woman and she keeps talking about how\", \"tokens\": [50812, 4019, 11, 286, 1582, 380, 11, 291, 751, 281, 257, 2238, 3059, 293, 750, 5965, 1417, 466, 577, 50990], \"temperature\": 0.0, \"avg_logprob\": -0.23550072312355042, \"compression_ratio\": 1.796875, \"no_speech_prob\": 1.2805312508135103e-05}, {\"id\": 61, \"seek\": 16882, \"start\": 181.33999633789062, \"end\": 184.33999633789062, \"text\": \" much she loves Alex, the accountant and how Alex, the accountant treats her\", \"tokens\": [50990, 709, 750, 6752, 5202, 11, 264, 43898, 293, 577, 5202, 11, 264, 43898, 19566, 720, 51140], \"temperature\": 0.0, \"avg_logprob\": -0.23550072312355042, \"compression_ratio\": 1.796875, \"no_speech_prob\": 1.2805312508135103e-05}, {\"id\": 62, \"seek\": 16882, \"start\": 184.33999633789062, \"end\": 188.3800048828125, \"text\": \" like a, a lady, and he opens her door for her and buys her flowers and how much\", \"tokens\": [51140, 411, 257, 11, 257, 7262, 11, 293, 415, 9870, 720, 2853, 337, 720, 293, 28153, 720, 8085, 293, 577, 709, 51342], \"temperature\": 0.0, \"avg_logprob\": -0.23550072312355042, \"compression_ratio\": 1.796875, \"no_speech_prob\": 1.2805312508135103e-05}, {\"id\": 63, \"seek\": 16882, \"start\": 188.3800048828125, \"end\": 190.10000610351562, \"text\": \" she fucking hates Brock, the bartender.\", \"tokens\": [51342, 750, 5546, 23000, 32093, 11, 264, 44768, 3216, 13, 51428], \"temperature\": 0.0, \"avg_logprob\": -0.23550072312355042, \"compression_ratio\": 1.796875, \"no_speech_prob\": 1.2805312508135103e-05}, {\"id\": 64, \"seek\": 16882, \"start\": 190.22000122070312, \"end\": 193.13999938964844, \"text\": \" And he messages her in the middle of the night and he fucking where you\", \"tokens\": [51434, 400, 415, 7897, 720, 294, 264, 2808, 295, 264, 1818, 293, 415, 5546, 689, 291, 51580], \"temperature\": 0.0, \"avg_logprob\": -0.23550072312355042, \"compression_ratio\": 1.796875, \"no_speech_prob\": 1.2805312508135103e-05}, {\"id\": 65, \"seek\": 16882, \"start\": 193.13999938964844, \"end\": 194.33999633789062, \"text\": \" add in and all this kind of stuff.\", \"tokens\": [51580, 909, 294, 293, 439, 341, 733, 295, 1507, 13, 51640], \"temperature\": 0.0, \"avg_logprob\": -0.23550072312355042, \"compression_ratio\": 1.796875, \"no_speech_prob\": 1.2805312508135103e-05}, {\"id\": 66, \"seek\": 16882, \"start\": 194.33999633789062, \"end\": 198.25999450683594, \"text\": \" And then you inevitably ask, uh, wait, did you have sex with Alex?\", \"tokens\": [51640, 400, 550, 291, 28171, 1029, 11, 2232, 11, 1699, 11, 630, 291, 362, 3260, 365, 5202, 30, 51836], \"temperature\": 0.0, \"avg_logprob\": -0.23550072312355042, \"compression_ratio\": 1.796875, \"no_speech_prob\": 1.2805312508135103e-05}, {\"id\": 67, \"seek\": 19826, \"start\": 198.3800048828125, \"end\": 198.74000549316406, \"text\": \" No.\", \"tokens\": [50370, 883, 13, 50388], \"temperature\": 0.0, \"avg_logprob\": -0.24253349006175995, \"compression_ratio\": 1.9345794916152954, \"no_speech_prob\": 2.392312126175966e-05}, {\"id\": 68, \"seek\": 19826, \"start\": 198.89999389648438, \"end\": 199.86000061035156, \"text\": \" Did you have sex with Brock's?\", \"tokens\": [50396, 2589, 291, 362, 3260, 365, 32093, 311, 30, 50444], \"temperature\": 0.0, \"avg_logprob\": -0.24253349006175995, \"compression_ratio\": 1.9345794916152954, \"no_speech_prob\": 2.392312126175966e-05}, {\"id\": 69, \"seek\": 19826, \"start\": 200.25999450683594, \"end\": 200.66000366210938, \"text\": \" Yeah.\", \"tokens\": [50464, 865, 13, 50484], \"temperature\": 0.0, \"avg_logprob\": -0.24253349006175995, \"compression_ratio\": 1.9345794916152954, \"no_speech_prob\": 2.392312126175966e-05}, {\"id\": 70, \"seek\": 19826, \"start\": 200.94000244140625, \"end\": 201.13999938964844, \"text\": \" Okay.\", \"tokens\": [50498, 1033, 13, 50508], \"temperature\": 0.0, \"avg_logprob\": -0.24253349006175995, \"compression_ratio\": 1.9345794916152954, \"no_speech_prob\": 2.392312126175966e-05}, {\"id\": 71, \"seek\": 19826, \"start\": 201.3800048828125, \"end\": 202.33999633789062, \"text\": \" But you had sex with Brock.\", \"tokens\": [50520, 583, 291, 632, 3260, 365, 32093, 13, 50568], \"temperature\": 0.0, \"avg_logprob\": -0.24253349006175995, \"compression_ratio\": 1.9345794916152954, \"no_speech_prob\": 2.392312126175966e-05}, {\"id\": 72, \"seek\": 19826, \"start\": 202.3800048828125, \"end\": 205.89999389648438, \"text\": \" You keep complaining about Brock, but you, I don't wait, what, what?\", \"tokens\": [50570, 509, 1066, 20740, 466, 32093, 11, 457, 291, 11, 286, 500, 380, 1699, 11, 437, 11, 437, 30, 50746], \"temperature\": 0.0, \"avg_logprob\": -0.24253349006175995, \"compression_ratio\": 1.9345794916152954, \"no_speech_prob\": 2.392312126175966e-05}, {\"id\": 73, \"seek\": 19826, \"start\": 205.94000244140625, \"end\": 207.6999969482422, \"text\": \" And then that's how you end up in the friend zone because\", \"tokens\": [50748, 400, 550, 300, 311, 577, 291, 917, 493, 294, 264, 1277, 6668, 570, 50836], \"temperature\": 0.0, \"avg_logprob\": -0.24253349006175995, \"compression_ratio\": 1.9345794916152954, \"no_speech_prob\": 2.392312126175966e-05}, {\"id\": 74, \"seek\": 19826, \"start\": 207.6999969482422, \"end\": 209.13999938964844, \"text\": \" you didn't keep that frame.\", \"tokens\": [50836, 291, 994, 380, 1066, 300, 3920, 13, 50908], \"temperature\": 0.0, \"avg_logprob\": -0.24253349006175995, \"compression_ratio\": 1.9345794916152954, \"no_speech_prob\": 2.392312126175966e-05}, {\"id\": 75, \"seek\": 19826, \"start\": 209.13999938964844, \"end\": 209.97999572753906, \"text\": \" You didn't understand.\", \"tokens\": [50908, 509, 994, 380, 1223, 13, 50950], \"temperature\": 0.0, \"avg_logprob\": -0.24253349006175995, \"compression_ratio\": 1.9345794916152954, \"no_speech_prob\": 2.392312126175966e-05}, {\"id\": 76, \"seek\": 19826, \"start\": 210.25999450683594, \"end\": 214.10000610351562, \"text\": \" You didn't keep those boundaries and understand from when I tell rule\", \"tokens\": [50964, 509, 994, 380, 1066, 729, 13180, 293, 1223, 490, 562, 286, 980, 4978, 51156], \"temperature\": 0.0, \"avg_logprob\": -0.24253349006175995, \"compression_ratio\": 1.9345794916152954, \"no_speech_prob\": 2.392312126175966e-05}, {\"id\": 77, \"seek\": 19826, \"start\": 214.10000610351562, \"end\": 216.5800018310547, \"text\": \" number one in MOA is we don't pay attention to people's words.\", \"tokens\": [51156, 1230, 472, 294, 19290, 32, 307, 321, 500, 380, 1689, 3202, 281, 561, 311, 2283, 13, 51280], \"temperature\": 0.0, \"avg_logprob\": -0.24253349006175995, \"compression_ratio\": 1.9345794916152954, \"no_speech_prob\": 2.392312126175966e-05}, {\"id\": 78, \"seek\": 19826, \"start\": 216.5800018310547, \"end\": 217.4199981689453, \"text\": \" We don't pay attention to the words.\", \"tokens\": [51280, 492, 500, 380, 1689, 3202, 281, 264, 2283, 13, 51322], \"temperature\": 0.0, \"avg_logprob\": -0.24253349006175995, \"compression_ratio\": 1.9345794916152954, \"no_speech_prob\": 2.392312126175966e-05}, {\"id\": 79, \"seek\": 19826, \"start\": 217.4199981689453, \"end\": 218.66000366210938, \"text\": \" We only pay attention to people's actions.\", \"tokens\": [51322, 492, 787, 1689, 3202, 281, 561, 311, 5909, 13, 51384], \"temperature\": 0.0, \"avg_logprob\": -0.24253349006175995, \"compression_ratio\": 1.9345794916152954, \"no_speech_prob\": 2.392312126175966e-05}, {\"id\": 80, \"seek\": 19826, \"start\": 219.22000122070312, \"end\": 222.86000061035156, \"text\": \" And when you see the woman that is the woman of your dreams and only\", \"tokens\": [51412, 400, 562, 291, 536, 264, 3059, 300, 307, 264, 3059, 295, 428, 7505, 293, 787, 51594], \"temperature\": 0.0, \"avg_logprob\": -0.24253349006175995, \"compression_ratio\": 1.9345794916152954, \"no_speech_prob\": 2.392312126175966e-05}, {\"id\": 81, \"seek\": 19826, \"start\": 222.86000061035156, \"end\": 224.3000030517578, \"text\": \" pay attention to who she sleeps with.\", \"tokens\": [51594, 1689, 3202, 281, 567, 750, 37991, 365, 13, 51666], \"temperature\": 0.0, \"avg_logprob\": -0.24253349006175995, \"compression_ratio\": 1.9345794916152954, \"no_speech_prob\": 2.392312126175966e-05}, {\"id\": 82, \"seek\": 19826, \"start\": 224.3000030517578, \"end\": 225.5800018310547, \"text\": \" I say this several times.\", \"tokens\": [51666, 286, 584, 341, 2940, 1413, 13, 51730], \"temperature\": 0.0, \"avg_logprob\": -0.24253349006175995, \"compression_ratio\": 1.9345794916152954, \"no_speech_prob\": 2.392312126175966e-05}, {\"id\": 83, \"seek\": 19826, \"start\": 225.5800018310547, \"end\": 226.25999450683594, \"text\": \" I know it's offensive.\", \"tokens\": [51730, 286, 458, 309, 311, 15710, 13, 51764], \"temperature\": 0.0, \"avg_logprob\": -0.24253349006175995, \"compression_ratio\": 1.9345794916152954, \"no_speech_prob\": 2.392312126175966e-05}, {\"id\": 84, \"seek\": 22626, \"start\": 226.4199981689453, \"end\": 229.89999389648438, \"text\": \" Women vote with their vaginas, not with their, when they say, I like this so much.\", \"tokens\": [50372, 11065, 4740, 365, 641, 13501, 17094, 11, 406, 365, 641, 11, 562, 436, 584, 11, 286, 411, 341, 370, 709, 13, 50546], \"temperature\": 0.0, \"avg_logprob\": -0.2580757439136505, \"compression_ratio\": 1.9134328365325928, \"no_speech_prob\": 0.00015843207074794918}, {\"id\": 85, \"seek\": 22626, \"start\": 230.05999755859375, \"end\": 231.22000122070312, \"text\": \" They will vote with their vagina.\", \"tokens\": [50554, 814, 486, 4740, 365, 641, 38963, 13, 50612], \"temperature\": 0.0, \"avg_logprob\": -0.2580757439136505, \"compression_ratio\": 1.9134328365325928, \"no_speech_prob\": 0.00015843207074794918}, {\"id\": 86, \"seek\": 22626, \"start\": 231.25999450683594, \"end\": 234.25999450683594, \"text\": \" They will go and sleep with the guy who they're actually attracted to.\", \"tokens\": [50614, 814, 486, 352, 293, 2817, 365, 264, 2146, 567, 436, 434, 767, 15912, 281, 13, 50764], \"temperature\": 0.0, \"avg_logprob\": -0.2580757439136505, \"compression_ratio\": 1.9134328365325928, \"no_speech_prob\": 0.00015843207074794918}, {\"id\": 87, \"seek\": 22626, \"start\": 234.25999450683594, \"end\": 235.94000244140625, \"text\": \" Not the one they say they're attracted to.\", \"tokens\": [50764, 1726, 264, 472, 436, 584, 436, 434, 15912, 281, 13, 50848], \"temperature\": 0.0, \"avg_logprob\": -0.2580757439136505, \"compression_ratio\": 1.9134328365325928, \"no_speech_prob\": 0.00015843207074794918}, {\"id\": 88, \"seek\": 22626, \"start\": 236.3800048828125, \"end\": 239.6199951171875, \"text\": \" When you get over that and you start watching, who are they becoming\", \"tokens\": [50870, 1133, 291, 483, 670, 300, 293, 291, 722, 1976, 11, 567, 366, 436, 5617, 51032], \"temperature\": 0.0, \"avg_logprob\": -0.2580757439136505, \"compression_ratio\": 1.9134328365325928, \"no_speech_prob\": 0.00015843207074794918}, {\"id\": 89, \"seek\": 22626, \"start\": 239.6199951171875, \"end\": 242.89999389648438, \"text\": \" stimulated to, who are they touching their hair and literally turning their\", \"tokens\": [51032, 8983, 6987, 281, 11, 567, 366, 436, 11175, 641, 2578, 293, 3736, 6246, 641, 51196], \"temperature\": 0.0, \"avg_logprob\": -0.2580757439136505, \"compression_ratio\": 1.9134328365325928, \"no_speech_prob\": 0.00015843207074794918}, {\"id\": 90, \"seek\": 22626, \"start\": 242.89999389648438, \"end\": 245.13999938964844, \"text\": \" pelvis towards because of his behavior.\", \"tokens\": [51196, 34617, 3030, 570, 295, 702, 5223, 13, 51308], \"temperature\": 0.0, \"avg_logprob\": -0.2580757439136505, \"compression_ratio\": 1.9134328365325928, \"no_speech_prob\": 0.00015843207074794918}, {\"id\": 91, \"seek\": 22626, \"start\": 245.17999267578125, \"end\": 247.5, \"text\": \" And then later on, they come up to, do you have a friend of mine right now?\", \"tokens\": [51310, 400, 550, 1780, 322, 11, 436, 808, 493, 281, 11, 360, 291, 362, 257, 1277, 295, 3892, 558, 586, 30, 51426], \"temperature\": 0.0, \"avg_logprob\": -0.2580757439136505, \"compression_ratio\": 1.9134328365325928, \"no_speech_prob\": 0.00015843207074794918}, {\"id\": 92, \"seek\": 22626, \"start\": 247.5800018310547, \"end\": 251.02000427246094, \"text\": \" She's in town and she's like, um, she keeps telling me this dude's creepy.\", \"tokens\": [51430, 1240, 311, 294, 3954, 293, 750, 311, 411, 11, 1105, 11, 750, 5965, 3585, 385, 341, 6449, 311, 14717, 13, 51602], \"temperature\": 0.0, \"avg_logprob\": -0.2580757439136505, \"compression_ratio\": 1.9134328365325928, \"no_speech_prob\": 0.00015843207074794918}, {\"id\": 93, \"seek\": 22626, \"start\": 251.02000427246094, \"end\": 252.5, \"text\": \" I think he's gay, blah, blah, blah, whatever.\", \"tokens\": [51602, 286, 519, 415, 311, 9049, 11, 12288, 11, 12288, 11, 12288, 11, 2035, 13, 51676], \"temperature\": 0.0, \"avg_logprob\": -0.2580757439136505, \"compression_ratio\": 1.9134328365325928, \"no_speech_prob\": 0.00015843207074794918}, {\"id\": 94, \"seek\": 22626, \"start\": 252.77999877929688, \"end\": 253.66000366210938, \"text\": \" A week later they're dating.\", \"tokens\": [51690, 316, 1243, 1780, 436, 434, 10689, 13, 51734], \"temperature\": 0.0, \"avg_logprob\": -0.2580757439136505, \"compression_ratio\": 1.9134328365325928, \"no_speech_prob\": 0.00015843207074794918}, {\"id\": 95, \"seek\": 25366, \"start\": 254.02000427246094, \"end\": 256.8999938964844, \"text\": \" And then, and then she's like, man, get me away from this guy's total weirdo.\", \"tokens\": [50382, 400, 550, 11, 293, 550, 750, 311, 411, 11, 587, 11, 483, 385, 1314, 490, 341, 2146, 311, 3217, 3657, 78, 13, 50526], \"temperature\": 0.0, \"avg_logprob\": -0.2585361897945404, \"compression_ratio\": 1.8532110452651978, \"no_speech_prob\": 5.562099249800667e-05}, {\"id\": 96, \"seek\": 25366, \"start\": 256.9800109863281, \"end\": 258.82000732421875, \"text\": \" Then she moves in with, she moves into his place.\", \"tokens\": [50530, 1396, 750, 6067, 294, 365, 11, 750, 6067, 666, 702, 1081, 13, 50622], \"temperature\": 0.0, \"avg_logprob\": -0.2585361897945404, \"compression_ratio\": 1.8532110452651978, \"no_speech_prob\": 5.562099249800667e-05}, {\"id\": 97, \"seek\": 25366, \"start\": 259.05999755859375, \"end\": 260.1000061035156, \"text\": \" And I was like, I keep watching.\", \"tokens\": [50634, 400, 286, 390, 411, 11, 286, 1066, 1976, 13, 50686], \"temperature\": 0.0, \"avg_logprob\": -0.2585361897945404, \"compression_ratio\": 1.8532110452651978, \"no_speech_prob\": 5.562099249800667e-05}, {\"id\": 98, \"seek\": 25366, \"start\": 260.1000061035156, \"end\": 264.260009765625, \"text\": \" And I'm like, do you watch what you're doing and saying she, the same girl\", \"tokens\": [50686, 400, 286, 478, 411, 11, 360, 291, 1159, 437, 291, 434, 884, 293, 1566, 750, 11, 264, 912, 2013, 50894], \"temperature\": 0.0, \"avg_logprob\": -0.2585361897945404, \"compression_ratio\": 1.8532110452651978, \"no_speech_prob\": 5.562099249800667e-05}, {\"id\": 99, \"seek\": 25366, \"start\": 264.260009765625, \"end\": 267.5400085449219, \"text\": \" came on the podcast and she's like, um, you know, I just really want a guy\", \"tokens\": [50894, 1361, 322, 264, 7367, 293, 750, 311, 411, 11, 1105, 11, 291, 458, 11, 286, 445, 534, 528, 257, 2146, 51058], \"temperature\": 0.0, \"avg_logprob\": -0.2585361897945404, \"compression_ratio\": 1.8532110452651978, \"no_speech_prob\": 5.562099249800667e-05}, {\"id\": 100, \"seek\": 25366, \"start\": 267.5400085449219, \"end\": 269.739990234375, \"text\": \" who's going to treat me like a gentleman and just like really\", \"tokens\": [51058, 567, 311, 516, 281, 2387, 385, 411, 257, 15761, 293, 445, 411, 534, 51168], \"temperature\": 0.0, \"avg_logprob\": -0.2585361897945404, \"compression_ratio\": 1.8532110452651978, \"no_speech_prob\": 5.562099249800667e-05}, {\"id\": 101, \"seek\": 25366, \"start\": 269.739990234375, \"end\": 270.8599853515625, \"text\": \" connect with me and listen to me.\", \"tokens\": [51168, 1745, 365, 385, 293, 2140, 281, 385, 13, 51224], \"temperature\": 0.0, \"avg_logprob\": -0.2585361897945404, \"compression_ratio\": 1.8532110452651978, \"no_speech_prob\": 5.562099249800667e-05}, {\"id\": 102, \"seek\": 25366, \"start\": 270.8599853515625, \"end\": 271.8599853515625, \"text\": \" I was like, tell me about your exes.\", \"tokens\": [51224, 286, 390, 411, 11, 980, 385, 466, 428, 454, 279, 13, 51274], \"temperature\": 0.0, \"avg_logprob\": -0.2585361897945404, \"compression_ratio\": 1.8532110452651978, \"no_speech_prob\": 5.562099249800667e-05}, {\"id\": 103, \"seek\": 25366, \"start\": 271.8999938964844, \"end\": 272.739990234375, \"text\": \" They're all narcissists.\", \"tokens\": [51276, 814, 434, 439, 25771, 1751, 13, 51318], \"temperature\": 0.0, \"avg_logprob\": -0.2585361897945404, \"compression_ratio\": 1.8532110452651978, \"no_speech_prob\": 5.562099249800667e-05}, {\"id\": 104, \"seek\": 25366, \"start\": 272.82000732421875, \"end\": 273.6600036621094, \"text\": \" Wait, what?\", \"tokens\": [51322, 3802, 11, 437, 30, 51364], \"temperature\": 0.0, \"avg_logprob\": -0.2585361897945404, \"compression_ratio\": 1.8532110452651978, \"no_speech_prob\": 5.562099249800667e-05}, {\"id\": 105, \"seek\": 25366, \"start\": 273.6600036621094, \"end\": 276.29998779296875, \"text\": \" Do you not see what's going on here?\", \"tokens\": [51364, 1144, 291, 406, 536, 437, 311, 516, 322, 510, 30, 51496], \"temperature\": 0.0, \"avg_logprob\": -0.2585361897945404, \"compression_ratio\": 1.8532110452651978, \"no_speech_prob\": 5.562099249800667e-05}, {\"id\": 106, \"seek\": 25366, \"start\": 276.29998779296875, \"end\": 276.739990234375, \"text\": \" Like how,\", \"tokens\": [51496, 1743, 577, 11, 51518], \"temperature\": 0.0, \"avg_logprob\": -0.2585361897945404, \"compression_ratio\": 1.8532110452651978, \"no_speech_prob\": 5.562099249800667e-05}, {\"id\": 107, \"seek\": 25366, \"start\": 276.8599853515625, \"end\": 282.82000732421875, \"text\": \" this is why when I, uh, see clips of, uh, your show or I w I was watching, uh,\", \"tokens\": [51524, 341, 307, 983, 562, 286, 11, 2232, 11, 536, 13117, 295, 11, 2232, 11, 428, 855, 420, 286, 261, 286, 390, 1976, 11, 2232, 11, 51822], \"temperature\": 0.0, \"avg_logprob\": -0.2585361897945404, \"compression_ratio\": 1.8532110452651978, \"no_speech_prob\": 5.562099249800667e-05}, {\"id\": 108, \"seek\": 28282, \"start\": 282.82000732421875, \"end\": 287.6600036621094, \"text\": \" somehow, um, the, whatever podcast pop in just pearly things and I'm, and, and\", \"tokens\": [50364, 6063, 11, 1105, 11, 264, 11, 2035, 7367, 1665, 294, 445, 37320, 356, 721, 293, 286, 478, 11, 293, 11, 293, 50606], \"temperature\": 0.0, \"avg_logprob\": -0.32884395122528076, \"compression_ratio\": 1.7412587404251099, \"no_speech_prob\": 0.00010888710676226765}, {\"id\": 109, \"seek\": 28282, \"start\": 287.6600036621094, \"end\": 291.4200134277344, \"text\": \" fresh and fit, you mentioned earlier, I've been watching these young kids and\", \"tokens\": [50606, 4451, 293, 3318, 11, 291, 2835, 3071, 11, 286, 600, 668, 1976, 613, 2037, 2301, 293, 50794], \"temperature\": 0.0, \"avg_logprob\": -0.32884395122528076, \"compression_ratio\": 1.7412587404251099, \"no_speech_prob\": 0.00010888710676226765}, {\"id\": 110, \"seek\": 28282, \"start\": 291.82000732421875, \"end\": 295.70001220703125, \"text\": \" these younger girls are, can't even put a coherent sentence together, let\", \"tokens\": [50814, 613, 7037, 4519, 366, 11, 393, 380, 754, 829, 257, 36239, 8174, 1214, 11, 718, 51008], \"temperature\": 0.0, \"avg_logprob\": -0.32884395122528076, \"compression_ratio\": 1.7412587404251099, \"no_speech_prob\": 0.00010888710676226765}, {\"id\": 111, \"seek\": 28282, \"start\": 295.70001220703125, \"end\": 298.6199951171875, \"text\": \" alone, uh, uh, articulate an idea.\", \"tokens\": [51008, 3312, 11, 2232, 11, 2232, 11, 30305, 364, 1558, 13, 51154], \"temperature\": 0.0, \"avg_logprob\": -0.32884395122528076, \"compression_ratio\": 1.7412587404251099, \"no_speech_prob\": 0.00010888710676226765}, {\"id\": 112, \"seek\": 28282, \"start\": 299.4599914550781, \"end\": 302.4599914550781, \"text\": \" And they'll, and I've seen on your show, they're like, I like men.\", \"tokens\": [51196, 400, 436, 603, 11, 293, 286, 600, 1612, 322, 428, 855, 11, 436, 434, 411, 11, 286, 411, 1706, 13, 51346], \"temperature\": 0.0, \"avg_logprob\": -0.32884395122528076, \"compression_ratio\": 1.7412587404251099, \"no_speech_prob\": 0.00010888710676226765}, {\"id\": 113, \"seek\": 28282, \"start\": 303.0199890136719, \"end\": 304.6199951171875, \"text\": \" The guy needs to be six foot three.\", \"tokens\": [51374, 440, 2146, 2203, 281, 312, 2309, 2671, 1045, 13, 51454], \"temperature\": 0.0, \"avg_logprob\": -0.32884395122528076, \"compression_ratio\": 1.7412587404251099, \"no_speech_prob\": 0.00010888710676226765}, {\"id\": 114, \"seek\": 28282, \"start\": 304.8999938964844, \"end\": 308.17999267578125, \"text\": \" Now there is a guy that hears that and goes, Oh shit, I'm not six foot three.\", \"tokens\": [51468, 823, 456, 307, 257, 2146, 300, 25688, 300, 293, 1709, 11, 876, 4611, 11, 286, 478, 406, 2309, 2671, 1045, 13, 51632], \"temperature\": 0.0, \"avg_logprob\": -0.32884395122528076, \"compression_ratio\": 1.7412587404251099, \"no_speech_prob\": 0.00010888710676226765}, {\"id\": 115, \"seek\": 28282, \"start\": 308.6600036621094, \"end\": 310.6600036621094, \"text\": \" And then there's a guy who says she's full of shit.\", \"tokens\": [51656, 400, 550, 456, 311, 257, 2146, 567, 1619, 750, 311, 1577, 295, 4611, 13, 51756], \"temperature\": 0.0, \"avg_logprob\": -0.32884395122528076, \"compression_ratio\": 1.7412587404251099, \"no_speech_prob\": 0.00010888710676226765}, {\"id\": 116, \"seek\": 31066, \"start\": 311.6600036621094, \"end\": 316.29998779296875, \"text\": \" Like I looked at the last one of the reasons, one of the reasons that makes my\", \"tokens\": [50414, 1743, 286, 2956, 412, 264, 1036, 472, 295, 264, 4112, 11, 472, 295, 264, 4112, 300, 1669, 452, 50646], \"temperature\": 0.0, \"avg_logprob\": -0.25564083456993103, \"compression_ratio\": 1.9697885513305664, \"no_speech_prob\": 0.0011878472287207842}, {\"id\": 117, \"seek\": 31066, \"start\": 316.29998779296875, \"end\": 318.7799987792969, \"text\": \" show access Vegas a little different from fresh and fit, and by the way, we're\", \"tokens\": [50646, 855, 2105, 15841, 257, 707, 819, 490, 4451, 293, 3318, 11, 293, 538, 264, 636, 11, 321, 434, 50770], \"temperature\": 0.0, \"avg_logprob\": -0.25564083456993103, \"compression_ratio\": 1.9697885513305664, \"no_speech_prob\": 0.0011878472287207842}, {\"id\": 118, \"seek\": 31066, \"start\": 318.7799987792969, \"end\": 322.8599853515625, \"text\": \" doing fresh a bit here tomorrow is that Myron is like, doesn't know the girls\", \"tokens\": [50770, 884, 4451, 257, 857, 510, 4153, 307, 300, 1222, 2044, 307, 411, 11, 1177, 380, 458, 264, 4519, 50974], \"temperature\": 0.0, \"avg_logprob\": -0.25564083456993103, \"compression_ratio\": 1.9697885513305664, \"no_speech_prob\": 0.0011878472287207842}, {\"id\": 119, \"seek\": 31066, \"start\": 322.8599853515625, \"end\": 326.0199890136719, \"text\": \" that are coming on and all of the girls who come on my show are friends of mine.\", \"tokens\": [50974, 300, 366, 1348, 322, 293, 439, 295, 264, 4519, 567, 808, 322, 452, 855, 366, 1855, 295, 3892, 13, 51132], \"temperature\": 0.0, \"avg_logprob\": -0.25564083456993103, \"compression_ratio\": 1.9697885513305664, \"no_speech_prob\": 0.0011878472287207842}, {\"id\": 120, \"seek\": 31066, \"start\": 326.260009765625, \"end\": 326.5799865722656, \"text\": \" Right.\", \"tokens\": [51144, 1779, 13, 51160], \"temperature\": 0.0, \"avg_logprob\": -0.25564083456993103, \"compression_ratio\": 1.9697885513305664, \"no_speech_prob\": 0.0011878472287207842}, {\"id\": 121, \"seek\": 31066, \"start\": 326.5799865722656, \"end\": 327.17999267578125, \"text\": \" Several of them.\", \"tokens\": [51160, 22246, 295, 552, 13, 51190], \"temperature\": 0.0, \"avg_logprob\": -0.25564083456993103, \"compression_ratio\": 1.9697885513305664, \"no_speech_prob\": 0.0011878472287207842}, {\"id\": 122, \"seek\": 31066, \"start\": 327.17999267578125, \"end\": 329.7799987792969, \"text\": \" And I'm not going to say which I've actually dated before they know.\", \"tokens\": [51190, 400, 286, 478, 406, 516, 281, 584, 597, 286, 600, 767, 23804, 949, 436, 458, 13, 51320], \"temperature\": 0.0, \"avg_logprob\": -0.25564083456993103, \"compression_ratio\": 1.9697885513305664, \"no_speech_prob\": 0.0011878472287207842}, {\"id\": 123, \"seek\": 31066, \"start\": 329.82000732421875, \"end\": 333.5400085449219, \"text\": \" And I know the reason why it's important is because I know what your boyfriend\", \"tokens\": [51322, 400, 286, 458, 264, 1778, 983, 309, 311, 1021, 307, 570, 286, 458, 437, 428, 11457, 51508], \"temperature\": 0.0, \"avg_logprob\": -0.25564083456993103, \"compression_ratio\": 1.9697885513305664, \"no_speech_prob\": 0.0011878472287207842}, {\"id\": 124, \"seek\": 31066, \"start\": 333.5400085449219, \"end\": 336.6600036621094, \"text\": \" looks like and I know what your boyfriend looks like and I know who you cheated on\", \"tokens\": [51508, 1542, 411, 293, 286, 458, 437, 428, 11457, 1542, 411, 293, 286, 458, 567, 291, 28079, 322, 51664], \"temperature\": 0.0, \"avg_logprob\": -0.25564083456993103, \"compression_ratio\": 1.9697885513305664, \"no_speech_prob\": 0.0011878472287207842}, {\"id\": 125, \"seek\": 31066, \"start\": 336.6600036621094, \"end\": 340.1000061035156, \"text\": \" with and I know this, so you're going to run your mouth and I love you girl, but\", \"tokens\": [51664, 365, 293, 286, 458, 341, 11, 370, 291, 434, 516, 281, 1190, 428, 4525, 293, 286, 959, 291, 2013, 11, 457, 51836], \"temperature\": 0.0, \"avg_logprob\": -0.25564083456993103, \"compression_ratio\": 1.9697885513305664, \"no_speech_prob\": 0.0011878472287207842}, {\"id\": 126, \"seek\": 34010, \"start\": 340.2200012207031, \"end\": 343.6600036621094, \"text\": \" I'm going to fucking tell you when you're sitting there saying this shit, that isn't\", \"tokens\": [50370, 286, 478, 516, 281, 5546, 980, 291, 562, 291, 434, 3798, 456, 1566, 341, 4611, 11, 300, 1943, 380, 50542], \"temperature\": 0.0, \"avg_logprob\": -0.20801348984241486, \"compression_ratio\": 1.75, \"no_speech_prob\": 0.00023781026538927108}, {\"id\": 127, \"seek\": 34010, \"start\": 343.6600036621094, \"end\": 343.9800109863281, \"text\": \" true.\", \"tokens\": [50542, 2074, 13, 50558], \"temperature\": 0.0, \"avg_logprob\": -0.20801348984241486, \"compression_ratio\": 1.75, \"no_speech_prob\": 0.00023781026538927108}, {\"id\": 128, \"seek\": 34010, \"start\": 344.29998779296875, \"end\": 345.8599853515625, \"text\": \" I had a girl come on there one time.\", \"tokens\": [50574, 286, 632, 257, 2013, 808, 322, 456, 472, 565, 13, 50652], \"temperature\": 0.0, \"avg_logprob\": -0.20801348984241486, \"compression_ratio\": 1.75, \"no_speech_prob\": 0.00023781026538927108}, {\"id\": 129, \"seek\": 34010, \"start\": 345.9800109863281, \"end\": 348.1400146484375, \"text\": \" She said the, she thought the average dude was six foot two.\", \"tokens\": [50658, 1240, 848, 264, 11, 750, 1194, 264, 4274, 6449, 390, 2309, 2671, 732, 13, 50766], \"temperature\": 0.0, \"avg_logprob\": -0.20801348984241486, \"compression_ratio\": 1.75, \"no_speech_prob\": 0.00023781026538927108}, {\"id\": 130, \"seek\": 34010, \"start\": 348.1400146484375, \"end\": 349.17999267578125, \"text\": \" I was like, girl, that's crazy.\", \"tokens\": [50766, 286, 390, 411, 11, 2013, 11, 300, 311, 3219, 13, 50818], \"temperature\": 0.0, \"avg_logprob\": -0.20801348984241486, \"compression_ratio\": 1.75, \"no_speech_prob\": 0.00023781026538927108}, {\"id\": 131, \"seek\": 34010, \"start\": 349.17999267578125, \"end\": 350.3800048828125, \"text\": \" Of course it's not six foot two.\", \"tokens\": [50818, 2720, 1164, 309, 311, 406, 2309, 2671, 732, 13, 50878], \"temperature\": 0.0, \"avg_logprob\": -0.20801348984241486, \"compression_ratio\": 1.75, \"no_speech_prob\": 0.00023781026538927108}, {\"id\": 132, \"seek\": 34010, \"start\": 350.6600036621094, \"end\": 354.0199890136719, \"text\": \" And then she started talking about a dad bod and I'm like, you're dating a male\", \"tokens\": [50892, 400, 550, 750, 1409, 1417, 466, 257, 3546, 16737, 293, 286, 478, 411, 11, 291, 434, 10689, 257, 7133, 51060], \"temperature\": 0.0, \"avg_logprob\": -0.20801348984241486, \"compression_ratio\": 1.75, \"no_speech_prob\": 0.00023781026538927108}, {\"id\": 133, \"seek\": 34010, \"start\": 354.0199890136719, \"end\": 356.6199951171875, \"text\": \" stripper saying that you're attracted to a dad bod.\", \"tokens\": [51060, 3575, 3717, 1566, 300, 291, 434, 15912, 281, 257, 3546, 16737, 13, 51190], \"temperature\": 0.0, \"avg_logprob\": -0.20801348984241486, \"compression_ratio\": 1.75, \"no_speech_prob\": 0.00023781026538927108}, {\"id\": 134, \"seek\": 34010, \"start\": 356.6199951171875, \"end\": 357.5, \"text\": \" Please stop.\", \"tokens\": [51190, 2555, 1590, 13, 51234], \"temperature\": 0.0, \"avg_logprob\": -0.20801348984241486, \"compression_ratio\": 1.75, \"no_speech_prob\": 0.00023781026538927108}, {\"id\": 135, \"seek\": 34010, \"start\": 357.8599853515625, \"end\": 358.3800048828125, \"text\": \" Do you understand?\", \"tokens\": [51252, 1144, 291, 1223, 30, 51278], \"temperature\": 0.0, \"avg_logprob\": -0.20801348984241486, \"compression_ratio\": 1.75, \"no_speech_prob\": 0.00023781026538927108}, {\"id\": 136, \"seek\": 34010, \"start\": 358.3800048828125, \"end\": 360.4200134277344, \"text\": \" Like, it's not just funny that you're doing this.\", \"tokens\": [51278, 1743, 11, 309, 311, 406, 445, 4074, 300, 291, 434, 884, 341, 13, 51380], \"temperature\": 0.0, \"avg_logprob\": -0.20801348984241486, \"compression_ratio\": 1.75, \"no_speech_prob\": 0.00023781026538927108}, {\"id\": 137, \"seek\": 34010, \"start\": 360.5799865722656, \"end\": 365.17999267578125, \"text\": \" You're also making my job harder as a performance coach because a beautiful,\", \"tokens\": [51388, 509, 434, 611, 1455, 452, 1691, 6081, 382, 257, 3389, 6560, 570, 257, 2238, 11, 51618], \"temperature\": 0.0, \"avg_logprob\": -0.20801348984241486, \"compression_ratio\": 1.75, \"no_speech_prob\": 0.00023781026538927108}, {\"id\": 138, \"seek\": 34010, \"start\": 365.17999267578125, \"end\": 365.94000244140625, \"text\": \" she's stunning.\", \"tokens\": [51618, 750, 311, 18550, 13, 51656], \"temperature\": 0.0, \"avg_logprob\": -0.20801348984241486, \"compression_ratio\": 1.75, \"no_speech_prob\": 0.00023781026538927108}, {\"id\": 139, \"seek\": 36594, \"start\": 366.5, \"end\": 370.1000061035156, \"text\": \" A beautiful woman like you is telling men that you're attracted to a dad bod.\", \"tokens\": [50392, 316, 2238, 3059, 411, 291, 307, 3585, 1706, 300, 291, 434, 15912, 281, 257, 3546, 16737, 13, 50572], \"temperature\": 0.0, \"avg_logprob\": -0.23206961154937744, \"compression_ratio\": 1.9069069623947144, \"no_speech_prob\": 0.09267762303352356}, {\"id\": 140, \"seek\": 36594, \"start\": 370.17999267578125, \"end\": 373.05999755859375, \"text\": \" You know how hard it is for me to get these fucking motherfuckers to go to the\", \"tokens\": [50576, 509, 458, 577, 1152, 309, 307, 337, 385, 281, 483, 613, 5546, 29537, 1134, 433, 281, 352, 281, 264, 50720], \"temperature\": 0.0, \"avg_logprob\": -0.23206961154937744, \"compression_ratio\": 1.9069069623947144, \"no_speech_prob\": 0.09267762303352356}, {\"id\": 141, \"seek\": 36594, \"start\": 373.05999755859375, \"end\": 373.8999938964844, \"text\": \" gym in the first place.\", \"tokens\": [50720, 9222, 294, 264, 700, 1081, 13, 50762], \"temperature\": 0.0, \"avg_logprob\": -0.23206961154937744, \"compression_ratio\": 1.9069069623947144, \"no_speech_prob\": 0.09267762303352356}, {\"id\": 142, \"seek\": 36594, \"start\": 374.1000061035156, \"end\": 378.29998779296875, \"text\": \" And you're telling them that it's okay for them to have a dad bod when it is not\", \"tokens\": [50772, 400, 291, 434, 3585, 552, 300, 309, 311, 1392, 337, 552, 281, 362, 257, 3546, 16737, 562, 309, 307, 406, 50982], \"temperature\": 0.0, \"avg_logprob\": -0.23206961154937744, \"compression_ratio\": 1.9069069623947144, \"no_speech_prob\": 0.09267762303352356}, {\"id\": 143, \"seek\": 36594, \"start\": 378.5799865722656, \"end\": 382.739990234375, \"text\": \" like, stop saying the things that make you comfortable and start saying the things\", \"tokens\": [50996, 411, 11, 1590, 1566, 264, 721, 300, 652, 291, 4619, 293, 722, 1566, 264, 721, 51204], \"temperature\": 0.0, \"avg_logprob\": -0.23206961154937744, \"compression_ratio\": 1.9069069623947144, \"no_speech_prob\": 0.09267762303352356}, {\"id\": 144, \"seek\": 36594, \"start\": 382.739990234375, \"end\": 384.29998779296875, \"text\": \" that literally make your vagina wet.\", \"tokens\": [51204, 300, 3736, 652, 428, 38963, 6630, 13, 51282], \"temperature\": 0.0, \"avg_logprob\": -0.23206961154937744, \"compression_ratio\": 1.9069069623947144, \"no_speech_prob\": 0.09267762303352356}, {\"id\": 145, \"seek\": 36594, \"start\": 384.5799865722656, \"end\": 386.260009765625, \"text\": \" And she's like, Oh, okay.\", \"tokens\": [51296, 400, 750, 311, 411, 11, 876, 11, 1392, 13, 51380], \"temperature\": 0.0, \"avg_logprob\": -0.23206961154937744, \"compression_ratio\": 1.9069069623947144, \"no_speech_prob\": 0.09267762303352356}, {\"id\": 146, \"seek\": 36594, \"start\": 386.260009765625, \"end\": 386.739990234375, \"text\": \" I get it.\", \"tokens\": [51380, 286, 483, 309, 13, 51404], \"temperature\": 0.0, \"avg_logprob\": -0.23206961154937744, \"compression_ratio\": 1.9069069623947144, \"no_speech_prob\": 0.09267762303352356}, {\"id\": 147, \"seek\": 36594, \"start\": 386.9800109863281, \"end\": 389.8599853515625, \"text\": \" Cause she doesn't get, cause these girls don't get that because they'll sit there\", \"tokens\": [51416, 10865, 750, 1177, 380, 483, 11, 3082, 613, 4519, 500, 380, 483, 300, 570, 436, 603, 1394, 456, 51560], \"temperature\": 0.0, \"avg_logprob\": -0.23206961154937744, \"compression_ratio\": 1.9069069623947144, \"no_speech_prob\": 0.09267762303352356}, {\"id\": 148, \"seek\": 36594, \"start\": 389.8599853515625, \"end\": 393.5799865722656, \"text\": \" and talk about guy a and guy B and they'll complain about guy B and then, but you\", \"tokens\": [51560, 293, 751, 466, 2146, 257, 293, 2146, 363, 293, 436, 603, 11024, 466, 2146, 363, 293, 550, 11, 457, 291, 51746], \"temperature\": 0.0, \"avg_logprob\": -0.23206961154937744, \"compression_ratio\": 1.9069069623947144, \"no_speech_prob\": 0.09267762303352356}, {\"id\": 149, \"seek\": 36594, \"start\": 393.5799865722656, \"end\": 395.0199890136719, \"text\": \" know, that's the one they slept with.\", \"tokens\": [51746, 458, 11, 300, 311, 264, 472, 436, 17400, 365, 13, 51818], \"temperature\": 0.0, \"avg_logprob\": -0.23206961154937744, \"compression_ratio\": 1.9069069623947144, \"no_speech_prob\": 0.09267762303352356}, {\"id\": 150, \"seek\": 36594, \"start\": 395.1000061035156, \"end\": 395.6199951171875, \"text\": \" You understand?\", \"tokens\": [51822, 509, 1223, 30, 51848], \"temperature\": 0.0, \"avg_logprob\": -0.23206961154937744, \"compression_ratio\": 1.9069069623947144, \"no_speech_prob\": 0.09267762303352356}, {\"id\": 151, \"seek\": 39562, \"start\": 395.70001220703125, \"end\": 399.7799987792969, \"text\": \" The other one is this one drives me crazy is when we talk about preselection and\", \"tokens\": [50368, 440, 661, 472, 307, 341, 472, 11754, 385, 3219, 307, 562, 321, 751, 466, 659, 405, 5450, 293, 50572], \"temperature\": 0.0, \"avg_logprob\": -0.21043619513511658, \"compression_ratio\": 1.909621000289917, \"no_speech_prob\": 0.00014201991143636405}, {\"id\": 152, \"seek\": 39562, \"start\": 399.7799987792969, \"end\": 401.260009765625, \"text\": \" women are like, that would never work on me.\", \"tokens\": [50572, 2266, 366, 411, 11, 300, 576, 1128, 589, 322, 385, 13, 50646], \"temperature\": 0.0, \"avg_logprob\": -0.21043619513511658, \"compression_ratio\": 1.909621000289917, \"no_speech_prob\": 0.00014201991143636405}, {\"id\": 153, \"seek\": 39562, \"start\": 401.5400085449219, \"end\": 403.4200134277344, \"text\": \" And I'm like, but that's not true.\", \"tokens\": [50660, 400, 286, 478, 411, 11, 457, 300, 311, 406, 2074, 13, 50754], \"temperature\": 0.0, \"avg_logprob\": -0.21043619513511658, \"compression_ratio\": 1.909621000289917, \"no_speech_prob\": 0.00014201991143636405}, {\"id\": 154, \"seek\": 39562, \"start\": 403.4200134277344, \"end\": 406.739990234375, \"text\": \" Like I see your boy ex boyfriends, you are attracted to them because other women\", \"tokens\": [50754, 1743, 286, 536, 428, 3237, 454, 3237, 29027, 11, 291, 366, 15912, 281, 552, 570, 661, 2266, 50920], \"temperature\": 0.0, \"avg_logprob\": -0.21043619513511658, \"compression_ratio\": 1.909621000289917, \"no_speech_prob\": 0.00014201991143636405}, {\"id\": 155, \"seek\": 39562, \"start\": 406.739990234375, \"end\": 407.6600036621094, \"text\": \" were attracted to them.\", \"tokens\": [50920, 645, 15912, 281, 552, 13, 50966], \"temperature\": 0.0, \"avg_logprob\": -0.21043619513511658, \"compression_ratio\": 1.909621000289917, \"no_speech_prob\": 0.00014201991143636405}, {\"id\": 156, \"seek\": 39562, \"start\": 407.8999938964844, \"end\": 408.3800048828125, \"text\": \" You know what I'm saying?\", \"tokens\": [50978, 509, 458, 437, 286, 478, 1566, 30, 51002], \"temperature\": 0.0, \"avg_logprob\": -0.21043619513511658, \"compression_ratio\": 1.909621000289917, \"no_speech_prob\": 0.00014201991143636405}, {\"id\": 157, \"seek\": 39562, \"start\": 408.3800048828125, \"end\": 409.7799987792969, \"text\": \" And it's just, and they'll say it.\", \"tokens\": [51002, 400, 309, 311, 445, 11, 293, 436, 603, 584, 309, 13, 51072], \"temperature\": 0.0, \"avg_logprob\": -0.21043619513511658, \"compression_ratio\": 1.909621000289917, \"no_speech_prob\": 0.00014201991143636405}, {\"id\": 158, \"seek\": 39562, \"start\": 409.7799987792969, \"end\": 412.9800109863281, \"text\": \" And you're like, I, what you're saying is like legitimately not like you're\", \"tokens\": [51072, 400, 291, 434, 411, 11, 286, 11, 437, 291, 434, 1566, 307, 411, 44431, 406, 411, 291, 434, 51232], \"temperature\": 0.0, \"avg_logprob\": -0.21043619513511658, \"compression_ratio\": 1.909621000289917, \"no_speech_prob\": 0.00014201991143636405}, {\"id\": 159, \"seek\": 39562, \"start\": 412.9800109863281, \"end\": 416.05999755859375, \"text\": \" literally saying these things and I'm watching your life and this is not what\", \"tokens\": [51232, 3736, 1566, 613, 721, 293, 286, 478, 1976, 428, 993, 293, 341, 307, 406, 437, 51386], \"temperature\": 0.0, \"avg_logprob\": -0.21043619513511658, \"compression_ratio\": 1.909621000289917, \"no_speech_prob\": 0.00014201991143636405}, {\"id\": 160, \"seek\": 39562, \"start\": 416.05999755859375, \"end\": 416.4599914550781, \"text\": \" you're doing.\", \"tokens\": [51386, 291, 434, 884, 13, 51406], \"temperature\": 0.0, \"avg_logprob\": -0.21043619513511658, \"compression_ratio\": 1.909621000289917, \"no_speech_prob\": 0.00014201991143636405}, {\"id\": 161, \"seek\": 39562, \"start\": 416.4599914550781, \"end\": 418.1000061035156, \"text\": \" Like, how do you square the circle?\", \"tokens\": [51406, 1743, 11, 577, 360, 291, 3732, 264, 6329, 30, 51488], \"temperature\": 0.0, \"avg_logprob\": -0.21043619513511658, \"compression_ratio\": 1.909621000289917, \"no_speech_prob\": 0.00014201991143636405}, {\"id\": 162, \"seek\": 39562, \"start\": 418.17999267578125, \"end\": 422.6199951171875, \"text\": \" And the one is because a lot of times for very, not all women are like this, but a\", \"tokens\": [51492, 400, 264, 472, 307, 570, 257, 688, 295, 1413, 337, 588, 11, 406, 439, 2266, 366, 411, 341, 11, 457, 257, 51714], \"temperature\": 0.0, \"avg_logprob\": -0.21043619513511658, \"compression_ratio\": 1.909621000289917, \"no_speech_prob\": 0.00014201991143636405}, {\"id\": 163, \"seek\": 39562, \"start\": 422.6199951171875, \"end\": 423.8599853515625, \"text\": \" lot of times we're very attractive women.\", \"tokens\": [51714, 688, 295, 1413, 321, 434, 588, 12609, 2266, 13, 51776], \"temperature\": 0.0, \"avg_logprob\": -0.21043619513511658, \"compression_ratio\": 1.909621000289917, \"no_speech_prob\": 0.00014201991143636405}, {\"id\": 164, \"seek\": 42386, \"start\": 423.94000244140625, \"end\": 427.260009765625, \"text\": \" The whole world was a participation trophy and nobody told them no.\", \"tokens\": [50368, 440, 1379, 1002, 390, 257, 13487, 28639, 293, 5079, 1907, 552, 572, 13, 50534], \"temperature\": 0.0, \"avg_logprob\": -0.22538287937641144, \"compression_ratio\": 1.764534831047058, \"no_speech_prob\": 0.004829378332942724}, {\"id\": 165, \"seek\": 42386, \"start\": 427.5400085449219, \"end\": 429.94000244140625, \"text\": \" And so that they could believe the things were the way they were.\", \"tokens\": [50548, 400, 370, 300, 436, 727, 1697, 264, 721, 645, 264, 636, 436, 645, 13, 50668], \"temperature\": 0.0, \"avg_logprob\": -0.22538287937641144, \"compression_ratio\": 1.764534831047058, \"no_speech_prob\": 0.004829378332942724}, {\"id\": 166, \"seek\": 42386, \"start\": 430.17999267578125, \"end\": 431.3800048828125, \"text\": \" Again, I'm having this girl come on.\", \"tokens\": [50680, 3764, 11, 286, 478, 1419, 341, 2013, 808, 322, 13, 50740], \"temperature\": 0.0, \"avg_logprob\": -0.22538287937641144, \"compression_ratio\": 1.764534831047058, \"no_speech_prob\": 0.004829378332942724}, {\"id\": 167, \"seek\": 42386, \"start\": 431.3800048828125, \"end\": 435.260009765625, \"text\": \" She says she's an astrologist and I like her a lot, but I legitimately think she\", \"tokens\": [50740, 1240, 1619, 750, 311, 364, 30122, 468, 293, 286, 411, 720, 257, 688, 11, 457, 286, 44431, 519, 750, 50934], \"temperature\": 0.0, \"avg_logprob\": -0.22538287937641144, \"compression_ratio\": 1.764534831047058, \"no_speech_prob\": 0.004829378332942724}, {\"id\": 168, \"seek\": 42386, \"start\": 435.260009765625, \"end\": 438.7799987792969, \"text\": \" thinks she's going to come on here, do no research and embarrass me somehow.\", \"tokens\": [50934, 7309, 750, 311, 516, 281, 808, 322, 510, 11, 360, 572, 2132, 293, 9187, 385, 6063, 13, 51110], \"temperature\": 0.0, \"avg_logprob\": -0.22538287937641144, \"compression_ratio\": 1.764534831047058, \"no_speech_prob\": 0.004829378332942724}, {\"id\": 169, \"seek\": 42386, \"start\": 438.82000732421875, \"end\": 441.8999938964844, \"text\": \" And I'm like, you are going to get your butt handed to you.\", \"tokens\": [51112, 400, 286, 478, 411, 11, 291, 366, 516, 281, 483, 428, 6660, 16013, 281, 291, 13, 51266], \"temperature\": 0.0, \"avg_logprob\": -0.22538287937641144, \"compression_ratio\": 1.764534831047058, \"no_speech_prob\": 0.004829378332942724}, {\"id\": 170, \"seek\": 42386, \"start\": 441.8999938964844, \"end\": 444.29998779296875, \"text\": \" If you come on here talking about astrology is real.\", \"tokens\": [51266, 759, 291, 808, 322, 510, 1417, 466, 44385, 307, 957, 13, 51386], \"temperature\": 0.0, \"avg_logprob\": -0.22538287937641144, \"compression_ratio\": 1.764534831047058, \"no_speech_prob\": 0.004829378332942724}, {\"id\": 171, \"seek\": 42386, \"start\": 444.4599914550781, \"end\": 446.1400146484375, \"text\": \" I don't care that you believe in astrology.\", \"tokens\": [51394, 286, 500, 380, 1127, 300, 291, 1697, 294, 44385, 13, 51478], \"temperature\": 0.0, \"avg_logprob\": -0.22538287937641144, \"compression_ratio\": 1.764534831047058, \"no_speech_prob\": 0.004829378332942724}, {\"id\": 172, \"seek\": 42386, \"start\": 446.1400146484375, \"end\": 446.6199951171875, \"text\": \" That's awesome.\", \"tokens\": [51478, 663, 311, 3476, 13, 51502], \"temperature\": 0.0, \"avg_logprob\": -0.22538287937641144, \"compression_ratio\": 1.764534831047058, \"no_speech_prob\": 0.004829378332942724}, {\"id\": 173, \"seek\": 42386, \"start\": 446.739990234375, \"end\": 450.3800048828125, \"text\": \" Get a tattoo, meet other people that are also Libras and go fuck them.\", \"tokens\": [51508, 3240, 257, 15080, 11, 1677, 661, 561, 300, 366, 611, 15834, 3906, 293, 352, 3275, 552, 13, 51690], \"temperature\": 0.0, \"avg_logprob\": -0.22538287937641144, \"compression_ratio\": 1.764534831047058, \"no_speech_prob\": 0.004829378332942724}, {\"id\": 174, \"seek\": 42386, \"start\": 450.3800048828125, \"end\": 450.9800109863281, \"text\": \" That's fine.\", \"tokens\": [51690, 663, 311, 2489, 13, 51720], \"temperature\": 0.0, \"avg_logprob\": -0.22538287937641144, \"compression_ratio\": 1.764534831047058, \"no_speech_prob\": 0.004829378332942724}, {\"id\": 175, \"seek\": 42386, \"start\": 451.05999755859375, \"end\": 452.05999755859375, \"text\": \" Do whatever you want.\", \"tokens\": [51724, 1144, 2035, 291, 528, 13, 51774], \"temperature\": 0.0, \"avg_logprob\": -0.22538287937641144, \"compression_ratio\": 1.764534831047058, \"no_speech_prob\": 0.004829378332942724}, {\"id\": 176, \"seek\": 45206, \"start\": 452.05999755859375, \"end\": 456.0199890136719, \"text\": \" Don't tell me there's some science behind it because there isn't.\", \"tokens\": [50370, 1468, 380, 980, 385, 456, 311, 512, 3497, 2261, 309, 570, 456, 1943, 380, 13, 50562], \"temperature\": 0.0, \"avg_logprob\": -0.27392178773880005, \"compression_ratio\": 1.015625, \"no_speech_prob\": 0.6544792056083679}]}"}