{"title": "Kanye West Is A Joke", "video_id": "CoNYvTgiK1o", "video_url": "https://www.youtube.com/watch?v=CoNYvTgiK1o", "description": "Ready to build a network of amazing women and high-status men?\n\nMichael\u2019s Men of Action is a one-on-one Master\u2019s program that teaches men how to create elite social lives by becoming higher status.\n\nClick this link to learn how you can have a High-Status lifestyle now:\nhttps://m.moamentoring.com/podcast\n\nClick here to join the Men of Action community and watch the High-Status Networking 101 course:\nhttps://m.moamentoring.com/moa-community\n\u2014\u2014\u2014\u2014\u2014\u2014\u2014\u2014\u2014\u2014\u2014\u2014\u2014\u2014\u2014\u2014\u2014\u2014\u2014\u2014\n\nSubscribe on Youtube: \nhttps://www.youtube.com/user/MichaelSartain\n\nListen on Apple Podcast: \nhttps://podcasts.apple.com/us/podcast/the-michael-sartain-podcast/id1579791157\n\nListen on Spotify: \nhttps://open.spotify.com/show/2faAYwvDD9Bvkpwv6umlPO?si=8Q3ak9HnSlKjuChsTXr6YQ&dl_branch=1\n\n#Michael #MichaelSartain #Michael_Sartain #Michael_Sartain_Podcast", "published_at": "2023-06-21T14:15:02Z", "channel_id": "UC0T1bDzajVefRWx4uKdGyuw", "channel_title": "Michael Sartain", "tags": ["Michael", "Michael Sartain", "Michael Sartain Podcast", "Michael Podcast", "MOA", "Men Of Action", "men of action", "Michael Sartain Course", "Michael Sartain With Hot Women", "Rollo", "Rollo Tommasi", "Playboy", "Swimsuit", "Swimsuit Competition"], "category_id": "24", "live_broadcast_content": "none", "duration": 46.0, "dimension": "2d", "definition": "hd", "caption": "false", "view_count": 1954, "like_count": 50, "comment_count": 4, "channel_info": {"title": "Michael Sartain", "description": "\ud83c\udf99Host of The\u00a0Michael Sartain Podcast \n\n\ud83d\udd25Teaching you how to build a network of desirable women and high-status men\n\n\ud83d\udc47 Click the \"Men of Action\" link below now to forge a high-status lifestyle and join the elites \n", "subscriber_count": "80500", "total_views": "29545897", "total_videos": "1481"}, "comments": [], "file_path": "/Users/aelaguiz/workspace/fc_book/audio/raws/CoNYvTgiK1o.mp3", "transcription": "{\"text\": \"Do you ever hear Kanye West talk about, yeah, I don't go on OnlyFans, I just look at Reddit, I'll be stealing, like this guy's worth a billion dollars, and he's like stealing, he's stealing content. And he's like bragging about it. Have you seen it where he's bragging about stealing content on Reddit? No, but I mean, Kanye West, are you surprised? He's like married to Kim Kardashian, and he won't admit that he's paying for OF, so he's like, it's so funny. That's what I'm saying. Oh my God, it's so funny. Like as much as, like I said, I only date entrepreneurs, I have a certain type and everything, but at the end of the day, it's the most reason people want someone successful is in that, no, get yourself a good dude who's not gonna treat you like, and who's gonna be a real one, because that's gonna go further than some guy that can take you out to. \", \"segments\": [{\"id\": 0, \"seek\": 0, \"start\": 0.0, \"end\": 1.4800000190734863, \"text\": \" Do you ever hear Kanye West talk about,\", \"tokens\": [50364, 1144, 291, 1562, 1568, 37654, 4055, 751, 466, 11, 50438], \"temperature\": 0.0, \"avg_logprob\": -0.35121750831604004, \"compression_ratio\": 1.7730263471603394, \"no_speech_prob\": 0.00818691961467266}, {\"id\": 1, \"seek\": 0, \"start\": 1.4800000190734863, \"end\": 3.0399999618530273, \"text\": \" yeah, I don't go on OnlyFans,\", \"tokens\": [50438, 1338, 11, 286, 500, 380, 352, 322, 5686, 37, 599, 11, 50516], \"temperature\": 0.0, \"avg_logprob\": -0.35121750831604004, \"compression_ratio\": 1.7730263471603394, \"no_speech_prob\": 0.00818691961467266}, {\"id\": 2, \"seek\": 0, \"start\": 3.0399999618530273, \"end\": 5.119999885559082, \"text\": \" I just look at Reddit, I'll be stealing,\", \"tokens\": [50516, 286, 445, 574, 412, 32210, 11, 286, 603, 312, 19757, 11, 50620], \"temperature\": 0.0, \"avg_logprob\": -0.35121750831604004, \"compression_ratio\": 1.7730263471603394, \"no_speech_prob\": 0.00818691961467266}, {\"id\": 3, \"seek\": 0, \"start\": 5.119999885559082, \"end\": 6.71999979019165, \"text\": \" like this guy's worth a billion dollars,\", \"tokens\": [50620, 411, 341, 2146, 311, 3163, 257, 5218, 3808, 11, 50700], \"temperature\": 0.0, \"avg_logprob\": -0.35121750831604004, \"compression_ratio\": 1.7730263471603394, \"no_speech_prob\": 0.00818691961467266}, {\"id\": 4, \"seek\": 0, \"start\": 6.71999979019165, \"end\": 9.119999885559082, \"text\": \" and he's like stealing, he's stealing content.\", \"tokens\": [50700, 293, 415, 311, 411, 19757, 11, 415, 311, 19757, 2701, 13, 50820], \"temperature\": 0.0, \"avg_logprob\": -0.35121750831604004, \"compression_ratio\": 1.7730263471603394, \"no_speech_prob\": 0.00818691961467266}, {\"id\": 5, \"seek\": 0, \"start\": 9.119999885559082, \"end\": 11.15999984741211, \"text\": \" And he's like bragging about it.\", \"tokens\": [50820, 400, 415, 311, 411, 1548, 10877, 466, 309, 13, 50922], \"temperature\": 0.0, \"avg_logprob\": -0.35121750831604004, \"compression_ratio\": 1.7730263471603394, \"no_speech_prob\": 0.00818691961467266}, {\"id\": 6, \"seek\": 0, \"start\": 11.15999984741211, \"end\": 12.239999771118164, \"text\": \" Have you seen it where he's bragging\", \"tokens\": [50922, 3560, 291, 1612, 309, 689, 415, 311, 1548, 10877, 50976], \"temperature\": 0.0, \"avg_logprob\": -0.35121750831604004, \"compression_ratio\": 1.7730263471603394, \"no_speech_prob\": 0.00818691961467266}, {\"id\": 7, \"seek\": 0, \"start\": 12.239999771118164, \"end\": 13.920000076293945, \"text\": \" about stealing content on Reddit?\", \"tokens\": [50976, 466, 19757, 2701, 322, 32210, 30, 51060], \"temperature\": 0.0, \"avg_logprob\": -0.35121750831604004, \"compression_ratio\": 1.7730263471603394, \"no_speech_prob\": 0.00818691961467266}, {\"id\": 8, \"seek\": 0, \"start\": 13.920000076293945, \"end\": 16.959999084472656, \"text\": \" No, but I mean, Kanye West, are you surprised?\", \"tokens\": [51060, 883, 11, 457, 286, 914, 11, 37654, 4055, 11, 366, 291, 6100, 30, 51212], \"temperature\": 0.0, \"avg_logprob\": -0.35121750831604004, \"compression_ratio\": 1.7730263471603394, \"no_speech_prob\": 0.00818691961467266}, {\"id\": 9, \"seek\": 0, \"start\": 16.959999084472656, \"end\": 18.68000030517578, \"text\": \" He's like married to Kim Kardashian,\", \"tokens\": [51212, 634, 311, 411, 5259, 281, 5652, 46044, 11, 51298], \"temperature\": 0.0, \"avg_logprob\": -0.35121750831604004, \"compression_ratio\": 1.7730263471603394, \"no_speech_prob\": 0.00818691961467266}, {\"id\": 10, \"seek\": 0, \"start\": 18.68000030517578, \"end\": 20.959999084472656, \"text\": \" and he won't admit that he's paying for OF,\", \"tokens\": [51298, 293, 415, 1582, 380, 9796, 300, 415, 311, 6229, 337, 11944, 11, 51412], \"temperature\": 0.0, \"avg_logprob\": -0.35121750831604004, \"compression_ratio\": 1.7730263471603394, \"no_speech_prob\": 0.00818691961467266}, {\"id\": 11, \"seek\": 0, \"start\": 20.959999084472656, \"end\": 23.600000381469727, \"text\": \" so he's like, it's so funny.\", \"tokens\": [51412, 370, 415, 311, 411, 11, 309, 311, 370, 4074, 13, 51544], \"temperature\": 0.0, \"avg_logprob\": -0.35121750831604004, \"compression_ratio\": 1.7730263471603394, \"no_speech_prob\": 0.00818691961467266}, {\"id\": 12, \"seek\": 0, \"start\": 23.600000381469727, \"end\": 25.040000915527344, \"text\": \" That's what I'm saying.\", \"tokens\": [51544, 663, 311, 437, 286, 478, 1566, 13, 51616], \"temperature\": 0.0, \"avg_logprob\": -0.35121750831604004, \"compression_ratio\": 1.7730263471603394, \"no_speech_prob\": 0.00818691961467266}, {\"id\": 13, \"seek\": 0, \"start\": 25.040000915527344, \"end\": 26.520000457763672, \"text\": \" Oh my God, it's so funny.\", \"tokens\": [51616, 876, 452, 1265, 11, 309, 311, 370, 4074, 13, 51690], \"temperature\": 0.0, \"avg_logprob\": -0.35121750831604004, \"compression_ratio\": 1.7730263471603394, \"no_speech_prob\": 0.00818691961467266}, {\"id\": 14, \"seek\": 0, \"start\": 26.520000457763672, \"end\": 28.0, \"text\": \" Like as much as, like I said,\", \"tokens\": [51690, 1743, 382, 709, 382, 11, 411, 286, 848, 11, 51764], \"temperature\": 0.0, \"avg_logprob\": -0.35121750831604004, \"compression_ratio\": 1.7730263471603394, \"no_speech_prob\": 0.00818691961467266}, {\"id\": 15, \"seek\": 2800, \"start\": 28.360000610351562, \"end\": 30.040000915527344, \"text\": \" I only date entrepreneurs,\", \"tokens\": [50382, 286, 787, 4002, 12639, 11, 50466], \"temperature\": 0.0, \"avg_logprob\": -0.32040107250213623, \"compression_ratio\": 1.5950000286102295, \"no_speech_prob\": 0.2567497789859772}, {\"id\": 16, \"seek\": 2800, \"start\": 30.040000915527344, \"end\": 32.560001373291016, \"text\": \" I have a certain type and everything,\", \"tokens\": [50466, 286, 362, 257, 1629, 2010, 293, 1203, 11, 50592], \"temperature\": 0.0, \"avg_logprob\": -0.32040107250213623, \"compression_ratio\": 1.5950000286102295, \"no_speech_prob\": 0.2567497789859772}, {\"id\": 17, \"seek\": 2800, \"start\": 32.560001373291016, \"end\": 33.880001068115234, \"text\": \" but at the end of the day,\", \"tokens\": [50592, 457, 412, 264, 917, 295, 264, 786, 11, 50658], \"temperature\": 0.0, \"avg_logprob\": -0.32040107250213623, \"compression_ratio\": 1.5950000286102295, \"no_speech_prob\": 0.2567497789859772}, {\"id\": 18, \"seek\": 2800, \"start\": 33.880001068115234, \"end\": 36.599998474121094, \"text\": \" it's the most reason people want someone successful\", \"tokens\": [50658, 309, 311, 264, 881, 1778, 561, 528, 1580, 4406, 50794], \"temperature\": 0.0, \"avg_logprob\": -0.32040107250213623, \"compression_ratio\": 1.5950000286102295, \"no_speech_prob\": 0.2567497789859772}, {\"id\": 19, \"seek\": 2800, \"start\": 36.599998474121094, \"end\": 39.0, \"text\": \" is in that, no, get yourself a good dude\", \"tokens\": [50794, 307, 294, 300, 11, 572, 11, 483, 1803, 257, 665, 6449, 50914], \"temperature\": 0.0, \"avg_logprob\": -0.32040107250213623, \"compression_ratio\": 1.5950000286102295, \"no_speech_prob\": 0.2567497789859772}, {\"id\": 20, \"seek\": 2800, \"start\": 39.0, \"end\": 40.63999938964844, \"text\": \" who's not gonna treat you like,\", \"tokens\": [50914, 567, 311, 406, 799, 2387, 291, 411, 11, 50996], \"temperature\": 0.0, \"avg_logprob\": -0.32040107250213623, \"compression_ratio\": 1.5950000286102295, \"no_speech_prob\": 0.2567497789859772}, {\"id\": 21, \"seek\": 2800, \"start\": 40.63999938964844, \"end\": 41.79999923706055, \"text\": \" and who's gonna be a real one,\", \"tokens\": [50996, 293, 567, 311, 799, 312, 257, 957, 472, 11, 51054], \"temperature\": 0.0, \"avg_logprob\": -0.32040107250213623, \"compression_ratio\": 1.5950000286102295, \"no_speech_prob\": 0.2567497789859772}, {\"id\": 22, \"seek\": 2800, \"start\": 41.79999923706055, \"end\": 42.880001068115234, \"text\": \" because that's gonna go further\", \"tokens\": [51054, 570, 300, 311, 799, 352, 3052, 51108], \"temperature\": 0.0, \"avg_logprob\": -0.32040107250213623, \"compression_ratio\": 1.5950000286102295, \"no_speech_prob\": 0.2567497789859772}, {\"id\": 23, \"seek\": 2800, \"start\": 42.880001068115234, \"end\": 45.040000915527344, \"text\": \" than some guy that can take you out to.\", \"tokens\": [51108, 813, 512, 2146, 300, 393, 747, 291, 484, 281, 13, 51216], \"temperature\": 0.0, \"avg_logprob\": -0.32040107250213623, \"compression_ratio\": 1.5950000286102295, \"no_speech_prob\": 0.2567497789859772}]}"}