{"title": "Putting Women In The Friend Zone Will Help You A lot In Dating ft @hoe_math", "video_id": "CpjXEDBmxRw", "video_url": "https://www.youtube.com/watch?v=CpjXEDBmxRw", "description": "Watch The Full Thing Here : https://www.youtube.com/watch?v=MfuCXoHtvxU\n\u2014\u2014\u2014\u2014\u2014\u2014\u2014\u2014\u2014\u2014\u2014\u2014\u2014\u2014\u2014\u2014\u2014\u2014\u2014\u2014\nFREE: Meet signed models and attend VIP-only events in 7 days:\nhttps://m.moamentoring.com/podcast\n\nFREE: Join the Men of Action community and get access to Michael and the Men of Action team:\nhttps://m.moamentoring.com/moa-community\n\nFREE: Get instant access to the exclusive High-Status Networking course:\nhttps://m.moamentoring.com/high-status-mini-course-yt\n\nWant to make $5k-$20k/mo working from home? Apply for the sales team here:\nhttps://m.moamentoring.com/remote-sales-yt\n\nMen of Action has an affiliate program! Post pre-made content and get paid passively:\nhttps://m.moamentoring.com/affiliate-yt\n\nMichael's Men of Action is a one-on-one Master's program that teaches men how to create elite social lives by becoming higher status.\n\u2014\u2014\u2014\u2014\u2014\u2014\u2014\u2014\u2014\u2014\u2014\u2014\u2014\u2014\u2014\u2014\u2014\u2014\u2014\u2014\n\nSubscribe on Youtube: \nhttps://www.youtube.com/user/MichaelSartain\n\nListen on Apple Podcast: \nhttps://podcasts.apple.com/us/podcast/the-michael-sartain-podcast/id1579791157\n\nListen on Spotify: \nhttps://open.spotify.com/show/2faAYwvDD9Bvkpwv6umlPO?si=8Q3ak9HnSlKjuChsTXr6YQ&dl_branch=1\n\n#michael #michaelsartain #michael_sartain #michael_sartain_podcast", "published_at": "2024-01-01T14:45:00Z", "channel_id": "UC0T1bDzajVefRWx4uKdGyuw", "channel_title": "Michael Sartain", "tags": ["Michael", "Michael Sartain", "Michael Sartain Podcast", "Michael Podcast", "MOA", "Men Of Action", "Michael Sartain Course", "Michael Sartain With Hot Women", "Playboy", "Swimsuit", "Swimsuit Competition", "ichael sartain social circle", "social circle", "how to netowrk", "moa", "moa podcast", "gender wage gap", "gender wage gap myth", "wage gap", "social value", "michael sartain course", "looks money status", "social circle mentorship", "michael sartain social circle game", "men of action podcast", "men of action course"], "category_id": "24", "live_broadcast_content": "none", "duration": 347.0, "dimension": "2d", "definition": "hd", "caption": "false", "view_count": 10594, "like_count": 403, "comment_count": 82, "channel_info": {"title": "Michael Sartain", "description": "\ud83c\udf99Host of The\u00a0Michael Sartain Podcast \n\n\ud83d\udd25Teaching you how to build a network of desirable women and high-status men\n\n\ud83d\udc47 Click the \"Men of Action\" link below now to forge a high-status lifestyle and join the elites \n", "subscriber_count": "80500", "total_views": "29545897", "total_videos": "1481"}, "comments": [], "file_path": "/Users/aelaguiz/workspace/fc_book/audio/raws/CpjXEDBmxRw.mp3", "transcription": "{\"text\": \"Once you see the hottest girl you've ever seen 50 times in Vegas, you get to the point where it's like, she's super hot. I don't even look at her boobs once to have a conversation with her. I invite her to a couple of events. Say, Hey, do you want to come support this animal rescue charity? I'm doing, I give like a good let's exchange numbers. I go on. And then I noticed she's watching every single one of my stories. So one of the places where I very much disagree with pickup artists and red pill people and all this kind of stuff is that I do very much believe men and women can be friends if men put women in the friend zone and not the other way around. Yeah, I think it's very, very, in fact, if you do so, then you, you can invoke mate choice copying because women will see compliance from multiple, you've probably looked at my Instagram at some point, like they use, uh, what will happen is you'll see compliance from multiple women will then get you more women, which will give you access to places with even more women, which will get you what you talked about being smooth. So I'm around women on a multiple basis. My voice inflection doesn't change because I'm around women. I don't supplicate to them or change my behavior. And number three, women introducing you to more women. When I talk to the most attractive women, I'll have them on here on my show, access Vegas. Sometimes when I talk to them, I frequently ask, where did you meet the last five guys you've had sex with? There's a common question I have, and it's usually a female friend, female friend, female friend, female friend, Instagram. It's never cold approach, pickup date game at the fucking mall. And it's almost never, I met a super hot guy on Tinder. It's never those things. It's female friend, female, female friend, sometimes male friend, but he might be gay and then Instagram. That's where they tend to meet these people. Yeah, exactly. And that is, uh, it's something that men just don't do. This is like, I don't know if you know anything about game theory, like that John Nash, beautiful movie read all about it. Yeah, yeah, yeah. Great. So it, men being friends with women is just, isn't very common. I made a video recently about this, this woman saying, um, that whenever she's friends with the guy and he gets a girlfriend, he disappears because he was always interested in her. And I played a little buzzer, you know, and I said, actually, men can be friends with women, but then women scream at us and say, what, like, are you still, why are you still talking to women? I need you to not talk to women. And the thing is, I agree with her most of the time. Like usually when a man is friends with a woman, it's because he's waiting for her to be available. I've been friends with women who were beautiful, who I really, really liked it. If they were not, uh, if they were interested in me and they were not in relationships or whatever was the wall was, I would be interested. I know how to, I know how to turn that off and not be quietly in pursuit of her. I've done that. I know how to do that. I've had a lot of female friends that I don't want any sort of physical relationship with. I don't think most men know how to do that. Yeah. Yeah. Because the first couple you, what happens is if you're living in any kind of scarcity, this has happened to me, you know, I have tons of female friends now, but I remember getting back from the Middle East, I did six months deployment and when I got back, I went to, um, in Atlanta, strip clubs are a little different and strip clubs and nightclubs. It's kind of a mesh, same thing in Miami. There's kind of a, um, a hybrid of the two things. And I'm in there and I'm talking to this girl and I remember just fumbling, like literally mouth got dry. I hadn't spoken to an attractive woman in seven months. And the woman almost like said, I hope everything's all right with you. Like something, some sort of piteous remark. And I was just like, because I was so uncalibrated to this situation, the opposite of smoothness. I like that term smoothness or game. If you want to call it stuff like that, being used to what I like to say is immersion, the concept of in the U S military, where they put you behind a berm and they fire live bullets over your head. So you get used to hearing that whizzing noise, your heart rates at 140. The next time you do it, it's at 120. And then finally your heart rate stays at 83 and you're like checking your phone while the bullets are going on. This is what happens once you see the hottest girl you've ever seen 50 times in Vegas. You get to the point where it's like, she's super hot. I don't even look at her boobs once to have a conversation with her. I invite her to a couple of events, say, Hey, do you want to come support this animal rescue charity I'm doing? I give like a good let's exchange numbers. I go on. And then I noticed she's watching every single one of my stories, every single one, because why, because I was still able to do those things at the bottom on your chart there. I was still able to trigger attraction, but I did not show intent because my intent is valuable. You have to work for it. I believe in this concept of chiseling out the life you want by rewarding good behavior in your life from other people and punishing bad behavior, punishing might not be the right word, or maybe not acknowledging bad behavior, not reacting to bad behavior. And when you do that, that's really hard to do when a woman is super attractive to you and she's not giving you attention, then you go in and you try to fix the situation. Now she's giving you less attention. You're making it worse because you aren't rewarding good behavior and punishing bad behavior. Not creating those boundaries that a guy at the bottom there would have. Yeah. That's something that I, I, you know, I've worked a lot on. I have not had a lot of jobs. I have worked a lot on self-awareness and meditation and that sort of thing. I've moved up in, you know, what was called the levels in the aqua map. And that's something that I've learned to do without immersion. I just am aware of, and this is a skill that I try to teach people in my life coaching practice and in the videos, I'm aware of what's going on in myself subconsciously. And when I see a woman that I'm interested in, I'm aware of how I'm trying to, you know, purchase her interest with my, with investment and with, uh, you know, being nice. And I'm, I'm aware of those things coming up in me and because I'm aware of it, I can just select which ones to do. So there's just no situation where a girl is so hot that I'm going to go, uh, uh, what do I do? It's always just, there are the right things to do and the wrong things to do. And I know what they are. Yeah. Yeah. You understand the right action is through repetition. Yeah, absolutely. Yeah. So I can just, I, because I know what they are, I can just select the right ones and there's nothing to be nervous about because this is a hundred percent the best way to get what I want. And I know that. And if I get it. \", \"segments\": [{\"id\": 0, \"seek\": 0, \"start\": 0.0, \"end\": 4.0, \"text\": \" Once you see the hottest girl you've ever seen 50 times in Vegas, you get to the\", \"tokens\": [50364, 3443, 291, 536, 264, 32780, 2013, 291, 600, 1562, 1612, 2625, 1413, 294, 15841, 11, 291, 483, 281, 264, 50564], \"temperature\": 0.0, \"avg_logprob\": -0.2562558948993683, \"compression_ratio\": 1.6992287635803223, \"no_speech_prob\": 0.003221238497644663}, {\"id\": 1, \"seek\": 0, \"start\": 4.0, \"end\": 5.440000057220459, \"text\": \" point where it's like, she's super hot.\", \"tokens\": [50564, 935, 689, 309, 311, 411, 11, 750, 311, 1687, 2368, 13, 50636], \"temperature\": 0.0, \"avg_logprob\": -0.2562558948993683, \"compression_ratio\": 1.6992287635803223, \"no_speech_prob\": 0.003221238497644663}, {\"id\": 2, \"seek\": 0, \"start\": 5.519999980926514, \"end\": 8.319999694824219, \"text\": \" I don't even look at her boobs once to have a conversation with her.\", \"tokens\": [50640, 286, 500, 380, 754, 574, 412, 720, 40439, 1564, 281, 362, 257, 3761, 365, 720, 13, 50780], \"temperature\": 0.0, \"avg_logprob\": -0.2562558948993683, \"compression_ratio\": 1.6992287635803223, \"no_speech_prob\": 0.003221238497644663}, {\"id\": 3, \"seek\": 0, \"start\": 8.399999618530273, \"end\": 9.5600004196167, \"text\": \" I invite her to a couple of events.\", \"tokens\": [50784, 286, 7980, 720, 281, 257, 1916, 295, 3931, 13, 50842], \"temperature\": 0.0, \"avg_logprob\": -0.2562558948993683, \"compression_ratio\": 1.6992287635803223, \"no_speech_prob\": 0.003221238497644663}, {\"id\": 4, \"seek\": 0, \"start\": 9.5600004196167, \"end\": 11.720000267028809, \"text\": \" Say, Hey, do you want to come support this animal rescue charity?\", \"tokens\": [50842, 6463, 11, 1911, 11, 360, 291, 528, 281, 808, 1406, 341, 5496, 13283, 16863, 30, 50950], \"temperature\": 0.0, \"avg_logprob\": -0.2562558948993683, \"compression_ratio\": 1.6992287635803223, \"no_speech_prob\": 0.003221238497644663}, {\"id\": 5, \"seek\": 0, \"start\": 11.720000267028809, \"end\": 14.199999809265137, \"text\": \" I'm doing, I give like a good let's exchange numbers.\", \"tokens\": [50950, 286, 478, 884, 11, 286, 976, 411, 257, 665, 718, 311, 7742, 3547, 13, 51074], \"temperature\": 0.0, \"avg_logprob\": -0.2562558948993683, \"compression_ratio\": 1.6992287635803223, \"no_speech_prob\": 0.003221238497644663}, {\"id\": 6, \"seek\": 0, \"start\": 14.199999809265137, \"end\": 14.5600004196167, \"text\": \" I go on.\", \"tokens\": [51074, 286, 352, 322, 13, 51092], \"temperature\": 0.0, \"avg_logprob\": -0.2562558948993683, \"compression_ratio\": 1.6992287635803223, \"no_speech_prob\": 0.003221238497644663}, {\"id\": 7, \"seek\": 0, \"start\": 14.5600004196167, \"end\": 17.719999313354492, \"text\": \" And then I noticed she's watching every single one of my stories.\", \"tokens\": [51092, 400, 550, 286, 5694, 750, 311, 1976, 633, 2167, 472, 295, 452, 3676, 13, 51250], \"temperature\": 0.0, \"avg_logprob\": -0.2562558948993683, \"compression_ratio\": 1.6992287635803223, \"no_speech_prob\": 0.003221238497644663}, {\"id\": 8, \"seek\": 0, \"start\": 17.799999237060547, \"end\": 21.239999771118164, \"text\": \" So one of the places where I very much disagree with pickup artists and red pill\", \"tokens\": [51254, 407, 472, 295, 264, 3190, 689, 286, 588, 709, 14091, 365, 25328, 6910, 293, 2182, 8100, 51426], \"temperature\": 0.0, \"avg_logprob\": -0.2562558948993683, \"compression_ratio\": 1.6992287635803223, \"no_speech_prob\": 0.003221238497644663}, {\"id\": 9, \"seek\": 0, \"start\": 21.239999771118164, \"end\": 24.68000030517578, \"text\": \" people and all this kind of stuff is that I do very much believe men and women can\", \"tokens\": [51426, 561, 293, 439, 341, 733, 295, 1507, 307, 300, 286, 360, 588, 709, 1697, 1706, 293, 2266, 393, 51598], \"temperature\": 0.0, \"avg_logprob\": -0.2562558948993683, \"compression_ratio\": 1.6992287635803223, \"no_speech_prob\": 0.003221238497644663}, {\"id\": 10, \"seek\": 0, \"start\": 24.68000030517578, \"end\": 29.920000076293945, \"text\": \" be friends if men put women in the friend zone and not the other way around.\", \"tokens\": [51598, 312, 1855, 498, 1706, 829, 2266, 294, 264, 1277, 6668, 293, 406, 264, 661, 636, 926, 13, 51860], \"temperature\": 0.0, \"avg_logprob\": -0.2562558948993683, \"compression_ratio\": 1.6992287635803223, \"no_speech_prob\": 0.003221238497644663}, {\"id\": 11, \"seek\": 3000, \"start\": 30.440000534057617, \"end\": 34.720001220703125, \"text\": \" Yeah, I think it's very, very, in fact, if you do so, then you, you can invoke\", \"tokens\": [50386, 865, 11, 286, 519, 309, 311, 588, 11, 588, 11, 294, 1186, 11, 498, 291, 360, 370, 11, 550, 291, 11, 291, 393, 41117, 50600], \"temperature\": 0.0, \"avg_logprob\": -0.22739741206169128, \"compression_ratio\": 1.8645161390304565, \"no_speech_prob\": 0.0005883442936465144}, {\"id\": 12, \"seek\": 3000, \"start\": 34.84000015258789, \"end\": 39.31999969482422, \"text\": \" mate choice copying because women will see compliance from multiple, you've\", \"tokens\": [50606, 11709, 3922, 27976, 570, 2266, 486, 536, 15882, 490, 3866, 11, 291, 600, 50830], \"temperature\": 0.0, \"avg_logprob\": -0.22739741206169128, \"compression_ratio\": 1.8645161390304565, \"no_speech_prob\": 0.0005883442936465144}, {\"id\": 13, \"seek\": 3000, \"start\": 39.31999969482422, \"end\": 44.08000183105469, \"text\": \" probably looked at my Instagram at some point, like they use, uh, what will\", \"tokens\": [50830, 1391, 2956, 412, 452, 5281, 412, 512, 935, 11, 411, 436, 764, 11, 2232, 11, 437, 486, 51068], \"temperature\": 0.0, \"avg_logprob\": -0.22739741206169128, \"compression_ratio\": 1.8645161390304565, \"no_speech_prob\": 0.0005883442936465144}, {\"id\": 14, \"seek\": 3000, \"start\": 44.08000183105469, \"end\": 46.720001220703125, \"text\": \" happen is you'll see compliance from multiple women will then get you more\", \"tokens\": [51068, 1051, 307, 291, 603, 536, 15882, 490, 3866, 2266, 486, 550, 483, 291, 544, 51200], \"temperature\": 0.0, \"avg_logprob\": -0.22739741206169128, \"compression_ratio\": 1.8645161390304565, \"no_speech_prob\": 0.0005883442936465144}, {\"id\": 15, \"seek\": 3000, \"start\": 46.720001220703125, \"end\": 50.439998626708984, \"text\": \" women, which will give you access to places with even more women, which will\", \"tokens\": [51200, 2266, 11, 597, 486, 976, 291, 2105, 281, 3190, 365, 754, 544, 2266, 11, 597, 486, 51386], \"temperature\": 0.0, \"avg_logprob\": -0.22739741206169128, \"compression_ratio\": 1.8645161390304565, \"no_speech_prob\": 0.0005883442936465144}, {\"id\": 16, \"seek\": 3000, \"start\": 50.439998626708984, \"end\": 52.439998626708984, \"text\": \" get you what you talked about being smooth.\", \"tokens\": [51386, 483, 291, 437, 291, 2825, 466, 885, 5508, 13, 51486], \"temperature\": 0.0, \"avg_logprob\": -0.22739741206169128, \"compression_ratio\": 1.8645161390304565, \"no_speech_prob\": 0.0005883442936465144}, {\"id\": 17, \"seek\": 3000, \"start\": 52.560001373291016, \"end\": 54.720001220703125, \"text\": \" So I'm around women on a multiple basis.\", \"tokens\": [51492, 407, 286, 478, 926, 2266, 322, 257, 3866, 5143, 13, 51600], \"temperature\": 0.0, \"avg_logprob\": -0.22739741206169128, \"compression_ratio\": 1.8645161390304565, \"no_speech_prob\": 0.0005883442936465144}, {\"id\": 18, \"seek\": 3000, \"start\": 54.79999923706055, \"end\": 57.0, \"text\": \" My voice inflection doesn't change because I'm around women.\", \"tokens\": [51604, 1222, 3177, 1536, 5450, 1177, 380, 1319, 570, 286, 478, 926, 2266, 13, 51714], \"temperature\": 0.0, \"avg_logprob\": -0.22739741206169128, \"compression_ratio\": 1.8645161390304565, \"no_speech_prob\": 0.0005883442936465144}, {\"id\": 19, \"seek\": 3000, \"start\": 57.08000183105469, \"end\": 58.91999816894531, \"text\": \" I don't supplicate to them or change my behavior.\", \"tokens\": [51718, 286, 500, 380, 1003, 1050, 473, 281, 552, 420, 1319, 452, 5223, 13, 51810], \"temperature\": 0.0, \"avg_logprob\": -0.22739741206169128, \"compression_ratio\": 1.8645161390304565, \"no_speech_prob\": 0.0005883442936465144}, {\"id\": 20, \"seek\": 5892, \"start\": 59.15999984741211, \"end\": 61.599998474121094, \"text\": \" And number three, women introducing you to more women.\", \"tokens\": [50376, 400, 1230, 1045, 11, 2266, 15424, 291, 281, 544, 2266, 13, 50498], \"temperature\": 0.0, \"avg_logprob\": -0.2425338476896286, \"compression_ratio\": 1.939481258392334, \"no_speech_prob\": 0.0011159692658111453}, {\"id\": 21, \"seek\": 5892, \"start\": 61.599998474121094, \"end\": 64.31999969482422, \"text\": \" When I talk to the most attractive women, I'll have them on here on my show,\", \"tokens\": [50498, 1133, 286, 751, 281, 264, 881, 12609, 2266, 11, 286, 603, 362, 552, 322, 510, 322, 452, 855, 11, 50634], \"temperature\": 0.0, \"avg_logprob\": -0.2425338476896286, \"compression_ratio\": 1.939481258392334, \"no_speech_prob\": 0.0011159692658111453}, {\"id\": 22, \"seek\": 5892, \"start\": 64.31999969482422, \"end\": 64.83999633789062, \"text\": \" access Vegas.\", \"tokens\": [50634, 2105, 15841, 13, 50660], \"temperature\": 0.0, \"avg_logprob\": -0.2425338476896286, \"compression_ratio\": 1.939481258392334, \"no_speech_prob\": 0.0011159692658111453}, {\"id\": 23, \"seek\": 5892, \"start\": 64.83999633789062, \"end\": 67.91999816894531, \"text\": \" Sometimes when I talk to them, I frequently ask, where did you meet the\", \"tokens\": [50660, 4803, 562, 286, 751, 281, 552, 11, 286, 10374, 1029, 11, 689, 630, 291, 1677, 264, 50814], \"temperature\": 0.0, \"avg_logprob\": -0.2425338476896286, \"compression_ratio\": 1.939481258392334, \"no_speech_prob\": 0.0011159692658111453}, {\"id\": 24, \"seek\": 5892, \"start\": 67.91999816894531, \"end\": 69.4000015258789, \"text\": \" last five guys you've had sex with?\", \"tokens\": [50814, 1036, 1732, 1074, 291, 600, 632, 3260, 365, 30, 50888], \"temperature\": 0.0, \"avg_logprob\": -0.2425338476896286, \"compression_ratio\": 1.939481258392334, \"no_speech_prob\": 0.0011159692658111453}, {\"id\": 25, \"seek\": 5892, \"start\": 69.4000015258789, \"end\": 72.80000305175781, \"text\": \" There's a common question I have, and it's usually a female friend, female\", \"tokens\": [50888, 821, 311, 257, 2689, 1168, 286, 362, 11, 293, 309, 311, 2673, 257, 6556, 1277, 11, 6556, 51058], \"temperature\": 0.0, \"avg_logprob\": -0.2425338476896286, \"compression_ratio\": 1.939481258392334, \"no_speech_prob\": 0.0011159692658111453}, {\"id\": 26, \"seek\": 5892, \"start\": 72.80000305175781, \"end\": 74.5999984741211, \"text\": \" friend, female friend, female friend, Instagram.\", \"tokens\": [51058, 1277, 11, 6556, 1277, 11, 6556, 1277, 11, 5281, 13, 51148], \"temperature\": 0.0, \"avg_logprob\": -0.2425338476896286, \"compression_ratio\": 1.939481258392334, \"no_speech_prob\": 0.0011159692658111453}, {\"id\": 27, \"seek\": 5892, \"start\": 74.87999725341797, \"end\": 78.63999938964844, \"text\": \" It's never cold approach, pickup date game at the fucking mall.\", \"tokens\": [51162, 467, 311, 1128, 3554, 3109, 11, 25328, 4002, 1216, 412, 264, 5546, 16026, 13, 51350], \"temperature\": 0.0, \"avg_logprob\": -0.2425338476896286, \"compression_ratio\": 1.939481258392334, \"no_speech_prob\": 0.0011159692658111453}, {\"id\": 28, \"seek\": 5892, \"start\": 78.76000213623047, \"end\": 81.36000061035156, \"text\": \" And it's almost never, I met a super hot guy on Tinder.\", \"tokens\": [51356, 400, 309, 311, 1920, 1128, 11, 286, 1131, 257, 1687, 2368, 2146, 322, 49341, 13, 51486], \"temperature\": 0.0, \"avg_logprob\": -0.2425338476896286, \"compression_ratio\": 1.939481258392334, \"no_speech_prob\": 0.0011159692658111453}, {\"id\": 29, \"seek\": 5892, \"start\": 81.36000061035156, \"end\": 82.31999969482422, \"text\": \" It's never those things.\", \"tokens\": [51486, 467, 311, 1128, 729, 721, 13, 51534], \"temperature\": 0.0, \"avg_logprob\": -0.2425338476896286, \"compression_ratio\": 1.939481258392334, \"no_speech_prob\": 0.0011159692658111453}, {\"id\": 30, \"seek\": 5892, \"start\": 82.31999969482422, \"end\": 86.08000183105469, \"text\": \" It's female friend, female, female friend, sometimes male friend, but he might be\", \"tokens\": [51534, 467, 311, 6556, 1277, 11, 6556, 11, 6556, 1277, 11, 2171, 7133, 1277, 11, 457, 415, 1062, 312, 51722], \"temperature\": 0.0, \"avg_logprob\": -0.2425338476896286, \"compression_ratio\": 1.939481258392334, \"no_speech_prob\": 0.0011159692658111453}, {\"id\": 31, \"seek\": 5892, \"start\": 86.08000183105469, \"end\": 87.16000366210938, \"text\": \" gay and then Instagram.\", \"tokens\": [51722, 9049, 293, 550, 5281, 13, 51776], \"temperature\": 0.0, \"avg_logprob\": -0.2425338476896286, \"compression_ratio\": 1.939481258392334, \"no_speech_prob\": 0.0011159692658111453}, {\"id\": 32, \"seek\": 5892, \"start\": 87.19999694824219, \"end\": 88.4800033569336, \"text\": \" That's where they tend to meet these people.\", \"tokens\": [51778, 663, 311, 689, 436, 3928, 281, 1677, 613, 561, 13, 51842], \"temperature\": 0.0, \"avg_logprob\": -0.2425338476896286, \"compression_ratio\": 1.939481258392334, \"no_speech_prob\": 0.0011159692658111453}, {\"id\": 33, \"seek\": 8892, \"start\": 89.0, \"end\": 89.76000213623047, \"text\": \" Yeah, exactly.\", \"tokens\": [50368, 865, 11, 2293, 13, 50406], \"temperature\": 0.0, \"avg_logprob\": -0.24103760719299316, \"compression_ratio\": 1.6947040557861328, \"no_speech_prob\": 0.00011061039549531415}, {\"id\": 34, \"seek\": 8892, \"start\": 90.16000366210938, \"end\": 92.63999938964844, \"text\": \" And that is, uh, it's something that men just don't do.\", \"tokens\": [50426, 400, 300, 307, 11, 2232, 11, 309, 311, 746, 300, 1706, 445, 500, 380, 360, 13, 50550], \"temperature\": 0.0, \"avg_logprob\": -0.24103760719299316, \"compression_ratio\": 1.6947040557861328, \"no_speech_prob\": 0.00011061039549531415}, {\"id\": 35, \"seek\": 8892, \"start\": 92.68000030517578, \"end\": 95.63999938964844, \"text\": \" This is like, I don't know if you know anything about game theory, like that\", \"tokens\": [50552, 639, 307, 411, 11, 286, 500, 380, 458, 498, 291, 458, 1340, 466, 1216, 5261, 11, 411, 300, 50700], \"temperature\": 0.0, \"avg_logprob\": -0.24103760719299316, \"compression_ratio\": 1.6947040557861328, \"no_speech_prob\": 0.00011061039549531415}, {\"id\": 36, \"seek\": 8892, \"start\": 95.63999938964844, \"end\": 97.72000122070312, \"text\": \" John Nash, beautiful movie read all about it.\", \"tokens\": [50700, 2619, 25012, 11, 2238, 3169, 1401, 439, 466, 309, 13, 50804], \"temperature\": 0.0, \"avg_logprob\": -0.24103760719299316, \"compression_ratio\": 1.6947040557861328, \"no_speech_prob\": 0.00011061039549531415}, {\"id\": 37, \"seek\": 8892, \"start\": 97.72000122070312, \"end\": 98.23999786376953, \"text\": \" Yeah, yeah, yeah.\", \"tokens\": [50804, 865, 11, 1338, 11, 1338, 13, 50830], \"temperature\": 0.0, \"avg_logprob\": -0.24103760719299316, \"compression_ratio\": 1.6947040557861328, \"no_speech_prob\": 0.00011061039549531415}, {\"id\": 38, \"seek\": 8892, \"start\": 98.55999755859375, \"end\": 98.83999633789062, \"text\": \" Great.\", \"tokens\": [50846, 3769, 13, 50860], \"temperature\": 0.0, \"avg_logprob\": -0.24103760719299316, \"compression_ratio\": 1.6947040557861328, \"no_speech_prob\": 0.00011061039549531415}, {\"id\": 39, \"seek\": 8892, \"start\": 98.95999908447266, \"end\": 103.5999984741211, \"text\": \" So it, men being friends with women is just, isn't very common.\", \"tokens\": [50866, 407, 309, 11, 1706, 885, 1855, 365, 2266, 307, 445, 11, 1943, 380, 588, 2689, 13, 51098], \"temperature\": 0.0, \"avg_logprob\": -0.24103760719299316, \"compression_ratio\": 1.6947040557861328, \"no_speech_prob\": 0.00011061039549531415}, {\"id\": 40, \"seek\": 8892, \"start\": 103.5999984741211, \"end\": 108.95999908447266, \"text\": \" I made a video recently about this, this woman saying, um, that whenever she's\", \"tokens\": [51098, 286, 1027, 257, 960, 3938, 466, 341, 11, 341, 3059, 1566, 11, 1105, 11, 300, 5699, 750, 311, 51366], \"temperature\": 0.0, \"avg_logprob\": -0.24103760719299316, \"compression_ratio\": 1.6947040557861328, \"no_speech_prob\": 0.00011061039549531415}, {\"id\": 41, \"seek\": 8892, \"start\": 108.95999908447266, \"end\": 112.31999969482422, \"text\": \" friends with the guy and he gets a girlfriend, he disappears because he was\", \"tokens\": [51366, 1855, 365, 264, 2146, 293, 415, 2170, 257, 10369, 11, 415, 25527, 570, 415, 390, 51534], \"temperature\": 0.0, \"avg_logprob\": -0.24103760719299316, \"compression_ratio\": 1.6947040557861328, \"no_speech_prob\": 0.00011061039549531415}, {\"id\": 42, \"seek\": 8892, \"start\": 112.31999969482422, \"end\": 113.27999877929688, \"text\": \" always interested in her.\", \"tokens\": [51534, 1009, 3102, 294, 720, 13, 51582], \"temperature\": 0.0, \"avg_logprob\": -0.24103760719299316, \"compression_ratio\": 1.6947040557861328, \"no_speech_prob\": 0.00011061039549531415}, {\"id\": 43, \"seek\": 8892, \"start\": 113.27999877929688, \"end\": 117.27999877929688, \"text\": \" And I played a little buzzer, you know, and I said, actually, men can be friends\", \"tokens\": [51582, 400, 286, 3737, 257, 707, 13036, 260, 11, 291, 458, 11, 293, 286, 848, 11, 767, 11, 1706, 393, 312, 1855, 51782], \"temperature\": 0.0, \"avg_logprob\": -0.24103760719299316, \"compression_ratio\": 1.6947040557861328, \"no_speech_prob\": 0.00011061039549531415}, {\"id\": 44, \"seek\": 11728, \"start\": 117.27999877929688, \"end\": 121.08000183105469, \"text\": \" with women, but then women scream at us and say, what, like, are you still, why\", \"tokens\": [50364, 365, 2266, 11, 457, 550, 2266, 7291, 412, 505, 293, 584, 11, 437, 11, 411, 11, 366, 291, 920, 11, 983, 50554], \"temperature\": 0.0, \"avg_logprob\": -0.20318903028964996, \"compression_ratio\": 1.826855182647705, \"no_speech_prob\": 0.0488542802631855}, {\"id\": 45, \"seek\": 11728, \"start\": 121.08000183105469, \"end\": 122.19999694824219, \"text\": \" are you still talking to women?\", \"tokens\": [50554, 366, 291, 920, 1417, 281, 2266, 30, 50610], \"temperature\": 0.0, \"avg_logprob\": -0.20318903028964996, \"compression_ratio\": 1.826855182647705, \"no_speech_prob\": 0.0488542802631855}, {\"id\": 46, \"seek\": 11728, \"start\": 122.4000015258789, \"end\": 123.63999938964844, \"text\": \" I need you to not talk to women.\", \"tokens\": [50620, 286, 643, 291, 281, 406, 751, 281, 2266, 13, 50682], \"temperature\": 0.0, \"avg_logprob\": -0.20318903028964996, \"compression_ratio\": 1.826855182647705, \"no_speech_prob\": 0.0488542802631855}, {\"id\": 47, \"seek\": 11728, \"start\": 124.31999969482422, \"end\": 128.0, \"text\": \" And the thing is, I agree with her most of the time.\", \"tokens\": [50716, 400, 264, 551, 307, 11, 286, 3986, 365, 720, 881, 295, 264, 565, 13, 50900], \"temperature\": 0.0, \"avg_logprob\": -0.20318903028964996, \"compression_ratio\": 1.826855182647705, \"no_speech_prob\": 0.0488542802631855}, {\"id\": 48, \"seek\": 11728, \"start\": 128.0, \"end\": 132.0, \"text\": \" Like usually when a man is friends with a woman, it's because he's\", \"tokens\": [50900, 1743, 2673, 562, 257, 587, 307, 1855, 365, 257, 3059, 11, 309, 311, 570, 415, 311, 51100], \"temperature\": 0.0, \"avg_logprob\": -0.20318903028964996, \"compression_ratio\": 1.826855182647705, \"no_speech_prob\": 0.0488542802631855}, {\"id\": 49, \"seek\": 11728, \"start\": 132.0, \"end\": 134.52000427246094, \"text\": \" waiting for her to be available.\", \"tokens\": [51100, 3806, 337, 720, 281, 312, 2435, 13, 51226], \"temperature\": 0.0, \"avg_logprob\": -0.20318903028964996, \"compression_ratio\": 1.826855182647705, \"no_speech_prob\": 0.0488542802631855}, {\"id\": 50, \"seek\": 11728, \"start\": 135.0800018310547, \"end\": 139.16000366210938, \"text\": \" I've been friends with women who were beautiful, who I really, really liked it.\", \"tokens\": [51254, 286, 600, 668, 1855, 365, 2266, 567, 645, 2238, 11, 567, 286, 534, 11, 534, 4501, 309, 13, 51458], \"temperature\": 0.0, \"avg_logprob\": -0.20318903028964996, \"compression_ratio\": 1.826855182647705, \"no_speech_prob\": 0.0488542802631855}, {\"id\": 51, \"seek\": 11728, \"start\": 139.16000366210938, \"end\": 142.75999450683594, \"text\": \" If they were not, uh, if they were interested in me and they were not in\", \"tokens\": [51458, 759, 436, 645, 406, 11, 2232, 11, 498, 436, 645, 3102, 294, 385, 293, 436, 645, 406, 294, 51638], \"temperature\": 0.0, \"avg_logprob\": -0.20318903028964996, \"compression_ratio\": 1.826855182647705, \"no_speech_prob\": 0.0488542802631855}, {\"id\": 52, \"seek\": 11728, \"start\": 142.75999450683594, \"end\": 145.72000122070312, \"text\": \" relationships or whatever was the wall was, I would be interested.\", \"tokens\": [51638, 6159, 420, 2035, 390, 264, 2929, 390, 11, 286, 576, 312, 3102, 13, 51786], \"temperature\": 0.0, \"avg_logprob\": -0.20318903028964996, \"compression_ratio\": 1.826855182647705, \"no_speech_prob\": 0.0488542802631855}, {\"id\": 53, \"seek\": 14572, \"start\": 146.0399932861328, \"end\": 152.27999877929688, \"text\": \" I know how to, I know how to turn that off and not be quietly in pursuit of her.\", \"tokens\": [50380, 286, 458, 577, 281, 11, 286, 458, 577, 281, 1261, 300, 766, 293, 406, 312, 19141, 294, 23365, 295, 720, 13, 50692], \"temperature\": 0.0, \"avg_logprob\": -0.2287515550851822, \"compression_ratio\": 1.7738516330718994, \"no_speech_prob\": 8.220139716286212e-05}, {\"id\": 54, \"seek\": 14572, \"start\": 152.39999389648438, \"end\": 153.36000061035156, \"text\": \" I've done that.\", \"tokens\": [50698, 286, 600, 1096, 300, 13, 50746], \"temperature\": 0.0, \"avg_logprob\": -0.2287515550851822, \"compression_ratio\": 1.7738516330718994, \"no_speech_prob\": 8.220139716286212e-05}, {\"id\": 55, \"seek\": 14572, \"start\": 153.44000244140625, \"end\": 154.32000732421875, \"text\": \" I know how to do that.\", \"tokens\": [50750, 286, 458, 577, 281, 360, 300, 13, 50794], \"temperature\": 0.0, \"avg_logprob\": -0.2287515550851822, \"compression_ratio\": 1.7738516330718994, \"no_speech_prob\": 8.220139716286212e-05}, {\"id\": 56, \"seek\": 14572, \"start\": 154.32000732421875, \"end\": 157.72000122070312, \"text\": \" I've had a lot of female friends that I don't want any sort\", \"tokens\": [50794, 286, 600, 632, 257, 688, 295, 6556, 1855, 300, 286, 500, 380, 528, 604, 1333, 50964], \"temperature\": 0.0, \"avg_logprob\": -0.2287515550851822, \"compression_ratio\": 1.7738516330718994, \"no_speech_prob\": 8.220139716286212e-05}, {\"id\": 57, \"seek\": 14572, \"start\": 157.72000122070312, \"end\": 158.67999267578125, \"text\": \" of physical relationship with.\", \"tokens\": [50964, 295, 4001, 2480, 365, 13, 51012], \"temperature\": 0.0, \"avg_logprob\": -0.2287515550851822, \"compression_ratio\": 1.7738516330718994, \"no_speech_prob\": 8.220139716286212e-05}, {\"id\": 58, \"seek\": 14572, \"start\": 159.0, \"end\": 161.39999389648438, \"text\": \" I don't think most men know how to do that.\", \"tokens\": [51028, 286, 500, 380, 519, 881, 1706, 458, 577, 281, 360, 300, 13, 51148], \"temperature\": 0.0, \"avg_logprob\": -0.2287515550851822, \"compression_ratio\": 1.7738516330718994, \"no_speech_prob\": 8.220139716286212e-05}, {\"id\": 59, \"seek\": 14572, \"start\": 161.44000244140625, \"end\": 161.75999450683594, \"text\": \" Yeah.\", \"tokens\": [51150, 865, 13, 51166], \"temperature\": 0.0, \"avg_logprob\": -0.2287515550851822, \"compression_ratio\": 1.7738516330718994, \"no_speech_prob\": 8.220139716286212e-05}, {\"id\": 60, \"seek\": 14572, \"start\": 162.39999389648438, \"end\": 162.60000610351562, \"text\": \" Yeah.\", \"tokens\": [51198, 865, 13, 51208], \"temperature\": 0.0, \"avg_logprob\": -0.2287515550851822, \"compression_ratio\": 1.7738516330718994, \"no_speech_prob\": 8.220139716286212e-05}, {\"id\": 61, \"seek\": 14572, \"start\": 162.60000610351562, \"end\": 166.16000366210938, \"text\": \" Because the first couple you, what happens is if you're living in any kind\", \"tokens\": [51208, 1436, 264, 700, 1916, 291, 11, 437, 2314, 307, 498, 291, 434, 2647, 294, 604, 733, 51386], \"temperature\": 0.0, \"avg_logprob\": -0.2287515550851822, \"compression_ratio\": 1.7738516330718994, \"no_speech_prob\": 8.220139716286212e-05}, {\"id\": 62, \"seek\": 14572, \"start\": 166.16000366210938, \"end\": 168.9199981689453, \"text\": \" of scarcity, this has happened to me, you know, I have tons of female friends now,\", \"tokens\": [51386, 295, 44181, 11, 341, 575, 2011, 281, 385, 11, 291, 458, 11, 286, 362, 9131, 295, 6556, 1855, 586, 11, 51524], \"temperature\": 0.0, \"avg_logprob\": -0.2287515550851822, \"compression_ratio\": 1.7738516330718994, \"no_speech_prob\": 8.220139716286212e-05}, {\"id\": 63, \"seek\": 14572, \"start\": 168.9199981689453, \"end\": 172.1999969482422, \"text\": \" but I remember getting back from the Middle East, I did six months deployment\", \"tokens\": [51524, 457, 286, 1604, 1242, 646, 490, 264, 10775, 6747, 11, 286, 630, 2309, 2493, 19317, 51688], \"temperature\": 0.0, \"avg_logprob\": -0.2287515550851822, \"compression_ratio\": 1.7738516330718994, \"no_speech_prob\": 8.220139716286212e-05}, {\"id\": 64, \"seek\": 17220, \"start\": 173.0, \"end\": 176.24000549316406, \"text\": \" and when I got back, I went to, um, in Atlanta, strip clubs are a little\", \"tokens\": [50404, 293, 562, 286, 658, 646, 11, 286, 1437, 281, 11, 1105, 11, 294, 20225, 11, 12828, 15428, 366, 257, 707, 50566], \"temperature\": 0.0, \"avg_logprob\": -0.22761276364326477, \"compression_ratio\": 1.7432836294174194, \"no_speech_prob\": 0.02517576888203621}, {\"id\": 65, \"seek\": 17220, \"start\": 176.24000549316406, \"end\": 177.83999633789062, \"text\": \" different and strip clubs and nightclubs.\", \"tokens\": [50566, 819, 293, 12828, 15428, 293, 1818, 3474, 5432, 13, 50646], \"temperature\": 0.0, \"avg_logprob\": -0.22761276364326477, \"compression_ratio\": 1.7432836294174194, \"no_speech_prob\": 0.02517576888203621}, {\"id\": 66, \"seek\": 17220, \"start\": 177.83999633789062, \"end\": 179.36000061035156, \"text\": \" It's kind of a mesh, same thing in Miami.\", \"tokens\": [50646, 467, 311, 733, 295, 257, 17407, 11, 912, 551, 294, 18367, 13, 50722], \"temperature\": 0.0, \"avg_logprob\": -0.22761276364326477, \"compression_ratio\": 1.7432836294174194, \"no_speech_prob\": 0.02517576888203621}, {\"id\": 67, \"seek\": 17220, \"start\": 179.36000061035156, \"end\": 181.83999633789062, \"text\": \" There's kind of a, um, a hybrid of the two things.\", \"tokens\": [50722, 821, 311, 733, 295, 257, 11, 1105, 11, 257, 13051, 295, 264, 732, 721, 13, 50846], \"temperature\": 0.0, \"avg_logprob\": -0.22761276364326477, \"compression_ratio\": 1.7432836294174194, \"no_speech_prob\": 0.02517576888203621}, {\"id\": 68, \"seek\": 17220, \"start\": 182.1999969482422, \"end\": 185.0800018310547, \"text\": \" And I'm in there and I'm talking to this girl and I remember just\", \"tokens\": [50864, 400, 286, 478, 294, 456, 293, 286, 478, 1417, 281, 341, 2013, 293, 286, 1604, 445, 51008], \"temperature\": 0.0, \"avg_logprob\": -0.22761276364326477, \"compression_ratio\": 1.7432836294174194, \"no_speech_prob\": 0.02517576888203621}, {\"id\": 69, \"seek\": 17220, \"start\": 185.0800018310547, \"end\": 187.0, \"text\": \" fumbling, like literally mouth got dry.\", \"tokens\": [51008, 283, 14188, 11, 411, 3736, 4525, 658, 4016, 13, 51104], \"temperature\": 0.0, \"avg_logprob\": -0.22761276364326477, \"compression_ratio\": 1.7432836294174194, \"no_speech_prob\": 0.02517576888203621}, {\"id\": 70, \"seek\": 17220, \"start\": 187.0, \"end\": 189.52000427246094, \"text\": \" I hadn't spoken to an attractive woman in seven months.\", \"tokens\": [51104, 286, 8782, 380, 10759, 281, 364, 12609, 3059, 294, 3407, 2493, 13, 51230], \"temperature\": 0.0, \"avg_logprob\": -0.22761276364326477, \"compression_ratio\": 1.7432836294174194, \"no_speech_prob\": 0.02517576888203621}, {\"id\": 71, \"seek\": 17220, \"start\": 189.8800048828125, \"end\": 192.75999450683594, \"text\": \" And the woman almost like said, I hope everything's all right with you.\", \"tokens\": [51248, 400, 264, 3059, 1920, 411, 848, 11, 286, 1454, 1203, 311, 439, 558, 365, 291, 13, 51392], \"temperature\": 0.0, \"avg_logprob\": -0.22761276364326477, \"compression_ratio\": 1.7432836294174194, \"no_speech_prob\": 0.02517576888203621}, {\"id\": 72, \"seek\": 17220, \"start\": 192.75999450683594, \"end\": 195.1199951171875, \"text\": \" Like something, some sort of piteous remark.\", \"tokens\": [51392, 1743, 746, 11, 512, 1333, 295, 280, 642, 563, 7942, 13, 51510], \"temperature\": 0.0, \"avg_logprob\": -0.22761276364326477, \"compression_ratio\": 1.7432836294174194, \"no_speech_prob\": 0.02517576888203621}, {\"id\": 73, \"seek\": 17220, \"start\": 195.1199951171875, \"end\": 198.9600067138672, \"text\": \" And I was just like, because I was so uncalibrated to this situation,\", \"tokens\": [51510, 400, 286, 390, 445, 411, 11, 570, 286, 390, 370, 6219, 304, 897, 5468, 281, 341, 2590, 11, 51702], \"temperature\": 0.0, \"avg_logprob\": -0.22761276364326477, \"compression_ratio\": 1.7432836294174194, \"no_speech_prob\": 0.02517576888203621}, {\"id\": 74, \"seek\": 17220, \"start\": 199.0800018310547, \"end\": 200.8800048828125, \"text\": \" the opposite of smoothness.\", \"tokens\": [51708, 264, 6182, 295, 5508, 1287, 13, 51798], \"temperature\": 0.0, \"avg_logprob\": -0.22761276364326477, \"compression_ratio\": 1.7432836294174194, \"no_speech_prob\": 0.02517576888203621}, {\"id\": 75, \"seek\": 20088, \"start\": 201.39999389648438, \"end\": 203.55999755859375, \"text\": \" I like that term smoothness or game.\", \"tokens\": [50390, 286, 411, 300, 1433, 5508, 1287, 420, 1216, 13, 50498], \"temperature\": 0.0, \"avg_logprob\": -0.2131260335445404, \"compression_ratio\": 1.7539267539978027, \"no_speech_prob\": 0.023678909987211227}, {\"id\": 76, \"seek\": 20088, \"start\": 203.55999755859375, \"end\": 206.39999389648438, \"text\": \" If you want to call it stuff like that, being used to what I like to say is\", \"tokens\": [50498, 759, 291, 528, 281, 818, 309, 1507, 411, 300, 11, 885, 1143, 281, 437, 286, 411, 281, 584, 307, 50640], \"temperature\": 0.0, \"avg_logprob\": -0.2131260335445404, \"compression_ratio\": 1.7539267539978027, \"no_speech_prob\": 0.023678909987211227}, {\"id\": 77, \"seek\": 20088, \"start\": 206.39999389648438, \"end\": 209.52000427246094, \"text\": \" immersion, the concept of in the U S military, where they put you behind a\", \"tokens\": [50640, 40348, 11, 264, 3410, 295, 294, 264, 624, 318, 4632, 11, 689, 436, 829, 291, 2261, 257, 50796], \"temperature\": 0.0, \"avg_logprob\": -0.2131260335445404, \"compression_ratio\": 1.7539267539978027, \"no_speech_prob\": 0.023678909987211227}, {\"id\": 78, \"seek\": 20088, \"start\": 209.52000427246094, \"end\": 211.27999877929688, \"text\": \" berm and they fire live bullets over your head.\", \"tokens\": [50796, 50001, 293, 436, 2610, 1621, 20132, 670, 428, 1378, 13, 50884], \"temperature\": 0.0, \"avg_logprob\": -0.2131260335445404, \"compression_ratio\": 1.7539267539978027, \"no_speech_prob\": 0.023678909987211227}, {\"id\": 79, \"seek\": 20088, \"start\": 211.27999877929688, \"end\": 214.55999755859375, \"text\": \" So you get used to hearing that whizzing noise, your heart rates at 140.\", \"tokens\": [50884, 407, 291, 483, 1143, 281, 4763, 300, 315, 8072, 278, 5658, 11, 428, 1917, 6846, 412, 21548, 13, 51048], \"temperature\": 0.0, \"avg_logprob\": -0.2131260335445404, \"compression_ratio\": 1.7539267539978027, \"no_speech_prob\": 0.023678909987211227}, {\"id\": 80, \"seek\": 20088, \"start\": 214.63999938964844, \"end\": 216.1199951171875, \"text\": \" The next time you do it, it's at 120.\", \"tokens\": [51052, 440, 958, 565, 291, 360, 309, 11, 309, 311, 412, 10411, 13, 51126], \"temperature\": 0.0, \"avg_logprob\": -0.2131260335445404, \"compression_ratio\": 1.7539267539978027, \"no_speech_prob\": 0.023678909987211227}, {\"id\": 81, \"seek\": 20088, \"start\": 216.1999969482422, \"end\": 219.1999969482422, \"text\": \" And then finally your heart rate stays at 83 and you're like checking your\", \"tokens\": [51130, 400, 550, 2721, 428, 1917, 3314, 10834, 412, 30997, 293, 291, 434, 411, 8568, 428, 51280], \"temperature\": 0.0, \"avg_logprob\": -0.2131260335445404, \"compression_ratio\": 1.7539267539978027, \"no_speech_prob\": 0.023678909987211227}, {\"id\": 82, \"seek\": 20088, \"start\": 219.1999969482422, \"end\": 220.44000244140625, \"text\": \" phone while the bullets are going on.\", \"tokens\": [51280, 2593, 1339, 264, 20132, 366, 516, 322, 13, 51342], \"temperature\": 0.0, \"avg_logprob\": -0.2131260335445404, \"compression_ratio\": 1.7539267539978027, \"no_speech_prob\": 0.023678909987211227}, {\"id\": 83, \"seek\": 20088, \"start\": 220.55999755859375, \"end\": 223.0399932861328, \"text\": \" This is what happens once you see the hottest girl you've\", \"tokens\": [51348, 639, 307, 437, 2314, 1564, 291, 536, 264, 32780, 2013, 291, 600, 51472], \"temperature\": 0.0, \"avg_logprob\": -0.2131260335445404, \"compression_ratio\": 1.7539267539978027, \"no_speech_prob\": 0.023678909987211227}, {\"id\": 84, \"seek\": 20088, \"start\": 223.0399932861328, \"end\": 225.0399932861328, \"text\": \" ever seen 50 times in Vegas.\", \"tokens\": [51472, 1562, 1612, 2625, 1413, 294, 15841, 13, 51572], \"temperature\": 0.0, \"avg_logprob\": -0.2131260335445404, \"compression_ratio\": 1.7539267539978027, \"no_speech_prob\": 0.023678909987211227}, {\"id\": 85, \"seek\": 20088, \"start\": 225.1199951171875, \"end\": 227.0800018310547, \"text\": \" You get to the point where it's like, she's super hot.\", \"tokens\": [51576, 509, 483, 281, 264, 935, 689, 309, 311, 411, 11, 750, 311, 1687, 2368, 13, 51674], \"temperature\": 0.0, \"avg_logprob\": -0.2131260335445404, \"compression_ratio\": 1.7539267539978027, \"no_speech_prob\": 0.023678909987211227}, {\"id\": 86, \"seek\": 20088, \"start\": 227.16000366210938, \"end\": 229.9600067138672, \"text\": \" I don't even look at her boobs once to have a conversation with her.\", \"tokens\": [51678, 286, 500, 380, 754, 574, 412, 720, 40439, 1564, 281, 362, 257, 3761, 365, 720, 13, 51818], \"temperature\": 0.0, \"avg_logprob\": -0.2131260335445404, \"compression_ratio\": 1.7539267539978027, \"no_speech_prob\": 0.023678909987211227}, {\"id\": 87, \"seek\": 22996, \"start\": 230.0399932861328, \"end\": 232.44000244140625, \"text\": \" I invite her to a couple of events, say, Hey, do you want to come support\", \"tokens\": [50368, 286, 7980, 720, 281, 257, 1916, 295, 3931, 11, 584, 11, 1911, 11, 360, 291, 528, 281, 808, 1406, 50488], \"temperature\": 0.0, \"avg_logprob\": -0.22910737991333008, \"compression_ratio\": 1.7861272096633911, \"no_speech_prob\": 0.0009849732741713524}, {\"id\": 88, \"seek\": 22996, \"start\": 232.44000244140625, \"end\": 233.75999450683594, \"text\": \" this animal rescue charity I'm doing?\", \"tokens\": [50488, 341, 5496, 13283, 16863, 286, 478, 884, 30, 50554], \"temperature\": 0.0, \"avg_logprob\": -0.22910737991333008, \"compression_ratio\": 1.7861272096633911, \"no_speech_prob\": 0.0009849732741713524}, {\"id\": 89, \"seek\": 22996, \"start\": 233.9199981689453, \"end\": 235.83999633789062, \"text\": \" I give like a good let's exchange numbers.\", \"tokens\": [50562, 286, 976, 411, 257, 665, 718, 311, 7742, 3547, 13, 50658], \"temperature\": 0.0, \"avg_logprob\": -0.22910737991333008, \"compression_ratio\": 1.7861272096633911, \"no_speech_prob\": 0.0009849732741713524}, {\"id\": 90, \"seek\": 22996, \"start\": 235.83999633789062, \"end\": 236.1999969482422, \"text\": \" I go on.\", \"tokens\": [50658, 286, 352, 322, 13, 50676], \"temperature\": 0.0, \"avg_logprob\": -0.22910737991333008, \"compression_ratio\": 1.7861272096633911, \"no_speech_prob\": 0.0009849732741713524}, {\"id\": 91, \"seek\": 22996, \"start\": 236.1999969482422, \"end\": 240.36000061035156, \"text\": \" And then I noticed she's watching every single one of my stories, every single\", \"tokens\": [50676, 400, 550, 286, 5694, 750, 311, 1976, 633, 2167, 472, 295, 452, 3676, 11, 633, 2167, 50884], \"temperature\": 0.0, \"avg_logprob\": -0.22910737991333008, \"compression_ratio\": 1.7861272096633911, \"no_speech_prob\": 0.0009849732741713524}, {\"id\": 92, \"seek\": 22996, \"start\": 240.36000061035156, \"end\": 243.24000549316406, \"text\": \" one, because why, because I was still able to do those things at the\", \"tokens\": [50884, 472, 11, 570, 983, 11, 570, 286, 390, 920, 1075, 281, 360, 729, 721, 412, 264, 51028], \"temperature\": 0.0, \"avg_logprob\": -0.22910737991333008, \"compression_ratio\": 1.7861272096633911, \"no_speech_prob\": 0.0009849732741713524}, {\"id\": 93, \"seek\": 22996, \"start\": 243.24000549316406, \"end\": 244.16000366210938, \"text\": \" bottom on your chart there.\", \"tokens\": [51028, 2767, 322, 428, 6927, 456, 13, 51074], \"temperature\": 0.0, \"avg_logprob\": -0.22910737991333008, \"compression_ratio\": 1.7861272096633911, \"no_speech_prob\": 0.0009849732741713524}, {\"id\": 94, \"seek\": 22996, \"start\": 244.16000366210938, \"end\": 248.16000366210938, \"text\": \" I was still able to trigger attraction, but I did not show intent\", \"tokens\": [51074, 286, 390, 920, 1075, 281, 7875, 17672, 11, 457, 286, 630, 406, 855, 8446, 51274], \"temperature\": 0.0, \"avg_logprob\": -0.22910737991333008, \"compression_ratio\": 1.7861272096633911, \"no_speech_prob\": 0.0009849732741713524}, {\"id\": 95, \"seek\": 22996, \"start\": 248.16000366210938, \"end\": 249.72000122070312, \"text\": \" because my intent is valuable.\", \"tokens\": [51274, 570, 452, 8446, 307, 8263, 13, 51352], \"temperature\": 0.0, \"avg_logprob\": -0.22910737991333008, \"compression_ratio\": 1.7861272096633911, \"no_speech_prob\": 0.0009849732741713524}, {\"id\": 96, \"seek\": 22996, \"start\": 249.9199981689453, \"end\": 250.8000030517578, \"text\": \" You have to work for it.\", \"tokens\": [51362, 509, 362, 281, 589, 337, 309, 13, 51406], \"temperature\": 0.0, \"avg_logprob\": -0.22910737991333008, \"compression_ratio\": 1.7861272096633911, \"no_speech_prob\": 0.0009849732741713524}, {\"id\": 97, \"seek\": 22996, \"start\": 251.83999633789062, \"end\": 256.32000732421875, \"text\": \" I believe in this concept of chiseling out the life you want by rewarding good\", \"tokens\": [51458, 286, 1697, 294, 341, 3410, 295, 417, 271, 11031, 484, 264, 993, 291, 528, 538, 20063, 665, 51682], \"temperature\": 0.0, \"avg_logprob\": -0.22910737991333008, \"compression_ratio\": 1.7861272096633911, \"no_speech_prob\": 0.0009849732741713524}, {\"id\": 98, \"seek\": 22996, \"start\": 256.32000732421875, \"end\": 259.8399963378906, \"text\": \" behavior in your life from other people and punishing bad behavior, punishing\", \"tokens\": [51682, 5223, 294, 428, 993, 490, 661, 561, 293, 49824, 1578, 5223, 11, 49824, 51858], \"temperature\": 0.0, \"avg_logprob\": -0.22910737991333008, \"compression_ratio\": 1.7861272096633911, \"no_speech_prob\": 0.0009849732741713524}, {\"id\": 99, \"seek\": 25984, \"start\": 259.8399963378906, \"end\": 262.5199890136719, \"text\": \" might not be the right word, or maybe not acknowledging bad behavior,\", \"tokens\": [50364, 1062, 406, 312, 264, 558, 1349, 11, 420, 1310, 406, 30904, 1578, 5223, 11, 50498], \"temperature\": 0.0, \"avg_logprob\": -0.21917009353637695, \"compression_ratio\": 1.9115043878555298, \"no_speech_prob\": 0.0009110388928093016}, {\"id\": 100, \"seek\": 25984, \"start\": 262.5199890136719, \"end\": 263.9599914550781, \"text\": \" not reacting to bad behavior.\", \"tokens\": [50498, 406, 25817, 281, 1578, 5223, 13, 50570], \"temperature\": 0.0, \"avg_logprob\": -0.21917009353637695, \"compression_ratio\": 1.9115043878555298, \"no_speech_prob\": 0.0009110388928093016}, {\"id\": 101, \"seek\": 25984, \"start\": 264.20001220703125, \"end\": 266.8399963378906, \"text\": \" And when you do that, that's really hard to do when a woman is super\", \"tokens\": [50582, 400, 562, 291, 360, 300, 11, 300, 311, 534, 1152, 281, 360, 562, 257, 3059, 307, 1687, 50714], \"temperature\": 0.0, \"avg_logprob\": -0.21917009353637695, \"compression_ratio\": 1.9115043878555298, \"no_speech_prob\": 0.0009110388928093016}, {\"id\": 102, \"seek\": 25984, \"start\": 266.8399963378906, \"end\": 270.20001220703125, \"text\": \" attractive to you and she's not giving you attention, then you go in and\", \"tokens\": [50714, 12609, 281, 291, 293, 750, 311, 406, 2902, 291, 3202, 11, 550, 291, 352, 294, 293, 50882], \"temperature\": 0.0, \"avg_logprob\": -0.21917009353637695, \"compression_ratio\": 1.9115043878555298, \"no_speech_prob\": 0.0009110388928093016}, {\"id\": 103, \"seek\": 25984, \"start\": 270.20001220703125, \"end\": 271.8800048828125, \"text\": \" you try to fix the situation.\", \"tokens\": [50882, 291, 853, 281, 3191, 264, 2590, 13, 50966], \"temperature\": 0.0, \"avg_logprob\": -0.21917009353637695, \"compression_ratio\": 1.9115043878555298, \"no_speech_prob\": 0.0009110388928093016}, {\"id\": 104, \"seek\": 25984, \"start\": 272.0, \"end\": 273.2799987792969, \"text\": \" Now she's giving you less attention.\", \"tokens\": [50972, 823, 750, 311, 2902, 291, 1570, 3202, 13, 51036], \"temperature\": 0.0, \"avg_logprob\": -0.21917009353637695, \"compression_ratio\": 1.9115043878555298, \"no_speech_prob\": 0.0009110388928093016}, {\"id\": 105, \"seek\": 25984, \"start\": 273.3599853515625, \"end\": 276.0, \"text\": \" You're making it worse because you aren't rewarding good behavior\", \"tokens\": [51040, 509, 434, 1455, 309, 5324, 570, 291, 3212, 380, 20063, 665, 5223, 51172], \"temperature\": 0.0, \"avg_logprob\": -0.21917009353637695, \"compression_ratio\": 1.9115043878555298, \"no_speech_prob\": 0.0009110388928093016}, {\"id\": 106, \"seek\": 25984, \"start\": 276.0, \"end\": 277.0799865722656, \"text\": \" and punishing bad behavior.\", \"tokens\": [51172, 293, 49824, 1578, 5223, 13, 51226], \"temperature\": 0.0, \"avg_logprob\": -0.21917009353637695, \"compression_ratio\": 1.9115043878555298, \"no_speech_prob\": 0.0009110388928093016}, {\"id\": 107, \"seek\": 25984, \"start\": 277.0799865722656, \"end\": 279.8800048828125, \"text\": \" Not creating those boundaries that a guy at the bottom there would have.\", \"tokens\": [51226, 1726, 4084, 729, 13180, 300, 257, 2146, 412, 264, 2767, 456, 576, 362, 13, 51366], \"temperature\": 0.0, \"avg_logprob\": -0.21917009353637695, \"compression_ratio\": 1.9115043878555298, \"no_speech_prob\": 0.0009110388928093016}, {\"id\": 108, \"seek\": 25984, \"start\": 280.4800109863281, \"end\": 280.7200012207031, \"text\": \" Yeah.\", \"tokens\": [51396, 865, 13, 51408], \"temperature\": 0.0, \"avg_logprob\": -0.21917009353637695, \"compression_ratio\": 1.9115043878555298, \"no_speech_prob\": 0.0009110388928093016}, {\"id\": 109, \"seek\": 25984, \"start\": 280.79998779296875, \"end\": 283.6000061035156, \"text\": \" That's something that I, I, you know, I've worked a lot on.\", \"tokens\": [51412, 663, 311, 746, 300, 286, 11, 286, 11, 291, 458, 11, 286, 600, 2732, 257, 688, 322, 13, 51552], \"temperature\": 0.0, \"avg_logprob\": -0.21917009353637695, \"compression_ratio\": 1.9115043878555298, \"no_speech_prob\": 0.0009110388928093016}, {\"id\": 110, \"seek\": 25984, \"start\": 284.0799865722656, \"end\": 285.760009765625, \"text\": \" I have not had a lot of jobs.\", \"tokens\": [51576, 286, 362, 406, 632, 257, 688, 295, 4782, 13, 51660], \"temperature\": 0.0, \"avg_logprob\": -0.21917009353637695, \"compression_ratio\": 1.9115043878555298, \"no_speech_prob\": 0.0009110388928093016}, {\"id\": 111, \"seek\": 25984, \"start\": 285.79998779296875, \"end\": 288.760009765625, \"text\": \" I have worked a lot on self-awareness and meditation and that sort of thing.\", \"tokens\": [51662, 286, 362, 2732, 257, 688, 322, 2698, 12, 17074, 1287, 293, 12537, 293, 300, 1333, 295, 551, 13, 51810], \"temperature\": 0.0, \"avg_logprob\": -0.21917009353637695, \"compression_ratio\": 1.9115043878555298, \"no_speech_prob\": 0.0009110388928093016}, {\"id\": 112, \"seek\": 28876, \"start\": 288.760009765625, \"end\": 291.67999267578125, \"text\": \" I've moved up in, you know, what was called the levels in the aqua map.\", \"tokens\": [50364, 286, 600, 4259, 493, 294, 11, 291, 458, 11, 437, 390, 1219, 264, 4358, 294, 264, 2373, 64, 4471, 13, 50510], \"temperature\": 0.0, \"avg_logprob\": -0.19112396240234375, \"compression_ratio\": 1.8695652484893799, \"no_speech_prob\": 0.0004511986917350441}, {\"id\": 113, \"seek\": 28876, \"start\": 292.239990234375, \"end\": 294.6400146484375, \"text\": \" And that's something that I've learned to do without immersion.\", \"tokens\": [50538, 400, 300, 311, 746, 300, 286, 600, 3264, 281, 360, 1553, 40348, 13, 50658], \"temperature\": 0.0, \"avg_logprob\": -0.19112396240234375, \"compression_ratio\": 1.8695652484893799, \"no_speech_prob\": 0.0004511986917350441}, {\"id\": 114, \"seek\": 28876, \"start\": 294.760009765625, \"end\": 299.44000244140625, \"text\": \" I just am aware of, and this is a skill that I try to teach people in my life\", \"tokens\": [50664, 286, 445, 669, 3650, 295, 11, 293, 341, 307, 257, 5389, 300, 286, 853, 281, 2924, 561, 294, 452, 993, 50898], \"temperature\": 0.0, \"avg_logprob\": -0.19112396240234375, \"compression_ratio\": 1.8695652484893799, \"no_speech_prob\": 0.0004511986917350441}, {\"id\": 115, \"seek\": 28876, \"start\": 299.44000244140625, \"end\": 304.0400085449219, \"text\": \" coaching practice and in the videos, I'm aware of what's going on in myself\", \"tokens\": [50898, 15818, 3124, 293, 294, 264, 2145, 11, 286, 478, 3650, 295, 437, 311, 516, 322, 294, 2059, 51128], \"temperature\": 0.0, \"avg_logprob\": -0.19112396240234375, \"compression_ratio\": 1.8695652484893799, \"no_speech_prob\": 0.0004511986917350441}, {\"id\": 116, \"seek\": 28876, \"start\": 304.0400085449219, \"end\": 304.760009765625, \"text\": \" subconsciously.\", \"tokens\": [51128, 27389, 356, 13, 51164], \"temperature\": 0.0, \"avg_logprob\": -0.19112396240234375, \"compression_ratio\": 1.8695652484893799, \"no_speech_prob\": 0.0004511986917350441}, {\"id\": 117, \"seek\": 28876, \"start\": 304.760009765625, \"end\": 309.32000732421875, \"text\": \" And when I see a woman that I'm interested in, I'm aware of how I'm trying to, you\", \"tokens\": [51164, 400, 562, 286, 536, 257, 3059, 300, 286, 478, 3102, 294, 11, 286, 478, 3650, 295, 577, 286, 478, 1382, 281, 11, 291, 51392], \"temperature\": 0.0, \"avg_logprob\": -0.19112396240234375, \"compression_ratio\": 1.8695652484893799, \"no_speech_prob\": 0.0004511986917350441}, {\"id\": 118, \"seek\": 28876, \"start\": 309.32000732421875, \"end\": 313.8800048828125, \"text\": \" know, purchase her interest with my, with investment and with, uh, you know, being\", \"tokens\": [51392, 458, 11, 8110, 720, 1179, 365, 452, 11, 365, 6078, 293, 365, 11, 2232, 11, 291, 458, 11, 885, 51620], \"temperature\": 0.0, \"avg_logprob\": -0.19112396240234375, \"compression_ratio\": 1.8695652484893799, \"no_speech_prob\": 0.0004511986917350441}, {\"id\": 119, \"seek\": 28876, \"start\": 313.8800048828125, \"end\": 314.239990234375, \"text\": \" nice.\", \"tokens\": [51620, 1481, 13, 51638], \"temperature\": 0.0, \"avg_logprob\": -0.19112396240234375, \"compression_ratio\": 1.8695652484893799, \"no_speech_prob\": 0.0004511986917350441}, {\"id\": 120, \"seek\": 28876, \"start\": 314.239990234375, \"end\": 318.32000732421875, \"text\": \" And I'm, I'm aware of those things coming up in me and because I'm aware of it, I\", \"tokens\": [51638, 400, 286, 478, 11, 286, 478, 3650, 295, 729, 721, 1348, 493, 294, 385, 293, 570, 286, 478, 3650, 295, 309, 11, 286, 51842], \"temperature\": 0.0, \"avg_logprob\": -0.19112396240234375, \"compression_ratio\": 1.8695652484893799, \"no_speech_prob\": 0.0004511986917350441}, {\"id\": 121, \"seek\": 31832, \"start\": 318.32000732421875, \"end\": 320.0, \"text\": \" can just select which ones to do.\", \"tokens\": [50364, 393, 445, 3048, 597, 2306, 281, 360, 13, 50448], \"temperature\": 0.0, \"avg_logprob\": -0.25697627663612366, \"compression_ratio\": 1.9328621625900269, \"no_speech_prob\": 4.860368335357634e-06}, {\"id\": 122, \"seek\": 31832, \"start\": 320.2799987792969, \"end\": 324.7200012207031, \"text\": \" So there's just no situation where a girl is so hot that I'm going to go, uh, uh,\", \"tokens\": [50462, 407, 456, 311, 445, 572, 2590, 689, 257, 2013, 307, 370, 2368, 300, 286, 478, 516, 281, 352, 11, 2232, 11, 2232, 11, 50684], \"temperature\": 0.0, \"avg_logprob\": -0.25697627663612366, \"compression_ratio\": 1.9328621625900269, \"no_speech_prob\": 4.860368335357634e-06}, {\"id\": 123, \"seek\": 31832, \"start\": 324.760009765625, \"end\": 325.239990234375, \"text\": \" what do I do?\", \"tokens\": [50686, 437, 360, 286, 360, 30, 50710], \"temperature\": 0.0, \"avg_logprob\": -0.25697627663612366, \"compression_ratio\": 1.9328621625900269, \"no_speech_prob\": 4.860368335357634e-06}, {\"id\": 124, \"seek\": 31832, \"start\": 325.4800109863281, \"end\": 329.67999267578125, \"text\": \" It's always just, there are the right things to do and the wrong things to do.\", \"tokens\": [50722, 467, 311, 1009, 445, 11, 456, 366, 264, 558, 721, 281, 360, 293, 264, 2085, 721, 281, 360, 13, 50932], \"temperature\": 0.0, \"avg_logprob\": -0.25697627663612366, \"compression_ratio\": 1.9328621625900269, \"no_speech_prob\": 4.860368335357634e-06}, {\"id\": 125, \"seek\": 31832, \"start\": 329.67999267578125, \"end\": 330.4800109863281, \"text\": \" And I know what they are.\", \"tokens\": [50932, 400, 286, 458, 437, 436, 366, 13, 50972], \"temperature\": 0.0, \"avg_logprob\": -0.25697627663612366, \"compression_ratio\": 1.9328621625900269, \"no_speech_prob\": 4.860368335357634e-06}, {\"id\": 126, \"seek\": 31832, \"start\": 330.5199890136719, \"end\": 330.79998779296875, \"text\": \" Yeah.\", \"tokens\": [50974, 865, 13, 50988], \"temperature\": 0.0, \"avg_logprob\": -0.25697627663612366, \"compression_ratio\": 1.9328621625900269, \"no_speech_prob\": 4.860368335357634e-06}, {\"id\": 127, \"seek\": 31832, \"start\": 331.55999755859375, \"end\": 331.67999267578125, \"text\": \" Yeah.\", \"tokens\": [51026, 865, 13, 51032], \"temperature\": 0.0, \"avg_logprob\": -0.25697627663612366, \"compression_ratio\": 1.9328621625900269, \"no_speech_prob\": 4.860368335357634e-06}, {\"id\": 128, \"seek\": 31832, \"start\": 331.67999267578125, \"end\": 333.6400146484375, \"text\": \" You understand the right action is through repetition.\", \"tokens\": [51032, 509, 1223, 264, 558, 3069, 307, 807, 30432, 13, 51130], \"temperature\": 0.0, \"avg_logprob\": -0.25697627663612366, \"compression_ratio\": 1.9328621625900269, \"no_speech_prob\": 4.860368335357634e-06}, {\"id\": 129, \"seek\": 31832, \"start\": 333.6400146484375, \"end\": 334.44000244140625, \"text\": \" Yeah, absolutely.\", \"tokens\": [51130, 865, 11, 3122, 13, 51170], \"temperature\": 0.0, \"avg_logprob\": -0.25697627663612366, \"compression_ratio\": 1.9328621625900269, \"no_speech_prob\": 4.860368335357634e-06}, {\"id\": 130, \"seek\": 31832, \"start\": 334.44000244140625, \"end\": 334.79998779296875, \"text\": \" Yeah.\", \"tokens\": [51170, 865, 13, 51188], \"temperature\": 0.0, \"avg_logprob\": -0.25697627663612366, \"compression_ratio\": 1.9328621625900269, \"no_speech_prob\": 4.860368335357634e-06}, {\"id\": 131, \"seek\": 31832, \"start\": 335.0400085449219, \"end\": 339.8800048828125, \"text\": \" So I can just, I, because I know what they are, I can just select the right ones and\", \"tokens\": [51200, 407, 286, 393, 445, 11, 286, 11, 570, 286, 458, 437, 436, 366, 11, 286, 393, 445, 3048, 264, 558, 2306, 293, 51442], \"temperature\": 0.0, \"avg_logprob\": -0.25697627663612366, \"compression_ratio\": 1.9328621625900269, \"no_speech_prob\": 4.860368335357634e-06}, {\"id\": 132, \"seek\": 31832, \"start\": 339.8800048828125, \"end\": 343.67999267578125, \"text\": \" there's nothing to be nervous about because this is a hundred percent the best way to\", \"tokens\": [51442, 456, 311, 1825, 281, 312, 6296, 466, 570, 341, 307, 257, 3262, 3043, 264, 1151, 636, 281, 51632], \"temperature\": 0.0, \"avg_logprob\": -0.25697627663612366, \"compression_ratio\": 1.9328621625900269, \"no_speech_prob\": 4.860368335357634e-06}, {\"id\": 133, \"seek\": 31832, \"start\": 343.67999267578125, \"end\": 344.239990234375, \"text\": \" get what I want.\", \"tokens\": [51632, 483, 437, 286, 528, 13, 51660], \"temperature\": 0.0, \"avg_logprob\": -0.25697627663612366, \"compression_ratio\": 1.9328621625900269, \"no_speech_prob\": 4.860368335357634e-06}, {\"id\": 134, \"seek\": 31832, \"start\": 344.2799987792969, \"end\": 345.1199951171875, \"text\": \" And I know that.\", \"tokens\": [51662, 400, 286, 458, 300, 13, 51704], \"temperature\": 0.0, \"avg_logprob\": -0.25697627663612366, \"compression_ratio\": 1.9328621625900269, \"no_speech_prob\": 4.860368335357634e-06}, {\"id\": 135, \"seek\": 31832, \"start\": 345.2799987792969, \"end\": 345.9599914550781, \"text\": \" And if I get it.\", \"tokens\": [51712, 400, 498, 286, 483, 309, 13, 51746], \"temperature\": 0.0, \"avg_logprob\": -0.25697627663612366, \"compression_ratio\": 1.9328621625900269, \"no_speech_prob\": 4.860368335357634e-06}]}"}