{"title": "Its Only Wrong If You Can't Say It In Front Of Women", "video_id": "CZz0e4iwiqQ", "video_url": "https://www.youtube.com/watch?v=CZz0e4iwiqQ", "description": "Ready to build a network of amazing women and high-status men?\n\nMichael\u2019s Men of Action is a one-on-one Master\u2019s program that teaches men how to create elite social lives by becoming higher status.\n\nClick this link to learn how you can have a High-Status lifestyle now:\nhttps://m.moamentoring.com/podcast\n\nClick here to join the Men of Action community and watch the High-Status Networking 101 course:\nhttps://m.moamentoring.com/moa-community\n\u2014\u2014\u2014\u2014\u2014\u2014\u2014\u2014\u2014\u2014\u2014\u2014\u2014\u2014\u2014\u2014\u2014\u2014\u2014\u2014\n\nSubscribe on Youtube: \nhttps://www.youtube.com/user/MichaelSartain\n\nListen on Apple Podcast: \nhttps://podcasts.apple.com/us/podcast/the-michael-sartain-podcast/id1579791157\n\nListen on Spotify: \nhttps://open.spotify.com/show/2faAYwvDD9Bvkpwv6umlPO?si=8Q3ak9HnSlKjuChsTXr6YQ&dl_branch=1\n\n#Michael #MichaelSartain #Michael_Sartain #Michael_Sartain_Podcast", "published_at": "2023-06-28T13:15:00Z", "channel_id": "UC0T1bDzajVefRWx4uKdGyuw", "channel_title": "Michael Sartain", "tags": ["Michael", "Michael Sartain", "Michael Sartain Podcast", "Michael Podcast", "MOA", "Men Of Action", "men of action", "Michael Sartain Course", "Michael Sartain With Hot Women", "Rollo", "Rollo Tommasi", "Playboy", "Swimsuit", "Swimsuit Competition"], "category_id": "24", "live_broadcast_content": "none", "duration": 60.0, "dimension": "2d", "definition": "hd", "caption": "false", "view_count": 403, "like_count": 21, "comment_count": 1, "channel_info": {"title": "Michael Sartain", "description": "\ud83c\udf99Host of The\u00a0Michael Sartain Podcast \n\n\ud83d\udd25Teaching you how to build a network of desirable women and high-status men\n\n\ud83d\udc47 Click the \"Men of Action\" link below now to forge a high-status lifestyle and join the elites \n", "subscriber_count": "80500", "total_views": "29545897", "total_videos": "1481"}, "comments": [], "file_path": "/Users/aelaguiz/workspace/fc_book/audio/raws/CZz0e4iwiqQ.mp3", "transcription": "{\"text\": \"Everything I say on this podcast and everything I say on my calls, I can do it in front of women, because it's not wrong. That's the reason why I'm not afraid to say it. I have a seminar called how to get a beggar to fuck her in the arse. Oh no, we might have to blank that one out. We might get that one in trouble. That might get YouTube struck. I was live in Florida, and I said this at this speech, I was teaching in a hotel, and two women walked in, random women walked in. And I would just finish saying that I'm so proud of this seminar, it worked so well, women agreed with me. And these random chicks walk in, and they're like, damn, this sounds interesting. And they've got their arms folded, and all the guys, it's like 50 dudes in the seminar, they look at me and they're like, there's no way Adam's gonna keep teaching. And I just said to the women, I was like, hey, I'm proud of the fact I can say everything in this seminar, and I'm not gonna upset one of you. And I actually welcome you to tell me if I've got this right. This is what it would take to get you to beg for it. And they go, well, we'll see about that. So I teach the whole seminar, and at the end, every guy turns around and they go. \", \"segments\": [{\"id\": 0, \"seek\": 0, \"start\": 0.0, \"end\": 1.7999999523162842, \"text\": \" Everything I say on this podcast\", \"tokens\": [50364, 5471, 286, 584, 322, 341, 7367, 50454], \"temperature\": 0.0, \"avg_logprob\": -0.31413713097572327, \"compression_ratio\": 1.767371654510498, \"no_speech_prob\": 0.41419079899787903}, {\"id\": 1, \"seek\": 0, \"start\": 1.7999999523162842, \"end\": 3.0399999618530273, \"text\": \" and everything I say on my calls,\", \"tokens\": [50454, 293, 1203, 286, 584, 322, 452, 5498, 11, 50516], \"temperature\": 0.0, \"avg_logprob\": -0.31413713097572327, \"compression_ratio\": 1.767371654510498, \"no_speech_prob\": 0.41419079899787903}, {\"id\": 2, \"seek\": 0, \"start\": 3.0399999618530273, \"end\": 4.079999923706055, \"text\": \" I can do it in front of women,\", \"tokens\": [50516, 286, 393, 360, 309, 294, 1868, 295, 2266, 11, 50568], \"temperature\": 0.0, \"avg_logprob\": -0.31413713097572327, \"compression_ratio\": 1.767371654510498, \"no_speech_prob\": 0.41419079899787903}, {\"id\": 3, \"seek\": 0, \"start\": 4.079999923706055, \"end\": 6.0, \"text\": \" because it's not wrong.\", \"tokens\": [50568, 570, 309, 311, 406, 2085, 13, 50664], \"temperature\": 0.0, \"avg_logprob\": -0.31413713097572327, \"compression_ratio\": 1.767371654510498, \"no_speech_prob\": 0.41419079899787903}, {\"id\": 4, \"seek\": 0, \"start\": 6.0, \"end\": 8.4399995803833, \"text\": \" That's the reason why I'm not afraid to say it.\", \"tokens\": [50664, 663, 311, 264, 1778, 983, 286, 478, 406, 4638, 281, 584, 309, 13, 50786], \"temperature\": 0.0, \"avg_logprob\": -0.31413713097572327, \"compression_ratio\": 1.767371654510498, \"no_speech_prob\": 0.41419079899787903}, {\"id\": 5, \"seek\": 0, \"start\": 8.4399995803833, \"end\": 9.4399995803833, \"text\": \" I have a seminar called\", \"tokens\": [50786, 286, 362, 257, 29235, 1219, 50836], \"temperature\": 0.0, \"avg_logprob\": -0.31413713097572327, \"compression_ratio\": 1.767371654510498, \"no_speech_prob\": 0.41419079899787903}, {\"id\": 6, \"seek\": 0, \"start\": 9.4399995803833, \"end\": 11.15999984741211, \"text\": \" how to get a beggar to fuck her in the arse.\", \"tokens\": [50836, 577, 281, 483, 257, 44914, 289, 281, 283, 1311, 74, 720, 294, 264, 594, 405, 13, 50922], \"temperature\": 0.0, \"avg_logprob\": -0.31413713097572327, \"compression_ratio\": 1.767371654510498, \"no_speech_prob\": 0.41419079899787903}, {\"id\": 7, \"seek\": 0, \"start\": 11.15999984741211, \"end\": 12.640000343322754, \"text\": \" Oh no, we might have to blank that one out.\", \"tokens\": [50922, 876, 572, 11, 321, 1062, 362, 281, 8247, 300, 472, 484, 13, 50996], \"temperature\": 0.0, \"avg_logprob\": -0.31413713097572327, \"compression_ratio\": 1.767371654510498, \"no_speech_prob\": 0.41419079899787903}, {\"id\": 8, \"seek\": 0, \"start\": 12.640000343322754, \"end\": 13.479999542236328, \"text\": \" We might get that one in trouble.\", \"tokens\": [50996, 492, 1062, 483, 300, 472, 294, 5253, 13, 51038], \"temperature\": 0.0, \"avg_logprob\": -0.31413713097572327, \"compression_ratio\": 1.767371654510498, \"no_speech_prob\": 0.41419079899787903}, {\"id\": 9, \"seek\": 0, \"start\": 13.479999542236328, \"end\": 15.079999923706055, \"text\": \" That might get YouTube struck.\", \"tokens\": [51038, 663, 1062, 483, 3088, 13159, 13, 51118], \"temperature\": 0.0, \"avg_logprob\": -0.31413713097572327, \"compression_ratio\": 1.767371654510498, \"no_speech_prob\": 0.41419079899787903}, {\"id\": 10, \"seek\": 0, \"start\": 15.079999923706055, \"end\": 17.559999465942383, \"text\": \" I was live in Florida,\", \"tokens\": [51118, 286, 390, 1621, 294, 9117, 11, 51242], \"temperature\": 0.0, \"avg_logprob\": -0.31413713097572327, \"compression_ratio\": 1.767371654510498, \"no_speech_prob\": 0.41419079899787903}, {\"id\": 11, \"seek\": 0, \"start\": 17.559999465942383, \"end\": 19.31999969482422, \"text\": \" and I said this at this speech,\", \"tokens\": [51242, 293, 286, 848, 341, 412, 341, 6218, 11, 51330], \"temperature\": 0.0, \"avg_logprob\": -0.31413713097572327, \"compression_ratio\": 1.767371654510498, \"no_speech_prob\": 0.41419079899787903}, {\"id\": 12, \"seek\": 0, \"start\": 19.31999969482422, \"end\": 20.600000381469727, \"text\": \" I was teaching in a hotel,\", \"tokens\": [51330, 286, 390, 4571, 294, 257, 7622, 11, 51394], \"temperature\": 0.0, \"avg_logprob\": -0.31413713097572327, \"compression_ratio\": 1.767371654510498, \"no_speech_prob\": 0.41419079899787903}, {\"id\": 13, \"seek\": 0, \"start\": 20.600000381469727, \"end\": 22.760000228881836, \"text\": \" and two women walked in,\", \"tokens\": [51394, 293, 732, 2266, 7628, 294, 11, 51502], \"temperature\": 0.0, \"avg_logprob\": -0.31413713097572327, \"compression_ratio\": 1.767371654510498, \"no_speech_prob\": 0.41419079899787903}, {\"id\": 14, \"seek\": 0, \"start\": 22.760000228881836, \"end\": 24.479999542236328, \"text\": \" random women walked in.\", \"tokens\": [51502, 4974, 2266, 7628, 294, 13, 51588], \"temperature\": 0.0, \"avg_logprob\": -0.31413713097572327, \"compression_ratio\": 1.767371654510498, \"no_speech_prob\": 0.41419079899787903}, {\"id\": 15, \"seek\": 0, \"start\": 24.479999542236328, \"end\": 26.0, \"text\": \" And I would just finish saying\", \"tokens\": [51588, 400, 286, 576, 445, 2413, 1566, 51664], \"temperature\": 0.0, \"avg_logprob\": -0.31413713097572327, \"compression_ratio\": 1.767371654510498, \"no_speech_prob\": 0.41419079899787903}, {\"id\": 16, \"seek\": 0, \"start\": 26.0, \"end\": 27.31999969482422, \"text\": \" that I'm so proud of this seminar,\", \"tokens\": [51664, 300, 286, 478, 370, 4570, 295, 341, 29235, 11, 51730], \"temperature\": 0.0, \"avg_logprob\": -0.31413713097572327, \"compression_ratio\": 1.767371654510498, \"no_speech_prob\": 0.41419079899787903}, {\"id\": 17, \"seek\": 0, \"start\": 27.31999969482422, \"end\": 28.280000686645508, \"text\": \" it worked so well,\", \"tokens\": [51730, 309, 2732, 370, 731, 11, 51778], \"temperature\": 0.0, \"avg_logprob\": -0.31413713097572327, \"compression_ratio\": 1.767371654510498, \"no_speech_prob\": 0.41419079899787903}, {\"id\": 18, \"seek\": 0, \"start\": 28.280000686645508, \"end\": 29.719999313354492, \"text\": \" women agreed with me.\", \"tokens\": [51778, 2266, 9166, 365, 385, 13, 51850], \"temperature\": 0.0, \"avg_logprob\": -0.31413713097572327, \"compression_ratio\": 1.767371654510498, \"no_speech_prob\": 0.41419079899787903}, {\"id\": 19, \"seek\": 2972, \"start\": 29.719999313354492, \"end\": 31.479999542236328, \"text\": \" And these random chicks walk in,\", \"tokens\": [50364, 400, 613, 4974, 42214, 1792, 294, 11, 50452], \"temperature\": 0.0, \"avg_logprob\": -0.2440214306116104, \"compression_ratio\": 1.7953215837478638, \"no_speech_prob\": 1.3924276345278486e-06}, {\"id\": 20, \"seek\": 2972, \"start\": 31.479999542236328, \"end\": 32.79999923706055, \"text\": \" and they're like,\", \"tokens\": [50452, 293, 436, 434, 411, 11, 50518], \"temperature\": 0.0, \"avg_logprob\": -0.2440214306116104, \"compression_ratio\": 1.7953215837478638, \"no_speech_prob\": 1.3924276345278486e-06}, {\"id\": 21, \"seek\": 2972, \"start\": 32.79999923706055, \"end\": 34.959999084472656, \"text\": \" damn, this sounds interesting.\", \"tokens\": [50518, 8151, 11, 341, 3263, 1880, 13, 50626], \"temperature\": 0.0, \"avg_logprob\": -0.2440214306116104, \"compression_ratio\": 1.7953215837478638, \"no_speech_prob\": 1.3924276345278486e-06}, {\"id\": 22, \"seek\": 2972, \"start\": 34.959999084472656, \"end\": 37.08000183105469, \"text\": \" And they've got their arms folded,\", \"tokens\": [50626, 400, 436, 600, 658, 641, 5812, 23940, 11, 50732], \"temperature\": 0.0, \"avg_logprob\": -0.2440214306116104, \"compression_ratio\": 1.7953215837478638, \"no_speech_prob\": 1.3924276345278486e-06}, {\"id\": 23, \"seek\": 2972, \"start\": 37.08000183105469, \"end\": 38.040000915527344, \"text\": \" and all the guys,\", \"tokens\": [50732, 293, 439, 264, 1074, 11, 50780], \"temperature\": 0.0, \"avg_logprob\": -0.2440214306116104, \"compression_ratio\": 1.7953215837478638, \"no_speech_prob\": 1.3924276345278486e-06}, {\"id\": 24, \"seek\": 2972, \"start\": 38.040000915527344, \"end\": 39.20000076293945, \"text\": \" it's like 50 dudes in the seminar,\", \"tokens\": [50780, 309, 311, 411, 2625, 27717, 294, 264, 29235, 11, 50838], \"temperature\": 0.0, \"avg_logprob\": -0.2440214306116104, \"compression_ratio\": 1.7953215837478638, \"no_speech_prob\": 1.3924276345278486e-06}, {\"id\": 25, \"seek\": 2972, \"start\": 39.20000076293945, \"end\": 40.040000915527344, \"text\": \" they look at me and they're like,\", \"tokens\": [50838, 436, 574, 412, 385, 293, 436, 434, 411, 11, 50880], \"temperature\": 0.0, \"avg_logprob\": -0.2440214306116104, \"compression_ratio\": 1.7953215837478638, \"no_speech_prob\": 1.3924276345278486e-06}, {\"id\": 26, \"seek\": 2972, \"start\": 40.040000915527344, \"end\": 41.47999954223633, \"text\": \" there's no way Adam's gonna keep teaching.\", \"tokens\": [50880, 456, 311, 572, 636, 7938, 311, 799, 1066, 4571, 13, 50952], \"temperature\": 0.0, \"avg_logprob\": -0.2440214306116104, \"compression_ratio\": 1.7953215837478638, \"no_speech_prob\": 1.3924276345278486e-06}, {\"id\": 27, \"seek\": 2972, \"start\": 41.47999954223633, \"end\": 42.31999969482422, \"text\": \" And I just said to the women,\", \"tokens\": [50952, 400, 286, 445, 848, 281, 264, 2266, 11, 50994], \"temperature\": 0.0, \"avg_logprob\": -0.2440214306116104, \"compression_ratio\": 1.7953215837478638, \"no_speech_prob\": 1.3924276345278486e-06}, {\"id\": 28, \"seek\": 2972, \"start\": 42.31999969482422, \"end\": 43.15999984741211, \"text\": \" I was like, hey,\", \"tokens\": [50994, 286, 390, 411, 11, 4177, 11, 51036], \"temperature\": 0.0, \"avg_logprob\": -0.2440214306116104, \"compression_ratio\": 1.7953215837478638, \"no_speech_prob\": 1.3924276345278486e-06}, {\"id\": 29, \"seek\": 2972, \"start\": 43.15999984741211, \"end\": 44.880001068115234, \"text\": \" I'm proud of the fact I can say everything\", \"tokens\": [51036, 286, 478, 4570, 295, 264, 1186, 286, 393, 584, 1203, 51122], \"temperature\": 0.0, \"avg_logprob\": -0.2440214306116104, \"compression_ratio\": 1.7953215837478638, \"no_speech_prob\": 1.3924276345278486e-06}, {\"id\": 30, \"seek\": 2972, \"start\": 44.880001068115234, \"end\": 46.040000915527344, \"text\": \" in this seminar,\", \"tokens\": [51122, 294, 341, 29235, 11, 51180], \"temperature\": 0.0, \"avg_logprob\": -0.2440214306116104, \"compression_ratio\": 1.7953215837478638, \"no_speech_prob\": 1.3924276345278486e-06}, {\"id\": 31, \"seek\": 2972, \"start\": 46.040000915527344, \"end\": 47.68000030517578, \"text\": \" and I'm not gonna upset one of you.\", \"tokens\": [51180, 293, 286, 478, 406, 799, 8340, 472, 295, 291, 13, 51262], \"temperature\": 0.0, \"avg_logprob\": -0.2440214306116104, \"compression_ratio\": 1.7953215837478638, \"no_speech_prob\": 1.3924276345278486e-06}, {\"id\": 32, \"seek\": 2972, \"start\": 47.68000030517578, \"end\": 49.599998474121094, \"text\": \" And I actually welcome you to tell me\", \"tokens\": [51262, 400, 286, 767, 2928, 291, 281, 980, 385, 51358], \"temperature\": 0.0, \"avg_logprob\": -0.2440214306116104, \"compression_ratio\": 1.7953215837478638, \"no_speech_prob\": 1.3924276345278486e-06}, {\"id\": 33, \"seek\": 2972, \"start\": 49.599998474121094, \"end\": 50.439998626708984, \"text\": \" if I've got this right.\", \"tokens\": [51358, 498, 286, 600, 658, 341, 558, 13, 51400], \"temperature\": 0.0, \"avg_logprob\": -0.2440214306116104, \"compression_ratio\": 1.7953215837478638, \"no_speech_prob\": 1.3924276345278486e-06}, {\"id\": 34, \"seek\": 2972, \"start\": 50.439998626708984, \"end\": 51.439998626708984, \"text\": \" This is what it would take\", \"tokens\": [51400, 639, 307, 437, 309, 576, 747, 51450], \"temperature\": 0.0, \"avg_logprob\": -0.2440214306116104, \"compression_ratio\": 1.7953215837478638, \"no_speech_prob\": 1.3924276345278486e-06}, {\"id\": 35, \"seek\": 2972, \"start\": 51.439998626708984, \"end\": 53.400001525878906, \"text\": \" to get you to beg for it.\", \"tokens\": [51450, 281, 483, 291, 281, 4612, 337, 309, 13, 51548], \"temperature\": 0.0, \"avg_logprob\": -0.2440214306116104, \"compression_ratio\": 1.7953215837478638, \"no_speech_prob\": 1.3924276345278486e-06}, {\"id\": 36, \"seek\": 2972, \"start\": 53.400001525878906, \"end\": 54.36000061035156, \"text\": \" And they go, well,\", \"tokens\": [51548, 400, 436, 352, 11, 731, 11, 51596], \"temperature\": 0.0, \"avg_logprob\": -0.2440214306116104, \"compression_ratio\": 1.7953215837478638, \"no_speech_prob\": 1.3924276345278486e-06}, {\"id\": 37, \"seek\": 2972, \"start\": 54.36000061035156, \"end\": 55.720001220703125, \"text\": \" we'll see about that.\", \"tokens\": [51596, 321, 603, 536, 466, 300, 13, 51664], \"temperature\": 0.0, \"avg_logprob\": -0.2440214306116104, \"compression_ratio\": 1.7953215837478638, \"no_speech_prob\": 1.3924276345278486e-06}, {\"id\": 38, \"seek\": 2972, \"start\": 55.720001220703125, \"end\": 57.08000183105469, \"text\": \" So I teach the whole seminar,\", \"tokens\": [51664, 407, 286, 2924, 264, 1379, 29235, 11, 51732], \"temperature\": 0.0, \"avg_logprob\": -0.2440214306116104, \"compression_ratio\": 1.7953215837478638, \"no_speech_prob\": 1.3924276345278486e-06}, {\"id\": 39, \"seek\": 2972, \"start\": 57.08000183105469, \"end\": 57.91999816894531, \"text\": \" and at the end,\", \"tokens\": [51732, 293, 412, 264, 917, 11, 51774], \"temperature\": 0.0, \"avg_logprob\": -0.2440214306116104, \"compression_ratio\": 1.7953215837478638, \"no_speech_prob\": 1.3924276345278486e-06}, {\"id\": 40, \"seek\": 2972, \"start\": 57.91999816894531, \"end\": 58.7599983215332, \"text\": \" every guy turns around\", \"tokens\": [51774, 633, 2146, 4523, 926, 51816], \"temperature\": 0.0, \"avg_logprob\": -0.2440214306116104, \"compression_ratio\": 1.7953215837478638, \"no_speech_prob\": 1.3924276345278486e-06}, {\"id\": 41, \"seek\": 5876, \"start\": 58.7599983215332, \"end\": 59.599998474121094, \"text\": \" and they go.\", \"tokens\": [50364, 293, 436, 352, 13, 50406], \"temperature\": 0.0, \"avg_logprob\": -0.544296383857727, \"compression_ratio\": 0.6000000238418579, \"no_speech_prob\": 0.973110556602478}]}"}