{"title": "Why you shouldn't live in LA", "video_id": "d-gAI6ZkUWg", "video_url": "https://www.youtube.com/watch?v=d-gAI6ZkUWg", "description": "Watch The Full Thing Here : \n\u2014\u2014\u2014\u2014\u2014\u2014\u2014\u2014\u2014\u2014\u2014\u2014\u2014\u2014\u2014\u2014\u2014\u2014\u2014\u2014\nReady to build a network of amazing women and high-status men?\n\nMichael\u2019s Men of Action is a one-on-one Master\u2019s program that teaches men how to create elite \nsocial lives by becoming higher status.\n\nClick this link to learn how you can have a High-Status lifestyle now:\nhttps://m.moamentoring.com/podcast\n\nClick here to join the Men of Action community and watch the High-Status Networking 101 course:\nhttps://m.moamentoring.com/moa-community\n\nInterested in joining the Men of Action sales team? Apply here:\nhttps://www.moamentoring.com/jobs/sales\n\nMen of Action has an affiliate program! Post pre-made content and get paid passively:\nhttps://www.moamentoring.com/affiliate\n\u2014\u2014\u2014\u2014\u2014\u2014\u2014\u2014\u2014\u2014\u2014\u2014\u2014\u2014\u2014\u2014\u2014\u2014\u2014\u2014\n\nSubscribe on Youtube: \nhttps://www.youtube.com/user/MichaelSartain\n\nListen on Apple Podcast: \nhttps://podcasts.apple.com/us/podcast/the-michael-sartain-podcast/id1579791157\n\nListen on Spotify: \nhttps://open.spotify.com/show/2faAYwvDD9Bvkpwv6umlPO?si=8Q3ak9HnSlKjuChsTXr6YQ&dl_branch=1\n\n#michael #michaelsartain #michael_sartain #michael_sartain_podcast", "published_at": "2023-12-10T20:00:13Z", "channel_id": "UC0T1bDzajVefRWx4uKdGyuw", "channel_title": "Michael Sartain", "tags": ["Michael", "Michael Sartain", "Michael Sartain Podcast", "Michael Podcast", "MOA", "Men Of Action", "Michael Sartain Course", "Michael Sartain With Hot Women", "Playboy", "Swimsuit", "Swimsuit Competition", "ichael sartain social circle", "social circle", "how to netowrk", "moa", "moa podcast", "gender wage gap", "gender wage gap myth", "wage gap", "social value", "michael sartain course", "looks money status", "social circle mentorship", "michael sartain social circle game", "men of action podcast", "men of action course"], "category_id": "24", "live_broadcast_content": "none", "duration": 35.0, "dimension": "2d", "definition": "hd", "caption": "false", "view_count": 15937, "like_count": 457, "comment_count": 32, "channel_info": {"title": "Michael Sartain", "description": "\ud83c\udf99Host of The\u00a0Michael Sartain Podcast \n\n\ud83d\udd25Teaching you how to build a network of desirable women and high-status men\n\n\ud83d\udc47 Click the \"Men of Action\" link below now to forge a high-status lifestyle and join the elites \n", "subscriber_count": "80500", "total_views": "29545897", "total_videos": "1481"}, "comments": [], "file_path": "/Users/aelaguiz/workspace/fc_book/audio/raws/d-gAI6ZkUWg.mp3", "transcription": "{\"text\": \"L.A. is a fun place to live if you have $50 million. If you have $49 million, L.A. is not a fun place to live. No one else should. It's financially irresponsible to live in Los Angeles if you're not worth that kind of money. People still go there, I don't get it. Where you could live here and have a beautiful life, you could be part of the entertainment industry, you can be part of the porn industry, whatever you wanna do, you could do in Vegas. I can't anymore. I lived in Calabasas before I moved out to Chicago and every month my bank account's all red. For every hundred grand you make, 13 of it is going to that state. If you're making a million dollars a year, $130,000 goes to a state where you could live here, make the same amount of money, and you keep 130 in your bank account. I don't understand why people can't rationalize that. \", \"segments\": [{\"id\": 0, \"seek\": 0, \"start\": 0.0, \"end\": 3.119999885559082, \"text\": \" L.A. is a fun place to live if you have $50 million.\", \"tokens\": [50364, 441, 13, 32, 13, 307, 257, 1019, 1081, 281, 1621, 498, 291, 362, 1848, 2803, 2459, 13, 50520], \"temperature\": 0.0, \"avg_logprob\": -0.2309814989566803, \"compression_ratio\": 1.8324873447418213, \"no_speech_prob\": 0.17076703906059265}, {\"id\": 1, \"seek\": 0, \"start\": 3.119999885559082, \"end\": 5.679999828338623, \"text\": \" If you have $49 million, L.A. is not a fun place to live.\", \"tokens\": [50520, 759, 291, 362, 1848, 14938, 2459, 11, 441, 13, 32, 13, 307, 406, 257, 1019, 1081, 281, 1621, 13, 50648], \"temperature\": 0.0, \"avg_logprob\": -0.2309814989566803, \"compression_ratio\": 1.8324873447418213, \"no_speech_prob\": 0.17076703906059265}, {\"id\": 2, \"seek\": 0, \"start\": 5.679999828338623, \"end\": 6.519999980926514, \"text\": \" No one else should.\", \"tokens\": [50648, 883, 472, 1646, 820, 13, 50690], \"temperature\": 0.0, \"avg_logprob\": -0.2309814989566803, \"compression_ratio\": 1.8324873447418213, \"no_speech_prob\": 0.17076703906059265}, {\"id\": 3, \"seek\": 0, \"start\": 6.519999980926514, \"end\": 9.079999923706055, \"text\": \" It's financially irresponsible to live in Los Angeles\", \"tokens\": [50690, 467, 311, 20469, 46320, 281, 1621, 294, 7632, 12292, 50818], \"temperature\": 0.0, \"avg_logprob\": -0.2309814989566803, \"compression_ratio\": 1.8324873447418213, \"no_speech_prob\": 0.17076703906059265}, {\"id\": 4, \"seek\": 0, \"start\": 9.079999923706055, \"end\": 10.319999694824219, \"text\": \" if you're not worth that kind of money.\", \"tokens\": [50818, 498, 291, 434, 406, 3163, 300, 733, 295, 1460, 13, 50880], \"temperature\": 0.0, \"avg_logprob\": -0.2309814989566803, \"compression_ratio\": 1.8324873447418213, \"no_speech_prob\": 0.17076703906059265}, {\"id\": 5, \"seek\": 0, \"start\": 10.319999694824219, \"end\": 11.600000381469727, \"text\": \" People still go there, I don't get it.\", \"tokens\": [50880, 3432, 920, 352, 456, 11, 286, 500, 380, 483, 309, 13, 50944], \"temperature\": 0.0, \"avg_logprob\": -0.2309814989566803, \"compression_ratio\": 1.8324873447418213, \"no_speech_prob\": 0.17076703906059265}, {\"id\": 6, \"seek\": 0, \"start\": 11.600000381469727, \"end\": 13.479999542236328, \"text\": \" Where you could live here and have a beautiful life,\", \"tokens\": [50944, 2305, 291, 727, 1621, 510, 293, 362, 257, 2238, 993, 11, 51038], \"temperature\": 0.0, \"avg_logprob\": -0.2309814989566803, \"compression_ratio\": 1.8324873447418213, \"no_speech_prob\": 0.17076703906059265}, {\"id\": 7, \"seek\": 0, \"start\": 13.479999542236328, \"end\": 14.800000190734863, \"text\": \" you could be part of the entertainment industry,\", \"tokens\": [51038, 291, 727, 312, 644, 295, 264, 12393, 3518, 11, 51104], \"temperature\": 0.0, \"avg_logprob\": -0.2309814989566803, \"compression_ratio\": 1.8324873447418213, \"no_speech_prob\": 0.17076703906059265}, {\"id\": 8, \"seek\": 0, \"start\": 14.800000190734863, \"end\": 15.680000305175781, \"text\": \" you can be part of the porn industry,\", \"tokens\": [51104, 291, 393, 312, 644, 295, 264, 19444, 3518, 11, 51148], \"temperature\": 0.0, \"avg_logprob\": -0.2309814989566803, \"compression_ratio\": 1.8324873447418213, \"no_speech_prob\": 0.17076703906059265}, {\"id\": 9, \"seek\": 0, \"start\": 15.680000305175781, \"end\": 17.520000457763672, \"text\": \" whatever you wanna do, you could do in Vegas.\", \"tokens\": [51148, 2035, 291, 1948, 360, 11, 291, 727, 360, 294, 15841, 13, 51240], \"temperature\": 0.0, \"avg_logprob\": -0.2309814989566803, \"compression_ratio\": 1.8324873447418213, \"no_speech_prob\": 0.17076703906059265}, {\"id\": 10, \"seek\": 0, \"start\": 17.520000457763672, \"end\": 18.360000610351562, \"text\": \" I can't anymore.\", \"tokens\": [51240, 286, 393, 380, 3602, 13, 51282], \"temperature\": 0.0, \"avg_logprob\": -0.2309814989566803, \"compression_ratio\": 1.8324873447418213, \"no_speech_prob\": 0.17076703906059265}, {\"id\": 11, \"seek\": 0, \"start\": 18.360000610351562, \"end\": 20.68000030517578, \"text\": \" I lived in Calabasas before I moved out to Chicago\", \"tokens\": [51282, 286, 5152, 294, 3511, 455, 296, 296, 949, 286, 4259, 484, 281, 9525, 51398], \"temperature\": 0.0, \"avg_logprob\": -0.2309814989566803, \"compression_ratio\": 1.8324873447418213, \"no_speech_prob\": 0.17076703906059265}, {\"id\": 12, \"seek\": 0, \"start\": 20.68000030517578, \"end\": 22.719999313354492, \"text\": \" and every month my bank account's all red.\", \"tokens\": [51398, 293, 633, 1618, 452, 3765, 2696, 311, 439, 2182, 13, 51500], \"temperature\": 0.0, \"avg_logprob\": -0.2309814989566803, \"compression_ratio\": 1.8324873447418213, \"no_speech_prob\": 0.17076703906059265}, {\"id\": 13, \"seek\": 0, \"start\": 22.719999313354492, \"end\": 24.079999923706055, \"text\": \" For every hundred grand you make,\", \"tokens\": [51500, 1171, 633, 3262, 2697, 291, 652, 11, 51568], \"temperature\": 0.0, \"avg_logprob\": -0.2309814989566803, \"compression_ratio\": 1.8324873447418213, \"no_speech_prob\": 0.17076703906059265}, {\"id\": 14, \"seek\": 0, \"start\": 24.079999923706055, \"end\": 25.760000228881836, \"text\": \" 13 of it is going to that state.\", \"tokens\": [51568, 3705, 295, 309, 307, 516, 281, 300, 1785, 13, 51652], \"temperature\": 0.0, \"avg_logprob\": -0.2309814989566803, \"compression_ratio\": 1.8324873447418213, \"no_speech_prob\": 0.17076703906059265}, {\"id\": 15, \"seek\": 0, \"start\": 25.760000228881836, \"end\": 27.239999771118164, \"text\": \" If you're making a million dollars a year,\", \"tokens\": [51652, 759, 291, 434, 1455, 257, 2459, 3808, 257, 1064, 11, 51726], \"temperature\": 0.0, \"avg_logprob\": -0.2309814989566803, \"compression_ratio\": 1.8324873447418213, \"no_speech_prob\": 0.17076703906059265}, {\"id\": 16, \"seek\": 0, \"start\": 27.239999771118164, \"end\": 29.559999465942383, \"text\": \" $130,000 goes to a state where you could live here,\", \"tokens\": [51726, 1848, 42438, 11, 1360, 1709, 281, 257, 1785, 689, 291, 727, 1621, 510, 11, 51842], \"temperature\": 0.0, \"avg_logprob\": -0.2309814989566803, \"compression_ratio\": 1.8324873447418213, \"no_speech_prob\": 0.17076703906059265}, {\"id\": 17, \"seek\": 2956, \"start\": 29.559999465942383, \"end\": 30.520000457763672, \"text\": \" make the same amount of money,\", \"tokens\": [50364, 652, 264, 912, 2372, 295, 1460, 11, 50412], \"temperature\": 0.0, \"avg_logprob\": -0.23222334682941437, \"compression_ratio\": 1.182692289352417, \"no_speech_prob\": 0.00180971494410187}, {\"id\": 18, \"seek\": 2956, \"start\": 30.520000457763672, \"end\": 31.920000076293945, \"text\": \" and you keep 130 in your bank account.\", \"tokens\": [50412, 293, 291, 1066, 19966, 294, 428, 3765, 2696, 13, 50482], \"temperature\": 0.0, \"avg_logprob\": -0.23222334682941437, \"compression_ratio\": 1.182692289352417, \"no_speech_prob\": 0.00180971494410187}, {\"id\": 19, \"seek\": 2956, \"start\": 31.920000076293945, \"end\": 34.52000045776367, \"text\": \" I don't understand why people can't rationalize that.\", \"tokens\": [50482, 286, 500, 380, 1223, 983, 561, 393, 380, 15090, 1125, 300, 13, 50612], \"temperature\": 0.0, \"avg_logprob\": -0.23222334682941437, \"compression_ratio\": 1.182692289352417, \"no_speech_prob\": 0.00180971494410187}]}"}