{"title": "How Guilt is Used Against Men\ufffc", "video_id": "DlSW21olC5M", "video_url": "https://www.youtube.com/watch?v=DlSW21olC5M", "description": "For more info go to: https://go.moamentoring.com/i/2\n\nBecome an affiliate for MOA Mentoring: https://www.moamentoring.com/earn\n\nWatch the full video here:\nhttps://youtu.be/9Bzb2-vqTCI\n\n#andrewtate #tristantate #hustlersuniversity #freshandfit #rollotomassi #sneako", "published_at": "2022-10-25T16:55:00Z", "channel_id": "UC0T1bDzajVefRWx4uKdGyuw", "channel_title": "Michael Sartain", "tags": [], "category_id": "24", "live_broadcast_content": "none", "duration": 61.0, "dimension": "2d", "definition": "hd", "caption": "false", "view_count": 4821, "like_count": 219, "comment_count": 6, "channel_info": {"title": "Michael Sartain", "description": "\ud83c\udf99Host of The\u00a0Michael Sartain Podcast \n\n\ud83d\udd25Teaching you how to build a network of desirable women and high-status men\n\n\ud83d\udc47 Click the \"Men of Action\" link below now to forge a high-status lifestyle and join the elites \n", "subscriber_count": "80500", "total_views": "29545897", "total_videos": "1481"}, "comments": [], "file_path": "/Users/aelaguiz/workspace/fc_book/audio/raws/DlSW21olC5M.mp3", "transcription": "{\"text\": \"The number one thing that women and men use against a man is guilt. That's the number one thing that they use against men. There's like, Oh, when are you going to grow up? When are you going to, when are you, when are you going to be able to like, have your wife have to stop working? Like, when am I going to grow up? I employ over a hundred men that you know, how many, how many people that is? If you count their families and their children, correct. Yeah. That's responsibility. Don't tell me I'm not growing up. Cause I like to bang a Instagram models. Yeah. So, and, and I'm still responsible. I'm still kind. I had a, I had a waiter spill something in my lap the other day. Dude, I got up and hugged them cause they were so upset about it and they thought I was going to be mad. And then I tipped them 150% on the bill. I enjoy doing that. That makes me feel good. I'm not a good guy. I do that for me just as much, you know what I'm saying? Like, but all the world has all these different things they use against men to make them feel bad or try to control them in all these different ways. \", \"segments\": [{\"id\": 0, \"seek\": 0, \"start\": 0.0, \"end\": 5.199999809265137, \"text\": \" The number one thing that women and men use against a man is guilt.\", \"tokens\": [50364, 440, 1230, 472, 551, 300, 2266, 293, 1706, 764, 1970, 257, 587, 307, 20421, 13, 50624], \"temperature\": 0.0, \"avg_logprob\": -0.32428795099258423, \"compression_ratio\": 1.9075342416763306, \"no_speech_prob\": 0.01363122183829546}, {\"id\": 1, \"seek\": 0, \"start\": 5.78000020980835, \"end\": 9.119999885559082, \"text\": \" That's the number one thing that they use against men.\", \"tokens\": [50653, 663, 311, 264, 1230, 472, 551, 300, 436, 764, 1970, 1706, 13, 50820], \"temperature\": 0.0, \"avg_logprob\": -0.32428795099258423, \"compression_ratio\": 1.9075342416763306, \"no_speech_prob\": 0.01363122183829546}, {\"id\": 2, \"seek\": 0, \"start\": 9.15999984741211, \"end\": 10.479999542236328, \"text\": \" There's like, Oh, when are you going to grow up?\", \"tokens\": [50822, 821, 311, 411, 11, 876, 11, 562, 366, 291, 516, 281, 1852, 493, 30, 50888], \"temperature\": 0.0, \"avg_logprob\": -0.32428795099258423, \"compression_ratio\": 1.9075342416763306, \"no_speech_prob\": 0.01363122183829546}, {\"id\": 3, \"seek\": 0, \"start\": 10.479999542236328, \"end\": 13.800000190734863, \"text\": \" When are you going to, when are you, when are you going to be able to like,\", \"tokens\": [50888, 1133, 366, 291, 516, 281, 11, 562, 366, 291, 11, 562, 366, 291, 516, 281, 312, 1075, 281, 411, 11, 51054], \"temperature\": 0.0, \"avg_logprob\": -0.32428795099258423, \"compression_ratio\": 1.9075342416763306, \"no_speech_prob\": 0.01363122183829546}, {\"id\": 4, \"seek\": 0, \"start\": 14.0, \"end\": 15.640000343322754, \"text\": \" have your wife have to stop working?\", \"tokens\": [51064, 362, 428, 3836, 362, 281, 1590, 1364, 30, 51146], \"temperature\": 0.0, \"avg_logprob\": -0.32428795099258423, \"compression_ratio\": 1.9075342416763306, \"no_speech_prob\": 0.01363122183829546}, {\"id\": 5, \"seek\": 0, \"start\": 16.440000534057617, \"end\": 18.440000534057617, \"text\": \" Like, when am I going to grow up?\", \"tokens\": [51186, 1743, 11, 562, 669, 286, 516, 281, 1852, 493, 30, 51286], \"temperature\": 0.0, \"avg_logprob\": -0.32428795099258423, \"compression_ratio\": 1.9075342416763306, \"no_speech_prob\": 0.01363122183829546}, {\"id\": 6, \"seek\": 0, \"start\": 18.799999237060547, \"end\": 22.239999771118164, \"text\": \" I employ over a hundred men that you know, how many, how many people that is?\", \"tokens\": [51304, 286, 3188, 670, 257, 3262, 1706, 300, 291, 458, 11, 577, 867, 11, 577, 867, 561, 300, 307, 30, 51476], \"temperature\": 0.0, \"avg_logprob\": -0.32428795099258423, \"compression_ratio\": 1.9075342416763306, \"no_speech_prob\": 0.01363122183829546}, {\"id\": 7, \"seek\": 0, \"start\": 22.239999771118164, \"end\": 24.079999923706055, \"text\": \" If you count their families and their children, correct.\", \"tokens\": [51476, 759, 291, 1207, 641, 4466, 293, 641, 2227, 11, 3006, 13, 51568], \"temperature\": 0.0, \"avg_logprob\": -0.32428795099258423, \"compression_ratio\": 1.9075342416763306, \"no_speech_prob\": 0.01363122183829546}, {\"id\": 8, \"seek\": 0, \"start\": 24.079999923706055, \"end\": 24.280000686645508, \"text\": \" Yeah.\", \"tokens\": [51568, 865, 13, 51578], \"temperature\": 0.0, \"avg_logprob\": -0.32428795099258423, \"compression_ratio\": 1.9075342416763306, \"no_speech_prob\": 0.01363122183829546}, {\"id\": 9, \"seek\": 0, \"start\": 24.360000610351562, \"end\": 25.760000228881836, \"text\": \" That's responsibility.\", \"tokens\": [51582, 663, 311, 6357, 13, 51652], \"temperature\": 0.0, \"avg_logprob\": -0.32428795099258423, \"compression_ratio\": 1.9075342416763306, \"no_speech_prob\": 0.01363122183829546}, {\"id\": 10, \"seek\": 0, \"start\": 25.959999084472656, \"end\": 27.280000686645508, \"text\": \" Don't tell me I'm not growing up.\", \"tokens\": [51662, 1468, 380, 980, 385, 286, 478, 406, 4194, 493, 13, 51728], \"temperature\": 0.0, \"avg_logprob\": -0.32428795099258423, \"compression_ratio\": 1.9075342416763306, \"no_speech_prob\": 0.01363122183829546}, {\"id\": 11, \"seek\": 0, \"start\": 27.280000686645508, \"end\": 29.15999984741211, \"text\": \" Cause I like to bang a Instagram models.\", \"tokens\": [51728, 10865, 286, 411, 281, 8550, 257, 5281, 5245, 13, 51822], \"temperature\": 0.0, \"avg_logprob\": -0.32428795099258423, \"compression_ratio\": 1.9075342416763306, \"no_speech_prob\": 0.01363122183829546}, {\"id\": 12, \"seek\": 2916, \"start\": 29.959999084472656, \"end\": 30.280000686645508, \"text\": \" Yeah.\", \"tokens\": [50404, 865, 13, 50420], \"temperature\": 0.0, \"avg_logprob\": -0.2652646005153656, \"compression_ratio\": 1.6398601531982422, \"no_speech_prob\": 0.0002065989829134196}, {\"id\": 13, \"seek\": 2916, \"start\": 30.639999389648438, \"end\": 33.439998626708984, \"text\": \" So, and, and I'm still responsible.\", \"tokens\": [50438, 407, 11, 293, 11, 293, 286, 478, 920, 6250, 13, 50578], \"temperature\": 0.0, \"avg_logprob\": -0.2652646005153656, \"compression_ratio\": 1.6398601531982422, \"no_speech_prob\": 0.0002065989829134196}, {\"id\": 14, \"seek\": 2916, \"start\": 33.63999938964844, \"end\": 34.599998474121094, \"text\": \" I'm still kind.\", \"tokens\": [50588, 286, 478, 920, 733, 13, 50636], \"temperature\": 0.0, \"avg_logprob\": -0.2652646005153656, \"compression_ratio\": 1.6398601531982422, \"no_speech_prob\": 0.0002065989829134196}, {\"id\": 15, \"seek\": 2916, \"start\": 34.63999938964844, \"end\": 37.47999954223633, \"text\": \" I had a, I had a waiter spill something in my lap the other day.\", \"tokens\": [50638, 286, 632, 257, 11, 286, 632, 257, 45389, 22044, 746, 294, 452, 13214, 264, 661, 786, 13, 50780], \"temperature\": 0.0, \"avg_logprob\": -0.2652646005153656, \"compression_ratio\": 1.6398601531982422, \"no_speech_prob\": 0.0002065989829134196}, {\"id\": 16, \"seek\": 2916, \"start\": 38.2400016784668, \"end\": 40.91999816894531, \"text\": \" Dude, I got up and hugged them cause they were so upset about it and\", \"tokens\": [50818, 12042, 11, 286, 658, 493, 293, 8777, 3004, 552, 3082, 436, 645, 370, 8340, 466, 309, 293, 50952], \"temperature\": 0.0, \"avg_logprob\": -0.2652646005153656, \"compression_ratio\": 1.6398601531982422, \"no_speech_prob\": 0.0002065989829134196}, {\"id\": 17, \"seek\": 2916, \"start\": 40.91999816894531, \"end\": 42.0, \"text\": \" they thought I was going to be mad.\", \"tokens\": [50952, 436, 1194, 286, 390, 516, 281, 312, 5244, 13, 51006], \"temperature\": 0.0, \"avg_logprob\": -0.2652646005153656, \"compression_ratio\": 1.6398601531982422, \"no_speech_prob\": 0.0002065989829134196}, {\"id\": 18, \"seek\": 2916, \"start\": 42.279998779296875, \"end\": 44.720001220703125, \"text\": \" And then I tipped them 150% on the bill.\", \"tokens\": [51020, 400, 550, 286, 256, 5529, 552, 8451, 4, 322, 264, 2961, 13, 51142], \"temperature\": 0.0, \"avg_logprob\": -0.2652646005153656, \"compression_ratio\": 1.6398601531982422, \"no_speech_prob\": 0.0002065989829134196}, {\"id\": 19, \"seek\": 2916, \"start\": 44.880001068115234, \"end\": 45.91999816894531, \"text\": \" I enjoy doing that.\", \"tokens\": [51150, 286, 2103, 884, 300, 13, 51202], \"temperature\": 0.0, \"avg_logprob\": -0.2652646005153656, \"compression_ratio\": 1.6398601531982422, \"no_speech_prob\": 0.0002065989829134196}, {\"id\": 20, \"seek\": 2916, \"start\": 46.439998626708984, \"end\": 47.439998626708984, \"text\": \" That makes me feel good.\", \"tokens\": [51228, 663, 1669, 385, 841, 665, 13, 51278], \"temperature\": 0.0, \"avg_logprob\": -0.2652646005153656, \"compression_ratio\": 1.6398601531982422, \"no_speech_prob\": 0.0002065989829134196}, {\"id\": 21, \"seek\": 2916, \"start\": 47.720001220703125, \"end\": 49.040000915527344, \"text\": \" I'm not a good guy.\", \"tokens\": [51292, 286, 478, 406, 257, 665, 2146, 13, 51358], \"temperature\": 0.0, \"avg_logprob\": -0.2652646005153656, \"compression_ratio\": 1.6398601531982422, \"no_speech_prob\": 0.0002065989829134196}, {\"id\": 22, \"seek\": 2916, \"start\": 49.560001373291016, \"end\": 52.20000076293945, \"text\": \" I do that for me just as much, you know what I'm saying?\", \"tokens\": [51384, 286, 360, 300, 337, 385, 445, 382, 709, 11, 291, 458, 437, 286, 478, 1566, 30, 51516], \"temperature\": 0.0, \"avg_logprob\": -0.2652646005153656, \"compression_ratio\": 1.6398601531982422, \"no_speech_prob\": 0.0002065989829134196}, {\"id\": 23, \"seek\": 2916, \"start\": 52.36000061035156, \"end\": 57.040000915527344, \"text\": \" Like, but all the world has all these different things they use against men to\", \"tokens\": [51524, 1743, 11, 457, 439, 264, 1002, 575, 439, 613, 819, 721, 436, 764, 1970, 1706, 281, 51758], \"temperature\": 0.0, \"avg_logprob\": -0.2652646005153656, \"compression_ratio\": 1.6398601531982422, \"no_speech_prob\": 0.0002065989829134196}, {\"id\": 24, \"seek\": 5704, \"start\": 57.040000915527344, \"end\": 59.68000030517578, \"text\": \" make them feel bad or try to control them in all these different ways.\", \"tokens\": [50364, 652, 552, 841, 1578, 420, 853, 281, 1969, 552, 294, 439, 613, 819, 2098, 13, 50496], \"temperature\": 0.0, \"avg_logprob\": -0.3570915758609772, \"compression_ratio\": 1.0606060028076172, \"no_speech_prob\": 0.3006456792354584}]}"}