{"title": "How much did you burn in 1 night the most?", "video_id": "DQkeiqltmJU", "video_url": "https://www.youtube.com/watch?v=DQkeiqltmJU", "description": "Watch The Full Thing Here : \n\n\u2014\u2014\u2014\u2014\u2014\u2014\u2014\u2014\u2014\u2014\u2014\u2014\u2014\u2014\u2014\u2014\u2014\u2014\u2014\u2014\nFREE: Meet signed models and attend VIP-only events in 7 days:\nhttps://m.moamentoring.com/podcast\n\nFREE: Join the Men of Action community and get access to Michael and the Men of Action team:\nhttps://m.moamentoring.com/moa-community\n\nFREE: Get instant access to the exclusive High-Status Networking course:\nhttps://m.moamentoring.com/high-status-mini-course-yt\n\nWant to make $5k-$20k/mo working from home? Apply for the sales team here:\nhttps://m.moamentoring.com/remote-sales-yt\n\nMen of Action has an affiliate program! Post pre-made content and get paid passively:\nhttps://m.moamentoring.com/affiliate-yt\n\nMichael's Men of Action is a one-on-one Master's program that teaches men how to create elite social lives by becoming higher status.\n\n\u2014\u2014\u2014\u2014\u2014\u2014\u2014\u2014\u2014\u2014\u2014\u2014\u2014\u2014\u2014\u2014\u2014\u2014\u2014\u2014\nSubscribe on Youtube: \nhttps://www.youtube.com/user/MichaelSartain\n\nListen on Apple Podcast: \nhttps://podcasts.apple.com/us/podcast/the-michael-sartain-podcast/id1579791157\n\nListen on Spotify: \nhttps://open.spotify.com/show/2faAYwvDD9Bvkpwv6umlPO?si=8Q3ak9HnSlKjuChsTXr6YQ&dl_branch=1\n\n#michael #michaelsartain #michael_sartain #michael_sartain_podcast", "published_at": "2024-01-14T22:00:08Z", "channel_id": "UC0T1bDzajVefRWx4uKdGyuw", "channel_title": "Michael Sartain", "tags": ["Michael", "Michael Sartain", "Michael Sartain Podcast", "Michael Podcast", "MOA", "Men Of Action", "Michael Sartain Course", "Michael Sartain With Hot Women", "Playboy", "Swimsuit", "Swimsuit Competition", "ichael sartain social circle", "social circle", "how to netowrk", "moa", "moa podcast", "gender wage gap", "gender wage gap myth", "wage gap", "social value", "michael sartain course", "looks money status", "social circle mentorship", "michael sartain social circle game", "men of action podcast", "men of action course"], "category_id": "24", "live_broadcast_content": "none", "duration": 37.0, "dimension": "2d", "definition": "hd", "caption": "false", "view_count": 323, "like_count": 17, "comment_count": 0, "channel_info": {"title": "Michael Sartain", "description": "\ud83c\udf99Host of The\u00a0Michael Sartain Podcast \n\n\ud83d\udd25Teaching you how to build a network of desirable women and high-status men\n\n\ud83d\udc47 Click the \"Men of Action\" link below now to forge a high-status lifestyle and join the elites \n", "subscriber_count": "80500", "total_views": "29545897", "total_videos": "1481"}, "comments": [], "file_path": "/Users/aelaguiz/workspace/fc_book/audio/raws/DQkeiqltmJU.mp3", "transcription": "{\"text\": \"Midnight and I'm hungry. I love going to the 24-hour bars that have the video poker piss off some money while you're eating a sandwich I go in there's a menu on the screen and as I'm moving the menu I'm like, yo, let me get the turkey cobbler sandwich and club soda with cranberry gives me the club soda cranberry I put the money in the machine. It doesn't have the game. I like jacks are better. They don't have that game I'm like, where's Jack's dude just hit some buttons. He goes. This is the best game we have So I figure I'll learn it as I go. Anyway, I can burn two grand in the thing How do I spend two grand before my sandwich comes and the guy looks at me and he goes what sandwich? I'm only here for the sandwich and he goes, what'd you order? I said I ordered with you a turkey cobbler We don't have that so Thanksgiving. I'm like \", \"segments\": [{\"id\": 0, \"seek\": 0, \"start\": 0.0, \"end\": 6.320000171661377, \"text\": \" Midnight and I'm hungry. I love going to the 24-hour bars that have the video poker piss off some money while you're eating a sandwich\", \"tokens\": [50364, 7033, 6402, 293, 286, 478, 8067, 13, 286, 959, 516, 281, 264, 4022, 12, 18048, 10228, 300, 362, 264, 960, 36863, 15171, 766, 512, 1460, 1339, 291, 434, 3936, 257, 11141, 50680], \"temperature\": 0.0, \"avg_logprob\": -0.284180223941803, \"compression_ratio\": 1.7927460670471191, \"no_speech_prob\": 0.49880677461624146}, {\"id\": 1, \"seek\": 0, \"start\": 6.320000171661377, \"end\": 9.760000228881836, \"text\": \" I go in there's a menu on the screen and as I'm moving the menu\", \"tokens\": [50680, 286, 352, 294, 456, 311, 257, 6510, 322, 264, 2568, 293, 382, 286, 478, 2684, 264, 6510, 50852], \"temperature\": 0.0, \"avg_logprob\": -0.284180223941803, \"compression_ratio\": 1.7927460670471191, \"no_speech_prob\": 0.49880677461624146}, {\"id\": 2, \"seek\": 0, \"start\": 9.760000228881836, \"end\": 14.600000381469727, \"text\": \" I'm like, yo, let me get the turkey cobbler sandwich and club soda with cranberry gives me the club soda cranberry\", \"tokens\": [50852, 286, 478, 411, 11, 5290, 11, 718, 385, 483, 264, 21551, 598, 6692, 1918, 11141, 293, 6482, 17192, 365, 39685, 9099, 2709, 385, 264, 6482, 17192, 39685, 9099, 51094], \"temperature\": 0.0, \"avg_logprob\": -0.284180223941803, \"compression_ratio\": 1.7927460670471191, \"no_speech_prob\": 0.49880677461624146}, {\"id\": 3, \"seek\": 0, \"start\": 14.600000381469727, \"end\": 18.440000534057617, \"text\": \" I put the money in the machine. It doesn't have the game. I like jacks are better. They don't have that game\", \"tokens\": [51094, 286, 829, 264, 1460, 294, 264, 3479, 13, 467, 1177, 380, 362, 264, 1216, 13, 286, 411, 7109, 82, 366, 1101, 13, 814, 500, 380, 362, 300, 1216, 51286], \"temperature\": 0.0, \"avg_logprob\": -0.284180223941803, \"compression_ratio\": 1.7927460670471191, \"no_speech_prob\": 0.49880677461624146}, {\"id\": 4, \"seek\": 0, \"start\": 18.440000534057617, \"end\": 21.639999389648438, \"text\": \" I'm like, where's Jack's dude just hit some buttons. He goes. This is the best game we have\", \"tokens\": [51286, 286, 478, 411, 11, 689, 311, 4718, 311, 6449, 445, 2045, 512, 9905, 13, 634, 1709, 13, 639, 307, 264, 1151, 1216, 321, 362, 51446], \"temperature\": 0.0, \"avg_logprob\": -0.284180223941803, \"compression_ratio\": 1.7927460670471191, \"no_speech_prob\": 0.49880677461624146}, {\"id\": 5, \"seek\": 0, \"start\": 21.639999389648438, \"end\": 24.8799991607666, \"text\": \" So I figure I'll learn it as I go. Anyway, I can burn two grand in the thing\", \"tokens\": [51446, 407, 286, 2573, 286, 603, 1466, 309, 382, 286, 352, 13, 5684, 11, 286, 393, 5064, 732, 2697, 294, 264, 551, 51608], \"temperature\": 0.0, \"avg_logprob\": -0.284180223941803, \"compression_ratio\": 1.7927460670471191, \"no_speech_prob\": 0.49880677461624146}, {\"id\": 6, \"seek\": 0, \"start\": 24.8799991607666, \"end\": 28.520000457763672, \"text\": \" How do I spend two grand before my sandwich comes and the guy looks at me and he goes what sandwich?\", \"tokens\": [51608, 1012, 360, 286, 3496, 732, 2697, 949, 452, 11141, 1487, 293, 264, 2146, 1542, 412, 385, 293, 415, 1709, 437, 11141, 30, 51790], \"temperature\": 0.0, \"avg_logprob\": -0.284180223941803, \"compression_ratio\": 1.7927460670471191, \"no_speech_prob\": 0.49880677461624146}, {\"id\": 7, \"seek\": 2852, \"start\": 28.520000457763672, \"end\": 32.97999954223633, \"text\": \" I'm only here for the sandwich and he goes, what'd you order? I said I ordered with you a turkey cobbler\", \"tokens\": [50364, 286, 478, 787, 510, 337, 264, 11141, 293, 415, 1709, 11, 437, 1116, 291, 1668, 30, 286, 848, 286, 8866, 365, 291, 257, 21551, 598, 6692, 1918, 50587], \"temperature\": 0.0, \"avg_logprob\": -0.41430285573005676, \"compression_ratio\": 1.2213114500045776, \"no_speech_prob\": 0.08753291517496109}, {\"id\": 8, \"seek\": 2852, \"start\": 32.97999954223633, \"end\": 35.040000915527344, \"text\": \" We don't have that so Thanksgiving. I'm like\", \"tokens\": [50587, 492, 500, 380, 362, 300, 370, 21230, 13, 286, 478, 411, 50690], \"temperature\": 0.0, \"avg_logprob\": -0.41430285573005676, \"compression_ratio\": 1.2213114500045776, \"no_speech_prob\": 0.08753291517496109}]}"}