{"title": "Why every man needs to get his social media in order", "video_id": "DzFeSF09hLc", "video_url": "https://www.youtube.com/watch?v=DzFeSF09hLc", "description": "Watch The Full Thing Here : \n\u2014\u2014\u2014\u2014\u2014\u2014\u2014\u2014\u2014\u2014\u2014\u2014\u2014\u2014\u2014\u2014\u2014\u2014\u2014\u2014\nReady to build a network of amazing women and high-status men?\n\nMichael\u2019s Men of Action is a one-on-one Master\u2019s program that teaches men how to create elite \nsocial lives by becoming higher status.\n\nClick this link to learn how you can have a High-Status lifestyle now:\nhttps://m.moamentoring.com/podcast\n\nClick here to join the Men of Action community and watch the High-Status Networking 101 course:\nhttps://m.moamentoring.com/moa-community\n\nInterested in joining the Men of Action sales team? Apply here:\nhttps://www.moamentoring.com/jobs/sales\n\nMen of Action has an affiliate program! Post pre-made content and get paid passively:\nhttps://www.moamentoring.com/affiliate\n\u2014\u2014\u2014\u2014\u2014\u2014\u2014\u2014\u2014\u2014\u2014\u2014\u2014\u2014\u2014\u2014\u2014\u2014\u2014\u2014\n\nSubscribe on Youtube: \nhttps://www.youtube.com/user/MichaelSartain\n\nListen on Apple Podcast: \nhttps://podcasts.apple.com/us/podcast/the-michael-sartain-podcast/id1579791157\n\nListen on Spotify: \nhttps://open.spotify.com/show/2faAYwvDD9Bvkpwv6umlPO?si=8Q3ak9HnSlKjuChsTXr6YQ&dl_branch=1\n\n#michael #michaelsartain #michael_sartain #michael_sartain_podcast", "published_at": "2023-12-27T22:00:05Z", "channel_id": "UC0T1bDzajVefRWx4uKdGyuw", "channel_title": "Michael Sartain", "tags": ["Michael", "Michael Sartain", "Michael Sartain Podcast", "Michael Podcast", "MOA", "Men Of Action", "Michael Sartain Course", "Michael Sartain With Hot Women", "Playboy", "Swimsuit", "Swimsuit Competition", "ichael sartain social circle", "social circle", "how to netowrk", "moa", "moa podcast", "gender wage gap", "gender wage gap myth", "wage gap", "social value", "michael sartain course", "looks money status", "social circle mentorship", "michael sartain social circle game", "men of action podcast", "men of action course"], "category_id": "24", "live_broadcast_content": "none", "duration": 56.0, "dimension": "2d", "definition": "hd", "caption": "false", "view_count": 2113, "like_count": 90, "comment_count": 8, "channel_info": {"title": "Michael Sartain", "description": "\ud83c\udf99Host of The\u00a0Michael Sartain Podcast \n\n\ud83d\udd25Teaching you how to build a network of desirable women and high-status men\n\n\ud83d\udc47 Click the \"Men of Action\" link below now to forge a high-status lifestyle and join the elites \n", "subscriber_count": "80500", "total_views": "29545897", "total_videos": "1481"}, "comments": [], "file_path": "/Users/aelaguiz/workspace/fc_book/audio/raws/DzFeSF09hLc.mp3", "transcription": "{\"text\": \"I'm 46 years old and people my age, they're like very anti-social media. They don't like when people pull out their phones at dinner. And I don't like that either, but it's one of these situations where like, if you're a man, you kind of have to understand you need to lean into that. You need better photos. You need to show competency, relevancy, access to scarce resources. You need to show high status on social media. And when you do so, even if you're in real life game is a 10, but your social media is an eight, your social media is still scalable. 100,000 X to your in real life. So you can still get more women that way. A lot of guys do not want to adapt, bro. They want to do what has always worked, what they know best. They're super comfortable, super complacent. I think that's the perfect point. She's made. You have to lean into this. This is a new game. The girl at your job that you think is a nine doesn't just have access to you. She has access to every celebrity in your city. Every celebrity that comes to visit your city, because that's what these dudes are doing. They're DMing her when they come to the city. So you're now competing with the top echelon. \", \"segments\": [{\"id\": 0, \"seek\": 0, \"start\": 0.0, \"end\": 3.8399999141693115, \"text\": \" I'm 46 years old and people my age, they're like very anti-social media.\", \"tokens\": [50364, 286, 478, 17835, 924, 1331, 293, 561, 452, 3205, 11, 436, 434, 411, 588, 6061, 12, 48600, 3021, 13, 50556], \"temperature\": 0.0, \"avg_logprob\": -0.24904905259609222, \"compression_ratio\": 1.8690807819366455, \"no_speech_prob\": 0.09929121285676956}, {\"id\": 1, \"seek\": 0, \"start\": 3.880000114440918, \"end\": 5.920000076293945, \"text\": \" They don't like when people pull out their phones at dinner.\", \"tokens\": [50558, 814, 500, 380, 411, 562, 561, 2235, 484, 641, 10216, 412, 6148, 13, 50660], \"temperature\": 0.0, \"avg_logprob\": -0.24904905259609222, \"compression_ratio\": 1.8690807819366455, \"no_speech_prob\": 0.09929121285676956}, {\"id\": 2, \"seek\": 0, \"start\": 5.920000076293945, \"end\": 8.479999542236328, \"text\": \" And I don't like that either, but it's one of these situations where like, if\", \"tokens\": [50660, 400, 286, 500, 380, 411, 300, 2139, 11, 457, 309, 311, 472, 295, 613, 6851, 689, 411, 11, 498, 50788], \"temperature\": 0.0, \"avg_logprob\": -0.24904905259609222, \"compression_ratio\": 1.8690807819366455, \"no_speech_prob\": 0.09929121285676956}, {\"id\": 3, \"seek\": 0, \"start\": 8.479999542236328, \"end\": 10.84000015258789, \"text\": \" you're a man, you kind of have to understand you need to lean into that.\", \"tokens\": [50788, 291, 434, 257, 587, 11, 291, 733, 295, 362, 281, 1223, 291, 643, 281, 11659, 666, 300, 13, 50906], \"temperature\": 0.0, \"avg_logprob\": -0.24904905259609222, \"compression_ratio\": 1.8690807819366455, \"no_speech_prob\": 0.09929121285676956}, {\"id\": 4, \"seek\": 0, \"start\": 10.859999656677246, \"end\": 11.880000114440918, \"text\": \" You need better photos.\", \"tokens\": [50907, 509, 643, 1101, 5787, 13, 50958], \"temperature\": 0.0, \"avg_logprob\": -0.24904905259609222, \"compression_ratio\": 1.8690807819366455, \"no_speech_prob\": 0.09929121285676956}, {\"id\": 5, \"seek\": 0, \"start\": 11.880000114440918, \"end\": 14.760000228881836, \"text\": \" You need to show competency, relevancy, access to scarce resources.\", \"tokens\": [50958, 509, 643, 281, 855, 50097, 11, 25916, 6717, 11, 2105, 281, 41340, 3593, 13, 51102], \"temperature\": 0.0, \"avg_logprob\": -0.24904905259609222, \"compression_ratio\": 1.8690807819366455, \"no_speech_prob\": 0.09929121285676956}, {\"id\": 6, \"seek\": 0, \"start\": 14.760000228881836, \"end\": 16.559999465942383, \"text\": \" You need to show high status on social media.\", \"tokens\": [51102, 509, 643, 281, 855, 1090, 6558, 322, 2093, 3021, 13, 51192], \"temperature\": 0.0, \"avg_logprob\": -0.24904905259609222, \"compression_ratio\": 1.8690807819366455, \"no_speech_prob\": 0.09929121285676956}, {\"id\": 7, \"seek\": 0, \"start\": 16.559999465942383, \"end\": 20.020000457763672, \"text\": \" And when you do so, even if you're in real life game is a 10, but\", \"tokens\": [51192, 400, 562, 291, 360, 370, 11, 754, 498, 291, 434, 294, 957, 993, 1216, 307, 257, 1266, 11, 457, 51365], \"temperature\": 0.0, \"avg_logprob\": -0.24904905259609222, \"compression_ratio\": 1.8690807819366455, \"no_speech_prob\": 0.09929121285676956}, {\"id\": 8, \"seek\": 0, \"start\": 20.020000457763672, \"end\": 22.979999542236328, \"text\": \" your social media is an eight, your social media is still scalable.\", \"tokens\": [51365, 428, 2093, 3021, 307, 364, 3180, 11, 428, 2093, 3021, 307, 920, 38481, 13, 51513], \"temperature\": 0.0, \"avg_logprob\": -0.24904905259609222, \"compression_ratio\": 1.8690807819366455, \"no_speech_prob\": 0.09929121285676956}, {\"id\": 9, \"seek\": 0, \"start\": 22.979999542236328, \"end\": 25.3799991607666, \"text\": \" 100,000 X to your in real life.\", \"tokens\": [51513, 2319, 11, 1360, 1783, 281, 428, 294, 957, 993, 13, 51633], \"temperature\": 0.0, \"avg_logprob\": -0.24904905259609222, \"compression_ratio\": 1.8690807819366455, \"no_speech_prob\": 0.09929121285676956}, {\"id\": 10, \"seek\": 0, \"start\": 25.3799991607666, \"end\": 27.360000610351562, \"text\": \" So you can still get more women that way.\", \"tokens\": [51633, 407, 291, 393, 920, 483, 544, 2266, 300, 636, 13, 51732], \"temperature\": 0.0, \"avg_logprob\": -0.24904905259609222, \"compression_ratio\": 1.8690807819366455, \"no_speech_prob\": 0.09929121285676956}, {\"id\": 11, \"seek\": 0, \"start\": 27.420000076293945, \"end\": 29.6200008392334, \"text\": \" A lot of guys do not want to adapt, bro.\", \"tokens\": [51735, 316, 688, 295, 1074, 360, 406, 528, 281, 6231, 11, 2006, 13, 51845], \"temperature\": 0.0, \"avg_logprob\": -0.24904905259609222, \"compression_ratio\": 1.8690807819366455, \"no_speech_prob\": 0.09929121285676956}, {\"id\": 12, \"seek\": 2962, \"start\": 29.68000030517578, \"end\": 33.279998779296875, \"text\": \" They want to do what has always worked, what they know best.\", \"tokens\": [50367, 814, 528, 281, 360, 437, 575, 1009, 2732, 11, 437, 436, 458, 1151, 13, 50547], \"temperature\": 0.0, \"avg_logprob\": -0.32090380787849426, \"compression_ratio\": 1.7824561595916748, \"no_speech_prob\": 5.0144562919740565e-06}, {\"id\": 13, \"seek\": 2962, \"start\": 33.31999969482422, \"end\": 35.13999938964844, \"text\": \" They're super comfortable, super complacent.\", \"tokens\": [50549, 814, 434, 1687, 4619, 11, 1687, 49546, 317, 13, 50640], \"temperature\": 0.0, \"avg_logprob\": -0.32090380787849426, \"compression_ratio\": 1.7824561595916748, \"no_speech_prob\": 5.0144562919740565e-06}, {\"id\": 14, \"seek\": 2962, \"start\": 35.20000076293945, \"end\": 36.400001525878906, \"text\": \" I think that's the perfect point.\", \"tokens\": [50643, 286, 519, 300, 311, 264, 2176, 935, 13, 50703], \"temperature\": 0.0, \"avg_logprob\": -0.32090380787849426, \"compression_ratio\": 1.7824561595916748, \"no_speech_prob\": 5.0144562919740565e-06}, {\"id\": 15, \"seek\": 2962, \"start\": 36.400001525878906, \"end\": 36.900001525878906, \"text\": \" She's made.\", \"tokens\": [50703, 1240, 311, 1027, 13, 50728], \"temperature\": 0.0, \"avg_logprob\": -0.32090380787849426, \"compression_ratio\": 1.7824561595916748, \"no_speech_prob\": 5.0144562919740565e-06}, {\"id\": 16, \"seek\": 2962, \"start\": 37.15999984741211, \"end\": 38.439998626708984, \"text\": \" You have to lean into this.\", \"tokens\": [50741, 509, 362, 281, 11659, 666, 341, 13, 50805], \"temperature\": 0.0, \"avg_logprob\": -0.32090380787849426, \"compression_ratio\": 1.7824561595916748, \"no_speech_prob\": 5.0144562919740565e-06}, {\"id\": 17, \"seek\": 2962, \"start\": 38.439998626708984, \"end\": 39.58000183105469, \"text\": \" This is a new game.\", \"tokens\": [50805, 639, 307, 257, 777, 1216, 13, 50862], \"temperature\": 0.0, \"avg_logprob\": -0.32090380787849426, \"compression_ratio\": 1.7824561595916748, \"no_speech_prob\": 5.0144562919740565e-06}, {\"id\": 18, \"seek\": 2962, \"start\": 39.720001220703125, \"end\": 44.29999923706055, \"text\": \" The girl at your job that you think is a nine doesn't just have access to you.\", \"tokens\": [50869, 440, 2013, 412, 428, 1691, 300, 291, 519, 307, 257, 4949, 1177, 380, 445, 362, 2105, 281, 291, 13, 51098], \"temperature\": 0.0, \"avg_logprob\": -0.32090380787849426, \"compression_ratio\": 1.7824561595916748, \"no_speech_prob\": 5.0144562919740565e-06}, {\"id\": 19, \"seek\": 2962, \"start\": 44.31999969482422, \"end\": 46.47999954223633, \"text\": \" She has access to every celebrity in your city.\", \"tokens\": [51099, 1240, 575, 2105, 281, 633, 18597, 294, 428, 2307, 13, 51207], \"temperature\": 0.0, \"avg_logprob\": -0.32090380787849426, \"compression_ratio\": 1.7824561595916748, \"no_speech_prob\": 5.0144562919740565e-06}, {\"id\": 20, \"seek\": 2962, \"start\": 46.58000183105469, \"end\": 48.97999954223633, \"text\": \" Every celebrity that comes to visit your city, because that's\", \"tokens\": [51212, 2048, 18597, 300, 1487, 281, 3441, 428, 2307, 11, 570, 300, 311, 51332], \"temperature\": 0.0, \"avg_logprob\": -0.32090380787849426, \"compression_ratio\": 1.7824561595916748, \"no_speech_prob\": 5.0144562919740565e-06}, {\"id\": 21, \"seek\": 2962, \"start\": 48.97999954223633, \"end\": 50.060001373291016, \"text\": \" what these dudes are doing.\", \"tokens\": [51332, 437, 613, 27717, 366, 884, 13, 51386], \"temperature\": 0.0, \"avg_logprob\": -0.32090380787849426, \"compression_ratio\": 1.7824561595916748, \"no_speech_prob\": 5.0144562919740565e-06}, {\"id\": 22, \"seek\": 2962, \"start\": 50.119998931884766, \"end\": 52.040000915527344, \"text\": \" They're DMing her when they come to the city.\", \"tokens\": [51389, 814, 434, 15322, 278, 720, 562, 436, 808, 281, 264, 2307, 13, 51485], \"temperature\": 0.0, \"avg_logprob\": -0.32090380787849426, \"compression_ratio\": 1.7824561595916748, \"no_speech_prob\": 5.0144562919740565e-06}, {\"id\": 23, \"seek\": 2962, \"start\": 52.040000915527344, \"end\": 55.0, \"text\": \" So you're now competing with the top echelon.\", \"tokens\": [51485, 407, 291, 434, 586, 15439, 365, 264, 1192, 36803, 338, 266, 13, 51633], \"temperature\": 0.0, \"avg_logprob\": -0.32090380787849426, \"compression_ratio\": 1.7824561595916748, \"no_speech_prob\": 5.0144562919740565e-06}]}"}