{"title": "Rollo Tomassi - Cold Approach Then and Now (Michael Sartain Podcast)", "video_id": "FxpyGr43wmw", "video_url": "https://www.youtube.com/watch?v=FxpyGr43wmw", "description": "Rollo Tomassi (IG: @Rational_Male ) is the author of \u201cThe Rational Male\u201d book series\ufffc. He has over 200,000 subscribers on his YouTube channel, @The Rational Male , and is considered The Godfather of the Red Pill Community\ufffc. \n\n\u2014\u2014\u2014\u2014\u2014\u2014\u2014\u2014\u2014\u2014\u2014\u2014\u2014\u2014\u2014\u2014\u2014\u2014\u2014\nMichael\u2019s Men of Action program is a Master\u2019s course dedicated to helping people elevate their social lives by building elite social circles and becoming higher status. Click the link below to learn more: https://m.moamentoring.com/podcast\n\u2014\u2014\u2014\u2014\u2014\u2014\u2014\u2014\u2014\u2014\u2014\u2014\u2014\u2014\u2014\u2014\u2014\u2014\u2014\u2014\n\nBecome an affiliate for MOA mentoring: https://www.moamentoring.com/earn\n\nSubscribe on Youtube: https://www.youtube.com/user/MichaelSartain\n\nListen on Apple Podcast: https://podcasts.apple.com/us/podcast/the-michael-sartain-podcast/id1579791157\n\nListen on Spotify: https://open.spotify.com/show/2faAYwvDD9Bvkpwv6umlPO?si=8Q3ak9HnSlKjuChsTXr6YQ&dl_branch=1", "published_at": "2022-10-28T22:00:10Z", "channel_id": "UC0T1bDzajVefRWx4uKdGyuw", "channel_title": "Michael Sartain", "tags": [], "category_id": "24", "live_broadcast_content": "none", "duration": 430.0, "dimension": "2d", "definition": "hd", "caption": "false", "view_count": 4554, "like_count": 141, "comment_count": 29, "channel_info": {"title": "Michael Sartain", "description": "\ud83c\udf99Host of The\u00a0Michael Sartain Podcast \n\n\ud83d\udd25Teaching you how to build a network of desirable women and high-status men\n\n\ud83d\udc47 Click the \"Men of Action\" link below now to forge a high-status lifestyle and join the elites \n", "subscriber_count": "80500", "total_views": "29545897", "total_videos": "1481"}, "comments": [], "file_path": "/Users/aelaguiz/workspace/fc_book/audio/raws/FxpyGr43wmw.mp3", "transcription": "{\"text\": \"I cannot believe we're still having a conversation in 2022 about Mystery or Neil Strauss or like Owen Cook or Julian Blanc or any of these guys who are like sort of the classic pickup artists of the mid-2000s because when we're talking about game today, it's like no one is teaching like old-school PUA anymore. There's still some guys that do it. The Grifters certainly are still trying to, you know, hanging on to the loose ends there, but when I refer to game, I don't talk in terms of like say pickup artistry. I talk about the social skills that are applied to that because I think PUA developed and evolved. If you move from like just aping behaviors into why does this work and how can I internalize this and why am I such a nerd and how am I going to be able to interact and present myself in a better way? How am I going to change my mind about myself? That develops into game in a practical sense and so I heard you talk about this with Justin on here. If your impression of like a guy who teaches game or a dating coach looks like Mystery from 2005 with the freaking, you know, feather boa, the top hat and the elevator boots and the black nail polish, if that's your image of a guy who teaches game or is a dating coach, that was 2005, man. That was 17 fucking years ago, okay? That is a lifetime ago and we still use that as sort of this caricature of, well, I don't want to have anything to do with PUA and then I, because I might hold Justin's feet to the fire on this or occasionally, it's like it's the same stuff you're saying is stuff that the PUA's figured out way back in the day. You just think it's more legit because it's like gentleman game or it's like I'm authentic and I do this anyways. Well, they're aping that behavior already way back in 2002 and maybe they were inauthentic when they did that, but the behavior is still the behavior. So, so the way I'd like to explain it is if, for those of you who watch soccer or, you know, European football, the inbound, right? The inbound is a skill that you need, but it's not all of soccer. Cold approach is a skill that you need. Yes. Cold approach is taught as if it is game. Cold approach is 2% of, let me say it one more time to go ahead and send the hate my way. Go ahead and send the hate my way. Cold approach is 2% of game. It is like, I'm really good at shooting free throws. Shooting free throws is not an NBA basketball team. Get cold approaches. One is 2% of game social, social circle, which includes social media is 98% of game. If we want to talk about being attractive as a man, the, my ability to break rapport, my ability to connect with other people, my ability to lead a room, my ability to be charismatic, my ability to connect other people, my ability to take what I do and, and projected on social media to be ostentatious or not ostentatious or to project a certain image on social media. These are actually the mat major parts of game. When I talk about the three things that pickup got wrong, number one, the main thing was social media. They fucking completely missed the boat. Yes. Because I personally think this, I think a lot of pickup coaches knew their clients were weird and did not want their clients on social media. Look, exposing their weirdness. It's churn marketing. Exactly. The churn. Oh, the second thing, uh, the second thing I think they got wrong with logistics. I do not want to teach you how to meet women from your mom's basement. I want to teach you to start a seven figure business. So we leave your mom's basement out there. And the third thing that was the female teammates, the teammates having women introduced me to women preselection. Like it was just, it's just this one of these things where it's like, whenever I talk to pickup artists, they're like, let's remove the obstacle. The obstacle, that obstacle is the reason she's going to go home with you. The obstacle is the one who's got driving the way, right? She's driving the fucking car. There's no obstacle with me, bro. I'm they're all going to love me by the end of the night. That's the way I want to be. And if we don't, if nothing happens between us, I still want to know you, dude, you know how many beautiful women I meet sometimes. And they're like, I can tell they're not interested. That's fine. Do you want to come on the podcast? You have 4 million followers. Fuck. Yes. I'm going to have you on the podcast. Crystal. This is one of my favorite ones. Crystal Hefner is Hugh Hefner's wife. Her and I hosted a bikini competition back in the like 2014, 15, 16. When we hosted the bikini competition, she would be like, we would text each other means funny means. And she'd be like, Hey Michael, do you want to come to the playboy mansion for midsummer night's dream? Fuck. Yes I do. But pick up artists would be like, why didn't you game her? Hugh Hefner's wife, motherfucker. Hugh Hefner's wife, bro, whatever crystal, whatever you, I love crystal. Shout out to crystal after. And she said, there's a beautiful, wonderful, charitable woman, a fucking incredible woman. And she would invite me to the playboy mansion. Of course, I'm going to be fucking friends with her, bro. Of course, this woman is high status. You don't have a friend of mine, toy Hardy, shout out to toy. Her birthday's on Sunday. This woman has introduced me to so many billionaire billionaires, bro. Of course, this ability to connect, but we treat women like they're the enemy. And I don't, I love a man. I love being on a hot tub with 12 women at the same time. Women make life beautiful when I get that constantly. And, and of course, Andrew does too. He made a big deal out of this. Everybody thinks Andrew is like this misogynistic, you know, fuck wit. Right. And I'm like, no, you, he would not be doing what he was doing. If he was truly a massage, if he was truly hate women, men who truly hate women aren't online. Men who truly hate women aren't going, Oh man, she fucked me over because they care of their outcome dependent on that rejection. Right. And so I, I, I've been doing this for about 20 years. I have met a handful of guys who I would say are genuine misogynist, but the reason why we keep saying like, Oh, those guys are in cells. Those guys are a misogynist because it's the easiest 20th century definition that we can give to a guy who women wouldn't want to fuck. Right. And so when I get called a misogynist, it's usually because I'm connecting dogs or I'm asking uncomfortable questions and that they think they don't have any counter argument to those things. So the next thing out of their mouths is who hurt you. Right. Right. Or what was your growing up like, or you, then you want to turn it to, you know, armchair psychologists at that point and to reframe the, the, you know, the debate at that point, because they don't have a comeback to the data or the connections or the correlations that I'm making from the data. And then it's like, well, only an incel would have that question. Only a, um, uh, a misogynist would try to connect the dots that you're connecting right now. And it's like, no, the data is what the data is. What do you think about that? And when it conflicts with their belief sets and it conflicts with their convictions, that's when you get, there's no other recourse, but to turn you into an incident, by the way, there's no such thing as an incel and involuntary celibate in 2022. If you want to get laid, you can get laid for sure. Come to this state, come to, come to fly into Reno, fly into Reno. I'll take you to Moundhouse, Nevada. I, you, you give me a, let's see a finder's fee. So I'll get a 700 bucks. I'll take 200 and I will get you laid. You want to have a threesome? No problem. I will teach you brothel game in Reno, Nevada. You have 100% user satisfaction guarantee. Have you seen these dudes who go to South America? You can get laid in the 21st century. Have you seen these guys who go to South America or Central America or someplace in like Eastern Europe and they start talking about their harem of girls that they got? And I'm like, bro, like they just, it's a, what is it? Sexual arbitrage or whatever. I don't, I don't really, I don't, I'm sorry, man. I don't, I don't blame you. I don't want to go too far in that, but like that whole thing is just kind of, kind of strange. \", \"segments\": [{\"id\": 0, \"seek\": 0, \"start\": 0.0, \"end\": 5.320000171661377, \"text\": \" I cannot believe we're still having a conversation in 2022 about\", \"tokens\": [50364, 286, 2644, 1697, 321, 434, 920, 1419, 257, 3761, 294, 20229, 466, 50630], \"temperature\": 0.0, \"avg_logprob\": -0.37129124999046326, \"compression_ratio\": 1.556776523590088, \"no_speech_prob\": 0.07685519009828568}, {\"id\": 1, \"seek\": 0, \"start\": 5.320000171661377, \"end\": 11.760000228881836, \"text\": \" Mystery or Neil Strauss or like Owen Cook or Julian Blanc or any of\", \"tokens\": [50630, 41660, 420, 18615, 12875, 2023, 420, 411, 32867, 12259, 420, 25151, 2177, 4463, 420, 604, 295, 50952], \"temperature\": 0.0, \"avg_logprob\": -0.37129124999046326, \"compression_ratio\": 1.556776523590088, \"no_speech_prob\": 0.07685519009828568}, {\"id\": 2, \"seek\": 0, \"start\": 11.760000228881836, \"end\": 16.200000762939453, \"text\": \" these guys who are like sort of the classic pickup artists of the mid-2000s\", \"tokens\": [50952, 613, 1074, 567, 366, 411, 1333, 295, 264, 7230, 25328, 6910, 295, 264, 2062, 12, 25743, 82, 51174], \"temperature\": 0.0, \"avg_logprob\": -0.37129124999046326, \"compression_ratio\": 1.556776523590088, \"no_speech_prob\": 0.07685519009828568}, {\"id\": 3, \"seek\": 0, \"start\": 16.200000762939453, \"end\": 21.639999389648438, \"text\": \" because when we're talking about game today, it's like no one is\", \"tokens\": [51174, 570, 562, 321, 434, 1417, 466, 1216, 965, 11, 309, 311, 411, 572, 472, 307, 51446], \"temperature\": 0.0, \"avg_logprob\": -0.37129124999046326, \"compression_ratio\": 1.556776523590088, \"no_speech_prob\": 0.07685519009828568}, {\"id\": 4, \"seek\": 0, \"start\": 21.639999389648438, \"end\": 25.68000030517578, \"text\": \" teaching like old-school PUA anymore. There's still some guys that do it.\", \"tokens\": [51446, 4571, 411, 1331, 12, 22779, 430, 35227, 3602, 13, 821, 311, 920, 512, 1074, 300, 360, 309, 13, 51648], \"temperature\": 0.0, \"avg_logprob\": -0.37129124999046326, \"compression_ratio\": 1.556776523590088, \"no_speech_prob\": 0.07685519009828568}, {\"id\": 5, \"seek\": 0, \"start\": 25.68000030517578, \"end\": 28.799999237060547, \"text\": \" The Grifters certainly are still trying to, you know, hanging on to the loose\", \"tokens\": [51648, 440, 2606, 351, 1559, 3297, 366, 920, 1382, 281, 11, 291, 458, 11, 8345, 322, 281, 264, 9612, 51804], \"temperature\": 0.0, \"avg_logprob\": -0.37129124999046326, \"compression_ratio\": 1.556776523590088, \"no_speech_prob\": 0.07685519009828568}, {\"id\": 6, \"seek\": 2880, \"start\": 28.799999237060547, \"end\": 33.36000061035156, \"text\": \" ends there, but when I refer to game, I don't talk in terms of like\", \"tokens\": [50364, 5314, 456, 11, 457, 562, 286, 2864, 281, 1216, 11, 286, 500, 380, 751, 294, 2115, 295, 411, 50592], \"temperature\": 0.0, \"avg_logprob\": -0.27997061610221863, \"compression_ratio\": 1.6746575832366943, \"no_speech_prob\": 0.00116920773871243}, {\"id\": 7, \"seek\": 2880, \"start\": 33.36000061035156, \"end\": 36.959999084472656, \"text\": \" say pickup artistry. I talk about the social skills that are applied to that\", \"tokens\": [50592, 584, 25328, 5748, 627, 13, 286, 751, 466, 264, 2093, 3942, 300, 366, 6456, 281, 300, 50772], \"temperature\": 0.0, \"avg_logprob\": -0.27997061610221863, \"compression_ratio\": 1.6746575832366943, \"no_speech_prob\": 0.00116920773871243}, {\"id\": 8, \"seek\": 2880, \"start\": 36.959999084472656, \"end\": 41.84000015258789, \"text\": \" because I think PUA developed and evolved. If you move from like just aping\", \"tokens\": [50772, 570, 286, 519, 430, 35227, 4743, 293, 14178, 13, 759, 291, 1286, 490, 411, 445, 1882, 278, 51016], \"temperature\": 0.0, \"avg_logprob\": -0.27997061610221863, \"compression_ratio\": 1.6746575832366943, \"no_speech_prob\": 0.00116920773871243}, {\"id\": 9, \"seek\": 2880, \"start\": 41.84000015258789, \"end\": 45.599998474121094, \"text\": \" behaviors into why does this work and how can I internalize this and why\", \"tokens\": [51016, 15501, 666, 983, 775, 341, 589, 293, 577, 393, 286, 6920, 1125, 341, 293, 983, 51204], \"temperature\": 0.0, \"avg_logprob\": -0.27997061610221863, \"compression_ratio\": 1.6746575832366943, \"no_speech_prob\": 0.00116920773871243}, {\"id\": 10, \"seek\": 2880, \"start\": 45.599998474121094, \"end\": 48.52000045776367, \"text\": \" am I such a nerd and how am I going to be able to\", \"tokens\": [51204, 669, 286, 1270, 257, 23229, 293, 577, 669, 286, 516, 281, 312, 1075, 281, 51350], \"temperature\": 0.0, \"avg_logprob\": -0.27997061610221863, \"compression_ratio\": 1.6746575832366943, \"no_speech_prob\": 0.00116920773871243}, {\"id\": 11, \"seek\": 2880, \"start\": 48.52000045776367, \"end\": 52.31999969482422, \"text\": \" interact and present myself in a better way? How am I going to change my mind\", \"tokens\": [51350, 4648, 293, 1974, 2059, 294, 257, 1101, 636, 30, 1012, 669, 286, 516, 281, 1319, 452, 1575, 51540], \"temperature\": 0.0, \"avg_logprob\": -0.27997061610221863, \"compression_ratio\": 1.6746575832366943, \"no_speech_prob\": 0.00116920773871243}, {\"id\": 12, \"seek\": 2880, \"start\": 52.31999969482422, \"end\": 57.52000045776367, \"text\": \" about myself? That develops into game in a practical sense and so I\", \"tokens\": [51540, 466, 2059, 30, 663, 25453, 666, 1216, 294, 257, 8496, 2020, 293, 370, 286, 51800], \"temperature\": 0.0, \"avg_logprob\": -0.27997061610221863, \"compression_ratio\": 1.6746575832366943, \"no_speech_prob\": 0.00116920773871243}, {\"id\": 13, \"seek\": 5752, \"start\": 58.47999954223633, \"end\": 62.7599983215332, \"text\": \" heard you talk about this with Justin on here. If your impression of like a guy\", \"tokens\": [50412, 2198, 291, 751, 466, 341, 365, 11320, 322, 510, 13, 759, 428, 9995, 295, 411, 257, 2146, 50626], \"temperature\": 0.0, \"avg_logprob\": -0.32798266410827637, \"compression_ratio\": 1.643171787261963, \"no_speech_prob\": 0.005819403566420078}, {\"id\": 14, \"seek\": 5752, \"start\": 62.7599983215332, \"end\": 67.63999938964844, \"text\": \" who teaches game or a dating coach looks like Mystery from 2005 with the\", \"tokens\": [50626, 567, 16876, 1216, 420, 257, 10689, 6560, 1542, 411, 41660, 490, 14394, 365, 264, 50870], \"temperature\": 0.0, \"avg_logprob\": -0.32798266410827637, \"compression_ratio\": 1.643171787261963, \"no_speech_prob\": 0.005819403566420078}, {\"id\": 15, \"seek\": 5752, \"start\": 67.63999938964844, \"end\": 71.4000015258789, \"text\": \" freaking, you know, feather boa, the top hat and the elevator boots and the black\", \"tokens\": [50870, 14612, 11, 291, 458, 11, 25852, 22422, 11, 264, 1192, 2385, 293, 264, 18782, 15194, 293, 264, 2211, 51058], \"temperature\": 0.0, \"avg_logprob\": -0.32798266410827637, \"compression_ratio\": 1.643171787261963, \"no_speech_prob\": 0.005819403566420078}, {\"id\": 16, \"seek\": 5752, \"start\": 71.4000015258789, \"end\": 76.12000274658203, \"text\": \" nail polish, if that's your image of a guy who teaches game or is a dating\", \"tokens\": [51058, 10173, 20452, 11, 498, 300, 311, 428, 3256, 295, 257, 2146, 567, 16876, 1216, 420, 307, 257, 10689, 51294], \"temperature\": 0.0, \"avg_logprob\": -0.32798266410827637, \"compression_ratio\": 1.643171787261963, \"no_speech_prob\": 0.005819403566420078}, {\"id\": 17, \"seek\": 5752, \"start\": 76.12000274658203, \"end\": 83.12000274658203, \"text\": \" coach, that was 2005, man. That was 17 fucking years ago, okay?\", \"tokens\": [51294, 6560, 11, 300, 390, 14394, 11, 587, 13, 663, 390, 3282, 5546, 924, 2057, 11, 1392, 30, 51644], \"temperature\": 0.0, \"avg_logprob\": -0.32798266410827637, \"compression_ratio\": 1.643171787261963, \"no_speech_prob\": 0.005819403566420078}, {\"id\": 18, \"seek\": 8312, \"start\": 83.16000366210938, \"end\": 87.76000213623047, \"text\": \" That is a lifetime ago and we still use that as sort of this caricature of,\", \"tokens\": [50366, 663, 307, 257, 11364, 2057, 293, 321, 920, 764, 300, 382, 1333, 295, 341, 45732, 1503, 295, 11, 50596], \"temperature\": 0.0, \"avg_logprob\": -0.2711166739463806, \"compression_ratio\": 1.7133550643920898, \"no_speech_prob\": 0.017984719946980476}, {\"id\": 19, \"seek\": 8312, \"start\": 87.76000213623047, \"end\": 91.19999694824219, \"text\": \" well, I don't want to have anything to do with PUA and then I, because I might\", \"tokens\": [50596, 731, 11, 286, 500, 380, 528, 281, 362, 1340, 281, 360, 365, 430, 35227, 293, 550, 286, 11, 570, 286, 1062, 50768], \"temperature\": 0.0, \"avg_logprob\": -0.2711166739463806, \"compression_ratio\": 1.7133550643920898, \"no_speech_prob\": 0.017984719946980476}, {\"id\": 20, \"seek\": 8312, \"start\": 91.19999694824219, \"end\": 95.4000015258789, \"text\": \" hold Justin's feet to the fire on this or occasionally, it's like it's the same\", \"tokens\": [50768, 1797, 11320, 311, 3521, 281, 264, 2610, 322, 341, 420, 16895, 11, 309, 311, 411, 309, 311, 264, 912, 50978], \"temperature\": 0.0, \"avg_logprob\": -0.2711166739463806, \"compression_ratio\": 1.7133550643920898, \"no_speech_prob\": 0.017984719946980476}, {\"id\": 21, \"seek\": 8312, \"start\": 95.4000015258789, \"end\": 99.23999786376953, \"text\": \" stuff you're saying is stuff that the PUA's figured out way back in the day.\", \"tokens\": [50978, 1507, 291, 434, 1566, 307, 1507, 300, 264, 430, 35227, 311, 8932, 484, 636, 646, 294, 264, 786, 13, 51170], \"temperature\": 0.0, \"avg_logprob\": -0.2711166739463806, \"compression_ratio\": 1.7133550643920898, \"no_speech_prob\": 0.017984719946980476}, {\"id\": 22, \"seek\": 8312, \"start\": 99.23999786376953, \"end\": 102.91999816894531, \"text\": \" You just think it's more legit because it's like gentleman game or it's\", \"tokens\": [51170, 509, 445, 519, 309, 311, 544, 10275, 570, 309, 311, 411, 15761, 1216, 420, 309, 311, 51354], \"temperature\": 0.0, \"avg_logprob\": -0.2711166739463806, \"compression_ratio\": 1.7133550643920898, \"no_speech_prob\": 0.017984719946980476}, {\"id\": 23, \"seek\": 8312, \"start\": 102.91999816894531, \"end\": 106.91999816894531, \"text\": \" like I'm authentic and I do this anyways. Well, they're aping that\", \"tokens\": [51354, 411, 286, 478, 12466, 293, 286, 360, 341, 13448, 13, 1042, 11, 436, 434, 1882, 278, 300, 51554], \"temperature\": 0.0, \"avg_logprob\": -0.2711166739463806, \"compression_ratio\": 1.7133550643920898, \"no_speech_prob\": 0.017984719946980476}, {\"id\": 24, \"seek\": 8312, \"start\": 106.91999816894531, \"end\": 111.23999786376953, \"text\": \" behavior already way back in 2002 and maybe they were inauthentic when they\", \"tokens\": [51554, 5223, 1217, 636, 646, 294, 17822, 293, 1310, 436, 645, 294, 40198, 317, 299, 562, 436, 51770], \"temperature\": 0.0, \"avg_logprob\": -0.2711166739463806, \"compression_ratio\": 1.7133550643920898, \"no_speech_prob\": 0.017984719946980476}, {\"id\": 25, \"seek\": 11124, \"start\": 111.27999877929688, \"end\": 115.0, \"text\": \" did that, but the behavior is still the behavior. So, so the way I'd like to\", \"tokens\": [50366, 630, 300, 11, 457, 264, 5223, 307, 920, 264, 5223, 13, 407, 11, 370, 264, 636, 286, 1116, 411, 281, 50552], \"temperature\": 0.0, \"avg_logprob\": -0.2738189697265625, \"compression_ratio\": 1.9460431337356567, \"no_speech_prob\": 0.090079665184021}, {\"id\": 26, \"seek\": 11124, \"start\": 115.0, \"end\": 118.4800033569336, \"text\": \" explain it is if, for those of you who watch soccer or, you know, European\", \"tokens\": [50552, 2903, 309, 307, 498, 11, 337, 729, 295, 291, 567, 1159, 15469, 420, 11, 291, 458, 11, 6473, 50726], \"temperature\": 0.0, \"avg_logprob\": -0.2738189697265625, \"compression_ratio\": 1.9460431337356567, \"no_speech_prob\": 0.090079665184021}, {\"id\": 27, \"seek\": 11124, \"start\": 118.4800033569336, \"end\": 121.95999908447266, \"text\": \" football, the inbound, right? The inbound is a skill that you need, but it's not\", \"tokens\": [50726, 7346, 11, 264, 294, 18767, 11, 558, 30, 440, 294, 18767, 307, 257, 5389, 300, 291, 643, 11, 457, 309, 311, 406, 50900], \"temperature\": 0.0, \"avg_logprob\": -0.2738189697265625, \"compression_ratio\": 1.9460431337356567, \"no_speech_prob\": 0.090079665184021}, {\"id\": 28, \"seek\": 11124, \"start\": 121.95999908447266, \"end\": 125.23999786376953, \"text\": \" all of soccer. Cold approach is a skill that you need. Yes. Cold approach is\", \"tokens\": [50900, 439, 295, 15469, 13, 16918, 3109, 307, 257, 5389, 300, 291, 643, 13, 1079, 13, 16918, 3109, 307, 51064], \"temperature\": 0.0, \"avg_logprob\": -0.2738189697265625, \"compression_ratio\": 1.9460431337356567, \"no_speech_prob\": 0.090079665184021}, {\"id\": 29, \"seek\": 11124, \"start\": 125.23999786376953, \"end\": 128.9600067138672, \"text\": \" taught as if it is game. Cold approach is 2% of, let me say it one more time to\", \"tokens\": [51064, 5928, 382, 498, 309, 307, 1216, 13, 16918, 3109, 307, 568, 4, 295, 11, 718, 385, 584, 309, 472, 544, 565, 281, 51250], \"temperature\": 0.0, \"avg_logprob\": -0.2738189697265625, \"compression_ratio\": 1.9460431337356567, \"no_speech_prob\": 0.090079665184021}, {\"id\": 30, \"seek\": 11124, \"start\": 128.9600067138672, \"end\": 132.9199981689453, \"text\": \" go ahead and send the hate my way. Go ahead and send the hate my way. Cold\", \"tokens\": [51250, 352, 2286, 293, 2845, 264, 4700, 452, 636, 13, 1037, 2286, 293, 2845, 264, 4700, 452, 636, 13, 16918, 51448], \"temperature\": 0.0, \"avg_logprob\": -0.2738189697265625, \"compression_ratio\": 1.9460431337356567, \"no_speech_prob\": 0.090079665184021}, {\"id\": 31, \"seek\": 11124, \"start\": 132.9199981689453, \"end\": 137.44000244140625, \"text\": \" approach is 2% of game. It is like, I'm really good at shooting free throws.\", \"tokens\": [51448, 3109, 307, 568, 4, 295, 1216, 13, 467, 307, 411, 11, 286, 478, 534, 665, 412, 5942, 1737, 19251, 13, 51674], \"temperature\": 0.0, \"avg_logprob\": -0.2738189697265625, \"compression_ratio\": 1.9460431337356567, \"no_speech_prob\": 0.090079665184021}, {\"id\": 32, \"seek\": 13744, \"start\": 137.63999938964844, \"end\": 141.55999755859375, \"text\": \" Shooting free throws is not an NBA basketball team. Get cold approaches.\", \"tokens\": [50374, 45739, 1737, 19251, 307, 406, 364, 23890, 11767, 1469, 13, 3240, 3554, 11587, 13, 50570], \"temperature\": 0.0, \"avg_logprob\": -0.24024376273155212, \"compression_ratio\": 1.9518518447875977, \"no_speech_prob\": 0.16022513806819916}, {\"id\": 33, \"seek\": 13744, \"start\": 141.55999755859375, \"end\": 146.55999755859375, \"text\": \" One is 2% of game social, social circle, which includes social media is 98% of\", \"tokens\": [50570, 1485, 307, 568, 4, 295, 1216, 2093, 11, 2093, 6329, 11, 597, 5974, 2093, 3021, 307, 20860, 4, 295, 50820], \"temperature\": 0.0, \"avg_logprob\": -0.24024376273155212, \"compression_ratio\": 1.9518518447875977, \"no_speech_prob\": 0.16022513806819916}, {\"id\": 34, \"seek\": 13744, \"start\": 147.8000030517578, \"end\": 150.9600067138672, \"text\": \" game. If we want to talk about being attractive as a man, the, my ability to\", \"tokens\": [50882, 1216, 13, 759, 321, 528, 281, 751, 466, 885, 12609, 382, 257, 587, 11, 264, 11, 452, 3485, 281, 51040], \"temperature\": 0.0, \"avg_logprob\": -0.24024376273155212, \"compression_ratio\": 1.9518518447875977, \"no_speech_prob\": 0.16022513806819916}, {\"id\": 35, \"seek\": 13744, \"start\": 150.9600067138672, \"end\": 154.1199951171875, \"text\": \" break rapport, my ability to connect with other people, my ability to lead a\", \"tokens\": [51040, 1821, 18018, 11, 452, 3485, 281, 1745, 365, 661, 561, 11, 452, 3485, 281, 1477, 257, 51198], \"temperature\": 0.0, \"avg_logprob\": -0.24024376273155212, \"compression_ratio\": 1.9518518447875977, \"no_speech_prob\": 0.16022513806819916}, {\"id\": 36, \"seek\": 13744, \"start\": 154.1199951171875, \"end\": 157.27999877929688, \"text\": \" room, my ability to be charismatic, my ability to connect other people, my\", \"tokens\": [51198, 1808, 11, 452, 3485, 281, 312, 41109, 11, 452, 3485, 281, 1745, 661, 561, 11, 452, 51356], \"temperature\": 0.0, \"avg_logprob\": -0.24024376273155212, \"compression_ratio\": 1.9518518447875977, \"no_speech_prob\": 0.16022513806819916}, {\"id\": 37, \"seek\": 13744, \"start\": 157.27999877929688, \"end\": 161.67999267578125, \"text\": \" ability to take what I do and, and projected on social media to be\", \"tokens\": [51356, 3485, 281, 747, 437, 286, 360, 293, 11, 293, 26231, 322, 2093, 3021, 281, 312, 51576], \"temperature\": 0.0, \"avg_logprob\": -0.24024376273155212, \"compression_ratio\": 1.9518518447875977, \"no_speech_prob\": 0.16022513806819916}, {\"id\": 38, \"seek\": 13744, \"start\": 161.67999267578125, \"end\": 165.63999938964844, \"text\": \" ostentatious or not ostentatious or to project a certain image on social media.\", \"tokens\": [51576, 32946, 317, 267, 851, 420, 406, 32946, 317, 267, 851, 420, 281, 1716, 257, 1629, 3256, 322, 2093, 3021, 13, 51774], \"temperature\": 0.0, \"avg_logprob\": -0.24024376273155212, \"compression_ratio\": 1.9518518447875977, \"no_speech_prob\": 0.16022513806819916}, {\"id\": 39, \"seek\": 16564, \"start\": 165.75999450683594, \"end\": 169.27999877929688, \"text\": \" These are actually the mat major parts of game. When I talk about the three\", \"tokens\": [50370, 1981, 366, 767, 264, 3803, 2563, 3166, 295, 1216, 13, 1133, 286, 751, 466, 264, 1045, 50546], \"temperature\": 0.0, \"avg_logprob\": -0.25719037652015686, \"compression_ratio\": 1.8409703969955444, \"no_speech_prob\": 0.0061924210749566555}, {\"id\": 40, \"seek\": 16564, \"start\": 169.27999877929688, \"end\": 172.0800018310547, \"text\": \" things that pickup got wrong, number one, the main thing was social media.\", \"tokens\": [50546, 721, 300, 25328, 658, 2085, 11, 1230, 472, 11, 264, 2135, 551, 390, 2093, 3021, 13, 50686], \"temperature\": 0.0, \"avg_logprob\": -0.25719037652015686, \"compression_ratio\": 1.8409703969955444, \"no_speech_prob\": 0.0061924210749566555}, {\"id\": 41, \"seek\": 16564, \"start\": 172.0800018310547, \"end\": 176.0399932861328, \"text\": \" They fucking completely missed the boat. Yes. Because I personally think this, I\", \"tokens\": [50686, 814, 5546, 2584, 6721, 264, 6582, 13, 1079, 13, 1436, 286, 5665, 519, 341, 11, 286, 50884], \"temperature\": 0.0, \"avg_logprob\": -0.25719037652015686, \"compression_ratio\": 1.8409703969955444, \"no_speech_prob\": 0.0061924210749566555}, {\"id\": 42, \"seek\": 16564, \"start\": 176.0399932861328, \"end\": 179.0399932861328, \"text\": \" think a lot of pickup coaches knew their clients were weird and did not want\", \"tokens\": [50884, 519, 257, 688, 295, 25328, 17503, 2586, 641, 6982, 645, 3657, 293, 630, 406, 528, 51034], \"temperature\": 0.0, \"avg_logprob\": -0.25719037652015686, \"compression_ratio\": 1.8409703969955444, \"no_speech_prob\": 0.0061924210749566555}, {\"id\": 43, \"seek\": 16564, \"start\": 179.0399932861328, \"end\": 182.36000061035156, \"text\": \" their clients on social media. Look, exposing their weirdness. It's churn\", \"tokens\": [51034, 641, 6982, 322, 2093, 3021, 13, 2053, 11, 33178, 641, 3657, 1287, 13, 467, 311, 417, 925, 51200], \"temperature\": 0.0, \"avg_logprob\": -0.25719037652015686, \"compression_ratio\": 1.8409703969955444, \"no_speech_prob\": 0.0061924210749566555}, {\"id\": 44, \"seek\": 16564, \"start\": 182.36000061035156, \"end\": 185.39999389648438, \"text\": \" marketing. Exactly. The churn. Oh, the second thing, uh, the second thing I\", \"tokens\": [51200, 6370, 13, 7587, 13, 440, 417, 925, 13, 876, 11, 264, 1150, 551, 11, 2232, 11, 264, 1150, 551, 286, 51352], \"temperature\": 0.0, \"avg_logprob\": -0.25719037652015686, \"compression_ratio\": 1.8409703969955444, \"no_speech_prob\": 0.0061924210749566555}, {\"id\": 45, \"seek\": 16564, \"start\": 185.39999389648438, \"end\": 188.36000061035156, \"text\": \" think they got wrong with logistics. I do not want to teach you how to meet\", \"tokens\": [51352, 519, 436, 658, 2085, 365, 27420, 13, 286, 360, 406, 528, 281, 2924, 291, 577, 281, 1677, 51500], \"temperature\": 0.0, \"avg_logprob\": -0.25719037652015686, \"compression_ratio\": 1.8409703969955444, \"no_speech_prob\": 0.0061924210749566555}, {\"id\": 46, \"seek\": 16564, \"start\": 188.36000061035156, \"end\": 191.27999877929688, \"text\": \" women from your mom's basement. I want to teach you to start a seven figure\", \"tokens\": [51500, 2266, 490, 428, 1225, 311, 16893, 13, 286, 528, 281, 2924, 291, 281, 722, 257, 3407, 2573, 51646], \"temperature\": 0.0, \"avg_logprob\": -0.25719037652015686, \"compression_ratio\": 1.8409703969955444, \"no_speech_prob\": 0.0061924210749566555}, {\"id\": 47, \"seek\": 16564, \"start\": 191.27999877929688, \"end\": 193.8000030517578, \"text\": \" business. So we leave your mom's basement out there. And the third thing\", \"tokens\": [51646, 1606, 13, 407, 321, 1856, 428, 1225, 311, 16893, 484, 456, 13, 400, 264, 2636, 551, 51772], \"temperature\": 0.0, \"avg_logprob\": -0.25719037652015686, \"compression_ratio\": 1.8409703969955444, \"no_speech_prob\": 0.0061924210749566555}, {\"id\": 48, \"seek\": 19380, \"start\": 193.8000030517578, \"end\": 197.32000732421875, \"text\": \" that was the female teammates, the teammates having women introduced me to\", \"tokens\": [50364, 300, 390, 264, 6556, 20461, 11, 264, 20461, 1419, 2266, 7268, 385, 281, 50540], \"temperature\": 0.0, \"avg_logprob\": -0.2333778440952301, \"compression_ratio\": 1.8933333158493042, \"no_speech_prob\": 0.05499967932701111}, {\"id\": 49, \"seek\": 19380, \"start\": 197.32000732421875, \"end\": 200.0, \"text\": \" women preselection. Like it was just, it's just this one of these things where\", \"tokens\": [50540, 2266, 659, 405, 5450, 13, 1743, 309, 390, 445, 11, 309, 311, 445, 341, 472, 295, 613, 721, 689, 50674], \"temperature\": 0.0, \"avg_logprob\": -0.2333778440952301, \"compression_ratio\": 1.8933333158493042, \"no_speech_prob\": 0.05499967932701111}, {\"id\": 50, \"seek\": 19380, \"start\": 200.0, \"end\": 203.0, \"text\": \" it's like, whenever I talk to pickup artists, they're like, let's remove the\", \"tokens\": [50674, 309, 311, 411, 11, 5699, 286, 751, 281, 25328, 6910, 11, 436, 434, 411, 11, 718, 311, 4159, 264, 50824], \"temperature\": 0.0, \"avg_logprob\": -0.2333778440952301, \"compression_ratio\": 1.8933333158493042, \"no_speech_prob\": 0.05499967932701111}, {\"id\": 51, \"seek\": 19380, \"start\": 203.0, \"end\": 206.63999938964844, \"text\": \" obstacle. The obstacle, that obstacle is the reason she's going to go home with\", \"tokens\": [50824, 23112, 13, 440, 23112, 11, 300, 23112, 307, 264, 1778, 750, 311, 516, 281, 352, 1280, 365, 51006], \"temperature\": 0.0, \"avg_logprob\": -0.2333778440952301, \"compression_ratio\": 1.8933333158493042, \"no_speech_prob\": 0.05499967932701111}, {\"id\": 52, \"seek\": 19380, \"start\": 206.63999938964844, \"end\": 210.44000244140625, \"text\": \" you. The obstacle is the one who's got driving the way, right? She's driving the\", \"tokens\": [51006, 291, 13, 440, 23112, 307, 264, 472, 567, 311, 658, 4840, 264, 636, 11, 558, 30, 1240, 311, 4840, 264, 51196], \"temperature\": 0.0, \"avg_logprob\": -0.2333778440952301, \"compression_ratio\": 1.8933333158493042, \"no_speech_prob\": 0.05499967932701111}, {\"id\": 53, \"seek\": 19380, \"start\": 210.44000244140625, \"end\": 215.1199951171875, \"text\": \" fucking car. There's no obstacle with me, bro. I'm they're all going to love me by\", \"tokens\": [51196, 5546, 1032, 13, 821, 311, 572, 23112, 365, 385, 11, 2006, 13, 286, 478, 436, 434, 439, 516, 281, 959, 385, 538, 51430], \"temperature\": 0.0, \"avg_logprob\": -0.2333778440952301, \"compression_ratio\": 1.8933333158493042, \"no_speech_prob\": 0.05499967932701111}, {\"id\": 54, \"seek\": 19380, \"start\": 215.1199951171875, \"end\": 217.72000122070312, \"text\": \" the end of the night. That's the way I want to be. And if we don't, if nothing\", \"tokens\": [51430, 264, 917, 295, 264, 1818, 13, 663, 311, 264, 636, 286, 528, 281, 312, 13, 400, 498, 321, 500, 380, 11, 498, 1825, 51560], \"temperature\": 0.0, \"avg_logprob\": -0.2333778440952301, \"compression_ratio\": 1.8933333158493042, \"no_speech_prob\": 0.05499967932701111}, {\"id\": 55, \"seek\": 19380, \"start\": 217.72000122070312, \"end\": 220.9600067138672, \"text\": \" happens between us, I still want to know you, dude, you know how many beautiful\", \"tokens\": [51560, 2314, 1296, 505, 11, 286, 920, 528, 281, 458, 291, 11, 6449, 11, 291, 458, 577, 867, 2238, 51722], \"temperature\": 0.0, \"avg_logprob\": -0.2333778440952301, \"compression_ratio\": 1.8933333158493042, \"no_speech_prob\": 0.05499967932701111}, {\"id\": 56, \"seek\": 19380, \"start\": 220.9600067138672, \"end\": 223.24000549316406, \"text\": \" women I meet sometimes. And they're like, I can tell they're not interested.\", \"tokens\": [51722, 2266, 286, 1677, 2171, 13, 400, 436, 434, 411, 11, 286, 393, 980, 436, 434, 406, 3102, 13, 51836], \"temperature\": 0.0, \"avg_logprob\": -0.2333778440952301, \"compression_ratio\": 1.8933333158493042, \"no_speech_prob\": 0.05499967932701111}, {\"id\": 57, \"seek\": 22324, \"start\": 223.24000549316406, \"end\": 226.36000061035156, \"text\": \" That's fine. Do you want to come on the podcast? You have 4 million followers.\", \"tokens\": [50364, 663, 311, 2489, 13, 1144, 291, 528, 281, 808, 322, 264, 7367, 30, 509, 362, 1017, 2459, 13071, 13, 50520], \"temperature\": 0.0, \"avg_logprob\": -0.25313228368759155, \"compression_ratio\": 1.7885714769363403, \"no_speech_prob\": 0.005641306284815073}, {\"id\": 58, \"seek\": 22324, \"start\": 226.39999389648438, \"end\": 228.9600067138672, \"text\": \" Fuck. Yes. I'm going to have you on the podcast. Crystal. This is one of my\", \"tokens\": [50522, 10965, 13, 1079, 13, 286, 478, 516, 281, 362, 291, 322, 264, 7367, 13, 23489, 13, 639, 307, 472, 295, 452, 50650], \"temperature\": 0.0, \"avg_logprob\": -0.25313228368759155, \"compression_ratio\": 1.7885714769363403, \"no_speech_prob\": 0.005641306284815073}, {\"id\": 59, \"seek\": 22324, \"start\": 228.9600067138672, \"end\": 232.36000061035156, \"text\": \" favorite ones. Crystal Hefner is Hugh Hefner's wife. Her and I hosted a bikini\", \"tokens\": [50650, 2954, 2306, 13, 23489, 634, 69, 1193, 307, 25893, 634, 69, 1193, 311, 3836, 13, 3204, 293, 286, 19204, 257, 26730, 3812, 50820], \"temperature\": 0.0, \"avg_logprob\": -0.25313228368759155, \"compression_ratio\": 1.7885714769363403, \"no_speech_prob\": 0.005641306284815073}, {\"id\": 60, \"seek\": 22324, \"start\": 232.36000061035156, \"end\": 236.60000610351562, \"text\": \" competition back in the like 2014, 15, 16. When we hosted the bikini competition,\", \"tokens\": [50820, 6211, 646, 294, 264, 411, 8227, 11, 2119, 11, 3165, 13, 1133, 321, 19204, 264, 26730, 3812, 6211, 11, 51032], \"temperature\": 0.0, \"avg_logprob\": -0.25313228368759155, \"compression_ratio\": 1.7885714769363403, \"no_speech_prob\": 0.005641306284815073}, {\"id\": 61, \"seek\": 22324, \"start\": 236.60000610351562, \"end\": 239.52000427246094, \"text\": \" she would be like, we would text each other means funny means. And she'd be\", \"tokens\": [51032, 750, 576, 312, 411, 11, 321, 576, 2487, 1184, 661, 1355, 4074, 1355, 13, 400, 750, 1116, 312, 51178], \"temperature\": 0.0, \"avg_logprob\": -0.25313228368759155, \"compression_ratio\": 1.7885714769363403, \"no_speech_prob\": 0.005641306284815073}, {\"id\": 62, \"seek\": 22324, \"start\": 239.52000427246094, \"end\": 242.39999389648438, \"text\": \" like, Hey Michael, do you want to come to the playboy mansion for midsummer\", \"tokens\": [51178, 411, 11, 1911, 5116, 11, 360, 291, 528, 281, 808, 281, 264, 862, 12795, 25599, 337, 2062, 82, 30906, 51322], \"temperature\": 0.0, \"avg_logprob\": -0.25313228368759155, \"compression_ratio\": 1.7885714769363403, \"no_speech_prob\": 0.005641306284815073}, {\"id\": 63, \"seek\": 22324, \"start\": 242.39999389648438, \"end\": 246.1999969482422, \"text\": \" night's dream? Fuck. Yes I do. But pick up artists would be like, why didn't you\", \"tokens\": [51322, 1818, 311, 3055, 30, 10965, 13, 1079, 286, 360, 13, 583, 1888, 493, 6910, 576, 312, 411, 11, 983, 994, 380, 291, 51512], \"temperature\": 0.0, \"avg_logprob\": -0.25313228368759155, \"compression_ratio\": 1.7885714769363403, \"no_speech_prob\": 0.005641306284815073}, {\"id\": 64, \"seek\": 22324, \"start\": 246.1999969482422, \"end\": 251.55999755859375, \"text\": \" game her? Hugh Hefner's wife, motherfucker. Hugh Hefner's wife, bro, whatever\", \"tokens\": [51512, 1216, 720, 30, 25893, 634, 69, 1193, 311, 3836, 11, 47069, 13, 25893, 634, 69, 1193, 311, 3836, 11, 2006, 11, 2035, 51780], \"temperature\": 0.0, \"avg_logprob\": -0.25313228368759155, \"compression_ratio\": 1.7885714769363403, \"no_speech_prob\": 0.005641306284815073}, {\"id\": 65, \"seek\": 25156, \"start\": 251.75999450683594, \"end\": 255.0800018310547, \"text\": \" crystal, whatever you, I love crystal. Shout out to crystal after. And she said,\", \"tokens\": [50374, 13662, 11, 2035, 291, 11, 286, 959, 13662, 13, 32749, 484, 281, 13662, 934, 13, 400, 750, 848, 11, 50540], \"temperature\": 0.0, \"avg_logprob\": -0.30504125356674194, \"compression_ratio\": 1.8115942478179932, \"no_speech_prob\": 0.027579564601182938}, {\"id\": 66, \"seek\": 25156, \"start\": 255.0800018310547, \"end\": 258.55999755859375, \"text\": \" there's a beautiful, wonderful, charitable woman, a fucking incredible\", \"tokens\": [50540, 456, 311, 257, 2238, 11, 3715, 11, 44609, 3059, 11, 257, 5546, 4651, 50714], \"temperature\": 0.0, \"avg_logprob\": -0.30504125356674194, \"compression_ratio\": 1.8115942478179932, \"no_speech_prob\": 0.027579564601182938}, {\"id\": 67, \"seek\": 25156, \"start\": 258.55999755859375, \"end\": 261.67999267578125, \"text\": \" woman. And she would invite me to the playboy mansion. Of course, I'm going to\", \"tokens\": [50714, 3059, 13, 400, 750, 576, 7980, 385, 281, 264, 862, 12795, 25599, 13, 2720, 1164, 11, 286, 478, 516, 281, 50870], \"temperature\": 0.0, \"avg_logprob\": -0.30504125356674194, \"compression_ratio\": 1.8115942478179932, \"no_speech_prob\": 0.027579564601182938}, {\"id\": 68, \"seek\": 25156, \"start\": 261.67999267578125, \"end\": 265.0, \"text\": \" be fucking friends with her, bro. Of course, this woman is high status. You\", \"tokens\": [50870, 312, 5546, 1855, 365, 720, 11, 2006, 13, 2720, 1164, 11, 341, 3059, 307, 1090, 6558, 13, 509, 51036], \"temperature\": 0.0, \"avg_logprob\": -0.30504125356674194, \"compression_ratio\": 1.8115942478179932, \"no_speech_prob\": 0.027579564601182938}, {\"id\": 69, \"seek\": 25156, \"start\": 265.0, \"end\": 267.3599853515625, \"text\": \" don't have a friend of mine, toy Hardy, shout out to toy. Her birthday's on\", \"tokens\": [51036, 500, 380, 362, 257, 1277, 295, 3892, 11, 12058, 43930, 11, 8043, 484, 281, 12058, 13, 3204, 6154, 311, 322, 51154], \"temperature\": 0.0, \"avg_logprob\": -0.30504125356674194, \"compression_ratio\": 1.8115942478179932, \"no_speech_prob\": 0.027579564601182938}, {\"id\": 70, \"seek\": 25156, \"start\": 267.3599853515625, \"end\": 271.1600036621094, \"text\": \" Sunday. This woman has introduced me to so many billionaire billionaires, bro. Of\", \"tokens\": [51154, 7776, 13, 639, 3059, 575, 7268, 385, 281, 370, 867, 42358, 5218, 10840, 11, 2006, 13, 2720, 51344], \"temperature\": 0.0, \"avg_logprob\": -0.30504125356674194, \"compression_ratio\": 1.8115942478179932, \"no_speech_prob\": 0.027579564601182938}, {\"id\": 71, \"seek\": 25156, \"start\": 271.1600036621094, \"end\": 275.8399963378906, \"text\": \" course, this ability to connect, but we treat women like they're the enemy. And I\", \"tokens\": [51344, 1164, 11, 341, 3485, 281, 1745, 11, 457, 321, 2387, 2266, 411, 436, 434, 264, 5945, 13, 400, 286, 51578], \"temperature\": 0.0, \"avg_logprob\": -0.30504125356674194, \"compression_ratio\": 1.8115942478179932, \"no_speech_prob\": 0.027579564601182938}, {\"id\": 72, \"seek\": 25156, \"start\": 275.8399963378906, \"end\": 279.0400085449219, \"text\": \" don't, I love a man. I love being on a hot tub with 12 women at the same time.\", \"tokens\": [51578, 500, 380, 11, 286, 959, 257, 587, 13, 286, 959, 885, 322, 257, 2368, 10809, 365, 2272, 2266, 412, 264, 912, 565, 13, 51738], \"temperature\": 0.0, \"avg_logprob\": -0.30504125356674194, \"compression_ratio\": 1.8115942478179932, \"no_speech_prob\": 0.027579564601182938}, {\"id\": 73, \"seek\": 27904, \"start\": 279.0400085449219, \"end\": 283.20001220703125, \"text\": \" Women make life beautiful when I get that constantly. And, and of course,\", \"tokens\": [50364, 11065, 652, 993, 2238, 562, 286, 483, 300, 6460, 13, 400, 11, 293, 295, 1164, 11, 50572], \"temperature\": 0.0, \"avg_logprob\": -0.2923268973827362, \"compression_ratio\": 1.7326006889343262, \"no_speech_prob\": 0.03619230166077614}, {\"id\": 74, \"seek\": 27904, \"start\": 283.20001220703125, \"end\": 287.0, \"text\": \" Andrew does too. He made a big deal out of this. Everybody thinks Andrew is like\", \"tokens\": [50572, 10110, 775, 886, 13, 634, 1027, 257, 955, 2028, 484, 295, 341, 13, 7646, 7309, 10110, 307, 411, 50762], \"temperature\": 0.0, \"avg_logprob\": -0.2923268973827362, \"compression_ratio\": 1.7326006889343262, \"no_speech_prob\": 0.03619230166077614}, {\"id\": 75, \"seek\": 27904, \"start\": 287.0, \"end\": 291.5199890136719, \"text\": \" this misogynistic, you know, fuck wit. Right. And I'm like, no, you, he would not\", \"tokens\": [50762, 341, 3346, 664, 2534, 3142, 11, 291, 458, 11, 3275, 32161, 13, 1779, 13, 400, 286, 478, 411, 11, 572, 11, 291, 11, 415, 576, 406, 50988], \"temperature\": 0.0, \"avg_logprob\": -0.2923268973827362, \"compression_ratio\": 1.7326006889343262, \"no_speech_prob\": 0.03619230166077614}, {\"id\": 76, \"seek\": 27904, \"start\": 291.5199890136719, \"end\": 295.3999938964844, \"text\": \" be doing what he was doing. If he was truly a massage, if he was truly hate\", \"tokens\": [50988, 312, 884, 437, 415, 390, 884, 13, 759, 415, 390, 4908, 257, 16145, 11, 498, 415, 390, 4908, 4700, 51182], \"temperature\": 0.0, \"avg_logprob\": -0.2923268973827362, \"compression_ratio\": 1.7326006889343262, \"no_speech_prob\": 0.03619230166077614}, {\"id\": 77, \"seek\": 27904, \"start\": 295.3999938964844, \"end\": 299.32000732421875, \"text\": \" women, men who truly hate women aren't online. Men who truly hate women aren't\", \"tokens\": [51182, 2266, 11, 1706, 567, 4908, 4700, 2266, 3212, 380, 2950, 13, 6685, 567, 4908, 4700, 2266, 3212, 380, 51378], \"temperature\": 0.0, \"avg_logprob\": -0.2923268973827362, \"compression_ratio\": 1.7326006889343262, \"no_speech_prob\": 0.03619230166077614}, {\"id\": 78, \"seek\": 27904, \"start\": 299.32000732421875, \"end\": 304.2799987792969, \"text\": \" going, Oh man, she fucked me over because they care of their outcome dependent on\", \"tokens\": [51378, 516, 11, 876, 587, 11, 750, 22518, 385, 670, 570, 436, 1127, 295, 641, 9700, 12334, 322, 51626], \"temperature\": 0.0, \"avg_logprob\": -0.2923268973827362, \"compression_ratio\": 1.7326006889343262, \"no_speech_prob\": 0.03619230166077614}, {\"id\": 79, \"seek\": 30428, \"start\": 305.2799987792969, \"end\": 310.1199951171875, \"text\": \" that rejection. Right. And so I, I, I've been doing this for about 20 years. I\", \"tokens\": [50414, 300, 26044, 13, 1779, 13, 400, 370, 286, 11, 286, 11, 286, 600, 668, 884, 341, 337, 466, 945, 924, 13, 286, 50656], \"temperature\": 0.0, \"avg_logprob\": -0.22476103901863098, \"compression_ratio\": 1.664206624031067, \"no_speech_prob\": 0.3138497769832611}, {\"id\": 80, \"seek\": 30428, \"start\": 310.1199951171875, \"end\": 314.7200012207031, \"text\": \" have met a handful of guys who I would say are genuine misogynist, but the\", \"tokens\": [50656, 362, 1131, 257, 16458, 295, 1074, 567, 286, 576, 584, 366, 16699, 3346, 664, 2534, 468, 11, 457, 264, 50886], \"temperature\": 0.0, \"avg_logprob\": -0.22476103901863098, \"compression_ratio\": 1.664206624031067, \"no_speech_prob\": 0.3138497769832611}, {\"id\": 81, \"seek\": 30428, \"start\": 314.7200012207031, \"end\": 318.7200012207031, \"text\": \" reason why we keep saying like, Oh, those guys are in cells. Those guys are a\", \"tokens\": [50886, 1778, 983, 321, 1066, 1566, 411, 11, 876, 11, 729, 1074, 366, 294, 5438, 13, 3950, 1074, 366, 257, 51086], \"temperature\": 0.0, \"avg_logprob\": -0.22476103901863098, \"compression_ratio\": 1.664206624031067, \"no_speech_prob\": 0.3138497769832611}, {\"id\": 82, \"seek\": 30428, \"start\": 318.7200012207031, \"end\": 323.6400146484375, \"text\": \" misogynist because it's the easiest 20th century definition that we can give to a\", \"tokens\": [51086, 3346, 664, 2534, 468, 570, 309, 311, 264, 12889, 945, 392, 4901, 7123, 300, 321, 393, 976, 281, 257, 51332], \"temperature\": 0.0, \"avg_logprob\": -0.22476103901863098, \"compression_ratio\": 1.664206624031067, \"no_speech_prob\": 0.3138497769832611}, {\"id\": 83, \"seek\": 30428, \"start\": 323.6400146484375, \"end\": 327.6400146484375, \"text\": \" guy who women wouldn't want to fuck. Right. And so when I get called a\", \"tokens\": [51332, 2146, 567, 2266, 2759, 380, 528, 281, 3275, 13, 1779, 13, 400, 370, 562, 286, 483, 1219, 257, 51532], \"temperature\": 0.0, \"avg_logprob\": -0.22476103901863098, \"compression_ratio\": 1.664206624031067, \"no_speech_prob\": 0.3138497769832611}, {\"id\": 84, \"seek\": 30428, \"start\": 327.6400146484375, \"end\": 330.760009765625, \"text\": \" misogynist, it's usually because I'm connecting dogs or I'm asking\", \"tokens\": [51532, 3346, 664, 2534, 468, 11, 309, 311, 2673, 570, 286, 478, 11015, 7197, 420, 286, 478, 3365, 51688], \"temperature\": 0.0, \"avg_logprob\": -0.22476103901863098, \"compression_ratio\": 1.664206624031067, \"no_speech_prob\": 0.3138497769832611}, {\"id\": 85, \"seek\": 33076, \"start\": 330.760009765625, \"end\": 334.1600036621094, \"text\": \" uncomfortable questions and that they think they don't have any counter\", \"tokens\": [50364, 10532, 1651, 293, 300, 436, 519, 436, 500, 380, 362, 604, 5682, 50534], \"temperature\": 0.0, \"avg_logprob\": -0.24190814793109894, \"compression_ratio\": 1.8191126585006714, \"no_speech_prob\": 0.06655682623386383}, {\"id\": 86, \"seek\": 33076, \"start\": 334.1600036621094, \"end\": 338.32000732421875, \"text\": \" argument to those things. So the next thing out of their mouths is who hurt\", \"tokens\": [50534, 6770, 281, 729, 721, 13, 407, 264, 958, 551, 484, 295, 641, 33171, 307, 567, 4607, 50742], \"temperature\": 0.0, \"avg_logprob\": -0.24190814793109894, \"compression_ratio\": 1.8191126585006714, \"no_speech_prob\": 0.06655682623386383}, {\"id\": 87, \"seek\": 33076, \"start\": 338.32000732421875, \"end\": 342.1600036621094, \"text\": \" you. Right. Right. Or what was your growing up like, or you, then you want to\", \"tokens\": [50742, 291, 13, 1779, 13, 1779, 13, 1610, 437, 390, 428, 4194, 493, 411, 11, 420, 291, 11, 550, 291, 528, 281, 50934], \"temperature\": 0.0, \"avg_logprob\": -0.24190814793109894, \"compression_ratio\": 1.8191126585006714, \"no_speech_prob\": 0.06655682623386383}, {\"id\": 88, \"seek\": 33076, \"start\": 342.1600036621094, \"end\": 344.8399963378906, \"text\": \" turn it to, you know, armchair psychologists at that point and to\", \"tokens\": [50934, 1261, 309, 281, 11, 291, 458, 11, 3726, 17892, 41562, 412, 300, 935, 293, 281, 51068], \"temperature\": 0.0, \"avg_logprob\": -0.24190814793109894, \"compression_ratio\": 1.8191126585006714, \"no_speech_prob\": 0.06655682623386383}, {\"id\": 89, \"seek\": 33076, \"start\": 344.8399963378906, \"end\": 347.8800048828125, \"text\": \" reframe the, the, you know, the debate at that point, because they don't have a\", \"tokens\": [51068, 13334, 529, 264, 11, 264, 11, 291, 458, 11, 264, 7958, 412, 300, 935, 11, 570, 436, 500, 380, 362, 257, 51220], \"temperature\": 0.0, \"avg_logprob\": -0.24190814793109894, \"compression_ratio\": 1.8191126585006714, \"no_speech_prob\": 0.06655682623386383}, {\"id\": 90, \"seek\": 33076, \"start\": 347.8800048828125, \"end\": 351.0799865722656, \"text\": \" comeback to the data or the connections or the correlations that I'm making from\", \"tokens\": [51220, 23464, 281, 264, 1412, 420, 264, 9271, 420, 264, 13983, 763, 300, 286, 478, 1455, 490, 51380], \"temperature\": 0.0, \"avg_logprob\": -0.24190814793109894, \"compression_ratio\": 1.8191126585006714, \"no_speech_prob\": 0.06655682623386383}, {\"id\": 91, \"seek\": 33076, \"start\": 351.0799865722656, \"end\": 357.7200012207031, \"text\": \" the data. And then it's like, well, only an incel would have that question. Only\", \"tokens\": [51380, 264, 1412, 13, 400, 550, 309, 311, 411, 11, 731, 11, 787, 364, 834, 338, 576, 362, 300, 1168, 13, 5686, 51712], \"temperature\": 0.0, \"avg_logprob\": -0.24190814793109894, \"compression_ratio\": 1.8191126585006714, \"no_speech_prob\": 0.06655682623386383}, {\"id\": 92, \"seek\": 35772, \"start\": 357.760009765625, \"end\": 362.55999755859375, \"text\": \" a, um, uh, a misogynist would try to connect the dots that you're connecting\", \"tokens\": [50366, 257, 11, 1105, 11, 2232, 11, 257, 3346, 664, 2534, 468, 576, 853, 281, 1745, 264, 15026, 300, 291, 434, 11015, 50606], \"temperature\": 0.0, \"avg_logprob\": -0.20699992775917053, \"compression_ratio\": 1.7692307233810425, \"no_speech_prob\": 0.04022996872663498}, {\"id\": 93, \"seek\": 35772, \"start\": 362.55999755859375, \"end\": 367.1600036621094, \"text\": \" right now. And it's like, no, the data is what the data is. What do you think\", \"tokens\": [50606, 558, 586, 13, 400, 309, 311, 411, 11, 572, 11, 264, 1412, 307, 437, 264, 1412, 307, 13, 708, 360, 291, 519, 50836], \"temperature\": 0.0, \"avg_logprob\": -0.20699992775917053, \"compression_ratio\": 1.7692307233810425, \"no_speech_prob\": 0.04022996872663498}, {\"id\": 94, \"seek\": 35772, \"start\": 367.20001220703125, \"end\": 371.0, \"text\": \" about that? And when it conflicts with their belief sets and it conflicts with\", \"tokens\": [50838, 466, 300, 30, 400, 562, 309, 19807, 365, 641, 7107, 6352, 293, 309, 19807, 365, 51028], \"temperature\": 0.0, \"avg_logprob\": -0.20699992775917053, \"compression_ratio\": 1.7692307233810425, \"no_speech_prob\": 0.04022996872663498}, {\"id\": 95, \"seek\": 35772, \"start\": 371.0, \"end\": 375.32000732421875, \"text\": \" their convictions, that's when you get, there's no other recourse, but to turn\", \"tokens\": [51028, 641, 44757, 11, 300, 311, 562, 291, 483, 11, 456, 311, 572, 661, 850, 13656, 11, 457, 281, 1261, 51244], \"temperature\": 0.0, \"avg_logprob\": -0.20699992775917053, \"compression_ratio\": 1.7692307233810425, \"no_speech_prob\": 0.04022996872663498}, {\"id\": 96, \"seek\": 35772, \"start\": 375.32000732421875, \"end\": 378.0, \"text\": \" you into an incident, by the way, there's no such thing as an incel and\", \"tokens\": [51244, 291, 666, 364, 9348, 11, 538, 264, 636, 11, 456, 311, 572, 1270, 551, 382, 364, 834, 338, 293, 51378], \"temperature\": 0.0, \"avg_logprob\": -0.20699992775917053, \"compression_ratio\": 1.7692307233810425, \"no_speech_prob\": 0.04022996872663498}, {\"id\": 97, \"seek\": 35772, \"start\": 378.0, \"end\": 383.1199951171875, \"text\": \" involuntary celibate in 2022. If you want to get laid, you can get laid for\", \"tokens\": [51378, 2499, 2760, 822, 9277, 897, 473, 294, 20229, 13, 759, 291, 528, 281, 483, 9897, 11, 291, 393, 483, 9897, 337, 51634], \"temperature\": 0.0, \"avg_logprob\": -0.20699992775917053, \"compression_ratio\": 1.7692307233810425, \"no_speech_prob\": 0.04022996872663498}, {\"id\": 98, \"seek\": 38312, \"start\": 383.1199951171875, \"end\": 389.1199951171875, \"text\": \" sure. Come to this state, come to, come to fly into Reno, fly into Reno. I'll\", \"tokens\": [50364, 988, 13, 2492, 281, 341, 1785, 11, 808, 281, 11, 808, 281, 3603, 666, 44404, 11, 3603, 666, 44404, 13, 286, 603, 50664], \"temperature\": 0.0, \"avg_logprob\": -0.31660425662994385, \"compression_ratio\": 1.625, \"no_speech_prob\": 0.5773413181304932}, {\"id\": 99, \"seek\": 38312, \"start\": 389.1199951171875, \"end\": 394.32000732421875, \"text\": \" take you to Moundhouse, Nevada. I, you, you give me a, let's see a finder's fee.\", \"tokens\": [50664, 747, 291, 281, 376, 554, 6410, 11, 25764, 13, 286, 11, 291, 11, 291, 976, 385, 257, 11, 718, 311, 536, 257, 915, 260, 311, 12054, 13, 50924], \"temperature\": 0.0, \"avg_logprob\": -0.31660425662994385, \"compression_ratio\": 1.625, \"no_speech_prob\": 0.5773413181304932}, {\"id\": 100, \"seek\": 38312, \"start\": 394.32000732421875, \"end\": 398.3599853515625, \"text\": \" So I'll get a 700 bucks. I'll take 200 and I will get you laid. You want to\", \"tokens\": [50924, 407, 286, 603, 483, 257, 15204, 11829, 13, 286, 603, 747, 2331, 293, 286, 486, 483, 291, 9897, 13, 509, 528, 281, 51126], \"temperature\": 0.0, \"avg_logprob\": -0.31660425662994385, \"compression_ratio\": 1.625, \"no_speech_prob\": 0.5773413181304932}, {\"id\": 101, \"seek\": 38312, \"start\": 398.3599853515625, \"end\": 403.32000732421875, \"text\": \" have a threesome? No problem. I will teach you brothel game in Reno, Nevada.\", \"tokens\": [51126, 362, 257, 258, 265, 2988, 30, 883, 1154, 13, 286, 486, 2924, 291, 18872, 338, 1216, 294, 44404, 11, 25764, 13, 51374], \"temperature\": 0.0, \"avg_logprob\": -0.31660425662994385, \"compression_ratio\": 1.625, \"no_speech_prob\": 0.5773413181304932}, {\"id\": 102, \"seek\": 38312, \"start\": 403.3599853515625, \"end\": 406.4800109863281, \"text\": \" You have 100% user satisfaction guarantee.\", \"tokens\": [51376, 509, 362, 2319, 4, 4195, 18715, 10815, 13, 51532], \"temperature\": 0.0, \"avg_logprob\": -0.31660425662994385, \"compression_ratio\": 1.625, \"no_speech_prob\": 0.5773413181304932}, {\"id\": 103, \"seek\": 38312, \"start\": 407.6000061035156, \"end\": 410.67999267578125, \"text\": \" Have you seen these dudes who go to South America? You can get laid in the\", \"tokens\": [51588, 3560, 291, 1612, 613, 27717, 567, 352, 281, 4242, 3374, 30, 509, 393, 483, 9897, 294, 264, 51742], \"temperature\": 0.0, \"avg_logprob\": -0.31660425662994385, \"compression_ratio\": 1.625, \"no_speech_prob\": 0.5773413181304932}, {\"id\": 104, \"seek\": 41068, \"start\": 410.7200012207031, \"end\": 413.3599853515625, \"text\": \" 21st century. Have you seen these guys who go to South America or Central\", \"tokens\": [50366, 5080, 372, 4901, 13, 3560, 291, 1612, 613, 1074, 567, 352, 281, 4242, 3374, 420, 9701, 50498], \"temperature\": 0.0, \"avg_logprob\": -0.234285369515419, \"compression_ratio\": 1.670454502105713, \"no_speech_prob\": 0.06752339750528336}, {\"id\": 105, \"seek\": 41068, \"start\": 413.3599853515625, \"end\": 415.7200012207031, \"text\": \" America or someplace in like Eastern Europe and they start talking about\", \"tokens\": [50498, 3374, 420, 37126, 294, 411, 12901, 3315, 293, 436, 722, 1417, 466, 50616], \"temperature\": 0.0, \"avg_logprob\": -0.234285369515419, \"compression_ratio\": 1.670454502105713, \"no_speech_prob\": 0.06752339750528336}, {\"id\": 106, \"seek\": 41068, \"start\": 415.7200012207031, \"end\": 420.0400085449219, \"text\": \" their harem of girls that they got? And I'm like, bro, like they just, it's a,\", \"tokens\": [50616, 641, 324, 2579, 295, 4519, 300, 436, 658, 30, 400, 286, 478, 411, 11, 2006, 11, 411, 436, 445, 11, 309, 311, 257, 11, 50832], \"temperature\": 0.0, \"avg_logprob\": -0.234285369515419, \"compression_ratio\": 1.670454502105713, \"no_speech_prob\": 0.06752339750528336}, {\"id\": 107, \"seek\": 41068, \"start\": 420.0400085449219, \"end\": 423.9200134277344, \"text\": \" what is it? Sexual arbitrage or whatever. I don't, I don't really, I don't, I'm\", \"tokens\": [50832, 437, 307, 309, 30, 45449, 14931, 16223, 420, 2035, 13, 286, 500, 380, 11, 286, 500, 380, 534, 11, 286, 500, 380, 11, 286, 478, 51026], \"temperature\": 0.0, \"avg_logprob\": -0.234285369515419, \"compression_ratio\": 1.670454502105713, \"no_speech_prob\": 0.06752339750528336}, {\"id\": 108, \"seek\": 41068, \"start\": 423.9200134277344, \"end\": 427.0799865722656, \"text\": \" sorry, man. I don't, I don't blame you. I don't want to go too far in that, but\", \"tokens\": [51026, 2597, 11, 587, 13, 286, 500, 380, 11, 286, 500, 380, 10127, 291, 13, 286, 500, 380, 528, 281, 352, 886, 1400, 294, 300, 11, 457, 51184], \"temperature\": 0.0, \"avg_logprob\": -0.234285369515419, \"compression_ratio\": 1.670454502105713, \"no_speech_prob\": 0.06752339750528336}, {\"id\": 109, \"seek\": 41068, \"start\": 427.0799865722656, \"end\": 429.0, \"text\": \" like that whole thing is just kind of, kind of strange.\", \"tokens\": [51184, 411, 300, 1379, 551, 307, 445, 733, 295, 11, 733, 295, 5861, 13, 51280], \"temperature\": 0.0, \"avg_logprob\": -0.234285369515419, \"compression_ratio\": 1.670454502105713, \"no_speech_prob\": 0.06752339750528336}]}"}