{"title": "Why High Status Men Don't Want Girls Who Make Them Look Bad", "video_id": "FXvoIy2U8KM", "video_url": "https://www.youtube.com/watch?v=FXvoIy2U8KM", "description": "\u2014\u2014\u2014\u2014\u2014\u2014\u2014\u2014\u2014\u2014\u2014\u2014\u2014\u2014\u2014\u2014\u2014\u2014\u2014\u2014\nReady to build a network of amazing women and high-status men?\n\nMichael\u2019s Men of Action is a one-on-one Master\u2019s program that teaches men how to create elite \nsocial lives by becoming higher status.\n\nClick this link to learn how you can have a High-Status lifestyle now:\nhttps://m.moamentoring.com/podcast\n\nClick here to join the Men of Action community and watch the High-Status Networking 101 course:\nhttps://m.moamentoring.com/moa-community\n\nInterested in joining the Men of Action sales team? Apply here:\nhttps://www.moamentoring.com/jobs/sales\n\nMen of Action has an affiliate program! Post pre-made content and get paid passively:\nhttps://www.moamentoring.com/affiliate\n\u2014\u2014\u2014\u2014\u2014\u2014\u2014\u2014\u2014\u2014\u2014\u2014\u2014\u2014\u2014\u2014\u2014\u2014\u2014\u2014\n\nSubscribe on Youtube: \nhttps://www.youtube.com/user/MichaelSartain\n\nListen on Apple Podcast: \nhttps://podcasts.apple.com/us/podcast/the-michael-sartain-podcast/id1579791157\n\nListen on Spotify: \nhttps://open.spotify.com/show/2faAYwvDD9Bvkpwv6umlPO?si=8Q3ak9HnSlKjuChsTXr6YQ&dl_branch=1\n\n#michael #michaelsartain #michael_sartain #michael_sartain_podcast", "published_at": "2023-10-14T13:45:00Z", "channel_id": "UC0T1bDzajVefRWx4uKdGyuw", "channel_title": "Michael Sartain", "tags": ["Michael", "Michael Sartain", "Michael Sartain Podcast", "Michael Podcast", "MOA", "Men Of Action", "Michael Sartain Course", "Michael Sartain With Hot Women", "Playboy", "Swimsuit", "Swimsuit Competition", "ichael sartain social circle", "social circle", "how to netowrk", "moa", "moa podcast", "gender wage gap", "gender wage gap myth", "wage gap", "social value", "michael sartain course", "looks money status", "social circle mentorship", "michael sartain social circle game", "men of action podcast", "men of action course"], "category_id": "24", "live_broadcast_content": "none", "duration": 389.0, "dimension": "2d", "definition": "hd", "caption": "false", "view_count": 5404, "like_count": 150, "comment_count": 22, "channel_info": {"title": "Michael Sartain", "description": "\ud83c\udf99Host of The\u00a0Michael Sartain Podcast \n\n\ud83d\udd25Teaching you how to build a network of desirable women and high-status men\n\n\ud83d\udc47 Click the \"Men of Action\" link below now to forge a high-status lifestyle and join the elites \n", "subscriber_count": "80500", "total_views": "29545897", "total_videos": "1481"}, "comments": [], "file_path": "/Users/aelaguiz/workspace/fc_book/audio/raws/FXvoIy2U8KM.mp3", "transcription": "{\"text\": \"No high-value guy who's in the very top wants a woman with stuff that's going to make him bad, whether it happened before she knew him or not. So here's the thing. Actually, a lot of people, I don't announce my relationship on YouTube because in my analytics, 85% of my followers are men. Okay. So. By the way, she doesn't have a relationship. I made that up. And it's all made up. I didn't realize that. No, well, here's the thing. I am actually trying to get him out into the light. So, and I'm trying to get him on there like little by little. Are you doing a soft launch? Yeah. Ladies, if you don't know what a soft launch is, raise your hand if you don't know what a soft launch is. You guys all know? Wow, that's incredible. Let's do a soft launch. Let's hold hands. Just hold hands and don't push your face. Let's do a soft launch. I did a soft launch with the boy that I'm dating now. I did a soft launch with my current boyfriend. Yeah, did your previous boyfriend get angry? No, because I wasn't doing any of my YouTube stuff beforehand. That's the point of the soft launch, right? It's to piss off somebody else, right? I'm Petty White. They call me Tom Petty, right? That's why you're doing that. The reason I do that is because when I'm talking about the soft launch on my program, I will get out of the camera shot and I'll do one of these things. Okay, maybe I don't know what a soft launch is. Okay, you know what I mean? I thought you were talking like literally. A soft launch is when, well, I would say almost exclusively a woman has a boyfriend or has somebody that she's exclusive with, but she doesn't want to broadcast it on her social media because she will, as you said, will lose market share. So when your attention is measured in likes and subs and followers and everything else, the minute that they see a ring, the minute that they see hands, the minute that they see a guy in the picture, boom, drop, everybody unsubs from you. Sam, have you ever posted your dude online? So I recently was dating somebody and he was telling me that he understood that my Instagram was a persona. Yeah, so you didn't post it. Have you ever previously posted that you were dating someone? I actually gave up one of my Instagrams in the past. Because a guy wanted you to give it up? Just because he was uncomfortable with the attention. Okay, got it. Whoa. Damn. What? No guy could ever. Okay, hold on. So that's a great, that's a great, hold on, let me ask this Casey. Can you get closer to the microphone? Would you, if a guy wanted to marry you, would you give up your Instagram for that? No. You wouldn't, you would keep your Instagram? No, this is my livelihood and that's how I make money. It depends on the guy. That's my identity and my confidence. Can you describe? So you're doing Twitch now? I did, I just, I'm taking a hiatus, but yes I did. You were doing Fortnite? Yeah, mostly Fortnite and I started with Animal Crossing. Animal Crossing? Yeah, yeah, yeah. And then you were also. Yeah, it's kind of funny. I gotcha. It was really friendly and then I occasionally post lingerie photos and everyone's like, what the fuck is she doing? And I'm like, me. And so do you think that you being out there like that would have an effect on your ability to find someone to date? Yes, it's actually had. I've been single for like two years now and I just moved to LA and a lot of people get like jealous because of the industry events that I go to. There's a lot of good looking men who are like actors and influencers and all that stuff and they know that I go to these events to network, but they don't understand that I know how to separate the two, right? It's like male friends, male colleagues and actually ones that I could sleep with or be a boyfriend, you know what I mean? And generally when I go to these events, I'm not looking for love, I'm not looking for someone to sleep with. I mean, most of us fall in love when we're not looking for love, right? Most of us, like I certainly was not looking for a girlfriend and I have one now. She's outside. Right. So I definitely wasn't, but now I have one. So that's just kind of how it works. I need to know what Trey thinks about all of this. Trey, you have several thoughts. I mean, I'm just saying like, so for me personally, like if I'm with a girl and I'm in the entertainment industry myself, like if I bring a girl around and everybody looking at me like, dang man, you were her, you brought her to the VIP booth. You know, that happened to me before. So I'm like, I ain't trying to deal with that. Dang good or dang bad? No, dang bad. Why is it bad if you bring the VIP booth? Because it's like, dang, you bring this girl around and she done been with all these different guys. Oh, got it, got it. And it's like, whoa, that make me look bad. You don't think that's like, okay, I feel like when men, when men bring like women and attractive women, they're like, oh well. Okay, so you're saying two different things. He's saying it's okay, it's good if she's hot, but not good if she slept with a bunch of the dudes. You're saying she's uncanny, which means she's hot. I was gonna say, just because a girl has a lot of followers or just because she is a model does not mean she's been with a lot of men. Right, but I like models though. I think we need to take a step back on that. That's what men typically have played into it. I think that a lot of them think if you have more followers that you've slept with more people. Exactly. Yeah, I think in their, like it's again, a number of people. I've literally heard from another podcast that was like, men literally want to just sleep with influencers and not date them or marry them. Okay, so let me ask you a question. Recreational use only. That is what a podcast that was. Because that is what happened. I'm not gonna say it, but yeah. That is what happened. That is exactly what happened to Mia Khalifa. Whether or not she recognizes her, or a situation happened where she got out of porn and she started dating men and then she came to the realization too late that these men, she was dating the man of her dreams. He was dating his favorite porn star. Yes, that happens a lot. And that's essentially what happened. But again, guys, I'm gonna play devil's advocate one more time. Do you understand how it's not easier for a man in a relationship when you have more followers and you get more attention? Do you understand that that could be a man's preference and that doesn't make him a fucking misogynist because he has a preference, you understand? The thing is, I don't, the reason why CJ and I, like we agree on this is because she's fully aware of the bear trap she's stepping in. Just as long as you're aware, I don't give a fuck, but you need to be aware. Don't tell me that you aren't aware of the bear trap. Meaning it's like, yes, I do all this stuff and I fucked all these guys on my OF and for some reason, these guys don't like me and that's not fair. No, no, no, no, no, no. See, I think girls need to realize it has to be one way or the other. Like you either preserve your traditionalness, you might say, or if, depending on what kind of men, if you don't really mind, like, oh, you know, I'll settle down with someone who's aight, you know, in the end. But if you want someone who has all these boxes you wanna check, you also have to put an effort in your life to not do things that are gonna make him look bad because no high value guy who's in the very top wants a woman with stuff that's going to make him bad whether it happened before she knew him or not. \", \"segments\": [{\"id\": 0, \"seek\": 0, \"start\": 0.0, \"end\": 4.440000057220459, \"text\": \" No high-value guy who's in the very top wants a woman\", \"tokens\": [50364, 883, 1090, 12, 29155, 2146, 567, 311, 294, 264, 588, 1192, 2738, 257, 3059, 50586], \"temperature\": 0.0, \"avg_logprob\": -0.28220781683921814, \"compression_ratio\": 1.5973597764968872, \"no_speech_prob\": 0.16216601431369781}, {\"id\": 1, \"seek\": 0, \"start\": 4.440000057220459, \"end\": 6.039999961853027, \"text\": \" with stuff that's going to make him bad,\", \"tokens\": [50586, 365, 1507, 300, 311, 516, 281, 652, 796, 1578, 11, 50666], \"temperature\": 0.0, \"avg_logprob\": -0.28220781683921814, \"compression_ratio\": 1.5973597764968872, \"no_speech_prob\": 0.16216601431369781}, {\"id\": 2, \"seek\": 0, \"start\": 6.039999961853027, \"end\": 8.479999542236328, \"text\": \" whether it happened before she knew him or not.\", \"tokens\": [50666, 1968, 309, 2011, 949, 750, 2586, 796, 420, 406, 13, 50788], \"temperature\": 0.0, \"avg_logprob\": -0.28220781683921814, \"compression_ratio\": 1.5973597764968872, \"no_speech_prob\": 0.16216601431369781}, {\"id\": 3, \"seek\": 0, \"start\": 8.479999542236328, \"end\": 9.680000305175781, \"text\": \" So here's the thing.\", \"tokens\": [50788, 407, 510, 311, 264, 551, 13, 50848], \"temperature\": 0.0, \"avg_logprob\": -0.28220781683921814, \"compression_ratio\": 1.5973597764968872, \"no_speech_prob\": 0.16216601431369781}, {\"id\": 4, \"seek\": 0, \"start\": 9.680000305175781, \"end\": 10.880000114440918, \"text\": \" Actually, a lot of people,\", \"tokens\": [50848, 5135, 11, 257, 688, 295, 561, 11, 50908], \"temperature\": 0.0, \"avg_logprob\": -0.28220781683921814, \"compression_ratio\": 1.5973597764968872, \"no_speech_prob\": 0.16216601431369781}, {\"id\": 5, \"seek\": 0, \"start\": 10.880000114440918, \"end\": 13.779999732971191, \"text\": \" I don't announce my relationship on YouTube\", \"tokens\": [50908, 286, 500, 380, 7478, 452, 2480, 322, 3088, 51053], \"temperature\": 0.0, \"avg_logprob\": -0.28220781683921814, \"compression_ratio\": 1.5973597764968872, \"no_speech_prob\": 0.16216601431369781}, {\"id\": 6, \"seek\": 0, \"start\": 13.779999732971191, \"end\": 17.239999771118164, \"text\": \" because in my analytics, 85% of my followers are men.\", \"tokens\": [51053, 570, 294, 452, 15370, 11, 14695, 4, 295, 452, 13071, 366, 1706, 13, 51226], \"temperature\": 0.0, \"avg_logprob\": -0.28220781683921814, \"compression_ratio\": 1.5973597764968872, \"no_speech_prob\": 0.16216601431369781}, {\"id\": 7, \"seek\": 0, \"start\": 17.239999771118164, \"end\": 18.079999923706055, \"text\": \" Okay.\", \"tokens\": [51226, 1033, 13, 51268], \"temperature\": 0.0, \"avg_logprob\": -0.28220781683921814, \"compression_ratio\": 1.5973597764968872, \"no_speech_prob\": 0.16216601431369781}, {\"id\": 8, \"seek\": 0, \"start\": 18.079999923706055, \"end\": 18.920000076293945, \"text\": \" So.\", \"tokens\": [51268, 407, 13, 51310], \"temperature\": 0.0, \"avg_logprob\": -0.28220781683921814, \"compression_ratio\": 1.5973597764968872, \"no_speech_prob\": 0.16216601431369781}, {\"id\": 9, \"seek\": 0, \"start\": 18.920000076293945, \"end\": 20.15999984741211, \"text\": \" By the way, she doesn't have a relationship.\", \"tokens\": [51310, 3146, 264, 636, 11, 750, 1177, 380, 362, 257, 2480, 13, 51372], \"temperature\": 0.0, \"avg_logprob\": -0.28220781683921814, \"compression_ratio\": 1.5973597764968872, \"no_speech_prob\": 0.16216601431369781}, {\"id\": 10, \"seek\": 0, \"start\": 20.15999984741211, \"end\": 21.0, \"text\": \" I made that up.\", \"tokens\": [51372, 286, 1027, 300, 493, 13, 51414], \"temperature\": 0.0, \"avg_logprob\": -0.28220781683921814, \"compression_ratio\": 1.5973597764968872, \"no_speech_prob\": 0.16216601431369781}, {\"id\": 11, \"seek\": 0, \"start\": 21.0, \"end\": 22.280000686645508, \"text\": \" And it's all made up.\", \"tokens\": [51414, 400, 309, 311, 439, 1027, 493, 13, 51478], \"temperature\": 0.0, \"avg_logprob\": -0.28220781683921814, \"compression_ratio\": 1.5973597764968872, \"no_speech_prob\": 0.16216601431369781}, {\"id\": 12, \"seek\": 0, \"start\": 22.280000686645508, \"end\": 23.1200008392334, \"text\": \" I didn't realize that.\", \"tokens\": [51478, 286, 994, 380, 4325, 300, 13, 51520], \"temperature\": 0.0, \"avg_logprob\": -0.28220781683921814, \"compression_ratio\": 1.5973597764968872, \"no_speech_prob\": 0.16216601431369781}, {\"id\": 13, \"seek\": 0, \"start\": 23.1200008392334, \"end\": 23.959999084472656, \"text\": \" No, well, here's the thing.\", \"tokens\": [51520, 883, 11, 731, 11, 510, 311, 264, 551, 13, 51562], \"temperature\": 0.0, \"avg_logprob\": -0.28220781683921814, \"compression_ratio\": 1.5973597764968872, \"no_speech_prob\": 0.16216601431369781}, {\"id\": 14, \"seek\": 0, \"start\": 23.959999084472656, \"end\": 28.040000915527344, \"text\": \" I am actually trying to get him out into the light.\", \"tokens\": [51562, 286, 669, 767, 1382, 281, 483, 796, 484, 666, 264, 1442, 13, 51766], \"temperature\": 0.0, \"avg_logprob\": -0.28220781683921814, \"compression_ratio\": 1.5973597764968872, \"no_speech_prob\": 0.16216601431369781}, {\"id\": 15, \"seek\": 2804, \"start\": 28.239999771118164, \"end\": 30.079999923706055, \"text\": \" So, and I'm trying to get him on there\", \"tokens\": [50374, 407, 11, 293, 286, 478, 1382, 281, 483, 796, 322, 456, 50466], \"temperature\": 0.0, \"avg_logprob\": -0.34036436676979065, \"compression_ratio\": 1.9929077625274658, \"no_speech_prob\": 0.009412192739546299}, {\"id\": 16, \"seek\": 2804, \"start\": 30.079999923706055, \"end\": 31.1200008392334, \"text\": \" like little by little.\", \"tokens\": [50466, 411, 707, 538, 707, 13, 50518], \"temperature\": 0.0, \"avg_logprob\": -0.34036436676979065, \"compression_ratio\": 1.9929077625274658, \"no_speech_prob\": 0.009412192739546299}, {\"id\": 17, \"seek\": 2804, \"start\": 31.1200008392334, \"end\": 32.91999816894531, \"text\": \" Are you doing a soft launch?\", \"tokens\": [50518, 2014, 291, 884, 257, 2787, 4025, 30, 50608], \"temperature\": 0.0, \"avg_logprob\": -0.34036436676979065, \"compression_ratio\": 1.9929077625274658, \"no_speech_prob\": 0.009412192739546299}, {\"id\": 18, \"seek\": 2804, \"start\": 32.91999816894531, \"end\": 33.7599983215332, \"text\": \" Yeah.\", \"tokens\": [50608, 865, 13, 50650], \"temperature\": 0.0, \"avg_logprob\": -0.34036436676979065, \"compression_ratio\": 1.9929077625274658, \"no_speech_prob\": 0.009412192739546299}, {\"id\": 19, \"seek\": 2804, \"start\": 34.91999816894531, \"end\": 36.68000030517578, \"text\": \" Ladies, if you don't know what a soft launch is,\", \"tokens\": [50708, 17084, 11, 498, 291, 500, 380, 458, 437, 257, 2787, 4025, 307, 11, 50796], \"temperature\": 0.0, \"avg_logprob\": -0.34036436676979065, \"compression_ratio\": 1.9929077625274658, \"no_speech_prob\": 0.009412192739546299}, {\"id\": 20, \"seek\": 2804, \"start\": 36.68000030517578, \"end\": 38.400001525878906, \"text\": \" raise your hand if you don't know what a soft launch is.\", \"tokens\": [50796, 5300, 428, 1011, 498, 291, 500, 380, 458, 437, 257, 2787, 4025, 307, 13, 50882], \"temperature\": 0.0, \"avg_logprob\": -0.34036436676979065, \"compression_ratio\": 1.9929077625274658, \"no_speech_prob\": 0.009412192739546299}, {\"id\": 21, \"seek\": 2804, \"start\": 38.400001525878906, \"end\": 39.560001373291016, \"text\": \" You guys all know?\", \"tokens\": [50882, 509, 1074, 439, 458, 30, 50940], \"temperature\": 0.0, \"avg_logprob\": -0.34036436676979065, \"compression_ratio\": 1.9929077625274658, \"no_speech_prob\": 0.009412192739546299}, {\"id\": 22, \"seek\": 2804, \"start\": 39.560001373291016, \"end\": 40.63999938964844, \"text\": \" Wow, that's incredible.\", \"tokens\": [50940, 3153, 11, 300, 311, 4651, 13, 50994], \"temperature\": 0.0, \"avg_logprob\": -0.34036436676979065, \"compression_ratio\": 1.9929077625274658, \"no_speech_prob\": 0.009412192739546299}, {\"id\": 23, \"seek\": 2804, \"start\": 40.63999938964844, \"end\": 41.68000030517578, \"text\": \" Let's do a soft launch.\", \"tokens\": [50994, 961, 311, 360, 257, 2787, 4025, 13, 51046], \"temperature\": 0.0, \"avg_logprob\": -0.34036436676979065, \"compression_ratio\": 1.9929077625274658, \"no_speech_prob\": 0.009412192739546299}, {\"id\": 24, \"seek\": 2804, \"start\": 41.68000030517578, \"end\": 42.52000045776367, \"text\": \" Let's hold hands.\", \"tokens\": [51046, 961, 311, 1797, 2377, 13, 51088], \"temperature\": 0.0, \"avg_logprob\": -0.34036436676979065, \"compression_ratio\": 1.9929077625274658, \"no_speech_prob\": 0.009412192739546299}, {\"id\": 25, \"seek\": 2804, \"start\": 42.52000045776367, \"end\": 43.959999084472656, \"text\": \" Just hold hands and don't push your face.\", \"tokens\": [51088, 1449, 1797, 2377, 293, 500, 380, 2944, 428, 1851, 13, 51160], \"temperature\": 0.0, \"avg_logprob\": -0.34036436676979065, \"compression_ratio\": 1.9929077625274658, \"no_speech_prob\": 0.009412192739546299}, {\"id\": 26, \"seek\": 2804, \"start\": 43.959999084472656, \"end\": 45.15999984741211, \"text\": \" Let's do a soft launch.\", \"tokens\": [51160, 961, 311, 360, 257, 2787, 4025, 13, 51220], \"temperature\": 0.0, \"avg_logprob\": -0.34036436676979065, \"compression_ratio\": 1.9929077625274658, \"no_speech_prob\": 0.009412192739546299}, {\"id\": 27, \"seek\": 2804, \"start\": 45.15999984741211, \"end\": 48.79999923706055, \"text\": \" I did a soft launch with the boy that I'm dating now.\", \"tokens\": [51220, 286, 630, 257, 2787, 4025, 365, 264, 3237, 300, 286, 478, 10689, 586, 13, 51402], \"temperature\": 0.0, \"avg_logprob\": -0.34036436676979065, \"compression_ratio\": 1.9929077625274658, \"no_speech_prob\": 0.009412192739546299}, {\"id\": 28, \"seek\": 2804, \"start\": 48.79999923706055, \"end\": 50.560001373291016, \"text\": \" I did a soft launch with my current boyfriend.\", \"tokens\": [51402, 286, 630, 257, 2787, 4025, 365, 452, 2190, 11457, 13, 51490], \"temperature\": 0.0, \"avg_logprob\": -0.34036436676979065, \"compression_ratio\": 1.9929077625274658, \"no_speech_prob\": 0.009412192739546299}, {\"id\": 29, \"seek\": 2804, \"start\": 50.560001373291016, \"end\": 53.2400016784668, \"text\": \" Yeah, did your previous boyfriend get angry?\", \"tokens\": [51490, 865, 11, 630, 428, 3894, 11457, 483, 6884, 30, 51624], \"temperature\": 0.0, \"avg_logprob\": -0.34036436676979065, \"compression_ratio\": 1.9929077625274658, \"no_speech_prob\": 0.009412192739546299}, {\"id\": 30, \"seek\": 2804, \"start\": 53.2400016784668, \"end\": 56.560001373291016, \"text\": \" No, because I wasn't doing any of my YouTube stuff\", \"tokens\": [51624, 883, 11, 570, 286, 2067, 380, 884, 604, 295, 452, 3088, 1507, 51790], \"temperature\": 0.0, \"avg_logprob\": -0.34036436676979065, \"compression_ratio\": 1.9929077625274658, \"no_speech_prob\": 0.009412192739546299}, {\"id\": 31, \"seek\": 2804, \"start\": 56.560001373291016, \"end\": 57.400001525878906, \"text\": \" beforehand.\", \"tokens\": [51790, 22893, 13, 51832], \"temperature\": 0.0, \"avg_logprob\": -0.34036436676979065, \"compression_ratio\": 1.9929077625274658, \"no_speech_prob\": 0.009412192739546299}, {\"id\": 32, \"seek\": 5740, \"start\": 58.2400016784668, \"end\": 59.7599983215332, \"text\": \" That's the point of the soft launch, right?\", \"tokens\": [50406, 663, 311, 264, 935, 295, 264, 2787, 4025, 11, 558, 30, 50482], \"temperature\": 0.0, \"avg_logprob\": -0.30374905467033386, \"compression_ratio\": 1.826797366142273, \"no_speech_prob\": 0.001000484568066895}, {\"id\": 33, \"seek\": 5740, \"start\": 59.7599983215332, \"end\": 62.560001373291016, \"text\": \" It's to piss off somebody else, right?\", \"tokens\": [50482, 467, 311, 281, 15171, 766, 2618, 1646, 11, 558, 30, 50622], \"temperature\": 0.0, \"avg_logprob\": -0.30374905467033386, \"compression_ratio\": 1.826797366142273, \"no_speech_prob\": 0.001000484568066895}, {\"id\": 34, \"seek\": 5740, \"start\": 62.560001373291016, \"end\": 63.400001525878906, \"text\": \" I'm Petty White.\", \"tokens\": [50622, 286, 478, 430, 38204, 5552, 13, 50664], \"temperature\": 0.0, \"avg_logprob\": -0.30374905467033386, \"compression_ratio\": 1.826797366142273, \"no_speech_prob\": 0.001000484568066895}, {\"id\": 35, \"seek\": 5740, \"start\": 63.400001525878906, \"end\": 65.76000213623047, \"text\": \" They call me Tom Petty, right?\", \"tokens\": [50664, 814, 818, 385, 5041, 10472, 874, 11, 558, 30, 50782], \"temperature\": 0.0, \"avg_logprob\": -0.30374905467033386, \"compression_ratio\": 1.826797366142273, \"no_speech_prob\": 0.001000484568066895}, {\"id\": 36, \"seek\": 5740, \"start\": 65.76000213623047, \"end\": 67.08000183105469, \"text\": \" That's why you're doing that.\", \"tokens\": [50782, 663, 311, 983, 291, 434, 884, 300, 13, 50848], \"temperature\": 0.0, \"avg_logprob\": -0.30374905467033386, \"compression_ratio\": 1.826797366142273, \"no_speech_prob\": 0.001000484568066895}, {\"id\": 37, \"seek\": 5740, \"start\": 67.08000183105469, \"end\": 68.72000122070312, \"text\": \" The reason I do that is because when I'm talking\", \"tokens\": [50848, 440, 1778, 286, 360, 300, 307, 570, 562, 286, 478, 1417, 50930], \"temperature\": 0.0, \"avg_logprob\": -0.30374905467033386, \"compression_ratio\": 1.826797366142273, \"no_speech_prob\": 0.001000484568066895}, {\"id\": 38, \"seek\": 5740, \"start\": 68.72000122070312, \"end\": 70.12000274658203, \"text\": \" about the soft launch on my program,\", \"tokens\": [50930, 466, 264, 2787, 4025, 322, 452, 1461, 11, 51000], \"temperature\": 0.0, \"avg_logprob\": -0.30374905467033386, \"compression_ratio\": 1.826797366142273, \"no_speech_prob\": 0.001000484568066895}, {\"id\": 39, \"seek\": 5740, \"start\": 70.12000274658203, \"end\": 71.4000015258789, \"text\": \" I will get out of the camera shot\", \"tokens\": [51000, 286, 486, 483, 484, 295, 264, 2799, 3347, 51064], \"temperature\": 0.0, \"avg_logprob\": -0.30374905467033386, \"compression_ratio\": 1.826797366142273, \"no_speech_prob\": 0.001000484568066895}, {\"id\": 40, \"seek\": 5740, \"start\": 71.4000015258789, \"end\": 73.5999984741211, \"text\": \" and I'll do one of these things.\", \"tokens\": [51064, 293, 286, 603, 360, 472, 295, 613, 721, 13, 51174], \"temperature\": 0.0, \"avg_logprob\": -0.30374905467033386, \"compression_ratio\": 1.826797366142273, \"no_speech_prob\": 0.001000484568066895}, {\"id\": 41, \"seek\": 5740, \"start\": 73.5999984741211, \"end\": 75.5199966430664, \"text\": \" Okay, maybe I don't know what a soft launch is.\", \"tokens\": [51174, 1033, 11, 1310, 286, 500, 380, 458, 437, 257, 2787, 4025, 307, 13, 51270], \"temperature\": 0.0, \"avg_logprob\": -0.30374905467033386, \"compression_ratio\": 1.826797366142273, \"no_speech_prob\": 0.001000484568066895}, {\"id\": 42, \"seek\": 5740, \"start\": 75.5199966430664, \"end\": 76.36000061035156, \"text\": \" Okay, you know what I mean?\", \"tokens\": [51270, 1033, 11, 291, 458, 437, 286, 914, 30, 51312], \"temperature\": 0.0, \"avg_logprob\": -0.30374905467033386, \"compression_ratio\": 1.826797366142273, \"no_speech_prob\": 0.001000484568066895}, {\"id\": 43, \"seek\": 5740, \"start\": 76.36000061035156, \"end\": 78.5999984741211, \"text\": \" I thought you were talking like literally.\", \"tokens\": [51312, 286, 1194, 291, 645, 1417, 411, 3736, 13, 51424], \"temperature\": 0.0, \"avg_logprob\": -0.30374905467033386, \"compression_ratio\": 1.826797366142273, \"no_speech_prob\": 0.001000484568066895}, {\"id\": 44, \"seek\": 5740, \"start\": 78.5999984741211, \"end\": 81.36000061035156, \"text\": \" A soft launch is when, well, I would say\", \"tokens\": [51424, 316, 2787, 4025, 307, 562, 11, 731, 11, 286, 576, 584, 51562], \"temperature\": 0.0, \"avg_logprob\": -0.30374905467033386, \"compression_ratio\": 1.826797366142273, \"no_speech_prob\": 0.001000484568066895}, {\"id\": 45, \"seek\": 5740, \"start\": 81.36000061035156, \"end\": 84.83999633789062, \"text\": \" almost exclusively a woman has a boyfriend\", \"tokens\": [51562, 1920, 20638, 257, 3059, 575, 257, 11457, 51736], \"temperature\": 0.0, \"avg_logprob\": -0.30374905467033386, \"compression_ratio\": 1.826797366142273, \"no_speech_prob\": 0.001000484568066895}, {\"id\": 46, \"seek\": 5740, \"start\": 84.83999633789062, \"end\": 86.19999694824219, \"text\": \" or has somebody that she's exclusive with,\", \"tokens\": [51736, 420, 575, 2618, 300, 750, 311, 13005, 365, 11, 51804], \"temperature\": 0.0, \"avg_logprob\": -0.30374905467033386, \"compression_ratio\": 1.826797366142273, \"no_speech_prob\": 0.001000484568066895}, {\"id\": 47, \"seek\": 8620, \"start\": 86.27999877929688, \"end\": 89.87999725341797, \"text\": \" but she doesn't want to broadcast it on her social media\", \"tokens\": [50368, 457, 750, 1177, 380, 528, 281, 9975, 309, 322, 720, 2093, 3021, 50548], \"temperature\": 0.0, \"avg_logprob\": -0.22454576194286346, \"compression_ratio\": 1.7685950994491577, \"no_speech_prob\": 0.018545491620898247}, {\"id\": 48, \"seek\": 8620, \"start\": 89.87999725341797, \"end\": 92.44000244140625, \"text\": \" because she will, as you said, will lose market share.\", \"tokens\": [50548, 570, 750, 486, 11, 382, 291, 848, 11, 486, 3624, 2142, 2073, 13, 50676], \"temperature\": 0.0, \"avg_logprob\": -0.22454576194286346, \"compression_ratio\": 1.7685950994491577, \"no_speech_prob\": 0.018545491620898247}, {\"id\": 49, \"seek\": 8620, \"start\": 92.44000244140625, \"end\": 95.4800033569336, \"text\": \" So when your attention is measured in likes and subs\", \"tokens\": [50676, 407, 562, 428, 3202, 307, 12690, 294, 5902, 293, 2090, 50828], \"temperature\": 0.0, \"avg_logprob\": -0.22454576194286346, \"compression_ratio\": 1.7685950994491577, \"no_speech_prob\": 0.018545491620898247}, {\"id\": 50, \"seek\": 8620, \"start\": 95.4800033569336, \"end\": 96.76000213623047, \"text\": \" and followers and everything else,\", \"tokens\": [50828, 293, 13071, 293, 1203, 1646, 11, 50892], \"temperature\": 0.0, \"avg_logprob\": -0.22454576194286346, \"compression_ratio\": 1.7685950994491577, \"no_speech_prob\": 0.018545491620898247}, {\"id\": 51, \"seek\": 8620, \"start\": 96.76000213623047, \"end\": 98.0, \"text\": \" the minute that they see a ring,\", \"tokens\": [50892, 264, 3456, 300, 436, 536, 257, 4875, 11, 50954], \"temperature\": 0.0, \"avg_logprob\": -0.22454576194286346, \"compression_ratio\": 1.7685950994491577, \"no_speech_prob\": 0.018545491620898247}, {\"id\": 52, \"seek\": 8620, \"start\": 98.0, \"end\": 99.19999694824219, \"text\": \" the minute that they see hands,\", \"tokens\": [50954, 264, 3456, 300, 436, 536, 2377, 11, 51014], \"temperature\": 0.0, \"avg_logprob\": -0.22454576194286346, \"compression_ratio\": 1.7685950994491577, \"no_speech_prob\": 0.018545491620898247}, {\"id\": 53, \"seek\": 8620, \"start\": 99.19999694824219, \"end\": 101.68000030517578, \"text\": \" the minute that they see a guy in the picture,\", \"tokens\": [51014, 264, 3456, 300, 436, 536, 257, 2146, 294, 264, 3036, 11, 51138], \"temperature\": 0.0, \"avg_logprob\": -0.22454576194286346, \"compression_ratio\": 1.7685950994491577, \"no_speech_prob\": 0.018545491620898247}, {\"id\": 54, \"seek\": 8620, \"start\": 101.68000030517578, \"end\": 103.27999877929688, \"text\": \" boom, drop, everybody unsubs from you.\", \"tokens\": [51138, 9351, 11, 3270, 11, 2201, 2693, 5432, 490, 291, 13, 51218], \"temperature\": 0.0, \"avg_logprob\": -0.22454576194286346, \"compression_ratio\": 1.7685950994491577, \"no_speech_prob\": 0.018545491620898247}, {\"id\": 55, \"seek\": 8620, \"start\": 103.27999877929688, \"end\": 107.63999938964844, \"text\": \" Sam, have you ever posted your dude online?\", \"tokens\": [51218, 4832, 11, 362, 291, 1562, 9437, 428, 6449, 2950, 30, 51436], \"temperature\": 0.0, \"avg_logprob\": -0.22454576194286346, \"compression_ratio\": 1.7685950994491577, \"no_speech_prob\": 0.018545491620898247}, {\"id\": 56, \"seek\": 8620, \"start\": 107.63999938964844, \"end\": 111.87999725341797, \"text\": \" So I recently was dating somebody\", \"tokens\": [51436, 407, 286, 3938, 390, 10689, 2618, 51648], \"temperature\": 0.0, \"avg_logprob\": -0.22454576194286346, \"compression_ratio\": 1.7685950994491577, \"no_speech_prob\": 0.018545491620898247}, {\"id\": 57, \"seek\": 11188, \"start\": 111.91999816894531, \"end\": 116.83999633789062, \"text\": \" and he was telling me that he understood\", \"tokens\": [50366, 293, 415, 390, 3585, 385, 300, 415, 7320, 50612], \"temperature\": 0.0, \"avg_logprob\": -0.2748371660709381, \"compression_ratio\": 1.6414343118667603, \"no_speech_prob\": 0.0022518036421388388}, {\"id\": 58, \"seek\": 11188, \"start\": 116.83999633789062, \"end\": 120.23999786376953, \"text\": \" that my Instagram was a persona.\", \"tokens\": [50612, 300, 452, 5281, 390, 257, 12184, 13, 50782], \"temperature\": 0.0, \"avg_logprob\": -0.2748371660709381, \"compression_ratio\": 1.6414343118667603, \"no_speech_prob\": 0.0022518036421388388}, {\"id\": 59, \"seek\": 11188, \"start\": 120.23999786376953, \"end\": 122.4000015258789, \"text\": \" Yeah, so you didn't post it.\", \"tokens\": [50782, 865, 11, 370, 291, 994, 380, 2183, 309, 13, 50890], \"temperature\": 0.0, \"avg_logprob\": -0.2748371660709381, \"compression_ratio\": 1.6414343118667603, \"no_speech_prob\": 0.0022518036421388388}, {\"id\": 60, \"seek\": 11188, \"start\": 122.4000015258789, \"end\": 124.31999969482422, \"text\": \" Have you ever previously posted\", \"tokens\": [50890, 3560, 291, 1562, 8046, 9437, 50986], \"temperature\": 0.0, \"avg_logprob\": -0.2748371660709381, \"compression_ratio\": 1.6414343118667603, \"no_speech_prob\": 0.0022518036421388388}, {\"id\": 61, \"seek\": 11188, \"start\": 124.31999969482422, \"end\": 126.16000366210938, \"text\": \" that you were dating someone?\", \"tokens\": [50986, 300, 291, 645, 10689, 1580, 30, 51078], \"temperature\": 0.0, \"avg_logprob\": -0.2748371660709381, \"compression_ratio\": 1.6414343118667603, \"no_speech_prob\": 0.0022518036421388388}, {\"id\": 62, \"seek\": 11188, \"start\": 126.16000366210938, \"end\": 130.24000549316406, \"text\": \" I actually gave up one of my Instagrams in the past.\", \"tokens\": [51078, 286, 767, 2729, 493, 472, 295, 452, 5281, 82, 294, 264, 1791, 13, 51282], \"temperature\": 0.0, \"avg_logprob\": -0.2748371660709381, \"compression_ratio\": 1.6414343118667603, \"no_speech_prob\": 0.0022518036421388388}, {\"id\": 63, \"seek\": 11188, \"start\": 130.24000549316406, \"end\": 132.0399932861328, \"text\": \" Because a guy wanted you to give it up?\", \"tokens\": [51282, 1436, 257, 2146, 1415, 291, 281, 976, 309, 493, 30, 51372], \"temperature\": 0.0, \"avg_logprob\": -0.2748371660709381, \"compression_ratio\": 1.6414343118667603, \"no_speech_prob\": 0.0022518036421388388}, {\"id\": 64, \"seek\": 11188, \"start\": 132.0399932861328, \"end\": 134.32000732421875, \"text\": \" Just because he was uncomfortable with the attention.\", \"tokens\": [51372, 1449, 570, 415, 390, 10532, 365, 264, 3202, 13, 51486], \"temperature\": 0.0, \"avg_logprob\": -0.2748371660709381, \"compression_ratio\": 1.6414343118667603, \"no_speech_prob\": 0.0022518036421388388}, {\"id\": 65, \"seek\": 11188, \"start\": 134.32000732421875, \"end\": 135.16000366210938, \"text\": \" Okay, got it.\", \"tokens\": [51486, 1033, 11, 658, 309, 13, 51528], \"temperature\": 0.0, \"avg_logprob\": -0.2748371660709381, \"compression_ratio\": 1.6414343118667603, \"no_speech_prob\": 0.0022518036421388388}, {\"id\": 66, \"seek\": 11188, \"start\": 135.16000366210938, \"end\": 136.0, \"text\": \" Whoa.\", \"tokens\": [51528, 7521, 13, 51570], \"temperature\": 0.0, \"avg_logprob\": -0.2748371660709381, \"compression_ratio\": 1.6414343118667603, \"no_speech_prob\": 0.0022518036421388388}, {\"id\": 67, \"seek\": 11188, \"start\": 136.0, \"end\": 136.82000732421875, \"text\": \" Damn.\", \"tokens\": [51570, 11907, 13, 51611], \"temperature\": 0.0, \"avg_logprob\": -0.2748371660709381, \"compression_ratio\": 1.6414343118667603, \"no_speech_prob\": 0.0022518036421388388}, {\"id\": 68, \"seek\": 11188, \"start\": 136.82000732421875, \"end\": 137.66000366210938, \"text\": \" What?\", \"tokens\": [51611, 708, 30, 51653], \"temperature\": 0.0, \"avg_logprob\": -0.2748371660709381, \"compression_ratio\": 1.6414343118667603, \"no_speech_prob\": 0.0022518036421388388}, {\"id\": 69, \"seek\": 11188, \"start\": 137.66000366210938, \"end\": 138.52000427246094, \"text\": \" No guy could ever.\", \"tokens\": [51653, 883, 2146, 727, 1562, 13, 51696], \"temperature\": 0.0, \"avg_logprob\": -0.2748371660709381, \"compression_ratio\": 1.6414343118667603, \"no_speech_prob\": 0.0022518036421388388}, {\"id\": 70, \"seek\": 11188, \"start\": 138.52000427246094, \"end\": 139.36000061035156, \"text\": \" Okay, hold on.\", \"tokens\": [51696, 1033, 11, 1797, 322, 13, 51738], \"temperature\": 0.0, \"avg_logprob\": -0.2748371660709381, \"compression_ratio\": 1.6414343118667603, \"no_speech_prob\": 0.0022518036421388388}, {\"id\": 71, \"seek\": 11188, \"start\": 139.36000061035156, \"end\": 140.1999969482422, \"text\": \" So that's a great, that's a great,\", \"tokens\": [51738, 407, 300, 311, 257, 869, 11, 300, 311, 257, 869, 11, 51780], \"temperature\": 0.0, \"avg_logprob\": -0.2748371660709381, \"compression_ratio\": 1.6414343118667603, \"no_speech_prob\": 0.0022518036421388388}, {\"id\": 72, \"seek\": 14020, \"start\": 140.63999938964844, \"end\": 142.39999389648438, \"text\": \" hold on, let me ask this Casey.\", \"tokens\": [50386, 1797, 322, 11, 718, 385, 1029, 341, 27369, 13, 50474], \"temperature\": 0.0, \"avg_logprob\": -0.3558845520019531, \"compression_ratio\": 1.762273907661438, \"no_speech_prob\": 0.0715833380818367}, {\"id\": 73, \"seek\": 14020, \"start\": 142.39999389648438, \"end\": 143.47999572753906, \"text\": \" Can you get closer to the microphone?\", \"tokens\": [50474, 1664, 291, 483, 4966, 281, 264, 10952, 30, 50528], \"temperature\": 0.0, \"avg_logprob\": -0.3558845520019531, \"compression_ratio\": 1.762273907661438, \"no_speech_prob\": 0.0715833380818367}, {\"id\": 74, \"seek\": 14020, \"start\": 143.47999572753906, \"end\": 145.52000427246094, \"text\": \" Would you, if a guy wanted to marry you,\", \"tokens\": [50528, 6068, 291, 11, 498, 257, 2146, 1415, 281, 9747, 291, 11, 50630], \"temperature\": 0.0, \"avg_logprob\": -0.3558845520019531, \"compression_ratio\": 1.762273907661438, \"no_speech_prob\": 0.0715833380818367}, {\"id\": 75, \"seek\": 14020, \"start\": 145.52000427246094, \"end\": 147.39999389648438, \"text\": \" would you give up your Instagram for that?\", \"tokens\": [50630, 576, 291, 976, 493, 428, 5281, 337, 300, 30, 50724], \"temperature\": 0.0, \"avg_logprob\": -0.3558845520019531, \"compression_ratio\": 1.762273907661438, \"no_speech_prob\": 0.0715833380818367}, {\"id\": 76, \"seek\": 14020, \"start\": 147.39999389648438, \"end\": 148.24000549316406, \"text\": \" No.\", \"tokens\": [50724, 883, 13, 50766], \"temperature\": 0.0, \"avg_logprob\": -0.3558845520019531, \"compression_ratio\": 1.762273907661438, \"no_speech_prob\": 0.0715833380818367}, {\"id\": 77, \"seek\": 14020, \"start\": 148.24000549316406, \"end\": 149.0800018310547, \"text\": \" You wouldn't, you would keep your Instagram?\", \"tokens\": [50766, 509, 2759, 380, 11, 291, 576, 1066, 428, 5281, 30, 50808], \"temperature\": 0.0, \"avg_logprob\": -0.3558845520019531, \"compression_ratio\": 1.762273907661438, \"no_speech_prob\": 0.0715833380818367}, {\"id\": 78, \"seek\": 14020, \"start\": 149.0800018310547, \"end\": 150.32000732421875, \"text\": \" No, this is my livelihood and that's how I make money.\", \"tokens\": [50808, 883, 11, 341, 307, 452, 34343, 293, 300, 311, 577, 286, 652, 1460, 13, 50870], \"temperature\": 0.0, \"avg_logprob\": -0.3558845520019531, \"compression_ratio\": 1.762273907661438, \"no_speech_prob\": 0.0715833380818367}, {\"id\": 79, \"seek\": 14020, \"start\": 150.32000732421875, \"end\": 151.24000549316406, \"text\": \" It depends on the guy.\", \"tokens\": [50870, 467, 5946, 322, 264, 2146, 13, 50916], \"temperature\": 0.0, \"avg_logprob\": -0.3558845520019531, \"compression_ratio\": 1.762273907661438, \"no_speech_prob\": 0.0715833380818367}, {\"id\": 80, \"seek\": 14020, \"start\": 151.24000549316406, \"end\": 152.9199981689453, \"text\": \" That's my identity and my confidence.\", \"tokens\": [50916, 663, 311, 452, 6575, 293, 452, 6687, 13, 51000], \"temperature\": 0.0, \"avg_logprob\": -0.3558845520019531, \"compression_ratio\": 1.762273907661438, \"no_speech_prob\": 0.0715833380818367}, {\"id\": 81, \"seek\": 14020, \"start\": 152.9199981689453, \"end\": 153.75999450683594, \"text\": \" Can you describe?\", \"tokens\": [51000, 1664, 291, 6786, 30, 51042], \"temperature\": 0.0, \"avg_logprob\": -0.3558845520019531, \"compression_ratio\": 1.762273907661438, \"no_speech_prob\": 0.0715833380818367}, {\"id\": 82, \"seek\": 14020, \"start\": 153.75999450683594, \"end\": 155.39999389648438, \"text\": \" So you're doing Twitch now?\", \"tokens\": [51042, 407, 291, 434, 884, 22222, 586, 30, 51124], \"temperature\": 0.0, \"avg_logprob\": -0.3558845520019531, \"compression_ratio\": 1.762273907661438, \"no_speech_prob\": 0.0715833380818367}, {\"id\": 83, \"seek\": 14020, \"start\": 155.39999389648438, \"end\": 157.8800048828125, \"text\": \" I did, I just, I'm taking a hiatus, but yes I did.\", \"tokens\": [51124, 286, 630, 11, 286, 445, 11, 286, 478, 1940, 257, 4879, 37926, 11, 457, 2086, 286, 630, 13, 51248], \"temperature\": 0.0, \"avg_logprob\": -0.3558845520019531, \"compression_ratio\": 1.762273907661438, \"no_speech_prob\": 0.0715833380818367}, {\"id\": 84, \"seek\": 14020, \"start\": 157.8800048828125, \"end\": 158.83999633789062, \"text\": \" You were doing Fortnite?\", \"tokens\": [51248, 509, 645, 884, 28712, 30, 51296], \"temperature\": 0.0, \"avg_logprob\": -0.3558845520019531, \"compression_ratio\": 1.762273907661438, \"no_speech_prob\": 0.0715833380818367}, {\"id\": 85, \"seek\": 14020, \"start\": 158.83999633789062, \"end\": 161.0800018310547, \"text\": \" Yeah, mostly Fortnite and I started with Animal Crossing.\", \"tokens\": [51296, 865, 11, 5240, 28712, 293, 286, 1409, 365, 24358, 41675, 13, 51408], \"temperature\": 0.0, \"avg_logprob\": -0.3558845520019531, \"compression_ratio\": 1.762273907661438, \"no_speech_prob\": 0.0715833380818367}, {\"id\": 86, \"seek\": 14020, \"start\": 161.0800018310547, \"end\": 161.9199981689453, \"text\": \" Animal Crossing?\", \"tokens\": [51408, 24358, 41675, 30, 51450], \"temperature\": 0.0, \"avg_logprob\": -0.3558845520019531, \"compression_ratio\": 1.762273907661438, \"no_speech_prob\": 0.0715833380818367}, {\"id\": 87, \"seek\": 14020, \"start\": 161.9199981689453, \"end\": 162.75999450683594, \"text\": \" Yeah, yeah, yeah.\", \"tokens\": [51450, 865, 11, 1338, 11, 1338, 13, 51492], \"temperature\": 0.0, \"avg_logprob\": -0.3558845520019531, \"compression_ratio\": 1.762273907661438, \"no_speech_prob\": 0.0715833380818367}, {\"id\": 88, \"seek\": 14020, \"start\": 162.75999450683594, \"end\": 163.67999267578125, \"text\": \" And then you were also.\", \"tokens\": [51492, 400, 550, 291, 645, 611, 13, 51538], \"temperature\": 0.0, \"avg_logprob\": -0.3558845520019531, \"compression_ratio\": 1.762273907661438, \"no_speech_prob\": 0.0715833380818367}, {\"id\": 89, \"seek\": 14020, \"start\": 163.67999267578125, \"end\": 164.52000427246094, \"text\": \" Yeah, it's kind of funny.\", \"tokens\": [51538, 865, 11, 309, 311, 733, 295, 4074, 13, 51580], \"temperature\": 0.0, \"avg_logprob\": -0.3558845520019531, \"compression_ratio\": 1.762273907661438, \"no_speech_prob\": 0.0715833380818367}, {\"id\": 90, \"seek\": 14020, \"start\": 164.52000427246094, \"end\": 165.36000061035156, \"text\": \" I gotcha.\", \"tokens\": [51580, 286, 658, 4413, 13, 51622], \"temperature\": 0.0, \"avg_logprob\": -0.3558845520019531, \"compression_ratio\": 1.762273907661438, \"no_speech_prob\": 0.0715833380818367}, {\"id\": 91, \"seek\": 14020, \"start\": 165.36000061035156, \"end\": 167.0, \"text\": \" It was really friendly and then I occasionally\", \"tokens\": [51622, 467, 390, 534, 9208, 293, 550, 286, 16895, 51704], \"temperature\": 0.0, \"avg_logprob\": -0.3558845520019531, \"compression_ratio\": 1.762273907661438, \"no_speech_prob\": 0.0715833380818367}, {\"id\": 92, \"seek\": 14020, \"start\": 167.0, \"end\": 168.55999755859375, \"text\": \" post lingerie photos and everyone's like,\", \"tokens\": [51704, 2183, 45657, 414, 5787, 293, 1518, 311, 411, 11, 51782], \"temperature\": 0.0, \"avg_logprob\": -0.3558845520019531, \"compression_ratio\": 1.762273907661438, \"no_speech_prob\": 0.0715833380818367}, {\"id\": 93, \"seek\": 16856, \"start\": 168.55999755859375, \"end\": 170.52000427246094, \"text\": \" what the fuck is she doing?\", \"tokens\": [50364, 437, 264, 3275, 307, 750, 884, 30, 50462], \"temperature\": 0.0, \"avg_logprob\": -0.2354825884103775, \"compression_ratio\": 1.7114094495773315, \"no_speech_prob\": 0.009412302635610104}, {\"id\": 94, \"seek\": 16856, \"start\": 170.52000427246094, \"end\": 171.60000610351562, \"text\": \" And I'm like, me.\", \"tokens\": [50462, 400, 286, 478, 411, 11, 385, 13, 50516], \"temperature\": 0.0, \"avg_logprob\": -0.2354825884103775, \"compression_ratio\": 1.7114094495773315, \"no_speech_prob\": 0.009412302635610104}, {\"id\": 95, \"seek\": 16856, \"start\": 171.60000610351562, \"end\": 175.72000122070312, \"text\": \" And so do you think that you being out there like that\", \"tokens\": [50516, 400, 370, 360, 291, 519, 300, 291, 885, 484, 456, 411, 300, 50722], \"temperature\": 0.0, \"avg_logprob\": -0.2354825884103775, \"compression_ratio\": 1.7114094495773315, \"no_speech_prob\": 0.009412302635610104}, {\"id\": 96, \"seek\": 16856, \"start\": 175.72000122070312, \"end\": 177.16000366210938, \"text\": \" would have an effect on your ability\", \"tokens\": [50722, 576, 362, 364, 1802, 322, 428, 3485, 50794], \"temperature\": 0.0, \"avg_logprob\": -0.2354825884103775, \"compression_ratio\": 1.7114094495773315, \"no_speech_prob\": 0.009412302635610104}, {\"id\": 97, \"seek\": 16856, \"start\": 177.16000366210938, \"end\": 178.47999572753906, \"text\": \" to find someone to date?\", \"tokens\": [50794, 281, 915, 1580, 281, 4002, 30, 50860], \"temperature\": 0.0, \"avg_logprob\": -0.2354825884103775, \"compression_ratio\": 1.7114094495773315, \"no_speech_prob\": 0.009412302635610104}, {\"id\": 98, \"seek\": 16856, \"start\": 178.47999572753906, \"end\": 180.0399932861328, \"text\": \" Yes, it's actually had.\", \"tokens\": [50860, 1079, 11, 309, 311, 767, 632, 13, 50938], \"temperature\": 0.0, \"avg_logprob\": -0.2354825884103775, \"compression_ratio\": 1.7114094495773315, \"no_speech_prob\": 0.009412302635610104}, {\"id\": 99, \"seek\": 16856, \"start\": 180.0399932861328, \"end\": 183.72000122070312, \"text\": \" I've been single for like two years now\", \"tokens\": [50938, 286, 600, 668, 2167, 337, 411, 732, 924, 586, 51122], \"temperature\": 0.0, \"avg_logprob\": -0.2354825884103775, \"compression_ratio\": 1.7114094495773315, \"no_speech_prob\": 0.009412302635610104}, {\"id\": 100, \"seek\": 16856, \"start\": 183.72000122070312, \"end\": 186.9199981689453, \"text\": \" and I just moved to LA and a lot of people\", \"tokens\": [51122, 293, 286, 445, 4259, 281, 9855, 293, 257, 688, 295, 561, 51282], \"temperature\": 0.0, \"avg_logprob\": -0.2354825884103775, \"compression_ratio\": 1.7114094495773315, \"no_speech_prob\": 0.009412302635610104}, {\"id\": 101, \"seek\": 16856, \"start\": 186.9199981689453, \"end\": 189.36000061035156, \"text\": \" get like jealous because of the industry events\", \"tokens\": [51282, 483, 411, 13805, 570, 295, 264, 3518, 3931, 51404], \"temperature\": 0.0, \"avg_logprob\": -0.2354825884103775, \"compression_ratio\": 1.7114094495773315, \"no_speech_prob\": 0.009412302635610104}, {\"id\": 102, \"seek\": 16856, \"start\": 189.36000061035156, \"end\": 190.1999969482422, \"text\": \" that I go to.\", \"tokens\": [51404, 300, 286, 352, 281, 13, 51446], \"temperature\": 0.0, \"avg_logprob\": -0.2354825884103775, \"compression_ratio\": 1.7114094495773315, \"no_speech_prob\": 0.009412302635610104}, {\"id\": 103, \"seek\": 16856, \"start\": 190.1999969482422, \"end\": 191.63999938964844, \"text\": \" There's a lot of good looking men who are like\", \"tokens\": [51446, 821, 311, 257, 688, 295, 665, 1237, 1706, 567, 366, 411, 51518], \"temperature\": 0.0, \"avg_logprob\": -0.2354825884103775, \"compression_ratio\": 1.7114094495773315, \"no_speech_prob\": 0.009412302635610104}, {\"id\": 104, \"seek\": 16856, \"start\": 191.63999938964844, \"end\": 193.72000122070312, \"text\": \" actors and influencers and all that stuff\", \"tokens\": [51518, 10037, 293, 38646, 293, 439, 300, 1507, 51622], \"temperature\": 0.0, \"avg_logprob\": -0.2354825884103775, \"compression_ratio\": 1.7114094495773315, \"no_speech_prob\": 0.009412302635610104}, {\"id\": 105, \"seek\": 16856, \"start\": 193.72000122070312, \"end\": 196.1999969482422, \"text\": \" and they know that I go to these events to network,\", \"tokens\": [51622, 293, 436, 458, 300, 286, 352, 281, 613, 3931, 281, 3209, 11, 51746], \"temperature\": 0.0, \"avg_logprob\": -0.2354825884103775, \"compression_ratio\": 1.7114094495773315, \"no_speech_prob\": 0.009412302635610104}, {\"id\": 106, \"seek\": 16856, \"start\": 196.1999969482422, \"end\": 197.27999877929688, \"text\": \" but they don't understand that I know\", \"tokens\": [51746, 457, 436, 500, 380, 1223, 300, 286, 458, 51800], \"temperature\": 0.0, \"avg_logprob\": -0.2354825884103775, \"compression_ratio\": 1.7114094495773315, \"no_speech_prob\": 0.009412302635610104}, {\"id\": 107, \"seek\": 19728, \"start\": 197.27999877929688, \"end\": 199.0, \"text\": \" how to separate the two, right?\", \"tokens\": [50364, 577, 281, 4994, 264, 732, 11, 558, 30, 50450], \"temperature\": 0.0, \"avg_logprob\": -0.26448220014572144, \"compression_ratio\": 1.8558281660079956, \"no_speech_prob\": 0.055818602442741394}, {\"id\": 108, \"seek\": 19728, \"start\": 199.0, \"end\": 202.0, \"text\": \" It's like male friends, male colleagues\", \"tokens\": [50450, 467, 311, 411, 7133, 1855, 11, 7133, 7734, 50600], \"temperature\": 0.0, \"avg_logprob\": -0.26448220014572144, \"compression_ratio\": 1.8558281660079956, \"no_speech_prob\": 0.055818602442741394}, {\"id\": 109, \"seek\": 19728, \"start\": 202.0, \"end\": 204.55999755859375, \"text\": \" and actually ones that I could sleep with\", \"tokens\": [50600, 293, 767, 2306, 300, 286, 727, 2817, 365, 50728], \"temperature\": 0.0, \"avg_logprob\": -0.26448220014572144, \"compression_ratio\": 1.8558281660079956, \"no_speech_prob\": 0.055818602442741394}, {\"id\": 110, \"seek\": 19728, \"start\": 204.55999755859375, \"end\": 206.52000427246094, \"text\": \" or be a boyfriend, you know what I mean?\", \"tokens\": [50728, 420, 312, 257, 11457, 11, 291, 458, 437, 286, 914, 30, 50826], \"temperature\": 0.0, \"avg_logprob\": -0.26448220014572144, \"compression_ratio\": 1.8558281660079956, \"no_speech_prob\": 0.055818602442741394}, {\"id\": 111, \"seek\": 19728, \"start\": 206.52000427246094, \"end\": 207.8000030517578, \"text\": \" And generally when I go to these events,\", \"tokens\": [50826, 400, 5101, 562, 286, 352, 281, 613, 3931, 11, 50890], \"temperature\": 0.0, \"avg_logprob\": -0.26448220014572144, \"compression_ratio\": 1.8558281660079956, \"no_speech_prob\": 0.055818602442741394}, {\"id\": 112, \"seek\": 19728, \"start\": 207.8000030517578, \"end\": 210.8000030517578, \"text\": \" I'm not looking for love, I'm not looking for someone\", \"tokens\": [50890, 286, 478, 406, 1237, 337, 959, 11, 286, 478, 406, 1237, 337, 1580, 51040], \"temperature\": 0.0, \"avg_logprob\": -0.26448220014572144, \"compression_ratio\": 1.8558281660079956, \"no_speech_prob\": 0.055818602442741394}, {\"id\": 113, \"seek\": 19728, \"start\": 210.8000030517578, \"end\": 211.63999938964844, \"text\": \" to sleep with.\", \"tokens\": [51040, 281, 2817, 365, 13, 51082], \"temperature\": 0.0, \"avg_logprob\": -0.26448220014572144, \"compression_ratio\": 1.8558281660079956, \"no_speech_prob\": 0.055818602442741394}, {\"id\": 114, \"seek\": 19728, \"start\": 211.63999938964844, \"end\": 212.4600067138672, \"text\": \" I mean, most of us fall in love\", \"tokens\": [51082, 286, 914, 11, 881, 295, 505, 2100, 294, 959, 51123], \"temperature\": 0.0, \"avg_logprob\": -0.26448220014572144, \"compression_ratio\": 1.8558281660079956, \"no_speech_prob\": 0.055818602442741394}, {\"id\": 115, \"seek\": 19728, \"start\": 212.4600067138672, \"end\": 213.33999633789062, \"text\": \" when we're not looking for love, right?\", \"tokens\": [51123, 562, 321, 434, 406, 1237, 337, 959, 11, 558, 30, 51167], \"temperature\": 0.0, \"avg_logprob\": -0.26448220014572144, \"compression_ratio\": 1.8558281660079956, \"no_speech_prob\": 0.055818602442741394}, {\"id\": 116, \"seek\": 19728, \"start\": 213.33999633789062, \"end\": 215.27999877929688, \"text\": \" Most of us, like I certainly was not looking\", \"tokens\": [51167, 4534, 295, 505, 11, 411, 286, 3297, 390, 406, 1237, 51264], \"temperature\": 0.0, \"avg_logprob\": -0.26448220014572144, \"compression_ratio\": 1.8558281660079956, \"no_speech_prob\": 0.055818602442741394}, {\"id\": 117, \"seek\": 19728, \"start\": 215.27999877929688, \"end\": 216.5, \"text\": \" for a girlfriend and I have one now.\", \"tokens\": [51264, 337, 257, 10369, 293, 286, 362, 472, 586, 13, 51325], \"temperature\": 0.0, \"avg_logprob\": -0.26448220014572144, \"compression_ratio\": 1.8558281660079956, \"no_speech_prob\": 0.055818602442741394}, {\"id\": 118, \"seek\": 19728, \"start\": 216.5, \"end\": 217.33999633789062, \"text\": \" She's outside.\", \"tokens\": [51325, 1240, 311, 2380, 13, 51367], \"temperature\": 0.0, \"avg_logprob\": -0.26448220014572144, \"compression_ratio\": 1.8558281660079956, \"no_speech_prob\": 0.055818602442741394}, {\"id\": 119, \"seek\": 19728, \"start\": 217.33999633789062, \"end\": 218.16000366210938, \"text\": \" Right.\", \"tokens\": [51367, 1779, 13, 51408], \"temperature\": 0.0, \"avg_logprob\": -0.26448220014572144, \"compression_ratio\": 1.8558281660079956, \"no_speech_prob\": 0.055818602442741394}, {\"id\": 120, \"seek\": 19728, \"start\": 218.16000366210938, \"end\": 220.6999969482422, \"text\": \" So I definitely wasn't, but now I have one.\", \"tokens\": [51408, 407, 286, 2138, 2067, 380, 11, 457, 586, 286, 362, 472, 13, 51535], \"temperature\": 0.0, \"avg_logprob\": -0.26448220014572144, \"compression_ratio\": 1.8558281660079956, \"no_speech_prob\": 0.055818602442741394}, {\"id\": 121, \"seek\": 19728, \"start\": 220.6999969482422, \"end\": 222.0800018310547, \"text\": \" So that's just kind of how it works.\", \"tokens\": [51535, 407, 300, 311, 445, 733, 295, 577, 309, 1985, 13, 51604], \"temperature\": 0.0, \"avg_logprob\": -0.26448220014572144, \"compression_ratio\": 1.8558281660079956, \"no_speech_prob\": 0.055818602442741394}, {\"id\": 122, \"seek\": 19728, \"start\": 222.0800018310547, \"end\": 223.9199981689453, \"text\": \" I need to know what Trey thinks about all of this.\", \"tokens\": [51604, 286, 643, 281, 458, 437, 314, 7950, 7309, 466, 439, 295, 341, 13, 51696], \"temperature\": 0.0, \"avg_logprob\": -0.26448220014572144, \"compression_ratio\": 1.8558281660079956, \"no_speech_prob\": 0.055818602442741394}, {\"id\": 123, \"seek\": 19728, \"start\": 223.9199981689453, \"end\": 225.9600067138672, \"text\": \" Trey, you have several thoughts.\", \"tokens\": [51696, 314, 7950, 11, 291, 362, 2940, 4598, 13, 51798], \"temperature\": 0.0, \"avg_logprob\": -0.26448220014572144, \"compression_ratio\": 1.8558281660079956, \"no_speech_prob\": 0.055818602442741394}, {\"id\": 124, \"seek\": 22596, \"start\": 225.9600067138672, \"end\": 227.52000427246094, \"text\": \" I mean, I'm just saying like,\", \"tokens\": [50364, 286, 914, 11, 286, 478, 445, 1566, 411, 11, 50442], \"temperature\": 0.0, \"avg_logprob\": -0.33121490478515625, \"compression_ratio\": 1.8817204236984253, \"no_speech_prob\": 0.0015978241572156549}, {\"id\": 125, \"seek\": 22596, \"start\": 227.52000427246094, \"end\": 230.60000610351562, \"text\": \" so for me personally, like if I'm with a girl\", \"tokens\": [50442, 370, 337, 385, 5665, 11, 411, 498, 286, 478, 365, 257, 2013, 50596], \"temperature\": 0.0, \"avg_logprob\": -0.33121490478515625, \"compression_ratio\": 1.8817204236984253, \"no_speech_prob\": 0.0015978241572156549}, {\"id\": 126, \"seek\": 22596, \"start\": 230.60000610351562, \"end\": 232.44000244140625, \"text\": \" and I'm in the entertainment industry myself,\", \"tokens\": [50596, 293, 286, 478, 294, 264, 12393, 3518, 2059, 11, 50688], \"temperature\": 0.0, \"avg_logprob\": -0.33121490478515625, \"compression_ratio\": 1.8817204236984253, \"no_speech_prob\": 0.0015978241572156549}, {\"id\": 127, \"seek\": 22596, \"start\": 232.44000244140625, \"end\": 233.72000122070312, \"text\": \" like if I bring a girl around\", \"tokens\": [50688, 411, 498, 286, 1565, 257, 2013, 926, 50752], \"temperature\": 0.0, \"avg_logprob\": -0.33121490478515625, \"compression_ratio\": 1.8817204236984253, \"no_speech_prob\": 0.0015978241572156549}, {\"id\": 128, \"seek\": 22596, \"start\": 233.72000122070312, \"end\": 234.9600067138672, \"text\": \" and everybody looking at me like,\", \"tokens\": [50752, 293, 2201, 1237, 412, 385, 411, 11, 50814], \"temperature\": 0.0, \"avg_logprob\": -0.33121490478515625, \"compression_ratio\": 1.8817204236984253, \"no_speech_prob\": 0.0015978241572156549}, {\"id\": 129, \"seek\": 22596, \"start\": 234.9600067138672, \"end\": 238.60000610351562, \"text\": \" dang man, you were her, you brought her to the VIP booth.\", \"tokens\": [50814, 21892, 587, 11, 291, 645, 720, 11, 291, 3038, 720, 281, 264, 29732, 20912, 13, 50996], \"temperature\": 0.0, \"avg_logprob\": -0.33121490478515625, \"compression_ratio\": 1.8817204236984253, \"no_speech_prob\": 0.0015978241572156549}, {\"id\": 130, \"seek\": 22596, \"start\": 238.60000610351562, \"end\": 239.8800048828125, \"text\": \" You know, that happened to me before.\", \"tokens\": [50996, 509, 458, 11, 300, 2011, 281, 385, 949, 13, 51060], \"temperature\": 0.0, \"avg_logprob\": -0.33121490478515625, \"compression_ratio\": 1.8817204236984253, \"no_speech_prob\": 0.0015978241572156549}, {\"id\": 131, \"seek\": 22596, \"start\": 239.8800048828125, \"end\": 241.24000549316406, \"text\": \" So I'm like, I ain't trying to deal with that.\", \"tokens\": [51060, 407, 286, 478, 411, 11, 286, 7862, 380, 1382, 281, 2028, 365, 300, 13, 51128], \"temperature\": 0.0, \"avg_logprob\": -0.33121490478515625, \"compression_ratio\": 1.8817204236984253, \"no_speech_prob\": 0.0015978241572156549}, {\"id\": 132, \"seek\": 22596, \"start\": 241.24000549316406, \"end\": 242.27999877929688, \"text\": \" Dang good or dang bad?\", \"tokens\": [51128, 29580, 665, 420, 21892, 1578, 30, 51180], \"temperature\": 0.0, \"avg_logprob\": -0.33121490478515625, \"compression_ratio\": 1.8817204236984253, \"no_speech_prob\": 0.0015978241572156549}, {\"id\": 133, \"seek\": 22596, \"start\": 242.27999877929688, \"end\": 243.1199951171875, \"text\": \" No, dang bad.\", \"tokens\": [51180, 883, 11, 21892, 1578, 13, 51222], \"temperature\": 0.0, \"avg_logprob\": -0.33121490478515625, \"compression_ratio\": 1.8817204236984253, \"no_speech_prob\": 0.0015978241572156549}, {\"id\": 134, \"seek\": 22596, \"start\": 243.1199951171875, \"end\": 243.9600067138672, \"text\": \" Why is it bad if you bring the VIP booth?\", \"tokens\": [51222, 1545, 307, 309, 1578, 498, 291, 1565, 264, 29732, 20912, 30, 51264], \"temperature\": 0.0, \"avg_logprob\": -0.33121490478515625, \"compression_ratio\": 1.8817204236984253, \"no_speech_prob\": 0.0015978241572156549}, {\"id\": 135, \"seek\": 22596, \"start\": 243.9600067138672, \"end\": 246.0800018310547, \"text\": \" Because it's like, dang, you bring this girl around\", \"tokens\": [51264, 1436, 309, 311, 411, 11, 21892, 11, 291, 1565, 341, 2013, 926, 51370], \"temperature\": 0.0, \"avg_logprob\": -0.33121490478515625, \"compression_ratio\": 1.8817204236984253, \"no_speech_prob\": 0.0015978241572156549}, {\"id\": 136, \"seek\": 22596, \"start\": 246.0800018310547, \"end\": 247.67999267578125, \"text\": \" and she done been with all these different guys.\", \"tokens\": [51370, 293, 750, 1096, 668, 365, 439, 613, 819, 1074, 13, 51450], \"temperature\": 0.0, \"avg_logprob\": -0.33121490478515625, \"compression_ratio\": 1.8817204236984253, \"no_speech_prob\": 0.0015978241572156549}, {\"id\": 137, \"seek\": 22596, \"start\": 247.67999267578125, \"end\": 248.52000427246094, \"text\": \" Oh, got it, got it.\", \"tokens\": [51450, 876, 11, 658, 309, 11, 658, 309, 13, 51492], \"temperature\": 0.0, \"avg_logprob\": -0.33121490478515625, \"compression_ratio\": 1.8817204236984253, \"no_speech_prob\": 0.0015978241572156549}, {\"id\": 138, \"seek\": 22596, \"start\": 248.52000427246094, \"end\": 249.36000061035156, \"text\": \" And it's like, whoa, that make me look bad.\", \"tokens\": [51492, 400, 309, 311, 411, 11, 13310, 11, 300, 652, 385, 574, 1578, 13, 51534], \"temperature\": 0.0, \"avg_logprob\": -0.33121490478515625, \"compression_ratio\": 1.8817204236984253, \"no_speech_prob\": 0.0015978241572156549}, {\"id\": 139, \"seek\": 22596, \"start\": 249.36000061035156, \"end\": 250.67999267578125, \"text\": \" You don't think that's like, okay,\", \"tokens\": [51534, 509, 500, 380, 519, 300, 311, 411, 11, 1392, 11, 51600], \"temperature\": 0.0, \"avg_logprob\": -0.33121490478515625, \"compression_ratio\": 1.8817204236984253, \"no_speech_prob\": 0.0015978241572156549}, {\"id\": 140, \"seek\": 22596, \"start\": 250.67999267578125, \"end\": 253.72000122070312, \"text\": \" I feel like when men, when men bring like women\", \"tokens\": [51600, 286, 841, 411, 562, 1706, 11, 562, 1706, 1565, 411, 2266, 51752], \"temperature\": 0.0, \"avg_logprob\": -0.33121490478515625, \"compression_ratio\": 1.8817204236984253, \"no_speech_prob\": 0.0015978241572156549}, {\"id\": 141, \"seek\": 22596, \"start\": 253.72000122070312, \"end\": 255.44000244140625, \"text\": \" and attractive women, they're like, oh well.\", \"tokens\": [51752, 293, 12609, 2266, 11, 436, 434, 411, 11, 1954, 731, 13, 51838], \"temperature\": 0.0, \"avg_logprob\": -0.33121490478515625, \"compression_ratio\": 1.8817204236984253, \"no_speech_prob\": 0.0015978241572156549}, {\"id\": 142, \"seek\": 25544, \"start\": 255.9600067138672, \"end\": 257.2799987792969, \"text\": \" Okay, so you're saying two different things.\", \"tokens\": [50390, 1033, 11, 370, 291, 434, 1566, 732, 819, 721, 13, 50456], \"temperature\": 0.0, \"avg_logprob\": -0.3425973355770111, \"compression_ratio\": 1.873494029045105, \"no_speech_prob\": 0.008315525017678738}, {\"id\": 143, \"seek\": 25544, \"start\": 257.2799987792969, \"end\": 259.1600036621094, \"text\": \" He's saying it's okay, it's good if she's hot,\", \"tokens\": [50456, 634, 311, 1566, 309, 311, 1392, 11, 309, 311, 665, 498, 750, 311, 2368, 11, 50550], \"temperature\": 0.0, \"avg_logprob\": -0.3425973355770111, \"compression_ratio\": 1.873494029045105, \"no_speech_prob\": 0.008315525017678738}, {\"id\": 144, \"seek\": 25544, \"start\": 259.1600036621094, \"end\": 261.1600036621094, \"text\": \" but not good if she slept with a bunch of the dudes.\", \"tokens\": [50550, 457, 406, 665, 498, 750, 17400, 365, 257, 3840, 295, 264, 27717, 13, 50650], \"temperature\": 0.0, \"avg_logprob\": -0.3425973355770111, \"compression_ratio\": 1.873494029045105, \"no_speech_prob\": 0.008315525017678738}, {\"id\": 145, \"seek\": 25544, \"start\": 261.1600036621094, \"end\": 263.1600036621094, \"text\": \" You're saying she's uncanny, which means she's hot.\", \"tokens\": [50650, 509, 434, 1566, 750, 311, 6219, 11612, 11, 597, 1355, 750, 311, 2368, 13, 50750], \"temperature\": 0.0, \"avg_logprob\": -0.3425973355770111, \"compression_ratio\": 1.873494029045105, \"no_speech_prob\": 0.008315525017678738}, {\"id\": 146, \"seek\": 25544, \"start\": 263.1600036621094, \"end\": 266.239990234375, \"text\": \" I was gonna say, just because a girl has a lot of followers\", \"tokens\": [50750, 286, 390, 799, 584, 11, 445, 570, 257, 2013, 575, 257, 688, 295, 13071, 50904], \"temperature\": 0.0, \"avg_logprob\": -0.3425973355770111, \"compression_ratio\": 1.873494029045105, \"no_speech_prob\": 0.008315525017678738}, {\"id\": 147, \"seek\": 25544, \"start\": 266.239990234375, \"end\": 268.44000244140625, \"text\": \" or just because she is a model\", \"tokens\": [50904, 420, 445, 570, 750, 307, 257, 2316, 51014], \"temperature\": 0.0, \"avg_logprob\": -0.3425973355770111, \"compression_ratio\": 1.873494029045105, \"no_speech_prob\": 0.008315525017678738}, {\"id\": 148, \"seek\": 25544, \"start\": 268.44000244140625, \"end\": 271.0, \"text\": \" does not mean she's been with a lot of men.\", \"tokens\": [51014, 775, 406, 914, 750, 311, 668, 365, 257, 688, 295, 1706, 13, 51142], \"temperature\": 0.0, \"avg_logprob\": -0.3425973355770111, \"compression_ratio\": 1.873494029045105, \"no_speech_prob\": 0.008315525017678738}, {\"id\": 149, \"seek\": 25544, \"start\": 271.0, \"end\": 273.0799865722656, \"text\": \" Right, but I like models though.\", \"tokens\": [51142, 1779, 11, 457, 286, 411, 5245, 1673, 13, 51246], \"temperature\": 0.0, \"avg_logprob\": -0.3425973355770111, \"compression_ratio\": 1.873494029045105, \"no_speech_prob\": 0.008315525017678738}, {\"id\": 150, \"seek\": 25544, \"start\": 273.0799865722656, \"end\": 275.8399963378906, \"text\": \" I think we need to take a step back on that.\", \"tokens\": [51246, 286, 519, 321, 643, 281, 747, 257, 1823, 646, 322, 300, 13, 51384], \"temperature\": 0.0, \"avg_logprob\": -0.3425973355770111, \"compression_ratio\": 1.873494029045105, \"no_speech_prob\": 0.008315525017678738}, {\"id\": 151, \"seek\": 25544, \"start\": 275.8399963378906, \"end\": 277.5199890136719, \"text\": \" That's what men typically have played into it.\", \"tokens\": [51384, 663, 311, 437, 1706, 5850, 362, 3737, 666, 309, 13, 51468], \"temperature\": 0.0, \"avg_logprob\": -0.3425973355770111, \"compression_ratio\": 1.873494029045105, \"no_speech_prob\": 0.008315525017678738}, {\"id\": 152, \"seek\": 25544, \"start\": 277.5199890136719, \"end\": 279.8399963378906, \"text\": \" I think that a lot of them think if you have more followers\", \"tokens\": [51468, 286, 519, 300, 257, 688, 295, 552, 519, 498, 291, 362, 544, 13071, 51584], \"temperature\": 0.0, \"avg_logprob\": -0.3425973355770111, \"compression_ratio\": 1.873494029045105, \"no_speech_prob\": 0.008315525017678738}, {\"id\": 153, \"seek\": 25544, \"start\": 279.8399963378906, \"end\": 281.0799865722656, \"text\": \" that you've slept with more people.\", \"tokens\": [51584, 300, 291, 600, 17400, 365, 544, 561, 13, 51646], \"temperature\": 0.0, \"avg_logprob\": -0.3425973355770111, \"compression_ratio\": 1.873494029045105, \"no_speech_prob\": 0.008315525017678738}, {\"id\": 154, \"seek\": 25544, \"start\": 281.0799865722656, \"end\": 281.9200134277344, \"text\": \" Exactly.\", \"tokens\": [51646, 7587, 13, 51688], \"temperature\": 0.0, \"avg_logprob\": -0.3425973355770111, \"compression_ratio\": 1.873494029045105, \"no_speech_prob\": 0.008315525017678738}, {\"id\": 155, \"seek\": 25544, \"start\": 281.9200134277344, \"end\": 284.0, \"text\": \" Yeah, I think in their, like it's again, a number of people.\", \"tokens\": [51688, 865, 11, 286, 519, 294, 641, 11, 411, 309, 311, 797, 11, 257, 1230, 295, 561, 13, 51792], \"temperature\": 0.0, \"avg_logprob\": -0.3425973355770111, \"compression_ratio\": 1.873494029045105, \"no_speech_prob\": 0.008315525017678738}, {\"id\": 156, \"seek\": 28400, \"start\": 284.0, \"end\": 287.0400085449219, \"text\": \" I've literally heard from another podcast that was like,\", \"tokens\": [50364, 286, 600, 3736, 2198, 490, 1071, 7367, 300, 390, 411, 11, 50516], \"temperature\": 0.0, \"avg_logprob\": -0.3082772195339203, \"compression_ratio\": 1.828080177307129, \"no_speech_prob\": 0.0022871666587889194}, {\"id\": 157, \"seek\": 28400, \"start\": 287.0400085449219, \"end\": 289.3999938964844, \"text\": \" men literally want to just sleep with influencers\", \"tokens\": [50516, 1706, 3736, 528, 281, 445, 2817, 365, 38646, 50634], \"temperature\": 0.0, \"avg_logprob\": -0.3082772195339203, \"compression_ratio\": 1.828080177307129, \"no_speech_prob\": 0.0022871666587889194}, {\"id\": 158, \"seek\": 28400, \"start\": 289.3999938964844, \"end\": 290.55999755859375, \"text\": \" and not date them or marry them.\", \"tokens\": [50634, 293, 406, 4002, 552, 420, 9747, 552, 13, 50692], \"temperature\": 0.0, \"avg_logprob\": -0.3082772195339203, \"compression_ratio\": 1.828080177307129, \"no_speech_prob\": 0.0022871666587889194}, {\"id\": 159, \"seek\": 28400, \"start\": 290.55999755859375, \"end\": 291.7200012207031, \"text\": \" Okay, so let me ask you a question.\", \"tokens\": [50692, 1033, 11, 370, 718, 385, 1029, 291, 257, 1168, 13, 50750], \"temperature\": 0.0, \"avg_logprob\": -0.3082772195339203, \"compression_ratio\": 1.828080177307129, \"no_speech_prob\": 0.0022871666587889194}, {\"id\": 160, \"seek\": 28400, \"start\": 291.7200012207031, \"end\": 293.2799987792969, \"text\": \" Recreational use only.\", \"tokens\": [50750, 9647, 265, 1478, 764, 787, 13, 50828], \"temperature\": 0.0, \"avg_logprob\": -0.3082772195339203, \"compression_ratio\": 1.828080177307129, \"no_speech_prob\": 0.0022871666587889194}, {\"id\": 161, \"seek\": 28400, \"start\": 293.2799987792969, \"end\": 295.239990234375, \"text\": \" That is what a podcast that was.\", \"tokens\": [50828, 663, 307, 437, 257, 7367, 300, 390, 13, 50926], \"temperature\": 0.0, \"avg_logprob\": -0.3082772195339203, \"compression_ratio\": 1.828080177307129, \"no_speech_prob\": 0.0022871666587889194}, {\"id\": 162, \"seek\": 28400, \"start\": 295.239990234375, \"end\": 296.2799987792969, \"text\": \" Because that is what happened.\", \"tokens\": [50926, 1436, 300, 307, 437, 2011, 13, 50978], \"temperature\": 0.0, \"avg_logprob\": -0.3082772195339203, \"compression_ratio\": 1.828080177307129, \"no_speech_prob\": 0.0022871666587889194}, {\"id\": 163, \"seek\": 28400, \"start\": 296.2799987792969, \"end\": 297.7200012207031, \"text\": \" I'm not gonna say it, but yeah.\", \"tokens\": [50978, 286, 478, 406, 799, 584, 309, 11, 457, 1338, 13, 51050], \"temperature\": 0.0, \"avg_logprob\": -0.3082772195339203, \"compression_ratio\": 1.828080177307129, \"no_speech_prob\": 0.0022871666587889194}, {\"id\": 164, \"seek\": 28400, \"start\": 297.7200012207031, \"end\": 298.6400146484375, \"text\": \" That is what happened.\", \"tokens\": [51050, 663, 307, 437, 2011, 13, 51096], \"temperature\": 0.0, \"avg_logprob\": -0.3082772195339203, \"compression_ratio\": 1.828080177307129, \"no_speech_prob\": 0.0022871666587889194}, {\"id\": 165, \"seek\": 28400, \"start\": 298.6400146484375, \"end\": 300.4800109863281, \"text\": \" That is exactly what happened to Mia Khalifa.\", \"tokens\": [51096, 663, 307, 2293, 437, 2011, 281, 28545, 27724, 29634, 13, 51188], \"temperature\": 0.0, \"avg_logprob\": -0.3082772195339203, \"compression_ratio\": 1.828080177307129, \"no_speech_prob\": 0.0022871666587889194}, {\"id\": 166, \"seek\": 28400, \"start\": 300.4800109863281, \"end\": 302.20001220703125, \"text\": \" Whether or not she recognizes her,\", \"tokens\": [51188, 8503, 420, 406, 750, 26564, 720, 11, 51274], \"temperature\": 0.0, \"avg_logprob\": -0.3082772195339203, \"compression_ratio\": 1.828080177307129, \"no_speech_prob\": 0.0022871666587889194}, {\"id\": 167, \"seek\": 28400, \"start\": 302.20001220703125, \"end\": 304.2799987792969, \"text\": \" or a situation happened where she got out of porn\", \"tokens\": [51274, 420, 257, 2590, 2011, 689, 750, 658, 484, 295, 19444, 51378], \"temperature\": 0.0, \"avg_logprob\": -0.3082772195339203, \"compression_ratio\": 1.828080177307129, \"no_speech_prob\": 0.0022871666587889194}, {\"id\": 168, \"seek\": 28400, \"start\": 304.2799987792969, \"end\": 305.3599853515625, \"text\": \" and she started dating men\", \"tokens\": [51378, 293, 750, 1409, 10689, 1706, 51432], \"temperature\": 0.0, \"avg_logprob\": -0.3082772195339203, \"compression_ratio\": 1.828080177307129, \"no_speech_prob\": 0.0022871666587889194}, {\"id\": 169, \"seek\": 28400, \"start\": 305.3599853515625, \"end\": 307.67999267578125, \"text\": \" and then she came to the realization too late\", \"tokens\": [51432, 293, 550, 750, 1361, 281, 264, 25138, 886, 3469, 51548], \"temperature\": 0.0, \"avg_logprob\": -0.3082772195339203, \"compression_ratio\": 1.828080177307129, \"no_speech_prob\": 0.0022871666587889194}, {\"id\": 170, \"seek\": 28400, \"start\": 307.67999267578125, \"end\": 310.0400085449219, \"text\": \" that these men, she was dating the man of her dreams.\", \"tokens\": [51548, 300, 613, 1706, 11, 750, 390, 10689, 264, 587, 295, 720, 7505, 13, 51666], \"temperature\": 0.0, \"avg_logprob\": -0.3082772195339203, \"compression_ratio\": 1.828080177307129, \"no_speech_prob\": 0.0022871666587889194}, {\"id\": 171, \"seek\": 28400, \"start\": 310.0400085449219, \"end\": 312.0799865722656, \"text\": \" He was dating his favorite porn star.\", \"tokens\": [51666, 634, 390, 10689, 702, 2954, 19444, 3543, 13, 51768], \"temperature\": 0.0, \"avg_logprob\": -0.3082772195339203, \"compression_ratio\": 1.828080177307129, \"no_speech_prob\": 0.0022871666587889194}, {\"id\": 172, \"seek\": 28400, \"start\": 312.0799865722656, \"end\": 313.5199890136719, \"text\": \" Yes, that happens a lot.\", \"tokens\": [51768, 1079, 11, 300, 2314, 257, 688, 13, 51840], \"temperature\": 0.0, \"avg_logprob\": -0.3082772195339203, \"compression_ratio\": 1.828080177307129, \"no_speech_prob\": 0.0022871666587889194}, {\"id\": 173, \"seek\": 31352, \"start\": 313.55999755859375, \"end\": 314.8399963378906, \"text\": \" And that's essentially what happened.\", \"tokens\": [50366, 400, 300, 311, 4476, 437, 2011, 13, 50430], \"temperature\": 0.0, \"avg_logprob\": -0.185521200299263, \"compression_ratio\": 1.822857141494751, \"no_speech_prob\": 0.01363573968410492}, {\"id\": 174, \"seek\": 31352, \"start\": 314.8399963378906, \"end\": 316.79998779296875, \"text\": \" But again, guys, I'm gonna play devil's advocate\", \"tokens\": [50430, 583, 797, 11, 1074, 11, 286, 478, 799, 862, 13297, 311, 14608, 50528], \"temperature\": 0.0, \"avg_logprob\": -0.185521200299263, \"compression_ratio\": 1.822857141494751, \"no_speech_prob\": 0.01363573968410492}, {\"id\": 175, \"seek\": 31352, \"start\": 316.79998779296875, \"end\": 317.6400146484375, \"text\": \" one more time.\", \"tokens\": [50528, 472, 544, 565, 13, 50570], \"temperature\": 0.0, \"avg_logprob\": -0.185521200299263, \"compression_ratio\": 1.822857141494751, \"no_speech_prob\": 0.01363573968410492}, {\"id\": 176, \"seek\": 31352, \"start\": 317.6400146484375, \"end\": 320.32000732421875, \"text\": \" Do you understand how it's not easier for a man\", \"tokens\": [50570, 1144, 291, 1223, 577, 309, 311, 406, 3571, 337, 257, 587, 50704], \"temperature\": 0.0, \"avg_logprob\": -0.185521200299263, \"compression_ratio\": 1.822857141494751, \"no_speech_prob\": 0.01363573968410492}, {\"id\": 177, \"seek\": 31352, \"start\": 320.32000732421875, \"end\": 322.760009765625, \"text\": \" in a relationship when you have more followers\", \"tokens\": [50704, 294, 257, 2480, 562, 291, 362, 544, 13071, 50826], \"temperature\": 0.0, \"avg_logprob\": -0.185521200299263, \"compression_ratio\": 1.822857141494751, \"no_speech_prob\": 0.01363573968410492}, {\"id\": 178, \"seek\": 31352, \"start\": 322.760009765625, \"end\": 323.8800048828125, \"text\": \" and you get more attention?\", \"tokens\": [50826, 293, 291, 483, 544, 3202, 30, 50882], \"temperature\": 0.0, \"avg_logprob\": -0.185521200299263, \"compression_ratio\": 1.822857141494751, \"no_speech_prob\": 0.01363573968410492}, {\"id\": 179, \"seek\": 31352, \"start\": 323.8800048828125, \"end\": 325.760009765625, \"text\": \" Do you understand that that could be a man's preference\", \"tokens\": [50882, 1144, 291, 1223, 300, 300, 727, 312, 257, 587, 311, 17502, 50976], \"temperature\": 0.0, \"avg_logprob\": -0.185521200299263, \"compression_ratio\": 1.822857141494751, \"no_speech_prob\": 0.01363573968410492}, {\"id\": 180, \"seek\": 31352, \"start\": 325.760009765625, \"end\": 328.0400085449219, \"text\": \" and that doesn't make him a fucking misogynist\", \"tokens\": [50976, 293, 300, 1177, 380, 652, 796, 257, 5546, 3346, 664, 2534, 468, 51090], \"temperature\": 0.0, \"avg_logprob\": -0.185521200299263, \"compression_ratio\": 1.822857141494751, \"no_speech_prob\": 0.01363573968410492}, {\"id\": 181, \"seek\": 31352, \"start\": 328.0400085449219, \"end\": 330.0799865722656, \"text\": \" because he has a preference, you understand?\", \"tokens\": [51090, 570, 415, 575, 257, 17502, 11, 291, 1223, 30, 51192], \"temperature\": 0.0, \"avg_logprob\": -0.185521200299263, \"compression_ratio\": 1.822857141494751, \"no_speech_prob\": 0.01363573968410492}, {\"id\": 182, \"seek\": 31352, \"start\": 330.0799865722656, \"end\": 332.44000244140625, \"text\": \" The thing is, I don't, the reason why CJ and I,\", \"tokens\": [51192, 440, 551, 307, 11, 286, 500, 380, 11, 264, 1778, 983, 42285, 293, 286, 11, 51310], \"temperature\": 0.0, \"avg_logprob\": -0.185521200299263, \"compression_ratio\": 1.822857141494751, \"no_speech_prob\": 0.01363573968410492}, {\"id\": 183, \"seek\": 31352, \"start\": 332.44000244140625, \"end\": 334.8399963378906, \"text\": \" like we agree on this is because she's fully aware\", \"tokens\": [51310, 411, 321, 3986, 322, 341, 307, 570, 750, 311, 4498, 3650, 51430], \"temperature\": 0.0, \"avg_logprob\": -0.185521200299263, \"compression_ratio\": 1.822857141494751, \"no_speech_prob\": 0.01363573968410492}, {\"id\": 184, \"seek\": 31352, \"start\": 334.8399963378906, \"end\": 336.3999938964844, \"text\": \" of the bear trap she's stepping in.\", \"tokens\": [51430, 295, 264, 6155, 11487, 750, 311, 16821, 294, 13, 51508], \"temperature\": 0.0, \"avg_logprob\": -0.185521200299263, \"compression_ratio\": 1.822857141494751, \"no_speech_prob\": 0.01363573968410492}, {\"id\": 185, \"seek\": 31352, \"start\": 336.3999938964844, \"end\": 338.5199890136719, \"text\": \" Just as long as you're aware, I don't give a fuck,\", \"tokens\": [51508, 1449, 382, 938, 382, 291, 434, 3650, 11, 286, 500, 380, 976, 257, 3275, 11, 51614], \"temperature\": 0.0, \"avg_logprob\": -0.185521200299263, \"compression_ratio\": 1.822857141494751, \"no_speech_prob\": 0.01363573968410492}, {\"id\": 186, \"seek\": 31352, \"start\": 338.5199890136719, \"end\": 339.6400146484375, \"text\": \" but you need to be aware.\", \"tokens\": [51614, 457, 291, 643, 281, 312, 3650, 13, 51670], \"temperature\": 0.0, \"avg_logprob\": -0.185521200299263, \"compression_ratio\": 1.822857141494751, \"no_speech_prob\": 0.01363573968410492}, {\"id\": 187, \"seek\": 31352, \"start\": 339.6400146484375, \"end\": 342.3999938964844, \"text\": \" Don't tell me that you aren't aware of the bear trap.\", \"tokens\": [51670, 1468, 380, 980, 385, 300, 291, 3212, 380, 3650, 295, 264, 6155, 11487, 13, 51808], \"temperature\": 0.0, \"avg_logprob\": -0.185521200299263, \"compression_ratio\": 1.822857141494751, \"no_speech_prob\": 0.01363573968410492}, {\"id\": 188, \"seek\": 34240, \"start\": 342.3999938964844, \"end\": 345.32000732421875, \"text\": \" Meaning it's like, yes, I do all this stuff\", \"tokens\": [50364, 19948, 309, 311, 411, 11, 2086, 11, 286, 360, 439, 341, 1507, 50510], \"temperature\": 0.0, \"avg_logprob\": -0.22027036547660828, \"compression_ratio\": 1.7361111640930176, \"no_speech_prob\": 0.0014103192370384932}, {\"id\": 189, \"seek\": 34240, \"start\": 345.32000732421875, \"end\": 346.760009765625, \"text\": \" and I fucked all these guys on my OF\", \"tokens\": [50510, 293, 286, 22518, 439, 613, 1074, 322, 452, 11944, 50582], \"temperature\": 0.0, \"avg_logprob\": -0.22027036547660828, \"compression_ratio\": 1.7361111640930176, \"no_speech_prob\": 0.0014103192370384932}, {\"id\": 190, \"seek\": 34240, \"start\": 346.760009765625, \"end\": 348.239990234375, \"text\": \" and for some reason, these guys don't like me\", \"tokens\": [50582, 293, 337, 512, 1778, 11, 613, 1074, 500, 380, 411, 385, 50656], \"temperature\": 0.0, \"avg_logprob\": -0.22027036547660828, \"compression_ratio\": 1.7361111640930176, \"no_speech_prob\": 0.0014103192370384932}, {\"id\": 191, \"seek\": 34240, \"start\": 348.239990234375, \"end\": 349.4800109863281, \"text\": \" and that's not fair.\", \"tokens\": [50656, 293, 300, 311, 406, 3143, 13, 50718], \"temperature\": 0.0, \"avg_logprob\": -0.22027036547660828, \"compression_ratio\": 1.7361111640930176, \"no_speech_prob\": 0.0014103192370384932}, {\"id\": 192, \"seek\": 34240, \"start\": 349.4800109863281, \"end\": 350.32000732421875, \"text\": \" No, no, no, no, no, no.\", \"tokens\": [50718, 883, 11, 572, 11, 572, 11, 572, 11, 572, 11, 572, 13, 50760], \"temperature\": 0.0, \"avg_logprob\": -0.22027036547660828, \"compression_ratio\": 1.7361111640930176, \"no_speech_prob\": 0.0014103192370384932}, {\"id\": 193, \"seek\": 34240, \"start\": 350.32000732421875, \"end\": 352.3599853515625, \"text\": \" See, I think girls need to realize\", \"tokens\": [50760, 3008, 11, 286, 519, 4519, 643, 281, 4325, 50862], \"temperature\": 0.0, \"avg_logprob\": -0.22027036547660828, \"compression_ratio\": 1.7361111640930176, \"no_speech_prob\": 0.0014103192370384932}, {\"id\": 194, \"seek\": 34240, \"start\": 352.3599853515625, \"end\": 354.7200012207031, \"text\": \" it has to be one way or the other.\", \"tokens\": [50862, 309, 575, 281, 312, 472, 636, 420, 264, 661, 13, 50980], \"temperature\": 0.0, \"avg_logprob\": -0.22027036547660828, \"compression_ratio\": 1.7361111640930176, \"no_speech_prob\": 0.0014103192370384932}, {\"id\": 195, \"seek\": 34240, \"start\": 354.7200012207031, \"end\": 359.7200012207031, \"text\": \" Like you either preserve your traditionalness,\", \"tokens\": [50980, 1743, 291, 2139, 15665, 428, 5164, 1287, 11, 51230], \"temperature\": 0.0, \"avg_logprob\": -0.22027036547660828, \"compression_ratio\": 1.7361111640930176, \"no_speech_prob\": 0.0014103192370384932}, {\"id\": 196, \"seek\": 34240, \"start\": 359.7200012207031, \"end\": 363.0, \"text\": \" you might say, or if, depending on what kind of men,\", \"tokens\": [51230, 291, 1062, 584, 11, 420, 498, 11, 5413, 322, 437, 733, 295, 1706, 11, 51394], \"temperature\": 0.0, \"avg_logprob\": -0.22027036547660828, \"compression_ratio\": 1.7361111640930176, \"no_speech_prob\": 0.0014103192370384932}, {\"id\": 197, \"seek\": 34240, \"start\": 363.0, \"end\": 365.1600036621094, \"text\": \" if you don't really mind, like, oh, you know,\", \"tokens\": [51394, 498, 291, 500, 380, 534, 1575, 11, 411, 11, 1954, 11, 291, 458, 11, 51502], \"temperature\": 0.0, \"avg_logprob\": -0.22027036547660828, \"compression_ratio\": 1.7361111640930176, \"no_speech_prob\": 0.0014103192370384932}, {\"id\": 198, \"seek\": 34240, \"start\": 365.1600036621094, \"end\": 367.3599853515625, \"text\": \" I'll settle down with someone who's aight, you know,\", \"tokens\": [51502, 286, 603, 11852, 760, 365, 1580, 567, 311, 257, 397, 11, 291, 458, 11, 51612], \"temperature\": 0.0, \"avg_logprob\": -0.22027036547660828, \"compression_ratio\": 1.7361111640930176, \"no_speech_prob\": 0.0014103192370384932}, {\"id\": 199, \"seek\": 34240, \"start\": 367.3599853515625, \"end\": 368.20001220703125, \"text\": \" in the end.\", \"tokens\": [51612, 294, 264, 917, 13, 51654], \"temperature\": 0.0, \"avg_logprob\": -0.22027036547660828, \"compression_ratio\": 1.7361111640930176, \"no_speech_prob\": 0.0014103192370384932}, {\"id\": 200, \"seek\": 34240, \"start\": 368.20001220703125, \"end\": 371.9599914550781, \"text\": \" But if you want someone who has all these boxes\", \"tokens\": [51654, 583, 498, 291, 528, 1580, 567, 575, 439, 613, 9002, 51842], \"temperature\": 0.0, \"avg_logprob\": -0.22027036547660828, \"compression_ratio\": 1.7361111640930176, \"no_speech_prob\": 0.0014103192370384932}, {\"id\": 201, \"seek\": 37196, \"start\": 372.55999755859375, \"end\": 376.0, \"text\": \" you wanna check, you also have to put an effort\", \"tokens\": [50394, 291, 1948, 1520, 11, 291, 611, 362, 281, 829, 364, 4630, 50566], \"temperature\": 0.0, \"avg_logprob\": -0.2698012888431549, \"compression_ratio\": 1.529411792755127, \"no_speech_prob\": 0.13470929861068726}, {\"id\": 202, \"seek\": 37196, \"start\": 376.0, \"end\": 378.20001220703125, \"text\": \" in your life to not do things that are gonna make him\", \"tokens\": [50566, 294, 428, 993, 281, 406, 360, 721, 300, 366, 799, 652, 796, 50676], \"temperature\": 0.0, \"avg_logprob\": -0.2698012888431549, \"compression_ratio\": 1.529411792755127, \"no_speech_prob\": 0.13470929861068726}, {\"id\": 203, \"seek\": 37196, \"start\": 378.20001220703125, \"end\": 382.9599914550781, \"text\": \" look bad because no high value guy who's in the very top\", \"tokens\": [50676, 574, 1578, 570, 572, 1090, 2158, 2146, 567, 311, 294, 264, 588, 1192, 50914], \"temperature\": 0.0, \"avg_logprob\": -0.2698012888431549, \"compression_ratio\": 1.529411792755127, \"no_speech_prob\": 0.13470929861068726}, {\"id\": 204, \"seek\": 37196, \"start\": 382.9599914550781, \"end\": 385.760009765625, \"text\": \" wants a woman with stuff that's going to make him bad\", \"tokens\": [50914, 2738, 257, 3059, 365, 1507, 300, 311, 516, 281, 652, 796, 1578, 51054], \"temperature\": 0.0, \"avg_logprob\": -0.2698012888431549, \"compression_ratio\": 1.529411792755127, \"no_speech_prob\": 0.13470929861068726}, {\"id\": 205, \"seek\": 37196, \"start\": 385.760009765625, \"end\": 388.1600036621094, \"text\": \" whether it happened before she knew him or not.\", \"tokens\": [51054, 1968, 309, 2011, 949, 750, 2586, 796, 420, 406, 13, 51174], \"temperature\": 0.0, \"avg_logprob\": -0.2698012888431549, \"compression_ratio\": 1.529411792755127, \"no_speech_prob\": 0.13470929861068726}]}"}