{"title": "Does anyone have experience with this?", "video_id": "fYcuNVgPyVA", "video_url": "https://www.youtube.com/watch?v=fYcuNVgPyVA", "description": "Watch The Full Thing Here : \n\n\u2014\u2014\u2014\u2014\u2014\u2014\u2014\u2014\u2014\u2014\u2014\u2014\u2014\u2014\u2014\u2014\u2014\u2014\u2014\u2014\nFREE: Meet signed models and attend VIP-only events in 7 days:\nhttps://m.moamentoring.com/podcast\n\nFREE: Join the Men of Action community and get access to Michael and the Men of Action team:\nhttps://m.moamentoring.com/moa-community\n\nFREE: Get instant access to the exclusive High-Status Networking course:\nhttps://m.moamentoring.com/high-status-mini-course-yt\n\nWant to make $5k-$20k/mo working from home? Apply for the sales team here:\nhttps://m.moamentoring.com/remote-sales-yt\n\nMen of Action has an affiliate program! Post pre-made content and get paid passively:\nhttps://m.moamentoring.com/affiliate-yt\n\nMichael's Men of Action is a one-on-one Master's program that teaches men how to create elite social lives by becoming higher status.\n\n\u2014\u2014\u2014\u2014\u2014\u2014\u2014\u2014\u2014\u2014\u2014\u2014\u2014\u2014\u2014\u2014\u2014\u2014\u2014\u2014\nSubscribe on Youtube: \nhttps://www.youtube.com/user/MichaelSartain\n\nListen on Apple Podcast: \nhttps://podcasts.apple.com/us/podcast/the-michael-sartain-podcast/id1579791157\n\nListen on Spotify: \nhttps://open.spotify.com/show/2faAYwvDD9Bvkpwv6umlPO?si=8Q3ak9HnSlKjuChsTXr6YQ&dl_branch=1\n\n#michael #michaelsartain #michael_sartain #michael_sartain_podcast", "published_at": "2024-01-10T22:00:36Z", "channel_id": "UC0T1bDzajVefRWx4uKdGyuw", "channel_title": "Michael Sartain", "tags": ["Michael", "Michael Sartain", "Michael Sartain Podcast", "Michael Podcast", "MOA", "Men Of Action", "Michael Sartain Course", "Michael Sartain With Hot Women", "Playboy", "Swimsuit", "Swimsuit Competition", "ichael sartain social circle", "social circle", "how to netowrk", "moa", "moa podcast", "gender wage gap", "gender wage gap myth", "wage gap", "social value", "michael sartain course", "looks money status", "social circle mentorship", "michael sartain social circle game", "men of action podcast", "men of action course"], "category_id": "24", "live_broadcast_content": "none", "duration": 44.0, "dimension": "2d", "definition": "hd", "caption": "false", "view_count": 3476, "like_count": 178, "comment_count": 11, "channel_info": {"title": "Michael Sartain", "description": "\ud83c\udf99Host of The\u00a0Michael Sartain Podcast \n\n\ud83d\udd25Teaching you how to build a network of desirable women and high-status men\n\n\ud83d\udc47 Click the \"Men of Action\" link below now to forge a high-status lifestyle and join the elites \n", "subscriber_count": "80500", "total_views": "29545897", "total_videos": "1481"}, "comments": [], "file_path": "/Users/aelaguiz/workspace/fc_book/audio/raws/fYcuNVgPyVA.mp3", "transcription": "{\"text\": \"When women see a male that is surrounded by other females, they then are more likely to want to be around and more likely to want to mate with that male. In order for this to work, what has to happen is the other females have to see compliance from other females. It's not pre-selection if you grab a girl's hair. It's not pre-selection if you choke a girl in the club. It's not pre-selection if you talk with bass in your voice and act like you're all confident. That's not pre-selection. Females must actual witness positive compliance from other women in order for them to have that attraction paying. It cannot be something where you just like talk about it all the time, bragging to a woman about all your sexual exploits. If she's really attracted to you and she wants to believe they're true, that might actually help you. It could be an attraction trigger, but it's not pre-selection. And what's most likely going to happen is you're just going to look like a creepy dude who's bragging about his sex. \", \"segments\": [{\"id\": 0, \"seek\": 0, \"start\": 0.0, \"end\": 4.519999980926514, \"text\": \" When women see a male that is surrounded by other females, they then are more likely to\", \"tokens\": [50364, 1133, 2266, 536, 257, 7133, 300, 307, 1022, 81, 37706, 538, 661, 21529, 11, 436, 550, 366, 544, 3700, 281, 50590], \"temperature\": 0.0, \"avg_logprob\": -0.1996641755104065, \"compression_ratio\": 2.1118881702423096, \"no_speech_prob\": 0.04885074123740196}, {\"id\": 1, \"seek\": 0, \"start\": 4.519999980926514, \"end\": 7.480000019073486, \"text\": \" want to be around and more likely to want to mate with that male.\", \"tokens\": [50590, 528, 281, 312, 926, 293, 544, 3700, 281, 528, 281, 11709, 365, 300, 7133, 13, 50738], \"temperature\": 0.0, \"avg_logprob\": -0.1996641755104065, \"compression_ratio\": 2.1118881702423096, \"no_speech_prob\": 0.04885074123740196}, {\"id\": 2, \"seek\": 0, \"start\": 7.480000019073486, \"end\": 12.079999923706055, \"text\": \" In order for this to work, what has to happen is the other females have to see compliance\", \"tokens\": [50738, 682, 1668, 337, 341, 281, 589, 11, 437, 575, 281, 1051, 307, 264, 661, 21529, 362, 281, 536, 15882, 50968], \"temperature\": 0.0, \"avg_logprob\": -0.1996641755104065, \"compression_ratio\": 2.1118881702423096, \"no_speech_prob\": 0.04885074123740196}, {\"id\": 3, \"seek\": 0, \"start\": 12.079999923706055, \"end\": 13.15999984741211, \"text\": \" from other females.\", \"tokens\": [50968, 490, 661, 21529, 13, 51022], \"temperature\": 0.0, \"avg_logprob\": -0.1996641755104065, \"compression_ratio\": 2.1118881702423096, \"no_speech_prob\": 0.04885074123740196}, {\"id\": 4, \"seek\": 0, \"start\": 13.15999984741211, \"end\": 15.680000305175781, \"text\": \" It's not pre-selection if you grab a girl's hair.\", \"tokens\": [51022, 467, 311, 406, 659, 12, 405, 5450, 498, 291, 4444, 257, 2013, 311, 2578, 13, 51148], \"temperature\": 0.0, \"avg_logprob\": -0.1996641755104065, \"compression_ratio\": 2.1118881702423096, \"no_speech_prob\": 0.04885074123740196}, {\"id\": 5, \"seek\": 0, \"start\": 15.680000305175781, \"end\": 17.780000686645508, \"text\": \" It's not pre-selection if you choke a girl in the club.\", \"tokens\": [51148, 467, 311, 406, 659, 12, 405, 5450, 498, 291, 34427, 257, 2013, 294, 264, 6482, 13, 51253], \"temperature\": 0.0, \"avg_logprob\": -0.1996641755104065, \"compression_ratio\": 2.1118881702423096, \"no_speech_prob\": 0.04885074123740196}, {\"id\": 6, \"seek\": 0, \"start\": 17.780000686645508, \"end\": 20.8799991607666, \"text\": \" It's not pre-selection if you talk with bass in your voice and act like you're all confident.\", \"tokens\": [51253, 467, 311, 406, 659, 12, 405, 5450, 498, 291, 751, 365, 10136, 294, 428, 3177, 293, 605, 411, 291, 434, 439, 6679, 13, 51408], \"temperature\": 0.0, \"avg_logprob\": -0.1996641755104065, \"compression_ratio\": 2.1118881702423096, \"no_speech_prob\": 0.04885074123740196}, {\"id\": 7, \"seek\": 0, \"start\": 20.8799991607666, \"end\": 22.040000915527344, \"text\": \" That's not pre-selection.\", \"tokens\": [51408, 663, 311, 406, 659, 12, 405, 5450, 13, 51466], \"temperature\": 0.0, \"avg_logprob\": -0.1996641755104065, \"compression_ratio\": 2.1118881702423096, \"no_speech_prob\": 0.04885074123740196}, {\"id\": 8, \"seek\": 0, \"start\": 22.040000915527344, \"end\": 26.31999969482422, \"text\": \" Females must actual witness positive compliance from other women in order for them to have\", \"tokens\": [51466, 479, 443, 4229, 1633, 3539, 7286, 3353, 15882, 490, 661, 2266, 294, 1668, 337, 552, 281, 362, 51680], \"temperature\": 0.0, \"avg_logprob\": -0.1996641755104065, \"compression_ratio\": 2.1118881702423096, \"no_speech_prob\": 0.04885074123740196}, {\"id\": 9, \"seek\": 0, \"start\": 26.31999969482422, \"end\": 27.31999969482422, \"text\": \" that attraction paying.\", \"tokens\": [51680, 300, 17672, 6229, 13, 51730], \"temperature\": 0.0, \"avg_logprob\": -0.1996641755104065, \"compression_ratio\": 2.1118881702423096, \"no_speech_prob\": 0.04885074123740196}, {\"id\": 10, \"seek\": 2732, \"start\": 27.31999969482422, \"end\": 30.440000534057617, \"text\": \" It cannot be something where you just like talk about it all the time, bragging to a\", \"tokens\": [50364, 467, 2644, 312, 746, 689, 291, 445, 411, 751, 466, 309, 439, 264, 565, 11, 1548, 10877, 281, 257, 50520], \"temperature\": 0.0, \"avg_logprob\": -0.23697936534881592, \"compression_ratio\": 1.6625514030456543, \"no_speech_prob\": 0.7875736355781555}, {\"id\": 11, \"seek\": 2732, \"start\": 30.440000534057617, \"end\": 32.20000076293945, \"text\": \" woman about all your sexual exploits.\", \"tokens\": [50520, 3059, 466, 439, 428, 6701, 12382, 1208, 13, 50608], \"temperature\": 0.0, \"avg_logprob\": -0.23697936534881592, \"compression_ratio\": 1.6625514030456543, \"no_speech_prob\": 0.7875736355781555}, {\"id\": 12, \"seek\": 2732, \"start\": 32.20000076293945, \"end\": 35.959999084472656, \"text\": \" If she's really attracted to you and she wants to believe they're true, that might actually\", \"tokens\": [50608, 759, 750, 311, 534, 15912, 281, 291, 293, 750, 2738, 281, 1697, 436, 434, 2074, 11, 300, 1062, 767, 50796], \"temperature\": 0.0, \"avg_logprob\": -0.23697936534881592, \"compression_ratio\": 1.6625514030456543, \"no_speech_prob\": 0.7875736355781555}, {\"id\": 13, \"seek\": 2732, \"start\": 35.959999084472656, \"end\": 36.959999084472656, \"text\": \" help you.\", \"tokens\": [50796, 854, 291, 13, 50846], \"temperature\": 0.0, \"avg_logprob\": -0.23697936534881592, \"compression_ratio\": 1.6625514030456543, \"no_speech_prob\": 0.7875736355781555}, {\"id\": 14, \"seek\": 2732, \"start\": 36.959999084472656, \"end\": 38.58000183105469, \"text\": \" It could be an attraction trigger, but it's not pre-selection.\", \"tokens\": [50846, 467, 727, 312, 364, 17672, 7875, 11, 457, 309, 311, 406, 659, 12, 405, 5450, 13, 50927], \"temperature\": 0.0, \"avg_logprob\": -0.23697936534881592, \"compression_ratio\": 1.6625514030456543, \"no_speech_prob\": 0.7875736355781555}, {\"id\": 15, \"seek\": 2732, \"start\": 38.58000183105469, \"end\": 41.439998626708984, \"text\": \" And what's most likely going to happen is you're just going to look like a creepy dude\", \"tokens\": [50927, 400, 437, 311, 881, 3700, 516, 281, 1051, 307, 291, 434, 445, 516, 281, 574, 411, 257, 14717, 6449, 51070], \"temperature\": 0.0, \"avg_logprob\": -0.23697936534881592, \"compression_ratio\": 1.6625514030456543, \"no_speech_prob\": 0.7875736355781555}, {\"id\": 16, \"seek\": 2732, \"start\": 41.439998626708984, \"end\": 42.880001068115234, \"text\": \" who's bragging about his sex.\", \"tokens\": [51070, 567, 311, 1548, 10877, 466, 702, 3260, 13, 51142], \"temperature\": 0.0, \"avg_logprob\": -0.23697936534881592, \"compression_ratio\": 1.6625514030456543, \"no_speech_prob\": 0.7875736355781555}]}"}