{"title": "Taking A Virgin Male To The Club ft @JackDenmo", "video_id": "gAc-oFFmlF4", "video_url": "https://www.youtube.com/watch?v=gAc-oFFmlF4", "description": "Watch The Full Podcast Here \ud83d\udd17:  https://youtu.be/d68ulNSAHik\n\nReady to build a network of amazing women and high-status men?\n\nMichael\u2019s Men of Action is a one-on-one Master\u2019s program that teaches men how to create elite social lives by becoming higher status.\n\nClick this link to learn how you can have a High-Status lifestyle now:\nhttps://m.moamentoring.com/podcast\n\nClick here to join the Men of Action community and watch the High-Status Networking 101 course:\nhttps://m.moamentoring.com/moa-community\n\u2014\u2014\u2014\u2014\u2014\u2014\u2014\u2014\u2014\u2014\u2014\u2014\u2014\u2014\u2014\u2014\u2014\u2014\u2014\u2014\n\nSubscribe on Youtube: \nhttps://www.youtube.com/user/MichaelSartain\n\nListen on Apple Podcast: \nhttps://podcasts.apple.com/us/podcast/the-michael-sartain-podcast/id1579791157\n\nListen on Spotify: \nhttps://open.spotify.com/show/2faAYwvDD9Bvkpwv6umlPO?si=8Q3ak9HnSlKjuChsTXr6YQ&dl_branch=1", "published_at": "2023-05-31T13:45:01Z", "channel_id": "UC0T1bDzajVefRWx4uKdGyuw", "channel_title": "Michael Sartain", "tags": [], "category_id": "24", "live_broadcast_content": "none", "duration": 227.0, "dimension": "2d", "definition": "hd", "caption": "false", "view_count": 1081, "like_count": 37, "comment_count": 4, "channel_info": {"title": "Michael Sartain", "description": "\ud83c\udf99Host of The\u00a0Michael Sartain Podcast \n\n\ud83d\udd25Teaching you how to build a network of desirable women and high-status men\n\n\ud83d\udc47 Click the \"Men of Action\" link below now to forge a high-status lifestyle and join the elites \n", "subscriber_count": "80500", "total_views": "29545897", "total_videos": "1481"}, "comments": [], "file_path": "/Users/aelaguiz/workspace/fc_book/audio/raws/gAc-oFFmlF4.mp3", "transcription": "{\"text\": \"all these women, what advice would they give to a virgin? And then at the end of the video, as a joke, I'm like, okay guys, if this gets this many likes, we're gonna take a virgin to the club. We're gonna bring them here, make this whole thing. And then it got feedback. And then I set up an email for people to send emails in. I got like hundreds of submissions from around the world. People are like, dude, love your videos. Please take us out. So I got me and like 10 of my buddies and these guys are all fucking chads. We're all wearing suits. We're all tailored, looking good. And we get this guy, we give him like, can we reset real quick? Okay, so first off, you have a video. So you're asking for a virgin to take out to the club, right? Cause I saw the video, the video came out. It's fantastic. When he says chads, like a lot of my, a lot of the people in my, the watchers don't know anything about red pill shit. The chads, you talking about good looking dudes who have been with a lot of women, right? And the videos, the video, you guys look like the guys from Reservoir Dogs. Cause you're all in the black suits with the black ties. Right, you're out going to the club together. And the guy that you're with, you're just like cheering him on. It looks like an offensive coordinator for a football team. It's a really interesting video. And I'm watching it and I'm like, this is so compelling. And at the same time, I'm like, if I try to do this, bro, I would get canceled in two seconds. Yo, you think so? Yeah, I think if I try to do something where I'm like, because the problem was, and you guys did a really good job of this. At the end, you remember the girl gets drunk. So you send her home, which is obviously the smart thing to do. But like, there's always these, so we're skipping ahead here. I think there's two levels to it. There are men who are out there doing shit that is legitimately offensive. Like I totally understand, like you can't, you know, misogynistic stuff where I understand why the algorithm wouldn't like it. There's also a separate group of men who are legitimately just trying to help other men. And the fact that they're trying to help other men is offensive. Does that make sense? Like, and those people, I think, because again, the idea of men being a privileged class, helping other men, it's like, oh, you're trying to force down this misogyny or this masculinity, whenever we talk about testosterone, right? So I talk about testosterone and hormones on this podcast a lot. Oh yeah, yeah, toxic masculinity. Again, it's toxic masculinity because if you get HRT, like I saw some celebrity was like, I don't take an estrogen blocker because estrogen's good. And I'm like, no, man, it's like, there's a certain level that you need to have. And there's like normal levels for men and women, but that's also kind of getting scattered. And so that's what I'm talking about. I don't know what may be canceled, but like some of the stuff on there, I thought it was really funny, but I was just like, I don't know if you can get away with that now. Can you? Oh, dude. Well, so here's the thing, like that it's, I feel like, yeah, you can get away with that. I mean, I was on the fence though, because, you know, I remember there was this big YouTuber that, ah, fuck, I can't remember his name. He's like a blogger and he had some girls over and he bought them booze and then he hooked up with one of them, but she was drunk or something. And then there was this whole fallout. I don't watch YouTube, so I can't remember his name. His name was David or something. And, but he, yeah, they tried to cancel him for that. So, you know, obviously when we did the first movie, we're like, fuck man, we need this guy to get a kill. That would be the perfect cherry on top for the end of the movie. But much like many, you know, actual movies from Hollywood over time, like some classic storytelling type movies, you know, you realize it wasn't actually about the end result the whole time. It was the journey along the way, right? So we were able to wrap the ending, much like, you know, if you've ever seen the movie Cars, it's all about these race cars on the racetrack. And the guy, instead of winning the race, he stops because his friend skids off the track and he helps him. So he doesn't win, but you know, he wins, he loses the battle, but wins the war. So that was kind of how we wrapped it. But yeah, I've noticed that there's. \", \"segments\": [{\"id\": 0, \"seek\": 0, \"start\": 0.0, \"end\": 2.319999933242798, \"text\": \" all these women, what advice would they give to a virgin?\", \"tokens\": [50364, 439, 613, 2266, 11, 437, 5192, 576, 436, 976, 281, 257, 26404, 30, 50480], \"temperature\": 0.0, \"avg_logprob\": -0.21609729528427124, \"compression_ratio\": 1.7971014976501465, \"no_speech_prob\": 0.2537405788898468}, {\"id\": 1, \"seek\": 0, \"start\": 2.319999933242798, \"end\": 3.9800000190734863, \"text\": \" And then at the end of the video, as a joke,\", \"tokens\": [50480, 400, 550, 412, 264, 917, 295, 264, 960, 11, 382, 257, 7647, 11, 50563], \"temperature\": 0.0, \"avg_logprob\": -0.21609729528427124, \"compression_ratio\": 1.7971014976501465, \"no_speech_prob\": 0.2537405788898468}, {\"id\": 2, \"seek\": 0, \"start\": 3.9800000190734863, \"end\": 6.360000133514404, \"text\": \" I'm like, okay guys, if this gets this many likes,\", \"tokens\": [50563, 286, 478, 411, 11, 1392, 1074, 11, 498, 341, 2170, 341, 867, 5902, 11, 50682], \"temperature\": 0.0, \"avg_logprob\": -0.21609729528427124, \"compression_ratio\": 1.7971014976501465, \"no_speech_prob\": 0.2537405788898468}, {\"id\": 3, \"seek\": 0, \"start\": 6.360000133514404, \"end\": 7.900000095367432, \"text\": \" we're gonna take a virgin to the club.\", \"tokens\": [50682, 321, 434, 799, 747, 257, 26404, 281, 264, 6482, 13, 50759], \"temperature\": 0.0, \"avg_logprob\": -0.21609729528427124, \"compression_ratio\": 1.7971014976501465, \"no_speech_prob\": 0.2537405788898468}, {\"id\": 4, \"seek\": 0, \"start\": 7.900000095367432, \"end\": 10.479999542236328, \"text\": \" We're gonna bring them here, make this whole thing.\", \"tokens\": [50759, 492, 434, 799, 1565, 552, 510, 11, 652, 341, 1379, 551, 13, 50888], \"temperature\": 0.0, \"avg_logprob\": -0.21609729528427124, \"compression_ratio\": 1.7971014976501465, \"no_speech_prob\": 0.2537405788898468}, {\"id\": 5, \"seek\": 0, \"start\": 10.479999542236328, \"end\": 11.520000457763672, \"text\": \" And then it got feedback.\", \"tokens\": [50888, 400, 550, 309, 658, 5824, 13, 50940], \"temperature\": 0.0, \"avg_logprob\": -0.21609729528427124, \"compression_ratio\": 1.7971014976501465, \"no_speech_prob\": 0.2537405788898468}, {\"id\": 6, \"seek\": 0, \"start\": 11.520000457763672, \"end\": 15.079999923706055, \"text\": \" And then I set up an email for people to send emails in.\", \"tokens\": [50940, 400, 550, 286, 992, 493, 364, 3796, 337, 561, 281, 2845, 12524, 294, 13, 51118], \"temperature\": 0.0, \"avg_logprob\": -0.21609729528427124, \"compression_ratio\": 1.7971014976501465, \"no_speech_prob\": 0.2537405788898468}, {\"id\": 7, \"seek\": 0, \"start\": 15.079999923706055, \"end\": 17.799999237060547, \"text\": \" I got like hundreds of submissions from around the world.\", \"tokens\": [51118, 286, 658, 411, 6779, 295, 40429, 490, 926, 264, 1002, 13, 51254], \"temperature\": 0.0, \"avg_logprob\": -0.21609729528427124, \"compression_ratio\": 1.7971014976501465, \"no_speech_prob\": 0.2537405788898468}, {\"id\": 8, \"seek\": 0, \"start\": 17.799999237060547, \"end\": 19.579999923706055, \"text\": \" People are like, dude, love your videos.\", \"tokens\": [51254, 3432, 366, 411, 11, 6449, 11, 959, 428, 2145, 13, 51343], \"temperature\": 0.0, \"avg_logprob\": -0.21609729528427124, \"compression_ratio\": 1.7971014976501465, \"no_speech_prob\": 0.2537405788898468}, {\"id\": 9, \"seek\": 0, \"start\": 19.579999923706055, \"end\": 21.0, \"text\": \" Please take us out.\", \"tokens\": [51343, 2555, 747, 505, 484, 13, 51414], \"temperature\": 0.0, \"avg_logprob\": -0.21609729528427124, \"compression_ratio\": 1.7971014976501465, \"no_speech_prob\": 0.2537405788898468}, {\"id\": 10, \"seek\": 0, \"start\": 21.0, \"end\": 22.84000015258789, \"text\": \" So I got me and like 10 of my buddies\", \"tokens\": [51414, 407, 286, 658, 385, 293, 411, 1266, 295, 452, 30649, 51506], \"temperature\": 0.0, \"avg_logprob\": -0.21609729528427124, \"compression_ratio\": 1.7971014976501465, \"no_speech_prob\": 0.2537405788898468}, {\"id\": 11, \"seek\": 0, \"start\": 22.84000015258789, \"end\": 24.6200008392334, \"text\": \" and these guys are all fucking chads.\", \"tokens\": [51506, 293, 613, 1074, 366, 439, 5546, 417, 5834, 13, 51595], \"temperature\": 0.0, \"avg_logprob\": -0.21609729528427124, \"compression_ratio\": 1.7971014976501465, \"no_speech_prob\": 0.2537405788898468}, {\"id\": 12, \"seek\": 0, \"start\": 24.6200008392334, \"end\": 26.079999923706055, \"text\": \" We're all wearing suits.\", \"tokens\": [51595, 492, 434, 439, 4769, 15278, 13, 51668], \"temperature\": 0.0, \"avg_logprob\": -0.21609729528427124, \"compression_ratio\": 1.7971014976501465, \"no_speech_prob\": 0.2537405788898468}, {\"id\": 13, \"seek\": 0, \"start\": 26.079999923706055, \"end\": 27.8799991607666, \"text\": \" We're all tailored, looking good.\", \"tokens\": [51668, 492, 434, 439, 34858, 11, 1237, 665, 13, 51758], \"temperature\": 0.0, \"avg_logprob\": -0.21609729528427124, \"compression_ratio\": 1.7971014976501465, \"no_speech_prob\": 0.2537405788898468}, {\"id\": 14, \"seek\": 0, \"start\": 27.8799991607666, \"end\": 29.719999313354492, \"text\": \" And we get this guy, we give him like,\", \"tokens\": [51758, 400, 321, 483, 341, 2146, 11, 321, 976, 796, 411, 11, 51850], \"temperature\": 0.0, \"avg_logprob\": -0.21609729528427124, \"compression_ratio\": 1.7971014976501465, \"no_speech_prob\": 0.2537405788898468}, {\"id\": 15, \"seek\": 2972, \"start\": 30.639999389648438, \"end\": 31.559999465942383, \"text\": \" can we reset real quick?\", \"tokens\": [50410, 393, 321, 14322, 957, 1702, 30, 50456], \"temperature\": 0.0, \"avg_logprob\": -0.27267220616340637, \"compression_ratio\": 1.8212121725082397, \"no_speech_prob\": 4.069332135259174e-05}, {\"id\": 16, \"seek\": 2972, \"start\": 31.559999465942383, \"end\": 33.2400016784668, \"text\": \" Okay, so first off, you have a video.\", \"tokens\": [50456, 1033, 11, 370, 700, 766, 11, 291, 362, 257, 960, 13, 50540], \"temperature\": 0.0, \"avg_logprob\": -0.27267220616340637, \"compression_ratio\": 1.8212121725082397, \"no_speech_prob\": 4.069332135259174e-05}, {\"id\": 17, \"seek\": 2972, \"start\": 33.2400016784668, \"end\": 36.36000061035156, \"text\": \" So you're asking for a virgin to take out to the club, right?\", \"tokens\": [50540, 407, 291, 434, 3365, 337, 257, 26404, 281, 747, 484, 281, 264, 6482, 11, 558, 30, 50696], \"temperature\": 0.0, \"avg_logprob\": -0.27267220616340637, \"compression_ratio\": 1.8212121725082397, \"no_speech_prob\": 4.069332135259174e-05}, {\"id\": 18, \"seek\": 2972, \"start\": 36.36000061035156, \"end\": 37.599998474121094, \"text\": \" Cause I saw the video, the video came out.\", \"tokens\": [50696, 10865, 286, 1866, 264, 960, 11, 264, 960, 1361, 484, 13, 50758], \"temperature\": 0.0, \"avg_logprob\": -0.27267220616340637, \"compression_ratio\": 1.8212121725082397, \"no_speech_prob\": 4.069332135259174e-05}, {\"id\": 19, \"seek\": 2972, \"start\": 37.599998474121094, \"end\": 38.52000045776367, \"text\": \" It's fantastic.\", \"tokens\": [50758, 467, 311, 5456, 13, 50804], \"temperature\": 0.0, \"avg_logprob\": -0.27267220616340637, \"compression_ratio\": 1.8212121725082397, \"no_speech_prob\": 4.069332135259174e-05}, {\"id\": 20, \"seek\": 2972, \"start\": 38.52000045776367, \"end\": 40.720001220703125, \"text\": \" When he says chads, like a lot of my,\", \"tokens\": [50804, 1133, 415, 1619, 417, 5834, 11, 411, 257, 688, 295, 452, 11, 50914], \"temperature\": 0.0, \"avg_logprob\": -0.27267220616340637, \"compression_ratio\": 1.8212121725082397, \"no_speech_prob\": 4.069332135259174e-05}, {\"id\": 21, \"seek\": 2972, \"start\": 40.720001220703125, \"end\": 41.880001068115234, \"text\": \" a lot of the people in my,\", \"tokens\": [50914, 257, 688, 295, 264, 561, 294, 452, 11, 50972], \"temperature\": 0.0, \"avg_logprob\": -0.27267220616340637, \"compression_ratio\": 1.8212121725082397, \"no_speech_prob\": 4.069332135259174e-05}, {\"id\": 22, \"seek\": 2972, \"start\": 41.880001068115234, \"end\": 44.29999923706055, \"text\": \" the watchers don't know anything about red pill shit.\", \"tokens\": [50972, 264, 1159, 433, 500, 380, 458, 1340, 466, 2182, 8100, 4611, 13, 51093], \"temperature\": 0.0, \"avg_logprob\": -0.27267220616340637, \"compression_ratio\": 1.8212121725082397, \"no_speech_prob\": 4.069332135259174e-05}, {\"id\": 23, \"seek\": 2972, \"start\": 44.29999923706055, \"end\": 46.63999938964844, \"text\": \" The chads, you talking about good looking dudes\", \"tokens\": [51093, 440, 417, 5834, 11, 291, 1417, 466, 665, 1237, 27717, 51210], \"temperature\": 0.0, \"avg_logprob\": -0.27267220616340637, \"compression_ratio\": 1.8212121725082397, \"no_speech_prob\": 4.069332135259174e-05}, {\"id\": 24, \"seek\": 2972, \"start\": 46.63999938964844, \"end\": 49.15999984741211, \"text\": \" who have been with a lot of women, right?\", \"tokens\": [51210, 567, 362, 668, 365, 257, 688, 295, 2266, 11, 558, 30, 51336], \"temperature\": 0.0, \"avg_logprob\": -0.27267220616340637, \"compression_ratio\": 1.8212121725082397, \"no_speech_prob\": 4.069332135259174e-05}, {\"id\": 25, \"seek\": 2972, \"start\": 49.15999984741211, \"end\": 51.15999984741211, \"text\": \" And the videos, the video,\", \"tokens\": [51336, 400, 264, 2145, 11, 264, 960, 11, 51436], \"temperature\": 0.0, \"avg_logprob\": -0.27267220616340637, \"compression_ratio\": 1.8212121725082397, \"no_speech_prob\": 4.069332135259174e-05}, {\"id\": 26, \"seek\": 2972, \"start\": 51.15999984741211, \"end\": 53.0, \"text\": \" you guys look like the guys from Reservoir Dogs.\", \"tokens\": [51436, 291, 1074, 574, 411, 264, 1074, 490, 5015, 1978, 9043, 35504, 13, 51528], \"temperature\": 0.0, \"avg_logprob\": -0.27267220616340637, \"compression_ratio\": 1.8212121725082397, \"no_speech_prob\": 4.069332135259174e-05}, {\"id\": 27, \"seek\": 2972, \"start\": 53.0, \"end\": 55.68000030517578, \"text\": \" Cause you're all in the black suits with the black ties.\", \"tokens\": [51528, 10865, 291, 434, 439, 294, 264, 2211, 15278, 365, 264, 2211, 14039, 13, 51662], \"temperature\": 0.0, \"avg_logprob\": -0.27267220616340637, \"compression_ratio\": 1.8212121725082397, \"no_speech_prob\": 4.069332135259174e-05}, {\"id\": 28, \"seek\": 2972, \"start\": 55.68000030517578, \"end\": 57.31999969482422, \"text\": \" Right, you're out going to the club together.\", \"tokens\": [51662, 1779, 11, 291, 434, 484, 516, 281, 264, 6482, 1214, 13, 51744], \"temperature\": 0.0, \"avg_logprob\": -0.27267220616340637, \"compression_ratio\": 1.8212121725082397, \"no_speech_prob\": 4.069332135259174e-05}, {\"id\": 29, \"seek\": 2972, \"start\": 57.31999969482422, \"end\": 58.959999084472656, \"text\": \" And the guy that you're with,\", \"tokens\": [51744, 400, 264, 2146, 300, 291, 434, 365, 11, 51826], \"temperature\": 0.0, \"avg_logprob\": -0.27267220616340637, \"compression_ratio\": 1.8212121725082397, \"no_speech_prob\": 4.069332135259174e-05}, {\"id\": 30, \"seek\": 5896, \"start\": 58.959999084472656, \"end\": 60.0, \"text\": \" you're just like cheering him on.\", \"tokens\": [50364, 291, 434, 445, 411, 11060, 796, 322, 13, 50416], \"temperature\": 0.0, \"avg_logprob\": -0.24457335472106934, \"compression_ratio\": 1.7463127374649048, \"no_speech_prob\": 0.0005527558387257159}, {\"id\": 31, \"seek\": 5896, \"start\": 60.0, \"end\": 63.15999984741211, \"text\": \" It looks like an offensive coordinator for a football team.\", \"tokens\": [50416, 467, 1542, 411, 364, 15710, 27394, 337, 257, 7346, 1469, 13, 50574], \"temperature\": 0.0, \"avg_logprob\": -0.24457335472106934, \"compression_ratio\": 1.7463127374649048, \"no_speech_prob\": 0.0005527558387257159}, {\"id\": 32, \"seek\": 5896, \"start\": 63.15999984741211, \"end\": 65.27999877929688, \"text\": \" It's a really interesting video.\", \"tokens\": [50574, 467, 311, 257, 534, 1880, 960, 13, 50680], \"temperature\": 0.0, \"avg_logprob\": -0.24457335472106934, \"compression_ratio\": 1.7463127374649048, \"no_speech_prob\": 0.0005527558387257159}, {\"id\": 33, \"seek\": 5896, \"start\": 65.27999877929688, \"end\": 67.68000030517578, \"text\": \" And I'm watching it and I'm like, this is so compelling.\", \"tokens\": [50680, 400, 286, 478, 1976, 309, 293, 286, 478, 411, 11, 341, 307, 370, 20050, 13, 50800], \"temperature\": 0.0, \"avg_logprob\": -0.24457335472106934, \"compression_ratio\": 1.7463127374649048, \"no_speech_prob\": 0.0005527558387257159}, {\"id\": 34, \"seek\": 5896, \"start\": 67.68000030517578, \"end\": 70.36000061035156, \"text\": \" And at the same time, I'm like, if I try to do this, bro,\", \"tokens\": [50800, 400, 412, 264, 912, 565, 11, 286, 478, 411, 11, 498, 286, 853, 281, 360, 341, 11, 2006, 11, 50934], \"temperature\": 0.0, \"avg_logprob\": -0.24457335472106934, \"compression_ratio\": 1.7463127374649048, \"no_speech_prob\": 0.0005527558387257159}, {\"id\": 35, \"seek\": 5896, \"start\": 70.36000061035156, \"end\": 73.08000183105469, \"text\": \" I would get canceled in two seconds.\", \"tokens\": [50934, 286, 576, 483, 24839, 294, 732, 3949, 13, 51070], \"temperature\": 0.0, \"avg_logprob\": -0.24457335472106934, \"compression_ratio\": 1.7463127374649048, \"no_speech_prob\": 0.0005527558387257159}, {\"id\": 36, \"seek\": 5896, \"start\": 73.08000183105469, \"end\": 73.91999816894531, \"text\": \" Yo, you think so?\", \"tokens\": [51070, 7616, 11, 291, 519, 370, 30, 51112], \"temperature\": 0.0, \"avg_logprob\": -0.24457335472106934, \"compression_ratio\": 1.7463127374649048, \"no_speech_prob\": 0.0005527558387257159}, {\"id\": 37, \"seek\": 5896, \"start\": 73.91999816894531, \"end\": 77.4800033569336, \"text\": \" Yeah, I think if I try to do something where I'm like,\", \"tokens\": [51112, 865, 11, 286, 519, 498, 286, 853, 281, 360, 746, 689, 286, 478, 411, 11, 51290], \"temperature\": 0.0, \"avg_logprob\": -0.24457335472106934, \"compression_ratio\": 1.7463127374649048, \"no_speech_prob\": 0.0005527558387257159}, {\"id\": 38, \"seek\": 5896, \"start\": 77.4800033569336, \"end\": 78.83999633789062, \"text\": \" because the problem was,\", \"tokens\": [51290, 570, 264, 1154, 390, 11, 51358], \"temperature\": 0.0, \"avg_logprob\": -0.24457335472106934, \"compression_ratio\": 1.7463127374649048, \"no_speech_prob\": 0.0005527558387257159}, {\"id\": 39, \"seek\": 5896, \"start\": 78.83999633789062, \"end\": 80.13999938964844, \"text\": \" and you guys did a really good job of this.\", \"tokens\": [51358, 293, 291, 1074, 630, 257, 534, 665, 1691, 295, 341, 13, 51423], \"temperature\": 0.0, \"avg_logprob\": -0.24457335472106934, \"compression_ratio\": 1.7463127374649048, \"no_speech_prob\": 0.0005527558387257159}, {\"id\": 40, \"seek\": 5896, \"start\": 80.13999938964844, \"end\": 81.66000366210938, \"text\": \" At the end, you remember the girl gets drunk.\", \"tokens\": [51423, 1711, 264, 917, 11, 291, 1604, 264, 2013, 2170, 11192, 13, 51499], \"temperature\": 0.0, \"avg_logprob\": -0.24457335472106934, \"compression_ratio\": 1.7463127374649048, \"no_speech_prob\": 0.0005527558387257159}, {\"id\": 41, \"seek\": 5896, \"start\": 81.66000366210938, \"end\": 82.5, \"text\": \" So you send her home,\", \"tokens\": [51499, 407, 291, 2845, 720, 1280, 11, 51541], \"temperature\": 0.0, \"avg_logprob\": -0.24457335472106934, \"compression_ratio\": 1.7463127374649048, \"no_speech_prob\": 0.0005527558387257159}, {\"id\": 42, \"seek\": 5896, \"start\": 82.5, \"end\": 84.19999694824219, \"text\": \" which is obviously the smart thing to do.\", \"tokens\": [51541, 597, 307, 2745, 264, 4069, 551, 281, 360, 13, 51626], \"temperature\": 0.0, \"avg_logprob\": -0.24457335472106934, \"compression_ratio\": 1.7463127374649048, \"no_speech_prob\": 0.0005527558387257159}, {\"id\": 43, \"seek\": 5896, \"start\": 84.19999694824219, \"end\": 86.55999755859375, \"text\": \" But like, there's always these,\", \"tokens\": [51626, 583, 411, 11, 456, 311, 1009, 613, 11, 51744], \"temperature\": 0.0, \"avg_logprob\": -0.24457335472106934, \"compression_ratio\": 1.7463127374649048, \"no_speech_prob\": 0.0005527558387257159}, {\"id\": 44, \"seek\": 5896, \"start\": 86.55999755859375, \"end\": 88.77999877929688, \"text\": \" so we're skipping ahead here.\", \"tokens\": [51744, 370, 321, 434, 31533, 2286, 510, 13, 51855], \"temperature\": 0.0, \"avg_logprob\": -0.24457335472106934, \"compression_ratio\": 1.7463127374649048, \"no_speech_prob\": 0.0005527558387257159}, {\"id\": 45, \"seek\": 8878, \"start\": 89.54000091552734, \"end\": 90.37999725341797, \"text\": \" I think there's two levels to it.\", \"tokens\": [50402, 286, 519, 456, 311, 732, 4358, 281, 309, 13, 50444], \"temperature\": 0.0, \"avg_logprob\": -0.22953803837299347, \"compression_ratio\": 1.8553054332733154, \"no_speech_prob\": 3.705207564053126e-05}, {\"id\": 46, \"seek\": 8878, \"start\": 90.37999725341797, \"end\": 92.18000030517578, \"text\": \" There are men who are out there doing shit\", \"tokens\": [50444, 821, 366, 1706, 567, 366, 484, 456, 884, 4611, 50534], \"temperature\": 0.0, \"avg_logprob\": -0.22953803837299347, \"compression_ratio\": 1.8553054332733154, \"no_speech_prob\": 3.705207564053126e-05}, {\"id\": 47, \"seek\": 8878, \"start\": 92.18000030517578, \"end\": 93.44000244140625, \"text\": \" that is legitimately offensive.\", \"tokens\": [50534, 300, 307, 44431, 15710, 13, 50597], \"temperature\": 0.0, \"avg_logprob\": -0.22953803837299347, \"compression_ratio\": 1.8553054332733154, \"no_speech_prob\": 3.705207564053126e-05}, {\"id\": 48, \"seek\": 8878, \"start\": 93.44000244140625, \"end\": 95.54000091552734, \"text\": \" Like I totally understand, like you can't,\", \"tokens\": [50597, 1743, 286, 3879, 1223, 11, 411, 291, 393, 380, 11, 50702], \"temperature\": 0.0, \"avg_logprob\": -0.22953803837299347, \"compression_ratio\": 1.8553054332733154, \"no_speech_prob\": 3.705207564053126e-05}, {\"id\": 49, \"seek\": 8878, \"start\": 96.62000274658203, \"end\": 98.0999984741211, \"text\": \" you know, misogynistic stuff\", \"tokens\": [50756, 291, 458, 11, 3346, 664, 2534, 3142, 1507, 50830], \"temperature\": 0.0, \"avg_logprob\": -0.22953803837299347, \"compression_ratio\": 1.8553054332733154, \"no_speech_prob\": 3.705207564053126e-05}, {\"id\": 50, \"seek\": 8878, \"start\": 98.0999984741211, \"end\": 100.33999633789062, \"text\": \" where I understand why the algorithm wouldn't like it.\", \"tokens\": [50830, 689, 286, 1223, 983, 264, 9284, 2759, 380, 411, 309, 13, 50942], \"temperature\": 0.0, \"avg_logprob\": -0.22953803837299347, \"compression_ratio\": 1.8553054332733154, \"no_speech_prob\": 3.705207564053126e-05}, {\"id\": 51, \"seek\": 8878, \"start\": 100.33999633789062, \"end\": 102.5, \"text\": \" There's also a separate group of men\", \"tokens\": [50942, 821, 311, 611, 257, 4994, 1594, 295, 1706, 51050], \"temperature\": 0.0, \"avg_logprob\": -0.22953803837299347, \"compression_ratio\": 1.8553054332733154, \"no_speech_prob\": 3.705207564053126e-05}, {\"id\": 52, \"seek\": 8878, \"start\": 102.5, \"end\": 104.5199966430664, \"text\": \" who are legitimately just trying to help other men.\", \"tokens\": [51050, 567, 366, 44431, 445, 1382, 281, 854, 661, 1706, 13, 51151], \"temperature\": 0.0, \"avg_logprob\": -0.22953803837299347, \"compression_ratio\": 1.8553054332733154, \"no_speech_prob\": 3.705207564053126e-05}, {\"id\": 53, \"seek\": 8878, \"start\": 104.5199966430664, \"end\": 106.0999984741211, \"text\": \" And the fact that they're trying to help other men\", \"tokens\": [51151, 400, 264, 1186, 300, 436, 434, 1382, 281, 854, 661, 1706, 51230], \"temperature\": 0.0, \"avg_logprob\": -0.22953803837299347, \"compression_ratio\": 1.8553054332733154, \"no_speech_prob\": 3.705207564053126e-05}, {\"id\": 54, \"seek\": 8878, \"start\": 106.0999984741211, \"end\": 107.0999984741211, \"text\": \" is offensive.\", \"tokens\": [51230, 307, 15710, 13, 51280], \"temperature\": 0.0, \"avg_logprob\": -0.22953803837299347, \"compression_ratio\": 1.8553054332733154, \"no_speech_prob\": 3.705207564053126e-05}, {\"id\": 55, \"seek\": 8878, \"start\": 107.0999984741211, \"end\": 107.94000244140625, \"text\": \" Does that make sense?\", \"tokens\": [51280, 4402, 300, 652, 2020, 30, 51322], \"temperature\": 0.0, \"avg_logprob\": -0.22953803837299347, \"compression_ratio\": 1.8553054332733154, \"no_speech_prob\": 3.705207564053126e-05}, {\"id\": 56, \"seek\": 8878, \"start\": 107.94000244140625, \"end\": 110.86000061035156, \"text\": \" Like, and those people, I think, because again,\", \"tokens\": [51322, 1743, 11, 293, 729, 561, 11, 286, 519, 11, 570, 797, 11, 51468], \"temperature\": 0.0, \"avg_logprob\": -0.22953803837299347, \"compression_ratio\": 1.8553054332733154, \"no_speech_prob\": 3.705207564053126e-05}, {\"id\": 57, \"seek\": 8878, \"start\": 110.86000061035156, \"end\": 113.86000061035156, \"text\": \" the idea of men being a privileged class, helping other men,\", \"tokens\": [51468, 264, 1558, 295, 1706, 885, 257, 25293, 1508, 11, 4315, 661, 1706, 11, 51618], \"temperature\": 0.0, \"avg_logprob\": -0.22953803837299347, \"compression_ratio\": 1.8553054332733154, \"no_speech_prob\": 3.705207564053126e-05}, {\"id\": 58, \"seek\": 8878, \"start\": 113.86000061035156, \"end\": 116.94000244140625, \"text\": \" it's like, oh, you're trying to force down this misogyny\", \"tokens\": [51618, 309, 311, 411, 11, 1954, 11, 291, 434, 1382, 281, 3464, 760, 341, 3346, 7794, 1634, 51772], \"temperature\": 0.0, \"avg_logprob\": -0.22953803837299347, \"compression_ratio\": 1.8553054332733154, \"no_speech_prob\": 3.705207564053126e-05}, {\"id\": 59, \"seek\": 11694, \"start\": 116.94000244140625, \"end\": 118.73999786376953, \"text\": \" or this masculinity,\", \"tokens\": [50364, 420, 341, 45195, 11, 50454], \"temperature\": 0.0, \"avg_logprob\": -0.2412862330675125, \"compression_ratio\": 1.8485714197158813, \"no_speech_prob\": 0.00010720734280766919}, {\"id\": 60, \"seek\": 11694, \"start\": 118.73999786376953, \"end\": 120.58000183105469, \"text\": \" whenever we talk about testosterone, right?\", \"tokens\": [50454, 5699, 321, 751, 466, 33417, 11, 558, 30, 50546], \"temperature\": 0.0, \"avg_logprob\": -0.2412862330675125, \"compression_ratio\": 1.8485714197158813, \"no_speech_prob\": 0.00010720734280766919}, {\"id\": 61, \"seek\": 11694, \"start\": 120.58000183105469, \"end\": 122.45999908447266, \"text\": \" So I talk about testosterone and hormones\", \"tokens\": [50546, 407, 286, 751, 466, 33417, 293, 22453, 50640], \"temperature\": 0.0, \"avg_logprob\": -0.2412862330675125, \"compression_ratio\": 1.8485714197158813, \"no_speech_prob\": 0.00010720734280766919}, {\"id\": 62, \"seek\": 11694, \"start\": 122.45999908447266, \"end\": 123.30000305175781, \"text\": \" on this podcast a lot.\", \"tokens\": [50640, 322, 341, 7367, 257, 688, 13, 50682], \"temperature\": 0.0, \"avg_logprob\": -0.2412862330675125, \"compression_ratio\": 1.8485714197158813, \"no_speech_prob\": 0.00010720734280766919}, {\"id\": 63, \"seek\": 11694, \"start\": 123.30000305175781, \"end\": 125.0199966430664, \"text\": \" Oh yeah, yeah, toxic masculinity.\", \"tokens\": [50682, 876, 1338, 11, 1338, 11, 12786, 45195, 13, 50768], \"temperature\": 0.0, \"avg_logprob\": -0.2412862330675125, \"compression_ratio\": 1.8485714197158813, \"no_speech_prob\": 0.00010720734280766919}, {\"id\": 64, \"seek\": 11694, \"start\": 125.0199966430664, \"end\": 127.54000091552734, \"text\": \" Again, it's toxic masculinity because if you get HRT,\", \"tokens\": [50768, 3764, 11, 309, 311, 12786, 45195, 570, 498, 291, 483, 19460, 51, 11, 50894], \"temperature\": 0.0, \"avg_logprob\": -0.2412862330675125, \"compression_ratio\": 1.8485714197158813, \"no_speech_prob\": 0.00010720734280766919}, {\"id\": 65, \"seek\": 11694, \"start\": 127.54000091552734, \"end\": 129.5800018310547, \"text\": \" like I saw some celebrity was like,\", \"tokens\": [50894, 411, 286, 1866, 512, 18597, 390, 411, 11, 50996], \"temperature\": 0.0, \"avg_logprob\": -0.2412862330675125, \"compression_ratio\": 1.8485714197158813, \"no_speech_prob\": 0.00010720734280766919}, {\"id\": 66, \"seek\": 11694, \"start\": 129.5800018310547, \"end\": 131.86000061035156, \"text\": \" I don't take an estrogen blocker because estrogen's good.\", \"tokens\": [50996, 286, 500, 380, 747, 364, 44754, 3461, 260, 570, 44754, 311, 665, 13, 51110], \"temperature\": 0.0, \"avg_logprob\": -0.2412862330675125, \"compression_ratio\": 1.8485714197158813, \"no_speech_prob\": 0.00010720734280766919}, {\"id\": 67, \"seek\": 11694, \"start\": 131.86000061035156, \"end\": 133.6199951171875, \"text\": \" And I'm like, no, man, it's like,\", \"tokens\": [51110, 400, 286, 478, 411, 11, 572, 11, 587, 11, 309, 311, 411, 11, 51198], \"temperature\": 0.0, \"avg_logprob\": -0.2412862330675125, \"compression_ratio\": 1.8485714197158813, \"no_speech_prob\": 0.00010720734280766919}, {\"id\": 68, \"seek\": 11694, \"start\": 133.6199951171875, \"end\": 135.5, \"text\": \" there's a certain level that you need to have.\", \"tokens\": [51198, 456, 311, 257, 1629, 1496, 300, 291, 643, 281, 362, 13, 51292], \"temperature\": 0.0, \"avg_logprob\": -0.2412862330675125, \"compression_ratio\": 1.8485714197158813, \"no_speech_prob\": 0.00010720734280766919}, {\"id\": 69, \"seek\": 11694, \"start\": 135.5, \"end\": 137.6999969482422, \"text\": \" And there's like normal levels for men and women,\", \"tokens\": [51292, 400, 456, 311, 411, 2710, 4358, 337, 1706, 293, 2266, 11, 51402], \"temperature\": 0.0, \"avg_logprob\": -0.2412862330675125, \"compression_ratio\": 1.8485714197158813, \"no_speech_prob\": 0.00010720734280766919}, {\"id\": 70, \"seek\": 11694, \"start\": 137.6999969482422, \"end\": 139.5800018310547, \"text\": \" but that's also kind of getting scattered.\", \"tokens\": [51402, 457, 300, 311, 611, 733, 295, 1242, 21986, 13, 51496], \"temperature\": 0.0, \"avg_logprob\": -0.2412862330675125, \"compression_ratio\": 1.8485714197158813, \"no_speech_prob\": 0.00010720734280766919}, {\"id\": 71, \"seek\": 11694, \"start\": 139.5800018310547, \"end\": 141.17999267578125, \"text\": \" And so that's what I'm talking about.\", \"tokens\": [51496, 400, 370, 300, 311, 437, 286, 478, 1417, 466, 13, 51576], \"temperature\": 0.0, \"avg_logprob\": -0.2412862330675125, \"compression_ratio\": 1.8485714197158813, \"no_speech_prob\": 0.00010720734280766919}, {\"id\": 72, \"seek\": 11694, \"start\": 141.17999267578125, \"end\": 142.4199981689453, \"text\": \" I don't know what may be canceled,\", \"tokens\": [51576, 286, 500, 380, 458, 437, 815, 312, 24839, 11, 51638], \"temperature\": 0.0, \"avg_logprob\": -0.2412862330675125, \"compression_ratio\": 1.8485714197158813, \"no_speech_prob\": 0.00010720734280766919}, {\"id\": 73, \"seek\": 11694, \"start\": 142.4199981689453, \"end\": 143.4199981689453, \"text\": \" but like some of the stuff on there,\", \"tokens\": [51638, 457, 411, 512, 295, 264, 1507, 322, 456, 11, 51688], \"temperature\": 0.0, \"avg_logprob\": -0.2412862330675125, \"compression_ratio\": 1.8485714197158813, \"no_speech_prob\": 0.00010720734280766919}, {\"id\": 74, \"seek\": 11694, \"start\": 143.4199981689453, \"end\": 145.4199981689453, \"text\": \" I thought it was really funny, but I was just like,\", \"tokens\": [51688, 286, 1194, 309, 390, 534, 4074, 11, 457, 286, 390, 445, 411, 11, 51788], \"temperature\": 0.0, \"avg_logprob\": -0.2412862330675125, \"compression_ratio\": 1.8485714197158813, \"no_speech_prob\": 0.00010720734280766919}, {\"id\": 75, \"seek\": 14542, \"start\": 145.4600067138672, \"end\": 147.5399932861328, \"text\": \" I don't know if you can get away with that now.\", \"tokens\": [50366, 286, 500, 380, 458, 498, 291, 393, 483, 1314, 365, 300, 586, 13, 50470], \"temperature\": 0.0, \"avg_logprob\": -0.2142418473958969, \"compression_ratio\": 1.8461538553237915, \"no_speech_prob\": 0.01224074512720108}, {\"id\": 76, \"seek\": 14542, \"start\": 147.5399932861328, \"end\": 148.74000549316406, \"text\": \" Can you?\", \"tokens\": [50470, 1664, 291, 30, 50530], \"temperature\": 0.0, \"avg_logprob\": -0.2142418473958969, \"compression_ratio\": 1.8461538553237915, \"no_speech_prob\": 0.01224074512720108}, {\"id\": 77, \"seek\": 14542, \"start\": 148.74000549316406, \"end\": 149.5800018310547, \"text\": \" Oh, dude.\", \"tokens\": [50530, 876, 11, 6449, 13, 50572], \"temperature\": 0.0, \"avg_logprob\": -0.2142418473958969, \"compression_ratio\": 1.8461538553237915, \"no_speech_prob\": 0.01224074512720108}, {\"id\": 78, \"seek\": 14542, \"start\": 149.5800018310547, \"end\": 152.77999877929688, \"text\": \" Well, so here's the thing, like that it's,\", \"tokens\": [50572, 1042, 11, 370, 510, 311, 264, 551, 11, 411, 300, 309, 311, 11, 50732], \"temperature\": 0.0, \"avg_logprob\": -0.2142418473958969, \"compression_ratio\": 1.8461538553237915, \"no_speech_prob\": 0.01224074512720108}, {\"id\": 79, \"seek\": 14542, \"start\": 152.77999877929688, \"end\": 154.6199951171875, \"text\": \" I feel like, yeah, you can get away with that.\", \"tokens\": [50732, 286, 841, 411, 11, 1338, 11, 291, 393, 483, 1314, 365, 300, 13, 50824], \"temperature\": 0.0, \"avg_logprob\": -0.2142418473958969, \"compression_ratio\": 1.8461538553237915, \"no_speech_prob\": 0.01224074512720108}, {\"id\": 80, \"seek\": 14542, \"start\": 154.6199951171875, \"end\": 157.82000732421875, \"text\": \" I mean, I was on the fence though, because, you know,\", \"tokens\": [50824, 286, 914, 11, 286, 390, 322, 264, 15422, 1673, 11, 570, 11, 291, 458, 11, 50984], \"temperature\": 0.0, \"avg_logprob\": -0.2142418473958969, \"compression_ratio\": 1.8461538553237915, \"no_speech_prob\": 0.01224074512720108}, {\"id\": 81, \"seek\": 14542, \"start\": 157.82000732421875, \"end\": 161.02000427246094, \"text\": \" I remember there was this big YouTuber that,\", \"tokens\": [50984, 286, 1604, 456, 390, 341, 955, 23349, 300, 11, 51144], \"temperature\": 0.0, \"avg_logprob\": -0.2142418473958969, \"compression_ratio\": 1.8461538553237915, \"no_speech_prob\": 0.01224074512720108}, {\"id\": 82, \"seek\": 14542, \"start\": 161.02000427246094, \"end\": 162.3000030517578, \"text\": \" ah, fuck, I can't remember his name.\", \"tokens\": [51144, 3716, 11, 3275, 11, 286, 393, 380, 1604, 702, 1315, 13, 51208], \"temperature\": 0.0, \"avg_logprob\": -0.2142418473958969, \"compression_ratio\": 1.8461538553237915, \"no_speech_prob\": 0.01224074512720108}, {\"id\": 83, \"seek\": 14542, \"start\": 162.3000030517578, \"end\": 166.25999450683594, \"text\": \" He's like a blogger and he had some girls over\", \"tokens\": [51208, 634, 311, 411, 257, 6968, 1321, 293, 415, 632, 512, 4519, 670, 51406], \"temperature\": 0.0, \"avg_logprob\": -0.2142418473958969, \"compression_ratio\": 1.8461538553237915, \"no_speech_prob\": 0.01224074512720108}, {\"id\": 84, \"seek\": 14542, \"start\": 166.25999450683594, \"end\": 167.89999389648438, \"text\": \" and he bought them booze\", \"tokens\": [51406, 293, 415, 4243, 552, 23113, 1381, 51488], \"temperature\": 0.0, \"avg_logprob\": -0.2142418473958969, \"compression_ratio\": 1.8461538553237915, \"no_speech_prob\": 0.01224074512720108}, {\"id\": 85, \"seek\": 14542, \"start\": 167.89999389648438, \"end\": 169.5, \"text\": \" and then he hooked up with one of them,\", \"tokens\": [51488, 293, 550, 415, 20410, 493, 365, 472, 295, 552, 11, 51568], \"temperature\": 0.0, \"avg_logprob\": -0.2142418473958969, \"compression_ratio\": 1.8461538553237915, \"no_speech_prob\": 0.01224074512720108}, {\"id\": 86, \"seek\": 14542, \"start\": 169.5, \"end\": 171.4199981689453, \"text\": \" but she was drunk or something.\", \"tokens\": [51568, 457, 750, 390, 11192, 420, 746, 13, 51664], \"temperature\": 0.0, \"avg_logprob\": -0.2142418473958969, \"compression_ratio\": 1.8461538553237915, \"no_speech_prob\": 0.01224074512720108}, {\"id\": 87, \"seek\": 14542, \"start\": 171.4199981689453, \"end\": 172.74000549316406, \"text\": \" And then there was this whole fallout.\", \"tokens\": [51664, 400, 550, 456, 390, 341, 1379, 2100, 346, 13, 51730], \"temperature\": 0.0, \"avg_logprob\": -0.2142418473958969, \"compression_ratio\": 1.8461538553237915, \"no_speech_prob\": 0.01224074512720108}, {\"id\": 88, \"seek\": 14542, \"start\": 172.74000549316406, \"end\": 175.05999755859375, \"text\": \" I don't watch YouTube, so I can't remember his name.\", \"tokens\": [51730, 286, 500, 380, 1159, 3088, 11, 370, 286, 393, 380, 1604, 702, 1315, 13, 51846], \"temperature\": 0.0, \"avg_logprob\": -0.2142418473958969, \"compression_ratio\": 1.8461538553237915, \"no_speech_prob\": 0.01224074512720108}, {\"id\": 89, \"seek\": 17506, \"start\": 175.6999969482422, \"end\": 176.6999969482422, \"text\": \" His name was David or something.\", \"tokens\": [50396, 2812, 1315, 390, 4389, 420, 746, 13, 50446], \"temperature\": 0.0, \"avg_logprob\": -0.2202066034078598, \"compression_ratio\": 1.6510066986083984, \"no_speech_prob\": 0.0009253397001884878}, {\"id\": 90, \"seek\": 17506, \"start\": 176.6999969482422, \"end\": 180.5399932861328, \"text\": \" And, but he, yeah, they tried to cancel him for that.\", \"tokens\": [50446, 400, 11, 457, 415, 11, 1338, 11, 436, 3031, 281, 10373, 796, 337, 300, 13, 50638], \"temperature\": 0.0, \"avg_logprob\": -0.2202066034078598, \"compression_ratio\": 1.6510066986083984, \"no_speech_prob\": 0.0009253397001884878}, {\"id\": 91, \"seek\": 17506, \"start\": 180.5399932861328, \"end\": 183.25999450683594, \"text\": \" So, you know, obviously when we did the first movie,\", \"tokens\": [50638, 407, 11, 291, 458, 11, 2745, 562, 321, 630, 264, 700, 3169, 11, 50774], \"temperature\": 0.0, \"avg_logprob\": -0.2202066034078598, \"compression_ratio\": 1.6510066986083984, \"no_speech_prob\": 0.0009253397001884878}, {\"id\": 92, \"seek\": 17506, \"start\": 183.25999450683594, \"end\": 186.4600067138672, \"text\": \" we're like, fuck man, we need this guy to get a kill.\", \"tokens\": [50774, 321, 434, 411, 11, 3275, 587, 11, 321, 643, 341, 2146, 281, 483, 257, 1961, 13, 50934], \"temperature\": 0.0, \"avg_logprob\": -0.2202066034078598, \"compression_ratio\": 1.6510066986083984, \"no_speech_prob\": 0.0009253397001884878}, {\"id\": 93, \"seek\": 17506, \"start\": 186.4600067138672, \"end\": 187.89999389648438, \"text\": \" That would be the perfect cherry on top\", \"tokens\": [50934, 663, 576, 312, 264, 2176, 20164, 322, 1192, 51006], \"temperature\": 0.0, \"avg_logprob\": -0.2202066034078598, \"compression_ratio\": 1.6510066986083984, \"no_speech_prob\": 0.0009253397001884878}, {\"id\": 94, \"seek\": 17506, \"start\": 187.89999389648438, \"end\": 188.97999572753906, \"text\": \" for the end of the movie.\", \"tokens\": [51006, 337, 264, 917, 295, 264, 3169, 13, 51060], \"temperature\": 0.0, \"avg_logprob\": -0.2202066034078598, \"compression_ratio\": 1.6510066986083984, \"no_speech_prob\": 0.0009253397001884878}, {\"id\": 95, \"seek\": 17506, \"start\": 188.97999572753906, \"end\": 191.33999633789062, \"text\": \" But much like many, you know,\", \"tokens\": [51060, 583, 709, 411, 867, 11, 291, 458, 11, 51178], \"temperature\": 0.0, \"avg_logprob\": -0.2202066034078598, \"compression_ratio\": 1.6510066986083984, \"no_speech_prob\": 0.0009253397001884878}, {\"id\": 96, \"seek\": 17506, \"start\": 191.33999633789062, \"end\": 193.89999389648438, \"text\": \" actual movies from Hollywood over time,\", \"tokens\": [51178, 3539, 6233, 490, 11628, 670, 565, 11, 51306], \"temperature\": 0.0, \"avg_logprob\": -0.2202066034078598, \"compression_ratio\": 1.6510066986083984, \"no_speech_prob\": 0.0009253397001884878}, {\"id\": 97, \"seek\": 17506, \"start\": 193.89999389648438, \"end\": 196.94000244140625, \"text\": \" like some classic storytelling type movies,\", \"tokens\": [51306, 411, 512, 7230, 21479, 2010, 6233, 11, 51458], \"temperature\": 0.0, \"avg_logprob\": -0.2202066034078598, \"compression_ratio\": 1.6510066986083984, \"no_speech_prob\": 0.0009253397001884878}, {\"id\": 98, \"seek\": 17506, \"start\": 196.94000244140625, \"end\": 199.05999755859375, \"text\": \" you know, you realize it wasn't actually\", \"tokens\": [51458, 291, 458, 11, 291, 4325, 309, 2067, 380, 767, 51564], \"temperature\": 0.0, \"avg_logprob\": -0.2202066034078598, \"compression_ratio\": 1.6510066986083984, \"no_speech_prob\": 0.0009253397001884878}, {\"id\": 99, \"seek\": 17506, \"start\": 199.05999755859375, \"end\": 200.5800018310547, \"text\": \" about the end result the whole time.\", \"tokens\": [51564, 466, 264, 917, 1874, 264, 1379, 565, 13, 51640], \"temperature\": 0.0, \"avg_logprob\": -0.2202066034078598, \"compression_ratio\": 1.6510066986083984, \"no_speech_prob\": 0.0009253397001884878}, {\"id\": 100, \"seek\": 17506, \"start\": 200.5800018310547, \"end\": 203.22000122070312, \"text\": \" It was the journey along the way, right?\", \"tokens\": [51640, 467, 390, 264, 4671, 2051, 264, 636, 11, 558, 30, 51772], \"temperature\": 0.0, \"avg_logprob\": -0.2202066034078598, \"compression_ratio\": 1.6510066986083984, \"no_speech_prob\": 0.0009253397001884878}, {\"id\": 101, \"seek\": 20322, \"start\": 203.22000122070312, \"end\": 206.05999755859375, \"text\": \" So we were able to wrap the ending,\", \"tokens\": [50364, 407, 321, 645, 1075, 281, 7019, 264, 8121, 11, 50506], \"temperature\": 0.0, \"avg_logprob\": -0.2218373417854309, \"compression_ratio\": 1.6504064798355103, \"no_speech_prob\": 0.000616522622294724}, {\"id\": 102, \"seek\": 20322, \"start\": 206.05999755859375, \"end\": 209.6199951171875, \"text\": \" much like, you know, if you've ever seen the movie Cars,\", \"tokens\": [50506, 709, 411, 11, 291, 458, 11, 498, 291, 600, 1562, 1612, 264, 3169, 43595, 11, 50684], \"temperature\": 0.0, \"avg_logprob\": -0.2218373417854309, \"compression_ratio\": 1.6504064798355103, \"no_speech_prob\": 0.000616522622294724}, {\"id\": 103, \"seek\": 20322, \"start\": 209.6199951171875, \"end\": 212.02000427246094, \"text\": \" it's all about these race cars on the racetrack.\", \"tokens\": [50684, 309, 311, 439, 466, 613, 4569, 5163, 322, 264, 4129, 27965, 501, 13, 50804], \"temperature\": 0.0, \"avg_logprob\": -0.2218373417854309, \"compression_ratio\": 1.6504064798355103, \"no_speech_prob\": 0.000616522622294724}, {\"id\": 104, \"seek\": 20322, \"start\": 212.02000427246094, \"end\": 215.4600067138672, \"text\": \" And the guy, instead of winning the race,\", \"tokens\": [50804, 400, 264, 2146, 11, 2602, 295, 8224, 264, 4569, 11, 50976], \"temperature\": 0.0, \"avg_logprob\": -0.2218373417854309, \"compression_ratio\": 1.6504064798355103, \"no_speech_prob\": 0.000616522622294724}, {\"id\": 105, \"seek\": 20322, \"start\": 215.4600067138672, \"end\": 218.10000610351562, \"text\": \" he stops because his friend skids off the track\", \"tokens\": [50976, 415, 10094, 570, 702, 1277, 1110, 3742, 766, 264, 2837, 51108], \"temperature\": 0.0, \"avg_logprob\": -0.2218373417854309, \"compression_ratio\": 1.6504064798355103, \"no_speech_prob\": 0.000616522622294724}, {\"id\": 106, \"seek\": 20322, \"start\": 218.10000610351562, \"end\": 218.94000244140625, \"text\": \" and he helps him.\", \"tokens\": [51108, 293, 415, 3665, 796, 13, 51150], \"temperature\": 0.0, \"avg_logprob\": -0.2218373417854309, \"compression_ratio\": 1.6504064798355103, \"no_speech_prob\": 0.000616522622294724}, {\"id\": 107, \"seek\": 20322, \"start\": 218.94000244140625, \"end\": 221.05999755859375, \"text\": \" So he doesn't win, but you know, he wins,\", \"tokens\": [51150, 407, 415, 1177, 380, 1942, 11, 457, 291, 458, 11, 415, 10641, 11, 51256], \"temperature\": 0.0, \"avg_logprob\": -0.2218373417854309, \"compression_ratio\": 1.6504064798355103, \"no_speech_prob\": 0.000616522622294724}, {\"id\": 108, \"seek\": 20322, \"start\": 221.05999755859375, \"end\": 222.89999389648438, \"text\": \" he loses the battle, but wins the war.\", \"tokens\": [51256, 415, 18293, 264, 4635, 11, 457, 10641, 264, 1516, 13, 51348], \"temperature\": 0.0, \"avg_logprob\": -0.2218373417854309, \"compression_ratio\": 1.6504064798355103, \"no_speech_prob\": 0.000616522622294724}, {\"id\": 109, \"seek\": 20322, \"start\": 222.89999389648438, \"end\": 224.5800018310547, \"text\": \" So that was kind of how we wrapped it.\", \"tokens\": [51348, 407, 300, 390, 733, 295, 577, 321, 14226, 309, 13, 51432], \"temperature\": 0.0, \"avg_logprob\": -0.2218373417854309, \"compression_ratio\": 1.6504064798355103, \"no_speech_prob\": 0.000616522622294724}, {\"id\": 110, \"seek\": 20322, \"start\": 224.5800018310547, \"end\": 227.02000427246094, \"text\": \" But yeah, I've noticed that there's.\", \"tokens\": [51432, 583, 1338, 11, 286, 600, 5694, 300, 456, 311, 13, 51554], \"temperature\": 0.0, \"avg_logprob\": -0.2218373417854309, \"compression_ratio\": 1.6504064798355103, \"no_speech_prob\": 0.000616522622294724}]}"}