{"title": "Why Having More Female Friends is The Best Thing That Could Happen To You ft @ArlinMoore", "video_id": "h8Hmx_u2Xbw", "video_url": "https://www.youtube.com/watch?v=h8Hmx_u2Xbw", "description": "Ready to build a network of amazing women and high-status men?\n\nMichael\u2019s Men of Action is a one-on-one Master\u2019s program that teaches men how to create elite social lives by becoming higher status.\n\nClick this link to learn how you can have a High-Status lifestyle now:\nhttps://m.moamentoring.com/podcast\n\nClick here to join the Men of Action community and watch the High-Status Networking 101 course:\nhttps://m.moamentoring.com/moa-community\n\u2014\u2014\u2014\u2014\u2014\u2014\u2014\u2014\u2014\u2014\u2014\u2014\u2014\u2014\u2014\u2014\u2014\u2014\u2014\nHere's a clip from a podcast episode with Arlin Moore\nFull Clip \ud83d\udd17: https://youtu.be/NA1OIldmvas\n\u2014\u2014\u2014\u2014\u2014\u2014\u2014\u2014\u2014\u2014\u2014\u2014\u2014\u2014\u2014\u2014\u2014\u2014\u2014\u2014\n\nSubscribe on Youtube: \nhttps://www.youtube.com/user/MichaelSartain\n\nListen on Apple Podcast: \nhttps://podcasts.apple.com/us/podcast/the-michael-sartain-podcast/id1579791157\n\nListen on Spotify: \nhttps://open.spotify.com/show/2faAYwvDD9Bvkpwv6umlPO?si=8Q3ak9HnSlKjuChsTXr6YQ&dl_branch=1", "published_at": "2023-03-27T15:15:02Z", "channel_id": "UC0T1bDzajVefRWx4uKdGyuw", "channel_title": "Michael Sartain", "tags": [], "category_id": "24", "live_broadcast_content": "none", "duration": 403.0, "dimension": "2d", "definition": "hd", "caption": "false", "view_count": 3554, "like_count": 152, "comment_count": 26, "channel_info": {"title": "Michael Sartain", "description": "\ud83c\udf99Host of The\u00a0Michael Sartain Podcast \n\n\ud83d\udd25Teaching you how to build a network of desirable women and high-status men\n\n\ud83d\udc47 Click the \"Men of Action\" link below now to forge a high-status lifestyle and join the elites \n", "subscriber_count": "80500", "total_views": "29545897", "total_videos": "1481"}, "comments": [], "file_path": "/Users/aelaguiz/workspace/fc_book/audio/raws/h8Hmx_u2Xbw.mp3", "transcription": "{\"text\": \"Let's talk about this, man. This is a big thing you and I, we really need to dig into this because I think there's a huge misnomer about this, especially coming from the seduction pickup community prior. I have a completely antithetical viewpoint to what they believe. I 100% think you should make as many female friends as possible. I think if possible, having a man having two or 300 female friends is fantastic. You will be invited to everything. Everyone will want to interview with you. Everyone will invite you to stuff. Everyone will want to network with you. You will like the number of wealth, the number of billionaires that I have been introduced to by my female friends is several dozen at this point. I have, of course the pickup community is very much like you cannot let these women put you in a friend zone. You can't be friends with women. I hear several red pill people come out specifically and say men and women cannot be friends. And I know this absolutely unequivocally to not be a fact. And yet I've seen a lot of your videos where you have a lot of female friends. What is your feeling about this? Yeah, absolutely. I mean, I've heard some of the things that you've said about female friends and I think it's absolutely spot on. Like if you struggle to, if you want a girlfriend, you probably are kind of weird around girls. So just make it your mission to just make friends with them and don't try anything creepy. Or how about that? Even that archetype, like if there's a girl that I like, I will pick all the girls that I like that have that archetype, but they're married. So we're just gonna be friends or they have a boyfriend and we're just gonna be friends. And then I call them, hey, can we talk about something real quick? I dealt with this, this, this, and a girl. If you were in this situation, what would you be thinking? They're like, Michael, she's fucking with you. She's doing this, this, and this. And the other thing that I'll tell you, man, if you can get yourself a man eater, and I'm talking about a girl who just runs through dudes, like fucking, like the most, I have some female friends that are the most fucking toxic women you've ever met in your life. I would never date them. But like when you listen to them, they have the absolute correct explanation for why these women are doing everything they're doing. They are a godsend. I'm so confused. I don't understand, Amanda, why is this happening? It's like, I'll tell you why this is happening. She did this because of this. She did this because of this. She did this because of this. Because I did the same fucking thing. You're like, oh, of course. So I completely agree with you about the calibration. Yeah, no, you said that. What'd you call it, a man eater? Man eater. Dude, I have one female friend, this girl has professional athletes and billionaires just eating at her feet, bro. Everyone wants to date her. And so obviously I never hit on her. And I always ask her, I was like, so if she receives that level of stimulus and these things worked on her, then you need to fucking pay attention to what happened. That's just what I would tell guys. Now here's the other thing, right? There's a difference between getting friend zoned and making female friends. One more time, because some people's heads are melting right now. There's a difference between getting friend zoned, I do not recommend that, and making female friends. There's a difference between I shoot my shot, this didn't work, so let's just be friends. And then the other way is, hey, let's just be friends with everyone all the time and just see whatever, let God sort it out. Let's just figure out what happens in the end. Is that been your experience? Of course, yeah. Yeah, I mean, yeah, I think you have to be intentional about it. And that's part of the whole idea of maxi too. It's like you've got to define what you want in life. If you don't know what type of girl you want to date versus what type of girl you want to be your friend, that's going to screw you up a bit in life because when you don't know what you want, it's creepy. It's like getting in, I say it's like getting in an Uber and it's like getting in an Uber and then not telling the driver where you want to go. That's what it's like when you approach a girl and you don't know what your type is. And then being mad at the Uber driver. Exactly. For not knowing where to go. That's what it's like being a girl. Sorry, I'm sorry, just kidding. Yeah, yeah, yeah, yeah. And to your point too, like I've learned so much from my female friends just about how different life is for them. You know, like one of my friends, she just like lets me look at her DMs. God damn, dude, that is the craziest. Guys, if any of you could ever have that appointment, like if you have a female friend with just like 50,000 followers and just look at her DMs, just so you can understand what it's like for them, it is mind blowing once you figure that out, man. It is such a different frame of reference, definitely. Yeah, yeah, it is absolutely wild. Like as a guy, you're just like, wait a second, like why am I, like we're like the same age. We make this, we make, you know, like the girls I'm thinking of, they actually make, you know, a lot of money. Yeah. I'm like, it's not, you know, it's not financial. Shout out to all the fans. No, no, these girls are not, but yeah. But, you know, and I'm like, it's very sobering reality, I guess. Like when you look at it and you're just like, the opportunities that you get versus that come into mind, and I get great opportunities, but it's not like this, you know. Yeah, and then, but the other thing is when I have a female friend say, hey, I go into this room and they just don't take me seriously because I'm a female. And like, as a man, as a former US military officer, acting the way I do, I do get taken seriously. I'm not gonna sit there and act like I'm not. But when I watch their experience, I'm like, oh, they're not lying. This really is different. This is a different experience for them. Now, here's another thing where I think there's a lot of misnomers. Because I have a bunch of female friends, that doesn't mean I act feminine. I still watch, I watch more football than anyone watching this goddamn program right now. I watch every, I watch highlights for every, all 256 NFL games this year, or there's more than that, there's 17 weeks. I watch every single game. I watch every highlight. I'm huge into basketball. I'm huge into martial arts. I'm huge into shooting guns. I'm very masculine stuff that I do. I play tons of video games. But my friends are all, most of my friends are female. Like 60% of my friends are female. That's another thing where I think guys have this misnomer. It's like, because I have female friends, I need to act more female-like. That is not what we're saying. What I'm saying is, when you have a bunch of female friends, you're gonna find that everything just sort of calibrates for you. And you just, the easiest way to say it is, you get invited to everything. People, like, when there's like, man, do I wanna invite this dude to this conference or this whatever, everyone's like, yes, I want this guy. I was just sitting a rink, I was sitting on the ice for the Golden Knights the other night, and it's because of connections that I made through my female friends. And it's just like, over and over and over, this kind of stuff happens. Plastic surgeons reach out to me, all kinds of sponsors for my events. And that's why I tell guys, like, if it's possible for you to have, I tell guys six, 200 female friends, go for that. Your life becomes easier. I'm not telling you to date 200 women. I'm not telling you to have a girlfriend. I am telling you, if you have 200 female friends that straight up have your back, bro, life is great. Life is much easier. \", \"segments\": [{\"id\": 0, \"seek\": 0, \"start\": 0.0, \"end\": 1.0, \"text\": \" Let's talk about this, man.\", \"tokens\": [50364, 961, 311, 751, 466, 341, 11, 587, 13, 50414], \"temperature\": 0.0, \"avg_logprob\": -0.2176906168460846, \"compression_ratio\": 1.7189542055130005, \"no_speech_prob\": 0.010161454789340496}, {\"id\": 1, \"seek\": 0, \"start\": 1.0, \"end\": 2.5, \"text\": \" This is a big thing you and I,\", \"tokens\": [50414, 639, 307, 257, 955, 551, 291, 293, 286, 11, 50489], \"temperature\": 0.0, \"avg_logprob\": -0.2176906168460846, \"compression_ratio\": 1.7189542055130005, \"no_speech_prob\": 0.010161454789340496}, {\"id\": 2, \"seek\": 0, \"start\": 3.880000114440918, \"end\": 5.079999923706055, \"text\": \" we really need to dig into this\", \"tokens\": [50558, 321, 534, 643, 281, 2528, 666, 341, 50618], \"temperature\": 0.0, \"avg_logprob\": -0.2176906168460846, \"compression_ratio\": 1.7189542055130005, \"no_speech_prob\": 0.010161454789340496}, {\"id\": 3, \"seek\": 0, \"start\": 5.079999923706055, \"end\": 7.0, \"text\": \" because I think there's a huge misnomer about this,\", \"tokens\": [50618, 570, 286, 519, 456, 311, 257, 2603, 3346, 77, 14301, 466, 341, 11, 50714], \"temperature\": 0.0, \"avg_logprob\": -0.2176906168460846, \"compression_ratio\": 1.7189542055130005, \"no_speech_prob\": 0.010161454789340496}, {\"id\": 4, \"seek\": 0, \"start\": 7.0, \"end\": 8.680000305175781, \"text\": \" especially coming from the seduction\", \"tokens\": [50714, 2318, 1348, 490, 264, 9643, 27549, 50798], \"temperature\": 0.0, \"avg_logprob\": -0.2176906168460846, \"compression_ratio\": 1.7189542055130005, \"no_speech_prob\": 0.010161454789340496}, {\"id\": 5, \"seek\": 0, \"start\": 8.680000305175781, \"end\": 10.239999771118164, \"text\": \" pickup community prior.\", \"tokens\": [50798, 25328, 1768, 4059, 13, 50876], \"temperature\": 0.0, \"avg_logprob\": -0.2176906168460846, \"compression_ratio\": 1.7189542055130005, \"no_speech_prob\": 0.010161454789340496}, {\"id\": 6, \"seek\": 0, \"start\": 10.239999771118164, \"end\": 13.119999885559082, \"text\": \" I have a completely antithetical viewpoint\", \"tokens\": [50876, 286, 362, 257, 2584, 2511, 355, 27800, 35248, 51020], \"temperature\": 0.0, \"avg_logprob\": -0.2176906168460846, \"compression_ratio\": 1.7189542055130005, \"no_speech_prob\": 0.010161454789340496}, {\"id\": 7, \"seek\": 0, \"start\": 13.119999885559082, \"end\": 14.119999885559082, \"text\": \" to what they believe.\", \"tokens\": [51020, 281, 437, 436, 1697, 13, 51070], \"temperature\": 0.0, \"avg_logprob\": -0.2176906168460846, \"compression_ratio\": 1.7189542055130005, \"no_speech_prob\": 0.010161454789340496}, {\"id\": 8, \"seek\": 0, \"start\": 14.119999885559082, \"end\": 16.81999969482422, \"text\": \" I 100% think you should make\", \"tokens\": [51070, 286, 2319, 4, 519, 291, 820, 652, 51205], \"temperature\": 0.0, \"avg_logprob\": -0.2176906168460846, \"compression_ratio\": 1.7189542055130005, \"no_speech_prob\": 0.010161454789340496}, {\"id\": 9, \"seek\": 0, \"start\": 16.81999969482422, \"end\": 19.0, \"text\": \" as many female friends as possible.\", \"tokens\": [51205, 382, 867, 6556, 1855, 382, 1944, 13, 51314], \"temperature\": 0.0, \"avg_logprob\": -0.2176906168460846, \"compression_ratio\": 1.7189542055130005, \"no_speech_prob\": 0.010161454789340496}, {\"id\": 10, \"seek\": 0, \"start\": 19.0, \"end\": 20.200000762939453, \"text\": \" I think if possible,\", \"tokens\": [51314, 286, 519, 498, 1944, 11, 51374], \"temperature\": 0.0, \"avg_logprob\": -0.2176906168460846, \"compression_ratio\": 1.7189542055130005, \"no_speech_prob\": 0.010161454789340496}, {\"id\": 11, \"seek\": 0, \"start\": 20.200000762939453, \"end\": 23.959999084472656, \"text\": \" having a man having two or 300 female friends is fantastic.\", \"tokens\": [51374, 1419, 257, 587, 1419, 732, 420, 6641, 6556, 1855, 307, 5456, 13, 51562], \"temperature\": 0.0, \"avg_logprob\": -0.2176906168460846, \"compression_ratio\": 1.7189542055130005, \"no_speech_prob\": 0.010161454789340496}, {\"id\": 12, \"seek\": 0, \"start\": 23.959999084472656, \"end\": 26.0, \"text\": \" You will be invited to everything.\", \"tokens\": [51562, 509, 486, 312, 9185, 281, 1203, 13, 51664], \"temperature\": 0.0, \"avg_logprob\": -0.2176906168460846, \"compression_ratio\": 1.7189542055130005, \"no_speech_prob\": 0.010161454789340496}, {\"id\": 13, \"seek\": 0, \"start\": 26.0, \"end\": 28.239999771118164, \"text\": \" Everyone will want to interview with you.\", \"tokens\": [51664, 5198, 486, 528, 281, 4049, 365, 291, 13, 51776], \"temperature\": 0.0, \"avg_logprob\": -0.2176906168460846, \"compression_ratio\": 1.7189542055130005, \"no_speech_prob\": 0.010161454789340496}, {\"id\": 14, \"seek\": 0, \"start\": 28.239999771118164, \"end\": 29.579999923706055, \"text\": \" Everyone will invite you to stuff.\", \"tokens\": [51776, 5198, 486, 7980, 291, 281, 1507, 13, 51843], \"temperature\": 0.0, \"avg_logprob\": -0.2176906168460846, \"compression_ratio\": 1.7189542055130005, \"no_speech_prob\": 0.010161454789340496}, {\"id\": 15, \"seek\": 2958, \"start\": 29.579999923706055, \"end\": 31.139999389648438, \"text\": \" Everyone will want to network with you.\", \"tokens\": [50364, 5198, 486, 528, 281, 3209, 365, 291, 13, 50442], \"temperature\": 0.0, \"avg_logprob\": -0.24544747173786163, \"compression_ratio\": 1.8096773624420166, \"no_speech_prob\": 0.00015843278379179537}, {\"id\": 16, \"seek\": 2958, \"start\": 31.139999389648438, \"end\": 34.540000915527344, \"text\": \" You will like the number of wealth,\", \"tokens\": [50442, 509, 486, 411, 264, 1230, 295, 7203, 11, 50612], \"temperature\": 0.0, \"avg_logprob\": -0.24544747173786163, \"compression_ratio\": 1.8096773624420166, \"no_speech_prob\": 0.00015843278379179537}, {\"id\": 17, \"seek\": 2958, \"start\": 34.540000915527344, \"end\": 37.380001068115234, \"text\": \" the number of billionaires that I have been introduced to\", \"tokens\": [50612, 264, 1230, 295, 5218, 10840, 300, 286, 362, 668, 7268, 281, 50754], \"temperature\": 0.0, \"avg_logprob\": -0.24544747173786163, \"compression_ratio\": 1.8096773624420166, \"no_speech_prob\": 0.00015843278379179537}, {\"id\": 18, \"seek\": 2958, \"start\": 37.380001068115234, \"end\": 40.900001525878906, \"text\": \" by my female friends is several dozen at this point.\", \"tokens\": [50754, 538, 452, 6556, 1855, 307, 2940, 16654, 412, 341, 935, 13, 50930], \"temperature\": 0.0, \"avg_logprob\": -0.24544747173786163, \"compression_ratio\": 1.8096773624420166, \"no_speech_prob\": 0.00015843278379179537}, {\"id\": 19, \"seek\": 2958, \"start\": 40.900001525878906, \"end\": 43.58000183105469, \"text\": \" I have, of course the pickup community is very much like\", \"tokens\": [50930, 286, 362, 11, 295, 1164, 264, 25328, 1768, 307, 588, 709, 411, 51064], \"temperature\": 0.0, \"avg_logprob\": -0.24544747173786163, \"compression_ratio\": 1.8096773624420166, \"no_speech_prob\": 0.00015843278379179537}, {\"id\": 20, \"seek\": 2958, \"start\": 43.58000183105469, \"end\": 46.18000030517578, \"text\": \" you cannot let these women put you in a friend zone.\", \"tokens\": [51064, 291, 2644, 718, 613, 2266, 829, 291, 294, 257, 1277, 6668, 13, 51194], \"temperature\": 0.0, \"avg_logprob\": -0.24544747173786163, \"compression_ratio\": 1.8096773624420166, \"no_speech_prob\": 0.00015843278379179537}, {\"id\": 21, \"seek\": 2958, \"start\": 46.18000030517578, \"end\": 47.279998779296875, \"text\": \" You can't be friends with women.\", \"tokens\": [51194, 509, 393, 380, 312, 1855, 365, 2266, 13, 51249], \"temperature\": 0.0, \"avg_logprob\": -0.24544747173786163, \"compression_ratio\": 1.8096773624420166, \"no_speech_prob\": 0.00015843278379179537}, {\"id\": 22, \"seek\": 2958, \"start\": 47.279998779296875, \"end\": 49.86000061035156, \"text\": \" I hear several red pill people come out specifically\", \"tokens\": [51249, 286, 1568, 2940, 2182, 8100, 561, 808, 484, 4682, 51378], \"temperature\": 0.0, \"avg_logprob\": -0.24544747173786163, \"compression_ratio\": 1.8096773624420166, \"no_speech_prob\": 0.00015843278379179537}, {\"id\": 23, \"seek\": 2958, \"start\": 49.86000061035156, \"end\": 51.7400016784668, \"text\": \" and say men and women cannot be friends.\", \"tokens\": [51378, 293, 584, 1706, 293, 2266, 2644, 312, 1855, 13, 51472], \"temperature\": 0.0, \"avg_logprob\": -0.24544747173786163, \"compression_ratio\": 1.8096773624420166, \"no_speech_prob\": 0.00015843278379179537}, {\"id\": 24, \"seek\": 2958, \"start\": 51.7400016784668, \"end\": 55.939998626708984, \"text\": \" And I know this absolutely unequivocally to not be a fact.\", \"tokens\": [51472, 400, 286, 458, 341, 3122, 2251, 358, 592, 905, 379, 281, 406, 312, 257, 1186, 13, 51682], \"temperature\": 0.0, \"avg_logprob\": -0.24544747173786163, \"compression_ratio\": 1.8096773624420166, \"no_speech_prob\": 0.00015843278379179537}, {\"id\": 25, \"seek\": 2958, \"start\": 55.939998626708984, \"end\": 57.34000015258789, \"text\": \" And yet I've seen a lot of your videos\", \"tokens\": [51682, 400, 1939, 286, 600, 1612, 257, 688, 295, 428, 2145, 51752], \"temperature\": 0.0, \"avg_logprob\": -0.24544747173786163, \"compression_ratio\": 1.8096773624420166, \"no_speech_prob\": 0.00015843278379179537}, {\"id\": 26, \"seek\": 2958, \"start\": 57.34000015258789, \"end\": 58.34000015258789, \"text\": \" where you have a lot of female friends.\", \"tokens\": [51752, 689, 291, 362, 257, 688, 295, 6556, 1855, 13, 51802], \"temperature\": 0.0, \"avg_logprob\": -0.24544747173786163, \"compression_ratio\": 1.8096773624420166, \"no_speech_prob\": 0.00015843278379179537}, {\"id\": 27, \"seek\": 5834, \"start\": 58.7400016784668, \"end\": 59.900001525878906, \"text\": \" What is your feeling about this?\", \"tokens\": [50384, 708, 307, 428, 2633, 466, 341, 30, 50442], \"temperature\": 0.0, \"avg_logprob\": -0.24999433755874634, \"compression_ratio\": 1.8115016222000122, \"no_speech_prob\": 0.0007915590540505946}, {\"id\": 28, \"seek\": 5834, \"start\": 59.900001525878906, \"end\": 60.81999969482422, \"text\": \" Yeah, absolutely.\", \"tokens\": [50442, 865, 11, 3122, 13, 50488], \"temperature\": 0.0, \"avg_logprob\": -0.24999433755874634, \"compression_ratio\": 1.8115016222000122, \"no_speech_prob\": 0.0007915590540505946}, {\"id\": 29, \"seek\": 5834, \"start\": 60.81999969482422, \"end\": 62.70000076293945, \"text\": \" I mean, I've heard some of the things\", \"tokens\": [50488, 286, 914, 11, 286, 600, 2198, 512, 295, 264, 721, 50582], \"temperature\": 0.0, \"avg_logprob\": -0.24999433755874634, \"compression_ratio\": 1.8115016222000122, \"no_speech_prob\": 0.0007915590540505946}, {\"id\": 30, \"seek\": 5834, \"start\": 62.70000076293945, \"end\": 63.97999954223633, \"text\": \" that you've said about female friends\", \"tokens\": [50582, 300, 291, 600, 848, 466, 6556, 1855, 50646], \"temperature\": 0.0, \"avg_logprob\": -0.24999433755874634, \"compression_ratio\": 1.8115016222000122, \"no_speech_prob\": 0.0007915590540505946}, {\"id\": 31, \"seek\": 5834, \"start\": 63.97999954223633, \"end\": 66.5199966430664, \"text\": \" and I think it's absolutely spot on.\", \"tokens\": [50646, 293, 286, 519, 309, 311, 3122, 4008, 322, 13, 50773], \"temperature\": 0.0, \"avg_logprob\": -0.24999433755874634, \"compression_ratio\": 1.8115016222000122, \"no_speech_prob\": 0.0007915590540505946}, {\"id\": 32, \"seek\": 5834, \"start\": 66.5199966430664, \"end\": 71.26000213623047, \"text\": \" Like if you struggle to, if you want a girlfriend,\", \"tokens\": [50773, 1743, 498, 291, 7799, 281, 11, 498, 291, 528, 257, 10369, 11, 51010], \"temperature\": 0.0, \"avg_logprob\": -0.24999433755874634, \"compression_ratio\": 1.8115016222000122, \"no_speech_prob\": 0.0007915590540505946}, {\"id\": 33, \"seek\": 5834, \"start\": 71.26000213623047, \"end\": 73.73999786376953, \"text\": \" you probably are kind of weird around girls.\", \"tokens\": [51010, 291, 1391, 366, 733, 295, 3657, 926, 4519, 13, 51134], \"temperature\": 0.0, \"avg_logprob\": -0.24999433755874634, \"compression_ratio\": 1.8115016222000122, \"no_speech_prob\": 0.0007915590540505946}, {\"id\": 34, \"seek\": 5834, \"start\": 73.73999786376953, \"end\": 77.86000061035156, \"text\": \" So just make it your mission to just make friends with them\", \"tokens\": [51134, 407, 445, 652, 309, 428, 4447, 281, 445, 652, 1855, 365, 552, 51340], \"temperature\": 0.0, \"avg_logprob\": -0.24999433755874634, \"compression_ratio\": 1.8115016222000122, \"no_speech_prob\": 0.0007915590540505946}, {\"id\": 35, \"seek\": 5834, \"start\": 77.86000061035156, \"end\": 79.13999938964844, \"text\": \" and don't try anything creepy.\", \"tokens\": [51340, 293, 500, 380, 853, 1340, 14717, 13, 51404], \"temperature\": 0.0, \"avg_logprob\": -0.24999433755874634, \"compression_ratio\": 1.8115016222000122, \"no_speech_prob\": 0.0007915590540505946}, {\"id\": 36, \"seek\": 5834, \"start\": 79.13999938964844, \"end\": 79.9800033569336, \"text\": \" Or how about that?\", \"tokens\": [51404, 1610, 577, 466, 300, 30, 51446], \"temperature\": 0.0, \"avg_logprob\": -0.24999433755874634, \"compression_ratio\": 1.8115016222000122, \"no_speech_prob\": 0.0007915590540505946}, {\"id\": 37, \"seek\": 5834, \"start\": 79.9800033569336, \"end\": 82.44000244140625, \"text\": \" Even that archetype, like if there's a girl that I like,\", \"tokens\": [51446, 2754, 300, 41852, 494, 11, 411, 498, 456, 311, 257, 2013, 300, 286, 411, 11, 51569], \"temperature\": 0.0, \"avg_logprob\": -0.24999433755874634, \"compression_ratio\": 1.8115016222000122, \"no_speech_prob\": 0.0007915590540505946}, {\"id\": 38, \"seek\": 5834, \"start\": 82.44000244140625, \"end\": 84.30000305175781, \"text\": \" I will pick all the girls that I like\", \"tokens\": [51569, 286, 486, 1888, 439, 264, 4519, 300, 286, 411, 51662], \"temperature\": 0.0, \"avg_logprob\": -0.24999433755874634, \"compression_ratio\": 1.8115016222000122, \"no_speech_prob\": 0.0007915590540505946}, {\"id\": 39, \"seek\": 5834, \"start\": 84.30000305175781, \"end\": 85.58000183105469, \"text\": \" that have that archetype, but they're married.\", \"tokens\": [51662, 300, 362, 300, 41852, 494, 11, 457, 436, 434, 5259, 13, 51726], \"temperature\": 0.0, \"avg_logprob\": -0.24999433755874634, \"compression_ratio\": 1.8115016222000122, \"no_speech_prob\": 0.0007915590540505946}, {\"id\": 40, \"seek\": 5834, \"start\": 85.58000183105469, \"end\": 87.73999786376953, \"text\": \" So we're just gonna be friends or they have a boyfriend\", \"tokens\": [51726, 407, 321, 434, 445, 799, 312, 1855, 420, 436, 362, 257, 11457, 51834], \"temperature\": 0.0, \"avg_logprob\": -0.24999433755874634, \"compression_ratio\": 1.8115016222000122, \"no_speech_prob\": 0.0007915590540505946}, {\"id\": 41, \"seek\": 8774, \"start\": 87.77999877929688, \"end\": 88.9000015258789, \"text\": \" and we're just gonna be friends.\", \"tokens\": [50366, 293, 321, 434, 445, 799, 312, 1855, 13, 50422], \"temperature\": 0.0, \"avg_logprob\": -0.2212558090686798, \"compression_ratio\": 1.8659794330596924, \"no_speech_prob\": 0.00029595199157483876}, {\"id\": 42, \"seek\": 8774, \"start\": 88.9000015258789, \"end\": 89.94000244140625, \"text\": \" And then I call them, hey,\", \"tokens\": [50422, 400, 550, 286, 818, 552, 11, 4177, 11, 50474], \"temperature\": 0.0, \"avg_logprob\": -0.2212558090686798, \"compression_ratio\": 1.8659794330596924, \"no_speech_prob\": 0.00029595199157483876}, {\"id\": 43, \"seek\": 8774, \"start\": 89.94000244140625, \"end\": 91.18000030517578, \"text\": \" can we talk about something real quick?\", \"tokens\": [50474, 393, 321, 751, 466, 746, 957, 1702, 30, 50536], \"temperature\": 0.0, \"avg_logprob\": -0.2212558090686798, \"compression_ratio\": 1.8659794330596924, \"no_speech_prob\": 0.00029595199157483876}, {\"id\": 44, \"seek\": 8774, \"start\": 91.18000030517578, \"end\": 92.9000015258789, \"text\": \" I dealt with this, this, this, and a girl.\", \"tokens\": [50536, 286, 15991, 365, 341, 11, 341, 11, 341, 11, 293, 257, 2013, 13, 50622], \"temperature\": 0.0, \"avg_logprob\": -0.2212558090686798, \"compression_ratio\": 1.8659794330596924, \"no_speech_prob\": 0.00029595199157483876}, {\"id\": 45, \"seek\": 8774, \"start\": 92.9000015258789, \"end\": 94.9800033569336, \"text\": \" If you were in this situation, what would you be thinking?\", \"tokens\": [50622, 759, 291, 645, 294, 341, 2590, 11, 437, 576, 291, 312, 1953, 30, 50726], \"temperature\": 0.0, \"avg_logprob\": -0.2212558090686798, \"compression_ratio\": 1.8659794330596924, \"no_speech_prob\": 0.00029595199157483876}, {\"id\": 46, \"seek\": 8774, \"start\": 94.9800033569336, \"end\": 96.58000183105469, \"text\": \" They're like, Michael, she's fucking with you.\", \"tokens\": [50726, 814, 434, 411, 11, 5116, 11, 750, 311, 5546, 365, 291, 13, 50806], \"temperature\": 0.0, \"avg_logprob\": -0.2212558090686798, \"compression_ratio\": 1.8659794330596924, \"no_speech_prob\": 0.00029595199157483876}, {\"id\": 47, \"seek\": 8774, \"start\": 96.58000183105469, \"end\": 97.77999877929688, \"text\": \" She's doing this, this, and this.\", \"tokens\": [50806, 1240, 311, 884, 341, 11, 341, 11, 293, 341, 13, 50866], \"temperature\": 0.0, \"avg_logprob\": -0.2212558090686798, \"compression_ratio\": 1.8659794330596924, \"no_speech_prob\": 0.00029595199157483876}, {\"id\": 48, \"seek\": 8774, \"start\": 97.77999877929688, \"end\": 99.37999725341797, \"text\": \" And the other thing that I'll tell you,\", \"tokens\": [50866, 400, 264, 661, 551, 300, 286, 603, 980, 291, 11, 50946], \"temperature\": 0.0, \"avg_logprob\": -0.2212558090686798, \"compression_ratio\": 1.8659794330596924, \"no_speech_prob\": 0.00029595199157483876}, {\"id\": 49, \"seek\": 8774, \"start\": 99.37999725341797, \"end\": 101.0999984741211, \"text\": \" man, if you can get yourself a man eater,\", \"tokens\": [50946, 587, 11, 498, 291, 393, 483, 1803, 257, 587, 40362, 11, 51032], \"temperature\": 0.0, \"avg_logprob\": -0.2212558090686798, \"compression_ratio\": 1.8659794330596924, \"no_speech_prob\": 0.00029595199157483876}, {\"id\": 50, \"seek\": 8774, \"start\": 101.0999984741211, \"end\": 103.30000305175781, \"text\": \" and I'm talking about a girl who just runs through dudes,\", \"tokens\": [51032, 293, 286, 478, 1417, 466, 257, 2013, 567, 445, 6676, 807, 27717, 11, 51142], \"temperature\": 0.0, \"avg_logprob\": -0.2212558090686798, \"compression_ratio\": 1.8659794330596924, \"no_speech_prob\": 0.00029595199157483876}, {\"id\": 51, \"seek\": 8774, \"start\": 103.30000305175781, \"end\": 105.0999984741211, \"text\": \" like fucking, like the most,\", \"tokens\": [51142, 411, 5546, 11, 411, 264, 881, 11, 51232], \"temperature\": 0.0, \"avg_logprob\": -0.2212558090686798, \"compression_ratio\": 1.8659794330596924, \"no_speech_prob\": 0.00029595199157483876}, {\"id\": 52, \"seek\": 8774, \"start\": 105.0999984741211, \"end\": 107.73999786376953, \"text\": \" I have some female friends that are the most fucking toxic\", \"tokens\": [51232, 286, 362, 512, 6556, 1855, 300, 366, 264, 881, 5546, 12786, 51364], \"temperature\": 0.0, \"avg_logprob\": -0.2212558090686798, \"compression_ratio\": 1.8659794330596924, \"no_speech_prob\": 0.00029595199157483876}, {\"id\": 53, \"seek\": 8774, \"start\": 107.73999786376953, \"end\": 108.9000015258789, \"text\": \" women you've ever met in your life.\", \"tokens\": [51364, 2266, 291, 600, 1562, 1131, 294, 428, 993, 13, 51422], \"temperature\": 0.0, \"avg_logprob\": -0.2212558090686798, \"compression_ratio\": 1.8659794330596924, \"no_speech_prob\": 0.00029595199157483876}, {\"id\": 54, \"seek\": 8774, \"start\": 108.9000015258789, \"end\": 110.18000030517578, \"text\": \" I would never date them.\", \"tokens\": [51422, 286, 576, 1128, 4002, 552, 13, 51486], \"temperature\": 0.0, \"avg_logprob\": -0.2212558090686798, \"compression_ratio\": 1.8659794330596924, \"no_speech_prob\": 0.00029595199157483876}, {\"id\": 55, \"seek\": 8774, \"start\": 110.18000030517578, \"end\": 111.62000274658203, \"text\": \" But like when you listen to them,\", \"tokens\": [51486, 583, 411, 562, 291, 2140, 281, 552, 11, 51558], \"temperature\": 0.0, \"avg_logprob\": -0.2212558090686798, \"compression_ratio\": 1.8659794330596924, \"no_speech_prob\": 0.00029595199157483876}, {\"id\": 56, \"seek\": 8774, \"start\": 111.62000274658203, \"end\": 113.9000015258789, \"text\": \" they have the absolute correct explanation\", \"tokens\": [51558, 436, 362, 264, 8236, 3006, 10835, 51672], \"temperature\": 0.0, \"avg_logprob\": -0.2212558090686798, \"compression_ratio\": 1.8659794330596924, \"no_speech_prob\": 0.00029595199157483876}, {\"id\": 57, \"seek\": 8774, \"start\": 113.9000015258789, \"end\": 116.13999938964844, \"text\": \" for why these women are doing everything they're doing.\", \"tokens\": [51672, 337, 983, 613, 2266, 366, 884, 1203, 436, 434, 884, 13, 51784], \"temperature\": 0.0, \"avg_logprob\": -0.2212558090686798, \"compression_ratio\": 1.8659794330596924, \"no_speech_prob\": 0.00029595199157483876}, {\"id\": 58, \"seek\": 8774, \"start\": 116.13999938964844, \"end\": 117.0999984741211, \"text\": \" They are a godsend.\", \"tokens\": [51784, 814, 366, 257, 14049, 521, 13, 51832], \"temperature\": 0.0, \"avg_logprob\": -0.2212558090686798, \"compression_ratio\": 1.8659794330596924, \"no_speech_prob\": 0.00029595199157483876}, {\"id\": 59, \"seek\": 11710, \"start\": 117.66000366210938, \"end\": 119.81999969482422, \"text\": \" I'm so confused.\", \"tokens\": [50392, 286, 478, 370, 9019, 13, 50500], \"temperature\": 0.0, \"avg_logprob\": -0.22653992474079132, \"compression_ratio\": 1.825825810432434, \"no_speech_prob\": 0.0005274725845083594}, {\"id\": 60, \"seek\": 11710, \"start\": 119.81999969482422, \"end\": 121.41999816894531, \"text\": \" I don't understand, Amanda, why is this happening?\", \"tokens\": [50500, 286, 500, 380, 1223, 11, 20431, 11, 983, 307, 341, 2737, 30, 50580], \"temperature\": 0.0, \"avg_logprob\": -0.22653992474079132, \"compression_ratio\": 1.825825810432434, \"no_speech_prob\": 0.0005274725845083594}, {\"id\": 61, \"seek\": 11710, \"start\": 121.41999816894531, \"end\": 122.45999908447266, \"text\": \" It's like, I'll tell you why this is happening.\", \"tokens\": [50580, 467, 311, 411, 11, 286, 603, 980, 291, 983, 341, 307, 2737, 13, 50632], \"temperature\": 0.0, \"avg_logprob\": -0.22653992474079132, \"compression_ratio\": 1.825825810432434, \"no_speech_prob\": 0.0005274725845083594}, {\"id\": 62, \"seek\": 11710, \"start\": 122.45999908447266, \"end\": 123.37999725341797, \"text\": \" She did this because of this.\", \"tokens\": [50632, 1240, 630, 341, 570, 295, 341, 13, 50678], \"temperature\": 0.0, \"avg_logprob\": -0.22653992474079132, \"compression_ratio\": 1.825825810432434, \"no_speech_prob\": 0.0005274725845083594}, {\"id\": 63, \"seek\": 11710, \"start\": 123.37999725341797, \"end\": 124.22000122070312, \"text\": \" She did this because of this.\", \"tokens\": [50678, 1240, 630, 341, 570, 295, 341, 13, 50720], \"temperature\": 0.0, \"avg_logprob\": -0.22653992474079132, \"compression_ratio\": 1.825825810432434, \"no_speech_prob\": 0.0005274725845083594}, {\"id\": 64, \"seek\": 11710, \"start\": 124.22000122070312, \"end\": 125.05999755859375, \"text\": \" She did this because of this.\", \"tokens\": [50720, 1240, 630, 341, 570, 295, 341, 13, 50762], \"temperature\": 0.0, \"avg_logprob\": -0.22653992474079132, \"compression_ratio\": 1.825825810432434, \"no_speech_prob\": 0.0005274725845083594}, {\"id\": 65, \"seek\": 11710, \"start\": 125.05999755859375, \"end\": 125.94000244140625, \"text\": \" Because I did the same fucking thing.\", \"tokens\": [50762, 1436, 286, 630, 264, 912, 5546, 551, 13, 50806], \"temperature\": 0.0, \"avg_logprob\": -0.22653992474079132, \"compression_ratio\": 1.825825810432434, \"no_speech_prob\": 0.0005274725845083594}, {\"id\": 66, \"seek\": 11710, \"start\": 125.94000244140625, \"end\": 127.58000183105469, \"text\": \" You're like, oh, of course.\", \"tokens\": [50806, 509, 434, 411, 11, 1954, 11, 295, 1164, 13, 50888], \"temperature\": 0.0, \"avg_logprob\": -0.22653992474079132, \"compression_ratio\": 1.825825810432434, \"no_speech_prob\": 0.0005274725845083594}, {\"id\": 67, \"seek\": 11710, \"start\": 127.58000183105469, \"end\": 131.02000427246094, \"text\": \" So I completely agree with you about the calibration.\", \"tokens\": [50888, 407, 286, 2584, 3986, 365, 291, 466, 264, 38732, 13, 51060], \"temperature\": 0.0, \"avg_logprob\": -0.22653992474079132, \"compression_ratio\": 1.825825810432434, \"no_speech_prob\": 0.0005274725845083594}, {\"id\": 68, \"seek\": 11710, \"start\": 131.02000427246094, \"end\": 132.4199981689453, \"text\": \" Yeah, no, you said that.\", \"tokens\": [51060, 865, 11, 572, 11, 291, 848, 300, 13, 51130], \"temperature\": 0.0, \"avg_logprob\": -0.22653992474079132, \"compression_ratio\": 1.825825810432434, \"no_speech_prob\": 0.0005274725845083594}, {\"id\": 69, \"seek\": 11710, \"start\": 132.4199981689453, \"end\": 133.4600067138672, \"text\": \" What'd you call it, a man eater?\", \"tokens\": [51130, 708, 1116, 291, 818, 309, 11, 257, 587, 40362, 30, 51182], \"temperature\": 0.0, \"avg_logprob\": -0.22653992474079132, \"compression_ratio\": 1.825825810432434, \"no_speech_prob\": 0.0005274725845083594}, {\"id\": 70, \"seek\": 11710, \"start\": 133.4600067138672, \"end\": 134.3000030517578, \"text\": \" Man eater.\", \"tokens\": [51182, 2458, 40362, 13, 51224], \"temperature\": 0.0, \"avg_logprob\": -0.22653992474079132, \"compression_ratio\": 1.825825810432434, \"no_speech_prob\": 0.0005274725845083594}, {\"id\": 71, \"seek\": 11710, \"start\": 134.3000030517578, \"end\": 135.13999938964844, \"text\": \" Dude, I have one female friend,\", \"tokens\": [51224, 12042, 11, 286, 362, 472, 6556, 1277, 11, 51266], \"temperature\": 0.0, \"avg_logprob\": -0.22653992474079132, \"compression_ratio\": 1.825825810432434, \"no_speech_prob\": 0.0005274725845083594}, {\"id\": 72, \"seek\": 11710, \"start\": 135.13999938964844, \"end\": 138.05999755859375, \"text\": \" this girl has professional athletes and billionaires\", \"tokens\": [51266, 341, 2013, 575, 4843, 13820, 293, 5218, 10840, 51412], \"temperature\": 0.0, \"avg_logprob\": -0.22653992474079132, \"compression_ratio\": 1.825825810432434, \"no_speech_prob\": 0.0005274725845083594}, {\"id\": 73, \"seek\": 11710, \"start\": 138.05999755859375, \"end\": 139.4600067138672, \"text\": \" just eating at her feet, bro.\", \"tokens\": [51412, 445, 3936, 412, 720, 3521, 11, 2006, 13, 51482], \"temperature\": 0.0, \"avg_logprob\": -0.22653992474079132, \"compression_ratio\": 1.825825810432434, \"no_speech_prob\": 0.0005274725845083594}, {\"id\": 74, \"seek\": 11710, \"start\": 139.4600067138672, \"end\": 140.6999969482422, \"text\": \" Everyone wants to date her.\", \"tokens\": [51482, 5198, 2738, 281, 4002, 720, 13, 51544], \"temperature\": 0.0, \"avg_logprob\": -0.22653992474079132, \"compression_ratio\": 1.825825810432434, \"no_speech_prob\": 0.0005274725845083594}, {\"id\": 75, \"seek\": 11710, \"start\": 140.6999969482422, \"end\": 142.5800018310547, \"text\": \" And so obviously I never hit on her.\", \"tokens\": [51544, 400, 370, 2745, 286, 1128, 2045, 322, 720, 13, 51638], \"temperature\": 0.0, \"avg_logprob\": -0.22653992474079132, \"compression_ratio\": 1.825825810432434, \"no_speech_prob\": 0.0005274725845083594}, {\"id\": 76, \"seek\": 11710, \"start\": 142.5800018310547, \"end\": 143.86000061035156, \"text\": \" And I always ask her, I was like,\", \"tokens\": [51638, 400, 286, 1009, 1029, 720, 11, 286, 390, 411, 11, 51702], \"temperature\": 0.0, \"avg_logprob\": -0.22653992474079132, \"compression_ratio\": 1.825825810432434, \"no_speech_prob\": 0.0005274725845083594}, {\"id\": 77, \"seek\": 14386, \"start\": 143.86000061035156, \"end\": 147.94000244140625, \"text\": \" so if she receives that level of stimulus\", \"tokens\": [50364, 370, 498, 750, 20717, 300, 1496, 295, 21366, 50568], \"temperature\": 0.0, \"avg_logprob\": -0.22639720141887665, \"compression_ratio\": 1.9935483932495117, \"no_speech_prob\": 0.0014103056164458394}, {\"id\": 78, \"seek\": 14386, \"start\": 147.94000244140625, \"end\": 149.4199981689453, \"text\": \" and these things worked on her,\", \"tokens\": [50568, 293, 613, 721, 2732, 322, 720, 11, 50642], \"temperature\": 0.0, \"avg_logprob\": -0.22639720141887665, \"compression_ratio\": 1.9935483932495117, \"no_speech_prob\": 0.0014103056164458394}, {\"id\": 79, \"seek\": 14386, \"start\": 149.4199981689453, \"end\": 153.02000427246094, \"text\": \" then you need to fucking pay attention to what happened.\", \"tokens\": [50642, 550, 291, 643, 281, 5546, 1689, 3202, 281, 437, 2011, 13, 50822], \"temperature\": 0.0, \"avg_logprob\": -0.22639720141887665, \"compression_ratio\": 1.9935483932495117, \"no_speech_prob\": 0.0014103056164458394}, {\"id\": 80, \"seek\": 14386, \"start\": 153.02000427246094, \"end\": 154.5, \"text\": \" That's just what I would tell guys.\", \"tokens\": [50822, 663, 311, 445, 437, 286, 576, 980, 1074, 13, 50896], \"temperature\": 0.0, \"avg_logprob\": -0.22639720141887665, \"compression_ratio\": 1.9935483932495117, \"no_speech_prob\": 0.0014103056164458394}, {\"id\": 81, \"seek\": 14386, \"start\": 154.5, \"end\": 155.74000549316406, \"text\": \" Now here's the other thing, right?\", \"tokens\": [50896, 823, 510, 311, 264, 661, 551, 11, 558, 30, 50958], \"temperature\": 0.0, \"avg_logprob\": -0.22639720141887665, \"compression_ratio\": 1.9935483932495117, \"no_speech_prob\": 0.0014103056164458394}, {\"id\": 82, \"seek\": 14386, \"start\": 155.74000549316406, \"end\": 159.10000610351562, \"text\": \" There's a difference between getting friend zoned\", \"tokens\": [50958, 821, 311, 257, 2649, 1296, 1242, 1277, 710, 19009, 51126], \"temperature\": 0.0, \"avg_logprob\": -0.22639720141887665, \"compression_ratio\": 1.9935483932495117, \"no_speech_prob\": 0.0014103056164458394}, {\"id\": 83, \"seek\": 14386, \"start\": 159.10000610351562, \"end\": 160.6199951171875, \"text\": \" and making female friends.\", \"tokens\": [51126, 293, 1455, 6556, 1855, 13, 51202], \"temperature\": 0.0, \"avg_logprob\": -0.22639720141887665, \"compression_ratio\": 1.9935483932495117, \"no_speech_prob\": 0.0014103056164458394}, {\"id\": 84, \"seek\": 14386, \"start\": 160.6199951171875, \"end\": 162.05999755859375, \"text\": \" One more time, because some people's heads\", \"tokens\": [51202, 1485, 544, 565, 11, 570, 512, 561, 311, 8050, 51274], \"temperature\": 0.0, \"avg_logprob\": -0.22639720141887665, \"compression_ratio\": 1.9935483932495117, \"no_speech_prob\": 0.0014103056164458394}, {\"id\": 85, \"seek\": 14386, \"start\": 162.05999755859375, \"end\": 163.05999755859375, \"text\": \" are melting right now.\", \"tokens\": [51274, 366, 20493, 558, 586, 13, 51324], \"temperature\": 0.0, \"avg_logprob\": -0.22639720141887665, \"compression_ratio\": 1.9935483932495117, \"no_speech_prob\": 0.0014103056164458394}, {\"id\": 86, \"seek\": 14386, \"start\": 163.05999755859375, \"end\": 165.05999755859375, \"text\": \" There's a difference between getting friend zoned,\", \"tokens\": [51324, 821, 311, 257, 2649, 1296, 1242, 1277, 710, 19009, 11, 51424], \"temperature\": 0.0, \"avg_logprob\": -0.22639720141887665, \"compression_ratio\": 1.9935483932495117, \"no_speech_prob\": 0.0014103056164458394}, {\"id\": 87, \"seek\": 14386, \"start\": 165.05999755859375, \"end\": 167.3000030517578, \"text\": \" I do not recommend that, and making female friends.\", \"tokens\": [51424, 286, 360, 406, 2748, 300, 11, 293, 1455, 6556, 1855, 13, 51536], \"temperature\": 0.0, \"avg_logprob\": -0.22639720141887665, \"compression_ratio\": 1.9935483932495117, \"no_speech_prob\": 0.0014103056164458394}, {\"id\": 88, \"seek\": 14386, \"start\": 167.3000030517578, \"end\": 168.77999877929688, \"text\": \" There's a difference between I shoot my shot,\", \"tokens\": [51536, 821, 311, 257, 2649, 1296, 286, 3076, 452, 3347, 11, 51610], \"temperature\": 0.0, \"avg_logprob\": -0.22639720141887665, \"compression_ratio\": 1.9935483932495117, \"no_speech_prob\": 0.0014103056164458394}, {\"id\": 89, \"seek\": 14386, \"start\": 168.77999877929688, \"end\": 170.3000030517578, \"text\": \" this didn't work, so let's just be friends.\", \"tokens\": [51610, 341, 994, 380, 589, 11, 370, 718, 311, 445, 312, 1855, 13, 51686], \"temperature\": 0.0, \"avg_logprob\": -0.22639720141887665, \"compression_ratio\": 1.9935483932495117, \"no_speech_prob\": 0.0014103056164458394}, {\"id\": 90, \"seek\": 14386, \"start\": 170.3000030517578, \"end\": 172.10000610351562, \"text\": \" And then the other way is, hey,\", \"tokens\": [51686, 400, 550, 264, 661, 636, 307, 11, 4177, 11, 51776], \"temperature\": 0.0, \"avg_logprob\": -0.22639720141887665, \"compression_ratio\": 1.9935483932495117, \"no_speech_prob\": 0.0014103056164458394}, {\"id\": 91, \"seek\": 14386, \"start\": 172.10000610351562, \"end\": 173.74000549316406, \"text\": \" let's just be friends with everyone all the time\", \"tokens\": [51776, 718, 311, 445, 312, 1855, 365, 1518, 439, 264, 565, 51858], \"temperature\": 0.0, \"avg_logprob\": -0.22639720141887665, \"compression_ratio\": 1.9935483932495117, \"no_speech_prob\": 0.0014103056164458394}, {\"id\": 92, \"seek\": 17374, \"start\": 174.6199951171875, \"end\": 176.82000732421875, \"text\": \" and just see whatever, let God sort it out.\", \"tokens\": [50408, 293, 445, 536, 2035, 11, 718, 1265, 1333, 309, 484, 13, 50518], \"temperature\": 0.0, \"avg_logprob\": -0.30129149556159973, \"compression_ratio\": 1.561403512954712, \"no_speech_prob\": 0.0001293139939662069}, {\"id\": 93, \"seek\": 17374, \"start\": 176.82000732421875, \"end\": 178.97999572753906, \"text\": \" Let's just figure out what happens in the end.\", \"tokens\": [50518, 961, 311, 445, 2573, 484, 437, 2314, 294, 264, 917, 13, 50626], \"temperature\": 0.0, \"avg_logprob\": -0.30129149556159973, \"compression_ratio\": 1.561403512954712, \"no_speech_prob\": 0.0001293139939662069}, {\"id\": 94, \"seek\": 17374, \"start\": 178.97999572753906, \"end\": 181.74000549316406, \"text\": \" Is that been your experience?\", \"tokens\": [50626, 1119, 300, 668, 428, 1752, 30, 50764], \"temperature\": 0.0, \"avg_logprob\": -0.30129149556159973, \"compression_ratio\": 1.561403512954712, \"no_speech_prob\": 0.0001293139939662069}, {\"id\": 95, \"seek\": 17374, \"start\": 182.66000366210938, \"end\": 183.6199951171875, \"text\": \" Of course, yeah.\", \"tokens\": [50810, 2720, 1164, 11, 1338, 13, 50858], \"temperature\": 0.0, \"avg_logprob\": -0.30129149556159973, \"compression_ratio\": 1.561403512954712, \"no_speech_prob\": 0.0001293139939662069}, {\"id\": 96, \"seek\": 17374, \"start\": 183.6199951171875, \"end\": 188.05999755859375, \"text\": \" Yeah, I mean, yeah, I think you have\", \"tokens\": [50858, 865, 11, 286, 914, 11, 1338, 11, 286, 519, 291, 362, 51080], \"temperature\": 0.0, \"avg_logprob\": -0.30129149556159973, \"compression_ratio\": 1.561403512954712, \"no_speech_prob\": 0.0001293139939662069}, {\"id\": 97, \"seek\": 17374, \"start\": 188.05999755859375, \"end\": 189.94000244140625, \"text\": \" to be intentional about it.\", \"tokens\": [51080, 281, 312, 21935, 466, 309, 13, 51174], \"temperature\": 0.0, \"avg_logprob\": -0.30129149556159973, \"compression_ratio\": 1.561403512954712, \"no_speech_prob\": 0.0001293139939662069}, {\"id\": 98, \"seek\": 17374, \"start\": 189.94000244140625, \"end\": 194.94000244140625, \"text\": \" And that's part of the whole idea of maxi too.\", \"tokens\": [51174, 400, 300, 311, 644, 295, 264, 1379, 1558, 295, 11469, 72, 886, 13, 51424], \"temperature\": 0.0, \"avg_logprob\": -0.30129149556159973, \"compression_ratio\": 1.561403512954712, \"no_speech_prob\": 0.0001293139939662069}, {\"id\": 99, \"seek\": 17374, \"start\": 195.5800018310547, \"end\": 198.4199981689453, \"text\": \" It's like you've got to define what you want in life.\", \"tokens\": [51456, 467, 311, 411, 291, 600, 658, 281, 6964, 437, 291, 528, 294, 993, 13, 51598], \"temperature\": 0.0, \"avg_logprob\": -0.30129149556159973, \"compression_ratio\": 1.561403512954712, \"no_speech_prob\": 0.0001293139939662069}, {\"id\": 100, \"seek\": 17374, \"start\": 198.4199981689453, \"end\": 201.5, \"text\": \" If you don't know what type of girl you want to date\", \"tokens\": [51598, 759, 291, 500, 380, 458, 437, 2010, 295, 2013, 291, 528, 281, 4002, 51752], \"temperature\": 0.0, \"avg_logprob\": -0.30129149556159973, \"compression_ratio\": 1.561403512954712, \"no_speech_prob\": 0.0001293139939662069}, {\"id\": 101, \"seek\": 20150, \"start\": 201.5, \"end\": 203.94000244140625, \"text\": \" versus what type of girl you want to be your friend,\", \"tokens\": [50364, 5717, 437, 2010, 295, 2013, 291, 528, 281, 312, 428, 1277, 11, 50486], \"temperature\": 0.0, \"avg_logprob\": -0.21680007874965668, \"compression_ratio\": 2.0114941596984863, \"no_speech_prob\": 0.00010720817226683721}, {\"id\": 102, \"seek\": 20150, \"start\": 203.94000244140625, \"end\": 205.6199951171875, \"text\": \" that's going to screw you up a bit in life\", \"tokens\": [50486, 300, 311, 516, 281, 5630, 291, 493, 257, 857, 294, 993, 50570], \"temperature\": 0.0, \"avg_logprob\": -0.21680007874965668, \"compression_ratio\": 2.0114941596984863, \"no_speech_prob\": 0.00010720817226683721}, {\"id\": 103, \"seek\": 20150, \"start\": 205.6199951171875, \"end\": 208.77999877929688, \"text\": \" because when you don't know what you want, it's creepy.\", \"tokens\": [50570, 570, 562, 291, 500, 380, 458, 437, 291, 528, 11, 309, 311, 14717, 13, 50728], \"temperature\": 0.0, \"avg_logprob\": -0.21680007874965668, \"compression_ratio\": 2.0114941596984863, \"no_speech_prob\": 0.00010720817226683721}, {\"id\": 104, \"seek\": 20150, \"start\": 208.77999877929688, \"end\": 211.5, \"text\": \" It's like getting in, I say it's like getting in an Uber\", \"tokens\": [50728, 467, 311, 411, 1242, 294, 11, 286, 584, 309, 311, 411, 1242, 294, 364, 21839, 50864], \"temperature\": 0.0, \"avg_logprob\": -0.21680007874965668, \"compression_ratio\": 2.0114941596984863, \"no_speech_prob\": 0.00010720817226683721}, {\"id\": 105, \"seek\": 20150, \"start\": 211.5, \"end\": 215.3800048828125, \"text\": \" and it's like getting in an Uber\", \"tokens\": [50864, 293, 309, 311, 411, 1242, 294, 364, 21839, 51058], \"temperature\": 0.0, \"avg_logprob\": -0.21680007874965668, \"compression_ratio\": 2.0114941596984863, \"no_speech_prob\": 0.00010720817226683721}, {\"id\": 106, \"seek\": 20150, \"start\": 215.3800048828125, \"end\": 218.5, \"text\": \" and then not telling the driver where you want to go.\", \"tokens\": [51058, 293, 550, 406, 3585, 264, 6787, 689, 291, 528, 281, 352, 13, 51214], \"temperature\": 0.0, \"avg_logprob\": -0.21680007874965668, \"compression_ratio\": 2.0114941596984863, \"no_speech_prob\": 0.00010720817226683721}, {\"id\": 107, \"seek\": 20150, \"start\": 218.5, \"end\": 219.89999389648438, \"text\": \" That's what it's like when you approach a girl\", \"tokens\": [51214, 663, 311, 437, 309, 311, 411, 562, 291, 3109, 257, 2013, 51284], \"temperature\": 0.0, \"avg_logprob\": -0.21680007874965668, \"compression_ratio\": 2.0114941596984863, \"no_speech_prob\": 0.00010720817226683721}, {\"id\": 108, \"seek\": 20150, \"start\": 219.89999389648438, \"end\": 221.33999633789062, \"text\": \" and you don't know what your type is.\", \"tokens\": [51284, 293, 291, 500, 380, 458, 437, 428, 2010, 307, 13, 51356], \"temperature\": 0.0, \"avg_logprob\": -0.21680007874965668, \"compression_ratio\": 2.0114941596984863, \"no_speech_prob\": 0.00010720817226683721}, {\"id\": 109, \"seek\": 20150, \"start\": 221.33999633789062, \"end\": 222.77999877929688, \"text\": \" And then being mad at the Uber driver.\", \"tokens\": [51356, 400, 550, 885, 5244, 412, 264, 21839, 6787, 13, 51428], \"temperature\": 0.0, \"avg_logprob\": -0.21680007874965668, \"compression_ratio\": 2.0114941596984863, \"no_speech_prob\": 0.00010720817226683721}, {\"id\": 110, \"seek\": 20150, \"start\": 222.77999877929688, \"end\": 223.6199951171875, \"text\": \" Exactly.\", \"tokens\": [51428, 7587, 13, 51470], \"temperature\": 0.0, \"avg_logprob\": -0.21680007874965668, \"compression_ratio\": 2.0114941596984863, \"no_speech_prob\": 0.00010720817226683721}, {\"id\": 111, \"seek\": 20150, \"start\": 223.6199951171875, \"end\": 224.4600067138672, \"text\": \" For not knowing where to go.\", \"tokens\": [51470, 1171, 406, 5276, 689, 281, 352, 13, 51512], \"temperature\": 0.0, \"avg_logprob\": -0.21680007874965668, \"compression_ratio\": 2.0114941596984863, \"no_speech_prob\": 0.00010720817226683721}, {\"id\": 112, \"seek\": 20150, \"start\": 224.4600067138672, \"end\": 225.3000030517578, \"text\": \" That's what it's like being a girl.\", \"tokens\": [51512, 663, 311, 437, 309, 311, 411, 885, 257, 2013, 13, 51554], \"temperature\": 0.0, \"avg_logprob\": -0.21680007874965668, \"compression_ratio\": 2.0114941596984863, \"no_speech_prob\": 0.00010720817226683721}, {\"id\": 113, \"seek\": 20150, \"start\": 225.3000030517578, \"end\": 227.02000427246094, \"text\": \" Sorry, I'm sorry, just kidding.\", \"tokens\": [51554, 4919, 11, 286, 478, 2597, 11, 445, 9287, 13, 51640], \"temperature\": 0.0, \"avg_logprob\": -0.21680007874965668, \"compression_ratio\": 2.0114941596984863, \"no_speech_prob\": 0.00010720817226683721}, {\"id\": 114, \"seek\": 22702, \"start\": 227.94000244140625, \"end\": 229.97999572753906, \"text\": \" Yeah, yeah, yeah, yeah.\", \"tokens\": [50410, 865, 11, 1338, 11, 1338, 11, 1338, 13, 50512], \"temperature\": 0.0, \"avg_logprob\": -0.2873336672782898, \"compression_ratio\": 1.7403508424758911, \"no_speech_prob\": 0.002590844640508294}, {\"id\": 115, \"seek\": 22702, \"start\": 229.97999572753906, \"end\": 232.3000030517578, \"text\": \" And to your point too, like I've learned so much\", \"tokens\": [50512, 400, 281, 428, 935, 886, 11, 411, 286, 600, 3264, 370, 709, 50628], \"temperature\": 0.0, \"avg_logprob\": -0.2873336672782898, \"compression_ratio\": 1.7403508424758911, \"no_speech_prob\": 0.002590844640508294}, {\"id\": 116, \"seek\": 22702, \"start\": 232.3000030517578, \"end\": 235.5399932861328, \"text\": \" from my female friends just about\", \"tokens\": [50628, 490, 452, 6556, 1855, 445, 466, 50790], \"temperature\": 0.0, \"avg_logprob\": -0.2873336672782898, \"compression_ratio\": 1.7403508424758911, \"no_speech_prob\": 0.002590844640508294}, {\"id\": 117, \"seek\": 22702, \"start\": 235.5399932861328, \"end\": 237.77999877929688, \"text\": \" how different life is for them.\", \"tokens\": [50790, 577, 819, 993, 307, 337, 552, 13, 50902], \"temperature\": 0.0, \"avg_logprob\": -0.2873336672782898, \"compression_ratio\": 1.7403508424758911, \"no_speech_prob\": 0.002590844640508294}, {\"id\": 118, \"seek\": 22702, \"start\": 237.77999877929688, \"end\": 240.5, \"text\": \" You know, like one of my friends,\", \"tokens\": [50902, 509, 458, 11, 411, 472, 295, 452, 1855, 11, 51038], \"temperature\": 0.0, \"avg_logprob\": -0.2873336672782898, \"compression_ratio\": 1.7403508424758911, \"no_speech_prob\": 0.002590844640508294}, {\"id\": 119, \"seek\": 22702, \"start\": 240.5, \"end\": 242.3800048828125, \"text\": \" she just like lets me look at her DMs.\", \"tokens\": [51038, 750, 445, 411, 6653, 385, 574, 412, 720, 15322, 82, 13, 51132], \"temperature\": 0.0, \"avg_logprob\": -0.2873336672782898, \"compression_ratio\": 1.7403508424758911, \"no_speech_prob\": 0.002590844640508294}, {\"id\": 120, \"seek\": 22702, \"start\": 242.3800048828125, \"end\": 244.77999877929688, \"text\": \" God damn, dude, that is the craziest.\", \"tokens\": [51132, 1265, 8151, 11, 6449, 11, 300, 307, 264, 46339, 13, 51252], \"temperature\": 0.0, \"avg_logprob\": -0.2873336672782898, \"compression_ratio\": 1.7403508424758911, \"no_speech_prob\": 0.002590844640508294}, {\"id\": 121, \"seek\": 22702, \"start\": 244.77999877929688, \"end\": 246.86000061035156, \"text\": \" Guys, if any of you could ever have that appointment,\", \"tokens\": [51252, 7855, 11, 498, 604, 295, 291, 727, 1562, 362, 300, 13653, 11, 51356], \"temperature\": 0.0, \"avg_logprob\": -0.2873336672782898, \"compression_ratio\": 1.7403508424758911, \"no_speech_prob\": 0.002590844640508294}, {\"id\": 122, \"seek\": 22702, \"start\": 246.86000061035156, \"end\": 247.82000732421875, \"text\": \" like if you have a female friend\", \"tokens\": [51356, 411, 498, 291, 362, 257, 6556, 1277, 51404], \"temperature\": 0.0, \"avg_logprob\": -0.2873336672782898, \"compression_ratio\": 1.7403508424758911, \"no_speech_prob\": 0.002590844640508294}, {\"id\": 123, \"seek\": 22702, \"start\": 247.82000732421875, \"end\": 250.94000244140625, \"text\": \" with just like 50,000 followers and just look at her DMs,\", \"tokens\": [51404, 365, 445, 411, 2625, 11, 1360, 13071, 293, 445, 574, 412, 720, 15322, 82, 11, 51560], \"temperature\": 0.0, \"avg_logprob\": -0.2873336672782898, \"compression_ratio\": 1.7403508424758911, \"no_speech_prob\": 0.002590844640508294}, {\"id\": 124, \"seek\": 22702, \"start\": 250.94000244140625, \"end\": 253.05999755859375, \"text\": \" just so you can understand what it's like for them,\", \"tokens\": [51560, 445, 370, 291, 393, 1223, 437, 309, 311, 411, 337, 552, 11, 51666], \"temperature\": 0.0, \"avg_logprob\": -0.2873336672782898, \"compression_ratio\": 1.7403508424758911, \"no_speech_prob\": 0.002590844640508294}, {\"id\": 125, \"seek\": 22702, \"start\": 253.05999755859375, \"end\": 255.82000732421875, \"text\": \" it is mind blowing once you figure that out, man.\", \"tokens\": [51666, 309, 307, 1575, 15068, 1564, 291, 2573, 300, 484, 11, 587, 13, 51804], \"temperature\": 0.0, \"avg_logprob\": -0.2873336672782898, \"compression_ratio\": 1.7403508424758911, \"no_speech_prob\": 0.002590844640508294}, {\"id\": 126, \"seek\": 25582, \"start\": 255.82000732421875, \"end\": 259.94000244140625, \"text\": \" It is such a different frame of reference, definitely.\", \"tokens\": [50364, 467, 307, 1270, 257, 819, 3920, 295, 6408, 11, 2138, 13, 50570], \"temperature\": 0.0, \"avg_logprob\": -0.3144381046295166, \"compression_ratio\": 1.7364016771316528, \"no_speech_prob\": 0.00011774356244131923}, {\"id\": 127, \"seek\": 25582, \"start\": 259.94000244140625, \"end\": 263.6600036621094, \"text\": \" Yeah, yeah, it is absolutely wild.\", \"tokens\": [50570, 865, 11, 1338, 11, 309, 307, 3122, 4868, 13, 50756], \"temperature\": 0.0, \"avg_logprob\": -0.3144381046295166, \"compression_ratio\": 1.7364016771316528, \"no_speech_prob\": 0.00011774356244131923}, {\"id\": 128, \"seek\": 25582, \"start\": 265.0199890136719, \"end\": 266.6600036621094, \"text\": \" Like as a guy, you're just like, wait a second,\", \"tokens\": [50824, 1743, 382, 257, 2146, 11, 291, 434, 445, 411, 11, 1699, 257, 1150, 11, 50906], \"temperature\": 0.0, \"avg_logprob\": -0.3144381046295166, \"compression_ratio\": 1.7364016771316528, \"no_speech_prob\": 0.00011774356244131923}, {\"id\": 129, \"seek\": 25582, \"start\": 266.6600036621094, \"end\": 271.1400146484375, \"text\": \" like why am I, like we're like the same age.\", \"tokens\": [50906, 411, 983, 669, 286, 11, 411, 321, 434, 411, 264, 912, 3205, 13, 51130], \"temperature\": 0.0, \"avg_logprob\": -0.3144381046295166, \"compression_ratio\": 1.7364016771316528, \"no_speech_prob\": 0.00011774356244131923}, {\"id\": 130, \"seek\": 25582, \"start\": 271.1400146484375, \"end\": 273.4599914550781, \"text\": \" We make this, we make, you know,\", \"tokens\": [51130, 492, 652, 341, 11, 321, 652, 11, 291, 458, 11, 51246], \"temperature\": 0.0, \"avg_logprob\": -0.3144381046295166, \"compression_ratio\": 1.7364016771316528, \"no_speech_prob\": 0.00011774356244131923}, {\"id\": 131, \"seek\": 25582, \"start\": 273.4599914550781, \"end\": 275.2200012207031, \"text\": \" like the girls I'm thinking of,\", \"tokens\": [51246, 411, 264, 4519, 286, 478, 1953, 295, 11, 51334], \"temperature\": 0.0, \"avg_logprob\": -0.3144381046295166, \"compression_ratio\": 1.7364016771316528, \"no_speech_prob\": 0.00011774356244131923}, {\"id\": 132, \"seek\": 25582, \"start\": 275.2200012207031, \"end\": 276.8599853515625, \"text\": \" they actually make, you know, a lot of money.\", \"tokens\": [51334, 436, 767, 652, 11, 291, 458, 11, 257, 688, 295, 1460, 13, 51416], \"temperature\": 0.0, \"avg_logprob\": -0.3144381046295166, \"compression_ratio\": 1.7364016771316528, \"no_speech_prob\": 0.00011774356244131923}, {\"id\": 133, \"seek\": 25582, \"start\": 276.8599853515625, \"end\": 277.70001220703125, \"text\": \" Yeah.\", \"tokens\": [51416, 865, 13, 51458], \"temperature\": 0.0, \"avg_logprob\": -0.3144381046295166, \"compression_ratio\": 1.7364016771316528, \"no_speech_prob\": 0.00011774356244131923}, {\"id\": 134, \"seek\": 25582, \"start\": 277.70001220703125, \"end\": 279.5799865722656, \"text\": \" I'm like, it's not, you know, it's not financial.\", \"tokens\": [51458, 286, 478, 411, 11, 309, 311, 406, 11, 291, 458, 11, 309, 311, 406, 4669, 13, 51552], \"temperature\": 0.0, \"avg_logprob\": -0.3144381046295166, \"compression_ratio\": 1.7364016771316528, \"no_speech_prob\": 0.00011774356244131923}, {\"id\": 135, \"seek\": 25582, \"start\": 279.5799865722656, \"end\": 280.5, \"text\": \" Shout out to all the fans.\", \"tokens\": [51552, 32749, 484, 281, 439, 264, 4499, 13, 51598], \"temperature\": 0.0, \"avg_logprob\": -0.3144381046295166, \"compression_ratio\": 1.7364016771316528, \"no_speech_prob\": 0.00011774356244131923}, {\"id\": 136, \"seek\": 25582, \"start\": 280.5, \"end\": 283.5, \"text\": \" No, no, these girls are not, but yeah.\", \"tokens\": [51598, 883, 11, 572, 11, 613, 4519, 366, 406, 11, 457, 1338, 13, 51748], \"temperature\": 0.0, \"avg_logprob\": -0.3144381046295166, \"compression_ratio\": 1.7364016771316528, \"no_speech_prob\": 0.00011774356244131923}, {\"id\": 137, \"seek\": 28350, \"start\": 283.5, \"end\": 286.1000061035156, \"text\": \" But, you know, and I'm like,\", \"tokens\": [50364, 583, 11, 291, 458, 11, 293, 286, 478, 411, 11, 50494], \"temperature\": 0.0, \"avg_logprob\": -0.2198813408613205, \"compression_ratio\": 1.8283132314682007, \"no_speech_prob\": 2.1112369722686708e-05}, {\"id\": 138, \"seek\": 28350, \"start\": 286.1000061035156, \"end\": 289.94000244140625, \"text\": \" it's very sobering reality, I guess.\", \"tokens\": [50494, 309, 311, 588, 26212, 278, 4103, 11, 286, 2041, 13, 50686], \"temperature\": 0.0, \"avg_logprob\": -0.2198813408613205, \"compression_ratio\": 1.8283132314682007, \"no_speech_prob\": 2.1112369722686708e-05}, {\"id\": 139, \"seek\": 28350, \"start\": 289.94000244140625, \"end\": 292.1000061035156, \"text\": \" Like when you look at it and you're just like,\", \"tokens\": [50686, 1743, 562, 291, 574, 412, 309, 293, 291, 434, 445, 411, 11, 50794], \"temperature\": 0.0, \"avg_logprob\": -0.2198813408613205, \"compression_ratio\": 1.8283132314682007, \"no_speech_prob\": 2.1112369722686708e-05}, {\"id\": 140, \"seek\": 28350, \"start\": 292.1000061035156, \"end\": 294.4599914550781, \"text\": \" the opportunities that you get versus that come into mind,\", \"tokens\": [50794, 264, 4786, 300, 291, 483, 5717, 300, 808, 666, 1575, 11, 50912], \"temperature\": 0.0, \"avg_logprob\": -0.2198813408613205, \"compression_ratio\": 1.8283132314682007, \"no_speech_prob\": 2.1112369722686708e-05}, {\"id\": 141, \"seek\": 28350, \"start\": 294.4599914550781, \"end\": 295.5400085449219, \"text\": \" and I get great opportunities,\", \"tokens\": [50912, 293, 286, 483, 869, 4786, 11, 50966], \"temperature\": 0.0, \"avg_logprob\": -0.2198813408613205, \"compression_ratio\": 1.8283132314682007, \"no_speech_prob\": 2.1112369722686708e-05}, {\"id\": 142, \"seek\": 28350, \"start\": 295.5400085449219, \"end\": 297.5400085449219, \"text\": \" but it's not like this, you know.\", \"tokens\": [50966, 457, 309, 311, 406, 411, 341, 11, 291, 458, 13, 51066], \"temperature\": 0.0, \"avg_logprob\": -0.2198813408613205, \"compression_ratio\": 1.8283132314682007, \"no_speech_prob\": 2.1112369722686708e-05}, {\"id\": 143, \"seek\": 28350, \"start\": 297.5400085449219, \"end\": 299.17999267578125, \"text\": \" Yeah, and then, but the other thing is\", \"tokens\": [51066, 865, 11, 293, 550, 11, 457, 264, 661, 551, 307, 51148], \"temperature\": 0.0, \"avg_logprob\": -0.2198813408613205, \"compression_ratio\": 1.8283132314682007, \"no_speech_prob\": 2.1112369722686708e-05}, {\"id\": 144, \"seek\": 28350, \"start\": 299.17999267578125, \"end\": 301.5, \"text\": \" when I have a female friend say, hey, I go into this room\", \"tokens\": [51148, 562, 286, 362, 257, 6556, 1277, 584, 11, 4177, 11, 286, 352, 666, 341, 1808, 51264], \"temperature\": 0.0, \"avg_logprob\": -0.2198813408613205, \"compression_ratio\": 1.8283132314682007, \"no_speech_prob\": 2.1112369722686708e-05}, {\"id\": 145, \"seek\": 28350, \"start\": 301.5, \"end\": 303.2200012207031, \"text\": \" and they just don't take me seriously because I'm a female.\", \"tokens\": [51264, 293, 436, 445, 500, 380, 747, 385, 6638, 570, 286, 478, 257, 6556, 13, 51350], \"temperature\": 0.0, \"avg_logprob\": -0.2198813408613205, \"compression_ratio\": 1.8283132314682007, \"no_speech_prob\": 2.1112369722686708e-05}, {\"id\": 146, \"seek\": 28350, \"start\": 303.2200012207031, \"end\": 305.94000244140625, \"text\": \" And like, as a man, as a former US military officer,\", \"tokens\": [51350, 400, 411, 11, 382, 257, 587, 11, 382, 257, 5819, 2546, 4632, 8456, 11, 51486], \"temperature\": 0.0, \"avg_logprob\": -0.2198813408613205, \"compression_ratio\": 1.8283132314682007, \"no_speech_prob\": 2.1112369722686708e-05}, {\"id\": 147, \"seek\": 28350, \"start\": 305.94000244140625, \"end\": 308.0199890136719, \"text\": \" acting the way I do, I do get taken seriously.\", \"tokens\": [51486, 6577, 264, 636, 286, 360, 11, 286, 360, 483, 2726, 6638, 13, 51590], \"temperature\": 0.0, \"avg_logprob\": -0.2198813408613205, \"compression_ratio\": 1.8283132314682007, \"no_speech_prob\": 2.1112369722686708e-05}, {\"id\": 148, \"seek\": 28350, \"start\": 308.0199890136719, \"end\": 309.70001220703125, \"text\": \" I'm not gonna sit there and act like I'm not.\", \"tokens\": [51590, 286, 478, 406, 799, 1394, 456, 293, 605, 411, 286, 478, 406, 13, 51674], \"temperature\": 0.0, \"avg_logprob\": -0.2198813408613205, \"compression_ratio\": 1.8283132314682007, \"no_speech_prob\": 2.1112369722686708e-05}, {\"id\": 149, \"seek\": 28350, \"start\": 309.70001220703125, \"end\": 311.5799865722656, \"text\": \" But when I watch their experience, I'm like,\", \"tokens\": [51674, 583, 562, 286, 1159, 641, 1752, 11, 286, 478, 411, 11, 51768], \"temperature\": 0.0, \"avg_logprob\": -0.2198813408613205, \"compression_ratio\": 1.8283132314682007, \"no_speech_prob\": 2.1112369722686708e-05}, {\"id\": 150, \"seek\": 28350, \"start\": 311.5799865722656, \"end\": 312.7799987792969, \"text\": \" oh, they're not lying.\", \"tokens\": [51768, 1954, 11, 436, 434, 406, 8493, 13, 51828], \"temperature\": 0.0, \"avg_logprob\": -0.2198813408613205, \"compression_ratio\": 1.8283132314682007, \"no_speech_prob\": 2.1112369722686708e-05}, {\"id\": 151, \"seek\": 31278, \"start\": 312.8599853515625, \"end\": 314.0199890136719, \"text\": \" This really is different.\", \"tokens\": [50368, 639, 534, 307, 819, 13, 50426], \"temperature\": 0.0, \"avg_logprob\": -0.22874201834201813, \"compression_ratio\": 1.8558558225631714, \"no_speech_prob\": 2.1782507246825844e-05}, {\"id\": 152, \"seek\": 31278, \"start\": 314.0199890136719, \"end\": 315.9800109863281, \"text\": \" This is a different experience for them.\", \"tokens\": [50426, 639, 307, 257, 819, 1752, 337, 552, 13, 50524], \"temperature\": 0.0, \"avg_logprob\": -0.22874201834201813, \"compression_ratio\": 1.8558558225631714, \"no_speech_prob\": 2.1782507246825844e-05}, {\"id\": 153, \"seek\": 31278, \"start\": 315.9800109863281, \"end\": 316.82000732421875, \"text\": \" Now, here's another thing\", \"tokens\": [50524, 823, 11, 510, 311, 1071, 551, 50566], \"temperature\": 0.0, \"avg_logprob\": -0.22874201834201813, \"compression_ratio\": 1.8558558225631714, \"no_speech_prob\": 2.1782507246825844e-05}, {\"id\": 154, \"seek\": 31278, \"start\": 316.82000732421875, \"end\": 318.5, \"text\": \" where I think there's a lot of misnomers.\", \"tokens\": [50566, 689, 286, 519, 456, 311, 257, 688, 295, 3346, 15819, 433, 13, 50650], \"temperature\": 0.0, \"avg_logprob\": -0.22874201834201813, \"compression_ratio\": 1.8558558225631714, \"no_speech_prob\": 2.1782507246825844e-05}, {\"id\": 155, \"seek\": 31278, \"start\": 318.5, \"end\": 320.6600036621094, \"text\": \" Because I have a bunch of female friends,\", \"tokens\": [50650, 1436, 286, 362, 257, 3840, 295, 6556, 1855, 11, 50758], \"temperature\": 0.0, \"avg_logprob\": -0.22874201834201813, \"compression_ratio\": 1.8558558225631714, \"no_speech_prob\": 2.1782507246825844e-05}, {\"id\": 156, \"seek\": 31278, \"start\": 320.6600036621094, \"end\": 322.8599853515625, \"text\": \" that doesn't mean I act feminine.\", \"tokens\": [50758, 300, 1177, 380, 914, 286, 605, 24648, 13, 50868], \"temperature\": 0.0, \"avg_logprob\": -0.22874201834201813, \"compression_ratio\": 1.8558558225631714, \"no_speech_prob\": 2.1782507246825844e-05}, {\"id\": 157, \"seek\": 31278, \"start\": 322.8599853515625, \"end\": 324.5400085449219, \"text\": \" I still watch, I watch more football\", \"tokens\": [50868, 286, 920, 1159, 11, 286, 1159, 544, 7346, 50952], \"temperature\": 0.0, \"avg_logprob\": -0.22874201834201813, \"compression_ratio\": 1.8558558225631714, \"no_speech_prob\": 2.1782507246825844e-05}, {\"id\": 158, \"seek\": 31278, \"start\": 324.5400085449219, \"end\": 326.6600036621094, \"text\": \" than anyone watching this goddamn program right now.\", \"tokens\": [50952, 813, 2878, 1976, 341, 32951, 1461, 558, 586, 13, 51058], \"temperature\": 0.0, \"avg_logprob\": -0.22874201834201813, \"compression_ratio\": 1.8558558225631714, \"no_speech_prob\": 2.1782507246825844e-05}, {\"id\": 159, \"seek\": 31278, \"start\": 326.6600036621094, \"end\": 328.5799865722656, \"text\": \" I watch every, I watch highlights\", \"tokens\": [51058, 286, 1159, 633, 11, 286, 1159, 14254, 51154], \"temperature\": 0.0, \"avg_logprob\": -0.22874201834201813, \"compression_ratio\": 1.8558558225631714, \"no_speech_prob\": 2.1782507246825844e-05}, {\"id\": 160, \"seek\": 31278, \"start\": 328.5799865722656, \"end\": 330.8999938964844, \"text\": \" for every, all 256 NFL games this year,\", \"tokens\": [51154, 337, 633, 11, 439, 38882, 24817, 2813, 341, 1064, 11, 51270], \"temperature\": 0.0, \"avg_logprob\": -0.22874201834201813, \"compression_ratio\": 1.8558558225631714, \"no_speech_prob\": 2.1782507246825844e-05}, {\"id\": 161, \"seek\": 31278, \"start\": 330.8999938964844, \"end\": 332.5, \"text\": \" or there's more than that, there's 17 weeks.\", \"tokens\": [51270, 420, 456, 311, 544, 813, 300, 11, 456, 311, 3282, 3259, 13, 51350], \"temperature\": 0.0, \"avg_logprob\": -0.22874201834201813, \"compression_ratio\": 1.8558558225631714, \"no_speech_prob\": 2.1782507246825844e-05}, {\"id\": 162, \"seek\": 31278, \"start\": 332.5, \"end\": 333.79998779296875, \"text\": \" I watch every single game.\", \"tokens\": [51350, 286, 1159, 633, 2167, 1216, 13, 51415], \"temperature\": 0.0, \"avg_logprob\": -0.22874201834201813, \"compression_ratio\": 1.8558558225631714, \"no_speech_prob\": 2.1782507246825844e-05}, {\"id\": 163, \"seek\": 31278, \"start\": 333.79998779296875, \"end\": 334.6400146484375, \"text\": \" I watch every highlight.\", \"tokens\": [51415, 286, 1159, 633, 5078, 13, 51457], \"temperature\": 0.0, \"avg_logprob\": -0.22874201834201813, \"compression_ratio\": 1.8558558225631714, \"no_speech_prob\": 2.1782507246825844e-05}, {\"id\": 164, \"seek\": 31278, \"start\": 334.6400146484375, \"end\": 335.8999938964844, \"text\": \" I'm huge into basketball.\", \"tokens\": [51457, 286, 478, 2603, 666, 11767, 13, 51520], \"temperature\": 0.0, \"avg_logprob\": -0.22874201834201813, \"compression_ratio\": 1.8558558225631714, \"no_speech_prob\": 2.1782507246825844e-05}, {\"id\": 165, \"seek\": 31278, \"start\": 335.8999938964844, \"end\": 336.8999938964844, \"text\": \" I'm huge into martial arts.\", \"tokens\": [51520, 286, 478, 2603, 666, 20755, 8609, 13, 51570], \"temperature\": 0.0, \"avg_logprob\": -0.22874201834201813, \"compression_ratio\": 1.8558558225631714, \"no_speech_prob\": 2.1782507246825844e-05}, {\"id\": 166, \"seek\": 31278, \"start\": 336.8999938964844, \"end\": 338.05999755859375, \"text\": \" I'm huge into shooting guns.\", \"tokens\": [51570, 286, 478, 2603, 666, 5942, 10153, 13, 51628], \"temperature\": 0.0, \"avg_logprob\": -0.22874201834201813, \"compression_ratio\": 1.8558558225631714, \"no_speech_prob\": 2.1782507246825844e-05}, {\"id\": 167, \"seek\": 31278, \"start\": 338.05999755859375, \"end\": 340.5400085449219, \"text\": \" I'm very masculine stuff that I do.\", \"tokens\": [51628, 286, 478, 588, 28992, 1507, 300, 286, 360, 13, 51752], \"temperature\": 0.0, \"avg_logprob\": -0.22874201834201813, \"compression_ratio\": 1.8558558225631714, \"no_speech_prob\": 2.1782507246825844e-05}, {\"id\": 168, \"seek\": 31278, \"start\": 340.5400085449219, \"end\": 342.3399963378906, \"text\": \" I play tons of video games.\", \"tokens\": [51752, 286, 862, 9131, 295, 960, 2813, 13, 51842], \"temperature\": 0.0, \"avg_logprob\": -0.22874201834201813, \"compression_ratio\": 1.8558558225631714, \"no_speech_prob\": 2.1782507246825844e-05}, {\"id\": 169, \"seek\": 34234, \"start\": 342.3399963378906, \"end\": 345.70001220703125, \"text\": \" But my friends are all, most of my friends are female.\", \"tokens\": [50364, 583, 452, 1855, 366, 439, 11, 881, 295, 452, 1855, 366, 6556, 13, 50532], \"temperature\": 0.0, \"avg_logprob\": -0.23645684123039246, \"compression_ratio\": 1.9202454090118408, \"no_speech_prob\": 1.1843112588394433e-05}, {\"id\": 170, \"seek\": 34234, \"start\": 345.70001220703125, \"end\": 347.6600036621094, \"text\": \" Like 60% of my friends are female.\", \"tokens\": [50532, 1743, 4060, 4, 295, 452, 1855, 366, 6556, 13, 50630], \"temperature\": 0.0, \"avg_logprob\": -0.23645684123039246, \"compression_ratio\": 1.9202454090118408, \"no_speech_prob\": 1.1843112588394433e-05}, {\"id\": 171, \"seek\": 34234, \"start\": 347.6600036621094, \"end\": 349.6600036621094, \"text\": \" That's another thing where I think guys have this misnomer.\", \"tokens\": [50630, 663, 311, 1071, 551, 689, 286, 519, 1074, 362, 341, 3346, 77, 14301, 13, 50730], \"temperature\": 0.0, \"avg_logprob\": -0.23645684123039246, \"compression_ratio\": 1.9202454090118408, \"no_speech_prob\": 1.1843112588394433e-05}, {\"id\": 172, \"seek\": 34234, \"start\": 349.6600036621094, \"end\": 350.8599853515625, \"text\": \" It's like, because I have female friends,\", \"tokens\": [50730, 467, 311, 411, 11, 570, 286, 362, 6556, 1855, 11, 50790], \"temperature\": 0.0, \"avg_logprob\": -0.23645684123039246, \"compression_ratio\": 1.9202454090118408, \"no_speech_prob\": 1.1843112588394433e-05}, {\"id\": 173, \"seek\": 34234, \"start\": 350.8599853515625, \"end\": 352.6000061035156, \"text\": \" I need to act more female-like.\", \"tokens\": [50790, 286, 643, 281, 605, 544, 6556, 12, 4092, 13, 50877], \"temperature\": 0.0, \"avg_logprob\": -0.23645684123039246, \"compression_ratio\": 1.9202454090118408, \"no_speech_prob\": 1.1843112588394433e-05}, {\"id\": 174, \"seek\": 34234, \"start\": 352.6000061035156, \"end\": 354.1400146484375, \"text\": \" That is not what we're saying.\", \"tokens\": [50877, 663, 307, 406, 437, 321, 434, 1566, 13, 50954], \"temperature\": 0.0, \"avg_logprob\": -0.23645684123039246, \"compression_ratio\": 1.9202454090118408, \"no_speech_prob\": 1.1843112588394433e-05}, {\"id\": 175, \"seek\": 34234, \"start\": 354.1400146484375, \"end\": 356.67999267578125, \"text\": \" What I'm saying is, when you have a bunch of female friends,\", \"tokens\": [50954, 708, 286, 478, 1566, 307, 11, 562, 291, 362, 257, 3840, 295, 6556, 1855, 11, 51081], \"temperature\": 0.0, \"avg_logprob\": -0.23645684123039246, \"compression_ratio\": 1.9202454090118408, \"no_speech_prob\": 1.1843112588394433e-05}, {\"id\": 176, \"seek\": 34234, \"start\": 356.67999267578125, \"end\": 357.9800109863281, \"text\": \" you're gonna find that everything\", \"tokens\": [51081, 291, 434, 799, 915, 300, 1203, 51146], \"temperature\": 0.0, \"avg_logprob\": -0.23645684123039246, \"compression_ratio\": 1.9202454090118408, \"no_speech_prob\": 1.1843112588394433e-05}, {\"id\": 177, \"seek\": 34234, \"start\": 357.9800109863281, \"end\": 359.4599914550781, \"text\": \" just sort of calibrates for you.\", \"tokens\": [51146, 445, 1333, 295, 2104, 6414, 1024, 337, 291, 13, 51220], \"temperature\": 0.0, \"avg_logprob\": -0.23645684123039246, \"compression_ratio\": 1.9202454090118408, \"no_speech_prob\": 1.1843112588394433e-05}, {\"id\": 178, \"seek\": 34234, \"start\": 359.4599914550781, \"end\": 360.9800109863281, \"text\": \" And you just, the easiest way to say it is,\", \"tokens\": [51220, 400, 291, 445, 11, 264, 12889, 636, 281, 584, 309, 307, 11, 51296], \"temperature\": 0.0, \"avg_logprob\": -0.23645684123039246, \"compression_ratio\": 1.9202454090118408, \"no_speech_prob\": 1.1843112588394433e-05}, {\"id\": 179, \"seek\": 34234, \"start\": 360.9800109863281, \"end\": 363.20001220703125, \"text\": \" you get invited to everything.\", \"tokens\": [51296, 291, 483, 9185, 281, 1203, 13, 51407], \"temperature\": 0.0, \"avg_logprob\": -0.23645684123039246, \"compression_ratio\": 1.9202454090118408, \"no_speech_prob\": 1.1843112588394433e-05}, {\"id\": 180, \"seek\": 34234, \"start\": 363.20001220703125, \"end\": 364.70001220703125, \"text\": \" People, like, when there's like, man,\", \"tokens\": [51407, 3432, 11, 411, 11, 562, 456, 311, 411, 11, 587, 11, 51482], \"temperature\": 0.0, \"avg_logprob\": -0.23645684123039246, \"compression_ratio\": 1.9202454090118408, \"no_speech_prob\": 1.1843112588394433e-05}, {\"id\": 181, \"seek\": 34234, \"start\": 364.70001220703125, \"end\": 366.5799865722656, \"text\": \" do I wanna invite this dude to this conference\", \"tokens\": [51482, 360, 286, 1948, 7980, 341, 6449, 281, 341, 7586, 51576], \"temperature\": 0.0, \"avg_logprob\": -0.23645684123039246, \"compression_ratio\": 1.9202454090118408, \"no_speech_prob\": 1.1843112588394433e-05}, {\"id\": 182, \"seek\": 34234, \"start\": 366.5799865722656, \"end\": 369.05999755859375, \"text\": \" or this whatever, everyone's like, yes, I want this guy.\", \"tokens\": [51576, 420, 341, 2035, 11, 1518, 311, 411, 11, 2086, 11, 286, 528, 341, 2146, 13, 51700], \"temperature\": 0.0, \"avg_logprob\": -0.23645684123039246, \"compression_ratio\": 1.9202454090118408, \"no_speech_prob\": 1.1843112588394433e-05}, {\"id\": 183, \"seek\": 34234, \"start\": 369.05999755859375, \"end\": 370.1199951171875, \"text\": \" I was just sitting a rink,\", \"tokens\": [51700, 286, 390, 445, 3798, 257, 367, 475, 11, 51753], \"temperature\": 0.0, \"avg_logprob\": -0.23645684123039246, \"compression_ratio\": 1.9202454090118408, \"no_speech_prob\": 1.1843112588394433e-05}, {\"id\": 184, \"seek\": 37012, \"start\": 370.1199951171875, \"end\": 373.0400085449219, \"text\": \" I was sitting on the ice for the Golden Knights\", \"tokens\": [50364, 286, 390, 3798, 322, 264, 4435, 337, 264, 13410, 37685, 50510], \"temperature\": 0.0, \"avg_logprob\": -0.21197594702243805, \"compression_ratio\": 1.8615384101867676, \"no_speech_prob\": 0.00041731083183549345}, {\"id\": 185, \"seek\": 37012, \"start\": 373.0400085449219, \"end\": 374.55999755859375, \"text\": \" the other night, and it's because of connections\", \"tokens\": [50510, 264, 661, 1818, 11, 293, 309, 311, 570, 295, 9271, 50586], \"temperature\": 0.0, \"avg_logprob\": -0.21197594702243805, \"compression_ratio\": 1.8615384101867676, \"no_speech_prob\": 0.00041731083183549345}, {\"id\": 186, \"seek\": 37012, \"start\": 374.55999755859375, \"end\": 375.9599914550781, \"text\": \" that I made through my female friends.\", \"tokens\": [50586, 300, 286, 1027, 807, 452, 6556, 1855, 13, 50656], \"temperature\": 0.0, \"avg_logprob\": -0.21197594702243805, \"compression_ratio\": 1.8615384101867676, \"no_speech_prob\": 0.00041731083183549345}, {\"id\": 187, \"seek\": 37012, \"start\": 375.9599914550781, \"end\": 377.760009765625, \"text\": \" And it's just like, over and over and over,\", \"tokens\": [50656, 400, 309, 311, 445, 411, 11, 670, 293, 670, 293, 670, 11, 50746], \"temperature\": 0.0, \"avg_logprob\": -0.21197594702243805, \"compression_ratio\": 1.8615384101867676, \"no_speech_prob\": 0.00041731083183549345}, {\"id\": 188, \"seek\": 37012, \"start\": 377.760009765625, \"end\": 379.05999755859375, \"text\": \" this kind of stuff happens.\", \"tokens\": [50746, 341, 733, 295, 1507, 2314, 13, 50811], \"temperature\": 0.0, \"avg_logprob\": -0.21197594702243805, \"compression_ratio\": 1.8615384101867676, \"no_speech_prob\": 0.00041731083183549345}, {\"id\": 189, \"seek\": 37012, \"start\": 379.05999755859375, \"end\": 380.79998779296875, \"text\": \" Plastic surgeons reach out to me,\", \"tokens\": [50811, 2149, 2750, 42354, 2524, 484, 281, 385, 11, 50898], \"temperature\": 0.0, \"avg_logprob\": -0.21197594702243805, \"compression_ratio\": 1.8615384101867676, \"no_speech_prob\": 0.00041731083183549345}, {\"id\": 190, \"seek\": 37012, \"start\": 380.79998779296875, \"end\": 382.44000244140625, \"text\": \" all kinds of sponsors for my events.\", \"tokens\": [50898, 439, 3685, 295, 22593, 337, 452, 3931, 13, 50980], \"temperature\": 0.0, \"avg_logprob\": -0.21197594702243805, \"compression_ratio\": 1.8615384101867676, \"no_speech_prob\": 0.00041731083183549345}, {\"id\": 191, \"seek\": 37012, \"start\": 382.44000244140625, \"end\": 384.67999267578125, \"text\": \" And that's why I tell guys, like,\", \"tokens\": [50980, 400, 300, 311, 983, 286, 980, 1074, 11, 411, 11, 51092], \"temperature\": 0.0, \"avg_logprob\": -0.21197594702243805, \"compression_ratio\": 1.8615384101867676, \"no_speech_prob\": 0.00041731083183549345}, {\"id\": 192, \"seek\": 37012, \"start\": 384.67999267578125, \"end\": 386.5199890136719, \"text\": \" if it's possible for you to have,\", \"tokens\": [51092, 498, 309, 311, 1944, 337, 291, 281, 362, 11, 51184], \"temperature\": 0.0, \"avg_logprob\": -0.21197594702243805, \"compression_ratio\": 1.8615384101867676, \"no_speech_prob\": 0.00041731083183549345}, {\"id\": 193, \"seek\": 37012, \"start\": 386.5199890136719, \"end\": 390.3599853515625, \"text\": \" I tell guys six, 200 female friends, go for that.\", \"tokens\": [51184, 286, 980, 1074, 2309, 11, 2331, 6556, 1855, 11, 352, 337, 300, 13, 51376], \"temperature\": 0.0, \"avg_logprob\": -0.21197594702243805, \"compression_ratio\": 1.8615384101867676, \"no_speech_prob\": 0.00041731083183549345}, {\"id\": 194, \"seek\": 37012, \"start\": 390.3599853515625, \"end\": 391.9200134277344, \"text\": \" Your life becomes easier.\", \"tokens\": [51376, 2260, 993, 3643, 3571, 13, 51454], \"temperature\": 0.0, \"avg_logprob\": -0.21197594702243805, \"compression_ratio\": 1.8615384101867676, \"no_speech_prob\": 0.00041731083183549345}, {\"id\": 195, \"seek\": 37012, \"start\": 391.9200134277344, \"end\": 393.5199890136719, \"text\": \" I'm not telling you to date 200 women.\", \"tokens\": [51454, 286, 478, 406, 3585, 291, 281, 4002, 2331, 2266, 13, 51534], \"temperature\": 0.0, \"avg_logprob\": -0.21197594702243805, \"compression_ratio\": 1.8615384101867676, \"no_speech_prob\": 0.00041731083183549345}, {\"id\": 196, \"seek\": 37012, \"start\": 393.5199890136719, \"end\": 394.67999267578125, \"text\": \" I'm not telling you to have a girlfriend.\", \"tokens\": [51534, 286, 478, 406, 3585, 291, 281, 362, 257, 10369, 13, 51592], \"temperature\": 0.0, \"avg_logprob\": -0.21197594702243805, \"compression_ratio\": 1.8615384101867676, \"no_speech_prob\": 0.00041731083183549345}, {\"id\": 197, \"seek\": 37012, \"start\": 394.67999267578125, \"end\": 397.0400085449219, \"text\": \" I am telling you, if you have 200 female friends\", \"tokens\": [51592, 286, 669, 3585, 291, 11, 498, 291, 362, 2331, 6556, 1855, 51710], \"temperature\": 0.0, \"avg_logprob\": -0.21197594702243805, \"compression_ratio\": 1.8615384101867676, \"no_speech_prob\": 0.00041731083183549345}, {\"id\": 198, \"seek\": 37012, \"start\": 397.0400085449219, \"end\": 400.0799865722656, \"text\": \" that straight up have your back, bro, life is great.\", \"tokens\": [51710, 300, 2997, 493, 362, 428, 646, 11, 2006, 11, 993, 307, 869, 13, 51862], \"temperature\": 0.0, \"avg_logprob\": -0.21197594702243805, \"compression_ratio\": 1.8615384101867676, \"no_speech_prob\": 0.00041731083183549345}, {\"id\": 199, \"seek\": 40008, \"start\": 400.0799865722656, \"end\": 401.8800048828125, \"text\": \" Life is much easier.\", \"tokens\": [50412, 7720, 307, 709, 3571, 13, 50454], \"temperature\": 0.0, \"avg_logprob\": -0.6678726673126221, \"compression_ratio\": 0.7142857313156128, \"no_speech_prob\": 0.0043312786146998405}]}"}