{"title": "Men Are More Delusional When It Comes To Women", "video_id": "hIkvRJ3aPqk", "video_url": "https://www.youtube.com/watch?v=hIkvRJ3aPqk", "description": "Watch The Full Thing Here : https://www.youtube.com/watch?v=C2foXEHepfM&t=3s\n\u2014\u2014\u2014\u2014\u2014\u2014\u2014\u2014\u2014\u2014\u2014\u2014\u2014\u2014\u2014\u2014\u2014\u2014\u2014\u2014\nFREE: Meet signed models and attend VIP-only events in 7 days:\nhttps://m.moamentoring.com/podcast\n\nFREE: Join the Men of Action community and get access to Michael and the Men of Action team:\nhttps://m.moamentoring.com/moa-community\n\nFREE: Get instant access to the exclusive High-Status Networking course:\nhttps://m.moamentoring.com/high-status-mini-course-yt\n\nWant to make $5k-$20k/mo working from home? Apply for the sales team here:\nhttps://m.moamentoring.com/remote-sales-yt\n\nMen of Action has an affiliate program! Post pre-made content and get paid passively:\nhttps://m.moamentoring.com/affiliate-yt\n\nMichael's Men of Action is a one-on-one Master's program that teaches men how to create elite social lives by becoming higher status.\n\u2014\u2014\u2014\u2014\u2014\u2014\u2014\u2014\u2014\u2014\u2014\u2014\u2014\u2014\u2014\u2014\u2014\u2014\u2014\u2014\n\nSubscribe on Youtube: \nhttps://www.youtube.com/user/MichaelSartain\n\nListen on Apple Podcast: \nhttps://podcasts.apple.com/us/podcast/the-michael-sartain-podcast/id1579791157\n\nListen on Spotify: \nhttps://open.spotify.com/show/2faAYwvDD9Bvkpwv6umlPO?si=8Q3ak9HnSlKjuChsTXr6YQ&dl_branch=1\n\n#michael #michaelsartain #michael_sartain #michael_sartain_podcast", "published_at": "2023-12-04T14:45:04Z", "channel_id": "UC0T1bDzajVefRWx4uKdGyuw", "channel_title": "Michael Sartain", "tags": ["Michael", "Michael Sartain", "Michael Sartain Podcast", "Michael Podcast", "MOA", "Men Of Action", "Michael Sartain Course", "Michael Sartain With Hot Women", "Playboy", "Swimsuit", "Swimsuit Competition", "ichael sartain social circle", "social circle", "how to netowrk", "moa", "moa podcast", "gender wage gap", "gender wage gap myth", "wage gap", "social value", "michael sartain course", "looks money status", "social circle mentorship", "michael sartain social circle game", "men of action podcast", "men of action course"], "category_id": "24", "live_broadcast_content": "none", "duration": 454.0, "dimension": "2d", "definition": "hd", "caption": "false", "view_count": 7303, "like_count": 211, "comment_count": 41, "channel_info": {"title": "Michael Sartain", "description": "\ud83c\udf99Host of The\u00a0Michael Sartain Podcast \n\n\ud83d\udd25Teaching you how to build a network of desirable women and high-status men\n\n\ud83d\udc47 Click the \"Men of Action\" link below now to forge a high-status lifestyle and join the elites \n", "subscriber_count": "80500", "total_views": "29545897", "total_videos": "1481"}, "comments": [], "file_path": "/Users/aelaguiz/workspace/fc_book/audio/raws/hIkvRJ3aPqk.mp3", "transcription": "{\"text\": \"Can you, Chase, can you pull up that second video, the one, it's a guy sitting by a fire. Can you pull that up? I'm just curious what you guys think. By the way, for anyone, YouTube was watching, all of these are off TikTok, so you are not going to hit us up with a copyright violation. No, you're not. No, you're not. No, you're not. He said, no, you're not. Even though I build dating apps, I really know the math too much. Yeah, the math's bad, math's bad. Except for the ones we build, I'm just kidding. Math's bad, period. The math is more about gender roles and stuff like that. That's what the problem is. Men swipe 50% of the time, women swipe 5% of the time. Yeah, it's a false reality for women. It's, guys are just like, whatever. Yeah, it's a totally two different worlds they're living in. And so the app's made on both sides for the same person, but it doesn't work. Oh yeah, yeah, yeah, we look at, picture, picture. We choose differently. We go, she looks good. I think I can stand her. She goes, he's amazing. I really enjoy him. He looks all right. So totally two different worlds. Only 10% of men are attractive on pictures to a woman. At all, period, at all. Like six feet tall, you gotta be six feet tall. That's 15% of all people. Yeah, so the numbers are just massively messed up. Yeah, you get the data and I just go crazy on it. I'm like, this does not work, people. All right, so ladies, so I just out of curiosity, the percentage, like you said before, give it up. The percentage of men over the age, I'm sorry, the percentage of men over six feet tall, what do you think it is in the population? Just say it out loud, I won't go through all of you. What do you think? 14%? For U.S. specifically, right? U.S., yeah, United States. 8%. Percentage of men over six feet tall. Seven. Oh, I'm sorry. I know you've told me this before. It's actually, oh my God, I wanted to say 1%. No, okay, no, six foot three is 1%. There we go, there we go, sorry. 14% of men are over six feet tall. She got it. Okay, got it, that's good. The percentage of men that make $100,000 a year. The percentage of men that make $100,000 a year. I remember this one, you told me. Just throw out a number. 17. 17, what do you think? You said the number of men who. Percentage of men that make over $100,000 a year. Six figure income. Oh, not a million, okay. I'm gonna go with 10%. Keep going. 33%. What is it? I was gonna say like 10%. I'd give them 15. I'm gonna say 12. 12. I think it's like 2%. 17% of men make over $100,000 a year. So if you want six feet tall and $100,000 a year, that's not 17% or 14%. It's 17% times 14%, which is 2.3%. And we are not controlling for if they're married, if they're obese, or if they're good looking. And we're not controlling for their age at all. If you do that, we'll just skip it because we've done the delusional calculator several times. You're gonna find that when they aren't married, when they aren't obese, and when they're in the 35 to 45 year old range that you're looking for, you're gonna find that these men make up 0.02% of the population and we still have it controlled for physical attractiveness. Isn't that fun? That sounds so fun, isn't it? And then we go on the dating app. That's toxic. Right, but here's the other thing. What does the dating app show you? The dating app shows you the utter and complete opposite. The dating app shows you numerous men who are six feet tall who make six figures that left swipe, left swipe, left swipe, left swipe, left swipe. And what happens is, so there's a problem. There's this issue where sometimes people in this space say women are delusional and people find that to be offensive. I'm gonna say right now, I find a lot of men to be delusional. Men are delusional in what they think attraction triggers are for women. I had a guy I talked to the other day who's been in the friend zone with this woman for three years, spends a bunch of money on him. I gave him some advice. He's like, no, I'm just gonna keep doing what I'm doing. That's delusional. Thinking that you're gonna get out of the friend zone that way is delusional. It's a separation between reality and objective facts that are coming towards your way. Your feelings are outweighing objective facts. If a woman believes on a regular, actually believes that when she gets 30, 33, 35, that she is going to be able to get one of these men that are outrageously good looking to have sex with her, that's not delusional. She will. The guy might even subscribe to her fucking OnlyFans. That's not delusional. Or he may come to the strip club she works at and buy a table dance. That's not delusional. But he will not commit. But what about seeking arrangements, what's your price, and all that? What's your price? But that's not a long-term, regular relationship. Is that what you're looking for? Well, some guys on seeking arrangements and stuff, that become a dating site. For real. Well, they changed it to seeking now, didn't they? Yeah. Seeking, or like secret benefits, what's your price? But what's your price is you're going on dates to get paid to go for dinner. For dinner, yeah. I've done it before. Yeah, me too. Yeah, that'll change the name. That'll change the perception. That's the thing, so then those are all dating apps. Hold on, let me back up. What you're saying, while I do understand in Las Vegas, might be more than average level of acceptable. There's a lot of women here who would accept it. That make over 100. No, no, no, yeah, that's true. But there's a lot of women here who would be fine in a relationship with a guy There's a lot of women here who would be fine in a relationship with their boyfriend, gives them lots of money, some attention, and still sees other women. I'll let you know, the majority of the US population of females would not be okay with that. I'm sure some of you, raise your hand if you would be okay with that. He makes 500 grand a year, probably gives you 10 grand a month and sees other women. I'm totally fucking with you. Who would be fine with that? Well, you throw the numbers out there, that changes things. Five grand a month, five grand a month, five grand a month. You know what, I'm actually gonna say 40 grand. So the number is between five grand and 10 grand, this is fucking incredible. This is incredible. Are you kidding me? I would actually probably say 30. 30 grand a month? 30 grand. I'm high-priced. 20 grand. Okay, this is unbelievable. We need to change the name of this. This is like fucking child support, man. All right, so just so we're clear, half the women in here said that they would be comfortable with that. Now, I will be honest, we're in Las Vegas, the idea of that type of relationship is far more common and acceptable here. Even for women who wouldn't accept that type of relationship, they're used to, that's just a Vegas thing. So I do understand, that is selection bias, 100%. I would agree. If we were in Beverly Hills, if we're in Bel Air, or if we're in Brickell, if we're in South Beach, I would say the same, if we're in the Hamptons, I would say the same thing. Scottsdale too. Scottsdale, yeah, absolutely. 100%, Scottsdale, fucking Deep Ellum, or like the Dallas area, that area, McKinney. Anywhere where there's like a rowdy party, that's when it's gonna be acceptable. For sure, women might be more accepting of that. But you guys do understand where the delusion comes in, and I'm not saying this word to be insulting, I'm saying because objective reality is not outweighing what you're, I'm sorry, the facts that are coming in are not outweighing your feelings, your feelings are better. So if I tell you there's a .02 chance of you meeting a guy who meets your standards, and the likelihood of you getting him to commit are outrageously low, a lot of times women will be like, no, not me, I'm gonna beat the odds. No, I'm gonna, but what if I have a good vibe with him, and we have a good connection? What has made these girls so delusional in that way? I don't understand, like, is that social media that's made women, what is it? So there's a couple of theories here. I hate rom-coms. There's a couple of theories here. I don't watch those, I'm a whore whore. Okay. You watch whore movies? Yes. A whore whore. A whore whore. Let's make that clear, a whore whore. \", \"segments\": [{\"id\": 0, \"seek\": 0, \"start\": 0.0, \"end\": 2.1600000858306885, \"text\": \" Can you, Chase, can you pull up that second video,\", \"tokens\": [50364, 1664, 291, 11, 21384, 11, 393, 291, 2235, 493, 300, 1150, 960, 11, 50472], \"temperature\": 0.0, \"avg_logprob\": -0.2647821307182312, \"compression_ratio\": 1.7696969509124756, \"no_speech_prob\": 0.21175087988376617}, {\"id\": 1, \"seek\": 0, \"start\": 2.1600000858306885, \"end\": 3.7200000286102295, \"text\": \" the one, it's a guy sitting by a fire.\", \"tokens\": [50472, 264, 472, 11, 309, 311, 257, 2146, 3798, 538, 257, 2610, 13, 50550], \"temperature\": 0.0, \"avg_logprob\": -0.2647821307182312, \"compression_ratio\": 1.7696969509124756, \"no_speech_prob\": 0.21175087988376617}, {\"id\": 2, \"seek\": 0, \"start\": 3.7200000286102295, \"end\": 4.559999942779541, \"text\": \" Can you pull that up?\", \"tokens\": [50550, 1664, 291, 2235, 300, 493, 30, 50592], \"temperature\": 0.0, \"avg_logprob\": -0.2647821307182312, \"compression_ratio\": 1.7696969509124756, \"no_speech_prob\": 0.21175087988376617}, {\"id\": 3, \"seek\": 0, \"start\": 4.559999942779541, \"end\": 5.599999904632568, \"text\": \" I'm just curious what you guys think.\", \"tokens\": [50592, 286, 478, 445, 6369, 437, 291, 1074, 519, 13, 50644], \"temperature\": 0.0, \"avg_logprob\": -0.2647821307182312, \"compression_ratio\": 1.7696969509124756, \"no_speech_prob\": 0.21175087988376617}, {\"id\": 4, \"seek\": 0, \"start\": 5.599999904632568, \"end\": 7.880000114440918, \"text\": \" By the way, for anyone, YouTube was watching,\", \"tokens\": [50644, 3146, 264, 636, 11, 337, 2878, 11, 3088, 390, 1976, 11, 50758], \"temperature\": 0.0, \"avg_logprob\": -0.2647821307182312, \"compression_ratio\": 1.7696969509124756, \"no_speech_prob\": 0.21175087988376617}, {\"id\": 5, \"seek\": 0, \"start\": 7.880000114440918, \"end\": 8.960000038146973, \"text\": \" all of these are off TikTok,\", \"tokens\": [50758, 439, 295, 613, 366, 766, 20211, 11, 50812], \"temperature\": 0.0, \"avg_logprob\": -0.2647821307182312, \"compression_ratio\": 1.7696969509124756, \"no_speech_prob\": 0.21175087988376617}, {\"id\": 6, \"seek\": 0, \"start\": 8.960000038146973, \"end\": 10.119999885559082, \"text\": \" so you are not going to hit us up\", \"tokens\": [50812, 370, 291, 366, 406, 516, 281, 2045, 505, 493, 50870], \"temperature\": 0.0, \"avg_logprob\": -0.2647821307182312, \"compression_ratio\": 1.7696969509124756, \"no_speech_prob\": 0.21175087988376617}, {\"id\": 7, \"seek\": 0, \"start\": 10.119999885559082, \"end\": 11.359999656677246, \"text\": \" with a copyright violation.\", \"tokens\": [50870, 365, 257, 17996, 22840, 13, 50932], \"temperature\": 0.0, \"avg_logprob\": -0.2647821307182312, \"compression_ratio\": 1.7696969509124756, \"no_speech_prob\": 0.21175087988376617}, {\"id\": 8, \"seek\": 0, \"start\": 11.359999656677246, \"end\": 12.199999809265137, \"text\": \" No, you're not.\", \"tokens\": [50932, 883, 11, 291, 434, 406, 13, 50974], \"temperature\": 0.0, \"avg_logprob\": -0.2647821307182312, \"compression_ratio\": 1.7696969509124756, \"no_speech_prob\": 0.21175087988376617}, {\"id\": 9, \"seek\": 0, \"start\": 12.199999809265137, \"end\": 13.800000190734863, \"text\": \" No, you're not.\", \"tokens\": [50974, 883, 11, 291, 434, 406, 13, 51054], \"temperature\": 0.0, \"avg_logprob\": -0.2647821307182312, \"compression_ratio\": 1.7696969509124756, \"no_speech_prob\": 0.21175087988376617}, {\"id\": 10, \"seek\": 0, \"start\": 13.800000190734863, \"end\": 14.640000343322754, \"text\": \" No, you're not.\", \"tokens\": [51054, 883, 11, 291, 434, 406, 13, 51096], \"temperature\": 0.0, \"avg_logprob\": -0.2647821307182312, \"compression_ratio\": 1.7696969509124756, \"no_speech_prob\": 0.21175087988376617}, {\"id\": 11, \"seek\": 0, \"start\": 14.640000343322754, \"end\": 16.440000534057617, \"text\": \" He said, no, you're not.\", \"tokens\": [51096, 634, 848, 11, 572, 11, 291, 434, 406, 13, 51186], \"temperature\": 0.0, \"avg_logprob\": -0.2647821307182312, \"compression_ratio\": 1.7696969509124756, \"no_speech_prob\": 0.21175087988376617}, {\"id\": 12, \"seek\": 0, \"start\": 16.440000534057617, \"end\": 17.559999465942383, \"text\": \" Even though I build dating apps,\", \"tokens\": [51186, 2754, 1673, 286, 1322, 10689, 7733, 11, 51242], \"temperature\": 0.0, \"avg_logprob\": -0.2647821307182312, \"compression_ratio\": 1.7696969509124756, \"no_speech_prob\": 0.21175087988376617}, {\"id\": 13, \"seek\": 0, \"start\": 17.559999465942383, \"end\": 19.559999465942383, \"text\": \" I really know the math too much.\", \"tokens\": [51242, 286, 534, 458, 264, 5221, 886, 709, 13, 51342], \"temperature\": 0.0, \"avg_logprob\": -0.2647821307182312, \"compression_ratio\": 1.7696969509124756, \"no_speech_prob\": 0.21175087988376617}, {\"id\": 14, \"seek\": 0, \"start\": 19.559999465942383, \"end\": 21.920000076293945, \"text\": \" Yeah, the math's bad, math's bad.\", \"tokens\": [51342, 865, 11, 264, 5221, 311, 1578, 11, 5221, 311, 1578, 13, 51460], \"temperature\": 0.0, \"avg_logprob\": -0.2647821307182312, \"compression_ratio\": 1.7696969509124756, \"no_speech_prob\": 0.21175087988376617}, {\"id\": 15, \"seek\": 0, \"start\": 21.920000076293945, \"end\": 24.31999969482422, \"text\": \" Except for the ones we build, I'm just kidding.\", \"tokens\": [51460, 16192, 337, 264, 2306, 321, 1322, 11, 286, 478, 445, 9287, 13, 51580], \"temperature\": 0.0, \"avg_logprob\": -0.2647821307182312, \"compression_ratio\": 1.7696969509124756, \"no_speech_prob\": 0.21175087988376617}, {\"id\": 16, \"seek\": 0, \"start\": 24.31999969482422, \"end\": 25.600000381469727, \"text\": \" Math's bad, period.\", \"tokens\": [51580, 15776, 311, 1578, 11, 2896, 13, 51644], \"temperature\": 0.0, \"avg_logprob\": -0.2647821307182312, \"compression_ratio\": 1.7696969509124756, \"no_speech_prob\": 0.21175087988376617}, {\"id\": 17, \"seek\": 0, \"start\": 25.600000381469727, \"end\": 28.760000228881836, \"text\": \" The math is more about gender roles and stuff like that.\", \"tokens\": [51644, 440, 5221, 307, 544, 466, 7898, 9604, 293, 1507, 411, 300, 13, 51802], \"temperature\": 0.0, \"avg_logprob\": -0.2647821307182312, \"compression_ratio\": 1.7696969509124756, \"no_speech_prob\": 0.21175087988376617}, {\"id\": 18, \"seek\": 2876, \"start\": 28.799999237060547, \"end\": 30.079999923706055, \"text\": \" That's what the problem is.\", \"tokens\": [50366, 663, 311, 437, 264, 1154, 307, 13, 50430], \"temperature\": 0.0, \"avg_logprob\": -0.278059720993042, \"compression_ratio\": 1.6333333253860474, \"no_speech_prob\": 0.02262706123292446}, {\"id\": 19, \"seek\": 2876, \"start\": 30.079999923706055, \"end\": 32.20000076293945, \"text\": \" Men swipe 50% of the time,\", \"tokens\": [50430, 6685, 28170, 2625, 4, 295, 264, 565, 11, 50536], \"temperature\": 0.0, \"avg_logprob\": -0.278059720993042, \"compression_ratio\": 1.6333333253860474, \"no_speech_prob\": 0.02262706123292446}, {\"id\": 20, \"seek\": 2876, \"start\": 32.20000076293945, \"end\": 34.040000915527344, \"text\": \" women swipe 5% of the time.\", \"tokens\": [50536, 2266, 28170, 1025, 4, 295, 264, 565, 13, 50628], \"temperature\": 0.0, \"avg_logprob\": -0.278059720993042, \"compression_ratio\": 1.6333333253860474, \"no_speech_prob\": 0.02262706123292446}, {\"id\": 21, \"seek\": 2876, \"start\": 34.040000915527344, \"end\": 36.47999954223633, \"text\": \" Yeah, it's a false reality for women.\", \"tokens\": [50628, 865, 11, 309, 311, 257, 7908, 4103, 337, 2266, 13, 50750], \"temperature\": 0.0, \"avg_logprob\": -0.278059720993042, \"compression_ratio\": 1.6333333253860474, \"no_speech_prob\": 0.02262706123292446}, {\"id\": 22, \"seek\": 2876, \"start\": 36.47999954223633, \"end\": 39.959999084472656, \"text\": \" It's, guys are just like, whatever.\", \"tokens\": [50750, 467, 311, 11, 1074, 366, 445, 411, 11, 2035, 13, 50924], \"temperature\": 0.0, \"avg_logprob\": -0.278059720993042, \"compression_ratio\": 1.6333333253860474, \"no_speech_prob\": 0.02262706123292446}, {\"id\": 23, \"seek\": 2876, \"start\": 39.959999084472656, \"end\": 42.20000076293945, \"text\": \" Yeah, it's a totally two different worlds\", \"tokens\": [50924, 865, 11, 309, 311, 257, 3879, 732, 819, 13401, 51036], \"temperature\": 0.0, \"avg_logprob\": -0.278059720993042, \"compression_ratio\": 1.6333333253860474, \"no_speech_prob\": 0.02262706123292446}, {\"id\": 24, \"seek\": 2876, \"start\": 42.20000076293945, \"end\": 43.15999984741211, \"text\": \" they're living in.\", \"tokens\": [51036, 436, 434, 2647, 294, 13, 51084], \"temperature\": 0.0, \"avg_logprob\": -0.278059720993042, \"compression_ratio\": 1.6333333253860474, \"no_speech_prob\": 0.02262706123292446}, {\"id\": 25, \"seek\": 2876, \"start\": 43.15999984741211, \"end\": 46.79999923706055, \"text\": \" And so the app's made on both sides for the same person,\", \"tokens\": [51084, 400, 370, 264, 724, 311, 1027, 322, 1293, 4881, 337, 264, 912, 954, 11, 51266], \"temperature\": 0.0, \"avg_logprob\": -0.278059720993042, \"compression_ratio\": 1.6333333253860474, \"no_speech_prob\": 0.02262706123292446}, {\"id\": 26, \"seek\": 2876, \"start\": 46.79999923706055, \"end\": 48.119998931884766, \"text\": \" but it doesn't work.\", \"tokens\": [51266, 457, 309, 1177, 380, 589, 13, 51332], \"temperature\": 0.0, \"avg_logprob\": -0.278059720993042, \"compression_ratio\": 1.6333333253860474, \"no_speech_prob\": 0.02262706123292446}, {\"id\": 27, \"seek\": 2876, \"start\": 52.91999816894531, \"end\": 55.84000015258789, \"text\": \" Oh yeah, yeah, yeah, we look at, picture, picture.\", \"tokens\": [51572, 876, 1338, 11, 1338, 11, 1338, 11, 321, 574, 412, 11, 3036, 11, 3036, 13, 51718], \"temperature\": 0.0, \"avg_logprob\": -0.278059720993042, \"compression_ratio\": 1.6333333253860474, \"no_speech_prob\": 0.02262706123292446}, {\"id\": 28, \"seek\": 2876, \"start\": 55.84000015258789, \"end\": 56.91999816894531, \"text\": \" We choose differently.\", \"tokens\": [51718, 492, 2826, 7614, 13, 51772], \"temperature\": 0.0, \"avg_logprob\": -0.278059720993042, \"compression_ratio\": 1.6333333253860474, \"no_speech_prob\": 0.02262706123292446}, {\"id\": 29, \"seek\": 2876, \"start\": 56.91999816894531, \"end\": 58.47999954223633, \"text\": \" We go, she looks good.\", \"tokens\": [51772, 492, 352, 11, 750, 1542, 665, 13, 51850], \"temperature\": 0.0, \"avg_logprob\": -0.278059720993042, \"compression_ratio\": 1.6333333253860474, \"no_speech_prob\": 0.02262706123292446}, {\"id\": 30, \"seek\": 5848, \"start\": 59.15999984741211, \"end\": 60.0, \"text\": \" I think I can stand her.\", \"tokens\": [50398, 286, 519, 286, 393, 1463, 720, 13, 50440], \"temperature\": 0.0, \"avg_logprob\": -0.2308400720357895, \"compression_ratio\": 1.5, \"no_speech_prob\": 0.0009849474299699068}, {\"id\": 31, \"seek\": 5848, \"start\": 60.0, \"end\": 61.84000015258789, \"text\": \" She goes, he's amazing.\", \"tokens\": [50440, 1240, 1709, 11, 415, 311, 2243, 13, 50532], \"temperature\": 0.0, \"avg_logprob\": -0.2308400720357895, \"compression_ratio\": 1.5, \"no_speech_prob\": 0.0009849474299699068}, {\"id\": 32, \"seek\": 5848, \"start\": 61.84000015258789, \"end\": 63.68000030517578, \"text\": \" I really enjoy him.\", \"tokens\": [50532, 286, 534, 2103, 796, 13, 50624], \"temperature\": 0.0, \"avg_logprob\": -0.2308400720357895, \"compression_ratio\": 1.5, \"no_speech_prob\": 0.0009849474299699068}, {\"id\": 33, \"seek\": 5848, \"start\": 63.68000030517578, \"end\": 64.5199966430664, \"text\": \" He looks all right.\", \"tokens\": [50624, 634, 1542, 439, 558, 13, 50666], \"temperature\": 0.0, \"avg_logprob\": -0.2308400720357895, \"compression_ratio\": 1.5, \"no_speech_prob\": 0.0009849474299699068}, {\"id\": 34, \"seek\": 5848, \"start\": 64.5199966430664, \"end\": 66.08000183105469, \"text\": \" So totally two different worlds.\", \"tokens\": [50666, 407, 3879, 732, 819, 13401, 13, 50744], \"temperature\": 0.0, \"avg_logprob\": -0.2308400720357895, \"compression_ratio\": 1.5, \"no_speech_prob\": 0.0009849474299699068}, {\"id\": 35, \"seek\": 5848, \"start\": 66.08000183105469, \"end\": 71.08000183105469, \"text\": \" Only 10% of men are attractive on pictures to a woman.\", \"tokens\": [50744, 5686, 1266, 4, 295, 1706, 366, 12609, 322, 5242, 281, 257, 3059, 13, 50994], \"temperature\": 0.0, \"avg_logprob\": -0.2308400720357895, \"compression_ratio\": 1.5, \"no_speech_prob\": 0.0009849474299699068}, {\"id\": 36, \"seek\": 5848, \"start\": 72.63999938964844, \"end\": 75.16000366210938, \"text\": \" At all, period, at all.\", \"tokens\": [51072, 1711, 439, 11, 2896, 11, 412, 439, 13, 51198], \"temperature\": 0.0, \"avg_logprob\": -0.2308400720357895, \"compression_ratio\": 1.5, \"no_speech_prob\": 0.0009849474299699068}, {\"id\": 37, \"seek\": 5848, \"start\": 75.16000366210938, \"end\": 77.68000030517578, \"text\": \" Like six feet tall, you gotta be six feet tall.\", \"tokens\": [51198, 1743, 2309, 3521, 6764, 11, 291, 3428, 312, 2309, 3521, 6764, 13, 51324], \"temperature\": 0.0, \"avg_logprob\": -0.2308400720357895, \"compression_ratio\": 1.5, \"no_speech_prob\": 0.0009849474299699068}, {\"id\": 38, \"seek\": 5848, \"start\": 77.68000030517578, \"end\": 79.68000030517578, \"text\": \" That's 15% of all people.\", \"tokens\": [51324, 663, 311, 2119, 4, 295, 439, 561, 13, 51424], \"temperature\": 0.0, \"avg_logprob\": -0.2308400720357895, \"compression_ratio\": 1.5, \"no_speech_prob\": 0.0009849474299699068}, {\"id\": 39, \"seek\": 5848, \"start\": 79.68000030517578, \"end\": 83.87999725341797, \"text\": \" Yeah, so the numbers are just massively messed up.\", \"tokens\": [51424, 865, 11, 370, 264, 3547, 366, 445, 29379, 16507, 493, 13, 51634], \"temperature\": 0.0, \"avg_logprob\": -0.2308400720357895, \"compression_ratio\": 1.5, \"no_speech_prob\": 0.0009849474299699068}, {\"id\": 40, \"seek\": 5848, \"start\": 83.87999725341797, \"end\": 87.5999984741211, \"text\": \" Yeah, you get the data and I just go crazy on it.\", \"tokens\": [51634, 865, 11, 291, 483, 264, 1412, 293, 286, 445, 352, 3219, 322, 309, 13, 51820], \"temperature\": 0.0, \"avg_logprob\": -0.2308400720357895, \"compression_ratio\": 1.5, \"no_speech_prob\": 0.0009849474299699068}, {\"id\": 41, \"seek\": 8760, \"start\": 87.5999984741211, \"end\": 91.08000183105469, \"text\": \" I'm like, this does not work, people.\", \"tokens\": [50364, 286, 478, 411, 11, 341, 775, 406, 589, 11, 561, 13, 50538], \"temperature\": 0.0, \"avg_logprob\": -0.3100000023841858, \"compression_ratio\": 1.737024188041687, \"no_speech_prob\": 0.005910827778279781}, {\"id\": 42, \"seek\": 8760, \"start\": 94.72000122070312, \"end\": 97.44000244140625, \"text\": \" All right, so ladies, so I just out of curiosity,\", \"tokens\": [50720, 1057, 558, 11, 370, 9974, 11, 370, 286, 445, 484, 295, 18769, 11, 50856], \"temperature\": 0.0, \"avg_logprob\": -0.3100000023841858, \"compression_ratio\": 1.737024188041687, \"no_speech_prob\": 0.005910827778279781}, {\"id\": 43, \"seek\": 8760, \"start\": 97.44000244140625, \"end\": 99.27999877929688, \"text\": \" the percentage, like you said before, give it up.\", \"tokens\": [50856, 264, 9668, 11, 411, 291, 848, 949, 11, 976, 309, 493, 13, 50948], \"temperature\": 0.0, \"avg_logprob\": -0.3100000023841858, \"compression_ratio\": 1.737024188041687, \"no_speech_prob\": 0.005910827778279781}, {\"id\": 44, \"seek\": 8760, \"start\": 99.27999877929688, \"end\": 101.5999984741211, \"text\": \" The percentage of men over the age, I'm sorry,\", \"tokens\": [50948, 440, 9668, 295, 1706, 670, 264, 3205, 11, 286, 478, 2597, 11, 51064], \"temperature\": 0.0, \"avg_logprob\": -0.3100000023841858, \"compression_ratio\": 1.737024188041687, \"no_speech_prob\": 0.005910827778279781}, {\"id\": 45, \"seek\": 8760, \"start\": 101.5999984741211, \"end\": 103.08000183105469, \"text\": \" the percentage of men over six feet tall,\", \"tokens\": [51064, 264, 9668, 295, 1706, 670, 2309, 3521, 6764, 11, 51138], \"temperature\": 0.0, \"avg_logprob\": -0.3100000023841858, \"compression_ratio\": 1.737024188041687, \"no_speech_prob\": 0.005910827778279781}, {\"id\": 46, \"seek\": 8760, \"start\": 103.08000183105469, \"end\": 104.19999694824219, \"text\": \" what do you think it is in the population?\", \"tokens\": [51138, 437, 360, 291, 519, 309, 307, 294, 264, 4415, 30, 51194], \"temperature\": 0.0, \"avg_logprob\": -0.3100000023841858, \"compression_ratio\": 1.737024188041687, \"no_speech_prob\": 0.005910827778279781}, {\"id\": 47, \"seek\": 8760, \"start\": 104.19999694824219, \"end\": 106.0, \"text\": \" Just say it out loud, I won't go through all of you.\", \"tokens\": [51194, 1449, 584, 309, 484, 6588, 11, 286, 1582, 380, 352, 807, 439, 295, 291, 13, 51284], \"temperature\": 0.0, \"avg_logprob\": -0.3100000023841858, \"compression_ratio\": 1.737024188041687, \"no_speech_prob\": 0.005910827778279781}, {\"id\": 48, \"seek\": 8760, \"start\": 106.0, \"end\": 106.83999633789062, \"text\": \" What do you think?\", \"tokens\": [51284, 708, 360, 291, 519, 30, 51326], \"temperature\": 0.0, \"avg_logprob\": -0.3100000023841858, \"compression_ratio\": 1.737024188041687, \"no_speech_prob\": 0.005910827778279781}, {\"id\": 49, \"seek\": 8760, \"start\": 106.83999633789062, \"end\": 108.31999969482422, \"text\": \" 14%?\", \"tokens\": [51326, 3499, 4, 30, 51400], \"temperature\": 0.0, \"avg_logprob\": -0.3100000023841858, \"compression_ratio\": 1.737024188041687, \"no_speech_prob\": 0.005910827778279781}, {\"id\": 50, \"seek\": 8760, \"start\": 108.31999969482422, \"end\": 109.4000015258789, \"text\": \" For U.S. specifically, right?\", \"tokens\": [51400, 1171, 624, 13, 50, 13, 4682, 11, 558, 30, 51454], \"temperature\": 0.0, \"avg_logprob\": -0.3100000023841858, \"compression_ratio\": 1.737024188041687, \"no_speech_prob\": 0.005910827778279781}, {\"id\": 51, \"seek\": 8760, \"start\": 109.4000015258789, \"end\": 110.72000122070312, \"text\": \" U.S., yeah, United States.\", \"tokens\": [51454, 624, 13, 50, 7933, 1338, 11, 2824, 3040, 13, 51520], \"temperature\": 0.0, \"avg_logprob\": -0.3100000023841858, \"compression_ratio\": 1.737024188041687, \"no_speech_prob\": 0.005910827778279781}, {\"id\": 52, \"seek\": 8760, \"start\": 110.72000122070312, \"end\": 111.55999755859375, \"text\": \" 8%.\", \"tokens\": [51520, 1649, 6856, 51562], \"temperature\": 0.0, \"avg_logprob\": -0.3100000023841858, \"compression_ratio\": 1.737024188041687, \"no_speech_prob\": 0.005910827778279781}, {\"id\": 53, \"seek\": 8760, \"start\": 111.55999755859375, \"end\": 113.63999938964844, \"text\": \" Percentage of men over six feet tall.\", \"tokens\": [51562, 3026, 2207, 609, 295, 1706, 670, 2309, 3521, 6764, 13, 51666], \"temperature\": 0.0, \"avg_logprob\": -0.3100000023841858, \"compression_ratio\": 1.737024188041687, \"no_speech_prob\": 0.005910827778279781}, {\"id\": 54, \"seek\": 8760, \"start\": 113.63999938964844, \"end\": 114.4800033569336, \"text\": \" Seven.\", \"tokens\": [51666, 14868, 13, 51708], \"temperature\": 0.0, \"avg_logprob\": -0.3100000023841858, \"compression_ratio\": 1.737024188041687, \"no_speech_prob\": 0.005910827778279781}, {\"id\": 55, \"seek\": 8760, \"start\": 114.4800033569336, \"end\": 115.31999969482422, \"text\": \" Oh, I'm sorry.\", \"tokens\": [51708, 876, 11, 286, 478, 2597, 13, 51750], \"temperature\": 0.0, \"avg_logprob\": -0.3100000023841858, \"compression_ratio\": 1.737024188041687, \"no_speech_prob\": 0.005910827778279781}, {\"id\": 56, \"seek\": 8760, \"start\": 115.31999969482422, \"end\": 116.5999984741211, \"text\": \" I know you've told me this before.\", \"tokens\": [51750, 286, 458, 291, 600, 1907, 385, 341, 949, 13, 51814], \"temperature\": 0.0, \"avg_logprob\": -0.3100000023841858, \"compression_ratio\": 1.737024188041687, \"no_speech_prob\": 0.005910827778279781}, {\"id\": 57, \"seek\": 11660, \"start\": 116.5999984741211, \"end\": 121.27999877929688, \"text\": \" It's actually, oh my God, I wanted to say 1%.\", \"tokens\": [50364, 467, 311, 767, 11, 1954, 452, 1265, 11, 286, 1415, 281, 584, 502, 6856, 50598], \"temperature\": 0.0, \"avg_logprob\": -0.3180884122848511, \"compression_ratio\": 1.8376383781433105, \"no_speech_prob\": 0.0005703037604689598}, {\"id\": 58, \"seek\": 11660, \"start\": 121.27999877929688, \"end\": 123.0, \"text\": \" No, okay, no, six foot three is 1%.\", \"tokens\": [50598, 883, 11, 1392, 11, 572, 11, 2309, 2671, 1045, 307, 502, 6856, 50684], \"temperature\": 0.0, \"avg_logprob\": -0.3180884122848511, \"compression_ratio\": 1.8376383781433105, \"no_speech_prob\": 0.0005703037604689598}, {\"id\": 59, \"seek\": 11660, \"start\": 123.0, \"end\": 123.83999633789062, \"text\": \" There we go, there we go, sorry.\", \"tokens\": [50684, 821, 321, 352, 11, 456, 321, 352, 11, 2597, 13, 50726], \"temperature\": 0.0, \"avg_logprob\": -0.3180884122848511, \"compression_ratio\": 1.8376383781433105, \"no_speech_prob\": 0.0005703037604689598}, {\"id\": 60, \"seek\": 11660, \"start\": 123.83999633789062, \"end\": 126.0, \"text\": \" 14% of men are over six feet tall.\", \"tokens\": [50726, 3499, 4, 295, 1706, 366, 670, 2309, 3521, 6764, 13, 50834], \"temperature\": 0.0, \"avg_logprob\": -0.3180884122848511, \"compression_ratio\": 1.8376383781433105, \"no_speech_prob\": 0.0005703037604689598}, {\"id\": 61, \"seek\": 11660, \"start\": 126.0, \"end\": 126.83999633789062, \"text\": \" She got it.\", \"tokens\": [50834, 1240, 658, 309, 13, 50876], \"temperature\": 0.0, \"avg_logprob\": -0.3180884122848511, \"compression_ratio\": 1.8376383781433105, \"no_speech_prob\": 0.0005703037604689598}, {\"id\": 62, \"seek\": 11660, \"start\": 126.83999633789062, \"end\": 127.68000030517578, \"text\": \" Okay, got it, that's good.\", \"tokens\": [50876, 1033, 11, 658, 309, 11, 300, 311, 665, 13, 50918], \"temperature\": 0.0, \"avg_logprob\": -0.3180884122848511, \"compression_ratio\": 1.8376383781433105, \"no_speech_prob\": 0.0005703037604689598}, {\"id\": 63, \"seek\": 11660, \"start\": 127.68000030517578, \"end\": 130.67999267578125, \"text\": \" The percentage of men that make $100,000 a year.\", \"tokens\": [50918, 440, 9668, 295, 1706, 300, 652, 1848, 6879, 11, 1360, 257, 1064, 13, 51068], \"temperature\": 0.0, \"avg_logprob\": -0.3180884122848511, \"compression_ratio\": 1.8376383781433105, \"no_speech_prob\": 0.0005703037604689598}, {\"id\": 64, \"seek\": 11660, \"start\": 130.67999267578125, \"end\": 134.47999572753906, \"text\": \" The percentage of men that make $100,000 a year.\", \"tokens\": [51068, 440, 9668, 295, 1706, 300, 652, 1848, 6879, 11, 1360, 257, 1064, 13, 51258], \"temperature\": 0.0, \"avg_logprob\": -0.3180884122848511, \"compression_ratio\": 1.8376383781433105, \"no_speech_prob\": 0.0005703037604689598}, {\"id\": 65, \"seek\": 11660, \"start\": 134.47999572753906, \"end\": 136.0800018310547, \"text\": \" I remember this one, you told me.\", \"tokens\": [51258, 286, 1604, 341, 472, 11, 291, 1907, 385, 13, 51338], \"temperature\": 0.0, \"avg_logprob\": -0.3180884122848511, \"compression_ratio\": 1.8376383781433105, \"no_speech_prob\": 0.0005703037604689598}, {\"id\": 66, \"seek\": 11660, \"start\": 136.0800018310547, \"end\": 136.9199981689453, \"text\": \" Just throw out a number.\", \"tokens\": [51338, 1449, 3507, 484, 257, 1230, 13, 51380], \"temperature\": 0.0, \"avg_logprob\": -0.3180884122848511, \"compression_ratio\": 1.8376383781433105, \"no_speech_prob\": 0.0005703037604689598}, {\"id\": 67, \"seek\": 11660, \"start\": 136.9199981689453, \"end\": 137.75999450683594, \"text\": \" 17.\", \"tokens\": [51380, 3282, 13, 51422], \"temperature\": 0.0, \"avg_logprob\": -0.3180884122848511, \"compression_ratio\": 1.8376383781433105, \"no_speech_prob\": 0.0005703037604689598}, {\"id\": 68, \"seek\": 11660, \"start\": 137.75999450683594, \"end\": 140.1999969482422, \"text\": \" 17, what do you think?\", \"tokens\": [51422, 3282, 11, 437, 360, 291, 519, 30, 51544], \"temperature\": 0.0, \"avg_logprob\": -0.3180884122848511, \"compression_ratio\": 1.8376383781433105, \"no_speech_prob\": 0.0005703037604689598}, {\"id\": 69, \"seek\": 11660, \"start\": 140.1999969482422, \"end\": 141.55999755859375, \"text\": \" You said the number of men who.\", \"tokens\": [51544, 509, 848, 264, 1230, 295, 1706, 567, 13, 51612], \"temperature\": 0.0, \"avg_logprob\": -0.3180884122848511, \"compression_ratio\": 1.8376383781433105, \"no_speech_prob\": 0.0005703037604689598}, {\"id\": 70, \"seek\": 11660, \"start\": 141.55999755859375, \"end\": 144.0399932861328, \"text\": \" Percentage of men that make over $100,000 a year.\", \"tokens\": [51612, 3026, 2207, 609, 295, 1706, 300, 652, 670, 1848, 6879, 11, 1360, 257, 1064, 13, 51736], \"temperature\": 0.0, \"avg_logprob\": -0.3180884122848511, \"compression_ratio\": 1.8376383781433105, \"no_speech_prob\": 0.0005703037604689598}, {\"id\": 71, \"seek\": 11660, \"start\": 144.0399932861328, \"end\": 144.8800048828125, \"text\": \" Six figure income.\", \"tokens\": [51736, 11678, 2573, 5742, 13, 51778], \"temperature\": 0.0, \"avg_logprob\": -0.3180884122848511, \"compression_ratio\": 1.8376383781433105, \"no_speech_prob\": 0.0005703037604689598}, {\"id\": 72, \"seek\": 11660, \"start\": 144.8800048828125, \"end\": 145.9199981689453, \"text\": \" Oh, not a million, okay.\", \"tokens\": [51778, 876, 11, 406, 257, 2459, 11, 1392, 13, 51830], \"temperature\": 0.0, \"avg_logprob\": -0.3180884122848511, \"compression_ratio\": 1.8376383781433105, \"no_speech_prob\": 0.0005703037604689598}, {\"id\": 73, \"seek\": 14660, \"start\": 146.63999938964844, \"end\": 148.75999450683594, \"text\": \" I'm gonna go with 10%.\", \"tokens\": [50366, 286, 478, 799, 352, 365, 1266, 6856, 50472], \"temperature\": 0.0, \"avg_logprob\": -0.257242888212204, \"compression_ratio\": 1.5916666984558105, \"no_speech_prob\": 0.0007321737939491868}, {\"id\": 74, \"seek\": 14660, \"start\": 148.75999450683594, \"end\": 149.72000122070312, \"text\": \" Keep going.\", \"tokens\": [50472, 5527, 516, 13, 50520], \"temperature\": 0.0, \"avg_logprob\": -0.257242888212204, \"compression_ratio\": 1.5916666984558105, \"no_speech_prob\": 0.0007321737939491868}, {\"id\": 75, \"seek\": 14660, \"start\": 149.72000122070312, \"end\": 150.75999450683594, \"text\": \" 33%.\", \"tokens\": [50520, 11816, 6856, 50572], \"temperature\": 0.0, \"avg_logprob\": -0.257242888212204, \"compression_ratio\": 1.5916666984558105, \"no_speech_prob\": 0.0007321737939491868}, {\"id\": 76, \"seek\": 14660, \"start\": 150.75999450683594, \"end\": 151.60000610351562, \"text\": \" What is it?\", \"tokens\": [50572, 708, 307, 309, 30, 50614], \"temperature\": 0.0, \"avg_logprob\": -0.257242888212204, \"compression_ratio\": 1.5916666984558105, \"no_speech_prob\": 0.0007321737939491868}, {\"id\": 77, \"seek\": 14660, \"start\": 151.60000610351562, \"end\": 153.27999877929688, \"text\": \" I was gonna say like 10%.\", \"tokens\": [50614, 286, 390, 799, 584, 411, 1266, 6856, 50698], \"temperature\": 0.0, \"avg_logprob\": -0.257242888212204, \"compression_ratio\": 1.5916666984558105, \"no_speech_prob\": 0.0007321737939491868}, {\"id\": 78, \"seek\": 14660, \"start\": 153.27999877929688, \"end\": 154.1199951171875, \"text\": \" I'd give them 15.\", \"tokens\": [50698, 286, 1116, 976, 552, 2119, 13, 50740], \"temperature\": 0.0, \"avg_logprob\": -0.257242888212204, \"compression_ratio\": 1.5916666984558105, \"no_speech_prob\": 0.0007321737939491868}, {\"id\": 79, \"seek\": 14660, \"start\": 154.1199951171875, \"end\": 155.1999969482422, \"text\": \" I'm gonna say 12.\", \"tokens\": [50740, 286, 478, 799, 584, 2272, 13, 50794], \"temperature\": 0.0, \"avg_logprob\": -0.257242888212204, \"compression_ratio\": 1.5916666984558105, \"no_speech_prob\": 0.0007321737939491868}, {\"id\": 80, \"seek\": 14660, \"start\": 155.1999969482422, \"end\": 156.0399932861328, \"text\": \" 12.\", \"tokens\": [50794, 2272, 13, 50836], \"temperature\": 0.0, \"avg_logprob\": -0.257242888212204, \"compression_ratio\": 1.5916666984558105, \"no_speech_prob\": 0.0007321737939491868}, {\"id\": 81, \"seek\": 14660, \"start\": 156.0399932861328, \"end\": 156.8800048828125, \"text\": \" I think it's like 2%.\", \"tokens\": [50836, 286, 519, 309, 311, 411, 568, 6856, 50878], \"temperature\": 0.0, \"avg_logprob\": -0.257242888212204, \"compression_ratio\": 1.5916666984558105, \"no_speech_prob\": 0.0007321737939491868}, {\"id\": 82, \"seek\": 14660, \"start\": 156.8800048828125, \"end\": 159.8000030517578, \"text\": \" 17% of men make over $100,000 a year.\", \"tokens\": [50878, 3282, 4, 295, 1706, 652, 670, 1848, 6879, 11, 1360, 257, 1064, 13, 51024], \"temperature\": 0.0, \"avg_logprob\": -0.257242888212204, \"compression_ratio\": 1.5916666984558105, \"no_speech_prob\": 0.0007321737939491868}, {\"id\": 83, \"seek\": 14660, \"start\": 159.8000030517578, \"end\": 162.67999267578125, \"text\": \" So if you want six feet tall and $100,000 a year,\", \"tokens\": [51024, 407, 498, 291, 528, 2309, 3521, 6764, 293, 1848, 6879, 11, 1360, 257, 1064, 11, 51168], \"temperature\": 0.0, \"avg_logprob\": -0.257242888212204, \"compression_ratio\": 1.5916666984558105, \"no_speech_prob\": 0.0007321737939491868}, {\"id\": 84, \"seek\": 14660, \"start\": 162.67999267578125, \"end\": 164.9199981689453, \"text\": \" that's not 17% or 14%.\", \"tokens\": [51168, 300, 311, 406, 3282, 4, 420, 3499, 6856, 51280], \"temperature\": 0.0, \"avg_logprob\": -0.257242888212204, \"compression_ratio\": 1.5916666984558105, \"no_speech_prob\": 0.0007321737939491868}, {\"id\": 85, \"seek\": 14660, \"start\": 164.9199981689453, \"end\": 169.9199981689453, \"text\": \" It's 17% times 14%, which is 2.3%.\", \"tokens\": [51280, 467, 311, 3282, 4, 1413, 3499, 8923, 597, 307, 568, 13, 18, 6856, 51530], \"temperature\": 0.0, \"avg_logprob\": -0.257242888212204, \"compression_ratio\": 1.5916666984558105, \"no_speech_prob\": 0.0007321737939491868}, {\"id\": 86, \"seek\": 14660, \"start\": 170.1999969482422, \"end\": 173.60000610351562, \"text\": \" And we are not controlling for if they're married,\", \"tokens\": [51544, 400, 321, 366, 406, 14905, 337, 498, 436, 434, 5259, 11, 51714], \"temperature\": 0.0, \"avg_logprob\": -0.257242888212204, \"compression_ratio\": 1.5916666984558105, \"no_speech_prob\": 0.0007321737939491868}, {\"id\": 87, \"seek\": 14660, \"start\": 173.60000610351562, \"end\": 176.32000732421875, \"text\": \" if they're obese, or if they're good looking.\", \"tokens\": [51714, 498, 436, 434, 50060, 11, 420, 498, 436, 434, 665, 1237, 13, 51850], \"temperature\": 0.0, \"avg_logprob\": -0.257242888212204, \"compression_ratio\": 1.5916666984558105, \"no_speech_prob\": 0.0007321737939491868}, {\"id\": 88, \"seek\": 17632, \"start\": 177.0, \"end\": 178.8800048828125, \"text\": \" And we're not controlling for their age at all.\", \"tokens\": [50398, 400, 321, 434, 406, 14905, 337, 641, 3205, 412, 439, 13, 50492], \"temperature\": 0.0, \"avg_logprob\": -0.2412567287683487, \"compression_ratio\": 1.7357357740402222, \"no_speech_prob\": 0.0006771874614059925}, {\"id\": 89, \"seek\": 17632, \"start\": 178.8800048828125, \"end\": 180.47999572753906, \"text\": \" If you do that, we'll just skip it\", \"tokens\": [50492, 759, 291, 360, 300, 11, 321, 603, 445, 10023, 309, 50572], \"temperature\": 0.0, \"avg_logprob\": -0.2412567287683487, \"compression_ratio\": 1.7357357740402222, \"no_speech_prob\": 0.0006771874614059925}, {\"id\": 90, \"seek\": 17632, \"start\": 180.47999572753906, \"end\": 183.1199951171875, \"text\": \" because we've done the delusional calculator several times.\", \"tokens\": [50572, 570, 321, 600, 1096, 264, 1103, 301, 1966, 24993, 2940, 1413, 13, 50704], \"temperature\": 0.0, \"avg_logprob\": -0.2412567287683487, \"compression_ratio\": 1.7357357740402222, \"no_speech_prob\": 0.0006771874614059925}, {\"id\": 91, \"seek\": 17632, \"start\": 183.1199951171875, \"end\": 185.52000427246094, \"text\": \" You're gonna find that when they aren't married,\", \"tokens\": [50704, 509, 434, 799, 915, 300, 562, 436, 3212, 380, 5259, 11, 50824], \"temperature\": 0.0, \"avg_logprob\": -0.2412567287683487, \"compression_ratio\": 1.7357357740402222, \"no_speech_prob\": 0.0006771874614059925}, {\"id\": 92, \"seek\": 17632, \"start\": 185.52000427246094, \"end\": 186.36000061035156, \"text\": \" when they aren't obese,\", \"tokens\": [50824, 562, 436, 3212, 380, 50060, 11, 50866], \"temperature\": 0.0, \"avg_logprob\": -0.2412567287683487, \"compression_ratio\": 1.7357357740402222, \"no_speech_prob\": 0.0006771874614059925}, {\"id\": 93, \"seek\": 17632, \"start\": 186.36000061035156, \"end\": 188.72000122070312, \"text\": \" and when they're in the 35 to 45 year old range\", \"tokens\": [50866, 293, 562, 436, 434, 294, 264, 6976, 281, 6905, 1064, 1331, 3613, 50984], \"temperature\": 0.0, \"avg_logprob\": -0.2412567287683487, \"compression_ratio\": 1.7357357740402222, \"no_speech_prob\": 0.0006771874614059925}, {\"id\": 94, \"seek\": 17632, \"start\": 188.72000122070312, \"end\": 190.0800018310547, \"text\": \" that you're looking for,\", \"tokens\": [50984, 300, 291, 434, 1237, 337, 11, 51052], \"temperature\": 0.0, \"avg_logprob\": -0.2412567287683487, \"compression_ratio\": 1.7357357740402222, \"no_speech_prob\": 0.0006771874614059925}, {\"id\": 95, \"seek\": 17632, \"start\": 190.0800018310547, \"end\": 194.16000366210938, \"text\": \" you're gonna find that these men make up 0.02%\", \"tokens\": [51052, 291, 434, 799, 915, 300, 613, 1706, 652, 493, 1958, 13, 12756, 4, 51256], \"temperature\": 0.0, \"avg_logprob\": -0.2412567287683487, \"compression_ratio\": 1.7357357740402222, \"no_speech_prob\": 0.0006771874614059925}, {\"id\": 96, \"seek\": 17632, \"start\": 194.16000366210938, \"end\": 196.27999877929688, \"text\": \" of the population and we still have it controlled\", \"tokens\": [51256, 295, 264, 4415, 293, 321, 920, 362, 309, 10164, 51362], \"temperature\": 0.0, \"avg_logprob\": -0.2412567287683487, \"compression_ratio\": 1.7357357740402222, \"no_speech_prob\": 0.0006771874614059925}, {\"id\": 97, \"seek\": 17632, \"start\": 196.27999877929688, \"end\": 197.55999755859375, \"text\": \" for physical attractiveness.\", \"tokens\": [51362, 337, 4001, 5049, 8477, 13, 51426], \"temperature\": 0.0, \"avg_logprob\": -0.2412567287683487, \"compression_ratio\": 1.7357357740402222, \"no_speech_prob\": 0.0006771874614059925}, {\"id\": 98, \"seek\": 17632, \"start\": 197.55999755859375, \"end\": 198.52000427246094, \"text\": \" Isn't that fun?\", \"tokens\": [51426, 6998, 380, 300, 1019, 30, 51474], \"temperature\": 0.0, \"avg_logprob\": -0.2412567287683487, \"compression_ratio\": 1.7357357740402222, \"no_speech_prob\": 0.0006771874614059925}, {\"id\": 99, \"seek\": 17632, \"start\": 198.52000427246094, \"end\": 199.8000030517578, \"text\": \" That sounds so fun, isn't it?\", \"tokens\": [51474, 663, 3263, 370, 1019, 11, 1943, 380, 309, 30, 51538], \"temperature\": 0.0, \"avg_logprob\": -0.2412567287683487, \"compression_ratio\": 1.7357357740402222, \"no_speech_prob\": 0.0006771874614059925}, {\"id\": 100, \"seek\": 17632, \"start\": 199.8000030517578, \"end\": 200.63999938964844, \"text\": \" And then we go on the dating app.\", \"tokens\": [51538, 400, 550, 321, 352, 322, 264, 10689, 724, 13, 51580], \"temperature\": 0.0, \"avg_logprob\": -0.2412567287683487, \"compression_ratio\": 1.7357357740402222, \"no_speech_prob\": 0.0006771874614059925}, {\"id\": 101, \"seek\": 17632, \"start\": 200.63999938964844, \"end\": 201.47999572753906, \"text\": \" That's toxic.\", \"tokens\": [51580, 663, 311, 12786, 13, 51622], \"temperature\": 0.0, \"avg_logprob\": -0.2412567287683487, \"compression_ratio\": 1.7357357740402222, \"no_speech_prob\": 0.0006771874614059925}, {\"id\": 102, \"seek\": 17632, \"start\": 201.47999572753906, \"end\": 204.0399932861328, \"text\": \" Right, but here's the other thing.\", \"tokens\": [51622, 1779, 11, 457, 510, 311, 264, 661, 551, 13, 51750], \"temperature\": 0.0, \"avg_logprob\": -0.2412567287683487, \"compression_ratio\": 1.7357357740402222, \"no_speech_prob\": 0.0006771874614059925}, {\"id\": 103, \"seek\": 17632, \"start\": 204.0399932861328, \"end\": 205.24000549316406, \"text\": \" What does the dating app show you?\", \"tokens\": [51750, 708, 775, 264, 10689, 724, 855, 291, 30, 51810], \"temperature\": 0.0, \"avg_logprob\": -0.2412567287683487, \"compression_ratio\": 1.7357357740402222, \"no_speech_prob\": 0.0006771874614059925}, {\"id\": 104, \"seek\": 20524, \"start\": 205.32000732421875, \"end\": 208.67999267578125, \"text\": \" The dating app shows you the utter and complete opposite.\", \"tokens\": [50368, 440, 10689, 724, 3110, 291, 264, 17567, 293, 3566, 6182, 13, 50536], \"temperature\": 0.0, \"avg_logprob\": -0.1896517425775528, \"compression_ratio\": 1.9039039611816406, \"no_speech_prob\": 0.019123218953609467}, {\"id\": 105, \"seek\": 20524, \"start\": 208.67999267578125, \"end\": 210.67999267578125, \"text\": \" The dating app shows you numerous men\", \"tokens\": [50536, 440, 10689, 724, 3110, 291, 12546, 1706, 50636], \"temperature\": 0.0, \"avg_logprob\": -0.1896517425775528, \"compression_ratio\": 1.9039039611816406, \"no_speech_prob\": 0.019123218953609467}, {\"id\": 106, \"seek\": 20524, \"start\": 210.67999267578125, \"end\": 212.0399932861328, \"text\": \" who are six feet tall who make six figures\", \"tokens\": [50636, 567, 366, 2309, 3521, 6764, 567, 652, 2309, 9624, 50704], \"temperature\": 0.0, \"avg_logprob\": -0.1896517425775528, \"compression_ratio\": 1.9039039611816406, \"no_speech_prob\": 0.019123218953609467}, {\"id\": 107, \"seek\": 20524, \"start\": 212.0399932861328, \"end\": 213.63999938964844, \"text\": \" that left swipe, left swipe, left swipe,\", \"tokens\": [50704, 300, 1411, 28170, 11, 1411, 28170, 11, 1411, 28170, 11, 50784], \"temperature\": 0.0, \"avg_logprob\": -0.1896517425775528, \"compression_ratio\": 1.9039039611816406, \"no_speech_prob\": 0.019123218953609467}, {\"id\": 108, \"seek\": 20524, \"start\": 213.63999938964844, \"end\": 214.60000610351562, \"text\": \" left swipe, left swipe.\", \"tokens\": [50784, 1411, 28170, 11, 1411, 28170, 13, 50832], \"temperature\": 0.0, \"avg_logprob\": -0.1896517425775528, \"compression_ratio\": 1.9039039611816406, \"no_speech_prob\": 0.019123218953609467}, {\"id\": 109, \"seek\": 20524, \"start\": 214.60000610351562, \"end\": 217.44000244140625, \"text\": \" And what happens is, so there's a problem.\", \"tokens\": [50832, 400, 437, 2314, 307, 11, 370, 456, 311, 257, 1154, 13, 50974], \"temperature\": 0.0, \"avg_logprob\": -0.1896517425775528, \"compression_ratio\": 1.9039039611816406, \"no_speech_prob\": 0.019123218953609467}, {\"id\": 110, \"seek\": 20524, \"start\": 217.44000244140625, \"end\": 220.0800018310547, \"text\": \" There's this issue where sometimes people in this space\", \"tokens\": [50974, 821, 311, 341, 2734, 689, 2171, 561, 294, 341, 1901, 51106], \"temperature\": 0.0, \"avg_logprob\": -0.1896517425775528, \"compression_ratio\": 1.9039039611816406, \"no_speech_prob\": 0.019123218953609467}, {\"id\": 111, \"seek\": 20524, \"start\": 220.0800018310547, \"end\": 221.52000427246094, \"text\": \" say women are delusional\", \"tokens\": [51106, 584, 2266, 366, 1103, 301, 1966, 51178], \"temperature\": 0.0, \"avg_logprob\": -0.1896517425775528, \"compression_ratio\": 1.9039039611816406, \"no_speech_prob\": 0.019123218953609467}, {\"id\": 112, \"seek\": 20524, \"start\": 221.52000427246094, \"end\": 223.52000427246094, \"text\": \" and people find that to be offensive.\", \"tokens\": [51178, 293, 561, 915, 300, 281, 312, 15710, 13, 51278], \"temperature\": 0.0, \"avg_logprob\": -0.1896517425775528, \"compression_ratio\": 1.9039039611816406, \"no_speech_prob\": 0.019123218953609467}, {\"id\": 113, \"seek\": 20524, \"start\": 223.52000427246094, \"end\": 224.55999755859375, \"text\": \" I'm gonna say right now,\", \"tokens\": [51278, 286, 478, 799, 584, 558, 586, 11, 51330], \"temperature\": 0.0, \"avg_logprob\": -0.1896517425775528, \"compression_ratio\": 1.9039039611816406, \"no_speech_prob\": 0.019123218953609467}, {\"id\": 114, \"seek\": 20524, \"start\": 224.55999755859375, \"end\": 226.55999755859375, \"text\": \" I find a lot of men to be delusional.\", \"tokens\": [51330, 286, 915, 257, 688, 295, 1706, 281, 312, 1103, 301, 1966, 13, 51430], \"temperature\": 0.0, \"avg_logprob\": -0.1896517425775528, \"compression_ratio\": 1.9039039611816406, \"no_speech_prob\": 0.019123218953609467}, {\"id\": 115, \"seek\": 20524, \"start\": 226.55999755859375, \"end\": 227.9199981689453, \"text\": \" Men are delusional in what they think\", \"tokens\": [51430, 6685, 366, 1103, 301, 1966, 294, 437, 436, 519, 51498], \"temperature\": 0.0, \"avg_logprob\": -0.1896517425775528, \"compression_ratio\": 1.9039039611816406, \"no_speech_prob\": 0.019123218953609467}, {\"id\": 116, \"seek\": 20524, \"start\": 227.9199981689453, \"end\": 229.27999877929688, \"text\": \" attraction triggers are for women.\", \"tokens\": [51498, 17672, 22827, 366, 337, 2266, 13, 51566], \"temperature\": 0.0, \"avg_logprob\": -0.1896517425775528, \"compression_ratio\": 1.9039039611816406, \"no_speech_prob\": 0.019123218953609467}, {\"id\": 117, \"seek\": 20524, \"start\": 229.27999877929688, \"end\": 230.36000061035156, \"text\": \" I had a guy I talked to the other day\", \"tokens\": [51566, 286, 632, 257, 2146, 286, 2825, 281, 264, 661, 786, 51620], \"temperature\": 0.0, \"avg_logprob\": -0.1896517425775528, \"compression_ratio\": 1.9039039611816406, \"no_speech_prob\": 0.019123218953609467}, {\"id\": 118, \"seek\": 20524, \"start\": 230.36000061035156, \"end\": 231.6999969482422, \"text\": \" who's been in the friend zone with this woman\", \"tokens\": [51620, 567, 311, 668, 294, 264, 1277, 6668, 365, 341, 3059, 51687], \"temperature\": 0.0, \"avg_logprob\": -0.1896517425775528, \"compression_ratio\": 1.9039039611816406, \"no_speech_prob\": 0.019123218953609467}, {\"id\": 119, \"seek\": 20524, \"start\": 231.6999969482422, \"end\": 234.24000549316406, \"text\": \" for three years, spends a bunch of money on him.\", \"tokens\": [51687, 337, 1045, 924, 11, 25620, 257, 3840, 295, 1460, 322, 796, 13, 51814], \"temperature\": 0.0, \"avg_logprob\": -0.1896517425775528, \"compression_ratio\": 1.9039039611816406, \"no_speech_prob\": 0.019123218953609467}, {\"id\": 120, \"seek\": 23424, \"start\": 234.24000549316406, \"end\": 235.24000549316406, \"text\": \" I gave him some advice.\", \"tokens\": [50364, 286, 2729, 796, 512, 5192, 13, 50414], \"temperature\": 0.0, \"avg_logprob\": -0.21395936608314514, \"compression_ratio\": 1.746753215789795, \"no_speech_prob\": 0.0007916192407719791}, {\"id\": 121, \"seek\": 23424, \"start\": 235.24000549316406, \"end\": 237.16000366210938, \"text\": \" He's like, no, I'm just gonna keep doing what I'm doing.\", \"tokens\": [50414, 634, 311, 411, 11, 572, 11, 286, 478, 445, 799, 1066, 884, 437, 286, 478, 884, 13, 50510], \"temperature\": 0.0, \"avg_logprob\": -0.21395936608314514, \"compression_ratio\": 1.746753215789795, \"no_speech_prob\": 0.0007916192407719791}, {\"id\": 122, \"seek\": 23424, \"start\": 237.16000366210938, \"end\": 238.75999450683594, \"text\": \" That's delusional.\", \"tokens\": [50510, 663, 311, 1103, 301, 1966, 13, 50590], \"temperature\": 0.0, \"avg_logprob\": -0.21395936608314514, \"compression_ratio\": 1.746753215789795, \"no_speech_prob\": 0.0007916192407719791}, {\"id\": 123, \"seek\": 23424, \"start\": 238.75999450683594, \"end\": 240.39999389648438, \"text\": \" Thinking that you're gonna get out of the friend zone\", \"tokens\": [50590, 24460, 300, 291, 434, 799, 483, 484, 295, 264, 1277, 6668, 50672], \"temperature\": 0.0, \"avg_logprob\": -0.21395936608314514, \"compression_ratio\": 1.746753215789795, \"no_speech_prob\": 0.0007916192407719791}, {\"id\": 124, \"seek\": 23424, \"start\": 240.39999389648438, \"end\": 242.1999969482422, \"text\": \" that way is delusional.\", \"tokens\": [50672, 300, 636, 307, 1103, 301, 1966, 13, 50762], \"temperature\": 0.0, \"avg_logprob\": -0.21395936608314514, \"compression_ratio\": 1.746753215789795, \"no_speech_prob\": 0.0007916192407719791}, {\"id\": 125, \"seek\": 23424, \"start\": 242.1999969482422, \"end\": 245.13999938964844, \"text\": \" It's a separation between reality\", \"tokens\": [50762, 467, 311, 257, 14634, 1296, 4103, 50909], \"temperature\": 0.0, \"avg_logprob\": -0.21395936608314514, \"compression_ratio\": 1.746753215789795, \"no_speech_prob\": 0.0007916192407719791}, {\"id\": 126, \"seek\": 23424, \"start\": 245.13999938964844, \"end\": 247.67999267578125, \"text\": \" and objective facts that are coming towards your way.\", \"tokens\": [50909, 293, 10024, 9130, 300, 366, 1348, 3030, 428, 636, 13, 51036], \"temperature\": 0.0, \"avg_logprob\": -0.21395936608314514, \"compression_ratio\": 1.746753215789795, \"no_speech_prob\": 0.0007916192407719791}, {\"id\": 127, \"seek\": 23424, \"start\": 247.67999267578125, \"end\": 251.0, \"text\": \" Your feelings are outweighing objective facts.\", \"tokens\": [51036, 2260, 6640, 366, 484, 826, 24412, 10024, 9130, 13, 51202], \"temperature\": 0.0, \"avg_logprob\": -0.21395936608314514, \"compression_ratio\": 1.746753215789795, \"no_speech_prob\": 0.0007916192407719791}, {\"id\": 128, \"seek\": 23424, \"start\": 251.0, \"end\": 253.44000244140625, \"text\": \" If a woman believes on a regular,\", \"tokens\": [51202, 759, 257, 3059, 12307, 322, 257, 3890, 11, 51324], \"temperature\": 0.0, \"avg_logprob\": -0.21395936608314514, \"compression_ratio\": 1.746753215789795, \"no_speech_prob\": 0.0007916192407719791}, {\"id\": 129, \"seek\": 23424, \"start\": 253.44000244140625, \"end\": 256.8599853515625, \"text\": \" actually believes that when she gets 30, 33, 35,\", \"tokens\": [51324, 767, 12307, 300, 562, 750, 2170, 2217, 11, 11816, 11, 6976, 11, 51495], \"temperature\": 0.0, \"avg_logprob\": -0.21395936608314514, \"compression_ratio\": 1.746753215789795, \"no_speech_prob\": 0.0007916192407719791}, {\"id\": 130, \"seek\": 23424, \"start\": 256.8599853515625, \"end\": 259.2200012207031, \"text\": \" that she is going to be able to get one of these men\", \"tokens\": [51495, 300, 750, 307, 516, 281, 312, 1075, 281, 483, 472, 295, 613, 1706, 51613], \"temperature\": 0.0, \"avg_logprob\": -0.21395936608314514, \"compression_ratio\": 1.746753215789795, \"no_speech_prob\": 0.0007916192407719791}, {\"id\": 131, \"seek\": 23424, \"start\": 259.2200012207031, \"end\": 262.2799987792969, \"text\": \" that are outrageously good looking to have sex with her,\", \"tokens\": [51613, 300, 366, 25933, 5098, 665, 1237, 281, 362, 3260, 365, 720, 11, 51766], \"temperature\": 0.0, \"avg_logprob\": -0.21395936608314514, \"compression_ratio\": 1.746753215789795, \"no_speech_prob\": 0.0007916192407719791}, {\"id\": 132, \"seek\": 23424, \"start\": 262.2799987792969, \"end\": 263.239990234375, \"text\": \" that's not delusional.\", \"tokens\": [51766, 300, 311, 406, 1103, 301, 1966, 13, 51814], \"temperature\": 0.0, \"avg_logprob\": -0.21395936608314514, \"compression_ratio\": 1.746753215789795, \"no_speech_prob\": 0.0007916192407719791}, {\"id\": 133, \"seek\": 23424, \"start\": 263.239990234375, \"end\": 264.0799865722656, \"text\": \" She will.\", \"tokens\": [51814, 1240, 486, 13, 51856], \"temperature\": 0.0, \"avg_logprob\": -0.21395936608314514, \"compression_ratio\": 1.746753215789795, \"no_speech_prob\": 0.0007916192407719791}, {\"id\": 134, \"seek\": 26408, \"start\": 264.9200134277344, \"end\": 266.67999267578125, \"text\": \" The guy might even subscribe to her fucking OnlyFans.\", \"tokens\": [50406, 440, 2146, 1062, 754, 3022, 281, 720, 5546, 5686, 37, 599, 13, 50494], \"temperature\": 0.0, \"avg_logprob\": -0.4630352854728699, \"compression_ratio\": 1.7612457275390625, \"no_speech_prob\": 0.025956038385629654}, {\"id\": 135, \"seek\": 26408, \"start\": 266.67999267578125, \"end\": 267.5199890136719, \"text\": \" That's not delusional.\", \"tokens\": [50494, 663, 311, 406, 1103, 301, 1966, 13, 50536], \"temperature\": 0.0, \"avg_logprob\": -0.4630352854728699, \"compression_ratio\": 1.7612457275390625, \"no_speech_prob\": 0.025956038385629654}, {\"id\": 136, \"seek\": 26408, \"start\": 267.5199890136719, \"end\": 269.9599914550781, \"text\": \" Or he may come to the strip club she works at\", \"tokens\": [50536, 1610, 415, 815, 808, 281, 264, 12828, 6482, 750, 1985, 412, 50658], \"temperature\": 0.0, \"avg_logprob\": -0.4630352854728699, \"compression_ratio\": 1.7612457275390625, \"no_speech_prob\": 0.025956038385629654}, {\"id\": 137, \"seek\": 26408, \"start\": 269.9599914550781, \"end\": 270.9599914550781, \"text\": \" and buy a table dance.\", \"tokens\": [50658, 293, 2256, 257, 3199, 4489, 13, 50708], \"temperature\": 0.0, \"avg_logprob\": -0.4630352854728699, \"compression_ratio\": 1.7612457275390625, \"no_speech_prob\": 0.025956038385629654}, {\"id\": 138, \"seek\": 26408, \"start\": 270.9599914550781, \"end\": 272.1199951171875, \"text\": \" That's not delusional.\", \"tokens\": [50708, 663, 311, 406, 1103, 301, 1966, 13, 50766], \"temperature\": 0.0, \"avg_logprob\": -0.4630352854728699, \"compression_ratio\": 1.7612457275390625, \"no_speech_prob\": 0.025956038385629654}, {\"id\": 139, \"seek\": 26408, \"start\": 272.1199951171875, \"end\": 274.3599853515625, \"text\": \" But he will not commit.\", \"tokens\": [50766, 583, 415, 486, 406, 5599, 13, 50878], \"temperature\": 0.0, \"avg_logprob\": -0.4630352854728699, \"compression_ratio\": 1.7612457275390625, \"no_speech_prob\": 0.025956038385629654}, {\"id\": 140, \"seek\": 26408, \"start\": 274.3599853515625, \"end\": 277.0799865722656, \"text\": \" But what about seeking arrangements,\", \"tokens\": [50878, 583, 437, 466, 11670, 22435, 11, 51014], \"temperature\": 0.0, \"avg_logprob\": -0.4630352854728699, \"compression_ratio\": 1.7612457275390625, \"no_speech_prob\": 0.025956038385629654}, {\"id\": 141, \"seek\": 26408, \"start\": 277.0799865722656, \"end\": 279.0799865722656, \"text\": \" what's your price, and all that?\", \"tokens\": [51014, 437, 311, 428, 3218, 11, 293, 439, 300, 30, 51114], \"temperature\": 0.0, \"avg_logprob\": -0.4630352854728699, \"compression_ratio\": 1.7612457275390625, \"no_speech_prob\": 0.025956038385629654}, {\"id\": 142, \"seek\": 26408, \"start\": 279.0799865722656, \"end\": 279.9200134277344, \"text\": \" What's your price?\", \"tokens\": [51114, 708, 311, 428, 3218, 30, 51156], \"temperature\": 0.0, \"avg_logprob\": -0.4630352854728699, \"compression_ratio\": 1.7612457275390625, \"no_speech_prob\": 0.025956038385629654}, {\"id\": 143, \"seek\": 26408, \"start\": 279.9200134277344, \"end\": 282.3999938964844, \"text\": \" But that's not a long-term, regular relationship.\", \"tokens\": [51156, 583, 300, 311, 406, 257, 938, 12, 7039, 11, 3890, 2480, 13, 51280], \"temperature\": 0.0, \"avg_logprob\": -0.4630352854728699, \"compression_ratio\": 1.7612457275390625, \"no_speech_prob\": 0.025956038385629654}, {\"id\": 144, \"seek\": 26408, \"start\": 282.3999938964844, \"end\": 284.0799865722656, \"text\": \" Is that what you're looking for?\", \"tokens\": [51280, 1119, 300, 437, 291, 434, 1237, 337, 30, 51364], \"temperature\": 0.0, \"avg_logprob\": -0.4630352854728699, \"compression_ratio\": 1.7612457275390625, \"no_speech_prob\": 0.025956038385629654}, {\"id\": 145, \"seek\": 26408, \"start\": 284.0799865722656, \"end\": 287.1199951171875, \"text\": \" Well, some guys on seeking arrangements and stuff,\", \"tokens\": [51364, 1042, 11, 512, 1074, 322, 11670, 22435, 293, 1507, 11, 51516], \"temperature\": 0.0, \"avg_logprob\": -0.4630352854728699, \"compression_ratio\": 1.7612457275390625, \"no_speech_prob\": 0.025956038385629654}, {\"id\": 146, \"seek\": 26408, \"start\": 287.1199951171875, \"end\": 288.8399963378906, \"text\": \" that become a dating site.\", \"tokens\": [51516, 300, 1813, 257, 10689, 3621, 13, 51602], \"temperature\": 0.0, \"avg_logprob\": -0.4630352854728699, \"compression_ratio\": 1.7612457275390625, \"no_speech_prob\": 0.025956038385629654}, {\"id\": 147, \"seek\": 26408, \"start\": 288.8399963378906, \"end\": 289.67999267578125, \"text\": \" For real.\", \"tokens\": [51602, 1171, 957, 13, 51644], \"temperature\": 0.0, \"avg_logprob\": -0.4630352854728699, \"compression_ratio\": 1.7612457275390625, \"no_speech_prob\": 0.025956038385629654}, {\"id\": 148, \"seek\": 26408, \"start\": 289.67999267578125, \"end\": 291.239990234375, \"text\": \" Well, they changed it to seeking now, didn't they?\", \"tokens\": [51644, 1042, 11, 436, 3105, 309, 281, 11670, 586, 11, 994, 380, 436, 30, 51722], \"temperature\": 0.0, \"avg_logprob\": -0.4630352854728699, \"compression_ratio\": 1.7612457275390625, \"no_speech_prob\": 0.025956038385629654}, {\"id\": 149, \"seek\": 26408, \"start\": 291.239990234375, \"end\": 292.0799865722656, \"text\": \" Yeah.\", \"tokens\": [51722, 865, 13, 51764], \"temperature\": 0.0, \"avg_logprob\": -0.4630352854728699, \"compression_ratio\": 1.7612457275390625, \"no_speech_prob\": 0.025956038385629654}, {\"id\": 150, \"seek\": 29208, \"start\": 292.0799865722656, \"end\": 294.0, \"text\": \" Seeking, or like secret benefits, what's your price?\", \"tokens\": [50364, 1100, 38437, 11, 420, 411, 4054, 5311, 11, 437, 311, 428, 3218, 30, 50460], \"temperature\": 0.0, \"avg_logprob\": -0.43466871976852417, \"compression_ratio\": 1.7899408340454102, \"no_speech_prob\": 0.018832305446267128}, {\"id\": 151, \"seek\": 29208, \"start\": 294.0, \"end\": 295.7200012207031, \"text\": \" But what's your price is you're going on dates\", \"tokens\": [50460, 583, 437, 311, 428, 3218, 307, 291, 434, 516, 322, 11691, 50546], \"temperature\": 0.0, \"avg_logprob\": -0.43466871976852417, \"compression_ratio\": 1.7899408340454102, \"no_speech_prob\": 0.018832305446267128}, {\"id\": 152, \"seek\": 29208, \"start\": 295.7200012207031, \"end\": 296.8399963378906, \"text\": \" to get paid to go for dinner.\", \"tokens\": [50546, 281, 483, 4835, 281, 352, 337, 6148, 13, 50602], \"temperature\": 0.0, \"avg_logprob\": -0.43466871976852417, \"compression_ratio\": 1.7899408340454102, \"no_speech_prob\": 0.018832305446267128}, {\"id\": 153, \"seek\": 29208, \"start\": 296.8399963378906, \"end\": 297.67999267578125, \"text\": \" For dinner, yeah.\", \"tokens\": [50602, 1171, 6148, 11, 1338, 13, 50644], \"temperature\": 0.0, \"avg_logprob\": -0.43466871976852417, \"compression_ratio\": 1.7899408340454102, \"no_speech_prob\": 0.018832305446267128}, {\"id\": 154, \"seek\": 29208, \"start\": 297.67999267578125, \"end\": 298.5199890136719, \"text\": \" I've done it before.\", \"tokens\": [50644, 286, 600, 1096, 309, 949, 13, 50686], \"temperature\": 0.0, \"avg_logprob\": -0.43466871976852417, \"compression_ratio\": 1.7899408340454102, \"no_speech_prob\": 0.018832305446267128}, {\"id\": 155, \"seek\": 29208, \"start\": 298.5199890136719, \"end\": 299.3599853515625, \"text\": \" Yeah, me too.\", \"tokens\": [50686, 865, 11, 385, 886, 13, 50728], \"temperature\": 0.0, \"avg_logprob\": -0.43466871976852417, \"compression_ratio\": 1.7899408340454102, \"no_speech_prob\": 0.018832305446267128}, {\"id\": 156, \"seek\": 29208, \"start\": 299.3599853515625, \"end\": 301.20001220703125, \"text\": \" Yeah, that'll change the name.\", \"tokens\": [50728, 865, 11, 300, 603, 1319, 264, 1315, 13, 50820], \"temperature\": 0.0, \"avg_logprob\": -0.43466871976852417, \"compression_ratio\": 1.7899408340454102, \"no_speech_prob\": 0.018832305446267128}, {\"id\": 157, \"seek\": 29208, \"start\": 301.20001220703125, \"end\": 303.0400085449219, \"text\": \" That'll change the perception.\", \"tokens\": [50820, 663, 603, 1319, 264, 12860, 13, 50912], \"temperature\": 0.0, \"avg_logprob\": -0.43466871976852417, \"compression_ratio\": 1.7899408340454102, \"no_speech_prob\": 0.018832305446267128}, {\"id\": 158, \"seek\": 29208, \"start\": 303.0400085449219, \"end\": 306.1199951171875, \"text\": \" That's the thing, so then those are all dating apps.\", \"tokens\": [50912, 663, 311, 264, 551, 11, 370, 550, 729, 366, 439, 10689, 7733, 13, 51066], \"temperature\": 0.0, \"avg_logprob\": -0.43466871976852417, \"compression_ratio\": 1.7899408340454102, \"no_speech_prob\": 0.018832305446267128}, {\"id\": 159, \"seek\": 29208, \"start\": 306.1199951171875, \"end\": 307.44000244140625, \"text\": \" Hold on, let me back up.\", \"tokens\": [51066, 6962, 322, 11, 718, 385, 646, 493, 13, 51132], \"temperature\": 0.0, \"avg_logprob\": -0.43466871976852417, \"compression_ratio\": 1.7899408340454102, \"no_speech_prob\": 0.018832305446267128}, {\"id\": 160, \"seek\": 29208, \"start\": 307.44000244140625, \"end\": 310.8399963378906, \"text\": \" What you're saying, while I do understand in Las Vegas,\", \"tokens\": [51132, 708, 291, 434, 1566, 11, 1339, 286, 360, 1223, 294, 10663, 15841, 11, 51302], \"temperature\": 0.0, \"avg_logprob\": -0.43466871976852417, \"compression_ratio\": 1.7899408340454102, \"no_speech_prob\": 0.018832305446267128}, {\"id\": 161, \"seek\": 29208, \"start\": 310.8399963378906, \"end\": 313.1199951171875, \"text\": \" might be more than average level of acceptable.\", \"tokens\": [51302, 1062, 312, 544, 813, 4274, 1496, 295, 15513, 13, 51416], \"temperature\": 0.0, \"avg_logprob\": -0.43466871976852417, \"compression_ratio\": 1.7899408340454102, \"no_speech_prob\": 0.018832305446267128}, {\"id\": 162, \"seek\": 29208, \"start\": 313.1199951171875, \"end\": 314.760009765625, \"text\": \" There's a lot of women here who would accept it.\", \"tokens\": [51416, 821, 311, 257, 688, 295, 2266, 510, 567, 576, 3241, 309, 13, 51498], \"temperature\": 0.0, \"avg_logprob\": -0.43466871976852417, \"compression_ratio\": 1.7899408340454102, \"no_speech_prob\": 0.018832305446267128}, {\"id\": 163, \"seek\": 29208, \"start\": 314.760009765625, \"end\": 315.6000061035156, \"text\": \" That make over 100.\", \"tokens\": [51498, 663, 652, 670, 2319, 13, 51540], \"temperature\": 0.0, \"avg_logprob\": -0.43466871976852417, \"compression_ratio\": 1.7899408340454102, \"no_speech_prob\": 0.018832305446267128}, {\"id\": 164, \"seek\": 29208, \"start\": 315.6000061035156, \"end\": 316.9200134277344, \"text\": \" No, no, no, yeah, that's true.\", \"tokens\": [51540, 883, 11, 572, 11, 572, 11, 1338, 11, 300, 311, 2074, 13, 51606], \"temperature\": 0.0, \"avg_logprob\": -0.43466871976852417, \"compression_ratio\": 1.7899408340454102, \"no_speech_prob\": 0.018832305446267128}, {\"id\": 165, \"seek\": 29208, \"start\": 316.9200134277344, \"end\": 318.6400146484375, \"text\": \" But there's a lot of women here who would be fine\", \"tokens\": [51606, 583, 456, 311, 257, 688, 295, 2266, 510, 567, 576, 312, 2489, 51692], \"temperature\": 0.0, \"avg_logprob\": -0.43466871976852417, \"compression_ratio\": 1.7899408340454102, \"no_speech_prob\": 0.018832305446267128}, {\"id\": 166, \"seek\": 29208, \"start\": 318.6400146484375, \"end\": 320.20001220703125, \"text\": \" in a relationship with a guy\", \"tokens\": [51692, 294, 257, 2480, 365, 257, 2146, 51770], \"temperature\": 0.0, \"avg_logprob\": -0.43466871976852417, \"compression_ratio\": 1.7899408340454102, \"no_speech_prob\": 0.018832305446267128}, {\"id\": 167, \"seek\": 32020, \"start\": 320.239990234375, \"end\": 321.44000244140625, \"text\": \" There's a lot of women here who would be fine\", \"tokens\": [50366, 821, 311, 257, 688, 295, 2266, 510, 567, 576, 312, 2489, 50426], \"temperature\": 0.0, \"avg_logprob\": -0.3137344419956207, \"compression_ratio\": 1.9504132270812988, \"no_speech_prob\": 0.4415503144264221}, {\"id\": 168, \"seek\": 32020, \"start\": 321.44000244140625, \"end\": 323.1600036621094, \"text\": \" in a relationship with their boyfriend,\", \"tokens\": [50426, 294, 257, 2480, 365, 641, 11457, 11, 50512], \"temperature\": 0.0, \"avg_logprob\": -0.3137344419956207, \"compression_ratio\": 1.9504132270812988, \"no_speech_prob\": 0.4415503144264221}, {\"id\": 169, \"seek\": 32020, \"start\": 323.1600036621094, \"end\": 325.5199890136719, \"text\": \" gives them lots of money, some attention,\", \"tokens\": [50512, 2709, 552, 3195, 295, 1460, 11, 512, 3202, 11, 50630], \"temperature\": 0.0, \"avg_logprob\": -0.3137344419956207, \"compression_ratio\": 1.9504132270812988, \"no_speech_prob\": 0.4415503144264221}, {\"id\": 170, \"seek\": 32020, \"start\": 325.5199890136719, \"end\": 326.79998779296875, \"text\": \" and still sees other women.\", \"tokens\": [50630, 293, 920, 8194, 661, 2266, 13, 50694], \"temperature\": 0.0, \"avg_logprob\": -0.3137344419956207, \"compression_ratio\": 1.9504132270812988, \"no_speech_prob\": 0.4415503144264221}, {\"id\": 171, \"seek\": 32020, \"start\": 326.79998779296875, \"end\": 329.0799865722656, \"text\": \" I'll let you know, the majority of the US population\", \"tokens\": [50694, 286, 603, 718, 291, 458, 11, 264, 6286, 295, 264, 2546, 4415, 50808], \"temperature\": 0.0, \"avg_logprob\": -0.3137344419956207, \"compression_ratio\": 1.9504132270812988, \"no_speech_prob\": 0.4415503144264221}, {\"id\": 172, \"seek\": 32020, \"start\": 329.0799865722656, \"end\": 331.0799865722656, \"text\": \" of females would not be okay with that.\", \"tokens\": [50808, 295, 21529, 576, 406, 312, 1392, 365, 300, 13, 50908], \"temperature\": 0.0, \"avg_logprob\": -0.3137344419956207, \"compression_ratio\": 1.9504132270812988, \"no_speech_prob\": 0.4415503144264221}, {\"id\": 173, \"seek\": 32020, \"start\": 331.0799865722656, \"end\": 332.5199890136719, \"text\": \" I'm sure some of you, raise your hand\", \"tokens\": [50908, 286, 478, 988, 512, 295, 291, 11, 5300, 428, 1011, 50980], \"temperature\": 0.0, \"avg_logprob\": -0.3137344419956207, \"compression_ratio\": 1.9504132270812988, \"no_speech_prob\": 0.4415503144264221}, {\"id\": 174, \"seek\": 32020, \"start\": 332.5199890136719, \"end\": 333.55999755859375, \"text\": \" if you would be okay with that.\", \"tokens\": [50980, 498, 291, 576, 312, 1392, 365, 300, 13, 51032], \"temperature\": 0.0, \"avg_logprob\": -0.3137344419956207, \"compression_ratio\": 1.9504132270812988, \"no_speech_prob\": 0.4415503144264221}, {\"id\": 175, \"seek\": 32020, \"start\": 333.55999755859375, \"end\": 335.239990234375, \"text\": \" He makes 500 grand a year, probably gives you\", \"tokens\": [51032, 634, 1669, 5923, 2697, 257, 1064, 11, 1391, 2709, 291, 51116], \"temperature\": 0.0, \"avg_logprob\": -0.3137344419956207, \"compression_ratio\": 1.9504132270812988, \"no_speech_prob\": 0.4415503144264221}, {\"id\": 176, \"seek\": 32020, \"start\": 335.239990234375, \"end\": 336.67999267578125, \"text\": \" 10 grand a month and sees other women.\", \"tokens\": [51116, 1266, 2697, 257, 1618, 293, 8194, 661, 2266, 13, 51188], \"temperature\": 0.0, \"avg_logprob\": -0.3137344419956207, \"compression_ratio\": 1.9504132270812988, \"no_speech_prob\": 0.4415503144264221}, {\"id\": 177, \"seek\": 32020, \"start\": 336.67999267578125, \"end\": 337.5199890136719, \"text\": \" I'm totally fucking with you.\", \"tokens\": [51188, 286, 478, 3879, 5546, 365, 291, 13, 51230], \"temperature\": 0.0, \"avg_logprob\": -0.3137344419956207, \"compression_ratio\": 1.9504132270812988, \"no_speech_prob\": 0.4415503144264221}, {\"id\": 178, \"seek\": 32020, \"start\": 337.5199890136719, \"end\": 338.3599853515625, \"text\": \" Who would be fine with that?\", \"tokens\": [51230, 2102, 576, 312, 2489, 365, 300, 30, 51272], \"temperature\": 0.0, \"avg_logprob\": -0.3137344419956207, \"compression_ratio\": 1.9504132270812988, \"no_speech_prob\": 0.4415503144264221}, {\"id\": 179, \"seek\": 32020, \"start\": 338.3599853515625, \"end\": 340.44000244140625, \"text\": \" Well, you throw the numbers out there, that changes things.\", \"tokens\": [51272, 1042, 11, 291, 3507, 264, 3547, 484, 456, 11, 300, 2962, 721, 13, 51376], \"temperature\": 0.0, \"avg_logprob\": -0.3137344419956207, \"compression_ratio\": 1.9504132270812988, \"no_speech_prob\": 0.4415503144264221}, {\"id\": 180, \"seek\": 32020, \"start\": 340.44000244140625, \"end\": 343.3999938964844, \"text\": \" Five grand a month, five grand a month, five grand a month.\", \"tokens\": [51376, 9436, 2697, 257, 1618, 11, 1732, 2697, 257, 1618, 11, 1732, 2697, 257, 1618, 13, 51524], \"temperature\": 0.0, \"avg_logprob\": -0.3137344419956207, \"compression_ratio\": 1.9504132270812988, \"no_speech_prob\": 0.4415503144264221}, {\"id\": 181, \"seek\": 32020, \"start\": 343.3999938964844, \"end\": 345.239990234375, \"text\": \" You know what, I'm actually gonna say 40 grand.\", \"tokens\": [51524, 509, 458, 437, 11, 286, 478, 767, 799, 584, 3356, 2697, 13, 51616], \"temperature\": 0.0, \"avg_logprob\": -0.3137344419956207, \"compression_ratio\": 1.9504132270812988, \"no_speech_prob\": 0.4415503144264221}, {\"id\": 182, \"seek\": 32020, \"start\": 345.239990234375, \"end\": 347.4800109863281, \"text\": \" So the number is between five grand and 10 grand,\", \"tokens\": [51616, 407, 264, 1230, 307, 1296, 1732, 2697, 293, 1266, 2697, 11, 51728], \"temperature\": 0.0, \"avg_logprob\": -0.3137344419956207, \"compression_ratio\": 1.9504132270812988, \"no_speech_prob\": 0.4415503144264221}, {\"id\": 183, \"seek\": 32020, \"start\": 347.4800109863281, \"end\": 349.0400085449219, \"text\": \" this is fucking incredible.\", \"tokens\": [51728, 341, 307, 5546, 4651, 13, 51806], \"temperature\": 0.0, \"avg_logprob\": -0.3137344419956207, \"compression_ratio\": 1.9504132270812988, \"no_speech_prob\": 0.4415503144264221}, {\"id\": 184, \"seek\": 34904, \"start\": 349.1600036621094, \"end\": 351.1199951171875, \"text\": \" This is incredible.\", \"tokens\": [50370, 639, 307, 4651, 13, 50468], \"temperature\": 0.0, \"avg_logprob\": -0.3172912001609802, \"compression_ratio\": 1.6310679912567139, \"no_speech_prob\": 0.002800879767164588}, {\"id\": 185, \"seek\": 34904, \"start\": 351.1199951171875, \"end\": 352.79998779296875, \"text\": \" Are you kidding me?\", \"tokens\": [50468, 2014, 291, 9287, 385, 30, 50552], \"temperature\": 0.0, \"avg_logprob\": -0.3172912001609802, \"compression_ratio\": 1.6310679912567139, \"no_speech_prob\": 0.002800879767164588}, {\"id\": 186, \"seek\": 34904, \"start\": 352.79998779296875, \"end\": 354.79998779296875, \"text\": \" I would actually probably say 30.\", \"tokens\": [50552, 286, 576, 767, 1391, 584, 2217, 13, 50652], \"temperature\": 0.0, \"avg_logprob\": -0.3172912001609802, \"compression_ratio\": 1.6310679912567139, \"no_speech_prob\": 0.002800879767164588}, {\"id\": 187, \"seek\": 34904, \"start\": 354.79998779296875, \"end\": 355.6400146484375, \"text\": \" 30 grand a month?\", \"tokens\": [50652, 2217, 2697, 257, 1618, 30, 50694], \"temperature\": 0.0, \"avg_logprob\": -0.3172912001609802, \"compression_ratio\": 1.6310679912567139, \"no_speech_prob\": 0.002800879767164588}, {\"id\": 188, \"seek\": 34904, \"start\": 355.6400146484375, \"end\": 356.55999755859375, \"text\": \" 30 grand.\", \"tokens\": [50694, 2217, 2697, 13, 50740], \"temperature\": 0.0, \"avg_logprob\": -0.3172912001609802, \"compression_ratio\": 1.6310679912567139, \"no_speech_prob\": 0.002800879767164588}, {\"id\": 189, \"seek\": 34904, \"start\": 356.55999755859375, \"end\": 357.55999755859375, \"text\": \" I'm high-priced.\", \"tokens\": [50740, 286, 478, 1090, 12, 79, 1341, 292, 13, 50790], \"temperature\": 0.0, \"avg_logprob\": -0.3172912001609802, \"compression_ratio\": 1.6310679912567139, \"no_speech_prob\": 0.002800879767164588}, {\"id\": 190, \"seek\": 34904, \"start\": 357.55999755859375, \"end\": 358.6400146484375, \"text\": \" 20 grand.\", \"tokens\": [50790, 945, 2697, 13, 50844], \"temperature\": 0.0, \"avg_logprob\": -0.3172912001609802, \"compression_ratio\": 1.6310679912567139, \"no_speech_prob\": 0.002800879767164588}, {\"id\": 191, \"seek\": 34904, \"start\": 358.6400146484375, \"end\": 360.32000732421875, \"text\": \" Okay, this is unbelievable.\", \"tokens\": [50844, 1033, 11, 341, 307, 16605, 13, 50928], \"temperature\": 0.0, \"avg_logprob\": -0.3172912001609802, \"compression_ratio\": 1.6310679912567139, \"no_speech_prob\": 0.002800879767164588}, {\"id\": 192, \"seek\": 34904, \"start\": 360.32000732421875, \"end\": 361.6400146484375, \"text\": \" We need to change the name of this.\", \"tokens\": [50928, 492, 643, 281, 1319, 264, 1315, 295, 341, 13, 50994], \"temperature\": 0.0, \"avg_logprob\": -0.3172912001609802, \"compression_ratio\": 1.6310679912567139, \"no_speech_prob\": 0.002800879767164588}, {\"id\": 193, \"seek\": 34904, \"start\": 361.6400146484375, \"end\": 363.4800109863281, \"text\": \" This is like fucking child support, man.\", \"tokens\": [50994, 639, 307, 411, 5546, 1440, 1406, 11, 587, 13, 51086], \"temperature\": 0.0, \"avg_logprob\": -0.3172912001609802, \"compression_ratio\": 1.6310679912567139, \"no_speech_prob\": 0.002800879767164588}, {\"id\": 194, \"seek\": 34904, \"start\": 363.4800109863281, \"end\": 364.3999938964844, \"text\": \" All right, so just so we're clear,\", \"tokens\": [51086, 1057, 558, 11, 370, 445, 370, 321, 434, 1850, 11, 51132], \"temperature\": 0.0, \"avg_logprob\": -0.3172912001609802, \"compression_ratio\": 1.6310679912567139, \"no_speech_prob\": 0.002800879767164588}, {\"id\": 195, \"seek\": 34904, \"start\": 364.3999938964844, \"end\": 366.0799865722656, \"text\": \" half the women in here said that they would be\", \"tokens\": [51132, 1922, 264, 2266, 294, 510, 848, 300, 436, 576, 312, 51216], \"temperature\": 0.0, \"avg_logprob\": -0.3172912001609802, \"compression_ratio\": 1.6310679912567139, \"no_speech_prob\": 0.002800879767164588}, {\"id\": 196, \"seek\": 34904, \"start\": 366.0799865722656, \"end\": 366.9200134277344, \"text\": \" comfortable with that.\", \"tokens\": [51216, 4619, 365, 300, 13, 51258], \"temperature\": 0.0, \"avg_logprob\": -0.3172912001609802, \"compression_ratio\": 1.6310679912567139, \"no_speech_prob\": 0.002800879767164588}, {\"id\": 197, \"seek\": 34904, \"start\": 366.9200134277344, \"end\": 369.4800109863281, \"text\": \" Now, I will be honest, we're in Las Vegas,\", \"tokens\": [51258, 823, 11, 286, 486, 312, 3245, 11, 321, 434, 294, 10663, 15841, 11, 51386], \"temperature\": 0.0, \"avg_logprob\": -0.3172912001609802, \"compression_ratio\": 1.6310679912567139, \"no_speech_prob\": 0.002800879767164588}, {\"id\": 198, \"seek\": 34904, \"start\": 369.4800109863281, \"end\": 371.79998779296875, \"text\": \" the idea of that type of relationship\", \"tokens\": [51386, 264, 1558, 295, 300, 2010, 295, 2480, 51502], \"temperature\": 0.0, \"avg_logprob\": -0.3172912001609802, \"compression_ratio\": 1.6310679912567139, \"no_speech_prob\": 0.002800879767164588}, {\"id\": 199, \"seek\": 34904, \"start\": 371.79998779296875, \"end\": 373.9599914550781, \"text\": \" is far more common and acceptable here.\", \"tokens\": [51502, 307, 1400, 544, 2689, 293, 15513, 510, 13, 51610], \"temperature\": 0.0, \"avg_logprob\": -0.3172912001609802, \"compression_ratio\": 1.6310679912567139, \"no_speech_prob\": 0.002800879767164588}, {\"id\": 200, \"seek\": 34904, \"start\": 373.9599914550781, \"end\": 376.6000061035156, \"text\": \" Even for women who wouldn't accept that type\", \"tokens\": [51610, 2754, 337, 2266, 567, 2759, 380, 3241, 300, 2010, 51742], \"temperature\": 0.0, \"avg_logprob\": -0.3172912001609802, \"compression_ratio\": 1.6310679912567139, \"no_speech_prob\": 0.002800879767164588}, {\"id\": 201, \"seek\": 37660, \"start\": 376.6400146484375, \"end\": 378.20001220703125, \"text\": \" of relationship, they're used to,\", \"tokens\": [50366, 295, 2480, 11, 436, 434, 1143, 281, 11, 50444], \"temperature\": 0.0, \"avg_logprob\": -0.2804569602012634, \"compression_ratio\": 1.836309552192688, \"no_speech_prob\": 0.1293971687555313}, {\"id\": 202, \"seek\": 37660, \"start\": 378.20001220703125, \"end\": 379.44000244140625, \"text\": \" that's just a Vegas thing.\", \"tokens\": [50444, 300, 311, 445, 257, 15841, 551, 13, 50506], \"temperature\": 0.0, \"avg_logprob\": -0.2804569602012634, \"compression_ratio\": 1.836309552192688, \"no_speech_prob\": 0.1293971687555313}, {\"id\": 203, \"seek\": 37660, \"start\": 379.44000244140625, \"end\": 382.0, \"text\": \" So I do understand, that is selection bias, 100%.\", \"tokens\": [50506, 407, 286, 360, 1223, 11, 300, 307, 9450, 12577, 11, 2319, 6856, 50634], \"temperature\": 0.0, \"avg_logprob\": -0.2804569602012634, \"compression_ratio\": 1.836309552192688, \"no_speech_prob\": 0.1293971687555313}, {\"id\": 204, \"seek\": 37660, \"start\": 382.0, \"end\": 382.8399963378906, \"text\": \" I would agree.\", \"tokens\": [50634, 286, 576, 3986, 13, 50676], \"temperature\": 0.0, \"avg_logprob\": -0.2804569602012634, \"compression_ratio\": 1.836309552192688, \"no_speech_prob\": 0.1293971687555313}, {\"id\": 205, \"seek\": 37660, \"start\": 382.8399963378906, \"end\": 384.6400146484375, \"text\": \" If we were in Beverly Hills, if we're in Bel Air,\", \"tokens\": [50676, 759, 321, 645, 294, 43598, 25663, 11, 498, 321, 434, 294, 6248, 5774, 11, 50766], \"temperature\": 0.0, \"avg_logprob\": -0.2804569602012634, \"compression_ratio\": 1.836309552192688, \"no_speech_prob\": 0.1293971687555313}, {\"id\": 206, \"seek\": 37660, \"start\": 384.6400146484375, \"end\": 386.7200012207031, \"text\": \" or if we're in Brickell, if we're in South Beach,\", \"tokens\": [50766, 420, 498, 321, 434, 294, 363, 1341, 43723, 11, 498, 321, 434, 294, 4242, 14866, 11, 50870], \"temperature\": 0.0, \"avg_logprob\": -0.2804569602012634, \"compression_ratio\": 1.836309552192688, \"no_speech_prob\": 0.1293971687555313}, {\"id\": 207, \"seek\": 37660, \"start\": 386.7200012207031, \"end\": 388.0, \"text\": \" I would say the same, if we're in the Hamptons,\", \"tokens\": [50870, 286, 576, 584, 264, 912, 11, 498, 321, 434, 294, 264, 8234, 662, 892, 11, 50934], \"temperature\": 0.0, \"avg_logprob\": -0.2804569602012634, \"compression_ratio\": 1.836309552192688, \"no_speech_prob\": 0.1293971687555313}, {\"id\": 208, \"seek\": 37660, \"start\": 388.0, \"end\": 388.8399963378906, \"text\": \" I would say the same thing.\", \"tokens\": [50934, 286, 576, 584, 264, 912, 551, 13, 50976], \"temperature\": 0.0, \"avg_logprob\": -0.2804569602012634, \"compression_ratio\": 1.836309552192688, \"no_speech_prob\": 0.1293971687555313}, {\"id\": 209, \"seek\": 37660, \"start\": 388.8399963378906, \"end\": 389.67999267578125, \"text\": \" Scottsdale too.\", \"tokens\": [50976, 6659, 82, 30534, 886, 13, 51018], \"temperature\": 0.0, \"avg_logprob\": -0.2804569602012634, \"compression_ratio\": 1.836309552192688, \"no_speech_prob\": 0.1293971687555313}, {\"id\": 210, \"seek\": 37660, \"start\": 389.67999267578125, \"end\": 390.79998779296875, \"text\": \" Scottsdale, yeah, absolutely.\", \"tokens\": [51018, 9534, 1373, 30534, 11, 1338, 11, 3122, 13, 51074], \"temperature\": 0.0, \"avg_logprob\": -0.2804569602012634, \"compression_ratio\": 1.836309552192688, \"no_speech_prob\": 0.1293971687555313}, {\"id\": 211, \"seek\": 37660, \"start\": 390.79998779296875, \"end\": 394.44000244140625, \"text\": \" 100%, Scottsdale, fucking Deep Ellum,\", \"tokens\": [51074, 2319, 8923, 9534, 1373, 30534, 11, 5546, 14895, 8353, 449, 11, 51256], \"temperature\": 0.0, \"avg_logprob\": -0.2804569602012634, \"compression_ratio\": 1.836309552192688, \"no_speech_prob\": 0.1293971687555313}, {\"id\": 212, \"seek\": 37660, \"start\": 394.44000244140625, \"end\": 397.239990234375, \"text\": \" or like the Dallas area, that area, McKinney.\", \"tokens\": [51256, 420, 411, 264, 22923, 1859, 11, 300, 1859, 11, 21765, 259, 2397, 13, 51396], \"temperature\": 0.0, \"avg_logprob\": -0.2804569602012634, \"compression_ratio\": 1.836309552192688, \"no_speech_prob\": 0.1293971687555313}, {\"id\": 213, \"seek\": 37660, \"start\": 397.239990234375, \"end\": 399.4800109863281, \"text\": \" Anywhere where there's like a rowdy party,\", \"tokens\": [51396, 2639, 1992, 689, 456, 311, 411, 257, 5386, 3173, 3595, 11, 51508], \"temperature\": 0.0, \"avg_logprob\": -0.2804569602012634, \"compression_ratio\": 1.836309552192688, \"no_speech_prob\": 0.1293971687555313}, {\"id\": 214, \"seek\": 37660, \"start\": 399.4800109863281, \"end\": 400.32000732421875, \"text\": \" that's when it's gonna be acceptable.\", \"tokens\": [51508, 300, 311, 562, 309, 311, 799, 312, 15513, 13, 51550], \"temperature\": 0.0, \"avg_logprob\": -0.2804569602012634, \"compression_ratio\": 1.836309552192688, \"no_speech_prob\": 0.1293971687555313}, {\"id\": 215, \"seek\": 37660, \"start\": 400.32000732421875, \"end\": 402.5199890136719, \"text\": \" For sure, women might be more accepting of that.\", \"tokens\": [51550, 1171, 988, 11, 2266, 1062, 312, 544, 17391, 295, 300, 13, 51660], \"temperature\": 0.0, \"avg_logprob\": -0.2804569602012634, \"compression_ratio\": 1.836309552192688, \"no_speech_prob\": 0.1293971687555313}, {\"id\": 216, \"seek\": 37660, \"start\": 402.5199890136719, \"end\": 405.8800048828125, \"text\": \" But you guys do understand where the delusion comes in,\", \"tokens\": [51660, 583, 291, 1074, 360, 1223, 689, 264, 1103, 5704, 1487, 294, 11, 51828], \"temperature\": 0.0, \"avg_logprob\": -0.2804569602012634, \"compression_ratio\": 1.836309552192688, \"no_speech_prob\": 0.1293971687555313}, {\"id\": 217, \"seek\": 40588, \"start\": 406.0, \"end\": 408.2799987792969, \"text\": \" and I'm not saying this word to be insulting,\", \"tokens\": [50370, 293, 286, 478, 406, 1566, 341, 1349, 281, 312, 44463, 11, 50484], \"temperature\": 0.0, \"avg_logprob\": -0.23062485456466675, \"compression_ratio\": 1.7907692193984985, \"no_speech_prob\": 0.0004955318290740252}, {\"id\": 218, \"seek\": 40588, \"start\": 408.2799987792969, \"end\": 410.44000244140625, \"text\": \" I'm saying because objective reality\", \"tokens\": [50484, 286, 478, 1566, 570, 10024, 4103, 50592], \"temperature\": 0.0, \"avg_logprob\": -0.23062485456466675, \"compression_ratio\": 1.7907692193984985, \"no_speech_prob\": 0.0004955318290740252}, {\"id\": 219, \"seek\": 40588, \"start\": 410.44000244140625, \"end\": 412.8399963378906, \"text\": \" is not outweighing what you're, I'm sorry,\", \"tokens\": [50592, 307, 406, 484, 826, 24412, 437, 291, 434, 11, 286, 478, 2597, 11, 50712], \"temperature\": 0.0, \"avg_logprob\": -0.23062485456466675, \"compression_ratio\": 1.7907692193984985, \"no_speech_prob\": 0.0004955318290740252}, {\"id\": 220, \"seek\": 40588, \"start\": 412.8399963378906, \"end\": 414.79998779296875, \"text\": \" the facts that are coming in are not outweighing\", \"tokens\": [50712, 264, 9130, 300, 366, 1348, 294, 366, 406, 484, 826, 24412, 50810], \"temperature\": 0.0, \"avg_logprob\": -0.23062485456466675, \"compression_ratio\": 1.7907692193984985, \"no_speech_prob\": 0.0004955318290740252}, {\"id\": 221, \"seek\": 40588, \"start\": 414.79998779296875, \"end\": 416.3999938964844, \"text\": \" your feelings, your feelings are better.\", \"tokens\": [50810, 428, 6640, 11, 428, 6640, 366, 1101, 13, 50890], \"temperature\": 0.0, \"avg_logprob\": -0.23062485456466675, \"compression_ratio\": 1.7907692193984985, \"no_speech_prob\": 0.0004955318290740252}, {\"id\": 222, \"seek\": 40588, \"start\": 416.3999938964844, \"end\": 419.6000061035156, \"text\": \" So if I tell you there's a .02 chance of you meeting\", \"tokens\": [50890, 407, 498, 286, 980, 291, 456, 311, 257, 2411, 12756, 2931, 295, 291, 3440, 51050], \"temperature\": 0.0, \"avg_logprob\": -0.23062485456466675, \"compression_ratio\": 1.7907692193984985, \"no_speech_prob\": 0.0004955318290740252}, {\"id\": 223, \"seek\": 40588, \"start\": 419.6000061035156, \"end\": 420.9599914550781, \"text\": \" a guy who meets your standards,\", \"tokens\": [51050, 257, 2146, 567, 13961, 428, 7787, 11, 51118], \"temperature\": 0.0, \"avg_logprob\": -0.23062485456466675, \"compression_ratio\": 1.7907692193984985, \"no_speech_prob\": 0.0004955318290740252}, {\"id\": 224, \"seek\": 40588, \"start\": 420.9599914550781, \"end\": 422.6400146484375, \"text\": \" and the likelihood of you getting him to commit\", \"tokens\": [51118, 293, 264, 22119, 295, 291, 1242, 796, 281, 5599, 51202], \"temperature\": 0.0, \"avg_logprob\": -0.23062485456466675, \"compression_ratio\": 1.7907692193984985, \"no_speech_prob\": 0.0004955318290740252}, {\"id\": 225, \"seek\": 40588, \"start\": 422.6400146484375, \"end\": 424.8800048828125, \"text\": \" are outrageously low, a lot of times women\", \"tokens\": [51202, 366, 25933, 5098, 2295, 11, 257, 688, 295, 1413, 2266, 51314], \"temperature\": 0.0, \"avg_logprob\": -0.23062485456466675, \"compression_ratio\": 1.7907692193984985, \"no_speech_prob\": 0.0004955318290740252}, {\"id\": 226, \"seek\": 40588, \"start\": 424.8800048828125, \"end\": 427.4800109863281, \"text\": \" will be like, no, not me, I'm gonna beat the odds.\", \"tokens\": [51314, 486, 312, 411, 11, 572, 11, 406, 385, 11, 286, 478, 799, 4224, 264, 17439, 13, 51444], \"temperature\": 0.0, \"avg_logprob\": -0.23062485456466675, \"compression_ratio\": 1.7907692193984985, \"no_speech_prob\": 0.0004955318290740252}, {\"id\": 227, \"seek\": 40588, \"start\": 427.4800109863281, \"end\": 430.3599853515625, \"text\": \" No, I'm gonna, but what if I have a good vibe with him,\", \"tokens\": [51444, 883, 11, 286, 478, 799, 11, 457, 437, 498, 286, 362, 257, 665, 14606, 365, 796, 11, 51588], \"temperature\": 0.0, \"avg_logprob\": -0.23062485456466675, \"compression_ratio\": 1.7907692193984985, \"no_speech_prob\": 0.0004955318290740252}, {\"id\": 228, \"seek\": 40588, \"start\": 430.3599853515625, \"end\": 431.4800109863281, \"text\": \" and we have a good connection?\", \"tokens\": [51588, 293, 321, 362, 257, 665, 4984, 30, 51644], \"temperature\": 0.0, \"avg_logprob\": -0.23062485456466675, \"compression_ratio\": 1.7907692193984985, \"no_speech_prob\": 0.0004955318290740252}, {\"id\": 229, \"seek\": 40588, \"start\": 431.4800109863281, \"end\": 433.6400146484375, \"text\": \" What has made these girls so delusional in that way?\", \"tokens\": [51644, 708, 575, 1027, 613, 4519, 370, 1103, 301, 1966, 294, 300, 636, 30, 51752], \"temperature\": 0.0, \"avg_logprob\": -0.23062485456466675, \"compression_ratio\": 1.7907692193984985, \"no_speech_prob\": 0.0004955318290740252}, {\"id\": 230, \"seek\": 43364, \"start\": 433.8800048828125, \"end\": 436.5199890136719, \"text\": \" I don't understand, like, is that social media\", \"tokens\": [50376, 286, 500, 380, 1223, 11, 411, 11, 307, 300, 2093, 3021, 50508], \"temperature\": 0.0, \"avg_logprob\": -0.3865540325641632, \"compression_ratio\": 1.7714285850524902, \"no_speech_prob\": 0.2688922882080078}, {\"id\": 231, \"seek\": 43364, \"start\": 436.5199890136719, \"end\": 437.9599914550781, \"text\": \" that's made women, what is it?\", \"tokens\": [50508, 300, 311, 1027, 2266, 11, 437, 307, 309, 30, 50580], \"temperature\": 0.0, \"avg_logprob\": -0.3865540325641632, \"compression_ratio\": 1.7714285850524902, \"no_speech_prob\": 0.2688922882080078}, {\"id\": 232, \"seek\": 43364, \"start\": 437.9599914550781, \"end\": 439.1600036621094, \"text\": \" So there's a couple of theories here.\", \"tokens\": [50580, 407, 456, 311, 257, 1916, 295, 13667, 510, 13, 50640], \"temperature\": 0.0, \"avg_logprob\": -0.3865540325641632, \"compression_ratio\": 1.7714285850524902, \"no_speech_prob\": 0.2688922882080078}, {\"id\": 233, \"seek\": 43364, \"start\": 439.1600036621094, \"end\": 440.0, \"text\": \" I hate rom-coms.\", \"tokens\": [50640, 286, 4700, 7438, 12, 1112, 82, 13, 50682], \"temperature\": 0.0, \"avg_logprob\": -0.3865540325641632, \"compression_ratio\": 1.7714285850524902, \"no_speech_prob\": 0.2688922882080078}, {\"id\": 234, \"seek\": 43364, \"start\": 440.0, \"end\": 441.760009765625, \"text\": \" There's a couple of theories here.\", \"tokens\": [50682, 821, 311, 257, 1916, 295, 13667, 510, 13, 50770], \"temperature\": 0.0, \"avg_logprob\": -0.3865540325641632, \"compression_ratio\": 1.7714285850524902, \"no_speech_prob\": 0.2688922882080078}, {\"id\": 235, \"seek\": 43364, \"start\": 441.760009765625, \"end\": 443.44000244140625, \"text\": \" I don't watch those, I'm a whore whore.\", \"tokens\": [50770, 286, 500, 380, 1159, 729, 11, 286, 478, 257, 315, 418, 315, 418, 13, 50854], \"temperature\": 0.0, \"avg_logprob\": -0.3865540325641632, \"compression_ratio\": 1.7714285850524902, \"no_speech_prob\": 0.2688922882080078}, {\"id\": 236, \"seek\": 43364, \"start\": 443.44000244140625, \"end\": 444.2799987792969, \"text\": \" Okay.\", \"tokens\": [50854, 1033, 13, 50896], \"temperature\": 0.0, \"avg_logprob\": -0.3865540325641632, \"compression_ratio\": 1.7714285850524902, \"no_speech_prob\": 0.2688922882080078}, {\"id\": 237, \"seek\": 43364, \"start\": 444.2799987792969, \"end\": 447.5199890136719, \"text\": \" You watch whore movies?\", \"tokens\": [50896, 509, 1159, 315, 418, 6233, 30, 51058], \"temperature\": 0.0, \"avg_logprob\": -0.3865540325641632, \"compression_ratio\": 1.7714285850524902, \"no_speech_prob\": 0.2688922882080078}, {\"id\": 238, \"seek\": 43364, \"start\": 447.5199890136719, \"end\": 448.3599853515625, \"text\": \" Yes.\", \"tokens\": [51058, 1079, 13, 51100], \"temperature\": 0.0, \"avg_logprob\": -0.3865540325641632, \"compression_ratio\": 1.7714285850524902, \"no_speech_prob\": 0.2688922882080078}, {\"id\": 239, \"seek\": 43364, \"start\": 448.3599853515625, \"end\": 449.20001220703125, \"text\": \" A whore whore.\", \"tokens\": [51100, 316, 315, 418, 315, 418, 13, 51142], \"temperature\": 0.0, \"avg_logprob\": -0.3865540325641632, \"compression_ratio\": 1.7714285850524902, \"no_speech_prob\": 0.2688922882080078}, {\"id\": 240, \"seek\": 43364, \"start\": 449.20001220703125, \"end\": 450.2799987792969, \"text\": \" A whore whore.\", \"tokens\": [51142, 316, 315, 418, 315, 418, 13, 51196], \"temperature\": 0.0, \"avg_logprob\": -0.3865540325641632, \"compression_ratio\": 1.7714285850524902, \"no_speech_prob\": 0.2688922882080078}, {\"id\": 241, \"seek\": 43364, \"start\": 450.2799987792969, \"end\": 452.2799987792969, \"text\": \" Let's make that clear, a whore whore.\", \"tokens\": [51196, 961, 311, 652, 300, 1850, 11, 257, 315, 418, 315, 418, 13, 51296], \"temperature\": 0.0, \"avg_logprob\": -0.3865540325641632, \"compression_ratio\": 1.7714285850524902, \"no_speech_prob\": 0.2688922882080078}]}"}