{"title": "If You Want To Succeed, You Have To Push Past Your Limits #shorts", "video_id": "HMQ_06WzSt0", "video_url": "https://www.youtube.com/watch?v=HMQ_06WzSt0", "description": "Ready to build a network of amazing women and high-status men?\n\nMichael\u2019s Men of Action is a one-on-one Master\u2019s program that teaches men how to create elite social lives by becoming higher status.\n\nClick this link to learn how you can have a High-Status lifestyle now:\nhttps://m.moamentoring.com/podcast\n\nClick here to join the Men of Action community and watch the High-Status Networking 101 course:\nhttps://m.moamentoring.com/moa-community\n\u2014\u2014\u2014\u2014\u2014\u2014\u2014\u2014\u2014\u2014\u2014\u2014\u2014\u2014\u2014\u2014\u2014\u2014\u2014\u2014\n\nSubscribe on Youtube: \nhttps://www.youtube.com/user/MichaelSartain\n\nListen on Apple Podcast: \nhttps://podcasts.apple.com/us/podcast/the-michael-sartain-podcast/id1579791157\n\nListen on Spotify: \nhttps://open.spotify.com/show/2faAYwvDD9Bvkpwv6umlPO?si=8Q3ak9HnSlKjuChsTXr6YQ&dl_branch=1", "published_at": "2023-05-11T19:15:00Z", "channel_id": "UC0T1bDzajVefRWx4uKdGyuw", "channel_title": "Michael Sartain", "tags": [], "category_id": "24", "live_broadcast_content": "none", "duration": 57.0, "dimension": "2d", "definition": "hd", "caption": "false", "view_count": 1939, "like_count": 67, "comment_count": 5, "channel_info": {"title": "Michael Sartain", "description": "\ud83c\udf99Host of The\u00a0Michael Sartain Podcast \n\n\ud83d\udd25Teaching you how to build a network of desirable women and high-status men\n\n\ud83d\udc47 Click the \"Men of Action\" link below now to forge a high-status lifestyle and join the elites \n", "subscriber_count": "80500", "total_views": "29545897", "total_videos": "1481"}, "comments": [], "file_path": "/Users/aelaguiz/workspace/fc_book/audio/raws/HMQ_06WzSt0.mp3", "transcription": "{\"text\": \"It's when you push yourself beyond your limits. There's something about it. When you are tired and you just wanna go home, if you just sit there and make a few more calls, I swear to God, the universe will put a lead in your hand. It's the moments that you push yourself past your limits is when you'll find you'll succeed. I remember I'd stay in the office before I was at the Oppenheim Group with my other workers till like seven or 8 p.m., no one was there. I had no friends, I had no boyfriend. I worked the hardest that I ever worked in my entire life. And I remember the very last call I made, the guy said, no, I'm not looking for anything, thanks. But he ended up texting me the next day and said, hey, I'm looking for this income property in this area. Can you find me one? I ended up sending him properties and he literally bought a house that day, all cash. I think it's the moments that, when humans push themselves beyond their limits is when they become successful. There's something about it. It's like God or the universe rewarding you in a sense. \", \"segments\": [{\"id\": 0, \"seek\": 0, \"start\": 0.0, \"end\": 2.799999952316284, \"text\": \" It's when you push yourself beyond your limits.\", \"tokens\": [50364, 467, 311, 562, 291, 2944, 1803, 4399, 428, 10406, 13, 50504], \"temperature\": 0.0, \"avg_logprob\": -0.24974839389324188, \"compression_ratio\": 1.7351915836334229, \"no_speech_prob\": 0.34796684980392456}, {\"id\": 1, \"seek\": 0, \"start\": 2.799999952316284, \"end\": 4.519999980926514, \"text\": \" There's something about it.\", \"tokens\": [50504, 821, 311, 746, 466, 309, 13, 50590], \"temperature\": 0.0, \"avg_logprob\": -0.24974839389324188, \"compression_ratio\": 1.7351915836334229, \"no_speech_prob\": 0.34796684980392456}, {\"id\": 2, \"seek\": 0, \"start\": 4.519999980926514, \"end\": 7.079999923706055, \"text\": \" When you are tired and you just wanna go home,\", \"tokens\": [50590, 1133, 291, 366, 5868, 293, 291, 445, 1948, 352, 1280, 11, 50718], \"temperature\": 0.0, \"avg_logprob\": -0.24974839389324188, \"compression_ratio\": 1.7351915836334229, \"no_speech_prob\": 0.34796684980392456}, {\"id\": 3, \"seek\": 0, \"start\": 7.079999923706055, \"end\": 10.239999771118164, \"text\": \" if you just sit there and make a few more calls,\", \"tokens\": [50718, 498, 291, 445, 1394, 456, 293, 652, 257, 1326, 544, 5498, 11, 50876], \"temperature\": 0.0, \"avg_logprob\": -0.24974839389324188, \"compression_ratio\": 1.7351915836334229, \"no_speech_prob\": 0.34796684980392456}, {\"id\": 4, \"seek\": 0, \"start\": 10.239999771118164, \"end\": 14.5600004196167, \"text\": \" I swear to God, the universe will put a lead in your hand.\", \"tokens\": [50876, 286, 11902, 281, 1265, 11, 264, 6445, 486, 829, 257, 1477, 294, 428, 1011, 13, 51092], \"temperature\": 0.0, \"avg_logprob\": -0.24974839389324188, \"compression_ratio\": 1.7351915836334229, \"no_speech_prob\": 0.34796684980392456}, {\"id\": 5, \"seek\": 0, \"start\": 14.5600004196167, \"end\": 18.040000915527344, \"text\": \" It's the moments that you push yourself past your limits\", \"tokens\": [51092, 467, 311, 264, 6065, 300, 291, 2944, 1803, 1791, 428, 10406, 51266], \"temperature\": 0.0, \"avg_logprob\": -0.24974839389324188, \"compression_ratio\": 1.7351915836334229, \"no_speech_prob\": 0.34796684980392456}, {\"id\": 6, \"seek\": 0, \"start\": 18.040000915527344, \"end\": 19.8799991607666, \"text\": \" is when you'll find you'll succeed.\", \"tokens\": [51266, 307, 562, 291, 603, 915, 291, 603, 7754, 13, 51358], \"temperature\": 0.0, \"avg_logprob\": -0.24974839389324188, \"compression_ratio\": 1.7351915836334229, \"no_speech_prob\": 0.34796684980392456}, {\"id\": 7, \"seek\": 0, \"start\": 19.8799991607666, \"end\": 22.200000762939453, \"text\": \" I remember I'd stay in the office\", \"tokens\": [51358, 286, 1604, 286, 1116, 1754, 294, 264, 3398, 51474], \"temperature\": 0.0, \"avg_logprob\": -0.24974839389324188, \"compression_ratio\": 1.7351915836334229, \"no_speech_prob\": 0.34796684980392456}, {\"id\": 8, \"seek\": 0, \"start\": 22.200000762939453, \"end\": 23.8799991607666, \"text\": \" before I was at the Oppenheim Group with my other workers\", \"tokens\": [51474, 949, 286, 390, 412, 264, 15666, 268, 18673, 10500, 365, 452, 661, 5600, 51558], \"temperature\": 0.0, \"avg_logprob\": -0.24974839389324188, \"compression_ratio\": 1.7351915836334229, \"no_speech_prob\": 0.34796684980392456}, {\"id\": 9, \"seek\": 0, \"start\": 23.8799991607666, \"end\": 26.399999618530273, \"text\": \" till like seven or 8 p.m., no one was there.\", \"tokens\": [51558, 4288, 411, 3407, 420, 1649, 280, 13, 76, 7933, 572, 472, 390, 456, 13, 51684], \"temperature\": 0.0, \"avg_logprob\": -0.24974839389324188, \"compression_ratio\": 1.7351915836334229, \"no_speech_prob\": 0.34796684980392456}, {\"id\": 10, \"seek\": 0, \"start\": 26.399999618530273, \"end\": 28.84000015258789, \"text\": \" I had no friends, I had no boyfriend.\", \"tokens\": [51684, 286, 632, 572, 1855, 11, 286, 632, 572, 11457, 13, 51806], \"temperature\": 0.0, \"avg_logprob\": -0.24974839389324188, \"compression_ratio\": 1.7351915836334229, \"no_speech_prob\": 0.34796684980392456}, {\"id\": 11, \"seek\": 2884, \"start\": 28.84000015258789, \"end\": 31.079999923706055, \"text\": \" I worked the hardest that I ever worked in my entire life.\", \"tokens\": [50364, 286, 2732, 264, 13158, 300, 286, 1562, 2732, 294, 452, 2302, 993, 13, 50476], \"temperature\": 0.0, \"avg_logprob\": -0.24298132956027985, \"compression_ratio\": 1.698795199394226, \"no_speech_prob\": 0.0014315227745100856}, {\"id\": 12, \"seek\": 2884, \"start\": 31.079999923706055, \"end\": 34.15999984741211, \"text\": \" And I remember the very last call I made,\", \"tokens\": [50476, 400, 286, 1604, 264, 588, 1036, 818, 286, 1027, 11, 50630], \"temperature\": 0.0, \"avg_logprob\": -0.24298132956027985, \"compression_ratio\": 1.698795199394226, \"no_speech_prob\": 0.0014315227745100856}, {\"id\": 13, \"seek\": 2884, \"start\": 34.15999984741211, \"end\": 37.31999969482422, \"text\": \" the guy said, no, I'm not looking for anything, thanks.\", \"tokens\": [50630, 264, 2146, 848, 11, 572, 11, 286, 478, 406, 1237, 337, 1340, 11, 3231, 13, 50788], \"temperature\": 0.0, \"avg_logprob\": -0.24298132956027985, \"compression_ratio\": 1.698795199394226, \"no_speech_prob\": 0.0014315227745100856}, {\"id\": 14, \"seek\": 2884, \"start\": 37.31999969482422, \"end\": 38.68000030517578, \"text\": \" But he ended up texting me the next day and said,\", \"tokens\": [50788, 583, 415, 4590, 493, 29897, 385, 264, 958, 786, 293, 848, 11, 50856], \"temperature\": 0.0, \"avg_logprob\": -0.24298132956027985, \"compression_ratio\": 1.698795199394226, \"no_speech_prob\": 0.0014315227745100856}, {\"id\": 15, \"seek\": 2884, \"start\": 38.68000030517578, \"end\": 40.560001373291016, \"text\": \" hey, I'm looking for this income property in this area.\", \"tokens\": [50856, 4177, 11, 286, 478, 1237, 337, 341, 5742, 4707, 294, 341, 1859, 13, 50950], \"temperature\": 0.0, \"avg_logprob\": -0.24298132956027985, \"compression_ratio\": 1.698795199394226, \"no_speech_prob\": 0.0014315227745100856}, {\"id\": 16, \"seek\": 2884, \"start\": 40.560001373291016, \"end\": 41.720001220703125, \"text\": \" Can you find me one?\", \"tokens\": [50950, 1664, 291, 915, 385, 472, 30, 51008], \"temperature\": 0.0, \"avg_logprob\": -0.24298132956027985, \"compression_ratio\": 1.698795199394226, \"no_speech_prob\": 0.0014315227745100856}, {\"id\": 17, \"seek\": 2884, \"start\": 41.720001220703125, \"end\": 43.119998931884766, \"text\": \" I ended up sending him properties\", \"tokens\": [51008, 286, 4590, 493, 7750, 796, 7221, 51078], \"temperature\": 0.0, \"avg_logprob\": -0.24298132956027985, \"compression_ratio\": 1.698795199394226, \"no_speech_prob\": 0.0014315227745100856}, {\"id\": 18, \"seek\": 2884, \"start\": 43.119998931884766, \"end\": 46.15999984741211, \"text\": \" and he literally bought a house that day, all cash.\", \"tokens\": [51078, 293, 415, 3736, 4243, 257, 1782, 300, 786, 11, 439, 6388, 13, 51230], \"temperature\": 0.0, \"avg_logprob\": -0.24298132956027985, \"compression_ratio\": 1.698795199394226, \"no_speech_prob\": 0.0014315227745100856}, {\"id\": 19, \"seek\": 2884, \"start\": 46.15999984741211, \"end\": 47.959999084472656, \"text\": \" I think it's the moments that,\", \"tokens\": [51230, 286, 519, 309, 311, 264, 6065, 300, 11, 51320], \"temperature\": 0.0, \"avg_logprob\": -0.24298132956027985, \"compression_ratio\": 1.698795199394226, \"no_speech_prob\": 0.0014315227745100856}, {\"id\": 20, \"seek\": 2884, \"start\": 47.959999084472656, \"end\": 50.31999969482422, \"text\": \" when humans push themselves beyond their limits\", \"tokens\": [51320, 562, 6255, 2944, 2969, 4399, 641, 10406, 51438], \"temperature\": 0.0, \"avg_logprob\": -0.24298132956027985, \"compression_ratio\": 1.698795199394226, \"no_speech_prob\": 0.0014315227745100856}, {\"id\": 21, \"seek\": 2884, \"start\": 50.31999969482422, \"end\": 52.20000076293945, \"text\": \" is when they become successful.\", \"tokens\": [51438, 307, 562, 436, 1813, 4406, 13, 51532], \"temperature\": 0.0, \"avg_logprob\": -0.24298132956027985, \"compression_ratio\": 1.698795199394226, \"no_speech_prob\": 0.0014315227745100856}, {\"id\": 22, \"seek\": 2884, \"start\": 52.20000076293945, \"end\": 53.040000915527344, \"text\": \" There's something about it.\", \"tokens\": [51532, 821, 311, 746, 466, 309, 13, 51574], \"temperature\": 0.0, \"avg_logprob\": -0.24298132956027985, \"compression_ratio\": 1.698795199394226, \"no_speech_prob\": 0.0014315227745100856}, {\"id\": 23, \"seek\": 2884, \"start\": 53.040000915527344, \"end\": 56.20000076293945, \"text\": \" It's like God or the universe rewarding you in a sense.\", \"tokens\": [51574, 467, 311, 411, 1265, 420, 264, 6445, 20063, 291, 294, 257, 2020, 13, 51732], \"temperature\": 0.0, \"avg_logprob\": -0.24298132956027985, \"compression_ratio\": 1.698795199394226, \"no_speech_prob\": 0.0014315227745100856}]}"}