{"title": "No One Spoke About Men Falling Behind Like Him -Ft @vtsoscast", "video_id": "i8rXu9DWa4g", "video_url": "https://www.youtube.com/watch?v=i8rXu9DWa4g", "description": "Watch The Full Podcast Here \ud83d\udd17: https://youtu.be/zwNxSbvmIOQ\n\nReady to build a network of amazing women and high-status men?\n\nMichael\u2019s Men of Action is a one-on-one Master\u2019s program that teaches men how to create elite social lives by becoming higher status.\n\nClick this link to learn how you can have a High-Status lifestyle now:\nhttps://m.moamentoring.com/podcast\n\nClick here to join the Men of Action community and watch the High-Status Networking 101 course:\nhttps://m.moamentoring.com/moa-community\n\u2014\u2014\u2014\u2014\u2014\u2014\u2014\u2014\u2014\u2014\u2014\u2014\u2014\u2014\u2014\u2014\u2014\u2014\u2014\u2014\n\nSubscribe on Youtube: \nhttps://www.youtube.com/user/MichaelSartain\n\nListen on Apple Podcast: \nhttps://podcasts.apple.com/us/podcast/the-michael-sartain-podcast/id1579791157\n\nListen on Spotify: \nhttps://open.spotify.com/show/2faAYwvDD9Bvkpwv6umlPO?si=8Q3ak9HnSlKjuChsTXr6YQ&dl_branch=1\n\n#Michael #MichaelSartain #Michael_Sartain #Michael_Sartain_Podcast", "published_at": "2023-06-11T13:45:03Z", "channel_id": "UC0T1bDzajVefRWx4uKdGyuw", "channel_title": "Michael Sartain", "tags": ["Michael", "Michael Sartain", "Michael Sartain Podcast", "Michael Podcast", "MOA", "Men Of Action", "men of action", "Michael Sartain Course", "Michael Sartain With Hot Women", "Rollo", "Rollo Tommasi", "Playboy", "Swimsuit", "Swimsuit Competition"], "category_id": "24", "live_broadcast_content": "none", "duration": 372.0, "dimension": "2d", "definition": "hd", "caption": "false", "view_count": 7471, "like_count": 256, "comment_count": 29, "channel_info": {"title": "Michael Sartain", "description": "\ud83c\udf99Host of The\u00a0Michael Sartain Podcast \n\n\ud83d\udd25Teaching you how to build a network of desirable women and high-status men\n\n\ud83d\udc47 Click the \"Men of Action\" link below now to forge a high-status lifestyle and join the elites \n", "subscriber_count": "80500", "total_views": "29545897", "total_videos": "1481"}, "comments": [], "file_path": "/Users/aelaguiz/workspace/fc_book/audio/raws/i8rXu9DWa4g.mp3", "transcription": "{\"text\": \"If dating was a nation, it would be the most unequal nation as far as poverty is concerned. The unequal distribution of wealth of any nation on the planet. In academic circles, because the narrative is so incredibly woke, the concept of men falling behind is anathema. You cannot even believe that men could fall behind. Men are always in front, and the idea that men could fall behind education system, 68% of college graduates are female, that men could fall behind in the workplace. There are more female military pilots than there are male kindergarten teachers. 5% of psychologists under the age of 30 are male, 5%. 5% of what? Of psychologists under the age of 30 are male, 5%, 95% are female. The fact that they're falling behind as far as the family is concerned, 33% of men having zero sexual partners, 78% of divorces initiated by women. So we show all these statistics, and yet no one wanted to have this discussion, and then Andrew had the discussion. You have to ask yourself, why was this void there? There was a need that was not being met that he met. On top of that, his technique with the affiliate program was the greatest thing I've ever seen. Like we, I've unashamedly tried to copy it. Most of the videos you watch of me are not on my channel. You're watching someone else's TikTok, or someone else's, there's like several dozen YouTube channels. If it broke, don't fix it. Yeah, we're doing the same thing. And it's because what he did there, he figured out the algorithm. And that's really why he got banned, is because he figured out the algorithm. Do you want to know who's worse? How about the prince of Saudi Arabia who had 81 people's heads cut off for being homosexual? Yeah, for being homosexual, cut 81. Muhammad bin Salman? Yeah. The one that murdered Khashoggi? Khashoggi, yeah. So that's, but we won't get him off Twitter. The Ayatollah of Iran has a Twitter. We talk about this all the time. I thought that was misogyny though. Like it's so absurd. No, it was that his message was powerful and you were confused why it was so powerful. Because social media companies have a narrative and somehow their blanket, their billions of dollars could not withhold this narrative that he was coming forth with. And he figured out a way through, I would call it guerrilla marketing because he would have different, because he would do, I think it was 50% commissions if you sold a $50 a month subscription to, I forgot if it's a war rumor. For Hustlers University. And these guys would make money and here's the other thing. If you took his content and you collated it into a TikTok channel or YouTube, you'd have 20, 30, 50,000 followers that quick. You could sell that channel to someone else afterwards. You see what I'm saying? When he went to jail, a bunch of his former content creators hit me up. They're like, hey, we want to start doing content for you. And I gave them an affiliate code so they could go do it. So it's really interesting how that whole situation worked. Like from a business standpoint, from figuring out the algorithm, and then from him like literally hitting the head on this void where this discussion was not happening anywhere in academic circles. It's one thing to have it on a Reddit board. It's another thing to have it at Liberty University, some hyper conservative. It's another thing for Tucker Carlson to have the conversation. But it's a different thing in total for there to be a speech and a debate at Harvard. That's different. Because when you have that speech at Harvard, the bananas start flying. You know what I'm saying? The physical violence backs up. So that's what I thought was really interesting. How familiar are you with Dr. Scott Galloway from NYU? Love him. Yeah, I keep messaging. Hey, Scott, listen, I know you keep saying you don't have bandwidth. Come on my show, bro. I promise you. Best interview you've ever done. And by the way, I'm fully advocating to come on the show. I'm sure you'll do a ton of research. But he's someone that's been advocating for how men have fallen behind, right? He is someone who basically talks about how men have basically taken a backseat to women in education, in sex, in friendship. There's stats right here that Scott Galloway, credit to you, Scott Galloway. This is from the Survey for Center of American Life. If dating was a nation, it would be the most unequal nation as far as poverty is concerned. The unequal distribution of wealth of any nation on the planet. How much attention men? The men at the top are restricted. Top select men, right? Exactly. So this is what Scott Galloway talks about all the time. The 90s versus today. One in six men today have no friends whatsoever. And he basically talks about the difference in the 90s. In the 90s, 55% of men had six or more close friends. Today, it's only 27%. So we're in the 27%, congratulations. Travel friend, hell yeah. Less than, how many men have less than three friends? In the 90s, it was 16%, not a big number. Today, it's 32%. One third of men don't have more than two friends, less than three friends. And here's the craziest number. In the 90s, how many have no close friends? Zero, no close friends. 3%, below the margin of error, basically. Today, 12%. 12% of men have no close friends. You talk about how men are falling behind. A professor of NYU can kind of get away with it because he's not talking about hot chicks and cheating and Bugattis. Yeah, he's talking about friends. He's going around it, yeah. He can kind of go around it. But when Tate hits it right in the head, that's like, fuck it, I want to make money and bang hot chicks and drive sports cars and kick some ass, people get very uncomfortable with that. But someone like as skilled and as knowledgeable as Professor Scott Galloway, he writes books about this, but it's not as in your face and as chauvinist as about it. And one of the things I love about Scott Galloway, which I think we can basically agree with, is that it's not a one gender needs to lose when the other one wins, right? Like men can improve and women can improve. Women don't have to lose in order for men to do better and men don't have to lose for women to do better. And I think that's sort of the essence of what we're talking about is how can we all improve and get better in society? And Tate, I think a lot of people are going to disagree, but I think that's kind of his message as well. No, it is, but the thing is he also throws in there any empire that was run by women would quickly be conquered by men, which is true. But when you say it like that, it's offensive to people and they don't get it. \", \"segments\": [{\"id\": 0, \"seek\": 0, \"start\": 0.0, \"end\": 3.759999990463257, \"text\": \" If dating was a nation, it would be the most unequal nation\", \"tokens\": [50364, 759, 10689, 390, 257, 4790, 11, 309, 576, 312, 264, 881, 2251, 22345, 4790, 50552], \"temperature\": 0.0, \"avg_logprob\": -0.21273711323738098, \"compression_ratio\": 1.7636363506317139, \"no_speech_prob\": 0.0002531258505769074}, {\"id\": 1, \"seek\": 0, \"start\": 3.759999990463257, \"end\": 5.599999904632568, \"text\": \" as far as poverty is concerned.\", \"tokens\": [50552, 382, 1400, 382, 10958, 307, 5922, 13, 50644], \"temperature\": 0.0, \"avg_logprob\": -0.21273711323738098, \"compression_ratio\": 1.7636363506317139, \"no_speech_prob\": 0.0002531258505769074}, {\"id\": 2, \"seek\": 0, \"start\": 5.599999904632568, \"end\": 7.199999809265137, \"text\": \" The unequal distribution of wealth\", \"tokens\": [50644, 440, 2251, 22345, 7316, 295, 7203, 50724], \"temperature\": 0.0, \"avg_logprob\": -0.21273711323738098, \"compression_ratio\": 1.7636363506317139, \"no_speech_prob\": 0.0002531258505769074}, {\"id\": 3, \"seek\": 0, \"start\": 7.199999809265137, \"end\": 8.760000228881836, \"text\": \" of any nation on the planet.\", \"tokens\": [50724, 295, 604, 4790, 322, 264, 5054, 13, 50802], \"temperature\": 0.0, \"avg_logprob\": -0.21273711323738098, \"compression_ratio\": 1.7636363506317139, \"no_speech_prob\": 0.0002531258505769074}, {\"id\": 4, \"seek\": 0, \"start\": 8.760000228881836, \"end\": 11.239999771118164, \"text\": \" In academic circles, because the narrative\", \"tokens\": [50802, 682, 7778, 13040, 11, 570, 264, 9977, 50926], \"temperature\": 0.0, \"avg_logprob\": -0.21273711323738098, \"compression_ratio\": 1.7636363506317139, \"no_speech_prob\": 0.0002531258505769074}, {\"id\": 5, \"seek\": 0, \"start\": 11.239999771118164, \"end\": 13.800000190734863, \"text\": \" is so incredibly woke, the concept of men\", \"tokens\": [50926, 307, 370, 6252, 12852, 11, 264, 3410, 295, 1706, 51054], \"temperature\": 0.0, \"avg_logprob\": -0.21273711323738098, \"compression_ratio\": 1.7636363506317139, \"no_speech_prob\": 0.0002531258505769074}, {\"id\": 6, \"seek\": 0, \"start\": 13.800000190734863, \"end\": 15.279999732971191, \"text\": \" falling behind is anathema.\", \"tokens\": [51054, 7440, 2261, 307, 364, 998, 5619, 13, 51128], \"temperature\": 0.0, \"avg_logprob\": -0.21273711323738098, \"compression_ratio\": 1.7636363506317139, \"no_speech_prob\": 0.0002531258505769074}, {\"id\": 7, \"seek\": 0, \"start\": 15.279999732971191, \"end\": 18.31999969482422, \"text\": \" You cannot even believe that men could fall behind.\", \"tokens\": [51128, 509, 2644, 754, 1697, 300, 1706, 727, 2100, 2261, 13, 51280], \"temperature\": 0.0, \"avg_logprob\": -0.21273711323738098, \"compression_ratio\": 1.7636363506317139, \"no_speech_prob\": 0.0002531258505769074}, {\"id\": 8, \"seek\": 0, \"start\": 18.31999969482422, \"end\": 21.040000915527344, \"text\": \" Men are always in front, and the idea that men\", \"tokens\": [51280, 6685, 366, 1009, 294, 1868, 11, 293, 264, 1558, 300, 1706, 51416], \"temperature\": 0.0, \"avg_logprob\": -0.21273711323738098, \"compression_ratio\": 1.7636363506317139, \"no_speech_prob\": 0.0002531258505769074}, {\"id\": 9, \"seek\": 0, \"start\": 21.040000915527344, \"end\": 23.200000762939453, \"text\": \" could fall behind education system,\", \"tokens\": [51416, 727, 2100, 2261, 3309, 1185, 11, 51524], \"temperature\": 0.0, \"avg_logprob\": -0.21273711323738098, \"compression_ratio\": 1.7636363506317139, \"no_speech_prob\": 0.0002531258505769074}, {\"id\": 10, \"seek\": 0, \"start\": 23.200000762939453, \"end\": 25.440000534057617, \"text\": \" 68% of college graduates are female,\", \"tokens\": [51524, 23317, 4, 295, 3859, 13577, 366, 6556, 11, 51636], \"temperature\": 0.0, \"avg_logprob\": -0.21273711323738098, \"compression_ratio\": 1.7636363506317139, \"no_speech_prob\": 0.0002531258505769074}, {\"id\": 11, \"seek\": 0, \"start\": 25.440000534057617, \"end\": 28.68000030517578, \"text\": \" that men could fall behind in the workplace.\", \"tokens\": [51636, 300, 1706, 727, 2100, 2261, 294, 264, 15328, 13, 51798], \"temperature\": 0.0, \"avg_logprob\": -0.21273711323738098, \"compression_ratio\": 1.7636363506317139, \"no_speech_prob\": 0.0002531258505769074}, {\"id\": 12, \"seek\": 2868, \"start\": 28.719999313354492, \"end\": 30.760000228881836, \"text\": \" There are more female military pilots\", \"tokens\": [50366, 821, 366, 544, 6556, 4632, 21506, 50468], \"temperature\": 0.0, \"avg_logprob\": -0.2310408353805542, \"compression_ratio\": 1.7666666507720947, \"no_speech_prob\": 0.00023049802985042334}, {\"id\": 13, \"seek\": 2868, \"start\": 30.760000228881836, \"end\": 32.040000915527344, \"text\": \" than there are male kindergarten teachers.\", \"tokens\": [50468, 813, 456, 366, 7133, 26671, 6023, 13, 50532], \"temperature\": 0.0, \"avg_logprob\": -0.2310408353805542, \"compression_ratio\": 1.7666666507720947, \"no_speech_prob\": 0.00023049802985042334}, {\"id\": 14, \"seek\": 2868, \"start\": 32.040000915527344, \"end\": 37.040000915527344, \"text\": \" 5% of psychologists under the age of 30 are male, 5%.\", \"tokens\": [50532, 1025, 4, 295, 41562, 833, 264, 3205, 295, 2217, 366, 7133, 11, 1025, 6856, 50782], \"temperature\": 0.0, \"avg_logprob\": -0.2310408353805542, \"compression_ratio\": 1.7666666507720947, \"no_speech_prob\": 0.00023049802985042334}, {\"id\": 15, \"seek\": 2868, \"start\": 37.47999954223633, \"end\": 38.439998626708984, \"text\": \" 5% of what?\", \"tokens\": [50804, 1025, 4, 295, 437, 30, 50852], \"temperature\": 0.0, \"avg_logprob\": -0.2310408353805542, \"compression_ratio\": 1.7666666507720947, \"no_speech_prob\": 0.00023049802985042334}, {\"id\": 16, \"seek\": 2868, \"start\": 38.439998626708984, \"end\": 41.2400016784668, \"text\": \" Of psychologists under the age of 30 are male, 5%,\", \"tokens\": [50852, 2720, 41562, 833, 264, 3205, 295, 2217, 366, 7133, 11, 1025, 8923, 50992], \"temperature\": 0.0, \"avg_logprob\": -0.2310408353805542, \"compression_ratio\": 1.7666666507720947, \"no_speech_prob\": 0.00023049802985042334}, {\"id\": 17, \"seek\": 2868, \"start\": 41.2400016784668, \"end\": 42.439998626708984, \"text\": \" 95% are female.\", \"tokens\": [50992, 13420, 4, 366, 6556, 13, 51052], \"temperature\": 0.0, \"avg_logprob\": -0.2310408353805542, \"compression_ratio\": 1.7666666507720947, \"no_speech_prob\": 0.00023049802985042334}, {\"id\": 18, \"seek\": 2868, \"start\": 43.52000045776367, \"end\": 45.20000076293945, \"text\": \" The fact that they're falling behind\", \"tokens\": [51106, 440, 1186, 300, 436, 434, 7440, 2261, 51190], \"temperature\": 0.0, \"avg_logprob\": -0.2310408353805542, \"compression_ratio\": 1.7666666507720947, \"no_speech_prob\": 0.00023049802985042334}, {\"id\": 19, \"seek\": 2868, \"start\": 45.20000076293945, \"end\": 46.79999923706055, \"text\": \" as far as the family is concerned,\", \"tokens\": [51190, 382, 1400, 382, 264, 1605, 307, 5922, 11, 51270], \"temperature\": 0.0, \"avg_logprob\": -0.2310408353805542, \"compression_ratio\": 1.7666666507720947, \"no_speech_prob\": 0.00023049802985042334}, {\"id\": 20, \"seek\": 2868, \"start\": 46.79999923706055, \"end\": 49.08000183105469, \"text\": \" 33% of men having zero sexual partners,\", \"tokens\": [51270, 11816, 4, 295, 1706, 1419, 4018, 6701, 4462, 11, 51384], \"temperature\": 0.0, \"avg_logprob\": -0.2310408353805542, \"compression_ratio\": 1.7666666507720947, \"no_speech_prob\": 0.00023049802985042334}, {\"id\": 21, \"seek\": 2868, \"start\": 49.08000183105469, \"end\": 51.84000015258789, \"text\": \" 78% of divorces initiated by women.\", \"tokens\": [51384, 26369, 4, 295, 11861, 887, 28578, 538, 2266, 13, 51522], \"temperature\": 0.0, \"avg_logprob\": -0.2310408353805542, \"compression_ratio\": 1.7666666507720947, \"no_speech_prob\": 0.00023049802985042334}, {\"id\": 22, \"seek\": 2868, \"start\": 51.84000015258789, \"end\": 53.560001373291016, \"text\": \" So we show all these statistics,\", \"tokens\": [51522, 407, 321, 855, 439, 613, 12523, 11, 51608], \"temperature\": 0.0, \"avg_logprob\": -0.2310408353805542, \"compression_ratio\": 1.7666666507720947, \"no_speech_prob\": 0.00023049802985042334}, {\"id\": 23, \"seek\": 2868, \"start\": 53.560001373291016, \"end\": 56.119998931884766, \"text\": \" and yet no one wanted to have this discussion,\", \"tokens\": [51608, 293, 1939, 572, 472, 1415, 281, 362, 341, 5017, 11, 51736], \"temperature\": 0.0, \"avg_logprob\": -0.2310408353805542, \"compression_ratio\": 1.7666666507720947, \"no_speech_prob\": 0.00023049802985042334}, {\"id\": 24, \"seek\": 2868, \"start\": 56.119998931884766, \"end\": 57.79999923706055, \"text\": \" and then Andrew had the discussion.\", \"tokens\": [51736, 293, 550, 10110, 632, 264, 5017, 13, 51820], \"temperature\": 0.0, \"avg_logprob\": -0.2310408353805542, \"compression_ratio\": 1.7666666507720947, \"no_speech_prob\": 0.00023049802985042334}, {\"id\": 25, \"seek\": 5780, \"start\": 57.79999923706055, \"end\": 60.20000076293945, \"text\": \" You have to ask yourself, why was this void there?\", \"tokens\": [50364, 509, 362, 281, 1029, 1803, 11, 983, 390, 341, 22009, 456, 30, 50484], \"temperature\": 0.0, \"avg_logprob\": -0.2479989379644394, \"compression_ratio\": 1.6904761791229248, \"no_speech_prob\": 0.00014653043763246387}, {\"id\": 26, \"seek\": 5780, \"start\": 60.20000076293945, \"end\": 62.400001525878906, \"text\": \" There was a need that was not being met that he met.\", \"tokens\": [50484, 821, 390, 257, 643, 300, 390, 406, 885, 1131, 300, 415, 1131, 13, 50594], \"temperature\": 0.0, \"avg_logprob\": -0.2479989379644394, \"compression_ratio\": 1.6904761791229248, \"no_speech_prob\": 0.00014653043763246387}, {\"id\": 27, \"seek\": 5780, \"start\": 62.400001525878906, \"end\": 66.4000015258789, \"text\": \" On top of that, his technique with the affiliate program\", \"tokens\": [50594, 1282, 1192, 295, 300, 11, 702, 6532, 365, 264, 23975, 1461, 50794], \"temperature\": 0.0, \"avg_logprob\": -0.2479989379644394, \"compression_ratio\": 1.6904761791229248, \"no_speech_prob\": 0.00014653043763246387}, {\"id\": 28, \"seek\": 5780, \"start\": 66.4000015258789, \"end\": 67.5199966430664, \"text\": \" was the greatest thing I've ever seen.\", \"tokens\": [50794, 390, 264, 6636, 551, 286, 600, 1562, 1612, 13, 50850], \"temperature\": 0.0, \"avg_logprob\": -0.2479989379644394, \"compression_ratio\": 1.6904761791229248, \"no_speech_prob\": 0.00014653043763246387}, {\"id\": 29, \"seek\": 5780, \"start\": 67.5199966430664, \"end\": 71.23999786376953, \"text\": \" Like we, I've unashamedly tried to copy it.\", \"tokens\": [50850, 1743, 321, 11, 286, 600, 517, 1299, 3475, 356, 3031, 281, 5055, 309, 13, 51036], \"temperature\": 0.0, \"avg_logprob\": -0.2479989379644394, \"compression_ratio\": 1.6904761791229248, \"no_speech_prob\": 0.00014653043763246387}, {\"id\": 30, \"seek\": 5780, \"start\": 71.23999786376953, \"end\": 73.76000213623047, \"text\": \" Most of the videos you watch of me are not on my channel.\", \"tokens\": [51036, 4534, 295, 264, 2145, 291, 1159, 295, 385, 366, 406, 322, 452, 2269, 13, 51162], \"temperature\": 0.0, \"avg_logprob\": -0.2479989379644394, \"compression_ratio\": 1.6904761791229248, \"no_speech_prob\": 0.00014653043763246387}, {\"id\": 31, \"seek\": 5780, \"start\": 73.76000213623047, \"end\": 75.08000183105469, \"text\": \" You're watching someone else's TikTok,\", \"tokens\": [51162, 509, 434, 1976, 1580, 1646, 311, 20211, 11, 51228], \"temperature\": 0.0, \"avg_logprob\": -0.2479989379644394, \"compression_ratio\": 1.6904761791229248, \"no_speech_prob\": 0.00014653043763246387}, {\"id\": 32, \"seek\": 5780, \"start\": 75.08000183105469, \"end\": 78.16000366210938, \"text\": \" or someone else's, there's like several dozen\", \"tokens\": [51228, 420, 1580, 1646, 311, 11, 456, 311, 411, 2940, 16654, 51382], \"temperature\": 0.0, \"avg_logprob\": -0.2479989379644394, \"compression_ratio\": 1.6904761791229248, \"no_speech_prob\": 0.00014653043763246387}, {\"id\": 33, \"seek\": 5780, \"start\": 78.16000366210938, \"end\": 79.0, \"text\": \" YouTube channels.\", \"tokens\": [51382, 3088, 9235, 13, 51424], \"temperature\": 0.0, \"avg_logprob\": -0.2479989379644394, \"compression_ratio\": 1.6904761791229248, \"no_speech_prob\": 0.00014653043763246387}, {\"id\": 34, \"seek\": 5780, \"start\": 79.0, \"end\": 79.91999816894531, \"text\": \" If it broke, don't fix it.\", \"tokens\": [51424, 759, 309, 6902, 11, 500, 380, 3191, 309, 13, 51470], \"temperature\": 0.0, \"avg_logprob\": -0.2479989379644394, \"compression_ratio\": 1.6904761791229248, \"no_speech_prob\": 0.00014653043763246387}, {\"id\": 35, \"seek\": 5780, \"start\": 79.91999816894531, \"end\": 81.5199966430664, \"text\": \" Yeah, we're doing the same thing.\", \"tokens\": [51470, 865, 11, 321, 434, 884, 264, 912, 551, 13, 51550], \"temperature\": 0.0, \"avg_logprob\": -0.2479989379644394, \"compression_ratio\": 1.6904761791229248, \"no_speech_prob\": 0.00014653043763246387}, {\"id\": 36, \"seek\": 5780, \"start\": 81.5199966430664, \"end\": 84.16000366210938, \"text\": \" And it's because what he did there,\", \"tokens\": [51550, 400, 309, 311, 570, 437, 415, 630, 456, 11, 51682], \"temperature\": 0.0, \"avg_logprob\": -0.2479989379644394, \"compression_ratio\": 1.6904761791229248, \"no_speech_prob\": 0.00014653043763246387}, {\"id\": 37, \"seek\": 5780, \"start\": 84.16000366210938, \"end\": 86.27999877929688, \"text\": \" he figured out the algorithm.\", \"tokens\": [51682, 415, 8932, 484, 264, 9284, 13, 51788], \"temperature\": 0.0, \"avg_logprob\": -0.2479989379644394, \"compression_ratio\": 1.6904761791229248, \"no_speech_prob\": 0.00014653043763246387}, {\"id\": 38, \"seek\": 5780, \"start\": 86.27999877929688, \"end\": 87.55999755859375, \"text\": \" And that's really why he got banned,\", \"tokens\": [51788, 400, 300, 311, 534, 983, 415, 658, 19564, 11, 51852], \"temperature\": 0.0, \"avg_logprob\": -0.2479989379644394, \"compression_ratio\": 1.6904761791229248, \"no_speech_prob\": 0.00014653043763246387}, {\"id\": 39, \"seek\": 8756, \"start\": 88.31999969482422, \"end\": 89.31999969482422, \"text\": \" is because he figured out the algorithm.\", \"tokens\": [50402, 307, 570, 415, 8932, 484, 264, 9284, 13, 50452], \"temperature\": 0.0, \"avg_logprob\": -0.2815423905849457, \"compression_ratio\": 1.6049822568893433, \"no_speech_prob\": 4.331856325734407e-05}, {\"id\": 40, \"seek\": 8756, \"start\": 89.31999969482422, \"end\": 91.36000061035156, \"text\": \" Do you want to know who's worse?\", \"tokens\": [50452, 1144, 291, 528, 281, 458, 567, 311, 5324, 30, 50554], \"temperature\": 0.0, \"avg_logprob\": -0.2815423905849457, \"compression_ratio\": 1.6049822568893433, \"no_speech_prob\": 4.331856325734407e-05}, {\"id\": 41, \"seek\": 8756, \"start\": 91.36000061035156, \"end\": 94.72000122070312, \"text\": \" How about the prince of Saudi Arabia\", \"tokens\": [50554, 1012, 466, 264, 16467, 295, 18121, 21610, 50722], \"temperature\": 0.0, \"avg_logprob\": -0.2815423905849457, \"compression_ratio\": 1.6049822568893433, \"no_speech_prob\": 4.331856325734407e-05}, {\"id\": 42, \"seek\": 8756, \"start\": 94.72000122070312, \"end\": 98.44000244140625, \"text\": \" who had 81 people's heads cut off for being homosexual?\", \"tokens\": [50722, 567, 632, 30827, 561, 311, 8050, 1723, 766, 337, 885, 30490, 30, 50908], \"temperature\": 0.0, \"avg_logprob\": -0.2815423905849457, \"compression_ratio\": 1.6049822568893433, \"no_speech_prob\": 4.331856325734407e-05}, {\"id\": 43, \"seek\": 8756, \"start\": 98.44000244140625, \"end\": 101.04000091552734, \"text\": \" Yeah, for being homosexual, cut 81.\", \"tokens\": [50908, 865, 11, 337, 885, 30490, 11, 1723, 30827, 13, 51038], \"temperature\": 0.0, \"avg_logprob\": -0.2815423905849457, \"compression_ratio\": 1.6049822568893433, \"no_speech_prob\": 4.331856325734407e-05}, {\"id\": 44, \"seek\": 8756, \"start\": 101.04000091552734, \"end\": 102.12000274658203, \"text\": \" Muhammad bin Salman?\", \"tokens\": [51038, 19360, 5171, 5996, 1601, 30, 51092], \"temperature\": 0.0, \"avg_logprob\": -0.2815423905849457, \"compression_ratio\": 1.6049822568893433, \"no_speech_prob\": 4.331856325734407e-05}, {\"id\": 45, \"seek\": 8756, \"start\": 102.12000274658203, \"end\": 102.95999908447266, \"text\": \" Yeah.\", \"tokens\": [51092, 865, 13, 51134], \"temperature\": 0.0, \"avg_logprob\": -0.2815423905849457, \"compression_ratio\": 1.6049822568893433, \"no_speech_prob\": 4.331856325734407e-05}, {\"id\": 46, \"seek\": 8756, \"start\": 102.95999908447266, \"end\": 105.16000366210938, \"text\": \" The one that murdered Khashoggi?\", \"tokens\": [51134, 440, 472, 300, 18486, 11681, 1299, 664, 7834, 30, 51244], \"temperature\": 0.0, \"avg_logprob\": -0.2815423905849457, \"compression_ratio\": 1.6049822568893433, \"no_speech_prob\": 4.331856325734407e-05}, {\"id\": 47, \"seek\": 8756, \"start\": 105.16000366210938, \"end\": 106.12000274658203, \"text\": \" Khashoggi, yeah.\", \"tokens\": [51244, 11681, 1299, 664, 7834, 11, 1338, 13, 51292], \"temperature\": 0.0, \"avg_logprob\": -0.2815423905849457, \"compression_ratio\": 1.6049822568893433, \"no_speech_prob\": 4.331856325734407e-05}, {\"id\": 48, \"seek\": 8756, \"start\": 106.12000274658203, \"end\": 108.72000122070312, \"text\": \" So that's, but we won't get him off Twitter.\", \"tokens\": [51292, 407, 300, 311, 11, 457, 321, 1582, 380, 483, 796, 766, 5794, 13, 51422], \"temperature\": 0.0, \"avg_logprob\": -0.2815423905849457, \"compression_ratio\": 1.6049822568893433, \"no_speech_prob\": 4.331856325734407e-05}, {\"id\": 49, \"seek\": 8756, \"start\": 108.72000122070312, \"end\": 111.4800033569336, \"text\": \" The Ayatollah of Iran has a Twitter.\", \"tokens\": [51422, 440, 9081, 267, 1833, 545, 295, 8283, 575, 257, 5794, 13, 51560], \"temperature\": 0.0, \"avg_logprob\": -0.2815423905849457, \"compression_ratio\": 1.6049822568893433, \"no_speech_prob\": 4.331856325734407e-05}, {\"id\": 50, \"seek\": 8756, \"start\": 112.55999755859375, \"end\": 113.4000015258789, \"text\": \" We talk about this all the time.\", \"tokens\": [51614, 492, 751, 466, 341, 439, 264, 565, 13, 51656], \"temperature\": 0.0, \"avg_logprob\": -0.2815423905849457, \"compression_ratio\": 1.6049822568893433, \"no_speech_prob\": 4.331856325734407e-05}, {\"id\": 51, \"seek\": 8756, \"start\": 113.4000015258789, \"end\": 114.80000305175781, \"text\": \" I thought that was misogyny though.\", \"tokens\": [51656, 286, 1194, 300, 390, 3346, 7794, 1634, 1673, 13, 51726], \"temperature\": 0.0, \"avg_logprob\": -0.2815423905849457, \"compression_ratio\": 1.6049822568893433, \"no_speech_prob\": 4.331856325734407e-05}, {\"id\": 52, \"seek\": 8756, \"start\": 114.80000305175781, \"end\": 116.19999694824219, \"text\": \" Like it's so absurd.\", \"tokens\": [51726, 1743, 309, 311, 370, 19774, 13, 51796], \"temperature\": 0.0, \"avg_logprob\": -0.2815423905849457, \"compression_ratio\": 1.6049822568893433, \"no_speech_prob\": 4.331856325734407e-05}, {\"id\": 53, \"seek\": 11620, \"start\": 116.19999694824219, \"end\": 118.23999786376953, \"text\": \" No, it was that his message was powerful\", \"tokens\": [50364, 883, 11, 309, 390, 300, 702, 3636, 390, 4005, 50466], \"temperature\": 0.0, \"avg_logprob\": -0.25631406903266907, \"compression_ratio\": 1.694006323814392, \"no_speech_prob\": 0.010982350446283817}, {\"id\": 54, \"seek\": 11620, \"start\": 118.23999786376953, \"end\": 121.08000183105469, \"text\": \" and you were confused why it was so powerful.\", \"tokens\": [50466, 293, 291, 645, 9019, 983, 309, 390, 370, 4005, 13, 50608], \"temperature\": 0.0, \"avg_logprob\": -0.25631406903266907, \"compression_ratio\": 1.694006323814392, \"no_speech_prob\": 0.010982350446283817}, {\"id\": 55, \"seek\": 11620, \"start\": 121.08000183105469, \"end\": 123.5199966430664, \"text\": \" Because social media companies have a narrative\", \"tokens\": [50608, 1436, 2093, 3021, 3431, 362, 257, 9977, 50730], \"temperature\": 0.0, \"avg_logprob\": -0.25631406903266907, \"compression_ratio\": 1.694006323814392, \"no_speech_prob\": 0.010982350446283817}, {\"id\": 56, \"seek\": 11620, \"start\": 123.5199966430664, \"end\": 127.12000274658203, \"text\": \" and somehow their blanket, their billions of dollars\", \"tokens\": [50730, 293, 6063, 641, 17907, 11, 641, 17375, 295, 3808, 50910], \"temperature\": 0.0, \"avg_logprob\": -0.25631406903266907, \"compression_ratio\": 1.694006323814392, \"no_speech_prob\": 0.010982350446283817}, {\"id\": 57, \"seek\": 11620, \"start\": 127.12000274658203, \"end\": 128.83999633789062, \"text\": \" could not withhold this narrative\", \"tokens\": [50910, 727, 406, 48867, 341, 9977, 50996], \"temperature\": 0.0, \"avg_logprob\": -0.25631406903266907, \"compression_ratio\": 1.694006323814392, \"no_speech_prob\": 0.010982350446283817}, {\"id\": 58, \"seek\": 11620, \"start\": 128.83999633789062, \"end\": 130.44000244140625, \"text\": \" that he was coming forth with.\", \"tokens\": [50996, 300, 415, 390, 1348, 5220, 365, 13, 51076], \"temperature\": 0.0, \"avg_logprob\": -0.25631406903266907, \"compression_ratio\": 1.694006323814392, \"no_speech_prob\": 0.010982350446283817}, {\"id\": 59, \"seek\": 11620, \"start\": 130.44000244140625, \"end\": 131.75999450683594, \"text\": \" And he figured out a way through,\", \"tokens\": [51076, 400, 415, 8932, 484, 257, 636, 807, 11, 51142], \"temperature\": 0.0, \"avg_logprob\": -0.25631406903266907, \"compression_ratio\": 1.694006323814392, \"no_speech_prob\": 0.010982350446283817}, {\"id\": 60, \"seek\": 11620, \"start\": 131.75999450683594, \"end\": 133.27999877929688, \"text\": \" I would call it guerrilla marketing\", \"tokens\": [51142, 286, 576, 818, 309, 14486, 81, 5291, 6370, 51218], \"temperature\": 0.0, \"avg_logprob\": -0.25631406903266907, \"compression_ratio\": 1.694006323814392, \"no_speech_prob\": 0.010982350446283817}, {\"id\": 61, \"seek\": 11620, \"start\": 133.27999877929688, \"end\": 134.36000061035156, \"text\": \" because he would have different,\", \"tokens\": [51218, 570, 415, 576, 362, 819, 11, 51272], \"temperature\": 0.0, \"avg_logprob\": -0.25631406903266907, \"compression_ratio\": 1.694006323814392, \"no_speech_prob\": 0.010982350446283817}, {\"id\": 62, \"seek\": 11620, \"start\": 134.36000061035156, \"end\": 137.44000244140625, \"text\": \" because he would do, I think it was 50% commissions\", \"tokens\": [51272, 570, 415, 576, 360, 11, 286, 519, 309, 390, 2625, 4, 38912, 51426], \"temperature\": 0.0, \"avg_logprob\": -0.25631406903266907, \"compression_ratio\": 1.694006323814392, \"no_speech_prob\": 0.010982350446283817}, {\"id\": 63, \"seek\": 11620, \"start\": 137.44000244140625, \"end\": 140.36000061035156, \"text\": \" if you sold a $50 a month subscription to,\", \"tokens\": [51426, 498, 291, 3718, 257, 1848, 2803, 257, 1618, 17231, 281, 11, 51572], \"temperature\": 0.0, \"avg_logprob\": -0.25631406903266907, \"compression_ratio\": 1.694006323814392, \"no_speech_prob\": 0.010982350446283817}, {\"id\": 64, \"seek\": 11620, \"start\": 140.36000061035156, \"end\": 141.8000030517578, \"text\": \" I forgot if it's a war rumor.\", \"tokens\": [51572, 286, 5298, 498, 309, 311, 257, 1516, 29639, 13, 51644], \"temperature\": 0.0, \"avg_logprob\": -0.25631406903266907, \"compression_ratio\": 1.694006323814392, \"no_speech_prob\": 0.010982350446283817}, {\"id\": 65, \"seek\": 11620, \"start\": 142.8000030517578, \"end\": 144.8000030517578, \"text\": \" For Hustlers University.\", \"tokens\": [51694, 1171, 389, 381, 11977, 3535, 13, 51794], \"temperature\": 0.0, \"avg_logprob\": -0.25631406903266907, \"compression_ratio\": 1.694006323814392, \"no_speech_prob\": 0.010982350446283817}, {\"id\": 66, \"seek\": 11620, \"start\": 144.8000030517578, \"end\": 146.16000366210938, \"text\": \" And these guys would make money\", \"tokens\": [51794, 400, 613, 1074, 576, 652, 1460, 51862], \"temperature\": 0.0, \"avg_logprob\": -0.25631406903266907, \"compression_ratio\": 1.694006323814392, \"no_speech_prob\": 0.010982350446283817}, {\"id\": 67, \"seek\": 14616, \"start\": 146.9199981689453, \"end\": 147.8800048828125, \"text\": \" and here's the other thing.\", \"tokens\": [50402, 293, 510, 311, 264, 661, 551, 13, 50450], \"temperature\": 0.0, \"avg_logprob\": -0.2048242688179016, \"compression_ratio\": 1.6321525573730469, \"no_speech_prob\": 2.355186916247476e-05}, {\"id\": 68, \"seek\": 14616, \"start\": 147.8800048828125, \"end\": 149.83999633789062, \"text\": \" If you took his content and you collated it\", \"tokens\": [50450, 759, 291, 1890, 702, 2701, 293, 291, 1263, 770, 309, 50548], \"temperature\": 0.0, \"avg_logprob\": -0.2048242688179016, \"compression_ratio\": 1.6321525573730469, \"no_speech_prob\": 2.355186916247476e-05}, {\"id\": 69, \"seek\": 14616, \"start\": 149.83999633789062, \"end\": 151.24000549316406, \"text\": \" into a TikTok channel or YouTube,\", \"tokens\": [50548, 666, 257, 20211, 2269, 420, 3088, 11, 50618], \"temperature\": 0.0, \"avg_logprob\": -0.2048242688179016, \"compression_ratio\": 1.6321525573730469, \"no_speech_prob\": 2.355186916247476e-05}, {\"id\": 70, \"seek\": 14616, \"start\": 151.24000549316406, \"end\": 155.1999969482422, \"text\": \" you'd have 20, 30, 50,000 followers that quick.\", \"tokens\": [50618, 291, 1116, 362, 945, 11, 2217, 11, 2625, 11, 1360, 13071, 300, 1702, 13, 50816], \"temperature\": 0.0, \"avg_logprob\": -0.2048242688179016, \"compression_ratio\": 1.6321525573730469, \"no_speech_prob\": 2.355186916247476e-05}, {\"id\": 71, \"seek\": 14616, \"start\": 155.1999969482422, \"end\": 157.55999755859375, \"text\": \" You could sell that channel to someone else afterwards.\", \"tokens\": [50816, 509, 727, 3607, 300, 2269, 281, 1580, 1646, 10543, 13, 50934], \"temperature\": 0.0, \"avg_logprob\": -0.2048242688179016, \"compression_ratio\": 1.6321525573730469, \"no_speech_prob\": 2.355186916247476e-05}, {\"id\": 72, \"seek\": 14616, \"start\": 157.55999755859375, \"end\": 158.67999267578125, \"text\": \" You see what I'm saying?\", \"tokens\": [50934, 509, 536, 437, 286, 478, 1566, 30, 50990], \"temperature\": 0.0, \"avg_logprob\": -0.2048242688179016, \"compression_ratio\": 1.6321525573730469, \"no_speech_prob\": 2.355186916247476e-05}, {\"id\": 73, \"seek\": 14616, \"start\": 158.67999267578125, \"end\": 159.52000427246094, \"text\": \" When he went to jail,\", \"tokens\": [50990, 1133, 415, 1437, 281, 10511, 11, 51032], \"temperature\": 0.0, \"avg_logprob\": -0.2048242688179016, \"compression_ratio\": 1.6321525573730469, \"no_speech_prob\": 2.355186916247476e-05}, {\"id\": 74, \"seek\": 14616, \"start\": 159.52000427246094, \"end\": 161.52000427246094, \"text\": \" a bunch of his former content creators hit me up.\", \"tokens\": [51032, 257, 3840, 295, 702, 5819, 2701, 16039, 2045, 385, 493, 13, 51132], \"temperature\": 0.0, \"avg_logprob\": -0.2048242688179016, \"compression_ratio\": 1.6321525573730469, \"no_speech_prob\": 2.355186916247476e-05}, {\"id\": 75, \"seek\": 14616, \"start\": 161.52000427246094, \"end\": 164.1999969482422, \"text\": \" They're like, hey, we want to start doing content for you.\", \"tokens\": [51132, 814, 434, 411, 11, 4177, 11, 321, 528, 281, 722, 884, 2701, 337, 291, 13, 51266], \"temperature\": 0.0, \"avg_logprob\": -0.2048242688179016, \"compression_ratio\": 1.6321525573730469, \"no_speech_prob\": 2.355186916247476e-05}, {\"id\": 76, \"seek\": 14616, \"start\": 164.1999969482422, \"end\": 166.52000427246094, \"text\": \" And I gave them an affiliate code so they could go do it.\", \"tokens\": [51266, 400, 286, 2729, 552, 364, 23975, 3089, 370, 436, 727, 352, 360, 309, 13, 51382], \"temperature\": 0.0, \"avg_logprob\": -0.2048242688179016, \"compression_ratio\": 1.6321525573730469, \"no_speech_prob\": 2.355186916247476e-05}, {\"id\": 77, \"seek\": 14616, \"start\": 166.52000427246094, \"end\": 168.83999633789062, \"text\": \" So it's really interesting how that whole situation worked.\", \"tokens\": [51382, 407, 309, 311, 534, 1880, 577, 300, 1379, 2590, 2732, 13, 51498], \"temperature\": 0.0, \"avg_logprob\": -0.2048242688179016, \"compression_ratio\": 1.6321525573730469, \"no_speech_prob\": 2.355186916247476e-05}, {\"id\": 78, \"seek\": 14616, \"start\": 168.83999633789062, \"end\": 170.1999969482422, \"text\": \" Like from a business standpoint,\", \"tokens\": [51498, 1743, 490, 257, 1606, 15827, 11, 51566], \"temperature\": 0.0, \"avg_logprob\": -0.2048242688179016, \"compression_ratio\": 1.6321525573730469, \"no_speech_prob\": 2.355186916247476e-05}, {\"id\": 79, \"seek\": 14616, \"start\": 170.1999969482422, \"end\": 171.75999450683594, \"text\": \" from figuring out the algorithm,\", \"tokens\": [51566, 490, 15213, 484, 264, 9284, 11, 51644], \"temperature\": 0.0, \"avg_logprob\": -0.2048242688179016, \"compression_ratio\": 1.6321525573730469, \"no_speech_prob\": 2.355186916247476e-05}, {\"id\": 80, \"seek\": 14616, \"start\": 171.75999450683594, \"end\": 174.8800048828125, \"text\": \" and then from him like literally hitting the head\", \"tokens\": [51644, 293, 550, 490, 796, 411, 3736, 8850, 264, 1378, 51800], \"temperature\": 0.0, \"avg_logprob\": -0.2048242688179016, \"compression_ratio\": 1.6321525573730469, \"no_speech_prob\": 2.355186916247476e-05}, {\"id\": 81, \"seek\": 17488, \"start\": 174.8800048828125, \"end\": 177.0, \"text\": \" on this void where this discussion\", \"tokens\": [50364, 322, 341, 22009, 689, 341, 5017, 50470], \"temperature\": 0.0, \"avg_logprob\": -0.1852482408285141, \"compression_ratio\": 1.7635782957077026, \"no_speech_prob\": 0.0006263297982513905}, {\"id\": 82, \"seek\": 17488, \"start\": 177.0, \"end\": 179.1199951171875, \"text\": \" was not happening anywhere in academic circles.\", \"tokens\": [50470, 390, 406, 2737, 4992, 294, 7778, 13040, 13, 50576], \"temperature\": 0.0, \"avg_logprob\": -0.1852482408285141, \"compression_ratio\": 1.7635782957077026, \"no_speech_prob\": 0.0006263297982513905}, {\"id\": 83, \"seek\": 17488, \"start\": 179.1199951171875, \"end\": 181.0, \"text\": \" It's one thing to have it on a Reddit board.\", \"tokens\": [50576, 467, 311, 472, 551, 281, 362, 309, 322, 257, 32210, 3150, 13, 50670], \"temperature\": 0.0, \"avg_logprob\": -0.1852482408285141, \"compression_ratio\": 1.7635782957077026, \"no_speech_prob\": 0.0006263297982513905}, {\"id\": 84, \"seek\": 17488, \"start\": 181.0, \"end\": 183.72000122070312, \"text\": \" It's another thing to have it at Liberty University,\", \"tokens\": [50670, 467, 311, 1071, 551, 281, 362, 309, 412, 27527, 3535, 11, 50806], \"temperature\": 0.0, \"avg_logprob\": -0.1852482408285141, \"compression_ratio\": 1.7635782957077026, \"no_speech_prob\": 0.0006263297982513905}, {\"id\": 85, \"seek\": 17488, \"start\": 183.72000122070312, \"end\": 185.24000549316406, \"text\": \" some hyper conservative.\", \"tokens\": [50806, 512, 9848, 13780, 13, 50882], \"temperature\": 0.0, \"avg_logprob\": -0.1852482408285141, \"compression_ratio\": 1.7635782957077026, \"no_speech_prob\": 0.0006263297982513905}, {\"id\": 86, \"seek\": 17488, \"start\": 185.24000549316406, \"end\": 186.8800048828125, \"text\": \" It's another thing for Tucker Carlson\", \"tokens\": [50882, 467, 311, 1071, 551, 337, 35581, 14256, 3015, 50964], \"temperature\": 0.0, \"avg_logprob\": -0.1852482408285141, \"compression_ratio\": 1.7635782957077026, \"no_speech_prob\": 0.0006263297982513905}, {\"id\": 87, \"seek\": 17488, \"start\": 186.8800048828125, \"end\": 187.89999389648438, \"text\": \" to have the conversation.\", \"tokens\": [50964, 281, 362, 264, 3761, 13, 51015], \"temperature\": 0.0, \"avg_logprob\": -0.1852482408285141, \"compression_ratio\": 1.7635782957077026, \"no_speech_prob\": 0.0006263297982513905}, {\"id\": 88, \"seek\": 17488, \"start\": 187.89999389648438, \"end\": 189.55999755859375, \"text\": \" But it's a different thing in total\", \"tokens\": [51015, 583, 309, 311, 257, 819, 551, 294, 3217, 51098], \"temperature\": 0.0, \"avg_logprob\": -0.1852482408285141, \"compression_ratio\": 1.7635782957077026, \"no_speech_prob\": 0.0006263297982513905}, {\"id\": 89, \"seek\": 17488, \"start\": 189.55999755859375, \"end\": 192.75999450683594, \"text\": \" for there to be a speech and a debate at Harvard.\", \"tokens\": [51098, 337, 456, 281, 312, 257, 6218, 293, 257, 7958, 412, 13378, 13, 51258], \"temperature\": 0.0, \"avg_logprob\": -0.1852482408285141, \"compression_ratio\": 1.7635782957077026, \"no_speech_prob\": 0.0006263297982513905}, {\"id\": 90, \"seek\": 17488, \"start\": 192.75999450683594, \"end\": 193.60000610351562, \"text\": \" That's different.\", \"tokens\": [51258, 663, 311, 819, 13, 51300], \"temperature\": 0.0, \"avg_logprob\": -0.1852482408285141, \"compression_ratio\": 1.7635782957077026, \"no_speech_prob\": 0.0006263297982513905}, {\"id\": 91, \"seek\": 17488, \"start\": 193.60000610351562, \"end\": 195.1199951171875, \"text\": \" Because when you have that speech at Harvard,\", \"tokens\": [51300, 1436, 562, 291, 362, 300, 6218, 412, 13378, 11, 51376], \"temperature\": 0.0, \"avg_logprob\": -0.1852482408285141, \"compression_ratio\": 1.7635782957077026, \"no_speech_prob\": 0.0006263297982513905}, {\"id\": 92, \"seek\": 17488, \"start\": 195.1199951171875, \"end\": 196.60000610351562, \"text\": \" the bananas start flying.\", \"tokens\": [51376, 264, 22742, 722, 7137, 13, 51450], \"temperature\": 0.0, \"avg_logprob\": -0.1852482408285141, \"compression_ratio\": 1.7635782957077026, \"no_speech_prob\": 0.0006263297982513905}, {\"id\": 93, \"seek\": 17488, \"start\": 196.60000610351562, \"end\": 197.44000244140625, \"text\": \" You know what I'm saying?\", \"tokens\": [51450, 509, 458, 437, 286, 478, 1566, 30, 51492], \"temperature\": 0.0, \"avg_logprob\": -0.1852482408285141, \"compression_ratio\": 1.7635782957077026, \"no_speech_prob\": 0.0006263297982513905}, {\"id\": 94, \"seek\": 17488, \"start\": 197.44000244140625, \"end\": 199.32000732421875, \"text\": \" The physical violence backs up.\", \"tokens\": [51492, 440, 4001, 6270, 19513, 493, 13, 51586], \"temperature\": 0.0, \"avg_logprob\": -0.1852482408285141, \"compression_ratio\": 1.7635782957077026, \"no_speech_prob\": 0.0006263297982513905}, {\"id\": 95, \"seek\": 17488, \"start\": 199.32000732421875, \"end\": 201.36000061035156, \"text\": \" So that's what I thought was really interesting.\", \"tokens\": [51586, 407, 300, 311, 437, 286, 1194, 390, 534, 1880, 13, 51688], \"temperature\": 0.0, \"avg_logprob\": -0.1852482408285141, \"compression_ratio\": 1.7635782957077026, \"no_speech_prob\": 0.0006263297982513905}, {\"id\": 96, \"seek\": 20136, \"start\": 201.36000061035156, \"end\": 204.1199951171875, \"text\": \" How familiar are you with Dr. Scott Galloway from NYU?\", \"tokens\": [50364, 1012, 4963, 366, 291, 365, 2491, 13, 6659, 460, 13253, 320, 490, 42682, 30, 50502], \"temperature\": 0.0, \"avg_logprob\": -0.27153655886650085, \"compression_ratio\": 1.6783626079559326, \"no_speech_prob\": 0.05260917916893959}, {\"id\": 97, \"seek\": 20136, \"start\": 204.1199951171875, \"end\": 204.9600067138672, \"text\": \" Love him.\", \"tokens\": [50502, 5956, 796, 13, 50544], \"temperature\": 0.0, \"avg_logprob\": -0.27153655886650085, \"compression_ratio\": 1.6783626079559326, \"no_speech_prob\": 0.05260917916893959}, {\"id\": 98, \"seek\": 20136, \"start\": 204.9600067138672, \"end\": 205.77999877929688, \"text\": \" Yeah, I keep messaging.\", \"tokens\": [50544, 865, 11, 286, 1066, 21812, 13, 50585], \"temperature\": 0.0, \"avg_logprob\": -0.27153655886650085, \"compression_ratio\": 1.6783626079559326, \"no_speech_prob\": 0.05260917916893959}, {\"id\": 99, \"seek\": 20136, \"start\": 205.77999877929688, \"end\": 207.67999267578125, \"text\": \" Hey, Scott, listen, I know you keep saying\", \"tokens\": [50585, 1911, 11, 6659, 11, 2140, 11, 286, 458, 291, 1066, 1566, 50680], \"temperature\": 0.0, \"avg_logprob\": -0.27153655886650085, \"compression_ratio\": 1.6783626079559326, \"no_speech_prob\": 0.05260917916893959}, {\"id\": 100, \"seek\": 20136, \"start\": 207.67999267578125, \"end\": 208.52000427246094, \"text\": \" you don't have bandwidth.\", \"tokens\": [50680, 291, 500, 380, 362, 23647, 13, 50722], \"temperature\": 0.0, \"avg_logprob\": -0.27153655886650085, \"compression_ratio\": 1.6783626079559326, \"no_speech_prob\": 0.05260917916893959}, {\"id\": 101, \"seek\": 20136, \"start\": 208.52000427246094, \"end\": 209.33999633789062, \"text\": \" Come on my show, bro.\", \"tokens\": [50722, 2492, 322, 452, 855, 11, 2006, 13, 50763], \"temperature\": 0.0, \"avg_logprob\": -0.27153655886650085, \"compression_ratio\": 1.6783626079559326, \"no_speech_prob\": 0.05260917916893959}, {\"id\": 102, \"seek\": 20136, \"start\": 209.33999633789062, \"end\": 210.17999267578125, \"text\": \" I promise you.\", \"tokens\": [50763, 286, 6228, 291, 13, 50805], \"temperature\": 0.0, \"avg_logprob\": -0.27153655886650085, \"compression_ratio\": 1.6783626079559326, \"no_speech_prob\": 0.05260917916893959}, {\"id\": 103, \"seek\": 20136, \"start\": 210.17999267578125, \"end\": 211.63999938964844, \"text\": \" Best interview you've ever done.\", \"tokens\": [50805, 9752, 4049, 291, 600, 1562, 1096, 13, 50878], \"temperature\": 0.0, \"avg_logprob\": -0.27153655886650085, \"compression_ratio\": 1.6783626079559326, \"no_speech_prob\": 0.05260917916893959}, {\"id\": 104, \"seek\": 20136, \"start\": 211.63999938964844, \"end\": 214.1999969482422, \"text\": \" And by the way, I'm fully advocating to come on the show.\", \"tokens\": [50878, 400, 538, 264, 636, 11, 286, 478, 4498, 32050, 281, 808, 322, 264, 855, 13, 51006], \"temperature\": 0.0, \"avg_logprob\": -0.27153655886650085, \"compression_ratio\": 1.6783626079559326, \"no_speech_prob\": 0.05260917916893959}, {\"id\": 105, \"seek\": 20136, \"start\": 214.1999969482422, \"end\": 215.32000732421875, \"text\": \" I'm sure you'll do a ton of research.\", \"tokens\": [51006, 286, 478, 988, 291, 603, 360, 257, 2952, 295, 2132, 13, 51062], \"temperature\": 0.0, \"avg_logprob\": -0.27153655886650085, \"compression_ratio\": 1.6783626079559326, \"no_speech_prob\": 0.05260917916893959}, {\"id\": 106, \"seek\": 20136, \"start\": 215.32000732421875, \"end\": 216.67999267578125, \"text\": \" But he's someone that's been advocating\", \"tokens\": [51062, 583, 415, 311, 1580, 300, 311, 668, 32050, 51130], \"temperature\": 0.0, \"avg_logprob\": -0.27153655886650085, \"compression_ratio\": 1.6783626079559326, \"no_speech_prob\": 0.05260917916893959}, {\"id\": 107, \"seek\": 20136, \"start\": 216.67999267578125, \"end\": 218.9600067138672, \"text\": \" for how men have fallen behind, right?\", \"tokens\": [51130, 337, 577, 1706, 362, 11547, 2261, 11, 558, 30, 51244], \"temperature\": 0.0, \"avg_logprob\": -0.27153655886650085, \"compression_ratio\": 1.6783626079559326, \"no_speech_prob\": 0.05260917916893959}, {\"id\": 108, \"seek\": 20136, \"start\": 218.9600067138672, \"end\": 221.0, \"text\": \" He is someone who basically talks about\", \"tokens\": [51244, 634, 307, 1580, 567, 1936, 6686, 466, 51346], \"temperature\": 0.0, \"avg_logprob\": -0.27153655886650085, \"compression_ratio\": 1.6783626079559326, \"no_speech_prob\": 0.05260917916893959}, {\"id\": 109, \"seek\": 20136, \"start\": 221.0, \"end\": 223.63999938964844, \"text\": \" how men have basically taken a backseat to women\", \"tokens\": [51346, 577, 1706, 362, 1936, 2726, 257, 646, 43152, 281, 2266, 51478], \"temperature\": 0.0, \"avg_logprob\": -0.27153655886650085, \"compression_ratio\": 1.6783626079559326, \"no_speech_prob\": 0.05260917916893959}, {\"id\": 110, \"seek\": 20136, \"start\": 223.63999938964844, \"end\": 227.39999389648438, \"text\": \" in education, in sex, in friendship.\", \"tokens\": [51478, 294, 3309, 11, 294, 3260, 11, 294, 13216, 13, 51666], \"temperature\": 0.0, \"avg_logprob\": -0.27153655886650085, \"compression_ratio\": 1.6783626079559326, \"no_speech_prob\": 0.05260917916893959}, {\"id\": 111, \"seek\": 20136, \"start\": 227.39999389648438, \"end\": 230.55999755859375, \"text\": \" There's stats right here that Scott Galloway,\", \"tokens\": [51666, 821, 311, 18152, 558, 510, 300, 6659, 460, 13253, 320, 11, 51824], \"temperature\": 0.0, \"avg_logprob\": -0.27153655886650085, \"compression_ratio\": 1.6783626079559326, \"no_speech_prob\": 0.05260917916893959}, {\"id\": 112, \"seek\": 23056, \"start\": 230.55999755859375, \"end\": 231.72000122070312, \"text\": \" credit to you, Scott Galloway.\", \"tokens\": [50364, 5397, 281, 291, 11, 6659, 460, 13253, 320, 13, 50422], \"temperature\": 0.0, \"avg_logprob\": -0.2940613329410553, \"compression_ratio\": 1.6634304523468018, \"no_speech_prob\": 4.832473860005848e-05}, {\"id\": 113, \"seek\": 23056, \"start\": 231.72000122070312, \"end\": 235.8800048828125, \"text\": \" This is from the Survey for Center of American Life.\", \"tokens\": [50422, 639, 307, 490, 264, 33365, 337, 5169, 295, 2665, 7720, 13, 50630], \"temperature\": 0.0, \"avg_logprob\": -0.2940613329410553, \"compression_ratio\": 1.6634304523468018, \"no_speech_prob\": 4.832473860005848e-05}, {\"id\": 114, \"seek\": 23056, \"start\": 235.8800048828125, \"end\": 238.32000732421875, \"text\": \" If dating was a nation,\", \"tokens\": [50630, 759, 10689, 390, 257, 4790, 11, 50752], \"temperature\": 0.0, \"avg_logprob\": -0.2940613329410553, \"compression_ratio\": 1.6634304523468018, \"no_speech_prob\": 4.832473860005848e-05}, {\"id\": 115, \"seek\": 23056, \"start\": 238.32000732421875, \"end\": 240.52000427246094, \"text\": \" it would be the most unequal nation\", \"tokens\": [50752, 309, 576, 312, 264, 881, 2251, 22345, 4790, 50862], \"temperature\": 0.0, \"avg_logprob\": -0.2940613329410553, \"compression_ratio\": 1.6634304523468018, \"no_speech_prob\": 4.832473860005848e-05}, {\"id\": 116, \"seek\": 23056, \"start\": 240.52000427246094, \"end\": 242.3800048828125, \"text\": \" as far as poverty is concerned.\", \"tokens\": [50862, 382, 1400, 382, 10958, 307, 5922, 13, 50955], \"temperature\": 0.0, \"avg_logprob\": -0.2940613329410553, \"compression_ratio\": 1.6634304523468018, \"no_speech_prob\": 4.832473860005848e-05}, {\"id\": 117, \"seek\": 23056, \"start\": 242.3800048828125, \"end\": 243.97999572753906, \"text\": \" The unequal distribution of wealth\", \"tokens\": [50955, 440, 2251, 22345, 7316, 295, 7203, 51035], \"temperature\": 0.0, \"avg_logprob\": -0.2940613329410553, \"compression_ratio\": 1.6634304523468018, \"no_speech_prob\": 4.832473860005848e-05}, {\"id\": 118, \"seek\": 23056, \"start\": 243.97999572753906, \"end\": 246.02000427246094, \"text\": \" of any nation on the planet.\", \"tokens\": [51035, 295, 604, 4790, 322, 264, 5054, 13, 51137], \"temperature\": 0.0, \"avg_logprob\": -0.2940613329410553, \"compression_ratio\": 1.6634304523468018, \"no_speech_prob\": 4.832473860005848e-05}, {\"id\": 119, \"seek\": 23056, \"start\": 246.02000427246094, \"end\": 247.47999572753906, \"text\": \" How much attention men?\", \"tokens\": [51137, 1012, 709, 3202, 1706, 30, 51210], \"temperature\": 0.0, \"avg_logprob\": -0.2940613329410553, \"compression_ratio\": 1.6634304523468018, \"no_speech_prob\": 4.832473860005848e-05}, {\"id\": 120, \"seek\": 23056, \"start\": 247.47999572753906, \"end\": 248.32000732421875, \"text\": \" The men at the top are restricted.\", \"tokens\": [51210, 440, 1706, 412, 264, 1192, 366, 20608, 13, 51252], \"temperature\": 0.0, \"avg_logprob\": -0.2940613329410553, \"compression_ratio\": 1.6634304523468018, \"no_speech_prob\": 4.832473860005848e-05}, {\"id\": 121, \"seek\": 23056, \"start\": 248.32000732421875, \"end\": 249.39999389648438, \"text\": \" Top select men, right?\", \"tokens\": [51252, 8840, 3048, 1706, 11, 558, 30, 51306], \"temperature\": 0.0, \"avg_logprob\": -0.2940613329410553, \"compression_ratio\": 1.6634304523468018, \"no_speech_prob\": 4.832473860005848e-05}, {\"id\": 122, \"seek\": 23056, \"start\": 249.39999389648438, \"end\": 250.24000549316406, \"text\": \" Exactly.\", \"tokens\": [51306, 7587, 13, 51348], \"temperature\": 0.0, \"avg_logprob\": -0.2940613329410553, \"compression_ratio\": 1.6634304523468018, \"no_speech_prob\": 4.832473860005848e-05}, {\"id\": 123, \"seek\": 23056, \"start\": 250.24000549316406, \"end\": 252.1999969482422, \"text\": \" So this is what Scott Galloway talks about all the time.\", \"tokens\": [51348, 407, 341, 307, 437, 6659, 460, 13253, 320, 6686, 466, 439, 264, 565, 13, 51446], \"temperature\": 0.0, \"avg_logprob\": -0.2940613329410553, \"compression_ratio\": 1.6634304523468018, \"no_speech_prob\": 4.832473860005848e-05}, {\"id\": 124, \"seek\": 23056, \"start\": 252.1999969482422, \"end\": 253.16000366210938, \"text\": \" The 90s versus today.\", \"tokens\": [51446, 440, 4289, 82, 5717, 965, 13, 51494], \"temperature\": 0.0, \"avg_logprob\": -0.2940613329410553, \"compression_ratio\": 1.6634304523468018, \"no_speech_prob\": 4.832473860005848e-05}, {\"id\": 125, \"seek\": 23056, \"start\": 253.16000366210938, \"end\": 257.20001220703125, \"text\": \" One in six men today have no friends whatsoever.\", \"tokens\": [51494, 1485, 294, 2309, 1706, 965, 362, 572, 1855, 17076, 13, 51696], \"temperature\": 0.0, \"avg_logprob\": -0.2940613329410553, \"compression_ratio\": 1.6634304523468018, \"no_speech_prob\": 4.832473860005848e-05}, {\"id\": 126, \"seek\": 23056, \"start\": 257.20001220703125, \"end\": 259.5199890136719, \"text\": \" And he basically talks about the difference in the 90s.\", \"tokens\": [51696, 400, 415, 1936, 6686, 466, 264, 2649, 294, 264, 4289, 82, 13, 51812], \"temperature\": 0.0, \"avg_logprob\": -0.2940613329410553, \"compression_ratio\": 1.6634304523468018, \"no_speech_prob\": 4.832473860005848e-05}, {\"id\": 127, \"seek\": 25952, \"start\": 259.5199890136719, \"end\": 263.1600036621094, \"text\": \" In the 90s, 55% of men had six or more close friends.\", \"tokens\": [50364, 682, 264, 4289, 82, 11, 12330, 4, 295, 1706, 632, 2309, 420, 544, 1998, 1855, 13, 50546], \"temperature\": 0.0, \"avg_logprob\": -0.26393330097198486, \"compression_ratio\": 1.8007662296295166, \"no_speech_prob\": 0.00017673482943791896}, {\"id\": 128, \"seek\": 25952, \"start\": 263.1600036621094, \"end\": 264.9200134277344, \"text\": \" Today, it's only 27%.\", \"tokens\": [50546, 2692, 11, 309, 311, 787, 7634, 6856, 50634], \"temperature\": 0.0, \"avg_logprob\": -0.26393330097198486, \"compression_ratio\": 1.8007662296295166, \"no_speech_prob\": 0.00017673482943791896}, {\"id\": 129, \"seek\": 25952, \"start\": 264.9200134277344, \"end\": 266.55999755859375, \"text\": \" So we're in the 27%, congratulations.\", \"tokens\": [50634, 407, 321, 434, 294, 264, 7634, 8923, 13568, 13, 50716], \"temperature\": 0.0, \"avg_logprob\": -0.26393330097198486, \"compression_ratio\": 1.8007662296295166, \"no_speech_prob\": 0.00017673482943791896}, {\"id\": 130, \"seek\": 25952, \"start\": 266.55999755859375, \"end\": 268.5199890136719, \"text\": \" Travel friend, hell yeah.\", \"tokens\": [50716, 20610, 1277, 11, 4921, 1338, 13, 50814], \"temperature\": 0.0, \"avg_logprob\": -0.26393330097198486, \"compression_ratio\": 1.8007662296295166, \"no_speech_prob\": 0.00017673482943791896}, {\"id\": 131, \"seek\": 25952, \"start\": 268.5199890136719, \"end\": 272.7200012207031, \"text\": \" Less than, how many men have less than three friends?\", \"tokens\": [50814, 18649, 813, 11, 577, 867, 1706, 362, 1570, 813, 1045, 1855, 30, 51024], \"temperature\": 0.0, \"avg_logprob\": -0.26393330097198486, \"compression_ratio\": 1.8007662296295166, \"no_speech_prob\": 0.00017673482943791896}, {\"id\": 132, \"seek\": 25952, \"start\": 272.7200012207031, \"end\": 274.8800048828125, \"text\": \" In the 90s, it was 16%, not a big number.\", \"tokens\": [51024, 682, 264, 4289, 82, 11, 309, 390, 3165, 8923, 406, 257, 955, 1230, 13, 51132], \"temperature\": 0.0, \"avg_logprob\": -0.26393330097198486, \"compression_ratio\": 1.8007662296295166, \"no_speech_prob\": 0.00017673482943791896}, {\"id\": 133, \"seek\": 25952, \"start\": 274.8800048828125, \"end\": 276.1600036621094, \"text\": \" Today, it's 32%.\", \"tokens\": [51132, 2692, 11, 309, 311, 8858, 6856, 51196], \"temperature\": 0.0, \"avg_logprob\": -0.26393330097198486, \"compression_ratio\": 1.8007662296295166, \"no_speech_prob\": 0.00017673482943791896}, {\"id\": 134, \"seek\": 25952, \"start\": 276.1600036621094, \"end\": 278.9200134277344, \"text\": \" One third of men don't have more than two friends,\", \"tokens\": [51196, 1485, 2636, 295, 1706, 500, 380, 362, 544, 813, 732, 1855, 11, 51334], \"temperature\": 0.0, \"avg_logprob\": -0.26393330097198486, \"compression_ratio\": 1.8007662296295166, \"no_speech_prob\": 0.00017673482943791896}, {\"id\": 135, \"seek\": 25952, \"start\": 278.9200134277344, \"end\": 280.0, \"text\": \" less than three friends.\", \"tokens\": [51334, 1570, 813, 1045, 1855, 13, 51388], \"temperature\": 0.0, \"avg_logprob\": -0.26393330097198486, \"compression_ratio\": 1.8007662296295166, \"no_speech_prob\": 0.00017673482943791896}, {\"id\": 136, \"seek\": 25952, \"start\": 280.0, \"end\": 281.6000061035156, \"text\": \" And here's the craziest number.\", \"tokens\": [51388, 400, 510, 311, 264, 46339, 1230, 13, 51468], \"temperature\": 0.0, \"avg_logprob\": -0.26393330097198486, \"compression_ratio\": 1.8007662296295166, \"no_speech_prob\": 0.00017673482943791896}, {\"id\": 137, \"seek\": 25952, \"start\": 281.6000061035156, \"end\": 284.1600036621094, \"text\": \" In the 90s, how many have no close friends?\", \"tokens\": [51468, 682, 264, 4289, 82, 11, 577, 867, 362, 572, 1998, 1855, 30, 51596], \"temperature\": 0.0, \"avg_logprob\": -0.26393330097198486, \"compression_ratio\": 1.8007662296295166, \"no_speech_prob\": 0.00017673482943791896}, {\"id\": 138, \"seek\": 25952, \"start\": 284.1600036621094, \"end\": 285.7799987792969, \"text\": \" Zero, no close friends.\", \"tokens\": [51596, 17182, 11, 572, 1998, 1855, 13, 51677], \"temperature\": 0.0, \"avg_logprob\": -0.26393330097198486, \"compression_ratio\": 1.8007662296295166, \"no_speech_prob\": 0.00017673482943791896}, {\"id\": 139, \"seek\": 25952, \"start\": 285.7799987792969, \"end\": 289.0400085449219, \"text\": \" 3%, below the margin of error, basically.\", \"tokens\": [51677, 805, 8923, 2507, 264, 10270, 295, 6713, 11, 1936, 13, 51840], \"temperature\": 0.0, \"avg_logprob\": -0.26393330097198486, \"compression_ratio\": 1.8007662296295166, \"no_speech_prob\": 0.00017673482943791896}, {\"id\": 140, \"seek\": 28904, \"start\": 289.6000061035156, \"end\": 291.79998779296875, \"text\": \" Today, 12%.\", \"tokens\": [50392, 2692, 11, 2272, 6856, 50502], \"temperature\": 0.0, \"avg_logprob\": -0.24197512865066528, \"compression_ratio\": 1.703180193901062, \"no_speech_prob\": 0.0001609279861440882}, {\"id\": 141, \"seek\": 28904, \"start\": 291.79998779296875, \"end\": 294.20001220703125, \"text\": \" 12% of men have no close friends.\", \"tokens\": [50502, 2272, 4, 295, 1706, 362, 572, 1998, 1855, 13, 50622], \"temperature\": 0.0, \"avg_logprob\": -0.24197512865066528, \"compression_ratio\": 1.703180193901062, \"no_speech_prob\": 0.0001609279861440882}, {\"id\": 142, \"seek\": 28904, \"start\": 294.20001220703125, \"end\": 297.0, \"text\": \" You talk about how men are falling behind.\", \"tokens\": [50622, 509, 751, 466, 577, 1706, 366, 7440, 2261, 13, 50762], \"temperature\": 0.0, \"avg_logprob\": -0.24197512865066528, \"compression_ratio\": 1.703180193901062, \"no_speech_prob\": 0.0001609279861440882}, {\"id\": 143, \"seek\": 28904, \"start\": 297.0, \"end\": 300.0, \"text\": \" A professor of NYU can kind of get away with it\", \"tokens\": [50762, 316, 8304, 295, 42682, 393, 733, 295, 483, 1314, 365, 309, 50912], \"temperature\": 0.0, \"avg_logprob\": -0.24197512865066528, \"compression_ratio\": 1.703180193901062, \"no_speech_prob\": 0.0001609279861440882}, {\"id\": 144, \"seek\": 28904, \"start\": 300.0, \"end\": 302.3599853515625, \"text\": \" because he's not talking about hot chicks\", \"tokens\": [50912, 570, 415, 311, 406, 1417, 466, 2368, 42214, 51030], \"temperature\": 0.0, \"avg_logprob\": -0.24197512865066528, \"compression_ratio\": 1.703180193901062, \"no_speech_prob\": 0.0001609279861440882}, {\"id\": 145, \"seek\": 28904, \"start\": 302.3599853515625, \"end\": 303.20001220703125, \"text\": \" and cheating and Bugattis.\", \"tokens\": [51030, 293, 18309, 293, 23821, 1591, 271, 13, 51072], \"temperature\": 0.0, \"avg_logprob\": -0.24197512865066528, \"compression_ratio\": 1.703180193901062, \"no_speech_prob\": 0.0001609279861440882}, {\"id\": 146, \"seek\": 28904, \"start\": 303.20001220703125, \"end\": 304.0400085449219, \"text\": \" Yeah, he's talking about friends.\", \"tokens\": [51072, 865, 11, 415, 311, 1417, 466, 1855, 13, 51114], \"temperature\": 0.0, \"avg_logprob\": -0.24197512865066528, \"compression_ratio\": 1.703180193901062, \"no_speech_prob\": 0.0001609279861440882}, {\"id\": 147, \"seek\": 28904, \"start\": 304.0400085449219, \"end\": 305.1199951171875, \"text\": \" He's going around it, yeah.\", \"tokens\": [51114, 634, 311, 516, 926, 309, 11, 1338, 13, 51168], \"temperature\": 0.0, \"avg_logprob\": -0.24197512865066528, \"compression_ratio\": 1.703180193901062, \"no_speech_prob\": 0.0001609279861440882}, {\"id\": 148, \"seek\": 28904, \"start\": 305.1199951171875, \"end\": 306.8399963378906, \"text\": \" He can kind of go around it.\", \"tokens\": [51168, 634, 393, 733, 295, 352, 926, 309, 13, 51254], \"temperature\": 0.0, \"avg_logprob\": -0.24197512865066528, \"compression_ratio\": 1.703180193901062, \"no_speech_prob\": 0.0001609279861440882}, {\"id\": 149, \"seek\": 28904, \"start\": 306.8399963378906, \"end\": 308.6000061035156, \"text\": \" But when Tate hits it right in the head,\", \"tokens\": [51254, 583, 562, 314, 473, 8664, 309, 558, 294, 264, 1378, 11, 51342], \"temperature\": 0.0, \"avg_logprob\": -0.24197512865066528, \"compression_ratio\": 1.703180193901062, \"no_speech_prob\": 0.0001609279861440882}, {\"id\": 150, \"seek\": 28904, \"start\": 308.6000061035156, \"end\": 310.6400146484375, \"text\": \" that's like, fuck it, I want to make money\", \"tokens\": [51342, 300, 311, 411, 11, 3275, 309, 11, 286, 528, 281, 652, 1460, 51444], \"temperature\": 0.0, \"avg_logprob\": -0.24197512865066528, \"compression_ratio\": 1.703180193901062, \"no_speech_prob\": 0.0001609279861440882}, {\"id\": 151, \"seek\": 28904, \"start\": 310.6400146484375, \"end\": 312.7200012207031, \"text\": \" and bang hot chicks and drive sports cars\", \"tokens\": [51444, 293, 8550, 2368, 42214, 293, 3332, 6573, 5163, 51548], \"temperature\": 0.0, \"avg_logprob\": -0.24197512865066528, \"compression_ratio\": 1.703180193901062, \"no_speech_prob\": 0.0001609279861440882}, {\"id\": 152, \"seek\": 28904, \"start\": 312.7200012207031, \"end\": 316.55999755859375, \"text\": \" and kick some ass, people get very uncomfortable with that.\", \"tokens\": [51548, 293, 4437, 512, 1256, 11, 561, 483, 588, 10532, 365, 300, 13, 51740], \"temperature\": 0.0, \"avg_logprob\": -0.24197512865066528, \"compression_ratio\": 1.703180193901062, \"no_speech_prob\": 0.0001609279861440882}, {\"id\": 153, \"seek\": 31656, \"start\": 316.55999755859375, \"end\": 319.239990234375, \"text\": \" But someone like as skilled and as knowledgeable\", \"tokens\": [50364, 583, 1580, 411, 382, 19690, 293, 382, 33800, 50498], \"temperature\": 0.0, \"avg_logprob\": -0.19782884418964386, \"compression_ratio\": 1.796296238899231, \"no_speech_prob\": 5.144128590472974e-05}, {\"id\": 154, \"seek\": 31656, \"start\": 319.239990234375, \"end\": 322.9599914550781, \"text\": \" as Professor Scott Galloway, he writes books about this,\", \"tokens\": [50498, 382, 8419, 6659, 460, 13253, 320, 11, 415, 13657, 3642, 466, 341, 11, 50684], \"temperature\": 0.0, \"avg_logprob\": -0.19782884418964386, \"compression_ratio\": 1.796296238899231, \"no_speech_prob\": 5.144128590472974e-05}, {\"id\": 155, \"seek\": 31656, \"start\": 322.9599914550781, \"end\": 327.67999267578125, \"text\": \" but it's not as in your face and as chauvinist as about it.\", \"tokens\": [50684, 457, 309, 311, 406, 382, 294, 428, 1851, 293, 382, 417, 1459, 4796, 468, 382, 466, 309, 13, 50920], \"temperature\": 0.0, \"avg_logprob\": -0.19782884418964386, \"compression_ratio\": 1.796296238899231, \"no_speech_prob\": 5.144128590472974e-05}, {\"id\": 156, \"seek\": 31656, \"start\": 327.67999267578125, \"end\": 330.2799987792969, \"text\": \" And one of the things I love about Scott Galloway,\", \"tokens\": [50920, 400, 472, 295, 264, 721, 286, 959, 466, 6659, 460, 13253, 320, 11, 51050], \"temperature\": 0.0, \"avg_logprob\": -0.19782884418964386, \"compression_ratio\": 1.796296238899231, \"no_speech_prob\": 5.144128590472974e-05}, {\"id\": 157, \"seek\": 31656, \"start\": 330.2799987792969, \"end\": 332.0, \"text\": \" which I think we can basically agree with,\", \"tokens\": [51050, 597, 286, 519, 321, 393, 1936, 3986, 365, 11, 51136], \"temperature\": 0.0, \"avg_logprob\": -0.19782884418964386, \"compression_ratio\": 1.796296238899231, \"no_speech_prob\": 5.144128590472974e-05}, {\"id\": 158, \"seek\": 31656, \"start\": 332.0, \"end\": 335.8800048828125, \"text\": \" is that it's not a one gender needs to lose\", \"tokens\": [51136, 307, 300, 309, 311, 406, 257, 472, 7898, 2203, 281, 3624, 51330], \"temperature\": 0.0, \"avg_logprob\": -0.19782884418964386, \"compression_ratio\": 1.796296238899231, \"no_speech_prob\": 5.144128590472974e-05}, {\"id\": 159, \"seek\": 31656, \"start\": 335.8800048828125, \"end\": 337.8800048828125, \"text\": \" when the other one wins, right?\", \"tokens\": [51330, 562, 264, 661, 472, 10641, 11, 558, 30, 51430], \"temperature\": 0.0, \"avg_logprob\": -0.19782884418964386, \"compression_ratio\": 1.796296238899231, \"no_speech_prob\": 5.144128590472974e-05}, {\"id\": 160, \"seek\": 31656, \"start\": 337.8800048828125, \"end\": 340.8999938964844, \"text\": \" Like men can improve and women can improve.\", \"tokens\": [51430, 1743, 1706, 393, 3470, 293, 2266, 393, 3470, 13, 51581], \"temperature\": 0.0, \"avg_logprob\": -0.19782884418964386, \"compression_ratio\": 1.796296238899231, \"no_speech_prob\": 5.144128590472974e-05}, {\"id\": 161, \"seek\": 31656, \"start\": 340.8999938964844, \"end\": 343.55999755859375, \"text\": \" Women don't have to lose in order for men to do better\", \"tokens\": [51581, 11065, 500, 380, 362, 281, 3624, 294, 1668, 337, 1706, 281, 360, 1101, 51714], \"temperature\": 0.0, \"avg_logprob\": -0.19782884418964386, \"compression_ratio\": 1.796296238899231, \"no_speech_prob\": 5.144128590472974e-05}, {\"id\": 162, \"seek\": 31656, \"start\": 343.55999755859375, \"end\": 345.9200134277344, \"text\": \" and men don't have to lose for women to do better.\", \"tokens\": [51714, 293, 1706, 500, 380, 362, 281, 3624, 337, 2266, 281, 360, 1101, 13, 51832], \"temperature\": 0.0, \"avg_logprob\": -0.19782884418964386, \"compression_ratio\": 1.796296238899231, \"no_speech_prob\": 5.144128590472974e-05}, {\"id\": 163, \"seek\": 34592, \"start\": 346.0, \"end\": 347.1600036621094, \"text\": \" And I think that's sort of the essence\", \"tokens\": [50368, 400, 286, 519, 300, 311, 1333, 295, 264, 12801, 50426], \"temperature\": 0.0, \"avg_logprob\": -0.2560208737850189, \"compression_ratio\": 1.6222221851348877, \"no_speech_prob\": 4.425434781296644e-06}, {\"id\": 164, \"seek\": 34592, \"start\": 347.1600036621094, \"end\": 349.32000732421875, \"text\": \" of what we're talking about is how can we all improve\", \"tokens\": [50426, 295, 437, 321, 434, 1417, 466, 307, 577, 393, 321, 439, 3470, 50534], \"temperature\": 0.0, \"avg_logprob\": -0.2560208737850189, \"compression_ratio\": 1.6222221851348877, \"no_speech_prob\": 4.425434781296644e-06}, {\"id\": 165, \"seek\": 34592, \"start\": 349.32000732421875, \"end\": 351.0400085449219, \"text\": \" and get better in society?\", \"tokens\": [50534, 293, 483, 1101, 294, 4086, 30, 50620], \"temperature\": 0.0, \"avg_logprob\": -0.2560208737850189, \"compression_ratio\": 1.6222221851348877, \"no_speech_prob\": 4.425434781296644e-06}, {\"id\": 166, \"seek\": 34592, \"start\": 351.0400085449219, \"end\": 355.9599914550781, \"text\": \" And Tate, I think a lot of people are going to disagree,\", \"tokens\": [50620, 400, 314, 473, 11, 286, 519, 257, 688, 295, 561, 366, 516, 281, 14091, 11, 50866], \"temperature\": 0.0, \"avg_logprob\": -0.2560208737850189, \"compression_ratio\": 1.6222221851348877, \"no_speech_prob\": 4.425434781296644e-06}, {\"id\": 167, \"seek\": 34592, \"start\": 355.9599914550781, \"end\": 359.44000244140625, \"text\": \" but I think that's kind of his message as well.\", \"tokens\": [50866, 457, 286, 519, 300, 311, 733, 295, 702, 3636, 382, 731, 13, 51040], \"temperature\": 0.0, \"avg_logprob\": -0.2560208737850189, \"compression_ratio\": 1.6222221851348877, \"no_speech_prob\": 4.425434781296644e-06}, {\"id\": 168, \"seek\": 34592, \"start\": 359.44000244140625, \"end\": 361.67999267578125, \"text\": \" No, it is, but the thing is he also throws in there\", \"tokens\": [51040, 883, 11, 309, 307, 11, 457, 264, 551, 307, 415, 611, 19251, 294, 456, 51152], \"temperature\": 0.0, \"avg_logprob\": -0.2560208737850189, \"compression_ratio\": 1.6222221851348877, \"no_speech_prob\": 4.425434781296644e-06}, {\"id\": 169, \"seek\": 34592, \"start\": 361.67999267578125, \"end\": 363.2799987792969, \"text\": \" any empire that was run by women\", \"tokens\": [51152, 604, 17506, 300, 390, 1190, 538, 2266, 51232], \"temperature\": 0.0, \"avg_logprob\": -0.2560208737850189, \"compression_ratio\": 1.6222221851348877, \"no_speech_prob\": 4.425434781296644e-06}, {\"id\": 170, \"seek\": 34592, \"start\": 363.2799987792969, \"end\": 368.239990234375, \"text\": \" would quickly be conquered by men, which is true.\", \"tokens\": [51232, 576, 2661, 312, 32695, 538, 1706, 11, 597, 307, 2074, 13, 51480], \"temperature\": 0.0, \"avg_logprob\": -0.2560208737850189, \"compression_ratio\": 1.6222221851348877, \"no_speech_prob\": 4.425434781296644e-06}, {\"id\": 171, \"seek\": 34592, \"start\": 368.239990234375, \"end\": 370.79998779296875, \"text\": \" But when you say it like that, it's offensive to people\", \"tokens\": [51480, 583, 562, 291, 584, 309, 411, 300, 11, 309, 311, 15710, 281, 561, 51608], \"temperature\": 0.0, \"avg_logprob\": -0.2560208737850189, \"compression_ratio\": 1.6222221851348877, \"no_speech_prob\": 4.425434781296644e-06}, {\"id\": 172, \"seek\": 34592, \"start\": 370.79998779296875, \"end\": 371.6400146484375, \"text\": \" and they don't get it.\", \"tokens\": [51608, 293, 436, 500, 380, 483, 309, 13, 51650], \"temperature\": 0.0, \"avg_logprob\": -0.2560208737850189, \"compression_ratio\": 1.6222221851348877, \"no_speech_prob\": 4.425434781296644e-06}]}"}