{"title": "American Cinema And Mob Culture", "video_id": "IOwA6qrYcxI", "video_url": "https://www.youtube.com/watch?v=IOwA6qrYcxI", "description": "Ready to build a network of amazing women and high-status men?\n\nMichael\u2019s Men of Action is a one-on-one Master\u2019s program that teaches men how to create elite social lives by becoming higher status.\n\nClick this link to learn how you can have a High-Status lifestyle now:\nhttps://m.moamentoring.com/podcast\n\nClick here to join the Men of Action community and watch the High-Status Networking 101 course:\nhttps://m.moamentoring.com/moa-community\n\u2014\u2014\u2014\u2014\u2014\u2014\u2014\u2014\u2014\u2014\u2014\u2014\u2014\u2014\u2014\u2014\u2014\u2014\u2014\u2014\n\nSubscribe on Youtube: \nhttps://www.youtube.com/user/MichaelSartain\n\nListen on Apple Podcast: \nhttps://podcasts.apple.com/us/podcast/the-michael-sartain-podcast/id1579791157\n\nListen on Spotify: \nhttps://open.spotify.com/show/2faAYwvDD9Bvkpwv6umlPO?si=8Q3ak9HnSlKjuChsTXr6YQ&dl_branch=1", "published_at": "2023-05-25T13:15:02Z", "channel_id": "UC0T1bDzajVefRWx4uKdGyuw", "channel_title": "Michael Sartain", "tags": [], "category_id": "24", "live_broadcast_content": "none", "duration": 48.0, "dimension": "2d", "definition": "hd", "caption": "false", "view_count": 2349, "like_count": 56, "comment_count": 3, "channel_info": {"title": "Michael Sartain", "description": "\ud83c\udf99Host of The\u00a0Michael Sartain Podcast \n\n\ud83d\udd25Teaching you how to build a network of desirable women and high-status men\n\n\ud83d\udc47 Click the \"Men of Action\" link below now to forge a high-status lifestyle and join the elites \n", "subscriber_count": "80500", "total_views": "29545897", "total_videos": "1481"}, "comments": [], "file_path": "/Users/aelaguiz/workspace/fc_book/audio/raws/IOwA6qrYcxI.mp3", "transcription": "{\"text\": \"It's a, I think it's a unique thing with American cinema where between the godfather, American gangster, goodfellas, where we, we, it's really funny. Cause when you go back and watch casino, the attorney in, in casino is Oscar Goodman, who's the mayor of Las Vegas. Like that's where we put our gangsters in this country. Like we see them as a higher, the most popular TV show of all time at the time was the Sopranos where we're actually able to look into the life of someone who would be the bad guy, you know what I'm saying? And it was interesting the way we, Breaking Bad, right? This is, these are another, other examples of this where we, where we wanted to glorify this lifestyle. So it's, it's, it's interesting when you're a kid and you see that and then you listen to NWA or you watch, you know, a casino or goodfellas, like how you get sucked into that. \", \"segments\": [{\"id\": 0, \"seek\": 0, \"start\": 0.0, \"end\": 4.320000171661377, \"text\": \" It's a, I think it's a unique thing with American cinema where between the\", \"tokens\": [50364, 467, 311, 257, 11, 286, 519, 309, 311, 257, 3845, 551, 365, 2665, 17178, 689, 1296, 264, 50580], \"temperature\": 0.0, \"avg_logprob\": -0.2541986107826233, \"compression_ratio\": 1.6760563850402832, \"no_speech_prob\": 0.0010318726999685168}, {\"id\": 1, \"seek\": 0, \"start\": 4.320000171661377, \"end\": 9.880000114440918, \"text\": \" godfather, American gangster, goodfellas, where we, we, it's really funny.\", \"tokens\": [50580, 3044, 11541, 11, 2665, 50104, 11, 665, 69, 898, 296, 11, 689, 321, 11, 321, 11, 309, 311, 534, 4074, 13, 50858], \"temperature\": 0.0, \"avg_logprob\": -0.2541986107826233, \"compression_ratio\": 1.6760563850402832, \"no_speech_prob\": 0.0010318726999685168}, {\"id\": 2, \"seek\": 0, \"start\": 9.880000114440918, \"end\": 14.5600004196167, \"text\": \" Cause when you go back and watch casino, the attorney in, in casino is Oscar\", \"tokens\": [50858, 10865, 562, 291, 352, 646, 293, 1159, 36278, 11, 264, 13469, 294, 11, 294, 36278, 307, 20718, 51092], \"temperature\": 0.0, \"avg_logprob\": -0.2541986107826233, \"compression_ratio\": 1.6760563850402832, \"no_speech_prob\": 0.0010318726999685168}, {\"id\": 3, \"seek\": 0, \"start\": 14.5600004196167, \"end\": 16.84000015258789, \"text\": \" Goodman, who's the mayor of Las Vegas.\", \"tokens\": [51092, 2205, 1601, 11, 567, 311, 264, 10120, 295, 10663, 15841, 13, 51206], \"temperature\": 0.0, \"avg_logprob\": -0.2541986107826233, \"compression_ratio\": 1.6760563850402832, \"no_speech_prob\": 0.0010318726999685168}, {\"id\": 4, \"seek\": 0, \"start\": 17.1200008392334, \"end\": 20.219999313354492, \"text\": \" Like that's where we put our gangsters in this country.\", \"tokens\": [51220, 1743, 300, 311, 689, 321, 829, 527, 10145, 10130, 294, 341, 1941, 13, 51375], \"temperature\": 0.0, \"avg_logprob\": -0.2541986107826233, \"compression_ratio\": 1.6760563850402832, \"no_speech_prob\": 0.0010318726999685168}, {\"id\": 5, \"seek\": 0, \"start\": 20.219999313354492, \"end\": 25.020000457763672, \"text\": \" Like we see them as a higher, the most popular TV show of all time at the time\", \"tokens\": [51375, 1743, 321, 536, 552, 382, 257, 2946, 11, 264, 881, 3743, 3558, 855, 295, 439, 565, 412, 264, 565, 51615], \"temperature\": 0.0, \"avg_logprob\": -0.2541986107826233, \"compression_ratio\": 1.6760563850402832, \"no_speech_prob\": 0.0010318726999685168}, {\"id\": 6, \"seek\": 0, \"start\": 25.020000457763672, \"end\": 28.68000030517578, \"text\": \" was the Sopranos where we're actually able to look into the life of someone\", \"tokens\": [51615, 390, 264, 318, 404, 4257, 329, 689, 321, 434, 767, 1075, 281, 574, 666, 264, 993, 295, 1580, 51798], \"temperature\": 0.0, \"avg_logprob\": -0.2541986107826233, \"compression_ratio\": 1.6760563850402832, \"no_speech_prob\": 0.0010318726999685168}, {\"id\": 7, \"seek\": 2868, \"start\": 28.68000030517578, \"end\": 30.520000457763672, \"text\": \" who would be the bad guy, you know what I'm saying?\", \"tokens\": [50364, 567, 576, 312, 264, 1578, 2146, 11, 291, 458, 437, 286, 478, 1566, 30, 50456], \"temperature\": 0.0, \"avg_logprob\": -0.24857333302497864, \"compression_ratio\": 1.6166666746139526, \"no_speech_prob\": 5.826268534292467e-05}, {\"id\": 8, \"seek\": 2868, \"start\": 30.84000015258789, \"end\": 33.7599983215332, \"text\": \" And it was interesting the way we, Breaking Bad, right?\", \"tokens\": [50472, 400, 309, 390, 1880, 264, 636, 321, 11, 36715, 11523, 11, 558, 30, 50618], \"temperature\": 0.0, \"avg_logprob\": -0.24857333302497864, \"compression_ratio\": 1.6166666746139526, \"no_speech_prob\": 5.826268534292467e-05}, {\"id\": 9, \"seek\": 2868, \"start\": 33.79999923706055, \"end\": 36.84000015258789, \"text\": \" This is, these are another, other examples of this where we, where we\", \"tokens\": [50620, 639, 307, 11, 613, 366, 1071, 11, 661, 5110, 295, 341, 689, 321, 11, 689, 321, 50772], \"temperature\": 0.0, \"avg_logprob\": -0.24857333302497864, \"compression_ratio\": 1.6166666746139526, \"no_speech_prob\": 5.826268534292467e-05}, {\"id\": 10, \"seek\": 2868, \"start\": 36.84000015258789, \"end\": 38.20000076293945, \"text\": \" wanted to glorify this lifestyle.\", \"tokens\": [50772, 1415, 281, 26623, 2505, 341, 11716, 13, 50840], \"temperature\": 0.0, \"avg_logprob\": -0.24857333302497864, \"compression_ratio\": 1.6166666746139526, \"no_speech_prob\": 5.826268534292467e-05}, {\"id\": 11, \"seek\": 2868, \"start\": 38.20000076293945, \"end\": 41.7599983215332, \"text\": \" So it's, it's, it's interesting when you're a kid and you see that and then\", \"tokens\": [50840, 407, 309, 311, 11, 309, 311, 11, 309, 311, 1880, 562, 291, 434, 257, 1636, 293, 291, 536, 300, 293, 550, 51018], \"temperature\": 0.0, \"avg_logprob\": -0.24857333302497864, \"compression_ratio\": 1.6166666746139526, \"no_speech_prob\": 5.826268534292467e-05}, {\"id\": 12, \"seek\": 2868, \"start\": 41.7599983215332, \"end\": 45.79999923706055, \"text\": \" you listen to NWA or you watch, you know, a casino or goodfellas, like\", \"tokens\": [51018, 291, 2140, 281, 426, 21449, 420, 291, 1159, 11, 291, 458, 11, 257, 36278, 420, 665, 69, 898, 296, 11, 411, 51220], \"temperature\": 0.0, \"avg_logprob\": -0.24857333302497864, \"compression_ratio\": 1.6166666746139526, \"no_speech_prob\": 5.826268534292467e-05}, {\"id\": 13, \"seek\": 2868, \"start\": 45.79999923706055, \"end\": 46.959999084472656, \"text\": \" how you get sucked into that.\", \"tokens\": [51220, 577, 291, 483, 26503, 666, 300, 13, 51278], \"temperature\": 0.0, \"avg_logprob\": -0.24857333302497864, \"compression_ratio\": 1.6166666746139526, \"no_speech_prob\": 5.826268534292467e-05}]}"}