{"title": "The Craziest Story of Preselection", "video_id": "J9qsGMQ5UZ4", "video_url": "https://www.youtube.com/watch?v=J9qsGMQ5UZ4", "description": "Watch The Full Podcast Here \ud83d\udd17:  https://youtu.be/oChxw4y_lxI\n\nReady to build a network of amazing women and high-status men?\n\nMichael\u2019s Men of Action is a one-on-one Master\u2019s program that teaches men how to create elite social lives by becoming higher status.\n\nClick this link to learn how you can have a High-Status lifestyle now:\nhttps://m.moamentoring.com/podcast\n\nClick here to join the Men of Action community and watch the High-Status Networking 101 course:\nhttps://m.moamentoring.com/moa-community\n\u2014\u2014\u2014\u2014\u2014\u2014\u2014\u2014\u2014\u2014\u2014\u2014\u2014\u2014\u2014\u2014\u2014\u2014\u2014\u2014\n\nSubscribe on Youtube: \nhttps://www.youtube.com/user/MichaelSartain\n\nListen on Apple Podcast: \nhttps://podcasts.apple.com/us/podcast/the-michael-sartain-podcast/id1579791157\n\nListen on Spotify: \nhttps://open.spotify.com/show/2faAYwvDD9Bvkpwv6umlPO?si=8Q3ak9HnSlKjuChsTXr6YQ&dl_branch=1", "published_at": "2023-05-30T14:45:00Z", "channel_id": "UC0T1bDzajVefRWx4uKdGyuw", "channel_title": "Michael Sartain", "tags": [], "category_id": "24", "live_broadcast_content": "none", "duration": 420.0, "dimension": "2d", "definition": "hd", "caption": "false", "view_count": 2843, "like_count": 123, "comment_count": 13, "channel_info": {"title": "Michael Sartain", "description": "\ud83c\udf99Host of The\u00a0Michael Sartain Podcast \n\n\ud83d\udd25Teaching you how to build a network of desirable women and high-status men\n\n\ud83d\udc47 Click the \"Men of Action\" link below now to forge a high-status lifestyle and join the elites \n", "subscriber_count": "80500", "total_views": "29545897", "total_videos": "1481"}, "comments": [], "file_path": "/Users/aelaguiz/workspace/fc_book/audio/raws/J9qsGMQ5UZ4.mp3", "transcription": "{\"text\": \"I had a friend of mine, a female friend, she's really beautiful girls, got a college degree, but she was dancing at the Yellow Rose. I'm sure you're aware that's there in Austin. And she starts working at a bar with the biggest male whore I'd ever met in my life. This dude had fucked more girls than anyone. He used to brag about it after work. I worked with him previously. She starts working with him and she comes to me and she's just laughing. She's like, oh my God, talking to these stories about him fucking girls in the bathroom and all this kind of stuff. And then six months later, Adam, I'm sure you know how this ends, she marries him. And one of the points I wanted to make was that this whole idea that there's a lot of dudes out there that are like, no, there's a certain type of attraction for the good girls and I want that type of attraction and not the type of attraction that you and Adam are doing for the bad girls. And my whole thing is no, you got to stop watching that movie Hitch. It's just one type of attraction and it works for pretty much everyone. So I just wanted to point out once again, it's like you, even though you had your past, I'm sure Amanda probably didn't care. Or if she did, she probably found it attractive. Has that been something you've noticed? Yeah, I mean, no, that's absolutely. Like pre-selection's real. Like they've done so many studies on this that have like shown in. I mean, I duplicated the study on a YouTube video back in the day when I was like heavily into YouTube. We went around San Marcos with a picture of a guy and a picture of a guy with two women. It was just Photoshopped with two women looking at the guy and women rated him two points higher. They've done this study so many times. You can literally do it, show a picture of you and then another picture where you, you know, Photoshopped in a woman looking at you and you'll be scored higher. People will be like, you're more attractive because pre-selection's real. So if you have a whole bunch of women and a past and a history, women will absolutely find you more attractive. And you know, there's something amazing about knowing that you're with a guy that can get you off. A lot of guys are shit in bed because they just haven't had enough sex or having enough sex with enough different women to understand that different vaginas are shaped differently, that they need different kinds of attention. And if a guy doesn't have that kind of experience, the girl's looking at a pretty shitty sex life. You were talking about it before. So pre-selection and then experience is what you're referring to now. There was a third thing. I forgot what it was. Yeah, so yeah, we talk about, that's actually the ACE formula. So it's pre-selection, which is abundance A and then confidence is the second one. The last one is escalation, the ability to turn somebody on. So yeah, three key components. So you and Amanda, you guys split up and then at this point, now we move forward. Is it a conscious decision to get into a throuple? Because for me, what I've found is that it's usually a woman I'm seeing and she's attracted to another woman and I'm just kind of the butler. I'm like, oh yeah, cool. I'm like, you know what I'm saying? I'm the guy who gets the Taco Bell. Yeah, I always tell people like, that's the best way to have a threesome is to like make it about the two women don't make it about you. And I'd had a lot of threesomes. What happened was when we separated, Amanda said to me, she's like, the worst thing about breaking up with you is you're gonna, every other guy I've been with, she goes, I know they're never gonna get as good at me. So I get to say, you'll never meet anyone as good as me. She goes, I can't say that with you because you're gonna do better. And I was like, I appreciate you saying that, but it's true, I will. And I had a friend who was a lesbian at the time and she was only into women and she basically professed her love to me once me and Amanda separated. And she said, but I'm not gonna give up women for you. And I look at her and go, I'm not gonna give up women for you either. And she goes, oh, that's a good one. And so we agreed that we would go and meet women and we would go out and we would make out and have sex. And we would also meet other women. And sometimes I would have a woman and she would have a woman. And then sometimes we'd bring women home together and sleep with them together. And that was kind of how it was. And our relationship developed. And one night we were out, I was actually teaching a student a game. And he failed on a girl like four times, but she was so hot. She was a photographer from Hollywood at Austin Fashion Week, which believe it or not, Austin has. I know you know, but most people don't. And after he'd failed, he said, yeah, you can never get a girl like that. Like, you know, she was just in a bad mood. I was like, anyone can get anyone if you know what you're doing. And he goes, you're telling me you can go and talk to her now after she's in that kind of foul mood. And I failed four times. I was like, yeah, watch me. And so I went straight up to her, got talking to her. And then me and Brooke, we bounced her. Brooke was the other woman I was seeing. And we went out, we spent the whole night together. We went back to bed. We took her to a strip club. We met a waitress in the strip club. This is the craziest story. Brooke and her were making out and the waitress comes up to me. She's like, are you jealous? I was like, why would I be jealous? I'm gonna get both of them later. She goes, well, I'm jealous. I was like, don't be, join in. And she did. So our first night together was me, the waitress from Palazzo. There you go. Okay, so I was the DJ at Palazzo for two and a half years. Okay, that's too funny. So which years? So this would have been, so I was the DJ at Expos\\u00e9 from 2000 until 2004. No, 2003. And then I was at Palazzo during that time also. Cause it opened after the second year I was at Expos\\u00e9. Okay, so yeah, this was later. I was the manager. I was the manager at Crazy Lady. And then I was, which is called Zero now, I think. And then I was the DJ at Sugars until February of 04. And then I joined the military. I swore into the military in February of 04, yeah. That's awesome. All right, so yeah, so this is much later than that. But yeah, so long story short, the four of us had sex. But the girl who I'm now about to get married to, I'm engaged to, Eve, went back to LA, where she lived in Hollywood. And we just had a long distance relationship that lasted a few years. Meanwhile, me and Brooke, we slept with other people. And then we ended up moving to LA. So when we moved to LA, we didn't have anywhere to crash. Eve said, you can crash with me for a couple of weeks. We crashed with her, the relationship deepened. And then me and Brooke had a kid. Brooke already had a kid from a previous relationship I'd mostly adopted, because I kind of came into his life when he was 18 months old. And I wanted to be a dad, obviously, which was the reason I left Amanda. And me and Brooke had always decided like we could co-parent, even if the relationship didn't work out. That was like a factor, because she primarily preferred women. And then, yeah, we ended up seeing Eve probably three, four nights a week. And then Eve says to us one day, hey, I wanna get a bigger place. I'm thinking about moving by the beach. And mine and Brooke's rent was up at the same time. And we said, well, business is booming. We're thinking the same thing. Why don't we move in together? So we moved in together. Brooke gave birth to Dante, which was my second child, I suppose. And then Eve, after seeing Dante, during the pregnancy, she was like, I don't know if I wanna be with you guys. So that was kind of awkward. But then when Dante was born, she was like, no, I do wanna be with you. And the fact that it was the kid, she didn't know if she was ready to be a mom. Just to put it on the record. But once Dante was born, she fell in love. And the reason everyone knew about us, so we'd been together like two and a half years at this point. And that's when Eve decided she wanted to have a kid. \", \"segments\": [{\"id\": 0, \"seek\": 0, \"start\": 0.0, \"end\": 1.2400000095367432, \"text\": \" I had a friend of mine, a female friend,\", \"tokens\": [50364, 286, 632, 257, 283, 4896, 295, 3892, 11, 257, 6556, 1277, 11, 50426], \"temperature\": 0.0, \"avg_logprob\": -0.24964474141597748, \"compression_ratio\": 1.7345844507217407, \"no_speech_prob\": 0.037876229733228683}, {\"id\": 1, \"seek\": 0, \"start\": 1.2400000095367432, \"end\": 4.320000171661377, \"text\": \" she's really beautiful girls, got a college degree,\", \"tokens\": [50426, 750, 311, 534, 2238, 4519, 11, 658, 257, 3859, 4314, 11, 50580], \"temperature\": 0.0, \"avg_logprob\": -0.24964474141597748, \"compression_ratio\": 1.7345844507217407, \"no_speech_prob\": 0.037876229733228683}, {\"id\": 2, \"seek\": 0, \"start\": 4.320000171661377, \"end\": 5.800000190734863, \"text\": \" but she was dancing at the Yellow Rose.\", \"tokens\": [50580, 457, 750, 390, 8898, 412, 264, 17550, 12765, 13, 50654], \"temperature\": 0.0, \"avg_logprob\": -0.24964474141597748, \"compression_ratio\": 1.7345844507217407, \"no_speech_prob\": 0.037876229733228683}, {\"id\": 3, \"seek\": 0, \"start\": 5.800000190734863, \"end\": 8.359999656677246, \"text\": \" I'm sure you're aware that's there in Austin.\", \"tokens\": [50654, 286, 478, 988, 291, 434, 3650, 300, 311, 456, 294, 15356, 13, 50782], \"temperature\": 0.0, \"avg_logprob\": -0.24964474141597748, \"compression_ratio\": 1.7345844507217407, \"no_speech_prob\": 0.037876229733228683}, {\"id\": 4, \"seek\": 0, \"start\": 8.359999656677246, \"end\": 9.880000114440918, \"text\": \" And she starts working at a bar\", \"tokens\": [50782, 400, 750, 3719, 1364, 412, 257, 2159, 50858], \"temperature\": 0.0, \"avg_logprob\": -0.24964474141597748, \"compression_ratio\": 1.7345844507217407, \"no_speech_prob\": 0.037876229733228683}, {\"id\": 5, \"seek\": 0, \"start\": 9.880000114440918, \"end\": 12.279999732971191, \"text\": \" with the biggest male whore I'd ever met in my life.\", \"tokens\": [50858, 365, 264, 3880, 7133, 315, 418, 286, 1116, 1562, 1131, 294, 452, 993, 13, 50978], \"temperature\": 0.0, \"avg_logprob\": -0.24964474141597748, \"compression_ratio\": 1.7345844507217407, \"no_speech_prob\": 0.037876229733228683}, {\"id\": 6, \"seek\": 0, \"start\": 12.279999732971191, \"end\": 14.15999984741211, \"text\": \" This dude had fucked more girls than anyone.\", \"tokens\": [50978, 639, 6449, 632, 22518, 544, 4519, 813, 2878, 13, 51072], \"temperature\": 0.0, \"avg_logprob\": -0.24964474141597748, \"compression_ratio\": 1.7345844507217407, \"no_speech_prob\": 0.037876229733228683}, {\"id\": 7, \"seek\": 0, \"start\": 14.15999984741211, \"end\": 15.960000038146973, \"text\": \" He used to brag about it after work.\", \"tokens\": [51072, 634, 1143, 281, 41995, 466, 309, 934, 589, 13, 51162], \"temperature\": 0.0, \"avg_logprob\": -0.24964474141597748, \"compression_ratio\": 1.7345844507217407, \"no_speech_prob\": 0.037876229733228683}, {\"id\": 8, \"seek\": 0, \"start\": 15.960000038146973, \"end\": 17.68000030517578, \"text\": \" I worked with him previously.\", \"tokens\": [51162, 286, 2732, 365, 796, 8046, 13, 51248], \"temperature\": 0.0, \"avg_logprob\": -0.24964474141597748, \"compression_ratio\": 1.7345844507217407, \"no_speech_prob\": 0.037876229733228683}, {\"id\": 9, \"seek\": 0, \"start\": 17.68000030517578, \"end\": 19.15999984741211, \"text\": \" She starts working with him and she comes to me\", \"tokens\": [51248, 1240, 3719, 1364, 365, 796, 293, 750, 1487, 281, 385, 51322], \"temperature\": 0.0, \"avg_logprob\": -0.24964474141597748, \"compression_ratio\": 1.7345844507217407, \"no_speech_prob\": 0.037876229733228683}, {\"id\": 10, \"seek\": 0, \"start\": 19.15999984741211, \"end\": 20.0, \"text\": \" and she's just laughing.\", \"tokens\": [51322, 293, 750, 311, 445, 5059, 13, 51364], \"temperature\": 0.0, \"avg_logprob\": -0.24964474141597748, \"compression_ratio\": 1.7345844507217407, \"no_speech_prob\": 0.037876229733228683}, {\"id\": 11, \"seek\": 0, \"start\": 20.0, \"end\": 21.639999389648438, \"text\": \" She's like, oh my God, talking to these stories\", \"tokens\": [51364, 1240, 311, 411, 11, 1954, 452, 1265, 11, 1417, 281, 613, 3676, 51446], \"temperature\": 0.0, \"avg_logprob\": -0.24964474141597748, \"compression_ratio\": 1.7345844507217407, \"no_speech_prob\": 0.037876229733228683}, {\"id\": 12, \"seek\": 0, \"start\": 21.639999389648438, \"end\": 23.559999465942383, \"text\": \" about him fucking girls in the bathroom\", \"tokens\": [51446, 466, 796, 5546, 4519, 294, 264, 8687, 51542], \"temperature\": 0.0, \"avg_logprob\": -0.24964474141597748, \"compression_ratio\": 1.7345844507217407, \"no_speech_prob\": 0.037876229733228683}, {\"id\": 13, \"seek\": 0, \"start\": 23.559999465942383, \"end\": 24.399999618530273, \"text\": \" and all this kind of stuff.\", \"tokens\": [51542, 293, 439, 341, 733, 295, 1507, 13, 51584], \"temperature\": 0.0, \"avg_logprob\": -0.24964474141597748, \"compression_ratio\": 1.7345844507217407, \"no_speech_prob\": 0.037876229733228683}, {\"id\": 14, \"seek\": 0, \"start\": 24.399999618530273, \"end\": 26.280000686645508, \"text\": \" And then six months later, Adam,\", \"tokens\": [51584, 400, 550, 2309, 2493, 1780, 11, 7938, 11, 51678], \"temperature\": 0.0, \"avg_logprob\": -0.24964474141597748, \"compression_ratio\": 1.7345844507217407, \"no_speech_prob\": 0.037876229733228683}, {\"id\": 15, \"seek\": 0, \"start\": 26.280000686645508, \"end\": 29.200000762939453, \"text\": \" I'm sure you know how this ends, she marries him.\", \"tokens\": [51678, 286, 478, 988, 291, 458, 577, 341, 5314, 11, 750, 1849, 2244, 796, 13, 51824], \"temperature\": 0.0, \"avg_logprob\": -0.24964474141597748, \"compression_ratio\": 1.7345844507217407, \"no_speech_prob\": 0.037876229733228683}, {\"id\": 16, \"seek\": 2920, \"start\": 29.31999969482422, \"end\": 31.719999313354492, \"text\": \" And one of the points I wanted to make was\", \"tokens\": [50370, 400, 472, 295, 264, 2793, 286, 1415, 281, 652, 390, 50490], \"temperature\": 0.0, \"avg_logprob\": -0.21618720889091492, \"compression_ratio\": 1.9196428060531616, \"no_speech_prob\": 0.00040446253842674196}, {\"id\": 17, \"seek\": 2920, \"start\": 31.719999313354492, \"end\": 34.36000061035156, \"text\": \" that this whole idea that there's a lot of dudes out there\", \"tokens\": [50490, 300, 341, 1379, 1558, 300, 456, 311, 257, 688, 295, 27717, 484, 456, 50622], \"temperature\": 0.0, \"avg_logprob\": -0.21618720889091492, \"compression_ratio\": 1.9196428060531616, \"no_speech_prob\": 0.00040446253842674196}, {\"id\": 18, \"seek\": 2920, \"start\": 34.36000061035156, \"end\": 37.15999984741211, \"text\": \" that are like, no, there's a certain type of attraction\", \"tokens\": [50622, 300, 366, 411, 11, 572, 11, 456, 311, 257, 1629, 2010, 295, 17672, 50762], \"temperature\": 0.0, \"avg_logprob\": -0.21618720889091492, \"compression_ratio\": 1.9196428060531616, \"no_speech_prob\": 0.00040446253842674196}, {\"id\": 19, \"seek\": 2920, \"start\": 37.15999984741211, \"end\": 39.560001373291016, \"text\": \" for the good girls and I want that type of attraction\", \"tokens\": [50762, 337, 264, 665, 4519, 293, 286, 528, 300, 2010, 295, 17672, 50882], \"temperature\": 0.0, \"avg_logprob\": -0.21618720889091492, \"compression_ratio\": 1.9196428060531616, \"no_speech_prob\": 0.00040446253842674196}, {\"id\": 20, \"seek\": 2920, \"start\": 39.560001373291016, \"end\": 41.31999969482422, \"text\": \" and not the type of attraction that you and Adam\", \"tokens\": [50882, 293, 406, 264, 2010, 295, 17672, 300, 291, 293, 7938, 50970], \"temperature\": 0.0, \"avg_logprob\": -0.21618720889091492, \"compression_ratio\": 1.9196428060531616, \"no_speech_prob\": 0.00040446253842674196}, {\"id\": 21, \"seek\": 2920, \"start\": 41.31999969482422, \"end\": 42.560001373291016, \"text\": \" are doing for the bad girls.\", \"tokens\": [50970, 366, 884, 337, 264, 1578, 4519, 13, 51032], \"temperature\": 0.0, \"avg_logprob\": -0.21618720889091492, \"compression_ratio\": 1.9196428060531616, \"no_speech_prob\": 0.00040446253842674196}, {\"id\": 22, \"seek\": 2920, \"start\": 42.560001373291016, \"end\": 43.91999816894531, \"text\": \" And my whole thing is no,\", \"tokens\": [51032, 400, 452, 1379, 551, 307, 572, 11, 51100], \"temperature\": 0.0, \"avg_logprob\": -0.21618720889091492, \"compression_ratio\": 1.9196428060531616, \"no_speech_prob\": 0.00040446253842674196}, {\"id\": 23, \"seek\": 2920, \"start\": 43.91999816894531, \"end\": 45.52000045776367, \"text\": \" you got to stop watching that movie Hitch.\", \"tokens\": [51100, 291, 658, 281, 1590, 1976, 300, 3169, 389, 1549, 13, 51180], \"temperature\": 0.0, \"avg_logprob\": -0.21618720889091492, \"compression_ratio\": 1.9196428060531616, \"no_speech_prob\": 0.00040446253842674196}, {\"id\": 24, \"seek\": 2920, \"start\": 45.52000045776367, \"end\": 47.20000076293945, \"text\": \" It's just one type of attraction\", \"tokens\": [51180, 467, 311, 445, 472, 2010, 295, 17672, 51264], \"temperature\": 0.0, \"avg_logprob\": -0.21618720889091492, \"compression_ratio\": 1.9196428060531616, \"no_speech_prob\": 0.00040446253842674196}, {\"id\": 25, \"seek\": 2920, \"start\": 47.20000076293945, \"end\": 48.599998474121094, \"text\": \" and it works for pretty much everyone.\", \"tokens\": [51264, 293, 309, 1985, 337, 1238, 709, 1518, 13, 51334], \"temperature\": 0.0, \"avg_logprob\": -0.21618720889091492, \"compression_ratio\": 1.9196428060531616, \"no_speech_prob\": 0.00040446253842674196}, {\"id\": 26, \"seek\": 2920, \"start\": 48.599998474121094, \"end\": 50.040000915527344, \"text\": \" So I just wanted to point out once again,\", \"tokens\": [51334, 407, 286, 445, 1415, 281, 935, 484, 1564, 797, 11, 51406], \"temperature\": 0.0, \"avg_logprob\": -0.21618720889091492, \"compression_ratio\": 1.9196428060531616, \"no_speech_prob\": 0.00040446253842674196}, {\"id\": 27, \"seek\": 2920, \"start\": 50.040000915527344, \"end\": 52.68000030517578, \"text\": \" it's like you, even though you had your past,\", \"tokens\": [51406, 309, 311, 411, 291, 11, 754, 1673, 291, 632, 428, 1791, 11, 51538], \"temperature\": 0.0, \"avg_logprob\": -0.21618720889091492, \"compression_ratio\": 1.9196428060531616, \"no_speech_prob\": 0.00040446253842674196}, {\"id\": 28, \"seek\": 2920, \"start\": 52.68000030517578, \"end\": 54.20000076293945, \"text\": \" I'm sure Amanda probably didn't care.\", \"tokens\": [51538, 286, 478, 988, 20431, 1391, 994, 380, 1127, 13, 51614], \"temperature\": 0.0, \"avg_logprob\": -0.21618720889091492, \"compression_ratio\": 1.9196428060531616, \"no_speech_prob\": 0.00040446253842674196}, {\"id\": 29, \"seek\": 2920, \"start\": 54.20000076293945, \"end\": 56.119998931884766, \"text\": \" Or if she did, she probably found it attractive.\", \"tokens\": [51614, 1610, 498, 750, 630, 11, 750, 1391, 1352, 309, 12609, 13, 51710], \"temperature\": 0.0, \"avg_logprob\": -0.21618720889091492, \"compression_ratio\": 1.9196428060531616, \"no_speech_prob\": 0.00040446253842674196}, {\"id\": 30, \"seek\": 2920, \"start\": 56.119998931884766, \"end\": 57.52000045776367, \"text\": \" Has that been something you've noticed?\", \"tokens\": [51710, 8646, 300, 668, 746, 291, 600, 5694, 30, 51780], \"temperature\": 0.0, \"avg_logprob\": -0.21618720889091492, \"compression_ratio\": 1.9196428060531616, \"no_speech_prob\": 0.00040446253842674196}, {\"id\": 31, \"seek\": 5752, \"start\": 57.68000030517578, \"end\": 59.400001525878906, \"text\": \" Yeah, I mean, no, that's absolutely.\", \"tokens\": [50372, 865, 11, 286, 914, 11, 572, 11, 300, 311, 3122, 13, 50458], \"temperature\": 0.0, \"avg_logprob\": -0.23182187974452972, \"compression_ratio\": 1.7727272510528564, \"no_speech_prob\": 0.002396640833467245}, {\"id\": 32, \"seek\": 5752, \"start\": 59.400001525878906, \"end\": 60.84000015258789, \"text\": \" Like pre-selection's real.\", \"tokens\": [50458, 1743, 659, 12, 405, 5450, 311, 957, 13, 50530], \"temperature\": 0.0, \"avg_logprob\": -0.23182187974452972, \"compression_ratio\": 1.7727272510528564, \"no_speech_prob\": 0.002396640833467245}, {\"id\": 33, \"seek\": 5752, \"start\": 60.84000015258789, \"end\": 63.31999969482422, \"text\": \" Like they've done so many studies on this\", \"tokens\": [50530, 1743, 436, 600, 1096, 370, 867, 5313, 322, 341, 50654], \"temperature\": 0.0, \"avg_logprob\": -0.23182187974452972, \"compression_ratio\": 1.7727272510528564, \"no_speech_prob\": 0.002396640833467245}, {\"id\": 34, \"seek\": 5752, \"start\": 64.27999877929688, \"end\": 65.44000244140625, \"text\": \" that have like shown in.\", \"tokens\": [50702, 300, 362, 411, 4898, 294, 13, 50760], \"temperature\": 0.0, \"avg_logprob\": -0.23182187974452972, \"compression_ratio\": 1.7727272510528564, \"no_speech_prob\": 0.002396640833467245}, {\"id\": 35, \"seek\": 5752, \"start\": 65.44000244140625, \"end\": 68.23999786376953, \"text\": \" I mean, I duplicated the study on a YouTube video\", \"tokens\": [50760, 286, 914, 11, 286, 1581, 564, 3587, 264, 2979, 322, 257, 3088, 960, 50900], \"temperature\": 0.0, \"avg_logprob\": -0.23182187974452972, \"compression_ratio\": 1.7727272510528564, \"no_speech_prob\": 0.002396640833467245}, {\"id\": 36, \"seek\": 5752, \"start\": 68.23999786376953, \"end\": 71.23999786376953, \"text\": \" back in the day when I was like heavily into YouTube.\", \"tokens\": [50900, 646, 294, 264, 786, 562, 286, 390, 411, 10950, 666, 3088, 13, 51050], \"temperature\": 0.0, \"avg_logprob\": -0.23182187974452972, \"compression_ratio\": 1.7727272510528564, \"no_speech_prob\": 0.002396640833467245}, {\"id\": 37, \"seek\": 5752, \"start\": 71.23999786376953, \"end\": 74.44000244140625, \"text\": \" We went around San Marcos with a picture of a guy\", \"tokens\": [51050, 492, 1437, 926, 5271, 2039, 6877, 365, 257, 3036, 295, 257, 2146, 51210], \"temperature\": 0.0, \"avg_logprob\": -0.23182187974452972, \"compression_ratio\": 1.7727272510528564, \"no_speech_prob\": 0.002396640833467245}, {\"id\": 38, \"seek\": 5752, \"start\": 74.44000244140625, \"end\": 75.80000305175781, \"text\": \" and a picture of a guy with two women.\", \"tokens\": [51210, 293, 257, 3036, 295, 257, 2146, 365, 732, 2266, 13, 51278], \"temperature\": 0.0, \"avg_logprob\": -0.23182187974452972, \"compression_ratio\": 1.7727272510528564, \"no_speech_prob\": 0.002396640833467245}, {\"id\": 39, \"seek\": 5752, \"start\": 75.80000305175781, \"end\": 78.4800033569336, \"text\": \" It was just Photoshopped with two women looking at the guy\", \"tokens\": [51278, 467, 390, 445, 20821, 3452, 365, 732, 2266, 1237, 412, 264, 2146, 51412], \"temperature\": 0.0, \"avg_logprob\": -0.23182187974452972, \"compression_ratio\": 1.7727272510528564, \"no_speech_prob\": 0.002396640833467245}, {\"id\": 40, \"seek\": 5752, \"start\": 78.4800033569336, \"end\": 80.83999633789062, \"text\": \" and women rated him two points higher.\", \"tokens\": [51412, 293, 2266, 22103, 796, 732, 2793, 2946, 13, 51530], \"temperature\": 0.0, \"avg_logprob\": -0.23182187974452972, \"compression_ratio\": 1.7727272510528564, \"no_speech_prob\": 0.002396640833467245}, {\"id\": 41, \"seek\": 5752, \"start\": 80.83999633789062, \"end\": 83.04000091552734, \"text\": \" They've done this study so many times.\", \"tokens\": [51530, 814, 600, 1096, 341, 2979, 370, 867, 1413, 13, 51640], \"temperature\": 0.0, \"avg_logprob\": -0.23182187974452972, \"compression_ratio\": 1.7727272510528564, \"no_speech_prob\": 0.002396640833467245}, {\"id\": 42, \"seek\": 5752, \"start\": 83.04000091552734, \"end\": 85.63999938964844, \"text\": \" You can literally do it, show a picture of you\", \"tokens\": [51640, 509, 393, 3736, 360, 309, 11, 855, 257, 3036, 295, 291, 51770], \"temperature\": 0.0, \"avg_logprob\": -0.23182187974452972, \"compression_ratio\": 1.7727272510528564, \"no_speech_prob\": 0.002396640833467245}, {\"id\": 43, \"seek\": 8564, \"start\": 85.63999938964844, \"end\": 87.27999877929688, \"text\": \" and then another picture where you, you know,\", \"tokens\": [50364, 293, 550, 1071, 3036, 689, 291, 11, 291, 458, 11, 50446], \"temperature\": 0.0, \"avg_logprob\": -0.19633281230926514, \"compression_ratio\": 1.8207547664642334, \"no_speech_prob\": 0.00015597867604810745}, {\"id\": 44, \"seek\": 8564, \"start\": 87.27999877929688, \"end\": 89.95999908447266, \"text\": \" Photoshopped in a woman looking at you\", \"tokens\": [50446, 20821, 3452, 294, 257, 3059, 1237, 412, 291, 50580], \"temperature\": 0.0, \"avg_logprob\": -0.19633281230926514, \"compression_ratio\": 1.8207547664642334, \"no_speech_prob\": 0.00015597867604810745}, {\"id\": 45, \"seek\": 8564, \"start\": 89.95999908447266, \"end\": 91.19999694824219, \"text\": \" and you'll be scored higher.\", \"tokens\": [50580, 293, 291, 603, 312, 18139, 2946, 13, 50642], \"temperature\": 0.0, \"avg_logprob\": -0.19633281230926514, \"compression_ratio\": 1.8207547664642334, \"no_speech_prob\": 0.00015597867604810745}, {\"id\": 46, \"seek\": 8564, \"start\": 91.19999694824219, \"end\": 92.5199966430664, \"text\": \" People will be like, you're more attractive\", \"tokens\": [50642, 3432, 486, 312, 411, 11, 291, 434, 544, 12609, 50708], \"temperature\": 0.0, \"avg_logprob\": -0.19633281230926514, \"compression_ratio\": 1.8207547664642334, \"no_speech_prob\": 0.00015597867604810745}, {\"id\": 47, \"seek\": 8564, \"start\": 92.5199966430664, \"end\": 93.87999725341797, \"text\": \" because pre-selection's real.\", \"tokens\": [50708, 570, 659, 12, 405, 5450, 311, 957, 13, 50776], \"temperature\": 0.0, \"avg_logprob\": -0.19633281230926514, \"compression_ratio\": 1.8207547664642334, \"no_speech_prob\": 0.00015597867604810745}, {\"id\": 48, \"seek\": 8564, \"start\": 93.87999725341797, \"end\": 95.91999816894531, \"text\": \" So if you have a whole bunch of women\", \"tokens\": [50776, 407, 498, 291, 362, 257, 1379, 3840, 295, 2266, 50878], \"temperature\": 0.0, \"avg_logprob\": -0.19633281230926514, \"compression_ratio\": 1.8207547664642334, \"no_speech_prob\": 0.00015597867604810745}, {\"id\": 49, \"seek\": 8564, \"start\": 95.91999816894531, \"end\": 97.63999938964844, \"text\": \" and a past and a history,\", \"tokens\": [50878, 293, 257, 1791, 293, 257, 2503, 11, 50964], \"temperature\": 0.0, \"avg_logprob\": -0.19633281230926514, \"compression_ratio\": 1.8207547664642334, \"no_speech_prob\": 0.00015597867604810745}, {\"id\": 50, \"seek\": 8564, \"start\": 97.63999938964844, \"end\": 100.44000244140625, \"text\": \" women will absolutely find you more attractive.\", \"tokens\": [50964, 2266, 486, 3122, 915, 291, 544, 12609, 13, 51104], \"temperature\": 0.0, \"avg_logprob\": -0.19633281230926514, \"compression_ratio\": 1.8207547664642334, \"no_speech_prob\": 0.00015597867604810745}, {\"id\": 51, \"seek\": 8564, \"start\": 100.44000244140625, \"end\": 103.19999694824219, \"text\": \" And you know, there's something amazing about knowing\", \"tokens\": [51104, 400, 291, 458, 11, 456, 311, 746, 2243, 466, 5276, 51242], \"temperature\": 0.0, \"avg_logprob\": -0.19633281230926514, \"compression_ratio\": 1.8207547664642334, \"no_speech_prob\": 0.00015597867604810745}, {\"id\": 52, \"seek\": 8564, \"start\": 103.19999694824219, \"end\": 105.27999877929688, \"text\": \" that you're with a guy that can get you off.\", \"tokens\": [51242, 300, 291, 434, 365, 257, 2146, 300, 393, 483, 291, 766, 13, 51346], \"temperature\": 0.0, \"avg_logprob\": -0.19633281230926514, \"compression_ratio\": 1.8207547664642334, \"no_speech_prob\": 0.00015597867604810745}, {\"id\": 53, \"seek\": 8564, \"start\": 105.27999877929688, \"end\": 106.72000122070312, \"text\": \" A lot of guys are shit in bed\", \"tokens\": [51346, 316, 688, 295, 1074, 366, 4611, 294, 2901, 51418], \"temperature\": 0.0, \"avg_logprob\": -0.19633281230926514, \"compression_ratio\": 1.8207547664642334, \"no_speech_prob\": 0.00015597867604810745}, {\"id\": 54, \"seek\": 8564, \"start\": 106.72000122070312, \"end\": 108.36000061035156, \"text\": \" because they just haven't had enough sex\", \"tokens\": [51418, 570, 436, 445, 2378, 380, 632, 1547, 3260, 51500], \"temperature\": 0.0, \"avg_logprob\": -0.19633281230926514, \"compression_ratio\": 1.8207547664642334, \"no_speech_prob\": 0.00015597867604810745}, {\"id\": 55, \"seek\": 8564, \"start\": 108.36000061035156, \"end\": 110.4800033569336, \"text\": \" or having enough sex with enough different women\", \"tokens\": [51500, 420, 1419, 1547, 3260, 365, 1547, 819, 2266, 51606], \"temperature\": 0.0, \"avg_logprob\": -0.19633281230926514, \"compression_ratio\": 1.8207547664642334, \"no_speech_prob\": 0.00015597867604810745}, {\"id\": 56, \"seek\": 8564, \"start\": 110.4800033569336, \"end\": 113.4800033569336, \"text\": \" to understand that different vaginas are shaped differently,\", \"tokens\": [51606, 281, 1223, 300, 819, 13501, 17094, 366, 13475, 7614, 11, 51756], \"temperature\": 0.0, \"avg_logprob\": -0.19633281230926514, \"compression_ratio\": 1.8207547664642334, \"no_speech_prob\": 0.00015597867604810745}, {\"id\": 57, \"seek\": 11348, \"start\": 113.5199966430664, \"end\": 115.95999908447266, \"text\": \" that they need different kinds of attention.\", \"tokens\": [50366, 300, 436, 643, 819, 3685, 295, 3202, 13, 50488], \"temperature\": 0.0, \"avg_logprob\": -0.2414528727531433, \"compression_ratio\": 1.7294832468032837, \"no_speech_prob\": 0.00016092980513349175}, {\"id\": 58, \"seek\": 11348, \"start\": 115.95999908447266, \"end\": 118.23999786376953, \"text\": \" And if a guy doesn't have that kind of experience,\", \"tokens\": [50488, 400, 498, 257, 2146, 1177, 380, 362, 300, 733, 295, 1752, 11, 50602], \"temperature\": 0.0, \"avg_logprob\": -0.2414528727531433, \"compression_ratio\": 1.7294832468032837, \"no_speech_prob\": 0.00016092980513349175}, {\"id\": 59, \"seek\": 11348, \"start\": 118.23999786376953, \"end\": 120.63999938964844, \"text\": \" the girl's looking at a pretty shitty sex life.\", \"tokens\": [50602, 264, 2013, 311, 1237, 412, 257, 1238, 30748, 3260, 993, 13, 50722], \"temperature\": 0.0, \"avg_logprob\": -0.2414528727531433, \"compression_ratio\": 1.7294832468032837, \"no_speech_prob\": 0.00016092980513349175}, {\"id\": 60, \"seek\": 11348, \"start\": 120.63999938964844, \"end\": 121.5999984741211, \"text\": \" You were talking about it before.\", \"tokens\": [50722, 509, 645, 1417, 466, 309, 949, 13, 50770], \"temperature\": 0.0, \"avg_logprob\": -0.2414528727531433, \"compression_ratio\": 1.7294832468032837, \"no_speech_prob\": 0.00016092980513349175}, {\"id\": 61, \"seek\": 11348, \"start\": 121.5999984741211, \"end\": 123.55999755859375, \"text\": \" So pre-selection and then experience\", \"tokens\": [50770, 407, 659, 12, 405, 5450, 293, 550, 1752, 50868], \"temperature\": 0.0, \"avg_logprob\": -0.2414528727531433, \"compression_ratio\": 1.7294832468032837, \"no_speech_prob\": 0.00016092980513349175}, {\"id\": 62, \"seek\": 11348, \"start\": 123.55999755859375, \"end\": 124.63999938964844, \"text\": \" is what you're referring to now.\", \"tokens\": [50868, 307, 437, 291, 434, 13761, 281, 586, 13, 50922], \"temperature\": 0.0, \"avg_logprob\": -0.2414528727531433, \"compression_ratio\": 1.7294832468032837, \"no_speech_prob\": 0.00016092980513349175}, {\"id\": 63, \"seek\": 11348, \"start\": 124.63999938964844, \"end\": 125.4800033569336, \"text\": \" There was a third thing.\", \"tokens\": [50922, 821, 390, 257, 2636, 551, 13, 50964], \"temperature\": 0.0, \"avg_logprob\": -0.2414528727531433, \"compression_ratio\": 1.7294832468032837, \"no_speech_prob\": 0.00016092980513349175}, {\"id\": 64, \"seek\": 11348, \"start\": 125.4800033569336, \"end\": 127.04000091552734, \"text\": \" I forgot what it was.\", \"tokens\": [50964, 286, 5298, 437, 309, 390, 13, 51042], \"temperature\": 0.0, \"avg_logprob\": -0.2414528727531433, \"compression_ratio\": 1.7294832468032837, \"no_speech_prob\": 0.00016092980513349175}, {\"id\": 65, \"seek\": 11348, \"start\": 127.04000091552734, \"end\": 129.0, \"text\": \" Yeah, so yeah, we talk about,\", \"tokens\": [51042, 865, 11, 370, 1338, 11, 321, 751, 466, 11, 51140], \"temperature\": 0.0, \"avg_logprob\": -0.2414528727531433, \"compression_ratio\": 1.7294832468032837, \"no_speech_prob\": 0.00016092980513349175}, {\"id\": 66, \"seek\": 11348, \"start\": 129.0, \"end\": 129.9600067138672, \"text\": \" that's actually the ACE formula.\", \"tokens\": [51140, 300, 311, 767, 264, 44606, 8513, 13, 51188], \"temperature\": 0.0, \"avg_logprob\": -0.2414528727531433, \"compression_ratio\": 1.7294832468032837, \"no_speech_prob\": 0.00016092980513349175}, {\"id\": 67, \"seek\": 11348, \"start\": 129.9600067138672, \"end\": 132.44000244140625, \"text\": \" So it's pre-selection, which is abundance A\", \"tokens\": [51188, 407, 309, 311, 659, 12, 405, 5450, 11, 597, 307, 23391, 316, 51312], \"temperature\": 0.0, \"avg_logprob\": -0.2414528727531433, \"compression_ratio\": 1.7294832468032837, \"no_speech_prob\": 0.00016092980513349175}, {\"id\": 68, \"seek\": 11348, \"start\": 132.44000244140625, \"end\": 134.52000427246094, \"text\": \" and then confidence is the second one.\", \"tokens\": [51312, 293, 550, 6687, 307, 264, 1150, 472, 13, 51416], \"temperature\": 0.0, \"avg_logprob\": -0.2414528727531433, \"compression_ratio\": 1.7294832468032837, \"no_speech_prob\": 0.00016092980513349175}, {\"id\": 69, \"seek\": 11348, \"start\": 134.52000427246094, \"end\": 135.63999938964844, \"text\": \" The last one is escalation,\", \"tokens\": [51416, 440, 1036, 472, 307, 17871, 399, 11, 51472], \"temperature\": 0.0, \"avg_logprob\": -0.2414528727531433, \"compression_ratio\": 1.7294832468032837, \"no_speech_prob\": 0.00016092980513349175}, {\"id\": 70, \"seek\": 11348, \"start\": 135.63999938964844, \"end\": 137.72000122070312, \"text\": \" the ability to turn somebody on.\", \"tokens\": [51472, 264, 3485, 281, 1261, 2618, 322, 13, 51576], \"temperature\": 0.0, \"avg_logprob\": -0.2414528727531433, \"compression_ratio\": 1.7294832468032837, \"no_speech_prob\": 0.00016092980513349175}, {\"id\": 71, \"seek\": 11348, \"start\": 137.72000122070312, \"end\": 139.0, \"text\": \" So yeah, three key components.\", \"tokens\": [51576, 407, 1338, 11, 1045, 2141, 6677, 13, 51640], \"temperature\": 0.0, \"avg_logprob\": -0.2414528727531433, \"compression_ratio\": 1.7294832468032837, \"no_speech_prob\": 0.00016092980513349175}, {\"id\": 72, \"seek\": 11348, \"start\": 139.0, \"end\": 140.9600067138672, \"text\": \" So you and Amanda, you guys split up\", \"tokens\": [51640, 407, 291, 293, 20431, 11, 291, 1074, 7472, 493, 51738], \"temperature\": 0.0, \"avg_logprob\": -0.2414528727531433, \"compression_ratio\": 1.7294832468032837, \"no_speech_prob\": 0.00016092980513349175}, {\"id\": 73, \"seek\": 14096, \"start\": 141.36000061035156, \"end\": 144.1999969482422, \"text\": \" and then at this point, now we move forward.\", \"tokens\": [50384, 293, 550, 412, 341, 935, 11, 586, 321, 1286, 2128, 13, 50526], \"temperature\": 0.0, \"avg_logprob\": -0.20754653215408325, \"compression_ratio\": 1.7521367073059082, \"no_speech_prob\": 0.00041731222881935537}, {\"id\": 74, \"seek\": 14096, \"start\": 144.1999969482422, \"end\": 146.60000610351562, \"text\": \" Is it a conscious decision to get into a throuple?\", \"tokens\": [50526, 1119, 309, 257, 6648, 3537, 281, 483, 666, 257, 739, 263, 781, 30, 50646], \"temperature\": 0.0, \"avg_logprob\": -0.20754653215408325, \"compression_ratio\": 1.7521367073059082, \"no_speech_prob\": 0.00041731222881935537}, {\"id\": 75, \"seek\": 14096, \"start\": 146.60000610351562, \"end\": 148.32000732421875, \"text\": \" Because for me, what I've found\", \"tokens\": [50646, 1436, 337, 385, 11, 437, 286, 600, 1352, 50732], \"temperature\": 0.0, \"avg_logprob\": -0.20754653215408325, \"compression_ratio\": 1.7521367073059082, \"no_speech_prob\": 0.00041731222881935537}, {\"id\": 76, \"seek\": 14096, \"start\": 148.32000732421875, \"end\": 149.9199981689453, \"text\": \" is that it's usually a woman I'm seeing\", \"tokens\": [50732, 307, 300, 309, 311, 2673, 257, 3059, 286, 478, 2577, 50812], \"temperature\": 0.0, \"avg_logprob\": -0.20754653215408325, \"compression_ratio\": 1.7521367073059082, \"no_speech_prob\": 0.00041731222881935537}, {\"id\": 77, \"seek\": 14096, \"start\": 149.9199981689453, \"end\": 151.27999877929688, \"text\": \" and she's attracted to another woman\", \"tokens\": [50812, 293, 750, 311, 15912, 281, 1071, 3059, 50880], \"temperature\": 0.0, \"avg_logprob\": -0.20754653215408325, \"compression_ratio\": 1.7521367073059082, \"no_speech_prob\": 0.00041731222881935537}, {\"id\": 78, \"seek\": 14096, \"start\": 151.27999877929688, \"end\": 152.32000732421875, \"text\": \" and I'm just kind of the butler.\", \"tokens\": [50880, 293, 286, 478, 445, 733, 295, 264, 457, 1918, 13, 50932], \"temperature\": 0.0, \"avg_logprob\": -0.20754653215408325, \"compression_ratio\": 1.7521367073059082, \"no_speech_prob\": 0.00041731222881935537}, {\"id\": 79, \"seek\": 14096, \"start\": 152.32000732421875, \"end\": 153.16000366210938, \"text\": \" I'm like, oh yeah, cool.\", \"tokens\": [50932, 286, 478, 411, 11, 1954, 1338, 11, 1627, 13, 50974], \"temperature\": 0.0, \"avg_logprob\": -0.20754653215408325, \"compression_ratio\": 1.7521367073059082, \"no_speech_prob\": 0.00041731222881935537}, {\"id\": 80, \"seek\": 14096, \"start\": 153.16000366210938, \"end\": 154.1199951171875, \"text\": \" I'm like, you know what I'm saying?\", \"tokens\": [50974, 286, 478, 411, 11, 291, 458, 437, 286, 478, 1566, 30, 51022], \"temperature\": 0.0, \"avg_logprob\": -0.20754653215408325, \"compression_ratio\": 1.7521367073059082, \"no_speech_prob\": 0.00041731222881935537}, {\"id\": 81, \"seek\": 14096, \"start\": 154.1199951171875, \"end\": 155.9199981689453, \"text\": \" I'm the guy who gets the Taco Bell.\", \"tokens\": [51022, 286, 478, 264, 2146, 567, 2170, 264, 37992, 11485, 13, 51112], \"temperature\": 0.0, \"avg_logprob\": -0.20754653215408325, \"compression_ratio\": 1.7521367073059082, \"no_speech_prob\": 0.00041731222881935537}, {\"id\": 82, \"seek\": 14096, \"start\": 155.9199981689453, \"end\": 157.60000610351562, \"text\": \" Yeah, I always tell people like,\", \"tokens\": [51112, 865, 11, 286, 1009, 980, 561, 411, 11, 51196], \"temperature\": 0.0, \"avg_logprob\": -0.20754653215408325, \"compression_ratio\": 1.7521367073059082, \"no_speech_prob\": 0.00041731222881935537}, {\"id\": 83, \"seek\": 14096, \"start\": 157.60000610351562, \"end\": 159.60000610351562, \"text\": \" that's the best way to have a threesome\", \"tokens\": [51196, 300, 311, 264, 1151, 636, 281, 362, 257, 258, 265, 2988, 51296], \"temperature\": 0.0, \"avg_logprob\": -0.20754653215408325, \"compression_ratio\": 1.7521367073059082, \"no_speech_prob\": 0.00041731222881935537}, {\"id\": 84, \"seek\": 14096, \"start\": 159.60000610351562, \"end\": 161.0, \"text\": \" is to like make it about the two women\", \"tokens\": [51296, 307, 281, 411, 652, 309, 466, 264, 732, 2266, 51366], \"temperature\": 0.0, \"avg_logprob\": -0.20754653215408325, \"compression_ratio\": 1.7521367073059082, \"no_speech_prob\": 0.00041731222881935537}, {\"id\": 85, \"seek\": 14096, \"start\": 161.0, \"end\": 162.1199951171875, \"text\": \" don't make it about you.\", \"tokens\": [51366, 500, 380, 652, 309, 466, 291, 13, 51422], \"temperature\": 0.0, \"avg_logprob\": -0.20754653215408325, \"compression_ratio\": 1.7521367073059082, \"no_speech_prob\": 0.00041731222881935537}, {\"id\": 86, \"seek\": 14096, \"start\": 162.1199951171875, \"end\": 163.8000030517578, \"text\": \" And I'd had a lot of threesomes.\", \"tokens\": [51422, 400, 286, 1116, 632, 257, 688, 295, 258, 4856, 18168, 13, 51506], \"temperature\": 0.0, \"avg_logprob\": -0.20754653215408325, \"compression_ratio\": 1.7521367073059082, \"no_speech_prob\": 0.00041731222881935537}, {\"id\": 87, \"seek\": 14096, \"start\": 163.8000030517578, \"end\": 165.67999267578125, \"text\": \" What happened was when we separated,\", \"tokens\": [51506, 708, 2011, 390, 562, 321, 12005, 11, 51600], \"temperature\": 0.0, \"avg_logprob\": -0.20754653215408325, \"compression_ratio\": 1.7521367073059082, \"no_speech_prob\": 0.00041731222881935537}, {\"id\": 88, \"seek\": 14096, \"start\": 165.67999267578125, \"end\": 167.72000122070312, \"text\": \" Amanda said to me, she's like,\", \"tokens\": [51600, 20431, 848, 281, 385, 11, 750, 311, 411, 11, 51702], \"temperature\": 0.0, \"avg_logprob\": -0.20754653215408325, \"compression_ratio\": 1.7521367073059082, \"no_speech_prob\": 0.00041731222881935537}, {\"id\": 89, \"seek\": 14096, \"start\": 167.72000122070312, \"end\": 169.16000366210938, \"text\": \" the worst thing about breaking up with you\", \"tokens\": [51702, 264, 5855, 551, 466, 7697, 493, 365, 291, 51774], \"temperature\": 0.0, \"avg_logprob\": -0.20754653215408325, \"compression_ratio\": 1.7521367073059082, \"no_speech_prob\": 0.00041731222881935537}, {\"id\": 90, \"seek\": 16916, \"start\": 169.1999969482422, \"end\": 171.27999877929688, \"text\": \" is you're gonna, every other guy I've been with,\", \"tokens\": [50366, 307, 291, 434, 799, 11, 633, 661, 2146, 286, 600, 668, 365, 11, 50470], \"temperature\": 0.0, \"avg_logprob\": -0.18966268002986908, \"compression_ratio\": 1.7711267471313477, \"no_speech_prob\": 0.001304464298300445}, {\"id\": 91, \"seek\": 16916, \"start\": 171.27999877929688, \"end\": 172.8000030517578, \"text\": \" she goes, I know they're never gonna get as good at me.\", \"tokens\": [50470, 750, 1709, 11, 286, 458, 436, 434, 1128, 799, 483, 382, 665, 412, 385, 13, 50546], \"temperature\": 0.0, \"avg_logprob\": -0.18966268002986908, \"compression_ratio\": 1.7711267471313477, \"no_speech_prob\": 0.001304464298300445}, {\"id\": 92, \"seek\": 16916, \"start\": 172.8000030517578, \"end\": 175.0399932861328, \"text\": \" So I get to say, you'll never meet anyone as good as me.\", \"tokens\": [50546, 407, 286, 483, 281, 584, 11, 291, 603, 1128, 1677, 2878, 382, 665, 382, 385, 13, 50658], \"temperature\": 0.0, \"avg_logprob\": -0.18966268002986908, \"compression_ratio\": 1.7711267471313477, \"no_speech_prob\": 0.001304464298300445}, {\"id\": 93, \"seek\": 16916, \"start\": 175.0399932861328, \"end\": 176.27999877929688, \"text\": \" She goes, I can't say that with you\", \"tokens\": [50658, 1240, 1709, 11, 286, 393, 380, 584, 300, 365, 291, 50720], \"temperature\": 0.0, \"avg_logprob\": -0.18966268002986908, \"compression_ratio\": 1.7711267471313477, \"no_speech_prob\": 0.001304464298300445}, {\"id\": 94, \"seek\": 16916, \"start\": 176.27999877929688, \"end\": 177.67999267578125, \"text\": \" because you're gonna do better.\", \"tokens\": [50720, 570, 291, 434, 799, 360, 1101, 13, 50790], \"temperature\": 0.0, \"avg_logprob\": -0.18966268002986908, \"compression_ratio\": 1.7711267471313477, \"no_speech_prob\": 0.001304464298300445}, {\"id\": 95, \"seek\": 16916, \"start\": 177.67999267578125, \"end\": 179.39999389648438, \"text\": \" And I was like, I appreciate you saying that,\", \"tokens\": [50790, 400, 286, 390, 411, 11, 286, 4449, 291, 1566, 300, 11, 50876], \"temperature\": 0.0, \"avg_logprob\": -0.18966268002986908, \"compression_ratio\": 1.7711267471313477, \"no_speech_prob\": 0.001304464298300445}, {\"id\": 96, \"seek\": 16916, \"start\": 179.39999389648438, \"end\": 181.32000732421875, \"text\": \" but it's true, I will.\", \"tokens\": [50876, 457, 309, 311, 2074, 11, 286, 486, 13, 50972], \"temperature\": 0.0, \"avg_logprob\": -0.18966268002986908, \"compression_ratio\": 1.7711267471313477, \"no_speech_prob\": 0.001304464298300445}, {\"id\": 97, \"seek\": 16916, \"start\": 181.32000732421875, \"end\": 186.32000732421875, \"text\": \" And I had a friend who was a lesbian at the time\", \"tokens\": [50972, 400, 286, 632, 257, 1277, 567, 390, 257, 30253, 412, 264, 565, 51222], \"temperature\": 0.0, \"avg_logprob\": -0.18966268002986908, \"compression_ratio\": 1.7711267471313477, \"no_speech_prob\": 0.001304464298300445}, {\"id\": 98, \"seek\": 16916, \"start\": 186.60000610351562, \"end\": 188.27999877929688, \"text\": \" and she was only into women\", \"tokens\": [51236, 293, 750, 390, 787, 666, 2266, 51320], \"temperature\": 0.0, \"avg_logprob\": -0.18966268002986908, \"compression_ratio\": 1.7711267471313477, \"no_speech_prob\": 0.001304464298300445}, {\"id\": 99, \"seek\": 16916, \"start\": 188.27999877929688, \"end\": 191.0399932861328, \"text\": \" and she basically professed her love to me\", \"tokens\": [51320, 293, 750, 1936, 2668, 292, 720, 959, 281, 385, 51458], \"temperature\": 0.0, \"avg_logprob\": -0.18966268002986908, \"compression_ratio\": 1.7711267471313477, \"no_speech_prob\": 0.001304464298300445}, {\"id\": 100, \"seek\": 16916, \"start\": 191.0399932861328, \"end\": 193.36000061035156, \"text\": \" once me and Amanda separated.\", \"tokens\": [51458, 1564, 385, 293, 20431, 12005, 13, 51574], \"temperature\": 0.0, \"avg_logprob\": -0.18966268002986908, \"compression_ratio\": 1.7711267471313477, \"no_speech_prob\": 0.001304464298300445}, {\"id\": 101, \"seek\": 16916, \"start\": 193.36000061035156, \"end\": 196.36000061035156, \"text\": \" And she said, but I'm not gonna give up women for you.\", \"tokens\": [51574, 400, 750, 848, 11, 457, 286, 478, 406, 799, 976, 493, 2266, 337, 291, 13, 51724], \"temperature\": 0.0, \"avg_logprob\": -0.18966268002986908, \"compression_ratio\": 1.7711267471313477, \"no_speech_prob\": 0.001304464298300445}, {\"id\": 102, \"seek\": 19636, \"start\": 196.36000061035156, \"end\": 197.75999450683594, \"text\": \" And I look at her and go,\", \"tokens\": [50364, 400, 286, 574, 412, 720, 293, 352, 11, 50434], \"temperature\": 0.0, \"avg_logprob\": -0.20730911195278168, \"compression_ratio\": 1.9625468254089355, \"no_speech_prob\": 0.0002652928524184972}, {\"id\": 103, \"seek\": 19636, \"start\": 198.63999938964844, \"end\": 200.72000122070312, \"text\": \" I'm not gonna give up women for you either.\", \"tokens\": [50478, 286, 478, 406, 799, 976, 493, 2266, 337, 291, 2139, 13, 50582], \"temperature\": 0.0, \"avg_logprob\": -0.20730911195278168, \"compression_ratio\": 1.9625468254089355, \"no_speech_prob\": 0.0002652928524184972}, {\"id\": 104, \"seek\": 19636, \"start\": 200.72000122070312, \"end\": 202.52000427246094, \"text\": \" And she goes, oh, that's a good one.\", \"tokens\": [50582, 400, 750, 1709, 11, 1954, 11, 300, 311, 257, 665, 472, 13, 50672], \"temperature\": 0.0, \"avg_logprob\": -0.20730911195278168, \"compression_ratio\": 1.9625468254089355, \"no_speech_prob\": 0.0002652928524184972}, {\"id\": 105, \"seek\": 19636, \"start\": 202.52000427246094, \"end\": 206.9199981689453, \"text\": \" And so we agreed that we would go and meet women\", \"tokens\": [50672, 400, 370, 321, 9166, 300, 321, 576, 352, 293, 1677, 2266, 50892], \"temperature\": 0.0, \"avg_logprob\": -0.20730911195278168, \"compression_ratio\": 1.9625468254089355, \"no_speech_prob\": 0.0002652928524184972}, {\"id\": 106, \"seek\": 19636, \"start\": 206.9199981689453, \"end\": 209.83999633789062, \"text\": \" and we would go out and we would make out and have sex.\", \"tokens\": [50892, 293, 321, 576, 352, 484, 293, 321, 576, 652, 484, 293, 362, 3260, 13, 51038], \"temperature\": 0.0, \"avg_logprob\": -0.20730911195278168, \"compression_ratio\": 1.9625468254089355, \"no_speech_prob\": 0.0002652928524184972}, {\"id\": 107, \"seek\": 19636, \"start\": 209.83999633789062, \"end\": 211.24000549316406, \"text\": \" And we would also meet other women.\", \"tokens\": [51038, 400, 321, 576, 611, 1677, 661, 2266, 13, 51108], \"temperature\": 0.0, \"avg_logprob\": -0.20730911195278168, \"compression_ratio\": 1.9625468254089355, \"no_speech_prob\": 0.0002652928524184972}, {\"id\": 108, \"seek\": 19636, \"start\": 211.24000549316406, \"end\": 213.0, \"text\": \" And sometimes I would have a woman\", \"tokens\": [51108, 400, 2171, 286, 576, 362, 257, 3059, 51196], \"temperature\": 0.0, \"avg_logprob\": -0.20730911195278168, \"compression_ratio\": 1.9625468254089355, \"no_speech_prob\": 0.0002652928524184972}, {\"id\": 109, \"seek\": 19636, \"start\": 213.0, \"end\": 214.1999969482422, \"text\": \" and she would have a woman.\", \"tokens\": [51196, 293, 750, 576, 362, 257, 3059, 13, 51256], \"temperature\": 0.0, \"avg_logprob\": -0.20730911195278168, \"compression_ratio\": 1.9625468254089355, \"no_speech_prob\": 0.0002652928524184972}, {\"id\": 110, \"seek\": 19636, \"start\": 214.1999969482422, \"end\": 216.1999969482422, \"text\": \" And then sometimes we'd bring women home together\", \"tokens\": [51256, 400, 550, 2171, 321, 1116, 1565, 2266, 1280, 1214, 51356], \"temperature\": 0.0, \"avg_logprob\": -0.20730911195278168, \"compression_ratio\": 1.9625468254089355, \"no_speech_prob\": 0.0002652928524184972}, {\"id\": 111, \"seek\": 19636, \"start\": 216.1999969482422, \"end\": 217.0399932861328, \"text\": \" and sleep with them together.\", \"tokens\": [51356, 293, 2817, 365, 552, 1214, 13, 51398], \"temperature\": 0.0, \"avg_logprob\": -0.20730911195278168, \"compression_ratio\": 1.9625468254089355, \"no_speech_prob\": 0.0002652928524184972}, {\"id\": 112, \"seek\": 19636, \"start\": 217.0399932861328, \"end\": 218.67999267578125, \"text\": \" And that was kind of how it was.\", \"tokens\": [51398, 400, 300, 390, 733, 295, 577, 309, 390, 13, 51480], \"temperature\": 0.0, \"avg_logprob\": -0.20730911195278168, \"compression_ratio\": 1.9625468254089355, \"no_speech_prob\": 0.0002652928524184972}, {\"id\": 113, \"seek\": 19636, \"start\": 218.67999267578125, \"end\": 220.9199981689453, \"text\": \" And our relationship developed.\", \"tokens\": [51480, 400, 527, 2480, 4743, 13, 51592], \"temperature\": 0.0, \"avg_logprob\": -0.20730911195278168, \"compression_ratio\": 1.9625468254089355, \"no_speech_prob\": 0.0002652928524184972}, {\"id\": 114, \"seek\": 19636, \"start\": 220.9199981689453, \"end\": 222.9600067138672, \"text\": \" And one night we were out,\", \"tokens\": [51592, 400, 472, 1818, 321, 645, 484, 11, 51694], \"temperature\": 0.0, \"avg_logprob\": -0.20730911195278168, \"compression_ratio\": 1.9625468254089355, \"no_speech_prob\": 0.0002652928524184972}, {\"id\": 115, \"seek\": 19636, \"start\": 222.9600067138672, \"end\": 226.1199951171875, \"text\": \" I was actually teaching a student a game.\", \"tokens\": [51694, 286, 390, 767, 4571, 257, 3107, 257, 1216, 13, 51852], \"temperature\": 0.0, \"avg_logprob\": -0.20730911195278168, \"compression_ratio\": 1.9625468254089355, \"no_speech_prob\": 0.0002652928524184972}, {\"id\": 116, \"seek\": 22612, \"start\": 226.83999633789062, \"end\": 228.8800048828125, \"text\": \" And he failed on a girl like four times,\", \"tokens\": [50400, 400, 415, 7612, 322, 257, 2013, 411, 1451, 1413, 11, 50502], \"temperature\": 0.0, \"avg_logprob\": -0.21122418344020844, \"compression_ratio\": 1.8210862874984741, \"no_speech_prob\": 0.0004654999647755176}, {\"id\": 117, \"seek\": 22612, \"start\": 228.8800048828125, \"end\": 230.55999755859375, \"text\": \" but she was so hot.\", \"tokens\": [50502, 457, 750, 390, 370, 2368, 13, 50586], \"temperature\": 0.0, \"avg_logprob\": -0.21122418344020844, \"compression_ratio\": 1.8210862874984741, \"no_speech_prob\": 0.0004654999647755176}, {\"id\": 118, \"seek\": 22612, \"start\": 230.55999755859375, \"end\": 232.60000610351562, \"text\": \" She was a photographer from Hollywood\", \"tokens\": [50586, 1240, 390, 257, 19494, 490, 11628, 50688], \"temperature\": 0.0, \"avg_logprob\": -0.21122418344020844, \"compression_ratio\": 1.8210862874984741, \"no_speech_prob\": 0.0004654999647755176}, {\"id\": 119, \"seek\": 22612, \"start\": 232.60000610351562, \"end\": 234.60000610351562, \"text\": \" at Austin Fashion Week,\", \"tokens\": [50688, 412, 15356, 32782, 12615, 11, 50788], \"temperature\": 0.0, \"avg_logprob\": -0.21122418344020844, \"compression_ratio\": 1.8210862874984741, \"no_speech_prob\": 0.0004654999647755176}, {\"id\": 120, \"seek\": 22612, \"start\": 234.60000610351562, \"end\": 235.75999450683594, \"text\": \" which believe it or not, Austin has.\", \"tokens\": [50788, 597, 1697, 309, 420, 406, 11, 15356, 575, 13, 50846], \"temperature\": 0.0, \"avg_logprob\": -0.21122418344020844, \"compression_ratio\": 1.8210862874984741, \"no_speech_prob\": 0.0004654999647755176}, {\"id\": 121, \"seek\": 22612, \"start\": 235.75999450683594, \"end\": 238.60000610351562, \"text\": \" I know you know, but most people don't.\", \"tokens\": [50846, 286, 458, 291, 458, 11, 457, 881, 561, 500, 380, 13, 50988], \"temperature\": 0.0, \"avg_logprob\": -0.21122418344020844, \"compression_ratio\": 1.8210862874984741, \"no_speech_prob\": 0.0004654999647755176}, {\"id\": 122, \"seek\": 22612, \"start\": 238.60000610351562, \"end\": 240.36000061035156, \"text\": \" And after he'd failed, he said,\", \"tokens\": [50988, 400, 934, 415, 1116, 7612, 11, 415, 848, 11, 51076], \"temperature\": 0.0, \"avg_logprob\": -0.21122418344020844, \"compression_ratio\": 1.8210862874984741, \"no_speech_prob\": 0.0004654999647755176}, {\"id\": 123, \"seek\": 22612, \"start\": 240.36000061035156, \"end\": 241.8000030517578, \"text\": \" yeah, you can never get a girl like that.\", \"tokens\": [51076, 1338, 11, 291, 393, 1128, 483, 257, 2013, 411, 300, 13, 51148], \"temperature\": 0.0, \"avg_logprob\": -0.21122418344020844, \"compression_ratio\": 1.8210862874984741, \"no_speech_prob\": 0.0004654999647755176}, {\"id\": 124, \"seek\": 22612, \"start\": 241.8000030517578, \"end\": 243.67999267578125, \"text\": \" Like, you know, she was just in a bad mood.\", \"tokens\": [51148, 1743, 11, 291, 458, 11, 750, 390, 445, 294, 257, 1578, 9268, 13, 51242], \"temperature\": 0.0, \"avg_logprob\": -0.21122418344020844, \"compression_ratio\": 1.8210862874984741, \"no_speech_prob\": 0.0004654999647755176}, {\"id\": 125, \"seek\": 22612, \"start\": 243.67999267578125, \"end\": 245.27999877929688, \"text\": \" I was like, anyone can get anyone\", \"tokens\": [51242, 286, 390, 411, 11, 2878, 393, 483, 2878, 51322], \"temperature\": 0.0, \"avg_logprob\": -0.21122418344020844, \"compression_ratio\": 1.8210862874984741, \"no_speech_prob\": 0.0004654999647755176}, {\"id\": 126, \"seek\": 22612, \"start\": 245.27999877929688, \"end\": 246.47999572753906, \"text\": \" if you know what you're doing.\", \"tokens\": [51322, 498, 291, 458, 437, 291, 434, 884, 13, 51382], \"temperature\": 0.0, \"avg_logprob\": -0.21122418344020844, \"compression_ratio\": 1.8210862874984741, \"no_speech_prob\": 0.0004654999647755176}, {\"id\": 127, \"seek\": 22612, \"start\": 246.47999572753906, \"end\": 247.32000732421875, \"text\": \" And he goes, you're telling me\", \"tokens\": [51382, 400, 415, 1709, 11, 291, 434, 3585, 385, 51424], \"temperature\": 0.0, \"avg_logprob\": -0.21122418344020844, \"compression_ratio\": 1.8210862874984741, \"no_speech_prob\": 0.0004654999647755176}, {\"id\": 128, \"seek\": 22612, \"start\": 247.32000732421875, \"end\": 249.36000061035156, \"text\": \" you can go and talk to her now\", \"tokens\": [51424, 291, 393, 352, 293, 751, 281, 720, 586, 51526], \"temperature\": 0.0, \"avg_logprob\": -0.21122418344020844, \"compression_ratio\": 1.8210862874984741, \"no_speech_prob\": 0.0004654999647755176}, {\"id\": 129, \"seek\": 22612, \"start\": 249.36000061035156, \"end\": 251.44000244140625, \"text\": \" after she's in that kind of foul mood.\", \"tokens\": [51526, 934, 750, 311, 294, 300, 733, 295, 23491, 9268, 13, 51630], \"temperature\": 0.0, \"avg_logprob\": -0.21122418344020844, \"compression_ratio\": 1.8210862874984741, \"no_speech_prob\": 0.0004654999647755176}, {\"id\": 130, \"seek\": 22612, \"start\": 251.44000244140625, \"end\": 252.83999633789062, \"text\": \" And I failed four times.\", \"tokens\": [51630, 400, 286, 7612, 1451, 1413, 13, 51700], \"temperature\": 0.0, \"avg_logprob\": -0.21122418344020844, \"compression_ratio\": 1.8210862874984741, \"no_speech_prob\": 0.0004654999647755176}, {\"id\": 131, \"seek\": 22612, \"start\": 252.83999633789062, \"end\": 254.0800018310547, \"text\": \" I was like, yeah, watch me.\", \"tokens\": [51700, 286, 390, 411, 11, 1338, 11, 1159, 385, 13, 51762], \"temperature\": 0.0, \"avg_logprob\": -0.21122418344020844, \"compression_ratio\": 1.8210862874984741, \"no_speech_prob\": 0.0004654999647755176}, {\"id\": 132, \"seek\": 22612, \"start\": 254.0800018310547, \"end\": 255.27999877929688, \"text\": \" And so I went straight up to her,\", \"tokens\": [51762, 400, 370, 286, 1437, 2997, 493, 281, 720, 11, 51822], \"temperature\": 0.0, \"avg_logprob\": -0.21122418344020844, \"compression_ratio\": 1.8210862874984741, \"no_speech_prob\": 0.0004654999647755176}, {\"id\": 133, \"seek\": 25528, \"start\": 255.27999877929688, \"end\": 256.1199951171875, \"text\": \" got talking to her.\", \"tokens\": [50364, 658, 1417, 281, 720, 13, 50406], \"temperature\": 0.0, \"avg_logprob\": -0.20484614372253418, \"compression_ratio\": 1.8575581312179565, \"no_speech_prob\": 0.0072319041937589645}, {\"id\": 134, \"seek\": 25528, \"start\": 256.1199951171875, \"end\": 258.7200012207031, \"text\": \" And then me and Brooke, we bounced her.\", \"tokens\": [50406, 400, 550, 385, 293, 43092, 11, 321, 46482, 720, 13, 50536], \"temperature\": 0.0, \"avg_logprob\": -0.20484614372253418, \"compression_ratio\": 1.8575581312179565, \"no_speech_prob\": 0.0072319041937589645}, {\"id\": 135, \"seek\": 25528, \"start\": 258.7200012207031, \"end\": 260.1600036621094, \"text\": \" Brooke was the other woman I was seeing.\", \"tokens\": [50536, 43092, 390, 264, 661, 3059, 286, 390, 2577, 13, 50608], \"temperature\": 0.0, \"avg_logprob\": -0.20484614372253418, \"compression_ratio\": 1.8575581312179565, \"no_speech_prob\": 0.0072319041937589645}, {\"id\": 136, \"seek\": 25528, \"start\": 260.1600036621094, \"end\": 262.6000061035156, \"text\": \" And we went out, we spent the whole night together.\", \"tokens\": [50608, 400, 321, 1437, 484, 11, 321, 4418, 264, 1379, 1818, 1214, 13, 50730], \"temperature\": 0.0, \"avg_logprob\": -0.20484614372253418, \"compression_ratio\": 1.8575581312179565, \"no_speech_prob\": 0.0072319041937589645}, {\"id\": 137, \"seek\": 25528, \"start\": 262.6000061035156, \"end\": 263.67999267578125, \"text\": \" We went back to bed.\", \"tokens\": [50730, 492, 1437, 646, 281, 2901, 13, 50784], \"temperature\": 0.0, \"avg_logprob\": -0.20484614372253418, \"compression_ratio\": 1.8575581312179565, \"no_speech_prob\": 0.0072319041937589645}, {\"id\": 138, \"seek\": 25528, \"start\": 263.67999267578125, \"end\": 265.1199951171875, \"text\": \" We took her to a strip club.\", \"tokens\": [50784, 492, 1890, 720, 281, 257, 12828, 6482, 13, 50856], \"temperature\": 0.0, \"avg_logprob\": -0.20484614372253418, \"compression_ratio\": 1.8575581312179565, \"no_speech_prob\": 0.0072319041937589645}, {\"id\": 139, \"seek\": 25528, \"start\": 265.1199951171875, \"end\": 266.4800109863281, \"text\": \" We met a waitress in the strip club.\", \"tokens\": [50856, 492, 1131, 257, 1699, 735, 294, 264, 12828, 6482, 13, 50924], \"temperature\": 0.0, \"avg_logprob\": -0.20484614372253418, \"compression_ratio\": 1.8575581312179565, \"no_speech_prob\": 0.0072319041937589645}, {\"id\": 140, \"seek\": 25528, \"start\": 266.4800109863281, \"end\": 268.6400146484375, \"text\": \" This is the craziest story.\", \"tokens\": [50924, 639, 307, 264, 46339, 1657, 13, 51032], \"temperature\": 0.0, \"avg_logprob\": -0.20484614372253418, \"compression_ratio\": 1.8575581312179565, \"no_speech_prob\": 0.0072319041937589645}, {\"id\": 141, \"seek\": 25528, \"start\": 268.6400146484375, \"end\": 270.0, \"text\": \" Brooke and her were making out\", \"tokens\": [51032, 43092, 293, 720, 645, 1455, 484, 51100], \"temperature\": 0.0, \"avg_logprob\": -0.20484614372253418, \"compression_ratio\": 1.8575581312179565, \"no_speech_prob\": 0.0072319041937589645}, {\"id\": 142, \"seek\": 25528, \"start\": 270.0, \"end\": 270.9599914550781, \"text\": \" and the waitress comes up to me.\", \"tokens\": [51100, 293, 264, 1699, 735, 1487, 493, 281, 385, 13, 51148], \"temperature\": 0.0, \"avg_logprob\": -0.20484614372253418, \"compression_ratio\": 1.8575581312179565, \"no_speech_prob\": 0.0072319041937589645}, {\"id\": 143, \"seek\": 25528, \"start\": 270.9599914550781, \"end\": 271.9200134277344, \"text\": \" She's like, are you jealous?\", \"tokens\": [51148, 1240, 311, 411, 11, 366, 291, 13805, 30, 51196], \"temperature\": 0.0, \"avg_logprob\": -0.20484614372253418, \"compression_ratio\": 1.8575581312179565, \"no_speech_prob\": 0.0072319041937589645}, {\"id\": 144, \"seek\": 25528, \"start\": 271.9200134277344, \"end\": 272.8800048828125, \"text\": \" I was like, why would I be jealous?\", \"tokens\": [51196, 286, 390, 411, 11, 983, 576, 286, 312, 13805, 30, 51244], \"temperature\": 0.0, \"avg_logprob\": -0.20484614372253418, \"compression_ratio\": 1.8575581312179565, \"no_speech_prob\": 0.0072319041937589645}, {\"id\": 145, \"seek\": 25528, \"start\": 272.8800048828125, \"end\": 274.1199951171875, \"text\": \" I'm gonna get both of them later.\", \"tokens\": [51244, 286, 478, 799, 483, 1293, 295, 552, 1780, 13, 51306], \"temperature\": 0.0, \"avg_logprob\": -0.20484614372253418, \"compression_ratio\": 1.8575581312179565, \"no_speech_prob\": 0.0072319041937589645}, {\"id\": 146, \"seek\": 25528, \"start\": 274.1199951171875, \"end\": 275.1199951171875, \"text\": \" She goes, well, I'm jealous.\", \"tokens\": [51306, 1240, 1709, 11, 731, 11, 286, 478, 13805, 13, 51356], \"temperature\": 0.0, \"avg_logprob\": -0.20484614372253418, \"compression_ratio\": 1.8575581312179565, \"no_speech_prob\": 0.0072319041937589645}, {\"id\": 147, \"seek\": 25528, \"start\": 275.1199951171875, \"end\": 276.239990234375, \"text\": \" I was like, don't be, join in.\", \"tokens\": [51356, 286, 390, 411, 11, 500, 380, 312, 11, 3917, 294, 13, 51412], \"temperature\": 0.0, \"avg_logprob\": -0.20484614372253418, \"compression_ratio\": 1.8575581312179565, \"no_speech_prob\": 0.0072319041937589645}, {\"id\": 148, \"seek\": 25528, \"start\": 276.239990234375, \"end\": 277.0799865722656, \"text\": \" And she did.\", \"tokens\": [51412, 400, 750, 630, 13, 51454], \"temperature\": 0.0, \"avg_logprob\": -0.20484614372253418, \"compression_ratio\": 1.8575581312179565, \"no_speech_prob\": 0.0072319041937589645}, {\"id\": 149, \"seek\": 25528, \"start\": 277.0799865722656, \"end\": 279.2799987792969, \"text\": \" So our first night together was me,\", \"tokens\": [51454, 407, 527, 700, 1818, 1214, 390, 385, 11, 51564], \"temperature\": 0.0, \"avg_logprob\": -0.20484614372253418, \"compression_ratio\": 1.8575581312179565, \"no_speech_prob\": 0.0072319041937589645}, {\"id\": 150, \"seek\": 25528, \"start\": 279.2799987792969, \"end\": 281.0, \"text\": \" the waitress from Palazzo.\", \"tokens\": [51564, 264, 1699, 735, 490, 6116, 921, 4765, 13, 51650], \"temperature\": 0.0, \"avg_logprob\": -0.20484614372253418, \"compression_ratio\": 1.8575581312179565, \"no_speech_prob\": 0.0072319041937589645}, {\"id\": 151, \"seek\": 25528, \"start\": 281.0, \"end\": 281.8399963378906, \"text\": \" There you go.\", \"tokens\": [51650, 821, 291, 352, 13, 51692], \"temperature\": 0.0, \"avg_logprob\": -0.20484614372253418, \"compression_ratio\": 1.8575581312179565, \"no_speech_prob\": 0.0072319041937589645}, {\"id\": 152, \"seek\": 25528, \"start\": 281.8399963378906, \"end\": 284.8399963378906, \"text\": \" Okay, so I was the DJ at Palazzo for two and a half years.\", \"tokens\": [51692, 1033, 11, 370, 286, 390, 264, 13078, 412, 6116, 921, 4765, 337, 732, 293, 257, 1922, 924, 13, 51842], \"temperature\": 0.0, \"avg_logprob\": -0.20484614372253418, \"compression_ratio\": 1.8575581312179565, \"no_speech_prob\": 0.0072319041937589645}, {\"id\": 153, \"seek\": 28484, \"start\": 285.44000244140625, \"end\": 286.55999755859375, \"text\": \" Okay, that's too funny.\", \"tokens\": [50394, 1033, 11, 300, 311, 886, 4074, 13, 50450], \"temperature\": 0.0, \"avg_logprob\": -0.27884119749069214, \"compression_ratio\": 1.690566062927246, \"no_speech_prob\": 0.00027371416217647493}, {\"id\": 154, \"seek\": 28484, \"start\": 286.55999755859375, \"end\": 288.9599914550781, \"text\": \" So which years?\", \"tokens\": [50450, 407, 597, 924, 30, 50570], \"temperature\": 0.0, \"avg_logprob\": -0.27884119749069214, \"compression_ratio\": 1.690566062927246, \"no_speech_prob\": 0.00027371416217647493}, {\"id\": 155, \"seek\": 28484, \"start\": 288.9599914550781, \"end\": 289.79998779296875, \"text\": \" So this would have been,\", \"tokens\": [50570, 407, 341, 576, 362, 668, 11, 50612], \"temperature\": 0.0, \"avg_logprob\": -0.27884119749069214, \"compression_ratio\": 1.690566062927246, \"no_speech_prob\": 0.00027371416217647493}, {\"id\": 156, \"seek\": 28484, \"start\": 289.79998779296875, \"end\": 294.79998779296875, \"text\": \" so I was the DJ at Expos\\u00e9 from 2000 until 2004.\", \"tokens\": [50612, 370, 286, 390, 264, 13078, 412, 21391, 329, 526, 490, 8132, 1826, 15817, 13, 50862], \"temperature\": 0.0, \"avg_logprob\": -0.27884119749069214, \"compression_ratio\": 1.690566062927246, \"no_speech_prob\": 0.00027371416217647493}, {\"id\": 157, \"seek\": 28484, \"start\": 296.20001220703125, \"end\": 297.55999755859375, \"text\": \" No, 2003.\", \"tokens\": [50932, 883, 11, 16416, 13, 51000], \"temperature\": 0.0, \"avg_logprob\": -0.27884119749069214, \"compression_ratio\": 1.690566062927246, \"no_speech_prob\": 0.00027371416217647493}, {\"id\": 158, \"seek\": 28484, \"start\": 297.55999755859375, \"end\": 299.6000061035156, \"text\": \" And then I was at Palazzo during that time also.\", \"tokens\": [51000, 400, 550, 286, 390, 412, 6116, 921, 4765, 1830, 300, 565, 611, 13, 51102], \"temperature\": 0.0, \"avg_logprob\": -0.27884119749069214, \"compression_ratio\": 1.690566062927246, \"no_speech_prob\": 0.00027371416217647493}, {\"id\": 159, \"seek\": 28484, \"start\": 299.6000061035156, \"end\": 301.67999267578125, \"text\": \" Cause it opened after the second year I was at Expos\\u00e9.\", \"tokens\": [51102, 10865, 309, 5625, 934, 264, 1150, 1064, 286, 390, 412, 21391, 329, 526, 13, 51206], \"temperature\": 0.0, \"avg_logprob\": -0.27884119749069214, \"compression_ratio\": 1.690566062927246, \"no_speech_prob\": 0.00027371416217647493}, {\"id\": 160, \"seek\": 28484, \"start\": 301.67999267578125, \"end\": 304.7200012207031, \"text\": \" Okay, so yeah, this was later.\", \"tokens\": [51206, 1033, 11, 370, 1338, 11, 341, 390, 1780, 13, 51358], \"temperature\": 0.0, \"avg_logprob\": -0.27884119749069214, \"compression_ratio\": 1.690566062927246, \"no_speech_prob\": 0.00027371416217647493}, {\"id\": 161, \"seek\": 28484, \"start\": 304.7200012207031, \"end\": 305.55999755859375, \"text\": \" I was the manager.\", \"tokens\": [51358, 286, 390, 264, 6598, 13, 51400], \"temperature\": 0.0, \"avg_logprob\": -0.27884119749069214, \"compression_ratio\": 1.690566062927246, \"no_speech_prob\": 0.00027371416217647493}, {\"id\": 162, \"seek\": 28484, \"start\": 305.55999755859375, \"end\": 306.8399963378906, \"text\": \" I was the manager at Crazy Lady.\", \"tokens\": [51400, 286, 390, 264, 6598, 412, 22509, 11256, 13, 51464], \"temperature\": 0.0, \"avg_logprob\": -0.27884119749069214, \"compression_ratio\": 1.690566062927246, \"no_speech_prob\": 0.00027371416217647493}, {\"id\": 163, \"seek\": 28484, \"start\": 306.8399963378906, \"end\": 308.79998779296875, \"text\": \" And then I was, which is called Zero now, I think.\", \"tokens\": [51464, 400, 550, 286, 390, 11, 597, 307, 1219, 17182, 586, 11, 286, 519, 13, 51562], \"temperature\": 0.0, \"avg_logprob\": -0.27884119749069214, \"compression_ratio\": 1.690566062927246, \"no_speech_prob\": 0.00027371416217647493}, {\"id\": 164, \"seek\": 28484, \"start\": 308.79998779296875, \"end\": 313.5199890136719, \"text\": \" And then I was the DJ at Sugars until February of 04.\", \"tokens\": [51562, 400, 550, 286, 390, 264, 13078, 412, 39131, 685, 1826, 8711, 295, 50022, 13, 51798], \"temperature\": 0.0, \"avg_logprob\": -0.27884119749069214, \"compression_ratio\": 1.690566062927246, \"no_speech_prob\": 0.00027371416217647493}, {\"id\": 165, \"seek\": 28484, \"start\": 313.5199890136719, \"end\": 314.3999938964844, \"text\": \" And then I joined the military.\", \"tokens\": [51798, 400, 550, 286, 6869, 264, 4632, 13, 51842], \"temperature\": 0.0, \"avg_logprob\": -0.27884119749069214, \"compression_ratio\": 1.690566062927246, \"no_speech_prob\": 0.00027371416217647493}, {\"id\": 166, \"seek\": 31440, \"start\": 314.9599914550781, \"end\": 317.5199890136719, \"text\": \" I swore into the military in February of 04, yeah.\", \"tokens\": [50392, 286, 1693, 418, 666, 264, 4632, 294, 8711, 295, 50022, 11, 1338, 13, 50520], \"temperature\": 0.0, \"avg_logprob\": -0.19390331208705902, \"compression_ratio\": 1.6253602504730225, \"no_speech_prob\": 0.00026529148453846574}, {\"id\": 167, \"seek\": 31440, \"start\": 317.5199890136719, \"end\": 318.3599853515625, \"text\": \" That's awesome.\", \"tokens\": [50520, 663, 311, 3476, 13, 50562], \"temperature\": 0.0, \"avg_logprob\": -0.19390331208705902, \"compression_ratio\": 1.6253602504730225, \"no_speech_prob\": 0.00026529148453846574}, {\"id\": 168, \"seek\": 31440, \"start\": 318.3599853515625, \"end\": 320.5199890136719, \"text\": \" All right, so yeah, so this is much later than that.\", \"tokens\": [50562, 1057, 558, 11, 370, 1338, 11, 370, 341, 307, 709, 1780, 813, 300, 13, 50670], \"temperature\": 0.0, \"avg_logprob\": -0.19390331208705902, \"compression_ratio\": 1.6253602504730225, \"no_speech_prob\": 0.00026529148453846574}, {\"id\": 169, \"seek\": 31440, \"start\": 320.5199890136719, \"end\": 323.9200134277344, \"text\": \" But yeah, so long story short, the four of us had sex.\", \"tokens\": [50670, 583, 1338, 11, 370, 938, 1657, 2099, 11, 264, 1451, 295, 505, 632, 3260, 13, 50840], \"temperature\": 0.0, \"avg_logprob\": -0.19390331208705902, \"compression_ratio\": 1.6253602504730225, \"no_speech_prob\": 0.00026529148453846574}, {\"id\": 170, \"seek\": 31440, \"start\": 323.9200134277344, \"end\": 327.6000061035156, \"text\": \" But the girl who I'm now about to get married to,\", \"tokens\": [50840, 583, 264, 2013, 567, 286, 478, 586, 466, 281, 483, 5259, 281, 11, 51024], \"temperature\": 0.0, \"avg_logprob\": -0.19390331208705902, \"compression_ratio\": 1.6253602504730225, \"no_speech_prob\": 0.00026529148453846574}, {\"id\": 171, \"seek\": 31440, \"start\": 327.6000061035156, \"end\": 330.3999938964844, \"text\": \" I'm engaged to, Eve, went back to LA,\", \"tokens\": [51024, 286, 478, 8237, 281, 11, 15544, 11, 1437, 646, 281, 9855, 11, 51164], \"temperature\": 0.0, \"avg_logprob\": -0.19390331208705902, \"compression_ratio\": 1.6253602504730225, \"no_speech_prob\": 0.00026529148453846574}, {\"id\": 172, \"seek\": 31440, \"start\": 330.3999938964844, \"end\": 331.760009765625, \"text\": \" where she lived in Hollywood.\", \"tokens\": [51164, 689, 750, 5152, 294, 11628, 13, 51232], \"temperature\": 0.0, \"avg_logprob\": -0.19390331208705902, \"compression_ratio\": 1.6253602504730225, \"no_speech_prob\": 0.00026529148453846574}, {\"id\": 173, \"seek\": 31440, \"start\": 331.760009765625, \"end\": 334.239990234375, \"text\": \" And we just had a long distance relationship\", \"tokens\": [51232, 400, 321, 445, 632, 257, 938, 4560, 2480, 51356], \"temperature\": 0.0, \"avg_logprob\": -0.19390331208705902, \"compression_ratio\": 1.6253602504730225, \"no_speech_prob\": 0.00026529148453846574}, {\"id\": 174, \"seek\": 31440, \"start\": 334.239990234375, \"end\": 335.3599853515625, \"text\": \" that lasted a few years.\", \"tokens\": [51356, 300, 21116, 257, 1326, 924, 13, 51412], \"temperature\": 0.0, \"avg_logprob\": -0.19390331208705902, \"compression_ratio\": 1.6253602504730225, \"no_speech_prob\": 0.00026529148453846574}, {\"id\": 175, \"seek\": 31440, \"start\": 335.3599853515625, \"end\": 338.0799865722656, \"text\": \" Meanwhile, me and Brooke, we slept with other people.\", \"tokens\": [51412, 13879, 11, 385, 293, 43092, 11, 321, 17400, 365, 661, 561, 13, 51548], \"temperature\": 0.0, \"avg_logprob\": -0.19390331208705902, \"compression_ratio\": 1.6253602504730225, \"no_speech_prob\": 0.00026529148453846574}, {\"id\": 176, \"seek\": 31440, \"start\": 338.0799865722656, \"end\": 339.67999267578125, \"text\": \" And then we ended up moving to LA.\", \"tokens\": [51548, 400, 550, 321, 4590, 493, 2684, 281, 9855, 13, 51628], \"temperature\": 0.0, \"avg_logprob\": -0.19390331208705902, \"compression_ratio\": 1.6253602504730225, \"no_speech_prob\": 0.00026529148453846574}, {\"id\": 177, \"seek\": 31440, \"start\": 339.67999267578125, \"end\": 342.44000244140625, \"text\": \" So when we moved to LA, we didn't have anywhere to crash.\", \"tokens\": [51628, 407, 562, 321, 4259, 281, 9855, 11, 321, 994, 380, 362, 4992, 281, 8252, 13, 51766], \"temperature\": 0.0, \"avg_logprob\": -0.19390331208705902, \"compression_ratio\": 1.6253602504730225, \"no_speech_prob\": 0.00026529148453846574}, {\"id\": 178, \"seek\": 31440, \"start\": 342.44000244140625, \"end\": 344.32000732421875, \"text\": \" Eve said, you can crash with me for a couple of weeks.\", \"tokens\": [51766, 15544, 848, 11, 291, 393, 8252, 365, 385, 337, 257, 1916, 295, 3259, 13, 51860], \"temperature\": 0.0, \"avg_logprob\": -0.19390331208705902, \"compression_ratio\": 1.6253602504730225, \"no_speech_prob\": 0.00026529148453846574}, {\"id\": 179, \"seek\": 34432, \"start\": 345.20001220703125, \"end\": 346.9599914550781, \"text\": \" We crashed with her, the relationship deepened.\", \"tokens\": [50408, 492, 24190, 365, 720, 11, 264, 2480, 2452, 5320, 13, 50496], \"temperature\": 0.0, \"avg_logprob\": -0.22226297855377197, \"compression_ratio\": 1.7225806713104248, \"no_speech_prob\": 0.0003799757396336645}, {\"id\": 180, \"seek\": 34432, \"start\": 346.9599914550781, \"end\": 349.32000732421875, \"text\": \" And then me and Brooke had a kid.\", \"tokens\": [50496, 400, 550, 385, 293, 43092, 632, 257, 1636, 13, 50614], \"temperature\": 0.0, \"avg_logprob\": -0.22226297855377197, \"compression_ratio\": 1.7225806713104248, \"no_speech_prob\": 0.0003799757396336645}, {\"id\": 181, \"seek\": 34432, \"start\": 349.32000732421875, \"end\": 351.239990234375, \"text\": \" Brooke already had a kid from a previous relationship\", \"tokens\": [50614, 43092, 1217, 632, 257, 1636, 490, 257, 3894, 2480, 50710], \"temperature\": 0.0, \"avg_logprob\": -0.22226297855377197, \"compression_ratio\": 1.7225806713104248, \"no_speech_prob\": 0.0003799757396336645}, {\"id\": 182, \"seek\": 34432, \"start\": 351.239990234375, \"end\": 352.5199890136719, \"text\": \" I'd mostly adopted,\", \"tokens\": [50710, 286, 1116, 5240, 12175, 11, 50774], \"temperature\": 0.0, \"avg_logprob\": -0.22226297855377197, \"compression_ratio\": 1.7225806713104248, \"no_speech_prob\": 0.0003799757396336645}, {\"id\": 183, \"seek\": 34432, \"start\": 352.5199890136719, \"end\": 353.9599914550781, \"text\": \" because I kind of came into his life\", \"tokens\": [50774, 570, 286, 733, 295, 1361, 666, 702, 993, 50846], \"temperature\": 0.0, \"avg_logprob\": -0.22226297855377197, \"compression_ratio\": 1.7225806713104248, \"no_speech_prob\": 0.0003799757396336645}, {\"id\": 184, \"seek\": 34432, \"start\": 353.9599914550781, \"end\": 356.2799987792969, \"text\": \" when he was 18 months old.\", \"tokens\": [50846, 562, 415, 390, 2443, 2493, 1331, 13, 50962], \"temperature\": 0.0, \"avg_logprob\": -0.22226297855377197, \"compression_ratio\": 1.7225806713104248, \"no_speech_prob\": 0.0003799757396336645}, {\"id\": 185, \"seek\": 34432, \"start\": 356.2799987792969, \"end\": 357.55999755859375, \"text\": \" And I wanted to be a dad, obviously,\", \"tokens\": [50962, 400, 286, 1415, 281, 312, 257, 3546, 11, 2745, 11, 51026], \"temperature\": 0.0, \"avg_logprob\": -0.22226297855377197, \"compression_ratio\": 1.7225806713104248, \"no_speech_prob\": 0.0003799757396336645}, {\"id\": 186, \"seek\": 34432, \"start\": 357.55999755859375, \"end\": 359.20001220703125, \"text\": \" which was the reason I left Amanda.\", \"tokens\": [51026, 597, 390, 264, 1778, 286, 1411, 20431, 13, 51108], \"temperature\": 0.0, \"avg_logprob\": -0.22226297855377197, \"compression_ratio\": 1.7225806713104248, \"no_speech_prob\": 0.0003799757396336645}, {\"id\": 187, \"seek\": 34432, \"start\": 359.20001220703125, \"end\": 361.0400085449219, \"text\": \" And me and Brooke had always decided\", \"tokens\": [51108, 400, 385, 293, 43092, 632, 1009, 3047, 51200], \"temperature\": 0.0, \"avg_logprob\": -0.22226297855377197, \"compression_ratio\": 1.7225806713104248, \"no_speech_prob\": 0.0003799757396336645}, {\"id\": 188, \"seek\": 34432, \"start\": 361.0400085449219, \"end\": 362.0400085449219, \"text\": \" like we could co-parent,\", \"tokens\": [51200, 411, 321, 727, 598, 12, 38321, 11, 51250], \"temperature\": 0.0, \"avg_logprob\": -0.22226297855377197, \"compression_ratio\": 1.7225806713104248, \"no_speech_prob\": 0.0003799757396336645}, {\"id\": 189, \"seek\": 34432, \"start\": 362.0400085449219, \"end\": 363.6000061035156, \"text\": \" even if the relationship didn't work out.\", \"tokens\": [51250, 754, 498, 264, 2480, 994, 380, 589, 484, 13, 51328], \"temperature\": 0.0, \"avg_logprob\": -0.22226297855377197, \"compression_ratio\": 1.7225806713104248, \"no_speech_prob\": 0.0003799757396336645}, {\"id\": 190, \"seek\": 34432, \"start\": 363.6000061035156, \"end\": 364.7200012207031, \"text\": \" That was like a factor,\", \"tokens\": [51328, 663, 390, 411, 257, 5952, 11, 51384], \"temperature\": 0.0, \"avg_logprob\": -0.22226297855377197, \"compression_ratio\": 1.7225806713104248, \"no_speech_prob\": 0.0003799757396336645}, {\"id\": 191, \"seek\": 34432, \"start\": 364.7200012207031, \"end\": 366.760009765625, \"text\": \" because she primarily preferred women.\", \"tokens\": [51384, 570, 750, 10029, 16494, 2266, 13, 51486], \"temperature\": 0.0, \"avg_logprob\": -0.22226297855377197, \"compression_ratio\": 1.7225806713104248, \"no_speech_prob\": 0.0003799757396336645}, {\"id\": 192, \"seek\": 34432, \"start\": 367.8399963378906, \"end\": 371.67999267578125, \"text\": \" And then, yeah, we ended up seeing Eve\", \"tokens\": [51540, 400, 550, 11, 1338, 11, 321, 4590, 493, 2577, 15544, 51732], \"temperature\": 0.0, \"avg_logprob\": -0.22226297855377197, \"compression_ratio\": 1.7225806713104248, \"no_speech_prob\": 0.0003799757396336645}, {\"id\": 193, \"seek\": 34432, \"start\": 371.67999267578125, \"end\": 373.55999755859375, \"text\": \" probably three, four nights a week.\", \"tokens\": [51732, 1391, 1045, 11, 1451, 13249, 257, 1243, 13, 51826], \"temperature\": 0.0, \"avg_logprob\": -0.22226297855377197, \"compression_ratio\": 1.7225806713104248, \"no_speech_prob\": 0.0003799757396336645}, {\"id\": 194, \"seek\": 37356, \"start\": 373.6000061035156, \"end\": 374.9599914550781, \"text\": \" And then Eve says to us one day,\", \"tokens\": [50366, 400, 550, 15544, 1619, 281, 505, 472, 786, 11, 50434], \"temperature\": 0.0, \"avg_logprob\": -0.18719473481178284, \"compression_ratio\": 1.7987220287322998, \"no_speech_prob\": 0.0007672568317502737}, {\"id\": 195, \"seek\": 37356, \"start\": 374.9599914550781, \"end\": 376.20001220703125, \"text\": \" hey, I wanna get a bigger place.\", \"tokens\": [50434, 4177, 11, 286, 1948, 483, 257, 3801, 1081, 13, 50496], \"temperature\": 0.0, \"avg_logprob\": -0.18719473481178284, \"compression_ratio\": 1.7987220287322998, \"no_speech_prob\": 0.0007672568317502737}, {\"id\": 196, \"seek\": 37356, \"start\": 376.20001220703125, \"end\": 378.239990234375, \"text\": \" I'm thinking about moving by the beach.\", \"tokens\": [50496, 286, 478, 1953, 466, 2684, 538, 264, 7534, 13, 50598], \"temperature\": 0.0, \"avg_logprob\": -0.18719473481178284, \"compression_ratio\": 1.7987220287322998, \"no_speech_prob\": 0.0007672568317502737}, {\"id\": 197, \"seek\": 37356, \"start\": 378.239990234375, \"end\": 380.67999267578125, \"text\": \" And mine and Brooke's rent was up at the same time.\", \"tokens\": [50598, 400, 3892, 293, 43092, 311, 6214, 390, 493, 412, 264, 912, 565, 13, 50720], \"temperature\": 0.0, \"avg_logprob\": -0.18719473481178284, \"compression_ratio\": 1.7987220287322998, \"no_speech_prob\": 0.0007672568317502737}, {\"id\": 198, \"seek\": 37356, \"start\": 380.67999267578125, \"end\": 382.79998779296875, \"text\": \" And we said, well, business is booming.\", \"tokens\": [50720, 400, 321, 848, 11, 731, 11, 1606, 307, 45883, 13, 50826], \"temperature\": 0.0, \"avg_logprob\": -0.18719473481178284, \"compression_ratio\": 1.7987220287322998, \"no_speech_prob\": 0.0007672568317502737}, {\"id\": 199, \"seek\": 37356, \"start\": 382.79998779296875, \"end\": 384.0799865722656, \"text\": \" We're thinking the same thing.\", \"tokens\": [50826, 492, 434, 1953, 264, 912, 551, 13, 50890], \"temperature\": 0.0, \"avg_logprob\": -0.18719473481178284, \"compression_ratio\": 1.7987220287322998, \"no_speech_prob\": 0.0007672568317502737}, {\"id\": 200, \"seek\": 37356, \"start\": 384.0799865722656, \"end\": 385.760009765625, \"text\": \" Why don't we move in together?\", \"tokens\": [50890, 1545, 500, 380, 321, 1286, 294, 1214, 30, 50974], \"temperature\": 0.0, \"avg_logprob\": -0.18719473481178284, \"compression_ratio\": 1.7987220287322998, \"no_speech_prob\": 0.0007672568317502737}, {\"id\": 201, \"seek\": 37356, \"start\": 385.760009765625, \"end\": 387.0400085449219, \"text\": \" So we moved in together.\", \"tokens\": [50974, 407, 321, 4259, 294, 1214, 13, 51038], \"temperature\": 0.0, \"avg_logprob\": -0.18719473481178284, \"compression_ratio\": 1.7987220287322998, \"no_speech_prob\": 0.0007672568317502737}, {\"id\": 202, \"seek\": 37356, \"start\": 387.0400085449219, \"end\": 389.0799865722656, \"text\": \" Brooke gave birth to Dante,\", \"tokens\": [51038, 43092, 2729, 3965, 281, 35602, 11, 51140], \"temperature\": 0.0, \"avg_logprob\": -0.18719473481178284, \"compression_ratio\": 1.7987220287322998, \"no_speech_prob\": 0.0007672568317502737}, {\"id\": 203, \"seek\": 37356, \"start\": 389.0799865722656, \"end\": 391.6000061035156, \"text\": \" which was my second child, I suppose.\", \"tokens\": [51140, 597, 390, 452, 1150, 1440, 11, 286, 7297, 13, 51266], \"temperature\": 0.0, \"avg_logprob\": -0.18719473481178284, \"compression_ratio\": 1.7987220287322998, \"no_speech_prob\": 0.0007672568317502737}, {\"id\": 204, \"seek\": 37356, \"start\": 391.6000061035156, \"end\": 394.6000061035156, \"text\": \" And then Eve, after seeing Dante,\", \"tokens\": [51266, 400, 550, 15544, 11, 934, 2577, 35602, 11, 51416], \"temperature\": 0.0, \"avg_logprob\": -0.18719473481178284, \"compression_ratio\": 1.7987220287322998, \"no_speech_prob\": 0.0007672568317502737}, {\"id\": 205, \"seek\": 37356, \"start\": 394.6000061035156, \"end\": 395.7200012207031, \"text\": \" during the pregnancy, she was like,\", \"tokens\": [51416, 1830, 264, 16120, 11, 750, 390, 411, 11, 51472], \"temperature\": 0.0, \"avg_logprob\": -0.18719473481178284, \"compression_ratio\": 1.7987220287322998, \"no_speech_prob\": 0.0007672568317502737}, {\"id\": 206, \"seek\": 37356, \"start\": 395.7200012207031, \"end\": 397.44000244140625, \"text\": \" I don't know if I wanna be with you guys.\", \"tokens\": [51472, 286, 500, 380, 458, 498, 286, 1948, 312, 365, 291, 1074, 13, 51558], \"temperature\": 0.0, \"avg_logprob\": -0.18719473481178284, \"compression_ratio\": 1.7987220287322998, \"no_speech_prob\": 0.0007672568317502737}, {\"id\": 207, \"seek\": 37356, \"start\": 397.44000244140625, \"end\": 398.9599914550781, \"text\": \" So that was kind of awkward.\", \"tokens\": [51558, 407, 300, 390, 733, 295, 11411, 13, 51634], \"temperature\": 0.0, \"avg_logprob\": -0.18719473481178284, \"compression_ratio\": 1.7987220287322998, \"no_speech_prob\": 0.0007672568317502737}, {\"id\": 208, \"seek\": 37356, \"start\": 398.9599914550781, \"end\": 400.55999755859375, \"text\": \" But then when Dante was born,\", \"tokens\": [51634, 583, 550, 562, 35602, 390, 4232, 11, 51714], \"temperature\": 0.0, \"avg_logprob\": -0.18719473481178284, \"compression_ratio\": 1.7987220287322998, \"no_speech_prob\": 0.0007672568317502737}, {\"id\": 209, \"seek\": 37356, \"start\": 400.55999755859375, \"end\": 403.1199951171875, \"text\": \" she was like, no, I do wanna be with you.\", \"tokens\": [51714, 750, 390, 411, 11, 572, 11, 286, 360, 1948, 312, 365, 291, 13, 51842], \"temperature\": 0.0, \"avg_logprob\": -0.18719473481178284, \"compression_ratio\": 1.7987220287322998, \"no_speech_prob\": 0.0007672568317502737}, {\"id\": 210, \"seek\": 40312, \"start\": 403.67999267578125, \"end\": 404.5199890136719, \"text\": \" And the fact that it was the kid,\", \"tokens\": [50392, 400, 264, 1186, 300, 309, 390, 264, 1636, 11, 50434], \"temperature\": 0.0, \"avg_logprob\": -0.3077212870121002, \"compression_ratio\": 1.532338261604309, \"no_speech_prob\": 0.00021317704522516578}, {\"id\": 211, \"seek\": 40312, \"start\": 404.5199890136719, \"end\": 405.6400146484375, \"text\": \" she didn't know if she was ready to be a mom.\", \"tokens\": [50434, 750, 994, 380, 458, 498, 750, 390, 1919, 281, 312, 257, 1225, 13, 50490], \"temperature\": 0.0, \"avg_logprob\": -0.3077212870121002, \"compression_ratio\": 1.532338261604309, \"no_speech_prob\": 0.00021317704522516578}, {\"id\": 212, \"seek\": 40312, \"start\": 405.6400146484375, \"end\": 408.32000732421875, \"text\": \" Just to put it on the record.\", \"tokens\": [50490, 1449, 281, 829, 309, 322, 264, 2136, 13, 50624], \"temperature\": 0.0, \"avg_logprob\": -0.3077212870121002, \"compression_ratio\": 1.532338261604309, \"no_speech_prob\": 0.00021317704522516578}, {\"id\": 213, \"seek\": 40312, \"start\": 408.32000732421875, \"end\": 410.7200012207031, \"text\": \" But once Dante was born, she fell in love.\", \"tokens\": [50624, 583, 1564, 35602, 390, 4232, 11, 750, 5696, 294, 959, 13, 50744], \"temperature\": 0.0, \"avg_logprob\": -0.3077212870121002, \"compression_ratio\": 1.532338261604309, \"no_speech_prob\": 0.00021317704522516578}, {\"id\": 214, \"seek\": 40312, \"start\": 410.7200012207031, \"end\": 413.0400085449219, \"text\": \" And the reason everyone knew about us,\", \"tokens\": [50744, 400, 264, 1778, 1518, 2586, 466, 505, 11, 50860], \"temperature\": 0.0, \"avg_logprob\": -0.3077212870121002, \"compression_ratio\": 1.532338261604309, \"no_speech_prob\": 0.00021317704522516578}, {\"id\": 215, \"seek\": 40312, \"start\": 413.0400085449219, \"end\": 415.0799865722656, \"text\": \" so we'd been together like two and a half years\", \"tokens\": [50860, 370, 321, 1116, 668, 1214, 411, 732, 293, 257, 1922, 924, 50962], \"temperature\": 0.0, \"avg_logprob\": -0.3077212870121002, \"compression_ratio\": 1.532338261604309, \"no_speech_prob\": 0.00021317704522516578}, {\"id\": 216, \"seek\": 40312, \"start\": 415.0799865722656, \"end\": 416.0400085449219, \"text\": \" at this point.\", \"tokens\": [50962, 412, 341, 935, 13, 51010], \"temperature\": 0.0, \"avg_logprob\": -0.3077212870121002, \"compression_ratio\": 1.532338261604309, \"no_speech_prob\": 0.00021317704522516578}, {\"id\": 217, \"seek\": 40312, \"start\": 416.0400085449219, \"end\": 418.9200134277344, \"text\": \" And that's when Eve decided she wanted to have a kid.\", \"tokens\": [51010, 400, 300, 311, 562, 15544, 3047, 750, 1415, 281, 362, 257, 1636, 13, 51154], \"temperature\": 0.0, \"avg_logprob\": -0.3077212870121002, \"compression_ratio\": 1.532338261604309, \"no_speech_prob\": 0.00021317704522516578}]}"}