{"title": "How social media fxcked up the dating market", "video_id": "jn5EwrO9hZY", "video_url": "https://www.youtube.com/watch?v=jn5EwrO9hZY", "description": "Watch The Full Thing Here : \n\u2014\u2014\u2014\u2014\u2014\u2014\u2014\u2014\u2014\u2014\u2014\u2014\u2014\u2014\u2014\u2014\u2014\u2014\u2014\u2014\nReady to build a network of amazing women and high-status men?\n\nMichael\u2019s Men of Action is a one-on-one Master\u2019s program that teaches men how to create elite \nsocial lives by becoming higher status.\n\nClick this link to learn how you can have a High-Status lifestyle now:\nhttps://m.moamentoring.com/podcast\n\nClick here to join the Men of Action community and watch the High-Status Networking 101 course:\nhttps://m.moamentoring.com/moa-community\n\nInterested in joining the Men of Action sales team? Apply here:\nhttps://www.moamentoring.com/jobs/sales\n\nMen of Action has an affiliate program! Post pre-made content and get paid passively:\nhttps://www.moamentoring.com/affiliate\n\u2014\u2014\u2014\u2014\u2014\u2014\u2014\u2014\u2014\u2014\u2014\u2014\u2014\u2014\u2014\u2014\u2014\u2014\u2014\u2014\n\nSubscribe on Youtube: \nhttps://www.youtube.com/user/MichaelSartain\n\nListen on Apple Podcast: \nhttps://podcasts.apple.com/us/podcast/the-michael-sartain-podcast/id1579791157\n\nListen on Spotify: \nhttps://open.spotify.com/show/2faAYwvDD9Bvkpwv6umlPO?si=8Q3ak9HnSlKjuChsTXr6YQ&dl_branch=1\n\n#michael #michaelsartain #michael_sartain #michael_sartain_podcast", "published_at": "2023-12-14T20:00:17Z", "channel_id": "UC0T1bDzajVefRWx4uKdGyuw", "channel_title": "Michael Sartain", "tags": ["Michael", "Michael Sartain", "Michael Sartain Podcast", "Michael Podcast", "MOA", "Men Of Action", "Michael Sartain Course", "Michael Sartain With Hot Women", "Playboy", "Swimsuit", "Swimsuit Competition", "ichael sartain social circle", "social circle", "how to netowrk", "moa", "moa podcast", "gender wage gap", "gender wage gap myth", "wage gap", "social value", "michael sartain course", "looks money status", "social circle mentorship", "michael sartain social circle game", "men of action podcast", "men of action course"], "category_id": "24", "live_broadcast_content": "none", "duration": 47.0, "dimension": "2d", "definition": "hd", "caption": "false", "view_count": 5567, "like_count": 245, "comment_count": 20, "channel_info": {"title": "Michael Sartain", "description": "\ud83c\udf99Host of The\u00a0Michael Sartain Podcast \n\n\ud83d\udd25Teaching you how to build a network of desirable women and high-status men\n\n\ud83d\udc47 Click the \"Men of Action\" link below now to forge a high-status lifestyle and join the elites \n", "subscriber_count": "80500", "total_views": "29545897", "total_videos": "1481"}, "comments": [], "file_path": "/Users/aelaguiz/workspace/fc_book/audio/raws/jn5EwrO9hZY.mp3", "transcription": "{\"text\": \"Top 10% of men on dating apps get 63% of the right swipes. The top 20% of men get 83% of the right swipes, which means 80% of men are competing for 17% of women. Men right swipe 55% of the time, women right swipe 5% of the time on these dating apps. And 80% of the men on the apps are deemed to be unattractive. There's only 4.5% of men that are so attractive that women would actually make the first move. It's almost like because of social media and because women have access to so many men and they can left swipe. Think about what that would do to you mentally. If you could left swipe thousands of men and they start thinking, oh, I'm better than these men. I could date any of these men. They would all commit to me, which isn't true. And so you get into this situation where there's this evolutionary mismatch where you have these women competing for this very small group of men. And then when they date these men or sleep with them, then they complain about them because these men have so many options. \", \"segments\": [{\"id\": 0, \"seek\": 0, \"start\": 0.0, \"end\": 4.119999885559082, \"text\": \" Top 10% of men on dating apps get 63% of the right swipes.\", \"tokens\": [50364, 8840, 1266, 4, 295, 1706, 322, 10689, 7733, 483, 25082, 4, 295, 264, 558, 1693, 38689, 13, 50570], \"temperature\": 0.0, \"avg_logprob\": -0.1880403608083725, \"compression_ratio\": 1.9283276796340942, \"no_speech_prob\": 0.016150331124663353}, {\"id\": 1, \"seek\": 0, \"start\": 4.119999885559082, \"end\": 7.019999980926514, \"text\": \" The top 20% of men get 83% of the right swipes,\", \"tokens\": [50570, 440, 1192, 945, 4, 295, 1706, 483, 30997, 4, 295, 264, 558, 1693, 38689, 11, 50715], \"temperature\": 0.0, \"avg_logprob\": -0.1880403608083725, \"compression_ratio\": 1.9283276796340942, \"no_speech_prob\": 0.016150331124663353}, {\"id\": 2, \"seek\": 0, \"start\": 7.019999980926514, \"end\": 10.199999809265137, \"text\": \" which means 80% of men are competing for 17% of women.\", \"tokens\": [50715, 597, 1355, 4688, 4, 295, 1706, 366, 15439, 337, 3282, 4, 295, 2266, 13, 50874], \"temperature\": 0.0, \"avg_logprob\": -0.1880403608083725, \"compression_ratio\": 1.9283276796340942, \"no_speech_prob\": 0.016150331124663353}, {\"id\": 3, \"seek\": 0, \"start\": 10.199999809265137, \"end\": 12.520000457763672, \"text\": \" Men right swipe 55% of the time,\", \"tokens\": [50874, 6685, 558, 28170, 12330, 4, 295, 264, 565, 11, 50990], \"temperature\": 0.0, \"avg_logprob\": -0.1880403608083725, \"compression_ratio\": 1.9283276796340942, \"no_speech_prob\": 0.016150331124663353}, {\"id\": 4, \"seek\": 0, \"start\": 12.520000457763672, \"end\": 15.279999732971191, \"text\": \" women right swipe 5% of the time on these dating apps.\", \"tokens\": [50990, 2266, 558, 28170, 1025, 4, 295, 264, 565, 322, 613, 10689, 7733, 13, 51128], \"temperature\": 0.0, \"avg_logprob\": -0.1880403608083725, \"compression_ratio\": 1.9283276796340942, \"no_speech_prob\": 0.016150331124663353}, {\"id\": 5, \"seek\": 0, \"start\": 15.279999732971191, \"end\": 18.1200008392334, \"text\": \" And 80% of the men on the apps are deemed to be unattractive.\", \"tokens\": [51128, 400, 4688, 4, 295, 264, 1706, 322, 264, 7733, 366, 27637, 281, 312, 47316, 1897, 488, 13, 51270], \"temperature\": 0.0, \"avg_logprob\": -0.1880403608083725, \"compression_ratio\": 1.9283276796340942, \"no_speech_prob\": 0.016150331124663353}, {\"id\": 6, \"seek\": 0, \"start\": 18.1200008392334, \"end\": 20.540000915527344, \"text\": \" There's only 4.5% of men that are so attractive\", \"tokens\": [51270, 821, 311, 787, 1017, 13, 20, 4, 295, 1706, 300, 366, 370, 12609, 51391], \"temperature\": 0.0, \"avg_logprob\": -0.1880403608083725, \"compression_ratio\": 1.9283276796340942, \"no_speech_prob\": 0.016150331124663353}, {\"id\": 7, \"seek\": 0, \"start\": 20.540000915527344, \"end\": 22.639999389648438, \"text\": \" that women would actually make the first move.\", \"tokens\": [51391, 300, 2266, 576, 767, 652, 264, 700, 1286, 13, 51496], \"temperature\": 0.0, \"avg_logprob\": -0.1880403608083725, \"compression_ratio\": 1.9283276796340942, \"no_speech_prob\": 0.016150331124663353}, {\"id\": 8, \"seek\": 0, \"start\": 22.639999389648438, \"end\": 24.280000686645508, \"text\": \" It's almost like because of social media\", \"tokens\": [51496, 467, 311, 1920, 411, 570, 295, 2093, 3021, 51578], \"temperature\": 0.0, \"avg_logprob\": -0.1880403608083725, \"compression_ratio\": 1.9283276796340942, \"no_speech_prob\": 0.016150331124663353}, {\"id\": 9, \"seek\": 0, \"start\": 24.280000686645508, \"end\": 26.079999923706055, \"text\": \" and because women have access to so many men\", \"tokens\": [51578, 293, 570, 2266, 362, 2105, 281, 370, 867, 1706, 51668], \"temperature\": 0.0, \"avg_logprob\": -0.1880403608083725, \"compression_ratio\": 1.9283276796340942, \"no_speech_prob\": 0.016150331124663353}, {\"id\": 10, \"seek\": 0, \"start\": 26.079999923706055, \"end\": 26.979999542236328, \"text\": \" and they can left swipe.\", \"tokens\": [51668, 293, 436, 393, 1411, 28170, 13, 51713], \"temperature\": 0.0, \"avg_logprob\": -0.1880403608083725, \"compression_ratio\": 1.9283276796340942, \"no_speech_prob\": 0.016150331124663353}, {\"id\": 11, \"seek\": 0, \"start\": 26.979999542236328, \"end\": 28.520000457763672, \"text\": \" Think about what that would do to you mentally.\", \"tokens\": [51713, 6557, 466, 437, 300, 576, 360, 281, 291, 17072, 13, 51790], \"temperature\": 0.0, \"avg_logprob\": -0.1880403608083725, \"compression_ratio\": 1.9283276796340942, \"no_speech_prob\": 0.016150331124663353}, {\"id\": 12, \"seek\": 2852, \"start\": 28.520000457763672, \"end\": 30.860000610351562, \"text\": \" If you could left swipe thousands of men\", \"tokens\": [50364, 759, 291, 727, 1411, 28170, 5383, 295, 1706, 50481], \"temperature\": 0.0, \"avg_logprob\": -0.22688807547092438, \"compression_ratio\": 1.7588932514190674, \"no_speech_prob\": 0.106674924492836}, {\"id\": 13, \"seek\": 2852, \"start\": 30.860000610351562, \"end\": 31.700000762939453, \"text\": \" and they start thinking,\", \"tokens\": [50481, 293, 436, 722, 1953, 11, 50523], \"temperature\": 0.0, \"avg_logprob\": -0.22688807547092438, \"compression_ratio\": 1.7588932514190674, \"no_speech_prob\": 0.106674924492836}, {\"id\": 14, \"seek\": 2852, \"start\": 31.700000762939453, \"end\": 32.86000061035156, \"text\": \" oh, I'm better than these men.\", \"tokens\": [50523, 1954, 11, 286, 478, 1101, 813, 613, 1706, 13, 50581], \"temperature\": 0.0, \"avg_logprob\": -0.22688807547092438, \"compression_ratio\": 1.7588932514190674, \"no_speech_prob\": 0.106674924492836}, {\"id\": 15, \"seek\": 2852, \"start\": 32.86000061035156, \"end\": 33.779998779296875, \"text\": \" I could date any of these men.\", \"tokens\": [50581, 286, 727, 4002, 604, 295, 613, 1706, 13, 50627], \"temperature\": 0.0, \"avg_logprob\": -0.22688807547092438, \"compression_ratio\": 1.7588932514190674, \"no_speech_prob\": 0.106674924492836}, {\"id\": 16, \"seek\": 2852, \"start\": 33.779998779296875, \"end\": 35.5, \"text\": \" They would all commit to me, which isn't true.\", \"tokens\": [50627, 814, 576, 439, 5599, 281, 385, 11, 597, 1943, 380, 2074, 13, 50713], \"temperature\": 0.0, \"avg_logprob\": -0.22688807547092438, \"compression_ratio\": 1.7588932514190674, \"no_speech_prob\": 0.106674924492836}, {\"id\": 17, \"seek\": 2852, \"start\": 35.5, \"end\": 36.939998626708984, \"text\": \" And so you get into this situation\", \"tokens\": [50713, 400, 370, 291, 483, 666, 341, 2590, 50785], \"temperature\": 0.0, \"avg_logprob\": -0.22688807547092438, \"compression_ratio\": 1.7588932514190674, \"no_speech_prob\": 0.106674924492836}, {\"id\": 18, \"seek\": 2852, \"start\": 36.939998626708984, \"end\": 38.70000076293945, \"text\": \" where there's this evolutionary mismatch\", \"tokens\": [50785, 689, 456, 311, 341, 27567, 23220, 852, 50873], \"temperature\": 0.0, \"avg_logprob\": -0.22688807547092438, \"compression_ratio\": 1.7588932514190674, \"no_speech_prob\": 0.106674924492836}, {\"id\": 19, \"seek\": 2852, \"start\": 38.70000076293945, \"end\": 40.459999084472656, \"text\": \" where you have these women competing\", \"tokens\": [50873, 689, 291, 362, 613, 2266, 15439, 50961], \"temperature\": 0.0, \"avg_logprob\": -0.22688807547092438, \"compression_ratio\": 1.7588932514190674, \"no_speech_prob\": 0.106674924492836}, {\"id\": 20, \"seek\": 2852, \"start\": 40.459999084472656, \"end\": 41.79999923706055, \"text\": \" for this very small group of men.\", \"tokens\": [50961, 337, 341, 588, 1359, 1594, 295, 1706, 13, 51028], \"temperature\": 0.0, \"avg_logprob\": -0.22688807547092438, \"compression_ratio\": 1.7588932514190674, \"no_speech_prob\": 0.106674924492836}, {\"id\": 21, \"seek\": 2852, \"start\": 41.79999923706055, \"end\": 43.81999969482422, \"text\": \" And then when they date these men or sleep with them,\", \"tokens\": [51028, 400, 550, 562, 436, 4002, 613, 1706, 420, 2817, 365, 552, 11, 51129], \"temperature\": 0.0, \"avg_logprob\": -0.22688807547092438, \"compression_ratio\": 1.7588932514190674, \"no_speech_prob\": 0.106674924492836}, {\"id\": 22, \"seek\": 2852, \"start\": 43.81999969482422, \"end\": 44.86000061035156, \"text\": \" then they complain about them\", \"tokens\": [51129, 550, 436, 11024, 466, 552, 51181], \"temperature\": 0.0, \"avg_logprob\": -0.22688807547092438, \"compression_ratio\": 1.7588932514190674, \"no_speech_prob\": 0.106674924492836}, {\"id\": 23, \"seek\": 2852, \"start\": 44.86000061035156, \"end\": 46.86000061035156, \"text\": \" because these men have so many options.\", \"tokens\": [51181, 570, 613, 1706, 362, 370, 867, 3956, 13, 51281], \"temperature\": 0.0, \"avg_logprob\": -0.22688807547092438, \"compression_ratio\": 1.7588932514190674, \"no_speech_prob\": 0.106674924492836}]}"}