{"title": "Social Media Ruined The Chances Of Dating For Men - ft @howtobeast", "video_id": "jNatlizzG5M", "video_url": "https://www.youtube.com/watch?v=jNatlizzG5M", "description": "Watch The Full Podcast Here \ud83d\udd17:  https://youtu.be/_sWO1LnnkmI\n\nReady to build a network of amazing women and high-status men?\n\nMichael\u2019s Men of Action is a one-on-one Master\u2019s program that teaches men how to create elite social lives by becoming higher status.\n\nClick this link to learn how you can have a High-Status lifestyle now:\nhttps://m.moamentoring.com/podcast\n\nClick here to join the Men of Action community and watch the High-Status Networking 101 course:\nhttps://m.moamentoring.com/moa-community\n\u2014\u2014\u2014\u2014\u2014\u2014\u2014\u2014\u2014\u2014\u2014\u2014\u2014\u2014\u2014\u2014\u2014\u2014\u2014\u2014\n\nSubscribe on Youtube: \nhttps://www.youtube.com/user/MichaelSartain\n\nListen on Apple Podcast: \nhttps://podcasts.apple.com/us/podcast/the-michael-sartain-podcast/id1579791157\n\nListen on Spotify: \nhttps://open.spotify.com/show/2faAYwvDD9Bvkpwv6umlPO?si=8Q3ak9HnSlKjuChsTXr6YQ&dl_branch=1", "published_at": "2023-06-05T14:45:06Z", "channel_id": "UC0T1bDzajVefRWx4uKdGyuw", "channel_title": "Michael Sartain", "tags": [], "category_id": "24", "live_broadcast_content": "none", "duration": 301.0, "dimension": "2d", "definition": "hd", "caption": "false", "view_count": 3612, "like_count": 145, "comment_count": 38, "channel_info": {"title": "Michael Sartain", "description": "\ud83c\udf99Host of The\u00a0Michael Sartain Podcast \n\n\ud83d\udd25Teaching you how to build a network of desirable women and high-status men\n\n\ud83d\udc47 Click the \"Men of Action\" link below now to forge a high-status lifestyle and join the elites \n", "subscriber_count": "80500", "total_views": "29545897", "total_videos": "1481"}, "comments": [], "file_path": "/Users/aelaguiz/workspace/fc_book/audio/raws/jNatlizzG5M.mp3", "transcription": "{\"text\": \"So one of the things, one of the videos that you made that I loved, I love the content that you created and I love the subject matter was the idea of body count because obviously, you know, I do access Vegas here in Las Vegas. We put six girls on me and Rollo. And, um, and this is a very common topic because it comes, you know, the, the ultimate answer is it comes down to a double standard where women, and by the way, there's, it's not just us. There's a study done by Dr. David bus, who wrote that book behind me. Um, a 37 culture study done in 1989, where they discuss body counts in men and women. And in all these 37 cultures, do men care more about a woman's body count? Do women care more about a man's body count? And the thing that they found, and I'm sure this will be no surprise to you is that women not only did not care if a man was a virgin, she thought it was very strange if a man was a virgin into his mid twenties and early thirties where he hadn't had sex with anyone and men, while they cared about virginity and in certain societies, like in China, they've carried very much about a woman's virginity. They cared less over time. Look, meaning when they try to replicate the study, this wasn't like a, a, a, a big deal. However, a woman's body count being lower was much more important to men. And for women, a man's body count just didn't mean anything at all. And I thought it was interesting when you, when you interviewed all those girls at the gym and they were essentially saying what, what I just said. Yeah, no, there's a couple of weeks ago, maybe a month ago or so, but yeah, I didn't really get surprised by any of their answers. Right. They, they kind of all gave the same like, well, I hope he's had a little bit of experience because otherwise it's going to be kind of awkward. And then if I asked them what they thought, their, uh, the idea of body camp for women was they'd kind of give like a, just a knee jerk. Like, well, I guess it's the same as for men, but everything you just said is spot on. I think about those studies sound right. And obviously like as time's gone on and, and I guess people have gotten more sexually liberated or whatnot. It makes sense men to still care about the body count more than women. But yeah, I don't think there's a general expectation, at least in the Western world for women to be a virgin. You know, what's funny is that I don't think they're more liberated. I think we talk about it more, but people are actually having less sex now and there's a couple of studies. There's these GSS surveys and I'm really interested to hear what you think about this. So from 2018 to 20, uh, I'm sorry, from 2008 to 2018, they show this survey about the number of sexual partners that men have in a given year. And this is between the ages of 18 and 30. And what you see is that it's a, it's kind of a, uh, a low number of having zero sexual partners, about 12% 16% somewhere in that area. Then when the, the face app comes, I'm sorry, when Facebook comes out on the iPhone, it skyrockets up. The number of men that was zero sexual partners when we get to 2018. So in a course of 10 years, we have 28% of men having zero sexual partners. So it's 2023 now I'm guessing that numbers around 33%, about a third of men have zero sexual partners. And then when we go on a dating apps, we see that 80% of men are deemed to be unattractive. And the top 10% of men on dating apps are getting 63% of the right swipes. The top 20% of men on dating apps are getting 83% of the right swipes. So what we're seeing is why, that's why I love you. You have all these stats, all these things like memorizing the bag. Whenever I watch your video, I'm saying, I know, I know they're really, the stats are coming, man. They're coming. Yeah, yeah, for sure. For sure. Uh, but yeah, but that's one of the things that, that's so amazing because the thing is I used to have these arguments about hypergamy, but I stopped having arguments and I just kept throwing stats at them. And I'm like, there is no stat that shows that men are normally distributing as far as like there's a small group of men having a ton of sex and a large group of men that is, that is growing. Here's the other thing that that's really interesting. The number of sexual partners that women is having is staying the same. Like do you understand what I made a video on this? Yes. I noticed the same thing. Yeah, yeah, yeah. It's crazy. I mean, I guess it's not crazy. It makes sense. Like you said, the iPhone came out, Facebook came out, dating apps came out. Women now have access to men all over the world who are interested in them. And then the average dude just feels lonelier and lonelier. So, but it's a con it's a conflict. It's a completion of two different things. One, the inability to go up and talk to women normally and have a normal conversation. But two, the fact that what's happened is if you, like you have outstanding social media and you have outstanding YouTube comment content, your, your content could be less outstanding and you'd still be in the top 20% for most men, they'll put average content out there, but their average content is the same as it's almost like, you know, a rotting banana peel. Has it been there for one day or six days? It doesn't matter. I'm not going to fucking eat it. It's gross. That's what essentially what women see when they look at men's content for women, women will have a six out of 10 content, but you'll see that they're young. They have signs of youth, facial symmetry and a hip to waist ratio. And celebrities will creep in women's DMS that have 1000 fucking followers. And the, and the, and the, the girl will go on a date with a man who had sleeping with celebrity. So average social media for a woman will get them a celebrity. Average social media for men will get them nothing. And then that's why I said like this bifurcation, whether you have this top 20% of men that have all this access and this huge 80% of men that have next to none. And when I look at, when I look empirically, I see exactly that same thing, right? It's just, it's crazy when you see this. And then I get pushed back from these men. Like I don't want to be on social media. And I was like, I think that was a luxury you could have had 10 years ago. I don't think it's a luxury you can have now. \", \"segments\": [{\"id\": 0, \"seek\": 0, \"start\": 0.0, \"end\": 2.4800000190734863, \"text\": \" So one of the things, one of the videos that you made that I loved,\", \"tokens\": [50364, 407, 472, 295, 264, 721, 11, 472, 295, 264, 2145, 300, 291, 1027, 300, 286, 4333, 11, 50488], \"temperature\": 0.0, \"avg_logprob\": -0.26459386944770813, \"compression_ratio\": 1.718266248703003, \"no_speech_prob\": 0.0002935649245046079}, {\"id\": 1, \"seek\": 0, \"start\": 2.4800000190734863, \"end\": 5.460000038146973, \"text\": \" I love the content that you created and I love the subject matter was the idea\", \"tokens\": [50488, 286, 959, 264, 2701, 300, 291, 2942, 293, 286, 959, 264, 3983, 1871, 390, 264, 1558, 50637], \"temperature\": 0.0, \"avg_logprob\": -0.26459386944770813, \"compression_ratio\": 1.718266248703003, \"no_speech_prob\": 0.0002935649245046079}, {\"id\": 2, \"seek\": 0, \"start\": 5.460000038146973, \"end\": 8.960000038146973, \"text\": \" of body count because obviously, you know, I do access Vegas here in Las Vegas.\", \"tokens\": [50637, 295, 1772, 1207, 570, 2745, 11, 291, 458, 11, 286, 360, 2105, 15841, 510, 294, 10663, 15841, 13, 50812], \"temperature\": 0.0, \"avg_logprob\": -0.26459386944770813, \"compression_ratio\": 1.718266248703003, \"no_speech_prob\": 0.0002935649245046079}, {\"id\": 3, \"seek\": 0, \"start\": 8.960000038146973, \"end\": 11.600000381469727, \"text\": \" We put six girls on me and Rollo. And, um,\", \"tokens\": [50812, 492, 829, 2309, 4519, 322, 385, 293, 9926, 78, 13, 400, 11, 1105, 11, 50944], \"temperature\": 0.0, \"avg_logprob\": -0.26459386944770813, \"compression_ratio\": 1.718266248703003, \"no_speech_prob\": 0.0002935649245046079}, {\"id\": 4, \"seek\": 0, \"start\": 11.640000343322754, \"end\": 15.239999771118164, \"text\": \" and this is a very common topic because it comes, you know, the,\", \"tokens\": [50946, 293, 341, 307, 257, 588, 2689, 4829, 570, 309, 1487, 11, 291, 458, 11, 264, 11, 51126], \"temperature\": 0.0, \"avg_logprob\": -0.26459386944770813, \"compression_ratio\": 1.718266248703003, \"no_speech_prob\": 0.0002935649245046079}, {\"id\": 5, \"seek\": 0, \"start\": 15.279999732971191, \"end\": 19.15999984741211, \"text\": \" the ultimate answer is it comes down to a double standard where women,\", \"tokens\": [51128, 264, 9705, 1867, 307, 309, 1487, 760, 281, 257, 3834, 3832, 689, 2266, 11, 51322], \"temperature\": 0.0, \"avg_logprob\": -0.26459386944770813, \"compression_ratio\": 1.718266248703003, \"no_speech_prob\": 0.0002935649245046079}, {\"id\": 6, \"seek\": 0, \"start\": 19.200000762939453, \"end\": 21.040000915527344, \"text\": \" and by the way, there's, it's not just us.\", \"tokens\": [51324, 293, 538, 264, 636, 11, 456, 311, 11, 309, 311, 406, 445, 505, 13, 51416], \"temperature\": 0.0, \"avg_logprob\": -0.26459386944770813, \"compression_ratio\": 1.718266248703003, \"no_speech_prob\": 0.0002935649245046079}, {\"id\": 7, \"seek\": 0, \"start\": 21.040000915527344, \"end\": 25.399999618530273, \"text\": \" There's a study done by Dr. David bus, who wrote that book behind me. Um,\", \"tokens\": [51416, 821, 311, 257, 2979, 1096, 538, 2491, 13, 4389, 1255, 11, 567, 4114, 300, 1446, 2261, 385, 13, 3301, 11, 51634], \"temperature\": 0.0, \"avg_logprob\": -0.26459386944770813, \"compression_ratio\": 1.718266248703003, \"no_speech_prob\": 0.0002935649245046079}, {\"id\": 8, \"seek\": 0, \"start\": 26.0, \"end\": 28.200000762939453, \"text\": \" a 37 culture study done in 1989,\", \"tokens\": [51664, 257, 13435, 3713, 2979, 1096, 294, 22427, 11, 51774], \"temperature\": 0.0, \"avg_logprob\": -0.26459386944770813, \"compression_ratio\": 1.718266248703003, \"no_speech_prob\": 0.0002935649245046079}, {\"id\": 9, \"seek\": 2820, \"start\": 28.200000762939453, \"end\": 32.79999923706055, \"text\": \" where they discuss body counts in men and women. And in all these 37 cultures,\", \"tokens\": [50364, 689, 436, 2248, 1772, 14893, 294, 1706, 293, 2266, 13, 400, 294, 439, 613, 13435, 12951, 11, 50594], \"temperature\": 0.0, \"avg_logprob\": -0.26012739539146423, \"compression_ratio\": 1.9005681276321411, \"no_speech_prob\": 0.00382431223988533}, {\"id\": 10, \"seek\": 2820, \"start\": 33.0, \"end\": 35.20000076293945, \"text\": \" do men care more about a woman's body count?\", \"tokens\": [50604, 360, 1706, 1127, 544, 466, 257, 3059, 311, 1772, 1207, 30, 50714], \"temperature\": 0.0, \"avg_logprob\": -0.26012739539146423, \"compression_ratio\": 1.9005681276321411, \"no_speech_prob\": 0.00382431223988533}, {\"id\": 11, \"seek\": 2820, \"start\": 35.20000076293945, \"end\": 38.560001373291016, \"text\": \" Do women care more about a man's body count? And the thing that they found,\", \"tokens\": [50714, 1144, 2266, 1127, 544, 466, 257, 587, 311, 1772, 1207, 30, 400, 264, 551, 300, 436, 1352, 11, 50882], \"temperature\": 0.0, \"avg_logprob\": -0.26012739539146423, \"compression_ratio\": 1.9005681276321411, \"no_speech_prob\": 0.00382431223988533}, {\"id\": 12, \"seek\": 2820, \"start\": 38.560001373291016, \"end\": 41.63999938964844, \"text\": \" and I'm sure this will be no surprise to you is that women not only did not care\", \"tokens\": [50882, 293, 286, 478, 988, 341, 486, 312, 572, 6365, 281, 291, 307, 300, 2266, 406, 787, 630, 406, 1127, 51036], \"temperature\": 0.0, \"avg_logprob\": -0.26012739539146423, \"compression_ratio\": 1.9005681276321411, \"no_speech_prob\": 0.00382431223988533}, {\"id\": 13, \"seek\": 2820, \"start\": 41.63999938964844, \"end\": 42.47999954223633, \"text\": \" if a man was a virgin,\", \"tokens\": [51036, 498, 257, 587, 390, 257, 26404, 11, 51078], \"temperature\": 0.0, \"avg_logprob\": -0.26012739539146423, \"compression_ratio\": 1.9005681276321411, \"no_speech_prob\": 0.00382431223988533}, {\"id\": 14, \"seek\": 2820, \"start\": 42.47999954223633, \"end\": 45.439998626708984, \"text\": \" she thought it was very strange if a man was a virgin into his mid twenties and\", \"tokens\": [51078, 750, 1194, 309, 390, 588, 5861, 498, 257, 587, 390, 257, 26404, 666, 702, 2062, 49398, 293, 51226], \"temperature\": 0.0, \"avg_logprob\": -0.26012739539146423, \"compression_ratio\": 1.9005681276321411, \"no_speech_prob\": 0.00382431223988533}, {\"id\": 15, \"seek\": 2820, \"start\": 45.439998626708984, \"end\": 47.880001068115234, \"text\": \" early thirties where he hadn't had sex with anyone and men,\", \"tokens\": [51226, 2440, 258, 2498, 530, 689, 415, 8782, 380, 632, 3260, 365, 2878, 293, 1706, 11, 51348], \"temperature\": 0.0, \"avg_logprob\": -0.26012739539146423, \"compression_ratio\": 1.9005681276321411, \"no_speech_prob\": 0.00382431223988533}, {\"id\": 16, \"seek\": 2820, \"start\": 47.880001068115234, \"end\": 50.880001068115234, \"text\": \" while they cared about virginity and in certain societies, like in China,\", \"tokens\": [51348, 1339, 436, 19779, 466, 26404, 507, 293, 294, 1629, 19329, 11, 411, 294, 3533, 11, 51498], \"temperature\": 0.0, \"avg_logprob\": -0.26012739539146423, \"compression_ratio\": 1.9005681276321411, \"no_speech_prob\": 0.00382431223988533}, {\"id\": 17, \"seek\": 2820, \"start\": 51.040000915527344, \"end\": 54.599998474121094, \"text\": \" they've carried very much about a woman's virginity. They cared less over time.\", \"tokens\": [51506, 436, 600, 9094, 588, 709, 466, 257, 3059, 311, 26404, 507, 13, 814, 19779, 1570, 670, 565, 13, 51684], \"temperature\": 0.0, \"avg_logprob\": -0.26012739539146423, \"compression_ratio\": 1.9005681276321411, \"no_speech_prob\": 0.00382431223988533}, {\"id\": 18, \"seek\": 2820, \"start\": 54.599998474121094, \"end\": 57.31999969482422, \"text\": \" Look, meaning when they try to replicate the study, this wasn't like a,\", \"tokens\": [51684, 2053, 11, 3620, 562, 436, 853, 281, 25356, 264, 2979, 11, 341, 2067, 380, 411, 257, 11, 51820], \"temperature\": 0.0, \"avg_logprob\": -0.26012739539146423, \"compression_ratio\": 1.9005681276321411, \"no_speech_prob\": 0.00382431223988533}, {\"id\": 19, \"seek\": 5732, \"start\": 57.31999969482422, \"end\": 59.68000030517578, \"text\": \" a, a, a big deal. However,\", \"tokens\": [50364, 257, 11, 257, 11, 257, 955, 2028, 13, 2908, 11, 50482], \"temperature\": 0.0, \"avg_logprob\": -0.24828758835792542, \"compression_ratio\": 1.7390109300613403, \"no_speech_prob\": 0.00011591439397307113}, {\"id\": 20, \"seek\": 5732, \"start\": 60.040000915527344, \"end\": 63.880001068115234, \"text\": \" a woman's body count being lower was much more important to men. And for women,\", \"tokens\": [50500, 257, 3059, 311, 1772, 1207, 885, 3126, 390, 709, 544, 1021, 281, 1706, 13, 400, 337, 2266, 11, 50692], \"temperature\": 0.0, \"avg_logprob\": -0.24828758835792542, \"compression_ratio\": 1.7390109300613403, \"no_speech_prob\": 0.00011591439397307113}, {\"id\": 21, \"seek\": 5732, \"start\": 64.0, \"end\": 66.0, \"text\": \" a man's body count just didn't mean anything at all.\", \"tokens\": [50698, 257, 587, 311, 1772, 1207, 445, 994, 380, 914, 1340, 412, 439, 13, 50798], \"temperature\": 0.0, \"avg_logprob\": -0.24828758835792542, \"compression_ratio\": 1.7390109300613403, \"no_speech_prob\": 0.00011591439397307113}, {\"id\": 22, \"seek\": 5732, \"start\": 66.0, \"end\": 67.23999786376953, \"text\": \" And I thought it was interesting when you,\", \"tokens\": [50798, 400, 286, 1194, 309, 390, 1880, 562, 291, 11, 50860], \"temperature\": 0.0, \"avg_logprob\": -0.24828758835792542, \"compression_ratio\": 1.7390109300613403, \"no_speech_prob\": 0.00011591439397307113}, {\"id\": 23, \"seek\": 5732, \"start\": 67.23999786376953, \"end\": 70.63999938964844, \"text\": \" when you interviewed all those girls at the gym and they were essentially saying\", \"tokens\": [50860, 562, 291, 19770, 439, 729, 4519, 412, 264, 9222, 293, 436, 645, 4476, 1566, 51030], \"temperature\": 0.0, \"avg_logprob\": -0.24828758835792542, \"compression_ratio\": 1.7390109300613403, \"no_speech_prob\": 0.00011591439397307113}, {\"id\": 24, \"seek\": 5732, \"start\": 70.63999938964844, \"end\": 71.55999755859375, \"text\": \" what, what I just said.\", \"tokens\": [51030, 437, 11, 437, 286, 445, 848, 13, 51076], \"temperature\": 0.0, \"avg_logprob\": -0.24828758835792542, \"compression_ratio\": 1.7390109300613403, \"no_speech_prob\": 0.00011591439397307113}, {\"id\": 25, \"seek\": 5732, \"start\": 73.04000091552734, \"end\": 76.31999969482422, \"text\": \" Yeah, no, there's a couple of weeks ago, maybe a month ago or so, but yeah,\", \"tokens\": [51150, 865, 11, 572, 11, 456, 311, 257, 1916, 295, 3259, 2057, 11, 1310, 257, 1618, 2057, 420, 370, 11, 457, 1338, 11, 51314], \"temperature\": 0.0, \"avg_logprob\": -0.24828758835792542, \"compression_ratio\": 1.7390109300613403, \"no_speech_prob\": 0.00011591439397307113}, {\"id\": 26, \"seek\": 5732, \"start\": 76.31999969482422, \"end\": 78.76000213623047, \"text\": \" I didn't really get surprised by any of their answers. Right. They,\", \"tokens\": [51314, 286, 994, 380, 534, 483, 6100, 538, 604, 295, 641, 6338, 13, 1779, 13, 814, 11, 51436], \"temperature\": 0.0, \"avg_logprob\": -0.24828758835792542, \"compression_ratio\": 1.7390109300613403, \"no_speech_prob\": 0.00011591439397307113}, {\"id\": 27, \"seek\": 5732, \"start\": 78.76000213623047, \"end\": 81.16000366210938, \"text\": \" they kind of all gave the same like, well,\", \"tokens\": [51436, 436, 733, 295, 439, 2729, 264, 912, 411, 11, 731, 11, 51556], \"temperature\": 0.0, \"avg_logprob\": -0.24828758835792542, \"compression_ratio\": 1.7390109300613403, \"no_speech_prob\": 0.00011591439397307113}, {\"id\": 28, \"seek\": 5732, \"start\": 81.16000366210938, \"end\": 84.12000274658203, \"text\": \" I hope he's had a little bit of experience because otherwise it's going to be\", \"tokens\": [51556, 286, 1454, 415, 311, 632, 257, 707, 857, 295, 1752, 570, 5911, 309, 311, 516, 281, 312, 51704], \"temperature\": 0.0, \"avg_logprob\": -0.24828758835792542, \"compression_ratio\": 1.7390109300613403, \"no_speech_prob\": 0.00011591439397307113}, {\"id\": 29, \"seek\": 5732, \"start\": 84.12000274658203, \"end\": 86.04000091552734, \"text\": \" kind of awkward. And then if I asked them what they thought,\", \"tokens\": [51704, 733, 295, 11411, 13, 400, 550, 498, 286, 2351, 552, 437, 436, 1194, 11, 51800], \"temperature\": 0.0, \"avg_logprob\": -0.24828758835792542, \"compression_ratio\": 1.7390109300613403, \"no_speech_prob\": 0.00011591439397307113}, {\"id\": 30, \"seek\": 8604, \"start\": 86.08000183105469, \"end\": 88.72000122070312, \"text\": \" their, uh, the idea of body camp for women was they'd kind of give like a,\", \"tokens\": [50366, 641, 11, 2232, 11, 264, 1558, 295, 1772, 1945, 79, 337, 2266, 390, 436, 1116, 733, 295, 976, 411, 257, 11, 50498], \"temperature\": 0.0, \"avg_logprob\": -0.25042426586151123, \"compression_ratio\": 1.715976357460022, \"no_speech_prob\": 0.0009398609399795532}, {\"id\": 31, \"seek\": 8604, \"start\": 88.72000122070312, \"end\": 92.91999816894531, \"text\": \" just a knee jerk. Like, well, I guess it's the same as for men,\", \"tokens\": [50498, 445, 257, 9434, 25197, 13, 1743, 11, 731, 11, 286, 2041, 309, 311, 264, 912, 382, 337, 1706, 11, 50708], \"temperature\": 0.0, \"avg_logprob\": -0.25042426586151123, \"compression_ratio\": 1.715976357460022, \"no_speech_prob\": 0.0009398609399795532}, {\"id\": 32, \"seek\": 8604, \"start\": 92.91999816894531, \"end\": 96.87999725341797, \"text\": \" but everything you just said is spot on. I think about those studies sound right.\", \"tokens\": [50708, 457, 1203, 291, 445, 848, 307, 4008, 322, 13, 286, 519, 466, 729, 5313, 1626, 558, 13, 50906], \"temperature\": 0.0, \"avg_logprob\": -0.25042426586151123, \"compression_ratio\": 1.715976357460022, \"no_speech_prob\": 0.0009398609399795532}, {\"id\": 33, \"seek\": 8604, \"start\": 96.87999725341797, \"end\": 98.87999725341797, \"text\": \" And obviously like as time's gone on and,\", \"tokens\": [50906, 400, 2745, 411, 382, 565, 311, 2780, 322, 293, 11, 51006], \"temperature\": 0.0, \"avg_logprob\": -0.25042426586151123, \"compression_ratio\": 1.715976357460022, \"no_speech_prob\": 0.0009398609399795532}, {\"id\": 34, \"seek\": 8604, \"start\": 98.95999908447266, \"end\": 103.95999908447266, \"text\": \" and I guess people have gotten more sexually liberated or whatnot.\", \"tokens\": [51010, 293, 286, 2041, 561, 362, 5768, 544, 26791, 43304, 420, 25882, 13, 51260], \"temperature\": 0.0, \"avg_logprob\": -0.25042426586151123, \"compression_ratio\": 1.715976357460022, \"no_speech_prob\": 0.0009398609399795532}, {\"id\": 35, \"seek\": 8604, \"start\": 104.23999786376953, \"end\": 106.83999633789062, \"text\": \" It makes sense men to still care about the body count more than women.\", \"tokens\": [51274, 467, 1669, 2020, 1706, 281, 920, 1127, 466, 264, 1772, 1207, 544, 813, 2266, 13, 51404], \"temperature\": 0.0, \"avg_logprob\": -0.25042426586151123, \"compression_ratio\": 1.715976357460022, \"no_speech_prob\": 0.0009398609399795532}, {\"id\": 36, \"seek\": 8604, \"start\": 106.83999633789062, \"end\": 109.19999694824219, \"text\": \" But yeah, I don't think there's a general expectation,\", \"tokens\": [51404, 583, 1338, 11, 286, 500, 380, 519, 456, 311, 257, 2674, 14334, 11, 51522], \"temperature\": 0.0, \"avg_logprob\": -0.25042426586151123, \"compression_ratio\": 1.715976357460022, \"no_speech_prob\": 0.0009398609399795532}, {\"id\": 37, \"seek\": 8604, \"start\": 109.19999694824219, \"end\": 111.83999633789062, \"text\": \" at least in the Western world for women to be a virgin.\", \"tokens\": [51522, 412, 1935, 294, 264, 8724, 1002, 337, 2266, 281, 312, 257, 26404, 13, 51654], \"temperature\": 0.0, \"avg_logprob\": -0.25042426586151123, \"compression_ratio\": 1.715976357460022, \"no_speech_prob\": 0.0009398609399795532}, {\"id\": 38, \"seek\": 8604, \"start\": 112.12000274658203, \"end\": 114.76000213623047, \"text\": \" You know, what's funny is that I don't think they're more liberated.\", \"tokens\": [51668, 509, 458, 11, 437, 311, 4074, 307, 300, 286, 500, 380, 519, 436, 434, 544, 43304, 13, 51800], \"temperature\": 0.0, \"avg_logprob\": -0.25042426586151123, \"compression_ratio\": 1.715976357460022, \"no_speech_prob\": 0.0009398609399795532}, {\"id\": 39, \"seek\": 11476, \"start\": 114.76000213623047, \"end\": 116.19999694824219, \"text\": \" I think we talk about it more,\", \"tokens\": [50364, 286, 519, 321, 751, 466, 309, 544, 11, 50436], \"temperature\": 0.0, \"avg_logprob\": -0.22441022098064423, \"compression_ratio\": 1.7327044010162354, \"no_speech_prob\": 0.0015247479313984513}, {\"id\": 40, \"seek\": 11476, \"start\": 116.23999786376953, \"end\": 119.36000061035156, \"text\": \" but people are actually having less sex now and there's a couple of studies.\", \"tokens\": [50438, 457, 561, 366, 767, 1419, 1570, 3260, 586, 293, 456, 311, 257, 1916, 295, 5313, 13, 50594], \"temperature\": 0.0, \"avg_logprob\": -0.22441022098064423, \"compression_ratio\": 1.7327044010162354, \"no_speech_prob\": 0.0015247479313984513}, {\"id\": 41, \"seek\": 11476, \"start\": 119.55999755859375, \"end\": 122.68000030517578, \"text\": \" There's these GSS surveys and I'm really interested to hear what you think about\", \"tokens\": [50604, 821, 311, 613, 460, 21929, 22711, 293, 286, 478, 534, 3102, 281, 1568, 437, 291, 519, 466, 50760], \"temperature\": 0.0, \"avg_logprob\": -0.22441022098064423, \"compression_ratio\": 1.7327044010162354, \"no_speech_prob\": 0.0015247479313984513}, {\"id\": 42, \"seek\": 11476, \"start\": 122.68000030517578, \"end\": 127.68000030517578, \"text\": \" this. So from 2018 to 20, uh, I'm sorry, from 2008 to 2018,\", \"tokens\": [50760, 341, 13, 407, 490, 6096, 281, 945, 11, 2232, 11, 286, 478, 2597, 11, 490, 10389, 281, 6096, 11, 51010], \"temperature\": 0.0, \"avg_logprob\": -0.22441022098064423, \"compression_ratio\": 1.7327044010162354, \"no_speech_prob\": 0.0015247479313984513}, {\"id\": 43, \"seek\": 11476, \"start\": 128.1999969482422, \"end\": 131.63999938964844, \"text\": \" they show this survey about the number of sexual partners that men have in a\", \"tokens\": [51036, 436, 855, 341, 8984, 466, 264, 1230, 295, 6701, 4462, 300, 1706, 362, 294, 257, 51208], \"temperature\": 0.0, \"avg_logprob\": -0.22441022098064423, \"compression_ratio\": 1.7327044010162354, \"no_speech_prob\": 0.0015247479313984513}, {\"id\": 44, \"seek\": 11476, \"start\": 131.63999938964844, \"end\": 134.32000732421875, \"text\": \" given year. And this is between the ages of 18 and 30.\", \"tokens\": [51208, 2212, 1064, 13, 400, 341, 307, 1296, 264, 12357, 295, 2443, 293, 2217, 13, 51342], \"temperature\": 0.0, \"avg_logprob\": -0.22441022098064423, \"compression_ratio\": 1.7327044010162354, \"no_speech_prob\": 0.0015247479313984513}, {\"id\": 45, \"seek\": 11476, \"start\": 134.60000610351562, \"end\": 137.36000061035156, \"text\": \" And what you see is that it's a, it's kind of a, uh,\", \"tokens\": [51356, 400, 437, 291, 536, 307, 300, 309, 311, 257, 11, 309, 311, 733, 295, 257, 11, 2232, 11, 51494], \"temperature\": 0.0, \"avg_logprob\": -0.22441022098064423, \"compression_ratio\": 1.7327044010162354, \"no_speech_prob\": 0.0015247479313984513}, {\"id\": 46, \"seek\": 11476, \"start\": 137.63999938964844, \"end\": 139.8800048828125, \"text\": \" a low number of having zero sexual partners,\", \"tokens\": [51508, 257, 2295, 1230, 295, 1419, 4018, 6701, 4462, 11, 51620], \"temperature\": 0.0, \"avg_logprob\": -0.22441022098064423, \"compression_ratio\": 1.7327044010162354, \"no_speech_prob\": 0.0015247479313984513}, {\"id\": 47, \"seek\": 11476, \"start\": 139.8800048828125, \"end\": 144.27999877929688, \"text\": \" about 12% 16% somewhere in that area. Then when the, the face app comes,\", \"tokens\": [51620, 466, 2272, 4, 3165, 4, 4079, 294, 300, 1859, 13, 1396, 562, 264, 11, 264, 1851, 724, 1487, 11, 51840], \"temperature\": 0.0, \"avg_logprob\": -0.22441022098064423, \"compression_ratio\": 1.7327044010162354, \"no_speech_prob\": 0.0015247479313984513}, {\"id\": 48, \"seek\": 14428, \"start\": 144.27999877929688, \"end\": 147.9600067138672, \"text\": \" I'm sorry, when Facebook comes out on the iPhone, it skyrockets up.\", \"tokens\": [50364, 286, 478, 2597, 11, 562, 4384, 1487, 484, 322, 264, 7252, 11, 309, 5443, 340, 11984, 493, 13, 50548], \"temperature\": 0.0, \"avg_logprob\": -0.21308556199073792, \"compression_ratio\": 1.7527272701263428, \"no_speech_prob\": 0.00018235307652503252}, {\"id\": 49, \"seek\": 14428, \"start\": 148.1199951171875, \"end\": 151.44000244140625, \"text\": \" The number of men that was zero sexual partners when we get to 2018.\", \"tokens\": [50556, 440, 1230, 295, 1706, 300, 390, 4018, 6701, 4462, 562, 321, 483, 281, 6096, 13, 50722], \"temperature\": 0.0, \"avg_logprob\": -0.21308556199073792, \"compression_ratio\": 1.7527272701263428, \"no_speech_prob\": 0.00018235307652503252}, {\"id\": 50, \"seek\": 14428, \"start\": 151.44000244140625, \"end\": 155.67999267578125, \"text\": \" So in a course of 10 years, we have 28% of men having zero sexual partners.\", \"tokens\": [50722, 407, 294, 257, 1164, 295, 1266, 924, 11, 321, 362, 7562, 4, 295, 1706, 1419, 4018, 6701, 4462, 13, 50934], \"temperature\": 0.0, \"avg_logprob\": -0.21308556199073792, \"compression_ratio\": 1.7527272701263428, \"no_speech_prob\": 0.00018235307652503252}, {\"id\": 51, \"seek\": 14428, \"start\": 155.75999450683594, \"end\": 159.1199951171875, \"text\": \" So it's 2023 now I'm guessing that numbers around 33%,\", \"tokens\": [50938, 407, 309, 311, 44377, 586, 286, 478, 17939, 300, 3547, 926, 11816, 8923, 51106], \"temperature\": 0.0, \"avg_logprob\": -0.21308556199073792, \"compression_ratio\": 1.7527272701263428, \"no_speech_prob\": 0.00018235307652503252}, {\"id\": 52, \"seek\": 14428, \"start\": 159.1199951171875, \"end\": 161.55999755859375, \"text\": \" about a third of men have zero sexual partners.\", \"tokens\": [51106, 466, 257, 2636, 295, 1706, 362, 4018, 6701, 4462, 13, 51228], \"temperature\": 0.0, \"avg_logprob\": -0.21308556199073792, \"compression_ratio\": 1.7527272701263428, \"no_speech_prob\": 0.00018235307652503252}, {\"id\": 53, \"seek\": 14428, \"start\": 162.16000366210938, \"end\": 164.39999389648438, \"text\": \" And then when we go on a dating apps,\", \"tokens\": [51258, 400, 550, 562, 321, 352, 322, 257, 10689, 7733, 11, 51370], \"temperature\": 0.0, \"avg_logprob\": -0.21308556199073792, \"compression_ratio\": 1.7527272701263428, \"no_speech_prob\": 0.00018235307652503252}, {\"id\": 54, \"seek\": 14428, \"start\": 164.39999389648438, \"end\": 167.0, \"text\": \" we see that 80% of men are deemed to be unattractive.\", \"tokens\": [51370, 321, 536, 300, 4688, 4, 295, 1706, 366, 27637, 281, 312, 47316, 1897, 488, 13, 51500], \"temperature\": 0.0, \"avg_logprob\": -0.21308556199073792, \"compression_ratio\": 1.7527272701263428, \"no_speech_prob\": 0.00018235307652503252}, {\"id\": 55, \"seek\": 14428, \"start\": 167.0, \"end\": 171.24000549316406, \"text\": \" And the top 10% of men on dating apps are getting 63% of the right swipes.\", \"tokens\": [51500, 400, 264, 1192, 1266, 4, 295, 1706, 322, 10689, 7733, 366, 1242, 25082, 4, 295, 264, 558, 1693, 38689, 13, 51712], \"temperature\": 0.0, \"avg_logprob\": -0.21308556199073792, \"compression_ratio\": 1.7527272701263428, \"no_speech_prob\": 0.00018235307652503252}, {\"id\": 56, \"seek\": 17124, \"start\": 171.24000549316406, \"end\": 175.55999755859375, \"text\": \" The top 20% of men on dating apps are getting 83% of the right swipes.\", \"tokens\": [50364, 440, 1192, 945, 4, 295, 1706, 322, 10689, 7733, 366, 1242, 30997, 4, 295, 264, 558, 1693, 38689, 13, 50580], \"temperature\": 0.0, \"avg_logprob\": -0.29336732625961304, \"compression_ratio\": 1.8016997575759888, \"no_speech_prob\": 0.0003353384672664106}, {\"id\": 57, \"seek\": 17124, \"start\": 176.27999877929688, \"end\": 179.47999572753906, \"text\": \" So what we're seeing is why, that's why I love you. You have all these stats,\", \"tokens\": [50616, 407, 437, 321, 434, 2577, 307, 983, 11, 300, 311, 983, 286, 959, 291, 13, 509, 362, 439, 613, 18152, 11, 50776], \"temperature\": 0.0, \"avg_logprob\": -0.29336732625961304, \"compression_ratio\": 1.8016997575759888, \"no_speech_prob\": 0.0003353384672664106}, {\"id\": 58, \"seek\": 17124, \"start\": 179.9199981689453, \"end\": 182.27999877929688, \"text\": \" all these things like memorizing the bag. Whenever I watch your video,\", \"tokens\": [50798, 439, 613, 721, 411, 10560, 3319, 264, 3411, 13, 14159, 286, 1159, 428, 960, 11, 50916], \"temperature\": 0.0, \"avg_logprob\": -0.29336732625961304, \"compression_ratio\": 1.8016997575759888, \"no_speech_prob\": 0.0003353384672664106}, {\"id\": 59, \"seek\": 17124, \"start\": 182.27999877929688, \"end\": 184.39999389648438, \"text\": \" I'm saying, I know, I know they're really, the stats are coming, man.\", \"tokens\": [50916, 286, 478, 1566, 11, 286, 458, 11, 286, 458, 436, 434, 534, 11, 264, 18152, 366, 1348, 11, 587, 13, 51022], \"temperature\": 0.0, \"avg_logprob\": -0.29336732625961304, \"compression_ratio\": 1.8016997575759888, \"no_speech_prob\": 0.0003353384672664106}, {\"id\": 60, \"seek\": 17124, \"start\": 184.39999389648438, \"end\": 186.60000610351562, \"text\": \" They're coming. Yeah, yeah, for sure. For sure. Uh, but yeah,\", \"tokens\": [51022, 814, 434, 1348, 13, 865, 11, 1338, 11, 337, 988, 13, 1171, 988, 13, 4019, 11, 457, 1338, 11, 51132], \"temperature\": 0.0, \"avg_logprob\": -0.29336732625961304, \"compression_ratio\": 1.8016997575759888, \"no_speech_prob\": 0.0003353384672664106}, {\"id\": 61, \"seek\": 17124, \"start\": 186.60000610351562, \"end\": 187.60000610351562, \"text\": \" but that's one of the things that,\", \"tokens\": [51132, 457, 300, 311, 472, 295, 264, 721, 300, 11, 51182], \"temperature\": 0.0, \"avg_logprob\": -0.29336732625961304, \"compression_ratio\": 1.8016997575759888, \"no_speech_prob\": 0.0003353384672664106}, {\"id\": 62, \"seek\": 17124, \"start\": 187.60000610351562, \"end\": 190.39999389648438, \"text\": \" that's so amazing because the thing is I used to have these arguments about\", \"tokens\": [51182, 300, 311, 370, 2243, 570, 264, 551, 307, 286, 1143, 281, 362, 613, 12869, 466, 51322], \"temperature\": 0.0, \"avg_logprob\": -0.29336732625961304, \"compression_ratio\": 1.8016997575759888, \"no_speech_prob\": 0.0003353384672664106}, {\"id\": 63, \"seek\": 17124, \"start\": 190.39999389648438, \"end\": 193.72000122070312, \"text\": \" hypergamy, but I stopped having arguments and I just kept throwing stats at them.\", \"tokens\": [51322, 9848, 70, 7804, 11, 457, 286, 5936, 1419, 12869, 293, 286, 445, 4305, 10238, 18152, 412, 552, 13, 51488], \"temperature\": 0.0, \"avg_logprob\": -0.29336732625961304, \"compression_ratio\": 1.8016997575759888, \"no_speech_prob\": 0.0003353384672664106}, {\"id\": 64, \"seek\": 17124, \"start\": 193.72000122070312, \"end\": 194.24000549316406, \"text\": \" And I'm like,\", \"tokens\": [51488, 400, 286, 478, 411, 11, 51514], \"temperature\": 0.0, \"avg_logprob\": -0.29336732625961304, \"compression_ratio\": 1.8016997575759888, \"no_speech_prob\": 0.0003353384672664106}, {\"id\": 65, \"seek\": 17124, \"start\": 194.24000549316406, \"end\": 198.0, \"text\": \" there is no stat that shows that men are normally distributing as far as like\", \"tokens\": [51514, 456, 307, 572, 2219, 300, 3110, 300, 1706, 366, 5646, 41406, 382, 1400, 382, 411, 51702], \"temperature\": 0.0, \"avg_logprob\": -0.29336732625961304, \"compression_ratio\": 1.8016997575759888, \"no_speech_prob\": 0.0003353384672664106}, {\"id\": 66, \"seek\": 19800, \"start\": 198.83999633789062, \"end\": 202.60000610351562, \"text\": \" there's a small group of men having a ton of sex and a large group of men that\", \"tokens\": [50406, 456, 311, 257, 1359, 1594, 295, 1706, 1419, 257, 2952, 295, 3260, 293, 257, 2416, 1594, 295, 1706, 300, 50594], \"temperature\": 0.0, \"avg_logprob\": -0.27814361453056335, \"compression_ratio\": 1.8301886320114136, \"no_speech_prob\": 0.7118679881095886}, {\"id\": 67, \"seek\": 19800, \"start\": 202.60000610351562, \"end\": 205.27999877929688, \"text\": \" is, that is growing. Here's the other thing that that's really interesting.\", \"tokens\": [50594, 307, 11, 300, 307, 4194, 13, 1692, 311, 264, 661, 551, 300, 300, 311, 534, 1880, 13, 50728], \"temperature\": 0.0, \"avg_logprob\": -0.27814361453056335, \"compression_ratio\": 1.8301886320114136, \"no_speech_prob\": 0.7118679881095886}, {\"id\": 68, \"seek\": 19800, \"start\": 205.47999572753906, \"end\": 208.1999969482422, \"text\": \" The number of sexual partners that women is having is staying the same.\", \"tokens\": [50738, 440, 1230, 295, 6701, 4462, 300, 2266, 307, 1419, 307, 7939, 264, 912, 13, 50874], \"temperature\": 0.0, \"avg_logprob\": -0.27814361453056335, \"compression_ratio\": 1.8301886320114136, \"no_speech_prob\": 0.7118679881095886}, {\"id\": 69, \"seek\": 19800, \"start\": 209.1199951171875, \"end\": 212.75999450683594, \"text\": \" Like do you understand what I made a video on this? Yes. I noticed the same thing.\", \"tokens\": [50920, 1743, 360, 291, 1223, 437, 286, 1027, 257, 960, 322, 341, 30, 1079, 13, 286, 5694, 264, 912, 551, 13, 51102], \"temperature\": 0.0, \"avg_logprob\": -0.27814361453056335, \"compression_ratio\": 1.8301886320114136, \"no_speech_prob\": 0.7118679881095886}, {\"id\": 70, \"seek\": 19800, \"start\": 212.75999450683594, \"end\": 215.83999633789062, \"text\": \" Yeah, yeah, yeah. It's crazy. I mean, I guess it's not crazy. It makes sense.\", \"tokens\": [51102, 865, 11, 1338, 11, 1338, 13, 467, 311, 3219, 13, 286, 914, 11, 286, 2041, 309, 311, 406, 3219, 13, 467, 1669, 2020, 13, 51256], \"temperature\": 0.0, \"avg_logprob\": -0.27814361453056335, \"compression_ratio\": 1.8301886320114136, \"no_speech_prob\": 0.7118679881095886}, {\"id\": 71, \"seek\": 19800, \"start\": 215.83999633789062, \"end\": 218.8800048828125, \"text\": \" Like you said, the iPhone came out, Facebook came out, dating apps came out.\", \"tokens\": [51256, 1743, 291, 848, 11, 264, 7252, 1361, 484, 11, 4384, 1361, 484, 11, 10689, 7733, 1361, 484, 13, 51408], \"temperature\": 0.0, \"avg_logprob\": -0.27814361453056335, \"compression_ratio\": 1.8301886320114136, \"no_speech_prob\": 0.7118679881095886}, {\"id\": 72, \"seek\": 19800, \"start\": 218.9600067138672, \"end\": 222.1999969482422, \"text\": \" Women now have access to men all over the world who are interested in them.\", \"tokens\": [51412, 11065, 586, 362, 2105, 281, 1706, 439, 670, 264, 1002, 567, 366, 3102, 294, 552, 13, 51574], \"temperature\": 0.0, \"avg_logprob\": -0.27814361453056335, \"compression_ratio\": 1.8301886320114136, \"no_speech_prob\": 0.7118679881095886}, {\"id\": 73, \"seek\": 19800, \"start\": 222.47999572753906, \"end\": 224.72000122070312, \"text\": \" And then the average dude just feels lonelier and lonelier.\", \"tokens\": [51588, 400, 550, 264, 4274, 6449, 445, 3417, 9155, 46273, 293, 9155, 46273, 13, 51700], \"temperature\": 0.0, \"avg_logprob\": -0.27814361453056335, \"compression_ratio\": 1.8301886320114136, \"no_speech_prob\": 0.7118679881095886}, {\"id\": 74, \"seek\": 19800, \"start\": 224.83999633789062, \"end\": 227.63999938964844, \"text\": \" So, but it's a con it's a conflict. It's a completion of two different things.\", \"tokens\": [51706, 407, 11, 457, 309, 311, 257, 416, 309, 311, 257, 6596, 13, 467, 311, 257, 19372, 295, 732, 819, 721, 13, 51846], \"temperature\": 0.0, \"avg_logprob\": -0.27814361453056335, \"compression_ratio\": 1.8301886320114136, \"no_speech_prob\": 0.7118679881095886}, {\"id\": 75, \"seek\": 22764, \"start\": 227.63999938964844, \"end\": 231.16000366210938, \"text\": \" One, the inability to go up and talk to women normally and have a normal\", \"tokens\": [50364, 1485, 11, 264, 33162, 281, 352, 493, 293, 751, 281, 2266, 5646, 293, 362, 257, 2710, 50540], \"temperature\": 0.0, \"avg_logprob\": -0.18810968101024628, \"compression_ratio\": 1.7539432048797607, \"no_speech_prob\": 0.0002913656353484839}, {\"id\": 76, \"seek\": 22764, \"start\": 231.16000366210938, \"end\": 235.0399932861328, \"text\": \" conversation. But two, the fact that what's happened is if you,\", \"tokens\": [50540, 3761, 13, 583, 732, 11, 264, 1186, 300, 437, 311, 2011, 307, 498, 291, 11, 50734], \"temperature\": 0.0, \"avg_logprob\": -0.18810968101024628, \"compression_ratio\": 1.7539432048797607, \"no_speech_prob\": 0.0002913656353484839}, {\"id\": 77, \"seek\": 22764, \"start\": 235.0800018310547, \"end\": 238.52000427246094, \"text\": \" like you have outstanding social media and you have outstanding YouTube comment\", \"tokens\": [50736, 411, 291, 362, 14485, 2093, 3021, 293, 291, 362, 14485, 3088, 2871, 50908], \"temperature\": 0.0, \"avg_logprob\": -0.18810968101024628, \"compression_ratio\": 1.7539432048797607, \"no_speech_prob\": 0.0002913656353484839}, {\"id\": 78, \"seek\": 22764, \"start\": 238.72000122070312, \"end\": 239.52000427246094, \"text\": \" content, your,\", \"tokens\": [50918, 2701, 11, 428, 11, 50958], \"temperature\": 0.0, \"avg_logprob\": -0.18810968101024628, \"compression_ratio\": 1.7539432048797607, \"no_speech_prob\": 0.0002913656353484839}, {\"id\": 79, \"seek\": 22764, \"start\": 239.52000427246094, \"end\": 244.1999969482422, \"text\": \" your content could be less outstanding and you'd still be in the top 20% for\", \"tokens\": [50958, 428, 2701, 727, 312, 1570, 14485, 293, 291, 1116, 920, 312, 294, 264, 1192, 945, 4, 337, 51192], \"temperature\": 0.0, \"avg_logprob\": -0.18810968101024628, \"compression_ratio\": 1.7539432048797607, \"no_speech_prob\": 0.0002913656353484839}, {\"id\": 80, \"seek\": 22764, \"start\": 244.1999969482422, \"end\": 246.8000030517578, \"text\": \" most men, they'll put average content out there,\", \"tokens\": [51192, 881, 1706, 11, 436, 603, 829, 4274, 2701, 484, 456, 11, 51322], \"temperature\": 0.0, \"avg_logprob\": -0.18810968101024628, \"compression_ratio\": 1.7539432048797607, \"no_speech_prob\": 0.0002913656353484839}, {\"id\": 81, \"seek\": 22764, \"start\": 246.83999633789062, \"end\": 250.0399932861328, \"text\": \" but their average content is the same as it's almost like, you know,\", \"tokens\": [51324, 457, 641, 4274, 2701, 307, 264, 912, 382, 309, 311, 1920, 411, 11, 291, 458, 11, 51484], \"temperature\": 0.0, \"avg_logprob\": -0.18810968101024628, \"compression_ratio\": 1.7539432048797607, \"no_speech_prob\": 0.0002913656353484839}, {\"id\": 82, \"seek\": 22764, \"start\": 250.0399932861328, \"end\": 252.72000122070312, \"text\": \" a rotting banana peel. Has it been there for one day or six days?\", \"tokens\": [51484, 257, 4297, 783, 14194, 13889, 13, 8646, 309, 668, 456, 337, 472, 786, 420, 2309, 1708, 30, 51618], \"temperature\": 0.0, \"avg_logprob\": -0.18810968101024628, \"compression_ratio\": 1.7539432048797607, \"no_speech_prob\": 0.0002913656353484839}, {\"id\": 83, \"seek\": 22764, \"start\": 252.72000122070312, \"end\": 254.8800048828125, \"text\": \" It doesn't matter. I'm not going to fucking eat it. It's gross.\", \"tokens\": [51618, 467, 1177, 380, 1871, 13, 286, 478, 406, 516, 281, 5546, 1862, 309, 13, 467, 311, 11367, 13, 51726], \"temperature\": 0.0, \"avg_logprob\": -0.18810968101024628, \"compression_ratio\": 1.7539432048797607, \"no_speech_prob\": 0.0002913656353484839}, {\"id\": 84, \"seek\": 25488, \"start\": 254.9600067138672, \"end\": 259.0, \"text\": \" That's what essentially what women see when they look at men's content for\", \"tokens\": [50368, 663, 311, 437, 4476, 437, 2266, 536, 562, 436, 574, 412, 1706, 311, 2701, 337, 50570], \"temperature\": 0.0, \"avg_logprob\": -0.23470932245254517, \"compression_ratio\": 1.807692289352417, \"no_speech_prob\": 0.0033763654064387083}, {\"id\": 85, \"seek\": 25488, \"start\": 259.0, \"end\": 261.760009765625, \"text\": \" women, women will have a six out of 10 content,\", \"tokens\": [50570, 2266, 11, 2266, 486, 362, 257, 2309, 484, 295, 1266, 2701, 11, 50708], \"temperature\": 0.0, \"avg_logprob\": -0.23470932245254517, \"compression_ratio\": 1.807692289352417, \"no_speech_prob\": 0.0033763654064387083}, {\"id\": 86, \"seek\": 25488, \"start\": 261.8399963378906, \"end\": 263.8800048828125, \"text\": \" but you'll see that they're young. They have signs of youth,\", \"tokens\": [50712, 457, 291, 603, 536, 300, 436, 434, 2037, 13, 814, 362, 7880, 295, 7503, 11, 50814], \"temperature\": 0.0, \"avg_logprob\": -0.23470932245254517, \"compression_ratio\": 1.807692289352417, \"no_speech_prob\": 0.0033763654064387083}, {\"id\": 87, \"seek\": 25488, \"start\": 264.0, \"end\": 265.7200012207031, \"text\": \" facial symmetry and a hip to waist ratio.\", \"tokens\": [50820, 15642, 25440, 293, 257, 8103, 281, 15732, 8509, 13, 50906], \"temperature\": 0.0, \"avg_logprob\": -0.23470932245254517, \"compression_ratio\": 1.807692289352417, \"no_speech_prob\": 0.0033763654064387083}, {\"id\": 88, \"seek\": 25488, \"start\": 265.8399963378906, \"end\": 270.4800109863281, \"text\": \" And celebrities will creep in women's DMS that have 1000 fucking followers.\", \"tokens\": [50912, 400, 23200, 486, 9626, 294, 2266, 311, 413, 10288, 300, 362, 9714, 5546, 13071, 13, 51144], \"temperature\": 0.0, \"avg_logprob\": -0.23470932245254517, \"compression_ratio\": 1.807692289352417, \"no_speech_prob\": 0.0033763654064387083}, {\"id\": 89, \"seek\": 25488, \"start\": 270.6400146484375, \"end\": 271.55999755859375, \"text\": \" And the, and the, and the,\", \"tokens\": [51152, 400, 264, 11, 293, 264, 11, 293, 264, 11, 51198], \"temperature\": 0.0, \"avg_logprob\": -0.23470932245254517, \"compression_ratio\": 1.807692289352417, \"no_speech_prob\": 0.0033763654064387083}, {\"id\": 90, \"seek\": 25488, \"start\": 271.6000061035156, \"end\": 273.79998779296875, \"text\": \" the girl will go on a date with a man who had sleeping with celebrity.\", \"tokens\": [51200, 264, 2013, 486, 352, 322, 257, 4002, 365, 257, 587, 567, 632, 8296, 365, 18597, 13, 51310], \"temperature\": 0.0, \"avg_logprob\": -0.23470932245254517, \"compression_ratio\": 1.807692289352417, \"no_speech_prob\": 0.0033763654064387083}, {\"id\": 91, \"seek\": 25488, \"start\": 274.0, \"end\": 277.2799987792969, \"text\": \" So average social media for a woman will get them a celebrity.\", \"tokens\": [51320, 407, 4274, 2093, 3021, 337, 257, 3059, 486, 483, 552, 257, 18597, 13, 51484], \"temperature\": 0.0, \"avg_logprob\": -0.23470932245254517, \"compression_ratio\": 1.807692289352417, \"no_speech_prob\": 0.0033763654064387083}, {\"id\": 92, \"seek\": 25488, \"start\": 277.79998779296875, \"end\": 279.8399963378906, \"text\": \" Average social media for men will get them nothing.\", \"tokens\": [51510, 316, 3623, 2093, 3021, 337, 1706, 486, 483, 552, 1825, 13, 51612], \"temperature\": 0.0, \"avg_logprob\": -0.23470932245254517, \"compression_ratio\": 1.807692289352417, \"no_speech_prob\": 0.0033763654064387083}, {\"id\": 93, \"seek\": 25488, \"start\": 279.8800048828125, \"end\": 281.79998779296875, \"text\": \" And then that's why I said like this bifurcation,\", \"tokens\": [51614, 400, 550, 300, 311, 983, 286, 848, 411, 341, 272, 351, 374, 46252, 11, 51710], \"temperature\": 0.0, \"avg_logprob\": -0.23470932245254517, \"compression_ratio\": 1.807692289352417, \"no_speech_prob\": 0.0033763654064387083}, {\"id\": 94, \"seek\": 28180, \"start\": 281.79998779296875, \"end\": 285.7200012207031, \"text\": \" whether you have this top 20% of men that have all this access and this huge 80%\", \"tokens\": [50364, 1968, 291, 362, 341, 1192, 945, 4, 295, 1706, 300, 362, 439, 341, 2105, 293, 341, 2603, 4688, 4, 50560], \"temperature\": 0.0, \"avg_logprob\": -0.1822308897972107, \"compression_ratio\": 1.7460317611694336, \"no_speech_prob\": 0.0367606095969677}, {\"id\": 95, \"seek\": 28180, \"start\": 285.7200012207031, \"end\": 288.6000061035156, \"text\": \" of men that have next to none. And when I look at, when I look empirically,\", \"tokens\": [50560, 295, 1706, 300, 362, 958, 281, 6022, 13, 400, 562, 286, 574, 412, 11, 562, 286, 574, 25790, 984, 11, 50704], \"temperature\": 0.0, \"avg_logprob\": -0.1822308897972107, \"compression_ratio\": 1.7460317611694336, \"no_speech_prob\": 0.0367606095969677}, {\"id\": 96, \"seek\": 28180, \"start\": 288.6400146484375, \"end\": 292.67999267578125, \"text\": \" I see exactly that same thing, right? It's just, it's crazy when you see this.\", \"tokens\": [50706, 286, 536, 2293, 300, 912, 551, 11, 558, 30, 467, 311, 445, 11, 309, 311, 3219, 562, 291, 536, 341, 13, 50908], \"temperature\": 0.0, \"avg_logprob\": -0.1822308897972107, \"compression_ratio\": 1.7460317611694336, \"no_speech_prob\": 0.0367606095969677}, {\"id\": 97, \"seek\": 28180, \"start\": 292.9200134277344, \"end\": 294.79998779296875, \"text\": \" And then I get pushed back from these men.\", \"tokens\": [50920, 400, 550, 286, 483, 9152, 646, 490, 613, 1706, 13, 51014], \"temperature\": 0.0, \"avg_logprob\": -0.1822308897972107, \"compression_ratio\": 1.7460317611694336, \"no_speech_prob\": 0.0367606095969677}, {\"id\": 98, \"seek\": 28180, \"start\": 294.79998779296875, \"end\": 296.4800109863281, \"text\": \" Like I don't want to be on social media. And I was like,\", \"tokens\": [51014, 1743, 286, 500, 380, 528, 281, 312, 322, 2093, 3021, 13, 400, 286, 390, 411, 11, 51098], \"temperature\": 0.0, \"avg_logprob\": -0.1822308897972107, \"compression_ratio\": 1.7460317611694336, \"no_speech_prob\": 0.0367606095969677}, {\"id\": 99, \"seek\": 28180, \"start\": 296.4800109863281, \"end\": 298.6400146484375, \"text\": \" I think that was a luxury you could have had 10 years ago.\", \"tokens\": [51098, 286, 519, 300, 390, 257, 15558, 291, 727, 362, 632, 1266, 924, 2057, 13, 51206], \"temperature\": 0.0, \"avg_logprob\": -0.1822308897972107, \"compression_ratio\": 1.7460317611694336, \"no_speech_prob\": 0.0367606095969677}, {\"id\": 100, \"seek\": 28180, \"start\": 298.6400146484375, \"end\": 300.0799865722656, \"text\": \" I don't think it's a luxury you can have now.\", \"tokens\": [51206, 286, 500, 380, 519, 309, 311, 257, 15558, 291, 393, 362, 586, 13, 51278], \"temperature\": 0.0, \"avg_logprob\": -0.1822308897972107, \"compression_ratio\": 1.7460317611694336, \"no_speech_prob\": 0.0367606095969677}]}"}