{"title": "Why It's Important For Men To Care About A Woman's Body Count", "video_id": "JrpIlhn29Ug", "video_url": "https://www.youtube.com/watch?v=JrpIlhn29Ug", "description": "Watch The Full Thing Here : https://youtu.be/s0uB8z0Xcyo\n\u2014\u2014\u2014\u2014\u2014\u2014\u2014\u2014\u2014\u2014\u2014\u2014\u2014\u2014\u2014\u2014\u2014\u2014\u2014\u2014\nReady to build a network of amazing women and high-status men?\n\nMichael\u2019s Men of Action is a one-on-one Master\u2019s program that teaches men how to create elite \nsocial lives by becoming higher status.\n\nClick this link to learn how you can have a High-Status lifestyle now:\nhttps://m.moamentoring.com/podcast\n\nClick here to join the Men of Action community and watch the High-Status Networking 101 course:\nhttps://m.moamentoring.com/moa-community\n\nInterested in joining the Men of Action sales team? Apply here:\nhttps://www.moamentoring.com/jobs/sales\n\nMen of Action has an affiliate program! Post pre-made content and get paid passively:\nhttps://www.moamentoring.com/affiliate\n\u2014\u2014\u2014\u2014\u2014\u2014\u2014\u2014\u2014\u2014\u2014\u2014\u2014\u2014\u2014\u2014\u2014\u2014\u2014\u2014\n\nSubscribe on Youtube: \nhttps://www.youtube.com/user/MichaelSartain\n\nListen on Apple Podcast: \nhttps://podcasts.apple.com/us/podcast/the-michael-sartain-podcast/id1579791157\n\nListen on Spotify: \nhttps://open.spotify.com/show/2faAYwvDD9Bvkpwv6umlPO?si=8Q3ak9HnSlKjuChsTXr6YQ&dl_branch=1\n\n#michael #michaelsartain #michael_sartain #michael_sartain_podcast", "published_at": "2024-01-02T13:45:02Z", "channel_id": "UC0T1bDzajVefRWx4uKdGyuw", "channel_title": "Michael Sartain", "tags": ["Michael", "Michael Sartain", "Michael Sartain Podcast", "Michael Podcast", "MOA", "Men Of Action", "Michael Sartain Course", "Michael Sartain With Hot Women", "Playboy", "Swimsuit", "Swimsuit Competition", "ichael sartain social circle", "social circle", "how to netowrk", "moa", "moa podcast", "gender wage gap", "gender wage gap myth", "wage gap", "social value", "michael sartain course", "looks money status", "social circle mentorship", "michael sartain social circle game", "men of action podcast", "men of action course"], "category_id": "24", "live_broadcast_content": "none", "duration": 334.0, "dimension": "2d", "definition": "hd", "caption": "false", "view_count": 7269, "like_count": 334, "comment_count": 33, "channel_info": {"title": "Michael Sartain", "description": "\ud83c\udf99Host of The\u00a0Michael Sartain Podcast \n\n\ud83d\udd25Teaching you how to build a network of desirable women and high-status men\n\n\ud83d\udc47 Click the \"Men of Action\" link below now to forge a high-status lifestyle and join the elites \n", "subscriber_count": "80500", "total_views": "29545897", "total_videos": "1481"}, "comments": [], "file_path": "/Users/aelaguiz/workspace/fc_book/audio/raws/JrpIlhn29Ug.mp3", "transcription": "{\"text\": \"It seems to be okay for women to have a preference for men who make a lot of money or men who are of a certain height. That preference is never shame, but the preference for me not wanting to be with a woman who's been with a hundred dudes, all of a sudden I'm judgmental and insecure. Destiny is openly bisexual, who lets his girl sleep with other dudes, and they both decided to be polyamorous before the fact, and they agreed to be polyamorous before they got married. Adam 22 had only had sex with his wife and no one else, and then when they got married as a wedding gift, he let her pick her favorite male porn star and have sex with him on camera, and it is the number one selling video and only fans of all time. They said that they did 50 X of what they thought they did, so I'm guessing they probably made in excess of $20 million off that video. And then third is the situation with Logan Paul, where he was clearly just lied to by a woman who was climbing the social hierarchy, told him some kind of story about him being a virgin or being with very few guys, and then they start dating, and now he's fighting Dylan Dennis, who has gone on and posted literally hundreds of photos of this girl with other guys and videos of her saying that I sucked a dick in a fucking football stadium, a pack football stadium, that I don't like the shape of penises, I like them hidden inside of me, just not vile, I mean, she can say whatever she wants, but she's basically Britney Renner trying to pretend like she was a virgin, and he is taking the ultimate L. The L he's taking is bigger than the one Adam 22 did, because he's a fucking porn star who's fucked 300 girls with his wife. This is a completely different L. The L that Logan is taking, I mean, he's taking like, we're talking like, Joseph Stalin level L, this is like horrible, horrible career, destroying what's happened. Like, he may have to consider getting out of the public limelight if he loses this fight, like that level, and why? It's because his girlfriend has more, you know, horrifically embarrassed him, and he can't comment on the fact that, you know, basically this girl came to him and been like, I've been with very few guys, and it looks like, at least to the fact that she's entertained, I mean, I would guess, there's a picture of Leonardo DiCaprio with his hand on her face, like gently caressing her, like this girl looks like she's been with, I don't mean to sound, if she's been with less than 50, I would be shocked. If she's been with less than a hundred, I'd be very surprised. Like this girl has been around and clearly just had this goal to climb the ladder, climb the ladder, climb the ladder, found Logan, hooked him in, and now he's having to pay the consequences for the fact that he was lied to. Now, if Logan was like, I love the fact that my girlfriend has a high body count, and I like to watch her fuck other dudes, if he had said that openly, a lot of people would have made fun of him, but then no one would be ridiculing him right now because he would have taken the L up front. Now, the problem is because women are like, well, body count doesn't really matter. I just, like, if you lie to your boyfriend and say you never did porn, and then porn of you comes out, that is, I don't think you understand, like my business, like if porn of Kylie came out, that would end my business. The opposite isn't true. If porn of Adam 22 came out, it doesn't end the lean of the plugs business. The opposite, if it turns out Logan Paul fucked a girl that he said he never fucked, it doesn't destroy his fiance's like modeling career. It only works in one direction. And so I really do think that there's a lot more pressure on men when it comes to this kind of stuff. As long as you're open about it, if you're open about it, like if you're a male porn star dating a female porn star, and both of you have been with a thousand people, no one would tweet about it. No one cares because you have both signed the contract, and the contract clearly states, I have a high body count, you have a high body count. And we agree to that, and that's totally fine. But that's not what's happened in the Logan Paul situation. This guy has been like FTXed at this point. He has been completely honed, like it's one of the most horrible. And then I see women try to stand up for her. And like, I can't believe you guys are shaming her for sleeping with all those people. No, we're shaming her for lying. We're shaming her for lying. We don't go on there every day and talk to, oh my God, I can't believe Nikki Benz slept with all the, like name whatever porn star. We don't shame them. We don't shame fucking, what's Mia, well, Mia Khalifa does get shamed, but that's because she lies about what she did afterwards. But like, we don't shame them. We don't shame mainstream porn stars for doing it because they own up to it. It's the problem is that like, you don't own up to it. And then later on, it comes out that you just lied about everything. And then you think that you shouldn't have to deal. Like, have you heard, what's her face? Lana Rhodes coming out and being like, I can't believe that there's still videos of me having sex with all these people that are out there. I feel horrible that that's out there. And there should be laws passed against it. And I'm like, yeah, but then you also could have like just not done porn. That's another option. Do you ever think about that? Also, here's a great idea. Your name isn't Lana Rhodes. That's your porn name that you still keep and use in order to host a podcast. Here's a third option. You're on OnlyFans still making sexual content, but you want the porn to be gone. This seems a little bit counterintuitive. So the problem for me, the problem for most guys is not that you have a high body count. It's that you're going to lie to us about it. And if we have a preference for not wanting to be with a girl with a high body count, you seem to, it seems to be okay for women to have a preference for men who make a lot of money or men who are of a certain height. That preference is never shame, but the preference for me not wanting to be with a woman who's been with a hundred dudes, all of a sudden I'm judgmental. \", \"segments\": [{\"id\": 0, \"seek\": 0, \"start\": 0.0, \"end\": 1.9199999570846558, \"text\": \" It seems to be okay for women to have a preference\", \"tokens\": [50364, 467, 2544, 281, 312, 1392, 337, 2266, 281, 362, 257, 17502, 50460], \"temperature\": 0.0, \"avg_logprob\": -0.2036823332309723, \"compression_ratio\": 1.8733766078948975, \"no_speech_prob\": 0.005729200784116983}, {\"id\": 1, \"seek\": 0, \"start\": 1.9199999570846558, \"end\": 3.0399999618530273, \"text\": \" for men who make a lot of money\", \"tokens\": [50460, 337, 1706, 567, 652, 257, 688, 295, 1460, 50516], \"temperature\": 0.0, \"avg_logprob\": -0.2036823332309723, \"compression_ratio\": 1.8733766078948975, \"no_speech_prob\": 0.005729200784116983}, {\"id\": 2, \"seek\": 0, \"start\": 3.0399999618530273, \"end\": 4.679999828338623, \"text\": \" or men who are of a certain height.\", \"tokens\": [50516, 420, 1706, 567, 366, 295, 257, 1629, 6681, 13, 50598], \"temperature\": 0.0, \"avg_logprob\": -0.2036823332309723, \"compression_ratio\": 1.8733766078948975, \"no_speech_prob\": 0.005729200784116983}, {\"id\": 3, \"seek\": 0, \"start\": 4.679999828338623, \"end\": 7.039999961853027, \"text\": \" That preference is never shame,\", \"tokens\": [50598, 663, 17502, 307, 1128, 10069, 11, 50716], \"temperature\": 0.0, \"avg_logprob\": -0.2036823332309723, \"compression_ratio\": 1.8733766078948975, \"no_speech_prob\": 0.005729200784116983}, {\"id\": 4, \"seek\": 0, \"start\": 7.039999961853027, \"end\": 9.4399995803833, \"text\": \" but the preference for me not wanting to be with a woman\", \"tokens\": [50716, 457, 264, 17502, 337, 385, 406, 7935, 281, 312, 365, 257, 3059, 50836], \"temperature\": 0.0, \"avg_logprob\": -0.2036823332309723, \"compression_ratio\": 1.8733766078948975, \"no_speech_prob\": 0.005729200784116983}, {\"id\": 5, \"seek\": 0, \"start\": 9.4399995803833, \"end\": 10.84000015258789, \"text\": \" who's been with a hundred dudes,\", \"tokens\": [50836, 567, 311, 668, 365, 257, 3262, 27717, 11, 50906], \"temperature\": 0.0, \"avg_logprob\": -0.2036823332309723, \"compression_ratio\": 1.8733766078948975, \"no_speech_prob\": 0.005729200784116983}, {\"id\": 6, \"seek\": 0, \"start\": 10.84000015258789, \"end\": 13.119999885559082, \"text\": \" all of a sudden I'm judgmental and insecure.\", \"tokens\": [50906, 439, 295, 257, 3990, 286, 478, 12216, 304, 293, 32215, 13, 51020], \"temperature\": 0.0, \"avg_logprob\": -0.2036823332309723, \"compression_ratio\": 1.8733766078948975, \"no_speech_prob\": 0.005729200784116983}, {\"id\": 7, \"seek\": 0, \"start\": 13.119999885559082, \"end\": 14.960000038146973, \"text\": \" Destiny is openly bisexual,\", \"tokens\": [51020, 31898, 307, 23109, 42570, 11, 51112], \"temperature\": 0.0, \"avg_logprob\": -0.2036823332309723, \"compression_ratio\": 1.8733766078948975, \"no_speech_prob\": 0.005729200784116983}, {\"id\": 8, \"seek\": 0, \"start\": 14.960000038146973, \"end\": 17.68000030517578, \"text\": \" who lets his girl sleep with other dudes,\", \"tokens\": [51112, 567, 6653, 702, 2013, 2817, 365, 661, 27717, 11, 51248], \"temperature\": 0.0, \"avg_logprob\": -0.2036823332309723, \"compression_ratio\": 1.8733766078948975, \"no_speech_prob\": 0.005729200784116983}, {\"id\": 9, \"seek\": 0, \"start\": 17.68000030517578, \"end\": 20.1200008392334, \"text\": \" and they both decided to be polyamorous before the fact,\", \"tokens\": [51248, 293, 436, 1293, 3047, 281, 312, 6754, 335, 16099, 949, 264, 1186, 11, 51370], \"temperature\": 0.0, \"avg_logprob\": -0.2036823332309723, \"compression_ratio\": 1.8733766078948975, \"no_speech_prob\": 0.005729200784116983}, {\"id\": 10, \"seek\": 0, \"start\": 20.1200008392334, \"end\": 22.479999542236328, \"text\": \" and they agreed to be polyamorous before they got married.\", \"tokens\": [51370, 293, 436, 9166, 281, 312, 6754, 335, 16099, 949, 436, 658, 5259, 13, 51488], \"temperature\": 0.0, \"avg_logprob\": -0.2036823332309723, \"compression_ratio\": 1.8733766078948975, \"no_speech_prob\": 0.005729200784116983}, {\"id\": 11, \"seek\": 0, \"start\": 22.479999542236328, \"end\": 26.479999542236328, \"text\": \" Adam 22 had only had sex with his wife and no one else,\", \"tokens\": [51488, 7938, 5853, 632, 787, 632, 3260, 365, 702, 3836, 293, 572, 472, 1646, 11, 51688], \"temperature\": 0.0, \"avg_logprob\": -0.2036823332309723, \"compression_ratio\": 1.8733766078948975, \"no_speech_prob\": 0.005729200784116983}, {\"id\": 12, \"seek\": 0, \"start\": 26.479999542236328, \"end\": 29.479999542236328, \"text\": \" and then when they got married as a wedding gift,\", \"tokens\": [51688, 293, 550, 562, 436, 658, 5259, 382, 257, 8523, 5306, 11, 51838], \"temperature\": 0.0, \"avg_logprob\": -0.2036823332309723, \"compression_ratio\": 1.8733766078948975, \"no_speech_prob\": 0.005729200784116983}, {\"id\": 13, \"seek\": 2948, \"start\": 29.479999542236328, \"end\": 32.91999816894531, \"text\": \" he let her pick her favorite male porn star\", \"tokens\": [50364, 415, 718, 720, 1888, 720, 2954, 7133, 19444, 3543, 50536], \"temperature\": 0.0, \"avg_logprob\": -0.24213863909244537, \"compression_ratio\": 1.5627375841140747, \"no_speech_prob\": 3.071632090723142e-05}, {\"id\": 14, \"seek\": 2948, \"start\": 32.91999816894531, \"end\": 35.880001068115234, \"text\": \" and have sex with him on camera,\", \"tokens\": [50536, 293, 362, 3260, 365, 796, 322, 2799, 11, 50684], \"temperature\": 0.0, \"avg_logprob\": -0.24213863909244537, \"compression_ratio\": 1.5627375841140747, \"no_speech_prob\": 3.071632090723142e-05}, {\"id\": 15, \"seek\": 2948, \"start\": 35.880001068115234, \"end\": 38.560001373291016, \"text\": \" and it is the number one selling video\", \"tokens\": [50684, 293, 309, 307, 264, 1230, 472, 6511, 960, 50818], \"temperature\": 0.0, \"avg_logprob\": -0.24213863909244537, \"compression_ratio\": 1.5627375841140747, \"no_speech_prob\": 3.071632090723142e-05}, {\"id\": 16, \"seek\": 2948, \"start\": 38.560001373291016, \"end\": 40.439998626708984, \"text\": \" and only fans of all time.\", \"tokens\": [50818, 293, 787, 4499, 295, 439, 565, 13, 50912], \"temperature\": 0.0, \"avg_logprob\": -0.24213863909244537, \"compression_ratio\": 1.5627375841140747, \"no_speech_prob\": 3.071632090723142e-05}, {\"id\": 17, \"seek\": 2948, \"start\": 40.439998626708984, \"end\": 42.84000015258789, \"text\": \" They said that they did 50 X of what they thought they did,\", \"tokens\": [50912, 814, 848, 300, 436, 630, 2625, 1783, 295, 437, 436, 1194, 436, 630, 11, 51032], \"temperature\": 0.0, \"avg_logprob\": -0.24213863909244537, \"compression_ratio\": 1.5627375841140747, \"no_speech_prob\": 3.071632090723142e-05}, {\"id\": 18, \"seek\": 2948, \"start\": 42.84000015258789, \"end\": 44.15999984741211, \"text\": \" so I'm guessing they probably made\", \"tokens\": [51032, 370, 286, 478, 17939, 436, 1391, 1027, 51098], \"temperature\": 0.0, \"avg_logprob\": -0.24213863909244537, \"compression_ratio\": 1.5627375841140747, \"no_speech_prob\": 3.071632090723142e-05}, {\"id\": 19, \"seek\": 2948, \"start\": 44.15999984741211, \"end\": 46.63999938964844, \"text\": \" in excess of $20 million off that video.\", \"tokens\": [51098, 294, 9310, 295, 1848, 2009, 2459, 766, 300, 960, 13, 51222], \"temperature\": 0.0, \"avg_logprob\": -0.24213863909244537, \"compression_ratio\": 1.5627375841140747, \"no_speech_prob\": 3.071632090723142e-05}, {\"id\": 20, \"seek\": 2948, \"start\": 46.63999938964844, \"end\": 49.7599983215332, \"text\": \" And then third is the situation with Logan Paul,\", \"tokens\": [51222, 400, 550, 2636, 307, 264, 2590, 365, 22689, 4552, 11, 51378], \"temperature\": 0.0, \"avg_logprob\": -0.24213863909244537, \"compression_ratio\": 1.5627375841140747, \"no_speech_prob\": 3.071632090723142e-05}, {\"id\": 21, \"seek\": 2948, \"start\": 49.7599983215332, \"end\": 52.84000015258789, \"text\": \" where he was clearly just lied to by a woman\", \"tokens\": [51378, 689, 415, 390, 4448, 445, 20101, 281, 538, 257, 3059, 51532], \"temperature\": 0.0, \"avg_logprob\": -0.24213863909244537, \"compression_ratio\": 1.5627375841140747, \"no_speech_prob\": 3.071632090723142e-05}, {\"id\": 22, \"seek\": 2948, \"start\": 52.84000015258789, \"end\": 55.31999969482422, \"text\": \" who was climbing the social hierarchy,\", \"tokens\": [51532, 567, 390, 14780, 264, 2093, 22333, 11, 51656], \"temperature\": 0.0, \"avg_logprob\": -0.24213863909244537, \"compression_ratio\": 1.5627375841140747, \"no_speech_prob\": 3.071632090723142e-05}, {\"id\": 23, \"seek\": 5532, \"start\": 55.36000061035156, \"end\": 60.36000061035156, \"text\": \" told him some kind of story about him being a virgin\", \"tokens\": [50366, 1907, 796, 512, 733, 295, 1657, 466, 796, 885, 257, 26404, 50616], \"temperature\": 0.0, \"avg_logprob\": -0.2448381632566452, \"compression_ratio\": 1.6945606470108032, \"no_speech_prob\": 0.010012735612690449}, {\"id\": 24, \"seek\": 5532, \"start\": 60.720001220703125, \"end\": 62.36000061035156, \"text\": \" or being with very few guys,\", \"tokens\": [50634, 420, 885, 365, 588, 1326, 1074, 11, 50716], \"temperature\": 0.0, \"avg_logprob\": -0.2448381632566452, \"compression_ratio\": 1.6945606470108032, \"no_speech_prob\": 0.010012735612690449}, {\"id\": 25, \"seek\": 5532, \"start\": 62.36000061035156, \"end\": 63.91999816894531, \"text\": \" and then they start dating,\", \"tokens\": [50716, 293, 550, 436, 722, 10689, 11, 50794], \"temperature\": 0.0, \"avg_logprob\": -0.2448381632566452, \"compression_ratio\": 1.6945606470108032, \"no_speech_prob\": 0.010012735612690449}, {\"id\": 26, \"seek\": 5532, \"start\": 63.91999816894531, \"end\": 65.87999725341797, \"text\": \" and now he's fighting Dylan Dennis,\", \"tokens\": [50794, 293, 586, 415, 311, 5237, 28160, 23376, 11, 50892], \"temperature\": 0.0, \"avg_logprob\": -0.2448381632566452, \"compression_ratio\": 1.6945606470108032, \"no_speech_prob\": 0.010012735612690449}, {\"id\": 27, \"seek\": 5532, \"start\": 65.87999725341797, \"end\": 70.0, \"text\": \" who has gone on and posted literally hundreds of photos\", \"tokens\": [50892, 567, 575, 2780, 322, 293, 9437, 3736, 6779, 295, 5787, 51098], \"temperature\": 0.0, \"avg_logprob\": -0.2448381632566452, \"compression_ratio\": 1.6945606470108032, \"no_speech_prob\": 0.010012735612690449}, {\"id\": 28, \"seek\": 5532, \"start\": 70.0, \"end\": 72.87999725341797, \"text\": \" of this girl with other guys and videos of her saying\", \"tokens\": [51098, 295, 341, 2013, 365, 661, 1074, 293, 2145, 295, 720, 1566, 51242], \"temperature\": 0.0, \"avg_logprob\": -0.2448381632566452, \"compression_ratio\": 1.6945606470108032, \"no_speech_prob\": 0.010012735612690449}, {\"id\": 29, \"seek\": 5532, \"start\": 72.87999725341797, \"end\": 77.87999725341797, \"text\": \" that I sucked a dick in a fucking football stadium,\", \"tokens\": [51242, 300, 286, 26503, 257, 18659, 294, 257, 5546, 7346, 18585, 11, 51492], \"temperature\": 0.0, \"avg_logprob\": -0.2448381632566452, \"compression_ratio\": 1.6945606470108032, \"no_speech_prob\": 0.010012735612690449}, {\"id\": 30, \"seek\": 5532, \"start\": 78.5999984741211, \"end\": 79.80000305175781, \"text\": \" a pack football stadium,\", \"tokens\": [51528, 257, 2844, 7346, 18585, 11, 51588], \"temperature\": 0.0, \"avg_logprob\": -0.2448381632566452, \"compression_ratio\": 1.6945606470108032, \"no_speech_prob\": 0.010012735612690449}, {\"id\": 31, \"seek\": 5532, \"start\": 79.80000305175781, \"end\": 81.5199966430664, \"text\": \" that I don't like the shape of penises,\", \"tokens\": [51588, 300, 286, 500, 380, 411, 264, 3909, 295, 3435, 3598, 11, 51674], \"temperature\": 0.0, \"avg_logprob\": -0.2448381632566452, \"compression_ratio\": 1.6945606470108032, \"no_speech_prob\": 0.010012735612690449}, {\"id\": 32, \"seek\": 5532, \"start\": 81.5199966430664, \"end\": 83.19999694824219, \"text\": \" I like them hidden inside of me,\", \"tokens\": [51674, 286, 411, 552, 7633, 1854, 295, 385, 11, 51758], \"temperature\": 0.0, \"avg_logprob\": -0.2448381632566452, \"compression_ratio\": 1.6945606470108032, \"no_speech_prob\": 0.010012735612690449}, {\"id\": 33, \"seek\": 8320, \"start\": 83.4800033569336, \"end\": 86.44000244140625, \"text\": \" just not vile, I mean, she can say whatever she wants,\", \"tokens\": [50378, 445, 406, 371, 794, 11, 286, 914, 11, 750, 393, 584, 2035, 750, 2738, 11, 50526], \"temperature\": 0.0, \"avg_logprob\": -0.27925583720207214, \"compression_ratio\": 1.6751824617385864, \"no_speech_prob\": 5.390992373577319e-05}, {\"id\": 34, \"seek\": 8320, \"start\": 86.44000244140625, \"end\": 88.5199966430664, \"text\": \" but she's basically Britney Renner\", \"tokens\": [50526, 457, 750, 311, 1936, 46161, 12883, 1193, 50630], \"temperature\": 0.0, \"avg_logprob\": -0.27925583720207214, \"compression_ratio\": 1.6751824617385864, \"no_speech_prob\": 5.390992373577319e-05}, {\"id\": 35, \"seek\": 8320, \"start\": 88.5199966430664, \"end\": 90.31999969482422, \"text\": \" trying to pretend like she was a virgin,\", \"tokens\": [50630, 1382, 281, 11865, 411, 750, 390, 257, 26404, 11, 50720], \"temperature\": 0.0, \"avg_logprob\": -0.27925583720207214, \"compression_ratio\": 1.6751824617385864, \"no_speech_prob\": 5.390992373577319e-05}, {\"id\": 36, \"seek\": 8320, \"start\": 90.31999969482422, \"end\": 94.08000183105469, \"text\": \" and he is taking the ultimate L.\", \"tokens\": [50720, 293, 415, 307, 1940, 264, 9705, 441, 13, 50908], \"temperature\": 0.0, \"avg_logprob\": -0.27925583720207214, \"compression_ratio\": 1.6751824617385864, \"no_speech_prob\": 5.390992373577319e-05}, {\"id\": 37, \"seek\": 8320, \"start\": 94.08000183105469, \"end\": 97.27999877929688, \"text\": \" The L he's taking is bigger than the one Adam 22 did,\", \"tokens\": [50908, 440, 441, 415, 311, 1940, 307, 3801, 813, 264, 472, 7938, 5853, 630, 11, 51068], \"temperature\": 0.0, \"avg_logprob\": -0.27925583720207214, \"compression_ratio\": 1.6751824617385864, \"no_speech_prob\": 5.390992373577319e-05}, {\"id\": 38, \"seek\": 8320, \"start\": 97.27999877929688, \"end\": 98.31999969482422, \"text\": \" because he's a fucking porn star\", \"tokens\": [51068, 570, 415, 311, 257, 5546, 19444, 3543, 51120], \"temperature\": 0.0, \"avg_logprob\": -0.27925583720207214, \"compression_ratio\": 1.6751824617385864, \"no_speech_prob\": 5.390992373577319e-05}, {\"id\": 39, \"seek\": 8320, \"start\": 98.31999969482422, \"end\": 100.87999725341797, \"text\": \" who's fucked 300 girls with his wife.\", \"tokens\": [51120, 567, 311, 22518, 6641, 4519, 365, 702, 3836, 13, 51248], \"temperature\": 0.0, \"avg_logprob\": -0.27925583720207214, \"compression_ratio\": 1.6751824617385864, \"no_speech_prob\": 5.390992373577319e-05}, {\"id\": 40, \"seek\": 8320, \"start\": 100.87999725341797, \"end\": 102.55999755859375, \"text\": \" This is a completely different L.\", \"tokens\": [51248, 639, 307, 257, 2584, 819, 441, 13, 51332], \"temperature\": 0.0, \"avg_logprob\": -0.27925583720207214, \"compression_ratio\": 1.6751824617385864, \"no_speech_prob\": 5.390992373577319e-05}, {\"id\": 41, \"seek\": 8320, \"start\": 102.55999755859375, \"end\": 103.91999816894531, \"text\": \" The L that Logan is taking,\", \"tokens\": [51332, 440, 441, 300, 22689, 307, 1940, 11, 51400], \"temperature\": 0.0, \"avg_logprob\": -0.27925583720207214, \"compression_ratio\": 1.6751824617385864, \"no_speech_prob\": 5.390992373577319e-05}, {\"id\": 42, \"seek\": 8320, \"start\": 103.91999816894531, \"end\": 106.19999694824219, \"text\": \" I mean, he's taking like, we're talking like,\", \"tokens\": [51400, 286, 914, 11, 415, 311, 1940, 411, 11, 321, 434, 1417, 411, 11, 51514], \"temperature\": 0.0, \"avg_logprob\": -0.27925583720207214, \"compression_ratio\": 1.6751824617385864, \"no_speech_prob\": 5.390992373577319e-05}, {\"id\": 43, \"seek\": 8320, \"start\": 107.91999816894531, \"end\": 109.27999877929688, \"text\": \" Joseph Stalin level L,\", \"tokens\": [51600, 11170, 32126, 1496, 441, 11, 51668], \"temperature\": 0.0, \"avg_logprob\": -0.27925583720207214, \"compression_ratio\": 1.6751824617385864, \"no_speech_prob\": 5.390992373577319e-05}, {\"id\": 44, \"seek\": 8320, \"start\": 109.27999877929688, \"end\": 112.16000366210938, \"text\": \" this is like horrible, horrible career,\", \"tokens\": [51668, 341, 307, 411, 9263, 11, 9263, 3988, 11, 51812], \"temperature\": 0.0, \"avg_logprob\": -0.27925583720207214, \"compression_ratio\": 1.6751824617385864, \"no_speech_prob\": 5.390992373577319e-05}, {\"id\": 45, \"seek\": 11216, \"start\": 112.27999877929688, \"end\": 113.83999633789062, \"text\": \" destroying what's happened.\", \"tokens\": [50370, 19926, 437, 311, 2011, 13, 50448], \"temperature\": 0.0, \"avg_logprob\": -0.23364602029323578, \"compression_ratio\": 1.6945337057113647, \"no_speech_prob\": 0.0002341058134334162}, {\"id\": 46, \"seek\": 11216, \"start\": 113.83999633789062, \"end\": 116.44000244140625, \"text\": \" Like, he may have to consider\", \"tokens\": [50448, 1743, 11, 415, 815, 362, 281, 1949, 50578], \"temperature\": 0.0, \"avg_logprob\": -0.23364602029323578, \"compression_ratio\": 1.6945337057113647, \"no_speech_prob\": 0.0002341058134334162}, {\"id\": 47, \"seek\": 11216, \"start\": 116.44000244140625, \"end\": 117.87999725341797, \"text\": \" getting out of the public limelight\", \"tokens\": [50578, 1242, 484, 295, 264, 1908, 2364, 338, 397, 50650], \"temperature\": 0.0, \"avg_logprob\": -0.23364602029323578, \"compression_ratio\": 1.6945337057113647, \"no_speech_prob\": 0.0002341058134334162}, {\"id\": 48, \"seek\": 11216, \"start\": 117.87999725341797, \"end\": 119.5999984741211, \"text\": \" if he loses this fight, like that level,\", \"tokens\": [50650, 498, 415, 18293, 341, 2092, 11, 411, 300, 1496, 11, 50736], \"temperature\": 0.0, \"avg_logprob\": -0.23364602029323578, \"compression_ratio\": 1.6945337057113647, \"no_speech_prob\": 0.0002341058134334162}, {\"id\": 49, \"seek\": 11216, \"start\": 119.5999984741211, \"end\": 120.44000244140625, \"text\": \" and why?\", \"tokens\": [50736, 293, 983, 30, 50778], \"temperature\": 0.0, \"avg_logprob\": -0.23364602029323578, \"compression_ratio\": 1.6945337057113647, \"no_speech_prob\": 0.0002341058134334162}, {\"id\": 50, \"seek\": 11216, \"start\": 120.44000244140625, \"end\": 122.31999969482422, \"text\": \" It's because his girlfriend has more,\", \"tokens\": [50778, 467, 311, 570, 702, 10369, 575, 544, 11, 50872], \"temperature\": 0.0, \"avg_logprob\": -0.23364602029323578, \"compression_ratio\": 1.6945337057113647, \"no_speech_prob\": 0.0002341058134334162}, {\"id\": 51, \"seek\": 11216, \"start\": 122.31999969482422, \"end\": 124.68000030517578, \"text\": \" you know, horrifically embarrassed him,\", \"tokens\": [50872, 291, 458, 11, 17582, 4278, 16843, 796, 11, 50990], \"temperature\": 0.0, \"avg_logprob\": -0.23364602029323578, \"compression_ratio\": 1.6945337057113647, \"no_speech_prob\": 0.0002341058134334162}, {\"id\": 52, \"seek\": 11216, \"start\": 124.68000030517578, \"end\": 126.44000244140625, \"text\": \" and he can't comment on the fact that,\", \"tokens\": [50990, 293, 415, 393, 380, 2871, 322, 264, 1186, 300, 11, 51078], \"temperature\": 0.0, \"avg_logprob\": -0.23364602029323578, \"compression_ratio\": 1.6945337057113647, \"no_speech_prob\": 0.0002341058134334162}, {\"id\": 53, \"seek\": 11216, \"start\": 126.44000244140625, \"end\": 128.1999969482422, \"text\": \" you know, basically this girl came to him and been like,\", \"tokens\": [51078, 291, 458, 11, 1936, 341, 2013, 1361, 281, 796, 293, 668, 411, 11, 51166], \"temperature\": 0.0, \"avg_logprob\": -0.23364602029323578, \"compression_ratio\": 1.6945337057113647, \"no_speech_prob\": 0.0002341058134334162}, {\"id\": 54, \"seek\": 11216, \"start\": 128.1999969482422, \"end\": 129.55999755859375, \"text\": \" I've been with very few guys,\", \"tokens\": [51166, 286, 600, 668, 365, 588, 1326, 1074, 11, 51234], \"temperature\": 0.0, \"avg_logprob\": -0.23364602029323578, \"compression_ratio\": 1.6945337057113647, \"no_speech_prob\": 0.0002341058134334162}, {\"id\": 55, \"seek\": 11216, \"start\": 129.55999755859375, \"end\": 130.8800048828125, \"text\": \" and it looks like,\", \"tokens\": [51234, 293, 309, 1542, 411, 11, 51300], \"temperature\": 0.0, \"avg_logprob\": -0.23364602029323578, \"compression_ratio\": 1.6945337057113647, \"no_speech_prob\": 0.0002341058134334162}, {\"id\": 56, \"seek\": 11216, \"start\": 130.8800048828125, \"end\": 133.1199951171875, \"text\": \" at least to the fact that she's entertained,\", \"tokens\": [51300, 412, 1935, 281, 264, 1186, 300, 750, 311, 44783, 11, 51412], \"temperature\": 0.0, \"avg_logprob\": -0.23364602029323578, \"compression_ratio\": 1.6945337057113647, \"no_speech_prob\": 0.0002341058134334162}, {\"id\": 57, \"seek\": 11216, \"start\": 133.1199951171875, \"end\": 134.16000366210938, \"text\": \" I mean, I would guess,\", \"tokens\": [51412, 286, 914, 11, 286, 576, 2041, 11, 51464], \"temperature\": 0.0, \"avg_logprob\": -0.23364602029323578, \"compression_ratio\": 1.6945337057113647, \"no_speech_prob\": 0.0002341058134334162}, {\"id\": 58, \"seek\": 11216, \"start\": 134.16000366210938, \"end\": 136.32000732421875, \"text\": \" there's a picture of Leonardo DiCaprio\", \"tokens\": [51464, 456, 311, 257, 3036, 295, 36523, 8789, 46671, 6584, 51572], \"temperature\": 0.0, \"avg_logprob\": -0.23364602029323578, \"compression_ratio\": 1.6945337057113647, \"no_speech_prob\": 0.0002341058134334162}, {\"id\": 59, \"seek\": 11216, \"start\": 136.32000732421875, \"end\": 139.75999450683594, \"text\": \" with his hand on her face, like gently caressing her,\", \"tokens\": [51572, 365, 702, 1011, 322, 720, 1851, 11, 411, 13073, 1335, 18605, 720, 11, 51744], \"temperature\": 0.0, \"avg_logprob\": -0.23364602029323578, \"compression_ratio\": 1.6945337057113647, \"no_speech_prob\": 0.0002341058134334162}, {\"id\": 60, \"seek\": 13976, \"start\": 139.8000030517578, \"end\": 141.9199981689453, \"text\": \" like this girl looks like she's been with,\", \"tokens\": [50366, 411, 341, 2013, 1542, 411, 750, 311, 668, 365, 11, 50472], \"temperature\": 0.0, \"avg_logprob\": -0.19159545004367828, \"compression_ratio\": 1.9109588861465454, \"no_speech_prob\": 6.302409019554034e-05}, {\"id\": 61, \"seek\": 13976, \"start\": 143.16000366210938, \"end\": 144.36000061035156, \"text\": \" I don't mean to sound,\", \"tokens\": [50534, 286, 500, 380, 914, 281, 1626, 11, 50594], \"temperature\": 0.0, \"avg_logprob\": -0.19159545004367828, \"compression_ratio\": 1.9109588861465454, \"no_speech_prob\": 6.302409019554034e-05}, {\"id\": 62, \"seek\": 13976, \"start\": 144.36000061035156, \"end\": 146.55999755859375, \"text\": \" if she's been with less than 50, I would be shocked.\", \"tokens\": [50594, 498, 750, 311, 668, 365, 1570, 813, 2625, 11, 286, 576, 312, 12763, 13, 50704], \"temperature\": 0.0, \"avg_logprob\": -0.19159545004367828, \"compression_ratio\": 1.9109588861465454, \"no_speech_prob\": 6.302409019554034e-05}, {\"id\": 63, \"seek\": 13976, \"start\": 146.55999755859375, \"end\": 147.75999450683594, \"text\": \" If she's been with less than a hundred,\", \"tokens\": [50704, 759, 750, 311, 668, 365, 1570, 813, 257, 3262, 11, 50764], \"temperature\": 0.0, \"avg_logprob\": -0.19159545004367828, \"compression_ratio\": 1.9109588861465454, \"no_speech_prob\": 6.302409019554034e-05}, {\"id\": 64, \"seek\": 13976, \"start\": 147.75999450683594, \"end\": 149.0800018310547, \"text\": \" I'd be very surprised.\", \"tokens\": [50764, 286, 1116, 312, 588, 6100, 13, 50830], \"temperature\": 0.0, \"avg_logprob\": -0.19159545004367828, \"compression_ratio\": 1.9109588861465454, \"no_speech_prob\": 6.302409019554034e-05}, {\"id\": 65, \"seek\": 13976, \"start\": 149.0800018310547, \"end\": 150.47999572753906, \"text\": \" Like this girl has been around\", \"tokens\": [50830, 1743, 341, 2013, 575, 668, 926, 50900], \"temperature\": 0.0, \"avg_logprob\": -0.19159545004367828, \"compression_ratio\": 1.9109588861465454, \"no_speech_prob\": 6.302409019554034e-05}, {\"id\": 66, \"seek\": 13976, \"start\": 150.47999572753906, \"end\": 155.47999572753906, \"text\": \" and clearly just had this goal to climb the ladder,\", \"tokens\": [50900, 293, 4448, 445, 632, 341, 3387, 281, 10724, 264, 18325, 11, 51150], \"temperature\": 0.0, \"avg_logprob\": -0.19159545004367828, \"compression_ratio\": 1.9109588861465454, \"no_speech_prob\": 6.302409019554034e-05}, {\"id\": 67, \"seek\": 13976, \"start\": 155.67999267578125, \"end\": 156.8000030517578, \"text\": \" climb the ladder, climb the ladder,\", \"tokens\": [51160, 10724, 264, 18325, 11, 10724, 264, 18325, 11, 51216], \"temperature\": 0.0, \"avg_logprob\": -0.19159545004367828, \"compression_ratio\": 1.9109588861465454, \"no_speech_prob\": 6.302409019554034e-05}, {\"id\": 68, \"seek\": 13976, \"start\": 156.8000030517578, \"end\": 158.39999389648438, \"text\": \" found Logan, hooked him in,\", \"tokens\": [51216, 1352, 22689, 11, 20410, 796, 294, 11, 51296], \"temperature\": 0.0, \"avg_logprob\": -0.19159545004367828, \"compression_ratio\": 1.9109588861465454, \"no_speech_prob\": 6.302409019554034e-05}, {\"id\": 69, \"seek\": 13976, \"start\": 158.39999389648438, \"end\": 160.27999877929688, \"text\": \" and now he's having to pay the consequences\", \"tokens\": [51296, 293, 586, 415, 311, 1419, 281, 1689, 264, 10098, 51390], \"temperature\": 0.0, \"avg_logprob\": -0.19159545004367828, \"compression_ratio\": 1.9109588861465454, \"no_speech_prob\": 6.302409019554034e-05}, {\"id\": 70, \"seek\": 13976, \"start\": 160.27999877929688, \"end\": 161.72000122070312, \"text\": \" for the fact that he was lied to.\", \"tokens\": [51390, 337, 264, 1186, 300, 415, 390, 20101, 281, 13, 51462], \"temperature\": 0.0, \"avg_logprob\": -0.19159545004367828, \"compression_ratio\": 1.9109588861465454, \"no_speech_prob\": 6.302409019554034e-05}, {\"id\": 71, \"seek\": 13976, \"start\": 161.72000122070312, \"end\": 162.72000122070312, \"text\": \" Now, if Logan was like,\", \"tokens\": [51462, 823, 11, 498, 22689, 390, 411, 11, 51512], \"temperature\": 0.0, \"avg_logprob\": -0.19159545004367828, \"compression_ratio\": 1.9109588861465454, \"no_speech_prob\": 6.302409019554034e-05}, {\"id\": 72, \"seek\": 13976, \"start\": 162.72000122070312, \"end\": 165.32000732421875, \"text\": \" I love the fact that my girlfriend has a high body count,\", \"tokens\": [51512, 286, 959, 264, 1186, 300, 452, 10369, 575, 257, 1090, 1772, 1207, 11, 51642], \"temperature\": 0.0, \"avg_logprob\": -0.19159545004367828, \"compression_ratio\": 1.9109588861465454, \"no_speech_prob\": 6.302409019554034e-05}, {\"id\": 73, \"seek\": 13976, \"start\": 165.32000732421875, \"end\": 168.0800018310547, \"text\": \" and I like to watch her fuck other dudes,\", \"tokens\": [51642, 293, 286, 411, 281, 1159, 720, 3275, 661, 27717, 11, 51780], \"temperature\": 0.0, \"avg_logprob\": -0.19159545004367828, \"compression_ratio\": 1.9109588861465454, \"no_speech_prob\": 6.302409019554034e-05}, {\"id\": 74, \"seek\": 13976, \"start\": 168.0800018310547, \"end\": 169.32000732421875, \"text\": \" if he had said that openly,\", \"tokens\": [51780, 498, 415, 632, 848, 300, 23109, 11, 51842], \"temperature\": 0.0, \"avg_logprob\": -0.19159545004367828, \"compression_ratio\": 1.9109588861465454, \"no_speech_prob\": 6.302409019554034e-05}, {\"id\": 75, \"seek\": 16932, \"start\": 169.8800048828125, \"end\": 170.72000122070312, \"text\": \" a lot of people would have made fun of him,\", \"tokens\": [50392, 257, 688, 295, 561, 576, 362, 1027, 1019, 295, 796, 11, 50434], \"temperature\": 0.0, \"avg_logprob\": -0.22537267208099365, \"compression_ratio\": 1.7429577112197876, \"no_speech_prob\": 0.00020661609596572816}, {\"id\": 76, \"seek\": 16932, \"start\": 170.72000122070312, \"end\": 172.8000030517578, \"text\": \" but then no one would be ridiculing him right now\", \"tokens\": [50434, 457, 550, 572, 472, 576, 312, 9276, 425, 278, 796, 558, 586, 50538], \"temperature\": 0.0, \"avg_logprob\": -0.22537267208099365, \"compression_ratio\": 1.7429577112197876, \"no_speech_prob\": 0.00020661609596572816}, {\"id\": 77, \"seek\": 16932, \"start\": 172.8000030517578, \"end\": 174.72000122070312, \"text\": \" because he would have taken the L up front.\", \"tokens\": [50538, 570, 415, 576, 362, 2726, 264, 441, 493, 1868, 13, 50634], \"temperature\": 0.0, \"avg_logprob\": -0.22537267208099365, \"compression_ratio\": 1.7429577112197876, \"no_speech_prob\": 0.00020661609596572816}, {\"id\": 78, \"seek\": 16932, \"start\": 174.72000122070312, \"end\": 177.52000427246094, \"text\": \" Now, the problem is because women are like,\", \"tokens\": [50634, 823, 11, 264, 1154, 307, 570, 2266, 366, 411, 11, 50774], \"temperature\": 0.0, \"avg_logprob\": -0.22537267208099365, \"compression_ratio\": 1.7429577112197876, \"no_speech_prob\": 0.00020661609596572816}, {\"id\": 79, \"seek\": 16932, \"start\": 177.52000427246094, \"end\": 179.24000549316406, \"text\": \" well, body count doesn't really matter.\", \"tokens\": [50774, 731, 11, 1772, 1207, 1177, 380, 534, 1871, 13, 50860], \"temperature\": 0.0, \"avg_logprob\": -0.22537267208099365, \"compression_ratio\": 1.7429577112197876, \"no_speech_prob\": 0.00020661609596572816}, {\"id\": 80, \"seek\": 16932, \"start\": 179.24000549316406, \"end\": 182.1199951171875, \"text\": \" I just, like, if you lie to your boyfriend\", \"tokens\": [50860, 286, 445, 11, 411, 11, 498, 291, 4544, 281, 428, 11457, 51004], \"temperature\": 0.0, \"avg_logprob\": -0.22537267208099365, \"compression_ratio\": 1.7429577112197876, \"no_speech_prob\": 0.00020661609596572816}, {\"id\": 81, \"seek\": 16932, \"start\": 182.1199951171875, \"end\": 183.47999572753906, \"text\": \" and say you never did porn,\", \"tokens\": [51004, 293, 584, 291, 1128, 630, 19444, 11, 51072], \"temperature\": 0.0, \"avg_logprob\": -0.22537267208099365, \"compression_ratio\": 1.7429577112197876, \"no_speech_prob\": 0.00020661609596572816}, {\"id\": 82, \"seek\": 16932, \"start\": 183.47999572753906, \"end\": 185.55999755859375, \"text\": \" and then porn of you comes out,\", \"tokens\": [51072, 293, 550, 19444, 295, 291, 1487, 484, 11, 51176], \"temperature\": 0.0, \"avg_logprob\": -0.22537267208099365, \"compression_ratio\": 1.7429577112197876, \"no_speech_prob\": 0.00020661609596572816}, {\"id\": 83, \"seek\": 16932, \"start\": 185.55999755859375, \"end\": 188.16000366210938, \"text\": \" that is, I don't think you understand,\", \"tokens\": [51176, 300, 307, 11, 286, 500, 380, 519, 291, 1223, 11, 51306], \"temperature\": 0.0, \"avg_logprob\": -0.22537267208099365, \"compression_ratio\": 1.7429577112197876, \"no_speech_prob\": 0.00020661609596572816}, {\"id\": 84, \"seek\": 16932, \"start\": 188.16000366210938, \"end\": 191.63999938964844, \"text\": \" like my business, like if porn of Kylie came out,\", \"tokens\": [51306, 411, 452, 1606, 11, 411, 498, 19444, 295, 39424, 1361, 484, 11, 51480], \"temperature\": 0.0, \"avg_logprob\": -0.22537267208099365, \"compression_ratio\": 1.7429577112197876, \"no_speech_prob\": 0.00020661609596572816}, {\"id\": 85, \"seek\": 16932, \"start\": 191.63999938964844, \"end\": 193.83999633789062, \"text\": \" that would end my business.\", \"tokens\": [51480, 300, 576, 917, 452, 1606, 13, 51590], \"temperature\": 0.0, \"avg_logprob\": -0.22537267208099365, \"compression_ratio\": 1.7429577112197876, \"no_speech_prob\": 0.00020661609596572816}, {\"id\": 86, \"seek\": 16932, \"start\": 193.83999633789062, \"end\": 195.39999389648438, \"text\": \" The opposite isn't true.\", \"tokens\": [51590, 440, 6182, 1943, 380, 2074, 13, 51668], \"temperature\": 0.0, \"avg_logprob\": -0.22537267208099365, \"compression_ratio\": 1.7429577112197876, \"no_speech_prob\": 0.00020661609596572816}, {\"id\": 87, \"seek\": 16932, \"start\": 195.39999389648438, \"end\": 197.24000549316406, \"text\": \" If porn of Adam 22 came out,\", \"tokens\": [51668, 759, 19444, 295, 7938, 5853, 1361, 484, 11, 51760], \"temperature\": 0.0, \"avg_logprob\": -0.22537267208099365, \"compression_ratio\": 1.7429577112197876, \"no_speech_prob\": 0.00020661609596572816}, {\"id\": 88, \"seek\": 19724, \"start\": 197.24000549316406, \"end\": 199.44000244140625, \"text\": \" it doesn't end the lean of the plugs business.\", \"tokens\": [50364, 309, 1177, 380, 917, 264, 11659, 295, 264, 33899, 1606, 13, 50474], \"temperature\": 0.0, \"avg_logprob\": -0.2008575201034546, \"compression_ratio\": 1.7660819292068481, \"no_speech_prob\": 0.0033764876425266266}, {\"id\": 89, \"seek\": 19724, \"start\": 199.44000244140625, \"end\": 203.1199951171875, \"text\": \" The opposite, if it turns out Logan Paul fucked a girl\", \"tokens\": [50474, 440, 6182, 11, 498, 309, 4523, 484, 22689, 4552, 22518, 257, 2013, 50658], \"temperature\": 0.0, \"avg_logprob\": -0.2008575201034546, \"compression_ratio\": 1.7660819292068481, \"no_speech_prob\": 0.0033764876425266266}, {\"id\": 90, \"seek\": 19724, \"start\": 203.1199951171875, \"end\": 204.44000244140625, \"text\": \" that he said he never fucked,\", \"tokens\": [50658, 300, 415, 848, 415, 1128, 22518, 11, 50724], \"temperature\": 0.0, \"avg_logprob\": -0.2008575201034546, \"compression_ratio\": 1.7660819292068481, \"no_speech_prob\": 0.0033764876425266266}, {\"id\": 91, \"seek\": 19724, \"start\": 204.44000244140625, \"end\": 207.60000610351562, \"text\": \" it doesn't destroy his fiance's like modeling career.\", \"tokens\": [50724, 309, 1177, 380, 5293, 702, 46552, 311, 411, 15983, 3988, 13, 50882], \"temperature\": 0.0, \"avg_logprob\": -0.2008575201034546, \"compression_ratio\": 1.7660819292068481, \"no_speech_prob\": 0.0033764876425266266}, {\"id\": 92, \"seek\": 19724, \"start\": 207.60000610351562, \"end\": 209.47999572753906, \"text\": \" It only works in one direction.\", \"tokens\": [50882, 467, 787, 1985, 294, 472, 3513, 13, 50976], \"temperature\": 0.0, \"avg_logprob\": -0.2008575201034546, \"compression_ratio\": 1.7660819292068481, \"no_speech_prob\": 0.0033764876425266266}, {\"id\": 93, \"seek\": 19724, \"start\": 209.47999572753906, \"end\": 211.0, \"text\": \" And so I really do think\", \"tokens\": [50976, 400, 370, 286, 534, 360, 519, 51052], \"temperature\": 0.0, \"avg_logprob\": -0.2008575201034546, \"compression_ratio\": 1.7660819292068481, \"no_speech_prob\": 0.0033764876425266266}, {\"id\": 94, \"seek\": 19724, \"start\": 211.0, \"end\": 213.0800018310547, \"text\": \" that there's a lot more pressure on men\", \"tokens\": [51052, 300, 456, 311, 257, 688, 544, 3321, 322, 1706, 51156], \"temperature\": 0.0, \"avg_logprob\": -0.2008575201034546, \"compression_ratio\": 1.7660819292068481, \"no_speech_prob\": 0.0033764876425266266}, {\"id\": 95, \"seek\": 19724, \"start\": 213.0800018310547, \"end\": 214.1199951171875, \"text\": \" when it comes to this kind of stuff.\", \"tokens\": [51156, 562, 309, 1487, 281, 341, 733, 295, 1507, 13, 51208], \"temperature\": 0.0, \"avg_logprob\": -0.2008575201034546, \"compression_ratio\": 1.7660819292068481, \"no_speech_prob\": 0.0033764876425266266}, {\"id\": 96, \"seek\": 19724, \"start\": 214.1199951171875, \"end\": 215.83999633789062, \"text\": \" As long as you're open about it, if you're open about it,\", \"tokens\": [51208, 1018, 938, 382, 291, 434, 1269, 466, 309, 11, 498, 291, 434, 1269, 466, 309, 11, 51294], \"temperature\": 0.0, \"avg_logprob\": -0.2008575201034546, \"compression_ratio\": 1.7660819292068481, \"no_speech_prob\": 0.0033764876425266266}, {\"id\": 97, \"seek\": 19724, \"start\": 215.83999633789062, \"end\": 218.47999572753906, \"text\": \" like if you're a male porn star dating a female porn star,\", \"tokens\": [51294, 411, 498, 291, 434, 257, 7133, 19444, 3543, 10689, 257, 6556, 19444, 3543, 11, 51426], \"temperature\": 0.0, \"avg_logprob\": -0.2008575201034546, \"compression_ratio\": 1.7660819292068481, \"no_speech_prob\": 0.0033764876425266266}, {\"id\": 98, \"seek\": 19724, \"start\": 218.47999572753906, \"end\": 220.55999755859375, \"text\": \" and both of you have been with a thousand people,\", \"tokens\": [51426, 293, 1293, 295, 291, 362, 668, 365, 257, 4714, 561, 11, 51530], \"temperature\": 0.0, \"avg_logprob\": -0.2008575201034546, \"compression_ratio\": 1.7660819292068481, \"no_speech_prob\": 0.0033764876425266266}, {\"id\": 99, \"seek\": 19724, \"start\": 220.55999755859375, \"end\": 222.27999877929688, \"text\": \" no one would tweet about it.\", \"tokens\": [51530, 572, 472, 576, 15258, 466, 309, 13, 51616], \"temperature\": 0.0, \"avg_logprob\": -0.2008575201034546, \"compression_ratio\": 1.7660819292068481, \"no_speech_prob\": 0.0033764876425266266}, {\"id\": 100, \"seek\": 19724, \"start\": 222.27999877929688, \"end\": 225.0, \"text\": \" No one cares because you have both signed the contract,\", \"tokens\": [51616, 883, 472, 12310, 570, 291, 362, 1293, 8175, 264, 4364, 11, 51752], \"temperature\": 0.0, \"avg_logprob\": -0.2008575201034546, \"compression_ratio\": 1.7660819292068481, \"no_speech_prob\": 0.0033764876425266266}, {\"id\": 101, \"seek\": 19724, \"start\": 225.0, \"end\": 226.9199981689453, \"text\": \" and the contract clearly states,\", \"tokens\": [51752, 293, 264, 4364, 4448, 4368, 11, 51848], \"temperature\": 0.0, \"avg_logprob\": -0.2008575201034546, \"compression_ratio\": 1.7660819292068481, \"no_speech_prob\": 0.0033764876425266266}, {\"id\": 102, \"seek\": 22692, \"start\": 227.75999450683594, \"end\": 229.1199951171875, \"text\": \" I have a high body count, you have a high body count.\", \"tokens\": [50406, 286, 362, 257, 1090, 1772, 1207, 11, 291, 362, 257, 1090, 1772, 1207, 13, 50474], \"temperature\": 0.0, \"avg_logprob\": -0.2595447599887848, \"compression_ratio\": 1.8727272748947144, \"no_speech_prob\": 0.0003920139861293137}, {\"id\": 103, \"seek\": 22692, \"start\": 229.1199951171875, \"end\": 231.0, \"text\": \" And we agree to that, and that's totally fine.\", \"tokens\": [50474, 400, 321, 3986, 281, 300, 11, 293, 300, 311, 3879, 2489, 13, 50568], \"temperature\": 0.0, \"avg_logprob\": -0.2595447599887848, \"compression_ratio\": 1.8727272748947144, \"no_speech_prob\": 0.0003920139861293137}, {\"id\": 104, \"seek\": 22692, \"start\": 231.0, \"end\": 231.83999633789062, \"text\": \" But that's not what's happened\", \"tokens\": [50568, 583, 300, 311, 406, 437, 311, 2011, 50610], \"temperature\": 0.0, \"avg_logprob\": -0.2595447599887848, \"compression_ratio\": 1.8727272748947144, \"no_speech_prob\": 0.0003920139861293137}, {\"id\": 105, \"seek\": 22692, \"start\": 231.83999633789062, \"end\": 233.0800018310547, \"text\": \" in the Logan Paul situation.\", \"tokens\": [50610, 294, 264, 22689, 4552, 2590, 13, 50672], \"temperature\": 0.0, \"avg_logprob\": -0.2595447599887848, \"compression_ratio\": 1.8727272748947144, \"no_speech_prob\": 0.0003920139861293137}, {\"id\": 106, \"seek\": 22692, \"start\": 233.0800018310547, \"end\": 235.52000427246094, \"text\": \" This guy has been like FTXed at this point.\", \"tokens\": [50672, 639, 2146, 575, 668, 411, 46675, 55, 292, 412, 341, 935, 13, 50794], \"temperature\": 0.0, \"avg_logprob\": -0.2595447599887848, \"compression_ratio\": 1.8727272748947144, \"no_speech_prob\": 0.0003920139861293137}, {\"id\": 107, \"seek\": 22692, \"start\": 235.52000427246094, \"end\": 238.63999938964844, \"text\": \" He has been completely honed,\", \"tokens\": [50794, 634, 575, 668, 2584, 2157, 292, 11, 50950], \"temperature\": 0.0, \"avg_logprob\": -0.2595447599887848, \"compression_ratio\": 1.8727272748947144, \"no_speech_prob\": 0.0003920139861293137}, {\"id\": 108, \"seek\": 22692, \"start\": 238.63999938964844, \"end\": 240.60000610351562, \"text\": \" like it's one of the most horrible.\", \"tokens\": [50950, 411, 309, 311, 472, 295, 264, 881, 9263, 13, 51048], \"temperature\": 0.0, \"avg_logprob\": -0.2595447599887848, \"compression_ratio\": 1.8727272748947144, \"no_speech_prob\": 0.0003920139861293137}, {\"id\": 109, \"seek\": 22692, \"start\": 240.60000610351562, \"end\": 242.67999267578125, \"text\": \" And then I see women try to stand up for her.\", \"tokens\": [51048, 400, 550, 286, 536, 2266, 853, 281, 1463, 493, 337, 720, 13, 51152], \"temperature\": 0.0, \"avg_logprob\": -0.2595447599887848, \"compression_ratio\": 1.8727272748947144, \"no_speech_prob\": 0.0003920139861293137}, {\"id\": 110, \"seek\": 22692, \"start\": 242.67999267578125, \"end\": 244.75999450683594, \"text\": \" And like, I can't believe you guys are shaming her\", \"tokens\": [51152, 400, 411, 11, 286, 393, 380, 1697, 291, 1074, 366, 402, 5184, 720, 51256], \"temperature\": 0.0, \"avg_logprob\": -0.2595447599887848, \"compression_ratio\": 1.8727272748947144, \"no_speech_prob\": 0.0003920139861293137}, {\"id\": 111, \"seek\": 22692, \"start\": 244.75999450683594, \"end\": 245.8800048828125, \"text\": \" for sleeping with all those people.\", \"tokens\": [51256, 337, 8296, 365, 439, 729, 561, 13, 51312], \"temperature\": 0.0, \"avg_logprob\": -0.2595447599887848, \"compression_ratio\": 1.8727272748947144, \"no_speech_prob\": 0.0003920139861293137}, {\"id\": 112, \"seek\": 22692, \"start\": 245.8800048828125, \"end\": 248.1199951171875, \"text\": \" No, we're shaming her for lying.\", \"tokens\": [51312, 883, 11, 321, 434, 402, 5184, 720, 337, 8493, 13, 51424], \"temperature\": 0.0, \"avg_logprob\": -0.2595447599887848, \"compression_ratio\": 1.8727272748947144, \"no_speech_prob\": 0.0003920139861293137}, {\"id\": 113, \"seek\": 22692, \"start\": 248.1199951171875, \"end\": 249.24000549316406, \"text\": \" We're shaming her for lying.\", \"tokens\": [51424, 492, 434, 402, 5184, 720, 337, 8493, 13, 51480], \"temperature\": 0.0, \"avg_logprob\": -0.2595447599887848, \"compression_ratio\": 1.8727272748947144, \"no_speech_prob\": 0.0003920139861293137}, {\"id\": 114, \"seek\": 22692, \"start\": 249.24000549316406, \"end\": 251.0800018310547, \"text\": \" We don't go on there every day and talk to,\", \"tokens\": [51480, 492, 500, 380, 352, 322, 456, 633, 786, 293, 751, 281, 11, 51572], \"temperature\": 0.0, \"avg_logprob\": -0.2595447599887848, \"compression_ratio\": 1.8727272748947144, \"no_speech_prob\": 0.0003920139861293137}, {\"id\": 115, \"seek\": 22692, \"start\": 251.0800018310547, \"end\": 253.39999389648438, \"text\": \" oh my God, I can't believe Nikki Benz slept with all the,\", \"tokens\": [51572, 1954, 452, 1265, 11, 286, 393, 380, 1697, 37907, 3964, 89, 17400, 365, 439, 264, 11, 51688], \"temperature\": 0.0, \"avg_logprob\": -0.2595447599887848, \"compression_ratio\": 1.8727272748947144, \"no_speech_prob\": 0.0003920139861293137}, {\"id\": 116, \"seek\": 22692, \"start\": 253.39999389648438, \"end\": 254.9199981689453, \"text\": \" like name whatever porn star.\", \"tokens\": [51688, 411, 1315, 2035, 19444, 3543, 13, 51764], \"temperature\": 0.0, \"avg_logprob\": -0.2595447599887848, \"compression_ratio\": 1.8727272748947144, \"no_speech_prob\": 0.0003920139861293137}, {\"id\": 117, \"seek\": 22692, \"start\": 254.9199981689453, \"end\": 256.20001220703125, \"text\": \" We don't shame them.\", \"tokens\": [51764, 492, 500, 380, 10069, 552, 13, 51828], \"temperature\": 0.0, \"avg_logprob\": -0.2595447599887848, \"compression_ratio\": 1.8727272748947144, \"no_speech_prob\": 0.0003920139861293137}, {\"id\": 118, \"seek\": 25620, \"start\": 256.239990234375, \"end\": 258.20001220703125, \"text\": \" We don't shame fucking, what's Mia,\", \"tokens\": [50366, 492, 500, 380, 10069, 5546, 11, 437, 311, 28545, 11, 50464], \"temperature\": 0.0, \"avg_logprob\": -0.2149430364370346, \"compression_ratio\": 1.8724035024642944, \"no_speech_prob\": 0.0010161278769373894}, {\"id\": 119, \"seek\": 25620, \"start\": 258.20001220703125, \"end\": 259.3999938964844, \"text\": \" well, Mia Khalifa does get shamed,\", \"tokens\": [50464, 731, 11, 28545, 27724, 29634, 775, 483, 402, 3475, 11, 50524], \"temperature\": 0.0, \"avg_logprob\": -0.2149430364370346, \"compression_ratio\": 1.8724035024642944, \"no_speech_prob\": 0.0010161278769373894}, {\"id\": 120, \"seek\": 25620, \"start\": 259.3999938964844, \"end\": 261.760009765625, \"text\": \" but that's because she lies about what she did afterwards.\", \"tokens\": [50524, 457, 300, 311, 570, 750, 9134, 466, 437, 750, 630, 10543, 13, 50642], \"temperature\": 0.0, \"avg_logprob\": -0.2149430364370346, \"compression_ratio\": 1.8724035024642944, \"no_speech_prob\": 0.0010161278769373894}, {\"id\": 121, \"seek\": 25620, \"start\": 261.760009765625, \"end\": 264.7200012207031, \"text\": \" But like, we don't shame them.\", \"tokens\": [50642, 583, 411, 11, 321, 500, 380, 10069, 552, 13, 50790], \"temperature\": 0.0, \"avg_logprob\": -0.2149430364370346, \"compression_ratio\": 1.8724035024642944, \"no_speech_prob\": 0.0010161278769373894}, {\"id\": 122, \"seek\": 25620, \"start\": 264.7200012207031, \"end\": 266.6400146484375, \"text\": \" We don't shame mainstream porn stars for doing it\", \"tokens\": [50790, 492, 500, 380, 10069, 15960, 19444, 6105, 337, 884, 309, 50886], \"temperature\": 0.0, \"avg_logprob\": -0.2149430364370346, \"compression_ratio\": 1.8724035024642944, \"no_speech_prob\": 0.0010161278769373894}, {\"id\": 123, \"seek\": 25620, \"start\": 266.6400146484375, \"end\": 267.7200012207031, \"text\": \" because they own up to it.\", \"tokens\": [50886, 570, 436, 1065, 493, 281, 309, 13, 50940], \"temperature\": 0.0, \"avg_logprob\": -0.2149430364370346, \"compression_ratio\": 1.8724035024642944, \"no_speech_prob\": 0.0010161278769373894}, {\"id\": 124, \"seek\": 25620, \"start\": 267.7200012207031, \"end\": 269.8399963378906, \"text\": \" It's the problem is that like, you don't own up to it.\", \"tokens\": [50940, 467, 311, 264, 1154, 307, 300, 411, 11, 291, 500, 380, 1065, 493, 281, 309, 13, 51046], \"temperature\": 0.0, \"avg_logprob\": -0.2149430364370346, \"compression_ratio\": 1.8724035024642944, \"no_speech_prob\": 0.0010161278769373894}, {\"id\": 125, \"seek\": 25620, \"start\": 269.8399963378906, \"end\": 271.1199951171875, \"text\": \" And then later on, it comes out\", \"tokens\": [51046, 400, 550, 1780, 322, 11, 309, 1487, 484, 51110], \"temperature\": 0.0, \"avg_logprob\": -0.2149430364370346, \"compression_ratio\": 1.8724035024642944, \"no_speech_prob\": 0.0010161278769373894}, {\"id\": 126, \"seek\": 25620, \"start\": 271.1199951171875, \"end\": 272.8399963378906, \"text\": \" that you just lied about everything.\", \"tokens\": [51110, 300, 291, 445, 20101, 466, 1203, 13, 51196], \"temperature\": 0.0, \"avg_logprob\": -0.2149430364370346, \"compression_ratio\": 1.8724035024642944, \"no_speech_prob\": 0.0010161278769373894}, {\"id\": 127, \"seek\": 25620, \"start\": 272.8399963378906, \"end\": 274.8800048828125, \"text\": \" And then you think that you shouldn't have to deal.\", \"tokens\": [51196, 400, 550, 291, 519, 300, 291, 4659, 380, 362, 281, 2028, 13, 51298], \"temperature\": 0.0, \"avg_logprob\": -0.2149430364370346, \"compression_ratio\": 1.8724035024642944, \"no_speech_prob\": 0.0010161278769373894}, {\"id\": 128, \"seek\": 25620, \"start\": 274.8800048828125, \"end\": 277.20001220703125, \"text\": \" Like, have you heard, what's her face?\", \"tokens\": [51298, 1743, 11, 362, 291, 2198, 11, 437, 311, 720, 1851, 30, 51414], \"temperature\": 0.0, \"avg_logprob\": -0.2149430364370346, \"compression_ratio\": 1.8724035024642944, \"no_speech_prob\": 0.0010161278769373894}, {\"id\": 129, \"seek\": 25620, \"start\": 277.20001220703125, \"end\": 278.6400146484375, \"text\": \" Lana Rhodes coming out and being like,\", \"tokens\": [51414, 48750, 45973, 1348, 484, 293, 885, 411, 11, 51486], \"temperature\": 0.0, \"avg_logprob\": -0.2149430364370346, \"compression_ratio\": 1.8724035024642944, \"no_speech_prob\": 0.0010161278769373894}, {\"id\": 130, \"seek\": 25620, \"start\": 278.6400146484375, \"end\": 280.79998779296875, \"text\": \" I can't believe that there's still videos\", \"tokens\": [51486, 286, 393, 380, 1697, 300, 456, 311, 920, 2145, 51594], \"temperature\": 0.0, \"avg_logprob\": -0.2149430364370346, \"compression_ratio\": 1.8724035024642944, \"no_speech_prob\": 0.0010161278769373894}, {\"id\": 131, \"seek\": 25620, \"start\": 280.79998779296875, \"end\": 284.0, \"text\": \" of me having sex with all these people that are out there.\", \"tokens\": [51594, 295, 385, 1419, 3260, 365, 439, 613, 561, 300, 366, 484, 456, 13, 51754], \"temperature\": 0.0, \"avg_logprob\": -0.2149430364370346, \"compression_ratio\": 1.8724035024642944, \"no_speech_prob\": 0.0010161278769373894}, {\"id\": 132, \"seek\": 25620, \"start\": 284.0, \"end\": 285.8399963378906, \"text\": \" I feel horrible that that's out there.\", \"tokens\": [51754, 286, 841, 9263, 300, 300, 311, 484, 456, 13, 51846], \"temperature\": 0.0, \"avg_logprob\": -0.2149430364370346, \"compression_ratio\": 1.8724035024642944, \"no_speech_prob\": 0.0010161278769373894}, {\"id\": 133, \"seek\": 28584, \"start\": 286.4800109863281, \"end\": 287.5199890136719, \"text\": \" And there should be laws passed against it.\", \"tokens\": [50396, 400, 456, 820, 312, 6064, 4678, 1970, 309, 13, 50448], \"temperature\": 0.0, \"avg_logprob\": -0.18918824195861816, \"compression_ratio\": 1.718475103378296, \"no_speech_prob\": 0.00040443241596221924}, {\"id\": 134, \"seek\": 28584, \"start\": 287.5199890136719, \"end\": 288.67999267578125, \"text\": \" And I'm like, yeah,\", \"tokens\": [50448, 400, 286, 478, 411, 11, 1338, 11, 50506], \"temperature\": 0.0, \"avg_logprob\": -0.18918824195861816, \"compression_ratio\": 1.718475103378296, \"no_speech_prob\": 0.00040443241596221924}, {\"id\": 135, \"seek\": 28584, \"start\": 288.67999267578125, \"end\": 291.239990234375, \"text\": \" but then you also could have like just not done porn.\", \"tokens\": [50506, 457, 550, 291, 611, 727, 362, 411, 445, 406, 1096, 19444, 13, 50634], \"temperature\": 0.0, \"avg_logprob\": -0.18918824195861816, \"compression_ratio\": 1.718475103378296, \"no_speech_prob\": 0.00040443241596221924}, {\"id\": 136, \"seek\": 28584, \"start\": 291.239990234375, \"end\": 292.239990234375, \"text\": \" That's another option.\", \"tokens\": [50634, 663, 311, 1071, 3614, 13, 50684], \"temperature\": 0.0, \"avg_logprob\": -0.18918824195861816, \"compression_ratio\": 1.718475103378296, \"no_speech_prob\": 0.00040443241596221924}, {\"id\": 137, \"seek\": 28584, \"start\": 292.239990234375, \"end\": 293.239990234375, \"text\": \" Do you ever think about that?\", \"tokens\": [50684, 1144, 291, 1562, 519, 466, 300, 30, 50734], \"temperature\": 0.0, \"avg_logprob\": -0.18918824195861816, \"compression_ratio\": 1.718475103378296, \"no_speech_prob\": 0.00040443241596221924}, {\"id\": 138, \"seek\": 28584, \"start\": 293.239990234375, \"end\": 294.4800109863281, \"text\": \" Also, here's a great idea.\", \"tokens\": [50734, 2743, 11, 510, 311, 257, 869, 1558, 13, 50796], \"temperature\": 0.0, \"avg_logprob\": -0.18918824195861816, \"compression_ratio\": 1.718475103378296, \"no_speech_prob\": 0.00040443241596221924}, {\"id\": 139, \"seek\": 28584, \"start\": 294.4800109863281, \"end\": 296.3599853515625, \"text\": \" Your name isn't Lana Rhodes.\", \"tokens\": [50796, 2260, 1315, 1943, 380, 48750, 45973, 13, 50890], \"temperature\": 0.0, \"avg_logprob\": -0.18918824195861816, \"compression_ratio\": 1.718475103378296, \"no_speech_prob\": 0.00040443241596221924}, {\"id\": 140, \"seek\": 28584, \"start\": 296.3599853515625, \"end\": 298.6400146484375, \"text\": \" That's your porn name that you still keep\", \"tokens\": [50890, 663, 311, 428, 19444, 1315, 300, 291, 920, 1066, 51004], \"temperature\": 0.0, \"avg_logprob\": -0.18918824195861816, \"compression_ratio\": 1.718475103378296, \"no_speech_prob\": 0.00040443241596221924}, {\"id\": 141, \"seek\": 28584, \"start\": 298.6400146484375, \"end\": 301.1199951171875, \"text\": \" and use in order to host a podcast.\", \"tokens\": [51004, 293, 764, 294, 1668, 281, 3975, 257, 7367, 13, 51128], \"temperature\": 0.0, \"avg_logprob\": -0.18918824195861816, \"compression_ratio\": 1.718475103378296, \"no_speech_prob\": 0.00040443241596221924}, {\"id\": 142, \"seek\": 28584, \"start\": 301.1199951171875, \"end\": 302.32000732421875, \"text\": \" Here's a third option.\", \"tokens\": [51128, 1692, 311, 257, 2636, 3614, 13, 51188], \"temperature\": 0.0, \"avg_logprob\": -0.18918824195861816, \"compression_ratio\": 1.718475103378296, \"no_speech_prob\": 0.00040443241596221924}, {\"id\": 143, \"seek\": 28584, \"start\": 302.32000732421875, \"end\": 306.0799865722656, \"text\": \" You're on OnlyFans still making sexual content,\", \"tokens\": [51188, 509, 434, 322, 5686, 37, 599, 920, 1455, 6701, 2701, 11, 51376], \"temperature\": 0.0, \"avg_logprob\": -0.18918824195861816, \"compression_ratio\": 1.718475103378296, \"no_speech_prob\": 0.00040443241596221924}, {\"id\": 144, \"seek\": 28584, \"start\": 306.0799865722656, \"end\": 308.0799865722656, \"text\": \" but you want the porn to be gone.\", \"tokens\": [51376, 457, 291, 528, 264, 19444, 281, 312, 2780, 13, 51476], \"temperature\": 0.0, \"avg_logprob\": -0.18918824195861816, \"compression_ratio\": 1.718475103378296, \"no_speech_prob\": 0.00040443241596221924}, {\"id\": 145, \"seek\": 28584, \"start\": 308.0799865722656, \"end\": 310.3599853515625, \"text\": \" This seems a little bit counterintuitive.\", \"tokens\": [51476, 639, 2544, 257, 707, 857, 5682, 686, 48314, 13, 51590], \"temperature\": 0.0, \"avg_logprob\": -0.18918824195861816, \"compression_ratio\": 1.718475103378296, \"no_speech_prob\": 0.00040443241596221924}, {\"id\": 146, \"seek\": 28584, \"start\": 310.3599853515625, \"end\": 313.0, \"text\": \" So the problem for me, the problem for most guys\", \"tokens\": [51590, 407, 264, 1154, 337, 385, 11, 264, 1154, 337, 881, 1074, 51722], \"temperature\": 0.0, \"avg_logprob\": -0.18918824195861816, \"compression_ratio\": 1.718475103378296, \"no_speech_prob\": 0.00040443241596221924}, {\"id\": 147, \"seek\": 28584, \"start\": 313.0, \"end\": 314.1600036621094, \"text\": \" is not that you have a high body count.\", \"tokens\": [51722, 307, 406, 300, 291, 362, 257, 1090, 1772, 1207, 13, 51780], \"temperature\": 0.0, \"avg_logprob\": -0.18918824195861816, \"compression_ratio\": 1.718475103378296, \"no_speech_prob\": 0.00040443241596221924}, {\"id\": 148, \"seek\": 28584, \"start\": 314.1600036621094, \"end\": 315.760009765625, \"text\": \" It's that you're going to lie to us about it.\", \"tokens\": [51780, 467, 311, 300, 291, 434, 516, 281, 4544, 281, 505, 466, 309, 13, 51860], \"temperature\": 0.0, \"avg_logprob\": -0.18918824195861816, \"compression_ratio\": 1.718475103378296, \"no_speech_prob\": 0.00040443241596221924}, {\"id\": 149, \"seek\": 31576, \"start\": 316.6000061035156, \"end\": 318.5199890136719, \"text\": \" And if we have a preference for not wanting to be\", \"tokens\": [50406, 400, 498, 321, 362, 257, 17502, 337, 406, 7935, 281, 312, 50502], \"temperature\": 0.0, \"avg_logprob\": -0.23889648914337158, \"compression_ratio\": 1.8275861740112305, \"no_speech_prob\": 0.0026304747443646193}, {\"id\": 150, \"seek\": 31576, \"start\": 318.5199890136719, \"end\": 319.9599914550781, \"text\": \" with a girl with a high body count,\", \"tokens\": [50502, 365, 257, 2013, 365, 257, 1090, 1772, 1207, 11, 50574], \"temperature\": 0.0, \"avg_logprob\": -0.23889648914337158, \"compression_ratio\": 1.8275861740112305, \"no_speech_prob\": 0.0026304747443646193}, {\"id\": 151, \"seek\": 31576, \"start\": 319.9599914550781, \"end\": 321.8800048828125, \"text\": \" you seem to, it seems to be okay for women\", \"tokens\": [50574, 291, 1643, 281, 11, 309, 2544, 281, 312, 1392, 337, 2266, 50670], \"temperature\": 0.0, \"avg_logprob\": -0.23889648914337158, \"compression_ratio\": 1.8275861740112305, \"no_speech_prob\": 0.0026304747443646193}, {\"id\": 152, \"seek\": 31576, \"start\": 321.8800048828125, \"end\": 323.79998779296875, \"text\": \" to have a preference for men who make a lot of money\", \"tokens\": [50670, 281, 362, 257, 17502, 337, 1706, 567, 652, 257, 688, 295, 1460, 50766], \"temperature\": 0.0, \"avg_logprob\": -0.23889648914337158, \"compression_ratio\": 1.8275861740112305, \"no_speech_prob\": 0.0026304747443646193}, {\"id\": 153, \"seek\": 31576, \"start\": 323.79998779296875, \"end\": 325.44000244140625, \"text\": \" or men who are of a certain height.\", \"tokens\": [50766, 420, 1706, 567, 366, 295, 257, 1629, 6681, 13, 50848], \"temperature\": 0.0, \"avg_logprob\": -0.23889648914337158, \"compression_ratio\": 1.8275861740112305, \"no_speech_prob\": 0.0026304747443646193}, {\"id\": 154, \"seek\": 31576, \"start\": 325.44000244140625, \"end\": 327.8399963378906, \"text\": \" That preference is never shame,\", \"tokens\": [50848, 663, 17502, 307, 1128, 10069, 11, 50968], \"temperature\": 0.0, \"avg_logprob\": -0.23889648914337158, \"compression_ratio\": 1.8275861740112305, \"no_speech_prob\": 0.0026304747443646193}, {\"id\": 155, \"seek\": 31576, \"start\": 327.8399963378906, \"end\": 330.20001220703125, \"text\": \" but the preference for me not wanting to be with a woman\", \"tokens\": [50968, 457, 264, 17502, 337, 385, 406, 7935, 281, 312, 365, 257, 3059, 51086], \"temperature\": 0.0, \"avg_logprob\": -0.23889648914337158, \"compression_ratio\": 1.8275861740112305, \"no_speech_prob\": 0.0026304747443646193}, {\"id\": 156, \"seek\": 31576, \"start\": 330.20001220703125, \"end\": 331.6000061035156, \"text\": \" who's been with a hundred dudes,\", \"tokens\": [51086, 567, 311, 668, 365, 257, 3262, 27717, 11, 51156], \"temperature\": 0.0, \"avg_logprob\": -0.23889648914337158, \"compression_ratio\": 1.8275861740112305, \"no_speech_prob\": 0.0026304747443646193}, {\"id\": 157, \"seek\": 31576, \"start\": 331.6000061035156, \"end\": 333.20001220703125, \"text\": \" all of a sudden I'm judgmental.\", \"tokens\": [51156, 439, 295, 257, 3990, 286, 478, 12216, 304, 13, 51236], \"temperature\": 0.0, \"avg_logprob\": -0.23889648914337158, \"compression_ratio\": 1.8275861740112305, \"no_speech_prob\": 0.0026304747443646193}]}"}