{"title": "Why Your Intellect Will Not Always Make You More Attractive", "video_id": "jZt0r7IqcLg", "video_url": "https://www.youtube.com/watch?v=jZt0r7IqcLg", "description": "Ready to build a network of amazing women and high-status men?\n\nMichael\u2019s Men of Action is a one-on-one Master\u2019s program that teaches men how to create elite social lives by becoming higher status.\n\nClick this link to learn how you can have a High-Status lifestyle now:\nhttps://m.moamentoring.com/podcast\n\nClick here to join the Men of Action community and watch the High-Status Networking 101 course:\nhttps://m.moamentoring.com/moa-community\n\u2014\u2014\u2014\u2014\u2014\u2014\u2014\u2014\u2014\u2014\u2014\u2014\u2014\u2014\u2014\u2014\u2014\u2014\u2014\u2014\n\nSubscribe on Youtube: \nhttps://www.youtube.com/user/MichaelSartain\n\nListen on Apple Podcast: \nhttps://podcasts.apple.com/us/podcast/the-michael-sartain-podcast/id1579791157\n\nListen on Spotify: \nhttps://open.spotify.com/show/2faAYwvDD9Bvkpwv6umlPO?si=8Q3ak9HnSlKjuChsTXr6YQ&dl_branch=1", "published_at": "2023-04-25T22:15:02Z", "channel_id": "UC0T1bDzajVefRWx4uKdGyuw", "channel_title": "Michael Sartain", "tags": [], "category_id": "24", "live_broadcast_content": "none", "duration": 37.0, "dimension": "2d", "definition": "hd", "caption": "false", "view_count": 5109, "like_count": 196, "comment_count": 8, "channel_info": {"title": "Michael Sartain", "description": "\ud83c\udf99Host of The\u00a0Michael Sartain Podcast \n\n\ud83d\udd25Teaching you how to build a network of desirable women and high-status men\n\n\ud83d\udc47 Click the \"Men of Action\" link below now to forge a high-status lifestyle and join the elites \n", "subscriber_count": "80500", "total_views": "29545897", "total_videos": "1481"}, "comments": [], "file_path": "/Users/aelaguiz/workspace/fc_book/audio/raws/jZt0r7IqcLg.mp3", "transcription": "{\"text\": \"Hey man, I just want to let you know I asked you a question and now you're f***ing looking at me. I give them a response and they just kind of look like this. One of the problems is a lot of these guys are very intelligent. So what they think is my massive intelligence will make up for the fact that I'm socially uncalibrated when they don't realize that to be cool in a group of beautiful women in just a place where you're having fun with a group of people, in order to do that, you have to dumb it down. And when you tell them that they have to dumb it down, bro, they don't believe. They think, no, my intellect will make these women become attracted to me. And it's not the case. When you tell the story, you have to give context to the story. And it's so hard for some of these dudes to understand. \", \"segments\": [{\"id\": 0, \"seek\": 0, \"start\": 0.0, \"end\": 3.200000047683716, \"text\": \" Hey man, I just want to let you know I asked you a question and now you're f***ing looking\", \"tokens\": [50364, 1911, 587, 11, 286, 445, 528, 281, 718, 291, 458, 286, 2351, 291, 257, 1168, 293, 586, 291, 434, 283, 13684, 278, 1237, 50524], \"temperature\": 0.0, \"avg_logprob\": -0.2701612710952759, \"compression_ratio\": 1.7989130020141602, \"no_speech_prob\": 0.05175916850566864}, {\"id\": 1, \"seek\": 0, \"start\": 3.200000047683716, \"end\": 4.199999809265137, \"text\": \" at me.\", \"tokens\": [50524, 412, 385, 13, 50574], \"temperature\": 0.0, \"avg_logprob\": -0.2701612710952759, \"compression_ratio\": 1.7989130020141602, \"no_speech_prob\": 0.05175916850566864}, {\"id\": 2, \"seek\": 0, \"start\": 4.199999809265137, \"end\": 6.119999885559082, \"text\": \" I give them a response and they just kind of look like this.\", \"tokens\": [50574, 286, 976, 552, 257, 4134, 293, 436, 445, 733, 295, 574, 411, 341, 13, 50670], \"temperature\": 0.0, \"avg_logprob\": -0.2701612710952759, \"compression_ratio\": 1.7989130020141602, \"no_speech_prob\": 0.05175916850566864}, {\"id\": 3, \"seek\": 0, \"start\": 6.119999885559082, \"end\": 8.520000457763672, \"text\": \" One of the problems is a lot of these guys are very intelligent.\", \"tokens\": [50670, 1485, 295, 264, 2740, 307, 257, 688, 295, 613, 1074, 366, 588, 13232, 13, 50790], \"temperature\": 0.0, \"avg_logprob\": -0.2701612710952759, \"compression_ratio\": 1.7989130020141602, \"no_speech_prob\": 0.05175916850566864}, {\"id\": 4, \"seek\": 0, \"start\": 8.520000457763672, \"end\": 12.800000190734863, \"text\": \" So what they think is my massive intelligence will make up for the fact that I'm socially\", \"tokens\": [50790, 407, 437, 436, 519, 307, 452, 5994, 7599, 486, 652, 493, 337, 264, 1186, 300, 286, 478, 21397, 51004], \"temperature\": 0.0, \"avg_logprob\": -0.2701612710952759, \"compression_ratio\": 1.7989130020141602, \"no_speech_prob\": 0.05175916850566864}, {\"id\": 5, \"seek\": 0, \"start\": 12.800000190734863, \"end\": 17.68000030517578, \"text\": \" uncalibrated when they don't realize that to be cool in a group of beautiful women in\", \"tokens\": [51004, 6219, 304, 897, 5468, 562, 436, 500, 380, 4325, 300, 281, 312, 1627, 294, 257, 1594, 295, 2238, 2266, 294, 51248], \"temperature\": 0.0, \"avg_logprob\": -0.2701612710952759, \"compression_ratio\": 1.7989130020141602, \"no_speech_prob\": 0.05175916850566864}, {\"id\": 6, \"seek\": 0, \"start\": 17.68000030517578, \"end\": 21.600000381469727, \"text\": \" just a place where you're having fun with a group of people, in order to do that, you\", \"tokens\": [51248, 445, 257, 1081, 689, 291, 434, 1419, 1019, 365, 257, 1594, 295, 561, 11, 294, 1668, 281, 360, 300, 11, 291, 51444], \"temperature\": 0.0, \"avg_logprob\": -0.2701612710952759, \"compression_ratio\": 1.7989130020141602, \"no_speech_prob\": 0.05175916850566864}, {\"id\": 7, \"seek\": 0, \"start\": 21.600000381469727, \"end\": 23.200000762939453, \"text\": \" have to dumb it down.\", \"tokens\": [51444, 362, 281, 10316, 309, 760, 13, 51524], \"temperature\": 0.0, \"avg_logprob\": -0.2701612710952759, \"compression_ratio\": 1.7989130020141602, \"no_speech_prob\": 0.05175916850566864}, {\"id\": 8, \"seek\": 0, \"start\": 23.200000762939453, \"end\": 26.0, \"text\": \" And when you tell them that they have to dumb it down, bro, they don't believe.\", \"tokens\": [51524, 400, 562, 291, 980, 552, 300, 436, 362, 281, 10316, 309, 760, 11, 2006, 11, 436, 500, 380, 1697, 13, 51664], \"temperature\": 0.0, \"avg_logprob\": -0.2701612710952759, \"compression_ratio\": 1.7989130020141602, \"no_speech_prob\": 0.05175916850566864}, {\"id\": 9, \"seek\": 0, \"start\": 26.0, \"end\": 29.68000030517578, \"text\": \" They think, no, my intellect will make these women become attracted to me.\", \"tokens\": [51664, 814, 519, 11, 572, 11, 452, 10058, 486, 652, 613, 2266, 1813, 15912, 281, 385, 13, 51848], \"temperature\": 0.0, \"avg_logprob\": -0.2701612710952759, \"compression_ratio\": 1.7989130020141602, \"no_speech_prob\": 0.05175916850566864}, {\"id\": 10, \"seek\": 2968, \"start\": 29.68000030517578, \"end\": 30.68000030517578, \"text\": \" And it's not the case.\", \"tokens\": [50364, 400, 309, 311, 406, 264, 1389, 13, 50414], \"temperature\": 0.0, \"avg_logprob\": -0.31844818592071533, \"compression_ratio\": 1.327102780342102, \"no_speech_prob\": 0.9931250810623169}, {\"id\": 11, \"seek\": 2968, \"start\": 30.68000030517578, \"end\": 33.79999923706055, \"text\": \" When you tell the story, you have to give context to the story.\", \"tokens\": [50414, 1133, 291, 980, 264, 1657, 11, 291, 362, 281, 976, 4319, 281, 264, 1657, 13, 50570], \"temperature\": 0.0, \"avg_logprob\": -0.31844818592071533, \"compression_ratio\": 1.327102780342102, \"no_speech_prob\": 0.9931250810623169}, {\"id\": 12, \"seek\": 2968, \"start\": 33.79999923706055, \"end\": 36.0, \"text\": \" And it's so hard for some of these dudes to understand.\", \"tokens\": [50570, 400, 309, 311, 370, 1152, 337, 512, 295, 613, 27717, 281, 1223, 13, 50680], \"temperature\": 0.0, \"avg_logprob\": -0.31844818592071533, \"compression_ratio\": 1.327102780342102, \"no_speech_prob\": 0.9931250810623169}]}"}