{"title": "Gambling for @loganpaulvlogs @RyanGarcia @MikeMajlakVlogs: @dirtygothboi \ufffc", "video_id": "KDUPkxpv1Ps", "video_url": "https://www.youtube.com/watch?v=KDUPkxpv1Ps", "description": "Watch the full video here:\ufffc\nhttps://youtu.be/wuIMxQkeAUk", "published_at": "2022-09-05T18:55:17Z", "channel_id": "UC0T1bDzajVefRWx4uKdGyuw", "channel_title": "Michael Sartain", "tags": [], "category_id": "24", "live_broadcast_content": "none", "duration": 61.0, "dimension": "2d", "definition": "hd", "caption": "false", "view_count": 5887, "like_count": 65, "comment_count": 3, "channel_info": {"title": "Michael Sartain", "description": "\ud83c\udf99Host of The\u00a0Michael Sartain Podcast \n\n\ud83d\udd25Teaching you how to build a network of desirable women and high-status men\n\n\ud83d\udc47 Click the \"Men of Action\" link below now to forge a high-status lifestyle and join the elites \n", "subscriber_count": "80500", "total_views": "29545897", "total_videos": "1481"}, "comments": [], "file_path": "/Users/aelaguiz/workspace/fc_book/audio/raws/KDUPkxpv1Ps.mp3", "transcription": "{\"text\": \"You have celebrities give you money to gamble? Yeah. Obviously Mikey from Impulsive. Oh yeah, that's my dog. I won a million bucks for him and Logan Paul. Okay. And Ryan Garcia. I'm gonna play, oh I'm playing with Ryan on Thursday. Okay. I'm playing against Ryan actually. So for a lot of people who might be confused, you're like, well I'm not that famous. You went on, you talked to Mikey from Impulsive and you also went on No Jumper. Like that's about as big as it gets. I have about a hundred million views on YouTube. The thing is that I have my own YouTube channel. It's also Dirty Goth Boy. Same as my TikTok and Instagram, but I don't use it. So what I really do is I make appearances on everybody's page. Like when Lil Baby posts me, when Drake posts me, when Key Glock posts me, whoever it may be. When all these people are posting me, the exposure I'm getting is roughly a reach of one billion people. Roughly one billion people have seen my face and heard my name and know who I am. But it doesn't always convert to my page. It's what I was saying, how these guys are saying I'm way more famous than my Instagram looks. Yeah, no, for sure. Young Jeezy used to say, I'm your favorite rapper's favorite rapper. Yeah, yeah. He's not the most famous rapper, but I think my favorite rapper's favorite rapper is Project Pat, right? That's the reason why I want him on the show. I think he's like, he gets \", \"segments\": [{\"id\": 0, \"seek\": 0, \"start\": 0.0, \"end\": 1.7000000476837158, \"text\": \" You have celebrities give you money to gamble?\", \"tokens\": [50364, 509, 362, 23200, 976, 291, 1460, 281, 44128, 30, 50449], \"temperature\": 0.0, \"avg_logprob\": -0.27653032541275024, \"compression_ratio\": 1.6959619522094727, \"no_speech_prob\": 0.278068482875824}, {\"id\": 1, \"seek\": 0, \"start\": 1.7000000476837158, \"end\": 2.0399999618530273, \"text\": \" Yeah.\", \"tokens\": [50449, 865, 13, 50466], \"temperature\": 0.0, \"avg_logprob\": -0.27653032541275024, \"compression_ratio\": 1.6959619522094727, \"no_speech_prob\": 0.278068482875824}, {\"id\": 2, \"seek\": 0, \"start\": 2.0399999618530273, \"end\": 3.740000009536743, \"text\": \" Obviously Mikey from Impulsive.\", \"tokens\": [50466, 7580, 42344, 490, 8270, 32657, 13, 50551], \"temperature\": 0.0, \"avg_logprob\": -0.27653032541275024, \"compression_ratio\": 1.6959619522094727, \"no_speech_prob\": 0.278068482875824}, {\"id\": 3, \"seek\": 0, \"start\": 3.740000009536743, \"end\": 5.039999961853027, \"text\": \" Oh yeah, that's my dog.\", \"tokens\": [50551, 876, 1338, 11, 300, 311, 452, 3000, 13, 50616], \"temperature\": 0.0, \"avg_logprob\": -0.27653032541275024, \"compression_ratio\": 1.6959619522094727, \"no_speech_prob\": 0.278068482875824}, {\"id\": 4, \"seek\": 0, \"start\": 5.039999961853027, \"end\": 6.800000190734863, \"text\": \" I won a million bucks for him and Logan Paul.\", \"tokens\": [50616, 286, 1582, 257, 2459, 11829, 337, 796, 293, 22689, 4552, 13, 50704], \"temperature\": 0.0, \"avg_logprob\": -0.27653032541275024, \"compression_ratio\": 1.6959619522094727, \"no_speech_prob\": 0.278068482875824}, {\"id\": 5, \"seek\": 0, \"start\": 6.800000190734863, \"end\": 7.039999961853027, \"text\": \" Okay.\", \"tokens\": [50704, 1033, 13, 50716], \"temperature\": 0.0, \"avg_logprob\": -0.27653032541275024, \"compression_ratio\": 1.6959619522094727, \"no_speech_prob\": 0.278068482875824}, {\"id\": 6, \"seek\": 0, \"start\": 7.039999961853027, \"end\": 7.840000152587891, \"text\": \" And Ryan Garcia.\", \"tokens\": [50716, 400, 9116, 33738, 13, 50756], \"temperature\": 0.0, \"avg_logprob\": -0.27653032541275024, \"compression_ratio\": 1.6959619522094727, \"no_speech_prob\": 0.278068482875824}, {\"id\": 7, \"seek\": 0, \"start\": 7.840000152587891, \"end\": 9.640000343322754, \"text\": \" I'm gonna play, oh I'm playing with Ryan on Thursday.\", \"tokens\": [50756, 286, 478, 799, 862, 11, 1954, 286, 478, 2433, 365, 9116, 322, 10383, 13, 50846], \"temperature\": 0.0, \"avg_logprob\": -0.27653032541275024, \"compression_ratio\": 1.6959619522094727, \"no_speech_prob\": 0.278068482875824}, {\"id\": 8, \"seek\": 0, \"start\": 9.640000343322754, \"end\": 9.979999542236328, \"text\": \" Okay.\", \"tokens\": [50846, 1033, 13, 50863], \"temperature\": 0.0, \"avg_logprob\": -0.27653032541275024, \"compression_ratio\": 1.6959619522094727, \"no_speech_prob\": 0.278068482875824}, {\"id\": 9, \"seek\": 0, \"start\": 9.979999542236328, \"end\": 11.180000305175781, \"text\": \" I'm playing against Ryan actually.\", \"tokens\": [50863, 286, 478, 2433, 1970, 9116, 767, 13, 50923], \"temperature\": 0.0, \"avg_logprob\": -0.27653032541275024, \"compression_ratio\": 1.6959619522094727, \"no_speech_prob\": 0.278068482875824}, {\"id\": 10, \"seek\": 0, \"start\": 11.180000305175781, \"end\": 12.84000015258789, \"text\": \" So for a lot of people who might be confused,\", \"tokens\": [50923, 407, 337, 257, 688, 295, 561, 567, 1062, 312, 9019, 11, 51006], \"temperature\": 0.0, \"avg_logprob\": -0.27653032541275024, \"compression_ratio\": 1.6959619522094727, \"no_speech_prob\": 0.278068482875824}, {\"id\": 11, \"seek\": 0, \"start\": 12.84000015258789, \"end\": 14.4399995803833, \"text\": \" you're like, well I'm not that famous.\", \"tokens\": [51006, 291, 434, 411, 11, 731, 286, 478, 406, 300, 4618, 13, 51086], \"temperature\": 0.0, \"avg_logprob\": -0.27653032541275024, \"compression_ratio\": 1.6959619522094727, \"no_speech_prob\": 0.278068482875824}, {\"id\": 12, \"seek\": 0, \"start\": 14.4399995803833, \"end\": 16.3799991607666, \"text\": \" You went on, you talked to Mikey from Impulsive\", \"tokens\": [51086, 509, 1437, 322, 11, 291, 2825, 281, 42344, 490, 8270, 32657, 51183], \"temperature\": 0.0, \"avg_logprob\": -0.27653032541275024, \"compression_ratio\": 1.6959619522094727, \"no_speech_prob\": 0.278068482875824}, {\"id\": 13, \"seek\": 0, \"start\": 16.3799991607666, \"end\": 17.780000686645508, \"text\": \" and you also went on No Jumper.\", \"tokens\": [51183, 293, 291, 611, 1437, 322, 883, 508, 449, 610, 13, 51253], \"temperature\": 0.0, \"avg_logprob\": -0.27653032541275024, \"compression_ratio\": 1.6959619522094727, \"no_speech_prob\": 0.278068482875824}, {\"id\": 14, \"seek\": 0, \"start\": 17.780000686645508, \"end\": 19.31999969482422, \"text\": \" Like that's about as big as it gets.\", \"tokens\": [51253, 1743, 300, 311, 466, 382, 955, 382, 309, 2170, 13, 51330], \"temperature\": 0.0, \"avg_logprob\": -0.27653032541275024, \"compression_ratio\": 1.6959619522094727, \"no_speech_prob\": 0.278068482875824}, {\"id\": 15, \"seek\": 0, \"start\": 19.31999969482422, \"end\": 21.020000457763672, \"text\": \" I have about a hundred million views on YouTube.\", \"tokens\": [51330, 286, 362, 466, 257, 3262, 2459, 6809, 322, 3088, 13, 51415], \"temperature\": 0.0, \"avg_logprob\": -0.27653032541275024, \"compression_ratio\": 1.6959619522094727, \"no_speech_prob\": 0.278068482875824}, {\"id\": 16, \"seek\": 0, \"start\": 21.020000457763672, \"end\": 22.719999313354492, \"text\": \" The thing is that I have my own YouTube channel.\", \"tokens\": [51415, 440, 551, 307, 300, 286, 362, 452, 1065, 3088, 2269, 13, 51500], \"temperature\": 0.0, \"avg_logprob\": -0.27653032541275024, \"compression_ratio\": 1.6959619522094727, \"no_speech_prob\": 0.278068482875824}, {\"id\": 17, \"seek\": 0, \"start\": 22.719999313354492, \"end\": 23.959999084472656, \"text\": \" It's also Dirty Goth Boy.\", \"tokens\": [51500, 467, 311, 611, 413, 9340, 27305, 9486, 13, 51562], \"temperature\": 0.0, \"avg_logprob\": -0.27653032541275024, \"compression_ratio\": 1.6959619522094727, \"no_speech_prob\": 0.278068482875824}, {\"id\": 18, \"seek\": 0, \"start\": 23.959999084472656, \"end\": 26.420000076293945, \"text\": \" Same as my TikTok and Instagram, but I don't use it.\", \"tokens\": [51562, 10635, 382, 452, 20211, 293, 5281, 11, 457, 286, 500, 380, 764, 309, 13, 51685], \"temperature\": 0.0, \"avg_logprob\": -0.27653032541275024, \"compression_ratio\": 1.6959619522094727, \"no_speech_prob\": 0.278068482875824}, {\"id\": 19, \"seek\": 0, \"start\": 26.420000076293945, \"end\": 28.1200008392334, \"text\": \" So what I really do is I make appearances\", \"tokens\": [51685, 407, 437, 286, 534, 360, 307, 286, 652, 29174, 51770], \"temperature\": 0.0, \"avg_logprob\": -0.27653032541275024, \"compression_ratio\": 1.6959619522094727, \"no_speech_prob\": 0.278068482875824}, {\"id\": 20, \"seek\": 0, \"start\": 28.1200008392334, \"end\": 29.100000381469727, \"text\": \" on everybody's page.\", \"tokens\": [51770, 322, 2201, 311, 3028, 13, 51819], \"temperature\": 0.0, \"avg_logprob\": -0.27653032541275024, \"compression_ratio\": 1.6959619522094727, \"no_speech_prob\": 0.278068482875824}, {\"id\": 21, \"seek\": 2910, \"start\": 29.260000228881836, \"end\": 33.0, \"text\": \" Like when Lil Baby posts me, when Drake posts me,\", \"tokens\": [50372, 1743, 562, 23454, 9425, 12300, 385, 11, 562, 27465, 12300, 385, 11, 50559], \"temperature\": 0.0, \"avg_logprob\": -0.31472885608673096, \"compression_ratio\": 1.813008189201355, \"no_speech_prob\": 0.0003199903294444084}, {\"id\": 22, \"seek\": 2910, \"start\": 33.0, \"end\": 36.0, \"text\": \" when Key Glock posts me, whoever it may be.\", \"tokens\": [50559, 562, 12759, 460, 4102, 12300, 385, 11, 11387, 309, 815, 312, 13, 50709], \"temperature\": 0.0, \"avg_logprob\": -0.31472885608673096, \"compression_ratio\": 1.813008189201355, \"no_speech_prob\": 0.0003199903294444084}, {\"id\": 23, \"seek\": 2910, \"start\": 36.0, \"end\": 37.400001525878906, \"text\": \" When all these people are posting me,\", \"tokens\": [50709, 1133, 439, 613, 561, 366, 15978, 385, 11, 50779], \"temperature\": 0.0, \"avg_logprob\": -0.31472885608673096, \"compression_ratio\": 1.813008189201355, \"no_speech_prob\": 0.0003199903294444084}, {\"id\": 24, \"seek\": 2910, \"start\": 37.400001525878906, \"end\": 39.2400016784668, \"text\": \" the exposure I'm getting is roughly a reach\", \"tokens\": [50779, 264, 10420, 286, 478, 1242, 307, 9810, 257, 2524, 50871], \"temperature\": 0.0, \"avg_logprob\": -0.31472885608673096, \"compression_ratio\": 1.813008189201355, \"no_speech_prob\": 0.0003199903294444084}, {\"id\": 25, \"seek\": 2910, \"start\": 39.2400016784668, \"end\": 40.34000015258789, \"text\": \" of one billion people.\", \"tokens\": [50871, 295, 472, 5218, 561, 13, 50926], \"temperature\": 0.0, \"avg_logprob\": -0.31472885608673096, \"compression_ratio\": 1.813008189201355, \"no_speech_prob\": 0.0003199903294444084}, {\"id\": 26, \"seek\": 2910, \"start\": 40.34000015258789, \"end\": 42.20000076293945, \"text\": \" Roughly one billion people have seen my face\", \"tokens\": [50926, 42791, 356, 472, 5218, 561, 362, 1612, 452, 1851, 51019], \"temperature\": 0.0, \"avg_logprob\": -0.31472885608673096, \"compression_ratio\": 1.813008189201355, \"no_speech_prob\": 0.0003199903294444084}, {\"id\": 27, \"seek\": 2910, \"start\": 42.20000076293945, \"end\": 44.29999923706055, \"text\": \" and heard my name and know who I am.\", \"tokens\": [51019, 293, 2198, 452, 1315, 293, 458, 567, 286, 669, 13, 51124], \"temperature\": 0.0, \"avg_logprob\": -0.31472885608673096, \"compression_ratio\": 1.813008189201355, \"no_speech_prob\": 0.0003199903294444084}, {\"id\": 28, \"seek\": 2910, \"start\": 44.29999923706055, \"end\": 45.599998474121094, \"text\": \" But it doesn't always convert to my page.\", \"tokens\": [51124, 583, 309, 1177, 380, 1009, 7620, 281, 452, 3028, 13, 51189], \"temperature\": 0.0, \"avg_logprob\": -0.31472885608673096, \"compression_ratio\": 1.813008189201355, \"no_speech_prob\": 0.0003199903294444084}, {\"id\": 29, \"seek\": 2910, \"start\": 45.599998474121094, \"end\": 47.31999969482422, \"text\": \" It's what I was saying, how these guys are saying\", \"tokens\": [51189, 467, 311, 437, 286, 390, 1566, 11, 577, 613, 1074, 366, 1566, 51275], \"temperature\": 0.0, \"avg_logprob\": -0.31472885608673096, \"compression_ratio\": 1.813008189201355, \"no_speech_prob\": 0.0003199903294444084}, {\"id\": 30, \"seek\": 2910, \"start\": 47.31999969482422, \"end\": 49.720001220703125, \"text\": \" I'm way more famous than my Instagram looks.\", \"tokens\": [51275, 286, 478, 636, 544, 4618, 813, 452, 5281, 1542, 13, 51395], \"temperature\": 0.0, \"avg_logprob\": -0.31472885608673096, \"compression_ratio\": 1.813008189201355, \"no_speech_prob\": 0.0003199903294444084}, {\"id\": 31, \"seek\": 2910, \"start\": 49.720001220703125, \"end\": 50.97999954223633, \"text\": \" Yeah, no, for sure.\", \"tokens\": [51395, 865, 11, 572, 11, 337, 988, 13, 51458], \"temperature\": 0.0, \"avg_logprob\": -0.31472885608673096, \"compression_ratio\": 1.813008189201355, \"no_speech_prob\": 0.0003199903294444084}, {\"id\": 32, \"seek\": 2910, \"start\": 50.97999954223633, \"end\": 52.220001220703125, \"text\": \" Young Jeezy used to say, I'm your favorite rapper's\", \"tokens\": [51458, 8160, 508, 1653, 1229, 1143, 281, 584, 11, 286, 478, 428, 2954, 26457, 311, 51520], \"temperature\": 0.0, \"avg_logprob\": -0.31472885608673096, \"compression_ratio\": 1.813008189201355, \"no_speech_prob\": 0.0003199903294444084}, {\"id\": 33, \"seek\": 2910, \"start\": 52.220001220703125, \"end\": 52.97999954223633, \"text\": \" favorite rapper.\", \"tokens\": [51520, 2954, 26457, 13, 51558], \"temperature\": 0.0, \"avg_logprob\": -0.31472885608673096, \"compression_ratio\": 1.813008189201355, \"no_speech_prob\": 0.0003199903294444084}, {\"id\": 34, \"seek\": 2910, \"start\": 52.97999954223633, \"end\": 54.15999984741211, \"text\": \" Yeah, yeah.\", \"tokens\": [51558, 865, 11, 1338, 13, 51617], \"temperature\": 0.0, \"avg_logprob\": -0.31472885608673096, \"compression_ratio\": 1.813008189201355, \"no_speech_prob\": 0.0003199903294444084}, {\"id\": 35, \"seek\": 2910, \"start\": 54.15999984741211, \"end\": 55.18000030517578, \"text\": \" He's not the most famous rapper, but I think\", \"tokens\": [51617, 634, 311, 406, 264, 881, 4618, 26457, 11, 457, 286, 519, 51668], \"temperature\": 0.0, \"avg_logprob\": -0.31472885608673096, \"compression_ratio\": 1.813008189201355, \"no_speech_prob\": 0.0003199903294444084}, {\"id\": 36, \"seek\": 2910, \"start\": 55.18000030517578, \"end\": 56.52000045776367, \"text\": \" my favorite rapper's favorite rapper\", \"tokens\": [51668, 452, 2954, 26457, 311, 2954, 26457, 51735], \"temperature\": 0.0, \"avg_logprob\": -0.31472885608673096, \"compression_ratio\": 1.813008189201355, \"no_speech_prob\": 0.0003199903294444084}, {\"id\": 37, \"seek\": 2910, \"start\": 56.52000045776367, \"end\": 57.58000183105469, \"text\": \" is Project Pat, right?\", \"tokens\": [51735, 307, 9849, 4379, 11, 558, 30, 51788], \"temperature\": 0.0, \"avg_logprob\": -0.31472885608673096, \"compression_ratio\": 1.813008189201355, \"no_speech_prob\": 0.0003199903294444084}, {\"id\": 38, \"seek\": 2910, \"start\": 57.58000183105469, \"end\": 58.91999816894531, \"text\": \" That's the reason why I want him on the show.\", \"tokens\": [51788, 663, 311, 264, 1778, 983, 286, 528, 796, 322, 264, 855, 13, 51855], \"temperature\": 0.0, \"avg_logprob\": -0.31472885608673096, \"compression_ratio\": 1.813008189201355, \"no_speech_prob\": 0.0003199903294444084}, {\"id\": 39, \"seek\": 5892, \"start\": 58.91999816894531, \"end\": 60.91999816894531, \"text\": \" I think he's like, he gets\", \"tokens\": [50412, 286, 519, 415, 311, 411, 11, 415, 2170, 50464], \"temperature\": 0.0, \"avg_logprob\": -0.4966718852519989, \"compression_ratio\": 0.8125, \"no_speech_prob\": 0.38429632782936096}]}"}