{"title": "The Story Of Flex Lewis' Viral Interview Video With The Blonde Interviewer", "video_id": "KfO0x-GHwWg", "video_url": "https://www.youtube.com/watch?v=KfO0x-GHwWg", "description": "Watch The Full Thing Here : https://youtu.be/l-9XBhLmrq0?si=ihl772jgElgf-M1M\n\u2014\u2014\u2014\u2014\u2014\u2014\u2014\u2014\u2014\u2014\u2014\u2014\u2014\u2014\u2014\u2014\u2014\u2014\u2014\u2014\nFREE: Meet signed models and attend VIP-only events in 7 days:\nhttps://m.moamentoring.com/podcast\n\nFREE: Join the Men of Action community and get access to Michael and the Men of Action team:\nhttps://m.moamentoring.com/moa-community\n\nFREE: Get instant access to the exclusive High-Status Networking course:\nhttps://m.moamentoring.com/high-status-mini-course-yt\n\nWant to make $5k-$20k/mo working from home? Apply for the sales team here:\nhttps://m.moamentoring.com/remote-sales-yt\n\nMen of Action has an affiliate program! Post pre-made content and get paid passively:\nhttps://m.moamentoring.com/affiliate-yt\n\nMichael's Men of Action is a one-on-one Master's program that teaches men how to create elite social lives by becoming higher status.\n\u2014\u2014\u2014\u2014\u2014\u2014\u2014\u2014\u2014\u2014\u2014\u2014\u2014\u2014\u2014\u2014\u2014\u2014\u2014\u2014\n\nSubscribe on Youtube: \nhttps://www.youtube.com/user/MichaelSartain\n\nListen on Apple Podcast: \nhttps://podcasts.apple.com/us/podcast/the-michael-sartain-podcast/id1579791157\n\nListen on Spotify: \nhttps://open.spotify.com/show/2faAYwvDD9Bvkpwv6umlPO?si=8Q3ak9HnSlKjuChsTXr6YQ&dl_branch=1\n\n#michael #michaelsartain #michael_sartain #michael_sartain_podcast", "published_at": "2023-12-13T21:30:02Z", "channel_id": "UC0T1bDzajVefRWx4uKdGyuw", "channel_title": "Michael Sartain", "tags": ["Michael", "Michael Sartain", "Michael Sartain Podcast", "Michael Podcast", "MOA", "Men Of Action", "Michael Sartain Course", "Michael Sartain With Hot Women", "Playboy", "Swimsuit", "Swimsuit Competition", "ichael sartain social circle", "social circle", "how to netowrk", "moa", "moa podcast", "gender wage gap", "gender wage gap myth", "wage gap", "social value", "michael sartain course", "looks money status", "social circle mentorship", "michael sartain social circle game", "men of action podcast", "men of action course"], "category_id": "24", "live_broadcast_content": "none", "duration": 238.0, "dimension": "2d", "definition": "hd", "caption": "false", "view_count": 18925, "like_count": 404, "comment_count": 31, "channel_info": {"title": "Michael Sartain", "description": "\ud83c\udf99Host of The\u00a0Michael Sartain Podcast \n\n\ud83d\udd25Teaching you how to build a network of desirable women and high-status men\n\n\ud83d\udc47 Click the \"Men of Action\" link below now to forge a high-status lifestyle and join the elites \n", "subscriber_count": "80500", "total_views": "29545897", "total_videos": "1481"}, "comments": [], "file_path": "/Users/aelaguiz/workspace/fc_book/audio/raws/KfO0x-GHwWg.mp3", "transcription": "{\"text\": \"So when this, this video keeps on popping up, people will send it to me and go flex. Is this you like what I've seen this so many times. I can't believe it's you. There's a video that all of us have seen that is going viral. And you already know where I'm going with this and flex. Do you know how many people didn't even realize this was you because you are much younger and you don't have a beard and you know what I'm talking about? It's the 2011 British grand prix where there's this pretty blonde who is, who is interviewing you in front of your wife. And she looks like she is about to jump out of her clothes and jump on you. And I'm sure you, you've had a million comments. I saw this on your, uh, on your YouTube. Uh, I, I see dating coaches show this video all the time. The argument about the dad bod, which is a myth, guys, it's a myth. Women are telling you they like the dad bod cause they want you to stay at home and not fuck other women. Women don't like the dad bod. That is a myth. That is not true. That's just what, that's something that women say for comfort. Women like athletic men who have broad shoulders and six pack abs. They say it because their husbands have the dad bod. Exactly. Exactly. Right. And they show whenever they do the dad bod myth, they always show that video of you getting interviewed at the 2011 grand prix. Can you tell me, what do you remember? She looks like she's about to cry. And when they show the video, they cut your wife out of it. So they don't even realize like, and my girlfriend is like the audacity of this woman looking like she's going to fuck flex right there. You know? So can you tell me what, what's the story? But obviously you, you have a history. She knew you and your wife. What was that whole thing about? So this, this, just to say to there's people that have been in my life for a long time, but just recently discovered that this was me that I presume they knew. Yeah. So when this, this video keeps on popping up, people will send it to me and go flex. Is this you like what I've seen this so many times. I can't believe it's you. So this, this is not the, the, the, the, the comical side, because the, the reason why she got the way she did is because she was talking to my mother was, my mother was supposed to be in present in the show and she was battling cancer. Yeah. So she got emotion. She got filled up full of motion and I was kind of fighting back the tears too. And, um, I don't know how she was like biting a lip and everything else. If she was on, if you told me she was on Molly, I would be like, okay, that makes sense. She was on Molly. I understand what was going on, but for the most part, it had nothing to do with anything that has been spun into. But this is the meme that keeps on living. I got another meme too, but I'm sitting down. I don't know if you've ever seen it, but I'm sitting down on the, on the sofa with a laptop and so many people send, send this to me because this has been ripped now. And it's, I guess it's in like the anime space. Yeah. There's in all these different spaces. There's another one too, where there's me, Micah Hearn and somebody else. And there's like a, like a, a geeky guy at the top. And he asks us bodybuilders, um, Hey gods or whatever he calls us and asking for advice. This has been going on. I mean, geez, at least I was pretty strong. 2011. Yeah. And this, this is the meme that keeps on going. I love it. I'm not even going to talk to her about it. You've never seen her since. I have not seen her sin. Let's get her. Somebody needs to figure out where she is now and let's get her to comment. That was, that's just unbelievable. Can you imagine how many times she's been blown up about that? I'm sure I feel bad for her. I mean, it looks great for me. For her, everybody's like, is this you? Did you, what were you doing? And she's obviously onto a different life right now. And at that, at that point in time, she was also a sponsored athlete by Gaspard nutrition. That's how she ended up doing the interviews. And for sure, I think she was in media as well. But from what I've heard, because I did ask a couple of people where, where she's at, I guess she went like, she's got it. She's Instagram less. Okay. Wow. I, I do not know if it's because or has any bearing on this meme, but I want to clean that. Incredible. You guys probably pause the video. Look up 2011 British grand prix with a flex. I think it's going to say flex Lewis woman, but you will live, die laughing. It is. \", \"segments\": [{\"id\": 0, \"seek\": 0, \"start\": 0.0, \"end\": 4.159999847412109, \"text\": \" So when this, this video keeps on popping up, people will send it to me and go flex.\", \"tokens\": [50364, 407, 562, 341, 11, 341, 960, 5965, 322, 18374, 493, 11, 561, 486, 2845, 309, 281, 385, 293, 352, 5896, 13, 50572], \"temperature\": 0.0, \"avg_logprob\": -0.2701365649700165, \"compression_ratio\": 1.732087254524231, \"no_speech_prob\": 0.0002164835314033553}, {\"id\": 1, \"seek\": 0, \"start\": 4.159999847412109, \"end\": 9.020000457763672, \"text\": \" Is this you like what I've seen this so many times.\", \"tokens\": [50572, 1119, 341, 291, 411, 437, 286, 600, 1612, 341, 370, 867, 1413, 13, 50815], \"temperature\": 0.0, \"avg_logprob\": -0.2701365649700165, \"compression_ratio\": 1.732087254524231, \"no_speech_prob\": 0.0002164835314033553}, {\"id\": 2, \"seek\": 0, \"start\": 9.020000457763672, \"end\": 10.039999961853027, \"text\": \" I can't believe it's you.\", \"tokens\": [50815, 286, 393, 380, 1697, 309, 311, 291, 13, 50866], \"temperature\": 0.0, \"avg_logprob\": -0.2701365649700165, \"compression_ratio\": 1.732087254524231, \"no_speech_prob\": 0.0002164835314033553}, {\"id\": 3, \"seek\": 0, \"start\": 10.260000228881836, \"end\": 13.699999809265137, \"text\": \" There's a video that all of us have seen that is going viral.\", \"tokens\": [50877, 821, 311, 257, 960, 300, 439, 295, 505, 362, 1612, 300, 307, 516, 16132, 13, 51049], \"temperature\": 0.0, \"avg_logprob\": -0.2701365649700165, \"compression_ratio\": 1.732087254524231, \"no_speech_prob\": 0.0002164835314033553}, {\"id\": 4, \"seek\": 0, \"start\": 13.699999809265137, \"end\": 15.600000381469727, \"text\": \" And you already know where I'm going with this and flex.\", \"tokens\": [51049, 400, 291, 1217, 458, 689, 286, 478, 516, 365, 341, 293, 5896, 13, 51144], \"temperature\": 0.0, \"avg_logprob\": -0.2701365649700165, \"compression_ratio\": 1.732087254524231, \"no_speech_prob\": 0.0002164835314033553}, {\"id\": 5, \"seek\": 0, \"start\": 15.600000381469727, \"end\": 19.959999084472656, \"text\": \" Do you know how many people didn't even realize this was you because you are much\", \"tokens\": [51144, 1144, 291, 458, 577, 867, 561, 994, 380, 754, 4325, 341, 390, 291, 570, 291, 366, 709, 51362], \"temperature\": 0.0, \"avg_logprob\": -0.2701365649700165, \"compression_ratio\": 1.732087254524231, \"no_speech_prob\": 0.0002164835314033553}, {\"id\": 6, \"seek\": 0, \"start\": 19.959999084472656, \"end\": 22.200000762939453, \"text\": \" younger and you don't have a beard and you know what I'm talking about?\", \"tokens\": [51362, 7037, 293, 291, 500, 380, 362, 257, 17455, 293, 291, 458, 437, 286, 478, 1417, 466, 30, 51474], \"temperature\": 0.0, \"avg_logprob\": -0.2701365649700165, \"compression_ratio\": 1.732087254524231, \"no_speech_prob\": 0.0002164835314033553}, {\"id\": 7, \"seek\": 0, \"start\": 22.200000762939453, \"end\": 26.31999969482422, \"text\": \" It's the 2011 British grand prix where there's this pretty blonde who is, who is\", \"tokens\": [51474, 467, 311, 264, 10154, 6221, 2697, 31061, 689, 456, 311, 341, 1238, 30043, 567, 307, 11, 567, 307, 51680], \"temperature\": 0.0, \"avg_logprob\": -0.2701365649700165, \"compression_ratio\": 1.732087254524231, \"no_speech_prob\": 0.0002164835314033553}, {\"id\": 8, \"seek\": 0, \"start\": 26.31999969482422, \"end\": 27.8799991607666, \"text\": \" interviewing you in front of your wife.\", \"tokens\": [51680, 26524, 291, 294, 1868, 295, 428, 3836, 13, 51758], \"temperature\": 0.0, \"avg_logprob\": -0.2701365649700165, \"compression_ratio\": 1.732087254524231, \"no_speech_prob\": 0.0002164835314033553}, {\"id\": 9, \"seek\": 2788, \"start\": 28.200000762939453, \"end\": 31.200000762939453, \"text\": \" And she looks like she is about to jump out of her clothes and jump on you.\", \"tokens\": [50380, 400, 750, 1542, 411, 750, 307, 466, 281, 3012, 484, 295, 720, 5534, 293, 3012, 322, 291, 13, 50530], \"temperature\": 0.0, \"avg_logprob\": -0.26065871119499207, \"compression_ratio\": 1.8559077978134155, \"no_speech_prob\": 0.0029340421315282583}, {\"id\": 10, \"seek\": 2788, \"start\": 31.479999542236328, \"end\": 33.36000061035156, \"text\": \" And I'm sure you, you've had a million comments.\", \"tokens\": [50544, 400, 286, 478, 988, 291, 11, 291, 600, 632, 257, 2459, 3053, 13, 50638], \"temperature\": 0.0, \"avg_logprob\": -0.26065871119499207, \"compression_ratio\": 1.8559077978134155, \"no_speech_prob\": 0.0029340421315282583}, {\"id\": 11, \"seek\": 2788, \"start\": 33.36000061035156, \"end\": 35.119998931884766, \"text\": \" I saw this on your, uh, on your YouTube.\", \"tokens\": [50638, 286, 1866, 341, 322, 428, 11, 2232, 11, 322, 428, 3088, 13, 50726], \"temperature\": 0.0, \"avg_logprob\": -0.26065871119499207, \"compression_ratio\": 1.8559077978134155, \"no_speech_prob\": 0.0029340421315282583}, {\"id\": 12, \"seek\": 2788, \"start\": 35.31999969482422, \"end\": 38.68000030517578, \"text\": \" Uh, I, I see dating coaches show this video all the time.\", \"tokens\": [50736, 4019, 11, 286, 11, 286, 536, 10689, 17503, 855, 341, 960, 439, 264, 565, 13, 50904], \"temperature\": 0.0, \"avg_logprob\": -0.26065871119499207, \"compression_ratio\": 1.8559077978134155, \"no_speech_prob\": 0.0029340421315282583}, {\"id\": 13, \"seek\": 2788, \"start\": 39.08000183105469, \"end\": 42.63999938964844, \"text\": \" The argument about the dad bod, which is a myth, guys, it's a myth.\", \"tokens\": [50924, 440, 6770, 466, 264, 3546, 16737, 11, 597, 307, 257, 9474, 11, 1074, 11, 309, 311, 257, 9474, 13, 51102], \"temperature\": 0.0, \"avg_logprob\": -0.26065871119499207, \"compression_ratio\": 1.8559077978134155, \"no_speech_prob\": 0.0029340421315282583}, {\"id\": 14, \"seek\": 2788, \"start\": 42.63999938964844, \"end\": 45.31999969482422, \"text\": \" Women are telling you they like the dad bod cause they want you to stay at\", \"tokens\": [51102, 11065, 366, 3585, 291, 436, 411, 264, 3546, 16737, 3082, 436, 528, 291, 281, 1754, 412, 51236], \"temperature\": 0.0, \"avg_logprob\": -0.26065871119499207, \"compression_ratio\": 1.8559077978134155, \"no_speech_prob\": 0.0029340421315282583}, {\"id\": 15, \"seek\": 2788, \"start\": 45.31999969482422, \"end\": 46.47999954223633, \"text\": \" home and not fuck other women.\", \"tokens\": [51236, 1280, 293, 406, 3275, 661, 2266, 13, 51294], \"temperature\": 0.0, \"avg_logprob\": -0.26065871119499207, \"compression_ratio\": 1.8559077978134155, \"no_speech_prob\": 0.0029340421315282583}, {\"id\": 16, \"seek\": 2788, \"start\": 46.79999923706055, \"end\": 48.15999984741211, \"text\": \" Women don't like the dad bod.\", \"tokens\": [51310, 11065, 500, 380, 411, 264, 3546, 16737, 13, 51378], \"temperature\": 0.0, \"avg_logprob\": -0.26065871119499207, \"compression_ratio\": 1.8559077978134155, \"no_speech_prob\": 0.0029340421315282583}, {\"id\": 17, \"seek\": 2788, \"start\": 48.15999984741211, \"end\": 48.91999816894531, \"text\": \" That is a myth.\", \"tokens\": [51378, 663, 307, 257, 9474, 13, 51416], \"temperature\": 0.0, \"avg_logprob\": -0.26065871119499207, \"compression_ratio\": 1.8559077978134155, \"no_speech_prob\": 0.0029340421315282583}, {\"id\": 18, \"seek\": 2788, \"start\": 48.91999816894531, \"end\": 49.68000030517578, \"text\": \" That is not true.\", \"tokens\": [51416, 663, 307, 406, 2074, 13, 51454], \"temperature\": 0.0, \"avg_logprob\": -0.26065871119499207, \"compression_ratio\": 1.8559077978134155, \"no_speech_prob\": 0.0029340421315282583}, {\"id\": 19, \"seek\": 2788, \"start\": 49.68000030517578, \"end\": 52.08000183105469, \"text\": \" That's just what, that's something that women say for comfort.\", \"tokens\": [51454, 663, 311, 445, 437, 11, 300, 311, 746, 300, 2266, 584, 337, 3400, 13, 51574], \"temperature\": 0.0, \"avg_logprob\": -0.26065871119499207, \"compression_ratio\": 1.8559077978134155, \"no_speech_prob\": 0.0029340421315282583}, {\"id\": 20, \"seek\": 2788, \"start\": 52.2400016784668, \"end\": 55.47999954223633, \"text\": \" Women like athletic men who have broad shoulders and six pack abs.\", \"tokens\": [51582, 11065, 411, 22496, 1706, 567, 362, 4152, 10245, 293, 2309, 2844, 1950, 13, 51744], \"temperature\": 0.0, \"avg_logprob\": -0.26065871119499207, \"compression_ratio\": 1.8559077978134155, \"no_speech_prob\": 0.0029340421315282583}, {\"id\": 21, \"seek\": 2788, \"start\": 55.52000045776367, \"end\": 57.0, \"text\": \" They say it because their husbands have the dad bod.\", \"tokens\": [51746, 814, 584, 309, 570, 641, 37835, 362, 264, 3546, 16737, 13, 51820], \"temperature\": 0.0, \"avg_logprob\": -0.26065871119499207, \"compression_ratio\": 1.8559077978134155, \"no_speech_prob\": 0.0029340421315282583}, {\"id\": 22, \"seek\": 5700, \"start\": 57.0, \"end\": 57.47999954223633, \"text\": \" Exactly.\", \"tokens\": [50364, 7587, 13, 50388], \"temperature\": 0.0, \"avg_logprob\": -0.2764396369457245, \"compression_ratio\": 1.7245508432388306, \"no_speech_prob\": 7.601406832691282e-05}, {\"id\": 23, \"seek\": 5700, \"start\": 57.47999954223633, \"end\": 58.08000183105469, \"text\": \" Exactly.\", \"tokens\": [50388, 7587, 13, 50418], \"temperature\": 0.0, \"avg_logprob\": -0.2764396369457245, \"compression_ratio\": 1.7245508432388306, \"no_speech_prob\": 7.601406832691282e-05}, {\"id\": 24, \"seek\": 5700, \"start\": 58.08000183105469, \"end\": 58.2400016784668, \"text\": \" Right.\", \"tokens\": [50418, 1779, 13, 50426], \"temperature\": 0.0, \"avg_logprob\": -0.2764396369457245, \"compression_ratio\": 1.7245508432388306, \"no_speech_prob\": 7.601406832691282e-05}, {\"id\": 25, \"seek\": 5700, \"start\": 58.400001525878906, \"end\": 61.91999816894531, \"text\": \" And they show whenever they do the dad bod myth, they always show that video of\", \"tokens\": [50434, 400, 436, 855, 5699, 436, 360, 264, 3546, 16737, 9474, 11, 436, 1009, 855, 300, 960, 295, 50610], \"temperature\": 0.0, \"avg_logprob\": -0.2764396369457245, \"compression_ratio\": 1.7245508432388306, \"no_speech_prob\": 7.601406832691282e-05}, {\"id\": 26, \"seek\": 5700, \"start\": 61.91999816894531, \"end\": 64.16000366210938, \"text\": \" you getting interviewed at the 2011 grand prix.\", \"tokens\": [50610, 291, 1242, 19770, 412, 264, 10154, 2697, 31061, 13, 50722], \"temperature\": 0.0, \"avg_logprob\": -0.2764396369457245, \"compression_ratio\": 1.7245508432388306, \"no_speech_prob\": 7.601406832691282e-05}, {\"id\": 27, \"seek\": 5700, \"start\": 64.27999877929688, \"end\": 65.5999984741211, \"text\": \" Can you tell me, what do you remember?\", \"tokens\": [50728, 1664, 291, 980, 385, 11, 437, 360, 291, 1604, 30, 50794], \"temperature\": 0.0, \"avg_logprob\": -0.2764396369457245, \"compression_ratio\": 1.7245508432388306, \"no_speech_prob\": 7.601406832691282e-05}, {\"id\": 28, \"seek\": 5700, \"start\": 65.63999938964844, \"end\": 66.91999816894531, \"text\": \" She looks like she's about to cry.\", \"tokens\": [50796, 1240, 1542, 411, 750, 311, 466, 281, 3305, 13, 50860], \"temperature\": 0.0, \"avg_logprob\": -0.2764396369457245, \"compression_ratio\": 1.7245508432388306, \"no_speech_prob\": 7.601406832691282e-05}, {\"id\": 29, \"seek\": 5700, \"start\": 67.08000183105469, \"end\": 70.12000274658203, \"text\": \" And when they show the video, they cut your wife out of it.\", \"tokens\": [50868, 400, 562, 436, 855, 264, 960, 11, 436, 1723, 428, 3836, 484, 295, 309, 13, 51020], \"temperature\": 0.0, \"avg_logprob\": -0.2764396369457245, \"compression_ratio\": 1.7245508432388306, \"no_speech_prob\": 7.601406832691282e-05}, {\"id\": 30, \"seek\": 5700, \"start\": 70.87999725341797, \"end\": 74.08000183105469, \"text\": \" So they don't even realize like, and my girlfriend is like the audacity of this\", \"tokens\": [51058, 407, 436, 500, 380, 754, 4325, 411, 11, 293, 452, 10369, 307, 411, 264, 2379, 19008, 295, 341, 51218], \"temperature\": 0.0, \"avg_logprob\": -0.2764396369457245, \"compression_ratio\": 1.7245508432388306, \"no_speech_prob\": 7.601406832691282e-05}, {\"id\": 31, \"seek\": 5700, \"start\": 74.08000183105469, \"end\": 76.68000030517578, \"text\": \" woman looking like she's going to fuck flex right there.\", \"tokens\": [51218, 3059, 1237, 411, 750, 311, 516, 281, 3275, 5896, 558, 456, 13, 51348], \"temperature\": 0.0, \"avg_logprob\": -0.2764396369457245, \"compression_ratio\": 1.7245508432388306, \"no_speech_prob\": 7.601406832691282e-05}, {\"id\": 32, \"seek\": 5700, \"start\": 77.0, \"end\": 77.23999786376953, \"text\": \" You know?\", \"tokens\": [51364, 509, 458, 30, 51376], \"temperature\": 0.0, \"avg_logprob\": -0.2764396369457245, \"compression_ratio\": 1.7245508432388306, \"no_speech_prob\": 7.601406832691282e-05}, {\"id\": 33, \"seek\": 5700, \"start\": 77.23999786376953, \"end\": 78.76000213623047, \"text\": \" So can you tell me what, what's the story?\", \"tokens\": [51376, 407, 393, 291, 980, 385, 437, 11, 437, 311, 264, 1657, 30, 51452], \"temperature\": 0.0, \"avg_logprob\": -0.2764396369457245, \"compression_ratio\": 1.7245508432388306, \"no_speech_prob\": 7.601406832691282e-05}, {\"id\": 34, \"seek\": 5700, \"start\": 78.76000213623047, \"end\": 80.08000183105469, \"text\": \" But obviously you, you have a history.\", \"tokens\": [51452, 583, 2745, 291, 11, 291, 362, 257, 2503, 13, 51518], \"temperature\": 0.0, \"avg_logprob\": -0.2764396369457245, \"compression_ratio\": 1.7245508432388306, \"no_speech_prob\": 7.601406832691282e-05}, {\"id\": 35, \"seek\": 5700, \"start\": 80.27999877929688, \"end\": 81.31999969482422, \"text\": \" She knew you and your wife.\", \"tokens\": [51528, 1240, 2586, 291, 293, 428, 3836, 13, 51580], \"temperature\": 0.0, \"avg_logprob\": -0.2764396369457245, \"compression_ratio\": 1.7245508432388306, \"no_speech_prob\": 7.601406832691282e-05}, {\"id\": 36, \"seek\": 5700, \"start\": 81.31999969482422, \"end\": 82.27999877929688, \"text\": \" What was that whole thing about?\", \"tokens\": [51580, 708, 390, 300, 1379, 551, 466, 30, 51628], \"temperature\": 0.0, \"avg_logprob\": -0.2764396369457245, \"compression_ratio\": 1.7245508432388306, \"no_speech_prob\": 7.601406832691282e-05}, {\"id\": 37, \"seek\": 8228, \"start\": 82.31999969482422, \"end\": 88.27999877929688, \"text\": \" So this, this, just to say to there's people that have been in my life for a\", \"tokens\": [50366, 407, 341, 11, 341, 11, 445, 281, 584, 281, 456, 311, 561, 300, 362, 668, 294, 452, 993, 337, 257, 50664], \"temperature\": 0.0, \"avg_logprob\": -0.2904411554336548, \"compression_ratio\": 1.7268908023834229, \"no_speech_prob\": 0.0004951873561367393}, {\"id\": 38, \"seek\": 8228, \"start\": 88.27999877929688, \"end\": 92.83999633789062, \"text\": \" long time, but just recently discovered that this was me that I presume they knew.\", \"tokens\": [50664, 938, 565, 11, 457, 445, 3938, 6941, 300, 341, 390, 385, 300, 286, 43283, 436, 2586, 13, 50892], \"temperature\": 0.0, \"avg_logprob\": -0.2904411554336548, \"compression_ratio\": 1.7268908023834229, \"no_speech_prob\": 0.0004951873561367393}, {\"id\": 39, \"seek\": 8228, \"start\": 92.91999816894531, \"end\": 93.16000366210938, \"text\": \" Yeah.\", \"tokens\": [50896, 865, 13, 50908], \"temperature\": 0.0, \"avg_logprob\": -0.2904411554336548, \"compression_ratio\": 1.7268908023834229, \"no_speech_prob\": 0.0004951873561367393}, {\"id\": 40, \"seek\": 8228, \"start\": 93.19999694824219, \"end\": 97.36000061035156, \"text\": \" So when this, this video keeps on popping up, people will send it to me and go flex.\", \"tokens\": [50910, 407, 562, 341, 11, 341, 960, 5965, 322, 18374, 493, 11, 561, 486, 2845, 309, 281, 385, 293, 352, 5896, 13, 51118], \"temperature\": 0.0, \"avg_logprob\": -0.2904411554336548, \"compression_ratio\": 1.7268908023834229, \"no_speech_prob\": 0.0004951873561367393}, {\"id\": 41, \"seek\": 8228, \"start\": 97.36000061035156, \"end\": 102.19999694824219, \"text\": \" Is this you like what I've seen this so many times.\", \"tokens\": [51118, 1119, 341, 291, 411, 437, 286, 600, 1612, 341, 370, 867, 1413, 13, 51360], \"temperature\": 0.0, \"avg_logprob\": -0.2904411554336548, \"compression_ratio\": 1.7268908023834229, \"no_speech_prob\": 0.0004951873561367393}, {\"id\": 42, \"seek\": 8228, \"start\": 102.23999786376953, \"end\": 103.23999786376953, \"text\": \" I can't believe it's you.\", \"tokens\": [51362, 286, 393, 380, 1697, 309, 311, 291, 13, 51412], \"temperature\": 0.0, \"avg_logprob\": -0.2904411554336548, \"compression_ratio\": 1.7268908023834229, \"no_speech_prob\": 0.0004951873561367393}, {\"id\": 43, \"seek\": 8228, \"start\": 104.0, \"end\": 110.23999786376953, \"text\": \" So this, this is not the, the, the, the, the comical side, because the, the reason\", \"tokens\": [51450, 407, 341, 11, 341, 307, 406, 264, 11, 264, 11, 264, 11, 264, 11, 264, 395, 804, 1252, 11, 570, 264, 11, 264, 1778, 51762], \"temperature\": 0.0, \"avg_logprob\": -0.2904411554336548, \"compression_ratio\": 1.7268908023834229, \"no_speech_prob\": 0.0004951873561367393}, {\"id\": 44, \"seek\": 11024, \"start\": 110.23999786376953, \"end\": 115.16000366210938, \"text\": \" why she got the way she did is because she was talking to my mother was, my mother\", \"tokens\": [50364, 983, 750, 658, 264, 636, 750, 630, 307, 570, 750, 390, 1417, 281, 452, 2895, 390, 11, 452, 2895, 50610], \"temperature\": 0.0, \"avg_logprob\": -0.3111317455768585, \"compression_ratio\": 1.798701286315918, \"no_speech_prob\": 4.468740371521562e-05}, {\"id\": 45, \"seek\": 11024, \"start\": 115.16000366210938, \"end\": 118.68000030517578, \"text\": \" was supposed to be in present in the show and she was battling cancer.\", \"tokens\": [50610, 390, 3442, 281, 312, 294, 1974, 294, 264, 855, 293, 750, 390, 33752, 5592, 13, 50786], \"temperature\": 0.0, \"avg_logprob\": -0.3111317455768585, \"compression_ratio\": 1.798701286315918, \"no_speech_prob\": 4.468740371521562e-05}, {\"id\": 46, \"seek\": 11024, \"start\": 118.72000122070312, \"end\": 118.95999908447266, \"text\": \" Yeah.\", \"tokens\": [50788, 865, 13, 50800], \"temperature\": 0.0, \"avg_logprob\": -0.3111317455768585, \"compression_ratio\": 1.798701286315918, \"no_speech_prob\": 4.468740371521562e-05}, {\"id\": 47, \"seek\": 11024, \"start\": 119.23999786376953, \"end\": 120.36000061035156, \"text\": \" So she got emotion.\", \"tokens\": [50814, 407, 750, 658, 8913, 13, 50870], \"temperature\": 0.0, \"avg_logprob\": -0.3111317455768585, \"compression_ratio\": 1.798701286315918, \"no_speech_prob\": 4.468740371521562e-05}, {\"id\": 48, \"seek\": 11024, \"start\": 121.44000244140625, \"end\": 125.36000061035156, \"text\": \" She got filled up full of motion and I was kind of fighting back the tears too.\", \"tokens\": [50924, 1240, 658, 6412, 493, 1577, 295, 5394, 293, 286, 390, 733, 295, 5237, 646, 264, 10462, 886, 13, 51120], \"temperature\": 0.0, \"avg_logprob\": -0.3111317455768585, \"compression_ratio\": 1.798701286315918, \"no_speech_prob\": 4.468740371521562e-05}, {\"id\": 49, \"seek\": 11024, \"start\": 125.91999816894531, \"end\": 130.0, \"text\": \" And, um, I don't know how she was like biting a lip and everything else.\", \"tokens\": [51148, 400, 11, 1105, 11, 286, 500, 380, 458, 577, 750, 390, 411, 32912, 257, 8280, 293, 1203, 1646, 13, 51352], \"temperature\": 0.0, \"avg_logprob\": -0.3111317455768585, \"compression_ratio\": 1.798701286315918, \"no_speech_prob\": 4.468740371521562e-05}, {\"id\": 50, \"seek\": 11024, \"start\": 130.16000366210938, \"end\": 133.27999877929688, \"text\": \" If she was on, if you told me she was on Molly, I would be like, okay, that makes\", \"tokens\": [51360, 759, 750, 390, 322, 11, 498, 291, 1907, 385, 750, 390, 322, 26665, 11, 286, 576, 312, 411, 11, 1392, 11, 300, 1669, 51516], \"temperature\": 0.0, \"avg_logprob\": -0.3111317455768585, \"compression_ratio\": 1.798701286315918, \"no_speech_prob\": 4.468740371521562e-05}, {\"id\": 51, \"seek\": 11024, \"start\": 133.27999877929688, \"end\": 133.47999572753906, \"text\": \" sense.\", \"tokens\": [51516, 2020, 13, 51526], \"temperature\": 0.0, \"avg_logprob\": -0.3111317455768585, \"compression_ratio\": 1.798701286315918, \"no_speech_prob\": 4.468740371521562e-05}, {\"id\": 52, \"seek\": 11024, \"start\": 133.60000610351562, \"end\": 134.1999969482422, \"text\": \" She was on Molly.\", \"tokens\": [51532, 1240, 390, 322, 26665, 13, 51562], \"temperature\": 0.0, \"avg_logprob\": -0.3111317455768585, \"compression_ratio\": 1.798701286315918, \"no_speech_prob\": 4.468740371521562e-05}, {\"id\": 53, \"seek\": 11024, \"start\": 134.24000549316406, \"end\": 137.60000610351562, \"text\": \" I understand what was going on, but for the most part, it had nothing to do with\", \"tokens\": [51564, 286, 1223, 437, 390, 516, 322, 11, 457, 337, 264, 881, 644, 11, 309, 632, 1825, 281, 360, 365, 51732], \"temperature\": 0.0, \"avg_logprob\": -0.3111317455768585, \"compression_ratio\": 1.798701286315918, \"no_speech_prob\": 4.468740371521562e-05}, {\"id\": 54, \"seek\": 11024, \"start\": 137.60000610351562, \"end\": 139.0399932861328, \"text\": \" anything that has been spun into.\", \"tokens\": [51732, 1340, 300, 575, 668, 37038, 666, 13, 51804], \"temperature\": 0.0, \"avg_logprob\": -0.3111317455768585, \"compression_ratio\": 1.798701286315918, \"no_speech_prob\": 4.468740371521562e-05}, {\"id\": 55, \"seek\": 13904, \"start\": 139.0399932861328, \"end\": 140.63999938964844, \"text\": \" But this is the meme that keeps on living.\", \"tokens\": [50364, 583, 341, 307, 264, 21701, 300, 5965, 322, 2647, 13, 50444], \"temperature\": 0.0, \"avg_logprob\": -0.25496307015419006, \"compression_ratio\": 1.7845659255981445, \"no_speech_prob\": 0.011973612941801548}, {\"id\": 56, \"seek\": 13904, \"start\": 140.63999938964844, \"end\": 142.72000122070312, \"text\": \" I got another meme too, but I'm sitting down.\", \"tokens\": [50444, 286, 658, 1071, 21701, 886, 11, 457, 286, 478, 3798, 760, 13, 50548], \"temperature\": 0.0, \"avg_logprob\": -0.25496307015419006, \"compression_ratio\": 1.7845659255981445, \"no_speech_prob\": 0.011973612941801548}, {\"id\": 57, \"seek\": 13904, \"start\": 142.72000122070312, \"end\": 145.32000732421875, \"text\": \" I don't know if you've ever seen it, but I'm sitting down on the, on the sofa with\", \"tokens\": [50548, 286, 500, 380, 458, 498, 291, 600, 1562, 1612, 309, 11, 457, 286, 478, 3798, 760, 322, 264, 11, 322, 264, 28668, 365, 50678], \"temperature\": 0.0, \"avg_logprob\": -0.25496307015419006, \"compression_ratio\": 1.7845659255981445, \"no_speech_prob\": 0.011973612941801548}, {\"id\": 58, \"seek\": 13904, \"start\": 145.32000732421875, \"end\": 150.44000244140625, \"text\": \" a laptop and so many people send, send this to me because this has been ripped now.\", \"tokens\": [50678, 257, 10732, 293, 370, 867, 561, 2845, 11, 2845, 341, 281, 385, 570, 341, 575, 668, 22780, 586, 13, 50934], \"temperature\": 0.0, \"avg_logprob\": -0.25496307015419006, \"compression_ratio\": 1.7845659255981445, \"no_speech_prob\": 0.011973612941801548}, {\"id\": 59, \"seek\": 13904, \"start\": 150.44000244140625, \"end\": 153.47999572753906, \"text\": \" And it's, I guess it's in like the anime space.\", \"tokens\": [50934, 400, 309, 311, 11, 286, 2041, 309, 311, 294, 411, 264, 12435, 1901, 13, 51086], \"temperature\": 0.0, \"avg_logprob\": -0.25496307015419006, \"compression_ratio\": 1.7845659255981445, \"no_speech_prob\": 0.011973612941801548}, {\"id\": 60, \"seek\": 13904, \"start\": 153.52000427246094, \"end\": 153.8000030517578, \"text\": \" Yeah.\", \"tokens\": [51088, 865, 13, 51102], \"temperature\": 0.0, \"avg_logprob\": -0.25496307015419006, \"compression_ratio\": 1.7845659255981445, \"no_speech_prob\": 0.011973612941801548}, {\"id\": 61, \"seek\": 13904, \"start\": 153.83999633789062, \"end\": 155.0800018310547, \"text\": \" There's in all these different spaces.\", \"tokens\": [51104, 821, 311, 294, 439, 613, 819, 7673, 13, 51166], \"temperature\": 0.0, \"avg_logprob\": -0.25496307015419006, \"compression_ratio\": 1.7845659255981445, \"no_speech_prob\": 0.011973612941801548}, {\"id\": 62, \"seek\": 13904, \"start\": 155.0800018310547, \"end\": 159.0, \"text\": \" There's another one too, where there's me, Micah Hearn and somebody else.\", \"tokens\": [51166, 821, 311, 1071, 472, 886, 11, 689, 456, 311, 385, 11, 5818, 545, 634, 1083, 293, 2618, 1646, 13, 51362], \"temperature\": 0.0, \"avg_logprob\": -0.25496307015419006, \"compression_ratio\": 1.7845659255981445, \"no_speech_prob\": 0.011973612941801548}, {\"id\": 63, \"seek\": 13904, \"start\": 159.0, \"end\": 161.1999969482422, \"text\": \" And there's like a, like a, a geeky guy at the top.\", \"tokens\": [51362, 400, 456, 311, 411, 257, 11, 411, 257, 11, 257, 36162, 88, 2146, 412, 264, 1192, 13, 51472], \"temperature\": 0.0, \"avg_logprob\": -0.25496307015419006, \"compression_ratio\": 1.7845659255981445, \"no_speech_prob\": 0.011973612941801548}, {\"id\": 64, \"seek\": 13904, \"start\": 161.1999969482422, \"end\": 166.63999938964844, \"text\": \" And he asks us bodybuilders, um, Hey gods or whatever he calls us and asking for\", \"tokens\": [51472, 400, 415, 8962, 505, 1772, 11516, 433, 11, 1105, 11, 1911, 14049, 420, 2035, 415, 5498, 505, 293, 3365, 337, 51744], \"temperature\": 0.0, \"avg_logprob\": -0.25496307015419006, \"compression_ratio\": 1.7845659255981445, \"no_speech_prob\": 0.011973612941801548}, {\"id\": 65, \"seek\": 16664, \"start\": 166.63999938964844, \"end\": 167.0, \"text\": \" advice.\", \"tokens\": [50364, 5192, 13, 50382], \"temperature\": 0.0, \"avg_logprob\": -0.38459059596061707, \"compression_ratio\": 1.6303629875183105, \"no_speech_prob\": 0.0004172720364294946}, {\"id\": 66, \"seek\": 16664, \"start\": 167.32000732421875, \"end\": 169.1199951171875, \"text\": \" This has been going on.\", \"tokens\": [50398, 639, 575, 668, 516, 322, 13, 50488], \"temperature\": 0.0, \"avg_logprob\": -0.38459059596061707, \"compression_ratio\": 1.6303629875183105, \"no_speech_prob\": 0.0004172720364294946}, {\"id\": 67, \"seek\": 16664, \"start\": 169.1999969482422, \"end\": 171.44000244140625, \"text\": \" I mean, geez, at least I was pretty strong.\", \"tokens\": [50492, 286, 914, 11, 46108, 11, 412, 1935, 286, 390, 1238, 2068, 13, 50604], \"temperature\": 0.0, \"avg_logprob\": -0.38459059596061707, \"compression_ratio\": 1.6303629875183105, \"no_speech_prob\": 0.0004172720364294946}, {\"id\": 68, \"seek\": 16664, \"start\": 172.0800018310547, \"end\": 172.72000122070312, \"text\": \" 2011.\", \"tokens\": [50636, 10154, 13, 50668], \"temperature\": 0.0, \"avg_logprob\": -0.38459059596061707, \"compression_ratio\": 1.6303629875183105, \"no_speech_prob\": 0.0004172720364294946}, {\"id\": 69, \"seek\": 16664, \"start\": 172.8000030517578, \"end\": 173.24000549316406, \"text\": \" Yeah.\", \"tokens\": [50672, 865, 13, 50694], \"temperature\": 0.0, \"avg_logprob\": -0.38459059596061707, \"compression_ratio\": 1.6303629875183105, \"no_speech_prob\": 0.0004172720364294946}, {\"id\": 70, \"seek\": 16664, \"start\": 173.55999755859375, \"end\": 176.0800018310547, \"text\": \" And this, this is the meme that keeps on going.\", \"tokens\": [50710, 400, 341, 11, 341, 307, 264, 21701, 300, 5965, 322, 516, 13, 50836], \"temperature\": 0.0, \"avg_logprob\": -0.38459059596061707, \"compression_ratio\": 1.6303629875183105, \"no_speech_prob\": 0.0004172720364294946}, {\"id\": 71, \"seek\": 16664, \"start\": 176.1199951171875, \"end\": 176.55999755859375, \"text\": \" I love it.\", \"tokens\": [50838, 286, 959, 309, 13, 50860], \"temperature\": 0.0, \"avg_logprob\": -0.38459059596061707, \"compression_ratio\": 1.6303629875183105, \"no_speech_prob\": 0.0004172720364294946}, {\"id\": 72, \"seek\": 16664, \"start\": 176.55999755859375, \"end\": 178.47999572753906, \"text\": \" I'm not even going to talk to her about it.\", \"tokens\": [50860, 286, 478, 406, 754, 516, 281, 751, 281, 720, 466, 309, 13, 50956], \"temperature\": 0.0, \"avg_logprob\": -0.38459059596061707, \"compression_ratio\": 1.6303629875183105, \"no_speech_prob\": 0.0004172720364294946}, {\"id\": 73, \"seek\": 16664, \"start\": 179.63999938964844, \"end\": 180.63999938964844, \"text\": \" You've never seen her since.\", \"tokens\": [51014, 509, 600, 1128, 1612, 720, 3343, 384, 13, 51064], \"temperature\": 0.0, \"avg_logprob\": -0.38459059596061707, \"compression_ratio\": 1.6303629875183105, \"no_speech_prob\": 0.0004172720364294946}, {\"id\": 74, \"seek\": 16664, \"start\": 180.8800048828125, \"end\": 183.8000030517578, \"text\": \" I have not seen her sin.\", \"tokens\": [51076, 286, 362, 406, 1612, 720, 3343, 13, 51222], \"temperature\": 0.0, \"avg_logprob\": -0.38459059596061707, \"compression_ratio\": 1.6303629875183105, \"no_speech_prob\": 0.0004172720364294946}, {\"id\": 75, \"seek\": 16664, \"start\": 183.83999633789062, \"end\": 184.39999389648438, \"text\": \" Let's get her.\", \"tokens\": [51224, 961, 311, 483, 720, 13, 51252], \"temperature\": 0.0, \"avg_logprob\": -0.38459059596061707, \"compression_ratio\": 1.6303629875183105, \"no_speech_prob\": 0.0004172720364294946}, {\"id\": 76, \"seek\": 16664, \"start\": 184.39999389648438, \"end\": 187.32000732421875, \"text\": \" Somebody needs to figure out where she is now and let's get her to comment.\", \"tokens\": [51252, 13463, 2203, 281, 2573, 484, 689, 750, 307, 586, 293, 718, 311, 483, 720, 281, 2871, 13, 51398], \"temperature\": 0.0, \"avg_logprob\": -0.38459059596061707, \"compression_ratio\": 1.6303629875183105, \"no_speech_prob\": 0.0004172720364294946}, {\"id\": 77, \"seek\": 16664, \"start\": 187.36000061035156, \"end\": 188.9199981689453, \"text\": \" That was, that's just unbelievable.\", \"tokens\": [51400, 663, 390, 11, 300, 311, 445, 46063, 9037, 712, 13, 51478], \"temperature\": 0.0, \"avg_logprob\": -0.38459059596061707, \"compression_ratio\": 1.6303629875183105, \"no_speech_prob\": 0.0004172720364294946}, {\"id\": 78, \"seek\": 16664, \"start\": 188.9199981689453, \"end\": 191.52000427246094, \"text\": \" Can you imagine how many times she's been blown up about that?\", \"tokens\": [51478, 1664, 291, 3811, 577, 867, 1413, 750, 311, 668, 16479, 493, 466, 300, 30, 51608], \"temperature\": 0.0, \"avg_logprob\": -0.38459059596061707, \"compression_ratio\": 1.6303629875183105, \"no_speech_prob\": 0.0004172720364294946}, {\"id\": 79, \"seek\": 16664, \"start\": 192.47999572753906, \"end\": 194.16000366210938, \"text\": \" I'm sure I feel bad for her.\", \"tokens\": [51656, 286, 478, 988, 286, 841, 1578, 337, 720, 13, 51740], \"temperature\": 0.0, \"avg_logprob\": -0.38459059596061707, \"compression_ratio\": 1.6303629875183105, \"no_speech_prob\": 0.0004172720364294946}, {\"id\": 80, \"seek\": 16664, \"start\": 194.1999969482422, \"end\": 195.52000427246094, \"text\": \" I mean, it looks great for me.\", \"tokens\": [51742, 286, 914, 11, 309, 1542, 869, 337, 385, 13, 51808], \"temperature\": 0.0, \"avg_logprob\": -0.38459059596061707, \"compression_ratio\": 1.6303629875183105, \"no_speech_prob\": 0.0004172720364294946}, {\"id\": 81, \"seek\": 19552, \"start\": 196.32000732421875, \"end\": 199.24000549316406, \"text\": \" For her, everybody's like, is this you?\", \"tokens\": [50404, 1171, 720, 11, 2201, 311, 411, 11, 307, 341, 291, 30, 50550], \"temperature\": 0.0, \"avg_logprob\": -0.28819260001182556, \"compression_ratio\": 1.6404833793640137, \"no_speech_prob\": 2.5000828827614896e-05}, {\"id\": 82, \"seek\": 19552, \"start\": 199.52000427246094, \"end\": 200.72000122070312, \"text\": \" Did you, what were you doing?\", \"tokens\": [50564, 2589, 291, 11, 437, 645, 291, 884, 30, 50624], \"temperature\": 0.0, \"avg_logprob\": -0.28819260001182556, \"compression_ratio\": 1.6404833793640137, \"no_speech_prob\": 2.5000828827614896e-05}, {\"id\": 83, \"seek\": 19552, \"start\": 200.9600067138672, \"end\": 202.52000427246094, \"text\": \" And she's obviously onto a different life right now.\", \"tokens\": [50636, 400, 750, 311, 2745, 3911, 257, 819, 993, 558, 586, 13, 50714], \"temperature\": 0.0, \"avg_logprob\": -0.28819260001182556, \"compression_ratio\": 1.6404833793640137, \"no_speech_prob\": 2.5000828827614896e-05}, {\"id\": 84, \"seek\": 19552, \"start\": 202.67999267578125, \"end\": 205.47999572753906, \"text\": \" And at that, at that point in time, she was also a sponsored athlete by\", \"tokens\": [50722, 400, 412, 300, 11, 412, 300, 935, 294, 565, 11, 750, 390, 611, 257, 16621, 18002, 538, 50862], \"temperature\": 0.0, \"avg_logprob\": -0.28819260001182556, \"compression_ratio\": 1.6404833793640137, \"no_speech_prob\": 2.5000828827614896e-05}, {\"id\": 85, \"seek\": 19552, \"start\": 205.47999572753906, \"end\": 206.27999877929688, \"text\": \" Gaspard nutrition.\", \"tokens\": [50862, 460, 9375, 515, 14718, 13, 50902], \"temperature\": 0.0, \"avg_logprob\": -0.28819260001182556, \"compression_ratio\": 1.6404833793640137, \"no_speech_prob\": 2.5000828827614896e-05}, {\"id\": 86, \"seek\": 19552, \"start\": 206.63999938964844, \"end\": 208.27999877929688, \"text\": \" That's how she ended up doing the interviews.\", \"tokens\": [50920, 663, 311, 577, 750, 4590, 493, 884, 264, 12318, 13, 51002], \"temperature\": 0.0, \"avg_logprob\": -0.28819260001182556, \"compression_ratio\": 1.6404833793640137, \"no_speech_prob\": 2.5000828827614896e-05}, {\"id\": 87, \"seek\": 19552, \"start\": 208.27999877929688, \"end\": 210.16000366210938, \"text\": \" And for sure, I think she was in media as well.\", \"tokens\": [51002, 400, 337, 988, 11, 286, 519, 750, 390, 294, 3021, 382, 731, 13, 51096], \"temperature\": 0.0, \"avg_logprob\": -0.28819260001182556, \"compression_ratio\": 1.6404833793640137, \"no_speech_prob\": 2.5000828827614896e-05}, {\"id\": 88, \"seek\": 19552, \"start\": 210.16000366210938, \"end\": 214.52000427246094, \"text\": \" But from what I've heard, because I did ask a couple of people where, where she's\", \"tokens\": [51096, 583, 490, 437, 286, 600, 2198, 11, 570, 286, 630, 1029, 257, 1916, 295, 561, 689, 11, 689, 750, 311, 51314], \"temperature\": 0.0, \"avg_logprob\": -0.28819260001182556, \"compression_ratio\": 1.6404833793640137, \"no_speech_prob\": 2.5000828827614896e-05}, {\"id\": 89, \"seek\": 19552, \"start\": 214.52000427246094, \"end\": 216.44000244140625, \"text\": \" at, I guess she went like, she's got it.\", \"tokens\": [51314, 412, 11, 286, 2041, 750, 1437, 411, 11, 750, 311, 658, 309, 13, 51410], \"temperature\": 0.0, \"avg_logprob\": -0.28819260001182556, \"compression_ratio\": 1.6404833793640137, \"no_speech_prob\": 2.5000828827614896e-05}, {\"id\": 90, \"seek\": 19552, \"start\": 216.63999938964844, \"end\": 217.63999938964844, \"text\": \" She's Instagram less.\", \"tokens\": [51420, 1240, 311, 5281, 1570, 13, 51470], \"temperature\": 0.0, \"avg_logprob\": -0.28819260001182556, \"compression_ratio\": 1.6404833793640137, \"no_speech_prob\": 2.5000828827614896e-05}, {\"id\": 91, \"seek\": 19552, \"start\": 217.8000030517578, \"end\": 218.16000366210938, \"text\": \" Okay.\", \"tokens\": [51478, 1033, 13, 51496], \"temperature\": 0.0, \"avg_logprob\": -0.28819260001182556, \"compression_ratio\": 1.6404833793640137, \"no_speech_prob\": 2.5000828827614896e-05}, {\"id\": 92, \"seek\": 19552, \"start\": 218.16000366210938, \"end\": 218.60000610351562, \"text\": \" Wow.\", \"tokens\": [51496, 3153, 13, 51518], \"temperature\": 0.0, \"avg_logprob\": -0.28819260001182556, \"compression_ratio\": 1.6404833793640137, \"no_speech_prob\": 2.5000828827614896e-05}, {\"id\": 93, \"seek\": 19552, \"start\": 218.60000610351562, \"end\": 224.83999633789062, \"text\": \" I, I do not know if it's because or has any bearing on this meme, but I want to\", \"tokens\": [51518, 286, 11, 286, 360, 406, 458, 498, 309, 311, 570, 420, 575, 604, 17350, 322, 341, 21701, 11, 457, 286, 528, 281, 51830], \"temperature\": 0.0, \"avg_logprob\": -0.28819260001182556, \"compression_ratio\": 1.6404833793640137, \"no_speech_prob\": 2.5000828827614896e-05}, {\"id\": 94, \"seek\": 22484, \"start\": 224.8800048828125, \"end\": 225.24000549316406, \"text\": \" clean that.\", \"tokens\": [50366, 2541, 300, 13, 50384], \"temperature\": 0.0, \"avg_logprob\": -0.5387511849403381, \"compression_ratio\": 1.2635135650634766, \"no_speech_prob\": 0.038975492119789124}, {\"id\": 95, \"seek\": 22484, \"start\": 226.60000610351562, \"end\": 227.36000061035156, \"text\": \" Incredible.\", \"tokens\": [50452, 35261, 13, 50490], \"temperature\": 0.0, \"avg_logprob\": -0.5387511849403381, \"compression_ratio\": 1.2635135650634766, \"no_speech_prob\": 0.038975492119789124}, {\"id\": 96, \"seek\": 22484, \"start\": 227.36000061035156, \"end\": 229.24000549316406, \"text\": \" You guys probably pause the video.\", \"tokens\": [50490, 509, 1074, 1391, 10465, 264, 960, 13, 50584], \"temperature\": 0.0, \"avg_logprob\": -0.5387511849403381, \"compression_ratio\": 1.2635135650634766, \"no_speech_prob\": 0.038975492119789124}, {\"id\": 97, \"seek\": 22484, \"start\": 229.24000549316406, \"end\": 232.44000244140625, \"text\": \" Look up 2011 British grand prix with a flex.\", \"tokens\": [50584, 2053, 493, 10154, 6221, 2697, 31061, 365, 257, 5896, 13, 50744], \"temperature\": 0.0, \"avg_logprob\": -0.5387511849403381, \"compression_ratio\": 1.2635135650634766, \"no_speech_prob\": 0.038975492119789124}, {\"id\": 98, \"seek\": 22484, \"start\": 232.63999938964844, \"end\": 236.75999450683594, \"text\": \" I think it's going to say flex Lewis woman, but you will live, die laughing.\", \"tokens\": [50754, 286, 519, 309, 311, 516, 281, 584, 5896, 17412, 3059, 11, 457, 291, 486, 1621, 11, 978, 5059, 13, 50960], \"temperature\": 0.0, \"avg_logprob\": -0.5387511849403381, \"compression_ratio\": 1.2635135650634766, \"no_speech_prob\": 0.038975492119789124}, {\"id\": 99, \"seek\": 22484, \"start\": 236.75999450683594, \"end\": 236.9600067138672, \"text\": \" It is.\", \"tokens\": [50960, 467, 307, 13, 50970], \"temperature\": 0.0, \"avg_logprob\": -0.5387511849403381, \"compression_ratio\": 1.2635135650634766, \"no_speech_prob\": 0.038975492119789124}]}"}