{"title": "She Likes Her Men Like She Likes Her Cars", "video_id": "kj2v4PBo_Yc", "video_url": "https://www.youtube.com/watch?v=kj2v4PBo_Yc", "description": "\u2014\u2014\u2014\u2014\u2014\u2014\u2014\u2014\u2014\u2014\u2014\u2014\u2014\u2014\u2014\u2014\u2014\u2014\u2014\u2014\nReady to build a network of amazing women and high-status men?\n\nMichael\u2019s Men of Action is a one-on-one Master\u2019s program that teaches men how to create elite \nsocial lives by becoming higher status.\n\nClick this link to learn how you can have a High-Status lifestyle now:\nhttps://m.moamentoring.com/podcast\n\nClick here to join the Men of Action community and watch the High-Status Networking 101 course:\nhttps://m.moamentoring.com/moa-community\n\nInterested in joining the Men of Action sales team? Apply here:\nhttps://www.moamentoring.com/jobs/sales\n\nMen of Action has an affiliate program! Post pre-made content and get paid passively:\nhttps://www.moamentoring.com/affiliate\n\u2014\u2014\u2014\u2014\u2014\u2014\u2014\u2014\u2014\u2014\u2014\u2014\u2014\u2014\u2014\u2014\u2014\u2014\u2014\u2014\n\nSubscribe on Youtube: \nhttps://www.youtube.com/user/MichaelSartain\n\nListen on Apple Podcast: \nhttps://podcasts.apple.com/us/podcast/the-michael-sartain-podcast/id1579791157\n\nListen on Spotify: \nhttps://open.spotify.com/show/2faAYwvDD9Bvkpwv6umlPO?si=8Q3ak9HnSlKjuChsTXr6YQ&dl_branch=1\n\n#michael #michaelsartain #michael_sartain #michael_sartain_podcast", "published_at": "2023-10-03T13:15:05Z", "channel_id": "UC0T1bDzajVefRWx4uKdGyuw", "channel_title": "Michael Sartain", "tags": ["Michael", "Michael Sartain", "Michael Sartain Podcast", "Michael Podcast", "MOA", "Men Of Action", "Michael Sartain Course", "Michael Sartain With Hot Women", "Playboy", "Swimsuit", "Swimsuit Competition", "ichael sartain social circle", "social circle", "how to netowrk", "moa", "moa podcast", "gender wage gap", "gender wage gap myth", "wage gap", "social value", "michael sartain course", "looks money status", "social circle mentorship", "michael sartain social circle game", "men of action podcast", "men of action course"], "category_id": "24", "live_broadcast_content": "none", "duration": 34.0, "dimension": "2d", "definition": "hd", "caption": "false", "view_count": 3816, "like_count": 127, "comment_count": 4, "channel_info": {"title": "Michael Sartain", "description": "\ud83c\udf99Host of The\u00a0Michael Sartain Podcast \n\n\ud83d\udd25Teaching you how to build a network of desirable women and high-status men\n\n\ud83d\udc47 Click the \"Men of Action\" link below now to forge a high-status lifestyle and join the elites \n", "subscriber_count": "80500", "total_views": "29545897", "total_videos": "1481"}, "comments": [], "file_path": "/Users/aelaguiz/workspace/fc_book/audio/raws/kj2v4PBo_Yc.mp3", "transcription": "{\"text\": \"I like my men like I like my cars, you know, American and muscled, and so that definitely encompasses everybody in the military. There you go. Yeah, some of us were muscled. Captain. Some of the pilots, maybe not so much, but the navigators, we were all in good shape. In theory. Yes, in theory. For someone who's never been to Babes in Toyland before, can you describe it? Oh, it is just a culmination of all these wonderful girls and all these amazing donators, and we have an amazing time. Those were literally just one of my favorite things every six months, just to get together and connect and raise funds. \", \"segments\": [{\"id\": 0, \"seek\": 0, \"start\": 0.0, \"end\": 5.199999809265137, \"text\": \" I like my men like I like my cars, you know, American and muscled, and so that definitely\", \"tokens\": [50364, 286, 411, 452, 1706, 411, 286, 411, 452, 5163, 11, 291, 458, 11, 2665, 293, 1038, 24804, 11, 293, 370, 300, 2138, 50624], \"temperature\": 0.0, \"avg_logprob\": -0.29047220945358276, \"compression_ratio\": 1.6399999856948853, \"no_speech_prob\": 0.09768883138895035}, {\"id\": 1, \"seek\": 0, \"start\": 5.199999809265137, \"end\": 7.159999847412109, \"text\": \" encompasses everybody in the military.\", \"tokens\": [50624, 49866, 2201, 294, 264, 4632, 13, 50722], \"temperature\": 0.0, \"avg_logprob\": -0.29047220945358276, \"compression_ratio\": 1.6399999856948853, \"no_speech_prob\": 0.09768883138895035}, {\"id\": 2, \"seek\": 0, \"start\": 7.159999847412109, \"end\": 8.15999984741211, \"text\": \" There you go.\", \"tokens\": [50722, 821, 291, 352, 13, 50772], \"temperature\": 0.0, \"avg_logprob\": -0.29047220945358276, \"compression_ratio\": 1.6399999856948853, \"no_speech_prob\": 0.09768883138895035}, {\"id\": 3, \"seek\": 0, \"start\": 8.15999984741211, \"end\": 9.15999984741211, \"text\": \" Yeah, some of us were muscled.\", \"tokens\": [50772, 865, 11, 512, 295, 505, 645, 1038, 24804, 13, 50822], \"temperature\": 0.0, \"avg_logprob\": -0.29047220945358276, \"compression_ratio\": 1.6399999856948853, \"no_speech_prob\": 0.09768883138895035}, {\"id\": 4, \"seek\": 0, \"start\": 9.15999984741211, \"end\": 10.15999984741211, \"text\": \" Captain.\", \"tokens\": [50822, 10873, 13, 50872], \"temperature\": 0.0, \"avg_logprob\": -0.29047220945358276, \"compression_ratio\": 1.6399999856948853, \"no_speech_prob\": 0.09768883138895035}, {\"id\": 5, \"seek\": 0, \"start\": 10.15999984741211, \"end\": 13.720000267028809, \"text\": \" Some of the pilots, maybe not so much, but the navigators, we were all in good shape.\", \"tokens\": [50872, 2188, 295, 264, 21506, 11, 1310, 406, 370, 709, 11, 457, 264, 7407, 3391, 11, 321, 645, 439, 294, 665, 3909, 13, 51050], \"temperature\": 0.0, \"avg_logprob\": -0.29047220945358276, \"compression_ratio\": 1.6399999856948853, \"no_speech_prob\": 0.09768883138895035}, {\"id\": 6, \"seek\": 0, \"start\": 13.720000267028809, \"end\": 14.720000267028809, \"text\": \" In theory.\", \"tokens\": [51050, 682, 5261, 13, 51100], \"temperature\": 0.0, \"avg_logprob\": -0.29047220945358276, \"compression_ratio\": 1.6399999856948853, \"no_speech_prob\": 0.09768883138895035}, {\"id\": 7, \"seek\": 0, \"start\": 14.720000267028809, \"end\": 15.720000267028809, \"text\": \" Yes, in theory.\", \"tokens\": [51100, 1079, 11, 294, 5261, 13, 51150], \"temperature\": 0.0, \"avg_logprob\": -0.29047220945358276, \"compression_ratio\": 1.6399999856948853, \"no_speech_prob\": 0.09768883138895035}, {\"id\": 8, \"seek\": 0, \"start\": 15.720000267028809, \"end\": 17.8799991607666, \"text\": \" For someone who's never been to Babes in Toyland before, can you describe it?\", \"tokens\": [51150, 1171, 1580, 567, 311, 1128, 668, 281, 15820, 279, 294, 15708, 1661, 949, 11, 393, 291, 6786, 309, 30, 51258], \"temperature\": 0.0, \"avg_logprob\": -0.29047220945358276, \"compression_ratio\": 1.6399999856948853, \"no_speech_prob\": 0.09768883138895035}, {\"id\": 9, \"seek\": 0, \"start\": 17.8799991607666, \"end\": 24.280000686645508, \"text\": \" Oh, it is just a culmination of all these wonderful girls and all these amazing donators,\", \"tokens\": [51258, 876, 11, 309, 307, 445, 257, 28583, 399, 295, 439, 613, 3715, 4519, 293, 439, 613, 2243, 500, 3391, 11, 51578], \"temperature\": 0.0, \"avg_logprob\": -0.29047220945358276, \"compression_ratio\": 1.6399999856948853, \"no_speech_prob\": 0.09768883138895035}, {\"id\": 10, \"seek\": 0, \"start\": 24.280000686645508, \"end\": 26.31999969482422, \"text\": \" and we have an amazing time.\", \"tokens\": [51578, 293, 321, 362, 364, 2243, 565, 13, 51680], \"temperature\": 0.0, \"avg_logprob\": -0.29047220945358276, \"compression_ratio\": 1.6399999856948853, \"no_speech_prob\": 0.09768883138895035}, {\"id\": 11, \"seek\": 2632, \"start\": 26.31999969482422, \"end\": 29.68000030517578, \"text\": \" Those were literally just one of my favorite things every six months, just to get together\", \"tokens\": [50364, 3950, 645, 3736, 445, 472, 295, 452, 2954, 721, 633, 2309, 2493, 11, 445, 281, 483, 1214, 50532], \"temperature\": 0.0, \"avg_logprob\": -0.466713011264801, \"compression_ratio\": 1.2020201683044434, \"no_speech_prob\": 0.4608891010284424}, {\"id\": 12, \"seek\": 2632, \"start\": 29.68000030517578, \"end\": 32.599998474121094, \"text\": \" and connect and raise funds.\", \"tokens\": [50532, 293, 1745, 293, 5300, 8271, 13, 50678], \"temperature\": 0.0, \"avg_logprob\": -0.466713011264801, \"compression_ratio\": 1.2020201683044434, \"no_speech_prob\": 0.4608891010284424}]}"}