{"title": "do women mature earlier than men?\ud83e\udd14", "video_id": "KKZxi2bI6BM", "video_url": "https://www.youtube.com/watch?v=KKZxi2bI6BM", "description": "Watch The Full Thing Here : \n\u2014\u2014\u2014\u2014\u2014\u2014\u2014\u2014\u2014\u2014\u2014\u2014\u2014\u2014\u2014\u2014\u2014\u2014\u2014\u2014\nReady to build a network of amazing women and high-status men?\n\nMichael\u2019s Men of Action is a one-on-one Master\u2019s program that teaches men how to create elite \nsocial lives by becoming higher status.\n\nClick this link to learn how you can have a High-Status lifestyle now:\nhttps://m.moamentoring.com/podcast\n\nClick here to join the Men of Action community and watch the High-Status Networking 101 course:\nhttps://m.moamentoring.com/moa-community\n\nInterested in joining the Men of Action sales team? Apply here:\nhttps://www.moamentoring.com/jobs/sales\n\nMen of Action has an affiliate program! Post pre-made content and get paid passively:\nhttps://www.moamentoring.com/affiliate\n\u2014\u2014\u2014\u2014\u2014\u2014\u2014\u2014\u2014\u2014\u2014\u2014\u2014\u2014\u2014\u2014\u2014\u2014\u2014\u2014\n\nSubscribe on Youtube: \nhttps://www.youtube.com/user/MichaelSartain\n\nListen on Apple Podcast: \nhttps://podcasts.apple.com/us/podcast/the-michael-sartain-podcast/id1579791157\n\nListen on Spotify: \nhttps://open.spotify.com/show/2faAYwvDD9Bvkpwv6umlPO?si=8Q3ak9HnSlKjuChsTXr6YQ&dl_branch=1\n\n#michael #michaelsartain #michael_sartain #michael_sartain_podcast", "published_at": "2023-12-30T18:08:29Z", "channel_id": "UC0T1bDzajVefRWx4uKdGyuw", "channel_title": "Michael Sartain", "tags": ["Michael", "Michael Sartain", "Michael Sartain Podcast", "Michael Podcast", "MOA", "Men Of Action", "Michael Sartain Course", "Michael Sartain With Hot Women", "Playboy", "Swimsuit", "Swimsuit Competition", "ichael sartain social circle", "social circle", "how to netowrk", "moa", "moa podcast", "gender wage gap", "gender wage gap myth", "wage gap", "social value", "michael sartain course", "looks money status", "social circle mentorship", "michael sartain social circle game", "men of action podcast", "men of action course"], "category_id": "24", "live_broadcast_content": "none", "duration": 30.0, "dimension": "2d", "definition": "hd", "caption": "false", "view_count": 7076, "like_count": 119, "comment_count": 30, "channel_info": {"title": "Michael Sartain", "description": "\ud83c\udf99Host of The\u00a0Michael Sartain Podcast \n\n\ud83d\udd25Teaching you how to build a network of desirable women and high-status men\n\n\ud83d\udc47 Click the \"Men of Action\" link below now to forge a high-status lifestyle and join the elites \n", "subscriber_count": "80500", "total_views": "29545897", "total_videos": "1481"}, "comments": [], "file_path": "/Users/aelaguiz/workspace/fc_book/audio/raws/KKZxi2bI6BM.mp3", "transcription": "{\"text\": \"My girlfriend is so much more advanced than I was when I was 21. She is ready to start different things in her life, like owning a home and starting a family that I had no interest in when I was in 21. I wanted to play video games and go to bars and chase women. She's so much further along than I am maturity wise when I was her age. Yeah. Women in general, probably mature a lot younger than men. Takes us a while to get there. Cause like you said, we are playing video games, playing sports outside and just chasing girls for one night stands. There isn't really a lot of thought process behind the decisions. \", \"segments\": [{\"id\": 0, \"seek\": 0, \"start\": 0.0, \"end\": 3.640000104904175, \"text\": \" My girlfriend is so much more advanced than I was when I was 21.\", \"tokens\": [50364, 1222, 10369, 307, 370, 709, 544, 7339, 813, 286, 390, 562, 286, 390, 5080, 13, 50546], \"temperature\": 0.0, \"avg_logprob\": -0.2747829854488373, \"compression_ratio\": 1.7239437103271484, \"no_speech_prob\": 4.5012748159933835e-05}, {\"id\": 1, \"seek\": 0, \"start\": 3.680000066757202, \"end\": 7.0, \"text\": \" She is ready to start different things in her life, like owning a\", \"tokens\": [50548, 1240, 307, 1919, 281, 722, 819, 721, 294, 720, 993, 11, 411, 29820, 257, 50714], \"temperature\": 0.0, \"avg_logprob\": -0.2747829854488373, \"compression_ratio\": 1.7239437103271484, \"no_speech_prob\": 4.5012748159933835e-05}, {\"id\": 2, \"seek\": 0, \"start\": 7.0, \"end\": 10.039999961853027, \"text\": \" home and starting a family that I had no interest in when I was in 21.\", \"tokens\": [50714, 1280, 293, 2891, 257, 1605, 300, 286, 632, 572, 1179, 294, 562, 286, 390, 294, 5080, 13, 50866], \"temperature\": 0.0, \"avg_logprob\": -0.2747829854488373, \"compression_ratio\": 1.7239437103271484, \"no_speech_prob\": 4.5012748159933835e-05}, {\"id\": 3, \"seek\": 0, \"start\": 10.039999961853027, \"end\": 13.199999809265137, \"text\": \" I wanted to play video games and go to bars and chase women.\", \"tokens\": [50866, 286, 1415, 281, 862, 960, 2813, 293, 352, 281, 10228, 293, 15359, 2266, 13, 51024], \"temperature\": 0.0, \"avg_logprob\": -0.2747829854488373, \"compression_ratio\": 1.7239437103271484, \"no_speech_prob\": 4.5012748159933835e-05}, {\"id\": 4, \"seek\": 0, \"start\": 13.239999771118164, \"end\": 16.799999237060547, \"text\": \" She's so much further along than I am maturity wise when I was her age.\", \"tokens\": [51026, 1240, 311, 370, 709, 3052, 2051, 813, 286, 669, 28874, 10829, 562, 286, 390, 720, 3205, 13, 51204], \"temperature\": 0.0, \"avg_logprob\": -0.2747829854488373, \"compression_ratio\": 1.7239437103271484, \"no_speech_prob\": 4.5012748159933835e-05}, {\"id\": 5, \"seek\": 0, \"start\": 16.84000015258789, \"end\": 17.040000915527344, \"text\": \" Yeah.\", \"tokens\": [51206, 865, 13, 51216], \"temperature\": 0.0, \"avg_logprob\": -0.2747829854488373, \"compression_ratio\": 1.7239437103271484, \"no_speech_prob\": 4.5012748159933835e-05}, {\"id\": 6, \"seek\": 0, \"start\": 17.040000915527344, \"end\": 19.8799991607666, \"text\": \" Women in general, probably mature a lot younger than men.\", \"tokens\": [51216, 11065, 294, 2674, 11, 1391, 14442, 257, 688, 7037, 813, 1706, 13, 51358], \"temperature\": 0.0, \"avg_logprob\": -0.2747829854488373, \"compression_ratio\": 1.7239437103271484, \"no_speech_prob\": 4.5012748159933835e-05}, {\"id\": 7, \"seek\": 0, \"start\": 19.920000076293945, \"end\": 21.280000686645508, \"text\": \" Takes us a while to get there.\", \"tokens\": [51360, 44347, 505, 257, 1339, 281, 483, 456, 13, 51428], \"temperature\": 0.0, \"avg_logprob\": -0.2747829854488373, \"compression_ratio\": 1.7239437103271484, \"no_speech_prob\": 4.5012748159933835e-05}, {\"id\": 8, \"seek\": 0, \"start\": 21.280000686645508, \"end\": 24.239999771118164, \"text\": \" Cause like you said, we are playing video games, playing sports outside and\", \"tokens\": [51428, 10865, 411, 291, 848, 11, 321, 366, 2433, 960, 2813, 11, 2433, 6573, 2380, 293, 51576], \"temperature\": 0.0, \"avg_logprob\": -0.2747829854488373, \"compression_ratio\": 1.7239437103271484, \"no_speech_prob\": 4.5012748159933835e-05}, {\"id\": 9, \"seek\": 0, \"start\": 24.239999771118164, \"end\": 26.200000762939453, \"text\": \" just chasing girls for one night stands.\", \"tokens\": [51576, 445, 17876, 4519, 337, 472, 1818, 7382, 13, 51674], \"temperature\": 0.0, \"avg_logprob\": -0.2747829854488373, \"compression_ratio\": 1.7239437103271484, \"no_speech_prob\": 4.5012748159933835e-05}, {\"id\": 10, \"seek\": 0, \"start\": 26.239999771118164, \"end\": 28.959999084472656, \"text\": \" There isn't really a lot of thought process behind the decisions.\", \"tokens\": [51676, 821, 1943, 380, 534, 257, 688, 295, 1194, 1399, 2261, 264, 5327, 13, 51812], \"temperature\": 0.0, \"avg_logprob\": -0.2747829854488373, \"compression_ratio\": 1.7239437103271484, \"no_speech_prob\": 4.5012748159933835e-05}]}"}