{"title": "Men are being conditioned to become weak", "video_id": "koyDfRgCpAw", "video_url": "https://www.youtube.com/watch?v=koyDfRgCpAw", "description": "Watch The Full Thing Here : \n\u2014\u2014\u2014\u2014\u2014\u2014\u2014\u2014\u2014\u2014\u2014\u2014\u2014\u2014\u2014\u2014\u2014\u2014\u2014\u2014\nReady to build a network of amazing women and high-status men?\n\nMichael\u2019s Men of Action is a one-on-one Master\u2019s program that teaches men how to create elite \nsocial lives by becoming higher status.\n\nClick this link to learn how you can have a High-Status lifestyle now:\nhttps://m.moamentoring.com/podcast\n\nClick here to join the Men of Action community and watch the High-Status Networking 101 course:\nhttps://m.moamentoring.com/moa-community\n\nInterested in joining the Men of Action sales team? Apply here:\nhttps://www.moamentoring.com/jobs/sales\n\nMen of Action has an affiliate program! Post pre-made content and get paid passively:\nhttps://www.moamentoring.com/affiliate\n\u2014\u2014\u2014\u2014\u2014\u2014\u2014\u2014\u2014\u2014\u2014\u2014\u2014\u2014\u2014\u2014\u2014\u2014\u2014\u2014\n\nSubscribe on Youtube: \nhttps://www.youtube.com/user/MichaelSartain\n\nListen on Apple Podcast: \nhttps://podcasts.apple.com/us/podcast/the-michael-sartain-podcast/id1579791157\n\nListen on Spotify: \nhttps://open.spotify.com/show/2faAYwvDD9Bvkpwv6umlPO?si=8Q3ak9HnSlKjuChsTXr6YQ&dl_branch=1\n\n#michael #michaelsartain #michael_sartain #michael_sartain_podcast", "published_at": "2023-12-29T18:00:19Z", "channel_id": "UC0T1bDzajVefRWx4uKdGyuw", "channel_title": "Michael Sartain", "tags": ["Michael", "Michael Sartain", "Michael Sartain Podcast", "Michael Podcast", "MOA", "Men Of Action", "Michael Sartain Course", "Michael Sartain With Hot Women", "Playboy", "Swimsuit", "Swimsuit Competition", "ichael sartain social circle", "social circle", "how to netowrk", "moa", "moa podcast", "gender wage gap", "gender wage gap myth", "wage gap", "social value", "michael sartain course", "looks money status", "social circle mentorship", "michael sartain social circle game", "men of action podcast", "men of action course"], "category_id": "24", "live_broadcast_content": "none", "duration": 39.0, "dimension": "2d", "definition": "hd", "caption": "false", "view_count": 4369, "like_count": 201, "comment_count": 7, "channel_info": {"title": "Michael Sartain", "description": "\ud83c\udf99Host of The\u00a0Michael Sartain Podcast \n\n\ud83d\udd25Teaching you how to build a network of desirable women and high-status men\n\n\ud83d\udc47 Click the \"Men of Action\" link below now to forge a high-status lifestyle and join the elites \n", "subscriber_count": "80500", "total_views": "29545897", "total_videos": "1481"}, "comments": [], "file_path": "/Users/aelaguiz/workspace/fc_book/audio/raws/koyDfRgCpAw.mp3", "transcription": "{\"text\": \"That testosterone energy that you have when you're horny as a man is meant to make you go conquer so you can get the rewards of recreating. That's how we were designed as human beings. You go show that you're worthy and you can recreate yourself with a woman. You can create another being. But now men are losing that edge. They're not as fierce, they're not as bold. Like you mentioned earlier, a lot of men are being taught to be more feminized and live with your emotions, speak out your emotions, all this bullshit. And I think a lot of men are being forced into the corner to be more weak. If they don't quickly identify this problem, stop it, and move on to another direction, it's going to be hard for you to be successful in any area of your life. \", \"segments\": [{\"id\": 0, \"seek\": 0, \"start\": 0.0, \"end\": 5.0, \"text\": \" That testosterone energy that you have when you're horny as a man is meant to make you go conquer\", \"tokens\": [50364, 663, 33417, 2281, 300, 291, 362, 562, 291, 434, 2569, 1634, 382, 257, 587, 307, 4140, 281, 652, 291, 352, 24136, 50614], \"temperature\": 0.0, \"avg_logprob\": -0.2644060254096985, \"compression_ratio\": 1.7593220472335815, \"no_speech_prob\": 0.013213824480772018}, {\"id\": 1, \"seek\": 0, \"start\": 5.0, \"end\": 7.300000190734863, \"text\": \" so you can get the rewards of recreating.\", \"tokens\": [50614, 370, 291, 393, 483, 264, 17203, 295, 850, 44613, 13, 50729], \"temperature\": 0.0, \"avg_logprob\": -0.2644060254096985, \"compression_ratio\": 1.7593220472335815, \"no_speech_prob\": 0.013213824480772018}, {\"id\": 2, \"seek\": 0, \"start\": 7.300000190734863, \"end\": 10.0, \"text\": \" That's how we were designed as human beings.\", \"tokens\": [50729, 663, 311, 577, 321, 645, 4761, 382, 1952, 8958, 13, 50864], \"temperature\": 0.0, \"avg_logprob\": -0.2644060254096985, \"compression_ratio\": 1.7593220472335815, \"no_speech_prob\": 0.013213824480772018}, {\"id\": 3, \"seek\": 0, \"start\": 10.0, \"end\": 13.899999618530273, \"text\": \" You go show that you're worthy and you can recreate yourself with a woman.\", \"tokens\": [50864, 509, 352, 855, 300, 291, 434, 14829, 293, 291, 393, 25833, 1803, 365, 257, 3059, 13, 51059], \"temperature\": 0.0, \"avg_logprob\": -0.2644060254096985, \"compression_ratio\": 1.7593220472335815, \"no_speech_prob\": 0.013213824480772018}, {\"id\": 4, \"seek\": 0, \"start\": 13.899999618530273, \"end\": 15.399999618530273, \"text\": \" You can create another being.\", \"tokens\": [51059, 509, 393, 1884, 1071, 885, 13, 51134], \"temperature\": 0.0, \"avg_logprob\": -0.2644060254096985, \"compression_ratio\": 1.7593220472335815, \"no_speech_prob\": 0.013213824480772018}, {\"id\": 5, \"seek\": 0, \"start\": 15.399999618530273, \"end\": 17.200000762939453, \"text\": \" But now men are losing that edge.\", \"tokens\": [51134, 583, 586, 1706, 366, 7027, 300, 4691, 13, 51224], \"temperature\": 0.0, \"avg_logprob\": -0.2644060254096985, \"compression_ratio\": 1.7593220472335815, \"no_speech_prob\": 0.013213824480772018}, {\"id\": 6, \"seek\": 0, \"start\": 17.200000762939453, \"end\": 18.899999618530273, \"text\": \" They're not as fierce, they're not as bold.\", \"tokens\": [51224, 814, 434, 406, 382, 25341, 11, 436, 434, 406, 382, 11928, 13, 51309], \"temperature\": 0.0, \"avg_logprob\": -0.2644060254096985, \"compression_ratio\": 1.7593220472335815, \"no_speech_prob\": 0.013213824480772018}, {\"id\": 7, \"seek\": 0, \"start\": 18.899999618530273, \"end\": 22.799999237060547, \"text\": \" Like you mentioned earlier, a lot of men are being taught to be more feminized\", \"tokens\": [51309, 1743, 291, 2835, 3071, 11, 257, 688, 295, 1706, 366, 885, 5928, 281, 312, 544, 11155, 1602, 51504], \"temperature\": 0.0, \"avg_logprob\": -0.2644060254096985, \"compression_ratio\": 1.7593220472335815, \"no_speech_prob\": 0.013213824480772018}, {\"id\": 8, \"seek\": 0, \"start\": 22.799999237060547, \"end\": 26.299999237060547, \"text\": \" and live with your emotions, speak out your emotions, all this bullshit.\", \"tokens\": [51504, 293, 1621, 365, 428, 8462, 11, 1710, 484, 428, 8462, 11, 439, 341, 22676, 13, 51679], \"temperature\": 0.0, \"avg_logprob\": -0.2644060254096985, \"compression_ratio\": 1.7593220472335815, \"no_speech_prob\": 0.013213824480772018}, {\"id\": 9, \"seek\": 2630, \"start\": 26.299999237060547, \"end\": 30.200000762939453, \"text\": \" And I think a lot of men are being forced into the corner to be more weak.\", \"tokens\": [50364, 400, 286, 519, 257, 688, 295, 1706, 366, 885, 7579, 666, 264, 4538, 281, 312, 544, 5336, 13, 50559], \"temperature\": 0.0, \"avg_logprob\": -0.20122112333774567, \"compression_ratio\": 1.4329267740249634, \"no_speech_prob\": 0.06181354820728302}, {\"id\": 10, \"seek\": 2630, \"start\": 30.200000762939453, \"end\": 35.400001525878906, \"text\": \" If they don't quickly identify this problem, stop it, and move on to another direction,\", \"tokens\": [50559, 759, 436, 500, 380, 2661, 5876, 341, 1154, 11, 1590, 309, 11, 293, 1286, 322, 281, 1071, 3513, 11, 50819], \"temperature\": 0.0, \"avg_logprob\": -0.20122112333774567, \"compression_ratio\": 1.4329267740249634, \"no_speech_prob\": 0.06181354820728302}, {\"id\": 11, \"seek\": 2630, \"start\": 35.400001525878906, \"end\": 38.0, \"text\": \" it's going to be hard for you to be successful in any area of your life.\", \"tokens\": [50819, 309, 311, 516, 281, 312, 1152, 337, 291, 281, 312, 4406, 294, 604, 1859, 295, 428, 993, 13, 50949], \"temperature\": 0.0, \"avg_logprob\": -0.20122112333774567, \"compression_ratio\": 1.4329267740249634, \"no_speech_prob\": 0.06181354820728302}]}"}