{"title": "Marriage And Commitment Are Girls Dreams, Not Boys", "video_id": "KriDjMXjHLA", "video_url": "https://www.youtube.com/watch?v=KriDjMXjHLA", "description": "Watch The Full Podcast Here \ud83d\udd17: https://youtu.be/Z6iGo02Wl1A\n\nReady to build a network of amazing women and high-status men?\n\nMichael\u2019s Men of Action is a one-on-one Master\u2019s program that teaches men how to create elite social lives by becoming higher status.\n\nClick this link to learn how you can have a High-Status lifestyle now:\nhttps://m.moamentoring.com/podcast\n\nClick here to join the Men of Action community and watch the High-Status Networking 101 course:\nhttps://m.moamentoring.com/moa-community\n\u2014\u2014\u2014\u2014\u2014\u2014\u2014\u2014\u2014\u2014\u2014\u2014\u2014\u2014\u2014\u2014\u2014\u2014\u2014\u2014\n\nSubscribe on Youtube: \nhttps://www.youtube.com/user/MichaelSartain\n\nListen on Apple Podcast: \nhttps://podcasts.apple.com/us/podcast/the-michael-sartain-podcast/id1579791157\n\nListen on Spotify: \nhttps://open.spotify.com/show/2faAYwvDD9Bvkpwv6umlPO?si=8Q3ak9HnSlKjuChsTXr6YQ&dl_branch=1\n\n#Michael #MichaelSartain #Michael_Sartain #Michael_Sartain_Podcast", "published_at": "2023-06-23T13:45:01Z", "channel_id": "UC0T1bDzajVefRWx4uKdGyuw", "channel_title": "Michael Sartain", "tags": ["Michael", "Michael Sartain", "Michael Sartain Podcast", "Michael Podcast", "MOA", "Men Of Action", "men of action", "Michael Sartain Course", "Michael Sartain With Hot Women", "Rollo", "Rollo Tommasi", "Playboy", "Swimsuit", "Swimsuit Competition"], "category_id": "24", "live_broadcast_content": "none", "duration": 225.0, "dimension": "2d", "definition": "hd", "caption": "false", "view_count": 4297, "like_count": 168, "comment_count": 22, "channel_info": {"title": "Michael Sartain", "description": "\ud83c\udf99Host of The\u00a0Michael Sartain Podcast \n\n\ud83d\udd25Teaching you how to build a network of desirable women and high-status men\n\n\ud83d\udc47 Click the \"Men of Action\" link below now to forge a high-status lifestyle and join the elites \n", "subscriber_count": "80500", "total_views": "29545897", "total_videos": "1481"}, "comments": [], "file_path": "/Users/aelaguiz/workspace/fc_book/audio/raws/KriDjMXjHLA.mp3", "transcription": "{\"text\": \"We don't say, I want to be a groom. That is not something boys grow up to be. I got bad news for the ladies who are out there. Women, a lot of times, when they go through, after they go through puberty or near puberty, you ask them what do they want to be, and they'll say fairy princess or a bride, or something to the effect of like, I can't wait to get married, and something like that. Men don't do that. We don't grow up, we say we want to, when we grow up, we say we want to be an astronaut, we want to be a fucking doctor, we want to be a firefighter, we want to be a superhero. We don't say, I want to be a groom. That is not something boys grow up to be. Does that make sense? For us, marriage is something that allows us security, but the wedding is not for the man, it's for the woman. I think we can all agree, right? She's the one making the decisions in the wedding. So when you have that type of situation, what a guy would want is, how can I keep her close enough in an orbit where I receive validation and or sex, but not commit? And a lot of times, I'm not saying 100% that this is the situation that you're going through. Well, he's literally saying he can't commit. Yeah, that's exactly. But do you understand, you're putting in all this effort, but do you understand how convenient it is? It's like you took the OF down and he still can't commit. Now, if it was a situation where it was like he would have never committed, but I'll bet you if we go through his past, it might be a situation where he was never gonna commit with anyone ever, and this just gives him a very easy excuse. You see this oftentimes with couples that are very toxic or passive aggressive, where they'll come up with things, they'll legitimately save things for later to use in order to eject from a social situation or start a fight. Or a lot of times, someone in the couple will do something like, well, I can't believe you did this and they storm out, but they stormed out because they had a date with someone else. You understand what I'm saying? Like, and they're doing that behind your back. A lot of times that'll happen and we won't know until after there's a lot of dudes really pissed at me right now. There's a lot of future memes that are pissed at me, right? As I give the game away to both sides. So that's essentially what's going on. And I've seen guys do this and I've seen girls do this, right, because that's what we'll do. But people will get confused and be like, no, but he said all these words and he did all these things and he validate me in so many different ways. That does not imply that he wants to be in a committed monogamous relationship. That is not what that implies. What it implies is that he wants the validation. Again, if you guys, if you had a brother or a cousin, a male cousin, okay, family member, and he came to you and he was saying something effective, she keeps sending me like implied nudes, but whenever I ask her to come hang out with me, she never comes to hang out with me. What would you tell your cousin? You'd be like, she's- She just wants attention. She wants attention. She's bullshitting. But in his mind, he's like, no, no, but she keeps complying by sending me semi-nude, implied, whatever. So that means she likes me. Does that make sense? Do you see how it's confusing? How one thing is like words or in this case, photos, and the other thing is an action. You remember when I had Knight and Bishop, we did the debate and he goes, Michael, how can you teach men to figure out whether or not women are genuinely sexually attracted to you? And I was like, and I couldn't figure out the question. I was like, why are you asking me this? He goes, how do you figure out if a woman really is genuinely sexually attracted to you? And I was like, yeah, because they have sex with you. That's why they do it. But when people were like, how do you figure out if a man really wants to get married to you? He asks you to marry him. That's how you do it. It's not from reading a book on love languages. People will make the difference from their actions. Like the analogy I used with you last night when we were talking about people who love their country. Those men who stormed Normandy Beach in 44, to me, they didn't get emotional and they weren't histrionic. They showed their love for their country by being willing to die for it. You show your love for your country through actions. Through actions. And man, the world gets so much simpler when you just remove the words and all the chaff and all the fucking distractions, and you just pay attention to people's fucking actions. Everything becomes clear. \", \"segments\": [{\"id\": 0, \"seek\": 0, \"start\": 0.0, \"end\": 1.6799999475479126, \"text\": \" We don't say, I want to be a groom.\", \"tokens\": [50364, 492, 500, 380, 584, 11, 286, 528, 281, 312, 257, 22198, 13, 50448], \"temperature\": 0.0, \"avg_logprob\": -0.20978592336177826, \"compression_ratio\": 2.069999933242798, \"no_speech_prob\": 0.003122790716588497}, {\"id\": 1, \"seek\": 0, \"start\": 1.6799999475479126, \"end\": 4.599999904632568, \"text\": \" That is not something boys grow up to be.\", \"tokens\": [50448, 663, 307, 406, 746, 6347, 1852, 493, 281, 312, 13, 50594], \"temperature\": 0.0, \"avg_logprob\": -0.20978592336177826, \"compression_ratio\": 2.069999933242798, \"no_speech_prob\": 0.003122790716588497}, {\"id\": 2, \"seek\": 0, \"start\": 4.599999904632568, \"end\": 7.28000020980835, \"text\": \" I got bad news for the ladies who are out there.\", \"tokens\": [50594, 286, 658, 1578, 2583, 337, 264, 9974, 567, 366, 484, 456, 13, 50728], \"temperature\": 0.0, \"avg_logprob\": -0.20978592336177826, \"compression_ratio\": 2.069999933242798, \"no_speech_prob\": 0.003122790716588497}, {\"id\": 3, \"seek\": 0, \"start\": 7.28000020980835, \"end\": 8.960000038146973, \"text\": \" Women, a lot of times, when they go through,\", \"tokens\": [50728, 11065, 11, 257, 688, 295, 1413, 11, 562, 436, 352, 807, 11, 50812], \"temperature\": 0.0, \"avg_logprob\": -0.20978592336177826, \"compression_ratio\": 2.069999933242798, \"no_speech_prob\": 0.003122790716588497}, {\"id\": 4, \"seek\": 0, \"start\": 8.960000038146973, \"end\": 10.640000343322754, \"text\": \" after they go through puberty or near puberty,\", \"tokens\": [50812, 934, 436, 352, 807, 2362, 48501, 420, 2651, 2362, 48501, 11, 50896], \"temperature\": 0.0, \"avg_logprob\": -0.20978592336177826, \"compression_ratio\": 2.069999933242798, \"no_speech_prob\": 0.003122790716588497}, {\"id\": 5, \"seek\": 0, \"start\": 10.640000343322754, \"end\": 11.520000457763672, \"text\": \" you ask them what do they want to be,\", \"tokens\": [50896, 291, 1029, 552, 437, 360, 436, 528, 281, 312, 11, 50940], \"temperature\": 0.0, \"avg_logprob\": -0.20978592336177826, \"compression_ratio\": 2.069999933242798, \"no_speech_prob\": 0.003122790716588497}, {\"id\": 6, \"seek\": 0, \"start\": 11.520000457763672, \"end\": 13.399999618530273, \"text\": \" and they'll say fairy princess or a bride,\", \"tokens\": [50940, 293, 436, 603, 584, 19104, 14742, 420, 257, 22292, 11, 51034], \"temperature\": 0.0, \"avg_logprob\": -0.20978592336177826, \"compression_ratio\": 2.069999933242798, \"no_speech_prob\": 0.003122790716588497}, {\"id\": 7, \"seek\": 0, \"start\": 13.399999618530273, \"end\": 14.600000381469727, \"text\": \" or something to the effect of like,\", \"tokens\": [51034, 420, 746, 281, 264, 1802, 295, 411, 11, 51094], \"temperature\": 0.0, \"avg_logprob\": -0.20978592336177826, \"compression_ratio\": 2.069999933242798, \"no_speech_prob\": 0.003122790716588497}, {\"id\": 8, \"seek\": 0, \"start\": 14.600000381469727, \"end\": 16.84000015258789, \"text\": \" I can't wait to get married, and something like that.\", \"tokens\": [51094, 286, 393, 380, 1699, 281, 483, 5259, 11, 293, 746, 411, 300, 13, 51206], \"temperature\": 0.0, \"avg_logprob\": -0.20978592336177826, \"compression_ratio\": 2.069999933242798, \"no_speech_prob\": 0.003122790716588497}, {\"id\": 9, \"seek\": 0, \"start\": 16.84000015258789, \"end\": 19.200000762939453, \"text\": \" Men don't do that.\", \"tokens\": [51206, 6685, 500, 380, 360, 300, 13, 51324], \"temperature\": 0.0, \"avg_logprob\": -0.20978592336177826, \"compression_ratio\": 2.069999933242798, \"no_speech_prob\": 0.003122790716588497}, {\"id\": 10, \"seek\": 0, \"start\": 19.200000762939453, \"end\": 21.280000686645508, \"text\": \" We don't grow up, we say we want to,\", \"tokens\": [51324, 492, 500, 380, 1852, 493, 11, 321, 584, 321, 528, 281, 11, 51428], \"temperature\": 0.0, \"avg_logprob\": -0.20978592336177826, \"compression_ratio\": 2.069999933242798, \"no_speech_prob\": 0.003122790716588497}, {\"id\": 11, \"seek\": 0, \"start\": 21.280000686645508, \"end\": 23.239999771118164, \"text\": \" when we grow up, we say we want to be an astronaut,\", \"tokens\": [51428, 562, 321, 1852, 493, 11, 321, 584, 321, 528, 281, 312, 364, 18516, 11, 51526], \"temperature\": 0.0, \"avg_logprob\": -0.20978592336177826, \"compression_ratio\": 2.069999933242798, \"no_speech_prob\": 0.003122790716588497}, {\"id\": 12, \"seek\": 0, \"start\": 23.239999771118164, \"end\": 24.360000610351562, \"text\": \" we want to be a fucking doctor,\", \"tokens\": [51526, 321, 528, 281, 312, 257, 5546, 4631, 11, 51582], \"temperature\": 0.0, \"avg_logprob\": -0.20978592336177826, \"compression_ratio\": 2.069999933242798, \"no_speech_prob\": 0.003122790716588497}, {\"id\": 13, \"seek\": 0, \"start\": 24.360000610351562, \"end\": 26.719999313354492, \"text\": \" we want to be a firefighter, we want to be a superhero.\", \"tokens\": [51582, 321, 528, 281, 312, 257, 25256, 260, 11, 321, 528, 281, 312, 257, 19428, 13, 51700], \"temperature\": 0.0, \"avg_logprob\": -0.20978592336177826, \"compression_ratio\": 2.069999933242798, \"no_speech_prob\": 0.003122790716588497}, {\"id\": 14, \"seek\": 0, \"start\": 26.719999313354492, \"end\": 28.399999618530273, \"text\": \" We don't say, I want to be a groom.\", \"tokens\": [51700, 492, 500, 380, 584, 11, 286, 528, 281, 312, 257, 22198, 13, 51784], \"temperature\": 0.0, \"avg_logprob\": -0.20978592336177826, \"compression_ratio\": 2.069999933242798, \"no_speech_prob\": 0.003122790716588497}, {\"id\": 15, \"seek\": 2840, \"start\": 28.479999542236328, \"end\": 31.280000686645508, \"text\": \" That is not something boys grow up to be.\", \"tokens\": [50368, 663, 307, 406, 746, 6347, 1852, 493, 281, 312, 13, 50508], \"temperature\": 0.0, \"avg_logprob\": -0.19732171297073364, \"compression_ratio\": 1.622377634048462, \"no_speech_prob\": 1.8058328350889497e-05}, {\"id\": 16, \"seek\": 2840, \"start\": 31.280000686645508, \"end\": 32.279998779296875, \"text\": \" Does that make sense?\", \"tokens\": [50508, 4402, 300, 652, 2020, 30, 50558], \"temperature\": 0.0, \"avg_logprob\": -0.19732171297073364, \"compression_ratio\": 1.622377634048462, \"no_speech_prob\": 1.8058328350889497e-05}, {\"id\": 17, \"seek\": 2840, \"start\": 32.279998779296875, \"end\": 37.15999984741211, \"text\": \" For us, marriage is something that allows us security,\", \"tokens\": [50558, 1171, 505, 11, 7194, 307, 746, 300, 4045, 505, 3825, 11, 50802], \"temperature\": 0.0, \"avg_logprob\": -0.19732171297073364, \"compression_ratio\": 1.622377634048462, \"no_speech_prob\": 1.8058328350889497e-05}, {\"id\": 18, \"seek\": 2840, \"start\": 37.15999984741211, \"end\": 40.720001220703125, \"text\": \" but the wedding is not for the man, it's for the woman.\", \"tokens\": [50802, 457, 264, 8523, 307, 406, 337, 264, 587, 11, 309, 311, 337, 264, 3059, 13, 50980], \"temperature\": 0.0, \"avg_logprob\": -0.19732171297073364, \"compression_ratio\": 1.622377634048462, \"no_speech_prob\": 1.8058328350889497e-05}, {\"id\": 19, \"seek\": 2840, \"start\": 40.720001220703125, \"end\": 41.91999816894531, \"text\": \" I think we can all agree, right?\", \"tokens\": [50980, 286, 519, 321, 393, 439, 3986, 11, 558, 30, 51040], \"temperature\": 0.0, \"avg_logprob\": -0.19732171297073364, \"compression_ratio\": 1.622377634048462, \"no_speech_prob\": 1.8058328350889497e-05}, {\"id\": 20, \"seek\": 2840, \"start\": 41.91999816894531, \"end\": 45.119998931884766, \"text\": \" She's the one making the decisions in the wedding.\", \"tokens\": [51040, 1240, 311, 264, 472, 1455, 264, 5327, 294, 264, 8523, 13, 51200], \"temperature\": 0.0, \"avg_logprob\": -0.19732171297073364, \"compression_ratio\": 1.622377634048462, \"no_speech_prob\": 1.8058328350889497e-05}, {\"id\": 21, \"seek\": 2840, \"start\": 45.119998931884766, \"end\": 47.279998779296875, \"text\": \" So when you have that type of situation,\", \"tokens\": [51200, 407, 562, 291, 362, 300, 2010, 295, 2590, 11, 51308], \"temperature\": 0.0, \"avg_logprob\": -0.19732171297073364, \"compression_ratio\": 1.622377634048462, \"no_speech_prob\": 1.8058328350889497e-05}, {\"id\": 22, \"seek\": 2840, \"start\": 47.279998779296875, \"end\": 49.91999816894531, \"text\": \" what a guy would want is, how can I keep her\", \"tokens\": [51308, 437, 257, 2146, 576, 528, 307, 11, 577, 393, 286, 1066, 720, 51440], \"temperature\": 0.0, \"avg_logprob\": -0.19732171297073364, \"compression_ratio\": 1.622377634048462, \"no_speech_prob\": 1.8058328350889497e-05}, {\"id\": 23, \"seek\": 2840, \"start\": 49.91999816894531, \"end\": 52.52000045776367, \"text\": \" close enough in an orbit where I receive validation\", \"tokens\": [51440, 1998, 1547, 294, 364, 13991, 689, 286, 4774, 24071, 51570], \"temperature\": 0.0, \"avg_logprob\": -0.19732171297073364, \"compression_ratio\": 1.622377634048462, \"no_speech_prob\": 1.8058328350889497e-05}, {\"id\": 24, \"seek\": 2840, \"start\": 52.52000045776367, \"end\": 55.79999923706055, \"text\": \" and or sex, but not commit?\", \"tokens\": [51570, 293, 420, 3260, 11, 457, 406, 5599, 30, 51734], \"temperature\": 0.0, \"avg_logprob\": -0.19732171297073364, \"compression_ratio\": 1.622377634048462, \"no_speech_prob\": 1.8058328350889497e-05}, {\"id\": 25, \"seek\": 2840, \"start\": 55.79999923706055, \"end\": 57.959999084472656, \"text\": \" And a lot of times, I'm not saying 100%\", \"tokens\": [51734, 400, 257, 688, 295, 1413, 11, 286, 478, 406, 1566, 2319, 4, 51842], \"temperature\": 0.0, \"avg_logprob\": -0.19732171297073364, \"compression_ratio\": 1.622377634048462, \"no_speech_prob\": 1.8058328350889497e-05}, {\"id\": 26, \"seek\": 5796, \"start\": 58.47999954223633, \"end\": 59.31999969482422, \"text\": \" that this is the situation that you're going through.\", \"tokens\": [50390, 300, 341, 307, 264, 2590, 300, 291, 434, 516, 807, 13, 50432], \"temperature\": 0.0, \"avg_logprob\": -0.2568490505218506, \"compression_ratio\": 1.83695650100708, \"no_speech_prob\": 0.0004878421314060688}, {\"id\": 27, \"seek\": 5796, \"start\": 59.31999969482422, \"end\": 61.20000076293945, \"text\": \" Well, he's literally saying he can't commit.\", \"tokens\": [50432, 1042, 11, 415, 311, 3736, 1566, 415, 393, 380, 5599, 13, 50526], \"temperature\": 0.0, \"avg_logprob\": -0.2568490505218506, \"compression_ratio\": 1.83695650100708, \"no_speech_prob\": 0.0004878421314060688}, {\"id\": 28, \"seek\": 5796, \"start\": 61.20000076293945, \"end\": 62.720001220703125, \"text\": \" Yeah, that's exactly.\", \"tokens\": [50526, 865, 11, 300, 311, 2293, 13, 50602], \"temperature\": 0.0, \"avg_logprob\": -0.2568490505218506, \"compression_ratio\": 1.83695650100708, \"no_speech_prob\": 0.0004878421314060688}, {\"id\": 29, \"seek\": 5796, \"start\": 62.720001220703125, \"end\": 64.87999725341797, \"text\": \" But do you understand, you're putting in all this effort,\", \"tokens\": [50602, 583, 360, 291, 1223, 11, 291, 434, 3372, 294, 439, 341, 4630, 11, 50710], \"temperature\": 0.0, \"avg_logprob\": -0.2568490505218506, \"compression_ratio\": 1.83695650100708, \"no_speech_prob\": 0.0004878421314060688}, {\"id\": 30, \"seek\": 5796, \"start\": 64.87999725341797, \"end\": 66.4000015258789, \"text\": \" but do you understand how convenient it is?\", \"tokens\": [50710, 457, 360, 291, 1223, 577, 10851, 309, 307, 30, 50786], \"temperature\": 0.0, \"avg_logprob\": -0.2568490505218506, \"compression_ratio\": 1.83695650100708, \"no_speech_prob\": 0.0004878421314060688}, {\"id\": 31, \"seek\": 5796, \"start\": 66.4000015258789, \"end\": 69.36000061035156, \"text\": \" It's like you took the OF down and he still can't commit.\", \"tokens\": [50786, 467, 311, 411, 291, 1890, 264, 11944, 760, 293, 415, 920, 393, 380, 5599, 13, 50934], \"temperature\": 0.0, \"avg_logprob\": -0.2568490505218506, \"compression_ratio\": 1.83695650100708, \"no_speech_prob\": 0.0004878421314060688}, {\"id\": 32, \"seek\": 5796, \"start\": 69.36000061035156, \"end\": 71.22000122070312, \"text\": \" Now, if it was a situation where it was like\", \"tokens\": [50934, 823, 11, 498, 309, 390, 257, 2590, 689, 309, 390, 411, 51027], \"temperature\": 0.0, \"avg_logprob\": -0.2568490505218506, \"compression_ratio\": 1.83695650100708, \"no_speech_prob\": 0.0004878421314060688}, {\"id\": 33, \"seek\": 5796, \"start\": 71.22000122070312, \"end\": 72.44000244140625, \"text\": \" he would have never committed,\", \"tokens\": [51027, 415, 576, 362, 1128, 7784, 11, 51088], \"temperature\": 0.0, \"avg_logprob\": -0.2568490505218506, \"compression_ratio\": 1.83695650100708, \"no_speech_prob\": 0.0004878421314060688}, {\"id\": 34, \"seek\": 5796, \"start\": 72.44000244140625, \"end\": 74.08000183105469, \"text\": \" but I'll bet you if we go through his past,\", \"tokens\": [51088, 457, 286, 603, 778, 291, 498, 321, 352, 807, 702, 1791, 11, 51170], \"temperature\": 0.0, \"avg_logprob\": -0.2568490505218506, \"compression_ratio\": 1.83695650100708, \"no_speech_prob\": 0.0004878421314060688}, {\"id\": 35, \"seek\": 5796, \"start\": 74.08000183105469, \"end\": 75.86000061035156, \"text\": \" it might be a situation where he was never gonna commit\", \"tokens\": [51170, 309, 1062, 312, 257, 2590, 689, 415, 390, 1128, 799, 5599, 51259], \"temperature\": 0.0, \"avg_logprob\": -0.2568490505218506, \"compression_ratio\": 1.83695650100708, \"no_speech_prob\": 0.0004878421314060688}, {\"id\": 36, \"seek\": 5796, \"start\": 75.86000061035156, \"end\": 77.73999786376953, \"text\": \" with anyone ever, and this just gives him\", \"tokens\": [51259, 365, 2878, 1562, 11, 293, 341, 445, 2709, 796, 51353], \"temperature\": 0.0, \"avg_logprob\": -0.2568490505218506, \"compression_ratio\": 1.83695650100708, \"no_speech_prob\": 0.0004878421314060688}, {\"id\": 37, \"seek\": 5796, \"start\": 77.73999786376953, \"end\": 79.12000274658203, \"text\": \" a very easy excuse.\", \"tokens\": [51353, 257, 588, 1858, 8960, 13, 51422], \"temperature\": 0.0, \"avg_logprob\": -0.2568490505218506, \"compression_ratio\": 1.83695650100708, \"no_speech_prob\": 0.0004878421314060688}, {\"id\": 38, \"seek\": 5796, \"start\": 79.12000274658203, \"end\": 81.95999908447266, \"text\": \" You see this oftentimes with couples that are very toxic\", \"tokens\": [51422, 509, 536, 341, 18349, 365, 20368, 300, 366, 588, 12786, 51564], \"temperature\": 0.0, \"avg_logprob\": -0.2568490505218506, \"compression_ratio\": 1.83695650100708, \"no_speech_prob\": 0.0004878421314060688}, {\"id\": 39, \"seek\": 5796, \"start\": 81.95999908447266, \"end\": 85.12000274658203, \"text\": \" or passive aggressive, where they'll come up with things,\", \"tokens\": [51564, 420, 14975, 10762, 11, 689, 436, 603, 808, 493, 365, 721, 11, 51722], \"temperature\": 0.0, \"avg_logprob\": -0.2568490505218506, \"compression_ratio\": 1.83695650100708, \"no_speech_prob\": 0.0004878421314060688}, {\"id\": 40, \"seek\": 5796, \"start\": 85.12000274658203, \"end\": 87.5, \"text\": \" they'll legitimately save things for later\", \"tokens\": [51722, 436, 603, 44431, 3155, 721, 337, 1780, 51841], \"temperature\": 0.0, \"avg_logprob\": -0.2568490505218506, \"compression_ratio\": 1.83695650100708, \"no_speech_prob\": 0.0004878421314060688}, {\"id\": 41, \"seek\": 8750, \"start\": 88.0199966430664, \"end\": 90.86000061035156, \"text\": \" to use in order to eject from a social situation\", \"tokens\": [50390, 281, 764, 294, 1668, 281, 32520, 490, 257, 2093, 2590, 50532], \"temperature\": 0.0, \"avg_logprob\": -0.26625409722328186, \"compression_ratio\": 1.835897445678711, \"no_speech_prob\": 0.00029136380180716515}, {\"id\": 42, \"seek\": 8750, \"start\": 90.86000061035156, \"end\": 92.05999755859375, \"text\": \" or start a fight.\", \"tokens\": [50532, 420, 722, 257, 2092, 13, 50592], \"temperature\": 0.0, \"avg_logprob\": -0.26625409722328186, \"compression_ratio\": 1.835897445678711, \"no_speech_prob\": 0.00029136380180716515}, {\"id\": 43, \"seek\": 8750, \"start\": 92.05999755859375, \"end\": 95.45999908447266, \"text\": \" Or a lot of times, someone in the couple will do something\", \"tokens\": [50592, 1610, 257, 688, 295, 1413, 11, 1580, 294, 264, 1916, 486, 360, 746, 50762], \"temperature\": 0.0, \"avg_logprob\": -0.26625409722328186, \"compression_ratio\": 1.835897445678711, \"no_speech_prob\": 0.00029136380180716515}, {\"id\": 44, \"seek\": 8750, \"start\": 95.45999908447266, \"end\": 97.41999816894531, \"text\": \" like, well, I can't believe you did this and they storm out,\", \"tokens\": [50762, 411, 11, 731, 11, 286, 393, 380, 1697, 291, 630, 341, 293, 436, 7679, 484, 11, 50860], \"temperature\": 0.0, \"avg_logprob\": -0.26625409722328186, \"compression_ratio\": 1.835897445678711, \"no_speech_prob\": 0.00029136380180716515}, {\"id\": 45, \"seek\": 8750, \"start\": 97.41999816894531, \"end\": 98.54000091552734, \"text\": \" but they stormed out because they had a date\", \"tokens\": [50860, 457, 436, 7679, 292, 484, 570, 436, 632, 257, 4002, 50916], \"temperature\": 0.0, \"avg_logprob\": -0.26625409722328186, \"compression_ratio\": 1.835897445678711, \"no_speech_prob\": 0.00029136380180716515}, {\"id\": 46, \"seek\": 8750, \"start\": 98.54000091552734, \"end\": 99.37999725341797, \"text\": \" with someone else.\", \"tokens\": [50916, 365, 1580, 1646, 13, 50958], \"temperature\": 0.0, \"avg_logprob\": -0.26625409722328186, \"compression_ratio\": 1.835897445678711, \"no_speech_prob\": 0.00029136380180716515}, {\"id\": 47, \"seek\": 8750, \"start\": 99.37999725341797, \"end\": 100.22000122070312, \"text\": \" You understand what I'm saying?\", \"tokens\": [50958, 509, 1223, 437, 286, 478, 1566, 30, 51000], \"temperature\": 0.0, \"avg_logprob\": -0.26625409722328186, \"compression_ratio\": 1.835897445678711, \"no_speech_prob\": 0.00029136380180716515}, {\"id\": 48, \"seek\": 8750, \"start\": 100.22000122070312, \"end\": 101.9000015258789, \"text\": \" Like, and they're doing that behind your back.\", \"tokens\": [51000, 1743, 11, 293, 436, 434, 884, 300, 2261, 428, 646, 13, 51084], \"temperature\": 0.0, \"avg_logprob\": -0.26625409722328186, \"compression_ratio\": 1.835897445678711, \"no_speech_prob\": 0.00029136380180716515}, {\"id\": 49, \"seek\": 8750, \"start\": 101.9000015258789, \"end\": 103.81999969482422, \"text\": \" A lot of times that'll happen and we won't know\", \"tokens\": [51084, 316, 688, 295, 1413, 300, 603, 1051, 293, 321, 1582, 380, 458, 51180], \"temperature\": 0.0, \"avg_logprob\": -0.26625409722328186, \"compression_ratio\": 1.835897445678711, \"no_speech_prob\": 0.00029136380180716515}, {\"id\": 50, \"seek\": 8750, \"start\": 103.81999969482422, \"end\": 104.86000061035156, \"text\": \" until after there's a lot of dudes\", \"tokens\": [51180, 1826, 934, 456, 311, 257, 688, 295, 27717, 51232], \"temperature\": 0.0, \"avg_logprob\": -0.26625409722328186, \"compression_ratio\": 1.835897445678711, \"no_speech_prob\": 0.00029136380180716515}, {\"id\": 51, \"seek\": 8750, \"start\": 104.86000061035156, \"end\": 106.5, \"text\": \" really pissed at me right now.\", \"tokens\": [51232, 534, 23795, 412, 385, 558, 586, 13, 51314], \"temperature\": 0.0, \"avg_logprob\": -0.26625409722328186, \"compression_ratio\": 1.835897445678711, \"no_speech_prob\": 0.00029136380180716515}, {\"id\": 52, \"seek\": 8750, \"start\": 106.5, \"end\": 108.30000305175781, \"text\": \" There's a lot of future memes that are pissed at me, right?\", \"tokens\": [51314, 821, 311, 257, 688, 295, 2027, 29730, 300, 366, 23795, 412, 385, 11, 558, 30, 51404], \"temperature\": 0.0, \"avg_logprob\": -0.26625409722328186, \"compression_ratio\": 1.835897445678711, \"no_speech_prob\": 0.00029136380180716515}, {\"id\": 53, \"seek\": 8750, \"start\": 108.30000305175781, \"end\": 109.81999969482422, \"text\": \" As I give the game away to both sides.\", \"tokens\": [51404, 1018, 286, 976, 264, 1216, 1314, 281, 1293, 4881, 13, 51480], \"temperature\": 0.0, \"avg_logprob\": -0.26625409722328186, \"compression_ratio\": 1.835897445678711, \"no_speech_prob\": 0.00029136380180716515}, {\"id\": 54, \"seek\": 8750, \"start\": 109.81999969482422, \"end\": 111.18000030517578, \"text\": \" So that's essentially what's going on.\", \"tokens\": [51480, 407, 300, 311, 4476, 437, 311, 516, 322, 13, 51548], \"temperature\": 0.0, \"avg_logprob\": -0.26625409722328186, \"compression_ratio\": 1.835897445678711, \"no_speech_prob\": 0.00029136380180716515}, {\"id\": 55, \"seek\": 8750, \"start\": 111.18000030517578, \"end\": 113.58000183105469, \"text\": \" And I've seen guys do this and I've seen girls do this,\", \"tokens\": [51548, 400, 286, 600, 1612, 1074, 360, 341, 293, 286, 600, 1612, 4519, 360, 341, 11, 51668], \"temperature\": 0.0, \"avg_logprob\": -0.26625409722328186, \"compression_ratio\": 1.835897445678711, \"no_speech_prob\": 0.00029136380180716515}, {\"id\": 56, \"seek\": 8750, \"start\": 113.58000183105469, \"end\": 114.80000305175781, \"text\": \" right, because that's what we'll do.\", \"tokens\": [51668, 558, 11, 570, 300, 311, 437, 321, 603, 360, 13, 51729], \"temperature\": 0.0, \"avg_logprob\": -0.26625409722328186, \"compression_ratio\": 1.835897445678711, \"no_speech_prob\": 0.00029136380180716515}, {\"id\": 57, \"seek\": 8750, \"start\": 114.80000305175781, \"end\": 117.0199966430664, \"text\": \" But people will get confused and be like,\", \"tokens\": [51729, 583, 561, 486, 483, 9019, 293, 312, 411, 11, 51840], \"temperature\": 0.0, \"avg_logprob\": -0.26625409722328186, \"compression_ratio\": 1.835897445678711, \"no_speech_prob\": 0.00029136380180716515}, {\"id\": 58, \"seek\": 11702, \"start\": 117.54000091552734, \"end\": 120.41999816894531, \"text\": \" no, but he said all these words and he did all these things\", \"tokens\": [50390, 572, 11, 457, 415, 848, 439, 613, 2283, 293, 415, 630, 439, 613, 721, 50534], \"temperature\": 0.0, \"avg_logprob\": -0.23361389338970184, \"compression_ratio\": 1.8652037382125854, \"no_speech_prob\": 0.00022692920174449682}, {\"id\": 59, \"seek\": 11702, \"start\": 120.41999816894531, \"end\": 122.13999938964844, \"text\": \" and he validate me in so many different ways.\", \"tokens\": [50534, 293, 415, 29562, 385, 294, 370, 867, 819, 2098, 13, 50620], \"temperature\": 0.0, \"avg_logprob\": -0.23361389338970184, \"compression_ratio\": 1.8652037382125854, \"no_speech_prob\": 0.00022692920174449682}, {\"id\": 60, \"seek\": 11702, \"start\": 122.13999938964844, \"end\": 124.73999786376953, \"text\": \" That does not imply that he wants to be\", \"tokens\": [50620, 663, 775, 406, 33616, 300, 415, 2738, 281, 312, 50750], \"temperature\": 0.0, \"avg_logprob\": -0.23361389338970184, \"compression_ratio\": 1.8652037382125854, \"no_speech_prob\": 0.00022692920174449682}, {\"id\": 61, \"seek\": 11702, \"start\": 124.73999786376953, \"end\": 126.26000213623047, \"text\": \" in a committed monogamous relationship.\", \"tokens\": [50750, 294, 257, 7784, 1108, 664, 22314, 2480, 13, 50826], \"temperature\": 0.0, \"avg_logprob\": -0.23361389338970184, \"compression_ratio\": 1.8652037382125854, \"no_speech_prob\": 0.00022692920174449682}, {\"id\": 62, \"seek\": 11702, \"start\": 126.26000213623047, \"end\": 127.86000061035156, \"text\": \" That is not what that implies.\", \"tokens\": [50826, 663, 307, 406, 437, 300, 18779, 13, 50906], \"temperature\": 0.0, \"avg_logprob\": -0.23361389338970184, \"compression_ratio\": 1.8652037382125854, \"no_speech_prob\": 0.00022692920174449682}, {\"id\": 63, \"seek\": 11702, \"start\": 127.86000061035156, \"end\": 129.8000030517578, \"text\": \" What it implies is that he wants the validation.\", \"tokens\": [50906, 708, 309, 18779, 307, 300, 415, 2738, 264, 24071, 13, 51003], \"temperature\": 0.0, \"avg_logprob\": -0.23361389338970184, \"compression_ratio\": 1.8652037382125854, \"no_speech_prob\": 0.00022692920174449682}, {\"id\": 64, \"seek\": 11702, \"start\": 129.8000030517578, \"end\": 132.5, \"text\": \" Again, if you guys, if you had a brother or a cousin,\", \"tokens\": [51003, 3764, 11, 498, 291, 1074, 11, 498, 291, 632, 257, 3708, 420, 257, 16207, 11, 51138], \"temperature\": 0.0, \"avg_logprob\": -0.23361389338970184, \"compression_ratio\": 1.8652037382125854, \"no_speech_prob\": 0.00022692920174449682}, {\"id\": 65, \"seek\": 11702, \"start\": 132.5, \"end\": 135.94000244140625, \"text\": \" a male cousin, okay, family member, and he came to you\", \"tokens\": [51138, 257, 7133, 16207, 11, 1392, 11, 1605, 4006, 11, 293, 415, 1361, 281, 291, 51310], \"temperature\": 0.0, \"avg_logprob\": -0.23361389338970184, \"compression_ratio\": 1.8652037382125854, \"no_speech_prob\": 0.00022692920174449682}, {\"id\": 66, \"seek\": 11702, \"start\": 135.94000244140625, \"end\": 137.33999633789062, \"text\": \" and he was saying something effective,\", \"tokens\": [51310, 293, 415, 390, 1566, 746, 4942, 11, 51380], \"temperature\": 0.0, \"avg_logprob\": -0.23361389338970184, \"compression_ratio\": 1.8652037382125854, \"no_speech_prob\": 0.00022692920174449682}, {\"id\": 67, \"seek\": 11702, \"start\": 137.33999633789062, \"end\": 139.25999450683594, \"text\": \" she keeps sending me like implied nudes,\", \"tokens\": [51380, 750, 5965, 7750, 385, 411, 32614, 297, 10131, 11, 51476], \"temperature\": 0.0, \"avg_logprob\": -0.23361389338970184, \"compression_ratio\": 1.8652037382125854, \"no_speech_prob\": 0.00022692920174449682}, {\"id\": 68, \"seek\": 11702, \"start\": 139.25999450683594, \"end\": 141.39999389648438, \"text\": \" but whenever I ask her to come hang out with me,\", \"tokens\": [51476, 457, 5699, 286, 1029, 720, 281, 808, 3967, 484, 365, 385, 11, 51583], \"temperature\": 0.0, \"avg_logprob\": -0.23361389338970184, \"compression_ratio\": 1.8652037382125854, \"no_speech_prob\": 0.00022692920174449682}, {\"id\": 69, \"seek\": 11702, \"start\": 141.39999389648438, \"end\": 142.6999969482422, \"text\": \" she never comes to hang out with me.\", \"tokens\": [51583, 750, 1128, 1487, 281, 3967, 484, 365, 385, 13, 51648], \"temperature\": 0.0, \"avg_logprob\": -0.23361389338970184, \"compression_ratio\": 1.8652037382125854, \"no_speech_prob\": 0.00022692920174449682}, {\"id\": 70, \"seek\": 11702, \"start\": 142.6999969482422, \"end\": 144.3000030517578, \"text\": \" What would you tell your cousin?\", \"tokens\": [51648, 708, 576, 291, 980, 428, 16207, 30, 51728], \"temperature\": 0.0, \"avg_logprob\": -0.23361389338970184, \"compression_ratio\": 1.8652037382125854, \"no_speech_prob\": 0.00022692920174449682}, {\"id\": 71, \"seek\": 11702, \"start\": 144.3000030517578, \"end\": 145.13999938964844, \"text\": \" You'd be like, she's-\", \"tokens\": [51728, 509, 1116, 312, 411, 11, 750, 311, 12, 51770], \"temperature\": 0.0, \"avg_logprob\": -0.23361389338970184, \"compression_ratio\": 1.8652037382125854, \"no_speech_prob\": 0.00022692920174449682}, {\"id\": 72, \"seek\": 14514, \"start\": 145.33999633789062, \"end\": 146.17999267578125, \"text\": \" She just wants attention.\", \"tokens\": [50374, 1240, 445, 2738, 3202, 13, 50416], \"temperature\": 0.0, \"avg_logprob\": -0.25607654452323914, \"compression_ratio\": 1.7571429014205933, \"no_speech_prob\": 0.0001465273671783507}, {\"id\": 73, \"seek\": 14514, \"start\": 146.17999267578125, \"end\": 147.0, \"text\": \" She wants attention.\", \"tokens\": [50416, 1240, 2738, 3202, 13, 50457], \"temperature\": 0.0, \"avg_logprob\": -0.25607654452323914, \"compression_ratio\": 1.7571429014205933, \"no_speech_prob\": 0.0001465273671783507}, {\"id\": 74, \"seek\": 14514, \"start\": 147.0, \"end\": 149.25999450683594, \"text\": \" She's bullshitting.\", \"tokens\": [50457, 1240, 311, 4693, 2716, 2414, 13, 50570], \"temperature\": 0.0, \"avg_logprob\": -0.25607654452323914, \"compression_ratio\": 1.7571429014205933, \"no_speech_prob\": 0.0001465273671783507}, {\"id\": 75, \"seek\": 14514, \"start\": 149.25999450683594, \"end\": 150.5, \"text\": \" But in his mind, he's like, no, no,\", \"tokens\": [50570, 583, 294, 702, 1575, 11, 415, 311, 411, 11, 572, 11, 572, 11, 50632], \"temperature\": 0.0, \"avg_logprob\": -0.25607654452323914, \"compression_ratio\": 1.7571429014205933, \"no_speech_prob\": 0.0001465273671783507}, {\"id\": 76, \"seek\": 14514, \"start\": 150.5, \"end\": 153.97999572753906, \"text\": \" but she keeps complying by sending me semi-nude,\", \"tokens\": [50632, 457, 750, 5965, 715, 7310, 538, 7750, 385, 12909, 12, 77, 2303, 11, 50806], \"temperature\": 0.0, \"avg_logprob\": -0.25607654452323914, \"compression_ratio\": 1.7571429014205933, \"no_speech_prob\": 0.0001465273671783507}, {\"id\": 77, \"seek\": 14514, \"start\": 153.97999572753906, \"end\": 155.4600067138672, \"text\": \" implied, whatever.\", \"tokens\": [50806, 32614, 11, 2035, 13, 50880], \"temperature\": 0.0, \"avg_logprob\": -0.25607654452323914, \"compression_ratio\": 1.7571429014205933, \"no_speech_prob\": 0.0001465273671783507}, {\"id\": 78, \"seek\": 14514, \"start\": 155.4600067138672, \"end\": 156.89999389648438, \"text\": \" So that means she likes me.\", \"tokens\": [50880, 407, 300, 1355, 750, 5902, 385, 13, 50952], \"temperature\": 0.0, \"avg_logprob\": -0.25607654452323914, \"compression_ratio\": 1.7571429014205933, \"no_speech_prob\": 0.0001465273671783507}, {\"id\": 79, \"seek\": 14514, \"start\": 156.89999389648438, \"end\": 157.74000549316406, \"text\": \" Does that make sense?\", \"tokens\": [50952, 4402, 300, 652, 2020, 30, 50994], \"temperature\": 0.0, \"avg_logprob\": -0.25607654452323914, \"compression_ratio\": 1.7571429014205933, \"no_speech_prob\": 0.0001465273671783507}, {\"id\": 80, \"seek\": 14514, \"start\": 157.74000549316406, \"end\": 158.77999877929688, \"text\": \" Do you see how it's confusing?\", \"tokens\": [50994, 1144, 291, 536, 577, 309, 311, 13181, 30, 51046], \"temperature\": 0.0, \"avg_logprob\": -0.25607654452323914, \"compression_ratio\": 1.7571429014205933, \"no_speech_prob\": 0.0001465273671783507}, {\"id\": 81, \"seek\": 14514, \"start\": 158.77999877929688, \"end\": 161.3800048828125, \"text\": \" How one thing is like words or in this case, photos,\", \"tokens\": [51046, 1012, 472, 551, 307, 411, 2283, 420, 294, 341, 1389, 11, 5787, 11, 51176], \"temperature\": 0.0, \"avg_logprob\": -0.25607654452323914, \"compression_ratio\": 1.7571429014205933, \"no_speech_prob\": 0.0001465273671783507}, {\"id\": 82, \"seek\": 14514, \"start\": 161.3800048828125, \"end\": 163.5, \"text\": \" and the other thing is an action.\", \"tokens\": [51176, 293, 264, 661, 551, 307, 364, 3069, 13, 51282], \"temperature\": 0.0, \"avg_logprob\": -0.25607654452323914, \"compression_ratio\": 1.7571429014205933, \"no_speech_prob\": 0.0001465273671783507}, {\"id\": 83, \"seek\": 14514, \"start\": 163.5, \"end\": 165.02000427246094, \"text\": \" You remember when I had Knight and Bishop,\", \"tokens\": [51282, 509, 1604, 562, 286, 632, 18708, 293, 30113, 11, 51358], \"temperature\": 0.0, \"avg_logprob\": -0.25607654452323914, \"compression_ratio\": 1.7571429014205933, \"no_speech_prob\": 0.0001465273671783507}, {\"id\": 84, \"seek\": 14514, \"start\": 165.02000427246094, \"end\": 166.66000366210938, \"text\": \" we did the debate and he goes,\", \"tokens\": [51358, 321, 630, 264, 7958, 293, 415, 1709, 11, 51440], \"temperature\": 0.0, \"avg_logprob\": -0.25607654452323914, \"compression_ratio\": 1.7571429014205933, \"no_speech_prob\": 0.0001465273671783507}, {\"id\": 85, \"seek\": 14514, \"start\": 166.66000366210938, \"end\": 168.66000366210938, \"text\": \" Michael, how can you teach men to figure out\", \"tokens\": [51440, 5116, 11, 577, 393, 291, 2924, 1706, 281, 2573, 484, 51540], \"temperature\": 0.0, \"avg_logprob\": -0.25607654452323914, \"compression_ratio\": 1.7571429014205933, \"no_speech_prob\": 0.0001465273671783507}, {\"id\": 86, \"seek\": 14514, \"start\": 168.66000366210938, \"end\": 171.10000610351562, \"text\": \" whether or not women are genuinely sexually attracted to you?\", \"tokens\": [51540, 1968, 420, 406, 2266, 366, 17839, 26791, 15912, 281, 291, 30, 51662], \"temperature\": 0.0, \"avg_logprob\": -0.25607654452323914, \"compression_ratio\": 1.7571429014205933, \"no_speech_prob\": 0.0001465273671783507}, {\"id\": 87, \"seek\": 14514, \"start\": 171.10000610351562, \"end\": 172.86000061035156, \"text\": \" And I was like, and I couldn't figure out the question.\", \"tokens\": [51662, 400, 286, 390, 411, 11, 293, 286, 2809, 380, 2573, 484, 264, 1168, 13, 51750], \"temperature\": 0.0, \"avg_logprob\": -0.25607654452323914, \"compression_ratio\": 1.7571429014205933, \"no_speech_prob\": 0.0001465273671783507}, {\"id\": 88, \"seek\": 14514, \"start\": 172.86000061035156, \"end\": 174.74000549316406, \"text\": \" I was like, why are you asking me this?\", \"tokens\": [51750, 286, 390, 411, 11, 983, 366, 291, 3365, 385, 341, 30, 51844], \"temperature\": 0.0, \"avg_logprob\": -0.25607654452323914, \"compression_ratio\": 1.7571429014205933, \"no_speech_prob\": 0.0001465273671783507}, {\"id\": 89, \"seek\": 17474, \"start\": 175.33999633789062, \"end\": 176.17999267578125, \"text\": \" He goes, how do you figure out\", \"tokens\": [50394, 634, 1709, 11, 577, 360, 291, 2573, 484, 50436], \"temperature\": 0.0, \"avg_logprob\": -0.21011480689048767, \"compression_ratio\": 1.83753502368927, \"no_speech_prob\": 1.6442330888821743e-05}, {\"id\": 90, \"seek\": 17474, \"start\": 176.17999267578125, \"end\": 178.5399932861328, \"text\": \" if a woman really is genuinely sexually attracted to you?\", \"tokens\": [50436, 498, 257, 3059, 534, 307, 17839, 26791, 15912, 281, 291, 30, 50554], \"temperature\": 0.0, \"avg_logprob\": -0.21011480689048767, \"compression_ratio\": 1.83753502368927, \"no_speech_prob\": 1.6442330888821743e-05}, {\"id\": 91, \"seek\": 17474, \"start\": 178.5399932861328, \"end\": 180.25999450683594, \"text\": \" And I was like, yeah, because they have sex with you.\", \"tokens\": [50554, 400, 286, 390, 411, 11, 1338, 11, 570, 436, 362, 3260, 365, 291, 13, 50640], \"temperature\": 0.0, \"avg_logprob\": -0.21011480689048767, \"compression_ratio\": 1.83753502368927, \"no_speech_prob\": 1.6442330888821743e-05}, {\"id\": 92, \"seek\": 17474, \"start\": 180.25999450683594, \"end\": 181.13999938964844, \"text\": \" That's why they do it.\", \"tokens\": [50640, 663, 311, 983, 436, 360, 309, 13, 50684], \"temperature\": 0.0, \"avg_logprob\": -0.21011480689048767, \"compression_ratio\": 1.83753502368927, \"no_speech_prob\": 1.6442330888821743e-05}, {\"id\": 93, \"seek\": 17474, \"start\": 181.13999938964844, \"end\": 182.22000122070312, \"text\": \" But when people were like,\", \"tokens\": [50684, 583, 562, 561, 645, 411, 11, 50738], \"temperature\": 0.0, \"avg_logprob\": -0.21011480689048767, \"compression_ratio\": 1.83753502368927, \"no_speech_prob\": 1.6442330888821743e-05}, {\"id\": 94, \"seek\": 17474, \"start\": 182.22000122070312, \"end\": 183.22000122070312, \"text\": \" how do you figure out if a man\", \"tokens\": [50738, 577, 360, 291, 2573, 484, 498, 257, 587, 50788], \"temperature\": 0.0, \"avg_logprob\": -0.21011480689048767, \"compression_ratio\": 1.83753502368927, \"no_speech_prob\": 1.6442330888821743e-05}, {\"id\": 95, \"seek\": 17474, \"start\": 183.22000122070312, \"end\": 184.3000030517578, \"text\": \" really wants to get married to you?\", \"tokens\": [50788, 534, 2738, 281, 483, 5259, 281, 291, 30, 50842], \"temperature\": 0.0, \"avg_logprob\": -0.21011480689048767, \"compression_ratio\": 1.83753502368927, \"no_speech_prob\": 1.6442330888821743e-05}, {\"id\": 96, \"seek\": 17474, \"start\": 184.3000030517578, \"end\": 186.4199981689453, \"text\": \" He asks you to marry him.\", \"tokens\": [50842, 634, 8962, 291, 281, 9747, 796, 13, 50948], \"temperature\": 0.0, \"avg_logprob\": -0.21011480689048767, \"compression_ratio\": 1.83753502368927, \"no_speech_prob\": 1.6442330888821743e-05}, {\"id\": 97, \"seek\": 17474, \"start\": 186.4199981689453, \"end\": 187.25999450683594, \"text\": \" That's how you do it.\", \"tokens\": [50948, 663, 311, 577, 291, 360, 309, 13, 50990], \"temperature\": 0.0, \"avg_logprob\": -0.21011480689048767, \"compression_ratio\": 1.83753502368927, \"no_speech_prob\": 1.6442330888821743e-05}, {\"id\": 98, \"seek\": 17474, \"start\": 187.25999450683594, \"end\": 189.4199981689453, \"text\": \" It's not from reading a book on love languages.\", \"tokens\": [50990, 467, 311, 406, 490, 3760, 257, 1446, 322, 959, 8650, 13, 51098], \"temperature\": 0.0, \"avg_logprob\": -0.21011480689048767, \"compression_ratio\": 1.83753502368927, \"no_speech_prob\": 1.6442330888821743e-05}, {\"id\": 99, \"seek\": 17474, \"start\": 189.4199981689453, \"end\": 191.97999572753906, \"text\": \" People will make the difference from their actions.\", \"tokens\": [51098, 3432, 486, 652, 264, 2649, 490, 641, 5909, 13, 51226], \"temperature\": 0.0, \"avg_logprob\": -0.21011480689048767, \"compression_ratio\": 1.83753502368927, \"no_speech_prob\": 1.6442330888821743e-05}, {\"id\": 100, \"seek\": 17474, \"start\": 191.97999572753906, \"end\": 194.10000610351562, \"text\": \" Like the analogy I used with you last night\", \"tokens\": [51226, 1743, 264, 21663, 286, 1143, 365, 291, 1036, 1818, 51332], \"temperature\": 0.0, \"avg_logprob\": -0.21011480689048767, \"compression_ratio\": 1.83753502368927, \"no_speech_prob\": 1.6442330888821743e-05}, {\"id\": 101, \"seek\": 17474, \"start\": 194.10000610351562, \"end\": 197.25999450683594, \"text\": \" when we were talking about people who love their country.\", \"tokens\": [51332, 562, 321, 645, 1417, 466, 561, 567, 959, 641, 1941, 13, 51490], \"temperature\": 0.0, \"avg_logprob\": -0.21011480689048767, \"compression_ratio\": 1.83753502368927, \"no_speech_prob\": 1.6442330888821743e-05}, {\"id\": 102, \"seek\": 17474, \"start\": 197.25999450683594, \"end\": 200.22000122070312, \"text\": \" Those men who stormed Normandy Beach in 44,\", \"tokens\": [51490, 3950, 1706, 567, 7679, 292, 8702, 11425, 14866, 294, 16408, 11, 51638], \"temperature\": 0.0, \"avg_logprob\": -0.21011480689048767, \"compression_ratio\": 1.83753502368927, \"no_speech_prob\": 1.6442330888821743e-05}, {\"id\": 103, \"seek\": 17474, \"start\": 200.22000122070312, \"end\": 201.82000732421875, \"text\": \" to me, they didn't get emotional\", \"tokens\": [51638, 281, 385, 11, 436, 994, 380, 483, 6863, 51718], \"temperature\": 0.0, \"avg_logprob\": -0.21011480689048767, \"compression_ratio\": 1.83753502368927, \"no_speech_prob\": 1.6442330888821743e-05}, {\"id\": 104, \"seek\": 17474, \"start\": 201.82000732421875, \"end\": 202.74000549316406, \"text\": \" and they weren't histrionic.\", \"tokens\": [51718, 293, 436, 4999, 380, 1758, 81, 313, 299, 13, 51764], \"temperature\": 0.0, \"avg_logprob\": -0.21011480689048767, \"compression_ratio\": 1.83753502368927, \"no_speech_prob\": 1.6442330888821743e-05}, {\"id\": 105, \"seek\": 17474, \"start\": 202.74000549316406, \"end\": 204.1199951171875, \"text\": \" They showed their love for their country\", \"tokens\": [51764, 814, 4712, 641, 959, 337, 641, 1941, 51833], \"temperature\": 0.0, \"avg_logprob\": -0.21011480689048767, \"compression_ratio\": 1.83753502368927, \"no_speech_prob\": 1.6442330888821743e-05}, {\"id\": 106, \"seek\": 20412, \"start\": 204.1999969482422, \"end\": 205.63999938964844, \"text\": \" by being willing to die for it.\", \"tokens\": [50368, 538, 885, 4950, 281, 978, 337, 309, 13, 50440], \"temperature\": 0.0, \"avg_logprob\": -0.3262028396129608, \"compression_ratio\": 1.6451612710952759, \"no_speech_prob\": 0.005728696472942829}, {\"id\": 107, \"seek\": 20412, \"start\": 205.63999938964844, \"end\": 210.1999969482422, \"text\": \" You show your love for your country through actions.\", \"tokens\": [50440, 509, 855, 428, 959, 337, 428, 1941, 807, 5909, 13, 50668], \"temperature\": 0.0, \"avg_logprob\": -0.3262028396129608, \"compression_ratio\": 1.6451612710952759, \"no_speech_prob\": 0.005728696472942829}, {\"id\": 108, \"seek\": 20412, \"start\": 210.1999969482422, \"end\": 211.47999572753906, \"text\": \" Through actions.\", \"tokens\": [50668, 8927, 5909, 13, 50732], \"temperature\": 0.0, \"avg_logprob\": -0.3262028396129608, \"compression_ratio\": 1.6451612710952759, \"no_speech_prob\": 0.005728696472942829}, {\"id\": 109, \"seek\": 20412, \"start\": 211.47999572753906, \"end\": 214.10000610351562, \"text\": \" And man, the world gets so much simpler\", \"tokens\": [50732, 400, 587, 11, 264, 1002, 2170, 370, 709, 18587, 50863], \"temperature\": 0.0, \"avg_logprob\": -0.3262028396129608, \"compression_ratio\": 1.6451612710952759, \"no_speech_prob\": 0.005728696472942829}, {\"id\": 110, \"seek\": 20412, \"start\": 214.10000610351562, \"end\": 217.1199951171875, \"text\": \" when you just remove the words and all the chaff\", \"tokens\": [50863, 562, 291, 445, 4159, 264, 2283, 293, 439, 264, 417, 2518, 51014], \"temperature\": 0.0, \"avg_logprob\": -0.3262028396129608, \"compression_ratio\": 1.6451612710952759, \"no_speech_prob\": 0.005728696472942829}, {\"id\": 111, \"seek\": 20412, \"start\": 217.1199951171875, \"end\": 218.8800048828125, \"text\": \" and all the fucking distractions,\", \"tokens\": [51014, 293, 439, 264, 5546, 37887, 11, 51102], \"temperature\": 0.0, \"avg_logprob\": -0.3262028396129608, \"compression_ratio\": 1.6451612710952759, \"no_speech_prob\": 0.005728696472942829}, {\"id\": 112, \"seek\": 20412, \"start\": 218.8800048828125, \"end\": 223.0399932861328, \"text\": \" and you just pay attention to people's fucking actions.\", \"tokens\": [51102, 293, 291, 445, 1689, 3202, 281, 561, 311, 5546, 5909, 13, 51310], \"temperature\": 0.0, \"avg_logprob\": -0.3262028396129608, \"compression_ratio\": 1.6451612710952759, \"no_speech_prob\": 0.005728696472942829}, {\"id\": 113, \"seek\": 20412, \"start\": 223.0399932861328, \"end\": 224.39999389648438, \"text\": \" Everything becomes clear.\", \"tokens\": [51310, 5471, 3643, 1850, 13, 51378], \"temperature\": 0.0, \"avg_logprob\": -0.3262028396129608, \"compression_ratio\": 1.6451612710952759, \"no_speech_prob\": 0.005728696472942829}]}"}