{"title": "Stop Ignoring This Fact About The World", "video_id": "kZH82NVv3f4", "video_url": "https://www.youtube.com/watch?v=kZH82NVv3f4", "description": "\u2014\u2014\u2014\u2014\u2014\u2014\u2014\u2014\u2014\u2014\u2014\u2014\u2014\u2014\u2014\u2014\u2014\u2014\u2014\u2014\nReady to build a network of amazing women and high-status men?\n\nMichael\u2019s Men of Action is a one-on-one Master\u2019s program that teaches men how to create elite \nsocial lives by becoming higher status.\n\nClick this link to learn how you can have a High-Status lifestyle now:\nhttps://m.moamentoring.com/podcast\n\nClick here to join the Men of Action community and watch the High-Status Networking 101 course:\nhttps://m.moamentoring.com/moa-community\n\nInterested in joining the Men of Action sales team? Apply here:\nhttps://www.moamentoring.com/jobs/sales\n\nMen of Action has an affiliate program! Post pre-made content and get paid passively:\nhttps://www.moamentoring.com/affiliate\n\u2014\u2014\u2014\u2014\u2014\u2014\u2014\u2014\u2014\u2014\u2014\u2014\u2014\u2014\u2014\u2014\u2014\u2014\u2014\u2014\n\nSubscribe on Youtube: \nhttps://www.youtube.com/user/MichaelSartain\n\nListen on Apple Podcast: \nhttps://podcasts.apple.com/us/podcast/the-michael-sartain-podcast/id1579791157\n\nListen on Spotify: \nhttps://open.spotify.com/show/2faAYwvDD9Bvkpwv6umlPO?si=8Q3ak9HnSlKjuChsTXr6YQ&dl_branch=1\n\n#michael #michaelsartain #michael_sartain #michael_sartain_podcast", "published_at": "2023-10-31T14:15:03Z", "channel_id": "UC0T1bDzajVefRWx4uKdGyuw", "channel_title": "Michael Sartain", "tags": ["Michael", "Michael Sartain", "Michael Sartain Podcast", "Michael Podcast", "MOA", "Men Of Action", "Michael Sartain Course", "Michael Sartain With Hot Women", "Playboy", "Swimsuit", "Swimsuit Competition", "ichael sartain social circle", "social circle", "how to netowrk", "moa", "moa podcast", "gender wage gap", "gender wage gap myth", "wage gap", "social value", "michael sartain course", "looks money status", "social circle mentorship", "michael sartain social circle game", "men of action podcast", "men of action course"], "category_id": "24", "live_broadcast_content": "none", "duration": 57.0, "dimension": "2d", "definition": "hd", "caption": "false", "view_count": 1082, "like_count": 114, "comment_count": 4, "channel_info": {"title": "Michael Sartain", "description": "\ud83c\udf99Host of The\u00a0Michael Sartain Podcast \n\n\ud83d\udd25Teaching you how to build a network of desirable women and high-status men\n\n\ud83d\udc47 Click the \"Men of Action\" link below now to forge a high-status lifestyle and join the elites \n", "subscriber_count": "80500", "total_views": "29545897", "total_videos": "1481"}, "comments": [], "file_path": "/Users/aelaguiz/workspace/fc_book/audio/raws/kZH82NVv3f4.mp3", "transcription": "{\"text\": \"If I'm an oncologist, I study cancer, but that doesn't mean I condone cancer. And if I study evolutionary psychology and I read about the plasticine epic where there was massive amounts of murder and people raiding other villages and rape and stuff like that, that doesn't mean I condone it, but to turn a blind eye to it and pretend like the world was always unicorns and fairy tales, we're doing a disservice to ourselves as a species and as a society because we're never going to be able to progress if we don't know the truth. And the truth, for the most part, as far as our psychology, is based in evolution. Evolutionary biology and evolutionary psychology. When I hear people talk about egalitarian societies and human rights and stuff like that, I'm very much in favor of that. When I talk about evolutionary psychology, that is about what is, but not what ought. What ought to be is that we all should treat each other with respect and beauty is skin deep and we should judge each other on the content of our character. What is is that we're hairless murderers. We don't do that, right? And so we have to live in both of these worlds where we can aim for this one thing and still recognize that this other thing \", \"segments\": [{\"id\": 0, \"seek\": 0, \"start\": 0.0, \"end\": 2.5, \"text\": \" If I'm an oncologist, I study cancer,\", \"tokens\": [50364, 759, 286, 478, 364, 40592, 9201, 11, 286, 2979, 5592, 11, 50489], \"temperature\": 0.0, \"avg_logprob\": -0.20598764717578888, \"compression_ratio\": 1.8244047164916992, \"no_speech_prob\": 0.23381134867668152}, {\"id\": 1, \"seek\": 0, \"start\": 2.5, \"end\": 4.599999904632568, \"text\": \" but that doesn't mean I condone cancer.\", \"tokens\": [50489, 457, 300, 1177, 380, 914, 286, 2224, 546, 5592, 13, 50594], \"temperature\": 0.0, \"avg_logprob\": -0.20598764717578888, \"compression_ratio\": 1.8244047164916992, \"no_speech_prob\": 0.23381134867668152}, {\"id\": 2, \"seek\": 0, \"start\": 4.599999904632568, \"end\": 6.440000057220459, \"text\": \" And if I study evolutionary psychology\", \"tokens\": [50594, 400, 498, 286, 2979, 27567, 15105, 50686], \"temperature\": 0.0, \"avg_logprob\": -0.20598764717578888, \"compression_ratio\": 1.8244047164916992, \"no_speech_prob\": 0.23381134867668152}, {\"id\": 3, \"seek\": 0, \"start\": 6.440000057220459, \"end\": 8.399999618530273, \"text\": \" and I read about the plasticine epic\", \"tokens\": [50686, 293, 286, 1401, 466, 264, 5900, 533, 13581, 50784], \"temperature\": 0.0, \"avg_logprob\": -0.20598764717578888, \"compression_ratio\": 1.8244047164916992, \"no_speech_prob\": 0.23381134867668152}, {\"id\": 4, \"seek\": 0, \"start\": 8.399999618530273, \"end\": 10.479999542236328, \"text\": \" where there was massive amounts of murder\", \"tokens\": [50784, 689, 456, 390, 5994, 11663, 295, 6568, 50888], \"temperature\": 0.0, \"avg_logprob\": -0.20598764717578888, \"compression_ratio\": 1.8244047164916992, \"no_speech_prob\": 0.23381134867668152}, {\"id\": 5, \"seek\": 0, \"start\": 10.479999542236328, \"end\": 12.079999923706055, \"text\": \" and people raiding other villages\", \"tokens\": [50888, 293, 561, 3342, 2819, 661, 20444, 50968], \"temperature\": 0.0, \"avg_logprob\": -0.20598764717578888, \"compression_ratio\": 1.8244047164916992, \"no_speech_prob\": 0.23381134867668152}, {\"id\": 6, \"seek\": 0, \"start\": 12.079999923706055, \"end\": 13.15999984741211, \"text\": \" and rape and stuff like that,\", \"tokens\": [50968, 293, 22846, 293, 1507, 411, 300, 11, 51022], \"temperature\": 0.0, \"avg_logprob\": -0.20598764717578888, \"compression_ratio\": 1.8244047164916992, \"no_speech_prob\": 0.23381134867668152}, {\"id\": 7, \"seek\": 0, \"start\": 13.15999984741211, \"end\": 14.640000343322754, \"text\": \" that doesn't mean I condone it,\", \"tokens\": [51022, 300, 1177, 380, 914, 286, 2224, 546, 309, 11, 51096], \"temperature\": 0.0, \"avg_logprob\": -0.20598764717578888, \"compression_ratio\": 1.8244047164916992, \"no_speech_prob\": 0.23381134867668152}, {\"id\": 8, \"seek\": 0, \"start\": 14.640000343322754, \"end\": 16.520000457763672, \"text\": \" but to turn a blind eye to it\", \"tokens\": [51096, 457, 281, 1261, 257, 6865, 3313, 281, 309, 51190], \"temperature\": 0.0, \"avg_logprob\": -0.20598764717578888, \"compression_ratio\": 1.8244047164916992, \"no_speech_prob\": 0.23381134867668152}, {\"id\": 9, \"seek\": 0, \"start\": 16.520000457763672, \"end\": 18.719999313354492, \"text\": \" and pretend like the world was always unicorns\", \"tokens\": [51190, 293, 11865, 411, 264, 1002, 390, 1009, 28122, 82, 51300], \"temperature\": 0.0, \"avg_logprob\": -0.20598764717578888, \"compression_ratio\": 1.8244047164916992, \"no_speech_prob\": 0.23381134867668152}, {\"id\": 10, \"seek\": 0, \"start\": 18.719999313354492, \"end\": 21.479999542236328, \"text\": \" and fairy tales, we're doing a disservice to ourselves\", \"tokens\": [51300, 293, 19104, 27254, 11, 321, 434, 884, 257, 7802, 25006, 281, 4175, 51438], \"temperature\": 0.0, \"avg_logprob\": -0.20598764717578888, \"compression_ratio\": 1.8244047164916992, \"no_speech_prob\": 0.23381134867668152}, {\"id\": 11, \"seek\": 0, \"start\": 21.479999542236328, \"end\": 23.15999984741211, \"text\": \" as a species and as a society\", \"tokens\": [51438, 382, 257, 6172, 293, 382, 257, 4086, 51522], \"temperature\": 0.0, \"avg_logprob\": -0.20598764717578888, \"compression_ratio\": 1.8244047164916992, \"no_speech_prob\": 0.23381134867668152}, {\"id\": 12, \"seek\": 0, \"start\": 23.15999984741211, \"end\": 24.959999084472656, \"text\": \" because we're never going to be able to progress\", \"tokens\": [51522, 570, 321, 434, 1128, 516, 281, 312, 1075, 281, 4205, 51612], \"temperature\": 0.0, \"avg_logprob\": -0.20598764717578888, \"compression_ratio\": 1.8244047164916992, \"no_speech_prob\": 0.23381134867668152}, {\"id\": 13, \"seek\": 0, \"start\": 24.959999084472656, \"end\": 26.360000610351562, \"text\": \" if we don't know the truth.\", \"tokens\": [51612, 498, 321, 500, 380, 458, 264, 3494, 13, 51682], \"temperature\": 0.0, \"avg_logprob\": -0.20598764717578888, \"compression_ratio\": 1.8244047164916992, \"no_speech_prob\": 0.23381134867668152}, {\"id\": 14, \"seek\": 0, \"start\": 26.360000610351562, \"end\": 27.719999313354492, \"text\": \" And the truth, for the most part,\", \"tokens\": [51682, 400, 264, 3494, 11, 337, 264, 881, 644, 11, 51750], \"temperature\": 0.0, \"avg_logprob\": -0.20598764717578888, \"compression_ratio\": 1.8244047164916992, \"no_speech_prob\": 0.23381134867668152}, {\"id\": 15, \"seek\": 0, \"start\": 27.719999313354492, \"end\": 29.760000228881836, \"text\": \" as far as our psychology, is based in evolution.\", \"tokens\": [51750, 382, 1400, 382, 527, 15105, 11, 307, 2361, 294, 9303, 13, 51852], \"temperature\": 0.0, \"avg_logprob\": -0.20598764717578888, \"compression_ratio\": 1.8244047164916992, \"no_speech_prob\": 0.23381134867668152}, {\"id\": 16, \"seek\": 2976, \"start\": 30.15999984741211, \"end\": 31.719999313354492, \"text\": \" Evolutionary biology and evolutionary psychology.\", \"tokens\": [50384, 40800, 822, 14956, 293, 27567, 15105, 13, 50462], \"temperature\": 0.0, \"avg_logprob\": -0.21908116340637207, \"compression_ratio\": 1.8532110452651978, \"no_speech_prob\": 6.708646833430976e-05}, {\"id\": 17, \"seek\": 2976, \"start\": 31.719999313354492, \"end\": 35.279998779296875, \"text\": \" When I hear people talk about egalitarian societies\", \"tokens\": [50462, 1133, 286, 1568, 561, 751, 466, 31528, 13707, 19329, 50640], \"temperature\": 0.0, \"avg_logprob\": -0.21908116340637207, \"compression_ratio\": 1.8532110452651978, \"no_speech_prob\": 6.708646833430976e-05}, {\"id\": 18, \"seek\": 2976, \"start\": 35.279998779296875, \"end\": 36.68000030517578, \"text\": \" and human rights and stuff like that,\", \"tokens\": [50640, 293, 1952, 4601, 293, 1507, 411, 300, 11, 50710], \"temperature\": 0.0, \"avg_logprob\": -0.21908116340637207, \"compression_ratio\": 1.8532110452651978, \"no_speech_prob\": 6.708646833430976e-05}, {\"id\": 19, \"seek\": 2976, \"start\": 36.68000030517578, \"end\": 38.29999923706055, \"text\": \" I'm very much in favor of that.\", \"tokens\": [50710, 286, 478, 588, 709, 294, 2294, 295, 300, 13, 50791], \"temperature\": 0.0, \"avg_logprob\": -0.21908116340637207, \"compression_ratio\": 1.8532110452651978, \"no_speech_prob\": 6.708646833430976e-05}, {\"id\": 20, \"seek\": 2976, \"start\": 38.29999923706055, \"end\": 39.79999923706055, \"text\": \" When I talk about evolutionary psychology,\", \"tokens\": [50791, 1133, 286, 751, 466, 27567, 15105, 11, 50866], \"temperature\": 0.0, \"avg_logprob\": -0.21908116340637207, \"compression_ratio\": 1.8532110452651978, \"no_speech_prob\": 6.708646833430976e-05}, {\"id\": 21, \"seek\": 2976, \"start\": 39.79999923706055, \"end\": 41.7400016784668, \"text\": \" that is about what is, but not what ought.\", \"tokens\": [50866, 300, 307, 466, 437, 307, 11, 457, 406, 437, 13416, 13, 50963], \"temperature\": 0.0, \"avg_logprob\": -0.21908116340637207, \"compression_ratio\": 1.8532110452651978, \"no_speech_prob\": 6.708646833430976e-05}, {\"id\": 22, \"seek\": 2976, \"start\": 41.7400016784668, \"end\": 43.560001373291016, \"text\": \" What ought to be is that we all should treat each other\", \"tokens\": [50963, 708, 13416, 281, 312, 307, 300, 321, 439, 820, 2387, 1184, 661, 51054], \"temperature\": 0.0, \"avg_logprob\": -0.21908116340637207, \"compression_ratio\": 1.8532110452651978, \"no_speech_prob\": 6.708646833430976e-05}, {\"id\": 23, \"seek\": 2976, \"start\": 43.560001373291016, \"end\": 45.08000183105469, \"text\": \" with respect and beauty is skin deep\", \"tokens\": [51054, 365, 3104, 293, 6643, 307, 3178, 2452, 51130], \"temperature\": 0.0, \"avg_logprob\": -0.21908116340637207, \"compression_ratio\": 1.8532110452651978, \"no_speech_prob\": 6.708646833430976e-05}, {\"id\": 24, \"seek\": 2976, \"start\": 45.08000183105469, \"end\": 45.91999816894531, \"text\": \" and we should judge each other\", \"tokens\": [51130, 293, 321, 820, 6995, 1184, 661, 51172], \"temperature\": 0.0, \"avg_logprob\": -0.21908116340637207, \"compression_ratio\": 1.8532110452651978, \"no_speech_prob\": 6.708646833430976e-05}, {\"id\": 25, \"seek\": 2976, \"start\": 45.91999816894531, \"end\": 47.20000076293945, \"text\": \" on the content of our character.\", \"tokens\": [51172, 322, 264, 2701, 295, 527, 2517, 13, 51236], \"temperature\": 0.0, \"avg_logprob\": -0.21908116340637207, \"compression_ratio\": 1.8532110452651978, \"no_speech_prob\": 6.708646833430976e-05}, {\"id\": 26, \"seek\": 2976, \"start\": 47.20000076293945, \"end\": 49.040000915527344, \"text\": \" What is is that we're hairless murderers.\", \"tokens\": [51236, 708, 307, 307, 300, 321, 434, 324, 1648, 442, 6568, 433, 13, 51328], \"temperature\": 0.0, \"avg_logprob\": -0.21908116340637207, \"compression_ratio\": 1.8532110452651978, \"no_speech_prob\": 6.708646833430976e-05}, {\"id\": 27, \"seek\": 2976, \"start\": 49.040000915527344, \"end\": 50.63999938964844, \"text\": \" We don't do that, right?\", \"tokens\": [51328, 492, 500, 380, 360, 300, 11, 558, 30, 51408], \"temperature\": 0.0, \"avg_logprob\": -0.21908116340637207, \"compression_ratio\": 1.8532110452651978, \"no_speech_prob\": 6.708646833430976e-05}, {\"id\": 28, \"seek\": 2976, \"start\": 50.63999938964844, \"end\": 52.91999816894531, \"text\": \" And so we have to live in both of these worlds\", \"tokens\": [51408, 400, 370, 321, 362, 281, 1621, 294, 1293, 295, 613, 13401, 51522], \"temperature\": 0.0, \"avg_logprob\": -0.21908116340637207, \"compression_ratio\": 1.8532110452651978, \"no_speech_prob\": 6.708646833430976e-05}, {\"id\": 29, \"seek\": 2976, \"start\": 52.91999816894531, \"end\": 54.31999969482422, \"text\": \" where we can aim for this one thing\", \"tokens\": [51522, 689, 321, 393, 5939, 337, 341, 472, 551, 51592], \"temperature\": 0.0, \"avg_logprob\": -0.21908116340637207, \"compression_ratio\": 1.8532110452651978, \"no_speech_prob\": 6.708646833430976e-05}, {\"id\": 30, \"seek\": 2976, \"start\": 54.31999969482422, \"end\": 55.959999084472656, \"text\": \" and still recognize that this other thing\", \"tokens\": [51592, 293, 920, 5521, 300, 341, 661, 551, 51674], \"temperature\": 0.0, \"avg_logprob\": -0.21908116340637207, \"compression_ratio\": 1.8532110452651978, \"no_speech_prob\": 6.708646833430976e-05}]}"}