{"title": "Canceling People Only Makes Them More Successful", "video_id": "L5RQ0f8YLOA", "video_url": "https://www.youtube.com/watch?v=L5RQ0f8YLOA", "description": "Ready to build a network of amazing women and high-status men?\n\nMichael\u2019s Men of Action is a one-on-one Master\u2019s program that teaches men how to create elite social lives by becoming higher status.\n\nClick this link to learn how you can have a High-Status lifestyle now:\nhttps://m.moamentoring.com/podcast\n\nClick here to join the Men of Action community and watch the High-Status Networking 101 course:\nhttps://m.moamentoring.com/moa-community\n\u2014\u2014\u2014\u2014\u2014\u2014\u2014\u2014\u2014\u2014\u2014\u2014\u2014\u2014\u2014\u2014\u2014\u2014\u2014\u2014\n\nSubscribe on Youtube: \nhttps://www.youtube.com/user/MichaelSartain\n\nListen on Apple Podcast: \nhttps://podcasts.apple.com/us/podcast/the-michael-sartain-podcast/id1579791157\n\nListen on Spotify: \nhttps://open.spotify.com/show/2faAYwvDD9Bvkpwv6umlPO?si=8Q3ak9HnSlKjuChsTXr6YQ&dl_branch=1\n\n#Michael #MichaelSartain #Michael_Sartain #Michael_Sartain_Podcast", "published_at": "2023-06-06T14:15:01Z", "channel_id": "UC0T1bDzajVefRWx4uKdGyuw", "channel_title": "Michael Sartain", "tags": ["Michael", "Michael Sartain", "Michael Sartain Podcast", "Michael Podcast", "MOA", "Men Of Action", "men of action", "Michael Sartain Course", "Michael Sartain With Hot Women", "Rollo", "Rollo Tommasi", "Playboy", "Swimsuit", "Swimsuit Competition"], "category_id": "24", "live_broadcast_content": "none", "duration": 60.0, "dimension": "2d", "definition": "hd", "caption": "false", "view_count": 889, "like_count": 49, "comment_count": 3, "channel_info": {"title": "Michael Sartain", "description": "\ud83c\udf99Host of The\u00a0Michael Sartain Podcast \n\n\ud83d\udd25Teaching you how to build a network of desirable women and high-status men\n\n\ud83d\udc47 Click the \"Men of Action\" link below now to forge a high-status lifestyle and join the elites \n", "subscriber_count": "80500", "total_views": "29545897", "total_videos": "1481"}, "comments": [], "file_path": "/Users/aelaguiz/workspace/fc_book/audio/raws/L5RQ0f8YLOA.mp3", "transcription": "{\"text\": \"Full disclosure, I like Andrew. We talk on a couple times when he says women are property. My mom is nobody's property. So it's hard for me to stand up when he says I don't want the 19th Amendment repealed, and women pick me up in their cars. I have some female friends with really nice cars. They pick me up in their cars, and they drive the, I don't care. So it's a little different for me, but I still, I like him, and the idea of canceling him is absurd. When they canceled Alex Jones, it tripled his revenue on InfoWars. When they canceled Donald Trump, he became the most Googled person in the world. Cancel culture doesn't work. This is where I'm planting my flag. I will literally and figuratively die for this one. Freedom of speech has two sides to it. One side is the good, happy ideas, right? The idea of a free market economy, or Charles Darwin's idea of evolution, right? This is free speech. A lot of churches didn't like that idea. The religious sect didn't like when Galileo was saying that the earth goes around the sun. Free speech has a good side to it. Free speech also has the part where idiots go up there and say stupid shit. I want to hear dumb people say stupid. \", \"segments\": [{\"id\": 0, \"seek\": 0, \"start\": 0.0, \"end\": 1.0, \"text\": \" Full disclosure, I like Andrew.\", \"tokens\": [50364, 13841, 30392, 11, 286, 411, 10110, 13, 50414], \"temperature\": 0.0, \"avg_logprob\": -0.2732071578502655, \"compression_ratio\": 1.7602523565292358, \"no_speech_prob\": 0.02841632254421711}, {\"id\": 1, \"seek\": 0, \"start\": 1.0, \"end\": 4.679999828338623, \"text\": \" We talk on a couple times when he says women are property.\", \"tokens\": [50414, 492, 751, 322, 257, 1916, 1413, 562, 415, 1619, 2266, 366, 4707, 13, 50598], \"temperature\": 0.0, \"avg_logprob\": -0.2732071578502655, \"compression_ratio\": 1.7602523565292358, \"no_speech_prob\": 0.02841632254421711}, {\"id\": 2, \"seek\": 0, \"start\": 4.679999828338623, \"end\": 6.28000020980835, \"text\": \" My mom is nobody's property.\", \"tokens\": [50598, 1222, 1225, 307, 5079, 311, 4707, 13, 50678], \"temperature\": 0.0, \"avg_logprob\": -0.2732071578502655, \"compression_ratio\": 1.7602523565292358, \"no_speech_prob\": 0.02841632254421711}, {\"id\": 3, \"seek\": 0, \"start\": 6.28000020980835, \"end\": 8.520000457763672, \"text\": \" So it's hard for me to stand up when he says\", \"tokens\": [50678, 407, 309, 311, 1152, 337, 385, 281, 1463, 493, 562, 415, 1619, 50790], \"temperature\": 0.0, \"avg_logprob\": -0.2732071578502655, \"compression_ratio\": 1.7602523565292358, \"no_speech_prob\": 0.02841632254421711}, {\"id\": 4, \"seek\": 0, \"start\": 8.520000457763672, \"end\": 11.239999771118164, \"text\": \" I don't want the 19th Amendment repealed,\", \"tokens\": [50790, 286, 500, 380, 528, 264, 1294, 392, 21443, 4301, 5573, 11, 50926], \"temperature\": 0.0, \"avg_logprob\": -0.2732071578502655, \"compression_ratio\": 1.7602523565292358, \"no_speech_prob\": 0.02841632254421711}, {\"id\": 5, \"seek\": 0, \"start\": 11.239999771118164, \"end\": 13.079999923706055, \"text\": \" and women pick me up in their cars.\", \"tokens\": [50926, 293, 2266, 1888, 385, 493, 294, 641, 5163, 13, 51018], \"temperature\": 0.0, \"avg_logprob\": -0.2732071578502655, \"compression_ratio\": 1.7602523565292358, \"no_speech_prob\": 0.02841632254421711}, {\"id\": 6, \"seek\": 0, \"start\": 13.079999923706055, \"end\": 14.880000114440918, \"text\": \" I have some female friends with really nice cars.\", \"tokens\": [51018, 286, 362, 512, 6556, 1855, 365, 534, 1481, 5163, 13, 51108], \"temperature\": 0.0, \"avg_logprob\": -0.2732071578502655, \"compression_ratio\": 1.7602523565292358, \"no_speech_prob\": 0.02841632254421711}, {\"id\": 7, \"seek\": 0, \"start\": 14.880000114440918, \"end\": 15.960000038146973, \"text\": \" They pick me up in their cars,\", \"tokens\": [51108, 814, 1888, 385, 493, 294, 641, 5163, 11, 51162], \"temperature\": 0.0, \"avg_logprob\": -0.2732071578502655, \"compression_ratio\": 1.7602523565292358, \"no_speech_prob\": 0.02841632254421711}, {\"id\": 8, \"seek\": 0, \"start\": 15.960000038146973, \"end\": 17.84000015258789, \"text\": \" and they drive the, I don't care.\", \"tokens\": [51162, 293, 436, 3332, 264, 11, 286, 500, 380, 1127, 13, 51256], \"temperature\": 0.0, \"avg_logprob\": -0.2732071578502655, \"compression_ratio\": 1.7602523565292358, \"no_speech_prob\": 0.02841632254421711}, {\"id\": 9, \"seek\": 0, \"start\": 17.84000015258789, \"end\": 20.600000381469727, \"text\": \" So it's a little different for me, but I still,\", \"tokens\": [51256, 407, 309, 311, 257, 707, 819, 337, 385, 11, 457, 286, 920, 11, 51394], \"temperature\": 0.0, \"avg_logprob\": -0.2732071578502655, \"compression_ratio\": 1.7602523565292358, \"no_speech_prob\": 0.02841632254421711}, {\"id\": 10, \"seek\": 0, \"start\": 20.600000381469727, \"end\": 23.100000381469727, \"text\": \" I like him, and the idea of canceling him is absurd.\", \"tokens\": [51394, 286, 411, 796, 11, 293, 264, 1558, 295, 10373, 278, 796, 307, 19774, 13, 51519], \"temperature\": 0.0, \"avg_logprob\": -0.2732071578502655, \"compression_ratio\": 1.7602523565292358, \"no_speech_prob\": 0.02841632254421711}, {\"id\": 11, \"seek\": 0, \"start\": 23.100000381469727, \"end\": 25.079999923706055, \"text\": \" When they canceled Alex Jones,\", \"tokens\": [51519, 1133, 436, 24839, 5202, 10512, 11, 51618], \"temperature\": 0.0, \"avg_logprob\": -0.2732071578502655, \"compression_ratio\": 1.7602523565292358, \"no_speech_prob\": 0.02841632254421711}, {\"id\": 12, \"seek\": 0, \"start\": 25.079999923706055, \"end\": 27.559999465942383, \"text\": \" it tripled his revenue on InfoWars.\", \"tokens\": [51618, 309, 1376, 15551, 702, 9324, 322, 11537, 78, 54, 685, 13, 51742], \"temperature\": 0.0, \"avg_logprob\": -0.2732071578502655, \"compression_ratio\": 1.7602523565292358, \"no_speech_prob\": 0.02841632254421711}, {\"id\": 13, \"seek\": 0, \"start\": 27.559999465942383, \"end\": 29.280000686645508, \"text\": \" When they canceled Donald Trump,\", \"tokens\": [51742, 1133, 436, 24839, 8632, 3899, 11, 51828], \"temperature\": 0.0, \"avg_logprob\": -0.2732071578502655, \"compression_ratio\": 1.7602523565292358, \"no_speech_prob\": 0.02841632254421711}, {\"id\": 14, \"seek\": 2928, \"start\": 29.68000030517578, \"end\": 31.520000457763672, \"text\": \" he became the most Googled person in the world.\", \"tokens\": [50384, 415, 3062, 264, 881, 45005, 1493, 954, 294, 264, 1002, 13, 50476], \"temperature\": 0.0, \"avg_logprob\": -0.2065884917974472, \"compression_ratio\": 1.7201166152954102, \"no_speech_prob\": 1.3630816283694003e-05}, {\"id\": 15, \"seek\": 2928, \"start\": 31.520000457763672, \"end\": 33.279998779296875, \"text\": \" Cancel culture doesn't work.\", \"tokens\": [50476, 1664, 4933, 3713, 1177, 380, 589, 13, 50564], \"temperature\": 0.0, \"avg_logprob\": -0.2065884917974472, \"compression_ratio\": 1.7201166152954102, \"no_speech_prob\": 1.3630816283694003e-05}, {\"id\": 16, \"seek\": 2928, \"start\": 33.279998779296875, \"end\": 34.20000076293945, \"text\": \" This is where I'm planting my flag.\", \"tokens\": [50564, 639, 307, 689, 286, 478, 20585, 452, 7166, 13, 50610], \"temperature\": 0.0, \"avg_logprob\": -0.2065884917974472, \"compression_ratio\": 1.7201166152954102, \"no_speech_prob\": 1.3630816283694003e-05}, {\"id\": 17, \"seek\": 2928, \"start\": 34.20000076293945, \"end\": 36.439998626708984, \"text\": \" I will literally and figuratively die for this one.\", \"tokens\": [50610, 286, 486, 3736, 293, 31094, 19020, 978, 337, 341, 472, 13, 50722], \"temperature\": 0.0, \"avg_logprob\": -0.2065884917974472, \"compression_ratio\": 1.7201166152954102, \"no_speech_prob\": 1.3630816283694003e-05}, {\"id\": 18, \"seek\": 2928, \"start\": 36.439998626708984, \"end\": 37.959999084472656, \"text\": \" Freedom of speech has two sides to it.\", \"tokens\": [50722, 22208, 295, 6218, 575, 732, 4881, 281, 309, 13, 50798], \"temperature\": 0.0, \"avg_logprob\": -0.2065884917974472, \"compression_ratio\": 1.7201166152954102, \"no_speech_prob\": 1.3630816283694003e-05}, {\"id\": 19, \"seek\": 2928, \"start\": 37.959999084472656, \"end\": 39.91999816894531, \"text\": \" One side is the good, happy ideas, right?\", \"tokens\": [50798, 1485, 1252, 307, 264, 665, 11, 2055, 3487, 11, 558, 30, 50896], \"temperature\": 0.0, \"avg_logprob\": -0.2065884917974472, \"compression_ratio\": 1.7201166152954102, \"no_speech_prob\": 1.3630816283694003e-05}, {\"id\": 20, \"seek\": 2928, \"start\": 39.91999816894531, \"end\": 41.560001373291016, \"text\": \" The idea of a free market economy,\", \"tokens\": [50896, 440, 1558, 295, 257, 1737, 2142, 5010, 11, 50978], \"temperature\": 0.0, \"avg_logprob\": -0.2065884917974472, \"compression_ratio\": 1.7201166152954102, \"no_speech_prob\": 1.3630816283694003e-05}, {\"id\": 21, \"seek\": 2928, \"start\": 41.560001373291016, \"end\": 43.58000183105469, \"text\": \" or Charles Darwin's idea of evolution, right?\", \"tokens\": [50978, 420, 10523, 30233, 311, 1558, 295, 9303, 11, 558, 30, 51079], \"temperature\": 0.0, \"avg_logprob\": -0.2065884917974472, \"compression_ratio\": 1.7201166152954102, \"no_speech_prob\": 1.3630816283694003e-05}, {\"id\": 22, \"seek\": 2928, \"start\": 43.58000183105469, \"end\": 44.41999816894531, \"text\": \" This is free speech.\", \"tokens\": [51079, 639, 307, 1737, 6218, 13, 51121], \"temperature\": 0.0, \"avg_logprob\": -0.2065884917974472, \"compression_ratio\": 1.7201166152954102, \"no_speech_prob\": 1.3630816283694003e-05}, {\"id\": 23, \"seek\": 2928, \"start\": 44.41999816894531, \"end\": 45.91999816894531, \"text\": \" A lot of churches didn't like that idea.\", \"tokens\": [51121, 316, 688, 295, 15381, 994, 380, 411, 300, 1558, 13, 51196], \"temperature\": 0.0, \"avg_logprob\": -0.2065884917974472, \"compression_ratio\": 1.7201166152954102, \"no_speech_prob\": 1.3630816283694003e-05}, {\"id\": 24, \"seek\": 2928, \"start\": 45.91999816894531, \"end\": 49.119998931884766, \"text\": \" The religious sect didn't like when Galileo was saying\", \"tokens\": [51196, 440, 7185, 22610, 994, 380, 411, 562, 46576, 78, 390, 1566, 51356], \"temperature\": 0.0, \"avg_logprob\": -0.2065884917974472, \"compression_ratio\": 1.7201166152954102, \"no_speech_prob\": 1.3630816283694003e-05}, {\"id\": 25, \"seek\": 2928, \"start\": 49.119998931884766, \"end\": 50.52000045776367, \"text\": \" that the earth goes around the sun.\", \"tokens\": [51356, 300, 264, 4120, 1709, 926, 264, 3295, 13, 51426], \"temperature\": 0.0, \"avg_logprob\": -0.2065884917974472, \"compression_ratio\": 1.7201166152954102, \"no_speech_prob\": 1.3630816283694003e-05}, {\"id\": 26, \"seek\": 2928, \"start\": 50.52000045776367, \"end\": 52.279998779296875, \"text\": \" Free speech has a good side to it.\", \"tokens\": [51426, 11551, 6218, 575, 257, 665, 1252, 281, 309, 13, 51514], \"temperature\": 0.0, \"avg_logprob\": -0.2065884917974472, \"compression_ratio\": 1.7201166152954102, \"no_speech_prob\": 1.3630816283694003e-05}, {\"id\": 27, \"seek\": 2928, \"start\": 52.279998779296875, \"end\": 54.400001525878906, \"text\": \" Free speech also has the part where idiots go up there\", \"tokens\": [51514, 11551, 6218, 611, 575, 264, 644, 689, 36454, 352, 493, 456, 51620], \"temperature\": 0.0, \"avg_logprob\": -0.2065884917974472, \"compression_ratio\": 1.7201166152954102, \"no_speech_prob\": 1.3630816283694003e-05}, {\"id\": 28, \"seek\": 2928, \"start\": 54.400001525878906, \"end\": 55.7400016784668, \"text\": \" and say stupid shit.\", \"tokens\": [51620, 293, 584, 6631, 4611, 13, 51687], \"temperature\": 0.0, \"avg_logprob\": -0.2065884917974472, \"compression_ratio\": 1.7201166152954102, \"no_speech_prob\": 1.3630816283694003e-05}, {\"id\": 29, \"seek\": 5574, \"start\": 55.7400016784668, \"end\": 58.97999954223633, \"text\": \" I want to hear dumb people say stupid.\", \"tokens\": [50364, 286, 528, 281, 1568, 10316, 561, 584, 6631, 13, 50526], \"temperature\": 0.0, \"avg_logprob\": -0.41701579093933105, \"compression_ratio\": 0.8260869383811951, \"no_speech_prob\": 0.54646235704422}]}"}