{"title": "All Psychology Is Under The Umbrella Of Evolutionary Psychology", "video_id": "LiAm3KLiork", "video_url": "https://www.youtube.com/watch?v=LiAm3KLiork", "description": "\u2014\u2014\u2014\u2014\u2014\u2014\u2014\u2014\u2014\u2014\u2014\u2014\u2014\u2014\u2014\u2014\u2014\u2014\u2014\u2014\nReady to build a network of amazing women and high-status men?\n\nMichael\u2019s Men of Action is a one-on-one Master\u2019s program that teaches men how to create elite \nsocial lives by becoming higher status.\n\nClick this link to learn how you can have a High-Status lifestyle now:\nhttps://m.moamentoring.com/podcast\n\nClick here to join the Men of Action community and watch the High-Status Networking 101 course:\nhttps://m.moamentoring.com/moa-community\n\nInterested in joining the Men of Action sales team? Apply here:\nhttps://www.moamentoring.com/jobs/sales\n\nMen of Action has an affiliate program! Post pre-made content and get paid passively:\nhttps://www.moamentoring.com/affiliate\n\u2014\u2014\u2014\u2014\u2014\u2014\u2014\u2014\u2014\u2014\u2014\u2014\u2014\u2014\u2014\u2014\u2014\u2014\u2014\u2014\n\nSubscribe on Youtube: \nhttps://www.youtube.com/user/MichaelSartain\n\nListen on Apple Podcast: \nhttps://podcasts.apple.com/us/podcast/the-michael-sartain-podcast/id1579791157\n\nListen on Spotify: \nhttps://open.spotify.com/show/2faAYwvDD9Bvkpwv6umlPO?si=8Q3ak9HnSlKjuChsTXr6YQ&dl_branch=1\n\n#michael #michaelsartain #michael_sartain #michael_sartain_podcast", "published_at": "2023-11-15T20:15:00Z", "channel_id": "UC0T1bDzajVefRWx4uKdGyuw", "channel_title": "Michael Sartain", "tags": ["Michael", "Michael Sartain", "Michael Sartain Podcast", "Michael Podcast", "MOA", "Men Of Action", "Michael Sartain Course", "Michael Sartain With Hot Women", "Playboy", "Swimsuit", "Swimsuit Competition", "ichael sartain social circle", "social circle", "how to netowrk", "moa", "moa podcast", "gender wage gap", "gender wage gap myth", "wage gap", "social value", "michael sartain course", "looks money status", "social circle mentorship", "michael sartain social circle game", "men of action podcast", "men of action course"], "category_id": "24", "live_broadcast_content": "none", "duration": 475.0, "dimension": "2d", "definition": "hd", "caption": "false", "view_count": 1018, "like_count": 58, "comment_count": 3, "channel_info": {"title": "Michael Sartain", "description": "\ud83c\udf99Host of The\u00a0Michael Sartain Podcast \n\n\ud83d\udd25Teaching you how to build a network of desirable women and high-status men\n\n\ud83d\udc47 Click the \"Men of Action\" link below now to forge a high-status lifestyle and join the elites \n", "subscriber_count": "80500", "total_views": "29545897", "total_videos": "1481"}, "comments": [], "file_path": "/Users/aelaguiz/workspace/fc_book/audio/raws/LiAm3KLiork.mp3", "transcription": "{\"text\": \"The rest of psychology feels very anecdotal and soft, and evolutionary psychology feels hard, but because of the unflattering way that it poses human beings. So you've had some exposure to Dr. Bus. This concept of, this is just what I believe, the idea of psychology being a soft science, evolutionary psychology being a hard science, and all psychology actually being under the umbrella of evolutionary psychology. Dr. Bus agreed with this idea. Do you see it that way? I do, yeah. And I tell you, as part of my PhD research, I use genetic algorithms. Genetic algorithms is when you mimic evolution in engineering systems. So you take a bunch of things and you evolve them, and you eliminate and all that. It's insane to see that the concept of evolution works when you apply it to designing power tools, as an example, or pickup trucks. Same thing, you have pickup trucks, the best ones mate, they have baby pickup trucks. You just encode the design into a DNA, and it works. So I think at this point, there's no doubt that a lot of who we are is just informed by evolution. So especially evolutionary psychology, because it's not just our physical attributes, it's like what we do with our bodies, that what we do, like how we behave in this society. I know you have Freud and Jung, and they had their hypothesis when they were growing up, and a lot of the stuff that Freud said, even though he did have some pretty interesting hypothesis, turned out to not be true. But a lot of what he said was coming from his meetings with a 12-year-old boy while he was smoking cocaine. That's not very scientific, but he is a psychologist, he's a psychiatrist, that is a science. And so what I thought was interesting is in the 1970s, the ideas of like, hey, let's just actually do population-level surveys of these things and find out if these things are real. And I think what happened was some of them turned out to be very unflattering for humans in general, and the gender specifically. And because of that, I feel like there's this massive pushback. I feel like evolutionary psychology is the most underrated player in the game, right? It's that undrafted left tackle who turns into an all-pro and nobody knows his name, like that's what it feels like to me. Everything in evolutionary psychology is falsifiable, but everything in behavioral psychology isn't. It's not, yeah. And because it's falsifiable, then someone tries to falsify it, and no one ever does. The parental investment hypothesis is an idea from evolutionary psychology, which is in any two-gender species, the species that does more of the child-rearing is always going to be the more selective of the two genders, and there is no exception to this. In every two-gender species, they've looked far and wide to try to find it, and there's even a case where there's a certain type of fish and seahorse where the males carry the eggs, and they are the pickier of the two genders, and the females fight for them. So it's one of these situations where in evolutionary psychology, they have a hypothesis, they use the scientific method to test it, and the rest of psychology doesn't do this. The rest of psychology looks at one thing and be like, oh, that's a controlling behavior, or this person is like, they sit there and they throw out the word narcissist when they don't even know what that term means. That's what it feels like. Anecdotal. Anecdotal. The rest of psychology feels very anecdotal and soft, and evolutionary psychology feels hard, but because of the unflattering way that it poses human beings, it questions the idea of free will. It makes us seem far closer to our ancestors as hairless murder apes. It compares us very much to other primates and shows that the primates have very similar characteristics to us. It uses examples from the rest of biology to come up with ideas on why humans are the way that they are. And it's really, to be fair, some of its conclusions come across as very uncomfortable for people, and so there's a massive pushback. Have you seen that? Yeah, 100%. I mean, the question is, so here's how I think about it. Do I prefer to be told that make me feel good about myself but are untrue, or do I prefer to know the truth? I will tell you the majority of the universe, the majority of the world wants the first. Yeah, of course. It is a protection. It's a self-preservation mechanism that we have. But I prefer to know the truth. I would rather know the truth. Because once I know the truth, then I can strategize around it. For example, you can build products that actually work better because you understand it. There's a Netflix documentary about chimps. I'm blanking on his name. Have you watched it? Maybe, I'm not sure. Okay, it's funny. It follows the story of a few chimp tribes, and it is so close to humans. Like, when I was watching it, I was like, ah, this is like, we're almost there. Yeah, the genetics, their genetic code is 1.5% off of ours. And when you consider like a species, like say some alien species that would have the same genetic code, but they're 1.5% more advanced than us, and they have like Dyson spheres and interstellar travel. You know, it's just that 1% of genetics. It makes all the difference. Then all of a sudden we go from like using a stick to get ants out of a log, to throwing fecal matter at each other, to like the space race. That's just 1% different. Oh yeah, man, I just thought it was really interesting because it was so incredible to me that it took years of Joe Rogan living in Austin, Texas, a couple of blocks away from David Buss before he had him on the show. And it took Jordan Belfort, who doesn't really understand evolutionary psychology that well, to finally tell Joe Rogan to have David Buss on. And Joe Rogan, his insignia is a monkey. Like it was just like, to me, it was like, there's something here where this whole field of study is just being hidden from the world. And it's so, I was looking for evolutionary psychology podcasts. You know how many there are? One, there's one, it's called Beat Your Genes. And it's these three PhDs. I don't know if it's still around anymore. And then there's mine. And then I can't find another one. Maybe Chris Williamson, he's dabbling in this kind of stuff. But it's very rare that you find anyone getting into this. I'll tell you an example. There is a study that was done in the early, in the mid 90s. And then there's a subsequent study done by Dr. Buss, which basically went over how many previous sexual partners a woman had before she got married and the likelihood of her divorcing and the likelihood of her cheating. And you and I know, before we do the study, what the answer's gonna be. There's obviously a correlation. It's just like, it's so beyond obvious that there's gonna be a correlation. Well, of course, they do the study. And of course, there's a correlation. If a woman's been with like 20 men or more, there's like a 17% chance she stays in a marriage. The likelihood of her cheating increases as she's been with more men. And of course, the study they do in, I think there's, it's a university in Turkey that was doing some of these studies. They continue to do them. But the one in the US, like they did one, and they found out this data and no more studies. Nope, no more. No, we're not. They don't wanna cancel. No more funding for this. We're not finding out that women who sleep with a lot of men are bad wives. No, we can't do these studies. And I was telling my friend about this, and I was like, so if you disagree with this concept, then find a study that says something different. Because I promise you right now, if there was a study done by like Marquette or University of Maryland that showed that as women had more sexual partners, there was zero correlation to divorce, you would instantly win the Nobel Prize in psychology. Instantly, instantly win the Nobel Prize. But because you find a positive correlation between the two, it's an unflattering view of women. And therefore, these studies cannot be published. Same thing happened to Satoshi Kanazawa, who wrote, what's the book? Beautiful People Have More Daughters with David Allen. He published a study showing that African-American women and Asian men have the hardest time on dating apps. Canceled, canceled, once he posted the study. And the study was totally based in fact, in reality. He's Japanese. He has no interest in this whatsoever. Like he's not trying to troll anybody. He's literally a Japanese man. He's literally the cohort that he's complaining, that he's saying has a disadvantage. And he was canceled. And I've tried to have him on my show. And he doesn't want to come on because of the fact that he's like, I'm worried I'm gonna get canceled. Yeah. Isn't it crazy that we're at this place? Academia is like that. It's just these guys. I mean, universities are, I lived in academia for a while. It is, it is. \", \"segments\": [{\"id\": 0, \"seek\": 0, \"start\": 0.0, \"end\": 2.6600000858306885, \"text\": \" The rest of psychology feels very anecdotal and soft,\", \"tokens\": [50364, 440, 1472, 295, 15105, 3417, 588, 26652, 38180, 293, 2787, 11, 50497], \"temperature\": 0.0, \"avg_logprob\": -0.2381523996591568, \"compression_ratio\": 1.86821711063385, \"no_speech_prob\": 0.0028372867964208126}, {\"id\": 1, \"seek\": 0, \"start\": 2.6600000858306885, \"end\": 4.739999771118164, \"text\": \" and evolutionary psychology feels hard,\", \"tokens\": [50497, 293, 27567, 15105, 3417, 1152, 11, 50601], \"temperature\": 0.0, \"avg_logprob\": -0.2381523996591568, \"compression_ratio\": 1.86821711063385, \"no_speech_prob\": 0.0028372867964208126}, {\"id\": 2, \"seek\": 0, \"start\": 4.739999771118164, \"end\": 6.659999847412109, \"text\": \" but because of the unflattering way\", \"tokens\": [50601, 457, 570, 295, 264, 517, 3423, 14849, 636, 50697], \"temperature\": 0.0, \"avg_logprob\": -0.2381523996591568, \"compression_ratio\": 1.86821711063385, \"no_speech_prob\": 0.0028372867964208126}, {\"id\": 3, \"seek\": 0, \"start\": 6.659999847412109, \"end\": 8.300000190734863, \"text\": \" that it poses human beings.\", \"tokens\": [50697, 300, 309, 26059, 1952, 8958, 13, 50779], \"temperature\": 0.0, \"avg_logprob\": -0.2381523996591568, \"compression_ratio\": 1.86821711063385, \"no_speech_prob\": 0.0028372867964208126}, {\"id\": 4, \"seek\": 0, \"start\": 8.300000190734863, \"end\": 10.300000190734863, \"text\": \" So you've had some exposure to Dr. Bus.\", \"tokens\": [50779, 407, 291, 600, 632, 512, 10420, 281, 2491, 13, 8006, 13, 50879], \"temperature\": 0.0, \"avg_logprob\": -0.2381523996591568, \"compression_ratio\": 1.86821711063385, \"no_speech_prob\": 0.0028372867964208126}, {\"id\": 5, \"seek\": 0, \"start\": 10.300000190734863, \"end\": 13.020000457763672, \"text\": \" This concept of, this is just what I believe,\", \"tokens\": [50879, 639, 3410, 295, 11, 341, 307, 445, 437, 286, 1697, 11, 51015], \"temperature\": 0.0, \"avg_logprob\": -0.2381523996591568, \"compression_ratio\": 1.86821711063385, \"no_speech_prob\": 0.0028372867964208126}, {\"id\": 6, \"seek\": 0, \"start\": 13.020000457763672, \"end\": 15.220000267028809, \"text\": \" the idea of psychology being a soft science,\", \"tokens\": [51015, 264, 1558, 295, 15105, 885, 257, 2787, 3497, 11, 51125], \"temperature\": 0.0, \"avg_logprob\": -0.2381523996591568, \"compression_ratio\": 1.86821711063385, \"no_speech_prob\": 0.0028372867964208126}, {\"id\": 7, \"seek\": 0, \"start\": 15.220000267028809, \"end\": 17.579999923706055, \"text\": \" evolutionary psychology being a hard science,\", \"tokens\": [51125, 27567, 15105, 885, 257, 1152, 3497, 11, 51243], \"temperature\": 0.0, \"avg_logprob\": -0.2381523996591568, \"compression_ratio\": 1.86821711063385, \"no_speech_prob\": 0.0028372867964208126}, {\"id\": 8, \"seek\": 0, \"start\": 17.579999923706055, \"end\": 21.059999465942383, \"text\": \" and all psychology actually being under the umbrella\", \"tokens\": [51243, 293, 439, 15105, 767, 885, 833, 264, 21925, 51417], \"temperature\": 0.0, \"avg_logprob\": -0.2381523996591568, \"compression_ratio\": 1.86821711063385, \"no_speech_prob\": 0.0028372867964208126}, {\"id\": 9, \"seek\": 0, \"start\": 21.059999465942383, \"end\": 22.34000015258789, \"text\": \" of evolutionary psychology.\", \"tokens\": [51417, 295, 27567, 15105, 13, 51481], \"temperature\": 0.0, \"avg_logprob\": -0.2381523996591568, \"compression_ratio\": 1.86821711063385, \"no_speech_prob\": 0.0028372867964208126}, {\"id\": 10, \"seek\": 0, \"start\": 22.34000015258789, \"end\": 23.540000915527344, \"text\": \" Dr. Bus agreed with this idea.\", \"tokens\": [51481, 2491, 13, 8006, 9166, 365, 341, 1558, 13, 51541], \"temperature\": 0.0, \"avg_logprob\": -0.2381523996591568, \"compression_ratio\": 1.86821711063385, \"no_speech_prob\": 0.0028372867964208126}, {\"id\": 11, \"seek\": 0, \"start\": 23.540000915527344, \"end\": 24.780000686645508, \"text\": \" Do you see it that way?\", \"tokens\": [51541, 1144, 291, 536, 309, 300, 636, 30, 51603], \"temperature\": 0.0, \"avg_logprob\": -0.2381523996591568, \"compression_ratio\": 1.86821711063385, \"no_speech_prob\": 0.0028372867964208126}, {\"id\": 12, \"seek\": 0, \"start\": 24.780000686645508, \"end\": 25.860000610351562, \"text\": \" I do, yeah.\", \"tokens\": [51603, 286, 360, 11, 1338, 13, 51657], \"temperature\": 0.0, \"avg_logprob\": -0.2381523996591568, \"compression_ratio\": 1.86821711063385, \"no_speech_prob\": 0.0028372867964208126}, {\"id\": 13, \"seek\": 2586, \"start\": 25.899999618530273, \"end\": 30.899999618530273, \"text\": \" And I tell you, as part of my PhD research,\", \"tokens\": [50366, 400, 286, 980, 291, 11, 382, 644, 295, 452, 14476, 2132, 11, 50616], \"temperature\": 0.0, \"avg_logprob\": -0.2254987359046936, \"compression_ratio\": 1.6781115531921387, \"no_speech_prob\": 0.001956179505214095}, {\"id\": 14, \"seek\": 2586, \"start\": 31.780000686645508, \"end\": 33.7400016784668, \"text\": \" I use genetic algorithms.\", \"tokens\": [50660, 286, 764, 12462, 14642, 13, 50758], \"temperature\": 0.0, \"avg_logprob\": -0.2254987359046936, \"compression_ratio\": 1.6781115531921387, \"no_speech_prob\": 0.001956179505214095}, {\"id\": 15, \"seek\": 2586, \"start\": 33.7400016784668, \"end\": 36.5, \"text\": \" Genetic algorithms is when you mimic evolution\", \"tokens\": [50758, 3632, 3532, 14642, 307, 562, 291, 31075, 9303, 50896], \"temperature\": 0.0, \"avg_logprob\": -0.2254987359046936, \"compression_ratio\": 1.6781115531921387, \"no_speech_prob\": 0.001956179505214095}, {\"id\": 16, \"seek\": 2586, \"start\": 36.5, \"end\": 37.41999816894531, \"text\": \" in engineering systems.\", \"tokens\": [50896, 294, 7043, 3652, 13, 50942], \"temperature\": 0.0, \"avg_logprob\": -0.2254987359046936, \"compression_ratio\": 1.6781115531921387, \"no_speech_prob\": 0.001956179505214095}, {\"id\": 17, \"seek\": 2586, \"start\": 37.41999816894531, \"end\": 40.2599983215332, \"text\": \" So you take a bunch of things and you evolve them,\", \"tokens\": [50942, 407, 291, 747, 257, 3840, 295, 721, 293, 291, 16693, 552, 11, 51084], \"temperature\": 0.0, \"avg_logprob\": -0.2254987359046936, \"compression_ratio\": 1.6781115531921387, \"no_speech_prob\": 0.001956179505214095}, {\"id\": 18, \"seek\": 2586, \"start\": 40.2599983215332, \"end\": 41.619998931884766, \"text\": \" and you eliminate and all that.\", \"tokens\": [51084, 293, 291, 13819, 293, 439, 300, 13, 51152], \"temperature\": 0.0, \"avg_logprob\": -0.2254987359046936, \"compression_ratio\": 1.6781115531921387, \"no_speech_prob\": 0.001956179505214095}, {\"id\": 19, \"seek\": 2586, \"start\": 41.619998931884766, \"end\": 44.81999969482422, \"text\": \" It's insane to see that the concept of evolution\", \"tokens\": [51152, 467, 311, 10838, 281, 536, 300, 264, 3410, 295, 9303, 51312], \"temperature\": 0.0, \"avg_logprob\": -0.2254987359046936, \"compression_ratio\": 1.6781115531921387, \"no_speech_prob\": 0.001956179505214095}, {\"id\": 20, \"seek\": 2586, \"start\": 44.81999969482422, \"end\": 48.7400016784668, \"text\": \" works when you apply it to designing power tools,\", \"tokens\": [51312, 1985, 562, 291, 3079, 309, 281, 14685, 1347, 3873, 11, 51508], \"temperature\": 0.0, \"avg_logprob\": -0.2254987359046936, \"compression_ratio\": 1.6781115531921387, \"no_speech_prob\": 0.001956179505214095}, {\"id\": 21, \"seek\": 2586, \"start\": 48.7400016784668, \"end\": 51.099998474121094, \"text\": \" as an example, or pickup trucks.\", \"tokens\": [51508, 382, 364, 1365, 11, 420, 25328, 16156, 13, 51626], \"temperature\": 0.0, \"avg_logprob\": -0.2254987359046936, \"compression_ratio\": 1.6781115531921387, \"no_speech_prob\": 0.001956179505214095}, {\"id\": 22, \"seek\": 2586, \"start\": 51.099998474121094, \"end\": 52.86000061035156, \"text\": \" Same thing, you have pickup trucks,\", \"tokens\": [51626, 10635, 551, 11, 291, 362, 25328, 16156, 11, 51714], \"temperature\": 0.0, \"avg_logprob\": -0.2254987359046936, \"compression_ratio\": 1.6781115531921387, \"no_speech_prob\": 0.001956179505214095}, {\"id\": 23, \"seek\": 5286, \"start\": 52.86000061035156, \"end\": 55.97999954223633, \"text\": \" the best ones mate, they have baby pickup trucks.\", \"tokens\": [50364, 264, 1151, 2306, 11709, 11, 436, 362, 3186, 25328, 16156, 13, 50520], \"temperature\": 0.0, \"avg_logprob\": -0.2774201035499573, \"compression_ratio\": 1.594936728477478, \"no_speech_prob\": 0.00018231698777526617}, {\"id\": 24, \"seek\": 5286, \"start\": 55.97999954223633, \"end\": 60.540000915527344, \"text\": \" You just encode the design into a DNA, and it works.\", \"tokens\": [50520, 509, 445, 2058, 1429, 264, 1715, 666, 257, 8272, 11, 293, 309, 1985, 13, 50748], \"temperature\": 0.0, \"avg_logprob\": -0.2774201035499573, \"compression_ratio\": 1.594936728477478, \"no_speech_prob\": 0.00018231698777526617}, {\"id\": 25, \"seek\": 5286, \"start\": 60.540000915527344, \"end\": 64.0999984741211, \"text\": \" So I think at this point, there's no doubt\", \"tokens\": [50748, 407, 286, 519, 412, 341, 935, 11, 456, 311, 572, 6385, 50926], \"temperature\": 0.0, \"avg_logprob\": -0.2774201035499573, \"compression_ratio\": 1.594936728477478, \"no_speech_prob\": 0.00018231698777526617}, {\"id\": 26, \"seek\": 5286, \"start\": 64.0999984741211, \"end\": 68.0199966430664, \"text\": \" that a lot of who we are is just informed by evolution.\", \"tokens\": [50926, 300, 257, 688, 295, 567, 321, 366, 307, 445, 11740, 538, 9303, 13, 51122], \"temperature\": 0.0, \"avg_logprob\": -0.2774201035499573, \"compression_ratio\": 1.594936728477478, \"no_speech_prob\": 0.00018231698777526617}, {\"id\": 27, \"seek\": 5286, \"start\": 68.0199966430664, \"end\": 71.62000274658203, \"text\": \" So especially evolutionary psychology,\", \"tokens\": [51122, 407, 2318, 27567, 15105, 11, 51302], \"temperature\": 0.0, \"avg_logprob\": -0.2774201035499573, \"compression_ratio\": 1.594936728477478, \"no_speech_prob\": 0.00018231698777526617}, {\"id\": 28, \"seek\": 5286, \"start\": 71.62000274658203, \"end\": 73.86000061035156, \"text\": \" because it's not just our physical attributes,\", \"tokens\": [51302, 570, 309, 311, 406, 445, 527, 4001, 17212, 11, 51414], \"temperature\": 0.0, \"avg_logprob\": -0.2774201035499573, \"compression_ratio\": 1.594936728477478, \"no_speech_prob\": 0.00018231698777526617}, {\"id\": 29, \"seek\": 5286, \"start\": 73.86000061035156, \"end\": 75.69999694824219, \"text\": \" it's like what we do with our bodies,\", \"tokens\": [51414, 309, 311, 411, 437, 321, 360, 365, 527, 7510, 11, 51506], \"temperature\": 0.0, \"avg_logprob\": -0.2774201035499573, \"compression_ratio\": 1.594936728477478, \"no_speech_prob\": 0.00018231698777526617}, {\"id\": 30, \"seek\": 5286, \"start\": 75.69999694824219, \"end\": 79.26000213623047, \"text\": \" that what we do, like how we behave in this society.\", \"tokens\": [51506, 300, 437, 321, 360, 11, 411, 577, 321, 15158, 294, 341, 4086, 13, 51684], \"temperature\": 0.0, \"avg_logprob\": -0.2774201035499573, \"compression_ratio\": 1.594936728477478, \"no_speech_prob\": 0.00018231698777526617}, {\"id\": 31, \"seek\": 7926, \"start\": 80.26000213623047, \"end\": 82.54000091552734, \"text\": \" I know you have Freud and Jung,\", \"tokens\": [50414, 286, 458, 291, 362, 41590, 293, 12739, 11, 50528], \"temperature\": 0.0, \"avg_logprob\": -0.25953659415245056, \"compression_ratio\": 1.6960784196853638, \"no_speech_prob\": 0.009706375189125538}, {\"id\": 32, \"seek\": 7926, \"start\": 82.54000091552734, \"end\": 85.0199966430664, \"text\": \" and they had their hypothesis when they were growing up,\", \"tokens\": [50528, 293, 436, 632, 641, 2477, 2259, 392, 9374, 562, 436, 645, 4194, 493, 11, 50652], \"temperature\": 0.0, \"avg_logprob\": -0.25953659415245056, \"compression_ratio\": 1.6960784196853638, \"no_speech_prob\": 0.009706375189125538}, {\"id\": 33, \"seek\": 7926, \"start\": 85.0199966430664, \"end\": 86.26000213623047, \"text\": \" and a lot of the stuff that Freud said,\", \"tokens\": [50652, 293, 257, 688, 295, 264, 1507, 300, 41590, 848, 11, 50714], \"temperature\": 0.0, \"avg_logprob\": -0.25953659415245056, \"compression_ratio\": 1.6960784196853638, \"no_speech_prob\": 0.009706375189125538}, {\"id\": 34, \"seek\": 7926, \"start\": 86.26000213623047, \"end\": 88.9800033569336, \"text\": \" even though he did have some pretty interesting hypothesis,\", \"tokens\": [50714, 754, 1673, 415, 630, 362, 512, 1238, 1880, 17291, 11, 50850], \"temperature\": 0.0, \"avg_logprob\": -0.25953659415245056, \"compression_ratio\": 1.6960784196853638, \"no_speech_prob\": 0.009706375189125538}, {\"id\": 35, \"seek\": 7926, \"start\": 88.9800033569336, \"end\": 90.37999725341797, \"text\": \" turned out to not be true.\", \"tokens\": [50850, 3574, 484, 281, 406, 312, 2074, 13, 50920], \"temperature\": 0.0, \"avg_logprob\": -0.25953659415245056, \"compression_ratio\": 1.6960784196853638, \"no_speech_prob\": 0.009706375189125538}, {\"id\": 36, \"seek\": 7926, \"start\": 90.37999725341797, \"end\": 92.86000061035156, \"text\": \" But a lot of what he said was coming from his meetings\", \"tokens\": [50920, 583, 257, 688, 295, 437, 415, 848, 390, 1348, 490, 702, 8410, 51044], \"temperature\": 0.0, \"avg_logprob\": -0.25953659415245056, \"compression_ratio\": 1.6960784196853638, \"no_speech_prob\": 0.009706375189125538}, {\"id\": 37, \"seek\": 7926, \"start\": 92.86000061035156, \"end\": 96.0199966430664, \"text\": \" with a 12-year-old boy while he was smoking cocaine.\", \"tokens\": [51044, 365, 257, 2272, 12, 5294, 12, 2641, 3237, 1339, 415, 390, 14055, 33933, 13, 51202], \"temperature\": 0.0, \"avg_logprob\": -0.25953659415245056, \"compression_ratio\": 1.6960784196853638, \"no_speech_prob\": 0.009706375189125538}, {\"id\": 38, \"seek\": 7926, \"start\": 96.0199966430664, \"end\": 99.30000305175781, \"text\": \" That's not very scientific, but he is a psychologist,\", \"tokens\": [51202, 663, 311, 406, 588, 8134, 11, 457, 415, 307, 257, 29514, 11, 51366], \"temperature\": 0.0, \"avg_logprob\": -0.25953659415245056, \"compression_ratio\": 1.6960784196853638, \"no_speech_prob\": 0.009706375189125538}, {\"id\": 39, \"seek\": 7926, \"start\": 99.30000305175781, \"end\": 101.94000244140625, \"text\": \" he's a psychiatrist, that is a science.\", \"tokens\": [51366, 415, 311, 257, 41287, 11, 300, 307, 257, 3497, 13, 51498], \"temperature\": 0.0, \"avg_logprob\": -0.25953659415245056, \"compression_ratio\": 1.6960784196853638, \"no_speech_prob\": 0.009706375189125538}, {\"id\": 40, \"seek\": 7926, \"start\": 101.94000244140625, \"end\": 104.30000305175781, \"text\": \" And so what I thought was interesting is in the 1970s,\", \"tokens\": [51498, 400, 370, 437, 286, 1194, 390, 1880, 307, 294, 264, 14577, 82, 11, 51616], \"temperature\": 0.0, \"avg_logprob\": -0.25953659415245056, \"compression_ratio\": 1.6960784196853638, \"no_speech_prob\": 0.009706375189125538}, {\"id\": 41, \"seek\": 7926, \"start\": 104.30000305175781, \"end\": 107.37999725341797, \"text\": \" the ideas of like, hey, let's just actually do\", \"tokens\": [51616, 264, 3487, 295, 411, 11, 4177, 11, 718, 311, 445, 767, 360, 51770], \"temperature\": 0.0, \"avg_logprob\": -0.25953659415245056, \"compression_ratio\": 1.6960784196853638, \"no_speech_prob\": 0.009706375189125538}, {\"id\": 42, \"seek\": 10738, \"start\": 107.41999816894531, \"end\": 109.58000183105469, \"text\": \" population-level surveys of these things\", \"tokens\": [50366, 4415, 12, 12418, 22711, 295, 613, 721, 50474], \"temperature\": 0.0, \"avg_logprob\": -0.24040350317955017, \"compression_ratio\": 1.7214285135269165, \"no_speech_prob\": 0.00048783188685774803}, {\"id\": 43, \"seek\": 10738, \"start\": 109.58000183105469, \"end\": 111.54000091552734, \"text\": \" and find out if these things are real.\", \"tokens\": [50474, 293, 915, 484, 498, 613, 721, 366, 957, 13, 50572], \"temperature\": 0.0, \"avg_logprob\": -0.24040350317955017, \"compression_ratio\": 1.7214285135269165, \"no_speech_prob\": 0.00048783188685774803}, {\"id\": 44, \"seek\": 10738, \"start\": 111.54000091552734, \"end\": 114.62000274658203, \"text\": \" And I think what happened was some of them\", \"tokens\": [50572, 400, 286, 519, 437, 2011, 390, 512, 295, 552, 50726], \"temperature\": 0.0, \"avg_logprob\": -0.24040350317955017, \"compression_ratio\": 1.7214285135269165, \"no_speech_prob\": 0.00048783188685774803}, {\"id\": 45, \"seek\": 10738, \"start\": 114.62000274658203, \"end\": 118.16000366210938, \"text\": \" turned out to be very unflattering for humans in general,\", \"tokens\": [50726, 3574, 484, 281, 312, 588, 517, 3423, 14849, 337, 6255, 294, 2674, 11, 50903], \"temperature\": 0.0, \"avg_logprob\": -0.24040350317955017, \"compression_ratio\": 1.7214285135269165, \"no_speech_prob\": 0.00048783188685774803}, {\"id\": 46, \"seek\": 10738, \"start\": 118.16000366210938, \"end\": 120.58000183105469, \"text\": \" and the gender specifically.\", \"tokens\": [50903, 293, 264, 7898, 4682, 13, 51024], \"temperature\": 0.0, \"avg_logprob\": -0.24040350317955017, \"compression_ratio\": 1.7214285135269165, \"no_speech_prob\": 0.00048783188685774803}, {\"id\": 47, \"seek\": 10738, \"start\": 120.58000183105469, \"end\": 122.05999755859375, \"text\": \" And because of that, I feel like\", \"tokens\": [51024, 400, 570, 295, 300, 11, 286, 841, 411, 51098], \"temperature\": 0.0, \"avg_logprob\": -0.24040350317955017, \"compression_ratio\": 1.7214285135269165, \"no_speech_prob\": 0.00048783188685774803}, {\"id\": 48, \"seek\": 10738, \"start\": 122.05999755859375, \"end\": 124.0999984741211, \"text\": \" there's this massive pushback.\", \"tokens\": [51098, 456, 311, 341, 5994, 2944, 3207, 13, 51200], \"temperature\": 0.0, \"avg_logprob\": -0.24040350317955017, \"compression_ratio\": 1.7214285135269165, \"no_speech_prob\": 0.00048783188685774803}, {\"id\": 49, \"seek\": 10738, \"start\": 124.0999984741211, \"end\": 125.5, \"text\": \" I feel like evolutionary psychology\", \"tokens\": [51200, 286, 841, 411, 27567, 15105, 51270], \"temperature\": 0.0, \"avg_logprob\": -0.24040350317955017, \"compression_ratio\": 1.7214285135269165, \"no_speech_prob\": 0.00048783188685774803}, {\"id\": 50, \"seek\": 10738, \"start\": 125.5, \"end\": 127.9800033569336, \"text\": \" is the most underrated player in the game, right?\", \"tokens\": [51270, 307, 264, 881, 833, 5468, 4256, 294, 264, 1216, 11, 558, 30, 51394], \"temperature\": 0.0, \"avg_logprob\": -0.24040350317955017, \"compression_ratio\": 1.7214285135269165, \"no_speech_prob\": 0.00048783188685774803}, {\"id\": 51, \"seek\": 10738, \"start\": 127.9800033569336, \"end\": 131.74000549316406, \"text\": \" It's that undrafted left tackle who turns into an all-pro\", \"tokens\": [51394, 467, 311, 300, 674, 4469, 292, 1411, 14896, 567, 4523, 666, 364, 439, 12, 4318, 51582], \"temperature\": 0.0, \"avg_logprob\": -0.24040350317955017, \"compression_ratio\": 1.7214285135269165, \"no_speech_prob\": 0.00048783188685774803}, {\"id\": 52, \"seek\": 10738, \"start\": 131.74000549316406, \"end\": 132.66000366210938, \"text\": \" and nobody knows his name,\", \"tokens\": [51582, 293, 5079, 3255, 702, 1315, 11, 51628], \"temperature\": 0.0, \"avg_logprob\": -0.24040350317955017, \"compression_ratio\": 1.7214285135269165, \"no_speech_prob\": 0.00048783188685774803}, {\"id\": 53, \"seek\": 10738, \"start\": 132.66000366210938, \"end\": 136.3000030517578, \"text\": \" like that's what it feels like to me.\", \"tokens\": [51628, 411, 300, 311, 437, 309, 3417, 411, 281, 385, 13, 51810], \"temperature\": 0.0, \"avg_logprob\": -0.24040350317955017, \"compression_ratio\": 1.7214285135269165, \"no_speech_prob\": 0.00048783188685774803}, {\"id\": 54, \"seek\": 13630, \"start\": 136.3000030517578, \"end\": 138.5800018310547, \"text\": \" Everything in evolutionary psychology is falsifiable,\", \"tokens\": [50364, 5471, 294, 27567, 15105, 307, 16720, 30876, 11, 50478], \"temperature\": 0.0, \"avg_logprob\": -0.22023296356201172, \"compression_ratio\": 1.8829114437103271, \"no_speech_prob\": 0.0024343403056263924}, {\"id\": 55, \"seek\": 13630, \"start\": 138.5800018310547, \"end\": 140.82000732421875, \"text\": \" but everything in behavioral psychology isn't.\", \"tokens\": [50478, 457, 1203, 294, 19124, 15105, 1943, 380, 13, 50590], \"temperature\": 0.0, \"avg_logprob\": -0.22023296356201172, \"compression_ratio\": 1.8829114437103271, \"no_speech_prob\": 0.0024343403056263924}, {\"id\": 56, \"seek\": 13630, \"start\": 140.82000732421875, \"end\": 141.66000366210938, \"text\": \" It's not, yeah.\", \"tokens\": [50590, 467, 311, 406, 11, 1338, 13, 50632], \"temperature\": 0.0, \"avg_logprob\": -0.22023296356201172, \"compression_ratio\": 1.8829114437103271, \"no_speech_prob\": 0.0024343403056263924}, {\"id\": 57, \"seek\": 13630, \"start\": 141.66000366210938, \"end\": 143.02000427246094, \"text\": \" And because it's falsifiable,\", \"tokens\": [50632, 400, 570, 309, 311, 16720, 30876, 11, 50700], \"temperature\": 0.0, \"avg_logprob\": -0.22023296356201172, \"compression_ratio\": 1.8829114437103271, \"no_speech_prob\": 0.0024343403056263924}, {\"id\": 58, \"seek\": 13630, \"start\": 143.02000427246094, \"end\": 145.89999389648438, \"text\": \" then someone tries to falsify it, and no one ever does.\", \"tokens\": [50700, 550, 1580, 9898, 281, 16720, 2505, 309, 11, 293, 572, 472, 1562, 775, 13, 50844], \"temperature\": 0.0, \"avg_logprob\": -0.22023296356201172, \"compression_ratio\": 1.8829114437103271, \"no_speech_prob\": 0.0024343403056263924}, {\"id\": 59, \"seek\": 13630, \"start\": 147.86000061035156, \"end\": 149.5800018310547, \"text\": \" The parental investment hypothesis\", \"tokens\": [50942, 440, 41113, 6078, 17291, 51028], \"temperature\": 0.0, \"avg_logprob\": -0.22023296356201172, \"compression_ratio\": 1.8829114437103271, \"no_speech_prob\": 0.0024343403056263924}, {\"id\": 60, \"seek\": 13630, \"start\": 149.5800018310547, \"end\": 151.17999267578125, \"text\": \" is an idea from evolutionary psychology,\", \"tokens\": [51028, 307, 364, 1558, 490, 27567, 15105, 11, 51108], \"temperature\": 0.0, \"avg_logprob\": -0.22023296356201172, \"compression_ratio\": 1.8829114437103271, \"no_speech_prob\": 0.0024343403056263924}, {\"id\": 61, \"seek\": 13630, \"start\": 151.17999267578125, \"end\": 153.25999450683594, \"text\": \" which is in any two-gender species,\", \"tokens\": [51108, 597, 307, 294, 604, 732, 12, 22174, 6172, 11, 51212], \"temperature\": 0.0, \"avg_logprob\": -0.22023296356201172, \"compression_ratio\": 1.8829114437103271, \"no_speech_prob\": 0.0024343403056263924}, {\"id\": 62, \"seek\": 13630, \"start\": 153.25999450683594, \"end\": 155.3000030517578, \"text\": \" the species that does more of the child-rearing\", \"tokens\": [51212, 264, 6172, 300, 775, 544, 295, 264, 1440, 12, 265, 1921, 51314], \"temperature\": 0.0, \"avg_logprob\": -0.22023296356201172, \"compression_ratio\": 1.8829114437103271, \"no_speech_prob\": 0.0024343403056263924}, {\"id\": 63, \"seek\": 13630, \"start\": 155.3000030517578, \"end\": 157.6999969482422, \"text\": \" is always going to be the more selective of the two genders,\", \"tokens\": [51314, 307, 1009, 516, 281, 312, 264, 544, 33930, 295, 264, 732, 290, 16292, 11, 51434], \"temperature\": 0.0, \"avg_logprob\": -0.22023296356201172, \"compression_ratio\": 1.8829114437103271, \"no_speech_prob\": 0.0024343403056263924}, {\"id\": 64, \"seek\": 13630, \"start\": 157.6999969482422, \"end\": 159.33999633789062, \"text\": \" and there is no exception to this.\", \"tokens\": [51434, 293, 456, 307, 572, 11183, 281, 341, 13, 51516], \"temperature\": 0.0, \"avg_logprob\": -0.22023296356201172, \"compression_ratio\": 1.8829114437103271, \"no_speech_prob\": 0.0024343403056263924}, {\"id\": 65, \"seek\": 13630, \"start\": 159.33999633789062, \"end\": 161.10000610351562, \"text\": \" In every two-gender species,\", \"tokens\": [51516, 682, 633, 732, 12, 22174, 6172, 11, 51604], \"temperature\": 0.0, \"avg_logprob\": -0.22023296356201172, \"compression_ratio\": 1.8829114437103271, \"no_speech_prob\": 0.0024343403056263924}, {\"id\": 66, \"seek\": 13630, \"start\": 161.10000610351562, \"end\": 162.97999572753906, \"text\": \" they've looked far and wide to try to find it,\", \"tokens\": [51604, 436, 600, 2956, 1400, 293, 4874, 281, 853, 281, 915, 309, 11, 51698], \"temperature\": 0.0, \"avg_logprob\": -0.22023296356201172, \"compression_ratio\": 1.8829114437103271, \"no_speech_prob\": 0.0024343403056263924}, {\"id\": 67, \"seek\": 13630, \"start\": 162.97999572753906, \"end\": 165.02000427246094, \"text\": \" and there's even a case where there's a certain type of fish\", \"tokens\": [51698, 293, 456, 311, 754, 257, 1389, 689, 456, 311, 257, 1629, 2010, 295, 3506, 51800], \"temperature\": 0.0, \"avg_logprob\": -0.22023296356201172, \"compression_ratio\": 1.8829114437103271, \"no_speech_prob\": 0.0024343403056263924}, {\"id\": 68, \"seek\": 16502, \"start\": 165.02000427246094, \"end\": 167.3800048828125, \"text\": \" and seahorse where the males carry the eggs,\", \"tokens\": [50364, 293, 369, 545, 18699, 689, 264, 20776, 3985, 264, 6466, 11, 50482], \"temperature\": 0.0, \"avg_logprob\": -0.2184881865978241, \"compression_ratio\": 2.027777671813965, \"no_speech_prob\": 0.01150741521269083}, {\"id\": 69, \"seek\": 16502, \"start\": 167.3800048828125, \"end\": 169.86000061035156, \"text\": \" and they are the pickier of the two genders,\", \"tokens\": [50482, 293, 436, 366, 264, 1888, 811, 295, 264, 732, 290, 16292, 11, 50606], \"temperature\": 0.0, \"avg_logprob\": -0.2184881865978241, \"compression_ratio\": 2.027777671813965, \"no_speech_prob\": 0.01150741521269083}, {\"id\": 70, \"seek\": 16502, \"start\": 169.86000061035156, \"end\": 171.3800048828125, \"text\": \" and the females fight for them.\", \"tokens\": [50606, 293, 264, 21529, 2092, 337, 552, 13, 50682], \"temperature\": 0.0, \"avg_logprob\": -0.2184881865978241, \"compression_ratio\": 2.027777671813965, \"no_speech_prob\": 0.01150741521269083}, {\"id\": 71, \"seek\": 16502, \"start\": 171.3800048828125, \"end\": 172.86000061035156, \"text\": \" So it's one of these situations\", \"tokens\": [50682, 407, 309, 311, 472, 295, 613, 6851, 50756], \"temperature\": 0.0, \"avg_logprob\": -0.2184881865978241, \"compression_ratio\": 2.027777671813965, \"no_speech_prob\": 0.01150741521269083}, {\"id\": 72, \"seek\": 16502, \"start\": 172.86000061035156, \"end\": 175.3000030517578, \"text\": \" where in evolutionary psychology, they have a hypothesis,\", \"tokens\": [50756, 689, 294, 27567, 15105, 11, 436, 362, 257, 17291, 11, 50878], \"temperature\": 0.0, \"avg_logprob\": -0.2184881865978241, \"compression_ratio\": 2.027777671813965, \"no_speech_prob\": 0.01150741521269083}, {\"id\": 73, \"seek\": 16502, \"start\": 175.3000030517578, \"end\": 176.94000244140625, \"text\": \" they use the scientific method to test it,\", \"tokens\": [50878, 436, 764, 264, 8134, 3170, 281, 1500, 309, 11, 50960], \"temperature\": 0.0, \"avg_logprob\": -0.2184881865978241, \"compression_ratio\": 2.027777671813965, \"no_speech_prob\": 0.01150741521269083}, {\"id\": 74, \"seek\": 16502, \"start\": 176.94000244140625, \"end\": 178.74000549316406, \"text\": \" and the rest of psychology doesn't do this.\", \"tokens\": [50960, 293, 264, 1472, 295, 15105, 1177, 380, 360, 341, 13, 51050], \"temperature\": 0.0, \"avg_logprob\": -0.2184881865978241, \"compression_ratio\": 2.027777671813965, \"no_speech_prob\": 0.01150741521269083}, {\"id\": 75, \"seek\": 16502, \"start\": 178.74000549316406, \"end\": 181.10000610351562, \"text\": \" The rest of psychology looks at one thing and be like,\", \"tokens\": [51050, 440, 1472, 295, 15105, 1542, 412, 472, 551, 293, 312, 411, 11, 51168], \"temperature\": 0.0, \"avg_logprob\": -0.2184881865978241, \"compression_ratio\": 2.027777671813965, \"no_speech_prob\": 0.01150741521269083}, {\"id\": 76, \"seek\": 16502, \"start\": 181.10000610351562, \"end\": 183.17999267578125, \"text\": \" oh, that's a controlling behavior,\", \"tokens\": [51168, 1954, 11, 300, 311, 257, 14905, 5223, 11, 51272], \"temperature\": 0.0, \"avg_logprob\": -0.2184881865978241, \"compression_ratio\": 2.027777671813965, \"no_speech_prob\": 0.01150741521269083}, {\"id\": 77, \"seek\": 16502, \"start\": 183.17999267578125, \"end\": 184.5, \"text\": \" or this person is like,\", \"tokens\": [51272, 420, 341, 954, 307, 411, 11, 51338], \"temperature\": 0.0, \"avg_logprob\": -0.2184881865978241, \"compression_ratio\": 2.027777671813965, \"no_speech_prob\": 0.01150741521269083}, {\"id\": 78, \"seek\": 16502, \"start\": 184.5, \"end\": 186.3800048828125, \"text\": \" they sit there and they throw out the word narcissist\", \"tokens\": [51338, 436, 1394, 456, 293, 436, 3507, 484, 264, 1349, 49130, 51432], \"temperature\": 0.0, \"avg_logprob\": -0.2184881865978241, \"compression_ratio\": 2.027777671813965, \"no_speech_prob\": 0.01150741521269083}, {\"id\": 79, \"seek\": 16502, \"start\": 186.3800048828125, \"end\": 188.05999755859375, \"text\": \" when they don't even know what that term means.\", \"tokens\": [51432, 562, 436, 500, 380, 754, 458, 437, 300, 1433, 1355, 13, 51516], \"temperature\": 0.0, \"avg_logprob\": -0.2184881865978241, \"compression_ratio\": 2.027777671813965, \"no_speech_prob\": 0.01150741521269083}, {\"id\": 80, \"seek\": 16502, \"start\": 188.05999755859375, \"end\": 188.89999389648438, \"text\": \" That's what it feels like.\", \"tokens\": [51516, 663, 311, 437, 309, 3417, 411, 13, 51558], \"temperature\": 0.0, \"avg_logprob\": -0.2184881865978241, \"compression_ratio\": 2.027777671813965, \"no_speech_prob\": 0.01150741521269083}, {\"id\": 81, \"seek\": 16502, \"start\": 188.89999389648438, \"end\": 189.72000122070312, \"text\": \" Anecdotal.\", \"tokens\": [51558, 316, 716, 66, 67, 38180, 13, 51599], \"temperature\": 0.0, \"avg_logprob\": -0.2184881865978241, \"compression_ratio\": 2.027777671813965, \"no_speech_prob\": 0.01150741521269083}, {\"id\": 82, \"seek\": 16502, \"start\": 189.72000122070312, \"end\": 190.55999755859375, \"text\": \" Anecdotal.\", \"tokens\": [51599, 316, 716, 66, 67, 38180, 13, 51641], \"temperature\": 0.0, \"avg_logprob\": -0.2184881865978241, \"compression_ratio\": 2.027777671813965, \"no_speech_prob\": 0.01150741521269083}, {\"id\": 83, \"seek\": 16502, \"start\": 190.55999755859375, \"end\": 192.66000366210938, \"text\": \" The rest of psychology feels very anecdotal and soft,\", \"tokens\": [51641, 440, 1472, 295, 15105, 3417, 588, 26652, 38180, 293, 2787, 11, 51746], \"temperature\": 0.0, \"avg_logprob\": -0.2184881865978241, \"compression_ratio\": 2.027777671813965, \"no_speech_prob\": 0.01150741521269083}, {\"id\": 84, \"seek\": 16502, \"start\": 192.66000366210938, \"end\": 194.74000549316406, \"text\": \" and evolutionary psychology feels hard,\", \"tokens\": [51746, 293, 27567, 15105, 3417, 1152, 11, 51850], \"temperature\": 0.0, \"avg_logprob\": -0.2184881865978241, \"compression_ratio\": 2.027777671813965, \"no_speech_prob\": 0.01150741521269083}, {\"id\": 85, \"seek\": 19474, \"start\": 195.4199981689453, \"end\": 196.6199951171875, \"text\": \" but because of the unflattering way\", \"tokens\": [50398, 457, 570, 295, 264, 517, 3423, 14849, 636, 50458], \"temperature\": 0.0, \"avg_logprob\": -0.2298436164855957, \"compression_ratio\": 1.7307692766189575, \"no_speech_prob\": 0.00042387362918816507}, {\"id\": 86, \"seek\": 19474, \"start\": 196.6199951171875, \"end\": 198.3000030517578, \"text\": \" that it poses human beings,\", \"tokens\": [50458, 300, 309, 26059, 1952, 8958, 11, 50542], \"temperature\": 0.0, \"avg_logprob\": -0.2298436164855957, \"compression_ratio\": 1.7307692766189575, \"no_speech_prob\": 0.00042387362918816507}, {\"id\": 87, \"seek\": 19474, \"start\": 198.3000030517578, \"end\": 200.74000549316406, \"text\": \" it questions the idea of free will.\", \"tokens\": [50542, 309, 1651, 264, 1558, 295, 1737, 486, 13, 50664], \"temperature\": 0.0, \"avg_logprob\": -0.2298436164855957, \"compression_ratio\": 1.7307692766189575, \"no_speech_prob\": 0.00042387362918816507}, {\"id\": 88, \"seek\": 19474, \"start\": 200.74000549316406, \"end\": 203.66000366210938, \"text\": \" It makes us seem far closer to our ancestors\", \"tokens\": [50664, 467, 1669, 505, 1643, 1400, 4966, 281, 527, 18069, 50810], \"temperature\": 0.0, \"avg_logprob\": -0.2298436164855957, \"compression_ratio\": 1.7307692766189575, \"no_speech_prob\": 0.00042387362918816507}, {\"id\": 89, \"seek\": 19474, \"start\": 203.66000366210938, \"end\": 205.05999755859375, \"text\": \" as hairless murder apes.\", \"tokens\": [50810, 382, 324, 1648, 442, 6568, 1882, 279, 13, 50880], \"temperature\": 0.0, \"avg_logprob\": -0.2298436164855957, \"compression_ratio\": 1.7307692766189575, \"no_speech_prob\": 0.00042387362918816507}, {\"id\": 90, \"seek\": 19474, \"start\": 205.05999755859375, \"end\": 207.25999450683594, \"text\": \" It compares us very much to other primates\", \"tokens\": [50880, 467, 38334, 505, 588, 709, 281, 661, 2886, 1024, 50990], \"temperature\": 0.0, \"avg_logprob\": -0.2298436164855957, \"compression_ratio\": 1.7307692766189575, \"no_speech_prob\": 0.00042387362918816507}, {\"id\": 91, \"seek\": 19474, \"start\": 207.25999450683594, \"end\": 208.4600067138672, \"text\": \" and shows that the primates\", \"tokens\": [50990, 293, 3110, 300, 264, 2886, 1024, 51050], \"temperature\": 0.0, \"avg_logprob\": -0.2298436164855957, \"compression_ratio\": 1.7307692766189575, \"no_speech_prob\": 0.00042387362918816507}, {\"id\": 92, \"seek\": 19474, \"start\": 208.4600067138672, \"end\": 210.5800018310547, \"text\": \" have very similar characteristics to us.\", \"tokens\": [51050, 362, 588, 2531, 10891, 281, 505, 13, 51156], \"temperature\": 0.0, \"avg_logprob\": -0.2298436164855957, \"compression_ratio\": 1.7307692766189575, \"no_speech_prob\": 0.00042387362918816507}, {\"id\": 93, \"seek\": 19474, \"start\": 210.5800018310547, \"end\": 213.5, \"text\": \" It uses examples from the rest of biology\", \"tokens\": [51156, 467, 4960, 5110, 490, 264, 1472, 295, 14956, 51302], \"temperature\": 0.0, \"avg_logprob\": -0.2298436164855957, \"compression_ratio\": 1.7307692766189575, \"no_speech_prob\": 0.00042387362918816507}, {\"id\": 94, \"seek\": 19474, \"start\": 213.5, \"end\": 215.16000366210938, \"text\": \" to come up with ideas on why humans\", \"tokens\": [51302, 281, 808, 493, 365, 3487, 322, 983, 6255, 51385], \"temperature\": 0.0, \"avg_logprob\": -0.2298436164855957, \"compression_ratio\": 1.7307692766189575, \"no_speech_prob\": 0.00042387362918816507}, {\"id\": 95, \"seek\": 19474, \"start\": 215.16000366210938, \"end\": 216.66000366210938, \"text\": \" are the way that they are.\", \"tokens\": [51385, 366, 264, 636, 300, 436, 366, 13, 51460], \"temperature\": 0.0, \"avg_logprob\": -0.2298436164855957, \"compression_ratio\": 1.7307692766189575, \"no_speech_prob\": 0.00042387362918816507}, {\"id\": 96, \"seek\": 19474, \"start\": 216.66000366210938, \"end\": 218.66000366210938, \"text\": \" And it's really, to be fair,\", \"tokens\": [51460, 400, 309, 311, 534, 11, 281, 312, 3143, 11, 51560], \"temperature\": 0.0, \"avg_logprob\": -0.2298436164855957, \"compression_ratio\": 1.7307692766189575, \"no_speech_prob\": 0.00042387362918816507}, {\"id\": 97, \"seek\": 19474, \"start\": 218.66000366210938, \"end\": 220.5800018310547, \"text\": \" some of its conclusions come across\", \"tokens\": [51560, 512, 295, 1080, 22865, 808, 2108, 51656], \"temperature\": 0.0, \"avg_logprob\": -0.2298436164855957, \"compression_ratio\": 1.7307692766189575, \"no_speech_prob\": 0.00042387362918816507}, {\"id\": 98, \"seek\": 19474, \"start\": 220.5800018310547, \"end\": 222.10000610351562, \"text\": \" as very uncomfortable for people,\", \"tokens\": [51656, 382, 588, 10532, 337, 561, 11, 51732], \"temperature\": 0.0, \"avg_logprob\": -0.2298436164855957, \"compression_ratio\": 1.7307692766189575, \"no_speech_prob\": 0.00042387362918816507}, {\"id\": 99, \"seek\": 19474, \"start\": 222.10000610351562, \"end\": 223.5399932861328, \"text\": \" and so there's a massive pushback.\", \"tokens\": [51732, 293, 370, 456, 311, 257, 5994, 2944, 3207, 13, 51804], \"temperature\": 0.0, \"avg_logprob\": -0.2298436164855957, \"compression_ratio\": 1.7307692766189575, \"no_speech_prob\": 0.00042387362918816507}, {\"id\": 100, \"seek\": 19474, \"start\": 223.5399932861328, \"end\": 224.3800048828125, \"text\": \" Have you seen that?\", \"tokens\": [51804, 3560, 291, 1612, 300, 30, 51846], \"temperature\": 0.0, \"avg_logprob\": -0.2298436164855957, \"compression_ratio\": 1.7307692766189575, \"no_speech_prob\": 0.00042387362918816507}, {\"id\": 101, \"seek\": 22438, \"start\": 224.89999389648438, \"end\": 225.74000549316406, \"text\": \" Yeah, 100%.\", \"tokens\": [50390, 865, 11, 2319, 6856, 50432], \"temperature\": 0.0, \"avg_logprob\": -0.2248697727918625, \"compression_ratio\": 1.7917981147766113, \"no_speech_prob\": 1.9832987163681537e-05}, {\"id\": 102, \"seek\": 22438, \"start\": 225.74000549316406, \"end\": 227.02000427246094, \"text\": \" I mean, the question is,\", \"tokens\": [50432, 286, 914, 11, 264, 1168, 307, 11, 50496], \"temperature\": 0.0, \"avg_logprob\": -0.2248697727918625, \"compression_ratio\": 1.7917981147766113, \"no_speech_prob\": 1.9832987163681537e-05}, {\"id\": 103, \"seek\": 22438, \"start\": 227.02000427246094, \"end\": 229.1199951171875, \"text\": \" so here's how I think about it.\", \"tokens\": [50496, 370, 510, 311, 577, 286, 519, 466, 309, 13, 50601], \"temperature\": 0.0, \"avg_logprob\": -0.2248697727918625, \"compression_ratio\": 1.7917981147766113, \"no_speech_prob\": 1.9832987163681537e-05}, {\"id\": 104, \"seek\": 22438, \"start\": 229.1199951171875, \"end\": 232.74000549316406, \"text\": \" Do I prefer to be told that make me feel good about myself\", \"tokens\": [50601, 1144, 286, 4382, 281, 312, 1907, 300, 652, 385, 841, 665, 466, 2059, 50782], \"temperature\": 0.0, \"avg_logprob\": -0.2248697727918625, \"compression_ratio\": 1.7917981147766113, \"no_speech_prob\": 1.9832987163681537e-05}, {\"id\": 105, \"seek\": 22438, \"start\": 232.74000549316406, \"end\": 236.10000610351562, \"text\": \" but are untrue, or do I prefer to know the truth?\", \"tokens\": [50782, 457, 366, 1701, 41729, 11, 420, 360, 286, 4382, 281, 458, 264, 3494, 30, 50950], \"temperature\": 0.0, \"avg_logprob\": -0.2248697727918625, \"compression_ratio\": 1.7917981147766113, \"no_speech_prob\": 1.9832987163681537e-05}, {\"id\": 106, \"seek\": 22438, \"start\": 236.10000610351562, \"end\": 237.86000061035156, \"text\": \" I will tell you the majority of the universe,\", \"tokens\": [50950, 286, 486, 980, 291, 264, 6286, 295, 264, 6445, 11, 51038], \"temperature\": 0.0, \"avg_logprob\": -0.2248697727918625, \"compression_ratio\": 1.7917981147766113, \"no_speech_prob\": 1.9832987163681537e-05}, {\"id\": 107, \"seek\": 22438, \"start\": 237.86000061035156, \"end\": 239.5399932861328, \"text\": \" the majority of the world wants the first.\", \"tokens\": [51038, 264, 6286, 295, 264, 1002, 2738, 264, 700, 13, 51122], \"temperature\": 0.0, \"avg_logprob\": -0.2248697727918625, \"compression_ratio\": 1.7917981147766113, \"no_speech_prob\": 1.9832987163681537e-05}, {\"id\": 108, \"seek\": 22438, \"start\": 239.5399932861328, \"end\": 240.3800048828125, \"text\": \" Yeah, of course.\", \"tokens\": [51122, 865, 11, 295, 1164, 13, 51164], \"temperature\": 0.0, \"avg_logprob\": -0.2248697727918625, \"compression_ratio\": 1.7917981147766113, \"no_speech_prob\": 1.9832987163681537e-05}, {\"id\": 109, \"seek\": 22438, \"start\": 240.3800048828125, \"end\": 241.1999969482422, \"text\": \" It is a protection.\", \"tokens\": [51164, 467, 307, 257, 6334, 13, 51205], \"temperature\": 0.0, \"avg_logprob\": -0.2248697727918625, \"compression_ratio\": 1.7917981147766113, \"no_speech_prob\": 1.9832987163681537e-05}, {\"id\": 110, \"seek\": 22438, \"start\": 241.1999969482422, \"end\": 244.17999267578125, \"text\": \" It's a self-preservation mechanism that we have.\", \"tokens\": [51205, 467, 311, 257, 2698, 12, 14508, 6864, 7513, 300, 321, 362, 13, 51354], \"temperature\": 0.0, \"avg_logprob\": -0.2248697727918625, \"compression_ratio\": 1.7917981147766113, \"no_speech_prob\": 1.9832987163681537e-05}, {\"id\": 111, \"seek\": 22438, \"start\": 244.17999267578125, \"end\": 246.02000427246094, \"text\": \" But I prefer to know the truth.\", \"tokens\": [51354, 583, 286, 4382, 281, 458, 264, 3494, 13, 51446], \"temperature\": 0.0, \"avg_logprob\": -0.2248697727918625, \"compression_ratio\": 1.7917981147766113, \"no_speech_prob\": 1.9832987163681537e-05}, {\"id\": 112, \"seek\": 22438, \"start\": 246.02000427246094, \"end\": 246.97999572753906, \"text\": \" I would rather know the truth.\", \"tokens\": [51446, 286, 576, 2831, 458, 264, 3494, 13, 51494], \"temperature\": 0.0, \"avg_logprob\": -0.2248697727918625, \"compression_ratio\": 1.7917981147766113, \"no_speech_prob\": 1.9832987163681537e-05}, {\"id\": 113, \"seek\": 22438, \"start\": 246.97999572753906, \"end\": 248.22000122070312, \"text\": \" Because once I know the truth,\", \"tokens\": [51494, 1436, 1564, 286, 458, 264, 3494, 11, 51556], \"temperature\": 0.0, \"avg_logprob\": -0.2248697727918625, \"compression_ratio\": 1.7917981147766113, \"no_speech_prob\": 1.9832987163681537e-05}, {\"id\": 114, \"seek\": 22438, \"start\": 248.22000122070312, \"end\": 250.17999267578125, \"text\": \" then I can strategize around it.\", \"tokens\": [51556, 550, 286, 393, 5464, 1125, 926, 309, 13, 51654], \"temperature\": 0.0, \"avg_logprob\": -0.2248697727918625, \"compression_ratio\": 1.7917981147766113, \"no_speech_prob\": 1.9832987163681537e-05}, {\"id\": 115, \"seek\": 22438, \"start\": 250.17999267578125, \"end\": 251.6199951171875, \"text\": \" For example, you can build products\", \"tokens\": [51654, 1171, 1365, 11, 291, 393, 1322, 3383, 51726], \"temperature\": 0.0, \"avg_logprob\": -0.2248697727918625, \"compression_ratio\": 1.7917981147766113, \"no_speech_prob\": 1.9832987163681537e-05}, {\"id\": 116, \"seek\": 22438, \"start\": 251.6199951171875, \"end\": 253.66000366210938, \"text\": \" that actually work better because you understand it.\", \"tokens\": [51726, 300, 767, 589, 1101, 570, 291, 1223, 309, 13, 51828], \"temperature\": 0.0, \"avg_logprob\": -0.2248697727918625, \"compression_ratio\": 1.7917981147766113, \"no_speech_prob\": 1.9832987163681537e-05}, {\"id\": 117, \"seek\": 25366, \"start\": 253.66000366210938, \"end\": 257.239990234375, \"text\": \" There's a Netflix documentary about chimps.\", \"tokens\": [50364, 821, 311, 257, 12778, 15674, 466, 18375, 1878, 13, 50543], \"temperature\": 0.0, \"avg_logprob\": -0.23647882044315338, \"compression_ratio\": 1.6266666650772095, \"no_speech_prob\": 0.00011235114652663469}, {\"id\": 118, \"seek\": 25366, \"start\": 257.239990234375, \"end\": 258.29998779296875, \"text\": \" I'm blanking on his name.\", \"tokens\": [50543, 286, 478, 8247, 278, 322, 702, 1315, 13, 50596], \"temperature\": 0.0, \"avg_logprob\": -0.23647882044315338, \"compression_ratio\": 1.6266666650772095, \"no_speech_prob\": 0.00011235114652663469}, {\"id\": 119, \"seek\": 25366, \"start\": 258.29998779296875, \"end\": 259.3800048828125, \"text\": \" Have you watched it?\", \"tokens\": [50596, 3560, 291, 6337, 309, 30, 50650], \"temperature\": 0.0, \"avg_logprob\": -0.23647882044315338, \"compression_ratio\": 1.6266666650772095, \"no_speech_prob\": 0.00011235114652663469}, {\"id\": 120, \"seek\": 25366, \"start\": 259.3800048828125, \"end\": 260.2200012207031, \"text\": \" Maybe, I'm not sure.\", \"tokens\": [50650, 2704, 11, 286, 478, 406, 988, 13, 50692], \"temperature\": 0.0, \"avg_logprob\": -0.23647882044315338, \"compression_ratio\": 1.6266666650772095, \"no_speech_prob\": 0.00011235114652663469}, {\"id\": 121, \"seek\": 25366, \"start\": 260.2200012207031, \"end\": 262.1000061035156, \"text\": \" Okay, it's funny.\", \"tokens\": [50692, 1033, 11, 309, 311, 4074, 13, 50786], \"temperature\": 0.0, \"avg_logprob\": -0.23647882044315338, \"compression_ratio\": 1.6266666650772095, \"no_speech_prob\": 0.00011235114652663469}, {\"id\": 122, \"seek\": 25366, \"start\": 262.1000061035156, \"end\": 265.8999938964844, \"text\": \" It follows the story of a few chimp tribes,\", \"tokens\": [50786, 467, 10002, 264, 1657, 295, 257, 1326, 417, 8814, 19035, 11, 50976], \"temperature\": 0.0, \"avg_logprob\": -0.23647882044315338, \"compression_ratio\": 1.6266666650772095, \"no_speech_prob\": 0.00011235114652663469}, {\"id\": 123, \"seek\": 25366, \"start\": 265.8999938964844, \"end\": 268.2200012207031, \"text\": \" and it is so close to humans.\", \"tokens\": [50976, 293, 309, 307, 370, 1998, 281, 6255, 13, 51092], \"temperature\": 0.0, \"avg_logprob\": -0.23647882044315338, \"compression_ratio\": 1.6266666650772095, \"no_speech_prob\": 0.00011235114652663469}, {\"id\": 124, \"seek\": 25366, \"start\": 268.2200012207031, \"end\": 270.29998779296875, \"text\": \" Like, when I was watching it, I was like,\", \"tokens\": [51092, 1743, 11, 562, 286, 390, 1976, 309, 11, 286, 390, 411, 11, 51196], \"temperature\": 0.0, \"avg_logprob\": -0.23647882044315338, \"compression_ratio\": 1.6266666650772095, \"no_speech_prob\": 0.00011235114652663469}, {\"id\": 125, \"seek\": 25366, \"start\": 270.29998779296875, \"end\": 272.5799865722656, \"text\": \" ah, this is like, we're almost there.\", \"tokens\": [51196, 3716, 11, 341, 307, 411, 11, 321, 434, 1920, 456, 13, 51310], \"temperature\": 0.0, \"avg_logprob\": -0.23647882044315338, \"compression_ratio\": 1.6266666650772095, \"no_speech_prob\": 0.00011235114652663469}, {\"id\": 126, \"seek\": 25366, \"start\": 272.5799865722656, \"end\": 273.6600036621094, \"text\": \" Yeah, the genetics,\", \"tokens\": [51310, 865, 11, 264, 26516, 11, 51364], \"temperature\": 0.0, \"avg_logprob\": -0.23647882044315338, \"compression_ratio\": 1.6266666650772095, \"no_speech_prob\": 0.00011235114652663469}, {\"id\": 127, \"seek\": 25366, \"start\": 273.6600036621094, \"end\": 276.29998779296875, \"text\": \" their genetic code is 1.5% off of ours.\", \"tokens\": [51364, 641, 12462, 3089, 307, 502, 13, 20, 4, 766, 295, 11896, 13, 51496], \"temperature\": 0.0, \"avg_logprob\": -0.23647882044315338, \"compression_ratio\": 1.6266666650772095, \"no_speech_prob\": 0.00011235114652663469}, {\"id\": 128, \"seek\": 25366, \"start\": 276.29998779296875, \"end\": 277.94000244140625, \"text\": \" And when you consider like a species,\", \"tokens\": [51496, 400, 562, 291, 1949, 411, 257, 6172, 11, 51578], \"temperature\": 0.0, \"avg_logprob\": -0.23647882044315338, \"compression_ratio\": 1.6266666650772095, \"no_speech_prob\": 0.00011235114652663469}, {\"id\": 129, \"seek\": 25366, \"start\": 277.94000244140625, \"end\": 279.2200012207031, \"text\": \" like say some alien species\", \"tokens\": [51578, 411, 584, 512, 12319, 6172, 51642], \"temperature\": 0.0, \"avg_logprob\": -0.23647882044315338, \"compression_ratio\": 1.6266666650772095, \"no_speech_prob\": 0.00011235114652663469}, {\"id\": 130, \"seek\": 25366, \"start\": 279.2200012207031, \"end\": 280.5199890136719, \"text\": \" that would have the same genetic code,\", \"tokens\": [51642, 300, 576, 362, 264, 912, 12462, 3089, 11, 51707], \"temperature\": 0.0, \"avg_logprob\": -0.23647882044315338, \"compression_ratio\": 1.6266666650772095, \"no_speech_prob\": 0.00011235114652663469}, {\"id\": 131, \"seek\": 25366, \"start\": 280.5199890136719, \"end\": 282.94000244140625, \"text\": \" but they're 1.5% more advanced than us,\", \"tokens\": [51707, 457, 436, 434, 502, 13, 20, 4, 544, 7339, 813, 505, 11, 51828], \"temperature\": 0.0, \"avg_logprob\": -0.23647882044315338, \"compression_ratio\": 1.6266666650772095, \"no_speech_prob\": 0.00011235114652663469}, {\"id\": 132, \"seek\": 28294, \"start\": 282.94000244140625, \"end\": 285.8599853515625, \"text\": \" and they have like Dyson spheres and interstellar travel.\", \"tokens\": [50364, 293, 436, 362, 411, 413, 28194, 41225, 293, 728, 17816, 289, 3147, 13, 50510], \"temperature\": 0.0, \"avg_logprob\": -0.2824839949607849, \"compression_ratio\": 1.6253968477249146, \"no_speech_prob\": 0.0006461868761107326}, {\"id\": 133, \"seek\": 28294, \"start\": 285.8599853515625, \"end\": 287.7799987792969, \"text\": \" You know, it's just that 1% of genetics.\", \"tokens\": [50510, 509, 458, 11, 309, 311, 445, 300, 502, 4, 295, 26516, 13, 50606], \"temperature\": 0.0, \"avg_logprob\": -0.2824839949607849, \"compression_ratio\": 1.6253968477249146, \"no_speech_prob\": 0.0006461868761107326}, {\"id\": 134, \"seek\": 28294, \"start\": 287.7799987792969, \"end\": 288.82000732421875, \"text\": \" It makes all the difference.\", \"tokens\": [50606, 467, 1669, 439, 264, 2649, 13, 50658], \"temperature\": 0.0, \"avg_logprob\": -0.2824839949607849, \"compression_ratio\": 1.6253968477249146, \"no_speech_prob\": 0.0006461868761107326}, {\"id\": 135, \"seek\": 28294, \"start\": 288.82000732421875, \"end\": 291.1400146484375, \"text\": \" Then all of a sudden we go from like using a stick\", \"tokens\": [50658, 1396, 439, 295, 257, 3990, 321, 352, 490, 411, 1228, 257, 2897, 50774], \"temperature\": 0.0, \"avg_logprob\": -0.2824839949607849, \"compression_ratio\": 1.6253968477249146, \"no_speech_prob\": 0.0006461868761107326}, {\"id\": 136, \"seek\": 28294, \"start\": 291.1400146484375, \"end\": 292.4599914550781, \"text\": \" to get ants out of a log,\", \"tokens\": [50774, 281, 483, 23355, 484, 295, 257, 3565, 11, 50840], \"temperature\": 0.0, \"avg_logprob\": -0.2824839949607849, \"compression_ratio\": 1.6253968477249146, \"no_speech_prob\": 0.0006461868761107326}, {\"id\": 137, \"seek\": 28294, \"start\": 292.4599914550781, \"end\": 294.82000732421875, \"text\": \" to throwing fecal matter at each other,\", \"tokens\": [50840, 281, 10238, 579, 9895, 1871, 412, 1184, 661, 11, 50958], \"temperature\": 0.0, \"avg_logprob\": -0.2824839949607849, \"compression_ratio\": 1.6253968477249146, \"no_speech_prob\": 0.0006461868761107326}, {\"id\": 138, \"seek\": 28294, \"start\": 294.82000732421875, \"end\": 296.9800109863281, \"text\": \" to like the space race.\", \"tokens\": [50958, 281, 411, 264, 1901, 4569, 13, 51066], \"temperature\": 0.0, \"avg_logprob\": -0.2824839949607849, \"compression_ratio\": 1.6253968477249146, \"no_speech_prob\": 0.0006461868761107326}, {\"id\": 139, \"seek\": 28294, \"start\": 296.9800109863281, \"end\": 298.9800109863281, \"text\": \" That's just 1% different.\", \"tokens\": [51066, 663, 311, 445, 502, 4, 819, 13, 51166], \"temperature\": 0.0, \"avg_logprob\": -0.2824839949607849, \"compression_ratio\": 1.6253968477249146, \"no_speech_prob\": 0.0006461868761107326}, {\"id\": 140, \"seek\": 28294, \"start\": 298.9800109863281, \"end\": 300.5, \"text\": \" Oh yeah, man, I just thought it was really interesting\", \"tokens\": [51166, 876, 1338, 11, 587, 11, 286, 445, 1194, 309, 390, 534, 1880, 51242], \"temperature\": 0.0, \"avg_logprob\": -0.2824839949607849, \"compression_ratio\": 1.6253968477249146, \"no_speech_prob\": 0.0006461868761107326}, {\"id\": 141, \"seek\": 28294, \"start\": 300.5, \"end\": 303.82000732421875, \"text\": \" because it was so incredible to me\", \"tokens\": [51242, 570, 309, 390, 370, 4651, 281, 385, 51408], \"temperature\": 0.0, \"avg_logprob\": -0.2824839949607849, \"compression_ratio\": 1.6253968477249146, \"no_speech_prob\": 0.0006461868761107326}, {\"id\": 142, \"seek\": 28294, \"start\": 303.82000732421875, \"end\": 308.6199951171875, \"text\": \" that it took years of Joe Rogan living in Austin, Texas,\", \"tokens\": [51408, 300, 309, 1890, 924, 295, 6807, 11860, 282, 2647, 294, 15356, 11, 7885, 11, 51648], \"temperature\": 0.0, \"avg_logprob\": -0.2824839949607849, \"compression_ratio\": 1.6253968477249146, \"no_speech_prob\": 0.0006461868761107326}, {\"id\": 143, \"seek\": 28294, \"start\": 308.6199951171875, \"end\": 311.4200134277344, \"text\": \" a couple of blocks away from David Buss\", \"tokens\": [51648, 257, 1916, 295, 8474, 1314, 490, 4389, 363, 2023, 51788], \"temperature\": 0.0, \"avg_logprob\": -0.2824839949607849, \"compression_ratio\": 1.6253968477249146, \"no_speech_prob\": 0.0006461868761107326}, {\"id\": 144, \"seek\": 28294, \"start\": 311.4200134277344, \"end\": 312.70001220703125, \"text\": \" before he had him on the show.\", \"tokens\": [51788, 949, 415, 632, 796, 322, 264, 855, 13, 51852], \"temperature\": 0.0, \"avg_logprob\": -0.2824839949607849, \"compression_ratio\": 1.6253968477249146, \"no_speech_prob\": 0.0006461868761107326}, {\"id\": 145, \"seek\": 31270, \"start\": 313.4599914550781, \"end\": 314.29998779296875, \"text\": \" And it took Jordan Belfort,\", \"tokens\": [50402, 400, 309, 1890, 10979, 363, 1967, 477, 11, 50444], \"temperature\": 0.0, \"avg_logprob\": -0.22120308876037598, \"compression_ratio\": 1.7272727489471436, \"no_speech_prob\": 0.0003569653781596571}, {\"id\": 146, \"seek\": 31270, \"start\": 314.29998779296875, \"end\": 316.82000732421875, \"text\": \" who doesn't really understand evolutionary psychology\", \"tokens\": [50444, 567, 1177, 380, 534, 1223, 27567, 15105, 50570], \"temperature\": 0.0, \"avg_logprob\": -0.22120308876037598, \"compression_ratio\": 1.7272727489471436, \"no_speech_prob\": 0.0003569653781596571}, {\"id\": 147, \"seek\": 31270, \"start\": 316.82000732421875, \"end\": 319.05999755859375, \"text\": \" that well, to finally tell Joe Rogan\", \"tokens\": [50570, 300, 731, 11, 281, 2721, 980, 6807, 11860, 282, 50682], \"temperature\": 0.0, \"avg_logprob\": -0.22120308876037598, \"compression_ratio\": 1.7272727489471436, \"no_speech_prob\": 0.0003569653781596571}, {\"id\": 148, \"seek\": 31270, \"start\": 319.05999755859375, \"end\": 321.5400085449219, \"text\": \" to have David Buss on.\", \"tokens\": [50682, 281, 362, 4389, 363, 2023, 322, 13, 50806], \"temperature\": 0.0, \"avg_logprob\": -0.22120308876037598, \"compression_ratio\": 1.7272727489471436, \"no_speech_prob\": 0.0003569653781596571}, {\"id\": 149, \"seek\": 31270, \"start\": 321.5400085449219, \"end\": 324.8599853515625, \"text\": \" And Joe Rogan, his insignia is a monkey.\", \"tokens\": [50806, 400, 6807, 11860, 282, 11, 702, 34261, 654, 307, 257, 17847, 13, 50972], \"temperature\": 0.0, \"avg_logprob\": -0.22120308876037598, \"compression_ratio\": 1.7272727489471436, \"no_speech_prob\": 0.0003569653781596571}, {\"id\": 150, \"seek\": 31270, \"start\": 324.8599853515625, \"end\": 326.4599914550781, \"text\": \" Like it was just like, to me, it was like,\", \"tokens\": [50972, 1743, 309, 390, 445, 411, 11, 281, 385, 11, 309, 390, 411, 11, 51052], \"temperature\": 0.0, \"avg_logprob\": -0.22120308876037598, \"compression_ratio\": 1.7272727489471436, \"no_speech_prob\": 0.0003569653781596571}, {\"id\": 151, \"seek\": 31270, \"start\": 326.4599914550781, \"end\": 329.2799987792969, \"text\": \" there's something here where this whole field of study\", \"tokens\": [51052, 456, 311, 746, 510, 689, 341, 1379, 2519, 295, 2979, 51193], \"temperature\": 0.0, \"avg_logprob\": -0.22120308876037598, \"compression_ratio\": 1.7272727489471436, \"no_speech_prob\": 0.0003569653781596571}, {\"id\": 152, \"seek\": 31270, \"start\": 329.2799987792969, \"end\": 331.4200134277344, \"text\": \" is just being hidden from the world.\", \"tokens\": [51193, 307, 445, 885, 7633, 490, 264, 1002, 13, 51300], \"temperature\": 0.0, \"avg_logprob\": -0.22120308876037598, \"compression_ratio\": 1.7272727489471436, \"no_speech_prob\": 0.0003569653781596571}, {\"id\": 153, \"seek\": 31270, \"start\": 331.4200134277344, \"end\": 332.8399963378906, \"text\": \" And it's so, I was looking\", \"tokens\": [51300, 400, 309, 311, 370, 11, 286, 390, 1237, 51371], \"temperature\": 0.0, \"avg_logprob\": -0.22120308876037598, \"compression_ratio\": 1.7272727489471436, \"no_speech_prob\": 0.0003569653781596571}, {\"id\": 154, \"seek\": 31270, \"start\": 332.8399963378906, \"end\": 334.4599914550781, \"text\": \" for evolutionary psychology podcasts.\", \"tokens\": [51371, 337, 27567, 15105, 24045, 13, 51452], \"temperature\": 0.0, \"avg_logprob\": -0.22120308876037598, \"compression_ratio\": 1.7272727489471436, \"no_speech_prob\": 0.0003569653781596571}, {\"id\": 155, \"seek\": 31270, \"start\": 334.4599914550781, \"end\": 335.6600036621094, \"text\": \" You know how many there are?\", \"tokens\": [51452, 509, 458, 577, 867, 456, 366, 30, 51512], \"temperature\": 0.0, \"avg_logprob\": -0.22120308876037598, \"compression_ratio\": 1.7272727489471436, \"no_speech_prob\": 0.0003569653781596571}, {\"id\": 156, \"seek\": 31270, \"start\": 335.6600036621094, \"end\": 337.9800109863281, \"text\": \" One, there's one, it's called Beat Your Genes.\", \"tokens\": [51512, 1485, 11, 456, 311, 472, 11, 309, 311, 1219, 16031, 2260, 3632, 279, 13, 51628], \"temperature\": 0.0, \"avg_logprob\": -0.22120308876037598, \"compression_ratio\": 1.7272727489471436, \"no_speech_prob\": 0.0003569653781596571}, {\"id\": 157, \"seek\": 31270, \"start\": 337.9800109863281, \"end\": 339.5400085449219, \"text\": \" And it's these three PhDs.\", \"tokens\": [51628, 400, 309, 311, 613, 1045, 14476, 82, 13, 51706], \"temperature\": 0.0, \"avg_logprob\": -0.22120308876037598, \"compression_ratio\": 1.7272727489471436, \"no_speech_prob\": 0.0003569653781596571}, {\"id\": 158, \"seek\": 31270, \"start\": 339.5400085449219, \"end\": 340.8999938964844, \"text\": \" I don't know if it's still around anymore.\", \"tokens\": [51706, 286, 500, 380, 458, 498, 309, 311, 920, 926, 3602, 13, 51774], \"temperature\": 0.0, \"avg_logprob\": -0.22120308876037598, \"compression_ratio\": 1.7272727489471436, \"no_speech_prob\": 0.0003569653781596571}, {\"id\": 159, \"seek\": 31270, \"start\": 340.8999938964844, \"end\": 341.739990234375, \"text\": \" And then there's mine.\", \"tokens\": [51774, 400, 550, 456, 311, 3892, 13, 51816], \"temperature\": 0.0, \"avg_logprob\": -0.22120308876037598, \"compression_ratio\": 1.7272727489471436, \"no_speech_prob\": 0.0003569653781596571}, {\"id\": 160, \"seek\": 34174, \"start\": 341.739990234375, \"end\": 343.17999267578125, \"text\": \" And then I can't find another one.\", \"tokens\": [50364, 400, 550, 286, 393, 380, 915, 1071, 472, 13, 50436], \"temperature\": 0.0, \"avg_logprob\": -0.21110907196998596, \"compression_ratio\": 1.7514450550079346, \"no_speech_prob\": 0.0010649336036294699}, {\"id\": 161, \"seek\": 34174, \"start\": 343.17999267578125, \"end\": 346.05999755859375, \"text\": \" Maybe Chris Williamson, he's dabbling in this kind of stuff.\", \"tokens\": [50436, 2704, 6688, 6740, 3015, 11, 415, 311, 274, 10797, 1688, 294, 341, 733, 295, 1507, 13, 50580], \"temperature\": 0.0, \"avg_logprob\": -0.21110907196998596, \"compression_ratio\": 1.7514450550079346, \"no_speech_prob\": 0.0010649336036294699}, {\"id\": 162, \"seek\": 34174, \"start\": 346.05999755859375, \"end\": 349.5, \"text\": \" But it's very rare that you find anyone getting into this.\", \"tokens\": [50580, 583, 309, 311, 588, 5892, 300, 291, 915, 2878, 1242, 666, 341, 13, 50752], \"temperature\": 0.0, \"avg_logprob\": -0.21110907196998596, \"compression_ratio\": 1.7514450550079346, \"no_speech_prob\": 0.0010649336036294699}, {\"id\": 163, \"seek\": 34174, \"start\": 349.5, \"end\": 350.94000244140625, \"text\": \" I'll tell you an example.\", \"tokens\": [50752, 286, 603, 980, 291, 364, 1365, 13, 50824], \"temperature\": 0.0, \"avg_logprob\": -0.21110907196998596, \"compression_ratio\": 1.7514450550079346, \"no_speech_prob\": 0.0010649336036294699}, {\"id\": 164, \"seek\": 34174, \"start\": 350.94000244140625, \"end\": 353.1000061035156, \"text\": \" There is a study that was done in the early,\", \"tokens\": [50824, 821, 307, 257, 2979, 300, 390, 1096, 294, 264, 2440, 11, 50932], \"temperature\": 0.0, \"avg_logprob\": -0.21110907196998596, \"compression_ratio\": 1.7514450550079346, \"no_speech_prob\": 0.0010649336036294699}, {\"id\": 165, \"seek\": 34174, \"start\": 353.1000061035156, \"end\": 354.260009765625, \"text\": \" in the mid 90s.\", \"tokens\": [50932, 294, 264, 2062, 4289, 82, 13, 50990], \"temperature\": 0.0, \"avg_logprob\": -0.21110907196998596, \"compression_ratio\": 1.7514450550079346, \"no_speech_prob\": 0.0010649336036294699}, {\"id\": 166, \"seek\": 34174, \"start\": 354.260009765625, \"end\": 356.6199951171875, \"text\": \" And then there's a subsequent study done by Dr. Buss,\", \"tokens\": [50990, 400, 550, 456, 311, 257, 19962, 2979, 1096, 538, 2491, 13, 363, 2023, 11, 51108], \"temperature\": 0.0, \"avg_logprob\": -0.21110907196998596, \"compression_ratio\": 1.7514450550079346, \"no_speech_prob\": 0.0010649336036294699}, {\"id\": 167, \"seek\": 34174, \"start\": 356.6199951171875, \"end\": 358.5400085449219, \"text\": \" which basically went over how many previous\", \"tokens\": [51108, 597, 1936, 1437, 670, 577, 867, 3894, 51204], \"temperature\": 0.0, \"avg_logprob\": -0.21110907196998596, \"compression_ratio\": 1.7514450550079346, \"no_speech_prob\": 0.0010649336036294699}, {\"id\": 168, \"seek\": 34174, \"start\": 358.5400085449219, \"end\": 360.7799987792969, \"text\": \" sexual partners a woman had before she got married\", \"tokens\": [51204, 6701, 4462, 257, 3059, 632, 949, 750, 658, 5259, 51316], \"temperature\": 0.0, \"avg_logprob\": -0.21110907196998596, \"compression_ratio\": 1.7514450550079346, \"no_speech_prob\": 0.0010649336036294699}, {\"id\": 169, \"seek\": 34174, \"start\": 360.7799987792969, \"end\": 362.5799865722656, \"text\": \" and the likelihood of her divorcing\", \"tokens\": [51316, 293, 264, 22119, 295, 720, 11861, 2175, 51406], \"temperature\": 0.0, \"avg_logprob\": -0.21110907196998596, \"compression_ratio\": 1.7514450550079346, \"no_speech_prob\": 0.0010649336036294699}, {\"id\": 170, \"seek\": 34174, \"start\": 362.5799865722656, \"end\": 363.94000244140625, \"text\": \" and the likelihood of her cheating.\", \"tokens\": [51406, 293, 264, 22119, 295, 720, 18309, 13, 51474], \"temperature\": 0.0, \"avg_logprob\": -0.21110907196998596, \"compression_ratio\": 1.7514450550079346, \"no_speech_prob\": 0.0010649336036294699}, {\"id\": 171, \"seek\": 34174, \"start\": 363.94000244140625, \"end\": 365.9800109863281, \"text\": \" And you and I know, before we do the study,\", \"tokens\": [51474, 400, 291, 293, 286, 458, 11, 949, 321, 360, 264, 2979, 11, 51576], \"temperature\": 0.0, \"avg_logprob\": -0.21110907196998596, \"compression_ratio\": 1.7514450550079346, \"no_speech_prob\": 0.0010649336036294699}, {\"id\": 172, \"seek\": 34174, \"start\": 365.9800109863281, \"end\": 367.0199890136719, \"text\": \" what the answer's gonna be.\", \"tokens\": [51576, 437, 264, 1867, 311, 799, 312, 13, 51628], \"temperature\": 0.0, \"avg_logprob\": -0.21110907196998596, \"compression_ratio\": 1.7514450550079346, \"no_speech_prob\": 0.0010649336036294699}, {\"id\": 173, \"seek\": 34174, \"start\": 367.0199890136719, \"end\": 368.4599914550781, \"text\": \" There's obviously a correlation.\", \"tokens\": [51628, 821, 311, 2745, 257, 20009, 13, 51700], \"temperature\": 0.0, \"avg_logprob\": -0.21110907196998596, \"compression_ratio\": 1.7514450550079346, \"no_speech_prob\": 0.0010649336036294699}, {\"id\": 174, \"seek\": 34174, \"start\": 368.4599914550781, \"end\": 370.55999755859375, \"text\": \" It's just like, it's so beyond obvious\", \"tokens\": [51700, 467, 311, 445, 411, 11, 309, 311, 370, 4399, 6322, 51805], \"temperature\": 0.0, \"avg_logprob\": -0.21110907196998596, \"compression_ratio\": 1.7514450550079346, \"no_speech_prob\": 0.0010649336036294699}, {\"id\": 175, \"seek\": 37056, \"start\": 370.55999755859375, \"end\": 372.0, \"text\": \" that there's gonna be a correlation.\", \"tokens\": [50364, 300, 456, 311, 799, 312, 257, 20009, 13, 50436], \"temperature\": 0.0, \"avg_logprob\": -0.2413666695356369, \"compression_ratio\": 1.914285659790039, \"no_speech_prob\": 0.0015978052979335189}, {\"id\": 176, \"seek\": 37056, \"start\": 372.0, \"end\": 373.1600036621094, \"text\": \" Well, of course, they do the study.\", \"tokens\": [50436, 1042, 11, 295, 1164, 11, 436, 360, 264, 2979, 13, 50494], \"temperature\": 0.0, \"avg_logprob\": -0.2413666695356369, \"compression_ratio\": 1.914285659790039, \"no_speech_prob\": 0.0015978052979335189}, {\"id\": 177, \"seek\": 37056, \"start\": 373.1600036621094, \"end\": 374.3999938964844, \"text\": \" And of course, there's a correlation.\", \"tokens\": [50494, 400, 295, 1164, 11, 456, 311, 257, 20009, 13, 50556], \"temperature\": 0.0, \"avg_logprob\": -0.2413666695356369, \"compression_ratio\": 1.914285659790039, \"no_speech_prob\": 0.0015978052979335189}, {\"id\": 178, \"seek\": 37056, \"start\": 374.3999938964844, \"end\": 376.20001220703125, \"text\": \" If a woman's been with like 20 men or more,\", \"tokens\": [50556, 759, 257, 3059, 311, 668, 365, 411, 945, 1706, 420, 544, 11, 50646], \"temperature\": 0.0, \"avg_logprob\": -0.2413666695356369, \"compression_ratio\": 1.914285659790039, \"no_speech_prob\": 0.0015978052979335189}, {\"id\": 179, \"seek\": 37056, \"start\": 376.20001220703125, \"end\": 378.44000244140625, \"text\": \" there's like a 17% chance she stays in a marriage.\", \"tokens\": [50646, 456, 311, 411, 257, 3282, 4, 2931, 750, 10834, 294, 257, 7194, 13, 50758], \"temperature\": 0.0, \"avg_logprob\": -0.2413666695356369, \"compression_ratio\": 1.914285659790039, \"no_speech_prob\": 0.0015978052979335189}, {\"id\": 180, \"seek\": 37056, \"start\": 378.44000244140625, \"end\": 380.1199951171875, \"text\": \" The likelihood of her cheating increases\", \"tokens\": [50758, 440, 22119, 295, 720, 18309, 8637, 50842], \"temperature\": 0.0, \"avg_logprob\": -0.2413666695356369, \"compression_ratio\": 1.914285659790039, \"no_speech_prob\": 0.0015978052979335189}, {\"id\": 181, \"seek\": 37056, \"start\": 380.1199951171875, \"end\": 382.0, \"text\": \" as she's been with more men.\", \"tokens\": [50842, 382, 750, 311, 668, 365, 544, 1706, 13, 50936], \"temperature\": 0.0, \"avg_logprob\": -0.2413666695356369, \"compression_ratio\": 1.914285659790039, \"no_speech_prob\": 0.0015978052979335189}, {\"id\": 182, \"seek\": 37056, \"start\": 382.0, \"end\": 384.44000244140625, \"text\": \" And of course, the study they do in,\", \"tokens\": [50936, 400, 295, 1164, 11, 264, 2979, 436, 360, 294, 11, 51058], \"temperature\": 0.0, \"avg_logprob\": -0.2413666695356369, \"compression_ratio\": 1.914285659790039, \"no_speech_prob\": 0.0015978052979335189}, {\"id\": 183, \"seek\": 37056, \"start\": 384.44000244140625, \"end\": 386.70001220703125, \"text\": \" I think there's, it's a university in Turkey\", \"tokens\": [51058, 286, 519, 456, 311, 11, 309, 311, 257, 5454, 294, 12647, 51171], \"temperature\": 0.0, \"avg_logprob\": -0.2413666695356369, \"compression_ratio\": 1.914285659790039, \"no_speech_prob\": 0.0015978052979335189}, {\"id\": 184, \"seek\": 37056, \"start\": 386.70001220703125, \"end\": 387.8399963378906, \"text\": \" that was doing some of these studies.\", \"tokens\": [51171, 300, 390, 884, 512, 295, 613, 5313, 13, 51228], \"temperature\": 0.0, \"avg_logprob\": -0.2413666695356369, \"compression_ratio\": 1.914285659790039, \"no_speech_prob\": 0.0015978052979335189}, {\"id\": 185, \"seek\": 37056, \"start\": 387.8399963378906, \"end\": 388.9599914550781, \"text\": \" They continue to do them.\", \"tokens\": [51228, 814, 2354, 281, 360, 552, 13, 51284], \"temperature\": 0.0, \"avg_logprob\": -0.2413666695356369, \"compression_ratio\": 1.914285659790039, \"no_speech_prob\": 0.0015978052979335189}, {\"id\": 186, \"seek\": 37056, \"start\": 388.9599914550781, \"end\": 390.79998779296875, \"text\": \" But the one in the US, like they did one,\", \"tokens\": [51284, 583, 264, 472, 294, 264, 2546, 11, 411, 436, 630, 472, 11, 51376], \"temperature\": 0.0, \"avg_logprob\": -0.2413666695356369, \"compression_ratio\": 1.914285659790039, \"no_speech_prob\": 0.0015978052979335189}, {\"id\": 187, \"seek\": 37056, \"start\": 390.79998779296875, \"end\": 393.8800048828125, \"text\": \" and they found out this data and no more studies.\", \"tokens\": [51376, 293, 436, 1352, 484, 341, 1412, 293, 572, 544, 5313, 13, 51530], \"temperature\": 0.0, \"avg_logprob\": -0.2413666695356369, \"compression_ratio\": 1.914285659790039, \"no_speech_prob\": 0.0015978052979335189}, {\"id\": 188, \"seek\": 37056, \"start\": 393.8800048828125, \"end\": 394.7200012207031, \"text\": \" Nope, no more.\", \"tokens\": [51530, 12172, 11, 572, 544, 13, 51572], \"temperature\": 0.0, \"avg_logprob\": -0.2413666695356369, \"compression_ratio\": 1.914285659790039, \"no_speech_prob\": 0.0015978052979335189}, {\"id\": 189, \"seek\": 37056, \"start\": 394.7200012207031, \"end\": 395.5400085449219, \"text\": \" No, we're not.\", \"tokens\": [51572, 883, 11, 321, 434, 406, 13, 51613], \"temperature\": 0.0, \"avg_logprob\": -0.2413666695356369, \"compression_ratio\": 1.914285659790039, \"no_speech_prob\": 0.0015978052979335189}, {\"id\": 190, \"seek\": 37056, \"start\": 395.5400085449219, \"end\": 396.3800048828125, \"text\": \" They don't wanna cancel.\", \"tokens\": [51613, 814, 500, 380, 1948, 10373, 13, 51655], \"temperature\": 0.0, \"avg_logprob\": -0.2413666695356369, \"compression_ratio\": 1.914285659790039, \"no_speech_prob\": 0.0015978052979335189}, {\"id\": 191, \"seek\": 37056, \"start\": 396.3800048828125, \"end\": 397.739990234375, \"text\": \" No more funding for this.\", \"tokens\": [51655, 883, 544, 6137, 337, 341, 13, 51723], \"temperature\": 0.0, \"avg_logprob\": -0.2413666695356369, \"compression_ratio\": 1.914285659790039, \"no_speech_prob\": 0.0015978052979335189}, {\"id\": 192, \"seek\": 37056, \"start\": 397.739990234375, \"end\": 399.20001220703125, \"text\": \" We're not finding out that women who sleep\", \"tokens\": [51723, 492, 434, 406, 5006, 484, 300, 2266, 567, 2817, 51796], \"temperature\": 0.0, \"avg_logprob\": -0.2413666695356369, \"compression_ratio\": 1.914285659790039, \"no_speech_prob\": 0.0015978052979335189}, {\"id\": 193, \"seek\": 37056, \"start\": 399.20001220703125, \"end\": 400.3999938964844, \"text\": \" with a lot of men are bad wives.\", \"tokens\": [51796, 365, 257, 688, 295, 1706, 366, 1578, 24936, 13, 51856], \"temperature\": 0.0, \"avg_logprob\": -0.2413666695356369, \"compression_ratio\": 1.914285659790039, \"no_speech_prob\": 0.0015978052979335189}, {\"id\": 194, \"seek\": 40040, \"start\": 401.239990234375, \"end\": 402.0799865722656, \"text\": \" No, we can't do these studies.\", \"tokens\": [50406, 883, 11, 321, 393, 380, 360, 613, 5313, 13, 50448], \"temperature\": 0.0, \"avg_logprob\": -0.2075662910938263, \"compression_ratio\": 1.7761627435684204, \"no_speech_prob\": 0.0011694756103679538}, {\"id\": 195, \"seek\": 40040, \"start\": 402.0799865722656, \"end\": 403.32000732421875, \"text\": \" And I was telling my friend about this,\", \"tokens\": [50448, 400, 286, 390, 3585, 452, 1277, 466, 341, 11, 50510], \"temperature\": 0.0, \"avg_logprob\": -0.2075662910938263, \"compression_ratio\": 1.7761627435684204, \"no_speech_prob\": 0.0011694756103679538}, {\"id\": 196, \"seek\": 40040, \"start\": 403.32000732421875, \"end\": 405.55999755859375, \"text\": \" and I was like, so if you disagree with this concept,\", \"tokens\": [50510, 293, 286, 390, 411, 11, 370, 498, 291, 14091, 365, 341, 3410, 11, 50622], \"temperature\": 0.0, \"avg_logprob\": -0.2075662910938263, \"compression_ratio\": 1.7761627435684204, \"no_speech_prob\": 0.0011694756103679538}, {\"id\": 197, \"seek\": 40040, \"start\": 405.55999755859375, \"end\": 407.1600036621094, \"text\": \" then find a study that says something different.\", \"tokens\": [50622, 550, 915, 257, 2979, 300, 1619, 746, 819, 13, 50702], \"temperature\": 0.0, \"avg_logprob\": -0.2075662910938263, \"compression_ratio\": 1.7761627435684204, \"no_speech_prob\": 0.0011694756103679538}, {\"id\": 198, \"seek\": 40040, \"start\": 407.1600036621094, \"end\": 408.6000061035156, \"text\": \" Because I promise you right now,\", \"tokens\": [50702, 1436, 286, 6228, 291, 558, 586, 11, 50774], \"temperature\": 0.0, \"avg_logprob\": -0.2075662910938263, \"compression_ratio\": 1.7761627435684204, \"no_speech_prob\": 0.0011694756103679538}, {\"id\": 199, \"seek\": 40040, \"start\": 408.6000061035156, \"end\": 411.239990234375, \"text\": \" if there was a study done by like Marquette\", \"tokens\": [50774, 498, 456, 390, 257, 2979, 1096, 538, 411, 2039, 358, 3007, 50906], \"temperature\": 0.0, \"avg_logprob\": -0.2075662910938263, \"compression_ratio\": 1.7761627435684204, \"no_speech_prob\": 0.0011694756103679538}, {\"id\": 200, \"seek\": 40040, \"start\": 411.239990234375, \"end\": 413.32000732421875, \"text\": \" or University of Maryland that showed\", \"tokens\": [50906, 420, 3535, 295, 19939, 300, 4712, 51010], \"temperature\": 0.0, \"avg_logprob\": -0.2075662910938263, \"compression_ratio\": 1.7761627435684204, \"no_speech_prob\": 0.0011694756103679538}, {\"id\": 201, \"seek\": 40040, \"start\": 413.32000732421875, \"end\": 415.0, \"text\": \" that as women had more sexual partners,\", \"tokens\": [51010, 300, 382, 2266, 632, 544, 6701, 4462, 11, 51094], \"temperature\": 0.0, \"avg_logprob\": -0.2075662910938263, \"compression_ratio\": 1.7761627435684204, \"no_speech_prob\": 0.0011694756103679538}, {\"id\": 202, \"seek\": 40040, \"start\": 415.0, \"end\": 416.9599914550781, \"text\": \" there was zero correlation to divorce,\", \"tokens\": [51094, 456, 390, 4018, 20009, 281, 16052, 11, 51192], \"temperature\": 0.0, \"avg_logprob\": -0.2075662910938263, \"compression_ratio\": 1.7761627435684204, \"no_speech_prob\": 0.0011694756103679538}, {\"id\": 203, \"seek\": 40040, \"start\": 416.9599914550781, \"end\": 419.9200134277344, \"text\": \" you would instantly win the Nobel Prize in psychology.\", \"tokens\": [51192, 291, 576, 13518, 1942, 264, 24611, 22604, 294, 15105, 13, 51340], \"temperature\": 0.0, \"avg_logprob\": -0.2075662910938263, \"compression_ratio\": 1.7761627435684204, \"no_speech_prob\": 0.0011694756103679538}, {\"id\": 204, \"seek\": 40040, \"start\": 419.9200134277344, \"end\": 422.6400146484375, \"text\": \" Instantly, instantly win the Nobel Prize.\", \"tokens\": [51340, 2730, 3627, 11, 13518, 1942, 264, 24611, 22604, 13, 51476], \"temperature\": 0.0, \"avg_logprob\": -0.2075662910938263, \"compression_ratio\": 1.7761627435684204, \"no_speech_prob\": 0.0011694756103679538}, {\"id\": 205, \"seek\": 40040, \"start\": 422.6400146484375, \"end\": 424.3399963378906, \"text\": \" But because you find a positive correlation\", \"tokens\": [51476, 583, 570, 291, 915, 257, 3353, 20009, 51561], \"temperature\": 0.0, \"avg_logprob\": -0.2075662910938263, \"compression_ratio\": 1.7761627435684204, \"no_speech_prob\": 0.0011694756103679538}, {\"id\": 206, \"seek\": 40040, \"start\": 424.3399963378906, \"end\": 427.0, \"text\": \" between the two, it's an unflattering view of women.\", \"tokens\": [51561, 1296, 264, 732, 11, 309, 311, 364, 517, 3423, 14849, 1910, 295, 2266, 13, 51694], \"temperature\": 0.0, \"avg_logprob\": -0.2075662910938263, \"compression_ratio\": 1.7761627435684204, \"no_speech_prob\": 0.0011694756103679538}, {\"id\": 207, \"seek\": 40040, \"start\": 427.0, \"end\": 429.9200134277344, \"text\": \" And therefore, these studies cannot be published.\", \"tokens\": [51694, 400, 4412, 11, 613, 5313, 2644, 312, 6572, 13, 51840], \"temperature\": 0.0, \"avg_logprob\": -0.2075662910938263, \"compression_ratio\": 1.7761627435684204, \"no_speech_prob\": 0.0011694756103679538}, {\"id\": 208, \"seek\": 42992, \"start\": 429.9200134277344, \"end\": 431.55999755859375, \"text\": \" Same thing happened to Satoshi Kanazawa,\", \"tokens\": [50364, 10635, 551, 2011, 281, 5344, 17392, 11120, 921, 10449, 11, 50446], \"temperature\": 0.0, \"avg_logprob\": -0.25810685753822327, \"compression_ratio\": 1.7270114421844482, \"no_speech_prob\": 0.000194108797586523}, {\"id\": 209, \"seek\": 42992, \"start\": 431.55999755859375, \"end\": 433.8399963378906, \"text\": \" who wrote, what's the book?\", \"tokens\": [50446, 567, 4114, 11, 437, 311, 264, 1446, 30, 50560], \"temperature\": 0.0, \"avg_logprob\": -0.25810685753822327, \"compression_ratio\": 1.7270114421844482, \"no_speech_prob\": 0.000194108797586523}, {\"id\": 210, \"seek\": 42992, \"start\": 433.8399963378906, \"end\": 436.239990234375, \"text\": \" Beautiful People Have More Daughters with David Allen.\", \"tokens\": [50560, 14724, 3432, 3560, 5048, 3933, 15906, 365, 4389, 17160, 13, 50680], \"temperature\": 0.0, \"avg_logprob\": -0.25810685753822327, \"compression_ratio\": 1.7270114421844482, \"no_speech_prob\": 0.000194108797586523}, {\"id\": 211, \"seek\": 42992, \"start\": 436.239990234375, \"end\": 438.9200134277344, \"text\": \" He published a study showing that African-American women\", \"tokens\": [50680, 634, 6572, 257, 2979, 4099, 300, 7312, 12, 14604, 2266, 50814], \"temperature\": 0.0, \"avg_logprob\": -0.25810685753822327, \"compression_ratio\": 1.7270114421844482, \"no_speech_prob\": 0.000194108797586523}, {\"id\": 212, \"seek\": 42992, \"start\": 438.9200134277344, \"end\": 441.67999267578125, \"text\": \" and Asian men have the hardest time on dating apps.\", \"tokens\": [50814, 293, 10645, 1706, 362, 264, 13158, 565, 322, 10689, 7733, 13, 50952], \"temperature\": 0.0, \"avg_logprob\": -0.25810685753822327, \"compression_ratio\": 1.7270114421844482, \"no_speech_prob\": 0.000194108797586523}, {\"id\": 213, \"seek\": 42992, \"start\": 441.67999267578125, \"end\": 444.67999267578125, \"text\": \" Canceled, canceled, once he posted the study.\", \"tokens\": [50952, 1664, 4933, 292, 11, 24839, 11, 1564, 415, 9437, 264, 2979, 13, 51102], \"temperature\": 0.0, \"avg_logprob\": -0.25810685753822327, \"compression_ratio\": 1.7270114421844482, \"no_speech_prob\": 0.000194108797586523}, {\"id\": 214, \"seek\": 42992, \"start\": 444.67999267578125, \"end\": 447.32000732421875, \"text\": \" And the study was totally based in fact, in reality.\", \"tokens\": [51102, 400, 264, 2979, 390, 3879, 2361, 294, 1186, 11, 294, 4103, 13, 51234], \"temperature\": 0.0, \"avg_logprob\": -0.25810685753822327, \"compression_ratio\": 1.7270114421844482, \"no_speech_prob\": 0.000194108797586523}, {\"id\": 215, \"seek\": 42992, \"start\": 447.32000732421875, \"end\": 448.1600036621094, \"text\": \" He's Japanese.\", \"tokens\": [51234, 634, 311, 5433, 13, 51276], \"temperature\": 0.0, \"avg_logprob\": -0.25810685753822327, \"compression_ratio\": 1.7270114421844482, \"no_speech_prob\": 0.000194108797586523}, {\"id\": 216, \"seek\": 42992, \"start\": 448.1600036621094, \"end\": 450.0799865722656, \"text\": \" He has no interest in this whatsoever.\", \"tokens\": [51276, 634, 575, 572, 1179, 294, 341, 17076, 13, 51372], \"temperature\": 0.0, \"avg_logprob\": -0.25810685753822327, \"compression_ratio\": 1.7270114421844482, \"no_speech_prob\": 0.000194108797586523}, {\"id\": 217, \"seek\": 42992, \"start\": 450.0799865722656, \"end\": 451.9200134277344, \"text\": \" Like he's not trying to troll anybody.\", \"tokens\": [51372, 1743, 415, 311, 406, 1382, 281, 20680, 4472, 13, 51464], \"temperature\": 0.0, \"avg_logprob\": -0.25810685753822327, \"compression_ratio\": 1.7270114421844482, \"no_speech_prob\": 0.000194108797586523}, {\"id\": 218, \"seek\": 42992, \"start\": 451.9200134277344, \"end\": 453.6000061035156, \"text\": \" He's literally a Japanese man.\", \"tokens\": [51464, 634, 311, 3736, 257, 5433, 587, 13, 51548], \"temperature\": 0.0, \"avg_logprob\": -0.25810685753822327, \"compression_ratio\": 1.7270114421844482, \"no_speech_prob\": 0.000194108797586523}, {\"id\": 219, \"seek\": 42992, \"start\": 453.6000061035156, \"end\": 455.7200012207031, \"text\": \" He's literally the cohort that he's complaining,\", \"tokens\": [51548, 634, 311, 3736, 264, 28902, 300, 415, 311, 20740, 11, 51654], \"temperature\": 0.0, \"avg_logprob\": -0.25810685753822327, \"compression_ratio\": 1.7270114421844482, \"no_speech_prob\": 0.000194108797586523}, {\"id\": 220, \"seek\": 42992, \"start\": 455.7200012207031, \"end\": 457.4599914550781, \"text\": \" that he's saying has a disadvantage.\", \"tokens\": [51654, 300, 415, 311, 1566, 575, 257, 24292, 13, 51741], \"temperature\": 0.0, \"avg_logprob\": -0.25810685753822327, \"compression_ratio\": 1.7270114421844482, \"no_speech_prob\": 0.000194108797586523}, {\"id\": 221, \"seek\": 42992, \"start\": 457.4599914550781, \"end\": 458.29998779296875, \"text\": \" And he was canceled.\", \"tokens\": [51741, 400, 415, 390, 24839, 13, 51783], \"temperature\": 0.0, \"avg_logprob\": -0.25810685753822327, \"compression_ratio\": 1.7270114421844482, \"no_speech_prob\": 0.000194108797586523}, {\"id\": 222, \"seek\": 42992, \"start\": 458.29998779296875, \"end\": 459.3399963378906, \"text\": \" And I've tried to have him on my show.\", \"tokens\": [51783, 400, 286, 600, 3031, 281, 362, 796, 322, 452, 855, 13, 51835], \"temperature\": 0.0, \"avg_logprob\": -0.25810685753822327, \"compression_ratio\": 1.7270114421844482, \"no_speech_prob\": 0.000194108797586523}, {\"id\": 223, \"seek\": 45934, \"start\": 459.7799987792969, \"end\": 460.8599853515625, \"text\": \" And he doesn't want to come on because of the fact\", \"tokens\": [50386, 400, 415, 1177, 380, 528, 281, 808, 322, 570, 295, 264, 1186, 50440], \"temperature\": 0.0, \"avg_logprob\": -0.37511515617370605, \"compression_ratio\": 1.4590164422988892, \"no_speech_prob\": 0.06261609494686127}, {\"id\": 224, \"seek\": 45934, \"start\": 460.8599853515625, \"end\": 462.5, \"text\": \" that he's like, I'm worried I'm gonna get canceled.\", \"tokens\": [50440, 300, 415, 311, 411, 11, 286, 478, 5804, 286, 478, 799, 483, 24839, 13, 50522], \"temperature\": 0.0, \"avg_logprob\": -0.37511515617370605, \"compression_ratio\": 1.4590164422988892, \"no_speech_prob\": 0.06261609494686127}, {\"id\": 225, \"seek\": 45934, \"start\": 462.5, \"end\": 463.3399963378906, \"text\": \" Yeah.\", \"tokens\": [50522, 865, 13, 50564], \"temperature\": 0.0, \"avg_logprob\": -0.37511515617370605, \"compression_ratio\": 1.4590164422988892, \"no_speech_prob\": 0.06261609494686127}, {\"id\": 226, \"seek\": 45934, \"start\": 463.3399963378906, \"end\": 464.17999267578125, \"text\": \" Isn't it crazy that we're at this place?\", \"tokens\": [50564, 6998, 380, 309, 3219, 300, 321, 434, 412, 341, 1081, 30, 50606], \"temperature\": 0.0, \"avg_logprob\": -0.37511515617370605, \"compression_ratio\": 1.4590164422988892, \"no_speech_prob\": 0.06261609494686127}, {\"id\": 227, \"seek\": 45934, \"start\": 464.17999267578125, \"end\": 465.4200134277344, \"text\": \" Academia is like that.\", \"tokens\": [50606, 9740, 14058, 307, 411, 300, 13, 50668], \"temperature\": 0.0, \"avg_logprob\": -0.37511515617370605, \"compression_ratio\": 1.4590164422988892, \"no_speech_prob\": 0.06261609494686127}, {\"id\": 228, \"seek\": 45934, \"start\": 465.4200134277344, \"end\": 467.1400146484375, \"text\": \" It's just these guys.\", \"tokens\": [50668, 467, 311, 445, 613, 1074, 13, 50754], \"temperature\": 0.0, \"avg_logprob\": -0.37511515617370605, \"compression_ratio\": 1.4590164422988892, \"no_speech_prob\": 0.06261609494686127}, {\"id\": 229, \"seek\": 45934, \"start\": 467.1400146484375, \"end\": 468.5400085449219, \"text\": \" I mean, universities are,\", \"tokens\": [50754, 286, 914, 11, 11779, 366, 11, 50824], \"temperature\": 0.0, \"avg_logprob\": -0.37511515617370605, \"compression_ratio\": 1.4590164422988892, \"no_speech_prob\": 0.06261609494686127}, {\"id\": 230, \"seek\": 45934, \"start\": 470.29998779296875, \"end\": 472.6600036621094, \"text\": \" I lived in academia for a while.\", \"tokens\": [50912, 286, 5152, 294, 28937, 337, 257, 1339, 13, 51030], \"temperature\": 0.0, \"avg_logprob\": -0.37511515617370605, \"compression_ratio\": 1.4590164422988892, \"no_speech_prob\": 0.06261609494686127}, {\"id\": 231, \"seek\": 45934, \"start\": 472.6600036621094, \"end\": 473.8999938964844, \"text\": \" It is, it is.\", \"tokens\": [51030, 467, 307, 11, 309, 307, 13, 51092], \"temperature\": 0.0, \"avg_logprob\": -0.37511515617370605, \"compression_ratio\": 1.4590164422988892, \"no_speech_prob\": 0.06261609494686127}]}"}