{"title": "Why Tiktok DMs suck", "video_id": "Lt0GjLfrlQ8", "video_url": "https://www.youtube.com/watch?v=Lt0GjLfrlQ8", "description": "Watch The Full Thing Here : \n\u2014\u2014\u2014\u2014\u2014\u2014\u2014\u2014\u2014\u2014\u2014\u2014\u2014\u2014\u2014\u2014\u2014\u2014\u2014\u2014\nReady to build a network of amazing women and high-status men?\n\nMichael\u2019s Men of Action is a one-on-one Master\u2019s program that teaches men how to create elite \nsocial lives by becoming higher status.\n\nClick this link to learn how you can have a High-Status lifestyle now:\nhttps://m.moamentoring.com/podcast\n\nClick here to join the Men of Action community and watch the High-Status Networking 101 course:\nhttps://m.moamentoring.com/moa-community\n\nInterested in joining the Men of Action sales team? Apply here:\nhttps://www.moamentoring.com/jobs/sales\n\nMen of Action has an affiliate program! Post pre-made content and get paid passively:\nhttps://www.moamentoring.com/affiliate\n\u2014\u2014\u2014\u2014\u2014\u2014\u2014\u2014\u2014\u2014\u2014\u2014\u2014\u2014\u2014\u2014\u2014\u2014\u2014\u2014\n\nSubscribe on Youtube: \nhttps://www.youtube.com/user/MichaelSartain\n\nListen on Apple Podcast: \nhttps://podcasts.apple.com/us/podcast/the-michael-sartain-podcast/id1579791157\n\nListen on Spotify: \nhttps://open.spotify.com/show/2faAYwvDD9Bvkpwv6umlPO?si=8Q3ak9HnSlKjuChsTXr6YQ&dl_branch=1\n\n#michael #michaelsartain #michael_sartain #michael_sartain_podcast", "published_at": "2023-12-15T18:00:16Z", "channel_id": "UC0T1bDzajVefRWx4uKdGyuw", "channel_title": "Michael Sartain", "tags": ["Michael", "Michael Sartain", "Michael Sartain Podcast", "Michael Podcast", "MOA", "Men Of Action", "Michael Sartain Course", "Michael Sartain With Hot Women", "Playboy", "Swimsuit", "Swimsuit Competition", "ichael sartain social circle", "social circle", "how to netowrk", "moa", "moa podcast", "gender wage gap", "gender wage gap myth", "wage gap", "social value", "michael sartain course", "looks money status", "social circle mentorship", "michael sartain social circle game", "men of action podcast", "men of action course"], "category_id": "24", "live_broadcast_content": "none", "duration": 35.0, "dimension": "2d", "definition": "hd", "caption": "false", "view_count": 1606, "like_count": 54, "comment_count": 1, "channel_info": {"title": "Michael Sartain", "description": "\ud83c\udf99Host of The\u00a0Michael Sartain Podcast \n\n\ud83d\udd25Teaching you how to build a network of desirable women and high-status men\n\n\ud83d\udc47 Click the \"Men of Action\" link below now to forge a high-status lifestyle and join the elites \n", "subscriber_count": "80500", "total_views": "29545897", "total_videos": "1481"}, "comments": [], "file_path": "/Users/aelaguiz/workspace/fc_book/audio/raws/Lt0GjLfrlQ8.mp3", "transcription": "{\"text\": \"TikTok is not good for setting up dates because the way the DM feature works on there, it's very hard to connect with people. You have to both be following each other and there's just so many DMs. It just doesn't work. The DM notifications are in the same place with all your other notifications. So I just don't see on TikTok, same thing on Twitter, but on Instagram, the DM is robust because they already have WhatsApp and they already have a Facebook messenger. So the DM abilities on IG are better. If you guys want to throw a huge party and have a hundred girls show up, it's Instagram and nothing else. You're not doing that on Twitter. You're not doing that on TikTok. You're only doing that on Instagram. That's why for dating and social circle type of stuff, Instagram, at least for right now. \", \"segments\": [{\"id\": 0, \"seek\": 0, \"start\": 0.0, \"end\": 3.759999990463257, \"text\": \" TikTok is not good for setting up dates because the way the DM feature works on\", \"tokens\": [50364, 20211, 307, 406, 665, 337, 3287, 493, 11691, 570, 264, 636, 264, 15322, 4111, 1985, 322, 50552], \"temperature\": 0.0, \"avg_logprob\": -0.25616255402565, \"compression_ratio\": 1.8543956279754639, \"no_speech_prob\": 0.30495890974998474}, {\"id\": 1, \"seek\": 0, \"start\": 3.759999990463257, \"end\": 5.599999904632568, \"text\": \" there, it's very hard to connect with people.\", \"tokens\": [50552, 456, 11, 309, 311, 588, 1152, 281, 1745, 365, 561, 13, 50644], \"temperature\": 0.0, \"avg_logprob\": -0.25616255402565, \"compression_ratio\": 1.8543956279754639, \"no_speech_prob\": 0.30495890974998474}, {\"id\": 2, \"seek\": 0, \"start\": 5.599999904632568, \"end\": 8.680000305175781, \"text\": \" You have to both be following each other and there's just so many DMs.\", \"tokens\": [50644, 509, 362, 281, 1293, 312, 3480, 1184, 661, 293, 456, 311, 445, 370, 867, 15322, 82, 13, 50798], \"temperature\": 0.0, \"avg_logprob\": -0.25616255402565, \"compression_ratio\": 1.8543956279754639, \"no_speech_prob\": 0.30495890974998474}, {\"id\": 3, \"seek\": 0, \"start\": 8.680000305175781, \"end\": 9.359999656677246, \"text\": \" It just doesn't work.\", \"tokens\": [50798, 467, 445, 1177, 380, 589, 13, 50832], \"temperature\": 0.0, \"avg_logprob\": -0.25616255402565, \"compression_ratio\": 1.8543956279754639, \"no_speech_prob\": 0.30495890974998474}, {\"id\": 4, \"seek\": 0, \"start\": 9.399999618530273, \"end\": 12.739999771118164, \"text\": \" The DM notifications are in the same place with all your other notifications.\", \"tokens\": [50834, 440, 15322, 13426, 366, 294, 264, 912, 1081, 365, 439, 428, 661, 13426, 13, 51001], \"temperature\": 0.0, \"avg_logprob\": -0.25616255402565, \"compression_ratio\": 1.8543956279754639, \"no_speech_prob\": 0.30495890974998474}, {\"id\": 5, \"seek\": 0, \"start\": 12.739999771118164, \"end\": 17.239999771118164, \"text\": \" So I just don't see on TikTok, same thing on Twitter, but on Instagram, the DM is\", \"tokens\": [51001, 407, 286, 445, 500, 380, 536, 322, 20211, 11, 912, 551, 322, 5794, 11, 457, 322, 5281, 11, 264, 15322, 307, 51226], \"temperature\": 0.0, \"avg_logprob\": -0.25616255402565, \"compression_ratio\": 1.8543956279754639, \"no_speech_prob\": 0.30495890974998474}, {\"id\": 6, \"seek\": 0, \"start\": 17.239999771118164, \"end\": 20.1200008392334, \"text\": \" robust because they already have WhatsApp and they already have a Facebook messenger.\", \"tokens\": [51226, 13956, 570, 436, 1217, 362, 30513, 293, 436, 1217, 362, 257, 4384, 26599, 13, 51370], \"temperature\": 0.0, \"avg_logprob\": -0.25616255402565, \"compression_ratio\": 1.8543956279754639, \"no_speech_prob\": 0.30495890974998474}, {\"id\": 7, \"seek\": 0, \"start\": 20.1200008392334, \"end\": 22.559999465942383, \"text\": \" So the DM abilities on IG are better.\", \"tokens\": [51370, 407, 264, 15322, 11582, 322, 220, 10489, 366, 1101, 13, 51492], \"temperature\": 0.0, \"avg_logprob\": -0.25616255402565, \"compression_ratio\": 1.8543956279754639, \"no_speech_prob\": 0.30495890974998474}, {\"id\": 8, \"seek\": 0, \"start\": 22.600000381469727, \"end\": 25.280000686645508, \"text\": \" If you guys want to throw a huge party and have a hundred girls show up, it's\", \"tokens\": [51494, 759, 291, 1074, 528, 281, 3507, 257, 2603, 3595, 293, 362, 257, 3262, 4519, 855, 493, 11, 309, 311, 51628], \"temperature\": 0.0, \"avg_logprob\": -0.25616255402565, \"compression_ratio\": 1.8543956279754639, \"no_speech_prob\": 0.30495890974998474}, {\"id\": 9, \"seek\": 0, \"start\": 25.280000686645508, \"end\": 26.399999618530273, \"text\": \" Instagram and nothing else.\", \"tokens\": [51628, 5281, 293, 1825, 1646, 13, 51684], \"temperature\": 0.0, \"avg_logprob\": -0.25616255402565, \"compression_ratio\": 1.8543956279754639, \"no_speech_prob\": 0.30495890974998474}, {\"id\": 10, \"seek\": 0, \"start\": 26.399999618530273, \"end\": 27.479999542236328, \"text\": \" You're not doing that on Twitter.\", \"tokens\": [51684, 509, 434, 406, 884, 300, 322, 5794, 13, 51738], \"temperature\": 0.0, \"avg_logprob\": -0.25616255402565, \"compression_ratio\": 1.8543956279754639, \"no_speech_prob\": 0.30495890974998474}, {\"id\": 11, \"seek\": 0, \"start\": 27.479999542236328, \"end\": 28.559999465942383, \"text\": \" You're not doing that on TikTok.\", \"tokens\": [51738, 509, 434, 406, 884, 300, 322, 20211, 13, 51792], \"temperature\": 0.0, \"avg_logprob\": -0.25616255402565, \"compression_ratio\": 1.8543956279754639, \"no_speech_prob\": 0.30495890974998474}, {\"id\": 12, \"seek\": 2856, \"start\": 28.559999465942383, \"end\": 30.200000762939453, \"text\": \" You're only doing that on Instagram.\", \"tokens\": [50364, 509, 434, 787, 884, 300, 322, 5281, 13, 50446], \"temperature\": 0.0, \"avg_logprob\": -0.2949998378753662, \"compression_ratio\": 1.2115384340286255, \"no_speech_prob\": 0.49976038932800293}, {\"id\": 13, \"seek\": 2856, \"start\": 30.200000762939453, \"end\": 33.7599983215332, \"text\": \" That's why for dating and social circle type of stuff, Instagram, at least for\", \"tokens\": [50446, 663, 311, 983, 337, 10689, 293, 2093, 6329, 2010, 295, 1507, 11, 5281, 11, 412, 1935, 337, 50624], \"temperature\": 0.0, \"avg_logprob\": -0.2949998378753662, \"compression_ratio\": 1.2115384340286255, \"no_speech_prob\": 0.49976038932800293}, {\"id\": 14, \"seek\": 2856, \"start\": 33.7599983215332, \"end\": 34.040000915527344, \"text\": \" right now.\", \"tokens\": [50624, 558, 586, 13, 50638], \"temperature\": 0.0, \"avg_logprob\": -0.2949998378753662, \"compression_ratio\": 1.2115384340286255, \"no_speech_prob\": 0.49976038932800293}]}"}