{"title": "THIS will change the way you look at relationships", "video_id": "LuNv6jtKLJQ", "video_url": "https://www.youtube.com/watch?v=LuNv6jtKLJQ", "description": "Watch The Full Thing Here : \n\u2014\u2014\u2014\u2014\u2014\u2014\u2014\u2014\u2014\u2014\u2014\u2014\u2014\u2014\u2014\u2014\u2014\u2014\u2014\u2014\nReady to build a network of amazing women and high-status men?\n\nMichael\u2019s Men of Action is a one-on-one Master\u2019s program that teaches men how to create elite \nsocial lives by becoming higher status.\n\nClick this link to learn how you can have a High-Status lifestyle now:\nhttps://m.moamentoring.com/podcast\n\nClick here to join the Men of Action community and watch the High-Status Networking 101 course:\nhttps://m.moamentoring.com/moa-community\n\nInterested in joining the Men of Action sales team? Apply here:\nhttps://www.moamentoring.com/jobs/sales\n\nMen of Action has an affiliate program! Post pre-made content and get paid passively:\nhttps://www.moamentoring.com/affiliate\n\u2014\u2014\u2014\u2014\u2014\u2014\u2014\u2014\u2014\u2014\u2014\u2014\u2014\u2014\u2014\u2014\u2014\u2014\u2014\u2014\n\nSubscribe on Youtube: \nhttps://www.youtube.com/user/MichaelSartain\n\nListen on Apple Podcast: \nhttps://podcasts.apple.com/us/podcast/the-michael-sartain-podcast/id1579791157\n\nListen on Spotify: \nhttps://open.spotify.com/show/2faAYwvDD9Bvkpwv6umlPO?si=8Q3ak9HnSlKjuChsTXr6YQ&dl_branch=1\n\n#michael #michaelsartain #michael_sartain #michael_sartain_podcast", "published_at": "2023-11-28T18:00:19Z", "channel_id": "UC0T1bDzajVefRWx4uKdGyuw", "channel_title": "Michael Sartain", "tags": ["Michael", "Michael Sartain", "Michael Sartain Podcast", "Michael Podcast", "MOA", "Men Of Action", "Michael Sartain Course", "Michael Sartain With Hot Women", "Playboy", "Swimsuit", "Swimsuit Competition", "ichael sartain social circle", "social circle", "how to netowrk", "moa", "moa podcast", "gender wage gap", "gender wage gap myth", "wage gap", "social value", "michael sartain course", "looks money status", "social circle mentorship", "michael sartain social circle game", "men of action podcast", "men of action course"], "category_id": "24", "live_broadcast_content": "none", "duration": 45.0, "dimension": "2d", "definition": "hd", "caption": "false", "view_count": 5255, "like_count": 146, "comment_count": 8, "channel_info": {"title": "Michael Sartain", "description": "\ud83c\udf99Host of The\u00a0Michael Sartain Podcast \n\n\ud83d\udd25Teaching you how to build a network of desirable women and high-status men\n\n\ud83d\udc47 Click the \"Men of Action\" link below now to forge a high-status lifestyle and join the elites \n", "subscriber_count": "80500", "total_views": "29545897", "total_videos": "1481"}, "comments": [], "file_path": "/Users/aelaguiz/workspace/fc_book/audio/raws/LuNv6jtKLJQ.mp3", "transcription": "{\"text\": \"This is something I actually learned through therapy. She told me I had to stop associating violence with love. This 100% plays a part in how I was raised. My dad was very physically abusive. My grandmother was very physically abusive. A lot of people in my life were very physically abusive. And in a lot of relationships, including the one I think you're leading up to that was physically abusive. There's this mind that they tell you, and I've heard it so many times growing up and they're like, well, I wouldn't do it if I didn't care, the fact that you can get this reaction from me means I love you that much, or I care that much. And I honestly believed that for the longest time. I 100% associated violence with love. I thought if you weren't doing stuff like that, then you didn't care about me. I have a friend. She was consistently cheated on by her boyfriend. Her wires got crossed where she started to confuse him cheating on her with him being a high value male. They get confused. \", \"segments\": [{\"id\": 0, \"seek\": 0, \"start\": 0.0, \"end\": 2.299999952316284, \"text\": \" This is something I actually learned through therapy.\", \"tokens\": [50364, 639, 307, 746, 286, 767, 3264, 807, 9492, 13, 50479], \"temperature\": 0.0, \"avg_logprob\": -0.2373550832271576, \"compression_ratio\": 1.8223495483398438, \"no_speech_prob\": 0.1773412823677063}, {\"id\": 1, \"seek\": 0, \"start\": 2.319999933242798, \"end\": 5.639999866485596, \"text\": \" She told me I had to stop associating violence with love.\", \"tokens\": [50480, 1240, 1907, 385, 286, 632, 281, 1590, 4180, 990, 6270, 365, 959, 13, 50646], \"temperature\": 0.0, \"avg_logprob\": -0.2373550832271576, \"compression_ratio\": 1.8223495483398438, \"no_speech_prob\": 0.1773412823677063}, {\"id\": 2, \"seek\": 0, \"start\": 5.639999866485596, \"end\": 8.739999771118164, \"text\": \" This 100% plays a part in how I was raised.\", \"tokens\": [50646, 639, 2319, 4, 5749, 257, 644, 294, 577, 286, 390, 6005, 13, 50801], \"temperature\": 0.0, \"avg_logprob\": -0.2373550832271576, \"compression_ratio\": 1.8223495483398438, \"no_speech_prob\": 0.1773412823677063}, {\"id\": 3, \"seek\": 0, \"start\": 8.739999771118164, \"end\": 10.079999923706055, \"text\": \" My dad was very physically abusive.\", \"tokens\": [50801, 1222, 3546, 390, 588, 9762, 32828, 13, 50868], \"temperature\": 0.0, \"avg_logprob\": -0.2373550832271576, \"compression_ratio\": 1.8223495483398438, \"no_speech_prob\": 0.1773412823677063}, {\"id\": 4, \"seek\": 0, \"start\": 10.079999923706055, \"end\": 11.760000228881836, \"text\": \" My grandmother was very physically abusive.\", \"tokens\": [50868, 1222, 14317, 390, 588, 9762, 32828, 13, 50952], \"temperature\": 0.0, \"avg_logprob\": -0.2373550832271576, \"compression_ratio\": 1.8223495483398438, \"no_speech_prob\": 0.1773412823677063}, {\"id\": 5, \"seek\": 0, \"start\": 11.800000190734863, \"end\": 14.239999771118164, \"text\": \" A lot of people in my life were very physically abusive.\", \"tokens\": [50954, 316, 688, 295, 561, 294, 452, 993, 645, 588, 9762, 32828, 13, 51076], \"temperature\": 0.0, \"avg_logprob\": -0.2373550832271576, \"compression_ratio\": 1.8223495483398438, \"no_speech_prob\": 0.1773412823677063}, {\"id\": 6, \"seek\": 0, \"start\": 14.239999771118164, \"end\": 17.239999771118164, \"text\": \" And in a lot of relationships, including the one I think you're leading\", \"tokens\": [51076, 400, 294, 257, 688, 295, 6159, 11, 3009, 264, 472, 286, 519, 291, 434, 5775, 51226], \"temperature\": 0.0, \"avg_logprob\": -0.2373550832271576, \"compression_ratio\": 1.8223495483398438, \"no_speech_prob\": 0.1773412823677063}, {\"id\": 7, \"seek\": 0, \"start\": 17.239999771118164, \"end\": 18.68000030517578, \"text\": \" up to that was physically abusive.\", \"tokens\": [51226, 493, 281, 300, 390, 9762, 32828, 13, 51298], \"temperature\": 0.0, \"avg_logprob\": -0.2373550832271576, \"compression_ratio\": 1.8223495483398438, \"no_speech_prob\": 0.1773412823677063}, {\"id\": 8, \"seek\": 0, \"start\": 18.719999313354492, \"end\": 22.479999542236328, \"text\": \" There's this mind that they tell you, and I've heard it so many times growing\", \"tokens\": [51300, 821, 311, 341, 1575, 300, 436, 980, 291, 11, 293, 286, 600, 2198, 309, 370, 867, 1413, 4194, 51488], \"temperature\": 0.0, \"avg_logprob\": -0.2373550832271576, \"compression_ratio\": 1.8223495483398438, \"no_speech_prob\": 0.1773412823677063}, {\"id\": 9, \"seek\": 0, \"start\": 22.479999542236328, \"end\": 25.479999542236328, \"text\": \" up and they're like, well, I wouldn't do it if I didn't care, the fact that\", \"tokens\": [51488, 493, 293, 436, 434, 411, 11, 731, 11, 286, 2759, 380, 360, 309, 498, 286, 994, 380, 1127, 11, 264, 1186, 300, 51638], \"temperature\": 0.0, \"avg_logprob\": -0.2373550832271576, \"compression_ratio\": 1.8223495483398438, \"no_speech_prob\": 0.1773412823677063}, {\"id\": 10, \"seek\": 0, \"start\": 25.479999542236328, \"end\": 29.200000762939453, \"text\": \" you can get this reaction from me means I love you that much, or I care that much.\", \"tokens\": [51638, 291, 393, 483, 341, 5480, 490, 385, 1355, 286, 959, 291, 300, 709, 11, 420, 286, 1127, 300, 709, 13, 51824], \"temperature\": 0.0, \"avg_logprob\": -0.2373550832271576, \"compression_ratio\": 1.8223495483398438, \"no_speech_prob\": 0.1773412823677063}, {\"id\": 11, \"seek\": 2920, \"start\": 29.200000762939453, \"end\": 31.520000457763672, \"text\": \" And I honestly believed that for the longest time.\", \"tokens\": [50364, 400, 286, 6095, 7847, 300, 337, 264, 15438, 565, 13, 50480], \"temperature\": 0.0, \"avg_logprob\": -0.28801077604293823, \"compression_ratio\": 1.5633187294006348, \"no_speech_prob\": 0.07262013852596283}, {\"id\": 12, \"seek\": 2920, \"start\": 31.559999465942383, \"end\": 33.52000045776367, \"text\": \" I 100% associated violence with love.\", \"tokens\": [50482, 286, 2319, 4, 6615, 6270, 365, 959, 13, 50580], \"temperature\": 0.0, \"avg_logprob\": -0.28801077604293823, \"compression_ratio\": 1.5633187294006348, \"no_speech_prob\": 0.07262013852596283}, {\"id\": 13, \"seek\": 2920, \"start\": 33.560001373291016, \"end\": 36.279998779296875, \"text\": \" I thought if you weren't doing stuff like that, then you didn't care about me.\", \"tokens\": [50582, 286, 1194, 498, 291, 4999, 380, 884, 1507, 411, 300, 11, 550, 291, 994, 380, 1127, 466, 385, 13, 50718], \"temperature\": 0.0, \"avg_logprob\": -0.28801077604293823, \"compression_ratio\": 1.5633187294006348, \"no_speech_prob\": 0.07262013852596283}, {\"id\": 14, \"seek\": 2920, \"start\": 36.31999969482422, \"end\": 36.91999816894531, \"text\": \" I have a friend.\", \"tokens\": [50720, 286, 362, 257, 1277, 13, 50750], \"temperature\": 0.0, \"avg_logprob\": -0.28801077604293823, \"compression_ratio\": 1.5633187294006348, \"no_speech_prob\": 0.07262013852596283}, {\"id\": 15, \"seek\": 2920, \"start\": 36.91999816894531, \"end\": 38.959999084472656, \"text\": \" She was consistently cheated on by her boyfriend.\", \"tokens\": [50750, 1240, 390, 14961, 28079, 322, 538, 720, 11457, 13, 50852], \"temperature\": 0.0, \"avg_logprob\": -0.28801077604293823, \"compression_ratio\": 1.5633187294006348, \"no_speech_prob\": 0.07262013852596283}, {\"id\": 16, \"seek\": 2920, \"start\": 38.959999084472656, \"end\": 42.08000183105469, \"text\": \" Her wires got crossed where she started to confuse him cheating on her\", \"tokens\": [50852, 3204, 15537, 658, 14622, 689, 750, 1409, 281, 28584, 796, 18309, 322, 720, 51008], \"temperature\": 0.0, \"avg_logprob\": -0.28801077604293823, \"compression_ratio\": 1.5633187294006348, \"no_speech_prob\": 0.07262013852596283}, {\"id\": 17, \"seek\": 2920, \"start\": 42.08000183105469, \"end\": 43.52000045776367, \"text\": \" with him being a high value male.\", \"tokens\": [51008, 365, 796, 885, 257, 1090, 2158, 7133, 13, 51080], \"temperature\": 0.0, \"avg_logprob\": -0.28801077604293823, \"compression_ratio\": 1.5633187294006348, \"no_speech_prob\": 0.07262013852596283}, {\"id\": 18, \"seek\": 2920, \"start\": 43.560001373291016, \"end\": 44.119998931884766, \"text\": \" They get confused.\", \"tokens\": [51082, 814, 483, 9019, 13, 51110], \"temperature\": 0.0, \"avg_logprob\": -0.28801077604293823, \"compression_ratio\": 1.5633187294006348, \"no_speech_prob\": 0.07262013852596283}]}"}