{"title": "why trying to stop AI is stup*d", "video_id": "lvgrTiDd06w", "video_url": "https://www.youtube.com/watch?v=lvgrTiDd06w", "description": "\u2014\u2014\u2014\u2014\u2014\u2014\u2014\u2014\u2014\u2014\u2014\u2014\u2014\u2014\u2014\u2014\u2014\u2014\u2014\u2014\nReady to build a network of amazing women and high-status men?\n\nMichael\u2019s Men of Action is a one-on-one Master\u2019s program that teaches men how to create elite \nsocial lives by becoming higher status.\n\nClick this link to learn how you can have a High-Status lifestyle now:\nhttps://m.moamentoring.com/podcast\n\nClick here to join the Men of Action community and watch the High-Status Networking 101 course:\nhttps://m.moamentoring.com/moa-community\n\nInterested in joining the Men of Action sales team? Apply here:\nhttps://www.moamentoring.com/jobs/sales\n\nMen of Action has an affiliate program! Post pre-made content and get paid passively:\nhttps://www.moamentoring.com/affiliate\n\u2014\u2014\u2014\u2014\u2014\u2014\u2014\u2014\u2014\u2014\u2014\u2014\u2014\u2014\u2014\u2014\u2014\u2014\u2014\u2014\n\nSubscribe on Youtube: \nhttps://www.youtube.com/user/MichaelSartain\n\nListen on Apple Podcast: \nhttps://podcasts.apple.com/us/podcast/the-michael-sartain-podcast/id1579791157\n\nListen on Spotify: \nhttps://open.spotify.com/show/2faAYwvDD9Bvkpwv6umlPO?si=8Q3ak9HnSlKjuChsTXr6YQ&dl_branch=1\n\n#michael #michaelsartain #michael_sartain #michael_sartain_podcast", "published_at": "2023-11-20T21:58:16Z", "channel_id": "UC0T1bDzajVefRWx4uKdGyuw", "channel_title": "Michael Sartain", "tags": ["Michael", "Michael Sartain", "Michael Sartain Podcast", "Michael Podcast", "MOA", "Men Of Action", "Michael Sartain Course", "Michael Sartain With Hot Women", "Playboy", "Swimsuit", "Swimsuit Competition", "ichael sartain social circle", "social circle", "how to netowrk", "moa", "moa podcast", "gender wage gap", "gender wage gap myth", "wage gap", "social value", "michael sartain course", "looks money status", "social circle mentorship", "michael sartain social circle game", "men of action podcast", "men of action course"], "category_id": "24", "live_broadcast_content": "none", "duration": 38.0, "dimension": "2d", "definition": "hd", "caption": "false", "view_count": 9038, "like_count": 286, "comment_count": 8, "channel_info": {"title": "Michael Sartain", "description": "\ud83c\udf99Host of The\u00a0Michael Sartain Podcast \n\n\ud83d\udd25Teaching you how to build a network of desirable women and high-status men\n\n\ud83d\udc47 Click the \"Men of Action\" link below now to forge a high-status lifestyle and join the elites \n", "subscriber_count": "80500", "total_views": "29545897", "total_videos": "1481"}, "comments": [], "file_path": "/Users/aelaguiz/workspace/fc_book/audio/raws/lvgrTiDd06w.mp3", "transcription": "{\"text\": \"There's this point at which you're gonna have a 1.0 brain. Basically the AI is going to equal a human brain. Part that I think people miss on that is what happens is the feedback loop to a 1.01 brain happens instantly because the brain then can write its own code to improve itself. The thing is the 10x brain is now within a few hours. The 100x brain happens within a few minutes after that and then the 1,000,000x brain is the week later. When you get to 1.0, there is no going back ever for anyone, for any reason. The only thing scarier than the United States having artificial intelligence is China having it before us. So we're gonna have artificial intelligence. People need to get over this idea that we're gonna somehow stop it. It's inevitable. \", \"segments\": [{\"id\": 0, \"seek\": 0, \"start\": 0.0, \"end\": 2.640000104904175, \"text\": \" There's this point at which you're gonna have a 1.0 brain.\", \"tokens\": [50364, 821, 311, 341, 935, 412, 597, 291, 434, 799, 362, 257, 502, 13, 15, 3567, 13, 50496], \"temperature\": 0.0, \"avg_logprob\": -0.2144535332918167, \"compression_ratio\": 1.7760252952575684, \"no_speech_prob\": 0.2612351179122925}, {\"id\": 1, \"seek\": 0, \"start\": 2.640000104904175, \"end\": 5.0, \"text\": \" Basically the AI is going to equal a human brain.\", \"tokens\": [50496, 8537, 264, 7318, 307, 516, 281, 2681, 257, 1952, 3567, 13, 50614], \"temperature\": 0.0, \"avg_logprob\": -0.2144535332918167, \"compression_ratio\": 1.7760252952575684, \"no_speech_prob\": 0.2612351179122925}, {\"id\": 2, \"seek\": 0, \"start\": 5.0, \"end\": 6.800000190734863, \"text\": \" Part that I think people miss on that\", \"tokens\": [50614, 4100, 300, 286, 519, 561, 1713, 322, 300, 50704], \"temperature\": 0.0, \"avg_logprob\": -0.2144535332918167, \"compression_ratio\": 1.7760252952575684, \"no_speech_prob\": 0.2612351179122925}, {\"id\": 3, \"seek\": 0, \"start\": 6.800000190734863, \"end\": 8.479999542236328, \"text\": \" is what happens is the feedback loop\", \"tokens\": [50704, 307, 437, 2314, 307, 264, 5824, 6367, 50788], \"temperature\": 0.0, \"avg_logprob\": -0.2144535332918167, \"compression_ratio\": 1.7760252952575684, \"no_speech_prob\": 0.2612351179122925}, {\"id\": 4, \"seek\": 0, \"start\": 8.479999542236328, \"end\": 11.319999694824219, \"text\": \" to a 1.01 brain happens instantly\", \"tokens\": [50788, 281, 257, 502, 13, 10607, 3567, 2314, 13518, 50930], \"temperature\": 0.0, \"avg_logprob\": -0.2144535332918167, \"compression_ratio\": 1.7760252952575684, \"no_speech_prob\": 0.2612351179122925}, {\"id\": 5, \"seek\": 0, \"start\": 11.319999694824219, \"end\": 13.520000457763672, \"text\": \" because the brain then can write its own code\", \"tokens\": [50930, 570, 264, 3567, 550, 393, 2464, 1080, 1065, 3089, 51040], \"temperature\": 0.0, \"avg_logprob\": -0.2144535332918167, \"compression_ratio\": 1.7760252952575684, \"no_speech_prob\": 0.2612351179122925}, {\"id\": 6, \"seek\": 0, \"start\": 13.520000457763672, \"end\": 14.479999542236328, \"text\": \" to improve itself.\", \"tokens\": [51040, 281, 3470, 2564, 13, 51088], \"temperature\": 0.0, \"avg_logprob\": -0.2144535332918167, \"compression_ratio\": 1.7760252952575684, \"no_speech_prob\": 0.2612351179122925}, {\"id\": 7, \"seek\": 0, \"start\": 14.479999542236328, \"end\": 17.959999084472656, \"text\": \" The thing is the 10x brain is now within a few hours.\", \"tokens\": [51088, 440, 551, 307, 264, 1266, 87, 3567, 307, 586, 1951, 257, 1326, 2496, 13, 51262], \"temperature\": 0.0, \"avg_logprob\": -0.2144535332918167, \"compression_ratio\": 1.7760252952575684, \"no_speech_prob\": 0.2612351179122925}, {\"id\": 8, \"seek\": 0, \"start\": 17.959999084472656, \"end\": 20.959999084472656, \"text\": \" The 100x brain happens within a few minutes after that\", \"tokens\": [51262, 440, 2319, 87, 3567, 2314, 1951, 257, 1326, 2077, 934, 300, 51412], \"temperature\": 0.0, \"avg_logprob\": -0.2144535332918167, \"compression_ratio\": 1.7760252952575684, \"no_speech_prob\": 0.2612351179122925}, {\"id\": 9, \"seek\": 0, \"start\": 20.959999084472656, \"end\": 23.040000915527344, \"text\": \" and then the 1,000,000x brain is the week later.\", \"tokens\": [51412, 293, 550, 264, 502, 11, 1360, 11, 1360, 87, 3567, 307, 264, 1243, 1780, 13, 51516], \"temperature\": 0.0, \"avg_logprob\": -0.2144535332918167, \"compression_ratio\": 1.7760252952575684, \"no_speech_prob\": 0.2612351179122925}, {\"id\": 10, \"seek\": 0, \"start\": 23.040000915527344, \"end\": 25.760000228881836, \"text\": \" When you get to 1.0, there is no going back ever\", \"tokens\": [51516, 1133, 291, 483, 281, 502, 13, 15, 11, 456, 307, 572, 516, 646, 1562, 51652], \"temperature\": 0.0, \"avg_logprob\": -0.2144535332918167, \"compression_ratio\": 1.7760252952575684, \"no_speech_prob\": 0.2612351179122925}, {\"id\": 11, \"seek\": 0, \"start\": 25.760000228881836, \"end\": 27.360000610351562, \"text\": \" for anyone, for any reason.\", \"tokens\": [51652, 337, 2878, 11, 337, 604, 1778, 13, 51732], \"temperature\": 0.0, \"avg_logprob\": -0.2144535332918167, \"compression_ratio\": 1.7760252952575684, \"no_speech_prob\": 0.2612351179122925}, {\"id\": 12, \"seek\": 0, \"start\": 27.360000610351562, \"end\": 29.079999923706055, \"text\": \" The only thing scarier than the United States\", \"tokens\": [51732, 440, 787, 551, 10569, 811, 813, 264, 2824, 3040, 51818], \"temperature\": 0.0, \"avg_logprob\": -0.2144535332918167, \"compression_ratio\": 1.7760252952575684, \"no_speech_prob\": 0.2612351179122925}, {\"id\": 13, \"seek\": 2908, \"start\": 29.079999923706055, \"end\": 30.280000686645508, \"text\": \" having artificial intelligence\", \"tokens\": [50364, 1419, 11677, 7599, 50424], \"temperature\": 0.0, \"avg_logprob\": -0.24292594194412231, \"compression_ratio\": 1.5079364776611328, \"no_speech_prob\": 0.44912171363830566}, {\"id\": 14, \"seek\": 2908, \"start\": 30.280000686645508, \"end\": 31.68000030517578, \"text\": \" is China having it before us.\", \"tokens\": [50424, 307, 3533, 1419, 309, 949, 505, 13, 50494], \"temperature\": 0.0, \"avg_logprob\": -0.24292594194412231, \"compression_ratio\": 1.5079364776611328, \"no_speech_prob\": 0.44912171363830566}, {\"id\": 15, \"seek\": 2908, \"start\": 31.68000030517578, \"end\": 33.79999923706055, \"text\": \" So we're gonna have artificial intelligence.\", \"tokens\": [50494, 407, 321, 434, 799, 362, 11677, 7599, 13, 50600], \"temperature\": 0.0, \"avg_logprob\": -0.24292594194412231, \"compression_ratio\": 1.5079364776611328, \"no_speech_prob\": 0.44912171363830566}, {\"id\": 16, \"seek\": 2908, \"start\": 33.79999923706055, \"end\": 35.119998931884766, \"text\": \" People need to get over this idea\", \"tokens\": [50600, 3432, 643, 281, 483, 670, 341, 1558, 50666], \"temperature\": 0.0, \"avg_logprob\": -0.24292594194412231, \"compression_ratio\": 1.5079364776611328, \"no_speech_prob\": 0.44912171363830566}, {\"id\": 17, \"seek\": 2908, \"start\": 35.119998931884766, \"end\": 36.52000045776367, \"text\": \" that we're gonna somehow stop it.\", \"tokens\": [50666, 300, 321, 434, 799, 6063, 1590, 309, 13, 50736], \"temperature\": 0.0, \"avg_logprob\": -0.24292594194412231, \"compression_ratio\": 1.5079364776611328, \"no_speech_prob\": 0.44912171363830566}, {\"id\": 18, \"seek\": 2908, \"start\": 36.52000045776367, \"end\": 37.36000061035156, \"text\": \" It's inevitable.\", \"tokens\": [50736, 467, 311, 21451, 13, 50778], \"temperature\": 0.0, \"avg_logprob\": -0.24292594194412231, \"compression_ratio\": 1.5079364776611328, \"no_speech_prob\": 0.44912171363830566}]}"}