{"title": "The First Time Connie Met Jennifer Lopez", "video_id": "LxqzpePMfyo", "video_url": "https://www.youtube.com/watch?v=LxqzpePMfyo", "description": "Here's a clip from a podcast episode with Connie Pe\u00f1a\nFull Video \ud83d\udd17: https://youtu.be/SulTl-rZUKs\n\nConnie Pe\u00f1a (IG @ConniePena ) is a Jennifer Lopez tribute artist a former nightclub owner and a content creator on TikTok, YouTube and Instagram. Connie has also started producing original music under the artist name \u201cConnie P\u201d.\n\u2014\u2014\u2014\u2014\u2014\u2014\u2014\u2014\u2014\u2014\u2014\u2014\u2014\u2014\u2014\u2014\u2014\u2014\u2014\nReady to build a network of amazing women and high-status men? \n\nMichael\u2019s Men of Action Mentoring Program is a Master\u2019s course dedicated to helping people elevate their social lives by becoming higher status and building elite social circles.\n\nClick the link to learn how you can start living the high-status social life you always wanted: https://m.moamentoring.com/podcast\n\u2014\u2014\u2014\u2014\u2014\u2014\u2014\u2014\u2014\u2014\u2014\u2014\u2014\u2014\u2014\u2014\u2014\u2014\u2014\u2014\n\nSubscribe on Youtube: \nhttps://www.youtube.com/user/MichaelSartain\n\nListen on Apple Podcast: \nhttps://podcasts.apple.com/us/podcast/the-michael-sartain-podcast/id1579791157\n\nListen on Spotify: \nhttps://open.spotify.com/show/2faAYwvDD9Bvkpwv6umlPO?si=8Q3ak9HnSlKjuChsTXr6YQ&dl_branch=1", "published_at": "2022-12-06T22:00:13Z", "channel_id": "UC0T1bDzajVefRWx4uKdGyuw", "channel_title": "Michael Sartain", "tags": [], "category_id": "24", "live_broadcast_content": "none", "duration": 419.0, "dimension": "2d", "definition": "hd", "caption": "false", "view_count": 2008, "like_count": 34, "comment_count": 9, "channel_info": {"title": "Michael Sartain", "description": "\ud83c\udf99Host of The\u00a0Michael Sartain Podcast \n\n\ud83d\udd25Teaching you how to build a network of desirable women and high-status men\n\n\ud83d\udc47 Click the \"Men of Action\" link below now to forge a high-status lifestyle and join the elites \n", "subscriber_count": "80500", "total_views": "29545897", "total_videos": "1481"}, "comments": [], "file_path": "/Users/aelaguiz/workspace/fc_book/audio/raws/LxqzpePMfyo.mp3", "transcription": "{\"text\": \"If a 24 year old version of me walked in right now, I'd be like, what the fuck? Like I would, I would kind of be shocked. So what, what is this like? She, um, had just finished greeting somebody said bye. So here I come and I show up and I'm like, hi. She's like, hi, nice to meet you. I'm Connie Pena. I'm your tribute artist. Or I think I said, I'm your double or something like that. I don't remember exactly the words I use. And she's like, wait, what you are like, wait, what you are. And then she looks me up and down and kind of looks out. Like I felt in my eyes, like it was kind of like, who let her in? I was, I've never spoken about this like this, like this is the true nitty gritty, like for the millisecond that it happened, like who let this girl in kind of like, like that. And I was like, no, no, no. Listen, I'm a huge fan. Cause I felt that, you know? And when I told her like, I'm a huge fan, I admire you. Thank you for who you are. And I had a million questions I wanted to ask her. The second I'm in front of her, this energy was like, I was trembling. I was so scared, but why would I be scared? Like I shouldn't, I should be like, how do you say, just proud. But I was so nervous and scared. What if she kicks me out? What does she, and I'm not a crazy groupie. I've been around artists all my freaking life. Like, I'm not like that. I'm not the kind of person that's gonna be like, no, please. Like I don't get starstruck, but it's JLo. And I've been working so hard and I invested so much into learning how to sing and dance and putting the show together in her honor that no one has ever done. And I'm like, why it's freaking JLo. Like, why doesn't anyone do this for her? Like sing her songs, dance, let's, you know, tribute her. So I tell her, thank you for who you are. Thank you. Thank you. I'm a huge fan. I admire everything that you do. And I'm working so hard in this tribute on your honor. And she starts thanking me. She's like, thank you. And I was like, Oh, I feel so good. I swear. I feel so, cause I was so scared and nervous at that point. When I saw her instant second reaction and for her to act the way she acted towards me and then receive me the way she did, it felt great. And then she stopped me and she looked at me up and down and she said, well, we look alike. And I'm like, Oh my God, thank you. She's like, no. Yeah. And then we gave each other a hug. We took a picture. It felt really good afterwards. And then, you know, I left and I'm like, God, there was so, I felt so stupid. I'm like, there's so many things I wanted to say to her. There's so much I wanted to ask, but you know, at that moment you respect your time and you respect the artist. And I figured if it's ever meant to be, you know, we'll, we'll meet again. The thing is she just sees you and she's used to her fans acting a certain way. She doesn't know that you're talented. She doesn't know these, these other things. That's one of the, that's one of the things that's happened is I'll do it is not quite the same corollary, but I'll do interviews of people and they're just like in their mind, they're doing me a favor by doing the interview and they are. And then I'll, I'll sit there and I'll ask them questions. No one's ever asked them before. And then by the end, they're like, Holy shit, this will be probably the best interview I've ever done. But they don't know because I'm just another guy on YouTube. They don't know that I do eight hours of research on every single one of my guests. And so it's, it's, it's until they see that, then they're all, they're all going to assume you're all the same. Michael, do you understand the study and the research that I've done behind her just not sleeping? I mean, I would be up to four or five, six in the morning watching her, studying her, learning and learning and, and, and just really into you watching her movies over and over interviews, over and over interviews from when she started to now watching her family. And it's not on a stalker mode. It's on a professional level of admiring this icon. Who really are you? And can I really pull this off? Because I am not a professional singer and dancer. I have to learn this. And if I'm going to do something I'm going to do with a lot of respect and I'm going to do it right and invest a lot of money. So that's food off of my plate. Now, mind you, I'm a single mom. I'm the one that pays the bills, the roof, the food, everything for my mother and my 73 year old mother and my daughter, Gia. If I fail. They pay the price, so I can't afford to fail. That's not even an option. I can't afford to give up, even though I've thought of it like, oh, I want to give up so many, even Jimmy Fallon. I did a show. I wanted to give up so bad. It was so hard. It was so complicated. I'm like, I'm not this. I'm not JLo. I can't do this. So many times. But at the end of the day, I'm my own cheerleader. That's what I like telling a lot of women. You have to tell yourself, get up, go to the gym, get up, work, get up, get it. You know, you have to tell yourself in the morning. I have to tell myself, Connie, get up. Don't eat that. Go to the gym. Go do this. Learn how to sing. Learn how to dance. Do the vocal training. You know, it hurts. Your body hurts. I've had whiplash from just doing hair whips in JLo's tributes where a whiplash, you know, the Super Bowl that she just did with Shakira, that famous whip, hair whip thing that done done done the J Balvin part. I had whiplash for a week. I had to see a chiropractor. So many things. And because I'm probably not properly doing it and I don't have the months of training that she does, I have to do it within like a week or two, which is, you know, it's crazy. But I love it. I really do. And I, you know, I just I feel proud of what I do. And the beginning, I didn't tell my father what I was doing for a whole year. I didn't tell him. I didn't tell anybody. All of a sudden, everybody's seeing me on TV, on TV, on the news, on the news, like JLo, there's a JLo double. There's a double lookalike. There's a JLo tribute artist. She's going to sing and dance like JLo. And my dad's like, what the hell are you doing? You're singing and dancing. And I'm like, yeah, I didn't want to tell you because I didn't want you to do what you're doing now. I didn't want you to shoot me down and say you can't do it because I've heard people tell others that. And that's why I always say, don't let anybody know what you're about to do. Just do it. You know what I mean? Because if you're going to get shot down, you don't know how to sing and dance. Are you kidding me? Like, you can't do that. And I proved it to myself. And that's why I had to prove it to first. And then I proved it to the world. So having a great publicist that believed in me, that was able to do all the articles and write and sell me as an artist, that's part of the business. You know, you have to have a team behind you. And I'm just always constantly practicing and practicing and trying to learn how to do more and more different things and then better myself. Now, as an independent artist, now that I have the school and that also took a turn, like you said about Playboy Radio, you're like, well, you know, I didn't know I was going to have my own show. I didn't know I was going to learn how to sing and dance. I got Emilio Estefan and Keith Harris, one of the best producers in the world, Black Eyed Peas' producer and drummer. And he's like, if you're already singing and dancing, why don't you do your own stuff? And I'm like, wow. Good thought. I love music. I love entertainment. I've been in this business since I was 21. Yeah, for sure. So, you know, it's it's taken a toll. And that's where Connie's going with with her career. But it's it was a beautiful thing meeting her. And I hope I can meet her again and talk to her. I see, you know, the tribute artists, how a lot of them support their tributes, you know, like they like and JLo is like the queen of tributes, right? She's tributed. She's tribulated Selena, Celia Cruz. Yeah. Prince, Michael Jackson. I mean, I'm sorry, not Michael Jackson. Elvis. Yeah. She's the queen of doing that. And every time I see what she does, I'm like. \", \"segments\": [{\"id\": 0, \"seek\": 0, \"start\": 0.0, \"end\": 4.880000114440918, \"text\": \" If a 24 year old version of me walked in right now, I'd be like, what the fuck?\", \"tokens\": [50364, 759, 257, 4022, 1064, 1331, 3037, 295, 385, 7628, 294, 558, 586, 11, 286, 1116, 312, 411, 11, 437, 264, 3275, 30, 50608], \"temperature\": 0.0, \"avg_logprob\": -0.2868441939353943, \"compression_ratio\": 1.7444089651107788, \"no_speech_prob\": 0.001304288045503199}, {\"id\": 1, \"seek\": 0, \"start\": 4.880000114440918, \"end\": 6.119999885559082, \"text\": \" Like I would, I would kind of be shocked.\", \"tokens\": [50608, 1743, 286, 576, 11, 286, 576, 733, 295, 312, 12763, 13, 50670], \"temperature\": 0.0, \"avg_logprob\": -0.2868441939353943, \"compression_ratio\": 1.7444089651107788, \"no_speech_prob\": 0.001304288045503199}, {\"id\": 2, \"seek\": 0, \"start\": 6.119999885559082, \"end\": 7.159999847412109, \"text\": \" So what, what is this like?\", \"tokens\": [50670, 407, 437, 11, 437, 307, 341, 411, 30, 50722], \"temperature\": 0.0, \"avg_logprob\": -0.2868441939353943, \"compression_ratio\": 1.7444089651107788, \"no_speech_prob\": 0.001304288045503199}, {\"id\": 3, \"seek\": 0, \"start\": 7.159999847412109, \"end\": 11.760000228881836, \"text\": \" She, um, had just finished greeting somebody said bye.\", \"tokens\": [50722, 1240, 11, 1105, 11, 632, 445, 4335, 28174, 2618, 848, 6543, 13, 50952], \"temperature\": 0.0, \"avg_logprob\": -0.2868441939353943, \"compression_ratio\": 1.7444089651107788, \"no_speech_prob\": 0.001304288045503199}, {\"id\": 4, \"seek\": 0, \"start\": 11.760000228881836, \"end\": 14.920000076293945, \"text\": \" So here I come and I show up and I'm like, hi.\", \"tokens\": [50952, 407, 510, 286, 808, 293, 286, 855, 493, 293, 286, 478, 411, 11, 4879, 13, 51110], \"temperature\": 0.0, \"avg_logprob\": -0.2868441939353943, \"compression_ratio\": 1.7444089651107788, \"no_speech_prob\": 0.001304288045503199}, {\"id\": 5, \"seek\": 0, \"start\": 14.920000076293945, \"end\": 16.239999771118164, \"text\": \" She's like, hi, nice to meet you.\", \"tokens\": [51110, 1240, 311, 411, 11, 4879, 11, 1481, 281, 1677, 291, 13, 51176], \"temperature\": 0.0, \"avg_logprob\": -0.2868441939353943, \"compression_ratio\": 1.7444089651107788, \"no_speech_prob\": 0.001304288045503199}, {\"id\": 6, \"seek\": 0, \"start\": 16.239999771118164, \"end\": 17.079999923706055, \"text\": \" I'm Connie Pena.\", \"tokens\": [51176, 286, 478, 49558, 430, 4118, 13, 51218], \"temperature\": 0.0, \"avg_logprob\": -0.2868441939353943, \"compression_ratio\": 1.7444089651107788, \"no_speech_prob\": 0.001304288045503199}, {\"id\": 7, \"seek\": 0, \"start\": 17.1200008392334, \"end\": 18.239999771118164, \"text\": \" I'm your tribute artist.\", \"tokens\": [51220, 286, 478, 428, 24722, 5748, 13, 51276], \"temperature\": 0.0, \"avg_logprob\": -0.2868441939353943, \"compression_ratio\": 1.7444089651107788, \"no_speech_prob\": 0.001304288045503199}, {\"id\": 8, \"seek\": 0, \"start\": 18.31999969482422, \"end\": 20.280000686645508, \"text\": \" Or I think I said, I'm your double or something like that.\", \"tokens\": [51280, 1610, 286, 519, 286, 848, 11, 286, 478, 428, 3834, 420, 746, 411, 300, 13, 51378], \"temperature\": 0.0, \"avg_logprob\": -0.2868441939353943, \"compression_ratio\": 1.7444089651107788, \"no_speech_prob\": 0.001304288045503199}, {\"id\": 9, \"seek\": 0, \"start\": 20.639999389648438, \"end\": 21.920000076293945, \"text\": \" I don't remember exactly the words I use.\", \"tokens\": [51396, 286, 500, 380, 1604, 2293, 264, 2283, 286, 764, 13, 51460], \"temperature\": 0.0, \"avg_logprob\": -0.2868441939353943, \"compression_ratio\": 1.7444089651107788, \"no_speech_prob\": 0.001304288045503199}, {\"id\": 10, \"seek\": 0, \"start\": 21.920000076293945, \"end\": 26.399999618530273, \"text\": \" And she's like, wait, what you are like, wait, what you are.\", \"tokens\": [51460, 400, 750, 311, 411, 11, 1699, 11, 437, 291, 366, 411, 11, 1699, 11, 437, 291, 366, 13, 51684], \"temperature\": 0.0, \"avg_logprob\": -0.2868441939353943, \"compression_ratio\": 1.7444089651107788, \"no_speech_prob\": 0.001304288045503199}, {\"id\": 11, \"seek\": 0, \"start\": 26.399999618530273, \"end\": 28.559999465942383, \"text\": \" And then she looks me up and down and kind of looks out.\", \"tokens\": [51684, 400, 550, 750, 1542, 385, 493, 293, 760, 293, 733, 295, 1542, 484, 13, 51792], \"temperature\": 0.0, \"avg_logprob\": -0.2868441939353943, \"compression_ratio\": 1.7444089651107788, \"no_speech_prob\": 0.001304288045503199}, {\"id\": 12, \"seek\": 2856, \"start\": 28.559999465942383, \"end\": 33.7599983215332, \"text\": \" Like I felt in my eyes, like it was kind of like, who let her in?\", \"tokens\": [50364, 1743, 286, 2762, 294, 452, 2575, 11, 411, 309, 390, 733, 295, 411, 11, 567, 718, 720, 294, 30, 50624], \"temperature\": 0.0, \"avg_logprob\": -0.23716524243354797, \"compression_ratio\": 1.7992125749588013, \"no_speech_prob\": 4.9083530029747635e-05}, {\"id\": 13, \"seek\": 2856, \"start\": 34.31999969482422, \"end\": 38.52000045776367, \"text\": \" I was, I've never spoken about this like this, like this is the true nitty gritty,\", \"tokens\": [50652, 286, 390, 11, 286, 600, 1128, 10759, 466, 341, 411, 341, 11, 411, 341, 307, 264, 2074, 297, 10016, 677, 10016, 11, 50862], \"temperature\": 0.0, \"avg_logprob\": -0.23716524243354797, \"compression_ratio\": 1.7992125749588013, \"no_speech_prob\": 4.9083530029747635e-05}, {\"id\": 14, \"seek\": 2856, \"start\": 38.52000045776367, \"end\": 42.31999969482422, \"text\": \" like for the millisecond that it happened, like who let this girl\", \"tokens\": [50862, 411, 337, 264, 27940, 18882, 300, 309, 2011, 11, 411, 567, 718, 341, 2013, 51052], \"temperature\": 0.0, \"avg_logprob\": -0.23716524243354797, \"compression_ratio\": 1.7992125749588013, \"no_speech_prob\": 4.9083530029747635e-05}, {\"id\": 15, \"seek\": 2856, \"start\": 42.31999969482422, \"end\": 43.439998626708984, \"text\": \" in kind of like, like that.\", \"tokens\": [51052, 294, 733, 295, 411, 11, 411, 300, 13, 51108], \"temperature\": 0.0, \"avg_logprob\": -0.23716524243354797, \"compression_ratio\": 1.7992125749588013, \"no_speech_prob\": 4.9083530029747635e-05}, {\"id\": 16, \"seek\": 2856, \"start\": 43.63999938964844, \"end\": 44.560001373291016, \"text\": \" And I was like, no, no, no.\", \"tokens\": [51118, 400, 286, 390, 411, 11, 572, 11, 572, 11, 572, 13, 51164], \"temperature\": 0.0, \"avg_logprob\": -0.23716524243354797, \"compression_ratio\": 1.7992125749588013, \"no_speech_prob\": 4.9083530029747635e-05}, {\"id\": 17, \"seek\": 2856, \"start\": 44.560001373291016, \"end\": 46.119998931884766, \"text\": \" Listen, I'm a huge fan.\", \"tokens\": [51164, 7501, 11, 286, 478, 257, 2603, 3429, 13, 51242], \"temperature\": 0.0, \"avg_logprob\": -0.23716524243354797, \"compression_ratio\": 1.7992125749588013, \"no_speech_prob\": 4.9083530029747635e-05}, {\"id\": 18, \"seek\": 2856, \"start\": 46.20000076293945, \"end\": 47.720001220703125, \"text\": \" Cause I felt that, you know?\", \"tokens\": [51246, 10865, 286, 2762, 300, 11, 291, 458, 30, 51322], \"temperature\": 0.0, \"avg_logprob\": -0.23716524243354797, \"compression_ratio\": 1.7992125749588013, \"no_speech_prob\": 4.9083530029747635e-05}, {\"id\": 19, \"seek\": 2856, \"start\": 47.720001220703125, \"end\": 50.31999969482422, \"text\": \" And when I told her like, I'm a huge fan, I admire you.\", \"tokens\": [51322, 400, 562, 286, 1907, 720, 411, 11, 286, 478, 257, 2603, 3429, 11, 286, 21951, 291, 13, 51452], \"temperature\": 0.0, \"avg_logprob\": -0.23716524243354797, \"compression_ratio\": 1.7992125749588013, \"no_speech_prob\": 4.9083530029747635e-05}, {\"id\": 20, \"seek\": 2856, \"start\": 50.31999969482422, \"end\": 51.20000076293945, \"text\": \" Thank you for who you are.\", \"tokens\": [51452, 1044, 291, 337, 567, 291, 366, 13, 51496], \"temperature\": 0.0, \"avg_logprob\": -0.23716524243354797, \"compression_ratio\": 1.7992125749588013, \"no_speech_prob\": 4.9083530029747635e-05}, {\"id\": 21, \"seek\": 2856, \"start\": 51.20000076293945, \"end\": 54.08000183105469, \"text\": \" And I had a million questions I wanted to ask her.\", \"tokens\": [51496, 400, 286, 632, 257, 2459, 1651, 286, 1415, 281, 1029, 720, 13, 51640], \"temperature\": 0.0, \"avg_logprob\": -0.23716524243354797, \"compression_ratio\": 1.7992125749588013, \"no_speech_prob\": 4.9083530029747635e-05}, {\"id\": 22, \"seek\": 5408, \"start\": 54.36000061035156, \"end\": 58.79999923706055, \"text\": \" The second I'm in front of her, this energy was like, I was trembling.\", \"tokens\": [50378, 440, 1150, 286, 478, 294, 1868, 295, 720, 11, 341, 2281, 390, 411, 11, 286, 390, 47354, 13, 50600], \"temperature\": 0.0, \"avg_logprob\": -0.2197670191526413, \"compression_ratio\": 1.7234727144241333, \"no_speech_prob\": 0.09666435420513153}, {\"id\": 23, \"seek\": 5408, \"start\": 58.84000015258789, \"end\": 62.0, \"text\": \" I was so scared, but why would I be scared?\", \"tokens\": [50602, 286, 390, 370, 5338, 11, 457, 983, 576, 286, 312, 5338, 30, 50760], \"temperature\": 0.0, \"avg_logprob\": -0.2197670191526413, \"compression_ratio\": 1.7234727144241333, \"no_speech_prob\": 0.09666435420513153}, {\"id\": 24, \"seek\": 5408, \"start\": 62.0, \"end\": 65.4800033569336, \"text\": \" Like I shouldn't, I should be like, how do you say, just proud.\", \"tokens\": [50760, 1743, 286, 4659, 380, 11, 286, 820, 312, 411, 11, 577, 360, 291, 584, 11, 445, 4570, 13, 50934], \"temperature\": 0.0, \"avg_logprob\": -0.2197670191526413, \"compression_ratio\": 1.7234727144241333, \"no_speech_prob\": 0.09666435420513153}, {\"id\": 25, \"seek\": 5408, \"start\": 66.0, \"end\": 67.4800033569336, \"text\": \" But I was so nervous and scared.\", \"tokens\": [50960, 583, 286, 390, 370, 6296, 293, 5338, 13, 51034], \"temperature\": 0.0, \"avg_logprob\": -0.2197670191526413, \"compression_ratio\": 1.7234727144241333, \"no_speech_prob\": 0.09666435420513153}, {\"id\": 26, \"seek\": 5408, \"start\": 67.4800033569336, \"end\": 68.19999694824219, \"text\": \" What if she kicks me out?\", \"tokens\": [51034, 708, 498, 750, 21293, 385, 484, 30, 51070], \"temperature\": 0.0, \"avg_logprob\": -0.2197670191526413, \"compression_ratio\": 1.7234727144241333, \"no_speech_prob\": 0.09666435420513153}, {\"id\": 27, \"seek\": 5408, \"start\": 68.19999694824219, \"end\": 69.68000030517578, \"text\": \" What does she, and I'm not a crazy groupie.\", \"tokens\": [51070, 708, 775, 750, 11, 293, 286, 478, 406, 257, 3219, 1594, 414, 13, 51144], \"temperature\": 0.0, \"avg_logprob\": -0.2197670191526413, \"compression_ratio\": 1.7234727144241333, \"no_speech_prob\": 0.09666435420513153}, {\"id\": 28, \"seek\": 5408, \"start\": 69.68000030517578, \"end\": 71.04000091552734, \"text\": \" I've been around artists all my freaking life.\", \"tokens\": [51144, 286, 600, 668, 926, 6910, 439, 452, 14612, 993, 13, 51212], \"temperature\": 0.0, \"avg_logprob\": -0.2197670191526413, \"compression_ratio\": 1.7234727144241333, \"no_speech_prob\": 0.09666435420513153}, {\"id\": 29, \"seek\": 5408, \"start\": 71.04000091552734, \"end\": 72.0, \"text\": \" Like, I'm not like that.\", \"tokens\": [51212, 1743, 11, 286, 478, 406, 411, 300, 13, 51260], \"temperature\": 0.0, \"avg_logprob\": -0.2197670191526413, \"compression_ratio\": 1.7234727144241333, \"no_speech_prob\": 0.09666435420513153}, {\"id\": 30, \"seek\": 5408, \"start\": 72.0, \"end\": 74.12000274658203, \"text\": \" I'm not the kind of person that's gonna be like, no, please.\", \"tokens\": [51260, 286, 478, 406, 264, 733, 295, 954, 300, 311, 799, 312, 411, 11, 572, 11, 1767, 13, 51366], \"temperature\": 0.0, \"avg_logprob\": -0.2197670191526413, \"compression_ratio\": 1.7234727144241333, \"no_speech_prob\": 0.09666435420513153}, {\"id\": 31, \"seek\": 5408, \"start\": 74.12000274658203, \"end\": 76.95999908447266, \"text\": \" Like I don't get starstruck, but it's JLo.\", \"tokens\": [51366, 1743, 286, 500, 380, 483, 3543, 372, 8161, 11, 457, 309, 311, 508, 31645, 13, 51508], \"temperature\": 0.0, \"avg_logprob\": -0.2197670191526413, \"compression_ratio\": 1.7234727144241333, \"no_speech_prob\": 0.09666435420513153}, {\"id\": 32, \"seek\": 5408, \"start\": 77.04000091552734, \"end\": 82.4800033569336, \"text\": \" And I've been working so hard and I invested so much into learning how to sing\", \"tokens\": [51512, 400, 286, 600, 668, 1364, 370, 1152, 293, 286, 13104, 370, 709, 666, 2539, 577, 281, 1522, 51784], \"temperature\": 0.0, \"avg_logprob\": -0.2197670191526413, \"compression_ratio\": 1.7234727144241333, \"no_speech_prob\": 0.09666435420513153}, {\"id\": 33, \"seek\": 8248, \"start\": 82.4800033569336, \"end\": 87.12000274658203, \"text\": \" and dance and putting the show together in her honor that no one has ever done.\", \"tokens\": [50364, 293, 4489, 293, 3372, 264, 855, 1214, 294, 720, 5968, 300, 572, 472, 575, 1562, 1096, 13, 50596], \"temperature\": 0.0, \"avg_logprob\": -0.20587991178035736, \"compression_ratio\": 1.8120805025100708, \"no_speech_prob\": 0.007806847803294659}, {\"id\": 34, \"seek\": 8248, \"start\": 87.12000274658203, \"end\": 89.23999786376953, \"text\": \" And I'm like, why it's freaking JLo.\", \"tokens\": [50596, 400, 286, 478, 411, 11, 983, 309, 311, 14612, 508, 31645, 13, 50702], \"temperature\": 0.0, \"avg_logprob\": -0.20587991178035736, \"compression_ratio\": 1.8120805025100708, \"no_speech_prob\": 0.007806847803294659}, {\"id\": 35, \"seek\": 8248, \"start\": 89.23999786376953, \"end\": 91.08000183105469, \"text\": \" Like, why doesn't anyone do this for her?\", \"tokens\": [50702, 1743, 11, 983, 1177, 380, 2878, 360, 341, 337, 720, 30, 50794], \"temperature\": 0.0, \"avg_logprob\": -0.20587991178035736, \"compression_ratio\": 1.8120805025100708, \"no_speech_prob\": 0.007806847803294659}, {\"id\": 36, \"seek\": 8248, \"start\": 91.08000183105469, \"end\": 94.16000366210938, \"text\": \" Like sing her songs, dance, let's, you know, tribute her.\", \"tokens\": [50794, 1743, 1522, 720, 5781, 11, 4489, 11, 718, 311, 11, 291, 458, 11, 24722, 720, 13, 50948], \"temperature\": 0.0, \"avg_logprob\": -0.20587991178035736, \"compression_ratio\": 1.8120805025100708, \"no_speech_prob\": 0.007806847803294659}, {\"id\": 37, \"seek\": 8248, \"start\": 94.36000061035156, \"end\": 96.5199966430664, \"text\": \" So I tell her, thank you for who you are.\", \"tokens\": [50958, 407, 286, 980, 720, 11, 1309, 291, 337, 567, 291, 366, 13, 51066], \"temperature\": 0.0, \"avg_logprob\": -0.20587991178035736, \"compression_ratio\": 1.8120805025100708, \"no_speech_prob\": 0.007806847803294659}, {\"id\": 38, \"seek\": 8248, \"start\": 96.5199966430664, \"end\": 97.04000091552734, \"text\": \" Thank you.\", \"tokens\": [51066, 1044, 291, 13, 51092], \"temperature\": 0.0, \"avg_logprob\": -0.20587991178035736, \"compression_ratio\": 1.8120805025100708, \"no_speech_prob\": 0.007806847803294659}, {\"id\": 39, \"seek\": 8248, \"start\": 97.04000091552734, \"end\": 97.4800033569336, \"text\": \" Thank you.\", \"tokens\": [51092, 1044, 291, 13, 51114], \"temperature\": 0.0, \"avg_logprob\": -0.20587991178035736, \"compression_ratio\": 1.8120805025100708, \"no_speech_prob\": 0.007806847803294659}, {\"id\": 40, \"seek\": 8248, \"start\": 97.4800033569336, \"end\": 98.23999786376953, \"text\": \" I'm a huge fan.\", \"tokens\": [51114, 286, 478, 257, 2603, 3429, 13, 51152], \"temperature\": 0.0, \"avg_logprob\": -0.20587991178035736, \"compression_ratio\": 1.8120805025100708, \"no_speech_prob\": 0.007806847803294659}, {\"id\": 41, \"seek\": 8248, \"start\": 98.23999786376953, \"end\": 99.5999984741211, \"text\": \" I admire everything that you do.\", \"tokens\": [51152, 286, 21951, 1203, 300, 291, 360, 13, 51220], \"temperature\": 0.0, \"avg_logprob\": -0.20587991178035736, \"compression_ratio\": 1.8120805025100708, \"no_speech_prob\": 0.007806847803294659}, {\"id\": 42, \"seek\": 8248, \"start\": 99.87999725341797, \"end\": 102.19999694824219, \"text\": \" And I'm working so hard in this tribute on your honor.\", \"tokens\": [51234, 400, 286, 478, 1364, 370, 1152, 294, 341, 24722, 322, 428, 5968, 13, 51350], \"temperature\": 0.0, \"avg_logprob\": -0.20587991178035736, \"compression_ratio\": 1.8120805025100708, \"no_speech_prob\": 0.007806847803294659}, {\"id\": 43, \"seek\": 8248, \"start\": 102.23999786376953, \"end\": 103.31999969482422, \"text\": \" And she starts thanking me.\", \"tokens\": [51352, 400, 750, 3719, 30830, 385, 13, 51406], \"temperature\": 0.0, \"avg_logprob\": -0.20587991178035736, \"compression_ratio\": 1.8120805025100708, \"no_speech_prob\": 0.007806847803294659}, {\"id\": 44, \"seek\": 8248, \"start\": 103.63999938964844, \"end\": 104.63999938964844, \"text\": \" She's like, thank you.\", \"tokens\": [51422, 1240, 311, 411, 11, 1309, 291, 13, 51472], \"temperature\": 0.0, \"avg_logprob\": -0.20587991178035736, \"compression_ratio\": 1.8120805025100708, \"no_speech_prob\": 0.007806847803294659}, {\"id\": 45, \"seek\": 8248, \"start\": 105.16000366210938, \"end\": 107.72000122070312, \"text\": \" And I was like, Oh, I feel so good.\", \"tokens\": [51498, 400, 286, 390, 411, 11, 876, 11, 286, 841, 370, 665, 13, 51626], \"temperature\": 0.0, \"avg_logprob\": -0.20587991178035736, \"compression_ratio\": 1.8120805025100708, \"no_speech_prob\": 0.007806847803294659}, {\"id\": 46, \"seek\": 8248, \"start\": 107.80000305175781, \"end\": 108.27999877929688, \"text\": \" I swear.\", \"tokens\": [51630, 286, 11902, 13, 51654], \"temperature\": 0.0, \"avg_logprob\": -0.20587991178035736, \"compression_ratio\": 1.8120805025100708, \"no_speech_prob\": 0.007806847803294659}, {\"id\": 47, \"seek\": 8248, \"start\": 108.27999877929688, \"end\": 111.83999633789062, \"text\": \" I feel so, cause I was so scared and nervous at that point.\", \"tokens\": [51654, 286, 841, 370, 11, 3082, 286, 390, 370, 5338, 293, 6296, 412, 300, 935, 13, 51832], \"temperature\": 0.0, \"avg_logprob\": -0.20587991178035736, \"compression_ratio\": 1.8120805025100708, \"no_speech_prob\": 0.007806847803294659}, {\"id\": 48, \"seek\": 11184, \"start\": 111.83999633789062, \"end\": 117.0, \"text\": \" When I saw her instant second reaction and for her to act the way she acted towards me\", \"tokens\": [50364, 1133, 286, 1866, 720, 9836, 1150, 5480, 293, 337, 720, 281, 605, 264, 636, 750, 20359, 3030, 385, 50622], \"temperature\": 0.0, \"avg_logprob\": -0.1833513230085373, \"compression_ratio\": 1.8706624507904053, \"no_speech_prob\": 0.0010160733945667744}, {\"id\": 49, \"seek\": 11184, \"start\": 117.0, \"end\": 119.91999816894531, \"text\": \" and then receive me the way she did, it felt great.\", \"tokens\": [50622, 293, 550, 4774, 385, 264, 636, 750, 630, 11, 309, 2762, 869, 13, 50768], \"temperature\": 0.0, \"avg_logprob\": -0.1833513230085373, \"compression_ratio\": 1.8706624507904053, \"no_speech_prob\": 0.0010160733945667744}, {\"id\": 50, \"seek\": 11184, \"start\": 119.91999816894531, \"end\": 123.68000030517578, \"text\": \" And then she stopped me and she looked at me up and down and she said, well, we look alike.\", \"tokens\": [50768, 400, 550, 750, 5936, 385, 293, 750, 2956, 412, 385, 493, 293, 760, 293, 750, 848, 11, 731, 11, 321, 574, 20025, 13, 50956], \"temperature\": 0.0, \"avg_logprob\": -0.1833513230085373, \"compression_ratio\": 1.8706624507904053, \"no_speech_prob\": 0.0010160733945667744}, {\"id\": 51, \"seek\": 11184, \"start\": 123.68000030517578, \"end\": 125.4000015258789, \"text\": \" And I'm like, Oh my God, thank you.\", \"tokens\": [50956, 400, 286, 478, 411, 11, 876, 452, 1265, 11, 1309, 291, 13, 51042], \"temperature\": 0.0, \"avg_logprob\": -0.1833513230085373, \"compression_ratio\": 1.8706624507904053, \"no_speech_prob\": 0.0010160733945667744}, {\"id\": 52, \"seek\": 11184, \"start\": 125.4000015258789, \"end\": 126.04000091552734, \"text\": \" She's like, no.\", \"tokens\": [51042, 1240, 311, 411, 11, 572, 13, 51074], \"temperature\": 0.0, \"avg_logprob\": -0.1833513230085373, \"compression_ratio\": 1.8706624507904053, \"no_speech_prob\": 0.0010160733945667744}, {\"id\": 53, \"seek\": 11184, \"start\": 126.04000091552734, \"end\": 126.44000244140625, \"text\": \" Yeah.\", \"tokens\": [51074, 865, 13, 51094], \"temperature\": 0.0, \"avg_logprob\": -0.1833513230085373, \"compression_ratio\": 1.8706624507904053, \"no_speech_prob\": 0.0010160733945667744}, {\"id\": 54, \"seek\": 11184, \"start\": 126.44000244140625, \"end\": 127.63999938964844, \"text\": \" And then we gave each other a hug.\", \"tokens\": [51094, 400, 550, 321, 2729, 1184, 661, 257, 8777, 13, 51154], \"temperature\": 0.0, \"avg_logprob\": -0.1833513230085373, \"compression_ratio\": 1.8706624507904053, \"no_speech_prob\": 0.0010160733945667744}, {\"id\": 55, \"seek\": 11184, \"start\": 127.63999938964844, \"end\": 128.63999938964844, \"text\": \" We took a picture.\", \"tokens\": [51154, 492, 1890, 257, 3036, 13, 51204], \"temperature\": 0.0, \"avg_logprob\": -0.1833513230085373, \"compression_ratio\": 1.8706624507904053, \"no_speech_prob\": 0.0010160733945667744}, {\"id\": 56, \"seek\": 11184, \"start\": 129.24000549316406, \"end\": 131.16000366210938, \"text\": \" It felt really good afterwards.\", \"tokens\": [51234, 467, 2762, 534, 665, 10543, 13, 51330], \"temperature\": 0.0, \"avg_logprob\": -0.1833513230085373, \"compression_ratio\": 1.8706624507904053, \"no_speech_prob\": 0.0010160733945667744}, {\"id\": 57, \"seek\": 11184, \"start\": 131.1999969482422, \"end\": 134.55999755859375, \"text\": \" And then, you know, I left and I'm like, God, there was so, I felt so stupid.\", \"tokens\": [51332, 400, 550, 11, 291, 458, 11, 286, 1411, 293, 286, 478, 411, 11, 1265, 11, 456, 390, 370, 11, 286, 2762, 370, 6631, 13, 51500], \"temperature\": 0.0, \"avg_logprob\": -0.1833513230085373, \"compression_ratio\": 1.8706624507904053, \"no_speech_prob\": 0.0010160733945667744}, {\"id\": 58, \"seek\": 11184, \"start\": 134.55999755859375, \"end\": 136.32000732421875, \"text\": \" I'm like, there's so many things I wanted to say to her.\", \"tokens\": [51500, 286, 478, 411, 11, 456, 311, 370, 867, 721, 286, 1415, 281, 584, 281, 720, 13, 51588], \"temperature\": 0.0, \"avg_logprob\": -0.1833513230085373, \"compression_ratio\": 1.8706624507904053, \"no_speech_prob\": 0.0010160733945667744}, {\"id\": 59, \"seek\": 11184, \"start\": 136.32000732421875, \"end\": 140.72000122070312, \"text\": \" There's so much I wanted to ask, but you know, at that moment you respect your time\", \"tokens\": [51588, 821, 311, 370, 709, 286, 1415, 281, 1029, 11, 457, 291, 458, 11, 412, 300, 1623, 291, 3104, 428, 565, 51808], \"temperature\": 0.0, \"avg_logprob\": -0.1833513230085373, \"compression_ratio\": 1.8706624507904053, \"no_speech_prob\": 0.0010160733945667744}, {\"id\": 60, \"seek\": 14072, \"start\": 140.72000122070312, \"end\": 142.0399932861328, \"text\": \" and you respect the artist.\", \"tokens\": [50364, 293, 291, 3104, 264, 5748, 13, 50430], \"temperature\": 0.0, \"avg_logprob\": -0.22640666365623474, \"compression_ratio\": 1.9164345264434814, \"no_speech_prob\": 0.0006262906244955957}, {\"id\": 61, \"seek\": 14072, \"start\": 142.0399932861328, \"end\": 145.52000427246094, \"text\": \" And I figured if it's ever meant to be, you know, we'll, we'll meet again.\", \"tokens\": [50430, 400, 286, 8932, 498, 309, 311, 1562, 4140, 281, 312, 11, 291, 458, 11, 321, 603, 11, 321, 603, 1677, 797, 13, 50604], \"temperature\": 0.0, \"avg_logprob\": -0.22640666365623474, \"compression_ratio\": 1.9164345264434814, \"no_speech_prob\": 0.0006262906244955957}, {\"id\": 62, \"seek\": 14072, \"start\": 145.55999755859375, \"end\": 148.83999633789062, \"text\": \" The thing is she just sees you and she's used to her fans acting a certain way.\", \"tokens\": [50606, 440, 551, 307, 750, 445, 8194, 291, 293, 750, 311, 1143, 281, 720, 4499, 6577, 257, 1629, 636, 13, 50770], \"temperature\": 0.0, \"avg_logprob\": -0.22640666365623474, \"compression_ratio\": 1.9164345264434814, \"no_speech_prob\": 0.0006262906244955957}, {\"id\": 63, \"seek\": 14072, \"start\": 148.83999633789062, \"end\": 150.0, \"text\": \" She doesn't know that you're talented.\", \"tokens\": [50770, 1240, 1177, 380, 458, 300, 291, 434, 13467, 13, 50828], \"temperature\": 0.0, \"avg_logprob\": -0.22640666365623474, \"compression_ratio\": 1.9164345264434814, \"no_speech_prob\": 0.0006262906244955957}, {\"id\": 64, \"seek\": 14072, \"start\": 150.0, \"end\": 151.75999450683594, \"text\": \" She doesn't know these, these other things.\", \"tokens\": [50828, 1240, 1177, 380, 458, 613, 11, 613, 661, 721, 13, 50916], \"temperature\": 0.0, \"avg_logprob\": -0.22640666365623474, \"compression_ratio\": 1.9164345264434814, \"no_speech_prob\": 0.0006262906244955957}, {\"id\": 65, \"seek\": 14072, \"start\": 151.9600067138672, \"end\": 156.16000366210938, \"text\": \" That's one of the, that's one of the things that's happened is I'll do it is not quite the\", \"tokens\": [50926, 663, 311, 472, 295, 264, 11, 300, 311, 472, 295, 264, 721, 300, 311, 2011, 307, 286, 603, 360, 309, 307, 406, 1596, 264, 51136], \"temperature\": 0.0, \"avg_logprob\": -0.22640666365623474, \"compression_ratio\": 1.9164345264434814, \"no_speech_prob\": 0.0006262906244955957}, {\"id\": 66, \"seek\": 14072, \"start\": 156.16000366210938, \"end\": 159.9199981689453, \"text\": \" same corollary, but I'll do interviews of people and they're just like in their mind, they're\", \"tokens\": [51136, 912, 1181, 1833, 822, 11, 457, 286, 603, 360, 12318, 295, 561, 293, 436, 434, 445, 411, 294, 641, 1575, 11, 436, 434, 51324], \"temperature\": 0.0, \"avg_logprob\": -0.22640666365623474, \"compression_ratio\": 1.9164345264434814, \"no_speech_prob\": 0.0006262906244955957}, {\"id\": 67, \"seek\": 14072, \"start\": 159.9199981689453, \"end\": 161.8800048828125, \"text\": \" doing me a favor by doing the interview and they are.\", \"tokens\": [51324, 884, 385, 257, 2294, 538, 884, 264, 4049, 293, 436, 366, 13, 51422], \"temperature\": 0.0, \"avg_logprob\": -0.22640666365623474, \"compression_ratio\": 1.9164345264434814, \"no_speech_prob\": 0.0006262906244955957}, {\"id\": 68, \"seek\": 14072, \"start\": 162.55999755859375, \"end\": 165.52000427246094, \"text\": \" And then I'll, I'll sit there and I'll ask them questions.\", \"tokens\": [51456, 400, 550, 286, 603, 11, 286, 603, 1394, 456, 293, 286, 603, 1029, 552, 1651, 13, 51604], \"temperature\": 0.0, \"avg_logprob\": -0.22640666365623474, \"compression_ratio\": 1.9164345264434814, \"no_speech_prob\": 0.0006262906244955957}, {\"id\": 69, \"seek\": 14072, \"start\": 165.52000427246094, \"end\": 166.60000610351562, \"text\": \" No one's ever asked them before.\", \"tokens\": [51604, 883, 472, 311, 1562, 2351, 552, 949, 13, 51658], \"temperature\": 0.0, \"avg_logprob\": -0.22640666365623474, \"compression_ratio\": 1.9164345264434814, \"no_speech_prob\": 0.0006262906244955957}, {\"id\": 70, \"seek\": 14072, \"start\": 166.83999633789062, \"end\": 169.32000732421875, \"text\": \" And then by the end, they're like, Holy shit, this will be probably the best interview I've\", \"tokens\": [51670, 400, 550, 538, 264, 917, 11, 436, 434, 411, 11, 6295, 4611, 11, 341, 486, 312, 1391, 264, 1151, 4049, 286, 600, 51794], \"temperature\": 0.0, \"avg_logprob\": -0.22640666365623474, \"compression_ratio\": 1.9164345264434814, \"no_speech_prob\": 0.0006262906244955957}, {\"id\": 71, \"seek\": 16932, \"start\": 169.32000732421875, \"end\": 172.52000427246094, \"text\": \" ever done. But they don't know because I'm just another guy on YouTube.\", \"tokens\": [50364, 1562, 1096, 13, 583, 436, 500, 380, 458, 570, 286, 478, 445, 1071, 2146, 322, 3088, 13, 50524], \"temperature\": 0.0, \"avg_logprob\": -0.26126596331596375, \"compression_ratio\": 1.8237287998199463, \"no_speech_prob\": 0.05580778792500496}, {\"id\": 72, \"seek\": 16932, \"start\": 172.55999755859375, \"end\": 175.44000244140625, \"text\": \" They don't know that I do eight hours of research on every single one of my guests.\", \"tokens\": [50526, 814, 500, 380, 458, 300, 286, 360, 3180, 2496, 295, 2132, 322, 633, 2167, 472, 295, 452, 9804, 13, 50670], \"temperature\": 0.0, \"avg_logprob\": -0.26126596331596375, \"compression_ratio\": 1.8237287998199463, \"no_speech_prob\": 0.05580778792500496}, {\"id\": 73, \"seek\": 16932, \"start\": 175.72000122070312, \"end\": 179.83999633789062, \"text\": \" And so it's, it's, it's until they see that, then they're all, they're all going to assume\", \"tokens\": [50684, 400, 370, 309, 311, 11, 309, 311, 11, 309, 311, 1826, 436, 536, 300, 11, 550, 436, 434, 439, 11, 436, 434, 439, 516, 281, 6552, 50890], \"temperature\": 0.0, \"avg_logprob\": -0.26126596331596375, \"compression_ratio\": 1.8237287998199463, \"no_speech_prob\": 0.05580778792500496}, {\"id\": 74, \"seek\": 16932, \"start\": 179.83999633789062, \"end\": 180.60000610351562, \"text\": \" you're all the same.\", \"tokens\": [50890, 291, 434, 439, 264, 912, 13, 50928], \"temperature\": 0.0, \"avg_logprob\": -0.26126596331596375, \"compression_ratio\": 1.8237287998199463, \"no_speech_prob\": 0.05580778792500496}, {\"id\": 75, \"seek\": 16932, \"start\": 180.60000610351562, \"end\": 186.75999450683594, \"text\": \" Michael, do you understand the study and the research that I've done behind her just not\", \"tokens\": [50928, 5116, 11, 360, 291, 1223, 264, 2979, 293, 264, 2132, 300, 286, 600, 1096, 2261, 720, 445, 406, 51236], \"temperature\": 0.0, \"avg_logprob\": -0.26126596331596375, \"compression_ratio\": 1.8237287998199463, \"no_speech_prob\": 0.05580778792500496}, {\"id\": 76, \"seek\": 16932, \"start\": 186.75999450683594, \"end\": 191.16000366210938, \"text\": \" sleeping? I mean, I would be up to four or five, six in the morning watching her, studying\", \"tokens\": [51236, 8296, 30, 286, 914, 11, 286, 576, 312, 493, 281, 1451, 420, 1732, 11, 2309, 294, 264, 2446, 1976, 720, 11, 7601, 51456], \"temperature\": 0.0, \"avg_logprob\": -0.26126596331596375, \"compression_ratio\": 1.8237287998199463, \"no_speech_prob\": 0.05580778792500496}, {\"id\": 77, \"seek\": 16932, \"start\": 191.16000366210938, \"end\": 195.55999755859375, \"text\": \" her, learning and learning and, and, and just really into you watching her movies over and\", \"tokens\": [51456, 720, 11, 2539, 293, 2539, 293, 11, 293, 11, 293, 445, 534, 666, 291, 1976, 720, 6233, 670, 293, 51676], \"temperature\": 0.0, \"avg_logprob\": -0.26126596331596375, \"compression_ratio\": 1.8237287998199463, \"no_speech_prob\": 0.05580778792500496}, {\"id\": 78, \"seek\": 19556, \"start\": 195.60000610351562, \"end\": 199.16000366210938, \"text\": \" over interviews, over and over interviews from when she started to now watching her\", \"tokens\": [50366, 670, 12318, 11, 670, 293, 670, 12318, 490, 562, 750, 1409, 281, 586, 1976, 720, 50544], \"temperature\": 0.0, \"avg_logprob\": -0.1959420144557953, \"compression_ratio\": 1.802197813987732, \"no_speech_prob\": 0.03460340201854706}, {\"id\": 79, \"seek\": 19556, \"start\": 199.16000366210938, \"end\": 201.0800018310547, \"text\": \" family. And it's not on a stalker mode.\", \"tokens\": [50544, 1605, 13, 400, 309, 311, 406, 322, 257, 21789, 260, 4391, 13, 50640], \"temperature\": 0.0, \"avg_logprob\": -0.1959420144557953, \"compression_ratio\": 1.802197813987732, \"no_speech_prob\": 0.03460340201854706}, {\"id\": 80, \"seek\": 19556, \"start\": 201.0800018310547, \"end\": 206.16000366210938, \"text\": \" It's on a professional level of admiring this icon.\", \"tokens\": [50640, 467, 311, 322, 257, 4843, 1496, 295, 5910, 5057, 341, 6528, 13, 50894], \"temperature\": 0.0, \"avg_logprob\": -0.1959420144557953, \"compression_ratio\": 1.802197813987732, \"no_speech_prob\": 0.03460340201854706}, {\"id\": 81, \"seek\": 19556, \"start\": 206.63999938964844, \"end\": 207.8800048828125, \"text\": \" Who really are you?\", \"tokens\": [50918, 2102, 534, 366, 291, 30, 50980], \"temperature\": 0.0, \"avg_logprob\": -0.1959420144557953, \"compression_ratio\": 1.802197813987732, \"no_speech_prob\": 0.03460340201854706}, {\"id\": 82, \"seek\": 19556, \"start\": 208.0800018310547, \"end\": 209.83999633789062, \"text\": \" And can I really pull this off?\", \"tokens\": [50990, 400, 393, 286, 534, 2235, 341, 766, 30, 51078], \"temperature\": 0.0, \"avg_logprob\": -0.1959420144557953, \"compression_ratio\": 1.802197813987732, \"no_speech_prob\": 0.03460340201854706}, {\"id\": 83, \"seek\": 19556, \"start\": 209.83999633789062, \"end\": 212.83999633789062, \"text\": \" Because I am not a professional singer and dancer.\", \"tokens\": [51078, 1436, 286, 669, 406, 257, 4843, 11564, 293, 21621, 13, 51228], \"temperature\": 0.0, \"avg_logprob\": -0.1959420144557953, \"compression_ratio\": 1.802197813987732, \"no_speech_prob\": 0.03460340201854706}, {\"id\": 84, \"seek\": 19556, \"start\": 213.0800018310547, \"end\": 214.1199951171875, \"text\": \" I have to learn this.\", \"tokens\": [51240, 286, 362, 281, 1466, 341, 13, 51292], \"temperature\": 0.0, \"avg_logprob\": -0.1959420144557953, \"compression_ratio\": 1.802197813987732, \"no_speech_prob\": 0.03460340201854706}, {\"id\": 85, \"seek\": 19556, \"start\": 214.32000732421875, \"end\": 217.1999969482422, \"text\": \" And if I'm going to do something I'm going to do with a lot of respect and I'm going to do\", \"tokens\": [51302, 400, 498, 286, 478, 516, 281, 360, 746, 286, 478, 516, 281, 360, 365, 257, 688, 295, 3104, 293, 286, 478, 516, 281, 360, 51446], \"temperature\": 0.0, \"avg_logprob\": -0.1959420144557953, \"compression_ratio\": 1.802197813987732, \"no_speech_prob\": 0.03460340201854706}, {\"id\": 86, \"seek\": 19556, \"start\": 217.1999969482422, \"end\": 220.0, \"text\": \" it right and invest a lot of money.\", \"tokens\": [51446, 309, 558, 293, 1963, 257, 688, 295, 1460, 13, 51586], \"temperature\": 0.0, \"avg_logprob\": -0.1959420144557953, \"compression_ratio\": 1.802197813987732, \"no_speech_prob\": 0.03460340201854706}, {\"id\": 87, \"seek\": 19556, \"start\": 220.0, \"end\": 221.8000030517578, \"text\": \" So that's food off of my plate.\", \"tokens\": [51586, 407, 300, 311, 1755, 766, 295, 452, 5924, 13, 51676], \"temperature\": 0.0, \"avg_logprob\": -0.1959420144557953, \"compression_ratio\": 1.802197813987732, \"no_speech_prob\": 0.03460340201854706}, {\"id\": 88, \"seek\": 19556, \"start\": 221.8000030517578, \"end\": 223.36000061035156, \"text\": \" Now, mind you, I'm a single mom.\", \"tokens\": [51676, 823, 11, 1575, 291, 11, 286, 478, 257, 2167, 1225, 13, 51754], \"temperature\": 0.0, \"avg_logprob\": -0.1959420144557953, \"compression_ratio\": 1.802197813987732, \"no_speech_prob\": 0.03460340201854706}, {\"id\": 89, \"seek\": 22336, \"start\": 223.63999938964844, \"end\": 227.9199981689453, \"text\": \" I'm the one that pays the bills, the roof, the food, everything for my mother and my 73\", \"tokens\": [50378, 286, 478, 264, 472, 300, 10604, 264, 12433, 11, 264, 8418, 11, 264, 1755, 11, 1203, 337, 452, 2895, 293, 452, 28387, 50592], \"temperature\": 0.0, \"avg_logprob\": -0.21763350069522858, \"compression_ratio\": 1.8356643915176392, \"no_speech_prob\": 0.0002165347250411287}, {\"id\": 90, \"seek\": 22336, \"start\": 227.9199981689453, \"end\": 229.1999969482422, \"text\": \" year old mother and my daughter, Gia.\", \"tokens\": [50592, 1064, 1331, 2895, 293, 452, 4653, 11, 460, 654, 13, 50656], \"temperature\": 0.0, \"avg_logprob\": -0.21763350069522858, \"compression_ratio\": 1.8356643915176392, \"no_speech_prob\": 0.0002165347250411287}, {\"id\": 91, \"seek\": 22336, \"start\": 229.8800048828125, \"end\": 231.36000061035156, \"text\": \" If I fail.\", \"tokens\": [50690, 759, 286, 3061, 13, 50764], \"temperature\": 0.0, \"avg_logprob\": -0.21763350069522858, \"compression_ratio\": 1.8356643915176392, \"no_speech_prob\": 0.0002165347250411287}, {\"id\": 92, \"seek\": 22336, \"start\": 232.83999633789062, \"end\": 235.75999450683594, \"text\": \" They pay the price, so I can't afford to fail.\", \"tokens\": [50838, 814, 1689, 264, 3218, 11, 370, 286, 393, 380, 6157, 281, 3061, 13, 50984], \"temperature\": 0.0, \"avg_logprob\": -0.21763350069522858, \"compression_ratio\": 1.8356643915176392, \"no_speech_prob\": 0.0002165347250411287}, {\"id\": 93, \"seek\": 22336, \"start\": 236.36000061035156, \"end\": 237.44000244140625, \"text\": \" That's not even an option.\", \"tokens\": [51014, 663, 311, 406, 754, 364, 3614, 13, 51068], \"temperature\": 0.0, \"avg_logprob\": -0.21763350069522858, \"compression_ratio\": 1.8356643915176392, \"no_speech_prob\": 0.0002165347250411287}, {\"id\": 94, \"seek\": 22336, \"start\": 237.44000244140625, \"end\": 241.32000732421875, \"text\": \" I can't afford to give up, even though I've thought of it like, oh, I want to give up so\", \"tokens\": [51068, 286, 393, 380, 6157, 281, 976, 493, 11, 754, 1673, 286, 600, 1194, 295, 309, 411, 11, 1954, 11, 286, 528, 281, 976, 493, 370, 51262], \"temperature\": 0.0, \"avg_logprob\": -0.21763350069522858, \"compression_ratio\": 1.8356643915176392, \"no_speech_prob\": 0.0002165347250411287}, {\"id\": 95, \"seek\": 22336, \"start\": 241.32000732421875, \"end\": 242.55999755859375, \"text\": \" many, even Jimmy Fallon.\", \"tokens\": [51262, 867, 11, 754, 15709, 7465, 266, 13, 51324], \"temperature\": 0.0, \"avg_logprob\": -0.21763350069522858, \"compression_ratio\": 1.8356643915176392, \"no_speech_prob\": 0.0002165347250411287}, {\"id\": 96, \"seek\": 22336, \"start\": 242.55999755859375, \"end\": 244.27999877929688, \"text\": \" I did a show. I wanted to give up so bad.\", \"tokens\": [51324, 286, 630, 257, 855, 13, 286, 1415, 281, 976, 493, 370, 1578, 13, 51410], \"temperature\": 0.0, \"avg_logprob\": -0.21763350069522858, \"compression_ratio\": 1.8356643915176392, \"no_speech_prob\": 0.0002165347250411287}, {\"id\": 97, \"seek\": 22336, \"start\": 244.27999877929688, \"end\": 246.32000732421875, \"text\": \" It was so hard. It was so complicated.\", \"tokens\": [51410, 467, 390, 370, 1152, 13, 467, 390, 370, 6179, 13, 51512], \"temperature\": 0.0, \"avg_logprob\": -0.21763350069522858, \"compression_ratio\": 1.8356643915176392, \"no_speech_prob\": 0.0002165347250411287}, {\"id\": 98, \"seek\": 22336, \"start\": 246.32000732421875, \"end\": 247.36000061035156, \"text\": \" I'm like, I'm not this.\", \"tokens\": [51512, 286, 478, 411, 11, 286, 478, 406, 341, 13, 51564], \"temperature\": 0.0, \"avg_logprob\": -0.21763350069522858, \"compression_ratio\": 1.8356643915176392, \"no_speech_prob\": 0.0002165347250411287}, {\"id\": 99, \"seek\": 22336, \"start\": 247.36000061035156, \"end\": 248.75999450683594, \"text\": \" I'm not JLo. I can't do this.\", \"tokens\": [51564, 286, 478, 406, 508, 31645, 13, 286, 393, 380, 360, 341, 13, 51634], \"temperature\": 0.0, \"avg_logprob\": -0.21763350069522858, \"compression_ratio\": 1.8356643915176392, \"no_speech_prob\": 0.0002165347250411287}, {\"id\": 100, \"seek\": 22336, \"start\": 248.9199981689453, \"end\": 251.8800048828125, \"text\": \" So many times. But at the end of the day, I'm my own cheerleader.\", \"tokens\": [51642, 407, 867, 1413, 13, 583, 412, 264, 917, 295, 264, 786, 11, 286, 478, 452, 1065, 12581, 47716, 13, 51790], \"temperature\": 0.0, \"avg_logprob\": -0.21763350069522858, \"compression_ratio\": 1.8356643915176392, \"no_speech_prob\": 0.0002165347250411287}, {\"id\": 101, \"seek\": 25188, \"start\": 251.8800048828125, \"end\": 253.0399932861328, \"text\": \" That's what I like telling a lot of women.\", \"tokens\": [50364, 663, 311, 437, 286, 411, 3585, 257, 688, 295, 2266, 13, 50422], \"temperature\": 0.0, \"avg_logprob\": -0.2307898998260498, \"compression_ratio\": 1.8754448890686035, \"no_speech_prob\": 0.08030100166797638}, {\"id\": 102, \"seek\": 25188, \"start\": 253.39999389648438, \"end\": 258.0799865722656, \"text\": \" You have to tell yourself, get up, go to the gym, get up, work, get up, get it.\", \"tokens\": [50440, 509, 362, 281, 980, 1803, 11, 483, 493, 11, 352, 281, 264, 9222, 11, 483, 493, 11, 589, 11, 483, 493, 11, 483, 309, 13, 50674], \"temperature\": 0.0, \"avg_logprob\": -0.2307898998260498, \"compression_ratio\": 1.8754448890686035, \"no_speech_prob\": 0.08030100166797638}, {\"id\": 103, \"seek\": 25188, \"start\": 258.1199951171875, \"end\": 259.7200012207031, \"text\": \" You know, you have to tell yourself in the morning.\", \"tokens\": [50676, 509, 458, 11, 291, 362, 281, 980, 1803, 294, 264, 2446, 13, 50756], \"temperature\": 0.0, \"avg_logprob\": -0.2307898998260498, \"compression_ratio\": 1.8754448890686035, \"no_speech_prob\": 0.08030100166797638}, {\"id\": 104, \"seek\": 25188, \"start\": 259.7200012207031, \"end\": 261.1600036621094, \"text\": \" I have to tell myself, Connie, get up.\", \"tokens\": [50756, 286, 362, 281, 980, 2059, 11, 49558, 11, 483, 493, 13, 50828], \"temperature\": 0.0, \"avg_logprob\": -0.2307898998260498, \"compression_ratio\": 1.8754448890686035, \"no_speech_prob\": 0.08030100166797638}, {\"id\": 105, \"seek\": 25188, \"start\": 261.6400146484375, \"end\": 263.1600036621094, \"text\": \" Don't eat that. Go to the gym.\", \"tokens\": [50852, 1468, 380, 1862, 300, 13, 1037, 281, 264, 9222, 13, 50928], \"temperature\": 0.0, \"avg_logprob\": -0.2307898998260498, \"compression_ratio\": 1.8754448890686035, \"no_speech_prob\": 0.08030100166797638}, {\"id\": 106, \"seek\": 25188, \"start\": 263.3999938964844, \"end\": 265.0799865722656, \"text\": \" Go do this. Learn how to sing.\", \"tokens\": [50940, 1037, 360, 341, 13, 17216, 577, 281, 1522, 13, 51024], \"temperature\": 0.0, \"avg_logprob\": -0.2307898998260498, \"compression_ratio\": 1.8754448890686035, \"no_speech_prob\": 0.08030100166797638}, {\"id\": 107, \"seek\": 25188, \"start\": 265.20001220703125, \"end\": 267.0799865722656, \"text\": \" Learn how to dance. Do the vocal training.\", \"tokens\": [51030, 17216, 577, 281, 4489, 13, 1144, 264, 11657, 3097, 13, 51124], \"temperature\": 0.0, \"avg_logprob\": -0.2307898998260498, \"compression_ratio\": 1.8754448890686035, \"no_speech_prob\": 0.08030100166797638}, {\"id\": 108, \"seek\": 25188, \"start\": 267.239990234375, \"end\": 268.8399963378906, \"text\": \" You know, it hurts. Your body hurts.\", \"tokens\": [51132, 509, 458, 11, 309, 11051, 13, 2260, 1772, 11051, 13, 51212], \"temperature\": 0.0, \"avg_logprob\": -0.2307898998260498, \"compression_ratio\": 1.8754448890686035, \"no_speech_prob\": 0.08030100166797638}, {\"id\": 109, \"seek\": 25188, \"start\": 268.8399963378906, \"end\": 275.3999938964844, \"text\": \" I've had whiplash from just doing hair whips in JLo's tributes where a whiplash, you\", \"tokens\": [51212, 286, 600, 632, 315, 34442, 1299, 490, 445, 884, 2578, 315, 2600, 294, 508, 31645, 311, 15039, 1819, 689, 257, 315, 34442, 1299, 11, 291, 51540], \"temperature\": 0.0, \"avg_logprob\": -0.2307898998260498, \"compression_ratio\": 1.8754448890686035, \"no_speech_prob\": 0.08030100166797638}, {\"id\": 110, \"seek\": 25188, \"start\": 275.3999938964844, \"end\": 280.3599853515625, \"text\": \" know, the Super Bowl that she just did with Shakira, that famous whip, hair whip thing\", \"tokens\": [51540, 458, 11, 264, 4548, 25044, 300, 750, 445, 630, 365, 47459, 4271, 11, 300, 4618, 22377, 11, 2578, 22377, 551, 51788], \"temperature\": 0.0, \"avg_logprob\": -0.2307898998260498, \"compression_ratio\": 1.8754448890686035, \"no_speech_prob\": 0.08030100166797638}, {\"id\": 111, \"seek\": 28036, \"start\": 280.3599853515625, \"end\": 282.3999938964844, \"text\": \" that done done done the J Balvin part.\", \"tokens\": [50364, 300, 1096, 1096, 1096, 264, 508, 13140, 4796, 644, 13, 50466], \"temperature\": 0.0, \"avg_logprob\": -0.2185351401567459, \"compression_ratio\": 1.7608696222305298, \"no_speech_prob\": 4.6825680328765884e-05}, {\"id\": 112, \"seek\": 28036, \"start\": 283.0, \"end\": 284.4800109863281, \"text\": \" I had whiplash for a week.\", \"tokens\": [50496, 286, 632, 315, 34442, 1299, 337, 257, 1243, 13, 50570], \"temperature\": 0.0, \"avg_logprob\": -0.2185351401567459, \"compression_ratio\": 1.7608696222305298, \"no_speech_prob\": 4.6825680328765884e-05}, {\"id\": 113, \"seek\": 28036, \"start\": 284.55999755859375, \"end\": 285.79998779296875, \"text\": \" I had to see a chiropractor.\", \"tokens\": [50574, 286, 632, 281, 536, 257, 417, 5182, 1424, 15104, 13, 50636], \"temperature\": 0.0, \"avg_logprob\": -0.2185351401567459, \"compression_ratio\": 1.7608696222305298, \"no_speech_prob\": 4.6825680328765884e-05}, {\"id\": 114, \"seek\": 28036, \"start\": 286.20001220703125, \"end\": 287.0400085449219, \"text\": \" So many things.\", \"tokens\": [50656, 407, 867, 721, 13, 50698], \"temperature\": 0.0, \"avg_logprob\": -0.2185351401567459, \"compression_ratio\": 1.7608696222305298, \"no_speech_prob\": 4.6825680328765884e-05}, {\"id\": 115, \"seek\": 28036, \"start\": 287.0400085449219, \"end\": 290.7200012207031, \"text\": \" And because I'm probably not properly doing it and I don't have the months of training\", \"tokens\": [50698, 400, 570, 286, 478, 1391, 406, 6108, 884, 309, 293, 286, 500, 380, 362, 264, 2493, 295, 3097, 50882], \"temperature\": 0.0, \"avg_logprob\": -0.2185351401567459, \"compression_ratio\": 1.7608696222305298, \"no_speech_prob\": 4.6825680328765884e-05}, {\"id\": 116, \"seek\": 28036, \"start\": 290.7200012207031, \"end\": 293.8399963378906, \"text\": \" that she does, I have to do it within like a week or two, which is, you know, it's\", \"tokens\": [50882, 300, 750, 775, 11, 286, 362, 281, 360, 309, 1951, 411, 257, 1243, 420, 732, 11, 597, 307, 11, 291, 458, 11, 309, 311, 51038], \"temperature\": 0.0, \"avg_logprob\": -0.2185351401567459, \"compression_ratio\": 1.7608696222305298, \"no_speech_prob\": 4.6825680328765884e-05}, {\"id\": 117, \"seek\": 28036, \"start\": 293.8399963378906, \"end\": 295.3999938964844, \"text\": \" crazy. But I love it.\", \"tokens\": [51038, 3219, 13, 583, 286, 959, 309, 13, 51116], \"temperature\": 0.0, \"avg_logprob\": -0.2185351401567459, \"compression_ratio\": 1.7608696222305298, \"no_speech_prob\": 4.6825680328765884e-05}, {\"id\": 118, \"seek\": 28036, \"start\": 295.5199890136719, \"end\": 296.3999938964844, \"text\": \" I really do.\", \"tokens\": [51122, 286, 534, 360, 13, 51166], \"temperature\": 0.0, \"avg_logprob\": -0.2185351401567459, \"compression_ratio\": 1.7608696222305298, \"no_speech_prob\": 4.6825680328765884e-05}, {\"id\": 119, \"seek\": 28036, \"start\": 296.3999938964844, \"end\": 301.20001220703125, \"text\": \" And I, you know, I just I feel proud of what I do.\", \"tokens\": [51166, 400, 286, 11, 291, 458, 11, 286, 445, 286, 841, 4570, 295, 437, 286, 360, 13, 51406], \"temperature\": 0.0, \"avg_logprob\": -0.2185351401567459, \"compression_ratio\": 1.7608696222305298, \"no_speech_prob\": 4.6825680328765884e-05}, {\"id\": 120, \"seek\": 28036, \"start\": 301.20001220703125, \"end\": 306.1199951171875, \"text\": \" And the beginning, I didn't tell my father what I was doing for a whole year.\", \"tokens\": [51406, 400, 264, 2863, 11, 286, 994, 380, 980, 452, 3086, 437, 286, 390, 884, 337, 257, 1379, 1064, 13, 51652], \"temperature\": 0.0, \"avg_logprob\": -0.2185351401567459, \"compression_ratio\": 1.7608696222305298, \"no_speech_prob\": 4.6825680328765884e-05}, {\"id\": 121, \"seek\": 28036, \"start\": 306.4800109863281, \"end\": 307.9200134277344, \"text\": \" I didn't tell him. I didn't tell anybody.\", \"tokens\": [51670, 286, 994, 380, 980, 796, 13, 286, 994, 380, 980, 4472, 13, 51742], \"temperature\": 0.0, \"avg_logprob\": -0.2185351401567459, \"compression_ratio\": 1.7608696222305298, \"no_speech_prob\": 4.6825680328765884e-05}, {\"id\": 122, \"seek\": 30792, \"start\": 308.239990234375, \"end\": 311.1600036621094, \"text\": \" All of a sudden, everybody's seeing me on TV, on TV, on the news, on the news, like\", \"tokens\": [50380, 1057, 295, 257, 3990, 11, 2201, 311, 2577, 385, 322, 3558, 11, 322, 3558, 11, 322, 264, 2583, 11, 322, 264, 2583, 11, 411, 50526], \"temperature\": 0.0, \"avg_logprob\": -0.19772565364837646, \"compression_ratio\": 2.0329341888427734, \"no_speech_prob\": 0.002934571821242571}, {\"id\": 123, \"seek\": 30792, \"start\": 311.1600036621094, \"end\": 312.239990234375, \"text\": \" JLo, there's a JLo double.\", \"tokens\": [50526, 508, 31645, 11, 456, 311, 257, 508, 31645, 3834, 13, 50580], \"temperature\": 0.0, \"avg_logprob\": -0.19772565364837646, \"compression_ratio\": 2.0329341888427734, \"no_speech_prob\": 0.002934571821242571}, {\"id\": 124, \"seek\": 30792, \"start\": 312.239990234375, \"end\": 313.239990234375, \"text\": \" There's a double lookalike.\", \"tokens\": [50580, 821, 311, 257, 3834, 574, 304, 1123, 13, 50630], \"temperature\": 0.0, \"avg_logprob\": -0.19772565364837646, \"compression_ratio\": 2.0329341888427734, \"no_speech_prob\": 0.002934571821242571}, {\"id\": 125, \"seek\": 30792, \"start\": 313.239990234375, \"end\": 314.239990234375, \"text\": \" There's a JLo tribute artist.\", \"tokens\": [50630, 821, 311, 257, 508, 31645, 24722, 5748, 13, 50680], \"temperature\": 0.0, \"avg_logprob\": -0.19772565364837646, \"compression_ratio\": 2.0329341888427734, \"no_speech_prob\": 0.002934571821242571}, {\"id\": 126, \"seek\": 30792, \"start\": 314.4800109863281, \"end\": 315.8800048828125, \"text\": \" She's going to sing and dance like JLo.\", \"tokens\": [50692, 1240, 311, 516, 281, 1522, 293, 4489, 411, 508, 31645, 13, 50762], \"temperature\": 0.0, \"avg_logprob\": -0.19772565364837646, \"compression_ratio\": 2.0329341888427734, \"no_speech_prob\": 0.002934571821242571}, {\"id\": 127, \"seek\": 30792, \"start\": 315.8800048828125, \"end\": 317.55999755859375, \"text\": \" And my dad's like, what the hell are you doing?\", \"tokens\": [50762, 400, 452, 3546, 311, 411, 11, 437, 264, 4921, 366, 291, 884, 30, 50846], \"temperature\": 0.0, \"avg_logprob\": -0.19772565364837646, \"compression_ratio\": 2.0329341888427734, \"no_speech_prob\": 0.002934571821242571}, {\"id\": 128, \"seek\": 30792, \"start\": 318.32000732421875, \"end\": 319.2799987792969, \"text\": \" You're singing and dancing.\", \"tokens\": [50884, 509, 434, 6726, 293, 8898, 13, 50932], \"temperature\": 0.0, \"avg_logprob\": -0.19772565364837646, \"compression_ratio\": 2.0329341888427734, \"no_speech_prob\": 0.002934571821242571}, {\"id\": 129, \"seek\": 30792, \"start\": 319.6000061035156, \"end\": 322.4800109863281, \"text\": \" And I'm like, yeah, I didn't want to tell you because I didn't want you to do what\", \"tokens\": [50948, 400, 286, 478, 411, 11, 1338, 11, 286, 994, 380, 528, 281, 980, 291, 570, 286, 994, 380, 528, 291, 281, 360, 437, 51092], \"temperature\": 0.0, \"avg_logprob\": -0.19772565364837646, \"compression_ratio\": 2.0329341888427734, \"no_speech_prob\": 0.002934571821242571}, {\"id\": 130, \"seek\": 30792, \"start\": 322.4800109863281, \"end\": 325.8800048828125, \"text\": \" you're doing now. I didn't want you to shoot me down and say you can't do it because\", \"tokens\": [51092, 291, 434, 884, 586, 13, 286, 994, 380, 528, 291, 281, 3076, 385, 760, 293, 584, 291, 393, 380, 360, 309, 570, 51262], \"temperature\": 0.0, \"avg_logprob\": -0.19772565364837646, \"compression_ratio\": 2.0329341888427734, \"no_speech_prob\": 0.002934571821242571}, {\"id\": 131, \"seek\": 30792, \"start\": 325.8800048828125, \"end\": 327.3999938964844, \"text\": \" I've heard people tell others that.\", \"tokens\": [51262, 286, 600, 2198, 561, 980, 2357, 300, 13, 51338], \"temperature\": 0.0, \"avg_logprob\": -0.19772565364837646, \"compression_ratio\": 2.0329341888427734, \"no_speech_prob\": 0.002934571821242571}, {\"id\": 132, \"seek\": 30792, \"start\": 327.3999938964844, \"end\": 331.32000732421875, \"text\": \" And that's why I always say, don't let anybody know what you're about to do.\", \"tokens\": [51338, 400, 300, 311, 983, 286, 1009, 584, 11, 500, 380, 718, 4472, 458, 437, 291, 434, 466, 281, 360, 13, 51534], \"temperature\": 0.0, \"avg_logprob\": -0.19772565364837646, \"compression_ratio\": 2.0329341888427734, \"no_speech_prob\": 0.002934571821242571}, {\"id\": 133, \"seek\": 30792, \"start\": 331.32000732421875, \"end\": 332.8399963378906, \"text\": \" Just do it. You know what I mean?\", \"tokens\": [51534, 1449, 360, 309, 13, 509, 458, 437, 286, 914, 30, 51610], \"temperature\": 0.0, \"avg_logprob\": -0.19772565364837646, \"compression_ratio\": 2.0329341888427734, \"no_speech_prob\": 0.002934571821242571}, {\"id\": 134, \"seek\": 30792, \"start\": 332.9200134277344, \"end\": 336.6400146484375, \"text\": \" Because if you're going to get shot down, you don't know how to sing and dance.\", \"tokens\": [51614, 1436, 498, 291, 434, 516, 281, 483, 3347, 760, 11, 291, 500, 380, 458, 577, 281, 1522, 293, 4489, 13, 51800], \"temperature\": 0.0, \"avg_logprob\": -0.19772565364837646, \"compression_ratio\": 2.0329341888427734, \"no_speech_prob\": 0.002934571821242571}, {\"id\": 135, \"seek\": 33664, \"start\": 337.0799865722656, \"end\": 339.0799865722656, \"text\": \" Are you kidding me? Like, you can't do that.\", \"tokens\": [50386, 2014, 291, 9287, 385, 30, 1743, 11, 291, 393, 380, 360, 300, 13, 50486], \"temperature\": 0.0, \"avg_logprob\": -0.20710532367229462, \"compression_ratio\": 1.8300836086273193, \"no_speech_prob\": 0.0022164778783917427}, {\"id\": 136, \"seek\": 33664, \"start\": 339.3999938964844, \"end\": 340.8800048828125, \"text\": \" And I proved it to myself.\", \"tokens\": [50502, 400, 286, 14617, 309, 281, 2059, 13, 50576], \"temperature\": 0.0, \"avg_logprob\": -0.20710532367229462, \"compression_ratio\": 1.8300836086273193, \"no_speech_prob\": 0.0022164778783917427}, {\"id\": 137, \"seek\": 33664, \"start\": 340.8800048828125, \"end\": 342.239990234375, \"text\": \" And that's why I had to prove it to first.\", \"tokens\": [50576, 400, 300, 311, 983, 286, 632, 281, 7081, 309, 281, 700, 13, 50644], \"temperature\": 0.0, \"avg_logprob\": -0.20710532367229462, \"compression_ratio\": 1.8300836086273193, \"no_speech_prob\": 0.0022164778783917427}, {\"id\": 138, \"seek\": 33664, \"start\": 342.239990234375, \"end\": 343.3999938964844, \"text\": \" And then I proved it to the world.\", \"tokens\": [50644, 400, 550, 286, 14617, 309, 281, 264, 1002, 13, 50702], \"temperature\": 0.0, \"avg_logprob\": -0.20710532367229462, \"compression_ratio\": 1.8300836086273193, \"no_speech_prob\": 0.0022164778783917427}, {\"id\": 139, \"seek\": 33664, \"start\": 343.6000061035156, \"end\": 346.760009765625, \"text\": \" So having a great publicist that believed in me, that was able to do all the articles\", \"tokens\": [50712, 407, 1419, 257, 869, 1908, 468, 300, 7847, 294, 385, 11, 300, 390, 1075, 281, 360, 439, 264, 11290, 50870], \"temperature\": 0.0, \"avg_logprob\": -0.20710532367229462, \"compression_ratio\": 1.8300836086273193, \"no_speech_prob\": 0.0022164778783917427}, {\"id\": 140, \"seek\": 33664, \"start\": 346.760009765625, \"end\": 349.32000732421875, \"text\": \" and write and sell me as an artist, that's part of the business.\", \"tokens\": [50870, 293, 2464, 293, 3607, 385, 382, 364, 5748, 11, 300, 311, 644, 295, 264, 1606, 13, 50998], \"temperature\": 0.0, \"avg_logprob\": -0.20710532367229462, \"compression_ratio\": 1.8300836086273193, \"no_speech_prob\": 0.0022164778783917427}, {\"id\": 141, \"seek\": 33664, \"start\": 349.32000732421875, \"end\": 351.0400085449219, \"text\": \" You know, you have to have a team behind you.\", \"tokens\": [50998, 509, 458, 11, 291, 362, 281, 362, 257, 1469, 2261, 291, 13, 51084], \"temperature\": 0.0, \"avg_logprob\": -0.20710532367229462, \"compression_ratio\": 1.8300836086273193, \"no_speech_prob\": 0.0022164778783917427}, {\"id\": 142, \"seek\": 33664, \"start\": 351.2799987792969, \"end\": 356.20001220703125, \"text\": \" And I'm just always constantly practicing and practicing and trying to learn how to\", \"tokens\": [51096, 400, 286, 478, 445, 1009, 6460, 11350, 293, 11350, 293, 1382, 281, 1466, 577, 281, 51342], \"temperature\": 0.0, \"avg_logprob\": -0.20710532367229462, \"compression_ratio\": 1.8300836086273193, \"no_speech_prob\": 0.0022164778783917427}, {\"id\": 143, \"seek\": 33664, \"start\": 356.20001220703125, \"end\": 358.67999267578125, \"text\": \" do more and more different things and then better myself.\", \"tokens\": [51342, 360, 544, 293, 544, 819, 721, 293, 550, 1101, 2059, 13, 51466], \"temperature\": 0.0, \"avg_logprob\": -0.20710532367229462, \"compression_ratio\": 1.8300836086273193, \"no_speech_prob\": 0.0022164778783917427}, {\"id\": 144, \"seek\": 33664, \"start\": 358.8800048828125, \"end\": 363.6400146484375, \"text\": \" Now, as an independent artist, now that I have the school and that also took a turn,\", \"tokens\": [51476, 823, 11, 382, 364, 6695, 5748, 11, 586, 300, 286, 362, 264, 1395, 293, 300, 611, 1890, 257, 1261, 11, 51714], \"temperature\": 0.0, \"avg_logprob\": -0.20710532367229462, \"compression_ratio\": 1.8300836086273193, \"no_speech_prob\": 0.0022164778783917427}, {\"id\": 145, \"seek\": 33664, \"start\": 363.6400146484375, \"end\": 366.3599853515625, \"text\": \" like you said about Playboy Radio, you're like, well, you know, I didn't know I was\", \"tokens\": [51714, 411, 291, 848, 466, 5506, 12795, 17296, 11, 291, 434, 411, 11, 731, 11, 291, 458, 11, 286, 994, 380, 458, 286, 390, 51850], \"temperature\": 0.0, \"avg_logprob\": -0.20710532367229462, \"compression_ratio\": 1.8300836086273193, \"no_speech_prob\": 0.0022164778783917427}, {\"id\": 146, \"seek\": 36636, \"start\": 366.3599853515625, \"end\": 370.3599853515625, \"text\": \" going to have my own show. I didn't know I was going to learn how to sing and dance.\", \"tokens\": [50364, 516, 281, 362, 452, 1065, 855, 13, 286, 994, 380, 458, 286, 390, 516, 281, 1466, 577, 281, 1522, 293, 4489, 13, 50564], \"temperature\": 0.0, \"avg_logprob\": -0.20578745007514954, \"compression_ratio\": 1.713881015777588, \"no_speech_prob\": 8.219791197916493e-05}, {\"id\": 147, \"seek\": 36636, \"start\": 370.3599853515625, \"end\": 374.2799987792969, \"text\": \" I got Emilio Estefan and Keith Harris, one of the best producers in the world,\", \"tokens\": [50564, 286, 658, 36983, 1004, 16105, 20361, 293, 20613, 17426, 11, 472, 295, 264, 1151, 16080, 294, 264, 1002, 11, 50760], \"temperature\": 0.0, \"avg_logprob\": -0.20578745007514954, \"compression_ratio\": 1.713881015777588, \"no_speech_prob\": 8.219791197916493e-05}, {\"id\": 148, \"seek\": 36636, \"start\": 374.2799987792969, \"end\": 375.760009765625, \"text\": \" Black Eyed Peas' producer and drummer.\", \"tokens\": [50760, 4076, 23236, 292, 2396, 296, 6, 12314, 293, 38535, 13, 50834], \"temperature\": 0.0, \"avg_logprob\": -0.20578745007514954, \"compression_ratio\": 1.713881015777588, \"no_speech_prob\": 8.219791197916493e-05}, {\"id\": 149, \"seek\": 36636, \"start\": 375.760009765625, \"end\": 378.9599914550781, \"text\": \" And he's like, if you're already singing and dancing, why don't you do your own\", \"tokens\": [50834, 400, 415, 311, 411, 11, 498, 291, 434, 1217, 6726, 293, 8898, 11, 983, 500, 380, 291, 360, 428, 1065, 50994], \"temperature\": 0.0, \"avg_logprob\": -0.20578745007514954, \"compression_ratio\": 1.713881015777588, \"no_speech_prob\": 8.219791197916493e-05}, {\"id\": 150, \"seek\": 36636, \"start\": 378.9599914550781, \"end\": 381.0799865722656, \"text\": \" stuff? And I'm like, wow.\", \"tokens\": [50994, 1507, 30, 400, 286, 478, 411, 11, 6076, 13, 51100], \"temperature\": 0.0, \"avg_logprob\": -0.20578745007514954, \"compression_ratio\": 1.713881015777588, \"no_speech_prob\": 8.219791197916493e-05}, {\"id\": 151, \"seek\": 36636, \"start\": 382.3599853515625, \"end\": 383.5199890136719, \"text\": \" Good thought. I love music.\", \"tokens\": [51164, 2205, 1194, 13, 286, 959, 1318, 13, 51222], \"temperature\": 0.0, \"avg_logprob\": -0.20578745007514954, \"compression_ratio\": 1.713881015777588, \"no_speech_prob\": 8.219791197916493e-05}, {\"id\": 152, \"seek\": 36636, \"start\": 383.5199890136719, \"end\": 385.7200012207031, \"text\": \" I love entertainment. I've been in this business since I was 21.\", \"tokens\": [51222, 286, 959, 12393, 13, 286, 600, 668, 294, 341, 1606, 1670, 286, 390, 5080, 13, 51332], \"temperature\": 0.0, \"avg_logprob\": -0.20578745007514954, \"compression_ratio\": 1.713881015777588, \"no_speech_prob\": 8.219791197916493e-05}, {\"id\": 153, \"seek\": 36636, \"start\": 385.7200012207031, \"end\": 388.79998779296875, \"text\": \" Yeah, for sure. So, you know, it's it's taken a toll.\", \"tokens\": [51332, 865, 11, 337, 988, 13, 407, 11, 291, 458, 11, 309, 311, 309, 311, 2726, 257, 16629, 13, 51486], \"temperature\": 0.0, \"avg_logprob\": -0.20578745007514954, \"compression_ratio\": 1.713881015777588, \"no_speech_prob\": 8.219791197916493e-05}, {\"id\": 154, \"seek\": 36636, \"start\": 388.79998779296875, \"end\": 391.239990234375, \"text\": \" And that's where Connie's going with with her career.\", \"tokens\": [51486, 400, 300, 311, 689, 49558, 311, 516, 365, 365, 720, 3988, 13, 51608], \"temperature\": 0.0, \"avg_logprob\": -0.20578745007514954, \"compression_ratio\": 1.713881015777588, \"no_speech_prob\": 8.219791197916493e-05}, {\"id\": 155, \"seek\": 36636, \"start\": 391.239990234375, \"end\": 393.3999938964844, \"text\": \" But it's it was a beautiful thing meeting her.\", \"tokens\": [51608, 583, 309, 311, 309, 390, 257, 2238, 551, 3440, 720, 13, 51716], \"temperature\": 0.0, \"avg_logprob\": -0.20578745007514954, \"compression_ratio\": 1.713881015777588, \"no_speech_prob\": 8.219791197916493e-05}, {\"id\": 156, \"seek\": 36636, \"start\": 393.3999938964844, \"end\": 395.8399963378906, \"text\": \" And I hope I can meet her again and talk to her.\", \"tokens\": [51716, 400, 286, 1454, 286, 393, 1677, 720, 797, 293, 751, 281, 720, 13, 51838], \"temperature\": 0.0, \"avg_logprob\": -0.20578745007514954, \"compression_ratio\": 1.713881015777588, \"no_speech_prob\": 8.219791197916493e-05}, {\"id\": 157, \"seek\": 39584, \"start\": 395.8399963378906, \"end\": 400.4800109863281, \"text\": \" I see, you know, the tribute artists, how a lot of them support their tributes,\", \"tokens\": [50364, 286, 536, 11, 291, 458, 11, 264, 24722, 6910, 11, 577, 257, 688, 295, 552, 1406, 641, 15039, 1819, 11, 50596], \"temperature\": 0.0, \"avg_logprob\": -0.26250332593917847, \"compression_ratio\": 1.6621004343032837, \"no_speech_prob\": 0.007681944873183966}, {\"id\": 158, \"seek\": 39584, \"start\": 400.4800109863281, \"end\": 404.20001220703125, \"text\": \" you know, like they like and JLo is like the queen of tributes, right?\", \"tokens\": [50596, 291, 458, 11, 411, 436, 411, 293, 508, 31645, 307, 411, 264, 12206, 295, 15039, 1819, 11, 558, 30, 50782], \"temperature\": 0.0, \"avg_logprob\": -0.26250332593917847, \"compression_ratio\": 1.6621004343032837, \"no_speech_prob\": 0.007681944873183966}, {\"id\": 159, \"seek\": 39584, \"start\": 404.20001220703125, \"end\": 407.7200012207031, \"text\": \" She's tributed. She's tribulated Selena, Celia Cruz.\", \"tokens\": [50782, 1240, 311, 15039, 4866, 13, 1240, 311, 15039, 6987, 39146, 11, 19967, 654, 23008, 13, 50958], \"temperature\": 0.0, \"avg_logprob\": -0.26250332593917847, \"compression_ratio\": 1.6621004343032837, \"no_speech_prob\": 0.007681944873183966}, {\"id\": 160, \"seek\": 39584, \"start\": 407.7200012207031, \"end\": 410.1600036621094, \"text\": \" Yeah. Prince, Michael Jackson.\", \"tokens\": [50958, 865, 13, 9821, 11, 5116, 10647, 13, 51080], \"temperature\": 0.0, \"avg_logprob\": -0.26250332593917847, \"compression_ratio\": 1.6621004343032837, \"no_speech_prob\": 0.007681944873183966}, {\"id\": 161, \"seek\": 39584, \"start\": 410.1600036621094, \"end\": 412.8399963378906, \"text\": \" I mean, I'm sorry, not Michael Jackson. Elvis.\", \"tokens\": [51080, 286, 914, 11, 286, 478, 2597, 11, 406, 5116, 10647, 13, 39944, 13, 51214], \"temperature\": 0.0, \"avg_logprob\": -0.26250332593917847, \"compression_ratio\": 1.6621004343032837, \"no_speech_prob\": 0.007681944873183966}, {\"id\": 162, \"seek\": 39584, \"start\": 412.8399963378906, \"end\": 415.9200134277344, \"text\": \" Yeah. She's the queen of doing that.\", \"tokens\": [51214, 865, 13, 1240, 311, 264, 12206, 295, 884, 300, 13, 51368], \"temperature\": 0.0, \"avg_logprob\": -0.26250332593917847, \"compression_ratio\": 1.6621004343032837, \"no_speech_prob\": 0.007681944873183966}, {\"id\": 163, \"seek\": 39584, \"start\": 415.9200134277344, \"end\": 417.79998779296875, \"text\": \" And every time I see what she does, I'm like.\", \"tokens\": [51368, 400, 633, 565, 286, 536, 437, 750, 775, 11, 286, 478, 411, 13, 51462], \"temperature\": 0.0, \"avg_logprob\": -0.26250332593917847, \"compression_ratio\": 1.6621004343032837, \"no_speech_prob\": 0.007681944873183966}]}"}