{"title": "How Hollywood Glorifies Gangsters", "video_id": "lXxmhVoWNSo", "video_url": "https://www.youtube.com/watch?v=lXxmhVoWNSo", "description": "Ready to build a network of amazing women and high-status men?\n\nMichael\u2019s Men of Action is a one-on-one Master\u2019s program that teaches men how to create elite social lives by becoming higher status.\n\nClick this link to learn how you can have a High-Status lifestyle now:\nhttps://m.moamentoring.com/podcast\n\nClick here to join the Men of Action community and watch the High-Status Networking 101 course:\nhttps://m.moamentoring.com/moa-community\n\u2014\u2014\u2014\u2014\u2014\u2014\u2014\u2014\u2014\u2014\u2014\u2014\u2014\u2014\u2014\u2014\u2014\u2014\u2014\u2014\n\nSubscribe on Youtube: \nhttps://www.youtube.com/user/MichaelSartain\n\nListen on Apple Podcast: \nhttps://podcasts.apple.com/us/podcast/the-michael-sartain-podcast/id1579791157\n\nListen on Spotify: \nhttps://open.spotify.com/show/2faAYwvDD9Bvkpwv6umlPO?si=8Q3ak9HnSlKjuChsTXr6YQ&dl_branch=1", "published_at": "2023-05-26T13:15:05Z", "channel_id": "UC0T1bDzajVefRWx4uKdGyuw", "channel_title": "Michael Sartain", "tags": [], "category_id": "24", "live_broadcast_content": "none", "duration": 35.0, "dimension": "2d", "definition": "hd", "caption": "false", "view_count": 327, "like_count": 9, "comment_count": 1, "channel_info": {"title": "Michael Sartain", "description": "\ud83c\udf99Host of The\u00a0Michael Sartain Podcast \n\n\ud83d\udd25Teaching you how to build a network of desirable women and high-status men\n\n\ud83d\udc47 Click the \"Men of Action\" link below now to forge a high-status lifestyle and join the elites \n", "subscriber_count": "80500", "total_views": "29545897", "total_videos": "1481"}, "comments": [], "file_path": "/Users/aelaguiz/workspace/fc_book/audio/raws/lXxmhVoWNSo.mp3", "transcription": "{\"text\": \"Gangsta rap, man, I remember that period of time when I'm just like, I'm learning how to speak English from Three 6 Mafia and UGK and NWA. Can you, you said that that had an influence on you also. Yeah, man, I mean, third grade, fourth grade, fifth grade, you know, with the skip protection, Discman and the headphones, riding my hoppy bike around, listening to Biggie, Tupac, Mobb Deep, you know, all the real hardcore shit that was out at the time. Yeah. And like, you know, you're nine, 10 years old, listening to violence and selling drugs and doing all this stuff, of course it influences you. That's what you think is cool. \", \"segments\": [{\"id\": 0, \"seek\": 0, \"start\": 0.0, \"end\": 2.559999942779541, \"text\": \" Gangsta rap, man, I remember that period of time\", \"tokens\": [50364, 17984, 9140, 5099, 11, 587, 11, 286, 1604, 300, 2896, 295, 565, 50492], \"temperature\": 0.0, \"avg_logprob\": -0.27857595682144165, \"compression_ratio\": 1.6121795177459717, \"no_speech_prob\": 0.0015008545015007257}, {\"id\": 1, \"seek\": 0, \"start\": 2.559999942779541, \"end\": 4.840000152587891, \"text\": \" when I'm just like, I'm learning how to speak English\", \"tokens\": [50492, 562, 286, 478, 445, 411, 11, 286, 478, 2539, 577, 281, 1710, 3669, 50606], \"temperature\": 0.0, \"avg_logprob\": -0.27857595682144165, \"compression_ratio\": 1.6121795177459717, \"no_speech_prob\": 0.0015008545015007257}, {\"id\": 2, \"seek\": 0, \"start\": 4.840000152587891, \"end\": 9.279999732971191, \"text\": \" from Three 6 Mafia and UGK and NWA.\", \"tokens\": [50606, 490, 6244, 1386, 41517, 654, 293, 624, 38, 42, 293, 426, 21449, 13, 50828], \"temperature\": 0.0, \"avg_logprob\": -0.27857595682144165, \"compression_ratio\": 1.6121795177459717, \"no_speech_prob\": 0.0015008545015007257}, {\"id\": 3, \"seek\": 0, \"start\": 9.279999732971191, \"end\": 11.479999542236328, \"text\": \" Can you, you said that that had an influence on you also.\", \"tokens\": [50828, 1664, 291, 11, 291, 848, 300, 300, 632, 364, 6503, 322, 291, 611, 13, 50938], \"temperature\": 0.0, \"avg_logprob\": -0.27857595682144165, \"compression_ratio\": 1.6121795177459717, \"no_speech_prob\": 0.0015008545015007257}, {\"id\": 4, \"seek\": 0, \"start\": 11.479999542236328, \"end\": 14.640000343322754, \"text\": \" Yeah, man, I mean, third grade, fourth grade, fifth grade,\", \"tokens\": [50938, 865, 11, 587, 11, 286, 914, 11, 2636, 7204, 11, 6409, 7204, 11, 9266, 7204, 11, 51096], \"temperature\": 0.0, \"avg_logprob\": -0.27857595682144165, \"compression_ratio\": 1.6121795177459717, \"no_speech_prob\": 0.0015008545015007257}, {\"id\": 5, \"seek\": 0, \"start\": 14.640000343322754, \"end\": 16.600000381469727, \"text\": \" you know, with the skip protection,\", \"tokens\": [51096, 291, 458, 11, 365, 264, 10023, 6334, 11, 51194], \"temperature\": 0.0, \"avg_logprob\": -0.27857595682144165, \"compression_ratio\": 1.6121795177459717, \"no_speech_prob\": 0.0015008545015007257}, {\"id\": 6, \"seek\": 0, \"start\": 16.600000381469727, \"end\": 19.719999313354492, \"text\": \" Discman and the headphones, riding my hoppy bike around,\", \"tokens\": [51194, 19839, 1601, 293, 264, 16278, 11, 9546, 452, 3818, 8200, 5656, 926, 11, 51350], \"temperature\": 0.0, \"avg_logprob\": -0.27857595682144165, \"compression_ratio\": 1.6121795177459717, \"no_speech_prob\": 0.0015008545015007257}, {\"id\": 7, \"seek\": 0, \"start\": 19.719999313354492, \"end\": 23.719999313354492, \"text\": \" listening to Biggie, Tupac, Mobb Deep, you know,\", \"tokens\": [51350, 4764, 281, 5429, 9997, 11, 314, 1010, 326, 11, 37920, 65, 14895, 11, 291, 458, 11, 51550], \"temperature\": 0.0, \"avg_logprob\": -0.27857595682144165, \"compression_ratio\": 1.6121795177459717, \"no_speech_prob\": 0.0015008545015007257}, {\"id\": 8, \"seek\": 0, \"start\": 23.719999313354492, \"end\": 26.239999771118164, \"text\": \" all the real hardcore shit that was out at the time.\", \"tokens\": [51550, 439, 264, 957, 28196, 4611, 300, 390, 484, 412, 264, 565, 13, 51676], \"temperature\": 0.0, \"avg_logprob\": -0.27857595682144165, \"compression_ratio\": 1.6121795177459717, \"no_speech_prob\": 0.0015008545015007257}, {\"id\": 9, \"seek\": 0, \"start\": 26.239999771118164, \"end\": 27.079999923706055, \"text\": \" Yeah.\", \"tokens\": [51676, 865, 13, 51718], \"temperature\": 0.0, \"avg_logprob\": -0.27857595682144165, \"compression_ratio\": 1.6121795177459717, \"no_speech_prob\": 0.0015008545015007257}, {\"id\": 10, \"seek\": 0, \"start\": 27.079999923706055, \"end\": 28.979999542236328, \"text\": \" And like, you know, you're nine, 10 years old,\", \"tokens\": [51718, 400, 411, 11, 291, 458, 11, 291, 434, 4949, 11, 1266, 924, 1331, 11, 51813], \"temperature\": 0.0, \"avg_logprob\": -0.27857595682144165, \"compression_ratio\": 1.6121795177459717, \"no_speech_prob\": 0.0015008545015007257}, {\"id\": 11, \"seek\": 2898, \"start\": 28.979999542236328, \"end\": 30.899999618530273, \"text\": \" listening to violence and selling drugs\", \"tokens\": [50364, 4764, 281, 6270, 293, 6511, 7766, 50460], \"temperature\": 0.0, \"avg_logprob\": -0.25427374243736267, \"compression_ratio\": 1.25, \"no_speech_prob\": 0.0036477113608270884}, {\"id\": 12, \"seek\": 2898, \"start\": 30.899999618530273, \"end\": 33.08000183105469, \"text\": \" and doing all this stuff, of course it influences you.\", \"tokens\": [50460, 293, 884, 439, 341, 1507, 11, 295, 1164, 309, 21222, 291, 13, 50569], \"temperature\": 0.0, \"avg_logprob\": -0.25427374243736267, \"compression_ratio\": 1.25, \"no_speech_prob\": 0.0036477113608270884}, {\"id\": 13, \"seek\": 2898, \"start\": 33.08000183105469, \"end\": 34.58000183105469, \"text\": \" That's what you think is cool.\", \"tokens\": [50569, 663, 311, 437, 291, 519, 307, 1627, 13, 50644], \"temperature\": 0.0, \"avg_logprob\": -0.25427374243736267, \"compression_ratio\": 1.25, \"no_speech_prob\": 0.0036477113608270884}]}"}