{"title": "The Truth About Women No One Wants to Talks About", "video_id": "MAKF6QivNGg", "video_url": "https://www.youtube.com/watch?v=MAKF6QivNGg", "description": "Ready to build a network of amazing women and high-status men?\n\nMichael\u2019s Men of Action is a one-on-one Master\u2019s program that teaches men how to create elite social lives by becoming higher status.\n\nClick this link to learn how you can have a High-Status lifestyle now:\nhttps://m.moamentoring.com/podcast\n\nClick here to join the Men of Action community and watch the High-Status Networking 101 course:\nhttps://m.moamentoring.com/moa-community\n\u2014\u2014\u2014\u2014\u2014\u2014\u2014\u2014\u2014\u2014\u2014\u2014\u2014\u2014\u2014\u2014\u2014\u2014\u2014\u2014\n\nSubscribe on Youtube: \nhttps://www.youtube.com/user/MichaelSartain\n\nListen on Apple Podcast: \nhttps://podcasts.apple.com/us/podcast/the-michael-sartain-podcast/id1579791157\n\nListen on Spotify: \nhttps://open.spotify.com/show/2faAYwvDD9Bvkpwv6umlPO?si=8Q3ak9HnSlKjuChsTXr6YQ&dl_branch=1", "published_at": "2023-05-22T13:15:02Z", "channel_id": "UC0T1bDzajVefRWx4uKdGyuw", "channel_title": "Michael Sartain", "tags": [], "category_id": "24", "live_broadcast_content": "none", "duration": 38.0, "dimension": "2d", "definition": "hd", "caption": "false", "view_count": 7239, "like_count": 285, "comment_count": 8, "channel_info": {"title": "Michael Sartain", "description": "\ud83c\udf99Host of The\u00a0Michael Sartain Podcast \n\n\ud83d\udd25Teaching you how to build a network of desirable women and high-status men\n\n\ud83d\udc47 Click the \"Men of Action\" link below now to forge a high-status lifestyle and join the elites \n", "subscriber_count": "80500", "total_views": "29545897", "total_videos": "1481"}, "comments": [], "file_path": "/Users/aelaguiz/workspace/fc_book/audio/raws/MAKF6QivNGg.mp3", "transcription": "{\"text\": \"Biggest like red pills like I've digested early on and this is gonna sound horrible to understand like the nature of the beast you're Dealing with aka women understand that they are capable of falling in love Biologically, I'm not saying this should happen. I'm not saying this is a great thing but this is biologically they're capable of falling in love with a man who kills her husband and There's science on this the adaptation women can get over breakups faster than men because they were the ones in the tribe that were left alive after all the Military age men's men were killed the women had the choice of either dying or accepting a new partner The women who died did not pass along their genes the women who accepted the new partner that adaptation continued to progress \", \"segments\": [{\"id\": 0, \"seek\": 0, \"start\": 0.0, \"end\": 5.599999904632568, \"text\": \" Biggest like red pills like I've digested early on and this is gonna sound horrible to understand like the nature of the beast you're\", \"tokens\": [50364, 5429, 2629, 411, 2182, 23871, 411, 286, 600, 13884, 292, 2440, 322, 293, 341, 307, 799, 1626, 9263, 281, 1223, 411, 264, 3687, 295, 264, 13464, 291, 434, 50644], \"temperature\": 0.0, \"avg_logprob\": -0.3705520033836365, \"compression_ratio\": 1.8673468828201294, \"no_speech_prob\": 0.3268997371196747}, {\"id\": 1, \"seek\": 0, \"start\": 5.599999904632568, \"end\": 9.479999542236328, \"text\": \" Dealing with aka women understand that they are capable of falling in love\", \"tokens\": [50644, 1346, 4270, 365, 28042, 2266, 1223, 300, 436, 366, 8189, 295, 7440, 294, 959, 50838], \"temperature\": 0.0, \"avg_logprob\": -0.3705520033836365, \"compression_ratio\": 1.8673468828201294, \"no_speech_prob\": 0.3268997371196747}, {\"id\": 2, \"seek\": 0, \"start\": 10.119999885559082, \"end\": 12.899999618530273, \"text\": \" Biologically, I'm not saying this should happen. I'm not saying this is a great thing\", \"tokens\": [50870, 13007, 17157, 11, 286, 478, 406, 1566, 341, 820, 1051, 13, 286, 478, 406, 1566, 341, 307, 257, 869, 551, 51009], \"temperature\": 0.0, \"avg_logprob\": -0.3705520033836365, \"compression_ratio\": 1.8673468828201294, \"no_speech_prob\": 0.3268997371196747}, {\"id\": 3, \"seek\": 0, \"start\": 12.899999618530273, \"end\": 17.420000076293945, \"text\": \" but this is biologically they're capable of falling in love with a man who kills her husband and\", \"tokens\": [51009, 457, 341, 307, 3228, 17157, 436, 434, 8189, 295, 7440, 294, 959, 365, 257, 587, 567, 14563, 720, 5213, 293, 51235], \"temperature\": 0.0, \"avg_logprob\": -0.3705520033836365, \"compression_ratio\": 1.8673468828201294, \"no_speech_prob\": 0.3268997371196747}, {\"id\": 4, \"seek\": 0, \"start\": 18.079999923706055, \"end\": 23.860000610351562, \"text\": \" There's science on this the adaptation women can get over breakups faster than men because they were the ones in the tribe that were left\", \"tokens\": [51268, 821, 311, 3497, 322, 341, 264, 21549, 2266, 393, 483, 670, 1821, 7528, 4663, 813, 1706, 570, 436, 645, 264, 2306, 294, 264, 17625, 300, 645, 1411, 51557], \"temperature\": 0.0, \"avg_logprob\": -0.3705520033836365, \"compression_ratio\": 1.8673468828201294, \"no_speech_prob\": 0.3268997371196747}, {\"id\": 5, \"seek\": 0, \"start\": 23.860000610351562, \"end\": 25.65999984741211, \"text\": \" alive after all the\", \"tokens\": [51557, 5465, 934, 439, 264, 51647], \"temperature\": 0.0, \"avg_logprob\": -0.3705520033836365, \"compression_ratio\": 1.8673468828201294, \"no_speech_prob\": 0.3268997371196747}, {\"id\": 6, \"seek\": 2566, \"start\": 25.65999984741211, \"end\": 31.260000228881836, \"text\": \" Military age men's men were killed the women had the choice of either dying or accepting a new partner\", \"tokens\": [50364, 28460, 3205, 1706, 311, 1706, 645, 4652, 264, 2266, 632, 264, 3922, 295, 2139, 8639, 420, 17391, 257, 777, 4975, 50644], \"temperature\": 0.0, \"avg_logprob\": -0.34839364886283875, \"compression_ratio\": 1.6013985872268677, \"no_speech_prob\": 0.5649019479751587}, {\"id\": 7, \"seek\": 2566, \"start\": 31.260000228881836, \"end\": 37.13999938964844, \"text\": \" The women who died did not pass along their genes the women who accepted the new partner that adaptation continued to progress\", \"tokens\": [50644, 440, 2266, 567, 4539, 630, 406, 1320, 2051, 641, 14424, 264, 2266, 567, 9035, 264, 777, 4975, 300, 21549, 7014, 281, 4205, 50938], \"temperature\": 0.0, \"avg_logprob\": -0.34839364886283875, \"compression_ratio\": 1.6013985872268677, \"no_speech_prob\": 0.5649019479751587}]}"}