{"title": "How The World Should See Pornography And Its Relationship To It", "video_id": "MwxBDkkcChU", "video_url": "https://www.youtube.com/watch?v=MwxBDkkcChU", "description": "Watch the full thing here : https://youtu.be/nP0-52-Nhmo?si=PAP0cSGCygAGcGpy\n\n\u2014\u2014\u2014\u2014\u2014\u2014\u2014\u2014\u2014\u2014\u2014\u2014\u2014\u2014\u2014\u2014\u2014\u2014\u2014\u2014\nReady to build a network of amazing women and high-status men?\n\nMichael\u2019s Men of Action is a one-on-one Master\u2019s program that teaches men how to create elite \nsocial lives by becoming higher status.\n\nClick this link to learn how you can have a High-Status lifestyle now:\nhttps://m.moamentoring.com/podcast\n\nClick here to join the Men of Action community and watch the High-Status Networking 101 course:\nhttps://m.moamentoring.com/moa-community\n\nInterested in joining the Men of Action sales team? Apply here:\nhttps://www.moamentoring.com/jobs/sales\n\nMen of Action has an affiliate program! Post pre-made content and get paid passively:\nhttps://www.moamentoring.com/affiliate\n\u2014\u2014\u2014\u2014\u2014\u2014\u2014\u2014\u2014\u2014\u2014\u2014\u2014\u2014\u2014\u2014\u2014\u2014\u2014\u2014\n\nSubscribe on Youtube: \nhttps://www.youtube.com/user/MichaelSartain\n\nListen on Apple Podcast: \nhttps://podcasts.apple.com/us/podcast/the-michael-sartain-podcast/id1579791157\n\nListen on Spotify: \nhttps://open.spotify.com/show/2faAYwvDD9Bvkpwv6umlPO?si=8Q3ak9HnSlKjuChsTXr6YQ&dl_branch=1\n\n#michael #michaelsartain #michael_sartain #michael_sartain_podcast", "published_at": "2023-10-11T20:00:07Z", "channel_id": "UC0T1bDzajVefRWx4uKdGyuw", "channel_title": "Michael Sartain", "tags": ["Michael", "Michael Sartain", "Michael Sartain Podcast", "Michael Podcast", "MOA", "Men Of Action", "Michael Sartain Course", "Michael Sartain With Hot Women", "Playboy", "Swimsuit", "Swimsuit Competition", "ichael sartain social circle", "social circle", "how to netowrk", "moa", "moa podcast", "gender wage gap", "gender wage gap myth", "wage gap", "social value", "michael sartain course", "looks money status", "social circle mentorship", "michael sartain social circle game", "men of action podcast", "men of action course"], "category_id": "24", "live_broadcast_content": "none", "duration": 285.0, "dimension": "2d", "definition": "hd", "caption": "false", "view_count": 3806, "like_count": 106, "comment_count": 59, "channel_info": {"title": "Michael Sartain", "description": "\ud83c\udf99Host of The\u00a0Michael Sartain Podcast \n\n\ud83d\udd25Teaching you how to build a network of desirable women and high-status men\n\n\ud83d\udc47 Click the \"Men of Action\" link below now to forge a high-status lifestyle and join the elites \n", "subscriber_count": "80500", "total_views": "29545897", "total_videos": "1481"}, "comments": [], "file_path": "/Users/aelaguiz/workspace/fc_book/audio/raws/MwxBDkkcChU.mp3", "transcription": "{\"text\": \"Porn is not the problem, it's the dosage. It's like there are men right now who are getting to debilitating levels of pornography. What do you think the world's relationship with adult content should be? Like obviously there's an age at which no one should be allowed to see it, right? 13 year olds should not be able to look at porn. I think we agree on that, right? A lot of this just comes back to parenting like parental controls. What would you want though for your kids? Like at what point would you feel, your son is 19 years old and he's college and he starts looking at porn, would you have a problem with that? Legally, when my son is 18, He can do whatever he wants. He can do whatever he wants. But what would you feel comfortable with as a mother? You know, I always want to maintain a good relationship with my son. Right. Or daughter. Yeah. And so I feel like they should be able to come and talk to me about anything forever. Yeah. And I would always be curious about what they were doing. Sure. So, more so I would just like to be a good parent and have a good relationship. Do you think that men, it's funny because we had Sterling Cooper on here and he said that, he said, same thing with Orangutan. Have you ever shot with Orangutan? Yeah. Mike Tang. Mike Tang, they both said the same thing. He's cool. Yeah, Mike Tang said porn is not the problem, it's the dosage. It's like there are men right now who are getting to debilitating levels of pornography. Oh, like if you're asking me if it's saturated, that's what I'm asking. Absolutely, like it's very saturated. There's many sites there's, and also we're accumulating more media as time goes on because like the internet is still like fairly new. So like, yeah, like there's more and more content that's being uploaded to this massive thing. But I guess, what do I think your initial question, what do I think America's relationship with porn should be? I think that it's a big business and it does bring a lot of happiness into people's lives. And with anything, it's in moderation. Okay. So I think that people should really kind of think more about balance and, you know, okay, porn, yes. Porn can actually be used for a lot of things and even for like married couples. So a lot of married couples throughout America watch porn. And well, I would get countless messages from people saying, thank you. You helped us stay together. So, I mean, it is a good thing. So, I mean, it's a great thing. But you know, on the flip side, it's amazing that this art exists. It's amazing that people even, that we get to do something like this, which is like, it's so like creative and cool. And I look at it the same as if you were doing like a regular photo shoot, or if you were doing a runway show. It has the same artistic elements as that. So I think it's cool that we're able to even have something like that. And I appreciate it the same way as if you were to appreciate music. It's a gift just like anything else. But it can also, if you have negative or evil intentions for it, then absolutely like it could come out like that. Like what's going on with like, you know, the sex trafficking, things like that. That is obviously like something that needs more attention, needs help, needs addressing. But yeah, there's good and bad to everything, and everything needs moderation. And you know this. You know this because you have a schedule, you wake up in the morning, you go out throughout your day, you accomplish different things, you talk to many people, you get on group chats at probably all hours of the day. You know what I mean? So you live a balanced life. You have the time with your girlfriend, you have your time at your gym, right? Time at the podcast. And you know, I think more people need to just take heed of that. It doesn't even matter if you don't have a job right now, don't get completely down on yourself because you got to pick yourself back up, dust yourself off, start over again. And every time you get knocked down, just keep going, just keep getting up, you know, and eventually you're going to get there. \", \"segments\": [{\"id\": 0, \"seek\": 0, \"start\": 0.0, \"end\": 2.4000000953674316, \"text\": \" Porn is not the problem, it's the dosage.\", \"tokens\": [50364, 430, 1865, 307, 406, 264, 1154, 11, 309, 311, 264, 4491, 609, 13, 50484], \"temperature\": 0.0, \"avg_logprob\": -0.22820495069026947, \"compression_ratio\": 1.728124976158142, \"no_speech_prob\": 0.0023964846041053534}, {\"id\": 1, \"seek\": 0, \"start\": 2.4000000953674316, \"end\": 4.320000171661377, \"text\": \" It's like there are men right now\", \"tokens\": [50484, 467, 311, 411, 456, 366, 1706, 558, 586, 50580], \"temperature\": 0.0, \"avg_logprob\": -0.22820495069026947, \"compression_ratio\": 1.728124976158142, \"no_speech_prob\": 0.0023964846041053534}, {\"id\": 2, \"seek\": 0, \"start\": 4.320000171661377, \"end\": 7.159999847412109, \"text\": \" who are getting to debilitating levels of pornography.\", \"tokens\": [50580, 567, 366, 1242, 281, 3001, 388, 16350, 4358, 295, 49936, 13, 50722], \"temperature\": 0.0, \"avg_logprob\": -0.22820495069026947, \"compression_ratio\": 1.728124976158142, \"no_speech_prob\": 0.0023964846041053534}, {\"id\": 3, \"seek\": 0, \"start\": 7.159999847412109, \"end\": 10.239999771118164, \"text\": \" What do you think the world's relationship\", \"tokens\": [50722, 708, 360, 291, 519, 264, 1002, 311, 2480, 50876], \"temperature\": 0.0, \"avg_logprob\": -0.22820495069026947, \"compression_ratio\": 1.728124976158142, \"no_speech_prob\": 0.0023964846041053534}, {\"id\": 4, \"seek\": 0, \"start\": 10.239999771118164, \"end\": 12.359999656677246, \"text\": \" with adult content should be?\", \"tokens\": [50876, 365, 5075, 2701, 820, 312, 30, 50982], \"temperature\": 0.0, \"avg_logprob\": -0.22820495069026947, \"compression_ratio\": 1.728124976158142, \"no_speech_prob\": 0.0023964846041053534}, {\"id\": 5, \"seek\": 0, \"start\": 12.359999656677246, \"end\": 14.479999542236328, \"text\": \" Like obviously there's an age at which\", \"tokens\": [50982, 1743, 2745, 456, 311, 364, 3205, 412, 597, 51088], \"temperature\": 0.0, \"avg_logprob\": -0.22820495069026947, \"compression_ratio\": 1.728124976158142, \"no_speech_prob\": 0.0023964846041053534}, {\"id\": 6, \"seek\": 0, \"start\": 14.479999542236328, \"end\": 16.1200008392334, \"text\": \" no one should be allowed to see it, right?\", \"tokens\": [51088, 572, 472, 820, 312, 4350, 281, 536, 309, 11, 558, 30, 51170], \"temperature\": 0.0, \"avg_logprob\": -0.22820495069026947, \"compression_ratio\": 1.728124976158142, \"no_speech_prob\": 0.0023964846041053534}, {\"id\": 7, \"seek\": 0, \"start\": 16.1200008392334, \"end\": 18.139999389648438, \"text\": \" 13 year olds should not be able to look at porn.\", \"tokens\": [51170, 3705, 1064, 41972, 820, 406, 312, 1075, 281, 574, 412, 19444, 13, 51271], \"temperature\": 0.0, \"avg_logprob\": -0.22820495069026947, \"compression_ratio\": 1.728124976158142, \"no_speech_prob\": 0.0023964846041053534}, {\"id\": 8, \"seek\": 0, \"start\": 18.139999389648438, \"end\": 18.979999542236328, \"text\": \" I think we agree on that, right?\", \"tokens\": [51271, 286, 519, 321, 3986, 322, 300, 11, 558, 30, 51313], \"temperature\": 0.0, \"avg_logprob\": -0.22820495069026947, \"compression_ratio\": 1.728124976158142, \"no_speech_prob\": 0.0023964846041053534}, {\"id\": 9, \"seek\": 0, \"start\": 18.979999542236328, \"end\": 22.079999923706055, \"text\": \" A lot of this just comes back to\", \"tokens\": [51313, 316, 688, 295, 341, 445, 1487, 646, 281, 51468], \"temperature\": 0.0, \"avg_logprob\": -0.22820495069026947, \"compression_ratio\": 1.728124976158142, \"no_speech_prob\": 0.0023964846041053534}, {\"id\": 10, \"seek\": 0, \"start\": 22.079999923706055, \"end\": 24.68000030517578, \"text\": \" parenting like parental controls.\", \"tokens\": [51468, 30896, 411, 41113, 9003, 13, 51598], \"temperature\": 0.0, \"avg_logprob\": -0.22820495069026947, \"compression_ratio\": 1.728124976158142, \"no_speech_prob\": 0.0023964846041053534}, {\"id\": 11, \"seek\": 0, \"start\": 24.68000030517578, \"end\": 25.959999084472656, \"text\": \" What would you want though for your kids?\", \"tokens\": [51598, 708, 576, 291, 528, 1673, 337, 428, 2301, 30, 51662], \"temperature\": 0.0, \"avg_logprob\": -0.22820495069026947, \"compression_ratio\": 1.728124976158142, \"no_speech_prob\": 0.0023964846041053534}, {\"id\": 12, \"seek\": 0, \"start\": 25.959999084472656, \"end\": 27.200000762939453, \"text\": \" Like at what point would you feel,\", \"tokens\": [51662, 1743, 412, 437, 935, 576, 291, 841, 11, 51724], \"temperature\": 0.0, \"avg_logprob\": -0.22820495069026947, \"compression_ratio\": 1.728124976158142, \"no_speech_prob\": 0.0023964846041053534}, {\"id\": 13, \"seek\": 0, \"start\": 27.200000762939453, \"end\": 29.540000915527344, \"text\": \" your son is 19 years old and he's college\", \"tokens\": [51724, 428, 1872, 307, 1294, 924, 1331, 293, 415, 311, 3859, 51841], \"temperature\": 0.0, \"avg_logprob\": -0.22820495069026947, \"compression_ratio\": 1.728124976158142, \"no_speech_prob\": 0.0023964846041053534}, {\"id\": 14, \"seek\": 2954, \"start\": 29.540000915527344, \"end\": 30.540000915527344, \"text\": \" and he starts looking at porn,\", \"tokens\": [50364, 293, 415, 3719, 1237, 412, 19444, 11, 50414], \"temperature\": 0.0, \"avg_logprob\": -0.29382646083831787, \"compression_ratio\": 1.6863468885421753, \"no_speech_prob\": 8.481070108246058e-05}, {\"id\": 15, \"seek\": 2954, \"start\": 30.540000915527344, \"end\": 31.739999771118164, \"text\": \" would you have a problem with that?\", \"tokens\": [50414, 576, 291, 362, 257, 1154, 365, 300, 30, 50474], \"temperature\": 0.0, \"avg_logprob\": -0.29382646083831787, \"compression_ratio\": 1.6863468885421753, \"no_speech_prob\": 8.481070108246058e-05}, {\"id\": 16, \"seek\": 2954, \"start\": 31.739999771118164, \"end\": 33.900001525878906, \"text\": \" Legally, when my son is 18,\", \"tokens\": [50474, 7470, 379, 11, 562, 452, 1872, 307, 2443, 11, 50582], \"temperature\": 0.0, \"avg_logprob\": -0.29382646083831787, \"compression_ratio\": 1.6863468885421753, \"no_speech_prob\": 8.481070108246058e-05}, {\"id\": 17, \"seek\": 2954, \"start\": 33.900001525878906, \"end\": 34.7400016784668, \"text\": \" He can do whatever he wants.\", \"tokens\": [50582, 634, 393, 360, 2035, 415, 2738, 13, 50624], \"temperature\": 0.0, \"avg_logprob\": -0.29382646083831787, \"compression_ratio\": 1.6863468885421753, \"no_speech_prob\": 8.481070108246058e-05}, {\"id\": 18, \"seek\": 2954, \"start\": 34.7400016784668, \"end\": 35.560001373291016, \"text\": \" He can do whatever he wants.\", \"tokens\": [50624, 634, 393, 360, 2035, 415, 2738, 13, 50665], \"temperature\": 0.0, \"avg_logprob\": -0.29382646083831787, \"compression_ratio\": 1.6863468885421753, \"no_speech_prob\": 8.481070108246058e-05}, {\"id\": 19, \"seek\": 2954, \"start\": 35.560001373291016, \"end\": 37.70000076293945, \"text\": \" But what would you feel comfortable with as a mother?\", \"tokens\": [50665, 583, 437, 576, 291, 841, 4619, 365, 382, 257, 2895, 30, 50772], \"temperature\": 0.0, \"avg_logprob\": -0.29382646083831787, \"compression_ratio\": 1.6863468885421753, \"no_speech_prob\": 8.481070108246058e-05}, {\"id\": 20, \"seek\": 2954, \"start\": 38.939998626708984, \"end\": 41.31999969482422, \"text\": \" You know, I always want to maintain\", \"tokens\": [50834, 509, 458, 11, 286, 1009, 528, 281, 6909, 50953], \"temperature\": 0.0, \"avg_logprob\": -0.29382646083831787, \"compression_ratio\": 1.6863468885421753, \"no_speech_prob\": 8.481070108246058e-05}, {\"id\": 21, \"seek\": 2954, \"start\": 41.31999969482422, \"end\": 42.959999084472656, \"text\": \" a good relationship with my son.\", \"tokens\": [50953, 257, 665, 2480, 365, 452, 1872, 13, 51035], \"temperature\": 0.0, \"avg_logprob\": -0.29382646083831787, \"compression_ratio\": 1.6863468885421753, \"no_speech_prob\": 8.481070108246058e-05}, {\"id\": 22, \"seek\": 2954, \"start\": 42.959999084472656, \"end\": 43.79999923706055, \"text\": \" Right.\", \"tokens\": [51035, 1779, 13, 51077], \"temperature\": 0.0, \"avg_logprob\": -0.29382646083831787, \"compression_ratio\": 1.6863468885421753, \"no_speech_prob\": 8.481070108246058e-05}, {\"id\": 23, \"seek\": 2954, \"start\": 43.79999923706055, \"end\": 44.619998931884766, \"text\": \" Or daughter.\", \"tokens\": [51077, 1610, 4653, 13, 51118], \"temperature\": 0.0, \"avg_logprob\": -0.29382646083831787, \"compression_ratio\": 1.6863468885421753, \"no_speech_prob\": 8.481070108246058e-05}, {\"id\": 24, \"seek\": 2954, \"start\": 44.619998931884766, \"end\": 45.459999084472656, \"text\": \" Yeah.\", \"tokens\": [51118, 865, 13, 51160], \"temperature\": 0.0, \"avg_logprob\": -0.29382646083831787, \"compression_ratio\": 1.6863468885421753, \"no_speech_prob\": 8.481070108246058e-05}, {\"id\": 25, \"seek\": 2954, \"start\": 45.459999084472656, \"end\": 47.65999984741211, \"text\": \" And so I feel like they should be able\", \"tokens\": [51160, 400, 370, 286, 841, 411, 436, 820, 312, 1075, 51270], \"temperature\": 0.0, \"avg_logprob\": -0.29382646083831787, \"compression_ratio\": 1.6863468885421753, \"no_speech_prob\": 8.481070108246058e-05}, {\"id\": 26, \"seek\": 2954, \"start\": 47.65999984741211, \"end\": 51.29999923706055, \"text\": \" to come and talk to me about anything forever.\", \"tokens\": [51270, 281, 808, 293, 751, 281, 385, 466, 1340, 5680, 13, 51452], \"temperature\": 0.0, \"avg_logprob\": -0.29382646083831787, \"compression_ratio\": 1.6863468885421753, \"no_speech_prob\": 8.481070108246058e-05}, {\"id\": 27, \"seek\": 2954, \"start\": 51.29999923706055, \"end\": 52.13999938964844, \"text\": \" Yeah.\", \"tokens\": [51452, 865, 13, 51494], \"temperature\": 0.0, \"avg_logprob\": -0.29382646083831787, \"compression_ratio\": 1.6863468885421753, \"no_speech_prob\": 8.481070108246058e-05}, {\"id\": 28, \"seek\": 2954, \"start\": 52.13999938964844, \"end\": 55.060001373291016, \"text\": \" And I would always be curious about what they were doing.\", \"tokens\": [51494, 400, 286, 576, 1009, 312, 6369, 466, 437, 436, 645, 884, 13, 51640], \"temperature\": 0.0, \"avg_logprob\": -0.29382646083831787, \"compression_ratio\": 1.6863468885421753, \"no_speech_prob\": 8.481070108246058e-05}, {\"id\": 29, \"seek\": 2954, \"start\": 55.060001373291016, \"end\": 55.880001068115234, \"text\": \" Sure.\", \"tokens\": [51640, 4894, 13, 51681], \"temperature\": 0.0, \"avg_logprob\": -0.29382646083831787, \"compression_ratio\": 1.6863468885421753, \"no_speech_prob\": 8.481070108246058e-05}, {\"id\": 30, \"seek\": 5588, \"start\": 55.880001068115234, \"end\": 59.720001220703125, \"text\": \" So, more so I would just like to be a good parent\", \"tokens\": [50364, 407, 11, 544, 370, 286, 576, 445, 411, 281, 312, 257, 665, 2596, 50556], \"temperature\": 0.0, \"avg_logprob\": -0.29865455627441406, \"compression_ratio\": 1.7739938497543335, \"no_speech_prob\": 0.10816960781812668}, {\"id\": 31, \"seek\": 5588, \"start\": 59.720001220703125, \"end\": 61.720001220703125, \"text\": \" and have a good relationship.\", \"tokens\": [50556, 293, 362, 257, 665, 2480, 13, 50656], \"temperature\": 0.0, \"avg_logprob\": -0.29865455627441406, \"compression_ratio\": 1.7739938497543335, \"no_speech_prob\": 0.10816960781812668}, {\"id\": 32, \"seek\": 5588, \"start\": 61.720001220703125, \"end\": 63.400001525878906, \"text\": \" Do you think that men,\", \"tokens\": [50656, 1144, 291, 519, 300, 1706, 11, 50740], \"temperature\": 0.0, \"avg_logprob\": -0.29865455627441406, \"compression_ratio\": 1.7739938497543335, \"no_speech_prob\": 0.10816960781812668}, {\"id\": 33, \"seek\": 5588, \"start\": 63.400001525878906, \"end\": 64.95999908447266, \"text\": \" it's funny because we had Sterling Cooper on here\", \"tokens\": [50740, 309, 311, 4074, 570, 321, 632, 33539, 1688, 20355, 322, 510, 50818], \"temperature\": 0.0, \"avg_logprob\": -0.29865455627441406, \"compression_ratio\": 1.7739938497543335, \"no_speech_prob\": 0.10816960781812668}, {\"id\": 34, \"seek\": 5588, \"start\": 64.95999908447266, \"end\": 67.31999969482422, \"text\": \" and he said that, he said,\", \"tokens\": [50818, 293, 415, 848, 300, 11, 415, 848, 11, 50936], \"temperature\": 0.0, \"avg_logprob\": -0.29865455627441406, \"compression_ratio\": 1.7739938497543335, \"no_speech_prob\": 0.10816960781812668}, {\"id\": 35, \"seek\": 5588, \"start\": 67.31999969482422, \"end\": 68.27999877929688, \"text\": \" same thing with Orangutan.\", \"tokens\": [50936, 912, 551, 365, 1610, 656, 30624, 13, 50984], \"temperature\": 0.0, \"avg_logprob\": -0.29865455627441406, \"compression_ratio\": 1.7739938497543335, \"no_speech_prob\": 0.10816960781812668}, {\"id\": 36, \"seek\": 5588, \"start\": 68.27999877929688, \"end\": 69.19999694824219, \"text\": \" Have you ever shot with Orangutan?\", \"tokens\": [50984, 3560, 291, 1562, 3347, 365, 1610, 656, 30624, 30, 51030], \"temperature\": 0.0, \"avg_logprob\": -0.29865455627441406, \"compression_ratio\": 1.7739938497543335, \"no_speech_prob\": 0.10816960781812668}, {\"id\": 37, \"seek\": 5588, \"start\": 69.19999694824219, \"end\": 70.04000091552734, \"text\": \" Yeah.\", \"tokens\": [51030, 865, 13, 51072], \"temperature\": 0.0, \"avg_logprob\": -0.29865455627441406, \"compression_ratio\": 1.7739938497543335, \"no_speech_prob\": 0.10816960781812668}, {\"id\": 38, \"seek\": 5588, \"start\": 70.04000091552734, \"end\": 70.87999725341797, \"text\": \" Mike Tang.\", \"tokens\": [51072, 6602, 22063, 13, 51114], \"temperature\": 0.0, \"avg_logprob\": -0.29865455627441406, \"compression_ratio\": 1.7739938497543335, \"no_speech_prob\": 0.10816960781812668}, {\"id\": 39, \"seek\": 5588, \"start\": 70.87999725341797, \"end\": 71.69999694824219, \"text\": \" Mike Tang, they both said the same thing.\", \"tokens\": [51114, 6602, 22063, 11, 436, 1293, 848, 264, 912, 551, 13, 51155], \"temperature\": 0.0, \"avg_logprob\": -0.29865455627441406, \"compression_ratio\": 1.7739938497543335, \"no_speech_prob\": 0.10816960781812668}, {\"id\": 40, \"seek\": 5588, \"start\": 71.69999694824219, \"end\": 72.54000091552734, \"text\": \" He's cool.\", \"tokens\": [51155, 634, 311, 1627, 13, 51197], \"temperature\": 0.0, \"avg_logprob\": -0.29865455627441406, \"compression_ratio\": 1.7739938497543335, \"no_speech_prob\": 0.10816960781812668}, {\"id\": 41, \"seek\": 5588, \"start\": 72.54000091552734, \"end\": 74.08000183105469, \"text\": \" Yeah, Mike Tang said porn is not the problem,\", \"tokens\": [51197, 865, 11, 6602, 22063, 848, 19444, 307, 406, 264, 1154, 11, 51274], \"temperature\": 0.0, \"avg_logprob\": -0.29865455627441406, \"compression_ratio\": 1.7739938497543335, \"no_speech_prob\": 0.10816960781812668}, {\"id\": 42, \"seek\": 5588, \"start\": 74.08000183105469, \"end\": 75.12000274658203, \"text\": \" it's the dosage.\", \"tokens\": [51274, 309, 311, 264, 4491, 609, 13, 51326], \"temperature\": 0.0, \"avg_logprob\": -0.29865455627441406, \"compression_ratio\": 1.7739938497543335, \"no_speech_prob\": 0.10816960781812668}, {\"id\": 43, \"seek\": 5588, \"start\": 75.12000274658203, \"end\": 77.04000091552734, \"text\": \" It's like there are men right now\", \"tokens\": [51326, 467, 311, 411, 456, 366, 1706, 558, 586, 51422], \"temperature\": 0.0, \"avg_logprob\": -0.29865455627441406, \"compression_ratio\": 1.7739938497543335, \"no_speech_prob\": 0.10816960781812668}, {\"id\": 44, \"seek\": 5588, \"start\": 77.04000091552734, \"end\": 79.63999938964844, \"text\": \" who are getting to debilitating levels of pornography.\", \"tokens\": [51422, 567, 366, 1242, 281, 3001, 388, 16350, 4358, 295, 49936, 13, 51552], \"temperature\": 0.0, \"avg_logprob\": -0.29865455627441406, \"compression_ratio\": 1.7739938497543335, \"no_speech_prob\": 0.10816960781812668}, {\"id\": 45, \"seek\": 5588, \"start\": 79.63999938964844, \"end\": 81.63999938964844, \"text\": \" Oh, like if you're asking me if it's saturated,\", \"tokens\": [51552, 876, 11, 411, 498, 291, 434, 3365, 385, 498, 309, 311, 25408, 11, 51652], \"temperature\": 0.0, \"avg_logprob\": -0.29865455627441406, \"compression_ratio\": 1.7739938497543335, \"no_speech_prob\": 0.10816960781812668}, {\"id\": 46, \"seek\": 5588, \"start\": 81.63999938964844, \"end\": 82.4800033569336, \"text\": \" that's what I'm asking.\", \"tokens\": [51652, 300, 311, 437, 286, 478, 3365, 13, 51694], \"temperature\": 0.0, \"avg_logprob\": -0.29865455627441406, \"compression_ratio\": 1.7739938497543335, \"no_speech_prob\": 0.10816960781812668}, {\"id\": 47, \"seek\": 5588, \"start\": 82.4800033569336, \"end\": 84.44000244140625, \"text\": \" Absolutely, like it's very saturated.\", \"tokens\": [51694, 7021, 11, 411, 309, 311, 588, 25408, 13, 51792], \"temperature\": 0.0, \"avg_logprob\": -0.29865455627441406, \"compression_ratio\": 1.7739938497543335, \"no_speech_prob\": 0.10816960781812668}, {\"id\": 48, \"seek\": 8444, \"start\": 84.44000244140625, \"end\": 86.4000015258789, \"text\": \" There's many sites there's,\", \"tokens\": [50364, 821, 311, 867, 7533, 456, 311, 11, 50462], \"temperature\": 0.0, \"avg_logprob\": -0.20887859165668488, \"compression_ratio\": 1.626086950302124, \"no_speech_prob\": 0.010326961055397987}, {\"id\": 49, \"seek\": 8444, \"start\": 86.4000015258789, \"end\": 90.76000213623047, \"text\": \" and also we're accumulating more media as time goes on\", \"tokens\": [50462, 293, 611, 321, 434, 12989, 12162, 544, 3021, 382, 565, 1709, 322, 50680], \"temperature\": 0.0, \"avg_logprob\": -0.20887859165668488, \"compression_ratio\": 1.626086950302124, \"no_speech_prob\": 0.010326961055397987}, {\"id\": 50, \"seek\": 8444, \"start\": 90.76000213623047, \"end\": 93.87999725341797, \"text\": \" because like the internet is still like fairly new.\", \"tokens\": [50680, 570, 411, 264, 4705, 307, 920, 411, 6457, 777, 13, 50836], \"temperature\": 0.0, \"avg_logprob\": -0.20887859165668488, \"compression_ratio\": 1.626086950302124, \"no_speech_prob\": 0.010326961055397987}, {\"id\": 51, \"seek\": 8444, \"start\": 93.87999725341797, \"end\": 96.72000122070312, \"text\": \" So like, yeah, like there's more and more content\", \"tokens\": [50836, 407, 411, 11, 1338, 11, 411, 456, 311, 544, 293, 544, 2701, 50978], \"temperature\": 0.0, \"avg_logprob\": -0.20887859165668488, \"compression_ratio\": 1.626086950302124, \"no_speech_prob\": 0.010326961055397987}, {\"id\": 52, \"seek\": 8444, \"start\": 96.72000122070312, \"end\": 101.12000274658203, \"text\": \" that's being uploaded to this massive thing.\", \"tokens\": [50978, 300, 311, 885, 17135, 281, 341, 5994, 551, 13, 51198], \"temperature\": 0.0, \"avg_logprob\": -0.20887859165668488, \"compression_ratio\": 1.626086950302124, \"no_speech_prob\": 0.010326961055397987}, {\"id\": 53, \"seek\": 8444, \"start\": 101.12000274658203, \"end\": 105.55999755859375, \"text\": \" But I guess, what do I think your initial question,\", \"tokens\": [51198, 583, 286, 2041, 11, 437, 360, 286, 519, 428, 5883, 1168, 11, 51420], \"temperature\": 0.0, \"avg_logprob\": -0.20887859165668488, \"compression_ratio\": 1.626086950302124, \"no_speech_prob\": 0.010326961055397987}, {\"id\": 54, \"seek\": 8444, \"start\": 105.55999755859375, \"end\": 110.4000015258789, \"text\": \" what do I think America's relationship with porn should be?\", \"tokens\": [51420, 437, 360, 286, 519, 3374, 311, 2480, 365, 19444, 820, 312, 30, 51662], \"temperature\": 0.0, \"avg_logprob\": -0.20887859165668488, \"compression_ratio\": 1.626086950302124, \"no_speech_prob\": 0.010326961055397987}, {\"id\": 55, \"seek\": 8444, \"start\": 110.4000015258789, \"end\": 114.0, \"text\": \" I think that it's a big business\", \"tokens\": [51662, 286, 519, 300, 309, 311, 257, 955, 1606, 51842], \"temperature\": 0.0, \"avg_logprob\": -0.20887859165668488, \"compression_ratio\": 1.626086950302124, \"no_speech_prob\": 0.010326961055397987}, {\"id\": 56, \"seek\": 11400, \"start\": 114.63999938964844, \"end\": 119.63999938964844, \"text\": \" and it does bring a lot of happiness into people's lives.\", \"tokens\": [50396, 293, 309, 775, 1565, 257, 688, 295, 8324, 666, 561, 311, 2909, 13, 50646], \"temperature\": 0.0, \"avg_logprob\": -0.28498998284339905, \"compression_ratio\": 1.4690722227096558, \"no_speech_prob\": 0.0005441557732410729}, {\"id\": 57, \"seek\": 11400, \"start\": 120.08000183105469, \"end\": 124.12000274658203, \"text\": \" And with anything, it's in moderation.\", \"tokens\": [50668, 400, 365, 1340, 11, 309, 311, 294, 49471, 13, 50870], \"temperature\": 0.0, \"avg_logprob\": -0.28498998284339905, \"compression_ratio\": 1.4690722227096558, \"no_speech_prob\": 0.0005441557732410729}, {\"id\": 58, \"seek\": 11400, \"start\": 124.12000274658203, \"end\": 124.95999908447266, \"text\": \" Okay.\", \"tokens\": [50870, 1033, 13, 50912], \"temperature\": 0.0, \"avg_logprob\": -0.28498998284339905, \"compression_ratio\": 1.4690722227096558, \"no_speech_prob\": 0.0005441557732410729}, {\"id\": 59, \"seek\": 11400, \"start\": 124.95999908447266, \"end\": 129.9600067138672, \"text\": \" So I think that people should really kind of\", \"tokens\": [50912, 407, 286, 519, 300, 561, 820, 534, 733, 295, 51162], \"temperature\": 0.0, \"avg_logprob\": -0.28498998284339905, \"compression_ratio\": 1.4690722227096558, \"no_speech_prob\": 0.0005441557732410729}, {\"id\": 60, \"seek\": 11400, \"start\": 130.72000122070312, \"end\": 135.72000122070312, \"text\": \" think more about balance and, you know, okay, porn, yes.\", \"tokens\": [51200, 519, 544, 466, 4772, 293, 11, 291, 458, 11, 1392, 11, 19444, 11, 2086, 13, 51450], \"temperature\": 0.0, \"avg_logprob\": -0.28498998284339905, \"compression_ratio\": 1.4690722227096558, \"no_speech_prob\": 0.0005441557732410729}, {\"id\": 61, \"seek\": 11400, \"start\": 137.24000549316406, \"end\": 140.67999267578125, \"text\": \" Porn can actually be used for a lot of things\", \"tokens\": [51526, 430, 1865, 393, 767, 312, 1143, 337, 257, 688, 295, 721, 51698], \"temperature\": 0.0, \"avg_logprob\": -0.28498998284339905, \"compression_ratio\": 1.4690722227096558, \"no_speech_prob\": 0.0005441557732410729}, {\"id\": 62, \"seek\": 11400, \"start\": 140.67999267578125, \"end\": 143.24000549316406, \"text\": \" and even for like married couples.\", \"tokens\": [51698, 293, 754, 337, 411, 5259, 20368, 13, 51826], \"temperature\": 0.0, \"avg_logprob\": -0.28498998284339905, \"compression_ratio\": 1.4690722227096558, \"no_speech_prob\": 0.0005441557732410729}, {\"id\": 63, \"seek\": 14324, \"start\": 143.27999877929688, \"end\": 147.67999267578125, \"text\": \" So a lot of married couples throughout America watch porn.\", \"tokens\": [50366, 407, 257, 688, 295, 5259, 20368, 3710, 3374, 1159, 19444, 13, 50586], \"temperature\": 0.0, \"avg_logprob\": -0.2533346712589264, \"compression_ratio\": 1.5104166269302368, \"no_speech_prob\": 1.2605480151250958e-05}, {\"id\": 64, \"seek\": 14324, \"start\": 147.67999267578125, \"end\": 150.83999633789062, \"text\": \" And well, I would get countless messages\", \"tokens\": [50586, 400, 731, 11, 286, 576, 483, 19223, 7897, 50744], \"temperature\": 0.0, \"avg_logprob\": -0.2533346712589264, \"compression_ratio\": 1.5104166269302368, \"no_speech_prob\": 1.2605480151250958e-05}, {\"id\": 65, \"seek\": 14324, \"start\": 150.83999633789062, \"end\": 152.9600067138672, \"text\": \" from people saying, thank you.\", \"tokens\": [50744, 490, 561, 1566, 11, 1309, 291, 13, 50850], \"temperature\": 0.0, \"avg_logprob\": -0.2533346712589264, \"compression_ratio\": 1.5104166269302368, \"no_speech_prob\": 1.2605480151250958e-05}, {\"id\": 66, \"seek\": 14324, \"start\": 152.9600067138672, \"end\": 155.39999389648438, \"text\": \" You helped us stay together.\", \"tokens\": [50850, 509, 4254, 505, 1754, 1214, 13, 50972], \"temperature\": 0.0, \"avg_logprob\": -0.2533346712589264, \"compression_ratio\": 1.5104166269302368, \"no_speech_prob\": 1.2605480151250958e-05}, {\"id\": 67, \"seek\": 14324, \"start\": 155.39999389648438, \"end\": 160.39999389648438, \"text\": \" So, I mean, it is a good thing.\", \"tokens\": [50972, 407, 11, 286, 914, 11, 309, 307, 257, 665, 551, 13, 51222], \"temperature\": 0.0, \"avg_logprob\": -0.2533346712589264, \"compression_ratio\": 1.5104166269302368, \"no_speech_prob\": 1.2605480151250958e-05}, {\"id\": 68, \"seek\": 14324, \"start\": 161.27999877929688, \"end\": 163.72000122070312, \"text\": \" So, I mean, it's a great thing.\", \"tokens\": [51266, 407, 11, 286, 914, 11, 309, 311, 257, 869, 551, 13, 51388], \"temperature\": 0.0, \"avg_logprob\": -0.2533346712589264, \"compression_ratio\": 1.5104166269302368, \"no_speech_prob\": 1.2605480151250958e-05}, {\"id\": 69, \"seek\": 14324, \"start\": 165.24000549316406, \"end\": 167.27999877929688, \"text\": \" But you know, on the flip side,\", \"tokens\": [51464, 583, 291, 458, 11, 322, 264, 7929, 1252, 11, 51566], \"temperature\": 0.0, \"avg_logprob\": -0.2533346712589264, \"compression_ratio\": 1.5104166269302368, \"no_speech_prob\": 1.2605480151250958e-05}, {\"id\": 70, \"seek\": 14324, \"start\": 168.1999969482422, \"end\": 170.0399932861328, \"text\": \" it's amazing that this art exists.\", \"tokens\": [51612, 309, 311, 2243, 300, 341, 1523, 8198, 13, 51704], \"temperature\": 0.0, \"avg_logprob\": -0.2533346712589264, \"compression_ratio\": 1.5104166269302368, \"no_speech_prob\": 1.2605480151250958e-05}, {\"id\": 71, \"seek\": 17004, \"start\": 170.0399932861328, \"end\": 172.63999938964844, \"text\": \" It's amazing that people even,\", \"tokens\": [50364, 467, 311, 2243, 300, 561, 754, 11, 50494], \"temperature\": 0.0, \"avg_logprob\": -0.18635913729667664, \"compression_ratio\": 1.8385649919509888, \"no_speech_prob\": 0.0012254650937393308}, {\"id\": 72, \"seek\": 17004, \"start\": 172.63999938964844, \"end\": 175.52000427246094, \"text\": \" that we get to do something like this,\", \"tokens\": [50494, 300, 321, 483, 281, 360, 746, 411, 341, 11, 50638], \"temperature\": 0.0, \"avg_logprob\": -0.18635913729667664, \"compression_ratio\": 1.8385649919509888, \"no_speech_prob\": 0.0012254650937393308}, {\"id\": 73, \"seek\": 17004, \"start\": 175.52000427246094, \"end\": 179.36000061035156, \"text\": \" which is like, it's so like creative and cool.\", \"tokens\": [50638, 597, 307, 411, 11, 309, 311, 370, 411, 5880, 293, 1627, 13, 50830], \"temperature\": 0.0, \"avg_logprob\": -0.18635913729667664, \"compression_ratio\": 1.8385649919509888, \"no_speech_prob\": 0.0012254650937393308}, {\"id\": 74, \"seek\": 17004, \"start\": 179.36000061035156, \"end\": 181.32000732421875, \"text\": \" And I look at it the same as if you were doing\", \"tokens\": [50830, 400, 286, 574, 412, 309, 264, 912, 382, 498, 291, 645, 884, 50928], \"temperature\": 0.0, \"avg_logprob\": -0.18635913729667664, \"compression_ratio\": 1.8385649919509888, \"no_speech_prob\": 0.0012254650937393308}, {\"id\": 75, \"seek\": 17004, \"start\": 181.32000732421875, \"end\": 183.0, \"text\": \" like a regular photo shoot,\", \"tokens\": [50928, 411, 257, 3890, 5052, 3076, 11, 51012], \"temperature\": 0.0, \"avg_logprob\": -0.18635913729667664, \"compression_ratio\": 1.8385649919509888, \"no_speech_prob\": 0.0012254650937393308}, {\"id\": 76, \"seek\": 17004, \"start\": 183.0, \"end\": 185.52000427246094, \"text\": \" or if you were doing a runway show.\", \"tokens\": [51012, 420, 498, 291, 645, 884, 257, 26642, 855, 13, 51138], \"temperature\": 0.0, \"avg_logprob\": -0.18635913729667664, \"compression_ratio\": 1.8385649919509888, \"no_speech_prob\": 0.0012254650937393308}, {\"id\": 77, \"seek\": 17004, \"start\": 185.52000427246094, \"end\": 189.60000610351562, \"text\": \" It has the same artistic elements as that.\", \"tokens\": [51138, 467, 575, 264, 912, 17090, 4959, 382, 300, 13, 51342], \"temperature\": 0.0, \"avg_logprob\": -0.18635913729667664, \"compression_ratio\": 1.8385649919509888, \"no_speech_prob\": 0.0012254650937393308}, {\"id\": 78, \"seek\": 17004, \"start\": 189.60000610351562, \"end\": 193.8800048828125, \"text\": \" So I think it's cool that we're able\", \"tokens\": [51342, 407, 286, 519, 309, 311, 1627, 300, 321, 434, 1075, 51556], \"temperature\": 0.0, \"avg_logprob\": -0.18635913729667664, \"compression_ratio\": 1.8385649919509888, \"no_speech_prob\": 0.0012254650937393308}, {\"id\": 79, \"seek\": 17004, \"start\": 193.8800048828125, \"end\": 195.36000061035156, \"text\": \" to even have something like that.\", \"tokens\": [51556, 281, 754, 362, 746, 411, 300, 13, 51630], \"temperature\": 0.0, \"avg_logprob\": -0.18635913729667664, \"compression_ratio\": 1.8385649919509888, \"no_speech_prob\": 0.0012254650937393308}, {\"id\": 80, \"seek\": 17004, \"start\": 195.36000061035156, \"end\": 196.9600067138672, \"text\": \" And I appreciate it the same way\", \"tokens\": [51630, 400, 286, 4449, 309, 264, 912, 636, 51710], \"temperature\": 0.0, \"avg_logprob\": -0.18635913729667664, \"compression_ratio\": 1.8385649919509888, \"no_speech_prob\": 0.0012254650937393308}, {\"id\": 81, \"seek\": 17004, \"start\": 196.9600067138672, \"end\": 199.1199951171875, \"text\": \" as if you were to appreciate music.\", \"tokens\": [51710, 382, 498, 291, 645, 281, 4449, 1318, 13, 51818], \"temperature\": 0.0, \"avg_logprob\": -0.18635913729667664, \"compression_ratio\": 1.8385649919509888, \"no_speech_prob\": 0.0012254650937393308}, {\"id\": 82, \"seek\": 19912, \"start\": 199.1199951171875, \"end\": 201.63999938964844, \"text\": \" It's a gift just like anything else.\", \"tokens\": [50364, 467, 311, 257, 5306, 445, 411, 1340, 1646, 13, 50490], \"temperature\": 0.0, \"avg_logprob\": -0.2607913017272949, \"compression_ratio\": 1.6019901037216187, \"no_speech_prob\": 0.0016127937706187367}, {\"id\": 83, \"seek\": 19912, \"start\": 201.63999938964844, \"end\": 206.63999938964844, \"text\": \" But it can also, if you have negative\", \"tokens\": [50490, 583, 309, 393, 611, 11, 498, 291, 362, 3671, 50740], \"temperature\": 0.0, \"avg_logprob\": -0.2607913017272949, \"compression_ratio\": 1.6019901037216187, \"no_speech_prob\": 0.0016127937706187367}, {\"id\": 84, \"seek\": 19912, \"start\": 206.83999633789062, \"end\": 209.8000030517578, \"text\": \" or evil intentions for it,\", \"tokens\": [50750, 420, 6724, 19354, 337, 309, 11, 50898], \"temperature\": 0.0, \"avg_logprob\": -0.2607913017272949, \"compression_ratio\": 1.6019901037216187, \"no_speech_prob\": 0.0016127937706187367}, {\"id\": 85, \"seek\": 19912, \"start\": 209.8000030517578, \"end\": 213.39999389648438, \"text\": \" then absolutely like it could come out like that.\", \"tokens\": [50898, 550, 3122, 411, 309, 727, 808, 484, 411, 300, 13, 51078], \"temperature\": 0.0, \"avg_logprob\": -0.2607913017272949, \"compression_ratio\": 1.6019901037216187, \"no_speech_prob\": 0.0016127937706187367}, {\"id\": 86, \"seek\": 19912, \"start\": 213.39999389648438, \"end\": 216.75999450683594, \"text\": \" Like what's going on with like, you know,\", \"tokens\": [51078, 1743, 437, 311, 516, 322, 365, 411, 11, 291, 458, 11, 51246], \"temperature\": 0.0, \"avg_logprob\": -0.2607913017272949, \"compression_ratio\": 1.6019901037216187, \"no_speech_prob\": 0.0016127937706187367}, {\"id\": 87, \"seek\": 19912, \"start\": 216.75999450683594, \"end\": 220.72000122070312, \"text\": \" the sex trafficking, things like that.\", \"tokens\": [51246, 264, 3260, 25843, 11, 721, 411, 300, 13, 51444], \"temperature\": 0.0, \"avg_logprob\": -0.2607913017272949, \"compression_ratio\": 1.6019901037216187, \"no_speech_prob\": 0.0016127937706187367}, {\"id\": 88, \"seek\": 19912, \"start\": 220.72000122070312, \"end\": 224.0800018310547, \"text\": \" That is obviously like something\", \"tokens\": [51444, 663, 307, 2745, 411, 746, 51612], \"temperature\": 0.0, \"avg_logprob\": -0.2607913017272949, \"compression_ratio\": 1.6019901037216187, \"no_speech_prob\": 0.0016127937706187367}, {\"id\": 89, \"seek\": 19912, \"start\": 224.0800018310547, \"end\": 229.0800018310547, \"text\": \" that needs more attention, needs help, needs addressing.\", \"tokens\": [51612, 300, 2203, 544, 3202, 11, 2203, 854, 11, 2203, 14329, 13, 51862], \"temperature\": 0.0, \"avg_logprob\": -0.2607913017272949, \"compression_ratio\": 1.6019901037216187, \"no_speech_prob\": 0.0016127937706187367}, {\"id\": 90, \"seek\": 22912, \"start\": 229.9199981689453, \"end\": 234.9199981689453, \"text\": \" But yeah, there's good and bad to everything,\", \"tokens\": [50404, 583, 1338, 11, 456, 311, 665, 293, 1578, 281, 1203, 11, 50654], \"temperature\": 0.0, \"avg_logprob\": -0.2107788622379303, \"compression_ratio\": 1.6707818508148193, \"no_speech_prob\": 5.827847053296864e-05}, {\"id\": 91, \"seek\": 22912, \"start\": 235.72000122070312, \"end\": 238.36000061035156, \"text\": \" and everything needs moderation.\", \"tokens\": [50694, 293, 1203, 2203, 49471, 13, 50826], \"temperature\": 0.0, \"avg_logprob\": -0.2107788622379303, \"compression_ratio\": 1.6707818508148193, \"no_speech_prob\": 5.827847053296864e-05}, {\"id\": 92, \"seek\": 22912, \"start\": 238.36000061035156, \"end\": 239.39999389648438, \"text\": \" And you know this.\", \"tokens\": [50826, 400, 291, 458, 341, 13, 50878], \"temperature\": 0.0, \"avg_logprob\": -0.2107788622379303, \"compression_ratio\": 1.6707818508148193, \"no_speech_prob\": 5.827847053296864e-05}, {\"id\": 93, \"seek\": 22912, \"start\": 239.39999389648438, \"end\": 241.72000122070312, \"text\": \" You know this because you have a schedule,\", \"tokens\": [50878, 509, 458, 341, 570, 291, 362, 257, 7567, 11, 50994], \"temperature\": 0.0, \"avg_logprob\": -0.2107788622379303, \"compression_ratio\": 1.6707818508148193, \"no_speech_prob\": 5.827847053296864e-05}, {\"id\": 94, \"seek\": 22912, \"start\": 241.72000122070312, \"end\": 243.0399932861328, \"text\": \" you wake up in the morning,\", \"tokens\": [50994, 291, 6634, 493, 294, 264, 2446, 11, 51060], \"temperature\": 0.0, \"avg_logprob\": -0.2107788622379303, \"compression_ratio\": 1.6707818508148193, \"no_speech_prob\": 5.827847053296864e-05}, {\"id\": 95, \"seek\": 22912, \"start\": 243.0399932861328, \"end\": 245.72000122070312, \"text\": \" you go out throughout your day,\", \"tokens\": [51060, 291, 352, 484, 3710, 428, 786, 11, 51194], \"temperature\": 0.0, \"avg_logprob\": -0.2107788622379303, \"compression_ratio\": 1.6707818508148193, \"no_speech_prob\": 5.827847053296864e-05}, {\"id\": 96, \"seek\": 22912, \"start\": 245.72000122070312, \"end\": 247.1999969482422, \"text\": \" you accomplish different things,\", \"tokens\": [51194, 291, 9021, 819, 721, 11, 51268], \"temperature\": 0.0, \"avg_logprob\": -0.2107788622379303, \"compression_ratio\": 1.6707818508148193, \"no_speech_prob\": 5.827847053296864e-05}, {\"id\": 97, \"seek\": 22912, \"start\": 247.1999969482422, \"end\": 249.0399932861328, \"text\": \" you talk to many people,\", \"tokens\": [51268, 291, 751, 281, 867, 561, 11, 51360], \"temperature\": 0.0, \"avg_logprob\": -0.2107788622379303, \"compression_ratio\": 1.6707818508148193, \"no_speech_prob\": 5.827847053296864e-05}, {\"id\": 98, \"seek\": 22912, \"start\": 249.0399932861328, \"end\": 252.47999572753906, \"text\": \" you get on group chats at probably all hours of the day.\", \"tokens\": [51360, 291, 483, 322, 1594, 38057, 412, 1391, 439, 2496, 295, 264, 786, 13, 51532], \"temperature\": 0.0, \"avg_logprob\": -0.2107788622379303, \"compression_ratio\": 1.6707818508148193, \"no_speech_prob\": 5.827847053296864e-05}, {\"id\": 99, \"seek\": 22912, \"start\": 252.47999572753906, \"end\": 253.32000732421875, \"text\": \" You know what I mean?\", \"tokens\": [51532, 509, 458, 437, 286, 914, 30, 51574], \"temperature\": 0.0, \"avg_logprob\": -0.2107788622379303, \"compression_ratio\": 1.6707818508148193, \"no_speech_prob\": 5.827847053296864e-05}, {\"id\": 100, \"seek\": 22912, \"start\": 253.32000732421875, \"end\": 255.8000030517578, \"text\": \" So you live a balanced life.\", \"tokens\": [51574, 407, 291, 1621, 257, 13902, 993, 13, 51698], \"temperature\": 0.0, \"avg_logprob\": -0.2107788622379303, \"compression_ratio\": 1.6707818508148193, \"no_speech_prob\": 5.827847053296864e-05}, {\"id\": 101, \"seek\": 22912, \"start\": 255.8000030517578, \"end\": 257.239990234375, \"text\": \" You have the time with your girlfriend,\", \"tokens\": [51698, 509, 362, 264, 565, 365, 428, 10369, 11, 51770], \"temperature\": 0.0, \"avg_logprob\": -0.2107788622379303, \"compression_ratio\": 1.6707818508148193, \"no_speech_prob\": 5.827847053296864e-05}, {\"id\": 102, \"seek\": 25724, \"start\": 257.239990234375, \"end\": 259.6000061035156, \"text\": \" you have your time at your gym, right?\", \"tokens\": [50364, 291, 362, 428, 565, 412, 428, 9222, 11, 558, 30, 50482], \"temperature\": 0.0, \"avg_logprob\": -0.2590002119541168, \"compression_ratio\": 1.7469388246536255, \"no_speech_prob\": 0.0003100522153545171}, {\"id\": 103, \"seek\": 25724, \"start\": 259.6000061035156, \"end\": 260.9200134277344, \"text\": \" Time at the podcast.\", \"tokens\": [50482, 6161, 412, 264, 7367, 13, 50548], \"temperature\": 0.0, \"avg_logprob\": -0.2590002119541168, \"compression_ratio\": 1.7469388246536255, \"no_speech_prob\": 0.0003100522153545171}, {\"id\": 104, \"seek\": 25724, \"start\": 261.9200134277344, \"end\": 264.4800109863281, \"text\": \" And you know, I think more people need\", \"tokens\": [50598, 400, 291, 458, 11, 286, 519, 544, 561, 643, 50726], \"temperature\": 0.0, \"avg_logprob\": -0.2590002119541168, \"compression_ratio\": 1.7469388246536255, \"no_speech_prob\": 0.0003100522153545171}, {\"id\": 105, \"seek\": 25724, \"start\": 264.4800109863281, \"end\": 267.5199890136719, \"text\": \" to just take heed of that.\", \"tokens\": [50726, 281, 445, 747, 49781, 295, 300, 13, 50878], \"temperature\": 0.0, \"avg_logprob\": -0.2590002119541168, \"compression_ratio\": 1.7469388246536255, \"no_speech_prob\": 0.0003100522153545171}, {\"id\": 106, \"seek\": 25724, \"start\": 267.5199890136719, \"end\": 269.5199890136719, \"text\": \" It doesn't even matter if you don't have a job right now,\", \"tokens\": [50878, 467, 1177, 380, 754, 1871, 498, 291, 500, 380, 362, 257, 1691, 558, 586, 11, 50978], \"temperature\": 0.0, \"avg_logprob\": -0.2590002119541168, \"compression_ratio\": 1.7469388246536255, \"no_speech_prob\": 0.0003100522153545171}, {\"id\": 107, \"seek\": 25724, \"start\": 269.5199890136719, \"end\": 271.20001220703125, \"text\": \" don't get completely down on yourself\", \"tokens\": [50978, 500, 380, 483, 2584, 760, 322, 1803, 51062], \"temperature\": 0.0, \"avg_logprob\": -0.2590002119541168, \"compression_ratio\": 1.7469388246536255, \"no_speech_prob\": 0.0003100522153545171}, {\"id\": 108, \"seek\": 25724, \"start\": 271.20001220703125, \"end\": 273.79998779296875, \"text\": \" because you got to pick yourself back up,\", \"tokens\": [51062, 570, 291, 658, 281, 1888, 1803, 646, 493, 11, 51192], \"temperature\": 0.0, \"avg_logprob\": -0.2590002119541168, \"compression_ratio\": 1.7469388246536255, \"no_speech_prob\": 0.0003100522153545171}, {\"id\": 109, \"seek\": 25724, \"start\": 273.79998779296875, \"end\": 276.55999755859375, \"text\": \" dust yourself off, start over again.\", \"tokens\": [51192, 8634, 1803, 766, 11, 722, 670, 797, 13, 51330], \"temperature\": 0.0, \"avg_logprob\": -0.2590002119541168, \"compression_ratio\": 1.7469388246536255, \"no_speech_prob\": 0.0003100522153545171}, {\"id\": 110, \"seek\": 25724, \"start\": 276.55999755859375, \"end\": 278.3599853515625, \"text\": \" And every time you get knocked down,\", \"tokens\": [51330, 400, 633, 565, 291, 483, 16914, 760, 11, 51420], \"temperature\": 0.0, \"avg_logprob\": -0.2590002119541168, \"compression_ratio\": 1.7469388246536255, \"no_speech_prob\": 0.0003100522153545171}, {\"id\": 111, \"seek\": 25724, \"start\": 278.3599853515625, \"end\": 281.3999938964844, \"text\": \" just keep going, just keep getting up, you know,\", \"tokens\": [51420, 445, 1066, 516, 11, 445, 1066, 1242, 493, 11, 291, 458, 11, 51572], \"temperature\": 0.0, \"avg_logprob\": -0.2590002119541168, \"compression_ratio\": 1.7469388246536255, \"no_speech_prob\": 0.0003100522153545171}, {\"id\": 112, \"seek\": 25724, \"start\": 281.3999938964844, \"end\": 284.4800109863281, \"text\": \" and eventually you're going to get there.\", \"tokens\": [51572, 293, 4728, 291, 434, 516, 281, 483, 456, 13, 51726], \"temperature\": 0.0, \"avg_logprob\": -0.2590002119541168, \"compression_ratio\": 1.7469388246536255, \"no_speech_prob\": 0.0003100522153545171}]}"}