{"title": "Married Couples on OF is The New Trend", "video_id": "ncngWlFM1hQ", "video_url": "https://www.youtube.com/watch?v=ncngWlFM1hQ", "description": "Ready to build a network of amazing women and high-status men?\n\nMichael\u2019s Men of Action is a one-on-one Master\u2019s program that teaches men how to create elite social lives by becoming higher status.\n\nClick this link to learn how you can have a High-Status lifestyle now:\nhttps://m.moamentoring.com/podcast\n\nClick here to join the Men of Action community and watch the High-Status Networking 101 course:\nhttps://m.moamentoring.com/moa-community\n\u2014\u2014\u2014\u2014\u2014\u2014\u2014\u2014\u2014\u2014\u2014\u2014\u2014\u2014\u2014\u2014\u2014\u2014\u2014\u2014\n\nSubscribe on Youtube: \nhttps://www.youtube.com/user/MichaelSartain\n\nListen on Apple Podcast: \nhttps://podcasts.apple.com/us/podcast/the-michael-sartain-podcast/id1579791157\n\nListen on Spotify: \nhttps://open.spotify.com/show/2faAYwvDD9Bvkpwv6umlPO?si=8Q3ak9HnSlKjuChsTXr6YQ&dl_branch=1", "published_at": "2023-05-31T13:15:03Z", "channel_id": "UC0T1bDzajVefRWx4uKdGyuw", "channel_title": "Michael Sartain", "tags": [], "category_id": "24", "live_broadcast_content": "none", "duration": 17.0, "dimension": "2d", "definition": "hd", "caption": "false", "view_count": 5676, "like_count": 95, "comment_count": 5, "channel_info": {"title": "Michael Sartain", "description": "\ud83c\udf99Host of The\u00a0Michael Sartain Podcast \n\n\ud83d\udd25Teaching you how to build a network of desirable women and high-status men\n\n\ud83d\udc47 Click the \"Men of Action\" link below now to forge a high-status lifestyle and join the elites \n", "subscriber_count": "80500", "total_views": "29545897", "total_videos": "1481"}, "comments": [], "file_path": "/Users/aelaguiz/workspace/fc_book/audio/raws/ncngWlFM1hQ.mp3", "transcription": "{\"text\": \"This is when I have a horrible problem with people who are in a monogamous marriage, having consensual sex with each other on OnlyFans and filming it, putting it up there, making hundreds of thousands a month, and you have a problem with it. Are they? Yeah. I know several. I know probably nine couples. The bomb squad right now.  \", \"segments\": [{\"id\": 0, \"seek\": 0, \"start\": 0.0, \"end\": 4.539999961853027, \"text\": \" This is when I have a horrible problem with people who are in a monogamous marriage, having\", \"tokens\": [50364, 639, 307, 562, 286, 362, 257, 9263, 1154, 365, 561, 567, 366, 294, 257, 1108, 664, 22314, 7194, 11, 1419, 50591], \"temperature\": 0.0, \"avg_logprob\": -0.2721904516220093, \"compression_ratio\": 1.5847457647323608, \"no_speech_prob\": 0.024009307846426964}, {\"id\": 1, \"seek\": 0, \"start\": 4.539999961853027, \"end\": 8.279999732971191, \"text\": \" consensual sex with each other on OnlyFans and filming it, putting it up there, making\", \"tokens\": [50591, 1014, 694, 901, 3260, 365, 1184, 661, 322, 5686, 37, 599, 293, 8869, 309, 11, 3372, 309, 493, 456, 11, 1455, 50778], \"temperature\": 0.0, \"avg_logprob\": -0.2721904516220093, \"compression_ratio\": 1.5847457647323608, \"no_speech_prob\": 0.024009307846426964}, {\"id\": 2, \"seek\": 0, \"start\": 8.279999732971191, \"end\": 10.640000343322754, \"text\": \" hundreds of thousands a month, and you have a problem with it.\", \"tokens\": [50778, 6779, 295, 5383, 257, 1618, 11, 293, 291, 362, 257, 1154, 365, 309, 13, 50896], \"temperature\": 0.0, \"avg_logprob\": -0.2721904516220093, \"compression_ratio\": 1.5847457647323608, \"no_speech_prob\": 0.024009307846426964}, {\"id\": 3, \"seek\": 0, \"start\": 10.640000343322754, \"end\": 11.640000343322754, \"text\": \" Are they?\", \"tokens\": [50896, 2014, 436, 30, 50946], \"temperature\": 0.0, \"avg_logprob\": -0.2721904516220093, \"compression_ratio\": 1.5847457647323608, \"no_speech_prob\": 0.024009307846426964}, {\"id\": 4, \"seek\": 0, \"start\": 11.640000343322754, \"end\": 12.640000343322754, \"text\": \" Yeah.\", \"tokens\": [50946, 865, 13, 50996], \"temperature\": 0.0, \"avg_logprob\": -0.2721904516220093, \"compression_ratio\": 1.5847457647323608, \"no_speech_prob\": 0.024009307846426964}, {\"id\": 5, \"seek\": 0, \"start\": 12.640000343322754, \"end\": 13.640000343322754, \"text\": \" I know several.\", \"tokens\": [50996, 286, 458, 2940, 13, 51046], \"temperature\": 0.0, \"avg_logprob\": -0.2721904516220093, \"compression_ratio\": 1.5847457647323608, \"no_speech_prob\": 0.024009307846426964}, {\"id\": 6, \"seek\": 0, \"start\": 13.640000343322754, \"end\": 14.640000343322754, \"text\": \" I know probably nine couples.\", \"tokens\": [51046, 286, 458, 1391, 4949, 20368, 13, 51096], \"temperature\": 0.0, \"avg_logprob\": -0.2721904516220093, \"compression_ratio\": 1.5847457647323608, \"no_speech_prob\": 0.024009307846426964}, {\"id\": 7, \"seek\": 0, \"start\": 14.640000343322754, \"end\": 15.640000343322754, \"text\": \" The bomb squad right now.\", \"tokens\": [51096, 440, 7851, 15310, 558, 586, 13, 51146], \"temperature\": 0.0, \"avg_logprob\": -0.2721904516220093, \"compression_ratio\": 1.5847457647323608, \"no_speech_prob\": 0.024009307846426964}, {\"id\": 8, \"seek\": 0, \"start\": 15.640000343322754, \"end\": 15.640000343322754, \"text\": \"\", \"tokens\": [], \"temperature\": 0.0, \"avg_logprob\": -0.2721904516220093, \"compression_ratio\": 1.5847457647323608, \"no_speech_prob\": 0.024009307846426964, \"words\": []}]}"}