{"title": "Why Is It Harder For Older Women To Date ?", "video_id": "nKs35K8_4GE", "video_url": "https://www.youtube.com/watch?v=nKs35K8_4GE", "description": "Ready to build a network of amazing women and high-status men?\n\nMichael\u2019s Men of Action is a one-on-one Master\u2019s program that teaches men how to create elite social lives by becoming higher status.\n\nClick this link to learn how you can have a High-Status lifestyle now:\nhttps://m.moamentoring.com/podcast\n\nClick here to join the Men of Action community and watch the High-Status Networking 101 course:\nhttps://m.moamentoring.com/moa-community\n\u2014\u2014\u2014\u2014\u2014\u2014\u2014\u2014\u2014\u2014\u2014\u2014\u2014\u2014\u2014\u2014\u2014\u2014\u2014\u2014\n\nSubscribe on Youtube: \nhttps://www.youtube.com/user/MichaelSartain\n\nListen on Apple Podcast: \nhttps://podcasts.apple.com/us/podcast/the-michael-sartain-podcast/id1579791157\n\nListen on Spotify: \nhttps://open.spotify.com/show/2faAYwvDD9Bvkpwv6umlPO?si=8Q3ak9HnSlKjuChsTXr6YQ&dl_branch=1\n\n#Michael #MichaelSartain #Michael_Sartain #Michael_Sartain_Podcast", "published_at": "2023-06-19T13:15:01Z", "channel_id": "UC0T1bDzajVefRWx4uKdGyuw", "channel_title": "Michael Sartain", "tags": ["Michael", "Michael Sartain", "Michael Sartain Podcast", "Michael Podcast", "MOA", "Men Of Action", "men of action", "Michael Sartain Course", "Michael Sartain With Hot Women", "Rollo", "Rollo Tommasi", "Playboy", "Swimsuit", "Swimsuit Competition"], "category_id": "24", "live_broadcast_content": "none", "duration": 40.0, "dimension": "2d", "definition": "hd", "caption": "false", "view_count": 632, "like_count": 33, "comment_count": 2, "channel_info": {"title": "Michael Sartain", "description": "\ud83c\udf99Host of The\u00a0Michael Sartain Podcast \n\n\ud83d\udd25Teaching you how to build a network of desirable women and high-status men\n\n\ud83d\udc47 Click the \"Men of Action\" link below now to forge a high-status lifestyle and join the elites \n", "subscriber_count": "80500", "total_views": "29545897", "total_videos": "1481"}, "comments": [], "file_path": "/Users/aelaguiz/workspace/fc_book/audio/raws/nKs35K8_4GE.mp3", "transcription": "{\"text\": \"You are also fully accepting of the fact that it may be harder for you to find a long-term partner. Oh, not maybe, it is. It is, yeah, it is. That's why I haven't been married. That's why I can't get married. I can't find someone to understand. You understand the trade-off if a woman is twenty-three and has no kids and decides I want to get married, it's going to be easier for her. Yeah. And then older... It's harder. Exactly. In your situation where you have two children, it's going to be harder and you travel all the time. Because I'm older, it's harder. Being an artist, it's harder having a serious relationship because I'm traveling all the time. But it's okay. It's fine. I've done the serious relationship, almost like being married, and at the end of the day, I'm still... \", \"segments\": [{\"id\": 0, \"seek\": 0, \"start\": 0.0, \"end\": 3.4000000953674316, \"text\": \" You are also fully accepting of the fact that it may be harder for you to find a\", \"tokens\": [50364, 509, 366, 611, 4498, 17391, 295, 264, 1186, 300, 309, 815, 312, 6081, 337, 291, 281, 915, 257, 50534], \"temperature\": 0.0, \"avg_logprob\": -0.34799593687057495, \"compression_ratio\": 1.8664772510528564, \"no_speech_prob\": 0.010816115885972977}, {\"id\": 1, \"seek\": 0, \"start\": 3.4000000953674316, \"end\": 5.760000228881836, \"text\": \" long-term partner. Oh, not maybe, it is.\", \"tokens\": [50534, 938, 12, 7039, 4975, 13, 876, 11, 406, 1310, 11, 309, 307, 13, 50652], \"temperature\": 0.0, \"avg_logprob\": -0.34799593687057495, \"compression_ratio\": 1.8664772510528564, \"no_speech_prob\": 0.010816115885972977}, {\"id\": 2, \"seek\": 0, \"start\": 5.760000228881836, \"end\": 9.279999732971191, \"text\": \" It is, yeah, it is. That's why I haven't been married. That's why I can't get married.\", \"tokens\": [50652, 467, 307, 11, 1338, 11, 309, 307, 13, 663, 311, 983, 286, 2378, 380, 668, 5259, 13, 663, 311, 983, 286, 393, 380, 483, 5259, 13, 50828], \"temperature\": 0.0, \"avg_logprob\": -0.34799593687057495, \"compression_ratio\": 1.8664772510528564, \"no_speech_prob\": 0.010816115885972977}, {\"id\": 3, \"seek\": 0, \"start\": 9.279999732971191, \"end\": 13.079999923706055, \"text\": \" I can't find someone to understand. You understand the trade-off if a woman is twenty-three and has no\", \"tokens\": [50828, 286, 393, 380, 915, 1580, 281, 1223, 13, 509, 1223, 264, 4923, 12, 4506, 498, 257, 3059, 307, 7699, 12, 27583, 293, 575, 572, 51018], \"temperature\": 0.0, \"avg_logprob\": -0.34799593687057495, \"compression_ratio\": 1.8664772510528564, \"no_speech_prob\": 0.010816115885972977}, {\"id\": 4, \"seek\": 0, \"start\": 13.079999923706055, \"end\": 15.84000015258789, \"text\": \" kids and decides I want to get married, it's going to be easier for her. Yeah.\", \"tokens\": [51018, 2301, 293, 14898, 286, 528, 281, 483, 5259, 11, 309, 311, 516, 281, 312, 3571, 337, 720, 13, 865, 13, 51156], \"temperature\": 0.0, \"avg_logprob\": -0.34799593687057495, \"compression_ratio\": 1.8664772510528564, \"no_speech_prob\": 0.010816115885972977}, {\"id\": 5, \"seek\": 0, \"start\": 15.84000015258789, \"end\": 19.0, \"text\": \" And then older... It's harder. Exactly. In your situation\", \"tokens\": [51156, 400, 550, 4906, 485, 467, 311, 6081, 13, 7587, 13, 682, 428, 2590, 51314], \"temperature\": 0.0, \"avg_logprob\": -0.34799593687057495, \"compression_ratio\": 1.8664772510528564, \"no_speech_prob\": 0.010816115885972977}, {\"id\": 6, \"seek\": 0, \"start\": 19.0, \"end\": 22.280000686645508, \"text\": \" where you have two children, it's going to be harder and you travel all the time. Because I'm older,\", \"tokens\": [51314, 689, 291, 362, 732, 2227, 11, 309, 311, 516, 281, 312, 6081, 293, 291, 3147, 439, 264, 565, 13, 1436, 286, 478, 4906, 11, 51478], \"temperature\": 0.0, \"avg_logprob\": -0.34799593687057495, \"compression_ratio\": 1.8664772510528564, \"no_speech_prob\": 0.010816115885972977}, {\"id\": 7, \"seek\": 0, \"start\": 22.280000686645508, \"end\": 26.799999237060547, \"text\": \" it's harder. Being an artist, it's harder having a serious relationship because I'm\", \"tokens\": [51478, 309, 311, 6081, 13, 8891, 364, 5748, 11, 309, 311, 6081, 1419, 257, 3156, 2480, 570, 286, 478, 51704], \"temperature\": 0.0, \"avg_logprob\": -0.34799593687057495, \"compression_ratio\": 1.8664772510528564, \"no_speech_prob\": 0.010816115885972977}, {\"id\": 8, \"seek\": 0, \"start\": 26.799999237060547, \"end\": 28.15999984741211, \"text\": \" traveling all the time.\", \"tokens\": [51704, 9712, 439, 264, 565, 13, 51772], \"temperature\": 0.0, \"avg_logprob\": -0.34799593687057495, \"compression_ratio\": 1.8664772510528564, \"no_speech_prob\": 0.010816115885972977}, {\"id\": 9, \"seek\": 2816, \"start\": 28.15999984741211, \"end\": 34.52000045776367, \"text\": \" But it's okay. It's fine. I've done the serious relationship, almost like being\", \"tokens\": [50364, 583, 309, 311, 1392, 13, 467, 311, 2489, 13, 286, 600, 1096, 264, 3156, 2480, 11, 1920, 411, 885, 50682], \"temperature\": 0.0, \"avg_logprob\": -0.43411847949028015, \"compression_ratio\": 1.2075471878051758, \"no_speech_prob\": 0.6768954992294312}, {\"id\": 10, \"seek\": 2816, \"start\": 34.52000045776367, \"end\": 39.08000183105469, \"text\": \" married, and at the end of the day, I'm still...\", \"tokens\": [50682, 5259, 11, 293, 412, 264, 917, 295, 264, 786, 11, 286, 478, 920, 485, 50910], \"temperature\": 0.0, \"avg_logprob\": -0.43411847949028015, \"compression_ratio\": 1.2075471878051758, \"no_speech_prob\": 0.6768954992294312}]}"}