{"title": "Why We Should Promote Monogamy More!", "video_id": "nTYLuPkBxR8", "video_url": "https://www.youtube.com/watch?v=nTYLuPkBxR8", "description": "Watch The Full Thing Here : https://www.youtube.com/watch?v=s0uB8z0Xcyo&t=0s\n\u2014\u2014\u2014\u2014\u2014\u2014\u2014\u2014\u2014\u2014\u2014\u2014\u2014\u2014\u2014\u2014\u2014\u2014\u2014\u2014\nReady to build a network of amazing women and high-status men?\n\nMichael\u2019s Men of Action is a one-on-one Master\u2019s program that teaches men how to create elite \nsocial lives by becoming higher status.\n\nClick this link to learn how you can have a High-Status lifestyle now:\nhttps://m.moamentoring.com/podcast\n\nClick here to join the Men of Action community and watch the High-Status Networking 101 course:\nhttps://m.moamentoring.com/moa-community\n\nInterested in joining the Men of Action sales team? Apply here:\nhttps://www.moamentoring.com/jobs/sales\n\nMen of Action has an affiliate program! Post pre-made content and get paid passively:\nhttps://www.moamentoring.com/affiliate\n\u2014\u2014\u2014\u2014\u2014\u2014\u2014\u2014\u2014\u2014\u2014\u2014\u2014\u2014\u2014\u2014\u2014\u2014\u2014\u2014\n\nSubscribe on Youtube: \nhttps://www.youtube.com/user/MichaelSartain\n\nListen on Apple Podcast: \nhttps://podcasts.apple.com/us/podcast/the-michael-sartain-podcast/id1579791157\n\nListen on Spotify: \nhttps://open.spotify.com/show/2faAYwvDD9Bvkpwv6umlPO?si=8Q3ak9HnSlKjuChsTXr6YQ&dl_branch=1\n\n#michael #michaelsartain #michael_sartain #michael_sartain_podcast", "published_at": "2024-01-06T13:45:05Z", "channel_id": "UC0T1bDzajVefRWx4uKdGyuw", "channel_title": "Michael Sartain", "tags": ["Michael", "Michael Sartain", "Michael Sartain Podcast", "Michael Podcast", "MOA", "Men Of Action", "Michael Sartain Course", "Michael Sartain With Hot Women", "Playboy", "Swimsuit", "Swimsuit Competition", "ichael sartain social circle", "social circle", "how to netowrk", "moa", "moa podcast", "gender wage gap", "gender wage gap myth", "wage gap", "social value", "michael sartain course", "looks money status", "social circle mentorship", "michael sartain social circle game", "men of action podcast", "men of action course"], "category_id": "24", "live_broadcast_content": "none", "duration": 374.0, "dimension": "2d", "definition": "hd", "caption": "false", "view_count": 3619, "like_count": 177, "comment_count": 63, "channel_info": {"title": "Michael Sartain", "description": "\ud83c\udf99Host of The\u00a0Michael Sartain Podcast \n\n\ud83d\udd25Teaching you how to build a network of desirable women and high-status men\n\n\ud83d\udc47 Click the \"Men of Action\" link below now to forge a high-status lifestyle and join the elites \n", "subscriber_count": "80500", "total_views": "29545897", "total_videos": "1481"}, "comments": [], "file_path": "/Users/aelaguiz/workspace/fc_book/audio/raws/nTYLuPkBxR8.mp3", "transcription": "{\"text\": \"Now, most men don't even get monogamy, right? They get celibacy. In general, societies that have encouraged monogamy have less violence, because the men in the lower quartile don't end up becoming criminals. It's just you're far less likely to commit crimes, violent crimes, you'll commit other crimes. But violent crimes, if you have a mortgage, that's one of also the advantages of consumerism, is if you have a government that encourages consumerism and people go into debt, they're far less likely to become revolutionaries and commit violent crime when they have two children at home and they're married. So marriage causes this lower quartile of men to just be less violent. So from a societal standpoint, encouraged monogamy does work and it is helpful. The reason why the question overall is moot is because it's like asking, should all men be billionaires? Well, most men can't become billionaires. And most men, monogamy is a good thing because it mono means one, and most men can't get one. So having sex with one woman is great, right? They can at least do that. And then the other thing is, let's just say you made monogamy enforced and it was illegal for men to sleep with multiple women. The men at the top would still sleep with multiple women. In fact, the men who literally passed the law stating you can't have sex with multiple women would be the ones sleeping with multiple women because that's just the way society works. So the question is moot. Here's how it was before I was born and here's how it will be after I die. There will be a great number of men, somewhere between a quarter and a third that have little to no sexual options whatsoever. A middle portion of men who have a combination of one or two or four sexual options may be combined with a weekend trip to Medellin with some prostitutes. And then a group of men at the top who have like a large group of sexual partners, maybe 30, 40, and then some men at the top who are in like the hundreds. That's how it's always going to be. That's how it'll be long after I'm dead and nothing, no legislature will stop that. That's how it is in Iran. That's how it is in Mexico. That's how it is in the United States. That's how it is in every country. You're just going to have men at the top with a lot of options, which by the way, certainly leads to a great number of men at the bottom with none. Listen, I'm at Bilzerian's party sometimes and it's 1,700 girls and 400 guys. And when you're at those parties, you just come to the realization that like any of these women would have sex with Machine Gun Kelly, Logan Paul, Dan Bilzerian, like number of other like athletes and celebrities that are there. And if that's the case, then there's a group of men that like, if you ever go to his parties, they have shotguns and water hoses to keep the men out. Their boyfriends are all, they don't throw the parties on this house anymore, but it used to be at the Chalon Road in Bel Air. And up and down the road, there were guys with water hoses and shotguns, keeping the boyfriends from going in the party where all of the girls were there. I mean, I'm serious. I walked in with 50 girls. It was crazy when you're in there. But when you see like some men have that level of abundance and you just do some math, you're like, that means there's a whole lot of cashiers at Chick-fil-A and shelf stockers at Walmart that are getting no women at all. So the question about monogamy is, it's always just gonna end up where it ends up. A marriage is a way to encourage it, not necessarily enforce it, but encourage monogamy. And then in the end, what you're gonna have is a lot of men at the top being like, especially like, there'll literally be US senators being like, we need to enforce the family, get back to the nuclear family, and then they'll cheat on their way. So that's just the way the world works. No, that makes perfect sense. And I didn't realize that the monogamy thing has been proven to be helpful for society. Do you think most men would enjoy the option to, if he wanted variety, that it's on the table? It's on the table. And do you think that, do you also think that most men should try to, A, increase their value so that they have options and can even have this conversation, but then also to negotiate that so that if it so happens that they meet somebody or whatever and just wanna get it out of their system, that they can without endangering their family and their resources? There's just two different types of men. Like a man who makes over, top 10% of wage earners in the United States I think is $170,000 a year. They just like literally a man who makes over $170,000 a year who's over six feet tall and is good looking. His options with women are just, they're not a little bit more. They're two orders of magnitude more. 80% of men on Tinder, Bumble, and Hinge are deemed unattractive by women. The top 20% of right swipes, the top 20% of men on Tinder, Bumble, and Hinge get 83% of the right swipes. Like it's not, there's two species of men now. There is a successful high status species of man that women date and then complain about because they have too many women and too many options. And then there's the rest of men that women don't even see. They don't even notice that. And I'm serious. Like I've done this before where me and my girlfriend will go to like Jack in the Box or whatever in the middle of the night. And then afterwards we'll drive off and I'll be like, describe the cashier. And they don't remember a fucking thing because it was a man who was low status. He's a piece of furniture to most women. He doesn't matter. They just don't notice these men at all. But a guy in a Ferrari, I guarantee you she remembers that he had blue eyes. I promise you she does. Because that's just the way, that's the way it works. Most women, it's not that women are even like disregarding these men or like they're not dissing these men. They don't even notice these men exist. Like literally, they're not even acknowledging that the Filipino who's five foot five, who's their cashier at Walmart, that he's unattractive. They're not even acknowledging he's unattractive. They don't recognize he exists. That's how it is for most women. And so that's the reason why when you ask the question about monogamy, now most men don't even get monogamy, right? They get celibacy. So that's the issue that's going on. So, you know, I just like to welcome the robots that are grandchildren and we'll be fucking here in 70 years. I just like to welcome, just, you know, don't kill me. Fembot 2000. I wanna be the first to welcome our robot overlords. Welcome. \", \"segments\": [{\"id\": 0, \"seek\": 0, \"start\": 0.0, \"end\": 2.799999952316284, \"text\": \" Now, most men don't even get monogamy, right?\", \"tokens\": [50364, 823, 11, 881, 1706, 500, 380, 754, 483, 1108, 664, 7804, 11, 558, 30, 50504], \"temperature\": 0.0, \"avg_logprob\": -0.2520560622215271, \"compression_ratio\": 1.8095238208770752, \"no_speech_prob\": 0.010322801768779755}, {\"id\": 1, \"seek\": 0, \"start\": 2.799999952316284, \"end\": 3.759999990463257, \"text\": \" They get celibacy.\", \"tokens\": [50504, 814, 483, 9277, 897, 2551, 13, 50552], \"temperature\": 0.0, \"avg_logprob\": -0.2520560622215271, \"compression_ratio\": 1.8095238208770752, \"no_speech_prob\": 0.010322801768779755}, {\"id\": 2, \"seek\": 0, \"start\": 3.759999990463257, \"end\": 6.880000114440918, \"text\": \" In general, societies that have encouraged monogamy\", \"tokens\": [50552, 682, 2674, 11, 19329, 300, 362, 14658, 1108, 664, 7804, 50708], \"temperature\": 0.0, \"avg_logprob\": -0.2520560622215271, \"compression_ratio\": 1.8095238208770752, \"no_speech_prob\": 0.010322801768779755}, {\"id\": 3, \"seek\": 0, \"start\": 6.880000114440918, \"end\": 9.880000114440918, \"text\": \" have less violence, because the men in the lower quartile\", \"tokens\": [50708, 362, 1570, 6270, 11, 570, 264, 1706, 294, 264, 3126, 20837, 794, 50858], \"temperature\": 0.0, \"avg_logprob\": -0.2520560622215271, \"compression_ratio\": 1.8095238208770752, \"no_speech_prob\": 0.010322801768779755}, {\"id\": 4, \"seek\": 0, \"start\": 9.880000114440918, \"end\": 11.4399995803833, \"text\": \" don't end up becoming criminals.\", \"tokens\": [50858, 500, 380, 917, 493, 5617, 23474, 13, 50936], \"temperature\": 0.0, \"avg_logprob\": -0.2520560622215271, \"compression_ratio\": 1.8095238208770752, \"no_speech_prob\": 0.010322801768779755}, {\"id\": 5, \"seek\": 0, \"start\": 11.4399995803833, \"end\": 14.0, \"text\": \" It's just you're far less likely to commit crimes,\", \"tokens\": [50936, 467, 311, 445, 291, 434, 1400, 1570, 3700, 281, 5599, 13916, 11, 51064], \"temperature\": 0.0, \"avg_logprob\": -0.2520560622215271, \"compression_ratio\": 1.8095238208770752, \"no_speech_prob\": 0.010322801768779755}, {\"id\": 6, \"seek\": 0, \"start\": 14.0, \"end\": 16.0, \"text\": \" violent crimes, you'll commit other crimes.\", \"tokens\": [51064, 11867, 13916, 11, 291, 603, 5599, 661, 13916, 13, 51164], \"temperature\": 0.0, \"avg_logprob\": -0.2520560622215271, \"compression_ratio\": 1.8095238208770752, \"no_speech_prob\": 0.010322801768779755}, {\"id\": 7, \"seek\": 0, \"start\": 16.0, \"end\": 19.520000457763672, \"text\": \" But violent crimes, if you have a mortgage,\", \"tokens\": [51164, 583, 11867, 13916, 11, 498, 291, 362, 257, 20236, 11, 51340], \"temperature\": 0.0, \"avg_logprob\": -0.2520560622215271, \"compression_ratio\": 1.8095238208770752, \"no_speech_prob\": 0.010322801768779755}, {\"id\": 8, \"seek\": 0, \"start\": 19.520000457763672, \"end\": 23.760000228881836, \"text\": \" that's one of also the advantages of consumerism,\", \"tokens\": [51340, 300, 311, 472, 295, 611, 264, 14906, 295, 9711, 1434, 11, 51552], \"temperature\": 0.0, \"avg_logprob\": -0.2520560622215271, \"compression_ratio\": 1.8095238208770752, \"no_speech_prob\": 0.010322801768779755}, {\"id\": 9, \"seek\": 0, \"start\": 23.760000228881836, \"end\": 26.799999237060547, \"text\": \" is if you have a government that encourages consumerism\", \"tokens\": [51552, 307, 498, 291, 362, 257, 2463, 300, 28071, 9711, 1434, 51704], \"temperature\": 0.0, \"avg_logprob\": -0.2520560622215271, \"compression_ratio\": 1.8095238208770752, \"no_speech_prob\": 0.010322801768779755}, {\"id\": 10, \"seek\": 0, \"start\": 26.799999237060547, \"end\": 29.079999923706055, \"text\": \" and people go into debt, they're far less\", \"tokens\": [51704, 293, 561, 352, 666, 7831, 11, 436, 434, 1400, 1570, 51818], \"temperature\": 0.0, \"avg_logprob\": -0.2520560622215271, \"compression_ratio\": 1.8095238208770752, \"no_speech_prob\": 0.010322801768779755}, {\"id\": 11, \"seek\": 2908, \"start\": 29.1200008392334, \"end\": 31.31999969482422, \"text\": \" likely to become revolutionaries and commit violent crime\", \"tokens\": [50366, 3700, 281, 1813, 8894, 4889, 293, 5599, 11867, 7206, 50476], \"temperature\": 0.0, \"avg_logprob\": -0.18579258024692535, \"compression_ratio\": 1.7269624471664429, \"no_speech_prob\": 0.0037647660356014967}, {\"id\": 12, \"seek\": 2908, \"start\": 31.31999969482422, \"end\": 32.880001068115234, \"text\": \" when they have two children at home and they're married.\", \"tokens\": [50476, 562, 436, 362, 732, 2227, 412, 1280, 293, 436, 434, 5259, 13, 50554], \"temperature\": 0.0, \"avg_logprob\": -0.18579258024692535, \"compression_ratio\": 1.7269624471664429, \"no_speech_prob\": 0.0037647660356014967}, {\"id\": 13, \"seek\": 2908, \"start\": 32.880001068115234, \"end\": 36.91999816894531, \"text\": \" So marriage causes this lower quartile of men\", \"tokens\": [50554, 407, 7194, 7700, 341, 3126, 20837, 794, 295, 1706, 50756], \"temperature\": 0.0, \"avg_logprob\": -0.18579258024692535, \"compression_ratio\": 1.7269624471664429, \"no_speech_prob\": 0.0037647660356014967}, {\"id\": 14, \"seek\": 2908, \"start\": 36.91999816894531, \"end\": 37.84000015258789, \"text\": \" to just be less violent.\", \"tokens\": [50756, 281, 445, 312, 1570, 11867, 13, 50802], \"temperature\": 0.0, \"avg_logprob\": -0.18579258024692535, \"compression_ratio\": 1.7269624471664429, \"no_speech_prob\": 0.0037647660356014967}, {\"id\": 15, \"seek\": 2908, \"start\": 37.84000015258789, \"end\": 39.31999969482422, \"text\": \" So from a societal standpoint,\", \"tokens\": [50802, 407, 490, 257, 33472, 15827, 11, 50876], \"temperature\": 0.0, \"avg_logprob\": -0.18579258024692535, \"compression_ratio\": 1.7269624471664429, \"no_speech_prob\": 0.0037647660356014967}, {\"id\": 16, \"seek\": 2908, \"start\": 39.31999969482422, \"end\": 41.79999923706055, \"text\": \" encouraged monogamy does work and it is helpful.\", \"tokens\": [50876, 14658, 1108, 664, 7804, 775, 589, 293, 309, 307, 4961, 13, 51000], \"temperature\": 0.0, \"avg_logprob\": -0.18579258024692535, \"compression_ratio\": 1.7269624471664429, \"no_speech_prob\": 0.0037647660356014967}, {\"id\": 17, \"seek\": 2908, \"start\": 41.79999923706055, \"end\": 44.720001220703125, \"text\": \" The reason why the question overall is moot\", \"tokens\": [51000, 440, 1778, 983, 264, 1168, 4787, 307, 705, 310, 51146], \"temperature\": 0.0, \"avg_logprob\": -0.18579258024692535, \"compression_ratio\": 1.7269624471664429, \"no_speech_prob\": 0.0037647660356014967}, {\"id\": 18, \"seek\": 2908, \"start\": 44.720001220703125, \"end\": 47.599998474121094, \"text\": \" is because it's like asking, should all men be billionaires?\", \"tokens\": [51146, 307, 570, 309, 311, 411, 3365, 11, 820, 439, 1706, 312, 5218, 10840, 30, 51290], \"temperature\": 0.0, \"avg_logprob\": -0.18579258024692535, \"compression_ratio\": 1.7269624471664429, \"no_speech_prob\": 0.0037647660356014967}, {\"id\": 19, \"seek\": 2908, \"start\": 47.599998474121094, \"end\": 50.68000030517578, \"text\": \" Well, most men can't become billionaires.\", \"tokens\": [51290, 1042, 11, 881, 1706, 393, 380, 1813, 5218, 10840, 13, 51444], \"temperature\": 0.0, \"avg_logprob\": -0.18579258024692535, \"compression_ratio\": 1.7269624471664429, \"no_speech_prob\": 0.0037647660356014967}, {\"id\": 20, \"seek\": 2908, \"start\": 50.68000030517578, \"end\": 52.880001068115234, \"text\": \" And most men, monogamy is a good thing\", \"tokens\": [51444, 400, 881, 1706, 11, 1108, 664, 7804, 307, 257, 665, 551, 51554], \"temperature\": 0.0, \"avg_logprob\": -0.18579258024692535, \"compression_ratio\": 1.7269624471664429, \"no_speech_prob\": 0.0037647660356014967}, {\"id\": 21, \"seek\": 2908, \"start\": 52.880001068115234, \"end\": 56.91999816894531, \"text\": \" because it mono means one, and most men can't get one.\", \"tokens\": [51554, 570, 309, 35624, 1355, 472, 11, 293, 881, 1706, 393, 380, 483, 472, 13, 51756], \"temperature\": 0.0, \"avg_logprob\": -0.18579258024692535, \"compression_ratio\": 1.7269624471664429, \"no_speech_prob\": 0.0037647660356014967}, {\"id\": 22, \"seek\": 5692, \"start\": 56.91999816894531, \"end\": 60.7599983215332, \"text\": \" So having sex with one woman is great, right?\", \"tokens\": [50364, 407, 1419, 3260, 365, 472, 3059, 307, 869, 11, 558, 30, 50556], \"temperature\": 0.0, \"avg_logprob\": -0.2083929479122162, \"compression_ratio\": 1.852739691734314, \"no_speech_prob\": 6.708964792778715e-05}, {\"id\": 23, \"seek\": 5692, \"start\": 60.7599983215332, \"end\": 62.040000915527344, \"text\": \" They can at least do that.\", \"tokens\": [50556, 814, 393, 412, 1935, 360, 300, 13, 50620], \"temperature\": 0.0, \"avg_logprob\": -0.2083929479122162, \"compression_ratio\": 1.852739691734314, \"no_speech_prob\": 6.708964792778715e-05}, {\"id\": 24, \"seek\": 5692, \"start\": 62.040000915527344, \"end\": 63.0, \"text\": \" And then the other thing is,\", \"tokens\": [50620, 400, 550, 264, 661, 551, 307, 11, 50668], \"temperature\": 0.0, \"avg_logprob\": -0.2083929479122162, \"compression_ratio\": 1.852739691734314, \"no_speech_prob\": 6.708964792778715e-05}, {\"id\": 25, \"seek\": 5692, \"start\": 63.0, \"end\": 65.80000305175781, \"text\": \" let's just say you made monogamy enforced\", \"tokens\": [50668, 718, 311, 445, 584, 291, 1027, 1108, 664, 7804, 40953, 50808], \"temperature\": 0.0, \"avg_logprob\": -0.2083929479122162, \"compression_ratio\": 1.852739691734314, \"no_speech_prob\": 6.708964792778715e-05}, {\"id\": 26, \"seek\": 5692, \"start\": 65.80000305175781, \"end\": 69.55999755859375, \"text\": \" and it was illegal for men to sleep with multiple women.\", \"tokens\": [50808, 293, 309, 390, 11905, 337, 1706, 281, 2817, 365, 3866, 2266, 13, 50996], \"temperature\": 0.0, \"avg_logprob\": -0.2083929479122162, \"compression_ratio\": 1.852739691734314, \"no_speech_prob\": 6.708964792778715e-05}, {\"id\": 27, \"seek\": 5692, \"start\": 69.55999755859375, \"end\": 71.5199966430664, \"text\": \" The men at the top would still sleep with multiple women.\", \"tokens\": [50996, 440, 1706, 412, 264, 1192, 576, 920, 2817, 365, 3866, 2266, 13, 51094], \"temperature\": 0.0, \"avg_logprob\": -0.2083929479122162, \"compression_ratio\": 1.852739691734314, \"no_speech_prob\": 6.708964792778715e-05}, {\"id\": 28, \"seek\": 5692, \"start\": 71.5199966430664, \"end\": 73.83999633789062, \"text\": \" In fact, the men who literally passed the law\", \"tokens\": [51094, 682, 1186, 11, 264, 1706, 567, 3736, 4678, 264, 2101, 51210], \"temperature\": 0.0, \"avg_logprob\": -0.2083929479122162, \"compression_ratio\": 1.852739691734314, \"no_speech_prob\": 6.708964792778715e-05}, {\"id\": 29, \"seek\": 5692, \"start\": 73.83999633789062, \"end\": 75.91999816894531, \"text\": \" stating you can't have sex with multiple women\", \"tokens\": [51210, 26688, 291, 393, 380, 362, 3260, 365, 3866, 2266, 51314], \"temperature\": 0.0, \"avg_logprob\": -0.2083929479122162, \"compression_ratio\": 1.852739691734314, \"no_speech_prob\": 6.708964792778715e-05}, {\"id\": 30, \"seek\": 5692, \"start\": 75.91999816894531, \"end\": 78.4800033569336, \"text\": \" would be the ones sleeping with multiple women\", \"tokens\": [51314, 576, 312, 264, 2306, 8296, 365, 3866, 2266, 51442], \"temperature\": 0.0, \"avg_logprob\": -0.2083929479122162, \"compression_ratio\": 1.852739691734314, \"no_speech_prob\": 6.708964792778715e-05}, {\"id\": 31, \"seek\": 5692, \"start\": 78.4800033569336, \"end\": 80.19999694824219, \"text\": \" because that's just the way society works.\", \"tokens\": [51442, 570, 300, 311, 445, 264, 636, 4086, 1985, 13, 51528], \"temperature\": 0.0, \"avg_logprob\": -0.2083929479122162, \"compression_ratio\": 1.852739691734314, \"no_speech_prob\": 6.708964792778715e-05}, {\"id\": 32, \"seek\": 5692, \"start\": 80.19999694824219, \"end\": 81.44000244140625, \"text\": \" So the question is moot.\", \"tokens\": [51528, 407, 264, 1168, 307, 705, 310, 13, 51590], \"temperature\": 0.0, \"avg_logprob\": -0.2083929479122162, \"compression_ratio\": 1.852739691734314, \"no_speech_prob\": 6.708964792778715e-05}, {\"id\": 33, \"seek\": 5692, \"start\": 82.23999786376953, \"end\": 84.19999694824219, \"text\": \" Here's how it was before I was born\", \"tokens\": [51630, 1692, 311, 577, 309, 390, 949, 286, 390, 4232, 51728], \"temperature\": 0.0, \"avg_logprob\": -0.2083929479122162, \"compression_ratio\": 1.852739691734314, \"no_speech_prob\": 6.708964792778715e-05}, {\"id\": 34, \"seek\": 5692, \"start\": 84.19999694824219, \"end\": 86.16000366210938, \"text\": \" and here's how it will be after I die.\", \"tokens\": [51728, 293, 510, 311, 577, 309, 486, 312, 934, 286, 978, 13, 51826], \"temperature\": 0.0, \"avg_logprob\": -0.2083929479122162, \"compression_ratio\": 1.852739691734314, \"no_speech_prob\": 6.708964792778715e-05}, {\"id\": 35, \"seek\": 8616, \"start\": 86.19999694824219, \"end\": 88.08000183105469, \"text\": \" There will be a great number of men,\", \"tokens\": [50366, 821, 486, 312, 257, 869, 1230, 295, 1706, 11, 50460], \"temperature\": 0.0, \"avg_logprob\": -0.1784672737121582, \"compression_ratio\": 1.7937062978744507, \"no_speech_prob\": 0.0009546469082124531}, {\"id\": 36, \"seek\": 8616, \"start\": 88.08000183105469, \"end\": 89.91999816894531, \"text\": \" somewhere between a quarter and a third\", \"tokens\": [50460, 4079, 1296, 257, 6555, 293, 257, 2636, 50552], \"temperature\": 0.0, \"avg_logprob\": -0.1784672737121582, \"compression_ratio\": 1.7937062978744507, \"no_speech_prob\": 0.0009546469082124531}, {\"id\": 37, \"seek\": 8616, \"start\": 89.91999816894531, \"end\": 92.76000213623047, \"text\": \" that have little to no sexual options whatsoever.\", \"tokens\": [50552, 300, 362, 707, 281, 572, 6701, 3956, 17076, 13, 50694], \"temperature\": 0.0, \"avg_logprob\": -0.1784672737121582, \"compression_ratio\": 1.7937062978744507, \"no_speech_prob\": 0.0009546469082124531}, {\"id\": 38, \"seek\": 8616, \"start\": 92.76000213623047, \"end\": 96.27999877929688, \"text\": \" A middle portion of men who have a combination\", \"tokens\": [50694, 316, 2808, 8044, 295, 1706, 567, 362, 257, 6562, 50870], \"temperature\": 0.0, \"avg_logprob\": -0.1784672737121582, \"compression_ratio\": 1.7937062978744507, \"no_speech_prob\": 0.0009546469082124531}, {\"id\": 39, \"seek\": 8616, \"start\": 96.27999877929688, \"end\": 99.0, \"text\": \" of one or two or four sexual options\", \"tokens\": [50870, 295, 472, 420, 732, 420, 1451, 6701, 3956, 51006], \"temperature\": 0.0, \"avg_logprob\": -0.1784672737121582, \"compression_ratio\": 1.7937062978744507, \"no_speech_prob\": 0.0009546469082124531}, {\"id\": 40, \"seek\": 8616, \"start\": 99.0, \"end\": 101.80000305175781, \"text\": \" may be combined with a weekend trip to Medellin\", \"tokens\": [51006, 815, 312, 9354, 365, 257, 6711, 4931, 281, 3982, 898, 259, 51146], \"temperature\": 0.0, \"avg_logprob\": -0.1784672737121582, \"compression_ratio\": 1.7937062978744507, \"no_speech_prob\": 0.0009546469082124531}, {\"id\": 41, \"seek\": 8616, \"start\": 101.80000305175781, \"end\": 103.12000274658203, \"text\": \" with some prostitutes.\", \"tokens\": [51146, 365, 512, 10293, 270, 1819, 13, 51212], \"temperature\": 0.0, \"avg_logprob\": -0.1784672737121582, \"compression_ratio\": 1.7937062978744507, \"no_speech_prob\": 0.0009546469082124531}, {\"id\": 42, \"seek\": 8616, \"start\": 103.12000274658203, \"end\": 105.44000244140625, \"text\": \" And then a group of men at the top\", \"tokens\": [51212, 400, 550, 257, 1594, 295, 1706, 412, 264, 1192, 51328], \"temperature\": 0.0, \"avg_logprob\": -0.1784672737121582, \"compression_ratio\": 1.7937062978744507, \"no_speech_prob\": 0.0009546469082124531}, {\"id\": 43, \"seek\": 8616, \"start\": 105.44000244140625, \"end\": 108.4800033569336, \"text\": \" who have like a large group of sexual partners,\", \"tokens\": [51328, 567, 362, 411, 257, 2416, 1594, 295, 6701, 4462, 11, 51480], \"temperature\": 0.0, \"avg_logprob\": -0.1784672737121582, \"compression_ratio\": 1.7937062978744507, \"no_speech_prob\": 0.0009546469082124531}, {\"id\": 44, \"seek\": 8616, \"start\": 108.4800033569336, \"end\": 110.72000122070312, \"text\": \" maybe 30, 40, and then some men at the top\", \"tokens\": [51480, 1310, 2217, 11, 3356, 11, 293, 550, 512, 1706, 412, 264, 1192, 51592], \"temperature\": 0.0, \"avg_logprob\": -0.1784672737121582, \"compression_ratio\": 1.7937062978744507, \"no_speech_prob\": 0.0009546469082124531}, {\"id\": 45, \"seek\": 8616, \"start\": 110.72000122070312, \"end\": 112.12000274658203, \"text\": \" who are in like the hundreds.\", \"tokens\": [51592, 567, 366, 294, 411, 264, 6779, 13, 51662], \"temperature\": 0.0, \"avg_logprob\": -0.1784672737121582, \"compression_ratio\": 1.7937062978744507, \"no_speech_prob\": 0.0009546469082124531}, {\"id\": 46, \"seek\": 8616, \"start\": 112.12000274658203, \"end\": 113.63999938964844, \"text\": \" That's how it's always going to be.\", \"tokens\": [51662, 663, 311, 577, 309, 311, 1009, 516, 281, 312, 13, 51738], \"temperature\": 0.0, \"avg_logprob\": -0.1784672737121582, \"compression_ratio\": 1.7937062978744507, \"no_speech_prob\": 0.0009546469082124531}, {\"id\": 47, \"seek\": 8616, \"start\": 113.63999938964844, \"end\": 115.27999877929688, \"text\": \" That's how it'll be long after I'm dead\", \"tokens\": [51738, 663, 311, 577, 309, 603, 312, 938, 934, 286, 478, 3116, 51820], \"temperature\": 0.0, \"avg_logprob\": -0.1784672737121582, \"compression_ratio\": 1.7937062978744507, \"no_speech_prob\": 0.0009546469082124531}, {\"id\": 48, \"seek\": 11528, \"start\": 115.27999877929688, \"end\": 118.08000183105469, \"text\": \" and nothing, no legislature will stop that.\", \"tokens\": [50364, 293, 1825, 11, 572, 21631, 486, 1590, 300, 13, 50504], \"temperature\": 0.0, \"avg_logprob\": -0.16807134449481964, \"compression_ratio\": 1.7094801664352417, \"no_speech_prob\": 0.00011774255108321086}, {\"id\": 49, \"seek\": 11528, \"start\": 118.08000183105469, \"end\": 119.76000213623047, \"text\": \" That's how it is in Iran.\", \"tokens\": [50504, 663, 311, 577, 309, 307, 294, 8283, 13, 50588], \"temperature\": 0.0, \"avg_logprob\": -0.16807134449481964, \"compression_ratio\": 1.7094801664352417, \"no_speech_prob\": 0.00011774255108321086}, {\"id\": 50, \"seek\": 11528, \"start\": 119.76000213623047, \"end\": 121.12000274658203, \"text\": \" That's how it is in Mexico.\", \"tokens\": [50588, 663, 311, 577, 309, 307, 294, 8612, 13, 50656], \"temperature\": 0.0, \"avg_logprob\": -0.16807134449481964, \"compression_ratio\": 1.7094801664352417, \"no_speech_prob\": 0.00011774255108321086}, {\"id\": 51, \"seek\": 11528, \"start\": 121.12000274658203, \"end\": 122.16000366210938, \"text\": \" That's how it is in the United States.\", \"tokens\": [50656, 663, 311, 577, 309, 307, 294, 264, 2824, 3040, 13, 50708], \"temperature\": 0.0, \"avg_logprob\": -0.16807134449481964, \"compression_ratio\": 1.7094801664352417, \"no_speech_prob\": 0.00011774255108321086}, {\"id\": 52, \"seek\": 11528, \"start\": 122.16000366210938, \"end\": 123.36000061035156, \"text\": \" That's how it is in every country.\", \"tokens\": [50708, 663, 311, 577, 309, 307, 294, 633, 1941, 13, 50768], \"temperature\": 0.0, \"avg_logprob\": -0.16807134449481964, \"compression_ratio\": 1.7094801664352417, \"no_speech_prob\": 0.00011774255108321086}, {\"id\": 53, \"seek\": 11528, \"start\": 123.36000061035156, \"end\": 124.95999908447266, \"text\": \" You're just going to have men at the top\", \"tokens\": [50768, 509, 434, 445, 516, 281, 362, 1706, 412, 264, 1192, 50848], \"temperature\": 0.0, \"avg_logprob\": -0.16807134449481964, \"compression_ratio\": 1.7094801664352417, \"no_speech_prob\": 0.00011774255108321086}, {\"id\": 54, \"seek\": 11528, \"start\": 124.95999908447266, \"end\": 126.83999633789062, \"text\": \" with a lot of options, which by the way,\", \"tokens\": [50848, 365, 257, 688, 295, 3956, 11, 597, 538, 264, 636, 11, 50942], \"temperature\": 0.0, \"avg_logprob\": -0.16807134449481964, \"compression_ratio\": 1.7094801664352417, \"no_speech_prob\": 0.00011774255108321086}, {\"id\": 55, \"seek\": 11528, \"start\": 126.83999633789062, \"end\": 130.0399932861328, \"text\": \" certainly leads to a great number of men\", \"tokens\": [50942, 3297, 6689, 281, 257, 869, 1230, 295, 1706, 51102], \"temperature\": 0.0, \"avg_logprob\": -0.16807134449481964, \"compression_ratio\": 1.7094801664352417, \"no_speech_prob\": 0.00011774255108321086}, {\"id\": 56, \"seek\": 11528, \"start\": 130.0399932861328, \"end\": 131.47999572753906, \"text\": \" at the bottom with none.\", \"tokens\": [51102, 412, 264, 2767, 365, 6022, 13, 51174], \"temperature\": 0.0, \"avg_logprob\": -0.16807134449481964, \"compression_ratio\": 1.7094801664352417, \"no_speech_prob\": 0.00011774255108321086}, {\"id\": 57, \"seek\": 11528, \"start\": 131.47999572753906, \"end\": 133.1199951171875, \"text\": \" Listen, I'm at Bilzerian's party sometimes\", \"tokens\": [51174, 7501, 11, 286, 478, 412, 22879, 4527, 952, 311, 3595, 2171, 51256], \"temperature\": 0.0, \"avg_logprob\": -0.16807134449481964, \"compression_ratio\": 1.7094801664352417, \"no_speech_prob\": 0.00011774255108321086}, {\"id\": 58, \"seek\": 11528, \"start\": 133.1199951171875, \"end\": 135.75999450683594, \"text\": \" and it's 1,700 girls and 400 guys.\", \"tokens\": [51256, 293, 309, 311, 502, 11, 18197, 4519, 293, 8423, 1074, 13, 51388], \"temperature\": 0.0, \"avg_logprob\": -0.16807134449481964, \"compression_ratio\": 1.7094801664352417, \"no_speech_prob\": 0.00011774255108321086}, {\"id\": 59, \"seek\": 11528, \"start\": 135.75999450683594, \"end\": 137.0800018310547, \"text\": \" And when you're at those parties,\", \"tokens\": [51388, 400, 562, 291, 434, 412, 729, 8265, 11, 51454], \"temperature\": 0.0, \"avg_logprob\": -0.16807134449481964, \"compression_ratio\": 1.7094801664352417, \"no_speech_prob\": 0.00011774255108321086}, {\"id\": 60, \"seek\": 11528, \"start\": 137.0800018310547, \"end\": 138.9600067138672, \"text\": \" you just come to the realization that like\", \"tokens\": [51454, 291, 445, 808, 281, 264, 25138, 300, 411, 51548], \"temperature\": 0.0, \"avg_logprob\": -0.16807134449481964, \"compression_ratio\": 1.7094801664352417, \"no_speech_prob\": 0.00011774255108321086}, {\"id\": 61, \"seek\": 11528, \"start\": 138.9600067138672, \"end\": 141.72000122070312, \"text\": \" any of these women would have sex with Machine Gun Kelly,\", \"tokens\": [51548, 604, 295, 613, 2266, 576, 362, 3260, 365, 22155, 14153, 12345, 11, 51686], \"temperature\": 0.0, \"avg_logprob\": -0.16807134449481964, \"compression_ratio\": 1.7094801664352417, \"no_speech_prob\": 0.00011774255108321086}, {\"id\": 62, \"seek\": 11528, \"start\": 141.72000122070312, \"end\": 143.55999755859375, \"text\": \" Logan Paul, Dan Bilzerian,\", \"tokens\": [51686, 22689, 4552, 11, 3394, 22879, 4527, 952, 11, 51778], \"temperature\": 0.0, \"avg_logprob\": -0.16807134449481964, \"compression_ratio\": 1.7094801664352417, \"no_speech_prob\": 0.00011774255108321086}, {\"id\": 63, \"seek\": 14356, \"start\": 143.55999755859375, \"end\": 145.32000732421875, \"text\": \" like number of other like athletes\", \"tokens\": [50364, 411, 1230, 295, 661, 411, 13820, 50452], \"temperature\": 0.0, \"avg_logprob\": -0.2722282409667969, \"compression_ratio\": 1.7849462032318115, \"no_speech_prob\": 0.0005033162306062877}, {\"id\": 64, \"seek\": 14356, \"start\": 145.32000732421875, \"end\": 146.9600067138672, \"text\": \" and celebrities that are there.\", \"tokens\": [50452, 293, 23200, 300, 366, 456, 13, 50534], \"temperature\": 0.0, \"avg_logprob\": -0.2722282409667969, \"compression_ratio\": 1.7849462032318115, \"no_speech_prob\": 0.0005033162306062877}, {\"id\": 65, \"seek\": 14356, \"start\": 146.9600067138672, \"end\": 149.36000061035156, \"text\": \" And if that's the case, then there's a group of men\", \"tokens\": [50534, 400, 498, 300, 311, 264, 1389, 11, 550, 456, 311, 257, 1594, 295, 1706, 50654], \"temperature\": 0.0, \"avg_logprob\": -0.2722282409667969, \"compression_ratio\": 1.7849462032318115, \"no_speech_prob\": 0.0005033162306062877}, {\"id\": 66, \"seek\": 14356, \"start\": 149.36000061035156, \"end\": 151.63999938964844, \"text\": \" that like, if you ever go to his parties,\", \"tokens\": [50654, 300, 411, 11, 498, 291, 1562, 352, 281, 702, 8265, 11, 50768], \"temperature\": 0.0, \"avg_logprob\": -0.2722282409667969, \"compression_ratio\": 1.7849462032318115, \"no_speech_prob\": 0.0005033162306062877}, {\"id\": 67, \"seek\": 14356, \"start\": 151.63999938964844, \"end\": 154.60000610351562, \"text\": \" they have shotguns and water hoses to keep the men out.\", \"tokens\": [50768, 436, 362, 24734, 82, 293, 1281, 276, 4201, 281, 1066, 264, 1706, 484, 13, 50916], \"temperature\": 0.0, \"avg_logprob\": -0.2722282409667969, \"compression_ratio\": 1.7849462032318115, \"no_speech_prob\": 0.0005033162306062877}, {\"id\": 68, \"seek\": 14356, \"start\": 154.60000610351562, \"end\": 156.1999969482422, \"text\": \" Their boyfriends are all,\", \"tokens\": [50916, 6710, 3237, 29027, 366, 439, 11, 50996], \"temperature\": 0.0, \"avg_logprob\": -0.2722282409667969, \"compression_ratio\": 1.7849462032318115, \"no_speech_prob\": 0.0005033162306062877}, {\"id\": 69, \"seek\": 14356, \"start\": 157.52000427246094, \"end\": 159.36000061035156, \"text\": \" they don't throw the parties on this house anymore,\", \"tokens\": [51062, 436, 500, 380, 3507, 264, 8265, 322, 341, 1782, 3602, 11, 51154], \"temperature\": 0.0, \"avg_logprob\": -0.2722282409667969, \"compression_ratio\": 1.7849462032318115, \"no_speech_prob\": 0.0005033162306062877}, {\"id\": 70, \"seek\": 14356, \"start\": 159.36000061035156, \"end\": 162.47999572753906, \"text\": \" but it used to be at the Chalon Road in Bel Air.\", \"tokens\": [51154, 457, 309, 1143, 281, 312, 412, 264, 761, 34979, 11507, 294, 6248, 5774, 13, 51310], \"temperature\": 0.0, \"avg_logprob\": -0.2722282409667969, \"compression_ratio\": 1.7849462032318115, \"no_speech_prob\": 0.0005033162306062877}, {\"id\": 71, \"seek\": 14356, \"start\": 162.47999572753906, \"end\": 165.0800018310547, \"text\": \" And up and down the road, there were guys\", \"tokens\": [51310, 400, 493, 293, 760, 264, 3060, 11, 456, 645, 1074, 51440], \"temperature\": 0.0, \"avg_logprob\": -0.2722282409667969, \"compression_ratio\": 1.7849462032318115, \"no_speech_prob\": 0.0005033162306062877}, {\"id\": 72, \"seek\": 14356, \"start\": 165.0800018310547, \"end\": 167.55999755859375, \"text\": \" with water hoses and shotguns,\", \"tokens\": [51440, 365, 1281, 276, 4201, 293, 24734, 82, 11, 51564], \"temperature\": 0.0, \"avg_logprob\": -0.2722282409667969, \"compression_ratio\": 1.7849462032318115, \"no_speech_prob\": 0.0005033162306062877}, {\"id\": 73, \"seek\": 14356, \"start\": 167.55999755859375, \"end\": 170.72000122070312, \"text\": \" keeping the boyfriends from going in the party\", \"tokens\": [51564, 5145, 264, 3237, 29027, 490, 516, 294, 264, 3595, 51722], \"temperature\": 0.0, \"avg_logprob\": -0.2722282409667969, \"compression_ratio\": 1.7849462032318115, \"no_speech_prob\": 0.0005033162306062877}, {\"id\": 74, \"seek\": 14356, \"start\": 170.72000122070312, \"end\": 172.39999389648438, \"text\": \" where all of the girls were there.\", \"tokens\": [51722, 689, 439, 295, 264, 4519, 645, 456, 13, 51806], \"temperature\": 0.0, \"avg_logprob\": -0.2722282409667969, \"compression_ratio\": 1.7849462032318115, \"no_speech_prob\": 0.0005033162306062877}, {\"id\": 75, \"seek\": 17240, \"start\": 172.39999389648438, \"end\": 173.24000549316406, \"text\": \" I mean, I'm serious.\", \"tokens\": [50364, 286, 914, 11, 286, 478, 3156, 13, 50406], \"temperature\": 0.0, \"avg_logprob\": -0.1959727555513382, \"compression_ratio\": 1.693811058998108, \"no_speech_prob\": 0.00018521587480790913}, {\"id\": 76, \"seek\": 17240, \"start\": 173.24000549316406, \"end\": 175.0399932861328, \"text\": \" I walked in with 50 girls.\", \"tokens\": [50406, 286, 7628, 294, 365, 2625, 4519, 13, 50496], \"temperature\": 0.0, \"avg_logprob\": -0.1959727555513382, \"compression_ratio\": 1.693811058998108, \"no_speech_prob\": 0.00018521587480790913}, {\"id\": 77, \"seek\": 17240, \"start\": 175.0399932861328, \"end\": 176.36000061035156, \"text\": \" It was crazy when you're in there.\", \"tokens\": [50496, 467, 390, 3219, 562, 291, 434, 294, 456, 13, 50562], \"temperature\": 0.0, \"avg_logprob\": -0.1959727555513382, \"compression_ratio\": 1.693811058998108, \"no_speech_prob\": 0.00018521587480790913}, {\"id\": 78, \"seek\": 17240, \"start\": 176.36000061035156, \"end\": 179.0399932861328, \"text\": \" But when you see like some men have that level of abundance\", \"tokens\": [50562, 583, 562, 291, 536, 411, 512, 1706, 362, 300, 1496, 295, 23391, 50696], \"temperature\": 0.0, \"avg_logprob\": -0.1959727555513382, \"compression_ratio\": 1.693811058998108, \"no_speech_prob\": 0.00018521587480790913}, {\"id\": 79, \"seek\": 17240, \"start\": 179.0399932861328, \"end\": 180.83999633789062, \"text\": \" and you just do some math, you're like,\", \"tokens\": [50696, 293, 291, 445, 360, 512, 5221, 11, 291, 434, 411, 11, 50786], \"temperature\": 0.0, \"avg_logprob\": -0.1959727555513382, \"compression_ratio\": 1.693811058998108, \"no_speech_prob\": 0.00018521587480790913}, {\"id\": 80, \"seek\": 17240, \"start\": 180.83999633789062, \"end\": 183.0800018310547, \"text\": \" that means there's a whole lot of cashiers\", \"tokens\": [50786, 300, 1355, 456, 311, 257, 1379, 688, 295, 6388, 4890, 50898], \"temperature\": 0.0, \"avg_logprob\": -0.1959727555513382, \"compression_ratio\": 1.693811058998108, \"no_speech_prob\": 0.00018521587480790913}, {\"id\": 81, \"seek\": 17240, \"start\": 183.0800018310547, \"end\": 187.60000610351562, \"text\": \" at Chick-fil-A and shelf stockers at Walmart\", \"tokens\": [50898, 412, 38930, 12, 19776, 12, 32, 293, 15222, 4127, 433, 412, 25237, 51124], \"temperature\": 0.0, \"avg_logprob\": -0.1959727555513382, \"compression_ratio\": 1.693811058998108, \"no_speech_prob\": 0.00018521587480790913}, {\"id\": 82, \"seek\": 17240, \"start\": 187.60000610351562, \"end\": 189.83999633789062, \"text\": \" that are getting no women at all.\", \"tokens\": [51124, 300, 366, 1242, 572, 2266, 412, 439, 13, 51236], \"temperature\": 0.0, \"avg_logprob\": -0.1959727555513382, \"compression_ratio\": 1.693811058998108, \"no_speech_prob\": 0.00018521587480790913}, {\"id\": 83, \"seek\": 17240, \"start\": 189.83999633789062, \"end\": 192.24000549316406, \"text\": \" So the question about monogamy is,\", \"tokens\": [51236, 407, 264, 1168, 466, 1108, 664, 7804, 307, 11, 51356], \"temperature\": 0.0, \"avg_logprob\": -0.1959727555513382, \"compression_ratio\": 1.693811058998108, \"no_speech_prob\": 0.00018521587480790913}, {\"id\": 84, \"seek\": 17240, \"start\": 192.24000549316406, \"end\": 194.1199951171875, \"text\": \" it's always just gonna end up where it ends up.\", \"tokens\": [51356, 309, 311, 1009, 445, 799, 917, 493, 689, 309, 5314, 493, 13, 51450], \"temperature\": 0.0, \"avg_logprob\": -0.1959727555513382, \"compression_ratio\": 1.693811058998108, \"no_speech_prob\": 0.00018521587480790913}, {\"id\": 85, \"seek\": 17240, \"start\": 194.1199951171875, \"end\": 196.63999938964844, \"text\": \" A marriage is a way to encourage it,\", \"tokens\": [51450, 316, 7194, 307, 257, 636, 281, 5373, 309, 11, 51576], \"temperature\": 0.0, \"avg_logprob\": -0.1959727555513382, \"compression_ratio\": 1.693811058998108, \"no_speech_prob\": 0.00018521587480790913}, {\"id\": 86, \"seek\": 17240, \"start\": 196.63999938964844, \"end\": 199.63999938964844, \"text\": \" not necessarily enforce it, but encourage monogamy.\", \"tokens\": [51576, 406, 4725, 24825, 309, 11, 457, 5373, 1108, 664, 7804, 13, 51726], \"temperature\": 0.0, \"avg_logprob\": -0.1959727555513382, \"compression_ratio\": 1.693811058998108, \"no_speech_prob\": 0.00018521587480790913}, {\"id\": 87, \"seek\": 17240, \"start\": 199.63999938964844, \"end\": 202.1199951171875, \"text\": \" And then in the end, what you're gonna have\", \"tokens\": [51726, 400, 550, 294, 264, 917, 11, 437, 291, 434, 799, 362, 51850], \"temperature\": 0.0, \"avg_logprob\": -0.1959727555513382, \"compression_ratio\": 1.693811058998108, \"no_speech_prob\": 0.00018521587480790913}, {\"id\": 88, \"seek\": 20212, \"start\": 202.72000122070312, \"end\": 203.55999755859375, \"text\": \" is a lot of men at the top being like,\", \"tokens\": [50394, 307, 257, 688, 295, 1706, 412, 264, 1192, 885, 411, 11, 50436], \"temperature\": 0.0, \"avg_logprob\": -0.2508811056613922, \"compression_ratio\": 1.6569342613220215, \"no_speech_prob\": 0.0042644827626645565}, {\"id\": 89, \"seek\": 20212, \"start\": 203.55999755859375, \"end\": 205.8000030517578, \"text\": \" especially like, there'll literally be US senators\", \"tokens\": [50436, 2318, 411, 11, 456, 603, 3736, 312, 2546, 32221, 50548], \"temperature\": 0.0, \"avg_logprob\": -0.2508811056613922, \"compression_ratio\": 1.6569342613220215, \"no_speech_prob\": 0.0042644827626645565}, {\"id\": 90, \"seek\": 20212, \"start\": 205.8000030517578, \"end\": 207.8800048828125, \"text\": \" being like, we need to enforce the family,\", \"tokens\": [50548, 885, 411, 11, 321, 643, 281, 24825, 264, 1605, 11, 50652], \"temperature\": 0.0, \"avg_logprob\": -0.2508811056613922, \"compression_ratio\": 1.6569342613220215, \"no_speech_prob\": 0.0042644827626645565}, {\"id\": 91, \"seek\": 20212, \"start\": 207.8800048828125, \"end\": 209.0800018310547, \"text\": \" get back to the nuclear family,\", \"tokens\": [50652, 483, 646, 281, 264, 8179, 1605, 11, 50712], \"temperature\": 0.0, \"avg_logprob\": -0.2508811056613922, \"compression_ratio\": 1.6569342613220215, \"no_speech_prob\": 0.0042644827626645565}, {\"id\": 92, \"seek\": 20212, \"start\": 209.0800018310547, \"end\": 210.44000244140625, \"text\": \" and then they'll cheat on their way.\", \"tokens\": [50712, 293, 550, 436, 603, 17470, 322, 641, 636, 13, 50780], \"temperature\": 0.0, \"avg_logprob\": -0.2508811056613922, \"compression_ratio\": 1.6569342613220215, \"no_speech_prob\": 0.0042644827626645565}, {\"id\": 93, \"seek\": 20212, \"start\": 210.44000244140625, \"end\": 212.16000366210938, \"text\": \" So that's just the way the world works.\", \"tokens\": [50780, 407, 300, 311, 445, 264, 636, 264, 1002, 1985, 13, 50866], \"temperature\": 0.0, \"avg_logprob\": -0.2508811056613922, \"compression_ratio\": 1.6569342613220215, \"no_speech_prob\": 0.0042644827626645565}, {\"id\": 94, \"seek\": 20212, \"start\": 212.16000366210938, \"end\": 213.0800018310547, \"text\": \" No, that makes perfect sense.\", \"tokens\": [50866, 883, 11, 300, 1669, 2176, 2020, 13, 50912], \"temperature\": 0.0, \"avg_logprob\": -0.2508811056613922, \"compression_ratio\": 1.6569342613220215, \"no_speech_prob\": 0.0042644827626645565}, {\"id\": 95, \"seek\": 20212, \"start\": 213.0800018310547, \"end\": 216.0, \"text\": \" And I didn't realize that the monogamy thing\", \"tokens\": [50912, 400, 286, 994, 380, 4325, 300, 264, 1108, 664, 7804, 551, 51058], \"temperature\": 0.0, \"avg_logprob\": -0.2508811056613922, \"compression_ratio\": 1.6569342613220215, \"no_speech_prob\": 0.0042644827626645565}, {\"id\": 96, \"seek\": 20212, \"start\": 216.0, \"end\": 218.24000549316406, \"text\": \" has been proven to be helpful for society.\", \"tokens\": [51058, 575, 668, 12785, 281, 312, 4961, 337, 4086, 13, 51170], \"temperature\": 0.0, \"avg_logprob\": -0.2508811056613922, \"compression_ratio\": 1.6569342613220215, \"no_speech_prob\": 0.0042644827626645565}, {\"id\": 97, \"seek\": 20212, \"start\": 220.63999938964844, \"end\": 224.1199951171875, \"text\": \" Do you think most men would enjoy the option\", \"tokens\": [51290, 1144, 291, 519, 881, 1706, 576, 2103, 264, 3614, 51464], \"temperature\": 0.0, \"avg_logprob\": -0.2508811056613922, \"compression_ratio\": 1.6569342613220215, \"no_speech_prob\": 0.0042644827626645565}, {\"id\": 98, \"seek\": 20212, \"start\": 224.1199951171875, \"end\": 229.1199951171875, \"text\": \" to, if he wanted variety, that it's on the table?\", \"tokens\": [51464, 281, 11, 498, 415, 1415, 5673, 11, 300, 309, 311, 322, 264, 3199, 30, 51714], \"temperature\": 0.0, \"avg_logprob\": -0.2508811056613922, \"compression_ratio\": 1.6569342613220215, \"no_speech_prob\": 0.0042644827626645565}, {\"id\": 99, \"seek\": 22912, \"start\": 229.24000549316406, \"end\": 230.16000366210938, \"text\": \" It's on the table.\", \"tokens\": [50370, 467, 311, 322, 264, 3199, 13, 50416], \"temperature\": 0.0, \"avg_logprob\": -0.2722983658313751, \"compression_ratio\": 1.6828478574752808, \"no_speech_prob\": 0.0007436869782395661}, {\"id\": 100, \"seek\": 22912, \"start\": 231.1999969482422, \"end\": 234.24000549316406, \"text\": \" And do you think that, do you also think that most men\", \"tokens\": [50468, 400, 360, 291, 519, 300, 11, 360, 291, 611, 519, 300, 881, 1706, 50620], \"temperature\": 0.0, \"avg_logprob\": -0.2722983658313751, \"compression_ratio\": 1.6828478574752808, \"no_speech_prob\": 0.0007436869782395661}, {\"id\": 101, \"seek\": 22912, \"start\": 234.24000549316406, \"end\": 236.9600067138672, \"text\": \" should try to, A, increase their value\", \"tokens\": [50620, 820, 853, 281, 11, 316, 11, 3488, 641, 2158, 50756], \"temperature\": 0.0, \"avg_logprob\": -0.2722983658313751, \"compression_ratio\": 1.6828478574752808, \"no_speech_prob\": 0.0007436869782395661}, {\"id\": 102, \"seek\": 22912, \"start\": 236.9600067138672, \"end\": 238.0399932861328, \"text\": \" so that they have options\", \"tokens\": [50756, 370, 300, 436, 362, 3956, 50810], \"temperature\": 0.0, \"avg_logprob\": -0.2722983658313751, \"compression_ratio\": 1.6828478574752808, \"no_speech_prob\": 0.0007436869782395661}, {\"id\": 103, \"seek\": 22912, \"start\": 238.0399932861328, \"end\": 239.39999389648438, \"text\": \" and can even have this conversation,\", \"tokens\": [50810, 293, 393, 754, 362, 341, 3761, 11, 50878], \"temperature\": 0.0, \"avg_logprob\": -0.2722983658313751, \"compression_ratio\": 1.6828478574752808, \"no_speech_prob\": 0.0007436869782395661}, {\"id\": 104, \"seek\": 22912, \"start\": 239.39999389648438, \"end\": 241.36000061035156, \"text\": \" but then also to negotiate that\", \"tokens\": [50878, 457, 550, 611, 281, 21713, 300, 50976], \"temperature\": 0.0, \"avg_logprob\": -0.2722983658313751, \"compression_ratio\": 1.6828478574752808, \"no_speech_prob\": 0.0007436869782395661}, {\"id\": 105, \"seek\": 22912, \"start\": 241.36000061035156, \"end\": 243.83999633789062, \"text\": \" so that if it so happens that they meet somebody\", \"tokens\": [50976, 370, 300, 498, 309, 370, 2314, 300, 436, 1677, 2618, 51100], \"temperature\": 0.0, \"avg_logprob\": -0.2722983658313751, \"compression_ratio\": 1.6828478574752808, \"no_speech_prob\": 0.0007436869782395661}, {\"id\": 106, \"seek\": 22912, \"start\": 243.83999633789062, \"end\": 246.32000732421875, \"text\": \" or whatever and just wanna get it out of their system,\", \"tokens\": [51100, 420, 2035, 293, 445, 1948, 483, 309, 484, 295, 641, 1185, 11, 51224], \"temperature\": 0.0, \"avg_logprob\": -0.2722983658313751, \"compression_ratio\": 1.6828478574752808, \"no_speech_prob\": 0.0007436869782395661}, {\"id\": 107, \"seek\": 22912, \"start\": 246.32000732421875, \"end\": 249.44000244140625, \"text\": \" that they can without endangering their family\", \"tokens\": [51224, 300, 436, 393, 1553, 917, 656, 1794, 641, 1605, 51380], \"temperature\": 0.0, \"avg_logprob\": -0.2722983658313751, \"compression_ratio\": 1.6828478574752808, \"no_speech_prob\": 0.0007436869782395661}, {\"id\": 108, \"seek\": 22912, \"start\": 249.44000244140625, \"end\": 250.47999572753906, \"text\": \" and their resources?\", \"tokens\": [51380, 293, 641, 3593, 30, 51432], \"temperature\": 0.0, \"avg_logprob\": -0.2722983658313751, \"compression_ratio\": 1.6828478574752808, \"no_speech_prob\": 0.0007436869782395661}, {\"id\": 109, \"seek\": 22912, \"start\": 252.0399932861328, \"end\": 253.52000427246094, \"text\": \" There's just two different types of men.\", \"tokens\": [51510, 821, 311, 445, 732, 819, 3467, 295, 1706, 13, 51584], \"temperature\": 0.0, \"avg_logprob\": -0.2722983658313751, \"compression_ratio\": 1.6828478574752808, \"no_speech_prob\": 0.0007436869782395661}, {\"id\": 110, \"seek\": 22912, \"start\": 253.52000427246094, \"end\": 256.4800109863281, \"text\": \" Like a man who makes over, top 10% of wage earners\", \"tokens\": [51584, 1743, 257, 587, 567, 1669, 670, 11, 1192, 1266, 4, 295, 15444, 6012, 433, 51732], \"temperature\": 0.0, \"avg_logprob\": -0.2722983658313751, \"compression_ratio\": 1.6828478574752808, \"no_speech_prob\": 0.0007436869782395661}, {\"id\": 111, \"seek\": 22912, \"start\": 256.4800109863281, \"end\": 258.8800048828125, \"text\": \" in the United States I think is $170,000 a year.\", \"tokens\": [51732, 294, 264, 2824, 3040, 286, 519, 307, 1848, 16, 5867, 11, 1360, 257, 1064, 13, 51852], \"temperature\": 0.0, \"avg_logprob\": -0.2722983658313751, \"compression_ratio\": 1.6828478574752808, \"no_speech_prob\": 0.0007436869782395661}, {\"id\": 112, \"seek\": 25912, \"start\": 260.0, \"end\": 262.20001220703125, \"text\": \" They just like literally a man\", \"tokens\": [50408, 814, 445, 411, 3736, 257, 587, 50518], \"temperature\": 0.0, \"avg_logprob\": -0.16434630751609802, \"compression_ratio\": 1.6767241954803467, \"no_speech_prob\": 8.092472853604704e-05}, {\"id\": 113, \"seek\": 25912, \"start\": 262.20001220703125, \"end\": 263.760009765625, \"text\": \" who makes over $170,000 a year\", \"tokens\": [50518, 567, 1669, 670, 1848, 16, 5867, 11, 1360, 257, 1064, 50596], \"temperature\": 0.0, \"avg_logprob\": -0.16434630751609802, \"compression_ratio\": 1.6767241954803467, \"no_speech_prob\": 8.092472853604704e-05}, {\"id\": 114, \"seek\": 25912, \"start\": 263.760009765625, \"end\": 266.32000732421875, \"text\": \" who's over six feet tall and is good looking.\", \"tokens\": [50596, 567, 311, 670, 2309, 3521, 6764, 293, 307, 665, 1237, 13, 50724], \"temperature\": 0.0, \"avg_logprob\": -0.16434630751609802, \"compression_ratio\": 1.6767241954803467, \"no_speech_prob\": 8.092472853604704e-05}, {\"id\": 115, \"seek\": 25912, \"start\": 266.32000732421875, \"end\": 268.32000732421875, \"text\": \" His options with women are just,\", \"tokens\": [50724, 2812, 3956, 365, 2266, 366, 445, 11, 50824], \"temperature\": 0.0, \"avg_logprob\": -0.16434630751609802, \"compression_ratio\": 1.6767241954803467, \"no_speech_prob\": 8.092472853604704e-05}, {\"id\": 116, \"seek\": 25912, \"start\": 268.32000732421875, \"end\": 270.67999267578125, \"text\": \" they're not a little bit more.\", \"tokens\": [50824, 436, 434, 406, 257, 707, 857, 544, 13, 50942], \"temperature\": 0.0, \"avg_logprob\": -0.16434630751609802, \"compression_ratio\": 1.6767241954803467, \"no_speech_prob\": 8.092472853604704e-05}, {\"id\": 117, \"seek\": 25912, \"start\": 270.67999267578125, \"end\": 273.7200012207031, \"text\": \" They're two orders of magnitude more.\", \"tokens\": [50942, 814, 434, 732, 9470, 295, 15668, 544, 13, 51094], \"temperature\": 0.0, \"avg_logprob\": -0.16434630751609802, \"compression_ratio\": 1.6767241954803467, \"no_speech_prob\": 8.092472853604704e-05}, {\"id\": 118, \"seek\": 25912, \"start\": 273.7200012207031, \"end\": 276.1600036621094, \"text\": \" 80% of men on Tinder, Bumble, and Hinge\", \"tokens\": [51094, 4688, 4, 295, 1706, 322, 49341, 11, 363, 16473, 11, 293, 389, 8735, 51216], \"temperature\": 0.0, \"avg_logprob\": -0.16434630751609802, \"compression_ratio\": 1.6767241954803467, \"no_speech_prob\": 8.092472853604704e-05}, {\"id\": 119, \"seek\": 25912, \"start\": 276.1600036621094, \"end\": 278.6400146484375, \"text\": \" are deemed unattractive by women.\", \"tokens\": [51216, 366, 27637, 47316, 1897, 488, 538, 2266, 13, 51340], \"temperature\": 0.0, \"avg_logprob\": -0.16434630751609802, \"compression_ratio\": 1.6767241954803467, \"no_speech_prob\": 8.092472853604704e-05}, {\"id\": 120, \"seek\": 25912, \"start\": 278.6400146484375, \"end\": 281.0400085449219, \"text\": \" The top 20% of right swipes,\", \"tokens\": [51340, 440, 1192, 945, 4, 295, 558, 1693, 38689, 11, 51460], \"temperature\": 0.0, \"avg_logprob\": -0.16434630751609802, \"compression_ratio\": 1.6767241954803467, \"no_speech_prob\": 8.092472853604704e-05}, {\"id\": 121, \"seek\": 25912, \"start\": 281.0400085449219, \"end\": 284.1199951171875, \"text\": \" the top 20% of men on Tinder, Bumble, and Hinge\", \"tokens\": [51460, 264, 1192, 945, 4, 295, 1706, 322, 49341, 11, 363, 16473, 11, 293, 389, 8735, 51614], \"temperature\": 0.0, \"avg_logprob\": -0.16434630751609802, \"compression_ratio\": 1.6767241954803467, \"no_speech_prob\": 8.092472853604704e-05}, {\"id\": 122, \"seek\": 25912, \"start\": 284.1199951171875, \"end\": 286.79998779296875, \"text\": \" get 83% of the right swipes.\", \"tokens\": [51614, 483, 30997, 4, 295, 264, 558, 1693, 38689, 13, 51748], \"temperature\": 0.0, \"avg_logprob\": -0.16434630751609802, \"compression_ratio\": 1.6767241954803467, \"no_speech_prob\": 8.092472853604704e-05}, {\"id\": 123, \"seek\": 28680, \"start\": 286.79998779296875, \"end\": 290.239990234375, \"text\": \" Like it's not, there's two species of men now.\", \"tokens\": [50364, 1743, 309, 311, 406, 11, 456, 311, 732, 6172, 295, 1706, 586, 13, 50536], \"temperature\": 0.0, \"avg_logprob\": -0.2002052664756775, \"compression_ratio\": 1.8322784900665283, \"no_speech_prob\": 3.3213327697012573e-05}, {\"id\": 124, \"seek\": 28680, \"start\": 290.239990234375, \"end\": 293.44000244140625, \"text\": \" There is a successful high status species of man\", \"tokens\": [50536, 821, 307, 257, 4406, 1090, 6558, 6172, 295, 587, 50696], \"temperature\": 0.0, \"avg_logprob\": -0.2002052664756775, \"compression_ratio\": 1.8322784900665283, \"no_speech_prob\": 3.3213327697012573e-05}, {\"id\": 125, \"seek\": 28680, \"start\": 293.44000244140625, \"end\": 295.9599914550781, \"text\": \" that women date and then complain about\", \"tokens\": [50696, 300, 2266, 4002, 293, 550, 11024, 466, 50822], \"temperature\": 0.0, \"avg_logprob\": -0.2002052664756775, \"compression_ratio\": 1.8322784900665283, \"no_speech_prob\": 3.3213327697012573e-05}, {\"id\": 126, \"seek\": 28680, \"start\": 295.9599914550781, \"end\": 298.2799987792969, \"text\": \" because they have too many women and too many options.\", \"tokens\": [50822, 570, 436, 362, 886, 867, 2266, 293, 886, 867, 3956, 13, 50938], \"temperature\": 0.0, \"avg_logprob\": -0.2002052664756775, \"compression_ratio\": 1.8322784900665283, \"no_speech_prob\": 3.3213327697012573e-05}, {\"id\": 127, \"seek\": 28680, \"start\": 298.2799987792969, \"end\": 301.6000061035156, \"text\": \" And then there's the rest of men that women don't even see.\", \"tokens\": [50938, 400, 550, 456, 311, 264, 1472, 295, 1706, 300, 2266, 500, 380, 754, 536, 13, 51104], \"temperature\": 0.0, \"avg_logprob\": -0.2002052664756775, \"compression_ratio\": 1.8322784900665283, \"no_speech_prob\": 3.3213327697012573e-05}, {\"id\": 128, \"seek\": 28680, \"start\": 301.6000061035156, \"end\": 303.0799865722656, \"text\": \" They don't even notice that.\", \"tokens\": [51104, 814, 500, 380, 754, 3449, 300, 13, 51178], \"temperature\": 0.0, \"avg_logprob\": -0.2002052664756775, \"compression_ratio\": 1.8322784900665283, \"no_speech_prob\": 3.3213327697012573e-05}, {\"id\": 129, \"seek\": 28680, \"start\": 303.0799865722656, \"end\": 303.9200134277344, \"text\": \" And I'm serious.\", \"tokens\": [51178, 400, 286, 478, 3156, 13, 51220], \"temperature\": 0.0, \"avg_logprob\": -0.2002052664756775, \"compression_ratio\": 1.8322784900665283, \"no_speech_prob\": 3.3213327697012573e-05}, {\"id\": 130, \"seek\": 28680, \"start\": 303.9200134277344, \"end\": 305.6000061035156, \"text\": \" Like I've done this before where me and my girlfriend\", \"tokens\": [51220, 1743, 286, 600, 1096, 341, 949, 689, 385, 293, 452, 10369, 51304], \"temperature\": 0.0, \"avg_logprob\": -0.2002052664756775, \"compression_ratio\": 1.8322784900665283, \"no_speech_prob\": 3.3213327697012573e-05}, {\"id\": 131, \"seek\": 28680, \"start\": 305.6000061035156, \"end\": 307.55999755859375, \"text\": \" will go to like Jack in the Box\", \"tokens\": [51304, 486, 352, 281, 411, 4718, 294, 264, 15112, 51402], \"temperature\": 0.0, \"avg_logprob\": -0.2002052664756775, \"compression_ratio\": 1.8322784900665283, \"no_speech_prob\": 3.3213327697012573e-05}, {\"id\": 132, \"seek\": 28680, \"start\": 307.55999755859375, \"end\": 308.6000061035156, \"text\": \" or whatever in the middle of the night.\", \"tokens\": [51402, 420, 2035, 294, 264, 2808, 295, 264, 1818, 13, 51454], \"temperature\": 0.0, \"avg_logprob\": -0.2002052664756775, \"compression_ratio\": 1.8322784900665283, \"no_speech_prob\": 3.3213327697012573e-05}, {\"id\": 133, \"seek\": 28680, \"start\": 308.6000061035156, \"end\": 309.8800048828125, \"text\": \" And then afterwards we'll drive off\", \"tokens\": [51454, 400, 550, 10543, 321, 603, 3332, 766, 51518], \"temperature\": 0.0, \"avg_logprob\": -0.2002052664756775, \"compression_ratio\": 1.8322784900665283, \"no_speech_prob\": 3.3213327697012573e-05}, {\"id\": 134, \"seek\": 28680, \"start\": 309.8800048828125, \"end\": 311.79998779296875, \"text\": \" and I'll be like, describe the cashier.\", \"tokens\": [51518, 293, 286, 603, 312, 411, 11, 6786, 264, 6388, 811, 13, 51614], \"temperature\": 0.0, \"avg_logprob\": -0.2002052664756775, \"compression_ratio\": 1.8322784900665283, \"no_speech_prob\": 3.3213327697012573e-05}, {\"id\": 135, \"seek\": 28680, \"start\": 311.79998779296875, \"end\": 313.1600036621094, \"text\": \" And they don't remember a fucking thing\", \"tokens\": [51614, 400, 436, 500, 380, 1604, 257, 5546, 551, 51682], \"temperature\": 0.0, \"avg_logprob\": -0.2002052664756775, \"compression_ratio\": 1.8322784900665283, \"no_speech_prob\": 3.3213327697012573e-05}, {\"id\": 136, \"seek\": 28680, \"start\": 313.1600036621094, \"end\": 315.8399963378906, \"text\": \" because it was a man who was low status.\", \"tokens\": [51682, 570, 309, 390, 257, 587, 567, 390, 2295, 6558, 13, 51816], \"temperature\": 0.0, \"avg_logprob\": -0.2002052664756775, \"compression_ratio\": 1.8322784900665283, \"no_speech_prob\": 3.3213327697012573e-05}, {\"id\": 137, \"seek\": 31584, \"start\": 315.8399963378906, \"end\": 318.0799865722656, \"text\": \" He's a piece of furniture to most women.\", \"tokens\": [50364, 634, 311, 257, 2522, 295, 15671, 281, 881, 2266, 13, 50476], \"temperature\": 0.0, \"avg_logprob\": -0.17626076936721802, \"compression_ratio\": 1.922580599784851, \"no_speech_prob\": 0.00030060511198826134}, {\"id\": 138, \"seek\": 31584, \"start\": 318.0799865722656, \"end\": 318.9200134277344, \"text\": \" He doesn't matter.\", \"tokens\": [50476, 634, 1177, 380, 1871, 13, 50518], \"temperature\": 0.0, \"avg_logprob\": -0.17626076936721802, \"compression_ratio\": 1.922580599784851, \"no_speech_prob\": 0.00030060511198826134}, {\"id\": 139, \"seek\": 31584, \"start\": 318.9200134277344, \"end\": 321.79998779296875, \"text\": \" They just don't notice these men at all.\", \"tokens\": [50518, 814, 445, 500, 380, 3449, 613, 1706, 412, 439, 13, 50662], \"temperature\": 0.0, \"avg_logprob\": -0.17626076936721802, \"compression_ratio\": 1.922580599784851, \"no_speech_prob\": 0.00030060511198826134}, {\"id\": 140, \"seek\": 31584, \"start\": 321.79998779296875, \"end\": 323.9599914550781, \"text\": \" But a guy in a Ferrari, I guarantee you\", \"tokens\": [50662, 583, 257, 2146, 294, 257, 29828, 11, 286, 10815, 291, 50770], \"temperature\": 0.0, \"avg_logprob\": -0.17626076936721802, \"compression_ratio\": 1.922580599784851, \"no_speech_prob\": 0.00030060511198826134}, {\"id\": 141, \"seek\": 31584, \"start\": 323.9599914550781, \"end\": 325.6000061035156, \"text\": \" she remembers that he had blue eyes.\", \"tokens\": [50770, 750, 26228, 300, 415, 632, 3344, 2575, 13, 50852], \"temperature\": 0.0, \"avg_logprob\": -0.17626076936721802, \"compression_ratio\": 1.922580599784851, \"no_speech_prob\": 0.00030060511198826134}, {\"id\": 142, \"seek\": 31584, \"start\": 325.6000061035156, \"end\": 327.3599853515625, \"text\": \" I promise you she does.\", \"tokens\": [50852, 286, 6228, 291, 750, 775, 13, 50940], \"temperature\": 0.0, \"avg_logprob\": -0.17626076936721802, \"compression_ratio\": 1.922580599784851, \"no_speech_prob\": 0.00030060511198826134}, {\"id\": 143, \"seek\": 31584, \"start\": 327.3599853515625, \"end\": 329.55999755859375, \"text\": \" Because that's just the way, that's the way it works.\", \"tokens\": [50940, 1436, 300, 311, 445, 264, 636, 11, 300, 311, 264, 636, 309, 1985, 13, 51050], \"temperature\": 0.0, \"avg_logprob\": -0.17626076936721802, \"compression_ratio\": 1.922580599784851, \"no_speech_prob\": 0.00030060511198826134}, {\"id\": 144, \"seek\": 31584, \"start\": 329.55999755859375, \"end\": 331.44000244140625, \"text\": \" Most women, it's not that women are even\", \"tokens\": [51050, 4534, 2266, 11, 309, 311, 406, 300, 2266, 366, 754, 51144], \"temperature\": 0.0, \"avg_logprob\": -0.17626076936721802, \"compression_ratio\": 1.922580599784851, \"no_speech_prob\": 0.00030060511198826134}, {\"id\": 145, \"seek\": 31584, \"start\": 331.44000244140625, \"end\": 332.4800109863281, \"text\": \" like disregarding these men\", \"tokens\": [51144, 411, 44493, 278, 613, 1706, 51196], \"temperature\": 0.0, \"avg_logprob\": -0.17626076936721802, \"compression_ratio\": 1.922580599784851, \"no_speech_prob\": 0.00030060511198826134}, {\"id\": 146, \"seek\": 31584, \"start\": 332.4800109863281, \"end\": 334.1199951171875, \"text\": \" or like they're not dissing these men.\", \"tokens\": [51196, 420, 411, 436, 434, 406, 7802, 278, 613, 1706, 13, 51278], \"temperature\": 0.0, \"avg_logprob\": -0.17626076936721802, \"compression_ratio\": 1.922580599784851, \"no_speech_prob\": 0.00030060511198826134}, {\"id\": 147, \"seek\": 31584, \"start\": 334.1199951171875, \"end\": 335.9599914550781, \"text\": \" They don't even notice these men exist.\", \"tokens\": [51278, 814, 500, 380, 754, 3449, 613, 1706, 2514, 13, 51370], \"temperature\": 0.0, \"avg_logprob\": -0.17626076936721802, \"compression_ratio\": 1.922580599784851, \"no_speech_prob\": 0.00030060511198826134}, {\"id\": 148, \"seek\": 31584, \"start\": 335.9599914550781, \"end\": 338.1600036621094, \"text\": \" Like literally, they're not even acknowledging\", \"tokens\": [51370, 1743, 3736, 11, 436, 434, 406, 754, 30904, 51480], \"temperature\": 0.0, \"avg_logprob\": -0.17626076936721802, \"compression_ratio\": 1.922580599784851, \"no_speech_prob\": 0.00030060511198826134}, {\"id\": 149, \"seek\": 31584, \"start\": 338.1600036621094, \"end\": 340.32000732421875, \"text\": \" that the Filipino who's five foot five,\", \"tokens\": [51480, 300, 264, 41266, 567, 311, 1732, 2671, 1732, 11, 51588], \"temperature\": 0.0, \"avg_logprob\": -0.17626076936721802, \"compression_ratio\": 1.922580599784851, \"no_speech_prob\": 0.00030060511198826134}, {\"id\": 150, \"seek\": 31584, \"start\": 340.32000732421875, \"end\": 342.7200012207031, \"text\": \" who's their cashier at Walmart, that he's unattractive.\", \"tokens\": [51588, 567, 311, 641, 6388, 811, 412, 25237, 11, 300, 415, 311, 47316, 1897, 488, 13, 51708], \"temperature\": 0.0, \"avg_logprob\": -0.17626076936721802, \"compression_ratio\": 1.922580599784851, \"no_speech_prob\": 0.00030060511198826134}, {\"id\": 151, \"seek\": 31584, \"start\": 342.7200012207031, \"end\": 344.8399963378906, \"text\": \" They're not even acknowledging he's unattractive.\", \"tokens\": [51708, 814, 434, 406, 754, 30904, 415, 311, 47316, 1897, 488, 13, 51814], \"temperature\": 0.0, \"avg_logprob\": -0.17626076936721802, \"compression_ratio\": 1.922580599784851, \"no_speech_prob\": 0.00030060511198826134}, {\"id\": 152, \"seek\": 34484, \"start\": 344.8399963378906, \"end\": 348.8399963378906, \"text\": \" They don't recognize he exists.\", \"tokens\": [50364, 814, 500, 380, 5521, 415, 8198, 13, 50564], \"temperature\": 0.0, \"avg_logprob\": -0.2826152443885803, \"compression_ratio\": 1.7122302055358887, \"no_speech_prob\": 1.3005993423576001e-05}, {\"id\": 153, \"seek\": 34484, \"start\": 348.8399963378906, \"end\": 349.9599914550781, \"text\": \" That's how it is for most women.\", \"tokens\": [50564, 663, 311, 577, 309, 307, 337, 881, 2266, 13, 50620], \"temperature\": 0.0, \"avg_logprob\": -0.2826152443885803, \"compression_ratio\": 1.7122302055358887, \"no_speech_prob\": 1.3005993423576001e-05}, {\"id\": 154, \"seek\": 34484, \"start\": 349.9599914550781, \"end\": 351.5199890136719, \"text\": \" And so that's the reason why\", \"tokens\": [50620, 400, 370, 300, 311, 264, 1778, 983, 50698], \"temperature\": 0.0, \"avg_logprob\": -0.2826152443885803, \"compression_ratio\": 1.7122302055358887, \"no_speech_prob\": 1.3005993423576001e-05}, {\"id\": 155, \"seek\": 34484, \"start\": 351.5199890136719, \"end\": 353.0799865722656, \"text\": \" when you ask the question about monogamy,\", \"tokens\": [50698, 562, 291, 1029, 264, 1168, 466, 1108, 664, 7804, 11, 50776], \"temperature\": 0.0, \"avg_logprob\": -0.2826152443885803, \"compression_ratio\": 1.7122302055358887, \"no_speech_prob\": 1.3005993423576001e-05}, {\"id\": 156, \"seek\": 34484, \"start\": 353.0799865722656, \"end\": 355.79998779296875, \"text\": \" now most men don't even get monogamy, right?\", \"tokens\": [50776, 586, 881, 1706, 500, 380, 754, 483, 1108, 664, 7804, 11, 558, 30, 50912], \"temperature\": 0.0, \"avg_logprob\": -0.2826152443885803, \"compression_ratio\": 1.7122302055358887, \"no_speech_prob\": 1.3005993423576001e-05}, {\"id\": 157, \"seek\": 34484, \"start\": 355.79998779296875, \"end\": 356.67999267578125, \"text\": \" They get celibacy.\", \"tokens\": [50912, 814, 483, 9277, 897, 2551, 13, 50956], \"temperature\": 0.0, \"avg_logprob\": -0.2826152443885803, \"compression_ratio\": 1.7122302055358887, \"no_speech_prob\": 1.3005993423576001e-05}, {\"id\": 158, \"seek\": 34484, \"start\": 356.67999267578125, \"end\": 358.9599914550781, \"text\": \" So that's the issue that's going on.\", \"tokens\": [50956, 407, 300, 311, 264, 2734, 300, 311, 516, 322, 13, 51070], \"temperature\": 0.0, \"avg_logprob\": -0.2826152443885803, \"compression_ratio\": 1.7122302055358887, \"no_speech_prob\": 1.3005993423576001e-05}, {\"id\": 159, \"seek\": 34484, \"start\": 358.9599914550781, \"end\": 362.0, \"text\": \" So, you know, I just like to welcome the robots\", \"tokens\": [51070, 407, 11, 291, 458, 11, 286, 445, 411, 281, 2928, 264, 14733, 51222], \"temperature\": 0.0, \"avg_logprob\": -0.2826152443885803, \"compression_ratio\": 1.7122302055358887, \"no_speech_prob\": 1.3005993423576001e-05}, {\"id\": 160, \"seek\": 34484, \"start\": 362.0, \"end\": 363.5199890136719, \"text\": \" that are grandchildren\", \"tokens\": [51222, 300, 366, 28112, 51298], \"temperature\": 0.0, \"avg_logprob\": -0.2826152443885803, \"compression_ratio\": 1.7122302055358887, \"no_speech_prob\": 1.3005993423576001e-05}, {\"id\": 161, \"seek\": 34484, \"start\": 363.5199890136719, \"end\": 365.3599853515625, \"text\": \" and we'll be fucking here in 70 years.\", \"tokens\": [51298, 293, 321, 603, 312, 5546, 510, 294, 5285, 924, 13, 51390], \"temperature\": 0.0, \"avg_logprob\": -0.2826152443885803, \"compression_ratio\": 1.7122302055358887, \"no_speech_prob\": 1.3005993423576001e-05}, {\"id\": 162, \"seek\": 34484, \"start\": 365.3599853515625, \"end\": 367.9200134277344, \"text\": \" I just like to welcome, just, you know, don't kill me.\", \"tokens\": [51390, 286, 445, 411, 281, 2928, 11, 445, 11, 291, 458, 11, 500, 380, 1961, 385, 13, 51518], \"temperature\": 0.0, \"avg_logprob\": -0.2826152443885803, \"compression_ratio\": 1.7122302055358887, \"no_speech_prob\": 1.3005993423576001e-05}, {\"id\": 163, \"seek\": 34484, \"start\": 367.9200134277344, \"end\": 369.6000061035156, \"text\": \" Fembot 2000.\", \"tokens\": [51518, 479, 443, 18870, 8132, 13, 51602], \"temperature\": 0.0, \"avg_logprob\": -0.2826152443885803, \"compression_ratio\": 1.7122302055358887, \"no_speech_prob\": 1.3005993423576001e-05}, {\"id\": 164, \"seek\": 34484, \"start\": 369.6000061035156, \"end\": 372.6400146484375, \"text\": \" I wanna be the first to welcome our robot overlords.\", \"tokens\": [51602, 286, 1948, 312, 264, 700, 281, 2928, 527, 7881, 15986, 5703, 13, 51754], \"temperature\": 0.0, \"avg_logprob\": -0.2826152443885803, \"compression_ratio\": 1.7122302055358887, \"no_speech_prob\": 1.3005993423576001e-05}, {\"id\": 165, \"seek\": 34484, \"start\": 372.6400146484375, \"end\": 373.4800109863281, \"text\": \" Welcome.\", \"tokens\": [51754, 4027, 13, 51796], \"temperature\": 0.0, \"avg_logprob\": -0.2826152443885803, \"compression_ratio\": 1.7122302055358887, \"no_speech_prob\": 1.3005993423576001e-05}]}"}