{"title": "How to figure out what you want to do in life", "video_id": "NVRt5OjXe2I", "video_url": "https://www.youtube.com/watch?v=NVRt5OjXe2I", "description": "Watch The Full Thing Here : \n\u2014\u2014\u2014\u2014\u2014\u2014\u2014\u2014\u2014\u2014\u2014\u2014\u2014\u2014\u2014\u2014\u2014\u2014\u2014\u2014\nReady to build a network of amazing women and high-status men?\n\nMichael\u2019s Men of Action is a one-on-one Master\u2019s program that teaches men how to create elite \nsocial lives by becoming higher status.\n\nClick this link to learn how you can have a High-Status lifestyle now:\nhttps://m.moamentoring.com/podcast\n\nClick here to join the Men of Action community and watch the High-Status Networking 101 course:\nhttps://m.moamentoring.com/moa-community\n\nInterested in joining the Men of Action sales team? Apply here:\nhttps://www.moamentoring.com/jobs/sales\n\nMen of Action has an affiliate program! Post pre-made content and get paid passively:\nhttps://www.moamentoring.com/affiliate\n\u2014\u2014\u2014\u2014\u2014\u2014\u2014\u2014\u2014\u2014\u2014\u2014\u2014\u2014\u2014\u2014\u2014\u2014\u2014\u2014\n\nSubscribe on Youtube: \nhttps://www.youtube.com/user/MichaelSartain\n\nListen on Apple Podcast: \nhttps://podcasts.apple.com/us/podcast/the-michael-sartain-podcast/id1579791157\n\nListen on Spotify: \nhttps://open.spotify.com/show/2faAYwvDD9Bvkpwv6umlPO?si=8Q3ak9HnSlKjuChsTXr6YQ&dl_branch=1\n\n#michael #michaelsartain #michael_sartain #michael_sartain_podcast", "published_at": "2023-12-24T20:00:08Z", "channel_id": "UC0T1bDzajVefRWx4uKdGyuw", "channel_title": "Michael Sartain", "tags": ["Michael", "Michael Sartain", "Michael Sartain Podcast", "Michael Podcast", "MOA", "Men Of Action", "Michael Sartain Course", "Michael Sartain With Hot Women", "Playboy", "Swimsuit", "Swimsuit Competition", "ichael sartain social circle", "social circle", "how to netowrk", "moa", "moa podcast", "gender wage gap", "gender wage gap myth", "wage gap", "social value", "michael sartain course", "looks money status", "social circle mentorship", "michael sartain social circle game", "men of action podcast", "men of action course"], "category_id": "24", "live_broadcast_content": "none", "duration": 57.0, "dimension": "2d", "definition": "hd", "caption": "false", "view_count": 3536, "like_count": 95, "comment_count": 1, "channel_info": {"title": "Michael Sartain", "description": "\ud83c\udf99Host of The\u00a0Michael Sartain Podcast \n\n\ud83d\udd25Teaching you how to build a network of desirable women and high-status men\n\n\ud83d\udc47 Click the \"Men of Action\" link below now to forge a high-status lifestyle and join the elites \n", "subscriber_count": "80500", "total_views": "29545897", "total_videos": "1481"}, "comments": [], "file_path": "/Users/aelaguiz/workspace/fc_book/audio/raws/NVRt5OjXe2I.mp3", "transcription": "{\"text\": \"The guy in Iowa, he's being a farmer. That's it, right? You would think that that's a negative thing, but the pro to that is this dude don't have to wrestle with decision. He's gonna be a farmer, he knows his path, and he's gonna do it. He's probably happier. Yeah, and today, people are like, well, dude, Ryan, you said I should do real estate, this guy says I should trade stocks, this guy says I should create a personal brand, and they're all super confused. That is the number one thing I see with these young entrepreneurs, is they are so confused on what path to take, because they see all these paths. And the problem is, guess what? You don't get instant success. You have to stay with the path. And so they don't have instant success, and they're like, well, dude, he had instant success. The path is wrong. Real estate can't be it. Do you remember points building this business you have where you experienced explosive growth and just like, this was so exciting? You kinda can't go back and ever experience that again. First time you hit seven figures, first time you hit eight. Those first, you can't go back. If you think of somebody who's going on that journey, who's like 10 years behind you, sky's the limit. When people know what we know, but they're 21 years old, I'm so jealous of them. \", \"segments\": [{\"id\": 0, \"seek\": 0, \"start\": 0.0, \"end\": 1.600000023841858, \"text\": \" The guy in Iowa, he's being a farmer.\", \"tokens\": [50364, 440, 2146, 294, 14514, 11, 415, 311, 885, 257, 17891, 13, 50444], \"temperature\": 0.0, \"avg_logprob\": -0.22156688570976257, \"compression_ratio\": 1.8310626745224, \"no_speech_prob\": 0.27181702852249146}, {\"id\": 1, \"seek\": 0, \"start\": 1.600000023841858, \"end\": 2.440000057220459, \"text\": \" That's it, right?\", \"tokens\": [50444, 663, 311, 309, 11, 558, 30, 50486], \"temperature\": 0.0, \"avg_logprob\": -0.22156688570976257, \"compression_ratio\": 1.8310626745224, \"no_speech_prob\": 0.27181702852249146}, {\"id\": 2, \"seek\": 0, \"start\": 2.440000057220459, \"end\": 3.9200000762939453, \"text\": \" You would think that that's a negative thing,\", \"tokens\": [50486, 509, 576, 519, 300, 300, 311, 257, 3671, 551, 11, 50560], \"temperature\": 0.0, \"avg_logprob\": -0.22156688570976257, \"compression_ratio\": 1.8310626745224, \"no_speech_prob\": 0.27181702852249146}, {\"id\": 3, \"seek\": 0, \"start\": 3.9200000762939453, \"end\": 5.360000133514404, \"text\": \" but the pro to that is this dude\", \"tokens\": [50560, 457, 264, 447, 281, 300, 307, 341, 6449, 50632], \"temperature\": 0.0, \"avg_logprob\": -0.22156688570976257, \"compression_ratio\": 1.8310626745224, \"no_speech_prob\": 0.27181702852249146}, {\"id\": 4, \"seek\": 0, \"start\": 5.360000133514404, \"end\": 6.900000095367432, \"text\": \" don't have to wrestle with decision.\", \"tokens\": [50632, 500, 380, 362, 281, 43251, 365, 3537, 13, 50709], \"temperature\": 0.0, \"avg_logprob\": -0.22156688570976257, \"compression_ratio\": 1.8310626745224, \"no_speech_prob\": 0.27181702852249146}, {\"id\": 5, \"seek\": 0, \"start\": 6.900000095367432, \"end\": 8.920000076293945, \"text\": \" He's gonna be a farmer, he knows his path,\", \"tokens\": [50709, 634, 311, 799, 312, 257, 17891, 11, 415, 3255, 702, 3100, 11, 50810], \"temperature\": 0.0, \"avg_logprob\": -0.22156688570976257, \"compression_ratio\": 1.8310626745224, \"no_speech_prob\": 0.27181702852249146}, {\"id\": 6, \"seek\": 0, \"start\": 8.920000076293945, \"end\": 9.760000228881836, \"text\": \" and he's gonna do it.\", \"tokens\": [50810, 293, 415, 311, 799, 360, 309, 13, 50852], \"temperature\": 0.0, \"avg_logprob\": -0.22156688570976257, \"compression_ratio\": 1.8310626745224, \"no_speech_prob\": 0.27181702852249146}, {\"id\": 7, \"seek\": 0, \"start\": 9.760000228881836, \"end\": 10.579999923706055, \"text\": \" He's probably happier.\", \"tokens\": [50852, 634, 311, 1391, 20423, 13, 50893], \"temperature\": 0.0, \"avg_logprob\": -0.22156688570976257, \"compression_ratio\": 1.8310626745224, \"no_speech_prob\": 0.27181702852249146}, {\"id\": 8, \"seek\": 0, \"start\": 10.579999923706055, \"end\": 12.079999923706055, \"text\": \" Yeah, and today, people are like,\", \"tokens\": [50893, 865, 11, 293, 965, 11, 561, 366, 411, 11, 50968], \"temperature\": 0.0, \"avg_logprob\": -0.22156688570976257, \"compression_ratio\": 1.8310626745224, \"no_speech_prob\": 0.27181702852249146}, {\"id\": 9, \"seek\": 0, \"start\": 12.079999923706055, \"end\": 14.119999885559082, \"text\": \" well, dude, Ryan, you said I should do real estate,\", \"tokens\": [50968, 731, 11, 6449, 11, 9116, 11, 291, 848, 286, 820, 360, 957, 9749, 11, 51070], \"temperature\": 0.0, \"avg_logprob\": -0.22156688570976257, \"compression_ratio\": 1.8310626745224, \"no_speech_prob\": 0.27181702852249146}, {\"id\": 10, \"seek\": 0, \"start\": 14.119999885559082, \"end\": 15.479999542236328, \"text\": \" this guy says I should trade stocks,\", \"tokens\": [51070, 341, 2146, 1619, 286, 820, 4923, 12966, 11, 51138], \"temperature\": 0.0, \"avg_logprob\": -0.22156688570976257, \"compression_ratio\": 1.8310626745224, \"no_speech_prob\": 0.27181702852249146}, {\"id\": 11, \"seek\": 0, \"start\": 15.479999542236328, \"end\": 17.360000610351562, \"text\": \" this guy says I should create a personal brand,\", \"tokens\": [51138, 341, 2146, 1619, 286, 820, 1884, 257, 2973, 3360, 11, 51232], \"temperature\": 0.0, \"avg_logprob\": -0.22156688570976257, \"compression_ratio\": 1.8310626745224, \"no_speech_prob\": 0.27181702852249146}, {\"id\": 12, \"seek\": 0, \"start\": 17.360000610351562, \"end\": 18.940000534057617, \"text\": \" and they're all super confused.\", \"tokens\": [51232, 293, 436, 434, 439, 1687, 9019, 13, 51311], \"temperature\": 0.0, \"avg_logprob\": -0.22156688570976257, \"compression_ratio\": 1.8310626745224, \"no_speech_prob\": 0.27181702852249146}, {\"id\": 13, \"seek\": 0, \"start\": 18.940000534057617, \"end\": 20.540000915527344, \"text\": \" That is the number one thing I see\", \"tokens\": [51311, 663, 307, 264, 1230, 472, 551, 286, 536, 51391], \"temperature\": 0.0, \"avg_logprob\": -0.22156688570976257, \"compression_ratio\": 1.8310626745224, \"no_speech_prob\": 0.27181702852249146}, {\"id\": 14, \"seek\": 0, \"start\": 20.540000915527344, \"end\": 21.8799991607666, \"text\": \" with these young entrepreneurs,\", \"tokens\": [51391, 365, 613, 2037, 12639, 11, 51458], \"temperature\": 0.0, \"avg_logprob\": -0.22156688570976257, \"compression_ratio\": 1.8310626745224, \"no_speech_prob\": 0.27181702852249146}, {\"id\": 15, \"seek\": 0, \"start\": 21.8799991607666, \"end\": 24.399999618530273, \"text\": \" is they are so confused on what path to take,\", \"tokens\": [51458, 307, 436, 366, 370, 9019, 322, 437, 3100, 281, 747, 11, 51584], \"temperature\": 0.0, \"avg_logprob\": -0.22156688570976257, \"compression_ratio\": 1.8310626745224, \"no_speech_prob\": 0.27181702852249146}, {\"id\": 16, \"seek\": 0, \"start\": 24.399999618530273, \"end\": 26.440000534057617, \"text\": \" because they see all these paths.\", \"tokens\": [51584, 570, 436, 536, 439, 613, 14518, 13, 51686], \"temperature\": 0.0, \"avg_logprob\": -0.22156688570976257, \"compression_ratio\": 1.8310626745224, \"no_speech_prob\": 0.27181702852249146}, {\"id\": 17, \"seek\": 0, \"start\": 26.440000534057617, \"end\": 27.559999465942383, \"text\": \" And the problem is, guess what?\", \"tokens\": [51686, 400, 264, 1154, 307, 11, 2041, 437, 30, 51742], \"temperature\": 0.0, \"avg_logprob\": -0.22156688570976257, \"compression_ratio\": 1.8310626745224, \"no_speech_prob\": 0.27181702852249146}, {\"id\": 18, \"seek\": 0, \"start\": 27.559999465942383, \"end\": 29.280000686645508, \"text\": \" You don't get instant success.\", \"tokens\": [51742, 509, 500, 380, 483, 9836, 2245, 13, 51828], \"temperature\": 0.0, \"avg_logprob\": -0.22156688570976257, \"compression_ratio\": 1.8310626745224, \"no_speech_prob\": 0.27181702852249146}, {\"id\": 19, \"seek\": 2928, \"start\": 29.31999969482422, \"end\": 31.0, \"text\": \" You have to stay with the path.\", \"tokens\": [50366, 509, 362, 281, 1754, 365, 264, 3100, 13, 50450], \"temperature\": 0.0, \"avg_logprob\": -0.2549571692943573, \"compression_ratio\": 1.7410467863082886, \"no_speech_prob\": 3.0717852496309206e-05}, {\"id\": 20, \"seek\": 2928, \"start\": 31.0, \"end\": 32.47999954223633, \"text\": \" And so they don't have instant success,\", \"tokens\": [50450, 400, 370, 436, 500, 380, 362, 9836, 2245, 11, 50524], \"temperature\": 0.0, \"avg_logprob\": -0.2549571692943573, \"compression_ratio\": 1.7410467863082886, \"no_speech_prob\": 3.0717852496309206e-05}, {\"id\": 21, \"seek\": 2928, \"start\": 32.47999954223633, \"end\": 34.36000061035156, \"text\": \" and they're like, well, dude, he had instant success.\", \"tokens\": [50524, 293, 436, 434, 411, 11, 731, 11, 6449, 11, 415, 632, 9836, 2245, 13, 50618], \"temperature\": 0.0, \"avg_logprob\": -0.2549571692943573, \"compression_ratio\": 1.7410467863082886, \"no_speech_prob\": 3.0717852496309206e-05}, {\"id\": 22, \"seek\": 2928, \"start\": 34.36000061035156, \"end\": 35.20000076293945, \"text\": \" The path is wrong.\", \"tokens\": [50618, 440, 3100, 307, 2085, 13, 50660], \"temperature\": 0.0, \"avg_logprob\": -0.2549571692943573, \"compression_ratio\": 1.7410467863082886, \"no_speech_prob\": 3.0717852496309206e-05}, {\"id\": 23, \"seek\": 2928, \"start\": 35.20000076293945, \"end\": 36.119998931884766, \"text\": \" Real estate can't be it.\", \"tokens\": [50660, 8467, 9749, 393, 380, 312, 309, 13, 50706], \"temperature\": 0.0, \"avg_logprob\": -0.2549571692943573, \"compression_ratio\": 1.7410467863082886, \"no_speech_prob\": 3.0717852496309206e-05}, {\"id\": 24, \"seek\": 2928, \"start\": 36.119998931884766, \"end\": 38.84000015258789, \"text\": \" Do you remember points building this business you have\", \"tokens\": [50706, 1144, 291, 1604, 2793, 2390, 341, 1606, 291, 362, 50842], \"temperature\": 0.0, \"avg_logprob\": -0.2549571692943573, \"compression_ratio\": 1.7410467863082886, \"no_speech_prob\": 3.0717852496309206e-05}, {\"id\": 25, \"seek\": 2928, \"start\": 38.84000015258789, \"end\": 40.720001220703125, \"text\": \" where you experienced explosive growth\", \"tokens\": [50842, 689, 291, 6751, 24630, 4599, 50936], \"temperature\": 0.0, \"avg_logprob\": -0.2549571692943573, \"compression_ratio\": 1.7410467863082886, \"no_speech_prob\": 3.0717852496309206e-05}, {\"id\": 26, \"seek\": 2928, \"start\": 40.720001220703125, \"end\": 42.08000183105469, \"text\": \" and just like, this was so exciting?\", \"tokens\": [50936, 293, 445, 411, 11, 341, 390, 370, 4670, 30, 51004], \"temperature\": 0.0, \"avg_logprob\": -0.2549571692943573, \"compression_ratio\": 1.7410467863082886, \"no_speech_prob\": 3.0717852496309206e-05}, {\"id\": 27, \"seek\": 2928, \"start\": 42.08000183105469, \"end\": 44.36000061035156, \"text\": \" You kinda can't go back and ever experience that again.\", \"tokens\": [51004, 509, 4144, 393, 380, 352, 646, 293, 1562, 1752, 300, 797, 13, 51118], \"temperature\": 0.0, \"avg_logprob\": -0.2549571692943573, \"compression_ratio\": 1.7410467863082886, \"no_speech_prob\": 3.0717852496309206e-05}, {\"id\": 28, \"seek\": 2928, \"start\": 44.36000061035156, \"end\": 45.880001068115234, \"text\": \" First time you hit seven figures,\", \"tokens\": [51118, 2386, 565, 291, 2045, 3407, 9624, 11, 51194], \"temperature\": 0.0, \"avg_logprob\": -0.2549571692943573, \"compression_ratio\": 1.7410467863082886, \"no_speech_prob\": 3.0717852496309206e-05}, {\"id\": 29, \"seek\": 2928, \"start\": 45.880001068115234, \"end\": 46.79999923706055, \"text\": \" first time you hit eight.\", \"tokens\": [51194, 700, 565, 291, 2045, 3180, 13, 51240], \"temperature\": 0.0, \"avg_logprob\": -0.2549571692943573, \"compression_ratio\": 1.7410467863082886, \"no_speech_prob\": 3.0717852496309206e-05}, {\"id\": 30, \"seek\": 2928, \"start\": 46.79999923706055, \"end\": 48.040000915527344, \"text\": \" Those first, you can't go back.\", \"tokens\": [51240, 3950, 700, 11, 291, 393, 380, 352, 646, 13, 51302], \"temperature\": 0.0, \"avg_logprob\": -0.2549571692943573, \"compression_ratio\": 1.7410467863082886, \"no_speech_prob\": 3.0717852496309206e-05}, {\"id\": 31, \"seek\": 2928, \"start\": 48.040000915527344, \"end\": 49.959999084472656, \"text\": \" If you think of somebody who's going on that journey,\", \"tokens\": [51302, 759, 291, 519, 295, 2618, 567, 311, 516, 322, 300, 4671, 11, 51398], \"temperature\": 0.0, \"avg_logprob\": -0.2549571692943573, \"compression_ratio\": 1.7410467863082886, \"no_speech_prob\": 3.0717852496309206e-05}, {\"id\": 32, \"seek\": 2928, \"start\": 49.959999084472656, \"end\": 51.959999084472656, \"text\": \" who's like 10 years behind you, sky's the limit.\", \"tokens\": [51398, 567, 311, 411, 1266, 924, 2261, 291, 11, 5443, 311, 264, 4948, 13, 51498], \"temperature\": 0.0, \"avg_logprob\": -0.2549571692943573, \"compression_ratio\": 1.7410467863082886, \"no_speech_prob\": 3.0717852496309206e-05}, {\"id\": 33, \"seek\": 2928, \"start\": 51.959999084472656, \"end\": 54.7599983215332, \"text\": \" When people know what we know, but they're 21 years old,\", \"tokens\": [51498, 1133, 561, 458, 437, 321, 458, 11, 457, 436, 434, 5080, 924, 1331, 11, 51638], \"temperature\": 0.0, \"avg_logprob\": -0.2549571692943573, \"compression_ratio\": 1.7410467863082886, \"no_speech_prob\": 3.0717852496309206e-05}, {\"id\": 34, \"seek\": 2928, \"start\": 54.7599983215332, \"end\": 56.08000183105469, \"text\": \" I'm so jealous of them.\", \"tokens\": [51638, 286, 478, 370, 13805, 295, 552, 13, 51704], \"temperature\": 0.0, \"avg_logprob\": -0.2549571692943573, \"compression_ratio\": 1.7410467863082886, \"no_speech_prob\": 3.0717852496309206e-05}]}"}