{"title": "It\u2019s the Quiet Girls That Are Wild: CJ Sparxx", "video_id": "OCclJXk6PO4", "video_url": "https://www.youtube.com/watch?v=OCclJXk6PO4", "description": "", "published_at": "2022-09-26T19:45:00Z", "channel_id": "UC0T1bDzajVefRWx4uKdGyuw", "channel_title": "Michael Sartain", "tags": [], "category_id": "24", "live_broadcast_content": "none", "duration": 47.0, "dimension": "2d", "definition": "hd", "caption": "false", "view_count": 1764, "like_count": 60, "comment_count": 4, "channel_info": {"title": "Michael Sartain", "description": "\ud83c\udf99Host of The\u00a0Michael Sartain Podcast \n\n\ud83d\udd25Teaching you how to build a network of desirable women and high-status men\n\n\ud83d\udc47 Click the \"Men of Action\" link below now to forge a high-status lifestyle and join the elites \n", "subscriber_count": "80500", "total_views": "29545897", "total_videos": "1481"}, "comments": [], "file_path": "/Users/aelaguiz/workspace/fc_book/audio/raws/OCclJXk6PO4.mp3", "transcription": "{\"text\": \"My girlfriends, my girlfriends that have these incredible bodies that they've, you know, maybe they've had surgery, maybe they have it and they show it off and they love to show it off and be sexy. Those are the ones that go home alone nine times out of 10. And then my girlfriends that might not wear a lot of makeup and are a little bit dressing a little bit more subdued. Those are the ones that are like that guy over there is getting laid tonight, fucking him off in the bathroom and in the next five minutes, this one over here, I called this other guy, broke it off with this one, get calling this other one. You know, it is crazy. It's crazy. But because they are, they don't have the hair and the makeup and the titties out, everyone thinks, Oh, that's, you know, that's the good girl. Oh, Shannon, she's quiet. Don't you don't talk to her. She, she won't give it up. Talk to the one with the tits out. And it's like, no, no. \", \"segments\": [{\"id\": 0, \"seek\": 0, \"start\": 0.0, \"end\": 3.5999999046325684, \"text\": \" My girlfriends, my girlfriends that have these incredible bodies that they've,\", \"tokens\": [50364, 1222, 46558, 11, 452, 46558, 300, 362, 613, 4651, 7510, 300, 436, 600, 11, 50544], \"temperature\": 0.0, \"avg_logprob\": -0.2849300503730774, \"compression_ratio\": 2.0098040103912354, \"no_speech_prob\": 0.0005315187736414373}, {\"id\": 1, \"seek\": 0, \"start\": 3.5999999046325684, \"end\": 7.139999866485596, \"text\": \" you know, maybe they've had surgery, maybe they have it and they show it off and\", \"tokens\": [50544, 291, 458, 11, 1310, 436, 600, 632, 7930, 11, 1310, 436, 362, 309, 293, 436, 855, 309, 766, 293, 50721], \"temperature\": 0.0, \"avg_logprob\": -0.2849300503730774, \"compression_ratio\": 2.0098040103912354, \"no_speech_prob\": 0.0005315187736414373}, {\"id\": 2, \"seek\": 0, \"start\": 7.139999866485596, \"end\": 8.579999923706055, \"text\": \" they love to show it off and be sexy.\", \"tokens\": [50721, 436, 959, 281, 855, 309, 766, 293, 312, 13701, 13, 50793], \"temperature\": 0.0, \"avg_logprob\": -0.2849300503730774, \"compression_ratio\": 2.0098040103912354, \"no_speech_prob\": 0.0005315187736414373}, {\"id\": 3, \"seek\": 0, \"start\": 8.579999923706055, \"end\": 11.880000114440918, \"text\": \" Those are the ones that go home alone nine times out of 10.\", \"tokens\": [50793, 3950, 366, 264, 2306, 300, 352, 1280, 3312, 4949, 1413, 484, 295, 1266, 13, 50958], \"temperature\": 0.0, \"avg_logprob\": -0.2849300503730774, \"compression_ratio\": 2.0098040103912354, \"no_speech_prob\": 0.0005315187736414373}, {\"id\": 4, \"seek\": 0, \"start\": 11.880000114440918, \"end\": 15.300000190734863, \"text\": \" And then my girlfriends that might not wear a lot of makeup and are a little\", \"tokens\": [50958, 400, 550, 452, 46558, 300, 1062, 406, 3728, 257, 688, 295, 6567, 293, 366, 257, 707, 51129], \"temperature\": 0.0, \"avg_logprob\": -0.2849300503730774, \"compression_ratio\": 2.0098040103912354, \"no_speech_prob\": 0.0005315187736414373}, {\"id\": 5, \"seek\": 0, \"start\": 15.300000190734863, \"end\": 17.219999313354492, \"text\": \" bit dressing a little bit more subdued.\", \"tokens\": [51129, 857, 17211, 257, 707, 857, 544, 1422, 769, 292, 13, 51225], \"temperature\": 0.0, \"avg_logprob\": -0.2849300503730774, \"compression_ratio\": 2.0098040103912354, \"no_speech_prob\": 0.0005315187736414373}, {\"id\": 6, \"seek\": 0, \"start\": 17.459999084472656, \"end\": 20.700000762939453, \"text\": \" Those are the ones that are like that guy over there is getting laid tonight,\", \"tokens\": [51237, 3950, 366, 264, 2306, 300, 366, 411, 300, 2146, 670, 456, 307, 1242, 9897, 4440, 11, 51399], \"temperature\": 0.0, \"avg_logprob\": -0.2849300503730774, \"compression_ratio\": 2.0098040103912354, \"no_speech_prob\": 0.0005315187736414373}, {\"id\": 7, \"seek\": 0, \"start\": 20.979999542236328, \"end\": 24.6200008392334, \"text\": \" fucking him off in the bathroom and in the next five minutes, this one over here,\", \"tokens\": [51413, 5546, 796, 766, 294, 264, 8687, 293, 294, 264, 958, 1732, 2077, 11, 341, 472, 670, 510, 11, 51595], \"temperature\": 0.0, \"avg_logprob\": -0.2849300503730774, \"compression_ratio\": 2.0098040103912354, \"no_speech_prob\": 0.0005315187736414373}, {\"id\": 8, \"seek\": 0, \"start\": 24.6200008392334, \"end\": 28.219999313354492, \"text\": \" I called this other guy, broke it off with this one, get calling this other one.\", \"tokens\": [51595, 286, 1219, 341, 661, 2146, 11, 6902, 309, 766, 365, 341, 472, 11, 483, 5141, 341, 661, 472, 13, 51775], \"temperature\": 0.0, \"avg_logprob\": -0.2849300503730774, \"compression_ratio\": 2.0098040103912354, \"no_speech_prob\": 0.0005315187736414373}, {\"id\": 9, \"seek\": 2822, \"start\": 28.219999313354492, \"end\": 31.360000610351562, \"text\": \" You know, it is crazy. It's crazy.\", \"tokens\": [50364, 509, 458, 11, 309, 307, 3219, 13, 467, 311, 3219, 13, 50521], \"temperature\": 0.0, \"avg_logprob\": -0.2582983374595642, \"compression_ratio\": 1.6060606241226196, \"no_speech_prob\": 0.003593213390558958}, {\"id\": 10, \"seek\": 2822, \"start\": 31.360000610351562, \"end\": 35.439998626708984, \"text\": \" But because they are, they don't have the hair and the makeup and the titties out,\", \"tokens\": [50521, 583, 570, 436, 366, 11, 436, 500, 380, 362, 264, 2578, 293, 264, 6567, 293, 264, 37419, 530, 484, 11, 50725], \"temperature\": 0.0, \"avg_logprob\": -0.2582983374595642, \"compression_ratio\": 1.6060606241226196, \"no_speech_prob\": 0.003593213390558958}, {\"id\": 11, \"seek\": 2822, \"start\": 35.79999923706055, \"end\": 38.959999084472656, \"text\": \" everyone thinks, Oh, that's, you know, that's the good girl. Oh, Shannon,\", \"tokens\": [50743, 1518, 7309, 11, 876, 11, 300, 311, 11, 291, 458, 11, 300, 311, 264, 665, 2013, 13, 876, 11, 28974, 11, 50901], \"temperature\": 0.0, \"avg_logprob\": -0.2582983374595642, \"compression_ratio\": 1.6060606241226196, \"no_speech_prob\": 0.003593213390558958}, {\"id\": 12, \"seek\": 2822, \"start\": 39.08000183105469, \"end\": 42.880001068115234, \"text\": \" she's quiet. Don't you don't talk to her. She, she won't give it up.\", \"tokens\": [50907, 750, 311, 5677, 13, 1468, 380, 291, 500, 380, 751, 281, 720, 13, 1240, 11, 750, 1582, 380, 976, 309, 493, 13, 51097], \"temperature\": 0.0, \"avg_logprob\": -0.2582983374595642, \"compression_ratio\": 1.6060606241226196, \"no_speech_prob\": 0.003593213390558958}, {\"id\": 13, \"seek\": 2822, \"start\": 42.91999816894531, \"end\": 46.040000915527344, \"text\": \" Talk to the one with the tits out. And it's like, no, no.\", \"tokens\": [51099, 8780, 281, 264, 472, 365, 264, 256, 1208, 484, 13, 400, 309, 311, 411, 11, 572, 11, 572, 13, 51255], \"temperature\": 0.0, \"avg_logprob\": -0.2582983374595642, \"compression_ratio\": 1.6060606241226196, \"no_speech_prob\": 0.003593213390558958}]}"}