{"title": "The Double Standard: Why Women Can Be average But Men Can't.", "video_id": "ojBzFJJDsMw", "video_url": "https://www.youtube.com/watch?v=ojBzFJJDsMw", "description": "Ready to build a network of amazing women and high-status men?\n\nMichael\u2019s Men of Action is a one-on-one Master\u2019s program that teaches men how to create elite social lives by becoming higher status.\n\nClick this link to learn how you can have a High-Status lifestyle now:\nhttps://m.moamentoring.com/podcast\n\nClick here to join the Men of Action community and watch the High-Status Networking 101 course:\nhttps://m.moamentoring.com/moa-community\n\u2014\u2014\u2014\u2014\u2014\u2014\u2014\u2014\u2014\u2014\u2014\u2014\u2014\u2014\u2014\u2014\u2014\u2014\u2014\u2014\n\nSubscribe on Youtube: \nhttps://www.youtube.com/user/MichaelSartain\n\nListen on Apple Podcast: \nhttps://podcasts.apple.com/us/podcast/the-michael-sartain-podcast/id1579791157\n\nListen on Spotify: \nhttps://open.spotify.com/show/2faAYwvDD9Bvkpwv6umlPO?si=8Q3ak9HnSlKjuChsTXr6YQ&dl_branch=1", "published_at": "2023-04-24T23:15:02Z", "channel_id": "UC0T1bDzajVefRWx4uKdGyuw", "channel_title": "Michael Sartain", "tags": [], "category_id": "24", "live_broadcast_content": "none", "duration": 449.0, "dimension": "2d", "definition": "hd", "caption": "false", "view_count": 14894, "like_count": 610, "comment_count": 196, "channel_info": {"title": "Michael Sartain", "description": "\ud83c\udf99Host of The\u00a0Michael Sartain Podcast \n\n\ud83d\udd25Teaching you how to build a network of desirable women and high-status men\n\n\ud83d\udc47 Click the \"Men of Action\" link below now to forge a high-status lifestyle and join the elites \n", "subscriber_count": "80500", "total_views": "29545897", "total_videos": "1481"}, "comments": [], "file_path": "/Users/aelaguiz/workspace/fc_book/audio/raws/ojBzFJJDsMw.mp3", "transcription": "{\"text\": \"A girl who's moderately attractive can slide into a celebrity's DMs and if he's bored he'll have sex with her. We're just in this weird place right now where, you know, it's like we have a bunch of men who like don't have a place, they don't have a family, nobody wants to marry them. I have girls come on my show, I have women come on my show every other Thursday called Access Vegas and we ask them these just basic sociological questions. What does the average man make and of course they all go $150,000 a year. There's $36,000 a year. I wonder if you ask that question to lower status women, right? But there is no lower status woman. Remember I said high status men, low status men and women. There is no lower status woman. But in that context, are you inviting a six and seven onto the show? Yeah, for sure. You are? Yeah, for sure. Twos and threes? Twos and threes. See, I don't judge women like that. That would be tough. I invite a lot of... The women tend to be exceptionally attractive on the show, for sure. But... Do you think that a lower, like a two and a three, they have a different perspective? Because I'll show you the studies with them too and it's the same thing. They refuse to date men under six feet tall. It's not... Twos and threes are the same, bro. They act the same. If you look at the distribution of desired height amongst women on dating apps, it goes at six three is the peak. That's the most. By the way, ladies, 1% of the population is six foot three. This blows women's mind because they've had sex with so many guys who are six foot three. What are you, six three? No, I'm six foot two. So six three. And then 14% of the population is over six feet tall. Once you get to 5'11\\\", boom, it just drops off. This doesn't happen in Europe because they use centimeters in Europe. But in the United States, where we use the imperial system, it just drops off. Every girl wants a guy who's six feet tall, but 5'11\\\", no, I won't even... That's friend zone. And it's not tens and nines, bro. It's twos and threes that believe this too. When you ask them, what's the average height of a man in the United States out of one girl come on and say six two? It's 5'9\\\", or 5'10\\\", somewhere around there. The average income is like $36,000 a year. And now, so what do we have? We have 68% graduation rate for women. They're getting into lawyers. They're becoming lawyers and doctors. And by the way, I am all for the egalitarian nature of women having freedom. Any socioeconomic group or any gender or any race having full and total autonomy to do whatever they want. I am fully in favor of that. But there's consequences. And in this case, what's happened is you have a bunch of women who are making $200,000, $300,000 a year with a college degree. And women with college degrees, you know who they don't want to date? Men that don't have college degrees, which there are fewer and fewer of because Grant Cardone and these other guys are like, college is a piece of shit. You don't want to go to college. Here's the funny thing about college. For the highest level entrepreneurs, Jeff Bezos and for fucking Mark Zuckerberg and Bill Gates, college is unnecessary. These people are incredibly intelligent and they're unbelievable entrepreneurs. For the middle standard deviation of men, you are going to make more money if you go to college than if you don't, period. Just don't go to an expensive college. You can get a college degree right now at Turo University online or fucking the University of Phoenix. Okay? You will make more money with a college degree than not. But we're telling men don't ever get a college degree. Some men should not get a college degree. If you're LeBron James, you can wait on the college degree. The rest of you need to probably consider going to college. That's what's happened. We go online and we just see these coaches and listen, I'm guilty. I'm one of these guys. I never said this specifically. Like, oh, skip college. Forget all this. Just go and start your own business. We can't all start our own business. At some point, someone has to buy from the business. At some point, someone is stocking the shelves at Walmart. Someone is working at Chick-fil-A through the drive-thru. Somebody is doing that. And so we have these guys on YouTube who's like, don't start your own business. Do this today. Skip college. And I'm like, that works for a small group of men but not all men and it's becoming unhealthy. And we just end up in this situation where we have these very masculine, somewhat masculine, not super masculine, we have these masculine men who are like coming to date a group of women and these women don't need these men. They don't need them. Remember, I'm fully in favor of women having the ability to out-earn men. Do whatever you want. Some women are geniuses. Some women someday will cure cancer. Unbelievable. But the problem is that doesn't make her more attractive to men and it doesn't make her need men more. And so we just end up with this evolutionary mismatch. Marriage rates are plummeting because of this. Divorce rates are skyrocketing because of this. And 78% of divorces are initiated by women. And once a man is divorced and he's in his 40s, he's nine times more likely to commit suicide. So these are the kind of things that we talk about. I know you got in asking me the original questions about the program. The program for men is to get you in that top 10% as far as how you look on social media, your business, your physique, all these things. Get in the top 20%. It's never been easier to get in the top 20% than it is right now because the world is training men to be normal and average and boring. To get in that top 20%, if you do anything extraordinary, you're automatically there. It's just not that difficult. You just post every day on social media, you're in the top 20%. So many guys I talk to right now, they're like, yeah, I don't want to have an Instagram. And I'm like, I don't know what you think. You're going to go to the mall and meet your wife? That's not how the world works anymore. It's not 1985. There's just so many mismatches and so many people who just will not come along. For attractive women, they have nothing to worry about. It's all worked out for them until they get to the point where they're in their late 20s, early 30s, and now they're competing with 23-year-old versions of themselves and they're not getting the same response from men that they were getting before. These men still want to have sex with them, but they don't want to settle down with them because there's the 23-year-old who's over here who's like a younger version of the 28-year-old. And now women are now complaining, where are all the good men? How come these men are all attractive? I'm 33 and I have a kid. When are these men going to step up and take care of me and my kid? That's what's happening now. And where are those men? Where are those men? You know what I'm saying? But where are they? You didn't want them. You meet them all the time, but these women don't want these men. You know why? Because they're 5'11 and a half. Because they don't make $70,000, they make $65,000 a year. They don't make enough money and they're not tall enough and I'm not going to settle because Cardi B told me not to settle. Unrealistic expectations. Because Nicki Minaj told me to be a bad bitch. That's the reason why I'm not going to settle. I need my man. He's 6'3, makes $500,000 a year and he's going to come take care of me and my kid. That's what's going to happen. And we get into these unrealistic expectations. And when you ask women, they're like, would you rather be single or date a guy who's short? They're like, I'd rather be single. It's crazy, bro. Yes. And the reason why is because social media. Social media has gotten us to the point where women have visual access to all these unrealistic scenarios, but they're not unrealistic. A girl who's moderately attractive can slide into a celebrity's DMs and if he's bored, he'll have sex with her. It happens all the time. Leonardo DiCaprio was notorious for banging all these young chicks in Los Angeles. Hundreds of them. Have you ever heard of the stories? He literally would put headphones on while he's having sex with girls. You want to message Leo, he might hit you back and have sex with you. These women are like, well, I had sex with Leonardo DiCaprio, therefore, that's what I deserve. My husband needs to be at that standard. $50 million a year, fame, anything less than that. Oh, this guy, he's 5'8\\\". Done. No, I'm friend zone. That's what happens. You have these incredibly unrealistic expectations for men too, by the way. Men to a certain point do too, but men, it's kind of the opposite. They're dating a stripper who's very physically attractive and they think she's going to settle down and change for him. That's not going to happen either. Men are just as delusional. \", \"segments\": [{\"id\": 0, \"seek\": 0, \"start\": 0.0, \"end\": 4.639999866485596, \"text\": \" A girl who's moderately attractive can slide into a celebrity's DMs and if he's bored he'll\", \"tokens\": [50364, 316, 2013, 567, 311, 10494, 1592, 12609, 393, 4137, 666, 257, 18597, 311, 15322, 82, 293, 498, 415, 311, 13521, 415, 603, 50596], \"temperature\": 0.0, \"avg_logprob\": -0.2858010232448578, \"compression_ratio\": 1.6453673839569092, \"no_speech_prob\": 0.002934500575065613}, {\"id\": 1, \"seek\": 0, \"start\": 4.639999866485596, \"end\": 6.28000020980835, \"text\": \" have sex with her.\", \"tokens\": [50596, 362, 3260, 365, 720, 13, 50678], \"temperature\": 0.0, \"avg_logprob\": -0.2858010232448578, \"compression_ratio\": 1.6453673839569092, \"no_speech_prob\": 0.002934500575065613}, {\"id\": 2, \"seek\": 0, \"start\": 6.28000020980835, \"end\": 13.180000305175781, \"text\": \" We're just in this weird place right now where, you know, it's like we have a bunch of men\", \"tokens\": [50678, 492, 434, 445, 294, 341, 3657, 1081, 558, 586, 689, 11, 291, 458, 11, 309, 311, 411, 321, 362, 257, 3840, 295, 1706, 51023], \"temperature\": 0.0, \"avg_logprob\": -0.2858010232448578, \"compression_ratio\": 1.6453673839569092, \"no_speech_prob\": 0.002934500575065613}, {\"id\": 3, \"seek\": 0, \"start\": 13.180000305175781, \"end\": 19.399999618530273, \"text\": \" who like don't have a place, they don't have a family, nobody wants to marry them.\", \"tokens\": [51023, 567, 411, 500, 380, 362, 257, 1081, 11, 436, 500, 380, 362, 257, 1605, 11, 5079, 2738, 281, 9747, 552, 13, 51334], \"temperature\": 0.0, \"avg_logprob\": -0.2858010232448578, \"compression_ratio\": 1.6453673839569092, \"no_speech_prob\": 0.002934500575065613}, {\"id\": 4, \"seek\": 0, \"start\": 19.399999618530273, \"end\": 22.280000686645508, \"text\": \" I have girls come on my show, I have women come on my show every other Thursday called\", \"tokens\": [51334, 286, 362, 4519, 808, 322, 452, 855, 11, 286, 362, 2266, 808, 322, 452, 855, 633, 661, 10383, 1219, 51478], \"temperature\": 0.0, \"avg_logprob\": -0.2858010232448578, \"compression_ratio\": 1.6453673839569092, \"no_speech_prob\": 0.002934500575065613}, {\"id\": 5, \"seek\": 0, \"start\": 22.280000686645508, \"end\": 26.079999923706055, \"text\": \" Access Vegas and we ask them these just basic sociological questions.\", \"tokens\": [51478, 17166, 15841, 293, 321, 1029, 552, 613, 445, 3875, 3075, 4383, 1651, 13, 51668], \"temperature\": 0.0, \"avg_logprob\": -0.2858010232448578, \"compression_ratio\": 1.6453673839569092, \"no_speech_prob\": 0.002934500575065613}, {\"id\": 6, \"seek\": 0, \"start\": 26.079999923706055, \"end\": 29.360000610351562, \"text\": \" What does the average man make and of course they all go $150,000 a year.\", \"tokens\": [51668, 708, 775, 264, 4274, 587, 652, 293, 295, 1164, 436, 439, 352, 1848, 20120, 11, 1360, 257, 1064, 13, 51832], \"temperature\": 0.0, \"avg_logprob\": -0.2858010232448578, \"compression_ratio\": 1.6453673839569092, \"no_speech_prob\": 0.002934500575065613}, {\"id\": 7, \"seek\": 2936, \"start\": 29.360000610351562, \"end\": 31.479999542236328, \"text\": \" There's $36,000 a year.\", \"tokens\": [50364, 821, 311, 1848, 11309, 11, 1360, 257, 1064, 13, 50470], \"temperature\": 0.0, \"avg_logprob\": -0.3143487274646759, \"compression_ratio\": 1.8629283905029297, \"no_speech_prob\": 0.008711128495633602}, {\"id\": 8, \"seek\": 2936, \"start\": 31.479999542236328, \"end\": 36.52000045776367, \"text\": \" I wonder if you ask that question to lower status women, right?\", \"tokens\": [50470, 286, 2441, 498, 291, 1029, 300, 1168, 281, 3126, 6558, 2266, 11, 558, 30, 50722], \"temperature\": 0.0, \"avg_logprob\": -0.3143487274646759, \"compression_ratio\": 1.8629283905029297, \"no_speech_prob\": 0.008711128495633602}, {\"id\": 9, \"seek\": 2936, \"start\": 36.52000045776367, \"end\": 37.720001220703125, \"text\": \" But there is no lower status woman.\", \"tokens\": [50722, 583, 456, 307, 572, 3126, 6558, 3059, 13, 50782], \"temperature\": 0.0, \"avg_logprob\": -0.3143487274646759, \"compression_ratio\": 1.8629283905029297, \"no_speech_prob\": 0.008711128495633602}, {\"id\": 10, \"seek\": 2936, \"start\": 37.720001220703125, \"end\": 39.63999938964844, \"text\": \" Remember I said high status men, low status men and women.\", \"tokens\": [50782, 5459, 286, 848, 1090, 6558, 1706, 11, 2295, 6558, 1706, 293, 2266, 13, 50878], \"temperature\": 0.0, \"avg_logprob\": -0.3143487274646759, \"compression_ratio\": 1.8629283905029297, \"no_speech_prob\": 0.008711128495633602}, {\"id\": 11, \"seek\": 2936, \"start\": 39.63999938964844, \"end\": 41.720001220703125, \"text\": \" There is no lower status woman.\", \"tokens\": [50878, 821, 307, 572, 3126, 6558, 3059, 13, 50982], \"temperature\": 0.0, \"avg_logprob\": -0.3143487274646759, \"compression_ratio\": 1.8629283905029297, \"no_speech_prob\": 0.008711128495633602}, {\"id\": 12, \"seek\": 2936, \"start\": 41.720001220703125, \"end\": 45.36000061035156, \"text\": \" But in that context, are you inviting a six and seven onto the show?\", \"tokens\": [50982, 583, 294, 300, 4319, 11, 366, 291, 18202, 257, 2309, 293, 3407, 3911, 264, 855, 30, 51164], \"temperature\": 0.0, \"avg_logprob\": -0.3143487274646759, \"compression_ratio\": 1.8629283905029297, \"no_speech_prob\": 0.008711128495633602}, {\"id\": 13, \"seek\": 2936, \"start\": 45.36000061035156, \"end\": 46.36000061035156, \"text\": \" Yeah, for sure.\", \"tokens\": [51164, 865, 11, 337, 988, 13, 51214], \"temperature\": 0.0, \"avg_logprob\": -0.3143487274646759, \"compression_ratio\": 1.8629283905029297, \"no_speech_prob\": 0.008711128495633602}, {\"id\": 14, \"seek\": 2936, \"start\": 46.36000061035156, \"end\": 47.36000061035156, \"text\": \" You are?\", \"tokens\": [51214, 509, 366, 30, 51264], \"temperature\": 0.0, \"avg_logprob\": -0.3143487274646759, \"compression_ratio\": 1.8629283905029297, \"no_speech_prob\": 0.008711128495633602}, {\"id\": 15, \"seek\": 2936, \"start\": 47.36000061035156, \"end\": 48.36000061035156, \"text\": \" Yeah, for sure.\", \"tokens\": [51264, 865, 11, 337, 988, 13, 51314], \"temperature\": 0.0, \"avg_logprob\": -0.3143487274646759, \"compression_ratio\": 1.8629283905029297, \"no_speech_prob\": 0.008711128495633602}, {\"id\": 16, \"seek\": 2936, \"start\": 48.36000061035156, \"end\": 49.36000061035156, \"text\": \" Twos and threes?\", \"tokens\": [51314, 2574, 329, 293, 258, 4856, 30, 51364], \"temperature\": 0.0, \"avg_logprob\": -0.3143487274646759, \"compression_ratio\": 1.8629283905029297, \"no_speech_prob\": 0.008711128495633602}, {\"id\": 17, \"seek\": 2936, \"start\": 49.36000061035156, \"end\": 50.36000061035156, \"text\": \" Twos and threes.\", \"tokens\": [51364, 2574, 329, 293, 258, 4856, 13, 51414], \"temperature\": 0.0, \"avg_logprob\": -0.3143487274646759, \"compression_ratio\": 1.8629283905029297, \"no_speech_prob\": 0.008711128495633602}, {\"id\": 18, \"seek\": 2936, \"start\": 50.36000061035156, \"end\": 51.36000061035156, \"text\": \" See, I don't judge women like that.\", \"tokens\": [51414, 3008, 11, 286, 500, 380, 6995, 2266, 411, 300, 13, 51464], \"temperature\": 0.0, \"avg_logprob\": -0.3143487274646759, \"compression_ratio\": 1.8629283905029297, \"no_speech_prob\": 0.008711128495633602}, {\"id\": 19, \"seek\": 2936, \"start\": 51.36000061035156, \"end\": 52.36000061035156, \"text\": \" That would be tough.\", \"tokens\": [51464, 663, 576, 312, 4930, 13, 51514], \"temperature\": 0.0, \"avg_logprob\": -0.3143487274646759, \"compression_ratio\": 1.8629283905029297, \"no_speech_prob\": 0.008711128495633602}, {\"id\": 20, \"seek\": 2936, \"start\": 52.36000061035156, \"end\": 53.36000061035156, \"text\": \" I invite a lot of...\", \"tokens\": [51514, 286, 7980, 257, 688, 295, 485, 51564], \"temperature\": 0.0, \"avg_logprob\": -0.3143487274646759, \"compression_ratio\": 1.8629283905029297, \"no_speech_prob\": 0.008711128495633602}, {\"id\": 21, \"seek\": 2936, \"start\": 53.36000061035156, \"end\": 55.15999984741211, \"text\": \" The women tend to be exceptionally attractive on the show, for sure.\", \"tokens\": [51564, 440, 2266, 3928, 281, 312, 37807, 12609, 322, 264, 855, 11, 337, 988, 13, 51654], \"temperature\": 0.0, \"avg_logprob\": -0.3143487274646759, \"compression_ratio\": 1.8629283905029297, \"no_speech_prob\": 0.008711128495633602}, {\"id\": 22, \"seek\": 2936, \"start\": 55.15999984741211, \"end\": 56.15999984741211, \"text\": \" But...\", \"tokens\": [51654, 583, 485, 51704], \"temperature\": 0.0, \"avg_logprob\": -0.3143487274646759, \"compression_ratio\": 1.8629283905029297, \"no_speech_prob\": 0.008711128495633602}, {\"id\": 23, \"seek\": 2936, \"start\": 56.15999984741211, \"end\": 59.20000076293945, \"text\": \" Do you think that a lower, like a two and a three, they have a different perspective?\", \"tokens\": [51704, 1144, 291, 519, 300, 257, 3126, 11, 411, 257, 732, 293, 257, 1045, 11, 436, 362, 257, 819, 4585, 30, 51856], \"temperature\": 0.0, \"avg_logprob\": -0.3143487274646759, \"compression_ratio\": 1.8629283905029297, \"no_speech_prob\": 0.008711128495633602}, {\"id\": 24, \"seek\": 5920, \"start\": 60.040000915527344, \"end\": 62.560001373291016, \"text\": \" Because I'll show you the studies with them too and it's the same thing.\", \"tokens\": [50406, 1436, 286, 603, 855, 291, 264, 5313, 365, 552, 886, 293, 309, 311, 264, 912, 551, 13, 50532], \"temperature\": 0.0, \"avg_logprob\": -0.26909899711608887, \"compression_ratio\": 1.75, \"no_speech_prob\": 0.33802592754364014}, {\"id\": 25, \"seek\": 5920, \"start\": 62.560001373291016, \"end\": 65.12000274658203, \"text\": \" They refuse to date men under six feet tall.\", \"tokens\": [50532, 814, 16791, 281, 4002, 1706, 833, 2309, 3521, 6764, 13, 50660], \"temperature\": 0.0, \"avg_logprob\": -0.26909899711608887, \"compression_ratio\": 1.75, \"no_speech_prob\": 0.33802592754364014}, {\"id\": 26, \"seek\": 5920, \"start\": 65.12000274658203, \"end\": 66.12000274658203, \"text\": \" It's not...\", \"tokens\": [50660, 467, 311, 406, 485, 50710], \"temperature\": 0.0, \"avg_logprob\": -0.26909899711608887, \"compression_ratio\": 1.75, \"no_speech_prob\": 0.33802592754364014}, {\"id\": 27, \"seek\": 5920, \"start\": 66.12000274658203, \"end\": 67.55999755859375, \"text\": \" Twos and threes are the same, bro.\", \"tokens\": [50710, 2574, 329, 293, 258, 4856, 366, 264, 912, 11, 2006, 13, 50782], \"temperature\": 0.0, \"avg_logprob\": -0.26909899711608887, \"compression_ratio\": 1.75, \"no_speech_prob\": 0.33802592754364014}, {\"id\": 28, \"seek\": 5920, \"start\": 67.55999755859375, \"end\": 68.72000122070312, \"text\": \" They act the same.\", \"tokens\": [50782, 814, 605, 264, 912, 13, 50840], \"temperature\": 0.0, \"avg_logprob\": -0.26909899711608887, \"compression_ratio\": 1.75, \"no_speech_prob\": 0.33802592754364014}, {\"id\": 29, \"seek\": 5920, \"start\": 68.72000122070312, \"end\": 73.63999938964844, \"text\": \" If you look at the distribution of desired height amongst women on dating apps, it goes\", \"tokens\": [50840, 759, 291, 574, 412, 264, 7316, 295, 14721, 6681, 12918, 2266, 322, 10689, 7733, 11, 309, 1709, 51086], \"temperature\": 0.0, \"avg_logprob\": -0.26909899711608887, \"compression_ratio\": 1.75, \"no_speech_prob\": 0.33802592754364014}, {\"id\": 30, \"seek\": 5920, \"start\": 73.63999938964844, \"end\": 75.18000030517578, \"text\": \" at six three is the peak.\", \"tokens\": [51086, 412, 2309, 1045, 307, 264, 10651, 13, 51163], \"temperature\": 0.0, \"avg_logprob\": -0.26909899711608887, \"compression_ratio\": 1.75, \"no_speech_prob\": 0.33802592754364014}, {\"id\": 31, \"seek\": 5920, \"start\": 75.18000030517578, \"end\": 76.18000030517578, \"text\": \" That's the most.\", \"tokens\": [51163, 663, 311, 264, 881, 13, 51213], \"temperature\": 0.0, \"avg_logprob\": -0.26909899711608887, \"compression_ratio\": 1.75, \"no_speech_prob\": 0.33802592754364014}, {\"id\": 32, \"seek\": 5920, \"start\": 76.18000030517578, \"end\": 79.5199966430664, \"text\": \" By the way, ladies, 1% of the population is six foot three.\", \"tokens\": [51213, 3146, 264, 636, 11, 9974, 11, 502, 4, 295, 264, 4415, 307, 2309, 2671, 1045, 13, 51380], \"temperature\": 0.0, \"avg_logprob\": -0.26909899711608887, \"compression_ratio\": 1.75, \"no_speech_prob\": 0.33802592754364014}, {\"id\": 33, \"seek\": 5920, \"start\": 79.5199966430664, \"end\": 82.87999725341797, \"text\": \" This blows women's mind because they've had sex with so many guys who are six foot three.\", \"tokens\": [51380, 639, 18458, 2266, 311, 1575, 570, 436, 600, 632, 3260, 365, 370, 867, 1074, 567, 366, 2309, 2671, 1045, 13, 51548], \"temperature\": 0.0, \"avg_logprob\": -0.26909899711608887, \"compression_ratio\": 1.75, \"no_speech_prob\": 0.33802592754364014}, {\"id\": 34, \"seek\": 5920, \"start\": 82.87999725341797, \"end\": 83.87999725341797, \"text\": \" What are you, six three?\", \"tokens\": [51548, 708, 366, 291, 11, 2309, 1045, 30, 51598], \"temperature\": 0.0, \"avg_logprob\": -0.26909899711608887, \"compression_ratio\": 1.75, \"no_speech_prob\": 0.33802592754364014}, {\"id\": 35, \"seek\": 5920, \"start\": 83.87999725341797, \"end\": 84.87999725341797, \"text\": \" No, I'm six foot two.\", \"tokens\": [51598, 883, 11, 286, 478, 2309, 2671, 732, 13, 51648], \"temperature\": 0.0, \"avg_logprob\": -0.26909899711608887, \"compression_ratio\": 1.75, \"no_speech_prob\": 0.33802592754364014}, {\"id\": 36, \"seek\": 5920, \"start\": 84.87999725341797, \"end\": 87.19999694824219, \"text\": \" So six three.\", \"tokens\": [51648, 407, 2309, 1045, 13, 51764], \"temperature\": 0.0, \"avg_logprob\": -0.26909899711608887, \"compression_ratio\": 1.75, \"no_speech_prob\": 0.33802592754364014}, {\"id\": 37, \"seek\": 8720, \"start\": 87.19999694824219, \"end\": 90.5999984741211, \"text\": \" And then 14% of the population is over six feet tall.\", \"tokens\": [50364, 400, 550, 3499, 4, 295, 264, 4415, 307, 670, 2309, 3521, 6764, 13, 50534], \"temperature\": 0.0, \"avg_logprob\": -0.2483639419078827, \"compression_ratio\": 1.7003154754638672, \"no_speech_prob\": 0.003123406320810318}, {\"id\": 38, \"seek\": 8720, \"start\": 90.5999984741211, \"end\": 94.0, \"text\": \" Once you get to 5'11\\\", boom, it just drops off.\", \"tokens\": [50534, 3443, 291, 483, 281, 1025, 6, 5348, 2566, 9351, 11, 309, 445, 11438, 766, 13, 50704], \"temperature\": 0.0, \"avg_logprob\": -0.2483639419078827, \"compression_ratio\": 1.7003154754638672, \"no_speech_prob\": 0.003123406320810318}, {\"id\": 39, \"seek\": 8720, \"start\": 94.0, \"end\": 96.4800033569336, \"text\": \" This doesn't happen in Europe because they use centimeters in Europe.\", \"tokens\": [50704, 639, 1177, 380, 1051, 294, 3315, 570, 436, 764, 23300, 294, 3315, 13, 50828], \"temperature\": 0.0, \"avg_logprob\": -0.2483639419078827, \"compression_ratio\": 1.7003154754638672, \"no_speech_prob\": 0.003123406320810318}, {\"id\": 40, \"seek\": 8720, \"start\": 96.4800033569336, \"end\": 101.80000305175781, \"text\": \" But in the United States, where we use the imperial system, it just drops off.\", \"tokens\": [50828, 583, 294, 264, 2824, 3040, 11, 689, 321, 764, 264, 21143, 1185, 11, 309, 445, 11438, 766, 13, 51094], \"temperature\": 0.0, \"avg_logprob\": -0.2483639419078827, \"compression_ratio\": 1.7003154754638672, \"no_speech_prob\": 0.003123406320810318}, {\"id\": 41, \"seek\": 8720, \"start\": 101.80000305175781, \"end\": 104.44000244140625, \"text\": \" Every girl wants a guy who's six feet tall, but 5'11\\\", no, I won't even...\", \"tokens\": [51094, 2048, 2013, 2738, 257, 2146, 567, 311, 2309, 3521, 6764, 11, 457, 1025, 6, 5348, 2566, 572, 11, 286, 1582, 380, 754, 485, 51226], \"temperature\": 0.0, \"avg_logprob\": -0.2483639419078827, \"compression_ratio\": 1.7003154754638672, \"no_speech_prob\": 0.003123406320810318}, {\"id\": 42, \"seek\": 8720, \"start\": 104.44000244140625, \"end\": 105.44000244140625, \"text\": \" That's friend zone.\", \"tokens\": [51226, 663, 311, 1277, 6668, 13, 51276], \"temperature\": 0.0, \"avg_logprob\": -0.2483639419078827, \"compression_ratio\": 1.7003154754638672, \"no_speech_prob\": 0.003123406320810318}, {\"id\": 43, \"seek\": 8720, \"start\": 105.44000244140625, \"end\": 108.16000366210938, \"text\": \" And it's not tens and nines, bro.\", \"tokens\": [51276, 400, 309, 311, 406, 10688, 293, 297, 1652, 11, 2006, 13, 51412], \"temperature\": 0.0, \"avg_logprob\": -0.2483639419078827, \"compression_ratio\": 1.7003154754638672, \"no_speech_prob\": 0.003123406320810318}, {\"id\": 44, \"seek\": 8720, \"start\": 108.16000366210938, \"end\": 110.76000213623047, \"text\": \" It's twos and threes that believe this too.\", \"tokens\": [51412, 467, 311, 683, 329, 293, 258, 4856, 300, 1697, 341, 886, 13, 51542], \"temperature\": 0.0, \"avg_logprob\": -0.2483639419078827, \"compression_ratio\": 1.7003154754638672, \"no_speech_prob\": 0.003123406320810318}, {\"id\": 45, \"seek\": 8720, \"start\": 110.76000213623047, \"end\": 113.72000122070312, \"text\": \" When you ask them, what's the average height of a man in the United States out of one girl\", \"tokens\": [51542, 1133, 291, 1029, 552, 11, 437, 311, 264, 4274, 6681, 295, 257, 587, 294, 264, 2824, 3040, 484, 295, 472, 2013, 51690], \"temperature\": 0.0, \"avg_logprob\": -0.2483639419078827, \"compression_ratio\": 1.7003154754638672, \"no_speech_prob\": 0.003123406320810318}, {\"id\": 46, \"seek\": 8720, \"start\": 113.72000122070312, \"end\": 114.95999908447266, \"text\": \" come on and say six two?\", \"tokens\": [51690, 808, 322, 293, 584, 2309, 732, 30, 51752], \"temperature\": 0.0, \"avg_logprob\": -0.2483639419078827, \"compression_ratio\": 1.7003154754638672, \"no_speech_prob\": 0.003123406320810318}, {\"id\": 47, \"seek\": 11496, \"start\": 114.95999908447266, \"end\": 118.0, \"text\": \" It's 5'9\\\", or 5'10\\\", somewhere around there.\", \"tokens\": [50364, 467, 311, 1025, 6, 24, 2566, 420, 1025, 6, 3279, 2566, 4079, 926, 456, 13, 50516], \"temperature\": 0.0, \"avg_logprob\": -0.2594060003757477, \"compression_ratio\": 1.6467065811157227, \"no_speech_prob\": 0.5038248300552368}, {\"id\": 48, \"seek\": 11496, \"start\": 118.0, \"end\": 120.80000305175781, \"text\": \" The average income is like $36,000 a year.\", \"tokens\": [50516, 440, 4274, 5742, 307, 411, 1848, 11309, 11, 1360, 257, 1064, 13, 50656], \"temperature\": 0.0, \"avg_logprob\": -0.2594060003757477, \"compression_ratio\": 1.6467065811157227, \"no_speech_prob\": 0.5038248300552368}, {\"id\": 49, \"seek\": 11496, \"start\": 120.80000305175781, \"end\": 122.19999694824219, \"text\": \" And now, so what do we have?\", \"tokens\": [50656, 400, 586, 11, 370, 437, 360, 321, 362, 30, 50726], \"temperature\": 0.0, \"avg_logprob\": -0.2594060003757477, \"compression_ratio\": 1.6467065811157227, \"no_speech_prob\": 0.5038248300552368}, {\"id\": 50, \"seek\": 11496, \"start\": 122.19999694824219, \"end\": 124.4000015258789, \"text\": \" We have 68% graduation rate for women.\", \"tokens\": [50726, 492, 362, 23317, 4, 15652, 3314, 337, 2266, 13, 50836], \"temperature\": 0.0, \"avg_logprob\": -0.2594060003757477, \"compression_ratio\": 1.6467065811157227, \"no_speech_prob\": 0.5038248300552368}, {\"id\": 51, \"seek\": 11496, \"start\": 124.4000015258789, \"end\": 125.83999633789062, \"text\": \" They're getting into lawyers.\", \"tokens\": [50836, 814, 434, 1242, 666, 16219, 13, 50908], \"temperature\": 0.0, \"avg_logprob\": -0.2594060003757477, \"compression_ratio\": 1.6467065811157227, \"no_speech_prob\": 0.5038248300552368}, {\"id\": 52, \"seek\": 11496, \"start\": 125.83999633789062, \"end\": 126.95999908447266, \"text\": \" They're becoming lawyers and doctors.\", \"tokens\": [50908, 814, 434, 5617, 16219, 293, 8778, 13, 50964], \"temperature\": 0.0, \"avg_logprob\": -0.2594060003757477, \"compression_ratio\": 1.6467065811157227, \"no_speech_prob\": 0.5038248300552368}, {\"id\": 53, \"seek\": 11496, \"start\": 126.95999908447266, \"end\": 132.67999267578125, \"text\": \" And by the way, I am all for the egalitarian nature of women having freedom.\", \"tokens\": [50964, 400, 538, 264, 636, 11, 286, 669, 439, 337, 264, 31528, 13707, 3687, 295, 2266, 1419, 5645, 13, 51250], \"temperature\": 0.0, \"avg_logprob\": -0.2594060003757477, \"compression_ratio\": 1.6467065811157227, \"no_speech_prob\": 0.5038248300552368}, {\"id\": 54, \"seek\": 11496, \"start\": 132.67999267578125, \"end\": 137.63999938964844, \"text\": \" Any socioeconomic group or any gender or any race having full and total autonomy to do\", \"tokens\": [51250, 2639, 46327, 31646, 1594, 420, 604, 7898, 420, 604, 4569, 1419, 1577, 293, 3217, 27278, 281, 360, 51498], \"temperature\": 0.0, \"avg_logprob\": -0.2594060003757477, \"compression_ratio\": 1.6467065811157227, \"no_speech_prob\": 0.5038248300552368}, {\"id\": 55, \"seek\": 11496, \"start\": 137.63999938964844, \"end\": 138.63999938964844, \"text\": \" whatever they want.\", \"tokens\": [51498, 2035, 436, 528, 13, 51548], \"temperature\": 0.0, \"avg_logprob\": -0.2594060003757477, \"compression_ratio\": 1.6467065811157227, \"no_speech_prob\": 0.5038248300552368}, {\"id\": 56, \"seek\": 11496, \"start\": 138.63999938964844, \"end\": 139.72000122070312, \"text\": \" I am fully in favor of that.\", \"tokens\": [51548, 286, 669, 4498, 294, 2294, 295, 300, 13, 51602], \"temperature\": 0.0, \"avg_logprob\": -0.2594060003757477, \"compression_ratio\": 1.6467065811157227, \"no_speech_prob\": 0.5038248300552368}, {\"id\": 57, \"seek\": 11496, \"start\": 139.72000122070312, \"end\": 140.72000122070312, \"text\": \" But there's consequences.\", \"tokens\": [51602, 583, 456, 311, 10098, 13, 51652], \"temperature\": 0.0, \"avg_logprob\": -0.2594060003757477, \"compression_ratio\": 1.6467065811157227, \"no_speech_prob\": 0.5038248300552368}, {\"id\": 58, \"seek\": 11496, \"start\": 140.72000122070312, \"end\": 143.8000030517578, \"text\": \" And in this case, what's happened is you have a bunch of women who are making $200,000,\", \"tokens\": [51652, 400, 294, 341, 1389, 11, 437, 311, 2011, 307, 291, 362, 257, 3840, 295, 2266, 567, 366, 1455, 1848, 7629, 11, 1360, 11, 51806], \"temperature\": 0.0, \"avg_logprob\": -0.2594060003757477, \"compression_ratio\": 1.6467065811157227, \"no_speech_prob\": 0.5038248300552368}, {\"id\": 59, \"seek\": 14380, \"start\": 143.8000030517578, \"end\": 145.75999450683594, \"text\": \" $300,000 a year with a college degree.\", \"tokens\": [50364, 1848, 12566, 11, 1360, 257, 1064, 365, 257, 3859, 4314, 13, 50462], \"temperature\": 0.0, \"avg_logprob\": -0.20876888930797577, \"compression_ratio\": 1.757834792137146, \"no_speech_prob\": 0.23931753635406494}, {\"id\": 60, \"seek\": 14380, \"start\": 145.75999450683594, \"end\": 148.44000244140625, \"text\": \" And women with college degrees, you know who they don't want to date?\", \"tokens\": [50462, 400, 2266, 365, 3859, 5310, 11, 291, 458, 567, 436, 500, 380, 528, 281, 4002, 30, 50596], \"temperature\": 0.0, \"avg_logprob\": -0.20876888930797577, \"compression_ratio\": 1.757834792137146, \"no_speech_prob\": 0.23931753635406494}, {\"id\": 61, \"seek\": 14380, \"start\": 148.44000244140625, \"end\": 151.55999755859375, \"text\": \" Men that don't have college degrees, which there are fewer and fewer of because Grant\", \"tokens\": [50596, 6685, 300, 500, 380, 362, 3859, 5310, 11, 597, 456, 366, 13366, 293, 13366, 295, 570, 17529, 50752], \"temperature\": 0.0, \"avg_logprob\": -0.20876888930797577, \"compression_ratio\": 1.757834792137146, \"no_speech_prob\": 0.23931753635406494}, {\"id\": 62, \"seek\": 14380, \"start\": 151.55999755859375, \"end\": 154.47999572753906, \"text\": \" Cardone and these other guys are like, college is a piece of shit.\", \"tokens\": [50752, 11877, 546, 293, 613, 661, 1074, 366, 411, 11, 3859, 307, 257, 2522, 295, 4611, 13, 50898], \"temperature\": 0.0, \"avg_logprob\": -0.20876888930797577, \"compression_ratio\": 1.757834792137146, \"no_speech_prob\": 0.23931753635406494}, {\"id\": 63, \"seek\": 14380, \"start\": 154.47999572753906, \"end\": 156.1199951171875, \"text\": \" You don't want to go to college.\", \"tokens\": [50898, 509, 500, 380, 528, 281, 352, 281, 3859, 13, 50980], \"temperature\": 0.0, \"avg_logprob\": -0.20876888930797577, \"compression_ratio\": 1.757834792137146, \"no_speech_prob\": 0.23931753635406494}, {\"id\": 64, \"seek\": 14380, \"start\": 156.1199951171875, \"end\": 158.22000122070312, \"text\": \" Here's the funny thing about college.\", \"tokens\": [50980, 1692, 311, 264, 4074, 551, 466, 3859, 13, 51085], \"temperature\": 0.0, \"avg_logprob\": -0.20876888930797577, \"compression_ratio\": 1.757834792137146, \"no_speech_prob\": 0.23931753635406494}, {\"id\": 65, \"seek\": 14380, \"start\": 158.22000122070312, \"end\": 164.0800018310547, \"text\": \" For the highest level entrepreneurs, Jeff Bezos and for fucking Mark Zuckerberg and\", \"tokens\": [51085, 1171, 264, 6343, 1496, 12639, 11, 7506, 879, 27681, 293, 337, 5546, 3934, 34032, 6873, 293, 51378], \"temperature\": 0.0, \"avg_logprob\": -0.20876888930797577, \"compression_ratio\": 1.757834792137146, \"no_speech_prob\": 0.23931753635406494}, {\"id\": 66, \"seek\": 14380, \"start\": 164.0800018310547, \"end\": 166.24000549316406, \"text\": \" Bill Gates, college is unnecessary.\", \"tokens\": [51378, 5477, 26494, 11, 3859, 307, 19350, 13, 51486], \"temperature\": 0.0, \"avg_logprob\": -0.20876888930797577, \"compression_ratio\": 1.757834792137146, \"no_speech_prob\": 0.23931753635406494}, {\"id\": 67, \"seek\": 14380, \"start\": 166.24000549316406, \"end\": 169.9600067138672, \"text\": \" These people are incredibly intelligent and they're unbelievable entrepreneurs.\", \"tokens\": [51486, 1981, 561, 366, 6252, 13232, 293, 436, 434, 16605, 12639, 13, 51672], \"temperature\": 0.0, \"avg_logprob\": -0.20876888930797577, \"compression_ratio\": 1.757834792137146, \"no_speech_prob\": 0.23931753635406494}, {\"id\": 68, \"seek\": 14380, \"start\": 169.9600067138672, \"end\": 173.1999969482422, \"text\": \" For the middle standard deviation of men, you are going to make more money if you go\", \"tokens\": [51672, 1171, 264, 2808, 3832, 25163, 295, 1706, 11, 291, 366, 516, 281, 652, 544, 1460, 498, 291, 352, 51834], \"temperature\": 0.0, \"avg_logprob\": -0.20876888930797577, \"compression_ratio\": 1.757834792137146, \"no_speech_prob\": 0.23931753635406494}, {\"id\": 69, \"seek\": 17320, \"start\": 173.1999969482422, \"end\": 175.83999633789062, \"text\": \" to college than if you don't, period.\", \"tokens\": [50364, 281, 3859, 813, 498, 291, 500, 380, 11, 2896, 13, 50496], \"temperature\": 0.0, \"avg_logprob\": -0.24897520244121552, \"compression_ratio\": 1.830670952796936, \"no_speech_prob\": 0.31738418340682983}, {\"id\": 70, \"seek\": 17320, \"start\": 175.83999633789062, \"end\": 177.39999389648438, \"text\": \" Just don't go to an expensive college.\", \"tokens\": [50496, 1449, 500, 380, 352, 281, 364, 5124, 3859, 13, 50574], \"temperature\": 0.0, \"avg_logprob\": -0.24897520244121552, \"compression_ratio\": 1.830670952796936, \"no_speech_prob\": 0.31738418340682983}, {\"id\": 71, \"seek\": 17320, \"start\": 177.39999389648438, \"end\": 180.63999938964844, \"text\": \" You can get a college degree right now at Turo University online or fucking the University\", \"tokens\": [50574, 509, 393, 483, 257, 3859, 4314, 558, 586, 412, 314, 7052, 3535, 2950, 420, 5546, 264, 3535, 50736], \"temperature\": 0.0, \"avg_logprob\": -0.24897520244121552, \"compression_ratio\": 1.830670952796936, \"no_speech_prob\": 0.31738418340682983}, {\"id\": 72, \"seek\": 17320, \"start\": 180.63999938964844, \"end\": 181.63999938964844, \"text\": \" of Phoenix.\", \"tokens\": [50736, 295, 18383, 13, 50786], \"temperature\": 0.0, \"avg_logprob\": -0.24897520244121552, \"compression_ratio\": 1.830670952796936, \"no_speech_prob\": 0.31738418340682983}, {\"id\": 73, \"seek\": 17320, \"start\": 181.63999938964844, \"end\": 182.63999938964844, \"text\": \" Okay?\", \"tokens\": [50786, 1033, 30, 50836], \"temperature\": 0.0, \"avg_logprob\": -0.24897520244121552, \"compression_ratio\": 1.830670952796936, \"no_speech_prob\": 0.31738418340682983}, {\"id\": 74, \"seek\": 17320, \"start\": 182.63999938964844, \"end\": 184.27999877929688, \"text\": \" You will make more money with a college degree than not.\", \"tokens\": [50836, 509, 486, 652, 544, 1460, 365, 257, 3859, 4314, 813, 406, 13, 50918], \"temperature\": 0.0, \"avg_logprob\": -0.24897520244121552, \"compression_ratio\": 1.830670952796936, \"no_speech_prob\": 0.31738418340682983}, {\"id\": 75, \"seek\": 17320, \"start\": 184.27999877929688, \"end\": 187.13999938964844, \"text\": \" But we're telling men don't ever get a college degree.\", \"tokens\": [50918, 583, 321, 434, 3585, 1706, 500, 380, 1562, 483, 257, 3859, 4314, 13, 51061], \"temperature\": 0.0, \"avg_logprob\": -0.24897520244121552, \"compression_ratio\": 1.830670952796936, \"no_speech_prob\": 0.31738418340682983}, {\"id\": 76, \"seek\": 17320, \"start\": 187.13999938964844, \"end\": 188.72000122070312, \"text\": \" Some men should not get a college degree.\", \"tokens\": [51061, 2188, 1706, 820, 406, 483, 257, 3859, 4314, 13, 51140], \"temperature\": 0.0, \"avg_logprob\": -0.24897520244121552, \"compression_ratio\": 1.830670952796936, \"no_speech_prob\": 0.31738418340682983}, {\"id\": 77, \"seek\": 17320, \"start\": 188.72000122070312, \"end\": 191.33999633789062, \"text\": \" If you're LeBron James, you can wait on the college degree.\", \"tokens\": [51140, 759, 291, 434, 1456, 33, 2044, 5678, 11, 291, 393, 1699, 322, 264, 3859, 4314, 13, 51271], \"temperature\": 0.0, \"avg_logprob\": -0.24897520244121552, \"compression_ratio\": 1.830670952796936, \"no_speech_prob\": 0.31738418340682983}, {\"id\": 78, \"seek\": 17320, \"start\": 191.33999633789062, \"end\": 195.47999572753906, \"text\": \" The rest of you need to probably consider going to college.\", \"tokens\": [51271, 440, 1472, 295, 291, 643, 281, 1391, 1949, 516, 281, 3859, 13, 51478], \"temperature\": 0.0, \"avg_logprob\": -0.24897520244121552, \"compression_ratio\": 1.830670952796936, \"no_speech_prob\": 0.31738418340682983}, {\"id\": 79, \"seek\": 17320, \"start\": 195.47999572753906, \"end\": 197.8800048828125, \"text\": \" That's what's happened.\", \"tokens\": [51478, 663, 311, 437, 311, 2011, 13, 51598], \"temperature\": 0.0, \"avg_logprob\": -0.24897520244121552, \"compression_ratio\": 1.830670952796936, \"no_speech_prob\": 0.31738418340682983}, {\"id\": 80, \"seek\": 17320, \"start\": 197.8800048828125, \"end\": 200.83999633789062, \"text\": \" We go online and we just see these coaches and listen, I'm guilty.\", \"tokens\": [51598, 492, 352, 2950, 293, 321, 445, 536, 613, 17503, 293, 2140, 11, 286, 478, 12341, 13, 51746], \"temperature\": 0.0, \"avg_logprob\": -0.24897520244121552, \"compression_ratio\": 1.830670952796936, \"no_speech_prob\": 0.31738418340682983}, {\"id\": 81, \"seek\": 17320, \"start\": 200.83999633789062, \"end\": 201.83999633789062, \"text\": \" I'm one of these guys.\", \"tokens\": [51746, 286, 478, 472, 295, 613, 1074, 13, 51796], \"temperature\": 0.0, \"avg_logprob\": -0.24897520244121552, \"compression_ratio\": 1.830670952796936, \"no_speech_prob\": 0.31738418340682983}, {\"id\": 82, \"seek\": 20184, \"start\": 201.83999633789062, \"end\": 202.83999633789062, \"text\": \" I never said this specifically.\", \"tokens\": [50364, 286, 1128, 848, 341, 4682, 13, 50414], \"temperature\": 0.0, \"avg_logprob\": -0.2598970830440521, \"compression_ratio\": 1.8255033493041992, \"no_speech_prob\": 0.8003662824630737}, {\"id\": 83, \"seek\": 20184, \"start\": 202.83999633789062, \"end\": 204.0, \"text\": \" Like, oh, skip college.\", \"tokens\": [50414, 1743, 11, 1954, 11, 10023, 3859, 13, 50472], \"temperature\": 0.0, \"avg_logprob\": -0.2598970830440521, \"compression_ratio\": 1.8255033493041992, \"no_speech_prob\": 0.8003662824630737}, {\"id\": 84, \"seek\": 20184, \"start\": 204.0, \"end\": 205.0, \"text\": \" Forget all this.\", \"tokens\": [50472, 18675, 439, 341, 13, 50522], \"temperature\": 0.0, \"avg_logprob\": -0.2598970830440521, \"compression_ratio\": 1.8255033493041992, \"no_speech_prob\": 0.8003662824630737}, {\"id\": 85, \"seek\": 20184, \"start\": 205.0, \"end\": 206.83999633789062, \"text\": \" Just go and start your own business.\", \"tokens\": [50522, 1449, 352, 293, 722, 428, 1065, 1606, 13, 50614], \"temperature\": 0.0, \"avg_logprob\": -0.2598970830440521, \"compression_ratio\": 1.8255033493041992, \"no_speech_prob\": 0.8003662824630737}, {\"id\": 86, \"seek\": 20184, \"start\": 206.83999633789062, \"end\": 208.55999755859375, \"text\": \" We can't all start our own business.\", \"tokens\": [50614, 492, 393, 380, 439, 722, 527, 1065, 1606, 13, 50700], \"temperature\": 0.0, \"avg_logprob\": -0.2598970830440521, \"compression_ratio\": 1.8255033493041992, \"no_speech_prob\": 0.8003662824630737}, {\"id\": 87, \"seek\": 20184, \"start\": 208.55999755859375, \"end\": 210.89999389648438, \"text\": \" At some point, someone has to buy from the business.\", \"tokens\": [50700, 1711, 512, 935, 11, 1580, 575, 281, 2256, 490, 264, 1606, 13, 50817], \"temperature\": 0.0, \"avg_logprob\": -0.2598970830440521, \"compression_ratio\": 1.8255033493041992, \"no_speech_prob\": 0.8003662824630737}, {\"id\": 88, \"seek\": 20184, \"start\": 210.89999389648438, \"end\": 214.67999267578125, \"text\": \" At some point, someone is stocking the shelves at Walmart.\", \"tokens\": [50817, 1711, 512, 935, 11, 1580, 307, 4127, 278, 264, 24349, 412, 25237, 13, 51006], \"temperature\": 0.0, \"avg_logprob\": -0.2598970830440521, \"compression_ratio\": 1.8255033493041992, \"no_speech_prob\": 0.8003662824630737}, {\"id\": 89, \"seek\": 20184, \"start\": 214.67999267578125, \"end\": 217.36000061035156, \"text\": \" Someone is working at Chick-fil-A through the drive-thru.\", \"tokens\": [51006, 8734, 307, 1364, 412, 38930, 12, 19776, 12, 32, 807, 264, 3332, 12, 392, 894, 13, 51140], \"temperature\": 0.0, \"avg_logprob\": -0.2598970830440521, \"compression_ratio\": 1.8255033493041992, \"no_speech_prob\": 0.8003662824630737}, {\"id\": 90, \"seek\": 20184, \"start\": 217.36000061035156, \"end\": 218.36000061035156, \"text\": \" Somebody is doing that.\", \"tokens\": [51140, 13463, 307, 884, 300, 13, 51190], \"temperature\": 0.0, \"avg_logprob\": -0.2598970830440521, \"compression_ratio\": 1.8255033493041992, \"no_speech_prob\": 0.8003662824630737}, {\"id\": 91, \"seek\": 20184, \"start\": 218.36000061035156, \"end\": 221.8800048828125, \"text\": \" And so we have these guys on YouTube who's like, don't start your own business.\", \"tokens\": [51190, 400, 370, 321, 362, 613, 1074, 322, 3088, 567, 311, 411, 11, 500, 380, 722, 428, 1065, 1606, 13, 51366], \"temperature\": 0.0, \"avg_logprob\": -0.2598970830440521, \"compression_ratio\": 1.8255033493041992, \"no_speech_prob\": 0.8003662824630737}, {\"id\": 92, \"seek\": 20184, \"start\": 221.8800048828125, \"end\": 222.8800048828125, \"text\": \" Do this today.\", \"tokens\": [51366, 1144, 341, 965, 13, 51416], \"temperature\": 0.0, \"avg_logprob\": -0.2598970830440521, \"compression_ratio\": 1.8255033493041992, \"no_speech_prob\": 0.8003662824630737}, {\"id\": 93, \"seek\": 20184, \"start\": 222.8800048828125, \"end\": 223.8800048828125, \"text\": \" Skip college.\", \"tokens\": [51416, 46405, 3859, 13, 51466], \"temperature\": 0.0, \"avg_logprob\": -0.2598970830440521, \"compression_ratio\": 1.8255033493041992, \"no_speech_prob\": 0.8003662824630737}, {\"id\": 94, \"seek\": 20184, \"start\": 223.8800048828125, \"end\": 227.63999938964844, \"text\": \" And I'm like, that works for a small group of men but not all men and it's becoming unhealthy.\", \"tokens\": [51466, 400, 286, 478, 411, 11, 300, 1985, 337, 257, 1359, 1594, 295, 1706, 457, 406, 439, 1706, 293, 309, 311, 5617, 29147, 13, 51654], \"temperature\": 0.0, \"avg_logprob\": -0.2598970830440521, \"compression_ratio\": 1.8255033493041992, \"no_speech_prob\": 0.8003662824630737}, {\"id\": 95, \"seek\": 22764, \"start\": 227.63999938964844, \"end\": 232.36000061035156, \"text\": \" And we just end up in this situation where we have these very masculine, somewhat masculine,\", \"tokens\": [50364, 400, 321, 445, 917, 493, 294, 341, 2590, 689, 321, 362, 613, 588, 28992, 11, 8344, 28992, 11, 50600], \"temperature\": 0.0, \"avg_logprob\": -0.24956537783145905, \"compression_ratio\": 1.8345069885253906, \"no_speech_prob\": 0.1943165361881256}, {\"id\": 96, \"seek\": 22764, \"start\": 232.36000061035156, \"end\": 236.67999267578125, \"text\": \" not super masculine, we have these masculine men who are like coming to date a group of\", \"tokens\": [50600, 406, 1687, 28992, 11, 321, 362, 613, 28992, 1706, 567, 366, 411, 1348, 281, 4002, 257, 1594, 295, 50816], \"temperature\": 0.0, \"avg_logprob\": -0.24956537783145905, \"compression_ratio\": 1.8345069885253906, \"no_speech_prob\": 0.1943165361881256}, {\"id\": 97, \"seek\": 22764, \"start\": 236.67999267578125, \"end\": 239.27999877929688, \"text\": \" women and these women don't need these men.\", \"tokens\": [50816, 2266, 293, 613, 2266, 500, 380, 643, 613, 1706, 13, 50946], \"temperature\": 0.0, \"avg_logprob\": -0.24956537783145905, \"compression_ratio\": 1.8345069885253906, \"no_speech_prob\": 0.1943165361881256}, {\"id\": 98, \"seek\": 22764, \"start\": 239.27999877929688, \"end\": 240.27999877929688, \"text\": \" They don't need them.\", \"tokens\": [50946, 814, 500, 380, 643, 552, 13, 50996], \"temperature\": 0.0, \"avg_logprob\": -0.24956537783145905, \"compression_ratio\": 1.8345069885253906, \"no_speech_prob\": 0.1943165361881256}, {\"id\": 99, \"seek\": 22764, \"start\": 240.27999877929688, \"end\": 244.9600067138672, \"text\": \" Remember, I'm fully in favor of women having the ability to out-earn men.\", \"tokens\": [50996, 5459, 11, 286, 478, 4498, 294, 2294, 295, 2266, 1419, 264, 3485, 281, 484, 12, 68, 1083, 1706, 13, 51230], \"temperature\": 0.0, \"avg_logprob\": -0.24956537783145905, \"compression_ratio\": 1.8345069885253906, \"no_speech_prob\": 0.1943165361881256}, {\"id\": 100, \"seek\": 22764, \"start\": 244.9600067138672, \"end\": 245.9600067138672, \"text\": \" Do whatever you want.\", \"tokens\": [51230, 1144, 2035, 291, 528, 13, 51280], \"temperature\": 0.0, \"avg_logprob\": -0.24956537783145905, \"compression_ratio\": 1.8345069885253906, \"no_speech_prob\": 0.1943165361881256}, {\"id\": 101, \"seek\": 22764, \"start\": 245.9600067138672, \"end\": 247.47999572753906, \"text\": \" Some women are geniuses.\", \"tokens\": [51280, 2188, 2266, 366, 14017, 279, 13, 51356], \"temperature\": 0.0, \"avg_logprob\": -0.24956537783145905, \"compression_ratio\": 1.8345069885253906, \"no_speech_prob\": 0.1943165361881256}, {\"id\": 102, \"seek\": 22764, \"start\": 247.47999572753906, \"end\": 249.72000122070312, \"text\": \" Some women someday will cure cancer.\", \"tokens\": [51356, 2188, 2266, 19412, 486, 13698, 5592, 13, 51468], \"temperature\": 0.0, \"avg_logprob\": -0.24956537783145905, \"compression_ratio\": 1.8345069885253906, \"no_speech_prob\": 0.1943165361881256}, {\"id\": 103, \"seek\": 22764, \"start\": 249.72000122070312, \"end\": 250.72000122070312, \"text\": \" Unbelievable.\", \"tokens\": [51468, 39523, 13, 51518], \"temperature\": 0.0, \"avg_logprob\": -0.24956537783145905, \"compression_ratio\": 1.8345069885253906, \"no_speech_prob\": 0.1943165361881256}, {\"id\": 104, \"seek\": 22764, \"start\": 250.72000122070312, \"end\": 253.9199981689453, \"text\": \" But the problem is that doesn't make her more attractive to men and it doesn't make her\", \"tokens\": [51518, 583, 264, 1154, 307, 300, 1177, 380, 652, 720, 544, 12609, 281, 1706, 293, 309, 1177, 380, 652, 720, 51678], \"temperature\": 0.0, \"avg_logprob\": -0.24956537783145905, \"compression_ratio\": 1.8345069885253906, \"no_speech_prob\": 0.1943165361881256}, {\"id\": 105, \"seek\": 22764, \"start\": 253.9199981689453, \"end\": 254.9199981689453, \"text\": \" need men more.\", \"tokens\": [51678, 643, 1706, 544, 13, 51728], \"temperature\": 0.0, \"avg_logprob\": -0.24956537783145905, \"compression_ratio\": 1.8345069885253906, \"no_speech_prob\": 0.1943165361881256}, {\"id\": 106, \"seek\": 25492, \"start\": 254.9199981689453, \"end\": 257.239990234375, \"text\": \" And so we just end up with this evolutionary mismatch.\", \"tokens\": [50364, 400, 370, 321, 445, 917, 493, 365, 341, 27567, 23220, 852, 13, 50480], \"temperature\": 0.0, \"avg_logprob\": -0.21227073669433594, \"compression_ratio\": 1.7057057619094849, \"no_speech_prob\": 0.5310425162315369}, {\"id\": 107, \"seek\": 25492, \"start\": 257.239990234375, \"end\": 259.9599914550781, \"text\": \" Marriage rates are plummeting because of this.\", \"tokens\": [50480, 49593, 6846, 366, 25854, 5537, 278, 570, 295, 341, 13, 50616], \"temperature\": 0.0, \"avg_logprob\": -0.21227073669433594, \"compression_ratio\": 1.7057057619094849, \"no_speech_prob\": 0.5310425162315369}, {\"id\": 108, \"seek\": 25492, \"start\": 259.9599914550781, \"end\": 262.0199890136719, \"text\": \" Divorce rates are skyrocketing because of this.\", \"tokens\": [50616, 9886, 284, 384, 6846, 366, 5443, 37463, 278, 570, 295, 341, 13, 50719], \"temperature\": 0.0, \"avg_logprob\": -0.21227073669433594, \"compression_ratio\": 1.7057057619094849, \"no_speech_prob\": 0.5310425162315369}, {\"id\": 109, \"seek\": 25492, \"start\": 262.0199890136719, \"end\": 264.760009765625, \"text\": \" And 78% of divorces are initiated by women.\", \"tokens\": [50719, 400, 26369, 4, 295, 11861, 887, 366, 28578, 538, 2266, 13, 50856], \"temperature\": 0.0, \"avg_logprob\": -0.21227073669433594, \"compression_ratio\": 1.7057057619094849, \"no_speech_prob\": 0.5310425162315369}, {\"id\": 110, \"seek\": 25492, \"start\": 264.760009765625, \"end\": 267.6400146484375, \"text\": \" And once a man is divorced and he's in his 40s, he's nine times more likely to commit\", \"tokens\": [50856, 400, 1564, 257, 587, 307, 27670, 293, 415, 311, 294, 702, 3356, 82, 11, 415, 311, 4949, 1413, 544, 3700, 281, 5599, 51000], \"temperature\": 0.0, \"avg_logprob\": -0.21227073669433594, \"compression_ratio\": 1.7057057619094849, \"no_speech_prob\": 0.5310425162315369}, {\"id\": 111, \"seek\": 25492, \"start\": 267.6400146484375, \"end\": 268.6400146484375, \"text\": \" suicide.\", \"tokens\": [51000, 12308, 13, 51050], \"temperature\": 0.0, \"avg_logprob\": -0.21227073669433594, \"compression_ratio\": 1.7057057619094849, \"no_speech_prob\": 0.5310425162315369}, {\"id\": 112, \"seek\": 25492, \"start\": 268.6400146484375, \"end\": 270.20001220703125, \"text\": \" So these are the kind of things that we talk about.\", \"tokens\": [51050, 407, 613, 366, 264, 733, 295, 721, 300, 321, 751, 466, 13, 51128], \"temperature\": 0.0, \"avg_logprob\": -0.21227073669433594, \"compression_ratio\": 1.7057057619094849, \"no_speech_prob\": 0.5310425162315369}, {\"id\": 113, \"seek\": 25492, \"start\": 270.20001220703125, \"end\": 274.2799987792969, \"text\": \" I know you got in asking me the original questions about the program.\", \"tokens\": [51128, 286, 458, 291, 658, 294, 3365, 385, 264, 3380, 1651, 466, 264, 1461, 13, 51332], \"temperature\": 0.0, \"avg_logprob\": -0.21227073669433594, \"compression_ratio\": 1.7057057619094849, \"no_speech_prob\": 0.5310425162315369}, {\"id\": 114, \"seek\": 25492, \"start\": 274.2799987792969, \"end\": 279.9599914550781, \"text\": \" The program for men is to get you in that top 10% as far as how you look on social media,\", \"tokens\": [51332, 440, 1461, 337, 1706, 307, 281, 483, 291, 294, 300, 1192, 1266, 4, 382, 1400, 382, 577, 291, 574, 322, 2093, 3021, 11, 51616], \"temperature\": 0.0, \"avg_logprob\": -0.21227073669433594, \"compression_ratio\": 1.7057057619094849, \"no_speech_prob\": 0.5310425162315369}, {\"id\": 115, \"seek\": 25492, \"start\": 279.9599914550781, \"end\": 282.0400085449219, \"text\": \" your business, your physique, all these things.\", \"tokens\": [51616, 428, 1606, 11, 428, 37058, 11, 439, 613, 721, 13, 51720], \"temperature\": 0.0, \"avg_logprob\": -0.21227073669433594, \"compression_ratio\": 1.7057057619094849, \"no_speech_prob\": 0.5310425162315369}, {\"id\": 116, \"seek\": 25492, \"start\": 282.0400085449219, \"end\": 284.44000244140625, \"text\": \" Get in the top 20%.\", \"tokens\": [51720, 3240, 294, 264, 1192, 945, 6856, 51840], \"temperature\": 0.0, \"avg_logprob\": -0.21227073669433594, \"compression_ratio\": 1.7057057619094849, \"no_speech_prob\": 0.5310425162315369}, {\"id\": 117, \"seek\": 28444, \"start\": 284.44000244140625, \"end\": 289.2799987792969, \"text\": \" It's never been easier to get in the top 20% than it is right now because the world\", \"tokens\": [50364, 467, 311, 1128, 668, 3571, 281, 483, 294, 264, 1192, 945, 4, 813, 309, 307, 558, 586, 570, 264, 1002, 50606], \"temperature\": 0.0, \"avg_logprob\": -0.23375143110752106, \"compression_ratio\": 1.711111068725586, \"no_speech_prob\": 0.02843339927494526}, {\"id\": 118, \"seek\": 28444, \"start\": 289.2799987792969, \"end\": 293.9200134277344, \"text\": \" is training men to be normal and average and boring.\", \"tokens\": [50606, 307, 3097, 1706, 281, 312, 2710, 293, 4274, 293, 9989, 13, 50838], \"temperature\": 0.0, \"avg_logprob\": -0.23375143110752106, \"compression_ratio\": 1.711111068725586, \"no_speech_prob\": 0.02843339927494526}, {\"id\": 119, \"seek\": 28444, \"start\": 293.9200134277344, \"end\": 299.6000061035156, \"text\": \" To get in that top 20%, if you do anything extraordinary, you're automatically there.\", \"tokens\": [50838, 1407, 483, 294, 300, 1192, 945, 8923, 498, 291, 360, 1340, 10581, 11, 291, 434, 6772, 456, 13, 51122], \"temperature\": 0.0, \"avg_logprob\": -0.23375143110752106, \"compression_ratio\": 1.711111068725586, \"no_speech_prob\": 0.02843339927494526}, {\"id\": 120, \"seek\": 28444, \"start\": 299.6000061035156, \"end\": 300.8399963378906, \"text\": \" It's just not that difficult.\", \"tokens\": [51122, 467, 311, 445, 406, 300, 2252, 13, 51184], \"temperature\": 0.0, \"avg_logprob\": -0.23375143110752106, \"compression_ratio\": 1.711111068725586, \"no_speech_prob\": 0.02843339927494526}, {\"id\": 121, \"seek\": 28444, \"start\": 300.8399963378906, \"end\": 305.3599853515625, \"text\": \" You just post every day on social media, you're in the top 20%.\", \"tokens\": [51184, 509, 445, 2183, 633, 786, 322, 2093, 3021, 11, 291, 434, 294, 264, 1192, 945, 6856, 51410], \"temperature\": 0.0, \"avg_logprob\": -0.23375143110752106, \"compression_ratio\": 1.711111068725586, \"no_speech_prob\": 0.02843339927494526}, {\"id\": 122, \"seek\": 28444, \"start\": 305.3599853515625, \"end\": 307.8800048828125, \"text\": \" So many guys I talk to right now, they're like, yeah, I don't want to have an Instagram.\", \"tokens\": [51410, 407, 867, 1074, 286, 751, 281, 558, 586, 11, 436, 434, 411, 11, 1338, 11, 286, 500, 380, 528, 281, 362, 364, 5281, 13, 51536], \"temperature\": 0.0, \"avg_logprob\": -0.23375143110752106, \"compression_ratio\": 1.711111068725586, \"no_speech_prob\": 0.02843339927494526}, {\"id\": 123, \"seek\": 28444, \"start\": 307.8800048828125, \"end\": 309.7200012207031, \"text\": \" And I'm like, I don't know what you think.\", \"tokens\": [51536, 400, 286, 478, 411, 11, 286, 500, 380, 458, 437, 291, 519, 13, 51628], \"temperature\": 0.0, \"avg_logprob\": -0.23375143110752106, \"compression_ratio\": 1.711111068725586, \"no_speech_prob\": 0.02843339927494526}, {\"id\": 124, \"seek\": 28444, \"start\": 309.7200012207031, \"end\": 312.20001220703125, \"text\": \" You're going to go to the mall and meet your wife?\", \"tokens\": [51628, 509, 434, 516, 281, 352, 281, 264, 16026, 293, 1677, 428, 3836, 30, 51752], \"temperature\": 0.0, \"avg_logprob\": -0.23375143110752106, \"compression_ratio\": 1.711111068725586, \"no_speech_prob\": 0.02843339927494526}, {\"id\": 125, \"seek\": 28444, \"start\": 312.20001220703125, \"end\": 313.6000061035156, \"text\": \" That's not how the world works anymore.\", \"tokens\": [51752, 663, 311, 406, 577, 264, 1002, 1985, 3602, 13, 51822], \"temperature\": 0.0, \"avg_logprob\": -0.23375143110752106, \"compression_ratio\": 1.711111068725586, \"no_speech_prob\": 0.02843339927494526}, {\"id\": 126, \"seek\": 31360, \"start\": 313.6000061035156, \"end\": 314.6000061035156, \"text\": \" It's not 1985.\", \"tokens\": [50364, 467, 311, 406, 28962, 13, 50414], \"temperature\": 0.0, \"avg_logprob\": -0.22695842385292053, \"compression_ratio\": 1.7865853309631348, \"no_speech_prob\": 0.11594133824110031}, {\"id\": 127, \"seek\": 31360, \"start\": 314.6000061035156, \"end\": 319.5199890136719, \"text\": \" There's just so many mismatches and so many people who just will not come along.\", \"tokens\": [50414, 821, 311, 445, 370, 867, 23220, 852, 279, 293, 370, 867, 561, 567, 445, 486, 406, 808, 2051, 13, 50660], \"temperature\": 0.0, \"avg_logprob\": -0.22695842385292053, \"compression_ratio\": 1.7865853309631348, \"no_speech_prob\": 0.11594133824110031}, {\"id\": 128, \"seek\": 31360, \"start\": 319.5199890136719, \"end\": 321.55999755859375, \"text\": \" For attractive women, they have nothing to worry about.\", \"tokens\": [50660, 1171, 12609, 2266, 11, 436, 362, 1825, 281, 3292, 466, 13, 50762], \"temperature\": 0.0, \"avg_logprob\": -0.22695842385292053, \"compression_ratio\": 1.7865853309631348, \"no_speech_prob\": 0.11594133824110031}, {\"id\": 129, \"seek\": 31360, \"start\": 321.55999755859375, \"end\": 326.3599853515625, \"text\": \" It's all worked out for them until they get to the point where they're in their late 20s,\", \"tokens\": [50762, 467, 311, 439, 2732, 484, 337, 552, 1826, 436, 483, 281, 264, 935, 689, 436, 434, 294, 641, 3469, 945, 82, 11, 51002], \"temperature\": 0.0, \"avg_logprob\": -0.22695842385292053, \"compression_ratio\": 1.7865853309631348, \"no_speech_prob\": 0.11594133824110031}, {\"id\": 130, \"seek\": 31360, \"start\": 326.3599853515625, \"end\": 330.67999267578125, \"text\": \" early 30s, and now they're competing with 23-year-old versions of themselves and they're\", \"tokens\": [51002, 2440, 2217, 82, 11, 293, 586, 436, 434, 15439, 365, 6673, 12, 5294, 12, 2641, 9606, 295, 2969, 293, 436, 434, 51218], \"temperature\": 0.0, \"avg_logprob\": -0.22695842385292053, \"compression_ratio\": 1.7865853309631348, \"no_speech_prob\": 0.11594133824110031}, {\"id\": 131, \"seek\": 31360, \"start\": 330.67999267578125, \"end\": 333.3999938964844, \"text\": \" not getting the same response from men that they were getting before.\", \"tokens\": [51218, 406, 1242, 264, 912, 4134, 490, 1706, 300, 436, 645, 1242, 949, 13, 51354], \"temperature\": 0.0, \"avg_logprob\": -0.22695842385292053, \"compression_ratio\": 1.7865853309631348, \"no_speech_prob\": 0.11594133824110031}, {\"id\": 132, \"seek\": 31360, \"start\": 333.3999938964844, \"end\": 335.8399963378906, \"text\": \" These men still want to have sex with them, but they don't want to settle down with them\", \"tokens\": [51354, 1981, 1706, 920, 528, 281, 362, 3260, 365, 552, 11, 457, 436, 500, 380, 528, 281, 11852, 760, 365, 552, 51476], \"temperature\": 0.0, \"avg_logprob\": -0.22695842385292053, \"compression_ratio\": 1.7865853309631348, \"no_speech_prob\": 0.11594133824110031}, {\"id\": 133, \"seek\": 31360, \"start\": 335.8399963378906, \"end\": 341.0, \"text\": \" because there's the 23-year-old who's over here who's like a younger version of the 28-year-old.\", \"tokens\": [51476, 570, 456, 311, 264, 6673, 12, 5294, 12, 2641, 567, 311, 670, 510, 567, 311, 411, 257, 7037, 3037, 295, 264, 7562, 12, 5294, 12, 2641, 13, 51734], \"temperature\": 0.0, \"avg_logprob\": -0.22695842385292053, \"compression_ratio\": 1.7865853309631348, \"no_speech_prob\": 0.11594133824110031}, {\"id\": 134, \"seek\": 34100, \"start\": 341.0, \"end\": 344.0199890136719, \"text\": \" And now women are now complaining, where are all the good men?\", \"tokens\": [50364, 400, 586, 2266, 366, 586, 20740, 11, 689, 366, 439, 264, 665, 1706, 30, 50515], \"temperature\": 0.0, \"avg_logprob\": -0.22498004138469696, \"compression_ratio\": 1.953703761100769, \"no_speech_prob\": 0.0838809609413147}, {\"id\": 135, \"seek\": 34100, \"start\": 344.0199890136719, \"end\": 346.1600036621094, \"text\": \" How come these men are all attractive?\", \"tokens\": [50515, 1012, 808, 613, 1706, 366, 439, 12609, 30, 50622], \"temperature\": 0.0, \"avg_logprob\": -0.22498004138469696, \"compression_ratio\": 1.953703761100769, \"no_speech_prob\": 0.0838809609413147}, {\"id\": 136, \"seek\": 34100, \"start\": 346.1600036621094, \"end\": 347.760009765625, \"text\": \" I'm 33 and I have a kid.\", \"tokens\": [50622, 286, 478, 11816, 293, 286, 362, 257, 1636, 13, 50702], \"temperature\": 0.0, \"avg_logprob\": -0.22498004138469696, \"compression_ratio\": 1.953703761100769, \"no_speech_prob\": 0.0838809609413147}, {\"id\": 137, \"seek\": 34100, \"start\": 347.760009765625, \"end\": 350.3999938964844, \"text\": \" When are these men going to step up and take care of me and my kid?\", \"tokens\": [50702, 1133, 366, 613, 1706, 516, 281, 1823, 493, 293, 747, 1127, 295, 385, 293, 452, 1636, 30, 50834], \"temperature\": 0.0, \"avg_logprob\": -0.22498004138469696, \"compression_ratio\": 1.953703761100769, \"no_speech_prob\": 0.0838809609413147}, {\"id\": 138, \"seek\": 34100, \"start\": 350.3999938964844, \"end\": 351.3999938964844, \"text\": \" That's what's happening now.\", \"tokens\": [50834, 663, 311, 437, 311, 2737, 586, 13, 50884], \"temperature\": 0.0, \"avg_logprob\": -0.22498004138469696, \"compression_ratio\": 1.953703761100769, \"no_speech_prob\": 0.0838809609413147}, {\"id\": 139, \"seek\": 34100, \"start\": 351.3999938964844, \"end\": 352.3999938964844, \"text\": \" And where are those men?\", \"tokens\": [50884, 400, 689, 366, 729, 1706, 30, 50934], \"temperature\": 0.0, \"avg_logprob\": -0.22498004138469696, \"compression_ratio\": 1.953703761100769, \"no_speech_prob\": 0.0838809609413147}, {\"id\": 140, \"seek\": 34100, \"start\": 352.3999938964844, \"end\": 353.3999938964844, \"text\": \" Where are those men?\", \"tokens\": [50934, 2305, 366, 729, 1706, 30, 50984], \"temperature\": 0.0, \"avg_logprob\": -0.22498004138469696, \"compression_ratio\": 1.953703761100769, \"no_speech_prob\": 0.0838809609413147}, {\"id\": 141, \"seek\": 34100, \"start\": 353.3999938964844, \"end\": 354.3999938964844, \"text\": \" You know what I'm saying?\", \"tokens\": [50984, 509, 458, 437, 286, 478, 1566, 30, 51034], \"temperature\": 0.0, \"avg_logprob\": -0.22498004138469696, \"compression_ratio\": 1.953703761100769, \"no_speech_prob\": 0.0838809609413147}, {\"id\": 142, \"seek\": 34100, \"start\": 354.3999938964844, \"end\": 355.3999938964844, \"text\": \" But where are they?\", \"tokens\": [51034, 583, 689, 366, 436, 30, 51084], \"temperature\": 0.0, \"avg_logprob\": -0.22498004138469696, \"compression_ratio\": 1.953703761100769, \"no_speech_prob\": 0.0838809609413147}, {\"id\": 143, \"seek\": 34100, \"start\": 355.3999938964844, \"end\": 356.3999938964844, \"text\": \" You didn't want them.\", \"tokens\": [51084, 509, 994, 380, 528, 552, 13, 51134], \"temperature\": 0.0, \"avg_logprob\": -0.22498004138469696, \"compression_ratio\": 1.953703761100769, \"no_speech_prob\": 0.0838809609413147}, {\"id\": 144, \"seek\": 34100, \"start\": 356.3999938964844, \"end\": 359.0400085449219, \"text\": \" You meet them all the time, but these women don't want these men.\", \"tokens\": [51134, 509, 1677, 552, 439, 264, 565, 11, 457, 613, 2266, 500, 380, 528, 613, 1706, 13, 51266], \"temperature\": 0.0, \"avg_logprob\": -0.22498004138469696, \"compression_ratio\": 1.953703761100769, \"no_speech_prob\": 0.0838809609413147}, {\"id\": 145, \"seek\": 34100, \"start\": 359.0400085449219, \"end\": 360.0400085449219, \"text\": \" You know why?\", \"tokens\": [51266, 509, 458, 983, 30, 51316], \"temperature\": 0.0, \"avg_logprob\": -0.22498004138469696, \"compression_ratio\": 1.953703761100769, \"no_speech_prob\": 0.0838809609413147}, {\"id\": 146, \"seek\": 34100, \"start\": 360.0400085449219, \"end\": 361.8399963378906, \"text\": \" Because they're 5'11 and a half.\", \"tokens\": [51316, 1436, 436, 434, 1025, 6, 5348, 293, 257, 1922, 13, 51406], \"temperature\": 0.0, \"avg_logprob\": -0.22498004138469696, \"compression_ratio\": 1.953703761100769, \"no_speech_prob\": 0.0838809609413147}, {\"id\": 147, \"seek\": 34100, \"start\": 361.8399963378906, \"end\": 364.0, \"text\": \" Because they don't make $70,000, they make $65,000 a year.\", \"tokens\": [51406, 1436, 436, 500, 380, 652, 1848, 5867, 11, 1360, 11, 436, 652, 1848, 16824, 11, 1360, 257, 1064, 13, 51514], \"temperature\": 0.0, \"avg_logprob\": -0.22498004138469696, \"compression_ratio\": 1.953703761100769, \"no_speech_prob\": 0.0838809609413147}, {\"id\": 148, \"seek\": 34100, \"start\": 364.0, \"end\": 367.20001220703125, \"text\": \" They don't make enough money and they're not tall enough and I'm not going to settle because\", \"tokens\": [51514, 814, 500, 380, 652, 1547, 1460, 293, 436, 434, 406, 6764, 1547, 293, 286, 478, 406, 516, 281, 11852, 570, 51674], \"temperature\": 0.0, \"avg_logprob\": -0.22498004138469696, \"compression_ratio\": 1.953703761100769, \"no_speech_prob\": 0.0838809609413147}, {\"id\": 149, \"seek\": 34100, \"start\": 367.20001220703125, \"end\": 369.8800048828125, \"text\": \" Cardi B told me not to settle.\", \"tokens\": [51674, 11877, 72, 363, 1907, 385, 406, 281, 11852, 13, 51808], \"temperature\": 0.0, \"avg_logprob\": -0.22498004138469696, \"compression_ratio\": 1.953703761100769, \"no_speech_prob\": 0.0838809609413147}, {\"id\": 150, \"seek\": 36988, \"start\": 369.9200134277344, \"end\": 370.9200134277344, \"text\": \" Unrealistic expectations.\", \"tokens\": [50366, 1156, 9342, 3142, 9843, 13, 50416], \"temperature\": 0.0, \"avg_logprob\": -0.2563738226890564, \"compression_ratio\": 1.7988505363464355, \"no_speech_prob\": 0.04271865636110306}, {\"id\": 151, \"seek\": 36988, \"start\": 370.9200134277344, \"end\": 372.9200134277344, \"text\": \" Because Nicki Minaj told me to be a bad bitch.\", \"tokens\": [50416, 1436, 47608, 35981, 73, 1907, 385, 281, 312, 257, 1578, 11960, 13, 50516], \"temperature\": 0.0, \"avg_logprob\": -0.2563738226890564, \"compression_ratio\": 1.7988505363464355, \"no_speech_prob\": 0.04271865636110306}, {\"id\": 152, \"seek\": 36988, \"start\": 372.9200134277344, \"end\": 374.6000061035156, \"text\": \" That's the reason why I'm not going to settle.\", \"tokens\": [50516, 663, 311, 264, 1778, 983, 286, 478, 406, 516, 281, 11852, 13, 50600], \"temperature\": 0.0, \"avg_logprob\": -0.2563738226890564, \"compression_ratio\": 1.7988505363464355, \"no_speech_prob\": 0.04271865636110306}, {\"id\": 153, \"seek\": 36988, \"start\": 374.6000061035156, \"end\": 375.6000061035156, \"text\": \" I need my man.\", \"tokens\": [50600, 286, 643, 452, 587, 13, 50650], \"temperature\": 0.0, \"avg_logprob\": -0.2563738226890564, \"compression_ratio\": 1.7988505363464355, \"no_speech_prob\": 0.04271865636110306}, {\"id\": 154, \"seek\": 36988, \"start\": 375.6000061035156, \"end\": 378.44000244140625, \"text\": \" He's 6'3, makes $500,000 a year and he's going to come take care of me and my kid.\", \"tokens\": [50650, 634, 311, 1386, 6, 18, 11, 1669, 1848, 7526, 11, 1360, 257, 1064, 293, 415, 311, 516, 281, 808, 747, 1127, 295, 385, 293, 452, 1636, 13, 50792], \"temperature\": 0.0, \"avg_logprob\": -0.2563738226890564, \"compression_ratio\": 1.7988505363464355, \"no_speech_prob\": 0.04271865636110306}, {\"id\": 155, \"seek\": 36988, \"start\": 378.44000244140625, \"end\": 379.44000244140625, \"text\": \" That's what's going to happen.\", \"tokens\": [50792, 663, 311, 437, 311, 516, 281, 1051, 13, 50842], \"temperature\": 0.0, \"avg_logprob\": -0.2563738226890564, \"compression_ratio\": 1.7988505363464355, \"no_speech_prob\": 0.04271865636110306}, {\"id\": 156, \"seek\": 36988, \"start\": 379.44000244140625, \"end\": 380.9200134277344, \"text\": \" And we get into these unrealistic expectations.\", \"tokens\": [50842, 400, 321, 483, 666, 613, 42867, 9843, 13, 50916], \"temperature\": 0.0, \"avg_logprob\": -0.2563738226890564, \"compression_ratio\": 1.7988505363464355, \"no_speech_prob\": 0.04271865636110306}, {\"id\": 157, \"seek\": 36988, \"start\": 380.9200134277344, \"end\": 384.55999755859375, \"text\": \" And when you ask women, they're like, would you rather be single or date a guy who's short?\", \"tokens\": [50916, 400, 562, 291, 1029, 2266, 11, 436, 434, 411, 11, 576, 291, 2831, 312, 2167, 420, 4002, 257, 2146, 567, 311, 2099, 30, 51098], \"temperature\": 0.0, \"avg_logprob\": -0.2563738226890564, \"compression_ratio\": 1.7988505363464355, \"no_speech_prob\": 0.04271865636110306}, {\"id\": 158, \"seek\": 36988, \"start\": 384.55999755859375, \"end\": 386.8800048828125, \"text\": \" They're like, I'd rather be single.\", \"tokens\": [51098, 814, 434, 411, 11, 286, 1116, 2831, 312, 2167, 13, 51214], \"temperature\": 0.0, \"avg_logprob\": -0.2563738226890564, \"compression_ratio\": 1.7988505363464355, \"no_speech_prob\": 0.04271865636110306}, {\"id\": 159, \"seek\": 36988, \"start\": 386.8800048828125, \"end\": 387.8800048828125, \"text\": \" It's crazy, bro.\", \"tokens\": [51214, 467, 311, 3219, 11, 2006, 13, 51264], \"temperature\": 0.0, \"avg_logprob\": -0.2563738226890564, \"compression_ratio\": 1.7988505363464355, \"no_speech_prob\": 0.04271865636110306}, {\"id\": 160, \"seek\": 36988, \"start\": 387.8800048828125, \"end\": 388.8800048828125, \"text\": \" Yes.\", \"tokens\": [51264, 1079, 13, 51314], \"temperature\": 0.0, \"avg_logprob\": -0.2563738226890564, \"compression_ratio\": 1.7988505363464355, \"no_speech_prob\": 0.04271865636110306}, {\"id\": 161, \"seek\": 36988, \"start\": 388.8800048828125, \"end\": 390.3800048828125, \"text\": \" And the reason why is because social media.\", \"tokens\": [51314, 400, 264, 1778, 983, 307, 570, 2093, 3021, 13, 51389], \"temperature\": 0.0, \"avg_logprob\": -0.2563738226890564, \"compression_ratio\": 1.7988505363464355, \"no_speech_prob\": 0.04271865636110306}, {\"id\": 162, \"seek\": 36988, \"start\": 390.3800048828125, \"end\": 396.32000732421875, \"text\": \" Social media has gotten us to the point where women have visual access to all these unrealistic\", \"tokens\": [51389, 9909, 3021, 575, 5768, 505, 281, 264, 935, 689, 2266, 362, 5056, 2105, 281, 439, 613, 42867, 51686], \"temperature\": 0.0, \"avg_logprob\": -0.2563738226890564, \"compression_ratio\": 1.7988505363464355, \"no_speech_prob\": 0.04271865636110306}, {\"id\": 163, \"seek\": 36988, \"start\": 396.32000732421875, \"end\": 398.7200012207031, \"text\": \" scenarios, but they're not unrealistic.\", \"tokens\": [51686, 15077, 11, 457, 436, 434, 406, 42867, 13, 51806], \"temperature\": 0.0, \"avg_logprob\": -0.2563738226890564, \"compression_ratio\": 1.7988505363464355, \"no_speech_prob\": 0.04271865636110306}, {\"id\": 164, \"seek\": 39872, \"start\": 398.7200012207031, \"end\": 403.1600036621094, \"text\": \" A girl who's moderately attractive can slide into a celebrity's DMs and if he's bored,\", \"tokens\": [50364, 316, 2013, 567, 311, 10494, 1592, 12609, 393, 4137, 666, 257, 18597, 311, 15322, 82, 293, 498, 415, 311, 13521, 11, 50586], \"temperature\": 0.0, \"avg_logprob\": -0.2675333023071289, \"compression_ratio\": 1.6646525859832764, \"no_speech_prob\": 0.26879557967185974}, {\"id\": 165, \"seek\": 39872, \"start\": 403.1600036621094, \"end\": 404.6400146484375, \"text\": \" he'll have sex with her.\", \"tokens\": [50586, 415, 603, 362, 3260, 365, 720, 13, 50660], \"temperature\": 0.0, \"avg_logprob\": -0.2675333023071289, \"compression_ratio\": 1.6646525859832764, \"no_speech_prob\": 0.26879557967185974}, {\"id\": 166, \"seek\": 39872, \"start\": 404.6400146484375, \"end\": 406.3999938964844, \"text\": \" It happens all the time.\", \"tokens\": [50660, 467, 2314, 439, 264, 565, 13, 50748], \"temperature\": 0.0, \"avg_logprob\": -0.2675333023071289, \"compression_ratio\": 1.6646525859832764, \"no_speech_prob\": 0.26879557967185974}, {\"id\": 167, \"seek\": 39872, \"start\": 406.3999938964844, \"end\": 411.5199890136719, \"text\": \" Leonardo DiCaprio was notorious for banging all these young chicks in Los Angeles.\", \"tokens\": [50748, 36523, 8789, 46671, 6584, 390, 38045, 337, 36982, 439, 613, 2037, 42214, 294, 7632, 12292, 13, 51004], \"temperature\": 0.0, \"avg_logprob\": -0.2675333023071289, \"compression_ratio\": 1.6646525859832764, \"no_speech_prob\": 0.26879557967185974}, {\"id\": 168, \"seek\": 39872, \"start\": 411.5199890136719, \"end\": 412.5199890136719, \"text\": \" Hundreds of them.\", \"tokens\": [51004, 45785, 295, 552, 13, 51054], \"temperature\": 0.0, \"avg_logprob\": -0.2675333023071289, \"compression_ratio\": 1.6646525859832764, \"no_speech_prob\": 0.26879557967185974}, {\"id\": 169, \"seek\": 39872, \"start\": 412.5199890136719, \"end\": 413.5199890136719, \"text\": \" Have you ever heard of the stories?\", \"tokens\": [51054, 3560, 291, 1562, 2198, 295, 264, 3676, 30, 51104], \"temperature\": 0.0, \"avg_logprob\": -0.2675333023071289, \"compression_ratio\": 1.6646525859832764, \"no_speech_prob\": 0.26879557967185974}, {\"id\": 170, \"seek\": 39872, \"start\": 413.5199890136719, \"end\": 418.2799987792969, \"text\": \" He literally would put headphones on while he's having sex with girls.\", \"tokens\": [51104, 634, 3736, 576, 829, 16278, 322, 1339, 415, 311, 1419, 3260, 365, 4519, 13, 51342], \"temperature\": 0.0, \"avg_logprob\": -0.2675333023071289, \"compression_ratio\": 1.6646525859832764, \"no_speech_prob\": 0.26879557967185974}, {\"id\": 171, \"seek\": 39872, \"start\": 418.2799987792969, \"end\": 421.9599914550781, \"text\": \" You want to message Leo, he might hit you back and have sex with you.\", \"tokens\": [51342, 509, 528, 281, 3636, 19344, 11, 415, 1062, 2045, 291, 646, 293, 362, 3260, 365, 291, 13, 51526], \"temperature\": 0.0, \"avg_logprob\": -0.2675333023071289, \"compression_ratio\": 1.6646525859832764, \"no_speech_prob\": 0.26879557967185974}, {\"id\": 172, \"seek\": 39872, \"start\": 421.9599914550781, \"end\": 425.1199951171875, \"text\": \" These women are like, well, I had sex with Leonardo DiCaprio, therefore, that's what\", \"tokens\": [51526, 1981, 2266, 366, 411, 11, 731, 11, 286, 632, 3260, 365, 36523, 8789, 46671, 6584, 11, 4412, 11, 300, 311, 437, 51684], \"temperature\": 0.0, \"avg_logprob\": -0.2675333023071289, \"compression_ratio\": 1.6646525859832764, \"no_speech_prob\": 0.26879557967185974}, {\"id\": 173, \"seek\": 39872, \"start\": 425.1199951171875, \"end\": 426.1199951171875, \"text\": \" I deserve.\", \"tokens\": [51684, 286, 9948, 13, 51734], \"temperature\": 0.0, \"avg_logprob\": -0.2675333023071289, \"compression_ratio\": 1.6646525859832764, \"no_speech_prob\": 0.26879557967185974}, {\"id\": 174, \"seek\": 39872, \"start\": 426.1199951171875, \"end\": 427.9200134277344, \"text\": \" My husband needs to be at that standard.\", \"tokens\": [51734, 1222, 5213, 2203, 281, 312, 412, 300, 3832, 13, 51824], \"temperature\": 0.0, \"avg_logprob\": -0.2675333023071289, \"compression_ratio\": 1.6646525859832764, \"no_speech_prob\": 0.26879557967185974}, {\"id\": 175, \"seek\": 42792, \"start\": 427.9200134277344, \"end\": 431.79998779296875, \"text\": \" $50 million a year, fame, anything less than that.\", \"tokens\": [50364, 1848, 2803, 2459, 257, 1064, 11, 16874, 11, 1340, 1570, 813, 300, 13, 50558], \"temperature\": 0.0, \"avg_logprob\": -0.29716941714286804, \"compression_ratio\": 1.5463917255401611, \"no_speech_prob\": 0.6510446071624756}, {\"id\": 176, \"seek\": 42792, \"start\": 431.79998779296875, \"end\": 433.0799865722656, \"text\": \" Oh, this guy, he's 5'8\\\".\", \"tokens\": [50558, 876, 11, 341, 2146, 11, 415, 311, 1025, 6, 23, 1883, 50622], \"temperature\": 0.0, \"avg_logprob\": -0.29716941714286804, \"compression_ratio\": 1.5463917255401611, \"no_speech_prob\": 0.6510446071624756}, {\"id\": 177, \"seek\": 42792, \"start\": 433.0799865722656, \"end\": 434.0799865722656, \"text\": \" Done.\", \"tokens\": [50622, 18658, 13, 50672], \"temperature\": 0.0, \"avg_logprob\": -0.29716941714286804, \"compression_ratio\": 1.5463917255401611, \"no_speech_prob\": 0.6510446071624756}, {\"id\": 178, \"seek\": 42792, \"start\": 434.0799865722656, \"end\": 435.0799865722656, \"text\": \" No, I'm friend zone.\", \"tokens\": [50672, 883, 11, 286, 478, 1277, 6668, 13, 50722], \"temperature\": 0.0, \"avg_logprob\": -0.29716941714286804, \"compression_ratio\": 1.5463917255401611, \"no_speech_prob\": 0.6510446071624756}, {\"id\": 179, \"seek\": 42792, \"start\": 435.0799865722656, \"end\": 436.0799865722656, \"text\": \" That's what happens.\", \"tokens\": [50722, 663, 311, 437, 2314, 13, 50772], \"temperature\": 0.0, \"avg_logprob\": -0.29716941714286804, \"compression_ratio\": 1.5463917255401611, \"no_speech_prob\": 0.6510446071624756}, {\"id\": 180, \"seek\": 42792, \"start\": 436.0799865722656, \"end\": 438.6000061035156, \"text\": \" You have these incredibly unrealistic expectations for men too, by the way.\", \"tokens\": [50772, 509, 362, 613, 6252, 42867, 9843, 337, 1706, 886, 11, 538, 264, 636, 13, 50898], \"temperature\": 0.0, \"avg_logprob\": -0.29716941714286804, \"compression_ratio\": 1.5463917255401611, \"no_speech_prob\": 0.6510446071624756}, {\"id\": 181, \"seek\": 42792, \"start\": 438.6000061035156, \"end\": 441.5199890136719, \"text\": \" Men to a certain point do too, but men, it's kind of the opposite.\", \"tokens\": [50898, 6685, 281, 257, 1629, 935, 360, 886, 11, 457, 1706, 11, 309, 311, 733, 295, 264, 6182, 13, 51044], \"temperature\": 0.0, \"avg_logprob\": -0.29716941714286804, \"compression_ratio\": 1.5463917255401611, \"no_speech_prob\": 0.6510446071624756}, {\"id\": 182, \"seek\": 42792, \"start\": 441.5199890136719, \"end\": 444.9200134277344, \"text\": \" They're dating a stripper who's very physically attractive and they think she's going to settle\", \"tokens\": [51044, 814, 434, 10689, 257, 3575, 3717, 567, 311, 588, 9762, 12609, 293, 436, 519, 750, 311, 516, 281, 11852, 51214], \"temperature\": 0.0, \"avg_logprob\": -0.29716941714286804, \"compression_ratio\": 1.5463917255401611, \"no_speech_prob\": 0.6510446071624756}, {\"id\": 183, \"seek\": 42792, \"start\": 444.9200134277344, \"end\": 446.0799865722656, \"text\": \" down and change for him.\", \"tokens\": [51214, 760, 293, 1319, 337, 796, 13, 51272], \"temperature\": 0.0, \"avg_logprob\": -0.29716941714286804, \"compression_ratio\": 1.5463917255401611, \"no_speech_prob\": 0.6510446071624756}, {\"id\": 184, \"seek\": 42792, \"start\": 446.0799865722656, \"end\": 447.1600036621094, \"text\": \" That's not going to happen either.\", \"tokens\": [51272, 663, 311, 406, 516, 281, 1051, 2139, 13, 51326], \"temperature\": 0.0, \"avg_logprob\": -0.29716941714286804, \"compression_ratio\": 1.5463917255401611, \"no_speech_prob\": 0.6510446071624756}, {\"id\": 185, \"seek\": 42792, \"start\": 447.1600036621094, \"end\": 447.9599914550781, \"text\": \" Men are just as delusional.\", \"tokens\": [51326, 6685, 366, 445, 382, 1103, 301, 1966, 13, 51366], \"temperature\": 0.0, \"avg_logprob\": -0.29716941714286804, \"compression_ratio\": 1.5463917255401611, \"no_speech_prob\": 0.6510446071624756}]}"}