{"title": "How I Grew My Events With Top Influencers", "video_id": "OMGyI3XX6XY", "video_url": "https://www.youtube.com/watch?v=OMGyI3XX6XY", "description": "Ready to build a network of amazing women and high-status men?\n\nMichael\u2019s Men of Action is a one-on-one Master\u2019s program that teaches men how to create elite social lives by becoming higher status.\n\nClick this link to learn how you can have a High-Status lifestyle now:\nhttps://m.moamentoring.com/podcast\n\nClick here to join the Men of Action community and watch the High-Status Networking 101 course:\nhttps://m.moamentoring.com/moa-community\n\u2014\u2014\u2014\u2014\u2014\u2014\u2014\u2014\u2014\u2014\u2014\u2014\u2014\u2014\u2014\u2014\u2014\u2014\u2014\u2014\n\nSubscribe on Youtube: \nhttps://www.youtube.com/user/MichaelSartain\n\nListen on Apple Podcast: \nhttps://podcasts.apple.com/us/podcast/the-michael-sartain-podcast/id1579791157\n\nListen on Spotify: \nhttps://open.spotify.com/show/2faAYwvDD9Bvkpwv6umlPO?si=8Q3ak9HnSlKjuChsTXr6YQ&dl_branch=1", "published_at": "2023-05-05T18:15:02Z", "channel_id": "UC0T1bDzajVefRWx4uKdGyuw", "channel_title": "Michael Sartain", "tags": [], "category_id": "24", "live_broadcast_content": "none", "duration": 53.0, "dimension": "2d", "definition": "hd", "caption": "false", "view_count": 2689, "like_count": 103, "comment_count": 5, "channel_info": {"title": "Michael Sartain", "description": "\ud83c\udf99Host of The\u00a0Michael Sartain Podcast \n\n\ud83d\udd25Teaching you how to build a network of desirable women and high-status men\n\n\ud83d\udc47 Click the \"Men of Action\" link below now to forge a high-status lifestyle and join the elites \n", "subscriber_count": "80500", "total_views": "29545897", "total_videos": "1481"}, "comments": [], "file_path": "/Users/aelaguiz/workspace/fc_book/audio/raws/OMGyI3XX6XY.mp3", "transcription": "{\"text\": \"When I first moved here, one of the things I noticed was that all the dudes that I met here and like, I'm not trying to hate on anybody in particular, but you guys know who you are. They treated women like cattle. Like how many **** you got coming to this **** and I was like, that's why they don't come to your ****. Nobody asked me, bring your girls to Zoot. Slavery was outlawed January 1st, 1865. I was not, or if you're from Texas, it's June 19th, 1865. Slavery was outlawed. I don't own anybody. There's no my girls. I don't, I don't think about it like that. So because of that, you know, that's why I think I did things a little differently. I was more like, instead of, Hey, come to my table and **** my client and do this cocaine. I was more like, Hey, come to this animal rescue charity with me. Hey, come to this domestic abuse charity with me. Hey, help me raise money for these, uh, for these homeless children. That's what I kind of based my social scene off of. Does that make sense? Yeah. No. One of my favorite clips of yours is like, if you're adding value, you're not a creep. Yes. Yeah. So you're never a creep.  \", \"segments\": [{\"id\": 0, \"seek\": 0, \"start\": 0.0, \"end\": 3.319999933242798, \"text\": \" When I first moved here, one of the things I noticed was that all the dudes that I met\", \"tokens\": [50364, 1133, 286, 700, 4259, 510, 11, 472, 295, 264, 721, 286, 5694, 390, 300, 439, 264, 27717, 300, 286, 1131, 50530], \"temperature\": 0.0, \"avg_logprob\": -0.24010878801345825, \"compression_ratio\": 1.7780821323394775, \"no_speech_prob\": 0.007342351134866476}, {\"id\": 1, \"seek\": 0, \"start\": 3.319999933242798, \"end\": 6.840000152587891, \"text\": \" here and like, I'm not trying to hate on anybody in particular, but you guys know who you are.\", \"tokens\": [50530, 510, 293, 411, 11, 286, 478, 406, 1382, 281, 4700, 322, 4472, 294, 1729, 11, 457, 291, 1074, 458, 567, 291, 366, 13, 50706], \"temperature\": 0.0, \"avg_logprob\": -0.24010878801345825, \"compression_ratio\": 1.7780821323394775, \"no_speech_prob\": 0.007342351134866476}, {\"id\": 2, \"seek\": 0, \"start\": 6.840000152587891, \"end\": 8.0, \"text\": \" They treated women like cattle.\", \"tokens\": [50706, 814, 8668, 2266, 411, 19992, 13, 50764], \"temperature\": 0.0, \"avg_logprob\": -0.24010878801345825, \"compression_ratio\": 1.7780821323394775, \"no_speech_prob\": 0.007342351134866476}, {\"id\": 3, \"seek\": 0, \"start\": 8.0, \"end\": 12.079999923706055, \"text\": \" Like how many **** you got coming to this **** and I was like, that's why they don't\", \"tokens\": [50764, 1743, 577, 867, 36024, 291, 658, 1348, 281, 341, 36024, 293, 286, 390, 411, 11, 300, 311, 983, 436, 500, 380, 50968], \"temperature\": 0.0, \"avg_logprob\": -0.24010878801345825, \"compression_ratio\": 1.7780821323394775, \"no_speech_prob\": 0.007342351134866476}, {\"id\": 4, \"seek\": 0, \"start\": 12.079999923706055, \"end\": 13.359999656677246, \"text\": \" come to your ****.\", \"tokens\": [50968, 808, 281, 428, 36024, 13, 51032], \"temperature\": 0.0, \"avg_logprob\": -0.24010878801345825, \"compression_ratio\": 1.7780821323394775, \"no_speech_prob\": 0.007342351134866476}, {\"id\": 5, \"seek\": 0, \"start\": 13.359999656677246, \"end\": 15.15999984741211, \"text\": \" Nobody asked me, bring your girls to Zoot.\", \"tokens\": [51032, 9297, 2351, 385, 11, 1565, 428, 4519, 281, 1176, 6259, 13, 51122], \"temperature\": 0.0, \"avg_logprob\": -0.24010878801345825, \"compression_ratio\": 1.7780821323394775, \"no_speech_prob\": 0.007342351134866476}, {\"id\": 6, \"seek\": 0, \"start\": 15.15999984741211, \"end\": 17.200000762939453, \"text\": \" Slavery was outlawed January 1st, 1865.\", \"tokens\": [51122, 318, 875, 448, 390, 484, 5901, 292, 7061, 502, 372, 11, 2443, 16824, 13, 51224], \"temperature\": 0.0, \"avg_logprob\": -0.24010878801345825, \"compression_ratio\": 1.7780821323394775, \"no_speech_prob\": 0.007342351134866476}, {\"id\": 7, \"seek\": 0, \"start\": 17.200000762939453, \"end\": 20.600000381469727, \"text\": \" I was not, or if you're from Texas, it's June 19th, 1865.\", \"tokens\": [51224, 286, 390, 406, 11, 420, 498, 291, 434, 490, 7885, 11, 309, 311, 6928, 1294, 392, 11, 2443, 16824, 13, 51394], \"temperature\": 0.0, \"avg_logprob\": -0.24010878801345825, \"compression_ratio\": 1.7780821323394775, \"no_speech_prob\": 0.007342351134866476}, {\"id\": 8, \"seek\": 0, \"start\": 20.600000381469727, \"end\": 21.600000381469727, \"text\": \" Slavery was outlawed.\", \"tokens\": [51394, 318, 875, 448, 390, 484, 5901, 292, 13, 51444], \"temperature\": 0.0, \"avg_logprob\": -0.24010878801345825, \"compression_ratio\": 1.7780821323394775, \"no_speech_prob\": 0.007342351134866476}, {\"id\": 9, \"seek\": 0, \"start\": 21.600000381469727, \"end\": 22.600000381469727, \"text\": \" I don't own anybody.\", \"tokens\": [51444, 286, 500, 380, 1065, 4472, 13, 51494], \"temperature\": 0.0, \"avg_logprob\": -0.24010878801345825, \"compression_ratio\": 1.7780821323394775, \"no_speech_prob\": 0.007342351134866476}, {\"id\": 10, \"seek\": 0, \"start\": 22.600000381469727, \"end\": 23.600000381469727, \"text\": \" There's no my girls.\", \"tokens\": [51494, 821, 311, 572, 452, 4519, 13, 51544], \"temperature\": 0.0, \"avg_logprob\": -0.24010878801345825, \"compression_ratio\": 1.7780821323394775, \"no_speech_prob\": 0.007342351134866476}, {\"id\": 11, \"seek\": 0, \"start\": 23.600000381469727, \"end\": 24.600000381469727, \"text\": \" I don't, I don't think about it like that.\", \"tokens\": [51544, 286, 500, 380, 11, 286, 500, 380, 519, 466, 309, 411, 300, 13, 51594], \"temperature\": 0.0, \"avg_logprob\": -0.24010878801345825, \"compression_ratio\": 1.7780821323394775, \"no_speech_prob\": 0.007342351134866476}, {\"id\": 12, \"seek\": 0, \"start\": 24.600000381469727, \"end\": 29.040000915527344, \"text\": \" So because of that, you know, that's why I think I did things a little differently.\", \"tokens\": [51594, 407, 570, 295, 300, 11, 291, 458, 11, 300, 311, 983, 286, 519, 286, 630, 721, 257, 707, 7614, 13, 51816], \"temperature\": 0.0, \"avg_logprob\": -0.24010878801345825, \"compression_ratio\": 1.7780821323394775, \"no_speech_prob\": 0.007342351134866476}, {\"id\": 13, \"seek\": 2904, \"start\": 29.040000915527344, \"end\": 33.63999938964844, \"text\": \" I was more like, instead of, Hey, come to my table and **** my client and do this cocaine.\", \"tokens\": [50364, 286, 390, 544, 411, 11, 2602, 295, 11, 1911, 11, 808, 281, 452, 3199, 293, 36024, 452, 6423, 293, 360, 341, 33933, 13, 50594], \"temperature\": 0.0, \"avg_logprob\": -0.24165868759155273, \"compression_ratio\": 1.8394160270690918, \"no_speech_prob\": 0.10084923356771469}, {\"id\": 14, \"seek\": 2904, \"start\": 33.63999938964844, \"end\": 36.400001525878906, \"text\": \" I was more like, Hey, come to this animal rescue charity with me.\", \"tokens\": [50594, 286, 390, 544, 411, 11, 1911, 11, 808, 281, 341, 5496, 13283, 16863, 365, 385, 13, 50732], \"temperature\": 0.0, \"avg_logprob\": -0.24165868759155273, \"compression_ratio\": 1.8394160270690918, \"no_speech_prob\": 0.10084923356771469}, {\"id\": 15, \"seek\": 2904, \"start\": 36.400001525878906, \"end\": 38.599998474121094, \"text\": \" Hey, come to this domestic abuse charity with me.\", \"tokens\": [50732, 1911, 11, 808, 281, 341, 10939, 9852, 16863, 365, 385, 13, 50842], \"temperature\": 0.0, \"avg_logprob\": -0.24165868759155273, \"compression_ratio\": 1.8394160270690918, \"no_speech_prob\": 0.10084923356771469}, {\"id\": 16, \"seek\": 2904, \"start\": 38.599998474121094, \"end\": 42.31999969482422, \"text\": \" Hey, help me raise money for these, uh, for these homeless children.\", \"tokens\": [50842, 1911, 11, 854, 385, 5300, 1460, 337, 613, 11, 2232, 11, 337, 613, 12294, 2227, 13, 51028], \"temperature\": 0.0, \"avg_logprob\": -0.24165868759155273, \"compression_ratio\": 1.8394160270690918, \"no_speech_prob\": 0.10084923356771469}, {\"id\": 17, \"seek\": 2904, \"start\": 42.31999969482422, \"end\": 44.040000915527344, \"text\": \" That's what I kind of based my social scene off of.\", \"tokens\": [51028, 663, 311, 437, 286, 733, 295, 2361, 452, 2093, 4145, 766, 295, 13, 51114], \"temperature\": 0.0, \"avg_logprob\": -0.24165868759155273, \"compression_ratio\": 1.8394160270690918, \"no_speech_prob\": 0.10084923356771469}, {\"id\": 18, \"seek\": 2904, \"start\": 44.040000915527344, \"end\": 45.040000915527344, \"text\": \" Does that make sense?\", \"tokens\": [51114, 4402, 300, 652, 2020, 30, 51164], \"temperature\": 0.0, \"avg_logprob\": -0.24165868759155273, \"compression_ratio\": 1.8394160270690918, \"no_speech_prob\": 0.10084923356771469}, {\"id\": 19, \"seek\": 2904, \"start\": 45.040000915527344, \"end\": 46.040000915527344, \"text\": \" Yeah.\", \"tokens\": [51164, 865, 13, 51214], \"temperature\": 0.0, \"avg_logprob\": -0.24165868759155273, \"compression_ratio\": 1.8394160270690918, \"no_speech_prob\": 0.10084923356771469}, {\"id\": 20, \"seek\": 2904, \"start\": 46.040000915527344, \"end\": 47.040000915527344, \"text\": \" No.\", \"tokens\": [51214, 883, 13, 51264], \"temperature\": 0.0, \"avg_logprob\": -0.24165868759155273, \"compression_ratio\": 1.8394160270690918, \"no_speech_prob\": 0.10084923356771469}, {\"id\": 21, \"seek\": 2904, \"start\": 47.040000915527344, \"end\": 49.040000915527344, \"text\": \" One of my favorite clips of yours is like, if you're adding value, you're not a creep.\", \"tokens\": [51264, 1485, 295, 452, 2954, 13117, 295, 6342, 307, 411, 11, 498, 291, 434, 5127, 2158, 11, 291, 434, 406, 257, 9626, 13, 51364], \"temperature\": 0.0, \"avg_logprob\": -0.24165868759155273, \"compression_ratio\": 1.8394160270690918, \"no_speech_prob\": 0.10084923356771469}, {\"id\": 22, \"seek\": 2904, \"start\": 49.040000915527344, \"end\": 50.040000915527344, \"text\": \" Yes.\", \"tokens\": [51364, 1079, 13, 51414], \"temperature\": 0.0, \"avg_logprob\": -0.24165868759155273, \"compression_ratio\": 1.8394160270690918, \"no_speech_prob\": 0.10084923356771469}, {\"id\": 23, \"seek\": 2904, \"start\": 50.040000915527344, \"end\": 51.040000915527344, \"text\": \" Yeah.\", \"tokens\": [51414, 865, 13, 51464], \"temperature\": 0.0, \"avg_logprob\": -0.24165868759155273, \"compression_ratio\": 1.8394160270690918, \"no_speech_prob\": 0.10084923356771469}, {\"id\": 24, \"seek\": 2904, \"start\": 51.040000915527344, \"end\": 52.040000915527344, \"text\": \" So you're never a creep.\", \"tokens\": [51464, 407, 291, 434, 1128, 257, 9626, 13, 51514], \"temperature\": 0.0, \"avg_logprob\": -0.24165868759155273, \"compression_ratio\": 1.8394160270690918, \"no_speech_prob\": 0.10084923356771469}, {\"id\": 25, \"seek\": 2904, \"start\": 52.040000915527344, \"end\": 52.040000915527344, \"text\": \"\", \"tokens\": [], \"temperature\": 0.0, \"avg_logprob\": -0.24165868759155273, \"compression_ratio\": 1.8394160270690918, \"no_speech_prob\": 0.10084923356771469, \"words\": []}]}"}