{"title": "What Do Men and Women Consider As Cheating?", "video_id": "oTuCqRLGdrE", "video_url": "https://www.youtube.com/watch?v=oTuCqRLGdrE", "description": "\u2014\u2014\u2014\u2014\u2014\u2014\u2014\u2014\u2014\u2014\u2014\u2014\u2014\u2014\u2014\u2014\u2014\u2014\u2014\u2014\nReady to build a network of amazing women and high-status men?\n\nMichael\u2019s Men of Action is a one-on-one Master\u2019s program that teaches men how to create elite \nsocial lives by becoming higher status.\n\nClick this link to learn how you can have a High-Status lifestyle now:\nhttps://m.moamentoring.com/podcast\n\nClick here to join the Men of Action community and watch the High-Status Networking 101 course:\nhttps://m.moamentoring.com/moa-community\n\nInterested in joining the Men of Action sales team? Apply here:\nhttps://www.moamentoring.com/jobs/sales\n\nMen of Action has an affiliate program! Post pre-made content and get paid passively:\nhttps://www.moamentoring.com/affiliate\n\u2014\u2014\u2014\u2014\u2014\u2014\u2014\u2014\u2014\u2014\u2014\u2014\u2014\u2014\u2014\u2014\u2014\u2014\u2014\u2014\n\nSubscribe on Youtube: \nhttps://www.youtube.com/user/MichaelSartain\n\nListen on Apple Podcast: \nhttps://podcasts.apple.com/us/podcast/the-michael-sartain-podcast/id1579791157\n\nListen on Spotify: \nhttps://open.spotify.com/show/2faAYwvDD9Bvkpwv6umlPO?si=8Q3ak9HnSlKjuChsTXr6YQ&dl_branch=1\n\n#michael #michaelsartain #michael_sartain #michael_sartain_podcast", "published_at": "2023-10-19T13:45:06Z", "channel_id": "UC0T1bDzajVefRWx4uKdGyuw", "channel_title": "Michael Sartain", "tags": ["Michael", "Michael Sartain", "Michael Sartain Podcast", "Michael Podcast", "MOA", "Men Of Action", "Michael Sartain Course", "Michael Sartain With Hot Women", "Playboy", "Swimsuit", "Swimsuit Competition", "ichael sartain social circle", "social circle", "how to netowrk", "moa", "moa podcast", "gender wage gap", "gender wage gap myth", "wage gap", "social value", "michael sartain course", "looks money status", "social circle mentorship", "michael sartain social circle game", "men of action podcast", "men of action course"], "category_id": "24", "live_broadcast_content": "none", "duration": 410.0, "dimension": "2d", "definition": "hd", "caption": "false", "view_count": 3189, "like_count": 62, "comment_count": 7, "channel_info": {"title": "Michael Sartain", "description": "\ud83c\udf99Host of The\u00a0Michael Sartain Podcast \n\n\ud83d\udd25Teaching you how to build a network of desirable women and high-status men\n\n\ud83d\udc47 Click the \"Men of Action\" link below now to forge a high-status lifestyle and join the elites \n", "subscriber_count": "80500", "total_views": "29545897", "total_videos": "1481"}, "comments": [], "file_path": "/Users/aelaguiz/workspace/fc_book/audio/raws/oTuCqRLGdrE.mp3", "transcription": "{\"text\": \"When you talk about the intention, for men, for the most part, it is not the intention, it's the penetration. That is the gist. It really doesn't make any difference to the rest of it. What is everybody's standard for what you think is cheating? That's a good one. Let's do it. Especially when we've already just gone through what kind of monogamy or what kind of relationship. Hold that thought for just a second, Bill. Let me see if I can tag something on here. I'll give you something to think about before you answer that question. Because the way we do marriage and the way we do relationships right now is way different than we used to do it in the 20th century. So what you're asking right here, in a poly relationship, maybe even in your relationship. We've got two people in the industry today. With your situation, what would constitute cheating when you're already in an open relationship? Go ahead, Kate. For me... Answer your own question. It really depends on the intention, I think. So sometimes if I'm with a guy and I see him kissing other girls, that would be cheating. But it's really weird. What if he's really fucked up? Whatever. That doesn't change? Or it doesn't change whether or not it's cheating? Is it kissing? Or what if it's a hug that's held a beat longer? It's the intention for me, I think. It's so crazy. Keep going. I agree with you. I believe that you believe it's the intention. I just, for men, it's not the intention. For the intention, you mentioned kissing a girl. What about if you hooked up with a guy but the intention wasn't there? You gave a girl example. Okay, so it's still cheating. So it's not cheating if it's with a girl? No, that's not what she's saying. But it depends on the boundaries of the relationship. She said it was an intention, then she gave the example of kissing a girl. So I'm asking, is it just girls? I think the intention of a guy kissing a girl. Yeah, so what about a guy? Yeah, a guy kissing a girl. If I'm in a relationship and I'm out and I'm drunk with my girlfriends and I kiss one of my friends, I wouldn't consider that cheating. Or even just a little peck with a friend, I would not consider that cheating. But what makes it inappropriate to me would be if I have expressed that I don't want you to be doing that, and then you do it. Set boundaries. Yeah, exactly. Boundaries. Wherever your boundaries lie. Got it. Let's start over here. Kylie, what do you consider cheating? I mean, I think they just said it. You agree with that? I just agree with what she just said. Yeah? Absolutely. I mean, yeah, just don't disrespect me publicly. Is it intent? Yeah, respect boundaries. Absolutely. Yeah, I agree. But how do you set the boundaries? Like, what are the boundaries? Talk about it. Yeah, you talk about it. It's called communication and comprehension. But what do you talk about? Like, if you were to have that discussion with somebody, what would be like, okay, I don't want... If you break these boundaries, I'm not going to be here anymore. Yeah, but it's okay to do this, but it's not okay to do this. You could say, like, what's too far for you? Yeah, sure. You know, like, I'm comfortable with this, but this puts me at risk for this, or this will hurt my feelings, et cetera. Some things are not situational. Penetration, vaginal penetration is not situational. That does not require context. I mean, other than, like, sexual assault. It doesn't require context. Eating ain't cheating and sucking ain't fucking. Is that what you're trying to say? No, what I'm trying to say is, let's say you have a history with some girl, right? And then she's going to be out of the club. And I know that you used to have a history with her, and then I see you making out with her. I'm going to be pissed about it. Yeah. Because you think there's an emotional investment in it. Yeah, women care more about that than men. Yeah, of course. Yeah, I was going to get to that point, but yeah, that's definitely a big part of it. So when you talk about the intention, for men, for the most part, it is not the intention. It's the penetration. That is the genius. It really doesn't make any difference, the rest of it. Like, I can tell you right now, they do surveys on this all the time when they ask men and women, what would bother you more as far as cheating is concerned? Your boyfriend has spent money on another woman and has an emotional connection but no sexual intercourse, or he has sexual intercourse with a woman he does not have any feelings for. And then they do the same thing with men. They ask, would you rather not the woman spend money and have emotional tie to this guy and have no sex or have sex and have no emotional? And it's crazy. Eye contact before marriage. Just kidding. That was good. For women, it's like 87% of the time, the emotional cheating is way more deleterious. They hate it so much more. For men, it's 97% of the time. A penis going inside of my woman is worse than anything else that could possibly happen because, let's go back 50,000 years ago, the worst thing to happen to me is not death. The worst thing for me to happen is for me to not have a child with you and for me to raise someone else's child, not realizing that my genetics do not get passed along because you slept with someone else behind my back. There's nothing possibly from a genetic standpoint that is worse than cuckoldry. Nothing. And that's the reason why men act jealous. And there's some really crazy studies on jealousy. Most of the time, when men are jealous, do you want to know what the reality is? They're right. That's what ends up happening. Jealousy is an evolutionary adaptation. When you consistently suspect your girlfriend, you have this insect of your girl cheating, you tend to be correct. It's crazy. Now, is it all the time? Yeah, that's projection. But sometimes it is projection because they're doing it, but also, a lot of times, they are correct. The reason you're feeling is... I don't know one example of them being correct. Let me try to think of one from previous friends. Yeah, but maybe you're 21 years old. Okay, knowing everybody else that I know, and I've never heard it, not one time. I can tell. It doesn't make any sense. I've probably told you a hundred times where I've seen a guy who's suspected a girl of cheating, and it turns out he was correct. Now, here's the thing. It's not over 50%. It's a gut check. It's instinct. Women have the same thing. Of course. For sure. Just feeling suspicious. No, that's the thing. Jealousy is an evolutionary adaptation. It's not immaturity. People say, well, it's insecurity. No. Yeah, that makes sense, because if the goal is to survive long enough to pass on your genes, then the worst thing is to raise a child that's not yours because you didn't succeed where your goal as an animal is. So the guys that were more suspicious and had the instinct for jealousy and mate-guarding, those are the guys who went on to pass on their genes, and the guys who didn't, they didn't. Yes. So there's a lot of nice guys throughout our evolutionary history that did not become our ancestors because they were super fucking nice, and they were like... And they're all pissed off at us in the chat right now. Chad, I'm going to go off hunting over here with Rolo. Go ahead and watch my wife. Watch my wife while I'm gone. I trust you, Chad. Those guys didn't pass on their genes. Brock. Come over here. Brock got to pass on his genes, and he was an asshole and did nothing. You know what I'm saying? Kylan. Is that what you said? No, Kylar. Kylar. There's always a dude named Kylar. Bro, stay away from Kylar. Why do you have a foam cannon over there? What's that? That's pretty crazy. But no, when I say a proclivity to figure out cheating, it's not over 50%. Most of the time, they're not correct. What I'm saying is it's a statistically significant high number of times when a man suggests or suspects that his girl is cheating on her, it's like more than 30% of the time. It's like a significant number. It's not over 50%. \", \"segments\": [{\"id\": 0, \"seek\": 0, \"start\": 0.0, \"end\": 4.5, \"text\": \" When you talk about the intention, for men, for the most part, it is not the intention, it's the penetration.\", \"tokens\": [50364, 1133, 291, 751, 466, 264, 7789, 11, 337, 1706, 11, 337, 264, 881, 644, 11, 309, 307, 406, 264, 7789, 11, 309, 311, 264, 35187, 13, 50589], \"temperature\": 0.0, \"avg_logprob\": -0.2840586304664612, \"compression_ratio\": 1.781333327293396, \"no_speech_prob\": 0.09786626696586609}, {\"id\": 1, \"seek\": 0, \"start\": 4.5, \"end\": 8.0, \"text\": \" That is the gist. It really doesn't make any difference to the rest of it.\", \"tokens\": [50589, 663, 307, 264, 290, 468, 13, 467, 534, 1177, 380, 652, 604, 2649, 281, 264, 1472, 295, 309, 13, 50764], \"temperature\": 0.0, \"avg_logprob\": -0.2840586304664612, \"compression_ratio\": 1.781333327293396, \"no_speech_prob\": 0.09786626696586609}, {\"id\": 2, \"seek\": 0, \"start\": 8.0, \"end\": 11.0, \"text\": \" What is everybody's standard for what you think is cheating?\", \"tokens\": [50764, 708, 307, 2201, 311, 3832, 337, 437, 291, 519, 307, 18309, 30, 50914], \"temperature\": 0.0, \"avg_logprob\": -0.2840586304664612, \"compression_ratio\": 1.781333327293396, \"no_speech_prob\": 0.09786626696586609}, {\"id\": 3, \"seek\": 0, \"start\": 11.0, \"end\": 13.0, \"text\": \" That's a good one. Let's do it.\", \"tokens\": [50914, 663, 311, 257, 665, 472, 13, 961, 311, 360, 309, 13, 51014], \"temperature\": 0.0, \"avg_logprob\": -0.2840586304664612, \"compression_ratio\": 1.781333327293396, \"no_speech_prob\": 0.09786626696586609}, {\"id\": 4, \"seek\": 0, \"start\": 13.0, \"end\": 18.0, \"text\": \" Especially when we've already just gone through what kind of monogamy or what kind of relationship.\", \"tokens\": [51014, 8545, 562, 321, 600, 1217, 445, 2780, 807, 437, 733, 295, 1108, 664, 7804, 420, 437, 733, 295, 2480, 13, 51264], \"temperature\": 0.0, \"avg_logprob\": -0.2840586304664612, \"compression_ratio\": 1.781333327293396, \"no_speech_prob\": 0.09786626696586609}, {\"id\": 5, \"seek\": 0, \"start\": 18.0, \"end\": 21.5, \"text\": \" Hold that thought for just a second, Bill. Let me see if I can tag something on here.\", \"tokens\": [51264, 6962, 300, 1194, 337, 445, 257, 1150, 11, 5477, 13, 961, 385, 536, 498, 286, 393, 6162, 746, 322, 510, 13, 51439], \"temperature\": 0.0, \"avg_logprob\": -0.2840586304664612, \"compression_ratio\": 1.781333327293396, \"no_speech_prob\": 0.09786626696586609}, {\"id\": 6, \"seek\": 0, \"start\": 21.5, \"end\": 23.5, \"text\": \" I'll give you something to think about before you answer that question.\", \"tokens\": [51439, 286, 603, 976, 291, 746, 281, 519, 466, 949, 291, 1867, 300, 1168, 13, 51539], \"temperature\": 0.0, \"avg_logprob\": -0.2840586304664612, \"compression_ratio\": 1.781333327293396, \"no_speech_prob\": 0.09786626696586609}, {\"id\": 7, \"seek\": 0, \"start\": 23.5, \"end\": 29.0, \"text\": \" Because the way we do marriage and the way we do relationships right now is way different than we used to do it in the 20th century.\", \"tokens\": [51539, 1436, 264, 636, 321, 360, 7194, 293, 264, 636, 321, 360, 6159, 558, 586, 307, 636, 819, 813, 321, 1143, 281, 360, 309, 294, 264, 945, 392, 4901, 13, 51814], \"temperature\": 0.0, \"avg_logprob\": -0.2840586304664612, \"compression_ratio\": 1.781333327293396, \"no_speech_prob\": 0.09786626696586609}, {\"id\": 8, \"seek\": 2900, \"start\": 29.0, \"end\": 33.5, \"text\": \" So what you're asking right here, in a poly relationship, maybe even in your relationship.\", \"tokens\": [50364, 407, 437, 291, 434, 3365, 558, 510, 11, 294, 257, 6754, 2480, 11, 1310, 754, 294, 428, 2480, 13, 50589], \"temperature\": 0.0, \"avg_logprob\": -0.2585565745830536, \"compression_ratio\": 1.6456693410873413, \"no_speech_prob\": 0.05498534068465233}, {\"id\": 9, \"seek\": 2900, \"start\": 33.5, \"end\": 36.0, \"text\": \" We've got two people in the industry today.\", \"tokens\": [50589, 492, 600, 658, 732, 561, 294, 264, 3518, 965, 13, 50714], \"temperature\": 0.0, \"avg_logprob\": -0.2585565745830536, \"compression_ratio\": 1.6456693410873413, \"no_speech_prob\": 0.05498534068465233}, {\"id\": 10, \"seek\": 2900, \"start\": 36.0, \"end\": 42.0, \"text\": \" With your situation, what would constitute cheating when you're already in an open relationship?\", \"tokens\": [50714, 2022, 428, 2590, 11, 437, 576, 41658, 18309, 562, 291, 434, 1217, 294, 364, 1269, 2480, 30, 51014], \"temperature\": 0.0, \"avg_logprob\": -0.2585565745830536, \"compression_ratio\": 1.6456693410873413, \"no_speech_prob\": 0.05498534068465233}, {\"id\": 11, \"seek\": 2900, \"start\": 42.0, \"end\": 44.0, \"text\": \" Go ahead, Kate.\", \"tokens\": [51014, 1037, 2286, 11, 16251, 13, 51114], \"temperature\": 0.0, \"avg_logprob\": -0.2585565745830536, \"compression_ratio\": 1.6456693410873413, \"no_speech_prob\": 0.05498534068465233}, {\"id\": 12, \"seek\": 2900, \"start\": 44.0, \"end\": 45.0, \"text\": \" For me...\", \"tokens\": [51114, 1171, 385, 485, 51164], \"temperature\": 0.0, \"avg_logprob\": -0.2585565745830536, \"compression_ratio\": 1.6456693410873413, \"no_speech_prob\": 0.05498534068465233}, {\"id\": 13, \"seek\": 2900, \"start\": 45.0, \"end\": 47.0, \"text\": \" Answer your own question.\", \"tokens\": [51164, 24545, 428, 1065, 1168, 13, 51264], \"temperature\": 0.0, \"avg_logprob\": -0.2585565745830536, \"compression_ratio\": 1.6456693410873413, \"no_speech_prob\": 0.05498534068465233}, {\"id\": 14, \"seek\": 2900, \"start\": 47.0, \"end\": 51.0, \"text\": \" It really depends on the intention, I think.\", \"tokens\": [51264, 467, 534, 5946, 322, 264, 7789, 11, 286, 519, 13, 51464], \"temperature\": 0.0, \"avg_logprob\": -0.2585565745830536, \"compression_ratio\": 1.6456693410873413, \"no_speech_prob\": 0.05498534068465233}, {\"id\": 15, \"seek\": 2900, \"start\": 51.0, \"end\": 58.0, \"text\": \" So sometimes if I'm with a guy and I see him kissing other girls, that would be cheating.\", \"tokens\": [51464, 407, 2171, 498, 286, 478, 365, 257, 2146, 293, 286, 536, 796, 29495, 661, 4519, 11, 300, 576, 312, 18309, 13, 51814], \"temperature\": 0.0, \"avg_logprob\": -0.2585565745830536, \"compression_ratio\": 1.6456693410873413, \"no_speech_prob\": 0.05498534068465233}, {\"id\": 16, \"seek\": 5800, \"start\": 58.0, \"end\": 60.0, \"text\": \" But it's really weird.\", \"tokens\": [50364, 583, 309, 311, 534, 3657, 13, 50464], \"temperature\": 0.0, \"avg_logprob\": -0.24250353872776031, \"compression_ratio\": 1.8769230842590332, \"no_speech_prob\": 0.07584898918867111}, {\"id\": 17, \"seek\": 5800, \"start\": 60.0, \"end\": 62.0, \"text\": \" What if he's really fucked up?\", \"tokens\": [50464, 708, 498, 415, 311, 534, 22518, 493, 30, 50564], \"temperature\": 0.0, \"avg_logprob\": -0.24250353872776031, \"compression_ratio\": 1.8769230842590332, \"no_speech_prob\": 0.07584898918867111}, {\"id\": 18, \"seek\": 5800, \"start\": 62.0, \"end\": 63.0, \"text\": \" Whatever.\", \"tokens\": [50564, 8541, 13, 50614], \"temperature\": 0.0, \"avg_logprob\": -0.24250353872776031, \"compression_ratio\": 1.8769230842590332, \"no_speech_prob\": 0.07584898918867111}, {\"id\": 19, \"seek\": 5800, \"start\": 63.0, \"end\": 66.0, \"text\": \" That doesn't change? Or it doesn't change whether or not it's cheating?\", \"tokens\": [50614, 663, 1177, 380, 1319, 30, 1610, 309, 1177, 380, 1319, 1968, 420, 406, 309, 311, 18309, 30, 50764], \"temperature\": 0.0, \"avg_logprob\": -0.24250353872776031, \"compression_ratio\": 1.8769230842590332, \"no_speech_prob\": 0.07584898918867111}, {\"id\": 20, \"seek\": 5800, \"start\": 66.0, \"end\": 69.0, \"text\": \" Is it kissing? Or what if it's a hug that's held a beat longer?\", \"tokens\": [50764, 1119, 309, 29495, 30, 1610, 437, 498, 309, 311, 257, 8777, 300, 311, 5167, 257, 4224, 2854, 30, 50914], \"temperature\": 0.0, \"avg_logprob\": -0.24250353872776031, \"compression_ratio\": 1.8769230842590332, \"no_speech_prob\": 0.07584898918867111}, {\"id\": 21, \"seek\": 5800, \"start\": 69.0, \"end\": 71.0, \"text\": \" It's the intention for me, I think.\", \"tokens\": [50914, 467, 311, 264, 7789, 337, 385, 11, 286, 519, 13, 51014], \"temperature\": 0.0, \"avg_logprob\": -0.24250353872776031, \"compression_ratio\": 1.8769230842590332, \"no_speech_prob\": 0.07584898918867111}, {\"id\": 22, \"seek\": 5800, \"start\": 71.0, \"end\": 73.0, \"text\": \" It's so crazy.\", \"tokens\": [51014, 467, 311, 370, 3219, 13, 51114], \"temperature\": 0.0, \"avg_logprob\": -0.24250353872776031, \"compression_ratio\": 1.8769230842590332, \"no_speech_prob\": 0.07584898918867111}, {\"id\": 23, \"seek\": 5800, \"start\": 73.0, \"end\": 76.0, \"text\": \" Keep going. I agree with you. I believe that you believe it's the intention.\", \"tokens\": [51114, 5527, 516, 13, 286, 3986, 365, 291, 13, 286, 1697, 300, 291, 1697, 309, 311, 264, 7789, 13, 51264], \"temperature\": 0.0, \"avg_logprob\": -0.24250353872776031, \"compression_ratio\": 1.8769230842590332, \"no_speech_prob\": 0.07584898918867111}, {\"id\": 24, \"seek\": 5800, \"start\": 76.0, \"end\": 79.0, \"text\": \" I just, for men, it's not the intention.\", \"tokens\": [51264, 286, 445, 11, 337, 1706, 11, 309, 311, 406, 264, 7789, 13, 51414], \"temperature\": 0.0, \"avg_logprob\": -0.24250353872776031, \"compression_ratio\": 1.8769230842590332, \"no_speech_prob\": 0.07584898918867111}, {\"id\": 25, \"seek\": 5800, \"start\": 79.0, \"end\": 82.0, \"text\": \" For the intention, you mentioned kissing a girl.\", \"tokens\": [51414, 1171, 264, 7789, 11, 291, 2835, 29495, 257, 2013, 13, 51564], \"temperature\": 0.0, \"avg_logprob\": -0.24250353872776031, \"compression_ratio\": 1.8769230842590332, \"no_speech_prob\": 0.07584898918867111}, {\"id\": 26, \"seek\": 5800, \"start\": 82.0, \"end\": 86.0, \"text\": \" What about if you hooked up with a guy but the intention wasn't there?\", \"tokens\": [51564, 708, 466, 498, 291, 20410, 493, 365, 257, 2146, 457, 264, 7789, 2067, 380, 456, 30, 51764], \"temperature\": 0.0, \"avg_logprob\": -0.24250353872776031, \"compression_ratio\": 1.8769230842590332, \"no_speech_prob\": 0.07584898918867111}, {\"id\": 27, \"seek\": 8600, \"start\": 86.0, \"end\": 88.0, \"text\": \" You gave a girl example.\", \"tokens\": [50364, 509, 2729, 257, 2013, 1365, 13, 50464], \"temperature\": 0.0, \"avg_logprob\": -0.22606833279132843, \"compression_ratio\": 1.9186046123504639, \"no_speech_prob\": 0.284292608499527}, {\"id\": 28, \"seek\": 8600, \"start\": 88.0, \"end\": 90.0, \"text\": \" Okay, so it's still cheating.\", \"tokens\": [50464, 1033, 11, 370, 309, 311, 920, 18309, 13, 50564], \"temperature\": 0.0, \"avg_logprob\": -0.22606833279132843, \"compression_ratio\": 1.9186046123504639, \"no_speech_prob\": 0.284292608499527}, {\"id\": 29, \"seek\": 8600, \"start\": 90.0, \"end\": 92.0, \"text\": \" So it's not cheating if it's with a girl?\", \"tokens\": [50564, 407, 309, 311, 406, 18309, 498, 309, 311, 365, 257, 2013, 30, 50664], \"temperature\": 0.0, \"avg_logprob\": -0.22606833279132843, \"compression_ratio\": 1.9186046123504639, \"no_speech_prob\": 0.284292608499527}, {\"id\": 30, \"seek\": 8600, \"start\": 92.0, \"end\": 94.0, \"text\": \" No, that's not what she's saying.\", \"tokens\": [50664, 883, 11, 300, 311, 406, 437, 750, 311, 1566, 13, 50764], \"temperature\": 0.0, \"avg_logprob\": -0.22606833279132843, \"compression_ratio\": 1.9186046123504639, \"no_speech_prob\": 0.284292608499527}, {\"id\": 31, \"seek\": 8600, \"start\": 94.0, \"end\": 98.0, \"text\": \" But it depends on the boundaries of the relationship.\", \"tokens\": [50764, 583, 309, 5946, 322, 264, 13180, 295, 264, 2480, 13, 50964], \"temperature\": 0.0, \"avg_logprob\": -0.22606833279132843, \"compression_ratio\": 1.9186046123504639, \"no_speech_prob\": 0.284292608499527}, {\"id\": 32, \"seek\": 8600, \"start\": 98.0, \"end\": 102.0, \"text\": \" She said it was an intention, then she gave the example of kissing a girl.\", \"tokens\": [50964, 1240, 848, 309, 390, 364, 7789, 11, 550, 750, 2729, 264, 1365, 295, 29495, 257, 2013, 13, 51164], \"temperature\": 0.0, \"avg_logprob\": -0.22606833279132843, \"compression_ratio\": 1.9186046123504639, \"no_speech_prob\": 0.284292608499527}, {\"id\": 33, \"seek\": 8600, \"start\": 102.0, \"end\": 104.0, \"text\": \" So I'm asking, is it just girls?\", \"tokens\": [51164, 407, 286, 478, 3365, 11, 307, 309, 445, 4519, 30, 51264], \"temperature\": 0.0, \"avg_logprob\": -0.22606833279132843, \"compression_ratio\": 1.9186046123504639, \"no_speech_prob\": 0.284292608499527}, {\"id\": 34, \"seek\": 8600, \"start\": 104.0, \"end\": 106.0, \"text\": \" I think the intention of a guy kissing a girl.\", \"tokens\": [51264, 286, 519, 264, 7789, 295, 257, 2146, 29495, 257, 2013, 13, 51364], \"temperature\": 0.0, \"avg_logprob\": -0.22606833279132843, \"compression_ratio\": 1.9186046123504639, \"no_speech_prob\": 0.284292608499527}, {\"id\": 35, \"seek\": 8600, \"start\": 106.0, \"end\": 108.0, \"text\": \" Yeah, so what about a guy?\", \"tokens\": [51364, 865, 11, 370, 437, 466, 257, 2146, 30, 51464], \"temperature\": 0.0, \"avg_logprob\": -0.22606833279132843, \"compression_ratio\": 1.9186046123504639, \"no_speech_prob\": 0.284292608499527}, {\"id\": 36, \"seek\": 8600, \"start\": 108.0, \"end\": 110.0, \"text\": \" Yeah, a guy kissing a girl.\", \"tokens\": [51464, 865, 11, 257, 2146, 29495, 257, 2013, 13, 51564], \"temperature\": 0.0, \"avg_logprob\": -0.22606833279132843, \"compression_ratio\": 1.9186046123504639, \"no_speech_prob\": 0.284292608499527}, {\"id\": 37, \"seek\": 8600, \"start\": 110.0, \"end\": 114.0, \"text\": \" If I'm in a relationship and I'm out and I'm drunk with my girlfriends and I kiss one of my friends,\", \"tokens\": [51564, 759, 286, 478, 294, 257, 2480, 293, 286, 478, 484, 293, 286, 478, 11192, 365, 452, 46558, 293, 286, 7704, 472, 295, 452, 1855, 11, 51764], \"temperature\": 0.0, \"avg_logprob\": -0.22606833279132843, \"compression_ratio\": 1.9186046123504639, \"no_speech_prob\": 0.284292608499527}, {\"id\": 38, \"seek\": 11400, \"start\": 114.0, \"end\": 116.0, \"text\": \" I wouldn't consider that cheating.\", \"tokens\": [50364, 286, 2759, 380, 1949, 300, 18309, 13, 50464], \"temperature\": 0.0, \"avg_logprob\": -0.19725921750068665, \"compression_ratio\": 1.7003891468048096, \"no_speech_prob\": 0.14213529229164124}, {\"id\": 39, \"seek\": 11400, \"start\": 116.0, \"end\": 120.0, \"text\": \" Or even just a little peck with a friend, I would not consider that cheating.\", \"tokens\": [50464, 1610, 754, 445, 257, 707, 520, 547, 365, 257, 1277, 11, 286, 576, 406, 1949, 300, 18309, 13, 50664], \"temperature\": 0.0, \"avg_logprob\": -0.19725921750068665, \"compression_ratio\": 1.7003891468048096, \"no_speech_prob\": 0.14213529229164124}, {\"id\": 40, \"seek\": 11400, \"start\": 120.0, \"end\": 124.0, \"text\": \" But what makes it inappropriate to me would be\", \"tokens\": [50664, 583, 437, 1669, 309, 26723, 281, 385, 576, 312, 50864], \"temperature\": 0.0, \"avg_logprob\": -0.19725921750068665, \"compression_ratio\": 1.7003891468048096, \"no_speech_prob\": 0.14213529229164124}, {\"id\": 41, \"seek\": 11400, \"start\": 124.0, \"end\": 129.0, \"text\": \" if I have expressed that I don't want you to be doing that,\", \"tokens\": [50864, 498, 286, 362, 12675, 300, 286, 500, 380, 528, 291, 281, 312, 884, 300, 11, 51114], \"temperature\": 0.0, \"avg_logprob\": -0.19725921750068665, \"compression_ratio\": 1.7003891468048096, \"no_speech_prob\": 0.14213529229164124}, {\"id\": 42, \"seek\": 11400, \"start\": 129.0, \"end\": 131.0, \"text\": \" and then you do it.\", \"tokens\": [51114, 293, 550, 291, 360, 309, 13, 51214], \"temperature\": 0.0, \"avg_logprob\": -0.19725921750068665, \"compression_ratio\": 1.7003891468048096, \"no_speech_prob\": 0.14213529229164124}, {\"id\": 43, \"seek\": 11400, \"start\": 131.0, \"end\": 132.0, \"text\": \" Set boundaries.\", \"tokens\": [51214, 8928, 13180, 13, 51264], \"temperature\": 0.0, \"avg_logprob\": -0.19725921750068665, \"compression_ratio\": 1.7003891468048096, \"no_speech_prob\": 0.14213529229164124}, {\"id\": 44, \"seek\": 11400, \"start\": 132.0, \"end\": 134.0, \"text\": \" Yeah, exactly. Boundaries. Wherever your boundaries lie.\", \"tokens\": [51264, 865, 11, 2293, 13, 363, 554, 4889, 13, 30903, 428, 13180, 4544, 13, 51364], \"temperature\": 0.0, \"avg_logprob\": -0.19725921750068665, \"compression_ratio\": 1.7003891468048096, \"no_speech_prob\": 0.14213529229164124}, {\"id\": 45, \"seek\": 11400, \"start\": 134.0, \"end\": 136.0, \"text\": \" Got it. Let's start over here.\", \"tokens\": [51364, 5803, 309, 13, 961, 311, 722, 670, 510, 13, 51464], \"temperature\": 0.0, \"avg_logprob\": -0.19725921750068665, \"compression_ratio\": 1.7003891468048096, \"no_speech_prob\": 0.14213529229164124}, {\"id\": 46, \"seek\": 11400, \"start\": 136.0, \"end\": 138.0, \"text\": \" Kylie, what do you consider cheating?\", \"tokens\": [51464, 39424, 11, 437, 360, 291, 1949, 18309, 30, 51564], \"temperature\": 0.0, \"avg_logprob\": -0.19725921750068665, \"compression_ratio\": 1.7003891468048096, \"no_speech_prob\": 0.14213529229164124}, {\"id\": 47, \"seek\": 11400, \"start\": 138.0, \"end\": 141.0, \"text\": \" I mean, I think they just said it.\", \"tokens\": [51564, 286, 914, 11, 286, 519, 436, 445, 848, 309, 13, 51714], \"temperature\": 0.0, \"avg_logprob\": -0.19725921750068665, \"compression_ratio\": 1.7003891468048096, \"no_speech_prob\": 0.14213529229164124}, {\"id\": 48, \"seek\": 11400, \"start\": 141.0, \"end\": 142.0, \"text\": \" You agree with that?\", \"tokens\": [51714, 509, 3986, 365, 300, 30, 51764], \"temperature\": 0.0, \"avg_logprob\": -0.19725921750068665, \"compression_ratio\": 1.7003891468048096, \"no_speech_prob\": 0.14213529229164124}, {\"id\": 49, \"seek\": 14200, \"start\": 142.0, \"end\": 144.0, \"text\": \" I just agree with what she just said.\", \"tokens\": [50364, 286, 445, 3986, 365, 437, 750, 445, 848, 13, 50464], \"temperature\": 0.0, \"avg_logprob\": -0.2314220517873764, \"compression_ratio\": 1.8422938585281372, \"no_speech_prob\": 0.2450498640537262}, {\"id\": 50, \"seek\": 14200, \"start\": 144.0, \"end\": 145.0, \"text\": \" Yeah? Absolutely.\", \"tokens\": [50464, 865, 30, 7021, 13, 50514], \"temperature\": 0.0, \"avg_logprob\": -0.2314220517873764, \"compression_ratio\": 1.8422938585281372, \"no_speech_prob\": 0.2450498640537262}, {\"id\": 51, \"seek\": 14200, \"start\": 145.0, \"end\": 148.0, \"text\": \" I mean, yeah, just don't disrespect me publicly.\", \"tokens\": [50514, 286, 914, 11, 1338, 11, 445, 500, 380, 27058, 385, 14843, 13, 50664], \"temperature\": 0.0, \"avg_logprob\": -0.2314220517873764, \"compression_ratio\": 1.8422938585281372, \"no_speech_prob\": 0.2450498640537262}, {\"id\": 52, \"seek\": 14200, \"start\": 148.0, \"end\": 150.0, \"text\": \" Is it intent?\", \"tokens\": [50664, 1119, 309, 8446, 30, 50764], \"temperature\": 0.0, \"avg_logprob\": -0.2314220517873764, \"compression_ratio\": 1.8422938585281372, \"no_speech_prob\": 0.2450498640537262}, {\"id\": 53, \"seek\": 14200, \"start\": 150.0, \"end\": 151.0, \"text\": \" Yeah, respect boundaries.\", \"tokens\": [50764, 865, 11, 3104, 13180, 13, 50814], \"temperature\": 0.0, \"avg_logprob\": -0.2314220517873764, \"compression_ratio\": 1.8422938585281372, \"no_speech_prob\": 0.2450498640537262}, {\"id\": 54, \"seek\": 14200, \"start\": 151.0, \"end\": 152.0, \"text\": \" Absolutely.\", \"tokens\": [50814, 7021, 13, 50864], \"temperature\": 0.0, \"avg_logprob\": -0.2314220517873764, \"compression_ratio\": 1.8422938585281372, \"no_speech_prob\": 0.2450498640537262}, {\"id\": 55, \"seek\": 14200, \"start\": 152.0, \"end\": 153.0, \"text\": \" Yeah, I agree.\", \"tokens\": [50864, 865, 11, 286, 3986, 13, 50914], \"temperature\": 0.0, \"avg_logprob\": -0.2314220517873764, \"compression_ratio\": 1.8422938585281372, \"no_speech_prob\": 0.2450498640537262}, {\"id\": 56, \"seek\": 14200, \"start\": 153.0, \"end\": 154.0, \"text\": \" But how do you set the boundaries?\", \"tokens\": [50914, 583, 577, 360, 291, 992, 264, 13180, 30, 50964], \"temperature\": 0.0, \"avg_logprob\": -0.2314220517873764, \"compression_ratio\": 1.8422938585281372, \"no_speech_prob\": 0.2450498640537262}, {\"id\": 57, \"seek\": 14200, \"start\": 154.0, \"end\": 155.0, \"text\": \" Like, what are the boundaries?\", \"tokens\": [50964, 1743, 11, 437, 366, 264, 13180, 30, 51014], \"temperature\": 0.0, \"avg_logprob\": -0.2314220517873764, \"compression_ratio\": 1.8422938585281372, \"no_speech_prob\": 0.2450498640537262}, {\"id\": 58, \"seek\": 14200, \"start\": 155.0, \"end\": 156.0, \"text\": \" Talk about it.\", \"tokens\": [51014, 8780, 466, 309, 13, 51064], \"temperature\": 0.0, \"avg_logprob\": -0.2314220517873764, \"compression_ratio\": 1.8422938585281372, \"no_speech_prob\": 0.2450498640537262}, {\"id\": 59, \"seek\": 14200, \"start\": 156.0, \"end\": 157.0, \"text\": \" Yeah, you talk about it.\", \"tokens\": [51064, 865, 11, 291, 751, 466, 309, 13, 51114], \"temperature\": 0.0, \"avg_logprob\": -0.2314220517873764, \"compression_ratio\": 1.8422938585281372, \"no_speech_prob\": 0.2450498640537262}, {\"id\": 60, \"seek\": 14200, \"start\": 157.0, \"end\": 159.0, \"text\": \" It's called communication and comprehension.\", \"tokens\": [51114, 467, 311, 1219, 6101, 293, 44991, 13, 51214], \"temperature\": 0.0, \"avg_logprob\": -0.2314220517873764, \"compression_ratio\": 1.8422938585281372, \"no_speech_prob\": 0.2450498640537262}, {\"id\": 61, \"seek\": 14200, \"start\": 159.0, \"end\": 161.0, \"text\": \" But what do you talk about?\", \"tokens\": [51214, 583, 437, 360, 291, 751, 466, 30, 51314], \"temperature\": 0.0, \"avg_logprob\": -0.2314220517873764, \"compression_ratio\": 1.8422938585281372, \"no_speech_prob\": 0.2450498640537262}, {\"id\": 62, \"seek\": 14200, \"start\": 161.0, \"end\": 164.0, \"text\": \" Like, if you were to have that discussion with somebody,\", \"tokens\": [51314, 1743, 11, 498, 291, 645, 281, 362, 300, 5017, 365, 2618, 11, 51464], \"temperature\": 0.0, \"avg_logprob\": -0.2314220517873764, \"compression_ratio\": 1.8422938585281372, \"no_speech_prob\": 0.2450498640537262}, {\"id\": 63, \"seek\": 14200, \"start\": 164.0, \"end\": 166.0, \"text\": \" what would be like, okay, I don't want...\", \"tokens\": [51464, 437, 576, 312, 411, 11, 1392, 11, 286, 500, 380, 528, 485, 51564], \"temperature\": 0.0, \"avg_logprob\": -0.2314220517873764, \"compression_ratio\": 1.8422938585281372, \"no_speech_prob\": 0.2450498640537262}, {\"id\": 64, \"seek\": 14200, \"start\": 166.0, \"end\": 169.0, \"text\": \" If you break these boundaries, I'm not going to be here anymore.\", \"tokens\": [51564, 759, 291, 1821, 613, 13180, 11, 286, 478, 406, 516, 281, 312, 510, 3602, 13, 51714], \"temperature\": 0.0, \"avg_logprob\": -0.2314220517873764, \"compression_ratio\": 1.8422938585281372, \"no_speech_prob\": 0.2450498640537262}, {\"id\": 65, \"seek\": 16900, \"start\": 169.0, \"end\": 172.0, \"text\": \" Yeah, but it's okay to do this, but it's not okay to do this.\", \"tokens\": [50364, 865, 11, 457, 309, 311, 1392, 281, 360, 341, 11, 457, 309, 311, 406, 1392, 281, 360, 341, 13, 50514], \"temperature\": 0.0, \"avg_logprob\": -0.21087922155857086, \"compression_ratio\": 1.8872404098510742, \"no_speech_prob\": 0.47647950053215027}, {\"id\": 66, \"seek\": 16900, \"start\": 172.0, \"end\": 174.0, \"text\": \" You could say, like, what's too far for you?\", \"tokens\": [50514, 509, 727, 584, 11, 411, 11, 437, 311, 886, 1400, 337, 291, 30, 50614], \"temperature\": 0.0, \"avg_logprob\": -0.21087922155857086, \"compression_ratio\": 1.8872404098510742, \"no_speech_prob\": 0.47647950053215027}, {\"id\": 67, \"seek\": 16900, \"start\": 174.0, \"end\": 175.0, \"text\": \" Yeah, sure.\", \"tokens\": [50614, 865, 11, 988, 13, 50664], \"temperature\": 0.0, \"avg_logprob\": -0.21087922155857086, \"compression_ratio\": 1.8872404098510742, \"no_speech_prob\": 0.47647950053215027}, {\"id\": 68, \"seek\": 16900, \"start\": 175.0, \"end\": 176.0, \"text\": \" You know, like, I'm comfortable with this,\", \"tokens\": [50664, 509, 458, 11, 411, 11, 286, 478, 4619, 365, 341, 11, 50714], \"temperature\": 0.0, \"avg_logprob\": -0.21087922155857086, \"compression_ratio\": 1.8872404098510742, \"no_speech_prob\": 0.47647950053215027}, {\"id\": 69, \"seek\": 16900, \"start\": 176.0, \"end\": 177.0, \"text\": \" but this puts me at risk for this,\", \"tokens\": [50714, 457, 341, 8137, 385, 412, 3148, 337, 341, 11, 50764], \"temperature\": 0.0, \"avg_logprob\": -0.21087922155857086, \"compression_ratio\": 1.8872404098510742, \"no_speech_prob\": 0.47647950053215027}, {\"id\": 70, \"seek\": 16900, \"start\": 177.0, \"end\": 179.0, \"text\": \" or this will hurt my feelings, et cetera.\", \"tokens\": [50764, 420, 341, 486, 4607, 452, 6640, 11, 1030, 11458, 13, 50864], \"temperature\": 0.0, \"avg_logprob\": -0.21087922155857086, \"compression_ratio\": 1.8872404098510742, \"no_speech_prob\": 0.47647950053215027}, {\"id\": 71, \"seek\": 16900, \"start\": 179.0, \"end\": 180.0, \"text\": \" Some things are not situational.\", \"tokens\": [50864, 2188, 721, 366, 406, 2054, 1478, 13, 50914], \"temperature\": 0.0, \"avg_logprob\": -0.21087922155857086, \"compression_ratio\": 1.8872404098510742, \"no_speech_prob\": 0.47647950053215027}, {\"id\": 72, \"seek\": 16900, \"start\": 180.0, \"end\": 182.0, \"text\": \" Penetration, vaginal penetration is not situational.\", \"tokens\": [50914, 10571, 302, 2405, 11, 13501, 2071, 35187, 307, 406, 2054, 1478, 13, 51014], \"temperature\": 0.0, \"avg_logprob\": -0.21087922155857086, \"compression_ratio\": 1.8872404098510742, \"no_speech_prob\": 0.47647950053215027}, {\"id\": 73, \"seek\": 16900, \"start\": 182.0, \"end\": 185.0, \"text\": \" That does not require context.\", \"tokens\": [51014, 663, 775, 406, 3651, 4319, 13, 51164], \"temperature\": 0.0, \"avg_logprob\": -0.21087922155857086, \"compression_ratio\": 1.8872404098510742, \"no_speech_prob\": 0.47647950053215027}, {\"id\": 74, \"seek\": 16900, \"start\": 185.0, \"end\": 187.0, \"text\": \" I mean, other than, like, sexual assault.\", \"tokens\": [51164, 286, 914, 11, 661, 813, 11, 411, 11, 6701, 12458, 13, 51264], \"temperature\": 0.0, \"avg_logprob\": -0.21087922155857086, \"compression_ratio\": 1.8872404098510742, \"no_speech_prob\": 0.47647950053215027}, {\"id\": 75, \"seek\": 16900, \"start\": 187.0, \"end\": 188.0, \"text\": \" It doesn't require context.\", \"tokens\": [51264, 467, 1177, 380, 3651, 4319, 13, 51314], \"temperature\": 0.0, \"avg_logprob\": -0.21087922155857086, \"compression_ratio\": 1.8872404098510742, \"no_speech_prob\": 0.47647950053215027}, {\"id\": 76, \"seek\": 16900, \"start\": 188.0, \"end\": 190.0, \"text\": \" Eating ain't cheating and sucking ain't fucking.\", \"tokens\": [51314, 29234, 7862, 380, 18309, 293, 38669, 7862, 380, 5546, 13, 51414], \"temperature\": 0.0, \"avg_logprob\": -0.21087922155857086, \"compression_ratio\": 1.8872404098510742, \"no_speech_prob\": 0.47647950053215027}, {\"id\": 77, \"seek\": 16900, \"start\": 190.0, \"end\": 191.0, \"text\": \" Is that what you're trying to say?\", \"tokens\": [51414, 1119, 300, 437, 291, 434, 1382, 281, 584, 30, 51464], \"temperature\": 0.0, \"avg_logprob\": -0.21087922155857086, \"compression_ratio\": 1.8872404098510742, \"no_speech_prob\": 0.47647950053215027}, {\"id\": 78, \"seek\": 16900, \"start\": 191.0, \"end\": 192.0, \"text\": \" No, what I'm trying to say is,\", \"tokens\": [51464, 883, 11, 437, 286, 478, 1382, 281, 584, 307, 11, 51514], \"temperature\": 0.0, \"avg_logprob\": -0.21087922155857086, \"compression_ratio\": 1.8872404098510742, \"no_speech_prob\": 0.47647950053215027}, {\"id\": 79, \"seek\": 16900, \"start\": 192.0, \"end\": 195.0, \"text\": \" let's say you have a history with some girl, right?\", \"tokens\": [51514, 718, 311, 584, 291, 362, 257, 2503, 365, 512, 2013, 11, 558, 30, 51664], \"temperature\": 0.0, \"avg_logprob\": -0.21087922155857086, \"compression_ratio\": 1.8872404098510742, \"no_speech_prob\": 0.47647950053215027}, {\"id\": 80, \"seek\": 16900, \"start\": 195.0, \"end\": 197.0, \"text\": \" And then she's going to be out of the club.\", \"tokens\": [51664, 400, 550, 750, 311, 516, 281, 312, 484, 295, 264, 6482, 13, 51764], \"temperature\": 0.0, \"avg_logprob\": -0.21087922155857086, \"compression_ratio\": 1.8872404098510742, \"no_speech_prob\": 0.47647950053215027}, {\"id\": 81, \"seek\": 19700, \"start\": 197.0, \"end\": 199.0, \"text\": \" And I know that you used to have a history with her,\", \"tokens\": [50364, 400, 286, 458, 300, 291, 1143, 281, 362, 257, 2503, 365, 720, 11, 50464], \"temperature\": 0.0, \"avg_logprob\": -0.18388068675994873, \"compression_ratio\": 1.8128654956817627, \"no_speech_prob\": 0.3628712296485901}, {\"id\": 82, \"seek\": 19700, \"start\": 199.0, \"end\": 200.0, \"text\": \" and then I see you making out with her.\", \"tokens\": [50464, 293, 550, 286, 536, 291, 1455, 484, 365, 720, 13, 50514], \"temperature\": 0.0, \"avg_logprob\": -0.18388068675994873, \"compression_ratio\": 1.8128654956817627, \"no_speech_prob\": 0.3628712296485901}, {\"id\": 83, \"seek\": 19700, \"start\": 200.0, \"end\": 201.0, \"text\": \" I'm going to be pissed about it.\", \"tokens\": [50514, 286, 478, 516, 281, 312, 23795, 466, 309, 13, 50564], \"temperature\": 0.0, \"avg_logprob\": -0.18388068675994873, \"compression_ratio\": 1.8128654956817627, \"no_speech_prob\": 0.3628712296485901}, {\"id\": 84, \"seek\": 19700, \"start\": 201.0, \"end\": 202.0, \"text\": \" Yeah.\", \"tokens\": [50564, 865, 13, 50614], \"temperature\": 0.0, \"avg_logprob\": -0.18388068675994873, \"compression_ratio\": 1.8128654956817627, \"no_speech_prob\": 0.3628712296485901}, {\"id\": 85, \"seek\": 19700, \"start\": 202.0, \"end\": 204.0, \"text\": \" Because you think there's an emotional investment in it.\", \"tokens\": [50614, 1436, 291, 519, 456, 311, 364, 6863, 6078, 294, 309, 13, 50714], \"temperature\": 0.0, \"avg_logprob\": -0.18388068675994873, \"compression_ratio\": 1.8128654956817627, \"no_speech_prob\": 0.3628712296485901}, {\"id\": 86, \"seek\": 19700, \"start\": 204.0, \"end\": 205.0, \"text\": \" Yeah, women care more about that than men.\", \"tokens\": [50714, 865, 11, 2266, 1127, 544, 466, 300, 813, 1706, 13, 50764], \"temperature\": 0.0, \"avg_logprob\": -0.18388068675994873, \"compression_ratio\": 1.8128654956817627, \"no_speech_prob\": 0.3628712296485901}, {\"id\": 87, \"seek\": 19700, \"start\": 205.0, \"end\": 206.0, \"text\": \" Yeah, of course.\", \"tokens\": [50764, 865, 11, 295, 1164, 13, 50814], \"temperature\": 0.0, \"avg_logprob\": -0.18388068675994873, \"compression_ratio\": 1.8128654956817627, \"no_speech_prob\": 0.3628712296485901}, {\"id\": 88, \"seek\": 19700, \"start\": 206.0, \"end\": 208.0, \"text\": \" Yeah, I was going to get to that point,\", \"tokens\": [50814, 865, 11, 286, 390, 516, 281, 483, 281, 300, 935, 11, 50914], \"temperature\": 0.0, \"avg_logprob\": -0.18388068675994873, \"compression_ratio\": 1.8128654956817627, \"no_speech_prob\": 0.3628712296485901}, {\"id\": 89, \"seek\": 19700, \"start\": 208.0, \"end\": 209.0, \"text\": \" but yeah, that's definitely a big part of it.\", \"tokens\": [50914, 457, 1338, 11, 300, 311, 2138, 257, 955, 644, 295, 309, 13, 50964], \"temperature\": 0.0, \"avg_logprob\": -0.18388068675994873, \"compression_ratio\": 1.8128654956817627, \"no_speech_prob\": 0.3628712296485901}, {\"id\": 90, \"seek\": 19700, \"start\": 209.0, \"end\": 211.0, \"text\": \" So when you talk about the intention,\", \"tokens\": [50964, 407, 562, 291, 751, 466, 264, 7789, 11, 51064], \"temperature\": 0.0, \"avg_logprob\": -0.18388068675994873, \"compression_ratio\": 1.8128654956817627, \"no_speech_prob\": 0.3628712296485901}, {\"id\": 91, \"seek\": 19700, \"start\": 211.0, \"end\": 213.0, \"text\": \" for men, for the most part, it is not the intention.\", \"tokens\": [51064, 337, 1706, 11, 337, 264, 881, 644, 11, 309, 307, 406, 264, 7789, 13, 51164], \"temperature\": 0.0, \"avg_logprob\": -0.18388068675994873, \"compression_ratio\": 1.8128654956817627, \"no_speech_prob\": 0.3628712296485901}, {\"id\": 92, \"seek\": 19700, \"start\": 213.0, \"end\": 214.0, \"text\": \" It's the penetration.\", \"tokens\": [51164, 467, 311, 264, 35187, 13, 51214], \"temperature\": 0.0, \"avg_logprob\": -0.18388068675994873, \"compression_ratio\": 1.8128654956817627, \"no_speech_prob\": 0.3628712296485901}, {\"id\": 93, \"seek\": 19700, \"start\": 214.0, \"end\": 215.0, \"text\": \" That is the genius.\", \"tokens\": [51214, 663, 307, 264, 14017, 13, 51264], \"temperature\": 0.0, \"avg_logprob\": -0.18388068675994873, \"compression_ratio\": 1.8128654956817627, \"no_speech_prob\": 0.3628712296485901}, {\"id\": 94, \"seek\": 19700, \"start\": 215.0, \"end\": 218.0, \"text\": \" It really doesn't make any difference, the rest of it.\", \"tokens\": [51264, 467, 534, 1177, 380, 652, 604, 2649, 11, 264, 1472, 295, 309, 13, 51414], \"temperature\": 0.0, \"avg_logprob\": -0.18388068675994873, \"compression_ratio\": 1.8128654956817627, \"no_speech_prob\": 0.3628712296485901}, {\"id\": 95, \"seek\": 19700, \"start\": 218.0, \"end\": 219.0, \"text\": \" Like, I can tell you right now,\", \"tokens\": [51414, 1743, 11, 286, 393, 980, 291, 558, 586, 11, 51464], \"temperature\": 0.0, \"avg_logprob\": -0.18388068675994873, \"compression_ratio\": 1.8128654956817627, \"no_speech_prob\": 0.3628712296485901}, {\"id\": 96, \"seek\": 19700, \"start\": 219.0, \"end\": 222.0, \"text\": \" they do surveys on this all the time\", \"tokens\": [51464, 436, 360, 22711, 322, 341, 439, 264, 565, 51614], \"temperature\": 0.0, \"avg_logprob\": -0.18388068675994873, \"compression_ratio\": 1.8128654956817627, \"no_speech_prob\": 0.3628712296485901}, {\"id\": 97, \"seek\": 19700, \"start\": 222.0, \"end\": 224.0, \"text\": \" when they ask men and women,\", \"tokens\": [51614, 562, 436, 1029, 1706, 293, 2266, 11, 51714], \"temperature\": 0.0, \"avg_logprob\": -0.18388068675994873, \"compression_ratio\": 1.8128654956817627, \"no_speech_prob\": 0.3628712296485901}, {\"id\": 98, \"seek\": 22400, \"start\": 224.0, \"end\": 227.0, \"text\": \" what would bother you more as far as cheating is concerned?\", \"tokens\": [50364, 437, 576, 8677, 291, 544, 382, 1400, 382, 18309, 307, 5922, 30, 50514], \"temperature\": 0.0, \"avg_logprob\": -0.21749937534332275, \"compression_ratio\": 1.7913669347763062, \"no_speech_prob\": 0.2812671661376953}, {\"id\": 99, \"seek\": 22400, \"start\": 227.0, \"end\": 230.0, \"text\": \" Your boyfriend has spent money on another woman\", \"tokens\": [50514, 2260, 11457, 575, 4418, 1460, 322, 1071, 3059, 50664], \"temperature\": 0.0, \"avg_logprob\": -0.21749937534332275, \"compression_ratio\": 1.7913669347763062, \"no_speech_prob\": 0.2812671661376953}, {\"id\": 100, \"seek\": 22400, \"start\": 230.0, \"end\": 233.0, \"text\": \" and has an emotional connection but no sexual intercourse,\", \"tokens\": [50664, 293, 575, 364, 6863, 4984, 457, 572, 6701, 728, 31913, 11, 50814], \"temperature\": 0.0, \"avg_logprob\": -0.21749937534332275, \"compression_ratio\": 1.7913669347763062, \"no_speech_prob\": 0.2812671661376953}, {\"id\": 101, \"seek\": 22400, \"start\": 233.0, \"end\": 234.0, \"text\": \" or he has sexual intercourse with a woman\", \"tokens\": [50814, 420, 415, 575, 6701, 728, 31913, 365, 257, 3059, 50864], \"temperature\": 0.0, \"avg_logprob\": -0.21749937534332275, \"compression_ratio\": 1.7913669347763062, \"no_speech_prob\": 0.2812671661376953}, {\"id\": 102, \"seek\": 22400, \"start\": 234.0, \"end\": 236.0, \"text\": \" he does not have any feelings for.\", \"tokens\": [50864, 415, 775, 406, 362, 604, 6640, 337, 13, 50964], \"temperature\": 0.0, \"avg_logprob\": -0.21749937534332275, \"compression_ratio\": 1.7913669347763062, \"no_speech_prob\": 0.2812671661376953}, {\"id\": 103, \"seek\": 22400, \"start\": 236.0, \"end\": 238.0, \"text\": \" And then they do the same thing with men.\", \"tokens\": [50964, 400, 550, 436, 360, 264, 912, 551, 365, 1706, 13, 51064], \"temperature\": 0.0, \"avg_logprob\": -0.21749937534332275, \"compression_ratio\": 1.7913669347763062, \"no_speech_prob\": 0.2812671661376953}, {\"id\": 104, \"seek\": 22400, \"start\": 238.0, \"end\": 241.0, \"text\": \" They ask, would you rather not the woman spend money\", \"tokens\": [51064, 814, 1029, 11, 576, 291, 2831, 406, 264, 3059, 3496, 1460, 51214], \"temperature\": 0.0, \"avg_logprob\": -0.21749937534332275, \"compression_ratio\": 1.7913669347763062, \"no_speech_prob\": 0.2812671661376953}, {\"id\": 105, \"seek\": 22400, \"start\": 241.0, \"end\": 245.0, \"text\": \" and have emotional tie to this guy and have no sex\", \"tokens\": [51214, 293, 362, 6863, 7582, 281, 341, 2146, 293, 362, 572, 3260, 51414], \"temperature\": 0.0, \"avg_logprob\": -0.21749937534332275, \"compression_ratio\": 1.7913669347763062, \"no_speech_prob\": 0.2812671661376953}, {\"id\": 106, \"seek\": 22400, \"start\": 245.0, \"end\": 247.0, \"text\": \" or have sex and have no emotional?\", \"tokens\": [51414, 420, 362, 3260, 293, 362, 572, 6863, 30, 51514], \"temperature\": 0.0, \"avg_logprob\": -0.21749937534332275, \"compression_ratio\": 1.7913669347763062, \"no_speech_prob\": 0.2812671661376953}, {\"id\": 107, \"seek\": 22400, \"start\": 247.0, \"end\": 248.0, \"text\": \" And it's crazy.\", \"tokens\": [51514, 400, 309, 311, 3219, 13, 51564], \"temperature\": 0.0, \"avg_logprob\": -0.21749937534332275, \"compression_ratio\": 1.7913669347763062, \"no_speech_prob\": 0.2812671661376953}, {\"id\": 108, \"seek\": 22400, \"start\": 248.0, \"end\": 250.0, \"text\": \" Eye contact before marriage.\", \"tokens\": [51564, 21603, 3385, 949, 7194, 13, 51664], \"temperature\": 0.0, \"avg_logprob\": -0.21749937534332275, \"compression_ratio\": 1.7913669347763062, \"no_speech_prob\": 0.2812671661376953}, {\"id\": 109, \"seek\": 22400, \"start\": 250.0, \"end\": 251.0, \"text\": \" Just kidding.\", \"tokens\": [51664, 1449, 9287, 13, 51714], \"temperature\": 0.0, \"avg_logprob\": -0.21749937534332275, \"compression_ratio\": 1.7913669347763062, \"no_speech_prob\": 0.2812671661376953}, {\"id\": 110, \"seek\": 22400, \"start\": 251.0, \"end\": 253.0, \"text\": \" That was good.\", \"tokens\": [51714, 663, 390, 665, 13, 51814], \"temperature\": 0.0, \"avg_logprob\": -0.21749937534332275, \"compression_ratio\": 1.7913669347763062, \"no_speech_prob\": 0.2812671661376953}, {\"id\": 111, \"seek\": 25300, \"start\": 253.0, \"end\": 255.0, \"text\": \" For women, it's like 87% of the time,\", \"tokens\": [50364, 1171, 2266, 11, 309, 311, 411, 27990, 4, 295, 264, 565, 11, 50464], \"temperature\": 0.0, \"avg_logprob\": -0.14479736983776093, \"compression_ratio\": 1.878787875175476, \"no_speech_prob\": 0.056605834513902664}, {\"id\": 112, \"seek\": 25300, \"start\": 255.0, \"end\": 257.0, \"text\": \" the emotional cheating is way more deleterious.\", \"tokens\": [50464, 264, 6863, 18309, 307, 636, 544, 1103, 2398, 851, 13, 50564], \"temperature\": 0.0, \"avg_logprob\": -0.14479736983776093, \"compression_ratio\": 1.878787875175476, \"no_speech_prob\": 0.056605834513902664}, {\"id\": 113, \"seek\": 25300, \"start\": 257.0, \"end\": 259.0, \"text\": \" They hate it so much more.\", \"tokens\": [50564, 814, 4700, 309, 370, 709, 544, 13, 50664], \"temperature\": 0.0, \"avg_logprob\": -0.14479736983776093, \"compression_ratio\": 1.878787875175476, \"no_speech_prob\": 0.056605834513902664}, {\"id\": 114, \"seek\": 25300, \"start\": 259.0, \"end\": 261.0, \"text\": \" For men, it's 97% of the time.\", \"tokens\": [50664, 1171, 1706, 11, 309, 311, 23399, 4, 295, 264, 565, 13, 50764], \"temperature\": 0.0, \"avg_logprob\": -0.14479736983776093, \"compression_ratio\": 1.878787875175476, \"no_speech_prob\": 0.056605834513902664}, {\"id\": 115, \"seek\": 25300, \"start\": 261.0, \"end\": 263.0, \"text\": \" A penis going inside of my woman\", \"tokens\": [50764, 316, 28282, 516, 1854, 295, 452, 3059, 50864], \"temperature\": 0.0, \"avg_logprob\": -0.14479736983776093, \"compression_ratio\": 1.878787875175476, \"no_speech_prob\": 0.056605834513902664}, {\"id\": 116, \"seek\": 25300, \"start\": 263.0, \"end\": 265.0, \"text\": \" is worse than anything else that could possibly happen\", \"tokens\": [50864, 307, 5324, 813, 1340, 1646, 300, 727, 6264, 1051, 50964], \"temperature\": 0.0, \"avg_logprob\": -0.14479736983776093, \"compression_ratio\": 1.878787875175476, \"no_speech_prob\": 0.056605834513902664}, {\"id\": 117, \"seek\": 25300, \"start\": 265.0, \"end\": 267.0, \"text\": \" because, let's go back 50,000 years ago,\", \"tokens\": [50964, 570, 11, 718, 311, 352, 646, 2625, 11, 1360, 924, 2057, 11, 51064], \"temperature\": 0.0, \"avg_logprob\": -0.14479736983776093, \"compression_ratio\": 1.878787875175476, \"no_speech_prob\": 0.056605834513902664}, {\"id\": 118, \"seek\": 25300, \"start\": 267.0, \"end\": 270.0, \"text\": \" the worst thing to happen to me is not death.\", \"tokens\": [51064, 264, 5855, 551, 281, 1051, 281, 385, 307, 406, 2966, 13, 51214], \"temperature\": 0.0, \"avg_logprob\": -0.14479736983776093, \"compression_ratio\": 1.878787875175476, \"no_speech_prob\": 0.056605834513902664}, {\"id\": 119, \"seek\": 25300, \"start\": 270.0, \"end\": 271.0, \"text\": \" The worst thing for me to happen\", \"tokens\": [51214, 440, 5855, 551, 337, 385, 281, 1051, 51264], \"temperature\": 0.0, \"avg_logprob\": -0.14479736983776093, \"compression_ratio\": 1.878787875175476, \"no_speech_prob\": 0.056605834513902664}, {\"id\": 120, \"seek\": 25300, \"start\": 271.0, \"end\": 273.0, \"text\": \" is for me to not have a child with you\", \"tokens\": [51264, 307, 337, 385, 281, 406, 362, 257, 1440, 365, 291, 51364], \"temperature\": 0.0, \"avg_logprob\": -0.14479736983776093, \"compression_ratio\": 1.878787875175476, \"no_speech_prob\": 0.056605834513902664}, {\"id\": 121, \"seek\": 25300, \"start\": 273.0, \"end\": 275.0, \"text\": \" and for me to raise someone else's child,\", \"tokens\": [51364, 293, 337, 385, 281, 5300, 1580, 1646, 311, 1440, 11, 51464], \"temperature\": 0.0, \"avg_logprob\": -0.14479736983776093, \"compression_ratio\": 1.878787875175476, \"no_speech_prob\": 0.056605834513902664}, {\"id\": 122, \"seek\": 25300, \"start\": 275.0, \"end\": 277.0, \"text\": \" not realizing that my genetics do not get passed along\", \"tokens\": [51464, 406, 16734, 300, 452, 26516, 360, 406, 483, 4678, 2051, 51564], \"temperature\": 0.0, \"avg_logprob\": -0.14479736983776093, \"compression_ratio\": 1.878787875175476, \"no_speech_prob\": 0.056605834513902664}, {\"id\": 123, \"seek\": 25300, \"start\": 277.0, \"end\": 279.0, \"text\": \" because you slept with someone else behind my back.\", \"tokens\": [51564, 570, 291, 17400, 365, 1580, 1646, 2261, 452, 646, 13, 51664], \"temperature\": 0.0, \"avg_logprob\": -0.14479736983776093, \"compression_ratio\": 1.878787875175476, \"no_speech_prob\": 0.056605834513902664}, {\"id\": 124, \"seek\": 25300, \"start\": 279.0, \"end\": 281.0, \"text\": \" There's nothing possibly from a genetic standpoint\", \"tokens\": [51664, 821, 311, 1825, 6264, 490, 257, 12462, 15827, 51764], \"temperature\": 0.0, \"avg_logprob\": -0.14479736983776093, \"compression_ratio\": 1.878787875175476, \"no_speech_prob\": 0.056605834513902664}, {\"id\": 125, \"seek\": 25300, \"start\": 281.0, \"end\": 282.0, \"text\": \" that is worse than cuckoldry.\", \"tokens\": [51764, 300, 307, 5324, 813, 269, 1134, 2641, 627, 13, 51814], \"temperature\": 0.0, \"avg_logprob\": -0.14479736983776093, \"compression_ratio\": 1.878787875175476, \"no_speech_prob\": 0.056605834513902664}, {\"id\": 126, \"seek\": 28200, \"start\": 282.0, \"end\": 283.0, \"text\": \" Nothing.\", \"tokens\": [50364, 6693, 13, 50414], \"temperature\": 0.0, \"avg_logprob\": -0.20113874971866608, \"compression_ratio\": 1.7706421613693237, \"no_speech_prob\": 0.4070833623409271}, {\"id\": 127, \"seek\": 28200, \"start\": 283.0, \"end\": 285.0, \"text\": \" And that's the reason why men act jealous.\", \"tokens\": [50414, 400, 300, 311, 264, 1778, 983, 1706, 605, 13805, 13, 50514], \"temperature\": 0.0, \"avg_logprob\": -0.20113874971866608, \"compression_ratio\": 1.7706421613693237, \"no_speech_prob\": 0.4070833623409271}, {\"id\": 128, \"seek\": 28200, \"start\": 285.0, \"end\": 287.0, \"text\": \" And there's some really crazy studies on jealousy.\", \"tokens\": [50514, 400, 456, 311, 512, 534, 3219, 5313, 322, 36103, 13, 50614], \"temperature\": 0.0, \"avg_logprob\": -0.20113874971866608, \"compression_ratio\": 1.7706421613693237, \"no_speech_prob\": 0.4070833623409271}, {\"id\": 129, \"seek\": 28200, \"start\": 287.0, \"end\": 289.0, \"text\": \" Most of the time, when men are jealous,\", \"tokens\": [50614, 4534, 295, 264, 565, 11, 562, 1706, 366, 13805, 11, 50714], \"temperature\": 0.0, \"avg_logprob\": -0.20113874971866608, \"compression_ratio\": 1.7706421613693237, \"no_speech_prob\": 0.4070833623409271}, {\"id\": 130, \"seek\": 28200, \"start\": 289.0, \"end\": 290.0, \"text\": \" do you want to know what the reality is?\", \"tokens\": [50714, 360, 291, 528, 281, 458, 437, 264, 4103, 307, 30, 50764], \"temperature\": 0.0, \"avg_logprob\": -0.20113874971866608, \"compression_ratio\": 1.7706421613693237, \"no_speech_prob\": 0.4070833623409271}, {\"id\": 131, \"seek\": 28200, \"start\": 290.0, \"end\": 291.0, \"text\": \" They're right.\", \"tokens\": [50764, 814, 434, 558, 13, 50814], \"temperature\": 0.0, \"avg_logprob\": -0.20113874971866608, \"compression_ratio\": 1.7706421613693237, \"no_speech_prob\": 0.4070833623409271}, {\"id\": 132, \"seek\": 28200, \"start\": 291.0, \"end\": 293.0, \"text\": \" That's what ends up happening.\", \"tokens\": [50814, 663, 311, 437, 5314, 493, 2737, 13, 50914], \"temperature\": 0.0, \"avg_logprob\": -0.20113874971866608, \"compression_ratio\": 1.7706421613693237, \"no_speech_prob\": 0.4070833623409271}, {\"id\": 133, \"seek\": 28200, \"start\": 293.0, \"end\": 294.0, \"text\": \" Jealousy is an evolutionary adaptation.\", \"tokens\": [50914, 2588, 11553, 88, 307, 364, 27567, 21549, 13, 50964], \"temperature\": 0.0, \"avg_logprob\": -0.20113874971866608, \"compression_ratio\": 1.7706421613693237, \"no_speech_prob\": 0.4070833623409271}, {\"id\": 134, \"seek\": 28200, \"start\": 294.0, \"end\": 296.0, \"text\": \" When you consistently suspect your girlfriend,\", \"tokens\": [50964, 1133, 291, 14961, 9091, 428, 10369, 11, 51064], \"temperature\": 0.0, \"avg_logprob\": -0.20113874971866608, \"compression_ratio\": 1.7706421613693237, \"no_speech_prob\": 0.4070833623409271}, {\"id\": 135, \"seek\": 28200, \"start\": 296.0, \"end\": 298.0, \"text\": \" you have this insect of your girl cheating,\", \"tokens\": [51064, 291, 362, 341, 13261, 295, 428, 2013, 18309, 11, 51164], \"temperature\": 0.0, \"avg_logprob\": -0.20113874971866608, \"compression_ratio\": 1.7706421613693237, \"no_speech_prob\": 0.4070833623409271}, {\"id\": 136, \"seek\": 28200, \"start\": 298.0, \"end\": 300.0, \"text\": \" you tend to be correct.\", \"tokens\": [51164, 291, 3928, 281, 312, 3006, 13, 51264], \"temperature\": 0.0, \"avg_logprob\": -0.20113874971866608, \"compression_ratio\": 1.7706421613693237, \"no_speech_prob\": 0.4070833623409271}, {\"id\": 137, \"seek\": 28200, \"start\": 300.0, \"end\": 301.0, \"text\": \" It's crazy.\", \"tokens\": [51264, 467, 311, 3219, 13, 51314], \"temperature\": 0.0, \"avg_logprob\": -0.20113874971866608, \"compression_ratio\": 1.7706421613693237, \"no_speech_prob\": 0.4070833623409271}, {\"id\": 138, \"seek\": 28200, \"start\": 301.0, \"end\": 302.0, \"text\": \" Now, is it all the time?\", \"tokens\": [51314, 823, 11, 307, 309, 439, 264, 565, 30, 51364], \"temperature\": 0.0, \"avg_logprob\": -0.20113874971866608, \"compression_ratio\": 1.7706421613693237, \"no_speech_prob\": 0.4070833623409271}, {\"id\": 139, \"seek\": 28200, \"start\": 302.0, \"end\": 304.0, \"text\": \" Yeah, that's projection.\", \"tokens\": [51364, 865, 11, 300, 311, 22743, 13, 51464], \"temperature\": 0.0, \"avg_logprob\": -0.20113874971866608, \"compression_ratio\": 1.7706421613693237, \"no_speech_prob\": 0.4070833623409271}, {\"id\": 140, \"seek\": 28200, \"start\": 304.0, \"end\": 306.0, \"text\": \" But sometimes it is projection because they're doing it,\", \"tokens\": [51464, 583, 2171, 309, 307, 22743, 570, 436, 434, 884, 309, 11, 51564], \"temperature\": 0.0, \"avg_logprob\": -0.20113874971866608, \"compression_ratio\": 1.7706421613693237, \"no_speech_prob\": 0.4070833623409271}, {\"id\": 141, \"seek\": 28200, \"start\": 306.0, \"end\": 308.0, \"text\": \" but also, a lot of times, they are correct.\", \"tokens\": [51564, 457, 611, 11, 257, 688, 295, 1413, 11, 436, 366, 3006, 13, 51664], \"temperature\": 0.0, \"avg_logprob\": -0.20113874971866608, \"compression_ratio\": 1.7706421613693237, \"no_speech_prob\": 0.4070833623409271}, {\"id\": 142, \"seek\": 28200, \"start\": 308.0, \"end\": 310.0, \"text\": \" The reason you're feeling is...\", \"tokens\": [51664, 440, 1778, 291, 434, 2633, 307, 485, 51764], \"temperature\": 0.0, \"avg_logprob\": -0.20113874971866608, \"compression_ratio\": 1.7706421613693237, \"no_speech_prob\": 0.4070833623409271}, {\"id\": 143, \"seek\": 31000, \"start\": 310.0, \"end\": 312.0, \"text\": \" I don't know one example of them being correct.\", \"tokens\": [50364, 286, 500, 380, 458, 472, 1365, 295, 552, 885, 3006, 13, 50464], \"temperature\": 0.0, \"avg_logprob\": -0.21827849745750427, \"compression_ratio\": 1.6757493019104004, \"no_speech_prob\": 0.3959008753299713}, {\"id\": 144, \"seek\": 31000, \"start\": 314.0, \"end\": 316.0, \"text\": \" Let me try to think of one from previous friends.\", \"tokens\": [50564, 961, 385, 853, 281, 519, 295, 472, 490, 3894, 1855, 13, 50664], \"temperature\": 0.0, \"avg_logprob\": -0.21827849745750427, \"compression_ratio\": 1.6757493019104004, \"no_speech_prob\": 0.3959008753299713}, {\"id\": 145, \"seek\": 31000, \"start\": 316.0, \"end\": 318.0, \"text\": \" Yeah, but maybe you're 21 years old.\", \"tokens\": [50664, 865, 11, 457, 1310, 291, 434, 5080, 924, 1331, 13, 50764], \"temperature\": 0.0, \"avg_logprob\": -0.21827849745750427, \"compression_ratio\": 1.6757493019104004, \"no_speech_prob\": 0.3959008753299713}, {\"id\": 146, \"seek\": 31000, \"start\": 318.0, \"end\": 320.0, \"text\": \" Okay, knowing everybody else that I know,\", \"tokens\": [50764, 1033, 11, 5276, 2201, 1646, 300, 286, 458, 11, 50864], \"temperature\": 0.0, \"avg_logprob\": -0.21827849745750427, \"compression_ratio\": 1.6757493019104004, \"no_speech_prob\": 0.3959008753299713}, {\"id\": 147, \"seek\": 31000, \"start\": 320.0, \"end\": 322.0, \"text\": \" and I've never heard it, not one time.\", \"tokens\": [50864, 293, 286, 600, 1128, 2198, 309, 11, 406, 472, 565, 13, 50964], \"temperature\": 0.0, \"avg_logprob\": -0.21827849745750427, \"compression_ratio\": 1.6757493019104004, \"no_speech_prob\": 0.3959008753299713}, {\"id\": 148, \"seek\": 31000, \"start\": 322.0, \"end\": 323.0, \"text\": \" I can tell.\", \"tokens\": [50964, 286, 393, 980, 13, 51014], \"temperature\": 0.0, \"avg_logprob\": -0.21827849745750427, \"compression_ratio\": 1.6757493019104004, \"no_speech_prob\": 0.3959008753299713}, {\"id\": 149, \"seek\": 31000, \"start\": 323.0, \"end\": 324.0, \"text\": \" It doesn't make any sense.\", \"tokens\": [51014, 467, 1177, 380, 652, 604, 2020, 13, 51064], \"temperature\": 0.0, \"avg_logprob\": -0.21827849745750427, \"compression_ratio\": 1.6757493019104004, \"no_speech_prob\": 0.3959008753299713}, {\"id\": 150, \"seek\": 31000, \"start\": 324.0, \"end\": 325.0, \"text\": \" I've probably told you a hundred times\", \"tokens\": [51064, 286, 600, 1391, 1907, 291, 257, 3262, 1413, 51114], \"temperature\": 0.0, \"avg_logprob\": -0.21827849745750427, \"compression_ratio\": 1.6757493019104004, \"no_speech_prob\": 0.3959008753299713}, {\"id\": 151, \"seek\": 31000, \"start\": 325.0, \"end\": 327.0, \"text\": \" where I've seen a guy who's suspected a girl of cheating,\", \"tokens\": [51114, 689, 286, 600, 1612, 257, 2146, 567, 311, 26439, 257, 2013, 295, 18309, 11, 51214], \"temperature\": 0.0, \"avg_logprob\": -0.21827849745750427, \"compression_ratio\": 1.6757493019104004, \"no_speech_prob\": 0.3959008753299713}, {\"id\": 152, \"seek\": 31000, \"start\": 327.0, \"end\": 328.0, \"text\": \" and it turns out he was correct.\", \"tokens\": [51214, 293, 309, 4523, 484, 415, 390, 3006, 13, 51264], \"temperature\": 0.0, \"avg_logprob\": -0.21827849745750427, \"compression_ratio\": 1.6757493019104004, \"no_speech_prob\": 0.3959008753299713}, {\"id\": 153, \"seek\": 31000, \"start\": 328.0, \"end\": 329.0, \"text\": \" Now, here's the thing.\", \"tokens\": [51264, 823, 11, 510, 311, 264, 551, 13, 51314], \"temperature\": 0.0, \"avg_logprob\": -0.21827849745750427, \"compression_ratio\": 1.6757493019104004, \"no_speech_prob\": 0.3959008753299713}, {\"id\": 154, \"seek\": 31000, \"start\": 329.0, \"end\": 330.0, \"text\": \" It's not over 50%.\", \"tokens\": [51314, 467, 311, 406, 670, 2625, 6856, 51364], \"temperature\": 0.0, \"avg_logprob\": -0.21827849745750427, \"compression_ratio\": 1.6757493019104004, \"no_speech_prob\": 0.3959008753299713}, {\"id\": 155, \"seek\": 31000, \"start\": 330.0, \"end\": 331.0, \"text\": \" It's a gut check.\", \"tokens\": [51364, 467, 311, 257, 5228, 1520, 13, 51414], \"temperature\": 0.0, \"avg_logprob\": -0.21827849745750427, \"compression_ratio\": 1.6757493019104004, \"no_speech_prob\": 0.3959008753299713}, {\"id\": 156, \"seek\": 31000, \"start\": 331.0, \"end\": 332.0, \"text\": \" It's instinct.\", \"tokens\": [51414, 467, 311, 16556, 13, 51464], \"temperature\": 0.0, \"avg_logprob\": -0.21827849745750427, \"compression_ratio\": 1.6757493019104004, \"no_speech_prob\": 0.3959008753299713}, {\"id\": 157, \"seek\": 31000, \"start\": 332.0, \"end\": 333.0, \"text\": \" Women have the same thing.\", \"tokens\": [51464, 11065, 362, 264, 912, 551, 13, 51514], \"temperature\": 0.0, \"avg_logprob\": -0.21827849745750427, \"compression_ratio\": 1.6757493019104004, \"no_speech_prob\": 0.3959008753299713}, {\"id\": 158, \"seek\": 31000, \"start\": 333.0, \"end\": 334.0, \"text\": \" Of course.\", \"tokens\": [51514, 2720, 1164, 13, 51564], \"temperature\": 0.0, \"avg_logprob\": -0.21827849745750427, \"compression_ratio\": 1.6757493019104004, \"no_speech_prob\": 0.3959008753299713}, {\"id\": 159, \"seek\": 31000, \"start\": 334.0, \"end\": 335.0, \"text\": \" For sure.\", \"tokens\": [51564, 1171, 988, 13, 51614], \"temperature\": 0.0, \"avg_logprob\": -0.21827849745750427, \"compression_ratio\": 1.6757493019104004, \"no_speech_prob\": 0.3959008753299713}, {\"id\": 160, \"seek\": 31000, \"start\": 335.0, \"end\": 336.0, \"text\": \" Just feeling suspicious.\", \"tokens\": [51614, 1449, 2633, 17931, 13, 51664], \"temperature\": 0.0, \"avg_logprob\": -0.21827849745750427, \"compression_ratio\": 1.6757493019104004, \"no_speech_prob\": 0.3959008753299713}, {\"id\": 161, \"seek\": 31000, \"start\": 336.0, \"end\": 337.0, \"text\": \" No, that's the thing.\", \"tokens\": [51664, 883, 11, 300, 311, 264, 551, 13, 51714], \"temperature\": 0.0, \"avg_logprob\": -0.21827849745750427, \"compression_ratio\": 1.6757493019104004, \"no_speech_prob\": 0.3959008753299713}, {\"id\": 162, \"seek\": 31000, \"start\": 337.0, \"end\": 338.0, \"text\": \" Jealousy is an evolutionary adaptation.\", \"tokens\": [51714, 2588, 11553, 88, 307, 364, 27567, 21549, 13, 51764], \"temperature\": 0.0, \"avg_logprob\": -0.21827849745750427, \"compression_ratio\": 1.6757493019104004, \"no_speech_prob\": 0.3959008753299713}, {\"id\": 163, \"seek\": 31000, \"start\": 338.0, \"end\": 339.0, \"text\": \" It's not immaturity.\", \"tokens\": [51764, 467, 311, 406, 3397, 267, 3051, 13, 51814], \"temperature\": 0.0, \"avg_logprob\": -0.21827849745750427, \"compression_ratio\": 1.6757493019104004, \"no_speech_prob\": 0.3959008753299713}, {\"id\": 164, \"seek\": 33900, \"start\": 339.0, \"end\": 340.0, \"text\": \" People say, well, it's insecurity.\", \"tokens\": [50364, 3432, 584, 11, 731, 11, 309, 311, 35058, 13, 50414], \"temperature\": 0.0, \"avg_logprob\": -0.18727192282676697, \"compression_ratio\": 1.8370786905288696, \"no_speech_prob\": 0.1847071349620819}, {\"id\": 165, \"seek\": 33900, \"start\": 340.0, \"end\": 341.0, \"text\": \" No.\", \"tokens\": [50414, 883, 13, 50464], \"temperature\": 0.0, \"avg_logprob\": -0.18727192282676697, \"compression_ratio\": 1.8370786905288696, \"no_speech_prob\": 0.1847071349620819}, {\"id\": 166, \"seek\": 33900, \"start\": 341.0, \"end\": 342.0, \"text\": \" Yeah, that makes sense,\", \"tokens\": [50464, 865, 11, 300, 1669, 2020, 11, 50514], \"temperature\": 0.0, \"avg_logprob\": -0.18727192282676697, \"compression_ratio\": 1.8370786905288696, \"no_speech_prob\": 0.1847071349620819}, {\"id\": 167, \"seek\": 33900, \"start\": 342.0, \"end\": 344.0, \"text\": \" because if the goal is to survive long enough\", \"tokens\": [50514, 570, 498, 264, 3387, 307, 281, 7867, 938, 1547, 50614], \"temperature\": 0.0, \"avg_logprob\": -0.18727192282676697, \"compression_ratio\": 1.8370786905288696, \"no_speech_prob\": 0.1847071349620819}, {\"id\": 168, \"seek\": 33900, \"start\": 344.0, \"end\": 345.0, \"text\": \" to pass on your genes,\", \"tokens\": [50614, 281, 1320, 322, 428, 14424, 11, 50664], \"temperature\": 0.0, \"avg_logprob\": -0.18727192282676697, \"compression_ratio\": 1.8370786905288696, \"no_speech_prob\": 0.1847071349620819}, {\"id\": 169, \"seek\": 33900, \"start\": 345.0, \"end\": 347.0, \"text\": \" then the worst thing is to raise a child that's not yours\", \"tokens\": [50664, 550, 264, 5855, 551, 307, 281, 5300, 257, 1440, 300, 311, 406, 6342, 50764], \"temperature\": 0.0, \"avg_logprob\": -0.18727192282676697, \"compression_ratio\": 1.8370786905288696, \"no_speech_prob\": 0.1847071349620819}, {\"id\": 170, \"seek\": 33900, \"start\": 347.0, \"end\": 350.0, \"text\": \" because you didn't succeed where your goal as an animal is.\", \"tokens\": [50764, 570, 291, 994, 380, 7754, 689, 428, 3387, 382, 364, 5496, 307, 13, 50914], \"temperature\": 0.0, \"avg_logprob\": -0.18727192282676697, \"compression_ratio\": 1.8370786905288696, \"no_speech_prob\": 0.1847071349620819}, {\"id\": 171, \"seek\": 33900, \"start\": 350.0, \"end\": 352.0, \"text\": \" So the guys that were more suspicious\", \"tokens\": [50914, 407, 264, 1074, 300, 645, 544, 17931, 51014], \"temperature\": 0.0, \"avg_logprob\": -0.18727192282676697, \"compression_ratio\": 1.8370786905288696, \"no_speech_prob\": 0.1847071349620819}, {\"id\": 172, \"seek\": 33900, \"start\": 352.0, \"end\": 355.0, \"text\": \" and had the instinct for jealousy and mate-guarding,\", \"tokens\": [51014, 293, 632, 264, 16556, 337, 36103, 293, 11709, 12, 27547, 278, 11, 51164], \"temperature\": 0.0, \"avg_logprob\": -0.18727192282676697, \"compression_ratio\": 1.8370786905288696, \"no_speech_prob\": 0.1847071349620819}, {\"id\": 173, \"seek\": 33900, \"start\": 355.0, \"end\": 357.0, \"text\": \" those are the guys who went on to pass on their genes,\", \"tokens\": [51164, 729, 366, 264, 1074, 567, 1437, 322, 281, 1320, 322, 641, 14424, 11, 51264], \"temperature\": 0.0, \"avg_logprob\": -0.18727192282676697, \"compression_ratio\": 1.8370786905288696, \"no_speech_prob\": 0.1847071349620819}, {\"id\": 174, \"seek\": 33900, \"start\": 357.0, \"end\": 358.0, \"text\": \" and the guys who didn't, they didn't.\", \"tokens\": [51264, 293, 264, 1074, 567, 994, 380, 11, 436, 994, 380, 13, 51314], \"temperature\": 0.0, \"avg_logprob\": -0.18727192282676697, \"compression_ratio\": 1.8370786905288696, \"no_speech_prob\": 0.1847071349620819}, {\"id\": 175, \"seek\": 33900, \"start\": 358.0, \"end\": 359.0, \"text\": \" Yes.\", \"tokens\": [51314, 1079, 13, 51364], \"temperature\": 0.0, \"avg_logprob\": -0.18727192282676697, \"compression_ratio\": 1.8370786905288696, \"no_speech_prob\": 0.1847071349620819}, {\"id\": 176, \"seek\": 33900, \"start\": 359.0, \"end\": 360.0, \"text\": \" So there's a lot of nice guys\", \"tokens\": [51364, 407, 456, 311, 257, 688, 295, 1481, 1074, 51414], \"temperature\": 0.0, \"avg_logprob\": -0.18727192282676697, \"compression_ratio\": 1.8370786905288696, \"no_speech_prob\": 0.1847071349620819}, {\"id\": 177, \"seek\": 33900, \"start\": 360.0, \"end\": 361.0, \"text\": \" throughout our evolutionary history\", \"tokens\": [51414, 3710, 527, 27567, 2503, 51464], \"temperature\": 0.0, \"avg_logprob\": -0.18727192282676697, \"compression_ratio\": 1.8370786905288696, \"no_speech_prob\": 0.1847071349620819}, {\"id\": 178, \"seek\": 33900, \"start\": 361.0, \"end\": 363.0, \"text\": \" that did not become our ancestors\", \"tokens\": [51464, 300, 630, 406, 1813, 527, 18069, 51564], \"temperature\": 0.0, \"avg_logprob\": -0.18727192282676697, \"compression_ratio\": 1.8370786905288696, \"no_speech_prob\": 0.1847071349620819}, {\"id\": 179, \"seek\": 33900, \"start\": 363.0, \"end\": 364.0, \"text\": \" because they were super fucking nice,\", \"tokens\": [51564, 570, 436, 645, 1687, 5546, 1481, 11, 51614], \"temperature\": 0.0, \"avg_logprob\": -0.18727192282676697, \"compression_ratio\": 1.8370786905288696, \"no_speech_prob\": 0.1847071349620819}, {\"id\": 180, \"seek\": 33900, \"start\": 364.0, \"end\": 365.0, \"text\": \" and they were like...\", \"tokens\": [51614, 293, 436, 645, 411, 485, 51664], \"temperature\": 0.0, \"avg_logprob\": -0.18727192282676697, \"compression_ratio\": 1.8370786905288696, \"no_speech_prob\": 0.1847071349620819}, {\"id\": 181, \"seek\": 33900, \"start\": 365.0, \"end\": 367.0, \"text\": \" And they're all pissed off at us in the chat right now.\", \"tokens\": [51664, 400, 436, 434, 439, 23795, 766, 412, 505, 294, 264, 5081, 558, 586, 13, 51764], \"temperature\": 0.0, \"avg_logprob\": -0.18727192282676697, \"compression_ratio\": 1.8370786905288696, \"no_speech_prob\": 0.1847071349620819}, {\"id\": 182, \"seek\": 36700, \"start\": 368.0, \"end\": 371.0, \"text\": \" Chad, I'm going to go off hunting over here with Rolo.\", \"tokens\": [50414, 22268, 11, 286, 478, 516, 281, 352, 766, 12599, 670, 510, 365, 497, 7902, 13, 50564], \"temperature\": 0.0, \"avg_logprob\": -0.19226837158203125, \"compression_ratio\": 1.6619718074798584, \"no_speech_prob\": 0.250826358795166}, {\"id\": 183, \"seek\": 36700, \"start\": 371.0, \"end\": 372.0, \"text\": \" Go ahead and watch my wife.\", \"tokens\": [50564, 1037, 2286, 293, 1159, 452, 3836, 13, 50614], \"temperature\": 0.0, \"avg_logprob\": -0.19226837158203125, \"compression_ratio\": 1.6619718074798584, \"no_speech_prob\": 0.250826358795166}, {\"id\": 184, \"seek\": 36700, \"start\": 372.0, \"end\": 373.0, \"text\": \" Watch my wife while I'm gone.\", \"tokens\": [50614, 7277, 452, 3836, 1339, 286, 478, 2780, 13, 50664], \"temperature\": 0.0, \"avg_logprob\": -0.19226837158203125, \"compression_ratio\": 1.6619718074798584, \"no_speech_prob\": 0.250826358795166}, {\"id\": 185, \"seek\": 36700, \"start\": 373.0, \"end\": 374.0, \"text\": \" I trust you, Chad.\", \"tokens\": [50664, 286, 3361, 291, 11, 22268, 13, 50714], \"temperature\": 0.0, \"avg_logprob\": -0.19226837158203125, \"compression_ratio\": 1.6619718074798584, \"no_speech_prob\": 0.250826358795166}, {\"id\": 186, \"seek\": 36700, \"start\": 374.0, \"end\": 375.0, \"text\": \" Those guys didn't pass on their genes.\", \"tokens\": [50714, 3950, 1074, 994, 380, 1320, 322, 641, 14424, 13, 50764], \"temperature\": 0.0, \"avg_logprob\": -0.19226837158203125, \"compression_ratio\": 1.6619718074798584, \"no_speech_prob\": 0.250826358795166}, {\"id\": 187, \"seek\": 36700, \"start\": 375.0, \"end\": 376.0, \"text\": \" Brock.\", \"tokens\": [50764, 32093, 13, 50814], \"temperature\": 0.0, \"avg_logprob\": -0.19226837158203125, \"compression_ratio\": 1.6619718074798584, \"no_speech_prob\": 0.250826358795166}, {\"id\": 188, \"seek\": 36700, \"start\": 376.0, \"end\": 377.0, \"text\": \" Come over here.\", \"tokens\": [50814, 2492, 670, 510, 13, 50864], \"temperature\": 0.0, \"avg_logprob\": -0.19226837158203125, \"compression_ratio\": 1.6619718074798584, \"no_speech_prob\": 0.250826358795166}, {\"id\": 189, \"seek\": 36700, \"start\": 377.0, \"end\": 378.0, \"text\": \" Brock got to pass on his genes,\", \"tokens\": [50864, 32093, 658, 281, 1320, 322, 702, 14424, 11, 50914], \"temperature\": 0.0, \"avg_logprob\": -0.19226837158203125, \"compression_ratio\": 1.6619718074798584, \"no_speech_prob\": 0.250826358795166}, {\"id\": 190, \"seek\": 36700, \"start\": 378.0, \"end\": 379.0, \"text\": \" and he was an asshole and did nothing.\", \"tokens\": [50914, 293, 415, 390, 364, 28599, 293, 630, 1825, 13, 50964], \"temperature\": 0.0, \"avg_logprob\": -0.19226837158203125, \"compression_ratio\": 1.6619718074798584, \"no_speech_prob\": 0.250826358795166}, {\"id\": 191, \"seek\": 36700, \"start\": 379.0, \"end\": 380.0, \"text\": \" You know what I'm saying?\", \"tokens\": [50964, 509, 458, 437, 286, 478, 1566, 30, 51014], \"temperature\": 0.0, \"avg_logprob\": -0.19226837158203125, \"compression_ratio\": 1.6619718074798584, \"no_speech_prob\": 0.250826358795166}, {\"id\": 192, \"seek\": 36700, \"start\": 380.0, \"end\": 381.0, \"text\": \" Kylan.\", \"tokens\": [51014, 591, 24691, 13, 51064], \"temperature\": 0.0, \"avg_logprob\": -0.19226837158203125, \"compression_ratio\": 1.6619718074798584, \"no_speech_prob\": 0.250826358795166}, {\"id\": 193, \"seek\": 36700, \"start\": 381.0, \"end\": 382.0, \"text\": \" Is that what you said?\", \"tokens\": [51064, 1119, 300, 437, 291, 848, 30, 51114], \"temperature\": 0.0, \"avg_logprob\": -0.19226837158203125, \"compression_ratio\": 1.6619718074798584, \"no_speech_prob\": 0.250826358795166}, {\"id\": 194, \"seek\": 36700, \"start\": 382.0, \"end\": 383.0, \"text\": \" No, Kylar.\", \"tokens\": [51114, 883, 11, 12237, 2200, 13, 51164], \"temperature\": 0.0, \"avg_logprob\": -0.19226837158203125, \"compression_ratio\": 1.6619718074798584, \"no_speech_prob\": 0.250826358795166}, {\"id\": 195, \"seek\": 36700, \"start\": 383.0, \"end\": 384.0, \"text\": \" Kylar.\", \"tokens\": [51164, 12237, 2200, 13, 51214], \"temperature\": 0.0, \"avg_logprob\": -0.19226837158203125, \"compression_ratio\": 1.6619718074798584, \"no_speech_prob\": 0.250826358795166}, {\"id\": 196, \"seek\": 36700, \"start\": 384.0, \"end\": 385.0, \"text\": \" There's always a dude named Kylar.\", \"tokens\": [51214, 821, 311, 1009, 257, 6449, 4926, 12237, 2200, 13, 51264], \"temperature\": 0.0, \"avg_logprob\": -0.19226837158203125, \"compression_ratio\": 1.6619718074798584, \"no_speech_prob\": 0.250826358795166}, {\"id\": 197, \"seek\": 36700, \"start\": 385.0, \"end\": 387.0, \"text\": \" Bro, stay away from Kylar.\", \"tokens\": [51264, 5425, 11, 1754, 1314, 490, 12237, 2200, 13, 51364], \"temperature\": 0.0, \"avg_logprob\": -0.19226837158203125, \"compression_ratio\": 1.6619718074798584, \"no_speech_prob\": 0.250826358795166}, {\"id\": 198, \"seek\": 36700, \"start\": 387.0, \"end\": 389.0, \"text\": \" Why do you have a foam cannon over there?\", \"tokens\": [51364, 1545, 360, 291, 362, 257, 12958, 25938, 670, 456, 30, 51464], \"temperature\": 0.0, \"avg_logprob\": -0.19226837158203125, \"compression_ratio\": 1.6619718074798584, \"no_speech_prob\": 0.250826358795166}, {\"id\": 199, \"seek\": 36700, \"start\": 389.0, \"end\": 390.0, \"text\": \" What's that?\", \"tokens\": [51464, 708, 311, 300, 30, 51514], \"temperature\": 0.0, \"avg_logprob\": -0.19226837158203125, \"compression_ratio\": 1.6619718074798584, \"no_speech_prob\": 0.250826358795166}, {\"id\": 200, \"seek\": 36700, \"start\": 390.0, \"end\": 391.0, \"text\": \" That's pretty crazy.\", \"tokens\": [51514, 663, 311, 1238, 3219, 13, 51564], \"temperature\": 0.0, \"avg_logprob\": -0.19226837158203125, \"compression_ratio\": 1.6619718074798584, \"no_speech_prob\": 0.250826358795166}, {\"id\": 201, \"seek\": 36700, \"start\": 391.0, \"end\": 394.0, \"text\": \" But no, when I say a proclivity to figure out cheating,\", \"tokens\": [51564, 583, 572, 11, 562, 286, 584, 257, 447, 3474, 4253, 281, 2573, 484, 18309, 11, 51714], \"temperature\": 0.0, \"avg_logprob\": -0.19226837158203125, \"compression_ratio\": 1.6619718074798584, \"no_speech_prob\": 0.250826358795166}, {\"id\": 202, \"seek\": 36700, \"start\": 394.0, \"end\": 395.0, \"text\": \" it's not over 50%.\", \"tokens\": [51714, 309, 311, 406, 670, 2625, 6856, 51764], \"temperature\": 0.0, \"avg_logprob\": -0.19226837158203125, \"compression_ratio\": 1.6619718074798584, \"no_speech_prob\": 0.250826358795166}, {\"id\": 203, \"seek\": 36700, \"start\": 395.0, \"end\": 396.0, \"text\": \" Most of the time, they're not correct.\", \"tokens\": [51764, 4534, 295, 264, 565, 11, 436, 434, 406, 3006, 13, 51814], \"temperature\": 0.0, \"avg_logprob\": -0.19226837158203125, \"compression_ratio\": 1.6619718074798584, \"no_speech_prob\": 0.250826358795166}, {\"id\": 204, \"seek\": 39600, \"start\": 396.0, \"end\": 399.0, \"text\": \" What I'm saying is it's a statistically significant\", \"tokens\": [50364, 708, 286, 478, 1566, 307, 309, 311, 257, 36478, 4776, 50514], \"temperature\": 0.0, \"avg_logprob\": -0.18966351449489594, \"compression_ratio\": 1.4675325155258179, \"no_speech_prob\": 0.3810400068759918}, {\"id\": 205, \"seek\": 39600, \"start\": 399.0, \"end\": 404.0, \"text\": \" high number of times when a man suggests or suspects\", \"tokens\": [50514, 1090, 1230, 295, 1413, 562, 257, 587, 13409, 420, 35667, 50764], \"temperature\": 0.0, \"avg_logprob\": -0.18966351449489594, \"compression_ratio\": 1.4675325155258179, \"no_speech_prob\": 0.3810400068759918}, {\"id\": 206, \"seek\": 39600, \"start\": 404.0, \"end\": 405.0, \"text\": \" that his girl is cheating on her,\", \"tokens\": [50764, 300, 702, 2013, 307, 18309, 322, 720, 11, 50814], \"temperature\": 0.0, \"avg_logprob\": -0.18966351449489594, \"compression_ratio\": 1.4675325155258179, \"no_speech_prob\": 0.3810400068759918}, {\"id\": 207, \"seek\": 39600, \"start\": 405.0, \"end\": 407.0, \"text\": \" it's like more than 30% of the time.\", \"tokens\": [50814, 309, 311, 411, 544, 813, 2217, 4, 295, 264, 565, 13, 50914], \"temperature\": 0.0, \"avg_logprob\": -0.18966351449489594, \"compression_ratio\": 1.4675325155258179, \"no_speech_prob\": 0.3810400068759918}, {\"id\": 208, \"seek\": 39600, \"start\": 407.0, \"end\": 408.0, \"text\": \" It's like a significant number.\", \"tokens\": [50914, 467, 311, 411, 257, 4776, 1230, 13, 50964], \"temperature\": 0.0, \"avg_logprob\": -0.18966351449489594, \"compression_ratio\": 1.4675325155258179, \"no_speech_prob\": 0.3810400068759918}, {\"id\": 209, \"seek\": 39600, \"start\": 408.0, \"end\": 409.0, \"text\": \" It's not over 50%.\", \"tokens\": [50964, 467, 311, 406, 670, 2625, 6856, 51014], \"temperature\": 0.0, \"avg_logprob\": -0.18966351449489594, \"compression_ratio\": 1.4675325155258179, \"no_speech_prob\": 0.3810400068759918}]}"}