{"title": "Men Will Have AI Girlfriends In The Future", "video_id": "ovDOj-X_zSk", "video_url": "https://www.youtube.com/watch?v=ovDOj-X_zSk", "description": "Watch The Full Thing Here : \n\u2014\u2014\u2014\u2014\u2014\u2014\u2014\u2014\u2014\u2014\u2014\u2014\u2014\u2014\u2014\u2014\u2014\u2014\u2014\u2014\nReady to build a network of amazing women and high-status men?\n\nMichael\u2019s Men of Action is a one-on-one Master\u2019s program that teaches men how to create elite \nsocial lives by becoming higher status.\n\nClick this link to learn how you can have a High-Status lifestyle now:\nhttps://m.moamentoring.com/podcast\n\nClick here to join the Men of Action community and watch the High-Status Networking 101 course:\nhttps://m.moamentoring.com/moa-community\n\nInterested in joining the Men of Action sales team? Apply here:\nhttps://www.moamentoring.com/jobs/sales\n\nMen of Action has an affiliate program! Post pre-made content and get paid passively:\nhttps://www.moamentoring.com/affiliate\n\u2014\u2014\u2014\u2014\u2014\u2014\u2014\u2014\u2014\u2014\u2014\u2014\u2014\u2014\u2014\u2014\u2014\u2014\u2014\u2014\n\nSubscribe on Youtube: \nhttps://www.youtube.com/user/MichaelSartain\n\nListen on Apple Podcast: \nhttps://podcasts.apple.com/us/podcast/the-michael-sartain-podcast/id1579791157\n\nListen on Spotify: \nhttps://open.spotify.com/show/2faAYwvDD9Bvkpwv6umlPO?si=8Q3ak9HnSlKjuChsTXr6YQ&dl_branch=1\n\n#michael #michaelsartain #michael_sartain #michael_sartain_podcast", "published_at": "2024-01-14T01:45:02Z", "channel_id": "UC0T1bDzajVefRWx4uKdGyuw", "channel_title": "Michael Sartain", "tags": ["Michael", "Michael Sartain", "Michael Sartain Podcast", "Michael Podcast", "MOA", "Men Of Action", "Michael Sartain Course", "Michael Sartain With Hot Women", "Playboy", "Swimsuit", "Swimsuit Competition", "ichael sartain social circle", "social circle", "how to netowrk", "moa", "moa podcast", "gender wage gap", "gender wage gap myth", "wage gap", "social value", "michael sartain course", "looks money status", "social circle mentorship", "michael sartain social circle game", "men of action podcast", "men of action course"], "category_id": "24", "live_broadcast_content": "none", "duration": 352.0, "dimension": "2d", "definition": "hd", "caption": "false", "view_count": 3064, "like_count": 105, "comment_count": 44, "channel_info": {"title": "Michael Sartain", "description": "\ud83c\udf99Host of The\u00a0Michael Sartain Podcast \n\n\ud83d\udd25Teaching you how to build a network of desirable women and high-status men\n\n\ud83d\udc47 Click the \"Men of Action\" link below now to forge a high-status lifestyle and join the elites \n", "subscriber_count": "80500", "total_views": "29545897", "total_videos": "1481"}, "comments": [], "file_path": "/Users/aelaguiz/workspace/fc_book/audio/raws/ovDOj-X_zSk.mp3", "transcription": "{\"text\": \"I have no doubt whatsoever in a hundred years, you're going to see consistently people dating artificial intelligence. So Michael, I had a question. In the AI era, if you had a chance to live forever and never die, you could like upload your personality to a database or something, and then everybody that loved you never had to lose you, would you do it? So the thing from my perspective, or from the individual's perspective, it's kind of a meaningless question because you are still dead. This is like one of the issues that Ray Kurzweil talks about in The Singularity is Near. He was my first red pill. For sure. But one of the things he talks about in that book is, as I replace your amygdala, then I start replacing parts of your neocortex, then I replace your optical nerve with like artificial pieces. At what point did you die? Because at some point you died. You understand what I'm saying? Right. At some point, once I replace your heart and your lungs and your liver and your entire form is either uploaded to some kind of consciousness, or I start replacing body parts, at some point you technically died. When was that? And does that consciousness remain, or did you actually die? It's a really interesting fundamental question. The thing is, I don't know how healthy it would be to be able to just hold onto people forever. I don't know. It's hard for people to deal with this, but death is an evolutionary adaptation because there's 110 billion people that have ever lived on this planet, and if all 110 billion of them were alive right now, it'd be problematic. It'd be very problematic. Of course, and it's going to disproportionately only be, of course, the crazy rich people. I think it'll be that for a while, but we were saying the same thing about cell phones. I mean, we're talking about the R&D. These companies want to turn a profit, so once the R&D is up there to upload, also uploading someone's brain doesn't seem like, once you come up with the technology for it, that's going to be extensively expensive. Putting someone in cryogenics for 100 years, that seems expensive, but uploading someone's consciousness, I'm not saying it's not hard to do. What I'm saying is, once you do it once, what's to stop you from doing it again? I worry about cryogenics in the prison colony sense. What if they could make you just stay for 100 years for stealing bread? In cryo? Yeah. Well, that would be preferable. Honestly, if you could serve out 15 life sentences in cryo, wouldn't you do that? You'd just wake up one day and be- What if they could manipulate your experience of time and you get exaggerated sentences where they drag out the time you perceive time in a short amount of time? The issue is, now we're dealing with a lot of hypotheticals about changing their experience. We don't even have AI yet, so it's tough to say. There's also a theory, and Neil deGrasse Tyson was talking about this, we're going to get to a point where, what if we can never replicate the human brain? What if there's a component of randomness that can never truly be replicated because our brains are created through natural selection, and each one of them has different micro-changes to them? Some of them are features, most of them are bugs, actually, and then we just come to the realization that we can't quite replicate that, that artificial intelligence, positronic brains, and machine learning are too perfect in order to replicate the randomness of a human brain. Consciousness is such a unique anomaly and such a magical thing in this entire universe, and nothing is ever going to duplicate it. Well, consciousness I think you can replicate, but the randomness of the human brain, I'm not sure if you can. If you were in the dating market and somebody approached you and you fell in love with a girl and you found out she was AI, would you feel betrayed or would you keep dating her? It's really funny. AI really wouldn't be a problem. I have no doubt whatsoever in 100 years, you're going to see consistently people dating artificial intelligence. Because if AI validates you more, look at the transition. There are more men right now getting validation for pornography than their girlfriends. Oh yeah, digital girlfriends from like OF. That's unassailable. And when you come to the idea of would men prefer perfect AI girlfriends versus a girl who threw a drink on their face, and then also no necessity for self-improvement. I get any girl I want, and she changes what she looks like whenever I have sex with her. Of course, it's not even close. And she'll never steal half your stuff? It's not, there is no question. But here's the other question. What happens when women are able to create babies with 23 alleles from two women? Then they won't need men anymore. Right, well there's already artificial womb laboratories, I suppose. So how do you feel about the prospect of marriage? Are you bullish or are you bearish on marriage? Personally I don't know. For myself, personally. It's a decision I'd have to make at a later time, but overall the institution is going to suffer. But it'll reach a point of equilibrium where a certain group of people are just going to be perfectly in balance for equilibrium for one another. And those people are going to be, those people are going to get married. But you're going to see fewer, like the incentive for men to get married right now is just, it's dying off because of, because of family court. Because of, you know, what's happened where women are out there like openly boasting about juicing men. And because of things like open only bans. It's nobody's fault. It's not like it's just guys' fault or women's fault. But yeah, marriage is on the decline and the divorce rate is going up. And that's, I don't see anything to stop that. There's no like moral background that's going to happen where everyone's going to, you know what, it's going to happen tomorrow where I'm going to start reading the Bible and we'll all start getting married. If you guys think that's the case, you're just living in a delusion. Or Oklahoma. Yeah. The Overton window consistently shifts to the left. I mean, you say that, but gay people can get married in Oklahoma now and they couldn't 50 years ago. That's true. The reality is the Overton window will consistently shift to the left. And as that happens, you're going to see that marriage is not an institution that fits in that Overton window. \", \"segments\": [{\"id\": 0, \"seek\": 0, \"start\": 0.0, \"end\": 4.559999942779541, \"text\": \" I have no doubt whatsoever in a hundred years, you're going to see consistently people dating\", \"tokens\": [50364, 286, 362, 572, 6385, 17076, 294, 257, 3262, 924, 11, 291, 434, 516, 281, 536, 14961, 561, 10689, 50592], \"temperature\": 0.0, \"avg_logprob\": -0.28182533383369446, \"compression_ratio\": 1.6757678985595703, \"no_speech_prob\": 0.01825668103992939}, {\"id\": 1, \"seek\": 0, \"start\": 4.559999942779541, \"end\": 6.119999885559082, \"text\": \" artificial intelligence.\", \"tokens\": [50592, 11677, 7599, 13, 50670], \"temperature\": 0.0, \"avg_logprob\": -0.28182533383369446, \"compression_ratio\": 1.6757678985595703, \"no_speech_prob\": 0.01825668103992939}, {\"id\": 2, \"seek\": 0, \"start\": 6.119999885559082, \"end\": 8.119999885559082, \"text\": \" So Michael, I had a question.\", \"tokens\": [50670, 407, 5116, 11, 286, 632, 257, 1168, 13, 50770], \"temperature\": 0.0, \"avg_logprob\": -0.28182533383369446, \"compression_ratio\": 1.6757678985595703, \"no_speech_prob\": 0.01825668103992939}, {\"id\": 3, \"seek\": 0, \"start\": 8.119999885559082, \"end\": 14.319999694824219, \"text\": \" In the AI era, if you had a chance to live forever and never die, you could like upload\", \"tokens\": [50770, 682, 264, 7318, 4249, 11, 498, 291, 632, 257, 2931, 281, 1621, 5680, 293, 1128, 978, 11, 291, 727, 411, 6580, 51080], \"temperature\": 0.0, \"avg_logprob\": -0.28182533383369446, \"compression_ratio\": 1.6757678985595703, \"no_speech_prob\": 0.01825668103992939}, {\"id\": 4, \"seek\": 0, \"start\": 14.319999694824219, \"end\": 19.719999313354492, \"text\": \" your personality to a database or something, and then everybody that loved you never had\", \"tokens\": [51080, 428, 9033, 281, 257, 8149, 420, 746, 11, 293, 550, 2201, 300, 4333, 291, 1128, 632, 51350], \"temperature\": 0.0, \"avg_logprob\": -0.28182533383369446, \"compression_ratio\": 1.6757678985595703, \"no_speech_prob\": 0.01825668103992939}, {\"id\": 5, \"seek\": 0, \"start\": 19.719999313354492, \"end\": 22.0, \"text\": \" to lose you, would you do it?\", \"tokens\": [51350, 281, 3624, 291, 11, 576, 291, 360, 309, 30, 51464], \"temperature\": 0.0, \"avg_logprob\": -0.28182533383369446, \"compression_ratio\": 1.6757678985595703, \"no_speech_prob\": 0.01825668103992939}, {\"id\": 6, \"seek\": 0, \"start\": 22.0, \"end\": 27.0, \"text\": \" So the thing from my perspective, or from the individual's perspective, it's kind of\", \"tokens\": [51464, 407, 264, 551, 490, 452, 4585, 11, 420, 490, 264, 2609, 311, 4585, 11, 309, 311, 733, 295, 51714], \"temperature\": 0.0, \"avg_logprob\": -0.28182533383369446, \"compression_ratio\": 1.6757678985595703, \"no_speech_prob\": 0.01825668103992939}, {\"id\": 7, \"seek\": 0, \"start\": 27.0, \"end\": 29.68000030517578, \"text\": \" a meaningless question because you are still dead.\", \"tokens\": [51714, 257, 33232, 1168, 570, 291, 366, 920, 3116, 13, 51848], \"temperature\": 0.0, \"avg_logprob\": -0.28182533383369446, \"compression_ratio\": 1.6757678985595703, \"no_speech_prob\": 0.01825668103992939}, {\"id\": 8, \"seek\": 2968, \"start\": 30.31999969482422, \"end\": 34.31999969482422, \"text\": \" This is like one of the issues that Ray Kurzweil talks about in The Singularity is Near.\", \"tokens\": [50396, 639, 307, 411, 472, 295, 264, 2663, 300, 10883, 45307, 826, 388, 6686, 466, 294, 440, 7474, 1040, 507, 307, 22200, 13, 50596], \"temperature\": 0.0, \"avg_logprob\": -0.31672564148902893, \"compression_ratio\": 1.7491289377212524, \"no_speech_prob\": 0.0420830175280571}, {\"id\": 9, \"seek\": 2968, \"start\": 34.31999969482422, \"end\": 36.400001525878906, \"text\": \" He was my first red pill.\", \"tokens\": [50596, 634, 390, 452, 700, 2182, 8100, 13, 50700], \"temperature\": 0.0, \"avg_logprob\": -0.31672564148902893, \"compression_ratio\": 1.7491289377212524, \"no_speech_prob\": 0.0420830175280571}, {\"id\": 10, \"seek\": 2968, \"start\": 36.400001525878906, \"end\": 37.400001525878906, \"text\": \" For sure.\", \"tokens\": [50700, 1171, 988, 13, 50750], \"temperature\": 0.0, \"avg_logprob\": -0.31672564148902893, \"compression_ratio\": 1.7491289377212524, \"no_speech_prob\": 0.0420830175280571}, {\"id\": 11, \"seek\": 2968, \"start\": 37.400001525878906, \"end\": 41.400001525878906, \"text\": \" But one of the things he talks about in that book is, as I replace your amygdala, then\", \"tokens\": [50750, 583, 472, 295, 264, 721, 415, 6686, 466, 294, 300, 1446, 307, 11, 382, 286, 7406, 428, 669, 18103, 67, 5159, 11, 550, 50950], \"temperature\": 0.0, \"avg_logprob\": -0.31672564148902893, \"compression_ratio\": 1.7491289377212524, \"no_speech_prob\": 0.0420830175280571}, {\"id\": 12, \"seek\": 2968, \"start\": 41.400001525878906, \"end\": 45.959999084472656, \"text\": \" I start replacing parts of your neocortex, then I replace your optical nerve with like\", \"tokens\": [50950, 286, 722, 19139, 3166, 295, 428, 408, 905, 36143, 11, 550, 286, 7406, 428, 20674, 16355, 365, 411, 51178], \"temperature\": 0.0, \"avg_logprob\": -0.31672564148902893, \"compression_ratio\": 1.7491289377212524, \"no_speech_prob\": 0.0420830175280571}, {\"id\": 13, \"seek\": 2968, \"start\": 45.959999084472656, \"end\": 48.08000183105469, \"text\": \" artificial pieces.\", \"tokens\": [51178, 11677, 3755, 13, 51284], \"temperature\": 0.0, \"avg_logprob\": -0.31672564148902893, \"compression_ratio\": 1.7491289377212524, \"no_speech_prob\": 0.0420830175280571}, {\"id\": 14, \"seek\": 2968, \"start\": 48.08000183105469, \"end\": 49.84000015258789, \"text\": \" At what point did you die?\", \"tokens\": [51284, 1711, 437, 935, 630, 291, 978, 30, 51372], \"temperature\": 0.0, \"avg_logprob\": -0.31672564148902893, \"compression_ratio\": 1.7491289377212524, \"no_speech_prob\": 0.0420830175280571}, {\"id\": 15, \"seek\": 2968, \"start\": 49.84000015258789, \"end\": 50.84000015258789, \"text\": \" Because at some point you died.\", \"tokens\": [51372, 1436, 412, 512, 935, 291, 4539, 13, 51422], \"temperature\": 0.0, \"avg_logprob\": -0.31672564148902893, \"compression_ratio\": 1.7491289377212524, \"no_speech_prob\": 0.0420830175280571}, {\"id\": 16, \"seek\": 2968, \"start\": 50.84000015258789, \"end\": 51.84000015258789, \"text\": \" You understand what I'm saying?\", \"tokens\": [51422, 509, 1223, 437, 286, 478, 1566, 30, 51472], \"temperature\": 0.0, \"avg_logprob\": -0.31672564148902893, \"compression_ratio\": 1.7491289377212524, \"no_speech_prob\": 0.0420830175280571}, {\"id\": 17, \"seek\": 2968, \"start\": 51.84000015258789, \"end\": 52.84000015258789, \"text\": \" Right.\", \"tokens\": [51472, 1779, 13, 51522], \"temperature\": 0.0, \"avg_logprob\": -0.31672564148902893, \"compression_ratio\": 1.7491289377212524, \"no_speech_prob\": 0.0420830175280571}, {\"id\": 18, \"seek\": 2968, \"start\": 52.84000015258789, \"end\": 55.52000045776367, \"text\": \" At some point, once I replace your heart and your lungs and your liver and your entire\", \"tokens\": [51522, 1711, 512, 935, 11, 1564, 286, 7406, 428, 1917, 293, 428, 19467, 293, 428, 15019, 293, 428, 2302, 51656], \"temperature\": 0.0, \"avg_logprob\": -0.31672564148902893, \"compression_ratio\": 1.7491289377212524, \"no_speech_prob\": 0.0420830175280571}, {\"id\": 19, \"seek\": 5552, \"start\": 55.52000045776367, \"end\": 60.31999969482422, \"text\": \" form is either uploaded to some kind of consciousness, or I start replacing body parts, at some point\", \"tokens\": [50364, 1254, 307, 2139, 17135, 281, 512, 733, 295, 10081, 11, 420, 286, 722, 19139, 1772, 3166, 11, 412, 512, 935, 50604], \"temperature\": 0.0, \"avg_logprob\": -0.2580806314945221, \"compression_ratio\": 1.7248520851135254, \"no_speech_prob\": 0.49579957127571106}, {\"id\": 20, \"seek\": 5552, \"start\": 60.31999969482422, \"end\": 61.400001525878906, \"text\": \" you technically died.\", \"tokens\": [50604, 291, 12120, 4539, 13, 50658], \"temperature\": 0.0, \"avg_logprob\": -0.2580806314945221, \"compression_ratio\": 1.7248520851135254, \"no_speech_prob\": 0.49579957127571106}, {\"id\": 21, \"seek\": 5552, \"start\": 61.400001525878906, \"end\": 62.400001525878906, \"text\": \" When was that?\", \"tokens\": [50658, 1133, 390, 300, 30, 50708], \"temperature\": 0.0, \"avg_logprob\": -0.2580806314945221, \"compression_ratio\": 1.7248520851135254, \"no_speech_prob\": 0.49579957127571106}, {\"id\": 22, \"seek\": 5552, \"start\": 62.400001525878906, \"end\": 65.5199966430664, \"text\": \" And does that consciousness remain, or did you actually die?\", \"tokens\": [50708, 400, 775, 300, 10081, 6222, 11, 420, 630, 291, 767, 978, 30, 50864], \"temperature\": 0.0, \"avg_logprob\": -0.2580806314945221, \"compression_ratio\": 1.7248520851135254, \"no_speech_prob\": 0.49579957127571106}, {\"id\": 23, \"seek\": 5552, \"start\": 65.5199966430664, \"end\": 68.16000366210938, \"text\": \" It's a really interesting fundamental question.\", \"tokens\": [50864, 467, 311, 257, 534, 1880, 8088, 1168, 13, 50996], \"temperature\": 0.0, \"avg_logprob\": -0.2580806314945221, \"compression_ratio\": 1.7248520851135254, \"no_speech_prob\": 0.49579957127571106}, {\"id\": 24, \"seek\": 5552, \"start\": 68.16000366210938, \"end\": 71.55999755859375, \"text\": \" The thing is, I don't know how healthy it would be to be able to just hold onto people\", \"tokens\": [50996, 440, 551, 307, 11, 286, 500, 380, 458, 577, 4627, 309, 576, 312, 281, 312, 1075, 281, 445, 1797, 3911, 561, 51166], \"temperature\": 0.0, \"avg_logprob\": -0.2580806314945221, \"compression_ratio\": 1.7248520851135254, \"no_speech_prob\": 0.49579957127571106}, {\"id\": 25, \"seek\": 5552, \"start\": 71.55999755859375, \"end\": 72.55999755859375, \"text\": \" forever.\", \"tokens\": [51166, 5680, 13, 51216], \"temperature\": 0.0, \"avg_logprob\": -0.2580806314945221, \"compression_ratio\": 1.7248520851135254, \"no_speech_prob\": 0.49579957127571106}, {\"id\": 26, \"seek\": 5552, \"start\": 72.55999755859375, \"end\": 73.55999755859375, \"text\": \" I don't know.\", \"tokens\": [51216, 286, 500, 380, 458, 13, 51266], \"temperature\": 0.0, \"avg_logprob\": -0.2580806314945221, \"compression_ratio\": 1.7248520851135254, \"no_speech_prob\": 0.49579957127571106}, {\"id\": 27, \"seek\": 5552, \"start\": 73.55999755859375, \"end\": 77.5999984741211, \"text\": \" It's hard for people to deal with this, but death is an evolutionary adaptation because\", \"tokens\": [51266, 467, 311, 1152, 337, 561, 281, 2028, 365, 341, 11, 457, 2966, 307, 364, 27567, 21549, 570, 51468], \"temperature\": 0.0, \"avg_logprob\": -0.2580806314945221, \"compression_ratio\": 1.7248520851135254, \"no_speech_prob\": 0.49579957127571106}, {\"id\": 28, \"seek\": 5552, \"start\": 77.5999984741211, \"end\": 82.16000366210938, \"text\": \" there's 110 billion people that have ever lived on this planet, and if all 110 billion\", \"tokens\": [51468, 456, 311, 20154, 5218, 561, 300, 362, 1562, 5152, 322, 341, 5054, 11, 293, 498, 439, 20154, 5218, 51696], \"temperature\": 0.0, \"avg_logprob\": -0.2580806314945221, \"compression_ratio\": 1.7248520851135254, \"no_speech_prob\": 0.49579957127571106}, {\"id\": 29, \"seek\": 5552, \"start\": 82.16000366210938, \"end\": 84.16000366210938, \"text\": \" of them were alive right now, it'd be problematic.\", \"tokens\": [51696, 295, 552, 645, 5465, 558, 586, 11, 309, 1116, 312, 19011, 13, 51796], \"temperature\": 0.0, \"avg_logprob\": -0.2580806314945221, \"compression_ratio\": 1.7248520851135254, \"no_speech_prob\": 0.49579957127571106}, {\"id\": 30, \"seek\": 8416, \"start\": 84.5999984741211, \"end\": 85.80000305175781, \"text\": \" It'd be very problematic.\", \"tokens\": [50386, 467, 1116, 312, 588, 19011, 13, 50446], \"temperature\": 0.0, \"avg_logprob\": -0.2659882605075836, \"compression_ratio\": 1.7532051801681519, \"no_speech_prob\": 0.019418993964791298}, {\"id\": 31, \"seek\": 8416, \"start\": 85.80000305175781, \"end\": 90.36000061035156, \"text\": \" Of course, and it's going to disproportionately only be, of course, the crazy rich people.\", \"tokens\": [50446, 2720, 1164, 11, 293, 309, 311, 516, 281, 43397, 787, 312, 11, 295, 1164, 11, 264, 3219, 4593, 561, 13, 50674], \"temperature\": 0.0, \"avg_logprob\": -0.2659882605075836, \"compression_ratio\": 1.7532051801681519, \"no_speech_prob\": 0.019418993964791298}, {\"id\": 32, \"seek\": 8416, \"start\": 90.36000061035156, \"end\": 93.36000061035156, \"text\": \" I think it'll be that for a while, but we were saying the same thing about cell phones.\", \"tokens\": [50674, 286, 519, 309, 603, 312, 300, 337, 257, 1339, 11, 457, 321, 645, 1566, 264, 912, 551, 466, 2815, 10216, 13, 50824], \"temperature\": 0.0, \"avg_logprob\": -0.2659882605075836, \"compression_ratio\": 1.7532051801681519, \"no_speech_prob\": 0.019418993964791298}, {\"id\": 33, \"seek\": 8416, \"start\": 93.36000061035156, \"end\": 96.87999725341797, \"text\": \" I mean, we're talking about the R&D.\", \"tokens\": [50824, 286, 914, 11, 321, 434, 1417, 466, 264, 497, 5, 35, 13, 51000], \"temperature\": 0.0, \"avg_logprob\": -0.2659882605075836, \"compression_ratio\": 1.7532051801681519, \"no_speech_prob\": 0.019418993964791298}, {\"id\": 34, \"seek\": 8416, \"start\": 96.87999725341797, \"end\": 101.08000183105469, \"text\": \" These companies want to turn a profit, so once the R&D is up there to upload, also uploading\", \"tokens\": [51000, 1981, 3431, 528, 281, 1261, 257, 7475, 11, 370, 1564, 264, 497, 5, 35, 307, 493, 456, 281, 6580, 11, 611, 27301, 51210], \"temperature\": 0.0, \"avg_logprob\": -0.2659882605075836, \"compression_ratio\": 1.7532051801681519, \"no_speech_prob\": 0.019418993964791298}, {\"id\": 35, \"seek\": 8416, \"start\": 101.08000183105469, \"end\": 105.0, \"text\": \" someone's brain doesn't seem like, once you come up with the technology for it, that's\", \"tokens\": [51210, 1580, 311, 3567, 1177, 380, 1643, 411, 11, 1564, 291, 808, 493, 365, 264, 2899, 337, 309, 11, 300, 311, 51406], \"temperature\": 0.0, \"avg_logprob\": -0.2659882605075836, \"compression_ratio\": 1.7532051801681519, \"no_speech_prob\": 0.019418993964791298}, {\"id\": 36, \"seek\": 8416, \"start\": 105.0, \"end\": 108.0, \"text\": \" going to be extensively expensive.\", \"tokens\": [51406, 516, 281, 312, 32636, 5124, 13, 51556], \"temperature\": 0.0, \"avg_logprob\": -0.2659882605075836, \"compression_ratio\": 1.7532051801681519, \"no_speech_prob\": 0.019418993964791298}, {\"id\": 37, \"seek\": 8416, \"start\": 108.0, \"end\": 113.08000183105469, \"text\": \" Putting someone in cryogenics for 100 years, that seems expensive, but uploading someone's\", \"tokens\": [51556, 31367, 1580, 294, 3305, 8799, 1167, 337, 2319, 924, 11, 300, 2544, 5124, 11, 457, 27301, 1580, 311, 51810], \"temperature\": 0.0, \"avg_logprob\": -0.2659882605075836, \"compression_ratio\": 1.7532051801681519, \"no_speech_prob\": 0.019418993964791298}, {\"id\": 38, \"seek\": 11308, \"start\": 113.08000183105469, \"end\": 115.23999786376953, \"text\": \" consciousness, I'm not saying it's not hard to do.\", \"tokens\": [50364, 10081, 11, 286, 478, 406, 1566, 309, 311, 406, 1152, 281, 360, 13, 50472], \"temperature\": 0.0, \"avg_logprob\": -0.30590924620628357, \"compression_ratio\": 1.6279069185256958, \"no_speech_prob\": 0.359325110912323}, {\"id\": 39, \"seek\": 11308, \"start\": 115.23999786376953, \"end\": 119.04000091552734, \"text\": \" What I'm saying is, once you do it once, what's to stop you from doing it again?\", \"tokens\": [50472, 708, 286, 478, 1566, 307, 11, 1564, 291, 360, 309, 1564, 11, 437, 311, 281, 1590, 291, 490, 884, 309, 797, 30, 50662], \"temperature\": 0.0, \"avg_logprob\": -0.30590924620628357, \"compression_ratio\": 1.6279069185256958, \"no_speech_prob\": 0.359325110912323}, {\"id\": 40, \"seek\": 11308, \"start\": 119.04000091552734, \"end\": 123.27999877929688, \"text\": \" I worry about cryogenics in the prison colony sense.\", \"tokens\": [50662, 286, 3292, 466, 3305, 8799, 1167, 294, 264, 6168, 23028, 2020, 13, 50874], \"temperature\": 0.0, \"avg_logprob\": -0.30590924620628357, \"compression_ratio\": 1.6279069185256958, \"no_speech_prob\": 0.359325110912323}, {\"id\": 41, \"seek\": 11308, \"start\": 123.27999877929688, \"end\": 128.8800048828125, \"text\": \" What if they could make you just stay for 100 years for stealing bread?\", \"tokens\": [50874, 708, 498, 436, 727, 652, 291, 445, 1754, 337, 2319, 924, 337, 19757, 5961, 30, 51154], \"temperature\": 0.0, \"avg_logprob\": -0.30590924620628357, \"compression_ratio\": 1.6279069185256958, \"no_speech_prob\": 0.359325110912323}, {\"id\": 42, \"seek\": 11308, \"start\": 128.8800048828125, \"end\": 129.8800048828125, \"text\": \" In cryo?\", \"tokens\": [51154, 682, 3305, 78, 30, 51204], \"temperature\": 0.0, \"avg_logprob\": -0.30590924620628357, \"compression_ratio\": 1.6279069185256958, \"no_speech_prob\": 0.359325110912323}, {\"id\": 43, \"seek\": 11308, \"start\": 129.8800048828125, \"end\": 130.8800048828125, \"text\": \" Yeah.\", \"tokens\": [51204, 865, 13, 51254], \"temperature\": 0.0, \"avg_logprob\": -0.30590924620628357, \"compression_ratio\": 1.6279069185256958, \"no_speech_prob\": 0.359325110912323}, {\"id\": 44, \"seek\": 11308, \"start\": 130.8800048828125, \"end\": 131.8800048828125, \"text\": \" Well, that would be preferable.\", \"tokens\": [51254, 1042, 11, 300, 576, 312, 4382, 712, 13, 51304], \"temperature\": 0.0, \"avg_logprob\": -0.30590924620628357, \"compression_ratio\": 1.6279069185256958, \"no_speech_prob\": 0.359325110912323}, {\"id\": 45, \"seek\": 11308, \"start\": 131.8800048828125, \"end\": 135.8800048828125, \"text\": \" Honestly, if you could serve out 15 life sentences in cryo, wouldn't you do that?\", \"tokens\": [51304, 12348, 11, 498, 291, 727, 4596, 484, 2119, 993, 16579, 294, 3305, 78, 11, 2759, 380, 291, 360, 300, 30, 51504], \"temperature\": 0.0, \"avg_logprob\": -0.30590924620628357, \"compression_ratio\": 1.6279069185256958, \"no_speech_prob\": 0.359325110912323}, {\"id\": 46, \"seek\": 11308, \"start\": 135.8800048828125, \"end\": 137.8800048828125, \"text\": \" You'd just wake up one day and be-\", \"tokens\": [51504, 509, 1116, 445, 6634, 493, 472, 786, 293, 312, 12, 51604], \"temperature\": 0.0, \"avg_logprob\": -0.30590924620628357, \"compression_ratio\": 1.6279069185256958, \"no_speech_prob\": 0.359325110912323}, {\"id\": 47, \"seek\": 13788, \"start\": 137.8800048828125, \"end\": 144.39999389648438, \"text\": \" What if they could manipulate your experience of time and you get exaggerated sentences\", \"tokens\": [50364, 708, 498, 436, 727, 20459, 428, 1752, 295, 565, 293, 291, 483, 36196, 16579, 50690], \"temperature\": 0.0, \"avg_logprob\": -0.28116747736930847, \"compression_ratio\": 1.6451612710952759, \"no_speech_prob\": 0.3811717629432678}, {\"id\": 48, \"seek\": 13788, \"start\": 144.39999389648438, \"end\": 148.47999572753906, \"text\": \" where they drag out the time you perceive time in a short amount of time?\", \"tokens\": [50690, 689, 436, 5286, 484, 264, 565, 291, 20281, 565, 294, 257, 2099, 2372, 295, 565, 30, 50894], \"temperature\": 0.0, \"avg_logprob\": -0.28116747736930847, \"compression_ratio\": 1.6451612710952759, \"no_speech_prob\": 0.3811717629432678}, {\"id\": 49, \"seek\": 13788, \"start\": 148.47999572753906, \"end\": 154.44000244140625, \"text\": \" The issue is, now we're dealing with a lot of hypotheticals about changing their experience.\", \"tokens\": [50894, 440, 2734, 307, 11, 586, 321, 434, 6260, 365, 257, 688, 295, 33053, 82, 466, 4473, 641, 1752, 13, 51192], \"temperature\": 0.0, \"avg_logprob\": -0.28116747736930847, \"compression_ratio\": 1.6451612710952759, \"no_speech_prob\": 0.3811717629432678}, {\"id\": 50, \"seek\": 13788, \"start\": 154.44000244140625, \"end\": 157.63999938964844, \"text\": \" We don't even have AI yet, so it's tough to say.\", \"tokens\": [51192, 492, 500, 380, 754, 362, 7318, 1939, 11, 370, 309, 311, 4930, 281, 584, 13, 51352], \"temperature\": 0.0, \"avg_logprob\": -0.28116747736930847, \"compression_ratio\": 1.6451612710952759, \"no_speech_prob\": 0.3811717629432678}, {\"id\": 51, \"seek\": 13788, \"start\": 157.63999938964844, \"end\": 160.9600067138672, \"text\": \" There's also a theory, and Neil deGrasse Tyson was talking about this, we're going to get\", \"tokens\": [51352, 821, 311, 611, 257, 5261, 11, 293, 18615, 368, 38, 3906, 405, 43382, 390, 1417, 466, 341, 11, 321, 434, 516, 281, 483, 51518], \"temperature\": 0.0, \"avg_logprob\": -0.28116747736930847, \"compression_ratio\": 1.6451612710952759, \"no_speech_prob\": 0.3811717629432678}, {\"id\": 52, \"seek\": 13788, \"start\": 160.9600067138672, \"end\": 164.44000244140625, \"text\": \" to a point where, what if we can never replicate the human brain?\", \"tokens\": [51518, 281, 257, 935, 689, 11, 437, 498, 321, 393, 1128, 25356, 264, 1952, 3567, 30, 51692], \"temperature\": 0.0, \"avg_logprob\": -0.28116747736930847, \"compression_ratio\": 1.6451612710952759, \"no_speech_prob\": 0.3811717629432678}, {\"id\": 53, \"seek\": 16444, \"start\": 164.44000244140625, \"end\": 174.75999450683594, \"text\": \" What if there's a component of randomness that can never truly be replicated because\", \"tokens\": [50364, 708, 498, 456, 311, 257, 6542, 295, 4974, 1287, 300, 393, 1128, 4908, 312, 46365, 570, 50880], \"temperature\": 0.0, \"avg_logprob\": -0.30291253328323364, \"compression_ratio\": 1.644444465637207, \"no_speech_prob\": 0.04812690243124962}, {\"id\": 54, \"seek\": 16444, \"start\": 174.75999450683594, \"end\": 181.39999389648438, \"text\": \" our brains are created through natural selection, and each one of them has different micro-changes\", \"tokens\": [50880, 527, 15442, 366, 2942, 807, 3303, 9450, 11, 293, 1184, 472, 295, 552, 575, 819, 4532, 12, 339, 10350, 51212], \"temperature\": 0.0, \"avg_logprob\": -0.30291253328323364, \"compression_ratio\": 1.644444465637207, \"no_speech_prob\": 0.04812690243124962}, {\"id\": 55, \"seek\": 16444, \"start\": 181.39999389648438, \"end\": 182.39999389648438, \"text\": \" to them?\", \"tokens\": [51212, 281, 552, 30, 51262], \"temperature\": 0.0, \"avg_logprob\": -0.30291253328323364, \"compression_ratio\": 1.644444465637207, \"no_speech_prob\": 0.04812690243124962}, {\"id\": 56, \"seek\": 16444, \"start\": 182.39999389648438, \"end\": 186.1999969482422, \"text\": \" Some of them are features, most of them are bugs, actually, and then we just come to the\", \"tokens\": [51262, 2188, 295, 552, 366, 4122, 11, 881, 295, 552, 366, 15120, 11, 767, 11, 293, 550, 321, 445, 808, 281, 264, 51452], \"temperature\": 0.0, \"avg_logprob\": -0.30291253328323364, \"compression_ratio\": 1.644444465637207, \"no_speech_prob\": 0.04812690243124962}, {\"id\": 57, \"seek\": 16444, \"start\": 186.1999969482422, \"end\": 191.0399932861328, \"text\": \" realization that we can't quite replicate that, that artificial intelligence, positronic\", \"tokens\": [51452, 25138, 300, 321, 393, 380, 1596, 25356, 300, 11, 300, 11677, 7599, 11, 11218, 10011, 51694], \"temperature\": 0.0, \"avg_logprob\": -0.30291253328323364, \"compression_ratio\": 1.644444465637207, \"no_speech_prob\": 0.04812690243124962}, {\"id\": 58, \"seek\": 19104, \"start\": 191.0399932861328, \"end\": 196.63999938964844, \"text\": \" brains, and machine learning are too perfect in order to replicate the randomness of a\", \"tokens\": [50364, 15442, 11, 293, 3479, 2539, 366, 886, 2176, 294, 1668, 281, 25356, 264, 4974, 1287, 295, 257, 50644], \"temperature\": 0.0, \"avg_logprob\": -0.3026479482650757, \"compression_ratio\": 1.759183645248413, \"no_speech_prob\": 0.6756728291511536}, {\"id\": 59, \"seek\": 19104, \"start\": 196.63999938964844, \"end\": 197.63999938964844, \"text\": \" human brain.\", \"tokens\": [50644, 1952, 3567, 13, 50694], \"temperature\": 0.0, \"avg_logprob\": -0.3026479482650757, \"compression_ratio\": 1.759183645248413, \"no_speech_prob\": 0.6756728291511536}, {\"id\": 60, \"seek\": 19104, \"start\": 197.63999938964844, \"end\": 205.83999633789062, \"text\": \" Consciousness is such a unique anomaly and such a magical thing in this entire universe,\", \"tokens\": [50694, 6923, 4139, 1287, 307, 1270, 257, 3845, 42737, 293, 1270, 257, 12066, 551, 294, 341, 2302, 6445, 11, 51104], \"temperature\": 0.0, \"avg_logprob\": -0.3026479482650757, \"compression_ratio\": 1.759183645248413, \"no_speech_prob\": 0.6756728291511536}, {\"id\": 61, \"seek\": 19104, \"start\": 205.83999633789062, \"end\": 207.24000549316406, \"text\": \" and nothing is ever going to duplicate it.\", \"tokens\": [51104, 293, 1825, 307, 1562, 516, 281, 23976, 309, 13, 51174], \"temperature\": 0.0, \"avg_logprob\": -0.3026479482650757, \"compression_ratio\": 1.759183645248413, \"no_speech_prob\": 0.6756728291511536}, {\"id\": 62, \"seek\": 19104, \"start\": 207.24000549316406, \"end\": 210.83999633789062, \"text\": \" Well, consciousness I think you can replicate, but the randomness of the human brain, I'm\", \"tokens\": [51174, 1042, 11, 10081, 286, 519, 291, 393, 25356, 11, 457, 264, 4974, 1287, 295, 264, 1952, 3567, 11, 286, 478, 51354], \"temperature\": 0.0, \"avg_logprob\": -0.3026479482650757, \"compression_ratio\": 1.759183645248413, \"no_speech_prob\": 0.6756728291511536}, {\"id\": 63, \"seek\": 19104, \"start\": 210.83999633789062, \"end\": 213.0, \"text\": \" not sure if you can.\", \"tokens\": [51354, 406, 988, 498, 291, 393, 13, 51462], \"temperature\": 0.0, \"avg_logprob\": -0.3026479482650757, \"compression_ratio\": 1.759183645248413, \"no_speech_prob\": 0.6756728291511536}, {\"id\": 64, \"seek\": 19104, \"start\": 213.0, \"end\": 216.55999755859375, \"text\": \" If you were in the dating market and somebody approached you and you fell in love with a\", \"tokens\": [51462, 759, 291, 645, 294, 264, 10689, 2142, 293, 2618, 17247, 291, 293, 291, 5696, 294, 959, 365, 257, 51640], \"temperature\": 0.0, \"avg_logprob\": -0.3026479482650757, \"compression_ratio\": 1.759183645248413, \"no_speech_prob\": 0.6756728291511536}, {\"id\": 65, \"seek\": 21656, \"start\": 216.55999755859375, \"end\": 221.52000427246094, \"text\": \" girl and you found out she was AI, would you feel betrayed or would you keep dating\", \"tokens\": [50364, 2013, 293, 291, 1352, 484, 750, 390, 7318, 11, 576, 291, 841, 29515, 420, 576, 291, 1066, 10689, 50612], \"temperature\": 0.0, \"avg_logprob\": -0.27978014945983887, \"compression_ratio\": 1.5910652875900269, \"no_speech_prob\": 0.8739124536514282}, {\"id\": 66, \"seek\": 21656, \"start\": 221.52000427246094, \"end\": 222.52000427246094, \"text\": \" her?\", \"tokens\": [50612, 720, 30, 50662], \"temperature\": 0.0, \"avg_logprob\": -0.27978014945983887, \"compression_ratio\": 1.5910652875900269, \"no_speech_prob\": 0.8739124536514282}, {\"id\": 67, \"seek\": 21656, \"start\": 222.52000427246094, \"end\": 223.52000427246094, \"text\": \" It's really funny.\", \"tokens\": [50662, 467, 311, 534, 4074, 13, 50712], \"temperature\": 0.0, \"avg_logprob\": -0.27978014945983887, \"compression_ratio\": 1.5910652875900269, \"no_speech_prob\": 0.8739124536514282}, {\"id\": 68, \"seek\": 21656, \"start\": 223.52000427246094, \"end\": 224.52000427246094, \"text\": \" AI really wouldn't be a problem.\", \"tokens\": [50712, 7318, 534, 2759, 380, 312, 257, 1154, 13, 50762], \"temperature\": 0.0, \"avg_logprob\": -0.27978014945983887, \"compression_ratio\": 1.5910652875900269, \"no_speech_prob\": 0.8739124536514282}, {\"id\": 69, \"seek\": 21656, \"start\": 224.52000427246094, \"end\": 228.67999267578125, \"text\": \" I have no doubt whatsoever in 100 years, you're going to see consistently people dating artificial\", \"tokens\": [50762, 286, 362, 572, 6385, 17076, 294, 2319, 924, 11, 291, 434, 516, 281, 536, 14961, 561, 10689, 11677, 50970], \"temperature\": 0.0, \"avg_logprob\": -0.27978014945983887, \"compression_ratio\": 1.5910652875900269, \"no_speech_prob\": 0.8739124536514282}, {\"id\": 70, \"seek\": 21656, \"start\": 228.67999267578125, \"end\": 230.8000030517578, \"text\": \" intelligence.\", \"tokens\": [50970, 7599, 13, 51076], \"temperature\": 0.0, \"avg_logprob\": -0.27978014945983887, \"compression_ratio\": 1.5910652875900269, \"no_speech_prob\": 0.8739124536514282}, {\"id\": 71, \"seek\": 21656, \"start\": 230.8000030517578, \"end\": 234.52000427246094, \"text\": \" Because if AI validates you more, look at the transition.\", \"tokens\": [51076, 1436, 498, 7318, 7363, 1024, 291, 544, 11, 574, 412, 264, 6034, 13, 51262], \"temperature\": 0.0, \"avg_logprob\": -0.27978014945983887, \"compression_ratio\": 1.5910652875900269, \"no_speech_prob\": 0.8739124536514282}, {\"id\": 72, \"seek\": 21656, \"start\": 234.52000427246094, \"end\": 238.32000732421875, \"text\": \" There are more men right now getting validation for pornography than their girlfriends.\", \"tokens\": [51262, 821, 366, 544, 1706, 558, 586, 1242, 24071, 337, 49936, 813, 641, 46558, 13, 51452], \"temperature\": 0.0, \"avg_logprob\": -0.27978014945983887, \"compression_ratio\": 1.5910652875900269, \"no_speech_prob\": 0.8739124536514282}, {\"id\": 73, \"seek\": 21656, \"start\": 238.32000732421875, \"end\": 241.0, \"text\": \" Oh yeah, digital girlfriends from like OF.\", \"tokens\": [51452, 876, 1338, 11, 4562, 46558, 490, 411, 11944, 13, 51586], \"temperature\": 0.0, \"avg_logprob\": -0.27978014945983887, \"compression_ratio\": 1.5910652875900269, \"no_speech_prob\": 0.8739124536514282}, {\"id\": 74, \"seek\": 21656, \"start\": 241.0, \"end\": 242.0, \"text\": \" That's unassailable.\", \"tokens\": [51586, 663, 311, 517, 640, 32699, 13, 51636], \"temperature\": 0.0, \"avg_logprob\": -0.27978014945983887, \"compression_ratio\": 1.5910652875900269, \"no_speech_prob\": 0.8739124536514282}, {\"id\": 75, \"seek\": 24200, \"start\": 242.0, \"end\": 247.83999633789062, \"text\": \" And when you come to the idea of would men prefer perfect AI girlfriends versus a girl\", \"tokens\": [50364, 400, 562, 291, 808, 281, 264, 1558, 295, 576, 1706, 4382, 2176, 7318, 46558, 5717, 257, 2013, 50656], \"temperature\": 0.0, \"avg_logprob\": -0.33570608496665955, \"compression_ratio\": 1.6282051801681519, \"no_speech_prob\": 0.685803234577179}, {\"id\": 76, \"seek\": 24200, \"start\": 247.83999633789062, \"end\": 254.27999877929688, \"text\": \" who threw a drink on their face, and then also no necessity for self-improvement.\", \"tokens\": [50656, 567, 11918, 257, 2822, 322, 641, 1851, 11, 293, 550, 611, 572, 24217, 337, 2698, 12, 332, 46955, 518, 13, 50978], \"temperature\": 0.0, \"avg_logprob\": -0.33570608496665955, \"compression_ratio\": 1.6282051801681519, \"no_speech_prob\": 0.685803234577179}, {\"id\": 77, \"seek\": 24200, \"start\": 254.27999877929688, \"end\": 259.32000732421875, \"text\": \" I get any girl I want, and she changes what she looks like whenever I have sex with her.\", \"tokens\": [50978, 286, 483, 604, 2013, 286, 528, 11, 293, 750, 2962, 437, 750, 1542, 411, 5699, 286, 362, 3260, 365, 720, 13, 51230], \"temperature\": 0.0, \"avg_logprob\": -0.33570608496665955, \"compression_ratio\": 1.6282051801681519, \"no_speech_prob\": 0.685803234577179}, {\"id\": 78, \"seek\": 24200, \"start\": 259.32000732421875, \"end\": 260.55999755859375, \"text\": \" Of course, it's not even close.\", \"tokens\": [51230, 2720, 1164, 11, 309, 311, 406, 754, 1998, 13, 51292], \"temperature\": 0.0, \"avg_logprob\": -0.33570608496665955, \"compression_ratio\": 1.6282051801681519, \"no_speech_prob\": 0.685803234577179}, {\"id\": 79, \"seek\": 24200, \"start\": 260.55999755859375, \"end\": 262.760009765625, \"text\": \" And she'll never steal half your stuff?\", \"tokens\": [51292, 400, 750, 603, 1128, 11009, 1922, 428, 1507, 30, 51402], \"temperature\": 0.0, \"avg_logprob\": -0.33570608496665955, \"compression_ratio\": 1.6282051801681519, \"no_speech_prob\": 0.685803234577179}, {\"id\": 80, \"seek\": 24200, \"start\": 262.760009765625, \"end\": 264.1600036621094, \"text\": \" It's not, there is no question.\", \"tokens\": [51402, 467, 311, 406, 11, 456, 307, 572, 1168, 13, 51472], \"temperature\": 0.0, \"avg_logprob\": -0.33570608496665955, \"compression_ratio\": 1.6282051801681519, \"no_speech_prob\": 0.685803234577179}, {\"id\": 81, \"seek\": 24200, \"start\": 264.1600036621094, \"end\": 265.55999755859375, \"text\": \" But here's the other question.\", \"tokens\": [51472, 583, 510, 311, 264, 661, 1168, 13, 51542], \"temperature\": 0.0, \"avg_logprob\": -0.33570608496665955, \"compression_ratio\": 1.6282051801681519, \"no_speech_prob\": 0.685803234577179}, {\"id\": 82, \"seek\": 24200, \"start\": 265.55999755859375, \"end\": 269.55999755859375, \"text\": \" What happens when women are able to create babies with 23 alleles from two women?\", \"tokens\": [51542, 708, 2314, 562, 2266, 366, 1075, 281, 1884, 10917, 365, 6673, 439, 6972, 490, 732, 2266, 30, 51742], \"temperature\": 0.0, \"avg_logprob\": -0.33570608496665955, \"compression_ratio\": 1.6282051801681519, \"no_speech_prob\": 0.685803234577179}, {\"id\": 83, \"seek\": 24200, \"start\": 269.55999755859375, \"end\": 271.55999755859375, \"text\": \" Then they won't need men anymore.\", \"tokens\": [51742, 1396, 436, 1582, 380, 643, 1706, 3602, 13, 51842], \"temperature\": 0.0, \"avg_logprob\": -0.33570608496665955, \"compression_ratio\": 1.6282051801681519, \"no_speech_prob\": 0.685803234577179}, {\"id\": 84, \"seek\": 27156, \"start\": 272.1199951171875, \"end\": 278.0799865722656, \"text\": \" Right, well there's already artificial womb laboratories, I suppose.\", \"tokens\": [50392, 1779, 11, 731, 456, 311, 1217, 11677, 34310, 41013, 11, 286, 7297, 13, 50690], \"temperature\": 0.0, \"avg_logprob\": -0.28469425439834595, \"compression_ratio\": 1.724919080734253, \"no_speech_prob\": 0.011507210321724415}, {\"id\": 85, \"seek\": 27156, \"start\": 278.0799865722656, \"end\": 281.239990234375, \"text\": \" So how do you feel about the prospect of marriage?\", \"tokens\": [50690, 407, 577, 360, 291, 841, 466, 264, 15005, 295, 7194, 30, 50848], \"temperature\": 0.0, \"avg_logprob\": -0.28469425439834595, \"compression_ratio\": 1.724919080734253, \"no_speech_prob\": 0.011507210321724415}, {\"id\": 86, \"seek\": 27156, \"start\": 281.239990234375, \"end\": 283.9200134277344, \"text\": \" Are you bullish or are you bearish on marriage?\", \"tokens\": [50848, 2014, 291, 38692, 420, 366, 291, 6155, 742, 322, 7194, 30, 50982], \"temperature\": 0.0, \"avg_logprob\": -0.28469425439834595, \"compression_ratio\": 1.724919080734253, \"no_speech_prob\": 0.011507210321724415}, {\"id\": 87, \"seek\": 27156, \"start\": 283.9200134277344, \"end\": 284.9200134277344, \"text\": \" Personally I don't know.\", \"tokens\": [50982, 21079, 286, 500, 380, 458, 13, 51032], \"temperature\": 0.0, \"avg_logprob\": -0.28469425439834595, \"compression_ratio\": 1.724919080734253, \"no_speech_prob\": 0.011507210321724415}, {\"id\": 88, \"seek\": 27156, \"start\": 284.9200134277344, \"end\": 285.9200134277344, \"text\": \" For myself, personally.\", \"tokens\": [51032, 1171, 2059, 11, 5665, 13, 51082], \"temperature\": 0.0, \"avg_logprob\": -0.28469425439834595, \"compression_ratio\": 1.724919080734253, \"no_speech_prob\": 0.011507210321724415}, {\"id\": 89, \"seek\": 27156, \"start\": 285.9200134277344, \"end\": 289.79998779296875, \"text\": \" It's a decision I'd have to make at a later time, but overall the institution is going\", \"tokens\": [51082, 467, 311, 257, 3537, 286, 1116, 362, 281, 652, 412, 257, 1780, 565, 11, 457, 4787, 264, 7818, 307, 516, 51276], \"temperature\": 0.0, \"avg_logprob\": -0.28469425439834595, \"compression_ratio\": 1.724919080734253, \"no_speech_prob\": 0.011507210321724415}, {\"id\": 90, \"seek\": 27156, \"start\": 289.79998779296875, \"end\": 290.79998779296875, \"text\": \" to suffer.\", \"tokens\": [51276, 281, 9753, 13, 51326], \"temperature\": 0.0, \"avg_logprob\": -0.28469425439834595, \"compression_ratio\": 1.724919080734253, \"no_speech_prob\": 0.011507210321724415}, {\"id\": 91, \"seek\": 27156, \"start\": 290.79998779296875, \"end\": 294.5199890136719, \"text\": \" But it'll reach a point of equilibrium where a certain group of people are just going to\", \"tokens\": [51326, 583, 309, 603, 2524, 257, 935, 295, 15625, 689, 257, 1629, 1594, 295, 561, 366, 445, 516, 281, 51512], \"temperature\": 0.0, \"avg_logprob\": -0.28469425439834595, \"compression_ratio\": 1.724919080734253, \"no_speech_prob\": 0.011507210321724415}, {\"id\": 92, \"seek\": 27156, \"start\": 294.5199890136719, \"end\": 297.5199890136719, \"text\": \" be perfectly in balance for equilibrium for one another.\", \"tokens\": [51512, 312, 6239, 294, 4772, 337, 15625, 337, 472, 1071, 13, 51662], \"temperature\": 0.0, \"avg_logprob\": -0.28469425439834595, \"compression_ratio\": 1.724919080734253, \"no_speech_prob\": 0.011507210321724415}, {\"id\": 93, \"seek\": 27156, \"start\": 297.5199890136719, \"end\": 300.2799987792969, \"text\": \" And those people are going to be, those people are going to get married.\", \"tokens\": [51662, 400, 729, 561, 366, 516, 281, 312, 11, 729, 561, 366, 516, 281, 483, 5259, 13, 51800], \"temperature\": 0.0, \"avg_logprob\": -0.28469425439834595, \"compression_ratio\": 1.724919080734253, \"no_speech_prob\": 0.011507210321724415}, {\"id\": 94, \"seek\": 30028, \"start\": 300.2799987792969, \"end\": 304.3999938964844, \"text\": \" But you're going to see fewer, like the incentive for men to get married right now is just,\", \"tokens\": [50364, 583, 291, 434, 516, 281, 536, 13366, 11, 411, 264, 22346, 337, 1706, 281, 483, 5259, 558, 586, 307, 445, 11, 50570], \"temperature\": 0.0, \"avg_logprob\": -0.2756982743740082, \"compression_ratio\": 1.8914474248886108, \"no_speech_prob\": 0.3274390697479248}, {\"id\": 95, \"seek\": 30028, \"start\": 304.3999938964844, \"end\": 309.0400085449219, \"text\": \" it's dying off because of, because of family court.\", \"tokens\": [50570, 309, 311, 8639, 766, 570, 295, 11, 570, 295, 1605, 4753, 13, 50802], \"temperature\": 0.0, \"avg_logprob\": -0.2756982743740082, \"compression_ratio\": 1.8914474248886108, \"no_speech_prob\": 0.3274390697479248}, {\"id\": 96, \"seek\": 30028, \"start\": 309.0400085449219, \"end\": 313.20001220703125, \"text\": \" Because of, you know, what's happened where women are out there like openly boasting about\", \"tokens\": [50802, 1436, 295, 11, 291, 458, 11, 437, 311, 2011, 689, 2266, 366, 484, 456, 411, 23109, 748, 30587, 466, 51010], \"temperature\": 0.0, \"avg_logprob\": -0.2756982743740082, \"compression_ratio\": 1.8914474248886108, \"no_speech_prob\": 0.3274390697479248}, {\"id\": 97, \"seek\": 30028, \"start\": 313.20001220703125, \"end\": 314.20001220703125, \"text\": \" juicing men.\", \"tokens\": [51010, 3649, 5776, 1706, 13, 51060], \"temperature\": 0.0, \"avg_logprob\": -0.2756982743740082, \"compression_ratio\": 1.8914474248886108, \"no_speech_prob\": 0.3274390697479248}, {\"id\": 98, \"seek\": 30028, \"start\": 314.20001220703125, \"end\": 316.0, \"text\": \" And because of things like open only bans.\", \"tokens\": [51060, 400, 570, 295, 721, 411, 1269, 787, 272, 599, 13, 51150], \"temperature\": 0.0, \"avg_logprob\": -0.2756982743740082, \"compression_ratio\": 1.8914474248886108, \"no_speech_prob\": 0.3274390697479248}, {\"id\": 99, \"seek\": 30028, \"start\": 316.0, \"end\": 317.0, \"text\": \" It's nobody's fault.\", \"tokens\": [51150, 467, 311, 5079, 311, 7441, 13, 51200], \"temperature\": 0.0, \"avg_logprob\": -0.2756982743740082, \"compression_ratio\": 1.8914474248886108, \"no_speech_prob\": 0.3274390697479248}, {\"id\": 100, \"seek\": 30028, \"start\": 317.0, \"end\": 318.79998779296875, \"text\": \" It's not like it's just guys' fault or women's fault.\", \"tokens\": [51200, 467, 311, 406, 411, 309, 311, 445, 1074, 6, 7441, 420, 2266, 311, 7441, 13, 51290], \"temperature\": 0.0, \"avg_logprob\": -0.2756982743740082, \"compression_ratio\": 1.8914474248886108, \"no_speech_prob\": 0.3274390697479248}, {\"id\": 101, \"seek\": 30028, \"start\": 318.79998779296875, \"end\": 322.8800048828125, \"text\": \" But yeah, marriage is on the decline and the divorce rate is going up.\", \"tokens\": [51290, 583, 1338, 11, 7194, 307, 322, 264, 15635, 293, 264, 16052, 3314, 307, 516, 493, 13, 51494], \"temperature\": 0.0, \"avg_logprob\": -0.2756982743740082, \"compression_ratio\": 1.8914474248886108, \"no_speech_prob\": 0.3274390697479248}, {\"id\": 102, \"seek\": 30028, \"start\": 322.8800048828125, \"end\": 324.8399963378906, \"text\": \" And that's, I don't see anything to stop that.\", \"tokens\": [51494, 400, 300, 311, 11, 286, 500, 380, 536, 1340, 281, 1590, 300, 13, 51592], \"temperature\": 0.0, \"avg_logprob\": -0.2756982743740082, \"compression_ratio\": 1.8914474248886108, \"no_speech_prob\": 0.3274390697479248}, {\"id\": 103, \"seek\": 30028, \"start\": 324.8399963378906, \"end\": 328.239990234375, \"text\": \" There's no like moral background that's going to happen where everyone's going to, you know\", \"tokens\": [51592, 821, 311, 572, 411, 9723, 3678, 300, 311, 516, 281, 1051, 689, 1518, 311, 516, 281, 11, 291, 458, 51762], \"temperature\": 0.0, \"avg_logprob\": -0.2756982743740082, \"compression_ratio\": 1.8914474248886108, \"no_speech_prob\": 0.3274390697479248}, {\"id\": 104, \"seek\": 32824, \"start\": 328.239990234375, \"end\": 330.8399963378906, \"text\": \" what, it's going to happen tomorrow where I'm going to start reading the Bible and we'll\", \"tokens\": [50364, 437, 11, 309, 311, 516, 281, 1051, 4153, 689, 286, 478, 516, 281, 722, 3760, 264, 6544, 293, 321, 603, 50494], \"temperature\": 0.0, \"avg_logprob\": -0.2681284546852112, \"compression_ratio\": 1.8245033025741577, \"no_speech_prob\": 0.6330599784851074}, {\"id\": 105, \"seek\": 32824, \"start\": 330.8399963378906, \"end\": 331.8399963378906, \"text\": \" all start getting married.\", \"tokens\": [50494, 439, 722, 1242, 5259, 13, 50544], \"temperature\": 0.0, \"avg_logprob\": -0.2681284546852112, \"compression_ratio\": 1.8245033025741577, \"no_speech_prob\": 0.6330599784851074}, {\"id\": 106, \"seek\": 32824, \"start\": 331.8399963378906, \"end\": 334.8399963378906, \"text\": \" If you guys think that's the case, you're just living in a delusion.\", \"tokens\": [50544, 759, 291, 1074, 519, 300, 311, 264, 1389, 11, 291, 434, 445, 2647, 294, 257, 1103, 5704, 13, 50694], \"temperature\": 0.0, \"avg_logprob\": -0.2681284546852112, \"compression_ratio\": 1.8245033025741577, \"no_speech_prob\": 0.6330599784851074}, {\"id\": 107, \"seek\": 32824, \"start\": 334.8399963378906, \"end\": 335.8399963378906, \"text\": \" Or Oklahoma.\", \"tokens\": [50694, 1610, 21183, 13, 50744], \"temperature\": 0.0, \"avg_logprob\": -0.2681284546852112, \"compression_ratio\": 1.8245033025741577, \"no_speech_prob\": 0.6330599784851074}, {\"id\": 108, \"seek\": 32824, \"start\": 335.8399963378906, \"end\": 336.8399963378906, \"text\": \" Yeah.\", \"tokens\": [50744, 865, 13, 50794], \"temperature\": 0.0, \"avg_logprob\": -0.2681284546852112, \"compression_ratio\": 1.8245033025741577, \"no_speech_prob\": 0.6330599784851074}, {\"id\": 109, \"seek\": 32824, \"start\": 336.8399963378906, \"end\": 338.3999938964844, \"text\": \" The Overton window consistently shifts to the left.\", \"tokens\": [50794, 440, 4886, 1756, 4910, 14961, 19201, 281, 264, 1411, 13, 50872], \"temperature\": 0.0, \"avg_logprob\": -0.2681284546852112, \"compression_ratio\": 1.8245033025741577, \"no_speech_prob\": 0.6330599784851074}, {\"id\": 110, \"seek\": 32824, \"start\": 338.3999938964844, \"end\": 341.8399963378906, \"text\": \" I mean, you say that, but gay people can get married in Oklahoma now and they couldn't\", \"tokens\": [50872, 286, 914, 11, 291, 584, 300, 11, 457, 9049, 561, 393, 483, 5259, 294, 21183, 586, 293, 436, 2809, 380, 51044], \"temperature\": 0.0, \"avg_logprob\": -0.2681284546852112, \"compression_ratio\": 1.8245033025741577, \"no_speech_prob\": 0.6330599784851074}, {\"id\": 111, \"seek\": 32824, \"start\": 341.8399963378906, \"end\": 342.8399963378906, \"text\": \" 50 years ago.\", \"tokens\": [51044, 2625, 924, 2057, 13, 51094], \"temperature\": 0.0, \"avg_logprob\": -0.2681284546852112, \"compression_ratio\": 1.8245033025741577, \"no_speech_prob\": 0.6330599784851074}, {\"id\": 112, \"seek\": 32824, \"start\": 342.8399963378906, \"end\": 343.8399963378906, \"text\": \" That's true.\", \"tokens\": [51094, 663, 311, 2074, 13, 51144], \"temperature\": 0.0, \"avg_logprob\": -0.2681284546852112, \"compression_ratio\": 1.8245033025741577, \"no_speech_prob\": 0.6330599784851074}, {\"id\": 113, \"seek\": 32824, \"start\": 343.8399963378906, \"end\": 345.8800048828125, \"text\": \" The reality is the Overton window will consistently shift to the left.\", \"tokens\": [51144, 440, 4103, 307, 264, 4886, 1756, 4910, 486, 14961, 5513, 281, 264, 1411, 13, 51246], \"temperature\": 0.0, \"avg_logprob\": -0.2681284546852112, \"compression_ratio\": 1.8245033025741577, \"no_speech_prob\": 0.6330599784851074}, {\"id\": 114, \"seek\": 32824, \"start\": 345.8800048828125, \"end\": 350.20001220703125, \"text\": \" And as that happens, you're going to see that marriage is not an institution that fits in\", \"tokens\": [51246, 400, 382, 300, 2314, 11, 291, 434, 516, 281, 536, 300, 7194, 307, 406, 364, 7818, 300, 9001, 294, 51462], \"temperature\": 0.0, \"avg_logprob\": -0.2681284546852112, \"compression_ratio\": 1.8245033025741577, \"no_speech_prob\": 0.6330599784851074}, {\"id\": 115, \"seek\": 32824, \"start\": 350.20001220703125, \"end\": 350.9200134277344, \"text\": \" that Overton window.\", \"tokens\": [51462, 300, 4886, 1756, 4910, 13, 51498], \"temperature\": 0.0, \"avg_logprob\": -0.2681284546852112, \"compression_ratio\": 1.8245033025741577, \"no_speech_prob\": 0.6330599784851074}]}"}