{"title": "You're Only Creepy If You're Ugly", "video_id": "oXITIV9tPhc", "video_url": "https://www.youtube.com/watch?v=oXITIV9tPhc", "description": "Ready to build a network of amazing women and high-status men?\n\nMichael\u2019s Men of Action is a one-on-one Master\u2019s program that teaches men how to create elite social lives by becoming higher status.\n\nClick this link to learn how you can have a High-Status lifestyle now:\nhttps://m.moamentoring.com/podcast\n\nClick here to join the Men of Action community and watch the High-Status Networking 101 course:\nhttps://m.moamentoring.com/moa-community\n\u2014\u2014\u2014\u2014\u2014\u2014\u2014\u2014\u2014\u2014\u2014\u2014\u2014\u2014\u2014\u2014\u2014\u2014\u2014\u2014\n\nSubscribe on Youtube: \nhttps://www.youtube.com/user/MichaelSartain\n\nListen on Apple Podcast: \nhttps://podcasts.apple.com/us/podcast/the-michael-sartain-podcast/id1579791157\n\nListen on Spotify: \nhttps://open.spotify.com/show/2faAYwvDD9Bvkpwv6umlPO?si=8Q3ak9HnSlKjuChsTXr6YQ&dl_branch=1\n\n#Michael #MichaelSartain #Michael_Sartain #Michael_Sartain_Podcast", "published_at": "2023-06-11T14:15:03Z", "channel_id": "UC0T1bDzajVefRWx4uKdGyuw", "channel_title": "Michael Sartain", "tags": ["Michael", "Michael Sartain", "Michael Sartain Podcast", "Michael Podcast", "MOA", "Men Of Action", "men of action", "Michael Sartain Course", "Michael Sartain With Hot Women", "Rollo", "Rollo Tommasi", "Playboy", "Swimsuit", "Swimsuit Competition"], "category_id": "24", "live_broadcast_content": "none", "duration": 60.0, "dimension": "2d", "definition": "hd", "caption": "false", "view_count": 761, "like_count": 39, "comment_count": 6, "channel_info": {"title": "Michael Sartain", "description": "\ud83c\udf99Host of The\u00a0Michael Sartain Podcast \n\n\ud83d\udd25Teaching you how to build a network of desirable women and high-status men\n\n\ud83d\udc47 Click the \"Men of Action\" link below now to forge a high-status lifestyle and join the elites \n", "subscriber_count": "80500", "total_views": "29545897", "total_videos": "1481"}, "comments": [], "file_path": "/Users/aelaguiz/workspace/fc_book/audio/raws/oXITIV9tPhc.mp3", "transcription": "{\"text\": \"Have you ever been with a good-looking guy who gave you creep vibes, right? Oh, yeah. Yeah. So, was his creep vibes enough for you to say, you know what, as hot as this guy is, I'm not going to sleep with him? Well, I can't lie. I don't lie. You still slept with him. On and off for almost ten years, we would hook up here and there, but there were times where when I was sober. Even though he's annoying, like creepy annoying. When, you know, we weren't in that moment, I would be like, what the f*** is this guy sending me? Like, why is he saying this right now? Like, stop. I've actually asked him more than once, probably more than ten times, maybe even more than twenty times. Please don't say that to me. It's so corny. Just stop. Don't say this to me. But the cornyness didn't outweigh the sexiness. No, because there were many times we'd hung out as friends. Oh, we're talking about the same dude? Yeah. Yeah. And I couldn't even get my mind to the point of wanting, like, physically, if he would close his mouth, he was, like, so hot. But then it's like, he opens his mouth, he was hot. You're beautiful when you're the angry girl, so you could be overlooked if the hot, that's what I'm getting at, is like the looks will overweigh the creepiness. I don't want to stay the night, and I don't want to stay the night, I want to get up and run for the hills. \", \"segments\": [{\"id\": 0, \"seek\": 0, \"start\": 0.0, \"end\": 3.2799999713897705, \"text\": \" Have you ever been with a good-looking guy who gave you creep vibes, right?\", \"tokens\": [50364, 3560, 291, 1562, 668, 365, 257, 665, 12, 16129, 2146, 567, 2729, 291, 9626, 27636, 11, 558, 30, 50528], \"temperature\": 0.0, \"avg_logprob\": -0.3331659734249115, \"compression_ratio\": 1.7507598400115967, \"no_speech_prob\": 0.334543377161026}, {\"id\": 1, \"seek\": 0, \"start\": 3.2799999713897705, \"end\": 4.28000020980835, \"text\": \" Oh, yeah.\", \"tokens\": [50528, 876, 11, 1338, 13, 50578], \"temperature\": 0.0, \"avg_logprob\": -0.3331659734249115, \"compression_ratio\": 1.7507598400115967, \"no_speech_prob\": 0.334543377161026}, {\"id\": 2, \"seek\": 0, \"start\": 4.28000020980835, \"end\": 5.28000020980835, \"text\": \" Yeah.\", \"tokens\": [50578, 865, 13, 50628], \"temperature\": 0.0, \"avg_logprob\": -0.3331659734249115, \"compression_ratio\": 1.7507598400115967, \"no_speech_prob\": 0.334543377161026}, {\"id\": 3, \"seek\": 0, \"start\": 5.28000020980835, \"end\": 10.479999542236328, \"text\": \" So, was his creep vibes enough for you to say, you know what, as hot as this guy is,\", \"tokens\": [50628, 407, 11, 390, 702, 9626, 27636, 1547, 337, 291, 281, 584, 11, 291, 458, 437, 11, 382, 2368, 382, 341, 2146, 307, 11, 50888], \"temperature\": 0.0, \"avg_logprob\": -0.3331659734249115, \"compression_ratio\": 1.7507598400115967, \"no_speech_prob\": 0.334543377161026}, {\"id\": 4, \"seek\": 0, \"start\": 10.479999542236328, \"end\": 11.479999542236328, \"text\": \" I'm not going to sleep with him?\", \"tokens\": [50888, 286, 478, 406, 516, 281, 2817, 365, 796, 30, 50938], \"temperature\": 0.0, \"avg_logprob\": -0.3331659734249115, \"compression_ratio\": 1.7507598400115967, \"no_speech_prob\": 0.334543377161026}, {\"id\": 5, \"seek\": 0, \"start\": 11.479999542236328, \"end\": 12.479999542236328, \"text\": \" Well, I can't lie.\", \"tokens\": [50938, 1042, 11, 286, 393, 380, 4544, 13, 50988], \"temperature\": 0.0, \"avg_logprob\": -0.3331659734249115, \"compression_ratio\": 1.7507598400115967, \"no_speech_prob\": 0.334543377161026}, {\"id\": 6, \"seek\": 0, \"start\": 12.479999542236328, \"end\": 14.0, \"text\": \" I don't lie.\", \"tokens\": [50988, 286, 500, 380, 4544, 13, 51064], \"temperature\": 0.0, \"avg_logprob\": -0.3331659734249115, \"compression_ratio\": 1.7507598400115967, \"no_speech_prob\": 0.334543377161026}, {\"id\": 7, \"seek\": 0, \"start\": 14.0, \"end\": 15.0, \"text\": \" You still slept with him.\", \"tokens\": [51064, 509, 920, 17400, 365, 796, 13, 51114], \"temperature\": 0.0, \"avg_logprob\": -0.3331659734249115, \"compression_ratio\": 1.7507598400115967, \"no_speech_prob\": 0.334543377161026}, {\"id\": 8, \"seek\": 0, \"start\": 15.0, \"end\": 19.0, \"text\": \" On and off for almost ten years, we would hook up here and there, but there were times\", \"tokens\": [51114, 1282, 293, 766, 337, 1920, 2064, 924, 11, 321, 576, 6328, 493, 510, 293, 456, 11, 457, 456, 645, 1413, 51314], \"temperature\": 0.0, \"avg_logprob\": -0.3331659734249115, \"compression_ratio\": 1.7507598400115967, \"no_speech_prob\": 0.334543377161026}, {\"id\": 9, \"seek\": 0, \"start\": 19.0, \"end\": 20.0, \"text\": \" where when I was sober.\", \"tokens\": [51314, 689, 562, 286, 390, 26212, 13, 51364], \"temperature\": 0.0, \"avg_logprob\": -0.3331659734249115, \"compression_ratio\": 1.7507598400115967, \"no_speech_prob\": 0.334543377161026}, {\"id\": 10, \"seek\": 0, \"start\": 20.0, \"end\": 21.0, \"text\": \" Even though he's annoying, like creepy annoying.\", \"tokens\": [51364, 2754, 1673, 415, 311, 11304, 11, 411, 14717, 11304, 13, 51414], \"temperature\": 0.0, \"avg_logprob\": -0.3331659734249115, \"compression_ratio\": 1.7507598400115967, \"no_speech_prob\": 0.334543377161026}, {\"id\": 11, \"seek\": 0, \"start\": 21.0, \"end\": 24.600000381469727, \"text\": \" When, you know, we weren't in that moment, I would be like, what the f*** is this guy\", \"tokens\": [51414, 1133, 11, 291, 458, 11, 321, 4999, 380, 294, 300, 1623, 11, 286, 576, 312, 411, 11, 437, 264, 283, 13684, 307, 341, 2146, 51594], \"temperature\": 0.0, \"avg_logprob\": -0.3331659734249115, \"compression_ratio\": 1.7507598400115967, \"no_speech_prob\": 0.334543377161026}, {\"id\": 12, \"seek\": 0, \"start\": 24.600000381469727, \"end\": 25.600000381469727, \"text\": \" sending me?\", \"tokens\": [51594, 7750, 385, 30, 51644], \"temperature\": 0.0, \"avg_logprob\": -0.3331659734249115, \"compression_ratio\": 1.7507598400115967, \"no_speech_prob\": 0.334543377161026}, {\"id\": 13, \"seek\": 0, \"start\": 25.600000381469727, \"end\": 26.600000381469727, \"text\": \" Like, why is he saying this right now?\", \"tokens\": [51644, 1743, 11, 983, 307, 415, 1566, 341, 558, 586, 30, 51694], \"temperature\": 0.0, \"avg_logprob\": -0.3331659734249115, \"compression_ratio\": 1.7507598400115967, \"no_speech_prob\": 0.334543377161026}, {\"id\": 14, \"seek\": 0, \"start\": 26.600000381469727, \"end\": 27.600000381469727, \"text\": \" Like, stop.\", \"tokens\": [51694, 1743, 11, 1590, 13, 51744], \"temperature\": 0.0, \"avg_logprob\": -0.3331659734249115, \"compression_ratio\": 1.7507598400115967, \"no_speech_prob\": 0.334543377161026}, {\"id\": 15, \"seek\": 2760, \"start\": 27.600000381469727, \"end\": 30.600000381469727, \"text\": \" I've actually asked him more than once, probably more than ten times, maybe even more than\", \"tokens\": [50364, 286, 600, 767, 2351, 796, 544, 813, 1564, 11, 1391, 544, 813, 2064, 1413, 11, 1310, 754, 544, 813, 50514], \"temperature\": 0.0, \"avg_logprob\": -0.339050829410553, \"compression_ratio\": 1.848101258277893, \"no_speech_prob\": 0.6857497692108154}, {\"id\": 16, \"seek\": 2760, \"start\": 30.600000381469727, \"end\": 31.600000381469727, \"text\": \" twenty times.\", \"tokens\": [50514, 7699, 1413, 13, 50564], \"temperature\": 0.0, \"avg_logprob\": -0.339050829410553, \"compression_ratio\": 1.848101258277893, \"no_speech_prob\": 0.6857497692108154}, {\"id\": 17, \"seek\": 2760, \"start\": 31.600000381469727, \"end\": 32.599998474121094, \"text\": \" Please don't say that to me.\", \"tokens\": [50564, 2555, 500, 380, 584, 300, 281, 385, 13, 50614], \"temperature\": 0.0, \"avg_logprob\": -0.339050829410553, \"compression_ratio\": 1.848101258277893, \"no_speech_prob\": 0.6857497692108154}, {\"id\": 18, \"seek\": 2760, \"start\": 32.599998474121094, \"end\": 33.599998474121094, \"text\": \" It's so corny.\", \"tokens\": [50614, 467, 311, 370, 1181, 1634, 13, 50664], \"temperature\": 0.0, \"avg_logprob\": -0.339050829410553, \"compression_ratio\": 1.848101258277893, \"no_speech_prob\": 0.6857497692108154}, {\"id\": 19, \"seek\": 2760, \"start\": 33.599998474121094, \"end\": 34.599998474121094, \"text\": \" Just stop.\", \"tokens\": [50664, 1449, 1590, 13, 50714], \"temperature\": 0.0, \"avg_logprob\": -0.339050829410553, \"compression_ratio\": 1.848101258277893, \"no_speech_prob\": 0.6857497692108154}, {\"id\": 20, \"seek\": 2760, \"start\": 34.599998474121094, \"end\": 35.599998474121094, \"text\": \" Don't say this to me.\", \"tokens\": [50714, 1468, 380, 584, 341, 281, 385, 13, 50764], \"temperature\": 0.0, \"avg_logprob\": -0.339050829410553, \"compression_ratio\": 1.848101258277893, \"no_speech_prob\": 0.6857497692108154}, {\"id\": 21, \"seek\": 2760, \"start\": 35.599998474121094, \"end\": 36.599998474121094, \"text\": \" But the cornyness didn't outweigh the sexiness.\", \"tokens\": [50764, 583, 264, 1181, 1634, 1287, 994, 380, 484, 826, 910, 264, 3260, 1324, 13, 50814], \"temperature\": 0.0, \"avg_logprob\": -0.339050829410553, \"compression_ratio\": 1.848101258277893, \"no_speech_prob\": 0.6857497692108154}, {\"id\": 22, \"seek\": 2760, \"start\": 36.599998474121094, \"end\": 39.599998474121094, \"text\": \" No, because there were many times we'd hung out as friends.\", \"tokens\": [50814, 883, 11, 570, 456, 645, 867, 1413, 321, 1116, 5753, 484, 382, 1855, 13, 50964], \"temperature\": 0.0, \"avg_logprob\": -0.339050829410553, \"compression_ratio\": 1.848101258277893, \"no_speech_prob\": 0.6857497692108154}, {\"id\": 23, \"seek\": 2760, \"start\": 39.599998474121094, \"end\": 41.599998474121094, \"text\": \" Oh, we're talking about the same dude?\", \"tokens\": [50964, 876, 11, 321, 434, 1417, 466, 264, 912, 6449, 30, 51064], \"temperature\": 0.0, \"avg_logprob\": -0.339050829410553, \"compression_ratio\": 1.848101258277893, \"no_speech_prob\": 0.6857497692108154}, {\"id\": 24, \"seek\": 2760, \"start\": 41.599998474121094, \"end\": 42.599998474121094, \"text\": \" Yeah.\", \"tokens\": [51064, 865, 13, 51114], \"temperature\": 0.0, \"avg_logprob\": -0.339050829410553, \"compression_ratio\": 1.848101258277893, \"no_speech_prob\": 0.6857497692108154}, {\"id\": 25, \"seek\": 2760, \"start\": 42.599998474121094, \"end\": 43.599998474121094, \"text\": \" Yeah.\", \"tokens\": [51114, 865, 13, 51164], \"temperature\": 0.0, \"avg_logprob\": -0.339050829410553, \"compression_ratio\": 1.848101258277893, \"no_speech_prob\": 0.6857497692108154}, {\"id\": 26, \"seek\": 2760, \"start\": 43.599998474121094, \"end\": 46.08000183105469, \"text\": \" And I couldn't even get my mind to the point of wanting, like, physically, if he would\", \"tokens\": [51164, 400, 286, 2809, 380, 754, 483, 452, 1575, 281, 264, 935, 295, 7935, 11, 411, 11, 9762, 11, 498, 415, 576, 51288], \"temperature\": 0.0, \"avg_logprob\": -0.339050829410553, \"compression_ratio\": 1.848101258277893, \"no_speech_prob\": 0.6857497692108154}, {\"id\": 27, \"seek\": 2760, \"start\": 46.08000183105469, \"end\": 48.439998626708984, \"text\": \" close his mouth, he was, like, so hot.\", \"tokens\": [51288, 1998, 702, 4525, 11, 415, 390, 11, 411, 11, 370, 2368, 13, 51406], \"temperature\": 0.0, \"avg_logprob\": -0.339050829410553, \"compression_ratio\": 1.848101258277893, \"no_speech_prob\": 0.6857497692108154}, {\"id\": 28, \"seek\": 2760, \"start\": 48.439998626708984, \"end\": 49.439998626708984, \"text\": \" But then it's like, he opens his mouth, he was hot.\", \"tokens\": [51406, 583, 550, 309, 311, 411, 11, 415, 9870, 702, 4525, 11, 415, 390, 2368, 13, 51456], \"temperature\": 0.0, \"avg_logprob\": -0.339050829410553, \"compression_ratio\": 1.848101258277893, \"no_speech_prob\": 0.6857497692108154}, {\"id\": 29, \"seek\": 2760, \"start\": 49.439998626708984, \"end\": 52.63999938964844, \"text\": \" You're beautiful when you're the angry girl, so you could be overlooked if the hot, that's\", \"tokens\": [51456, 509, 434, 2238, 562, 291, 434, 264, 220, 656, 627, 2013, 11, 370, 291, 727, 312, 32269, 498, 264, 2368, 11, 300, 311, 51616], \"temperature\": 0.0, \"avg_logprob\": -0.339050829410553, \"compression_ratio\": 1.848101258277893, \"no_speech_prob\": 0.6857497692108154}, {\"id\": 30, \"seek\": 2760, \"start\": 52.63999938964844, \"end\": 55.040000915527344, \"text\": \" what I'm getting at, is like the looks will overweigh the creepiness.\", \"tokens\": [51616, 437, 286, 478, 1242, 412, 11, 307, 411, 264, 1542, 486, 670, 826, 910, 264, 9626, 1324, 13, 51736], \"temperature\": 0.0, \"avg_logprob\": -0.339050829410553, \"compression_ratio\": 1.848101258277893, \"no_speech_prob\": 0.6857497692108154}, {\"id\": 31, \"seek\": 5504, \"start\": 55.47999954223633, \"end\": 58.47999954223633, \"text\": \" I don't want to stay the night, and I don't want to stay the night, I want to get up and\", \"tokens\": [50386, 286, 500, 380, 528, 281, 1754, 264, 1818, 11, 293, 286, 500, 380, 528, 281, 1754, 264, 1818, 11, 286, 528, 281, 483, 493, 293, 50536], \"temperature\": 0.0, \"avg_logprob\": -0.38792943954467773, \"compression_ratio\": 1.465753436088562, \"no_speech_prob\": 0.993695080280304}, {\"id\": 32, \"seek\": 5504, \"start\": 58.47999954223633, \"end\": 60.47999954223633, \"text\": \" run for the hills.\", \"tokens\": [50536, 1190, 337, 264, 21379, 13, 50636], \"temperature\": 0.0, \"avg_logprob\": -0.38792943954467773, \"compression_ratio\": 1.465753436088562, \"no_speech_prob\": 0.993695080280304}]}"}