{"title": "Mr. Olympia Jay Cutler's Secret To An Amazing Physique @JayCutlerTV", "video_id": "pbgpzbmif8M", "video_url": "https://www.youtube.com/watch?v=pbgpzbmif8M", "description": "Here's a clip from a podcast episode with Jay Cutler @JayCutlerTV \nFull Clip \ud83d\udd17: https://youtu.be/iAZd9Bs_4lw\n\u2014\u2014\u2014\u2014\u2014\u2014\u2014\u2014\u2014\u2014\u2014\u2014\u2014\u2014\u2014\u2014\u2014\u2014\u2014\nReady to build a network of amazing women and high-status men? \n\nMichael\u2019s Men of Action Mentoring Program is a Master\u2019s course dedicated to helping people elevate their social lives by becoming higher status and building elite social circles.\n\nClick the link to learn how you can start living the high-status social life you always wanted: https://m.moamentoring.com/podcast\n\u2014\u2014\u2014\u2014\u2014\u2014\u2014\u2014\u2014\u2014\u2014\u2014\u2014\u2014\u2014\u2014\u2014\u2014\u2014\u2014\n\nSubscribe on Youtube: \nhttps://www.youtube.com/user/MichaelSartain\n\nListen on Apple Podcast: \nhttps://podcasts.apple.com/us/podcast/the-michael-sartain-podcast/id1579791157\n\nListen on Spotify: \nhttps://open.spotify.com/show/2faAYwvDD9Bvkpwv6umlPO?si=8Q3ak9HnSlKjuChsTXr6YQ&dl_branch=1", "published_at": "2023-03-03T03:05:36Z", "channel_id": "UC0T1bDzajVefRWx4uKdGyuw", "channel_title": "Michael Sartain", "tags": [], "category_id": "24", "live_broadcast_content": "none", "duration": 328.0, "dimension": "2d", "definition": "hd", "caption": "false", "view_count": 2328, "like_count": 69, "comment_count": 15, "channel_info": {"title": "Michael Sartain", "description": "\ud83c\udf99Host of The\u00a0Michael Sartain Podcast \n\n\ud83d\udd25Teaching you how to build a network of desirable women and high-status men\n\n\ud83d\udc47 Click the \"Men of Action\" link below now to forge a high-status lifestyle and join the elites \n", "subscriber_count": "80500", "total_views": "29545897", "total_videos": "1481"}, "comments": [], "file_path": "/Users/aelaguiz/workspace/fc_book/audio/raws/pbgpzbmif8M.mp3", "transcription": "{\"text\": \"I would do 20 sets per body part. So I would pick like five or six different movements to hit from different angles. Had your belief, your strategy with regard to reps changed through your career? I've heard you say heavy weights is how you build muscle and you go around eight to 12. What reps has that changed over time? Yeah, and that's a pretty broad range. Like you mentioned eight to 12. And I think for bodybuilding, I mean you hear power trainers do like one, two, three reps. Bodybuilding is more of a eight to 12 repetition. And that means like, you know, I don't go much below eight, but my maximum is usually 12. Not to say I don't go to 15 or 20 reps sometimes, but my sweet spot if you watch me train even now is around 10 repetitions and why? How many sets are we talking? I would do 20 sets per body part. So I would pick like five or six different movements to hit from different angles. And I was a high volume trainer. I think ideally, if I was to say, okay, Michael, you wanna work out? I would focus on nine total sets. So if you're gonna do chest, I'd say do, you know, bench press, you know, a fly movement and then like some sort of like a pec deck or something like that. Three sets each. So these are nine, three sets each of the nine. So we're talking 27 sets total. Which I do about 20 total. So I do three sets per exercise. Okay. So I would do like- Three sets of 12 per exercise. Yeah. I don't understand the 20 sets part of it. That part's crazy. Yeah, so I would do, you know, at least three or four sets per exercise. So if you're gonna do a flat bench, I would do it, you know, for three or four sets of 12 reps. Then I would move to like an incline press, you know, do the same and then kind of switch it around depending on the day. And people like to switch the routine, but truthfully, I don't really switch up what I do. Because after 20, 30 years of doing this, you know what kind of works, right? You're kind of limited, especially the people that train at home because of pandemic or whatever else. Your gym is only so equipped, right? So whether it's dumbbells, barbells, cables, now you have a lot of machines that mimic a lot of those things. I didn't have that in the beginning. So I was a free weight pusher. You know, it was really just kind of whatever worked the best for me. And to this day, I still train with a lot of free weights. You know, I don't have any injuries that hinder that or any aches and pains, which is crazy. What kind of cardio do you do? You talk about you have to do, like you'll have one cardio session. Is it just a treadmill? I do everything. So I walk outside. I have a step mill at my house. I have a treadmill, elliptical, bike, sit down bike. I have it all pretty much. I don't do like rowing or anything, but preferably for bodybuilding contests, believe it or not, the stairs were the best thing. The rotating stairs, because you're working more of your backside, your glutes and hamstrings, that tie in, and that's so important these days. If you asked any of the top Olympia champions to this era, including Phil Heath, Ronnie, myself, and probably, you know, Big Ramy, you know, all these guys, we did a lot of stairs. Okay, for a certain cardio workout, what are your goals for a certain cardio workout? How many calories? I don't necessarily have a calorie set or a heart rate. It's basically on a time schedule. So for Mr. Olympia, most of us do two sessions a day. So we usually do fast in the morning. I think the ideal time to do your cardio is first thing in the morning, empty stomach, or after the weight training session, or at night, like before you go to bed or whatever, just to increase your metabolism. That's the whole goal of cardio. It's not like, I know you can get on the machines and you can say, I burned 500 calories. Ideally, what you want to do is you want to continue to boost your metabolism. So that's why you do these consistent workouts. And I mentioned also, I train several times in a day where I'm hitting the metabolism. That way I can maintain the eating capacity, but also I can keep body fat as lean as possible and put on muscle tissue at the same time. What kind of advice would you give to somebody just starting off in the early 20s? You know, I would kind of just find a program that works well for you around your schedule. That means like around your work or school schedule. Pick a workout that you're in the gym at three or four days a week to start. I mean, I train up to five or six days total, not necessarily all days in a row, but train each body part once every five to seven days. The eating program, there's a lot of information online. I mean, I have a lot of cool things through my channels, whether it's Instagram or- Do you have any channels for HRT? I don't, no. I don't, but there's so many. I mean, there's so much you can learn about it. But being that early, I would focus on getting the routine down, getting a nutrition program down, whether it's hiring a nutritionist or a trainer, someone that can give you the guidance and see how your body reacts. You know, give yourself six months. You know, take everything six months at a time. Once you're, you know, we have different levels. So you're a beginner, intermediate, and advanced. I think anyone training after a year is more of an advanced trainer, right? I think that you now, as long as you're consistent with it, you find that rhythm and you make the adjustments, you know, find out what exercises work well for you, what rep ranges, but more importantly, what kind of foods you're able to monitor. And meal prepping is huge. It's important. So that means, you know, preparing food ahead of time, not just eating once or twice a day. And it's gonna help with everything, with, you know, all your progression. \", \"segments\": [{\"id\": 0, \"seek\": 0, \"start\": 0.0, \"end\": 1.8200000524520874, \"text\": \" I would do 20 sets per body part.\", \"tokens\": [50364, 286, 576, 360, 945, 6352, 680, 1772, 644, 13, 50455], \"temperature\": 0.0, \"avg_logprob\": -0.23217901587486267, \"compression_ratio\": 1.6575342416763306, \"no_speech_prob\": 0.00015719502698630095}, {\"id\": 1, \"seek\": 0, \"start\": 1.8200000524520874, \"end\": 4.519999980926514, \"text\": \" So I would pick like five or six different movements\", \"tokens\": [50455, 407, 286, 576, 1888, 411, 1732, 420, 2309, 819, 9981, 50590], \"temperature\": 0.0, \"avg_logprob\": -0.23217901587486267, \"compression_ratio\": 1.6575342416763306, \"no_speech_prob\": 0.00015719502698630095}, {\"id\": 2, \"seek\": 0, \"start\": 4.519999980926514, \"end\": 6.21999979019165, \"text\": \" to hit from different angles.\", \"tokens\": [50590, 281, 2045, 490, 819, 14708, 13, 50675], \"temperature\": 0.0, \"avg_logprob\": -0.23217901587486267, \"compression_ratio\": 1.6575342416763306, \"no_speech_prob\": 0.00015719502698630095}, {\"id\": 3, \"seek\": 0, \"start\": 6.21999979019165, \"end\": 11.220000267028809, \"text\": \" Had your belief, your strategy with regard to reps\", \"tokens\": [50675, 12298, 428, 7107, 11, 428, 5206, 365, 3843, 281, 27007, 50925], \"temperature\": 0.0, \"avg_logprob\": -0.23217901587486267, \"compression_ratio\": 1.6575342416763306, \"no_speech_prob\": 0.00015719502698630095}, {\"id\": 4, \"seek\": 0, \"start\": 11.260000228881836, \"end\": 12.779999732971191, \"text\": \" changed through your career?\", \"tokens\": [50927, 3105, 807, 428, 3988, 30, 51003], \"temperature\": 0.0, \"avg_logprob\": -0.23217901587486267, \"compression_ratio\": 1.6575342416763306, \"no_speech_prob\": 0.00015719502698630095}, {\"id\": 5, \"seek\": 0, \"start\": 12.779999732971191, \"end\": 15.579999923706055, \"text\": \" I've heard you say heavy weights is how you build muscle\", \"tokens\": [51003, 286, 600, 2198, 291, 584, 4676, 17443, 307, 577, 291, 1322, 8679, 51143], \"temperature\": 0.0, \"avg_logprob\": -0.23217901587486267, \"compression_ratio\": 1.6575342416763306, \"no_speech_prob\": 0.00015719502698630095}, {\"id\": 6, \"seek\": 0, \"start\": 15.579999923706055, \"end\": 17.059999465942383, \"text\": \" and you go around eight to 12.\", \"tokens\": [51143, 293, 291, 352, 926, 3180, 281, 2272, 13, 51217], \"temperature\": 0.0, \"avg_logprob\": -0.23217901587486267, \"compression_ratio\": 1.6575342416763306, \"no_speech_prob\": 0.00015719502698630095}, {\"id\": 7, \"seek\": 0, \"start\": 17.059999465942383, \"end\": 18.5, \"text\": \" What reps has that changed over time?\", \"tokens\": [51217, 708, 27007, 575, 300, 3105, 670, 565, 30, 51289], \"temperature\": 0.0, \"avg_logprob\": -0.23217901587486267, \"compression_ratio\": 1.6575342416763306, \"no_speech_prob\": 0.00015719502698630095}, {\"id\": 8, \"seek\": 0, \"start\": 18.5, \"end\": 19.81999969482422, \"text\": \" Yeah, and that's a pretty broad range.\", \"tokens\": [51289, 865, 11, 293, 300, 311, 257, 1238, 4152, 3613, 13, 51355], \"temperature\": 0.0, \"avg_logprob\": -0.23217901587486267, \"compression_ratio\": 1.6575342416763306, \"no_speech_prob\": 0.00015719502698630095}, {\"id\": 9, \"seek\": 0, \"start\": 19.81999969482422, \"end\": 21.739999771118164, \"text\": \" Like you mentioned eight to 12.\", \"tokens\": [51355, 1743, 291, 2835, 3180, 281, 2272, 13, 51451], \"temperature\": 0.0, \"avg_logprob\": -0.23217901587486267, \"compression_ratio\": 1.6575342416763306, \"no_speech_prob\": 0.00015719502698630095}, {\"id\": 10, \"seek\": 0, \"start\": 21.739999771118164, \"end\": 23.639999389648438, \"text\": \" And I think for bodybuilding,\", \"tokens\": [51451, 400, 286, 519, 337, 1772, 28126, 11, 51546], \"temperature\": 0.0, \"avg_logprob\": -0.23217901587486267, \"compression_ratio\": 1.6575342416763306, \"no_speech_prob\": 0.00015719502698630095}, {\"id\": 11, \"seek\": 0, \"start\": 23.639999389648438, \"end\": 27.780000686645508, \"text\": \" I mean you hear power trainers do like one, two, three reps.\", \"tokens\": [51546, 286, 914, 291, 1568, 1347, 35393, 360, 411, 472, 11, 732, 11, 1045, 27007, 13, 51753], \"temperature\": 0.0, \"avg_logprob\": -0.23217901587486267, \"compression_ratio\": 1.6575342416763306, \"no_speech_prob\": 0.00015719502698630095}, {\"id\": 12, \"seek\": 2778, \"start\": 27.780000686645508, \"end\": 31.040000915527344, \"text\": \" Bodybuilding is more of a eight to 12 repetition.\", \"tokens\": [50364, 21329, 28126, 307, 544, 295, 257, 3180, 281, 2272, 30432, 13, 50527], \"temperature\": 0.0, \"avg_logprob\": -0.2169315665960312, \"compression_ratio\": 1.6142857074737549, \"no_speech_prob\": 8.614359830971807e-05}, {\"id\": 13, \"seek\": 2778, \"start\": 31.040000915527344, \"end\": 35.119998931884766, \"text\": \" And that means like, you know, I don't go much below eight,\", \"tokens\": [50527, 400, 300, 1355, 411, 11, 291, 458, 11, 286, 500, 380, 352, 709, 2507, 3180, 11, 50731], \"temperature\": 0.0, \"avg_logprob\": -0.2169315665960312, \"compression_ratio\": 1.6142857074737549, \"no_speech_prob\": 8.614359830971807e-05}, {\"id\": 14, \"seek\": 2778, \"start\": 35.119998931884766, \"end\": 36.720001220703125, \"text\": \" but my maximum is usually 12.\", \"tokens\": [50731, 457, 452, 6674, 307, 2673, 2272, 13, 50811], \"temperature\": 0.0, \"avg_logprob\": -0.2169315665960312, \"compression_ratio\": 1.6142857074737549, \"no_speech_prob\": 8.614359830971807e-05}, {\"id\": 15, \"seek\": 2778, \"start\": 36.720001220703125, \"end\": 39.7599983215332, \"text\": \" Not to say I don't go to 15 or 20 reps sometimes,\", \"tokens\": [50811, 1726, 281, 584, 286, 500, 380, 352, 281, 2119, 420, 945, 27007, 2171, 11, 50963], \"temperature\": 0.0, \"avg_logprob\": -0.2169315665960312, \"compression_ratio\": 1.6142857074737549, \"no_speech_prob\": 8.614359830971807e-05}, {\"id\": 16, \"seek\": 2778, \"start\": 39.7599983215332, \"end\": 43.68000030517578, \"text\": \" but my sweet spot if you watch me train even now\", \"tokens\": [50963, 457, 452, 3844, 4008, 498, 291, 1159, 385, 3847, 754, 586, 51159], \"temperature\": 0.0, \"avg_logprob\": -0.2169315665960312, \"compression_ratio\": 1.6142857074737549, \"no_speech_prob\": 8.614359830971807e-05}, {\"id\": 17, \"seek\": 2778, \"start\": 43.68000030517578, \"end\": 45.63999938964844, \"text\": \" is around 10 repetitions and why?\", \"tokens\": [51159, 307, 926, 1266, 13645, 2451, 293, 983, 30, 51257], \"temperature\": 0.0, \"avg_logprob\": -0.2169315665960312, \"compression_ratio\": 1.6142857074737549, \"no_speech_prob\": 8.614359830971807e-05}, {\"id\": 18, \"seek\": 2778, \"start\": 45.63999938964844, \"end\": 47.63999938964844, \"text\": \" How many sets are we talking?\", \"tokens\": [51257, 1012, 867, 6352, 366, 321, 1417, 30, 51357], \"temperature\": 0.0, \"avg_logprob\": -0.2169315665960312, \"compression_ratio\": 1.6142857074737549, \"no_speech_prob\": 8.614359830971807e-05}, {\"id\": 19, \"seek\": 2778, \"start\": 47.63999938964844, \"end\": 49.439998626708984, \"text\": \" I would do 20 sets per body part.\", \"tokens\": [51357, 286, 576, 360, 945, 6352, 680, 1772, 644, 13, 51447], \"temperature\": 0.0, \"avg_logprob\": -0.2169315665960312, \"compression_ratio\": 1.6142857074737549, \"no_speech_prob\": 8.614359830971807e-05}, {\"id\": 20, \"seek\": 2778, \"start\": 49.439998626708984, \"end\": 52.15999984741211, \"text\": \" So I would pick like five or six different movements\", \"tokens\": [51447, 407, 286, 576, 1888, 411, 1732, 420, 2309, 819, 9981, 51583], \"temperature\": 0.0, \"avg_logprob\": -0.2169315665960312, \"compression_ratio\": 1.6142857074737549, \"no_speech_prob\": 8.614359830971807e-05}, {\"id\": 21, \"seek\": 2778, \"start\": 52.15999984741211, \"end\": 53.900001525878906, \"text\": \" to hit from different angles.\", \"tokens\": [51583, 281, 2045, 490, 819, 14708, 13, 51670], \"temperature\": 0.0, \"avg_logprob\": -0.2169315665960312, \"compression_ratio\": 1.6142857074737549, \"no_speech_prob\": 8.614359830971807e-05}, {\"id\": 22, \"seek\": 2778, \"start\": 53.900001525878906, \"end\": 55.52000045776367, \"text\": \" And I was a high volume trainer.\", \"tokens\": [51670, 400, 286, 390, 257, 1090, 5523, 21110, 13, 51751], \"temperature\": 0.0, \"avg_logprob\": -0.2169315665960312, \"compression_ratio\": 1.6142857074737549, \"no_speech_prob\": 8.614359830971807e-05}, {\"id\": 23, \"seek\": 5552, \"start\": 55.52000045776367, \"end\": 58.02000045776367, \"text\": \" I think ideally, if I was to say,\", \"tokens\": [50364, 286, 519, 22915, 11, 498, 286, 390, 281, 584, 11, 50489], \"temperature\": 0.0, \"avg_logprob\": -0.2709057629108429, \"compression_ratio\": 1.750915765762329, \"no_speech_prob\": 1.1300768164801411e-05}, {\"id\": 24, \"seek\": 5552, \"start\": 58.02000045776367, \"end\": 59.7400016784668, \"text\": \" okay, Michael, you wanna work out?\", \"tokens\": [50489, 1392, 11, 5116, 11, 291, 1948, 589, 484, 30, 50575], \"temperature\": 0.0, \"avg_logprob\": -0.2709057629108429, \"compression_ratio\": 1.750915765762329, \"no_speech_prob\": 1.1300768164801411e-05}, {\"id\": 25, \"seek\": 5552, \"start\": 59.7400016784668, \"end\": 61.5, \"text\": \" I would focus on nine total sets.\", \"tokens\": [50575, 286, 576, 1879, 322, 4949, 3217, 6352, 13, 50663], \"temperature\": 0.0, \"avg_logprob\": -0.2709057629108429, \"compression_ratio\": 1.750915765762329, \"no_speech_prob\": 1.1300768164801411e-05}, {\"id\": 26, \"seek\": 5552, \"start\": 61.5, \"end\": 63.86000061035156, \"text\": \" So if you're gonna do chest, I'd say do, you know,\", \"tokens\": [50663, 407, 498, 291, 434, 799, 360, 7443, 11, 286, 1116, 584, 360, 11, 291, 458, 11, 50781], \"temperature\": 0.0, \"avg_logprob\": -0.2709057629108429, \"compression_ratio\": 1.750915765762329, \"no_speech_prob\": 1.1300768164801411e-05}, {\"id\": 27, \"seek\": 5552, \"start\": 63.86000061035156, \"end\": 65.9800033569336, \"text\": \" bench press, you know, a fly movement\", \"tokens\": [50781, 10638, 1886, 11, 291, 458, 11, 257, 3603, 3963, 50887], \"temperature\": 0.0, \"avg_logprob\": -0.2709057629108429, \"compression_ratio\": 1.750915765762329, \"no_speech_prob\": 1.1300768164801411e-05}, {\"id\": 28, \"seek\": 5552, \"start\": 65.9800033569336, \"end\": 67.73999786376953, \"text\": \" and then like some sort of like a pec deck\", \"tokens\": [50887, 293, 550, 411, 512, 1333, 295, 411, 257, 42451, 9341, 50975], \"temperature\": 0.0, \"avg_logprob\": -0.2709057629108429, \"compression_ratio\": 1.750915765762329, \"no_speech_prob\": 1.1300768164801411e-05}, {\"id\": 29, \"seek\": 5552, \"start\": 67.73999786376953, \"end\": 68.58000183105469, \"text\": \" or something like that.\", \"tokens\": [50975, 420, 746, 411, 300, 13, 51017], \"temperature\": 0.0, \"avg_logprob\": -0.2709057629108429, \"compression_ratio\": 1.750915765762329, \"no_speech_prob\": 1.1300768164801411e-05}, {\"id\": 30, \"seek\": 5552, \"start\": 68.58000183105469, \"end\": 69.58000183105469, \"text\": \" Three sets each.\", \"tokens\": [51017, 6244, 6352, 1184, 13, 51067], \"temperature\": 0.0, \"avg_logprob\": -0.2709057629108429, \"compression_ratio\": 1.750915765762329, \"no_speech_prob\": 1.1300768164801411e-05}, {\"id\": 31, \"seek\": 5552, \"start\": 69.58000183105469, \"end\": 73.77999877929688, \"text\": \" So these are nine, three sets each of the nine.\", \"tokens\": [51067, 407, 613, 366, 4949, 11, 1045, 6352, 1184, 295, 264, 4949, 13, 51277], \"temperature\": 0.0, \"avg_logprob\": -0.2709057629108429, \"compression_ratio\": 1.750915765762329, \"no_speech_prob\": 1.1300768164801411e-05}, {\"id\": 32, \"seek\": 5552, \"start\": 73.77999877929688, \"end\": 76.26000213623047, \"text\": \" So we're talking 27 sets total.\", \"tokens\": [51277, 407, 321, 434, 1417, 7634, 6352, 3217, 13, 51401], \"temperature\": 0.0, \"avg_logprob\": -0.2709057629108429, \"compression_ratio\": 1.750915765762329, \"no_speech_prob\": 1.1300768164801411e-05}, {\"id\": 33, \"seek\": 5552, \"start\": 76.26000213623047, \"end\": 77.77999877929688, \"text\": \" Which I do about 20 total.\", \"tokens\": [51401, 3013, 286, 360, 466, 945, 3217, 13, 51477], \"temperature\": 0.0, \"avg_logprob\": -0.2709057629108429, \"compression_ratio\": 1.750915765762329, \"no_speech_prob\": 1.1300768164801411e-05}, {\"id\": 34, \"seek\": 5552, \"start\": 77.77999877929688, \"end\": 79.73999786376953, \"text\": \" So I do three sets per exercise.\", \"tokens\": [51477, 407, 286, 360, 1045, 6352, 680, 5380, 13, 51575], \"temperature\": 0.0, \"avg_logprob\": -0.2709057629108429, \"compression_ratio\": 1.750915765762329, \"no_speech_prob\": 1.1300768164801411e-05}, {\"id\": 35, \"seek\": 5552, \"start\": 79.73999786376953, \"end\": 80.58000183105469, \"text\": \" Okay.\", \"tokens\": [51575, 1033, 13, 51617], \"temperature\": 0.0, \"avg_logprob\": -0.2709057629108429, \"compression_ratio\": 1.750915765762329, \"no_speech_prob\": 1.1300768164801411e-05}, {\"id\": 36, \"seek\": 5552, \"start\": 80.58000183105469, \"end\": 81.4000015258789, \"text\": \" So I would do like-\", \"tokens\": [51617, 407, 286, 576, 360, 411, 12, 51658], \"temperature\": 0.0, \"avg_logprob\": -0.2709057629108429, \"compression_ratio\": 1.750915765762329, \"no_speech_prob\": 1.1300768164801411e-05}, {\"id\": 37, \"seek\": 5552, \"start\": 81.4000015258789, \"end\": 82.86000061035156, \"text\": \" Three sets of 12 per exercise.\", \"tokens\": [51658, 6244, 6352, 295, 2272, 680, 5380, 13, 51731], \"temperature\": 0.0, \"avg_logprob\": -0.2709057629108429, \"compression_ratio\": 1.750915765762329, \"no_speech_prob\": 1.1300768164801411e-05}, {\"id\": 38, \"seek\": 5552, \"start\": 82.86000061035156, \"end\": 83.69999694824219, \"text\": \" Yeah.\", \"tokens\": [51731, 865, 13, 51773], \"temperature\": 0.0, \"avg_logprob\": -0.2709057629108429, \"compression_ratio\": 1.750915765762329, \"no_speech_prob\": 1.1300768164801411e-05}, {\"id\": 39, \"seek\": 8370, \"start\": 83.72000122070312, \"end\": 85.80000305175781, \"text\": \" I don't understand the 20 sets part of it.\", \"tokens\": [50365, 286, 500, 380, 1223, 264, 945, 6352, 644, 295, 309, 13, 50469], \"temperature\": 0.0, \"avg_logprob\": -0.2405199110507965, \"compression_ratio\": 1.781154990196228, \"no_speech_prob\": 0.00019716579117812216}, {\"id\": 40, \"seek\": 8370, \"start\": 85.80000305175781, \"end\": 86.63999938964844, \"text\": \" That part's crazy.\", \"tokens\": [50469, 663, 644, 311, 3219, 13, 50511], \"temperature\": 0.0, \"avg_logprob\": -0.2405199110507965, \"compression_ratio\": 1.781154990196228, \"no_speech_prob\": 0.00019716579117812216}, {\"id\": 41, \"seek\": 8370, \"start\": 86.63999938964844, \"end\": 87.83999633789062, \"text\": \" Yeah, so I would do, you know,\", \"tokens\": [50511, 865, 11, 370, 286, 576, 360, 11, 291, 458, 11, 50571], \"temperature\": 0.0, \"avg_logprob\": -0.2405199110507965, \"compression_ratio\": 1.781154990196228, \"no_speech_prob\": 0.00019716579117812216}, {\"id\": 42, \"seek\": 8370, \"start\": 87.83999633789062, \"end\": 90.4000015258789, \"text\": \" at least three or four sets per exercise.\", \"tokens\": [50571, 412, 1935, 1045, 420, 1451, 6352, 680, 5380, 13, 50699], \"temperature\": 0.0, \"avg_logprob\": -0.2405199110507965, \"compression_ratio\": 1.781154990196228, \"no_speech_prob\": 0.00019716579117812216}, {\"id\": 43, \"seek\": 8370, \"start\": 90.4000015258789, \"end\": 91.83999633789062, \"text\": \" So if you're gonna do a flat bench,\", \"tokens\": [50699, 407, 498, 291, 434, 799, 360, 257, 4962, 10638, 11, 50771], \"temperature\": 0.0, \"avg_logprob\": -0.2405199110507965, \"compression_ratio\": 1.781154990196228, \"no_speech_prob\": 0.00019716579117812216}, {\"id\": 44, \"seek\": 8370, \"start\": 91.83999633789062, \"end\": 94.87999725341797, \"text\": \" I would do it, you know, for three or four sets of 12 reps.\", \"tokens\": [50771, 286, 576, 360, 309, 11, 291, 458, 11, 337, 1045, 420, 1451, 6352, 295, 2272, 27007, 13, 50923], \"temperature\": 0.0, \"avg_logprob\": -0.2405199110507965, \"compression_ratio\": 1.781154990196228, \"no_speech_prob\": 0.00019716579117812216}, {\"id\": 45, \"seek\": 8370, \"start\": 94.87999725341797, \"end\": 97.04000091552734, \"text\": \" Then I would move to like an incline press,\", \"tokens\": [50923, 1396, 286, 576, 1286, 281, 411, 364, 834, 1889, 1886, 11, 51031], \"temperature\": 0.0, \"avg_logprob\": -0.2405199110507965, \"compression_ratio\": 1.781154990196228, \"no_speech_prob\": 0.00019716579117812216}, {\"id\": 46, \"seek\": 8370, \"start\": 97.04000091552734, \"end\": 98.41999816894531, \"text\": \" you know, do the same\", \"tokens\": [51031, 291, 458, 11, 360, 264, 912, 51100], \"temperature\": 0.0, \"avg_logprob\": -0.2405199110507965, \"compression_ratio\": 1.781154990196228, \"no_speech_prob\": 0.00019716579117812216}, {\"id\": 47, \"seek\": 8370, \"start\": 98.41999816894531, \"end\": 100.5999984741211, \"text\": \" and then kind of switch it around depending on the day.\", \"tokens\": [51100, 293, 550, 733, 295, 3679, 309, 926, 5413, 322, 264, 786, 13, 51209], \"temperature\": 0.0, \"avg_logprob\": -0.2405199110507965, \"compression_ratio\": 1.781154990196228, \"no_speech_prob\": 0.00019716579117812216}, {\"id\": 48, \"seek\": 8370, \"start\": 100.5999984741211, \"end\": 102.05999755859375, \"text\": \" And people like to switch the routine,\", \"tokens\": [51209, 400, 561, 411, 281, 3679, 264, 9927, 11, 51282], \"temperature\": 0.0, \"avg_logprob\": -0.2405199110507965, \"compression_ratio\": 1.781154990196228, \"no_speech_prob\": 0.00019716579117812216}, {\"id\": 49, \"seek\": 8370, \"start\": 102.05999755859375, \"end\": 105.86000061035156, \"text\": \" but truthfully, I don't really switch up what I do.\", \"tokens\": [51282, 457, 3494, 2277, 11, 286, 500, 380, 534, 3679, 493, 437, 286, 360, 13, 51472], \"temperature\": 0.0, \"avg_logprob\": -0.2405199110507965, \"compression_ratio\": 1.781154990196228, \"no_speech_prob\": 0.00019716579117812216}, {\"id\": 50, \"seek\": 8370, \"start\": 105.86000061035156, \"end\": 109.12000274658203, \"text\": \" Because after 20, 30 years of doing this,\", \"tokens\": [51472, 1436, 934, 945, 11, 2217, 924, 295, 884, 341, 11, 51635], \"temperature\": 0.0, \"avg_logprob\": -0.2405199110507965, \"compression_ratio\": 1.781154990196228, \"no_speech_prob\": 0.00019716579117812216}, {\"id\": 51, \"seek\": 8370, \"start\": 109.12000274658203, \"end\": 110.44000244140625, \"text\": \" you know what kind of works, right?\", \"tokens\": [51635, 291, 458, 437, 733, 295, 1985, 11, 558, 30, 51701], \"temperature\": 0.0, \"avg_logprob\": -0.2405199110507965, \"compression_ratio\": 1.781154990196228, \"no_speech_prob\": 0.00019716579117812216}, {\"id\": 52, \"seek\": 8370, \"start\": 110.44000244140625, \"end\": 111.27999877929688, \"text\": \" You're kind of limited,\", \"tokens\": [51701, 509, 434, 733, 295, 5567, 11, 51743], \"temperature\": 0.0, \"avg_logprob\": -0.2405199110507965, \"compression_ratio\": 1.781154990196228, \"no_speech_prob\": 0.00019716579117812216}, {\"id\": 53, \"seek\": 8370, \"start\": 111.27999877929688, \"end\": 113.12000274658203, \"text\": \" especially the people that train at home\", \"tokens\": [51743, 2318, 264, 561, 300, 3847, 412, 1280, 51835], \"temperature\": 0.0, \"avg_logprob\": -0.2405199110507965, \"compression_ratio\": 1.781154990196228, \"no_speech_prob\": 0.00019716579117812216}, {\"id\": 54, \"seek\": 11312, \"start\": 113.45999908447266, \"end\": 114.66000366210938, \"text\": \" because of pandemic or whatever else.\", \"tokens\": [50381, 570, 295, 5388, 420, 2035, 1646, 13, 50441], \"temperature\": 0.0, \"avg_logprob\": -0.22267858684062958, \"compression_ratio\": 1.7542856931686401, \"no_speech_prob\": 2.28278040594887e-05}, {\"id\": 55, \"seek\": 11312, \"start\": 114.66000366210938, \"end\": 116.23999786376953, \"text\": \" Your gym is only so equipped, right?\", \"tokens\": [50441, 2260, 9222, 307, 787, 370, 15218, 11, 558, 30, 50520], \"temperature\": 0.0, \"avg_logprob\": -0.22267858684062958, \"compression_ratio\": 1.7542856931686401, \"no_speech_prob\": 2.28278040594887e-05}, {\"id\": 56, \"seek\": 11312, \"start\": 116.23999786376953, \"end\": 120.41999816894531, \"text\": \" So whether it's dumbbells, barbells, cables,\", \"tokens\": [50520, 407, 1968, 309, 311, 39316, 82, 11, 2159, 7100, 82, 11, 17555, 11, 50729], \"temperature\": 0.0, \"avg_logprob\": -0.22267858684062958, \"compression_ratio\": 1.7542856931686401, \"no_speech_prob\": 2.28278040594887e-05}, {\"id\": 57, \"seek\": 11312, \"start\": 120.41999816894531, \"end\": 121.55999755859375, \"text\": \" now you have a lot of machines\", \"tokens\": [50729, 586, 291, 362, 257, 688, 295, 8379, 50786], \"temperature\": 0.0, \"avg_logprob\": -0.22267858684062958, \"compression_ratio\": 1.7542856931686401, \"no_speech_prob\": 2.28278040594887e-05}, {\"id\": 58, \"seek\": 11312, \"start\": 121.55999755859375, \"end\": 122.66000366210938, \"text\": \" that mimic a lot of those things.\", \"tokens\": [50786, 300, 31075, 257, 688, 295, 729, 721, 13, 50841], \"temperature\": 0.0, \"avg_logprob\": -0.22267858684062958, \"compression_ratio\": 1.7542856931686401, \"no_speech_prob\": 2.28278040594887e-05}, {\"id\": 59, \"seek\": 11312, \"start\": 122.66000366210938, \"end\": 123.81999969482422, \"text\": \" I didn't have that in the beginning.\", \"tokens\": [50841, 286, 994, 380, 362, 300, 294, 264, 2863, 13, 50899], \"temperature\": 0.0, \"avg_logprob\": -0.22267858684062958, \"compression_ratio\": 1.7542856931686401, \"no_speech_prob\": 2.28278040594887e-05}, {\"id\": 60, \"seek\": 11312, \"start\": 123.81999969482422, \"end\": 125.45999908447266, \"text\": \" So I was a free weight pusher.\", \"tokens\": [50899, 407, 286, 390, 257, 1737, 3364, 31252, 511, 13, 50981], \"temperature\": 0.0, \"avg_logprob\": -0.22267858684062958, \"compression_ratio\": 1.7542856931686401, \"no_speech_prob\": 2.28278040594887e-05}, {\"id\": 61, \"seek\": 11312, \"start\": 127.0199966430664, \"end\": 129.47999572753906, \"text\": \" You know, it was really just kind of whatever worked\", \"tokens\": [51059, 509, 458, 11, 309, 390, 534, 445, 733, 295, 2035, 2732, 51182], \"temperature\": 0.0, \"avg_logprob\": -0.22267858684062958, \"compression_ratio\": 1.7542856931686401, \"no_speech_prob\": 2.28278040594887e-05}, {\"id\": 62, \"seek\": 11312, \"start\": 129.47999572753906, \"end\": 130.5800018310547, \"text\": \" the best for me.\", \"tokens\": [51182, 264, 1151, 337, 385, 13, 51237], \"temperature\": 0.0, \"avg_logprob\": -0.22267858684062958, \"compression_ratio\": 1.7542856931686401, \"no_speech_prob\": 2.28278040594887e-05}, {\"id\": 63, \"seek\": 11312, \"start\": 130.5800018310547, \"end\": 132.4199981689453, \"text\": \" And to this day, I still train with a lot of free weights.\", \"tokens\": [51237, 400, 281, 341, 786, 11, 286, 920, 3847, 365, 257, 688, 295, 1737, 17443, 13, 51329], \"temperature\": 0.0, \"avg_logprob\": -0.22267858684062958, \"compression_ratio\": 1.7542856931686401, \"no_speech_prob\": 2.28278040594887e-05}, {\"id\": 64, \"seek\": 11312, \"start\": 132.4199981689453, \"end\": 134.60000610351562, \"text\": \" You know, I don't have any injuries that hinder that\", \"tokens\": [51329, 509, 458, 11, 286, 500, 380, 362, 604, 14799, 300, 276, 5669, 300, 51438], \"temperature\": 0.0, \"avg_logprob\": -0.22267858684062958, \"compression_ratio\": 1.7542856931686401, \"no_speech_prob\": 2.28278040594887e-05}, {\"id\": 65, \"seek\": 11312, \"start\": 134.60000610351562, \"end\": 136.66000366210938, \"text\": \" or any aches and pains, which is crazy.\", \"tokens\": [51438, 420, 604, 2800, 279, 293, 29774, 11, 597, 307, 3219, 13, 51541], \"temperature\": 0.0, \"avg_logprob\": -0.22267858684062958, \"compression_ratio\": 1.7542856931686401, \"no_speech_prob\": 2.28278040594887e-05}, {\"id\": 66, \"seek\": 11312, \"start\": 136.66000366210938, \"end\": 137.5800018310547, \"text\": \" What kind of cardio do you do?\", \"tokens\": [51541, 708, 733, 295, 34274, 360, 291, 360, 30, 51587], \"temperature\": 0.0, \"avg_logprob\": -0.22267858684062958, \"compression_ratio\": 1.7542856931686401, \"no_speech_prob\": 2.28278040594887e-05}, {\"id\": 67, \"seek\": 11312, \"start\": 137.5800018310547, \"end\": 139.4600067138672, \"text\": \" You talk about you have to do,\", \"tokens\": [51587, 509, 751, 466, 291, 362, 281, 360, 11, 51681], \"temperature\": 0.0, \"avg_logprob\": -0.22267858684062958, \"compression_ratio\": 1.7542856931686401, \"no_speech_prob\": 2.28278040594887e-05}, {\"id\": 68, \"seek\": 11312, \"start\": 139.4600067138672, \"end\": 140.5399932861328, \"text\": \" like you'll have one cardio session.\", \"tokens\": [51681, 411, 291, 603, 362, 472, 34274, 5481, 13, 51735], \"temperature\": 0.0, \"avg_logprob\": -0.22267858684062958, \"compression_ratio\": 1.7542856931686401, \"no_speech_prob\": 2.28278040594887e-05}, {\"id\": 69, \"seek\": 11312, \"start\": 140.5399932861328, \"end\": 141.3800048828125, \"text\": \" Is it just a treadmill?\", \"tokens\": [51735, 1119, 309, 445, 257, 46374, 30, 51777], \"temperature\": 0.0, \"avg_logprob\": -0.22267858684062958, \"compression_ratio\": 1.7542856931686401, \"no_speech_prob\": 2.28278040594887e-05}, {\"id\": 70, \"seek\": 11312, \"start\": 141.3800048828125, \"end\": 142.1999969482422, \"text\": \" I do everything.\", \"tokens\": [51777, 286, 360, 1203, 13, 51818], \"temperature\": 0.0, \"avg_logprob\": -0.22267858684062958, \"compression_ratio\": 1.7542856931686401, \"no_speech_prob\": 2.28278040594887e-05}, {\"id\": 71, \"seek\": 14220, \"start\": 142.1999969482422, \"end\": 143.74000549316406, \"text\": \" So I walk outside.\", \"tokens\": [50364, 407, 286, 1792, 2380, 13, 50441], \"temperature\": 0.0, \"avg_logprob\": -0.2648645341396332, \"compression_ratio\": 1.6799999475479126, \"no_speech_prob\": 4.832405466004275e-05}, {\"id\": 72, \"seek\": 14220, \"start\": 143.74000549316406, \"end\": 144.94000244140625, \"text\": \" I have a step mill at my house.\", \"tokens\": [50441, 286, 362, 257, 1823, 1728, 412, 452, 1782, 13, 50501], \"temperature\": 0.0, \"avg_logprob\": -0.2648645341396332, \"compression_ratio\": 1.6799999475479126, \"no_speech_prob\": 4.832405466004275e-05}, {\"id\": 73, \"seek\": 14220, \"start\": 144.94000244140625, \"end\": 147.10000610351562, \"text\": \" I have a treadmill, elliptical, bike, sit down bike.\", \"tokens\": [50501, 286, 362, 257, 46374, 11, 8284, 22439, 804, 11, 5656, 11, 1394, 760, 5656, 13, 50609], \"temperature\": 0.0, \"avg_logprob\": -0.2648645341396332, \"compression_ratio\": 1.6799999475479126, \"no_speech_prob\": 4.832405466004275e-05}, {\"id\": 74, \"seek\": 14220, \"start\": 147.10000610351562, \"end\": 148.66000366210938, \"text\": \" I have it all pretty much.\", \"tokens\": [50609, 286, 362, 309, 439, 1238, 709, 13, 50687], \"temperature\": 0.0, \"avg_logprob\": -0.2648645341396332, \"compression_ratio\": 1.6799999475479126, \"no_speech_prob\": 4.832405466004275e-05}, {\"id\": 75, \"seek\": 14220, \"start\": 148.66000366210938, \"end\": 151.13999938964844, \"text\": \" I don't do like rowing or anything,\", \"tokens\": [50687, 286, 500, 380, 360, 411, 5386, 278, 420, 1340, 11, 50811], \"temperature\": 0.0, \"avg_logprob\": -0.2648645341396332, \"compression_ratio\": 1.6799999475479126, \"no_speech_prob\": 4.832405466004275e-05}, {\"id\": 76, \"seek\": 14220, \"start\": 151.13999938964844, \"end\": 154.86000061035156, \"text\": \" but preferably for bodybuilding contests,\", \"tokens\": [50811, 457, 45916, 337, 1772, 28126, 660, 4409, 11, 50997], \"temperature\": 0.0, \"avg_logprob\": -0.2648645341396332, \"compression_ratio\": 1.6799999475479126, \"no_speech_prob\": 4.832405466004275e-05}, {\"id\": 77, \"seek\": 14220, \"start\": 154.86000061035156, \"end\": 156.82000732421875, \"text\": \" believe it or not, the stairs were the best thing.\", \"tokens\": [50997, 1697, 309, 420, 406, 11, 264, 13471, 645, 264, 1151, 551, 13, 51095], \"temperature\": 0.0, \"avg_logprob\": -0.2648645341396332, \"compression_ratio\": 1.6799999475479126, \"no_speech_prob\": 4.832405466004275e-05}, {\"id\": 78, \"seek\": 14220, \"start\": 156.82000732421875, \"end\": 159.66000366210938, \"text\": \" The rotating stairs, because you're working\", \"tokens\": [51095, 440, 19627, 13471, 11, 570, 291, 434, 1364, 51237], \"temperature\": 0.0, \"avg_logprob\": -0.2648645341396332, \"compression_ratio\": 1.6799999475479126, \"no_speech_prob\": 4.832405466004275e-05}, {\"id\": 79, \"seek\": 14220, \"start\": 159.66000366210938, \"end\": 162.02000427246094, \"text\": \" more of your backside, your glutes and hamstrings,\", \"tokens\": [51237, 544, 295, 428, 35370, 11, 428, 1563, 1819, 293, 7852, 50035, 11, 51355], \"temperature\": 0.0, \"avg_logprob\": -0.2648645341396332, \"compression_ratio\": 1.6799999475479126, \"no_speech_prob\": 4.832405466004275e-05}, {\"id\": 80, \"seek\": 14220, \"start\": 162.02000427246094, \"end\": 164.3000030517578, \"text\": \" that tie in, and that's so important these days.\", \"tokens\": [51355, 300, 7582, 294, 11, 293, 300, 311, 370, 1021, 613, 1708, 13, 51469], \"temperature\": 0.0, \"avg_logprob\": -0.2648645341396332, \"compression_ratio\": 1.6799999475479126, \"no_speech_prob\": 4.832405466004275e-05}, {\"id\": 81, \"seek\": 14220, \"start\": 164.3000030517578, \"end\": 169.05999755859375, \"text\": \" If you asked any of the top Olympia champions to this era,\", \"tokens\": [51469, 759, 291, 2351, 604, 295, 264, 1192, 10395, 654, 11230, 281, 341, 4249, 11, 51707], \"temperature\": 0.0, \"avg_logprob\": -0.2648645341396332, \"compression_ratio\": 1.6799999475479126, \"no_speech_prob\": 4.832405466004275e-05}, {\"id\": 82, \"seek\": 16906, \"start\": 169.0800018310547, \"end\": 172.1199951171875, \"text\": \" including Phil Heath, Ronnie, myself,\", \"tokens\": [50365, 3009, 7777, 46622, 11, 46131, 11, 2059, 11, 50517], \"temperature\": 0.0, \"avg_logprob\": -0.2163344770669937, \"compression_ratio\": 1.59765625, \"no_speech_prob\": 2.078493344015442e-05}, {\"id\": 83, \"seek\": 16906, \"start\": 172.1199951171875, \"end\": 175.75999450683594, \"text\": \" and probably, you know, Big Ramy, you know,\", \"tokens\": [50517, 293, 1391, 11, 291, 458, 11, 5429, 497, 7804, 11, 291, 458, 11, 50699], \"temperature\": 0.0, \"avg_logprob\": -0.2163344770669937, \"compression_ratio\": 1.59765625, \"no_speech_prob\": 2.078493344015442e-05}, {\"id\": 84, \"seek\": 16906, \"start\": 175.75999450683594, \"end\": 178.60000610351562, \"text\": \" all these guys, we did a lot of stairs.\", \"tokens\": [50699, 439, 613, 1074, 11, 321, 630, 257, 688, 295, 13471, 13, 50841], \"temperature\": 0.0, \"avg_logprob\": -0.2163344770669937, \"compression_ratio\": 1.59765625, \"no_speech_prob\": 2.078493344015442e-05}, {\"id\": 85, \"seek\": 16906, \"start\": 178.60000610351562, \"end\": 183.1999969482422, \"text\": \" Okay, for a certain cardio workout,\", \"tokens\": [50841, 1033, 11, 337, 257, 1629, 34274, 12169, 11, 51071], \"temperature\": 0.0, \"avg_logprob\": -0.2163344770669937, \"compression_ratio\": 1.59765625, \"no_speech_prob\": 2.078493344015442e-05}, {\"id\": 86, \"seek\": 16906, \"start\": 183.1999969482422, \"end\": 185.0, \"text\": \" what are your goals for a certain cardio workout?\", \"tokens\": [51071, 437, 366, 428, 5493, 337, 257, 1629, 34274, 12169, 30, 51161], \"temperature\": 0.0, \"avg_logprob\": -0.2163344770669937, \"compression_ratio\": 1.59765625, \"no_speech_prob\": 2.078493344015442e-05}, {\"id\": 87, \"seek\": 16906, \"start\": 185.0, \"end\": 185.83999633789062, \"text\": \" How many calories?\", \"tokens\": [51161, 1012, 867, 14904, 30, 51203], \"temperature\": 0.0, \"avg_logprob\": -0.2163344770669937, \"compression_ratio\": 1.59765625, \"no_speech_prob\": 2.078493344015442e-05}, {\"id\": 88, \"seek\": 16906, \"start\": 185.83999633789062, \"end\": 189.1999969482422, \"text\": \" I don't necessarily have a calorie set or a heart rate.\", \"tokens\": [51203, 286, 500, 380, 4725, 362, 257, 35004, 992, 420, 257, 1917, 3314, 13, 51371], \"temperature\": 0.0, \"avg_logprob\": -0.2163344770669937, \"compression_ratio\": 1.59765625, \"no_speech_prob\": 2.078493344015442e-05}, {\"id\": 89, \"seek\": 16906, \"start\": 189.1999969482422, \"end\": 191.36000061035156, \"text\": \" It's basically on a time schedule.\", \"tokens\": [51371, 467, 311, 1936, 322, 257, 565, 7567, 13, 51479], \"temperature\": 0.0, \"avg_logprob\": -0.2163344770669937, \"compression_ratio\": 1.59765625, \"no_speech_prob\": 2.078493344015442e-05}, {\"id\": 90, \"seek\": 16906, \"start\": 191.36000061035156, \"end\": 195.60000610351562, \"text\": \" So for Mr. Olympia, most of us do two sessions a day.\", \"tokens\": [51479, 407, 337, 2221, 13, 10395, 654, 11, 881, 295, 505, 360, 732, 11081, 257, 786, 13, 51691], \"temperature\": 0.0, \"avg_logprob\": -0.2163344770669937, \"compression_ratio\": 1.59765625, \"no_speech_prob\": 2.078493344015442e-05}, {\"id\": 91, \"seek\": 16906, \"start\": 195.60000610351562, \"end\": 197.0800018310547, \"text\": \" So we usually do fast in the morning.\", \"tokens\": [51691, 407, 321, 2673, 360, 2370, 294, 264, 2446, 13, 51765], \"temperature\": 0.0, \"avg_logprob\": -0.2163344770669937, \"compression_ratio\": 1.59765625, \"no_speech_prob\": 2.078493344015442e-05}, {\"id\": 92, \"seek\": 19708, \"start\": 197.0800018310547, \"end\": 198.86000061035156, \"text\": \" I think the ideal time to do your cardio\", \"tokens\": [50364, 286, 519, 264, 7157, 565, 281, 360, 428, 34274, 50453], \"temperature\": 0.0, \"avg_logprob\": -0.2275461107492447, \"compression_ratio\": 1.7759740352630615, \"no_speech_prob\": 6.438974196498748e-06}, {\"id\": 93, \"seek\": 19708, \"start\": 198.86000061035156, \"end\": 201.4199981689453, \"text\": \" is first thing in the morning, empty stomach,\", \"tokens\": [50453, 307, 700, 551, 294, 264, 2446, 11, 6707, 9665, 11, 50581], \"temperature\": 0.0, \"avg_logprob\": -0.2275461107492447, \"compression_ratio\": 1.7759740352630615, \"no_speech_prob\": 6.438974196498748e-06}, {\"id\": 94, \"seek\": 19708, \"start\": 201.4199981689453, \"end\": 204.89999389648438, \"text\": \" or after the weight training session, or at night,\", \"tokens\": [50581, 420, 934, 264, 3364, 3097, 5481, 11, 420, 412, 1818, 11, 50755], \"temperature\": 0.0, \"avg_logprob\": -0.2275461107492447, \"compression_ratio\": 1.7759740352630615, \"no_speech_prob\": 6.438974196498748e-06}, {\"id\": 95, \"seek\": 19708, \"start\": 204.89999389648438, \"end\": 207.05999755859375, \"text\": \" like before you go to bed or whatever,\", \"tokens\": [50755, 411, 949, 291, 352, 281, 2901, 420, 2035, 11, 50863], \"temperature\": 0.0, \"avg_logprob\": -0.2275461107492447, \"compression_ratio\": 1.7759740352630615, \"no_speech_prob\": 6.438974196498748e-06}, {\"id\": 96, \"seek\": 19708, \"start\": 207.05999755859375, \"end\": 208.52000427246094, \"text\": \" just to increase your metabolism.\", \"tokens\": [50863, 445, 281, 3488, 428, 31190, 13, 50936], \"temperature\": 0.0, \"avg_logprob\": -0.2275461107492447, \"compression_ratio\": 1.7759740352630615, \"no_speech_prob\": 6.438974196498748e-06}, {\"id\": 97, \"seek\": 19708, \"start\": 208.52000427246094, \"end\": 209.86000061035156, \"text\": \" That's the whole goal of cardio.\", \"tokens\": [50936, 663, 311, 264, 1379, 3387, 295, 34274, 13, 51003], \"temperature\": 0.0, \"avg_logprob\": -0.2275461107492447, \"compression_ratio\": 1.7759740352630615, \"no_speech_prob\": 6.438974196498748e-06}, {\"id\": 98, \"seek\": 19708, \"start\": 209.86000061035156, \"end\": 212.22000122070312, \"text\": \" It's not like, I know you can get on the machines\", \"tokens\": [51003, 467, 311, 406, 411, 11, 286, 458, 291, 393, 483, 322, 264, 8379, 51121], \"temperature\": 0.0, \"avg_logprob\": -0.2275461107492447, \"compression_ratio\": 1.7759740352630615, \"no_speech_prob\": 6.438974196498748e-06}, {\"id\": 99, \"seek\": 19708, \"start\": 212.22000122070312, \"end\": 215.39999389648438, \"text\": \" and you can say, I burned 500 calories.\", \"tokens\": [51121, 293, 291, 393, 584, 11, 286, 13490, 5923, 14904, 13, 51280], \"temperature\": 0.0, \"avg_logprob\": -0.2275461107492447, \"compression_ratio\": 1.7759740352630615, \"no_speech_prob\": 6.438974196498748e-06}, {\"id\": 100, \"seek\": 19708, \"start\": 215.39999389648438, \"end\": 217.74000549316406, \"text\": \" Ideally, what you want to do is you want to continue\", \"tokens\": [51280, 40817, 11, 437, 291, 528, 281, 360, 307, 291, 528, 281, 2354, 51397], \"temperature\": 0.0, \"avg_logprob\": -0.2275461107492447, \"compression_ratio\": 1.7759740352630615, \"no_speech_prob\": 6.438974196498748e-06}, {\"id\": 101, \"seek\": 19708, \"start\": 217.74000549316406, \"end\": 219.0, \"text\": \" to boost your metabolism.\", \"tokens\": [51397, 281, 9194, 428, 31190, 13, 51460], \"temperature\": 0.0, \"avg_logprob\": -0.2275461107492447, \"compression_ratio\": 1.7759740352630615, \"no_speech_prob\": 6.438974196498748e-06}, {\"id\": 102, \"seek\": 19708, \"start\": 219.0, \"end\": 222.3800048828125, \"text\": \" So that's why you do these consistent workouts.\", \"tokens\": [51460, 407, 300, 311, 983, 291, 360, 613, 8398, 28300, 13, 51629], \"temperature\": 0.0, \"avg_logprob\": -0.2275461107492447, \"compression_ratio\": 1.7759740352630615, \"no_speech_prob\": 6.438974196498748e-06}, {\"id\": 103, \"seek\": 19708, \"start\": 222.3800048828125, \"end\": 225.4199981689453, \"text\": \" And I mentioned also, I train several times in a day\", \"tokens\": [51629, 400, 286, 2835, 611, 11, 286, 3847, 2940, 1413, 294, 257, 786, 51781], \"temperature\": 0.0, \"avg_logprob\": -0.2275461107492447, \"compression_ratio\": 1.7759740352630615, \"no_speech_prob\": 6.438974196498748e-06}, {\"id\": 104, \"seek\": 19708, \"start\": 225.4199981689453, \"end\": 226.89999389648438, \"text\": \" where I'm hitting the metabolism.\", \"tokens\": [51781, 689, 286, 478, 8850, 264, 31190, 13, 51855], \"temperature\": 0.0, \"avg_logprob\": -0.2275461107492447, \"compression_ratio\": 1.7759740352630615, \"no_speech_prob\": 6.438974196498748e-06}, {\"id\": 105, \"seek\": 22690, \"start\": 227.60000610351562, \"end\": 230.47999572753906, \"text\": \" That way I can maintain the eating capacity,\", \"tokens\": [50399, 663, 636, 286, 393, 6909, 264, 3936, 6042, 11, 50543], \"temperature\": 0.0, \"avg_logprob\": -0.23986057937145233, \"compression_ratio\": 1.6832060813903809, \"no_speech_prob\": 2.84091365756467e-05}, {\"id\": 106, \"seek\": 22690, \"start\": 230.47999572753906, \"end\": 235.16000366210938, \"text\": \" but also I can keep body fat as lean as possible\", \"tokens\": [50543, 457, 611, 286, 393, 1066, 1772, 4046, 382, 11659, 382, 1944, 50777], \"temperature\": 0.0, \"avg_logprob\": -0.23986057937145233, \"compression_ratio\": 1.6832060813903809, \"no_speech_prob\": 2.84091365756467e-05}, {\"id\": 107, \"seek\": 22690, \"start\": 235.16000366210938, \"end\": 237.0800018310547, \"text\": \" and put on muscle tissue at the same time.\", \"tokens\": [50777, 293, 829, 322, 8679, 12404, 412, 264, 912, 565, 13, 50873], \"temperature\": 0.0, \"avg_logprob\": -0.23986057937145233, \"compression_ratio\": 1.6832060813903809, \"no_speech_prob\": 2.84091365756467e-05}, {\"id\": 108, \"seek\": 22690, \"start\": 237.0800018310547, \"end\": 239.32000732421875, \"text\": \" What kind of advice would you give to somebody\", \"tokens\": [50873, 708, 733, 295, 5192, 576, 291, 976, 281, 2618, 50985], \"temperature\": 0.0, \"avg_logprob\": -0.23986057937145233, \"compression_ratio\": 1.6832060813903809, \"no_speech_prob\": 2.84091365756467e-05}, {\"id\": 109, \"seek\": 22690, \"start\": 239.32000732421875, \"end\": 241.0800018310547, \"text\": \" just starting off in the early 20s?\", \"tokens\": [50985, 445, 2891, 766, 294, 264, 2440, 945, 82, 30, 51073], \"temperature\": 0.0, \"avg_logprob\": -0.23986057937145233, \"compression_ratio\": 1.6832060813903809, \"no_speech_prob\": 2.84091365756467e-05}, {\"id\": 110, \"seek\": 22690, \"start\": 241.0800018310547, \"end\": 244.60000610351562, \"text\": \" You know, I would kind of just find a program\", \"tokens\": [51073, 509, 458, 11, 286, 576, 733, 295, 445, 915, 257, 1461, 51249], \"temperature\": 0.0, \"avg_logprob\": -0.23986057937145233, \"compression_ratio\": 1.6832060813903809, \"no_speech_prob\": 2.84091365756467e-05}, {\"id\": 111, \"seek\": 22690, \"start\": 244.60000610351562, \"end\": 246.36000061035156, \"text\": \" that works well for you around your schedule.\", \"tokens\": [51249, 300, 1985, 731, 337, 291, 926, 428, 7567, 13, 51337], \"temperature\": 0.0, \"avg_logprob\": -0.23986057937145233, \"compression_ratio\": 1.6832060813903809, \"no_speech_prob\": 2.84091365756467e-05}, {\"id\": 112, \"seek\": 22690, \"start\": 246.36000061035156, \"end\": 249.60000610351562, \"text\": \" That means like around your work or school schedule.\", \"tokens\": [51337, 663, 1355, 411, 926, 428, 589, 420, 1395, 7567, 13, 51499], \"temperature\": 0.0, \"avg_logprob\": -0.23986057937145233, \"compression_ratio\": 1.6832060813903809, \"no_speech_prob\": 2.84091365756467e-05}, {\"id\": 113, \"seek\": 22690, \"start\": 250.55999755859375, \"end\": 252.83999633789062, \"text\": \" Pick a workout that you're in the gym\", \"tokens\": [51547, 14129, 257, 12169, 300, 291, 434, 294, 264, 9222, 51661], \"temperature\": 0.0, \"avg_logprob\": -0.23986057937145233, \"compression_ratio\": 1.6832060813903809, \"no_speech_prob\": 2.84091365756467e-05}, {\"id\": 114, \"seek\": 22690, \"start\": 252.83999633789062, \"end\": 255.1199951171875, \"text\": \" at three or four days a week to start.\", \"tokens\": [51661, 412, 1045, 420, 1451, 1708, 257, 1243, 281, 722, 13, 51775], \"temperature\": 0.0, \"avg_logprob\": -0.23986057937145233, \"compression_ratio\": 1.6832060813903809, \"no_speech_prob\": 2.84091365756467e-05}, {\"id\": 115, \"seek\": 25512, \"start\": 255.1199951171875, \"end\": 258.7799987792969, \"text\": \" I mean, I train up to five or six days total,\", \"tokens\": [50364, 286, 914, 11, 286, 3847, 493, 281, 1732, 420, 2309, 1708, 3217, 11, 50547], \"temperature\": 0.0, \"avg_logprob\": -0.2239825576543808, \"compression_ratio\": 1.733564019203186, \"no_speech_prob\": 5.3909992857370526e-05}, {\"id\": 116, \"seek\": 25512, \"start\": 258.7799987792969, \"end\": 260.2200012207031, \"text\": \" not necessarily all days in a row,\", \"tokens\": [50547, 406, 4725, 439, 1708, 294, 257, 5386, 11, 50619], \"temperature\": 0.0, \"avg_logprob\": -0.2239825576543808, \"compression_ratio\": 1.733564019203186, \"no_speech_prob\": 5.3909992857370526e-05}, {\"id\": 117, \"seek\": 25512, \"start\": 260.2200012207031, \"end\": 264.17999267578125, \"text\": \" but train each body part once every five to seven days.\", \"tokens\": [50619, 457, 3847, 1184, 1772, 644, 1564, 633, 1732, 281, 3407, 1708, 13, 50817], \"temperature\": 0.0, \"avg_logprob\": -0.2239825576543808, \"compression_ratio\": 1.733564019203186, \"no_speech_prob\": 5.3909992857370526e-05}, {\"id\": 118, \"seek\": 25512, \"start\": 264.17999267578125, \"end\": 267.29998779296875, \"text\": \" The eating program, there's a lot of information online.\", \"tokens\": [50817, 440, 3936, 1461, 11, 456, 311, 257, 688, 295, 1589, 2950, 13, 50973], \"temperature\": 0.0, \"avg_logprob\": -0.2239825576543808, \"compression_ratio\": 1.733564019203186, \"no_speech_prob\": 5.3909992857370526e-05}, {\"id\": 119, \"seek\": 25512, \"start\": 267.29998779296875, \"end\": 270.8599853515625, \"text\": \" I mean, I have a lot of cool things through my channels,\", \"tokens\": [50973, 286, 914, 11, 286, 362, 257, 688, 295, 1627, 721, 807, 452, 9235, 11, 51151], \"temperature\": 0.0, \"avg_logprob\": -0.2239825576543808, \"compression_ratio\": 1.733564019203186, \"no_speech_prob\": 5.3909992857370526e-05}, {\"id\": 120, \"seek\": 25512, \"start\": 270.8599853515625, \"end\": 272.2200012207031, \"text\": \" whether it's Instagram or-\", \"tokens\": [51151, 1968, 309, 311, 5281, 420, 12, 51219], \"temperature\": 0.0, \"avg_logprob\": -0.2239825576543808, \"compression_ratio\": 1.733564019203186, \"no_speech_prob\": 5.3909992857370526e-05}, {\"id\": 121, \"seek\": 25512, \"start\": 272.2200012207031, \"end\": 274.29998779296875, \"text\": \" Do you have any channels for HRT?\", \"tokens\": [51219, 1144, 291, 362, 604, 9235, 337, 19460, 51, 30, 51323], \"temperature\": 0.0, \"avg_logprob\": -0.2239825576543808, \"compression_ratio\": 1.733564019203186, \"no_speech_prob\": 5.3909992857370526e-05}, {\"id\": 122, \"seek\": 25512, \"start\": 274.29998779296875, \"end\": 275.32000732421875, \"text\": \" I don't, no.\", \"tokens\": [51323, 286, 500, 380, 11, 572, 13, 51374], \"temperature\": 0.0, \"avg_logprob\": -0.2239825576543808, \"compression_ratio\": 1.733564019203186, \"no_speech_prob\": 5.3909992857370526e-05}, {\"id\": 123, \"seek\": 25512, \"start\": 275.32000732421875, \"end\": 276.7799987792969, \"text\": \" I don't, but there's so many.\", \"tokens\": [51374, 286, 500, 380, 11, 457, 456, 311, 370, 867, 13, 51447], \"temperature\": 0.0, \"avg_logprob\": -0.2239825576543808, \"compression_ratio\": 1.733564019203186, \"no_speech_prob\": 5.3909992857370526e-05}, {\"id\": 124, \"seek\": 25512, \"start\": 276.7799987792969, \"end\": 278.3399963378906, \"text\": \" I mean, there's so much you can learn about it.\", \"tokens\": [51447, 286, 914, 11, 456, 311, 370, 709, 291, 393, 1466, 466, 309, 13, 51525], \"temperature\": 0.0, \"avg_logprob\": -0.2239825576543808, \"compression_ratio\": 1.733564019203186, \"no_speech_prob\": 5.3909992857370526e-05}, {\"id\": 125, \"seek\": 25512, \"start\": 278.3399963378906, \"end\": 281.4200134277344, \"text\": \" But being that early, I would focus on\", \"tokens\": [51525, 583, 885, 300, 2440, 11, 286, 576, 1879, 322, 51679], \"temperature\": 0.0, \"avg_logprob\": -0.2239825576543808, \"compression_ratio\": 1.733564019203186, \"no_speech_prob\": 5.3909992857370526e-05}, {\"id\": 126, \"seek\": 25512, \"start\": 281.4200134277344, \"end\": 284.6400146484375, \"text\": \" getting the routine down, getting a nutrition program down,\", \"tokens\": [51679, 1242, 264, 9927, 760, 11, 1242, 257, 14718, 1461, 760, 11, 51840], \"temperature\": 0.0, \"avg_logprob\": -0.2239825576543808, \"compression_ratio\": 1.733564019203186, \"no_speech_prob\": 5.3909992857370526e-05}, {\"id\": 127, \"seek\": 28464, \"start\": 285.1400146484375, \"end\": 287.29998779296875, \"text\": \" whether it's hiring a nutritionist or a trainer,\", \"tokens\": [50389, 1968, 309, 311, 15335, 257, 14718, 468, 420, 257, 21110, 11, 50497], \"temperature\": 0.0, \"avg_logprob\": -0.23097336292266846, \"compression_ratio\": 1.7870370149612427, \"no_speech_prob\": 4.683852966991253e-05}, {\"id\": 128, \"seek\": 28464, \"start\": 287.29998779296875, \"end\": 288.6199951171875, \"text\": \" someone that can give you the guidance\", \"tokens\": [50497, 1580, 300, 393, 976, 291, 264, 10056, 50563], \"temperature\": 0.0, \"avg_logprob\": -0.23097336292266846, \"compression_ratio\": 1.7870370149612427, \"no_speech_prob\": 4.683852966991253e-05}, {\"id\": 129, \"seek\": 28464, \"start\": 288.6199951171875, \"end\": 290.6400146484375, \"text\": \" and see how your body reacts.\", \"tokens\": [50563, 293, 536, 577, 428, 1772, 33305, 13, 50664], \"temperature\": 0.0, \"avg_logprob\": -0.23097336292266846, \"compression_ratio\": 1.7870370149612427, \"no_speech_prob\": 4.683852966991253e-05}, {\"id\": 130, \"seek\": 28464, \"start\": 290.6400146484375, \"end\": 292.0, \"text\": \" You know, give yourself six months.\", \"tokens\": [50664, 509, 458, 11, 976, 1803, 2309, 2493, 13, 50732], \"temperature\": 0.0, \"avg_logprob\": -0.23097336292266846, \"compression_ratio\": 1.7870370149612427, \"no_speech_prob\": 4.683852966991253e-05}, {\"id\": 131, \"seek\": 28464, \"start\": 292.0, \"end\": 294.17999267578125, \"text\": \" You know, take everything six months at a time.\", \"tokens\": [50732, 509, 458, 11, 747, 1203, 2309, 2493, 412, 257, 565, 13, 50841], \"temperature\": 0.0, \"avg_logprob\": -0.23097336292266846, \"compression_ratio\": 1.7870370149612427, \"no_speech_prob\": 4.683852966991253e-05}, {\"id\": 132, \"seek\": 28464, \"start\": 294.17999267578125, \"end\": 296.2200012207031, \"text\": \" Once you're, you know, we have different levels.\", \"tokens\": [50841, 3443, 291, 434, 11, 291, 458, 11, 321, 362, 819, 4358, 13, 50943], \"temperature\": 0.0, \"avg_logprob\": -0.23097336292266846, \"compression_ratio\": 1.7870370149612427, \"no_speech_prob\": 4.683852966991253e-05}, {\"id\": 133, \"seek\": 28464, \"start\": 296.2200012207031, \"end\": 298.5400085449219, \"text\": \" So you're a beginner, intermediate, and advanced.\", \"tokens\": [50943, 407, 291, 434, 257, 22080, 11, 19376, 11, 293, 7339, 13, 51059], \"temperature\": 0.0, \"avg_logprob\": -0.23097336292266846, \"compression_ratio\": 1.7870370149612427, \"no_speech_prob\": 4.683852966991253e-05}, {\"id\": 134, \"seek\": 28464, \"start\": 298.5400085449219, \"end\": 300.0400085449219, \"text\": \" I think anyone training after a year\", \"tokens\": [51059, 286, 519, 2878, 3097, 934, 257, 1064, 51134], \"temperature\": 0.0, \"avg_logprob\": -0.23097336292266846, \"compression_ratio\": 1.7870370149612427, \"no_speech_prob\": 4.683852966991253e-05}, {\"id\": 135, \"seek\": 28464, \"start\": 300.0400085449219, \"end\": 302.2200012207031, \"text\": \" is more of an advanced trainer, right?\", \"tokens\": [51134, 307, 544, 295, 364, 7339, 21110, 11, 558, 30, 51243], \"temperature\": 0.0, \"avg_logprob\": -0.23097336292266846, \"compression_ratio\": 1.7870370149612427, \"no_speech_prob\": 4.683852966991253e-05}, {\"id\": 136, \"seek\": 28464, \"start\": 302.2200012207031, \"end\": 305.3999938964844, \"text\": \" I think that you now, as long as you're consistent with it,\", \"tokens\": [51243, 286, 519, 300, 291, 586, 11, 382, 938, 382, 291, 434, 8398, 365, 309, 11, 51402], \"temperature\": 0.0, \"avg_logprob\": -0.23097336292266846, \"compression_ratio\": 1.7870370149612427, \"no_speech_prob\": 4.683852966991253e-05}, {\"id\": 137, \"seek\": 28464, \"start\": 305.3999938964844, \"end\": 308.9800109863281, \"text\": \" you find that rhythm and you make the adjustments,\", \"tokens\": [51402, 291, 915, 300, 11801, 293, 291, 652, 264, 18624, 11, 51581], \"temperature\": 0.0, \"avg_logprob\": -0.23097336292266846, \"compression_ratio\": 1.7870370149612427, \"no_speech_prob\": 4.683852966991253e-05}, {\"id\": 138, \"seek\": 28464, \"start\": 308.9800109863281, \"end\": 311.1600036621094, \"text\": \" you know, find out what exercises work well for you,\", \"tokens\": [51581, 291, 458, 11, 915, 484, 437, 11900, 589, 731, 337, 291, 11, 51690], \"temperature\": 0.0, \"avg_logprob\": -0.23097336292266846, \"compression_ratio\": 1.7870370149612427, \"no_speech_prob\": 4.683852966991253e-05}, {\"id\": 139, \"seek\": 28464, \"start\": 311.1600036621094, \"end\": 313.70001220703125, \"text\": \" what rep ranges, but more importantly,\", \"tokens\": [51690, 437, 1085, 22526, 11, 457, 544, 8906, 11, 51817], \"temperature\": 0.0, \"avg_logprob\": -0.23097336292266846, \"compression_ratio\": 1.7870370149612427, \"no_speech_prob\": 4.683852966991253e-05}, {\"id\": 140, \"seek\": 31370, \"start\": 313.70001220703125, \"end\": 315.8800048828125, \"text\": \" what kind of foods you're able to monitor.\", \"tokens\": [50364, 437, 733, 295, 8656, 291, 434, 1075, 281, 6002, 13, 50473], \"temperature\": 0.0, \"avg_logprob\": -0.24204665422439575, \"compression_ratio\": 1.4823529720306396, \"no_speech_prob\": 7.0303758548107e-05}, {\"id\": 141, \"seek\": 31370, \"start\": 315.8800048828125, \"end\": 317.3599853515625, \"text\": \" And meal prepping is huge.\", \"tokens\": [50473, 400, 6791, 659, 3759, 307, 2603, 13, 50547], \"temperature\": 0.0, \"avg_logprob\": -0.24204665422439575, \"compression_ratio\": 1.4823529720306396, \"no_speech_prob\": 7.0303758548107e-05}, {\"id\": 142, \"seek\": 31370, \"start\": 317.3599853515625, \"end\": 318.7200012207031, \"text\": \" It's important.\", \"tokens\": [50547, 467, 311, 1021, 13, 50615], \"temperature\": 0.0, \"avg_logprob\": -0.24204665422439575, \"compression_ratio\": 1.4823529720306396, \"no_speech_prob\": 7.0303758548107e-05}, {\"id\": 143, \"seek\": 31370, \"start\": 318.7200012207031, \"end\": 321.6000061035156, \"text\": \" So that means, you know, preparing food ahead of time,\", \"tokens\": [50615, 407, 300, 1355, 11, 291, 458, 11, 10075, 1755, 2286, 295, 565, 11, 50759], \"temperature\": 0.0, \"avg_logprob\": -0.24204665422439575, \"compression_ratio\": 1.4823529720306396, \"no_speech_prob\": 7.0303758548107e-05}, {\"id\": 144, \"seek\": 31370, \"start\": 321.6000061035156, \"end\": 323.8599853515625, \"text\": \" not just eating once or twice a day.\", \"tokens\": [50759, 406, 445, 3936, 1564, 420, 6091, 257, 786, 13, 50872], \"temperature\": 0.0, \"avg_logprob\": -0.24204665422439575, \"compression_ratio\": 1.4823529720306396, \"no_speech_prob\": 7.0303758548107e-05}, {\"id\": 145, \"seek\": 31370, \"start\": 323.8599853515625, \"end\": 325.2799987792969, \"text\": \" And it's gonna help with everything,\", \"tokens\": [50872, 400, 309, 311, 799, 854, 365, 1203, 11, 50943], \"temperature\": 0.0, \"avg_logprob\": -0.24204665422439575, \"compression_ratio\": 1.4823529720306396, \"no_speech_prob\": 7.0303758548107e-05}, {\"id\": 146, \"seek\": 31370, \"start\": 325.2799987792969, \"end\": 327.1600036621094, \"text\": \" with, you know, all your progression.\", \"tokens\": [50943, 365, 11, 291, 458, 11, 439, 428, 18733, 13, 51037], \"temperature\": 0.0, \"avg_logprob\": -0.24204665422439575, \"compression_ratio\": 1.4823529720306396, \"no_speech_prob\": 7.0303758548107e-05}]}"}