{"title": "\ufffcNick Santanastasso: Decided to Cut My Arm Off \ud83d\udcaa\ud83c\udffc", "video_id": "PKWWakDIAfg", "video_url": "https://www.youtube.com/watch?v=PKWWakDIAfg", "description": "For more info go to:\nhttps://m.moamentoring.com/podcast\n\nBecome an affiliate for MOA Mentoring: https://www.moamentoring.com/earn\n\nWatch the full video:\nhttps://youtu.be/dAzUzJoE_A0", "published_at": "2022-07-16T21:17:13Z", "channel_id": "UC0T1bDzajVefRWx4uKdGyuw", "channel_title": "Michael Sartain", "tags": [], "category_id": "24", "live_broadcast_content": "none", "duration": 25.0, "dimension": "2d", "definition": "hd", "caption": "false", "view_count": 19435, "like_count": 158, "comment_count": 10, "channel_info": {"title": "Michael Sartain", "description": "\ud83c\udf99Host of The\u00a0Michael Sartain Podcast \n\n\ud83d\udd25Teaching you how to build a network of desirable women and high-status men\n\n\ud83d\udc47 Click the \"Men of Action\" link below now to forge a high-status lifestyle and join the elites \n", "subscriber_count": "80500", "total_views": "29545897", "total_videos": "1481"}, "comments": [], "file_path": "/Users/aelaguiz/workspace/fc_book/audio/raws/PKWWakDIAfg.mp3", "transcription": "{\"text\": \"when I was 15 or 16 and I presented the solution of like hey I'm in discomfort here's a solution let's amputate my arm they were like okay he brought the solution let's ride let's do it right and so 16 years old we went in for the surgery I looked at the doctor I was like doc I need to be able to beat someone over the head with his arm when I come out I gotta be able to do some good things and I went along with the surgery I came out it went beautifully and I always say you know I go back to school the happiest kid that just \", \"segments\": [{\"id\": 0, \"seek\": 0, \"start\": 0.0, \"end\": 4.71999979019165, \"text\": \" when I was 15 or 16 and I presented the solution of like hey I'm in discomfort\", \"tokens\": [50364, 562, 286, 390, 2119, 420, 3165, 293, 286, 8212, 264, 3827, 295, 411, 4177, 286, 478, 294, 28552, 50600], \"temperature\": 0.0, \"avg_logprob\": -0.33012473583221436, \"compression_ratio\": 1.8402777910232544, \"no_speech_prob\": 0.0015482408925890923}, {\"id\": 1, \"seek\": 0, \"start\": 4.71999979019165, \"end\": 7.639999866485596, \"text\": \" here's a solution let's amputate my arm they were like okay he brought the solution let's\", \"tokens\": [50600, 510, 311, 257, 3827, 718, 311, 669, 2582, 473, 452, 3726, 436, 645, 411, 1392, 415, 3038, 264, 3827, 718, 311, 50746], \"temperature\": 0.0, \"avg_logprob\": -0.33012473583221436, \"compression_ratio\": 1.8402777910232544, \"no_speech_prob\": 0.0015482408925890923}, {\"id\": 2, \"seek\": 0, \"start\": 7.639999866485596, \"end\": 12.359999656677246, \"text\": \" ride let's do it right and so 16 years old we went in for the surgery\", \"tokens\": [50746, 5077, 718, 311, 360, 309, 558, 293, 370, 3165, 924, 1331, 321, 1437, 294, 337, 264, 7930, 50982], \"temperature\": 0.0, \"avg_logprob\": -0.33012473583221436, \"compression_ratio\": 1.8402777910232544, \"no_speech_prob\": 0.0015482408925890923}, {\"id\": 3, \"seek\": 0, \"start\": 12.359999656677246, \"end\": 14.880000114440918, \"text\": \" I looked at the doctor I was like doc I need to be able to beat someone over the head with\", \"tokens\": [50982, 286, 2956, 412, 264, 4631, 286, 390, 411, 3211, 286, 643, 281, 312, 1075, 281, 4224, 1580, 670, 264, 1378, 365, 51108], \"temperature\": 0.0, \"avg_logprob\": -0.33012473583221436, \"compression_ratio\": 1.8402777910232544, \"no_speech_prob\": 0.0015482408925890923}, {\"id\": 4, \"seek\": 0, \"start\": 14.880000114440918, \"end\": 17.68000030517578, \"text\": \" his arm when I come out I gotta be able to do some good things\", \"tokens\": [51108, 702, 3726, 562, 286, 808, 484, 286, 3428, 312, 1075, 281, 360, 512, 665, 721, 51248], \"temperature\": 0.0, \"avg_logprob\": -0.33012473583221436, \"compression_ratio\": 1.8402777910232544, \"no_speech_prob\": 0.0015482408925890923}, {\"id\": 5, \"seek\": 0, \"start\": 17.68000030517578, \"end\": 22.479999542236328, \"text\": \" and I went along with the surgery I came out it went beautifully and I always say you know\", \"tokens\": [51248, 293, 286, 1437, 2051, 365, 264, 7930, 286, 1361, 484, 309, 1437, 16525, 293, 286, 1009, 584, 291, 458, 51488], \"temperature\": 0.0, \"avg_logprob\": -0.33012473583221436, \"compression_ratio\": 1.8402777910232544, \"no_speech_prob\": 0.0015482408925890923}, {\"id\": 6, \"seek\": 0, \"start\": 22.479999542236328, \"end\": 24.079999923706055, \"text\": \" I go back to school the happiest kid that just\", \"tokens\": [51488, 286, 352, 646, 281, 1395, 264, 37584, 1636, 300, 445, 51568], \"temperature\": 0.0, \"avg_logprob\": -0.33012473583221436, \"compression_ratio\": 1.8402777910232544, \"no_speech_prob\": 0.0015482408925890923}]}"}