{"title": "Women Cheat With Their Heart, Men Cheat With Their... #shorts", "video_id": "pvn47reHJyA", "video_url": "https://www.youtube.com/watch?v=pvn47reHJyA", "description": "Ready to build a network of amazing women and high-status men?\n\nMichael\u2019s Men of Action is a one-on-one Master\u2019s program that teaches men how to create elite social lives by becoming higher status.\n\nClick this link to learn how you can have a High-Status lifestyle now:\nhttps://m.moamentoring.com/podcast\n\nClick here to join the Men of Action community and watch the High-Status Networking 101 course:\nhttps://m.moamentoring.com/moa-community\n\u2014\u2014\u2014\u2014\u2014\u2014\u2014\u2014\u2014\u2014\u2014\u2014\u2014\u2014\u2014\u2014\u2014\u2014\u2014\u2014\n\nSubscribe on Youtube: \nhttps://www.youtube.com/user/MichaelSartain\n\nListen on Apple Podcast: \nhttps://podcasts.apple.com/us/podcast/the-michael-sartain-podcast/id1579791157\n\nListen on Spotify: \nhttps://open.spotify.com/show/2faAYwvDD9Bvkpwv6umlPO?si=8Q3ak9HnSlKjuChsTXr6YQ&dl_branch=1", "published_at": "2023-05-12T19:15:02Z", "channel_id": "UC0T1bDzajVefRWx4uKdGyuw", "channel_title": "Michael Sartain", "tags": [], "category_id": "24", "live_broadcast_content": "none", "duration": 58.0, "dimension": "2d", "definition": "hd", "caption": "false", "view_count": 1073, "like_count": 56, "comment_count": 3, "channel_info": {"title": "Michael Sartain", "description": "\ud83c\udf99Host of The\u00a0Michael Sartain Podcast \n\n\ud83d\udd25Teaching you how to build a network of desirable women and high-status men\n\n\ud83d\udc47 Click the \"Men of Action\" link below now to forge a high-status lifestyle and join the elites \n", "subscriber_count": "80500", "total_views": "29545897", "total_videos": "1481"}, "comments": [], "file_path": "/Users/aelaguiz/workspace/fc_book/audio/raws/pvn47reHJyA.mp3", "transcription": "{\"text\": \"Yeah, women cheat with their hearts, men cheat with their d**k. Yeah, so that's another thing. So for men, when men cheat, women tend to ask, do you love her? When women cheat, men ask, did you f**k him? And that tends to, by the way, here's a funny thing. When homosexual men cheat, homosexual men ask, did you f**k him also? And when lesbian women cheat, lesbian women ask, do you love her? So it has, it goes across sexual preferences as far as the way men and women are set up, because men have 11 or 17 times as much testosterone as women do. And that's the reason why the sexual proclivity is so different. Men don't need to be comfortable to have sex with women. A really attractive woman comes up to a man to have sex. He's just going to be like, yes, yeah, this is my job. I'm supposed to do this. This is my job. I'm on earth for this. I'm on earth for this. I don't have any other choice. I have to do this now. Whereas a woman, a woman, it's really interesting. So if a man has a long term partner, he will choose short term sexual partners in some cases that are below his long term partner. Women are the opposite. Women generally, when they can choose a short term sexual partner, they're picking Brad Pitt. Right. They're picking way better looking. Exactly. This is why the bartender and the male stripper end up being the person. Exactly. Like I can't sleep with someone unless I have a very deep. \", \"segments\": [{\"id\": 0, \"seek\": 0, \"start\": 0.0, \"end\": 2.7200000286102295, \"text\": \" Yeah, women cheat with their hearts, men cheat with their d**k.\", \"tokens\": [50364, 865, 11, 2266, 17470, 365, 641, 8852, 11, 1706, 17470, 365, 641, 274, 4852, 74, 13, 50500], \"temperature\": 0.0, \"avg_logprob\": -0.30976858735084534, \"compression_ratio\": 2.0334346294403076, \"no_speech_prob\": 0.10082422196865082}, {\"id\": 1, \"seek\": 0, \"start\": 2.7200000286102295, \"end\": 6.0, \"text\": \" Yeah, so that's another thing. So for men, when men cheat, women tend to ask,\", \"tokens\": [50500, 865, 11, 370, 300, 311, 1071, 551, 13, 407, 337, 1706, 11, 562, 1706, 17470, 11, 2266, 3928, 281, 1029, 11, 50664], \"temperature\": 0.0, \"avg_logprob\": -0.30976858735084534, \"compression_ratio\": 2.0334346294403076, \"no_speech_prob\": 0.10082422196865082}, {\"id\": 2, \"seek\": 0, \"start\": 6.0, \"end\": 8.680000305175781, \"text\": \" do you love her? When women cheat, men ask, did you f**k him?\", \"tokens\": [50664, 360, 291, 959, 720, 30, 1133, 2266, 17470, 11, 1706, 1029, 11, 630, 291, 283, 4852, 74, 796, 30, 50798], \"temperature\": 0.0, \"avg_logprob\": -0.30976858735084534, \"compression_ratio\": 2.0334346294403076, \"no_speech_prob\": 0.10082422196865082}, {\"id\": 3, \"seek\": 0, \"start\": 9.0, \"end\": 11.079999923706055, \"text\": \" And that tends to, by the way, here's a funny thing.\", \"tokens\": [50814, 400, 300, 12258, 281, 11, 538, 264, 636, 11, 510, 311, 257, 4074, 551, 13, 50918], \"temperature\": 0.0, \"avg_logprob\": -0.30976858735084534, \"compression_ratio\": 2.0334346294403076, \"no_speech_prob\": 0.10082422196865082}, {\"id\": 4, \"seek\": 0, \"start\": 11.079999923706055, \"end\": 13.640000343322754, \"text\": \" When homosexual men cheat, homosexual men ask, did you f**k him also?\", \"tokens\": [50918, 1133, 30490, 1706, 17470, 11, 30490, 1706, 1029, 11, 630, 291, 283, 4852, 74, 796, 611, 30, 51046], \"temperature\": 0.0, \"avg_logprob\": -0.30976858735084534, \"compression_ratio\": 2.0334346294403076, \"no_speech_prob\": 0.10082422196865082}, {\"id\": 5, \"seek\": 0, \"start\": 13.640000343322754, \"end\": 16.15999984741211, \"text\": \" And when lesbian women cheat, lesbian women ask, do you love her?\", \"tokens\": [51046, 400, 562, 30253, 2266, 17470, 11, 30253, 2266, 1029, 11, 360, 291, 959, 720, 30, 51172], \"temperature\": 0.0, \"avg_logprob\": -0.30976858735084534, \"compression_ratio\": 2.0334346294403076, \"no_speech_prob\": 0.10082422196865082}, {\"id\": 6, \"seek\": 0, \"start\": 16.200000762939453, \"end\": 18.719999313354492, \"text\": \" So it has, it goes across sexual preferences\", \"tokens\": [51174, 407, 309, 575, 11, 309, 1709, 2108, 6701, 21910, 51300], \"temperature\": 0.0, \"avg_logprob\": -0.30976858735084534, \"compression_ratio\": 2.0334346294403076, \"no_speech_prob\": 0.10082422196865082}, {\"id\": 7, \"seek\": 0, \"start\": 18.959999084472656, \"end\": 22.31999969482422, \"text\": \" as far as the way men and women are set up, because men have 11 or 17 times\", \"tokens\": [51312, 382, 1400, 382, 264, 636, 1706, 293, 2266, 366, 992, 493, 11, 570, 1706, 362, 2975, 420, 3282, 1413, 51480], \"temperature\": 0.0, \"avg_logprob\": -0.30976858735084534, \"compression_ratio\": 2.0334346294403076, \"no_speech_prob\": 0.10082422196865082}, {\"id\": 8, \"seek\": 0, \"start\": 22.31999969482422, \"end\": 24.040000915527344, \"text\": \" as much testosterone as women do.\", \"tokens\": [51480, 382, 709, 33417, 382, 2266, 360, 13, 51566], \"temperature\": 0.0, \"avg_logprob\": -0.30976858735084534, \"compression_ratio\": 2.0334346294403076, \"no_speech_prob\": 0.10082422196865082}, {\"id\": 9, \"seek\": 0, \"start\": 24.040000915527344, \"end\": 26.280000686645508, \"text\": \" And that's the reason why the sexual proclivity is so different.\", \"tokens\": [51566, 400, 300, 311, 264, 1778, 983, 264, 6701, 447, 3474, 4253, 307, 370, 819, 13, 51678], \"temperature\": 0.0, \"avg_logprob\": -0.30976858735084534, \"compression_ratio\": 2.0334346294403076, \"no_speech_prob\": 0.10082422196865082}, {\"id\": 10, \"seek\": 0, \"start\": 26.31999969482422, \"end\": 28.15999984741211, \"text\": \" Men don't need to be comfortable to have sex with women.\", \"tokens\": [51680, 6685, 500, 380, 643, 281, 312, 4619, 281, 362, 3260, 365, 2266, 13, 51772], \"temperature\": 0.0, \"avg_logprob\": -0.30976858735084534, \"compression_ratio\": 2.0334346294403076, \"no_speech_prob\": 0.10082422196865082}, {\"id\": 11, \"seek\": 2816, \"start\": 28.15999984741211, \"end\": 30.1200008392334, \"text\": \" A really attractive woman comes up to a man to have sex.\", \"tokens\": [50364, 316, 534, 12609, 3059, 1487, 493, 281, 257, 587, 281, 362, 3260, 13, 50462], \"temperature\": 0.0, \"avg_logprob\": -0.26931947469711304, \"compression_ratio\": 1.9300518035888672, \"no_speech_prob\": 4.3317540985299274e-05}, {\"id\": 12, \"seek\": 2816, \"start\": 30.1200008392334, \"end\": 31.920000076293945, \"text\": \" He's just going to be like, yes, yeah, this is my job.\", \"tokens\": [50462, 634, 311, 445, 516, 281, 312, 411, 11, 2086, 11, 1338, 11, 341, 307, 452, 1691, 13, 50552], \"temperature\": 0.0, \"avg_logprob\": -0.26931947469711304, \"compression_ratio\": 1.9300518035888672, \"no_speech_prob\": 4.3317540985299274e-05}, {\"id\": 13, \"seek\": 2816, \"start\": 31.920000076293945, \"end\": 32.599998474121094, \"text\": \" I'm supposed to do this.\", \"tokens\": [50552, 286, 478, 3442, 281, 360, 341, 13, 50586], \"temperature\": 0.0, \"avg_logprob\": -0.26931947469711304, \"compression_ratio\": 1.9300518035888672, \"no_speech_prob\": 4.3317540985299274e-05}, {\"id\": 14, \"seek\": 2816, \"start\": 32.599998474121094, \"end\": 35.15999984741211, \"text\": \" This is my job. I'm on earth for this. I'm on earth for this.\", \"tokens\": [50586, 639, 307, 452, 1691, 13, 286, 478, 322, 4120, 337, 341, 13, 286, 478, 322, 4120, 337, 341, 13, 50714], \"temperature\": 0.0, \"avg_logprob\": -0.26931947469711304, \"compression_ratio\": 1.9300518035888672, \"no_speech_prob\": 4.3317540985299274e-05}, {\"id\": 15, \"seek\": 2816, \"start\": 35.15999984741211, \"end\": 36.720001220703125, \"text\": \" I don't have any other choice. I have to do this now.\", \"tokens\": [50714, 286, 500, 380, 362, 604, 661, 3922, 13, 286, 362, 281, 360, 341, 586, 13, 50792], \"temperature\": 0.0, \"avg_logprob\": -0.26931947469711304, \"compression_ratio\": 1.9300518035888672, \"no_speech_prob\": 4.3317540985299274e-05}, {\"id\": 16, \"seek\": 2816, \"start\": 36.720001220703125, \"end\": 38.720001220703125, \"text\": \" Whereas a woman, a woman, it's really interesting.\", \"tokens\": [50792, 13813, 257, 3059, 11, 257, 3059, 11, 309, 311, 534, 1880, 13, 50892], \"temperature\": 0.0, \"avg_logprob\": -0.26931947469711304, \"compression_ratio\": 1.9300518035888672, \"no_speech_prob\": 4.3317540985299274e-05}, {\"id\": 17, \"seek\": 2816, \"start\": 38.720001220703125, \"end\": 40.7599983215332, \"text\": \" So if a man has a long term partner,\", \"tokens\": [50892, 407, 498, 257, 587, 575, 257, 938, 1433, 4975, 11, 50994], \"temperature\": 0.0, \"avg_logprob\": -0.26931947469711304, \"compression_ratio\": 1.9300518035888672, \"no_speech_prob\": 4.3317540985299274e-05}, {\"id\": 18, \"seek\": 2816, \"start\": 40.7599983215332, \"end\": 43.47999954223633, \"text\": \" he will choose short term sexual partners in some cases\", \"tokens\": [50994, 415, 486, 2826, 2099, 1433, 6701, 4462, 294, 512, 3331, 51130], \"temperature\": 0.0, \"avg_logprob\": -0.26931947469711304, \"compression_ratio\": 1.9300518035888672, \"no_speech_prob\": 4.3317540985299274e-05}, {\"id\": 19, \"seek\": 2816, \"start\": 43.47999954223633, \"end\": 46.119998931884766, \"text\": \" that are below his long term partner. Women are the opposite.\", \"tokens\": [51130, 300, 366, 2507, 702, 938, 1433, 4975, 13, 11065, 366, 264, 6182, 13, 51262], \"temperature\": 0.0, \"avg_logprob\": -0.26931947469711304, \"compression_ratio\": 1.9300518035888672, \"no_speech_prob\": 4.3317540985299274e-05}, {\"id\": 20, \"seek\": 2816, \"start\": 46.31999969482422, \"end\": 48.400001525878906, \"text\": \" Women generally, when they can choose a short term sexual partner,\", \"tokens\": [51272, 11065, 5101, 11, 562, 436, 393, 2826, 257, 2099, 1433, 6701, 4975, 11, 51376], \"temperature\": 0.0, \"avg_logprob\": -0.26931947469711304, \"compression_ratio\": 1.9300518035888672, \"no_speech_prob\": 4.3317540985299274e-05}, {\"id\": 21, \"seek\": 2816, \"start\": 48.400001525878906, \"end\": 49.68000030517578, \"text\": \" they're picking Brad Pitt. Right.\", \"tokens\": [51376, 436, 434, 8867, 11895, 22861, 13, 1779, 13, 51440], \"temperature\": 0.0, \"avg_logprob\": -0.26931947469711304, \"compression_ratio\": 1.9300518035888672, \"no_speech_prob\": 4.3317540985299274e-05}, {\"id\": 22, \"seek\": 2816, \"start\": 49.68000030517578, \"end\": 51.119998931884766, \"text\": \" They're picking way better looking. Exactly.\", \"tokens\": [51440, 814, 434, 8867, 636, 1101, 1237, 13, 7587, 13, 51512], \"temperature\": 0.0, \"avg_logprob\": -0.26931947469711304, \"compression_ratio\": 1.9300518035888672, \"no_speech_prob\": 4.3317540985299274e-05}, {\"id\": 23, \"seek\": 2816, \"start\": 51.119998931884766, \"end\": 53.68000030517578, \"text\": \" This is why the bartender and the male stripper end up being the person.\", \"tokens\": [51512, 639, 307, 983, 264, 44768, 3216, 293, 264, 7133, 3575, 3717, 917, 493, 885, 264, 954, 13, 51640], \"temperature\": 0.0, \"avg_logprob\": -0.26931947469711304, \"compression_ratio\": 1.9300518035888672, \"no_speech_prob\": 4.3317540985299274e-05}, {\"id\": 24, \"seek\": 2816, \"start\": 53.84000015258789, \"end\": 56.91999816894531, \"text\": \" Exactly. Like I can't sleep with someone unless I have a very deep.\", \"tokens\": [51648, 7587, 13, 1743, 286, 393, 380, 2817, 365, 1580, 5969, 286, 362, 257, 588, 2452, 13, 51802], \"temperature\": 0.0, \"avg_logprob\": -0.26931947469711304, \"compression_ratio\": 1.9300518035888672, \"no_speech_prob\": 4.3317540985299274e-05}]}"}