{"title": "Masha Diduk: B*tch\u2026Sell The Bag \ud83d\udc5c", "video_id": "PWombMHEGtk", "video_url": "https://www.youtube.com/watch?v=PWombMHEGtk", "description": "For more info got to: https://m.moamentoring.com/podcast\n\nBecome an affiliate for MOA Mentoring: https://www.moamentoring.com/earn", "published_at": "2022-07-09T00:53:02Z", "channel_id": "UC0T1bDzajVefRWx4uKdGyuw", "channel_title": "Michael Sartain", "tags": [], "category_id": "24", "live_broadcast_content": "none", "duration": 29.0, "dimension": "2d", "definition": "hd", "caption": "false", "view_count": 167269, "like_count": 2039, "comment_count": 92, "channel_info": {"title": "Michael Sartain", "description": "\ud83c\udf99Host of The\u00a0Michael Sartain Podcast \n\n\ud83d\udd25Teaching you how to build a network of desirable women and high-status men\n\n\ud83d\udc47 Click the \"Men of Action\" link below now to forge a high-status lifestyle and join the elites \n", "subscriber_count": "80500", "total_views": "29545897", "total_videos": "1481"}, "comments": [], "file_path": "/Users/aelaguiz/workspace/fc_book/audio/raws/PWombMHEGtk.mp3", "transcription": "{\"text\": \"So people could be like, wow, she has a $25,000 bag, but she has no house, doesn't own her car, is living paycheck to paycheck, but she has a $25,000 bag. I've never understood that. It was like, as a woman, like, do you need the bag to get laid? No. Do you need the bag to get a job? No. Men aren't impressed by it. You're trying to impress girls who you don't like, like grow up, sell the bag, put that down payment on a car or a house, like do something for yourself. Like you do not need this bag. \", \"segments\": [{\"id\": 0, \"seek\": 0, \"start\": 0.0, \"end\": 5.039999961853027, \"text\": \" So people could be like, wow, she has a $25,000 bag, but she has no house,\", \"tokens\": [50364, 407, 561, 727, 312, 411, 11, 6076, 11, 750, 575, 257, 1848, 6074, 11, 1360, 3411, 11, 457, 750, 575, 572, 1782, 11, 50616], \"temperature\": 0.0, \"avg_logprob\": -0.2799586057662964, \"compression_ratio\": 1.75789475440979, \"no_speech_prob\": 0.00012730008165817708}, {\"id\": 1, \"seek\": 0, \"start\": 5.400000095367432, \"end\": 10.359999656677246, \"text\": \" doesn't own her car, is living paycheck to paycheck, but she has a $25,000 bag.\", \"tokens\": [50634, 1177, 380, 1065, 720, 1032, 11, 307, 2647, 35639, 281, 35639, 11, 457, 750, 575, 257, 1848, 6074, 11, 1360, 3411, 13, 50882], \"temperature\": 0.0, \"avg_logprob\": -0.2799586057662964, \"compression_ratio\": 1.75789475440979, \"no_speech_prob\": 0.00012730008165817708}, {\"id\": 2, \"seek\": 0, \"start\": 10.600000381469727, \"end\": 11.479999542236328, \"text\": \" I've never understood that.\", \"tokens\": [50894, 286, 600, 1128, 7320, 300, 13, 50938], \"temperature\": 0.0, \"avg_logprob\": -0.2799586057662964, \"compression_ratio\": 1.75789475440979, \"no_speech_prob\": 0.00012730008165817708}, {\"id\": 3, \"seek\": 0, \"start\": 11.479999542236328, \"end\": 14.399999618530273, \"text\": \" It was like, as a woman, like, do you need the bag to get laid?\", \"tokens\": [50938, 467, 390, 411, 11, 382, 257, 3059, 11, 411, 11, 360, 291, 643, 264, 3411, 281, 483, 9897, 30, 51084], \"temperature\": 0.0, \"avg_logprob\": -0.2799586057662964, \"compression_ratio\": 1.75789475440979, \"no_speech_prob\": 0.00012730008165817708}, {\"id\": 4, \"seek\": 0, \"start\": 14.4399995803833, \"end\": 14.880000114440918, \"text\": \" No.\", \"tokens\": [51086, 883, 13, 51108], \"temperature\": 0.0, \"avg_logprob\": -0.2799586057662964, \"compression_ratio\": 1.75789475440979, \"no_speech_prob\": 0.00012730008165817708}, {\"id\": 5, \"seek\": 0, \"start\": 14.960000038146973, \"end\": 16.399999618530273, \"text\": \" Do you need the bag to get a job?\", \"tokens\": [51112, 1144, 291, 643, 264, 3411, 281, 483, 257, 1691, 30, 51184], \"temperature\": 0.0, \"avg_logprob\": -0.2799586057662964, \"compression_ratio\": 1.75789475440979, \"no_speech_prob\": 0.00012730008165817708}, {\"id\": 6, \"seek\": 0, \"start\": 16.479999542236328, \"end\": 16.959999084472656, \"text\": \" No.\", \"tokens\": [51188, 883, 13, 51212], \"temperature\": 0.0, \"avg_logprob\": -0.2799586057662964, \"compression_ratio\": 1.75789475440979, \"no_speech_prob\": 0.00012730008165817708}, {\"id\": 7, \"seek\": 0, \"start\": 17.0, \"end\": 18.280000686645508, \"text\": \" Men aren't impressed by it.\", \"tokens\": [51214, 6685, 3212, 380, 11679, 538, 309, 13, 51278], \"temperature\": 0.0, \"avg_logprob\": -0.2799586057662964, \"compression_ratio\": 1.75789475440979, \"no_speech_prob\": 0.00012730008165817708}, {\"id\": 8, \"seek\": 0, \"start\": 18.280000686645508, \"end\": 23.040000915527344, \"text\": \" You're trying to impress girls who you don't like, like grow up, sell the bag,\", \"tokens\": [51278, 509, 434, 1382, 281, 6729, 4519, 567, 291, 500, 380, 411, 11, 411, 1852, 493, 11, 3607, 264, 3411, 11, 51516], \"temperature\": 0.0, \"avg_logprob\": -0.2799586057662964, \"compression_ratio\": 1.75789475440979, \"no_speech_prob\": 0.00012730008165817708}, {\"id\": 9, \"seek\": 0, \"start\": 23.079999923706055, \"end\": 26.200000762939453, \"text\": \" put that down payment on a car or a house, like do something for yourself.\", \"tokens\": [51518, 829, 300, 760, 10224, 322, 257, 1032, 420, 257, 1782, 11, 411, 360, 746, 337, 1803, 13, 51674], \"temperature\": 0.0, \"avg_logprob\": -0.2799586057662964, \"compression_ratio\": 1.75789475440979, \"no_speech_prob\": 0.00012730008165817708}, {\"id\": 10, \"seek\": 0, \"start\": 26.200000762939453, \"end\": 27.600000381469727, \"text\": \" Like you do not need this bag.\", \"tokens\": [51674, 1743, 291, 360, 406, 643, 341, 3411, 13, 51744], \"temperature\": 0.0, \"avg_logprob\": -0.2799586057662964, \"compression_ratio\": 1.75789475440979, \"no_speech_prob\": 0.00012730008165817708}]}"}