{"title": "Dan Bilzerian's Approach To Dating Beautiful Women #shorts", "video_id": "PXtxX3jAF0g", "video_url": "https://www.youtube.com/watch?v=PXtxX3jAF0g", "description": "Ready to build a network of amazing women and high-status men?\n\nMichael\u2019s Men of Action is a one-on-one Master\u2019s program that teaches men how to create elite social lives by becoming higher status.\n\nClick this link to learn how you can have a High-Status lifestyle now:\nhttps://m.moamentoring.com/podcast\n\nClick here to join the Men of Action community and watch the High-Status Networking 101 course:\nhttps://m.moamentoring.com/moa-community\n\u2014\u2014\u2014\u2014\u2014\u2014\u2014\u2014\u2014\u2014\u2014\u2014\u2014\u2014\u2014\u2014\u2014\u2014\u2014\u2014\n\nSubscribe on Youtube: \nhttps://www.youtube.com/user/MichaelSartain\n\nListen on Apple Podcast: \nhttps://podcasts.apple.com/us/podcast/the-michael-sartain-podcast/id1579791157\n\nListen on Spotify: \nhttps://open.spotify.com/show/2faAYwvDD9Bvkpwv6umlPO?si=8Q3ak9HnSlKjuChsTXr6YQ&dl_branch=1", "published_at": "2023-05-09T19:15:00Z", "channel_id": "UC0T1bDzajVefRWx4uKdGyuw", "channel_title": "Michael Sartain", "tags": [], "category_id": "24", "live_broadcast_content": "none", "duration": 60.0, "dimension": "2d", "definition": "hd", "caption": "false", "view_count": 4693, "like_count": 105, "comment_count": 1, "channel_info": {"title": "Michael Sartain", "description": "\ud83c\udf99Host of The\u00a0Michael Sartain Podcast \n\n\ud83d\udd25Teaching you how to build a network of desirable women and high-status men\n\n\ud83d\udc47 Click the \"Men of Action\" link below now to forge a high-status lifestyle and join the elites \n", "subscriber_count": "80500", "total_views": "29545897", "total_videos": "1481"}, "comments": [], "file_path": "/Users/aelaguiz/workspace/fc_book/audio/raws/PXtxX3jAF0g.mp3", "transcription": "{\"text\": \"You mentioned they put you in a scene where you're supposed to hit on Cameron Diaz and you're like I don't hit on girls I don't really know how to do this. I was yeah, it was for the movie The Other Woman. Yeah, and Nick Cassavetes Put me in there. It's an interesting moment because he expected you to be some not like Lothario womanizer Casanova and instead you were just like no they chased me because of the setup that I have in my life Well, he had been on vacations with me Yeah We had taken a bunch of girls down to Cabo and I'd almost the entire lot of them and so he had seen it He'd seen it firsthand the girls competing and just like the debauchery And when you see something like that, you're like, okay This guy gets tons of like he's gonna be the smooth-talking whatever and like I didn't have terrible game It's not like I couldn't talk to girls But I wasn't the it just wasn't my approach like I wasn't the guy like I did that in college Like I went up to a bunch of girls and I'd hit on him or whatever But it wasn't so much hitting on him because I found hitting on them was very counterproductive So I would invite them to do things like I would say hey, you know, we're having this party Do you want to come out? We're going out on the boat, you know, do you want to come wakeboarding? I would invite them to things there would be other girls there There wouldn't be the real pressure of interaction and then you know, you'd end up hooking \", \"segments\": [{\"id\": 0, \"seek\": 0, \"start\": 0.0, \"end\": 3.4800000190734863, \"text\": \" You mentioned they put you in a scene where you're supposed to hit on Cameron Diaz and you're like I don't hit on girls\", \"tokens\": [50364, 509, 2835, 436, 829, 291, 294, 257, 4145, 689, 291, 434, 3442, 281, 2045, 322, 24962, 22157, 89, 293, 291, 434, 411, 286, 500, 380, 2045, 322, 4519, 50538], \"temperature\": 0.0, \"avg_logprob\": -0.2980504035949707, \"compression_ratio\": 1.7480106353759766, \"no_speech_prob\": 0.01081567071378231}, {\"id\": 1, \"seek\": 0, \"start\": 3.4800000190734863, \"end\": 8.920000076293945, \"text\": \" I don't really know how to do this. I was yeah, it was for the movie The Other Woman. Yeah, and Nick Cassavetes\", \"tokens\": [50538, 286, 500, 380, 534, 458, 577, 281, 360, 341, 13, 286, 390, 1338, 11, 309, 390, 337, 264, 3169, 440, 5358, 15794, 13, 865, 11, 293, 9449, 18208, 706, 37996, 50810], \"temperature\": 0.0, \"avg_logprob\": -0.2980504035949707, \"compression_ratio\": 1.7480106353759766, \"no_speech_prob\": 0.01081567071378231}, {\"id\": 2, \"seek\": 0, \"start\": 9.4399995803833, \"end\": 15.680000305175781, \"text\": \" Put me in there. It's an interesting moment because he expected you to be some not like Lothario womanizer\", \"tokens\": [50836, 4935, 385, 294, 456, 13, 467, 311, 364, 1880, 1623, 570, 415, 5176, 291, 281, 312, 512, 406, 411, 441, 900, 4912, 3059, 6545, 51148], \"temperature\": 0.0, \"avg_logprob\": -0.2980504035949707, \"compression_ratio\": 1.7480106353759766, \"no_speech_prob\": 0.01081567071378231}, {\"id\": 3, \"seek\": 0, \"start\": 16.280000686645508, \"end\": 19.68000030517578, \"text\": \" Casanova and instead you were just like no they chased me because of the setup that I have in my life\", \"tokens\": [51178, 16100, 3730, 2757, 293, 2602, 291, 645, 445, 411, 572, 436, 33091, 385, 570, 295, 264, 8657, 300, 286, 362, 294, 452, 993, 51348], \"temperature\": 0.0, \"avg_logprob\": -0.2980504035949707, \"compression_ratio\": 1.7480106353759766, \"no_speech_prob\": 0.01081567071378231}, {\"id\": 4, \"seek\": 0, \"start\": 19.68000030517578, \"end\": 21.559999465942383, \"text\": \" Well, he had been on vacations with me\", \"tokens\": [51348, 1042, 11, 415, 632, 668, 322, 2842, 763, 365, 385, 51442], \"temperature\": 0.0, \"avg_logprob\": -0.2980504035949707, \"compression_ratio\": 1.7480106353759766, \"no_speech_prob\": 0.01081567071378231}, {\"id\": 5, \"seek\": 0, \"start\": 21.559999465942383, \"end\": 21.799999237060547, \"text\": \" Yeah\", \"tokens\": [51442, 865, 51454], \"temperature\": 0.0, \"avg_logprob\": -0.2980504035949707, \"compression_ratio\": 1.7480106353759766, \"no_speech_prob\": 0.01081567071378231}, {\"id\": 6, \"seek\": 0, \"start\": 21.799999237060547, \"end\": 25.920000076293945, \"text\": \" We had taken a bunch of girls down to Cabo and I'd almost the entire lot of them and so he had seen it\", \"tokens\": [51454, 492, 632, 2726, 257, 3840, 295, 4519, 760, 281, 14704, 78, 293, 286, 1116, 1920, 264, 2302, 688, 295, 552, 293, 370, 415, 632, 1612, 309, 51660], \"temperature\": 0.0, \"avg_logprob\": -0.2980504035949707, \"compression_ratio\": 1.7480106353759766, \"no_speech_prob\": 0.01081567071378231}, {\"id\": 7, \"seek\": 0, \"start\": 25.920000076293945, \"end\": 28.479999542236328, \"text\": \" He'd seen it firsthand the girls competing and just like the debauchery\", \"tokens\": [51660, 634, 1116, 1612, 309, 38599, 264, 4519, 15439, 293, 445, 411, 264, 3001, 64, 625, 2109, 51788], \"temperature\": 0.0, \"avg_logprob\": -0.2980504035949707, \"compression_ratio\": 1.7480106353759766, \"no_speech_prob\": 0.01081567071378231}, {\"id\": 8, \"seek\": 2848, \"start\": 28.559999465942383, \"end\": 30.760000228881836, \"text\": \" And when you see something like that, you're like, okay\", \"tokens\": [50368, 400, 562, 291, 536, 746, 411, 300, 11, 291, 434, 411, 11, 1392, 50478], \"temperature\": 0.0, \"avg_logprob\": -0.2566729784011841, \"compression_ratio\": 1.9397259950637817, \"no_speech_prob\": 7.602408732054755e-05}, {\"id\": 9, \"seek\": 2848, \"start\": 30.760000228881836, \"end\": 35.040000915527344, \"text\": \" This guy gets tons of like he's gonna be the smooth-talking whatever and like I didn't have terrible game\", \"tokens\": [50478, 639, 2146, 2170, 9131, 295, 411, 415, 311, 799, 312, 264, 5508, 12, 29302, 278, 2035, 293, 411, 286, 994, 380, 362, 6237, 1216, 50692], \"temperature\": 0.0, \"avg_logprob\": -0.2566729784011841, \"compression_ratio\": 1.9397259950637817, \"no_speech_prob\": 7.602408732054755e-05}, {\"id\": 10, \"seek\": 2848, \"start\": 35.040000915527344, \"end\": 36.31999969482422, \"text\": \" It's not like I couldn't talk to girls\", \"tokens\": [50692, 467, 311, 406, 411, 286, 2809, 380, 751, 281, 4519, 50756], \"temperature\": 0.0, \"avg_logprob\": -0.2566729784011841, \"compression_ratio\": 1.9397259950637817, \"no_speech_prob\": 7.602408732054755e-05}, {\"id\": 11, \"seek\": 2848, \"start\": 36.31999969482422, \"end\": 40.63999938964844, \"text\": \" But I wasn't the it just wasn't my approach like I wasn't the guy like I did that in college\", \"tokens\": [50756, 583, 286, 2067, 380, 264, 309, 445, 2067, 380, 452, 3109, 411, 286, 2067, 380, 264, 2146, 411, 286, 630, 300, 294, 3859, 50972], \"temperature\": 0.0, \"avg_logprob\": -0.2566729784011841, \"compression_ratio\": 1.9397259950637817, \"no_speech_prob\": 7.602408732054755e-05}, {\"id\": 12, \"seek\": 2848, \"start\": 40.63999938964844, \"end\": 42.68000030517578, \"text\": \" Like I went up to a bunch of girls and I'd hit on him or whatever\", \"tokens\": [50972, 1743, 286, 1437, 493, 281, 257, 3840, 295, 4519, 293, 286, 1116, 2045, 322, 796, 420, 2035, 51074], \"temperature\": 0.0, \"avg_logprob\": -0.2566729784011841, \"compression_ratio\": 1.9397259950637817, \"no_speech_prob\": 7.602408732054755e-05}, {\"id\": 13, \"seek\": 2848, \"start\": 42.880001068115234, \"end\": 46.400001525878906, \"text\": \" But it wasn't so much hitting on him because I found hitting on them was very counterproductive\", \"tokens\": [51084, 583, 309, 2067, 380, 370, 709, 8850, 322, 796, 570, 286, 1352, 8850, 322, 552, 390, 588, 5682, 14314, 20221, 51260], \"temperature\": 0.0, \"avg_logprob\": -0.2566729784011841, \"compression_ratio\": 1.9397259950637817, \"no_speech_prob\": 7.602408732054755e-05}, {\"id\": 14, \"seek\": 2848, \"start\": 46.400001525878906, \"end\": 49.599998474121094, \"text\": \" So I would invite them to do things like I would say hey, you know, we're having this party\", \"tokens\": [51260, 407, 286, 576, 7980, 552, 281, 360, 721, 411, 286, 576, 584, 4177, 11, 291, 458, 11, 321, 434, 1419, 341, 3595, 51420], \"temperature\": 0.0, \"avg_logprob\": -0.2566729784011841, \"compression_ratio\": 1.9397259950637817, \"no_speech_prob\": 7.602408732054755e-05}, {\"id\": 15, \"seek\": 2848, \"start\": 49.599998474121094, \"end\": 52.63999938964844, \"text\": \" Do you want to come out? We're going out on the boat, you know, do you want to come wakeboarding?\", \"tokens\": [51420, 1144, 291, 528, 281, 808, 484, 30, 492, 434, 516, 484, 322, 264, 6582, 11, 291, 458, 11, 360, 291, 528, 281, 808, 6634, 43925, 30, 51572], \"temperature\": 0.0, \"avg_logprob\": -0.2566729784011841, \"compression_ratio\": 1.9397259950637817, \"no_speech_prob\": 7.602408732054755e-05}, {\"id\": 16, \"seek\": 2848, \"start\": 52.63999938964844, \"end\": 55.08000183105469, \"text\": \" I would invite them to things there would be other girls there\", \"tokens\": [51572, 286, 576, 7980, 552, 281, 721, 456, 576, 312, 661, 4519, 456, 51694], \"temperature\": 0.0, \"avg_logprob\": -0.2566729784011841, \"compression_ratio\": 1.9397259950637817, \"no_speech_prob\": 7.602408732054755e-05}, {\"id\": 17, \"seek\": 5508, \"start\": 55.08000183105469, \"end\": 59.08000183105469, \"text\": \" There wouldn't be the real pressure of interaction and then you know, you'd end up hooking\", \"tokens\": [50364, 821, 2759, 380, 312, 264, 957, 3321, 295, 9285, 293, 550, 291, 458, 11, 291, 1116, 917, 493, 1106, 5953, 50564], \"temperature\": 0.0, \"avg_logprob\": -0.40051165223121643, \"compression_ratio\": 1.097561001777649, \"no_speech_prob\": 0.5616161823272705}]}"}