{"title": "How To DOMINATE Your Day #shorts", "video_id": "QJ-hnlOlkSI", "video_url": "https://www.youtube.com/watch?v=QJ-hnlOlkSI", "description": "Here's a clip from a podcast episode with @Ulyses \nFull Video \ud83d\udd17: https://youtu.be/KeKND4785tE\n\n\u2014\u2014\u2014\u2014\u2014\u2014\u2014\u2014\u2014\u2014\u2014\u2014\u2014\u2014\u2014\u2014\u2014\u2014\u2014\nReady to build a network of amazing women and high-status men? \n\nMichael\u2019s Men of Action Mentoring Program is a Master\u2019s course dedicated to helping people elevate their social lives by becoming higher status and building elite social circles.\n\nClick the link to learn how you can start living the high-status social life you always wanted: https://m.moamentoring.com/podcast\n\u2014\u2014\u2014\u2014\u2014\u2014\u2014\u2014\u2014\u2014\u2014\u2014\u2014\u2014\u2014\u2014\u2014\u2014\u2014\u2014\n\nSubscribe on Youtube: \nhttps://www.youtube.com/user/MichaelSartain\n\nListen on Apple Podcast: \nhttps://podcasts.apple.com/us/podcast/the-michael-sartain-podcast/id1579791157\n\nListen on Spotify: \nhttps://open.spotify.com/show/2faAYwvDD9Bvkpwv6umlPO?si=8Q3ak9HnSlKjuChsTXr6YQ&dl_branch=1", "published_at": "2023-01-05T03:15:01Z", "channel_id": "UC0T1bDzajVefRWx4uKdGyuw", "channel_title": "Michael Sartain", "tags": [], "category_id": "24", "live_broadcast_content": "none", "duration": 60.0, "dimension": "2d", "definition": "hd", "caption": "false", "view_count": 6034, "like_count": 364, "comment_count": 11, "channel_info": {"title": "Michael Sartain", "description": "\ud83c\udf99Host of The\u00a0Michael Sartain Podcast \n\n\ud83d\udd25Teaching you how to build a network of desirable women and high-status men\n\n\ud83d\udc47 Click the \"Men of Action\" link below now to forge a high-status lifestyle and join the elites \n", "subscriber_count": "80500", "total_views": "29545897", "total_videos": "1481"}, "comments": [], "file_path": "/Users/aelaguiz/workspace/fc_book/audio/raws/QJ-hnlOlkSI.mp3", "transcription": "{\"text\": \"Like a lot of people that look up to you they want to have your type of lifestyle Yeah, I don't think they know it Here's the main thing that I used to fly special ops in the Air Force and we would get to work at 10 p.m And we get back at 6 a.m. From a mission in Afghanistan. That was just what I was used to I was very productive in that role as an Air Force navigator So I just continue that once I got out of the military any guy out there who's flown airplanes, you know It's checklist discipline. Yeah, I could have the entire checklist memorized I still put the checklist on my lap and I follow the checklist and alarms Those are the two things checklist and alarms Those are probably the two things that have helped me the most is that whenever I have a free second I would go back to my to-do list and I reorganize it based on priority and it's by immediacy So for instance, there's a book it's called by me I just has me I call flow and one of the things they talk about is clarity of goals My to-do list is literally called clarity of goals Yeah So I'll go in there and I'll put the first most important thing that I have to do I set my Checklists based on these things that I have to get accomplished I know this is a lot of people hate this one man But you got to turn the music off in the car when you're eating or when you're in the gym that has that time has To be reserved for listening to things that help you become productive and get ready for it at double speed When you start doing that and you start taking notes and then you stick with the checklist discipline to discipline the checklist and alarms you find Just incredible \", \"segments\": [{\"id\": 0, \"seek\": 0, \"start\": 0.0, \"end\": 2.6600000858306885, \"text\": \" Like a lot of people that look up to you they want to have your type of lifestyle\", \"tokens\": [50364, 1743, 257, 688, 295, 561, 300, 574, 493, 281, 291, 436, 528, 281, 362, 428, 2010, 295, 11716, 50497], \"temperature\": 0.0, \"avg_logprob\": -0.24390903115272522, \"compression_ratio\": 1.8626506328582764, \"no_speech_prob\": 0.2907460331916809}, {\"id\": 1, \"seek\": 0, \"start\": 2.6600000858306885, \"end\": 3.619999885559082, \"text\": \" Yeah, I don't think they know it\", \"tokens\": [50497, 865, 11, 286, 500, 380, 519, 436, 458, 309, 50545], \"temperature\": 0.0, \"avg_logprob\": -0.24390903115272522, \"compression_ratio\": 1.8626506328582764, \"no_speech_prob\": 0.2907460331916809}, {\"id\": 2, \"seek\": 0, \"start\": 3.619999885559082, \"end\": 7.5, \"text\": \" Here's the main thing that I used to fly special ops in the Air Force and we would get to work at 10 p.m\", \"tokens\": [50545, 1692, 311, 264, 2135, 551, 300, 286, 1143, 281, 3603, 2121, 44663, 294, 264, 5774, 10580, 293, 321, 576, 483, 281, 589, 412, 1266, 280, 13, 76, 50739], \"temperature\": 0.0, \"avg_logprob\": -0.24390903115272522, \"compression_ratio\": 1.8626506328582764, \"no_speech_prob\": 0.2907460331916809}, {\"id\": 3, \"seek\": 0, \"start\": 7.5, \"end\": 11.479999542236328, \"text\": \" And we get back at 6 a.m. From a mission in Afghanistan. That was just what I was used to\", \"tokens\": [50739, 400, 321, 483, 646, 412, 1386, 257, 13, 76, 13, 3358, 257, 4447, 294, 13658, 13, 663, 390, 445, 437, 286, 390, 1143, 281, 50938], \"temperature\": 0.0, \"avg_logprob\": -0.24390903115272522, \"compression_ratio\": 1.8626506328582764, \"no_speech_prob\": 0.2907460331916809}, {\"id\": 4, \"seek\": 0, \"start\": 11.479999542236328, \"end\": 13.779999732971191, \"text\": \" I was very productive in that role as an Air Force navigator\", \"tokens\": [50938, 286, 390, 588, 13304, 294, 300, 3090, 382, 364, 5774, 10580, 7407, 1639, 51053], \"temperature\": 0.0, \"avg_logprob\": -0.24390903115272522, \"compression_ratio\": 1.8626506328582764, \"no_speech_prob\": 0.2907460331916809}, {\"id\": 5, \"seek\": 0, \"start\": 13.779999732971191, \"end\": 17.219999313354492, \"text\": \" So I just continue that once I got out of the military any guy out there who's flown airplanes, you know\", \"tokens\": [51053, 407, 286, 445, 2354, 300, 1564, 286, 658, 484, 295, 264, 4632, 604, 2146, 484, 456, 567, 311, 34536, 32947, 11, 291, 458, 51225], \"temperature\": 0.0, \"avg_logprob\": -0.24390903115272522, \"compression_ratio\": 1.8626506328582764, \"no_speech_prob\": 0.2907460331916809}, {\"id\": 6, \"seek\": 0, \"start\": 17.219999313354492, \"end\": 19.3799991607666, \"text\": \" It's checklist discipline. Yeah, I could have the entire checklist memorized\", \"tokens\": [51225, 467, 311, 30357, 13635, 13, 865, 11, 286, 727, 362, 264, 2302, 30357, 46677, 51333], \"temperature\": 0.0, \"avg_logprob\": -0.24390903115272522, \"compression_ratio\": 1.8626506328582764, \"no_speech_prob\": 0.2907460331916809}, {\"id\": 7, \"seek\": 0, \"start\": 19.3799991607666, \"end\": 22.280000686645508, \"text\": \" I still put the checklist on my lap and I follow the checklist and alarms\", \"tokens\": [51333, 286, 920, 829, 264, 30357, 322, 452, 13214, 293, 286, 1524, 264, 30357, 293, 45039, 51478], \"temperature\": 0.0, \"avg_logprob\": -0.24390903115272522, \"compression_ratio\": 1.8626506328582764, \"no_speech_prob\": 0.2907460331916809}, {\"id\": 8, \"seek\": 0, \"start\": 22.280000686645508, \"end\": 23.739999771118164, \"text\": \" Those are the two things checklist and alarms\", \"tokens\": [51478, 3950, 366, 264, 732, 721, 30357, 293, 45039, 51551], \"temperature\": 0.0, \"avg_logprob\": -0.24390903115272522, \"compression_ratio\": 1.8626506328582764, \"no_speech_prob\": 0.2907460331916809}, {\"id\": 9, \"seek\": 0, \"start\": 23.739999771118164, \"end\": 27.18000030517578, \"text\": \" Those are probably the two things that have helped me the most is that whenever I have a free second\", \"tokens\": [51551, 3950, 366, 1391, 264, 732, 721, 300, 362, 4254, 385, 264, 881, 307, 300, 5699, 286, 362, 257, 1737, 1150, 51723], \"temperature\": 0.0, \"avg_logprob\": -0.24390903115272522, \"compression_ratio\": 1.8626506328582764, \"no_speech_prob\": 0.2907460331916809}, {\"id\": 10, \"seek\": 2718, \"start\": 27.18000030517578, \"end\": 30.899999618530273, \"text\": \" I would go back to my to-do list and I reorganize it based on priority and it's by immediacy\", \"tokens\": [50364, 286, 576, 352, 646, 281, 452, 281, 12, 2595, 1329, 293, 286, 41203, 1125, 309, 2361, 322, 9365, 293, 309, 311, 538, 3640, 2551, 50550], \"temperature\": 0.0, \"avg_logprob\": -0.2646557092666626, \"compression_ratio\": 1.8582676649093628, \"no_speech_prob\": 0.3810897171497345}, {\"id\": 11, \"seek\": 2718, \"start\": 30.899999618530273, \"end\": 32.779998779296875, \"text\": \" So for instance, there's a book it's called by me\", \"tokens\": [50550, 407, 337, 5197, 11, 456, 311, 257, 1446, 309, 311, 1219, 538, 385, 50644], \"temperature\": 0.0, \"avg_logprob\": -0.2646557092666626, \"compression_ratio\": 1.8582676649093628, \"no_speech_prob\": 0.3810897171497345}, {\"id\": 12, \"seek\": 2718, \"start\": 32.779998779296875, \"end\": 35.619998931884766, \"text\": \" I just has me I call flow and one of the things they talk about is clarity of goals\", \"tokens\": [50644, 286, 445, 575, 385, 286, 818, 3095, 293, 472, 295, 264, 721, 436, 751, 466, 307, 16992, 295, 5493, 50786], \"temperature\": 0.0, \"avg_logprob\": -0.2646557092666626, \"compression_ratio\": 1.8582676649093628, \"no_speech_prob\": 0.3810897171497345}, {\"id\": 13, \"seek\": 2718, \"start\": 35.619998931884766, \"end\": 37.459999084472656, \"text\": \" My to-do list is literally called clarity of goals\", \"tokens\": [50786, 1222, 281, 12, 2595, 1329, 307, 3736, 1219, 16992, 295, 5493, 50878], \"temperature\": 0.0, \"avg_logprob\": -0.2646557092666626, \"compression_ratio\": 1.8582676649093628, \"no_speech_prob\": 0.3810897171497345}, {\"id\": 14, \"seek\": 2718, \"start\": 37.459999084472656, \"end\": 37.7400016784668, \"text\": \" Yeah\", \"tokens\": [50878, 865, 50892], \"temperature\": 0.0, \"avg_logprob\": -0.2646557092666626, \"compression_ratio\": 1.8582676649093628, \"no_speech_prob\": 0.3810897171497345}, {\"id\": 15, \"seek\": 2718, \"start\": 37.7400016784668, \"end\": 40.939998626708984, \"text\": \" So I'll go in there and I'll put the first most important thing that I have to do I set my\", \"tokens\": [50892, 407, 286, 603, 352, 294, 456, 293, 286, 603, 829, 264, 700, 881, 1021, 551, 300, 286, 362, 281, 360, 286, 992, 452, 51052], \"temperature\": 0.0, \"avg_logprob\": -0.2646557092666626, \"compression_ratio\": 1.8582676649093628, \"no_speech_prob\": 0.3810897171497345}, {\"id\": 16, \"seek\": 2718, \"start\": 41.2599983215332, \"end\": 43.7400016784668, \"text\": \" Checklists based on these things that I have to get accomplished\", \"tokens\": [51068, 6881, 36693, 2361, 322, 613, 721, 300, 286, 362, 281, 483, 15419, 51192], \"temperature\": 0.0, \"avg_logprob\": -0.2646557092666626, \"compression_ratio\": 1.8582676649093628, \"no_speech_prob\": 0.3810897171497345}, {\"id\": 17, \"seek\": 2718, \"start\": 43.7400016784668, \"end\": 45.540000915527344, \"text\": \" I know this is a lot of people hate this one man\", \"tokens\": [51192, 286, 458, 341, 307, 257, 688, 295, 561, 4700, 341, 472, 587, 51282], \"temperature\": 0.0, \"avg_logprob\": -0.2646557092666626, \"compression_ratio\": 1.8582676649093628, \"no_speech_prob\": 0.3810897171497345}, {\"id\": 18, \"seek\": 2718, \"start\": 45.540000915527344, \"end\": 48.97999954223633, \"text\": \" But you got to turn the music off in the car when you're eating or when you're in the gym that has that time has\", \"tokens\": [51282, 583, 291, 658, 281, 1261, 264, 1318, 766, 294, 264, 1032, 562, 291, 434, 3936, 420, 562, 291, 434, 294, 264, 9222, 300, 575, 300, 565, 575, 51454], \"temperature\": 0.0, \"avg_logprob\": -0.2646557092666626, \"compression_ratio\": 1.8582676649093628, \"no_speech_prob\": 0.3810897171497345}, {\"id\": 19, \"seek\": 2718, \"start\": 48.97999954223633, \"end\": 53.099998474121094, \"text\": \" To be reserved for listening to things that help you become productive and get ready for it at double speed\", \"tokens\": [51454, 1407, 312, 24819, 337, 4764, 281, 721, 300, 854, 291, 1813, 13304, 293, 483, 1919, 337, 309, 412, 3834, 3073, 51660], \"temperature\": 0.0, \"avg_logprob\": -0.2646557092666626, \"compression_ratio\": 1.8582676649093628, \"no_speech_prob\": 0.3810897171497345}, {\"id\": 20, \"seek\": 5310, \"start\": 53.099998474121094, \"end\": 58.29999923706055, \"text\": \" When you start doing that and you start taking notes and then you stick with the checklist discipline to discipline the checklist and alarms you find\", \"tokens\": [50364, 1133, 291, 722, 884, 300, 293, 291, 722, 1940, 5570, 293, 550, 291, 2897, 365, 264, 30357, 13635, 281, 13635, 264, 30357, 293, 45039, 291, 915, 50624], \"temperature\": 0.0, \"avg_logprob\": -0.3265482485294342, \"compression_ratio\": 1.5865384340286255, \"no_speech_prob\": 0.45299285650253296}, {\"id\": 21, \"seek\": 5310, \"start\": 58.29999923706055, \"end\": 60.29999923706055, \"text\": \" Just incredible\", \"tokens\": [50624, 1449, 4651, 50724], \"temperature\": 0.0, \"avg_logprob\": -0.3265482485294342, \"compression_ratio\": 1.5865384340286255, \"no_speech_prob\": 0.45299285650253296}]}"}