{"title": "Does this sound familiar to you?", "video_id": "QYZI1kOrgSQ", "video_url": "https://www.youtube.com/watch?v=QYZI1kOrgSQ", "description": "Watch The Full Thing Here : \n\u2014\u2014\u2014\u2014\u2014\u2014\u2014\u2014\u2014\u2014\u2014\u2014\u2014\u2014\u2014\u2014\u2014\u2014\u2014\u2014\nReady to build a network of amazing women and high-status men?\n\nMichael\u2019s Men of Action is a one-on-one Master\u2019s program that teaches men how to create elite \nsocial lives by becoming higher status.\n\nClick this link to learn how you can have a High-Status lifestyle now:\nhttps://m.moamentoring.com/podcast\n\nClick here to join the Men of Action community and watch the High-Status Networking 101 course:\nhttps://m.moamentoring.com/moa-community\n\nInterested in joining the Men of Action sales team? Apply here:\nhttps://www.moamentoring.com/jobs/sales\n\nMen of Action has an affiliate program! Post pre-made content and get paid passively:\nhttps://www.moamentoring.com/affiliate\n\u2014\u2014\u2014\u2014\u2014\u2014\u2014\u2014\u2014\u2014\u2014\u2014\u2014\u2014\u2014\u2014\u2014\u2014\u2014\u2014\n\nSubscribe on Youtube: \nhttps://www.youtube.com/user/MichaelSartain\n\nListen on Apple Podcast: \nhttps://podcasts.apple.com/us/podcast/the-michael-sartain-podcast/id1579791157\n\nListen on Spotify: \nhttps://open.spotify.com/show/2faAYwvDD9Bvkpwv6umlPO?si=8Q3ak9HnSlKjuChsTXr6YQ&dl_branch=1\n\n#michael #michaelsartain #michael_sartain #michael_sartain_podcast", "published_at": "2024-01-05T22:00:11Z", "channel_id": "UC0T1bDzajVefRWx4uKdGyuw", "channel_title": "Michael Sartain", "tags": ["Michael", "Michael Sartain", "Michael Sartain Podcast", "Michael Podcast", "MOA", "Men Of Action", "Michael Sartain Course", "Michael Sartain With Hot Women", "Playboy", "Swimsuit", "Swimsuit Competition", "ichael sartain social circle", "social circle", "how to netowrk", "moa", "moa podcast", "gender wage gap", "gender wage gap myth", "wage gap", "social value", "michael sartain course", "looks money status", "social circle mentorship", "michael sartain social circle game", "men of action podcast", "men of action course"], "category_id": "24", "live_broadcast_content": "none", "duration": 34.0, "dimension": "2d", "definition": "hd", "caption": "false", "view_count": 4800, "like_count": 176, "comment_count": 31, "channel_info": {"title": "Michael Sartain", "description": "\ud83c\udf99Host of The\u00a0Michael Sartain Podcast \n\n\ud83d\udd25Teaching you how to build a network of desirable women and high-status men\n\n\ud83d\udc47 Click the \"Men of Action\" link below now to forge a high-status lifestyle and join the elites \n", "subscriber_count": "80500", "total_views": "29545897", "total_videos": "1481"}, "comments": [], "file_path": "/Users/aelaguiz/workspace/fc_book/audio/raws/QYZI1kOrgSQ.mp3", "transcription": "{\"text\": \"I swear every time we're on a trip, we're about to go out for dinner and one of the girls is fighting with her boyfriend. Yes, every single time. And it's like, what are you doing? We are in one of the most beautiful places on earth. We're about to go to an amazing dinner. There's a whole world of people you've never seen their faces before. Like why are you fighting with this guy a million miles away? What is the good with this? And I'm not saying break up and go live, you know, whatever, but like, goodbye, I'm going to dinner. And a lot of people don't know how to do that. You have to live in the moment. A lot of people are living in the past or lying to live in the future and no one's present and you cannot be happy unless you live in the present. \", \"segments\": [{\"id\": 0, \"seek\": 0, \"start\": 0.0, \"end\": 3.3399999141693115, \"text\": \" I swear every time we're on a trip, we're about to go out for dinner and one of the\", \"tokens\": [50364, 286, 11902, 633, 565, 321, 434, 322, 257, 4931, 11, 321, 434, 466, 281, 352, 484, 337, 6148, 293, 472, 295, 264, 50531], \"temperature\": 0.0, \"avg_logprob\": -0.22169055044651031, \"compression_ratio\": 1.7819766998291016, \"no_speech_prob\": 0.1359473317861557}, {\"id\": 1, \"seek\": 0, \"start\": 3.3399999141693115, \"end\": 4.659999847412109, \"text\": \" girls is fighting with her boyfriend.\", \"tokens\": [50531, 4519, 307, 5237, 365, 720, 11457, 13, 50597], \"temperature\": 0.0, \"avg_logprob\": -0.22169055044651031, \"compression_ratio\": 1.7819766998291016, \"no_speech_prob\": 0.1359473317861557}, {\"id\": 2, \"seek\": 0, \"start\": 4.659999847412109, \"end\": 5.71999979019165, \"text\": \" Yes, every single time.\", \"tokens\": [50597, 1079, 11, 633, 2167, 565, 13, 50650], \"temperature\": 0.0, \"avg_logprob\": -0.22169055044651031, \"compression_ratio\": 1.7819766998291016, \"no_speech_prob\": 0.1359473317861557}, {\"id\": 3, \"seek\": 0, \"start\": 5.71999979019165, \"end\": 7.940000057220459, \"text\": \" And it's like, what are you doing?\", \"tokens\": [50650, 400, 309, 311, 411, 11, 437, 366, 291, 884, 30, 50761], \"temperature\": 0.0, \"avg_logprob\": -0.22169055044651031, \"compression_ratio\": 1.7819766998291016, \"no_speech_prob\": 0.1359473317861557}, {\"id\": 4, \"seek\": 0, \"start\": 7.940000057220459, \"end\": 10.380000114440918, \"text\": \" We are in one of the most beautiful places on earth.\", \"tokens\": [50761, 492, 366, 294, 472, 295, 264, 881, 2238, 3190, 322, 4120, 13, 50883], \"temperature\": 0.0, \"avg_logprob\": -0.22169055044651031, \"compression_ratio\": 1.7819766998291016, \"no_speech_prob\": 0.1359473317861557}, {\"id\": 5, \"seek\": 0, \"start\": 10.380000114440918, \"end\": 12.380000114440918, \"text\": \" We're about to go to an amazing dinner.\", \"tokens\": [50883, 492, 434, 466, 281, 352, 281, 364, 2243, 6148, 13, 50983], \"temperature\": 0.0, \"avg_logprob\": -0.22169055044651031, \"compression_ratio\": 1.7819766998291016, \"no_speech_prob\": 0.1359473317861557}, {\"id\": 6, \"seek\": 0, \"start\": 12.380000114440918, \"end\": 15.65999984741211, \"text\": \" There's a whole world of people you've never seen their faces before.\", \"tokens\": [50983, 821, 311, 257, 1379, 1002, 295, 561, 291, 600, 1128, 1612, 641, 8475, 949, 13, 51147], \"temperature\": 0.0, \"avg_logprob\": -0.22169055044651031, \"compression_ratio\": 1.7819766998291016, \"no_speech_prob\": 0.1359473317861557}, {\"id\": 7, \"seek\": 0, \"start\": 15.65999984741211, \"end\": 18.540000915527344, \"text\": \" Like why are you fighting with this guy a million miles away?\", \"tokens\": [51147, 1743, 983, 366, 291, 5237, 365, 341, 2146, 257, 2459, 6193, 1314, 30, 51291], \"temperature\": 0.0, \"avg_logprob\": -0.22169055044651031, \"compression_ratio\": 1.7819766998291016, \"no_speech_prob\": 0.1359473317861557}, {\"id\": 8, \"seek\": 0, \"start\": 18.540000915527344, \"end\": 19.540000915527344, \"text\": \" What is the good with this?\", \"tokens\": [51291, 708, 307, 264, 665, 365, 341, 30, 51341], \"temperature\": 0.0, \"avg_logprob\": -0.22169055044651031, \"compression_ratio\": 1.7819766998291016, \"no_speech_prob\": 0.1359473317861557}, {\"id\": 9, \"seek\": 0, \"start\": 19.540000915527344, \"end\": 23.219999313354492, \"text\": \" And I'm not saying break up and go live, you know, whatever, but like, goodbye, I'm going\", \"tokens\": [51341, 400, 286, 478, 406, 1566, 1821, 493, 293, 352, 1621, 11, 291, 458, 11, 2035, 11, 457, 411, 11, 12084, 11, 286, 478, 516, 51525], \"temperature\": 0.0, \"avg_logprob\": -0.22169055044651031, \"compression_ratio\": 1.7819766998291016, \"no_speech_prob\": 0.1359473317861557}, {\"id\": 10, \"seek\": 0, \"start\": 23.219999313354492, \"end\": 24.219999313354492, \"text\": \" to dinner.\", \"tokens\": [51525, 281, 6148, 13, 51575], \"temperature\": 0.0, \"avg_logprob\": -0.22169055044651031, \"compression_ratio\": 1.7819766998291016, \"no_speech_prob\": 0.1359473317861557}, {\"id\": 11, \"seek\": 0, \"start\": 24.219999313354492, \"end\": 25.6200008392334, \"text\": \" And a lot of people don't know how to do that.\", \"tokens\": [51575, 400, 257, 688, 295, 561, 500, 380, 458, 577, 281, 360, 300, 13, 51645], \"temperature\": 0.0, \"avg_logprob\": -0.22169055044651031, \"compression_ratio\": 1.7819766998291016, \"no_speech_prob\": 0.1359473317861557}, {\"id\": 12, \"seek\": 0, \"start\": 25.6200008392334, \"end\": 27.420000076293945, \"text\": \" You have to live in the moment.\", \"tokens\": [51645, 509, 362, 281, 1621, 294, 264, 1623, 13, 51735], \"temperature\": 0.0, \"avg_logprob\": -0.22169055044651031, \"compression_ratio\": 1.7819766998291016, \"no_speech_prob\": 0.1359473317861557}, {\"id\": 13, \"seek\": 2742, \"start\": 27.420000076293945, \"end\": 30.540000915527344, \"text\": \" A lot of people are living in the past or lying to live in the future and no one's present\", \"tokens\": [50364, 316, 688, 295, 561, 366, 2647, 294, 264, 1791, 420, 8493, 281, 1621, 294, 264, 2027, 293, 572, 472, 311, 1974, 50520], \"temperature\": 0.0, \"avg_logprob\": -0.33690333366394043, \"compression_ratio\": 1.4038461446762085, \"no_speech_prob\": 0.9300252199172974}, {\"id\": 14, \"seek\": 2742, \"start\": 30.540000915527344, \"end\": 33.02000045776367, \"text\": \" and you cannot be happy unless you live in the present.\", \"tokens\": [50520, 293, 291, 2644, 312, 2055, 5969, 291, 1621, 294, 264, 1974, 13, 50644], \"temperature\": 0.0, \"avg_logprob\": -0.33690333366394043, \"compression_ratio\": 1.4038461446762085, \"no_speech_prob\": 0.9300252199172974}]}"}