{"title": "The more you get successful the more you will understand female nature", "video_id": "r881JfHQC1U", "video_url": "https://www.youtube.com/watch?v=r881JfHQC1U", "description": "Watch The Full Thing Here : \n\u2014\u2014\u2014\u2014\u2014\u2014\u2014\u2014\u2014\u2014\u2014\u2014\u2014\u2014\u2014\u2014\u2014\u2014\u2014\u2014\nReady to build a network of amazing women and high-status men?\n\nMichael\u2019s Men of Action is a one-on-one Master\u2019s program that teaches men how to create elite \nsocial lives by becoming higher status.\n\nClick this link to learn how you can have a High-Status lifestyle now:\nhttps://m.moamentoring.com/podcast\n\nClick here to join the Men of Action community and watch the High-Status Networking 101 course:\nhttps://m.moamentoring.com/moa-community\n\nInterested in joining the Men of Action sales team? Apply here:\nhttps://www.moamentoring.com/jobs/sales\n\nMen of Action has an affiliate program! Post pre-made content and get paid passively:\nhttps://www.moamentoring.com/affiliate\n\u2014\u2014\u2014\u2014\u2014\u2014\u2014\u2014\u2014\u2014\u2014\u2014\u2014\u2014\u2014\u2014\u2014\u2014\u2014\u2014\n\nSubscribe on Youtube: \nhttps://www.youtube.com/user/MichaelSartain\n\nListen on Apple Podcast: \nhttps://podcasts.apple.com/us/podcast/the-michael-sartain-podcast/id1579791157\n\nListen on Spotify: \nhttps://open.spotify.com/show/2faAYwvDD9Bvkpwv6umlPO?si=8Q3ak9HnSlKjuChsTXr6YQ&dl_branch=1\n\n#michael #michaelsartain #michael_sartain #michael_sartain_podcast", "published_at": "2023-12-28T20:00:19Z", "channel_id": "UC0T1bDzajVefRWx4uKdGyuw", "channel_title": "Michael Sartain", "tags": ["Michael", "Michael Sartain", "Michael Sartain Podcast", "Michael Podcast", "MOA", "Men Of Action", "Michael Sartain Course", "Michael Sartain With Hot Women", "Playboy", "Swimsuit", "Swimsuit Competition", "ichael sartain social circle", "social circle", "how to netowrk", "moa", "moa podcast", "gender wage gap", "gender wage gap myth", "wage gap", "social value", "michael sartain course", "looks money status", "social circle mentorship", "michael sartain social circle game", "men of action podcast", "men of action course"], "category_id": "24", "live_broadcast_content": "none", "duration": 28.0, "dimension": "2d", "definition": "hd", "caption": "false", "view_count": 5420, "like_count": 117, "comment_count": 11, "channel_info": {"title": "Michael Sartain", "description": "\ud83c\udf99Host of The\u00a0Michael Sartain Podcast \n\n\ud83d\udd25Teaching you how to build a network of desirable women and high-status men\n\n\ud83d\udc47 Click the \"Men of Action\" link below now to forge a high-status lifestyle and join the elites \n", "subscriber_count": "80500", "total_views": "29545897", "total_videos": "1481"}, "comments": [], "file_path": "/Users/aelaguiz/workspace/fc_book/audio/raws/r881JfHQC1U.mp3", "transcription": "{\"text\": \"I've watched my life improve significantly over the last few years, improved my social status a little bit, made more money, and I am now more accepting of female nature with more options. It's like I understand why you would want to be with a guy like me over the guy I was. It makes sense. It's not fair to a woman to want to be with poor, out of shape, poorly dressed. That's not her hard wire. So I'm like, you know what? The more successful I've gotten, the more I understand girls. I'm like. \", \"segments\": [{\"id\": 0, \"seek\": 0, \"start\": 0.0, \"end\": 3.4200000762939453, \"text\": \" I've watched my life improve significantly over the last few years,\", \"tokens\": [50364, 286, 600, 6337, 452, 993, 3470, 10591, 670, 264, 1036, 1326, 924, 11, 50535], \"temperature\": 0.0, \"avg_logprob\": -0.3056994676589966, \"compression_ratio\": 1.737762212753296, \"no_speech_prob\": 2.1939786165603437e-05}, {\"id\": 1, \"seek\": 0, \"start\": 3.440000057220459, \"end\": 6.139999866485596, \"text\": \" improved my social status a little bit, made more money,\", \"tokens\": [50536, 9689, 452, 2093, 6558, 257, 707, 857, 11, 1027, 544, 1460, 11, 50671], \"temperature\": 0.0, \"avg_logprob\": -0.3056994676589966, \"compression_ratio\": 1.737762212753296, \"no_speech_prob\": 2.1939786165603437e-05}, {\"id\": 2, \"seek\": 0, \"start\": 6.159999847412109, \"end\": 10.619999885559082, \"text\": \" and I am now more accepting of female nature with more options.\", \"tokens\": [50672, 293, 286, 669, 586, 544, 17391, 295, 6556, 3687, 365, 544, 3956, 13, 50895], \"temperature\": 0.0, \"avg_logprob\": -0.3056994676589966, \"compression_ratio\": 1.737762212753296, \"no_speech_prob\": 2.1939786165603437e-05}, {\"id\": 3, \"seek\": 0, \"start\": 10.640000343322754, \"end\": 14.380000114440918, \"text\": \" It's like I understand why you would want to be with a guy like me\", \"tokens\": [50896, 467, 311, 411, 286, 1223, 983, 291, 576, 528, 281, 312, 365, 257, 2146, 411, 385, 51083], \"temperature\": 0.0, \"avg_logprob\": -0.3056994676589966, \"compression_ratio\": 1.737762212753296, \"no_speech_prob\": 2.1939786165603437e-05}, {\"id\": 4, \"seek\": 0, \"start\": 14.399999618530273, \"end\": 15.859999656677246, \"text\": \" over the guy I was.\", \"tokens\": [51084, 670, 264, 2146, 286, 390, 13, 51157], \"temperature\": 0.0, \"avg_logprob\": -0.3056994676589966, \"compression_ratio\": 1.737762212753296, \"no_speech_prob\": 2.1939786165603437e-05}, {\"id\": 5, \"seek\": 0, \"start\": 15.880000114440918, \"end\": 16.780000686645508, \"text\": \" It makes sense.\", \"tokens\": [51158, 467, 1669, 2020, 13, 51203], \"temperature\": 0.0, \"avg_logprob\": -0.3056994676589966, \"compression_ratio\": 1.737762212753296, \"no_speech_prob\": 2.1939786165603437e-05}, {\"id\": 6, \"seek\": 0, \"start\": 16.799999237060547, \"end\": 21.739999771118164, \"text\": \" It's not fair to a woman to want to be with poor, out of shape, poorly dressed.\", \"tokens\": [51204, 467, 311, 406, 3143, 281, 257, 3059, 281, 528, 281, 312, 365, 4716, 11, 484, 295, 3909, 11, 22271, 12386, 13, 51451], \"temperature\": 0.0, \"avg_logprob\": -0.3056994676589966, \"compression_ratio\": 1.737762212753296, \"no_speech_prob\": 2.1939786165603437e-05}, {\"id\": 7, \"seek\": 0, \"start\": 21.760000228881836, \"end\": 22.979999542236328, \"text\": \" That's not her hard wire.\", \"tokens\": [51452, 663, 311, 406, 720, 1152, 6234, 13, 51513], \"temperature\": 0.0, \"avg_logprob\": -0.3056994676589966, \"compression_ratio\": 1.737762212753296, \"no_speech_prob\": 2.1939786165603437e-05}, {\"id\": 8, \"seek\": 0, \"start\": 23.0, \"end\": 24.059999465942383, \"text\": \" So I'm like, you know what?\", \"tokens\": [51514, 407, 286, 478, 411, 11, 291, 458, 437, 30, 51567], \"temperature\": 0.0, \"avg_logprob\": -0.3056994676589966, \"compression_ratio\": 1.737762212753296, \"no_speech_prob\": 2.1939786165603437e-05}, {\"id\": 9, \"seek\": 0, \"start\": 24.079999923706055, \"end\": 26.420000076293945, \"text\": \" The more successful I've gotten, the more I understand girls.\", \"tokens\": [51568, 440, 544, 4406, 286, 600, 5768, 11, 264, 544, 286, 1223, 4519, 13, 51685], \"temperature\": 0.0, \"avg_logprob\": -0.3056994676589966, \"compression_ratio\": 1.737762212753296, \"no_speech_prob\": 2.1939786165603437e-05}, {\"id\": 10, \"seek\": 0, \"start\": 26.440000534057617, \"end\": 26.940000534057617, \"text\": \" I'm like.\", \"tokens\": [51686, 286, 478, 411, 13, 51711], \"temperature\": 0.0, \"avg_logprob\": -0.3056994676589966, \"compression_ratio\": 1.737762212753296, \"no_speech_prob\": 2.1939786165603437e-05}]}"}