{"title": "Exposing female delusional standards", "video_id": "rgxeB8aBLhw", "video_url": "https://www.youtube.com/watch?v=rgxeB8aBLhw", "description": "\u2014\u2014\u2014\u2014\u2014\u2014\u2014\u2014\u2014\u2014\u2014\u2014\u2014\u2014\u2014\u2014\u2014\u2014\u2014\u2014\nReady to build a network of amazing women and high-status men?\n\nMichael\u2019s Men of Action is a one-on-one Master\u2019s program that teaches men how to create elite \nsocial lives by becoming higher status.\n\nClick this link to learn how you can have a High-Status lifestyle now:\nhttps://m.moamentoring.com/podcast\n\nClick here to join the Men of Action community and watch the High-Status Networking 101 course:\nhttps://m.moamentoring.com/moa-community\n\nInterested in joining the Men of Action sales team? Apply here:\nhttps://www.moamentoring.com/jobs/sales\n\nMen of Action has an affiliate program! Post pre-made content and get paid passively:\nhttps://www.moamentoring.com/affiliate\n\u2014\u2014\u2014\u2014\u2014\u2014\u2014\u2014\u2014\u2014\u2014\u2014\u2014\u2014\u2014\u2014\u2014\u2014\u2014\u2014\n\nSubscribe on Youtube: \nhttps://www.youtube.com/user/MichaelSartain\n\nListen on Apple Podcast: \nhttps://podcasts.apple.com/us/podcast/the-michael-sartain-podcast/id1579791157\n\nListen on Spotify: \nhttps://open.spotify.com/show/2faAYwvDD9Bvkpwv6umlPO?si=8Q3ak9HnSlKjuChsTXr6YQ&dl_branch=1\n\n#michael #michaelsartain #michael_sartain #michael_sartain_podcast", "published_at": "2023-11-23T00:00:25Z", "channel_id": "UC0T1bDzajVefRWx4uKdGyuw", "channel_title": "Michael Sartain", "tags": ["Michael", "Michael Sartain", "Michael Sartain Podcast", "Michael Podcast", "MOA", "Men Of Action", "Michael Sartain Course", "Michael Sartain With Hot Women", "Playboy", "Swimsuit", "Swimsuit Competition", "ichael sartain social circle", "social circle", "how to netowrk", "moa", "moa podcast", "gender wage gap", "gender wage gap myth", "wage gap", "social value", "michael sartain course", "looks money status", "social circle mentorship", "michael sartain social circle game", "men of action podcast", "men of action course"], "category_id": "24", "live_broadcast_content": "none", "duration": 47.0, "dimension": "2d", "definition": "hd", "caption": "false", "view_count": 2922, "like_count": 238, "comment_count": 12, "channel_info": {"title": "Michael Sartain", "description": "\ud83c\udf99Host of The\u00a0Michael Sartain Podcast \n\n\ud83d\udd25Teaching you how to build a network of desirable women and high-status men\n\n\ud83d\udc47 Click the \"Men of Action\" link below now to forge a high-status lifestyle and join the elites \n", "subscriber_count": "80500", "total_views": "29545897", "total_videos": "1481"}, "comments": [], "file_path": "/Users/aelaguiz/workspace/fc_book/audio/raws/rgxeB8aBLhw.mp3", "transcription": "{\"text\": \"Percentage of men over six feet tall, what do you think it is in the population? Just say it out loud, I won't go through all of you. 14. 8%. I wanna say 1%. 14% of men are over six feet tall. The percentage of men that make $100,000 a year. 17%. 17, what do you think? 10%. Keep going. 33%. 17% of men make over $100,000 a year. So if you want six feet tall and $100,000 a year, that's not 17% or 14%. It's 17% times 14%, which is 2.3%. And we are not controlling for if they're married, if they're obese, or if they're good looking. And we're not controlling for their age at all. When they aren't married, when they aren't obese, and when they're in the 35 to 45 year old range that you're looking for, you're gonna find that these men make up 0.02% of the population, and we still haven't control for physical attractiveness. That sounds so funny. \", \"segments\": [{\"id\": 0, \"seek\": 0, \"start\": 0.0, \"end\": 1.440000057220459, \"text\": \" Percentage of men over six feet tall,\", \"tokens\": [50364, 3026, 2207, 609, 295, 1706, 670, 2309, 3521, 6764, 11, 50436], \"temperature\": 0.0, \"avg_logprob\": -0.22697444260120392, \"compression_ratio\": 1.800737977027893, \"no_speech_prob\": 0.109605573117733}, {\"id\": 1, \"seek\": 0, \"start\": 1.440000057220459, \"end\": 2.559999942779541, \"text\": \" what do you think it is in the population?\", \"tokens\": [50436, 437, 360, 291, 519, 309, 307, 294, 264, 4415, 30, 50492], \"temperature\": 0.0, \"avg_logprob\": -0.22697444260120392, \"compression_ratio\": 1.800737977027893, \"no_speech_prob\": 0.109605573117733}, {\"id\": 2, \"seek\": 0, \"start\": 2.559999942779541, \"end\": 3.799999952316284, \"text\": \" Just say it out loud, I won't go through all of you.\", \"tokens\": [50492, 1449, 584, 309, 484, 6588, 11, 286, 1582, 380, 352, 807, 439, 295, 291, 13, 50554], \"temperature\": 0.0, \"avg_logprob\": -0.22697444260120392, \"compression_ratio\": 1.800737977027893, \"no_speech_prob\": 0.109605573117733}, {\"id\": 3, \"seek\": 0, \"start\": 3.799999952316284, \"end\": 4.639999866485596, \"text\": \" 14.\", \"tokens\": [50554, 3499, 13, 50596], \"temperature\": 0.0, \"avg_logprob\": -0.22697444260120392, \"compression_ratio\": 1.800737977027893, \"no_speech_prob\": 0.109605573117733}, {\"id\": 4, \"seek\": 0, \"start\": 4.639999866485596, \"end\": 5.460000038146973, \"text\": \" 8%.\", \"tokens\": [50596, 1649, 6856, 50637], \"temperature\": 0.0, \"avg_logprob\": -0.22697444260120392, \"compression_ratio\": 1.800737977027893, \"no_speech_prob\": 0.109605573117733}, {\"id\": 5, \"seek\": 0, \"start\": 5.460000038146973, \"end\": 6.300000190734863, \"text\": \" I wanna say 1%.\", \"tokens\": [50637, 286, 1948, 584, 502, 6856, 50679], \"temperature\": 0.0, \"avg_logprob\": -0.22697444260120392, \"compression_ratio\": 1.800737977027893, \"no_speech_prob\": 0.109605573117733}, {\"id\": 6, \"seek\": 0, \"start\": 6.300000190734863, \"end\": 8.760000228881836, \"text\": \" 14% of men are over six feet tall.\", \"tokens\": [50679, 3499, 4, 295, 1706, 366, 670, 2309, 3521, 6764, 13, 50802], \"temperature\": 0.0, \"avg_logprob\": -0.22697444260120392, \"compression_ratio\": 1.800737977027893, \"no_speech_prob\": 0.109605573117733}, {\"id\": 7, \"seek\": 0, \"start\": 8.760000228881836, \"end\": 11.239999771118164, \"text\": \" The percentage of men that make $100,000 a year.\", \"tokens\": [50802, 440, 9668, 295, 1706, 300, 652, 1848, 6879, 11, 1360, 257, 1064, 13, 50926], \"temperature\": 0.0, \"avg_logprob\": -0.22697444260120392, \"compression_ratio\": 1.800737977027893, \"no_speech_prob\": 0.109605573117733}, {\"id\": 8, \"seek\": 0, \"start\": 11.239999771118164, \"end\": 12.079999923706055, \"text\": \" 17%.\", \"tokens\": [50926, 3282, 6856, 50968], \"temperature\": 0.0, \"avg_logprob\": -0.22697444260120392, \"compression_ratio\": 1.800737977027893, \"no_speech_prob\": 0.109605573117733}, {\"id\": 9, \"seek\": 0, \"start\": 12.079999923706055, \"end\": 12.899999618530273, \"text\": \" 17, what do you think?\", \"tokens\": [50968, 3282, 11, 437, 360, 291, 519, 30, 51009], \"temperature\": 0.0, \"avg_logprob\": -0.22697444260120392, \"compression_ratio\": 1.800737977027893, \"no_speech_prob\": 0.109605573117733}, {\"id\": 10, \"seek\": 0, \"start\": 12.899999618530273, \"end\": 13.739999771118164, \"text\": \" 10%.\", \"tokens\": [51009, 1266, 6856, 51051], \"temperature\": 0.0, \"avg_logprob\": -0.22697444260120392, \"compression_ratio\": 1.800737977027893, \"no_speech_prob\": 0.109605573117733}, {\"id\": 11, \"seek\": 0, \"start\": 13.739999771118164, \"end\": 14.579999923706055, \"text\": \" Keep going.\", \"tokens\": [51051, 5527, 516, 13, 51093], \"temperature\": 0.0, \"avg_logprob\": -0.22697444260120392, \"compression_ratio\": 1.800737977027893, \"no_speech_prob\": 0.109605573117733}, {\"id\": 12, \"seek\": 0, \"start\": 14.579999923706055, \"end\": 15.399999618530273, \"text\": \" 33%.\", \"tokens\": [51093, 11816, 6856, 51134], \"temperature\": 0.0, \"avg_logprob\": -0.22697444260120392, \"compression_ratio\": 1.800737977027893, \"no_speech_prob\": 0.109605573117733}, {\"id\": 13, \"seek\": 0, \"start\": 15.399999618530273, \"end\": 17.440000534057617, \"text\": \" 17% of men make over $100,000 a year.\", \"tokens\": [51134, 3282, 4, 295, 1706, 652, 670, 1848, 6879, 11, 1360, 257, 1064, 13, 51236], \"temperature\": 0.0, \"avg_logprob\": -0.22697444260120392, \"compression_ratio\": 1.800737977027893, \"no_speech_prob\": 0.109605573117733}, {\"id\": 14, \"seek\": 0, \"start\": 17.440000534057617, \"end\": 20.0, \"text\": \" So if you want six feet tall and $100,000 a year,\", \"tokens\": [51236, 407, 498, 291, 528, 2309, 3521, 6764, 293, 1848, 6879, 11, 1360, 257, 1064, 11, 51364], \"temperature\": 0.0, \"avg_logprob\": -0.22697444260120392, \"compression_ratio\": 1.800737977027893, \"no_speech_prob\": 0.109605573117733}, {\"id\": 15, \"seek\": 0, \"start\": 20.0, \"end\": 21.959999084472656, \"text\": \" that's not 17% or 14%.\", \"tokens\": [51364, 300, 311, 406, 3282, 4, 420, 3499, 6856, 51462], \"temperature\": 0.0, \"avg_logprob\": -0.22697444260120392, \"compression_ratio\": 1.800737977027893, \"no_speech_prob\": 0.109605573117733}, {\"id\": 16, \"seek\": 0, \"start\": 21.959999084472656, \"end\": 26.239999771118164, \"text\": \" It's 17% times 14%, which is 2.3%.\", \"tokens\": [51462, 467, 311, 3282, 4, 1413, 3499, 8923, 597, 307, 568, 13, 18, 6856, 51676], \"temperature\": 0.0, \"avg_logprob\": -0.22697444260120392, \"compression_ratio\": 1.800737977027893, \"no_speech_prob\": 0.109605573117733}, {\"id\": 17, \"seek\": 0, \"start\": 26.239999771118164, \"end\": 28.8799991607666, \"text\": \" And we are not controlling for if they're married,\", \"tokens\": [51676, 400, 321, 366, 406, 14905, 337, 498, 436, 434, 5259, 11, 51808], \"temperature\": 0.0, \"avg_logprob\": -0.22697444260120392, \"compression_ratio\": 1.800737977027893, \"no_speech_prob\": 0.109605573117733}, {\"id\": 18, \"seek\": 2888, \"start\": 28.8799991607666, \"end\": 31.600000381469727, \"text\": \" if they're obese, or if they're good looking.\", \"tokens\": [50364, 498, 436, 434, 50060, 11, 420, 498, 436, 434, 665, 1237, 13, 50500], \"temperature\": 0.0, \"avg_logprob\": -0.25953245162963867, \"compression_ratio\": 1.6380090713500977, \"no_speech_prob\": 0.06655150651931763}, {\"id\": 19, \"seek\": 2888, \"start\": 31.600000381469727, \"end\": 33.880001068115234, \"text\": \" And we're not controlling for their age at all.\", \"tokens\": [50500, 400, 321, 434, 406, 14905, 337, 641, 3205, 412, 439, 13, 50614], \"temperature\": 0.0, \"avg_logprob\": -0.25953245162963867, \"compression_ratio\": 1.6380090713500977, \"no_speech_prob\": 0.06655150651931763}, {\"id\": 20, \"seek\": 2888, \"start\": 33.880001068115234, \"end\": 35.5, \"text\": \" When they aren't married, when they aren't obese,\", \"tokens\": [50614, 1133, 436, 3212, 380, 5259, 11, 562, 436, 3212, 380, 50060, 11, 50695], \"temperature\": 0.0, \"avg_logprob\": -0.25953245162963867, \"compression_ratio\": 1.6380090713500977, \"no_speech_prob\": 0.06655150651931763}, {\"id\": 21, \"seek\": 2888, \"start\": 35.5, \"end\": 37.91999816894531, \"text\": \" and when they're in the 35 to 45 year old range\", \"tokens\": [50695, 293, 562, 436, 434, 294, 264, 6976, 281, 6905, 1064, 1331, 3613, 50816], \"temperature\": 0.0, \"avg_logprob\": -0.25953245162963867, \"compression_ratio\": 1.6380090713500977, \"no_speech_prob\": 0.06655150651931763}, {\"id\": 22, \"seek\": 2888, \"start\": 37.91999816894531, \"end\": 38.7599983215332, \"text\": \" that you're looking for,\", \"tokens\": [50816, 300, 291, 434, 1237, 337, 11, 50858], \"temperature\": 0.0, \"avg_logprob\": -0.25953245162963867, \"compression_ratio\": 1.6380090713500977, \"no_speech_prob\": 0.06655150651931763}, {\"id\": 23, \"seek\": 2888, \"start\": 38.7599983215332, \"end\": 42.36000061035156, \"text\": \" you're gonna find that these men make up 0.02%\", \"tokens\": [50858, 291, 434, 799, 915, 300, 613, 1706, 652, 493, 1958, 13, 12756, 4, 51038], \"temperature\": 0.0, \"avg_logprob\": -0.25953245162963867, \"compression_ratio\": 1.6380090713500977, \"no_speech_prob\": 0.06655150651931763}, {\"id\": 24, \"seek\": 2888, \"start\": 42.36000061035156, \"end\": 43.20000076293945, \"text\": \" of the population,\", \"tokens\": [51038, 295, 264, 4415, 11, 51080], \"temperature\": 0.0, \"avg_logprob\": -0.25953245162963867, \"compression_ratio\": 1.6380090713500977, \"no_speech_prob\": 0.06655150651931763}, {\"id\": 25, \"seek\": 2888, \"start\": 43.20000076293945, \"end\": 45.439998626708984, \"text\": \" and we still haven't control for physical attractiveness.\", \"tokens\": [51080, 293, 321, 920, 2378, 380, 1969, 337, 4001, 5049, 8477, 13, 51192], \"temperature\": 0.0, \"avg_logprob\": -0.25953245162963867, \"compression_ratio\": 1.6380090713500977, \"no_speech_prob\": 0.06655150651931763}, {\"id\": 26, \"seek\": 2888, \"start\": 45.439998626708984, \"end\": 46.47999954223633, \"text\": \" That sounds so funny.\", \"tokens\": [51192, 663, 3263, 370, 4074, 13, 51244], \"temperature\": 0.0, \"avg_logprob\": -0.25953245162963867, \"compression_ratio\": 1.6380090713500977, \"no_speech_prob\": 0.06655150651931763}]}"}