{"title": "How jwaller chooses his friends", "video_id": "RiI3uhMNWKw", "video_url": "https://www.youtube.com/watch?v=RiI3uhMNWKw", "description": "Watch The Full Thing Here : \n\u2014\u2014\u2014\u2014\u2014\u2014\u2014\u2014\u2014\u2014\u2014\u2014\u2014\u2014\u2014\u2014\u2014\u2014\u2014\u2014\nReady to build a network of amazing women and high-status men?\n\nMichael\u2019s Men of Action is a one-on-one Master\u2019s program that teaches men how to create elite \nsocial lives by becoming higher status.\n\nClick this link to learn how you can have a High-Status lifestyle now:\nhttps://m.moamentoring.com/podcast\n\nClick here to join the Men of Action community and watch the High-Status Networking 101 course:\nhttps://m.moamentoring.com/moa-community\n\nInterested in joining the Men of Action sales team? Apply here:\nhttps://www.moamentoring.com/jobs/sales\n\nMen of Action has an affiliate program! Post pre-made content and get paid passively:\nhttps://www.moamentoring.com/affiliate\n\u2014\u2014\u2014\u2014\u2014\u2014\u2014\u2014\u2014\u2014\u2014\u2014\u2014\u2014\u2014\u2014\u2014\u2014\u2014\u2014\n\nSubscribe on Youtube: \nhttps://www.youtube.com/user/MichaelSartain\n\nListen on Apple Podcast: \nhttps://podcasts.apple.com/us/podcast/the-michael-sartain-podcast/id1579791157\n\nListen on Spotify: \nhttps://open.spotify.com/show/2faAYwvDD9Bvkpwv6umlPO?si=8Q3ak9HnSlKjuChsTXr6YQ&dl_branch=1\n\n#michael #michaelsartain #michael_sartain #michael_sartain_podcast", "published_at": "2023-12-27T20:00:10Z", "channel_id": "UC0T1bDzajVefRWx4uKdGyuw", "channel_title": "Michael Sartain", "tags": ["Michael", "Michael Sartain", "Michael Sartain Podcast", "Michael Podcast", "MOA", "Men Of Action", "Michael Sartain Course", "Michael Sartain With Hot Women", "Playboy", "Swimsuit", "Swimsuit Competition", "ichael sartain social circle", "social circle", "how to netowrk", "moa", "moa podcast", "gender wage gap", "gender wage gap myth", "wage gap", "social value", "michael sartain course", "looks money status", "social circle mentorship", "michael sartain social circle game", "men of action podcast", "men of action course"], "category_id": "24", "live_broadcast_content": "none", "duration": 35.0, "dimension": "2d", "definition": "hd", "caption": "false", "view_count": 9365, "like_count": 506, "comment_count": 16, "channel_info": {"title": "Michael Sartain", "description": "\ud83c\udf99Host of The\u00a0Michael Sartain Podcast \n\n\ud83d\udd25Teaching you how to build a network of desirable women and high-status men\n\n\ud83d\udc47 Click the \"Men of Action\" link below now to forge a high-status lifestyle and join the elites \n", "subscriber_count": "80500", "total_views": "29545897", "total_videos": "1481"}, "comments": [], "file_path": "/Users/aelaguiz/workspace/fc_book/audio/raws/RiI3uhMNWKw.mp3", "transcription": "{\"text\": \"I don't want to be friends with you unless we can make money together. And a lot of people don't like that, but I don't give a and I'll tell you why. You only have so many spots to be friends. Exactly. And the list is short. Anybody that thinks they have more than three to five friends is probably has zero rise. In addition, if I really love you as a man, I want to see you get rich. Have a wife or kids and a whole family that have the life incredible, far beyond anything they could ever imagined in their life, all because of you. I want you to be the man. Yeah. And if we can't do that together, I'm not interested being on your fantasy football team, bro. I have no interest in you, bro. Let's make money or let's go different ways. \", \"segments\": [{\"id\": 0, \"seek\": 0, \"start\": 0.0, \"end\": 2.559999942779541, \"text\": \" I don't want to be friends with you unless we can make money together.\", \"tokens\": [50364, 286, 500, 380, 528, 281, 312, 1855, 365, 291, 5969, 321, 393, 652, 1460, 1214, 13, 50492], \"temperature\": 0.0, \"avg_logprob\": -0.2708686292171478, \"compression_ratio\": 1.748603343963623, \"no_speech_prob\": 0.06276113539934158}, {\"id\": 1, \"seek\": 0, \"start\": 2.5999999046325684, \"end\": 5.679999828338623, \"text\": \" And a lot of people don't like that, but I don't give a and I'll tell you why.\", \"tokens\": [50494, 400, 257, 688, 295, 561, 500, 380, 411, 300, 11, 457, 286, 500, 380, 976, 257, 293, 286, 603, 980, 291, 983, 13, 50648], \"temperature\": 0.0, \"avg_logprob\": -0.2708686292171478, \"compression_ratio\": 1.748603343963623, \"no_speech_prob\": 0.06276113539934158}, {\"id\": 2, \"seek\": 0, \"start\": 5.679999828338623, \"end\": 7.320000171661377, \"text\": \" You only have so many spots to be friends.\", \"tokens\": [50648, 509, 787, 362, 370, 867, 10681, 281, 312, 1855, 13, 50730], \"temperature\": 0.0, \"avg_logprob\": -0.2708686292171478, \"compression_ratio\": 1.748603343963623, \"no_speech_prob\": 0.06276113539934158}, {\"id\": 3, \"seek\": 0, \"start\": 7.320000171661377, \"end\": 7.840000152587891, \"text\": \" Exactly.\", \"tokens\": [50730, 7587, 13, 50756], \"temperature\": 0.0, \"avg_logprob\": -0.2708686292171478, \"compression_ratio\": 1.748603343963623, \"no_speech_prob\": 0.06276113539934158}, {\"id\": 4, \"seek\": 0, \"start\": 7.840000152587891, \"end\": 8.680000305175781, \"text\": \" And the list is short.\", \"tokens\": [50756, 400, 264, 1329, 307, 2099, 13, 50798], \"temperature\": 0.0, \"avg_logprob\": -0.2708686292171478, \"compression_ratio\": 1.748603343963623, \"no_speech_prob\": 0.06276113539934158}, {\"id\": 5, \"seek\": 0, \"start\": 8.680000305175781, \"end\": 10.760000228881836, \"text\": \" Anybody that thinks they have more than three to five friends\", \"tokens\": [50798, 19082, 300, 7309, 436, 362, 544, 813, 1045, 281, 1732, 1855, 50902], \"temperature\": 0.0, \"avg_logprob\": -0.2708686292171478, \"compression_ratio\": 1.748603343963623, \"no_speech_prob\": 0.06276113539934158}, {\"id\": 6, \"seek\": 0, \"start\": 10.760000228881836, \"end\": 12.319999694824219, \"text\": \" is probably has zero rise.\", \"tokens\": [50902, 307, 1391, 575, 4018, 6272, 13, 50980], \"temperature\": 0.0, \"avg_logprob\": -0.2708686292171478, \"compression_ratio\": 1.748603343963623, \"no_speech_prob\": 0.06276113539934158}, {\"id\": 7, \"seek\": 0, \"start\": 12.359999656677246, \"end\": 15.920000076293945, \"text\": \" In addition, if I really love you as a man, I want to see you get rich.\", \"tokens\": [50982, 682, 4500, 11, 498, 286, 534, 959, 291, 382, 257, 587, 11, 286, 528, 281, 536, 291, 483, 4593, 13, 51160], \"temperature\": 0.0, \"avg_logprob\": -0.2708686292171478, \"compression_ratio\": 1.748603343963623, \"no_speech_prob\": 0.06276113539934158}, {\"id\": 8, \"seek\": 0, \"start\": 16.479999542236328, \"end\": 20.360000610351562, \"text\": \" Have a wife or kids and a whole family that have the life incredible, far\", \"tokens\": [51188, 3560, 257, 3836, 420, 2301, 293, 257, 1379, 1605, 300, 362, 264, 993, 4651, 11, 1400, 51382], \"temperature\": 0.0, \"avg_logprob\": -0.2708686292171478, \"compression_ratio\": 1.748603343963623, \"no_speech_prob\": 0.06276113539934158}, {\"id\": 9, \"seek\": 0, \"start\": 20.360000610351562, \"end\": 24.040000915527344, \"text\": \" beyond anything they could ever imagined in their life, all because of you.\", \"tokens\": [51382, 4399, 1340, 436, 727, 1562, 16590, 294, 641, 993, 11, 439, 570, 295, 291, 13, 51566], \"temperature\": 0.0, \"avg_logprob\": -0.2708686292171478, \"compression_ratio\": 1.748603343963623, \"no_speech_prob\": 0.06276113539934158}, {\"id\": 10, \"seek\": 0, \"start\": 24.040000915527344, \"end\": 25.600000381469727, \"text\": \" I want you to be the man.\", \"tokens\": [51566, 286, 528, 291, 281, 312, 264, 587, 13, 51644], \"temperature\": 0.0, \"avg_logprob\": -0.2708686292171478, \"compression_ratio\": 1.748603343963623, \"no_speech_prob\": 0.06276113539934158}, {\"id\": 11, \"seek\": 0, \"start\": 25.639999389648438, \"end\": 25.84000015258789, \"text\": \" Yeah.\", \"tokens\": [51646, 865, 13, 51656], \"temperature\": 0.0, \"avg_logprob\": -0.2708686292171478, \"compression_ratio\": 1.748603343963623, \"no_speech_prob\": 0.06276113539934158}, {\"id\": 12, \"seek\": 0, \"start\": 25.8799991607666, \"end\": 28.8799991607666, \"text\": \" And if we can't do that together, I'm not interested being\", \"tokens\": [51658, 400, 498, 321, 393, 380, 360, 300, 1214, 11, 286, 478, 406, 3102, 885, 51808], \"temperature\": 0.0, \"avg_logprob\": -0.2708686292171478, \"compression_ratio\": 1.748603343963623, \"no_speech_prob\": 0.06276113539934158}, {\"id\": 13, \"seek\": 2888, \"start\": 28.8799991607666, \"end\": 30.15999984741211, \"text\": \" on your fantasy football team, bro.\", \"tokens\": [50364, 322, 428, 13861, 7346, 1469, 11, 2006, 13, 50428], \"temperature\": 0.0, \"avg_logprob\": -0.32774296402931213, \"compression_ratio\": 1.191489338874817, \"no_speech_prob\": 0.33772873878479004}, {\"id\": 14, \"seek\": 2888, \"start\": 30.15999984741211, \"end\": 32.08000183105469, \"text\": \" I have no interest in you, bro.\", \"tokens\": [50428, 286, 362, 572, 1179, 294, 291, 11, 2006, 13, 50524], \"temperature\": 0.0, \"avg_logprob\": -0.32774296402931213, \"compression_ratio\": 1.191489338874817, \"no_speech_prob\": 0.33772873878479004}, {\"id\": 15, \"seek\": 2888, \"start\": 32.119998931884766, \"end\": 33.959999084472656, \"text\": \" Let's make money or let's go different ways.\", \"tokens\": [50526, 961, 311, 652, 1460, 420, 718, 311, 352, 819, 2098, 13, 50618], \"temperature\": 0.0, \"avg_logprob\": -0.32774296402931213, \"compression_ratio\": 1.191489338874817, \"no_speech_prob\": 0.33772873878479004}]}"}