{"title": "The 80s Crack Epidemic", "video_id": "RMhIVDLW6UQ", "video_url": "https://www.youtube.com/watch?v=RMhIVDLW6UQ", "description": "Ready to build a network of amazing women and high-status men?\n\nMichael\u2019s Men of Action is a one-on-one Master\u2019s program that teaches men how to create elite social lives by becoming higher status.\n\nClick this link to learn how you can have a High-Status lifestyle now:\nhttps://m.moamentoring.com/podcast\n\nClick here to join the Men of Action community and watch the High-Status Networking 101 course:\nhttps://m.moamentoring.com/moa-community\n\u2014\u2014\u2014\u2014\u2014\u2014\u2014\u2014\u2014\u2014\u2014\u2014\u2014\u2014\u2014\u2014\u2014\u2014\u2014\u2014\n\nSubscribe on Youtube: \nhttps://www.youtube.com/user/MichaelSartain\n\nListen on Apple Podcast: \nhttps://podcasts.apple.com/us/podcast/the-michael-sartain-podcast/id1579791157\n\nListen on Spotify: \nhttps://open.spotify.com/show/2faAYwvDD9Bvkpwv6umlPO?si=8Q3ak9HnSlKjuChsTXr6YQ&dl_branch=1", "published_at": "2023-05-27T13:15:02Z", "channel_id": "UC0T1bDzajVefRWx4uKdGyuw", "channel_title": "Michael Sartain", "tags": [], "category_id": "24", "live_broadcast_content": "none", "duration": 39.0, "dimension": "2d", "definition": "hd", "caption": "false", "view_count": 4302, "like_count": 70, "comment_count": 2, "channel_info": {"title": "Michael Sartain", "description": "\ud83c\udf99Host of The\u00a0Michael Sartain Podcast \n\n\ud83d\udd25Teaching you how to build a network of desirable women and high-status men\n\n\ud83d\udc47 Click the \"Men of Action\" link below now to forge a high-status lifestyle and join the elites \n", "subscriber_count": "80500", "total_views": "29545897", "total_videos": "1481"}, "comments": [], "file_path": "/Users/aelaguiz/workspace/fc_book/audio/raws/RMhIVDLW6UQ.mp3", "transcription": "{\"text\": \"A lot of the Southern cities during the nineties were hit with a crack epidemic. And one of the things I had a buddy of mine, he's going to Harvard and he's lived in both places. And he told me he believes part of the reason why some of this happened was because in the South, the, the sentences for crack cocaine were like five, 10 times worse than they were for powder cocaine. And so you saw a lot of these kids like would go to jail and get out where in the South, they'd be getting 25 years to life. And I don't know if you think that because I, during while you were alive, we had, um, hardcore closer in here. Uh, and he would, yeah, right. So Ryan Stuman was talking about this. He was like, when I was in jail is when the Bush administration got rid of that law. \", \"segments\": [{\"id\": 0, \"seek\": 0, \"start\": 0.0, \"end\": 3.5199999809265137, \"text\": \" A lot of the Southern cities during the nineties were hit with a crack epidemic.\", \"tokens\": [50364, 316, 688, 295, 264, 13724, 6486, 1830, 264, 9616, 43469, 645, 2045, 365, 257, 6226, 20982, 13, 50540], \"temperature\": 0.0, \"avg_logprob\": -0.2271658331155777, \"compression_ratio\": 1.7648903131484985, \"no_speech_prob\": 0.004330191295593977}, {\"id\": 1, \"seek\": 0, \"start\": 4.0, \"end\": 7.840000152587891, \"text\": \" And one of the things I had a buddy of mine, he's going to Harvard and he's lived in both places.\", \"tokens\": [50564, 400, 472, 295, 264, 721, 286, 632, 257, 10340, 295, 3892, 11, 415, 311, 516, 281, 13378, 293, 415, 311, 5152, 294, 1293, 3190, 13, 50756], \"temperature\": 0.0, \"avg_logprob\": -0.2271658331155777, \"compression_ratio\": 1.7648903131484985, \"no_speech_prob\": 0.004330191295593977}, {\"id\": 2, \"seek\": 0, \"start\": 7.840000152587891, \"end\": 13.039999961853027, \"text\": \" And he told me he believes part of the reason why some of this happened was because in the South,\", \"tokens\": [50756, 400, 415, 1907, 385, 415, 12307, 644, 295, 264, 1778, 983, 512, 295, 341, 2011, 390, 570, 294, 264, 4242, 11, 51016], \"temperature\": 0.0, \"avg_logprob\": -0.2271658331155777, \"compression_ratio\": 1.7648903131484985, \"no_speech_prob\": 0.004330191295593977}, {\"id\": 3, \"seek\": 0, \"start\": 13.600000381469727, \"end\": 18.719999313354492, \"text\": \" the, the sentences for crack cocaine were like five, 10 times worse than they were for powder\", \"tokens\": [51044, 264, 11, 264, 16579, 337, 6226, 33933, 645, 411, 1732, 11, 1266, 1413, 5324, 813, 436, 645, 337, 6341, 51300], \"temperature\": 0.0, \"avg_logprob\": -0.2271658331155777, \"compression_ratio\": 1.7648903131484985, \"no_speech_prob\": 0.004330191295593977}, {\"id\": 4, \"seek\": 0, \"start\": 18.719999313354492, \"end\": 23.040000915527344, \"text\": \" cocaine. And so you saw a lot of these kids like would go to jail and get out where in the South,\", \"tokens\": [51300, 33933, 13, 400, 370, 291, 1866, 257, 688, 295, 613, 2301, 411, 576, 352, 281, 10511, 293, 483, 484, 689, 294, 264, 4242, 11, 51516], \"temperature\": 0.0, \"avg_logprob\": -0.2271658331155777, \"compression_ratio\": 1.7648903131484985, \"no_speech_prob\": 0.004330191295593977}, {\"id\": 5, \"seek\": 0, \"start\": 23.040000915527344, \"end\": 27.84000015258789, \"text\": \" they'd be getting 25 years to life. And I don't know if you think that because I, during while\", \"tokens\": [51516, 436, 1116, 312, 1242, 3552, 924, 281, 993, 13, 400, 286, 500, 380, 458, 498, 291, 519, 300, 570, 286, 11, 1830, 1339, 51756], \"temperature\": 0.0, \"avg_logprob\": -0.2271658331155777, \"compression_ratio\": 1.7648903131484985, \"no_speech_prob\": 0.004330191295593977}, {\"id\": 6, \"seek\": 2784, \"start\": 27.84000015258789, \"end\": 32.720001220703125, \"text\": \" you were alive, we had, um, hardcore closer in here. Uh, and he would, yeah, right. So Ryan\", \"tokens\": [50364, 291, 645, 5465, 11, 321, 632, 11, 1105, 11, 28196, 4966, 294, 510, 13, 4019, 11, 293, 415, 576, 11, 1338, 11, 558, 13, 407, 9116, 50608], \"temperature\": 0.0, \"avg_logprob\": -0.25565260648727417, \"compression_ratio\": 1.3708609342575073, \"no_speech_prob\": 0.14210180938243866}, {\"id\": 7, \"seek\": 2784, \"start\": 32.720001220703125, \"end\": 36.959999084472656, \"text\": \" Stuman was talking about this. He was like, when I was in jail is when the Bush administration got\", \"tokens\": [50608, 745, 6829, 390, 1417, 466, 341, 13, 634, 390, 411, 11, 562, 286, 390, 294, 10511, 307, 562, 264, 15782, 7236, 658, 50820], \"temperature\": 0.0, \"avg_logprob\": -0.25565260648727417, \"compression_ratio\": 1.3708609342575073, \"no_speech_prob\": 0.14210180938243866}, {\"id\": 8, \"seek\": 2784, \"start\": 36.959999084472656, \"end\": 37.7599983215332, \"text\": \" rid of that law.\", \"tokens\": [50820, 3973, 295, 300, 2101, 13, 50860], \"temperature\": 0.0, \"avg_logprob\": -0.25565260648727417, \"compression_ratio\": 1.3708609342575073, \"no_speech_prob\": 0.14210180938243866}]}"}