{"title": "What It Takes For High Value Men To Fall In Love", "video_id": "RPhlGZObSow", "video_url": "https://www.youtube.com/watch?v=RPhlGZObSow", "description": "Watch The Full Podcast Here \ud83d\udd17: https://youtu.be/0gmYheCslAc\n\nReady to build a network of amazing women and high-status men?\n\nMichael\u2019s Men of Action is a one-on-one Master\u2019s program that teaches men how to create elite social lives by becoming higher status.\n\nClick this link to learn how you can have a High-Status lifestyle now:\nhttps://m.moamentoring.com/podcast\n\nClick here to join the Men of Action community and watch the High-Status Networking 101 course:\nhttps://m.moamentoring.com/moa-community\n\u2014\u2014\u2014\u2014\u2014\u2014\u2014\u2014\u2014\u2014\u2014\u2014\u2014\u2014\u2014\u2014\u2014\u2014\u2014\u2014\n\nSubscribe on Youtube: \nhttps://www.youtube.com/user/MichaelSartain\n\nListen on Apple Podcast: \nhttps://podcasts.apple.com/us/podcast/the-michael-sartain-podcast/id1579791157\n\nListen on Spotify: \nhttps://open.spotify.com/show/2faAYwvDD9Bvkpwv6umlPO?si=8Q3ak9HnSlKjuChsTXr6YQ&dl_branch=1", "published_at": "2023-05-17T14:00:28Z", "channel_id": "UC0T1bDzajVefRWx4uKdGyuw", "channel_title": "Michael Sartain", "tags": [], "category_id": "24", "live_broadcast_content": "none", "duration": 334.0, "dimension": "2d", "definition": "hd", "caption": "false", "view_count": 2801, "like_count": 121, "comment_count": 4, "channel_info": {"title": "Michael Sartain", "description": "\ud83c\udf99Host of The\u00a0Michael Sartain Podcast \n\n\ud83d\udd25Teaching you how to build a network of desirable women and high-status men\n\n\ud83d\udc47 Click the \"Men of Action\" link below now to forge a high-status lifestyle and join the elites \n", "subscriber_count": "80500", "total_views": "29545897", "total_videos": "1481"}, "comments": [], "file_path": "/Users/aelaguiz/workspace/fc_book/audio/raws/RPhlGZObSow.mp3", "transcription": "{\"text\": \"When I ask these guys who they want and what it is, number one, does she bring me peace? Is there a loyalty and does she help me follow along with my purpose? I've seen this happen so many times and maybe you've had some friends have this happen to you. They sleep with a big DJ or an athlete or an actor and they start believing that is their baseline for who they're gonna date. Oh yeah, sure. You've seen this. And what happens is now they have this unrealistic expectation because they don't realize that there's one of him and there's millions of these girls and they start, I've had absolutely girls come to me and say, yeah, I was dating so and so. And I'm like, no, you weren't. I literally know this dude's girl. Like I know him. I was at his house with his girlfriend. You are not dating him. You get to fuck him every once in a while when he's not busy and the problem is, here's what happens. The next guy who comes along has to live to that standard and she's in this relationship with this new guy and then like superstar guy calls her and she's, whoop, up here. You see what I'm saying? Right, right, because she's just like, fuck this. Because her dopamine and oxytocin settings are so auto kilter now that she can't get that same oxytocin hit because she fucked Leonardo DiCaprio. Do you see what I'm saying? Right, right, I see that. That's what I'm talking about. So the whole ho, not a ho. No, what happens is for men, we don't imprint. We just like, if a woman is famous and hot or not famous and hot, we still think she's hot. For women, because status plays such a huge part in it, a lot of times they'll get to the point where they've imprinted with so many men, they can't imprint with the man that they're supposed to be with. And then as soon as something goes wrong, they're out and 78% of divorces are initiated by women. Right, so then when does a guy choose to be with a, like what is the science behind a guy actually falling in love and actually choosing his person? Right, because if there's so many women that they have options from, right, if that's the case, right, so then how do they determine, okay, this is the person that I'm gonna build my life with. So here's where it gets difficult, right? Because you're a professional. You're really good at your job, right? The thing that men, when I talk to like really high status men, we're talking high earners that do really well, they want peace first off. They want loyalty and they want someone who's gonna help build an empire. I explained this very clearly, when I started dating my girlfriend, it was one of these issues where I was like, this is the thing, like nothing gets in the way of me turning this company to eight figures a year. Nothing. I want you to be a part of this. I'm not trying to keep my company here and then you separate. I want you to be involved in every single thing I'm doing. But you need to ask yourself, is this getting us closer to our goal or is this drama pulling us away from our goal? If it's pulling us away from our goal, then this relationship isn't gonna work. And that's what a lot, when I meet men who are like that. So consider Alex Hormozy and Layla Hormozy. Great example, both of them heavily into fitness. Now Layla has her own coaching program along with Alex. They support each other. They would never, ever embarrass each other in public. You're never gonna see Layla falling around drunk or anything like that in public. You're always, they're always going to compliment one another. When they don't compliment each other, like Melinda and Bill Gates, then they get divorced, right? Jeff Bezos and his wife. Then they get divorced. An expensive divorce. Yeah, exactly. So that's the difference. When I ask these guys who they want and what it is, number one, does she bring me peace? Is there a loyalty? And does she help me follow along with my purpose? Oh, that's fascinating. I can agree with that because I've seen very successful men kind of just choose like, and then there's always this debate about women saying like, why does the successful man choose like a girl that is just like the bottle girl? I don't know. And I mean, nothing wrong with her being a bottle girl. It's because she's attractive and looks younger. It's not because she's a bottle girl. Okay, no, I'm just saying like the whole idea of if you're a very rich, successful man, how come you're choosing somebody that's in a different, you know, in a lower status? Socioeconomic class. Correct, correct. So, you know, that's always like the debate, right? It's like, we always see, because I've seen women complain about this. Like you can literally, like if you're Drake, you can literally like be with an A-list actor, but why are you out here with like the girl that you found on Instagram or whatever, you know? And I'm not saying anything's wrong with that because she's probably a nice girl, but that's always like the thing. It's because she's a nice girl. It's because she's a nice girl. But also like when they settle down with somebody of lesser whatever, you know, socioeconomical like background, right? It could be because like, maybe they're just at peace. Maybe they're just like, okay, you're not gonna get in my way. Maybe you're- How about this? Instead of getting in my way, like you understand that if you start dating a guy, your net worth is not a consideration for him. That's what I'm saying. It's different. Unless it's a male stripper who has a sugar mama. My consideration of my girlfriend's net worth is never a consideration. But hers consideration of mine has to be. It just fucking has to be. And that is another double standard. Right, right, right. I agree with that. Yeah, that's what I'm saying. We see that a lot, right? Like men kind of being with like a- So your money is your money and my money is our money. That's why it's different. And that's why socioeconomic status doesn't matter as much for men as it does for women. And frequently you'll see this again. This is in the book, Why Beautiful People Have More Daughters. It's because daughters can marry up in caste systems. The term for marrying up into a higher caste level, a higher status, is literally called hypergamy or hypergamy. That's where it comes from. And so the idea that really attractive women can become the fairy princess. They can become the princess, right? Yeah, yeah, yeah. They can become Cinderella. But the really attractive man cannot. It doesn't work that way for the really attractive man. Yeah, yeah, yeah. Interesting. Ooh, this is fascinating. Yeah, this is all we talk about in the show. A lot of interesting topics here, yeah. And that's why I always like going into something blindly because I'm like, just shock me. Like I want to learn something. And that's why I love like learning, because like something like this is something that really goes back into just our lineage. Like this is just straight up from evolution, which is so fascinating. Because a lot of us just look at it and go, oh, it's because of Instagram. Oh, it's because of the culture. But no, like a lot of this is imprinted kind of like in our subconscious mind already. \", \"segments\": [{\"id\": 0, \"seek\": 0, \"start\": 0.0, \"end\": 2.359999895095825, \"text\": \" When I ask these guys who they want and what it is,\", \"tokens\": [50364, 1133, 286, 1029, 613, 1074, 567, 436, 528, 293, 437, 309, 307, 11, 50482], \"temperature\": 0.0, \"avg_logprob\": -0.237588569521904, \"compression_ratio\": 1.7538940906524658, \"no_speech_prob\": 0.0019559424836188555}, {\"id\": 1, \"seek\": 0, \"start\": 2.359999895095825, \"end\": 4.360000133514404, \"text\": \" number one, does she bring me peace?\", \"tokens\": [50482, 1230, 472, 11, 775, 750, 1565, 385, 4336, 30, 50582], \"temperature\": 0.0, \"avg_logprob\": -0.237588569521904, \"compression_ratio\": 1.7538940906524658, \"no_speech_prob\": 0.0019559424836188555}, {\"id\": 2, \"seek\": 0, \"start\": 4.360000133514404, \"end\": 7.559999942779541, \"text\": \" Is there a loyalty and does she help me\", \"tokens\": [50582, 1119, 456, 257, 22831, 293, 775, 750, 854, 385, 50742], \"temperature\": 0.0, \"avg_logprob\": -0.237588569521904, \"compression_ratio\": 1.7538940906524658, \"no_speech_prob\": 0.0019559424836188555}, {\"id\": 3, \"seek\": 0, \"start\": 7.559999942779541, \"end\": 8.84000015258789, \"text\": \" follow along with my purpose?\", \"tokens\": [50742, 1524, 2051, 365, 452, 4334, 30, 50806], \"temperature\": 0.0, \"avg_logprob\": -0.237588569521904, \"compression_ratio\": 1.7538940906524658, \"no_speech_prob\": 0.0019559424836188555}, {\"id\": 4, \"seek\": 0, \"start\": 8.84000015258789, \"end\": 10.0, \"text\": \" I've seen this happen so many times\", \"tokens\": [50806, 286, 600, 1612, 341, 1051, 370, 867, 1413, 50864], \"temperature\": 0.0, \"avg_logprob\": -0.237588569521904, \"compression_ratio\": 1.7538940906524658, \"no_speech_prob\": 0.0019559424836188555}, {\"id\": 5, \"seek\": 0, \"start\": 10.0, \"end\": 12.680000305175781, \"text\": \" and maybe you've had some friends have this happen to you.\", \"tokens\": [50864, 293, 1310, 291, 600, 632, 512, 1855, 362, 341, 1051, 281, 291, 13, 50998], \"temperature\": 0.0, \"avg_logprob\": -0.237588569521904, \"compression_ratio\": 1.7538940906524658, \"no_speech_prob\": 0.0019559424836188555}, {\"id\": 6, \"seek\": 0, \"start\": 12.680000305175781, \"end\": 15.84000015258789, \"text\": \" They sleep with a big DJ or an athlete or an actor\", \"tokens\": [50998, 814, 2817, 365, 257, 955, 13078, 420, 364, 18002, 420, 364, 8747, 51156], \"temperature\": 0.0, \"avg_logprob\": -0.237588569521904, \"compression_ratio\": 1.7538940906524658, \"no_speech_prob\": 0.0019559424836188555}, {\"id\": 7, \"seek\": 0, \"start\": 15.84000015258789, \"end\": 17.799999237060547, \"text\": \" and they start believing that is their baseline\", \"tokens\": [51156, 293, 436, 722, 16594, 300, 307, 641, 20518, 51254], \"temperature\": 0.0, \"avg_logprob\": -0.237588569521904, \"compression_ratio\": 1.7538940906524658, \"no_speech_prob\": 0.0019559424836188555}, {\"id\": 8, \"seek\": 0, \"start\": 17.799999237060547, \"end\": 18.84000015258789, \"text\": \" for who they're gonna date.\", \"tokens\": [51254, 337, 567, 436, 434, 799, 4002, 13, 51306], \"temperature\": 0.0, \"avg_logprob\": -0.237588569521904, \"compression_ratio\": 1.7538940906524658, \"no_speech_prob\": 0.0019559424836188555}, {\"id\": 9, \"seek\": 0, \"start\": 18.84000015258789, \"end\": 19.68000030517578, \"text\": \" Oh yeah, sure.\", \"tokens\": [51306, 876, 1338, 11, 988, 13, 51348], \"temperature\": 0.0, \"avg_logprob\": -0.237588569521904, \"compression_ratio\": 1.7538940906524658, \"no_speech_prob\": 0.0019559424836188555}, {\"id\": 10, \"seek\": 0, \"start\": 19.68000030517578, \"end\": 20.520000457763672, \"text\": \" You've seen this.\", \"tokens\": [51348, 509, 600, 1612, 341, 13, 51390], \"temperature\": 0.0, \"avg_logprob\": -0.237588569521904, \"compression_ratio\": 1.7538940906524658, \"no_speech_prob\": 0.0019559424836188555}, {\"id\": 11, \"seek\": 0, \"start\": 20.520000457763672, \"end\": 22.68000030517578, \"text\": \" And what happens is now they have this unrealistic\", \"tokens\": [51390, 400, 437, 2314, 307, 586, 436, 362, 341, 42867, 51498], \"temperature\": 0.0, \"avg_logprob\": -0.237588569521904, \"compression_ratio\": 1.7538940906524658, \"no_speech_prob\": 0.0019559424836188555}, {\"id\": 12, \"seek\": 0, \"start\": 22.68000030517578, \"end\": 25.440000534057617, \"text\": \" expectation because they don't realize that there's\", \"tokens\": [51498, 14334, 570, 436, 500, 380, 4325, 300, 456, 311, 51636], \"temperature\": 0.0, \"avg_logprob\": -0.237588569521904, \"compression_ratio\": 1.7538940906524658, \"no_speech_prob\": 0.0019559424836188555}, {\"id\": 13, \"seek\": 0, \"start\": 25.440000534057617, \"end\": 28.68000030517578, \"text\": \" one of him and there's millions of these girls\", \"tokens\": [51636, 472, 295, 796, 293, 456, 311, 6803, 295, 613, 4519, 51798], \"temperature\": 0.0, \"avg_logprob\": -0.237588569521904, \"compression_ratio\": 1.7538940906524658, \"no_speech_prob\": 0.0019559424836188555}, {\"id\": 14, \"seek\": 2868, \"start\": 28.68000030517578, \"end\": 31.600000381469727, \"text\": \" and they start, I've had absolutely girls come to me\", \"tokens\": [50364, 293, 436, 722, 11, 286, 600, 632, 3122, 4519, 808, 281, 385, 50510], \"temperature\": 0.0, \"avg_logprob\": -0.2481086403131485, \"compression_ratio\": 1.7214076519012451, \"no_speech_prob\": 7.368533260887489e-05}, {\"id\": 15, \"seek\": 2868, \"start\": 31.600000381469727, \"end\": 33.279998779296875, \"text\": \" and say, yeah, I was dating so and so.\", \"tokens\": [50510, 293, 584, 11, 1338, 11, 286, 390, 10689, 370, 293, 370, 13, 50594], \"temperature\": 0.0, \"avg_logprob\": -0.2481086403131485, \"compression_ratio\": 1.7214076519012451, \"no_speech_prob\": 7.368533260887489e-05}, {\"id\": 16, \"seek\": 2868, \"start\": 33.279998779296875, \"end\": 35.0, \"text\": \" And I'm like, no, you weren't.\", \"tokens\": [50594, 400, 286, 478, 411, 11, 572, 11, 291, 4999, 380, 13, 50680], \"temperature\": 0.0, \"avg_logprob\": -0.2481086403131485, \"compression_ratio\": 1.7214076519012451, \"no_speech_prob\": 7.368533260887489e-05}, {\"id\": 17, \"seek\": 2868, \"start\": 35.0, \"end\": 37.20000076293945, \"text\": \" I literally know this dude's girl.\", \"tokens\": [50680, 286, 3736, 458, 341, 6449, 311, 2013, 13, 50790], \"temperature\": 0.0, \"avg_logprob\": -0.2481086403131485, \"compression_ratio\": 1.7214076519012451, \"no_speech_prob\": 7.368533260887489e-05}, {\"id\": 18, \"seek\": 2868, \"start\": 37.20000076293945, \"end\": 38.15999984741211, \"text\": \" Like I know him.\", \"tokens\": [50790, 1743, 286, 458, 796, 13, 50838], \"temperature\": 0.0, \"avg_logprob\": -0.2481086403131485, \"compression_ratio\": 1.7214076519012451, \"no_speech_prob\": 7.368533260887489e-05}, {\"id\": 19, \"seek\": 2868, \"start\": 38.15999984741211, \"end\": 39.880001068115234, \"text\": \" I was at his house with his girlfriend.\", \"tokens\": [50838, 286, 390, 412, 702, 1782, 365, 702, 10369, 13, 50924], \"temperature\": 0.0, \"avg_logprob\": -0.2481086403131485, \"compression_ratio\": 1.7214076519012451, \"no_speech_prob\": 7.368533260887489e-05}, {\"id\": 20, \"seek\": 2868, \"start\": 39.880001068115234, \"end\": 41.79999923706055, \"text\": \" You are not dating him.\", \"tokens\": [50924, 509, 366, 406, 10689, 796, 13, 51020], \"temperature\": 0.0, \"avg_logprob\": -0.2481086403131485, \"compression_ratio\": 1.7214076519012451, \"no_speech_prob\": 7.368533260887489e-05}, {\"id\": 21, \"seek\": 2868, \"start\": 41.79999923706055, \"end\": 44.0, \"text\": \" You get to fuck him every once in a while\", \"tokens\": [51020, 509, 483, 281, 3275, 796, 633, 1564, 294, 257, 1339, 51130], \"temperature\": 0.0, \"avg_logprob\": -0.2481086403131485, \"compression_ratio\": 1.7214076519012451, \"no_speech_prob\": 7.368533260887489e-05}, {\"id\": 22, \"seek\": 2868, \"start\": 44.0, \"end\": 47.0, \"text\": \" when he's not busy and the problem is, here's what happens.\", \"tokens\": [51130, 562, 415, 311, 406, 5856, 293, 264, 1154, 307, 11, 510, 311, 437, 2314, 13, 51280], \"temperature\": 0.0, \"avg_logprob\": -0.2481086403131485, \"compression_ratio\": 1.7214076519012451, \"no_speech_prob\": 7.368533260887489e-05}, {\"id\": 23, \"seek\": 2868, \"start\": 47.0, \"end\": 50.63999938964844, \"text\": \" The next guy who comes along has to live to that standard\", \"tokens\": [51280, 440, 958, 2146, 567, 1487, 2051, 575, 281, 1621, 281, 300, 3832, 51462], \"temperature\": 0.0, \"avg_logprob\": -0.2481086403131485, \"compression_ratio\": 1.7214076519012451, \"no_speech_prob\": 7.368533260887489e-05}, {\"id\": 24, \"seek\": 2868, \"start\": 50.63999938964844, \"end\": 52.52000045776367, \"text\": \" and she's in this relationship with this new guy\", \"tokens\": [51462, 293, 750, 311, 294, 341, 2480, 365, 341, 777, 2146, 51556], \"temperature\": 0.0, \"avg_logprob\": -0.2481086403131485, \"compression_ratio\": 1.7214076519012451, \"no_speech_prob\": 7.368533260887489e-05}, {\"id\": 25, \"seek\": 2868, \"start\": 52.52000045776367, \"end\": 54.31999969482422, \"text\": \" and then like superstar guy calls her\", \"tokens\": [51556, 293, 550, 411, 38953, 2146, 5498, 720, 51646], \"temperature\": 0.0, \"avg_logprob\": -0.2481086403131485, \"compression_ratio\": 1.7214076519012451, \"no_speech_prob\": 7.368533260887489e-05}, {\"id\": 26, \"seek\": 2868, \"start\": 54.31999969482422, \"end\": 56.119998931884766, \"text\": \" and she's, whoop, up here.\", \"tokens\": [51646, 293, 750, 311, 11, 567, 404, 11, 493, 510, 13, 51736], \"temperature\": 0.0, \"avg_logprob\": -0.2481086403131485, \"compression_ratio\": 1.7214076519012451, \"no_speech_prob\": 7.368533260887489e-05}, {\"id\": 27, \"seek\": 2868, \"start\": 56.119998931884766, \"end\": 56.959999084472656, \"text\": \" You see what I'm saying?\", \"tokens\": [51736, 509, 536, 437, 286, 478, 1566, 30, 51778], \"temperature\": 0.0, \"avg_logprob\": -0.2481086403131485, \"compression_ratio\": 1.7214076519012451, \"no_speech_prob\": 7.368533260887489e-05}, {\"id\": 28, \"seek\": 2868, \"start\": 56.959999084472656, \"end\": 58.400001525878906, \"text\": \" Right, right, because she's just like, fuck this.\", \"tokens\": [51778, 1779, 11, 558, 11, 570, 750, 311, 445, 411, 11, 3275, 341, 13, 51850], \"temperature\": 0.0, \"avg_logprob\": -0.2481086403131485, \"compression_ratio\": 1.7214076519012451, \"no_speech_prob\": 7.368533260887489e-05}, {\"id\": 29, \"seek\": 5840, \"start\": 59.119998931884766, \"end\": 60.959999084472656, \"text\": \" Because her dopamine and oxytocin settings\", \"tokens\": [50400, 1436, 720, 37219, 293, 5976, 4328, 905, 259, 6257, 50492], \"temperature\": 0.0, \"avg_logprob\": -0.23820477724075317, \"compression_ratio\": 1.734104037284851, \"no_speech_prob\": 0.0007208192255347967}, {\"id\": 30, \"seek\": 5840, \"start\": 60.959999084472656, \"end\": 64.27999877929688, \"text\": \" are so auto kilter now that she can't get that same\", \"tokens\": [50492, 366, 370, 8399, 5128, 391, 586, 300, 750, 393, 380, 483, 300, 912, 50658], \"temperature\": 0.0, \"avg_logprob\": -0.23820477724075317, \"compression_ratio\": 1.734104037284851, \"no_speech_prob\": 0.0007208192255347967}, {\"id\": 31, \"seek\": 5840, \"start\": 64.27999877929688, \"end\": 66.4000015258789, \"text\": \" oxytocin hit because she fucked Leonardo DiCaprio.\", \"tokens\": [50658, 5976, 4328, 905, 259, 2045, 570, 750, 22518, 36523, 8789, 46671, 6584, 13, 50764], \"temperature\": 0.0, \"avg_logprob\": -0.23820477724075317, \"compression_ratio\": 1.734104037284851, \"no_speech_prob\": 0.0007208192255347967}, {\"id\": 32, \"seek\": 5840, \"start\": 66.4000015258789, \"end\": 67.23999786376953, \"text\": \" Do you see what I'm saying?\", \"tokens\": [50764, 1144, 291, 536, 437, 286, 478, 1566, 30, 50806], \"temperature\": 0.0, \"avg_logprob\": -0.23820477724075317, \"compression_ratio\": 1.734104037284851, \"no_speech_prob\": 0.0007208192255347967}, {\"id\": 33, \"seek\": 5840, \"start\": 67.23999786376953, \"end\": 68.08000183105469, \"text\": \" Right, right, I see that.\", \"tokens\": [50806, 1779, 11, 558, 11, 286, 536, 300, 13, 50848], \"temperature\": 0.0, \"avg_logprob\": -0.23820477724075317, \"compression_ratio\": 1.734104037284851, \"no_speech_prob\": 0.0007208192255347967}, {\"id\": 34, \"seek\": 5840, \"start\": 68.08000183105469, \"end\": 69.16000366210938, \"text\": \" That's what I'm talking about.\", \"tokens\": [50848, 663, 311, 437, 286, 478, 1417, 466, 13, 50902], \"temperature\": 0.0, \"avg_logprob\": -0.23820477724075317, \"compression_ratio\": 1.734104037284851, \"no_speech_prob\": 0.0007208192255347967}, {\"id\": 35, \"seek\": 5840, \"start\": 69.16000366210938, \"end\": 71.27999877929688, \"text\": \" So the whole ho, not a ho.\", \"tokens\": [50902, 407, 264, 1379, 1106, 11, 406, 257, 1106, 13, 51008], \"temperature\": 0.0, \"avg_logprob\": -0.23820477724075317, \"compression_ratio\": 1.734104037284851, \"no_speech_prob\": 0.0007208192255347967}, {\"id\": 36, \"seek\": 5840, \"start\": 71.27999877929688, \"end\": 73.5199966430664, \"text\": \" No, what happens is for men, we don't imprint.\", \"tokens\": [51008, 883, 11, 437, 2314, 307, 337, 1706, 11, 321, 500, 380, 44615, 13, 51120], \"temperature\": 0.0, \"avg_logprob\": -0.23820477724075317, \"compression_ratio\": 1.734104037284851, \"no_speech_prob\": 0.0007208192255347967}, {\"id\": 37, \"seek\": 5840, \"start\": 73.5199966430664, \"end\": 75.44000244140625, \"text\": \" We just like, if a woman is famous and hot\", \"tokens\": [51120, 492, 445, 411, 11, 498, 257, 3059, 307, 4618, 293, 2368, 51216], \"temperature\": 0.0, \"avg_logprob\": -0.23820477724075317, \"compression_ratio\": 1.734104037284851, \"no_speech_prob\": 0.0007208192255347967}, {\"id\": 38, \"seek\": 5840, \"start\": 75.44000244140625, \"end\": 77.31999969482422, \"text\": \" or not famous and hot, we still think she's hot.\", \"tokens\": [51216, 420, 406, 4618, 293, 2368, 11, 321, 920, 519, 750, 311, 2368, 13, 51310], \"temperature\": 0.0, \"avg_logprob\": -0.23820477724075317, \"compression_ratio\": 1.734104037284851, \"no_speech_prob\": 0.0007208192255347967}, {\"id\": 39, \"seek\": 5840, \"start\": 77.31999969482422, \"end\": 81.16000366210938, \"text\": \" For women, because status plays such a huge part in it,\", \"tokens\": [51310, 1171, 2266, 11, 570, 6558, 5749, 1270, 257, 2603, 644, 294, 309, 11, 51502], \"temperature\": 0.0, \"avg_logprob\": -0.23820477724075317, \"compression_ratio\": 1.734104037284851, \"no_speech_prob\": 0.0007208192255347967}, {\"id\": 40, \"seek\": 5840, \"start\": 81.16000366210938, \"end\": 82.83999633789062, \"text\": \" a lot of times they'll get to the point\", \"tokens\": [51502, 257, 688, 295, 1413, 436, 603, 483, 281, 264, 935, 51586], \"temperature\": 0.0, \"avg_logprob\": -0.23820477724075317, \"compression_ratio\": 1.734104037284851, \"no_speech_prob\": 0.0007208192255347967}, {\"id\": 41, \"seek\": 5840, \"start\": 82.83999633789062, \"end\": 84.23999786376953, \"text\": \" where they've imprinted with so many men,\", \"tokens\": [51586, 689, 436, 600, 44615, 292, 365, 370, 867, 1706, 11, 51656], \"temperature\": 0.0, \"avg_logprob\": -0.23820477724075317, \"compression_ratio\": 1.734104037284851, \"no_speech_prob\": 0.0007208192255347967}, {\"id\": 42, \"seek\": 5840, \"start\": 84.23999786376953, \"end\": 85.31999969482422, \"text\": \" they can't imprint with the man\", \"tokens\": [51656, 436, 393, 380, 44615, 365, 264, 587, 51710], \"temperature\": 0.0, \"avg_logprob\": -0.23820477724075317, \"compression_ratio\": 1.734104037284851, \"no_speech_prob\": 0.0007208192255347967}, {\"id\": 43, \"seek\": 5840, \"start\": 85.31999969482422, \"end\": 86.44000244140625, \"text\": \" that they're supposed to be with.\", \"tokens\": [51710, 300, 436, 434, 3442, 281, 312, 365, 13, 51766], \"temperature\": 0.0, \"avg_logprob\": -0.23820477724075317, \"compression_ratio\": 1.734104037284851, \"no_speech_prob\": 0.0007208192255347967}, {\"id\": 44, \"seek\": 8644, \"start\": 86.44000244140625, \"end\": 88.36000061035156, \"text\": \" And then as soon as something goes wrong,\", \"tokens\": [50364, 400, 550, 382, 2321, 382, 746, 1709, 2085, 11, 50460], \"temperature\": 0.0, \"avg_logprob\": -0.23421822488307953, \"compression_ratio\": 1.7619047164916992, \"no_speech_prob\": 0.0034294642973691225}, {\"id\": 45, \"seek\": 8644, \"start\": 88.36000061035156, \"end\": 91.16000366210938, \"text\": \" they're out and 78% of divorces are initiated by women.\", \"tokens\": [50460, 436, 434, 484, 293, 26369, 4, 295, 11861, 887, 366, 28578, 538, 2266, 13, 50600], \"temperature\": 0.0, \"avg_logprob\": -0.23421822488307953, \"compression_ratio\": 1.7619047164916992, \"no_speech_prob\": 0.0034294642973691225}, {\"id\": 46, \"seek\": 8644, \"start\": 91.16000366210938, \"end\": 93.68000030517578, \"text\": \" Right, so then when does a guy choose to be with a,\", \"tokens\": [50600, 1779, 11, 370, 550, 562, 775, 257, 2146, 2826, 281, 312, 365, 257, 11, 50726], \"temperature\": 0.0, \"avg_logprob\": -0.23421822488307953, \"compression_ratio\": 1.7619047164916992, \"no_speech_prob\": 0.0034294642973691225}, {\"id\": 47, \"seek\": 8644, \"start\": 93.68000030517578, \"end\": 95.4800033569336, \"text\": \" like what is the science behind a guy\", \"tokens\": [50726, 411, 437, 307, 264, 3497, 2261, 257, 2146, 50816], \"temperature\": 0.0, \"avg_logprob\": -0.23421822488307953, \"compression_ratio\": 1.7619047164916992, \"no_speech_prob\": 0.0034294642973691225}, {\"id\": 48, \"seek\": 8644, \"start\": 95.4800033569336, \"end\": 98.83999633789062, \"text\": \" actually falling in love and actually choosing his person?\", \"tokens\": [50816, 767, 7440, 294, 959, 293, 767, 10875, 702, 954, 30, 50984], \"temperature\": 0.0, \"avg_logprob\": -0.23421822488307953, \"compression_ratio\": 1.7619047164916992, \"no_speech_prob\": 0.0034294642973691225}, {\"id\": 49, \"seek\": 8644, \"start\": 98.83999633789062, \"end\": 101.5199966430664, \"text\": \" Right, because if there's so many women\", \"tokens\": [50984, 1779, 11, 570, 498, 456, 311, 370, 867, 2266, 51118], \"temperature\": 0.0, \"avg_logprob\": -0.23421822488307953, \"compression_ratio\": 1.7619047164916992, \"no_speech_prob\": 0.0034294642973691225}, {\"id\": 50, \"seek\": 8644, \"start\": 101.5199966430664, \"end\": 103.68000030517578, \"text\": \" that they have options from, right, if that's the case,\", \"tokens\": [51118, 300, 436, 362, 3956, 490, 11, 558, 11, 498, 300, 311, 264, 1389, 11, 51226], \"temperature\": 0.0, \"avg_logprob\": -0.23421822488307953, \"compression_ratio\": 1.7619047164916992, \"no_speech_prob\": 0.0034294642973691225}, {\"id\": 51, \"seek\": 8644, \"start\": 103.68000030517578, \"end\": 105.95999908447266, \"text\": \" right, so then how do they determine,\", \"tokens\": [51226, 558, 11, 370, 550, 577, 360, 436, 6997, 11, 51340], \"temperature\": 0.0, \"avg_logprob\": -0.23421822488307953, \"compression_ratio\": 1.7619047164916992, \"no_speech_prob\": 0.0034294642973691225}, {\"id\": 52, \"seek\": 8644, \"start\": 105.95999908447266, \"end\": 108.44000244140625, \"text\": \" okay, this is the person that I'm gonna build my life with.\", \"tokens\": [51340, 1392, 11, 341, 307, 264, 954, 300, 286, 478, 799, 1322, 452, 993, 365, 13, 51464], \"temperature\": 0.0, \"avg_logprob\": -0.23421822488307953, \"compression_ratio\": 1.7619047164916992, \"no_speech_prob\": 0.0034294642973691225}, {\"id\": 53, \"seek\": 8644, \"start\": 108.44000244140625, \"end\": 110.23999786376953, \"text\": \" So here's where it gets difficult, right?\", \"tokens\": [51464, 407, 510, 311, 689, 309, 2170, 2252, 11, 558, 30, 51554], \"temperature\": 0.0, \"avg_logprob\": -0.23421822488307953, \"compression_ratio\": 1.7619047164916992, \"no_speech_prob\": 0.0034294642973691225}, {\"id\": 54, \"seek\": 8644, \"start\": 110.23999786376953, \"end\": 111.08000183105469, \"text\": \" Because you're a professional.\", \"tokens\": [51554, 1436, 291, 434, 257, 4843, 13, 51596], \"temperature\": 0.0, \"avg_logprob\": -0.23421822488307953, \"compression_ratio\": 1.7619047164916992, \"no_speech_prob\": 0.0034294642973691225}, {\"id\": 55, \"seek\": 8644, \"start\": 111.08000183105469, \"end\": 113.76000213623047, \"text\": \" You're really good at your job, right?\", \"tokens\": [51596, 509, 434, 534, 665, 412, 428, 1691, 11, 558, 30, 51730], \"temperature\": 0.0, \"avg_logprob\": -0.23421822488307953, \"compression_ratio\": 1.7619047164916992, \"no_speech_prob\": 0.0034294642973691225}, {\"id\": 56, \"seek\": 8644, \"start\": 113.76000213623047, \"end\": 115.83999633789062, \"text\": \" The thing that men, when I talk to like\", \"tokens\": [51730, 440, 551, 300, 1706, 11, 562, 286, 751, 281, 411, 51834], \"temperature\": 0.0, \"avg_logprob\": -0.23421822488307953, \"compression_ratio\": 1.7619047164916992, \"no_speech_prob\": 0.0034294642973691225}, {\"id\": 57, \"seek\": 11584, \"start\": 115.83999633789062, \"end\": 118.23999786376953, \"text\": \" really high status men, we're talking high earners\", \"tokens\": [50364, 534, 1090, 6558, 1706, 11, 321, 434, 1417, 1090, 6012, 433, 50484], \"temperature\": 0.0, \"avg_logprob\": -0.23384633660316467, \"compression_ratio\": 1.790697693824768, \"no_speech_prob\": 0.002182602183893323}, {\"id\": 58, \"seek\": 11584, \"start\": 118.23999786376953, \"end\": 120.95999908447266, \"text\": \" that do really well, they want peace first off.\", \"tokens\": [50484, 300, 360, 534, 731, 11, 436, 528, 4336, 700, 766, 13, 50620], \"temperature\": 0.0, \"avg_logprob\": -0.23384633660316467, \"compression_ratio\": 1.790697693824768, \"no_speech_prob\": 0.002182602183893323}, {\"id\": 59, \"seek\": 11584, \"start\": 120.95999908447266, \"end\": 122.55999755859375, \"text\": \" They want loyalty and they want someone\", \"tokens\": [50620, 814, 528, 22831, 293, 436, 528, 1580, 50700], \"temperature\": 0.0, \"avg_logprob\": -0.23384633660316467, \"compression_ratio\": 1.790697693824768, \"no_speech_prob\": 0.002182602183893323}, {\"id\": 60, \"seek\": 11584, \"start\": 122.55999755859375, \"end\": 124.55999755859375, \"text\": \" who's gonna help build an empire.\", \"tokens\": [50700, 567, 311, 799, 854, 1322, 364, 17506, 13, 50800], \"temperature\": 0.0, \"avg_logprob\": -0.23384633660316467, \"compression_ratio\": 1.790697693824768, \"no_speech_prob\": 0.002182602183893323}, {\"id\": 61, \"seek\": 11584, \"start\": 124.55999755859375, \"end\": 126.44000244140625, \"text\": \" I explained this very clearly,\", \"tokens\": [50800, 286, 8825, 341, 588, 4448, 11, 50894], \"temperature\": 0.0, \"avg_logprob\": -0.23384633660316467, \"compression_ratio\": 1.790697693824768, \"no_speech_prob\": 0.002182602183893323}, {\"id\": 62, \"seek\": 11584, \"start\": 126.44000244140625, \"end\": 128.0399932861328, \"text\": \" when I started dating my girlfriend,\", \"tokens\": [50894, 562, 286, 1409, 10689, 452, 10369, 11, 50974], \"temperature\": 0.0, \"avg_logprob\": -0.23384633660316467, \"compression_ratio\": 1.790697693824768, \"no_speech_prob\": 0.002182602183893323}, {\"id\": 63, \"seek\": 11584, \"start\": 128.0399932861328, \"end\": 129.32000732421875, \"text\": \" it was one of these issues where I was like,\", \"tokens\": [50974, 309, 390, 472, 295, 613, 2663, 689, 286, 390, 411, 11, 51038], \"temperature\": 0.0, \"avg_logprob\": -0.23384633660316467, \"compression_ratio\": 1.790697693824768, \"no_speech_prob\": 0.002182602183893323}, {\"id\": 64, \"seek\": 11584, \"start\": 129.32000732421875, \"end\": 131.55999755859375, \"text\": \" this is the thing, like nothing gets in the way\", \"tokens\": [51038, 341, 307, 264, 551, 11, 411, 1825, 2170, 294, 264, 636, 51150], \"temperature\": 0.0, \"avg_logprob\": -0.23384633660316467, \"compression_ratio\": 1.790697693824768, \"no_speech_prob\": 0.002182602183893323}, {\"id\": 65, \"seek\": 11584, \"start\": 131.55999755859375, \"end\": 133.67999267578125, \"text\": \" of me turning this company to eight figures a year.\", \"tokens\": [51150, 295, 385, 6246, 341, 2237, 281, 3180, 9624, 257, 1064, 13, 51256], \"temperature\": 0.0, \"avg_logprob\": -0.23384633660316467, \"compression_ratio\": 1.790697693824768, \"no_speech_prob\": 0.002182602183893323}, {\"id\": 66, \"seek\": 11584, \"start\": 133.67999267578125, \"end\": 134.60000610351562, \"text\": \" Nothing.\", \"tokens\": [51256, 6693, 13, 51302], \"temperature\": 0.0, \"avg_logprob\": -0.23384633660316467, \"compression_ratio\": 1.790697693824768, \"no_speech_prob\": 0.002182602183893323}, {\"id\": 67, \"seek\": 11584, \"start\": 134.60000610351562, \"end\": 136.0399932861328, \"text\": \" I want you to be a part of this.\", \"tokens\": [51302, 286, 528, 291, 281, 312, 257, 644, 295, 341, 13, 51374], \"temperature\": 0.0, \"avg_logprob\": -0.23384633660316467, \"compression_ratio\": 1.790697693824768, \"no_speech_prob\": 0.002182602183893323}, {\"id\": 68, \"seek\": 11584, \"start\": 136.0399932861328, \"end\": 138.16000366210938, \"text\": \" I'm not trying to keep my company here\", \"tokens\": [51374, 286, 478, 406, 1382, 281, 1066, 452, 2237, 510, 51480], \"temperature\": 0.0, \"avg_logprob\": -0.23384633660316467, \"compression_ratio\": 1.790697693824768, \"no_speech_prob\": 0.002182602183893323}, {\"id\": 69, \"seek\": 11584, \"start\": 138.16000366210938, \"end\": 139.0, \"text\": \" and then you separate.\", \"tokens\": [51480, 293, 550, 291, 4994, 13, 51522], \"temperature\": 0.0, \"avg_logprob\": -0.23384633660316467, \"compression_ratio\": 1.790697693824768, \"no_speech_prob\": 0.002182602183893323}, {\"id\": 70, \"seek\": 11584, \"start\": 139.0, \"end\": 141.16000366210938, \"text\": \" I want you to be involved in every single thing I'm doing.\", \"tokens\": [51522, 286, 528, 291, 281, 312, 3288, 294, 633, 2167, 551, 286, 478, 884, 13, 51630], \"temperature\": 0.0, \"avg_logprob\": -0.23384633660316467, \"compression_ratio\": 1.790697693824768, \"no_speech_prob\": 0.002182602183893323}, {\"id\": 71, \"seek\": 11584, \"start\": 141.16000366210938, \"end\": 142.0800018310547, \"text\": \" But you need to ask yourself,\", \"tokens\": [51630, 583, 291, 643, 281, 1029, 1803, 11, 51676], \"temperature\": 0.0, \"avg_logprob\": -0.23384633660316467, \"compression_ratio\": 1.790697693824768, \"no_speech_prob\": 0.002182602183893323}, {\"id\": 72, \"seek\": 11584, \"start\": 142.0800018310547, \"end\": 143.8000030517578, \"text\": \" is this getting us closer to our goal\", \"tokens\": [51676, 307, 341, 1242, 505, 4966, 281, 527, 3387, 51762], \"temperature\": 0.0, \"avg_logprob\": -0.23384633660316467, \"compression_ratio\": 1.790697693824768, \"no_speech_prob\": 0.002182602183893323}, {\"id\": 73, \"seek\": 14380, \"start\": 143.8000030517578, \"end\": 146.39999389648438, \"text\": \" or is this drama pulling us away from our goal?\", \"tokens\": [50364, 420, 307, 341, 9412, 8407, 505, 1314, 490, 527, 3387, 30, 50494], \"temperature\": 0.0, \"avg_logprob\": -0.2414843589067459, \"compression_ratio\": 1.7983651161193848, \"no_speech_prob\": 0.0002098790864693001}, {\"id\": 74, \"seek\": 14380, \"start\": 146.39999389648438, \"end\": 147.52000427246094, \"text\": \" If it's pulling us away from our goal,\", \"tokens\": [50494, 759, 309, 311, 8407, 505, 1314, 490, 527, 3387, 11, 50550], \"temperature\": 0.0, \"avg_logprob\": -0.2414843589067459, \"compression_ratio\": 1.7983651161193848, \"no_speech_prob\": 0.0002098790864693001}, {\"id\": 75, \"seek\": 14380, \"start\": 147.52000427246094, \"end\": 149.0800018310547, \"text\": \" then this relationship isn't gonna work.\", \"tokens\": [50550, 550, 341, 2480, 1943, 380, 799, 589, 13, 50628], \"temperature\": 0.0, \"avg_logprob\": -0.2414843589067459, \"compression_ratio\": 1.7983651161193848, \"no_speech_prob\": 0.0002098790864693001}, {\"id\": 76, \"seek\": 14380, \"start\": 149.0800018310547, \"end\": 151.47999572753906, \"text\": \" And that's what a lot, when I meet men who are like that.\", \"tokens\": [50628, 400, 300, 311, 437, 257, 688, 11, 562, 286, 1677, 1706, 567, 366, 411, 300, 13, 50748], \"temperature\": 0.0, \"avg_logprob\": -0.2414843589067459, \"compression_ratio\": 1.7983651161193848, \"no_speech_prob\": 0.0002098790864693001}, {\"id\": 77, \"seek\": 14380, \"start\": 151.47999572753906, \"end\": 153.8000030517578, \"text\": \" So consider Alex Hormozy and Layla Hormozy.\", \"tokens\": [50748, 407, 1949, 5202, 389, 687, 78, 1229, 293, 20084, 875, 389, 687, 78, 1229, 13, 50864], \"temperature\": 0.0, \"avg_logprob\": -0.2414843589067459, \"compression_ratio\": 1.7983651161193848, \"no_speech_prob\": 0.0002098790864693001}, {\"id\": 78, \"seek\": 14380, \"start\": 153.8000030517578, \"end\": 156.44000244140625, \"text\": \" Great example, both of them heavily into fitness.\", \"tokens\": [50864, 3769, 1365, 11, 1293, 295, 552, 10950, 666, 15303, 13, 50996], \"temperature\": 0.0, \"avg_logprob\": -0.2414843589067459, \"compression_ratio\": 1.7983651161193848, \"no_speech_prob\": 0.0002098790864693001}, {\"id\": 79, \"seek\": 14380, \"start\": 156.44000244140625, \"end\": 159.24000549316406, \"text\": \" Now Layla has her own coaching program along with Alex.\", \"tokens\": [50996, 823, 20084, 875, 575, 720, 1065, 15818, 1461, 2051, 365, 5202, 13, 51136], \"temperature\": 0.0, \"avg_logprob\": -0.2414843589067459, \"compression_ratio\": 1.7983651161193848, \"no_speech_prob\": 0.0002098790864693001}, {\"id\": 80, \"seek\": 14380, \"start\": 159.24000549316406, \"end\": 160.0800018310547, \"text\": \" They support each other.\", \"tokens\": [51136, 814, 1406, 1184, 661, 13, 51178], \"temperature\": 0.0, \"avg_logprob\": -0.2414843589067459, \"compression_ratio\": 1.7983651161193848, \"no_speech_prob\": 0.0002098790864693001}, {\"id\": 81, \"seek\": 14380, \"start\": 160.0800018310547, \"end\": 163.1199951171875, \"text\": \" They would never, ever embarrass each other in public.\", \"tokens\": [51178, 814, 576, 1128, 11, 1562, 9187, 1184, 661, 294, 1908, 13, 51330], \"temperature\": 0.0, \"avg_logprob\": -0.2414843589067459, \"compression_ratio\": 1.7983651161193848, \"no_speech_prob\": 0.0002098790864693001}, {\"id\": 82, \"seek\": 14380, \"start\": 163.1199951171875, \"end\": 165.0399932861328, \"text\": \" You're never gonna see Layla falling around drunk\", \"tokens\": [51330, 509, 434, 1128, 799, 536, 20084, 875, 7440, 926, 11192, 51426], \"temperature\": 0.0, \"avg_logprob\": -0.2414843589067459, \"compression_ratio\": 1.7983651161193848, \"no_speech_prob\": 0.0002098790864693001}, {\"id\": 83, \"seek\": 14380, \"start\": 165.0399932861328, \"end\": 166.47999572753906, \"text\": \" or anything like that in public.\", \"tokens\": [51426, 420, 1340, 411, 300, 294, 1908, 13, 51498], \"temperature\": 0.0, \"avg_logprob\": -0.2414843589067459, \"compression_ratio\": 1.7983651161193848, \"no_speech_prob\": 0.0002098790864693001}, {\"id\": 84, \"seek\": 14380, \"start\": 166.47999572753906, \"end\": 167.67999267578125, \"text\": \" You're always, they're always going\", \"tokens\": [51498, 509, 434, 1009, 11, 436, 434, 1009, 516, 51558], \"temperature\": 0.0, \"avg_logprob\": -0.2414843589067459, \"compression_ratio\": 1.7983651161193848, \"no_speech_prob\": 0.0002098790864693001}, {\"id\": 85, \"seek\": 14380, \"start\": 167.67999267578125, \"end\": 169.52000427246094, \"text\": \" to compliment one another.\", \"tokens\": [51558, 281, 16250, 472, 1071, 13, 51650], \"temperature\": 0.0, \"avg_logprob\": -0.2414843589067459, \"compression_ratio\": 1.7983651161193848, \"no_speech_prob\": 0.0002098790864693001}, {\"id\": 86, \"seek\": 14380, \"start\": 169.52000427246094, \"end\": 170.83999633789062, \"text\": \" When they don't compliment each other,\", \"tokens\": [51650, 1133, 436, 500, 380, 16250, 1184, 661, 11, 51716], \"temperature\": 0.0, \"avg_logprob\": -0.2414843589067459, \"compression_ratio\": 1.7983651161193848, \"no_speech_prob\": 0.0002098790864693001}, {\"id\": 87, \"seek\": 14380, \"start\": 170.83999633789062, \"end\": 173.60000610351562, \"text\": \" like Melinda and Bill Gates, then they get divorced, right?\", \"tokens\": [51716, 411, 7375, 6837, 293, 5477, 26494, 11, 550, 436, 483, 27670, 11, 558, 30, 51854], \"temperature\": 0.0, \"avg_logprob\": -0.2414843589067459, \"compression_ratio\": 1.7983651161193848, \"no_speech_prob\": 0.0002098790864693001}, {\"id\": 88, \"seek\": 17360, \"start\": 174.36000061035156, \"end\": 175.1999969482422, \"text\": \" Jeff Bezos and his wife.\", \"tokens\": [50402, 7506, 879, 27681, 293, 702, 3836, 13, 50444], \"temperature\": 0.0, \"avg_logprob\": -0.25352320075035095, \"compression_ratio\": 1.7238606214523315, \"no_speech_prob\": 5.391048762248829e-05}, {\"id\": 89, \"seek\": 17360, \"start\": 175.1999969482422, \"end\": 176.0399932861328, \"text\": \" Then they get divorced.\", \"tokens\": [50444, 1396, 436, 483, 27670, 13, 50486], \"temperature\": 0.0, \"avg_logprob\": -0.25352320075035095, \"compression_ratio\": 1.7238606214523315, \"no_speech_prob\": 5.391048762248829e-05}, {\"id\": 90, \"seek\": 17360, \"start\": 176.0399932861328, \"end\": 176.8800048828125, \"text\": \" An expensive divorce.\", \"tokens\": [50486, 1107, 5124, 16052, 13, 50528], \"temperature\": 0.0, \"avg_logprob\": -0.25352320075035095, \"compression_ratio\": 1.7238606214523315, \"no_speech_prob\": 5.391048762248829e-05}, {\"id\": 91, \"seek\": 17360, \"start\": 176.8800048828125, \"end\": 177.72000122070312, \"text\": \" Yeah, exactly.\", \"tokens\": [50528, 865, 11, 2293, 13, 50570], \"temperature\": 0.0, \"avg_logprob\": -0.25352320075035095, \"compression_ratio\": 1.7238606214523315, \"no_speech_prob\": 5.391048762248829e-05}, {\"id\": 92, \"seek\": 17360, \"start\": 177.72000122070312, \"end\": 178.55999755859375, \"text\": \" So that's the difference.\", \"tokens\": [50570, 407, 300, 311, 264, 2649, 13, 50612], \"temperature\": 0.0, \"avg_logprob\": -0.25352320075035095, \"compression_ratio\": 1.7238606214523315, \"no_speech_prob\": 5.391048762248829e-05}, {\"id\": 93, \"seek\": 17360, \"start\": 178.55999755859375, \"end\": 181.1199951171875, \"text\": \" When I ask these guys who they want and what it is,\", \"tokens\": [50612, 1133, 286, 1029, 613, 1074, 567, 436, 528, 293, 437, 309, 307, 11, 50740], \"temperature\": 0.0, \"avg_logprob\": -0.25352320075035095, \"compression_ratio\": 1.7238606214523315, \"no_speech_prob\": 5.391048762248829e-05}, {\"id\": 94, \"seek\": 17360, \"start\": 181.1199951171875, \"end\": 183.1199951171875, \"text\": \" number one, does she bring me peace?\", \"tokens\": [50740, 1230, 472, 11, 775, 750, 1565, 385, 4336, 30, 50840], \"temperature\": 0.0, \"avg_logprob\": -0.25352320075035095, \"compression_ratio\": 1.7238606214523315, \"no_speech_prob\": 5.391048762248829e-05}, {\"id\": 95, \"seek\": 17360, \"start\": 183.1199951171875, \"end\": 185.44000244140625, \"text\": \" Is there a loyalty?\", \"tokens\": [50840, 1119, 456, 257, 22831, 30, 50956], \"temperature\": 0.0, \"avg_logprob\": -0.25352320075035095, \"compression_ratio\": 1.7238606214523315, \"no_speech_prob\": 5.391048762248829e-05}, {\"id\": 96, \"seek\": 17360, \"start\": 185.44000244140625, \"end\": 187.55999755859375, \"text\": \" And does she help me follow along with my purpose?\", \"tokens\": [50956, 400, 775, 750, 854, 385, 1524, 2051, 365, 452, 4334, 30, 51062], \"temperature\": 0.0, \"avg_logprob\": -0.25352320075035095, \"compression_ratio\": 1.7238606214523315, \"no_speech_prob\": 5.391048762248829e-05}, {\"id\": 97, \"seek\": 17360, \"start\": 187.55999755859375, \"end\": 188.52000427246094, \"text\": \" Oh, that's fascinating.\", \"tokens\": [51062, 876, 11, 300, 311, 10343, 13, 51110], \"temperature\": 0.0, \"avg_logprob\": -0.25352320075035095, \"compression_ratio\": 1.7238606214523315, \"no_speech_prob\": 5.391048762248829e-05}, {\"id\": 98, \"seek\": 17360, \"start\": 188.52000427246094, \"end\": 189.36000061035156, \"text\": \" I can agree with that\", \"tokens\": [51110, 286, 393, 3986, 365, 300, 51152], \"temperature\": 0.0, \"avg_logprob\": -0.25352320075035095, \"compression_ratio\": 1.7238606214523315, \"no_speech_prob\": 5.391048762248829e-05}, {\"id\": 99, \"seek\": 17360, \"start\": 189.36000061035156, \"end\": 190.8000030517578, \"text\": \" because I've seen very successful men\", \"tokens\": [51152, 570, 286, 600, 1612, 588, 4406, 1706, 51224], \"temperature\": 0.0, \"avg_logprob\": -0.25352320075035095, \"compression_ratio\": 1.7238606214523315, \"no_speech_prob\": 5.391048762248829e-05}, {\"id\": 100, \"seek\": 17360, \"start\": 190.8000030517578, \"end\": 191.9600067138672, \"text\": \" kind of just choose like,\", \"tokens\": [51224, 733, 295, 445, 2826, 411, 11, 51282], \"temperature\": 0.0, \"avg_logprob\": -0.25352320075035095, \"compression_ratio\": 1.7238606214523315, \"no_speech_prob\": 5.391048762248829e-05}, {\"id\": 101, \"seek\": 17360, \"start\": 191.9600067138672, \"end\": 194.63999938964844, \"text\": \" and then there's always this debate about women saying like,\", \"tokens\": [51282, 293, 550, 456, 311, 1009, 341, 7958, 466, 2266, 1566, 411, 11, 51416], \"temperature\": 0.0, \"avg_logprob\": -0.25352320075035095, \"compression_ratio\": 1.7238606214523315, \"no_speech_prob\": 5.391048762248829e-05}, {\"id\": 102, \"seek\": 17360, \"start\": 194.63999938964844, \"end\": 197.47999572753906, \"text\": \" why does the successful man choose like a girl\", \"tokens\": [51416, 983, 775, 264, 4406, 587, 2826, 411, 257, 2013, 51558], \"temperature\": 0.0, \"avg_logprob\": -0.25352320075035095, \"compression_ratio\": 1.7238606214523315, \"no_speech_prob\": 5.391048762248829e-05}, {\"id\": 103, \"seek\": 17360, \"start\": 197.47999572753906, \"end\": 199.32000732421875, \"text\": \" that is just like the bottle girl?\", \"tokens\": [51558, 300, 307, 445, 411, 264, 7817, 2013, 30, 51650], \"temperature\": 0.0, \"avg_logprob\": -0.25352320075035095, \"compression_ratio\": 1.7238606214523315, \"no_speech_prob\": 5.391048762248829e-05}, {\"id\": 104, \"seek\": 17360, \"start\": 199.32000732421875, \"end\": 200.16000366210938, \"text\": \" I don't know.\", \"tokens\": [51650, 286, 500, 380, 458, 13, 51692], \"temperature\": 0.0, \"avg_logprob\": -0.25352320075035095, \"compression_ratio\": 1.7238606214523315, \"no_speech_prob\": 5.391048762248829e-05}, {\"id\": 105, \"seek\": 17360, \"start\": 200.16000366210938, \"end\": 201.83999633789062, \"text\": \" And I mean, nothing wrong with her being a bottle girl.\", \"tokens\": [51692, 400, 286, 914, 11, 1825, 2085, 365, 720, 885, 257, 7817, 2013, 13, 51776], \"temperature\": 0.0, \"avg_logprob\": -0.25352320075035095, \"compression_ratio\": 1.7238606214523315, \"no_speech_prob\": 5.391048762248829e-05}, {\"id\": 106, \"seek\": 17360, \"start\": 201.83999633789062, \"end\": 203.0800018310547, \"text\": \" It's because she's attractive and looks younger.\", \"tokens\": [51776, 467, 311, 570, 750, 311, 12609, 293, 1542, 7037, 13, 51838], \"temperature\": 0.0, \"avg_logprob\": -0.25352320075035095, \"compression_ratio\": 1.7238606214523315, \"no_speech_prob\": 5.391048762248829e-05}, {\"id\": 107, \"seek\": 20308, \"start\": 203.47999572753906, \"end\": 204.32000732421875, \"text\": \" It's not because she's a bottle girl.\", \"tokens\": [50384, 467, 311, 406, 570, 750, 311, 257, 7817, 2013, 13, 50426], \"temperature\": 0.0, \"avg_logprob\": -0.23341146111488342, \"compression_ratio\": 1.788888931274414, \"no_speech_prob\": 0.0018101796740666032}, {\"id\": 108, \"seek\": 20308, \"start\": 204.32000732421875, \"end\": 206.44000244140625, \"text\": \" Okay, no, I'm just saying like the whole idea\", \"tokens\": [50426, 1033, 11, 572, 11, 286, 478, 445, 1566, 411, 264, 1379, 1558, 50532], \"temperature\": 0.0, \"avg_logprob\": -0.23341146111488342, \"compression_ratio\": 1.788888931274414, \"no_speech_prob\": 0.0018101796740666032}, {\"id\": 109, \"seek\": 20308, \"start\": 206.44000244140625, \"end\": 209.55999755859375, \"text\": \" of if you're a very rich, successful man,\", \"tokens\": [50532, 295, 498, 291, 434, 257, 588, 4593, 11, 4406, 587, 11, 50688], \"temperature\": 0.0, \"avg_logprob\": -0.23341146111488342, \"compression_ratio\": 1.788888931274414, \"no_speech_prob\": 0.0018101796740666032}, {\"id\": 110, \"seek\": 20308, \"start\": 209.55999755859375, \"end\": 212.24000549316406, \"text\": \" how come you're choosing somebody that's in a different,\", \"tokens\": [50688, 577, 808, 291, 434, 10875, 2618, 300, 311, 294, 257, 819, 11, 50822], \"temperature\": 0.0, \"avg_logprob\": -0.23341146111488342, \"compression_ratio\": 1.788888931274414, \"no_speech_prob\": 0.0018101796740666032}, {\"id\": 111, \"seek\": 20308, \"start\": 212.24000549316406, \"end\": 213.44000244140625, \"text\": \" you know, in a lower status?\", \"tokens\": [50822, 291, 458, 11, 294, 257, 3126, 6558, 30, 50882], \"temperature\": 0.0, \"avg_logprob\": -0.23341146111488342, \"compression_ratio\": 1.788888931274414, \"no_speech_prob\": 0.0018101796740666032}, {\"id\": 112, \"seek\": 20308, \"start\": 213.44000244140625, \"end\": 214.8800048828125, \"text\": \" Socioeconomic class.\", \"tokens\": [50882, 12276, 7921, 31646, 1508, 13, 50954], \"temperature\": 0.0, \"avg_logprob\": -0.23341146111488342, \"compression_ratio\": 1.788888931274414, \"no_speech_prob\": 0.0018101796740666032}, {\"id\": 113, \"seek\": 20308, \"start\": 214.8800048828125, \"end\": 215.72000122070312, \"text\": \" Correct, correct.\", \"tokens\": [50954, 12753, 11, 3006, 13, 50996], \"temperature\": 0.0, \"avg_logprob\": -0.23341146111488342, \"compression_ratio\": 1.788888931274414, \"no_speech_prob\": 0.0018101796740666032}, {\"id\": 114, \"seek\": 20308, \"start\": 215.72000122070312, \"end\": 217.52000427246094, \"text\": \" So, you know, that's always like the debate, right?\", \"tokens\": [50996, 407, 11, 291, 458, 11, 300, 311, 1009, 411, 264, 7958, 11, 558, 30, 51086], \"temperature\": 0.0, \"avg_logprob\": -0.23341146111488342, \"compression_ratio\": 1.788888931274414, \"no_speech_prob\": 0.0018101796740666032}, {\"id\": 115, \"seek\": 20308, \"start\": 217.52000427246094, \"end\": 218.36000061035156, \"text\": \" It's like, we always see,\", \"tokens\": [51086, 467, 311, 411, 11, 321, 1009, 536, 11, 51128], \"temperature\": 0.0, \"avg_logprob\": -0.23341146111488342, \"compression_ratio\": 1.788888931274414, \"no_speech_prob\": 0.0018101796740666032}, {\"id\": 116, \"seek\": 20308, \"start\": 218.36000061035156, \"end\": 220.16000366210938, \"text\": \" because I've seen women complain about this.\", \"tokens\": [51128, 570, 286, 600, 1612, 2266, 11024, 466, 341, 13, 51218], \"temperature\": 0.0, \"avg_logprob\": -0.23341146111488342, \"compression_ratio\": 1.788888931274414, \"no_speech_prob\": 0.0018101796740666032}, {\"id\": 117, \"seek\": 20308, \"start\": 220.16000366210938, \"end\": 222.39999389648438, \"text\": \" Like you can literally, like if you're Drake,\", \"tokens\": [51218, 1743, 291, 393, 3736, 11, 411, 498, 291, 434, 27465, 11, 51330], \"temperature\": 0.0, \"avg_logprob\": -0.23341146111488342, \"compression_ratio\": 1.788888931274414, \"no_speech_prob\": 0.0018101796740666032}, {\"id\": 118, \"seek\": 20308, \"start\": 222.39999389648438, \"end\": 224.8000030517578, \"text\": \" you can literally like be with an A-list actor,\", \"tokens\": [51330, 291, 393, 3736, 411, 312, 365, 364, 316, 12, 8264, 8747, 11, 51450], \"temperature\": 0.0, \"avg_logprob\": -0.23341146111488342, \"compression_ratio\": 1.788888931274414, \"no_speech_prob\": 0.0018101796740666032}, {\"id\": 119, \"seek\": 20308, \"start\": 224.8000030517578, \"end\": 226.9600067138672, \"text\": \" but why are you out here with like the girl\", \"tokens\": [51450, 457, 983, 366, 291, 484, 510, 365, 411, 264, 2013, 51558], \"temperature\": 0.0, \"avg_logprob\": -0.23341146111488342, \"compression_ratio\": 1.788888931274414, \"no_speech_prob\": 0.0018101796740666032}, {\"id\": 120, \"seek\": 20308, \"start\": 226.9600067138672, \"end\": 229.36000061035156, \"text\": \" that you found on Instagram or whatever, you know?\", \"tokens\": [51558, 300, 291, 1352, 322, 5281, 420, 2035, 11, 291, 458, 30, 51678], \"temperature\": 0.0, \"avg_logprob\": -0.23341146111488342, \"compression_ratio\": 1.788888931274414, \"no_speech_prob\": 0.0018101796740666032}, {\"id\": 121, \"seek\": 20308, \"start\": 229.36000061035156, \"end\": 230.55999755859375, \"text\": \" And I'm not saying anything's wrong with that\", \"tokens\": [51678, 400, 286, 478, 406, 1566, 1340, 311, 2085, 365, 300, 51738], \"temperature\": 0.0, \"avg_logprob\": -0.23341146111488342, \"compression_ratio\": 1.788888931274414, \"no_speech_prob\": 0.0018101796740666032}, {\"id\": 122, \"seek\": 20308, \"start\": 230.55999755859375, \"end\": 231.83999633789062, \"text\": \" because she's probably a nice girl,\", \"tokens\": [51738, 570, 750, 311, 1391, 257, 1481, 2013, 11, 51802], \"temperature\": 0.0, \"avg_logprob\": -0.23341146111488342, \"compression_ratio\": 1.788888931274414, \"no_speech_prob\": 0.0018101796740666032}, {\"id\": 123, \"seek\": 23184, \"start\": 231.83999633789062, \"end\": 232.8800048828125, \"text\": \" but that's always like the thing.\", \"tokens\": [50364, 457, 300, 311, 1009, 411, 264, 551, 13, 50416], \"temperature\": 0.0, \"avg_logprob\": -0.22278766334056854, \"compression_ratio\": 1.8850574493408203, \"no_speech_prob\": 0.0003920384042430669}, {\"id\": 124, \"seek\": 23184, \"start\": 232.8800048828125, \"end\": 233.9600067138672, \"text\": \" It's because she's a nice girl.\", \"tokens\": [50416, 467, 311, 570, 750, 311, 257, 1481, 2013, 13, 50470], \"temperature\": 0.0, \"avg_logprob\": -0.22278766334056854, \"compression_ratio\": 1.8850574493408203, \"no_speech_prob\": 0.0003920384042430669}, {\"id\": 125, \"seek\": 23184, \"start\": 233.9600067138672, \"end\": 235.16000366210938, \"text\": \" It's because she's a nice girl.\", \"tokens\": [50470, 467, 311, 570, 750, 311, 257, 1481, 2013, 13, 50530], \"temperature\": 0.0, \"avg_logprob\": -0.22278766334056854, \"compression_ratio\": 1.8850574493408203, \"no_speech_prob\": 0.0003920384042430669}, {\"id\": 126, \"seek\": 23184, \"start\": 235.16000366210938, \"end\": 237.1999969482422, \"text\": \" But also like when they settle down with somebody\", \"tokens\": [50530, 583, 611, 411, 562, 436, 11852, 760, 365, 2618, 50632], \"temperature\": 0.0, \"avg_logprob\": -0.22278766334056854, \"compression_ratio\": 1.8850574493408203, \"no_speech_prob\": 0.0003920384042430669}, {\"id\": 127, \"seek\": 23184, \"start\": 237.1999969482422, \"end\": 239.16000366210938, \"text\": \" of lesser whatever, you know,\", \"tokens\": [50632, 295, 22043, 2035, 11, 291, 458, 11, 50730], \"temperature\": 0.0, \"avg_logprob\": -0.22278766334056854, \"compression_ratio\": 1.8850574493408203, \"no_speech_prob\": 0.0003920384042430669}, {\"id\": 128, \"seek\": 23184, \"start\": 239.16000366210938, \"end\": 241.0399932861328, \"text\": \" socioeconomical like background, right?\", \"tokens\": [50730, 46327, 2291, 804, 411, 3678, 11, 558, 30, 50824], \"temperature\": 0.0, \"avg_logprob\": -0.22278766334056854, \"compression_ratio\": 1.8850574493408203, \"no_speech_prob\": 0.0003920384042430669}, {\"id\": 129, \"seek\": 23184, \"start\": 241.0399932861328, \"end\": 243.44000244140625, \"text\": \" It could be because like, maybe they're just at peace.\", \"tokens\": [50824, 467, 727, 312, 570, 411, 11, 1310, 436, 434, 445, 412, 4336, 13, 50944], \"temperature\": 0.0, \"avg_logprob\": -0.22278766334056854, \"compression_ratio\": 1.8850574493408203, \"no_speech_prob\": 0.0003920384042430669}, {\"id\": 130, \"seek\": 23184, \"start\": 243.44000244140625, \"end\": 244.52000427246094, \"text\": \" Maybe they're just like,\", \"tokens\": [50944, 2704, 436, 434, 445, 411, 11, 50998], \"temperature\": 0.0, \"avg_logprob\": -0.22278766334056854, \"compression_ratio\": 1.8850574493408203, \"no_speech_prob\": 0.0003920384042430669}, {\"id\": 131, \"seek\": 23184, \"start\": 244.52000427246094, \"end\": 245.9199981689453, \"text\": \" okay, you're not gonna get in my way.\", \"tokens\": [50998, 1392, 11, 291, 434, 406, 799, 483, 294, 452, 636, 13, 51068], \"temperature\": 0.0, \"avg_logprob\": -0.22278766334056854, \"compression_ratio\": 1.8850574493408203, \"no_speech_prob\": 0.0003920384042430669}, {\"id\": 132, \"seek\": 23184, \"start\": 245.9199981689453, \"end\": 246.75999450683594, \"text\": \" Maybe you're-\", \"tokens\": [51068, 2704, 291, 434, 12, 51110], \"temperature\": 0.0, \"avg_logprob\": -0.22278766334056854, \"compression_ratio\": 1.8850574493408203, \"no_speech_prob\": 0.0003920384042430669}, {\"id\": 133, \"seek\": 23184, \"start\": 246.75999450683594, \"end\": 247.60000610351562, \"text\": \" How about this?\", \"tokens\": [51110, 1012, 466, 341, 30, 51152], \"temperature\": 0.0, \"avg_logprob\": -0.22278766334056854, \"compression_ratio\": 1.8850574493408203, \"no_speech_prob\": 0.0003920384042430669}, {\"id\": 134, \"seek\": 23184, \"start\": 247.60000610351562, \"end\": 248.83999633789062, \"text\": \" Instead of getting in my way, like you understand\", \"tokens\": [51152, 7156, 295, 1242, 294, 452, 636, 11, 411, 291, 1223, 51214], \"temperature\": 0.0, \"avg_logprob\": -0.22278766334056854, \"compression_ratio\": 1.8850574493408203, \"no_speech_prob\": 0.0003920384042430669}, {\"id\": 135, \"seek\": 23184, \"start\": 248.83999633789062, \"end\": 250.83999633789062, \"text\": \" that if you start dating a guy,\", \"tokens\": [51214, 300, 498, 291, 722, 10689, 257, 2146, 11, 51314], \"temperature\": 0.0, \"avg_logprob\": -0.22278766334056854, \"compression_ratio\": 1.8850574493408203, \"no_speech_prob\": 0.0003920384042430669}, {\"id\": 136, \"seek\": 23184, \"start\": 250.83999633789062, \"end\": 253.0800018310547, \"text\": \" your net worth is not a consideration for him.\", \"tokens\": [51314, 428, 2533, 3163, 307, 406, 257, 12381, 337, 796, 13, 51426], \"temperature\": 0.0, \"avg_logprob\": -0.22278766334056854, \"compression_ratio\": 1.8850574493408203, \"no_speech_prob\": 0.0003920384042430669}, {\"id\": 137, \"seek\": 23184, \"start\": 253.0800018310547, \"end\": 253.9199981689453, \"text\": \" That's what I'm saying.\", \"tokens\": [51426, 663, 311, 437, 286, 478, 1566, 13, 51468], \"temperature\": 0.0, \"avg_logprob\": -0.22278766334056854, \"compression_ratio\": 1.8850574493408203, \"no_speech_prob\": 0.0003920384042430669}, {\"id\": 138, \"seek\": 23184, \"start\": 253.9199981689453, \"end\": 254.75999450683594, \"text\": \" It's different.\", \"tokens\": [51468, 467, 311, 819, 13, 51510], \"temperature\": 0.0, \"avg_logprob\": -0.22278766334056854, \"compression_ratio\": 1.8850574493408203, \"no_speech_prob\": 0.0003920384042430669}, {\"id\": 139, \"seek\": 23184, \"start\": 254.75999450683594, \"end\": 257.44000244140625, \"text\": \" Unless it's a male stripper who has a sugar mama.\", \"tokens\": [51510, 16581, 309, 311, 257, 7133, 3575, 3717, 567, 575, 257, 5076, 18775, 13, 51644], \"temperature\": 0.0, \"avg_logprob\": -0.22278766334056854, \"compression_ratio\": 1.8850574493408203, \"no_speech_prob\": 0.0003920384042430669}, {\"id\": 140, \"seek\": 23184, \"start\": 257.44000244140625, \"end\": 259.8800048828125, \"text\": \" My consideration of my girlfriend's net worth\", \"tokens\": [51644, 1222, 12381, 295, 452, 10369, 311, 2533, 3163, 51766], \"temperature\": 0.0, \"avg_logprob\": -0.22278766334056854, \"compression_ratio\": 1.8850574493408203, \"no_speech_prob\": 0.0003920384042430669}, {\"id\": 141, \"seek\": 23184, \"start\": 259.8800048828125, \"end\": 261.5199890136719, \"text\": \" is never a consideration.\", \"tokens\": [51766, 307, 1128, 257, 12381, 13, 51848], \"temperature\": 0.0, \"avg_logprob\": -0.22278766334056854, \"compression_ratio\": 1.8850574493408203, \"no_speech_prob\": 0.0003920384042430669}, {\"id\": 142, \"seek\": 26152, \"start\": 262.20001220703125, \"end\": 264.0400085449219, \"text\": \" But hers consideration of mine has to be.\", \"tokens\": [50398, 583, 6820, 12381, 295, 3892, 575, 281, 312, 13, 50490], \"temperature\": 0.0, \"avg_logprob\": -0.2048467993736267, \"compression_ratio\": 1.7372881174087524, \"no_speech_prob\": 0.0004305527836550027}, {\"id\": 143, \"seek\": 26152, \"start\": 264.0400085449219, \"end\": 265.760009765625, \"text\": \" It just fucking has to be.\", \"tokens\": [50490, 467, 445, 5546, 575, 281, 312, 13, 50576], \"temperature\": 0.0, \"avg_logprob\": -0.2048467993736267, \"compression_ratio\": 1.7372881174087524, \"no_speech_prob\": 0.0004305527836550027}, {\"id\": 144, \"seek\": 26152, \"start\": 265.760009765625, \"end\": 267.0, \"text\": \" And that is another double standard.\", \"tokens\": [50576, 400, 300, 307, 1071, 3834, 3832, 13, 50638], \"temperature\": 0.0, \"avg_logprob\": -0.2048467993736267, \"compression_ratio\": 1.7372881174087524, \"no_speech_prob\": 0.0004305527836550027}, {\"id\": 145, \"seek\": 26152, \"start\": 267.0, \"end\": 267.8399963378906, \"text\": \" Right, right, right.\", \"tokens\": [50638, 1779, 11, 558, 11, 558, 13, 50680], \"temperature\": 0.0, \"avg_logprob\": -0.2048467993736267, \"compression_ratio\": 1.7372881174087524, \"no_speech_prob\": 0.0004305527836550027}, {\"id\": 146, \"seek\": 26152, \"start\": 267.8399963378906, \"end\": 268.67999267578125, \"text\": \" I agree with that.\", \"tokens\": [50680, 286, 3986, 365, 300, 13, 50722], \"temperature\": 0.0, \"avg_logprob\": -0.2048467993736267, \"compression_ratio\": 1.7372881174087524, \"no_speech_prob\": 0.0004305527836550027}, {\"id\": 147, \"seek\": 26152, \"start\": 268.67999267578125, \"end\": 269.5199890136719, \"text\": \" Yeah, that's what I'm saying.\", \"tokens\": [50722, 865, 11, 300, 311, 437, 286, 478, 1566, 13, 50764], \"temperature\": 0.0, \"avg_logprob\": -0.2048467993736267, \"compression_ratio\": 1.7372881174087524, \"no_speech_prob\": 0.0004305527836550027}, {\"id\": 148, \"seek\": 26152, \"start\": 269.5199890136719, \"end\": 270.3599853515625, \"text\": \" We see that a lot, right?\", \"tokens\": [50764, 492, 536, 300, 257, 688, 11, 558, 30, 50806], \"temperature\": 0.0, \"avg_logprob\": -0.2048467993736267, \"compression_ratio\": 1.7372881174087524, \"no_speech_prob\": 0.0004305527836550027}, {\"id\": 149, \"seek\": 26152, \"start\": 270.3599853515625, \"end\": 271.9599914550781, \"text\": \" Like men kind of being with like a-\", \"tokens\": [50806, 1743, 1706, 733, 295, 885, 365, 411, 257, 12, 50886], \"temperature\": 0.0, \"avg_logprob\": -0.2048467993736267, \"compression_ratio\": 1.7372881174087524, \"no_speech_prob\": 0.0004305527836550027}, {\"id\": 150, \"seek\": 26152, \"start\": 271.9599914550781, \"end\": 274.6000061035156, \"text\": \" So your money is your money and my money is our money.\", \"tokens\": [50886, 407, 428, 1460, 307, 428, 1460, 293, 452, 1460, 307, 527, 1460, 13, 51018], \"temperature\": 0.0, \"avg_logprob\": -0.2048467993736267, \"compression_ratio\": 1.7372881174087524, \"no_speech_prob\": 0.0004305527836550027}, {\"id\": 151, \"seek\": 26152, \"start\": 274.6000061035156, \"end\": 275.6400146484375, \"text\": \" That's why it's different.\", \"tokens\": [51018, 663, 311, 983, 309, 311, 819, 13, 51070], \"temperature\": 0.0, \"avg_logprob\": -0.2048467993736267, \"compression_ratio\": 1.7372881174087524, \"no_speech_prob\": 0.0004305527836550027}, {\"id\": 152, \"seek\": 26152, \"start\": 275.6400146484375, \"end\": 277.67999267578125, \"text\": \" And that's why socioeconomic status doesn't matter\", \"tokens\": [51070, 400, 300, 311, 983, 46327, 31646, 6558, 1177, 380, 1871, 51172], \"temperature\": 0.0, \"avg_logprob\": -0.2048467993736267, \"compression_ratio\": 1.7372881174087524, \"no_speech_prob\": 0.0004305527836550027}, {\"id\": 153, \"seek\": 26152, \"start\": 277.67999267578125, \"end\": 279.6000061035156, \"text\": \" as much for men as it does for women.\", \"tokens\": [51172, 382, 709, 337, 1706, 382, 309, 775, 337, 2266, 13, 51268], \"temperature\": 0.0, \"avg_logprob\": -0.2048467993736267, \"compression_ratio\": 1.7372881174087524, \"no_speech_prob\": 0.0004305527836550027}, {\"id\": 154, \"seek\": 26152, \"start\": 279.6000061035156, \"end\": 280.9200134277344, \"text\": \" And frequently you'll see this again.\", \"tokens\": [51268, 400, 10374, 291, 603, 536, 341, 797, 13, 51334], \"temperature\": 0.0, \"avg_logprob\": -0.2048467993736267, \"compression_ratio\": 1.7372881174087524, \"no_speech_prob\": 0.0004305527836550027}, {\"id\": 155, \"seek\": 26152, \"start\": 280.9200134277344, \"end\": 281.760009765625, \"text\": \" This is in the book,\", \"tokens\": [51334, 639, 307, 294, 264, 1446, 11, 51376], \"temperature\": 0.0, \"avg_logprob\": -0.2048467993736267, \"compression_ratio\": 1.7372881174087524, \"no_speech_prob\": 0.0004305527836550027}, {\"id\": 156, \"seek\": 26152, \"start\": 281.760009765625, \"end\": 283.0, \"text\": \" Why Beautiful People Have More Daughters.\", \"tokens\": [51376, 1545, 14724, 3432, 3560, 5048, 3933, 15906, 13, 51438], \"temperature\": 0.0, \"avg_logprob\": -0.2048467993736267, \"compression_ratio\": 1.7372881174087524, \"no_speech_prob\": 0.0004305527836550027}, {\"id\": 157, \"seek\": 26152, \"start\": 283.0, \"end\": 286.0400085449219, \"text\": \" It's because daughters can marry up in caste systems.\", \"tokens\": [51438, 467, 311, 570, 17070, 393, 9747, 493, 294, 39262, 3652, 13, 51590], \"temperature\": 0.0, \"avg_logprob\": -0.2048467993736267, \"compression_ratio\": 1.7372881174087524, \"no_speech_prob\": 0.0004305527836550027}, {\"id\": 158, \"seek\": 26152, \"start\": 286.0400085449219, \"end\": 289.0799865722656, \"text\": \" The term for marrying up into a higher caste level,\", \"tokens\": [51590, 440, 1433, 337, 36376, 493, 666, 257, 2946, 39262, 1496, 11, 51742], \"temperature\": 0.0, \"avg_logprob\": -0.2048467993736267, \"compression_ratio\": 1.7372881174087524, \"no_speech_prob\": 0.0004305527836550027}, {\"id\": 159, \"seek\": 28908, \"start\": 289.1199951171875, \"end\": 289.9599914550781, \"text\": \" a higher status,\", \"tokens\": [50366, 257, 2946, 6558, 11, 50408], \"temperature\": 0.0, \"avg_logprob\": -0.2723677158355713, \"compression_ratio\": 1.960365891456604, \"no_speech_prob\": 0.0002694753056857735}, {\"id\": 160, \"seek\": 28908, \"start\": 289.9599914550781, \"end\": 292.55999755859375, \"text\": \" is literally called hypergamy or hypergamy.\", \"tokens\": [50408, 307, 3736, 1219, 9848, 70, 7804, 420, 9848, 70, 7804, 13, 50538], \"temperature\": 0.0, \"avg_logprob\": -0.2723677158355713, \"compression_ratio\": 1.960365891456604, \"no_speech_prob\": 0.0002694753056857735}, {\"id\": 161, \"seek\": 28908, \"start\": 292.55999755859375, \"end\": 294.3599853515625, \"text\": \" That's where it comes from.\", \"tokens\": [50538, 663, 311, 689, 309, 1487, 490, 13, 50628], \"temperature\": 0.0, \"avg_logprob\": -0.2723677158355713, \"compression_ratio\": 1.960365891456604, \"no_speech_prob\": 0.0002694753056857735}, {\"id\": 162, \"seek\": 28908, \"start\": 294.3599853515625, \"end\": 296.239990234375, \"text\": \" And so the idea that really attractive women\", \"tokens\": [50628, 400, 370, 264, 1558, 300, 534, 12609, 2266, 50722], \"temperature\": 0.0, \"avg_logprob\": -0.2723677158355713, \"compression_ratio\": 1.960365891456604, \"no_speech_prob\": 0.0002694753056857735}, {\"id\": 163, \"seek\": 28908, \"start\": 296.239990234375, \"end\": 297.9599914550781, \"text\": \" can become the fairy princess.\", \"tokens\": [50722, 393, 1813, 264, 19104, 14742, 13, 50808], \"temperature\": 0.0, \"avg_logprob\": -0.2723677158355713, \"compression_ratio\": 1.960365891456604, \"no_speech_prob\": 0.0002694753056857735}, {\"id\": 164, \"seek\": 28908, \"start\": 297.9599914550781, \"end\": 299.55999755859375, \"text\": \" They can become the princess, right?\", \"tokens\": [50808, 814, 393, 1813, 264, 14742, 11, 558, 30, 50888], \"temperature\": 0.0, \"avg_logprob\": -0.2723677158355713, \"compression_ratio\": 1.960365891456604, \"no_speech_prob\": 0.0002694753056857735}, {\"id\": 165, \"seek\": 28908, \"start\": 299.55999755859375, \"end\": 300.3999938964844, \"text\": \" Yeah, yeah, yeah.\", \"tokens\": [50888, 865, 11, 1338, 11, 1338, 13, 50930], \"temperature\": 0.0, \"avg_logprob\": -0.2723677158355713, \"compression_ratio\": 1.960365891456604, \"no_speech_prob\": 0.0002694753056857735}, {\"id\": 166, \"seek\": 28908, \"start\": 300.3999938964844, \"end\": 301.79998779296875, \"text\": \" They can become Cinderella.\", \"tokens\": [50930, 814, 393, 1813, 47980, 13, 51000], \"temperature\": 0.0, \"avg_logprob\": -0.2723677158355713, \"compression_ratio\": 1.960365891456604, \"no_speech_prob\": 0.0002694753056857735}, {\"id\": 167, \"seek\": 28908, \"start\": 301.79998779296875, \"end\": 304.0799865722656, \"text\": \" But the really attractive man cannot.\", \"tokens\": [51000, 583, 264, 534, 12609, 587, 2644, 13, 51114], \"temperature\": 0.0, \"avg_logprob\": -0.2723677158355713, \"compression_ratio\": 1.960365891456604, \"no_speech_prob\": 0.0002694753056857735}, {\"id\": 168, \"seek\": 28908, \"start\": 304.0799865722656, \"end\": 306.0, \"text\": \" It doesn't work that way for the really attractive man.\", \"tokens\": [51114, 467, 1177, 380, 589, 300, 636, 337, 264, 534, 12609, 587, 13, 51210], \"temperature\": 0.0, \"avg_logprob\": -0.2723677158355713, \"compression_ratio\": 1.960365891456604, \"no_speech_prob\": 0.0002694753056857735}, {\"id\": 169, \"seek\": 28908, \"start\": 306.0, \"end\": 306.8399963378906, \"text\": \" Yeah, yeah, yeah.\", \"tokens\": [51210, 865, 11, 1338, 11, 1338, 13, 51252], \"temperature\": 0.0, \"avg_logprob\": -0.2723677158355713, \"compression_ratio\": 1.960365891456604, \"no_speech_prob\": 0.0002694753056857735}, {\"id\": 170, \"seek\": 28908, \"start\": 306.8399963378906, \"end\": 307.67999267578125, \"text\": \" Interesting.\", \"tokens\": [51252, 14711, 13, 51294], \"temperature\": 0.0, \"avg_logprob\": -0.2723677158355713, \"compression_ratio\": 1.960365891456604, \"no_speech_prob\": 0.0002694753056857735}, {\"id\": 171, \"seek\": 28908, \"start\": 307.67999267578125, \"end\": 308.5199890136719, \"text\": \" Ooh, this is fascinating.\", \"tokens\": [51294, 7951, 11, 341, 307, 10343, 13, 51336], \"temperature\": 0.0, \"avg_logprob\": -0.2723677158355713, \"compression_ratio\": 1.960365891456604, \"no_speech_prob\": 0.0002694753056857735}, {\"id\": 172, \"seek\": 28908, \"start\": 308.5199890136719, \"end\": 309.8399963378906, \"text\": \" Yeah, this is all we talk about in the show.\", \"tokens\": [51336, 865, 11, 341, 307, 439, 321, 751, 466, 294, 264, 855, 13, 51402], \"temperature\": 0.0, \"avg_logprob\": -0.2723677158355713, \"compression_ratio\": 1.960365891456604, \"no_speech_prob\": 0.0002694753056857735}, {\"id\": 173, \"seek\": 28908, \"start\": 309.8399963378906, \"end\": 311.44000244140625, \"text\": \" A lot of interesting topics here, yeah.\", \"tokens\": [51402, 316, 688, 295, 1880, 8378, 510, 11, 1338, 13, 51482], \"temperature\": 0.0, \"avg_logprob\": -0.2723677158355713, \"compression_ratio\": 1.960365891456604, \"no_speech_prob\": 0.0002694753056857735}, {\"id\": 174, \"seek\": 28908, \"start\": 311.44000244140625, \"end\": 313.3999938964844, \"text\": \" And that's why I always like going into something blindly\", \"tokens\": [51482, 400, 300, 311, 983, 286, 1009, 411, 516, 666, 746, 47744, 51580], \"temperature\": 0.0, \"avg_logprob\": -0.2723677158355713, \"compression_ratio\": 1.960365891456604, \"no_speech_prob\": 0.0002694753056857735}, {\"id\": 175, \"seek\": 28908, \"start\": 313.3999938964844, \"end\": 314.79998779296875, \"text\": \" because I'm like, just shock me.\", \"tokens\": [51580, 570, 286, 478, 411, 11, 445, 5588, 385, 13, 51650], \"temperature\": 0.0, \"avg_logprob\": -0.2723677158355713, \"compression_ratio\": 1.960365891456604, \"no_speech_prob\": 0.0002694753056857735}, {\"id\": 176, \"seek\": 28908, \"start\": 314.79998779296875, \"end\": 316.0, \"text\": \" Like I want to learn something.\", \"tokens\": [51650, 1743, 286, 528, 281, 1466, 746, 13, 51710], \"temperature\": 0.0, \"avg_logprob\": -0.2723677158355713, \"compression_ratio\": 1.960365891456604, \"no_speech_prob\": 0.0002694753056857735}, {\"id\": 177, \"seek\": 28908, \"start\": 316.0, \"end\": 317.6400146484375, \"text\": \" And that's why I love like learning,\", \"tokens\": [51710, 400, 300, 311, 983, 286, 959, 411, 2539, 11, 51792], \"temperature\": 0.0, \"avg_logprob\": -0.2723677158355713, \"compression_ratio\": 1.960365891456604, \"no_speech_prob\": 0.0002694753056857735}, {\"id\": 178, \"seek\": 31764, \"start\": 317.67999267578125, \"end\": 319.0400085449219, \"text\": \" because like something like this\", \"tokens\": [50366, 570, 411, 746, 411, 341, 50434], \"temperature\": 0.0, \"avg_logprob\": -0.19672617316246033, \"compression_ratio\": 1.6635514497756958, \"no_speech_prob\": 0.14791341125965118}, {\"id\": 179, \"seek\": 31764, \"start\": 319.0400085449219, \"end\": 322.3599853515625, \"text\": \" is something that really goes back into just our lineage.\", \"tokens\": [50434, 307, 746, 300, 534, 1709, 646, 666, 445, 527, 38257, 13, 50600], \"temperature\": 0.0, \"avg_logprob\": -0.19672617316246033, \"compression_ratio\": 1.6635514497756958, \"no_speech_prob\": 0.14791341125965118}, {\"id\": 180, \"seek\": 31764, \"start\": 322.3599853515625, \"end\": 324.55999755859375, \"text\": \" Like this is just straight up from evolution,\", \"tokens\": [50600, 1743, 341, 307, 445, 2997, 493, 490, 9303, 11, 50710], \"temperature\": 0.0, \"avg_logprob\": -0.19672617316246033, \"compression_ratio\": 1.6635514497756958, \"no_speech_prob\": 0.14791341125965118}, {\"id\": 181, \"seek\": 31764, \"start\": 324.55999755859375, \"end\": 325.79998779296875, \"text\": \" which is so fascinating.\", \"tokens\": [50710, 597, 307, 370, 10343, 13, 50772], \"temperature\": 0.0, \"avg_logprob\": -0.19672617316246033, \"compression_ratio\": 1.6635514497756958, \"no_speech_prob\": 0.14791341125965118}, {\"id\": 182, \"seek\": 31764, \"start\": 325.79998779296875, \"end\": 327.239990234375, \"text\": \" Because a lot of us just look at it and go,\", \"tokens\": [50772, 1436, 257, 688, 295, 505, 445, 574, 412, 309, 293, 352, 11, 50844], \"temperature\": 0.0, \"avg_logprob\": -0.19672617316246033, \"compression_ratio\": 1.6635514497756958, \"no_speech_prob\": 0.14791341125965118}, {\"id\": 183, \"seek\": 31764, \"start\": 327.239990234375, \"end\": 328.239990234375, \"text\": \" oh, it's because of Instagram.\", \"tokens\": [50844, 1954, 11, 309, 311, 570, 295, 5281, 13, 50894], \"temperature\": 0.0, \"avg_logprob\": -0.19672617316246033, \"compression_ratio\": 1.6635514497756958, \"no_speech_prob\": 0.14791341125965118}, {\"id\": 184, \"seek\": 31764, \"start\": 328.239990234375, \"end\": 329.3999938964844, \"text\": \" Oh, it's because of the culture.\", \"tokens\": [50894, 876, 11, 309, 311, 570, 295, 264, 3713, 13, 50952], \"temperature\": 0.0, \"avg_logprob\": -0.19672617316246033, \"compression_ratio\": 1.6635514497756958, \"no_speech_prob\": 0.14791341125965118}, {\"id\": 185, \"seek\": 31764, \"start\": 329.3999938964844, \"end\": 331.0, \"text\": \" But no, like a lot of this is imprinted\", \"tokens\": [50952, 583, 572, 11, 411, 257, 688, 295, 341, 307, 44615, 292, 51032], \"temperature\": 0.0, \"avg_logprob\": -0.19672617316246033, \"compression_ratio\": 1.6635514497756958, \"no_speech_prob\": 0.14791341125965118}, {\"id\": 186, \"seek\": 31764, \"start\": 331.0, \"end\": 333.3999938964844, \"text\": \" kind of like in our subconscious mind already.\", \"tokens\": [51032, 733, 295, 411, 294, 527, 27389, 1575, 1217, 13, 51152], \"temperature\": 0.0, \"avg_logprob\": -0.19672617316246033, \"compression_ratio\": 1.6635514497756958, \"no_speech_prob\": 0.14791341125965118}]}"}