{"title": "Men Are The Reason Why Good Girls Do OnlyFans -Ft @howtobeast", "video_id": "RUASALbXVvg", "video_url": "https://www.youtube.com/watch?v=RUASALbXVvg", "description": "Watch The Full Podcast Here \ud83d\udd17: https://youtu.be/ojt60PlKoTo\n\nReady to build a network of amazing women and high-status men?\n\nMichael\u2019s Men of Action is a one-on-one Master\u2019s program that teaches men how to create elite social lives by becoming higher status.\n\nClick this link to learn how you can have a High-Status lifestyle now:\nhttps://m.moamentoring.com/podcast\n\nClick here to join the Men of Action community and watch the High-Status Networking 101 course:\nhttps://m.moamentoring.com/moa-community\n\u2014\u2014\u2014\u2014\u2014\u2014\u2014\u2014\u2014\u2014\u2014\u2014\u2014\u2014\u2014\u2014\u2014\u2014\u2014\u2014\n\nSubscribe on Youtube: \nhttps://www.youtube.com/user/MichaelSartain\n\nListen on Apple Podcast: \nhttps://podcasts.apple.com/us/podcast/the-michael-sartain-podcast/id1579791157\n\nListen on Spotify: \nhttps://open.spotify.com/show/2faAYwvDD9Bvkpwv6umlPO?si=8Q3ak9HnSlKjuChsTXr6YQ&dl_branch=1\n\n#Michael #MichaelSartain #Michael_Sartain #Michael_Sartain_Podcast", "published_at": "2023-06-17T14:45:03Z", "channel_id": "UC0T1bDzajVefRWx4uKdGyuw", "channel_title": "Michael Sartain", "tags": ["Michael", "Michael Sartain", "Michael Sartain Podcast", "Michael Podcast", "MOA", "Men Of Action", "men of action", "Michael Sartain Course", "Michael Sartain With Hot Women", "Rollo", "Rollo Tommasi", "Playboy", "Swimsuit", "Swimsuit Competition"], "category_id": "24", "live_broadcast_content": "none", "duration": 332.0, "dimension": "2d", "definition": "hd", "caption": "false", "view_count": 2105, "like_count": 102, "comment_count": 33, "channel_info": {"title": "Michael Sartain", "description": "\ud83c\udf99Host of The\u00a0Michael Sartain Podcast \n\n\ud83d\udd25Teaching you how to build a network of desirable women and high-status men\n\n\ud83d\udc47 Click the \"Men of Action\" link below now to forge a high-status lifestyle and join the elites \n", "subscriber_count": "80500", "total_views": "29545897", "total_videos": "1481"}, "comments": [], "file_path": "/Users/aelaguiz/workspace/fc_book/audio/raws/RUASALbXVvg.mp3", "transcription": "{\"text\": \"when I'm watching them do this, you know what I'm saying? Have you ever met this before, David? The girl who's super square, put together, master's degree, in the gym all the time, and she's dating a dude with a 500 body count. I see this frequently, where women just seem to not care that much about this whole concept, and then this is the thing that you can show on social media. Yeah. No, I mean, I think regardless of what people want to want, and it goes for men and for women, we're biologically programmed to some extent, right? For sure. Yeah, if a girl hears some stats about a guy, maybe it has to do with his body count or something else, they'd be like, that's not going to work out. But then they meet the guy, he's confident, like he clearly has other people who look up to him. He's taking the lead, and a lot of it just goes out the window, of course. Yeah, because we have women on the court on these calls, and we have women come in here all the time, and they're like, no, it's about my connection. It's about my connection. And then I showed their last five boyfriends. I was like, well, it seems to be about your connection, but you seem to have a connection with tall, good-looking dudes who make a lot of fucking money and are very charismatic. That seems to be the formula to build a connection with you. And it's one of these things. I think what it is, because I don't blame women for this, but for men, because of what we're attracted to is so clear to us visually, we're not delusional about it, right? Does that make sense? There has to be a standard for physical attractiveness for us as men to get to level two. That's how we get to level one. For women, it's like there's so many other things. You've seen girl, I mean, you have tattoo sleeve, right? You've seen dudes that girls really like tattoo sleeves. They're super into that. Or girls like guys who are very, very tall. Or girls like guys who are super wealthy. Or girls like guys who are very funny. Or girls like guys who are very rich. These things, there's all these different things that women are attracted to. Whereas for men, it's sort of like this one central hip to waist ratio, facial awareness, or symmetrical facial features, signs of youth, and things like that. There seems to be less of a variety for what men are attracted to than what women are attracted to. And so because of that, you hear women give all these answers and then you look at their boyfriends and I'm like, you're dating a male stripper telling me about how you want a connection. It's just so fucking funny, dude. Yeah, I think one of the, your video I saw was with Rolo, and you were asking girls, what do you think the average male salary is? What do you think the average male height is? What do you think the average male body count is? And that was, I mean, it was very entertaining to watch, but it was also very eye-opening. And I know these are like, there's a selection bias in the sense that these are girls who are like in Vegas, hanging out in Vegas, and they're maybe used to being around. And you even called that out in the video, like they're used to being around and guys who are falling out. These are also who these guys want, because the selection bias also happens for the men. That's who they're following on social media. That's why the girls that come on my show, some of them have two, three million followers, because that is who men want. So we're like, whereas men will claim that it's selection bias, I see who they follow. You know what I'm saying? Like there wouldn't, if the selection bias was complete, then you wouldn't see $4 billion in revenue on OnlyFans. That's who these dudes are like looking at. They're like, fuck this whore, I hate this 304. Meanwhile, they're subscribing to her OnlyFans. Like, by the way, let me tell you the story, but we'll get back to the thing you were saying. Sophia or Sonia Mallory goes on Fresh and Fit, the first time I'm on Fresh and Fit. She's a model from Montreal, lives here in Vegas, and she does porn. She does a guy-girl OF with her boyfriend on her OnlyFans. Makes a shit ton of money. She goes on there, she goes on the show, and she's pretty open to me about it afterwards. She's like, yeah, I went on here. I don't care what these dudes say. I just want subscribers on my OnlyFans. They're on the fucking Fresh and Fit thing, on the comments, just blasting her 304. She's a ho, she has a deep voice, all this shit. And I asked her afterwards, I was like, how many new subscribers did you get on OnlyFans? She got 2,000 new subscribers on her OnlyFans, David. I mean, lifetime expectant value, that's what, 200 grand that she's gonna get from these guys from going on Fresh and Fit for one hour, and these guys are sitting there talking shit about her, then paying her money right afterwards. That's one thing that bothers me about some of the more, I don't know if you're gonna call it red pill or what at this point. Men get very quick to point the fingers at women for virtue signaling, talking about this false male ideal, but then that's a perfect example where dude's doing the exact same thing. Well, they're doing it, this is just my hypothesis, they're doing it because, I had a girl on the other, oh, I had Jessie Preston on yesterday, and she was a playmate back in 09, I think, or 06, somewhere around there, and she was talking about how, well, men judge her because she was in Playboy and because she has an OnlyFans, and I was like, no, Jessie, men judge you because you're pretty and you have big boobs. That's why they're judging you. Like, the reason, I was talking to Lindsey Payless this morning, do you know who she is? She's a big model from Louisiana, and she lives in Los Angeles, and one of the things, Lindsey Payless has her own podcast called Eyes Up Here, and she was talking about how she went into Mastro's one time, and she was wearing just a normal outfit, but because her boobs are so big, and they're real, that they made her put a jacket on because of her physical form, and one of the things that happened to her is she kind of came to the realization that a lot of other girls did. Caitlyn Runk is another girl who did this as well. She didn't want to have an OnlyFans, and then she did. Chloe Tere is another girl who did this as well. She's like, no matter what I do, because I'm attractive, they're already calling me these names, so I might as well make this fucking money. You see what I'm saying? That's what dudes have done. I know girls who, Caitlyn Runk or Kylie Meyers have never posed nude in their entire life, and they make a ton of money on OnlyFans. Guys are gonna call them hoes anyway, so why don't they just go ahead and make the money? And so what happens is, because men talk like this in this red pill community, it just pushes women to go ahead and do it anyway. \", \"segments\": [{\"id\": 0, \"seek\": 0, \"start\": 0.0, \"end\": 2.559999942779541, \"text\": \" when I'm watching them do this, you know what I'm saying?\", \"tokens\": [50364, 562, 286, 478, 1976, 552, 360, 341, 11, 291, 458, 437, 286, 478, 1566, 30, 50492], \"temperature\": 0.0, \"avg_logprob\": -0.26923245191574097, \"compression_ratio\": 1.6100000143051147, \"no_speech_prob\": 0.000779263093136251}, {\"id\": 1, \"seek\": 0, \"start\": 2.559999942779541, \"end\": 4.400000095367432, \"text\": \" Have you ever met this before, David?\", \"tokens\": [50492, 3560, 291, 1562, 1131, 341, 949, 11, 4389, 30, 50584], \"temperature\": 0.0, \"avg_logprob\": -0.26923245191574097, \"compression_ratio\": 1.6100000143051147, \"no_speech_prob\": 0.000779263093136251}, {\"id\": 2, \"seek\": 0, \"start\": 4.400000095367432, \"end\": 8.15999984741211, \"text\": \" The girl who's super square, put together,\", \"tokens\": [50584, 440, 2013, 567, 311, 1687, 3732, 11, 829, 1214, 11, 50772], \"temperature\": 0.0, \"avg_logprob\": -0.26923245191574097, \"compression_ratio\": 1.6100000143051147, \"no_speech_prob\": 0.000779263093136251}, {\"id\": 3, \"seek\": 0, \"start\": 8.15999984741211, \"end\": 10.279999732971191, \"text\": \" master's degree, in the gym all the time,\", \"tokens\": [50772, 4505, 311, 4314, 11, 294, 264, 9222, 439, 264, 565, 11, 50878], \"temperature\": 0.0, \"avg_logprob\": -0.26923245191574097, \"compression_ratio\": 1.6100000143051147, \"no_speech_prob\": 0.000779263093136251}, {\"id\": 4, \"seek\": 0, \"start\": 10.279999732971191, \"end\": 12.640000343322754, \"text\": \" and she's dating a dude with a 500 body count.\", \"tokens\": [50878, 293, 750, 311, 10689, 257, 6449, 365, 257, 5923, 1772, 1207, 13, 50996], \"temperature\": 0.0, \"avg_logprob\": -0.26923245191574097, \"compression_ratio\": 1.6100000143051147, \"no_speech_prob\": 0.000779263093136251}, {\"id\": 5, \"seek\": 0, \"start\": 12.640000343322754, \"end\": 15.520000457763672, \"text\": \" I see this frequently, where women just seem\", \"tokens\": [50996, 286, 536, 341, 10374, 11, 689, 2266, 445, 1643, 51140], \"temperature\": 0.0, \"avg_logprob\": -0.26923245191574097, \"compression_ratio\": 1.6100000143051147, \"no_speech_prob\": 0.000779263093136251}, {\"id\": 6, \"seek\": 0, \"start\": 15.520000457763672, \"end\": 17.959999084472656, \"text\": \" to not care that much about this whole concept,\", \"tokens\": [51140, 281, 406, 1127, 300, 709, 466, 341, 1379, 3410, 11, 51262], \"temperature\": 0.0, \"avg_logprob\": -0.26923245191574097, \"compression_ratio\": 1.6100000143051147, \"no_speech_prob\": 0.000779263093136251}, {\"id\": 7, \"seek\": 0, \"start\": 17.959999084472656, \"end\": 21.440000534057617, \"text\": \" and then this is the thing that you can show on social media.\", \"tokens\": [51262, 293, 550, 341, 307, 264, 551, 300, 291, 393, 855, 322, 2093, 3021, 13, 51436], \"temperature\": 0.0, \"avg_logprob\": -0.26923245191574097, \"compression_ratio\": 1.6100000143051147, \"no_speech_prob\": 0.000779263093136251}, {\"id\": 8, \"seek\": 0, \"start\": 21.440000534057617, \"end\": 21.959999084472656, \"text\": \" Yeah.\", \"tokens\": [51436, 865, 13, 51462], \"temperature\": 0.0, \"avg_logprob\": -0.26923245191574097, \"compression_ratio\": 1.6100000143051147, \"no_speech_prob\": 0.000779263093136251}, {\"id\": 9, \"seek\": 0, \"start\": 21.959999084472656, \"end\": 26.040000915527344, \"text\": \" No, I mean, I think regardless of what people want to want,\", \"tokens\": [51462, 883, 11, 286, 914, 11, 286, 519, 10060, 295, 437, 561, 528, 281, 528, 11, 51666], \"temperature\": 0.0, \"avg_logprob\": -0.26923245191574097, \"compression_ratio\": 1.6100000143051147, \"no_speech_prob\": 0.000779263093136251}, {\"id\": 10, \"seek\": 0, \"start\": 26.040000915527344, \"end\": 28.31999969482422, \"text\": \" and it goes for men and for women,\", \"tokens\": [51666, 293, 309, 1709, 337, 1706, 293, 337, 2266, 11, 51780], \"temperature\": 0.0, \"avg_logprob\": -0.26923245191574097, \"compression_ratio\": 1.6100000143051147, \"no_speech_prob\": 0.000779263093136251}, {\"id\": 11, \"seek\": 2832, \"start\": 28.31999969482422, \"end\": 30.479999542236328, \"text\": \" we're biologically programmed to some extent, right?\", \"tokens\": [50364, 321, 434, 3228, 17157, 31092, 281, 512, 8396, 11, 558, 30, 50472], \"temperature\": 0.0, \"avg_logprob\": -0.2912462055683136, \"compression_ratio\": 1.8186813592910767, \"no_speech_prob\": 0.008061569184064865}, {\"id\": 12, \"seek\": 2832, \"start\": 30.479999542236328, \"end\": 31.0, \"text\": \" For sure.\", \"tokens\": [50472, 1171, 988, 13, 50498], \"temperature\": 0.0, \"avg_logprob\": -0.2912462055683136, \"compression_ratio\": 1.8186813592910767, \"no_speech_prob\": 0.008061569184064865}, {\"id\": 13, \"seek\": 2832, \"start\": 31.0, \"end\": 34.560001373291016, \"text\": \" Yeah, if a girl hears some stats about a guy,\", \"tokens\": [50498, 865, 11, 498, 257, 2013, 25688, 512, 18152, 466, 257, 2146, 11, 50676], \"temperature\": 0.0, \"avg_logprob\": -0.2912462055683136, \"compression_ratio\": 1.8186813592910767, \"no_speech_prob\": 0.008061569184064865}, {\"id\": 14, \"seek\": 2832, \"start\": 34.560001373291016, \"end\": 36.880001068115234, \"text\": \" maybe it has to do with his body count or something else,\", \"tokens\": [50676, 1310, 309, 575, 281, 360, 365, 702, 1772, 1207, 420, 746, 1646, 11, 50792], \"temperature\": 0.0, \"avg_logprob\": -0.2912462055683136, \"compression_ratio\": 1.8186813592910767, \"no_speech_prob\": 0.008061569184064865}, {\"id\": 15, \"seek\": 2832, \"start\": 36.880001068115234, \"end\": 38.7599983215332, \"text\": \" they'd be like, that's not going to work out.\", \"tokens\": [50792, 436, 1116, 312, 411, 11, 300, 311, 406, 516, 281, 589, 484, 13, 50886], \"temperature\": 0.0, \"avg_logprob\": -0.2912462055683136, \"compression_ratio\": 1.8186813592910767, \"no_speech_prob\": 0.008061569184064865}, {\"id\": 16, \"seek\": 2832, \"start\": 38.7599983215332, \"end\": 41.040000915527344, \"text\": \" But then they meet the guy, he's confident,\", \"tokens\": [50886, 583, 550, 436, 1677, 264, 2146, 11, 415, 311, 6679, 11, 51000], \"temperature\": 0.0, \"avg_logprob\": -0.2912462055683136, \"compression_ratio\": 1.8186813592910767, \"no_speech_prob\": 0.008061569184064865}, {\"id\": 17, \"seek\": 2832, \"start\": 41.040000915527344, \"end\": 43.279998779296875, \"text\": \" like he clearly has other people who look up to him.\", \"tokens\": [51000, 411, 415, 4448, 575, 661, 561, 567, 574, 493, 281, 796, 13, 51112], \"temperature\": 0.0, \"avg_logprob\": -0.2912462055683136, \"compression_ratio\": 1.8186813592910767, \"no_speech_prob\": 0.008061569184064865}, {\"id\": 18, \"seek\": 2832, \"start\": 43.279998779296875, \"end\": 45.47999954223633, \"text\": \" He's taking the lead, and a lot of it just\", \"tokens\": [51112, 634, 311, 1940, 264, 1477, 11, 293, 257, 688, 295, 309, 445, 51222], \"temperature\": 0.0, \"avg_logprob\": -0.2912462055683136, \"compression_ratio\": 1.8186813592910767, \"no_speech_prob\": 0.008061569184064865}, {\"id\": 19, \"seek\": 2832, \"start\": 45.47999954223633, \"end\": 46.959999084472656, \"text\": \" goes out the window, of course.\", \"tokens\": [51222, 1709, 484, 264, 4910, 11, 295, 1164, 13, 51296], \"temperature\": 0.0, \"avg_logprob\": -0.2912462055683136, \"compression_ratio\": 1.8186813592910767, \"no_speech_prob\": 0.008061569184064865}, {\"id\": 20, \"seek\": 2832, \"start\": 46.959999084472656, \"end\": 50.0, \"text\": \" Yeah, because we have women on the court on these calls,\", \"tokens\": [51296, 865, 11, 570, 321, 362, 2266, 322, 264, 4753, 322, 613, 5498, 11, 51448], \"temperature\": 0.0, \"avg_logprob\": -0.2912462055683136, \"compression_ratio\": 1.8186813592910767, \"no_speech_prob\": 0.008061569184064865}, {\"id\": 21, \"seek\": 2832, \"start\": 50.0, \"end\": 51.08000183105469, \"text\": \" and we have women come in here all the time,\", \"tokens\": [51448, 293, 321, 362, 2266, 808, 294, 510, 439, 264, 565, 11, 51502], \"temperature\": 0.0, \"avg_logprob\": -0.2912462055683136, \"compression_ratio\": 1.8186813592910767, \"no_speech_prob\": 0.008061569184064865}, {\"id\": 22, \"seek\": 2832, \"start\": 51.08000183105469, \"end\": 52.599998474121094, \"text\": \" and they're like, no, it's about my connection.\", \"tokens\": [51502, 293, 436, 434, 411, 11, 572, 11, 309, 311, 466, 452, 4984, 13, 51578], \"temperature\": 0.0, \"avg_logprob\": -0.2912462055683136, \"compression_ratio\": 1.8186813592910767, \"no_speech_prob\": 0.008061569184064865}, {\"id\": 23, \"seek\": 2832, \"start\": 52.599998474121094, \"end\": 53.560001373291016, \"text\": \" It's about my connection.\", \"tokens\": [51578, 467, 311, 466, 452, 4984, 13, 51626], \"temperature\": 0.0, \"avg_logprob\": -0.2912462055683136, \"compression_ratio\": 1.8186813592910767, \"no_speech_prob\": 0.008061569184064865}, {\"id\": 24, \"seek\": 2832, \"start\": 53.560001373291016, \"end\": 54.84000015258789, \"text\": \" And then I showed their last five boyfriends.\", \"tokens\": [51626, 400, 550, 286, 4712, 641, 1036, 1732, 3237, 29027, 13, 51690], \"temperature\": 0.0, \"avg_logprob\": -0.2912462055683136, \"compression_ratio\": 1.8186813592910767, \"no_speech_prob\": 0.008061569184064865}, {\"id\": 25, \"seek\": 2832, \"start\": 54.84000015258789, \"end\": 56.720001220703125, \"text\": \" I was like, well, it seems to be about your connection,\", \"tokens\": [51690, 286, 390, 411, 11, 731, 11, 309, 2544, 281, 312, 466, 428, 4984, 11, 51784], \"temperature\": 0.0, \"avg_logprob\": -0.2912462055683136, \"compression_ratio\": 1.8186813592910767, \"no_speech_prob\": 0.008061569184064865}, {\"id\": 26, \"seek\": 5672, \"start\": 56.720001220703125, \"end\": 57.599998474121094, \"text\": \" but you seem to have a connection\", \"tokens\": [50364, 457, 291, 1643, 281, 362, 257, 4984, 50408], \"temperature\": 0.0, \"avg_logprob\": -0.25195151567459106, \"compression_ratio\": 1.7424657344818115, \"no_speech_prob\": 0.0006263175746425986}, {\"id\": 27, \"seek\": 5672, \"start\": 57.599998474121094, \"end\": 60.08000183105469, \"text\": \" with tall, good-looking dudes who make a lot of fucking money\", \"tokens\": [50408, 365, 6764, 11, 665, 12, 16129, 27717, 567, 652, 257, 688, 295, 5546, 1460, 50532], \"temperature\": 0.0, \"avg_logprob\": -0.25195151567459106, \"compression_ratio\": 1.7424657344818115, \"no_speech_prob\": 0.0006263175746425986}, {\"id\": 28, \"seek\": 5672, \"start\": 60.08000183105469, \"end\": 61.08000183105469, \"text\": \" and are very charismatic.\", \"tokens\": [50532, 293, 366, 588, 41109, 13, 50582], \"temperature\": 0.0, \"avg_logprob\": -0.25195151567459106, \"compression_ratio\": 1.7424657344818115, \"no_speech_prob\": 0.0006263175746425986}, {\"id\": 29, \"seek\": 5672, \"start\": 61.08000183105469, \"end\": 63.91999816894531, \"text\": \" That seems to be the formula to build a connection with you.\", \"tokens\": [50582, 663, 2544, 281, 312, 264, 8513, 281, 1322, 257, 4984, 365, 291, 13, 50724], \"temperature\": 0.0, \"avg_logprob\": -0.25195151567459106, \"compression_ratio\": 1.7424657344818115, \"no_speech_prob\": 0.0006263175746425986}, {\"id\": 30, \"seek\": 5672, \"start\": 63.91999816894531, \"end\": 65.16000366210938, \"text\": \" And it's one of these things.\", \"tokens\": [50724, 400, 309, 311, 472, 295, 613, 721, 13, 50786], \"temperature\": 0.0, \"avg_logprob\": -0.25195151567459106, \"compression_ratio\": 1.7424657344818115, \"no_speech_prob\": 0.0006263175746425986}, {\"id\": 31, \"seek\": 5672, \"start\": 65.16000366210938, \"end\": 67.5999984741211, \"text\": \" I think what it is, because I don't blame women for this,\", \"tokens\": [50786, 286, 519, 437, 309, 307, 11, 570, 286, 500, 380, 10127, 2266, 337, 341, 11, 50908], \"temperature\": 0.0, \"avg_logprob\": -0.25195151567459106, \"compression_ratio\": 1.7424657344818115, \"no_speech_prob\": 0.0006263175746425986}, {\"id\": 32, \"seek\": 5672, \"start\": 67.5999984741211, \"end\": 69.87999725341797, \"text\": \" but for men, because of what we're attracted to\", \"tokens\": [50908, 457, 337, 1706, 11, 570, 295, 437, 321, 434, 15912, 281, 51022], \"temperature\": 0.0, \"avg_logprob\": -0.25195151567459106, \"compression_ratio\": 1.7424657344818115, \"no_speech_prob\": 0.0006263175746425986}, {\"id\": 33, \"seek\": 5672, \"start\": 69.87999725341797, \"end\": 73.68000030517578, \"text\": \" is so clear to us visually, we're not delusional about it,\", \"tokens\": [51022, 307, 370, 1850, 281, 505, 19622, 11, 321, 434, 406, 1103, 301, 1966, 466, 309, 11, 51212], \"temperature\": 0.0, \"avg_logprob\": -0.25195151567459106, \"compression_ratio\": 1.7424657344818115, \"no_speech_prob\": 0.0006263175746425986}, {\"id\": 34, \"seek\": 5672, \"start\": 73.68000030517578, \"end\": 74.19999694824219, \"text\": \" right?\", \"tokens\": [51212, 558, 30, 51238], \"temperature\": 0.0, \"avg_logprob\": -0.25195151567459106, \"compression_ratio\": 1.7424657344818115, \"no_speech_prob\": 0.0006263175746425986}, {\"id\": 35, \"seek\": 5672, \"start\": 74.19999694824219, \"end\": 75.19999694824219, \"text\": \" Does that make sense?\", \"tokens\": [51238, 4402, 300, 652, 2020, 30, 51288], \"temperature\": 0.0, \"avg_logprob\": -0.25195151567459106, \"compression_ratio\": 1.7424657344818115, \"no_speech_prob\": 0.0006263175746425986}, {\"id\": 36, \"seek\": 5672, \"start\": 75.19999694824219, \"end\": 77.87999725341797, \"text\": \" There has to be a standard for physical attractiveness\", \"tokens\": [51288, 821, 575, 281, 312, 257, 3832, 337, 4001, 5049, 8477, 51422], \"temperature\": 0.0, \"avg_logprob\": -0.25195151567459106, \"compression_ratio\": 1.7424657344818115, \"no_speech_prob\": 0.0006263175746425986}, {\"id\": 37, \"seek\": 5672, \"start\": 77.87999725341797, \"end\": 79.91999816894531, \"text\": \" for us as men to get to level two.\", \"tokens\": [51422, 337, 505, 382, 1706, 281, 483, 281, 1496, 732, 13, 51524], \"temperature\": 0.0, \"avg_logprob\": -0.25195151567459106, \"compression_ratio\": 1.7424657344818115, \"no_speech_prob\": 0.0006263175746425986}, {\"id\": 38, \"seek\": 5672, \"start\": 79.91999816894531, \"end\": 81.27999877929688, \"text\": \" That's how we get to level one.\", \"tokens\": [51524, 663, 311, 577, 321, 483, 281, 1496, 472, 13, 51592], \"temperature\": 0.0, \"avg_logprob\": -0.25195151567459106, \"compression_ratio\": 1.7424657344818115, \"no_speech_prob\": 0.0006263175746425986}, {\"id\": 39, \"seek\": 5672, \"start\": 81.27999877929688, \"end\": 83.72000122070312, \"text\": \" For women, it's like there's so many other things.\", \"tokens\": [51592, 1171, 2266, 11, 309, 311, 411, 456, 311, 370, 867, 661, 721, 13, 51714], \"temperature\": 0.0, \"avg_logprob\": -0.25195151567459106, \"compression_ratio\": 1.7424657344818115, \"no_speech_prob\": 0.0006263175746425986}, {\"id\": 40, \"seek\": 5672, \"start\": 83.72000122070312, \"end\": 85.72000122070312, \"text\": \" You've seen girl, I mean, you have tattoo sleeve, right?\", \"tokens\": [51714, 509, 600, 1612, 2013, 11, 286, 914, 11, 291, 362, 15080, 21138, 11, 558, 30, 51814], \"temperature\": 0.0, \"avg_logprob\": -0.25195151567459106, \"compression_ratio\": 1.7424657344818115, \"no_speech_prob\": 0.0006263175746425986}, {\"id\": 41, \"seek\": 8572, \"start\": 85.72000122070312, \"end\": 89.83999633789062, \"text\": \" You've seen dudes that girls really like tattoo sleeves.\", \"tokens\": [50364, 509, 600, 1612, 27717, 300, 4519, 534, 411, 15080, 24555, 13, 50570], \"temperature\": 0.0, \"avg_logprob\": -0.285109281539917, \"compression_ratio\": 2.0144405364990234, \"no_speech_prob\": 6.709148874506354e-05}, {\"id\": 42, \"seek\": 8572, \"start\": 89.83999633789062, \"end\": 90.95999908447266, \"text\": \" They're super into that.\", \"tokens\": [50570, 814, 434, 1687, 666, 300, 13, 50626], \"temperature\": 0.0, \"avg_logprob\": -0.285109281539917, \"compression_ratio\": 2.0144405364990234, \"no_speech_prob\": 6.709148874506354e-05}, {\"id\": 43, \"seek\": 8572, \"start\": 90.95999908447266, \"end\": 92.87999725341797, \"text\": \" Or girls like guys who are very, very tall.\", \"tokens\": [50626, 1610, 4519, 411, 1074, 567, 366, 588, 11, 588, 6764, 13, 50722], \"temperature\": 0.0, \"avg_logprob\": -0.285109281539917, \"compression_ratio\": 2.0144405364990234, \"no_speech_prob\": 6.709148874506354e-05}, {\"id\": 44, \"seek\": 8572, \"start\": 92.87999725341797, \"end\": 94.83999633789062, \"text\": \" Or girls like guys who are super wealthy.\", \"tokens\": [50722, 1610, 4519, 411, 1074, 567, 366, 1687, 17707, 13, 50820], \"temperature\": 0.0, \"avg_logprob\": -0.285109281539917, \"compression_ratio\": 2.0144405364990234, \"no_speech_prob\": 6.709148874506354e-05}, {\"id\": 45, \"seek\": 8572, \"start\": 94.83999633789062, \"end\": 96.4800033569336, \"text\": \" Or girls like guys who are very funny.\", \"tokens\": [50820, 1610, 4519, 411, 1074, 567, 366, 588, 4074, 13, 50902], \"temperature\": 0.0, \"avg_logprob\": -0.285109281539917, \"compression_ratio\": 2.0144405364990234, \"no_speech_prob\": 6.709148874506354e-05}, {\"id\": 46, \"seek\": 8572, \"start\": 96.4800033569336, \"end\": 98.22000122070312, \"text\": \" Or girls like guys who are very rich.\", \"tokens\": [50902, 1610, 4519, 411, 1074, 567, 366, 588, 4593, 13, 50989], \"temperature\": 0.0, \"avg_logprob\": -0.285109281539917, \"compression_ratio\": 2.0144405364990234, \"no_speech_prob\": 6.709148874506354e-05}, {\"id\": 47, \"seek\": 8572, \"start\": 98.22000122070312, \"end\": 99.4800033569336, \"text\": \" These things, there's all these different things\", \"tokens\": [50989, 1981, 721, 11, 456, 311, 439, 613, 819, 721, 51052], \"temperature\": 0.0, \"avg_logprob\": -0.285109281539917, \"compression_ratio\": 2.0144405364990234, \"no_speech_prob\": 6.709148874506354e-05}, {\"id\": 48, \"seek\": 8572, \"start\": 99.4800033569336, \"end\": 100.63999938964844, \"text\": \" that women are attracted to.\", \"tokens\": [51052, 300, 2266, 366, 15912, 281, 13, 51110], \"temperature\": 0.0, \"avg_logprob\": -0.285109281539917, \"compression_ratio\": 2.0144405364990234, \"no_speech_prob\": 6.709148874506354e-05}, {\"id\": 49, \"seek\": 8572, \"start\": 100.63999938964844, \"end\": 104.19999694824219, \"text\": \" Whereas for men, it's sort of like this one central hip\", \"tokens\": [51110, 13813, 337, 1706, 11, 309, 311, 1333, 295, 411, 341, 472, 5777, 8103, 51288], \"temperature\": 0.0, \"avg_logprob\": -0.285109281539917, \"compression_ratio\": 2.0144405364990234, \"no_speech_prob\": 6.709148874506354e-05}, {\"id\": 50, \"seek\": 8572, \"start\": 104.19999694824219, \"end\": 106.80000305175781, \"text\": \" to waist ratio, facial awareness,\", \"tokens\": [51288, 281, 15732, 8509, 11, 15642, 8888, 11, 51418], \"temperature\": 0.0, \"avg_logprob\": -0.285109281539917, \"compression_ratio\": 2.0144405364990234, \"no_speech_prob\": 6.709148874506354e-05}, {\"id\": 51, \"seek\": 8572, \"start\": 106.80000305175781, \"end\": 109.87999725341797, \"text\": \" or symmetrical facial features, signs of youth,\", \"tokens\": [51418, 420, 40360, 15642, 4122, 11, 7880, 295, 7503, 11, 51572], \"temperature\": 0.0, \"avg_logprob\": -0.285109281539917, \"compression_ratio\": 2.0144405364990234, \"no_speech_prob\": 6.709148874506354e-05}, {\"id\": 52, \"seek\": 8572, \"start\": 109.87999725341797, \"end\": 110.87999725341797, \"text\": \" and things like that.\", \"tokens\": [51572, 293, 721, 411, 300, 13, 51622], \"temperature\": 0.0, \"avg_logprob\": -0.285109281539917, \"compression_ratio\": 2.0144405364990234, \"no_speech_prob\": 6.709148874506354e-05}, {\"id\": 53, \"seek\": 8572, \"start\": 110.87999725341797, \"end\": 113.16000366210938, \"text\": \" There seems to be less of a variety\", \"tokens\": [51622, 821, 2544, 281, 312, 1570, 295, 257, 5673, 51736], \"temperature\": 0.0, \"avg_logprob\": -0.285109281539917, \"compression_ratio\": 2.0144405364990234, \"no_speech_prob\": 6.709148874506354e-05}, {\"id\": 54, \"seek\": 8572, \"start\": 113.16000366210938, \"end\": 114.76000213623047, \"text\": \" for what men are attracted to than what\", \"tokens\": [51736, 337, 437, 1706, 366, 15912, 281, 813, 437, 51816], \"temperature\": 0.0, \"avg_logprob\": -0.285109281539917, \"compression_ratio\": 2.0144405364990234, \"no_speech_prob\": 6.709148874506354e-05}, {\"id\": 55, \"seek\": 11476, \"start\": 114.80000305175781, \"end\": 115.87999725341797, \"text\": \" women are attracted to.\", \"tokens\": [50366, 2266, 366, 15912, 281, 13, 50420], \"temperature\": 0.0, \"avg_logprob\": -0.27031004428863525, \"compression_ratio\": 1.880239486694336, \"no_speech_prob\": 0.008315361104905605}, {\"id\": 56, \"seek\": 11476, \"start\": 115.87999725341797, \"end\": 118.31999969482422, \"text\": \" And so because of that, you hear women give all these answers\", \"tokens\": [50420, 400, 370, 570, 295, 300, 11, 291, 1568, 2266, 976, 439, 613, 6338, 50542], \"temperature\": 0.0, \"avg_logprob\": -0.27031004428863525, \"compression_ratio\": 1.880239486694336, \"no_speech_prob\": 0.008315361104905605}, {\"id\": 57, \"seek\": 11476, \"start\": 118.31999969482422, \"end\": 119.80000305175781, \"text\": \" and then you look at their boyfriends and I'm like,\", \"tokens\": [50542, 293, 550, 291, 574, 412, 641, 3237, 29027, 293, 286, 478, 411, 11, 50616], \"temperature\": 0.0, \"avg_logprob\": -0.27031004428863525, \"compression_ratio\": 1.880239486694336, \"no_speech_prob\": 0.008315361104905605}, {\"id\": 58, \"seek\": 11476, \"start\": 119.80000305175781, \"end\": 121.27999877929688, \"text\": \" you're dating a male stripper telling me\", \"tokens\": [50616, 291, 434, 10689, 257, 7133, 3575, 3717, 3585, 385, 50690], \"temperature\": 0.0, \"avg_logprob\": -0.27031004428863525, \"compression_ratio\": 1.880239486694336, \"no_speech_prob\": 0.008315361104905605}, {\"id\": 59, \"seek\": 11476, \"start\": 121.27999877929688, \"end\": 122.72000122070312, \"text\": \" about how you want a connection.\", \"tokens\": [50690, 466, 577, 291, 528, 257, 4984, 13, 50762], \"temperature\": 0.0, \"avg_logprob\": -0.27031004428863525, \"compression_ratio\": 1.880239486694336, \"no_speech_prob\": 0.008315361104905605}, {\"id\": 60, \"seek\": 11476, \"start\": 122.72000122070312, \"end\": 124.36000061035156, \"text\": \" It's just so fucking funny, dude.\", \"tokens\": [50762, 467, 311, 445, 370, 5546, 4074, 11, 6449, 13, 50844], \"temperature\": 0.0, \"avg_logprob\": -0.27031004428863525, \"compression_ratio\": 1.880239486694336, \"no_speech_prob\": 0.008315361104905605}, {\"id\": 61, \"seek\": 11476, \"start\": 125.26000213623047, \"end\": 127.08000183105469, \"text\": \" Yeah, I think one of the,\", \"tokens\": [50889, 865, 11, 286, 519, 472, 295, 264, 11, 50980], \"temperature\": 0.0, \"avg_logprob\": -0.27031004428863525, \"compression_ratio\": 1.880239486694336, \"no_speech_prob\": 0.008315361104905605}, {\"id\": 62, \"seek\": 11476, \"start\": 127.08000183105469, \"end\": 129.52000427246094, \"text\": \" your video I saw was with Rolo,\", \"tokens\": [50980, 428, 960, 286, 1866, 390, 365, 497, 7902, 11, 51102], \"temperature\": 0.0, \"avg_logprob\": -0.27031004428863525, \"compression_ratio\": 1.880239486694336, \"no_speech_prob\": 0.008315361104905605}, {\"id\": 63, \"seek\": 11476, \"start\": 129.52000427246094, \"end\": 131.27999877929688, \"text\": \" and you were asking girls,\", \"tokens\": [51102, 293, 291, 645, 3365, 4519, 11, 51190], \"temperature\": 0.0, \"avg_logprob\": -0.27031004428863525, \"compression_ratio\": 1.880239486694336, \"no_speech_prob\": 0.008315361104905605}, {\"id\": 64, \"seek\": 11476, \"start\": 131.27999877929688, \"end\": 133.44000244140625, \"text\": \" what do you think the average male salary is?\", \"tokens\": [51190, 437, 360, 291, 519, 264, 4274, 7133, 15360, 307, 30, 51298], \"temperature\": 0.0, \"avg_logprob\": -0.27031004428863525, \"compression_ratio\": 1.880239486694336, \"no_speech_prob\": 0.008315361104905605}, {\"id\": 65, \"seek\": 11476, \"start\": 133.44000244140625, \"end\": 135.16000366210938, \"text\": \" What do you think the average male height is?\", \"tokens\": [51298, 708, 360, 291, 519, 264, 4274, 7133, 6681, 307, 30, 51384], \"temperature\": 0.0, \"avg_logprob\": -0.27031004428863525, \"compression_ratio\": 1.880239486694336, \"no_speech_prob\": 0.008315361104905605}, {\"id\": 66, \"seek\": 11476, \"start\": 135.16000366210938, \"end\": 136.8000030517578, \"text\": \" What do you think the average male body count is?\", \"tokens\": [51384, 708, 360, 291, 519, 264, 4274, 7133, 1772, 1207, 307, 30, 51466], \"temperature\": 0.0, \"avg_logprob\": -0.27031004428863525, \"compression_ratio\": 1.880239486694336, \"no_speech_prob\": 0.008315361104905605}, {\"id\": 67, \"seek\": 11476, \"start\": 136.8000030517578, \"end\": 138.9600067138672, \"text\": \" And that was, I mean, it was very entertaining to watch,\", \"tokens\": [51466, 400, 300, 390, 11, 286, 914, 11, 309, 390, 588, 20402, 281, 1159, 11, 51574], \"temperature\": 0.0, \"avg_logprob\": -0.27031004428863525, \"compression_ratio\": 1.880239486694336, \"no_speech_prob\": 0.008315361104905605}, {\"id\": 68, \"seek\": 11476, \"start\": 138.9600067138672, \"end\": 140.47999572753906, \"text\": \" but it was also very eye-opening.\", \"tokens\": [51574, 457, 309, 390, 611, 588, 3313, 12, 404, 4559, 13, 51650], \"temperature\": 0.0, \"avg_logprob\": -0.27031004428863525, \"compression_ratio\": 1.880239486694336, \"no_speech_prob\": 0.008315361104905605}, {\"id\": 69, \"seek\": 11476, \"start\": 140.47999572753906, \"end\": 142.47999572753906, \"text\": \" And I know these are like,\", \"tokens\": [51650, 400, 286, 458, 613, 366, 411, 11, 51750], \"temperature\": 0.0, \"avg_logprob\": -0.27031004428863525, \"compression_ratio\": 1.880239486694336, \"no_speech_prob\": 0.008315361104905605}, {\"id\": 70, \"seek\": 11476, \"start\": 142.47999572753906, \"end\": 144.24000549316406, \"text\": \" there's a selection bias in the sense\", \"tokens\": [51750, 456, 311, 257, 9450, 12577, 294, 264, 2020, 51838], \"temperature\": 0.0, \"avg_logprob\": -0.27031004428863525, \"compression_ratio\": 1.880239486694336, \"no_speech_prob\": 0.008315361104905605}, {\"id\": 71, \"seek\": 14424, \"start\": 144.75999450683594, \"end\": 145.60000610351562, \"text\": \" that these are girls who are like in Vegas,\", \"tokens\": [50390, 300, 613, 366, 4519, 567, 366, 411, 294, 15841, 11, 50432], \"temperature\": 0.0, \"avg_logprob\": -0.267581045627594, \"compression_ratio\": 1.9577465057373047, \"no_speech_prob\": 0.00048784902901388705}, {\"id\": 72, \"seek\": 14424, \"start\": 145.60000610351562, \"end\": 146.44000244140625, \"text\": \" hanging out in Vegas,\", \"tokens\": [50432, 8345, 484, 294, 15841, 11, 50474], \"temperature\": 0.0, \"avg_logprob\": -0.267581045627594, \"compression_ratio\": 1.9577465057373047, \"no_speech_prob\": 0.00048784902901388705}, {\"id\": 73, \"seek\": 14424, \"start\": 146.44000244140625, \"end\": 147.47999572753906, \"text\": \" and they're maybe used to being around.\", \"tokens\": [50474, 293, 436, 434, 1310, 1143, 281, 885, 926, 13, 50526], \"temperature\": 0.0, \"avg_logprob\": -0.267581045627594, \"compression_ratio\": 1.9577465057373047, \"no_speech_prob\": 0.00048784902901388705}, {\"id\": 74, \"seek\": 14424, \"start\": 147.47999572753906, \"end\": 149.24000549316406, \"text\": \" And you even called that out in the video,\", \"tokens\": [50526, 400, 291, 754, 1219, 300, 484, 294, 264, 960, 11, 50614], \"temperature\": 0.0, \"avg_logprob\": -0.267581045627594, \"compression_ratio\": 1.9577465057373047, \"no_speech_prob\": 0.00048784902901388705}, {\"id\": 75, \"seek\": 14424, \"start\": 149.24000549316406, \"end\": 150.39999389648438, \"text\": \" like they're used to being around\", \"tokens\": [50614, 411, 436, 434, 1143, 281, 885, 926, 50672], \"temperature\": 0.0, \"avg_logprob\": -0.267581045627594, \"compression_ratio\": 1.9577465057373047, \"no_speech_prob\": 0.00048784902901388705}, {\"id\": 76, \"seek\": 14424, \"start\": 150.39999389648438, \"end\": 152.27999877929688, \"text\": \" and guys who are falling out.\", \"tokens\": [50672, 293, 1074, 567, 366, 7440, 484, 13, 50766], \"temperature\": 0.0, \"avg_logprob\": -0.267581045627594, \"compression_ratio\": 1.9577465057373047, \"no_speech_prob\": 0.00048784902901388705}, {\"id\": 77, \"seek\": 14424, \"start\": 152.27999877929688, \"end\": 153.72000122070312, \"text\": \" These are also who these guys want,\", \"tokens\": [50766, 1981, 366, 611, 567, 613, 1074, 528, 11, 50838], \"temperature\": 0.0, \"avg_logprob\": -0.267581045627594, \"compression_ratio\": 1.9577465057373047, \"no_speech_prob\": 0.00048784902901388705}, {\"id\": 78, \"seek\": 14424, \"start\": 153.72000122070312, \"end\": 156.1999969482422, \"text\": \" because the selection bias also happens for the men.\", \"tokens\": [50838, 570, 264, 9450, 12577, 611, 2314, 337, 264, 1706, 13, 50962], \"temperature\": 0.0, \"avg_logprob\": -0.267581045627594, \"compression_ratio\": 1.9577465057373047, \"no_speech_prob\": 0.00048784902901388705}, {\"id\": 79, \"seek\": 14424, \"start\": 156.1999969482422, \"end\": 158.24000549316406, \"text\": \" That's who they're following on social media.\", \"tokens\": [50962, 663, 311, 567, 436, 434, 3480, 322, 2093, 3021, 13, 51064], \"temperature\": 0.0, \"avg_logprob\": -0.267581045627594, \"compression_ratio\": 1.9577465057373047, \"no_speech_prob\": 0.00048784902901388705}, {\"id\": 80, \"seek\": 14424, \"start\": 158.24000549316406, \"end\": 159.8000030517578, \"text\": \" That's why the girls that come on my show,\", \"tokens\": [51064, 663, 311, 983, 264, 4519, 300, 808, 322, 452, 855, 11, 51142], \"temperature\": 0.0, \"avg_logprob\": -0.267581045627594, \"compression_ratio\": 1.9577465057373047, \"no_speech_prob\": 0.00048784902901388705}, {\"id\": 81, \"seek\": 14424, \"start\": 159.8000030517578, \"end\": 161.55999755859375, \"text\": \" some of them have two, three million followers,\", \"tokens\": [51142, 512, 295, 552, 362, 732, 11, 1045, 2459, 13071, 11, 51230], \"temperature\": 0.0, \"avg_logprob\": -0.267581045627594, \"compression_ratio\": 1.9577465057373047, \"no_speech_prob\": 0.00048784902901388705}, {\"id\": 82, \"seek\": 14424, \"start\": 161.55999755859375, \"end\": 162.9600067138672, \"text\": \" because that is who men want.\", \"tokens\": [51230, 570, 300, 307, 567, 1706, 528, 13, 51300], \"temperature\": 0.0, \"avg_logprob\": -0.267581045627594, \"compression_ratio\": 1.9577465057373047, \"no_speech_prob\": 0.00048784902901388705}, {\"id\": 83, \"seek\": 14424, \"start\": 162.9600067138672, \"end\": 164.67999267578125, \"text\": \" So we're like, whereas men will claim\", \"tokens\": [51300, 407, 321, 434, 411, 11, 9735, 1706, 486, 3932, 51386], \"temperature\": 0.0, \"avg_logprob\": -0.267581045627594, \"compression_ratio\": 1.9577465057373047, \"no_speech_prob\": 0.00048784902901388705}, {\"id\": 84, \"seek\": 14424, \"start\": 164.67999267578125, \"end\": 166.9199981689453, \"text\": \" that it's selection bias, I see who they follow.\", \"tokens\": [51386, 300, 309, 311, 9450, 12577, 11, 286, 536, 567, 436, 1524, 13, 51498], \"temperature\": 0.0, \"avg_logprob\": -0.267581045627594, \"compression_ratio\": 1.9577465057373047, \"no_speech_prob\": 0.00048784902901388705}, {\"id\": 85, \"seek\": 14424, \"start\": 166.9199981689453, \"end\": 167.75999450683594, \"text\": \" You know what I'm saying?\", \"tokens\": [51498, 509, 458, 437, 286, 478, 1566, 30, 51540], \"temperature\": 0.0, \"avg_logprob\": -0.267581045627594, \"compression_ratio\": 1.9577465057373047, \"no_speech_prob\": 0.00048784902901388705}, {\"id\": 86, \"seek\": 14424, \"start\": 167.75999450683594, \"end\": 170.24000549316406, \"text\": \" Like there wouldn't, if the selection bias was complete,\", \"tokens\": [51540, 1743, 456, 2759, 380, 11, 498, 264, 9450, 12577, 390, 3566, 11, 51664], \"temperature\": 0.0, \"avg_logprob\": -0.267581045627594, \"compression_ratio\": 1.9577465057373047, \"no_speech_prob\": 0.00048784902901388705}, {\"id\": 87, \"seek\": 14424, \"start\": 170.24000549316406, \"end\": 174.1199951171875, \"text\": \" then you wouldn't see $4 billion in revenue on OnlyFans.\", \"tokens\": [51664, 550, 291, 2759, 380, 536, 1848, 19, 5218, 294, 9324, 322, 5686, 37, 599, 13, 51858], \"temperature\": 0.0, \"avg_logprob\": -0.267581045627594, \"compression_ratio\": 1.9577465057373047, \"no_speech_prob\": 0.00048784902901388705}, {\"id\": 88, \"seek\": 17412, \"start\": 174.9600067138672, \"end\": 176.39999389648438, \"text\": \" That's who these dudes are like looking at.\", \"tokens\": [50406, 663, 311, 567, 613, 27717, 366, 411, 1237, 412, 13, 50478], \"temperature\": 0.0, \"avg_logprob\": -0.214328333735466, \"compression_ratio\": 1.7527778148651123, \"no_speech_prob\": 0.00019411035464145243}, {\"id\": 89, \"seek\": 17412, \"start\": 176.39999389648438, \"end\": 178.63999938964844, \"text\": \" They're like, fuck this whore, I hate this 304.\", \"tokens\": [50478, 814, 434, 411, 11, 3275, 341, 315, 418, 11, 286, 4700, 341, 2217, 19, 13, 50590], \"temperature\": 0.0, \"avg_logprob\": -0.214328333735466, \"compression_ratio\": 1.7527778148651123, \"no_speech_prob\": 0.00019411035464145243}, {\"id\": 90, \"seek\": 17412, \"start\": 178.63999938964844, \"end\": 181.0399932861328, \"text\": \" Meanwhile, they're subscribing to her OnlyFans.\", \"tokens\": [50590, 13879, 11, 436, 434, 19981, 281, 720, 5686, 37, 599, 13, 50710], \"temperature\": 0.0, \"avg_logprob\": -0.214328333735466, \"compression_ratio\": 1.7527778148651123, \"no_speech_prob\": 0.00019411035464145243}, {\"id\": 91, \"seek\": 17412, \"start\": 181.0399932861328, \"end\": 182.44000244140625, \"text\": \" Like, by the way, let me tell you the story,\", \"tokens\": [50710, 1743, 11, 538, 264, 636, 11, 718, 385, 980, 291, 264, 1657, 11, 50780], \"temperature\": 0.0, \"avg_logprob\": -0.214328333735466, \"compression_ratio\": 1.7527778148651123, \"no_speech_prob\": 0.00019411035464145243}, {\"id\": 92, \"seek\": 17412, \"start\": 182.44000244140625, \"end\": 184.24000549316406, \"text\": \" but we'll get back to the thing you were saying.\", \"tokens\": [50780, 457, 321, 603, 483, 646, 281, 264, 551, 291, 645, 1566, 13, 50870], \"temperature\": 0.0, \"avg_logprob\": -0.214328333735466, \"compression_ratio\": 1.7527778148651123, \"no_speech_prob\": 0.00019411035464145243}, {\"id\": 93, \"seek\": 17412, \"start\": 184.24000549316406, \"end\": 187.63999938964844, \"text\": \" Sophia or Sonia Mallory goes on Fresh and Fit,\", \"tokens\": [50870, 35152, 420, 5185, 654, 24883, 827, 1709, 322, 22843, 293, 29263, 11, 51040], \"temperature\": 0.0, \"avg_logprob\": -0.214328333735466, \"compression_ratio\": 1.7527778148651123, \"no_speech_prob\": 0.00019411035464145243}, {\"id\": 94, \"seek\": 17412, \"start\": 187.63999938964844, \"end\": 189.32000732421875, \"text\": \" the first time I'm on Fresh and Fit.\", \"tokens\": [51040, 264, 700, 565, 286, 478, 322, 22843, 293, 29263, 13, 51124], \"temperature\": 0.0, \"avg_logprob\": -0.214328333735466, \"compression_ratio\": 1.7527778148651123, \"no_speech_prob\": 0.00019411035464145243}, {\"id\": 95, \"seek\": 17412, \"start\": 189.32000732421875, \"end\": 191.9199981689453, \"text\": \" She's a model from Montreal, lives here in Vegas,\", \"tokens\": [51124, 1240, 311, 257, 2316, 490, 34180, 11, 2909, 510, 294, 15841, 11, 51254], \"temperature\": 0.0, \"avg_logprob\": -0.214328333735466, \"compression_ratio\": 1.7527778148651123, \"no_speech_prob\": 0.00019411035464145243}, {\"id\": 96, \"seek\": 17412, \"start\": 191.9199981689453, \"end\": 192.8000030517578, \"text\": \" and she does porn.\", \"tokens\": [51254, 293, 750, 775, 19444, 13, 51298], \"temperature\": 0.0, \"avg_logprob\": -0.214328333735466, \"compression_ratio\": 1.7527778148651123, \"no_speech_prob\": 0.00019411035464145243}, {\"id\": 97, \"seek\": 17412, \"start\": 192.8000030517578, \"end\": 195.75999450683594, \"text\": \" She does a guy-girl OF with her boyfriend on her OnlyFans.\", \"tokens\": [51298, 1240, 775, 257, 2146, 12, 21322, 11944, 365, 720, 11457, 322, 720, 5686, 37, 599, 13, 51446], \"temperature\": 0.0, \"avg_logprob\": -0.214328333735466, \"compression_ratio\": 1.7527778148651123, \"no_speech_prob\": 0.00019411035464145243}, {\"id\": 98, \"seek\": 17412, \"start\": 195.75999450683594, \"end\": 197.44000244140625, \"text\": \" Makes a shit ton of money.\", \"tokens\": [51446, 25245, 257, 4611, 2952, 295, 1460, 13, 51530], \"temperature\": 0.0, \"avg_logprob\": -0.214328333735466, \"compression_ratio\": 1.7527778148651123, \"no_speech_prob\": 0.00019411035464145243}, {\"id\": 99, \"seek\": 17412, \"start\": 197.44000244140625, \"end\": 199.1999969482422, \"text\": \" She goes on there, she goes on the show,\", \"tokens\": [51530, 1240, 1709, 322, 456, 11, 750, 1709, 322, 264, 855, 11, 51618], \"temperature\": 0.0, \"avg_logprob\": -0.214328333735466, \"compression_ratio\": 1.7527778148651123, \"no_speech_prob\": 0.00019411035464145243}, {\"id\": 100, \"seek\": 17412, \"start\": 199.1999969482422, \"end\": 201.1999969482422, \"text\": \" and she's pretty open to me about it afterwards.\", \"tokens\": [51618, 293, 750, 311, 1238, 1269, 281, 385, 466, 309, 10543, 13, 51718], \"temperature\": 0.0, \"avg_logprob\": -0.214328333735466, \"compression_ratio\": 1.7527778148651123, \"no_speech_prob\": 0.00019411035464145243}, {\"id\": 101, \"seek\": 17412, \"start\": 201.1999969482422, \"end\": 202.36000061035156, \"text\": \" She's like, yeah, I went on here.\", \"tokens\": [51718, 1240, 311, 411, 11, 1338, 11, 286, 1437, 322, 510, 13, 51776], \"temperature\": 0.0, \"avg_logprob\": -0.214328333735466, \"compression_ratio\": 1.7527778148651123, \"no_speech_prob\": 0.00019411035464145243}, {\"id\": 102, \"seek\": 17412, \"start\": 202.36000061035156, \"end\": 203.44000244140625, \"text\": \" I don't care what these dudes say.\", \"tokens\": [51776, 286, 500, 380, 1127, 437, 613, 27717, 584, 13, 51830], \"temperature\": 0.0, \"avg_logprob\": -0.214328333735466, \"compression_ratio\": 1.7527778148651123, \"no_speech_prob\": 0.00019411035464145243}, {\"id\": 103, \"seek\": 20344, \"start\": 203.44000244140625, \"end\": 205.44000244140625, \"text\": \" I just want subscribers on my OnlyFans.\", \"tokens\": [50364, 286, 445, 528, 11092, 322, 452, 5686, 37, 599, 13, 50464], \"temperature\": 0.0, \"avg_logprob\": -0.25935566425323486, \"compression_ratio\": 1.710280418395996, \"no_speech_prob\": 0.0005192921380512416}, {\"id\": 104, \"seek\": 20344, \"start\": 205.44000244140625, \"end\": 207.9199981689453, \"text\": \" They're on the fucking Fresh and Fit thing,\", \"tokens\": [50464, 814, 434, 322, 264, 5546, 22843, 293, 29263, 551, 11, 50588], \"temperature\": 0.0, \"avg_logprob\": -0.25935566425323486, \"compression_ratio\": 1.710280418395996, \"no_speech_prob\": 0.0005192921380512416}, {\"id\": 105, \"seek\": 20344, \"start\": 207.9199981689453, \"end\": 210.36000061035156, \"text\": \" on the comments, just blasting her 304.\", \"tokens\": [50588, 322, 264, 3053, 11, 445, 47134, 720, 2217, 19, 13, 50710], \"temperature\": 0.0, \"avg_logprob\": -0.25935566425323486, \"compression_ratio\": 1.710280418395996, \"no_speech_prob\": 0.0005192921380512416}, {\"id\": 106, \"seek\": 20344, \"start\": 210.36000061035156, \"end\": 212.60000610351562, \"text\": \" She's a ho, she has a deep voice, all this shit.\", \"tokens\": [50710, 1240, 311, 257, 1106, 11, 750, 575, 257, 2452, 3177, 11, 439, 341, 4611, 13, 50822], \"temperature\": 0.0, \"avg_logprob\": -0.25935566425323486, \"compression_ratio\": 1.710280418395996, \"no_speech_prob\": 0.0005192921380512416}, {\"id\": 107, \"seek\": 20344, \"start\": 212.60000610351562, \"end\": 213.67999267578125, \"text\": \" And I asked her afterwards, I was like,\", \"tokens\": [50822, 400, 286, 2351, 720, 10543, 11, 286, 390, 411, 11, 50876], \"temperature\": 0.0, \"avg_logprob\": -0.25935566425323486, \"compression_ratio\": 1.710280418395996, \"no_speech_prob\": 0.0005192921380512416}, {\"id\": 108, \"seek\": 20344, \"start\": 213.67999267578125, \"end\": 215.36000061035156, \"text\": \" how many new subscribers did you get on OnlyFans?\", \"tokens\": [50876, 577, 867, 777, 11092, 630, 291, 483, 322, 5686, 37, 599, 30, 50960], \"temperature\": 0.0, \"avg_logprob\": -0.25935566425323486, \"compression_ratio\": 1.710280418395996, \"no_speech_prob\": 0.0005192921380512416}, {\"id\": 109, \"seek\": 20344, \"start\": 215.36000061035156, \"end\": 220.36000061035156, \"text\": \" She got 2,000 new subscribers on her OnlyFans, David.\", \"tokens\": [50960, 1240, 658, 568, 11, 1360, 777, 11092, 322, 720, 5686, 37, 599, 11, 4389, 13, 51210], \"temperature\": 0.0, \"avg_logprob\": -0.25935566425323486, \"compression_ratio\": 1.710280418395996, \"no_speech_prob\": 0.0005192921380512416}, {\"id\": 110, \"seek\": 20344, \"start\": 220.47999572753906, \"end\": 223.67999267578125, \"text\": \" I mean, lifetime expectant value, that's what,\", \"tokens\": [51216, 286, 914, 11, 11364, 2066, 394, 2158, 11, 300, 311, 437, 11, 51376], \"temperature\": 0.0, \"avg_logprob\": -0.25935566425323486, \"compression_ratio\": 1.710280418395996, \"no_speech_prob\": 0.0005192921380512416}, {\"id\": 111, \"seek\": 20344, \"start\": 223.67999267578125, \"end\": 226.36000061035156, \"text\": \" 200 grand that she's gonna get from these guys\", \"tokens\": [51376, 2331, 2697, 300, 750, 311, 799, 483, 490, 613, 1074, 51510], \"temperature\": 0.0, \"avg_logprob\": -0.25935566425323486, \"compression_ratio\": 1.710280418395996, \"no_speech_prob\": 0.0005192921380512416}, {\"id\": 112, \"seek\": 20344, \"start\": 226.36000061035156, \"end\": 228.39999389648438, \"text\": \" from going on Fresh and Fit for one hour,\", \"tokens\": [51510, 490, 516, 322, 22843, 293, 29263, 337, 472, 1773, 11, 51612], \"temperature\": 0.0, \"avg_logprob\": -0.25935566425323486, \"compression_ratio\": 1.710280418395996, \"no_speech_prob\": 0.0005192921380512416}, {\"id\": 113, \"seek\": 20344, \"start\": 228.39999389648438, \"end\": 230.36000061035156, \"text\": \" and these guys are sitting there talking shit about her,\", \"tokens\": [51612, 293, 613, 1074, 366, 3798, 456, 1417, 4611, 466, 720, 11, 51710], \"temperature\": 0.0, \"avg_logprob\": -0.25935566425323486, \"compression_ratio\": 1.710280418395996, \"no_speech_prob\": 0.0005192921380512416}, {\"id\": 114, \"seek\": 20344, \"start\": 230.36000061035156, \"end\": 233.1199951171875, \"text\": \" then paying her money right afterwards.\", \"tokens\": [51710, 550, 6229, 720, 1460, 558, 10543, 13, 51848], \"temperature\": 0.0, \"avg_logprob\": -0.25935566425323486, \"compression_ratio\": 1.710280418395996, \"no_speech_prob\": 0.0005192921380512416}, {\"id\": 115, \"seek\": 23312, \"start\": 233.8000030517578, \"end\": 238.63999938964844, \"text\": \" That's one thing that bothers me about some of the more,\", \"tokens\": [50398, 663, 311, 472, 551, 300, 33980, 385, 466, 512, 295, 264, 544, 11, 50640], \"temperature\": 0.0, \"avg_logprob\": -0.3319644331932068, \"compression_ratio\": 1.675675630569458, \"no_speech_prob\": 8.349581912625581e-05}, {\"id\": 116, \"seek\": 23312, \"start\": 238.63999938964844, \"end\": 240.1999969482422, \"text\": \" I don't know if you're gonna call it red pill\", \"tokens\": [50640, 286, 500, 380, 458, 498, 291, 434, 799, 818, 309, 2182, 8100, 50718], \"temperature\": 0.0, \"avg_logprob\": -0.3319644331932068, \"compression_ratio\": 1.675675630569458, \"no_speech_prob\": 8.349581912625581e-05}, {\"id\": 117, \"seek\": 23312, \"start\": 240.1999969482422, \"end\": 241.36000061035156, \"text\": \" or what at this point.\", \"tokens\": [50718, 420, 437, 412, 341, 935, 13, 50776], \"temperature\": 0.0, \"avg_logprob\": -0.3319644331932068, \"compression_ratio\": 1.675675630569458, \"no_speech_prob\": 8.349581912625581e-05}, {\"id\": 118, \"seek\": 23312, \"start\": 241.36000061035156, \"end\": 243.47999572753906, \"text\": \" Men get very quick to point the fingers\", \"tokens\": [50776, 6685, 483, 588, 1702, 281, 935, 264, 7350, 50882], \"temperature\": 0.0, \"avg_logprob\": -0.3319644331932068, \"compression_ratio\": 1.675675630569458, \"no_speech_prob\": 8.349581912625581e-05}, {\"id\": 119, \"seek\": 23312, \"start\": 243.47999572753906, \"end\": 245.47999572753906, \"text\": \" at women for virtue signaling,\", \"tokens\": [50882, 412, 2266, 337, 20816, 38639, 11, 50982], \"temperature\": 0.0, \"avg_logprob\": -0.3319644331932068, \"compression_ratio\": 1.675675630569458, \"no_speech_prob\": 8.349581912625581e-05}, {\"id\": 120, \"seek\": 23312, \"start\": 245.47999572753906, \"end\": 248.39999389648438, \"text\": \" talking about this false male ideal,\", \"tokens\": [50982, 1417, 466, 341, 7908, 7133, 7157, 11, 51128], \"temperature\": 0.0, \"avg_logprob\": -0.3319644331932068, \"compression_ratio\": 1.675675630569458, \"no_speech_prob\": 8.349581912625581e-05}, {\"id\": 121, \"seek\": 23312, \"start\": 248.39999389648438, \"end\": 249.55999755859375, \"text\": \" but then that's a perfect example\", \"tokens\": [51128, 457, 550, 300, 311, 257, 2176, 1365, 51186], \"temperature\": 0.0, \"avg_logprob\": -0.3319644331932068, \"compression_ratio\": 1.675675630569458, \"no_speech_prob\": 8.349581912625581e-05}, {\"id\": 122, \"seek\": 23312, \"start\": 249.55999755859375, \"end\": 252.67999267578125, \"text\": \" where dude's doing the exact same thing.\", \"tokens\": [51186, 689, 6449, 311, 884, 264, 1900, 912, 551, 13, 51342], \"temperature\": 0.0, \"avg_logprob\": -0.3319644331932068, \"compression_ratio\": 1.675675630569458, \"no_speech_prob\": 8.349581912625581e-05}, {\"id\": 123, \"seek\": 23312, \"start\": 252.67999267578125, \"end\": 255.17999267578125, \"text\": \" Well, they're doing it, this is just my hypothesis,\", \"tokens\": [51342, 1042, 11, 436, 434, 884, 309, 11, 341, 307, 445, 452, 17291, 11, 51467], \"temperature\": 0.0, \"avg_logprob\": -0.3319644331932068, \"compression_ratio\": 1.675675630569458, \"no_speech_prob\": 8.349581912625581e-05}, {\"id\": 124, \"seek\": 23312, \"start\": 255.17999267578125, \"end\": 259.1199951171875, \"text\": \" they're doing it because, I had a girl on the other,\", \"tokens\": [51467, 436, 434, 884, 309, 570, 11, 286, 632, 257, 2013, 322, 264, 661, 11, 51664], \"temperature\": 0.0, \"avg_logprob\": -0.3319644331932068, \"compression_ratio\": 1.675675630569458, \"no_speech_prob\": 8.349581912625581e-05}, {\"id\": 125, \"seek\": 23312, \"start\": 259.1199951171875, \"end\": 260.3999938964844, \"text\": \" oh, I had Jessie Preston on yesterday,\", \"tokens\": [51664, 1954, 11, 286, 632, 36627, 35272, 266, 322, 5186, 11, 51728], \"temperature\": 0.0, \"avg_logprob\": -0.3319644331932068, \"compression_ratio\": 1.675675630569458, \"no_speech_prob\": 8.349581912625581e-05}, {\"id\": 126, \"seek\": 23312, \"start\": 260.3999938964844, \"end\": 262.9599914550781, \"text\": \" and she was a playmate back in 09, I think,\", \"tokens\": [51728, 293, 750, 390, 257, 862, 13963, 646, 294, 48729, 11, 286, 519, 11, 51856], \"temperature\": 0.0, \"avg_logprob\": -0.3319644331932068, \"compression_ratio\": 1.675675630569458, \"no_speech_prob\": 8.349581912625581e-05}, {\"id\": 127, \"seek\": 26296, \"start\": 263.79998779296875, \"end\": 264.6400146484375, \"text\": \" or 06, somewhere around there,\", \"tokens\": [50406, 420, 1958, 21, 11, 4079, 926, 456, 11, 50448], \"temperature\": 0.0, \"avg_logprob\": -0.24419176578521729, \"compression_ratio\": 1.8641303777694702, \"no_speech_prob\": 6.108837260399014e-05}, {\"id\": 128, \"seek\": 26296, \"start\": 264.6400146484375, \"end\": 267.0799865722656, \"text\": \" and she was talking about how, well, men judge her\", \"tokens\": [50448, 293, 750, 390, 1417, 466, 577, 11, 731, 11, 1706, 6995, 720, 50570], \"temperature\": 0.0, \"avg_logprob\": -0.24419176578521729, \"compression_ratio\": 1.8641303777694702, \"no_speech_prob\": 6.108837260399014e-05}, {\"id\": 129, \"seek\": 26296, \"start\": 267.0799865722656, \"end\": 269.0799865722656, \"text\": \" because she was in Playboy and because she has an OnlyFans,\", \"tokens\": [50570, 570, 750, 390, 294, 5506, 12795, 293, 570, 750, 575, 364, 5686, 37, 599, 11, 50670], \"temperature\": 0.0, \"avg_logprob\": -0.24419176578521729, \"compression_ratio\": 1.8641303777694702, \"no_speech_prob\": 6.108837260399014e-05}, {\"id\": 130, \"seek\": 26296, \"start\": 269.0799865722656, \"end\": 270.6000061035156, \"text\": \" and I was like, no, Jessie, men judge you\", \"tokens\": [50670, 293, 286, 390, 411, 11, 572, 11, 36627, 11, 1706, 6995, 291, 50746], \"temperature\": 0.0, \"avg_logprob\": -0.24419176578521729, \"compression_ratio\": 1.8641303777694702, \"no_speech_prob\": 6.108837260399014e-05}, {\"id\": 131, \"seek\": 26296, \"start\": 270.6000061035156, \"end\": 272.55999755859375, \"text\": \" because you're pretty and you have big boobs.\", \"tokens\": [50746, 570, 291, 434, 1238, 293, 291, 362, 955, 40439, 13, 50844], \"temperature\": 0.0, \"avg_logprob\": -0.24419176578521729, \"compression_ratio\": 1.8641303777694702, \"no_speech_prob\": 6.108837260399014e-05}, {\"id\": 132, \"seek\": 26296, \"start\": 272.55999755859375, \"end\": 273.4800109863281, \"text\": \" That's why they're judging you.\", \"tokens\": [50844, 663, 311, 983, 436, 434, 23587, 291, 13, 50890], \"temperature\": 0.0, \"avg_logprob\": -0.24419176578521729, \"compression_ratio\": 1.8641303777694702, \"no_speech_prob\": 6.108837260399014e-05}, {\"id\": 133, \"seek\": 26296, \"start\": 273.4800109863281, \"end\": 275.6199951171875, \"text\": \" Like, the reason, I was talking to Lindsey Payless\", \"tokens\": [50890, 1743, 11, 264, 1778, 11, 286, 390, 1417, 281, 35910, 11431, 1832, 50997], \"temperature\": 0.0, \"avg_logprob\": -0.24419176578521729, \"compression_ratio\": 1.8641303777694702, \"no_speech_prob\": 6.108837260399014e-05}, {\"id\": 134, \"seek\": 26296, \"start\": 275.6199951171875, \"end\": 276.9200134277344, \"text\": \" this morning, do you know who she is?\", \"tokens\": [50997, 341, 2446, 11, 360, 291, 458, 567, 750, 307, 30, 51062], \"temperature\": 0.0, \"avg_logprob\": -0.24419176578521729, \"compression_ratio\": 1.8641303777694702, \"no_speech_prob\": 6.108837260399014e-05}, {\"id\": 135, \"seek\": 26296, \"start\": 276.9200134277344, \"end\": 279.1199951171875, \"text\": \" She's a big model from Louisiana,\", \"tokens\": [51062, 1240, 311, 257, 955, 2316, 490, 25413, 11, 51172], \"temperature\": 0.0, \"avg_logprob\": -0.24419176578521729, \"compression_ratio\": 1.8641303777694702, \"no_speech_prob\": 6.108837260399014e-05}, {\"id\": 136, \"seek\": 26296, \"start\": 279.1199951171875, \"end\": 280.5199890136719, \"text\": \" and she lives in Los Angeles,\", \"tokens\": [51172, 293, 750, 2909, 294, 7632, 12292, 11, 51242], \"temperature\": 0.0, \"avg_logprob\": -0.24419176578521729, \"compression_ratio\": 1.8641303777694702, \"no_speech_prob\": 6.108837260399014e-05}, {\"id\": 137, \"seek\": 26296, \"start\": 280.5199890136719, \"end\": 281.760009765625, \"text\": \" and one of the things, Lindsey Payless\", \"tokens\": [51242, 293, 472, 295, 264, 721, 11, 35910, 11431, 1832, 51304], \"temperature\": 0.0, \"avg_logprob\": -0.24419176578521729, \"compression_ratio\": 1.8641303777694702, \"no_speech_prob\": 6.108837260399014e-05}, {\"id\": 138, \"seek\": 26296, \"start\": 281.760009765625, \"end\": 283.5199890136719, \"text\": \" has her own podcast called Eyes Up Here,\", \"tokens\": [51304, 575, 720, 1065, 7367, 1219, 28925, 5858, 1692, 11, 51392], \"temperature\": 0.0, \"avg_logprob\": -0.24419176578521729, \"compression_ratio\": 1.8641303777694702, \"no_speech_prob\": 6.108837260399014e-05}, {\"id\": 139, \"seek\": 26296, \"start\": 283.5199890136719, \"end\": 285.9200134277344, \"text\": \" and she was talking about how she went into\", \"tokens\": [51392, 293, 750, 390, 1417, 466, 577, 750, 1437, 666, 51512], \"temperature\": 0.0, \"avg_logprob\": -0.24419176578521729, \"compression_ratio\": 1.8641303777694702, \"no_speech_prob\": 6.108837260399014e-05}, {\"id\": 140, \"seek\": 26296, \"start\": 285.9200134277344, \"end\": 287.9200134277344, \"text\": \" Mastro's one time, and she was wearing\", \"tokens\": [51512, 376, 525, 340, 311, 472, 565, 11, 293, 750, 390, 4769, 51612], \"temperature\": 0.0, \"avg_logprob\": -0.24419176578521729, \"compression_ratio\": 1.8641303777694702, \"no_speech_prob\": 6.108837260399014e-05}, {\"id\": 141, \"seek\": 26296, \"start\": 287.9200134277344, \"end\": 290.20001220703125, \"text\": \" just a normal outfit, but because her boobs are so big,\", \"tokens\": [51612, 445, 257, 2710, 11263, 11, 457, 570, 720, 40439, 366, 370, 955, 11, 51726], \"temperature\": 0.0, \"avg_logprob\": -0.24419176578521729, \"compression_ratio\": 1.8641303777694702, \"no_speech_prob\": 6.108837260399014e-05}, {\"id\": 142, \"seek\": 26296, \"start\": 290.20001220703125, \"end\": 292.6400146484375, \"text\": \" and they're real, that they made her put a jacket on\", \"tokens\": [51726, 293, 436, 434, 957, 11, 300, 436, 1027, 720, 829, 257, 11781, 322, 51848], \"temperature\": 0.0, \"avg_logprob\": -0.24419176578521729, \"compression_ratio\": 1.8641303777694702, \"no_speech_prob\": 6.108837260399014e-05}, {\"id\": 143, \"seek\": 29264, \"start\": 293.3999938964844, \"end\": 294.4800109863281, \"text\": \" because of her physical form,\", \"tokens\": [50402, 570, 295, 720, 4001, 1254, 11, 50456], \"temperature\": 0.0, \"avg_logprob\": -0.22766295075416565, \"compression_ratio\": 1.811475396156311, \"no_speech_prob\": 0.00015356135554611683}, {\"id\": 144, \"seek\": 29264, \"start\": 294.4800109863281, \"end\": 296.0400085449219, \"text\": \" and one of the things that happened to her\", \"tokens\": [50456, 293, 472, 295, 264, 721, 300, 2011, 281, 720, 50534], \"temperature\": 0.0, \"avg_logprob\": -0.22766295075416565, \"compression_ratio\": 1.811475396156311, \"no_speech_prob\": 0.00015356135554611683}, {\"id\": 145, \"seek\": 29264, \"start\": 296.0400085449219, \"end\": 298.0400085449219, \"text\": \" is she kind of came to the realization\", \"tokens\": [50534, 307, 750, 733, 295, 1361, 281, 264, 25138, 50634], \"temperature\": 0.0, \"avg_logprob\": -0.22766295075416565, \"compression_ratio\": 1.811475396156311, \"no_speech_prob\": 0.00015356135554611683}, {\"id\": 146, \"seek\": 29264, \"start\": 298.0400085449219, \"end\": 298.9200134277344, \"text\": \" that a lot of other girls did.\", \"tokens\": [50634, 300, 257, 688, 295, 661, 4519, 630, 13, 50678], \"temperature\": 0.0, \"avg_logprob\": -0.22766295075416565, \"compression_ratio\": 1.811475396156311, \"no_speech_prob\": 0.00015356135554611683}, {\"id\": 147, \"seek\": 29264, \"start\": 298.9200134277344, \"end\": 300.760009765625, \"text\": \" Caitlyn Runk is another girl who did this as well.\", \"tokens\": [50678, 28250, 9896, 497, 3197, 307, 1071, 2013, 567, 630, 341, 382, 731, 13, 50770], \"temperature\": 0.0, \"avg_logprob\": -0.22766295075416565, \"compression_ratio\": 1.811475396156311, \"no_speech_prob\": 0.00015356135554611683}, {\"id\": 148, \"seek\": 29264, \"start\": 300.760009765625, \"end\": 301.79998779296875, \"text\": \" She didn't want to have an OnlyFans,\", \"tokens\": [50770, 1240, 994, 380, 528, 281, 362, 364, 5686, 37, 599, 11, 50822], \"temperature\": 0.0, \"avg_logprob\": -0.22766295075416565, \"compression_ratio\": 1.811475396156311, \"no_speech_prob\": 0.00015356135554611683}, {\"id\": 149, \"seek\": 29264, \"start\": 301.79998779296875, \"end\": 302.6400146484375, \"text\": \" and then she did.\", \"tokens\": [50822, 293, 550, 750, 630, 13, 50864], \"temperature\": 0.0, \"avg_logprob\": -0.22766295075416565, \"compression_ratio\": 1.811475396156311, \"no_speech_prob\": 0.00015356135554611683}, {\"id\": 150, \"seek\": 29264, \"start\": 302.6400146484375, \"end\": 304.239990234375, \"text\": \" Chloe Tere is another girl who did this as well.\", \"tokens\": [50864, 29694, 314, 323, 307, 1071, 2013, 567, 630, 341, 382, 731, 13, 50944], \"temperature\": 0.0, \"avg_logprob\": -0.22766295075416565, \"compression_ratio\": 1.811475396156311, \"no_speech_prob\": 0.00015356135554611683}, {\"id\": 151, \"seek\": 29264, \"start\": 304.239990234375, \"end\": 305.6400146484375, \"text\": \" She's like, no matter what I do,\", \"tokens\": [50944, 1240, 311, 411, 11, 572, 1871, 437, 286, 360, 11, 51014], \"temperature\": 0.0, \"avg_logprob\": -0.22766295075416565, \"compression_ratio\": 1.811475396156311, \"no_speech_prob\": 0.00015356135554611683}, {\"id\": 152, \"seek\": 29264, \"start\": 305.6400146484375, \"end\": 306.4800109863281, \"text\": \" because I'm attractive,\", \"tokens\": [51014, 570, 286, 478, 12609, 11, 51056], \"temperature\": 0.0, \"avg_logprob\": -0.22766295075416565, \"compression_ratio\": 1.811475396156311, \"no_speech_prob\": 0.00015356135554611683}, {\"id\": 153, \"seek\": 29264, \"start\": 306.4800109863281, \"end\": 308.760009765625, \"text\": \" they're already calling me these names,\", \"tokens\": [51056, 436, 434, 1217, 5141, 385, 613, 5288, 11, 51170], \"temperature\": 0.0, \"avg_logprob\": -0.22766295075416565, \"compression_ratio\": 1.811475396156311, \"no_speech_prob\": 0.00015356135554611683}, {\"id\": 154, \"seek\": 29264, \"start\": 308.760009765625, \"end\": 310.760009765625, \"text\": \" so I might as well make this fucking money.\", \"tokens\": [51170, 370, 286, 1062, 382, 731, 652, 341, 5546, 1460, 13, 51270], \"temperature\": 0.0, \"avg_logprob\": -0.22766295075416565, \"compression_ratio\": 1.811475396156311, \"no_speech_prob\": 0.00015356135554611683}, {\"id\": 155, \"seek\": 29264, \"start\": 310.760009765625, \"end\": 311.6000061035156, \"text\": \" You see what I'm saying?\", \"tokens\": [51270, 509, 536, 437, 286, 478, 1566, 30, 51312], \"temperature\": 0.0, \"avg_logprob\": -0.22766295075416565, \"compression_ratio\": 1.811475396156311, \"no_speech_prob\": 0.00015356135554611683}, {\"id\": 156, \"seek\": 29264, \"start\": 311.6000061035156, \"end\": 312.9599914550781, \"text\": \" That's what dudes have done.\", \"tokens\": [51312, 663, 311, 437, 27717, 362, 1096, 13, 51380], \"temperature\": 0.0, \"avg_logprob\": -0.22766295075416565, \"compression_ratio\": 1.811475396156311, \"no_speech_prob\": 0.00015356135554611683}, {\"id\": 157, \"seek\": 29264, \"start\": 312.9599914550781, \"end\": 315.9599914550781, \"text\": \" I know girls who, Caitlyn Runk or Kylie Meyers\", \"tokens\": [51380, 286, 458, 4519, 567, 11, 28250, 9896, 497, 3197, 420, 39424, 1923, 13917, 51530], \"temperature\": 0.0, \"avg_logprob\": -0.22766295075416565, \"compression_ratio\": 1.811475396156311, \"no_speech_prob\": 0.00015356135554611683}, {\"id\": 158, \"seek\": 29264, \"start\": 315.9599914550781, \"end\": 317.5199890136719, \"text\": \" have never posed nude in their entire life,\", \"tokens\": [51530, 362, 1128, 31399, 36505, 294, 641, 2302, 993, 11, 51608], \"temperature\": 0.0, \"avg_logprob\": -0.22766295075416565, \"compression_ratio\": 1.811475396156311, \"no_speech_prob\": 0.00015356135554611683}, {\"id\": 159, \"seek\": 29264, \"start\": 317.5199890136719, \"end\": 319.1400146484375, \"text\": \" and they make a ton of money on OnlyFans.\", \"tokens\": [51608, 293, 436, 652, 257, 2952, 295, 1460, 322, 5686, 37, 599, 13, 51689], \"temperature\": 0.0, \"avg_logprob\": -0.22766295075416565, \"compression_ratio\": 1.811475396156311, \"no_speech_prob\": 0.00015356135554611683}, {\"id\": 160, \"seek\": 29264, \"start\": 319.1400146484375, \"end\": 320.760009765625, \"text\": \" Guys are gonna call them hoes anyway,\", \"tokens\": [51689, 7855, 366, 799, 818, 552, 1106, 279, 4033, 11, 51770], \"temperature\": 0.0, \"avg_logprob\": -0.22766295075416565, \"compression_ratio\": 1.811475396156311, \"no_speech_prob\": 0.00015356135554611683}, {\"id\": 161, \"seek\": 32076, \"start\": 320.760009765625, \"end\": 322.7200012207031, \"text\": \" so why don't they just go ahead and make the money?\", \"tokens\": [50364, 370, 983, 500, 380, 436, 445, 352, 2286, 293, 652, 264, 1460, 30, 50462], \"temperature\": 0.0, \"avg_logprob\": -0.24196769297122955, \"compression_ratio\": 1.4140625, \"no_speech_prob\": 0.005059871356934309}, {\"id\": 162, \"seek\": 32076, \"start\": 322.7200012207031, \"end\": 324.20001220703125, \"text\": \" And so what happens is,\", \"tokens\": [50462, 400, 370, 437, 2314, 307, 11, 50536], \"temperature\": 0.0, \"avg_logprob\": -0.24196769297122955, \"compression_ratio\": 1.4140625, \"no_speech_prob\": 0.005059871356934309}, {\"id\": 163, \"seek\": 32076, \"start\": 324.20001220703125, \"end\": 327.20001220703125, \"text\": \" because men talk like this in this red pill community,\", \"tokens\": [50536, 570, 1706, 751, 411, 341, 294, 341, 2182, 8100, 1768, 11, 50686], \"temperature\": 0.0, \"avg_logprob\": -0.24196769297122955, \"compression_ratio\": 1.4140625, \"no_speech_prob\": 0.005059871356934309}, {\"id\": 164, \"seek\": 32076, \"start\": 327.20001220703125, \"end\": 330.239990234375, \"text\": \" it just pushes women to go ahead and do it anyway.\", \"tokens\": [50686, 309, 445, 21020, 2266, 281, 352, 2286, 293, 360, 309, 4033, 13, 50838], \"temperature\": 0.0, \"avg_logprob\": -0.24196769297122955, \"compression_ratio\": 1.4140625, \"no_speech_prob\": 0.005059871356934309}]}"}