{"title": "Reality Shows Are Not Interested In Sober Participants", "video_id": "s9kCE1gyeVA", "video_url": "https://www.youtube.com/watch?v=s9kCE1gyeVA", "description": "Watch The Full Podcast Here \ud83d\udd17: https://youtu.be/M3D23G68Vaw\n\nReady to build a network of amazing women and high-status men?\n\nMichael\u2019s Men of Action is a one-on-one Master\u2019s program that teaches men how to create elite social lives by becoming higher status.\n\nClick this link to learn how you can have a High-Status lifestyle now:\nhttps://m.moamentoring.com/podcast\n\nClick here to join the Men of Action community and watch the High-Status Networking 101 course:\nhttps://m.moamentoring.com/moa-community\n\u2014\u2014\u2014\u2014\u2014\u2014\u2014\u2014\u2014\u2014\u2014\u2014\u2014\u2014\u2014\u2014\u2014\u2014\u2014\u2014\n\nSubscribe on Youtube: \nhttps://www.youtube.com/user/MichaelSartain\n\nListen on Apple Podcast: \nhttps://podcasts.apple.com/us/podcast/the-michael-sartain-podcast/id1579791157\n\nListen on Spotify: \nhttps://open.spotify.com/show/2faAYwvDD9Bvkpwv6umlPO?si=8Q3ak9HnSlKjuChsTXr6YQ&dl_branch=1\n\n#Michael #MichaelSartain #Michael_Sartain #Michael_Sartain_Podcast", "published_at": "2023-06-29T14:45:03Z", "channel_id": "UC0T1bDzajVefRWx4uKdGyuw", "channel_title": "Michael Sartain", "tags": ["Michael", "Michael Sartain", "Michael Sartain Podcast", "Michael Podcast", "MOA", "Men Of Action", "men of action", "Michael Sartain Course", "Michael Sartain With Hot Women", "Rollo", "Rollo Tommasi", "Playboy", "Swimsuit", "Swimsuit Competition"], "category_id": "24", "live_broadcast_content": "none", "duration": 346.0, "dimension": "2d", "definition": "hd", "caption": "false", "view_count": 870, "like_count": 25, "comment_count": 3, "channel_info": {"title": "Michael Sartain", "description": "\ud83c\udf99Host of The\u00a0Michael Sartain Podcast \n\n\ud83d\udd25Teaching you how to build a network of desirable women and high-status men\n\n\ud83d\udc47 Click the \"Men of Action\" link below now to forge a high-status lifestyle and join the elites \n", "subscriber_count": "80500", "total_views": "29545897", "total_videos": "1481"}, "comments": [], "file_path": "/Users/aelaguiz/workspace/fc_book/audio/raws/s9kCE1gyeVA.mp3", "transcription": "{\"text\": \"No reality show, like The Bachelor, Bachelorette, they're interested in young and not sober. That is what they're interested in. Six pack abs, young, naive, and not sober. What's the housing situation like? So we each have like our own individual rooms and they're like, it's so beautiful. Have you heard of the Calamigos Ranch? Like everyone has their wedding there in Malibu. Okay, no, I have not. But I think I know what you're talking about, yeah. Yeah, so there's these like $2,500 a night like suites for us, like the leads. And then all of the arrivals live in like a house in like bunk beds and everything. Oh, because it's COVID. So like a lot of these places are probably not even filled. Yeah, I guess so. But they like made sure it was like pretty much empty. Okay, that's awesome. Yeah, yeah. And so yeah, all the arrivals, there's always two people at one time for one person. So you are like literally living in the same house as your competition. And like all the other six arrivals are there for the leads too. Okay, the leads live individually or do you live with the other leads? We live individually, but next door to each other. So like in our own little house, we have a pool. Because I remember you had like supposedly a feud with one of the other leads, was that correct? Yeah, that bitch. Oh, you know, so yeah, so she basically tried to steal my man, Dylan, the guy that I was attracted to. Oh, I see, this is where I'm confused. So now we're crossing the streams. So like, because what are you having parties with all the arrivals? So it's funny. So this was season one, so anything went, right? We were like the guinea pigs of this show. So like the premise, we could literally make it whatever we want. So yeah, sometimes like the producers would have us be like, you're gonna have a pool party today, or you're gonna do this in a group setting. So I think we had some sort of maybe pool party or like group setting, I forgot where this was. And her being also six, four, I'm sorry, he's six, seven. She's like six, three, six, four. Of course, she's gonna be attracted to the guy that's taller than him, because that's what she wanted. And the first guy that came for him, her was like five, eight or something short. It's hilarious. And he's great guy, great guy. He's also a gamer and a Twitch person, but definitely not a good fit. So yeah, so she kind of like, you know, set on camera like, hey, since you don't really like this guy, which she misassumed, or, you know, because Jessica, they didn't know him, can I try to go after him? Well, at least she asked you, right? Right. But I said, no, because I was like, yeah, maybe like wait until like, I'm done figuring and exploring out like this relationship. And then you can maybe try like after, you're like basically saying like, yes, you can have my leftovers, like after I have this guy. And yeah, no, she kind of just went and took him from the arrivals house, brought him back to her apartment complex or whatever. Producers are totally fine with this, obviously, because it's going to create drama. Correct. And they're filming the whole thing, probably while she's hand in hand. Filming the whole thing. And they're telling me to go next door. Listen, me and my girlfriend are gonna start watching the show tonight. I'm so excited right now. Yeah, they told me I was going to have like a girl's talk, right? Like after my date with like this other singer dude. So I go in and I just like see him on the couch in front of her and I'm like, you gotta be shitting me. And guess what they made me do before then? Drink. Of course. And I was like, oh my God. That's what I told you. Like again, no reality show. Like The Bachelor, Bachelorette, they're interested in young and not sober. That is what they're interested in. Six pack abs, young, naive, and not sober. That's what they want. And I tried to be sober the whole time. And then my producer's like, why are you not drinking? And I was like, I feel like I don't need to because I want to take care of my image. They want you to choose violence. Yes. And then she was like, you know, trying to, my producer was trying to make me kind of like angry a little bit. And she's like, do you need some champagne? And I'm like, you know what? Yeah. Give me three, actually. So I was like doubting it. And I was like, my face is turning red. I was like, I didn't even need blush anymore. And lo and behold. Do you turn red every time you drink? A little bit. Okay. You know what they call that, right? It's an enzyme that's missing in some people that are from East Asia. Yes. Well, I'm going to say it because I'm Asian. It's called like the Asian glow. Okay. Right, yes. But yes, you have the scientific reasoning for it, which I usually have to explain to people. So thank you. Sometimes when like, not really, but when I'm not like wearing makeup or I didn't eat that much, like my face would get a little pink, but like only around the cheeks. Yeah. And then when it goes away, that's when you know I'm drunk. So it was definitely a way when I was, you know, on the couch, I decided to literally sit in the middle of them. Cause I was so pissed. Oh God. She's like, come sit. I'm like, I absolutely fucking will. And then I like sat in the middle and I just like, I'm, you know, trying to make small talk. Like, Hey, how are you doing? How are you Dylan? How are you Alyssa? How you doing? And then I just couldn't hold it anymore. I was like, listen, what the fuck is Dylan doing here? Okay. Petty white. I was so, I was so livid. And yeah, I just like lost my shit. And I, I started like crying and I was like, why am I crying? It's because of the drinking. Of course. Yeah. So I cried a little bit, but it was like all for a good cause like it was my drama scene, but I was like fighting for my man. So it was totally fine. Did anybody else cross the streams like that? Were any of the other six leads reaching into anybody else's pool? No, I think that's the only one that happened. So yeah, but the producers were actually utterly surprised because they thought I was what they said. They thought I was like this calm girl. And then I just like blew a fuse and they were like, Oh man, you're so strong and like feisty. So we're just going to show you as like that strong character that redeems herself. \", \"segments\": [{\"id\": 0, \"seek\": 0, \"start\": 0.0, \"end\": 2.2799999713897705, \"text\": \" No reality show, like The Bachelor, Bachelorette,\", \"tokens\": [50364, 883, 4103, 855, 11, 411, 440, 23193, 11, 363, 8188, 26262, 975, 11, 50478], \"temperature\": 0.0, \"avg_logprob\": -0.26338526606559753, \"compression_ratio\": 1.6666666269302368, \"no_speech_prob\": 0.0004802578769158572}, {\"id\": 1, \"seek\": 0, \"start\": 2.2799999713897705, \"end\": 5.039999961853027, \"text\": \" they're interested in young and not sober.\", \"tokens\": [50478, 436, 434, 3102, 294, 2037, 293, 406, 26212, 13, 50616], \"temperature\": 0.0, \"avg_logprob\": -0.26338526606559753, \"compression_ratio\": 1.6666666269302368, \"no_speech_prob\": 0.0004802578769158572}, {\"id\": 2, \"seek\": 0, \"start\": 5.039999961853027, \"end\": 6.320000171661377, \"text\": \" That is what they're interested in.\", \"tokens\": [50616, 663, 307, 437, 436, 434, 3102, 294, 13, 50680], \"temperature\": 0.0, \"avg_logprob\": -0.26338526606559753, \"compression_ratio\": 1.6666666269302368, \"no_speech_prob\": 0.0004802578769158572}, {\"id\": 3, \"seek\": 0, \"start\": 6.320000171661377, \"end\": 8.960000038146973, \"text\": \" Six pack abs, young, naive, and not sober.\", \"tokens\": [50680, 11678, 2844, 1950, 11, 2037, 11, 29052, 11, 293, 406, 26212, 13, 50812], \"temperature\": 0.0, \"avg_logprob\": -0.26338526606559753, \"compression_ratio\": 1.6666666269302368, \"no_speech_prob\": 0.0004802578769158572}, {\"id\": 4, \"seek\": 0, \"start\": 8.960000038146973, \"end\": 10.600000381469727, \"text\": \" What's the housing situation like?\", \"tokens\": [50812, 708, 311, 264, 6849, 2590, 411, 30, 50894], \"temperature\": 0.0, \"avg_logprob\": -0.26338526606559753, \"compression_ratio\": 1.6666666269302368, \"no_speech_prob\": 0.0004802578769158572}, {\"id\": 5, \"seek\": 0, \"start\": 10.600000381469727, \"end\": 12.899999618530273, \"text\": \" So we each have like our own individual rooms\", \"tokens\": [50894, 407, 321, 1184, 362, 411, 527, 1065, 2609, 9396, 51009], \"temperature\": 0.0, \"avg_logprob\": -0.26338526606559753, \"compression_ratio\": 1.6666666269302368, \"no_speech_prob\": 0.0004802578769158572}, {\"id\": 6, \"seek\": 0, \"start\": 12.899999618530273, \"end\": 14.520000457763672, \"text\": \" and they're like, it's so beautiful.\", \"tokens\": [51009, 293, 436, 434, 411, 11, 309, 311, 370, 2238, 13, 51090], \"temperature\": 0.0, \"avg_logprob\": -0.26338526606559753, \"compression_ratio\": 1.6666666269302368, \"no_speech_prob\": 0.0004802578769158572}, {\"id\": 7, \"seek\": 0, \"start\": 14.520000457763672, \"end\": 16.559999465942383, \"text\": \" Have you heard of the Calamigos Ranch?\", \"tokens\": [51090, 3560, 291, 2198, 295, 264, 3511, 335, 13348, 37740, 30, 51192], \"temperature\": 0.0, \"avg_logprob\": -0.26338526606559753, \"compression_ratio\": 1.6666666269302368, \"no_speech_prob\": 0.0004802578769158572}, {\"id\": 8, \"seek\": 0, \"start\": 16.559999465942383, \"end\": 19.31999969482422, \"text\": \" Like everyone has their wedding there in Malibu.\", \"tokens\": [51192, 1743, 1518, 575, 641, 8523, 456, 294, 5746, 897, 84, 13, 51330], \"temperature\": 0.0, \"avg_logprob\": -0.26338526606559753, \"compression_ratio\": 1.6666666269302368, \"no_speech_prob\": 0.0004802578769158572}, {\"id\": 9, \"seek\": 0, \"start\": 19.31999969482422, \"end\": 20.84000015258789, \"text\": \" Okay, no, I have not.\", \"tokens\": [51330, 1033, 11, 572, 11, 286, 362, 406, 13, 51406], \"temperature\": 0.0, \"avg_logprob\": -0.26338526606559753, \"compression_ratio\": 1.6666666269302368, \"no_speech_prob\": 0.0004802578769158572}, {\"id\": 10, \"seek\": 0, \"start\": 20.84000015258789, \"end\": 22.760000228881836, \"text\": \" But I think I know what you're talking about, yeah.\", \"tokens\": [51406, 583, 286, 519, 286, 458, 437, 291, 434, 1417, 466, 11, 1338, 13, 51502], \"temperature\": 0.0, \"avg_logprob\": -0.26338526606559753, \"compression_ratio\": 1.6666666269302368, \"no_speech_prob\": 0.0004802578769158572}, {\"id\": 11, \"seek\": 0, \"start\": 22.760000228881836, \"end\": 26.559999465942383, \"text\": \" Yeah, so there's these like $2,500 a night\", \"tokens\": [51502, 865, 11, 370, 456, 311, 613, 411, 1848, 17, 11, 7526, 257, 1818, 51692], \"temperature\": 0.0, \"avg_logprob\": -0.26338526606559753, \"compression_ratio\": 1.6666666269302368, \"no_speech_prob\": 0.0004802578769158572}, {\"id\": 12, \"seek\": 0, \"start\": 26.559999465942383, \"end\": 29.68000030517578, \"text\": \" like suites for us, like the leads.\", \"tokens\": [51692, 411, 459, 3324, 337, 505, 11, 411, 264, 6689, 13, 51848], \"temperature\": 0.0, \"avg_logprob\": -0.26338526606559753, \"compression_ratio\": 1.6666666269302368, \"no_speech_prob\": 0.0004802578769158572}, {\"id\": 13, \"seek\": 2968, \"start\": 29.719999313354492, \"end\": 32.720001220703125, \"text\": \" And then all of the arrivals live in like a house\", \"tokens\": [50366, 400, 550, 439, 295, 264, 3399, 19778, 1621, 294, 411, 257, 1782, 50516], \"temperature\": 0.0, \"avg_logprob\": -0.2353934496641159, \"compression_ratio\": 1.7943037748336792, \"no_speech_prob\": 2.0784951630048454e-05}, {\"id\": 14, \"seek\": 2968, \"start\": 32.720001220703125, \"end\": 34.439998626708984, \"text\": \" in like bunk beds and everything.\", \"tokens\": [50516, 294, 411, 25125, 18068, 293, 1203, 13, 50602], \"temperature\": 0.0, \"avg_logprob\": -0.2353934496641159, \"compression_ratio\": 1.7943037748336792, \"no_speech_prob\": 2.0784951630048454e-05}, {\"id\": 15, \"seek\": 2968, \"start\": 34.439998626708984, \"end\": 35.52000045776367, \"text\": \" Oh, because it's COVID.\", \"tokens\": [50602, 876, 11, 570, 309, 311, 4566, 13, 50656], \"temperature\": 0.0, \"avg_logprob\": -0.2353934496641159, \"compression_ratio\": 1.7943037748336792, \"no_speech_prob\": 2.0784951630048454e-05}, {\"id\": 16, \"seek\": 2968, \"start\": 35.52000045776367, \"end\": 38.880001068115234, \"text\": \" So like a lot of these places are probably not even filled.\", \"tokens\": [50656, 407, 411, 257, 688, 295, 613, 3190, 366, 1391, 406, 754, 6412, 13, 50824], \"temperature\": 0.0, \"avg_logprob\": -0.2353934496641159, \"compression_ratio\": 1.7943037748336792, \"no_speech_prob\": 2.0784951630048454e-05}, {\"id\": 17, \"seek\": 2968, \"start\": 38.880001068115234, \"end\": 39.720001220703125, \"text\": \" Yeah, I guess so.\", \"tokens\": [50824, 865, 11, 286, 2041, 370, 13, 50866], \"temperature\": 0.0, \"avg_logprob\": -0.2353934496641159, \"compression_ratio\": 1.7943037748336792, \"no_speech_prob\": 2.0784951630048454e-05}, {\"id\": 18, \"seek\": 2968, \"start\": 39.720001220703125, \"end\": 41.68000030517578, \"text\": \" But they like made sure it was like pretty much empty.\", \"tokens\": [50866, 583, 436, 411, 1027, 988, 309, 390, 411, 1238, 709, 6707, 13, 50964], \"temperature\": 0.0, \"avg_logprob\": -0.2353934496641159, \"compression_ratio\": 1.7943037748336792, \"no_speech_prob\": 2.0784951630048454e-05}, {\"id\": 19, \"seek\": 2968, \"start\": 41.68000030517578, \"end\": 42.5, \"text\": \" Okay, that's awesome.\", \"tokens\": [50964, 1033, 11, 300, 311, 3476, 13, 51005], \"temperature\": 0.0, \"avg_logprob\": -0.2353934496641159, \"compression_ratio\": 1.7943037748336792, \"no_speech_prob\": 2.0784951630048454e-05}, {\"id\": 20, \"seek\": 2968, \"start\": 42.5, \"end\": 43.34000015258789, \"text\": \" Yeah, yeah.\", \"tokens\": [51005, 865, 11, 1338, 13, 51047], \"temperature\": 0.0, \"avg_logprob\": -0.2353934496641159, \"compression_ratio\": 1.7943037748336792, \"no_speech_prob\": 2.0784951630048454e-05}, {\"id\": 21, \"seek\": 2968, \"start\": 43.34000015258789, \"end\": 44.7599983215332, \"text\": \" And so yeah, all the arrivals,\", \"tokens\": [51047, 400, 370, 1338, 11, 439, 264, 3399, 19778, 11, 51118], \"temperature\": 0.0, \"avg_logprob\": -0.2353934496641159, \"compression_ratio\": 1.7943037748336792, \"no_speech_prob\": 2.0784951630048454e-05}, {\"id\": 22, \"seek\": 2968, \"start\": 44.7599983215332, \"end\": 47.459999084472656, \"text\": \" there's always two people at one time for one person.\", \"tokens\": [51118, 456, 311, 1009, 732, 561, 412, 472, 565, 337, 472, 954, 13, 51253], \"temperature\": 0.0, \"avg_logprob\": -0.2353934496641159, \"compression_ratio\": 1.7943037748336792, \"no_speech_prob\": 2.0784951630048454e-05}, {\"id\": 23, \"seek\": 2968, \"start\": 47.459999084472656, \"end\": 50.119998931884766, \"text\": \" So you are like literally living in the same house\", \"tokens\": [51253, 407, 291, 366, 411, 3736, 2647, 294, 264, 912, 1782, 51386], \"temperature\": 0.0, \"avg_logprob\": -0.2353934496641159, \"compression_ratio\": 1.7943037748336792, \"no_speech_prob\": 2.0784951630048454e-05}, {\"id\": 24, \"seek\": 2968, \"start\": 50.119998931884766, \"end\": 51.599998474121094, \"text\": \" as your competition.\", \"tokens\": [51386, 382, 428, 6211, 13, 51460], \"temperature\": 0.0, \"avg_logprob\": -0.2353934496641159, \"compression_ratio\": 1.7943037748336792, \"no_speech_prob\": 2.0784951630048454e-05}, {\"id\": 25, \"seek\": 2968, \"start\": 51.599998474121094, \"end\": 54.20000076293945, \"text\": \" And like all the other six arrivals\", \"tokens\": [51460, 400, 411, 439, 264, 661, 2309, 3399, 19778, 51590], \"temperature\": 0.0, \"avg_logprob\": -0.2353934496641159, \"compression_ratio\": 1.7943037748336792, \"no_speech_prob\": 2.0784951630048454e-05}, {\"id\": 26, \"seek\": 2968, \"start\": 54.20000076293945, \"end\": 55.84000015258789, \"text\": \" are there for the leads too.\", \"tokens\": [51590, 366, 456, 337, 264, 6689, 886, 13, 51672], \"temperature\": 0.0, \"avg_logprob\": -0.2353934496641159, \"compression_ratio\": 1.7943037748336792, \"no_speech_prob\": 2.0784951630048454e-05}, {\"id\": 27, \"seek\": 2968, \"start\": 55.84000015258789, \"end\": 57.81999969482422, \"text\": \" Okay, the leads live individually\", \"tokens\": [51672, 1033, 11, 264, 6689, 1621, 16652, 51771], \"temperature\": 0.0, \"avg_logprob\": -0.2353934496641159, \"compression_ratio\": 1.7943037748336792, \"no_speech_prob\": 2.0784951630048454e-05}, {\"id\": 28, \"seek\": 2968, \"start\": 57.81999969482422, \"end\": 59.040000915527344, \"text\": \" or do you live with the other leads?\", \"tokens\": [51771, 420, 360, 291, 1621, 365, 264, 661, 6689, 30, 51832], \"temperature\": 0.0, \"avg_logprob\": -0.2353934496641159, \"compression_ratio\": 1.7943037748336792, \"no_speech_prob\": 2.0784951630048454e-05}, {\"id\": 29, \"seek\": 5904, \"start\": 59.560001373291016, \"end\": 61.880001068115234, \"text\": \" We live individually, but next door to each other.\", \"tokens\": [50390, 492, 1621, 16652, 11, 457, 958, 2853, 281, 1184, 661, 13, 50506], \"temperature\": 0.0, \"avg_logprob\": -0.2877257466316223, \"compression_ratio\": 1.669616460800171, \"no_speech_prob\": 0.00021994952112436295}, {\"id\": 30, \"seek\": 5904, \"start\": 61.880001068115234, \"end\": 63.68000030517578, \"text\": \" So like in our own little house, we have a pool.\", \"tokens\": [50506, 407, 411, 294, 527, 1065, 707, 1782, 11, 321, 362, 257, 7005, 13, 50596], \"temperature\": 0.0, \"avg_logprob\": -0.2877257466316223, \"compression_ratio\": 1.669616460800171, \"no_speech_prob\": 0.00021994952112436295}, {\"id\": 31, \"seek\": 5904, \"start\": 63.68000030517578, \"end\": 66.04000091552734, \"text\": \" Because I remember you had like supposedly a feud\", \"tokens\": [50596, 1436, 286, 1604, 291, 632, 411, 20581, 257, 36377, 50714], \"temperature\": 0.0, \"avg_logprob\": -0.2877257466316223, \"compression_ratio\": 1.669616460800171, \"no_speech_prob\": 0.00021994952112436295}, {\"id\": 32, \"seek\": 5904, \"start\": 66.04000091552734, \"end\": 67.91999816894531, \"text\": \" with one of the other leads, was that correct?\", \"tokens\": [50714, 365, 472, 295, 264, 661, 6689, 11, 390, 300, 3006, 30, 50808], \"temperature\": 0.0, \"avg_logprob\": -0.2877257466316223, \"compression_ratio\": 1.669616460800171, \"no_speech_prob\": 0.00021994952112436295}, {\"id\": 33, \"seek\": 5904, \"start\": 67.91999816894531, \"end\": 68.91999816894531, \"text\": \" Yeah, that bitch.\", \"tokens\": [50808, 865, 11, 300, 11960, 13, 50858], \"temperature\": 0.0, \"avg_logprob\": -0.2877257466316223, \"compression_ratio\": 1.669616460800171, \"no_speech_prob\": 0.00021994952112436295}, {\"id\": 34, \"seek\": 5904, \"start\": 68.91999816894531, \"end\": 71.44000244140625, \"text\": \" Oh, you know, so yeah,\", \"tokens\": [50858, 876, 11, 291, 458, 11, 370, 1338, 11, 50984], \"temperature\": 0.0, \"avg_logprob\": -0.2877257466316223, \"compression_ratio\": 1.669616460800171, \"no_speech_prob\": 0.00021994952112436295}, {\"id\": 35, \"seek\": 5904, \"start\": 71.44000244140625, \"end\": 74.33999633789062, \"text\": \" so she basically tried to steal my man, Dylan,\", \"tokens\": [50984, 370, 750, 1936, 3031, 281, 11009, 452, 587, 11, 28160, 11, 51129], \"temperature\": 0.0, \"avg_logprob\": -0.2877257466316223, \"compression_ratio\": 1.669616460800171, \"no_speech_prob\": 0.00021994952112436295}, {\"id\": 36, \"seek\": 5904, \"start\": 74.33999633789062, \"end\": 75.18000030517578, \"text\": \" the guy that I was attracted to.\", \"tokens\": [51129, 264, 2146, 300, 286, 390, 15912, 281, 13, 51171], \"temperature\": 0.0, \"avg_logprob\": -0.2877257466316223, \"compression_ratio\": 1.669616460800171, \"no_speech_prob\": 0.00021994952112436295}, {\"id\": 37, \"seek\": 5904, \"start\": 75.18000030517578, \"end\": 76.55999755859375, \"text\": \" Oh, I see, this is where I'm confused.\", \"tokens\": [51171, 876, 11, 286, 536, 11, 341, 307, 689, 286, 478, 9019, 13, 51240], \"temperature\": 0.0, \"avg_logprob\": -0.2877257466316223, \"compression_ratio\": 1.669616460800171, \"no_speech_prob\": 0.00021994952112436295}, {\"id\": 38, \"seek\": 5904, \"start\": 76.55999755859375, \"end\": 78.12000274658203, \"text\": \" So now we're crossing the streams.\", \"tokens\": [51240, 407, 586, 321, 434, 14712, 264, 15842, 13, 51318], \"temperature\": 0.0, \"avg_logprob\": -0.2877257466316223, \"compression_ratio\": 1.669616460800171, \"no_speech_prob\": 0.00021994952112436295}, {\"id\": 39, \"seek\": 5904, \"start\": 78.12000274658203, \"end\": 80.19999694824219, \"text\": \" So like, because what are you having parties\", \"tokens\": [51318, 407, 411, 11, 570, 437, 366, 291, 1419, 8265, 51422], \"temperature\": 0.0, \"avg_logprob\": -0.2877257466316223, \"compression_ratio\": 1.669616460800171, \"no_speech_prob\": 0.00021994952112436295}, {\"id\": 40, \"seek\": 5904, \"start\": 80.19999694824219, \"end\": 81.91999816894531, \"text\": \" with all the arrivals?\", \"tokens\": [51422, 365, 439, 264, 3399, 19778, 30, 51508], \"temperature\": 0.0, \"avg_logprob\": -0.2877257466316223, \"compression_ratio\": 1.669616460800171, \"no_speech_prob\": 0.00021994952112436295}, {\"id\": 41, \"seek\": 5904, \"start\": 81.91999816894531, \"end\": 82.95999908447266, \"text\": \" So it's funny.\", \"tokens\": [51508, 407, 309, 311, 4074, 13, 51560], \"temperature\": 0.0, \"avg_logprob\": -0.2877257466316223, \"compression_ratio\": 1.669616460800171, \"no_speech_prob\": 0.00021994952112436295}, {\"id\": 42, \"seek\": 5904, \"start\": 82.95999908447266, \"end\": 85.19999694824219, \"text\": \" So this was season one, so anything went, right?\", \"tokens\": [51560, 407, 341, 390, 3196, 472, 11, 370, 1340, 1437, 11, 558, 30, 51672], \"temperature\": 0.0, \"avg_logprob\": -0.2877257466316223, \"compression_ratio\": 1.669616460800171, \"no_speech_prob\": 0.00021994952112436295}, {\"id\": 43, \"seek\": 5904, \"start\": 85.19999694824219, \"end\": 87.22000122070312, \"text\": \" We were like the guinea pigs of this show.\", \"tokens\": [51672, 492, 645, 411, 264, 695, 31940, 24380, 295, 341, 855, 13, 51773], \"temperature\": 0.0, \"avg_logprob\": -0.2877257466316223, \"compression_ratio\": 1.669616460800171, \"no_speech_prob\": 0.00021994952112436295}, {\"id\": 44, \"seek\": 8722, \"start\": 87.22000122070312, \"end\": 88.30000305175781, \"text\": \" So like the premise,\", \"tokens\": [50364, 407, 411, 264, 22045, 11, 50418], \"temperature\": 0.0, \"avg_logprob\": -0.2243284285068512, \"compression_ratio\": 1.8047138452529907, \"no_speech_prob\": 0.0004878267354797572}, {\"id\": 45, \"seek\": 8722, \"start\": 88.30000305175781, \"end\": 90.33999633789062, \"text\": \" we could literally make it whatever we want.\", \"tokens\": [50418, 321, 727, 3736, 652, 309, 2035, 321, 528, 13, 50520], \"temperature\": 0.0, \"avg_logprob\": -0.2243284285068512, \"compression_ratio\": 1.8047138452529907, \"no_speech_prob\": 0.0004878267354797572}, {\"id\": 46, \"seek\": 8722, \"start\": 90.33999633789062, \"end\": 93.13999938964844, \"text\": \" So yeah, sometimes like the producers would have us be like,\", \"tokens\": [50520, 407, 1338, 11, 2171, 411, 264, 16080, 576, 362, 505, 312, 411, 11, 50660], \"temperature\": 0.0, \"avg_logprob\": -0.2243284285068512, \"compression_ratio\": 1.8047138452529907, \"no_speech_prob\": 0.0004878267354797572}, {\"id\": 47, \"seek\": 8722, \"start\": 93.13999938964844, \"end\": 95.13999938964844, \"text\": \" you're gonna have a pool party today,\", \"tokens\": [50660, 291, 434, 799, 362, 257, 7005, 3595, 965, 11, 50760], \"temperature\": 0.0, \"avg_logprob\": -0.2243284285068512, \"compression_ratio\": 1.8047138452529907, \"no_speech_prob\": 0.0004878267354797572}, {\"id\": 48, \"seek\": 8722, \"start\": 95.13999938964844, \"end\": 97.37999725341797, \"text\": \" or you're gonna do this in a group setting.\", \"tokens\": [50760, 420, 291, 434, 799, 360, 341, 294, 257, 1594, 3287, 13, 50872], \"temperature\": 0.0, \"avg_logprob\": -0.2243284285068512, \"compression_ratio\": 1.8047138452529907, \"no_speech_prob\": 0.0004878267354797572}, {\"id\": 49, \"seek\": 8722, \"start\": 97.37999725341797, \"end\": 100.33999633789062, \"text\": \" So I think we had some sort of maybe pool party\", \"tokens\": [50872, 407, 286, 519, 321, 632, 512, 1333, 295, 1310, 7005, 3595, 51020], \"temperature\": 0.0, \"avg_logprob\": -0.2243284285068512, \"compression_ratio\": 1.8047138452529907, \"no_speech_prob\": 0.0004878267354797572}, {\"id\": 50, \"seek\": 8722, \"start\": 100.33999633789062, \"end\": 103.58000183105469, \"text\": \" or like group setting, I forgot where this was.\", \"tokens\": [51020, 420, 411, 1594, 3287, 11, 286, 5298, 689, 341, 390, 13, 51182], \"temperature\": 0.0, \"avg_logprob\": -0.2243284285068512, \"compression_ratio\": 1.8047138452529907, \"no_speech_prob\": 0.0004878267354797572}, {\"id\": 51, \"seek\": 8722, \"start\": 103.58000183105469, \"end\": 108.58000183105469, \"text\": \" And her being also six, four, I'm sorry, he's six, seven.\", \"tokens\": [51182, 400, 720, 885, 611, 2309, 11, 1451, 11, 286, 478, 2597, 11, 415, 311, 2309, 11, 3407, 13, 51432], \"temperature\": 0.0, \"avg_logprob\": -0.2243284285068512, \"compression_ratio\": 1.8047138452529907, \"no_speech_prob\": 0.0004878267354797572}, {\"id\": 52, \"seek\": 8722, \"start\": 108.62000274658203, \"end\": 110.19999694824219, \"text\": \" She's like six, three, six, four.\", \"tokens\": [51434, 1240, 311, 411, 2309, 11, 1045, 11, 2309, 11, 1451, 13, 51513], \"temperature\": 0.0, \"avg_logprob\": -0.2243284285068512, \"compression_ratio\": 1.8047138452529907, \"no_speech_prob\": 0.0004878267354797572}, {\"id\": 53, \"seek\": 8722, \"start\": 110.19999694824219, \"end\": 111.72000122070312, \"text\": \" Of course, she's gonna be attracted to the guy\", \"tokens\": [51513, 2720, 1164, 11, 750, 311, 799, 312, 15912, 281, 264, 2146, 51589], \"temperature\": 0.0, \"avg_logprob\": -0.2243284285068512, \"compression_ratio\": 1.8047138452529907, \"no_speech_prob\": 0.0004878267354797572}, {\"id\": 54, \"seek\": 8722, \"start\": 111.72000122070312, \"end\": 113.58000183105469, \"text\": \" that's taller than him, because that's what she wanted.\", \"tokens\": [51589, 300, 311, 22406, 813, 796, 11, 570, 300, 311, 437, 750, 1415, 13, 51682], \"temperature\": 0.0, \"avg_logprob\": -0.2243284285068512, \"compression_ratio\": 1.8047138452529907, \"no_speech_prob\": 0.0004878267354797572}, {\"id\": 55, \"seek\": 8722, \"start\": 113.58000183105469, \"end\": 115.5, \"text\": \" And the first guy that came for him,\", \"tokens\": [51682, 400, 264, 700, 2146, 300, 1361, 337, 796, 11, 51778], \"temperature\": 0.0, \"avg_logprob\": -0.2243284285068512, \"compression_ratio\": 1.8047138452529907, \"no_speech_prob\": 0.0004878267354797572}, {\"id\": 56, \"seek\": 11550, \"start\": 115.5, \"end\": 119.0999984741211, \"text\": \" her was like five, eight or something short.\", \"tokens\": [50364, 720, 390, 411, 1732, 11, 3180, 420, 746, 2099, 13, 50544], \"temperature\": 0.0, \"avg_logprob\": -0.2994205355644226, \"compression_ratio\": 1.5508474111557007, \"no_speech_prob\": 3.726622480826336e-06}, {\"id\": 57, \"seek\": 11550, \"start\": 119.0999984741211, \"end\": 120.0199966430664, \"text\": \" It's hilarious.\", \"tokens\": [50544, 467, 311, 19796, 13, 50590], \"temperature\": 0.0, \"avg_logprob\": -0.2994205355644226, \"compression_ratio\": 1.5508474111557007, \"no_speech_prob\": 3.726622480826336e-06}, {\"id\": 58, \"seek\": 11550, \"start\": 120.0199966430664, \"end\": 122.68000030517578, \"text\": \" And he's great guy, great guy.\", \"tokens\": [50590, 400, 415, 311, 869, 2146, 11, 869, 2146, 13, 50723], \"temperature\": 0.0, \"avg_logprob\": -0.2994205355644226, \"compression_ratio\": 1.5508474111557007, \"no_speech_prob\": 3.726622480826336e-06}, {\"id\": 59, \"seek\": 11550, \"start\": 122.68000030517578, \"end\": 124.94000244140625, \"text\": \" He's also a gamer and a Twitch person,\", \"tokens\": [50723, 634, 311, 611, 257, 30266, 293, 257, 22222, 954, 11, 50836], \"temperature\": 0.0, \"avg_logprob\": -0.2994205355644226, \"compression_ratio\": 1.5508474111557007, \"no_speech_prob\": 3.726622480826336e-06}, {\"id\": 60, \"seek\": 11550, \"start\": 124.94000244140625, \"end\": 127.41999816894531, \"text\": \" but definitely not a good fit.\", \"tokens\": [50836, 457, 2138, 406, 257, 665, 3318, 13, 50960], \"temperature\": 0.0, \"avg_logprob\": -0.2994205355644226, \"compression_ratio\": 1.5508474111557007, \"no_speech_prob\": 3.726622480826336e-06}, {\"id\": 61, \"seek\": 11550, \"start\": 127.41999816894531, \"end\": 130.3000030517578, \"text\": \" So yeah, so she kind of like, you know,\", \"tokens\": [50960, 407, 1338, 11, 370, 750, 733, 295, 411, 11, 291, 458, 11, 51104], \"temperature\": 0.0, \"avg_logprob\": -0.2994205355644226, \"compression_ratio\": 1.5508474111557007, \"no_speech_prob\": 3.726622480826336e-06}, {\"id\": 62, \"seek\": 11550, \"start\": 130.3000030517578, \"end\": 134.10000610351562, \"text\": \" set on camera like, hey, since you don't really\", \"tokens\": [51104, 992, 322, 2799, 411, 11, 4177, 11, 1670, 291, 500, 380, 534, 51294], \"temperature\": 0.0, \"avg_logprob\": -0.2994205355644226, \"compression_ratio\": 1.5508474111557007, \"no_speech_prob\": 3.726622480826336e-06}, {\"id\": 63, \"seek\": 11550, \"start\": 134.10000610351562, \"end\": 136.77999877929688, \"text\": \" like this guy, which she misassumed,\", \"tokens\": [51294, 411, 341, 2146, 11, 597, 750, 3346, 640, 449, 292, 11, 51428], \"temperature\": 0.0, \"avg_logprob\": -0.2994205355644226, \"compression_ratio\": 1.5508474111557007, \"no_speech_prob\": 3.726622480826336e-06}, {\"id\": 64, \"seek\": 11550, \"start\": 136.77999877929688, \"end\": 140.47999572753906, \"text\": \" or, you know, because Jessica, they didn't know him,\", \"tokens\": [51428, 420, 11, 291, 458, 11, 570, 15570, 11, 436, 994, 380, 458, 796, 11, 51613], \"temperature\": 0.0, \"avg_logprob\": -0.2994205355644226, \"compression_ratio\": 1.5508474111557007, \"no_speech_prob\": 3.726622480826336e-06}, {\"id\": 65, \"seek\": 11550, \"start\": 140.47999572753906, \"end\": 143.6199951171875, \"text\": \" can I try to go after him?\", \"tokens\": [51613, 393, 286, 853, 281, 352, 934, 796, 30, 51770], \"temperature\": 0.0, \"avg_logprob\": -0.2994205355644226, \"compression_ratio\": 1.5508474111557007, \"no_speech_prob\": 3.726622480826336e-06}, {\"id\": 66, \"seek\": 14362, \"start\": 143.6199951171875, \"end\": 145.4600067138672, \"text\": \" Well, at least she asked you, right?\", \"tokens\": [50364, 1042, 11, 412, 1935, 750, 2351, 291, 11, 558, 30, 50456], \"temperature\": 0.0, \"avg_logprob\": -0.31906503438949585, \"compression_ratio\": 1.6390976905822754, \"no_speech_prob\": 1.3211924851930235e-05}, {\"id\": 67, \"seek\": 14362, \"start\": 145.4600067138672, \"end\": 146.3000030517578, \"text\": \" Right.\", \"tokens\": [50456, 1779, 13, 50498], \"temperature\": 0.0, \"avg_logprob\": -0.31906503438949585, \"compression_ratio\": 1.6390976905822754, \"no_speech_prob\": 1.3211924851930235e-05}, {\"id\": 68, \"seek\": 14362, \"start\": 146.3000030517578, \"end\": 149.86000061035156, \"text\": \" But I said, no, because I was like, yeah,\", \"tokens\": [50498, 583, 286, 848, 11, 572, 11, 570, 286, 390, 411, 11, 1338, 11, 50676], \"temperature\": 0.0, \"avg_logprob\": -0.31906503438949585, \"compression_ratio\": 1.6390976905822754, \"no_speech_prob\": 1.3211924851930235e-05}, {\"id\": 69, \"seek\": 14362, \"start\": 149.86000061035156, \"end\": 153.02000427246094, \"text\": \" maybe like wait until like, I'm done figuring\", \"tokens\": [50676, 1310, 411, 1699, 1826, 411, 11, 286, 478, 1096, 15213, 50834], \"temperature\": 0.0, \"avg_logprob\": -0.31906503438949585, \"compression_ratio\": 1.6390976905822754, \"no_speech_prob\": 1.3211924851930235e-05}, {\"id\": 70, \"seek\": 14362, \"start\": 153.02000427246094, \"end\": 155.6999969482422, \"text\": \" and exploring out like this relationship.\", \"tokens\": [50834, 293, 12736, 484, 411, 341, 2480, 13, 50968], \"temperature\": 0.0, \"avg_logprob\": -0.31906503438949585, \"compression_ratio\": 1.6390976905822754, \"no_speech_prob\": 1.3211924851930235e-05}, {\"id\": 71, \"seek\": 14362, \"start\": 155.6999969482422, \"end\": 157.6999969482422, \"text\": \" And then you can maybe try like after,\", \"tokens\": [50968, 400, 550, 291, 393, 1310, 853, 411, 934, 11, 51068], \"temperature\": 0.0, \"avg_logprob\": -0.31906503438949585, \"compression_ratio\": 1.6390976905822754, \"no_speech_prob\": 1.3211924851930235e-05}, {\"id\": 72, \"seek\": 14362, \"start\": 157.6999969482422, \"end\": 159.05999755859375, \"text\": \" you're like basically saying like, yes,\", \"tokens\": [51068, 291, 434, 411, 1936, 1566, 411, 11, 2086, 11, 51136], \"temperature\": 0.0, \"avg_logprob\": -0.31906503438949585, \"compression_ratio\": 1.6390976905822754, \"no_speech_prob\": 1.3211924851930235e-05}, {\"id\": 73, \"seek\": 14362, \"start\": 159.05999755859375, \"end\": 162.22000122070312, \"text\": \" you can have my leftovers, like after I have this guy.\", \"tokens\": [51136, 291, 393, 362, 452, 43011, 11, 411, 934, 286, 362, 341, 2146, 13, 51294], \"temperature\": 0.0, \"avg_logprob\": -0.31906503438949585, \"compression_ratio\": 1.6390976905822754, \"no_speech_prob\": 1.3211924851930235e-05}, {\"id\": 74, \"seek\": 14362, \"start\": 162.22000122070312, \"end\": 164.82000732421875, \"text\": \" And yeah, no, she kind of just went\", \"tokens\": [51294, 400, 1338, 11, 572, 11, 750, 733, 295, 445, 1437, 51424], \"temperature\": 0.0, \"avg_logprob\": -0.31906503438949585, \"compression_ratio\": 1.6390976905822754, \"no_speech_prob\": 1.3211924851930235e-05}, {\"id\": 75, \"seek\": 14362, \"start\": 164.82000732421875, \"end\": 168.63999938964844, \"text\": \" and took him from the arrivals house,\", \"tokens\": [51424, 293, 1890, 796, 490, 264, 3399, 19778, 1782, 11, 51615], \"temperature\": 0.0, \"avg_logprob\": -0.31906503438949585, \"compression_ratio\": 1.6390976905822754, \"no_speech_prob\": 1.3211924851930235e-05}, {\"id\": 76, \"seek\": 14362, \"start\": 168.63999938964844, \"end\": 172.4199981689453, \"text\": \" brought him back to her apartment complex or whatever.\", \"tokens\": [51615, 3038, 796, 646, 281, 720, 9587, 3997, 420, 2035, 13, 51804], \"temperature\": 0.0, \"avg_logprob\": -0.31906503438949585, \"compression_ratio\": 1.6390976905822754, \"no_speech_prob\": 1.3211924851930235e-05}, {\"id\": 77, \"seek\": 17242, \"start\": 172.4199981689453, \"end\": 174.25999450683594, \"text\": \" Producers are totally fine with this, obviously,\", \"tokens\": [50364, 1705, 8117, 433, 366, 3879, 2489, 365, 341, 11, 2745, 11, 50456], \"temperature\": 0.0, \"avg_logprob\": -0.2741657793521881, \"compression_ratio\": 1.700564980506897, \"no_speech_prob\": 0.00019110208086203784}, {\"id\": 78, \"seek\": 17242, \"start\": 174.25999450683594, \"end\": 175.86000061035156, \"text\": \" because it's going to create drama.\", \"tokens\": [50456, 570, 309, 311, 516, 281, 1884, 9412, 13, 50536], \"temperature\": 0.0, \"avg_logprob\": -0.2741657793521881, \"compression_ratio\": 1.700564980506897, \"no_speech_prob\": 0.00019110208086203784}, {\"id\": 79, \"seek\": 17242, \"start\": 175.86000061035156, \"end\": 176.6999969482422, \"text\": \" Correct.\", \"tokens\": [50536, 12753, 13, 50578], \"temperature\": 0.0, \"avg_logprob\": -0.2741657793521881, \"compression_ratio\": 1.700564980506897, \"no_speech_prob\": 0.00019110208086203784}, {\"id\": 80, \"seek\": 17242, \"start\": 176.6999969482422, \"end\": 177.89999389648438, \"text\": \" And they're filming the whole thing,\", \"tokens\": [50578, 400, 436, 434, 8869, 264, 1379, 551, 11, 50638], \"temperature\": 0.0, \"avg_logprob\": -0.2741657793521881, \"compression_ratio\": 1.700564980506897, \"no_speech_prob\": 0.00019110208086203784}, {\"id\": 81, \"seek\": 17242, \"start\": 177.89999389648438, \"end\": 180.05999755859375, \"text\": \" probably while she's hand in hand.\", \"tokens\": [50638, 1391, 1339, 750, 311, 1011, 294, 1011, 13, 50746], \"temperature\": 0.0, \"avg_logprob\": -0.2741657793521881, \"compression_ratio\": 1.700564980506897, \"no_speech_prob\": 0.00019110208086203784}, {\"id\": 82, \"seek\": 17242, \"start\": 180.05999755859375, \"end\": 181.89999389648438, \"text\": \" Filming the whole thing.\", \"tokens\": [50746, 7905, 2810, 264, 1379, 551, 13, 50838], \"temperature\": 0.0, \"avg_logprob\": -0.2741657793521881, \"compression_ratio\": 1.700564980506897, \"no_speech_prob\": 0.00019110208086203784}, {\"id\": 83, \"seek\": 17242, \"start\": 181.89999389648438, \"end\": 184.6199951171875, \"text\": \" And they're telling me to go next door.\", \"tokens\": [50838, 400, 436, 434, 3585, 385, 281, 352, 958, 2853, 13, 50974], \"temperature\": 0.0, \"avg_logprob\": -0.2741657793521881, \"compression_ratio\": 1.700564980506897, \"no_speech_prob\": 0.00019110208086203784}, {\"id\": 84, \"seek\": 17242, \"start\": 184.6199951171875, \"end\": 185.5399932861328, \"text\": \" Listen, me and my girlfriend are gonna start\", \"tokens\": [50974, 7501, 11, 385, 293, 452, 10369, 366, 799, 722, 51020], \"temperature\": 0.0, \"avg_logprob\": -0.2741657793521881, \"compression_ratio\": 1.700564980506897, \"no_speech_prob\": 0.00019110208086203784}, {\"id\": 85, \"seek\": 17242, \"start\": 185.5399932861328, \"end\": 186.36000061035156, \"text\": \" watching the show tonight.\", \"tokens\": [51020, 1976, 264, 855, 4440, 13, 51061], \"temperature\": 0.0, \"avg_logprob\": -0.2741657793521881, \"compression_ratio\": 1.700564980506897, \"no_speech_prob\": 0.00019110208086203784}, {\"id\": 86, \"seek\": 17242, \"start\": 186.36000061035156, \"end\": 187.89999389648438, \"text\": \" I'm so excited right now.\", \"tokens\": [51061, 286, 478, 370, 2919, 558, 586, 13, 51138], \"temperature\": 0.0, \"avg_logprob\": -0.2741657793521881, \"compression_ratio\": 1.700564980506897, \"no_speech_prob\": 0.00019110208086203784}, {\"id\": 87, \"seek\": 17242, \"start\": 187.89999389648438, \"end\": 189.22000122070312, \"text\": \" Yeah, they told me I was going to have\", \"tokens\": [51138, 865, 11, 436, 1907, 385, 286, 390, 516, 281, 362, 51204], \"temperature\": 0.0, \"avg_logprob\": -0.2741657793521881, \"compression_ratio\": 1.700564980506897, \"no_speech_prob\": 0.00019110208086203784}, {\"id\": 88, \"seek\": 17242, \"start\": 189.22000122070312, \"end\": 190.4199981689453, \"text\": \" like a girl's talk, right?\", \"tokens\": [51204, 411, 257, 2013, 311, 751, 11, 558, 30, 51264], \"temperature\": 0.0, \"avg_logprob\": -0.2741657793521881, \"compression_ratio\": 1.700564980506897, \"no_speech_prob\": 0.00019110208086203784}, {\"id\": 89, \"seek\": 17242, \"start\": 190.4199981689453, \"end\": 193.17999267578125, \"text\": \" Like after my date with like this other singer dude.\", \"tokens\": [51264, 1743, 934, 452, 4002, 365, 411, 341, 661, 11564, 6449, 13, 51402], \"temperature\": 0.0, \"avg_logprob\": -0.2741657793521881, \"compression_ratio\": 1.700564980506897, \"no_speech_prob\": 0.00019110208086203784}, {\"id\": 90, \"seek\": 17242, \"start\": 193.17999267578125, \"end\": 196.3000030517578, \"text\": \" So I go in and I just like see him on the couch\", \"tokens\": [51402, 407, 286, 352, 294, 293, 286, 445, 411, 536, 796, 322, 264, 16511, 51558], \"temperature\": 0.0, \"avg_logprob\": -0.2741657793521881, \"compression_ratio\": 1.700564980506897, \"no_speech_prob\": 0.00019110208086203784}, {\"id\": 91, \"seek\": 17242, \"start\": 196.3000030517578, \"end\": 198.74000549316406, \"text\": \" in front of her and I'm like, you gotta be shitting me.\", \"tokens\": [51558, 294, 1868, 295, 720, 293, 286, 478, 411, 11, 291, 3428, 312, 402, 2414, 385, 13, 51680], \"temperature\": 0.0, \"avg_logprob\": -0.2741657793521881, \"compression_ratio\": 1.700564980506897, \"no_speech_prob\": 0.00019110208086203784}, {\"id\": 92, \"seek\": 17242, \"start\": 198.74000549316406, \"end\": 200.94000244140625, \"text\": \" And guess what they made me do before then?\", \"tokens\": [51680, 400, 2041, 437, 436, 1027, 385, 360, 949, 550, 30, 51790], \"temperature\": 0.0, \"avg_logprob\": -0.2741657793521881, \"compression_ratio\": 1.700564980506897, \"no_speech_prob\": 0.00019110208086203784}, {\"id\": 93, \"seek\": 17242, \"start\": 200.94000244140625, \"end\": 201.86000061035156, \"text\": \" Drink.\", \"tokens\": [51790, 24529, 13, 51836], \"temperature\": 0.0, \"avg_logprob\": -0.2741657793521881, \"compression_ratio\": 1.700564980506897, \"no_speech_prob\": 0.00019110208086203784}, {\"id\": 94, \"seek\": 20186, \"start\": 202.3000030517578, \"end\": 203.13999938964844, \"text\": \" Of course.\", \"tokens\": [50386, 2720, 1164, 13, 50428], \"temperature\": 0.0, \"avg_logprob\": -0.2510237991809845, \"compression_ratio\": 1.8924050331115723, \"no_speech_prob\": 6.240911261556903e-06}, {\"id\": 95, \"seek\": 20186, \"start\": 203.13999938964844, \"end\": 203.9600067138672, \"text\": \" And I was like, oh my God.\", \"tokens\": [50428, 400, 286, 390, 411, 11, 1954, 452, 1265, 13, 50469], \"temperature\": 0.0, \"avg_logprob\": -0.2510237991809845, \"compression_ratio\": 1.8924050331115723, \"no_speech_prob\": 6.240911261556903e-06}, {\"id\": 96, \"seek\": 20186, \"start\": 203.9600067138672, \"end\": 204.8000030517578, \"text\": \" That's what I told you.\", \"tokens\": [50469, 663, 311, 437, 286, 1907, 291, 13, 50511], \"temperature\": 0.0, \"avg_logprob\": -0.2510237991809845, \"compression_ratio\": 1.8924050331115723, \"no_speech_prob\": 6.240911261556903e-06}, {\"id\": 97, \"seek\": 20186, \"start\": 204.8000030517578, \"end\": 206.13999938964844, \"text\": \" Like again, no reality show.\", \"tokens\": [50511, 1743, 797, 11, 572, 4103, 855, 13, 50578], \"temperature\": 0.0, \"avg_logprob\": -0.2510237991809845, \"compression_ratio\": 1.8924050331115723, \"no_speech_prob\": 6.240911261556903e-06}, {\"id\": 98, \"seek\": 20186, \"start\": 206.13999938964844, \"end\": 207.3000030517578, \"text\": \" Like The Bachelor, Bachelorette,\", \"tokens\": [50578, 1743, 440, 23193, 11, 363, 8188, 26262, 975, 11, 50636], \"temperature\": 0.0, \"avg_logprob\": -0.2510237991809845, \"compression_ratio\": 1.8924050331115723, \"no_speech_prob\": 6.240911261556903e-06}, {\"id\": 99, \"seek\": 20186, \"start\": 207.3000030517578, \"end\": 210.10000610351562, \"text\": \" they're interested in young and not sober.\", \"tokens\": [50636, 436, 434, 3102, 294, 2037, 293, 406, 26212, 13, 50776], \"temperature\": 0.0, \"avg_logprob\": -0.2510237991809845, \"compression_ratio\": 1.8924050331115723, \"no_speech_prob\": 6.240911261556903e-06}, {\"id\": 100, \"seek\": 20186, \"start\": 210.10000610351562, \"end\": 211.33999633789062, \"text\": \" That is what they're interested in.\", \"tokens\": [50776, 663, 307, 437, 436, 434, 3102, 294, 13, 50838], \"temperature\": 0.0, \"avg_logprob\": -0.2510237991809845, \"compression_ratio\": 1.8924050331115723, \"no_speech_prob\": 6.240911261556903e-06}, {\"id\": 101, \"seek\": 20186, \"start\": 211.33999633789062, \"end\": 214.22000122070312, \"text\": \" Six pack abs, young, naive, and not sober.\", \"tokens\": [50838, 11678, 2844, 1950, 11, 2037, 11, 29052, 11, 293, 406, 26212, 13, 50982], \"temperature\": 0.0, \"avg_logprob\": -0.2510237991809845, \"compression_ratio\": 1.8924050331115723, \"no_speech_prob\": 6.240911261556903e-06}, {\"id\": 102, \"seek\": 20186, \"start\": 214.22000122070312, \"end\": 215.05999755859375, \"text\": \" That's what they want.\", \"tokens\": [50982, 663, 311, 437, 436, 528, 13, 51024], \"temperature\": 0.0, \"avg_logprob\": -0.2510237991809845, \"compression_ratio\": 1.8924050331115723, \"no_speech_prob\": 6.240911261556903e-06}, {\"id\": 103, \"seek\": 20186, \"start\": 215.05999755859375, \"end\": 217.33999633789062, \"text\": \" And I tried to be sober the whole time.\", \"tokens\": [51024, 400, 286, 3031, 281, 312, 26212, 264, 1379, 565, 13, 51138], \"temperature\": 0.0, \"avg_logprob\": -0.2510237991809845, \"compression_ratio\": 1.8924050331115723, \"no_speech_prob\": 6.240911261556903e-06}, {\"id\": 104, \"seek\": 20186, \"start\": 217.33999633789062, \"end\": 219.94000244140625, \"text\": \" And then my producer's like, why are you not drinking?\", \"tokens\": [51138, 400, 550, 452, 12314, 311, 411, 11, 983, 366, 291, 406, 7583, 30, 51268], \"temperature\": 0.0, \"avg_logprob\": -0.2510237991809845, \"compression_ratio\": 1.8924050331115723, \"no_speech_prob\": 6.240911261556903e-06}, {\"id\": 105, \"seek\": 20186, \"start\": 219.94000244140625, \"end\": 222.17999267578125, \"text\": \" And I was like, I feel like I don't need to\", \"tokens\": [51268, 400, 286, 390, 411, 11, 286, 841, 411, 286, 500, 380, 643, 281, 51380], \"temperature\": 0.0, \"avg_logprob\": -0.2510237991809845, \"compression_ratio\": 1.8924050331115723, \"no_speech_prob\": 6.240911261556903e-06}, {\"id\": 106, \"seek\": 20186, \"start\": 222.17999267578125, \"end\": 223.3800048828125, \"text\": \" because I want to take care of my image.\", \"tokens\": [51380, 570, 286, 528, 281, 747, 1127, 295, 452, 3256, 13, 51440], \"temperature\": 0.0, \"avg_logprob\": -0.2510237991809845, \"compression_ratio\": 1.8924050331115723, \"no_speech_prob\": 6.240911261556903e-06}, {\"id\": 107, \"seek\": 20186, \"start\": 223.3800048828125, \"end\": 224.74000549316406, \"text\": \" They want you to choose violence.\", \"tokens\": [51440, 814, 528, 291, 281, 2826, 6270, 13, 51508], \"temperature\": 0.0, \"avg_logprob\": -0.2510237991809845, \"compression_ratio\": 1.8924050331115723, \"no_speech_prob\": 6.240911261556903e-06}, {\"id\": 108, \"seek\": 20186, \"start\": 224.74000549316406, \"end\": 225.5800018310547, \"text\": \" Yes.\", \"tokens\": [51508, 1079, 13, 51550], \"temperature\": 0.0, \"avg_logprob\": -0.2510237991809845, \"compression_ratio\": 1.8924050331115723, \"no_speech_prob\": 6.240911261556903e-06}, {\"id\": 109, \"seek\": 20186, \"start\": 225.5800018310547, \"end\": 228.25999450683594, \"text\": \" And then she was like, you know, trying to,\", \"tokens\": [51550, 400, 550, 750, 390, 411, 11, 291, 458, 11, 1382, 281, 11, 51684], \"temperature\": 0.0, \"avg_logprob\": -0.2510237991809845, \"compression_ratio\": 1.8924050331115723, \"no_speech_prob\": 6.240911261556903e-06}, {\"id\": 110, \"seek\": 20186, \"start\": 228.25999450683594, \"end\": 230.4199981689453, \"text\": \" my producer was trying to make me kind of like\", \"tokens\": [51684, 452, 12314, 390, 1382, 281, 652, 385, 733, 295, 411, 51792], \"temperature\": 0.0, \"avg_logprob\": -0.2510237991809845, \"compression_ratio\": 1.8924050331115723, \"no_speech_prob\": 6.240911261556903e-06}, {\"id\": 111, \"seek\": 20186, \"start\": 230.4199981689453, \"end\": 231.3800048828125, \"text\": \" angry a little bit.\", \"tokens\": [51792, 6884, 257, 707, 857, 13, 51840], \"temperature\": 0.0, \"avg_logprob\": -0.2510237991809845, \"compression_ratio\": 1.8924050331115723, \"no_speech_prob\": 6.240911261556903e-06}, {\"id\": 112, \"seek\": 23138, \"start\": 231.89999389648438, \"end\": 233.6999969482422, \"text\": \" And she's like, do you need some champagne?\", \"tokens\": [50390, 400, 750, 311, 411, 11, 360, 291, 643, 512, 33336, 30, 50480], \"temperature\": 0.0, \"avg_logprob\": -0.26523876190185547, \"compression_ratio\": 1.703703761100769, \"no_speech_prob\": 1.0953111086564604e-05}, {\"id\": 113, \"seek\": 23138, \"start\": 233.6999969482422, \"end\": 234.77999877929688, \"text\": \" And I'm like, you know what?\", \"tokens\": [50480, 400, 286, 478, 411, 11, 291, 458, 437, 30, 50534], \"temperature\": 0.0, \"avg_logprob\": -0.26523876190185547, \"compression_ratio\": 1.703703761100769, \"no_speech_prob\": 1.0953111086564604e-05}, {\"id\": 114, \"seek\": 23138, \"start\": 234.77999877929688, \"end\": 235.6199951171875, \"text\": \" Yeah.\", \"tokens\": [50534, 865, 13, 50576], \"temperature\": 0.0, \"avg_logprob\": -0.26523876190185547, \"compression_ratio\": 1.703703761100769, \"no_speech_prob\": 1.0953111086564604e-05}, {\"id\": 115, \"seek\": 23138, \"start\": 235.6199951171875, \"end\": 237.17999267578125, \"text\": \" Give me three, actually.\", \"tokens\": [50576, 5303, 385, 1045, 11, 767, 13, 50654], \"temperature\": 0.0, \"avg_logprob\": -0.26523876190185547, \"compression_ratio\": 1.703703761100769, \"no_speech_prob\": 1.0953111086564604e-05}, {\"id\": 116, \"seek\": 23138, \"start\": 239.66000366210938, \"end\": 241.3000030517578, \"text\": \" So I was like doubting it.\", \"tokens\": [50778, 407, 286, 390, 411, 10831, 783, 309, 13, 50860], \"temperature\": 0.0, \"avg_logprob\": -0.26523876190185547, \"compression_ratio\": 1.703703761100769, \"no_speech_prob\": 1.0953111086564604e-05}, {\"id\": 117, \"seek\": 23138, \"start\": 241.3000030517578, \"end\": 242.86000061035156, \"text\": \" And I was like, my face is turning red.\", \"tokens\": [50860, 400, 286, 390, 411, 11, 452, 1851, 307, 6246, 2182, 13, 50938], \"temperature\": 0.0, \"avg_logprob\": -0.26523876190185547, \"compression_ratio\": 1.703703761100769, \"no_speech_prob\": 1.0953111086564604e-05}, {\"id\": 118, \"seek\": 23138, \"start\": 242.86000061035156, \"end\": 244.89999389648438, \"text\": \" I was like, I didn't even need blush anymore.\", \"tokens\": [50938, 286, 390, 411, 11, 286, 994, 380, 754, 643, 25218, 3602, 13, 51040], \"temperature\": 0.0, \"avg_logprob\": -0.26523876190185547, \"compression_ratio\": 1.703703761100769, \"no_speech_prob\": 1.0953111086564604e-05}, {\"id\": 119, \"seek\": 23138, \"start\": 244.89999389648438, \"end\": 246.6199951171875, \"text\": \" And lo and behold.\", \"tokens\": [51040, 400, 450, 293, 27234, 13, 51126], \"temperature\": 0.0, \"avg_logprob\": -0.26523876190185547, \"compression_ratio\": 1.703703761100769, \"no_speech_prob\": 1.0953111086564604e-05}, {\"id\": 120, \"seek\": 23138, \"start\": 246.6199951171875, \"end\": 248.25999450683594, \"text\": \" Do you turn red every time you drink?\", \"tokens\": [51126, 1144, 291, 1261, 2182, 633, 565, 291, 2822, 30, 51208], \"temperature\": 0.0, \"avg_logprob\": -0.26523876190185547, \"compression_ratio\": 1.703703761100769, \"no_speech_prob\": 1.0953111086564604e-05}, {\"id\": 121, \"seek\": 23138, \"start\": 248.25999450683594, \"end\": 249.10000610351562, \"text\": \" A little bit.\", \"tokens\": [51208, 316, 707, 857, 13, 51250], \"temperature\": 0.0, \"avg_logprob\": -0.26523876190185547, \"compression_ratio\": 1.703703761100769, \"no_speech_prob\": 1.0953111086564604e-05}, {\"id\": 122, \"seek\": 23138, \"start\": 249.10000610351562, \"end\": 249.9199981689453, \"text\": \" Okay.\", \"tokens\": [51250, 1033, 13, 51291], \"temperature\": 0.0, \"avg_logprob\": -0.26523876190185547, \"compression_ratio\": 1.703703761100769, \"no_speech_prob\": 1.0953111086564604e-05}, {\"id\": 123, \"seek\": 23138, \"start\": 249.9199981689453, \"end\": 251.02000427246094, \"text\": \" You know what they call that, right?\", \"tokens\": [51291, 509, 458, 437, 436, 818, 300, 11, 558, 30, 51346], \"temperature\": 0.0, \"avg_logprob\": -0.26523876190185547, \"compression_ratio\": 1.703703761100769, \"no_speech_prob\": 1.0953111086564604e-05}, {\"id\": 124, \"seek\": 23138, \"start\": 251.02000427246094, \"end\": 252.17999267578125, \"text\": \" It's an enzyme that's missing\", \"tokens\": [51346, 467, 311, 364, 24521, 300, 311, 5361, 51404], \"temperature\": 0.0, \"avg_logprob\": -0.26523876190185547, \"compression_ratio\": 1.703703761100769, \"no_speech_prob\": 1.0953111086564604e-05}, {\"id\": 125, \"seek\": 23138, \"start\": 252.17999267578125, \"end\": 253.86000061035156, \"text\": \" in some people that are from East Asia.\", \"tokens\": [51404, 294, 512, 561, 300, 366, 490, 6747, 10038, 13, 51488], \"temperature\": 0.0, \"avg_logprob\": -0.26523876190185547, \"compression_ratio\": 1.703703761100769, \"no_speech_prob\": 1.0953111086564604e-05}, {\"id\": 126, \"seek\": 23138, \"start\": 253.86000061035156, \"end\": 254.6999969482422, \"text\": \" Yes.\", \"tokens\": [51488, 1079, 13, 51530], \"temperature\": 0.0, \"avg_logprob\": -0.26523876190185547, \"compression_ratio\": 1.703703761100769, \"no_speech_prob\": 1.0953111086564604e-05}, {\"id\": 127, \"seek\": 23138, \"start\": 254.6999969482422, \"end\": 255.77999877929688, \"text\": \" Well, I'm going to say it because I'm Asian.\", \"tokens\": [51530, 1042, 11, 286, 478, 516, 281, 584, 309, 570, 286, 478, 10645, 13, 51584], \"temperature\": 0.0, \"avg_logprob\": -0.26523876190185547, \"compression_ratio\": 1.703703761100769, \"no_speech_prob\": 1.0953111086564604e-05}, {\"id\": 128, \"seek\": 23138, \"start\": 255.77999877929688, \"end\": 257.20001220703125, \"text\": \" It's called like the Asian glow.\", \"tokens\": [51584, 467, 311, 1219, 411, 264, 10645, 17513, 13, 51655], \"temperature\": 0.0, \"avg_logprob\": -0.26523876190185547, \"compression_ratio\": 1.703703761100769, \"no_speech_prob\": 1.0953111086564604e-05}, {\"id\": 129, \"seek\": 23138, \"start\": 257.20001220703125, \"end\": 258.0400085449219, \"text\": \" Okay.\", \"tokens\": [51655, 1033, 13, 51697], \"temperature\": 0.0, \"avg_logprob\": -0.26523876190185547, \"compression_ratio\": 1.703703761100769, \"no_speech_prob\": 1.0953111086564604e-05}, {\"id\": 130, \"seek\": 23138, \"start\": 258.0400085449219, \"end\": 258.8599853515625, \"text\": \" Right, yes.\", \"tokens\": [51697, 1779, 11, 2086, 13, 51738], \"temperature\": 0.0, \"avg_logprob\": -0.26523876190185547, \"compression_ratio\": 1.703703761100769, \"no_speech_prob\": 1.0953111086564604e-05}, {\"id\": 131, \"seek\": 23138, \"start\": 258.8599853515625, \"end\": 260.1000061035156, \"text\": \" But yes, you have the scientific reasoning for it,\", \"tokens\": [51738, 583, 2086, 11, 291, 362, 264, 8134, 21577, 337, 309, 11, 51800], \"temperature\": 0.0, \"avg_logprob\": -0.26523876190185547, \"compression_ratio\": 1.703703761100769, \"no_speech_prob\": 1.0953111086564604e-05}, {\"id\": 132, \"seek\": 26010, \"start\": 260.1000061035156, \"end\": 261.5, \"text\": \" which I usually have to explain to people.\", \"tokens\": [50364, 597, 286, 2673, 362, 281, 2903, 281, 561, 13, 50434], \"temperature\": 0.0, \"avg_logprob\": -0.2704806923866272, \"compression_ratio\": 1.7335525751113892, \"no_speech_prob\": 0.0003250198205932975}, {\"id\": 133, \"seek\": 26010, \"start\": 261.5, \"end\": 262.94000244140625, \"text\": \" So thank you.\", \"tokens\": [50434, 407, 1309, 291, 13, 50506], \"temperature\": 0.0, \"avg_logprob\": -0.2704806923866272, \"compression_ratio\": 1.7335525751113892, \"no_speech_prob\": 0.0003250198205932975}, {\"id\": 134, \"seek\": 26010, \"start\": 262.94000244140625, \"end\": 264.94000244140625, \"text\": \" Sometimes when like, not really,\", \"tokens\": [50506, 4803, 562, 411, 11, 406, 534, 11, 50606], \"temperature\": 0.0, \"avg_logprob\": -0.2704806923866272, \"compression_ratio\": 1.7335525751113892, \"no_speech_prob\": 0.0003250198205932975}, {\"id\": 135, \"seek\": 26010, \"start\": 264.94000244140625, \"end\": 266.4599914550781, \"text\": \" but when I'm not like wearing makeup\", \"tokens\": [50606, 457, 562, 286, 478, 406, 411, 4769, 6567, 50682], \"temperature\": 0.0, \"avg_logprob\": -0.2704806923866272, \"compression_ratio\": 1.7335525751113892, \"no_speech_prob\": 0.0003250198205932975}, {\"id\": 136, \"seek\": 26010, \"start\": 266.4599914550781, \"end\": 267.9800109863281, \"text\": \" or I didn't eat that much,\", \"tokens\": [50682, 420, 286, 994, 380, 1862, 300, 709, 11, 50758], \"temperature\": 0.0, \"avg_logprob\": -0.2704806923866272, \"compression_ratio\": 1.7335525751113892, \"no_speech_prob\": 0.0003250198205932975}, {\"id\": 137, \"seek\": 26010, \"start\": 267.9800109863281, \"end\": 269.5, \"text\": \" like my face would get a little pink,\", \"tokens\": [50758, 411, 452, 1851, 576, 483, 257, 707, 7022, 11, 50834], \"temperature\": 0.0, \"avg_logprob\": -0.2704806923866272, \"compression_ratio\": 1.7335525751113892, \"no_speech_prob\": 0.0003250198205932975}, {\"id\": 138, \"seek\": 26010, \"start\": 269.5, \"end\": 271.1000061035156, \"text\": \" but like only around the cheeks.\", \"tokens\": [50834, 457, 411, 787, 926, 264, 24135, 13, 50914], \"temperature\": 0.0, \"avg_logprob\": -0.2704806923866272, \"compression_ratio\": 1.7335525751113892, \"no_speech_prob\": 0.0003250198205932975}, {\"id\": 139, \"seek\": 26010, \"start\": 271.1000061035156, \"end\": 271.94000244140625, \"text\": \" Yeah.\", \"tokens\": [50914, 865, 13, 50956], \"temperature\": 0.0, \"avg_logprob\": -0.2704806923866272, \"compression_ratio\": 1.7335525751113892, \"no_speech_prob\": 0.0003250198205932975}, {\"id\": 140, \"seek\": 26010, \"start\": 271.94000244140625, \"end\": 273.8999938964844, \"text\": \" And then when it goes away, that's when you know I'm drunk.\", \"tokens\": [50956, 400, 550, 562, 309, 1709, 1314, 11, 300, 311, 562, 291, 458, 286, 478, 11192, 13, 51054], \"temperature\": 0.0, \"avg_logprob\": -0.2704806923866272, \"compression_ratio\": 1.7335525751113892, \"no_speech_prob\": 0.0003250198205932975}, {\"id\": 141, \"seek\": 26010, \"start\": 273.8999938964844, \"end\": 277.3800048828125, \"text\": \" So it was definitely a way when I was, you know,\", \"tokens\": [51054, 407, 309, 390, 2138, 257, 636, 562, 286, 390, 11, 291, 458, 11, 51228], \"temperature\": 0.0, \"avg_logprob\": -0.2704806923866272, \"compression_ratio\": 1.7335525751113892, \"no_speech_prob\": 0.0003250198205932975}, {\"id\": 142, \"seek\": 26010, \"start\": 277.3800048828125, \"end\": 279.3399963378906, \"text\": \" on the couch, I decided to literally sit\", \"tokens\": [51228, 322, 264, 16511, 11, 286, 3047, 281, 3736, 1394, 51326], \"temperature\": 0.0, \"avg_logprob\": -0.2704806923866272, \"compression_ratio\": 1.7335525751113892, \"no_speech_prob\": 0.0003250198205932975}, {\"id\": 143, \"seek\": 26010, \"start\": 279.3399963378906, \"end\": 281.17999267578125, \"text\": \" in the middle of them.\", \"tokens\": [51326, 294, 264, 2808, 295, 552, 13, 51418], \"temperature\": 0.0, \"avg_logprob\": -0.2704806923866272, \"compression_ratio\": 1.7335525751113892, \"no_speech_prob\": 0.0003250198205932975}, {\"id\": 144, \"seek\": 26010, \"start\": 281.17999267578125, \"end\": 282.9800109863281, \"text\": \" Cause I was so pissed.\", \"tokens\": [51418, 10865, 286, 390, 370, 23795, 13, 51508], \"temperature\": 0.0, \"avg_logprob\": -0.2704806923866272, \"compression_ratio\": 1.7335525751113892, \"no_speech_prob\": 0.0003250198205932975}, {\"id\": 145, \"seek\": 26010, \"start\": 282.9800109863281, \"end\": 283.82000732421875, \"text\": \" Oh God.\", \"tokens\": [51508, 876, 1265, 13, 51550], \"temperature\": 0.0, \"avg_logprob\": -0.2704806923866272, \"compression_ratio\": 1.7335525751113892, \"no_speech_prob\": 0.0003250198205932975}, {\"id\": 146, \"seek\": 26010, \"start\": 284.94000244140625, \"end\": 285.8999938964844, \"text\": \" She's like, come sit.\", \"tokens\": [51606, 1240, 311, 411, 11, 808, 1394, 13, 51654], \"temperature\": 0.0, \"avg_logprob\": -0.2704806923866272, \"compression_ratio\": 1.7335525751113892, \"no_speech_prob\": 0.0003250198205932975}, {\"id\": 147, \"seek\": 26010, \"start\": 285.8999938964844, \"end\": 287.739990234375, \"text\": \" I'm like, I absolutely fucking will.\", \"tokens\": [51654, 286, 478, 411, 11, 286, 3122, 5546, 486, 13, 51746], \"temperature\": 0.0, \"avg_logprob\": -0.2704806923866272, \"compression_ratio\": 1.7335525751113892, \"no_speech_prob\": 0.0003250198205932975}, {\"id\": 148, \"seek\": 26010, \"start\": 287.739990234375, \"end\": 289.5799865722656, \"text\": \" And then I like sat in the middle\", \"tokens\": [51746, 400, 550, 286, 411, 3227, 294, 264, 2808, 51838], \"temperature\": 0.0, \"avg_logprob\": -0.2704806923866272, \"compression_ratio\": 1.7335525751113892, \"no_speech_prob\": 0.0003250198205932975}, {\"id\": 149, \"seek\": 28958, \"start\": 290.05999755859375, \"end\": 291.260009765625, \"text\": \" and I just like, I'm, you know,\", \"tokens\": [50388, 293, 286, 445, 411, 11, 286, 478, 11, 291, 458, 11, 50448], \"temperature\": 0.0, \"avg_logprob\": -0.2614891827106476, \"compression_ratio\": 1.7835052013397217, \"no_speech_prob\": 0.0001313494285568595}, {\"id\": 150, \"seek\": 28958, \"start\": 291.260009765625, \"end\": 292.1000061035156, \"text\": \" trying to make small talk.\", \"tokens\": [50448, 1382, 281, 652, 1359, 751, 13, 50490], \"temperature\": 0.0, \"avg_logprob\": -0.2614891827106476, \"compression_ratio\": 1.7835052013397217, \"no_speech_prob\": 0.0001313494285568595}, {\"id\": 151, \"seek\": 28958, \"start\": 292.1000061035156, \"end\": 293.0199890136719, \"text\": \" Like, Hey, how are you doing?\", \"tokens\": [50490, 1743, 11, 1911, 11, 577, 366, 291, 884, 30, 50536], \"temperature\": 0.0, \"avg_logprob\": -0.2614891827106476, \"compression_ratio\": 1.7835052013397217, \"no_speech_prob\": 0.0001313494285568595}, {\"id\": 152, \"seek\": 28958, \"start\": 293.0199890136719, \"end\": 294.1400146484375, \"text\": \" How are you Dylan?\", \"tokens\": [50536, 1012, 366, 291, 28160, 30, 50592], \"temperature\": 0.0, \"avg_logprob\": -0.2614891827106476, \"compression_ratio\": 1.7835052013397217, \"no_speech_prob\": 0.0001313494285568595}, {\"id\": 153, \"seek\": 28958, \"start\": 294.1400146484375, \"end\": 295.1000061035156, \"text\": \" How are you Alyssa?\", \"tokens\": [50592, 1012, 366, 291, 27008, 39516, 30, 50640], \"temperature\": 0.0, \"avg_logprob\": -0.2614891827106476, \"compression_ratio\": 1.7835052013397217, \"no_speech_prob\": 0.0001313494285568595}, {\"id\": 154, \"seek\": 28958, \"start\": 295.1000061035156, \"end\": 296.0199890136719, \"text\": \" How you doing?\", \"tokens\": [50640, 1012, 291, 884, 30, 50686], \"temperature\": 0.0, \"avg_logprob\": -0.2614891827106476, \"compression_ratio\": 1.7835052013397217, \"no_speech_prob\": 0.0001313494285568595}, {\"id\": 155, \"seek\": 28958, \"start\": 296.0199890136719, \"end\": 297.4599914550781, \"text\": \" And then I just couldn't hold it anymore.\", \"tokens\": [50686, 400, 550, 286, 445, 2809, 380, 1797, 309, 3602, 13, 50758], \"temperature\": 0.0, \"avg_logprob\": -0.2614891827106476, \"compression_ratio\": 1.7835052013397217, \"no_speech_prob\": 0.0001313494285568595}, {\"id\": 156, \"seek\": 28958, \"start\": 297.4599914550781, \"end\": 300.260009765625, \"text\": \" I was like, listen, what the fuck is Dylan doing here?\", \"tokens\": [50758, 286, 390, 411, 11, 2140, 11, 437, 264, 3275, 307, 28160, 884, 510, 30, 50898], \"temperature\": 0.0, \"avg_logprob\": -0.2614891827106476, \"compression_ratio\": 1.7835052013397217, \"no_speech_prob\": 0.0001313494285568595}, {\"id\": 157, \"seek\": 28958, \"start\": 300.260009765625, \"end\": 301.1000061035156, \"text\": \" Okay.\", \"tokens\": [50898, 1033, 13, 50940], \"temperature\": 0.0, \"avg_logprob\": -0.2614891827106476, \"compression_ratio\": 1.7835052013397217, \"no_speech_prob\": 0.0001313494285568595}, {\"id\": 158, \"seek\": 28958, \"start\": 301.1000061035156, \"end\": 301.94000244140625, \"text\": \" Petty white.\", \"tokens\": [50940, 10472, 874, 2418, 13, 50982], \"temperature\": 0.0, \"avg_logprob\": -0.2614891827106476, \"compression_ratio\": 1.7835052013397217, \"no_speech_prob\": 0.0001313494285568595}, {\"id\": 159, \"seek\": 28958, \"start\": 301.94000244140625, \"end\": 304.8999938964844, \"text\": \" I was so, I was so livid.\", \"tokens\": [50982, 286, 390, 370, 11, 286, 390, 370, 375, 6833, 13, 51130], \"temperature\": 0.0, \"avg_logprob\": -0.2614891827106476, \"compression_ratio\": 1.7835052013397217, \"no_speech_prob\": 0.0001313494285568595}, {\"id\": 160, \"seek\": 28958, \"start\": 304.8999938964844, \"end\": 307.82000732421875, \"text\": \" And yeah, I just like lost my shit.\", \"tokens\": [51130, 400, 1338, 11, 286, 445, 411, 2731, 452, 4611, 13, 51276], \"temperature\": 0.0, \"avg_logprob\": -0.2614891827106476, \"compression_ratio\": 1.7835052013397217, \"no_speech_prob\": 0.0001313494285568595}, {\"id\": 161, \"seek\": 28958, \"start\": 307.82000732421875, \"end\": 310.3399963378906, \"text\": \" And I, I started like crying and I was like,\", \"tokens\": [51276, 400, 286, 11, 286, 1409, 411, 8554, 293, 286, 390, 411, 11, 51402], \"temperature\": 0.0, \"avg_logprob\": -0.2614891827106476, \"compression_ratio\": 1.7835052013397217, \"no_speech_prob\": 0.0001313494285568595}, {\"id\": 162, \"seek\": 28958, \"start\": 310.3399963378906, \"end\": 311.5799865722656, \"text\": \" why am I crying?\", \"tokens\": [51402, 983, 669, 286, 8554, 30, 51464], \"temperature\": 0.0, \"avg_logprob\": -0.2614891827106476, \"compression_ratio\": 1.7835052013397217, \"no_speech_prob\": 0.0001313494285568595}, {\"id\": 163, \"seek\": 28958, \"start\": 311.5799865722656, \"end\": 313.1400146484375, \"text\": \" It's because of the drinking.\", \"tokens\": [51464, 467, 311, 570, 295, 264, 7583, 13, 51542], \"temperature\": 0.0, \"avg_logprob\": -0.2614891827106476, \"compression_ratio\": 1.7835052013397217, \"no_speech_prob\": 0.0001313494285568595}, {\"id\": 164, \"seek\": 28958, \"start\": 313.1400146484375, \"end\": 313.9599914550781, \"text\": \" Of course.\", \"tokens\": [51542, 2720, 1164, 13, 51583], \"temperature\": 0.0, \"avg_logprob\": -0.2614891827106476, \"compression_ratio\": 1.7835052013397217, \"no_speech_prob\": 0.0001313494285568595}, {\"id\": 165, \"seek\": 28958, \"start\": 313.9599914550781, \"end\": 314.79998779296875, \"text\": \" Yeah.\", \"tokens\": [51583, 865, 13, 51625], \"temperature\": 0.0, \"avg_logprob\": -0.2614891827106476, \"compression_ratio\": 1.7835052013397217, \"no_speech_prob\": 0.0001313494285568595}, {\"id\": 166, \"seek\": 28958, \"start\": 314.79998779296875, \"end\": 315.94000244140625, \"text\": \" So I cried a little bit, but it was like all for a good cause\", \"tokens\": [51625, 407, 286, 16266, 257, 707, 857, 11, 457, 309, 390, 411, 439, 337, 257, 665, 3082, 51682], \"temperature\": 0.0, \"avg_logprob\": -0.2614891827106476, \"compression_ratio\": 1.7835052013397217, \"no_speech_prob\": 0.0001313494285568595}, {\"id\": 167, \"seek\": 28958, \"start\": 315.94000244140625, \"end\": 318.17999267578125, \"text\": \" like it was my drama scene,\", \"tokens\": [51682, 411, 309, 390, 452, 9412, 4145, 11, 51794], \"temperature\": 0.0, \"avg_logprob\": -0.2614891827106476, \"compression_ratio\": 1.7835052013397217, \"no_speech_prob\": 0.0001313494285568595}, {\"id\": 168, \"seek\": 31818, \"start\": 318.17999267578125, \"end\": 319.4599914550781, \"text\": \" but I was like fighting for my man.\", \"tokens\": [50364, 457, 286, 390, 411, 5237, 337, 452, 587, 13, 50428], \"temperature\": 0.0, \"avg_logprob\": -0.25250768661499023, \"compression_ratio\": 1.7475727796554565, \"no_speech_prob\": 5.954894277238054e-06}, {\"id\": 169, \"seek\": 31818, \"start\": 319.4599914550781, \"end\": 320.29998779296875, \"text\": \" So it was totally fine.\", \"tokens\": [50428, 407, 309, 390, 3879, 2489, 13, 50470], \"temperature\": 0.0, \"avg_logprob\": -0.25250768661499023, \"compression_ratio\": 1.7475727796554565, \"no_speech_prob\": 5.954894277238054e-06}, {\"id\": 170, \"seek\": 31818, \"start\": 320.29998779296875, \"end\": 321.8999938964844, \"text\": \" Did anybody else cross the streams like that?\", \"tokens\": [50470, 2589, 4472, 1646, 3278, 264, 15842, 411, 300, 30, 50550], \"temperature\": 0.0, \"avg_logprob\": -0.25250768661499023, \"compression_ratio\": 1.7475727796554565, \"no_speech_prob\": 5.954894277238054e-06}, {\"id\": 171, \"seek\": 31818, \"start\": 321.8999938964844, \"end\": 323.5799865722656, \"text\": \" Were any of the other six leads reaching\", \"tokens\": [50550, 12448, 604, 295, 264, 661, 2309, 6689, 9906, 50634], \"temperature\": 0.0, \"avg_logprob\": -0.25250768661499023, \"compression_ratio\": 1.7475727796554565, \"no_speech_prob\": 5.954894277238054e-06}, {\"id\": 172, \"seek\": 31818, \"start\": 323.5799865722656, \"end\": 325.17999267578125, \"text\": \" into anybody else's pool?\", \"tokens\": [50634, 666, 4472, 1646, 311, 7005, 30, 50714], \"temperature\": 0.0, \"avg_logprob\": -0.25250768661499023, \"compression_ratio\": 1.7475727796554565, \"no_speech_prob\": 5.954894277238054e-06}, {\"id\": 173, \"seek\": 31818, \"start\": 325.17999267578125, \"end\": 328.3800048828125, \"text\": \" No, I think that's the only one that happened.\", \"tokens\": [50714, 883, 11, 286, 519, 300, 311, 264, 787, 472, 300, 2011, 13, 50874], \"temperature\": 0.0, \"avg_logprob\": -0.25250768661499023, \"compression_ratio\": 1.7475727796554565, \"no_speech_prob\": 5.954894277238054e-06}, {\"id\": 174, \"seek\": 31818, \"start\": 328.3800048828125, \"end\": 330.94000244140625, \"text\": \" So yeah, but the producers were actually utterly surprised\", \"tokens\": [50874, 407, 1338, 11, 457, 264, 16080, 645, 767, 30251, 6100, 51002], \"temperature\": 0.0, \"avg_logprob\": -0.25250768661499023, \"compression_ratio\": 1.7475727796554565, \"no_speech_prob\": 5.954894277238054e-06}, {\"id\": 175, \"seek\": 31818, \"start\": 330.94000244140625, \"end\": 332.9800109863281, \"text\": \" because they thought I was what they said.\", \"tokens\": [51002, 570, 436, 1194, 286, 390, 437, 436, 848, 13, 51104], \"temperature\": 0.0, \"avg_logprob\": -0.25250768661499023, \"compression_ratio\": 1.7475727796554565, \"no_speech_prob\": 5.954894277238054e-06}, {\"id\": 176, \"seek\": 31818, \"start\": 332.9800109863281, \"end\": 335.5400085449219, \"text\": \" They thought I was like this calm girl.\", \"tokens\": [51104, 814, 1194, 286, 390, 411, 341, 7151, 2013, 13, 51232], \"temperature\": 0.0, \"avg_logprob\": -0.25250768661499023, \"compression_ratio\": 1.7475727796554565, \"no_speech_prob\": 5.954894277238054e-06}, {\"id\": 177, \"seek\": 31818, \"start\": 335.5400085449219, \"end\": 337.7799987792969, \"text\": \" And then I just like blew a fuse and they were like,\", \"tokens\": [51232, 400, 550, 286, 445, 411, 19075, 257, 31328, 293, 436, 645, 411, 11, 51344], \"temperature\": 0.0, \"avg_logprob\": -0.25250768661499023, \"compression_ratio\": 1.7475727796554565, \"no_speech_prob\": 5.954894277238054e-06}, {\"id\": 178, \"seek\": 31818, \"start\": 337.7799987792969, \"end\": 341.5, \"text\": \" Oh man, you're so strong and like feisty.\", \"tokens\": [51344, 876, 587, 11, 291, 434, 370, 2068, 293, 411, 579, 38618, 13, 51530], \"temperature\": 0.0, \"avg_logprob\": -0.25250768661499023, \"compression_ratio\": 1.7475727796554565, \"no_speech_prob\": 5.954894277238054e-06}, {\"id\": 179, \"seek\": 31818, \"start\": 341.5, \"end\": 344.1000061035156, \"text\": \" So we're just going to show you as like that strong character\", \"tokens\": [51530, 407, 321, 434, 445, 516, 281, 855, 291, 382, 411, 300, 2068, 2517, 51660], \"temperature\": 0.0, \"avg_logprob\": -0.25250768661499023, \"compression_ratio\": 1.7475727796554565, \"no_speech_prob\": 5.954894277238054e-06}, {\"id\": 180, \"seek\": 31818, \"start\": 344.1000061035156, \"end\": 345.17999267578125, \"text\": \" that redeems herself.\", \"tokens\": [51660, 300, 14328, 9097, 7530, 13, 51714], \"temperature\": 0.0, \"avg_logprob\": -0.25250768661499023, \"compression_ratio\": 1.7475727796554565, \"no_speech_prob\": 5.954894277238054e-06}]}"}