{"title": "When Women Invest In A Man's Potential", "video_id": "SDG-YnHRJnU", "video_url": "https://www.youtube.com/watch?v=SDG-YnHRJnU", "description": "\u2014\u2014\u2014\u2014\u2014\u2014\u2014\u2014\u2014\u2014\u2014\u2014\u2014\u2014\u2014\u2014\u2014\u2014\u2014\u2014\nReady to build a network of amazing women and high-status men?\n\nMichael\u2019s Men of Action is a one-on-one Master\u2019s program that teaches men how to create elite \nsocial lives by becoming higher status.\n\nClick this link to learn how you can have a High-Status lifestyle now:\nhttps://m.moamentoring.com/podcast\n\nClick here to join the Men of Action community and watch the High-Status Networking 101 course:\nhttps://m.moamentoring.com/moa-community\n\nInterested in joining the Men of Action sales team? Apply here:\nhttps://www.moamentoring.com/jobs/sales\n\nMen of Action has an affiliate program! Post pre-made content and get paid passively:\nhttps://www.moamentoring.com/affiliate\n\u2014\u2014\u2014\u2014\u2014\u2014\u2014\u2014\u2014\u2014\u2014\u2014\u2014\u2014\u2014\u2014\u2014\u2014\u2014\u2014\n\nSubscribe on Youtube: \nhttps://www.youtube.com/user/MichaelSartain\n\nListen on Apple Podcast: \nhttps://podcasts.apple.com/us/podcast/the-michael-sartain-podcast/id1579791157\n\nListen on Spotify: \nhttps://open.spotify.com/show/2faAYwvDD9Bvkpwv6umlPO?si=8Q3ak9HnSlKjuChsTXr6YQ&dl_branch=1\n\n#michael #michaelsartain #michael_sartain #michael_sartain_podcast", "published_at": "2023-10-08T14:15:01Z", "channel_id": "UC0T1bDzajVefRWx4uKdGyuw", "channel_title": "Michael Sartain", "tags": ["Michael", "Michael Sartain", "Michael Sartain Podcast", "Michael Podcast", "MOA", "Men Of Action", "Michael Sartain Course", "Michael Sartain With Hot Women", "Playboy", "Swimsuit", "Swimsuit Competition", "ichael sartain social circle", "social circle", "how to netowrk", "moa", "moa podcast", "gender wage gap", "gender wage gap myth", "wage gap", "social value", "michael sartain course", "looks money status", "social circle mentorship", "michael sartain social circle game", "men of action podcast", "men of action course"], "category_id": "24", "live_broadcast_content": "none", "duration": 60.0, "dimension": "2d", "definition": "hd", "caption": "false", "view_count": 5532, "like_count": 160, "comment_count": 8, "channel_info": {"title": "Michael Sartain", "description": "\ud83c\udf99Host of The\u00a0Michael Sartain Podcast \n\n\ud83d\udd25Teaching you how to build a network of desirable women and high-status men\n\n\ud83d\udc47 Click the \"Men of Action\" link below now to forge a high-status lifestyle and join the elites \n", "subscriber_count": "80500", "total_views": "29545897", "total_videos": "1481"}, "comments": [], "file_path": "/Users/aelaguiz/workspace/fc_book/audio/raws/SDG-YnHRJnU.mp3", "transcription": "{\"text\": \"because not every guy is a winner right when you meet him, women have to determine whether or not that guy's going to be a winner, and she'll be in the car with him when he goes past the finish line. And so what happens then is women have to invest in a man's potential. And usually that doesn't play out very well, because for women's judge of character, especially when they're 18 to 28 years old, is much lower. So the idea is this, is that women tend to trade their sexual agency, their sexual marketability, for a guy who looks like a good bet, like you're betting on a horse and you're hoping your horse is going to win. And then when he gets to a certain point, when you ditch the guy, like none of you are with the losers anymore, I would presume, once you ditch the guy, it's like investment loss. It's like it's opportunity cost is really what the term is. And so therefore, it's not so much, I mean, about the struggle at this point, it's like making that bet on a man's potential. \", \"segments\": [{\"id\": 0, \"seek\": 0, \"start\": 0.0, \"end\": 4.440000057220459, \"text\": \" because not every guy is a winner right when you meet him,\", \"tokens\": [50364, 570, 406, 633, 2146, 307, 257, 8507, 558, 562, 291, 1677, 796, 11, 50586], \"temperature\": 0.0, \"avg_logprob\": -0.23387068510055542, \"compression_ratio\": 1.6568266153335571, \"no_speech_prob\": 0.004754136316478252}, {\"id\": 1, \"seek\": 0, \"start\": 4.440000057220459, \"end\": 6.519999980926514, \"text\": \" women have to determine whether or not\", \"tokens\": [50586, 2266, 362, 281, 6997, 1968, 420, 406, 50690], \"temperature\": 0.0, \"avg_logprob\": -0.23387068510055542, \"compression_ratio\": 1.6568266153335571, \"no_speech_prob\": 0.004754136316478252}, {\"id\": 2, \"seek\": 0, \"start\": 6.519999980926514, \"end\": 9.239999771118164, \"text\": \" that guy's going to be a winner, and she'll\", \"tokens\": [50690, 300, 2146, 311, 516, 281, 312, 257, 8507, 11, 293, 750, 603, 50826], \"temperature\": 0.0, \"avg_logprob\": -0.23387068510055542, \"compression_ratio\": 1.6568266153335571, \"no_speech_prob\": 0.004754136316478252}, {\"id\": 3, \"seek\": 0, \"start\": 9.239999771118164, \"end\": 11.920000076293945, \"text\": \" be in the car with him when he goes past the finish line.\", \"tokens\": [50826, 312, 294, 264, 1032, 365, 796, 562, 415, 1709, 1791, 264, 2413, 1622, 13, 50960], \"temperature\": 0.0, \"avg_logprob\": -0.23387068510055542, \"compression_ratio\": 1.6568266153335571, \"no_speech_prob\": 0.004754136316478252}, {\"id\": 4, \"seek\": 0, \"start\": 11.920000076293945, \"end\": 14.079999923706055, \"text\": \" And so what happens then is women\", \"tokens\": [50960, 400, 370, 437, 2314, 550, 307, 2266, 51068], \"temperature\": 0.0, \"avg_logprob\": -0.23387068510055542, \"compression_ratio\": 1.6568266153335571, \"no_speech_prob\": 0.004754136316478252}, {\"id\": 5, \"seek\": 0, \"start\": 14.079999923706055, \"end\": 16.719999313354492, \"text\": \" have to invest in a man's potential.\", \"tokens\": [51068, 362, 281, 1963, 294, 257, 587, 311, 3995, 13, 51200], \"temperature\": 0.0, \"avg_logprob\": -0.23387068510055542, \"compression_ratio\": 1.6568266153335571, \"no_speech_prob\": 0.004754136316478252}, {\"id\": 6, \"seek\": 0, \"start\": 16.719999313354492, \"end\": 18.559999465942383, \"text\": \" And usually that doesn't play out very well,\", \"tokens\": [51200, 400, 2673, 300, 1177, 380, 862, 484, 588, 731, 11, 51292], \"temperature\": 0.0, \"avg_logprob\": -0.23387068510055542, \"compression_ratio\": 1.6568266153335571, \"no_speech_prob\": 0.004754136316478252}, {\"id\": 7, \"seek\": 0, \"start\": 18.559999465942383, \"end\": 21.15999984741211, \"text\": \" because for women's judge of character,\", \"tokens\": [51292, 570, 337, 2266, 311, 3649, 67, 432, 295, 2517, 11, 51422], \"temperature\": 0.0, \"avg_logprob\": -0.23387068510055542, \"compression_ratio\": 1.6568266153335571, \"no_speech_prob\": 0.004754136316478252}, {\"id\": 8, \"seek\": 0, \"start\": 21.15999984741211, \"end\": 24.31999969482422, \"text\": \" especially when they're 18 to 28 years old, is much lower.\", \"tokens\": [51422, 2318, 562, 436, 434, 2443, 281, 7562, 924, 1331, 11, 307, 709, 3126, 13, 51580], \"temperature\": 0.0, \"avg_logprob\": -0.23387068510055542, \"compression_ratio\": 1.6568266153335571, \"no_speech_prob\": 0.004754136316478252}, {\"id\": 9, \"seek\": 0, \"start\": 24.31999969482422, \"end\": 28.15999984741211, \"text\": \" So the idea is this, is that women\", \"tokens\": [51580, 407, 264, 1558, 307, 341, 11, 307, 300, 2266, 51772], \"temperature\": 0.0, \"avg_logprob\": -0.23387068510055542, \"compression_ratio\": 1.6568266153335571, \"no_speech_prob\": 0.004754136316478252}, {\"id\": 10, \"seek\": 2816, \"start\": 28.15999984741211, \"end\": 30.84000015258789, \"text\": \" tend to trade their sexual agency,\", \"tokens\": [50364, 3928, 281, 4923, 641, 6701, 7934, 11, 50498], \"temperature\": 0.0, \"avg_logprob\": -0.23178689181804657, \"compression_ratio\": 1.8095238208770752, \"no_speech_prob\": 0.01566166616976261}, {\"id\": 11, \"seek\": 2816, \"start\": 30.84000015258789, \"end\": 33.36000061035156, \"text\": \" their sexual marketability, for a guy who\", \"tokens\": [50498, 641, 6701, 2142, 2310, 11, 337, 257, 2146, 567, 50624], \"temperature\": 0.0, \"avg_logprob\": -0.23178689181804657, \"compression_ratio\": 1.8095238208770752, \"no_speech_prob\": 0.01566166616976261}, {\"id\": 12, \"seek\": 2816, \"start\": 33.36000061035156, \"end\": 35.560001373291016, \"text\": \" looks like a good bet, like you're betting on a horse\", \"tokens\": [50624, 1542, 411, 257, 665, 778, 11, 411, 291, 434, 34246, 322, 257, 6832, 50734], \"temperature\": 0.0, \"avg_logprob\": -0.23178689181804657, \"compression_ratio\": 1.8095238208770752, \"no_speech_prob\": 0.01566166616976261}, {\"id\": 13, \"seek\": 2816, \"start\": 35.560001373291016, \"end\": 37.52000045776367, \"text\": \" and you're hoping your horse is going to win.\", \"tokens\": [50734, 293, 291, 434, 7159, 428, 6832, 307, 516, 281, 1942, 13, 50832], \"temperature\": 0.0, \"avg_logprob\": -0.23178689181804657, \"compression_ratio\": 1.8095238208770752, \"no_speech_prob\": 0.01566166616976261}, {\"id\": 14, \"seek\": 2816, \"start\": 37.52000045776367, \"end\": 40.119998931884766, \"text\": \" And then when he gets to a certain point,\", \"tokens\": [50832, 400, 550, 562, 415, 2170, 281, 257, 1629, 935, 11, 50962], \"temperature\": 0.0, \"avg_logprob\": -0.23178689181804657, \"compression_ratio\": 1.8095238208770752, \"no_speech_prob\": 0.01566166616976261}, {\"id\": 15, \"seek\": 2816, \"start\": 40.119998931884766, \"end\": 42.400001525878906, \"text\": \" when you ditch the guy, like none of you\", \"tokens\": [50962, 562, 291, 25325, 264, 2146, 11, 411, 6022, 295, 291, 51076], \"temperature\": 0.0, \"avg_logprob\": -0.23178689181804657, \"compression_ratio\": 1.8095238208770752, \"no_speech_prob\": 0.01566166616976261}, {\"id\": 16, \"seek\": 2816, \"start\": 42.400001525878906, \"end\": 45.52000045776367, \"text\": \" are with the losers anymore, I would presume,\", \"tokens\": [51076, 366, 365, 264, 37713, 3602, 11, 286, 576, 43283, 11, 51232], \"temperature\": 0.0, \"avg_logprob\": -0.23178689181804657, \"compression_ratio\": 1.8095238208770752, \"no_speech_prob\": 0.01566166616976261}, {\"id\": 17, \"seek\": 2816, \"start\": 45.52000045776367, \"end\": 49.68000030517578, \"text\": \" once you ditch the guy, it's like investment loss.\", \"tokens\": [51232, 1564, 291, 25325, 264, 2146, 11, 309, 311, 411, 6078, 4470, 13, 51440], \"temperature\": 0.0, \"avg_logprob\": -0.23178689181804657, \"compression_ratio\": 1.8095238208770752, \"no_speech_prob\": 0.01566166616976261}, {\"id\": 18, \"seek\": 2816, \"start\": 49.68000030517578, \"end\": 52.84000015258789, \"text\": \" It's like it's opportunity cost is really what the term is.\", \"tokens\": [51440, 467, 311, 411, 309, 311, 2650, 2063, 307, 534, 437, 264, 1433, 307, 13, 51598], \"temperature\": 0.0, \"avg_logprob\": -0.23178689181804657, \"compression_ratio\": 1.8095238208770752, \"no_speech_prob\": 0.01566166616976261}, {\"id\": 19, \"seek\": 2816, \"start\": 52.84000015258789, \"end\": 54.79999923706055, \"text\": \" And so therefore, it's not so much,\", \"tokens\": [51598, 400, 370, 4412, 11, 309, 311, 406, 370, 709, 11, 51696], \"temperature\": 0.0, \"avg_logprob\": -0.23178689181804657, \"compression_ratio\": 1.8095238208770752, \"no_speech_prob\": 0.01566166616976261}, {\"id\": 20, \"seek\": 2816, \"start\": 54.79999923706055, \"end\": 56.5, \"text\": \" I mean, about the struggle at this point,\", \"tokens\": [51696, 286, 914, 11, 466, 264, 7799, 412, 341, 935, 11, 51781], \"temperature\": 0.0, \"avg_logprob\": -0.23178689181804657, \"compression_ratio\": 1.8095238208770752, \"no_speech_prob\": 0.01566166616976261}, {\"id\": 21, \"seek\": 5650, \"start\": 56.5, \"end\": 60.060001373291016, \"text\": \" it's like making that bet on a man's potential.\", \"tokens\": [50364, 309, 311, 411, 1455, 300, 778, 322, 257, 587, 311, 3995, 13, 50542], \"temperature\": 0.0, \"avg_logprob\": -0.4249512255191803, \"compression_ratio\": 0.9038461446762085, \"no_speech_prob\": 0.9753457307815552}]}"}