{"title": "Is monogamy natural for humans\ud83e\udd14", "video_id": "sjG502PRrnY", "video_url": "https://www.youtube.com/watch?v=sjG502PRrnY", "description": "Watch The Full Thing Here : \n\u2014\u2014\u2014\u2014\u2014\u2014\u2014\u2014\u2014\u2014\u2014\u2014\u2014\u2014\u2014\u2014\u2014\u2014\u2014\u2014\nReady to build a network of amazing women and high-status men?\n\nMichael\u2019s Men of Action is a one-on-one Master\u2019s program that teaches men how to create elite \nsocial lives by becoming higher status.\n\nClick this link to learn how you can have a High-Status lifestyle now:\nhttps://m.moamentoring.com/podcast\n\nClick here to join the Men of Action community and watch the High-Status Networking 101 course:\nhttps://m.moamentoring.com/moa-community\n\nInterested in joining the Men of Action sales team? Apply here:\nhttps://www.moamentoring.com/jobs/sales\n\nMen of Action has an affiliate program! Post pre-made content and get paid passively:\nhttps://www.moamentoring.com/affiliate\n\u2014\u2014\u2014\u2014\u2014\u2014\u2014\u2014\u2014\u2014\u2014\u2014\u2014\u2014\u2014\u2014\u2014\u2014\u2014\u2014\n\nSubscribe on Youtube: \nhttps://www.youtube.com/user/MichaelSartain\n\nListen on Apple Podcast: \nhttps://podcasts.apple.com/us/podcast/the-michael-sartain-podcast/id1579791157\n\nListen on Spotify: \nhttps://open.spotify.com/show/2faAYwvDD9Bvkpwv6umlPO?si=8Q3ak9HnSlKjuChsTXr6YQ&dl_branch=1\n\n#michael #michaelsartain #michael_sartain #michael_sartain_podcast", "published_at": "2023-12-26T22:00:31Z", "channel_id": "UC0T1bDzajVefRWx4uKdGyuw", "channel_title": "Michael Sartain", "tags": ["Michael", "Michael Sartain", "Michael Sartain Podcast", "Michael Podcast", "MOA", "Men Of Action", "Michael Sartain Course", "Michael Sartain With Hot Women", "Playboy", "Swimsuit", "Swimsuit Competition", "ichael sartain social circle", "social circle", "how to netowrk", "moa", "moa podcast", "gender wage gap", "gender wage gap myth", "wage gap", "social value", "michael sartain course", "looks money status", "social circle mentorship", "michael sartain social circle game", "men of action podcast", "men of action course"], "category_id": "24", "live_broadcast_content": "none", "duration": 37.0, "dimension": "2d", "definition": "hd", "caption": "false", "view_count": 13624, "like_count": 358, "comment_count": 80, "channel_info": {"title": "Michael Sartain", "description": "\ud83c\udf99Host of The\u00a0Michael Sartain Podcast \n\n\ud83d\udd25Teaching you how to build a network of desirable women and high-status men\n\n\ud83d\udc47 Click the \"Men of Action\" link below now to forge a high-status lifestyle and join the elites \n", "subscriber_count": "80500", "total_views": "29545897", "total_videos": "1481"}, "comments": [], "file_path": "/Users/aelaguiz/workspace/fc_book/audio/raws/sjG502PRrnY.mp3", "transcription": "{\"text\": \"Monogamy is something that both people must work at every day. If one of the two people don't work at it, then it doesn't work because it's not the natural state of for humans. If it was the natural state, I don't have to work at eating French fries. I just see French fries and eat them. No one has to train me at no point in my life. Did I not like French fries at no point? Did someone have to put a gun to my head and said, Michael, you need to eat those carbs and that sugar. No one said that my natural proclivity is to put fat and carbs into my mouth. Evolution did not make for most people to be able to stay together for 75 years. The reason why we saw it so often is because our grandparents grew up during the period of the dust bowl, you needed lots of children in order to survive. If you lived in an agrarian society, you needed 14 kids because half of them. \", \"segments\": [{\"id\": 0, \"seek\": 0, \"start\": 0.0, \"end\": 3.180000066757202, \"text\": \" Monogamy is something that both people must work at every day.\", \"tokens\": [50364, 4713, 664, 7804, 307, 746, 300, 1293, 561, 1633, 589, 412, 633, 786, 13, 50523], \"temperature\": 0.0, \"avg_logprob\": -0.21451973915100098, \"compression_ratio\": 1.8549222946166992, \"no_speech_prob\": 0.18681269884109497}, {\"id\": 1, \"seek\": 0, \"start\": 3.180000066757202, \"end\": 6.119999885559082, \"text\": \" If one of the two people don't work at it, then it doesn't work because it's\", \"tokens\": [50523, 759, 472, 295, 264, 732, 561, 500, 380, 589, 412, 309, 11, 550, 309, 1177, 380, 589, 570, 309, 311, 50670], \"temperature\": 0.0, \"avg_logprob\": -0.21451973915100098, \"compression_ratio\": 1.8549222946166992, \"no_speech_prob\": 0.18681269884109497}, {\"id\": 2, \"seek\": 0, \"start\": 6.119999885559082, \"end\": 7.800000190734863, \"text\": \" not the natural state of for humans.\", \"tokens\": [50670, 406, 264, 3303, 1785, 295, 337, 6255, 13, 50754], \"temperature\": 0.0, \"avg_logprob\": -0.21451973915100098, \"compression_ratio\": 1.8549222946166992, \"no_speech_prob\": 0.18681269884109497}, {\"id\": 3, \"seek\": 0, \"start\": 7.840000152587891, \"end\": 10.800000190734863, \"text\": \" If it was the natural state, I don't have to work at eating French fries.\", \"tokens\": [50756, 759, 309, 390, 264, 3303, 1785, 11, 286, 500, 380, 362, 281, 589, 412, 3936, 5522, 20733, 13, 50904], \"temperature\": 0.0, \"avg_logprob\": -0.21451973915100098, \"compression_ratio\": 1.8549222946166992, \"no_speech_prob\": 0.18681269884109497}, {\"id\": 4, \"seek\": 0, \"start\": 10.84000015258789, \"end\": 12.0, \"text\": \" I just see French fries and eat them.\", \"tokens\": [50906, 286, 445, 536, 5522, 20733, 293, 1862, 552, 13, 50964], \"temperature\": 0.0, \"avg_logprob\": -0.21451973915100098, \"compression_ratio\": 1.8549222946166992, \"no_speech_prob\": 0.18681269884109497}, {\"id\": 5, \"seek\": 0, \"start\": 12.039999961853027, \"end\": 14.039999961853027, \"text\": \" No one has to train me at no point in my life.\", \"tokens\": [50966, 883, 472, 575, 281, 3847, 385, 412, 572, 935, 294, 452, 993, 13, 51066], \"temperature\": 0.0, \"avg_logprob\": -0.21451973915100098, \"compression_ratio\": 1.8549222946166992, \"no_speech_prob\": 0.18681269884109497}, {\"id\": 6, \"seek\": 0, \"start\": 14.039999961853027, \"end\": 16.1200008392334, \"text\": \" Did I not like French fries at no point?\", \"tokens\": [51066, 2589, 286, 406, 411, 5522, 20733, 412, 572, 935, 30, 51170], \"temperature\": 0.0, \"avg_logprob\": -0.21451973915100098, \"compression_ratio\": 1.8549222946166992, \"no_speech_prob\": 0.18681269884109497}, {\"id\": 7, \"seek\": 0, \"start\": 16.1200008392334, \"end\": 18.15999984741211, \"text\": \" Did someone have to put a gun to my head and said, Michael, you need\", \"tokens\": [51170, 2589, 1580, 362, 281, 829, 257, 3874, 281, 452, 1378, 293, 848, 11, 5116, 11, 291, 643, 51272], \"temperature\": 0.0, \"avg_logprob\": -0.21451973915100098, \"compression_ratio\": 1.8549222946166992, \"no_speech_prob\": 0.18681269884109497}, {\"id\": 8, \"seek\": 0, \"start\": 18.15999984741211, \"end\": 19.559999465942383, \"text\": \" to eat those carbs and that sugar.\", \"tokens\": [51272, 281, 1862, 729, 30801, 293, 300, 5076, 13, 51342], \"temperature\": 0.0, \"avg_logprob\": -0.21451973915100098, \"compression_ratio\": 1.8549222946166992, \"no_speech_prob\": 0.18681269884109497}, {\"id\": 9, \"seek\": 0, \"start\": 19.600000381469727, \"end\": 23.0, \"text\": \" No one said that my natural proclivity is to put fat and carbs into my mouth.\", \"tokens\": [51344, 883, 472, 848, 300, 452, 3303, 447, 3474, 4253, 307, 281, 829, 4046, 293, 30801, 666, 452, 4525, 13, 51514], \"temperature\": 0.0, \"avg_logprob\": -0.21451973915100098, \"compression_ratio\": 1.8549222946166992, \"no_speech_prob\": 0.18681269884109497}, {\"id\": 10, \"seek\": 0, \"start\": 23.040000915527344, \"end\": 26.15999984741211, \"text\": \" Evolution did not make for most people to be able to stay together for 75 years.\", \"tokens\": [51516, 40800, 630, 406, 652, 337, 881, 561, 281, 312, 1075, 281, 1754, 1214, 337, 9562, 924, 13, 51672], \"temperature\": 0.0, \"avg_logprob\": -0.21451973915100098, \"compression_ratio\": 1.8549222946166992, \"no_speech_prob\": 0.18681269884109497}, {\"id\": 11, \"seek\": 0, \"start\": 26.15999984741211, \"end\": 29.280000686645508, \"text\": \" The reason why we saw it so often is because our grandparents grew up during\", \"tokens\": [51672, 440, 1778, 983, 321, 1866, 309, 370, 2049, 307, 570, 527, 21876, 6109, 493, 1830, 51828], \"temperature\": 0.0, \"avg_logprob\": -0.21451973915100098, \"compression_ratio\": 1.8549222946166992, \"no_speech_prob\": 0.18681269884109497}, {\"id\": 12, \"seek\": 2928, \"start\": 29.280000686645508, \"end\": 32.36000061035156, \"text\": \" the period of the dust bowl, you needed lots of children in order to survive.\", \"tokens\": [50364, 264, 2896, 295, 264, 8634, 6571, 11, 291, 2978, 3195, 295, 2227, 294, 1668, 281, 7867, 13, 50518], \"temperature\": 0.0, \"avg_logprob\": -0.2869205176830292, \"compression_ratio\": 1.3135592937469482, \"no_speech_prob\": 0.5769254565238953}, {\"id\": 13, \"seek\": 2928, \"start\": 32.400001525878906, \"end\": 35.880001068115234, \"text\": \" If you lived in an agrarian society, you needed 14 kids because half of them.\", \"tokens\": [50520, 759, 291, 5152, 294, 364, 623, 5352, 952, 4086, 11, 291, 2978, 3499, 2301, 570, 1922, 295, 552, 13, 50694], \"temperature\": 0.0, \"avg_logprob\": -0.2869205176830292, \"compression_ratio\": 1.3135592937469482, \"no_speech_prob\": 0.5769254565238953}]}"}