{"title": "If you don't work on yourself, you won't even be noticed", "video_id": "SXX5DCcwY8k", "video_url": "https://www.youtube.com/watch?v=SXX5DCcwY8k", "description": "Watch The Full Thing Here : \n\u2014\u2014\u2014\u2014\u2014\u2014\u2014\u2014\u2014\u2014\u2014\u2014\u2014\u2014\u2014\u2014\u2014\u2014\u2014\u2014\nReady to build a network of amazing women and high-status men?\n\nMichael\u2019s Men of Action is a one-on-one Master\u2019s program that teaches men how to create elite \nsocial lives by becoming higher status.\n\nClick this link to learn how you can have a High-Status lifestyle now:\nhttps://m.moamentoring.com/podcast\n\nClick here to join the Men of Action community and watch the High-Status Networking 101 course:\nhttps://m.moamentoring.com/moa-community\n\nInterested in joining the Men of Action sales team? Apply here:\nhttps://www.moamentoring.com/jobs/sales\n\nMen of Action has an affiliate program! Post pre-made content and get paid passively:\nhttps://www.moamentoring.com/affiliate\n\u2014\u2014\u2014\u2014\u2014\u2014\u2014\u2014\u2014\u2014\u2014\u2014\u2014\u2014\u2014\u2014\u2014\u2014\u2014\u2014\n\nSubscribe on Youtube: \nhttps://www.youtube.com/user/MichaelSartain\n\nListen on Apple Podcast: \nhttps://podcasts.apple.com/us/podcast/the-michael-sartain-podcast/id1579791157\n\nListen on Spotify: \nhttps://open.spotify.com/show/2faAYwvDD9Bvkpwv6umlPO?si=8Q3ak9HnSlKjuChsTXr6YQ&dl_branch=1\n\n#michael #michaelsartain #michael_sartain #michael_sartain_podcast", "published_at": "2024-01-02T22:00:11Z", "channel_id": "UC0T1bDzajVefRWx4uKdGyuw", "channel_title": "Michael Sartain", "tags": ["Michael", "Michael Sartain", "Michael Sartain Podcast", "Michael Podcast", "MOA", "Men Of Action", "Michael Sartain Course", "Michael Sartain With Hot Women", "Playboy", "Swimsuit", "Swimsuit Competition", "ichael sartain social circle", "social circle", "how to netowrk", "moa", "moa podcast", "gender wage gap", "gender wage gap myth", "wage gap", "social value", "michael sartain course", "looks money status", "social circle mentorship", "michael sartain social circle game", "men of action podcast", "men of action course"], "category_id": "24", "live_broadcast_content": "none", "duration": 39.0, "dimension": "2d", "definition": "hd", "caption": "false", "view_count": 2123, "like_count": 71, "comment_count": 5, "channel_info": {"title": "Michael Sartain", "description": "\ud83c\udf99Host of The\u00a0Michael Sartain Podcast \n\n\ud83d\udd25Teaching you how to build a network of desirable women and high-status men\n\n\ud83d\udc47 Click the \"Men of Action\" link below now to forge a high-status lifestyle and join the elites \n", "subscriber_count": "80500", "total_views": "29545897", "total_videos": "1481"}, "comments": [], "file_path": "/Users/aelaguiz/workspace/fc_book/audio/raws/SXX5DCcwY8k.mp3", "transcription": "{\"text\": \"As a guy, man, you don't even exist. You're a regular dude, average shape. You don't dress well. You don't have no kind of status. You're not working on your personal brand. You don't put no effort. They don't even see you. You're not even part of the options. And this is the activity I always tell him, man, would you. I'd go even one step further. I'm like, bro, on your things, number one, you look like a child. Number two, you look like you have some French journalist tied up in the back that you were like going to cut his head off and number three, you look like the first person in prison to get, but consider a dude putting his in you. How gross that is now consider how picky you'd be now be a woman. Think about how picky she'd be. Of course they wouldn't you dude. Look at what. \", \"segments\": [{\"id\": 0, \"seek\": 0, \"start\": 0.0, \"end\": 2.1600000858306885, \"text\": \" As a guy, man, you don't even exist.\", \"tokens\": [50364, 1018, 257, 2146, 11, 587, 11, 291, 500, 380, 754, 2514, 13, 50472], \"temperature\": 0.0, \"avg_logprob\": -0.28147560358047485, \"compression_ratio\": 1.8352272510528564, \"no_speech_prob\": 0.029746565967798233}, {\"id\": 1, \"seek\": 0, \"start\": 2.2200000286102295, \"end\": 4.559999942779541, \"text\": \" You're a regular dude, average shape.\", \"tokens\": [50475, 509, 434, 257, 3890, 6449, 11, 4274, 3909, 13, 50592], \"temperature\": 0.0, \"avg_logprob\": -0.28147560358047485, \"compression_ratio\": 1.8352272510528564, \"no_speech_prob\": 0.029746565967798233}, {\"id\": 2, \"seek\": 0, \"start\": 4.559999942779541, \"end\": 5.519999980926514, \"text\": \" You don't dress well.\", \"tokens\": [50592, 509, 500, 380, 5231, 731, 13, 50640], \"temperature\": 0.0, \"avg_logprob\": -0.28147560358047485, \"compression_ratio\": 1.8352272510528564, \"no_speech_prob\": 0.029746565967798233}, {\"id\": 3, \"seek\": 0, \"start\": 5.519999980926514, \"end\": 7.039999961853027, \"text\": \" You don't have no kind of status.\", \"tokens\": [50640, 509, 500, 380, 362, 572, 733, 295, 6558, 13, 50716], \"temperature\": 0.0, \"avg_logprob\": -0.28147560358047485, \"compression_ratio\": 1.8352272510528564, \"no_speech_prob\": 0.029746565967798233}, {\"id\": 4, \"seek\": 0, \"start\": 7.039999961853027, \"end\": 8.600000381469727, \"text\": \" You're not working on your personal brand.\", \"tokens\": [50716, 509, 434, 406, 1364, 322, 428, 2973, 3360, 13, 50794], \"temperature\": 0.0, \"avg_logprob\": -0.28147560358047485, \"compression_ratio\": 1.8352272510528564, \"no_speech_prob\": 0.029746565967798233}, {\"id\": 5, \"seek\": 0, \"start\": 8.619999885559082, \"end\": 9.84000015258789, \"text\": \" You don't put no effort.\", \"tokens\": [50795, 509, 500, 380, 829, 572, 4630, 13, 50856], \"temperature\": 0.0, \"avg_logprob\": -0.28147560358047485, \"compression_ratio\": 1.8352272510528564, \"no_speech_prob\": 0.029746565967798233}, {\"id\": 6, \"seek\": 0, \"start\": 9.880000114440918, \"end\": 11.020000457763672, \"text\": \" They don't even see you.\", \"tokens\": [50858, 814, 500, 380, 754, 536, 291, 13, 50915], \"temperature\": 0.0, \"avg_logprob\": -0.28147560358047485, \"compression_ratio\": 1.8352272510528564, \"no_speech_prob\": 0.029746565967798233}, {\"id\": 7, \"seek\": 0, \"start\": 11.079999923706055, \"end\": 12.460000038146973, \"text\": \" You're not even part of the options.\", \"tokens\": [50918, 509, 434, 406, 754, 644, 295, 264, 3956, 13, 50987], \"temperature\": 0.0, \"avg_logprob\": -0.28147560358047485, \"compression_ratio\": 1.8352272510528564, \"no_speech_prob\": 0.029746565967798233}, {\"id\": 8, \"seek\": 0, \"start\": 12.520000457763672, \"end\": 14.600000381469727, \"text\": \" And this is the activity I always tell him, man, would you.\", \"tokens\": [50990, 400, 341, 307, 264, 5191, 286, 1009, 980, 796, 11, 587, 11, 576, 291, 13, 51094], \"temperature\": 0.0, \"avg_logprob\": -0.28147560358047485, \"compression_ratio\": 1.8352272510528564, \"no_speech_prob\": 0.029746565967798233}, {\"id\": 9, \"seek\": 0, \"start\": 16.200000762939453, \"end\": 17.360000610351562, \"text\": \" I'd go even one step further.\", \"tokens\": [51174, 286, 1116, 352, 754, 472, 1823, 3052, 13, 51232], \"temperature\": 0.0, \"avg_logprob\": -0.28147560358047485, \"compression_ratio\": 1.8352272510528564, \"no_speech_prob\": 0.029746565967798233}, {\"id\": 10, \"seek\": 0, \"start\": 17.360000610351562, \"end\": 20.1200008392334, \"text\": \" I'm like, bro, on your things, number one, you look like a child.\", \"tokens\": [51232, 286, 478, 411, 11, 2006, 11, 322, 428, 721, 11, 1230, 472, 11, 291, 574, 411, 257, 1440, 13, 51370], \"temperature\": 0.0, \"avg_logprob\": -0.28147560358047485, \"compression_ratio\": 1.8352272510528564, \"no_speech_prob\": 0.029746565967798233}, {\"id\": 11, \"seek\": 0, \"start\": 20.520000457763672, \"end\": 23.1200008392334, \"text\": \" Number two, you look like you have some French journalist tied up in the\", \"tokens\": [51390, 5118, 732, 11, 291, 574, 411, 291, 362, 512, 5522, 17277, 9601, 493, 294, 264, 51520], \"temperature\": 0.0, \"avg_logprob\": -0.28147560358047485, \"compression_ratio\": 1.8352272510528564, \"no_speech_prob\": 0.029746565967798233}, {\"id\": 12, \"seek\": 0, \"start\": 23.1200008392334, \"end\": 25.979999542236328, \"text\": \" back that you were like going to cut his head off and number three, you look\", \"tokens\": [51520, 646, 300, 291, 645, 411, 516, 281, 1723, 702, 1378, 766, 293, 1230, 1045, 11, 291, 574, 51663], \"temperature\": 0.0, \"avg_logprob\": -0.28147560358047485, \"compression_ratio\": 1.8352272510528564, \"no_speech_prob\": 0.029746565967798233}, {\"id\": 13, \"seek\": 0, \"start\": 25.979999542236328, \"end\": 29.739999771118164, \"text\": \" like the first person in prison to get, but consider a dude putting his in you.\", \"tokens\": [51663, 411, 264, 700, 954, 294, 6168, 281, 483, 11, 457, 1949, 257, 6449, 3372, 702, 294, 291, 13, 51851], \"temperature\": 0.0, \"avg_logprob\": -0.28147560358047485, \"compression_ratio\": 1.8352272510528564, \"no_speech_prob\": 0.029746565967798233}, {\"id\": 14, \"seek\": 3000, \"start\": 30.260000228881836, \"end\": 34.060001373291016, \"text\": \" How gross that is now consider how picky you'd be now be a woman.\", \"tokens\": [50377, 1012, 11367, 300, 307, 586, 1949, 577, 41099, 291, 1116, 312, 586, 312, 257, 3059, 13, 50567], \"temperature\": 0.0, \"avg_logprob\": -0.41451296210289, \"compression_ratio\": 1.25, \"no_speech_prob\": 0.011861619539558887}, {\"id\": 15, \"seek\": 3000, \"start\": 34.099998474121094, \"end\": 35.459999084472656, \"text\": \" Think about how picky she'd be.\", \"tokens\": [50569, 6557, 466, 577, 41099, 750, 1116, 312, 13, 50637], \"temperature\": 0.0, \"avg_logprob\": -0.41451296210289, \"compression_ratio\": 1.25, \"no_speech_prob\": 0.011861619539558887}, {\"id\": 16, \"seek\": 3000, \"start\": 35.5, \"end\": 37.380001068115234, \"text\": \" Of course they wouldn't you dude.\", \"tokens\": [50639, 2720, 1164, 436, 2759, 380, 291, 6449, 13, 50733], \"temperature\": 0.0, \"avg_logprob\": -0.41451296210289, \"compression_ratio\": 1.25, \"no_speech_prob\": 0.011861619539558887}, {\"id\": 17, \"seek\": 3000, \"start\": 37.380001068115234, \"end\": 38.02000045776367, \"text\": \" Look at what.\", \"tokens\": [50733, 2053, 412, 437, 13, 50765], \"temperature\": 0.0, \"avg_logprob\": -0.41451296210289, \"compression_ratio\": 1.25, \"no_speech_prob\": 0.011861619539558887}]}"}