{"title": "Andrew Tate & Dan Bilzerian\ufffc", "video_id": "T-i7PPa_W0A", "video_url": "https://www.youtube.com/watch?v=T-i7PPa_W0A", "description": "For more info go to:\nhttps://m.moamentoring.com/podcast\n\nBecome an affiliate for MOA Mentoring: https://www.moamentoring.com/earn\n\nWatch the full video here:\nhttps://youtu.be/d-woCxfOsvk", "published_at": "2022-10-01T18:59:00Z", "channel_id": "UC0T1bDzajVefRWx4uKdGyuw", "channel_title": "Michael Sartain", "tags": [], "category_id": "24", "live_broadcast_content": "none", "duration": 61.0, "dimension": "2d", "definition": "hd", "caption": "false", "view_count": 347943, "like_count": 8013, "comment_count": 147, "channel_info": {"title": "Michael Sartain", "description": "\ud83c\udf99Host of The\u00a0Michael Sartain Podcast \n\n\ud83d\udd25Teaching you how to build a network of desirable women and high-status men\n\n\ud83d\udc47 Click the \"Men of Action\" link below now to forge a high-status lifestyle and join the elites \n", "subscriber_count": "80500", "total_views": "29545897", "total_videos": "1481"}, "comments": [], "file_path": "/Users/aelaguiz/workspace/fc_book/audio/raws/T-i7PPa_W0A.mp3", "transcription": "{\"text\": \"Maybe not today, but a couple of months ago, I'm pretty sure I was the only person in the world with Dan Bilzerian and Andrew Tate's phone number, because they're completely different circles. Andrew does not come out here and party, but I could be wrong. There may be some LA promoter who hung out with him once, but I think I was. And it was one of these situations where I'm texting both of them back and forth. It was like this weird situation. In the social media world, those are the two big dogs. I knew Dan didn't know anything about Andrew a couple of months ago, because I'd asked him about it. When Andrew and I first started texting, I'm like, do you know who Andrew Tate is? And then I told him, he does this webcam house, and he's like, oh, that's awesome. That seems like a really great way to make money. I was talking to him about it, and then this went back when I played paintball at his house, at Bilzerian's house. Bilzerian lives a couple blocks that way. Oh, nice. And so, it was just one of these weird situations where I'm teaching a networking course, and I'm networking. Like, I got into the Playboy Mansion. I didn't pay for it. Crystal Heffner invited me to the Playboy Mansion. I have the text messages to prove it. It's a networking course. I'm not teaching you, I'm not promising you millions of dollars, but I am promising you, if you do this, people are going to be more likely to want to talk to you. \", \"segments\": [{\"id\": 0, \"seek\": 0, \"start\": 0.0, \"end\": 1.6799999475479126, \"text\": \" Maybe not today, but a couple of months ago,\", \"tokens\": [50364, 2704, 406, 965, 11, 457, 257, 1916, 295, 2493, 2057, 11, 50448], \"temperature\": 0.0, \"avg_logprob\": -0.2781004011631012, \"compression_ratio\": 1.7706185579299927, \"no_speech_prob\": 0.016912883147597313}, {\"id\": 1, \"seek\": 0, \"start\": 1.6799999475479126, \"end\": 3.9800000190734863, \"text\": \" I'm pretty sure I was the only person in the world\", \"tokens\": [50448, 286, 478, 1238, 988, 286, 390, 264, 787, 954, 294, 264, 1002, 50563], \"temperature\": 0.0, \"avg_logprob\": -0.2781004011631012, \"compression_ratio\": 1.7706185579299927, \"no_speech_prob\": 0.016912883147597313}, {\"id\": 2, \"seek\": 0, \"start\": 3.9800000190734863, \"end\": 5.519999980926514, \"text\": \" with Dan Bilzerian and Andrew Tate's phone number,\", \"tokens\": [50563, 365, 3394, 22879, 4527, 952, 293, 10110, 314, 473, 311, 2593, 1230, 11, 50640], \"temperature\": 0.0, \"avg_logprob\": -0.2781004011631012, \"compression_ratio\": 1.7706185579299927, \"no_speech_prob\": 0.016912883147597313}, {\"id\": 3, \"seek\": 0, \"start\": 5.519999980926514, \"end\": 7.199999809265137, \"text\": \" because they're completely different circles.\", \"tokens\": [50640, 570, 436, 434, 2584, 819, 13040, 13, 50724], \"temperature\": 0.0, \"avg_logprob\": -0.2781004011631012, \"compression_ratio\": 1.7706185579299927, \"no_speech_prob\": 0.016912883147597313}, {\"id\": 4, \"seek\": 0, \"start\": 7.199999809265137, \"end\": 8.359999656677246, \"text\": \" Andrew does not come out here and party,\", \"tokens\": [50724, 10110, 775, 406, 808, 484, 510, 293, 3595, 11, 50782], \"temperature\": 0.0, \"avg_logprob\": -0.2781004011631012, \"compression_ratio\": 1.7706185579299927, \"no_speech_prob\": 0.016912883147597313}, {\"id\": 5, \"seek\": 0, \"start\": 8.359999656677246, \"end\": 9.520000457763672, \"text\": \" but I could be wrong.\", \"tokens\": [50782, 457, 286, 727, 312, 2085, 13, 50840], \"temperature\": 0.0, \"avg_logprob\": -0.2781004011631012, \"compression_ratio\": 1.7706185579299927, \"no_speech_prob\": 0.016912883147597313}, {\"id\": 6, \"seek\": 0, \"start\": 9.520000457763672, \"end\": 11.960000038146973, \"text\": \" There may be some LA promoter who hung out with him once,\", \"tokens\": [50840, 821, 815, 312, 512, 9855, 6609, 260, 567, 5753, 484, 365, 796, 1564, 11, 50962], \"temperature\": 0.0, \"avg_logprob\": -0.2781004011631012, \"compression_ratio\": 1.7706185579299927, \"no_speech_prob\": 0.016912883147597313}, {\"id\": 7, \"seek\": 0, \"start\": 11.960000038146973, \"end\": 13.359999656677246, \"text\": \" but I think I was.\", \"tokens\": [50962, 457, 286, 519, 286, 390, 13, 51032], \"temperature\": 0.0, \"avg_logprob\": -0.2781004011631012, \"compression_ratio\": 1.7706185579299927, \"no_speech_prob\": 0.016912883147597313}, {\"id\": 8, \"seek\": 0, \"start\": 13.359999656677246, \"end\": 14.84000015258789, \"text\": \" And it was one of these situations\", \"tokens\": [51032, 400, 309, 390, 472, 295, 613, 6851, 51106], \"temperature\": 0.0, \"avg_logprob\": -0.2781004011631012, \"compression_ratio\": 1.7706185579299927, \"no_speech_prob\": 0.016912883147597313}, {\"id\": 9, \"seek\": 0, \"start\": 14.84000015258789, \"end\": 16.799999237060547, \"text\": \" where I'm texting both of them back and forth.\", \"tokens\": [51106, 689, 286, 478, 29897, 1293, 295, 552, 646, 293, 5220, 13, 51204], \"temperature\": 0.0, \"avg_logprob\": -0.2781004011631012, \"compression_ratio\": 1.7706185579299927, \"no_speech_prob\": 0.016912883147597313}, {\"id\": 10, \"seek\": 0, \"start\": 16.799999237060547, \"end\": 19.559999465942383, \"text\": \" It was like this weird situation.\", \"tokens\": [51204, 467, 390, 411, 341, 3657, 2590, 13, 51342], \"temperature\": 0.0, \"avg_logprob\": -0.2781004011631012, \"compression_ratio\": 1.7706185579299927, \"no_speech_prob\": 0.016912883147597313}, {\"id\": 11, \"seek\": 0, \"start\": 19.559999465942383, \"end\": 21.84000015258789, \"text\": \" In the social media world, those are the two big dogs.\", \"tokens\": [51342, 682, 264, 2093, 3021, 1002, 11, 729, 366, 264, 732, 955, 7197, 13, 51456], \"temperature\": 0.0, \"avg_logprob\": -0.2781004011631012, \"compression_ratio\": 1.7706185579299927, \"no_speech_prob\": 0.016912883147597313}, {\"id\": 12, \"seek\": 0, \"start\": 21.84000015258789, \"end\": 24.799999237060547, \"text\": \" I knew Dan didn't know anything about Andrew\", \"tokens\": [51456, 286, 2586, 3394, 994, 380, 458, 1340, 466, 10110, 51604], \"temperature\": 0.0, \"avg_logprob\": -0.2781004011631012, \"compression_ratio\": 1.7706185579299927, \"no_speech_prob\": 0.016912883147597313}, {\"id\": 13, \"seek\": 0, \"start\": 24.799999237060547, \"end\": 26.280000686645508, \"text\": \" a couple of months ago, because I'd asked him about it.\", \"tokens\": [51604, 257, 1916, 295, 2493, 2057, 11, 570, 286, 1116, 2351, 796, 466, 309, 13, 51678], \"temperature\": 0.0, \"avg_logprob\": -0.2781004011631012, \"compression_ratio\": 1.7706185579299927, \"no_speech_prob\": 0.016912883147597313}, {\"id\": 14, \"seek\": 0, \"start\": 26.280000686645508, \"end\": 27.520000457763672, \"text\": \" When Andrew and I first started texting,\", \"tokens\": [51678, 1133, 10110, 293, 286, 700, 1409, 29897, 11, 51740], \"temperature\": 0.0, \"avg_logprob\": -0.2781004011631012, \"compression_ratio\": 1.7706185579299927, \"no_speech_prob\": 0.016912883147597313}, {\"id\": 15, \"seek\": 0, \"start\": 27.520000457763672, \"end\": 28.639999389648438, \"text\": \" I'm like, do you know who Andrew Tate is?\", \"tokens\": [51740, 286, 478, 411, 11, 360, 291, 458, 567, 10110, 314, 473, 307, 30, 51796], \"temperature\": 0.0, \"avg_logprob\": -0.2781004011631012, \"compression_ratio\": 1.7706185579299927, \"no_speech_prob\": 0.016912883147597313}, {\"id\": 16, \"seek\": 2864, \"start\": 28.760000228881836, \"end\": 30.8799991607666, \"text\": \" And then I told him, he does this webcam house,\", \"tokens\": [50370, 400, 550, 286, 1907, 796, 11, 415, 775, 341, 39490, 1782, 11, 50476], \"temperature\": 0.0, \"avg_logprob\": -0.21001356840133667, \"compression_ratio\": 1.8105263710021973, \"no_speech_prob\": 0.0010161997051909566}, {\"id\": 17, \"seek\": 2864, \"start\": 30.8799991607666, \"end\": 31.920000076293945, \"text\": \" and he's like, oh, that's awesome.\", \"tokens\": [50476, 293, 415, 311, 411, 11, 1954, 11, 300, 311, 3476, 13, 50528], \"temperature\": 0.0, \"avg_logprob\": -0.21001356840133667, \"compression_ratio\": 1.8105263710021973, \"no_speech_prob\": 0.0010161997051909566}, {\"id\": 18, \"seek\": 2864, \"start\": 31.920000076293945, \"end\": 33.599998474121094, \"text\": \" That seems like a really great way to make money.\", \"tokens\": [50528, 663, 2544, 411, 257, 534, 869, 636, 281, 652, 1460, 13, 50612], \"temperature\": 0.0, \"avg_logprob\": -0.21001356840133667, \"compression_ratio\": 1.8105263710021973, \"no_speech_prob\": 0.0010161997051909566}, {\"id\": 19, \"seek\": 2864, \"start\": 33.599998474121094, \"end\": 34.52000045776367, \"text\": \" I was talking to him about it,\", \"tokens\": [50612, 286, 390, 1417, 281, 796, 466, 309, 11, 50658], \"temperature\": 0.0, \"avg_logprob\": -0.21001356840133667, \"compression_ratio\": 1.8105263710021973, \"no_speech_prob\": 0.0010161997051909566}, {\"id\": 20, \"seek\": 2864, \"start\": 34.52000045776367, \"end\": 36.15999984741211, \"text\": \" and then this went back when I played paintball\", \"tokens\": [50658, 293, 550, 341, 1437, 646, 562, 286, 3737, 4225, 3129, 50740], \"temperature\": 0.0, \"avg_logprob\": -0.21001356840133667, \"compression_ratio\": 1.8105263710021973, \"no_speech_prob\": 0.0010161997051909566}, {\"id\": 21, \"seek\": 2864, \"start\": 36.15999984741211, \"end\": 37.599998474121094, \"text\": \" at his house, at Bilzerian's house.\", \"tokens\": [50740, 412, 702, 1782, 11, 412, 22879, 4527, 952, 311, 1782, 13, 50812], \"temperature\": 0.0, \"avg_logprob\": -0.21001356840133667, \"compression_ratio\": 1.8105263710021973, \"no_speech_prob\": 0.0010161997051909566}, {\"id\": 22, \"seek\": 2864, \"start\": 37.599998474121094, \"end\": 39.08000183105469, \"text\": \" Bilzerian lives a couple blocks that way.\", \"tokens\": [50812, 22879, 4527, 952, 2909, 257, 1916, 8474, 300, 636, 13, 50886], \"temperature\": 0.0, \"avg_logprob\": -0.21001356840133667, \"compression_ratio\": 1.8105263710021973, \"no_speech_prob\": 0.0010161997051909566}, {\"id\": 23, \"seek\": 2864, \"start\": 39.08000183105469, \"end\": 39.91999816894531, \"text\": \" Oh, nice.\", \"tokens\": [50886, 876, 11, 1481, 13, 50928], \"temperature\": 0.0, \"avg_logprob\": -0.21001356840133667, \"compression_ratio\": 1.8105263710021973, \"no_speech_prob\": 0.0010161997051909566}, {\"id\": 24, \"seek\": 2864, \"start\": 39.91999816894531, \"end\": 42.040000915527344, \"text\": \" And so, it was just one of these weird situations\", \"tokens\": [50928, 400, 370, 11, 309, 390, 445, 472, 295, 613, 3657, 6851, 51034], \"temperature\": 0.0, \"avg_logprob\": -0.21001356840133667, \"compression_ratio\": 1.8105263710021973, \"no_speech_prob\": 0.0010161997051909566}, {\"id\": 25, \"seek\": 2864, \"start\": 42.040000915527344, \"end\": 43.599998474121094, \"text\": \" where I'm teaching a networking course,\", \"tokens\": [51034, 689, 286, 478, 4571, 257, 17985, 1164, 11, 51112], \"temperature\": 0.0, \"avg_logprob\": -0.21001356840133667, \"compression_ratio\": 1.8105263710021973, \"no_speech_prob\": 0.0010161997051909566}, {\"id\": 26, \"seek\": 2864, \"start\": 43.599998474121094, \"end\": 44.560001373291016, \"text\": \" and I'm networking.\", \"tokens\": [51112, 293, 286, 478, 17985, 13, 51160], \"temperature\": 0.0, \"avg_logprob\": -0.21001356840133667, \"compression_ratio\": 1.8105263710021973, \"no_speech_prob\": 0.0010161997051909566}, {\"id\": 27, \"seek\": 2864, \"start\": 44.560001373291016, \"end\": 46.119998931884766, \"text\": \" Like, I got into the Playboy Mansion.\", \"tokens\": [51160, 1743, 11, 286, 658, 666, 264, 5506, 12795, 45572, 13, 51238], \"temperature\": 0.0, \"avg_logprob\": -0.21001356840133667, \"compression_ratio\": 1.8105263710021973, \"no_speech_prob\": 0.0010161997051909566}, {\"id\": 28, \"seek\": 2864, \"start\": 46.119998931884766, \"end\": 46.959999084472656, \"text\": \" I didn't pay for it.\", \"tokens\": [51238, 286, 994, 380, 1689, 337, 309, 13, 51280], \"temperature\": 0.0, \"avg_logprob\": -0.21001356840133667, \"compression_ratio\": 1.8105263710021973, \"no_speech_prob\": 0.0010161997051909566}, {\"id\": 29, \"seek\": 2864, \"start\": 46.959999084472656, \"end\": 49.15999984741211, \"text\": \" Crystal Heffner invited me to the Playboy Mansion.\", \"tokens\": [51280, 23489, 634, 602, 1193, 9185, 385, 281, 264, 5506, 12795, 45572, 13, 51390], \"temperature\": 0.0, \"avg_logprob\": -0.21001356840133667, \"compression_ratio\": 1.8105263710021973, \"no_speech_prob\": 0.0010161997051909566}, {\"id\": 30, \"seek\": 2864, \"start\": 49.15999984741211, \"end\": 50.959999084472656, \"text\": \" I have the text messages to prove it.\", \"tokens\": [51390, 286, 362, 264, 2487, 7897, 281, 7081, 309, 13, 51480], \"temperature\": 0.0, \"avg_logprob\": -0.21001356840133667, \"compression_ratio\": 1.8105263710021973, \"no_speech_prob\": 0.0010161997051909566}, {\"id\": 31, \"seek\": 2864, \"start\": 50.959999084472656, \"end\": 52.0, \"text\": \" It's a networking course.\", \"tokens\": [51480, 467, 311, 257, 17985, 1164, 13, 51532], \"temperature\": 0.0, \"avg_logprob\": -0.21001356840133667, \"compression_ratio\": 1.8105263710021973, \"no_speech_prob\": 0.0010161997051909566}, {\"id\": 32, \"seek\": 2864, \"start\": 52.0, \"end\": 54.040000915527344, \"text\": \" I'm not teaching you,\", \"tokens\": [51532, 286, 478, 406, 4571, 291, 11, 51634], \"temperature\": 0.0, \"avg_logprob\": -0.21001356840133667, \"compression_ratio\": 1.8105263710021973, \"no_speech_prob\": 0.0010161997051909566}, {\"id\": 33, \"seek\": 2864, \"start\": 54.040000915527344, \"end\": 55.63999938964844, \"text\": \" I'm not promising you millions of dollars,\", \"tokens\": [51634, 286, 478, 406, 20257, 291, 6803, 295, 3808, 11, 51714], \"temperature\": 0.0, \"avg_logprob\": -0.21001356840133667, \"compression_ratio\": 1.8105263710021973, \"no_speech_prob\": 0.0010161997051909566}, {\"id\": 34, \"seek\": 2864, \"start\": 55.63999938964844, \"end\": 57.52000045776367, \"text\": \" but I am promising you, if you do this,\", \"tokens\": [51714, 457, 286, 669, 20257, 291, 11, 498, 291, 360, 341, 11, 51808], \"temperature\": 0.0, \"avg_logprob\": -0.21001356840133667, \"compression_ratio\": 1.8105263710021973, \"no_speech_prob\": 0.0010161997051909566}, {\"id\": 35, \"seek\": 5752, \"start\": 57.52000045776367, \"end\": 60.52000045776367, \"text\": \" people are going to be more likely to want to talk to you.\", \"tokens\": [50364, 561, 366, 516, 281, 312, 544, 3700, 281, 528, 281, 751, 281, 291, 13, 50514], \"temperature\": 0.0, \"avg_logprob\": -0.23379234969615936, \"compression_ratio\": 1.0, \"no_speech_prob\": 0.0715549886226654}]}"}