{"title": "Michael Promotes Hook Up Culture and TRT - Ft @howtobeast \u200b", "video_id": "t5bJUZZxfPs", "video_url": "https://www.youtube.com/watch?v=t5bJUZZxfPs", "description": "Watch The Full Podcast Here \ud83d\udd17: https://youtu.be/ojt60PlKoTo\n\nReady to build a network of amazing women and high-status men?\n\nMichael\u2019s Men of Action is a one-on-one Master\u2019s program that teaches men how to create elite social lives by becoming higher status.\n\nClick this link to learn how you can have a High-Status lifestyle now:\nhttps://m.moamentoring.com/podcast\n\nClick here to join the Men of Action community and watch the High-Status Networking 101 course:\nhttps://m.moamentoring.com/moa-community\n\u2014\u2014\u2014\u2014\u2014\u2014\u2014\u2014\u2014\u2014\u2014\u2014\u2014\u2014\u2014\u2014\u2014\u2014\u2014\u2014\n\nSubscribe on Youtube: \nhttps://www.youtube.com/user/MichaelSartain\n\nListen on Apple Podcast: \nhttps://podcasts.apple.com/us/podcast/the-michael-sartain-podcast/id1579791157\n\nListen on Spotify: \nhttps://open.spotify.com/show/2faAYwvDD9Bvkpwv6umlPO?si=8Q3ak9HnSlKjuChsTXr6YQ&dl_branch=1\n\n#Michael #MichaelSartain #Michael_Sartain #Michael_Sartain_Podcast", "published_at": "2023-06-09T14:45:02Z", "channel_id": "UC0T1bDzajVefRWx4uKdGyuw", "channel_title": "Michael Sartain", "tags": ["Michael", "Michael Sartain", "Michael Sartain Podcast", "Michael Podcast", "MOA", "Men Of Action", "men of action", "Michael Sartain Course", "Michael Sartain With Hot Women", "Rollo", "Rollo Tommasi", "Playboy", "Swimsuit", "Swimsuit Competition"], "category_id": "24", "live_broadcast_content": "none", "duration": 421.0, "dimension": "2d", "definition": "hd", "caption": "false", "view_count": 1793, "like_count": 78, "comment_count": 3, "channel_info": {"title": "Michael Sartain", "description": "\ud83c\udf99Host of The\u00a0Michael Sartain Podcast \n\n\ud83d\udd25Teaching you how to build a network of desirable women and high-status men\n\n\ud83d\udc47 Click the \"Men of Action\" link below now to forge a high-status lifestyle and join the elites \n", "subscriber_count": "80500", "total_views": "29545897", "total_videos": "1481"}, "comments": [], "file_path": "/Users/aelaguiz/workspace/fc_book/audio/raws/t5bJUZZxfPs.mp3", "transcription": "{\"text\": \"I promote hookup culture, I promote men taking fucking TRT. There's no fucking controversy with any of this shit. I completely, if a man wants to go through a period in his life in his 20s, where he wants to sleep with a lot of women, I am completely in favor of that. If a man wants to become, chooses to not sleep with a lot of women, I'm in favor of that too. The main thing that they have in common in both cases, be the most attractive version of yourself, and then you will have the choice to hook up, or to make this girl your girlfriend, or for it to be a one night stand. But you as a man should at least have that option. Then what happens is, after you've done this over and over again, and gotten more experience in this area, now you're gonna see these red flags. Like I've been out with girls before, and it's, they're bitching about their ex, their tattoos in places there shouldn't be fucking tattoos, but she's still really hot. And they're like, I already know, it's like, hey, you know, like, and I'll straight up tell them like, I'm not looking to be in a relationship, but if you wanna hook up, we can still do that. I know immediately by seeing those red flags where I'm gonna go, but how do I know that? It's from dating lots of women. And so that's the thing that I appreciate about whatever they call hookup culture, what Rollo calls spinning plates. No one's telling you to fuck 100 women. What they're telling you to do though, is have enough experience, and to make yourself attractive enough to where when you meet that perfect girl, you're not like, blah, blah, blah. You don't know what to do, because you have enough, you've seen every blitz package there is. You've seen the engage eight, you've seen cover four, you've seen, you know, cover two, man, you've seen every single blitz package there is. So you know what that looks like. So now when you meet that girl, you have the experience to do that. As a woman who's very attractive and has a low body count, she doesn't have to do that. She doesn't need experience. A stunning woman doesn't need experience dating. She doesn't. No, she doesn't. No, she needs experience to know when a guy's a piece of shit or not, but she doesn't need to fuck him in order to do that. She can do that through male family members or female friends who can help her. Hey, let me look at the background of this guy that you're dating. She can do that through social media. Women do not need, women, super attractive women. Sorry to tell you this. They don't need to be good in bed and they don't need to learn how to date. They're super attractive. Don't worry about that. That's not something that they have to do in order to improve. Men, we do because we're judged on our performance. Yeah. Yeah, that was a good rant right there. No, that was perfect. I agree with all of it. I think there's two things that you said that stand out to me. One is, I think, a more general thing that I think a problem, not now, this is a problem always, is people get too wrapped up in caring about what other people do and what other people do with their lives. There's a general benefit to just not being bitter towards other people. That includes being bitter towards men who are more successful than you, being bitter towards women who want to hook up with a lot of guys. I think the best way to live life is not to worry too much about other people are doing because that's just gonna cause, there's no win there, right? That's only negative. That's anxiety. You're gonna get caught up worrying about all these other problems that aren't your own and then your life's probably not gonna be as good because you're just not gonna be prioritizing the action you're taking in your own life. But the second thing is, I think there's guys who are early on in their journey with women. They're so, they get so focused on all these little things that we're talking about. And maybe it's about body count. Maybe it's just a generally approach to anxiety. Maybe it's, I don't know, absorbing all these different dating advice content or red pill content and trying to figure it out. But the real challenge comes in building a healthy relationship, right? I think once you figure out the early stages of dating, meeting girls, hooking up with girls, that's relatively straightforward. It's almost like copy paste, basically. It's more like learning to set boundaries at the right times at the beginning of relationships that most people, men and women aren't good at, which is why most relationships are quite not ideal. And I think that there's also just a lack of focus on that, but I guess it's less sexy than talking about all the other stuff. But if people started actually learning from mistakes that they made or their friends made or their parents made in their relationships, that would lead to better overall relationships. But I guess we don't live in an ideal world. That's something that I get frustrated with. Yeah, it's funny how, because your married friends or your friends that are in happy relationships are not your super exciting friends. So people don't pay as much attention to it. One of the things I started doing on Access Vegas is I tried as often as I can to have people who have been in 10-year relationships. So I had Olivia Bertani, who was engaged, and then I had, sitting over here, I had Catherine Taylor, who's also engaged in the program, and then on the show. And then the other thing is I have other friends of mine. My friend Claudia Fajal has been with her husband for 10 years. I see situations like you, who is a content creator, who's in a happy relationship. People don't pay enough attention to that. Here's the ultimate example. People in Red Pill who criticize Rolo Tomasi for being married for 26 years. Like, you're missing the point. That's not a bug, it's a feature. Being able to be in a happy relationship for 26 years, that means Rolo knows something you don't, right? And so that's one of the situations where it's more fun to watch the guy who has the multiple partners and is with a bunch of women. It's more exciting, but that's maybe not the person you should be taking relationship advice from. And so I thought that was interesting. Another thing I wanted to point out, going back to the body count thing, is we had the opposite effect, which was Sterling Cooper, who was on here, who's a male porn star. And one of the things Sterling said is, when a man is good in bed, it is the ultimate sign of preselection because it shows that other women allowed you to have sex with them. And I was just like, that was mind-blowing to me because preselection is obviously one of the main things that I teach to my clients, is this concept of women seeing you with other women and those women being attracted to you. And so when he said that, I was like, oh man, that makes a lot of sense. Well, the only way to do that is to have experience with women, which is why women do not value virginity anywhere near to the level that men do. Because I personally, if a woman's hot enough and she's not bad in bed, if she's not good in bed, we don't really care. And if a woman tries to, maybe not your opinion, but I've heard other men say this. The concept of if a woman tries too hard to be good in bed, then it comes off as almost masculine. I can see that. It's the same thing if a woman approaches you, then you can come off as masculine. And even though you fantasize about it and you see it in porn, when it actually happens to you in real life, you kind of get this weird feeling like, ah, like something's off here. I guess we're just not naturally wired to appreciate. Our alarms go off, yeah, our alarm bells go off. Something's going on here, yeah. And no, I think what you're saying is true about in bed. And I think women who, this is something you mentioned a few times, women who are attractive, you're right, they don't really have to do anything. They'll definitely have people pursuing them. They'll definitely have no problem getting laid or getting in relationships. I would say the only real requirement above being attractive would also be, if they want to be with a high value guy, they need to be attractive and they also need to be as a bare minimum pleasant to be around. If they're not, they'll still have no problem finding guys to pursue them, but they're probably not gonna have a high value guy who actually has his choice with women because once you've hooked up with your handful of women, at least for me, what happened was, yes, the attractiveness was still the number one thing, but I wasn't gonna spend time with someone who was like, it seemed like I was pulling nails to hang out with them. \", \"segments\": [{\"id\": 0, \"seek\": 0, \"start\": 0.0, \"end\": 2.799999952316284, \"text\": \" I promote hookup culture, I promote men taking fucking TRT.\", \"tokens\": [50364, 286, 9773, 6328, 1010, 3713, 11, 286, 9773, 1706, 1940, 5546, 15176, 51, 13, 50504], \"temperature\": 0.0, \"avg_logprob\": -0.21248766779899597, \"compression_ratio\": 1.864951729774475, \"no_speech_prob\": 0.05181841179728508}, {\"id\": 1, \"seek\": 0, \"start\": 2.799999952316284, \"end\": 4.960000038146973, \"text\": \" There's no fucking controversy with any of this shit.\", \"tokens\": [50504, 821, 311, 572, 5546, 22976, 365, 604, 295, 341, 4611, 13, 50612], \"temperature\": 0.0, \"avg_logprob\": -0.21248766779899597, \"compression_ratio\": 1.864951729774475, \"no_speech_prob\": 0.05181841179728508}, {\"id\": 2, \"seek\": 0, \"start\": 4.960000038146973, \"end\": 7.559999942779541, \"text\": \" I completely, if a man wants to go through a period\", \"tokens\": [50612, 286, 2584, 11, 498, 257, 587, 2738, 281, 352, 807, 257, 2896, 50742], \"temperature\": 0.0, \"avg_logprob\": -0.21248766779899597, \"compression_ratio\": 1.864951729774475, \"no_speech_prob\": 0.05181841179728508}, {\"id\": 3, \"seek\": 0, \"start\": 7.559999942779541, \"end\": 8.84000015258789, \"text\": \" in his life in his 20s,\", \"tokens\": [50742, 294, 702, 993, 294, 702, 945, 82, 11, 50806], \"temperature\": 0.0, \"avg_logprob\": -0.21248766779899597, \"compression_ratio\": 1.864951729774475, \"no_speech_prob\": 0.05181841179728508}, {\"id\": 4, \"seek\": 0, \"start\": 8.84000015258789, \"end\": 11.34000015258789, \"text\": \" where he wants to sleep with a lot of women,\", \"tokens\": [50806, 689, 415, 2738, 281, 2817, 365, 257, 688, 295, 2266, 11, 50931], \"temperature\": 0.0, \"avg_logprob\": -0.21248766779899597, \"compression_ratio\": 1.864951729774475, \"no_speech_prob\": 0.05181841179728508}, {\"id\": 5, \"seek\": 0, \"start\": 11.34000015258789, \"end\": 13.039999961853027, \"text\": \" I am completely in favor of that.\", \"tokens\": [50931, 286, 669, 2584, 294, 2294, 295, 300, 13, 51016], \"temperature\": 0.0, \"avg_logprob\": -0.21248766779899597, \"compression_ratio\": 1.864951729774475, \"no_speech_prob\": 0.05181841179728508}, {\"id\": 6, \"seek\": 0, \"start\": 13.039999961853027, \"end\": 15.920000076293945, \"text\": \" If a man wants to become,\", \"tokens\": [51016, 759, 257, 587, 2738, 281, 1813, 11, 51160], \"temperature\": 0.0, \"avg_logprob\": -0.21248766779899597, \"compression_ratio\": 1.864951729774475, \"no_speech_prob\": 0.05181841179728508}, {\"id\": 7, \"seek\": 0, \"start\": 15.920000076293945, \"end\": 17.399999618530273, \"text\": \" chooses to not sleep with a lot of women,\", \"tokens\": [51160, 25963, 281, 406, 2817, 365, 257, 688, 295, 2266, 11, 51234], \"temperature\": 0.0, \"avg_logprob\": -0.21248766779899597, \"compression_ratio\": 1.864951729774475, \"no_speech_prob\": 0.05181841179728508}, {\"id\": 8, \"seek\": 0, \"start\": 17.399999618530273, \"end\": 18.84000015258789, \"text\": \" I'm in favor of that too.\", \"tokens\": [51234, 286, 478, 294, 2294, 295, 300, 886, 13, 51306], \"temperature\": 0.0, \"avg_logprob\": -0.21248766779899597, \"compression_ratio\": 1.864951729774475, \"no_speech_prob\": 0.05181841179728508}, {\"id\": 9, \"seek\": 0, \"start\": 18.84000015258789, \"end\": 21.280000686645508, \"text\": \" The main thing that they have in common in both cases,\", \"tokens\": [51306, 440, 2135, 551, 300, 436, 362, 294, 2689, 294, 1293, 3331, 11, 51428], \"temperature\": 0.0, \"avg_logprob\": -0.21248766779899597, \"compression_ratio\": 1.864951729774475, \"no_speech_prob\": 0.05181841179728508}, {\"id\": 10, \"seek\": 0, \"start\": 21.280000686645508, \"end\": 23.360000610351562, \"text\": \" be the most attractive version of yourself,\", \"tokens\": [51428, 312, 264, 881, 12609, 3037, 295, 1803, 11, 51532], \"temperature\": 0.0, \"avg_logprob\": -0.21248766779899597, \"compression_ratio\": 1.864951729774475, \"no_speech_prob\": 0.05181841179728508}, {\"id\": 11, \"seek\": 0, \"start\": 23.360000610351562, \"end\": 25.18000030517578, \"text\": \" and then you will have the choice to hook up,\", \"tokens\": [51532, 293, 550, 291, 486, 362, 264, 3922, 281, 6328, 493, 11, 51623], \"temperature\": 0.0, \"avg_logprob\": -0.21248766779899597, \"compression_ratio\": 1.864951729774475, \"no_speech_prob\": 0.05181841179728508}, {\"id\": 12, \"seek\": 0, \"start\": 25.18000030517578, \"end\": 26.8799991607666, \"text\": \" or to make this girl your girlfriend,\", \"tokens\": [51623, 420, 281, 652, 341, 2013, 428, 10369, 11, 51708], \"temperature\": 0.0, \"avg_logprob\": -0.21248766779899597, \"compression_ratio\": 1.864951729774475, \"no_speech_prob\": 0.05181841179728508}, {\"id\": 13, \"seek\": 0, \"start\": 26.8799991607666, \"end\": 28.559999465942383, \"text\": \" or for it to be a one night stand.\", \"tokens\": [51708, 420, 337, 309, 281, 312, 257, 472, 1818, 1463, 13, 51792], \"temperature\": 0.0, \"avg_logprob\": -0.21248766779899597, \"compression_ratio\": 1.864951729774475, \"no_speech_prob\": 0.05181841179728508}, {\"id\": 14, \"seek\": 2856, \"start\": 28.600000381469727, \"end\": 30.719999313354492, \"text\": \" But you as a man should at least have that option.\", \"tokens\": [50366, 583, 291, 382, 257, 587, 820, 412, 1935, 362, 300, 3614, 13, 50472], \"temperature\": 0.0, \"avg_logprob\": -0.22370406985282898, \"compression_ratio\": 1.7722513675689697, \"no_speech_prob\": 0.00012931384844705462}, {\"id\": 15, \"seek\": 2856, \"start\": 30.719999313354492, \"end\": 31.979999542236328, \"text\": \" Then what happens is,\", \"tokens\": [50472, 1396, 437, 2314, 307, 11, 50535], \"temperature\": 0.0, \"avg_logprob\": -0.22370406985282898, \"compression_ratio\": 1.7722513675689697, \"no_speech_prob\": 0.00012931384844705462}, {\"id\": 16, \"seek\": 2856, \"start\": 31.979999542236328, \"end\": 34.15999984741211, \"text\": \" after you've done this over and over again,\", \"tokens\": [50535, 934, 291, 600, 1096, 341, 670, 293, 670, 797, 11, 50644], \"temperature\": 0.0, \"avg_logprob\": -0.22370406985282898, \"compression_ratio\": 1.7722513675689697, \"no_speech_prob\": 0.00012931384844705462}, {\"id\": 17, \"seek\": 2856, \"start\": 34.15999984741211, \"end\": 36.31999969482422, \"text\": \" and gotten more experience in this area,\", \"tokens\": [50644, 293, 5768, 544, 1752, 294, 341, 1859, 11, 50752], \"temperature\": 0.0, \"avg_logprob\": -0.22370406985282898, \"compression_ratio\": 1.7722513675689697, \"no_speech_prob\": 0.00012931384844705462}, {\"id\": 18, \"seek\": 2856, \"start\": 36.31999969482422, \"end\": 38.119998931884766, \"text\": \" now you're gonna see these red flags.\", \"tokens\": [50752, 586, 291, 434, 799, 536, 613, 2182, 23265, 13, 50842], \"temperature\": 0.0, \"avg_logprob\": -0.22370406985282898, \"compression_ratio\": 1.7722513675689697, \"no_speech_prob\": 0.00012931384844705462}, {\"id\": 19, \"seek\": 2856, \"start\": 38.119998931884766, \"end\": 39.720001220703125, \"text\": \" Like I've been out with girls before,\", \"tokens\": [50842, 1743, 286, 600, 668, 484, 365, 4519, 949, 11, 50922], \"temperature\": 0.0, \"avg_logprob\": -0.22370406985282898, \"compression_ratio\": 1.7722513675689697, \"no_speech_prob\": 0.00012931384844705462}, {\"id\": 20, \"seek\": 2856, \"start\": 39.720001220703125, \"end\": 42.20000076293945, \"text\": \" and it's, they're bitching about their ex,\", \"tokens\": [50922, 293, 309, 311, 11, 436, 434, 11960, 278, 466, 641, 454, 11, 51046], \"temperature\": 0.0, \"avg_logprob\": -0.22370406985282898, \"compression_ratio\": 1.7722513675689697, \"no_speech_prob\": 0.00012931384844705462}, {\"id\": 21, \"seek\": 2856, \"start\": 42.20000076293945, \"end\": 44.540000915527344, \"text\": \" their tattoos in places there shouldn't be fucking tattoos,\", \"tokens\": [51046, 641, 28662, 294, 3190, 456, 4659, 380, 312, 5546, 28662, 11, 51163], \"temperature\": 0.0, \"avg_logprob\": -0.22370406985282898, \"compression_ratio\": 1.7722513675689697, \"no_speech_prob\": 0.00012931384844705462}, {\"id\": 22, \"seek\": 2856, \"start\": 44.540000915527344, \"end\": 45.880001068115234, \"text\": \" but she's still really hot.\", \"tokens\": [51163, 457, 750, 311, 920, 534, 2368, 13, 51230], \"temperature\": 0.0, \"avg_logprob\": -0.22370406985282898, \"compression_ratio\": 1.7722513675689697, \"no_speech_prob\": 0.00012931384844705462}, {\"id\": 23, \"seek\": 2856, \"start\": 45.880001068115234, \"end\": 46.79999923706055, \"text\": \" And they're like, I already know,\", \"tokens\": [51230, 400, 436, 434, 411, 11, 286, 1217, 458, 11, 51276], \"temperature\": 0.0, \"avg_logprob\": -0.22370406985282898, \"compression_ratio\": 1.7722513675689697, \"no_speech_prob\": 0.00012931384844705462}, {\"id\": 24, \"seek\": 2856, \"start\": 46.79999923706055, \"end\": 47.84000015258789, \"text\": \" it's like, hey, you know, like,\", \"tokens\": [51276, 309, 311, 411, 11, 4177, 11, 291, 458, 11, 411, 11, 51328], \"temperature\": 0.0, \"avg_logprob\": -0.22370406985282898, \"compression_ratio\": 1.7722513675689697, \"no_speech_prob\": 0.00012931384844705462}, {\"id\": 25, \"seek\": 2856, \"start\": 47.84000015258789, \"end\": 49.040000915527344, \"text\": \" and I'll straight up tell them like,\", \"tokens\": [51328, 293, 286, 603, 2997, 493, 980, 552, 411, 11, 51388], \"temperature\": 0.0, \"avg_logprob\": -0.22370406985282898, \"compression_ratio\": 1.7722513675689697, \"no_speech_prob\": 0.00012931384844705462}, {\"id\": 26, \"seek\": 2856, \"start\": 49.040000915527344, \"end\": 50.79999923706055, \"text\": \" I'm not looking to be in a relationship,\", \"tokens\": [51388, 286, 478, 406, 1237, 281, 312, 294, 257, 2480, 11, 51476], \"temperature\": 0.0, \"avg_logprob\": -0.22370406985282898, \"compression_ratio\": 1.7722513675689697, \"no_speech_prob\": 0.00012931384844705462}, {\"id\": 27, \"seek\": 2856, \"start\": 50.79999923706055, \"end\": 53.08000183105469, \"text\": \" but if you wanna hook up, we can still do that.\", \"tokens\": [51476, 457, 498, 291, 1948, 6328, 493, 11, 321, 393, 920, 360, 300, 13, 51590], \"temperature\": 0.0, \"avg_logprob\": -0.22370406985282898, \"compression_ratio\": 1.7722513675689697, \"no_speech_prob\": 0.00012931384844705462}, {\"id\": 28, \"seek\": 2856, \"start\": 53.08000183105469, \"end\": 55.560001373291016, \"text\": \" I know immediately by seeing those red flags\", \"tokens\": [51590, 286, 458, 4258, 538, 2577, 729, 2182, 23265, 51714], \"temperature\": 0.0, \"avg_logprob\": -0.22370406985282898, \"compression_ratio\": 1.7722513675689697, \"no_speech_prob\": 0.00012931384844705462}, {\"id\": 29, \"seek\": 2856, \"start\": 55.560001373291016, \"end\": 56.79999923706055, \"text\": \" where I'm gonna go, but how do I know that?\", \"tokens\": [51714, 689, 286, 478, 799, 352, 11, 457, 577, 360, 286, 458, 300, 30, 51776], \"temperature\": 0.0, \"avg_logprob\": -0.22370406985282898, \"compression_ratio\": 1.7722513675689697, \"no_speech_prob\": 0.00012931384844705462}, {\"id\": 30, \"seek\": 2856, \"start\": 56.79999923706055, \"end\": 58.36000061035156, \"text\": \" It's from dating lots of women.\", \"tokens\": [51776, 467, 311, 490, 10689, 3195, 295, 2266, 13, 51854], \"temperature\": 0.0, \"avg_logprob\": -0.22370406985282898, \"compression_ratio\": 1.7722513675689697, \"no_speech_prob\": 0.00012931384844705462}, {\"id\": 31, \"seek\": 5836, \"start\": 59.119998931884766, \"end\": 60.63999938964844, \"text\": \" And so that's the thing that I appreciate\", \"tokens\": [50402, 400, 370, 300, 311, 264, 551, 300, 286, 4449, 50478], \"temperature\": 0.0, \"avg_logprob\": -0.21029354631900787, \"compression_ratio\": 2.0300300121307373, \"no_speech_prob\": 0.00043054623529314995}, {\"id\": 32, \"seek\": 5836, \"start\": 60.63999938964844, \"end\": 62.599998474121094, \"text\": \" about whatever they call hookup culture,\", \"tokens\": [50478, 466, 2035, 436, 818, 6328, 1010, 3713, 11, 50576], \"temperature\": 0.0, \"avg_logprob\": -0.21029354631900787, \"compression_ratio\": 2.0300300121307373, \"no_speech_prob\": 0.00043054623529314995}, {\"id\": 33, \"seek\": 5836, \"start\": 62.599998474121094, \"end\": 64.0, \"text\": \" what Rollo calls spinning plates.\", \"tokens\": [50576, 437, 9926, 78, 5498, 15640, 14231, 13, 50646], \"temperature\": 0.0, \"avg_logprob\": -0.21029354631900787, \"compression_ratio\": 2.0300300121307373, \"no_speech_prob\": 0.00043054623529314995}, {\"id\": 34, \"seek\": 5836, \"start\": 64.0, \"end\": 66.16000366210938, \"text\": \" No one's telling you to fuck 100 women.\", \"tokens\": [50646, 883, 472, 311, 3585, 291, 281, 3275, 2319, 2266, 13, 50754], \"temperature\": 0.0, \"avg_logprob\": -0.21029354631900787, \"compression_ratio\": 2.0300300121307373, \"no_speech_prob\": 0.00043054623529314995}, {\"id\": 35, \"seek\": 5836, \"start\": 66.16000366210938, \"end\": 67.69999694824219, \"text\": \" What they're telling you to do though,\", \"tokens\": [50754, 708, 436, 434, 3585, 291, 281, 360, 1673, 11, 50831], \"temperature\": 0.0, \"avg_logprob\": -0.21029354631900787, \"compression_ratio\": 2.0300300121307373, \"no_speech_prob\": 0.00043054623529314995}, {\"id\": 36, \"seek\": 5836, \"start\": 67.69999694824219, \"end\": 68.95999908447266, \"text\": \" is have enough experience,\", \"tokens\": [50831, 307, 362, 1547, 1752, 11, 50894], \"temperature\": 0.0, \"avg_logprob\": -0.21029354631900787, \"compression_ratio\": 2.0300300121307373, \"no_speech_prob\": 0.00043054623529314995}, {\"id\": 37, \"seek\": 5836, \"start\": 68.95999908447266, \"end\": 70.72000122070312, \"text\": \" and to make yourself attractive enough\", \"tokens\": [50894, 293, 281, 652, 1803, 12609, 1547, 50982], \"temperature\": 0.0, \"avg_logprob\": -0.21029354631900787, \"compression_ratio\": 2.0300300121307373, \"no_speech_prob\": 0.00043054623529314995}, {\"id\": 38, \"seek\": 5836, \"start\": 70.72000122070312, \"end\": 72.27999877929688, \"text\": \" to where when you meet that perfect girl,\", \"tokens\": [50982, 281, 689, 562, 291, 1677, 300, 2176, 2013, 11, 51060], \"temperature\": 0.0, \"avg_logprob\": -0.21029354631900787, \"compression_ratio\": 2.0300300121307373, \"no_speech_prob\": 0.00043054623529314995}, {\"id\": 39, \"seek\": 5836, \"start\": 72.27999877929688, \"end\": 73.87999725341797, \"text\": \" you're not like, blah, blah, blah.\", \"tokens\": [51060, 291, 434, 406, 411, 11, 12288, 11, 12288, 11, 12288, 13, 51140], \"temperature\": 0.0, \"avg_logprob\": -0.21029354631900787, \"compression_ratio\": 2.0300300121307373, \"no_speech_prob\": 0.00043054623529314995}, {\"id\": 40, \"seek\": 5836, \"start\": 73.87999725341797, \"end\": 75.23999786376953, \"text\": \" You don't know what to do,\", \"tokens\": [51140, 509, 500, 380, 458, 437, 281, 360, 11, 51208], \"temperature\": 0.0, \"avg_logprob\": -0.21029354631900787, \"compression_ratio\": 2.0300300121307373, \"no_speech_prob\": 0.00043054623529314995}, {\"id\": 41, \"seek\": 5836, \"start\": 75.23999786376953, \"end\": 76.36000061035156, \"text\": \" because you have enough,\", \"tokens\": [51208, 570, 291, 362, 1547, 11, 51264], \"temperature\": 0.0, \"avg_logprob\": -0.21029354631900787, \"compression_ratio\": 2.0300300121307373, \"no_speech_prob\": 0.00043054623529314995}, {\"id\": 42, \"seek\": 5836, \"start\": 76.36000061035156, \"end\": 78.23999786376953, \"text\": \" you've seen every blitz package there is.\", \"tokens\": [51264, 291, 600, 1612, 633, 888, 6862, 7372, 456, 307, 13, 51358], \"temperature\": 0.0, \"avg_logprob\": -0.21029354631900787, \"compression_ratio\": 2.0300300121307373, \"no_speech_prob\": 0.00043054623529314995}, {\"id\": 43, \"seek\": 5836, \"start\": 78.23999786376953, \"end\": 79.55999755859375, \"text\": \" You've seen the engage eight,\", \"tokens\": [51358, 509, 600, 1612, 264, 4683, 3180, 11, 51424], \"temperature\": 0.0, \"avg_logprob\": -0.21029354631900787, \"compression_ratio\": 2.0300300121307373, \"no_speech_prob\": 0.00043054623529314995}, {\"id\": 44, \"seek\": 5836, \"start\": 79.55999755859375, \"end\": 80.44000244140625, \"text\": \" you've seen cover four,\", \"tokens\": [51424, 291, 600, 1612, 2060, 1451, 11, 51468], \"temperature\": 0.0, \"avg_logprob\": -0.21029354631900787, \"compression_ratio\": 2.0300300121307373, \"no_speech_prob\": 0.00043054623529314995}, {\"id\": 45, \"seek\": 5836, \"start\": 80.44000244140625, \"end\": 82.4000015258789, \"text\": \" you've seen, you know, cover two, man,\", \"tokens\": [51468, 291, 600, 1612, 11, 291, 458, 11, 2060, 732, 11, 587, 11, 51566], \"temperature\": 0.0, \"avg_logprob\": -0.21029354631900787, \"compression_ratio\": 2.0300300121307373, \"no_speech_prob\": 0.00043054623529314995}, {\"id\": 46, \"seek\": 5836, \"start\": 82.4000015258789, \"end\": 84.27999877929688, \"text\": \" you've seen every single blitz package there is.\", \"tokens\": [51566, 291, 600, 1612, 633, 2167, 888, 6862, 7372, 456, 307, 13, 51660], \"temperature\": 0.0, \"avg_logprob\": -0.21029354631900787, \"compression_ratio\": 2.0300300121307373, \"no_speech_prob\": 0.00043054623529314995}, {\"id\": 47, \"seek\": 5836, \"start\": 84.27999877929688, \"end\": 85.5999984741211, \"text\": \" So you know what that looks like.\", \"tokens\": [51660, 407, 291, 458, 437, 300, 1542, 411, 13, 51726], \"temperature\": 0.0, \"avg_logprob\": -0.21029354631900787, \"compression_ratio\": 2.0300300121307373, \"no_speech_prob\": 0.00043054623529314995}, {\"id\": 48, \"seek\": 5836, \"start\": 85.5999984741211, \"end\": 86.91999816894531, \"text\": \" So now when you meet that girl,\", \"tokens\": [51726, 407, 586, 562, 291, 1677, 300, 2013, 11, 51792], \"temperature\": 0.0, \"avg_logprob\": -0.21029354631900787, \"compression_ratio\": 2.0300300121307373, \"no_speech_prob\": 0.00043054623529314995}, {\"id\": 49, \"seek\": 5836, \"start\": 86.91999816894531, \"end\": 88.22000122070312, \"text\": \" you have the experience to do that.\", \"tokens\": [51792, 291, 362, 264, 1752, 281, 360, 300, 13, 51857], \"temperature\": 0.0, \"avg_logprob\": -0.21029354631900787, \"compression_ratio\": 2.0300300121307373, \"no_speech_prob\": 0.00043054623529314995}, {\"id\": 50, \"seek\": 8822, \"start\": 89.08000183105469, \"end\": 89.91999816894531, \"text\": \" As a woman who's very attractive\", \"tokens\": [50407, 1018, 257, 3059, 567, 311, 588, 12609, 50449], \"temperature\": 0.0, \"avg_logprob\": -0.20773889124393463, \"compression_ratio\": 1.9615384340286255, \"no_speech_prob\": 0.006387925706803799}, {\"id\": 51, \"seek\": 8822, \"start\": 89.91999816894531, \"end\": 90.86000061035156, \"text\": \" and has a low body count,\", \"tokens\": [50449, 293, 575, 257, 2295, 1772, 1207, 11, 50496], \"temperature\": 0.0, \"avg_logprob\": -0.20773889124393463, \"compression_ratio\": 1.9615384340286255, \"no_speech_prob\": 0.006387925706803799}, {\"id\": 52, \"seek\": 8822, \"start\": 90.86000061035156, \"end\": 92.4800033569336, \"text\": \" she doesn't have to do that.\", \"tokens\": [50496, 750, 1177, 380, 362, 281, 360, 300, 13, 50577], \"temperature\": 0.0, \"avg_logprob\": -0.20773889124393463, \"compression_ratio\": 1.9615384340286255, \"no_speech_prob\": 0.006387925706803799}, {\"id\": 53, \"seek\": 8822, \"start\": 92.4800033569336, \"end\": 94.0999984741211, \"text\": \" She doesn't need experience.\", \"tokens\": [50577, 1240, 1177, 380, 643, 1752, 13, 50658], \"temperature\": 0.0, \"avg_logprob\": -0.20773889124393463, \"compression_ratio\": 1.9615384340286255, \"no_speech_prob\": 0.006387925706803799}, {\"id\": 54, \"seek\": 8822, \"start\": 94.0999984741211, \"end\": 97.16000366210938, \"text\": \" A stunning woman doesn't need experience dating.\", \"tokens\": [50658, 316, 18550, 3059, 1177, 380, 643, 1752, 10689, 13, 50811], \"temperature\": 0.0, \"avg_logprob\": -0.20773889124393463, \"compression_ratio\": 1.9615384340286255, \"no_speech_prob\": 0.006387925706803799}, {\"id\": 55, \"seek\": 8822, \"start\": 97.16000366210938, \"end\": 98.0, \"text\": \" She doesn't.\", \"tokens\": [50811, 1240, 1177, 380, 13, 50853], \"temperature\": 0.0, \"avg_logprob\": -0.20773889124393463, \"compression_ratio\": 1.9615384340286255, \"no_speech_prob\": 0.006387925706803799}, {\"id\": 56, \"seek\": 8822, \"start\": 98.0, \"end\": 98.81999969482422, \"text\": \" No, she doesn't.\", \"tokens\": [50853, 883, 11, 750, 1177, 380, 13, 50894], \"temperature\": 0.0, \"avg_logprob\": -0.20773889124393463, \"compression_ratio\": 1.9615384340286255, \"no_speech_prob\": 0.006387925706803799}, {\"id\": 57, \"seek\": 8822, \"start\": 98.81999969482422, \"end\": 100.05999755859375, \"text\": \" No, she needs experience to know\", \"tokens\": [50894, 883, 11, 750, 2203, 1752, 281, 458, 50956], \"temperature\": 0.0, \"avg_logprob\": -0.20773889124393463, \"compression_ratio\": 1.9615384340286255, \"no_speech_prob\": 0.006387925706803799}, {\"id\": 58, \"seek\": 8822, \"start\": 100.05999755859375, \"end\": 101.68000030517578, \"text\": \" when a guy's a piece of shit or not,\", \"tokens\": [50956, 562, 257, 2146, 311, 257, 2522, 295, 4611, 420, 406, 11, 51037], \"temperature\": 0.0, \"avg_logprob\": -0.20773889124393463, \"compression_ratio\": 1.9615384340286255, \"no_speech_prob\": 0.006387925706803799}, {\"id\": 59, \"seek\": 8822, \"start\": 101.68000030517578, \"end\": 103.83999633789062, \"text\": \" but she doesn't need to fuck him in order to do that.\", \"tokens\": [51037, 457, 750, 1177, 380, 643, 281, 3275, 796, 294, 1668, 281, 360, 300, 13, 51145], \"temperature\": 0.0, \"avg_logprob\": -0.20773889124393463, \"compression_ratio\": 1.9615384340286255, \"no_speech_prob\": 0.006387925706803799}, {\"id\": 60, \"seek\": 8822, \"start\": 103.83999633789062, \"end\": 105.9800033569336, \"text\": \" She can do that through male family members\", \"tokens\": [51145, 1240, 393, 360, 300, 807, 7133, 1605, 2679, 51252], \"temperature\": 0.0, \"avg_logprob\": -0.20773889124393463, \"compression_ratio\": 1.9615384340286255, \"no_speech_prob\": 0.006387925706803799}, {\"id\": 61, \"seek\": 8822, \"start\": 105.9800033569336, \"end\": 107.9800033569336, \"text\": \" or female friends who can help her.\", \"tokens\": [51252, 420, 6556, 1855, 567, 393, 854, 720, 13, 51352], \"temperature\": 0.0, \"avg_logprob\": -0.20773889124393463, \"compression_ratio\": 1.9615384340286255, \"no_speech_prob\": 0.006387925706803799}, {\"id\": 62, \"seek\": 8822, \"start\": 107.9800033569336, \"end\": 109.33999633789062, \"text\": \" Hey, let me look at the background\", \"tokens\": [51352, 1911, 11, 718, 385, 574, 412, 264, 3678, 51420], \"temperature\": 0.0, \"avg_logprob\": -0.20773889124393463, \"compression_ratio\": 1.9615384340286255, \"no_speech_prob\": 0.006387925706803799}, {\"id\": 63, \"seek\": 8822, \"start\": 109.33999633789062, \"end\": 110.5, \"text\": \" of this guy that you're dating.\", \"tokens\": [51420, 295, 341, 2146, 300, 291, 434, 10689, 13, 51478], \"temperature\": 0.0, \"avg_logprob\": -0.20773889124393463, \"compression_ratio\": 1.9615384340286255, \"no_speech_prob\": 0.006387925706803799}, {\"id\": 64, \"seek\": 8822, \"start\": 110.5, \"end\": 112.13999938964844, \"text\": \" She can do that through social media.\", \"tokens\": [51478, 1240, 393, 360, 300, 807, 2093, 3021, 13, 51560], \"temperature\": 0.0, \"avg_logprob\": -0.20773889124393463, \"compression_ratio\": 1.9615384340286255, \"no_speech_prob\": 0.006387925706803799}, {\"id\": 65, \"seek\": 8822, \"start\": 112.13999938964844, \"end\": 114.81999969482422, \"text\": \" Women do not need, women, super attractive women.\", \"tokens\": [51560, 11065, 360, 406, 643, 11, 2266, 11, 1687, 12609, 2266, 13, 51694], \"temperature\": 0.0, \"avg_logprob\": -0.20773889124393463, \"compression_ratio\": 1.9615384340286255, \"no_speech_prob\": 0.006387925706803799}, {\"id\": 66, \"seek\": 8822, \"start\": 114.81999969482422, \"end\": 115.72000122070312, \"text\": \" Sorry to tell you this.\", \"tokens\": [51694, 4919, 281, 980, 291, 341, 13, 51739], \"temperature\": 0.0, \"avg_logprob\": -0.20773889124393463, \"compression_ratio\": 1.9615384340286255, \"no_speech_prob\": 0.006387925706803799}, {\"id\": 67, \"seek\": 8822, \"start\": 115.72000122070312, \"end\": 117.0999984741211, \"text\": \" They don't need to be good in bed\", \"tokens\": [51739, 814, 500, 380, 643, 281, 312, 665, 294, 2901, 51808], \"temperature\": 0.0, \"avg_logprob\": -0.20773889124393463, \"compression_ratio\": 1.9615384340286255, \"no_speech_prob\": 0.006387925706803799}, {\"id\": 68, \"seek\": 11710, \"start\": 117.0999984741211, \"end\": 118.9000015258789, \"text\": \" and they don't need to learn how to date.\", \"tokens\": [50364, 293, 436, 500, 380, 643, 281, 1466, 577, 281, 4002, 13, 50454], \"temperature\": 0.0, \"avg_logprob\": -0.23793651163578033, \"compression_ratio\": 1.8231511116027832, \"no_speech_prob\": 0.0013669722247868776}, {\"id\": 69, \"seek\": 11710, \"start\": 118.9000015258789, \"end\": 119.83999633789062, \"text\": \" They're super attractive.\", \"tokens\": [50454, 814, 434, 1687, 12609, 13, 50501], \"temperature\": 0.0, \"avg_logprob\": -0.23793651163578033, \"compression_ratio\": 1.8231511116027832, \"no_speech_prob\": 0.0013669722247868776}, {\"id\": 70, \"seek\": 11710, \"start\": 119.83999633789062, \"end\": 120.68000030517578, \"text\": \" Don't worry about that.\", \"tokens\": [50501, 1468, 380, 3292, 466, 300, 13, 50543], \"temperature\": 0.0, \"avg_logprob\": -0.23793651163578033, \"compression_ratio\": 1.8231511116027832, \"no_speech_prob\": 0.0013669722247868776}, {\"id\": 71, \"seek\": 11710, \"start\": 120.68000030517578, \"end\": 122.0199966430664, \"text\": \" That's not something that they have to do\", \"tokens\": [50543, 663, 311, 406, 746, 300, 436, 362, 281, 360, 50610], \"temperature\": 0.0, \"avg_logprob\": -0.23793651163578033, \"compression_ratio\": 1.8231511116027832, \"no_speech_prob\": 0.0013669722247868776}, {\"id\": 72, \"seek\": 11710, \"start\": 122.0199966430664, \"end\": 123.13999938964844, \"text\": \" in order to improve.\", \"tokens\": [50610, 294, 1668, 281, 3470, 13, 50666], \"temperature\": 0.0, \"avg_logprob\": -0.23793651163578033, \"compression_ratio\": 1.8231511116027832, \"no_speech_prob\": 0.0013669722247868776}, {\"id\": 73, \"seek\": 11710, \"start\": 123.13999938964844, \"end\": 125.94000244140625, \"text\": \" Men, we do because we're judged on our performance.\", \"tokens\": [50666, 6685, 11, 321, 360, 570, 321, 434, 27485, 322, 527, 3389, 13, 50806], \"temperature\": 0.0, \"avg_logprob\": -0.23793651163578033, \"compression_ratio\": 1.8231511116027832, \"no_speech_prob\": 0.0013669722247868776}, {\"id\": 74, \"seek\": 11710, \"start\": 127.30000305175781, \"end\": 128.13999938964844, \"text\": \" Yeah.\", \"tokens\": [50874, 865, 13, 50916], \"temperature\": 0.0, \"avg_logprob\": -0.23793651163578033, \"compression_ratio\": 1.8231511116027832, \"no_speech_prob\": 0.0013669722247868776}, {\"id\": 75, \"seek\": 11710, \"start\": 128.13999938964844, \"end\": 130.89999389648438, \"text\": \" Yeah, that was a good rant right there.\", \"tokens\": [50916, 865, 11, 300, 390, 257, 665, 45332, 558, 456, 13, 51054], \"temperature\": 0.0, \"avg_logprob\": -0.23793651163578033, \"compression_ratio\": 1.8231511116027832, \"no_speech_prob\": 0.0013669722247868776}, {\"id\": 76, \"seek\": 11710, \"start\": 130.89999389648438, \"end\": 131.74000549316406, \"text\": \" No, that was perfect.\", \"tokens\": [51054, 883, 11, 300, 390, 2176, 13, 51096], \"temperature\": 0.0, \"avg_logprob\": -0.23793651163578033, \"compression_ratio\": 1.8231511116027832, \"no_speech_prob\": 0.0013669722247868776}, {\"id\": 77, \"seek\": 11710, \"start\": 131.74000549316406, \"end\": 132.55999755859375, \"text\": \" I agree with all of it.\", \"tokens\": [51096, 286, 3986, 365, 439, 295, 309, 13, 51137], \"temperature\": 0.0, \"avg_logprob\": -0.23793651163578033, \"compression_ratio\": 1.8231511116027832, \"no_speech_prob\": 0.0013669722247868776}, {\"id\": 78, \"seek\": 11710, \"start\": 132.55999755859375, \"end\": 134.02000427246094, \"text\": \" I think there's two things that you said\", \"tokens\": [51137, 286, 519, 456, 311, 732, 721, 300, 291, 848, 51210], \"temperature\": 0.0, \"avg_logprob\": -0.23793651163578033, \"compression_ratio\": 1.8231511116027832, \"no_speech_prob\": 0.0013669722247868776}, {\"id\": 79, \"seek\": 11710, \"start\": 134.02000427246094, \"end\": 135.10000610351562, \"text\": \" that stand out to me.\", \"tokens\": [51210, 300, 1463, 484, 281, 385, 13, 51264], \"temperature\": 0.0, \"avg_logprob\": -0.23793651163578033, \"compression_ratio\": 1.8231511116027832, \"no_speech_prob\": 0.0013669722247868776}, {\"id\": 80, \"seek\": 11710, \"start\": 135.10000610351562, \"end\": 137.3000030517578, \"text\": \" One is, I think, a more general thing\", \"tokens\": [51264, 1485, 307, 11, 286, 519, 11, 257, 544, 2674, 551, 51374], \"temperature\": 0.0, \"avg_logprob\": -0.23793651163578033, \"compression_ratio\": 1.8231511116027832, \"no_speech_prob\": 0.0013669722247868776}, {\"id\": 81, \"seek\": 11710, \"start\": 137.3000030517578, \"end\": 139.89999389648438, \"text\": \" that I think a problem, not now,\", \"tokens\": [51374, 300, 286, 519, 257, 1154, 11, 406, 586, 11, 51504], \"temperature\": 0.0, \"avg_logprob\": -0.23793651163578033, \"compression_ratio\": 1.8231511116027832, \"no_speech_prob\": 0.0013669722247868776}, {\"id\": 82, \"seek\": 11710, \"start\": 139.89999389648438, \"end\": 140.74000549316406, \"text\": \" this is a problem always,\", \"tokens\": [51504, 341, 307, 257, 1154, 1009, 11, 51546], \"temperature\": 0.0, \"avg_logprob\": -0.23793651163578033, \"compression_ratio\": 1.8231511116027832, \"no_speech_prob\": 0.0013669722247868776}, {\"id\": 83, \"seek\": 11710, \"start\": 140.74000549316406, \"end\": 143.5399932861328, \"text\": \" is people get too wrapped up in caring\", \"tokens\": [51546, 307, 561, 483, 886, 14226, 493, 294, 15365, 51686], \"temperature\": 0.0, \"avg_logprob\": -0.23793651163578033, \"compression_ratio\": 1.8231511116027832, \"no_speech_prob\": 0.0013669722247868776}, {\"id\": 84, \"seek\": 11710, \"start\": 143.5399932861328, \"end\": 145.5399932861328, \"text\": \" about what other people do\", \"tokens\": [51686, 466, 437, 661, 561, 360, 51786], \"temperature\": 0.0, \"avg_logprob\": -0.23793651163578033, \"compression_ratio\": 1.8231511116027832, \"no_speech_prob\": 0.0013669722247868776}, {\"id\": 85, \"seek\": 11710, \"start\": 145.5399932861328, \"end\": 146.82000732421875, \"text\": \" and what other people do with their lives.\", \"tokens\": [51786, 293, 437, 661, 561, 360, 365, 641, 2909, 13, 51850], \"temperature\": 0.0, \"avg_logprob\": -0.23793651163578033, \"compression_ratio\": 1.8231511116027832, \"no_speech_prob\": 0.0013669722247868776}, {\"id\": 86, \"seek\": 14682, \"start\": 147.6999969482422, \"end\": 149.10000610351562, \"text\": \" There's a general benefit\", \"tokens\": [50408, 821, 311, 257, 2674, 5121, 50478], \"temperature\": 0.0, \"avg_logprob\": -0.23605065047740936, \"compression_ratio\": 1.9205882549285889, \"no_speech_prob\": 0.0012065496994182467}, {\"id\": 87, \"seek\": 14682, \"start\": 149.10000610351562, \"end\": 150.66000366210938, \"text\": \" to just not being bitter towards other people.\", \"tokens\": [50478, 281, 445, 406, 885, 13871, 3030, 661, 561, 13, 50556], \"temperature\": 0.0, \"avg_logprob\": -0.23605065047740936, \"compression_ratio\": 1.9205882549285889, \"no_speech_prob\": 0.0012065496994182467}, {\"id\": 88, \"seek\": 14682, \"start\": 150.66000366210938, \"end\": 152.05999755859375, \"text\": \" That includes being bitter towards men\", \"tokens\": [50556, 663, 5974, 885, 13871, 3030, 1706, 50626], \"temperature\": 0.0, \"avg_logprob\": -0.23605065047740936, \"compression_ratio\": 1.9205882549285889, \"no_speech_prob\": 0.0012065496994182467}, {\"id\": 89, \"seek\": 14682, \"start\": 152.05999755859375, \"end\": 153.0399932861328, \"text\": \" who are more successful than you,\", \"tokens\": [50626, 567, 366, 544, 4406, 813, 291, 11, 50675], \"temperature\": 0.0, \"avg_logprob\": -0.23605065047740936, \"compression_ratio\": 1.9205882549285889, \"no_speech_prob\": 0.0012065496994182467}, {\"id\": 90, \"seek\": 14682, \"start\": 153.0399932861328, \"end\": 154.10000610351562, \"text\": \" being bitter towards women\", \"tokens\": [50675, 885, 13871, 3030, 2266, 50728], \"temperature\": 0.0, \"avg_logprob\": -0.23605065047740936, \"compression_ratio\": 1.9205882549285889, \"no_speech_prob\": 0.0012065496994182467}, {\"id\": 91, \"seek\": 14682, \"start\": 154.10000610351562, \"end\": 156.66000366210938, \"text\": \" who want to hook up with a lot of guys.\", \"tokens\": [50728, 567, 528, 281, 6328, 493, 365, 257, 688, 295, 1074, 13, 50856], \"temperature\": 0.0, \"avg_logprob\": -0.23605065047740936, \"compression_ratio\": 1.9205882549285889, \"no_speech_prob\": 0.0012065496994182467}, {\"id\": 92, \"seek\": 14682, \"start\": 156.66000366210938, \"end\": 157.8800048828125, \"text\": \" I think the best way to live life\", \"tokens\": [50856, 286, 519, 264, 1151, 636, 281, 1621, 993, 50917], \"temperature\": 0.0, \"avg_logprob\": -0.23605065047740936, \"compression_ratio\": 1.9205882549285889, \"no_speech_prob\": 0.0012065496994182467}, {\"id\": 93, \"seek\": 14682, \"start\": 157.8800048828125, \"end\": 160.8000030517578, \"text\": \" is not to worry too much about other people are doing\", \"tokens\": [50917, 307, 406, 281, 3292, 886, 709, 466, 661, 561, 366, 884, 51063], \"temperature\": 0.0, \"avg_logprob\": -0.23605065047740936, \"compression_ratio\": 1.9205882549285889, \"no_speech_prob\": 0.0012065496994182467}, {\"id\": 94, \"seek\": 14682, \"start\": 160.8000030517578, \"end\": 162.36000061035156, \"text\": \" because that's just gonna cause,\", \"tokens\": [51063, 570, 300, 311, 445, 799, 3082, 11, 51141], \"temperature\": 0.0, \"avg_logprob\": -0.23605065047740936, \"compression_ratio\": 1.9205882549285889, \"no_speech_prob\": 0.0012065496994182467}, {\"id\": 95, \"seek\": 14682, \"start\": 162.36000061035156, \"end\": 163.4199981689453, \"text\": \" there's no win there, right?\", \"tokens\": [51141, 456, 311, 572, 1942, 456, 11, 558, 30, 51194], \"temperature\": 0.0, \"avg_logprob\": -0.23605065047740936, \"compression_ratio\": 1.9205882549285889, \"no_speech_prob\": 0.0012065496994182467}, {\"id\": 96, \"seek\": 14682, \"start\": 163.4199981689453, \"end\": 164.97999572753906, \"text\": \" That's only negative.\", \"tokens\": [51194, 663, 311, 787, 3671, 13, 51272], \"temperature\": 0.0, \"avg_logprob\": -0.23605065047740936, \"compression_ratio\": 1.9205882549285889, \"no_speech_prob\": 0.0012065496994182467}, {\"id\": 97, \"seek\": 14682, \"start\": 164.97999572753906, \"end\": 166.02000427246094, \"text\": \" That's anxiety.\", \"tokens\": [51272, 663, 311, 9119, 13, 51324], \"temperature\": 0.0, \"avg_logprob\": -0.23605065047740936, \"compression_ratio\": 1.9205882549285889, \"no_speech_prob\": 0.0012065496994182467}, {\"id\": 98, \"seek\": 14682, \"start\": 166.02000427246094, \"end\": 167.3000030517578, \"text\": \" You're gonna get caught up worrying\", \"tokens\": [51324, 509, 434, 799, 483, 5415, 493, 18788, 51388], \"temperature\": 0.0, \"avg_logprob\": -0.23605065047740936, \"compression_ratio\": 1.9205882549285889, \"no_speech_prob\": 0.0012065496994182467}, {\"id\": 99, \"seek\": 14682, \"start\": 167.3000030517578, \"end\": 169.9600067138672, \"text\": \" about all these other problems that aren't your own\", \"tokens\": [51388, 466, 439, 613, 661, 2740, 300, 3212, 380, 428, 1065, 51521], \"temperature\": 0.0, \"avg_logprob\": -0.23605065047740936, \"compression_ratio\": 1.9205882549285889, \"no_speech_prob\": 0.0012065496994182467}, {\"id\": 100, \"seek\": 14682, \"start\": 169.9600067138672, \"end\": 171.5, \"text\": \" and then your life's probably not gonna be as good\", \"tokens\": [51521, 293, 550, 428, 993, 311, 1391, 406, 799, 312, 382, 665, 51598], \"temperature\": 0.0, \"avg_logprob\": -0.23605065047740936, \"compression_ratio\": 1.9205882549285889, \"no_speech_prob\": 0.0012065496994182467}, {\"id\": 101, \"seek\": 14682, \"start\": 171.5, \"end\": 173.17999267578125, \"text\": \" because you're just not gonna be prioritizing\", \"tokens\": [51598, 570, 291, 434, 445, 406, 799, 312, 14846, 3319, 51682], \"temperature\": 0.0, \"avg_logprob\": -0.23605065047740936, \"compression_ratio\": 1.9205882549285889, \"no_speech_prob\": 0.0012065496994182467}, {\"id\": 102, \"seek\": 14682, \"start\": 173.17999267578125, \"end\": 175.17999267578125, \"text\": \" the action you're taking in your own life.\", \"tokens\": [51682, 264, 3069, 291, 434, 1940, 294, 428, 1065, 993, 13, 51782], \"temperature\": 0.0, \"avg_logprob\": -0.23605065047740936, \"compression_ratio\": 1.9205882549285889, \"no_speech_prob\": 0.0012065496994182467}, {\"id\": 103, \"seek\": 14682, \"start\": 175.17999267578125, \"end\": 176.02000427246094, \"text\": \" But the second thing is,\", \"tokens\": [51782, 583, 264, 1150, 551, 307, 11, 51824], \"temperature\": 0.0, \"avg_logprob\": -0.23605065047740936, \"compression_ratio\": 1.9205882549285889, \"no_speech_prob\": 0.0012065496994182467}, {\"id\": 104, \"seek\": 17602, \"start\": 176.02000427246094, \"end\": 178.33999633789062, \"text\": \" I think there's guys who are early on\", \"tokens\": [50364, 286, 519, 456, 311, 1074, 567, 366, 2440, 322, 50480], \"temperature\": 0.0, \"avg_logprob\": -0.24103133380413055, \"compression_ratio\": 1.7208589315414429, \"no_speech_prob\": 0.0040070656687021255}, {\"id\": 105, \"seek\": 17602, \"start\": 178.33999633789062, \"end\": 179.17999267578125, \"text\": \" in their journey with women.\", \"tokens\": [50480, 294, 641, 4671, 365, 2266, 13, 50522], \"temperature\": 0.0, \"avg_logprob\": -0.24103133380413055, \"compression_ratio\": 1.7208589315414429, \"no_speech_prob\": 0.0040070656687021255}, {\"id\": 106, \"seek\": 17602, \"start\": 179.17999267578125, \"end\": 181.4600067138672, \"text\": \" They're so, they get so focused\", \"tokens\": [50522, 814, 434, 370, 11, 436, 483, 370, 5178, 50636], \"temperature\": 0.0, \"avg_logprob\": -0.24103133380413055, \"compression_ratio\": 1.7208589315414429, \"no_speech_prob\": 0.0040070656687021255}, {\"id\": 107, \"seek\": 17602, \"start\": 181.4600067138672, \"end\": 184.05999755859375, \"text\": \" on all these little things that we're talking about.\", \"tokens\": [50636, 322, 439, 613, 707, 721, 300, 321, 434, 1417, 466, 13, 50766], \"temperature\": 0.0, \"avg_logprob\": -0.24103133380413055, \"compression_ratio\": 1.7208589315414429, \"no_speech_prob\": 0.0040070656687021255}, {\"id\": 108, \"seek\": 17602, \"start\": 184.05999755859375, \"end\": 185.52000427246094, \"text\": \" And maybe it's about body count.\", \"tokens\": [50766, 400, 1310, 309, 311, 466, 1772, 1207, 13, 50839], \"temperature\": 0.0, \"avg_logprob\": -0.24103133380413055, \"compression_ratio\": 1.7208589315414429, \"no_speech_prob\": 0.0040070656687021255}, {\"id\": 109, \"seek\": 17602, \"start\": 185.52000427246094, \"end\": 187.66000366210938, \"text\": \" Maybe it's just a generally approach to anxiety.\", \"tokens\": [50839, 2704, 309, 311, 445, 257, 5101, 3109, 281, 9119, 13, 50946], \"temperature\": 0.0, \"avg_logprob\": -0.24103133380413055, \"compression_ratio\": 1.7208589315414429, \"no_speech_prob\": 0.0040070656687021255}, {\"id\": 110, \"seek\": 17602, \"start\": 187.66000366210938, \"end\": 189.97999572753906, \"text\": \" Maybe it's, I don't know,\", \"tokens\": [50946, 2704, 309, 311, 11, 286, 500, 380, 458, 11, 51062], \"temperature\": 0.0, \"avg_logprob\": -0.24103133380413055, \"compression_ratio\": 1.7208589315414429, \"no_speech_prob\": 0.0040070656687021255}, {\"id\": 111, \"seek\": 17602, \"start\": 189.97999572753906, \"end\": 192.74000549316406, \"text\": \" absorbing all these different dating advice content\", \"tokens\": [51062, 38720, 439, 613, 819, 10689, 5192, 2701, 51200], \"temperature\": 0.0, \"avg_logprob\": -0.24103133380413055, \"compression_ratio\": 1.7208589315414429, \"no_speech_prob\": 0.0040070656687021255}, {\"id\": 112, \"seek\": 17602, \"start\": 192.74000549316406, \"end\": 195.4199981689453, \"text\": \" or red pill content and trying to figure it out.\", \"tokens\": [51200, 420, 2182, 8100, 2701, 293, 1382, 281, 2573, 309, 484, 13, 51334], \"temperature\": 0.0, \"avg_logprob\": -0.24103133380413055, \"compression_ratio\": 1.7208589315414429, \"no_speech_prob\": 0.0040070656687021255}, {\"id\": 113, \"seek\": 17602, \"start\": 195.4199981689453, \"end\": 197.1999969482422, \"text\": \" But the real challenge comes\", \"tokens\": [51334, 583, 264, 957, 3430, 1487, 51423], \"temperature\": 0.0, \"avg_logprob\": -0.24103133380413055, \"compression_ratio\": 1.7208589315414429, \"no_speech_prob\": 0.0040070656687021255}, {\"id\": 114, \"seek\": 17602, \"start\": 197.1999969482422, \"end\": 198.89999389648438, \"text\": \" in building a healthy relationship, right?\", \"tokens\": [51423, 294, 2390, 257, 4627, 2480, 11, 558, 30, 51508], \"temperature\": 0.0, \"avg_logprob\": -0.24103133380413055, \"compression_ratio\": 1.7208589315414429, \"no_speech_prob\": 0.0040070656687021255}, {\"id\": 115, \"seek\": 17602, \"start\": 198.89999389648438, \"end\": 202.3000030517578, \"text\": \" I think once you figure out the early stages of dating,\", \"tokens\": [51508, 286, 519, 1564, 291, 2573, 484, 264, 2440, 10232, 295, 10689, 11, 51678], \"temperature\": 0.0, \"avg_logprob\": -0.24103133380413055, \"compression_ratio\": 1.7208589315414429, \"no_speech_prob\": 0.0040070656687021255}, {\"id\": 116, \"seek\": 17602, \"start\": 202.3000030517578, \"end\": 204.02000427246094, \"text\": \" meeting girls, hooking up with girls,\", \"tokens\": [51678, 3440, 4519, 11, 1106, 5953, 493, 365, 4519, 11, 51764], \"temperature\": 0.0, \"avg_logprob\": -0.24103133380413055, \"compression_ratio\": 1.7208589315414429, \"no_speech_prob\": 0.0040070656687021255}, {\"id\": 117, \"seek\": 17602, \"start\": 204.02000427246094, \"end\": 205.5399932861328, \"text\": \" that's relatively straightforward.\", \"tokens\": [51764, 300, 311, 7226, 15325, 13, 51840], \"temperature\": 0.0, \"avg_logprob\": -0.24103133380413055, \"compression_ratio\": 1.7208589315414429, \"no_speech_prob\": 0.0040070656687021255}, {\"id\": 118, \"seek\": 20554, \"start\": 206.05999755859375, \"end\": 207.22000122070312, \"text\": \" It's almost like copy paste, basically.\", \"tokens\": [50390, 467, 311, 1920, 411, 5055, 9163, 11, 1936, 13, 50448], \"temperature\": 0.0, \"avg_logprob\": -0.2402627170085907, \"compression_ratio\": 1.8513513803482056, \"no_speech_prob\": 0.0007672790670767426}, {\"id\": 119, \"seek\": 20554, \"start\": 207.22000122070312, \"end\": 210.33999633789062, \"text\": \" It's more like learning to set boundaries\", \"tokens\": [50448, 467, 311, 544, 411, 2539, 281, 992, 13180, 50604], \"temperature\": 0.0, \"avg_logprob\": -0.2402627170085907, \"compression_ratio\": 1.8513513803482056, \"no_speech_prob\": 0.0007672790670767426}, {\"id\": 120, \"seek\": 20554, \"start\": 210.33999633789062, \"end\": 212.6199951171875, \"text\": \" at the right times at the beginning of relationships\", \"tokens\": [50604, 412, 264, 558, 1413, 412, 264, 2863, 295, 6159, 50718], \"temperature\": 0.0, \"avg_logprob\": -0.2402627170085907, \"compression_ratio\": 1.8513513803482056, \"no_speech_prob\": 0.0007672790670767426}, {\"id\": 121, \"seek\": 20554, \"start\": 212.6199951171875, \"end\": 214.17999267578125, \"text\": \" that most people, men and women aren't good at,\", \"tokens\": [50718, 300, 881, 561, 11, 1706, 293, 2266, 3212, 380, 665, 412, 11, 50796], \"temperature\": 0.0, \"avg_logprob\": -0.2402627170085907, \"compression_ratio\": 1.8513513803482056, \"no_speech_prob\": 0.0007672790670767426}, {\"id\": 122, \"seek\": 20554, \"start\": 214.17999267578125, \"end\": 218.5800018310547, \"text\": \" which is why most relationships are quite not ideal.\", \"tokens\": [50796, 597, 307, 983, 881, 6159, 366, 1596, 406, 7157, 13, 51016], \"temperature\": 0.0, \"avg_logprob\": -0.2402627170085907, \"compression_ratio\": 1.8513513803482056, \"no_speech_prob\": 0.0007672790670767426}, {\"id\": 123, \"seek\": 20554, \"start\": 218.5800018310547, \"end\": 221.66000366210938, \"text\": \" And I think that there's also just a lack of focus on that,\", \"tokens\": [51016, 400, 286, 519, 300, 456, 311, 611, 445, 257, 5011, 295, 1879, 322, 300, 11, 51170], \"temperature\": 0.0, \"avg_logprob\": -0.2402627170085907, \"compression_ratio\": 1.8513513803482056, \"no_speech_prob\": 0.0007672790670767426}, {\"id\": 124, \"seek\": 20554, \"start\": 221.66000366210938, \"end\": 222.6999969482422, \"text\": \" but I guess it's less sexy\", \"tokens\": [51170, 457, 286, 2041, 309, 311, 1570, 13701, 51222], \"temperature\": 0.0, \"avg_logprob\": -0.2402627170085907, \"compression_ratio\": 1.8513513803482056, \"no_speech_prob\": 0.0007672790670767426}, {\"id\": 125, \"seek\": 20554, \"start\": 222.6999969482422, \"end\": 224.17999267578125, \"text\": \" than talking about all the other stuff.\", \"tokens\": [51222, 813, 1417, 466, 439, 264, 661, 1507, 13, 51296], \"temperature\": 0.0, \"avg_logprob\": -0.2402627170085907, \"compression_ratio\": 1.8513513803482056, \"no_speech_prob\": 0.0007672790670767426}, {\"id\": 126, \"seek\": 20554, \"start\": 224.17999267578125, \"end\": 226.74000549316406, \"text\": \" But if people started actually learning\", \"tokens\": [51296, 583, 498, 561, 1409, 767, 2539, 51424], \"temperature\": 0.0, \"avg_logprob\": -0.2402627170085907, \"compression_ratio\": 1.8513513803482056, \"no_speech_prob\": 0.0007672790670767426}, {\"id\": 127, \"seek\": 20554, \"start\": 226.74000549316406, \"end\": 228.6199951171875, \"text\": \" from mistakes that they made or their friends made\", \"tokens\": [51424, 490, 8038, 300, 436, 1027, 420, 641, 1855, 1027, 51518], \"temperature\": 0.0, \"avg_logprob\": -0.2402627170085907, \"compression_ratio\": 1.8513513803482056, \"no_speech_prob\": 0.0007672790670767426}, {\"id\": 128, \"seek\": 20554, \"start\": 228.6199951171875, \"end\": 231.74000549316406, \"text\": \" or their parents made in their relationships,\", \"tokens\": [51518, 420, 641, 3152, 1027, 294, 641, 6159, 11, 51674], \"temperature\": 0.0, \"avg_logprob\": -0.2402627170085907, \"compression_ratio\": 1.8513513803482056, \"no_speech_prob\": 0.0007672790670767426}, {\"id\": 129, \"seek\": 20554, \"start\": 231.74000549316406, \"end\": 234.47999572753906, \"text\": \" that would lead to better overall relationships.\", \"tokens\": [51674, 300, 576, 1477, 281, 1101, 4787, 6159, 13, 51811], \"temperature\": 0.0, \"avg_logprob\": -0.2402627170085907, \"compression_ratio\": 1.8513513803482056, \"no_speech_prob\": 0.0007672790670767426}, {\"id\": 130, \"seek\": 23448, \"start\": 234.47999572753906, \"end\": 236.72000122070312, \"text\": \" But I guess we don't live in an ideal world.\", \"tokens\": [50364, 583, 286, 2041, 321, 500, 380, 1621, 294, 364, 7157, 1002, 13, 50476], \"temperature\": 0.0, \"avg_logprob\": -0.2586856186389923, \"compression_ratio\": 1.7663817405700684, \"no_speech_prob\": 0.00028240392566658556}, {\"id\": 131, \"seek\": 23448, \"start\": 236.72000122070312, \"end\": 238.52000427246094, \"text\": \" That's something that I get frustrated with.\", \"tokens\": [50476, 663, 311, 746, 300, 286, 483, 15751, 365, 13, 50566], \"temperature\": 0.0, \"avg_logprob\": -0.2586856186389923, \"compression_ratio\": 1.7663817405700684, \"no_speech_prob\": 0.00028240392566658556}, {\"id\": 132, \"seek\": 23448, \"start\": 238.52000427246094, \"end\": 241.24000549316406, \"text\": \" Yeah, it's funny how, because your married friends\", \"tokens\": [50566, 865, 11, 309, 311, 4074, 577, 11, 570, 428, 5259, 1855, 50702], \"temperature\": 0.0, \"avg_logprob\": -0.2586856186389923, \"compression_ratio\": 1.7663817405700684, \"no_speech_prob\": 0.00028240392566658556}, {\"id\": 133, \"seek\": 23448, \"start\": 241.24000549316406, \"end\": 242.83999633789062, \"text\": \" or your friends that are in happy relationships\", \"tokens\": [50702, 420, 428, 1855, 300, 366, 294, 2055, 6159, 50782], \"temperature\": 0.0, \"avg_logprob\": -0.2586856186389923, \"compression_ratio\": 1.7663817405700684, \"no_speech_prob\": 0.00028240392566658556}, {\"id\": 134, \"seek\": 23448, \"start\": 242.83999633789062, \"end\": 244.74000549316406, \"text\": \" are not your super exciting friends.\", \"tokens\": [50782, 366, 406, 428, 1687, 4670, 1855, 13, 50877], \"temperature\": 0.0, \"avg_logprob\": -0.2586856186389923, \"compression_ratio\": 1.7663817405700684, \"no_speech_prob\": 0.00028240392566658556}, {\"id\": 135, \"seek\": 23448, \"start\": 244.74000549316406, \"end\": 246.44000244140625, \"text\": \" So people don't pay as much attention to it.\", \"tokens\": [50877, 407, 561, 500, 380, 1689, 382, 709, 3202, 281, 309, 13, 50962], \"temperature\": 0.0, \"avg_logprob\": -0.2586856186389923, \"compression_ratio\": 1.7663817405700684, \"no_speech_prob\": 0.00028240392566658556}, {\"id\": 136, \"seek\": 23448, \"start\": 246.44000244140625, \"end\": 248.32000732421875, \"text\": \" One of the things I started doing on Access Vegas\", \"tokens\": [50962, 1485, 295, 264, 721, 286, 1409, 884, 322, 17166, 15841, 51056], \"temperature\": 0.0, \"avg_logprob\": -0.2586856186389923, \"compression_ratio\": 1.7663817405700684, \"no_speech_prob\": 0.00028240392566658556}, {\"id\": 137, \"seek\": 23448, \"start\": 248.32000732421875, \"end\": 250.47999572753906, \"text\": \" is I tried as often as I can to have people\", \"tokens\": [51056, 307, 286, 3031, 382, 2049, 382, 286, 393, 281, 362, 561, 51164], \"temperature\": 0.0, \"avg_logprob\": -0.2586856186389923, \"compression_ratio\": 1.7663817405700684, \"no_speech_prob\": 0.00028240392566658556}, {\"id\": 138, \"seek\": 23448, \"start\": 250.47999572753906, \"end\": 252.24000549316406, \"text\": \" who have been in 10-year relationships.\", \"tokens\": [51164, 567, 362, 668, 294, 1266, 12, 5294, 6159, 13, 51252], \"temperature\": 0.0, \"avg_logprob\": -0.2586856186389923, \"compression_ratio\": 1.7663817405700684, \"no_speech_prob\": 0.00028240392566658556}, {\"id\": 139, \"seek\": 23448, \"start\": 252.24000549316406, \"end\": 254.1999969482422, \"text\": \" So I had Olivia Bertani, who was engaged,\", \"tokens\": [51252, 407, 286, 632, 26023, 29594, 3782, 11, 567, 390, 8237, 11, 51350], \"temperature\": 0.0, \"avg_logprob\": -0.2586856186389923, \"compression_ratio\": 1.7663817405700684, \"no_speech_prob\": 0.00028240392566658556}, {\"id\": 140, \"seek\": 23448, \"start\": 254.1999969482422, \"end\": 255.63999938964844, \"text\": \" and then I had, sitting over here,\", \"tokens\": [51350, 293, 550, 286, 632, 11, 3798, 670, 510, 11, 51422], \"temperature\": 0.0, \"avg_logprob\": -0.2586856186389923, \"compression_ratio\": 1.7663817405700684, \"no_speech_prob\": 0.00028240392566658556}, {\"id\": 141, \"seek\": 23448, \"start\": 255.63999938964844, \"end\": 259.5199890136719, \"text\": \" I had Catherine Taylor, who's also engaged in the program,\", \"tokens\": [51422, 286, 632, 23098, 12060, 11, 567, 311, 611, 8237, 294, 264, 1461, 11, 51616], \"temperature\": 0.0, \"avg_logprob\": -0.2586856186389923, \"compression_ratio\": 1.7663817405700684, \"no_speech_prob\": 0.00028240392566658556}, {\"id\": 142, \"seek\": 23448, \"start\": 259.5199890136719, \"end\": 261.05999755859375, \"text\": \" and then on the show.\", \"tokens\": [51616, 293, 550, 322, 264, 855, 13, 51693], \"temperature\": 0.0, \"avg_logprob\": -0.2586856186389923, \"compression_ratio\": 1.7663817405700684, \"no_speech_prob\": 0.00028240392566658556}, {\"id\": 143, \"seek\": 23448, \"start\": 261.05999755859375, \"end\": 263.1000061035156, \"text\": \" And then the other thing is I have other friends of mine.\", \"tokens\": [51693, 400, 550, 264, 661, 551, 307, 286, 362, 661, 1855, 295, 3892, 13, 51795], \"temperature\": 0.0, \"avg_logprob\": -0.2586856186389923, \"compression_ratio\": 1.7663817405700684, \"no_speech_prob\": 0.00028240392566658556}, {\"id\": 144, \"seek\": 26310, \"start\": 263.1000061035156, \"end\": 264.70001220703125, \"text\": \" My friend Claudia Fajal has been with her husband\", \"tokens\": [50364, 1222, 1277, 36785, 479, 1805, 304, 575, 668, 365, 720, 5213, 50444], \"temperature\": 0.0, \"avg_logprob\": -0.20000120997428894, \"compression_ratio\": 1.6759777069091797, \"no_speech_prob\": 0.006487507838755846}, {\"id\": 145, \"seek\": 26310, \"start\": 264.70001220703125, \"end\": 265.5400085449219, \"text\": \" for 10 years.\", \"tokens\": [50444, 337, 1266, 924, 13, 50486], \"temperature\": 0.0, \"avg_logprob\": -0.20000120997428894, \"compression_ratio\": 1.6759777069091797, \"no_speech_prob\": 0.006487507838755846}, {\"id\": 146, \"seek\": 26310, \"start\": 265.5400085449219, \"end\": 267.7799987792969, \"text\": \" I see situations like you, who is a content creator,\", \"tokens\": [50486, 286, 536, 6851, 411, 291, 11, 567, 307, 257, 2701, 14181, 11, 50598], \"temperature\": 0.0, \"avg_logprob\": -0.20000120997428894, \"compression_ratio\": 1.6759777069091797, \"no_speech_prob\": 0.006487507838755846}, {\"id\": 147, \"seek\": 26310, \"start\": 267.7799987792969, \"end\": 269.7799987792969, \"text\": \" who's in a happy relationship.\", \"tokens\": [50598, 567, 311, 294, 257, 2055, 2480, 13, 50698], \"temperature\": 0.0, \"avg_logprob\": -0.20000120997428894, \"compression_ratio\": 1.6759777069091797, \"no_speech_prob\": 0.006487507838755846}, {\"id\": 148, \"seek\": 26310, \"start\": 269.7799987792969, \"end\": 271.5, \"text\": \" People don't pay enough attention to that.\", \"tokens\": [50698, 3432, 500, 380, 1689, 1547, 3202, 281, 300, 13, 50784], \"temperature\": 0.0, \"avg_logprob\": -0.20000120997428894, \"compression_ratio\": 1.6759777069091797, \"no_speech_prob\": 0.006487507838755846}, {\"id\": 149, \"seek\": 26310, \"start\": 271.5, \"end\": 273.1000061035156, \"text\": \" Here's the ultimate example.\", \"tokens\": [50784, 1692, 311, 264, 9705, 1365, 13, 50864], \"temperature\": 0.0, \"avg_logprob\": -0.20000120997428894, \"compression_ratio\": 1.6759777069091797, \"no_speech_prob\": 0.006487507838755846}, {\"id\": 150, \"seek\": 26310, \"start\": 273.1000061035156, \"end\": 275.3599853515625, \"text\": \" People in Red Pill who criticize Rolo Tomasi\", \"tokens\": [50864, 3432, 294, 4477, 44656, 567, 31010, 497, 7902, 5041, 8483, 50977], \"temperature\": 0.0, \"avg_logprob\": -0.20000120997428894, \"compression_ratio\": 1.6759777069091797, \"no_speech_prob\": 0.006487507838755846}, {\"id\": 151, \"seek\": 26310, \"start\": 275.3599853515625, \"end\": 276.9599914550781, \"text\": \" for being married for 26 years.\", \"tokens\": [50977, 337, 885, 5259, 337, 7551, 924, 13, 51057], \"temperature\": 0.0, \"avg_logprob\": -0.20000120997428894, \"compression_ratio\": 1.6759777069091797, \"no_speech_prob\": 0.006487507838755846}, {\"id\": 152, \"seek\": 26310, \"start\": 276.9599914550781, \"end\": 278.17999267578125, \"text\": \" Like, you're missing the point.\", \"tokens\": [51057, 1743, 11, 291, 434, 5361, 264, 935, 13, 51118], \"temperature\": 0.0, \"avg_logprob\": -0.20000120997428894, \"compression_ratio\": 1.6759777069091797, \"no_speech_prob\": 0.006487507838755846}, {\"id\": 153, \"seek\": 26310, \"start\": 278.17999267578125, \"end\": 279.7799987792969, \"text\": \" That's not a bug, it's a feature.\", \"tokens\": [51118, 663, 311, 406, 257, 7426, 11, 309, 311, 257, 4111, 13, 51198], \"temperature\": 0.0, \"avg_logprob\": -0.20000120997428894, \"compression_ratio\": 1.6759777069091797, \"no_speech_prob\": 0.006487507838755846}, {\"id\": 154, \"seek\": 26310, \"start\": 279.7799987792969, \"end\": 282.82000732421875, \"text\": \" Being able to be in a happy relationship for 26 years,\", \"tokens\": [51198, 8891, 1075, 281, 312, 294, 257, 2055, 2480, 337, 7551, 924, 11, 51350], \"temperature\": 0.0, \"avg_logprob\": -0.20000120997428894, \"compression_ratio\": 1.6759777069091797, \"no_speech_prob\": 0.006487507838755846}, {\"id\": 155, \"seek\": 26310, \"start\": 282.82000732421875, \"end\": 285.0199890136719, \"text\": \" that means Rolo knows something you don't, right?\", \"tokens\": [51350, 300, 1355, 497, 7902, 3255, 746, 291, 500, 380, 11, 558, 30, 51460], \"temperature\": 0.0, \"avg_logprob\": -0.20000120997428894, \"compression_ratio\": 1.6759777069091797, \"no_speech_prob\": 0.006487507838755846}, {\"id\": 156, \"seek\": 26310, \"start\": 285.0199890136719, \"end\": 286.6199951171875, \"text\": \" And so that's one of the situations\", \"tokens\": [51460, 400, 370, 300, 311, 472, 295, 264, 6851, 51540], \"temperature\": 0.0, \"avg_logprob\": -0.20000120997428894, \"compression_ratio\": 1.6759777069091797, \"no_speech_prob\": 0.006487507838755846}, {\"id\": 157, \"seek\": 26310, \"start\": 286.6199951171875, \"end\": 288.9599914550781, \"text\": \" where it's more fun to watch the guy\", \"tokens\": [51540, 689, 309, 311, 544, 1019, 281, 1159, 264, 2146, 51657], \"temperature\": 0.0, \"avg_logprob\": -0.20000120997428894, \"compression_ratio\": 1.6759777069091797, \"no_speech_prob\": 0.006487507838755846}, {\"id\": 158, \"seek\": 26310, \"start\": 288.9599914550781, \"end\": 292.260009765625, \"text\": \" who has the multiple partners and is with a bunch of women.\", \"tokens\": [51657, 567, 575, 264, 3866, 4462, 293, 307, 365, 257, 3840, 295, 2266, 13, 51822], \"temperature\": 0.0, \"avg_logprob\": -0.20000120997428894, \"compression_ratio\": 1.6759777069091797, \"no_speech_prob\": 0.006487507838755846}, {\"id\": 159, \"seek\": 29226, \"start\": 292.260009765625, \"end\": 294.5400085449219, \"text\": \" It's more exciting, but that's maybe not the person\", \"tokens\": [50364, 467, 311, 544, 4670, 11, 457, 300, 311, 1310, 406, 264, 954, 50478], \"temperature\": 0.0, \"avg_logprob\": -0.20051586627960205, \"compression_ratio\": 1.8461538553237915, \"no_speech_prob\": 0.00043055007699877024}, {\"id\": 160, \"seek\": 29226, \"start\": 294.5400085449219, \"end\": 296.70001220703125, \"text\": \" you should be taking relationship advice from.\", \"tokens\": [50478, 291, 820, 312, 1940, 2480, 5192, 490, 13, 50586], \"temperature\": 0.0, \"avg_logprob\": -0.20051586627960205, \"compression_ratio\": 1.8461538553237915, \"no_speech_prob\": 0.00043055007699877024}, {\"id\": 161, \"seek\": 29226, \"start\": 296.70001220703125, \"end\": 298.17999267578125, \"text\": \" And so I thought that was interesting.\", \"tokens\": [50586, 400, 370, 286, 1194, 300, 390, 1880, 13, 50660], \"temperature\": 0.0, \"avg_logprob\": -0.20051586627960205, \"compression_ratio\": 1.8461538553237915, \"no_speech_prob\": 0.00043055007699877024}, {\"id\": 162, \"seek\": 29226, \"start\": 298.17999267578125, \"end\": 299.3800048828125, \"text\": \" Another thing I wanted to point out,\", \"tokens\": [50660, 3996, 551, 286, 1415, 281, 935, 484, 11, 50720], \"temperature\": 0.0, \"avg_logprob\": -0.20051586627960205, \"compression_ratio\": 1.8461538553237915, \"no_speech_prob\": 0.00043055007699877024}, {\"id\": 163, \"seek\": 29226, \"start\": 299.3800048828125, \"end\": 300.67999267578125, \"text\": \" going back to the body count thing,\", \"tokens\": [50720, 516, 646, 281, 264, 1772, 1207, 551, 11, 50785], \"temperature\": 0.0, \"avg_logprob\": -0.20051586627960205, \"compression_ratio\": 1.8461538553237915, \"no_speech_prob\": 0.00043055007699877024}, {\"id\": 164, \"seek\": 29226, \"start\": 300.67999267578125, \"end\": 302.8999938964844, \"text\": \" is we had the opposite effect, which was Sterling Cooper,\", \"tokens\": [50785, 307, 321, 632, 264, 6182, 1802, 11, 597, 390, 33539, 1688, 20355, 11, 50896], \"temperature\": 0.0, \"avg_logprob\": -0.20051586627960205, \"compression_ratio\": 1.8461538553237915, \"no_speech_prob\": 0.00043055007699877024}, {\"id\": 165, \"seek\": 29226, \"start\": 302.8999938964844, \"end\": 304.4599914550781, \"text\": \" who was on here, who's a male porn star.\", \"tokens\": [50896, 567, 390, 322, 510, 11, 567, 311, 257, 7133, 19444, 3543, 13, 50974], \"temperature\": 0.0, \"avg_logprob\": -0.20051586627960205, \"compression_ratio\": 1.8461538553237915, \"no_speech_prob\": 0.00043055007699877024}, {\"id\": 166, \"seek\": 29226, \"start\": 304.4599914550781, \"end\": 306.1400146484375, \"text\": \" And one of the things Sterling said is,\", \"tokens\": [50974, 400, 472, 295, 264, 721, 33539, 1688, 848, 307, 11, 51058], \"temperature\": 0.0, \"avg_logprob\": -0.20051586627960205, \"compression_ratio\": 1.8461538553237915, \"no_speech_prob\": 0.00043055007699877024}, {\"id\": 167, \"seek\": 29226, \"start\": 306.1400146484375, \"end\": 307.70001220703125, \"text\": \" when a man is good in bed,\", \"tokens\": [51058, 562, 257, 587, 307, 665, 294, 2901, 11, 51136], \"temperature\": 0.0, \"avg_logprob\": -0.20051586627960205, \"compression_ratio\": 1.8461538553237915, \"no_speech_prob\": 0.00043055007699877024}, {\"id\": 168, \"seek\": 29226, \"start\": 307.70001220703125, \"end\": 309.70001220703125, \"text\": \" it is the ultimate sign of preselection\", \"tokens\": [51136, 309, 307, 264, 9705, 1465, 295, 659, 405, 5450, 51236], \"temperature\": 0.0, \"avg_logprob\": -0.20051586627960205, \"compression_ratio\": 1.8461538553237915, \"no_speech_prob\": 0.00043055007699877024}, {\"id\": 169, \"seek\": 29226, \"start\": 309.70001220703125, \"end\": 311.6600036621094, \"text\": \" because it shows that other women\", \"tokens\": [51236, 570, 309, 3110, 300, 661, 2266, 51334], \"temperature\": 0.0, \"avg_logprob\": -0.20051586627960205, \"compression_ratio\": 1.8461538553237915, \"no_speech_prob\": 0.00043055007699877024}, {\"id\": 170, \"seek\": 29226, \"start\": 311.6600036621094, \"end\": 313.29998779296875, \"text\": \" allowed you to have sex with them.\", \"tokens\": [51334, 4350, 291, 281, 362, 3260, 365, 552, 13, 51416], \"temperature\": 0.0, \"avg_logprob\": -0.20051586627960205, \"compression_ratio\": 1.8461538553237915, \"no_speech_prob\": 0.00043055007699877024}, {\"id\": 171, \"seek\": 29226, \"start\": 313.29998779296875, \"end\": 314.8999938964844, \"text\": \" And I was just like, that was mind-blowing to me\", \"tokens\": [51416, 400, 286, 390, 445, 411, 11, 300, 390, 1575, 12, 43788, 281, 385, 51496], \"temperature\": 0.0, \"avg_logprob\": -0.20051586627960205, \"compression_ratio\": 1.8461538553237915, \"no_speech_prob\": 0.00043055007699877024}, {\"id\": 172, \"seek\": 29226, \"start\": 314.8999938964844, \"end\": 316.8999938964844, \"text\": \" because preselection is obviously one of the main things\", \"tokens\": [51496, 570, 659, 405, 5450, 307, 2745, 472, 295, 264, 2135, 721, 51596], \"temperature\": 0.0, \"avg_logprob\": -0.20051586627960205, \"compression_ratio\": 1.8461538553237915, \"no_speech_prob\": 0.00043055007699877024}, {\"id\": 173, \"seek\": 29226, \"start\": 316.8999938964844, \"end\": 318.1199951171875, \"text\": \" that I teach to my clients,\", \"tokens\": [51596, 300, 286, 2924, 281, 452, 6982, 11, 51657], \"temperature\": 0.0, \"avg_logprob\": -0.20051586627960205, \"compression_ratio\": 1.8461538553237915, \"no_speech_prob\": 0.00043055007699877024}, {\"id\": 174, \"seek\": 29226, \"start\": 318.1199951171875, \"end\": 320.739990234375, \"text\": \" is this concept of women seeing you with other women\", \"tokens\": [51657, 307, 341, 3410, 295, 2266, 2577, 291, 365, 661, 2266, 51788], \"temperature\": 0.0, \"avg_logprob\": -0.20051586627960205, \"compression_ratio\": 1.8461538553237915, \"no_speech_prob\": 0.00043055007699877024}, {\"id\": 175, \"seek\": 32074, \"start\": 320.739990234375, \"end\": 322.260009765625, \"text\": \" and those women being attracted to you.\", \"tokens\": [50364, 293, 729, 2266, 885, 15912, 281, 291, 13, 50440], \"temperature\": 0.0, \"avg_logprob\": -0.19931235909461975, \"compression_ratio\": 1.7753846645355225, \"no_speech_prob\": 0.00020987931929994375}, {\"id\": 176, \"seek\": 32074, \"start\": 322.260009765625, \"end\": 323.3999938964844, \"text\": \" And so when he said that, I was like,\", \"tokens\": [50440, 400, 370, 562, 415, 848, 300, 11, 286, 390, 411, 11, 50497], \"temperature\": 0.0, \"avg_logprob\": -0.19931235909461975, \"compression_ratio\": 1.7753846645355225, \"no_speech_prob\": 0.00020987931929994375}, {\"id\": 177, \"seek\": 32074, \"start\": 323.3999938964844, \"end\": 324.5400085449219, \"text\": \" oh man, that makes a lot of sense.\", \"tokens\": [50497, 1954, 587, 11, 300, 1669, 257, 688, 295, 2020, 13, 50554], \"temperature\": 0.0, \"avg_logprob\": -0.19931235909461975, \"compression_ratio\": 1.7753846645355225, \"no_speech_prob\": 0.00020987931929994375}, {\"id\": 178, \"seek\": 32074, \"start\": 324.5400085449219, \"end\": 325.5799865722656, \"text\": \" Well, the only way to do that\", \"tokens\": [50554, 1042, 11, 264, 787, 636, 281, 360, 300, 50606], \"temperature\": 0.0, \"avg_logprob\": -0.19931235909461975, \"compression_ratio\": 1.7753846645355225, \"no_speech_prob\": 0.00020987931929994375}, {\"id\": 179, \"seek\": 32074, \"start\": 325.5799865722656, \"end\": 327.6199951171875, \"text\": \" is to have experience with women,\", \"tokens\": [50606, 307, 281, 362, 1752, 365, 2266, 11, 50708], \"temperature\": 0.0, \"avg_logprob\": -0.19931235909461975, \"compression_ratio\": 1.7753846645355225, \"no_speech_prob\": 0.00020987931929994375}, {\"id\": 180, \"seek\": 32074, \"start\": 327.6199951171875, \"end\": 329.7799987792969, \"text\": \" which is why women do not value virginity\", \"tokens\": [50708, 597, 307, 983, 2266, 360, 406, 2158, 26404, 507, 50816], \"temperature\": 0.0, \"avg_logprob\": -0.19931235909461975, \"compression_ratio\": 1.7753846645355225, \"no_speech_prob\": 0.00020987931929994375}, {\"id\": 181, \"seek\": 32074, \"start\": 329.7799987792969, \"end\": 331.8599853515625, \"text\": \" anywhere near to the level that men do.\", \"tokens\": [50816, 4992, 2651, 281, 264, 1496, 300, 1706, 360, 13, 50920], \"temperature\": 0.0, \"avg_logprob\": -0.19931235909461975, \"compression_ratio\": 1.7753846645355225, \"no_speech_prob\": 0.00020987931929994375}, {\"id\": 182, \"seek\": 32074, \"start\": 331.8599853515625, \"end\": 333.9599914550781, \"text\": \" Because I personally, if a woman's hot enough\", \"tokens\": [50920, 1436, 286, 5665, 11, 498, 257, 3059, 311, 2368, 1547, 51025], \"temperature\": 0.0, \"avg_logprob\": -0.19931235909461975, \"compression_ratio\": 1.7753846645355225, \"no_speech_prob\": 0.00020987931929994375}, {\"id\": 183, \"seek\": 32074, \"start\": 333.9599914550781, \"end\": 335.8800048828125, \"text\": \" and she's not bad in bed, if she's not good in bed,\", \"tokens\": [51025, 293, 750, 311, 406, 1578, 294, 2901, 11, 498, 750, 311, 406, 665, 294, 2901, 11, 51121], \"temperature\": 0.0, \"avg_logprob\": -0.19931235909461975, \"compression_ratio\": 1.7753846645355225, \"no_speech_prob\": 0.00020987931929994375}, {\"id\": 184, \"seek\": 32074, \"start\": 335.8800048828125, \"end\": 336.7200012207031, \"text\": \" we don't really care.\", \"tokens\": [51121, 321, 500, 380, 534, 1127, 13, 51163], \"temperature\": 0.0, \"avg_logprob\": -0.19931235909461975, \"compression_ratio\": 1.7753846645355225, \"no_speech_prob\": 0.00020987931929994375}, {\"id\": 185, \"seek\": 32074, \"start\": 336.7200012207031, \"end\": 340.0400085449219, \"text\": \" And if a woman tries to, maybe not your opinion,\", \"tokens\": [51163, 400, 498, 257, 3059, 9898, 281, 11, 1310, 406, 428, 4800, 11, 51329], \"temperature\": 0.0, \"avg_logprob\": -0.19931235909461975, \"compression_ratio\": 1.7753846645355225, \"no_speech_prob\": 0.00020987931929994375}, {\"id\": 186, \"seek\": 32074, \"start\": 340.0400085449219, \"end\": 341.739990234375, \"text\": \" but I've heard other men say this.\", \"tokens\": [51329, 457, 286, 600, 2198, 661, 1706, 584, 341, 13, 51414], \"temperature\": 0.0, \"avg_logprob\": -0.19931235909461975, \"compression_ratio\": 1.7753846645355225, \"no_speech_prob\": 0.00020987931929994375}, {\"id\": 187, \"seek\": 32074, \"start\": 343.6199951171875, \"end\": 346.8999938964844, \"text\": \" The concept of if a woman tries too hard to be good in bed,\", \"tokens\": [51508, 440, 3410, 295, 498, 257, 3059, 9898, 886, 1152, 281, 312, 665, 294, 2901, 11, 51672], \"temperature\": 0.0, \"avg_logprob\": -0.19931235909461975, \"compression_ratio\": 1.7753846645355225, \"no_speech_prob\": 0.00020987931929994375}, {\"id\": 188, \"seek\": 32074, \"start\": 346.8999938964844, \"end\": 349.5400085449219, \"text\": \" then it comes off as almost masculine.\", \"tokens\": [51672, 550, 309, 1487, 766, 382, 1920, 28992, 13, 51804], \"temperature\": 0.0, \"avg_logprob\": -0.19931235909461975, \"compression_ratio\": 1.7753846645355225, \"no_speech_prob\": 0.00020987931929994375}, {\"id\": 189, \"seek\": 32074, \"start\": 349.5400085449219, \"end\": 350.3800048828125, \"text\": \" I can see that.\", \"tokens\": [51804, 286, 393, 536, 300, 13, 51846], \"temperature\": 0.0, \"avg_logprob\": -0.19931235909461975, \"compression_ratio\": 1.7753846645355225, \"no_speech_prob\": 0.00020987931929994375}, {\"id\": 190, \"seek\": 35038, \"start\": 350.7799987792969, \"end\": 353.6199951171875, \"text\": \" It's the same thing if a woman approaches you,\", \"tokens\": [50384, 467, 311, 264, 912, 551, 498, 257, 3059, 11587, 291, 11, 50526], \"temperature\": 0.0, \"avg_logprob\": -0.30103883147239685, \"compression_ratio\": 1.7525084018707275, \"no_speech_prob\": 0.0005883978446945548}, {\"id\": 191, \"seek\": 35038, \"start\": 353.6199951171875, \"end\": 355.2200012207031, \"text\": \" then you can come off as masculine.\", \"tokens\": [50526, 550, 291, 393, 808, 766, 382, 28992, 13, 50606], \"temperature\": 0.0, \"avg_logprob\": -0.30103883147239685, \"compression_ratio\": 1.7525084018707275, \"no_speech_prob\": 0.0005883978446945548}, {\"id\": 192, \"seek\": 35038, \"start\": 355.2200012207031, \"end\": 357.1400146484375, \"text\": \" And even though you fantasize about it\", \"tokens\": [50606, 400, 754, 1673, 291, 31255, 1125, 466, 309, 50702], \"temperature\": 0.0, \"avg_logprob\": -0.30103883147239685, \"compression_ratio\": 1.7525084018707275, \"no_speech_prob\": 0.0005883978446945548}, {\"id\": 193, \"seek\": 35038, \"start\": 357.1400146484375, \"end\": 359.2200012207031, \"text\": \" and you see it in porn,\", \"tokens\": [50702, 293, 291, 536, 309, 294, 19444, 11, 50806], \"temperature\": 0.0, \"avg_logprob\": -0.30103883147239685, \"compression_ratio\": 1.7525084018707275, \"no_speech_prob\": 0.0005883978446945548}, {\"id\": 194, \"seek\": 35038, \"start\": 359.2200012207031, \"end\": 361.05999755859375, \"text\": \" when it actually happens to you in real life,\", \"tokens\": [50806, 562, 309, 767, 2314, 281, 291, 294, 957, 993, 11, 50898], \"temperature\": 0.0, \"avg_logprob\": -0.30103883147239685, \"compression_ratio\": 1.7525084018707275, \"no_speech_prob\": 0.0005883978446945548}, {\"id\": 195, \"seek\": 35038, \"start\": 361.05999755859375, \"end\": 362.9800109863281, \"text\": \" you kind of get this weird feeling like,\", \"tokens\": [50898, 291, 733, 295, 483, 341, 3657, 2633, 411, 11, 50994], \"temperature\": 0.0, \"avg_logprob\": -0.30103883147239685, \"compression_ratio\": 1.7525084018707275, \"no_speech_prob\": 0.0005883978446945548}, {\"id\": 196, \"seek\": 35038, \"start\": 362.9800109863281, \"end\": 364.739990234375, \"text\": \" ah, like something's off here.\", \"tokens\": [50994, 3716, 11, 411, 746, 311, 766, 510, 13, 51082], \"temperature\": 0.0, \"avg_logprob\": -0.30103883147239685, \"compression_ratio\": 1.7525084018707275, \"no_speech_prob\": 0.0005883978446945548}, {\"id\": 197, \"seek\": 35038, \"start\": 364.739990234375, \"end\": 368.0199890136719, \"text\": \" I guess we're just not naturally wired to appreciate.\", \"tokens\": [51082, 286, 2041, 321, 434, 445, 406, 8195, 27415, 281, 4449, 13, 51246], \"temperature\": 0.0, \"avg_logprob\": -0.30103883147239685, \"compression_ratio\": 1.7525084018707275, \"no_speech_prob\": 0.0005883978446945548}, {\"id\": 198, \"seek\": 35038, \"start\": 368.0199890136719, \"end\": 370.8599853515625, \"text\": \" Our alarms go off, yeah, our alarm bells go off.\", \"tokens\": [51246, 2621, 45039, 352, 766, 11, 1338, 11, 527, 14183, 25474, 352, 766, 13, 51388], \"temperature\": 0.0, \"avg_logprob\": -0.30103883147239685, \"compression_ratio\": 1.7525084018707275, \"no_speech_prob\": 0.0005883978446945548}, {\"id\": 199, \"seek\": 35038, \"start\": 370.8599853515625, \"end\": 372.3399963378906, \"text\": \" Something's going on here, yeah.\", \"tokens\": [51388, 6595, 311, 516, 322, 510, 11, 1338, 13, 51462], \"temperature\": 0.0, \"avg_logprob\": -0.30103883147239685, \"compression_ratio\": 1.7525084018707275, \"no_speech_prob\": 0.0005883978446945548}, {\"id\": 200, \"seek\": 35038, \"start\": 372.3399963378906, \"end\": 374.7799987792969, \"text\": \" And no, I think what you're saying is true about in bed.\", \"tokens\": [51462, 400, 572, 11, 286, 519, 437, 291, 434, 1566, 307, 2074, 466, 294, 2901, 13, 51584], \"temperature\": 0.0, \"avg_logprob\": -0.30103883147239685, \"compression_ratio\": 1.7525084018707275, \"no_speech_prob\": 0.0005883978446945548}, {\"id\": 201, \"seek\": 35038, \"start\": 374.7799987792969, \"end\": 377.3399963378906, \"text\": \" And I think women who,\", \"tokens\": [51584, 400, 286, 519, 2266, 567, 11, 51712], \"temperature\": 0.0, \"avg_logprob\": -0.30103883147239685, \"compression_ratio\": 1.7525084018707275, \"no_speech_prob\": 0.0005883978446945548}, {\"id\": 202, \"seek\": 35038, \"start\": 377.3399963378906, \"end\": 378.70001220703125, \"text\": \" this is something you mentioned a few times,\", \"tokens\": [51712, 341, 307, 746, 291, 2835, 257, 1326, 1413, 11, 51780], \"temperature\": 0.0, \"avg_logprob\": -0.30103883147239685, \"compression_ratio\": 1.7525084018707275, \"no_speech_prob\": 0.0005883978446945548}, {\"id\": 203, \"seek\": 37870, \"start\": 378.70001220703125, \"end\": 380.6199951171875, \"text\": \" women who are attractive, you're right,\", \"tokens\": [50364, 2266, 567, 366, 12609, 11, 291, 434, 558, 11, 50460], \"temperature\": 0.0, \"avg_logprob\": -0.2395925670862198, \"compression_ratio\": 1.9600000381469727, \"no_speech_prob\": 0.017985360696911812}, {\"id\": 204, \"seek\": 37870, \"start\": 380.6199951171875, \"end\": 382.5799865722656, \"text\": \" they don't really have to do anything.\", \"tokens\": [50460, 436, 500, 380, 534, 362, 281, 360, 1340, 13, 50558], \"temperature\": 0.0, \"avg_logprob\": -0.2395925670862198, \"compression_ratio\": 1.9600000381469727, \"no_speech_prob\": 0.017985360696911812}, {\"id\": 205, \"seek\": 37870, \"start\": 382.5799865722656, \"end\": 384.5400085449219, \"text\": \" They'll definitely have people pursuing them.\", \"tokens\": [50558, 814, 603, 2138, 362, 561, 20222, 552, 13, 50656], \"temperature\": 0.0, \"avg_logprob\": -0.2395925670862198, \"compression_ratio\": 1.9600000381469727, \"no_speech_prob\": 0.017985360696911812}, {\"id\": 206, \"seek\": 37870, \"start\": 384.5400085449219, \"end\": 385.94000244140625, \"text\": \" They'll definitely have no problem getting laid\", \"tokens\": [50656, 814, 603, 2138, 362, 572, 1154, 1242, 9897, 50726], \"temperature\": 0.0, \"avg_logprob\": -0.2395925670862198, \"compression_ratio\": 1.9600000381469727, \"no_speech_prob\": 0.017985360696911812}, {\"id\": 207, \"seek\": 37870, \"start\": 385.94000244140625, \"end\": 387.5400085449219, \"text\": \" or getting in relationships.\", \"tokens\": [50726, 420, 1242, 294, 6159, 13, 50806], \"temperature\": 0.0, \"avg_logprob\": -0.2395925670862198, \"compression_ratio\": 1.9600000381469727, \"no_speech_prob\": 0.017985360696911812}, {\"id\": 208, \"seek\": 37870, \"start\": 387.5400085449219, \"end\": 390.1000061035156, \"text\": \" I would say the only real requirement\", \"tokens\": [50806, 286, 576, 584, 264, 787, 957, 11695, 50934], \"temperature\": 0.0, \"avg_logprob\": -0.2395925670862198, \"compression_ratio\": 1.9600000381469727, \"no_speech_prob\": 0.017985360696911812}, {\"id\": 209, \"seek\": 37870, \"start\": 390.1000061035156, \"end\": 391.5400085449219, \"text\": \" above being attractive would also be,\", \"tokens\": [50934, 3673, 885, 12609, 576, 611, 312, 11, 51006], \"temperature\": 0.0, \"avg_logprob\": -0.2395925670862198, \"compression_ratio\": 1.9600000381469727, \"no_speech_prob\": 0.017985360696911812}, {\"id\": 210, \"seek\": 37870, \"start\": 391.5400085449219, \"end\": 392.82000732421875, \"text\": \" if they want to be with a high value guy,\", \"tokens\": [51006, 498, 436, 528, 281, 312, 365, 257, 1090, 2158, 2146, 11, 51070], \"temperature\": 0.0, \"avg_logprob\": -0.2395925670862198, \"compression_ratio\": 1.9600000381469727, \"no_speech_prob\": 0.017985360696911812}, {\"id\": 211, \"seek\": 37870, \"start\": 392.82000732421875, \"end\": 394.6600036621094, \"text\": \" they need to be attractive and they also need to be\", \"tokens\": [51070, 436, 643, 281, 312, 12609, 293, 436, 611, 643, 281, 312, 51162], \"temperature\": 0.0, \"avg_logprob\": -0.2395925670862198, \"compression_ratio\": 1.9600000381469727, \"no_speech_prob\": 0.017985360696911812}, {\"id\": 212, \"seek\": 37870, \"start\": 394.6600036621094, \"end\": 396.94000244140625, \"text\": \" as a bare minimum pleasant to be around.\", \"tokens\": [51162, 382, 257, 6949, 7285, 16232, 281, 312, 926, 13, 51276], \"temperature\": 0.0, \"avg_logprob\": -0.2395925670862198, \"compression_ratio\": 1.9600000381469727, \"no_speech_prob\": 0.017985360696911812}, {\"id\": 213, \"seek\": 37870, \"start\": 396.94000244140625, \"end\": 399.3800048828125, \"text\": \" If they're not, they'll still have no problem\", \"tokens\": [51276, 759, 436, 434, 406, 11, 436, 603, 920, 362, 572, 1154, 51398], \"temperature\": 0.0, \"avg_logprob\": -0.2395925670862198, \"compression_ratio\": 1.9600000381469727, \"no_speech_prob\": 0.017985360696911812}, {\"id\": 214, \"seek\": 37870, \"start\": 399.3800048828125, \"end\": 400.6600036621094, \"text\": \" finding guys to pursue them,\", \"tokens\": [51398, 5006, 1074, 281, 12392, 552, 11, 51462], \"temperature\": 0.0, \"avg_logprob\": -0.2395925670862198, \"compression_ratio\": 1.9600000381469727, \"no_speech_prob\": 0.017985360696911812}, {\"id\": 215, \"seek\": 37870, \"start\": 400.6600036621094, \"end\": 402.29998779296875, \"text\": \" but they're probably not gonna have a high value guy\", \"tokens\": [51462, 457, 436, 434, 1391, 406, 799, 362, 257, 1090, 2158, 2146, 51544], \"temperature\": 0.0, \"avg_logprob\": -0.2395925670862198, \"compression_ratio\": 1.9600000381469727, \"no_speech_prob\": 0.017985360696911812}, {\"id\": 216, \"seek\": 37870, \"start\": 402.29998779296875, \"end\": 403.7799987792969, \"text\": \" who actually has his choice with women\", \"tokens\": [51544, 567, 767, 575, 702, 3922, 365, 2266, 51618], \"temperature\": 0.0, \"avg_logprob\": -0.2395925670862198, \"compression_ratio\": 1.9600000381469727, \"no_speech_prob\": 0.017985360696911812}, {\"id\": 217, \"seek\": 37870, \"start\": 403.7799987792969, \"end\": 407.5400085449219, \"text\": \" because once you've hooked up with your handful of women,\", \"tokens\": [51618, 570, 1564, 291, 600, 20410, 493, 365, 428, 16458, 295, 2266, 11, 51806], \"temperature\": 0.0, \"avg_logprob\": -0.2395925670862198, \"compression_ratio\": 1.9600000381469727, \"no_speech_prob\": 0.017985360696911812}, {\"id\": 218, \"seek\": 40754, \"start\": 408.260009765625, \"end\": 410.9800109863281, \"text\": \" at least for me, what happened was,\", \"tokens\": [50400, 412, 1935, 337, 385, 11, 437, 2011, 390, 11, 50536], \"temperature\": 0.0, \"avg_logprob\": -0.26490169763565063, \"compression_ratio\": 1.4405593872070312, \"no_speech_prob\": 0.00014423626998905092}, {\"id\": 219, \"seek\": 40754, \"start\": 410.9800109863281, \"end\": 413.7799987792969, \"text\": \" yes, the attractiveness was still the number one thing,\", \"tokens\": [50536, 2086, 11, 264, 5049, 8477, 390, 920, 264, 1230, 472, 551, 11, 50676], \"temperature\": 0.0, \"avg_logprob\": -0.26490169763565063, \"compression_ratio\": 1.4405593872070312, \"no_speech_prob\": 0.00014423626998905092}, {\"id\": 220, \"seek\": 40754, \"start\": 413.7799987792969, \"end\": 416.8999938964844, \"text\": \" but I wasn't gonna spend time with someone who was like,\", \"tokens\": [50676, 457, 286, 2067, 380, 799, 3496, 565, 365, 1580, 567, 390, 411, 11, 50832], \"temperature\": 0.0, \"avg_logprob\": -0.26490169763565063, \"compression_ratio\": 1.4405593872070312, \"no_speech_prob\": 0.00014423626998905092}, {\"id\": 221, \"seek\": 40754, \"start\": 416.8999938964844, \"end\": 418.8599853515625, \"text\": \" it seemed like I was pulling nails\", \"tokens\": [50832, 309, 6576, 411, 286, 390, 8407, 15394, 50930], \"temperature\": 0.0, \"avg_logprob\": -0.26490169763565063, \"compression_ratio\": 1.4405593872070312, \"no_speech_prob\": 0.00014423626998905092}, {\"id\": 222, \"seek\": 40754, \"start\": 418.8599853515625, \"end\": 420.17999267578125, \"text\": \" to hang out with them.\", \"tokens\": [50930, 281, 3967, 484, 365, 552, 13, 50996], \"temperature\": 0.0, \"avg_logprob\": -0.26490169763565063, \"compression_ratio\": 1.4405593872070312, \"no_speech_prob\": 0.00014423626998905092}]}"}