{"title": "Tai Lopez - The infamous \"Here in my Garage Ad\" (Michael Sartain Podcast Clip)", "video_id": "T9Eo_JkxVJE", "video_url": "https://www.youtube.com/watch?v=T9Eo_JkxVJE", "description": "Tai Lopez (IG: @TaiLopez) is an investor, partner, and advisor to over 20 multi-million dollar businesses. Tai has created some of the most successful advertisements in the history of YouTube. He's currently the owner of RadioShack, Pier 1, Ralph & Russo and Stein Mart. Tai has a book club and hosts a podcast called The Tai Lopez Show. He has interviewed, Kobe Bryant, Hilary Clinton, Rihanna, Jordan Belfort,  Steven Spielberg, Mark Cuban, Chris Paul, Caron Butler & more. Tai also owns the largest book shipping club in the world, Mentor Box. He's currently launching the Original Garage NFT.\n\n\u2014\u2014\u2014\u2014\u2014\u2014\u2014\u2014\u2014\u2014\u2014\u2014\u2014\u2014\u2014\u2014\u2014\u2014\u2014\n\nMichael\u2019s Men of Action program is a Master\u2019s course dedicated to helping people elevate their social lives by building elite social circles and becoming higher status. Click the link below to learn more: https://m.moamentoring.com/podcast\n\n\u2014\u2014\u2014\u2014\u2014\u2014\u2014\u2014\u2014\u2014\u2014\u2014\u2014\u2014\u2014\u2014\u2014\u2014\u2014\u2014\n\nBecome an affiliate for MOA Mentoring: https://www.moamentoring.com/earn\n\nSubscribe on Youtube: https://www.youtube.com/user/MichaelSartain\n\nListen on Apple Podcast: https://podcasts.apple.com/us/podcast/the-michael-sartain-podcast/id1579791157\n\nListen on Spotify: https://open.spotify.com/show/2faAYwvDD9Bvkpwv6umlPO?si=8Q3ak9HnSlKjuChsTXr6YQ&dl_branch=1", "published_at": "2022-10-29T20:00:07Z", "channel_id": "UC0T1bDzajVefRWx4uKdGyuw", "channel_title": "Michael Sartain", "tags": [], "category_id": "24", "live_broadcast_content": "none", "duration": 200.0, "dimension": "2d", "definition": "hd", "caption": "false", "view_count": 2003, "like_count": 23, "comment_count": 2, "channel_info": {"title": "Michael Sartain", "description": "\ud83c\udf99Host of The\u00a0Michael Sartain Podcast \n\n\ud83d\udd25Teaching you how to build a network of desirable women and high-status men\n\n\ud83d\udc47 Click the \"Men of Action\" link below now to forge a high-status lifestyle and join the elites \n", "subscriber_count": "80500", "total_views": "29545897", "total_videos": "1481"}, "comments": [], "file_path": "/Users/aelaguiz/workspace/fc_book/audio/raws/T9Eo_JkxVJE.mp3", "transcription": "{\"text\": \"First off, can you go back to the original YouTube video? It's got 71 million views. You guys want to pause this and go watch it right now about Ty and his garage. I've been in that garage before I remember that house. And then later on, you have the house on Rexford. Do you remember when Dan Fleischman had his birthday party at your place? You weren't there, but we had the pillow fight thing and I went around your house with all these IG models and I started saying, you know what you need in this kitchen? You need some fucking knowledge. You remember that? And then I took, I came around. I had a, what's her name, Danielle Vaughn in your garage. And we were like, you know what you need? You need some more books in here. You need some more knowledge. It was really funny. So can we talk about that? I mean, that book is, that video has been parodied a million times. The original idea behind, so a couple of things I want to know. The idea behind it, and then when you decided, because I imagine you ran some paid traffic to it. What made you decide, okay, of all these videos, I'm going to choose this one. Because I'm in this similar place right now. I have a men of action mentoring program and we're in the paid traffic phase of the program. And we're trying to decide which one we go and put our money behind. What was the ethos behind it? And then what was the development? Because at some point, once you're at 20, 30 million, you're like, okay, this is doing something now. Yeah, and that video, actually, I had multiple versions. It's more like at like 300 million. It's just the one that I put public is probably, that video got, you know what's crazy? I did a crypto video in 2017 that dwarfs here in my garage. It's just that YouTube basically banned crypto. But that thing got like 400 million views, 500. It was insanity. Wow. So, yeah, I always tell crypto people, I was like, I got more people into crypto, I think, than anyone in the world. More mainstream, just off that video. So here's the thing on paid ads and videos and virality. One, there's a good book on this called Contagious, by the way. Kind of goes through the seven elements of things that go viral. You know, one of them, they need to be shareable. The reason it's hard to go viral on like Tinder, okay, is nobody wants other people to know they're on Tinder that much. So they're not gonna repost. Here in my garage, because it became kind of a meme, people wanted to send it to their friend and they were spoofing it, which is the greatest free viral coefficient in the history of mankind. The greatest thing you can do, because it had a monetization path. If you go viral with no monetization, what's the upside? You're just getting famous. But if you have a link in it and go click and buy something, you know, you can make nine figures off of it. So the thing about a video is, so first off, that video is much, it looks casual, but it's, I had been doing copywriting for about a decade. So it's very, I hate watching my own videos. I actually didn't never watch that video until this year, so eight years. And I re-watched it. That's probably, and like I said, I don't say this as a narcissistic thing, it's probably the best copywriting. Like, I was like, I forgot it was me. I was like, this is the fucking greatest copywritten thing to ever hit YouTube ads, maybe Facebook ads. \", \"segments\": [{\"id\": 0, \"seek\": 0, \"start\": 0.0, \"end\": 4.639999866485596, \"text\": \" First off, can you go back to the original YouTube video?\", \"tokens\": [50364, 2386, 766, 11, 393, 291, 352, 646, 281, 264, 3380, 3088, 960, 30, 50596], \"temperature\": 0.0, \"avg_logprob\": -0.24677710235118866, \"compression_ratio\": 1.6903408765792847, \"no_speech_prob\": 0.007457825820893049}, {\"id\": 1, \"seek\": 0, \"start\": 4.639999866485596, \"end\": 5.840000152587891, \"text\": \" It's got 71 million views.\", \"tokens\": [50596, 467, 311, 658, 30942, 2459, 6809, 13, 50656], \"temperature\": 0.0, \"avg_logprob\": -0.24677710235118866, \"compression_ratio\": 1.6903408765792847, \"no_speech_prob\": 0.007457825820893049}, {\"id\": 2, \"seek\": 0, \"start\": 5.840000152587891, \"end\": 7.599999904632568, \"text\": \" You guys want to pause this and go watch it right now\", \"tokens\": [50656, 509, 1074, 528, 281, 10465, 341, 293, 352, 1159, 309, 558, 586, 50744], \"temperature\": 0.0, \"avg_logprob\": -0.24677710235118866, \"compression_ratio\": 1.6903408765792847, \"no_speech_prob\": 0.007457825820893049}, {\"id\": 3, \"seek\": 0, \"start\": 7.599999904632568, \"end\": 8.880000114440918, \"text\": \" about Ty and his garage.\", \"tokens\": [50744, 466, 5569, 293, 702, 14400, 13, 50808], \"temperature\": 0.0, \"avg_logprob\": -0.24677710235118866, \"compression_ratio\": 1.6903408765792847, \"no_speech_prob\": 0.007457825820893049}, {\"id\": 4, \"seek\": 0, \"start\": 8.880000114440918, \"end\": 11.199999809265137, \"text\": \" I've been in that garage before I remember that house.\", \"tokens\": [50808, 286, 600, 668, 294, 300, 14400, 949, 286, 1604, 300, 1782, 13, 50924], \"temperature\": 0.0, \"avg_logprob\": -0.24677710235118866, \"compression_ratio\": 1.6903408765792847, \"no_speech_prob\": 0.007457825820893049}, {\"id\": 5, \"seek\": 0, \"start\": 11.199999809265137, \"end\": 15.399999618530273, \"text\": \" And then later on, you have the house on Rexford.\", \"tokens\": [50924, 400, 550, 1780, 322, 11, 291, 362, 264, 1782, 322, 35678, 7404, 13, 51134], \"temperature\": 0.0, \"avg_logprob\": -0.24677710235118866, \"compression_ratio\": 1.6903408765792847, \"no_speech_prob\": 0.007457825820893049}, {\"id\": 6, \"seek\": 0, \"start\": 15.399999618530273, \"end\": 17.81999969482422, \"text\": \" Do you remember when Dan Fleischman\", \"tokens\": [51134, 1144, 291, 1604, 562, 3394, 44911, 1601, 51255], \"temperature\": 0.0, \"avg_logprob\": -0.24677710235118866, \"compression_ratio\": 1.6903408765792847, \"no_speech_prob\": 0.007457825820893049}, {\"id\": 7, \"seek\": 0, \"start\": 17.81999969482422, \"end\": 19.280000686645508, \"text\": \" had his birthday party at your place?\", \"tokens\": [51255, 632, 702, 6154, 3595, 412, 428, 1081, 30, 51328], \"temperature\": 0.0, \"avg_logprob\": -0.24677710235118866, \"compression_ratio\": 1.6903408765792847, \"no_speech_prob\": 0.007457825820893049}, {\"id\": 8, \"seek\": 0, \"start\": 19.280000686645508, \"end\": 21.719999313354492, \"text\": \" You weren't there, but we had the pillow fight thing\", \"tokens\": [51328, 509, 4999, 380, 456, 11, 457, 321, 632, 264, 18581, 2092, 551, 51450], \"temperature\": 0.0, \"avg_logprob\": -0.24677710235118866, \"compression_ratio\": 1.6903408765792847, \"no_speech_prob\": 0.007457825820893049}, {\"id\": 9, \"seek\": 0, \"start\": 21.719999313354492, \"end\": 24.280000686645508, \"text\": \" and I went around your house with all these IG models\", \"tokens\": [51450, 293, 286, 1437, 926, 428, 1782, 365, 439, 613, 26367, 5245, 51578], \"temperature\": 0.0, \"avg_logprob\": -0.24677710235118866, \"compression_ratio\": 1.6903408765792847, \"no_speech_prob\": 0.007457825820893049}, {\"id\": 10, \"seek\": 0, \"start\": 24.280000686645508, \"end\": 25.1200008392334, \"text\": \" and I started saying,\", \"tokens\": [51578, 293, 286, 1409, 1566, 11, 51620], \"temperature\": 0.0, \"avg_logprob\": -0.24677710235118866, \"compression_ratio\": 1.6903408765792847, \"no_speech_prob\": 0.007457825820893049}, {\"id\": 11, \"seek\": 0, \"start\": 25.1200008392334, \"end\": 26.079999923706055, \"text\": \" you know what you need in this kitchen?\", \"tokens\": [51620, 291, 458, 437, 291, 643, 294, 341, 6525, 30, 51668], \"temperature\": 0.0, \"avg_logprob\": -0.24677710235118866, \"compression_ratio\": 1.6903408765792847, \"no_speech_prob\": 0.007457825820893049}, {\"id\": 12, \"seek\": 0, \"start\": 26.079999923706055, \"end\": 27.360000610351562, \"text\": \" You need some fucking knowledge.\", \"tokens\": [51668, 509, 643, 512, 5546, 3601, 13, 51732], \"temperature\": 0.0, \"avg_logprob\": -0.24677710235118866, \"compression_ratio\": 1.6903408765792847, \"no_speech_prob\": 0.007457825820893049}, {\"id\": 13, \"seek\": 0, \"start\": 27.360000610351562, \"end\": 28.200000762939453, \"text\": \" You remember that?\", \"tokens\": [51732, 509, 1604, 300, 30, 51774], \"temperature\": 0.0, \"avg_logprob\": -0.24677710235118866, \"compression_ratio\": 1.6903408765792847, \"no_speech_prob\": 0.007457825820893049}, {\"id\": 14, \"seek\": 0, \"start\": 28.200000762939453, \"end\": 29.040000915527344, \"text\": \" And then I took, I came around.\", \"tokens\": [51774, 400, 550, 286, 1890, 11, 286, 1361, 926, 13, 51816], \"temperature\": 0.0, \"avg_logprob\": -0.24677710235118866, \"compression_ratio\": 1.6903408765792847, \"no_speech_prob\": 0.007457825820893049}, {\"id\": 15, \"seek\": 2904, \"start\": 29.520000457763672, \"end\": 32.119998931884766, \"text\": \" I had a, what's her name, Danielle Vaughn in your garage.\", \"tokens\": [50388, 286, 632, 257, 11, 437, 311, 720, 1315, 11, 21182, 16822, 1984, 77, 294, 428, 14400, 13, 50518], \"temperature\": 0.0, \"avg_logprob\": -0.25999900698661804, \"compression_ratio\": 1.7215908765792847, \"no_speech_prob\": 6.605039379792288e-05}, {\"id\": 16, \"seek\": 2904, \"start\": 32.119998931884766, \"end\": 33.279998779296875, \"text\": \" And we were like, you know what you need?\", \"tokens\": [50518, 400, 321, 645, 411, 11, 291, 458, 437, 291, 643, 30, 50576], \"temperature\": 0.0, \"avg_logprob\": -0.25999900698661804, \"compression_ratio\": 1.7215908765792847, \"no_speech_prob\": 6.605039379792288e-05}, {\"id\": 17, \"seek\": 2904, \"start\": 33.279998779296875, \"end\": 34.279998779296875, \"text\": \" You need some more books in here.\", \"tokens\": [50576, 509, 643, 512, 544, 3642, 294, 510, 13, 50626], \"temperature\": 0.0, \"avg_logprob\": -0.25999900698661804, \"compression_ratio\": 1.7215908765792847, \"no_speech_prob\": 6.605039379792288e-05}, {\"id\": 18, \"seek\": 2904, \"start\": 34.279998779296875, \"end\": 35.119998931884766, \"text\": \" You need some more knowledge.\", \"tokens\": [50626, 509, 643, 512, 544, 3601, 13, 50668], \"temperature\": 0.0, \"avg_logprob\": -0.25999900698661804, \"compression_ratio\": 1.7215908765792847, \"no_speech_prob\": 6.605039379792288e-05}, {\"id\": 19, \"seek\": 2904, \"start\": 35.119998931884766, \"end\": 36.15999984741211, \"text\": \" It was really funny.\", \"tokens\": [50668, 467, 390, 534, 4074, 13, 50720], \"temperature\": 0.0, \"avg_logprob\": -0.25999900698661804, \"compression_ratio\": 1.7215908765792847, \"no_speech_prob\": 6.605039379792288e-05}, {\"id\": 20, \"seek\": 2904, \"start\": 36.15999984741211, \"end\": 37.2400016784668, \"text\": \" So can we talk about that?\", \"tokens\": [50720, 407, 393, 321, 751, 466, 300, 30, 50774], \"temperature\": 0.0, \"avg_logprob\": -0.25999900698661804, \"compression_ratio\": 1.7215908765792847, \"no_speech_prob\": 6.605039379792288e-05}, {\"id\": 21, \"seek\": 2904, \"start\": 37.2400016784668, \"end\": 38.08000183105469, \"text\": \" I mean, that book is,\", \"tokens\": [50774, 286, 914, 11, 300, 1446, 307, 11, 50816], \"temperature\": 0.0, \"avg_logprob\": -0.25999900698661804, \"compression_ratio\": 1.7215908765792847, \"no_speech_prob\": 6.605039379792288e-05}, {\"id\": 22, \"seek\": 2904, \"start\": 38.08000183105469, \"end\": 40.36000061035156, \"text\": \" that video has been parodied a million times.\", \"tokens\": [50816, 300, 960, 575, 668, 971, 378, 1091, 257, 2459, 1413, 13, 50930], \"temperature\": 0.0, \"avg_logprob\": -0.25999900698661804, \"compression_ratio\": 1.7215908765792847, \"no_speech_prob\": 6.605039379792288e-05}, {\"id\": 23, \"seek\": 2904, \"start\": 40.36000061035156, \"end\": 42.15999984741211, \"text\": \" The original idea behind,\", \"tokens\": [50930, 440, 3380, 1558, 2261, 11, 51020], \"temperature\": 0.0, \"avg_logprob\": -0.25999900698661804, \"compression_ratio\": 1.7215908765792847, \"no_speech_prob\": 6.605039379792288e-05}, {\"id\": 24, \"seek\": 2904, \"start\": 42.15999984741211, \"end\": 43.08000183105469, \"text\": \" so a couple of things I want to know.\", \"tokens\": [51020, 370, 257, 1916, 295, 721, 286, 528, 281, 458, 13, 51066], \"temperature\": 0.0, \"avg_logprob\": -0.25999900698661804, \"compression_ratio\": 1.7215908765792847, \"no_speech_prob\": 6.605039379792288e-05}, {\"id\": 25, \"seek\": 2904, \"start\": 43.08000183105469, \"end\": 46.400001525878906, \"text\": \" The idea behind it, and then when you decided,\", \"tokens\": [51066, 440, 1558, 2261, 309, 11, 293, 550, 562, 291, 3047, 11, 51232], \"temperature\": 0.0, \"avg_logprob\": -0.25999900698661804, \"compression_ratio\": 1.7215908765792847, \"no_speech_prob\": 6.605039379792288e-05}, {\"id\": 26, \"seek\": 2904, \"start\": 46.400001525878906, \"end\": 49.15999984741211, \"text\": \" because I imagine you ran some paid traffic to it.\", \"tokens\": [51232, 570, 286, 3811, 291, 5872, 512, 4835, 6419, 281, 309, 13, 51370], \"temperature\": 0.0, \"avg_logprob\": -0.25999900698661804, \"compression_ratio\": 1.7215908765792847, \"no_speech_prob\": 6.605039379792288e-05}, {\"id\": 27, \"seek\": 2904, \"start\": 49.15999984741211, \"end\": 52.279998779296875, \"text\": \" What made you decide, okay, of all these videos,\", \"tokens\": [51370, 708, 1027, 291, 4536, 11, 1392, 11, 295, 439, 613, 2145, 11, 51526], \"temperature\": 0.0, \"avg_logprob\": -0.25999900698661804, \"compression_ratio\": 1.7215908765792847, \"no_speech_prob\": 6.605039379792288e-05}, {\"id\": 28, \"seek\": 2904, \"start\": 52.279998779296875, \"end\": 53.119998931884766, \"text\": \" I'm going to choose this one.\", \"tokens\": [51526, 286, 478, 516, 281, 2826, 341, 472, 13, 51568], \"temperature\": 0.0, \"avg_logprob\": -0.25999900698661804, \"compression_ratio\": 1.7215908765792847, \"no_speech_prob\": 6.605039379792288e-05}, {\"id\": 29, \"seek\": 2904, \"start\": 53.119998931884766, \"end\": 54.84000015258789, \"text\": \" Because I'm in this similar place right now.\", \"tokens\": [51568, 1436, 286, 478, 294, 341, 2531, 1081, 558, 586, 13, 51654], \"temperature\": 0.0, \"avg_logprob\": -0.25999900698661804, \"compression_ratio\": 1.7215908765792847, \"no_speech_prob\": 6.605039379792288e-05}, {\"id\": 30, \"seek\": 2904, \"start\": 54.84000015258789, \"end\": 56.36000061035156, \"text\": \" I have a men of action mentoring program\", \"tokens\": [51654, 286, 362, 257, 1706, 295, 3069, 30257, 1461, 51730], \"temperature\": 0.0, \"avg_logprob\": -0.25999900698661804, \"compression_ratio\": 1.7215908765792847, \"no_speech_prob\": 6.605039379792288e-05}, {\"id\": 31, \"seek\": 5636, \"start\": 56.439998626708984, \"end\": 59.400001525878906, \"text\": \" and we're in the paid traffic phase of the program.\", \"tokens\": [50368, 293, 321, 434, 294, 264, 4835, 6419, 5574, 295, 264, 1461, 13, 50516], \"temperature\": 0.0, \"avg_logprob\": -0.2438771277666092, \"compression_ratio\": 1.6348683834075928, \"no_speech_prob\": 0.027584178373217583}, {\"id\": 32, \"seek\": 5636, \"start\": 59.400001525878906, \"end\": 61.560001373291016, \"text\": \" And we're trying to decide which one we go\", \"tokens\": [50516, 400, 321, 434, 1382, 281, 4536, 597, 472, 321, 352, 50624], \"temperature\": 0.0, \"avg_logprob\": -0.2438771277666092, \"compression_ratio\": 1.6348683834075928, \"no_speech_prob\": 0.027584178373217583}, {\"id\": 33, \"seek\": 5636, \"start\": 61.560001373291016, \"end\": 63.599998474121094, \"text\": \" and put our money behind.\", \"tokens\": [50624, 293, 829, 527, 1460, 2261, 13, 50726], \"temperature\": 0.0, \"avg_logprob\": -0.2438771277666092, \"compression_ratio\": 1.6348683834075928, \"no_speech_prob\": 0.027584178373217583}, {\"id\": 34, \"seek\": 5636, \"start\": 63.599998474121094, \"end\": 65.08000183105469, \"text\": \" What was the ethos behind it?\", \"tokens\": [50726, 708, 390, 264, 6468, 329, 2261, 309, 30, 50800], \"temperature\": 0.0, \"avg_logprob\": -0.2438771277666092, \"compression_ratio\": 1.6348683834075928, \"no_speech_prob\": 0.027584178373217583}, {\"id\": 35, \"seek\": 5636, \"start\": 65.08000183105469, \"end\": 66.55999755859375, \"text\": \" And then what was the development?\", \"tokens\": [50800, 400, 550, 437, 390, 264, 3250, 30, 50874], \"temperature\": 0.0, \"avg_logprob\": -0.2438771277666092, \"compression_ratio\": 1.6348683834075928, \"no_speech_prob\": 0.027584178373217583}, {\"id\": 36, \"seek\": 5636, \"start\": 66.55999755859375, \"end\": 68.95999908447266, \"text\": \" Because at some point, once you're at 20, 30 million,\", \"tokens\": [50874, 1436, 412, 512, 935, 11, 1564, 291, 434, 412, 945, 11, 2217, 2459, 11, 50994], \"temperature\": 0.0, \"avg_logprob\": -0.2438771277666092, \"compression_ratio\": 1.6348683834075928, \"no_speech_prob\": 0.027584178373217583}, {\"id\": 37, \"seek\": 5636, \"start\": 68.95999908447266, \"end\": 71.36000061035156, \"text\": \" you're like, okay, this is doing something now.\", \"tokens\": [50994, 291, 434, 411, 11, 1392, 11, 341, 307, 884, 746, 586, 13, 51114], \"temperature\": 0.0, \"avg_logprob\": -0.2438771277666092, \"compression_ratio\": 1.6348683834075928, \"no_speech_prob\": 0.027584178373217583}, {\"id\": 38, \"seek\": 5636, \"start\": 73.12000274658203, \"end\": 75.80000305175781, \"text\": \" Yeah, and that video, actually, I had multiple versions.\", \"tokens\": [51202, 865, 11, 293, 300, 960, 11, 767, 11, 286, 632, 3866, 9606, 13, 51336], \"temperature\": 0.0, \"avg_logprob\": -0.2438771277666092, \"compression_ratio\": 1.6348683834075928, \"no_speech_prob\": 0.027584178373217583}, {\"id\": 39, \"seek\": 5636, \"start\": 75.80000305175781, \"end\": 77.91999816894531, \"text\": \" It's more like at like 300 million.\", \"tokens\": [51336, 467, 311, 544, 411, 412, 411, 6641, 2459, 13, 51442], \"temperature\": 0.0, \"avg_logprob\": -0.2438771277666092, \"compression_ratio\": 1.6348683834075928, \"no_speech_prob\": 0.027584178373217583}, {\"id\": 40, \"seek\": 5636, \"start\": 77.91999816894531, \"end\": 81.04000091552734, \"text\": \" It's just the one that I put public is probably,\", \"tokens\": [51442, 467, 311, 445, 264, 472, 300, 286, 829, 1908, 307, 1391, 11, 51598], \"temperature\": 0.0, \"avg_logprob\": -0.2438771277666092, \"compression_ratio\": 1.6348683834075928, \"no_speech_prob\": 0.027584178373217583}, {\"id\": 41, \"seek\": 5636, \"start\": 81.04000091552734, \"end\": 82.87999725341797, \"text\": \" that video got, you know what's crazy?\", \"tokens\": [51598, 300, 960, 658, 11, 291, 458, 437, 311, 3219, 30, 51690], \"temperature\": 0.0, \"avg_logprob\": -0.2438771277666092, \"compression_ratio\": 1.6348683834075928, \"no_speech_prob\": 0.027584178373217583}, {\"id\": 42, \"seek\": 5636, \"start\": 82.87999725341797, \"end\": 85.80000305175781, \"text\": \" I did a crypto video in 2017\", \"tokens\": [51690, 286, 630, 257, 17240, 960, 294, 6591, 51836], \"temperature\": 0.0, \"avg_logprob\": -0.2438771277666092, \"compression_ratio\": 1.6348683834075928, \"no_speech_prob\": 0.027584178373217583}, {\"id\": 43, \"seek\": 8580, \"start\": 86.4000015258789, \"end\": 89.27999877929688, \"text\": \" that dwarfs here in my garage.\", \"tokens\": [50394, 300, 24524, 16883, 510, 294, 452, 14400, 13, 50538], \"temperature\": 0.0, \"avg_logprob\": -0.3219037652015686, \"compression_ratio\": 1.5517241954803467, \"no_speech_prob\": 5.8290861488785595e-05}, {\"id\": 44, \"seek\": 8580, \"start\": 89.27999877929688, \"end\": 93.4000015258789, \"text\": \" It's just that YouTube basically banned crypto.\", \"tokens\": [50538, 467, 311, 445, 300, 3088, 1936, 19564, 17240, 13, 50744], \"temperature\": 0.0, \"avg_logprob\": -0.3219037652015686, \"compression_ratio\": 1.5517241954803467, \"no_speech_prob\": 5.8290861488785595e-05}, {\"id\": 45, \"seek\": 8580, \"start\": 93.4000015258789, \"end\": 96.4800033569336, \"text\": \" But that thing got like 400 million views, 500.\", \"tokens\": [50744, 583, 300, 551, 658, 411, 8423, 2459, 6809, 11, 5923, 13, 50898], \"temperature\": 0.0, \"avg_logprob\": -0.3219037652015686, \"compression_ratio\": 1.5517241954803467, \"no_speech_prob\": 5.8290861488785595e-05}, {\"id\": 46, \"seek\": 8580, \"start\": 96.4800033569336, \"end\": 97.4800033569336, \"text\": \" It was insanity.\", \"tokens\": [50898, 467, 390, 47505, 13, 50948], \"temperature\": 0.0, \"avg_logprob\": -0.3219037652015686, \"compression_ratio\": 1.5517241954803467, \"no_speech_prob\": 5.8290861488785595e-05}, {\"id\": 47, \"seek\": 8580, \"start\": 97.4800033569336, \"end\": 98.5999984741211, \"text\": \" Wow.\", \"tokens\": [50948, 3153, 13, 51004], \"temperature\": 0.0, \"avg_logprob\": -0.3219037652015686, \"compression_ratio\": 1.5517241954803467, \"no_speech_prob\": 5.8290861488785595e-05}, {\"id\": 48, \"seek\": 8580, \"start\": 98.5999984741211, \"end\": 101.83999633789062, \"text\": \" So, yeah, I always tell crypto people,\", \"tokens\": [51004, 407, 11, 1338, 11, 286, 1009, 980, 17240, 561, 11, 51166], \"temperature\": 0.0, \"avg_logprob\": -0.3219037652015686, \"compression_ratio\": 1.5517241954803467, \"no_speech_prob\": 5.8290861488785595e-05}, {\"id\": 49, \"seek\": 8580, \"start\": 101.83999633789062, \"end\": 103.5199966430664, \"text\": \" I was like, I got more people into crypto,\", \"tokens\": [51166, 286, 390, 411, 11, 286, 658, 544, 561, 666, 17240, 11, 51250], \"temperature\": 0.0, \"avg_logprob\": -0.3219037652015686, \"compression_ratio\": 1.5517241954803467, \"no_speech_prob\": 5.8290861488785595e-05}, {\"id\": 50, \"seek\": 8580, \"start\": 103.5199966430664, \"end\": 104.72000122070312, \"text\": \" I think, than anyone in the world.\", \"tokens\": [51250, 286, 519, 11, 813, 2878, 294, 264, 1002, 13, 51310], \"temperature\": 0.0, \"avg_logprob\": -0.3219037652015686, \"compression_ratio\": 1.5517241954803467, \"no_speech_prob\": 5.8290861488785595e-05}, {\"id\": 51, \"seek\": 8580, \"start\": 104.72000122070312, \"end\": 106.86000061035156, \"text\": \" More mainstream, just off that video.\", \"tokens\": [51310, 5048, 15960, 11, 445, 766, 300, 960, 13, 51417], \"temperature\": 0.0, \"avg_logprob\": -0.3219037652015686, \"compression_ratio\": 1.5517241954803467, \"no_speech_prob\": 5.8290861488785595e-05}, {\"id\": 52, \"seek\": 8580, \"start\": 109.18000030517578, \"end\": 113.36000061035156, \"text\": \" So here's the thing on paid ads and videos and virality.\", \"tokens\": [51533, 407, 510, 311, 264, 551, 322, 4835, 10342, 293, 2145, 293, 4107, 1860, 13, 51742], \"temperature\": 0.0, \"avg_logprob\": -0.3219037652015686, \"compression_ratio\": 1.5517241954803467, \"no_speech_prob\": 5.8290861488785595e-05}, {\"id\": 53, \"seek\": 11336, \"start\": 113.36000061035156, \"end\": 116.68000030517578, \"text\": \" One, there's a good book on this\", \"tokens\": [50364, 1485, 11, 456, 311, 257, 665, 1446, 322, 341, 50530], \"temperature\": 0.0, \"avg_logprob\": -0.22307635843753815, \"compression_ratio\": 1.6507352590560913, \"no_speech_prob\": 0.0001488375710323453}, {\"id\": 54, \"seek\": 11336, \"start\": 116.68000030517578, \"end\": 118.68000030517578, \"text\": \" called Contagious, by the way.\", \"tokens\": [50530, 1219, 4839, 559, 851, 11, 538, 264, 636, 13, 50630], \"temperature\": 0.0, \"avg_logprob\": -0.22307635843753815, \"compression_ratio\": 1.6507352590560913, \"no_speech_prob\": 0.0001488375710323453}, {\"id\": 55, \"seek\": 11336, \"start\": 118.68000030517578, \"end\": 121.5199966430664, \"text\": \" Kind of goes through the seven elements\", \"tokens\": [50630, 9242, 295, 1709, 807, 264, 3407, 4959, 50772], \"temperature\": 0.0, \"avg_logprob\": -0.22307635843753815, \"compression_ratio\": 1.6507352590560913, \"no_speech_prob\": 0.0001488375710323453}, {\"id\": 56, \"seek\": 11336, \"start\": 121.5199966430664, \"end\": 124.04000091552734, \"text\": \" of things that go viral.\", \"tokens\": [50772, 295, 721, 300, 352, 16132, 13, 50898], \"temperature\": 0.0, \"avg_logprob\": -0.22307635843753815, \"compression_ratio\": 1.6507352590560913, \"no_speech_prob\": 0.0001488375710323453}, {\"id\": 57, \"seek\": 11336, \"start\": 124.04000091552734, \"end\": 127.12000274658203, \"text\": \" You know, one of them, they need to be shareable.\", \"tokens\": [50898, 509, 458, 11, 472, 295, 552, 11, 436, 643, 281, 312, 2073, 712, 13, 51052], \"temperature\": 0.0, \"avg_logprob\": -0.22307635843753815, \"compression_ratio\": 1.6507352590560913, \"no_speech_prob\": 0.0001488375710323453}, {\"id\": 58, \"seek\": 11336, \"start\": 127.12000274658203, \"end\": 131.32000732421875, \"text\": \" The reason it's hard to go viral on like Tinder, okay,\", \"tokens\": [51052, 440, 1778, 309, 311, 1152, 281, 352, 16132, 322, 411, 49341, 11, 1392, 11, 51262], \"temperature\": 0.0, \"avg_logprob\": -0.22307635843753815, \"compression_ratio\": 1.6507352590560913, \"no_speech_prob\": 0.0001488375710323453}, {\"id\": 59, \"seek\": 11336, \"start\": 131.32000732421875, \"end\": 133.0, \"text\": \" is nobody wants other people to know\", \"tokens\": [51262, 307, 5079, 2738, 661, 561, 281, 458, 51346], \"temperature\": 0.0, \"avg_logprob\": -0.22307635843753815, \"compression_ratio\": 1.6507352590560913, \"no_speech_prob\": 0.0001488375710323453}, {\"id\": 60, \"seek\": 11336, \"start\": 133.0, \"end\": 134.27999877929688, \"text\": \" they're on Tinder that much.\", \"tokens\": [51346, 436, 434, 322, 49341, 300, 709, 13, 51410], \"temperature\": 0.0, \"avg_logprob\": -0.22307635843753815, \"compression_ratio\": 1.6507352590560913, \"no_speech_prob\": 0.0001488375710323453}, {\"id\": 61, \"seek\": 11336, \"start\": 134.27999877929688, \"end\": 136.1199951171875, \"text\": \" So they're not gonna repost.\", \"tokens\": [51410, 407, 436, 434, 406, 799, 1085, 555, 13, 51502], \"temperature\": 0.0, \"avg_logprob\": -0.22307635843753815, \"compression_ratio\": 1.6507352590560913, \"no_speech_prob\": 0.0001488375710323453}, {\"id\": 62, \"seek\": 11336, \"start\": 136.1199951171875, \"end\": 139.0, \"text\": \" Here in my garage, because it became kind of a meme,\", \"tokens\": [51502, 1692, 294, 452, 14400, 11, 570, 309, 3062, 733, 295, 257, 21701, 11, 51646], \"temperature\": 0.0, \"avg_logprob\": -0.22307635843753815, \"compression_ratio\": 1.6507352590560913, \"no_speech_prob\": 0.0001488375710323453}, {\"id\": 63, \"seek\": 11336, \"start\": 139.0, \"end\": 141.0, \"text\": \" people wanted to send it to their friend\", \"tokens\": [51646, 561, 1415, 281, 2845, 309, 281, 641, 1277, 51746], \"temperature\": 0.0, \"avg_logprob\": -0.22307635843753815, \"compression_ratio\": 1.6507352590560913, \"no_speech_prob\": 0.0001488375710323453}, {\"id\": 64, \"seek\": 11336, \"start\": 141.0, \"end\": 142.27999877929688, \"text\": \" and they were spoofing it,\", \"tokens\": [51746, 293, 436, 645, 637, 29496, 278, 309, 11, 51810], \"temperature\": 0.0, \"avg_logprob\": -0.22307635843753815, \"compression_ratio\": 1.6507352590560913, \"no_speech_prob\": 0.0001488375710323453}, {\"id\": 65, \"seek\": 14228, \"start\": 142.27999877929688, \"end\": 145.1999969482422, \"text\": \" which is the greatest free viral coefficient\", \"tokens\": [50364, 597, 307, 264, 6636, 1737, 16132, 17619, 50510], \"temperature\": 0.0, \"avg_logprob\": -0.2272794246673584, \"compression_ratio\": 1.6436363458633423, \"no_speech_prob\": 0.0010817005531862378}, {\"id\": 66, \"seek\": 14228, \"start\": 145.1999969482422, \"end\": 146.60000610351562, \"text\": \" in the history of mankind.\", \"tokens\": [50510, 294, 264, 2503, 295, 21220, 13, 50580], \"temperature\": 0.0, \"avg_logprob\": -0.2272794246673584, \"compression_ratio\": 1.6436363458633423, \"no_speech_prob\": 0.0010817005531862378}, {\"id\": 67, \"seek\": 14228, \"start\": 146.60000610351562, \"end\": 148.55999755859375, \"text\": \" The greatest thing you can do,\", \"tokens\": [50580, 440, 6636, 551, 291, 393, 360, 11, 50678], \"temperature\": 0.0, \"avg_logprob\": -0.2272794246673584, \"compression_ratio\": 1.6436363458633423, \"no_speech_prob\": 0.0010817005531862378}, {\"id\": 68, \"seek\": 14228, \"start\": 148.55999755859375, \"end\": 150.36000061035156, \"text\": \" because it had a monetization path.\", \"tokens\": [50678, 570, 309, 632, 257, 15556, 2144, 3100, 13, 50768], \"temperature\": 0.0, \"avg_logprob\": -0.2272794246673584, \"compression_ratio\": 1.6436363458633423, \"no_speech_prob\": 0.0010817005531862378}, {\"id\": 69, \"seek\": 14228, \"start\": 150.36000061035156, \"end\": 152.63999938964844, \"text\": \" If you go viral with no monetization,\", \"tokens\": [50768, 759, 291, 352, 16132, 365, 572, 15556, 2144, 11, 50882], \"temperature\": 0.0, \"avg_logprob\": -0.2272794246673584, \"compression_ratio\": 1.6436363458633423, \"no_speech_prob\": 0.0010817005531862378}, {\"id\": 70, \"seek\": 14228, \"start\": 153.72000122070312, \"end\": 154.55999755859375, \"text\": \" what's the upside?\", \"tokens\": [50936, 437, 311, 264, 14119, 30, 50978], \"temperature\": 0.0, \"avg_logprob\": -0.2272794246673584, \"compression_ratio\": 1.6436363458633423, \"no_speech_prob\": 0.0010817005531862378}, {\"id\": 71, \"seek\": 14228, \"start\": 154.55999755859375, \"end\": 155.55999755859375, \"text\": \" You're just getting famous.\", \"tokens\": [50978, 509, 434, 445, 1242, 4618, 13, 51028], \"temperature\": 0.0, \"avg_logprob\": -0.2272794246673584, \"compression_ratio\": 1.6436363458633423, \"no_speech_prob\": 0.0010817005531862378}, {\"id\": 72, \"seek\": 14228, \"start\": 155.55999755859375, \"end\": 159.83999633789062, \"text\": \" But if you have a link in it and go click and buy something,\", \"tokens\": [51028, 583, 498, 291, 362, 257, 2113, 294, 309, 293, 352, 2052, 293, 2256, 746, 11, 51242], \"temperature\": 0.0, \"avg_logprob\": -0.2272794246673584, \"compression_ratio\": 1.6436363458633423, \"no_speech_prob\": 0.0010817005531862378}, {\"id\": 73, \"seek\": 14228, \"start\": 159.83999633789062, \"end\": 161.67999267578125, \"text\": \" you know, you can make nine figures off of it.\", \"tokens\": [51242, 291, 458, 11, 291, 393, 652, 4949, 9624, 766, 295, 309, 13, 51334], \"temperature\": 0.0, \"avg_logprob\": -0.2272794246673584, \"compression_ratio\": 1.6436363458633423, \"no_speech_prob\": 0.0010817005531862378}, {\"id\": 74, \"seek\": 14228, \"start\": 161.67999267578125, \"end\": 165.32000732421875, \"text\": \" So the thing about a video is,\", \"tokens\": [51334, 407, 264, 551, 466, 257, 960, 307, 11, 51516], \"temperature\": 0.0, \"avg_logprob\": -0.2272794246673584, \"compression_ratio\": 1.6436363458633423, \"no_speech_prob\": 0.0010817005531862378}, {\"id\": 75, \"seek\": 14228, \"start\": 165.32000732421875, \"end\": 168.8000030517578, \"text\": \" so first off, that video is much, it looks casual,\", \"tokens\": [51516, 370, 700, 766, 11, 300, 960, 307, 709, 11, 309, 1542, 13052, 11, 51690], \"temperature\": 0.0, \"avg_logprob\": -0.2272794246673584, \"compression_ratio\": 1.6436363458633423, \"no_speech_prob\": 0.0010817005531862378}, {\"id\": 76, \"seek\": 14228, \"start\": 168.8000030517578, \"end\": 171.9600067138672, \"text\": \" but it's, I had been doing copywriting\", \"tokens\": [51690, 457, 309, 311, 11, 286, 632, 668, 884, 5055, 19868, 51848], \"temperature\": 0.0, \"avg_logprob\": -0.2272794246673584, \"compression_ratio\": 1.6436363458633423, \"no_speech_prob\": 0.0010817005531862378}, {\"id\": 77, \"seek\": 17196, \"start\": 172.63999938964844, \"end\": 174.0399932861328, \"text\": \" for about a decade.\", \"tokens\": [50398, 337, 466, 257, 10378, 13, 50468], \"temperature\": 0.0, \"avg_logprob\": -0.2426917552947998, \"compression_ratio\": 1.6259843111038208, \"no_speech_prob\": 6.144065082480665e-06}, {\"id\": 78, \"seek\": 17196, \"start\": 174.0399932861328, \"end\": 177.63999938964844, \"text\": \" So it's very, I hate watching my own videos.\", \"tokens\": [50468, 407, 309, 311, 588, 11, 286, 4700, 1976, 452, 1065, 2145, 13, 50648], \"temperature\": 0.0, \"avg_logprob\": -0.2426917552947998, \"compression_ratio\": 1.6259843111038208, \"no_speech_prob\": 6.144065082480665e-06}, {\"id\": 79, \"seek\": 17196, \"start\": 177.63999938964844, \"end\": 180.1999969482422, \"text\": \" I actually didn't never watch that video\", \"tokens\": [50648, 286, 767, 994, 380, 1128, 1159, 300, 960, 50776], \"temperature\": 0.0, \"avg_logprob\": -0.2426917552947998, \"compression_ratio\": 1.6259843111038208, \"no_speech_prob\": 6.144065082480665e-06}, {\"id\": 80, \"seek\": 17196, \"start\": 180.1999969482422, \"end\": 182.60000610351562, \"text\": \" until this year, so eight years.\", \"tokens\": [50776, 1826, 341, 1064, 11, 370, 3180, 924, 13, 50896], \"temperature\": 0.0, \"avg_logprob\": -0.2426917552947998, \"compression_ratio\": 1.6259843111038208, \"no_speech_prob\": 6.144065082480665e-06}, {\"id\": 81, \"seek\": 17196, \"start\": 182.60000610351562, \"end\": 184.32000732421875, \"text\": \" And I re-watched it.\", \"tokens\": [50896, 400, 286, 319, 12, 15219, 292, 309, 13, 50982], \"temperature\": 0.0, \"avg_logprob\": -0.2426917552947998, \"compression_ratio\": 1.6259843111038208, \"no_speech_prob\": 6.144065082480665e-06}, {\"id\": 82, \"seek\": 17196, \"start\": 184.32000732421875, \"end\": 186.72000122070312, \"text\": \" That's probably, and like I said,\", \"tokens\": [50982, 663, 311, 1391, 11, 293, 411, 286, 848, 11, 51102], \"temperature\": 0.0, \"avg_logprob\": -0.2426917552947998, \"compression_ratio\": 1.6259843111038208, \"no_speech_prob\": 6.144065082480665e-06}, {\"id\": 83, \"seek\": 17196, \"start\": 186.72000122070312, \"end\": 188.52000427246094, \"text\": \" I don't say this as a narcissistic thing,\", \"tokens\": [51102, 286, 500, 380, 584, 341, 382, 257, 25771, 3142, 551, 11, 51192], \"temperature\": 0.0, \"avg_logprob\": -0.2426917552947998, \"compression_ratio\": 1.6259843111038208, \"no_speech_prob\": 6.144065082480665e-06}, {\"id\": 84, \"seek\": 17196, \"start\": 188.52000427246094, \"end\": 190.60000610351562, \"text\": \" it's probably the best copywriting.\", \"tokens\": [51192, 309, 311, 1391, 264, 1151, 5055, 19868, 13, 51296], \"temperature\": 0.0, \"avg_logprob\": -0.2426917552947998, \"compression_ratio\": 1.6259843111038208, \"no_speech_prob\": 6.144065082480665e-06}, {\"id\": 85, \"seek\": 17196, \"start\": 191.60000610351562, \"end\": 193.83999633789062, \"text\": \" Like, I was like, I forgot it was me.\", \"tokens\": [51346, 1743, 11, 286, 390, 411, 11, 286, 5298, 309, 390, 385, 13, 51458], \"temperature\": 0.0, \"avg_logprob\": -0.2426917552947998, \"compression_ratio\": 1.6259843111038208, \"no_speech_prob\": 6.144065082480665e-06}, {\"id\": 86, \"seek\": 17196, \"start\": 193.83999633789062, \"end\": 196.72000122070312, \"text\": \" I was like, this is the fucking greatest copywritten thing\", \"tokens\": [51458, 286, 390, 411, 11, 341, 307, 264, 5546, 6636, 5055, 26859, 551, 51602], \"temperature\": 0.0, \"avg_logprob\": -0.2426917552947998, \"compression_ratio\": 1.6259843111038208, \"no_speech_prob\": 6.144065082480665e-06}, {\"id\": 87, \"seek\": 17196, \"start\": 196.72000122070312, \"end\": 199.32000732421875, \"text\": \" to ever hit YouTube ads, maybe Facebook ads.\", \"tokens\": [51602, 281, 1562, 2045, 3088, 10342, 11, 1310, 4384, 10342, 13, 51732], \"temperature\": 0.0, \"avg_logprob\": -0.2426917552947998, \"compression_ratio\": 1.6259843111038208, \"no_speech_prob\": 6.144065082480665e-06}]}"}