{"title": "Dan Bilzerian's Secret to Women Fighting Over HIM! #shorts", "video_id": "th4bBuUPbys", "video_url": "https://www.youtube.com/watch?v=th4bBuUPbys", "description": "Here's a clip from a podcast episode with Dr. David Buss #shorts \nFull Video \ud83d\udd17: https://youtu.be/a6SXALMQPuQ\n\n\u2014\u2014\u2014\u2014\u2014\u2014\u2014\u2014\u2014\u2014\u2014\u2014\u2014\u2014\u2014\u2014\u2014\u2014\u2014\nReady to build a network of amazing women and high-status men? \n\nMichael\u2019s Men of Action Mentoring Program is a Master\u2019s course dedicated to helping people elevate their social lives by becoming higher status and building elite social circles.\n\nClick the link to learn how you can start living the high-status social life you always wanted: https://m.moamentoring.com/podcast\n\u2014\u2014\u2014\u2014\u2014\u2014\u2014\u2014\u2014\u2014\u2014\u2014\u2014\u2014\u2014\u2014\u2014\u2014\u2014\u2014\n\nSubscribe on Youtube: \nhttps://www.youtube.com/user/MichaelSartain\n\nListen on Apple Podcast: \nhttps://podcasts.apple.com/us/podcast/the-michael-sartain-podcast/id1579791157\n\nListen on Spotify: \nhttps://open.spotify.com/show/2faAYwvDD9Bvkpwv6umlPO?si=8Q3ak9HnSlKjuChsTXr6YQ&dl_branch=1", "published_at": "2022-12-31T01:15:01Z", "channel_id": "UC0T1bDzajVefRWx4uKdGyuw", "channel_title": "Michael Sartain", "tags": [], "category_id": "24", "live_broadcast_content": "none", "duration": 60.0, "dimension": "2d", "definition": "hd", "caption": "false", "view_count": 5760, "like_count": 371, "comment_count": 10, "channel_info": {"title": "Michael Sartain", "description": "\ud83c\udf99Host of The\u00a0Michael Sartain Podcast \n\n\ud83d\udd25Teaching you how to build a network of desirable women and high-status men\n\n\ud83d\udc47 Click the \"Men of Action\" link below now to forge a high-status lifestyle and join the elites \n", "subscriber_count": "80500", "total_views": "29545897", "total_videos": "1481"}, "comments": [], "file_path": "/Users/aelaguiz/workspace/fc_book/audio/raws/th4bBuUPbys.mp3", "transcription": "{\"text\": \"women view a man as more attractive if other women find the man attractive. So in our studies in our lab, even just putting an attractive woman standing next to a guy causes women to rate the guy as more attractive compared to him standing there alone. Part of it is that it's preselection, but also it's acute to status because status is partly determined by what we can call the attention structure. That is, the high-status males are the ones to whom the most people pay the most attention. And so when you're the organizer, when you're say of these events, you are the center of the attention structure and then surrounded by attractive women. So you have two things going for you. Dr. Buss, it's indescribable. There's a social media influencer who came on here, Dan Bilzerian, about 10 weeks ago. And I hang out with him sometimes and I watch women physically fight just to be around this guy. It's one of the craziest things I've ever seen. He said this before. It's a situation where I've experienced this. When I walk into a nightclub with two girls, nobody really wants to talk to me. When I walk in with 20 girls, everyone wants to know who I am. I find people, just random women coming up. \", \"segments\": [{\"id\": 0, \"seek\": 0, \"start\": 0.0, \"end\": 5.679999828338623, \"text\": \" women view a man as more attractive if other women find the man attractive. So in our studies\", \"tokens\": [50364, 2266, 1910, 257, 587, 382, 544, 12609, 498, 661, 2266, 915, 264, 587, 12609, 13, 407, 294, 527, 5313, 50648], \"temperature\": 0.0, \"avg_logprob\": -0.2672136127948761, \"compression_ratio\": 1.7871485948562622, \"no_speech_prob\": 0.004903628025203943}, {\"id\": 1, \"seek\": 0, \"start\": 5.679999828338623, \"end\": 11.15999984741211, \"text\": \" in our lab, even just putting an attractive woman standing next to a guy causes women\", \"tokens\": [50648, 294, 527, 2715, 11, 754, 445, 3372, 364, 12609, 3059, 4877, 958, 281, 257, 2146, 7700, 2266, 50922], \"temperature\": 0.0, \"avg_logprob\": -0.2672136127948761, \"compression_ratio\": 1.7871485948562622, \"no_speech_prob\": 0.004903628025203943}, {\"id\": 2, \"seek\": 0, \"start\": 11.15999984741211, \"end\": 15.680000305175781, \"text\": \" to rate the guy as more attractive compared to him standing there alone. Part of it is\", \"tokens\": [50922, 281, 3314, 264, 2146, 382, 544, 12609, 5347, 281, 796, 4877, 456, 3312, 13, 4100, 295, 309, 307, 51148], \"temperature\": 0.0, \"avg_logprob\": -0.2672136127948761, \"compression_ratio\": 1.7871485948562622, \"no_speech_prob\": 0.004903628025203943}, {\"id\": 3, \"seek\": 0, \"start\": 15.680000305175781, \"end\": 23.0, \"text\": \" that it's preselection, but also it's acute to status because status is partly determined\", \"tokens\": [51148, 300, 309, 311, 659, 405, 5450, 11, 457, 611, 309, 311, 24390, 281, 6558, 570, 6558, 307, 17031, 9540, 51514], \"temperature\": 0.0, \"avg_logprob\": -0.2672136127948761, \"compression_ratio\": 1.7871485948562622, \"no_speech_prob\": 0.004903628025203943}, {\"id\": 4, \"seek\": 0, \"start\": 23.0, \"end\": 28.600000381469727, \"text\": \" by what we can call the attention structure. That is, the high-status males are the ones\", \"tokens\": [51514, 538, 437, 321, 393, 818, 264, 3202, 3877, 13, 663, 307, 11, 264, 1090, 12, 19435, 301, 20776, 366, 264, 2306, 51794], \"temperature\": 0.0, \"avg_logprob\": -0.2672136127948761, \"compression_ratio\": 1.7871485948562622, \"no_speech_prob\": 0.004903628025203943}, {\"id\": 5, \"seek\": 2860, \"start\": 28.600000381469727, \"end\": 32.36000061035156, \"text\": \" to whom the most people pay the most attention. And so when you're the organizer, when you're\", \"tokens\": [50364, 281, 7101, 264, 881, 561, 1689, 264, 881, 3202, 13, 400, 370, 562, 291, 434, 264, 41363, 11, 562, 291, 434, 50552], \"temperature\": 0.0, \"avg_logprob\": -0.27158844470977783, \"compression_ratio\": 1.7678571939468384, \"no_speech_prob\": 0.26568230986595154}, {\"id\": 6, \"seek\": 2860, \"start\": 32.36000061035156, \"end\": 37.119998931884766, \"text\": \" say of these events, you are the center of the attention structure and then surrounded\", \"tokens\": [50552, 584, 295, 613, 3931, 11, 291, 366, 264, 3056, 295, 264, 3202, 3877, 293, 550, 13221, 50790], \"temperature\": 0.0, \"avg_logprob\": -0.27158844470977783, \"compression_ratio\": 1.7678571939468384, \"no_speech_prob\": 0.26568230986595154}, {\"id\": 7, \"seek\": 2860, \"start\": 37.119998931884766, \"end\": 39.439998626708984, \"text\": \" by attractive women. So you have two things going for you.\", \"tokens\": [50790, 538, 12609, 2266, 13, 407, 291, 362, 732, 721, 516, 337, 291, 13, 50906], \"temperature\": 0.0, \"avg_logprob\": -0.27158844470977783, \"compression_ratio\": 1.7678571939468384, \"no_speech_prob\": 0.26568230986595154}, {\"id\": 8, \"seek\": 2860, \"start\": 39.439998626708984, \"end\": 43.20000076293945, \"text\": \" Dr. Buss, it's indescribable. There's a social media influencer who came on here, Dan Bilzerian,\", \"tokens\": [50906, 2491, 13, 363, 2023, 11, 309, 311, 1016, 279, 1142, 65, 712, 13, 821, 311, 257, 2093, 3021, 39503, 567, 1361, 322, 510, 11, 3394, 22879, 4527, 952, 11, 51094], \"temperature\": 0.0, \"avg_logprob\": -0.27158844470977783, \"compression_ratio\": 1.7678571939468384, \"no_speech_prob\": 0.26568230986595154}, {\"id\": 9, \"seek\": 2860, \"start\": 43.20000076293945, \"end\": 46.91999816894531, \"text\": \" about 10 weeks ago. And I hang out with him sometimes and I watch women physically fight\", \"tokens\": [51094, 466, 1266, 3259, 2057, 13, 400, 286, 3967, 484, 365, 796, 2171, 293, 286, 1159, 2266, 9762, 2092, 51280], \"temperature\": 0.0, \"avg_logprob\": -0.27158844470977783, \"compression_ratio\": 1.7678571939468384, \"no_speech_prob\": 0.26568230986595154}, {\"id\": 10, \"seek\": 2860, \"start\": 46.91999816894531, \"end\": 50.0, \"text\": \" just to be around this guy. It's one of the craziest things I've ever seen. He said this\", \"tokens\": [51280, 445, 281, 312, 926, 341, 2146, 13, 467, 311, 472, 295, 264, 46339, 721, 286, 600, 1562, 1612, 13, 634, 848, 341, 51434], \"temperature\": 0.0, \"avg_logprob\": -0.27158844470977783, \"compression_ratio\": 1.7678571939468384, \"no_speech_prob\": 0.26568230986595154}, {\"id\": 11, \"seek\": 2860, \"start\": 50.0, \"end\": 53.31999969482422, \"text\": \" before. It's a situation where I've experienced this. When I walk into a nightclub with two\", \"tokens\": [51434, 949, 13, 467, 311, 257, 2590, 689, 286, 600, 6751, 341, 13, 1133, 286, 1792, 666, 257, 1818, 40607, 365, 732, 51600], \"temperature\": 0.0, \"avg_logprob\": -0.27158844470977783, \"compression_ratio\": 1.7678571939468384, \"no_speech_prob\": 0.26568230986595154}, {\"id\": 12, \"seek\": 2860, \"start\": 53.31999969482422, \"end\": 56.720001220703125, \"text\": \" girls, nobody really wants to talk to me. When I walk in with 20 girls, everyone wants\", \"tokens\": [51600, 4519, 11, 5079, 534, 2738, 281, 751, 281, 385, 13, 1133, 286, 1792, 294, 365, 945, 4519, 11, 1518, 2738, 51770], \"temperature\": 0.0, \"avg_logprob\": -0.27158844470977783, \"compression_ratio\": 1.7678571939468384, \"no_speech_prob\": 0.26568230986595154}, {\"id\": 13, \"seek\": 5672, \"start\": 56.720001220703125, \"end\": 59.52000045776367, \"text\": \" to know who I am. I find people, just random women coming up.\", \"tokens\": [50364, 281, 458, 567, 286, 669, 13, 286, 915, 561, 11, 445, 4974, 2266, 1348, 493, 13, 50504], \"temperature\": 0.0, \"avg_logprob\": -0.4590742290019989, \"compression_ratio\": 0.9384615421295166, \"no_speech_prob\": 0.9933019876480103}]}"}