{"title": "Wes Watson On Choosing Your Purpose Over Pleasure @GPPenitentiaryLifeWesWatson", "video_id": "TiAutJ6VfQE", "video_url": "https://www.youtube.com/watch?v=TiAutJ6VfQE", "description": "Here's a clip from my podcast episode with Wes Watson\nFull Video \ud83d\udd17: https://youtu.be/bLRvlOFKfgg\n\n\u200bWes Watson (IG: @Watson_Fit) is an inspirational speaker, fitness trainer, and ex-convict. He did a 10-year term in the Californian penitentiary system for an aggravated assault related to drug dealing. He currently posts videos on his youtube channel @GPPenitentiaryLifeWesWatson about stories from when he was in prison and the lessons he learned from them. Wes has an online fitness program called Watson Fit.\n\n\u2014\u2014\u2014\u2014\u2014\u2014\u2014\u2014\u2014\u2014\u2014\u2014\u2014\u2014\u2014\u2014\u2014\u2014\u2014\nReady to build a network of amazing women and high-status men? \n\nMichael\u2019s Men of Action Mentoring Program is a Master\u2019s course dedicated to helping people elevate their social lives by becoming higher status and building elite social circles.\n\nClick the link to learn how you can start living the high-status social life you always wanted: https://m.moamentoring.com/podcast\n\u2014\u2014\u2014\u2014\u2014\u2014\u2014\u2014\u2014\u2014\u2014\u2014\u2014\u2014\u2014\u2014\u2014\u2014\u2014\u2014\n\nSubscribe on Youtube: \nhttps://www.youtube.com/user/MichaelSartain\n\nListen on Apple Podcast: \nhttps://podcasts.apple.com/us/podcast/the-michael-sartain-podcast/id1579791157\n\nListen on Spotify: \nhttps://open.spotify.com/show/2faAYwvDD9Bvkpwv6umlPO?si=8Q3ak9HnSlKjuChsTXr6YQ&dl_branch=1", "published_at": "2022-11-22T15:00:16Z", "channel_id": "UC0T1bDzajVefRWx4uKdGyuw", "channel_title": "Michael Sartain", "tags": [], "category_id": "24", "live_broadcast_content": "none", "duration": 352.0, "dimension": "2d", "definition": "hd", "caption": "false", "view_count": 845, "like_count": 36, "comment_count": 2, "channel_info": {"title": "Michael Sartain", "description": "\ud83c\udf99Host of The\u00a0Michael Sartain Podcast \n\n\ud83d\udd25Teaching you how to build a network of desirable women and high-status men\n\n\ud83d\udc47 Click the \"Men of Action\" link below now to forge a high-status lifestyle and join the elites \n", "subscriber_count": "80500", "total_views": "29545897", "total_videos": "1481"}, "comments": [], "file_path": "/Users/aelaguiz/workspace/fc_book/audio/raws/TiAutJ6VfQE.mp3", "transcription": "{\"text\": \"Haters only hate on what they gave up on. And the thing is, is like, I don't even fucking, I like it, I don't give a fuck. I purposely trigger people. Like the post me and Brad did about alcohol. Oh my God, that shit went like. Yes. That shit had 1500 comments and like 350,000 views. Most of the shit was going like 50,000 or 90,000. That shit went 350, perfect. I'm gonna draw a line. Here's my beliefs. If you're on this side, ride with me. And if you're on this side, you'll be riding with me later once your regret catches up to you. It's incredible. You told people to do a good thing that would help them. And. And they get mad. And they got mad, yeah. It is mind blowing when you think about that. Yeah, for me, cause I don't drink at all. And when I saw that, I was like, yeah, it makes sense. I fucking love that. Dude, it's, the world is not a better place cause alcohol's in. Yes. Nothing has been built better from alcohol. A lot of lives have been destroyed and it's all good if you want to go have your drinks and do your shit, just realize you're being a lesser example than you could be. Yeah. Is it gonna totally trash your life? No, but the people around you struggling, you're not helping them. I've committed myself to being an example. That's the only thing that makes me feel good. I have everything. Nothing really makes me feel that good. I just feel bad when I'm not the best I can be. Right. I don't really have like a, like goodness is uneventful. It doesn't flash, it glows. There's no fucking awesome shit that I did good. There's only when I know I didn't do right that I feel like shit. So I gauge myself that way, it's deductive. When people initially come to me and I hear this from other coaches, like I respectfully tell them, we don't care about your feelings. Your feelings, you don't get to bring those in here. Yeah, you fuck your feelings. And what you wrote is you choose you over your purpose. Right. And that's where I come from. Your feelings are not important. Another thing I say is first year you're in my program, zero creativity. You are going to do exactly what the 300 or 400 guys before you did. And we're going to do that first. And then once you achieve mastery, like what Malcolm Gladwell says, the 10,000 hour rule, then you can start putting in some creativity. But initially, no creativity. Initially, your feelings do not matter. Can you talk about you choosing you over your purpose? Oh, I just, I honestly like, I'm just purpose driven. Yeah. I've never missed because I'm just unreasonable. I'm unrealistic. And I really believe that I have this massive higher calling to guide millions of people to a better life. Cause I've lived the worst life and the best life. So who the fuck else would know both extremes more than me? I've been in prison with nothing. And I've been a multimillionaire with everything everybody wants. So I know everybody and everything in between. So I have the guidance. I just have to be the spitting example that they need to listen to so I can guide them to the best life. And I'm willing to make the sacrifices. It's purpose over pleasure. I don't give a fuck. I've done everything. Like, what is going to be new to me? Like, really? Like, it's really going to be that new for you to eat that food or for you to go do that thing that you think you desire. Like that's some fucking, like shit like that is just short-term memory loss. It's not going to be any different. But the shit that's going to be massive is that you sacrifice to build something so big and so purposeful that when you leave this life, they're still talking about you. You left a bunch behind. I wrote a fucking book that people send me pictures of that is covered in highlighter marks. Like videos that have been played by 80 million people. And every one of those videos has something in it that saved my life or changed my life. So I know it saved or changed theirs because they're fucking human. And I'm fucking human. So I mean, the thing is, I just, people see me and they're like, well, obviously you found your purpose. Well, you have the same purpose as me, motherfucker. To create the individual you admire in every way and give that person to the world. Now, if you admire the best model, trained fucking builder, then fucking do it. If you admire whatever you admire, like be it, do it at the best and sacrifice everything for that path. You call love, you say love is a verb. I think it's really important idea between theory and action, taking action. If you really care about something, it's an action. You talk about love being a verb. Love's a verb. Everything I do, I do for fucking, everything I do, I do for my family, for people. Like when I wake up, I wake up for the world. I wake up for that dude in Australia who has a drug habit who needs to see that Wes was up again at 245. That man, this guy didn't break. So the love I have for life, the love I have for this world, the love I have for my wife, my son, for everybody, I prove with my actions. I want to show them what's possible. I don't want to be that dad, that friend, that husband who sits there and says, chase your dreams, son, but I ain't chasing mine. What the fuck is that? You can be anything, son, anything's possible. If you've ever used those words and your life sucks because you were so fucking lazy, you should just smack yourself in the face. Like hypothetical is hypocritical. All this hypothetical shit that people say is disgusting to me. So I came out and I said, you know what? Anything's possible. And then I lived a life that seemed impossible. In four years to get where I'm at, like people are like, your cars are probably leased. All my, even though it's not the best way, I got the pink slips to all my shit. There you go. My lifestyle is not leased. I make so much fucking money off helping people that I live the most congruent life that a human can live. I serve people for a living and I get paid for the value I bring them. \", \"segments\": [{\"id\": 0, \"seek\": 0, \"start\": 0.0, \"end\": 2.1600000858306885, \"text\": \" Haters only hate on what they gave up on.\", \"tokens\": [50364, 15867, 433, 787, 4700, 322, 437, 436, 2729, 493, 322, 13, 50472], \"temperature\": 0.0, \"avg_logprob\": -0.23794139921665192, \"compression_ratio\": 1.5878136157989502, \"no_speech_prob\": 0.12583522498607635}, {\"id\": 1, \"seek\": 0, \"start\": 2.1600000858306885, \"end\": 5.559999942779541, \"text\": \" And the thing is, is like, I don't even fucking,\", \"tokens\": [50472, 400, 264, 551, 307, 11, 307, 411, 11, 286, 500, 380, 754, 5546, 11, 50642], \"temperature\": 0.0, \"avg_logprob\": -0.23794139921665192, \"compression_ratio\": 1.5878136157989502, \"no_speech_prob\": 0.12583522498607635}, {\"id\": 2, \"seek\": 0, \"start\": 5.559999942779541, \"end\": 6.880000114440918, \"text\": \" I like it, I don't give a fuck.\", \"tokens\": [50642, 286, 411, 309, 11, 286, 500, 380, 976, 257, 3275, 13, 50708], \"temperature\": 0.0, \"avg_logprob\": -0.23794139921665192, \"compression_ratio\": 1.5878136157989502, \"no_speech_prob\": 0.12583522498607635}, {\"id\": 3, \"seek\": 0, \"start\": 6.880000114440918, \"end\": 8.520000457763672, \"text\": \" I purposely trigger people.\", \"tokens\": [50708, 286, 41840, 7875, 561, 13, 50790], \"temperature\": 0.0, \"avg_logprob\": -0.23794139921665192, \"compression_ratio\": 1.5878136157989502, \"no_speech_prob\": 0.12583522498607635}, {\"id\": 4, \"seek\": 0, \"start\": 8.520000457763672, \"end\": 11.0, \"text\": \" Like the post me and Brad did about alcohol.\", \"tokens\": [50790, 1743, 264, 2183, 385, 293, 11895, 630, 466, 7658, 13, 50914], \"temperature\": 0.0, \"avg_logprob\": -0.23794139921665192, \"compression_ratio\": 1.5878136157989502, \"no_speech_prob\": 0.12583522498607635}, {\"id\": 5, \"seek\": 0, \"start\": 11.0, \"end\": 12.640000343322754, \"text\": \" Oh my God, that shit went like.\", \"tokens\": [50914, 876, 452, 1265, 11, 300, 4611, 1437, 411, 13, 50996], \"temperature\": 0.0, \"avg_logprob\": -0.23794139921665192, \"compression_ratio\": 1.5878136157989502, \"no_speech_prob\": 0.12583522498607635}, {\"id\": 6, \"seek\": 0, \"start\": 12.640000343322754, \"end\": 13.479999542236328, \"text\": \" Yes.\", \"tokens\": [50996, 1079, 13, 51038], \"temperature\": 0.0, \"avg_logprob\": -0.23794139921665192, \"compression_ratio\": 1.5878136157989502, \"no_speech_prob\": 0.12583522498607635}, {\"id\": 7, \"seek\": 0, \"start\": 13.479999542236328, \"end\": 17.639999389648438, \"text\": \" That shit had 1500 comments and like 350,000 views.\", \"tokens\": [51038, 663, 4611, 632, 22671, 3053, 293, 411, 18065, 11, 1360, 6809, 13, 51246], \"temperature\": 0.0, \"avg_logprob\": -0.23794139921665192, \"compression_ratio\": 1.5878136157989502, \"no_speech_prob\": 0.12583522498607635}, {\"id\": 8, \"seek\": 0, \"start\": 17.639999389648438, \"end\": 20.520000457763672, \"text\": \" Most of the shit was going like 50,000 or 90,000.\", \"tokens\": [51246, 4534, 295, 264, 4611, 390, 516, 411, 2625, 11, 1360, 420, 4289, 11, 1360, 13, 51390], \"temperature\": 0.0, \"avg_logprob\": -0.23794139921665192, \"compression_ratio\": 1.5878136157989502, \"no_speech_prob\": 0.12583522498607635}, {\"id\": 9, \"seek\": 0, \"start\": 20.520000457763672, \"end\": 22.760000228881836, \"text\": \" That shit went 350, perfect.\", \"tokens\": [51390, 663, 4611, 1437, 18065, 11, 2176, 13, 51502], \"temperature\": 0.0, \"avg_logprob\": -0.23794139921665192, \"compression_ratio\": 1.5878136157989502, \"no_speech_prob\": 0.12583522498607635}, {\"id\": 10, \"seek\": 0, \"start\": 22.760000228881836, \"end\": 24.0, \"text\": \" I'm gonna draw a line.\", \"tokens\": [51502, 286, 478, 799, 2642, 257, 1622, 13, 51564], \"temperature\": 0.0, \"avg_logprob\": -0.23794139921665192, \"compression_ratio\": 1.5878136157989502, \"no_speech_prob\": 0.12583522498607635}, {\"id\": 11, \"seek\": 0, \"start\": 24.0, \"end\": 25.440000534057617, \"text\": \" Here's my beliefs.\", \"tokens\": [51564, 1692, 311, 452, 13585, 13, 51636], \"temperature\": 0.0, \"avg_logprob\": -0.23794139921665192, \"compression_ratio\": 1.5878136157989502, \"no_speech_prob\": 0.12583522498607635}, {\"id\": 12, \"seek\": 0, \"start\": 25.440000534057617, \"end\": 27.719999313354492, \"text\": \" If you're on this side, ride with me.\", \"tokens\": [51636, 759, 291, 434, 322, 341, 1252, 11, 5077, 365, 385, 13, 51750], \"temperature\": 0.0, \"avg_logprob\": -0.23794139921665192, \"compression_ratio\": 1.5878136157989502, \"no_speech_prob\": 0.12583522498607635}, {\"id\": 13, \"seek\": 2772, \"start\": 27.719999313354492, \"end\": 30.440000534057617, \"text\": \" And if you're on this side, you'll be riding with me later\", \"tokens\": [50364, 400, 498, 291, 434, 322, 341, 1252, 11, 291, 603, 312, 9546, 365, 385, 1780, 50500], \"temperature\": 0.0, \"avg_logprob\": -0.2668977379798889, \"compression_ratio\": 1.703125, \"no_speech_prob\": 5.8290937886340544e-05}, {\"id\": 14, \"seek\": 2772, \"start\": 30.440000534057617, \"end\": 32.720001220703125, \"text\": \" once your regret catches up to you.\", \"tokens\": [50500, 1564, 428, 10879, 25496, 493, 281, 291, 13, 50614], \"temperature\": 0.0, \"avg_logprob\": -0.2668977379798889, \"compression_ratio\": 1.703125, \"no_speech_prob\": 5.8290937886340544e-05}, {\"id\": 15, \"seek\": 2772, \"start\": 32.720001220703125, \"end\": 33.560001373291016, \"text\": \" It's incredible.\", \"tokens\": [50614, 467, 311, 4651, 13, 50656], \"temperature\": 0.0, \"avg_logprob\": -0.2668977379798889, \"compression_ratio\": 1.703125, \"no_speech_prob\": 5.8290937886340544e-05}, {\"id\": 16, \"seek\": 2772, \"start\": 33.560001373291016, \"end\": 37.20000076293945, \"text\": \" You told people to do a good thing that would help them.\", \"tokens\": [50656, 509, 1907, 561, 281, 360, 257, 665, 551, 300, 576, 854, 552, 13, 50838], \"temperature\": 0.0, \"avg_logprob\": -0.2668977379798889, \"compression_ratio\": 1.703125, \"no_speech_prob\": 5.8290937886340544e-05}, {\"id\": 17, \"seek\": 2772, \"start\": 37.20000076293945, \"end\": 38.040000915527344, \"text\": \" And.\", \"tokens\": [50838, 400, 13, 50880], \"temperature\": 0.0, \"avg_logprob\": -0.2668977379798889, \"compression_ratio\": 1.703125, \"no_speech_prob\": 5.8290937886340544e-05}, {\"id\": 18, \"seek\": 2772, \"start\": 38.040000915527344, \"end\": 38.880001068115234, \"text\": \" And they get mad.\", \"tokens\": [50880, 400, 436, 483, 5244, 13, 50922], \"temperature\": 0.0, \"avg_logprob\": -0.2668977379798889, \"compression_ratio\": 1.703125, \"no_speech_prob\": 5.8290937886340544e-05}, {\"id\": 19, \"seek\": 2772, \"start\": 38.880001068115234, \"end\": 39.959999084472656, \"text\": \" And they got mad, yeah.\", \"tokens\": [50922, 400, 436, 658, 5244, 11, 1338, 13, 50976], \"temperature\": 0.0, \"avg_logprob\": -0.2668977379798889, \"compression_ratio\": 1.703125, \"no_speech_prob\": 5.8290937886340544e-05}, {\"id\": 20, \"seek\": 2772, \"start\": 39.959999084472656, \"end\": 42.15999984741211, \"text\": \" It is mind blowing when you think about that.\", \"tokens\": [50976, 467, 307, 1575, 15068, 562, 291, 519, 466, 300, 13, 51086], \"temperature\": 0.0, \"avg_logprob\": -0.2668977379798889, \"compression_ratio\": 1.703125, \"no_speech_prob\": 5.8290937886340544e-05}, {\"id\": 21, \"seek\": 2772, \"start\": 42.15999984741211, \"end\": 43.68000030517578, \"text\": \" Yeah, for me, cause I don't drink at all.\", \"tokens\": [51086, 865, 11, 337, 385, 11, 3082, 286, 500, 380, 2822, 412, 439, 13, 51162], \"temperature\": 0.0, \"avg_logprob\": -0.2668977379798889, \"compression_ratio\": 1.703125, \"no_speech_prob\": 5.8290937886340544e-05}, {\"id\": 22, \"seek\": 2772, \"start\": 43.68000030517578, \"end\": 45.31999969482422, \"text\": \" And when I saw that, I was like, yeah, it makes sense.\", \"tokens\": [51162, 400, 562, 286, 1866, 300, 11, 286, 390, 411, 11, 1338, 11, 309, 1669, 2020, 13, 51244], \"temperature\": 0.0, \"avg_logprob\": -0.2668977379798889, \"compression_ratio\": 1.703125, \"no_speech_prob\": 5.8290937886340544e-05}, {\"id\": 23, \"seek\": 2772, \"start\": 45.31999969482422, \"end\": 47.08000183105469, \"text\": \" I fucking love that.\", \"tokens\": [51244, 286, 5546, 959, 300, 13, 51332], \"temperature\": 0.0, \"avg_logprob\": -0.2668977379798889, \"compression_ratio\": 1.703125, \"no_speech_prob\": 5.8290937886340544e-05}, {\"id\": 24, \"seek\": 2772, \"start\": 47.08000183105469, \"end\": 49.7599983215332, \"text\": \" Dude, it's, the world is not a better place\", \"tokens\": [51332, 12042, 11, 309, 311, 11, 264, 1002, 307, 406, 257, 1101, 1081, 51466], \"temperature\": 0.0, \"avg_logprob\": -0.2668977379798889, \"compression_ratio\": 1.703125, \"no_speech_prob\": 5.8290937886340544e-05}, {\"id\": 25, \"seek\": 2772, \"start\": 49.7599983215332, \"end\": 50.599998474121094, \"text\": \" cause alcohol's in.\", \"tokens\": [51466, 3082, 7658, 311, 294, 13, 51508], \"temperature\": 0.0, \"avg_logprob\": -0.2668977379798889, \"compression_ratio\": 1.703125, \"no_speech_prob\": 5.8290937886340544e-05}, {\"id\": 26, \"seek\": 2772, \"start\": 50.599998474121094, \"end\": 51.439998626708984, \"text\": \" Yes.\", \"tokens\": [51508, 1079, 13, 51550], \"temperature\": 0.0, \"avg_logprob\": -0.2668977379798889, \"compression_ratio\": 1.703125, \"no_speech_prob\": 5.8290937886340544e-05}, {\"id\": 27, \"seek\": 2772, \"start\": 51.439998626708984, \"end\": 54.560001373291016, \"text\": \" Nothing has been built better from alcohol.\", \"tokens\": [51550, 6693, 575, 668, 3094, 1101, 490, 7658, 13, 51706], \"temperature\": 0.0, \"avg_logprob\": -0.2668977379798889, \"compression_ratio\": 1.703125, \"no_speech_prob\": 5.8290937886340544e-05}, {\"id\": 28, \"seek\": 2772, \"start\": 54.560001373291016, \"end\": 57.439998626708984, \"text\": \" A lot of lives have been destroyed and it's all good\", \"tokens\": [51706, 316, 688, 295, 2909, 362, 668, 8937, 293, 309, 311, 439, 665, 51850], \"temperature\": 0.0, \"avg_logprob\": -0.2668977379798889, \"compression_ratio\": 1.703125, \"no_speech_prob\": 5.8290937886340544e-05}, {\"id\": 29, \"seek\": 5744, \"start\": 58.15999984741211, \"end\": 60.84000015258789, \"text\": \" if you want to go have your drinks and do your shit,\", \"tokens\": [50400, 498, 291, 528, 281, 352, 362, 428, 12142, 293, 360, 428, 4611, 11, 50534], \"temperature\": 0.0, \"avg_logprob\": -0.20386111736297607, \"compression_ratio\": 1.7077465057373047, \"no_speech_prob\": 0.00039203601772896945}, {\"id\": 30, \"seek\": 5744, \"start\": 60.84000015258789, \"end\": 63.439998626708984, \"text\": \" just realize you're being a lesser example\", \"tokens\": [50534, 445, 4325, 291, 434, 885, 257, 22043, 1365, 50664], \"temperature\": 0.0, \"avg_logprob\": -0.20386111736297607, \"compression_ratio\": 1.7077465057373047, \"no_speech_prob\": 0.00039203601772896945}, {\"id\": 31, \"seek\": 5744, \"start\": 63.439998626708984, \"end\": 64.4000015258789, \"text\": \" than you could be.\", \"tokens\": [50664, 813, 291, 727, 312, 13, 50712], \"temperature\": 0.0, \"avg_logprob\": -0.20386111736297607, \"compression_ratio\": 1.7077465057373047, \"no_speech_prob\": 0.00039203601772896945}, {\"id\": 32, \"seek\": 5744, \"start\": 64.4000015258789, \"end\": 65.23999786376953, \"text\": \" Yeah.\", \"tokens\": [50712, 865, 13, 50754], \"temperature\": 0.0, \"avg_logprob\": -0.20386111736297607, \"compression_ratio\": 1.7077465057373047, \"no_speech_prob\": 0.00039203601772896945}, {\"id\": 33, \"seek\": 5744, \"start\": 65.23999786376953, \"end\": 67.19999694824219, \"text\": \" Is it gonna totally trash your life?\", \"tokens\": [50754, 1119, 309, 799, 3879, 11321, 428, 993, 30, 50852], \"temperature\": 0.0, \"avg_logprob\": -0.20386111736297607, \"compression_ratio\": 1.7077465057373047, \"no_speech_prob\": 0.00039203601772896945}, {\"id\": 34, \"seek\": 5744, \"start\": 67.19999694824219, \"end\": 69.36000061035156, \"text\": \" No, but the people around you struggling,\", \"tokens\": [50852, 883, 11, 457, 264, 561, 926, 291, 9314, 11, 50960], \"temperature\": 0.0, \"avg_logprob\": -0.20386111736297607, \"compression_ratio\": 1.7077465057373047, \"no_speech_prob\": 0.00039203601772896945}, {\"id\": 35, \"seek\": 5744, \"start\": 69.36000061035156, \"end\": 70.72000122070312, \"text\": \" you're not helping them.\", \"tokens\": [50960, 291, 434, 406, 4315, 552, 13, 51028], \"temperature\": 0.0, \"avg_logprob\": -0.20386111736297607, \"compression_ratio\": 1.7077465057373047, \"no_speech_prob\": 0.00039203601772896945}, {\"id\": 36, \"seek\": 5744, \"start\": 70.72000122070312, \"end\": 73.80000305175781, \"text\": \" I've committed myself to being an example.\", \"tokens\": [51028, 286, 600, 7784, 2059, 281, 885, 364, 1365, 13, 51182], \"temperature\": 0.0, \"avg_logprob\": -0.20386111736297607, \"compression_ratio\": 1.7077465057373047, \"no_speech_prob\": 0.00039203601772896945}, {\"id\": 37, \"seek\": 5744, \"start\": 73.80000305175781, \"end\": 75.5199966430664, \"text\": \" That's the only thing that makes me feel good.\", \"tokens\": [51182, 663, 311, 264, 787, 551, 300, 1669, 385, 841, 665, 13, 51268], \"temperature\": 0.0, \"avg_logprob\": -0.20386111736297607, \"compression_ratio\": 1.7077465057373047, \"no_speech_prob\": 0.00039203601772896945}, {\"id\": 38, \"seek\": 5744, \"start\": 75.5199966430664, \"end\": 76.5199966430664, \"text\": \" I have everything.\", \"tokens\": [51268, 286, 362, 1203, 13, 51318], \"temperature\": 0.0, \"avg_logprob\": -0.20386111736297607, \"compression_ratio\": 1.7077465057373047, \"no_speech_prob\": 0.00039203601772896945}, {\"id\": 39, \"seek\": 5744, \"start\": 76.5199966430664, \"end\": 79.80000305175781, \"text\": \" Nothing really makes me feel that good.\", \"tokens\": [51318, 6693, 534, 1669, 385, 841, 300, 665, 13, 51482], \"temperature\": 0.0, \"avg_logprob\": -0.20386111736297607, \"compression_ratio\": 1.7077465057373047, \"no_speech_prob\": 0.00039203601772896945}, {\"id\": 40, \"seek\": 5744, \"start\": 79.80000305175781, \"end\": 82.08000183105469, \"text\": \" I just feel bad when I'm not the best I can be.\", \"tokens\": [51482, 286, 445, 841, 1578, 562, 286, 478, 406, 264, 1151, 286, 393, 312, 13, 51596], \"temperature\": 0.0, \"avg_logprob\": -0.20386111736297607, \"compression_ratio\": 1.7077465057373047, \"no_speech_prob\": 0.00039203601772896945}, {\"id\": 41, \"seek\": 5744, \"start\": 82.08000183105469, \"end\": 82.91999816894531, \"text\": \" Right.\", \"tokens\": [51596, 1779, 13, 51638], \"temperature\": 0.0, \"avg_logprob\": -0.20386111736297607, \"compression_ratio\": 1.7077465057373047, \"no_speech_prob\": 0.00039203601772896945}, {\"id\": 42, \"seek\": 5744, \"start\": 82.91999816894531, \"end\": 85.95999908447266, \"text\": \" I don't really have like a, like goodness is uneventful.\", \"tokens\": [51638, 286, 500, 380, 534, 362, 411, 257, 11, 411, 8387, 307, 2251, 2475, 906, 13, 51790], \"temperature\": 0.0, \"avg_logprob\": -0.20386111736297607, \"compression_ratio\": 1.7077465057373047, \"no_speech_prob\": 0.00039203601772896945}, {\"id\": 43, \"seek\": 8596, \"start\": 85.95999908447266, \"end\": 87.72000122070312, \"text\": \" It doesn't flash, it glows.\", \"tokens\": [50364, 467, 1177, 380, 7319, 11, 309, 1563, 1509, 13, 50452], \"temperature\": 0.0, \"avg_logprob\": -0.2136583775281906, \"compression_ratio\": 1.7975460290908813, \"no_speech_prob\": 3.6478362744674087e-05}, {\"id\": 44, \"seek\": 8596, \"start\": 87.72000122070312, \"end\": 91.0, \"text\": \" There's no fucking awesome shit that I did good.\", \"tokens\": [50452, 821, 311, 572, 5546, 3476, 4611, 300, 286, 630, 665, 13, 50616], \"temperature\": 0.0, \"avg_logprob\": -0.2136583775281906, \"compression_ratio\": 1.7975460290908813, \"no_speech_prob\": 3.6478362744674087e-05}, {\"id\": 45, \"seek\": 8596, \"start\": 91.0, \"end\": 93.44000244140625, \"text\": \" There's only when I know I didn't do right\", \"tokens\": [50616, 821, 311, 787, 562, 286, 458, 286, 994, 380, 360, 558, 50738], \"temperature\": 0.0, \"avg_logprob\": -0.2136583775281906, \"compression_ratio\": 1.7975460290908813, \"no_speech_prob\": 3.6478362744674087e-05}, {\"id\": 46, \"seek\": 8596, \"start\": 93.44000244140625, \"end\": 94.4000015258789, \"text\": \" that I feel like shit.\", \"tokens\": [50738, 300, 286, 841, 411, 4611, 13, 50786], \"temperature\": 0.0, \"avg_logprob\": -0.2136583775281906, \"compression_ratio\": 1.7975460290908813, \"no_speech_prob\": 3.6478362744674087e-05}, {\"id\": 47, \"seek\": 8596, \"start\": 94.4000015258789, \"end\": 97.36000061035156, \"text\": \" So I gauge myself that way, it's deductive.\", \"tokens\": [50786, 407, 286, 17924, 2059, 300, 636, 11, 309, 311, 31513, 488, 13, 50934], \"temperature\": 0.0, \"avg_logprob\": -0.2136583775281906, \"compression_ratio\": 1.7975460290908813, \"no_speech_prob\": 3.6478362744674087e-05}, {\"id\": 48, \"seek\": 8596, \"start\": 97.36000061035156, \"end\": 99.23999786376953, \"text\": \" When people initially come to me\", \"tokens\": [50934, 1133, 561, 9105, 808, 281, 385, 51028], \"temperature\": 0.0, \"avg_logprob\": -0.2136583775281906, \"compression_ratio\": 1.7975460290908813, \"no_speech_prob\": 3.6478362744674087e-05}, {\"id\": 49, \"seek\": 8596, \"start\": 99.23999786376953, \"end\": 100.5199966430664, \"text\": \" and I hear this from other coaches,\", \"tokens\": [51028, 293, 286, 1568, 341, 490, 661, 17503, 11, 51092], \"temperature\": 0.0, \"avg_logprob\": -0.2136583775281906, \"compression_ratio\": 1.7975460290908813, \"no_speech_prob\": 3.6478362744674087e-05}, {\"id\": 50, \"seek\": 8596, \"start\": 100.5199966430664, \"end\": 102.83999633789062, \"text\": \" like I respectfully tell them,\", \"tokens\": [51092, 411, 286, 45201, 980, 552, 11, 51208], \"temperature\": 0.0, \"avg_logprob\": -0.2136583775281906, \"compression_ratio\": 1.7975460290908813, \"no_speech_prob\": 3.6478362744674087e-05}, {\"id\": 51, \"seek\": 8596, \"start\": 102.83999633789062, \"end\": 104.0, \"text\": \" we don't care about your feelings.\", \"tokens\": [51208, 321, 500, 380, 1127, 466, 428, 6640, 13, 51266], \"temperature\": 0.0, \"avg_logprob\": -0.2136583775281906, \"compression_ratio\": 1.7975460290908813, \"no_speech_prob\": 3.6478362744674087e-05}, {\"id\": 52, \"seek\": 8596, \"start\": 104.0, \"end\": 105.95999908447266, \"text\": \" Your feelings, you don't get to bring those in here.\", \"tokens\": [51266, 2260, 6640, 11, 291, 500, 380, 483, 281, 1565, 729, 294, 510, 13, 51364], \"temperature\": 0.0, \"avg_logprob\": -0.2136583775281906, \"compression_ratio\": 1.7975460290908813, \"no_speech_prob\": 3.6478362744674087e-05}, {\"id\": 53, \"seek\": 8596, \"start\": 105.95999908447266, \"end\": 107.04000091552734, \"text\": \" Yeah, you fuck your feelings.\", \"tokens\": [51364, 865, 11, 291, 3275, 428, 6640, 13, 51418], \"temperature\": 0.0, \"avg_logprob\": -0.2136583775281906, \"compression_ratio\": 1.7975460290908813, \"no_speech_prob\": 3.6478362744674087e-05}, {\"id\": 54, \"seek\": 8596, \"start\": 107.04000091552734, \"end\": 110.5999984741211, \"text\": \" And what you wrote is you choose you over your purpose.\", \"tokens\": [51418, 400, 437, 291, 4114, 307, 291, 2826, 291, 670, 428, 4334, 13, 51596], \"temperature\": 0.0, \"avg_logprob\": -0.2136583775281906, \"compression_ratio\": 1.7975460290908813, \"no_speech_prob\": 3.6478362744674087e-05}, {\"id\": 55, \"seek\": 8596, \"start\": 110.5999984741211, \"end\": 111.44000244140625, \"text\": \" Right.\", \"tokens\": [51596, 1779, 13, 51638], \"temperature\": 0.0, \"avg_logprob\": -0.2136583775281906, \"compression_ratio\": 1.7975460290908813, \"no_speech_prob\": 3.6478362744674087e-05}, {\"id\": 56, \"seek\": 8596, \"start\": 111.44000244140625, \"end\": 112.27999877929688, \"text\": \" And that's where I come from.\", \"tokens\": [51638, 400, 300, 311, 689, 286, 808, 490, 13, 51680], \"temperature\": 0.0, \"avg_logprob\": -0.2136583775281906, \"compression_ratio\": 1.7975460290908813, \"no_speech_prob\": 3.6478362744674087e-05}, {\"id\": 57, \"seek\": 8596, \"start\": 112.27999877929688, \"end\": 113.4800033569336, \"text\": \" Your feelings are not important.\", \"tokens\": [51680, 2260, 6640, 366, 406, 1021, 13, 51740], \"temperature\": 0.0, \"avg_logprob\": -0.2136583775281906, \"compression_ratio\": 1.7975460290908813, \"no_speech_prob\": 3.6478362744674087e-05}, {\"id\": 58, \"seek\": 8596, \"start\": 113.4800033569336, \"end\": 115.36000061035156, \"text\": \" Another thing I say is first year you're in my program,\", \"tokens\": [51740, 3996, 551, 286, 584, 307, 700, 1064, 291, 434, 294, 452, 1461, 11, 51834], \"temperature\": 0.0, \"avg_logprob\": -0.2136583775281906, \"compression_ratio\": 1.7975460290908813, \"no_speech_prob\": 3.6478362744674087e-05}, {\"id\": 59, \"seek\": 11536, \"start\": 115.4000015258789, \"end\": 116.5199966430664, \"text\": \" zero creativity.\", \"tokens\": [50366, 4018, 12915, 13, 50422], \"temperature\": 0.0, \"avg_logprob\": -0.2314094454050064, \"compression_ratio\": 1.6723549365997314, \"no_speech_prob\": 0.00034598950878717005}, {\"id\": 60, \"seek\": 11536, \"start\": 116.5199966430664, \"end\": 119.23999786376953, \"text\": \" You are going to do exactly what the 300\", \"tokens\": [50422, 509, 366, 516, 281, 360, 2293, 437, 264, 6641, 50558], \"temperature\": 0.0, \"avg_logprob\": -0.2314094454050064, \"compression_ratio\": 1.6723549365997314, \"no_speech_prob\": 0.00034598950878717005}, {\"id\": 61, \"seek\": 11536, \"start\": 119.23999786376953, \"end\": 121.23999786376953, \"text\": \" or 400 guys before you did.\", \"tokens\": [50558, 420, 8423, 1074, 949, 291, 630, 13, 50658], \"temperature\": 0.0, \"avg_logprob\": -0.2314094454050064, \"compression_ratio\": 1.6723549365997314, \"no_speech_prob\": 0.00034598950878717005}, {\"id\": 62, \"seek\": 11536, \"start\": 121.23999786376953, \"end\": 122.91999816894531, \"text\": \" And we're going to do that first.\", \"tokens\": [50658, 400, 321, 434, 516, 281, 360, 300, 700, 13, 50742], \"temperature\": 0.0, \"avg_logprob\": -0.2314094454050064, \"compression_ratio\": 1.6723549365997314, \"no_speech_prob\": 0.00034598950878717005}, {\"id\": 63, \"seek\": 11536, \"start\": 122.91999816894531, \"end\": 124.44000244140625, \"text\": \" And then once you achieve mastery,\", \"tokens\": [50742, 400, 550, 1564, 291, 4584, 37951, 11, 50818], \"temperature\": 0.0, \"avg_logprob\": -0.2314094454050064, \"compression_ratio\": 1.6723549365997314, \"no_speech_prob\": 0.00034598950878717005}, {\"id\": 64, \"seek\": 11536, \"start\": 124.44000244140625, \"end\": 126.80000305175781, \"text\": \" like what Malcolm Gladwell says, the 10,000 hour rule,\", \"tokens\": [50818, 411, 437, 34596, 28301, 6326, 1619, 11, 264, 1266, 11, 1360, 1773, 4978, 11, 50936], \"temperature\": 0.0, \"avg_logprob\": -0.2314094454050064, \"compression_ratio\": 1.6723549365997314, \"no_speech_prob\": 0.00034598950878717005}, {\"id\": 65, \"seek\": 11536, \"start\": 126.80000305175781, \"end\": 128.67999267578125, \"text\": \" then you can start putting in some creativity.\", \"tokens\": [50936, 550, 291, 393, 722, 3372, 294, 512, 12915, 13, 51030], \"temperature\": 0.0, \"avg_logprob\": -0.2314094454050064, \"compression_ratio\": 1.6723549365997314, \"no_speech_prob\": 0.00034598950878717005}, {\"id\": 66, \"seek\": 11536, \"start\": 128.67999267578125, \"end\": 130.55999755859375, \"text\": \" But initially, no creativity.\", \"tokens\": [51030, 583, 9105, 11, 572, 12915, 13, 51124], \"temperature\": 0.0, \"avg_logprob\": -0.2314094454050064, \"compression_ratio\": 1.6723549365997314, \"no_speech_prob\": 0.00034598950878717005}, {\"id\": 67, \"seek\": 11536, \"start\": 130.55999755859375, \"end\": 132.55999755859375, \"text\": \" Initially, your feelings do not matter.\", \"tokens\": [51124, 29446, 11, 428, 6640, 360, 406, 1871, 13, 51224], \"temperature\": 0.0, \"avg_logprob\": -0.2314094454050064, \"compression_ratio\": 1.6723549365997314, \"no_speech_prob\": 0.00034598950878717005}, {\"id\": 68, \"seek\": 11536, \"start\": 132.55999755859375, \"end\": 135.8000030517578, \"text\": \" Can you talk about you choosing you over your purpose?\", \"tokens\": [51224, 1664, 291, 751, 466, 291, 10875, 291, 670, 428, 4334, 30, 51386], \"temperature\": 0.0, \"avg_logprob\": -0.2314094454050064, \"compression_ratio\": 1.6723549365997314, \"no_speech_prob\": 0.00034598950878717005}, {\"id\": 69, \"seek\": 11536, \"start\": 135.8000030517578, \"end\": 139.52000427246094, \"text\": \" Oh, I just, I honestly like, I'm just purpose driven.\", \"tokens\": [51386, 876, 11, 286, 445, 11, 286, 6095, 411, 11, 286, 478, 445, 4334, 9555, 13, 51572], \"temperature\": 0.0, \"avg_logprob\": -0.2314094454050064, \"compression_ratio\": 1.6723549365997314, \"no_speech_prob\": 0.00034598950878717005}, {\"id\": 70, \"seek\": 11536, \"start\": 139.52000427246094, \"end\": 140.36000061035156, \"text\": \" Yeah.\", \"tokens\": [51572, 865, 13, 51614], \"temperature\": 0.0, \"avg_logprob\": -0.2314094454050064, \"compression_ratio\": 1.6723549365997314, \"no_speech_prob\": 0.00034598950878717005}, {\"id\": 71, \"seek\": 11536, \"start\": 140.36000061035156, \"end\": 144.16000366210938, \"text\": \" I've never missed because I'm just unreasonable.\", \"tokens\": [51614, 286, 600, 1128, 6721, 570, 286, 478, 445, 41730, 13, 51804], \"temperature\": 0.0, \"avg_logprob\": -0.2314094454050064, \"compression_ratio\": 1.6723549365997314, \"no_speech_prob\": 0.00034598950878717005}, {\"id\": 72, \"seek\": 14416, \"start\": 144.16000366210938, \"end\": 145.67999267578125, \"text\": \" I'm unrealistic.\", \"tokens\": [50364, 286, 478, 42867, 13, 50440], \"temperature\": 0.0, \"avg_logprob\": -0.17909055948257446, \"compression_ratio\": 1.7611939907073975, \"no_speech_prob\": 0.0016228517051786184}, {\"id\": 73, \"seek\": 14416, \"start\": 145.67999267578125, \"end\": 149.39999389648438, \"text\": \" And I really believe that I have this massive higher calling\", \"tokens\": [50440, 400, 286, 534, 1697, 300, 286, 362, 341, 5994, 2946, 5141, 50626], \"temperature\": 0.0, \"avg_logprob\": -0.17909055948257446, \"compression_ratio\": 1.7611939907073975, \"no_speech_prob\": 0.0016228517051786184}, {\"id\": 74, \"seek\": 14416, \"start\": 149.39999389648438, \"end\": 152.63999938964844, \"text\": \" to guide millions of people to a better life.\", \"tokens\": [50626, 281, 5934, 6803, 295, 561, 281, 257, 1101, 993, 13, 50788], \"temperature\": 0.0, \"avg_logprob\": -0.17909055948257446, \"compression_ratio\": 1.7611939907073975, \"no_speech_prob\": 0.0016228517051786184}, {\"id\": 75, \"seek\": 14416, \"start\": 152.63999938964844, \"end\": 155.55999755859375, \"text\": \" Cause I've lived the worst life and the best life.\", \"tokens\": [50788, 10865, 286, 600, 5152, 264, 5855, 993, 293, 264, 1151, 993, 13, 50934], \"temperature\": 0.0, \"avg_logprob\": -0.17909055948257446, \"compression_ratio\": 1.7611939907073975, \"no_speech_prob\": 0.0016228517051786184}, {\"id\": 76, \"seek\": 14416, \"start\": 155.55999755859375, \"end\": 159.55999755859375, \"text\": \" So who the fuck else would know both extremes more than me?\", \"tokens\": [50934, 407, 567, 264, 3275, 1646, 576, 458, 1293, 41119, 544, 813, 385, 30, 51134], \"temperature\": 0.0, \"avg_logprob\": -0.17909055948257446, \"compression_ratio\": 1.7611939907073975, \"no_speech_prob\": 0.0016228517051786184}, {\"id\": 77, \"seek\": 14416, \"start\": 159.55999755859375, \"end\": 161.36000061035156, \"text\": \" I've been in prison with nothing.\", \"tokens\": [51134, 286, 600, 668, 294, 6168, 365, 1825, 13, 51224], \"temperature\": 0.0, \"avg_logprob\": -0.17909055948257446, \"compression_ratio\": 1.7611939907073975, \"no_speech_prob\": 0.0016228517051786184}, {\"id\": 78, \"seek\": 14416, \"start\": 161.36000061035156, \"end\": 162.52000427246094, \"text\": \" And I've been a multimillionaire\", \"tokens\": [51224, 400, 286, 600, 668, 257, 32972, 11836, 9020, 51282], \"temperature\": 0.0, \"avg_logprob\": -0.17909055948257446, \"compression_ratio\": 1.7611939907073975, \"no_speech_prob\": 0.0016228517051786184}, {\"id\": 79, \"seek\": 14416, \"start\": 162.52000427246094, \"end\": 164.1999969482422, \"text\": \" with everything everybody wants.\", \"tokens\": [51282, 365, 1203, 2201, 2738, 13, 51366], \"temperature\": 0.0, \"avg_logprob\": -0.17909055948257446, \"compression_ratio\": 1.7611939907073975, \"no_speech_prob\": 0.0016228517051786184}, {\"id\": 80, \"seek\": 14416, \"start\": 164.1999969482422, \"end\": 167.0, \"text\": \" So I know everybody and everything in between.\", \"tokens\": [51366, 407, 286, 458, 2201, 293, 1203, 294, 1296, 13, 51506], \"temperature\": 0.0, \"avg_logprob\": -0.17909055948257446, \"compression_ratio\": 1.7611939907073975, \"no_speech_prob\": 0.0016228517051786184}, {\"id\": 81, \"seek\": 14416, \"start\": 167.0, \"end\": 168.52000427246094, \"text\": \" So I have the guidance.\", \"tokens\": [51506, 407, 286, 362, 264, 10056, 13, 51582], \"temperature\": 0.0, \"avg_logprob\": -0.17909055948257446, \"compression_ratio\": 1.7611939907073975, \"no_speech_prob\": 0.0016228517051786184}, {\"id\": 82, \"seek\": 14416, \"start\": 168.52000427246094, \"end\": 170.9600067138672, \"text\": \" I just have to be the spitting example\", \"tokens\": [51582, 286, 445, 362, 281, 312, 264, 637, 2414, 1365, 51704], \"temperature\": 0.0, \"avg_logprob\": -0.17909055948257446, \"compression_ratio\": 1.7611939907073975, \"no_speech_prob\": 0.0016228517051786184}, {\"id\": 83, \"seek\": 14416, \"start\": 170.9600067138672, \"end\": 172.55999755859375, \"text\": \" that they need to listen to\", \"tokens\": [51704, 300, 436, 643, 281, 2140, 281, 51784], \"temperature\": 0.0, \"avg_logprob\": -0.17909055948257446, \"compression_ratio\": 1.7611939907073975, \"no_speech_prob\": 0.0016228517051786184}, {\"id\": 84, \"seek\": 17256, \"start\": 172.60000610351562, \"end\": 174.63999938964844, \"text\": \" so I can guide them to the best life.\", \"tokens\": [50366, 370, 286, 393, 5934, 552, 281, 264, 1151, 993, 13, 50468], \"temperature\": 0.0, \"avg_logprob\": -0.17683841288089752, \"compression_ratio\": 1.8678570985794067, \"no_speech_prob\": 9.461121226195246e-05}, {\"id\": 85, \"seek\": 17256, \"start\": 174.63999938964844, \"end\": 176.67999267578125, \"text\": \" And I'm willing to make the sacrifices.\", \"tokens\": [50468, 400, 286, 478, 4950, 281, 652, 264, 25094, 13, 50570], \"temperature\": 0.0, \"avg_logprob\": -0.17683841288089752, \"compression_ratio\": 1.8678570985794067, \"no_speech_prob\": 9.461121226195246e-05}, {\"id\": 86, \"seek\": 17256, \"start\": 176.67999267578125, \"end\": 178.36000061035156, \"text\": \" It's purpose over pleasure.\", \"tokens\": [50570, 467, 311, 4334, 670, 6834, 13, 50654], \"temperature\": 0.0, \"avg_logprob\": -0.17683841288089752, \"compression_ratio\": 1.8678570985794067, \"no_speech_prob\": 9.461121226195246e-05}, {\"id\": 87, \"seek\": 17256, \"start\": 178.36000061035156, \"end\": 179.44000244140625, \"text\": \" I don't give a fuck.\", \"tokens\": [50654, 286, 500, 380, 976, 257, 3275, 13, 50708], \"temperature\": 0.0, \"avg_logprob\": -0.17683841288089752, \"compression_ratio\": 1.8678570985794067, \"no_speech_prob\": 9.461121226195246e-05}, {\"id\": 88, \"seek\": 17256, \"start\": 179.44000244140625, \"end\": 181.32000732421875, \"text\": \" I've done everything.\", \"tokens\": [50708, 286, 600, 1096, 1203, 13, 50802], \"temperature\": 0.0, \"avg_logprob\": -0.17683841288089752, \"compression_ratio\": 1.8678570985794067, \"no_speech_prob\": 9.461121226195246e-05}, {\"id\": 89, \"seek\": 17256, \"start\": 181.32000732421875, \"end\": 183.8800048828125, \"text\": \" Like, what is going to be new to me?\", \"tokens\": [50802, 1743, 11, 437, 307, 516, 281, 312, 777, 281, 385, 30, 50930], \"temperature\": 0.0, \"avg_logprob\": -0.17683841288089752, \"compression_ratio\": 1.8678570985794067, \"no_speech_prob\": 9.461121226195246e-05}, {\"id\": 90, \"seek\": 17256, \"start\": 183.8800048828125, \"end\": 184.9600067138672, \"text\": \" Like, really?\", \"tokens\": [50930, 1743, 11, 534, 30, 50984], \"temperature\": 0.0, \"avg_logprob\": -0.17683841288089752, \"compression_ratio\": 1.8678570985794067, \"no_speech_prob\": 9.461121226195246e-05}, {\"id\": 91, \"seek\": 17256, \"start\": 184.9600067138672, \"end\": 186.8000030517578, \"text\": \" Like, it's really going to be that new\", \"tokens\": [50984, 1743, 11, 309, 311, 534, 516, 281, 312, 300, 777, 51076], \"temperature\": 0.0, \"avg_logprob\": -0.17683841288089752, \"compression_ratio\": 1.8678570985794067, \"no_speech_prob\": 9.461121226195246e-05}, {\"id\": 92, \"seek\": 17256, \"start\": 186.8000030517578, \"end\": 188.16000366210938, \"text\": \" for you to eat that food\", \"tokens\": [51076, 337, 291, 281, 1862, 300, 1755, 51144], \"temperature\": 0.0, \"avg_logprob\": -0.17683841288089752, \"compression_ratio\": 1.8678570985794067, \"no_speech_prob\": 9.461121226195246e-05}, {\"id\": 93, \"seek\": 17256, \"start\": 188.16000366210938, \"end\": 191.0, \"text\": \" or for you to go do that thing that you think you desire.\", \"tokens\": [51144, 420, 337, 291, 281, 352, 360, 300, 551, 300, 291, 519, 291, 7516, 13, 51286], \"temperature\": 0.0, \"avg_logprob\": -0.17683841288089752, \"compression_ratio\": 1.8678570985794067, \"no_speech_prob\": 9.461121226195246e-05}, {\"id\": 94, \"seek\": 17256, \"start\": 191.0, \"end\": 192.8000030517578, \"text\": \" Like that's some fucking,\", \"tokens\": [51286, 1743, 300, 311, 512, 5546, 11, 51376], \"temperature\": 0.0, \"avg_logprob\": -0.17683841288089752, \"compression_ratio\": 1.8678570985794067, \"no_speech_prob\": 9.461121226195246e-05}, {\"id\": 95, \"seek\": 17256, \"start\": 192.8000030517578, \"end\": 195.39999389648438, \"text\": \" like shit like that is just short-term memory loss.\", \"tokens\": [51376, 411, 4611, 411, 300, 307, 445, 2099, 12, 7039, 4675, 4470, 13, 51506], \"temperature\": 0.0, \"avg_logprob\": -0.17683841288089752, \"compression_ratio\": 1.8678570985794067, \"no_speech_prob\": 9.461121226195246e-05}, {\"id\": 96, \"seek\": 17256, \"start\": 195.39999389648438, \"end\": 197.0399932861328, \"text\": \" It's not going to be any different.\", \"tokens\": [51506, 467, 311, 406, 516, 281, 312, 604, 819, 13, 51588], \"temperature\": 0.0, \"avg_logprob\": -0.17683841288089752, \"compression_ratio\": 1.8678570985794067, \"no_speech_prob\": 9.461121226195246e-05}, {\"id\": 97, \"seek\": 17256, \"start\": 197.0399932861328, \"end\": 199.16000366210938, \"text\": \" But the shit that's going to be massive\", \"tokens\": [51588, 583, 264, 4611, 300, 311, 516, 281, 312, 5994, 51694], \"temperature\": 0.0, \"avg_logprob\": -0.17683841288089752, \"compression_ratio\": 1.8678570985794067, \"no_speech_prob\": 9.461121226195246e-05}, {\"id\": 98, \"seek\": 17256, \"start\": 199.16000366210938, \"end\": 202.39999389648438, \"text\": \" is that you sacrifice to build something so big\", \"tokens\": [51694, 307, 300, 291, 11521, 281, 1322, 746, 370, 955, 51856], \"temperature\": 0.0, \"avg_logprob\": -0.17683841288089752, \"compression_ratio\": 1.8678570985794067, \"no_speech_prob\": 9.461121226195246e-05}, {\"id\": 99, \"seek\": 20240, \"start\": 202.39999389648438, \"end\": 205.67999267578125, \"text\": \" and so purposeful that when you leave this life,\", \"tokens\": [50364, 293, 370, 4334, 906, 300, 562, 291, 1856, 341, 993, 11, 50528], \"temperature\": 0.0, \"avg_logprob\": -0.22872775793075562, \"compression_ratio\": 1.7647058963775635, \"no_speech_prob\": 0.005058856215327978}, {\"id\": 100, \"seek\": 20240, \"start\": 205.67999267578125, \"end\": 206.8000030517578, \"text\": \" they're still talking about you.\", \"tokens\": [50528, 436, 434, 920, 1417, 466, 291, 13, 50584], \"temperature\": 0.0, \"avg_logprob\": -0.22872775793075562, \"compression_ratio\": 1.7647058963775635, \"no_speech_prob\": 0.005058856215327978}, {\"id\": 101, \"seek\": 20240, \"start\": 206.8000030517578, \"end\": 208.39999389648438, \"text\": \" You left a bunch behind.\", \"tokens\": [50584, 509, 1411, 257, 3840, 2261, 13, 50664], \"temperature\": 0.0, \"avg_logprob\": -0.22872775793075562, \"compression_ratio\": 1.7647058963775635, \"no_speech_prob\": 0.005058856215327978}, {\"id\": 102, \"seek\": 20240, \"start\": 208.39999389648438, \"end\": 211.32000732421875, \"text\": \" I wrote a fucking book that people send me pictures of\", \"tokens\": [50664, 286, 4114, 257, 5546, 1446, 300, 561, 2845, 385, 5242, 295, 50810], \"temperature\": 0.0, \"avg_logprob\": -0.22872775793075562, \"compression_ratio\": 1.7647058963775635, \"no_speech_prob\": 0.005058856215327978}, {\"id\": 103, \"seek\": 20240, \"start\": 211.32000732421875, \"end\": 213.44000244140625, \"text\": \" that is covered in highlighter marks.\", \"tokens\": [50810, 300, 307, 5343, 294, 40455, 10640, 13, 50916], \"temperature\": 0.0, \"avg_logprob\": -0.22872775793075562, \"compression_ratio\": 1.7647058963775635, \"no_speech_prob\": 0.005058856215327978}, {\"id\": 104, \"seek\": 20240, \"start\": 213.44000244140625, \"end\": 216.9600067138672, \"text\": \" Like videos that have been played by 80 million people.\", \"tokens\": [50916, 1743, 2145, 300, 362, 668, 3737, 538, 4688, 2459, 561, 13, 51092], \"temperature\": 0.0, \"avg_logprob\": -0.22872775793075562, \"compression_ratio\": 1.7647058963775635, \"no_speech_prob\": 0.005058856215327978}, {\"id\": 105, \"seek\": 20240, \"start\": 216.9600067138672, \"end\": 218.75999450683594, \"text\": \" And every one of those videos has something in it\", \"tokens\": [51092, 400, 633, 472, 295, 729, 2145, 575, 746, 294, 309, 51182], \"temperature\": 0.0, \"avg_logprob\": -0.22872775793075562, \"compression_ratio\": 1.7647058963775635, \"no_speech_prob\": 0.005058856215327978}, {\"id\": 106, \"seek\": 20240, \"start\": 218.75999450683594, \"end\": 220.8800048828125, \"text\": \" that saved my life or changed my life.\", \"tokens\": [51182, 300, 6624, 452, 993, 420, 3105, 452, 993, 13, 51288], \"temperature\": 0.0, \"avg_logprob\": -0.22872775793075562, \"compression_ratio\": 1.7647058963775635, \"no_speech_prob\": 0.005058856215327978}, {\"id\": 107, \"seek\": 20240, \"start\": 220.8800048828125, \"end\": 222.75999450683594, \"text\": \" So I know it saved or changed theirs\", \"tokens\": [51288, 407, 286, 458, 309, 6624, 420, 3105, 22760, 51382], \"temperature\": 0.0, \"avg_logprob\": -0.22872775793075562, \"compression_ratio\": 1.7647058963775635, \"no_speech_prob\": 0.005058856215327978}, {\"id\": 108, \"seek\": 20240, \"start\": 222.75999450683594, \"end\": 224.27999877929688, \"text\": \" because they're fucking human.\", \"tokens\": [51382, 570, 436, 434, 5546, 1952, 13, 51458], \"temperature\": 0.0, \"avg_logprob\": -0.22872775793075562, \"compression_ratio\": 1.7647058963775635, \"no_speech_prob\": 0.005058856215327978}, {\"id\": 109, \"seek\": 20240, \"start\": 224.27999877929688, \"end\": 225.67999267578125, \"text\": \" And I'm fucking human.\", \"tokens\": [51458, 400, 286, 478, 5546, 1952, 13, 51528], \"temperature\": 0.0, \"avg_logprob\": -0.22872775793075562, \"compression_ratio\": 1.7647058963775635, \"no_speech_prob\": 0.005058856215327978}, {\"id\": 110, \"seek\": 20240, \"start\": 225.67999267578125, \"end\": 228.24000549316406, \"text\": \" So I mean, the thing is, I just,\", \"tokens\": [51528, 407, 286, 914, 11, 264, 551, 307, 11, 286, 445, 11, 51656], \"temperature\": 0.0, \"avg_logprob\": -0.22872775793075562, \"compression_ratio\": 1.7647058963775635, \"no_speech_prob\": 0.005058856215327978}, {\"id\": 111, \"seek\": 20240, \"start\": 228.24000549316406, \"end\": 229.27999877929688, \"text\": \" people see me and they're like,\", \"tokens\": [51656, 561, 536, 385, 293, 436, 434, 411, 11, 51708], \"temperature\": 0.0, \"avg_logprob\": -0.22872775793075562, \"compression_ratio\": 1.7647058963775635, \"no_speech_prob\": 0.005058856215327978}, {\"id\": 112, \"seek\": 20240, \"start\": 229.27999877929688, \"end\": 230.9600067138672, \"text\": \" well, obviously you found your purpose.\", \"tokens\": [51708, 731, 11, 2745, 291, 1352, 428, 4334, 13, 51792], \"temperature\": 0.0, \"avg_logprob\": -0.22872775793075562, \"compression_ratio\": 1.7647058963775635, \"no_speech_prob\": 0.005058856215327978}, {\"id\": 113, \"seek\": 23096, \"start\": 230.9600067138672, \"end\": 233.44000244140625, \"text\": \" Well, you have the same purpose as me, motherfucker.\", \"tokens\": [50364, 1042, 11, 291, 362, 264, 912, 4334, 382, 385, 11, 47069, 13, 50488], \"temperature\": 0.0, \"avg_logprob\": -0.22085368633270264, \"compression_ratio\": 1.7977941036224365, \"no_speech_prob\": 0.0007208226015791297}, {\"id\": 114, \"seek\": 23096, \"start\": 233.44000244140625, \"end\": 236.27999877929688, \"text\": \" To create the individual you admire in every way\", \"tokens\": [50488, 1407, 1884, 264, 2609, 291, 21951, 294, 633, 636, 50630], \"temperature\": 0.0, \"avg_logprob\": -0.22085368633270264, \"compression_ratio\": 1.7977941036224365, \"no_speech_prob\": 0.0007208226015791297}, {\"id\": 115, \"seek\": 23096, \"start\": 236.27999877929688, \"end\": 238.1199951171875, \"text\": \" and give that person to the world.\", \"tokens\": [50630, 293, 976, 300, 954, 281, 264, 1002, 13, 50722], \"temperature\": 0.0, \"avg_logprob\": -0.22085368633270264, \"compression_ratio\": 1.7977941036224365, \"no_speech_prob\": 0.0007208226015791297}, {\"id\": 116, \"seek\": 23096, \"start\": 238.1199951171875, \"end\": 239.72000122070312, \"text\": \" Now, if you admire the best model,\", \"tokens\": [50722, 823, 11, 498, 291, 21951, 264, 1151, 2316, 11, 50802], \"temperature\": 0.0, \"avg_logprob\": -0.22085368633270264, \"compression_ratio\": 1.7977941036224365, \"no_speech_prob\": 0.0007208226015791297}, {\"id\": 117, \"seek\": 23096, \"start\": 239.72000122070312, \"end\": 242.36000061035156, \"text\": \" trained fucking builder, then fucking do it.\", \"tokens\": [50802, 8895, 5546, 27377, 11, 550, 5546, 360, 309, 13, 50934], \"temperature\": 0.0, \"avg_logprob\": -0.22085368633270264, \"compression_ratio\": 1.7977941036224365, \"no_speech_prob\": 0.0007208226015791297}, {\"id\": 118, \"seek\": 23096, \"start\": 242.36000061035156, \"end\": 244.47999572753906, \"text\": \" If you admire whatever you admire,\", \"tokens\": [50934, 759, 291, 21951, 2035, 291, 21951, 11, 51040], \"temperature\": 0.0, \"avg_logprob\": -0.22085368633270264, \"compression_ratio\": 1.7977941036224365, \"no_speech_prob\": 0.0007208226015791297}, {\"id\": 119, \"seek\": 23096, \"start\": 244.47999572753906, \"end\": 247.0, \"text\": \" like be it, do it at the best\", \"tokens\": [51040, 411, 312, 309, 11, 360, 309, 412, 264, 1151, 51166], \"temperature\": 0.0, \"avg_logprob\": -0.22085368633270264, \"compression_ratio\": 1.7977941036224365, \"no_speech_prob\": 0.0007208226015791297}, {\"id\": 120, \"seek\": 23096, \"start\": 247.0, \"end\": 249.44000244140625, \"text\": \" and sacrifice everything for that path.\", \"tokens\": [51166, 293, 11521, 1203, 337, 300, 3100, 13, 51288], \"temperature\": 0.0, \"avg_logprob\": -0.22085368633270264, \"compression_ratio\": 1.7977941036224365, \"no_speech_prob\": 0.0007208226015791297}, {\"id\": 121, \"seek\": 23096, \"start\": 250.60000610351562, \"end\": 253.0399932861328, \"text\": \" You call love, you say love is a verb.\", \"tokens\": [51346, 509, 818, 959, 11, 291, 584, 959, 307, 257, 9595, 13, 51468], \"temperature\": 0.0, \"avg_logprob\": -0.22085368633270264, \"compression_ratio\": 1.7977941036224365, \"no_speech_prob\": 0.0007208226015791297}, {\"id\": 122, \"seek\": 23096, \"start\": 253.0399932861328, \"end\": 254.67999267578125, \"text\": \" I think it's really important idea\", \"tokens\": [51468, 286, 519, 309, 311, 534, 1021, 1558, 51550], \"temperature\": 0.0, \"avg_logprob\": -0.22085368633270264, \"compression_ratio\": 1.7977941036224365, \"no_speech_prob\": 0.0007208226015791297}, {\"id\": 123, \"seek\": 23096, \"start\": 254.67999267578125, \"end\": 258.239990234375, \"text\": \" between theory and action, taking action.\", \"tokens\": [51550, 1296, 5261, 293, 3069, 11, 1940, 3069, 13, 51728], \"temperature\": 0.0, \"avg_logprob\": -0.22085368633270264, \"compression_ratio\": 1.7977941036224365, \"no_speech_prob\": 0.0007208226015791297}, {\"id\": 124, \"seek\": 23096, \"start\": 258.239990234375, \"end\": 260.55999755859375, \"text\": \" If you really care about something, it's an action.\", \"tokens\": [51728, 759, 291, 534, 1127, 466, 746, 11, 309, 311, 364, 3069, 13, 51844], \"temperature\": 0.0, \"avg_logprob\": -0.22085368633270264, \"compression_ratio\": 1.7977941036224365, \"no_speech_prob\": 0.0007208226015791297}, {\"id\": 125, \"seek\": 26056, \"start\": 261.0799865722656, \"end\": 262.8800048828125, \"text\": \" You talk about love being a verb.\", \"tokens\": [50390, 509, 751, 466, 959, 885, 257, 9595, 13, 50480], \"temperature\": 0.0, \"avg_logprob\": -0.1786540448665619, \"compression_ratio\": 1.8232932090759277, \"no_speech_prob\": 0.004468247294425964}, {\"id\": 126, \"seek\": 26056, \"start\": 262.8800048828125, \"end\": 263.7200012207031, \"text\": \" Love's a verb.\", \"tokens\": [50480, 5956, 311, 257, 9595, 13, 50522], \"temperature\": 0.0, \"avg_logprob\": -0.1786540448665619, \"compression_ratio\": 1.8232932090759277, \"no_speech_prob\": 0.004468247294425964}, {\"id\": 127, \"seek\": 26056, \"start\": 263.7200012207031, \"end\": 265.79998779296875, \"text\": \" Everything I do, I do for fucking,\", \"tokens\": [50522, 5471, 286, 360, 11, 286, 360, 337, 5546, 11, 50626], \"temperature\": 0.0, \"avg_logprob\": -0.1786540448665619, \"compression_ratio\": 1.8232932090759277, \"no_speech_prob\": 0.004468247294425964}, {\"id\": 128, \"seek\": 26056, \"start\": 266.67999267578125, \"end\": 269.760009765625, \"text\": \" everything I do, I do for my family, for people.\", \"tokens\": [50670, 1203, 286, 360, 11, 286, 360, 337, 452, 1605, 11, 337, 561, 13, 50824], \"temperature\": 0.0, \"avg_logprob\": -0.1786540448665619, \"compression_ratio\": 1.8232932090759277, \"no_speech_prob\": 0.004468247294425964}, {\"id\": 129, \"seek\": 26056, \"start\": 269.760009765625, \"end\": 272.5199890136719, \"text\": \" Like when I wake up, I wake up for the world.\", \"tokens\": [50824, 1743, 562, 286, 6634, 493, 11, 286, 6634, 493, 337, 264, 1002, 13, 50962], \"temperature\": 0.0, \"avg_logprob\": -0.1786540448665619, \"compression_ratio\": 1.8232932090759277, \"no_speech_prob\": 0.004468247294425964}, {\"id\": 130, \"seek\": 26056, \"start\": 272.5199890136719, \"end\": 275.4800109863281, \"text\": \" I wake up for that dude in Australia who has a drug habit\", \"tokens\": [50962, 286, 6634, 493, 337, 300, 6449, 294, 7060, 567, 575, 257, 4110, 7164, 51110], \"temperature\": 0.0, \"avg_logprob\": -0.1786540448665619, \"compression_ratio\": 1.8232932090759277, \"no_speech_prob\": 0.004468247294425964}, {\"id\": 131, \"seek\": 26056, \"start\": 275.4800109863281, \"end\": 279.0, \"text\": \" who needs to see that Wes was up again at 245.\", \"tokens\": [51110, 567, 2203, 281, 536, 300, 23843, 390, 493, 797, 412, 4022, 20, 13, 51286], \"temperature\": 0.0, \"avg_logprob\": -0.1786540448665619, \"compression_ratio\": 1.8232932090759277, \"no_speech_prob\": 0.004468247294425964}, {\"id\": 132, \"seek\": 26056, \"start\": 279.0, \"end\": 281.6400146484375, \"text\": \" That man, this guy didn't break.\", \"tokens\": [51286, 663, 587, 11, 341, 2146, 994, 380, 1821, 13, 51418], \"temperature\": 0.0, \"avg_logprob\": -0.1786540448665619, \"compression_ratio\": 1.8232932090759277, \"no_speech_prob\": 0.004468247294425964}, {\"id\": 133, \"seek\": 26056, \"start\": 281.6400146484375, \"end\": 284.5199890136719, \"text\": \" So the love I have for life, the love I have for this world,\", \"tokens\": [51418, 407, 264, 959, 286, 362, 337, 993, 11, 264, 959, 286, 362, 337, 341, 1002, 11, 51562], \"temperature\": 0.0, \"avg_logprob\": -0.1786540448665619, \"compression_ratio\": 1.8232932090759277, \"no_speech_prob\": 0.004468247294425964}, {\"id\": 134, \"seek\": 26056, \"start\": 284.5199890136719, \"end\": 288.1199951171875, \"text\": \" the love I have for my wife, my son, for everybody,\", \"tokens\": [51562, 264, 959, 286, 362, 337, 452, 3836, 11, 452, 1872, 11, 337, 2201, 11, 51742], \"temperature\": 0.0, \"avg_logprob\": -0.1786540448665619, \"compression_ratio\": 1.8232932090759277, \"no_speech_prob\": 0.004468247294425964}, {\"id\": 135, \"seek\": 26056, \"start\": 288.1199951171875, \"end\": 290.1199951171875, \"text\": \" I prove with my actions.\", \"tokens\": [51742, 286, 7081, 365, 452, 5909, 13, 51842], \"temperature\": 0.0, \"avg_logprob\": -0.1786540448665619, \"compression_ratio\": 1.8232932090759277, \"no_speech_prob\": 0.004468247294425964}, {\"id\": 136, \"seek\": 29012, \"start\": 290.67999267578125, \"end\": 292.20001220703125, \"text\": \" I want to show them what's possible.\", \"tokens\": [50392, 286, 528, 281, 855, 552, 437, 311, 1944, 13, 50468], \"temperature\": 0.0, \"avg_logprob\": -0.2510905861854553, \"compression_ratio\": 1.7032966613769531, \"no_speech_prob\": 0.005219785030931234}, {\"id\": 137, \"seek\": 29012, \"start\": 292.20001220703125, \"end\": 294.760009765625, \"text\": \" I don't want to be that dad, that friend,\", \"tokens\": [50468, 286, 500, 380, 528, 281, 312, 300, 3546, 11, 300, 1277, 11, 50596], \"temperature\": 0.0, \"avg_logprob\": -0.2510905861854553, \"compression_ratio\": 1.7032966613769531, \"no_speech_prob\": 0.005219785030931234}, {\"id\": 138, \"seek\": 29012, \"start\": 294.760009765625, \"end\": 297.0799865722656, \"text\": \" that husband who sits there and says,\", \"tokens\": [50596, 300, 5213, 567, 12696, 456, 293, 1619, 11, 50712], \"temperature\": 0.0, \"avg_logprob\": -0.2510905861854553, \"compression_ratio\": 1.7032966613769531, \"no_speech_prob\": 0.005219785030931234}, {\"id\": 139, \"seek\": 29012, \"start\": 297.0799865722656, \"end\": 301.0799865722656, \"text\": \" chase your dreams, son, but I ain't chasing mine.\", \"tokens\": [50712, 15359, 428, 7505, 11, 1872, 11, 457, 286, 7862, 380, 17876, 3892, 13, 50912], \"temperature\": 0.0, \"avg_logprob\": -0.2510905861854553, \"compression_ratio\": 1.7032966613769531, \"no_speech_prob\": 0.005219785030931234}, {\"id\": 140, \"seek\": 29012, \"start\": 301.0799865722656, \"end\": 302.5199890136719, \"text\": \" What the fuck is that?\", \"tokens\": [50912, 708, 264, 3275, 307, 300, 30, 50984], \"temperature\": 0.0, \"avg_logprob\": -0.2510905861854553, \"compression_ratio\": 1.7032966613769531, \"no_speech_prob\": 0.005219785030931234}, {\"id\": 141, \"seek\": 29012, \"start\": 302.5199890136719, \"end\": 305.20001220703125, \"text\": \" You can be anything, son, anything's possible.\", \"tokens\": [50984, 509, 393, 312, 1340, 11, 1872, 11, 1340, 311, 1944, 13, 51118], \"temperature\": 0.0, \"avg_logprob\": -0.2510905861854553, \"compression_ratio\": 1.7032966613769531, \"no_speech_prob\": 0.005219785030931234}, {\"id\": 142, \"seek\": 29012, \"start\": 305.20001220703125, \"end\": 308.3599853515625, \"text\": \" If you've ever used those words and your life sucks\", \"tokens\": [51118, 759, 291, 600, 1562, 1143, 729, 2283, 293, 428, 993, 15846, 51276], \"temperature\": 0.0, \"avg_logprob\": -0.2510905861854553, \"compression_ratio\": 1.7032966613769531, \"no_speech_prob\": 0.005219785030931234}, {\"id\": 143, \"seek\": 29012, \"start\": 308.3599853515625, \"end\": 311.2799987792969, \"text\": \" because you were so fucking lazy,\", \"tokens\": [51276, 570, 291, 645, 370, 5546, 14847, 11, 51422], \"temperature\": 0.0, \"avg_logprob\": -0.2510905861854553, \"compression_ratio\": 1.7032966613769531, \"no_speech_prob\": 0.005219785030931234}, {\"id\": 144, \"seek\": 29012, \"start\": 311.2799987792969, \"end\": 313.3599853515625, \"text\": \" you should just smack yourself in the face.\", \"tokens\": [51422, 291, 820, 445, 36348, 1803, 294, 264, 1851, 13, 51526], \"temperature\": 0.0, \"avg_logprob\": -0.2510905861854553, \"compression_ratio\": 1.7032966613769531, \"no_speech_prob\": 0.005219785030931234}, {\"id\": 145, \"seek\": 29012, \"start\": 313.3599853515625, \"end\": 315.6400146484375, \"text\": \" Like hypothetical is hypocritical.\", \"tokens\": [51526, 1743, 33053, 307, 50207, 3210, 804, 13, 51640], \"temperature\": 0.0, \"avg_logprob\": -0.2510905861854553, \"compression_ratio\": 1.7032966613769531, \"no_speech_prob\": 0.005219785030931234}, {\"id\": 146, \"seek\": 29012, \"start\": 315.6400146484375, \"end\": 318.1199951171875, \"text\": \" All this hypothetical shit that people say\", \"tokens\": [51640, 1057, 341, 33053, 4611, 300, 561, 584, 51764], \"temperature\": 0.0, \"avg_logprob\": -0.2510905861854553, \"compression_ratio\": 1.7032966613769531, \"no_speech_prob\": 0.005219785030931234}, {\"id\": 147, \"seek\": 29012, \"start\": 318.1199951171875, \"end\": 319.5199890136719, \"text\": \" is disgusting to me.\", \"tokens\": [51764, 307, 17552, 281, 385, 13, 51834], \"temperature\": 0.0, \"avg_logprob\": -0.2510905861854553, \"compression_ratio\": 1.7032966613769531, \"no_speech_prob\": 0.005219785030931234}, {\"id\": 148, \"seek\": 31952, \"start\": 319.5199890136719, \"end\": 321.6400146484375, \"text\": \" So I came out and I said, you know what?\", \"tokens\": [50364, 407, 286, 1361, 484, 293, 286, 848, 11, 291, 458, 437, 30, 50470], \"temperature\": 0.0, \"avg_logprob\": -0.2152245193719864, \"compression_ratio\": 1.6569342613220215, \"no_speech_prob\": 0.0002341335784876719}, {\"id\": 149, \"seek\": 31952, \"start\": 321.6400146484375, \"end\": 323.0799865722656, \"text\": \" Anything's possible.\", \"tokens\": [50470, 11998, 311, 1944, 13, 50542], \"temperature\": 0.0, \"avg_logprob\": -0.2152245193719864, \"compression_ratio\": 1.6569342613220215, \"no_speech_prob\": 0.0002341335784876719}, {\"id\": 150, \"seek\": 31952, \"start\": 323.0799865722656, \"end\": 325.79998779296875, \"text\": \" And then I lived a life that seemed impossible.\", \"tokens\": [50542, 400, 550, 286, 5152, 257, 993, 300, 6576, 6243, 13, 50678], \"temperature\": 0.0, \"avg_logprob\": -0.2152245193719864, \"compression_ratio\": 1.6569342613220215, \"no_speech_prob\": 0.0002341335784876719}, {\"id\": 151, \"seek\": 31952, \"start\": 325.79998779296875, \"end\": 327.9599914550781, \"text\": \" In four years to get where I'm at,\", \"tokens\": [50678, 682, 1451, 924, 281, 483, 689, 286, 478, 412, 11, 50786], \"temperature\": 0.0, \"avg_logprob\": -0.2152245193719864, \"compression_ratio\": 1.6569342613220215, \"no_speech_prob\": 0.0002341335784876719}, {\"id\": 152, \"seek\": 31952, \"start\": 327.9599914550781, \"end\": 330.3599853515625, \"text\": \" like people are like, your cars are probably leased.\", \"tokens\": [50786, 411, 561, 366, 411, 11, 428, 5163, 366, 1391, 476, 1937, 13, 50906], \"temperature\": 0.0, \"avg_logprob\": -0.2152245193719864, \"compression_ratio\": 1.6569342613220215, \"no_speech_prob\": 0.0002341335784876719}, {\"id\": 153, \"seek\": 31952, \"start\": 330.3599853515625, \"end\": 332.9599914550781, \"text\": \" All my, even though it's not the best way,\", \"tokens\": [50906, 1057, 452, 11, 754, 1673, 309, 311, 406, 264, 1151, 636, 11, 51036], \"temperature\": 0.0, \"avg_logprob\": -0.2152245193719864, \"compression_ratio\": 1.6569342613220215, \"no_speech_prob\": 0.0002341335784876719}, {\"id\": 154, \"seek\": 31952, \"start\": 332.9599914550781, \"end\": 335.0400085449219, \"text\": \" I got the pink slips to all my shit.\", \"tokens\": [51036, 286, 658, 264, 7022, 44690, 281, 439, 452, 4611, 13, 51140], \"temperature\": 0.0, \"avg_logprob\": -0.2152245193719864, \"compression_ratio\": 1.6569342613220215, \"no_speech_prob\": 0.0002341335784876719}, {\"id\": 155, \"seek\": 31952, \"start\": 335.0400085449219, \"end\": 335.8800048828125, \"text\": \" There you go.\", \"tokens\": [51140, 821, 291, 352, 13, 51182], \"temperature\": 0.0, \"avg_logprob\": -0.2152245193719864, \"compression_ratio\": 1.6569342613220215, \"no_speech_prob\": 0.0002341335784876719}, {\"id\": 156, \"seek\": 31952, \"start\": 337.32000732421875, \"end\": 339.0400085449219, \"text\": \" My lifestyle is not leased.\", \"tokens\": [51254, 1222, 11716, 307, 406, 476, 1937, 13, 51340], \"temperature\": 0.0, \"avg_logprob\": -0.2152245193719864, \"compression_ratio\": 1.6569342613220215, \"no_speech_prob\": 0.0002341335784876719}, {\"id\": 157, \"seek\": 31952, \"start\": 339.0400085449219, \"end\": 342.1199951171875, \"text\": \" I make so much fucking money off helping people\", \"tokens\": [51340, 286, 652, 370, 709, 5546, 1460, 766, 4315, 561, 51494], \"temperature\": 0.0, \"avg_logprob\": -0.2152245193719864, \"compression_ratio\": 1.6569342613220215, \"no_speech_prob\": 0.0002341335784876719}, {\"id\": 158, \"seek\": 31952, \"start\": 342.1199951171875, \"end\": 346.1199951171875, \"text\": \" that I live the most congruent life that a human can live.\", \"tokens\": [51494, 300, 286, 1621, 264, 881, 8882, 19226, 993, 300, 257, 1952, 393, 1621, 13, 51694], \"temperature\": 0.0, \"avg_logprob\": -0.2152245193719864, \"compression_ratio\": 1.6569342613220215, \"no_speech_prob\": 0.0002341335784876719}, {\"id\": 159, \"seek\": 31952, \"start\": 346.1199951171875, \"end\": 348.20001220703125, \"text\": \" I serve people for a living\", \"tokens\": [51694, 286, 4596, 561, 337, 257, 2647, 51798], \"temperature\": 0.0, \"avg_logprob\": -0.2152245193719864, \"compression_ratio\": 1.6569342613220215, \"no_speech_prob\": 0.0002341335784876719}, {\"id\": 160, \"seek\": 34820, \"start\": 348.20001220703125, \"end\": 350.9200134277344, \"text\": \" and I get paid for the value I bring them.\", \"tokens\": [50364, 293, 286, 483, 4835, 337, 264, 2158, 286, 1565, 552, 13, 50500], \"temperature\": 0.0, \"avg_logprob\": -0.2354746013879776, \"compression_ratio\": 0.9130434989929199, \"no_speech_prob\": 0.002396269701421261}]}"}