{"title": "Do women like to manipulate men?\ud83e\udd14", "video_id": "UpPkX-AbB0w", "video_url": "https://www.youtube.com/watch?v=UpPkX-AbB0w", "description": "Watch The Full Thing Here : \n\u2014\u2014\u2014\u2014\u2014\u2014\u2014\u2014\u2014\u2014\u2014\u2014\u2014\u2014\u2014\u2014\u2014\u2014\u2014\u2014\nReady to build a network of amazing women and high-status men?\n\nMichael\u2019s Men of Action is a one-on-one Master\u2019s program that teaches men how to create elite \nsocial lives by becoming higher status.\n\nClick this link to learn how you can have a High-Status lifestyle now:\nhttps://m.moamentoring.com/podcast\n\nClick here to join the Men of Action community and watch the High-Status Networking 101 course:\nhttps://m.moamentoring.com/moa-community\n\nInterested in joining the Men of Action sales team? Apply here:\nhttps://www.moamentoring.com/jobs/sales\n\nMen of Action has an affiliate program! Post pre-made content and get paid passively:\nhttps://www.moamentoring.com/affiliate\n\u2014\u2014\u2014\u2014\u2014\u2014\u2014\u2014\u2014\u2014\u2014\u2014\u2014\u2014\u2014\u2014\u2014\u2014\u2014\u2014\n\nSubscribe on Youtube: \nhttps://www.youtube.com/user/MichaelSartain\n\nListen on Apple Podcast: \nhttps://podcasts.apple.com/us/podcast/the-michael-sartain-podcast/id1579791157\n\nListen on Spotify: \nhttps://open.spotify.com/show/2faAYwvDD9Bvkpwv6umlPO?si=8Q3ak9HnSlKjuChsTXr6YQ&dl_branch=1\n\n#michael #michaelsartain #michael_sartain #michael_sartain_podcast", "published_at": "2023-11-27T18:07:27Z", "channel_id": "UC0T1bDzajVefRWx4uKdGyuw", "channel_title": "Michael Sartain", "tags": ["Michael", "Michael Sartain", "Michael Sartain Podcast", "Michael Podcast", "MOA", "Men Of Action", "Michael Sartain Course", "Michael Sartain With Hot Women", "Playboy", "Swimsuit", "Swimsuit Competition", "ichael sartain social circle", "social circle", "how to netowrk", "moa", "moa podcast", "gender wage gap", "gender wage gap myth", "wage gap", "social value", "michael sartain course", "looks money status", "social circle mentorship", "michael sartain social circle game", "men of action podcast", "men of action course"], "category_id": "24", "live_broadcast_content": "none", "duration": 45.0, "dimension": "2d", "definition": "hd", "caption": "false", "view_count": 1192, "like_count": 115, "comment_count": 5, "channel_info": {"title": "Michael Sartain", "description": "\ud83c\udf99Host of The\u00a0Michael Sartain Podcast \n\n\ud83d\udd25Teaching you how to build a network of desirable women and high-status men\n\n\ud83d\udc47 Click the \"Men of Action\" link below now to forge a high-status lifestyle and join the elites \n", "subscriber_count": "80500", "total_views": "29545897", "total_videos": "1481"}, "comments": [], "file_path": "/Users/aelaguiz/workspace/fc_book/audio/raws/UpPkX-AbB0w.mp3", "transcription": "{\"text\": \"When I deal with younger women, I don't find that it's them being manipulated more than I see them manipulating men. So that's why I kind of have an issue with this, like, young, hot women are the ones being manipulated. I'm looking at a $6 billion industry of OnlyFans, and I'm not seeing it's the young, hot women that are being manipulated. I see them manipulating men. When I see women sell themselves out and hoard themselves out to men, I think that they're victims. So I think that that is disgusting. I think it's dysgenic. And I think that OnlyFans preys on young women who have terrible backgrounds. Yeah, sure, they're making money, but at the cost of what? Let's completely throw OnlyFans out of it. Women going on dates with men, or like, for instance, dating apps, women will do 6,000 left swipes before they swipe right once. They find 80% of men on dating apps to be unattractive. And there's several studies that show women are on there not even to date just to get attention from men. \", \"segments\": [{\"id\": 0, \"seek\": 0, \"start\": 0.0, \"end\": 4.800000190734863, \"text\": \" When I deal with younger women, I don't find that it's them being manipulated more than I see them manipulating men.\", \"tokens\": [50364, 1133, 286, 2028, 365, 7037, 2266, 11, 286, 500, 380, 915, 300, 309, 311, 552, 885, 37161, 544, 813, 286, 536, 552, 40805, 1706, 13, 50604], \"temperature\": 0.0, \"avg_logprob\": -0.21189892292022705, \"compression_ratio\": 2.0099010467529297, \"no_speech_prob\": 0.05415710061788559}, {\"id\": 1, \"seek\": 0, \"start\": 4.800000190734863, \"end\": 8.699999809265137, \"text\": \" So that's why I kind of have an issue with this, like, young, hot women are the ones being manipulated.\", \"tokens\": [50604, 407, 300, 311, 983, 286, 733, 295, 362, 364, 2734, 365, 341, 11, 411, 11, 2037, 11, 2368, 2266, 366, 264, 2306, 885, 37161, 13, 50799], \"temperature\": 0.0, \"avg_logprob\": -0.21189892292022705, \"compression_ratio\": 2.0099010467529297, \"no_speech_prob\": 0.05415710061788559}, {\"id\": 2, \"seek\": 0, \"start\": 8.699999809265137, \"end\": 15.0, \"text\": \" I'm looking at a $6 billion industry of OnlyFans, and I'm not seeing it's the young, hot women that are being manipulated.\", \"tokens\": [50799, 286, 478, 1237, 412, 257, 1848, 21, 5218, 3518, 295, 5686, 37, 599, 11, 293, 286, 478, 406, 2577, 309, 311, 264, 2037, 11, 2368, 2266, 300, 366, 885, 37161, 13, 51114], \"temperature\": 0.0, \"avg_logprob\": -0.21189892292022705, \"compression_ratio\": 2.0099010467529297, \"no_speech_prob\": 0.05415710061788559}, {\"id\": 3, \"seek\": 0, \"start\": 15.0, \"end\": 16.600000381469727, \"text\": \" I see them manipulating men.\", \"tokens\": [51114, 286, 536, 552, 40805, 1706, 13, 51194], \"temperature\": 0.0, \"avg_logprob\": -0.21189892292022705, \"compression_ratio\": 2.0099010467529297, \"no_speech_prob\": 0.05415710061788559}, {\"id\": 4, \"seek\": 0, \"start\": 16.600000381469727, \"end\": 20.899999618530273, \"text\": \" When I see women sell themselves out and hoard themselves out to men, I think that they're victims.\", \"tokens\": [51194, 1133, 286, 536, 2266, 3607, 2969, 484, 293, 45940, 2969, 484, 281, 1706, 11, 286, 519, 300, 436, 434, 11448, 13, 51409], \"temperature\": 0.0, \"avg_logprob\": -0.21189892292022705, \"compression_ratio\": 2.0099010467529297, \"no_speech_prob\": 0.05415710061788559}, {\"id\": 5, \"seek\": 0, \"start\": 20.899999618530273, \"end\": 23.100000381469727, \"text\": \" So I think that that is disgusting.\", \"tokens\": [51409, 407, 286, 519, 300, 300, 307, 17552, 13, 51519], \"temperature\": 0.0, \"avg_logprob\": -0.21189892292022705, \"compression_ratio\": 2.0099010467529297, \"no_speech_prob\": 0.05415710061788559}, {\"id\": 6, \"seek\": 0, \"start\": 23.100000381469727, \"end\": 24.0, \"text\": \" I think it's dysgenic.\", \"tokens\": [51519, 286, 519, 309, 311, 15243, 1766, 299, 13, 51564], \"temperature\": 0.0, \"avg_logprob\": -0.21189892292022705, \"compression_ratio\": 2.0099010467529297, \"no_speech_prob\": 0.05415710061788559}, {\"id\": 7, \"seek\": 0, \"start\": 24.0, \"end\": 27.600000381469727, \"text\": \" And I think that OnlyFans preys on young women who have terrible backgrounds.\", \"tokens\": [51564, 400, 286, 519, 300, 5686, 37, 599, 659, 749, 322, 2037, 2266, 567, 362, 6237, 17336, 13, 51744], \"temperature\": 0.0, \"avg_logprob\": -0.21189892292022705, \"compression_ratio\": 2.0099010467529297, \"no_speech_prob\": 0.05415710061788559}, {\"id\": 8, \"seek\": 2760, \"start\": 27.899999618530273, \"end\": 29.899999618530273, \"text\": \" Yeah, sure, they're making money, but at the cost of what?\", \"tokens\": [50379, 865, 11, 988, 11, 436, 434, 1455, 1460, 11, 457, 412, 264, 2063, 295, 437, 30, 50479], \"temperature\": 0.0, \"avg_logprob\": -0.23304006457328796, \"compression_ratio\": 1.5135135650634766, \"no_speech_prob\": 0.6036921739578247}, {\"id\": 9, \"seek\": 2760, \"start\": 29.899999618530273, \"end\": 31.5, \"text\": \" Let's completely throw OnlyFans out of it.\", \"tokens\": [50479, 961, 311, 2584, 3507, 5686, 37, 599, 484, 295, 309, 13, 50559], \"temperature\": 0.0, \"avg_logprob\": -0.23304006457328796, \"compression_ratio\": 1.5135135650634766, \"no_speech_prob\": 0.6036921739578247}, {\"id\": 10, \"seek\": 2760, \"start\": 31.5, \"end\": 37.5, \"text\": \" Women going on dates with men, or like, for instance, dating apps, women will do 6,000 left swipes before they swipe right once.\", \"tokens\": [50559, 11065, 516, 322, 11691, 365, 1706, 11, 420, 411, 11, 337, 5197, 11, 10689, 7733, 11, 2266, 486, 360, 1386, 11, 1360, 1411, 1693, 38689, 949, 436, 28170, 558, 1564, 13, 50859], \"temperature\": 0.0, \"avg_logprob\": -0.23304006457328796, \"compression_ratio\": 1.5135135650634766, \"no_speech_prob\": 0.6036921739578247}, {\"id\": 11, \"seek\": 2760, \"start\": 37.5, \"end\": 40.0, \"text\": \" They find 80% of men on dating apps to be unattractive.\", \"tokens\": [50859, 814, 915, 4688, 4, 295, 1706, 322, 10689, 7733, 281, 312, 47316, 1897, 488, 13, 50984], \"temperature\": 0.0, \"avg_logprob\": -0.23304006457328796, \"compression_ratio\": 1.5135135650634766, \"no_speech_prob\": 0.6036921739578247}, {\"id\": 12, \"seek\": 2760, \"start\": 40.0, \"end\": 44.0, \"text\": \" And there's several studies that show women are on there not even to date just to get attention from men.\", \"tokens\": [50984, 400, 456, 311, 2940, 5313, 300, 855, 2266, 366, 322, 456, 406, 754, 281, 4002, 445, 281, 483, 3202, 490, 1706, 13, 51184], \"temperature\": 0.0, \"avg_logprob\": -0.23304006457328796, \"compression_ratio\": 1.5135135650634766, \"no_speech_prob\": 0.6036921739578247}]}"}