{"title": "The Skill That Everyone Is Missing", "video_id": "UWRMYd9NUGc", "video_url": "https://www.youtube.com/watch?v=UWRMYd9NUGc", "description": "Ready to build a network of amazing women and high-status men?\n\nMichael\u2019s Men of Action is a one-on-one Master\u2019s program that teaches men how to create elite social lives by becoming higher status.\n\nClick this link to learn how you can have a High-Status lifestyle now:\nhttps://m.moamentoring.com/podcast\n\nClick here to join the Men of Action community and watch the High-Status Networking 101 course:\nhttps://m.moamentoring.com/moa-community\n\u2014\u2014\u2014\u2014\u2014\u2014\u2014\u2014\u2014\u2014\u2014\u2014\u2014\u2014\u2014\u2014\u2014\u2014\u2014\u2014\n\nSubscribe on Youtube: \nhttps://www.youtube.com/user/MichaelSartain\n\nListen on Apple Podcast: \nhttps://podcasts.apple.com/us/podcast/the-michael-sartain-podcast/id1579791157\n\nListen on Spotify: \nhttps://open.spotify.com/show/2faAYwvDD9Bvkpwv6umlPO?si=8Q3ak9HnSlKjuChsTXr6YQ&dl_branch=1\n\n#Michael #MichaelSartain #Michael_Sartain #Michael_Sartain_Podcast", "published_at": "2023-06-10T13:15:03Z", "channel_id": "UC0T1bDzajVefRWx4uKdGyuw", "channel_title": "Michael Sartain", "tags": ["Michael", "Michael Sartain", "Michael Sartain Podcast", "Michael Podcast", "MOA", "Men Of Action", "men of action", "Michael Sartain Course", "Michael Sartain With Hot Women", "Rollo", "Rollo Tommasi", "Playboy", "Swimsuit", "Swimsuit Competition"], "category_id": "24", "live_broadcast_content": "none", "duration": 60.0, "dimension": "2d", "definition": "hd", "caption": "false", "view_count": 946, "like_count": 75, "comment_count": 5, "channel_info": {"title": "Michael Sartain", "description": "\ud83c\udf99Host of The\u00a0Michael Sartain Podcast \n\n\ud83d\udd25Teaching you how to build a network of desirable women and high-status men\n\n\ud83d\udc47 Click the \"Men of Action\" link below now to forge a high-status lifestyle and join the elites \n", "subscriber_count": "80500", "total_views": "29545897", "total_videos": "1481"}, "comments": [], "file_path": "/Users/aelaguiz/workspace/fc_book/audio/raws/UWRMYd9NUGc.mp3", "transcription": "{\"text\": \"When you avoid confrontation, you create conflict. Those difficult discussions you have, you want to have them early, and you want to give them a long time to just get everybody to get everything out, and you want to have them with as little emotion as possible. The passive-aggressive behavior is 99% of the problems that I have in my life. It's people who, like, believe a rumor or don't like something that I did and will not confront me about that thing, and it's generally because their passive-aggressive behavior is based in jealousy or a misunderstanding. The thing I found is that most people are like this. Most people avoid confrontation whenever they can, and I find that to be a horrible, horrible problem, especially when it comes to self-help. When you can be that person that always comes to other people, it's like, hey, man, we don't have to like each other. I understand. Kobe and Shaq, we don't have to like each other. We don't, but we have to play together. So let's work this thing out so that we can have an amicable relationship, and I've done that before with people, and I'm like, listen, brother, I understand. You're just not gonna like me. You're not gonna like me because I like this football team or because your ex-girlfriend flirts with me or whatever, but we have to work together, and if you have a problem, let's talk about this with each other first, and then we can go on and do other things and work it out. \", \"segments\": [{\"id\": 0, \"seek\": 0, \"start\": 0.0, \"end\": 2.4000000953674316, \"text\": \" When you avoid confrontation, you create conflict.\", \"tokens\": [50364, 1133, 291, 5042, 35363, 11, 291, 1884, 6596, 13, 50484], \"temperature\": 0.0, \"avg_logprob\": -0.3129553496837616, \"compression_ratio\": 1.9166666269302368, \"no_speech_prob\": 0.20913563668727875}, {\"id\": 1, \"seek\": 0, \"start\": 2.4000000953674316, \"end\": 4.539999961853027, \"text\": \" Those difficult discussions you have,\", \"tokens\": [50484, 3950, 2252, 11088, 291, 362, 11, 50591], \"temperature\": 0.0, \"avg_logprob\": -0.3129553496837616, \"compression_ratio\": 1.9166666269302368, \"no_speech_prob\": 0.20913563668727875}, {\"id\": 2, \"seek\": 0, \"start\": 4.539999961853027, \"end\": 5.78000020980835, \"text\": \" you want to have them early,\", \"tokens\": [50591, 291, 528, 281, 362, 552, 2440, 11, 50653], \"temperature\": 0.0, \"avg_logprob\": -0.3129553496837616, \"compression_ratio\": 1.9166666269302368, \"no_speech_prob\": 0.20913563668727875}, {\"id\": 3, \"seek\": 0, \"start\": 5.78000020980835, \"end\": 7.139999866485596, \"text\": \" and you want to give them a long time\", \"tokens\": [50653, 293, 291, 528, 281, 976, 552, 257, 938, 565, 50721], \"temperature\": 0.0, \"avg_logprob\": -0.3129553496837616, \"compression_ratio\": 1.9166666269302368, \"no_speech_prob\": 0.20913563668727875}, {\"id\": 4, \"seek\": 0, \"start\": 7.139999866485596, \"end\": 9.039999961853027, \"text\": \" to just get everybody to get everything out,\", \"tokens\": [50721, 281, 445, 483, 2201, 281, 483, 1203, 484, 11, 50816], \"temperature\": 0.0, \"avg_logprob\": -0.3129553496837616, \"compression_ratio\": 1.9166666269302368, \"no_speech_prob\": 0.20913563668727875}, {\"id\": 5, \"seek\": 0, \"start\": 9.039999961853027, \"end\": 11.180000305175781, \"text\": \" and you want to have them with as little emotion as possible.\", \"tokens\": [50816, 293, 291, 528, 281, 362, 552, 365, 382, 707, 8913, 382, 1944, 13, 50923], \"temperature\": 0.0, \"avg_logprob\": -0.3129553496837616, \"compression_ratio\": 1.9166666269302368, \"no_speech_prob\": 0.20913563668727875}, {\"id\": 6, \"seek\": 0, \"start\": 11.180000305175781, \"end\": 14.420000076293945, \"text\": \" The passive-aggressive behavior is 99% of the problems\", \"tokens\": [50923, 440, 14975, 12, 559, 3091, 488, 5223, 307, 11803, 4, 295, 264, 2740, 51085], \"temperature\": 0.0, \"avg_logprob\": -0.3129553496837616, \"compression_ratio\": 1.9166666269302368, \"no_speech_prob\": 0.20913563668727875}, {\"id\": 7, \"seek\": 0, \"start\": 14.420000076293945, \"end\": 15.420000076293945, \"text\": \" that I have in my life.\", \"tokens\": [51085, 300, 286, 362, 294, 452, 993, 13, 51135], \"temperature\": 0.0, \"avg_logprob\": -0.3129553496837616, \"compression_ratio\": 1.9166666269302368, \"no_speech_prob\": 0.20913563668727875}, {\"id\": 8, \"seek\": 0, \"start\": 15.420000076293945, \"end\": 17.459999084472656, \"text\": \" It's people who, like, believe a rumor\", \"tokens\": [51135, 467, 311, 561, 567, 11, 411, 11, 1697, 257, 29639, 51237], \"temperature\": 0.0, \"avg_logprob\": -0.3129553496837616, \"compression_ratio\": 1.9166666269302368, \"no_speech_prob\": 0.20913563668727875}, {\"id\": 9, \"seek\": 0, \"start\": 17.459999084472656, \"end\": 18.760000228881836, \"text\": \" or don't like something that I did\", \"tokens\": [51237, 420, 500, 380, 411, 746, 300, 286, 630, 51302], \"temperature\": 0.0, \"avg_logprob\": -0.3129553496837616, \"compression_ratio\": 1.9166666269302368, \"no_speech_prob\": 0.20913563668727875}, {\"id\": 10, \"seek\": 0, \"start\": 18.760000228881836, \"end\": 20.760000228881836, \"text\": \" and will not confront me about that thing,\", \"tokens\": [51302, 293, 486, 406, 12422, 385, 466, 300, 551, 11, 51402], \"temperature\": 0.0, \"avg_logprob\": -0.3129553496837616, \"compression_ratio\": 1.9166666269302368, \"no_speech_prob\": 0.20913563668727875}, {\"id\": 11, \"seek\": 0, \"start\": 20.760000228881836, \"end\": 22.920000076293945, \"text\": \" and it's generally because their passive-aggressive behavior\", \"tokens\": [51402, 293, 309, 311, 5101, 570, 641, 14975, 12, 559, 3091, 488, 5223, 51510], \"temperature\": 0.0, \"avg_logprob\": -0.3129553496837616, \"compression_ratio\": 1.9166666269302368, \"no_speech_prob\": 0.20913563668727875}, {\"id\": 12, \"seek\": 0, \"start\": 22.920000076293945, \"end\": 24.799999237060547, \"text\": \" is based in jealousy or a misunderstanding.\", \"tokens\": [51510, 307, 2361, 294, 36103, 420, 257, 29227, 13, 51604], \"temperature\": 0.0, \"avg_logprob\": -0.3129553496837616, \"compression_ratio\": 1.9166666269302368, \"no_speech_prob\": 0.20913563668727875}, {\"id\": 13, \"seek\": 0, \"start\": 24.799999237060547, \"end\": 26.799999237060547, \"text\": \" The thing I found is that most people are like this.\", \"tokens\": [51604, 440, 551, 286, 1352, 307, 300, 881, 561, 366, 411, 341, 13, 51704], \"temperature\": 0.0, \"avg_logprob\": -0.3129553496837616, \"compression_ratio\": 1.9166666269302368, \"no_speech_prob\": 0.20913563668727875}, {\"id\": 14, \"seek\": 0, \"start\": 26.799999237060547, \"end\": 29.040000915527344, \"text\": \" Most people avoid confrontation whenever they can,\", \"tokens\": [51704, 4534, 561, 5042, 35363, 5699, 436, 393, 11, 51816], \"temperature\": 0.0, \"avg_logprob\": -0.3129553496837616, \"compression_ratio\": 1.9166666269302368, \"no_speech_prob\": 0.20913563668727875}, {\"id\": 15, \"seek\": 2904, \"start\": 29.100000381469727, \"end\": 31.579999923706055, \"text\": \" and I find that to be a horrible, horrible problem,\", \"tokens\": [50367, 293, 286, 915, 300, 281, 312, 257, 9263, 11, 9263, 1154, 11, 50491], \"temperature\": 0.0, \"avg_logprob\": -0.2110625058412552, \"compression_ratio\": 2.0111732482910156, \"no_speech_prob\": 0.02228374592959881}, {\"id\": 16, \"seek\": 2904, \"start\": 31.579999923706055, \"end\": 32.97999954223633, \"text\": \" especially when it comes to self-help.\", \"tokens\": [50491, 2318, 562, 309, 1487, 281, 2698, 12, 37451, 13, 50561], \"temperature\": 0.0, \"avg_logprob\": -0.2110625058412552, \"compression_ratio\": 2.0111732482910156, \"no_speech_prob\": 0.02228374592959881}, {\"id\": 17, \"seek\": 2904, \"start\": 32.97999954223633, \"end\": 34.040000915527344, \"text\": \" When you can be that person\", \"tokens\": [50561, 1133, 291, 393, 312, 300, 954, 50614], \"temperature\": 0.0, \"avg_logprob\": -0.2110625058412552, \"compression_ratio\": 2.0111732482910156, \"no_speech_prob\": 0.02228374592959881}, {\"id\": 18, \"seek\": 2904, \"start\": 34.040000915527344, \"end\": 35.380001068115234, \"text\": \" that always comes to other people,\", \"tokens\": [50614, 300, 1009, 1487, 281, 661, 561, 11, 50681], \"temperature\": 0.0, \"avg_logprob\": -0.2110625058412552, \"compression_ratio\": 2.0111732482910156, \"no_speech_prob\": 0.02228374592959881}, {\"id\": 19, \"seek\": 2904, \"start\": 35.380001068115234, \"end\": 38.040000915527344, \"text\": \" it's like, hey, man, we don't have to like each other.\", \"tokens\": [50681, 309, 311, 411, 11, 4177, 11, 587, 11, 321, 500, 380, 362, 281, 411, 1184, 661, 13, 50814], \"temperature\": 0.0, \"avg_logprob\": -0.2110625058412552, \"compression_ratio\": 2.0111732482910156, \"no_speech_prob\": 0.02228374592959881}, {\"id\": 20, \"seek\": 2904, \"start\": 38.040000915527344, \"end\": 38.880001068115234, \"text\": \" I understand.\", \"tokens\": [50814, 286, 1223, 13, 50856], \"temperature\": 0.0, \"avg_logprob\": -0.2110625058412552, \"compression_ratio\": 2.0111732482910156, \"no_speech_prob\": 0.02228374592959881}, {\"id\": 21, \"seek\": 2904, \"start\": 38.880001068115234, \"end\": 40.02000045776367, \"text\": \" Kobe and Shaq, we don't have to like each other.\", \"tokens\": [50856, 46296, 293, 14944, 80, 11, 321, 500, 380, 362, 281, 411, 1184, 661, 13, 50913], \"temperature\": 0.0, \"avg_logprob\": -0.2110625058412552, \"compression_ratio\": 2.0111732482910156, \"no_speech_prob\": 0.02228374592959881}, {\"id\": 22, \"seek\": 2904, \"start\": 40.02000045776367, \"end\": 41.619998931884766, \"text\": \" We don't, but we have to play together.\", \"tokens\": [50913, 492, 500, 380, 11, 457, 321, 362, 281, 862, 1214, 13, 50993], \"temperature\": 0.0, \"avg_logprob\": -0.2110625058412552, \"compression_ratio\": 2.0111732482910156, \"no_speech_prob\": 0.02228374592959881}, {\"id\": 23, \"seek\": 2904, \"start\": 41.619998931884766, \"end\": 42.720001220703125, \"text\": \" So let's work this thing out\", \"tokens\": [50993, 407, 718, 311, 589, 341, 551, 484, 51048], \"temperature\": 0.0, \"avg_logprob\": -0.2110625058412552, \"compression_ratio\": 2.0111732482910156, \"no_speech_prob\": 0.02228374592959881}, {\"id\": 24, \"seek\": 2904, \"start\": 42.720001220703125, \"end\": 44.880001068115234, \"text\": \" so that we can have an amicable relationship,\", \"tokens\": [51048, 370, 300, 321, 393, 362, 364, 669, 43023, 2480, 11, 51156], \"temperature\": 0.0, \"avg_logprob\": -0.2110625058412552, \"compression_ratio\": 2.0111732482910156, \"no_speech_prob\": 0.02228374592959881}, {\"id\": 25, \"seek\": 2904, \"start\": 44.880001068115234, \"end\": 46.220001220703125, \"text\": \" and I've done that before with people,\", \"tokens\": [51156, 293, 286, 600, 1096, 300, 949, 365, 561, 11, 51223], \"temperature\": 0.0, \"avg_logprob\": -0.2110625058412552, \"compression_ratio\": 2.0111732482910156, \"no_speech_prob\": 0.02228374592959881}, {\"id\": 26, \"seek\": 2904, \"start\": 46.220001220703125, \"end\": 47.720001220703125, \"text\": \" and I'm like, listen, brother, I understand.\", \"tokens\": [51223, 293, 286, 478, 411, 11, 2140, 11, 3708, 11, 286, 1223, 13, 51298], \"temperature\": 0.0, \"avg_logprob\": -0.2110625058412552, \"compression_ratio\": 2.0111732482910156, \"no_speech_prob\": 0.02228374592959881}, {\"id\": 27, \"seek\": 2904, \"start\": 47.720001220703125, \"end\": 49.099998474121094, \"text\": \" You're just not gonna like me.\", \"tokens\": [51298, 509, 434, 445, 406, 799, 411, 385, 13, 51367], \"temperature\": 0.0, \"avg_logprob\": -0.2110625058412552, \"compression_ratio\": 2.0111732482910156, \"no_speech_prob\": 0.02228374592959881}, {\"id\": 28, \"seek\": 2904, \"start\": 49.099998474121094, \"end\": 52.02000045776367, \"text\": \" You're not gonna like me because I like this football team\", \"tokens\": [51367, 509, 434, 406, 799, 411, 385, 570, 286, 411, 341, 7346, 1469, 51513], \"temperature\": 0.0, \"avg_logprob\": -0.2110625058412552, \"compression_ratio\": 2.0111732482910156, \"no_speech_prob\": 0.02228374592959881}, {\"id\": 29, \"seek\": 2904, \"start\": 52.02000045776367, \"end\": 53.86000061035156, \"text\": \" or because your ex-girlfriend flirts with me or whatever,\", \"tokens\": [51513, 420, 570, 428, 454, 12, 21322, 5540, 932, 9899, 365, 385, 420, 2035, 11, 51605], \"temperature\": 0.0, \"avg_logprob\": -0.2110625058412552, \"compression_ratio\": 2.0111732482910156, \"no_speech_prob\": 0.02228374592959881}, {\"id\": 30, \"seek\": 2904, \"start\": 53.86000061035156, \"end\": 55.70000076293945, \"text\": \" but we have to work together, and if you have a problem,\", \"tokens\": [51605, 457, 321, 362, 281, 589, 1214, 11, 293, 498, 291, 362, 257, 1154, 11, 51697], \"temperature\": 0.0, \"avg_logprob\": -0.2110625058412552, \"compression_ratio\": 2.0111732482910156, \"no_speech_prob\": 0.02228374592959881}, {\"id\": 31, \"seek\": 2904, \"start\": 55.70000076293945, \"end\": 57.79999923706055, \"text\": \" let's talk about this with each other first,\", \"tokens\": [51697, 718, 311, 751, 466, 341, 365, 1184, 661, 700, 11, 51802], \"temperature\": 0.0, \"avg_logprob\": -0.2110625058412552, \"compression_ratio\": 2.0111732482910156, \"no_speech_prob\": 0.02228374592959881}, {\"id\": 32, \"seek\": 5780, \"start\": 57.79999923706055, \"end\": 60.70000076293945, \"text\": \" and then we can go on and do other things and work it out.\", \"tokens\": [50364, 293, 550, 321, 393, 352, 322, 293, 360, 661, 721, 293, 589, 309, 484, 13, 50509], \"temperature\": 0.0, \"avg_logprob\": -0.3412385880947113, \"compression_ratio\": 1.0, \"no_speech_prob\": 0.00793687254190445}]}"}