{"title": "Instagram Is A Misogynistic Platform", "video_id": "UXupKXjeAWw", "video_url": "https://www.youtube.com/watch?v=UXupKXjeAWw", "description": "Watch The Full Podcast Here \ud83d\udd17: https://youtu.be/jGwn4mTnzMA\n\nReady to build a network of amazing women and high-status men?\n\nMichael\u2019s Men of Action is a one-on-one Master\u2019s program that teaches men how to create elite social lives by becoming higher status.\n\nClick this link to learn how you can have a High-Status lifestyle now:\nhttps://m.moamentoring.com/podcast\n\nClick here to join the Men of Action community and watch the High-Status Networking 101 course:\nhttps://m.moamentoring.com/moa-community\n\u2014\u2014\u2014\u2014\u2014\u2014\u2014\u2014\u2014\u2014\u2014\u2014\u2014\u2014\u2014\u2014\u2014\u2014\u2014\u2014\n\nSubscribe on Youtube: \nhttps://www.youtube.com/user/MichaelSartain\n\nListen on Apple Podcast: \nhttps://podcasts.apple.com/us/podcast/the-michael-sartain-podcast/id1579791157\n\nListen on Spotify: \nhttps://open.spotify.com/show/2faAYwvDD9Bvkpwv6umlPO?si=8Q3ak9HnSlKjuChsTXr6YQ&dl_branch=1\n\n#Michael #MichaelSartain #Michael_Sartain #Michael_Sartain_Podcast", "published_at": "2023-06-27T14:45:01Z", "channel_id": "UC0T1bDzajVefRWx4uKdGyuw", "channel_title": "Michael Sartain", "tags": ["Michael", "Michael Sartain", "Michael Sartain Podcast", "Michael Podcast", "MOA", "Men Of Action", "men of action", "Michael Sartain Course", "Michael Sartain With Hot Women", "Rollo", "Rollo Tommasi", "Playboy", "Swimsuit", "Swimsuit Competition"], "category_id": "24", "live_broadcast_content": "none", "duration": 339.0, "dimension": "2d", "definition": "hd", "caption": "false", "view_count": 2569, "like_count": 90, "comment_count": 18, "channel_info": {"title": "Michael Sartain", "description": "\ud83c\udf99Host of The\u00a0Michael Sartain Podcast \n\n\ud83d\udd25Teaching you how to build a network of desirable women and high-status men\n\n\ud83d\udc47 Click the \"Men of Action\" link below now to forge a high-status lifestyle and join the elites \n", "subscriber_count": "80500", "total_views": "29545897", "total_videos": "1481"}, "comments": [], "file_path": "/Users/aelaguiz/workspace/fc_book/audio/raws/UXupKXjeAWw.mp3", "transcription": "{\"text\": \"outside the normal spectrum. I don't know if you like to use normal, but like when you see, like I have, if you go on TikTok and you see somebody who makes content for homosexual men, they never get their account taken down, ever, ever, ever. Call me on that, call me on that. I see guys like rubbing them oil all over their body, hyper-sexualizing themselves. No, no. What is on your algorithm? No, no question whatsoever. No, so here's the funny, no, it's a funny question. So there was a friend of mine and she started dating this dude and she was questioning whether or not he was, she's like, he comes as seeing sus. I check his IG, he has a few followers. I check his Instagram or his TikTok and he's got like a million subs and it's very clear he's making, you know, content for homosexual men. And I'm like, and I'm watching this and I'm like, wow, if this was kindly Myers, she would have got her shit taken down in five seconds. I can't believe this. You know what I'm saying? I also know another girl, never, she has like a fucking 1800cc boob job and she's Asian, but she looks trans, but she's not. She's actually just a woman, but because she looks trans, she's never had anything taken down. Nothing, not a single thing reported. It's crazy, man. One of the strange is that if I'm wrong, go prove that I'm wrong, I'm not. Like that's essentially what's going on. But I think what happens is also, if you looked prepubescent, they wouldn't take your account down either. If you look like you haven't gone through puberty, TikTok has no problem promoting you and Daisy Dukes dancing around. But as soon as you have boobs and look like a woman that can breed and have children, done, we're gonna take you off the platform. I've said this before, these social media companies hate women more than anyone. If you want to talk about misogyny, there is no one in the manosphere or red pill who hates women more than Instagram. Like Instagram is like, hey, you guys wanted to make a living using our platform? Thank you, you helped us grow our platform. Now fuck all of you. Now we're gonna take away all of your accounts and anything that you state. And like, it's one of these situations where it's like such incredible hypocrisy that nobody wants to call them out on. Because I watch, like I'm not stupid enough, I'm not so young to forget what Instagram used to be like and now what it's like now. I mean, don't you have to be 18 to have an Instagram? 13, I think. Did they change it? Because didn't it used to be 18? I don't think it was 18. They should just create a platform where it's 18 and up. That way the whole like, oh, this is indecent. This kind of photo is indecent. Not to say that you can post porn, but just like not so much shit can be classified as community guidelines. Because now you're going on this specific platform for this kind of content. No, it's not though. It's incels and like fundamentalist, like fundamental religious people who see your content just report you. By the way, did you hear, you follow Dan Fleishman, yeah? Did you see that they're gonna start charging for verification? On Instagram? On Twitter, on Twitter. I don't know if they're gonna do it on Twitter. Oh, he was talking about Instagram. Well, I know Elon is charging for verification on Twitter. If Instagram wants to charge for verification, I mean, that would probably be a better, more legitimate way than what they're doing now. He's, from what he was telling me yesterday, they want to start charging because there's all these black market verification companies that will get you verified and they're making millions of dollars and Instagram's not seeing a dime of it. So now they want to start charging for it, which if you want to charge for the verifications that you already do for free, cool, but I would hope they still be vetted the same way. Because if anybody can just pay $1,000 to get verified, then it's just like being able to buy a Birkin at Walmart. Would you really want it? Would you really still spend 50K or plus on a Birkin if you can get it at Walmart easily? I don't even care about being verified now. I don't care about it either. We've gotten to the point now where I know so many Forex traders and fucking scam artists that have blue check marks that I don't want one. I've seen people with 200 followers that have a blue check mark. What does that do for you? If I was a celebrity, I would actually ask to be unverified just to go against the grain, just be like, hey man, I'm not gonna stand for the shit that you're doing. How cool would it be if, that would be funny if it was a- Rebel. I don't want your blue check mark. LeBron was like, take away my blue check mark. I don't want it anymore. And then, you know what I'm saying? But it was still LeBron. So here's the other thing. So you've lost several different accounts. You've gone through the transition of how things have changed. You see how these girls are making so much money and then the transition to OnlyFans that happened during COVID and how so many girls have done that. What's so interesting to me is how it's changed like the dating scene, how OnlyFans and Instagram have changed the dating scene to where it's one of these things where a woman can make a ton of money from not even being that cute. You've seen a lot of girls make a shit ton of money and they're not even that pretty. And then also on social media, having access to like unlimited high status men and then being confused by the idea. Because this NBA power forward guy in my DMs, therefore I'm gonna be in a relationship with them. Have you seen this? You understand what I'm talking about? I've seen like a TikTok where this girl says, I make a million dollars a month by doing my spicy website. And she's, I feel bad saying this, in my opinion, not remotely. Attractive. In my opinion, not my taste. And the comments, if you look, all those videos that she posts on TikTok go viral. And every single comment's the same. It's like, yeah, right. Who's paying to see your stuff? She lives, I think, in like Alaska and she lives in an igloo. So I think her content is her doing either soft core or hard core porn inside of ice igloos. So that might be. I will subscribe to that. I will go ahead and subscribe to that. Maybe that might be her niche or whatever that she's doing. But nobody really truly believes that she's making that much money off of it. And there's so many girls that I'm just kind of like, they make 200K a month? And they have no boobs, no butt, no curves. They look like they're living in a trailer park down the street. How? I don't understand. I don't. I wanna know who's paying. Like I want someone to DM me and be like, hey, this is why I pay for that. I wanna know why. I want answers. \", \"segments\": [{\"id\": 0, \"seek\": 0, \"start\": 0.0, \"end\": 2.0399999618530273, \"text\": \" outside the normal spectrum.\", \"tokens\": [50364, 2380, 264, 2710, 11143, 13, 50466], \"temperature\": 0.0, \"avg_logprob\": -0.2799350917339325, \"compression_ratio\": 1.8157894611358643, \"no_speech_prob\": 0.0021154640708118677}, {\"id\": 1, \"seek\": 0, \"start\": 2.0399999618530273, \"end\": 3.0799999237060547, \"text\": \" I don't know if you like to use normal,\", \"tokens\": [50466, 286, 500, 380, 458, 498, 291, 411, 281, 764, 2710, 11, 50518], \"temperature\": 0.0, \"avg_logprob\": -0.2799350917339325, \"compression_ratio\": 1.8157894611358643, \"no_speech_prob\": 0.0021154640708118677}, {\"id\": 2, \"seek\": 0, \"start\": 3.0799999237060547, \"end\": 5.400000095367432, \"text\": \" but like when you see, like I have,\", \"tokens\": [50518, 457, 411, 562, 291, 536, 11, 411, 286, 362, 11, 50634], \"temperature\": 0.0, \"avg_logprob\": -0.2799350917339325, \"compression_ratio\": 1.8157894611358643, \"no_speech_prob\": 0.0021154640708118677}, {\"id\": 3, \"seek\": 0, \"start\": 5.400000095367432, \"end\": 6.800000190734863, \"text\": \" if you go on TikTok and you see somebody\", \"tokens\": [50634, 498, 291, 352, 322, 20211, 293, 291, 536, 2618, 50704], \"temperature\": 0.0, \"avg_logprob\": -0.2799350917339325, \"compression_ratio\": 1.8157894611358643, \"no_speech_prob\": 0.0021154640708118677}, {\"id\": 4, \"seek\": 0, \"start\": 6.800000190734863, \"end\": 8.239999771118164, \"text\": \" who makes content for homosexual men,\", \"tokens\": [50704, 567, 1669, 2701, 337, 30490, 1706, 11, 50776], \"temperature\": 0.0, \"avg_logprob\": -0.2799350917339325, \"compression_ratio\": 1.8157894611358643, \"no_speech_prob\": 0.0021154640708118677}, {\"id\": 5, \"seek\": 0, \"start\": 8.239999771118164, \"end\": 10.760000228881836, \"text\": \" they never get their account taken down, ever, ever, ever.\", \"tokens\": [50776, 436, 1128, 483, 641, 2696, 2726, 760, 11, 1562, 11, 1562, 11, 1562, 13, 50902], \"temperature\": 0.0, \"avg_logprob\": -0.2799350917339325, \"compression_ratio\": 1.8157894611358643, \"no_speech_prob\": 0.0021154640708118677}, {\"id\": 6, \"seek\": 0, \"start\": 10.760000228881836, \"end\": 12.15999984741211, \"text\": \" Call me on that, call me on that.\", \"tokens\": [50902, 7807, 385, 322, 300, 11, 818, 385, 322, 300, 13, 50972], \"temperature\": 0.0, \"avg_logprob\": -0.2799350917339325, \"compression_ratio\": 1.8157894611358643, \"no_speech_prob\": 0.0021154640708118677}, {\"id\": 7, \"seek\": 0, \"start\": 12.15999984741211, \"end\": 15.039999961853027, \"text\": \" I see guys like rubbing them oil all over their body,\", \"tokens\": [50972, 286, 536, 1074, 411, 29770, 552, 3184, 439, 670, 641, 1772, 11, 51116], \"temperature\": 0.0, \"avg_logprob\": -0.2799350917339325, \"compression_ratio\": 1.8157894611358643, \"no_speech_prob\": 0.0021154640708118677}, {\"id\": 8, \"seek\": 0, \"start\": 15.039999961853027, \"end\": 16.239999771118164, \"text\": \" hyper-sexualizing themselves.\", \"tokens\": [51116, 9848, 12, 405, 13418, 3319, 2969, 13, 51176], \"temperature\": 0.0, \"avg_logprob\": -0.2799350917339325, \"compression_ratio\": 1.8157894611358643, \"no_speech_prob\": 0.0021154640708118677}, {\"id\": 9, \"seek\": 0, \"start\": 16.239999771118164, \"end\": 17.079999923706055, \"text\": \" No, no.\", \"tokens\": [51176, 883, 11, 572, 13, 51218], \"temperature\": 0.0, \"avg_logprob\": -0.2799350917339325, \"compression_ratio\": 1.8157894611358643, \"no_speech_prob\": 0.0021154640708118677}, {\"id\": 10, \"seek\": 0, \"start\": 17.079999923706055, \"end\": 17.920000076293945, \"text\": \" What is on your algorithm?\", \"tokens\": [51218, 708, 307, 322, 428, 9284, 30, 51260], \"temperature\": 0.0, \"avg_logprob\": -0.2799350917339325, \"compression_ratio\": 1.8157894611358643, \"no_speech_prob\": 0.0021154640708118677}, {\"id\": 11, \"seek\": 0, \"start\": 17.920000076293945, \"end\": 18.84000015258789, \"text\": \" No, no question whatsoever.\", \"tokens\": [51260, 883, 11, 572, 1168, 17076, 13, 51306], \"temperature\": 0.0, \"avg_logprob\": -0.2799350917339325, \"compression_ratio\": 1.8157894611358643, \"no_speech_prob\": 0.0021154640708118677}, {\"id\": 12, \"seek\": 0, \"start\": 18.84000015258789, \"end\": 20.920000076293945, \"text\": \" No, so here's the funny, no, it's a funny question.\", \"tokens\": [51306, 883, 11, 370, 510, 311, 264, 4074, 11, 572, 11, 309, 311, 257, 4074, 1168, 13, 51410], \"temperature\": 0.0, \"avg_logprob\": -0.2799350917339325, \"compression_ratio\": 1.8157894611358643, \"no_speech_prob\": 0.0021154640708118677}, {\"id\": 13, \"seek\": 0, \"start\": 20.920000076293945, \"end\": 22.31999969482422, \"text\": \" So there was a friend of mine\", \"tokens\": [51410, 407, 456, 390, 257, 1277, 295, 3892, 51480], \"temperature\": 0.0, \"avg_logprob\": -0.2799350917339325, \"compression_ratio\": 1.8157894611358643, \"no_speech_prob\": 0.0021154640708118677}, {\"id\": 14, \"seek\": 0, \"start\": 22.31999969482422, \"end\": 24.0, \"text\": \" and she started dating this dude\", \"tokens\": [51480, 293, 750, 1409, 10689, 341, 6449, 51564], \"temperature\": 0.0, \"avg_logprob\": -0.2799350917339325, \"compression_ratio\": 1.8157894611358643, \"no_speech_prob\": 0.0021154640708118677}, {\"id\": 15, \"seek\": 0, \"start\": 24.0, \"end\": 26.399999618530273, \"text\": \" and she was questioning whether or not he was,\", \"tokens\": [51564, 293, 750, 390, 21257, 1968, 420, 406, 415, 390, 11, 51684], \"temperature\": 0.0, \"avg_logprob\": -0.2799350917339325, \"compression_ratio\": 1.8157894611358643, \"no_speech_prob\": 0.0021154640708118677}, {\"id\": 16, \"seek\": 0, \"start\": 26.399999618530273, \"end\": 28.440000534057617, \"text\": \" she's like, he comes as seeing sus.\", \"tokens\": [51684, 750, 311, 411, 11, 415, 1487, 382, 2577, 3291, 13, 51786], \"temperature\": 0.0, \"avg_logprob\": -0.2799350917339325, \"compression_ratio\": 1.8157894611358643, \"no_speech_prob\": 0.0021154640708118677}, {\"id\": 17, \"seek\": 2844, \"start\": 28.440000534057617, \"end\": 30.280000686645508, \"text\": \" I check his IG, he has a few followers.\", \"tokens\": [50364, 286, 1520, 702, 26367, 11, 415, 575, 257, 1326, 13071, 13, 50456], \"temperature\": 0.0, \"avg_logprob\": -0.20797806978225708, \"compression_ratio\": 1.7317073345184326, \"no_speech_prob\": 0.00015356029325630516}, {\"id\": 18, \"seek\": 2844, \"start\": 30.280000686645508, \"end\": 32.040000915527344, \"text\": \" I check his Instagram or his TikTok\", \"tokens\": [50456, 286, 1520, 702, 5281, 420, 702, 20211, 50544], \"temperature\": 0.0, \"avg_logprob\": -0.20797806978225708, \"compression_ratio\": 1.7317073345184326, \"no_speech_prob\": 0.00015356029325630516}, {\"id\": 19, \"seek\": 2844, \"start\": 32.040000915527344, \"end\": 33.52000045776367, \"text\": \" and he's got like a million subs\", \"tokens\": [50544, 293, 415, 311, 658, 411, 257, 2459, 2090, 50618], \"temperature\": 0.0, \"avg_logprob\": -0.20797806978225708, \"compression_ratio\": 1.7317073345184326, \"no_speech_prob\": 0.00015356029325630516}, {\"id\": 20, \"seek\": 2844, \"start\": 33.52000045776367, \"end\": 35.79999923706055, \"text\": \" and it's very clear he's making, you know,\", \"tokens\": [50618, 293, 309, 311, 588, 1850, 415, 311, 1455, 11, 291, 458, 11, 50732], \"temperature\": 0.0, \"avg_logprob\": -0.20797806978225708, \"compression_ratio\": 1.7317073345184326, \"no_speech_prob\": 0.00015356029325630516}, {\"id\": 21, \"seek\": 2844, \"start\": 35.79999923706055, \"end\": 37.20000076293945, \"text\": \" content for homosexual men.\", \"tokens\": [50732, 2701, 337, 30490, 1706, 13, 50802], \"temperature\": 0.0, \"avg_logprob\": -0.20797806978225708, \"compression_ratio\": 1.7317073345184326, \"no_speech_prob\": 0.00015356029325630516}, {\"id\": 22, \"seek\": 2844, \"start\": 37.20000076293945, \"end\": 39.20000076293945, \"text\": \" And I'm like, and I'm watching this and I'm like,\", \"tokens\": [50802, 400, 286, 478, 411, 11, 293, 286, 478, 1976, 341, 293, 286, 478, 411, 11, 50902], \"temperature\": 0.0, \"avg_logprob\": -0.20797806978225708, \"compression_ratio\": 1.7317073345184326, \"no_speech_prob\": 0.00015356029325630516}, {\"id\": 23, \"seek\": 2844, \"start\": 39.20000076293945, \"end\": 40.47999954223633, \"text\": \" wow, if this was kindly Myers,\", \"tokens\": [50902, 6076, 11, 498, 341, 390, 29736, 45088, 11, 50966], \"temperature\": 0.0, \"avg_logprob\": -0.20797806978225708, \"compression_ratio\": 1.7317073345184326, \"no_speech_prob\": 0.00015356029325630516}, {\"id\": 24, \"seek\": 2844, \"start\": 40.47999954223633, \"end\": 42.279998779296875, \"text\": \" she would have got her shit taken down in five seconds.\", \"tokens\": [50966, 750, 576, 362, 658, 720, 4611, 2726, 760, 294, 1732, 3949, 13, 51056], \"temperature\": 0.0, \"avg_logprob\": -0.20797806978225708, \"compression_ratio\": 1.7317073345184326, \"no_speech_prob\": 0.00015356029325630516}, {\"id\": 25, \"seek\": 2844, \"start\": 42.279998779296875, \"end\": 43.279998779296875, \"text\": \" I can't believe this.\", \"tokens\": [51056, 286, 393, 380, 1697, 341, 13, 51106], \"temperature\": 0.0, \"avg_logprob\": -0.20797806978225708, \"compression_ratio\": 1.7317073345184326, \"no_speech_prob\": 0.00015356029325630516}, {\"id\": 26, \"seek\": 2844, \"start\": 43.279998779296875, \"end\": 44.119998931884766, \"text\": \" You know what I'm saying?\", \"tokens\": [51106, 509, 458, 437, 286, 478, 1566, 30, 51148], \"temperature\": 0.0, \"avg_logprob\": -0.20797806978225708, \"compression_ratio\": 1.7317073345184326, \"no_speech_prob\": 0.00015356029325630516}, {\"id\": 27, \"seek\": 2844, \"start\": 44.119998931884766, \"end\": 45.52000045776367, \"text\": \" I also know another girl, never,\", \"tokens\": [51148, 286, 611, 458, 1071, 2013, 11, 1128, 11, 51218], \"temperature\": 0.0, \"avg_logprob\": -0.20797806978225708, \"compression_ratio\": 1.7317073345184326, \"no_speech_prob\": 0.00015356029325630516}, {\"id\": 28, \"seek\": 2844, \"start\": 45.52000045776367, \"end\": 49.31999969482422, \"text\": \" she has like a fucking 1800cc boob job and she's Asian,\", \"tokens\": [51218, 750, 575, 411, 257, 5546, 24327, 1914, 748, 996, 1691, 293, 750, 311, 10645, 11, 51408], \"temperature\": 0.0, \"avg_logprob\": -0.20797806978225708, \"compression_ratio\": 1.7317073345184326, \"no_speech_prob\": 0.00015356029325630516}, {\"id\": 29, \"seek\": 2844, \"start\": 49.31999969482422, \"end\": 51.0, \"text\": \" but she looks trans, but she's not.\", \"tokens\": [51408, 457, 750, 1542, 1145, 11, 457, 750, 311, 406, 13, 51492], \"temperature\": 0.0, \"avg_logprob\": -0.20797806978225708, \"compression_ratio\": 1.7317073345184326, \"no_speech_prob\": 0.00015356029325630516}, {\"id\": 30, \"seek\": 2844, \"start\": 51.0, \"end\": 52.0, \"text\": \" She's actually just a woman,\", \"tokens\": [51492, 1240, 311, 767, 445, 257, 3059, 11, 51542], \"temperature\": 0.0, \"avg_logprob\": -0.20797806978225708, \"compression_ratio\": 1.7317073345184326, \"no_speech_prob\": 0.00015356029325630516}, {\"id\": 31, \"seek\": 2844, \"start\": 52.0, \"end\": 52.91999816894531, \"text\": \" but because she looks trans,\", \"tokens\": [51542, 457, 570, 750, 1542, 1145, 11, 51588], \"temperature\": 0.0, \"avg_logprob\": -0.20797806978225708, \"compression_ratio\": 1.7317073345184326, \"no_speech_prob\": 0.00015356029325630516}, {\"id\": 32, \"seek\": 2844, \"start\": 52.91999816894531, \"end\": 54.279998779296875, \"text\": \" she's never had anything taken down.\", \"tokens\": [51588, 750, 311, 1128, 632, 1340, 2726, 760, 13, 51656], \"temperature\": 0.0, \"avg_logprob\": -0.20797806978225708, \"compression_ratio\": 1.7317073345184326, \"no_speech_prob\": 0.00015356029325630516}, {\"id\": 33, \"seek\": 2844, \"start\": 54.279998779296875, \"end\": 56.560001373291016, \"text\": \" Nothing, not a single thing reported.\", \"tokens\": [51656, 6693, 11, 406, 257, 2167, 551, 7055, 13, 51770], \"temperature\": 0.0, \"avg_logprob\": -0.20797806978225708, \"compression_ratio\": 1.7317073345184326, \"no_speech_prob\": 0.00015356029325630516}, {\"id\": 34, \"seek\": 2844, \"start\": 56.560001373291016, \"end\": 58.119998931884766, \"text\": \" It's crazy, man.\", \"tokens\": [51770, 467, 311, 3219, 11, 587, 13, 51848], \"temperature\": 0.0, \"avg_logprob\": -0.20797806978225708, \"compression_ratio\": 1.7317073345184326, \"no_speech_prob\": 0.00015356029325630516}, {\"id\": 35, \"seek\": 5812, \"start\": 58.91999816894531, \"end\": 60.880001068115234, \"text\": \" One of the strange is that if I'm wrong,\", \"tokens\": [50404, 1485, 295, 264, 5861, 307, 300, 498, 286, 478, 2085, 11, 50502], \"temperature\": 0.0, \"avg_logprob\": -0.21200436353683472, \"compression_ratio\": 1.7598869800567627, \"no_speech_prob\": 0.0004802904441021383}, {\"id\": 36, \"seek\": 5812, \"start\": 60.880001068115234, \"end\": 62.439998626708984, \"text\": \" go prove that I'm wrong, I'm not.\", \"tokens\": [50502, 352, 7081, 300, 286, 478, 2085, 11, 286, 478, 406, 13, 50580], \"temperature\": 0.0, \"avg_logprob\": -0.21200436353683472, \"compression_ratio\": 1.7598869800567627, \"no_speech_prob\": 0.0004802904441021383}, {\"id\": 37, \"seek\": 5812, \"start\": 62.439998626708984, \"end\": 64.19999694824219, \"text\": \" Like that's essentially what's going on.\", \"tokens\": [50580, 1743, 300, 311, 4476, 437, 311, 516, 322, 13, 50668], \"temperature\": 0.0, \"avg_logprob\": -0.21200436353683472, \"compression_ratio\": 1.7598869800567627, \"no_speech_prob\": 0.0004802904441021383}, {\"id\": 38, \"seek\": 5812, \"start\": 64.19999694824219, \"end\": 66.08000183105469, \"text\": \" But I think what happens is also,\", \"tokens\": [50668, 583, 286, 519, 437, 2314, 307, 611, 11, 50762], \"temperature\": 0.0, \"avg_logprob\": -0.21200436353683472, \"compression_ratio\": 1.7598869800567627, \"no_speech_prob\": 0.0004802904441021383}, {\"id\": 39, \"seek\": 5812, \"start\": 66.08000183105469, \"end\": 67.44000244140625, \"text\": \" if you looked prepubescent,\", \"tokens\": [50762, 498, 291, 2956, 2666, 836, 279, 2207, 11, 50830], \"temperature\": 0.0, \"avg_logprob\": -0.21200436353683472, \"compression_ratio\": 1.7598869800567627, \"no_speech_prob\": 0.0004802904441021383}, {\"id\": 40, \"seek\": 5812, \"start\": 67.44000244140625, \"end\": 69.12000274658203, \"text\": \" they wouldn't take your account down either.\", \"tokens\": [50830, 436, 2759, 380, 747, 428, 2696, 760, 2139, 13, 50914], \"temperature\": 0.0, \"avg_logprob\": -0.21200436353683472, \"compression_ratio\": 1.7598869800567627, \"no_speech_prob\": 0.0004802904441021383}, {\"id\": 41, \"seek\": 5812, \"start\": 69.12000274658203, \"end\": 71.83999633789062, \"text\": \" If you look like you haven't gone through puberty,\", \"tokens\": [50914, 759, 291, 574, 411, 291, 2378, 380, 2780, 807, 2362, 48501, 11, 51050], \"temperature\": 0.0, \"avg_logprob\": -0.21200436353683472, \"compression_ratio\": 1.7598869800567627, \"no_speech_prob\": 0.0004802904441021383}, {\"id\": 42, \"seek\": 5812, \"start\": 71.83999633789062, \"end\": 73.80000305175781, \"text\": \" TikTok has no problem promoting you\", \"tokens\": [51050, 20211, 575, 572, 1154, 16383, 291, 51148], \"temperature\": 0.0, \"avg_logprob\": -0.21200436353683472, \"compression_ratio\": 1.7598869800567627, \"no_speech_prob\": 0.0004802904441021383}, {\"id\": 43, \"seek\": 5812, \"start\": 73.80000305175781, \"end\": 75.31999969482422, \"text\": \" and Daisy Dukes dancing around.\", \"tokens\": [51148, 293, 37472, 413, 2034, 279, 8898, 926, 13, 51224], \"temperature\": 0.0, \"avg_logprob\": -0.21200436353683472, \"compression_ratio\": 1.7598869800567627, \"no_speech_prob\": 0.0004802904441021383}, {\"id\": 44, \"seek\": 5812, \"start\": 75.31999969482422, \"end\": 76.5199966430664, \"text\": \" But as soon as you have boobs\", \"tokens\": [51224, 583, 382, 2321, 382, 291, 362, 40439, 51284], \"temperature\": 0.0, \"avg_logprob\": -0.21200436353683472, \"compression_ratio\": 1.7598869800567627, \"no_speech_prob\": 0.0004802904441021383}, {\"id\": 45, \"seek\": 5812, \"start\": 76.5199966430664, \"end\": 78.55999755859375, \"text\": \" and look like a woman that can breed and have children,\", \"tokens\": [51284, 293, 574, 411, 257, 3059, 300, 393, 18971, 293, 362, 2227, 11, 51386], \"temperature\": 0.0, \"avg_logprob\": -0.21200436353683472, \"compression_ratio\": 1.7598869800567627, \"no_speech_prob\": 0.0004802904441021383}, {\"id\": 46, \"seek\": 5812, \"start\": 78.55999755859375, \"end\": 81.4000015258789, \"text\": \" done, we're gonna take you off the platform.\", \"tokens\": [51386, 1096, 11, 321, 434, 799, 747, 291, 766, 264, 3663, 13, 51528], \"temperature\": 0.0, \"avg_logprob\": -0.21200436353683472, \"compression_ratio\": 1.7598869800567627, \"no_speech_prob\": 0.0004802904441021383}, {\"id\": 47, \"seek\": 5812, \"start\": 81.4000015258789, \"end\": 82.23999786376953, \"text\": \" I've said this before,\", \"tokens\": [51528, 286, 600, 848, 341, 949, 11, 51570], \"temperature\": 0.0, \"avg_logprob\": -0.21200436353683472, \"compression_ratio\": 1.7598869800567627, \"no_speech_prob\": 0.0004802904441021383}, {\"id\": 48, \"seek\": 5812, \"start\": 82.23999786376953, \"end\": 84.5199966430664, \"text\": \" these social media companies hate women more than anyone.\", \"tokens\": [51570, 613, 2093, 3021, 3431, 4700, 2266, 544, 813, 2878, 13, 51684], \"temperature\": 0.0, \"avg_logprob\": -0.21200436353683472, \"compression_ratio\": 1.7598869800567627, \"no_speech_prob\": 0.0004802904441021383}, {\"id\": 49, \"seek\": 5812, \"start\": 84.5199966430664, \"end\": 85.91999816894531, \"text\": \" If you want to talk about misogyny,\", \"tokens\": [51684, 759, 291, 528, 281, 751, 466, 3346, 7794, 1634, 11, 51754], \"temperature\": 0.0, \"avg_logprob\": -0.21200436353683472, \"compression_ratio\": 1.7598869800567627, \"no_speech_prob\": 0.0004802904441021383}, {\"id\": 50, \"seek\": 5812, \"start\": 85.91999816894531, \"end\": 87.27999877929688, \"text\": \" there is no one in the manosphere\", \"tokens\": [51754, 456, 307, 572, 472, 294, 264, 587, 44877, 51822], \"temperature\": 0.0, \"avg_logprob\": -0.21200436353683472, \"compression_ratio\": 1.7598869800567627, \"no_speech_prob\": 0.0004802904441021383}, {\"id\": 51, \"seek\": 8728, \"start\": 87.27999877929688, \"end\": 89.27999877929688, \"text\": \" or red pill who hates women more than Instagram.\", \"tokens\": [50364, 420, 2182, 8100, 567, 23000, 2266, 544, 813, 5281, 13, 50464], \"temperature\": 0.0, \"avg_logprob\": -0.2172272801399231, \"compression_ratio\": 1.7529761791229248, \"no_speech_prob\": 0.008985213935375214}, {\"id\": 52, \"seek\": 8728, \"start\": 89.27999877929688, \"end\": 90.36000061035156, \"text\": \" Like Instagram is like,\", \"tokens\": [50464, 1743, 5281, 307, 411, 11, 50518], \"temperature\": 0.0, \"avg_logprob\": -0.2172272801399231, \"compression_ratio\": 1.7529761791229248, \"no_speech_prob\": 0.008985213935375214}, {\"id\": 53, \"seek\": 8728, \"start\": 90.36000061035156, \"end\": 92.83999633789062, \"text\": \" hey, you guys wanted to make a living using our platform?\", \"tokens\": [50518, 4177, 11, 291, 1074, 1415, 281, 652, 257, 2647, 1228, 527, 3663, 30, 50642], \"temperature\": 0.0, \"avg_logprob\": -0.2172272801399231, \"compression_ratio\": 1.7529761791229248, \"no_speech_prob\": 0.008985213935375214}, {\"id\": 54, \"seek\": 8728, \"start\": 92.83999633789062, \"end\": 94.31999969482422, \"text\": \" Thank you, you helped us grow our platform.\", \"tokens\": [50642, 1044, 291, 11, 291, 4254, 505, 1852, 527, 3663, 13, 50716], \"temperature\": 0.0, \"avg_logprob\": -0.2172272801399231, \"compression_ratio\": 1.7529761791229248, \"no_speech_prob\": 0.008985213935375214}, {\"id\": 55, \"seek\": 8728, \"start\": 94.31999969482422, \"end\": 95.55999755859375, \"text\": \" Now fuck all of you.\", \"tokens\": [50716, 823, 3275, 439, 295, 291, 13, 50778], \"temperature\": 0.0, \"avg_logprob\": -0.2172272801399231, \"compression_ratio\": 1.7529761791229248, \"no_speech_prob\": 0.008985213935375214}, {\"id\": 56, \"seek\": 8728, \"start\": 95.55999755859375, \"end\": 97.27999877929688, \"text\": \" Now we're gonna take away all of your accounts\", \"tokens\": [50778, 823, 321, 434, 799, 747, 1314, 439, 295, 428, 9402, 50864], \"temperature\": 0.0, \"avg_logprob\": -0.2172272801399231, \"compression_ratio\": 1.7529761791229248, \"no_speech_prob\": 0.008985213935375214}, {\"id\": 57, \"seek\": 8728, \"start\": 97.27999877929688, \"end\": 98.44000244140625, \"text\": \" and anything that you state.\", \"tokens\": [50864, 293, 1340, 300, 291, 1785, 13, 50922], \"temperature\": 0.0, \"avg_logprob\": -0.2172272801399231, \"compression_ratio\": 1.7529761791229248, \"no_speech_prob\": 0.008985213935375214}, {\"id\": 58, \"seek\": 8728, \"start\": 98.44000244140625, \"end\": 99.83999633789062, \"text\": \" And like, it's one of these situations\", \"tokens\": [50922, 400, 411, 11, 309, 311, 472, 295, 613, 6851, 50992], \"temperature\": 0.0, \"avg_logprob\": -0.2172272801399231, \"compression_ratio\": 1.7529761791229248, \"no_speech_prob\": 0.008985213935375214}, {\"id\": 59, \"seek\": 8728, \"start\": 99.83999633789062, \"end\": 102.63999938964844, \"text\": \" where it's like such incredible hypocrisy\", \"tokens\": [50992, 689, 309, 311, 411, 1270, 4651, 39419, 14169, 51132], \"temperature\": 0.0, \"avg_logprob\": -0.2172272801399231, \"compression_ratio\": 1.7529761791229248, \"no_speech_prob\": 0.008985213935375214}, {\"id\": 60, \"seek\": 8728, \"start\": 102.63999938964844, \"end\": 104.68000030517578, \"text\": \" that nobody wants to call them out on.\", \"tokens\": [51132, 300, 5079, 2738, 281, 818, 552, 484, 322, 13, 51234], \"temperature\": 0.0, \"avg_logprob\": -0.2172272801399231, \"compression_ratio\": 1.7529761791229248, \"no_speech_prob\": 0.008985213935375214}, {\"id\": 61, \"seek\": 8728, \"start\": 104.68000030517578, \"end\": 107.0, \"text\": \" Because I watch, like I'm not stupid enough,\", \"tokens\": [51234, 1436, 286, 1159, 11, 411, 286, 478, 406, 6631, 1547, 11, 51350], \"temperature\": 0.0, \"avg_logprob\": -0.2172272801399231, \"compression_ratio\": 1.7529761791229248, \"no_speech_prob\": 0.008985213935375214}, {\"id\": 62, \"seek\": 8728, \"start\": 107.0, \"end\": 110.5199966430664, \"text\": \" I'm not so young to forget what Instagram used to be like\", \"tokens\": [51350, 286, 478, 406, 370, 2037, 281, 2870, 437, 5281, 1143, 281, 312, 411, 51526], \"temperature\": 0.0, \"avg_logprob\": -0.2172272801399231, \"compression_ratio\": 1.7529761791229248, \"no_speech_prob\": 0.008985213935375214}, {\"id\": 63, \"seek\": 8728, \"start\": 110.5199966430664, \"end\": 111.83999633789062, \"text\": \" and now what it's like now.\", \"tokens\": [51526, 293, 586, 437, 309, 311, 411, 586, 13, 51592], \"temperature\": 0.0, \"avg_logprob\": -0.2172272801399231, \"compression_ratio\": 1.7529761791229248, \"no_speech_prob\": 0.008985213935375214}, {\"id\": 64, \"seek\": 8728, \"start\": 111.83999633789062, \"end\": 114.4000015258789, \"text\": \" I mean, don't you have to be 18 to have an Instagram?\", \"tokens\": [51592, 286, 914, 11, 500, 380, 291, 362, 281, 312, 2443, 281, 362, 364, 5281, 30, 51720], \"temperature\": 0.0, \"avg_logprob\": -0.2172272801399231, \"compression_ratio\": 1.7529761791229248, \"no_speech_prob\": 0.008985213935375214}, {\"id\": 65, \"seek\": 8728, \"start\": 114.4000015258789, \"end\": 115.55999755859375, \"text\": \" 13, I think.\", \"tokens\": [51720, 3705, 11, 286, 519, 13, 51778], \"temperature\": 0.0, \"avg_logprob\": -0.2172272801399231, \"compression_ratio\": 1.7529761791229248, \"no_speech_prob\": 0.008985213935375214}, {\"id\": 66, \"seek\": 11556, \"start\": 115.55999755859375, \"end\": 116.4000015258789, \"text\": \" Did they change it?\", \"tokens\": [50364, 2589, 436, 1319, 309, 30, 50406], \"temperature\": 0.0, \"avg_logprob\": -0.25070101022720337, \"compression_ratio\": 1.7264705896377563, \"no_speech_prob\": 0.00028240654501132667}, {\"id\": 67, \"seek\": 11556, \"start\": 116.4000015258789, \"end\": 117.5999984741211, \"text\": \" Because didn't it used to be 18?\", \"tokens\": [50406, 1436, 994, 380, 309, 1143, 281, 312, 2443, 30, 50466], \"temperature\": 0.0, \"avg_logprob\": -0.25070101022720337, \"compression_ratio\": 1.7264705896377563, \"no_speech_prob\": 0.00028240654501132667}, {\"id\": 68, \"seek\": 11556, \"start\": 117.5999984741211, \"end\": 118.44000244140625, \"text\": \" I don't think it was 18.\", \"tokens\": [50466, 286, 500, 380, 519, 309, 390, 2443, 13, 50508], \"temperature\": 0.0, \"avg_logprob\": -0.25070101022720337, \"compression_ratio\": 1.7264705896377563, \"no_speech_prob\": 0.00028240654501132667}, {\"id\": 69, \"seek\": 11556, \"start\": 118.44000244140625, \"end\": 120.80000305175781, \"text\": \" They should just create a platform where it's 18 and up.\", \"tokens\": [50508, 814, 820, 445, 1884, 257, 3663, 689, 309, 311, 2443, 293, 493, 13, 50626], \"temperature\": 0.0, \"avg_logprob\": -0.25070101022720337, \"compression_ratio\": 1.7264705896377563, \"no_speech_prob\": 0.00028240654501132667}, {\"id\": 70, \"seek\": 11556, \"start\": 120.80000305175781, \"end\": 124.23999786376953, \"text\": \" That way the whole like, oh, this is indecent.\", \"tokens\": [50626, 663, 636, 264, 1379, 411, 11, 1954, 11, 341, 307, 24162, 2207, 13, 50798], \"temperature\": 0.0, \"avg_logprob\": -0.25070101022720337, \"compression_ratio\": 1.7264705896377563, \"no_speech_prob\": 0.00028240654501132667}, {\"id\": 71, \"seek\": 11556, \"start\": 124.23999786376953, \"end\": 125.44000244140625, \"text\": \" This kind of photo is indecent.\", \"tokens\": [50798, 639, 733, 295, 5052, 307, 24162, 2207, 13, 50858], \"temperature\": 0.0, \"avg_logprob\": -0.25070101022720337, \"compression_ratio\": 1.7264705896377563, \"no_speech_prob\": 0.00028240654501132667}, {\"id\": 72, \"seek\": 11556, \"start\": 125.44000244140625, \"end\": 126.95999908447266, \"text\": \" Not to say that you can post porn,\", \"tokens\": [50858, 1726, 281, 584, 300, 291, 393, 2183, 19444, 11, 50934], \"temperature\": 0.0, \"avg_logprob\": -0.25070101022720337, \"compression_ratio\": 1.7264705896377563, \"no_speech_prob\": 0.00028240654501132667}, {\"id\": 73, \"seek\": 11556, \"start\": 126.95999908447266, \"end\": 130.36000061035156, \"text\": \" but just like not so much shit can be classified\", \"tokens\": [50934, 457, 445, 411, 406, 370, 709, 4611, 393, 312, 20627, 51104], \"temperature\": 0.0, \"avg_logprob\": -0.25070101022720337, \"compression_ratio\": 1.7264705896377563, \"no_speech_prob\": 0.00028240654501132667}, {\"id\": 74, \"seek\": 11556, \"start\": 130.36000061035156, \"end\": 131.55999755859375, \"text\": \" as community guidelines.\", \"tokens\": [51104, 382, 1768, 12470, 13, 51164], \"temperature\": 0.0, \"avg_logprob\": -0.25070101022720337, \"compression_ratio\": 1.7264705896377563, \"no_speech_prob\": 0.00028240654501132667}, {\"id\": 75, \"seek\": 11556, \"start\": 131.55999755859375, \"end\": 134.0, \"text\": \" Because now you're going on this specific platform\", \"tokens\": [51164, 1436, 586, 291, 434, 516, 322, 341, 2685, 3663, 51286], \"temperature\": 0.0, \"avg_logprob\": -0.25070101022720337, \"compression_ratio\": 1.7264705896377563, \"no_speech_prob\": 0.00028240654501132667}, {\"id\": 76, \"seek\": 11556, \"start\": 134.0, \"end\": 135.27999877929688, \"text\": \" for this kind of content.\", \"tokens\": [51286, 337, 341, 733, 295, 2701, 13, 51350], \"temperature\": 0.0, \"avg_logprob\": -0.25070101022720337, \"compression_ratio\": 1.7264705896377563, \"no_speech_prob\": 0.00028240654501132667}, {\"id\": 77, \"seek\": 11556, \"start\": 135.27999877929688, \"end\": 136.27999877929688, \"text\": \" No, it's not though.\", \"tokens\": [51350, 883, 11, 309, 311, 406, 1673, 13, 51400], \"temperature\": 0.0, \"avg_logprob\": -0.25070101022720337, \"compression_ratio\": 1.7264705896377563, \"no_speech_prob\": 0.00028240654501132667}, {\"id\": 78, \"seek\": 11556, \"start\": 136.27999877929688, \"end\": 138.63999938964844, \"text\": \" It's incels and like fundamentalist,\", \"tokens\": [51400, 467, 311, 834, 1625, 293, 411, 8088, 468, 11, 51518], \"temperature\": 0.0, \"avg_logprob\": -0.25070101022720337, \"compression_ratio\": 1.7264705896377563, \"no_speech_prob\": 0.00028240654501132667}, {\"id\": 79, \"seek\": 11556, \"start\": 138.63999938964844, \"end\": 140.1199951171875, \"text\": \" like fundamental religious people\", \"tokens\": [51518, 411, 8088, 7185, 561, 51592], \"temperature\": 0.0, \"avg_logprob\": -0.25070101022720337, \"compression_ratio\": 1.7264705896377563, \"no_speech_prob\": 0.00028240654501132667}, {\"id\": 80, \"seek\": 11556, \"start\": 140.1199951171875, \"end\": 141.83999633789062, \"text\": \" who see your content just report you.\", \"tokens\": [51592, 567, 536, 428, 2701, 445, 2275, 291, 13, 51678], \"temperature\": 0.0, \"avg_logprob\": -0.25070101022720337, \"compression_ratio\": 1.7264705896377563, \"no_speech_prob\": 0.00028240654501132667}, {\"id\": 81, \"seek\": 11556, \"start\": 141.83999633789062, \"end\": 143.55999755859375, \"text\": \" By the way, did you hear,\", \"tokens\": [51678, 3146, 264, 636, 11, 630, 291, 1568, 11, 51764], \"temperature\": 0.0, \"avg_logprob\": -0.25070101022720337, \"compression_ratio\": 1.7264705896377563, \"no_speech_prob\": 0.00028240654501132667}, {\"id\": 82, \"seek\": 11556, \"start\": 143.55999755859375, \"end\": 145.0399932861328, \"text\": \" you follow Dan Fleishman, yeah?\", \"tokens\": [51764, 291, 1524, 3394, 18612, 742, 1601, 11, 1338, 30, 51838], \"temperature\": 0.0, \"avg_logprob\": -0.25070101022720337, \"compression_ratio\": 1.7264705896377563, \"no_speech_prob\": 0.00028240654501132667}, {\"id\": 83, \"seek\": 14504, \"start\": 145.44000244140625, \"end\": 146.67999267578125, \"text\": \" Did you see that they're gonna start charging\", \"tokens\": [50384, 2589, 291, 536, 300, 436, 434, 799, 722, 11379, 50446], \"temperature\": 0.0, \"avg_logprob\": -0.22992558777332306, \"compression_ratio\": 1.9777777194976807, \"no_speech_prob\": 4.006341623608023e-05}, {\"id\": 84, \"seek\": 14504, \"start\": 146.67999267578125, \"end\": 148.32000732421875, \"text\": \" for verification?\", \"tokens\": [50446, 337, 30206, 30, 50528], \"temperature\": 0.0, \"avg_logprob\": -0.22992558777332306, \"compression_ratio\": 1.9777777194976807, \"no_speech_prob\": 4.006341623608023e-05}, {\"id\": 85, \"seek\": 14504, \"start\": 148.32000732421875, \"end\": 149.16000366210938, \"text\": \" On Instagram?\", \"tokens\": [50528, 1282, 5281, 30, 50570], \"temperature\": 0.0, \"avg_logprob\": -0.22992558777332306, \"compression_ratio\": 1.9777777194976807, \"no_speech_prob\": 4.006341623608023e-05}, {\"id\": 86, \"seek\": 14504, \"start\": 149.16000366210938, \"end\": 150.36000061035156, \"text\": \" On Twitter, on Twitter.\", \"tokens\": [50570, 1282, 5794, 11, 322, 5794, 13, 50630], \"temperature\": 0.0, \"avg_logprob\": -0.22992558777332306, \"compression_ratio\": 1.9777777194976807, \"no_speech_prob\": 4.006341623608023e-05}, {\"id\": 87, \"seek\": 14504, \"start\": 150.36000061035156, \"end\": 151.1999969482422, \"text\": \" I don't know if they're gonna do it on Twitter.\", \"tokens\": [50630, 286, 500, 380, 458, 498, 436, 434, 799, 360, 309, 322, 5794, 13, 50672], \"temperature\": 0.0, \"avg_logprob\": -0.22992558777332306, \"compression_ratio\": 1.9777777194976807, \"no_speech_prob\": 4.006341623608023e-05}, {\"id\": 88, \"seek\": 14504, \"start\": 151.1999969482422, \"end\": 152.60000610351562, \"text\": \" Oh, he was talking about Instagram.\", \"tokens\": [50672, 876, 11, 415, 390, 1417, 466, 5281, 13, 50742], \"temperature\": 0.0, \"avg_logprob\": -0.22992558777332306, \"compression_ratio\": 1.9777777194976807, \"no_speech_prob\": 4.006341623608023e-05}, {\"id\": 89, \"seek\": 14504, \"start\": 152.60000610351562, \"end\": 156.1199951171875, \"text\": \" Well, I know Elon is charging for verification on Twitter.\", \"tokens\": [50742, 1042, 11, 286, 458, 28498, 307, 11379, 337, 30206, 322, 5794, 13, 50918], \"temperature\": 0.0, \"avg_logprob\": -0.22992558777332306, \"compression_ratio\": 1.9777777194976807, \"no_speech_prob\": 4.006341623608023e-05}, {\"id\": 90, \"seek\": 14504, \"start\": 156.1199951171875, \"end\": 157.8000030517578, \"text\": \" If Instagram wants to charge for verification,\", \"tokens\": [50918, 759, 5281, 2738, 281, 4602, 337, 30206, 11, 51002], \"temperature\": 0.0, \"avg_logprob\": -0.22992558777332306, \"compression_ratio\": 1.9777777194976807, \"no_speech_prob\": 4.006341623608023e-05}, {\"id\": 91, \"seek\": 14504, \"start\": 157.8000030517578, \"end\": 159.72000122070312, \"text\": \" I mean, that would probably be a better,\", \"tokens\": [51002, 286, 914, 11, 300, 576, 1391, 312, 257, 1101, 11, 51098], \"temperature\": 0.0, \"avg_logprob\": -0.22992558777332306, \"compression_ratio\": 1.9777777194976807, \"no_speech_prob\": 4.006341623608023e-05}, {\"id\": 92, \"seek\": 14504, \"start\": 159.72000122070312, \"end\": 162.0, \"text\": \" more legitimate way than what they're doing now.\", \"tokens\": [51098, 544, 17956, 636, 813, 437, 436, 434, 884, 586, 13, 51212], \"temperature\": 0.0, \"avg_logprob\": -0.22992558777332306, \"compression_ratio\": 1.9777777194976807, \"no_speech_prob\": 4.006341623608023e-05}, {\"id\": 93, \"seek\": 14504, \"start\": 162.0, \"end\": 164.52000427246094, \"text\": \" He's, from what he was telling me yesterday,\", \"tokens\": [51212, 634, 311, 11, 490, 437, 415, 390, 3585, 385, 5186, 11, 51338], \"temperature\": 0.0, \"avg_logprob\": -0.22992558777332306, \"compression_ratio\": 1.9777777194976807, \"no_speech_prob\": 4.006341623608023e-05}, {\"id\": 94, \"seek\": 14504, \"start\": 164.52000427246094, \"end\": 166.32000732421875, \"text\": \" they want to start charging\", \"tokens\": [51338, 436, 528, 281, 722, 11379, 51428], \"temperature\": 0.0, \"avg_logprob\": -0.22992558777332306, \"compression_ratio\": 1.9777777194976807, \"no_speech_prob\": 4.006341623608023e-05}, {\"id\": 95, \"seek\": 14504, \"start\": 166.32000732421875, \"end\": 169.44000244140625, \"text\": \" because there's all these black market verification\", \"tokens\": [51428, 570, 456, 311, 439, 613, 2211, 2142, 30206, 51584], \"temperature\": 0.0, \"avg_logprob\": -0.22992558777332306, \"compression_ratio\": 1.9777777194976807, \"no_speech_prob\": 4.006341623608023e-05}, {\"id\": 96, \"seek\": 14504, \"start\": 169.44000244140625, \"end\": 171.27999877929688, \"text\": \" companies that will get you verified\", \"tokens\": [51584, 3431, 300, 486, 483, 291, 31197, 51676], \"temperature\": 0.0, \"avg_logprob\": -0.22992558777332306, \"compression_ratio\": 1.9777777194976807, \"no_speech_prob\": 4.006341623608023e-05}, {\"id\": 97, \"seek\": 14504, \"start\": 171.27999877929688, \"end\": 173.0399932861328, \"text\": \" and they're making millions of dollars\", \"tokens\": [51676, 293, 436, 434, 1455, 6803, 295, 3808, 51764], \"temperature\": 0.0, \"avg_logprob\": -0.22992558777332306, \"compression_ratio\": 1.9777777194976807, \"no_speech_prob\": 4.006341623608023e-05}, {\"id\": 98, \"seek\": 14504, \"start\": 173.0399932861328, \"end\": 174.72000122070312, \"text\": \" and Instagram's not seeing a dime of it.\", \"tokens\": [51764, 293, 5281, 311, 406, 2577, 257, 36330, 295, 309, 13, 51848], \"temperature\": 0.0, \"avg_logprob\": -0.22992558777332306, \"compression_ratio\": 1.9777777194976807, \"no_speech_prob\": 4.006341623608023e-05}, {\"id\": 99, \"seek\": 17472, \"start\": 175.39999389648438, \"end\": 176.60000610351562, \"text\": \" So now they want to start charging for it,\", \"tokens\": [50398, 407, 586, 436, 528, 281, 722, 11379, 337, 309, 11, 50458], \"temperature\": 0.0, \"avg_logprob\": -0.22186946868896484, \"compression_ratio\": 1.726726770401001, \"no_speech_prob\": 2.31874109886121e-05}, {\"id\": 100, \"seek\": 17472, \"start\": 176.60000610351562, \"end\": 179.72000122070312, \"text\": \" which if you want to charge for the verifications\", \"tokens\": [50458, 597, 498, 291, 528, 281, 4602, 337, 264, 1306, 7833, 50614], \"temperature\": 0.0, \"avg_logprob\": -0.22186946868896484, \"compression_ratio\": 1.726726770401001, \"no_speech_prob\": 2.31874109886121e-05}, {\"id\": 101, \"seek\": 17472, \"start\": 179.72000122070312, \"end\": 181.47999572753906, \"text\": \" that you already do for free, cool,\", \"tokens\": [50614, 300, 291, 1217, 360, 337, 1737, 11, 1627, 11, 50702], \"temperature\": 0.0, \"avg_logprob\": -0.22186946868896484, \"compression_ratio\": 1.726726770401001, \"no_speech_prob\": 2.31874109886121e-05}, {\"id\": 102, \"seek\": 17472, \"start\": 181.47999572753906, \"end\": 184.47999572753906, \"text\": \" but I would hope they still be vetted the same way.\", \"tokens\": [50702, 457, 286, 576, 1454, 436, 920, 312, 371, 46508, 264, 912, 636, 13, 50852], \"temperature\": 0.0, \"avg_logprob\": -0.22186946868896484, \"compression_ratio\": 1.726726770401001, \"no_speech_prob\": 2.31874109886121e-05}, {\"id\": 103, \"seek\": 17472, \"start\": 184.47999572753906, \"end\": 188.44000244140625, \"text\": \" Because if anybody can just pay $1,000 to get verified,\", \"tokens\": [50852, 1436, 498, 4472, 393, 445, 1689, 1848, 16, 11, 1360, 281, 483, 31197, 11, 51050], \"temperature\": 0.0, \"avg_logprob\": -0.22186946868896484, \"compression_ratio\": 1.726726770401001, \"no_speech_prob\": 2.31874109886121e-05}, {\"id\": 104, \"seek\": 17472, \"start\": 188.44000244140625, \"end\": 191.0399932861328, \"text\": \" then it's just like being able to buy a Birkin at Walmart.\", \"tokens\": [51050, 550, 309, 311, 445, 411, 885, 1075, 281, 2256, 257, 7145, 5843, 412, 25237, 13, 51180], \"temperature\": 0.0, \"avg_logprob\": -0.22186946868896484, \"compression_ratio\": 1.726726770401001, \"no_speech_prob\": 2.31874109886121e-05}, {\"id\": 105, \"seek\": 17472, \"start\": 191.0399932861328, \"end\": 191.8800048828125, \"text\": \" Would you really want it?\", \"tokens\": [51180, 6068, 291, 534, 528, 309, 30, 51222], \"temperature\": 0.0, \"avg_logprob\": -0.22186946868896484, \"compression_ratio\": 1.726726770401001, \"no_speech_prob\": 2.31874109886121e-05}, {\"id\": 106, \"seek\": 17472, \"start\": 191.8800048828125, \"end\": 195.39999389648438, \"text\": \" Would you really still spend 50K or plus on a Birkin\", \"tokens\": [51222, 6068, 291, 534, 920, 3496, 2625, 42, 420, 1804, 322, 257, 7145, 5843, 51398], \"temperature\": 0.0, \"avg_logprob\": -0.22186946868896484, \"compression_ratio\": 1.726726770401001, \"no_speech_prob\": 2.31874109886121e-05}, {\"id\": 107, \"seek\": 17472, \"start\": 195.39999389648438, \"end\": 196.67999267578125, \"text\": \" if you can get it at Walmart easily?\", \"tokens\": [51398, 498, 291, 393, 483, 309, 412, 25237, 3612, 30, 51462], \"temperature\": 0.0, \"avg_logprob\": -0.22186946868896484, \"compression_ratio\": 1.726726770401001, \"no_speech_prob\": 2.31874109886121e-05}, {\"id\": 108, \"seek\": 17472, \"start\": 196.67999267578125, \"end\": 198.0399932861328, \"text\": \" I don't even care about being verified now.\", \"tokens\": [51462, 286, 500, 380, 754, 1127, 466, 885, 31197, 586, 13, 51530], \"temperature\": 0.0, \"avg_logprob\": -0.22186946868896484, \"compression_ratio\": 1.726726770401001, \"no_speech_prob\": 2.31874109886121e-05}, {\"id\": 109, \"seek\": 17472, \"start\": 198.0399932861328, \"end\": 199.72000122070312, \"text\": \" I don't care about it either.\", \"tokens\": [51530, 286, 500, 380, 1127, 466, 309, 2139, 13, 51614], \"temperature\": 0.0, \"avg_logprob\": -0.22186946868896484, \"compression_ratio\": 1.726726770401001, \"no_speech_prob\": 2.31874109886121e-05}, {\"id\": 110, \"seek\": 17472, \"start\": 199.72000122070312, \"end\": 201.27999877929688, \"text\": \" We've gotten to the point now where I know\", \"tokens\": [51614, 492, 600, 5768, 281, 264, 935, 586, 689, 286, 458, 51692], \"temperature\": 0.0, \"avg_logprob\": -0.22186946868896484, \"compression_ratio\": 1.726726770401001, \"no_speech_prob\": 2.31874109886121e-05}, {\"id\": 111, \"seek\": 17472, \"start\": 201.27999877929688, \"end\": 204.1999969482422, \"text\": \" so many Forex traders and fucking scam artists\", \"tokens\": [51692, 370, 867, 9018, 87, 26014, 293, 5546, 26917, 6910, 51838], \"temperature\": 0.0, \"avg_logprob\": -0.22186946868896484, \"compression_ratio\": 1.726726770401001, \"no_speech_prob\": 2.31874109886121e-05}, {\"id\": 112, \"seek\": 20420, \"start\": 204.63999938964844, \"end\": 206.75999450683594, \"text\": \" that have blue check marks that I don't want one.\", \"tokens\": [50386, 300, 362, 3344, 1520, 10640, 300, 286, 500, 380, 528, 472, 13, 50492], \"temperature\": 0.0, \"avg_logprob\": -0.28045639395713806, \"compression_ratio\": 1.8070175647735596, \"no_speech_prob\": 0.0003740907704923302}, {\"id\": 113, \"seek\": 20420, \"start\": 206.75999450683594, \"end\": 208.0800018310547, \"text\": \" I've seen people with 200 followers\", \"tokens\": [50492, 286, 600, 1612, 561, 365, 2331, 13071, 50558], \"temperature\": 0.0, \"avg_logprob\": -0.28045639395713806, \"compression_ratio\": 1.8070175647735596, \"no_speech_prob\": 0.0003740907704923302}, {\"id\": 114, \"seek\": 20420, \"start\": 208.0800018310547, \"end\": 208.9199981689453, \"text\": \" that have a blue check mark.\", \"tokens\": [50558, 300, 362, 257, 3344, 1520, 1491, 13, 50600], \"temperature\": 0.0, \"avg_logprob\": -0.28045639395713806, \"compression_ratio\": 1.8070175647735596, \"no_speech_prob\": 0.0003740907704923302}, {\"id\": 115, \"seek\": 20420, \"start\": 208.9199981689453, \"end\": 209.75999450683594, \"text\": \" What does that do for you?\", \"tokens\": [50600, 708, 775, 300, 360, 337, 291, 30, 50642], \"temperature\": 0.0, \"avg_logprob\": -0.28045639395713806, \"compression_ratio\": 1.8070175647735596, \"no_speech_prob\": 0.0003740907704923302}, {\"id\": 116, \"seek\": 20420, \"start\": 209.75999450683594, \"end\": 211.72000122070312, \"text\": \" If I was a celebrity, I would actually ask\", \"tokens\": [50642, 759, 286, 390, 257, 18597, 11, 286, 576, 767, 1029, 50740], \"temperature\": 0.0, \"avg_logprob\": -0.28045639395713806, \"compression_ratio\": 1.8070175647735596, \"no_speech_prob\": 0.0003740907704923302}, {\"id\": 117, \"seek\": 20420, \"start\": 211.72000122070312, \"end\": 214.0, \"text\": \" to be unverified just to go against the grain,\", \"tokens\": [50740, 281, 312, 517, 331, 2587, 445, 281, 352, 1970, 264, 12837, 11, 50854], \"temperature\": 0.0, \"avg_logprob\": -0.28045639395713806, \"compression_ratio\": 1.8070175647735596, \"no_speech_prob\": 0.0003740907704923302}, {\"id\": 118, \"seek\": 20420, \"start\": 214.0, \"end\": 215.52000427246094, \"text\": \" just be like, hey man, I'm not gonna stand\", \"tokens\": [50854, 445, 312, 411, 11, 4177, 587, 11, 286, 478, 406, 799, 1463, 50930], \"temperature\": 0.0, \"avg_logprob\": -0.28045639395713806, \"compression_ratio\": 1.8070175647735596, \"no_speech_prob\": 0.0003740907704923302}, {\"id\": 119, \"seek\": 20420, \"start\": 215.52000427246094, \"end\": 216.63999938964844, \"text\": \" for the shit that you're doing.\", \"tokens\": [50930, 337, 264, 4611, 300, 291, 434, 884, 13, 50986], \"temperature\": 0.0, \"avg_logprob\": -0.28045639395713806, \"compression_ratio\": 1.8070175647735596, \"no_speech_prob\": 0.0003740907704923302}, {\"id\": 120, \"seek\": 20420, \"start\": 216.63999938964844, \"end\": 218.8800048828125, \"text\": \" How cool would it be if, that would be funny if it was a-\", \"tokens\": [50986, 1012, 1627, 576, 309, 312, 498, 11, 300, 576, 312, 4074, 498, 309, 390, 257, 12, 51098], \"temperature\": 0.0, \"avg_logprob\": -0.28045639395713806, \"compression_ratio\": 1.8070175647735596, \"no_speech_prob\": 0.0003740907704923302}, {\"id\": 121, \"seek\": 20420, \"start\": 218.8800048828125, \"end\": 219.72000122070312, \"text\": \" Rebel.\", \"tokens\": [51098, 48782, 13, 51140], \"temperature\": 0.0, \"avg_logprob\": -0.28045639395713806, \"compression_ratio\": 1.8070175647735596, \"no_speech_prob\": 0.0003740907704923302}, {\"id\": 122, \"seek\": 20420, \"start\": 219.72000122070312, \"end\": 220.8000030517578, \"text\": \" I don't want your blue check mark.\", \"tokens\": [51140, 286, 500, 380, 528, 428, 3344, 1520, 1491, 13, 51194], \"temperature\": 0.0, \"avg_logprob\": -0.28045639395713806, \"compression_ratio\": 1.8070175647735596, \"no_speech_prob\": 0.0003740907704923302}, {\"id\": 123, \"seek\": 20420, \"start\": 220.8000030517578, \"end\": 222.1999969482422, \"text\": \" LeBron was like, take away my blue check mark.\", \"tokens\": [51194, 1456, 33, 2044, 390, 411, 11, 747, 1314, 452, 3344, 1520, 1491, 13, 51264], \"temperature\": 0.0, \"avg_logprob\": -0.28045639395713806, \"compression_ratio\": 1.8070175647735596, \"no_speech_prob\": 0.0003740907704923302}, {\"id\": 124, \"seek\": 20420, \"start\": 222.1999969482422, \"end\": 223.0399932861328, \"text\": \" I don't want it anymore.\", \"tokens\": [51264, 286, 500, 380, 528, 309, 3602, 13, 51306], \"temperature\": 0.0, \"avg_logprob\": -0.28045639395713806, \"compression_ratio\": 1.8070175647735596, \"no_speech_prob\": 0.0003740907704923302}, {\"id\": 125, \"seek\": 20420, \"start\": 223.0399932861328, \"end\": 224.1999969482422, \"text\": \" And then, you know what I'm saying?\", \"tokens\": [51306, 400, 550, 11, 291, 458, 437, 286, 478, 1566, 30, 51364], \"temperature\": 0.0, \"avg_logprob\": -0.28045639395713806, \"compression_ratio\": 1.8070175647735596, \"no_speech_prob\": 0.0003740907704923302}, {\"id\": 126, \"seek\": 20420, \"start\": 224.1999969482422, \"end\": 226.0, \"text\": \" But it was still LeBron.\", \"tokens\": [51364, 583, 309, 390, 920, 1456, 33, 2044, 13, 51454], \"temperature\": 0.0, \"avg_logprob\": -0.28045639395713806, \"compression_ratio\": 1.8070175647735596, \"no_speech_prob\": 0.0003740907704923302}, {\"id\": 127, \"seek\": 20420, \"start\": 226.0, \"end\": 226.9199981689453, \"text\": \" So here's the other thing.\", \"tokens\": [51454, 407, 510, 311, 264, 661, 551, 13, 51500], \"temperature\": 0.0, \"avg_logprob\": -0.28045639395713806, \"compression_ratio\": 1.8070175647735596, \"no_speech_prob\": 0.0003740907704923302}, {\"id\": 128, \"seek\": 20420, \"start\": 226.9199981689453, \"end\": 228.75999450683594, \"text\": \" So you've lost several different accounts.\", \"tokens\": [51500, 407, 291, 600, 2731, 2940, 819, 9402, 13, 51592], \"temperature\": 0.0, \"avg_logprob\": -0.28045639395713806, \"compression_ratio\": 1.8070175647735596, \"no_speech_prob\": 0.0003740907704923302}, {\"id\": 129, \"seek\": 20420, \"start\": 228.75999450683594, \"end\": 230.0800018310547, \"text\": \" You've gone through the transition\", \"tokens\": [51592, 509, 600, 2780, 807, 264, 6034, 51658], \"temperature\": 0.0, \"avg_logprob\": -0.28045639395713806, \"compression_ratio\": 1.8070175647735596, \"no_speech_prob\": 0.0003740907704923302}, {\"id\": 130, \"seek\": 20420, \"start\": 230.0800018310547, \"end\": 231.0399932861328, \"text\": \" of how things have changed.\", \"tokens\": [51658, 295, 577, 721, 362, 3105, 13, 51706], \"temperature\": 0.0, \"avg_logprob\": -0.28045639395713806, \"compression_ratio\": 1.8070175647735596, \"no_speech_prob\": 0.0003740907704923302}, {\"id\": 131, \"seek\": 20420, \"start\": 231.0399932861328, \"end\": 233.0800018310547, \"text\": \" You see how these girls are making so much money\", \"tokens\": [51706, 509, 536, 577, 613, 4519, 366, 1455, 370, 709, 1460, 51808], \"temperature\": 0.0, \"avg_logprob\": -0.28045639395713806, \"compression_ratio\": 1.8070175647735596, \"no_speech_prob\": 0.0003740907704923302}, {\"id\": 132, \"seek\": 23308, \"start\": 233.0800018310547, \"end\": 234.52000427246094, \"text\": \" and then the transition to OnlyFans\", \"tokens\": [50364, 293, 550, 264, 6034, 281, 5686, 37, 599, 50436], \"temperature\": 0.0, \"avg_logprob\": -0.20552998781204224, \"compression_ratio\": 1.7885905504226685, \"no_speech_prob\": 0.00018813899077940732}, {\"id\": 133, \"seek\": 23308, \"start\": 234.52000427246094, \"end\": 236.36000061035156, \"text\": \" that happened during COVID\", \"tokens\": [50436, 300, 2011, 1830, 4566, 50528], \"temperature\": 0.0, \"avg_logprob\": -0.20552998781204224, \"compression_ratio\": 1.7885905504226685, \"no_speech_prob\": 0.00018813899077940732}, {\"id\": 134, \"seek\": 23308, \"start\": 236.36000061035156, \"end\": 238.36000061035156, \"text\": \" and how so many girls have done that.\", \"tokens\": [50528, 293, 577, 370, 867, 4519, 362, 1096, 300, 13, 50628], \"temperature\": 0.0, \"avg_logprob\": -0.20552998781204224, \"compression_ratio\": 1.7885905504226685, \"no_speech_prob\": 0.00018813899077940732}, {\"id\": 135, \"seek\": 23308, \"start\": 238.36000061035156, \"end\": 240.39999389648438, \"text\": \" What's so interesting to me is how it's changed\", \"tokens\": [50628, 708, 311, 370, 1880, 281, 385, 307, 577, 309, 311, 3105, 50730], \"temperature\": 0.0, \"avg_logprob\": -0.20552998781204224, \"compression_ratio\": 1.7885905504226685, \"no_speech_prob\": 0.00018813899077940732}, {\"id\": 136, \"seek\": 23308, \"start\": 240.39999389648438, \"end\": 243.24000549316406, \"text\": \" like the dating scene, how OnlyFans and Instagram\", \"tokens\": [50730, 411, 264, 10689, 4145, 11, 577, 5686, 37, 599, 293, 5281, 50872], \"temperature\": 0.0, \"avg_logprob\": -0.20552998781204224, \"compression_ratio\": 1.7885905504226685, \"no_speech_prob\": 0.00018813899077940732}, {\"id\": 137, \"seek\": 23308, \"start\": 243.24000549316406, \"end\": 244.8000030517578, \"text\": \" have changed the dating scene\", \"tokens\": [50872, 362, 3105, 264, 10689, 4145, 50950], \"temperature\": 0.0, \"avg_logprob\": -0.20552998781204224, \"compression_ratio\": 1.7885905504226685, \"no_speech_prob\": 0.00018813899077940732}, {\"id\": 138, \"seek\": 23308, \"start\": 244.8000030517578, \"end\": 246.0399932861328, \"text\": \" to where it's one of these things\", \"tokens\": [50950, 281, 689, 309, 311, 472, 295, 613, 721, 51012], \"temperature\": 0.0, \"avg_logprob\": -0.20552998781204224, \"compression_ratio\": 1.7885905504226685, \"no_speech_prob\": 0.00018813899077940732}, {\"id\": 139, \"seek\": 23308, \"start\": 246.0399932861328, \"end\": 248.83999633789062, \"text\": \" where a woman can make a ton of money\", \"tokens\": [51012, 689, 257, 3059, 393, 652, 257, 2952, 295, 1460, 51152], \"temperature\": 0.0, \"avg_logprob\": -0.20552998781204224, \"compression_ratio\": 1.7885905504226685, \"no_speech_prob\": 0.00018813899077940732}, {\"id\": 140, \"seek\": 23308, \"start\": 248.83999633789062, \"end\": 251.1199951171875, \"text\": \" from not even being that cute.\", \"tokens\": [51152, 490, 406, 754, 885, 300, 4052, 13, 51266], \"temperature\": 0.0, \"avg_logprob\": -0.20552998781204224, \"compression_ratio\": 1.7885905504226685, \"no_speech_prob\": 0.00018813899077940732}, {\"id\": 141, \"seek\": 23308, \"start\": 251.1199951171875, \"end\": 252.9199981689453, \"text\": \" You've seen a lot of girls make a shit ton of money\", \"tokens\": [51266, 509, 600, 1612, 257, 688, 295, 4519, 652, 257, 4611, 2952, 295, 1460, 51356], \"temperature\": 0.0, \"avg_logprob\": -0.20552998781204224, \"compression_ratio\": 1.7885905504226685, \"no_speech_prob\": 0.00018813899077940732}, {\"id\": 142, \"seek\": 23308, \"start\": 252.9199981689453, \"end\": 254.1199951171875, \"text\": \" and they're not even that pretty.\", \"tokens\": [51356, 293, 436, 434, 406, 754, 300, 1238, 13, 51416], \"temperature\": 0.0, \"avg_logprob\": -0.20552998781204224, \"compression_ratio\": 1.7885905504226685, \"no_speech_prob\": 0.00018813899077940732}, {\"id\": 143, \"seek\": 23308, \"start\": 254.1199951171875, \"end\": 256.3599853515625, \"text\": \" And then also on social media,\", \"tokens\": [51416, 400, 550, 611, 322, 2093, 3021, 11, 51528], \"temperature\": 0.0, \"avg_logprob\": -0.20552998781204224, \"compression_ratio\": 1.7885905504226685, \"no_speech_prob\": 0.00018813899077940732}, {\"id\": 144, \"seek\": 23308, \"start\": 256.3599853515625, \"end\": 260.9599914550781, \"text\": \" having access to like unlimited high status men\", \"tokens\": [51528, 1419, 2105, 281, 411, 21950, 1090, 6558, 1706, 51758], \"temperature\": 0.0, \"avg_logprob\": -0.20552998781204224, \"compression_ratio\": 1.7885905504226685, \"no_speech_prob\": 0.00018813899077940732}, {\"id\": 145, \"seek\": 23308, \"start\": 260.9599914550781, \"end\": 262.8800048828125, \"text\": \" and then being confused by the idea.\", \"tokens\": [51758, 293, 550, 885, 9019, 538, 264, 1558, 13, 51854], \"temperature\": 0.0, \"avg_logprob\": -0.20552998781204224, \"compression_ratio\": 1.7885905504226685, \"no_speech_prob\": 0.00018813899077940732}, {\"id\": 146, \"seek\": 26288, \"start\": 263.4800109863281, \"end\": 266.8399963378906, \"text\": \" Because this NBA power forward guy in my DMs,\", \"tokens\": [50394, 1436, 341, 23890, 1347, 2128, 2146, 294, 452, 15322, 82, 11, 50562], \"temperature\": 0.0, \"avg_logprob\": -0.24991175532341003, \"compression_ratio\": 1.634228229522705, \"no_speech_prob\": 2.392323949607089e-05}, {\"id\": 147, \"seek\": 26288, \"start\": 266.8399963378906, \"end\": 268.3999938964844, \"text\": \" therefore I'm gonna be in a relationship with them.\", \"tokens\": [50562, 4412, 286, 478, 799, 312, 294, 257, 2480, 365, 552, 13, 50640], \"temperature\": 0.0, \"avg_logprob\": -0.24991175532341003, \"compression_ratio\": 1.634228229522705, \"no_speech_prob\": 2.392323949607089e-05}, {\"id\": 148, \"seek\": 26288, \"start\": 268.3999938964844, \"end\": 269.2799987792969, \"text\": \" Have you seen this?\", \"tokens\": [50640, 3560, 291, 1612, 341, 30, 50684], \"temperature\": 0.0, \"avg_logprob\": -0.24991175532341003, \"compression_ratio\": 1.634228229522705, \"no_speech_prob\": 2.392323949607089e-05}, {\"id\": 149, \"seek\": 26288, \"start\": 269.2799987792969, \"end\": 270.32000732421875, \"text\": \" You understand what I'm talking about?\", \"tokens\": [50684, 509, 1223, 437, 286, 478, 1417, 466, 30, 50736], \"temperature\": 0.0, \"avg_logprob\": -0.24991175532341003, \"compression_ratio\": 1.634228229522705, \"no_speech_prob\": 2.392323949607089e-05}, {\"id\": 150, \"seek\": 26288, \"start\": 270.32000732421875, \"end\": 272.4800109863281, \"text\": \" I've seen like a TikTok where this girl says,\", \"tokens\": [50736, 286, 600, 1612, 411, 257, 20211, 689, 341, 2013, 1619, 11, 50844], \"temperature\": 0.0, \"avg_logprob\": -0.24991175532341003, \"compression_ratio\": 1.634228229522705, \"no_speech_prob\": 2.392323949607089e-05}, {\"id\": 151, \"seek\": 26288, \"start\": 272.4800109863281, \"end\": 274.6400146484375, \"text\": \" I make a million dollars a month\", \"tokens\": [50844, 286, 652, 257, 2459, 3808, 257, 1618, 50952], \"temperature\": 0.0, \"avg_logprob\": -0.24991175532341003, \"compression_ratio\": 1.634228229522705, \"no_speech_prob\": 2.392323949607089e-05}, {\"id\": 152, \"seek\": 26288, \"start\": 274.6400146484375, \"end\": 277.32000732421875, \"text\": \" by doing my spicy website.\", \"tokens\": [50952, 538, 884, 452, 9127, 3144, 13, 51086], \"temperature\": 0.0, \"avg_logprob\": -0.24991175532341003, \"compression_ratio\": 1.634228229522705, \"no_speech_prob\": 2.392323949607089e-05}, {\"id\": 153, \"seek\": 26288, \"start\": 277.32000732421875, \"end\": 279.8800048828125, \"text\": \" And she's, I feel bad saying this,\", \"tokens\": [51086, 400, 750, 311, 11, 286, 841, 1578, 1566, 341, 11, 51214], \"temperature\": 0.0, \"avg_logprob\": -0.24991175532341003, \"compression_ratio\": 1.634228229522705, \"no_speech_prob\": 2.392323949607089e-05}, {\"id\": 154, \"seek\": 26288, \"start\": 279.8800048828125, \"end\": 282.4800109863281, \"text\": \" in my opinion, not remotely.\", \"tokens\": [51214, 294, 452, 4800, 11, 406, 20824, 13, 51344], \"temperature\": 0.0, \"avg_logprob\": -0.24991175532341003, \"compression_ratio\": 1.634228229522705, \"no_speech_prob\": 2.392323949607089e-05}, {\"id\": 155, \"seek\": 26288, \"start\": 282.4800109863281, \"end\": 283.32000732421875, \"text\": \" Attractive.\", \"tokens\": [51344, 7298, 1897, 488, 13, 51386], \"temperature\": 0.0, \"avg_logprob\": -0.24991175532341003, \"compression_ratio\": 1.634228229522705, \"no_speech_prob\": 2.392323949607089e-05}, {\"id\": 156, \"seek\": 26288, \"start\": 283.32000732421875, \"end\": 285.0400085449219, \"text\": \" In my opinion, not my taste.\", \"tokens\": [51386, 682, 452, 4800, 11, 406, 452, 3939, 13, 51472], \"temperature\": 0.0, \"avg_logprob\": -0.24991175532341003, \"compression_ratio\": 1.634228229522705, \"no_speech_prob\": 2.392323949607089e-05}, {\"id\": 157, \"seek\": 26288, \"start\": 285.0400085449219, \"end\": 286.6400146484375, \"text\": \" And the comments, if you look,\", \"tokens\": [51472, 400, 264, 3053, 11, 498, 291, 574, 11, 51552], \"temperature\": 0.0, \"avg_logprob\": -0.24991175532341003, \"compression_ratio\": 1.634228229522705, \"no_speech_prob\": 2.392323949607089e-05}, {\"id\": 158, \"seek\": 26288, \"start\": 286.6400146484375, \"end\": 289.20001220703125, \"text\": \" all those videos that she posts on TikTok go viral.\", \"tokens\": [51552, 439, 729, 2145, 300, 750, 12300, 322, 20211, 352, 16132, 13, 51680], \"temperature\": 0.0, \"avg_logprob\": -0.24991175532341003, \"compression_ratio\": 1.634228229522705, \"no_speech_prob\": 2.392323949607089e-05}, {\"id\": 159, \"seek\": 26288, \"start\": 289.20001220703125, \"end\": 290.6000061035156, \"text\": \" And every single comment's the same.\", \"tokens\": [51680, 400, 633, 2167, 2871, 311, 264, 912, 13, 51750], \"temperature\": 0.0, \"avg_logprob\": -0.24991175532341003, \"compression_ratio\": 1.634228229522705, \"no_speech_prob\": 2.392323949607089e-05}, {\"id\": 160, \"seek\": 29060, \"start\": 290.6000061035156, \"end\": 291.760009765625, \"text\": \" It's like, yeah, right.\", \"tokens\": [50364, 467, 311, 411, 11, 1338, 11, 558, 13, 50422], \"temperature\": 0.0, \"avg_logprob\": -0.27631261944770813, \"compression_ratio\": 1.731292486190796, \"no_speech_prob\": 0.00026947646983899176}, {\"id\": 161, \"seek\": 29060, \"start\": 291.760009765625, \"end\": 293.0, \"text\": \" Who's paying to see your stuff?\", \"tokens\": [50422, 2102, 311, 6229, 281, 536, 428, 1507, 30, 50484], \"temperature\": 0.0, \"avg_logprob\": -0.27631261944770813, \"compression_ratio\": 1.731292486190796, \"no_speech_prob\": 0.00026947646983899176}, {\"id\": 162, \"seek\": 29060, \"start\": 293.0, \"end\": 295.5199890136719, \"text\": \" She lives, I think, in like Alaska\", \"tokens\": [50484, 1240, 2909, 11, 286, 519, 11, 294, 411, 19553, 50610], \"temperature\": 0.0, \"avg_logprob\": -0.27631261944770813, \"compression_ratio\": 1.731292486190796, \"no_speech_prob\": 0.00026947646983899176}, {\"id\": 163, \"seek\": 29060, \"start\": 295.5199890136719, \"end\": 296.8399963378906, \"text\": \" and she lives in an igloo.\", \"tokens\": [50610, 293, 750, 2909, 294, 364, 8508, 38511, 13, 50676], \"temperature\": 0.0, \"avg_logprob\": -0.27631261944770813, \"compression_ratio\": 1.731292486190796, \"no_speech_prob\": 0.00026947646983899176}, {\"id\": 164, \"seek\": 29060, \"start\": 296.8399963378906, \"end\": 300.1199951171875, \"text\": \" So I think her content is her doing\", \"tokens\": [50676, 407, 286, 519, 720, 2701, 307, 720, 884, 50840], \"temperature\": 0.0, \"avg_logprob\": -0.27631261944770813, \"compression_ratio\": 1.731292486190796, \"no_speech_prob\": 0.00026947646983899176}, {\"id\": 165, \"seek\": 29060, \"start\": 300.1199951171875, \"end\": 301.9200134277344, \"text\": \" either soft core or hard core porn\", \"tokens\": [50840, 2139, 2787, 4965, 420, 1152, 4965, 19444, 50930], \"temperature\": 0.0, \"avg_logprob\": -0.27631261944770813, \"compression_ratio\": 1.731292486190796, \"no_speech_prob\": 0.00026947646983899176}, {\"id\": 166, \"seek\": 29060, \"start\": 301.9200134277344, \"end\": 303.760009765625, \"text\": \" inside of ice igloos.\", \"tokens\": [50930, 1854, 295, 4435, 8508, 752, 329, 13, 51022], \"temperature\": 0.0, \"avg_logprob\": -0.27631261944770813, \"compression_ratio\": 1.731292486190796, \"no_speech_prob\": 0.00026947646983899176}, {\"id\": 167, \"seek\": 29060, \"start\": 303.760009765625, \"end\": 304.6000061035156, \"text\": \" So that might be.\", \"tokens\": [51022, 407, 300, 1062, 312, 13, 51064], \"temperature\": 0.0, \"avg_logprob\": -0.27631261944770813, \"compression_ratio\": 1.731292486190796, \"no_speech_prob\": 0.00026947646983899176}, {\"id\": 168, \"seek\": 29060, \"start\": 304.6000061035156, \"end\": 305.44000244140625, \"text\": \" I will subscribe to that.\", \"tokens\": [51064, 286, 486, 3022, 281, 300, 13, 51106], \"temperature\": 0.0, \"avg_logprob\": -0.27631261944770813, \"compression_ratio\": 1.731292486190796, \"no_speech_prob\": 0.00026947646983899176}, {\"id\": 169, \"seek\": 29060, \"start\": 305.44000244140625, \"end\": 306.2799987792969, \"text\": \" I will go ahead and subscribe to that.\", \"tokens\": [51106, 286, 486, 352, 2286, 293, 3022, 281, 300, 13, 51148], \"temperature\": 0.0, \"avg_logprob\": -0.27631261944770813, \"compression_ratio\": 1.731292486190796, \"no_speech_prob\": 0.00026947646983899176}, {\"id\": 170, \"seek\": 29060, \"start\": 306.2799987792969, \"end\": 308.0799865722656, \"text\": \" Maybe that might be her niche or whatever that she's doing.\", \"tokens\": [51148, 2704, 300, 1062, 312, 720, 19956, 420, 2035, 300, 750, 311, 884, 13, 51238], \"temperature\": 0.0, \"avg_logprob\": -0.27631261944770813, \"compression_ratio\": 1.731292486190796, \"no_speech_prob\": 0.00026947646983899176}, {\"id\": 171, \"seek\": 29060, \"start\": 308.0799865722656, \"end\": 311.20001220703125, \"text\": \" But nobody really truly believes\", \"tokens\": [51238, 583, 5079, 534, 4908, 12307, 51394], \"temperature\": 0.0, \"avg_logprob\": -0.27631261944770813, \"compression_ratio\": 1.731292486190796, \"no_speech_prob\": 0.00026947646983899176}, {\"id\": 172, \"seek\": 29060, \"start\": 311.20001220703125, \"end\": 314.0, \"text\": \" that she's making that much money off of it.\", \"tokens\": [51394, 300, 750, 311, 1455, 300, 709, 1460, 766, 295, 309, 13, 51534], \"temperature\": 0.0, \"avg_logprob\": -0.27631261944770813, \"compression_ratio\": 1.731292486190796, \"no_speech_prob\": 0.00026947646983899176}, {\"id\": 173, \"seek\": 29060, \"start\": 314.0, \"end\": 317.1199951171875, \"text\": \" And there's so many girls that I'm just kind of like,\", \"tokens\": [51534, 400, 456, 311, 370, 867, 4519, 300, 286, 478, 445, 733, 295, 411, 11, 51690], \"temperature\": 0.0, \"avg_logprob\": -0.27631261944770813, \"compression_ratio\": 1.731292486190796, \"no_speech_prob\": 0.00026947646983899176}, {\"id\": 174, \"seek\": 29060, \"start\": 317.1199951171875, \"end\": 319.760009765625, \"text\": \" they make 200K a month?\", \"tokens\": [51690, 436, 652, 2331, 42, 257, 1618, 30, 51822], \"temperature\": 0.0, \"avg_logprob\": -0.27631261944770813, \"compression_ratio\": 1.731292486190796, \"no_speech_prob\": 0.00026947646983899176}, {\"id\": 175, \"seek\": 31976, \"start\": 320.1199951171875, \"end\": 323.6400146484375, \"text\": \" And they have no boobs, no butt, no curves.\", \"tokens\": [50382, 400, 436, 362, 572, 40439, 11, 572, 6660, 11, 572, 19490, 13, 50558], \"temperature\": 0.0, \"avg_logprob\": -0.23870694637298584, \"compression_ratio\": 1.5191256999969482, \"no_speech_prob\": 2.0785064407391474e-05}, {\"id\": 176, \"seek\": 31976, \"start\": 323.6400146484375, \"end\": 326.2799987792969, \"text\": \" They look like they're living in a trailer park\", \"tokens\": [50558, 814, 574, 411, 436, 434, 2647, 294, 257, 11724, 3884, 50690], \"temperature\": 0.0, \"avg_logprob\": -0.23870694637298584, \"compression_ratio\": 1.5191256999969482, \"no_speech_prob\": 2.0785064407391474e-05}, {\"id\": 177, \"seek\": 31976, \"start\": 326.2799987792969, \"end\": 327.7200012207031, \"text\": \" down the street.\", \"tokens\": [50690, 760, 264, 4838, 13, 50762], \"temperature\": 0.0, \"avg_logprob\": -0.23870694637298584, \"compression_ratio\": 1.5191256999969482, \"no_speech_prob\": 2.0785064407391474e-05}, {\"id\": 178, \"seek\": 31976, \"start\": 327.7200012207031, \"end\": 328.8800048828125, \"text\": \" How?\", \"tokens\": [50762, 1012, 30, 50820], \"temperature\": 0.0, \"avg_logprob\": -0.23870694637298584, \"compression_ratio\": 1.5191256999969482, \"no_speech_prob\": 2.0785064407391474e-05}, {\"id\": 179, \"seek\": 31976, \"start\": 328.8800048828125, \"end\": 330.0799865722656, \"text\": \" I don't understand.\", \"tokens\": [50820, 286, 500, 380, 1223, 13, 50880], \"temperature\": 0.0, \"avg_logprob\": -0.23870694637298584, \"compression_ratio\": 1.5191256999969482, \"no_speech_prob\": 2.0785064407391474e-05}, {\"id\": 180, \"seek\": 31976, \"start\": 330.0799865722656, \"end\": 330.9200134277344, \"text\": \" I don't.\", \"tokens\": [50880, 286, 500, 380, 13, 50922], \"temperature\": 0.0, \"avg_logprob\": -0.23870694637298584, \"compression_ratio\": 1.5191256999969482, \"no_speech_prob\": 2.0785064407391474e-05}, {\"id\": 181, \"seek\": 31976, \"start\": 330.9200134277344, \"end\": 331.760009765625, \"text\": \" I wanna know who's paying.\", \"tokens\": [50922, 286, 1948, 458, 567, 311, 6229, 13, 50964], \"temperature\": 0.0, \"avg_logprob\": -0.23870694637298584, \"compression_ratio\": 1.5191256999969482, \"no_speech_prob\": 2.0785064407391474e-05}, {\"id\": 182, \"seek\": 31976, \"start\": 331.760009765625, \"end\": 334.7200012207031, \"text\": \" Like I want someone to DM me and be like,\", \"tokens\": [50964, 1743, 286, 528, 1580, 281, 15322, 385, 293, 312, 411, 11, 51112], \"temperature\": 0.0, \"avg_logprob\": -0.23870694637298584, \"compression_ratio\": 1.5191256999969482, \"no_speech_prob\": 2.0785064407391474e-05}, {\"id\": 183, \"seek\": 31976, \"start\": 334.7200012207031, \"end\": 336.3599853515625, \"text\": \" hey, this is why I pay for that.\", \"tokens\": [51112, 4177, 11, 341, 307, 983, 286, 1689, 337, 300, 13, 51194], \"temperature\": 0.0, \"avg_logprob\": -0.23870694637298584, \"compression_ratio\": 1.5191256999969482, \"no_speech_prob\": 2.0785064407391474e-05}, {\"id\": 184, \"seek\": 31976, \"start\": 336.3599853515625, \"end\": 337.5199890136719, \"text\": \" I wanna know why.\", \"tokens\": [51194, 286, 1948, 458, 983, 13, 51252], \"temperature\": 0.0, \"avg_logprob\": -0.23870694637298584, \"compression_ratio\": 1.5191256999969482, \"no_speech_prob\": 2.0785064407391474e-05}, {\"id\": 185, \"seek\": 31976, \"start\": 337.5199890136719, \"end\": 338.6400146484375, \"text\": \" I want answers.\", \"tokens\": [51252, 286, 528, 6338, 13, 51308], \"temperature\": 0.0, \"avg_logprob\": -0.23870694637298584, \"compression_ratio\": 1.5191256999969482, \"no_speech_prob\": 2.0785064407391474e-05}]}"}