{"title": "How promiscuity affects men and women", "video_id": "VDO76SWqcYc", "video_url": "https://www.youtube.com/watch?v=VDO76SWqcYc", "description": "Watch The Full Thing Here : \n\u2014\u2014\u2014\u2014\u2014\u2014\u2014\u2014\u2014\u2014\u2014\u2014\u2014\u2014\u2014\u2014\u2014\u2014\u2014\u2014\nReady to build a network of amazing women and high-status men?\n\nMichael\u2019s Men of Action is a one-on-one Master\u2019s program that teaches men how to create elite \nsocial lives by becoming higher status.\n\nClick this link to learn how you can have a High-Status lifestyle now:\nhttps://m.moamentoring.com/podcast\n\nClick here to join the Men of Action community and watch the High-Status Networking 101 course:\nhttps://m.moamentoring.com/moa-community\n\nInterested in joining the Men of Action sales team? Apply here:\nhttps://www.moamentoring.com/jobs/sales\n\nMen of Action has an affiliate program! Post pre-made content and get paid passively:\nhttps://www.moamentoring.com/affiliate\n\u2014\u2014\u2014\u2014\u2014\u2014\u2014\u2014\u2014\u2014\u2014\u2014\u2014\u2014\u2014\u2014\u2014\u2014\u2014\u2014\n\nSubscribe on Youtube: \nhttps://www.youtube.com/user/MichaelSartain\n\nListen on Apple Podcast: \nhttps://podcasts.apple.com/us/podcast/the-michael-sartain-podcast/id1579791157\n\nListen on Spotify: \nhttps://open.spotify.com/show/2faAYwvDD9Bvkpwv6umlPO?si=8Q3ak9HnSlKjuChsTXr6YQ&dl_branch=1\n\n#michael #michaelsartain #michael_sartain #michael_sartain_podcast", "published_at": "2023-12-17T00:00:11Z", "channel_id": "UC0T1bDzajVefRWx4uKdGyuw", "channel_title": "Michael Sartain", "tags": ["Michael", "Michael Sartain", "Michael Sartain Podcast", "Michael Podcast", "MOA", "Men Of Action", "Michael Sartain Course", "Michael Sartain With Hot Women", "Playboy", "Swimsuit", "Swimsuit Competition", "ichael sartain social circle", "social circle", "how to netowrk", "moa", "moa podcast", "gender wage gap", "gender wage gap myth", "wage gap", "social value", "michael sartain course", "looks money status", "social circle mentorship", "michael sartain social circle game", "men of action podcast", "men of action course"], "category_id": "24", "live_broadcast_content": "none", "duration": 47.0, "dimension": "2d", "definition": "hd", "caption": "false", "view_count": 4480, "like_count": 294, "comment_count": 14, "channel_info": {"title": "Michael Sartain", "description": "\ud83c\udf99Host of The\u00a0Michael Sartain Podcast \n\n\ud83d\udd25Teaching you how to build a network of desirable women and high-status men\n\n\ud83d\udc47 Click the \"Men of Action\" link below now to forge a high-status lifestyle and join the elites \n", "subscriber_count": "80500", "total_views": "29545897", "total_videos": "1481"}, "comments": [], "file_path": "/Users/aelaguiz/workspace/fc_book/audio/raws/VDO76SWqcYc.mp3", "transcription": "{\"text\": \"Multiple sex partners prior to marriage reduced marital quality for women, but not for men. This is one of the things that I've noticed. When we talk about promiscuity, I agree with you. You think promiscuity overall is bad. I just think that it's much worse for women, and I think the data shows that. I think that it's psychologically worse for women. I definitely feel a little bit of effect of losing faith in women because I saw what they would do. I would meet a girl online and she would show up with a wedding ring and I would be like, really? How do I know that that's not going to be my wife? And it would build up a little bit in me over time and harm my attitudes and make me less likely to form a long-term bond, less likely to form a healthy long-term bond. But I think that same kind of feeling is much more intensified in women for obvious reasons, that they're much more emotional and they get attached much more easily. They're saying, this is the kind of man for me now and no one else will do that. \", \"segments\": [{\"id\": 0, \"seek\": 0, \"start\": 0.0, \"end\": 4.239999771118164, \"text\": \" Multiple sex partners prior to marriage reduced marital quality for women, but not for men.\", \"tokens\": [50364, 40056, 3260, 4462, 4059, 281, 7194, 9212, 1849, 1686, 3125, 337, 2266, 11, 457, 406, 337, 1706, 13, 50576], \"temperature\": 0.0, \"avg_logprob\": -0.21455736458301544, \"compression_ratio\": 1.7853261232376099, \"no_speech_prob\": 0.1773798167705536}, {\"id\": 1, \"seek\": 0, \"start\": 4.239999771118164, \"end\": 5.519999980926514, \"text\": \" This is one of the things that I've noticed.\", \"tokens\": [50576, 639, 307, 472, 295, 264, 721, 300, 286, 600, 5694, 13, 50640], \"temperature\": 0.0, \"avg_logprob\": -0.21455736458301544, \"compression_ratio\": 1.7853261232376099, \"no_speech_prob\": 0.1773798167705536}, {\"id\": 2, \"seek\": 0, \"start\": 5.519999980926514, \"end\": 7.440000057220459, \"text\": \" When we talk about promiscuity, I agree with you.\", \"tokens\": [50640, 1133, 321, 751, 466, 2234, 5606, 21757, 11, 286, 3986, 365, 291, 13, 50736], \"temperature\": 0.0, \"avg_logprob\": -0.21455736458301544, \"compression_ratio\": 1.7853261232376099, \"no_speech_prob\": 0.1773798167705536}, {\"id\": 3, \"seek\": 0, \"start\": 7.440000057220459, \"end\": 9.520000457763672, \"text\": \" You think promiscuity overall is bad.\", \"tokens\": [50736, 509, 519, 2234, 5606, 21757, 4787, 307, 1578, 13, 50840], \"temperature\": 0.0, \"avg_logprob\": -0.21455736458301544, \"compression_ratio\": 1.7853261232376099, \"no_speech_prob\": 0.1773798167705536}, {\"id\": 4, \"seek\": 0, \"start\": 9.520000457763672, \"end\": 12.720000267028809, \"text\": \" I just think that it's much worse for women, and I think the data shows that.\", \"tokens\": [50840, 286, 445, 519, 300, 309, 311, 709, 5324, 337, 2266, 11, 293, 286, 519, 264, 1412, 3110, 300, 13, 51000], \"temperature\": 0.0, \"avg_logprob\": -0.21455736458301544, \"compression_ratio\": 1.7853261232376099, \"no_speech_prob\": 0.1773798167705536}, {\"id\": 5, \"seek\": 0, \"start\": 12.720000267028809, \"end\": 14.720000267028809, \"text\": \" I think that it's psychologically worse for women.\", \"tokens\": [51000, 286, 519, 300, 309, 311, 41387, 5324, 337, 2266, 13, 51100], \"temperature\": 0.0, \"avg_logprob\": -0.21455736458301544, \"compression_ratio\": 1.7853261232376099, \"no_speech_prob\": 0.1773798167705536}, {\"id\": 6, \"seek\": 0, \"start\": 14.720000267028809, \"end\": 19.360000610351562, \"text\": \" I definitely feel a little bit of effect of losing faith in women because I saw what they would do.\", \"tokens\": [51100, 286, 2138, 841, 257, 707, 857, 295, 1802, 295, 7027, 4522, 294, 2266, 570, 286, 1866, 437, 436, 576, 360, 13, 51332], \"temperature\": 0.0, \"avg_logprob\": -0.21455736458301544, \"compression_ratio\": 1.7853261232376099, \"no_speech_prob\": 0.1773798167705536}, {\"id\": 7, \"seek\": 0, \"start\": 19.360000610351562, \"end\": 22.959999084472656, \"text\": \" I would meet a girl online and she would show up with a wedding ring and I would be like,\", \"tokens\": [51332, 286, 576, 1677, 257, 2013, 2950, 293, 750, 576, 855, 493, 365, 257, 8523, 4875, 293, 286, 576, 312, 411, 11, 51512], \"temperature\": 0.0, \"avg_logprob\": -0.21455736458301544, \"compression_ratio\": 1.7853261232376099, \"no_speech_prob\": 0.1773798167705536}, {\"id\": 8, \"seek\": 0, \"start\": 22.959999084472656, \"end\": 23.360000610351562, \"text\": \" really?\", \"tokens\": [51512, 534, 30, 51532], \"temperature\": 0.0, \"avg_logprob\": -0.21455736458301544, \"compression_ratio\": 1.7853261232376099, \"no_speech_prob\": 0.1773798167705536}, {\"id\": 9, \"seek\": 0, \"start\": 23.360000610351562, \"end\": 25.360000610351562, \"text\": \" How do I know that that's not going to be my wife?\", \"tokens\": [51532, 1012, 360, 286, 458, 300, 300, 311, 406, 516, 281, 312, 452, 3836, 30, 51632], \"temperature\": 0.0, \"avg_logprob\": -0.21455736458301544, \"compression_ratio\": 1.7853261232376099, \"no_speech_prob\": 0.1773798167705536}, {\"id\": 10, \"seek\": 0, \"start\": 25.360000610351562, \"end\": 28.31999969482422, \"text\": \" And it would build up a little bit in me over time and\", \"tokens\": [51632, 400, 309, 576, 1322, 493, 257, 707, 857, 294, 385, 670, 565, 293, 51780], \"temperature\": 0.0, \"avg_logprob\": -0.21455736458301544, \"compression_ratio\": 1.7853261232376099, \"no_speech_prob\": 0.1773798167705536}, {\"id\": 11, \"seek\": 2832, \"start\": 28.31999969482422, \"end\": 33.279998779296875, \"text\": \" harm my attitudes and make me less likely to form a long-term bond,\", \"tokens\": [50364, 6491, 452, 25853, 293, 652, 385, 1570, 3700, 281, 1254, 257, 938, 12, 7039, 6086, 11, 50612], \"temperature\": 0.0, \"avg_logprob\": -0.21101656556129456, \"compression_ratio\": 1.7224880456924438, \"no_speech_prob\": 0.46472087502479553}, {\"id\": 12, \"seek\": 2832, \"start\": 33.279998779296875, \"end\": 35.119998931884766, \"text\": \" less likely to form a healthy long-term bond.\", \"tokens\": [50612, 1570, 3700, 281, 1254, 257, 4627, 938, 12, 7039, 6086, 13, 50704], \"temperature\": 0.0, \"avg_logprob\": -0.21101656556129456, \"compression_ratio\": 1.7224880456924438, \"no_speech_prob\": 0.46472087502479553}, {\"id\": 13, \"seek\": 2832, \"start\": 35.119998931884766, \"end\": 39.91999816894531, \"text\": \" But I think that same kind of feeling is much more intensified in women for obvious reasons,\", \"tokens\": [50704, 583, 286, 519, 300, 912, 733, 295, 2633, 307, 709, 544, 14056, 2587, 294, 2266, 337, 6322, 4112, 11, 50944], \"temperature\": 0.0, \"avg_logprob\": -0.21101656556129456, \"compression_ratio\": 1.7224880456924438, \"no_speech_prob\": 0.46472087502479553}, {\"id\": 14, \"seek\": 2832, \"start\": 39.91999816894531, \"end\": 42.400001525878906, \"text\": \" that they're much more emotional and they get attached much more easily.\", \"tokens\": [50944, 300, 436, 434, 709, 544, 6863, 293, 436, 483, 8570, 709, 544, 3612, 13, 51068], \"temperature\": 0.0, \"avg_logprob\": -0.21101656556129456, \"compression_ratio\": 1.7224880456924438, \"no_speech_prob\": 0.46472087502479553}, {\"id\": 15, \"seek\": 2832, \"start\": 42.400001525878906, \"end\": 45.84000015258789, \"text\": \" They're saying, this is the kind of man for me now and no one else will do that.\", \"tokens\": [51068, 814, 434, 1566, 11, 341, 307, 264, 733, 295, 587, 337, 385, 586, 293, 572, 472, 1646, 486, 360, 300, 13, 51240], \"temperature\": 0.0, \"avg_logprob\": -0.21101656556129456, \"compression_ratio\": 1.7224880456924438, \"no_speech_prob\": 0.46472087502479553}]}"}