{"title": "Do you think she has credibility to talk about that?", "video_id": "vmMUiiooKrE", "video_url": "https://www.youtube.com/watch?v=vmMUiiooKrE", "description": "Watch The Full Thing Here : \n\n\u2014\u2014\u2014\u2014\u2014\u2014\u2014\u2014\u2014\u2014\u2014\u2014\u2014\u2014\u2014\u2014\u2014\u2014\u2014\u2014\nFREE: Meet signed models and attend VIP-only events in 7 days:\nhttps://m.moamentoring.com/podcast\n\nFREE: Join the Men of Action community and get access to Michael and the Men of Action team:\nhttps://m.moamentoring.com/moa-community\n\nFREE: Get instant access to the exclusive High-Status Networking course:\nhttps://m.moamentoring.com/high-status-mini-course-yt\n\nWant to make $5k-$20k/mo working from home? Apply for the sales team here:\nhttps://m.moamentoring.com/remote-sales-yt\n\nMen of Action has an affiliate program! Post pre-made content and get paid passively:\nhttps://m.moamentoring.com/affiliate-yt\n\nMichael's Men of Action is a one-on-one Master's program that teaches men how to create elite social lives by becoming higher status.\n\n\u2014\u2014\u2014\u2014\u2014\u2014\u2014\u2014\u2014\u2014\u2014\u2014\u2014\u2014\u2014\u2014\u2014\u2014\u2014\u2014\nSubscribe on Youtube: \nhttps://www.youtube.com/user/MichaelSartain\n\nListen on Apple Podcast: \nhttps://podcasts.apple.com/us/podcast/the-michael-sartain-podcast/id1579791157\n\nListen on Spotify: \nhttps://open.spotify.com/show/2faAYwvDD9Bvkpwv6umlPO?si=8Q3ak9HnSlKjuChsTXr6YQ&dl_branch=1\n\n#michael #michaelsartain #michael_sartain #michael_sartain_podcast", "published_at": "2024-01-10T20:00:19Z", "channel_id": "UC0T1bDzajVefRWx4uKdGyuw", "channel_title": "Michael Sartain", "tags": ["Michael", "Michael Sartain", "Michael Sartain Podcast", "Michael Podcast", "MOA", "Men Of Action", "Michael Sartain Course", "Michael Sartain With Hot Women", "Playboy", "Swimsuit", "Swimsuit Competition", "ichael sartain social circle", "social circle", "how to netowrk", "moa", "moa podcast", "gender wage gap", "gender wage gap myth", "wage gap", "social value", "michael sartain course", "looks money status", "social circle mentorship", "michael sartain social circle game", "men of action podcast", "men of action course"], "category_id": "24", "live_broadcast_content": "none", "duration": 42.0, "dimension": "2d", "definition": "hd", "caption": "false", "view_count": 758, "like_count": 63, "comment_count": 4, "channel_info": {"title": "Michael Sartain", "description": "\ud83c\udf99Host of The\u00a0Michael Sartain Podcast \n\n\ud83d\udd25Teaching you how to build a network of desirable women and high-status men\n\n\ud83d\udc47 Click the \"Men of Action\" link below now to forge a high-status lifestyle and join the elites \n", "subscriber_count": "80500", "total_views": "29545897", "total_videos": "1481"}, "comments": [], "file_path": "/Users/aelaguiz/workspace/fc_book/audio/raws/vmMUiiooKrE.mp3", "transcription": "{\"text\": \"Mia Khalifa, she leaves pornography and then she says it should be illegal all this kind of stuff But then she makes a statement She says that older men who want to date younger women they should be locked up or they have a mental disorder I forgot exactly what her statement was on this and it was one of these really interesting revelations because when she was younger I don't believe she would have said the same thing now that she's older and a lot of the men that she chooses don't want To be with her because she used to do Pornography or they just want her to date her short term She starts to say these things like these men are mentally handicapped for wanting to date younger women What do you think about that whole thing? And why do you think it's so controversial now? Why don't they say the same about me? Why does everyone say you don't go when I tell them I date 19 year old boy in these circles men are a privileged class And women are a protected class so you can't groom a man. That's not the way \", \"segments\": [{\"id\": 0, \"seek\": 0, \"start\": 0.0, \"end\": 3.880000114440918, \"text\": \" Mia Khalifa, she leaves pornography and then she says it should be illegal all this kind of stuff\", \"tokens\": [50364, 28545, 27724, 29634, 11, 750, 5510, 49936, 293, 550, 750, 1619, 309, 820, 312, 11905, 439, 341, 733, 295, 1507, 50558], \"temperature\": 0.0, \"avg_logprob\": -0.27857786417007446, \"compression_ratio\": 1.9452736377716064, \"no_speech_prob\": 0.7144942283630371}, {\"id\": 1, \"seek\": 0, \"start\": 3.880000114440918, \"end\": 4.679999828338623, \"text\": \" But then she makes a statement\", \"tokens\": [50558, 583, 550, 750, 1669, 257, 5629, 50598], \"temperature\": 0.0, \"avg_logprob\": -0.27857786417007446, \"compression_ratio\": 1.9452736377716064, \"no_speech_prob\": 0.7144942283630371}, {\"id\": 2, \"seek\": 0, \"start\": 4.679999828338623, \"end\": 9.199999809265137, \"text\": \" She says that older men who want to date younger women they should be locked up or they have a mental disorder\", \"tokens\": [50598, 1240, 1619, 300, 4906, 1706, 567, 528, 281, 4002, 7037, 2266, 436, 820, 312, 9376, 493, 420, 436, 362, 257, 4973, 13399, 50824], \"temperature\": 0.0, \"avg_logprob\": -0.27857786417007446, \"compression_ratio\": 1.9452736377716064, \"no_speech_prob\": 0.7144942283630371}, {\"id\": 3, \"seek\": 0, \"start\": 9.199999809265137, \"end\": 14.5600004196167, \"text\": \" I forgot exactly what her statement was on this and it was one of these really interesting revelations because when she was younger\", \"tokens\": [50824, 286, 5298, 2293, 437, 720, 5629, 390, 322, 341, 293, 309, 390, 472, 295, 613, 534, 1880, 15262, 763, 570, 562, 750, 390, 7037, 51092], \"temperature\": 0.0, \"avg_logprob\": -0.27857786417007446, \"compression_ratio\": 1.9452736377716064, \"no_speech_prob\": 0.7144942283630371}, {\"id\": 4, \"seek\": 0, \"start\": 14.5600004196167, \"end\": 19.520000457763672, \"text\": \" I don't believe she would have said the same thing now that she's older and a lot of the men that she chooses don't want\", \"tokens\": [51092, 286, 500, 380, 1697, 750, 576, 362, 848, 264, 912, 551, 586, 300, 750, 311, 4906, 293, 257, 688, 295, 264, 1706, 300, 750, 25963, 500, 380, 528, 51340], \"temperature\": 0.0, \"avg_logprob\": -0.27857786417007446, \"compression_ratio\": 1.9452736377716064, \"no_speech_prob\": 0.7144942283630371}, {\"id\": 5, \"seek\": 0, \"start\": 19.520000457763672, \"end\": 20.799999237060547, \"text\": \" To be with her because she used to do\", \"tokens\": [51340, 1407, 312, 365, 720, 570, 750, 1143, 281, 360, 51404], \"temperature\": 0.0, \"avg_logprob\": -0.27857786417007446, \"compression_ratio\": 1.9452736377716064, \"no_speech_prob\": 0.7144942283630371}, {\"id\": 6, \"seek\": 0, \"start\": 20.799999237060547, \"end\": 22.639999389648438, \"text\": \" Pornography or they just want her to date her short term\", \"tokens\": [51404, 430, 1865, 5820, 420, 436, 445, 528, 720, 281, 4002, 720, 2099, 1433, 51496], \"temperature\": 0.0, \"avg_logprob\": -0.27857786417007446, \"compression_ratio\": 1.9452736377716064, \"no_speech_prob\": 0.7144942283630371}, {\"id\": 7, \"seek\": 0, \"start\": 22.639999389648438, \"end\": 26.68000030517578, \"text\": \" She starts to say these things like these men are mentally handicapped for wanting to date younger women\", \"tokens\": [51496, 1240, 3719, 281, 584, 613, 721, 411, 613, 1706, 366, 17072, 31369, 20780, 337, 7935, 281, 4002, 7037, 2266, 51698], \"temperature\": 0.0, \"avg_logprob\": -0.27857786417007446, \"compression_ratio\": 1.9452736377716064, \"no_speech_prob\": 0.7144942283630371}, {\"id\": 8, \"seek\": 0, \"start\": 26.68000030517578, \"end\": 29.239999771118164, \"text\": \" What do you think about that whole thing? And why do you think it's so controversial now?\", \"tokens\": [51698, 708, 360, 291, 519, 466, 300, 1379, 551, 30, 400, 983, 360, 291, 519, 309, 311, 370, 17323, 586, 30, 51826], \"temperature\": 0.0, \"avg_logprob\": -0.27857786417007446, \"compression_ratio\": 1.9452736377716064, \"no_speech_prob\": 0.7144942283630371}, {\"id\": 9, \"seek\": 2924, \"start\": 29.239999771118164, \"end\": 30.8799991607666, \"text\": \" Why don't they say the same about me?\", \"tokens\": [50364, 1545, 500, 380, 436, 584, 264, 912, 466, 385, 30, 50446], \"temperature\": 0.0, \"avg_logprob\": -0.30435407161712646, \"compression_ratio\": 1.4746835231781006, \"no_speech_prob\": 0.0011688604718074203}, {\"id\": 10, \"seek\": 2924, \"start\": 30.8799991607666, \"end\": 37.79999923706055, \"text\": \" Why does everyone say you don't go when I tell them I date 19 year old boy in these circles men are a privileged class\", \"tokens\": [50446, 1545, 775, 1518, 584, 291, 500, 380, 352, 562, 286, 980, 552, 286, 4002, 1294, 1064, 1331, 3237, 294, 613, 13040, 1706, 366, 257, 25293, 1508, 50792], \"temperature\": 0.0, \"avg_logprob\": -0.30435407161712646, \"compression_ratio\": 1.4746835231781006, \"no_speech_prob\": 0.0011688604718074203}, {\"id\": 11, \"seek\": 2924, \"start\": 37.79999923706055, \"end\": 41.08000183105469, \"text\": \" And women are a protected class so you can't groom a man. That's not the way\", \"tokens\": [50792, 400, 2266, 366, 257, 10594, 1508, 370, 291, 393, 380, 22198, 257, 587, 13, 663, 311, 406, 264, 636, 50956], \"temperature\": 0.0, \"avg_logprob\": -0.30435407161712646, \"compression_ratio\": 1.4746835231781006, \"no_speech_prob\": 0.0011688604718074203}]}"}