{"title": "How To 10X Your Dating Life Instantly - (@FreshFitMiami Podcast)", "video_id": "vypLZ_AkEh0", "video_url": "https://www.youtube.com/watch?v=vypLZ_AkEh0", "description": "Here's a clip from a podcast episode I did with  @FreshFitMiami \nFull Video \ud83d\udd17: https://www.youtube.com/watch?v=Vz72_LFOqAQ\n\n\u2014\u2014\u2014\u2014\u2014\u2014\u2014\u2014\u2014\u2014\u2014\u2014\u2014\u2014\u2014\u2014\u2014\u2014\u2014\nReady to build a network of amazing women and high-status men? \n\nMichael\u2019s Men of Action Mentoring Program is a Master\u2019s course dedicated to helping people elevate their social lives by becoming higher status and building elite social circles.\n\nClick the link to learn how you can start living the high-status social life you always wanted: https://m.moamentoring.com/podcast\n\u2014\u2014\u2014\u2014\u2014\u2014\u2014\u2014\u2014\u2014\u2014\u2014\u2014\u2014\u2014\u2014\u2014\u2014\u2014\u2014\n\nSubscribe on Youtube: \nhttps://www.youtube.com/user/MichaelSartain\n\nListen on Apple Podcast: \nhttps://podcasts.apple.com/us/podcast/the-michael-sartain-podcast/id1579791157\n\nListen on Spotify: \nhttps://open.spotify.com/show/2faAYwvDD9Bvkpwv6umlPO?si=8Q3ak9HnSlKjuChsTXr6YQ&dl_branch=1", "published_at": "2022-12-20T04:30:18Z", "channel_id": "UC0T1bDzajVefRWx4uKdGyuw", "channel_title": "Michael Sartain", "tags": [], "category_id": "24", "live_broadcast_content": "none", "duration": 340.0, "dimension": "2d", "definition": "hd", "caption": "false", "view_count": 7402, "like_count": 187, "comment_count": 13, "channel_info": {"title": "Michael Sartain", "description": "\ud83c\udf99Host of The\u00a0Michael Sartain Podcast \n\n\ud83d\udd25Teaching you how to build a network of desirable women and high-status men\n\n\ud83d\udc47 Click the \"Men of Action\" link below now to forge a high-status lifestyle and join the elites \n", "subscriber_count": "80500", "total_views": "29545897", "total_videos": "1481"}, "comments": [], "file_path": "/Users/aelaguiz/workspace/fc_book/audio/raws/vypLZ_AkEh0.mp3", "transcription": "{\"text\": \"It doesn't make any difference if you should. It's not about if you should have the matter of fact, as you will. And the problem is this, like Lance Armstrong in the Tour de France. It wasn't just that he was taking steroids. Everyone was taking steroids, right? If you wanted to be the one guy on the Tour de France not taking steroids, you were going to get lapped. And in this case, it's not that I have to be on social media or my social media is good. It's that every guy that I'm competing with is also on social media and has better looking shit than me. And regardless of whether or not it's right or it's wrong, the reality is the guy who shows better shit access to scarce resources. Irrefutable visual evidence of that, his life is cool and makes it look like his woman wants a woman wants to be where he is. He has a 10 X, 100 X advantage over a guy who has two photos or no profile picture. So in that case, I would say content. Yeah, content is over followers. I would like to see your pictures and what you've been through. Yeah, well said, Michael. Well said. OK, for you, content and pictures versus followers. I don't even really look at how many followers you have. It doesn't mean anything. OK, what if he has 1000 followers, but he's following 10,000 people? OK, then that's that means he's a shown. Now I'm going. Nope. OK. Even if he has good content and pictures, the finer he is, the more I'm going to believe he's a shown. OK, we have that many followers. I'm going to be concerned a little bit like, oh, no, he's following a bunch of people. I'm sorry. That's what I meant. Seventy five hundred. So if you see seventy five hundred, that guy is usually like some. He's usually in all seventy five hundred of them. Damn beyond. Like, what about you? Definitely pictures and content, for sure. OK, what if he has 10,000 people he's following and he only has 1000 followers? No, no, he's showing. I mean, but that just looks weird. Like, why are you following so many people and they don't follow you back? Like, he must not be that interesting, right? Yeah, I have a question for you. How do you filter who to respond to by blue check marks? Blue check marks doesn't mean anything to me because I feel like you can be a random and get a blue check mark. That's true. Yeah, you can be normal. Like a normalized person would have. That is true. I think what's happened for us is that there's been so many dudes. I don't know if you've seen these like the scandal, whether these doctors and other people who are basically applying as musical artists, they had one like loop, melodic loop. And then they would get a verification as a musician. So a lot of Instagram is going back now and they're taking away a lot of these blue check marks. And there's so many guys buying followers that the follower thing, I think, would have mattered more in 2017, 2018. But now it's just too many people lying about it. So if you have cool pictures where it shows I was by the shades, the Lee here this one day and I was at the Leaning Tower of Pisa the other day and I was at in the Louvre the next day and the next day I was at Big Ben. That's all this guy fucking travels. You can't fake that. Whereas you can fake followers. I would argue that 20 followers would 100 likes. But I would argue that since everyone's doing it, competition is fierce. So if you don't do it, I think engagement, then I would say engagement before followers, but you can buy engagement, too. Yeah, you can buy everything, too. Your favorite artist buys followers and engagement. So everyone's doing it. You're doing it. Fuck, yeah. OK, I guess I agree with you. Like the places you've been to shows like how active your profile is and maybe what descriptions are, too. I actually pay attention to those things like overall in business and in general. OK. For you? I personally don't. I'm not a big fan of guys who post on Instagram. Like, I guess I would like to see what they look like. So I guess one or two pictures, whatever is fine. Like, I don't like when they care too much about their Instagram. I think that's really weird. Yeah. Unless it's like a business. Yeah, that's fine. That's fine. If you're like fresh on my selfies and stuff, like that's weird to me. Followers, I do not care. I'd rather you have less. Honestly, that means you're not, you know, too much into social media. You know, I was carrying what you got going on in present life and you're focused on social media. But if you're making money from social media, I applaud you. Yeah, that's fine. I'm not a big social media spreader until I start making money from social media. Yeah, yeah. I only got seven thousand followers. I'm making money. I do look at content, but I do pay attention to the followings, the followings, because, yeah, it looks weird if you're following the followings, because, yeah, it looks weird if you're following like way more people that are that are following you. And then I specifically pay attention to who you're following, because I see you're following like really like dirty ratchet girls. I'm definitely not going to prove you. That's a good one, that's a good one. Follow them ratchet hoes. Yeah, follow them ratchet hoes. What if you see, OK, let's be honest, you're not going to follow ratchet hoes. You're probably going to follow IG models. What if you saw that? Are they like normal looking ones? No, they're like, you know, filtered up and make the make, you know, contoured with the apps and all that. I don't care that, but it's just it's literally like if you're following dirty ratchet looking ones. Oh, that's an issue. Because now, like, yeah, OK, they like them. You're not going to put me in that same category. Like, you know, it's like, how is it that you like me, but you like them? Right. You're not. We're not putting together. Yeah. Am I one of those? You're not. I mean, yeah, I mean, OK, I get clubs and stuff like that. What about you? Yeah, I think it's a variety of factors. It's it's it's ratio. It's how many people are following you versus who you're following. It's what you said about like sometimes really lit people will have will be ghosts on Instagram. And it's what you said about who they're following, because if you're following like every celebrity, you're like lame to me. Like, why are you watching all these people's lives? And they're not watching you. It's just weird at all. I would just say, man, the game is rigged. Play to your advantage. Do what you got to do. However, you get done, get it done. \", \"segments\": [{\"id\": 0, \"seek\": 0, \"start\": 0.0, \"end\": 1.7000000476837158, \"text\": \" It doesn't make any difference if you should.\", \"tokens\": [50364, 467, 1177, 380, 652, 604, 2649, 498, 291, 820, 13, 50449], \"temperature\": 0.0, \"avg_logprob\": -0.25530552864074707, \"compression_ratio\": 1.9466291666030884, \"no_speech_prob\": 0.4294077157974243}, {\"id\": 1, \"seek\": 0, \"start\": 1.7000000476837158, \"end\": 3.940000057220459, \"text\": \" It's not about if you should have the matter of fact, as you will.\", \"tokens\": [50449, 467, 311, 406, 466, 498, 291, 820, 362, 264, 1871, 295, 1186, 11, 382, 291, 486, 13, 50561], \"temperature\": 0.0, \"avg_logprob\": -0.25530552864074707, \"compression_ratio\": 1.9466291666030884, \"no_speech_prob\": 0.4294077157974243}, {\"id\": 2, \"seek\": 0, \"start\": 3.940000057220459, \"end\": 6.300000190734863, \"text\": \" And the problem is this, like Lance Armstrong in the Tour de France.\", \"tokens\": [50561, 400, 264, 1154, 307, 341, 11, 411, 40493, 36100, 294, 264, 13077, 368, 6190, 13, 50679], \"temperature\": 0.0, \"avg_logprob\": -0.25530552864074707, \"compression_ratio\": 1.9466291666030884, \"no_speech_prob\": 0.4294077157974243}, {\"id\": 3, \"seek\": 0, \"start\": 6.639999866485596, \"end\": 8.300000190734863, \"text\": \" It wasn't just that he was taking steroids.\", \"tokens\": [50696, 467, 2067, 380, 445, 300, 415, 390, 1940, 45717, 13, 50779], \"temperature\": 0.0, \"avg_logprob\": -0.25530552864074707, \"compression_ratio\": 1.9466291666030884, \"no_speech_prob\": 0.4294077157974243}, {\"id\": 4, \"seek\": 0, \"start\": 8.300000190734863, \"end\": 10.239999771118164, \"text\": \" Everyone was taking steroids, right?\", \"tokens\": [50779, 5198, 390, 1940, 45717, 11, 558, 30, 50876], \"temperature\": 0.0, \"avg_logprob\": -0.25530552864074707, \"compression_ratio\": 1.9466291666030884, \"no_speech_prob\": 0.4294077157974243}, {\"id\": 5, \"seek\": 0, \"start\": 10.239999771118164, \"end\": 12.640000343322754, \"text\": \" If you wanted to be the one guy on the Tour de France not taking steroids,\", \"tokens\": [50876, 759, 291, 1415, 281, 312, 264, 472, 2146, 322, 264, 13077, 368, 6190, 406, 1940, 45717, 11, 50996], \"temperature\": 0.0, \"avg_logprob\": -0.25530552864074707, \"compression_ratio\": 1.9466291666030884, \"no_speech_prob\": 0.4294077157974243}, {\"id\": 6, \"seek\": 0, \"start\": 12.760000228881836, \"end\": 13.800000190734863, \"text\": \" you were going to get lapped.\", \"tokens\": [51002, 291, 645, 516, 281, 483, 635, 3320, 13, 51054], \"temperature\": 0.0, \"avg_logprob\": -0.25530552864074707, \"compression_ratio\": 1.9466291666030884, \"no_speech_prob\": 0.4294077157974243}, {\"id\": 7, \"seek\": 0, \"start\": 13.800000190734863, \"end\": 16.5, \"text\": \" And in this case, it's not that I have to be on social media\", \"tokens\": [51054, 400, 294, 341, 1389, 11, 309, 311, 406, 300, 286, 362, 281, 312, 322, 2093, 3021, 51189], \"temperature\": 0.0, \"avg_logprob\": -0.25530552864074707, \"compression_ratio\": 1.9466291666030884, \"no_speech_prob\": 0.4294077157974243}, {\"id\": 8, \"seek\": 0, \"start\": 16.5, \"end\": 17.459999084472656, \"text\": \" or my social media is good.\", \"tokens\": [51189, 420, 452, 2093, 3021, 307, 665, 13, 51237], \"temperature\": 0.0, \"avg_logprob\": -0.25530552864074707, \"compression_ratio\": 1.9466291666030884, \"no_speech_prob\": 0.4294077157974243}, {\"id\": 9, \"seek\": 0, \"start\": 17.459999084472656, \"end\": 20.739999771118164, \"text\": \" It's that every guy that I'm competing with is also on social media\", \"tokens\": [51237, 467, 311, 300, 633, 2146, 300, 286, 478, 15439, 365, 307, 611, 322, 2093, 3021, 51401], \"temperature\": 0.0, \"avg_logprob\": -0.25530552864074707, \"compression_ratio\": 1.9466291666030884, \"no_speech_prob\": 0.4294077157974243}, {\"id\": 10, \"seek\": 0, \"start\": 20.860000610351562, \"end\": 22.639999389648438, \"text\": \" and has better looking shit than me.\", \"tokens\": [51407, 293, 575, 1101, 1237, 4611, 813, 385, 13, 51496], \"temperature\": 0.0, \"avg_logprob\": -0.25530552864074707, \"compression_ratio\": 1.9466291666030884, \"no_speech_prob\": 0.4294077157974243}, {\"id\": 11, \"seek\": 0, \"start\": 22.639999389648438, \"end\": 25.940000534057617, \"text\": \" And regardless of whether or not it's right or it's wrong,\", \"tokens\": [51496, 400, 10060, 295, 1968, 420, 406, 309, 311, 558, 420, 309, 311, 2085, 11, 51661], \"temperature\": 0.0, \"avg_logprob\": -0.25530552864074707, \"compression_ratio\": 1.9466291666030884, \"no_speech_prob\": 0.4294077157974243}, {\"id\": 12, \"seek\": 0, \"start\": 25.940000534057617, \"end\": 29.360000610351562, \"text\": \" the reality is the guy who shows better shit access to scarce resources.\", \"tokens\": [51661, 264, 4103, 307, 264, 2146, 567, 3110, 1101, 4611, 2105, 281, 41340, 3593, 13, 51832], \"temperature\": 0.0, \"avg_logprob\": -0.25530552864074707, \"compression_ratio\": 1.9466291666030884, \"no_speech_prob\": 0.4294077157974243}, {\"id\": 13, \"seek\": 2936, \"start\": 29.600000381469727, \"end\": 31.81999969482422, \"text\": \" Irrefutable visual evidence of that, his life is cool\", \"tokens\": [50376, 9151, 33115, 32148, 5056, 4467, 295, 300, 11, 702, 993, 307, 1627, 50487], \"temperature\": 0.0, \"avg_logprob\": -0.2890316843986511, \"compression_ratio\": 1.7620482444763184, \"no_speech_prob\": 0.019415991380810738}, {\"id\": 14, \"seek\": 2936, \"start\": 31.959999084472656, \"end\": 35.29999923706055, \"text\": \" and makes it look like his woman wants a woman wants to be where he is.\", \"tokens\": [50494, 293, 1669, 309, 574, 411, 702, 3059, 2738, 257, 3059, 2738, 281, 312, 689, 415, 307, 13, 50661], \"temperature\": 0.0, \"avg_logprob\": -0.2890316843986511, \"compression_ratio\": 1.7620482444763184, \"no_speech_prob\": 0.019415991380810738}, {\"id\": 15, \"seek\": 2936, \"start\": 35.459999084472656, \"end\": 38.560001373291016, \"text\": \" He has a 10 X, 100 X advantage over a guy\", \"tokens\": [50669, 634, 575, 257, 1266, 1783, 11, 2319, 1783, 5002, 670, 257, 2146, 50824], \"temperature\": 0.0, \"avg_logprob\": -0.2890316843986511, \"compression_ratio\": 1.7620482444763184, \"no_speech_prob\": 0.019415991380810738}, {\"id\": 16, \"seek\": 2936, \"start\": 38.70000076293945, \"end\": 41.060001373291016, \"text\": \" who has two photos or no profile picture.\", \"tokens\": [50831, 567, 575, 732, 5787, 420, 572, 7964, 3036, 13, 50949], \"temperature\": 0.0, \"avg_logprob\": -0.2890316843986511, \"compression_ratio\": 1.7620482444763184, \"no_speech_prob\": 0.019415991380810738}, {\"id\": 17, \"seek\": 2936, \"start\": 41.619998931884766, \"end\": 43.20000076293945, \"text\": \" So in that case, I would say content.\", \"tokens\": [50977, 407, 294, 300, 1389, 11, 286, 576, 584, 2701, 13, 51056], \"temperature\": 0.0, \"avg_logprob\": -0.2890316843986511, \"compression_ratio\": 1.7620482444763184, \"no_speech_prob\": 0.019415991380810738}, {\"id\": 18, \"seek\": 2936, \"start\": 43.20000076293945, \"end\": 45.15999984741211, \"text\": \" Yeah, content is over followers.\", \"tokens\": [51056, 865, 11, 2701, 307, 670, 13071, 13, 51154], \"temperature\": 0.0, \"avg_logprob\": -0.2890316843986511, \"compression_ratio\": 1.7620482444763184, \"no_speech_prob\": 0.019415991380810738}, {\"id\": 19, \"seek\": 2936, \"start\": 45.15999984741211, \"end\": 47.599998474121094, \"text\": \" I would like to see your pictures and what you've been through.\", \"tokens\": [51154, 286, 576, 411, 281, 536, 428, 5242, 293, 437, 291, 600, 668, 807, 13, 51276], \"temperature\": 0.0, \"avg_logprob\": -0.2890316843986511, \"compression_ratio\": 1.7620482444763184, \"no_speech_prob\": 0.019415991380810738}, {\"id\": 20, \"seek\": 2936, \"start\": 47.619998931884766, \"end\": 49.41999816894531, \"text\": \" Yeah, well said, Michael. Well said.\", \"tokens\": [51277, 865, 11, 731, 848, 11, 5116, 13, 1042, 848, 13, 51367], \"temperature\": 0.0, \"avg_logprob\": -0.2890316843986511, \"compression_ratio\": 1.7620482444763184, \"no_speech_prob\": 0.019415991380810738}, {\"id\": 21, \"seek\": 2936, \"start\": 49.41999816894531, \"end\": 52.91999816894531, \"text\": \" OK, for you, content and pictures versus followers.\", \"tokens\": [51367, 2264, 11, 337, 291, 11, 2701, 293, 5242, 5717, 13071, 13, 51542], \"temperature\": 0.0, \"avg_logprob\": -0.2890316843986511, \"compression_ratio\": 1.7620482444763184, \"no_speech_prob\": 0.019415991380810738}, {\"id\": 22, \"seek\": 2936, \"start\": 52.91999816894531, \"end\": 54.79999923706055, \"text\": \" I don't even really look at how many followers you have.\", \"tokens\": [51542, 286, 500, 380, 754, 534, 574, 412, 577, 867, 13071, 291, 362, 13, 51636], \"temperature\": 0.0, \"avg_logprob\": -0.2890316843986511, \"compression_ratio\": 1.7620482444763184, \"no_speech_prob\": 0.019415991380810738}, {\"id\": 23, \"seek\": 2936, \"start\": 54.79999923706055, \"end\": 56.02000045776367, \"text\": \" It doesn't mean anything.\", \"tokens\": [51636, 467, 1177, 380, 914, 1340, 13, 51697], \"temperature\": 0.0, \"avg_logprob\": -0.2890316843986511, \"compression_ratio\": 1.7620482444763184, \"no_speech_prob\": 0.019415991380810738}, {\"id\": 24, \"seek\": 2936, \"start\": 56.02000045776367, \"end\": 58.70000076293945, \"text\": \" OK, what if he has 1000 followers, but he's following 10,000 people?\", \"tokens\": [51697, 2264, 11, 437, 498, 415, 575, 9714, 13071, 11, 457, 415, 311, 3480, 1266, 11, 1360, 561, 30, 51831], \"temperature\": 0.0, \"avg_logprob\": -0.2890316843986511, \"compression_ratio\": 1.7620482444763184, \"no_speech_prob\": 0.019415991380810738}, {\"id\": 25, \"seek\": 5936, \"start\": 59.7599983215332, \"end\": 63.52000045776367, \"text\": \" OK, then that's that means he's a shown.\", \"tokens\": [50384, 2264, 11, 550, 300, 311, 300, 1355, 415, 311, 257, 4898, 13, 50572], \"temperature\": 0.0, \"avg_logprob\": -0.39493677020072937, \"compression_ratio\": 1.7999999523162842, \"no_speech_prob\": 2.1443913283292204e-05}, {\"id\": 26, \"seek\": 5936, \"start\": 63.52000045776367, \"end\": 65.26000213623047, \"text\": \" Now I'm going. Nope. OK.\", \"tokens\": [50572, 823, 286, 478, 516, 13, 12172, 13, 2264, 13, 50659], \"temperature\": 0.0, \"avg_logprob\": -0.39493677020072937, \"compression_ratio\": 1.7999999523162842, \"no_speech_prob\": 2.1443913283292204e-05}, {\"id\": 27, \"seek\": 5936, \"start\": 65.26000213623047, \"end\": 66.66000366210938, \"text\": \" Even if he has good content and pictures,\", \"tokens\": [50659, 2754, 498, 415, 575, 665, 269, 896, 317, 293, 5242, 11, 50729], \"temperature\": 0.0, \"avg_logprob\": -0.39493677020072937, \"compression_ratio\": 1.7999999523162842, \"no_speech_prob\": 2.1443913283292204e-05}, {\"id\": 28, \"seek\": 5936, \"start\": 68.95999908447266, \"end\": 71.41999816894531, \"text\": \" the finer he is, the more I'm going to believe he's a shown.\", \"tokens\": [50844, 264, 39130, 415, 307, 11, 264, 544, 286, 478, 516, 281, 1697, 415, 311, 257, 4898, 13, 50967], \"temperature\": 0.0, \"avg_logprob\": -0.39493677020072937, \"compression_ratio\": 1.7999999523162842, \"no_speech_prob\": 2.1443913283292204e-05}, {\"id\": 29, \"seek\": 5936, \"start\": 72.69999694824219, \"end\": 74.0999984741211, \"text\": \" OK, we have that many followers.\", \"tokens\": [51031, 2264, 11, 321, 362, 300, 867, 13071, 13, 51101], \"temperature\": 0.0, \"avg_logprob\": -0.39493677020072937, \"compression_ratio\": 1.7999999523162842, \"no_speech_prob\": 2.1443913283292204e-05}, {\"id\": 30, \"seek\": 5936, \"start\": 74.0999984741211, \"end\": 76.66000366210938, \"text\": \" I'm going to be concerned a little bit like, oh,\", \"tokens\": [51101, 286, 478, 516, 281, 312, 5922, 257, 707, 857, 411, 11, 1954, 11, 51229], \"temperature\": 0.0, \"avg_logprob\": -0.39493677020072937, \"compression_ratio\": 1.7999999523162842, \"no_speech_prob\": 2.1443913283292204e-05}, {\"id\": 31, \"seek\": 5936, \"start\": 76.66000366210938, \"end\": 79.95999908447266, \"text\": \" no, he's following a bunch of people.\", \"tokens\": [51229, 572, 11, 415, 311, 3480, 257, 3840, 295, 561, 13, 51394], \"temperature\": 0.0, \"avg_logprob\": -0.39493677020072937, \"compression_ratio\": 1.7999999523162842, \"no_speech_prob\": 2.1443913283292204e-05}, {\"id\": 32, \"seek\": 5936, \"start\": 79.95999908447266, \"end\": 81.12000274658203, \"text\": \" I'm sorry. That's what I meant.\", \"tokens\": [51394, 286, 478, 2597, 13, 663, 311, 437, 286, 4140, 13, 51452], \"temperature\": 0.0, \"avg_logprob\": -0.39493677020072937, \"compression_ratio\": 1.7999999523162842, \"no_speech_prob\": 2.1443913283292204e-05}, {\"id\": 33, \"seek\": 5936, \"start\": 81.12000274658203, \"end\": 82.0, \"text\": \" Seventy five hundred.\", \"tokens\": [51452, 1100, 2475, 88, 1732, 3262, 13, 51496], \"temperature\": 0.0, \"avg_logprob\": -0.39493677020072937, \"compression_ratio\": 1.7999999523162842, \"no_speech_prob\": 2.1443913283292204e-05}, {\"id\": 34, \"seek\": 5936, \"start\": 82.0, \"end\": 84.91999816894531, \"text\": \" So if you see seventy five hundred, that guy is usually like some.\", \"tokens\": [51496, 407, 498, 291, 536, 25662, 1732, 3262, 11, 300, 2146, 307, 2673, 411, 512, 13, 51642], \"temperature\": 0.0, \"avg_logprob\": -0.39493677020072937, \"compression_ratio\": 1.7999999523162842, \"no_speech_prob\": 2.1443913283292204e-05}, {\"id\": 35, \"seek\": 5936, \"start\": 84.91999816894531, \"end\": 87.22000122070312, \"text\": \" He's usually in all seventy five hundred of them.\", \"tokens\": [51642, 634, 311, 2673, 294, 439, 25662, 1732, 3262, 295, 552, 13, 51757], \"temperature\": 0.0, \"avg_logprob\": -0.39493677020072937, \"compression_ratio\": 1.7999999523162842, \"no_speech_prob\": 2.1443913283292204e-05}, {\"id\": 36, \"seek\": 8722, \"start\": 87.22000122070312, \"end\": 89.81999969482422, \"text\": \" Damn beyond. Like, what about you?\", \"tokens\": [50364, 11907, 4399, 13, 1743, 11, 437, 466, 291, 30, 50494], \"temperature\": 0.0, \"avg_logprob\": -0.376830518245697, \"compression_ratio\": 1.654929518699646, \"no_speech_prob\": 0.0006878404528833926}, {\"id\": 37, \"seek\": 8722, \"start\": 90.62000274658203, \"end\": 92.72000122070312, \"text\": \" Definitely pictures and content, for sure.\", \"tokens\": [50534, 12151, 5242, 293, 2701, 11, 337, 988, 13, 50639], \"temperature\": 0.0, \"avg_logprob\": -0.376830518245697, \"compression_ratio\": 1.654929518699646, \"no_speech_prob\": 0.0006878404528833926}, {\"id\": 38, \"seek\": 8722, \"start\": 92.76000213623047, \"end\": 96.45999908447266, \"text\": \" OK, what if he has 10,000 people he's following and he only has 1000 followers?\", \"tokens\": [50641, 2264, 11, 437, 498, 415, 575, 1266, 11, 1360, 561, 415, 311, 3480, 293, 415, 787, 575, 9714, 13071, 30, 50826], \"temperature\": 0.0, \"avg_logprob\": -0.376830518245697, \"compression_ratio\": 1.654929518699646, \"no_speech_prob\": 0.0006878404528833926}, {\"id\": 39, \"seek\": 8722, \"start\": 98.58000183105469, \"end\": 101.66000366210938, \"text\": \" No, no, he's showing.\", \"tokens\": [50932, 883, 11, 572, 11, 415, 311, 4099, 13, 51086], \"temperature\": 0.0, \"avg_logprob\": -0.376830518245697, \"compression_ratio\": 1.654929518699646, \"no_speech_prob\": 0.0006878404528833926}, {\"id\": 40, \"seek\": 8722, \"start\": 102.0199966430664, \"end\": 103.4800033569336, \"text\": \" I mean, but that just looks weird.\", \"tokens\": [51104, 286, 914, 11, 457, 300, 445, 1542, 3657, 13, 51177], \"temperature\": 0.0, \"avg_logprob\": -0.376830518245697, \"compression_ratio\": 1.654929518699646, \"no_speech_prob\": 0.0006878404528833926}, {\"id\": 41, \"seek\": 8722, \"start\": 103.4800033569336, \"end\": 106.36000061035156, \"text\": \" Like, why are you following so many people and they don't follow you back?\", \"tokens\": [51177, 1743, 11, 983, 366, 291, 3480, 370, 867, 561, 293, 436, 500, 380, 1524, 291, 646, 30, 51321], \"temperature\": 0.0, \"avg_logprob\": -0.376830518245697, \"compression_ratio\": 1.654929518699646, \"no_speech_prob\": 0.0006878404528833926}, {\"id\": 42, \"seek\": 8722, \"start\": 106.36000061035156, \"end\": 108.31999969482422, \"text\": \" Like, he must not be that interesting, right?\", \"tokens\": [51321, 1743, 11, 415, 1633, 406, 312, 300, 1880, 11, 558, 30, 51419], \"temperature\": 0.0, \"avg_logprob\": -0.376830518245697, \"compression_ratio\": 1.654929518699646, \"no_speech_prob\": 0.0006878404528833926}, {\"id\": 43, \"seek\": 8722, \"start\": 108.31999969482422, \"end\": 109.27999877929688, \"text\": \" Yeah, I have a question for you.\", \"tokens\": [51419, 865, 11, 286, 362, 257, 1168, 337, 291, 13, 51467], \"temperature\": 0.0, \"avg_logprob\": -0.376830518245697, \"compression_ratio\": 1.654929518699646, \"no_speech_prob\": 0.0006878404528833926}, {\"id\": 44, \"seek\": 8722, \"start\": 109.27999877929688, \"end\": 112.31999969482422, \"text\": \" How do you filter who to respond to by blue check marks?\", \"tokens\": [51467, 1012, 360, 291, 6608, 567, 281, 4196, 281, 538, 3344, 1520, 10640, 30, 51619], \"temperature\": 0.0, \"avg_logprob\": -0.376830518245697, \"compression_ratio\": 1.654929518699646, \"no_speech_prob\": 0.0006878404528833926}, {\"id\": 45, \"seek\": 8722, \"start\": 113.18000030517578, \"end\": 114.91999816894531, \"text\": \" Blue check marks doesn't mean anything to me\", \"tokens\": [51662, 8510, 1520, 10640, 1177, 380, 914, 1340, 281, 385, 51749], \"temperature\": 0.0, \"avg_logprob\": -0.376830518245697, \"compression_ratio\": 1.654929518699646, \"no_speech_prob\": 0.0006878404528833926}, {\"id\": 46, \"seek\": 11492, \"start\": 114.91999816894531, \"end\": 117.45999908447266, \"text\": \" because I feel like you can be a random and get a blue check mark.\", \"tokens\": [50364, 570, 286, 841, 411, 291, 393, 312, 257, 4974, 293, 483, 257, 3344, 1520, 1491, 13, 50491], \"temperature\": 0.0, \"avg_logprob\": -0.2966810166835785, \"compression_ratio\": 1.8070652484893799, \"no_speech_prob\": 0.0012065803166478872}, {\"id\": 47, \"seek\": 11492, \"start\": 117.4800033569336, \"end\": 118.22000122070312, \"text\": \" That's true.\", \"tokens\": [50492, 663, 311, 2074, 13, 50529], \"temperature\": 0.0, \"avg_logprob\": -0.2966810166835785, \"compression_ratio\": 1.8070652484893799, \"no_speech_prob\": 0.0012065803166478872}, {\"id\": 48, \"seek\": 11492, \"start\": 118.22000122070312, \"end\": 119.36000061035156, \"text\": \" Yeah, you can be normal.\", \"tokens\": [50529, 865, 11, 291, 393, 312, 2710, 13, 50586], \"temperature\": 0.0, \"avg_logprob\": -0.2966810166835785, \"compression_ratio\": 1.8070652484893799, \"no_speech_prob\": 0.0012065803166478872}, {\"id\": 49, \"seek\": 11492, \"start\": 119.36000061035156, \"end\": 121.05999755859375, \"text\": \" Like a normalized person would have.\", \"tokens\": [50586, 1743, 257, 48704, 954, 576, 362, 13, 50671], \"temperature\": 0.0, \"avg_logprob\": -0.2966810166835785, \"compression_ratio\": 1.8070652484893799, \"no_speech_prob\": 0.0012065803166478872}, {\"id\": 50, \"seek\": 11492, \"start\": 121.05999755859375, \"end\": 121.91999816894531, \"text\": \" That is true.\", \"tokens\": [50671, 663, 307, 2074, 13, 50714], \"temperature\": 0.0, \"avg_logprob\": -0.2966810166835785, \"compression_ratio\": 1.8070652484893799, \"no_speech_prob\": 0.0012065803166478872}, {\"id\": 51, \"seek\": 11492, \"start\": 121.91999816894531, \"end\": 124.66000366210938, \"text\": \" I think what's happened for us is that there's been so many dudes.\", \"tokens\": [50714, 286, 519, 437, 311, 2011, 337, 505, 307, 300, 456, 311, 668, 370, 867, 27717, 13, 50851], \"temperature\": 0.0, \"avg_logprob\": -0.2966810166835785, \"compression_ratio\": 1.8070652484893799, \"no_speech_prob\": 0.0012065803166478872}, {\"id\": 52, \"seek\": 11492, \"start\": 124.66000366210938, \"end\": 127.18000030517578, \"text\": \" I don't know if you've seen these like the scandal, whether these doctors\", \"tokens\": [50851, 286, 500, 380, 458, 498, 291, 600, 1612, 613, 411, 264, 27922, 11, 1968, 613, 8778, 50977], \"temperature\": 0.0, \"avg_logprob\": -0.2966810166835785, \"compression_ratio\": 1.8070652484893799, \"no_speech_prob\": 0.0012065803166478872}, {\"id\": 53, \"seek\": 11492, \"start\": 127.18000030517578, \"end\": 130.75999450683594, \"text\": \" and other people who are basically applying as musical artists,\", \"tokens\": [50977, 293, 661, 561, 567, 366, 1936, 9275, 382, 9165, 6910, 11, 51156], \"temperature\": 0.0, \"avg_logprob\": -0.2966810166835785, \"compression_ratio\": 1.8070652484893799, \"no_speech_prob\": 0.0012065803166478872}, {\"id\": 54, \"seek\": 11492, \"start\": 130.75999450683594, \"end\": 133.5800018310547, \"text\": \" they had one like loop, melodic loop.\", \"tokens\": [51156, 436, 632, 472, 411, 6367, 11, 32834, 299, 6367, 13, 51297], \"temperature\": 0.0, \"avg_logprob\": -0.2966810166835785, \"compression_ratio\": 1.8070652484893799, \"no_speech_prob\": 0.0012065803166478872}, {\"id\": 55, \"seek\": 11492, \"start\": 134.5800018310547, \"end\": 136.3800048828125, \"text\": \" And then they would get a verification as a musician.\", \"tokens\": [51347, 400, 550, 436, 576, 483, 257, 30206, 382, 257, 19570, 13, 51437], \"temperature\": 0.0, \"avg_logprob\": -0.2966810166835785, \"compression_ratio\": 1.8070652484893799, \"no_speech_prob\": 0.0012065803166478872}, {\"id\": 56, \"seek\": 11492, \"start\": 136.3800048828125, \"end\": 138.17999267578125, \"text\": \" So a lot of Instagram is going back now\", \"tokens\": [51437, 407, 257, 688, 295, 5281, 307, 516, 646, 586, 51527], \"temperature\": 0.0, \"avg_logprob\": -0.2966810166835785, \"compression_ratio\": 1.8070652484893799, \"no_speech_prob\": 0.0012065803166478872}, {\"id\": 57, \"seek\": 11492, \"start\": 138.17999267578125, \"end\": 140.1199951171875, \"text\": \" and they're taking away a lot of these blue check marks.\", \"tokens\": [51527, 293, 436, 434, 1940, 1314, 257, 688, 295, 613, 3344, 1520, 10640, 13, 51624], \"temperature\": 0.0, \"avg_logprob\": -0.2966810166835785, \"compression_ratio\": 1.8070652484893799, \"no_speech_prob\": 0.0012065803166478872}, {\"id\": 58, \"seek\": 11492, \"start\": 140.1199951171875, \"end\": 142.25999450683594, \"text\": \" And there's so many guys buying followers that the follower thing,\", \"tokens\": [51624, 400, 456, 311, 370, 867, 1074, 6382, 13071, 300, 264, 35413, 551, 11, 51731], \"temperature\": 0.0, \"avg_logprob\": -0.2966810166835785, \"compression_ratio\": 1.8070652484893799, \"no_speech_prob\": 0.0012065803166478872}, {\"id\": 59, \"seek\": 11492, \"start\": 142.25999450683594, \"end\": 144.82000732421875, \"text\": \" I think, would have mattered more in 2017, 2018.\", \"tokens\": [51731, 286, 519, 11, 576, 362, 44282, 544, 294, 6591, 11, 6096, 13, 51859], \"temperature\": 0.0, \"avg_logprob\": -0.2966810166835785, \"compression_ratio\": 1.8070652484893799, \"no_speech_prob\": 0.0012065803166478872}, {\"id\": 60, \"seek\": 14482, \"start\": 144.82000732421875, \"end\": 147.27999877929688, \"text\": \" But now it's just too many people lying about it.\", \"tokens\": [50364, 583, 586, 309, 311, 445, 886, 867, 561, 8493, 466, 309, 13, 50487], \"temperature\": 0.0, \"avg_logprob\": -0.2926226854324341, \"compression_ratio\": 1.8695652484893799, \"no_speech_prob\": 0.0004802537732757628}, {\"id\": 61, \"seek\": 14482, \"start\": 147.27999877929688, \"end\": 150.5800018310547, \"text\": \" So if you have cool pictures where it shows I was by the shades, the Lee here\", \"tokens\": [50487, 407, 498, 291, 362, 1627, 5242, 689, 309, 3110, 286, 390, 538, 264, 20639, 11, 264, 6957, 510, 50652], \"temperature\": 0.0, \"avg_logprob\": -0.2926226854324341, \"compression_ratio\": 1.8695652484893799, \"no_speech_prob\": 0.0004802537732757628}, {\"id\": 62, \"seek\": 14482, \"start\": 150.5800018310547, \"end\": 153.27999877929688, \"text\": \" this one day and I was at the Leaning Tower of Pisa the other day\", \"tokens\": [50652, 341, 472, 786, 293, 286, 390, 412, 264, 1456, 8415, 17877, 295, 430, 3837, 264, 661, 786, 50787], \"temperature\": 0.0, \"avg_logprob\": -0.2926226854324341, \"compression_ratio\": 1.8695652484893799, \"no_speech_prob\": 0.0004802537732757628}, {\"id\": 63, \"seek\": 14482, \"start\": 153.27999877929688, \"end\": 156.6199951171875, \"text\": \" and I was at in the Louvre the next day and the next day I was at Big Ben.\", \"tokens\": [50787, 293, 286, 390, 412, 294, 264, 7272, 34869, 264, 958, 786, 293, 264, 958, 786, 286, 390, 412, 5429, 3964, 13, 50954], \"temperature\": 0.0, \"avg_logprob\": -0.2926226854324341, \"compression_ratio\": 1.8695652484893799, \"no_speech_prob\": 0.0004802537732757628}, {\"id\": 64, \"seek\": 14482, \"start\": 156.82000732421875, \"end\": 158.25999450683594, \"text\": \" That's all this guy fucking travels.\", \"tokens\": [50964, 663, 311, 439, 341, 2146, 5546, 19863, 13, 51036], \"temperature\": 0.0, \"avg_logprob\": -0.2926226854324341, \"compression_ratio\": 1.8695652484893799, \"no_speech_prob\": 0.0004802537732757628}, {\"id\": 65, \"seek\": 14482, \"start\": 158.25999450683594, \"end\": 159.1199951171875, \"text\": \" You can't fake that.\", \"tokens\": [51036, 509, 393, 380, 7592, 300, 13, 51079], \"temperature\": 0.0, \"avg_logprob\": -0.2926226854324341, \"compression_ratio\": 1.8695652484893799, \"no_speech_prob\": 0.0004802537732757628}, {\"id\": 66, \"seek\": 14482, \"start\": 159.1199951171875, \"end\": 160.75999450683594, \"text\": \" Whereas you can fake followers.\", \"tokens\": [51079, 13813, 291, 393, 7592, 13071, 13, 51161], \"temperature\": 0.0, \"avg_logprob\": -0.2926226854324341, \"compression_ratio\": 1.8695652484893799, \"no_speech_prob\": 0.0004802537732757628}, {\"id\": 67, \"seek\": 14482, \"start\": 160.75999450683594, \"end\": 163.36000061035156, \"text\": \" I would argue that 20 followers would 100 likes.\", \"tokens\": [51161, 286, 576, 9695, 300, 945, 13071, 576, 2319, 5902, 13, 51291], \"temperature\": 0.0, \"avg_logprob\": -0.2926226854324341, \"compression_ratio\": 1.8695652484893799, \"no_speech_prob\": 0.0004802537732757628}, {\"id\": 68, \"seek\": 14482, \"start\": 163.52000427246094, \"end\": 168.1199951171875, \"text\": \" But I would argue that since everyone's doing it, competition is fierce.\", \"tokens\": [51299, 583, 286, 576, 9695, 300, 1670, 1518, 311, 884, 309, 11, 6211, 307, 25341, 13, 51529], \"temperature\": 0.0, \"avg_logprob\": -0.2926226854324341, \"compression_ratio\": 1.8695652484893799, \"no_speech_prob\": 0.0004802537732757628}, {\"id\": 69, \"seek\": 14482, \"start\": 168.22000122070312, \"end\": 170.97999572753906, \"text\": \" So if you don't do it, I think engagement, then I would say engagement\", \"tokens\": [51534, 407, 498, 291, 500, 380, 360, 309, 11, 286, 519, 8742, 11, 550, 286, 576, 584, 8742, 51672], \"temperature\": 0.0, \"avg_logprob\": -0.2926226854324341, \"compression_ratio\": 1.8695652484893799, \"no_speech_prob\": 0.0004802537732757628}, {\"id\": 70, \"seek\": 14482, \"start\": 170.97999572753906, \"end\": 173.55999755859375, \"text\": \" before followers, but you can buy engagement, too.\", \"tokens\": [51672, 949, 13071, 11, 457, 291, 393, 2256, 8742, 11, 886, 13, 51801], \"temperature\": 0.0, \"avg_logprob\": -0.2926226854324341, \"compression_ratio\": 1.8695652484893799, \"no_speech_prob\": 0.0004802537732757628}, {\"id\": 71, \"seek\": 17356, \"start\": 173.66000366210938, \"end\": 175.3000030517578, \"text\": \" Yeah, you can buy everything, too.\", \"tokens\": [50369, 865, 11, 291, 393, 2256, 1203, 11, 886, 13, 50451], \"temperature\": 0.0, \"avg_logprob\": -0.39085495471954346, \"compression_ratio\": 1.5404255390167236, \"no_speech_prob\": 0.0006878332933411002}, {\"id\": 72, \"seek\": 17356, \"start\": 175.3000030517578, \"end\": 177.55999755859375, \"text\": \" Your favorite artist buys followers and engagement.\", \"tokens\": [50451, 2260, 2954, 5748, 28153, 13071, 293, 8742, 13, 50564], \"temperature\": 0.0, \"avg_logprob\": -0.39085495471954346, \"compression_ratio\": 1.5404255390167236, \"no_speech_prob\": 0.0006878332933411002}, {\"id\": 73, \"seek\": 17356, \"start\": 177.72000122070312, \"end\": 178.72000122070312, \"text\": \" So everyone's doing it.\", \"tokens\": [50572, 407, 1518, 311, 884, 309, 13, 50622], \"temperature\": 0.0, \"avg_logprob\": -0.39085495471954346, \"compression_ratio\": 1.5404255390167236, \"no_speech_prob\": 0.0006878332933411002}, {\"id\": 74, \"seek\": 17356, \"start\": 178.72000122070312, \"end\": 179.72000122070312, \"text\": \" You're doing it.\", \"tokens\": [50622, 509, 434, 884, 309, 13, 50672], \"temperature\": 0.0, \"avg_logprob\": -0.39085495471954346, \"compression_ratio\": 1.5404255390167236, \"no_speech_prob\": 0.0006878332933411002}, {\"id\": 75, \"seek\": 17356, \"start\": 180.22000122070312, \"end\": 181.22000122070312, \"text\": \" Fuck, yeah.\", \"tokens\": [50697, 10965, 11, 1338, 13, 50747], \"temperature\": 0.0, \"avg_logprob\": -0.39085495471954346, \"compression_ratio\": 1.5404255390167236, \"no_speech_prob\": 0.0006878332933411002}, {\"id\": 76, \"seek\": 17356, \"start\": 182.82000732421875, \"end\": 185.32000732421875, \"text\": \" OK, I guess I agree with you.\", \"tokens\": [50827, 2264, 11, 286, 2041, 286, 3986, 365, 291, 13, 50952], \"temperature\": 0.0, \"avg_logprob\": -0.39085495471954346, \"compression_ratio\": 1.5404255390167236, \"no_speech_prob\": 0.0006878332933411002}, {\"id\": 77, \"seek\": 17356, \"start\": 185.32000732421875, \"end\": 189.89999389648438, \"text\": \" Like the places you've been to shows like how active your profile is\", \"tokens\": [50952, 1743, 264, 3190, 291, 600, 668, 281, 3110, 411, 577, 4967, 428, 7964, 307, 51181], \"temperature\": 0.0, \"avg_logprob\": -0.39085495471954346, \"compression_ratio\": 1.5404255390167236, \"no_speech_prob\": 0.0006878332933411002}, {\"id\": 78, \"seek\": 17356, \"start\": 190.89999389648438, \"end\": 193.02000427246094, \"text\": \" and maybe what descriptions are, too.\", \"tokens\": [51231, 293, 1310, 437, 24406, 366, 11, 886, 13, 51337], \"temperature\": 0.0, \"avg_logprob\": -0.39085495471954346, \"compression_ratio\": 1.5404255390167236, \"no_speech_prob\": 0.0006878332933411002}, {\"id\": 79, \"seek\": 17356, \"start\": 193.02000427246094, \"end\": 197.05999755859375, \"text\": \" I actually pay attention to those things like overall in business and in general.\", \"tokens\": [51337, 286, 767, 1689, 3202, 281, 729, 721, 411, 4787, 294, 1606, 293, 294, 2674, 13, 51539], \"temperature\": 0.0, \"avg_logprob\": -0.39085495471954346, \"compression_ratio\": 1.5404255390167236, \"no_speech_prob\": 0.0006878332933411002}, {\"id\": 80, \"seek\": 17356, \"start\": 197.72000122070312, \"end\": 198.5, \"text\": \" OK.\", \"tokens\": [51572, 2264, 13, 51611], \"temperature\": 0.0, \"avg_logprob\": -0.39085495471954346, \"compression_ratio\": 1.5404255390167236, \"no_speech_prob\": 0.0006878332933411002}, {\"id\": 81, \"seek\": 19850, \"start\": 199.16000366210938, \"end\": 200.16000366210938, \"text\": \" For you?\", \"tokens\": [50397, 1171, 291, 30, 50447], \"temperature\": 0.0, \"avg_logprob\": -0.443679541349411, \"compression_ratio\": 1.7465753555297852, \"no_speech_prob\": 0.0027570065576583147}, {\"id\": 82, \"seek\": 19850, \"start\": 200.16000366210938, \"end\": 202.24000549316406, \"text\": \" I personally don't.\", \"tokens\": [50447, 286, 5665, 500, 380, 13, 50551], \"temperature\": 0.0, \"avg_logprob\": -0.443679541349411, \"compression_ratio\": 1.7465753555297852, \"no_speech_prob\": 0.0027570065576583147}, {\"id\": 83, \"seek\": 19850, \"start\": 202.86000061035156, \"end\": 205.5399932861328, \"text\": \" I'm not a big fan of guys who post on Instagram.\", \"tokens\": [50582, 286, 478, 406, 257, 955, 3429, 295, 1074, 567, 2183, 322, 5281, 13, 50716], \"temperature\": 0.0, \"avg_logprob\": -0.443679541349411, \"compression_ratio\": 1.7465753555297852, \"no_speech_prob\": 0.0027570065576583147}, {\"id\": 84, \"seek\": 19850, \"start\": 205.9600067138672, \"end\": 207.9600067138672, \"text\": \" Like, I guess I would like to see what they look like.\", \"tokens\": [50737, 1743, 11, 286, 2041, 286, 576, 411, 281, 536, 437, 436, 574, 411, 13, 50837], \"temperature\": 0.0, \"avg_logprob\": -0.443679541349411, \"compression_ratio\": 1.7465753555297852, \"no_speech_prob\": 0.0027570065576583147}, {\"id\": 85, \"seek\": 19850, \"start\": 207.9600067138672, \"end\": 211.0399932861328, \"text\": \" So I guess one or two pictures, whatever is fine.\", \"tokens\": [50837, 407, 286, 2041, 472, 420, 732, 5242, 11, 2035, 307, 2489, 13, 50991], \"temperature\": 0.0, \"avg_logprob\": -0.443679541349411, \"compression_ratio\": 1.7465753555297852, \"no_speech_prob\": 0.0027570065576583147}, {\"id\": 86, \"seek\": 19850, \"start\": 211.0399932861328, \"end\": 213.3000030517578, \"text\": \" Like, I don't like when they care too much about their Instagram.\", \"tokens\": [50991, 1743, 11, 286, 500, 380, 411, 562, 436, 1127, 886, 709, 466, 641, 5281, 13, 51104], \"temperature\": 0.0, \"avg_logprob\": -0.443679541349411, \"compression_ratio\": 1.7465753555297852, \"no_speech_prob\": 0.0027570065576583147}, {\"id\": 87, \"seek\": 19850, \"start\": 213.3000030517578, \"end\": 214.1999969482422, \"text\": \" I think that's really weird.\", \"tokens\": [51104, 286, 519, 300, 311, 534, 3657, 13, 51149], \"temperature\": 0.0, \"avg_logprob\": -0.443679541349411, \"compression_ratio\": 1.7465753555297852, \"no_speech_prob\": 0.0027570065576583147}, {\"id\": 88, \"seek\": 19850, \"start\": 214.1999969482422, \"end\": 214.8000030517578, \"text\": \" Yeah.\", \"tokens\": [51149, 865, 13, 51179], \"temperature\": 0.0, \"avg_logprob\": -0.443679541349411, \"compression_ratio\": 1.7465753555297852, \"no_speech_prob\": 0.0027570065576583147}, {\"id\": 89, \"seek\": 19850, \"start\": 214.8000030517578, \"end\": 216.16000366210938, \"text\": \" Unless it's like a business.\", \"tokens\": [51179, 16581, 309, 311, 411, 257, 1606, 13, 51247], \"temperature\": 0.0, \"avg_logprob\": -0.443679541349411, \"compression_ratio\": 1.7465753555297852, \"no_speech_prob\": 0.0027570065576583147}, {\"id\": 90, \"seek\": 19850, \"start\": 216.16000366210938, \"end\": 217.16000366210938, \"text\": \" Yeah, that's fine.\", \"tokens\": [51247, 865, 11, 300, 311, 2489, 13, 51297], \"temperature\": 0.0, \"avg_logprob\": -0.443679541349411, \"compression_ratio\": 1.7465753555297852, \"no_speech_prob\": 0.0027570065576583147}, {\"id\": 91, \"seek\": 19850, \"start\": 217.16000366210938, \"end\": 217.86000061035156, \"text\": \" That's fine.\", \"tokens\": [51297, 663, 311, 2489, 13, 51332], \"temperature\": 0.0, \"avg_logprob\": -0.443679541349411, \"compression_ratio\": 1.7465753555297852, \"no_speech_prob\": 0.0027570065576583147}, {\"id\": 92, \"seek\": 19850, \"start\": 217.86000061035156, \"end\": 220.9600067138672, \"text\": \" If you're like fresh on my selfies and stuff, like that's weird to me.\", \"tokens\": [51332, 759, 291, 434, 411, 4451, 322, 452, 34814, 293, 1507, 11, 411, 300, 311, 3657, 281, 385, 13, 51487], \"temperature\": 0.0, \"avg_logprob\": -0.443679541349411, \"compression_ratio\": 1.7465753555297852, \"no_speech_prob\": 0.0027570065576583147}, {\"id\": 93, \"seek\": 19850, \"start\": 221.5399932861328, \"end\": 223.0399932861328, \"text\": \" Followers, I do not care.\", \"tokens\": [51516, 9876, 433, 11, 286, 360, 406, 1127, 13, 51591], \"temperature\": 0.0, \"avg_logprob\": -0.443679541349411, \"compression_ratio\": 1.7465753555297852, \"no_speech_prob\": 0.0027570065576583147}, {\"id\": 94, \"seek\": 19850, \"start\": 223.0399932861328, \"end\": 224.05999755859375, \"text\": \" I'd rather you have less.\", \"tokens\": [51591, 286, 1116, 2831, 291, 362, 1570, 13, 51642], \"temperature\": 0.0, \"avg_logprob\": -0.443679541349411, \"compression_ratio\": 1.7465753555297852, \"no_speech_prob\": 0.0027570065576583147}, {\"id\": 95, \"seek\": 19850, \"start\": 224.05999755859375, \"end\": 225.74000549316406, \"text\": \" Honestly, that means you're not, you know,\", \"tokens\": [51642, 12348, 11, 300, 1355, 291, 434, 406, 11, 291, 458, 11, 51726], \"temperature\": 0.0, \"avg_logprob\": -0.443679541349411, \"compression_ratio\": 1.7465753555297852, \"no_speech_prob\": 0.0027570065576583147}, {\"id\": 96, \"seek\": 22574, \"start\": 225.74000549316406, \"end\": 226.94000244140625, \"text\": \" too much into social media.\", \"tokens\": [50364, 886, 709, 666, 2093, 3021, 13, 50424], \"temperature\": 0.0, \"avg_logprob\": -0.5492509603500366, \"compression_ratio\": 1.89453125, \"no_speech_prob\": 0.1347389966249466}, {\"id\": 97, \"seek\": 22574, \"start\": 226.94000244140625, \"end\": 229.8000030517578, \"text\": \" You know, I was carrying what you got going on in present life\", \"tokens\": [50424, 509, 458, 11, 286, 390, 9792, 437, 291, 658, 516, 322, 294, 1974, 993, 50567], \"temperature\": 0.0, \"avg_logprob\": -0.5492509603500366, \"compression_ratio\": 1.89453125, \"no_speech_prob\": 0.1347389966249466}, {\"id\": 98, \"seek\": 22574, \"start\": 229.8000030517578, \"end\": 231.33999633789062, \"text\": \" and you're focused on social media.\", \"tokens\": [50567, 293, 291, 434, 5178, 322, 2093, 3021, 13, 50644], \"temperature\": 0.0, \"avg_logprob\": -0.5492509603500366, \"compression_ratio\": 1.89453125, \"no_speech_prob\": 0.1347389966249466}, {\"id\": 99, \"seek\": 22574, \"start\": 231.33999633789062, \"end\": 233.33999633789062, \"text\": \" But if you're making money from social media, I applaud you.\", \"tokens\": [50644, 583, 498, 291, 434, 1455, 1460, 490, 2093, 3021, 11, 286, 9644, 291, 13, 50744], \"temperature\": 0.0, \"avg_logprob\": -0.5492509603500366, \"compression_ratio\": 1.89453125, \"no_speech_prob\": 0.1347389966249466}, {\"id\": 100, \"seek\": 22574, \"start\": 233.33999633789062, \"end\": 234.27999877929688, \"text\": \" Yeah, that's fine.\", \"tokens\": [50744, 865, 11, 300, 311, 2489, 13, 50791], \"temperature\": 0.0, \"avg_logprob\": -0.5492509603500366, \"compression_ratio\": 1.89453125, \"no_speech_prob\": 0.1347389966249466}, {\"id\": 101, \"seek\": 22574, \"start\": 234.27999877929688, \"end\": 237.60000610351562, \"text\": \" I'm not a big social media spreader until I start making money from social media.\", \"tokens\": [50791, 286, 478, 406, 257, 955, 2093, 3021, 3974, 260, 1826, 286, 722, 1455, 1460, 490, 2093, 3021, 13, 50957], \"temperature\": 0.0, \"avg_logprob\": -0.5492509603500366, \"compression_ratio\": 1.89453125, \"no_speech_prob\": 0.1347389966249466}, {\"id\": 102, \"seek\": 22574, \"start\": 237.60000610351562, \"end\": 238.8800048828125, \"text\": \" Yeah, yeah.\", \"tokens\": [50957, 865, 11, 1338, 13, 51021], \"temperature\": 0.0, \"avg_logprob\": -0.5492509603500366, \"compression_ratio\": 1.89453125, \"no_speech_prob\": 0.1347389966249466}, {\"id\": 103, \"seek\": 22574, \"start\": 240.0800018310547, \"end\": 241.83999633789062, \"text\": \" I only got seven thousand followers.\", \"tokens\": [51081, 286, 787, 658, 3407, 4714, 13071, 13, 51169], \"temperature\": 0.0, \"avg_logprob\": -0.5492509603500366, \"compression_ratio\": 1.89453125, \"no_speech_prob\": 0.1347389966249466}, {\"id\": 104, \"seek\": 22574, \"start\": 241.83999633789062, \"end\": 243.8000030517578, \"text\": \" I'm making money.\", \"tokens\": [51169, 286, 478, 1455, 1460, 13, 51267], \"temperature\": 0.0, \"avg_logprob\": -0.5492509603500366, \"compression_ratio\": 1.89453125, \"no_speech_prob\": 0.1347389966249466}, {\"id\": 105, \"seek\": 22574, \"start\": 243.8000030517578, \"end\": 248.13999938964844, \"text\": \" I do look at content, but I do pay attention to the followings,\", \"tokens\": [51267, 286, 360, 574, 412, 2701, 11, 457, 286, 360, 1689, 3202, 281, 264, 1524, 1109, 11, 51484], \"temperature\": 0.0, \"avg_logprob\": -0.5492509603500366, \"compression_ratio\": 1.89453125, \"no_speech_prob\": 0.1347389966249466}, {\"id\": 106, \"seek\": 22574, \"start\": 248.13999938964844, \"end\": 251.74000549316406, \"text\": \" the followings, because, yeah, it looks weird if you're following\", \"tokens\": [51484, 264, 1524, 1109, 11, 570, 11, 1338, 11, 309, 1542, 3657, 498, 291, 434, 3480, 51664], \"temperature\": 0.0, \"avg_logprob\": -0.5492509603500366, \"compression_ratio\": 1.89453125, \"no_speech_prob\": 0.1347389966249466}, {\"id\": 107, \"seek\": 25174, \"start\": 251.74000549316406, \"end\": 255.83999633789062, \"text\": \" the followings, because, yeah, it looks weird if you're following\", \"tokens\": [50364, 264, 1524, 1109, 11, 570, 11, 1338, 11, 309, 1542, 3657, 498, 291, 434, 3480, 50569], \"temperature\": 0.0, \"avg_logprob\": -0.39496079087257385, \"compression_ratio\": 2.0545454025268555, \"no_speech_prob\": 0.11912001669406891}, {\"id\": 108, \"seek\": 25174, \"start\": 255.83999633789062, \"end\": 258.0, \"text\": \" like way more people that are that are following you.\", \"tokens\": [50569, 411, 636, 544, 561, 300, 366, 300, 366, 3480, 291, 13, 50677], \"temperature\": 0.0, \"avg_logprob\": -0.39496079087257385, \"compression_ratio\": 2.0545454025268555, \"no_speech_prob\": 0.11912001669406891}, {\"id\": 109, \"seek\": 25174, \"start\": 258.0, \"end\": 261.8800048828125, \"text\": \" And then I specifically pay attention to who you're following,\", \"tokens\": [50677, 400, 550, 286, 4682, 1689, 3202, 281, 567, 291, 434, 3480, 11, 50871], \"temperature\": 0.0, \"avg_logprob\": -0.39496079087257385, \"compression_ratio\": 2.0545454025268555, \"no_speech_prob\": 0.11912001669406891}, {\"id\": 110, \"seek\": 25174, \"start\": 262.239990234375, \"end\": 266.67999267578125, \"text\": \" because I see you're following like really like dirty ratchet girls.\", \"tokens\": [50889, 570, 286, 536, 291, 434, 3480, 411, 534, 411, 9360, 45885, 4519, 13, 51111], \"temperature\": 0.0, \"avg_logprob\": -0.39496079087257385, \"compression_ratio\": 2.0545454025268555, \"no_speech_prob\": 0.11912001669406891}, {\"id\": 111, \"seek\": 25174, \"start\": 267.239990234375, \"end\": 269.0, \"text\": \" I'm definitely not going to prove you.\", \"tokens\": [51139, 286, 478, 2138, 406, 516, 281, 7081, 291, 13, 51227], \"temperature\": 0.0, \"avg_logprob\": -0.39496079087257385, \"compression_ratio\": 2.0545454025268555, \"no_speech_prob\": 0.11912001669406891}, {\"id\": 112, \"seek\": 25174, \"start\": 269.0, \"end\": 270.0400085449219, \"text\": \" That's a good one, that's a good one.\", \"tokens\": [51227, 663, 311, 257, 665, 472, 11, 300, 311, 257, 665, 472, 13, 51279], \"temperature\": 0.0, \"avg_logprob\": -0.39496079087257385, \"compression_ratio\": 2.0545454025268555, \"no_speech_prob\": 0.11912001669406891}, {\"id\": 113, \"seek\": 25174, \"start\": 270.0400085449219, \"end\": 271.3399963378906, \"text\": \" Follow them ratchet hoes.\", \"tokens\": [51279, 9876, 552, 45885, 1106, 279, 13, 51344], \"temperature\": 0.0, \"avg_logprob\": -0.39496079087257385, \"compression_ratio\": 2.0545454025268555, \"no_speech_prob\": 0.11912001669406891}, {\"id\": 114, \"seek\": 25174, \"start\": 271.3399963378906, \"end\": 273.8800048828125, \"text\": \" Yeah, follow them ratchet hoes.\", \"tokens\": [51344, 865, 11, 1524, 552, 45885, 1106, 279, 13, 51471], \"temperature\": 0.0, \"avg_logprob\": -0.39496079087257385, \"compression_ratio\": 2.0545454025268555, \"no_speech_prob\": 0.11912001669406891}, {\"id\": 115, \"seek\": 25174, \"start\": 273.8800048828125, \"end\": 276.4800109863281, \"text\": \" What if you see, OK, let's be honest, you're not going to follow ratchet hoes.\", \"tokens\": [51471, 708, 498, 291, 536, 11, 2264, 11, 718, 311, 312, 3245, 11, 291, 434, 406, 516, 281, 1524, 45885, 1106, 279, 13, 51601], \"temperature\": 0.0, \"avg_logprob\": -0.39496079087257385, \"compression_ratio\": 2.0545454025268555, \"no_speech_prob\": 0.11912001669406891}, {\"id\": 116, \"seek\": 25174, \"start\": 276.4800109863281, \"end\": 277.67999267578125, \"text\": \" You're probably going to follow IG models.\", \"tokens\": [51601, 509, 434, 1391, 516, 281, 1524, 26367, 5245, 13, 51661], \"temperature\": 0.0, \"avg_logprob\": -0.39496079087257385, \"compression_ratio\": 2.0545454025268555, \"no_speech_prob\": 0.11912001669406891}, {\"id\": 117, \"seek\": 25174, \"start\": 277.67999267578125, \"end\": 278.29998779296875, \"text\": \" What if you saw that?\", \"tokens\": [51661, 708, 498, 291, 1866, 300, 30, 51692], \"temperature\": 0.0, \"avg_logprob\": -0.39496079087257385, \"compression_ratio\": 2.0545454025268555, \"no_speech_prob\": 0.11912001669406891}, {\"id\": 118, \"seek\": 25174, \"start\": 279.6000061035156, \"end\": 281.1400146484375, \"text\": \" Are they like normal looking ones?\", \"tokens\": [51757, 2014, 436, 411, 2710, 1237, 2306, 30, 51834], \"temperature\": 0.0, \"avg_logprob\": -0.39496079087257385, \"compression_ratio\": 2.0545454025268555, \"no_speech_prob\": 0.11912001669406891}, {\"id\": 119, \"seek\": 28114, \"start\": 281.1400146484375, \"end\": 284.67999267578125, \"text\": \" No, they're like, you know, filtered up and make the make,\", \"tokens\": [50364, 883, 11, 436, 434, 411, 11, 291, 458, 11, 37111, 493, 293, 652, 264, 652, 11, 50541], \"temperature\": 0.0, \"avg_logprob\": -0.4301850497722626, \"compression_ratio\": 1.756554365158081, \"no_speech_prob\": 0.00045826236600987613}, {\"id\": 120, \"seek\": 28114, \"start\": 285.0400085449219, \"end\": 287.1400146484375, \"text\": \" you know, contoured with the apps and all that.\", \"tokens\": [50559, 291, 458, 11, 660, 16439, 365, 264, 7733, 293, 439, 300, 13, 50664], \"temperature\": 0.0, \"avg_logprob\": -0.4301850497722626, \"compression_ratio\": 1.756554365158081, \"no_speech_prob\": 0.00045826236600987613}, {\"id\": 121, \"seek\": 28114, \"start\": 288.0799865722656, \"end\": 290.3999938964844, \"text\": \" I don't care that, but it's just it's literally like\", \"tokens\": [50711, 286, 500, 380, 1127, 300, 11, 457, 309, 311, 445, 309, 311, 3736, 411, 50827], \"temperature\": 0.0, \"avg_logprob\": -0.4301850497722626, \"compression_ratio\": 1.756554365158081, \"no_speech_prob\": 0.00045826236600987613}, {\"id\": 122, \"seek\": 28114, \"start\": 290.3999938964844, \"end\": 293.3399963378906, \"text\": \" if you're following dirty ratchet looking ones.\", \"tokens\": [50827, 498, 291, 434, 3480, 9360, 45885, 1237, 2306, 13, 50974], \"temperature\": 0.0, \"avg_logprob\": -0.4301850497722626, \"compression_ratio\": 1.756554365158081, \"no_speech_prob\": 0.00045826236600987613}, {\"id\": 123, \"seek\": 28114, \"start\": 293.44000244140625, \"end\": 294.6400146484375, \"text\": \" Oh, that's an issue.\", \"tokens\": [50979, 876, 11, 300, 311, 364, 2734, 13, 51039], \"temperature\": 0.0, \"avg_logprob\": -0.4301850497722626, \"compression_ratio\": 1.756554365158081, \"no_speech_prob\": 0.00045826236600987613}, {\"id\": 124, \"seek\": 28114, \"start\": 294.6400146484375, \"end\": 297.5400085449219, \"text\": \" Because now, like, yeah, OK, they like them.\", \"tokens\": [51039, 1436, 586, 11, 411, 11, 1338, 11, 2264, 11, 436, 411, 552, 13, 51184], \"temperature\": 0.0, \"avg_logprob\": -0.4301850497722626, \"compression_ratio\": 1.756554365158081, \"no_speech_prob\": 0.00045826236600987613}, {\"id\": 125, \"seek\": 28114, \"start\": 298.5400085449219, \"end\": 300.0400085449219, \"text\": \" You're not going to put me in that same category.\", \"tokens\": [51234, 509, 434, 406, 516, 281, 829, 385, 294, 300, 912, 7719, 13, 51309], \"temperature\": 0.0, \"avg_logprob\": -0.4301850497722626, \"compression_ratio\": 1.756554365158081, \"no_speech_prob\": 0.00045826236600987613}, {\"id\": 126, \"seek\": 28114, \"start\": 300.0400085449219, \"end\": 303.0, \"text\": \" Like, you know, it's like, how is it that you like me, but you like them?\", \"tokens\": [51309, 1743, 11, 291, 458, 11, 309, 311, 411, 11, 577, 307, 309, 300, 291, 411, 385, 11, 457, 291, 411, 552, 30, 51457], \"temperature\": 0.0, \"avg_logprob\": -0.4301850497722626, \"compression_ratio\": 1.756554365158081, \"no_speech_prob\": 0.00045826236600987613}, {\"id\": 127, \"seek\": 28114, \"start\": 303.0, \"end\": 305.239990234375, \"text\": \" Right. You're not. We're not putting together.\", \"tokens\": [51457, 1779, 13, 509, 434, 406, 13, 492, 434, 406, 3372, 1214, 13, 51569], \"temperature\": 0.0, \"avg_logprob\": -0.4301850497722626, \"compression_ratio\": 1.756554365158081, \"no_speech_prob\": 0.00045826236600987613}, {\"id\": 128, \"seek\": 28114, \"start\": 305.239990234375, \"end\": 307.17999267578125, \"text\": \" Yeah. Am I one of those?\", \"tokens\": [51569, 865, 13, 2012, 286, 472, 295, 729, 30, 51666], \"temperature\": 0.0, \"avg_logprob\": -0.4301850497722626, \"compression_ratio\": 1.756554365158081, \"no_speech_prob\": 0.00045826236600987613}, {\"id\": 129, \"seek\": 30718, \"start\": 307.2799987792969, \"end\": 308.0799865722656, \"text\": \" You're not.\", \"tokens\": [50369, 509, 434, 406, 13, 50409], \"temperature\": 0.0, \"avg_logprob\": -0.34532129764556885, \"compression_ratio\": 1.84952974319458, \"no_speech_prob\": 0.024420563131570816}, {\"id\": 130, \"seek\": 30718, \"start\": 308.0799865722656, \"end\": 311.5799865722656, \"text\": \" I mean, yeah, I mean, OK, I get clubs and stuff like that.\", \"tokens\": [50409, 286, 914, 11, 1338, 11, 286, 914, 11, 2264, 11, 286, 483, 6482, 82, 293, 1507, 411, 300, 13, 50584], \"temperature\": 0.0, \"avg_logprob\": -0.34532129764556885, \"compression_ratio\": 1.84952974319458, \"no_speech_prob\": 0.024420563131570816}, {\"id\": 131, \"seek\": 30718, \"start\": 311.6400146484375, \"end\": 312.4800109863281, \"text\": \" What about you?\", \"tokens\": [50587, 708, 466, 291, 30, 50629], \"temperature\": 0.0, \"avg_logprob\": -0.34532129764556885, \"compression_ratio\": 1.84952974319458, \"no_speech_prob\": 0.024420563131570816}, {\"id\": 132, \"seek\": 30718, \"start\": 312.4800109863281, \"end\": 313.94000244140625, \"text\": \" Yeah, I think it's a variety of factors.\", \"tokens\": [50629, 865, 11, 286, 519, 309, 311, 257, 5673, 295, 6771, 13, 50702], \"temperature\": 0.0, \"avg_logprob\": -0.34532129764556885, \"compression_ratio\": 1.84952974319458, \"no_speech_prob\": 0.024420563131570816}, {\"id\": 133, \"seek\": 30718, \"start\": 313.94000244140625, \"end\": 315.239990234375, \"text\": \" It's it's it's ratio.\", \"tokens\": [50702, 467, 311, 309, 311, 309, 311, 8509, 13, 50767], \"temperature\": 0.0, \"avg_logprob\": -0.34532129764556885, \"compression_ratio\": 1.84952974319458, \"no_speech_prob\": 0.024420563131570816}, {\"id\": 134, \"seek\": 30718, \"start\": 315.239990234375, \"end\": 317.3399963378906, \"text\": \" It's how many people are following you versus who you're following.\", \"tokens\": [50767, 467, 311, 577, 867, 561, 366, 3480, 291, 5717, 567, 291, 434, 3480, 13, 50872], \"temperature\": 0.0, \"avg_logprob\": -0.34532129764556885, \"compression_ratio\": 1.84952974319458, \"no_speech_prob\": 0.024420563131570816}, {\"id\": 135, \"seek\": 30718, \"start\": 317.3399963378906, \"end\": 319.8800048828125, \"text\": \" It's what you said about like sometimes really lit people will have\", \"tokens\": [50872, 467, 311, 437, 291, 848, 466, 411, 2171, 534, 7997, 561, 486, 362, 50999], \"temperature\": 0.0, \"avg_logprob\": -0.34532129764556885, \"compression_ratio\": 1.84952974319458, \"no_speech_prob\": 0.024420563131570816}, {\"id\": 136, \"seek\": 30718, \"start\": 319.8800048828125, \"end\": 321.1400146484375, \"text\": \" will be ghosts on Instagram.\", \"tokens\": [50999, 486, 312, 21744, 322, 5281, 13, 51062], \"temperature\": 0.0, \"avg_logprob\": -0.34532129764556885, \"compression_ratio\": 1.84952974319458, \"no_speech_prob\": 0.024420563131570816}, {\"id\": 137, \"seek\": 30718, \"start\": 321.1400146484375, \"end\": 322.8800048828125, \"text\": \" And it's what you said about who they're following,\", \"tokens\": [51062, 400, 309, 311, 437, 291, 848, 466, 567, 436, 434, 3480, 11, 51149], \"temperature\": 0.0, \"avg_logprob\": -0.34532129764556885, \"compression_ratio\": 1.84952974319458, \"no_speech_prob\": 0.024420563131570816}, {\"id\": 138, \"seek\": 30718, \"start\": 322.8800048828125, \"end\": 325.7200012207031, \"text\": \" because if you're following like every celebrity, you're like lame to me.\", \"tokens\": [51149, 570, 498, 291, 434, 3480, 411, 633, 18597, 11, 291, 434, 411, 27635, 281, 385, 13, 51291], \"temperature\": 0.0, \"avg_logprob\": -0.34532129764556885, \"compression_ratio\": 1.84952974319458, \"no_speech_prob\": 0.024420563131570816}, {\"id\": 139, \"seek\": 30718, \"start\": 325.7200012207031, \"end\": 327.6199951171875, \"text\": \" Like, why are you watching all these people's lives?\", \"tokens\": [51291, 1743, 11, 983, 366, 291, 1976, 439, 613, 561, 311, 2909, 30, 51386], \"temperature\": 0.0, \"avg_logprob\": -0.34532129764556885, \"compression_ratio\": 1.84952974319458, \"no_speech_prob\": 0.024420563131570816}, {\"id\": 140, \"seek\": 30718, \"start\": 327.6199951171875, \"end\": 329.2200012207031, \"text\": \" And they're not watching you.\", \"tokens\": [51386, 400, 436, 434, 406, 1976, 291, 13, 51466], \"temperature\": 0.0, \"avg_logprob\": -0.34532129764556885, \"compression_ratio\": 1.84952974319458, \"no_speech_prob\": 0.024420563131570816}, {\"id\": 141, \"seek\": 30718, \"start\": 329.2200012207031, \"end\": 332.2799987792969, \"text\": \" It's just weird at all.\", \"tokens\": [51466, 467, 311, 445, 3657, 412, 439, 13, 51619], \"temperature\": 0.0, \"avg_logprob\": -0.34532129764556885, \"compression_ratio\": 1.84952974319458, \"no_speech_prob\": 0.024420563131570816}, {\"id\": 142, \"seek\": 30718, \"start\": 332.5799865722656, \"end\": 335.0799865722656, \"text\": \" I would just say, man, the game is rigged.\", \"tokens\": [51634, 286, 576, 445, 584, 11, 587, 11, 264, 1216, 307, 8329, 3004, 13, 51759], \"temperature\": 0.0, \"avg_logprob\": -0.34532129764556885, \"compression_ratio\": 1.84952974319458, \"no_speech_prob\": 0.024420563131570816}, {\"id\": 143, \"seek\": 33508, \"start\": 335.0799865722656, \"end\": 337.739990234375, \"text\": \" Play to your advantage. Do what you got to do.\", \"tokens\": [50364, 5506, 281, 428, 5002, 13, 1144, 437, 291, 658, 281, 360, 13, 50497], \"temperature\": 0.0, \"avg_logprob\": -0.48814746737480164, \"compression_ratio\": 1.1232876777648926, \"no_speech_prob\": 0.40677258372306824}, {\"id\": 144, \"seek\": 33508, \"start\": 337.739990234375, \"end\": 338.94000244140625, \"text\": \" However, you get done, get it done.\", \"tokens\": [50497, 2908, 11, 291, 483, 1096, 11, 483, 309, 1096, 13, 50557], \"temperature\": 0.0, \"avg_logprob\": -0.48814746737480164, \"compression_ratio\": 1.1232876777648926, \"no_speech_prob\": 0.40677258372306824}]}"}