{"title": "Jack Denmo: TikTok is for Dumb People\ufffc", "video_id": "W0VWx6dtw_k", "video_url": "https://www.youtube.com/watch?v=W0VWx6dtw_k", "description": "Watch the full video here: \nhttps://youtu.be/d68ulNSAHik", "published_at": "2022-07-12T10:23:54Z", "channel_id": "UC0T1bDzajVefRWx4uKdGyuw", "channel_title": "Michael Sartain", "tags": [], "category_id": "24", "live_broadcast_content": "none", "duration": 61.0, "dimension": "2d", "definition": "hd", "caption": "false", "view_count": 3790, "like_count": 220, "comment_count": 9, "channel_info": {"title": "Michael Sartain", "description": "\ud83c\udf99Host of The\u00a0Michael Sartain Podcast \n\n\ud83d\udd25Teaching you how to build a network of desirable women and high-status men\n\n\ud83d\udc47 Click the \"Men of Action\" link below now to forge a high-status lifestyle and join the elites \n", "subscriber_count": "80500", "total_views": "29545897", "total_videos": "1481"}, "comments": [], "file_path": "/Users/aelaguiz/workspace/fc_book/audio/raws/W0VWx6dtw_k.mp3", "transcription": "{\"text\": \"TikTok is for dumb people. It's for people with low IQ. TikTok, you have to essentially communicate to people in such a small amount of time, which means that the people that congregate on there are people with very low attention spans. They have to instantly get that dopamine hit within like 7 to 30 seconds. Their attention span cannot last a whole YouTube video. Their attention span cannot last a still image on an Instagram page. That's not enough for them. They need to be stimulated right away. Super low attention span. They need that crack hit instantly, right? And the people that have the issue where they have a very low attention span, they lack in discipline. They're very impulsive. They usually have eating disorders. And by eating disorders, I don't mean like they're starving themselves to be a model. I mean like they are compulsively eating and consuming food that is very unhealthy for them. They don't exercise. They generally don't try hard. They don't play sports. They don't work out. All they do is they get hijacked by the dopamine center in their brain and they \", \"segments\": [{\"id\": 0, \"seek\": 0, \"start\": 0.0, \"end\": 6.880000114440918, \"text\": \" TikTok is for dumb people. It's for people with low IQ. TikTok, you have to essentially communicate\", \"tokens\": [50364, 20211, 307, 337, 10316, 561, 13, 467, 311, 337, 561, 365, 2295, 28921, 13, 20211, 11, 291, 362, 281, 4476, 7890, 50708], \"temperature\": 0.0, \"avg_logprob\": -0.17154209315776825, \"compression_ratio\": 1.787313461303711, \"no_speech_prob\": 0.006096331402659416}, {\"id\": 1, \"seek\": 0, \"start\": 6.880000114440918, \"end\": 11.680000305175781, \"text\": \" to people in such a small amount of time, which means that the people that congregate on there\", \"tokens\": [50708, 281, 561, 294, 1270, 257, 1359, 2372, 295, 565, 11, 597, 1355, 300, 264, 561, 300, 23002, 473, 322, 456, 50948], \"temperature\": 0.0, \"avg_logprob\": -0.17154209315776825, \"compression_ratio\": 1.787313461303711, \"no_speech_prob\": 0.006096331402659416}, {\"id\": 2, \"seek\": 0, \"start\": 11.680000305175781, \"end\": 16.399999618530273, \"text\": \" are people with very low attention spans. They have to instantly get that dopamine hit within\", \"tokens\": [50948, 366, 561, 365, 588, 2295, 3202, 44086, 13, 814, 362, 281, 13518, 483, 300, 37219, 2045, 1951, 51184], \"temperature\": 0.0, \"avg_logprob\": -0.17154209315776825, \"compression_ratio\": 1.787313461303711, \"no_speech_prob\": 0.006096331402659416}, {\"id\": 3, \"seek\": 0, \"start\": 16.399999618530273, \"end\": 22.079999923706055, \"text\": \" like 7 to 30 seconds. Their attention span cannot last a whole YouTube video. Their attention span\", \"tokens\": [51184, 411, 1614, 281, 2217, 3949, 13, 6710, 3202, 16174, 2644, 1036, 257, 1379, 3088, 960, 13, 6710, 3202, 16174, 51468], \"temperature\": 0.0, \"avg_logprob\": -0.17154209315776825, \"compression_ratio\": 1.787313461303711, \"no_speech_prob\": 0.006096331402659416}, {\"id\": 4, \"seek\": 0, \"start\": 22.079999923706055, \"end\": 27.600000381469727, \"text\": \" cannot last a still image on an Instagram page. That's not enough for them. They need to be\", \"tokens\": [51468, 2644, 1036, 257, 920, 3256, 322, 364, 5281, 3028, 13, 663, 311, 406, 1547, 337, 552, 13, 814, 643, 281, 312, 51744], \"temperature\": 0.0, \"avg_logprob\": -0.17154209315776825, \"compression_ratio\": 1.787313461303711, \"no_speech_prob\": 0.006096331402659416}, {\"id\": 5, \"seek\": 2760, \"start\": 27.600000381469727, \"end\": 33.119998931884766, \"text\": \" stimulated right away. Super low attention span. They need that crack hit instantly, right?\", \"tokens\": [50364, 8983, 6987, 558, 1314, 13, 4548, 2295, 3202, 16174, 13, 814, 643, 300, 6226, 2045, 13518, 11, 558, 30, 50640], \"temperature\": 0.0, \"avg_logprob\": -0.170980304479599, \"compression_ratio\": 1.9298245906829834, \"no_speech_prob\": 0.1440851092338562}, {\"id\": 6, \"seek\": 2760, \"start\": 33.119998931884766, \"end\": 36.720001220703125, \"text\": \" And the people that have the issue where they have a very low attention span,\", \"tokens\": [50640, 400, 264, 561, 300, 362, 264, 2734, 689, 436, 362, 257, 588, 2295, 3202, 16174, 11, 50820], \"temperature\": 0.0, \"avg_logprob\": -0.170980304479599, \"compression_ratio\": 1.9298245906829834, \"no_speech_prob\": 0.1440851092338562}, {\"id\": 7, \"seek\": 2760, \"start\": 36.720001220703125, \"end\": 41.36000061035156, \"text\": \" they lack in discipline. They're very impulsive. They usually have eating disorders. And by eating\", \"tokens\": [50820, 436, 5011, 294, 13635, 13, 814, 434, 588, 704, 32657, 13, 814, 2673, 362, 3936, 20261, 13, 400, 538, 3936, 51052], \"temperature\": 0.0, \"avg_logprob\": -0.170980304479599, \"compression_ratio\": 1.9298245906829834, \"no_speech_prob\": 0.1440851092338562}, {\"id\": 8, \"seek\": 2760, \"start\": 41.36000061035156, \"end\": 45.91999816894531, \"text\": \" disorders, I don't mean like they're starving themselves to be a model. I mean like they are\", \"tokens\": [51052, 20261, 11, 286, 500, 380, 914, 411, 436, 434, 28420, 2969, 281, 312, 257, 2316, 13, 286, 914, 411, 436, 366, 51280], \"temperature\": 0.0, \"avg_logprob\": -0.170980304479599, \"compression_ratio\": 1.9298245906829834, \"no_speech_prob\": 0.1440851092338562}, {\"id\": 9, \"seek\": 2760, \"start\": 45.91999816894531, \"end\": 51.84000015258789, \"text\": \" compulsively eating and consuming food that is very unhealthy for them. They don't exercise.\", \"tokens\": [51280, 42773, 3413, 3936, 293, 19867, 1755, 300, 307, 588, 29147, 337, 552, 13, 814, 500, 380, 5380, 13, 51576], \"temperature\": 0.0, \"avg_logprob\": -0.170980304479599, \"compression_ratio\": 1.9298245906829834, \"no_speech_prob\": 0.1440851092338562}, {\"id\": 10, \"seek\": 2760, \"start\": 51.84000015258789, \"end\": 57.119998931884766, \"text\": \" They generally don't try hard. They don't play sports. They don't work out. All they do is they\", \"tokens\": [51576, 814, 5101, 500, 380, 853, 1152, 13, 814, 500, 380, 862, 6573, 13, 814, 500, 380, 589, 484, 13, 1057, 436, 360, 307, 436, 51840], \"temperature\": 0.0, \"avg_logprob\": -0.170980304479599, \"compression_ratio\": 1.9298245906829834, \"no_speech_prob\": 0.1440851092338562}, {\"id\": 11, \"seek\": 5712, \"start\": 57.119998931884766, \"end\": 60.2400016784668, \"text\": \" get hijacked by the dopamine center in their brain and they\", \"tokens\": [50364, 483, 10625, 25949, 538, 264, 37219, 3056, 294, 641, 3567, 293, 436, 50520], \"temperature\": 0.0, \"avg_logprob\": -0.33780038356781006, \"compression_ratio\": 1.0, \"no_speech_prob\": 0.6331315636634827}]}"}