{"title": "Believing in astrology is for privileged kids only", "video_id": "WJp7fg5GDIY", "video_url": "https://www.youtube.com/watch?v=WJp7fg5GDIY", "description": "\u2014\u2014\u2014\u2014\u2014\u2014\u2014\u2014\u2014\u2014\u2014\u2014\u2014\u2014\u2014\u2014\u2014\u2014\u2014\u2014\nReady to build a network of amazing women and high-status men?\n\nMichael\u2019s Men of Action is a one-on-one Master\u2019s program that teaches men how to create elite \nsocial lives by becoming higher status.\n\nClick this link to learn how you can have a High-Status lifestyle now:\nhttps://m.moamentoring.com/podcast\n\nClick here to join the Men of Action community and watch the High-Status Networking 101 course:\nhttps://m.moamentoring.com/moa-community\n\nInterested in joining the Men of Action sales team? Apply here:\nhttps://www.moamentoring.com/jobs/sales\n\nMen of Action has an affiliate program! Post pre-made content and get paid passively:\nhttps://www.moamentoring.com/affiliate\n\u2014\u2014\u2014\u2014\u2014\u2014\u2014\u2014\u2014\u2014\u2014\u2014\u2014\u2014\u2014\u2014\u2014\u2014\u2014\u2014\n\nSubscribe on Youtube: \nhttps://www.youtube.com/user/MichaelSartain\n\nListen on Apple Podcast: \nhttps://podcasts.apple.com/us/podcast/the-michael-sartain-podcast/id1579791157\n\nListen on Spotify: \nhttps://open.spotify.com/show/2faAYwvDD9Bvkpwv6umlPO?si=8Q3ak9HnSlKjuChsTXr6YQ&dl_branch=1\n\n#michael #michaelsartain #michael_sartain #michael_sartain_podcast", "published_at": "2023-11-19T22:00:22Z", "channel_id": "UC0T1bDzajVefRWx4uKdGyuw", "channel_title": "Michael Sartain", "tags": ["Michael", "Michael Sartain", "Michael Sartain Podcast", "Michael Podcast", "MOA", "Men Of Action", "Michael Sartain Course", "Michael Sartain With Hot Women", "Playboy", "Swimsuit", "Swimsuit Competition", "ichael sartain social circle", "social circle", "how to netowrk", "moa", "moa podcast", "gender wage gap", "gender wage gap myth", "wage gap", "social value", "michael sartain course", "looks money status", "social circle mentorship", "michael sartain social circle game", "men of action podcast", "men of action course"], "category_id": "24", "live_broadcast_content": "none", "duration": 38.0, "dimension": "2d", "definition": "hd", "caption": "false", "view_count": 1377, "like_count": 73, "comment_count": 0, "channel_info": {"title": "Michael Sartain", "description": "\ud83c\udf99Host of The\u00a0Michael Sartain Podcast \n\n\ud83d\udd25Teaching you how to build a network of desirable women and high-status men\n\n\ud83d\udc47 Click the \"Men of Action\" link below now to forge a high-status lifestyle and join the elites \n", "subscriber_count": "80500", "total_views": "29545897", "total_videos": "1481"}, "comments": [], "file_path": "/Users/aelaguiz/workspace/fc_book/audio/raws/WJp7fg5GDIY.mp3", "transcription": "{\"text\": \"How incredible would it be to have the privilege to believe that your wife is the way it is because of Brazilian power? I'm a man. I have to work. I don't have the privilege to believe this I'm asked to go on podcasts and people want me to work with their business because of the value I bring not because of The day I was born. It's not because of astrology So privileged that you could just believe that I don't mind if people believe in astrology just as long as you work So if you guys have ever met like a really good sales guy high ticket sales guy But he believes in all kinds of superstitions, whatever, bro If you meet a basketball player baseball player if Adoles Garcia hits five home runs in a row But the guy has like a chicken head hanging in his whatever broke, but just keep hitting the home run \", \"segments\": [{\"id\": 0, \"seek\": 0, \"start\": 0.0, \"end\": 5.159999847412109, \"text\": \" How incredible would it be to have the privilege to believe that your wife is the way it is because of Brazilian power?\", \"tokens\": [50364, 1012, 4651, 576, 309, 312, 281, 362, 264, 12122, 281, 1697, 300, 428, 3836, 307, 264, 636, 309, 307, 570, 295, 23435, 1347, 30, 50622], \"temperature\": 0.0, \"avg_logprob\": -0.2935793101787567, \"compression_ratio\": 1.9575971364974976, \"no_speech_prob\": 0.2658555209636688}, {\"id\": 1, \"seek\": 0, \"start\": 5.360000133514404, \"end\": 9.319999694824219, \"text\": \" I'm a man. I have to work. I don't have the privilege to believe this\", \"tokens\": [50632, 286, 478, 257, 587, 13, 286, 362, 281, 589, 13, 286, 500, 380, 362, 264, 12122, 281, 1697, 341, 50830], \"temperature\": 0.0, \"avg_logprob\": -0.2935793101787567, \"compression_ratio\": 1.9575971364974976, \"no_speech_prob\": 0.2658555209636688}, {\"id\": 2, \"seek\": 0, \"start\": 9.319999694824219, \"end\": 14.239999771118164, \"text\": \" I'm asked to go on podcasts and people want me to work with their business because of the value I bring not because of\", \"tokens\": [50830, 286, 478, 2351, 281, 352, 322, 24045, 293, 561, 528, 385, 281, 589, 365, 641, 1606, 570, 295, 264, 2158, 286, 1565, 406, 570, 295, 51076], \"temperature\": 0.0, \"avg_logprob\": -0.2935793101787567, \"compression_ratio\": 1.9575971364974976, \"no_speech_prob\": 0.2658555209636688}, {\"id\": 3, \"seek\": 0, \"start\": 14.239999771118164, \"end\": 17.15999984741211, \"text\": \" The day I was born. It's not because of astrology\", \"tokens\": [51076, 440, 786, 286, 390, 4232, 13, 467, 311, 406, 570, 295, 44385, 51222], \"temperature\": 0.0, \"avg_logprob\": -0.2935793101787567, \"compression_ratio\": 1.9575971364974976, \"no_speech_prob\": 0.2658555209636688}, {\"id\": 4, \"seek\": 0, \"start\": 17.799999237060547, \"end\": 22.360000610351562, \"text\": \" So privileged that you could just believe that I don't mind if people believe in astrology just as long as you work\", \"tokens\": [51254, 407, 25293, 300, 291, 727, 445, 1697, 300, 286, 500, 380, 1575, 498, 561, 1697, 294, 44385, 445, 382, 938, 382, 291, 589, 51482], \"temperature\": 0.0, \"avg_logprob\": -0.2935793101787567, \"compression_ratio\": 1.9575971364974976, \"no_speech_prob\": 0.2658555209636688}, {\"id\": 5, \"seek\": 0, \"start\": 22.360000610351562, \"end\": 25.84000015258789, \"text\": \" So if you guys have ever met like a really good sales guy high ticket sales guy\", \"tokens\": [51482, 407, 498, 291, 1074, 362, 1562, 1131, 411, 257, 534, 665, 5763, 2146, 1090, 10550, 5763, 2146, 51656], \"temperature\": 0.0, \"avg_logprob\": -0.2935793101787567, \"compression_ratio\": 1.9575971364974976, \"no_speech_prob\": 0.2658555209636688}, {\"id\": 6, \"seek\": 2584, \"start\": 25.84000015258789, \"end\": 28.1200008392334, \"text\": \" But he believes in all kinds of superstitions, whatever, bro\", \"tokens\": [50364, 583, 415, 12307, 294, 439, 3685, 295, 29423, 2451, 11, 2035, 11, 2006, 50478], \"temperature\": 0.0, \"avg_logprob\": -0.3374384343624115, \"compression_ratio\": 1.5058823823928833, \"no_speech_prob\": 0.29404929280281067}, {\"id\": 7, \"seek\": 2584, \"start\": 28.1200008392334, \"end\": 32.459999084472656, \"text\": \" If you meet a basketball player baseball player if Adoles Garcia hits five home runs in a row\", \"tokens\": [50478, 759, 291, 1677, 257, 11767, 4256, 14323, 4256, 498, 1999, 401, 279, 33738, 8664, 1732, 1280, 6676, 294, 257, 5386, 50695], \"temperature\": 0.0, \"avg_logprob\": -0.3374384343624115, \"compression_ratio\": 1.5058823823928833, \"no_speech_prob\": 0.29404929280281067}, {\"id\": 8, \"seek\": 2584, \"start\": 32.459999084472656, \"end\": 37.040000915527344, \"text\": \" But the guy has like a chicken head hanging in his whatever broke, but just keep hitting the home run\", \"tokens\": [50695, 583, 264, 2146, 575, 411, 257, 4662, 1378, 8345, 294, 702, 2035, 6902, 11, 457, 445, 1066, 8850, 264, 1280, 1190, 50924], \"temperature\": 0.0, \"avg_logprob\": -0.3374384343624115, \"compression_ratio\": 1.5058823823928833, \"no_speech_prob\": 0.29404929280281067}]}"}