{"title": "The Worst Kind Of People To Do Any Business With", "video_id": "WqOJimJP0yg", "video_url": "https://www.youtube.com/watch?v=WqOJimJP0yg", "description": "Watch the full thing here : https://youtu.be/rkZpaIzN2mw?si=SYdTTMMZakaa4403\n\n\u2014\u2014\u2014\u2014\u2014\u2014\u2014\u2014\u2014\u2014\u2014\u2014\u2014\u2014\u2014\u2014\u2014\u2014\u2014\u2014\nReady to build a network of amazing women and high-status men?\n\nMichael\u2019s Men of Action is a one-on-one Master\u2019s program that teaches men how to create elite \nsocial lives by becoming higher status.\n\nClick this link to learn how you can have a High-Status lifestyle now:\nhttps://m.moamentoring.com/podcast\n\nClick here to join the Men of Action community and watch the High-Status Networking 101 course:\nhttps://m.moamentoring.com/moa-community\n\nInterested in joining the Men of Action sales team? Apply here:\nhttps://www.moamentoring.com/jobs/sales\n\nMen of Action has an affiliate program! Post pre-made content and get paid passively:\nhttps://www.moamentoring.com/affiliate\n\u2014\u2014\u2014\u2014\u2014\u2014\u2014\u2014\u2014\u2014\u2014\u2014\u2014\u2014\u2014\u2014\u2014\u2014\u2014\u2014\n\nSubscribe on Youtube: \nhttps://www.youtube.com/user/MichaelSartain\n\nListen on Apple Podcast: \nhttps://podcasts.apple.com/us/podcast/the-michael-sartain-podcast/id1579791157\n\nListen on Spotify: \nhttps://open.spotify.com/show/2faAYwvDD9Bvkpwv6umlPO?si=8Q3ak9HnSlKjuChsTXr6YQ&dl_branch=1\n\n#michael #michaelsartain #michael_sartain #michael_sartain_podcast", "published_at": "2023-10-27T14:45:03Z", "channel_id": "UC0T1bDzajVefRWx4uKdGyuw", "channel_title": "Michael Sartain", "tags": ["Michael", "Michael Sartain", "Michael Sartain Podcast", "Michael Podcast", "MOA", "Men Of Action", "Michael Sartain Course", "Michael Sartain With Hot Women", "Playboy", "Swimsuit", "Swimsuit Competition", "ichael sartain social circle", "social circle", "how to netowrk", "moa", "moa podcast", "gender wage gap", "gender wage gap myth", "wage gap", "social value", "michael sartain course", "looks money status", "social circle mentorship", "michael sartain social circle game", "men of action podcast", "men of action course"], "category_id": "24", "live_broadcast_content": "none", "duration": 244.0, "dimension": "2d", "definition": "hd", "caption": "false", "view_count": 2338, "like_count": 79, "comment_count": 12, "channel_info": {"title": "Michael Sartain", "description": "\ud83c\udf99Host of The\u00a0Michael Sartain Podcast \n\n\ud83d\udd25Teaching you how to build a network of desirable women and high-status men\n\n\ud83d\udc47 Click the \"Men of Action\" link below now to forge a high-status lifestyle and join the elites \n", "subscriber_count": "80500", "total_views": "29545897", "total_videos": "1481"}, "comments": [], "file_path": "/Users/aelaguiz/workspace/fc_book/audio/raws/WqOJimJP0yg.mp3", "transcription": "{\"text\": \"The biggest, prettiest models with the biggest following always show up on time, they're super grateful, they know how to pose, they're hyper-professional, they're never doing drugs. It's the girl with 4K followers who's asking you for her to pay for her hotel and her fucking, her plane ride, she's not, like just nothing but trouble. People who've done multiple deals with you, and you probably don't have to be on the phone with them every day, because they understand, they give you a longer leash, they give you more leeway. One of the issues I have in the coaching space is that if a guy comes and he does 20K paid in full, I never have problems from this guy, he follows all my directions, because he's super invested in the program. When I have a guy who comes in for my free program and he's haggling with my sales guy on my cheapest product, I just know I'm gonna have to deal with shit with this dude. It's almost to the point where like, why are we even, let's just get rid of, it's the same, I don't know if it was Grant Cardona or somebody who's talking, he was like, I've got 40,000 people in my program, we keep hearing the same 10 names, can we just fire them? Do you have the same issue where you're bigger investors? It's the same thing with models. The biggest, prettiest models with the biggest following always show up on time, they're super grateful, they know how to pose, they're hyper-professional, they're never doing drugs. It's the girl with 4K followers who's asking you for her to pay for her hotel and her fucking, her plane ride, she's not, like just nothing but trouble. Why do you think that is? Because of entitlement, because one time, I'll tell you why, because one time she fucked an outfielder for the Padres and now she thinks that's how hot she is, that's why. And then from every standpoint from that point forward, if you don't match up to that, then you aren't good enough. And so I just cannot believe, so three of my closest friends, Kindly Myers, Kaitlyn Runk, and CJ Sparks. I'm really close to them. I'm also close with Emily Sears, Lindsey Payless, and Chloe Tour\\u00e9. They're huge models, they're always professional. Whenever they come to a shoot or a party, they're always on time, it's incredible. I'll have some girl who's just kind of busted, bro, she's kind of mid with 4,000 followers and she's literally asking me for a hotel room in Los Angeles, I'm like, why would we do this? Like, I'm just so, it's so crazy. And then here's what else is crazy. Sometimes we offer to pay Kindly to come to like some of our events, we'll like pay for our airfare because she's a huge follower and she's a huge following and she raises money for our charity events. And she says, no, I'm not gonna do it, you don't have to pay me. It's so crazy how this like abundance mindset with people who are successful are just so much better. It's so much better, I learned so much more going out with Dan Fleischman and I'm sitting there to Eric Spofford and Wes Watson, who are just like there, nobody's concerned about petty shit. These guys are so fucking successful. There's no pettiness, there's nothing that slows them down. And it's so interesting when you see people that abundance mindset, they're easier to deal with and they're richer. It's just, and then the same thing with models, they're easier to deal with and they're hotter. It's just so crazy how this one area of the world, it's like, and that's one thing that I found is like when I, my guy, some of my guy friends have become photographers, some of my clients have become photographers and I'm like, if you keep aiming higher, you'll notice it's way easier. When you start aiming lower and you try to do, that's why, what was it, Grant Cardone was talking about the single family homes and he wants the multi-units because when you deal with that type of situation, there's just like less drama. Can you talk about that? Do you have a similar instance? No, 100%. So raising money from investors, it's exactly like that. My larger check investors that are floating $300,000, $400,000 checks without asking any questions, they're so easy. I just text them the opportunity. They're like, hey, count me in for 350. They wire the money in right away. There's no questions asked along the way. We do monthly reporting, but they're just so chill. Never hear from them, right? Because they're used to writing these big checks and they've got so much other big shit going on, they're not worried about floating that money. Now, it's the $25,000 investor, the $50,000 investor that's never invested before, those are the ones that have a million questions, they wanna do an audit, they wanna go drive by the property, they wanna do their own due diligence and quite frankly, it's like, no, our investors invest with us because they know they don't have to understand all the ins and outs of the real estate, right? They invest with us because they trust us. And so if you're gonna trust us, great, but if not, and you're gonna ask a million questions, you wanna do all these audits, it's like, I just tell them, hey, I'm sorry, but we're not gonna be a fit. Let me point you in the right direction with some other operators that might be willing to do that. \", \"segments\": [{\"id\": 0, \"seek\": 0, \"start\": 0.0, \"end\": 2.640000104904175, \"text\": \" The biggest, prettiest models with the biggest following\", \"tokens\": [50364, 440, 3880, 11, 45421, 6495, 5245, 365, 264, 3880, 3480, 50496], \"temperature\": 0.0, \"avg_logprob\": -0.24464771151542664, \"compression_ratio\": 1.7668712139129639, \"no_speech_prob\": 0.0028445490170270205}, {\"id\": 1, \"seek\": 0, \"start\": 2.640000104904175, \"end\": 5.0, \"text\": \" always show up on time, they're super grateful,\", \"tokens\": [50496, 1009, 855, 493, 322, 565, 11, 436, 434, 1687, 7941, 11, 50614], \"temperature\": 0.0, \"avg_logprob\": -0.24464771151542664, \"compression_ratio\": 1.7668712139129639, \"no_speech_prob\": 0.0028445490170270205}, {\"id\": 2, \"seek\": 0, \"start\": 5.0, \"end\": 7.360000133514404, \"text\": \" they know how to pose, they're hyper-professional,\", \"tokens\": [50614, 436, 458, 577, 281, 10774, 11, 436, 434, 9848, 12, 29175, 44226, 11, 50732], \"temperature\": 0.0, \"avg_logprob\": -0.24464771151542664, \"compression_ratio\": 1.7668712139129639, \"no_speech_prob\": 0.0028445490170270205}, {\"id\": 3, \"seek\": 0, \"start\": 7.360000133514404, \"end\": 8.479999542236328, \"text\": \" they're never doing drugs.\", \"tokens\": [50732, 436, 434, 1128, 884, 7766, 13, 50788], \"temperature\": 0.0, \"avg_logprob\": -0.24464771151542664, \"compression_ratio\": 1.7668712139129639, \"no_speech_prob\": 0.0028445490170270205}, {\"id\": 4, \"seek\": 0, \"start\": 8.479999542236328, \"end\": 10.520000457763672, \"text\": \" It's the girl with 4K followers who's asking you\", \"tokens\": [50788, 467, 311, 264, 2013, 365, 1017, 42, 13071, 567, 311, 3365, 291, 50890], \"temperature\": 0.0, \"avg_logprob\": -0.24464771151542664, \"compression_ratio\": 1.7668712139129639, \"no_speech_prob\": 0.0028445490170270205}, {\"id\": 5, \"seek\": 0, \"start\": 10.520000457763672, \"end\": 12.5600004196167, \"text\": \" for her to pay for her hotel and her fucking,\", \"tokens\": [50890, 337, 720, 281, 1689, 337, 720, 7622, 293, 720, 5546, 11, 50992], \"temperature\": 0.0, \"avg_logprob\": -0.24464771151542664, \"compression_ratio\": 1.7668712139129639, \"no_speech_prob\": 0.0028445490170270205}, {\"id\": 6, \"seek\": 0, \"start\": 12.5600004196167, \"end\": 15.640000343322754, \"text\": \" her plane ride, she's not, like just nothing but trouble.\", \"tokens\": [50992, 720, 5720, 5077, 11, 750, 311, 406, 11, 411, 445, 1825, 457, 5253, 13, 51146], \"temperature\": 0.0, \"avg_logprob\": -0.24464771151542664, \"compression_ratio\": 1.7668712139129639, \"no_speech_prob\": 0.0028445490170270205}, {\"id\": 7, \"seek\": 0, \"start\": 15.640000343322754, \"end\": 17.31999969482422, \"text\": \" People who've done multiple deals with you,\", \"tokens\": [51146, 3432, 567, 600, 1096, 3866, 11215, 365, 291, 11, 51230], \"temperature\": 0.0, \"avg_logprob\": -0.24464771151542664, \"compression_ratio\": 1.7668712139129639, \"no_speech_prob\": 0.0028445490170270205}, {\"id\": 8, \"seek\": 0, \"start\": 17.31999969482422, \"end\": 18.920000076293945, \"text\": \" and you probably don't have to be on the phone\", \"tokens\": [51230, 293, 291, 1391, 500, 380, 362, 281, 312, 322, 264, 2593, 51310], \"temperature\": 0.0, \"avg_logprob\": -0.24464771151542664, \"compression_ratio\": 1.7668712139129639, \"no_speech_prob\": 0.0028445490170270205}, {\"id\": 9, \"seek\": 0, \"start\": 18.920000076293945, \"end\": 21.219999313354492, \"text\": \" with them every day, because they understand,\", \"tokens\": [51310, 365, 552, 633, 786, 11, 570, 436, 1223, 11, 51425], \"temperature\": 0.0, \"avg_logprob\": -0.24464771151542664, \"compression_ratio\": 1.7668712139129639, \"no_speech_prob\": 0.0028445490170270205}, {\"id\": 10, \"seek\": 0, \"start\": 21.219999313354492, \"end\": 24.420000076293945, \"text\": \" they give you a longer leash, they give you more leeway.\", \"tokens\": [51425, 436, 976, 291, 257, 2854, 41616, 11, 436, 976, 291, 544, 46571, 676, 13, 51585], \"temperature\": 0.0, \"avg_logprob\": -0.24464771151542664, \"compression_ratio\": 1.7668712139129639, \"no_speech_prob\": 0.0028445490170270205}, {\"id\": 11, \"seek\": 0, \"start\": 24.420000076293945, \"end\": 26.68000030517578, \"text\": \" One of the issues I have in the coaching space\", \"tokens\": [51585, 1485, 295, 264, 2663, 286, 362, 294, 264, 15818, 1901, 51698], \"temperature\": 0.0, \"avg_logprob\": -0.24464771151542664, \"compression_ratio\": 1.7668712139129639, \"no_speech_prob\": 0.0028445490170270205}, {\"id\": 12, \"seek\": 2668, \"start\": 26.760000228881836, \"end\": 30.559999465942383, \"text\": \" is that if a guy comes and he does 20K paid in full,\", \"tokens\": [50368, 307, 300, 498, 257, 2146, 1487, 293, 415, 775, 945, 42, 4835, 294, 1577, 11, 50558], \"temperature\": 0.0, \"avg_logprob\": -0.24802643060684204, \"compression_ratio\": 1.7315789461135864, \"no_speech_prob\": 0.000253150676144287}, {\"id\": 13, \"seek\": 2668, \"start\": 30.559999465942383, \"end\": 32.08000183105469, \"text\": \" I never have problems from this guy,\", \"tokens\": [50558, 286, 1128, 362, 2740, 490, 341, 2146, 11, 50634], \"temperature\": 0.0, \"avg_logprob\": -0.24802643060684204, \"compression_ratio\": 1.7315789461135864, \"no_speech_prob\": 0.000253150676144287}, {\"id\": 14, \"seek\": 2668, \"start\": 32.08000183105469, \"end\": 33.599998474121094, \"text\": \" he follows all my directions,\", \"tokens\": [50634, 415, 10002, 439, 452, 11095, 11, 50710], \"temperature\": 0.0, \"avg_logprob\": -0.24802643060684204, \"compression_ratio\": 1.7315789461135864, \"no_speech_prob\": 0.000253150676144287}, {\"id\": 15, \"seek\": 2668, \"start\": 33.599998474121094, \"end\": 35.52000045776367, \"text\": \" because he's super invested in the program.\", \"tokens\": [50710, 570, 415, 311, 1687, 13104, 294, 264, 1461, 13, 50806], \"temperature\": 0.0, \"avg_logprob\": -0.24802643060684204, \"compression_ratio\": 1.7315789461135864, \"no_speech_prob\": 0.000253150676144287}, {\"id\": 16, \"seek\": 2668, \"start\": 35.52000045776367, \"end\": 37.5, \"text\": \" When I have a guy who comes in for my free program\", \"tokens\": [50806, 1133, 286, 362, 257, 2146, 567, 1487, 294, 337, 452, 1737, 1461, 50905], \"temperature\": 0.0, \"avg_logprob\": -0.24802643060684204, \"compression_ratio\": 1.7315789461135864, \"no_speech_prob\": 0.000253150676144287}, {\"id\": 17, \"seek\": 2668, \"start\": 37.5, \"end\": 39.0, \"text\": \" and he's haggling with my sales guy\", \"tokens\": [50905, 293, 415, 311, 324, 1615, 1688, 365, 452, 5763, 2146, 50980], \"temperature\": 0.0, \"avg_logprob\": -0.24802643060684204, \"compression_ratio\": 1.7315789461135864, \"no_speech_prob\": 0.000253150676144287}, {\"id\": 18, \"seek\": 2668, \"start\": 39.0, \"end\": 41.720001220703125, \"text\": \" on my cheapest product, I just know I'm gonna have\", \"tokens\": [50980, 322, 452, 29167, 1674, 11, 286, 445, 458, 286, 478, 799, 362, 51116], \"temperature\": 0.0, \"avg_logprob\": -0.24802643060684204, \"compression_ratio\": 1.7315789461135864, \"no_speech_prob\": 0.000253150676144287}, {\"id\": 19, \"seek\": 2668, \"start\": 41.720001220703125, \"end\": 42.91999816894531, \"text\": \" to deal with shit with this dude.\", \"tokens\": [51116, 281, 2028, 365, 4611, 365, 341, 6449, 13, 51176], \"temperature\": 0.0, \"avg_logprob\": -0.24802643060684204, \"compression_ratio\": 1.7315789461135864, \"no_speech_prob\": 0.000253150676144287}, {\"id\": 20, \"seek\": 2668, \"start\": 42.91999816894531, \"end\": 43.7599983215332, \"text\": \" It's almost to the point where like,\", \"tokens\": [51176, 467, 311, 1920, 281, 264, 935, 689, 411, 11, 51218], \"temperature\": 0.0, \"avg_logprob\": -0.24802643060684204, \"compression_ratio\": 1.7315789461135864, \"no_speech_prob\": 0.000253150676144287}, {\"id\": 21, \"seek\": 2668, \"start\": 43.7599983215332, \"end\": 45.52000045776367, \"text\": \" why are we even, let's just get rid of,\", \"tokens\": [51218, 983, 366, 321, 754, 11, 718, 311, 445, 483, 3973, 295, 11, 51306], \"temperature\": 0.0, \"avg_logprob\": -0.24802643060684204, \"compression_ratio\": 1.7315789461135864, \"no_speech_prob\": 0.000253150676144287}, {\"id\": 22, \"seek\": 2668, \"start\": 45.52000045776367, \"end\": 47.91999816894531, \"text\": \" it's the same, I don't know if it was Grant Cardona\", \"tokens\": [51306, 309, 311, 264, 912, 11, 286, 500, 380, 458, 498, 309, 390, 17529, 11877, 4037, 51426], \"temperature\": 0.0, \"avg_logprob\": -0.24802643060684204, \"compression_ratio\": 1.7315789461135864, \"no_speech_prob\": 0.000253150676144287}, {\"id\": 23, \"seek\": 2668, \"start\": 47.91999816894531, \"end\": 49.040000915527344, \"text\": \" or somebody who's talking, he was like,\", \"tokens\": [51426, 420, 2618, 567, 311, 1417, 11, 415, 390, 411, 11, 51482], \"temperature\": 0.0, \"avg_logprob\": -0.24802643060684204, \"compression_ratio\": 1.7315789461135864, \"no_speech_prob\": 0.000253150676144287}, {\"id\": 24, \"seek\": 2668, \"start\": 49.040000915527344, \"end\": 50.86000061035156, \"text\": \" I've got 40,000 people in my program,\", \"tokens\": [51482, 286, 600, 658, 3356, 11, 1360, 561, 294, 452, 1461, 11, 51573], \"temperature\": 0.0, \"avg_logprob\": -0.24802643060684204, \"compression_ratio\": 1.7315789461135864, \"no_speech_prob\": 0.000253150676144287}, {\"id\": 25, \"seek\": 2668, \"start\": 50.86000061035156, \"end\": 53.18000030517578, \"text\": \" we keep hearing the same 10 names, can we just fire them?\", \"tokens\": [51573, 321, 1066, 4763, 264, 912, 1266, 5288, 11, 393, 321, 445, 2610, 552, 30, 51689], \"temperature\": 0.0, \"avg_logprob\": -0.24802643060684204, \"compression_ratio\": 1.7315789461135864, \"no_speech_prob\": 0.000253150676144287}, {\"id\": 26, \"seek\": 2668, \"start\": 53.18000030517578, \"end\": 56.040000915527344, \"text\": \" Do you have the same issue where you're bigger investors?\", \"tokens\": [51689, 1144, 291, 362, 264, 912, 2734, 689, 291, 434, 3801, 11519, 30, 51832], \"temperature\": 0.0, \"avg_logprob\": -0.24802643060684204, \"compression_ratio\": 1.7315789461135864, \"no_speech_prob\": 0.000253150676144287}, {\"id\": 27, \"seek\": 5604, \"start\": 56.400001525878906, \"end\": 58.31999969482422, \"text\": \" It's the same thing with models.\", \"tokens\": [50382, 467, 311, 264, 912, 551, 365, 5245, 13, 50478], \"temperature\": 0.0, \"avg_logprob\": -0.24489165842533112, \"compression_ratio\": 1.8081395626068115, \"no_speech_prob\": 0.0010817070724442601}, {\"id\": 28, \"seek\": 5604, \"start\": 58.31999969482422, \"end\": 60.959999084472656, \"text\": \" The biggest, prettiest models with the biggest following\", \"tokens\": [50478, 440, 3880, 11, 45421, 6495, 5245, 365, 264, 3880, 3480, 50610], \"temperature\": 0.0, \"avg_logprob\": -0.24489165842533112, \"compression_ratio\": 1.8081395626068115, \"no_speech_prob\": 0.0010817070724442601}, {\"id\": 29, \"seek\": 5604, \"start\": 60.959999084472656, \"end\": 63.31999969482422, \"text\": \" always show up on time, they're super grateful,\", \"tokens\": [50610, 1009, 855, 493, 322, 565, 11, 436, 434, 1687, 7941, 11, 50728], \"temperature\": 0.0, \"avg_logprob\": -0.24489165842533112, \"compression_ratio\": 1.8081395626068115, \"no_speech_prob\": 0.0010817070724442601}, {\"id\": 30, \"seek\": 5604, \"start\": 63.31999969482422, \"end\": 65.72000122070312, \"text\": \" they know how to pose, they're hyper-professional,\", \"tokens\": [50728, 436, 458, 577, 281, 10774, 11, 436, 434, 9848, 12, 29175, 44226, 11, 50848], \"temperature\": 0.0, \"avg_logprob\": -0.24489165842533112, \"compression_ratio\": 1.8081395626068115, \"no_speech_prob\": 0.0010817070724442601}, {\"id\": 31, \"seek\": 5604, \"start\": 65.72000122070312, \"end\": 66.81999969482422, \"text\": \" they're never doing drugs.\", \"tokens\": [50848, 436, 434, 1128, 884, 7766, 13, 50903], \"temperature\": 0.0, \"avg_logprob\": -0.24489165842533112, \"compression_ratio\": 1.8081395626068115, \"no_speech_prob\": 0.0010817070724442601}, {\"id\": 32, \"seek\": 5604, \"start\": 66.81999969482422, \"end\": 68.83999633789062, \"text\": \" It's the girl with 4K followers who's asking you\", \"tokens\": [50903, 467, 311, 264, 2013, 365, 1017, 42, 13071, 567, 311, 3365, 291, 51004], \"temperature\": 0.0, \"avg_logprob\": -0.24489165842533112, \"compression_ratio\": 1.8081395626068115, \"no_speech_prob\": 0.0010817070724442601}, {\"id\": 33, \"seek\": 5604, \"start\": 68.83999633789062, \"end\": 70.87999725341797, \"text\": \" for her to pay for her hotel and her fucking,\", \"tokens\": [51004, 337, 720, 281, 1689, 337, 720, 7622, 293, 720, 5546, 11, 51106], \"temperature\": 0.0, \"avg_logprob\": -0.24489165842533112, \"compression_ratio\": 1.8081395626068115, \"no_speech_prob\": 0.0010817070724442601}, {\"id\": 34, \"seek\": 5604, \"start\": 70.87999725341797, \"end\": 74.0, \"text\": \" her plane ride, she's not, like just nothing but trouble.\", \"tokens\": [51106, 720, 5720, 5077, 11, 750, 311, 406, 11, 411, 445, 1825, 457, 5253, 13, 51262], \"temperature\": 0.0, \"avg_logprob\": -0.24489165842533112, \"compression_ratio\": 1.8081395626068115, \"no_speech_prob\": 0.0010817070724442601}, {\"id\": 35, \"seek\": 5604, \"start\": 74.0, \"end\": 74.95999908447266, \"text\": \" Why do you think that is?\", \"tokens\": [51262, 1545, 360, 291, 519, 300, 307, 30, 51310], \"temperature\": 0.0, \"avg_logprob\": -0.24489165842533112, \"compression_ratio\": 1.8081395626068115, \"no_speech_prob\": 0.0010817070724442601}, {\"id\": 36, \"seek\": 5604, \"start\": 74.95999908447266, \"end\": 77.12000274658203, \"text\": \" Because of entitlement, because one time,\", \"tokens\": [51310, 1436, 295, 14789, 3054, 11, 570, 472, 565, 11, 51418], \"temperature\": 0.0, \"avg_logprob\": -0.24489165842533112, \"compression_ratio\": 1.8081395626068115, \"no_speech_prob\": 0.0010817070724442601}, {\"id\": 37, \"seek\": 5604, \"start\": 77.12000274658203, \"end\": 78.76000213623047, \"text\": \" I'll tell you why, because one time she fucked\", \"tokens\": [51418, 286, 603, 980, 291, 983, 11, 570, 472, 565, 750, 22518, 51500], \"temperature\": 0.0, \"avg_logprob\": -0.24489165842533112, \"compression_ratio\": 1.8081395626068115, \"no_speech_prob\": 0.0010817070724442601}, {\"id\": 38, \"seek\": 5604, \"start\": 78.76000213623047, \"end\": 80.95999908447266, \"text\": \" an outfielder for the Padres and now she thinks\", \"tokens\": [51500, 364, 484, 69, 1187, 1068, 337, 264, 18691, 495, 293, 586, 750, 7309, 51610], \"temperature\": 0.0, \"avg_logprob\": -0.24489165842533112, \"compression_ratio\": 1.8081395626068115, \"no_speech_prob\": 0.0010817070724442601}, {\"id\": 39, \"seek\": 5604, \"start\": 80.95999908447266, \"end\": 82.68000030517578, \"text\": \" that's how hot she is, that's why.\", \"tokens\": [51610, 300, 311, 577, 2368, 750, 307, 11, 300, 311, 983, 13, 51696], \"temperature\": 0.0, \"avg_logprob\": -0.24489165842533112, \"compression_ratio\": 1.8081395626068115, \"no_speech_prob\": 0.0010817070724442601}, {\"id\": 40, \"seek\": 5604, \"start\": 82.68000030517578, \"end\": 85.5999984741211, \"text\": \" And then from every standpoint from that point forward,\", \"tokens\": [51696, 400, 550, 490, 633, 15827, 490, 300, 935, 2128, 11, 51842], \"temperature\": 0.0, \"avg_logprob\": -0.24489165842533112, \"compression_ratio\": 1.8081395626068115, \"no_speech_prob\": 0.0010817070724442601}, {\"id\": 41, \"seek\": 8560, \"start\": 86.16000366210938, \"end\": 88.68000030517578, \"text\": \" if you don't match up to that, then you aren't good enough.\", \"tokens\": [50392, 498, 291, 500, 380, 2995, 493, 281, 300, 11, 550, 291, 3212, 380, 665, 1547, 13, 50518], \"temperature\": 0.0, \"avg_logprob\": -0.29601067304611206, \"compression_ratio\": 1.5933735370635986, \"no_speech_prob\": 0.00016092974692583084}, {\"id\": 42, \"seek\": 8560, \"start\": 88.68000030517578, \"end\": 91.95999908447266, \"text\": \" And so I just cannot believe,\", \"tokens\": [50518, 400, 370, 286, 445, 2644, 1697, 11, 50682], \"temperature\": 0.0, \"avg_logprob\": -0.29601067304611206, \"compression_ratio\": 1.5933735370635986, \"no_speech_prob\": 0.00016092974692583084}, {\"id\": 43, \"seek\": 8560, \"start\": 91.95999908447266, \"end\": 94.19999694824219, \"text\": \" so three of my closest friends,\", \"tokens\": [50682, 370, 1045, 295, 452, 13699, 1855, 11, 50794], \"temperature\": 0.0, \"avg_logprob\": -0.29601067304611206, \"compression_ratio\": 1.5933735370635986, \"no_speech_prob\": 0.00016092974692583084}, {\"id\": 44, \"seek\": 8560, \"start\": 94.19999694824219, \"end\": 96.27999877929688, \"text\": \" Kindly Myers, Kaitlyn Runk, and CJ Sparks.\", \"tokens\": [50794, 591, 471, 356, 45088, 11, 45791, 9896, 497, 3197, 11, 293, 42285, 1738, 20851, 13, 50898], \"temperature\": 0.0, \"avg_logprob\": -0.29601067304611206, \"compression_ratio\": 1.5933735370635986, \"no_speech_prob\": 0.00016092974692583084}, {\"id\": 45, \"seek\": 8560, \"start\": 96.27999877929688, \"end\": 97.12000274658203, \"text\": \" I'm really close to them.\", \"tokens\": [50898, 286, 478, 534, 1998, 281, 552, 13, 50940], \"temperature\": 0.0, \"avg_logprob\": -0.29601067304611206, \"compression_ratio\": 1.5933735370635986, \"no_speech_prob\": 0.00016092974692583084}, {\"id\": 46, \"seek\": 8560, \"start\": 97.12000274658203, \"end\": 99.31999969482422, \"text\": \" I'm also close with Emily Sears,\", \"tokens\": [50940, 286, 478, 611, 1998, 365, 15034, 1100, 685, 11, 51050], \"temperature\": 0.0, \"avg_logprob\": -0.29601067304611206, \"compression_ratio\": 1.5933735370635986, \"no_speech_prob\": 0.00016092974692583084}, {\"id\": 47, \"seek\": 8560, \"start\": 99.31999969482422, \"end\": 101.0, \"text\": \" Lindsey Payless, and Chloe Tour\\u00e9.\", \"tokens\": [51050, 35910, 11431, 1832, 11, 293, 29694, 13077, 526, 13, 51134], \"temperature\": 0.0, \"avg_logprob\": -0.29601067304611206, \"compression_ratio\": 1.5933735370635986, \"no_speech_prob\": 0.00016092974692583084}, {\"id\": 48, \"seek\": 8560, \"start\": 101.0, \"end\": 103.27999877929688, \"text\": \" They're huge models, they're always professional.\", \"tokens\": [51134, 814, 434, 2603, 5245, 11, 436, 434, 1009, 4843, 13, 51248], \"temperature\": 0.0, \"avg_logprob\": -0.29601067304611206, \"compression_ratio\": 1.5933735370635986, \"no_speech_prob\": 0.00016092974692583084}, {\"id\": 49, \"seek\": 8560, \"start\": 103.27999877929688, \"end\": 104.77999877929688, \"text\": \" Whenever they come to a shoot or a party,\", \"tokens\": [51248, 14159, 436, 808, 281, 257, 3076, 420, 257, 3595, 11, 51323], \"temperature\": 0.0, \"avg_logprob\": -0.29601067304611206, \"compression_ratio\": 1.5933735370635986, \"no_speech_prob\": 0.00016092974692583084}, {\"id\": 50, \"seek\": 8560, \"start\": 104.77999877929688, \"end\": 107.08000183105469, \"text\": \" they're always on time, it's incredible.\", \"tokens\": [51323, 436, 434, 1009, 322, 565, 11, 309, 311, 4651, 13, 51438], \"temperature\": 0.0, \"avg_logprob\": -0.29601067304611206, \"compression_ratio\": 1.5933735370635986, \"no_speech_prob\": 0.00016092974692583084}, {\"id\": 51, \"seek\": 8560, \"start\": 107.08000183105469, \"end\": 109.5, \"text\": \" I'll have some girl who's just kind of busted, bro,\", \"tokens\": [51438, 286, 603, 362, 512, 2013, 567, 311, 445, 733, 295, 41074, 11, 2006, 11, 51559], \"temperature\": 0.0, \"avg_logprob\": -0.29601067304611206, \"compression_ratio\": 1.5933735370635986, \"no_speech_prob\": 0.00016092974692583084}, {\"id\": 52, \"seek\": 8560, \"start\": 109.5, \"end\": 111.94000244140625, \"text\": \" she's kind of mid with 4,000 followers\", \"tokens\": [51559, 750, 311, 733, 295, 2062, 365, 1017, 11, 1360, 13071, 51681], \"temperature\": 0.0, \"avg_logprob\": -0.29601067304611206, \"compression_ratio\": 1.5933735370635986, \"no_speech_prob\": 0.00016092974692583084}, {\"id\": 53, \"seek\": 8560, \"start\": 111.94000244140625, \"end\": 114.33999633789062, \"text\": \" and she's literally asking me for a hotel room\", \"tokens\": [51681, 293, 750, 311, 3736, 3365, 385, 337, 257, 7622, 1808, 51801], \"temperature\": 0.0, \"avg_logprob\": -0.29601067304611206, \"compression_ratio\": 1.5933735370635986, \"no_speech_prob\": 0.00016092974692583084}, {\"id\": 54, \"seek\": 11434, \"start\": 114.33999633789062, \"end\": 116.73999786376953, \"text\": \" in Los Angeles, I'm like, why would we do this?\", \"tokens\": [50364, 294, 7632, 12292, 11, 286, 478, 411, 11, 983, 576, 321, 360, 341, 30, 50484], \"temperature\": 0.0, \"avg_logprob\": -0.25896602869033813, \"compression_ratio\": 1.8028168678283691, \"no_speech_prob\": 0.0015011345967650414}, {\"id\": 55, \"seek\": 11434, \"start\": 116.73999786376953, \"end\": 118.66000366210938, \"text\": \" Like, I'm just so, it's so crazy.\", \"tokens\": [50484, 1743, 11, 286, 478, 445, 370, 11, 309, 311, 370, 3219, 13, 50580], \"temperature\": 0.0, \"avg_logprob\": -0.25896602869033813, \"compression_ratio\": 1.8028168678283691, \"no_speech_prob\": 0.0015011345967650414}, {\"id\": 56, \"seek\": 11434, \"start\": 118.66000366210938, \"end\": 120.33999633789062, \"text\": \" And then here's what else is crazy.\", \"tokens\": [50580, 400, 550, 510, 311, 437, 1646, 307, 3219, 13, 50664], \"temperature\": 0.0, \"avg_logprob\": -0.25896602869033813, \"compression_ratio\": 1.8028168678283691, \"no_speech_prob\": 0.0015011345967650414}, {\"id\": 57, \"seek\": 11434, \"start\": 120.33999633789062, \"end\": 123.0999984741211, \"text\": \" Sometimes we offer to pay Kindly to come to like\", \"tokens\": [50664, 4803, 321, 2626, 281, 1689, 9242, 356, 281, 808, 281, 411, 50802], \"temperature\": 0.0, \"avg_logprob\": -0.25896602869033813, \"compression_ratio\": 1.8028168678283691, \"no_speech_prob\": 0.0015011345967650414}, {\"id\": 58, \"seek\": 11434, \"start\": 123.0999984741211, \"end\": 124.81999969482422, \"text\": \" some of our events, we'll like pay for our airfare\", \"tokens\": [50802, 512, 295, 527, 3931, 11, 321, 603, 411, 1689, 337, 527, 1988, 11079, 50888], \"temperature\": 0.0, \"avg_logprob\": -0.25896602869033813, \"compression_ratio\": 1.8028168678283691, \"no_speech_prob\": 0.0015011345967650414}, {\"id\": 59, \"seek\": 11434, \"start\": 124.81999969482422, \"end\": 127.18000030517578, \"text\": \" because she's a huge follower and she's a huge following\", \"tokens\": [50888, 570, 750, 311, 257, 2603, 35413, 293, 750, 311, 257, 2603, 3480, 51006], \"temperature\": 0.0, \"avg_logprob\": -0.25896602869033813, \"compression_ratio\": 1.8028168678283691, \"no_speech_prob\": 0.0015011345967650414}, {\"id\": 60, \"seek\": 11434, \"start\": 127.18000030517578, \"end\": 129.02000427246094, \"text\": \" and she raises money for our charity events.\", \"tokens\": [51006, 293, 750, 19658, 1460, 337, 527, 16863, 3931, 13, 51098], \"temperature\": 0.0, \"avg_logprob\": -0.25896602869033813, \"compression_ratio\": 1.8028168678283691, \"no_speech_prob\": 0.0015011345967650414}, {\"id\": 61, \"seek\": 11434, \"start\": 129.02000427246094, \"end\": 130.5, \"text\": \" And she says, no, I'm not gonna do it,\", \"tokens\": [51098, 400, 750, 1619, 11, 572, 11, 286, 478, 406, 799, 360, 309, 11, 51172], \"temperature\": 0.0, \"avg_logprob\": -0.25896602869033813, \"compression_ratio\": 1.8028168678283691, \"no_speech_prob\": 0.0015011345967650414}, {\"id\": 62, \"seek\": 11434, \"start\": 130.5, \"end\": 131.44000244140625, \"text\": \" you don't have to pay me.\", \"tokens\": [51172, 291, 500, 380, 362, 281, 1689, 385, 13, 51219], \"temperature\": 0.0, \"avg_logprob\": -0.25896602869033813, \"compression_ratio\": 1.8028168678283691, \"no_speech_prob\": 0.0015011345967650414}, {\"id\": 63, \"seek\": 11434, \"start\": 131.44000244140625, \"end\": 134.1199951171875, \"text\": \" It's so crazy how this like abundance mindset\", \"tokens\": [51219, 467, 311, 370, 3219, 577, 341, 411, 23391, 12543, 51353], \"temperature\": 0.0, \"avg_logprob\": -0.25896602869033813, \"compression_ratio\": 1.8028168678283691, \"no_speech_prob\": 0.0015011345967650414}, {\"id\": 64, \"seek\": 11434, \"start\": 134.1199951171875, \"end\": 136.4600067138672, \"text\": \" with people who are successful are just so much better.\", \"tokens\": [51353, 365, 561, 567, 366, 4406, 366, 445, 370, 709, 1101, 13, 51470], \"temperature\": 0.0, \"avg_logprob\": -0.25896602869033813, \"compression_ratio\": 1.8028168678283691, \"no_speech_prob\": 0.0015011345967650414}, {\"id\": 65, \"seek\": 11434, \"start\": 136.4600067138672, \"end\": 138.6199951171875, \"text\": \" It's so much better, I learned so much more\", \"tokens\": [51470, 467, 311, 370, 709, 1101, 11, 286, 3264, 370, 709, 544, 51578], \"temperature\": 0.0, \"avg_logprob\": -0.25896602869033813, \"compression_ratio\": 1.8028168678283691, \"no_speech_prob\": 0.0015011345967650414}, {\"id\": 66, \"seek\": 11434, \"start\": 138.6199951171875, \"end\": 140.74000549316406, \"text\": \" going out with Dan Fleischman and I'm sitting there\", \"tokens\": [51578, 516, 484, 365, 3394, 44911, 1601, 293, 286, 478, 3798, 456, 51684], \"temperature\": 0.0, \"avg_logprob\": -0.25896602869033813, \"compression_ratio\": 1.8028168678283691, \"no_speech_prob\": 0.0015011345967650414}, {\"id\": 67, \"seek\": 11434, \"start\": 140.74000549316406, \"end\": 143.5399932861328, \"text\": \" to Eric Spofford and Wes Watson, who are just like there,\", \"tokens\": [51684, 281, 9336, 1738, 4506, 765, 293, 23843, 25640, 11, 567, 366, 445, 411, 456, 11, 51824], \"temperature\": 0.0, \"avg_logprob\": -0.25896602869033813, \"compression_ratio\": 1.8028168678283691, \"no_speech_prob\": 0.0015011345967650414}, {\"id\": 68, \"seek\": 14354, \"start\": 143.74000549316406, \"end\": 146.22000122070312, \"text\": \" nobody's concerned about petty shit.\", \"tokens\": [50374, 5079, 311, 5922, 466, 39334, 4611, 13, 50498], \"temperature\": 0.0, \"avg_logprob\": -0.2159126251935959, \"compression_ratio\": 1.9658385515213013, \"no_speech_prob\": 0.00026529832393862307}, {\"id\": 69, \"seek\": 14354, \"start\": 146.22000122070312, \"end\": 148.60000610351562, \"text\": \" These guys are so fucking successful.\", \"tokens\": [50498, 1981, 1074, 366, 370, 5546, 4406, 13, 50617], \"temperature\": 0.0, \"avg_logprob\": -0.2159126251935959, \"compression_ratio\": 1.9658385515213013, \"no_speech_prob\": 0.00026529832393862307}, {\"id\": 70, \"seek\": 14354, \"start\": 148.60000610351562, \"end\": 151.5, \"text\": \" There's no pettiness, there's nothing that slows them down.\", \"tokens\": [50617, 821, 311, 572, 280, 3093, 1324, 11, 456, 311, 1825, 300, 35789, 552, 760, 13, 50762], \"temperature\": 0.0, \"avg_logprob\": -0.2159126251935959, \"compression_ratio\": 1.9658385515213013, \"no_speech_prob\": 0.00026529832393862307}, {\"id\": 71, \"seek\": 14354, \"start\": 151.5, \"end\": 153.3000030517578, \"text\": \" And it's so interesting when you see people\", \"tokens\": [50762, 400, 309, 311, 370, 1880, 562, 291, 536, 561, 50852], \"temperature\": 0.0, \"avg_logprob\": -0.2159126251935959, \"compression_ratio\": 1.9658385515213013, \"no_speech_prob\": 0.00026529832393862307}, {\"id\": 72, \"seek\": 14354, \"start\": 153.3000030517578, \"end\": 155.66000366210938, \"text\": \" that abundance mindset, they're easier to deal with\", \"tokens\": [50852, 300, 23391, 12543, 11, 436, 434, 3571, 281, 2028, 365, 50970], \"temperature\": 0.0, \"avg_logprob\": -0.2159126251935959, \"compression_ratio\": 1.9658385515213013, \"no_speech_prob\": 0.00026529832393862307}, {\"id\": 73, \"seek\": 14354, \"start\": 155.66000366210938, \"end\": 156.97999572753906, \"text\": \" and they're richer.\", \"tokens\": [50970, 293, 436, 434, 29021, 13, 51036], \"temperature\": 0.0, \"avg_logprob\": -0.2159126251935959, \"compression_ratio\": 1.9658385515213013, \"no_speech_prob\": 0.00026529832393862307}, {\"id\": 74, \"seek\": 14354, \"start\": 156.97999572753906, \"end\": 158.89999389648438, \"text\": \" It's just, and then the same thing with models,\", \"tokens\": [51036, 467, 311, 445, 11, 293, 550, 264, 912, 551, 365, 5245, 11, 51132], \"temperature\": 0.0, \"avg_logprob\": -0.2159126251935959, \"compression_ratio\": 1.9658385515213013, \"no_speech_prob\": 0.00026529832393862307}, {\"id\": 75, \"seek\": 14354, \"start\": 158.89999389648438, \"end\": 160.97999572753906, \"text\": \" they're easier to deal with and they're hotter.\", \"tokens\": [51132, 436, 434, 3571, 281, 2028, 365, 293, 436, 434, 32149, 13, 51236], \"temperature\": 0.0, \"avg_logprob\": -0.2159126251935959, \"compression_ratio\": 1.9658385515213013, \"no_speech_prob\": 0.00026529832393862307}, {\"id\": 76, \"seek\": 14354, \"start\": 160.97999572753906, \"end\": 164.13999938964844, \"text\": \" It's just so crazy how this one area of the world,\", \"tokens\": [51236, 467, 311, 445, 370, 3219, 577, 341, 472, 1859, 295, 264, 1002, 11, 51394], \"temperature\": 0.0, \"avg_logprob\": -0.2159126251935959, \"compression_ratio\": 1.9658385515213013, \"no_speech_prob\": 0.00026529832393862307}, {\"id\": 77, \"seek\": 14354, \"start\": 164.13999938964844, \"end\": 166.05999755859375, \"text\": \" it's like, and that's one thing that I found\", \"tokens\": [51394, 309, 311, 411, 11, 293, 300, 311, 472, 551, 300, 286, 1352, 51490], \"temperature\": 0.0, \"avg_logprob\": -0.2159126251935959, \"compression_ratio\": 1.9658385515213013, \"no_speech_prob\": 0.00026529832393862307}, {\"id\": 78, \"seek\": 14354, \"start\": 166.05999755859375, \"end\": 167.6999969482422, \"text\": \" is like when I, my guy, some of my guy friends\", \"tokens\": [51490, 307, 411, 562, 286, 11, 452, 2146, 11, 512, 295, 452, 2146, 1855, 51572], \"temperature\": 0.0, \"avg_logprob\": -0.2159126251935959, \"compression_ratio\": 1.9658385515213013, \"no_speech_prob\": 0.00026529832393862307}, {\"id\": 79, \"seek\": 14354, \"start\": 167.6999969482422, \"end\": 169.17999267578125, \"text\": \" have become photographers, some of my clients\", \"tokens\": [51572, 362, 1813, 33835, 11, 512, 295, 452, 6982, 51646], \"temperature\": 0.0, \"avg_logprob\": -0.2159126251935959, \"compression_ratio\": 1.9658385515213013, \"no_speech_prob\": 0.00026529832393862307}, {\"id\": 80, \"seek\": 14354, \"start\": 169.17999267578125, \"end\": 170.77999877929688, \"text\": \" have become photographers and I'm like,\", \"tokens\": [51646, 362, 1813, 33835, 293, 286, 478, 411, 11, 51726], \"temperature\": 0.0, \"avg_logprob\": -0.2159126251935959, \"compression_ratio\": 1.9658385515213013, \"no_speech_prob\": 0.00026529832393862307}, {\"id\": 81, \"seek\": 14354, \"start\": 170.77999877929688, \"end\": 173.5, \"text\": \" if you keep aiming higher, you'll notice it's way easier.\", \"tokens\": [51726, 498, 291, 1066, 20253, 2946, 11, 291, 603, 3449, 309, 311, 636, 3571, 13, 51862], \"temperature\": 0.0, \"avg_logprob\": -0.2159126251935959, \"compression_ratio\": 1.9658385515213013, \"no_speech_prob\": 0.00026529832393862307}, {\"id\": 82, \"seek\": 17350, \"start\": 174.3000030517578, \"end\": 176.02000427246094, \"text\": \" When you start aiming lower and you try to do,\", \"tokens\": [50404, 1133, 291, 722, 20253, 3126, 293, 291, 853, 281, 360, 11, 50490], \"temperature\": 0.0, \"avg_logprob\": -0.22514896094799042, \"compression_ratio\": 1.6728723049163818, \"no_speech_prob\": 0.00022341287694871426}, {\"id\": 83, \"seek\": 17350, \"start\": 176.02000427246094, \"end\": 178.17999267578125, \"text\": \" that's why, what was it, Grant Cardone was talking\", \"tokens\": [50490, 300, 311, 983, 11, 437, 390, 309, 11, 17529, 11877, 546, 390, 1417, 50598], \"temperature\": 0.0, \"avg_logprob\": -0.22514896094799042, \"compression_ratio\": 1.6728723049163818, \"no_speech_prob\": 0.00022341287694871426}, {\"id\": 84, \"seek\": 17350, \"start\": 178.17999267578125, \"end\": 181.74000549316406, \"text\": \" about the single family homes and he wants the multi-units\", \"tokens\": [50598, 466, 264, 2167, 1605, 7388, 293, 415, 2738, 264, 4825, 12, 409, 1208, 50776], \"temperature\": 0.0, \"avg_logprob\": -0.22514896094799042, \"compression_ratio\": 1.6728723049163818, \"no_speech_prob\": 0.00022341287694871426}, {\"id\": 85, \"seek\": 17350, \"start\": 181.74000549316406, \"end\": 183.5399932861328, \"text\": \" because when you deal with that type of situation,\", \"tokens\": [50776, 570, 562, 291, 2028, 365, 300, 2010, 295, 2590, 11, 50866], \"temperature\": 0.0, \"avg_logprob\": -0.22514896094799042, \"compression_ratio\": 1.6728723049163818, \"no_speech_prob\": 0.00022341287694871426}, {\"id\": 86, \"seek\": 17350, \"start\": 183.5399932861328, \"end\": 184.4600067138672, \"text\": \" there's just like less drama.\", \"tokens\": [50866, 456, 311, 445, 411, 1570, 9412, 13, 50912], \"temperature\": 0.0, \"avg_logprob\": -0.22514896094799042, \"compression_ratio\": 1.6728723049163818, \"no_speech_prob\": 0.00022341287694871426}, {\"id\": 87, \"seek\": 17350, \"start\": 184.4600067138672, \"end\": 185.3000030517578, \"text\": \" Can you talk about that?\", \"tokens\": [50912, 1664, 291, 751, 466, 300, 30, 50954], \"temperature\": 0.0, \"avg_logprob\": -0.22514896094799042, \"compression_ratio\": 1.6728723049163818, \"no_speech_prob\": 0.00022341287694871426}, {\"id\": 88, \"seek\": 17350, \"start\": 185.3000030517578, \"end\": 186.3000030517578, \"text\": \" Do you have a similar instance?\", \"tokens\": [50954, 1144, 291, 362, 257, 2531, 5197, 30, 51004], \"temperature\": 0.0, \"avg_logprob\": -0.22514896094799042, \"compression_ratio\": 1.6728723049163818, \"no_speech_prob\": 0.00022341287694871426}, {\"id\": 89, \"seek\": 17350, \"start\": 186.3000030517578, \"end\": 187.13999938964844, \"text\": \" No, 100%.\", \"tokens\": [51004, 883, 11, 2319, 6856, 51046], \"temperature\": 0.0, \"avg_logprob\": -0.22514896094799042, \"compression_ratio\": 1.6728723049163818, \"no_speech_prob\": 0.00022341287694871426}, {\"id\": 90, \"seek\": 17350, \"start\": 187.13999938964844, \"end\": 190.10000610351562, \"text\": \" So raising money from investors, it's exactly like that.\", \"tokens\": [51046, 407, 11225, 1460, 490, 11519, 11, 309, 311, 2293, 411, 300, 13, 51194], \"temperature\": 0.0, \"avg_logprob\": -0.22514896094799042, \"compression_ratio\": 1.6728723049163818, \"no_speech_prob\": 0.00022341287694871426}, {\"id\": 91, \"seek\": 17350, \"start\": 190.10000610351562, \"end\": 192.17999267578125, \"text\": \" My larger check investors that are floating\", \"tokens\": [51194, 1222, 4833, 1520, 11519, 300, 366, 12607, 51298], \"temperature\": 0.0, \"avg_logprob\": -0.22514896094799042, \"compression_ratio\": 1.6728723049163818, \"no_speech_prob\": 0.00022341287694871426}, {\"id\": 92, \"seek\": 17350, \"start\": 192.17999267578125, \"end\": 195.1999969482422, \"text\": \" $300,000, $400,000 checks without asking any questions,\", \"tokens\": [51298, 1848, 12566, 11, 1360, 11, 1848, 13741, 11, 1360, 13834, 1553, 3365, 604, 1651, 11, 51449], \"temperature\": 0.0, \"avg_logprob\": -0.22514896094799042, \"compression_ratio\": 1.6728723049163818, \"no_speech_prob\": 0.00022341287694871426}, {\"id\": 93, \"seek\": 17350, \"start\": 195.1999969482422, \"end\": 196.0399932861328, \"text\": \" they're so easy.\", \"tokens\": [51449, 436, 434, 370, 1858, 13, 51491], \"temperature\": 0.0, \"avg_logprob\": -0.22514896094799042, \"compression_ratio\": 1.6728723049163818, \"no_speech_prob\": 0.00022341287694871426}, {\"id\": 94, \"seek\": 17350, \"start\": 196.0399932861328, \"end\": 197.44000244140625, \"text\": \" I just text them the opportunity.\", \"tokens\": [51491, 286, 445, 2487, 552, 264, 2650, 13, 51561], \"temperature\": 0.0, \"avg_logprob\": -0.22514896094799042, \"compression_ratio\": 1.6728723049163818, \"no_speech_prob\": 0.00022341287694871426}, {\"id\": 95, \"seek\": 17350, \"start\": 197.44000244140625, \"end\": 199.4600067138672, \"text\": \" They're like, hey, count me in for 350.\", \"tokens\": [51561, 814, 434, 411, 11, 4177, 11, 1207, 385, 294, 337, 18065, 13, 51662], \"temperature\": 0.0, \"avg_logprob\": -0.22514896094799042, \"compression_ratio\": 1.6728723049163818, \"no_speech_prob\": 0.00022341287694871426}, {\"id\": 96, \"seek\": 17350, \"start\": 199.4600067138672, \"end\": 200.6999969482422, \"text\": \" They wire the money in right away.\", \"tokens\": [51662, 814, 6234, 264, 1460, 294, 558, 1314, 13, 51724], \"temperature\": 0.0, \"avg_logprob\": -0.22514896094799042, \"compression_ratio\": 1.6728723049163818, \"no_speech_prob\": 0.00022341287694871426}, {\"id\": 97, \"seek\": 17350, \"start\": 200.6999969482422, \"end\": 202.22000122070312, \"text\": \" There's no questions asked along the way.\", \"tokens\": [51724, 821, 311, 572, 1651, 2351, 2051, 264, 636, 13, 51800], \"temperature\": 0.0, \"avg_logprob\": -0.22514896094799042, \"compression_ratio\": 1.6728723049163818, \"no_speech_prob\": 0.00022341287694871426}, {\"id\": 98, \"seek\": 20222, \"start\": 202.22000122070312, \"end\": 204.5399932861328, \"text\": \" We do monthly reporting, but they're just so chill.\", \"tokens\": [50364, 492, 360, 12878, 10031, 11, 457, 436, 434, 445, 370, 11355, 13, 50480], \"temperature\": 0.0, \"avg_logprob\": -0.22001253068447113, \"compression_ratio\": 1.8011696338653564, \"no_speech_prob\": 0.012624507769942284}, {\"id\": 99, \"seek\": 20222, \"start\": 204.5399932861328, \"end\": 205.72000122070312, \"text\": \" Never hear from them, right?\", \"tokens\": [50480, 7344, 1568, 490, 552, 11, 558, 30, 50539], \"temperature\": 0.0, \"avg_logprob\": -0.22001253068447113, \"compression_ratio\": 1.8011696338653564, \"no_speech_prob\": 0.012624507769942284}, {\"id\": 100, \"seek\": 20222, \"start\": 205.72000122070312, \"end\": 207.5399932861328, \"text\": \" Because they're used to writing these big checks\", \"tokens\": [50539, 1436, 436, 434, 1143, 281, 3579, 613, 955, 13834, 50630], \"temperature\": 0.0, \"avg_logprob\": -0.22001253068447113, \"compression_ratio\": 1.8011696338653564, \"no_speech_prob\": 0.012624507769942284}, {\"id\": 101, \"seek\": 20222, \"start\": 207.5399932861328, \"end\": 209.3800048828125, \"text\": \" and they've got so much other big shit going on,\", \"tokens\": [50630, 293, 436, 600, 658, 370, 709, 661, 955, 4611, 516, 322, 11, 50722], \"temperature\": 0.0, \"avg_logprob\": -0.22001253068447113, \"compression_ratio\": 1.8011696338653564, \"no_speech_prob\": 0.012624507769942284}, {\"id\": 102, \"seek\": 20222, \"start\": 209.3800048828125, \"end\": 211.10000610351562, \"text\": \" they're not worried about floating that money.\", \"tokens\": [50722, 436, 434, 406, 5804, 466, 12607, 300, 1460, 13, 50808], \"temperature\": 0.0, \"avg_logprob\": -0.22001253068447113, \"compression_ratio\": 1.8011696338653564, \"no_speech_prob\": 0.012624507769942284}, {\"id\": 103, \"seek\": 20222, \"start\": 211.10000610351562, \"end\": 214.8800048828125, \"text\": \" Now, it's the $25,000 investor, the $50,000 investor\", \"tokens\": [50808, 823, 11, 309, 311, 264, 1848, 6074, 11, 1360, 18479, 11, 264, 1848, 2803, 11, 1360, 18479, 50997], \"temperature\": 0.0, \"avg_logprob\": -0.22001253068447113, \"compression_ratio\": 1.8011696338653564, \"no_speech_prob\": 0.012624507769942284}, {\"id\": 104, \"seek\": 20222, \"start\": 214.8800048828125, \"end\": 216.89999389648438, \"text\": \" that's never invested before, those are the ones\", \"tokens\": [50997, 300, 311, 1128, 13104, 949, 11, 729, 366, 264, 2306, 51098], \"temperature\": 0.0, \"avg_logprob\": -0.22001253068447113, \"compression_ratio\": 1.8011696338653564, \"no_speech_prob\": 0.012624507769942284}, {\"id\": 105, \"seek\": 20222, \"start\": 216.89999389648438, \"end\": 219.94000244140625, \"text\": \" that have a million questions, they wanna do an audit,\", \"tokens\": [51098, 300, 362, 257, 2459, 1651, 11, 436, 1948, 360, 364, 17748, 11, 51250], \"temperature\": 0.0, \"avg_logprob\": -0.22001253068447113, \"compression_ratio\": 1.8011696338653564, \"no_speech_prob\": 0.012624507769942284}, {\"id\": 106, \"seek\": 20222, \"start\": 219.94000244140625, \"end\": 221.77999877929688, \"text\": \" they wanna go drive by the property,\", \"tokens\": [51250, 436, 1948, 352, 3332, 538, 264, 4707, 11, 51342], \"temperature\": 0.0, \"avg_logprob\": -0.22001253068447113, \"compression_ratio\": 1.8011696338653564, \"no_speech_prob\": 0.012624507769942284}, {\"id\": 107, \"seek\": 20222, \"start\": 221.77999877929688, \"end\": 223.33999633789062, \"text\": \" they wanna do their own due diligence\", \"tokens\": [51342, 436, 1948, 360, 641, 1065, 3462, 40046, 51420], \"temperature\": 0.0, \"avg_logprob\": -0.22001253068447113, \"compression_ratio\": 1.8011696338653564, \"no_speech_prob\": 0.012624507769942284}, {\"id\": 108, \"seek\": 20222, \"start\": 223.33999633789062, \"end\": 225.25999450683594, \"text\": \" and quite frankly, it's like, no,\", \"tokens\": [51420, 293, 1596, 11939, 11, 309, 311, 411, 11, 572, 11, 51516], \"temperature\": 0.0, \"avg_logprob\": -0.22001253068447113, \"compression_ratio\": 1.8011696338653564, \"no_speech_prob\": 0.012624507769942284}, {\"id\": 109, \"seek\": 20222, \"start\": 225.25999450683594, \"end\": 227.72000122070312, \"text\": \" our investors invest with us because they know\", \"tokens\": [51516, 527, 11519, 1963, 365, 505, 570, 436, 458, 51639], \"temperature\": 0.0, \"avg_logprob\": -0.22001253068447113, \"compression_ratio\": 1.8011696338653564, \"no_speech_prob\": 0.012624507769942284}, {\"id\": 110, \"seek\": 20222, \"start\": 227.72000122070312, \"end\": 229.6199951171875, \"text\": \" they don't have to understand all the ins and outs\", \"tokens\": [51639, 436, 500, 380, 362, 281, 1223, 439, 264, 1028, 293, 14758, 51734], \"temperature\": 0.0, \"avg_logprob\": -0.22001253068447113, \"compression_ratio\": 1.8011696338653564, \"no_speech_prob\": 0.012624507769942284}, {\"id\": 111, \"seek\": 20222, \"start\": 229.6199951171875, \"end\": 230.94000244140625, \"text\": \" of the real estate, right?\", \"tokens\": [51734, 295, 264, 957, 9749, 11, 558, 30, 51800], \"temperature\": 0.0, \"avg_logprob\": -0.22001253068447113, \"compression_ratio\": 1.8011696338653564, \"no_speech_prob\": 0.012624507769942284}, {\"id\": 112, \"seek\": 23094, \"start\": 230.94000244140625, \"end\": 232.77999877929688, \"text\": \" They invest with us because they trust us.\", \"tokens\": [50364, 814, 1963, 365, 505, 570, 436, 3361, 505, 13, 50456], \"temperature\": 0.0, \"avg_logprob\": -0.268331378698349, \"compression_ratio\": 1.6056338548660278, \"no_speech_prob\": 0.020328931510448456}, {\"id\": 113, \"seek\": 23094, \"start\": 232.77999877929688, \"end\": 234.89999389648438, \"text\": \" And so if you're gonna trust us, great,\", \"tokens\": [50456, 400, 370, 498, 291, 434, 799, 3361, 505, 11, 869, 11, 50562], \"temperature\": 0.0, \"avg_logprob\": -0.268331378698349, \"compression_ratio\": 1.6056338548660278, \"no_speech_prob\": 0.020328931510448456}, {\"id\": 114, \"seek\": 23094, \"start\": 234.89999389648438, \"end\": 236.5399932861328, \"text\": \" but if not, and you're gonna ask a million questions,\", \"tokens\": [50562, 457, 498, 406, 11, 293, 291, 434, 799, 1029, 257, 2459, 1651, 11, 50644], \"temperature\": 0.0, \"avg_logprob\": -0.268331378698349, \"compression_ratio\": 1.6056338548660278, \"no_speech_prob\": 0.020328931510448456}, {\"id\": 115, \"seek\": 23094, \"start\": 236.5399932861328, \"end\": 237.74000549316406, \"text\": \" you wanna do all these audits, it's like,\", \"tokens\": [50644, 291, 1948, 360, 439, 613, 2379, 1208, 11, 309, 311, 411, 11, 50704], \"temperature\": 0.0, \"avg_logprob\": -0.268331378698349, \"compression_ratio\": 1.6056338548660278, \"no_speech_prob\": 0.020328931510448456}, {\"id\": 116, \"seek\": 23094, \"start\": 237.74000549316406, \"end\": 239.25999450683594, \"text\": \" I just tell them, hey, I'm sorry,\", \"tokens\": [50704, 286, 445, 980, 552, 11, 4177, 11, 286, 478, 2597, 11, 50780], \"temperature\": 0.0, \"avg_logprob\": -0.268331378698349, \"compression_ratio\": 1.6056338548660278, \"no_speech_prob\": 0.020328931510448456}, {\"id\": 117, \"seek\": 23094, \"start\": 239.25999450683594, \"end\": 240.4199981689453, \"text\": \" but we're not gonna be a fit.\", \"tokens\": [50780, 457, 321, 434, 406, 799, 312, 257, 3318, 13, 50838], \"temperature\": 0.0, \"avg_logprob\": -0.268331378698349, \"compression_ratio\": 1.6056338548660278, \"no_speech_prob\": 0.020328931510448456}, {\"id\": 118, \"seek\": 23094, \"start\": 240.4199981689453, \"end\": 241.6199951171875, \"text\": \" Let me point you in the right direction\", \"tokens\": [50838, 961, 385, 935, 291, 294, 264, 558, 3513, 50898], \"temperature\": 0.0, \"avg_logprob\": -0.268331378698349, \"compression_ratio\": 1.6056338548660278, \"no_speech_prob\": 0.020328931510448456}, {\"id\": 119, \"seek\": 23094, \"start\": 241.6199951171875, \"end\": 244.22000122070312, \"text\": \" with some other operators that might be willing to do that.\", \"tokens\": [50898, 365, 512, 661, 19077, 300, 1062, 312, 4950, 281, 360, 300, 13, 51028], \"temperature\": 0.0, \"avg_logprob\": -0.268331378698349, \"compression_ratio\": 1.6056338548660278, \"no_speech_prob\": 0.020328931510448456}]}"}