{"title": "The Good Guy Vs Bad Guy Debate", "video_id": "Wsn-tprXJxQ", "video_url": "https://www.youtube.com/watch?v=Wsn-tprXJxQ", "description": "Watch The Full Thing Here : https://youtu.be/MfuCXoHtvxU?si=166SpL1savNy6dN2\n\u2014\u2014\u2014\u2014\u2014\u2014\u2014\u2014\u2014\u2014\u2014\u2014\u2014\u2014\u2014\u2014\u2014\u2014\u2014\u2014\nReady to build a network of amazing women and high-status men?\n\nMichael\u2019s Men of Action is a one-on-one Master\u2019s program that teaches men how to create elite \nsocial lives by becoming higher status.\n\nClick this link to learn how you can have a High-Status lifestyle now:\nhttps://m.moamentoring.com/podcast\n\nClick here to join the Men of Action community and watch the High-Status Networking 101 course:\nhttps://m.moamentoring.com/moa-community\n\nInterested in joining the Men of Action sales team? Apply here:\nhttps://www.moamentoring.com/jobs/sales\n\nMen of Action has an affiliate program! Post pre-made content and get paid passively:\nhttps://www.moamentoring.com/affiliate\n\u2014\u2014\u2014\u2014\u2014\u2014\u2014\u2014\u2014\u2014\u2014\u2014\u2014\u2014\u2014\u2014\u2014\u2014\u2014\u2014\n\nSubscribe on Youtube: \nhttps://www.youtube.com/user/MichaelSartain\n\nListen on Apple Podcast: \nhttps://podcasts.apple.com/us/podcast/the-michael-sartain-podcast/id1579791157\n\nListen on Spotify: \nhttps://open.spotify.com/show/2faAYwvDD9Bvkpwv6umlPO?si=8Q3ak9HnSlKjuChsTXr6YQ&dl_branch=1\n\n#michael #michaelsartain #michael_sartain #michael_sartain_podcast", "published_at": "2023-12-28T13:45:01Z", "channel_id": "UC0T1bDzajVefRWx4uKdGyuw", "channel_title": "Michael Sartain", "tags": ["Michael", "Michael Sartain", "Michael Sartain Podcast", "Michael Podcast", "MOA", "Men Of Action", "Michael Sartain Course", "Michael Sartain With Hot Women", "Playboy", "Swimsuit", "Swimsuit Competition", "ichael sartain social circle", "social circle", "how to netowrk", "moa", "moa podcast", "gender wage gap", "gender wage gap myth", "wage gap", "social value", "michael sartain course", "looks money status", "social circle mentorship", "michael sartain social circle game", "men of action podcast", "men of action course"], "category_id": "24", "live_broadcast_content": "none", "duration": 525.0, "dimension": "2d", "definition": "hd", "caption": "false", "view_count": 3841, "like_count": 146, "comment_count": 36, "channel_info": {"title": "Michael Sartain", "description": "\ud83c\udf99Host of The\u00a0Michael Sartain Podcast \n\n\ud83d\udd25Teaching you how to build a network of desirable women and high-status men\n\n\ud83d\udc47 Click the \"Men of Action\" link below now to forge a high-status lifestyle and join the elites \n", "subscriber_count": "80500", "total_views": "29545897", "total_videos": "1481"}, "comments": [], "file_path": "/Users/aelaguiz/workspace/fc_book/audio/raws/Wsn-tprXJxQ.mp3", "transcription": "{\"text\": \"Learn how to win somewhere and then go out and win where she can see you. And that's how you transcend your looks. The thing that my clients would be most interested in is the good guy, bad guy traits. What I refer to is things that create attraction versus things that create comfort. And you say good guy traits and bad guy traits. Whenever I have a client who very clearly does not give himself permission, it generally comes from a very structured household where they were told to be quiet, told to not be expressive. You know, very much family tried to arrange a marriage, wanted them to marry someone in their same demographic, socioeconomic demographic. This is someone who's an immigrant from say India or South Korea or someplace like that, wanting their children to date like, and in those situations, when I meet men that come out of those situations, they're very afraid to express themselves. They're afraid to give themselves permission in certain incidents. And so I show them videos of like Wes Watson, like a dude who's, you know, he went to jail 10 years for attempted murder and just the dude just screams and he gives himself total permission. And then I'm like, I don't want you to become Wes Watson, but I do want you to understand that like, this is what total permission looks like and you can't do this. And then I asked them, slap the table and say, let's fucking go. And it's like, let's fucking go. And they think in their mind they're being expressive, but they don't understand how the world has sort of like, or their upbringing has, has clamped them down. And I need to get them to graph some of these more bad boy characteristics or what I call attraction triggers. And I was wondering if you could go over those down at the bottom of your chart there. Yeah, sure. So I just split it up into two basic categories. I split up into looks, which is just your body, some things you can control and some things you cannot, you cannot work out until you're taller. But as long as you're in the best shape you possibly can be, and you have a haircut and a facial hair that fits you and women like it and your hygiene is good and blah, blah, blah. As long as you have your body in maximum shape, you know, you've maxed out how physically attractive you are. And then masculinity, which I split up into, there's a bunch of different things under here. I kind of rushed to get zones out, so I don't have, this is not exact, but I believe that you can split masculinity up into power and confidence. So that's your ability to do things. And then also your certainty about your ability to do things. I think women find those sexy independently of looks. Like even if you're not a very attractive guy, if you are super powerful and you're really cocky about it and you're never wrong too, like you can't be confident and wrong because then women will say, well, you're just full of it. If you are really confident, you go, don't worry about it. I got this. Like that's why dark triad traits are under here because that's kind of narcissistic self assurance, that cockiness. And dark triad being narcissism, psychopathy, and Machiavellianism, yeah. So those three traits are signifiers that you have abilities, you know how to use them, you know when they work, and you're not afraid to use them when it's time. So being able to go into psycho mode has worked really well for me with women. There have been times where I have almost lost my cool a little and women go, wow, I've never seen guys actually threaten to use force. I've never seen that. They're always so nice and they go, oh, we'll come to an understanding and they say that's unattractive. And when I demonstrate to them that I'm willing to suspend empathy from someone who's threatening me, they say they like that. So power and the confidence that you're correct in the use of your power is what I would separate masculinity into. And if you want to separate that even further, it would be social status and certain kinds of social status. Because up here in presentability, you would have, this would be Mr. Rogers and this would be Tony Montana, Scarface. So there's different kinds of social climbing that you can do. You can have nice guy social climbing and bad boy social climbing. And so in order to be attractive to women, you have to be able to make people do what you want. You have to be able to get money. You have to be able to do physical things with your muscles. If you go axe throwing and she beats you axe throwing, she's going to go, ick. You need to beat her. So these are basically, yeah, yeah, yeah, yeah. You need to be able to beat her. You need to be able to beat other men. There's this famous clip of some woman talking to Joe Rogan about her boyfriend who was a fighter and he got punched in the face and he did the fencing response, which is when your arms go out like that, because, you know, he got his brain rocked and his arms automatically got stiff like that. And she mistook it for him protecting his face like a wimp. And she just said that was a big turnoff. And I didn't, wasn't attracted to him anymore because he wasn't expressing dominance. She said, you should go down swinging. And even if you're losing, you know, give him the middle finger while you're losing. So even, even getting hit in the brain and your body involuntarily moving can give women the ick. It's not masculine enough. Yeah. Because it's didn't, didn't appear masculine enough. Yeah. It's getting affected by the environment, getting beat up. So like you gotta, you gotta learn how to win somewhere and then go out and win where she can see you. And that's how you transcend your looks. That guys, there's too many guys who they think that they're dead in the water because they're short. And it's like, you're a good looking, intelligent guy and you're five foot six. Go play guitar. Go, go do something impressive in front of women and the ones who don't care that you're short will show right up. That's one of the things that I want men to learn because there's sort of, there's, there's a huge numbers, a huge percentage of men in the Western world who are all focusing on this stuff. Let me be nice and buy you flowers and be good to you and then you'll be sexually attracted to me. And it's no, that's not what makes that happen. Yeah. So that's all being dominant. Yeah. So the concept of on the, the stuff on the bottom part of the scale, those are the things that are the bad boy things, the things on the right side of the scale. Those are the things that are the good guy things. And you mentioned before that, and I love this concept, Sadia Khan, she made a video similar to this where she said, uh, women do not hate nice guys or good guys. What they do is they hate nice guys that don't have boundaries. So the concept of, I am nice to you because your boobies are big. I'm being nice to you. I'm doing these things and she can clearly tell this man is overly nice to me, but he's being, he's investing in me, but he's doing so just because I'm physically attractive. And because of that, his, his intent and attractiveness or attractiveness is cheap. It doesn't cost anything. It did. I didn't have to work for it. The guy at the bottom cares less and the woman has to do more to get attention from him. Therefore his intent is worth more. It is of a higher value. And what he, she said is what women really want is a guy who does both. He can be nice, but he still maintains those boundaries. And then that's when you called it Prince charming. Yes. Yeah. And the other thing that I think men should be, I don't know whether or not Prince charming or bad boy is the best strategy for propagating your genes, but I do know that for the long term survival of humanity, every man trying to get here for the woman of his choice is the ideal. Like this is, this is how life gets better for everyone when every man has a woman here and every woman has a man here and he knows how to do that. It's of course much easier for women to get here. Just be, you know, good looking enough for him and treat him well and he'll love you most of the time. There are some guys who obviously have, you know, high standards and cheat all the time. But for women, it's just, you know, like we went over before, you're constantly riding this line of like, you're being too nice to me, so I'm bored and now you're not being nice enough to me, so you must be cheating and you have to, it's been very difficult to walk this line. It is, um, yeah, it's, it's, it's not for the faint of heart and I think most men are just fundamentally not capable of it, which is why we used to have social, uh, uh, uh, you know, trends or whatever you call them, social, uh, policies of, of making people get together. We, we had, we had really strict monogamy. Yeah. Yes. We had strictly enforced marriage and we would, we would say our, our families are going to get together and go, Hey, your daughter looks like she's about right for my son. Let's see if they like each other. And then you introduce them and they become familiar and she goes, yeah, he's not so bad, which is something I've heard women report quite a bit, that they'll go out with a guy who is nice and she doesn't like him, but she kind of forces herself to go on three or four dates and goes like, you know what?  \", \"segments\": [{\"id\": 0, \"seek\": 0, \"start\": 0.0, \"end\": 6.71999979019165, \"text\": \" Learn how to win somewhere and then go out and win where she can see you.\", \"tokens\": [50364, 17216, 577, 281, 1942, 4079, 293, 550, 352, 484, 293, 1942, 689, 750, 393, 536, 291, 13, 50700], \"temperature\": 0.0, \"avg_logprob\": -0.24228937923908234, \"compression_ratio\": 1.7438015937805176, \"no_speech_prob\": 0.005819493904709816}, {\"id\": 1, \"seek\": 0, \"start\": 6.71999979019165, \"end\": 8.899999618530273, \"text\": \" And that's how you transcend your looks.\", \"tokens\": [50700, 400, 300, 311, 577, 291, 28535, 428, 1542, 13, 50809], \"temperature\": 0.0, \"avg_logprob\": -0.24228937923908234, \"compression_ratio\": 1.7438015937805176, \"no_speech_prob\": 0.005819493904709816}, {\"id\": 2, \"seek\": 0, \"start\": 8.899999618530273, \"end\": 13.479999542236328, \"text\": \" The thing that my clients would be most interested in is the good guy, bad guy traits.\", \"tokens\": [50809, 440, 551, 300, 452, 6982, 576, 312, 881, 3102, 294, 307, 264, 665, 2146, 11, 1578, 2146, 19526, 13, 51038], \"temperature\": 0.0, \"avg_logprob\": -0.24228937923908234, \"compression_ratio\": 1.7438015937805176, \"no_speech_prob\": 0.005819493904709816}, {\"id\": 3, \"seek\": 0, \"start\": 13.479999542236328, \"end\": 18.600000381469727, \"text\": \" What I refer to is things that create attraction versus things that create comfort.\", \"tokens\": [51038, 708, 286, 2864, 281, 307, 721, 300, 1884, 17672, 5717, 721, 300, 1884, 3400, 13, 51294], \"temperature\": 0.0, \"avg_logprob\": -0.24228937923908234, \"compression_ratio\": 1.7438015937805176, \"no_speech_prob\": 0.005819493904709816}, {\"id\": 4, \"seek\": 0, \"start\": 18.600000381469727, \"end\": 21.280000686645508, \"text\": \" And you say good guy traits and bad guy traits.\", \"tokens\": [51294, 400, 291, 584, 665, 2146, 19526, 293, 1578, 2146, 19526, 13, 51428], \"temperature\": 0.0, \"avg_logprob\": -0.24228937923908234, \"compression_ratio\": 1.7438015937805176, \"no_speech_prob\": 0.005819493904709816}, {\"id\": 5, \"seek\": 0, \"start\": 21.280000686645508, \"end\": 25.15999984741211, \"text\": \" Whenever I have a client who very clearly does not give himself permission, it generally\", \"tokens\": [51428, 14159, 286, 362, 257, 6423, 567, 588, 4448, 775, 406, 976, 3647, 11226, 11, 309, 5101, 51622], \"temperature\": 0.0, \"avg_logprob\": -0.24228937923908234, \"compression_ratio\": 1.7438015937805176, \"no_speech_prob\": 0.005819493904709816}, {\"id\": 6, \"seek\": 2516, \"start\": 25.15999984741211, \"end\": 30.920000076293945, \"text\": \" comes from a very structured household where they were told to be quiet, told to not be\", \"tokens\": [50364, 1487, 490, 257, 588, 18519, 9888, 689, 436, 645, 1907, 281, 312, 5677, 11, 1907, 281, 406, 312, 50652], \"temperature\": 0.0, \"avg_logprob\": -0.3051165044307709, \"compression_ratio\": 1.725000023841858, \"no_speech_prob\": 0.44134342670440674}, {\"id\": 7, \"seek\": 2516, \"start\": 30.920000076293945, \"end\": 31.920000076293945, \"text\": \" expressive.\", \"tokens\": [50652, 40189, 13, 50702], \"temperature\": 0.0, \"avg_logprob\": -0.3051165044307709, \"compression_ratio\": 1.725000023841858, \"no_speech_prob\": 0.44134342670440674}, {\"id\": 8, \"seek\": 2516, \"start\": 31.920000076293945, \"end\": 36.880001068115234, \"text\": \" You know, very much family tried to arrange a marriage, wanted them to marry someone in\", \"tokens\": [50702, 509, 458, 11, 588, 709, 1605, 3031, 281, 9424, 257, 7194, 11, 1415, 552, 281, 9747, 1580, 294, 50950], \"temperature\": 0.0, \"avg_logprob\": -0.3051165044307709, \"compression_ratio\": 1.725000023841858, \"no_speech_prob\": 0.44134342670440674}, {\"id\": 9, \"seek\": 2516, \"start\": 36.880001068115234, \"end\": 39.7599983215332, \"text\": \" their same demographic, socioeconomic demographic.\", \"tokens\": [50950, 641, 912, 26331, 11, 46327, 31646, 26331, 13, 51094], \"temperature\": 0.0, \"avg_logprob\": -0.3051165044307709, \"compression_ratio\": 1.725000023841858, \"no_speech_prob\": 0.44134342670440674}, {\"id\": 10, \"seek\": 2516, \"start\": 39.7599983215332, \"end\": 44.15999984741211, \"text\": \" This is someone who's an immigrant from say India or South Korea or someplace like that,\", \"tokens\": [51094, 639, 307, 1580, 567, 311, 364, 23873, 490, 584, 5282, 420, 4242, 6307, 420, 37126, 411, 300, 11, 51314], \"temperature\": 0.0, \"avg_logprob\": -0.3051165044307709, \"compression_ratio\": 1.725000023841858, \"no_speech_prob\": 0.44134342670440674}, {\"id\": 11, \"seek\": 2516, \"start\": 44.15999984741211, \"end\": 49.220001220703125, \"text\": \" wanting their children to date like, and in those situations, when I meet men that come\", \"tokens\": [51314, 7935, 641, 2227, 281, 4002, 411, 11, 293, 294, 729, 6851, 11, 562, 286, 1677, 1706, 300, 808, 51567], \"temperature\": 0.0, \"avg_logprob\": -0.3051165044307709, \"compression_ratio\": 1.725000023841858, \"no_speech_prob\": 0.44134342670440674}, {\"id\": 12, \"seek\": 2516, \"start\": 49.220001220703125, \"end\": 52.400001525878906, \"text\": \" out of those situations, they're very afraid to express themselves.\", \"tokens\": [51567, 484, 295, 729, 6851, 11, 436, 434, 588, 4638, 281, 5109, 2969, 13, 51726], \"temperature\": 0.0, \"avg_logprob\": -0.3051165044307709, \"compression_ratio\": 1.725000023841858, \"no_speech_prob\": 0.44134342670440674}, {\"id\": 13, \"seek\": 5240, \"start\": 52.400001525878906, \"end\": 55.91999816894531, \"text\": \" They're afraid to give themselves permission in certain incidents.\", \"tokens\": [50364, 814, 434, 4638, 281, 976, 2969, 11226, 294, 1629, 21139, 13, 50540], \"temperature\": 0.0, \"avg_logprob\": -0.21857795119285583, \"compression_ratio\": 1.8847352266311646, \"no_speech_prob\": 0.19923315942287445}, {\"id\": 14, \"seek\": 5240, \"start\": 55.91999816894531, \"end\": 60.0, \"text\": \" And so I show them videos of like Wes Watson, like a dude who's, you know, he went to jail\", \"tokens\": [50540, 400, 370, 286, 855, 552, 2145, 295, 411, 23843, 25640, 11, 411, 257, 6449, 567, 311, 11, 291, 458, 11, 415, 1437, 281, 10511, 50744], \"temperature\": 0.0, \"avg_logprob\": -0.21857795119285583, \"compression_ratio\": 1.8847352266311646, \"no_speech_prob\": 0.19923315942287445}, {\"id\": 15, \"seek\": 5240, \"start\": 60.0, \"end\": 64.27999877929688, \"text\": \" 10 years for attempted murder and just the dude just screams and he gives himself total\", \"tokens\": [50744, 1266, 924, 337, 18997, 6568, 293, 445, 264, 6449, 445, 22832, 293, 415, 2709, 3647, 3217, 50958], \"temperature\": 0.0, \"avg_logprob\": -0.21857795119285583, \"compression_ratio\": 1.8847352266311646, \"no_speech_prob\": 0.19923315942287445}, {\"id\": 16, \"seek\": 5240, \"start\": 64.27999877929688, \"end\": 65.27999877929688, \"text\": \" permission.\", \"tokens\": [50958, 11226, 13, 51008], \"temperature\": 0.0, \"avg_logprob\": -0.21857795119285583, \"compression_ratio\": 1.8847352266311646, \"no_speech_prob\": 0.19923315942287445}, {\"id\": 17, \"seek\": 5240, \"start\": 65.27999877929688, \"end\": 68.19999694824219, \"text\": \" And then I'm like, I don't want you to become Wes Watson, but I do want you to understand\", \"tokens\": [51008, 400, 550, 286, 478, 411, 11, 286, 500, 380, 528, 291, 281, 1813, 23843, 25640, 11, 457, 286, 360, 528, 291, 281, 1223, 51154], \"temperature\": 0.0, \"avg_logprob\": -0.21857795119285583, \"compression_ratio\": 1.8847352266311646, \"no_speech_prob\": 0.19923315942287445}, {\"id\": 18, \"seek\": 5240, \"start\": 68.19999694824219, \"end\": 71.95999908447266, \"text\": \" that like, this is what total permission looks like and you can't do this.\", \"tokens\": [51154, 300, 411, 11, 341, 307, 437, 3217, 11226, 1542, 411, 293, 291, 393, 380, 360, 341, 13, 51342], \"temperature\": 0.0, \"avg_logprob\": -0.21857795119285583, \"compression_ratio\": 1.8847352266311646, \"no_speech_prob\": 0.19923315942287445}, {\"id\": 19, \"seek\": 5240, \"start\": 71.95999908447266, \"end\": 74.68000030517578, \"text\": \" And then I asked them, slap the table and say, let's fucking go.\", \"tokens\": [51342, 400, 550, 286, 2351, 552, 11, 21075, 264, 3199, 293, 584, 11, 718, 311, 5546, 352, 13, 51478], \"temperature\": 0.0, \"avg_logprob\": -0.21857795119285583, \"compression_ratio\": 1.8847352266311646, \"no_speech_prob\": 0.19923315942287445}, {\"id\": 20, \"seek\": 5240, \"start\": 74.68000030517578, \"end\": 76.4800033569336, \"text\": \" And it's like, let's fucking go.\", \"tokens\": [51478, 400, 309, 311, 411, 11, 718, 311, 5546, 352, 13, 51568], \"temperature\": 0.0, \"avg_logprob\": -0.21857795119285583, \"compression_ratio\": 1.8847352266311646, \"no_speech_prob\": 0.19923315942287445}, {\"id\": 21, \"seek\": 5240, \"start\": 76.4800033569336, \"end\": 80.04000091552734, \"text\": \" And they think in their mind they're being expressive, but they don't understand how\", \"tokens\": [51568, 400, 436, 519, 294, 641, 1575, 436, 434, 885, 40189, 11, 457, 436, 500, 380, 1223, 577, 51746], \"temperature\": 0.0, \"avg_logprob\": -0.21857795119285583, \"compression_ratio\": 1.8847352266311646, \"no_speech_prob\": 0.19923315942287445}, {\"id\": 22, \"seek\": 8004, \"start\": 80.04000091552734, \"end\": 84.55999755859375, \"text\": \" the world has sort of like, or their upbringing has, has clamped them down.\", \"tokens\": [50364, 264, 1002, 575, 1333, 295, 411, 11, 420, 641, 47268, 575, 11, 575, 17690, 292, 552, 760, 13, 50590], \"temperature\": 0.0, \"avg_logprob\": -0.23733629286289215, \"compression_ratio\": 1.7608696222305298, \"no_speech_prob\": 0.7088778614997864}, {\"id\": 23, \"seek\": 8004, \"start\": 84.55999755859375, \"end\": 89.68000030517578, \"text\": \" And I need to get them to graph some of these more bad boy characteristics or what I call\", \"tokens\": [50590, 400, 286, 643, 281, 483, 552, 281, 4295, 512, 295, 613, 544, 1578, 3237, 10891, 420, 437, 286, 818, 50846], \"temperature\": 0.0, \"avg_logprob\": -0.23733629286289215, \"compression_ratio\": 1.7608696222305298, \"no_speech_prob\": 0.7088778614997864}, {\"id\": 24, \"seek\": 8004, \"start\": 89.68000030517578, \"end\": 91.23999786376953, \"text\": \" attraction triggers.\", \"tokens\": [50846, 17672, 22827, 13, 50924], \"temperature\": 0.0, \"avg_logprob\": -0.23733629286289215, \"compression_ratio\": 1.7608696222305298, \"no_speech_prob\": 0.7088778614997864}, {\"id\": 25, \"seek\": 8004, \"start\": 91.23999786376953, \"end\": 94.36000061035156, \"text\": \" And I was wondering if you could go over those down at the bottom of your chart there.\", \"tokens\": [50924, 400, 286, 390, 6359, 498, 291, 727, 352, 670, 729, 760, 412, 264, 2767, 295, 428, 6927, 456, 13, 51080], \"temperature\": 0.0, \"avg_logprob\": -0.23733629286289215, \"compression_ratio\": 1.7608696222305298, \"no_speech_prob\": 0.7088778614997864}, {\"id\": 26, \"seek\": 8004, \"start\": 94.36000061035156, \"end\": 95.36000061035156, \"text\": \" Yeah, sure.\", \"tokens\": [51080, 865, 11, 988, 13, 51130], \"temperature\": 0.0, \"avg_logprob\": -0.23733629286289215, \"compression_ratio\": 1.7608696222305298, \"no_speech_prob\": 0.7088778614997864}, {\"id\": 27, \"seek\": 8004, \"start\": 95.36000061035156, \"end\": 97.4800033569336, \"text\": \" So I just split it up into two basic categories.\", \"tokens\": [51130, 407, 286, 445, 7472, 309, 493, 666, 732, 3875, 10479, 13, 51236], \"temperature\": 0.0, \"avg_logprob\": -0.23733629286289215, \"compression_ratio\": 1.7608696222305298, \"no_speech_prob\": 0.7088778614997864}, {\"id\": 28, \"seek\": 8004, \"start\": 97.4800033569336, \"end\": 101.87999725341797, \"text\": \" I split up into looks, which is just your body, some things you can control and some\", \"tokens\": [51236, 286, 7472, 493, 666, 1542, 11, 597, 307, 445, 428, 1772, 11, 512, 721, 291, 393, 1969, 293, 512, 51456], \"temperature\": 0.0, \"avg_logprob\": -0.23733629286289215, \"compression_ratio\": 1.7608696222305298, \"no_speech_prob\": 0.7088778614997864}, {\"id\": 29, \"seek\": 8004, \"start\": 101.87999725341797, \"end\": 105.5199966430664, \"text\": \" things you cannot, you cannot work out until you're taller.\", \"tokens\": [51456, 721, 291, 2644, 11, 291, 2644, 589, 484, 1826, 291, 434, 22406, 13, 51638], \"temperature\": 0.0, \"avg_logprob\": -0.23733629286289215, \"compression_ratio\": 1.7608696222305298, \"no_speech_prob\": 0.7088778614997864}, {\"id\": 30, \"seek\": 8004, \"start\": 105.5199966430664, \"end\": 109.08000183105469, \"text\": \" But as long as you're in the best shape you possibly can be, and you have a haircut and\", \"tokens\": [51638, 583, 382, 938, 382, 291, 434, 294, 264, 1151, 3909, 291, 6264, 393, 312, 11, 293, 291, 362, 257, 30328, 293, 51816], \"temperature\": 0.0, \"avg_logprob\": -0.23733629286289215, \"compression_ratio\": 1.7608696222305298, \"no_speech_prob\": 0.7088778614997864}, {\"id\": 31, \"seek\": 10908, \"start\": 109.08000183105469, \"end\": 113.95999908447266, \"text\": \" a facial hair that fits you and women like it and your hygiene is good and blah, blah,\", \"tokens\": [50364, 257, 15642, 2578, 300, 9001, 291, 293, 2266, 411, 309, 293, 428, 29541, 307, 665, 293, 12288, 11, 12288, 11, 50608], \"temperature\": 0.0, \"avg_logprob\": -0.21769897639751434, \"compression_ratio\": 1.7763158082962036, \"no_speech_prob\": 0.12591050565242767}, {\"id\": 32, \"seek\": 10908, \"start\": 113.95999908447266, \"end\": 114.95999908447266, \"text\": \" blah.\", \"tokens\": [50608, 12288, 13, 50658], \"temperature\": 0.0, \"avg_logprob\": -0.21769897639751434, \"compression_ratio\": 1.7763158082962036, \"no_speech_prob\": 0.12591050565242767}, {\"id\": 33, \"seek\": 10908, \"start\": 114.95999908447266, \"end\": 118.19999694824219, \"text\": \" As long as you have your body in maximum shape, you know, you've maxed out how physically\", \"tokens\": [50658, 1018, 938, 382, 291, 362, 428, 1772, 294, 6674, 3909, 11, 291, 458, 11, 291, 600, 11469, 292, 484, 577, 9762, 50820], \"temperature\": 0.0, \"avg_logprob\": -0.21769897639751434, \"compression_ratio\": 1.7763158082962036, \"no_speech_prob\": 0.12591050565242767}, {\"id\": 34, \"seek\": 10908, \"start\": 118.19999694824219, \"end\": 119.55999755859375, \"text\": \" attractive you are.\", \"tokens\": [50820, 12609, 291, 366, 13, 50888], \"temperature\": 0.0, \"avg_logprob\": -0.21769897639751434, \"compression_ratio\": 1.7763158082962036, \"no_speech_prob\": 0.12591050565242767}, {\"id\": 35, \"seek\": 10908, \"start\": 119.55999755859375, \"end\": 123.63999938964844, \"text\": \" And then masculinity, which I split up into, there's a bunch of different things under\", \"tokens\": [50888, 400, 550, 45195, 11, 597, 286, 7472, 493, 666, 11, 456, 311, 257, 3840, 295, 819, 721, 833, 51092], \"temperature\": 0.0, \"avg_logprob\": -0.21769897639751434, \"compression_ratio\": 1.7763158082962036, \"no_speech_prob\": 0.12591050565242767}, {\"id\": 36, \"seek\": 10908, \"start\": 123.63999938964844, \"end\": 124.63999938964844, \"text\": \" here.\", \"tokens\": [51092, 510, 13, 51142], \"temperature\": 0.0, \"avg_logprob\": -0.21769897639751434, \"compression_ratio\": 1.7763158082962036, \"no_speech_prob\": 0.12591050565242767}, {\"id\": 37, \"seek\": 10908, \"start\": 124.63999938964844, \"end\": 128.0800018310547, \"text\": \" I kind of rushed to get zones out, so I don't have, this is not exact, but I believe that\", \"tokens\": [51142, 286, 733, 295, 24421, 281, 483, 16025, 484, 11, 370, 286, 500, 380, 362, 11, 341, 307, 406, 1900, 11, 457, 286, 1697, 300, 51314], \"temperature\": 0.0, \"avg_logprob\": -0.21769897639751434, \"compression_ratio\": 1.7763158082962036, \"no_speech_prob\": 0.12591050565242767}, {\"id\": 38, \"seek\": 10908, \"start\": 128.0800018310547, \"end\": 131.6199951171875, \"text\": \" you can split masculinity up into power and confidence.\", \"tokens\": [51314, 291, 393, 7472, 45195, 493, 666, 1347, 293, 6687, 13, 51491], \"temperature\": 0.0, \"avg_logprob\": -0.21769897639751434, \"compression_ratio\": 1.7763158082962036, \"no_speech_prob\": 0.12591050565242767}, {\"id\": 39, \"seek\": 10908, \"start\": 131.6199951171875, \"end\": 133.9600067138672, \"text\": \" So that's your ability to do things.\", \"tokens\": [51491, 407, 300, 311, 428, 3485, 281, 360, 721, 13, 51608], \"temperature\": 0.0, \"avg_logprob\": -0.21769897639751434, \"compression_ratio\": 1.7763158082962036, \"no_speech_prob\": 0.12591050565242767}, {\"id\": 40, \"seek\": 10908, \"start\": 133.9600067138672, \"end\": 137.16000366210938, \"text\": \" And then also your certainty about your ability to do things.\", \"tokens\": [51608, 400, 550, 611, 428, 27022, 466, 428, 3485, 281, 360, 721, 13, 51768], \"temperature\": 0.0, \"avg_logprob\": -0.21769897639751434, \"compression_ratio\": 1.7763158082962036, \"no_speech_prob\": 0.12591050565242767}, {\"id\": 41, \"seek\": 13716, \"start\": 137.24000549316406, \"end\": 140.55999755859375, \"text\": \" I think women find those sexy independently of looks.\", \"tokens\": [50368, 286, 519, 2266, 915, 729, 13701, 21761, 295, 1542, 13, 50534], \"temperature\": 0.0, \"avg_logprob\": -0.23245903849601746, \"compression_ratio\": 1.7481482028961182, \"no_speech_prob\": 0.004755051340907812}, {\"id\": 42, \"seek\": 13716, \"start\": 140.55999755859375, \"end\": 145.36000061035156, \"text\": \" Like even if you're not a very attractive guy, if you are super powerful and you're\", \"tokens\": [50534, 1743, 754, 498, 291, 434, 406, 257, 588, 12609, 2146, 11, 498, 291, 366, 1687, 4005, 293, 291, 434, 50774], \"temperature\": 0.0, \"avg_logprob\": -0.23245903849601746, \"compression_ratio\": 1.7481482028961182, \"no_speech_prob\": 0.004755051340907812}, {\"id\": 43, \"seek\": 13716, \"start\": 145.36000061035156, \"end\": 150.16000366210938, \"text\": \" really cocky about it and you're never wrong too, like you can't be confident and wrong\", \"tokens\": [50774, 534, 11241, 88, 466, 309, 293, 291, 434, 1128, 2085, 886, 11, 411, 291, 393, 380, 312, 6679, 293, 2085, 51014], \"temperature\": 0.0, \"avg_logprob\": -0.23245903849601746, \"compression_ratio\": 1.7481482028961182, \"no_speech_prob\": 0.004755051340907812}, {\"id\": 44, \"seek\": 13716, \"start\": 150.16000366210938, \"end\": 154.24000549316406, \"text\": \" because then women will say, well, you're just full of it.\", \"tokens\": [51014, 570, 550, 2266, 486, 584, 11, 731, 11, 291, 434, 445, 1577, 295, 309, 13, 51218], \"temperature\": 0.0, \"avg_logprob\": -0.23245903849601746, \"compression_ratio\": 1.7481482028961182, \"no_speech_prob\": 0.004755051340907812}, {\"id\": 45, \"seek\": 13716, \"start\": 154.24000549316406, \"end\": 156.9199981689453, \"text\": \" If you are really confident, you go, don't worry about it.\", \"tokens\": [51218, 759, 291, 366, 534, 6679, 11, 291, 352, 11, 500, 380, 3292, 466, 309, 13, 51352], \"temperature\": 0.0, \"avg_logprob\": -0.23245903849601746, \"compression_ratio\": 1.7481482028961182, \"no_speech_prob\": 0.004755051340907812}, {\"id\": 46, \"seek\": 13716, \"start\": 156.9199981689453, \"end\": 157.9199981689453, \"text\": \" I got this.\", \"tokens\": [51352, 286, 658, 341, 13, 51402], \"temperature\": 0.0, \"avg_logprob\": -0.23245903849601746, \"compression_ratio\": 1.7481482028961182, \"no_speech_prob\": 0.004755051340907812}, {\"id\": 47, \"seek\": 13716, \"start\": 157.9199981689453, \"end\": 163.39999389648438, \"text\": \" Like that's why dark triad traits are under here because that's kind of narcissistic self\", \"tokens\": [51402, 1743, 300, 311, 983, 2877, 1376, 345, 19526, 366, 833, 510, 570, 300, 311, 733, 295, 25771, 3142, 2698, 51676], \"temperature\": 0.0, \"avg_logprob\": -0.23245903849601746, \"compression_ratio\": 1.7481482028961182, \"no_speech_prob\": 0.004755051340907812}, {\"id\": 48, \"seek\": 13716, \"start\": 163.39999389648438, \"end\": 165.60000610351562, \"text\": \" assurance, that cockiness.\", \"tokens\": [51676, 32189, 11, 300, 11241, 1324, 13, 51786], \"temperature\": 0.0, \"avg_logprob\": -0.23245903849601746, \"compression_ratio\": 1.7481482028961182, \"no_speech_prob\": 0.004755051340907812}, {\"id\": 49, \"seek\": 16560, \"start\": 165.60000610351562, \"end\": 171.44000244140625, \"text\": \" And dark triad being narcissism, psychopathy, and Machiavellianism, yeah.\", \"tokens\": [50364, 400, 2877, 1376, 345, 885, 25771, 1434, 11, 4681, 404, 9527, 11, 293, 12089, 654, 48592, 952, 1434, 11, 1338, 13, 50656], \"temperature\": 0.0, \"avg_logprob\": -0.2458469569683075, \"compression_ratio\": 1.6448979377746582, \"no_speech_prob\": 0.019718656316399574}, {\"id\": 50, \"seek\": 16560, \"start\": 171.44000244140625, \"end\": 178.8000030517578, \"text\": \" So those three traits are signifiers that you have abilities, you know how to use them,\", \"tokens\": [50656, 407, 729, 1045, 19526, 366, 1465, 23463, 300, 291, 362, 11582, 11, 291, 458, 577, 281, 764, 552, 11, 51024], \"temperature\": 0.0, \"avg_logprob\": -0.2458469569683075, \"compression_ratio\": 1.6448979377746582, \"no_speech_prob\": 0.019718656316399574}, {\"id\": 51, \"seek\": 16560, \"start\": 178.8000030517578, \"end\": 181.8800048828125, \"text\": \" you know when they work, and you're not afraid to use them when it's time.\", \"tokens\": [51024, 291, 458, 562, 436, 589, 11, 293, 291, 434, 406, 4638, 281, 764, 552, 562, 309, 311, 565, 13, 51178], \"temperature\": 0.0, \"avg_logprob\": -0.2458469569683075, \"compression_ratio\": 1.6448979377746582, \"no_speech_prob\": 0.019718656316399574}, {\"id\": 52, \"seek\": 16560, \"start\": 181.8800048828125, \"end\": 189.72000122070312, \"text\": \" So being able to go into psycho mode has worked really well for me with women.\", \"tokens\": [51178, 407, 885, 1075, 281, 352, 666, 33355, 4391, 575, 2732, 534, 731, 337, 385, 365, 2266, 13, 51570], \"temperature\": 0.0, \"avg_logprob\": -0.2458469569683075, \"compression_ratio\": 1.6448979377746582, \"no_speech_prob\": 0.019718656316399574}, {\"id\": 53, \"seek\": 16560, \"start\": 189.72000122070312, \"end\": 194.60000610351562, \"text\": \" There have been times where I have almost lost my cool a little and women go, wow, I've\", \"tokens\": [51570, 821, 362, 668, 1413, 689, 286, 362, 1920, 2731, 452, 1627, 257, 707, 293, 2266, 352, 11, 6076, 11, 286, 600, 51814], \"temperature\": 0.0, \"avg_logprob\": -0.2458469569683075, \"compression_ratio\": 1.6448979377746582, \"no_speech_prob\": 0.019718656316399574}, {\"id\": 54, \"seek\": 19460, \"start\": 195.60000610351562, \"end\": 199.1999969482422, \"text\": \" never seen guys actually threaten to use force.\", \"tokens\": [50414, 1128, 1612, 1074, 767, 29864, 281, 764, 3464, 13, 50594], \"temperature\": 0.0, \"avg_logprob\": -0.24654994904994965, \"compression_ratio\": 1.6882591247558594, \"no_speech_prob\": 0.055821001529693604}, {\"id\": 55, \"seek\": 19460, \"start\": 199.1999969482422, \"end\": 200.1999969482422, \"text\": \" I've never seen that.\", \"tokens\": [50594, 286, 600, 1128, 1612, 300, 13, 50644], \"temperature\": 0.0, \"avg_logprob\": -0.24654994904994965, \"compression_ratio\": 1.6882591247558594, \"no_speech_prob\": 0.055821001529693604}, {\"id\": 56, \"seek\": 19460, \"start\": 200.1999969482422, \"end\": 203.63999938964844, \"text\": \" They're always so nice and they go, oh, we'll come to an understanding and they say that's\", \"tokens\": [50644, 814, 434, 1009, 370, 1481, 293, 436, 352, 11, 1954, 11, 321, 603, 808, 281, 364, 3701, 293, 436, 584, 300, 311, 50816], \"temperature\": 0.0, \"avg_logprob\": -0.24654994904994965, \"compression_ratio\": 1.6882591247558594, \"no_speech_prob\": 0.055821001529693604}, {\"id\": 57, \"seek\": 19460, \"start\": 203.63999938964844, \"end\": 205.63999938964844, \"text\": \" unattractive.\", \"tokens\": [50816, 47316, 1897, 488, 13, 50916], \"temperature\": 0.0, \"avg_logprob\": -0.24654994904994965, \"compression_ratio\": 1.6882591247558594, \"no_speech_prob\": 0.055821001529693604}, {\"id\": 58, \"seek\": 19460, \"start\": 205.63999938964844, \"end\": 210.0800018310547, \"text\": \" And when I demonstrate to them that I'm willing to suspend empathy from someone who's threatening\", \"tokens\": [50916, 400, 562, 286, 11698, 281, 552, 300, 286, 478, 4950, 281, 42546, 18701, 490, 1580, 567, 311, 20768, 51138], \"temperature\": 0.0, \"avg_logprob\": -0.24654994904994965, \"compression_ratio\": 1.6882591247558594, \"no_speech_prob\": 0.055821001529693604}, {\"id\": 59, \"seek\": 19460, \"start\": 210.0800018310547, \"end\": 212.24000549316406, \"text\": \" me, they say they like that.\", \"tokens\": [51138, 385, 11, 436, 584, 436, 411, 300, 13, 51246], \"temperature\": 0.0, \"avg_logprob\": -0.24654994904994965, \"compression_ratio\": 1.6882591247558594, \"no_speech_prob\": 0.055821001529693604}, {\"id\": 60, \"seek\": 19460, \"start\": 212.24000549316406, \"end\": 218.1999969482422, \"text\": \" So power and the confidence that you're correct in the use of your power is what I would separate\", \"tokens\": [51246, 407, 1347, 293, 264, 6687, 300, 291, 434, 3006, 294, 264, 764, 295, 428, 1347, 307, 437, 286, 576, 4994, 51544], \"temperature\": 0.0, \"avg_logprob\": -0.24654994904994965, \"compression_ratio\": 1.6882591247558594, \"no_speech_prob\": 0.055821001529693604}, {\"id\": 61, \"seek\": 19460, \"start\": 218.1999969482422, \"end\": 219.83999633789062, \"text\": \" masculinity into.\", \"tokens\": [51544, 45195, 666, 13, 51626], \"temperature\": 0.0, \"avg_logprob\": -0.24654994904994965, \"compression_ratio\": 1.6882591247558594, \"no_speech_prob\": 0.055821001529693604}, {\"id\": 62, \"seek\": 21984, \"start\": 219.83999633789062, \"end\": 225.27999877929688, \"text\": \" And if you want to separate that even further, it would be social status and certain kinds\", \"tokens\": [50364, 400, 498, 291, 528, 281, 4994, 300, 754, 3052, 11, 309, 576, 312, 2093, 6558, 293, 1629, 3685, 50636], \"temperature\": 0.0, \"avg_logprob\": -0.21711891889572144, \"compression_ratio\": 1.862069010734558, \"no_speech_prob\": 0.27821195125579834}, {\"id\": 63, \"seek\": 21984, \"start\": 225.27999877929688, \"end\": 226.27999877929688, \"text\": \" of social status.\", \"tokens\": [50636, 295, 2093, 6558, 13, 50686], \"temperature\": 0.0, \"avg_logprob\": -0.21711891889572144, \"compression_ratio\": 1.862069010734558, \"no_speech_prob\": 0.27821195125579834}, {\"id\": 64, \"seek\": 21984, \"start\": 226.27999877929688, \"end\": 229.8800048828125, \"text\": \" Because up here in presentability, you would have, this would be Mr. Rogers and this would\", \"tokens\": [50686, 1436, 493, 510, 294, 1974, 2310, 11, 291, 576, 362, 11, 341, 576, 312, 2221, 13, 29877, 293, 341, 576, 50866], \"temperature\": 0.0, \"avg_logprob\": -0.21711891889572144, \"compression_ratio\": 1.862069010734558, \"no_speech_prob\": 0.27821195125579834}, {\"id\": 65, \"seek\": 21984, \"start\": 229.8800048828125, \"end\": 232.74000549316406, \"text\": \" be Tony Montana, Scarface.\", \"tokens\": [50866, 312, 10902, 27916, 11, 23181, 2868, 13, 51009], \"temperature\": 0.0, \"avg_logprob\": -0.21711891889572144, \"compression_ratio\": 1.862069010734558, \"no_speech_prob\": 0.27821195125579834}, {\"id\": 66, \"seek\": 21984, \"start\": 232.74000549316406, \"end\": 236.83999633789062, \"text\": \" So there's different kinds of social climbing that you can do.\", \"tokens\": [51009, 407, 456, 311, 819, 3685, 295, 2093, 14780, 300, 291, 393, 360, 13, 51214], \"temperature\": 0.0, \"avg_logprob\": -0.21711891889572144, \"compression_ratio\": 1.862069010734558, \"no_speech_prob\": 0.27821195125579834}, {\"id\": 67, \"seek\": 21984, \"start\": 236.83999633789062, \"end\": 240.39999389648438, \"text\": \" You can have nice guy social climbing and bad boy social climbing.\", \"tokens\": [51214, 509, 393, 362, 1481, 2146, 2093, 14780, 293, 1578, 3237, 2093, 14780, 13, 51392], \"temperature\": 0.0, \"avg_logprob\": -0.21711891889572144, \"compression_ratio\": 1.862069010734558, \"no_speech_prob\": 0.27821195125579834}, {\"id\": 68, \"seek\": 21984, \"start\": 240.39999389648438, \"end\": 245.8800048828125, \"text\": \" And so in order to be attractive to women, you have to be able to make people do what\", \"tokens\": [51392, 400, 370, 294, 1668, 281, 312, 12609, 281, 2266, 11, 291, 362, 281, 312, 1075, 281, 652, 561, 360, 437, 51666], \"temperature\": 0.0, \"avg_logprob\": -0.21711891889572144, \"compression_ratio\": 1.862069010734558, \"no_speech_prob\": 0.27821195125579834}, {\"id\": 69, \"seek\": 21984, \"start\": 245.8800048828125, \"end\": 246.8800048828125, \"text\": \" you want.\", \"tokens\": [51666, 291, 528, 13, 51716], \"temperature\": 0.0, \"avg_logprob\": -0.21711891889572144, \"compression_ratio\": 1.862069010734558, \"no_speech_prob\": 0.27821195125579834}, {\"id\": 70, \"seek\": 21984, \"start\": 246.8800048828125, \"end\": 247.8800048828125, \"text\": \" You have to be able to get money.\", \"tokens\": [51716, 509, 362, 281, 312, 1075, 281, 483, 1460, 13, 51766], \"temperature\": 0.0, \"avg_logprob\": -0.21711891889572144, \"compression_ratio\": 1.862069010734558, \"no_speech_prob\": 0.27821195125579834}, {\"id\": 71, \"seek\": 24788, \"start\": 247.8800048828125, \"end\": 250.39999389648438, \"text\": \" You have to be able to do physical things with your muscles.\", \"tokens\": [50364, 509, 362, 281, 312, 1075, 281, 360, 4001, 721, 365, 428, 9530, 13, 50490], \"temperature\": 0.0, \"avg_logprob\": -0.2636299133300781, \"compression_ratio\": 1.8207170963287354, \"no_speech_prob\": 0.7929241061210632}, {\"id\": 72, \"seek\": 24788, \"start\": 250.39999389648438, \"end\": 258.32000732421875, \"text\": \" If you go axe throwing and she beats you axe throwing, she's going to go, ick.\", \"tokens\": [50490, 759, 291, 352, 30195, 10238, 293, 750, 16447, 291, 30195, 10238, 11, 750, 311, 516, 281, 352, 11, 220, 618, 13, 50886], \"temperature\": 0.0, \"avg_logprob\": -0.2636299133300781, \"compression_ratio\": 1.8207170963287354, \"no_speech_prob\": 0.7929241061210632}, {\"id\": 73, \"seek\": 24788, \"start\": 258.32000732421875, \"end\": 260.760009765625, \"text\": \" You need to beat her.\", \"tokens\": [50886, 509, 643, 281, 4224, 720, 13, 51008], \"temperature\": 0.0, \"avg_logprob\": -0.2636299133300781, \"compression_ratio\": 1.8207170963287354, \"no_speech_prob\": 0.7929241061210632}, {\"id\": 74, \"seek\": 24788, \"start\": 260.760009765625, \"end\": 264.9200134277344, \"text\": \" So these are basically, yeah, yeah, yeah, yeah.\", \"tokens\": [51008, 407, 613, 366, 1936, 11, 1338, 11, 1338, 11, 1338, 11, 1338, 13, 51216], \"temperature\": 0.0, \"avg_logprob\": -0.2636299133300781, \"compression_ratio\": 1.8207170963287354, \"no_speech_prob\": 0.7929241061210632}, {\"id\": 75, \"seek\": 24788, \"start\": 264.9200134277344, \"end\": 265.9200134277344, \"text\": \" You need to be able to beat her.\", \"tokens\": [51216, 509, 643, 281, 312, 1075, 281, 4224, 720, 13, 51266], \"temperature\": 0.0, \"avg_logprob\": -0.2636299133300781, \"compression_ratio\": 1.8207170963287354, \"no_speech_prob\": 0.7929241061210632}, {\"id\": 76, \"seek\": 24788, \"start\": 265.9200134277344, \"end\": 267.5199890136719, \"text\": \" You need to be able to beat other men.\", \"tokens\": [51266, 509, 643, 281, 312, 1075, 281, 4224, 661, 1706, 13, 51346], \"temperature\": 0.0, \"avg_logprob\": -0.2636299133300781, \"compression_ratio\": 1.8207170963287354, \"no_speech_prob\": 0.7929241061210632}, {\"id\": 77, \"seek\": 24788, \"start\": 267.5199890136719, \"end\": 273.55999755859375, \"text\": \" There's this famous clip of some woman talking to Joe Rogan about her boyfriend who was a\", \"tokens\": [51346, 821, 311, 341, 4618, 7353, 295, 512, 3059, 1417, 281, 6807, 11860, 282, 466, 720, 11457, 567, 390, 257, 51648], \"temperature\": 0.0, \"avg_logprob\": -0.2636299133300781, \"compression_ratio\": 1.8207170963287354, \"no_speech_prob\": 0.7929241061210632}, {\"id\": 78, \"seek\": 24788, \"start\": 273.55999755859375, \"end\": 277.0799865722656, \"text\": \" fighter and he got punched in the face and he did the fencing response, which is when\", \"tokens\": [51648, 15932, 293, 415, 658, 37842, 294, 264, 1851, 293, 415, 630, 264, 283, 13644, 4134, 11, 597, 307, 562, 51824], \"temperature\": 0.0, \"avg_logprob\": -0.2636299133300781, \"compression_ratio\": 1.8207170963287354, \"no_speech_prob\": 0.7929241061210632}, {\"id\": 79, \"seek\": 27708, \"start\": 277.0799865722656, \"end\": 281.67999267578125, \"text\": \" your arms go out like that, because, you know, he got his brain rocked and his arms\", \"tokens\": [50364, 428, 5812, 352, 484, 411, 300, 11, 570, 11, 291, 458, 11, 415, 658, 702, 3567, 3727, 292, 293, 702, 5812, 50594], \"temperature\": 0.0, \"avg_logprob\": -0.2302030622959137, \"compression_ratio\": 1.771812081336975, \"no_speech_prob\": 0.4493199288845062}, {\"id\": 80, \"seek\": 27708, \"start\": 281.67999267578125, \"end\": 283.8800048828125, \"text\": \" automatically got stiff like that.\", \"tokens\": [50594, 6772, 658, 15451, 411, 300, 13, 50704], \"temperature\": 0.0, \"avg_logprob\": -0.2302030622959137, \"compression_ratio\": 1.771812081336975, \"no_speech_prob\": 0.4493199288845062}, {\"id\": 81, \"seek\": 27708, \"start\": 283.8800048828125, \"end\": 287.9599914550781, \"text\": \" And she mistook it for him protecting his face like a wimp.\", \"tokens\": [50704, 400, 750, 3544, 1212, 309, 337, 796, 12316, 702, 1851, 411, 257, 261, 8814, 13, 50908], \"temperature\": 0.0, \"avg_logprob\": -0.2302030622959137, \"compression_ratio\": 1.771812081336975, \"no_speech_prob\": 0.4493199288845062}, {\"id\": 82, \"seek\": 27708, \"start\": 287.9599914550781, \"end\": 290.1400146484375, \"text\": \" And she just said that was a big turnoff.\", \"tokens\": [50908, 400, 750, 445, 848, 300, 390, 257, 955, 1261, 4506, 13, 51017], \"temperature\": 0.0, \"avg_logprob\": -0.2302030622959137, \"compression_ratio\": 1.771812081336975, \"no_speech_prob\": 0.4493199288845062}, {\"id\": 83, \"seek\": 27708, \"start\": 290.1400146484375, \"end\": 294.6199951171875, \"text\": \" And I didn't, wasn't attracted to him anymore because he wasn't expressing dominance.\", \"tokens\": [51017, 400, 286, 994, 380, 11, 2067, 380, 15912, 281, 796, 3602, 570, 415, 2067, 380, 22171, 34987, 13, 51241], \"temperature\": 0.0, \"avg_logprob\": -0.2302030622959137, \"compression_ratio\": 1.771812081336975, \"no_speech_prob\": 0.4493199288845062}, {\"id\": 84, \"seek\": 27708, \"start\": 294.6199951171875, \"end\": 296.760009765625, \"text\": \" She said, you should go down swinging.\", \"tokens\": [51241, 1240, 848, 11, 291, 820, 352, 760, 29500, 13, 51348], \"temperature\": 0.0, \"avg_logprob\": -0.2302030622959137, \"compression_ratio\": 1.771812081336975, \"no_speech_prob\": 0.4493199288845062}, {\"id\": 85, \"seek\": 27708, \"start\": 296.760009765625, \"end\": 301.4800109863281, \"text\": \" And even if you're losing, you know, give him the middle finger while you're losing.\", \"tokens\": [51348, 400, 754, 498, 291, 434, 7027, 11, 291, 458, 11, 976, 796, 264, 2808, 5984, 1339, 291, 434, 7027, 13, 51584], \"temperature\": 0.0, \"avg_logprob\": -0.2302030622959137, \"compression_ratio\": 1.771812081336975, \"no_speech_prob\": 0.4493199288845062}, {\"id\": 86, \"seek\": 27708, \"start\": 301.4800109863281, \"end\": 305.6400146484375, \"text\": \" So even, even getting hit in the brain and your body involuntarily moving can give women\", \"tokens\": [51584, 407, 754, 11, 754, 1242, 2045, 294, 264, 3567, 293, 428, 1772, 2499, 2760, 3289, 2684, 393, 976, 2266, 51792], \"temperature\": 0.0, \"avg_logprob\": -0.2302030622959137, \"compression_ratio\": 1.771812081336975, \"no_speech_prob\": 0.4493199288845062}, {\"id\": 87, \"seek\": 27708, \"start\": 305.6400146484375, \"end\": 306.6400146484375, \"text\": \" the ick.\", \"tokens\": [51792, 264, 220, 618, 13, 51842], \"temperature\": 0.0, \"avg_logprob\": -0.2302030622959137, \"compression_ratio\": 1.771812081336975, \"no_speech_prob\": 0.4493199288845062}, {\"id\": 88, \"seek\": 30664, \"start\": 307.20001220703125, \"end\": 308.20001220703125, \"text\": \" It's not masculine enough.\", \"tokens\": [50392, 467, 311, 406, 28992, 1547, 13, 50442], \"temperature\": 0.0, \"avg_logprob\": -0.25230178236961365, \"compression_ratio\": 1.7697842121124268, \"no_speech_prob\": 0.24796989560127258}, {\"id\": 89, \"seek\": 30664, \"start\": 308.20001220703125, \"end\": 309.20001220703125, \"text\": \" Yeah.\", \"tokens\": [50442, 865, 13, 50492], \"temperature\": 0.0, \"avg_logprob\": -0.25230178236961365, \"compression_ratio\": 1.7697842121124268, \"no_speech_prob\": 0.24796989560127258}, {\"id\": 90, \"seek\": 30664, \"start\": 309.20001220703125, \"end\": 310.20001220703125, \"text\": \" Because it's didn't, didn't appear masculine enough.\", \"tokens\": [50492, 1436, 309, 311, 994, 380, 11, 994, 380, 4204, 28992, 1547, 13, 50542], \"temperature\": 0.0, \"avg_logprob\": -0.25230178236961365, \"compression_ratio\": 1.7697842121124268, \"no_speech_prob\": 0.24796989560127258}, {\"id\": 91, \"seek\": 30664, \"start\": 310.20001220703125, \"end\": 311.20001220703125, \"text\": \" Yeah.\", \"tokens\": [50542, 865, 13, 50592], \"temperature\": 0.0, \"avg_logprob\": -0.25230178236961365, \"compression_ratio\": 1.7697842121124268, \"no_speech_prob\": 0.24796989560127258}, {\"id\": 92, \"seek\": 30664, \"start\": 311.20001220703125, \"end\": 312.3999938964844, \"text\": \" It's getting affected by the environment, getting beat up.\", \"tokens\": [50592, 467, 311, 1242, 8028, 538, 264, 2823, 11, 1242, 4224, 493, 13, 50652], \"temperature\": 0.0, \"avg_logprob\": -0.25230178236961365, \"compression_ratio\": 1.7697842121124268, \"no_speech_prob\": 0.24796989560127258}, {\"id\": 93, \"seek\": 30664, \"start\": 312.3999938964844, \"end\": 320.9599914550781, \"text\": \" So like you gotta, you gotta learn how to win somewhere and then go out and win where\", \"tokens\": [50652, 407, 411, 291, 3428, 11, 291, 3428, 1466, 577, 281, 1942, 4079, 293, 550, 352, 484, 293, 1942, 689, 51080], \"temperature\": 0.0, \"avg_logprob\": -0.25230178236961365, \"compression_ratio\": 1.7697842121124268, \"no_speech_prob\": 0.24796989560127258}, {\"id\": 94, \"seek\": 30664, \"start\": 320.9599914550781, \"end\": 322.67999267578125, \"text\": \" she can see you.\", \"tokens\": [51080, 750, 393, 536, 291, 13, 51166], \"temperature\": 0.0, \"avg_logprob\": -0.25230178236961365, \"compression_ratio\": 1.7697842121124268, \"no_speech_prob\": 0.24796989560127258}, {\"id\": 95, \"seek\": 30664, \"start\": 322.67999267578125, \"end\": 324.9599914550781, \"text\": \" And that's how you transcend your looks.\", \"tokens\": [51166, 400, 300, 311, 577, 291, 28535, 428, 1542, 13, 51280], \"temperature\": 0.0, \"avg_logprob\": -0.25230178236961365, \"compression_ratio\": 1.7697842121124268, \"no_speech_prob\": 0.24796989560127258}, {\"id\": 96, \"seek\": 30664, \"start\": 324.9599914550781, \"end\": 329.8399963378906, \"text\": \" That guys, there's too many guys who they think that they're dead in the water because\", \"tokens\": [51280, 663, 1074, 11, 456, 311, 886, 867, 1074, 567, 436, 519, 300, 436, 434, 3116, 294, 264, 1281, 570, 51524], \"temperature\": 0.0, \"avg_logprob\": -0.25230178236961365, \"compression_ratio\": 1.7697842121124268, \"no_speech_prob\": 0.24796989560127258}, {\"id\": 97, \"seek\": 30664, \"start\": 329.8399963378906, \"end\": 330.8399963378906, \"text\": \" they're short.\", \"tokens\": [51524, 436, 434, 2099, 13, 51574], \"temperature\": 0.0, \"avg_logprob\": -0.25230178236961365, \"compression_ratio\": 1.7697842121124268, \"no_speech_prob\": 0.24796989560127258}, {\"id\": 98, \"seek\": 30664, \"start\": 330.8399963378906, \"end\": 334.7200012207031, \"text\": \" And it's like, you're a good looking, intelligent guy and you're five foot six.\", \"tokens\": [51574, 400, 309, 311, 411, 11, 291, 434, 257, 665, 1237, 11, 13232, 2146, 293, 291, 434, 1732, 2671, 2309, 13, 51768], \"temperature\": 0.0, \"avg_logprob\": -0.25230178236961365, \"compression_ratio\": 1.7697842121124268, \"no_speech_prob\": 0.24796989560127258}, {\"id\": 99, \"seek\": 30664, \"start\": 334.7200012207031, \"end\": 336.239990234375, \"text\": \" Go play guitar.\", \"tokens\": [51768, 1037, 862, 7531, 13, 51844], \"temperature\": 0.0, \"avg_logprob\": -0.25230178236961365, \"compression_ratio\": 1.7697842121124268, \"no_speech_prob\": 0.24796989560127258}, {\"id\": 100, \"seek\": 33624, \"start\": 336.8399963378906, \"end\": 341.0400085449219, \"text\": \" Go, go do something impressive in front of women and the ones who don't care that you're\", \"tokens\": [50394, 1037, 11, 352, 360, 746, 8992, 294, 1868, 295, 2266, 293, 264, 2306, 567, 500, 380, 1127, 300, 291, 434, 50604], \"temperature\": 0.0, \"avg_logprob\": -0.22132505476474762, \"compression_ratio\": 1.7118055820465088, \"no_speech_prob\": 0.10668230801820755}, {\"id\": 101, \"seek\": 33624, \"start\": 341.0400085449219, \"end\": 343.1600036621094, \"text\": \" short will show right up.\", \"tokens\": [50604, 2099, 486, 855, 558, 493, 13, 50710], \"temperature\": 0.0, \"avg_logprob\": -0.22132505476474762, \"compression_ratio\": 1.7118055820465088, \"no_speech_prob\": 0.10668230801820755}, {\"id\": 102, \"seek\": 33624, \"start\": 343.1600036621094, \"end\": 347.67999267578125, \"text\": \" That's one of the things that I want men to learn because there's sort of, there's, there's\", \"tokens\": [50710, 663, 311, 472, 295, 264, 721, 300, 286, 528, 1706, 281, 1466, 570, 456, 311, 1333, 295, 11, 456, 311, 11, 456, 311, 50936], \"temperature\": 0.0, \"avg_logprob\": -0.22132505476474762, \"compression_ratio\": 1.7118055820465088, \"no_speech_prob\": 0.10668230801820755}, {\"id\": 103, \"seek\": 33624, \"start\": 347.67999267578125, \"end\": 351.44000244140625, \"text\": \" a huge numbers, a huge percentage of men in the Western world who are all focusing on\", \"tokens\": [50936, 257, 2603, 3547, 11, 257, 2603, 9668, 295, 1706, 294, 264, 8724, 1002, 567, 366, 439, 8416, 322, 51124], \"temperature\": 0.0, \"avg_logprob\": -0.22132505476474762, \"compression_ratio\": 1.7118055820465088, \"no_speech_prob\": 0.10668230801820755}, {\"id\": 104, \"seek\": 33624, \"start\": 351.44000244140625, \"end\": 352.44000244140625, \"text\": \" this stuff.\", \"tokens\": [51124, 341, 1507, 13, 51174], \"temperature\": 0.0, \"avg_logprob\": -0.22132505476474762, \"compression_ratio\": 1.7118055820465088, \"no_speech_prob\": 0.10668230801820755}, {\"id\": 105, \"seek\": 33624, \"start\": 352.44000244140625, \"end\": 356.4800109863281, \"text\": \" Let me be nice and buy you flowers and be good to you and then you'll be sexually attracted\", \"tokens\": [51174, 961, 385, 312, 1481, 293, 2256, 291, 8085, 293, 312, 665, 281, 291, 293, 550, 291, 603, 312, 26791, 15912, 51376], \"temperature\": 0.0, \"avg_logprob\": -0.22132505476474762, \"compression_ratio\": 1.7118055820465088, \"no_speech_prob\": 0.10668230801820755}, {\"id\": 106, \"seek\": 33624, \"start\": 356.4800109863281, \"end\": 357.4800109863281, \"text\": \" to me.\", \"tokens\": [51376, 281, 385, 13, 51426], \"temperature\": 0.0, \"avg_logprob\": -0.22132505476474762, \"compression_ratio\": 1.7118055820465088, \"no_speech_prob\": 0.10668230801820755}, {\"id\": 107, \"seek\": 33624, \"start\": 357.4800109863281, \"end\": 359.760009765625, \"text\": \" And it's no, that's not what makes that happen.\", \"tokens\": [51426, 400, 309, 311, 572, 11, 300, 311, 406, 437, 1669, 300, 1051, 13, 51540], \"temperature\": 0.0, \"avg_logprob\": -0.22132505476474762, \"compression_ratio\": 1.7118055820465088, \"no_speech_prob\": 0.10668230801820755}, {\"id\": 108, \"seek\": 33624, \"start\": 359.760009765625, \"end\": 360.760009765625, \"text\": \" Yeah.\", \"tokens\": [51540, 865, 13, 51590], \"temperature\": 0.0, \"avg_logprob\": -0.22132505476474762, \"compression_ratio\": 1.7118055820465088, \"no_speech_prob\": 0.10668230801820755}, {\"id\": 109, \"seek\": 33624, \"start\": 360.760009765625, \"end\": 361.760009765625, \"text\": \" So that's all being dominant.\", \"tokens\": [51590, 407, 300, 311, 439, 885, 15657, 13, 51640], \"temperature\": 0.0, \"avg_logprob\": -0.22132505476474762, \"compression_ratio\": 1.7118055820465088, \"no_speech_prob\": 0.10668230801820755}, {\"id\": 110, \"seek\": 33624, \"start\": 361.760009765625, \"end\": 362.760009765625, \"text\": \" Yeah.\", \"tokens\": [51640, 865, 13, 51690], \"temperature\": 0.0, \"avg_logprob\": -0.22132505476474762, \"compression_ratio\": 1.7118055820465088, \"no_speech_prob\": 0.10668230801820755}, {\"id\": 111, \"seek\": 36276, \"start\": 362.760009765625, \"end\": 366.1600036621094, \"text\": \" So the concept of on the, the stuff on the bottom part of the scale, those are the things\", \"tokens\": [50364, 407, 264, 3410, 295, 322, 264, 11, 264, 1507, 322, 264, 2767, 644, 295, 264, 4373, 11, 729, 366, 264, 721, 50534], \"temperature\": 0.0, \"avg_logprob\": -0.2634078860282898, \"compression_ratio\": 2.043604612350464, \"no_speech_prob\": 0.8837099671363831}, {\"id\": 112, \"seek\": 36276, \"start\": 366.1600036621094, \"end\": 369.67999267578125, \"text\": \" that are the bad boy things, the things on the right side of the scale.\", \"tokens\": [50534, 300, 366, 264, 1578, 3237, 721, 11, 264, 721, 322, 264, 558, 1252, 295, 264, 4373, 13, 50710], \"temperature\": 0.0, \"avg_logprob\": -0.2634078860282898, \"compression_ratio\": 2.043604612350464, \"no_speech_prob\": 0.8837099671363831}, {\"id\": 113, \"seek\": 36276, \"start\": 369.67999267578125, \"end\": 371.0799865722656, \"text\": \" Those are the things that are the good guy things.\", \"tokens\": [50710, 3950, 366, 264, 721, 300, 366, 264, 665, 2146, 721, 13, 50780], \"temperature\": 0.0, \"avg_logprob\": -0.2634078860282898, \"compression_ratio\": 2.043604612350464, \"no_speech_prob\": 0.8837099671363831}, {\"id\": 114, \"seek\": 36276, \"start\": 371.0799865722656, \"end\": 374.3999938964844, \"text\": \" And you mentioned before that, and I love this concept, Sadia Khan, she made a video\", \"tokens\": [50780, 400, 291, 2835, 949, 300, 11, 293, 286, 959, 341, 3410, 11, 12269, 654, 18136, 11, 750, 1027, 257, 960, 50946], \"temperature\": 0.0, \"avg_logprob\": -0.2634078860282898, \"compression_ratio\": 2.043604612350464, \"no_speech_prob\": 0.8837099671363831}, {\"id\": 115, \"seek\": 36276, \"start\": 374.3999938964844, \"end\": 378.4800109863281, \"text\": \" similar to this where she said, uh, women do not hate nice guys or good guys.\", \"tokens\": [50946, 2531, 281, 341, 689, 750, 848, 11, 2232, 11, 2266, 360, 406, 4700, 1481, 1074, 420, 665, 1074, 13, 51150], \"temperature\": 0.0, \"avg_logprob\": -0.2634078860282898, \"compression_ratio\": 2.043604612350464, \"no_speech_prob\": 0.8837099671363831}, {\"id\": 116, \"seek\": 36276, \"start\": 378.4800109863281, \"end\": 380.6000061035156, \"text\": \" What they do is they hate nice guys that don't have boundaries.\", \"tokens\": [51150, 708, 436, 360, 307, 436, 4700, 1481, 1074, 300, 500, 380, 362, 13180, 13, 51256], \"temperature\": 0.0, \"avg_logprob\": -0.2634078860282898, \"compression_ratio\": 2.043604612350464, \"no_speech_prob\": 0.8837099671363831}, {\"id\": 117, \"seek\": 36276, \"start\": 380.6000061035156, \"end\": 384.1199951171875, \"text\": \" So the concept of, I am nice to you because your boobies are big.\", \"tokens\": [51256, 407, 264, 3410, 295, 11, 286, 669, 1481, 281, 291, 570, 428, 748, 996, 530, 366, 955, 13, 51432], \"temperature\": 0.0, \"avg_logprob\": -0.2634078860282898, \"compression_ratio\": 2.043604612350464, \"no_speech_prob\": 0.8837099671363831}, {\"id\": 118, \"seek\": 36276, \"start\": 384.1199951171875, \"end\": 385.20001220703125, \"text\": \" I'm being nice to you.\", \"tokens\": [51432, 286, 478, 885, 1481, 281, 291, 13, 51486], \"temperature\": 0.0, \"avg_logprob\": -0.2634078860282898, \"compression_ratio\": 2.043604612350464, \"no_speech_prob\": 0.8837099671363831}, {\"id\": 119, \"seek\": 36276, \"start\": 385.20001220703125, \"end\": 389.44000244140625, \"text\": \" I'm doing these things and she can clearly tell this man is overly nice to me, but he's\", \"tokens\": [51486, 286, 478, 884, 613, 721, 293, 750, 393, 4448, 980, 341, 587, 307, 24324, 1481, 281, 385, 11, 457, 415, 311, 51698], \"temperature\": 0.0, \"avg_logprob\": -0.2634078860282898, \"compression_ratio\": 2.043604612350464, \"no_speech_prob\": 0.8837099671363831}, {\"id\": 120, \"seek\": 36276, \"start\": 389.44000244140625, \"end\": 392.7200012207031, \"text\": \" being, he's investing in me, but he's doing so just because I'm physically attractive.\", \"tokens\": [51698, 885, 11, 415, 311, 10978, 294, 385, 11, 457, 415, 311, 884, 370, 445, 570, 286, 478, 9762, 12609, 13, 51862], \"temperature\": 0.0, \"avg_logprob\": -0.2634078860282898, \"compression_ratio\": 2.043604612350464, \"no_speech_prob\": 0.8837099671363831}, {\"id\": 121, \"seek\": 39272, \"start\": 393.67999267578125, \"end\": 398.4800109863281, \"text\": \" And because of that, his, his intent and attractiveness or attractiveness is cheap.\", \"tokens\": [50412, 400, 570, 295, 300, 11, 702, 11, 702, 8446, 293, 5049, 8477, 420, 5049, 8477, 307, 7084, 13, 50652], \"temperature\": 0.0, \"avg_logprob\": -0.23008456826210022, \"compression_ratio\": 1.703832745552063, \"no_speech_prob\": 0.005138729698956013}, {\"id\": 122, \"seek\": 39272, \"start\": 398.4800109863281, \"end\": 399.9200134277344, \"text\": \" It doesn't cost anything.\", \"tokens\": [50652, 467, 1177, 380, 2063, 1340, 13, 50724], \"temperature\": 0.0, \"avg_logprob\": -0.23008456826210022, \"compression_ratio\": 1.703832745552063, \"no_speech_prob\": 0.005138729698956013}, {\"id\": 123, \"seek\": 39272, \"start\": 399.9200134277344, \"end\": 400.9200134277344, \"text\": \" It did.\", \"tokens\": [50724, 467, 630, 13, 50774], \"temperature\": 0.0, \"avg_logprob\": -0.23008456826210022, \"compression_ratio\": 1.703832745552063, \"no_speech_prob\": 0.005138729698956013}, {\"id\": 124, \"seek\": 39272, \"start\": 400.9200134277344, \"end\": 401.9200134277344, \"text\": \" I didn't have to work for it.\", \"tokens\": [50774, 286, 994, 380, 362, 281, 589, 337, 309, 13, 50824], \"temperature\": 0.0, \"avg_logprob\": -0.23008456826210022, \"compression_ratio\": 1.703832745552063, \"no_speech_prob\": 0.005138729698956013}, {\"id\": 125, \"seek\": 39272, \"start\": 401.9200134277344, \"end\": 406.32000732421875, \"text\": \" The guy at the bottom cares less and the woman has to do more to get attention from him.\", \"tokens\": [50824, 440, 2146, 412, 264, 2767, 12310, 1570, 293, 264, 3059, 575, 281, 360, 544, 281, 483, 3202, 490, 796, 13, 51044], \"temperature\": 0.0, \"avg_logprob\": -0.23008456826210022, \"compression_ratio\": 1.703832745552063, \"no_speech_prob\": 0.005138729698956013}, {\"id\": 126, \"seek\": 39272, \"start\": 406.32000732421875, \"end\": 409.3599853515625, \"text\": \" Therefore his intent is worth more.\", \"tokens\": [51044, 7504, 702, 8446, 307, 3163, 544, 13, 51196], \"temperature\": 0.0, \"avg_logprob\": -0.23008456826210022, \"compression_ratio\": 1.703832745552063, \"no_speech_prob\": 0.005138729698956013}, {\"id\": 127, \"seek\": 39272, \"start\": 409.3599853515625, \"end\": 410.8800048828125, \"text\": \" It is of a higher value.\", \"tokens\": [51196, 467, 307, 295, 257, 2946, 2158, 13, 51272], \"temperature\": 0.0, \"avg_logprob\": -0.23008456826210022, \"compression_ratio\": 1.703832745552063, \"no_speech_prob\": 0.005138729698956013}, {\"id\": 128, \"seek\": 39272, \"start\": 410.8800048828125, \"end\": 413.8800048828125, \"text\": \" And what he, she said is what women really want is a guy who does both.\", \"tokens\": [51272, 400, 437, 415, 11, 750, 848, 307, 437, 2266, 534, 528, 307, 257, 2146, 567, 775, 1293, 13, 51422], \"temperature\": 0.0, \"avg_logprob\": -0.23008456826210022, \"compression_ratio\": 1.703832745552063, \"no_speech_prob\": 0.005138729698956013}, {\"id\": 129, \"seek\": 39272, \"start\": 413.8800048828125, \"end\": 417.1600036621094, \"text\": \" He can be nice, but he still maintains those boundaries.\", \"tokens\": [51422, 634, 393, 312, 1481, 11, 457, 415, 920, 33385, 729, 13180, 13, 51586], \"temperature\": 0.0, \"avg_logprob\": -0.23008456826210022, \"compression_ratio\": 1.703832745552063, \"no_speech_prob\": 0.005138729698956013}, {\"id\": 130, \"seek\": 39272, \"start\": 417.1600036621094, \"end\": 419.2799987792969, \"text\": \" And then that's when you called it Prince charming.\", \"tokens\": [51586, 400, 550, 300, 311, 562, 291, 1219, 309, 9821, 23387, 13, 51692], \"temperature\": 0.0, \"avg_logprob\": -0.23008456826210022, \"compression_ratio\": 1.703832745552063, \"no_speech_prob\": 0.005138729698956013}, {\"id\": 131, \"seek\": 39272, \"start\": 419.2799987792969, \"end\": 420.2799987792969, \"text\": \" Yes.\", \"tokens\": [51692, 1079, 13, 51742], \"temperature\": 0.0, \"avg_logprob\": -0.23008456826210022, \"compression_ratio\": 1.703832745552063, \"no_speech_prob\": 0.005138729698956013}, {\"id\": 132, \"seek\": 39272, \"start\": 420.2799987792969, \"end\": 421.2799987792969, \"text\": \" Yeah.\", \"tokens\": [51742, 865, 13, 51792], \"temperature\": 0.0, \"avg_logprob\": -0.23008456826210022, \"compression_ratio\": 1.703832745552063, \"no_speech_prob\": 0.005138729698956013}, {\"id\": 133, \"seek\": 42128, \"start\": 421.8399963378906, \"end\": 427.760009765625, \"text\": \" And the other thing that I think men should be, I don't know whether or not Prince charming\", \"tokens\": [50392, 400, 264, 661, 551, 300, 286, 519, 1706, 820, 312, 11, 286, 500, 380, 458, 1968, 420, 406, 9821, 23387, 50688], \"temperature\": 0.0, \"avg_logprob\": -0.25154298543930054, \"compression_ratio\": 1.7510204315185547, \"no_speech_prob\": 0.6858609318733215}, {\"id\": 134, \"seek\": 42128, \"start\": 427.760009765625, \"end\": 434.8399963378906, \"text\": \" or bad boy is the best strategy for propagating your genes, but I do know that for the long\", \"tokens\": [50688, 420, 1578, 3237, 307, 264, 1151, 5206, 337, 12425, 990, 428, 14424, 11, 457, 286, 360, 458, 300, 337, 264, 938, 51042], \"temperature\": 0.0, \"avg_logprob\": -0.25154298543930054, \"compression_ratio\": 1.7510204315185547, \"no_speech_prob\": 0.6858609318733215}, {\"id\": 135, \"seek\": 42128, \"start\": 434.8399963378906, \"end\": 440.44000244140625, \"text\": \" term survival of humanity, every man trying to get here for the woman of his choice is\", \"tokens\": [51042, 1433, 12559, 295, 10243, 11, 633, 587, 1382, 281, 483, 510, 337, 264, 3059, 295, 702, 3922, 307, 51322], \"temperature\": 0.0, \"avg_logprob\": -0.25154298543930054, \"compression_ratio\": 1.7510204315185547, \"no_speech_prob\": 0.6858609318733215}, {\"id\": 136, \"seek\": 42128, \"start\": 440.44000244140625, \"end\": 441.44000244140625, \"text\": \" the ideal.\", \"tokens\": [51322, 264, 7157, 13, 51372], \"temperature\": 0.0, \"avg_logprob\": -0.25154298543930054, \"compression_ratio\": 1.7510204315185547, \"no_speech_prob\": 0.6858609318733215}, {\"id\": 137, \"seek\": 42128, \"start\": 441.44000244140625, \"end\": 446.20001220703125, \"text\": \" Like this is, this is how life gets better for everyone when every man has a woman here\", \"tokens\": [51372, 1743, 341, 307, 11, 341, 307, 577, 993, 2170, 1101, 337, 1518, 562, 633, 587, 575, 257, 3059, 510, 51610], \"temperature\": 0.0, \"avg_logprob\": -0.25154298543930054, \"compression_ratio\": 1.7510204315185547, \"no_speech_prob\": 0.6858609318733215}, {\"id\": 138, \"seek\": 42128, \"start\": 446.20001220703125, \"end\": 449.3599853515625, \"text\": \" and every woman has a man here and he knows how to do that.\", \"tokens\": [51610, 293, 633, 3059, 575, 257, 587, 510, 293, 415, 3255, 577, 281, 360, 300, 13, 51768], \"temperature\": 0.0, \"avg_logprob\": -0.25154298543930054, \"compression_ratio\": 1.7510204315185547, \"no_speech_prob\": 0.6858609318733215}, {\"id\": 139, \"seek\": 44936, \"start\": 449.44000244140625, \"end\": 452.7200012207031, \"text\": \" It's of course much easier for women to get here.\", \"tokens\": [50368, 467, 311, 295, 1164, 709, 3571, 337, 2266, 281, 483, 510, 13, 50532], \"temperature\": 0.0, \"avg_logprob\": -0.22394390404224396, \"compression_ratio\": 1.8368794918060303, \"no_speech_prob\": 0.16023707389831543}, {\"id\": 140, \"seek\": 44936, \"start\": 452.7200012207031, \"end\": 458.3599853515625, \"text\": \" Just be, you know, good looking enough for him and treat him well and he'll love you\", \"tokens\": [50532, 1449, 312, 11, 291, 458, 11, 665, 1237, 1547, 337, 796, 293, 2387, 796, 731, 293, 415, 603, 959, 291, 50814], \"temperature\": 0.0, \"avg_logprob\": -0.22394390404224396, \"compression_ratio\": 1.8368794918060303, \"no_speech_prob\": 0.16023707389831543}, {\"id\": 141, \"seek\": 44936, \"start\": 458.3599853515625, \"end\": 459.3599853515625, \"text\": \" most of the time.\", \"tokens\": [50814, 881, 295, 264, 565, 13, 50864], \"temperature\": 0.0, \"avg_logprob\": -0.22394390404224396, \"compression_ratio\": 1.8368794918060303, \"no_speech_prob\": 0.16023707389831543}, {\"id\": 142, \"seek\": 44936, \"start\": 459.3599853515625, \"end\": 463.5400085449219, \"text\": \" There are some guys who obviously have, you know, high standards and cheat all the time.\", \"tokens\": [50864, 821, 366, 512, 1074, 567, 2745, 362, 11, 291, 458, 11, 1090, 7787, 293, 17470, 439, 264, 565, 13, 51073], \"temperature\": 0.0, \"avg_logprob\": -0.22394390404224396, \"compression_ratio\": 1.8368794918060303, \"no_speech_prob\": 0.16023707389831543}, {\"id\": 143, \"seek\": 44936, \"start\": 463.5400085449219, \"end\": 467.29998779296875, \"text\": \" But for women, it's just, you know, like we went over before, you're constantly riding\", \"tokens\": [51073, 583, 337, 2266, 11, 309, 311, 445, 11, 291, 458, 11, 411, 321, 1437, 670, 949, 11, 291, 434, 6460, 9546, 51261], \"temperature\": 0.0, \"avg_logprob\": -0.22394390404224396, \"compression_ratio\": 1.8368794918060303, \"no_speech_prob\": 0.16023707389831543}, {\"id\": 144, \"seek\": 44936, \"start\": 467.29998779296875, \"end\": 471.760009765625, \"text\": \" this line of like, you're being too nice to me, so I'm bored and now you're not being\", \"tokens\": [51261, 341, 1622, 295, 411, 11, 291, 434, 885, 886, 1481, 281, 385, 11, 370, 286, 478, 13521, 293, 586, 291, 434, 406, 885, 51484], \"temperature\": 0.0, \"avg_logprob\": -0.22394390404224396, \"compression_ratio\": 1.8368794918060303, \"no_speech_prob\": 0.16023707389831543}, {\"id\": 145, \"seek\": 44936, \"start\": 471.760009765625, \"end\": 477.4800109863281, \"text\": \" nice enough to me, so you must be cheating and you have to, it's been very difficult\", \"tokens\": [51484, 1481, 1547, 281, 385, 11, 370, 291, 1633, 312, 18309, 293, 291, 362, 281, 11, 309, 311, 668, 588, 2252, 51770], \"temperature\": 0.0, \"avg_logprob\": -0.22394390404224396, \"compression_ratio\": 1.8368794918060303, \"no_speech_prob\": 0.16023707389831543}, {\"id\": 146, \"seek\": 44936, \"start\": 477.4800109863281, \"end\": 478.4800109863281, \"text\": \" to walk this line.\", \"tokens\": [51770, 281, 1792, 341, 1622, 13, 51820], \"temperature\": 0.0, \"avg_logprob\": -0.22394390404224396, \"compression_ratio\": 1.8368794918060303, \"no_speech_prob\": 0.16023707389831543}, {\"id\": 147, \"seek\": 47848, \"start\": 478.6000061035156, \"end\": 483.5199890136719, \"text\": \" It is, um, yeah, it's, it's, it's not for the faint of heart and I think most men are\", \"tokens\": [50370, 467, 307, 11, 1105, 11, 1338, 11, 309, 311, 11, 309, 311, 11, 309, 311, 406, 337, 264, 21104, 295, 1917, 293, 286, 519, 881, 1706, 366, 50616], \"temperature\": 0.0, \"avg_logprob\": -0.23672381043434143, \"compression_ratio\": 1.714776635169983, \"no_speech_prob\": 0.010169202461838722}, {\"id\": 148, \"seek\": 47848, \"start\": 483.5199890136719, \"end\": 490.9599914550781, \"text\": \" just fundamentally not capable of it, which is why we used to have social, uh, uh, uh,\", \"tokens\": [50616, 445, 17879, 406, 8189, 295, 309, 11, 597, 307, 983, 321, 1143, 281, 362, 2093, 11, 2232, 11, 2232, 11, 2232, 11, 50988], \"temperature\": 0.0, \"avg_logprob\": -0.23672381043434143, \"compression_ratio\": 1.714776635169983, \"no_speech_prob\": 0.010169202461838722}, {\"id\": 149, \"seek\": 47848, \"start\": 490.9599914550781, \"end\": 496.20001220703125, \"text\": \" you know, trends or whatever you call them, social, uh, policies of, of making people\", \"tokens\": [50988, 291, 458, 11, 13892, 420, 2035, 291, 818, 552, 11, 2093, 11, 2232, 11, 7657, 295, 11, 295, 1455, 561, 51250], \"temperature\": 0.0, \"avg_logprob\": -0.23672381043434143, \"compression_ratio\": 1.714776635169983, \"no_speech_prob\": 0.010169202461838722}, {\"id\": 150, \"seek\": 47848, \"start\": 496.20001220703125, \"end\": 497.20001220703125, \"text\": \" get together.\", \"tokens\": [51250, 483, 1214, 13, 51300], \"temperature\": 0.0, \"avg_logprob\": -0.23672381043434143, \"compression_ratio\": 1.714776635169983, \"no_speech_prob\": 0.010169202461838722}, {\"id\": 151, \"seek\": 47848, \"start\": 497.20001220703125, \"end\": 499.0400085449219, \"text\": \" We, we had, we had really strict monogamy.\", \"tokens\": [51300, 492, 11, 321, 632, 11, 321, 632, 534, 10910, 1108, 664, 7804, 13, 51392], \"temperature\": 0.0, \"avg_logprob\": -0.23672381043434143, \"compression_ratio\": 1.714776635169983, \"no_speech_prob\": 0.010169202461838722}, {\"id\": 152, \"seek\": 47848, \"start\": 499.0400085449219, \"end\": 500.0400085449219, \"text\": \" Yeah.\", \"tokens\": [51392, 865, 13, 51442], \"temperature\": 0.0, \"avg_logprob\": -0.23672381043434143, \"compression_ratio\": 1.714776635169983, \"no_speech_prob\": 0.010169202461838722}, {\"id\": 153, \"seek\": 47848, \"start\": 500.0400085449219, \"end\": 501.0400085449219, \"text\": \" Yes.\", \"tokens\": [51442, 1079, 13, 51492], \"temperature\": 0.0, \"avg_logprob\": -0.23672381043434143, \"compression_ratio\": 1.714776635169983, \"no_speech_prob\": 0.010169202461838722}, {\"id\": 154, \"seek\": 47848, \"start\": 501.0400085449219, \"end\": 504.2799987792969, \"text\": \" We had strictly enforced marriage and we would, we would say our, our families are going to\", \"tokens\": [51492, 492, 632, 20792, 40953, 7194, 293, 321, 576, 11, 321, 576, 584, 527, 11, 527, 4466, 366, 516, 281, 51654], \"temperature\": 0.0, \"avg_logprob\": -0.23672381043434143, \"compression_ratio\": 1.714776635169983, \"no_speech_prob\": 0.010169202461838722}, {\"id\": 155, \"seek\": 47848, \"start\": 504.2799987792969, \"end\": 507.67999267578125, \"text\": \" get together and go, Hey, your daughter looks like she's about right for my son.\", \"tokens\": [51654, 483, 1214, 293, 352, 11, 1911, 11, 428, 4653, 1542, 411, 750, 311, 466, 558, 337, 452, 1872, 13, 51824], \"temperature\": 0.0, \"avg_logprob\": -0.23672381043434143, \"compression_ratio\": 1.714776635169983, \"no_speech_prob\": 0.010169202461838722}, {\"id\": 156, \"seek\": 50768, \"start\": 507.67999267578125, \"end\": 509.20001220703125, \"text\": \" Let's see if they like each other.\", \"tokens\": [50364, 961, 311, 536, 498, 436, 411, 1184, 661, 13, 50440], \"temperature\": 0.0, \"avg_logprob\": -0.2534762918949127, \"compression_ratio\": 1.5619468688964844, \"no_speech_prob\": 0.887049674987793}, {\"id\": 157, \"seek\": 50768, \"start\": 509.20001220703125, \"end\": 513.52001953125, \"text\": \" And then you introduce them and they become familiar and she goes, yeah, he's not so bad,\", \"tokens\": [50440, 400, 550, 291, 5366, 552, 293, 436, 1813, 4963, 293, 750, 1709, 11, 1338, 11, 415, 311, 406, 370, 1578, 11, 50656], \"temperature\": 0.0, \"avg_logprob\": -0.2534762918949127, \"compression_ratio\": 1.5619468688964844, \"no_speech_prob\": 0.887049674987793}, {\"id\": 158, \"seek\": 50768, \"start\": 513.52001953125, \"end\": 516.5599975585938, \"text\": \" which is something I've heard women report quite a bit, that they'll go out with a guy\", \"tokens\": [50656, 597, 307, 746, 286, 600, 2198, 2266, 2275, 1596, 257, 857, 11, 300, 436, 603, 352, 484, 365, 257, 2146, 50808], \"temperature\": 0.0, \"avg_logprob\": -0.2534762918949127, \"compression_ratio\": 1.5619468688964844, \"no_speech_prob\": 0.887049674987793}, {\"id\": 159, \"seek\": 50768, \"start\": 516.5599975585938, \"end\": 521.6400146484375, \"text\": \" who is nice and she doesn't like him, but she kind of forces herself to go on three\", \"tokens\": [50808, 567, 307, 1481, 293, 750, 1177, 380, 411, 796, 11, 457, 750, 733, 295, 5874, 7530, 281, 352, 322, 1045, 51062], \"temperature\": 0.0, \"avg_logprob\": -0.2534762918949127, \"compression_ratio\": 1.5619468688964844, \"no_speech_prob\": 0.887049674987793}, {\"id\": 160, \"seek\": 50768, \"start\": 521.6400146484375, \"end\": 522.6400146484375, \"text\": \" or four dates and goes like, you know what?\", \"tokens\": [51062, 420, 1451, 11691, 293, 1709, 411, 11, 291, 458, 437, 30, 51112], \"temperature\": 0.0, \"avg_logprob\": -0.2534762918949127, \"compression_ratio\": 1.5619468688964844, \"no_speech_prob\": 0.887049674987793}, {\"id\": 161, \"seek\": 50768, \"start\": 522.6400146484375, \"end\": 522.6400146484375, \"text\": \"\", \"tokens\": [], \"temperature\": 0.0, \"avg_logprob\": -0.2534762918949127, \"compression_ratio\": 1.5619468688964844, \"no_speech_prob\": 0.887049674987793, \"words\": []}]}"}