{"title": "Don't Believe Everything You See On Instagram", "video_id": "x6OxZvDihKo", "video_url": "https://www.youtube.com/watch?v=x6OxZvDihKo", "description": "Ready to build a network of amazing women and high-status men?\n\nMichael\u2019s Men of Action is a one-on-one Master\u2019s program that teaches men how to create elite social lives by becoming higher status.\n\nClick this link to learn how you can have a High-Status lifestyle now:\nhttps://m.moamentoring.com/podcast\n\nClick here to join the Men of Action community and watch the High-Status Networking 101 course:\nhttps://m.moamentoring.com/moa-community\n\u2014\u2014\u2014\u2014\u2014\u2014\u2014\u2014\u2014\u2014\u2014\u2014\u2014\u2014\u2014\u2014\u2014\u2014\u2014\u2014\n\nSubscribe on Youtube: \nhttps://www.youtube.com/user/MichaelSartain\n\nListen on Apple Podcast: \nhttps://podcasts.apple.com/us/podcast/the-michael-sartain-podcast/id1579791157\n\nListen on Spotify: \nhttps://open.spotify.com/show/2faAYwvDD9Bvkpwv6umlPO?si=8Q3ak9HnSlKjuChsTXr6YQ&dl_branch=1\n\n#Michael #MichaelSartain #Michael_Sartain #Michael_Sartain_Podcast", "published_at": "2023-06-10T14:15:05Z", "channel_id": "UC0T1bDzajVefRWx4uKdGyuw", "channel_title": "Michael Sartain", "tags": ["Michael", "Michael Sartain", "Michael Sartain Podcast", "Michael Podcast", "MOA", "Men Of Action", "men of action", "Michael Sartain Course", "Michael Sartain With Hot Women", "Rollo", "Rollo Tommasi", "Playboy", "Swimsuit", "Swimsuit Competition"], "category_id": "24", "live_broadcast_content": "none", "duration": 59.0, "dimension": "2d", "definition": "hd", "caption": "false", "view_count": 1410, "like_count": 76, "comment_count": 3, "channel_info": {"title": "Michael Sartain", "description": "\ud83c\udf99Host of The\u00a0Michael Sartain Podcast \n\n\ud83d\udd25Teaching you how to build a network of desirable women and high-status men\n\n\ud83d\udc47 Click the \"Men of Action\" link below now to forge a high-status lifestyle and join the elites \n", "subscriber_count": "80500", "total_views": "29545897", "total_videos": "1481"}, "comments": [], "file_path": "/Users/aelaguiz/workspace/fc_book/audio/raws/x6OxZvDihKo.mp3", "transcription": "{\"text\": \"How about the guy who buys fake followers? And then, but he believes his content is so good that he thinks that he deserves that blue check mark. I know some guys that are like this. They're like, literally, they'll like shit on me for not having a blue check mark or a bunch of followers. And I just like keep reminding them, your followers are fake. Do you not remember? Your engagement is dog shit. Look here, do you see, we're on Social Blade. Do you see how you gained 70,000 followers in one day? Do you see how that works? This is fake. And I also would recommend all of you guys check out Social Blade if you ever are talking to a guy who all of a sudden has 400,000 followers. He has a Lamborghini and he sells a 4X product. Go on Social Blade so you can see where he bought all of his, the day he did. To be fair, these guys are great investors. You buy the Lambo on loan, you rent the house, and you buy the followers. Let's say 20, 30,000 upfront investment, or possibly a little more, but you make it way back in whatever you're selling. Isn't that crazy? To be fair, it's nuts, man. The scalability was, this whole world is so new to me. And then once I felt like I jumped into an ocean and I could see everything under the ocean, I was like, oh my gosh, I see it all. But it goes forever. It's nuts, man. \", \"segments\": [{\"id\": 0, \"seek\": 0, \"start\": 0.0, \"end\": 2.4600000381469727, \"text\": \" How about the guy who buys fake followers?\", \"tokens\": [50364, 1012, 466, 264, 2146, 567, 28153, 7592, 13071, 30, 50487], \"temperature\": 0.0, \"avg_logprob\": -0.2654147446155548, \"compression_ratio\": 1.8186968564987183, \"no_speech_prob\": 0.006487313657999039}, {\"id\": 1, \"seek\": 0, \"start\": 2.4600000381469727, \"end\": 4.659999847412109, \"text\": \" And then, but he believes his content is so good\", \"tokens\": [50487, 400, 550, 11, 457, 415, 12307, 702, 2701, 307, 370, 665, 50597], \"temperature\": 0.0, \"avg_logprob\": -0.2654147446155548, \"compression_ratio\": 1.8186968564987183, \"no_speech_prob\": 0.006487313657999039}, {\"id\": 2, \"seek\": 0, \"start\": 4.659999847412109, \"end\": 6.78000020980835, \"text\": \" that he thinks that he deserves that blue check mark.\", \"tokens\": [50597, 300, 415, 7309, 300, 415, 17037, 300, 3344, 1520, 1491, 13, 50703], \"temperature\": 0.0, \"avg_logprob\": -0.2654147446155548, \"compression_ratio\": 1.8186968564987183, \"no_speech_prob\": 0.006487313657999039}, {\"id\": 3, \"seek\": 0, \"start\": 6.78000020980835, \"end\": 8.020000457763672, \"text\": \" I know some guys that are like this.\", \"tokens\": [50703, 286, 458, 512, 1074, 300, 366, 411, 341, 13, 50765], \"temperature\": 0.0, \"avg_logprob\": -0.2654147446155548, \"compression_ratio\": 1.8186968564987183, \"no_speech_prob\": 0.006487313657999039}, {\"id\": 4, \"seek\": 0, \"start\": 8.020000457763672, \"end\": 10.020000457763672, \"text\": \" They're like, literally, they'll like shit on me\", \"tokens\": [50765, 814, 434, 411, 11, 3736, 11, 436, 603, 411, 4611, 322, 385, 50865], \"temperature\": 0.0, \"avg_logprob\": -0.2654147446155548, \"compression_ratio\": 1.8186968564987183, \"no_speech_prob\": 0.006487313657999039}, {\"id\": 5, \"seek\": 0, \"start\": 10.020000457763672, \"end\": 12.380000114440918, \"text\": \" for not having a blue check mark or a bunch of followers.\", \"tokens\": [50865, 337, 406, 1419, 257, 3344, 1520, 1491, 420, 257, 3840, 295, 13071, 13, 50983], \"temperature\": 0.0, \"avg_logprob\": -0.2654147446155548, \"compression_ratio\": 1.8186968564987183, \"no_speech_prob\": 0.006487313657999039}, {\"id\": 6, \"seek\": 0, \"start\": 12.380000114440918, \"end\": 13.859999656677246, \"text\": \" And I just like keep reminding them,\", \"tokens\": [50983, 400, 286, 445, 411, 1066, 27639, 552, 11, 51057], \"temperature\": 0.0, \"avg_logprob\": -0.2654147446155548, \"compression_ratio\": 1.8186968564987183, \"no_speech_prob\": 0.006487313657999039}, {\"id\": 7, \"seek\": 0, \"start\": 13.859999656677246, \"end\": 14.979999542236328, \"text\": \" your followers are fake.\", \"tokens\": [51057, 428, 13071, 366, 7592, 13, 51113], \"temperature\": 0.0, \"avg_logprob\": -0.2654147446155548, \"compression_ratio\": 1.8186968564987183, \"no_speech_prob\": 0.006487313657999039}, {\"id\": 8, \"seek\": 0, \"start\": 14.979999542236328, \"end\": 15.819999694824219, \"text\": \" Do you not remember?\", \"tokens\": [51113, 1144, 291, 406, 1604, 30, 51155], \"temperature\": 0.0, \"avg_logprob\": -0.2654147446155548, \"compression_ratio\": 1.8186968564987183, \"no_speech_prob\": 0.006487313657999039}, {\"id\": 9, \"seek\": 0, \"start\": 15.819999694824219, \"end\": 17.34000015258789, \"text\": \" Your engagement is dog shit.\", \"tokens\": [51155, 2260, 8742, 307, 3000, 4611, 13, 51231], \"temperature\": 0.0, \"avg_logprob\": -0.2654147446155548, \"compression_ratio\": 1.8186968564987183, \"no_speech_prob\": 0.006487313657999039}, {\"id\": 10, \"seek\": 0, \"start\": 17.34000015258789, \"end\": 18.959999084472656, \"text\": \" Look here, do you see, we're on Social Blade.\", \"tokens\": [51231, 2053, 510, 11, 360, 291, 536, 11, 321, 434, 322, 9909, 32230, 13, 51312], \"temperature\": 0.0, \"avg_logprob\": -0.2654147446155548, \"compression_ratio\": 1.8186968564987183, \"no_speech_prob\": 0.006487313657999039}, {\"id\": 11, \"seek\": 0, \"start\": 18.959999084472656, \"end\": 22.020000457763672, \"text\": \" Do you see how you gained 70,000 followers in one day?\", \"tokens\": [51312, 1144, 291, 536, 577, 291, 12634, 5285, 11, 1360, 13071, 294, 472, 786, 30, 51465], \"temperature\": 0.0, \"avg_logprob\": -0.2654147446155548, \"compression_ratio\": 1.8186968564987183, \"no_speech_prob\": 0.006487313657999039}, {\"id\": 12, \"seek\": 0, \"start\": 22.020000457763672, \"end\": 23.219999313354492, \"text\": \" Do you see how that works?\", \"tokens\": [51465, 1144, 291, 536, 577, 300, 1985, 30, 51525], \"temperature\": 0.0, \"avg_logprob\": -0.2654147446155548, \"compression_ratio\": 1.8186968564987183, \"no_speech_prob\": 0.006487313657999039}, {\"id\": 13, \"seek\": 0, \"start\": 23.219999313354492, \"end\": 24.260000228881836, \"text\": \" This is fake.\", \"tokens\": [51525, 639, 307, 7592, 13, 51577], \"temperature\": 0.0, \"avg_logprob\": -0.2654147446155548, \"compression_ratio\": 1.8186968564987183, \"no_speech_prob\": 0.006487313657999039}, {\"id\": 14, \"seek\": 0, \"start\": 24.260000228881836, \"end\": 25.899999618530273, \"text\": \" And I also would recommend all of you guys\", \"tokens\": [51577, 400, 286, 611, 576, 2748, 439, 295, 291, 1074, 51659], \"temperature\": 0.0, \"avg_logprob\": -0.2654147446155548, \"compression_ratio\": 1.8186968564987183, \"no_speech_prob\": 0.006487313657999039}, {\"id\": 15, \"seek\": 0, \"start\": 25.899999618530273, \"end\": 28.299999237060547, \"text\": \" check out Social Blade if you ever are talking to a guy\", \"tokens\": [51659, 1520, 484, 9909, 32230, 498, 291, 1562, 366, 1417, 281, 257, 2146, 51779], \"temperature\": 0.0, \"avg_logprob\": -0.2654147446155548, \"compression_ratio\": 1.8186968564987183, \"no_speech_prob\": 0.006487313657999039}, {\"id\": 16, \"seek\": 2830, \"start\": 28.31999969482422, \"end\": 30.200000762939453, \"text\": \" who all of a sudden has 400,000 followers.\", \"tokens\": [50365, 567, 439, 295, 257, 3990, 575, 8423, 11, 1360, 13071, 13, 50459], \"temperature\": 0.0, \"avg_logprob\": -0.240097776055336, \"compression_ratio\": 1.649999976158142, \"no_speech_prob\": 0.00016346345364581794}, {\"id\": 17, \"seek\": 2830, \"start\": 30.200000762939453, \"end\": 32.31999969482422, \"text\": \" He has a Lamborghini and he sells a 4X product.\", \"tokens\": [50459, 634, 575, 257, 48389, 45600, 293, 415, 20897, 257, 1017, 55, 1674, 13, 50565], \"temperature\": 0.0, \"avg_logprob\": -0.240097776055336, \"compression_ratio\": 1.649999976158142, \"no_speech_prob\": 0.00016346345364581794}, {\"id\": 18, \"seek\": 2830, \"start\": 32.31999969482422, \"end\": 33.70000076293945, \"text\": \" Go on Social Blade so you can see\", \"tokens\": [50565, 1037, 322, 9909, 32230, 370, 291, 393, 536, 50634], \"temperature\": 0.0, \"avg_logprob\": -0.240097776055336, \"compression_ratio\": 1.649999976158142, \"no_speech_prob\": 0.00016346345364581794}, {\"id\": 19, \"seek\": 2830, \"start\": 33.70000076293945, \"end\": 35.040000915527344, \"text\": \" where he bought all of his, the day he did.\", \"tokens\": [50634, 689, 415, 4243, 439, 295, 702, 11, 264, 786, 415, 630, 13, 50701], \"temperature\": 0.0, \"avg_logprob\": -0.240097776055336, \"compression_ratio\": 1.649999976158142, \"no_speech_prob\": 0.00016346345364581794}, {\"id\": 20, \"seek\": 2830, \"start\": 35.040000915527344, \"end\": 37.279998779296875, \"text\": \" To be fair, these guys are great investors.\", \"tokens\": [50701, 1407, 312, 3143, 11, 613, 1074, 366, 869, 11519, 13, 50813], \"temperature\": 0.0, \"avg_logprob\": -0.240097776055336, \"compression_ratio\": 1.649999976158142, \"no_speech_prob\": 0.00016346345364581794}, {\"id\": 21, \"seek\": 2830, \"start\": 37.279998779296875, \"end\": 40.91999816894531, \"text\": \" You buy the Lambo on loan, you rent the house,\", \"tokens\": [50813, 509, 2256, 264, 18825, 1763, 322, 10529, 11, 291, 6214, 264, 1782, 11, 50995], \"temperature\": 0.0, \"avg_logprob\": -0.240097776055336, \"compression_ratio\": 1.649999976158142, \"no_speech_prob\": 0.00016346345364581794}, {\"id\": 22, \"seek\": 2830, \"start\": 40.91999816894531, \"end\": 42.040000915527344, \"text\": \" and you buy the followers.\", \"tokens\": [50995, 293, 291, 2256, 264, 13071, 13, 51051], \"temperature\": 0.0, \"avg_logprob\": -0.240097776055336, \"compression_ratio\": 1.649999976158142, \"no_speech_prob\": 0.00016346345364581794}, {\"id\": 23, \"seek\": 2830, \"start\": 42.040000915527344, \"end\": 44.279998779296875, \"text\": \" Let's say 20, 30,000 upfront investment,\", \"tokens\": [51051, 961, 311, 584, 945, 11, 2217, 11, 1360, 30264, 6078, 11, 51163], \"temperature\": 0.0, \"avg_logprob\": -0.240097776055336, \"compression_ratio\": 1.649999976158142, \"no_speech_prob\": 0.00016346345364581794}, {\"id\": 24, \"seek\": 2830, \"start\": 44.279998779296875, \"end\": 45.119998931884766, \"text\": \" or possibly a little more,\", \"tokens\": [51163, 420, 6264, 257, 707, 544, 11, 51205], \"temperature\": 0.0, \"avg_logprob\": -0.240097776055336, \"compression_ratio\": 1.649999976158142, \"no_speech_prob\": 0.00016346345364581794}, {\"id\": 25, \"seek\": 2830, \"start\": 45.119998931884766, \"end\": 47.400001525878906, \"text\": \" but you make it way back in whatever you're selling.\", \"tokens\": [51205, 457, 291, 652, 309, 636, 646, 294, 2035, 291, 434, 6511, 13, 51319], \"temperature\": 0.0, \"avg_logprob\": -0.240097776055336, \"compression_ratio\": 1.649999976158142, \"no_speech_prob\": 0.00016346345364581794}, {\"id\": 26, \"seek\": 2830, \"start\": 47.400001525878906, \"end\": 48.2400016784668, \"text\": \" Isn't that crazy?\", \"tokens\": [51319, 6998, 380, 300, 3219, 30, 51361], \"temperature\": 0.0, \"avg_logprob\": -0.240097776055336, \"compression_ratio\": 1.649999976158142, \"no_speech_prob\": 0.00016346345364581794}, {\"id\": 27, \"seek\": 2830, \"start\": 48.2400016784668, \"end\": 49.060001373291016, \"text\": \" To be fair, it's nuts, man.\", \"tokens\": [51361, 1407, 312, 3143, 11, 309, 311, 10483, 11, 587, 13, 51402], \"temperature\": 0.0, \"avg_logprob\": -0.240097776055336, \"compression_ratio\": 1.649999976158142, \"no_speech_prob\": 0.00016346345364581794}, {\"id\": 28, \"seek\": 2830, \"start\": 49.060001373291016, \"end\": 52.2400016784668, \"text\": \" The scalability was, this whole world is so new to me.\", \"tokens\": [51402, 440, 15664, 2310, 390, 11, 341, 1379, 1002, 307, 370, 777, 281, 385, 13, 51561], \"temperature\": 0.0, \"avg_logprob\": -0.240097776055336, \"compression_ratio\": 1.649999976158142, \"no_speech_prob\": 0.00016346345364581794}, {\"id\": 29, \"seek\": 2830, \"start\": 52.2400016784668, \"end\": 54.63999938964844, \"text\": \" And then once I felt like I jumped into an ocean\", \"tokens\": [51561, 400, 550, 1564, 286, 2762, 411, 286, 13864, 666, 364, 7810, 51681], \"temperature\": 0.0, \"avg_logprob\": -0.240097776055336, \"compression_ratio\": 1.649999976158142, \"no_speech_prob\": 0.00016346345364581794}, {\"id\": 30, \"seek\": 2830, \"start\": 54.63999938964844, \"end\": 55.91999816894531, \"text\": \" and I could see everything under the ocean,\", \"tokens\": [51681, 293, 286, 727, 536, 1203, 833, 264, 7810, 11, 51745], \"temperature\": 0.0, \"avg_logprob\": -0.240097776055336, \"compression_ratio\": 1.649999976158142, \"no_speech_prob\": 0.00016346345364581794}, {\"id\": 31, \"seek\": 2830, \"start\": 55.91999816894531, \"end\": 56.7599983215332, \"text\": \" I was like, oh my gosh, I see it all.\", \"tokens\": [51745, 286, 390, 411, 11, 1954, 452, 6502, 11, 286, 536, 309, 439, 13, 51787], \"temperature\": 0.0, \"avg_logprob\": -0.240097776055336, \"compression_ratio\": 1.649999976158142, \"no_speech_prob\": 0.00016346345364581794}, {\"id\": 32, \"seek\": 2830, \"start\": 56.7599983215332, \"end\": 58.02000045776367, \"text\": \" But it goes forever.\", \"tokens\": [51787, 583, 309, 1709, 5680, 13, 51850], \"temperature\": 0.0, \"avg_logprob\": -0.240097776055336, \"compression_ratio\": 1.649999976158142, \"no_speech_prob\": 0.00016346345364581794}, {\"id\": 33, \"seek\": 5802, \"start\": 58.02000045776367, \"end\": 59.439998626708984, \"text\": \" It's nuts, man.\", \"tokens\": [50393, 467, 311, 10483, 11, 587, 13, 50435], \"temperature\": 0.0, \"avg_logprob\": -0.5382983088493347, \"compression_ratio\": 0.6521739363670349, \"no_speech_prob\": 0.3627808690071106}]}"}