{"title": "The Type Of Women Who Will Cheat On You", "video_id": "XDK4ZIYacxM", "video_url": "https://www.youtube.com/watch?v=XDK4ZIYacxM", "description": "\u2014\u2014\u2014\u2014\u2014\u2014\u2014\u2014\u2014\u2014\u2014\u2014\u2014\u2014\u2014\u2014\u2014\u2014\u2014\u2014\nReady to build a network of amazing women and high-status men?\n\nMichael\u2019s Men of Action is a one-on-one Master\u2019s program that teaches men how to create elite \nsocial lives by becoming higher status.\n\nClick this link to learn how you can have a High-Status lifestyle now:\nhttps://m.moamentoring.com/podcast\n\nClick here to join the Men of Action community and watch the High-Status Networking 101 course:\nhttps://m.moamentoring.com/moa-community\n\nInterested in joining the Men of Action sales team? Apply here:\nhttps://www.moamentoring.com/jobs/sales\n\nMen of Action has an affiliate program! Post pre-made content and get paid passively:\nhttps://www.moamentoring.com/affiliate\n\u2014\u2014\u2014\u2014\u2014\u2014\u2014\u2014\u2014\u2014\u2014\u2014\u2014\u2014\u2014\u2014\u2014\u2014\u2014\u2014\n\nSubscribe on Youtube: \nhttps://www.youtube.com/user/MichaelSartain\n\nListen on Apple Podcast: \nhttps://podcasts.apple.com/us/podcast/the-michael-sartain-podcast/id1579791157\n\nListen on Spotify: \nhttps://open.spotify.com/show/2faAYwvDD9Bvkpwv6umlPO?si=8Q3ak9HnSlKjuChsTXr6YQ&dl_branch=1\n\n#michael #michaelsartain #michael_sartain #michael_sartain_podcast", "published_at": "2023-10-07T14:15:01Z", "channel_id": "UC0T1bDzajVefRWx4uKdGyuw", "channel_title": "Michael Sartain", "tags": ["Michael", "Michael Sartain", "Michael Sartain Podcast", "Michael Podcast", "MOA", "Men Of Action", "Michael Sartain Course", "Michael Sartain With Hot Women", "Playboy", "Swimsuit", "Swimsuit Competition", "ichael sartain social circle", "social circle", "how to netowrk", "moa", "moa podcast", "gender wage gap", "gender wage gap myth", "wage gap", "social value", "michael sartain course", "looks money status", "social circle mentorship", "michael sartain social circle game", "men of action podcast", "men of action course"], "category_id": "24", "live_broadcast_content": "none", "duration": 43.0, "dimension": "2d", "definition": "hd", "caption": "false", "view_count": 9651, "like_count": 476, "comment_count": 27, "channel_info": {"title": "Michael Sartain", "description": "\ud83c\udf99Host of The\u00a0Michael Sartain Podcast \n\n\ud83d\udd25Teaching you how to build a network of desirable women and high-status men\n\n\ud83d\udc47 Click the \"Men of Action\" link below now to forge a high-status lifestyle and join the elites \n", "subscriber_count": "80500", "total_views": "29545897", "total_videos": "1481"}, "comments": [], "file_path": "/Users/aelaguiz/workspace/fc_book/audio/raws/XDK4ZIYacxM.mp3", "transcription": "{\"text\": \"Whenever I see a girl like that, who's like, she loves herself 60% especially the really, really, really pretty ones who like, they're very clearly prettier than all their friends, but are just constantly have some sort of body dysmorphia or something to that effect. And they're always like putting themselves down internally. The problem is like where, as I want to help, no amount of my help is ever going to bridge this gap. I'm never going to get to them to a hundred percent, no matter what I do. And the other problem, this is a really big issue is when you're dealing with that level of insecurity and you're trying to fight to feed that insecurity. Those are the girls who tend to cheat on you because they see themselves in a lower light. You're a man who treats them with honesty and respect. Then another guy comes along and treats them the way they believe they should be treated. That's when. \", \"segments\": [{\"id\": 0, \"seek\": 0, \"start\": 0.0, \"end\": 3.4800000190734863, \"text\": \" Whenever I see a girl like that, who's like, she loves herself 60% especially\", \"tokens\": [50364, 14159, 286, 536, 257, 2013, 411, 300, 11, 567, 311, 411, 11, 750, 6752, 7530, 4060, 4, 2318, 50538], \"temperature\": 0.0, \"avg_logprob\": -0.22448043525218964, \"compression_ratio\": 1.8049451112747192, \"no_speech_prob\": 0.0045365528203547}, {\"id\": 1, \"seek\": 0, \"start\": 3.4800000190734863, \"end\": 7.840000152587891, \"text\": \" the really, really, really pretty ones who like, they're very clearly prettier\", \"tokens\": [50538, 264, 534, 11, 534, 11, 534, 1238, 2306, 567, 411, 11, 436, 434, 588, 4448, 36825, 50756], \"temperature\": 0.0, \"avg_logprob\": -0.22448043525218964, \"compression_ratio\": 1.8049451112747192, \"no_speech_prob\": 0.0045365528203547}, {\"id\": 2, \"seek\": 0, \"start\": 7.840000152587891, \"end\": 10.760000228881836, \"text\": \" than all their friends, but are just constantly have some sort of body\", \"tokens\": [50756, 813, 439, 641, 1855, 11, 457, 366, 445, 6460, 362, 512, 1333, 295, 1772, 50902], \"temperature\": 0.0, \"avg_logprob\": -0.22448043525218964, \"compression_ratio\": 1.8049451112747192, \"no_speech_prob\": 0.0045365528203547}, {\"id\": 3, \"seek\": 0, \"start\": 10.760000228881836, \"end\": 12.319999694824219, \"text\": \" dysmorphia or something to that effect.\", \"tokens\": [50902, 15243, 76, 18191, 654, 420, 746, 281, 300, 1802, 13, 50980], \"temperature\": 0.0, \"avg_logprob\": -0.22448043525218964, \"compression_ratio\": 1.8049451112747192, \"no_speech_prob\": 0.0045365528203547}, {\"id\": 4, \"seek\": 0, \"start\": 12.479999542236328, \"end\": 14.720000267028809, \"text\": \" And they're always like putting themselves down internally.\", \"tokens\": [50988, 400, 436, 434, 1009, 411, 3372, 2969, 760, 19501, 13, 51100], \"temperature\": 0.0, \"avg_logprob\": -0.22448043525218964, \"compression_ratio\": 1.8049451112747192, \"no_speech_prob\": 0.0045365528203547}, {\"id\": 5, \"seek\": 0, \"start\": 14.960000038146973, \"end\": 18.84000015258789, \"text\": \" The problem is like where, as I want to help, no amount of my help\", \"tokens\": [51112, 440, 1154, 307, 411, 689, 11, 382, 286, 528, 281, 854, 11, 572, 2372, 295, 452, 854, 51306], \"temperature\": 0.0, \"avg_logprob\": -0.22448043525218964, \"compression_ratio\": 1.8049451112747192, \"no_speech_prob\": 0.0045365528203547}, {\"id\": 6, \"seek\": 0, \"start\": 18.84000015258789, \"end\": 20.1200008392334, \"text\": \" is ever going to bridge this gap.\", \"tokens\": [51306, 307, 1562, 516, 281, 7283, 341, 7417, 13, 51370], \"temperature\": 0.0, \"avg_logprob\": -0.22448043525218964, \"compression_ratio\": 1.8049451112747192, \"no_speech_prob\": 0.0045365528203547}, {\"id\": 7, \"seek\": 0, \"start\": 20.1200008392334, \"end\": 22.600000381469727, \"text\": \" I'm never going to get to them to a hundred percent, no matter what I do.\", \"tokens\": [51370, 286, 478, 1128, 516, 281, 483, 281, 552, 281, 257, 3262, 3043, 11, 572, 1871, 437, 286, 360, 13, 51494], \"temperature\": 0.0, \"avg_logprob\": -0.22448043525218964, \"compression_ratio\": 1.8049451112747192, \"no_speech_prob\": 0.0045365528203547}, {\"id\": 8, \"seek\": 0, \"start\": 22.920000076293945, \"end\": 25.760000228881836, \"text\": \" And the other problem, this is a really big issue is when you're dealing\", \"tokens\": [51510, 400, 264, 661, 1154, 11, 341, 307, 257, 534, 955, 2734, 307, 562, 291, 434, 6260, 51652], \"temperature\": 0.0, \"avg_logprob\": -0.22448043525218964, \"compression_ratio\": 1.8049451112747192, \"no_speech_prob\": 0.0045365528203547}, {\"id\": 9, \"seek\": 0, \"start\": 25.760000228881836, \"end\": 28.68000030517578, \"text\": \" with that level of insecurity and you're trying to fight to feed that insecurity.\", \"tokens\": [51652, 365, 300, 1496, 295, 35058, 293, 291, 434, 1382, 281, 2092, 281, 3154, 300, 35058, 13, 51798], \"temperature\": 0.0, \"avg_logprob\": -0.22448043525218964, \"compression_ratio\": 1.8049451112747192, \"no_speech_prob\": 0.0045365528203547}, {\"id\": 10, \"seek\": 2868, \"start\": 28.920000076293945, \"end\": 32.7599983215332, \"text\": \" Those are the girls who tend to cheat on you because they see\", \"tokens\": [50376, 3950, 366, 264, 4519, 567, 3928, 281, 17470, 322, 291, 570, 436, 536, 50568], \"temperature\": 0.0, \"avg_logprob\": -0.26768943667411804, \"compression_ratio\": 1.5499999523162842, \"no_speech_prob\": 0.012238949537277222}, {\"id\": 11, \"seek\": 2868, \"start\": 32.7599983215332, \"end\": 33.959999084472656, \"text\": \" themselves in a lower light.\", \"tokens\": [50568, 2969, 294, 257, 3126, 1442, 13, 50628], \"temperature\": 0.0, \"avg_logprob\": -0.26768943667411804, \"compression_ratio\": 1.5499999523162842, \"no_speech_prob\": 0.012238949537277222}, {\"id\": 12, \"seek\": 2868, \"start\": 34.15999984741211, \"end\": 36.31999969482422, \"text\": \" You're a man who treats them with honesty and respect.\", \"tokens\": [50638, 509, 434, 257, 587, 567, 19566, 552, 365, 26839, 293, 3104, 13, 50746], \"temperature\": 0.0, \"avg_logprob\": -0.26768943667411804, \"compression_ratio\": 1.5499999523162842, \"no_speech_prob\": 0.012238949537277222}, {\"id\": 13, \"seek\": 2868, \"start\": 36.47999954223633, \"end\": 38.84000015258789, \"text\": \" Then another guy comes along and treats them the way they\", \"tokens\": [50754, 1396, 1071, 2146, 1487, 2051, 293, 19566, 552, 264, 636, 436, 50872], \"temperature\": 0.0, \"avg_logprob\": -0.26768943667411804, \"compression_ratio\": 1.5499999523162842, \"no_speech_prob\": 0.012238949537277222}, {\"id\": 14, \"seek\": 2868, \"start\": 38.91999816894531, \"end\": 40.36000061035156, \"text\": \" believe they should be treated.\", \"tokens\": [50876, 1697, 436, 820, 312, 8668, 13, 50948], \"temperature\": 0.0, \"avg_logprob\": -0.26768943667411804, \"compression_ratio\": 1.5499999523162842, \"no_speech_prob\": 0.012238949537277222}, {\"id\": 15, \"seek\": 2868, \"start\": 40.47999954223633, \"end\": 40.959999084472656, \"text\": \" That's when.\", \"tokens\": [50954, 663, 311, 562, 13, 50978], \"temperature\": 0.0, \"avg_logprob\": -0.26768943667411804, \"compression_ratio\": 1.5499999523162842, \"no_speech_prob\": 0.012238949537277222}]}"}