{"title": "Women's #1 Attraction Trigger", "video_id": "XI3LAI2nhXw", "video_url": "https://www.youtube.com/watch?v=XI3LAI2nhXw", "description": "Here's a clip from one of my Free Monday Calls\n\n\u2014\u2014\u2014\u2014\u2014\u2014\u2014\u2014\u2014\u2014\u2014\u2014\u2014\u2014\u2014\u2014\u2014\u2014\u2014\nReady to build a network of amazing women and high-status men? \n\nMichael\u2019s Men of Action Mentoring Program is a Master\u2019s course dedicated to helping people elevate their social lives by becoming higher status and building elite social circles.\n\nClick the link to learn how you can start living the high-status social life you always wanted: https://m.moamentoring.com/podcast\n\u2014\u2014\u2014\u2014\u2014\u2014\u2014\u2014\u2014\u2014\u2014\u2014\u2014\u2014\u2014\u2014\u2014\u2014\u2014\u2014\n\nSubscribe on Youtube: \nhttps://www.youtube.com/user/MichaelSartain\n\nListen on Apple Podcast: \nhttps://podcasts.apple.com/us/podcast/the-michael-sartain-podcast/id1579791157\n\nListen on Spotify: \nhttps://open.spotify.com/show/2faAYwvDD9Bvkpwv6umlPO?si=8Q3ak9HnSlKjuChsTXr6YQ&dl_branch=1", "published_at": "2023-01-13T03:44:12Z", "channel_id": "UC0T1bDzajVefRWx4uKdGyuw", "channel_title": "Michael Sartain", "tags": [], "category_id": "24", "live_broadcast_content": "none", "duration": 131.0, "dimension": "2d", "definition": "hd", "caption": "false", "view_count": 2414, "like_count": 109, "comment_count": 23, "channel_info": {"title": "Michael Sartain", "description": "\ud83c\udf99Host of The\u00a0Michael Sartain Podcast \n\n\ud83d\udd25Teaching you how to build a network of desirable women and high-status men\n\n\ud83d\udc47 Click the \"Men of Action\" link below now to forge a high-status lifestyle and join the elites \n", "subscriber_count": "80500", "total_views": "29545897", "total_videos": "1481"}, "comments": [], "file_path": "/Users/aelaguiz/workspace/fc_book/audio/raws/XI3LAI2nhXw.mp3", "transcription": "{\"text\": \"Women do not look at men in a narrow context like that where it's just physical attractiveness. For some women, it is. For some women, it's absolutely that. And unfortunately, those are the women that you see at the nightclub with the biggest fake at the dance floor tables. Those women are very much attracted to status and money. And so you start to confuse every pretty woman as being that way. And that is simply not the case. There are some women, I'll be honest with you. Yes, there are some women who will only date men when they're tall, only date men who have gigantic... only date men who are... super rich. You're correct. Some women are like that. They're not all Liddy. Not every woman is like Liddy Morgana, okay? Some... But I'm not, right? I know Raj said LOL Liddy. What I'm telling you is I have met women who like me specifically because I'm in the Game of Thrones on my life. I have met women who like me because of the cats. And I have met the most, obviously the most women who like me, like me because of the preselection from other women, most of it, right? So the thing is, the distribution of what women find attractive is wider. One of the things in the distribution, in the middle of the distribution is, yes, looks, money, status. That would be at the mean. You're correct. But that's not the whole thing. Charisma will trump, and with a lot of women will absolute... charisma, agreeableness, and empathy will trump those main three things with some women in some cases. But some women who are exceptionally transactional, and yes, a lot of those women do live in Las Vegas. A lot of those women who are exceptionally transactional, they will only go for looks, money, status, but that doesn't mean all women are like that. But unfortunately, those type of women are overly representative in nightlife venues. And so that's why as a man, or an incel, or a MGTOW, or a red pill, or whatever, you may accidentally believe that to be true. That is not true. And I can show you examples of that. Any man who says that does not have female friends, I can tell you unequivocally. And any man who says that is not aware that pre-selection trumps looks, money, status. Let me say it one more time. Okay. This is the part you need for your video. Pre-selection trumps looks, money, status. One more time. Pre-selection trumps looks, money, status, period. \", \"segments\": [{\"id\": 0, \"seek\": 0, \"start\": 0.0, \"end\": 5.119999885559082, \"text\": \" Women do not look at men in a narrow context like that where it's just physical attractiveness.\", \"tokens\": [50364, 11065, 360, 406, 574, 412, 1706, 294, 257, 9432, 4319, 411, 300, 689, 309, 311, 445, 4001, 5049, 8477, 13, 50620], \"temperature\": 0.0, \"avg_logprob\": -0.21193541586399078, \"compression_ratio\": 1.8398692607879639, \"no_speech_prob\": 0.017705418169498444}, {\"id\": 1, \"seek\": 0, \"start\": 5.119999885559082, \"end\": 10.399999618530273, \"text\": \" For some women, it is. For some women, it's absolutely that. And unfortunately,\", \"tokens\": [50620, 1171, 512, 2266, 11, 309, 307, 13, 1171, 512, 2266, 11, 309, 311, 3122, 300, 13, 400, 7015, 11, 50884], \"temperature\": 0.0, \"avg_logprob\": -0.21193541586399078, \"compression_ratio\": 1.8398692607879639, \"no_speech_prob\": 0.017705418169498444}, {\"id\": 2, \"seek\": 0, \"start\": 10.399999618530273, \"end\": 14.720000267028809, \"text\": \" those are the women that you see at the nightclub with the biggest fake at the dance floor tables.\", \"tokens\": [50884, 729, 366, 264, 2266, 300, 291, 536, 412, 264, 1818, 40607, 365, 264, 3880, 7592, 412, 264, 4489, 4123, 8020, 13, 51100], \"temperature\": 0.0, \"avg_logprob\": -0.21193541586399078, \"compression_ratio\": 1.8398692607879639, \"no_speech_prob\": 0.017705418169498444}, {\"id\": 3, \"seek\": 0, \"start\": 14.720000267028809, \"end\": 21.200000762939453, \"text\": \" Those women are very much attracted to status and money. And so you start to confuse every pretty\", \"tokens\": [51100, 3950, 2266, 366, 588, 709, 15912, 281, 6558, 293, 1460, 13, 400, 370, 291, 722, 281, 28584, 633, 1238, 51424], \"temperature\": 0.0, \"avg_logprob\": -0.21193541586399078, \"compression_ratio\": 1.8398692607879639, \"no_speech_prob\": 0.017705418169498444}, {\"id\": 4, \"seek\": 0, \"start\": 21.200000762939453, \"end\": 25.200000762939453, \"text\": \" woman as being that way. And that is simply not the case. There are some women, I'll be honest\", \"tokens\": [51424, 3059, 382, 885, 300, 636, 13, 400, 300, 307, 2935, 406, 264, 1389, 13, 821, 366, 512, 2266, 11, 286, 603, 312, 3245, 51624], \"temperature\": 0.0, \"avg_logprob\": -0.21193541586399078, \"compression_ratio\": 1.8398692607879639, \"no_speech_prob\": 0.017705418169498444}, {\"id\": 5, \"seek\": 0, \"start\": 25.200000762939453, \"end\": 28.8799991607666, \"text\": \" with you. Yes, there are some women who will only date men when they're tall, only date men who\", \"tokens\": [51624, 365, 291, 13, 1079, 11, 456, 366, 512, 2266, 567, 486, 787, 4002, 1706, 562, 436, 434, 6764, 11, 787, 4002, 1706, 567, 51808], \"temperature\": 0.0, \"avg_logprob\": -0.21193541586399078, \"compression_ratio\": 1.8398692607879639, \"no_speech_prob\": 0.017705418169498444}, {\"id\": 6, \"seek\": 2888, \"start\": 28.8799991607666, \"end\": 34.880001068115234, \"text\": \" have gigantic... only date men who are... super rich. You're correct. Some women are like that.\", \"tokens\": [50364, 362, 26800, 485, 787, 4002, 1706, 567, 366, 485, 1687, 4593, 13, 509, 434, 3006, 13, 2188, 2266, 366, 411, 300, 13, 50664], \"temperature\": 0.0, \"avg_logprob\": -0.2689829170703888, \"compression_ratio\": 1.7384614944458008, \"no_speech_prob\": 0.003649369115009904}, {\"id\": 7, \"seek\": 2888, \"start\": 34.880001068115234, \"end\": 39.20000076293945, \"text\": \" They're not all Liddy. Not every woman is like Liddy Morgana, okay? Some...\", \"tokens\": [50664, 814, 434, 406, 439, 441, 327, 3173, 13, 1726, 633, 3059, 307, 411, 441, 327, 3173, 376, 4646, 2095, 11, 1392, 30, 2188, 485, 50880], \"temperature\": 0.0, \"avg_logprob\": -0.2689829170703888, \"compression_ratio\": 1.7384614944458008, \"no_speech_prob\": 0.003649369115009904}, {\"id\": 8, \"seek\": 2888, \"start\": 41.91999816894531, \"end\": 47.36000061035156, \"text\": \" But I'm not, right? I know Raj said LOL Liddy. What I'm telling you is I have met women who\", \"tokens\": [51016, 583, 286, 478, 406, 11, 558, 30, 286, 458, 16745, 848, 15086, 441, 327, 3173, 13, 708, 286, 478, 3585, 291, 307, 286, 362, 1131, 2266, 567, 51288], \"temperature\": 0.0, \"avg_logprob\": -0.2689829170703888, \"compression_ratio\": 1.7384614944458008, \"no_speech_prob\": 0.003649369115009904}, {\"id\": 9, \"seek\": 2888, \"start\": 47.36000061035156, \"end\": 52.880001068115234, \"text\": \" like me specifically because I'm in the Game of Thrones on my life. I have met women who like me\", \"tokens\": [51288, 411, 385, 4682, 570, 286, 478, 294, 264, 7522, 295, 31659, 322, 452, 993, 13, 286, 362, 1131, 2266, 567, 411, 385, 51564], \"temperature\": 0.0, \"avg_logprob\": -0.2689829170703888, \"compression_ratio\": 1.7384614944458008, \"no_speech_prob\": 0.003649369115009904}, {\"id\": 10, \"seek\": 2888, \"start\": 52.880001068115234, \"end\": 56.959999084472656, \"text\": \" because of the cats. And I have met the most, obviously the most women who like me, like me\", \"tokens\": [51564, 570, 295, 264, 11111, 13, 400, 286, 362, 1131, 264, 881, 11, 2745, 264, 881, 2266, 567, 411, 385, 11, 411, 385, 51768], \"temperature\": 0.0, \"avg_logprob\": -0.2689829170703888, \"compression_ratio\": 1.7384614944458008, \"no_speech_prob\": 0.003649369115009904}, {\"id\": 11, \"seek\": 5696, \"start\": 56.959999084472656, \"end\": 62.720001220703125, \"text\": \" because of the preselection from other women, most of it, right? So the thing is, the distribution\", \"tokens\": [50364, 570, 295, 264, 659, 405, 5450, 490, 661, 2266, 11, 881, 295, 309, 11, 558, 30, 407, 264, 551, 307, 11, 264, 7316, 50652], \"temperature\": 0.0, \"avg_logprob\": -0.22566401958465576, \"compression_ratio\": 1.7851852178573608, \"no_speech_prob\": 0.0007436642190441489}, {\"id\": 12, \"seek\": 5696, \"start\": 62.720001220703125, \"end\": 67.27999877929688, \"text\": \" of what women find attractive is wider. One of the things in the distribution, in the middle of\", \"tokens\": [50652, 295, 437, 2266, 915, 12609, 307, 11842, 13, 1485, 295, 264, 721, 294, 264, 7316, 11, 294, 264, 2808, 295, 50880], \"temperature\": 0.0, \"avg_logprob\": -0.22566401958465576, \"compression_ratio\": 1.7851852178573608, \"no_speech_prob\": 0.0007436642190441489}, {\"id\": 13, \"seek\": 5696, \"start\": 67.27999877929688, \"end\": 72.0, \"text\": \" the distribution is, yes, looks, money, status. That would be at the mean. You're correct. But\", \"tokens\": [50880, 264, 7316, 307, 11, 2086, 11, 1542, 11, 1460, 11, 6558, 13, 663, 576, 312, 412, 264, 914, 13, 509, 434, 3006, 13, 583, 51116], \"temperature\": 0.0, \"avg_logprob\": -0.22566401958465576, \"compression_ratio\": 1.7851852178573608, \"no_speech_prob\": 0.0007436642190441489}, {\"id\": 14, \"seek\": 5696, \"start\": 72.0, \"end\": 78.4000015258789, \"text\": \" that's not the whole thing. Charisma will trump, and with a lot of women will absolute... charisma,\", \"tokens\": [51116, 300, 311, 406, 264, 1379, 551, 13, 4327, 14795, 486, 21779, 11, 293, 365, 257, 688, 295, 2266, 486, 8236, 485, 45969, 11, 51436], \"temperature\": 0.0, \"avg_logprob\": -0.22566401958465576, \"compression_ratio\": 1.7851852178573608, \"no_speech_prob\": 0.0007436642190441489}, {\"id\": 15, \"seek\": 5696, \"start\": 78.4000015258789, \"end\": 84.0, \"text\": \" agreeableness, and empathy will trump those main three things with some women in some cases.\", \"tokens\": [51436, 3986, 455, 45887, 11, 293, 18701, 486, 21779, 729, 2135, 1045, 721, 365, 512, 2266, 294, 512, 3331, 13, 51716], \"temperature\": 0.0, \"avg_logprob\": -0.22566401958465576, \"compression_ratio\": 1.7851852178573608, \"no_speech_prob\": 0.0007436642190441489}, {\"id\": 16, \"seek\": 8400, \"start\": 84.0, \"end\": 87.44000244140625, \"text\": \" But some women who are exceptionally transactional, and yes, a lot of those women do live\", \"tokens\": [50364, 583, 512, 2266, 567, 366, 37807, 46688, 1966, 11, 293, 2086, 11, 257, 688, 295, 729, 2266, 360, 1621, 50536], \"temperature\": 0.0, \"avg_logprob\": -0.1821529120206833, \"compression_ratio\": 1.8184818029403687, \"no_speech_prob\": 0.0031235001515597105}, {\"id\": 17, \"seek\": 8400, \"start\": 87.44000244140625, \"end\": 91.83999633789062, \"text\": \" in Las Vegas. A lot of those women who are exceptionally transactional, they will only\", \"tokens\": [50536, 294, 10663, 15841, 13, 316, 688, 295, 729, 2266, 567, 366, 37807, 46688, 1966, 11, 436, 486, 787, 50756], \"temperature\": 0.0, \"avg_logprob\": -0.1821529120206833, \"compression_ratio\": 1.8184818029403687, \"no_speech_prob\": 0.0031235001515597105}, {\"id\": 18, \"seek\": 8400, \"start\": 91.83999633789062, \"end\": 95.83999633789062, \"text\": \" go for looks, money, status, but that doesn't mean all women are like that. But unfortunately,\", \"tokens\": [50756, 352, 337, 1542, 11, 1460, 11, 6558, 11, 457, 300, 1177, 380, 914, 439, 2266, 366, 411, 300, 13, 583, 7015, 11, 50956], \"temperature\": 0.0, \"avg_logprob\": -0.1821529120206833, \"compression_ratio\": 1.8184818029403687, \"no_speech_prob\": 0.0031235001515597105}, {\"id\": 19, \"seek\": 8400, \"start\": 96.4000015258789, \"end\": 101.83999633789062, \"text\": \" those type of women are overly representative in nightlife venues. And so that's why as a man,\", \"tokens\": [50984, 729, 2010, 295, 2266, 366, 24324, 12424, 294, 1818, 9073, 32882, 13, 400, 370, 300, 311, 983, 382, 257, 587, 11, 51256], \"temperature\": 0.0, \"avg_logprob\": -0.1821529120206833, \"compression_ratio\": 1.8184818029403687, \"no_speech_prob\": 0.0031235001515597105}, {\"id\": 20, \"seek\": 8400, \"start\": 101.83999633789062, \"end\": 106.4000015258789, \"text\": \" or an incel, or a MGTOW, or a red pill, or whatever, you may accidentally believe that to\", \"tokens\": [51256, 420, 364, 834, 338, 11, 420, 257, 36856, 51, 5769, 11, 420, 257, 2182, 8100, 11, 420, 2035, 11, 291, 815, 15715, 1697, 300, 281, 51484], \"temperature\": 0.0, \"avg_logprob\": -0.1821529120206833, \"compression_ratio\": 1.8184818029403687, \"no_speech_prob\": 0.0031235001515597105}, {\"id\": 21, \"seek\": 8400, \"start\": 106.4000015258789, \"end\": 112.0, \"text\": \" be true. That is not true. And I can show you examples of that. Any man who says that does not\", \"tokens\": [51484, 312, 2074, 13, 663, 307, 406, 2074, 13, 400, 286, 393, 855, 291, 5110, 295, 300, 13, 2639, 587, 567, 1619, 300, 775, 406, 51764], \"temperature\": 0.0, \"avg_logprob\": -0.1821529120206833, \"compression_ratio\": 1.8184818029403687, \"no_speech_prob\": 0.0031235001515597105}, {\"id\": 22, \"seek\": 11200, \"start\": 112.0, \"end\": 116.31999969482422, \"text\": \" have female friends, I can tell you unequivocally. And any man who says that is not aware that\", \"tokens\": [50364, 362, 6556, 1855, 11, 286, 393, 980, 291, 2251, 358, 592, 905, 379, 13, 400, 604, 587, 567, 1619, 300, 307, 406, 3650, 300, 50580], \"temperature\": 0.0, \"avg_logprob\": -0.19554764032363892, \"compression_ratio\": 1.8248587846755981, \"no_speech_prob\": 0.395779013633728}, {\"id\": 23, \"seek\": 11200, \"start\": 116.31999969482422, \"end\": 120.72000122070312, \"text\": \" pre-selection trumps looks, money, status. Let me say it one more time. Okay. This is the part\", \"tokens\": [50580, 659, 12, 405, 5450, 504, 16951, 1542, 11, 1460, 11, 6558, 13, 961, 385, 584, 309, 472, 544, 565, 13, 1033, 13, 639, 307, 264, 644, 50800], \"temperature\": 0.0, \"avg_logprob\": -0.19554764032363892, \"compression_ratio\": 1.8248587846755981, \"no_speech_prob\": 0.395779013633728}, {\"id\": 24, \"seek\": 11200, \"start\": 120.72000122070312, \"end\": 126.0, \"text\": \" you need for your video. Pre-selection trumps looks, money, status. One more time. Pre-selection\", \"tokens\": [50800, 291, 643, 337, 428, 960, 13, 6001, 12, 405, 5450, 504, 16951, 1542, 11, 1460, 11, 6558, 13, 1485, 544, 565, 13, 6001, 12, 405, 5450, 51064], \"temperature\": 0.0, \"avg_logprob\": -0.19554764032363892, \"compression_ratio\": 1.8248587846755981, \"no_speech_prob\": 0.395779013633728}, {\"id\": 25, \"seek\": 11200, \"start\": 126.0, \"end\": 129.60000610351562, \"text\": \" trumps looks, money, status, period.\", \"tokens\": [51064, 504, 16951, 1542, 11, 1460, 11, 6558, 11, 2896, 13, 51244], \"temperature\": 0.0, \"avg_logprob\": -0.19554764032363892, \"compression_ratio\": 1.8248587846755981, \"no_speech_prob\": 0.395779013633728}]}"}