{"title": "Karma is not real\ufffc: @PlayingWithFireChannel", "video_id": "Xk32JDNPCis", "video_url": "https://www.youtube.com/watch?v=Xk32JDNPCis", "description": "", "published_at": "2022-08-11T02:41:53Z", "channel_id": "UC0T1bDzajVefRWx4uKdGyuw", "channel_title": "Michael Sartain", "tags": [], "category_id": "24", "live_broadcast_content": "none", "duration": 40.0, "dimension": "2d", "definition": "hd", "caption": "false", "view_count": 3502, "like_count": 237, "comment_count": 9, "channel_info": {"title": "Michael Sartain", "description": "\ud83c\udf99Host of The\u00a0Michael Sartain Podcast \n\n\ud83d\udd25Teaching you how to build a network of desirable women and high-status men\n\n\ud83d\udc47 Click the \"Men of Action\" link below now to forge a high-status lifestyle and join the elites \n", "subscriber_count": "80500", "total_views": "29545897", "total_videos": "1481"}, "comments": [], "file_path": "/Users/aelaguiz/workspace/fc_book/audio/raws/Xk32JDNPCis.mp3", "transcription": "{\"text\": \"Karma is not real. Ready? Look in the camera. There is no karma. There is no destiny. There is no fate. There is actuality, probability, and plausibility. Everything else is just lazy math. Okay? We agree on that. Yes, there is no fate. Look, your girl cheated on you, and she is just fine. She's not thinking about you no more. If she cheated on you, it's not, when your mom's like, oh, you're a special snowflake. She didn't appreciate you. No, she appreciated you just fine. You were not satisfying what she wanted, so she found some other. So now you need to go to the gym. Now you need to make the seven-figure business. Now you need to work on yourself. Don't worry about hurting her or hating on her. Don't worry about tearing down somebody else's building. You need to build a bigger building. \", \"segments\": [{\"id\": 0, \"seek\": 0, \"start\": 0.0, \"end\": 1.3600000143051147, \"text\": \" Karma is not real.\", \"tokens\": [50364, 591, 4452, 64, 307, 406, 957, 13, 50432], \"temperature\": 0.0, \"avg_logprob\": -0.2747521996498108, \"compression_ratio\": 1.831745982170105, \"no_speech_prob\": 0.03357921540737152}, {\"id\": 1, \"seek\": 0, \"start\": 1.3600000143051147, \"end\": 2.200000047683716, \"text\": \" Ready?\", \"tokens\": [50432, 9944, 30, 50474], \"temperature\": 0.0, \"avg_logprob\": -0.2747521996498108, \"compression_ratio\": 1.831745982170105, \"no_speech_prob\": 0.03357921540737152}, {\"id\": 2, \"seek\": 0, \"start\": 2.200000047683716, \"end\": 3.0199999809265137, \"text\": \" Look in the camera.\", \"tokens\": [50474, 2053, 294, 264, 2799, 13, 50515], \"temperature\": 0.0, \"avg_logprob\": -0.2747521996498108, \"compression_ratio\": 1.831745982170105, \"no_speech_prob\": 0.03357921540737152}, {\"id\": 3, \"seek\": 0, \"start\": 3.0199999809265137, \"end\": 3.859999895095825, \"text\": \" There is no karma.\", \"tokens\": [50515, 821, 307, 572, 28396, 13, 50557], \"temperature\": 0.0, \"avg_logprob\": -0.2747521996498108, \"compression_ratio\": 1.831745982170105, \"no_speech_prob\": 0.03357921540737152}, {\"id\": 4, \"seek\": 0, \"start\": 3.859999895095825, \"end\": 4.699999809265137, \"text\": \" There is no destiny.\", \"tokens\": [50557, 821, 307, 572, 17893, 13, 50599], \"temperature\": 0.0, \"avg_logprob\": -0.2747521996498108, \"compression_ratio\": 1.831745982170105, \"no_speech_prob\": 0.03357921540737152}, {\"id\": 5, \"seek\": 0, \"start\": 4.699999809265137, \"end\": 5.599999904632568, \"text\": \" There is no fate.\", \"tokens\": [50599, 821, 307, 572, 12738, 13, 50644], \"temperature\": 0.0, \"avg_logprob\": -0.2747521996498108, \"compression_ratio\": 1.831745982170105, \"no_speech_prob\": 0.03357921540737152}, {\"id\": 6, \"seek\": 0, \"start\": 5.599999904632568, \"end\": 7.960000038146973, \"text\": \" There is actuality, probability, and plausibility.\", \"tokens\": [50644, 821, 307, 3539, 507, 11, 8482, 11, 293, 34946, 2841, 13, 50762], \"temperature\": 0.0, \"avg_logprob\": -0.2747521996498108, \"compression_ratio\": 1.831745982170105, \"no_speech_prob\": 0.03357921540737152}, {\"id\": 7, \"seek\": 0, \"start\": 7.960000038146973, \"end\": 9.479999542236328, \"text\": \" Everything else is just lazy math.\", \"tokens\": [50762, 5471, 1646, 307, 445, 14847, 5221, 13, 50838], \"temperature\": 0.0, \"avg_logprob\": -0.2747521996498108, \"compression_ratio\": 1.831745982170105, \"no_speech_prob\": 0.03357921540737152}, {\"id\": 8, \"seek\": 0, \"start\": 9.479999542236328, \"end\": 10.319999694824219, \"text\": \" Okay?\", \"tokens\": [50838, 1033, 30, 50880], \"temperature\": 0.0, \"avg_logprob\": -0.2747521996498108, \"compression_ratio\": 1.831745982170105, \"no_speech_prob\": 0.03357921540737152}, {\"id\": 9, \"seek\": 0, \"start\": 10.319999694824219, \"end\": 11.140000343322754, \"text\": \" We agree on that.\", \"tokens\": [50880, 492, 3986, 322, 300, 13, 50921], \"temperature\": 0.0, \"avg_logprob\": -0.2747521996498108, \"compression_ratio\": 1.831745982170105, \"no_speech_prob\": 0.03357921540737152}, {\"id\": 10, \"seek\": 0, \"start\": 11.140000343322754, \"end\": 11.979999542236328, \"text\": \" Yes, there is no fate.\", \"tokens\": [50921, 1079, 11, 456, 307, 572, 12738, 13, 50963], \"temperature\": 0.0, \"avg_logprob\": -0.2747521996498108, \"compression_ratio\": 1.831745982170105, \"no_speech_prob\": 0.03357921540737152}, {\"id\": 11, \"seek\": 0, \"start\": 11.979999542236328, \"end\": 12.920000076293945, \"text\": \" Look, your girl cheated on you,\", \"tokens\": [50963, 2053, 11, 428, 2013, 28079, 322, 291, 11, 51010], \"temperature\": 0.0, \"avg_logprob\": -0.2747521996498108, \"compression_ratio\": 1.831745982170105, \"no_speech_prob\": 0.03357921540737152}, {\"id\": 12, \"seek\": 0, \"start\": 12.920000076293945, \"end\": 14.319999694824219, \"text\": \" and she is just fine.\", \"tokens\": [51010, 293, 750, 307, 445, 2489, 13, 51080], \"temperature\": 0.0, \"avg_logprob\": -0.2747521996498108, \"compression_ratio\": 1.831745982170105, \"no_speech_prob\": 0.03357921540737152}, {\"id\": 13, \"seek\": 0, \"start\": 14.319999694824219, \"end\": 15.84000015258789, \"text\": \" She's not thinking about you no more.\", \"tokens\": [51080, 1240, 311, 406, 1953, 466, 291, 572, 544, 13, 51156], \"temperature\": 0.0, \"avg_logprob\": -0.2747521996498108, \"compression_ratio\": 1.831745982170105, \"no_speech_prob\": 0.03357921540737152}, {\"id\": 14, \"seek\": 0, \"start\": 15.84000015258789, \"end\": 17.15999984741211, \"text\": \" If she cheated on you, it's not,\", \"tokens\": [51156, 759, 750, 28079, 322, 291, 11, 309, 311, 406, 11, 51222], \"temperature\": 0.0, \"avg_logprob\": -0.2747521996498108, \"compression_ratio\": 1.831745982170105, \"no_speech_prob\": 0.03357921540737152}, {\"id\": 15, \"seek\": 0, \"start\": 17.15999984741211, \"end\": 18.0, \"text\": \" when your mom's like,\", \"tokens\": [51222, 562, 428, 1225, 311, 411, 11, 51264], \"temperature\": 0.0, \"avg_logprob\": -0.2747521996498108, \"compression_ratio\": 1.831745982170105, \"no_speech_prob\": 0.03357921540737152}, {\"id\": 16, \"seek\": 0, \"start\": 18.0, \"end\": 19.799999237060547, \"text\": \" oh, you're a special snowflake.\", \"tokens\": [51264, 1954, 11, 291, 434, 257, 2121, 44124, 619, 13, 51354], \"temperature\": 0.0, \"avg_logprob\": -0.2747521996498108, \"compression_ratio\": 1.831745982170105, \"no_speech_prob\": 0.03357921540737152}, {\"id\": 17, \"seek\": 0, \"start\": 19.799999237060547, \"end\": 20.799999237060547, \"text\": \" She didn't appreciate you.\", \"tokens\": [51354, 1240, 994, 380, 4449, 291, 13, 51404], \"temperature\": 0.0, \"avg_logprob\": -0.2747521996498108, \"compression_ratio\": 1.831745982170105, \"no_speech_prob\": 0.03357921540737152}, {\"id\": 18, \"seek\": 0, \"start\": 20.799999237060547, \"end\": 22.15999984741211, \"text\": \" No, she appreciated you just fine.\", \"tokens\": [51404, 883, 11, 750, 17169, 291, 445, 2489, 13, 51472], \"temperature\": 0.0, \"avg_logprob\": -0.2747521996498108, \"compression_ratio\": 1.831745982170105, \"no_speech_prob\": 0.03357921540737152}, {\"id\": 19, \"seek\": 0, \"start\": 22.15999984741211, \"end\": 23.959999084472656, \"text\": \" You were not satisfying what she wanted,\", \"tokens\": [51472, 509, 645, 406, 18348, 437, 750, 1415, 11, 51562], \"temperature\": 0.0, \"avg_logprob\": -0.2747521996498108, \"compression_ratio\": 1.831745982170105, \"no_speech_prob\": 0.03357921540737152}, {\"id\": 20, \"seek\": 0, \"start\": 23.959999084472656, \"end\": 25.479999542236328, \"text\": \" so she found some other.\", \"tokens\": [51562, 370, 750, 1352, 512, 661, 13, 51638], \"temperature\": 0.0, \"avg_logprob\": -0.2747521996498108, \"compression_ratio\": 1.831745982170105, \"no_speech_prob\": 0.03357921540737152}, {\"id\": 21, \"seek\": 0, \"start\": 25.479999542236328, \"end\": 27.8799991607666, \"text\": \" So now you need to go to the gym.\", \"tokens\": [51638, 407, 586, 291, 643, 281, 352, 281, 264, 9222, 13, 51758], \"temperature\": 0.0, \"avg_logprob\": -0.2747521996498108, \"compression_ratio\": 1.831745982170105, \"no_speech_prob\": 0.03357921540737152}, {\"id\": 22, \"seek\": 2788, \"start\": 27.8799991607666, \"end\": 30.280000686645508, \"text\": \" Now you need to make the seven-figure business.\", \"tokens\": [50364, 823, 291, 643, 281, 652, 264, 3407, 12, 20646, 540, 1606, 13, 50484], \"temperature\": 0.0, \"avg_logprob\": -0.20203767716884613, \"compression_ratio\": 1.5928571224212646, \"no_speech_prob\": 0.07156001031398773}, {\"id\": 23, \"seek\": 2788, \"start\": 30.280000686645508, \"end\": 32.2400016784668, \"text\": \" Now you need to work on yourself.\", \"tokens\": [50484, 823, 291, 643, 281, 589, 322, 1803, 13, 50582], \"temperature\": 0.0, \"avg_logprob\": -0.20203767716884613, \"compression_ratio\": 1.5928571224212646, \"no_speech_prob\": 0.07156001031398773}, {\"id\": 24, \"seek\": 2788, \"start\": 32.2400016784668, \"end\": 35.68000030517578, \"text\": \" Don't worry about hurting her or hating on her.\", \"tokens\": [50582, 1468, 380, 3292, 466, 17744, 720, 420, 45082, 322, 720, 13, 50754], \"temperature\": 0.0, \"avg_logprob\": -0.20203767716884613, \"compression_ratio\": 1.5928571224212646, \"no_speech_prob\": 0.07156001031398773}, {\"id\": 25, \"seek\": 2788, \"start\": 35.68000030517578, \"end\": 37.720001220703125, \"text\": \" Don't worry about tearing down somebody else's building.\", \"tokens\": [50754, 1468, 380, 3292, 466, 29401, 760, 2618, 1646, 311, 2390, 13, 50856], \"temperature\": 0.0, \"avg_logprob\": -0.20203767716884613, \"compression_ratio\": 1.5928571224212646, \"no_speech_prob\": 0.07156001031398773}, {\"id\": 26, \"seek\": 2788, \"start\": 37.720001220703125, \"end\": 39.52000045776367, \"text\": \" You need to build a bigger building.\", \"tokens\": [50856, 509, 643, 281, 1322, 257, 3801, 2390, 13, 50946], \"temperature\": 0.0, \"avg_logprob\": -0.20203767716884613, \"compression_ratio\": 1.5928571224212646, \"no_speech_prob\": 0.07156001031398773}]}"}