{"title": "How People Should View Andrew T@te", "video_id": "xKpOV620ooQ", "video_url": "https://www.youtube.com/watch?v=xKpOV620ooQ", "description": "Watch The Full Thing Here : \n\u2014\u2014\u2014\u2014\u2014\u2014\u2014\u2014\u2014\u2014\u2014\u2014\u2014\u2014\u2014\u2014\u2014\u2014\u2014\u2014\nReady to build a network of amazing women and high-status men?\n\nMichael\u2019s Men of Action is a one-on-one Master\u2019s program that teaches men how to create elite \nsocial lives by becoming higher status.\n\nClick this link to learn how you can have a High-Status lifestyle now:\nhttps://m.moamentoring.com/podcast\n\nClick here to join the Men of Action community and watch the High-Status Networking 101 course:\nhttps://m.moamentoring.com/moa-community\n\nInterested in joining the Men of Action sales team? Apply here:\nhttps://www.moamentoring.com/jobs/sales\n\nMen of Action has an affiliate program! Post pre-made content and get paid passively:\nhttps://www.moamentoring.com/affiliate\n\u2014\u2014\u2014\u2014\u2014\u2014\u2014\u2014\u2014\u2014\u2014\u2014\u2014\u2014\u2014\u2014\u2014\u2014\u2014\u2014\n\nSubscribe on Youtube: \nhttps://www.youtube.com/user/MichaelSartain\n\nListen on Apple Podcast: \nhttps://podcasts.apple.com/us/podcast/the-michael-sartain-podcast/id1579791157\n\nListen on Spotify: \nhttps://open.spotify.com/show/2faAYwvDD9Bvkpwv6umlPO?si=8Q3ak9HnSlKjuChsTXr6YQ&dl_branch=1\n\n#michael #michaelsartain #michael_sartain #michael_sartain_podcast", "published_at": "2024-01-15T13:45:03Z", "channel_id": "UC0T1bDzajVefRWx4uKdGyuw", "channel_title": "Michael Sartain", "tags": ["Michael", "Michael Sartain", "Michael Sartain Podcast", "Michael Podcast", "MOA", "Men Of Action", "Michael Sartain Course", "Michael Sartain With Hot Women", "Playboy", "Swimsuit", "Swimsuit Competition", "ichael sartain social circle", "social circle", "how to netowrk", "moa", "moa podcast", "gender wage gap", "gender wage gap myth", "wage gap", "social value", "michael sartain course", "looks money status", "social circle mentorship", "michael sartain social circle game", "men of action podcast", "men of action course"], "category_id": "24", "live_broadcast_content": "none", "duration": 472.0, "dimension": "2d", "definition": "hd", "caption": "false", "view_count": 1571, "like_count": 84, "comment_count": 13, "channel_info": {"title": "Michael Sartain", "description": "\ud83c\udf99Host of The\u00a0Michael Sartain Podcast \n\n\ud83d\udd25Teaching you how to build a network of desirable women and high-status men\n\n\ud83d\udc47 Click the \"Men of Action\" link below now to forge a high-status lifestyle and join the elites \n", "subscriber_count": "80500", "total_views": "29545897", "total_videos": "1481"}, "comments": [], "file_path": "/Users/aelaguiz/workspace/fc_book/audio/raws/xKpOV620ooQ.mp3", "transcription": "{\"text\": \"I'm not the one with 12 billion searches of my name on Tik Tok. He is. Yes. He was doing something right. So I'm not really in a place to tell him how to run his business. I like a lot of what Andrew Tate has to say as far as like, you know, breaking through the matrix and, you know, classic masculinity and your role of men and traditional relationships. I'm a little concerned about the idea that he was selling courses to teach men to trick women that they were in love with them and then use them as cam girls to make profit off of them. Do you think that that is an ethical business model? I think so. First off, I don't think the entire business model was sold in the course. I'd have to look that up. I think it might be a little bit of a reductive way to look at it. Secondly, there have been men who probably fall in love with you before and did any and said anything they could to get you on a date and then realize that they were in love with you. That's absolutely true. So this idea that like we're tricking a girl we like to hang out with us, the ethical nature of that, I don't know. Well, it's the camming part and these were not adult actors. So the part with the camming, I have a hard, like this is a situation where the girl has no choice. I have a problem with it. I just know too many cam girls that live in Vegas, L.A. and that live in Miami. No one's extorting them to do these things. Of course not. They do it. They have clients that they've had for years. Some of them don't even take their clothes off. What's happened though is the narrative is all cam girls are prostitutes. All cam girls are being exploited. And there's definitely nuance. And that's not the truth. Right. But hold on. If you ask the average person who's reading this story, all cam girls are prostitutes. All cam girls are being exploited. And that's just not the case. 99% of cam girls. That's not fair to adult women who in good conscience choose that. But you'll find that the majority of girls who believe that sex workers have the right to do whatever they want. They are on, they generally don't believe this story. Right. Again, I don't know if Andrew Tate is guilty or not. What I am very fascinated by is the people who are already making presumptions who don't have the facts. And now the presumptions are always based on a previous narrative they have. Right. Well, I'm pro Andrew Tate. That was the first thing that had made me reconsider. If you believe he's a misogynist, you believe he's guilty. I found a one-to-one correlation with that. And so that is what's problematic to me. He may be guilty. He may be innocent. I don't know. What I do know is that if you believe he was dangerous, then you're sure he was guilty. Does that make sense? Yes, I would agree with that correlation. I'm a bit concerned that the perception of the government in Romania is so, that they're corrupt. It's not a perception. They are corrupt. Yeah. Well, that's concerning because how are we going to know the truth in that environment? We won't. And it gives both sides leeway. Yeah, that's dangerous. The court of public opinion. When he's acquitted, all the people who think he's misogynist will say he's still guilty. And if he's not acquitted, then all the people who are pro Andrew Tate will think it's a conspiracy. But there's so much leeway. Because we would probably say, whereas Romania may be corrupt, is it as corrupt as the United States? I don't know. But there are people on both sides who think that our elections were stolen here. So you don't think that they were going to happen in Romania? Of course it's going to happen. So there's not going to be any solidified answer. I like Andrew personally because he and I communicate every once in a while. And I hope he didn't do any of this. And I really hope he gets acquitted. If he does, if he gets convicted of this, I'm going to be disappointed. But if he actually did the things he said he did, I don't support that. So it's just one of these situations for a lot of us who support Andrew. I don't have enough facts to say anything. From what I know of him and from the 10 other people that are close to him I've talked to, all of them said unequivocally there is no way this is true. But when I talk to people outside who live in the United States who tend to have an agenda, they're 100 percent sure that he's guilty. So it's a very tough thing. And it puts me in a weird situation. I just am cheering for the truth. So I hope the truth. I'm cheering for the truth as well. Because I'm against the court of public opinion on these things and mob rules. So I'm hoping that there are no victims, that everything is all good in that way. If what I say right now offends you, you have an issue. This is the issue. If information comes out that shows he's guilty, I will accept that he's guilty. But the probability shows me he's not. And I'm waiting. If that offends you, you are the one with the issue. So I was entirely against his deplatforming, and I don't think that's a good or safe way to proceed in society if you don't like what somebody is saying to delete them. Would you advise him in the friend way? Would you advise him to take a social media break? I don't have to. He came out very clearly. He said, I use probably the wrong language in some of the ways I describe things. He chose a more moderate tone. So they're going out back and getting him on things he did back in March. I do wish he had used different analogies for some of his examples. But that's him. At the same time, while I say that, I'm not the one with 12 billion searches of my name on TikTok. He is. He was doing something right. So I'm not really in a place to tell him how to run his business. But I know personally, I wouldn't have said those things. But the fact that he said it, it worked for him. Two years ago, I was in Miami and did Anthony Pompliano's show, the tech guy. I did his show on the day before he had interviewed Andrew Tate. And Andrew Tate was somebody that he likened. He was trying to explain him to me. I didn't know who he was at the time. And he sat on that interview for two years until he wanted to. It felt like it was a safe conversation. But he called him the future Alex Jones. We'll see. No, no, no. I don't see it at all. I think that that's interesting and accurate in the way that the community is responding and trying to. Well, I'm not anti-Alex Jones either. So the reason why he's not like Alex Jones is Alex will state things, like physical places and locations as they are a matter of fact when they are not a matter of fact. There is a nuclear reactor at the University of Texas at Austin. It's not there to hide the signals of fucking aliens. He says things that are factually not true. Andrew is not doing that. Andrew is expressing an opinion about an overall matrix that's an analogy for what he believes as people controlling and a slave mindset that is his opinion. That's very different from what Alex Jones is doing. Alex Jones is basically telling you there are weather control machines that are creating weather, which is not true. Well, it's not true yet. But it's not true now when he's saying that. Well, everybody was very confused about the gay frogs, but now we know it's like asterisk. I can't remember the chemical name. I hate to do this, but for amphibians, being able to change genders is an evolutionary adaptation in amphibians. It's not an evolutionary adaptation in homo sapiens. You know there is a chemical that's a fertilizer that's actually causing that. Of course. Right. But there are frogs that change gender anyway. Wow. For real? Yes. Wow. Mind blown. When you have a collective of frogs and there's too many males or too many females, some of them will change gender already. The pesticide definitely caused them to change gender, but it's an evolutionary adaptation in most amphibians to be able to change. You don't know how few people know this. The chemicals don't make people change gender, and changing gender is not the same thing as being gay. So should there be no reason that people have a hang-up about humans doing this? About doing what? Transitioning their genders. People can do whatever they want. I fought for the First Amendment. Do whatever you want. I support your right to change whatever gender. Hell yeah. America, baby. I don't support your right to do it when you're 9, but I support your right to do it when you're... 100. When you're 18 years old, I absolutely support anyone's right to change gender if they want, but not when you're 9 years old. Right. If you're old enough to go die for your country, you're old enough to cut your dick off. Yeah. There you go. Like, 9 years old and then I'm cutting organs off and sticking you with hormones. That's ridiculous. I agree. \", \"segments\": [{\"id\": 0, \"seek\": 0, \"start\": 0.0, \"end\": 4.400000095367432, \"text\": \" I'm not the one with 12 billion searches of my name on Tik Tok. He is.\", \"tokens\": [50364, 286, 478, 406, 264, 472, 365, 2272, 5218, 26701, 295, 452, 1315, 322, 15613, 11036, 13, 634, 307, 13, 50584], \"temperature\": 0.0, \"avg_logprob\": -0.33640462160110474, \"compression_ratio\": 1.534482717514038, \"no_speech_prob\": 0.03457418084144592}, {\"id\": 1, \"seek\": 0, \"start\": 4.400000095367432, \"end\": 4.900000095367432, \"text\": \" Yes.\", \"tokens\": [50584, 1079, 13, 50609], \"temperature\": 0.0, \"avg_logprob\": -0.33640462160110474, \"compression_ratio\": 1.534482717514038, \"no_speech_prob\": 0.03457418084144592}, {\"id\": 2, \"seek\": 0, \"start\": 4.900000095367432, \"end\": 9.0, \"text\": \" He was doing something right. So I'm not really in a place to tell him how to run his business.\", \"tokens\": [50609, 634, 390, 884, 746, 558, 13, 407, 286, 478, 406, 534, 294, 257, 1081, 281, 980, 796, 577, 281, 1190, 702, 1606, 13, 50814], \"temperature\": 0.0, \"avg_logprob\": -0.33640462160110474, \"compression_ratio\": 1.534482717514038, \"no_speech_prob\": 0.03457418084144592}, {\"id\": 3, \"seek\": 0, \"start\": 9.0, \"end\": 19.5, \"text\": \" I like a lot of what Andrew Tate has to say as far as like, you know, breaking through the matrix and, you know, classic masculinity and your role of men and traditional relationships.\", \"tokens\": [50814, 286, 411, 257, 688, 295, 437, 10110, 314, 473, 575, 281, 584, 382, 1400, 382, 411, 11, 291, 458, 11, 7697, 807, 264, 8141, 293, 11, 291, 458, 11, 7230, 45195, 293, 428, 3090, 295, 1706, 293, 5164, 6159, 13, 51339], \"temperature\": 0.0, \"avg_logprob\": -0.33640462160110474, \"compression_ratio\": 1.534482717514038, \"no_speech_prob\": 0.03457418084144592}, {\"id\": 4, \"seek\": 1950, \"start\": 19.5, \"end\": 30.5, \"text\": \" I'm a little concerned about the idea that he was selling courses to teach men to trick women that they were in love with them and then use them as cam girls to make profit off of them.\", \"tokens\": [50364, 286, 478, 257, 707, 5922, 466, 264, 1558, 300, 415, 390, 6511, 7712, 281, 2924, 1706, 281, 4282, 2266, 300, 436, 645, 294, 959, 365, 552, 293, 550, 764, 552, 382, 1945, 4519, 281, 652, 7475, 766, 295, 552, 13, 50914], \"temperature\": 0.0, \"avg_logprob\": -0.22876189649105072, \"compression_ratio\": 1.8742514848709106, \"no_speech_prob\": 0.5924621820449829}, {\"id\": 5, \"seek\": 1950, \"start\": 30.5, \"end\": 33.5, \"text\": \" Do you think that that is an ethical business model?\", \"tokens\": [50914, 1144, 291, 519, 300, 300, 307, 364, 18890, 1606, 2316, 30, 51064], \"temperature\": 0.0, \"avg_logprob\": -0.22876189649105072, \"compression_ratio\": 1.8742514848709106, \"no_speech_prob\": 0.5924621820449829}, {\"id\": 6, \"seek\": 1950, \"start\": 33.5, \"end\": 40.5, \"text\": \" I think so. First off, I don't think the entire business model was sold in the course. I'd have to look that up. I think it might be a little bit of a reductive way to look at it.\", \"tokens\": [51064, 286, 519, 370, 13, 2386, 766, 11, 286, 500, 380, 519, 264, 2302, 1606, 2316, 390, 3718, 294, 264, 1164, 13, 286, 1116, 362, 281, 574, 300, 493, 13, 286, 519, 309, 1062, 312, 257, 707, 857, 295, 257, 2783, 20221, 636, 281, 574, 412, 309, 13, 51414], \"temperature\": 0.0, \"avg_logprob\": -0.22876189649105072, \"compression_ratio\": 1.8742514848709106, \"no_speech_prob\": 0.5924621820449829}, {\"id\": 7, \"seek\": 1950, \"start\": 40.5, \"end\": 48.0, \"text\": \" Secondly, there have been men who probably fall in love with you before and did any and said anything they could to get you on a date and then realize that they were in love with you.\", \"tokens\": [51414, 19483, 11, 456, 362, 668, 1706, 567, 1391, 2100, 294, 959, 365, 291, 949, 293, 630, 604, 293, 848, 1340, 436, 727, 281, 483, 291, 322, 257, 4002, 293, 550, 4325, 300, 436, 645, 294, 959, 365, 291, 13, 51789], \"temperature\": 0.0, \"avg_logprob\": -0.22876189649105072, \"compression_ratio\": 1.8742514848709106, \"no_speech_prob\": 0.5924621820449829}, {\"id\": 8, \"seek\": 1950, \"start\": 48.0, \"end\": 49.0, \"text\": \" That's absolutely true.\", \"tokens\": [51789, 663, 311, 3122, 2074, 13, 51839], \"temperature\": 0.0, \"avg_logprob\": -0.22876189649105072, \"compression_ratio\": 1.8742514848709106, \"no_speech_prob\": 0.5924621820449829}, {\"id\": 9, \"seek\": 4900, \"start\": 49.0, \"end\": 55.5, \"text\": \" So this idea that like we're tricking a girl we like to hang out with us, the ethical nature of that, I don't know.\", \"tokens\": [50364, 407, 341, 1558, 300, 411, 321, 434, 4282, 278, 257, 2013, 321, 411, 281, 3967, 484, 365, 505, 11, 264, 18890, 3687, 295, 300, 11, 286, 500, 380, 458, 13, 50689], \"temperature\": 0.0, \"avg_logprob\": -0.22130973637104034, \"compression_ratio\": 1.7702264785766602, \"no_speech_prob\": 0.1460561603307724}, {\"id\": 10, \"seek\": 4900, \"start\": 55.5, \"end\": 59.0, \"text\": \" Well, it's the camming part and these were not adult actors.\", \"tokens\": [50689, 1042, 11, 309, 311, 264, 1945, 2810, 644, 293, 613, 645, 406, 5075, 10037, 13, 50864], \"temperature\": 0.0, \"avg_logprob\": -0.22130973637104034, \"compression_ratio\": 1.7702264785766602, \"no_speech_prob\": 0.1460561603307724}, {\"id\": 11, \"seek\": 4900, \"start\": 59.0, \"end\": 66.0, \"text\": \" So the part with the camming, I have a hard, like this is a situation where the girl has no choice. I have a problem with it.\", \"tokens\": [50864, 407, 264, 644, 365, 264, 1945, 2810, 11, 286, 362, 257, 1152, 11, 411, 341, 307, 257, 2590, 689, 264, 2013, 575, 572, 3922, 13, 286, 362, 257, 1154, 365, 309, 13, 51214], \"temperature\": 0.0, \"avg_logprob\": -0.22130973637104034, \"compression_ratio\": 1.7702264785766602, \"no_speech_prob\": 0.1460561603307724}, {\"id\": 12, \"seek\": 4900, \"start\": 66.0, \"end\": 71.5, \"text\": \" I just know too many cam girls that live in Vegas, L.A. and that live in Miami. No one's extorting them to do these things.\", \"tokens\": [51214, 286, 445, 458, 886, 867, 1945, 4519, 300, 1621, 294, 15841, 11, 441, 13, 32, 13, 293, 300, 1621, 294, 18367, 13, 883, 472, 311, 1279, 477, 278, 552, 281, 360, 613, 721, 13, 51489], \"temperature\": 0.0, \"avg_logprob\": -0.22130973637104034, \"compression_ratio\": 1.7702264785766602, \"no_speech_prob\": 0.1460561603307724}, {\"id\": 13, \"seek\": 4900, \"start\": 71.5, \"end\": 72.5, \"text\": \" Of course not.\", \"tokens\": [51489, 2720, 1164, 406, 13, 51539], \"temperature\": 0.0, \"avg_logprob\": -0.22130973637104034, \"compression_ratio\": 1.7702264785766602, \"no_speech_prob\": 0.1460561603307724}, {\"id\": 14, \"seek\": 4900, \"start\": 72.5, \"end\": 76.5, \"text\": \" They do it. They have clients that they've had for years. Some of them don't even take their clothes off.\", \"tokens\": [51539, 814, 360, 309, 13, 814, 362, 6982, 300, 436, 600, 632, 337, 924, 13, 2188, 295, 552, 500, 380, 754, 747, 641, 5534, 766, 13, 51739], \"temperature\": 0.0, \"avg_logprob\": -0.22130973637104034, \"compression_ratio\": 1.7702264785766602, \"no_speech_prob\": 0.1460561603307724}, {\"id\": 15, \"seek\": 7650, \"start\": 77.0, \"end\": 83.0, \"text\": \" What's happened though is the narrative is all cam girls are prostitutes. All cam girls are being exploited.\", \"tokens\": [50389, 708, 311, 2011, 1673, 307, 264, 9977, 307, 439, 1945, 4519, 366, 10293, 270, 1819, 13, 1057, 1945, 4519, 366, 885, 40918, 13, 50689], \"temperature\": 0.0, \"avg_logprob\": -0.22485288977622986, \"compression_ratio\": 1.8923766613006592, \"no_speech_prob\": 0.14032025635242462}, {\"id\": 16, \"seek\": 7650, \"start\": 83.0, \"end\": 85.0, \"text\": \" And there's definitely nuance.\", \"tokens\": [50689, 400, 456, 311, 2138, 42625, 13, 50789], \"temperature\": 0.0, \"avg_logprob\": -0.22485288977622986, \"compression_ratio\": 1.8923766613006592, \"no_speech_prob\": 0.14032025635242462}, {\"id\": 17, \"seek\": 7650, \"start\": 85.0, \"end\": 86.0, \"text\": \" And that's not the truth.\", \"tokens\": [50789, 400, 300, 311, 406, 264, 3494, 13, 50839], \"temperature\": 0.0, \"avg_logprob\": -0.22485288977622986, \"compression_ratio\": 1.8923766613006592, \"no_speech_prob\": 0.14032025635242462}, {\"id\": 18, \"seek\": 7650, \"start\": 86.0, \"end\": 86.5, \"text\": \" Right.\", \"tokens\": [50839, 1779, 13, 50864], \"temperature\": 0.0, \"avg_logprob\": -0.22485288977622986, \"compression_ratio\": 1.8923766613006592, \"no_speech_prob\": 0.14032025635242462}, {\"id\": 19, \"seek\": 7650, \"start\": 86.5, \"end\": 97.0, \"text\": \" But hold on. If you ask the average person who's reading this story, all cam girls are prostitutes. All cam girls are being exploited. And that's just not the case. 99% of cam girls.\", \"tokens\": [50864, 583, 1797, 322, 13, 759, 291, 1029, 264, 4274, 954, 567, 311, 3760, 341, 1657, 11, 439, 1945, 4519, 366, 10293, 270, 1819, 13, 1057, 1945, 4519, 366, 885, 40918, 13, 400, 300, 311, 445, 406, 264, 1389, 13, 11803, 4, 295, 1945, 4519, 13, 51389], \"temperature\": 0.0, \"avg_logprob\": -0.22485288977622986, \"compression_ratio\": 1.8923766613006592, \"no_speech_prob\": 0.14032025635242462}, {\"id\": 20, \"seek\": 7650, \"start\": 97.0, \"end\": 100.0, \"text\": \" That's not fair to adult women who in good conscience choose that.\", \"tokens\": [51389, 663, 311, 406, 3143, 281, 5075, 2266, 567, 294, 665, 20537, 2826, 300, 13, 51539], \"temperature\": 0.0, \"avg_logprob\": -0.22485288977622986, \"compression_ratio\": 1.8923766613006592, \"no_speech_prob\": 0.14032025635242462}, {\"id\": 21, \"seek\": 10000, \"start\": 100.5, \"end\": 105.5, \"text\": \" But you'll find that the majority of girls who believe that sex workers have the right to do whatever they want.\", \"tokens\": [50389, 583, 291, 603, 915, 300, 264, 6286, 295, 4519, 567, 1697, 300, 3260, 5600, 362, 264, 558, 281, 360, 2035, 436, 528, 13, 50639], \"temperature\": 0.0, \"avg_logprob\": -0.19661261141300201, \"compression_ratio\": 1.7845659255981445, \"no_speech_prob\": 0.6037636995315552}, {\"id\": 22, \"seek\": 10000, \"start\": 105.5, \"end\": 108.5, \"text\": \" They are on, they generally don't believe this story.\", \"tokens\": [50639, 814, 366, 322, 11, 436, 5101, 500, 380, 1697, 341, 1657, 13, 50789], \"temperature\": 0.0, \"avg_logprob\": -0.19661261141300201, \"compression_ratio\": 1.7845659255981445, \"no_speech_prob\": 0.6037636995315552}, {\"id\": 23, \"seek\": 10000, \"start\": 108.5, \"end\": 109.5, \"text\": \" Right.\", \"tokens\": [50789, 1779, 13, 50839], \"temperature\": 0.0, \"avg_logprob\": -0.19661261141300201, \"compression_ratio\": 1.7845659255981445, \"no_speech_prob\": 0.6037636995315552}, {\"id\": 24, \"seek\": 10000, \"start\": 109.5, \"end\": 111.5, \"text\": \" Again, I don't know if Andrew Tate is guilty or not.\", \"tokens\": [50839, 3764, 11, 286, 500, 380, 458, 498, 10110, 314, 473, 307, 12341, 420, 406, 13, 50939], \"temperature\": 0.0, \"avg_logprob\": -0.19661261141300201, \"compression_ratio\": 1.7845659255981445, \"no_speech_prob\": 0.6037636995315552}, {\"id\": 25, \"seek\": 10000, \"start\": 111.5, \"end\": 116.5, \"text\": \" What I am very fascinated by is the people who are already making presumptions who don't have the facts.\", \"tokens\": [50939, 708, 286, 669, 588, 24597, 538, 307, 264, 561, 567, 366, 1217, 1455, 18028, 9799, 567, 500, 380, 362, 264, 9130, 13, 51189], \"temperature\": 0.0, \"avg_logprob\": -0.19661261141300201, \"compression_ratio\": 1.7845659255981445, \"no_speech_prob\": 0.6037636995315552}, {\"id\": 26, \"seek\": 10000, \"start\": 116.5, \"end\": 120.5, \"text\": \" And now the presumptions are always based on a previous narrative they have.\", \"tokens\": [51189, 400, 586, 264, 18028, 9799, 366, 1009, 2361, 322, 257, 3894, 9977, 436, 362, 13, 51389], \"temperature\": 0.0, \"avg_logprob\": -0.19661261141300201, \"compression_ratio\": 1.7845659255981445, \"no_speech_prob\": 0.6037636995315552}, {\"id\": 27, \"seek\": 10000, \"start\": 120.5, \"end\": 122.5, \"text\": \" Right. Well, I'm pro Andrew Tate.\", \"tokens\": [51389, 1779, 13, 1042, 11, 286, 478, 447, 10110, 314, 473, 13, 51489], \"temperature\": 0.0, \"avg_logprob\": -0.19661261141300201, \"compression_ratio\": 1.7845659255981445, \"no_speech_prob\": 0.6037636995315552}, {\"id\": 28, \"seek\": 10000, \"start\": 122.5, \"end\": 125.5, \"text\": \" That was the first thing that had made me reconsider.\", \"tokens\": [51489, 663, 390, 264, 700, 551, 300, 632, 1027, 385, 40497, 13, 51639], \"temperature\": 0.0, \"avg_logprob\": -0.19661261141300201, \"compression_ratio\": 1.7845659255981445, \"no_speech_prob\": 0.6037636995315552}, {\"id\": 29, \"seek\": 10000, \"start\": 125.5, \"end\": 128.5, \"text\": \" If you believe he's a misogynist, you believe he's guilty.\", \"tokens\": [51639, 759, 291, 1697, 415, 311, 257, 3346, 664, 2534, 468, 11, 291, 1697, 415, 311, 12341, 13, 51789], \"temperature\": 0.0, \"avg_logprob\": -0.19661261141300201, \"compression_ratio\": 1.7845659255981445, \"no_speech_prob\": 0.6037636995315552}, {\"id\": 30, \"seek\": 12850, \"start\": 129.0, \"end\": 131.0, \"text\": \" I found a one-to-one correlation with that.\", \"tokens\": [50389, 286, 1352, 257, 472, 12, 1353, 12, 546, 20009, 365, 300, 13, 50489], \"temperature\": 0.0, \"avg_logprob\": -0.21114538609981537, \"compression_ratio\": 1.784246563911438, \"no_speech_prob\": 0.28113502264022827}, {\"id\": 31, \"seek\": 12850, \"start\": 131.0, \"end\": 133.0, \"text\": \" And so that is what's problematic to me.\", \"tokens\": [50489, 400, 370, 300, 307, 437, 311, 19011, 281, 385, 13, 50589], \"temperature\": 0.0, \"avg_logprob\": -0.21114538609981537, \"compression_ratio\": 1.784246563911438, \"no_speech_prob\": 0.28113502264022827}, {\"id\": 32, \"seek\": 12850, \"start\": 133.0, \"end\": 135.0, \"text\": \" He may be guilty. He may be innocent. I don't know.\", \"tokens\": [50589, 634, 815, 312, 12341, 13, 634, 815, 312, 13171, 13, 286, 500, 380, 458, 13, 50689], \"temperature\": 0.0, \"avg_logprob\": -0.21114538609981537, \"compression_ratio\": 1.784246563911438, \"no_speech_prob\": 0.28113502264022827}, {\"id\": 33, \"seek\": 12850, \"start\": 135.0, \"end\": 139.0, \"text\": \" What I do know is that if you believe he was dangerous, then you're sure he was guilty.\", \"tokens\": [50689, 708, 286, 360, 458, 307, 300, 498, 291, 1697, 415, 390, 5795, 11, 550, 291, 434, 988, 415, 390, 12341, 13, 50889], \"temperature\": 0.0, \"avg_logprob\": -0.21114538609981537, \"compression_ratio\": 1.784246563911438, \"no_speech_prob\": 0.28113502264022827}, {\"id\": 34, \"seek\": 12850, \"start\": 139.0, \"end\": 140.0, \"text\": \" Does that make sense?\", \"tokens\": [50889, 4402, 300, 652, 2020, 30, 50939], \"temperature\": 0.0, \"avg_logprob\": -0.21114538609981537, \"compression_ratio\": 1.784246563911438, \"no_speech_prob\": 0.28113502264022827}, {\"id\": 35, \"seek\": 12850, \"start\": 140.0, \"end\": 143.0, \"text\": \" Yes, I would agree with that correlation.\", \"tokens\": [50939, 1079, 11, 286, 576, 3986, 365, 300, 20009, 13, 51089], \"temperature\": 0.0, \"avg_logprob\": -0.21114538609981537, \"compression_ratio\": 1.784246563911438, \"no_speech_prob\": 0.28113502264022827}, {\"id\": 36, \"seek\": 12850, \"start\": 143.0, \"end\": 150.0, \"text\": \" I'm a bit concerned that the perception of the government in Romania is so, that they're corrupt.\", \"tokens\": [51089, 286, 478, 257, 857, 5922, 300, 264, 12860, 295, 264, 2463, 294, 36678, 307, 370, 11, 300, 436, 434, 17366, 13, 51439], \"temperature\": 0.0, \"avg_logprob\": -0.21114538609981537, \"compression_ratio\": 1.784246563911438, \"no_speech_prob\": 0.28113502264022827}, {\"id\": 37, \"seek\": 12850, \"start\": 150.0, \"end\": 152.0, \"text\": \" It's not a perception. They are corrupt.\", \"tokens\": [51439, 467, 311, 406, 257, 12860, 13, 814, 366, 17366, 13, 51539], \"temperature\": 0.0, \"avg_logprob\": -0.21114538609981537, \"compression_ratio\": 1.784246563911438, \"no_speech_prob\": 0.28113502264022827}, {\"id\": 38, \"seek\": 12850, \"start\": 152.0, \"end\": 156.0, \"text\": \" Yeah. Well, that's concerning because how are we going to know the truth in that environment?\", \"tokens\": [51539, 865, 13, 1042, 11, 300, 311, 18087, 570, 577, 366, 321, 516, 281, 458, 264, 3494, 294, 300, 2823, 30, 51739], \"temperature\": 0.0, \"avg_logprob\": -0.21114538609981537, \"compression_ratio\": 1.784246563911438, \"no_speech_prob\": 0.28113502264022827}, {\"id\": 39, \"seek\": 15600, \"start\": 156.5, \"end\": 160.5, \"text\": \" We won't. And it gives both sides leeway.\", \"tokens\": [50389, 492, 1582, 380, 13, 400, 309, 2709, 1293, 4881, 46571, 676, 13, 50589], \"temperature\": 0.0, \"avg_logprob\": -0.17568883299827576, \"compression_ratio\": 1.8075709342956543, \"no_speech_prob\": 0.22243396937847137}, {\"id\": 40, \"seek\": 15600, \"start\": 160.5, \"end\": 163.5, \"text\": \" Yeah, that's dangerous. The court of public opinion.\", \"tokens\": [50589, 865, 11, 300, 311, 5795, 13, 440, 4753, 295, 1908, 4800, 13, 50739], \"temperature\": 0.0, \"avg_logprob\": -0.17568883299827576, \"compression_ratio\": 1.8075709342956543, \"no_speech_prob\": 0.22243396937847137}, {\"id\": 41, \"seek\": 15600, \"start\": 163.5, \"end\": 167.5, \"text\": \" When he's acquitted, all the people who think he's misogynist will say he's still guilty.\", \"tokens\": [50739, 1133, 415, 311, 6667, 3944, 11, 439, 264, 561, 567, 519, 415, 311, 3346, 664, 2534, 468, 486, 584, 415, 311, 920, 12341, 13, 50939], \"temperature\": 0.0, \"avg_logprob\": -0.17568883299827576, \"compression_ratio\": 1.8075709342956543, \"no_speech_prob\": 0.22243396937847137}, {\"id\": 42, \"seek\": 15600, \"start\": 167.5, \"end\": 171.5, \"text\": \" And if he's not acquitted, then all the people who are pro Andrew Tate will think it's a conspiracy.\", \"tokens\": [50939, 400, 498, 415, 311, 406, 6667, 3944, 11, 550, 439, 264, 561, 567, 366, 447, 10110, 314, 473, 486, 519, 309, 311, 257, 20439, 13, 51139], \"temperature\": 0.0, \"avg_logprob\": -0.17568883299827576, \"compression_ratio\": 1.8075709342956543, \"no_speech_prob\": 0.22243396937847137}, {\"id\": 43, \"seek\": 15600, \"start\": 171.5, \"end\": 173.5, \"text\": \" But there's so much leeway.\", \"tokens\": [51139, 583, 456, 311, 370, 709, 46571, 676, 13, 51239], \"temperature\": 0.0, \"avg_logprob\": -0.17568883299827576, \"compression_ratio\": 1.8075709342956543, \"no_speech_prob\": 0.22243396937847137}, {\"id\": 44, \"seek\": 15600, \"start\": 173.5, \"end\": 178.5, \"text\": \" Because we would probably say, whereas Romania may be corrupt, is it as corrupt as the United States?\", \"tokens\": [51239, 1436, 321, 576, 1391, 584, 11, 9735, 36678, 815, 312, 17366, 11, 307, 309, 382, 17366, 382, 264, 2824, 3040, 30, 51489], \"temperature\": 0.0, \"avg_logprob\": -0.17568883299827576, \"compression_ratio\": 1.8075709342956543, \"no_speech_prob\": 0.22243396937847137}, {\"id\": 45, \"seek\": 15600, \"start\": 178.5, \"end\": 182.5, \"text\": \" I don't know. But there are people on both sides who think that our elections were stolen here.\", \"tokens\": [51489, 286, 500, 380, 458, 13, 583, 456, 366, 561, 322, 1293, 4881, 567, 519, 300, 527, 12870, 645, 15900, 510, 13, 51689], \"temperature\": 0.0, \"avg_logprob\": -0.17568883299827576, \"compression_ratio\": 1.8075709342956543, \"no_speech_prob\": 0.22243396937847137}, {\"id\": 46, \"seek\": 15600, \"start\": 182.5, \"end\": 184.5, \"text\": \" So you don't think that they were going to happen in Romania?\", \"tokens\": [51689, 407, 291, 500, 380, 519, 300, 436, 645, 516, 281, 1051, 294, 36678, 30, 51789], \"temperature\": 0.0, \"avg_logprob\": -0.17568883299827576, \"compression_ratio\": 1.8075709342956543, \"no_speech_prob\": 0.22243396937847137}, {\"id\": 47, \"seek\": 18450, \"start\": 184.5, \"end\": 188.5, \"text\": \" Of course it's going to happen. So there's not going to be any solidified answer.\", \"tokens\": [50364, 2720, 1164, 309, 311, 516, 281, 1051, 13, 407, 456, 311, 406, 516, 281, 312, 604, 5100, 2587, 1867, 13, 50564], \"temperature\": 0.0, \"avg_logprob\": -0.19908954203128815, \"compression_ratio\": 1.7402985095977783, \"no_speech_prob\": 0.7022733688354492}, {\"id\": 48, \"seek\": 18450, \"start\": 188.5, \"end\": 192.5, \"text\": \" I like Andrew personally because he and I communicate every once in a while.\", \"tokens\": [50564, 286, 411, 10110, 5665, 570, 415, 293, 286, 7890, 633, 1564, 294, 257, 1339, 13, 50764], \"temperature\": 0.0, \"avg_logprob\": -0.19908954203128815, \"compression_ratio\": 1.7402985095977783, \"no_speech_prob\": 0.7022733688354492}, {\"id\": 49, \"seek\": 18450, \"start\": 192.5, \"end\": 195.5, \"text\": \" And I hope he didn't do any of this. And I really hope he gets acquitted.\", \"tokens\": [50764, 400, 286, 1454, 415, 994, 380, 360, 604, 295, 341, 13, 400, 286, 534, 1454, 415, 2170, 6667, 3944, 13, 50914], \"temperature\": 0.0, \"avg_logprob\": -0.19908954203128815, \"compression_ratio\": 1.7402985095977783, \"no_speech_prob\": 0.7022733688354492}, {\"id\": 50, \"seek\": 18450, \"start\": 195.5, \"end\": 200.5, \"text\": \" If he does, if he gets convicted of this, I'm going to be disappointed.\", \"tokens\": [50914, 759, 415, 775, 11, 498, 415, 2170, 26942, 295, 341, 11, 286, 478, 516, 281, 312, 13856, 13, 51164], \"temperature\": 0.0, \"avg_logprob\": -0.19908954203128815, \"compression_ratio\": 1.7402985095977783, \"no_speech_prob\": 0.7022733688354492}, {\"id\": 51, \"seek\": 18450, \"start\": 200.5, \"end\": 203.5, \"text\": \" But if he actually did the things he said he did, I don't support that.\", \"tokens\": [51164, 583, 498, 415, 767, 630, 264, 721, 415, 848, 415, 630, 11, 286, 500, 380, 1406, 300, 13, 51314], \"temperature\": 0.0, \"avg_logprob\": -0.19908954203128815, \"compression_ratio\": 1.7402985095977783, \"no_speech_prob\": 0.7022733688354492}, {\"id\": 52, \"seek\": 18450, \"start\": 203.5, \"end\": 206.5, \"text\": \" So it's just one of these situations for a lot of us who support Andrew.\", \"tokens\": [51314, 407, 309, 311, 445, 472, 295, 613, 6851, 337, 257, 688, 295, 505, 567, 1406, 10110, 13, 51464], \"temperature\": 0.0, \"avg_logprob\": -0.19908954203128815, \"compression_ratio\": 1.7402985095977783, \"no_speech_prob\": 0.7022733688354492}, {\"id\": 53, \"seek\": 18450, \"start\": 206.5, \"end\": 209.5, \"text\": \" I don't have enough facts to say anything.\", \"tokens\": [51464, 286, 500, 380, 362, 1547, 9130, 281, 584, 1340, 13, 51614], \"temperature\": 0.0, \"avg_logprob\": -0.19908954203128815, \"compression_ratio\": 1.7402985095977783, \"no_speech_prob\": 0.7022733688354492}, {\"id\": 54, \"seek\": 18450, \"start\": 209.5, \"end\": 212.5, \"text\": \" From what I know of him and from the 10 other people that are close to him I've talked to,\", \"tokens\": [51614, 3358, 437, 286, 458, 295, 796, 293, 490, 264, 1266, 661, 561, 300, 366, 1998, 281, 796, 286, 600, 2825, 281, 11, 51764], \"temperature\": 0.0, \"avg_logprob\": -0.19908954203128815, \"compression_ratio\": 1.7402985095977783, \"no_speech_prob\": 0.7022733688354492}, {\"id\": 55, \"seek\": 21250, \"start\": 212.5, \"end\": 215.5, \"text\": \" all of them said unequivocally there is no way this is true.\", \"tokens\": [50364, 439, 295, 552, 848, 2251, 358, 592, 905, 379, 456, 307, 572, 636, 341, 307, 2074, 13, 50514], \"temperature\": 0.0, \"avg_logprob\": -0.18860024213790894, \"compression_ratio\": 1.695364236831665, \"no_speech_prob\": 0.07355764508247375}, {\"id\": 56, \"seek\": 21250, \"start\": 215.5, \"end\": 219.5, \"text\": \" But when I talk to people outside who live in the United States who tend to have an agenda,\", \"tokens\": [50514, 583, 562, 286, 751, 281, 561, 2380, 567, 1621, 294, 264, 2824, 3040, 567, 3928, 281, 362, 364, 9829, 11, 50714], \"temperature\": 0.0, \"avg_logprob\": -0.18860024213790894, \"compression_ratio\": 1.695364236831665, \"no_speech_prob\": 0.07355764508247375}, {\"id\": 57, \"seek\": 21250, \"start\": 219.5, \"end\": 221.5, \"text\": \" they're 100 percent sure that he's guilty.\", \"tokens\": [50714, 436, 434, 2319, 3043, 988, 300, 415, 311, 12341, 13, 50814], \"temperature\": 0.0, \"avg_logprob\": -0.18860024213790894, \"compression_ratio\": 1.695364236831665, \"no_speech_prob\": 0.07355764508247375}, {\"id\": 58, \"seek\": 21250, \"start\": 221.5, \"end\": 224.5, \"text\": \" So it's a very tough thing. And it puts me in a weird situation.\", \"tokens\": [50814, 407, 309, 311, 257, 588, 4930, 551, 13, 400, 309, 8137, 385, 294, 257, 3657, 2590, 13, 50964], \"temperature\": 0.0, \"avg_logprob\": -0.18860024213790894, \"compression_ratio\": 1.695364236831665, \"no_speech_prob\": 0.07355764508247375}, {\"id\": 59, \"seek\": 21250, \"start\": 224.5, \"end\": 228.5, \"text\": \" I just am cheering for the truth. So I hope the truth.\", \"tokens\": [50964, 286, 445, 669, 11060, 337, 264, 3494, 13, 407, 286, 1454, 264, 3494, 13, 51164], \"temperature\": 0.0, \"avg_logprob\": -0.18860024213790894, \"compression_ratio\": 1.695364236831665, \"no_speech_prob\": 0.07355764508247375}, {\"id\": 60, \"seek\": 21250, \"start\": 228.5, \"end\": 229.5, \"text\": \" I'm cheering for the truth as well.\", \"tokens\": [51164, 286, 478, 11060, 337, 264, 3494, 382, 731, 13, 51214], \"temperature\": 0.0, \"avg_logprob\": -0.18860024213790894, \"compression_ratio\": 1.695364236831665, \"no_speech_prob\": 0.07355764508247375}, {\"id\": 61, \"seek\": 21250, \"start\": 229.5, \"end\": 233.5, \"text\": \" Because I'm against the court of public opinion on these things and mob rules.\", \"tokens\": [51214, 1436, 286, 478, 1970, 264, 4753, 295, 1908, 4800, 322, 613, 721, 293, 4298, 4474, 13, 51414], \"temperature\": 0.0, \"avg_logprob\": -0.18860024213790894, \"compression_ratio\": 1.695364236831665, \"no_speech_prob\": 0.07355764508247375}, {\"id\": 62, \"seek\": 21250, \"start\": 233.5, \"end\": 239.5, \"text\": \" So I'm hoping that there are no victims, that everything is all good in that way.\", \"tokens\": [51414, 407, 286, 478, 7159, 300, 456, 366, 572, 11448, 11, 300, 1203, 307, 439, 665, 294, 300, 636, 13, 51714], \"temperature\": 0.0, \"avg_logprob\": -0.18860024213790894, \"compression_ratio\": 1.695364236831665, \"no_speech_prob\": 0.07355764508247375}, {\"id\": 63, \"seek\": 23950, \"start\": 239.5, \"end\": 242.5, \"text\": \" If what I say right now offends you, you have an issue.\", \"tokens\": [50364, 759, 437, 286, 584, 558, 586, 766, 2581, 291, 11, 291, 362, 364, 2734, 13, 50514], \"temperature\": 0.0, \"avg_logprob\": -0.15814068913459778, \"compression_ratio\": 1.6832740306854248, \"no_speech_prob\": 0.4841741621494293}, {\"id\": 64, \"seek\": 23950, \"start\": 242.5, \"end\": 243.5, \"text\": \" This is the issue.\", \"tokens\": [50514, 639, 307, 264, 2734, 13, 50564], \"temperature\": 0.0, \"avg_logprob\": -0.15814068913459778, \"compression_ratio\": 1.6832740306854248, \"no_speech_prob\": 0.4841741621494293}, {\"id\": 65, \"seek\": 23950, \"start\": 243.5, \"end\": 247.5, \"text\": \" If information comes out that shows he's guilty, I will accept that he's guilty.\", \"tokens\": [50564, 759, 1589, 1487, 484, 300, 3110, 415, 311, 12341, 11, 286, 486, 3241, 300, 415, 311, 12341, 13, 50764], \"temperature\": 0.0, \"avg_logprob\": -0.15814068913459778, \"compression_ratio\": 1.6832740306854248, \"no_speech_prob\": 0.4841741621494293}, {\"id\": 66, \"seek\": 23950, \"start\": 247.5, \"end\": 250.5, \"text\": \" But the probability shows me he's not.\", \"tokens\": [50764, 583, 264, 8482, 3110, 385, 415, 311, 406, 13, 50914], \"temperature\": 0.0, \"avg_logprob\": -0.15814068913459778, \"compression_ratio\": 1.6832740306854248, \"no_speech_prob\": 0.4841741621494293}, {\"id\": 67, \"seek\": 23950, \"start\": 250.5, \"end\": 251.5, \"text\": \" And I'm waiting.\", \"tokens\": [50914, 400, 286, 478, 3806, 13, 50964], \"temperature\": 0.0, \"avg_logprob\": -0.15814068913459778, \"compression_ratio\": 1.6832740306854248, \"no_speech_prob\": 0.4841741621494293}, {\"id\": 68, \"seek\": 23950, \"start\": 251.5, \"end\": 254.5, \"text\": \" If that offends you, you are the one with the issue.\", \"tokens\": [50964, 759, 300, 766, 2581, 291, 11, 291, 366, 264, 472, 365, 264, 2734, 13, 51114], \"temperature\": 0.0, \"avg_logprob\": -0.15814068913459778, \"compression_ratio\": 1.6832740306854248, \"no_speech_prob\": 0.4841741621494293}, {\"id\": 69, \"seek\": 23950, \"start\": 254.5, \"end\": 258.5, \"text\": \" So I was entirely against his deplatforming,\", \"tokens\": [51114, 407, 286, 390, 7696, 1970, 702, 37546, 267, 48610, 11, 51314], \"temperature\": 0.0, \"avg_logprob\": -0.15814068913459778, \"compression_ratio\": 1.6832740306854248, \"no_speech_prob\": 0.4841741621494293}, {\"id\": 70, \"seek\": 23950, \"start\": 258.5, \"end\": 261.5, \"text\": \" and I don't think that's a good or safe way to proceed in society\", \"tokens\": [51314, 293, 286, 500, 380, 519, 300, 311, 257, 665, 420, 3273, 636, 281, 8991, 294, 4086, 51464], \"temperature\": 0.0, \"avg_logprob\": -0.15814068913459778, \"compression_ratio\": 1.6832740306854248, \"no_speech_prob\": 0.4841741621494293}, {\"id\": 71, \"seek\": 23950, \"start\": 261.5, \"end\": 263.5, \"text\": \" if you don't like what somebody is saying to delete them.\", \"tokens\": [51464, 498, 291, 500, 380, 411, 437, 2618, 307, 1566, 281, 12097, 552, 13, 51564], \"temperature\": 0.0, \"avg_logprob\": -0.15814068913459778, \"compression_ratio\": 1.6832740306854248, \"no_speech_prob\": 0.4841741621494293}, {\"id\": 72, \"seek\": 23950, \"start\": 263.5, \"end\": 266.5, \"text\": \" Would you advise him in the friend way?\", \"tokens\": [51564, 6068, 291, 18312, 796, 294, 264, 1277, 636, 30, 51714], \"temperature\": 0.0, \"avg_logprob\": -0.15814068913459778, \"compression_ratio\": 1.6832740306854248, \"no_speech_prob\": 0.4841741621494293}, {\"id\": 73, \"seek\": 26650, \"start\": 266.5, \"end\": 269.5, \"text\": \" Would you advise him to take a social media break?\", \"tokens\": [50364, 6068, 291, 18312, 796, 281, 747, 257, 2093, 3021, 1821, 30, 50514], \"temperature\": 0.0, \"avg_logprob\": -0.21730364859104156, \"compression_ratio\": 1.5824916362762451, \"no_speech_prob\": 0.6256778240203857}, {\"id\": 74, \"seek\": 26650, \"start\": 269.5, \"end\": 272.5, \"text\": \" I don't have to. He came out very clearly.\", \"tokens\": [50514, 286, 500, 380, 362, 281, 13, 634, 1361, 484, 588, 4448, 13, 50664], \"temperature\": 0.0, \"avg_logprob\": -0.21730364859104156, \"compression_ratio\": 1.5824916362762451, \"no_speech_prob\": 0.6256778240203857}, {\"id\": 75, \"seek\": 26650, \"start\": 272.5, \"end\": 276.5, \"text\": \" He said, I use probably the wrong language in some of the ways I describe things.\", \"tokens\": [50664, 634, 848, 11, 286, 764, 1391, 264, 2085, 2856, 294, 512, 295, 264, 2098, 286, 6786, 721, 13, 50864], \"temperature\": 0.0, \"avg_logprob\": -0.21730364859104156, \"compression_ratio\": 1.5824916362762451, \"no_speech_prob\": 0.6256778240203857}, {\"id\": 76, \"seek\": 26650, \"start\": 276.5, \"end\": 278.5, \"text\": \" He chose a more moderate tone.\", \"tokens\": [50864, 634, 5111, 257, 544, 18174, 8027, 13, 50964], \"temperature\": 0.0, \"avg_logprob\": -0.21730364859104156, \"compression_ratio\": 1.5824916362762451, \"no_speech_prob\": 0.6256778240203857}, {\"id\": 77, \"seek\": 26650, \"start\": 278.5, \"end\": 281.5, \"text\": \" So they're going out back and getting him on things he did back in March.\", \"tokens\": [50964, 407, 436, 434, 516, 484, 646, 293, 1242, 796, 322, 721, 415, 630, 646, 294, 6129, 13, 51114], \"temperature\": 0.0, \"avg_logprob\": -0.21730364859104156, \"compression_ratio\": 1.5824916362762451, \"no_speech_prob\": 0.6256778240203857}, {\"id\": 78, \"seek\": 26650, \"start\": 281.5, \"end\": 286.5, \"text\": \" I do wish he had used different analogies for some of his examples.\", \"tokens\": [51114, 286, 360, 3172, 415, 632, 1143, 819, 16660, 530, 337, 512, 295, 702, 5110, 13, 51364], \"temperature\": 0.0, \"avg_logprob\": -0.21730364859104156, \"compression_ratio\": 1.5824916362762451, \"no_speech_prob\": 0.6256778240203857}, {\"id\": 79, \"seek\": 26650, \"start\": 286.5, \"end\": 287.5, \"text\": \" But that's him.\", \"tokens\": [51364, 583, 300, 311, 796, 13, 51414], \"temperature\": 0.0, \"avg_logprob\": -0.21730364859104156, \"compression_ratio\": 1.5824916362762451, \"no_speech_prob\": 0.6256778240203857}, {\"id\": 80, \"seek\": 26650, \"start\": 287.5, \"end\": 290.5, \"text\": \" At the same time, while I say that,\", \"tokens\": [51414, 1711, 264, 912, 565, 11, 1339, 286, 584, 300, 11, 51564], \"temperature\": 0.0, \"avg_logprob\": -0.21730364859104156, \"compression_ratio\": 1.5824916362762451, \"no_speech_prob\": 0.6256778240203857}, {\"id\": 81, \"seek\": 26650, \"start\": 290.5, \"end\": 294.5, \"text\": \" I'm not the one with 12 billion searches of my name on TikTok.\", \"tokens\": [51564, 286, 478, 406, 264, 472, 365, 2272, 5218, 26701, 295, 452, 1315, 322, 20211, 13, 51764], \"temperature\": 0.0, \"avg_logprob\": -0.21730364859104156, \"compression_ratio\": 1.5824916362762451, \"no_speech_prob\": 0.6256778240203857}, {\"id\": 82, \"seek\": 26650, \"start\": 294.5, \"end\": 295.5, \"text\": \" He is.\", \"tokens\": [51764, 634, 307, 13, 51814], \"temperature\": 0.0, \"avg_logprob\": -0.21730364859104156, \"compression_ratio\": 1.5824916362762451, \"no_speech_prob\": 0.6256778240203857}, {\"id\": 83, \"seek\": 29550, \"start\": 295.5, \"end\": 296.5, \"text\": \" He was doing something right.\", \"tokens\": [50364, 634, 390, 884, 746, 558, 13, 50414], \"temperature\": 0.0, \"avg_logprob\": -0.17145317792892456, \"compression_ratio\": 1.648936152458191, \"no_speech_prob\": 0.08754030615091324}, {\"id\": 84, \"seek\": 29550, \"start\": 296.5, \"end\": 299.5, \"text\": \" So I'm not really in a place to tell him how to run his business.\", \"tokens\": [50414, 407, 286, 478, 406, 534, 294, 257, 1081, 281, 980, 796, 577, 281, 1190, 702, 1606, 13, 50564], \"temperature\": 0.0, \"avg_logprob\": -0.17145317792892456, \"compression_ratio\": 1.648936152458191, \"no_speech_prob\": 0.08754030615091324}, {\"id\": 85, \"seek\": 29550, \"start\": 299.5, \"end\": 302.5, \"text\": \" But I know personally, I wouldn't have said those things.\", \"tokens\": [50564, 583, 286, 458, 5665, 11, 286, 2759, 380, 362, 848, 729, 721, 13, 50714], \"temperature\": 0.0, \"avg_logprob\": -0.17145317792892456, \"compression_ratio\": 1.648936152458191, \"no_speech_prob\": 0.08754030615091324}, {\"id\": 86, \"seek\": 29550, \"start\": 302.5, \"end\": 304.5, \"text\": \" But the fact that he said it, it worked for him.\", \"tokens\": [50714, 583, 264, 1186, 300, 415, 848, 309, 11, 309, 2732, 337, 796, 13, 50814], \"temperature\": 0.0, \"avg_logprob\": -0.17145317792892456, \"compression_ratio\": 1.648936152458191, \"no_speech_prob\": 0.08754030615091324}, {\"id\": 87, \"seek\": 29550, \"start\": 304.5, \"end\": 310.5, \"text\": \" Two years ago, I was in Miami and did Anthony Pompliano's show,\", \"tokens\": [50814, 4453, 924, 2057, 11, 286, 390, 294, 18367, 293, 630, 15853, 21227, 564, 6254, 311, 855, 11, 51114], \"temperature\": 0.0, \"avg_logprob\": -0.17145317792892456, \"compression_ratio\": 1.648936152458191, \"no_speech_prob\": 0.08754030615091324}, {\"id\": 88, \"seek\": 29550, \"start\": 310.5, \"end\": 311.5, \"text\": \" the tech guy.\", \"tokens\": [51114, 264, 7553, 2146, 13, 51164], \"temperature\": 0.0, \"avg_logprob\": -0.17145317792892456, \"compression_ratio\": 1.648936152458191, \"no_speech_prob\": 0.08754030615091324}, {\"id\": 89, \"seek\": 29550, \"start\": 311.5, \"end\": 315.5, \"text\": \" I did his show on the day before he had interviewed Andrew Tate.\", \"tokens\": [51164, 286, 630, 702, 855, 322, 264, 786, 949, 415, 632, 19770, 10110, 314, 473, 13, 51364], \"temperature\": 0.0, \"avg_logprob\": -0.17145317792892456, \"compression_ratio\": 1.648936152458191, \"no_speech_prob\": 0.08754030615091324}, {\"id\": 90, \"seek\": 29550, \"start\": 315.5, \"end\": 319.5, \"text\": \" And Andrew Tate was somebody that he likened.\", \"tokens\": [51364, 400, 10110, 314, 473, 390, 2618, 300, 415, 36946, 292, 13, 51564], \"temperature\": 0.0, \"avg_logprob\": -0.17145317792892456, \"compression_ratio\": 1.648936152458191, \"no_speech_prob\": 0.08754030615091324}, {\"id\": 91, \"seek\": 29550, \"start\": 319.5, \"end\": 320.5, \"text\": \" He was trying to explain him to me.\", \"tokens\": [51564, 634, 390, 1382, 281, 2903, 796, 281, 385, 13, 51614], \"temperature\": 0.0, \"avg_logprob\": -0.17145317792892456, \"compression_ratio\": 1.648936152458191, \"no_speech_prob\": 0.08754030615091324}, {\"id\": 92, \"seek\": 29550, \"start\": 320.5, \"end\": 321.5, \"text\": \" I didn't know who he was at the time.\", \"tokens\": [51614, 286, 994, 380, 458, 567, 415, 390, 412, 264, 565, 13, 51664], \"temperature\": 0.0, \"avg_logprob\": -0.17145317792892456, \"compression_ratio\": 1.648936152458191, \"no_speech_prob\": 0.08754030615091324}, {\"id\": 93, \"seek\": 32150, \"start\": 321.5, \"end\": 326.5, \"text\": \" And he sat on that interview for two years until he wanted to.\", \"tokens\": [50364, 400, 415, 3227, 322, 300, 4049, 337, 732, 924, 1826, 415, 1415, 281, 13, 50614], \"temperature\": 0.0, \"avg_logprob\": -0.20707687735557556, \"compression_ratio\": 1.6341463327407837, \"no_speech_prob\": 0.6330921649932861}, {\"id\": 94, \"seek\": 32150, \"start\": 326.5, \"end\": 328.5, \"text\": \" It felt like it was a safe conversation.\", \"tokens\": [50614, 467, 2762, 411, 309, 390, 257, 3273, 3761, 13, 50714], \"temperature\": 0.0, \"avg_logprob\": -0.20707687735557556, \"compression_ratio\": 1.6341463327407837, \"no_speech_prob\": 0.6330921649932861}, {\"id\": 95, \"seek\": 32150, \"start\": 328.5, \"end\": 333.5, \"text\": \" But he called him the future Alex Jones.\", \"tokens\": [50714, 583, 415, 1219, 796, 264, 2027, 5202, 10512, 13, 50964], \"temperature\": 0.0, \"avg_logprob\": -0.20707687735557556, \"compression_ratio\": 1.6341463327407837, \"no_speech_prob\": 0.6330921649932861}, {\"id\": 96, \"seek\": 32150, \"start\": 333.5, \"end\": 335.5, \"text\": \" We'll see.\", \"tokens\": [50964, 492, 603, 536, 13, 51064], \"temperature\": 0.0, \"avg_logprob\": -0.20707687735557556, \"compression_ratio\": 1.6341463327407837, \"no_speech_prob\": 0.6330921649932861}, {\"id\": 97, \"seek\": 32150, \"start\": 335.5, \"end\": 336.5, \"text\": \" No, no, no.\", \"tokens\": [51064, 883, 11, 572, 11, 572, 13, 51114], \"temperature\": 0.0, \"avg_logprob\": -0.20707687735557556, \"compression_ratio\": 1.6341463327407837, \"no_speech_prob\": 0.6330921649932861}, {\"id\": 98, \"seek\": 32150, \"start\": 336.5, \"end\": 337.5, \"text\": \" I don't see it at all.\", \"tokens\": [51114, 286, 500, 380, 536, 309, 412, 439, 13, 51164], \"temperature\": 0.0, \"avg_logprob\": -0.20707687735557556, \"compression_ratio\": 1.6341463327407837, \"no_speech_prob\": 0.6330921649932861}, {\"id\": 99, \"seek\": 32150, \"start\": 337.5, \"end\": 340.5, \"text\": \" I think that that's interesting and accurate in the way that the community\", \"tokens\": [51164, 286, 519, 300, 300, 311, 1880, 293, 8559, 294, 264, 636, 300, 264, 1768, 51314], \"temperature\": 0.0, \"avg_logprob\": -0.20707687735557556, \"compression_ratio\": 1.6341463327407837, \"no_speech_prob\": 0.6330921649932861}, {\"id\": 100, \"seek\": 32150, \"start\": 340.5, \"end\": 342.5, \"text\": \" is responding and trying to.\", \"tokens\": [51314, 307, 16670, 293, 1382, 281, 13, 51414], \"temperature\": 0.0, \"avg_logprob\": -0.20707687735557556, \"compression_ratio\": 1.6341463327407837, \"no_speech_prob\": 0.6330921649932861}, {\"id\": 101, \"seek\": 32150, \"start\": 342.5, \"end\": 345.5, \"text\": \" Well, I'm not anti-Alex Jones either.\", \"tokens\": [51414, 1042, 11, 286, 478, 406, 6061, 12, 22993, 10512, 2139, 13, 51564], \"temperature\": 0.0, \"avg_logprob\": -0.20707687735557556, \"compression_ratio\": 1.6341463327407837, \"no_speech_prob\": 0.6330921649932861}, {\"id\": 102, \"seek\": 32150, \"start\": 345.5, \"end\": 349.5, \"text\": \" So the reason why he's not like Alex Jones is Alex will state things,\", \"tokens\": [51564, 407, 264, 1778, 983, 415, 311, 406, 411, 5202, 10512, 307, 5202, 486, 1785, 721, 11, 51764], \"temperature\": 0.0, \"avg_logprob\": -0.20707687735557556, \"compression_ratio\": 1.6341463327407837, \"no_speech_prob\": 0.6330921649932861}, {\"id\": 103, \"seek\": 34950, \"start\": 350.5, \"end\": 353.5, \"text\": \" like physical places and locations as they are a matter of fact\", \"tokens\": [50414, 411, 4001, 3190, 293, 9253, 382, 436, 366, 257, 1871, 295, 1186, 50564], \"temperature\": 0.0, \"avg_logprob\": -0.21005557477474213, \"compression_ratio\": 1.7326388359069824, \"no_speech_prob\": 0.43009188771247864}, {\"id\": 104, \"seek\": 34950, \"start\": 353.5, \"end\": 355.5, \"text\": \" when they are not a matter of fact.\", \"tokens\": [50564, 562, 436, 366, 406, 257, 1871, 295, 1186, 13, 50664], \"temperature\": 0.0, \"avg_logprob\": -0.21005557477474213, \"compression_ratio\": 1.7326388359069824, \"no_speech_prob\": 0.43009188771247864}, {\"id\": 105, \"seek\": 34950, \"start\": 355.5, \"end\": 359.5, \"text\": \" There is a nuclear reactor at the University of Texas at Austin.\", \"tokens\": [50664, 821, 307, 257, 8179, 20628, 412, 264, 3535, 295, 7885, 412, 15356, 13, 50864], \"temperature\": 0.0, \"avg_logprob\": -0.21005557477474213, \"compression_ratio\": 1.7326388359069824, \"no_speech_prob\": 0.43009188771247864}, {\"id\": 106, \"seek\": 34950, \"start\": 359.5, \"end\": 361.5, \"text\": \" It's not there to hide the signals of fucking aliens.\", \"tokens\": [50864, 467, 311, 406, 456, 281, 6479, 264, 12354, 295, 5546, 21594, 13, 50964], \"temperature\": 0.0, \"avg_logprob\": -0.21005557477474213, \"compression_ratio\": 1.7326388359069824, \"no_speech_prob\": 0.43009188771247864}, {\"id\": 107, \"seek\": 34950, \"start\": 361.5, \"end\": 364.5, \"text\": \" He says things that are factually not true.\", \"tokens\": [50964, 634, 1619, 721, 300, 366, 1186, 671, 406, 2074, 13, 51114], \"temperature\": 0.0, \"avg_logprob\": -0.21005557477474213, \"compression_ratio\": 1.7326388359069824, \"no_speech_prob\": 0.43009188771247864}, {\"id\": 108, \"seek\": 34950, \"start\": 364.5, \"end\": 366.5, \"text\": \" Andrew is not doing that.\", \"tokens\": [51114, 10110, 307, 406, 884, 300, 13, 51214], \"temperature\": 0.0, \"avg_logprob\": -0.21005557477474213, \"compression_ratio\": 1.7326388359069824, \"no_speech_prob\": 0.43009188771247864}, {\"id\": 109, \"seek\": 34950, \"start\": 366.5, \"end\": 371.5, \"text\": \" Andrew is expressing an opinion about an overall matrix that's an analogy\", \"tokens\": [51214, 10110, 307, 22171, 364, 4800, 466, 364, 4787, 8141, 300, 311, 364, 21663, 51464], \"temperature\": 0.0, \"avg_logprob\": -0.21005557477474213, \"compression_ratio\": 1.7326388359069824, \"no_speech_prob\": 0.43009188771247864}, {\"id\": 110, \"seek\": 34950, \"start\": 371.5, \"end\": 376.5, \"text\": \" for what he believes as people controlling and a slave mindset that is his opinion.\", \"tokens\": [51464, 337, 437, 415, 12307, 382, 561, 14905, 293, 257, 14777, 12543, 300, 307, 702, 4800, 13, 51714], \"temperature\": 0.0, \"avg_logprob\": -0.21005557477474213, \"compression_ratio\": 1.7326388359069824, \"no_speech_prob\": 0.43009188771247864}, {\"id\": 111, \"seek\": 34950, \"start\": 376.5, \"end\": 378.5, \"text\": \" That's very different from what Alex Jones is doing.\", \"tokens\": [51714, 663, 311, 588, 819, 490, 437, 5202, 10512, 307, 884, 13, 51814], \"temperature\": 0.0, \"avg_logprob\": -0.21005557477474213, \"compression_ratio\": 1.7326388359069824, \"no_speech_prob\": 0.43009188771247864}, {\"id\": 112, \"seek\": 37850, \"start\": 378.5, \"end\": 382.5, \"text\": \" Alex Jones is basically telling you there are weather control machines\", \"tokens\": [50364, 5202, 10512, 307, 1936, 3585, 291, 456, 366, 5503, 1969, 8379, 50564], \"temperature\": 0.0, \"avg_logprob\": -0.17979665100574493, \"compression_ratio\": 1.787313461303711, \"no_speech_prob\": 0.17326191067695618}, {\"id\": 113, \"seek\": 37850, \"start\": 382.5, \"end\": 385.5, \"text\": \" that are creating weather, which is not true.\", \"tokens\": [50564, 300, 366, 4084, 5503, 11, 597, 307, 406, 2074, 13, 50714], \"temperature\": 0.0, \"avg_logprob\": -0.17979665100574493, \"compression_ratio\": 1.787313461303711, \"no_speech_prob\": 0.17326191067695618}, {\"id\": 114, \"seek\": 37850, \"start\": 385.5, \"end\": 387.5, \"text\": \" Well, it's not true yet.\", \"tokens\": [50714, 1042, 11, 309, 311, 406, 2074, 1939, 13, 50814], \"temperature\": 0.0, \"avg_logprob\": -0.17979665100574493, \"compression_ratio\": 1.787313461303711, \"no_speech_prob\": 0.17326191067695618}, {\"id\": 115, \"seek\": 37850, \"start\": 387.5, \"end\": 389.5, \"text\": \" But it's not true now when he's saying that.\", \"tokens\": [50814, 583, 309, 311, 406, 2074, 586, 562, 415, 311, 1566, 300, 13, 50914], \"temperature\": 0.0, \"avg_logprob\": -0.17979665100574493, \"compression_ratio\": 1.787313461303711, \"no_speech_prob\": 0.17326191067695618}, {\"id\": 116, \"seek\": 37850, \"start\": 389.5, \"end\": 392.5, \"text\": \" Well, everybody was very confused about the gay frogs,\", \"tokens\": [50914, 1042, 11, 2201, 390, 588, 9019, 466, 264, 9049, 37107, 11, 51064], \"temperature\": 0.0, \"avg_logprob\": -0.17979665100574493, \"compression_ratio\": 1.787313461303711, \"no_speech_prob\": 0.17326191067695618}, {\"id\": 117, \"seek\": 37850, \"start\": 392.5, \"end\": 394.5, \"text\": \" but now we know it's like asterisk.\", \"tokens\": [51064, 457, 586, 321, 458, 309, 311, 411, 257, 3120, 7797, 13, 51164], \"temperature\": 0.0, \"avg_logprob\": -0.17979665100574493, \"compression_ratio\": 1.787313461303711, \"no_speech_prob\": 0.17326191067695618}, {\"id\": 118, \"seek\": 37850, \"start\": 394.5, \"end\": 396.5, \"text\": \" I can't remember the chemical name.\", \"tokens\": [51164, 286, 393, 380, 1604, 264, 7313, 1315, 13, 51264], \"temperature\": 0.0, \"avg_logprob\": -0.17979665100574493, \"compression_ratio\": 1.787313461303711, \"no_speech_prob\": 0.17326191067695618}, {\"id\": 119, \"seek\": 37850, \"start\": 396.5, \"end\": 401.5, \"text\": \" I hate to do this, but for amphibians, being able to change genders\", \"tokens\": [51264, 286, 4700, 281, 360, 341, 11, 457, 337, 40077, 897, 2567, 11, 885, 1075, 281, 1319, 290, 16292, 51514], \"temperature\": 0.0, \"avg_logprob\": -0.17979665100574493, \"compression_ratio\": 1.787313461303711, \"no_speech_prob\": 0.17326191067695618}, {\"id\": 120, \"seek\": 37850, \"start\": 401.5, \"end\": 404.5, \"text\": \" is an evolutionary adaptation in amphibians.\", \"tokens\": [51514, 307, 364, 27567, 21549, 294, 40077, 897, 2567, 13, 51664], \"temperature\": 0.0, \"avg_logprob\": -0.17979665100574493, \"compression_ratio\": 1.787313461303711, \"no_speech_prob\": 0.17326191067695618}, {\"id\": 121, \"seek\": 37850, \"start\": 404.5, \"end\": 406.5, \"text\": \" It's not an evolutionary adaptation in homo sapiens.\", \"tokens\": [51664, 467, 311, 406, 364, 27567, 21549, 294, 3655, 78, 18985, 24594, 13, 51764], \"temperature\": 0.0, \"avg_logprob\": -0.17979665100574493, \"compression_ratio\": 1.787313461303711, \"no_speech_prob\": 0.17326191067695618}, {\"id\": 122, \"seek\": 40650, \"start\": 406.5, \"end\": 409.5, \"text\": \" You know there is a chemical that's a fertilizer that's actually causing that.\", \"tokens\": [50364, 509, 458, 456, 307, 257, 7313, 300, 311, 257, 31549, 300, 311, 767, 9853, 300, 13, 50514], \"temperature\": 0.0, \"avg_logprob\": -0.1967284381389618, \"compression_ratio\": 1.8099688291549683, \"no_speech_prob\": 0.13475437462329865}, {\"id\": 123, \"seek\": 40650, \"start\": 409.5, \"end\": 413.5, \"text\": \" Of course. Right. But there are frogs that change gender anyway.\", \"tokens\": [50514, 2720, 1164, 13, 1779, 13, 583, 456, 366, 37107, 300, 1319, 7898, 4033, 13, 50714], \"temperature\": 0.0, \"avg_logprob\": -0.1967284381389618, \"compression_ratio\": 1.8099688291549683, \"no_speech_prob\": 0.13475437462329865}, {\"id\": 124, \"seek\": 40650, \"start\": 413.5, \"end\": 415.5, \"text\": \" Wow. For real?\", \"tokens\": [50714, 3153, 13, 1171, 957, 30, 50814], \"temperature\": 0.0, \"avg_logprob\": -0.1967284381389618, \"compression_ratio\": 1.8099688291549683, \"no_speech_prob\": 0.13475437462329865}, {\"id\": 125, \"seek\": 40650, \"start\": 415.5, \"end\": 416.5, \"text\": \" Yes.\", \"tokens\": [50814, 1079, 13, 50864], \"temperature\": 0.0, \"avg_logprob\": -0.1967284381389618, \"compression_ratio\": 1.8099688291549683, \"no_speech_prob\": 0.13475437462329865}, {\"id\": 126, \"seek\": 40650, \"start\": 416.5, \"end\": 417.5, \"text\": \" Wow. Mind blown.\", \"tokens\": [50864, 3153, 13, 13719, 16479, 13, 50914], \"temperature\": 0.0, \"avg_logprob\": -0.1967284381389618, \"compression_ratio\": 1.8099688291549683, \"no_speech_prob\": 0.13475437462329865}, {\"id\": 127, \"seek\": 40650, \"start\": 417.5, \"end\": 420.5, \"text\": \" When you have a collective of frogs and there's too many males or too many females,\", \"tokens\": [50914, 1133, 291, 362, 257, 12590, 295, 37107, 293, 456, 311, 886, 867, 20776, 420, 886, 867, 21529, 11, 51064], \"temperature\": 0.0, \"avg_logprob\": -0.1967284381389618, \"compression_ratio\": 1.8099688291549683, \"no_speech_prob\": 0.13475437462329865}, {\"id\": 128, \"seek\": 40650, \"start\": 420.5, \"end\": 422.5, \"text\": \" some of them will change gender already.\", \"tokens\": [51064, 512, 295, 552, 486, 1319, 7898, 1217, 13, 51164], \"temperature\": 0.0, \"avg_logprob\": -0.1967284381389618, \"compression_ratio\": 1.8099688291549683, \"no_speech_prob\": 0.13475437462329865}, {\"id\": 129, \"seek\": 40650, \"start\": 422.5, \"end\": 425.5, \"text\": \" The pesticide definitely caused them to change gender,\", \"tokens\": [51164, 440, 28904, 482, 2138, 7008, 552, 281, 1319, 7898, 11, 51314], \"temperature\": 0.0, \"avg_logprob\": -0.1967284381389618, \"compression_ratio\": 1.8099688291549683, \"no_speech_prob\": 0.13475437462329865}, {\"id\": 130, \"seek\": 40650, \"start\": 425.5, \"end\": 428.5, \"text\": \" but it's an evolutionary adaptation in most amphibians to be able to change.\", \"tokens\": [51314, 457, 309, 311, 364, 27567, 21549, 294, 881, 40077, 897, 2567, 281, 312, 1075, 281, 1319, 13, 51464], \"temperature\": 0.0, \"avg_logprob\": -0.1967284381389618, \"compression_ratio\": 1.8099688291549683, \"no_speech_prob\": 0.13475437462329865}, {\"id\": 131, \"seek\": 40650, \"start\": 428.5, \"end\": 430.5, \"text\": \" You don't know how few people know this.\", \"tokens\": [51464, 509, 500, 380, 458, 577, 1326, 561, 458, 341, 13, 51564], \"temperature\": 0.0, \"avg_logprob\": -0.1967284381389618, \"compression_ratio\": 1.8099688291549683, \"no_speech_prob\": 0.13475437462329865}, {\"id\": 132, \"seek\": 40650, \"start\": 430.5, \"end\": 433.5, \"text\": \" The chemicals don't make people change gender,\", \"tokens\": [51564, 440, 16152, 500, 380, 652, 561, 1319, 7898, 11, 51714], \"temperature\": 0.0, \"avg_logprob\": -0.1967284381389618, \"compression_ratio\": 1.8099688291549683, \"no_speech_prob\": 0.13475437462329865}, {\"id\": 133, \"seek\": 40650, \"start\": 433.5, \"end\": 435.5, \"text\": \" and changing gender is not the same thing as being gay.\", \"tokens\": [51714, 293, 4473, 7898, 307, 406, 264, 912, 551, 382, 885, 9049, 13, 51814], \"temperature\": 0.0, \"avg_logprob\": -0.1967284381389618, \"compression_ratio\": 1.8099688291549683, \"no_speech_prob\": 0.13475437462329865}, {\"id\": 134, \"seek\": 43550, \"start\": 435.5, \"end\": 440.5, \"text\": \" So should there be no reason that people have a hang-up about humans doing this?\", \"tokens\": [50364, 407, 820, 456, 312, 572, 1778, 300, 561, 362, 257, 3967, 12, 1010, 466, 6255, 884, 341, 30, 50614], \"temperature\": 0.0, \"avg_logprob\": -0.1779899150133133, \"compression_ratio\": 2.0, \"no_speech_prob\": 0.12587718665599823}, {\"id\": 135, \"seek\": 43550, \"start\": 440.5, \"end\": 441.5, \"text\": \" About doing what?\", \"tokens\": [50614, 7769, 884, 437, 30, 50664], \"temperature\": 0.0, \"avg_logprob\": -0.1779899150133133, \"compression_ratio\": 2.0, \"no_speech_prob\": 0.12587718665599823}, {\"id\": 136, \"seek\": 43550, \"start\": 441.5, \"end\": 443.5, \"text\": \" Transitioning their genders.\", \"tokens\": [50664, 6531, 849, 278, 641, 290, 16292, 13, 50764], \"temperature\": 0.0, \"avg_logprob\": -0.1779899150133133, \"compression_ratio\": 2.0, \"no_speech_prob\": 0.12587718665599823}, {\"id\": 137, \"seek\": 43550, \"start\": 443.5, \"end\": 444.5, \"text\": \" People can do whatever they want.\", \"tokens\": [50764, 3432, 393, 360, 2035, 436, 528, 13, 50814], \"temperature\": 0.0, \"avg_logprob\": -0.1779899150133133, \"compression_ratio\": 2.0, \"no_speech_prob\": 0.12587718665599823}, {\"id\": 138, \"seek\": 43550, \"start\": 444.5, \"end\": 446.5, \"text\": \" I fought for the First Amendment. Do whatever you want.\", \"tokens\": [50814, 286, 11391, 337, 264, 2386, 21443, 13, 1144, 2035, 291, 528, 13, 50914], \"temperature\": 0.0, \"avg_logprob\": -0.1779899150133133, \"compression_ratio\": 2.0, \"no_speech_prob\": 0.12587718665599823}, {\"id\": 139, \"seek\": 43550, \"start\": 446.5, \"end\": 448.5, \"text\": \" I support your right to change whatever gender.\", \"tokens\": [50914, 286, 1406, 428, 558, 281, 1319, 2035, 7898, 13, 51014], \"temperature\": 0.0, \"avg_logprob\": -0.1779899150133133, \"compression_ratio\": 2.0, \"no_speech_prob\": 0.12587718665599823}, {\"id\": 140, \"seek\": 43550, \"start\": 448.5, \"end\": 450.5, \"text\": \" Hell yeah. America, baby.\", \"tokens\": [51014, 12090, 1338, 13, 3374, 11, 3186, 13, 51114], \"temperature\": 0.0, \"avg_logprob\": -0.1779899150133133, \"compression_ratio\": 2.0, \"no_speech_prob\": 0.12587718665599823}, {\"id\": 141, \"seek\": 43550, \"start\": 450.5, \"end\": 453.5, \"text\": \" I don't support your right to do it when you're 9, but I support your right to do it when you're...\", \"tokens\": [51114, 286, 500, 380, 1406, 428, 558, 281, 360, 309, 562, 291, 434, 1722, 11, 457, 286, 1406, 428, 558, 281, 360, 309, 562, 291, 434, 485, 51264], \"temperature\": 0.0, \"avg_logprob\": -0.1779899150133133, \"compression_ratio\": 2.0, \"no_speech_prob\": 0.12587718665599823}, {\"id\": 142, \"seek\": 43550, \"start\": 453.5, \"end\": 454.5, \"text\": \" 100.\", \"tokens\": [51264, 2319, 13, 51314], \"temperature\": 0.0, \"avg_logprob\": -0.1779899150133133, \"compression_ratio\": 2.0, \"no_speech_prob\": 0.12587718665599823}, {\"id\": 143, \"seek\": 43550, \"start\": 454.5, \"end\": 458.5, \"text\": \" When you're 18 years old, I absolutely support anyone's right to change gender if they want,\", \"tokens\": [51314, 1133, 291, 434, 2443, 924, 1331, 11, 286, 3122, 1406, 2878, 311, 558, 281, 1319, 7898, 498, 436, 528, 11, 51514], \"temperature\": 0.0, \"avg_logprob\": -0.1779899150133133, \"compression_ratio\": 2.0, \"no_speech_prob\": 0.12587718665599823}, {\"id\": 144, \"seek\": 43550, \"start\": 458.5, \"end\": 459.5, \"text\": \" but not when you're 9 years old.\", \"tokens\": [51514, 457, 406, 562, 291, 434, 1722, 924, 1331, 13, 51564], \"temperature\": 0.0, \"avg_logprob\": -0.1779899150133133, \"compression_ratio\": 2.0, \"no_speech_prob\": 0.12587718665599823}, {\"id\": 145, \"seek\": 43550, \"start\": 459.5, \"end\": 461.5, \"text\": \" Right. If you're old enough to go die for your country,\", \"tokens\": [51564, 1779, 13, 759, 291, 434, 1331, 1547, 281, 352, 978, 337, 428, 1941, 11, 51664], \"temperature\": 0.0, \"avg_logprob\": -0.1779899150133133, \"compression_ratio\": 2.0, \"no_speech_prob\": 0.12587718665599823}, {\"id\": 146, \"seek\": 43550, \"start\": 461.5, \"end\": 463.5, \"text\": \" you're old enough to cut your dick off.\", \"tokens\": [51664, 291, 434, 1331, 1547, 281, 1723, 428, 18659, 766, 13, 51764], \"temperature\": 0.0, \"avg_logprob\": -0.1779899150133133, \"compression_ratio\": 2.0, \"no_speech_prob\": 0.12587718665599823}, {\"id\": 147, \"seek\": 46350, \"start\": 463.5, \"end\": 464.5, \"text\": \" Yeah. There you go.\", \"tokens\": [50364, 865, 13, 821, 291, 352, 13, 50414], \"temperature\": 0.0, \"avg_logprob\": -0.21068477630615234, \"compression_ratio\": 1.162162184715271, \"no_speech_prob\": 0.14800041913986206}, {\"id\": 148, \"seek\": 46350, \"start\": 464.5, \"end\": 468.5, \"text\": \" Like, 9 years old and then I'm cutting organs off and sticking you with hormones.\", \"tokens\": [50414, 1743, 11, 1722, 924, 1331, 293, 550, 286, 478, 6492, 20659, 766, 293, 13465, 291, 365, 22453, 13, 50614], \"temperature\": 0.0, \"avg_logprob\": -0.21068477630615234, \"compression_ratio\": 1.162162184715271, \"no_speech_prob\": 0.14800041913986206}, {\"id\": 149, \"seek\": 46350, \"start\": 468.5, \"end\": 469.5, \"text\": \" That's ridiculous.\", \"tokens\": [50614, 663, 311, 11083, 13, 50664], \"temperature\": 0.0, \"avg_logprob\": -0.21068477630615234, \"compression_ratio\": 1.162162184715271, \"no_speech_prob\": 0.14800041913986206}, {\"id\": 150, \"seek\": 46350, \"start\": 469.5, \"end\": 470.5, \"text\": \" I agree.\", \"tokens\": [50664, 286, 3986, 13, 50714], \"temperature\": 0.0, \"avg_logprob\": -0.21068477630615234, \"compression_ratio\": 1.162162184715271, \"no_speech_prob\": 0.14800041913986206}]}"}