{"title": "Girls dating standards don't make sense", "video_id": "xqeeP_hBvbA", "video_url": "https://www.youtube.com/watch?v=xqeeP_hBvbA", "description": "Watch The Full Thing Here : \n\u2014\u2014\u2014\u2014\u2014\u2014\u2014\u2014\u2014\u2014\u2014\u2014\u2014\u2014\u2014\u2014\u2014\u2014\u2014\u2014\nReady to build a network of amazing women and high-status men?\n\nMichael\u2019s Men of Action is a one-on-one Master\u2019s program that teaches men how to create elite \nsocial lives by becoming higher status.\n\nClick this link to learn how you can have a High-Status lifestyle now:\nhttps://m.moamentoring.com/podcast\n\nClick here to join the Men of Action community and watch the High-Status Networking 101 course:\nhttps://m.moamentoring.com/moa-community\n\nInterested in joining the Men of Action sales team? Apply here:\nhttps://www.moamentoring.com/jobs/sales\n\nMen of Action has an affiliate program! Post pre-made content and get paid passively:\nhttps://www.moamentoring.com/affiliate\n\u2014\u2014\u2014\u2014\u2014\u2014\u2014\u2014\u2014\u2014\u2014\u2014\u2014\u2014\u2014\u2014\u2014\u2014\u2014\u2014\n\nSubscribe on Youtube: \nhttps://www.youtube.com/user/MichaelSartain\n\nListen on Apple Podcast: \nhttps://podcasts.apple.com/us/podcast/the-michael-sartain-podcast/id1579791157\n\nListen on Spotify: \nhttps://open.spotify.com/show/2faAYwvDD9Bvkpwv6umlPO?si=8Q3ak9HnSlKjuChsTXr6YQ&dl_branch=1\n\n#michael #michaelsartain #michael_sartain #michael_sartain_podcast", "published_at": "2023-11-30T18:00:27Z", "channel_id": "UC0T1bDzajVefRWx4uKdGyuw", "channel_title": "Michael Sartain", "tags": ["Michael", "Michael Sartain", "Michael Sartain Podcast", "Michael Podcast", "MOA", "Men Of Action", "Michael Sartain Course", "Michael Sartain With Hot Women", "Playboy", "Swimsuit", "Swimsuit Competition", "ichael sartain social circle", "social circle", "how to netowrk", "moa", "moa podcast", "gender wage gap", "gender wage gap myth", "wage gap", "social value", "michael sartain course", "looks money status", "social circle mentorship", "michael sartain social circle game", "men of action podcast", "men of action course"], "category_id": "24", "live_broadcast_content": "none", "duration": 24.0, "dimension": "2d", "definition": "hd", "caption": "false", "view_count": 2673, "like_count": 211, "comment_count": 4, "channel_info": {"title": "Michael Sartain", "description": "\ud83c\udf99Host of The\u00a0Michael Sartain Podcast \n\n\ud83d\udd25Teaching you how to build a network of desirable women and high-status men\n\n\ud83d\udc47 Click the \"Men of Action\" link below now to forge a high-status lifestyle and join the elites \n", "subscriber_count": "80500", "total_views": "29545897", "total_videos": "1481"}, "comments": [], "file_path": "/Users/aelaguiz/workspace/fc_book/audio/raws/xqeeP_hBvbA.mp3", "transcription": "{\"text\": \"We don't listen to the words. We only pay attention to people's actions. I am sick and tired of listening to women say, I don't like it when guys are around a bunch of other girls. And then I look at the guys they sleep with and those guys are always around a bunch of other girls. Self-reporting for humans, it doesn't really work. Anonymous self-reporting does work a little bit better. I've had a situation with a girl I'm seeing where it's like, she keeps telling me, I don't like that you're around women all the time. And I'm like, we met at a f***ing competition. What you're saying doesn't make sense at all. \", \"segments\": [{\"id\": 0, \"seek\": 0, \"start\": 0.0, \"end\": 0.9200000166893005, \"text\": \" We don't listen to the words.\", \"tokens\": [50364, 492, 500, 380, 2140, 281, 264, 2283, 13, 50410], \"temperature\": 0.0, \"avg_logprob\": -0.2479691058397293, \"compression_ratio\": 1.8666666746139526, \"no_speech_prob\": 0.02881135232746601}, {\"id\": 1, \"seek\": 0, \"start\": 0.9200000166893005, \"end\": 2.4200000762939453, \"text\": \" We only pay attention to people's actions.\", \"tokens\": [50410, 492, 787, 1689, 3202, 281, 561, 311, 5909, 13, 50485], \"temperature\": 0.0, \"avg_logprob\": -0.2479691058397293, \"compression_ratio\": 1.8666666746139526, \"no_speech_prob\": 0.02881135232746601}, {\"id\": 2, \"seek\": 0, \"start\": 2.4200000762939453, \"end\": 4.380000114440918, \"text\": \" I am sick and tired of listening to women say,\", \"tokens\": [50485, 286, 669, 4998, 293, 5868, 295, 4764, 281, 2266, 584, 11, 50583], \"temperature\": 0.0, \"avg_logprob\": -0.2479691058397293, \"compression_ratio\": 1.8666666746139526, \"no_speech_prob\": 0.02881135232746601}, {\"id\": 3, \"seek\": 0, \"start\": 4.380000114440918, \"end\": 6.699999809265137, \"text\": \" I don't like it when guys are around a bunch of other girls.\", \"tokens\": [50583, 286, 500, 380, 411, 309, 562, 1074, 366, 926, 257, 3840, 295, 661, 4519, 13, 50699], \"temperature\": 0.0, \"avg_logprob\": -0.2479691058397293, \"compression_ratio\": 1.8666666746139526, \"no_speech_prob\": 0.02881135232746601}, {\"id\": 4, \"seek\": 0, \"start\": 6.699999809265137, \"end\": 8.100000381469727, \"text\": \" And then I look at the guys they sleep with\", \"tokens\": [50699, 400, 550, 286, 574, 412, 264, 1074, 436, 2817, 365, 50769], \"temperature\": 0.0, \"avg_logprob\": -0.2479691058397293, \"compression_ratio\": 1.8666666746139526, \"no_speech_prob\": 0.02881135232746601}, {\"id\": 5, \"seek\": 0, \"start\": 8.100000381469727, \"end\": 10.300000190734863, \"text\": \" and those guys are always around a bunch of other girls.\", \"tokens\": [50769, 293, 729, 1074, 366, 1009, 926, 257, 3840, 295, 661, 4519, 13, 50879], \"temperature\": 0.0, \"avg_logprob\": -0.2479691058397293, \"compression_ratio\": 1.8666666746139526, \"no_speech_prob\": 0.02881135232746601}, {\"id\": 6, \"seek\": 0, \"start\": 10.300000190734863, \"end\": 12.739999771118164, \"text\": \" Self-reporting for humans, it doesn't really work.\", \"tokens\": [50879, 16348, 12, 265, 2707, 278, 337, 6255, 11, 309, 1177, 380, 534, 589, 13, 51001], \"temperature\": 0.0, \"avg_logprob\": -0.2479691058397293, \"compression_ratio\": 1.8666666746139526, \"no_speech_prob\": 0.02881135232746601}, {\"id\": 7, \"seek\": 0, \"start\": 12.739999771118164, \"end\": 14.9399995803833, \"text\": \" Anonymous self-reporting does work a little bit better.\", \"tokens\": [51001, 1107, 18092, 2698, 12, 265, 2707, 278, 775, 589, 257, 707, 857, 1101, 13, 51111], \"temperature\": 0.0, \"avg_logprob\": -0.2479691058397293, \"compression_ratio\": 1.8666666746139526, \"no_speech_prob\": 0.02881135232746601}, {\"id\": 8, \"seek\": 0, \"start\": 14.9399995803833, \"end\": 16.6200008392334, \"text\": \" I've had a situation with a girl I'm seeing\", \"tokens\": [51111, 286, 600, 632, 257, 2590, 365, 257, 2013, 286, 478, 2577, 51195], \"temperature\": 0.0, \"avg_logprob\": -0.2479691058397293, \"compression_ratio\": 1.8666666746139526, \"no_speech_prob\": 0.02881135232746601}, {\"id\": 9, \"seek\": 0, \"start\": 16.6200008392334, \"end\": 18.139999389648438, \"text\": \" where it's like, she keeps telling me,\", \"tokens\": [51195, 689, 309, 311, 411, 11, 750, 5965, 3585, 385, 11, 51271], \"temperature\": 0.0, \"avg_logprob\": -0.2479691058397293, \"compression_ratio\": 1.8666666746139526, \"no_speech_prob\": 0.02881135232746601}, {\"id\": 10, \"seek\": 0, \"start\": 18.139999389648438, \"end\": 19.65999984741211, \"text\": \" I don't like that you're around women all the time.\", \"tokens\": [51271, 286, 500, 380, 411, 300, 291, 434, 926, 2266, 439, 264, 565, 13, 51347], \"temperature\": 0.0, \"avg_logprob\": -0.2479691058397293, \"compression_ratio\": 1.8666666746139526, \"no_speech_prob\": 0.02881135232746601}, {\"id\": 11, \"seek\": 0, \"start\": 19.65999984741211, \"end\": 21.6200008392334, \"text\": \" And I'm like, we met at a f***ing competition.\", \"tokens\": [51347, 400, 286, 478, 411, 11, 321, 1131, 412, 257, 283, 13684, 278, 395, 7275, 849, 13, 51445], \"temperature\": 0.0, \"avg_logprob\": -0.2479691058397293, \"compression_ratio\": 1.8666666746139526, \"no_speech_prob\": 0.02881135232746601}, {\"id\": 12, \"seek\": 0, \"start\": 21.6200008392334, \"end\": 23.81999969482422, \"text\": \" What you're saying doesn't make sense at all.\", \"tokens\": [51445, 708, 291, 434, 1566, 1177, 380, 652, 2020, 412, 439, 13, 51555], \"temperature\": 0.0, \"avg_logprob\": -0.2479691058397293, \"compression_ratio\": 1.8666666746139526, \"no_speech_prob\": 0.02881135232746601}]}"}