{"title": "Why doing charity makes you happier", "video_id": "Y1qCWcqEb7U", "video_url": "https://www.youtube.com/watch?v=Y1qCWcqEb7U", "description": "Watch The Full Thing Here : \n\u2014\u2014\u2014\u2014\u2014\u2014\u2014\u2014\u2014\u2014\u2014\u2014\u2014\u2014\u2014\u2014\u2014\u2014\u2014\u2014\nReady to build a network of amazing women and high-status men?\n\nMichael\u2019s Men of Action is a one-on-one Master\u2019s program that teaches men how to create elite \nsocial lives by becoming higher status.\n\nClick this link to learn how you can have a High-Status lifestyle now:\nhttps://m.moamentoring.com/podcast\n\nClick here to join the Men of Action community and watch the High-Status Networking 101 course:\nhttps://m.moamentoring.com/moa-community\n\nInterested in joining the Men of Action sales team? Apply here:\nhttps://www.moamentoring.com/jobs/sales\n\nMen of Action has an affiliate program! Post pre-made content and get paid passively:\nhttps://www.moamentoring.com/affiliate\n\u2014\u2014\u2014\u2014\u2014\u2014\u2014\u2014\u2014\u2014\u2014\u2014\u2014\u2014\u2014\u2014\u2014\u2014\u2014\u2014\n\nSubscribe on Youtube: \nhttps://www.youtube.com/user/MichaelSartain\n\nListen on Apple Podcast: \nhttps://podcasts.apple.com/us/podcast/the-michael-sartain-podcast/id1579791157\n\nListen on Spotify: \nhttps://open.spotify.com/show/2faAYwvDD9Bvkpwv6umlPO?si=8Q3ak9HnSlKjuChsTXr6YQ&dl_branch=1\n\n#michael #michaelsartain #michael_sartain #michael_sartain_podcast", "published_at": "2023-12-10T18:00:22Z", "channel_id": "UC0T1bDzajVefRWx4uKdGyuw", "channel_title": "Michael Sartain", "tags": ["Michael", "Michael Sartain", "Michael Sartain Podcast", "Michael Podcast", "MOA", "Men Of Action", "Michael Sartain Course", "Michael Sartain With Hot Women", "Playboy", "Swimsuit", "Swimsuit Competition", "ichael sartain social circle", "social circle", "how to netowrk", "moa", "moa podcast", "gender wage gap", "gender wage gap myth", "wage gap", "social value", "michael sartain course", "looks money status", "social circle mentorship", "michael sartain social circle game", "men of action podcast", "men of action course"], "category_id": "24", "live_broadcast_content": "none", "duration": 32.0, "dimension": "2d", "definition": "hd", "caption": "false", "view_count": 4852, "like_count": 184, "comment_count": 1, "channel_info": {"title": "Michael Sartain", "description": "\ud83c\udf99Host of The\u00a0Michael Sartain Podcast \n\n\ud83d\udd25Teaching you how to build a network of desirable women and high-status men\n\n\ud83d\udc47 Click the \"Men of Action\" link below now to forge a high-status lifestyle and join the elites \n", "subscriber_count": "80500", "total_views": "29545897", "total_videos": "1481"}, "comments": [], "file_path": "/Users/aelaguiz/workspace/fc_book/audio/raws/Y1qCWcqEb7U.mp3", "transcription": "{\"text\": \"I remember this one interview that Kevin Garnett gave, where he was like, if I turn around and my teammate's in a fight, I'm jumping in with him. I don't know what we're fighting about, but you better know I'm about to rock with you. Now, when we get back to the locker room, I'm actually like, yo, bro, what the fuck happened? That level of empathy, you're on my team, and I want to protect you and help you, that's a very core attribute of the homo sapien male. What I think is, when we get involved with charity, we're taking care of our kind. We're taking care of our team, the humankind. Those are the reasons why I think being involved with charity, it gives you gratitude, you're surrounded just by better human beings. It just grounds you, it helps you understanding of protection. \", \"segments\": [{\"id\": 0, \"seek\": 0, \"start\": 0.0, \"end\": 2.2799999713897705, \"text\": \" I remember this one interview that Kevin Garnett gave,\", \"tokens\": [50364, 286, 1604, 341, 472, 4049, 300, 9954, 460, 1083, 3093, 2729, 11, 50478], \"temperature\": 0.0, \"avg_logprob\": -0.23700661957263947, \"compression_ratio\": 1.8287153244018555, \"no_speech_prob\": 0.026744326576590538}, {\"id\": 1, \"seek\": 0, \"start\": 2.2799999713897705, \"end\": 3.5199999809265137, \"text\": \" where he was like, if I turn around\", \"tokens\": [50478, 689, 415, 390, 411, 11, 498, 286, 1261, 926, 50540], \"temperature\": 0.0, \"avg_logprob\": -0.23700661957263947, \"compression_ratio\": 1.8287153244018555, \"no_speech_prob\": 0.026744326576590538}, {\"id\": 2, \"seek\": 0, \"start\": 3.5199999809265137, \"end\": 5.840000152587891, \"text\": \" and my teammate's in a fight, I'm jumping in with him.\", \"tokens\": [50540, 293, 452, 25467, 311, 294, 257, 2092, 11, 286, 478, 11233, 294, 365, 796, 13, 50656], \"temperature\": 0.0, \"avg_logprob\": -0.23700661957263947, \"compression_ratio\": 1.8287153244018555, \"no_speech_prob\": 0.026744326576590538}, {\"id\": 3, \"seek\": 0, \"start\": 5.840000152587891, \"end\": 7.199999809265137, \"text\": \" I don't know what we're fighting about,\", \"tokens\": [50656, 286, 500, 380, 458, 437, 321, 434, 5237, 466, 11, 50724], \"temperature\": 0.0, \"avg_logprob\": -0.23700661957263947, \"compression_ratio\": 1.8287153244018555, \"no_speech_prob\": 0.026744326576590538}, {\"id\": 4, \"seek\": 0, \"start\": 7.199999809265137, \"end\": 8.640000343322754, \"text\": \" but you better know I'm about to rock with you.\", \"tokens\": [50724, 457, 291, 1101, 458, 286, 478, 466, 281, 3727, 365, 291, 13, 50796], \"temperature\": 0.0, \"avg_logprob\": -0.23700661957263947, \"compression_ratio\": 1.8287153244018555, \"no_speech_prob\": 0.026744326576590538}, {\"id\": 5, \"seek\": 0, \"start\": 8.640000343322754, \"end\": 9.720000267028809, \"text\": \" Now, when we get back to the locker room,\", \"tokens\": [50796, 823, 11, 562, 321, 483, 646, 281, 264, 25707, 1808, 11, 50850], \"temperature\": 0.0, \"avg_logprob\": -0.23700661957263947, \"compression_ratio\": 1.8287153244018555, \"no_speech_prob\": 0.026744326576590538}, {\"id\": 6, \"seek\": 0, \"start\": 9.720000267028809, \"end\": 11.319999694824219, \"text\": \" I'm actually like, yo, bro, what the fuck happened?\", \"tokens\": [50850, 286, 478, 767, 411, 11, 5290, 11, 2006, 11, 437, 264, 283, 1311, 74, 2011, 30, 50930], \"temperature\": 0.0, \"avg_logprob\": -0.23700661957263947, \"compression_ratio\": 1.8287153244018555, \"no_speech_prob\": 0.026744326576590538}, {\"id\": 7, \"seek\": 0, \"start\": 11.319999694824219, \"end\": 13.239999771118164, \"text\": \" That level of empathy, you're on my team,\", \"tokens\": [50930, 663, 1496, 295, 18701, 11, 291, 434, 322, 452, 1469, 11, 51026], \"temperature\": 0.0, \"avg_logprob\": -0.23700661957263947, \"compression_ratio\": 1.8287153244018555, \"no_speech_prob\": 0.026744326576590538}, {\"id\": 8, \"seek\": 0, \"start\": 13.239999771118164, \"end\": 14.600000381469727, \"text\": \" and I want to protect you and help you,\", \"tokens\": [51026, 293, 286, 528, 281, 2371, 291, 293, 854, 291, 11, 51094], \"temperature\": 0.0, \"avg_logprob\": -0.23700661957263947, \"compression_ratio\": 1.8287153244018555, \"no_speech_prob\": 0.026744326576590538}, {\"id\": 9, \"seek\": 0, \"start\": 14.600000381469727, \"end\": 17.200000762939453, \"text\": \" that's a very core attribute of the homo sapien male.\", \"tokens\": [51094, 300, 311, 257, 588, 4965, 19667, 295, 264, 3655, 78, 18985, 1053, 7133, 13, 51224], \"temperature\": 0.0, \"avg_logprob\": -0.23700661957263947, \"compression_ratio\": 1.8287153244018555, \"no_speech_prob\": 0.026744326576590538}, {\"id\": 10, \"seek\": 0, \"start\": 17.200000762939453, \"end\": 19.65999984741211, \"text\": \" What I think is, when we get involved with charity,\", \"tokens\": [51224, 708, 286, 519, 307, 11, 562, 321, 483, 3288, 365, 16863, 11, 51347], \"temperature\": 0.0, \"avg_logprob\": -0.23700661957263947, \"compression_ratio\": 1.8287153244018555, \"no_speech_prob\": 0.026744326576590538}, {\"id\": 11, \"seek\": 0, \"start\": 19.65999984741211, \"end\": 21.040000915527344, \"text\": \" we're taking care of our kind.\", \"tokens\": [51347, 321, 434, 1940, 1127, 295, 527, 733, 13, 51416], \"temperature\": 0.0, \"avg_logprob\": -0.23700661957263947, \"compression_ratio\": 1.8287153244018555, \"no_speech_prob\": 0.026744326576590538}, {\"id\": 12, \"seek\": 0, \"start\": 21.040000915527344, \"end\": 23.0, \"text\": \" We're taking care of our team, the humankind.\", \"tokens\": [51416, 492, 434, 1940, 1127, 295, 527, 1469, 11, 264, 1484, 40588, 13, 51514], \"temperature\": 0.0, \"avg_logprob\": -0.23700661957263947, \"compression_ratio\": 1.8287153244018555, \"no_speech_prob\": 0.026744326576590538}, {\"id\": 13, \"seek\": 0, \"start\": 23.0, \"end\": 24.040000915527344, \"text\": \" Those are the reasons why I think\", \"tokens\": [51514, 3950, 366, 264, 4112, 983, 286, 519, 51566], \"temperature\": 0.0, \"avg_logprob\": -0.23700661957263947, \"compression_ratio\": 1.8287153244018555, \"no_speech_prob\": 0.026744326576590538}, {\"id\": 14, \"seek\": 0, \"start\": 24.040000915527344, \"end\": 26.200000762939453, \"text\": \" being involved with charity, it gives you gratitude,\", \"tokens\": [51566, 885, 3288, 365, 16863, 11, 309, 2709, 291, 16935, 11, 51674], \"temperature\": 0.0, \"avg_logprob\": -0.23700661957263947, \"compression_ratio\": 1.8287153244018555, \"no_speech_prob\": 0.026744326576590538}, {\"id\": 15, \"seek\": 0, \"start\": 26.200000762939453, \"end\": 28.600000381469727, \"text\": \" you're surrounded just by better human beings.\", \"tokens\": [51674, 291, 434, 13221, 445, 538, 1101, 1952, 8958, 13, 51794], \"temperature\": 0.0, \"avg_logprob\": -0.23700661957263947, \"compression_ratio\": 1.8287153244018555, \"no_speech_prob\": 0.026744326576590538}, {\"id\": 16, \"seek\": 2860, \"start\": 28.600000381469727, \"end\": 31.600000381469727, \"text\": \" It just grounds you, it helps you understanding of protection.\", \"tokens\": [50364, 467, 445, 19196, 291, 11, 309, 3665, 291, 3701, 295, 6334, 13, 50514], \"temperature\": 0.0, \"avg_logprob\": -0.5940812230110168, \"compression_ratio\": 0.9538461565971375, \"no_speech_prob\": 0.9370031952857971}]}"}