{"title": "Parents Only Accept What You Do Once You Make Money ft @BunnyFuFuu", "video_id": "YcLNDq4KKBE", "video_url": "https://www.youtube.com/watch?v=YcLNDq4KKBE", "description": "Watch The Full Podcast Here \ud83d\udd17: https://youtu.be/78Qa0tOiCgI\n\nReady to build a network of amazing women and high-status men?\n\nMichael\u2019s Men of Action is a one-on-one Master\u2019s program that teaches men how to create elite social lives by becoming higher status.\n\nClick this link to learn how you can have a High-Status lifestyle now:\nhttps://m.moamentoring.com/podcast\n\nClick here to join the Men of Action community and watch the High-Status Networking 101 course:\nhttps://m.moamentoring.com/moa-community\n\u2014\u2014\u2014\u2014\u2014\u2014\u2014\u2014\u2014\u2014\u2014\u2014\u2014\u2014\u2014\u2014\u2014\u2014\u2014\u2014\n\nSubscribe on Youtube: \nhttps://www.youtube.com/user/MichaelSartain\n\nListen on Apple Podcast: \nhttps://podcasts.apple.com/us/podcast/the-michael-sartain-podcast/id1579791157\n\nListen on Spotify: \nhttps://open.spotify.com/show/2faAYwvDD9Bvkpwv6umlPO?si=8Q3ak9HnSlKjuChsTXr6YQ&dl_branch=1", "published_at": "2023-05-28T14:45:01Z", "channel_id": "UC0T1bDzajVefRWx4uKdGyuw", "channel_title": "Michael Sartain", "tags": [], "category_id": "24", "live_broadcast_content": "none", "duration": 186.0, "dimension": "2d", "definition": "hd", "caption": "false", "view_count": 936, "like_count": 45, "comment_count": 11, "channel_info": {"title": "Michael Sartain", "description": "\ud83c\udf99Host of The\u00a0Michael Sartain Podcast \n\n\ud83d\udd25Teaching you how to build a network of desirable women and high-status men\n\n\ud83d\udc47 Click the \"Men of Action\" link below now to forge a high-status lifestyle and join the elites \n", "subscriber_count": "80500", "total_views": "29545897", "total_videos": "1481"}, "comments": [], "file_path": "/Users/aelaguiz/workspace/fc_book/audio/raws/YcLNDq4KKBE.mp3", "transcription": "{\"text\": \"You're talking about the hate. I was like, would I still get the hate? If I had something that was objectively true, like provably true, the earth is round. It's very easily provable the earth is round. Also, that we landed on the moon. It's very easy to prove we landed on the moon. It's not difficult at all. There's a retroreflector up there. You shine a light on it. It comes back in 2.2 seconds. How did that get there? It wasn't fucking magic. Neil Armstrong put it up there. When you come to these realizations that these things are easily provable, now I wanna test with something that's easily provable, am I still getting this hate? And I get even more hate. I get even more hate. Here's one of the funny things as a study they did with this. You know these people, these doomers, who believe the earth is going to end on January or July 21st, 2021 or 20, you know, you guys know what I'm talking about, right? My grandpa was one of those. There you go, the Y2K. A doomsday prepper. Doomsday prepper, the Y2K people or whatever. Whenever they have a set date that the world is gonna end and it doesn't end, they don't turn around and apologize. They never turn around and say, we were wrong. Do you know what they do? They push out the date. They're even more sure of their convictions even when they are objectively proved wrong. At Neil deGrasse Tyson has one of my favorite sayings. He says, you did not use logic or reason to get into this opinion. I cannot use logic or reason to get you out of it. And this is where you end up arguing with these people. It just lost. That's why my program, Men of Action, I don't, it's not for everyone. It's just for people who want to look at objective reality. That's why I love Ben Shapiro. Yeah, I mean, Ben Shapiro. Because he has people with facts. He does. I do like Ben Shapiro. He does, though, sometimes creep into faith-based arguments for things. And those aren't facts. Although I agree with most of his opinions, the guys who deal with facts are Michio Kaku. The guys who deal with facts are Richard Dawkins. The guys who deal with facts, like strictly deal with facts, are Neil deGrasse Tyson. The guys who deal with facts but also their emotion are guys like Jordan Peterson or Ben Shapiro. They're like, it's facts, but then it's like, here's my also Judeo-Christian ethics that I'm going to shove in with my facts that aren't exactly facts. I'm a Christian, so I choose to have beliefs about religion, but my beliefs are based on faith. They're not based on evidence. Does that make sense? Yes, of course. Yeah, so that's the difference where we get into that whole thing. I don't believe in God based on evidence. I believe in God based on my faith. Right, of course. But I can keep the thing separate. And if you guys are ever confused about that, read Einstein's belief in God. It's really interesting how he explains it. That's the way I believe in God. That sounds interesting. Yeah, but he calls it the God of physics. God put the four laws of motion into motion, which created the world that we're in, but he's not a deterministic type of existence. Anyway, sorry, way off subject here. You're good. All right, so you're doing this. The other thing I was going to say is, this is what I've noticed from a lot of girls who do OF, as soon as they buy their first house, dad and mom are okay. Yeah. Because their daughter's safe. I've seen this over and over. I had a cartload of champagne on here, and she was like, mom and dad were very judgmental. Then they saw the two Porsches I bought and then the house, and they were like, okay, everything's fine. I think parents can't fathom money coming in through online, and then once they see it, it's like a baseball hit him in the head. Yeah, for sure. It's kind of been like that with my mom too. First I was a trader, and now I have the performance coaching program, but I think it's a similar situation. \", \"segments\": [{\"id\": 0, \"seek\": 0, \"start\": 0.0, \"end\": 1.1200000047683716, \"text\": \" You're talking about the hate.\", \"tokens\": [50364, 509, 434, 1417, 466, 264, 4700, 13, 50420], \"temperature\": 0.0, \"avg_logprob\": -0.20294395089149475, \"compression_ratio\": 1.9250720739364624, \"no_speech_prob\": 0.07054157555103302}, {\"id\": 1, \"seek\": 0, \"start\": 1.1200000047683716, \"end\": 3.8399999141693115, \"text\": \" I was like, would I still get the hate?\", \"tokens\": [50420, 286, 390, 411, 11, 576, 286, 920, 483, 264, 4700, 30, 50556], \"temperature\": 0.0, \"avg_logprob\": -0.20294395089149475, \"compression_ratio\": 1.9250720739364624, \"no_speech_prob\": 0.07054157555103302}, {\"id\": 2, \"seek\": 0, \"start\": 3.8399999141693115, \"end\": 5.880000114440918, \"text\": \" If I had something that was objectively true,\", \"tokens\": [50556, 759, 286, 632, 746, 300, 390, 46067, 2074, 11, 50658], \"temperature\": 0.0, \"avg_logprob\": -0.20294395089149475, \"compression_ratio\": 1.9250720739364624, \"no_speech_prob\": 0.07054157555103302}, {\"id\": 3, \"seek\": 0, \"start\": 5.880000114440918, \"end\": 7.400000095367432, \"text\": \" like provably true, the earth is round.\", \"tokens\": [50658, 411, 1439, 1188, 2074, 11, 264, 4120, 307, 3098, 13, 50734], \"temperature\": 0.0, \"avg_logprob\": -0.20294395089149475, \"compression_ratio\": 1.9250720739364624, \"no_speech_prob\": 0.07054157555103302}, {\"id\": 4, \"seek\": 0, \"start\": 7.400000095367432, \"end\": 9.760000228881836, \"text\": \" It's very easily provable the earth is round.\", \"tokens\": [50734, 467, 311, 588, 3612, 1439, 712, 264, 4120, 307, 3098, 13, 50852], \"temperature\": 0.0, \"avg_logprob\": -0.20294395089149475, \"compression_ratio\": 1.9250720739364624, \"no_speech_prob\": 0.07054157555103302}, {\"id\": 5, \"seek\": 0, \"start\": 9.760000228881836, \"end\": 11.239999771118164, \"text\": \" Also, that we landed on the moon.\", \"tokens\": [50852, 2743, 11, 300, 321, 15336, 322, 264, 7135, 13, 50926], \"temperature\": 0.0, \"avg_logprob\": -0.20294395089149475, \"compression_ratio\": 1.9250720739364624, \"no_speech_prob\": 0.07054157555103302}, {\"id\": 6, \"seek\": 0, \"start\": 11.239999771118164, \"end\": 12.680000305175781, \"text\": \" It's very easy to prove we landed on the moon.\", \"tokens\": [50926, 467, 311, 588, 1858, 281, 7081, 321, 15336, 322, 264, 7135, 13, 50998], \"temperature\": 0.0, \"avg_logprob\": -0.20294395089149475, \"compression_ratio\": 1.9250720739364624, \"no_speech_prob\": 0.07054157555103302}, {\"id\": 7, \"seek\": 0, \"start\": 12.680000305175781, \"end\": 13.760000228881836, \"text\": \" It's not difficult at all.\", \"tokens\": [50998, 467, 311, 406, 2252, 412, 439, 13, 51052], \"temperature\": 0.0, \"avg_logprob\": -0.20294395089149475, \"compression_ratio\": 1.9250720739364624, \"no_speech_prob\": 0.07054157555103302}, {\"id\": 8, \"seek\": 0, \"start\": 13.760000228881836, \"end\": 14.920000076293945, \"text\": \" There's a retroreflector up there.\", \"tokens\": [51052, 821, 311, 257, 18820, 33115, 306, 1672, 493, 456, 13, 51110], \"temperature\": 0.0, \"avg_logprob\": -0.20294395089149475, \"compression_ratio\": 1.9250720739364624, \"no_speech_prob\": 0.07054157555103302}, {\"id\": 9, \"seek\": 0, \"start\": 14.920000076293945, \"end\": 15.760000228881836, \"text\": \" You shine a light on it.\", \"tokens\": [51110, 509, 12207, 257, 1442, 322, 309, 13, 51152], \"temperature\": 0.0, \"avg_logprob\": -0.20294395089149475, \"compression_ratio\": 1.9250720739364624, \"no_speech_prob\": 0.07054157555103302}, {\"id\": 10, \"seek\": 0, \"start\": 15.760000228881836, \"end\": 17.34000015258789, \"text\": \" It comes back in 2.2 seconds.\", \"tokens\": [51152, 467, 1487, 646, 294, 568, 13, 17, 3949, 13, 51231], \"temperature\": 0.0, \"avg_logprob\": -0.20294395089149475, \"compression_ratio\": 1.9250720739364624, \"no_speech_prob\": 0.07054157555103302}, {\"id\": 11, \"seek\": 0, \"start\": 17.34000015258789, \"end\": 18.18000030517578, \"text\": \" How did that get there?\", \"tokens\": [51231, 1012, 630, 300, 483, 456, 30, 51273], \"temperature\": 0.0, \"avg_logprob\": -0.20294395089149475, \"compression_ratio\": 1.9250720739364624, \"no_speech_prob\": 0.07054157555103302}, {\"id\": 12, \"seek\": 0, \"start\": 18.18000030517578, \"end\": 19.15999984741211, \"text\": \" It wasn't fucking magic.\", \"tokens\": [51273, 467, 2067, 380, 5546, 5585, 13, 51322], \"temperature\": 0.0, \"avg_logprob\": -0.20294395089149475, \"compression_ratio\": 1.9250720739364624, \"no_speech_prob\": 0.07054157555103302}, {\"id\": 13, \"seek\": 0, \"start\": 19.15999984741211, \"end\": 20.799999237060547, \"text\": \" Neil Armstrong put it up there.\", \"tokens\": [51322, 18615, 36100, 829, 309, 493, 456, 13, 51404], \"temperature\": 0.0, \"avg_logprob\": -0.20294395089149475, \"compression_ratio\": 1.9250720739364624, \"no_speech_prob\": 0.07054157555103302}, {\"id\": 14, \"seek\": 0, \"start\": 20.799999237060547, \"end\": 22.420000076293945, \"text\": \" When you come to these realizations\", \"tokens\": [51404, 1133, 291, 808, 281, 613, 957, 14455, 51485], \"temperature\": 0.0, \"avg_logprob\": -0.20294395089149475, \"compression_ratio\": 1.9250720739364624, \"no_speech_prob\": 0.07054157555103302}, {\"id\": 15, \"seek\": 0, \"start\": 22.420000076293945, \"end\": 23.760000228881836, \"text\": \" that these things are easily provable,\", \"tokens\": [51485, 300, 613, 721, 366, 3612, 1439, 712, 11, 51552], \"temperature\": 0.0, \"avg_logprob\": -0.20294395089149475, \"compression_ratio\": 1.9250720739364624, \"no_speech_prob\": 0.07054157555103302}, {\"id\": 16, \"seek\": 0, \"start\": 23.760000228881836, \"end\": 26.040000915527344, \"text\": \" now I wanna test with something that's easily provable,\", \"tokens\": [51552, 586, 286, 1948, 1500, 365, 746, 300, 311, 3612, 1439, 712, 11, 51666], \"temperature\": 0.0, \"avg_logprob\": -0.20294395089149475, \"compression_ratio\": 1.9250720739364624, \"no_speech_prob\": 0.07054157555103302}, {\"id\": 17, \"seek\": 0, \"start\": 26.040000915527344, \"end\": 27.239999771118164, \"text\": \" am I still getting this hate?\", \"tokens\": [51666, 669, 286, 920, 1242, 341, 4700, 30, 51726], \"temperature\": 0.0, \"avg_logprob\": -0.20294395089149475, \"compression_ratio\": 1.9250720739364624, \"no_speech_prob\": 0.07054157555103302}, {\"id\": 18, \"seek\": 0, \"start\": 27.239999771118164, \"end\": 28.920000076293945, \"text\": \" And I get even more hate.\", \"tokens\": [51726, 400, 286, 483, 754, 544, 4700, 13, 51810], \"temperature\": 0.0, \"avg_logprob\": -0.20294395089149475, \"compression_ratio\": 1.9250720739364624, \"no_speech_prob\": 0.07054157555103302}, {\"id\": 19, \"seek\": 2892, \"start\": 28.920000076293945, \"end\": 30.1200008392334, \"text\": \" I get even more hate.\", \"tokens\": [50364, 286, 483, 754, 544, 4700, 13, 50424], \"temperature\": 0.0, \"avg_logprob\": -0.27317219972610474, \"compression_ratio\": 1.7743902206420898, \"no_speech_prob\": 0.00041731222881935537}, {\"id\": 20, \"seek\": 2892, \"start\": 30.1200008392334, \"end\": 31.239999771118164, \"text\": \" Here's one of the funny things\", \"tokens\": [50424, 1692, 311, 472, 295, 264, 4074, 721, 50480], \"temperature\": 0.0, \"avg_logprob\": -0.27317219972610474, \"compression_ratio\": 1.7743902206420898, \"no_speech_prob\": 0.00041731222881935537}, {\"id\": 21, \"seek\": 2892, \"start\": 31.239999771118164, \"end\": 33.0, \"text\": \" as a study they did with this.\", \"tokens\": [50480, 382, 257, 2979, 436, 630, 365, 341, 13, 50568], \"temperature\": 0.0, \"avg_logprob\": -0.27317219972610474, \"compression_ratio\": 1.7743902206420898, \"no_speech_prob\": 0.00041731222881935537}, {\"id\": 22, \"seek\": 2892, \"start\": 33.0, \"end\": 34.599998474121094, \"text\": \" You know these people, these doomers,\", \"tokens\": [50568, 509, 458, 613, 561, 11, 613, 37131, 433, 11, 50648], \"temperature\": 0.0, \"avg_logprob\": -0.27317219972610474, \"compression_ratio\": 1.7743902206420898, \"no_speech_prob\": 0.00041731222881935537}, {\"id\": 23, \"seek\": 2892, \"start\": 34.599998474121094, \"end\": 37.720001220703125, \"text\": \" who believe the earth is going to end on January\", \"tokens\": [50648, 567, 1697, 264, 4120, 307, 516, 281, 917, 322, 7061, 50804], \"temperature\": 0.0, \"avg_logprob\": -0.27317219972610474, \"compression_ratio\": 1.7743902206420898, \"no_speech_prob\": 0.00041731222881935537}, {\"id\": 24, \"seek\": 2892, \"start\": 37.720001220703125, \"end\": 40.84000015258789, \"text\": \" or July 21st, 2021 or 20, you know,\", \"tokens\": [50804, 420, 7370, 5080, 372, 11, 7201, 420, 945, 11, 291, 458, 11, 50960], \"temperature\": 0.0, \"avg_logprob\": -0.27317219972610474, \"compression_ratio\": 1.7743902206420898, \"no_speech_prob\": 0.00041731222881935537}, {\"id\": 25, \"seek\": 2892, \"start\": 40.84000015258789, \"end\": 41.68000030517578, \"text\": \" you guys know what I'm talking about, right?\", \"tokens\": [50960, 291, 1074, 458, 437, 286, 478, 1417, 466, 11, 558, 30, 51002], \"temperature\": 0.0, \"avg_logprob\": -0.27317219972610474, \"compression_ratio\": 1.7743902206420898, \"no_speech_prob\": 0.00041731222881935537}, {\"id\": 26, \"seek\": 2892, \"start\": 41.68000030517578, \"end\": 42.52000045776367, \"text\": \" My grandpa was one of those.\", \"tokens\": [51002, 1222, 24129, 390, 472, 295, 729, 13, 51044], \"temperature\": 0.0, \"avg_logprob\": -0.27317219972610474, \"compression_ratio\": 1.7743902206420898, \"no_speech_prob\": 0.00041731222881935537}, {\"id\": 27, \"seek\": 2892, \"start\": 42.52000045776367, \"end\": 43.720001220703125, \"text\": \" There you go, the Y2K.\", \"tokens\": [51044, 821, 291, 352, 11, 264, 398, 17, 42, 13, 51104], \"temperature\": 0.0, \"avg_logprob\": -0.27317219972610474, \"compression_ratio\": 1.7743902206420898, \"no_speech_prob\": 0.00041731222881935537}, {\"id\": 28, \"seek\": 2892, \"start\": 43.720001220703125, \"end\": 44.720001220703125, \"text\": \" A doomsday prepper.\", \"tokens\": [51104, 316, 360, 4785, 810, 659, 3717, 13, 51154], \"temperature\": 0.0, \"avg_logprob\": -0.27317219972610474, \"compression_ratio\": 1.7743902206420898, \"no_speech_prob\": 0.00041731222881935537}, {\"id\": 29, \"seek\": 2892, \"start\": 44.720001220703125, \"end\": 47.20000076293945, \"text\": \" Doomsday prepper, the Y2K people or whatever.\", \"tokens\": [51154, 1144, 4785, 810, 659, 3717, 11, 264, 398, 17, 42, 561, 420, 2035, 13, 51278], \"temperature\": 0.0, \"avg_logprob\": -0.27317219972610474, \"compression_ratio\": 1.7743902206420898, \"no_speech_prob\": 0.00041731222881935537}, {\"id\": 30, \"seek\": 2892, \"start\": 47.20000076293945, \"end\": 49.2400016784668, \"text\": \" Whenever they have a set date\", \"tokens\": [51278, 14159, 436, 362, 257, 992, 4002, 51380], \"temperature\": 0.0, \"avg_logprob\": -0.27317219972610474, \"compression_ratio\": 1.7743902206420898, \"no_speech_prob\": 0.00041731222881935537}, {\"id\": 31, \"seek\": 2892, \"start\": 49.2400016784668, \"end\": 51.52000045776367, \"text\": \" that the world is gonna end and it doesn't end,\", \"tokens\": [51380, 300, 264, 1002, 307, 799, 917, 293, 309, 1177, 380, 917, 11, 51494], \"temperature\": 0.0, \"avg_logprob\": -0.27317219972610474, \"compression_ratio\": 1.7743902206420898, \"no_speech_prob\": 0.00041731222881935537}, {\"id\": 32, \"seek\": 2892, \"start\": 51.52000045776367, \"end\": 53.91999816894531, \"text\": \" they don't turn around and apologize.\", \"tokens\": [51494, 436, 500, 380, 1261, 926, 293, 12328, 13, 51614], \"temperature\": 0.0, \"avg_logprob\": -0.27317219972610474, \"compression_ratio\": 1.7743902206420898, \"no_speech_prob\": 0.00041731222881935537}, {\"id\": 33, \"seek\": 2892, \"start\": 53.91999816894531, \"end\": 56.119998931884766, \"text\": \" They never turn around and say, we were wrong.\", \"tokens\": [51614, 814, 1128, 1261, 926, 293, 584, 11, 321, 645, 2085, 13, 51724], \"temperature\": 0.0, \"avg_logprob\": -0.27317219972610474, \"compression_ratio\": 1.7743902206420898, \"no_speech_prob\": 0.00041731222881935537}, {\"id\": 34, \"seek\": 2892, \"start\": 56.119998931884766, \"end\": 57.0, \"text\": \" Do you know what they do?\", \"tokens\": [51724, 1144, 291, 458, 437, 436, 360, 30, 51768], \"temperature\": 0.0, \"avg_logprob\": -0.27317219972610474, \"compression_ratio\": 1.7743902206420898, \"no_speech_prob\": 0.00041731222881935537}, {\"id\": 35, \"seek\": 2892, \"start\": 57.0, \"end\": 58.08000183105469, \"text\": \" They push out the date.\", \"tokens\": [51768, 814, 2944, 484, 264, 4002, 13, 51822], \"temperature\": 0.0, \"avg_logprob\": -0.27317219972610474, \"compression_ratio\": 1.7743902206420898, \"no_speech_prob\": 0.00041731222881935537}, {\"id\": 36, \"seek\": 5808, \"start\": 58.720001220703125, \"end\": 61.79999923706055, \"text\": \" They're even more sure of their convictions\", \"tokens\": [50396, 814, 434, 754, 544, 988, 295, 641, 44757, 50550], \"temperature\": 0.0, \"avg_logprob\": -0.24421587586402893, \"compression_ratio\": 1.7835365533828735, \"no_speech_prob\": 0.00011591869406402111}, {\"id\": 37, \"seek\": 5808, \"start\": 61.79999923706055, \"end\": 64.31999969482422, \"text\": \" even when they are objectively proved wrong.\", \"tokens\": [50550, 754, 562, 436, 366, 46067, 14617, 2085, 13, 50676], \"temperature\": 0.0, \"avg_logprob\": -0.24421587586402893, \"compression_ratio\": 1.7835365533828735, \"no_speech_prob\": 0.00011591869406402111}, {\"id\": 38, \"seek\": 5808, \"start\": 64.31999969482422, \"end\": 66.4000015258789, \"text\": \" At Neil deGrasse Tyson has one of my favorite sayings.\", \"tokens\": [50676, 1711, 18615, 368, 38, 3906, 405, 43382, 575, 472, 295, 452, 2954, 584, 1109, 13, 50780], \"temperature\": 0.0, \"avg_logprob\": -0.24421587586402893, \"compression_ratio\": 1.7835365533828735, \"no_speech_prob\": 0.00011591869406402111}, {\"id\": 39, \"seek\": 5808, \"start\": 66.4000015258789, \"end\": 68.95999908447266, \"text\": \" He says, you did not use logic or reason\", \"tokens\": [50780, 634, 1619, 11, 291, 630, 406, 764, 9952, 420, 1778, 50908], \"temperature\": 0.0, \"avg_logprob\": -0.24421587586402893, \"compression_ratio\": 1.7835365533828735, \"no_speech_prob\": 0.00011591869406402111}, {\"id\": 40, \"seek\": 5808, \"start\": 68.95999908447266, \"end\": 70.55999755859375, \"text\": \" to get into this opinion.\", \"tokens\": [50908, 281, 483, 666, 341, 4800, 13, 50988], \"temperature\": 0.0, \"avg_logprob\": -0.24421587586402893, \"compression_ratio\": 1.7835365533828735, \"no_speech_prob\": 0.00011591869406402111}, {\"id\": 41, \"seek\": 5808, \"start\": 70.55999755859375, \"end\": 73.08000183105469, \"text\": \" I cannot use logic or reason to get you out of it.\", \"tokens\": [50988, 286, 2644, 764, 9952, 420, 1778, 281, 483, 291, 484, 295, 309, 13, 51114], \"temperature\": 0.0, \"avg_logprob\": -0.24421587586402893, \"compression_ratio\": 1.7835365533828735, \"no_speech_prob\": 0.00011591869406402111}, {\"id\": 42, \"seek\": 5808, \"start\": 73.08000183105469, \"end\": 75.04000091552734, \"text\": \" And this is where you end up arguing with these people.\", \"tokens\": [51114, 400, 341, 307, 689, 291, 917, 493, 19697, 365, 613, 561, 13, 51212], \"temperature\": 0.0, \"avg_logprob\": -0.24421587586402893, \"compression_ratio\": 1.7835365533828735, \"no_speech_prob\": 0.00011591869406402111}, {\"id\": 43, \"seek\": 5808, \"start\": 75.04000091552734, \"end\": 76.04000091552734, \"text\": \" It just lost.\", \"tokens\": [51212, 467, 445, 2731, 13, 51262], \"temperature\": 0.0, \"avg_logprob\": -0.24421587586402893, \"compression_ratio\": 1.7835365533828735, \"no_speech_prob\": 0.00011591869406402111}, {\"id\": 44, \"seek\": 5808, \"start\": 76.04000091552734, \"end\": 77.23999786376953, \"text\": \" That's why my program, Men of Action,\", \"tokens\": [51262, 663, 311, 983, 452, 1461, 11, 6685, 295, 16261, 11, 51322], \"temperature\": 0.0, \"avg_logprob\": -0.24421587586402893, \"compression_ratio\": 1.7835365533828735, \"no_speech_prob\": 0.00011591869406402111}, {\"id\": 45, \"seek\": 5808, \"start\": 77.23999786376953, \"end\": 78.4000015258789, \"text\": \" I don't, it's not for everyone.\", \"tokens\": [51322, 286, 500, 380, 11, 309, 311, 406, 337, 1518, 13, 51380], \"temperature\": 0.0, \"avg_logprob\": -0.24421587586402893, \"compression_ratio\": 1.7835365533828735, \"no_speech_prob\": 0.00011591869406402111}, {\"id\": 46, \"seek\": 5808, \"start\": 78.4000015258789, \"end\": 80.4800033569336, \"text\": \" It's just for people who want to look at objective reality.\", \"tokens\": [51380, 467, 311, 445, 337, 561, 567, 528, 281, 574, 412, 10024, 4103, 13, 51484], \"temperature\": 0.0, \"avg_logprob\": -0.24421587586402893, \"compression_ratio\": 1.7835365533828735, \"no_speech_prob\": 0.00011591869406402111}, {\"id\": 47, \"seek\": 5808, \"start\": 80.4800033569336, \"end\": 82.16000366210938, \"text\": \" That's why I love Ben Shapiro.\", \"tokens\": [51484, 663, 311, 983, 286, 959, 3964, 44160, 5182, 13, 51568], \"temperature\": 0.0, \"avg_logprob\": -0.24421587586402893, \"compression_ratio\": 1.7835365533828735, \"no_speech_prob\": 0.00011591869406402111}, {\"id\": 48, \"seek\": 5808, \"start\": 82.16000366210938, \"end\": 83.0, \"text\": \" Yeah, I mean, Ben Shapiro.\", \"tokens\": [51568, 865, 11, 286, 914, 11, 3964, 44160, 5182, 13, 51610], \"temperature\": 0.0, \"avg_logprob\": -0.24421587586402893, \"compression_ratio\": 1.7835365533828735, \"no_speech_prob\": 0.00011591869406402111}, {\"id\": 49, \"seek\": 5808, \"start\": 83.0, \"end\": 84.44000244140625, \"text\": \" Because he has people with facts.\", \"tokens\": [51610, 1436, 415, 575, 561, 365, 9130, 13, 51682], \"temperature\": 0.0, \"avg_logprob\": -0.24421587586402893, \"compression_ratio\": 1.7835365533828735, \"no_speech_prob\": 0.00011591869406402111}, {\"id\": 50, \"seek\": 5808, \"start\": 84.44000244140625, \"end\": 85.27999877929688, \"text\": \" He does.\", \"tokens\": [51682, 634, 775, 13, 51724], \"temperature\": 0.0, \"avg_logprob\": -0.24421587586402893, \"compression_ratio\": 1.7835365533828735, \"no_speech_prob\": 0.00011591869406402111}, {\"id\": 51, \"seek\": 5808, \"start\": 85.27999877929688, \"end\": 86.27999877929688, \"text\": \" I do like Ben Shapiro.\", \"tokens\": [51724, 286, 360, 411, 3964, 44160, 5182, 13, 51774], \"temperature\": 0.0, \"avg_logprob\": -0.24421587586402893, \"compression_ratio\": 1.7835365533828735, \"no_speech_prob\": 0.00011591869406402111}, {\"id\": 52, \"seek\": 8628, \"start\": 86.36000061035156, \"end\": 88.16000366210938, \"text\": \" He does, though, sometimes creep\", \"tokens\": [50368, 634, 775, 11, 1673, 11, 2171, 9626, 50458], \"temperature\": 0.0, \"avg_logprob\": -0.24921026825904846, \"compression_ratio\": 1.9096989631652832, \"no_speech_prob\": 0.011868138797581196}, {\"id\": 53, \"seek\": 8628, \"start\": 88.16000366210938, \"end\": 91.0, \"text\": \" into faith-based arguments for things.\", \"tokens\": [50458, 666, 4522, 12, 6032, 12869, 337, 721, 13, 50600], \"temperature\": 0.0, \"avg_logprob\": -0.24921026825904846, \"compression_ratio\": 1.9096989631652832, \"no_speech_prob\": 0.011868138797581196}, {\"id\": 54, \"seek\": 8628, \"start\": 91.0, \"end\": 92.16000366210938, \"text\": \" And those aren't facts.\", \"tokens\": [50600, 400, 729, 3212, 380, 9130, 13, 50658], \"temperature\": 0.0, \"avg_logprob\": -0.24921026825904846, \"compression_ratio\": 1.9096989631652832, \"no_speech_prob\": 0.011868138797581196}, {\"id\": 55, \"seek\": 8628, \"start\": 92.16000366210938, \"end\": 95.31999969482422, \"text\": \" Although I agree with most of his opinions,\", \"tokens\": [50658, 5780, 286, 3986, 365, 881, 295, 702, 11819, 11, 50816], \"temperature\": 0.0, \"avg_logprob\": -0.24921026825904846, \"compression_ratio\": 1.9096989631652832, \"no_speech_prob\": 0.011868138797581196}, {\"id\": 56, \"seek\": 8628, \"start\": 95.31999969482422, \"end\": 96.91999816894531, \"text\": \" the guys who deal with facts are Michio Kaku.\", \"tokens\": [50816, 264, 1074, 567, 2028, 365, 9130, 366, 3392, 1004, 591, 15803, 13, 50896], \"temperature\": 0.0, \"avg_logprob\": -0.24921026825904846, \"compression_ratio\": 1.9096989631652832, \"no_speech_prob\": 0.011868138797581196}, {\"id\": 57, \"seek\": 8628, \"start\": 96.91999816894531, \"end\": 98.27999877929688, \"text\": \" The guys who deal with facts are Richard Dawkins.\", \"tokens\": [50896, 440, 1074, 567, 2028, 365, 9130, 366, 9809, 28407, 10277, 13, 50964], \"temperature\": 0.0, \"avg_logprob\": -0.24921026825904846, \"compression_ratio\": 1.9096989631652832, \"no_speech_prob\": 0.011868138797581196}, {\"id\": 58, \"seek\": 8628, \"start\": 98.27999877929688, \"end\": 99.23999786376953, \"text\": \" The guys who deal with facts,\", \"tokens\": [50964, 440, 1074, 567, 2028, 365, 9130, 11, 51012], \"temperature\": 0.0, \"avg_logprob\": -0.24921026825904846, \"compression_ratio\": 1.9096989631652832, \"no_speech_prob\": 0.011868138797581196}, {\"id\": 59, \"seek\": 8628, \"start\": 99.23999786376953, \"end\": 101.87999725341797, \"text\": \" like strictly deal with facts, are Neil deGrasse Tyson.\", \"tokens\": [51012, 411, 20792, 2028, 365, 9130, 11, 366, 18615, 368, 38, 3906, 405, 43382, 13, 51144], \"temperature\": 0.0, \"avg_logprob\": -0.24921026825904846, \"compression_ratio\": 1.9096989631652832, \"no_speech_prob\": 0.011868138797581196}, {\"id\": 60, \"seek\": 8628, \"start\": 101.87999725341797, \"end\": 103.87999725341797, \"text\": \" The guys who deal with facts but also their emotion\", \"tokens\": [51144, 440, 1074, 567, 2028, 365, 9130, 457, 611, 641, 8913, 51244], \"temperature\": 0.0, \"avg_logprob\": -0.24921026825904846, \"compression_ratio\": 1.9096989631652832, \"no_speech_prob\": 0.011868138797581196}, {\"id\": 61, \"seek\": 8628, \"start\": 103.87999725341797, \"end\": 107.55999755859375, \"text\": \" are guys like Jordan Peterson or Ben Shapiro.\", \"tokens\": [51244, 366, 1074, 411, 10979, 36943, 420, 3964, 44160, 5182, 13, 51428], \"temperature\": 0.0, \"avg_logprob\": -0.24921026825904846, \"compression_ratio\": 1.9096989631652832, \"no_speech_prob\": 0.011868138797581196}, {\"id\": 62, \"seek\": 8628, \"start\": 107.55999755859375, \"end\": 108.87999725341797, \"text\": \" They're like, it's facts, but then it's like,\", \"tokens\": [51428, 814, 434, 411, 11, 309, 311, 9130, 11, 457, 550, 309, 311, 411, 11, 51494], \"temperature\": 0.0, \"avg_logprob\": -0.24921026825904846, \"compression_ratio\": 1.9096989631652832, \"no_speech_prob\": 0.011868138797581196}, {\"id\": 63, \"seek\": 8628, \"start\": 108.87999725341797, \"end\": 110.83999633789062, \"text\": \" here's my also Judeo-Christian ethics\", \"tokens\": [51494, 510, 311, 452, 611, 36521, 78, 12, 46580, 19769, 51592], \"temperature\": 0.0, \"avg_logprob\": -0.24921026825904846, \"compression_ratio\": 1.9096989631652832, \"no_speech_prob\": 0.011868138797581196}, {\"id\": 64, \"seek\": 8628, \"start\": 110.83999633789062, \"end\": 113.23999786376953, \"text\": \" that I'm going to shove in with my facts\", \"tokens\": [51592, 300, 286, 478, 516, 281, 35648, 294, 365, 452, 9130, 51712], \"temperature\": 0.0, \"avg_logprob\": -0.24921026825904846, \"compression_ratio\": 1.9096989631652832, \"no_speech_prob\": 0.011868138797581196}, {\"id\": 65, \"seek\": 8628, \"start\": 113.23999786376953, \"end\": 115.5999984741211, \"text\": \" that aren't exactly facts.\", \"tokens\": [51712, 300, 3212, 380, 2293, 9130, 13, 51830], \"temperature\": 0.0, \"avg_logprob\": -0.24921026825904846, \"compression_ratio\": 1.9096989631652832, \"no_speech_prob\": 0.011868138797581196}, {\"id\": 66, \"seek\": 11560, \"start\": 115.63999938964844, \"end\": 118.27999877929688, \"text\": \" I'm a Christian, so I choose to have beliefs about religion,\", \"tokens\": [50366, 286, 478, 257, 5778, 11, 370, 286, 2826, 281, 362, 13585, 466, 7561, 11, 50498], \"temperature\": 0.0, \"avg_logprob\": -0.22753526270389557, \"compression_ratio\": 1.8788732290267944, \"no_speech_prob\": 0.00400719465687871}, {\"id\": 67, \"seek\": 11560, \"start\": 118.27999877929688, \"end\": 119.72000122070312, \"text\": \" but my beliefs are based on faith.\", \"tokens\": [50498, 457, 452, 13585, 366, 2361, 322, 4522, 13, 50570], \"temperature\": 0.0, \"avg_logprob\": -0.22753526270389557, \"compression_ratio\": 1.8788732290267944, \"no_speech_prob\": 0.00400719465687871}, {\"id\": 68, \"seek\": 11560, \"start\": 119.72000122070312, \"end\": 120.80000305175781, \"text\": \" They're not based on evidence.\", \"tokens\": [50570, 814, 434, 406, 2361, 322, 4467, 13, 50624], \"temperature\": 0.0, \"avg_logprob\": -0.22753526270389557, \"compression_ratio\": 1.8788732290267944, \"no_speech_prob\": 0.00400719465687871}, {\"id\": 69, \"seek\": 11560, \"start\": 120.80000305175781, \"end\": 121.63999938964844, \"text\": \" Does that make sense?\", \"tokens\": [50624, 4402, 300, 652, 2020, 30, 50666], \"temperature\": 0.0, \"avg_logprob\": -0.22753526270389557, \"compression_ratio\": 1.8788732290267944, \"no_speech_prob\": 0.00400719465687871}, {\"id\": 70, \"seek\": 11560, \"start\": 121.63999938964844, \"end\": 122.4800033569336, \"text\": \" Yes, of course.\", \"tokens\": [50666, 1079, 11, 295, 1164, 13, 50708], \"temperature\": 0.0, \"avg_logprob\": -0.22753526270389557, \"compression_ratio\": 1.8788732290267944, \"no_speech_prob\": 0.00400719465687871}, {\"id\": 71, \"seek\": 11560, \"start\": 122.4800033569336, \"end\": 123.36000061035156, \"text\": \" Yeah, so that's the difference\", \"tokens\": [50708, 865, 11, 370, 300, 311, 264, 2649, 50752], \"temperature\": 0.0, \"avg_logprob\": -0.22753526270389557, \"compression_ratio\": 1.8788732290267944, \"no_speech_prob\": 0.00400719465687871}, {\"id\": 72, \"seek\": 11560, \"start\": 123.36000061035156, \"end\": 124.31999969482422, \"text\": \" where we get into that whole thing.\", \"tokens\": [50752, 689, 321, 483, 666, 300, 1379, 551, 13, 50800], \"temperature\": 0.0, \"avg_logprob\": -0.22753526270389557, \"compression_ratio\": 1.8788732290267944, \"no_speech_prob\": 0.00400719465687871}, {\"id\": 73, \"seek\": 11560, \"start\": 124.31999969482422, \"end\": 126.12000274658203, \"text\": \" I don't believe in God based on evidence.\", \"tokens\": [50800, 286, 500, 380, 1697, 294, 1265, 2361, 322, 4467, 13, 50890], \"temperature\": 0.0, \"avg_logprob\": -0.22753526270389557, \"compression_ratio\": 1.8788732290267944, \"no_speech_prob\": 0.00400719465687871}, {\"id\": 74, \"seek\": 11560, \"start\": 126.12000274658203, \"end\": 127.83999633789062, \"text\": \" I believe in God based on my faith.\", \"tokens\": [50890, 286, 1697, 294, 1265, 2361, 322, 452, 4522, 13, 50976], \"temperature\": 0.0, \"avg_logprob\": -0.22753526270389557, \"compression_ratio\": 1.8788732290267944, \"no_speech_prob\": 0.00400719465687871}, {\"id\": 75, \"seek\": 11560, \"start\": 127.83999633789062, \"end\": 128.67999267578125, \"text\": \" Right, of course.\", \"tokens\": [50976, 1779, 11, 295, 1164, 13, 51018], \"temperature\": 0.0, \"avg_logprob\": -0.22753526270389557, \"compression_ratio\": 1.8788732290267944, \"no_speech_prob\": 0.00400719465687871}, {\"id\": 76, \"seek\": 11560, \"start\": 128.67999267578125, \"end\": 130.1199951171875, \"text\": \" But I can keep the thing separate.\", \"tokens\": [51018, 583, 286, 393, 1066, 264, 551, 4994, 13, 51090], \"temperature\": 0.0, \"avg_logprob\": -0.22753526270389557, \"compression_ratio\": 1.8788732290267944, \"no_speech_prob\": 0.00400719465687871}, {\"id\": 77, \"seek\": 11560, \"start\": 130.1199951171875, \"end\": 131.8800048828125, \"text\": \" And if you guys are ever confused about that,\", \"tokens\": [51090, 400, 498, 291, 1074, 366, 1562, 9019, 466, 300, 11, 51178], \"temperature\": 0.0, \"avg_logprob\": -0.22753526270389557, \"compression_ratio\": 1.8788732290267944, \"no_speech_prob\": 0.00400719465687871}, {\"id\": 78, \"seek\": 11560, \"start\": 131.8800048828125, \"end\": 133.39999389648438, \"text\": \" read Einstein's belief in God.\", \"tokens\": [51178, 1401, 23486, 311, 7107, 294, 1265, 13, 51254], \"temperature\": 0.0, \"avg_logprob\": -0.22753526270389557, \"compression_ratio\": 1.8788732290267944, \"no_speech_prob\": 0.00400719465687871}, {\"id\": 79, \"seek\": 11560, \"start\": 133.39999389648438, \"end\": 135.52000427246094, \"text\": \" It's really interesting how he explains it.\", \"tokens\": [51254, 467, 311, 534, 1880, 577, 415, 13948, 309, 13, 51360], \"temperature\": 0.0, \"avg_logprob\": -0.22753526270389557, \"compression_ratio\": 1.8788732290267944, \"no_speech_prob\": 0.00400719465687871}, {\"id\": 80, \"seek\": 11560, \"start\": 135.52000427246094, \"end\": 136.67999267578125, \"text\": \" That's the way I believe in God.\", \"tokens\": [51360, 663, 311, 264, 636, 286, 1697, 294, 1265, 13, 51418], \"temperature\": 0.0, \"avg_logprob\": -0.22753526270389557, \"compression_ratio\": 1.8788732290267944, \"no_speech_prob\": 0.00400719465687871}, {\"id\": 81, \"seek\": 11560, \"start\": 136.67999267578125, \"end\": 137.52000427246094, \"text\": \" That sounds interesting.\", \"tokens\": [51418, 663, 3263, 1880, 13, 51460], \"temperature\": 0.0, \"avg_logprob\": -0.22753526270389557, \"compression_ratio\": 1.8788732290267944, \"no_speech_prob\": 0.00400719465687871}, {\"id\": 82, \"seek\": 11560, \"start\": 137.52000427246094, \"end\": 139.52000427246094, \"text\": \" Yeah, but he calls it the God of physics.\", \"tokens\": [51460, 865, 11, 457, 415, 5498, 309, 264, 1265, 295, 10649, 13, 51560], \"temperature\": 0.0, \"avg_logprob\": -0.22753526270389557, \"compression_ratio\": 1.8788732290267944, \"no_speech_prob\": 0.00400719465687871}, {\"id\": 83, \"seek\": 11560, \"start\": 139.52000427246094, \"end\": 142.36000061035156, \"text\": \" God put the four laws of motion into motion,\", \"tokens\": [51560, 1265, 829, 264, 1451, 6064, 295, 5394, 666, 5394, 11, 51702], \"temperature\": 0.0, \"avg_logprob\": -0.22753526270389557, \"compression_ratio\": 1.8788732290267944, \"no_speech_prob\": 0.00400719465687871}, {\"id\": 84, \"seek\": 11560, \"start\": 142.36000061035156, \"end\": 144.0399932861328, \"text\": \" which created the world that we're in,\", \"tokens\": [51702, 597, 2942, 264, 1002, 300, 321, 434, 294, 11, 51786], \"temperature\": 0.0, \"avg_logprob\": -0.22753526270389557, \"compression_ratio\": 1.8788732290267944, \"no_speech_prob\": 0.00400719465687871}, {\"id\": 85, \"seek\": 14404, \"start\": 144.0399932861328, \"end\": 147.32000732421875, \"text\": \" but he's not a deterministic type of existence.\", \"tokens\": [50364, 457, 415, 311, 406, 257, 15957, 3142, 2010, 295, 9123, 13, 50528], \"temperature\": 0.0, \"avg_logprob\": -0.27753815054893494, \"compression_ratio\": 1.692307710647583, \"no_speech_prob\": 0.009708129800856113}, {\"id\": 86, \"seek\": 14404, \"start\": 147.32000732421875, \"end\": 149.36000061035156, \"text\": \" Anyway, sorry, way off subject here.\", \"tokens\": [50528, 5684, 11, 2597, 11, 636, 766, 3983, 510, 13, 50630], \"temperature\": 0.0, \"avg_logprob\": -0.27753815054893494, \"compression_ratio\": 1.692307710647583, \"no_speech_prob\": 0.009708129800856113}, {\"id\": 87, \"seek\": 14404, \"start\": 149.36000061035156, \"end\": 150.83999633789062, \"text\": \" You're good.\", \"tokens\": [50630, 509, 434, 665, 13, 50704], \"temperature\": 0.0, \"avg_logprob\": -0.27753815054893494, \"compression_ratio\": 1.692307710647583, \"no_speech_prob\": 0.009708129800856113}, {\"id\": 88, \"seek\": 14404, \"start\": 150.83999633789062, \"end\": 152.9199981689453, \"text\": \" All right, so you're doing this.\", \"tokens\": [50704, 1057, 558, 11, 370, 291, 434, 884, 341, 13, 50808], \"temperature\": 0.0, \"avg_logprob\": -0.27753815054893494, \"compression_ratio\": 1.692307710647583, \"no_speech_prob\": 0.009708129800856113}, {\"id\": 89, \"seek\": 14404, \"start\": 152.9199981689453, \"end\": 154.63999938964844, \"text\": \" The other thing I was going to say is,\", \"tokens\": [50808, 440, 661, 551, 286, 390, 516, 281, 584, 307, 11, 50894], \"temperature\": 0.0, \"avg_logprob\": -0.27753815054893494, \"compression_ratio\": 1.692307710647583, \"no_speech_prob\": 0.009708129800856113}, {\"id\": 90, \"seek\": 14404, \"start\": 154.63999938964844, \"end\": 156.9600067138672, \"text\": \" this is what I've noticed from a lot of girls who do OF,\", \"tokens\": [50894, 341, 307, 437, 286, 600, 5694, 490, 257, 688, 295, 4519, 567, 360, 11944, 11, 51010], \"temperature\": 0.0, \"avg_logprob\": -0.27753815054893494, \"compression_ratio\": 1.692307710647583, \"no_speech_prob\": 0.009708129800856113}, {\"id\": 91, \"seek\": 14404, \"start\": 156.9600067138672, \"end\": 158.75999450683594, \"text\": \" as soon as they buy their first house,\", \"tokens\": [51010, 382, 2321, 382, 436, 2256, 641, 700, 1782, 11, 51100], \"temperature\": 0.0, \"avg_logprob\": -0.27753815054893494, \"compression_ratio\": 1.692307710647583, \"no_speech_prob\": 0.009708129800856113}, {\"id\": 92, \"seek\": 14404, \"start\": 158.75999450683594, \"end\": 160.16000366210938, \"text\": \" dad and mom are okay.\", \"tokens\": [51100, 3546, 293, 1225, 366, 1392, 13, 51170], \"temperature\": 0.0, \"avg_logprob\": -0.27753815054893494, \"compression_ratio\": 1.692307710647583, \"no_speech_prob\": 0.009708129800856113}, {\"id\": 93, \"seek\": 14404, \"start\": 160.16000366210938, \"end\": 161.0, \"text\": \" Yeah.\", \"tokens\": [51170, 865, 13, 51212], \"temperature\": 0.0, \"avg_logprob\": -0.27753815054893494, \"compression_ratio\": 1.692307710647583, \"no_speech_prob\": 0.009708129800856113}, {\"id\": 94, \"seek\": 14404, \"start\": 161.0, \"end\": 162.16000366210938, \"text\": \" Because their daughter's safe.\", \"tokens\": [51212, 1436, 641, 4653, 311, 3273, 13, 51270], \"temperature\": 0.0, \"avg_logprob\": -0.27753815054893494, \"compression_ratio\": 1.692307710647583, \"no_speech_prob\": 0.009708129800856113}, {\"id\": 95, \"seek\": 14404, \"start\": 162.16000366210938, \"end\": 163.24000549316406, \"text\": \" I've seen this over and over.\", \"tokens\": [51270, 286, 600, 1612, 341, 670, 293, 670, 13, 51324], \"temperature\": 0.0, \"avg_logprob\": -0.27753815054893494, \"compression_ratio\": 1.692307710647583, \"no_speech_prob\": 0.009708129800856113}, {\"id\": 96, \"seek\": 14404, \"start\": 163.24000549316406, \"end\": 164.39999389648438, \"text\": \" I had a cartload of champagne on here,\", \"tokens\": [51324, 286, 632, 257, 5467, 2907, 295, 33336, 322, 510, 11, 51382], \"temperature\": 0.0, \"avg_logprob\": -0.27753815054893494, \"compression_ratio\": 1.692307710647583, \"no_speech_prob\": 0.009708129800856113}, {\"id\": 97, \"seek\": 14404, \"start\": 164.39999389648438, \"end\": 166.67999267578125, \"text\": \" and she was like, mom and dad were very judgmental.\", \"tokens\": [51382, 293, 750, 390, 411, 11, 1225, 293, 3546, 645, 588, 12216, 304, 13, 51496], \"temperature\": 0.0, \"avg_logprob\": -0.27753815054893494, \"compression_ratio\": 1.692307710647583, \"no_speech_prob\": 0.009708129800856113}, {\"id\": 98, \"seek\": 14404, \"start\": 166.67999267578125, \"end\": 170.52000427246094, \"text\": \" Then they saw the two Porsches I bought and then the house,\", \"tokens\": [51496, 1396, 436, 1866, 264, 732, 29416, 3781, 286, 4243, 293, 550, 264, 1782, 11, 51688], \"temperature\": 0.0, \"avg_logprob\": -0.27753815054893494, \"compression_ratio\": 1.692307710647583, \"no_speech_prob\": 0.009708129800856113}, {\"id\": 99, \"seek\": 14404, \"start\": 170.52000427246094, \"end\": 171.9199981689453, \"text\": \" and they were like, okay, everything's fine.\", \"tokens\": [51688, 293, 436, 645, 411, 11, 1392, 11, 1203, 311, 2489, 13, 51758], \"temperature\": 0.0, \"avg_logprob\": -0.27753815054893494, \"compression_ratio\": 1.692307710647583, \"no_speech_prob\": 0.009708129800856113}, {\"id\": 100, \"seek\": 17192, \"start\": 171.9600067138672, \"end\": 174.9600067138672, \"text\": \" I think parents can't fathom money coming in through online,\", \"tokens\": [50366, 286, 519, 3152, 393, 380, 283, 998, 298, 1460, 1348, 294, 807, 2950, 11, 50516], \"temperature\": 0.0, \"avg_logprob\": -0.31251823902130127, \"compression_ratio\": 1.5025125741958618, \"no_speech_prob\": 0.14602701365947723}, {\"id\": 101, \"seek\": 17192, \"start\": 174.9600067138672, \"end\": 175.8000030517578, \"text\": \" and then once they see it,\", \"tokens\": [50516, 293, 550, 1564, 436, 536, 309, 11, 50558], \"temperature\": 0.0, \"avg_logprob\": -0.31251823902130127, \"compression_ratio\": 1.5025125741958618, \"no_speech_prob\": 0.14602701365947723}, {\"id\": 102, \"seek\": 17192, \"start\": 175.8000030517578, \"end\": 177.60000610351562, \"text\": \" it's like a baseball hit him in the head.\", \"tokens\": [50558, 309, 311, 411, 257, 14323, 2045, 796, 294, 264, 1378, 13, 50648], \"temperature\": 0.0, \"avg_logprob\": -0.31251823902130127, \"compression_ratio\": 1.5025125741958618, \"no_speech_prob\": 0.14602701365947723}, {\"id\": 103, \"seek\": 17192, \"start\": 177.60000610351562, \"end\": 178.44000244140625, \"text\": \" Yeah, for sure.\", \"tokens\": [50648, 865, 11, 337, 988, 13, 50690], \"temperature\": 0.0, \"avg_logprob\": -0.31251823902130127, \"compression_ratio\": 1.5025125741958618, \"no_speech_prob\": 0.14602701365947723}, {\"id\": 104, \"seek\": 17192, \"start\": 178.44000244140625, \"end\": 180.47999572753906, \"text\": \" It's kind of been like that with my mom too.\", \"tokens\": [50690, 467, 311, 733, 295, 668, 411, 300, 365, 452, 1225, 886, 13, 50792], \"temperature\": 0.0, \"avg_logprob\": -0.31251823902130127, \"compression_ratio\": 1.5025125741958618, \"no_speech_prob\": 0.14602701365947723}, {\"id\": 105, \"seek\": 17192, \"start\": 180.47999572753906, \"end\": 181.32000732421875, \"text\": \" First I was a trader,\", \"tokens\": [50792, 2386, 286, 390, 257, 31961, 11, 50834], \"temperature\": 0.0, \"avg_logprob\": -0.31251823902130127, \"compression_ratio\": 1.5025125741958618, \"no_speech_prob\": 0.14602701365947723}, {\"id\": 106, \"seek\": 17192, \"start\": 181.32000732421875, \"end\": 182.60000610351562, \"text\": \" and now I have the performance coaching program,\", \"tokens\": [50834, 293, 586, 286, 362, 264, 3389, 15818, 1461, 11, 50898], \"temperature\": 0.0, \"avg_logprob\": -0.31251823902130127, \"compression_ratio\": 1.5025125741958618, \"no_speech_prob\": 0.14602701365947723}, {\"id\": 107, \"seek\": 17192, \"start\": 182.60000610351562, \"end\": 185.1999969482422, \"text\": \" but I think it's a similar situation.\", \"tokens\": [50898, 457, 286, 519, 309, 311, 257, 2531, 2590, 13, 51028], \"temperature\": 0.0, \"avg_logprob\": -0.31251823902130127, \"compression_ratio\": 1.5025125741958618, \"no_speech_prob\": 0.14602701365947723}]}"}