{"title": "You Should be a Monster and Learn How to Control It", "video_id": "z5uzsIL7W3U", "video_url": "https://www.youtube.com/watch?v=z5uzsIL7W3U", "description": "Ready to build a network of amazing women and high-status men?\n\nMichael\u2019s Men of Action is a one-on-one Master\u2019s program that teaches men how to create elite social lives by becoming higher status.\n\nClick this link to learn how you can have a High-Status lifestyle now:\nhttps://m.moamentoring.com/podcast\n\nClick here to join the Men of Action community and watch the High-Status Networking 101 course:\nhttps://m.moamentoring.com/moa-community\n\u2014\u2014\u2014\u2014\u2014\u2014\u2014\u2014\u2014\u2014\u2014\u2014\u2014\u2014\u2014\u2014\u2014\u2014\u2014\u2014\n\nSubscribe on Youtube: \nhttps://www.youtube.com/user/MichaelSartain\n\nListen on Apple Podcast: \nhttps://podcasts.apple.com/us/podcast/the-michael-sartain-podcast/id1579791157\n\nListen on Spotify: \nhttps://open.spotify.com/show/2faAYwvDD9Bvkpwv6umlPO?si=8Q3ak9HnSlKjuChsTXr6YQ&dl_branch=1", "published_at": "2023-05-16T14:30:24Z", "channel_id": "UC0T1bDzajVefRWx4uKdGyuw", "channel_title": "Michael Sartain", "tags": [], "category_id": "24", "live_broadcast_content": "none", "duration": 55.0, "dimension": "2d", "definition": "hd", "caption": "false", "view_count": 1229, "like_count": 72, "comment_count": 1, "channel_info": {"title": "Michael Sartain", "description": "\ud83c\udf99Host of The\u00a0Michael Sartain Podcast \n\n\ud83d\udd25Teaching you how to build a network of desirable women and high-status men\n\n\ud83d\udc47 Click the \"Men of Action\" link below now to forge a high-status lifestyle and join the elites \n", "subscriber_count": "80500", "total_views": "29545897", "total_videos": "1481"}, "comments": [], "file_path": "/Users/aelaguiz/workspace/fc_book/audio/raws/z5uzsIL7W3U.mp3", "transcription": "{\"text\": \"He doesn't want you to cheat. But if you act like you could never cheat, like you are too fat or too lazy to even have the ability to, I think you're in trouble. And I don't think you should fight. Wes Watson came on here. He's like, I am a peaceful man because I can conduct massive amounts of violence and choose not to. You are not a peaceful man because you have string arms and kick a hockey sack and choose to be peaceful. I am the one who is peaceful. I agree with that. I served with a bunch of very, very, who otherwise would have been violent individuals in the military and these people chose to be peaceful. You're also not a good man just because you're not capable of violence. I've trained that stuff my whole life. And like I said, I've been, that's the reason to be big and strong. It's the reason to do training. Just because you're not capable doesn't make you a good man. And in regards to cheating, it's actually the same thing. Just because you can't cheat doesn't make you loyal. So let's cut the bull. There's a bunch of women out there who legitimately think their man is loyal. No, their man lives in Des Moines and has no options. That's essentially what's happening. Put your man on Charing Cross next to the Playboy Mansion and then let's see. \", \"segments\": [{\"id\": 0, \"seek\": 0, \"start\": 0.0, \"end\": 1.0, \"text\": \" He doesn't want you to cheat.\", \"tokens\": [50364, 634, 1177, 380, 528, 291, 281, 17470, 13, 50414], \"temperature\": 0.0, \"avg_logprob\": -0.22424151003360748, \"compression_ratio\": 1.8563218116760254, \"no_speech_prob\": 0.0420534722507}, {\"id\": 1, \"seek\": 0, \"start\": 1.0, \"end\": 3.0799999237060547, \"text\": \" But if you act like you could never cheat,\", \"tokens\": [50414, 583, 498, 291, 605, 411, 291, 727, 1128, 17470, 11, 50518], \"temperature\": 0.0, \"avg_logprob\": -0.22424151003360748, \"compression_ratio\": 1.8563218116760254, \"no_speech_prob\": 0.0420534722507}, {\"id\": 2, \"seek\": 0, \"start\": 3.0799999237060547, \"end\": 5.079999923706055, \"text\": \" like you are too fat or too lazy\", \"tokens\": [50518, 411, 291, 366, 886, 4046, 420, 886, 14847, 50618], \"temperature\": 0.0, \"avg_logprob\": -0.22424151003360748, \"compression_ratio\": 1.8563218116760254, \"no_speech_prob\": 0.0420534722507}, {\"id\": 3, \"seek\": 0, \"start\": 5.079999923706055, \"end\": 7.119999885559082, \"text\": \" to even have the ability to, I think you're in trouble.\", \"tokens\": [50618, 281, 754, 362, 264, 3485, 281, 11, 286, 519, 291, 434, 294, 5253, 13, 50720], \"temperature\": 0.0, \"avg_logprob\": -0.22424151003360748, \"compression_ratio\": 1.8563218116760254, \"no_speech_prob\": 0.0420534722507}, {\"id\": 4, \"seek\": 0, \"start\": 7.119999885559082, \"end\": 8.399999618530273, \"text\": \" And I don't think you should fight.\", \"tokens\": [50720, 400, 286, 500, 380, 519, 291, 820, 2092, 13, 50784], \"temperature\": 0.0, \"avg_logprob\": -0.22424151003360748, \"compression_ratio\": 1.8563218116760254, \"no_speech_prob\": 0.0420534722507}, {\"id\": 5, \"seek\": 0, \"start\": 8.399999618530273, \"end\": 9.479999542236328, \"text\": \" Wes Watson came on here.\", \"tokens\": [50784, 23843, 25640, 1361, 322, 510, 13, 50838], \"temperature\": 0.0, \"avg_logprob\": -0.22424151003360748, \"compression_ratio\": 1.8563218116760254, \"no_speech_prob\": 0.0420534722507}, {\"id\": 6, \"seek\": 0, \"start\": 9.479999542236328, \"end\": 10.960000038146973, \"text\": \" He's like, I am a peaceful man\", \"tokens\": [50838, 634, 311, 411, 11, 286, 669, 257, 13962, 587, 50912], \"temperature\": 0.0, \"avg_logprob\": -0.22424151003360748, \"compression_ratio\": 1.8563218116760254, \"no_speech_prob\": 0.0420534722507}, {\"id\": 7, \"seek\": 0, \"start\": 10.960000038146973, \"end\": 13.600000381469727, \"text\": \" because I can conduct massive amounts of violence\", \"tokens\": [50912, 570, 286, 393, 6018, 5994, 11663, 295, 6270, 51044], \"temperature\": 0.0, \"avg_logprob\": -0.22424151003360748, \"compression_ratio\": 1.8563218116760254, \"no_speech_prob\": 0.0420534722507}, {\"id\": 8, \"seek\": 0, \"start\": 13.600000381469727, \"end\": 14.600000381469727, \"text\": \" and choose not to.\", \"tokens\": [51044, 293, 2826, 406, 281, 13, 51094], \"temperature\": 0.0, \"avg_logprob\": -0.22424151003360748, \"compression_ratio\": 1.8563218116760254, \"no_speech_prob\": 0.0420534722507}, {\"id\": 9, \"seek\": 0, \"start\": 14.600000381469727, \"end\": 16.719999313354492, \"text\": \" You are not a peaceful man because you have string arms\", \"tokens\": [51094, 509, 366, 406, 257, 13962, 587, 570, 291, 362, 6798, 5812, 51200], \"temperature\": 0.0, \"avg_logprob\": -0.22424151003360748, \"compression_ratio\": 1.8563218116760254, \"no_speech_prob\": 0.0420534722507}, {\"id\": 10, \"seek\": 0, \"start\": 16.719999313354492, \"end\": 18.600000381469727, \"text\": \" and kick a hockey sack and choose to be peaceful.\", \"tokens\": [51200, 293, 4437, 257, 22449, 33209, 293, 2826, 281, 312, 13962, 13, 51294], \"temperature\": 0.0, \"avg_logprob\": -0.22424151003360748, \"compression_ratio\": 1.8563218116760254, \"no_speech_prob\": 0.0420534722507}, {\"id\": 11, \"seek\": 0, \"start\": 18.600000381469727, \"end\": 19.920000076293945, \"text\": \" I am the one who is peaceful.\", \"tokens\": [51294, 286, 669, 264, 472, 567, 307, 13962, 13, 51360], \"temperature\": 0.0, \"avg_logprob\": -0.22424151003360748, \"compression_ratio\": 1.8563218116760254, \"no_speech_prob\": 0.0420534722507}, {\"id\": 12, \"seek\": 0, \"start\": 19.920000076293945, \"end\": 20.739999771118164, \"text\": \" I agree with that.\", \"tokens\": [51360, 286, 3986, 365, 300, 13, 51401], \"temperature\": 0.0, \"avg_logprob\": -0.22424151003360748, \"compression_ratio\": 1.8563218116760254, \"no_speech_prob\": 0.0420534722507}, {\"id\": 13, \"seek\": 0, \"start\": 20.739999771118164, \"end\": 22.440000534057617, \"text\": \" I served with a bunch of very, very,\", \"tokens\": [51401, 286, 7584, 365, 257, 3840, 295, 588, 11, 588, 11, 51486], \"temperature\": 0.0, \"avg_logprob\": -0.22424151003360748, \"compression_ratio\": 1.8563218116760254, \"no_speech_prob\": 0.0420534722507}, {\"id\": 14, \"seek\": 0, \"start\": 22.440000534057617, \"end\": 24.68000030517578, \"text\": \" who otherwise would have been violent individuals\", \"tokens\": [51486, 567, 5911, 576, 362, 668, 11867, 5346, 51598], \"temperature\": 0.0, \"avg_logprob\": -0.22424151003360748, \"compression_ratio\": 1.8563218116760254, \"no_speech_prob\": 0.0420534722507}, {\"id\": 15, \"seek\": 0, \"start\": 24.68000030517578, \"end\": 27.31999969482422, \"text\": \" in the military and these people chose to be peaceful.\", \"tokens\": [51598, 294, 264, 4632, 293, 613, 561, 5111, 281, 312, 13962, 13, 51730], \"temperature\": 0.0, \"avg_logprob\": -0.22424151003360748, \"compression_ratio\": 1.8563218116760254, \"no_speech_prob\": 0.0420534722507}, {\"id\": 16, \"seek\": 0, \"start\": 27.31999969482422, \"end\": 28.280000686645508, \"text\": \" You're also not a good man\", \"tokens\": [51730, 509, 434, 611, 406, 257, 665, 587, 51778], \"temperature\": 0.0, \"avg_logprob\": -0.22424151003360748, \"compression_ratio\": 1.8563218116760254, \"no_speech_prob\": 0.0420534722507}, {\"id\": 17, \"seek\": 2828, \"start\": 28.280000686645508, \"end\": 30.040000915527344, \"text\": \" just because you're not capable of violence.\", \"tokens\": [50364, 445, 570, 291, 434, 406, 8189, 295, 6270, 13, 50452], \"temperature\": 0.0, \"avg_logprob\": -0.215413898229599, \"compression_ratio\": 1.8768768310546875, \"no_speech_prob\": 0.006796406116336584}, {\"id\": 18, \"seek\": 2828, \"start\": 30.040000915527344, \"end\": 31.479999542236328, \"text\": \" I've trained that stuff my whole life.\", \"tokens\": [50452, 286, 600, 8895, 300, 1507, 452, 1379, 993, 13, 50524], \"temperature\": 0.0, \"avg_logprob\": -0.215413898229599, \"compression_ratio\": 1.8768768310546875, \"no_speech_prob\": 0.006796406116336584}, {\"id\": 19, \"seek\": 2828, \"start\": 31.479999542236328, \"end\": 32.400001525878906, \"text\": \" And like I said, I've been,\", \"tokens\": [50524, 400, 411, 286, 848, 11, 286, 600, 668, 11, 50570], \"temperature\": 0.0, \"avg_logprob\": -0.215413898229599, \"compression_ratio\": 1.8768768310546875, \"no_speech_prob\": 0.006796406116336584}, {\"id\": 20, \"seek\": 2828, \"start\": 32.400001525878906, \"end\": 33.68000030517578, \"text\": \" that's the reason to be big and strong.\", \"tokens\": [50570, 300, 311, 264, 1778, 281, 312, 955, 293, 2068, 13, 50634], \"temperature\": 0.0, \"avg_logprob\": -0.215413898229599, \"compression_ratio\": 1.8768768310546875, \"no_speech_prob\": 0.006796406116336584}, {\"id\": 21, \"seek\": 2828, \"start\": 33.68000030517578, \"end\": 35.36000061035156, \"text\": \" It's the reason to do training.\", \"tokens\": [50634, 467, 311, 264, 1778, 281, 360, 3097, 13, 50718], \"temperature\": 0.0, \"avg_logprob\": -0.215413898229599, \"compression_ratio\": 1.8768768310546875, \"no_speech_prob\": 0.006796406116336584}, {\"id\": 22, \"seek\": 2828, \"start\": 35.36000061035156, \"end\": 36.880001068115234, \"text\": \" Just because you're not capable\", \"tokens\": [50718, 1449, 570, 291, 434, 406, 8189, 50794], \"temperature\": 0.0, \"avg_logprob\": -0.215413898229599, \"compression_ratio\": 1.8768768310546875, \"no_speech_prob\": 0.006796406116336584}, {\"id\": 23, \"seek\": 2828, \"start\": 36.880001068115234, \"end\": 37.959999084472656, \"text\": \" doesn't make you a good man.\", \"tokens\": [50794, 1177, 380, 652, 291, 257, 665, 587, 13, 50848], \"temperature\": 0.0, \"avg_logprob\": -0.215413898229599, \"compression_ratio\": 1.8768768310546875, \"no_speech_prob\": 0.006796406116336584}, {\"id\": 24, \"seek\": 2828, \"start\": 37.959999084472656, \"end\": 40.52000045776367, \"text\": \" And in regards to cheating, it's actually the same thing.\", \"tokens\": [50848, 400, 294, 14258, 281, 18309, 11, 309, 311, 767, 264, 912, 551, 13, 50976], \"temperature\": 0.0, \"avg_logprob\": -0.215413898229599, \"compression_ratio\": 1.8768768310546875, \"no_speech_prob\": 0.006796406116336584}, {\"id\": 25, \"seek\": 2828, \"start\": 40.52000045776367, \"end\": 43.15999984741211, \"text\": \" Just because you can't cheat doesn't make you loyal.\", \"tokens\": [50976, 1449, 570, 291, 393, 380, 17470, 1177, 380, 652, 291, 12682, 13, 51108], \"temperature\": 0.0, \"avg_logprob\": -0.215413898229599, \"compression_ratio\": 1.8768768310546875, \"no_speech_prob\": 0.006796406116336584}, {\"id\": 26, \"seek\": 2828, \"start\": 43.15999984741211, \"end\": 45.119998931884766, \"text\": \" So let's cut the bull.\", \"tokens\": [51108, 407, 718, 311, 1723, 264, 4693, 13, 51206], \"temperature\": 0.0, \"avg_logprob\": -0.215413898229599, \"compression_ratio\": 1.8768768310546875, \"no_speech_prob\": 0.006796406116336584}, {\"id\": 27, \"seek\": 2828, \"start\": 45.119998931884766, \"end\": 46.119998931884766, \"text\": \" There's a bunch of women out there\", \"tokens\": [51206, 821, 311, 257, 3840, 295, 2266, 484, 456, 51256], \"temperature\": 0.0, \"avg_logprob\": -0.215413898229599, \"compression_ratio\": 1.8768768310546875, \"no_speech_prob\": 0.006796406116336584}, {\"id\": 28, \"seek\": 2828, \"start\": 46.119998931884766, \"end\": 47.70000076293945, \"text\": \" who legitimately think their man is loyal.\", \"tokens\": [51256, 567, 44431, 519, 641, 587, 307, 12682, 13, 51335], \"temperature\": 0.0, \"avg_logprob\": -0.215413898229599, \"compression_ratio\": 1.8768768310546875, \"no_speech_prob\": 0.006796406116336584}, {\"id\": 29, \"seek\": 2828, \"start\": 47.70000076293945, \"end\": 49.959999084472656, \"text\": \" No, their man lives in Des Moines and has no options.\", \"tokens\": [51335, 883, 11, 641, 587, 2909, 294, 3885, 3335, 1652, 293, 575, 572, 3956, 13, 51448], \"temperature\": 0.0, \"avg_logprob\": -0.215413898229599, \"compression_ratio\": 1.8768768310546875, \"no_speech_prob\": 0.006796406116336584}, {\"id\": 30, \"seek\": 2828, \"start\": 49.959999084472656, \"end\": 51.31999969482422, \"text\": \" That's essentially what's happening.\", \"tokens\": [51448, 663, 311, 4476, 437, 311, 2737, 13, 51516], \"temperature\": 0.0, \"avg_logprob\": -0.215413898229599, \"compression_ratio\": 1.8768768310546875, \"no_speech_prob\": 0.006796406116336584}, {\"id\": 31, \"seek\": 2828, \"start\": 51.31999969482422, \"end\": 53.459999084472656, \"text\": \" Put your man on Charing Cross next to the Playboy Mansion\", \"tokens\": [51516, 4935, 428, 587, 322, 761, 1921, 11623, 958, 281, 264, 5506, 12795, 45572, 51623], \"temperature\": 0.0, \"avg_logprob\": -0.215413898229599, \"compression_ratio\": 1.8768768310546875, \"no_speech_prob\": 0.006796406116336584}, {\"id\": 32, \"seek\": 2828, \"start\": 53.459999084472656, \"end\": 54.29999923706055, \"text\": \" and then let's see.\", \"tokens\": [51623, 293, 550, 718, 311, 536, 13, 51665], \"temperature\": 0.0, \"avg_logprob\": -0.215413898229599, \"compression_ratio\": 1.8768768310546875, \"no_speech_prob\": 0.006796406116336584}]}"}