{"title": "Men Making Women Wait, Have You Ever Heard Of That?", "video_id": "ZSH2y0pr3UY", "video_url": "https://www.youtube.com/watch?v=ZSH2y0pr3UY", "description": "Ready to build a network of amazing women and high-status men?\n\nMichael\u2019s Men of Action is a one-on-one Master\u2019s program that teaches men how to create elite social lives by becoming higher status.\n\nClick this link to learn how you can have a High-Status lifestyle now:\nhttps://m.moamentoring.com/podcast\n\nClick here to join the Men of Action community and watch the High-Status Networking 101 course:\nhttps://m.moamentoring.com/moa-community\n\u2014\u2014\u2014\u2014\u2014\u2014\u2014\u2014\u2014\u2014\u2014\u2014\u2014\u2014\u2014\u2014\u2014\u2014\u2014\u2014\n\nSubscribe on Youtube: \nhttps://www.youtube.com/user/MichaelSartain\n\nListen on Apple Podcast: \nhttps://podcasts.apple.com/us/podcast/the-michael-sartain-podcast/id1579791157\n\nListen on Spotify: \nhttps://open.spotify.com/show/2faAYwvDD9Bvkpwv6umlPO?si=8Q3ak9HnSlKjuChsTXr6YQ&dl_branch=1\n\n#Michael #MichaelSartain #Michael_Sartain #Michael_Sartain_Podcast", "published_at": "2023-06-22T13:15:03Z", "channel_id": "UC0T1bDzajVefRWx4uKdGyuw", "channel_title": "Michael Sartain", "tags": ["Michael", "Michael Sartain", "Michael Sartain Podcast", "Michael Podcast", "MOA", "Men Of Action", "men of action", "Michael Sartain Course", "Michael Sartain With Hot Women", "Rollo", "Rollo Tommasi", "Playboy", "Swimsuit", "Swimsuit Competition"], "category_id": "24", "live_broadcast_content": "none", "duration": 59.0, "dimension": "2d", "definition": "hd", "caption": "false", "view_count": 663, "like_count": 23, "comment_count": 8, "channel_info": {"title": "Michael Sartain", "description": "\ud83c\udf99Host of The\u00a0Michael Sartain Podcast \n\n\ud83d\udd25Teaching you how to build a network of desirable women and high-status men\n\n\ud83d\udc47 Click the \"Men of Action\" link below now to forge a high-status lifestyle and join the elites \n", "subscriber_count": "80500", "total_views": "29545897", "total_videos": "1481"}, "comments": [], "file_path": "/Users/aelaguiz/workspace/fc_book/audio/raws/ZSH2y0pr3UY.mp3", "transcription": "{\"text\": \"What about guys making girls wait? I've had that. I've had that, too. For shopping? But I was like, thanks! For shopping? A man is making a woman- Like, no, you're not gonna get this! I'd be like, what the f***? It was traumatizing. Unless there is some- That is crazy! Unless there's some super defined- The last guy I dated said that to me. You're not gonna- He said that he was gonna- Yeah, is that a neg? I had to wait! And I said, f*** you, you have to wait! And he says that unless we are dealing with something specifically religious. He's doing this because he is playing for a team he is not expressing to you. Oh, no. That's what's happening. To me? Yes, and the thing is- Really? So he's gay? We talked about this before. There's no such thing as gay for pay. That is not a thing. You were talking about this before. I do not believe a heterosexual man is gonna put another man's penis in his mouth for money. I don't believe that. Now, maybe somebody out there is gonna prove me wrong. I don't think- I think gay for pay might be true with women. I don't think it's true for men. That's my opinion. \", \"segments\": [{\"id\": 0, \"seek\": 0, \"start\": 0.0, \"end\": 2.799999952316284, \"text\": \" What about guys making girls wait? I've had that.\", \"tokens\": [50364, 708, 466, 1074, 1455, 4519, 1699, 30, 286, 600, 632, 300, 13, 50504], \"temperature\": 0.0, \"avg_logprob\": -0.35620182752609253, \"compression_ratio\": 1.7340823411941528, \"no_speech_prob\": 0.0031234656926244497}, {\"id\": 1, \"seek\": 0, \"start\": 2.799999952316284, \"end\": 3.5, \"text\": \" I've had that, too.\", \"tokens\": [50504, 286, 600, 632, 300, 11, 886, 13, 50539], \"temperature\": 0.0, \"avg_logprob\": -0.35620182752609253, \"compression_ratio\": 1.7340823411941528, \"no_speech_prob\": 0.0031234656926244497}, {\"id\": 2, \"seek\": 0, \"start\": 3.5, \"end\": 4.199999809265137, \"text\": \" For shopping?\", \"tokens\": [50539, 1171, 8688, 30, 50574], \"temperature\": 0.0, \"avg_logprob\": -0.35620182752609253, \"compression_ratio\": 1.7340823411941528, \"no_speech_prob\": 0.0031234656926244497}, {\"id\": 3, \"seek\": 0, \"start\": 4.199999809265137, \"end\": 5.5, \"text\": \" But I was like, thanks!\", \"tokens\": [50574, 583, 286, 390, 411, 11, 3231, 0, 50639], \"temperature\": 0.0, \"avg_logprob\": -0.35620182752609253, \"compression_ratio\": 1.7340823411941528, \"no_speech_prob\": 0.0031234656926244497}, {\"id\": 4, \"seek\": 0, \"start\": 5.5, \"end\": 7.0, \"text\": \" For shopping?\", \"tokens\": [50639, 1171, 8688, 30, 50714], \"temperature\": 0.0, \"avg_logprob\": -0.35620182752609253, \"compression_ratio\": 1.7340823411941528, \"no_speech_prob\": 0.0031234656926244497}, {\"id\": 5, \"seek\": 0, \"start\": 7.0, \"end\": 9.0, \"text\": \" A man is making a woman-\", \"tokens\": [50714, 316, 587, 307, 1455, 257, 3059, 12, 50814], \"temperature\": 0.0, \"avg_logprob\": -0.35620182752609253, \"compression_ratio\": 1.7340823411941528, \"no_speech_prob\": 0.0031234656926244497}, {\"id\": 6, \"seek\": 0, \"start\": 9.0, \"end\": 11.0, \"text\": \" Like, no, you're not gonna get this!\", \"tokens\": [50814, 1743, 11, 572, 11, 291, 434, 406, 799, 483, 341, 0, 50914], \"temperature\": 0.0, \"avg_logprob\": -0.35620182752609253, \"compression_ratio\": 1.7340823411941528, \"no_speech_prob\": 0.0031234656926244497}, {\"id\": 7, \"seek\": 0, \"start\": 11.0, \"end\": 13.0, \"text\": \" I'd be like, what the f***?\", \"tokens\": [50914, 286, 1116, 312, 411, 11, 437, 264, 283, 13684, 30, 51014], \"temperature\": 0.0, \"avg_logprob\": -0.35620182752609253, \"compression_ratio\": 1.7340823411941528, \"no_speech_prob\": 0.0031234656926244497}, {\"id\": 8, \"seek\": 0, \"start\": 13.0, \"end\": 14.0, \"text\": \" It was traumatizing.\", \"tokens\": [51014, 467, 390, 35099, 3319, 13, 51064], \"temperature\": 0.0, \"avg_logprob\": -0.35620182752609253, \"compression_ratio\": 1.7340823411941528, \"no_speech_prob\": 0.0031234656926244497}, {\"id\": 9, \"seek\": 0, \"start\": 14.0, \"end\": 15.0, \"text\": \" Unless there is some-\", \"tokens\": [51064, 16581, 456, 307, 512, 12, 51114], \"temperature\": 0.0, \"avg_logprob\": -0.35620182752609253, \"compression_ratio\": 1.7340823411941528, \"no_speech_prob\": 0.0031234656926244497}, {\"id\": 10, \"seek\": 0, \"start\": 15.0, \"end\": 16.0, \"text\": \" That is crazy!\", \"tokens\": [51114, 663, 307, 3219, 0, 51164], \"temperature\": 0.0, \"avg_logprob\": -0.35620182752609253, \"compression_ratio\": 1.7340823411941528, \"no_speech_prob\": 0.0031234656926244497}, {\"id\": 11, \"seek\": 0, \"start\": 16.0, \"end\": 19.0, \"text\": \" Unless there's some super defined-\", \"tokens\": [51164, 16581, 456, 311, 512, 1687, 7642, 12, 51314], \"temperature\": 0.0, \"avg_logprob\": -0.35620182752609253, \"compression_ratio\": 1.7340823411941528, \"no_speech_prob\": 0.0031234656926244497}, {\"id\": 12, \"seek\": 0, \"start\": 19.0, \"end\": 21.0, \"text\": \" The last guy I dated said that to me.\", \"tokens\": [51314, 440, 1036, 2146, 286, 23804, 848, 300, 281, 385, 13, 51414], \"temperature\": 0.0, \"avg_logprob\": -0.35620182752609253, \"compression_ratio\": 1.7340823411941528, \"no_speech_prob\": 0.0031234656926244497}, {\"id\": 13, \"seek\": 0, \"start\": 21.0, \"end\": 22.0, \"text\": \" You're not gonna-\", \"tokens\": [51414, 509, 434, 406, 799, 12, 51464], \"temperature\": 0.0, \"avg_logprob\": -0.35620182752609253, \"compression_ratio\": 1.7340823411941528, \"no_speech_prob\": 0.0031234656926244497}, {\"id\": 14, \"seek\": 0, \"start\": 22.0, \"end\": 24.0, \"text\": \" He said that he was gonna-\", \"tokens\": [51464, 634, 848, 300, 415, 390, 799, 12, 51564], \"temperature\": 0.0, \"avg_logprob\": -0.35620182752609253, \"compression_ratio\": 1.7340823411941528, \"no_speech_prob\": 0.0031234656926244497}, {\"id\": 15, \"seek\": 0, \"start\": 24.0, \"end\": 25.0, \"text\": \" Yeah, is that a neg?\", \"tokens\": [51564, 865, 11, 307, 300, 257, 2485, 30, 51614], \"temperature\": 0.0, \"avg_logprob\": -0.35620182752609253, \"compression_ratio\": 1.7340823411941528, \"no_speech_prob\": 0.0031234656926244497}, {\"id\": 16, \"seek\": 0, \"start\": 25.0, \"end\": 26.0, \"text\": \" I had to wait!\", \"tokens\": [51614, 286, 632, 281, 1699, 0, 51664], \"temperature\": 0.0, \"avg_logprob\": -0.35620182752609253, \"compression_ratio\": 1.7340823411941528, \"no_speech_prob\": 0.0031234656926244497}, {\"id\": 17, \"seek\": 0, \"start\": 26.0, \"end\": 28.0, \"text\": \" And I said, f*** you, you have to wait!\", \"tokens\": [51664, 400, 286, 848, 11, 283, 13684, 291, 11, 291, 362, 281, 1699, 0, 51764], \"temperature\": 0.0, \"avg_logprob\": -0.35620182752609253, \"compression_ratio\": 1.7340823411941528, \"no_speech_prob\": 0.0031234656926244497}, {\"id\": 18, \"seek\": 2800, \"start\": 28.0, \"end\": 32.0, \"text\": \" And he says that unless we are dealing with something specifically religious.\", \"tokens\": [50364, 400, 415, 1619, 300, 5969, 321, 366, 6260, 365, 746, 4682, 7185, 13, 50564], \"temperature\": 0.0, \"avg_logprob\": -0.1889832317829132, \"compression_ratio\": 1.8387097120285034, \"no_speech_prob\": 0.268869012594223}, {\"id\": 19, \"seek\": 2800, \"start\": 32.0, \"end\": 36.0, \"text\": \" He's doing this because he is playing for a team he is not expressing to you.\", \"tokens\": [50564, 634, 311, 884, 341, 570, 415, 307, 2433, 337, 257, 1469, 415, 307, 406, 22171, 281, 291, 13, 50764], \"temperature\": 0.0, \"avg_logprob\": -0.1889832317829132, \"compression_ratio\": 1.8387097120285034, \"no_speech_prob\": 0.268869012594223}, {\"id\": 20, \"seek\": 2800, \"start\": 36.0, \"end\": 37.0, \"text\": \" Oh, no.\", \"tokens\": [50764, 876, 11, 572, 13, 50814], \"temperature\": 0.0, \"avg_logprob\": -0.1889832317829132, \"compression_ratio\": 1.8387097120285034, \"no_speech_prob\": 0.268869012594223}, {\"id\": 21, \"seek\": 2800, \"start\": 37.0, \"end\": 38.0, \"text\": \" That's what's happening.\", \"tokens\": [50814, 663, 311, 437, 311, 2737, 13, 50864], \"temperature\": 0.0, \"avg_logprob\": -0.1889832317829132, \"compression_ratio\": 1.8387097120285034, \"no_speech_prob\": 0.268869012594223}, {\"id\": 22, \"seek\": 2800, \"start\": 38.0, \"end\": 39.0, \"text\": \" To me?\", \"tokens\": [50864, 1407, 385, 30, 50914], \"temperature\": 0.0, \"avg_logprob\": -0.1889832317829132, \"compression_ratio\": 1.8387097120285034, \"no_speech_prob\": 0.268869012594223}, {\"id\": 23, \"seek\": 2800, \"start\": 39.0, \"end\": 40.0, \"text\": \" Yes, and the thing is-\", \"tokens\": [50914, 1079, 11, 293, 264, 551, 307, 12, 50964], \"temperature\": 0.0, \"avg_logprob\": -0.1889832317829132, \"compression_ratio\": 1.8387097120285034, \"no_speech_prob\": 0.268869012594223}, {\"id\": 24, \"seek\": 2800, \"start\": 40.0, \"end\": 41.0, \"text\": \" Really? So he's gay?\", \"tokens\": [50964, 4083, 30, 407, 415, 311, 9049, 30, 51014], \"temperature\": 0.0, \"avg_logprob\": -0.1889832317829132, \"compression_ratio\": 1.8387097120285034, \"no_speech_prob\": 0.268869012594223}, {\"id\": 25, \"seek\": 2800, \"start\": 41.0, \"end\": 43.0, \"text\": \" We talked about this before.\", \"tokens\": [51014, 492, 2825, 466, 341, 949, 13, 51114], \"temperature\": 0.0, \"avg_logprob\": -0.1889832317829132, \"compression_ratio\": 1.8387097120285034, \"no_speech_prob\": 0.268869012594223}, {\"id\": 26, \"seek\": 2800, \"start\": 43.0, \"end\": 44.0, \"text\": \" There's no such thing as gay for pay.\", \"tokens\": [51114, 821, 311, 572, 1270, 551, 382, 9049, 337, 1689, 13, 51164], \"temperature\": 0.0, \"avg_logprob\": -0.1889832317829132, \"compression_ratio\": 1.8387097120285034, \"no_speech_prob\": 0.268869012594223}, {\"id\": 27, \"seek\": 2800, \"start\": 44.0, \"end\": 45.0, \"text\": \" That is not a thing.\", \"tokens\": [51164, 663, 307, 406, 257, 551, 13, 51214], \"temperature\": 0.0, \"avg_logprob\": -0.1889832317829132, \"compression_ratio\": 1.8387097120285034, \"no_speech_prob\": 0.268869012594223}, {\"id\": 28, \"seek\": 2800, \"start\": 45.0, \"end\": 46.0, \"text\": \" You were talking about this before.\", \"tokens\": [51214, 509, 645, 1417, 466, 341, 949, 13, 51264], \"temperature\": 0.0, \"avg_logprob\": -0.1889832317829132, \"compression_ratio\": 1.8387097120285034, \"no_speech_prob\": 0.268869012594223}, {\"id\": 29, \"seek\": 2800, \"start\": 46.0, \"end\": 50.0, \"text\": \" I do not believe a heterosexual man is gonna put another man's penis in his mouth for money.\", \"tokens\": [51264, 286, 360, 406, 1697, 257, 20789, 22255, 587, 307, 799, 829, 1071, 587, 311, 28282, 294, 702, 4525, 337, 1460, 13, 51464], \"temperature\": 0.0, \"avg_logprob\": -0.1889832317829132, \"compression_ratio\": 1.8387097120285034, \"no_speech_prob\": 0.268869012594223}, {\"id\": 30, \"seek\": 2800, \"start\": 50.0, \"end\": 51.0, \"text\": \" I don't believe that.\", \"tokens\": [51464, 286, 500, 380, 1697, 300, 13, 51514], \"temperature\": 0.0, \"avg_logprob\": -0.1889832317829132, \"compression_ratio\": 1.8387097120285034, \"no_speech_prob\": 0.268869012594223}, {\"id\": 31, \"seek\": 2800, \"start\": 51.0, \"end\": 53.0, \"text\": \" Now, maybe somebody out there is gonna prove me wrong.\", \"tokens\": [51514, 823, 11, 1310, 2618, 484, 456, 307, 799, 7081, 385, 2085, 13, 51614], \"temperature\": 0.0, \"avg_logprob\": -0.1889832317829132, \"compression_ratio\": 1.8387097120285034, \"no_speech_prob\": 0.268869012594223}, {\"id\": 32, \"seek\": 2800, \"start\": 53.0, \"end\": 54.0, \"text\": \" I don't think-\", \"tokens\": [51614, 286, 500, 380, 519, 12, 51664], \"temperature\": 0.0, \"avg_logprob\": -0.1889832317829132, \"compression_ratio\": 1.8387097120285034, \"no_speech_prob\": 0.268869012594223}, {\"id\": 33, \"seek\": 2800, \"start\": 54.0, \"end\": 56.0, \"text\": \" I think gay for pay might be true with women.\", \"tokens\": [51664, 286, 519, 9049, 337, 1689, 1062, 312, 2074, 365, 2266, 13, 51764], \"temperature\": 0.0, \"avg_logprob\": -0.1889832317829132, \"compression_ratio\": 1.8387097120285034, \"no_speech_prob\": 0.268869012594223}, {\"id\": 34, \"seek\": 2800, \"start\": 56.0, \"end\": 57.0, \"text\": \" I don't think it's true for men.\", \"tokens\": [51764, 286, 500, 380, 519, 309, 311, 2074, 337, 1706, 13, 51814], \"temperature\": 0.0, \"avg_logprob\": -0.1889832317829132, \"compression_ratio\": 1.8387097120285034, \"no_speech_prob\": 0.268869012594223}, {\"id\": 35, \"seek\": 5700, \"start\": 57.0, \"end\": 58.0, \"text\": \" That's my opinion.\", \"tokens\": [50364, 663, 311, 452, 4800, 13, 50414], \"temperature\": 0.0, \"avg_logprob\": -0.20743586122989655, \"compression_ratio\": 0.692307710647583, \"no_speech_prob\": 0.33420103788375854}]}"}