{"title": "The Suicide Capital Of The United States", "video_id": "zYeBfXFY_8M", "video_url": "https://www.youtube.com/watch?v=zYeBfXFY_8M", "description": "Ready to build a network of amazing women and high-status men?\n\nMichael\u2019s Men of Action is a one-on-one Master\u2019s program that teaches men how to create elite social lives by becoming higher status.\n\nClick this link to learn how you can have a High-Status lifestyle now:\nhttps://m.moamentoring.com/podcast\n\nClick here to join the Men of Action community and watch the High-Status Networking 101 course:\nhttps://m.moamentoring.com/moa-community\n\u2014\u2014\u2014\u2014\u2014\u2014\u2014\u2014\u2014\u2014\u2014\u2014\u2014\u2014\u2014\u2014\u2014\u2014\u2014\u2014\n\nSubscribe on Youtube: \nhttps://www.youtube.com/user/MichaelSartain\n\nListen on Apple Podcast: \nhttps://podcasts.apple.com/us/podcast/the-michael-sartain-podcast/id1579791157\n\nListen on Spotify: \nhttps://open.spotify.com/show/2faAYwvDD9Bvkpwv6umlPO?si=8Q3ak9HnSlKjuChsTXr6YQ&dl_branch=1\n\n#Michael #MichaelSartain #Michael_Sartain #Michael_Sartain_Podcast", "published_at": "2023-06-15T13:15:07Z", "channel_id": "UC0T1bDzajVefRWx4uKdGyuw", "channel_title": "Michael Sartain", "tags": ["Michael", "Michael Sartain", "Michael Sartain Podcast", "Michael Podcast", "MOA", "Men Of Action", "men of action", "Michael Sartain Course", "Michael Sartain With Hot Women", "Rollo", "Rollo Tommasi", "Playboy", "Swimsuit", "Swimsuit Competition"], "category_id": "24", "live_broadcast_content": "none", "duration": 60.0, "dimension": "2d", "definition": "hd", "caption": "false", "view_count": 5046, "like_count": 170, "comment_count": 6, "channel_info": {"title": "Michael Sartain", "description": "\ud83c\udf99Host of The\u00a0Michael Sartain Podcast \n\n\ud83d\udd25Teaching you how to build a network of desirable women and high-status men\n\n\ud83d\udc47 Click the \"Men of Action\" link below now to forge a high-status lifestyle and join the elites \n", "subscriber_count": "80500", "total_views": "29545897", "total_videos": "1481"}, "comments": [], "file_path": "/Users/aelaguiz/workspace/fc_book/audio/raws/zYeBfXFY_8M.mp3", "transcription": "{\"text\": \"The thing about the casinos is like, I don't know if you guys have noticed it, so a lot of people don't realize this. This is the suicide capital of the United States, Vegas is. Nobody talks about this. You wanna know why? Because when somebody dies in a casino, you know what happens? They get taken out on a stretcher and they get pronounced dead on the street. They get pronounced dead on Coval or they get pronounced dead on Paradise. They do not get pronounced dead on Las Vegas Boulevard. It's bad for business. I had a friend of mine, he is very worried about tax evasion. He is afraid of coming to the US because he's afraid that the US government is gonna come after him. And I'm like, it might happen in Los Angeles, but it's not gonna happen here because it's bad for business. Nobody's gonna get arrested here out in a casino. It just doesn't happen here, right? We play by different rules here. But yeah, you're right. When you talk about that happening before, playing devil's advocate, that's what probably a lot of people would think. The reason why you're banned is because of this and not because of this. Do you have any paperwork or anything like that? Because you said you're one of four people in history that's banned because of Baccarat. You have any kind of back and forth with a casino host or anything like that? Oh my God, bro, you pick a casino. I'll pull up some text threads right now. Yeah, okay. Yeah, you just pick one. Yeah. \", \"segments\": [{\"id\": 0, \"seek\": 0, \"start\": 0.0, \"end\": 1.6200000047683716, \"text\": \" The thing about the casinos is like,\", \"tokens\": [50364, 440, 551, 466, 264, 3058, 15220, 307, 411, 11, 50445], \"temperature\": 0.0, \"avg_logprob\": -0.22104719281196594, \"compression_ratio\": 1.8287153244018555, \"no_speech_prob\": 0.006095405202358961}, {\"id\": 1, \"seek\": 0, \"start\": 1.6200000047683716, \"end\": 2.619999885559082, \"text\": \" I don't know if you guys have noticed it,\", \"tokens\": [50445, 286, 500, 380, 458, 498, 291, 1074, 362, 5694, 309, 11, 50495], \"temperature\": 0.0, \"avg_logprob\": -0.22104719281196594, \"compression_ratio\": 1.8287153244018555, \"no_speech_prob\": 0.006095405202358961}, {\"id\": 2, \"seek\": 0, \"start\": 2.619999885559082, \"end\": 3.9000000953674316, \"text\": \" so a lot of people don't realize this.\", \"tokens\": [50495, 370, 257, 688, 295, 561, 500, 380, 4325, 341, 13, 50559], \"temperature\": 0.0, \"avg_logprob\": -0.22104719281196594, \"compression_ratio\": 1.8287153244018555, \"no_speech_prob\": 0.006095405202358961}, {\"id\": 3, \"seek\": 0, \"start\": 3.9000000953674316, \"end\": 7.340000152587891, \"text\": \" This is the suicide capital of the United States, Vegas is.\", \"tokens\": [50559, 639, 307, 264, 12308, 4238, 295, 264, 2824, 3040, 11, 15841, 307, 13, 50731], \"temperature\": 0.0, \"avg_logprob\": -0.22104719281196594, \"compression_ratio\": 1.8287153244018555, \"no_speech_prob\": 0.006095405202358961}, {\"id\": 4, \"seek\": 0, \"start\": 7.340000152587891, \"end\": 8.260000228881836, \"text\": \" Nobody talks about this.\", \"tokens\": [50731, 9297, 6686, 466, 341, 13, 50777], \"temperature\": 0.0, \"avg_logprob\": -0.22104719281196594, \"compression_ratio\": 1.8287153244018555, \"no_speech_prob\": 0.006095405202358961}, {\"id\": 5, \"seek\": 0, \"start\": 8.260000228881836, \"end\": 9.180000305175781, \"text\": \" You wanna know why?\", \"tokens\": [50777, 509, 1948, 458, 983, 30, 50823], \"temperature\": 0.0, \"avg_logprob\": -0.22104719281196594, \"compression_ratio\": 1.8287153244018555, \"no_speech_prob\": 0.006095405202358961}, {\"id\": 6, \"seek\": 0, \"start\": 9.180000305175781, \"end\": 10.699999809265137, \"text\": \" Because when somebody dies in a casino,\", \"tokens\": [50823, 1436, 562, 2618, 2714, 294, 257, 36278, 11, 50899], \"temperature\": 0.0, \"avg_logprob\": -0.22104719281196594, \"compression_ratio\": 1.8287153244018555, \"no_speech_prob\": 0.006095405202358961}, {\"id\": 7, \"seek\": 0, \"start\": 10.699999809265137, \"end\": 11.539999961853027, \"text\": \" you know what happens?\", \"tokens\": [50899, 291, 458, 437, 2314, 30, 50941], \"temperature\": 0.0, \"avg_logprob\": -0.22104719281196594, \"compression_ratio\": 1.8287153244018555, \"no_speech_prob\": 0.006095405202358961}, {\"id\": 8, \"seek\": 0, \"start\": 11.539999961853027, \"end\": 12.619999885559082, \"text\": \" They get taken out on a stretcher\", \"tokens\": [50941, 814, 483, 2726, 484, 322, 257, 5985, 260, 50995], \"temperature\": 0.0, \"avg_logprob\": -0.22104719281196594, \"compression_ratio\": 1.8287153244018555, \"no_speech_prob\": 0.006095405202358961}, {\"id\": 9, \"seek\": 0, \"start\": 12.619999885559082, \"end\": 14.140000343322754, \"text\": \" and they get pronounced dead on the street.\", \"tokens\": [50995, 293, 436, 483, 23155, 3116, 322, 264, 4838, 13, 51071], \"temperature\": 0.0, \"avg_logprob\": -0.22104719281196594, \"compression_ratio\": 1.8287153244018555, \"no_speech_prob\": 0.006095405202358961}, {\"id\": 10, \"seek\": 0, \"start\": 14.140000343322754, \"end\": 15.539999961853027, \"text\": \" They get pronounced dead on Coval\", \"tokens\": [51071, 814, 483, 23155, 3116, 322, 3066, 3337, 51141], \"temperature\": 0.0, \"avg_logprob\": -0.22104719281196594, \"compression_ratio\": 1.8287153244018555, \"no_speech_prob\": 0.006095405202358961}, {\"id\": 11, \"seek\": 0, \"start\": 15.539999961853027, \"end\": 16.81999969482422, \"text\": \" or they get pronounced dead on Paradise.\", \"tokens\": [51141, 420, 436, 483, 23155, 3116, 322, 35053, 13, 51205], \"temperature\": 0.0, \"avg_logprob\": -0.22104719281196594, \"compression_ratio\": 1.8287153244018555, \"no_speech_prob\": 0.006095405202358961}, {\"id\": 12, \"seek\": 0, \"start\": 16.81999969482422, \"end\": 18.65999984741211, \"text\": \" They do not get pronounced dead on Las Vegas Boulevard.\", \"tokens\": [51205, 814, 360, 406, 483, 23155, 3116, 322, 10663, 15841, 50121, 11303, 13, 51297], \"temperature\": 0.0, \"avg_logprob\": -0.22104719281196594, \"compression_ratio\": 1.8287153244018555, \"no_speech_prob\": 0.006095405202358961}, {\"id\": 13, \"seek\": 0, \"start\": 18.65999984741211, \"end\": 20.139999389648438, \"text\": \" It's bad for business.\", \"tokens\": [51297, 467, 311, 1578, 337, 1606, 13, 51371], \"temperature\": 0.0, \"avg_logprob\": -0.22104719281196594, \"compression_ratio\": 1.8287153244018555, \"no_speech_prob\": 0.006095405202358961}, {\"id\": 14, \"seek\": 0, \"start\": 20.139999389648438, \"end\": 21.540000915527344, \"text\": \" I had a friend of mine, he is very worried\", \"tokens\": [51371, 286, 632, 257, 1277, 295, 3892, 11, 415, 307, 588, 5804, 51441], \"temperature\": 0.0, \"avg_logprob\": -0.22104719281196594, \"compression_ratio\": 1.8287153244018555, \"no_speech_prob\": 0.006095405202358961}, {\"id\": 15, \"seek\": 0, \"start\": 21.540000915527344, \"end\": 22.459999084472656, \"text\": \" about tax evasion.\", \"tokens\": [51441, 466, 3366, 1073, 6822, 13, 51487], \"temperature\": 0.0, \"avg_logprob\": -0.22104719281196594, \"compression_ratio\": 1.8287153244018555, \"no_speech_prob\": 0.006095405202358961}, {\"id\": 16, \"seek\": 0, \"start\": 22.459999084472656, \"end\": 24.6200008392334, \"text\": \" He is afraid of coming to the US\", \"tokens\": [51487, 634, 307, 4638, 295, 1348, 281, 264, 2546, 51595], \"temperature\": 0.0, \"avg_logprob\": -0.22104719281196594, \"compression_ratio\": 1.8287153244018555, \"no_speech_prob\": 0.006095405202358961}, {\"id\": 17, \"seek\": 0, \"start\": 24.6200008392334, \"end\": 26.34000015258789, \"text\": \" because he's afraid that the US government\", \"tokens\": [51595, 570, 415, 311, 4638, 300, 264, 2546, 2463, 51681], \"temperature\": 0.0, \"avg_logprob\": -0.22104719281196594, \"compression_ratio\": 1.8287153244018555, \"no_speech_prob\": 0.006095405202358961}, {\"id\": 18, \"seek\": 0, \"start\": 26.34000015258789, \"end\": 27.15999984741211, \"text\": \" is gonna come after him.\", \"tokens\": [51681, 307, 799, 808, 934, 796, 13, 51722], \"temperature\": 0.0, \"avg_logprob\": -0.22104719281196594, \"compression_ratio\": 1.8287153244018555, \"no_speech_prob\": 0.006095405202358961}, {\"id\": 19, \"seek\": 0, \"start\": 27.15999984741211, \"end\": 29.260000228881836, \"text\": \" And I'm like, it might happen in Los Angeles,\", \"tokens\": [51722, 400, 286, 478, 411, 11, 309, 1062, 1051, 294, 7632, 12292, 11, 51827], \"temperature\": 0.0, \"avg_logprob\": -0.22104719281196594, \"compression_ratio\": 1.8287153244018555, \"no_speech_prob\": 0.006095405202358961}, {\"id\": 20, \"seek\": 2926, \"start\": 29.280000686645508, \"end\": 30.1200008392334, \"text\": \" but it's not gonna happen here\", \"tokens\": [50365, 457, 309, 311, 406, 799, 1051, 510, 50407], \"temperature\": 0.0, \"avg_logprob\": -0.23753760755062103, \"compression_ratio\": 1.8473281860351562, \"no_speech_prob\": 2.9022839953540824e-06}, {\"id\": 21, \"seek\": 2926, \"start\": 30.1200008392334, \"end\": 31.239999771118164, \"text\": \" because it's bad for business.\", \"tokens\": [50407, 570, 309, 311, 1578, 337, 1606, 13, 50463], \"temperature\": 0.0, \"avg_logprob\": -0.23753760755062103, \"compression_ratio\": 1.8473281860351562, \"no_speech_prob\": 2.9022839953540824e-06}, {\"id\": 22, \"seek\": 2926, \"start\": 31.239999771118164, \"end\": 33.720001220703125, \"text\": \" Nobody's gonna get arrested here out in a casino.\", \"tokens\": [50463, 9297, 311, 799, 483, 12469, 510, 484, 294, 257, 36278, 13, 50587], \"temperature\": 0.0, \"avg_logprob\": -0.23753760755062103, \"compression_ratio\": 1.8473281860351562, \"no_speech_prob\": 2.9022839953540824e-06}, {\"id\": 23, \"seek\": 2926, \"start\": 33.720001220703125, \"end\": 34.91999816894531, \"text\": \" It just doesn't happen here, right?\", \"tokens\": [50587, 467, 445, 1177, 380, 1051, 510, 11, 558, 30, 50647], \"temperature\": 0.0, \"avg_logprob\": -0.23753760755062103, \"compression_ratio\": 1.8473281860351562, \"no_speech_prob\": 2.9022839953540824e-06}, {\"id\": 24, \"seek\": 2926, \"start\": 34.91999816894531, \"end\": 36.279998779296875, \"text\": \" We play by different rules here.\", \"tokens\": [50647, 492, 862, 538, 819, 4474, 510, 13, 50715], \"temperature\": 0.0, \"avg_logprob\": -0.23753760755062103, \"compression_ratio\": 1.8473281860351562, \"no_speech_prob\": 2.9022839953540824e-06}, {\"id\": 25, \"seek\": 2926, \"start\": 36.279998779296875, \"end\": 37.119998931884766, \"text\": \" But yeah, you're right.\", \"tokens\": [50715, 583, 1338, 11, 291, 434, 558, 13, 50757], \"temperature\": 0.0, \"avg_logprob\": -0.23753760755062103, \"compression_ratio\": 1.8473281860351562, \"no_speech_prob\": 2.9022839953540824e-06}, {\"id\": 26, \"seek\": 2926, \"start\": 37.119998931884766, \"end\": 39.880001068115234, \"text\": \" When you talk about that happening before,\", \"tokens\": [50757, 1133, 291, 751, 466, 300, 2737, 949, 11, 50895], \"temperature\": 0.0, \"avg_logprob\": -0.23753760755062103, \"compression_ratio\": 1.8473281860351562, \"no_speech_prob\": 2.9022839953540824e-06}, {\"id\": 27, \"seek\": 2926, \"start\": 39.880001068115234, \"end\": 40.720001220703125, \"text\": \" playing devil's advocate,\", \"tokens\": [50895, 2433, 13297, 311, 14608, 11, 50937], \"temperature\": 0.0, \"avg_logprob\": -0.23753760755062103, \"compression_ratio\": 1.8473281860351562, \"no_speech_prob\": 2.9022839953540824e-06}, {\"id\": 28, \"seek\": 2926, \"start\": 40.720001220703125, \"end\": 42.20000076293945, \"text\": \" that's what probably a lot of people would think.\", \"tokens\": [50937, 300, 311, 437, 1391, 257, 688, 295, 561, 576, 519, 13, 51011], \"temperature\": 0.0, \"avg_logprob\": -0.23753760755062103, \"compression_ratio\": 1.8473281860351562, \"no_speech_prob\": 2.9022839953540824e-06}, {\"id\": 29, \"seek\": 2926, \"start\": 42.20000076293945, \"end\": 43.65999984741211, \"text\": \" The reason why you're banned is because of this\", \"tokens\": [51011, 440, 1778, 983, 291, 434, 19564, 307, 570, 295, 341, 51084], \"temperature\": 0.0, \"avg_logprob\": -0.23753760755062103, \"compression_ratio\": 1.8473281860351562, \"no_speech_prob\": 2.9022839953540824e-06}, {\"id\": 30, \"seek\": 2926, \"start\": 43.65999984741211, \"end\": 44.959999084472656, \"text\": \" and not because of this.\", \"tokens\": [51084, 293, 406, 570, 295, 341, 13, 51149], \"temperature\": 0.0, \"avg_logprob\": -0.23753760755062103, \"compression_ratio\": 1.8473281860351562, \"no_speech_prob\": 2.9022839953540824e-06}, {\"id\": 31, \"seek\": 2926, \"start\": 44.959999084472656, \"end\": 47.20000076293945, \"text\": \" Do you have any paperwork or anything like that?\", \"tokens\": [51149, 1144, 291, 362, 604, 27953, 420, 1340, 411, 300, 30, 51261], \"temperature\": 0.0, \"avg_logprob\": -0.23753760755062103, \"compression_ratio\": 1.8473281860351562, \"no_speech_prob\": 2.9022839953540824e-06}, {\"id\": 32, \"seek\": 2926, \"start\": 47.20000076293945, \"end\": 48.7599983215332, \"text\": \" Because you said you're one of four people in history\", \"tokens\": [51261, 1436, 291, 848, 291, 434, 472, 295, 1451, 561, 294, 2503, 51339], \"temperature\": 0.0, \"avg_logprob\": -0.23753760755062103, \"compression_ratio\": 1.8473281860351562, \"no_speech_prob\": 2.9022839953540824e-06}, {\"id\": 33, \"seek\": 2926, \"start\": 48.7599983215332, \"end\": 50.47999954223633, \"text\": \" that's banned because of Baccarat.\", \"tokens\": [51339, 300, 311, 19564, 570, 295, 363, 326, 6166, 267, 13, 51425], \"temperature\": 0.0, \"avg_logprob\": -0.23753760755062103, \"compression_ratio\": 1.8473281860351562, \"no_speech_prob\": 2.9022839953540824e-06}, {\"id\": 34, \"seek\": 2926, \"start\": 50.47999954223633, \"end\": 52.560001373291016, \"text\": \" You have any kind of back and forth\", \"tokens\": [51425, 509, 362, 604, 733, 295, 646, 293, 5220, 51529], \"temperature\": 0.0, \"avg_logprob\": -0.23753760755062103, \"compression_ratio\": 1.8473281860351562, \"no_speech_prob\": 2.9022839953540824e-06}, {\"id\": 35, \"seek\": 2926, \"start\": 52.560001373291016, \"end\": 53.959999084472656, \"text\": \" with a casino host or anything like that?\", \"tokens\": [51529, 365, 257, 36278, 3975, 420, 1340, 411, 300, 30, 51599], \"temperature\": 0.0, \"avg_logprob\": -0.23753760755062103, \"compression_ratio\": 1.8473281860351562, \"no_speech_prob\": 2.9022839953540824e-06}, {\"id\": 36, \"seek\": 2926, \"start\": 53.959999084472656, \"end\": 55.7599983215332, \"text\": \" Oh my God, bro, you pick a casino.\", \"tokens\": [51599, 876, 452, 1265, 11, 2006, 11, 291, 1888, 257, 36278, 13, 51689], \"temperature\": 0.0, \"avg_logprob\": -0.23753760755062103, \"compression_ratio\": 1.8473281860351562, \"no_speech_prob\": 2.9022839953540824e-06}, {\"id\": 37, \"seek\": 2926, \"start\": 55.7599983215332, \"end\": 56.7599983215332, \"text\": \" I'll pull up some text threads right now.\", \"tokens\": [51689, 286, 603, 2235, 493, 512, 2487, 19314, 558, 586, 13, 51739], \"temperature\": 0.0, \"avg_logprob\": -0.23753760755062103, \"compression_ratio\": 1.8473281860351562, \"no_speech_prob\": 2.9022839953540824e-06}, {\"id\": 38, \"seek\": 2926, \"start\": 56.7599983215332, \"end\": 57.58000183105469, \"text\": \" Yeah, okay.\", \"tokens\": [51739, 865, 11, 1392, 13, 51780], \"temperature\": 0.0, \"avg_logprob\": -0.23753760755062103, \"compression_ratio\": 1.8473281860351562, \"no_speech_prob\": 2.9022839953540824e-06}, {\"id\": 39, \"seek\": 2926, \"start\": 57.58000183105469, \"end\": 58.41999816894531, \"text\": \" Yeah, you just pick one.\", \"tokens\": [51780, 865, 11, 291, 445, 1888, 472, 13, 51822], \"temperature\": 0.0, \"avg_logprob\": -0.23753760755062103, \"compression_ratio\": 1.8473281860351562, \"no_speech_prob\": 2.9022839953540824e-06}, {\"id\": 40, \"seek\": 5842, \"start\": 58.41999816894531, \"end\": 59.68000030517578, \"text\": \" Yeah.\", \"tokens\": [50385, 865, 13, 50427], \"temperature\": 0.0, \"avg_logprob\": -0.6577812433242798, \"compression_ratio\": 0.38461539149284363, \"no_speech_prob\": 0.6570261120796204}]}"}