{"title": "How to get women to chase you (Ep228 Trailer)", "video_id": "-Maym285-gk", "video_url": "https://www.youtube.com/watch?v=-Maym285-gk", "description": "", "published_at": "2023-05-07T15:36:29Z", "channel_id": "UC0O-ohYDF4P66HW9XJ4Us8w", "channel_title": "Robbie Kramer", "tags": [], "category_id": "26", "live_broadcast_content": "none", "duration": 44.0, "dimension": "2d", "definition": "hd", "caption": "false", "view_count": 580, "like_count": 9, "comment_count": 1, "channel_info": {"title": "Robbie Kramer", "description": "I'm Robbie Kramer \ud83c\udf99Host of The Inner Confidence Podcast & Founder of Inner Confidence, Inc.\n\nI lived an exhilarating single life filled with adventures and lessons, and ultimately achieved what I had always aspired to \u2013 finding an amazing, feminine, and loving wife. \n\nI believe my experiences provide a rare balance of wild freedom and committed love, equipping me with the insights to help you navigate the complexities of dating and relationships in today's world. Let me guide you to embrace your desires, improve your social prowess, and ultimately attract the partner who aligns with your highest aspirations.\n\nYou won\u2019t find any fluffy, new-age, or cringy stuff here, just tested, proven and actionable advice that yields results.\n\nApply to join our exclusive Inner Confidence Community of ambitious men who are actively working together to achieve their goals faster   \u25ba https://innerconfidence.com/community\n\nYou can email me at robbie@innerconfidence.com with any questions or comments.\n", "subscriber_count": "1270", "total_views": "604693", "total_videos": "470"}, "comments": [], "file_path": "/Users/aelaguiz/workspace/fc_book/audio/raws/-Maym285-gk.mp3", "transcription": "{\"text\": \"I also, more importantly, I wanted to remove the me sort of chasing. I wanted women to chase me, right? And it's very hard to get a really beautiful woman to chase you unless you have tons of beautiful women around, which I did. But by showing that you have tons of beautiful women around, you look like an incredible fuckboy, which I did look like that too. But I needed to kind of balance that out because when I met you, I was like, okay, this girl is everything I want from a physical perspective. She's beautiful, but more importantly, like you had that sort of personality that someone like I could actually trust, right? Because I dated a lot of women who were hot and fun and all those things, but like they just didn't have the integrity that I was looking for. I didn't feel like I could always kind of like be myself and feel like warm and fuzzy around them. \", \"segments\": [{\"id\": 0, \"seek\": 0, \"start\": 0.0, \"end\": 2.240000009536743, \"text\": \" I also, more importantly, I wanted to remove\", \"tokens\": [50364, 286, 611, 11, 544, 8906, 11, 286, 1415, 281, 4159, 50476], \"temperature\": 0.0, \"avg_logprob\": -0.2254699170589447, \"compression_ratio\": 1.9075907468795776, \"no_speech_prob\": 0.04462914913892746}, {\"id\": 1, \"seek\": 0, \"start\": 2.240000009536743, \"end\": 3.4000000953674316, \"text\": \" the me sort of chasing.\", \"tokens\": [50476, 264, 385, 1333, 295, 17876, 13, 50534], \"temperature\": 0.0, \"avg_logprob\": -0.2254699170589447, \"compression_ratio\": 1.9075907468795776, \"no_speech_prob\": 0.04462914913892746}, {\"id\": 2, \"seek\": 0, \"start\": 3.4000000953674316, \"end\": 5.400000095367432, \"text\": \" I wanted women to chase me, right?\", \"tokens\": [50534, 286, 1415, 2266, 281, 15359, 385, 11, 558, 30, 50634], \"temperature\": 0.0, \"avg_logprob\": -0.2254699170589447, \"compression_ratio\": 1.9075907468795776, \"no_speech_prob\": 0.04462914913892746}, {\"id\": 3, \"seek\": 0, \"start\": 5.400000095367432, \"end\": 7.320000171661377, \"text\": \" And it's very hard to get a really beautiful woman\", \"tokens\": [50634, 400, 309, 311, 588, 1152, 281, 483, 257, 534, 2238, 3059, 50730], \"temperature\": 0.0, \"avg_logprob\": -0.2254699170589447, \"compression_ratio\": 1.9075907468795776, \"no_speech_prob\": 0.04462914913892746}, {\"id\": 4, \"seek\": 0, \"start\": 7.320000171661377, \"end\": 10.279999732971191, \"text\": \" to chase you unless you have tons of beautiful women around,\", \"tokens\": [50730, 281, 15359, 291, 5969, 291, 362, 9131, 295, 2238, 2266, 926, 11, 50878], \"temperature\": 0.0, \"avg_logprob\": -0.2254699170589447, \"compression_ratio\": 1.9075907468795776, \"no_speech_prob\": 0.04462914913892746}, {\"id\": 5, \"seek\": 0, \"start\": 10.279999732971191, \"end\": 11.4399995803833, \"text\": \" which I did.\", \"tokens\": [50878, 597, 286, 630, 13, 50936], \"temperature\": 0.0, \"avg_logprob\": -0.2254699170589447, \"compression_ratio\": 1.9075907468795776, \"no_speech_prob\": 0.04462914913892746}, {\"id\": 6, \"seek\": 0, \"start\": 11.4399995803833, \"end\": 13.720000267028809, \"text\": \" But by showing that you have tons of beautiful women around,\", \"tokens\": [50936, 583, 538, 4099, 300, 291, 362, 9131, 295, 2238, 2266, 926, 11, 51050], \"temperature\": 0.0, \"avg_logprob\": -0.2254699170589447, \"compression_ratio\": 1.9075907468795776, \"no_speech_prob\": 0.04462914913892746}, {\"id\": 7, \"seek\": 0, \"start\": 13.720000267028809, \"end\": 15.4399995803833, \"text\": \" you look like an incredible fuckboy,\", \"tokens\": [51050, 291, 574, 411, 364, 4651, 3275, 12795, 11, 51136], \"temperature\": 0.0, \"avg_logprob\": -0.2254699170589447, \"compression_ratio\": 1.9075907468795776, \"no_speech_prob\": 0.04462914913892746}, {\"id\": 8, \"seek\": 0, \"start\": 15.4399995803833, \"end\": 17.15999984741211, \"text\": \" which I did look like that too.\", \"tokens\": [51136, 597, 286, 630, 574, 411, 300, 886, 13, 51222], \"temperature\": 0.0, \"avg_logprob\": -0.2254699170589447, \"compression_ratio\": 1.9075907468795776, \"no_speech_prob\": 0.04462914913892746}, {\"id\": 9, \"seek\": 0, \"start\": 17.15999984741211, \"end\": 18.760000228881836, \"text\": \" But I needed to kind of balance that out\", \"tokens\": [51222, 583, 286, 2978, 281, 733, 295, 4772, 300, 484, 51302], \"temperature\": 0.0, \"avg_logprob\": -0.2254699170589447, \"compression_ratio\": 1.9075907468795776, \"no_speech_prob\": 0.04462914913892746}, {\"id\": 10, \"seek\": 0, \"start\": 18.760000228881836, \"end\": 20.200000762939453, \"text\": \" because when I met you, I was like,\", \"tokens\": [51302, 570, 562, 286, 1131, 291, 11, 286, 390, 411, 11, 51374], \"temperature\": 0.0, \"avg_logprob\": -0.2254699170589447, \"compression_ratio\": 1.9075907468795776, \"no_speech_prob\": 0.04462914913892746}, {\"id\": 11, \"seek\": 0, \"start\": 20.200000762939453, \"end\": 21.959999084472656, \"text\": \" okay, this girl is everything I want\", \"tokens\": [51374, 1392, 11, 341, 2013, 307, 1203, 286, 528, 51462], \"temperature\": 0.0, \"avg_logprob\": -0.2254699170589447, \"compression_ratio\": 1.9075907468795776, \"no_speech_prob\": 0.04462914913892746}, {\"id\": 12, \"seek\": 0, \"start\": 21.959999084472656, \"end\": 23.600000381469727, \"text\": \" from a physical perspective.\", \"tokens\": [51462, 490, 257, 4001, 4585, 13, 51544], \"temperature\": 0.0, \"avg_logprob\": -0.2254699170589447, \"compression_ratio\": 1.9075907468795776, \"no_speech_prob\": 0.04462914913892746}, {\"id\": 13, \"seek\": 0, \"start\": 23.600000381469727, \"end\": 25.68000030517578, \"text\": \" She's beautiful, but more importantly,\", \"tokens\": [51544, 1240, 311, 2238, 11, 457, 544, 8906, 11, 51648], \"temperature\": 0.0, \"avg_logprob\": -0.2254699170589447, \"compression_ratio\": 1.9075907468795776, \"no_speech_prob\": 0.04462914913892746}, {\"id\": 14, \"seek\": 0, \"start\": 25.68000030517578, \"end\": 27.8799991607666, \"text\": \" like you had that sort of personality\", \"tokens\": [51648, 411, 291, 632, 300, 1333, 295, 9033, 51758], \"temperature\": 0.0, \"avg_logprob\": -0.2254699170589447, \"compression_ratio\": 1.9075907468795776, \"no_speech_prob\": 0.04462914913892746}, {\"id\": 15, \"seek\": 2788, \"start\": 27.8799991607666, \"end\": 30.520000457763672, \"text\": \" that someone like I could actually trust, right?\", \"tokens\": [50364, 300, 1580, 411, 286, 727, 767, 3361, 11, 558, 30, 50496], \"temperature\": 0.0, \"avg_logprob\": -0.2327188402414322, \"compression_ratio\": 1.5591397285461426, \"no_speech_prob\": 0.23074620962142944}, {\"id\": 16, \"seek\": 2788, \"start\": 30.520000457763672, \"end\": 32.68000030517578, \"text\": \" Because I dated a lot of women who were hot and fun\", \"tokens\": [50496, 1436, 286, 23804, 257, 688, 295, 2266, 567, 645, 2368, 293, 1019, 50604], \"temperature\": 0.0, \"avg_logprob\": -0.2327188402414322, \"compression_ratio\": 1.5591397285461426, \"no_speech_prob\": 0.23074620962142944}, {\"id\": 17, \"seek\": 2788, \"start\": 32.68000030517578, \"end\": 33.52000045776367, \"text\": \" and all those things,\", \"tokens\": [50604, 293, 439, 729, 721, 11, 50646], \"temperature\": 0.0, \"avg_logprob\": -0.2327188402414322, \"compression_ratio\": 1.5591397285461426, \"no_speech_prob\": 0.23074620962142944}, {\"id\": 18, \"seek\": 2788, \"start\": 33.52000045776367, \"end\": 36.15999984741211, \"text\": \" but like they just didn't have the integrity\", \"tokens\": [50646, 457, 411, 436, 445, 994, 380, 362, 264, 16000, 50778], \"temperature\": 0.0, \"avg_logprob\": -0.2327188402414322, \"compression_ratio\": 1.5591397285461426, \"no_speech_prob\": 0.23074620962142944}, {\"id\": 19, \"seek\": 2788, \"start\": 36.15999984741211, \"end\": 37.0, \"text\": \" that I was looking for.\", \"tokens\": [50778, 300, 286, 390, 1237, 337, 13, 50820], \"temperature\": 0.0, \"avg_logprob\": -0.2327188402414322, \"compression_ratio\": 1.5591397285461426, \"no_speech_prob\": 0.23074620962142944}, {\"id\": 20, \"seek\": 2788, \"start\": 37.0, \"end\": 39.84000015258789, \"text\": \" I didn't feel like I could always kind of like be myself\", \"tokens\": [50820, 286, 994, 380, 841, 411, 286, 727, 1009, 733, 295, 411, 312, 2059, 50962], \"temperature\": 0.0, \"avg_logprob\": -0.2327188402414322, \"compression_ratio\": 1.5591397285461426, \"no_speech_prob\": 0.23074620962142944}, {\"id\": 21, \"seek\": 2788, \"start\": 39.84000015258789, \"end\": 43.0, \"text\": \" and feel like warm and fuzzy around them.\", \"tokens\": [50962, 293, 841, 411, 4561, 293, 34710, 926, 552, 13, 51120], \"temperature\": 0.0, \"avg_logprob\": -0.2327188402414322, \"compression_ratio\": 1.5591397285461426, \"no_speech_prob\": 0.23074620962142944}]}"}