{"title": "Robbie' s Instant Recall 1 of 2", "video_id": "-Vais6XJ-tE", "video_url": "https://www.youtube.com/watch?v=-Vais6XJ-tE", "description": "", "published_at": "2010-09-05T15:09:50Z", "channel_id": "UC0O-ohYDF4P66HW9XJ4Us8w", "channel_title": "Robbie Kramer", "tags": ["Instant", "Recall"], "category_id": "26", "live_broadcast_content": "none", "duration": 461.0, "dimension": "2d", "definition": "sd", "caption": "false", "view_count": 998, "like_count": 1, "comment_count": 0, "channel_info": {"title": "Robbie Kramer", "description": "I'm Robbie Kramer \ud83c\udf99Host of The Inner Confidence Podcast & Founder of Inner Confidence, Inc.\n\nI lived an exhilarating single life filled with adventures and lessons, and ultimately achieved what I had always aspired to \u2013 finding an amazing, feminine, and loving wife. \n\nI believe my experiences provide a rare balance of wild freedom and committed love, equipping me with the insights to help you navigate the complexities of dating and relationships in today's world. Let me guide you to embrace your desires, improve your social prowess, and ultimately attract the partner who aligns with your highest aspirations.\n\nYou won\u2019t find any fluffy, new-age, or cringy stuff here, just tested, proven and actionable advice that yields results.\n\nApply to join our exclusive Inner Confidence Community of ambitious men who are actively working together to achieve their goals faster   \u25ba https://innerconfidence.com/community\n\nYou can email me at robbie@innerconfidence.com with any questions or comments.\n", "subscriber_count": "1270", "total_views": "604693", "total_videos": "470"}, "comments": [], "file_path": "/Users/aelaguiz/workspace/fc_book/audio/raws/-Vais6XJ-tE.mp3", "transcription": "{\"text\": \"Don't touch that dial, I'm Wink Martindale, and this is Instant Recall, the game show designed to test your patience, and then test your memory. Now, how do we do that? Well, it's simple. We take that set, all these actors, a boatload of cash, a few trucks full of gear, and invade America at will. You think it can't happen to you? Think again. I'm Wink Martindale. That's how I roll. Okay, come on girl. I just said come on girl. I couldn't think of your name. Coming up on Instant Recall. Oh, I'm gonna do that again. Come on girl. I can't do it. Come on girl. You want to do it again? Yeah? All right, let's go. Oh my gosh, what are we doing? Oh my gosh, what are we doing? Go to the front of the room. Oh... What? Come on girl. Come on girl. Come on girl. What? Come on. What? Oh. Oh my gosh. What? Oh. What? Oh. Oh. What? Error. Hello? Hello what are we doing? No. I don't know what he's doing. Shut your mouth and sit. Will he stay or will he go? IRS problems on tax relief. Oh. Ray, what's wrong? I'm sorry. Walter. Walter. Walter? You're going to a surprise party with your cool girlfriend? I really appreciate you guys coming out today. Should we hide?  Surprise! You're here! Oh my gosh! You should have told me I would have brought you out here! Hey, um, there's something I need to tell you. Can you please come here and sit down? Okay. I'm so excited. We're all here because we love you. And I want you to meet Leslie. Leslie is here to help. We need to talk about your addiction today. I'm sorry. I'm sorry. I'm sorry. I'm sorry. I'm sorry. I'm sorry. I'm sorry. I'm sorry. I'm sorry. I'm sorry. I'm sorry. I'm sorry. I'm sorry. I'm sorry. I'm sorry. I'm sorry. Okay, why is my stuff on the table? Why is he wearing my hat? I appreciate what's going on. Renee, just take a deep breath, and feel that this is an extremely safe place for you right now. Right? You guys were here. Absolutely. You're here today for Renee, correct? Yes. Thank you. Thank you, Robbie. I could feel... I could feel Robbie's support. I don't even know you. Groundbroke right now. I don't even know you. Got a block right now. You need to receive, okay? I don't understand. What addiction do I have? Renee, it's about the shopping. Alright, you're not present right now. We're going to need to read some letters. Okay, you guys, you brought some letters? Uncle Joe wanted to be here, but he couldn't. I do have this, and I was hoping... Robbie, could you read this, please? Uh, not really comfortable reading it. You know, I think it would be... It would be better for someone who doesn't know that well to read it. It's... Yeah, it's his words. Uncle Joe's words. If you could just... I'll just read it. Okay. Dearest Renee, I love you very much, and you will always be my little favorite. But you need to stop buying so much useless crap. You have become a total junkie. I do like the golf clubs you bought me, but because of them, I couldn't be there today. I had a 3 p.m. tea time, and there's a $45 non-refundable green. You know how much I hate to waste money. LOL. Use your head. Stop buying so much stuff. Uncle Joe. Well, Robbie, thank you so much. That was really powerful and from a really honest place. Renee, sweetie, how do you feel? I love what I buy. I need what I buy. You don't, okay? Yes, I do. Hey, look at this right here. This is a balloon popper. Do you know how much easier it is to clean up after a party with one of these? Look, it takes forever to pop balloons. It's an advanced design I got at a very expensive store. You guys, honestly, I feel a lot of healing in this room. Raise your hand if you feel what I'm feeling could be healing. I got something to say. I don't really see a problem. Baby. What? There's no baby. First of all, this is my girl. My best girl, alright? Shut your mouth. Sit and sit. I'm going to tell it to you like this. If she didn't have such a shopping addition, this dead booze wouldn't be so good. You know what? I'm just telling you what I'm feeling. You know what? I'm going to tell you something. I'm going to sit down. We're done right now, but when we get home, baby, it's on. Alright? How are you feeling right now? I hate you. Tell her she's sick. You're sick. Renee, you're sick. I've never met you, so I can't say it. Robbie, just say, Renee, you're sick. I've never met her. What are you doing right now? I don't know if you know the term. It's called an enabler. Just tell her she's sick. It's part of the process. Okay, Renee, you're sick. Reggie. I'm sipping. Reggie, say, Renee, you're sick. Renee. Renee. Buy your stuff, girl. I don't get why I'm feeling so much resistance in this room right now, because we're here for Renee. Let's move on with her. I'm going to sit. I didn't want to say this, but we're losing the house. Oh, my God. We're moving to Bourbon. Oh, my God. Robbie, sweetie, can you just come join me for a second? It's beyond words. It's a physical feeling you need to create here for her. No words, Robbie. Just project your support. Feel it like a string pulling from your heart to her heart. Robbie, can I ask you a question? Reveal, guys. Reveal. Do you like game shows? Sure. Hey, Robbie. It's good that you like game shows, because you're on one. I'm Luke Brackneville, and you're with the next show on the Good and Terrible Game Show Instant Recall. When we come back, we're going to test Robbie's recall right here on this very set. Stick around. We'll be back in a week. When I heard the word intervention, I was just like, get me out of here. This is going to be weird. Interventions are not my cup of tea, so I wanted no part of it. But after a while, I was just like, this is too entertaining. I have to stay, so that was great. \", \"segments\": [{\"id\": 0, \"seek\": 0, \"start\": 0.0, \"end\": 11.15999984741211, \"text\": \" Don't touch that dial, I'm Wink Martindale, and this is Instant Recall, the game show\", \"tokens\": [50364, 1468, 380, 2557, 300, 5502, 11, 286, 478, 343, 475, 5807, 471, 1220, 11, 293, 341, 307, 38707, 9647, 336, 11, 264, 1216, 855, 50922], \"temperature\": 0.0, \"avg_logprob\": -0.31901195645332336, \"compression_ratio\": 1.5650407075881958, \"no_speech_prob\": 0.47311919927597046}, {\"id\": 1, \"seek\": 0, \"start\": 11.15999984741211, \"end\": 12.15999984741211, \"text\": \" designed to test your patience, and then test your memory.\", \"tokens\": [50922, 4761, 281, 1500, 428, 14826, 11, 293, 550, 1500, 428, 4675, 13, 50972], \"temperature\": 0.0, \"avg_logprob\": -0.31901195645332336, \"compression_ratio\": 1.5650407075881958, \"no_speech_prob\": 0.47311919927597046}, {\"id\": 2, \"seek\": 0, \"start\": 12.15999984741211, \"end\": 13.15999984741211, \"text\": \" Now, how do we do that?\", \"tokens\": [50972, 823, 11, 577, 360, 321, 360, 300, 30, 51022], \"temperature\": 0.0, \"avg_logprob\": -0.31901195645332336, \"compression_ratio\": 1.5650407075881958, \"no_speech_prob\": 0.47311919927597046}, {\"id\": 3, \"seek\": 0, \"start\": 13.15999984741211, \"end\": 14.15999984741211, \"text\": \" Well, it's simple.\", \"tokens\": [51022, 1042, 11, 309, 311, 2199, 13, 51072], \"temperature\": 0.0, \"avg_logprob\": -0.31901195645332336, \"compression_ratio\": 1.5650407075881958, \"no_speech_prob\": 0.47311919927597046}, {\"id\": 4, \"seek\": 0, \"start\": 14.15999984741211, \"end\": 15.15999984741211, \"text\": \" We take that set, all these actors, a boatload of cash, a few trucks full of gear, and invade\", \"tokens\": [51072, 492, 747, 300, 992, 11, 439, 613, 10037, 11, 257, 6582, 2907, 295, 6388, 11, 257, 1326, 16156, 1577, 295, 7394, 11, 293, 39171, 51122], \"temperature\": 0.0, \"avg_logprob\": -0.31901195645332336, \"compression_ratio\": 1.5650407075881958, \"no_speech_prob\": 0.47311919927597046}, {\"id\": 5, \"seek\": 0, \"start\": 15.15999984741211, \"end\": 16.15999984741211, \"text\": \" America at will.\", \"tokens\": [51122, 3374, 412, 486, 13, 51172], \"temperature\": 0.0, \"avg_logprob\": -0.31901195645332336, \"compression_ratio\": 1.5650407075881958, \"no_speech_prob\": 0.47311919927597046}, {\"id\": 6, \"seek\": 0, \"start\": 16.15999984741211, \"end\": 17.15999984741211, \"text\": \" You think it can't happen to you?\", \"tokens\": [51172, 509, 519, 309, 393, 380, 1051, 281, 291, 30, 51222], \"temperature\": 0.0, \"avg_logprob\": -0.31901195645332336, \"compression_ratio\": 1.5650407075881958, \"no_speech_prob\": 0.47311919927597046}, {\"id\": 7, \"seek\": 0, \"start\": 17.15999984741211, \"end\": 18.15999984741211, \"text\": \" Think again.\", \"tokens\": [51222, 6557, 797, 13, 51272], \"temperature\": 0.0, \"avg_logprob\": -0.31901195645332336, \"compression_ratio\": 1.5650407075881958, \"no_speech_prob\": 0.47311919927597046}, {\"id\": 8, \"seek\": 0, \"start\": 18.15999984741211, \"end\": 19.15999984741211, \"text\": \" I'm Wink Martindale.\", \"tokens\": [51272, 286, 478, 343, 475, 5807, 471, 1220, 13, 51322], \"temperature\": 0.0, \"avg_logprob\": -0.31901195645332336, \"compression_ratio\": 1.5650407075881958, \"no_speech_prob\": 0.47311919927597046}, {\"id\": 9, \"seek\": 0, \"start\": 19.15999984741211, \"end\": 20.15999984741211, \"text\": \" That's how I roll.\", \"tokens\": [51322, 663, 311, 577, 286, 3373, 13, 51372], \"temperature\": 0.0, \"avg_logprob\": -0.31901195645332336, \"compression_ratio\": 1.5650407075881958, \"no_speech_prob\": 0.47311919927597046}, {\"id\": 10, \"seek\": 2016, \"start\": 20.15999984741211, \"end\": 21.15999984741211, \"text\": \" Okay, come on girl.\", \"tokens\": [50364, 1033, 11, 808, 322, 2013, 13, 50414], \"temperature\": 0.800000011920929, \"avg_logprob\": -0.9978270530700684, \"compression_ratio\": 2.0422534942626953, \"no_speech_prob\": 0.7886192202568054}, {\"id\": 11, \"seek\": 2016, \"start\": 21.15999984741211, \"end\": 22.15999984741211, \"text\": \" I just said come on girl.\", \"tokens\": [50414, 286, 445, 848, 598, 1398, 322, 2013, 13, 50464], \"temperature\": 0.800000011920929, \"avg_logprob\": -0.9978270530700684, \"compression_ratio\": 2.0422534942626953, \"no_speech_prob\": 0.7886192202568054}, {\"id\": 12, \"seek\": 2016, \"start\": 22.15999984741211, \"end\": 23.15999984741211, \"text\": \" I couldn't think of your name.\", \"tokens\": [50464, 286, 2809, 380, 519, 295, 428, 1315, 13, 50514], \"temperature\": 0.800000011920929, \"avg_logprob\": -0.9978270530700684, \"compression_ratio\": 2.0422534942626953, \"no_speech_prob\": 0.7886192202568054}, {\"id\": 13, \"seek\": 2016, \"start\": 23.15999984741211, \"end\": 24.15999984741211, \"text\": \" Coming up on Instant Recall.\", \"tokens\": [50514, 12473, 493, 322, 38707, 9647, 336, 13, 50564], \"temperature\": 0.800000011920929, \"avg_logprob\": -0.9978270530700684, \"compression_ratio\": 2.0422534942626953, \"no_speech_prob\": 0.7886192202568054}, {\"id\": 14, \"seek\": 2016, \"start\": 24.15999984741211, \"end\": 25.15999984741211, \"text\": \" Oh, I'm gonna do that again.\", \"tokens\": [50564, 876, 11, 286, 478, 799, 220, 2595, 300, 797, 13, 50614], \"temperature\": 0.800000011920929, \"avg_logprob\": -0.9978270530700684, \"compression_ratio\": 2.0422534942626953, \"no_speech_prob\": 0.7886192202568054}, {\"id\": 15, \"seek\": 2016, \"start\": 25.15999984741211, \"end\": 26.15999984741211, \"text\": \" Come on girl.\", \"tokens\": [50614, 2492, 322, 2013, 13, 50664], \"temperature\": 0.800000011920929, \"avg_logprob\": -0.9978270530700684, \"compression_ratio\": 2.0422534942626953, \"no_speech_prob\": 0.7886192202568054}, {\"id\": 16, \"seek\": 2016, \"start\": 26.15999984741211, \"end\": 27.15999984741211, \"text\": \" I can't do it.\", \"tokens\": [50664, 286, 393, 380, 360, 309, 13, 50714], \"temperature\": 0.800000011920929, \"avg_logprob\": -0.9978270530700684, \"compression_ratio\": 2.0422534942626953, \"no_speech_prob\": 0.7886192202568054}, {\"id\": 17, \"seek\": 2016, \"start\": 27.15999984741211, \"end\": 28.15999984741211, \"text\": \" Come on girl.\", \"tokens\": [50714, 2492, 322, 2013, 13, 50764], \"temperature\": 0.800000011920929, \"avg_logprob\": -0.9978270530700684, \"compression_ratio\": 2.0422534942626953, \"no_speech_prob\": 0.7886192202568054}, {\"id\": 18, \"seek\": 2016, \"start\": 28.15999984741211, \"end\": 29.15999984741211, \"text\": \" You want to do it again?\", \"tokens\": [50764, 509, 528, 281, 360, 309, 797, 30, 50814], \"temperature\": 0.800000011920929, \"avg_logprob\": -0.9978270530700684, \"compression_ratio\": 2.0422534942626953, \"no_speech_prob\": 0.7886192202568054}, {\"id\": 19, \"seek\": 2016, \"start\": 29.15999984741211, \"end\": 30.15999984741211, \"text\": \" Yeah?\", \"tokens\": [50814, 865, 30, 50864], \"temperature\": 0.800000011920929, \"avg_logprob\": -0.9978270530700684, \"compression_ratio\": 2.0422534942626953, \"no_speech_prob\": 0.7886192202568054}, {\"id\": 20, \"seek\": 2016, \"start\": 30.15999984741211, \"end\": 31.15999984741211, \"text\": \" All right, let's go.\", \"tokens\": [50864, 220, 7868, 558, 11, 718, 311, 352, 13, 50914], \"temperature\": 0.800000011920929, \"avg_logprob\": -0.9978270530700684, \"compression_ratio\": 2.0422534942626953, \"no_speech_prob\": 0.7886192202568054}, {\"id\": 21, \"seek\": 2016, \"start\": 31.15999984741211, \"end\": 32.15999984741211, \"text\": \" Oh my gosh, what are we doing?\", \"tokens\": [50914, 876, 452, 6502, 11, 437, 366, 321, 884, 30, 50964], \"temperature\": 0.800000011920929, \"avg_logprob\": -0.9978270530700684, \"compression_ratio\": 2.0422534942626953, \"no_speech_prob\": 0.7886192202568054}, {\"id\": 22, \"seek\": 2016, \"start\": 32.15999984741211, \"end\": 33.15999984741211, \"text\": \" Oh my gosh, what are we doing?\", \"tokens\": [50964, 876, 452, 6502, 11, 437, 366, 321, 884, 30, 51014], \"temperature\": 0.800000011920929, \"avg_logprob\": -0.9978270530700684, \"compression_ratio\": 2.0422534942626953, \"no_speech_prob\": 0.7886192202568054}, {\"id\": 23, \"seek\": 2016, \"start\": 33.15999984741211, \"end\": 34.15999984741211, \"text\": \" Go to the front of the room.\", \"tokens\": [51014, 1037, 281, 264, 1868, 295, 264, 1808, 13, 51064], \"temperature\": 0.800000011920929, \"avg_logprob\": -0.9978270530700684, \"compression_ratio\": 2.0422534942626953, \"no_speech_prob\": 0.7886192202568054}, {\"id\": 24, \"seek\": 2016, \"start\": 34.15999984741211, \"end\": 35.15999984741211, \"text\": \" Oh...\", \"tokens\": [51064, 220, 3756, 485, 51114], \"temperature\": 0.800000011920929, \"avg_logprob\": -0.9978270530700684, \"compression_ratio\": 2.0422534942626953, \"no_speech_prob\": 0.7886192202568054}, {\"id\": 25, \"seek\": 2016, \"start\": 35.15999984741211, \"end\": 36.15999984741211, \"text\": \" What?\", \"tokens\": [51114, 220, 3748, 30, 51164], \"temperature\": 0.800000011920929, \"avg_logprob\": -0.9978270530700684, \"compression_ratio\": 2.0422534942626953, \"no_speech_prob\": 0.7886192202568054}, {\"id\": 26, \"seek\": 2016, \"start\": 36.15999984741211, \"end\": 37.15999984741211, \"text\": \" Come on girl.\", \"tokens\": [51164, 2432, 68, 322, 2013, 13, 51214], \"temperature\": 0.800000011920929, \"avg_logprob\": -0.9978270530700684, \"compression_ratio\": 2.0422534942626953, \"no_speech_prob\": 0.7886192202568054}, {\"id\": 27, \"seek\": 2016, \"start\": 37.15999984741211, \"end\": 38.15999984741211, \"text\": \" Come on girl.\", \"tokens\": [51214, 2492, 322, 2013, 13, 51264], \"temperature\": 0.800000011920929, \"avg_logprob\": -0.9978270530700684, \"compression_ratio\": 2.0422534942626953, \"no_speech_prob\": 0.7886192202568054}, {\"id\": 28, \"seek\": 2016, \"start\": 38.15999984741211, \"end\": 39.15999984741211, \"text\": \" Come on girl.\", \"tokens\": [51264, 2492, 322, 1735, 81, 75, 13, 51314], \"temperature\": 0.800000011920929, \"avg_logprob\": -0.9978270530700684, \"compression_ratio\": 2.0422534942626953, \"no_speech_prob\": 0.7886192202568054}, {\"id\": 29, \"seek\": 2016, \"start\": 39.15999984741211, \"end\": 40.15999984741211, \"text\": \" What?\", \"tokens\": [51314, 708, 30, 51364], \"temperature\": 0.800000011920929, \"avg_logprob\": -0.9978270530700684, \"compression_ratio\": 2.0422534942626953, \"no_speech_prob\": 0.7886192202568054}, {\"id\": 30, \"seek\": 2016, \"start\": 40.15999984741211, \"end\": 41.15999984741211, \"text\": \" Come on.\", \"tokens\": [51364, 2492, 322, 13, 51414], \"temperature\": 0.800000011920929, \"avg_logprob\": -0.9978270530700684, \"compression_ratio\": 2.0422534942626953, \"no_speech_prob\": 0.7886192202568054}, {\"id\": 31, \"seek\": 2016, \"start\": 41.15999984741211, \"end\": 42.15999984741211, \"text\": \" What?\", \"tokens\": [51414, 220, 3748, 30, 51464], \"temperature\": 0.800000011920929, \"avg_logprob\": -0.9978270530700684, \"compression_ratio\": 2.0422534942626953, \"no_speech_prob\": 0.7886192202568054}, {\"id\": 32, \"seek\": 2016, \"start\": 42.15999984741211, \"end\": 43.15999984741211, \"text\": \" Oh.\", \"tokens\": [51464, 876, 13, 51514], \"temperature\": 0.800000011920929, \"avg_logprob\": -0.9978270530700684, \"compression_ratio\": 2.0422534942626953, \"no_speech_prob\": 0.7886192202568054}, {\"id\": 33, \"seek\": 2016, \"start\": 43.15999984741211, \"end\": 44.15999984741211, \"text\": \" Oh my gosh.\", \"tokens\": [51514, 876, 452, 352, 2716, 13, 51564], \"temperature\": 0.800000011920929, \"avg_logprob\": -0.9978270530700684, \"compression_ratio\": 2.0422534942626953, \"no_speech_prob\": 0.7886192202568054}, {\"id\": 34, \"seek\": 2016, \"start\": 44.15999984741211, \"end\": 45.15999984741211, \"text\": \" What?\", \"tokens\": [51564, 708, 30, 51614], \"temperature\": 0.800000011920929, \"avg_logprob\": -0.9978270530700684, \"compression_ratio\": 2.0422534942626953, \"no_speech_prob\": 0.7886192202568054}, {\"id\": 35, \"seek\": 2016, \"start\": 45.15999984741211, \"end\": 46.15999984741211, \"text\": \" Oh.\", \"tokens\": [51614, 876, 13, 51664], \"temperature\": 0.800000011920929, \"avg_logprob\": -0.9978270530700684, \"compression_ratio\": 2.0422534942626953, \"no_speech_prob\": 0.7886192202568054}, {\"id\": 36, \"seek\": 2016, \"start\": 46.15999984741211, \"end\": 47.15999984741211, \"text\": \" What?\", \"tokens\": [51664, 708, 30, 51714], \"temperature\": 0.800000011920929, \"avg_logprob\": -0.9978270530700684, \"compression_ratio\": 2.0422534942626953, \"no_speech_prob\": 0.7886192202568054}, {\"id\": 37, \"seek\": 2016, \"start\": 47.15999984741211, \"end\": 48.15999984741211, \"text\": \" Oh.\", \"tokens\": [51714, 876, 13, 51764], \"temperature\": 0.800000011920929, \"avg_logprob\": -0.9978270530700684, \"compression_ratio\": 2.0422534942626953, \"no_speech_prob\": 0.7886192202568054}, {\"id\": 38, \"seek\": 2016, \"start\": 48.15999984741211, \"end\": 49.15999984741211, \"text\": \" Oh.\", \"tokens\": [51764, 876, 13, 51814], \"temperature\": 0.800000011920929, \"avg_logprob\": -0.9978270530700684, \"compression_ratio\": 2.0422534942626953, \"no_speech_prob\": 0.7886192202568054}, {\"id\": 39, \"seek\": 4916, \"start\": 49.15999984741211, \"end\": 50.15999984741211, \"text\": \" What?\", \"tokens\": [50364, 708, 30, 50414], \"temperature\": 1.0, \"avg_logprob\": -1.4741325378417969, \"compression_ratio\": 1.2635658979415894, \"no_speech_prob\": 0.23765169084072113}, {\"id\": 40, \"seek\": 4916, \"start\": 50.15999984741211, \"end\": 51.15999984741211, \"text\": \" Error.\", \"tokens\": [50414, 3300, 2874, 13, 50464], \"temperature\": 1.0, \"avg_logprob\": -1.4741325378417969, \"compression_ratio\": 1.2635658979415894, \"no_speech_prob\": 0.23765169084072113}, {\"id\": 41, \"seek\": 4916, \"start\": 51.15999984741211, \"end\": 52.15999984741211, \"text\": \" Hello?\", \"tokens\": [50464, 2425, 30, 50514], \"temperature\": 1.0, \"avg_logprob\": -1.4741325378417969, \"compression_ratio\": 1.2635658979415894, \"no_speech_prob\": 0.23765169084072113}, {\"id\": 42, \"seek\": 4916, \"start\": 52.15999984741211, \"end\": 53.15999984741211, \"text\": \" Hello what are we doing?\", \"tokens\": [50514, 220, 39, 338, 752, 437, 594, 68, 321, 884, 30, 50564], \"temperature\": 1.0, \"avg_logprob\": -1.4741325378417969, \"compression_ratio\": 1.2635658979415894, \"no_speech_prob\": 0.23765169084072113}, {\"id\": 43, \"seek\": 4916, \"start\": 53.15999984741211, \"end\": 54.15999984741211, \"text\": \" No.\", \"tokens\": [50564, 883, 13, 50614], \"temperature\": 1.0, \"avg_logprob\": -1.4741325378417969, \"compression_ratio\": 1.2635658979415894, \"no_speech_prob\": 0.23765169084072113}, {\"id\": 44, \"seek\": 4916, \"start\": 54.15999984741211, \"end\": 55.15999984741211, \"text\": \" I don't know what he's doing.\", \"tokens\": [50614, 286, 500, 380, 458, 437, 415, 311, 884, 13, 50664], \"temperature\": 1.0, \"avg_logprob\": -1.4741325378417969, \"compression_ratio\": 1.2635658979415894, \"no_speech_prob\": 0.23765169084072113}, {\"id\": 45, \"seek\": 4916, \"start\": 55.15999984741211, \"end\": 57.08000183105469, \"text\": \" Shut your mouth and sit.\", \"tokens\": [50664, 13870, 288, 396, 4525, 293, 1394, 13, 50760], \"temperature\": 1.0, \"avg_logprob\": -1.4741325378417969, \"compression_ratio\": 1.2635658979415894, \"no_speech_prob\": 0.23765169084072113}, {\"id\": 46, \"seek\": 4916, \"start\": 57.08000183105469, \"end\": 62.34000015258789, \"text\": \" Will he stay or will he go?\", \"tokens\": [50760, 3099, 415, 1754, 420, 486, 415, 352, 30, 51023], \"temperature\": 1.0, \"avg_logprob\": -1.4741325378417969, \"compression_ratio\": 1.2635658979415894, \"no_speech_prob\": 0.23765169084072113}, {\"id\": 47, \"seek\": 4916, \"start\": 62.34000015258789, \"end\": 72.18000030517578, \"text\": \" IRS problems on tax relief.\", \"tokens\": [51023, 33848, 447, 638, 2592, 322, 3366, 10915, 13, 51515], \"temperature\": 1.0, \"avg_logprob\": -1.4741325378417969, \"compression_ratio\": 1.2635658979415894, \"no_speech_prob\": 0.23765169084072113}, {\"id\": 48, \"seek\": 4916, \"start\": 72.18000030517578, \"end\": 76.13999938964844, \"text\": \" Oh.\", \"tokens\": [51515, 220, 3756, 13, 51713], \"temperature\": 1.0, \"avg_logprob\": -1.4741325378417969, \"compression_ratio\": 1.2635658979415894, \"no_speech_prob\": 0.23765169084072113}, {\"id\": 49, \"seek\": 7614, \"start\": 76.16000366210938, \"end\": 92.69999694824219, \"text\": \" Ray, what's wrong?\", \"tokens\": [50365, 10883, 11, 437, 311, 2085, 30, 51192], \"temperature\": 1.0, \"avg_logprob\": -2.9635655879974365, \"compression_ratio\": 0.692307710647583, \"no_speech_prob\": 0.31393304467201233}, {\"id\": 50, \"seek\": 9270, \"start\": 92.69999694824219, \"end\": 101.19999694824219, \"text\": \" I'm sorry.\", \"tokens\": [50364, 286, 478, 2597, 13, 50789], \"temperature\": 1.0, \"avg_logprob\": -2.46433687210083, \"compression_ratio\": 1.2592592239379883, \"no_speech_prob\": 0.4454481899738312}, {\"id\": 51, \"seek\": 9270, \"start\": 101.19999694824219, \"end\": 105.55999755859375, \"text\": \" Walter.\", \"tokens\": [50789, 21572, 13, 51007], \"temperature\": 1.0, \"avg_logprob\": -2.46433687210083, \"compression_ratio\": 1.2592592239379883, \"no_speech_prob\": 0.4454481899738312}, {\"id\": 52, \"seek\": 9270, \"start\": 105.55999755859375, \"end\": 109.16000366210938, \"text\": \" Walter.\", \"tokens\": [51007, 21572, 13, 51187], \"temperature\": 1.0, \"avg_logprob\": -2.46433687210083, \"compression_ratio\": 1.2592592239379883, \"no_speech_prob\": 0.4454481899738312}, {\"id\": 53, \"seek\": 9270, \"start\": 109.16000366210938, \"end\": 112.66000366210938, \"text\": \" Walter?\", \"tokens\": [51187, 21572, 30, 51362], \"temperature\": 1.0, \"avg_logprob\": -2.46433687210083, \"compression_ratio\": 1.2592592239379883, \"no_speech_prob\": 0.4454481899738312}, {\"id\": 54, \"seek\": 11266, \"start\": 112.69999694824219, \"end\": 127.9000015258789, \"text\": \" You're going to a surprise party with your cool girlfriend?\", \"tokens\": [50366, 509, 6, 81, 68, 516, 281, 257, 6365, 3595, 365, 428, 269, 1986, 75, 10369, 30, 51126], \"temperature\": 1.0, \"avg_logprob\": -2.3966829776763916, \"compression_ratio\": 0.921875, \"no_speech_prob\": 0.07253847271203995}, {\"id\": 55, \"seek\": 12790, \"start\": 127.9000015258789, \"end\": 144.89999389648438, \"text\": \" I really appreciate you guys coming out today.\", \"tokens\": [50364, 286, 534, 4449, 291, 1074, 1348, 484, 965, 13, 51214], \"temperature\": 0.0, \"avg_logprob\": -0.6274775862693787, \"compression_ratio\": 0.9610389471054077, \"no_speech_prob\": 0.26703941822052}, {\"id\": 56, \"seek\": 12790, \"start\": 144.89999389648438, \"end\": 145.89999389648438, \"text\": \" Should we hide?\", \"tokens\": [51214, 6454, 321, 6479, 30, 51264], \"temperature\": 0.0, \"avg_logprob\": -0.6274775862693787, \"compression_ratio\": 0.9610389471054077, \"no_speech_prob\": 0.26703941822052}, {\"id\": 57, \"seek\": 12790, \"start\": 145.89999389648438, \"end\": 145.89999389648438, \"text\": \"\", \"tokens\": [], \"temperature\": 0.0, \"avg_logprob\": -0.6274775862693787, \"compression_ratio\": 0.9610389471054077, \"no_speech_prob\": 0.26703941822052, \"words\": []}, {\"id\": 58, \"seek\": 15790, \"start\": 158.89999389648438, \"end\": 159.89999389648438, \"text\": \" Surprise!\", \"tokens\": [50414, 36701, 0, 50464], \"temperature\": 0.0, \"avg_logprob\": -0.2910832464694977, \"compression_ratio\": 2.265486717224121, \"no_speech_prob\": 0.45451951026916504}, {\"id\": 59, \"seek\": 15790, \"start\": 159.89999389648438, \"end\": 160.89999389648438, \"text\": \" You're here!\", \"tokens\": [50464, 509, 434, 510, 0, 50514], \"temperature\": 0.0, \"avg_logprob\": -0.2910832464694977, \"compression_ratio\": 2.265486717224121, \"no_speech_prob\": 0.45451951026916504}, {\"id\": 60, \"seek\": 15790, \"start\": 160.89999389648438, \"end\": 161.89999389648438, \"text\": \" Oh my gosh!\", \"tokens\": [50514, 876, 452, 6502, 0, 50564], \"temperature\": 0.0, \"avg_logprob\": -0.2910832464694977, \"compression_ratio\": 2.265486717224121, \"no_speech_prob\": 0.45451951026916504}, {\"id\": 61, \"seek\": 15790, \"start\": 161.89999389648438, \"end\": 162.89999389648438, \"text\": \" You should have told me I would have brought you out here!\", \"tokens\": [50564, 509, 820, 362, 1907, 385, 286, 576, 362, 3038, 291, 484, 510, 0, 50614], \"temperature\": 0.0, \"avg_logprob\": -0.2910832464694977, \"compression_ratio\": 2.265486717224121, \"no_speech_prob\": 0.45451951026916504}, {\"id\": 62, \"seek\": 15790, \"start\": 162.89999389648438, \"end\": 163.89999389648438, \"text\": \" Hey, um, there's something I need to tell you.\", \"tokens\": [50614, 1911, 11, 1105, 11, 456, 311, 746, 286, 643, 281, 980, 291, 13, 50664], \"temperature\": 0.0, \"avg_logprob\": -0.2910832464694977, \"compression_ratio\": 2.265486717224121, \"no_speech_prob\": 0.45451951026916504}, {\"id\": 63, \"seek\": 15790, \"start\": 163.89999389648438, \"end\": 164.89999389648438, \"text\": \" Can you please come here and sit down?\", \"tokens\": [50664, 1664, 291, 1767, 808, 510, 293, 1394, 760, 30, 50714], \"temperature\": 0.0, \"avg_logprob\": -0.2910832464694977, \"compression_ratio\": 2.265486717224121, \"no_speech_prob\": 0.45451951026916504}, {\"id\": 64, \"seek\": 15790, \"start\": 164.89999389648438, \"end\": 165.89999389648438, \"text\": \" Okay.\", \"tokens\": [50714, 1033, 13, 50764], \"temperature\": 0.0, \"avg_logprob\": -0.2910832464694977, \"compression_ratio\": 2.265486717224121, \"no_speech_prob\": 0.45451951026916504}, {\"id\": 65, \"seek\": 15790, \"start\": 165.89999389648438, \"end\": 166.89999389648438, \"text\": \" I'm so excited.\", \"tokens\": [50764, 286, 478, 370, 2919, 13, 50814], \"temperature\": 0.0, \"avg_logprob\": -0.2910832464694977, \"compression_ratio\": 2.265486717224121, \"no_speech_prob\": 0.45451951026916504}, {\"id\": 66, \"seek\": 15790, \"start\": 166.89999389648438, \"end\": 167.89999389648438, \"text\": \" We're all here because we love you.\", \"tokens\": [50814, 492, 434, 439, 510, 570, 321, 959, 291, 13, 50864], \"temperature\": 0.0, \"avg_logprob\": -0.2910832464694977, \"compression_ratio\": 2.265486717224121, \"no_speech_prob\": 0.45451951026916504}, {\"id\": 67, \"seek\": 15790, \"start\": 167.89999389648438, \"end\": 168.89999389648438, \"text\": \" And I want you to meet Leslie.\", \"tokens\": [50864, 400, 286, 528, 291, 281, 1677, 28140, 13, 50914], \"temperature\": 0.0, \"avg_logprob\": -0.2910832464694977, \"compression_ratio\": 2.265486717224121, \"no_speech_prob\": 0.45451951026916504}, {\"id\": 68, \"seek\": 15790, \"start\": 168.89999389648438, \"end\": 169.89999389648438, \"text\": \" Leslie is here to help.\", \"tokens\": [50914, 28140, 307, 510, 281, 854, 13, 50964], \"temperature\": 0.0, \"avg_logprob\": -0.2910832464694977, \"compression_ratio\": 2.265486717224121, \"no_speech_prob\": 0.45451951026916504}, {\"id\": 69, \"seek\": 15790, \"start\": 169.89999389648438, \"end\": 170.89999389648438, \"text\": \" We need to talk about your addiction today.\", \"tokens\": [50964, 492, 643, 281, 751, 466, 428, 16835, 965, 13, 51014], \"temperature\": 0.0, \"avg_logprob\": -0.2910832464694977, \"compression_ratio\": 2.265486717224121, \"no_speech_prob\": 0.45451951026916504}, {\"id\": 70, \"seek\": 15790, \"start\": 170.89999389648438, \"end\": 171.89999389648438, \"text\": \" I'm sorry.\", \"tokens\": [51014, 286, 478, 2597, 13, 51064], \"temperature\": 0.0, \"avg_logprob\": -0.2910832464694977, \"compression_ratio\": 2.265486717224121, \"no_speech_prob\": 0.45451951026916504}, {\"id\": 71, \"seek\": 15790, \"start\": 171.89999389648438, \"end\": 172.89999389648438, \"text\": \" I'm sorry.\", \"tokens\": [51064, 286, 478, 2597, 13, 51114], \"temperature\": 0.0, \"avg_logprob\": -0.2910832464694977, \"compression_ratio\": 2.265486717224121, \"no_speech_prob\": 0.45451951026916504}, {\"id\": 72, \"seek\": 15790, \"start\": 172.89999389648438, \"end\": 173.89999389648438, \"text\": \" I'm sorry.\", \"tokens\": [51114, 286, 478, 2597, 13, 51164], \"temperature\": 0.0, \"avg_logprob\": -0.2910832464694977, \"compression_ratio\": 2.265486717224121, \"no_speech_prob\": 0.45451951026916504}, {\"id\": 73, \"seek\": 15790, \"start\": 173.89999389648438, \"end\": 174.89999389648438, \"text\": \" I'm sorry.\", \"tokens\": [51164, 286, 478, 2597, 13, 51214], \"temperature\": 0.0, \"avg_logprob\": -0.2910832464694977, \"compression_ratio\": 2.265486717224121, \"no_speech_prob\": 0.45451951026916504}, {\"id\": 74, \"seek\": 15790, \"start\": 174.89999389648438, \"end\": 175.89999389648438, \"text\": \" I'm sorry.\", \"tokens\": [51214, 286, 478, 2597, 13, 51264], \"temperature\": 0.0, \"avg_logprob\": -0.2910832464694977, \"compression_ratio\": 2.265486717224121, \"no_speech_prob\": 0.45451951026916504}, {\"id\": 75, \"seek\": 15790, \"start\": 175.89999389648438, \"end\": 176.89999389648438, \"text\": \" I'm sorry.\", \"tokens\": [51264, 286, 478, 2597, 13, 51314], \"temperature\": 0.0, \"avg_logprob\": -0.2910832464694977, \"compression_ratio\": 2.265486717224121, \"no_speech_prob\": 0.45451951026916504}, {\"id\": 76, \"seek\": 15790, \"start\": 176.89999389648438, \"end\": 177.89999389648438, \"text\": \" I'm sorry.\", \"tokens\": [51314, 286, 478, 2597, 13, 51364], \"temperature\": 0.0, \"avg_logprob\": -0.2910832464694977, \"compression_ratio\": 2.265486717224121, \"no_speech_prob\": 0.45451951026916504}, {\"id\": 77, \"seek\": 15790, \"start\": 177.89999389648438, \"end\": 178.89999389648438, \"text\": \" I'm sorry.\", \"tokens\": [51364, 286, 478, 2597, 13, 51414], \"temperature\": 0.0, \"avg_logprob\": -0.2910832464694977, \"compression_ratio\": 2.265486717224121, \"no_speech_prob\": 0.45451951026916504}, {\"id\": 78, \"seek\": 15790, \"start\": 178.89999389648438, \"end\": 179.89999389648438, \"text\": \" I'm sorry.\", \"tokens\": [51414, 286, 478, 2597, 13, 51464], \"temperature\": 0.0, \"avg_logprob\": -0.2910832464694977, \"compression_ratio\": 2.265486717224121, \"no_speech_prob\": 0.45451951026916504}, {\"id\": 79, \"seek\": 15790, \"start\": 179.89999389648438, \"end\": 180.89999389648438, \"text\": \" I'm sorry.\", \"tokens\": [51464, 286, 478, 2597, 13, 51514], \"temperature\": 0.0, \"avg_logprob\": -0.2910832464694977, \"compression_ratio\": 2.265486717224121, \"no_speech_prob\": 0.45451951026916504}, {\"id\": 80, \"seek\": 15790, \"start\": 180.89999389648438, \"end\": 181.89999389648438, \"text\": \" I'm sorry.\", \"tokens\": [51514, 286, 478, 2597, 13, 51564], \"temperature\": 0.0, \"avg_logprob\": -0.2910832464694977, \"compression_ratio\": 2.265486717224121, \"no_speech_prob\": 0.45451951026916504}, {\"id\": 81, \"seek\": 15790, \"start\": 181.89999389648438, \"end\": 182.89999389648438, \"text\": \" I'm sorry.\", \"tokens\": [51564, 286, 478, 2597, 13, 51614], \"temperature\": 0.0, \"avg_logprob\": -0.2910832464694977, \"compression_ratio\": 2.265486717224121, \"no_speech_prob\": 0.45451951026916504}, {\"id\": 82, \"seek\": 15790, \"start\": 182.89999389648438, \"end\": 183.89999389648438, \"text\": \" I'm sorry.\", \"tokens\": [51614, 286, 478, 2597, 13, 51664], \"temperature\": 0.0, \"avg_logprob\": -0.2910832464694977, \"compression_ratio\": 2.265486717224121, \"no_speech_prob\": 0.45451951026916504}, {\"id\": 83, \"seek\": 15790, \"start\": 183.89999389648438, \"end\": 184.89999389648438, \"text\": \" I'm sorry.\", \"tokens\": [51664, 286, 478, 2597, 13, 51714], \"temperature\": 0.0, \"avg_logprob\": -0.2910832464694977, \"compression_ratio\": 2.265486717224121, \"no_speech_prob\": 0.45451951026916504}, {\"id\": 84, \"seek\": 15790, \"start\": 184.89999389648438, \"end\": 185.89999389648438, \"text\": \" I'm sorry.\", \"tokens\": [51714, 286, 478, 2597, 13, 51764], \"temperature\": 0.0, \"avg_logprob\": -0.2910832464694977, \"compression_ratio\": 2.265486717224121, \"no_speech_prob\": 0.45451951026916504}, {\"id\": 85, \"seek\": 15790, \"start\": 185.89999389648438, \"end\": 186.89999389648438, \"text\": \" I'm sorry.\", \"tokens\": [51764, 286, 478, 2597, 13, 51814], \"temperature\": 0.0, \"avg_logprob\": -0.2910832464694977, \"compression_ratio\": 2.265486717224121, \"no_speech_prob\": 0.45451951026916504}, {\"id\": 86, \"seek\": 18690, \"start\": 187.89999389648438, \"end\": 189.89999389648438, \"text\": \" Okay, why is my stuff on the table?\", \"tokens\": [50414, 1033, 11, 983, 307, 452, 1507, 322, 264, 3199, 30, 50514], \"temperature\": 1.0, \"avg_logprob\": -0.6538920402526855, \"compression_ratio\": 1.597561001777649, \"no_speech_prob\": 0.08014621585607529}, {\"id\": 87, \"seek\": 18690, \"start\": 189.89999389648438, \"end\": 190.89999389648438, \"text\": \" Why is he wearing my hat?\", \"tokens\": [50514, 1545, 307, 220, 675, 3728, 278, 220, 2226, 2385, 30, 50564], \"temperature\": 1.0, \"avg_logprob\": -0.6538920402526855, \"compression_ratio\": 1.597561001777649, \"no_speech_prob\": 0.08014621585607529}, {\"id\": 88, \"seek\": 18690, \"start\": 190.89999389648438, \"end\": 194.89999389648438, \"text\": \" I appreciate what's going on.\", \"tokens\": [50564, 286, 4449, 437, 311, 516, 322, 13, 50764], \"temperature\": 1.0, \"avg_logprob\": -0.6538920402526855, \"compression_ratio\": 1.597561001777649, \"no_speech_prob\": 0.08014621585607529}, {\"id\": 89, \"seek\": 18690, \"start\": 194.89999389648438, \"end\": 198.89999389648438, \"text\": \" Renee, just take a deep breath, and feel that this is an extremely safe place for you right\", \"tokens\": [50764, 47790, 11, 445, 747, 257, 2452, 6045, 11, 293, 841, 300, 256, 4954, 82, 307, 364, 8084, 356, 3273, 15256, 384, 726, 81, 291, 558, 50964], \"temperature\": 1.0, \"avg_logprob\": -0.6538920402526855, \"compression_ratio\": 1.597561001777649, \"no_speech_prob\": 0.08014621585607529}, {\"id\": 90, \"seek\": 18690, \"start\": 198.89999389648438, \"end\": 199.89999389648438, \"text\": \" now.\", \"tokens\": [50964, 586, 13, 51014], \"temperature\": 1.0, \"avg_logprob\": -0.6538920402526855, \"compression_ratio\": 1.597561001777649, \"no_speech_prob\": 0.08014621585607529}, {\"id\": 91, \"seek\": 18690, \"start\": 199.89999389648438, \"end\": 200.89999389648438, \"text\": \" Right?\", \"tokens\": [51014, 1779, 30, 51064], \"temperature\": 1.0, \"avg_logprob\": -0.6538920402526855, \"compression_ratio\": 1.597561001777649, \"no_speech_prob\": 0.08014621585607529}, {\"id\": 92, \"seek\": 18690, \"start\": 200.89999389648438, \"end\": 201.89999389648438, \"text\": \" You guys were here.\", \"tokens\": [51064, 509, 1074, 645, 510, 13, 51114], \"temperature\": 1.0, \"avg_logprob\": -0.6538920402526855, \"compression_ratio\": 1.597561001777649, \"no_speech_prob\": 0.08014621585607529}, {\"id\": 93, \"seek\": 18690, \"start\": 201.89999389648438, \"end\": 202.89999389648438, \"text\": \" Absolutely.\", \"tokens\": [51114, 7021, 13, 51164], \"temperature\": 1.0, \"avg_logprob\": -0.6538920402526855, \"compression_ratio\": 1.597561001777649, \"no_speech_prob\": 0.08014621585607529}, {\"id\": 94, \"seek\": 18690, \"start\": 202.89999389648438, \"end\": 203.89999389648438, \"text\": \" You're here today for Renee, correct?\", \"tokens\": [51164, 509, 434, 510, 965, 337, 47790, 11, 3006, 30, 51214], \"temperature\": 1.0, \"avg_logprob\": -0.6538920402526855, \"compression_ratio\": 1.597561001777649, \"no_speech_prob\": 0.08014621585607529}, {\"id\": 95, \"seek\": 18690, \"start\": 203.89999389648438, \"end\": 204.89999389648438, \"text\": \" Yes.\", \"tokens\": [51214, 1079, 13, 51264], \"temperature\": 1.0, \"avg_logprob\": -0.6538920402526855, \"compression_ratio\": 1.597561001777649, \"no_speech_prob\": 0.08014621585607529}, {\"id\": 96, \"seek\": 18690, \"start\": 204.89999389648438, \"end\": 205.89999389648438, \"text\": \" Thank you.\", \"tokens\": [51264, 1044, 291, 13, 51314], \"temperature\": 1.0, \"avg_logprob\": -0.6538920402526855, \"compression_ratio\": 1.597561001777649, \"no_speech_prob\": 0.08014621585607529}, {\"id\": 97, \"seek\": 18690, \"start\": 205.89999389648438, \"end\": 206.89999389648438, \"text\": \" Thank you, Robbie.\", \"tokens\": [51314, 1044, 291, 11, 45749, 13, 51364], \"temperature\": 1.0, \"avg_logprob\": -0.6538920402526855, \"compression_ratio\": 1.597561001777649, \"no_speech_prob\": 0.08014621585607529}, {\"id\": 98, \"seek\": 18690, \"start\": 206.89999389648438, \"end\": 207.89999389648438, \"text\": \" I could feel...\", \"tokens\": [51364, 286, 727, 841, 485, 51414], \"temperature\": 1.0, \"avg_logprob\": -0.6538920402526855, \"compression_ratio\": 1.597561001777649, \"no_speech_prob\": 0.08014621585607529}, {\"id\": 99, \"seek\": 18690, \"start\": 207.89999389648438, \"end\": 208.89999389648438, \"text\": \" I could feel Robbie's support.\", \"tokens\": [51414, 286, 727, 841, 45749, 311, 1406, 13, 51464], \"temperature\": 1.0, \"avg_logprob\": -0.6538920402526855, \"compression_ratio\": 1.597561001777649, \"no_speech_prob\": 0.08014621585607529}, {\"id\": 100, \"seek\": 18690, \"start\": 208.89999389648438, \"end\": 209.89999389648438, \"text\": \" I don't even know you.\", \"tokens\": [51464, 286, 220, 2595, 77, 380, 754, 458, 291, 13, 51514], \"temperature\": 1.0, \"avg_logprob\": -0.6538920402526855, \"compression_ratio\": 1.597561001777649, \"no_speech_prob\": 0.08014621585607529}, {\"id\": 101, \"seek\": 18690, \"start\": 209.89999389648438, \"end\": 210.89999389648438, \"text\": \" Groundbroke right now.\", \"tokens\": [51514, 28371, 9120, 330, 558, 586, 13, 51564], \"temperature\": 1.0, \"avg_logprob\": -0.6538920402526855, \"compression_ratio\": 1.597561001777649, \"no_speech_prob\": 0.08014621585607529}, {\"id\": 102, \"seek\": 21090, \"start\": 211.89999389648438, \"end\": 213.89999389648438, \"text\": \" I don't even know you.\", \"tokens\": [50414, 286, 500, 380, 754, 458, 291, 13, 50514], \"temperature\": 0.20000000298023224, \"avg_logprob\": -0.23839128017425537, \"compression_ratio\": 1.6203007698059082, \"no_speech_prob\": 0.313370019197464}, {\"id\": 103, \"seek\": 21090, \"start\": 213.89999389648438, \"end\": 214.89999389648438, \"text\": \" Got a block right now.\", \"tokens\": [50514, 5803, 257, 3461, 558, 586, 13, 50564], \"temperature\": 0.20000000298023224, \"avg_logprob\": -0.23839128017425537, \"compression_ratio\": 1.6203007698059082, \"no_speech_prob\": 0.313370019197464}, {\"id\": 104, \"seek\": 21090, \"start\": 214.89999389648438, \"end\": 216.89999389648438, \"text\": \" You need to receive, okay?\", \"tokens\": [50564, 509, 643, 281, 4774, 11, 1392, 30, 50664], \"temperature\": 0.20000000298023224, \"avg_logprob\": -0.23839128017425537, \"compression_ratio\": 1.6203007698059082, \"no_speech_prob\": 0.313370019197464}, {\"id\": 105, \"seek\": 21090, \"start\": 216.89999389648438, \"end\": 217.89999389648438, \"text\": \" I don't understand.\", \"tokens\": [50664, 286, 500, 380, 1223, 13, 50714], \"temperature\": 0.20000000298023224, \"avg_logprob\": -0.23839128017425537, \"compression_ratio\": 1.6203007698059082, \"no_speech_prob\": 0.313370019197464}, {\"id\": 106, \"seek\": 21090, \"start\": 217.89999389648438, \"end\": 218.89999389648438, \"text\": \" What addiction do I have?\", \"tokens\": [50714, 708, 16835, 360, 286, 362, 30, 50764], \"temperature\": 0.20000000298023224, \"avg_logprob\": -0.23839128017425537, \"compression_ratio\": 1.6203007698059082, \"no_speech_prob\": 0.313370019197464}, {\"id\": 107, \"seek\": 21090, \"start\": 218.89999389648438, \"end\": 220.89999389648438, \"text\": \" Renee, it's about the shopping.\", \"tokens\": [50764, 47790, 11, 309, 311, 466, 264, 8688, 13, 50864], \"temperature\": 0.20000000298023224, \"avg_logprob\": -0.23839128017425537, \"compression_ratio\": 1.6203007698059082, \"no_speech_prob\": 0.313370019197464}, {\"id\": 108, \"seek\": 21090, \"start\": 220.89999389648438, \"end\": 222.89999389648438, \"text\": \" Alright, you're not present right now.\", \"tokens\": [50864, 2798, 11, 291, 434, 406, 1974, 558, 586, 13, 50964], \"temperature\": 0.20000000298023224, \"avg_logprob\": -0.23839128017425537, \"compression_ratio\": 1.6203007698059082, \"no_speech_prob\": 0.313370019197464}, {\"id\": 109, \"seek\": 21090, \"start\": 222.89999389648438, \"end\": 223.89999389648438, \"text\": \" We're going to need to read some letters.\", \"tokens\": [50964, 492, 434, 516, 281, 643, 281, 1401, 512, 7825, 13, 51014], \"temperature\": 0.20000000298023224, \"avg_logprob\": -0.23839128017425537, \"compression_ratio\": 1.6203007698059082, \"no_speech_prob\": 0.313370019197464}, {\"id\": 110, \"seek\": 21090, \"start\": 223.89999389648438, \"end\": 225.89999389648438, \"text\": \" Okay, you guys, you brought some letters?\", \"tokens\": [51014, 1033, 11, 291, 1074, 11, 291, 3038, 512, 7825, 30, 51114], \"temperature\": 0.20000000298023224, \"avg_logprob\": -0.23839128017425537, \"compression_ratio\": 1.6203007698059082, \"no_speech_prob\": 0.313370019197464}, {\"id\": 111, \"seek\": 21090, \"start\": 225.89999389648438, \"end\": 229.89999389648438, \"text\": \" Uncle Joe wanted to be here, but he couldn't.\", \"tokens\": [51114, 12347, 6807, 1415, 281, 312, 510, 11, 457, 415, 2809, 380, 13, 51314], \"temperature\": 0.20000000298023224, \"avg_logprob\": -0.23839128017425537, \"compression_ratio\": 1.6203007698059082, \"no_speech_prob\": 0.313370019197464}, {\"id\": 112, \"seek\": 21090, \"start\": 229.89999389648438, \"end\": 231.89999389648438, \"text\": \" I do have this, and I was hoping...\", \"tokens\": [51314, 286, 360, 362, 341, 11, 293, 286, 390, 7159, 485, 51414], \"temperature\": 0.20000000298023224, \"avg_logprob\": -0.23839128017425537, \"compression_ratio\": 1.6203007698059082, \"no_speech_prob\": 0.313370019197464}, {\"id\": 113, \"seek\": 21090, \"start\": 231.89999389648438, \"end\": 233.89999389648438, \"text\": \" Robbie, could you read this, please?\", \"tokens\": [51414, 45749, 11, 727, 291, 1401, 341, 11, 1767, 30, 51514], \"temperature\": 0.20000000298023224, \"avg_logprob\": -0.23839128017425537, \"compression_ratio\": 1.6203007698059082, \"no_speech_prob\": 0.313370019197464}, {\"id\": 114, \"seek\": 21090, \"start\": 233.89999389648438, \"end\": 236.89999389648438, \"text\": \" Uh, not really comfortable reading it.\", \"tokens\": [51514, 4019, 11, 406, 534, 4619, 3760, 309, 13, 51664], \"temperature\": 0.20000000298023224, \"avg_logprob\": -0.23839128017425537, \"compression_ratio\": 1.6203007698059082, \"no_speech_prob\": 0.313370019197464}, {\"id\": 115, \"seek\": 23690, \"start\": 236.89999389648438, \"end\": 238.89999389648438, \"text\": \" You know, I think it would be...\", \"tokens\": [50364, 509, 458, 11, 286, 519, 309, 576, 312, 485, 50464], \"temperature\": 0.0, \"avg_logprob\": -0.21036390960216522, \"compression_ratio\": 1.607913613319397, \"no_speech_prob\": 0.02026229538023472}, {\"id\": 116, \"seek\": 23690, \"start\": 238.89999389648438, \"end\": 241.89999389648438, \"text\": \" It would be better for someone who doesn't know that well to read it.\", \"tokens\": [50464, 467, 576, 312, 1101, 337, 1580, 567, 1177, 380, 458, 300, 731, 281, 1401, 309, 13, 50614], \"temperature\": 0.0, \"avg_logprob\": -0.21036390960216522, \"compression_ratio\": 1.607913613319397, \"no_speech_prob\": 0.02026229538023472}, {\"id\": 117, \"seek\": 23690, \"start\": 241.89999389648438, \"end\": 242.89999389648438, \"text\": \" It's...\", \"tokens\": [50614, 467, 311, 485, 50664], \"temperature\": 0.0, \"avg_logprob\": -0.21036390960216522, \"compression_ratio\": 1.607913613319397, \"no_speech_prob\": 0.02026229538023472}, {\"id\": 118, \"seek\": 23690, \"start\": 242.89999389648438, \"end\": 243.89999389648438, \"text\": \" Yeah, it's his words.\", \"tokens\": [50664, 865, 11, 309, 311, 702, 2283, 13, 50714], \"temperature\": 0.0, \"avg_logprob\": -0.21036390960216522, \"compression_ratio\": 1.607913613319397, \"no_speech_prob\": 0.02026229538023472}, {\"id\": 119, \"seek\": 23690, \"start\": 243.89999389648438, \"end\": 244.89999389648438, \"text\": \" Uncle Joe's words.\", \"tokens\": [50714, 12347, 6807, 311, 2283, 13, 50764], \"temperature\": 0.0, \"avg_logprob\": -0.21036390960216522, \"compression_ratio\": 1.607913613319397, \"no_speech_prob\": 0.02026229538023472}, {\"id\": 120, \"seek\": 23690, \"start\": 244.89999389648438, \"end\": 245.89999389648438, \"text\": \" If you could just...\", \"tokens\": [50764, 759, 291, 727, 445, 485, 50814], \"temperature\": 0.0, \"avg_logprob\": -0.21036390960216522, \"compression_ratio\": 1.607913613319397, \"no_speech_prob\": 0.02026229538023472}, {\"id\": 121, \"seek\": 23690, \"start\": 245.89999389648438, \"end\": 246.89999389648438, \"text\": \" I'll just read it.\", \"tokens\": [50814, 286, 603, 445, 1401, 309, 13, 50864], \"temperature\": 0.0, \"avg_logprob\": -0.21036390960216522, \"compression_ratio\": 1.607913613319397, \"no_speech_prob\": 0.02026229538023472}, {\"id\": 122, \"seek\": 23690, \"start\": 246.89999389648438, \"end\": 247.89999389648438, \"text\": \" Okay.\", \"tokens\": [50864, 1033, 13, 50914], \"temperature\": 0.0, \"avg_logprob\": -0.21036390960216522, \"compression_ratio\": 1.607913613319397, \"no_speech_prob\": 0.02026229538023472}, {\"id\": 123, \"seek\": 23690, \"start\": 248.89999389648438, \"end\": 254.89999389648438, \"text\": \" Dearest Renee, I love you very much, and you will always be my little favorite.\", \"tokens\": [50964, 1346, 17363, 47790, 11, 286, 959, 291, 588, 709, 11, 293, 291, 486, 1009, 312, 452, 707, 2954, 13, 51264], \"temperature\": 0.0, \"avg_logprob\": -0.21036390960216522, \"compression_ratio\": 1.607913613319397, \"no_speech_prob\": 0.02026229538023472}, {\"id\": 124, \"seek\": 23690, \"start\": 254.89999389648438, \"end\": 257.8999938964844, \"text\": \" But you need to stop buying so much useless crap.\", \"tokens\": [51264, 583, 291, 643, 281, 1590, 6382, 370, 709, 14115, 12426, 13, 51414], \"temperature\": 0.0, \"avg_logprob\": -0.21036390960216522, \"compression_ratio\": 1.607913613319397, \"no_speech_prob\": 0.02026229538023472}, {\"id\": 125, \"seek\": 23690, \"start\": 257.8999938964844, \"end\": 259.8999938964844, \"text\": \" You have become a total junkie.\", \"tokens\": [51414, 509, 362, 1813, 257, 3217, 19109, 414, 13, 51514], \"temperature\": 0.0, \"avg_logprob\": -0.21036390960216522, \"compression_ratio\": 1.607913613319397, \"no_speech_prob\": 0.02026229538023472}, {\"id\": 126, \"seek\": 23690, \"start\": 259.8999938964844, \"end\": 264.8999938964844, \"text\": \" I do like the golf clubs you bought me, but because of them, I couldn't be there today.\", \"tokens\": [51514, 286, 360, 411, 264, 12880, 15428, 291, 4243, 385, 11, 457, 570, 295, 552, 11, 286, 2809, 380, 312, 456, 965, 13, 51764], \"temperature\": 0.0, \"avg_logprob\": -0.21036390960216522, \"compression_ratio\": 1.607913613319397, \"no_speech_prob\": 0.02026229538023472}, {\"id\": 127, \"seek\": 26490, \"start\": 264.8999938964844, \"end\": 268.8999938964844, \"text\": \" I had a 3 p.m. tea time, and there's a $45 non-refundable green.\", \"tokens\": [50364, 286, 632, 257, 805, 280, 13, 76, 13, 5817, 565, 11, 293, 456, 311, 257, 1848, 8465, 2107, 12, 265, 21874, 712, 3092, 13, 50564], \"temperature\": 0.0, \"avg_logprob\": -0.21028317511081696, \"compression_ratio\": 1.440000057220459, \"no_speech_prob\": 0.003421622095629573}, {\"id\": 128, \"seek\": 26490, \"start\": 268.8999938964844, \"end\": 270.8999938964844, \"text\": \" You know how much I hate to waste money.\", \"tokens\": [50564, 509, 458, 577, 709, 286, 4700, 281, 5964, 1460, 13, 50664], \"temperature\": 0.0, \"avg_logprob\": -0.21028317511081696, \"compression_ratio\": 1.440000057220459, \"no_speech_prob\": 0.003421622095629573}, {\"id\": 129, \"seek\": 26490, \"start\": 270.8999938964844, \"end\": 271.8999938964844, \"text\": \" LOL.\", \"tokens\": [50664, 15086, 13, 50714], \"temperature\": 0.0, \"avg_logprob\": -0.21028317511081696, \"compression_ratio\": 1.440000057220459, \"no_speech_prob\": 0.003421622095629573}, {\"id\": 130, \"seek\": 26490, \"start\": 271.8999938964844, \"end\": 272.8999938964844, \"text\": \" Use your head.\", \"tokens\": [50714, 8278, 428, 1378, 13, 50764], \"temperature\": 0.0, \"avg_logprob\": -0.21028317511081696, \"compression_ratio\": 1.440000057220459, \"no_speech_prob\": 0.003421622095629573}, {\"id\": 131, \"seek\": 26490, \"start\": 272.8999938964844, \"end\": 273.8999938964844, \"text\": \" Stop buying so much stuff.\", \"tokens\": [50764, 5535, 6382, 370, 709, 1507, 13, 50814], \"temperature\": 0.0, \"avg_logprob\": -0.21028317511081696, \"compression_ratio\": 1.440000057220459, \"no_speech_prob\": 0.003421622095629573}, {\"id\": 132, \"seek\": 26490, \"start\": 273.8999938964844, \"end\": 274.8999938964844, \"text\": \" Uncle Joe.\", \"tokens\": [50814, 12347, 6807, 13, 50864], \"temperature\": 0.0, \"avg_logprob\": -0.21028317511081696, \"compression_ratio\": 1.440000057220459, \"no_speech_prob\": 0.003421622095629573}, {\"id\": 133, \"seek\": 26490, \"start\": 282.8999938964844, \"end\": 283.8999938964844, \"text\": \" Well, Robbie, thank you so much.\", \"tokens\": [51264, 1042, 11, 45749, 11, 1309, 291, 370, 709, 13, 51314], \"temperature\": 0.0, \"avg_logprob\": -0.21028317511081696, \"compression_ratio\": 1.440000057220459, \"no_speech_prob\": 0.003421622095629573}, {\"id\": 134, \"seek\": 26490, \"start\": 283.8999938964844, \"end\": 286.8999938964844, \"text\": \" That was really powerful and from a really honest place.\", \"tokens\": [51314, 663, 390, 534, 4005, 293, 490, 257, 534, 3245, 1081, 13, 51464], \"temperature\": 0.0, \"avg_logprob\": -0.21028317511081696, \"compression_ratio\": 1.440000057220459, \"no_speech_prob\": 0.003421622095629573}, {\"id\": 135, \"seek\": 26490, \"start\": 287.8999938964844, \"end\": 289.8999938964844, \"text\": \" Renee, sweetie, how do you feel?\", \"tokens\": [51514, 47790, 11, 40508, 11, 577, 360, 291, 841, 30, 51614], \"temperature\": 0.0, \"avg_logprob\": -0.21028317511081696, \"compression_ratio\": 1.440000057220459, \"no_speech_prob\": 0.003421622095629573}, {\"id\": 136, \"seek\": 26490, \"start\": 290.8999938964844, \"end\": 291.8999938964844, \"text\": \" I love what I buy.\", \"tokens\": [51664, 286, 959, 437, 286, 2256, 13, 51714], \"temperature\": 0.0, \"avg_logprob\": -0.21028317511081696, \"compression_ratio\": 1.440000057220459, \"no_speech_prob\": 0.003421622095629573}, {\"id\": 137, \"seek\": 26490, \"start\": 291.8999938964844, \"end\": 292.8999938964844, \"text\": \" I need what I buy.\", \"tokens\": [51714, 286, 643, 437, 286, 2256, 13, 51764], \"temperature\": 0.0, \"avg_logprob\": -0.21028317511081696, \"compression_ratio\": 1.440000057220459, \"no_speech_prob\": 0.003421622095629573}, {\"id\": 138, \"seek\": 29290, \"start\": 292.8999938964844, \"end\": 293.8999938964844, \"text\": \" You don't, okay?\", \"tokens\": [50364, 509, 500, 380, 11, 1392, 30, 50414], \"temperature\": 0.0, \"avg_logprob\": -0.20170485973358154, \"compression_ratio\": 1.5667870044708252, \"no_speech_prob\": 0.035114750266075134}, {\"id\": 139, \"seek\": 29290, \"start\": 294.8999938964844, \"end\": 295.8999938964844, \"text\": \" Yes, I do.\", \"tokens\": [50464, 1079, 11, 286, 360, 13, 50514], \"temperature\": 0.0, \"avg_logprob\": -0.20170485973358154, \"compression_ratio\": 1.5667870044708252, \"no_speech_prob\": 0.035114750266075134}, {\"id\": 140, \"seek\": 29290, \"start\": 295.8999938964844, \"end\": 296.8999938964844, \"text\": \" Hey, look at this right here.\", \"tokens\": [50514, 1911, 11, 574, 412, 341, 558, 510, 13, 50564], \"temperature\": 0.0, \"avg_logprob\": -0.20170485973358154, \"compression_ratio\": 1.5667870044708252, \"no_speech_prob\": 0.035114750266075134}, {\"id\": 141, \"seek\": 29290, \"start\": 296.8999938964844, \"end\": 297.8999938964844, \"text\": \" This is a balloon popper.\", \"tokens\": [50564, 639, 307, 257, 16994, 1665, 610, 13, 50614], \"temperature\": 0.0, \"avg_logprob\": -0.20170485973358154, \"compression_ratio\": 1.5667870044708252, \"no_speech_prob\": 0.035114750266075134}, {\"id\": 142, \"seek\": 29290, \"start\": 298.8999938964844, \"end\": 301.8999938964844, \"text\": \" Do you know how much easier it is to clean up after a party with one of these?\", \"tokens\": [50664, 1144, 291, 458, 577, 709, 3571, 309, 307, 281, 2541, 493, 934, 257, 3595, 365, 472, 295, 613, 30, 50814], \"temperature\": 0.0, \"avg_logprob\": -0.20170485973358154, \"compression_ratio\": 1.5667870044708252, \"no_speech_prob\": 0.035114750266075134}, {\"id\": 143, \"seek\": 29290, \"start\": 302.8999938964844, \"end\": 304.8999938964844, \"text\": \" Look, it takes forever to pop balloons.\", \"tokens\": [50864, 2053, 11, 309, 2516, 5680, 281, 1665, 26193, 13, 50964], \"temperature\": 0.0, \"avg_logprob\": -0.20170485973358154, \"compression_ratio\": 1.5667870044708252, \"no_speech_prob\": 0.035114750266075134}, {\"id\": 144, \"seek\": 29290, \"start\": 305.8999938964844, \"end\": 308.8999938964844, \"text\": \" It's an advanced design I got at a very expensive store.\", \"tokens\": [51014, 467, 311, 364, 7339, 1715, 286, 658, 412, 257, 588, 5124, 3531, 13, 51164], \"temperature\": 0.0, \"avg_logprob\": -0.20170485973358154, \"compression_ratio\": 1.5667870044708252, \"no_speech_prob\": 0.035114750266075134}, {\"id\": 145, \"seek\": 29290, \"start\": 311.8999938964844, \"end\": 314.8999938964844, \"text\": \" You guys, honestly, I feel a lot of healing in this room.\", \"tokens\": [51314, 509, 1074, 11, 6095, 11, 286, 841, 257, 688, 295, 9745, 294, 341, 1808, 13, 51464], \"temperature\": 0.0, \"avg_logprob\": -0.20170485973358154, \"compression_ratio\": 1.5667870044708252, \"no_speech_prob\": 0.035114750266075134}, {\"id\": 146, \"seek\": 29290, \"start\": 314.8999938964844, \"end\": 317.8999938964844, \"text\": \" Raise your hand if you feel what I'm feeling could be healing.\", \"tokens\": [51464, 30062, 428, 1011, 498, 291, 841, 437, 286, 478, 2633, 727, 312, 9745, 13, 51614], \"temperature\": 0.0, \"avg_logprob\": -0.20170485973358154, \"compression_ratio\": 1.5667870044708252, \"no_speech_prob\": 0.035114750266075134}, {\"id\": 147, \"seek\": 29290, \"start\": 318.8999938964844, \"end\": 319.8999938964844, \"text\": \" I got something to say.\", \"tokens\": [51664, 286, 658, 746, 281, 584, 13, 51714], \"temperature\": 0.0, \"avg_logprob\": -0.20170485973358154, \"compression_ratio\": 1.5667870044708252, \"no_speech_prob\": 0.035114750266075134}, {\"id\": 148, \"seek\": 29290, \"start\": 320.8999938964844, \"end\": 321.8999938964844, \"text\": \" I don't really see a problem.\", \"tokens\": [51764, 286, 500, 380, 534, 536, 257, 1154, 13, 51814], \"temperature\": 0.0, \"avg_logprob\": -0.20170485973358154, \"compression_ratio\": 1.5667870044708252, \"no_speech_prob\": 0.035114750266075134}, {\"id\": 149, \"seek\": 32290, \"start\": 322.8999938964844, \"end\": 323.8999938964844, \"text\": \" Baby.\", \"tokens\": [50364, 9425, 13, 50414], \"temperature\": 0.0, \"avg_logprob\": -0.2338382601737976, \"compression_ratio\": 1.6863468885421753, \"no_speech_prob\": 0.007090936414897442}, {\"id\": 150, \"seek\": 32290, \"start\": 323.8999938964844, \"end\": 324.8999938964844, \"text\": \" What?\", \"tokens\": [50414, 708, 30, 50464], \"temperature\": 0.0, \"avg_logprob\": -0.2338382601737976, \"compression_ratio\": 1.6863468885421753, \"no_speech_prob\": 0.007090936414897442}, {\"id\": 151, \"seek\": 32290, \"start\": 324.8999938964844, \"end\": 325.8999938964844, \"text\": \" There's no baby.\", \"tokens\": [50464, 821, 311, 572, 3186, 13, 50514], \"temperature\": 0.0, \"avg_logprob\": -0.2338382601737976, \"compression_ratio\": 1.6863468885421753, \"no_speech_prob\": 0.007090936414897442}, {\"id\": 152, \"seek\": 32290, \"start\": 328.8999938964844, \"end\": 329.8999938964844, \"text\": \" First of all, this is my girl.\", \"tokens\": [50664, 2386, 295, 439, 11, 341, 307, 452, 2013, 13, 50714], \"temperature\": 0.0, \"avg_logprob\": -0.2338382601737976, \"compression_ratio\": 1.6863468885421753, \"no_speech_prob\": 0.007090936414897442}, {\"id\": 153, \"seek\": 32290, \"start\": 329.8999938964844, \"end\": 331.8999938964844, \"text\": \" My best girl, alright?\", \"tokens\": [50714, 1222, 1151, 2013, 11, 5845, 30, 50814], \"temperature\": 0.0, \"avg_logprob\": -0.2338382601737976, \"compression_ratio\": 1.6863468885421753, \"no_speech_prob\": 0.007090936414897442}, {\"id\": 154, \"seek\": 32290, \"start\": 332.8999938964844, \"end\": 333.8999938964844, \"text\": \" Shut your mouth.\", \"tokens\": [50864, 13870, 428, 4525, 13, 50914], \"temperature\": 0.0, \"avg_logprob\": -0.2338382601737976, \"compression_ratio\": 1.6863468885421753, \"no_speech_prob\": 0.007090936414897442}, {\"id\": 155, \"seek\": 32290, \"start\": 333.8999938964844, \"end\": 334.8999938964844, \"text\": \" Sit and sit.\", \"tokens\": [50914, 14523, 293, 1394, 13, 50964], \"temperature\": 0.0, \"avg_logprob\": -0.2338382601737976, \"compression_ratio\": 1.6863468885421753, \"no_speech_prob\": 0.007090936414897442}, {\"id\": 156, \"seek\": 32290, \"start\": 335.8999938964844, \"end\": 336.8999938964844, \"text\": \" I'm going to tell it to you like this.\", \"tokens\": [51014, 286, 478, 516, 281, 980, 309, 281, 291, 411, 341, 13, 51064], \"temperature\": 0.0, \"avg_logprob\": -0.2338382601737976, \"compression_ratio\": 1.6863468885421753, \"no_speech_prob\": 0.007090936414897442}, {\"id\": 157, \"seek\": 32290, \"start\": 336.8999938964844, \"end\": 339.8999938964844, \"text\": \" If she didn't have such a shopping addition, this dead booze wouldn't be so good.\", \"tokens\": [51064, 759, 750, 994, 380, 362, 1270, 257, 8688, 4500, 11, 341, 3116, 23113, 1381, 2759, 380, 312, 370, 665, 13, 51214], \"temperature\": 0.0, \"avg_logprob\": -0.2338382601737976, \"compression_ratio\": 1.6863468885421753, \"no_speech_prob\": 0.007090936414897442}, {\"id\": 158, \"seek\": 32290, \"start\": 340.8999938964844, \"end\": 341.8999938964844, \"text\": \" You know what?\", \"tokens\": [51264, 509, 458, 437, 30, 51314], \"temperature\": 0.0, \"avg_logprob\": -0.2338382601737976, \"compression_ratio\": 1.6863468885421753, \"no_speech_prob\": 0.007090936414897442}, {\"id\": 159, \"seek\": 32290, \"start\": 341.8999938964844, \"end\": 342.8999938964844, \"text\": \" I'm just telling you what I'm feeling.\", \"tokens\": [51314, 286, 478, 445, 3585, 291, 437, 286, 478, 2633, 13, 51364], \"temperature\": 0.0, \"avg_logprob\": -0.2338382601737976, \"compression_ratio\": 1.6863468885421753, \"no_speech_prob\": 0.007090936414897442}, {\"id\": 160, \"seek\": 32290, \"start\": 342.8999938964844, \"end\": 343.8999938964844, \"text\": \" You know what?\", \"tokens\": [51364, 509, 458, 437, 30, 51414], \"temperature\": 0.0, \"avg_logprob\": -0.2338382601737976, \"compression_ratio\": 1.6863468885421753, \"no_speech_prob\": 0.007090936414897442}, {\"id\": 161, \"seek\": 32290, \"start\": 343.8999938964844, \"end\": 344.8999938964844, \"text\": \" I'm going to tell you something.\", \"tokens\": [51414, 286, 478, 516, 281, 980, 291, 746, 13, 51464], \"temperature\": 0.0, \"avg_logprob\": -0.2338382601737976, \"compression_ratio\": 1.6863468885421753, \"no_speech_prob\": 0.007090936414897442}, {\"id\": 162, \"seek\": 32290, \"start\": 344.8999938964844, \"end\": 345.8999938964844, \"text\": \" I'm going to sit down.\", \"tokens\": [51464, 286, 478, 516, 281, 1394, 760, 13, 51514], \"temperature\": 0.0, \"avg_logprob\": -0.2338382601737976, \"compression_ratio\": 1.6863468885421753, \"no_speech_prob\": 0.007090936414897442}, {\"id\": 163, \"seek\": 32290, \"start\": 345.8999938964844, \"end\": 347.8999938964844, \"text\": \" We're done right now, but when we get home, baby, it's on.\", \"tokens\": [51514, 492, 434, 1096, 558, 586, 11, 457, 562, 321, 483, 1280, 11, 3186, 11, 309, 311, 322, 13, 51614], \"temperature\": 0.0, \"avg_logprob\": -0.2338382601737976, \"compression_ratio\": 1.6863468885421753, \"no_speech_prob\": 0.007090936414897442}, {\"id\": 164, \"seek\": 32290, \"start\": 348.8999938964844, \"end\": 349.8999938964844, \"text\": \" Alright?\", \"tokens\": [51664, 2798, 30, 51714], \"temperature\": 0.0, \"avg_logprob\": -0.2338382601737976, \"compression_ratio\": 1.6863468885421753, \"no_speech_prob\": 0.007090936414897442}, {\"id\": 165, \"seek\": 32290, \"start\": 350.8999938964844, \"end\": 351.8999938964844, \"text\": \" How are you feeling right now?\", \"tokens\": [51764, 1012, 366, 291, 2633, 558, 586, 30, 51814], \"temperature\": 0.0, \"avg_logprob\": -0.2338382601737976, \"compression_ratio\": 1.6863468885421753, \"no_speech_prob\": 0.007090936414897442}, {\"id\": 166, \"seek\": 35290, \"start\": 353.8999938964844, \"end\": 354.8999938964844, \"text\": \" I hate you.\", \"tokens\": [50414, 286, 4700, 291, 13, 50464], \"temperature\": 0.0, \"avg_logprob\": -0.17619822919368744, \"compression_ratio\": 1.9045454263687134, \"no_speech_prob\": 0.009525716304779053}, {\"id\": 167, \"seek\": 35290, \"start\": 355.8999938964844, \"end\": 356.8999938964844, \"text\": \" Tell her she's sick.\", \"tokens\": [50514, 5115, 720, 750, 311, 4998, 13, 50564], \"temperature\": 0.0, \"avg_logprob\": -0.17619822919368744, \"compression_ratio\": 1.9045454263687134, \"no_speech_prob\": 0.009525716304779053}, {\"id\": 168, \"seek\": 35290, \"start\": 356.8999938964844, \"end\": 357.8999938964844, \"text\": \" You're sick.\", \"tokens\": [50564, 509, 434, 4998, 13, 50614], \"temperature\": 0.0, \"avg_logprob\": -0.17619822919368744, \"compression_ratio\": 1.9045454263687134, \"no_speech_prob\": 0.009525716304779053}, {\"id\": 169, \"seek\": 35290, \"start\": 357.8999938964844, \"end\": 358.8999938964844, \"text\": \" Renee, you're sick.\", \"tokens\": [50614, 47790, 11, 291, 434, 4998, 13, 50664], \"temperature\": 0.0, \"avg_logprob\": -0.17619822919368744, \"compression_ratio\": 1.9045454263687134, \"no_speech_prob\": 0.009525716304779053}, {\"id\": 170, \"seek\": 35290, \"start\": 360.8999938964844, \"end\": 362.8999938964844, \"text\": \" I've never met you, so I can't say it.\", \"tokens\": [50764, 286, 600, 1128, 1131, 291, 11, 370, 286, 393, 380, 584, 309, 13, 50864], \"temperature\": 0.0, \"avg_logprob\": -0.17619822919368744, \"compression_ratio\": 1.9045454263687134, \"no_speech_prob\": 0.009525716304779053}, {\"id\": 171, \"seek\": 35290, \"start\": 362.8999938964844, \"end\": 364.8999938964844, \"text\": \" Robbie, just say, Renee, you're sick.\", \"tokens\": [50864, 45749, 11, 445, 584, 11, 47790, 11, 291, 434, 4998, 13, 50964], \"temperature\": 0.0, \"avg_logprob\": -0.17619822919368744, \"compression_ratio\": 1.9045454263687134, \"no_speech_prob\": 0.009525716304779053}, {\"id\": 172, \"seek\": 35290, \"start\": 365.8999938964844, \"end\": 366.8999938964844, \"text\": \" I've never met her.\", \"tokens\": [51014, 286, 600, 1128, 1131, 720, 13, 51064], \"temperature\": 0.0, \"avg_logprob\": -0.17619822919368744, \"compression_ratio\": 1.9045454263687134, \"no_speech_prob\": 0.009525716304779053}, {\"id\": 173, \"seek\": 35290, \"start\": 366.8999938964844, \"end\": 367.8999938964844, \"text\": \" What are you doing right now?\", \"tokens\": [51064, 708, 366, 291, 884, 558, 586, 30, 51114], \"temperature\": 0.0, \"avg_logprob\": -0.17619822919368744, \"compression_ratio\": 1.9045454263687134, \"no_speech_prob\": 0.009525716304779053}, {\"id\": 174, \"seek\": 35290, \"start\": 367.8999938964844, \"end\": 368.8999938964844, \"text\": \" I don't know if you know the term.\", \"tokens\": [51114, 286, 500, 380, 458, 498, 291, 458, 264, 1433, 13, 51164], \"temperature\": 0.0, \"avg_logprob\": -0.17619822919368744, \"compression_ratio\": 1.9045454263687134, \"no_speech_prob\": 0.009525716304779053}, {\"id\": 175, \"seek\": 35290, \"start\": 368.8999938964844, \"end\": 369.8999938964844, \"text\": \" It's called an enabler.\", \"tokens\": [51164, 467, 311, 1219, 364, 465, 455, 1918, 13, 51214], \"temperature\": 0.0, \"avg_logprob\": -0.17619822919368744, \"compression_ratio\": 1.9045454263687134, \"no_speech_prob\": 0.009525716304779053}, {\"id\": 176, \"seek\": 35290, \"start\": 369.8999938964844, \"end\": 370.8999938964844, \"text\": \" Just tell her she's sick.\", \"tokens\": [51214, 1449, 980, 720, 750, 311, 4998, 13, 51264], \"temperature\": 0.0, \"avg_logprob\": -0.17619822919368744, \"compression_ratio\": 1.9045454263687134, \"no_speech_prob\": 0.009525716304779053}, {\"id\": 177, \"seek\": 35290, \"start\": 370.8999938964844, \"end\": 371.8999938964844, \"text\": \" It's part of the process.\", \"tokens\": [51264, 467, 311, 644, 295, 264, 1399, 13, 51314], \"temperature\": 0.0, \"avg_logprob\": -0.17619822919368744, \"compression_ratio\": 1.9045454263687134, \"no_speech_prob\": 0.009525716304779053}, {\"id\": 178, \"seek\": 35290, \"start\": 371.8999938964844, \"end\": 372.8999938964844, \"text\": \" Okay, Renee, you're sick.\", \"tokens\": [51314, 1033, 11, 47790, 11, 291, 434, 4998, 13, 51364], \"temperature\": 0.0, \"avg_logprob\": -0.17619822919368744, \"compression_ratio\": 1.9045454263687134, \"no_speech_prob\": 0.009525716304779053}, {\"id\": 179, \"seek\": 35290, \"start\": 372.8999938964844, \"end\": 373.8999938964844, \"text\": \" Reggie.\", \"tokens\": [51364, 4791, 9997, 13, 51414], \"temperature\": 0.0, \"avg_logprob\": -0.17619822919368744, \"compression_ratio\": 1.9045454263687134, \"no_speech_prob\": 0.009525716304779053}, {\"id\": 180, \"seek\": 35290, \"start\": 373.8999938964844, \"end\": 374.8999938964844, \"text\": \" I'm sipping.\", \"tokens\": [51414, 286, 478, 1511, 3759, 13, 51464], \"temperature\": 0.0, \"avg_logprob\": -0.17619822919368744, \"compression_ratio\": 1.9045454263687134, \"no_speech_prob\": 0.009525716304779053}, {\"id\": 181, \"seek\": 35290, \"start\": 374.8999938964844, \"end\": 376.8999938964844, \"text\": \" Reggie, say, Renee, you're sick.\", \"tokens\": [51464, 4791, 9997, 11, 584, 11, 47790, 11, 291, 434, 4998, 13, 51564], \"temperature\": 0.0, \"avg_logprob\": -0.17619822919368744, \"compression_ratio\": 1.9045454263687134, \"no_speech_prob\": 0.009525716304779053}, {\"id\": 182, \"seek\": 35290, \"start\": 376.8999938964844, \"end\": 377.8999938964844, \"text\": \" Renee.\", \"tokens\": [51564, 47790, 13, 51614], \"temperature\": 0.0, \"avg_logprob\": -0.17619822919368744, \"compression_ratio\": 1.9045454263687134, \"no_speech_prob\": 0.009525716304779053}, {\"id\": 183, \"seek\": 35290, \"start\": 377.8999938964844, \"end\": 378.8999938964844, \"text\": \" Renee.\", \"tokens\": [51614, 47790, 13, 51664], \"temperature\": 0.0, \"avg_logprob\": -0.17619822919368744, \"compression_ratio\": 1.9045454263687134, \"no_speech_prob\": 0.009525716304779053}, {\"id\": 184, \"seek\": 35290, \"start\": 378.8999938964844, \"end\": 379.8999938964844, \"text\": \" Buy your stuff, girl.\", \"tokens\": [51664, 19146, 428, 1507, 11, 2013, 13, 51714], \"temperature\": 0.0, \"avg_logprob\": -0.17619822919368744, \"compression_ratio\": 1.9045454263687134, \"no_speech_prob\": 0.009525716304779053}, {\"id\": 185, \"seek\": 37990, \"start\": 379.8999938964844, \"end\": 382.8999938964844, \"text\": \" I don't get why I'm feeling so much resistance in this room right now,\", \"tokens\": [50364, 286, 500, 380, 483, 983, 286, 478, 2633, 370, 709, 7335, 294, 341, 1808, 558, 586, 11, 50514], \"temperature\": 0.0, \"avg_logprob\": -0.20687302947044373, \"compression_ratio\": 1.663230299949646, \"no_speech_prob\": 0.03202582523226738}, {\"id\": 186, \"seek\": 37990, \"start\": 382.8999938964844, \"end\": 383.8999938964844, \"text\": \" because we're here for Renee.\", \"tokens\": [50514, 570, 321, 434, 510, 337, 47790, 13, 50564], \"temperature\": 0.0, \"avg_logprob\": -0.20687302947044373, \"compression_ratio\": 1.663230299949646, \"no_speech_prob\": 0.03202582523226738}, {\"id\": 187, \"seek\": 37990, \"start\": 384.8999938964844, \"end\": 385.8999938964844, \"text\": \" Let's move on with her.\", \"tokens\": [50614, 961, 311, 1286, 322, 365, 720, 13, 50664], \"temperature\": 0.0, \"avg_logprob\": -0.20687302947044373, \"compression_ratio\": 1.663230299949646, \"no_speech_prob\": 0.03202582523226738}, {\"id\": 188, \"seek\": 37990, \"start\": 385.8999938964844, \"end\": 386.8999938964844, \"text\": \" I'm going to sit.\", \"tokens\": [50664, 286, 478, 516, 281, 1394, 13, 50714], \"temperature\": 0.0, \"avg_logprob\": -0.20687302947044373, \"compression_ratio\": 1.663230299949646, \"no_speech_prob\": 0.03202582523226738}, {\"id\": 189, \"seek\": 37990, \"start\": 386.8999938964844, \"end\": 388.8999938964844, \"text\": \" I didn't want to say this, but we're losing the house.\", \"tokens\": [50714, 286, 994, 380, 528, 281, 584, 341, 11, 457, 321, 434, 7027, 264, 1782, 13, 50814], \"temperature\": 0.0, \"avg_logprob\": -0.20687302947044373, \"compression_ratio\": 1.663230299949646, \"no_speech_prob\": 0.03202582523226738}, {\"id\": 190, \"seek\": 37990, \"start\": 389.8999938964844, \"end\": 390.8999938964844, \"text\": \" Oh, my God.\", \"tokens\": [50864, 876, 11, 452, 1265, 13, 50914], \"temperature\": 0.0, \"avg_logprob\": -0.20687302947044373, \"compression_ratio\": 1.663230299949646, \"no_speech_prob\": 0.03202582523226738}, {\"id\": 191, \"seek\": 37990, \"start\": 391.8999938964844, \"end\": 392.8999938964844, \"text\": \" We're moving to Bourbon.\", \"tokens\": [50964, 492, 434, 2684, 281, 35866, 4351, 13, 51014], \"temperature\": 0.0, \"avg_logprob\": -0.20687302947044373, \"compression_ratio\": 1.663230299949646, \"no_speech_prob\": 0.03202582523226738}, {\"id\": 192, \"seek\": 37990, \"start\": 393.8999938964844, \"end\": 394.8999938964844, \"text\": \" Oh, my God.\", \"tokens\": [51064, 876, 11, 452, 1265, 13, 51114], \"temperature\": 0.0, \"avg_logprob\": -0.20687302947044373, \"compression_ratio\": 1.663230299949646, \"no_speech_prob\": 0.03202582523226738}, {\"id\": 193, \"seek\": 37990, \"start\": 396.8999938964844, \"end\": 398.8999938964844, \"text\": \" Robbie, sweetie, can you just come join me for a second?\", \"tokens\": [51214, 45749, 11, 40508, 11, 393, 291, 445, 808, 3917, 385, 337, 257, 1150, 30, 51314], \"temperature\": 0.0, \"avg_logprob\": -0.20687302947044373, \"compression_ratio\": 1.663230299949646, \"no_speech_prob\": 0.03202582523226738}, {\"id\": 194, \"seek\": 37990, \"start\": 399.8999938964844, \"end\": 400.8999938964844, \"text\": \" It's beyond words.\", \"tokens\": [51364, 467, 311, 4399, 2283, 13, 51414], \"temperature\": 0.0, \"avg_logprob\": -0.20687302947044373, \"compression_ratio\": 1.663230299949646, \"no_speech_prob\": 0.03202582523226738}, {\"id\": 195, \"seek\": 37990, \"start\": 400.8999938964844, \"end\": 402.8999938964844, \"text\": \" It's a physical feeling you need to create here for her.\", \"tokens\": [51414, 467, 311, 257, 4001, 2633, 291, 643, 281, 1884, 510, 337, 720, 13, 51514], \"temperature\": 0.0, \"avg_logprob\": -0.20687302947044373, \"compression_ratio\": 1.663230299949646, \"no_speech_prob\": 0.03202582523226738}, {\"id\": 196, \"seek\": 37990, \"start\": 402.8999938964844, \"end\": 403.8999938964844, \"text\": \" No words, Robbie.\", \"tokens\": [51514, 883, 2283, 11, 45749, 13, 51564], \"temperature\": 0.0, \"avg_logprob\": -0.20687302947044373, \"compression_ratio\": 1.663230299949646, \"no_speech_prob\": 0.03202582523226738}, {\"id\": 197, \"seek\": 37990, \"start\": 403.8999938964844, \"end\": 404.8999938964844, \"text\": \" Just project your support.\", \"tokens\": [51564, 1449, 1716, 428, 1406, 13, 51614], \"temperature\": 0.0, \"avg_logprob\": -0.20687302947044373, \"compression_ratio\": 1.663230299949646, \"no_speech_prob\": 0.03202582523226738}, {\"id\": 198, \"seek\": 37990, \"start\": 405.8999938964844, \"end\": 407.8999938964844, \"text\": \" Feel it like a string pulling from your heart to her heart.\", \"tokens\": [51664, 14113, 309, 411, 257, 6798, 8407, 490, 428, 1917, 281, 720, 1917, 13, 51764], \"temperature\": 0.0, \"avg_logprob\": -0.20687302947044373, \"compression_ratio\": 1.663230299949646, \"no_speech_prob\": 0.03202582523226738}, {\"id\": 199, \"seek\": 40990, \"start\": 410.8999938964844, \"end\": 412.8999938964844, \"text\": \" Robbie, can I ask you a question?\", \"tokens\": [50414, 45749, 11, 393, 286, 1029, 291, 257, 1168, 30, 50514], \"temperature\": 0.0, \"avg_logprob\": -0.3676288425922394, \"compression_ratio\": 1.5401785373687744, \"no_speech_prob\": 0.0022149323485791683}, {\"id\": 200, \"seek\": 40990, \"start\": 413.8999938964844, \"end\": 414.8999938964844, \"text\": \" Reveal, guys. Reveal.\", \"tokens\": [50564, 1300, 303, 304, 11, 1074, 13, 1300, 303, 304, 13, 50614], \"temperature\": 0.0, \"avg_logprob\": -0.3676288425922394, \"compression_ratio\": 1.5401785373687744, \"no_speech_prob\": 0.0022149323485791683}, {\"id\": 201, \"seek\": 40990, \"start\": 418.8999938964844, \"end\": 419.8999938964844, \"text\": \" Do you like game shows?\", \"tokens\": [50814, 1144, 291, 411, 1216, 3110, 30, 50864], \"temperature\": 0.0, \"avg_logprob\": -0.3676288425922394, \"compression_ratio\": 1.5401785373687744, \"no_speech_prob\": 0.0022149323485791683}, {\"id\": 202, \"seek\": 40990, \"start\": 420.8999938964844, \"end\": 421.8999938964844, \"text\": \" Sure.\", \"tokens\": [50914, 4894, 13, 50964], \"temperature\": 0.0, \"avg_logprob\": -0.3676288425922394, \"compression_ratio\": 1.5401785373687744, \"no_speech_prob\": 0.0022149323485791683}, {\"id\": 203, \"seek\": 40990, \"start\": 422.8999938964844, \"end\": 423.8999938964844, \"text\": \" Hey, Robbie.\", \"tokens\": [51014, 1911, 11, 45749, 13, 51064], \"temperature\": 0.0, \"avg_logprob\": -0.3676288425922394, \"compression_ratio\": 1.5401785373687744, \"no_speech_prob\": 0.0022149323485791683}, {\"id\": 204, \"seek\": 40990, \"start\": 423.8999938964844, \"end\": 426.8999938964844, \"text\": \" It's good that you like game shows, because you're on one.\", \"tokens\": [51064, 467, 311, 665, 300, 291, 411, 1216, 3110, 11, 570, 291, 434, 322, 472, 13, 51214], \"temperature\": 0.0, \"avg_logprob\": -0.3676288425922394, \"compression_ratio\": 1.5401785373687744, \"no_speech_prob\": 0.0022149323485791683}, {\"id\": 205, \"seek\": 40990, \"start\": 426.8999938964844, \"end\": 429.8999938964844, \"text\": \" I'm Luke Brackneville, and you're with the next show on the\", \"tokens\": [51214, 286, 478, 441, 15420, 1603, 501, 716, 8386, 11, 293, 291, 434, 365, 264, 958, 855, 322, 264, 51364], \"temperature\": 0.0, \"avg_logprob\": -0.3676288425922394, \"compression_ratio\": 1.5401785373687744, \"no_speech_prob\": 0.0022149323485791683}, {\"id\": 206, \"seek\": 40990, \"start\": 429.8999938964844, \"end\": 431.8999938964844, \"text\": \" Good and Terrible Game Show Instant Recall.\", \"tokens\": [51364, 2205, 293, 6564, 4457, 7522, 6895, 38707, 9647, 336, 13, 51464], \"temperature\": 0.0, \"avg_logprob\": -0.3676288425922394, \"compression_ratio\": 1.5401785373687744, \"no_speech_prob\": 0.0022149323485791683}, {\"id\": 207, \"seek\": 40990, \"start\": 432.8999938964844, \"end\": 437.8999938964844, \"text\": \" When we come back, we're going to test Robbie's recall right here on this very set.\", \"tokens\": [51514, 1133, 321, 808, 646, 11, 321, 434, 516, 281, 1500, 45749, 311, 9901, 558, 510, 322, 341, 588, 992, 13, 51764], \"temperature\": 0.0, \"avg_logprob\": -0.3676288425922394, \"compression_ratio\": 1.5401785373687744, \"no_speech_prob\": 0.0022149323485791683}, {\"id\": 208, \"seek\": 43790, \"start\": 438.8999938964844, \"end\": 440.8999938964844, \"text\": \" Stick around. We'll be back in a week.\", \"tokens\": [50414, 22744, 926, 13, 492, 603, 312, 646, 294, 257, 1243, 13, 50514], \"temperature\": 0.0, \"avg_logprob\": -0.1898329108953476, \"compression_ratio\": 1.565445065498352, \"no_speech_prob\": 0.021942775696516037}, {\"id\": 209, \"seek\": 43790, \"start\": 442.8999938964844, \"end\": 445.8999938964844, \"text\": \" When I heard the word intervention, I was just like, get me out of here.\", \"tokens\": [50614, 1133, 286, 2198, 264, 1349, 13176, 11, 286, 390, 445, 411, 11, 483, 385, 484, 295, 510, 13, 50764], \"temperature\": 0.0, \"avg_logprob\": -0.1898329108953476, \"compression_ratio\": 1.565445065498352, \"no_speech_prob\": 0.021942775696516037}, {\"id\": 210, \"seek\": 43790, \"start\": 445.8999938964844, \"end\": 446.8999938964844, \"text\": \" This is going to be weird.\", \"tokens\": [50764, 639, 307, 516, 281, 312, 3657, 13, 50814], \"temperature\": 0.0, \"avg_logprob\": -0.1898329108953476, \"compression_ratio\": 1.565445065498352, \"no_speech_prob\": 0.021942775696516037}, {\"id\": 211, \"seek\": 43790, \"start\": 448.8999938964844, \"end\": 452.8999938964844, \"text\": \" Interventions are not my cup of tea, so I wanted no part of it.\", \"tokens\": [50914, 5751, 15051, 366, 406, 452, 4414, 295, 5817, 11, 370, 286, 1415, 572, 644, 295, 309, 13, 51114], \"temperature\": 0.0, \"avg_logprob\": -0.1898329108953476, \"compression_ratio\": 1.565445065498352, \"no_speech_prob\": 0.021942775696516037}, {\"id\": 212, \"seek\": 43790, \"start\": 452.8999938964844, \"end\": 455.8999938964844, \"text\": \" But after a while, I was just like, this is too entertaining.\", \"tokens\": [51114, 583, 934, 257, 1339, 11, 286, 390, 445, 411, 11, 341, 307, 886, 20402, 13, 51264], \"temperature\": 0.0, \"avg_logprob\": -0.1898329108953476, \"compression_ratio\": 1.565445065498352, \"no_speech_prob\": 0.021942775696516037}, {\"id\": 213, \"seek\": 43790, \"start\": 455.8999938964844, \"end\": 457.8999938964844, \"text\": \" I have to stay, so that was great.\", \"tokens\": [51264, 286, 362, 281, 1754, 11, 370, 300, 390, 869, 13, 51364], \"temperature\": 0.0, \"avg_logprob\": -0.1898329108953476, \"compression_ratio\": 1.565445065498352, \"no_speech_prob\": 0.021942775696516037}]}"}