{"title": "Bottle Service Girl Discusses When Guys Call & How Often She Flakes", "video_id": "0_morJhb5Zg", "video_url": "https://www.youtube.com/watch?v=0_morJhb5Zg", "description": "To listen to more episodes of the Inner Confidence Podcast, visit the links below:\nWebsite: https://innerconfidence.com/podcast/\niTunes:https://podcasts.apple.com/us/podcast/inner-confidence-podcast/id986699444 \nSpotify: https://open.spotify.com/show/2zkWuTnt7whvnR6CO6oNPV\nRSS: https://innerconfidence.com/series/leverage-podcast/feed/\n\nAnd if you're interested in learning more about my coaching services and connecting with me, check out these links:\nLinkTree: https://linktr.ee/Robbiekramer\nMain Site: https://innerconfidence.com/\nInstagram: https://www.instagram.com/robbie_kramer/\nTikTok: https://www.tiktok.com/@robbie.kramer\nYouTube: https://www.youtube.com/innerconfidence\n\nThank you for tuning in, and I look forward to helping you build your inner confidence and achieve success!\n\nJoin us : https://innerconfidence.com/leverage/\nBook a call with me : https://start.innerconfidence.com/video1\n\n\n#personaldevelopment #selfimprovement #innerconfidence #innerconfidencepodcast #podcast #coaching #success #motivation #inspiration #mindset #datingcoach #relationshipgoals #confidencecoach #selfimprovement #successfulmen", "published_at": "2013-09-10T21:30:20Z", "channel_id": "UC0O-ohYDF4P66HW9XJ4Us8w", "channel_title": "Robbie Kramer", "tags": [], "category_id": "24", "live_broadcast_content": "none", "duration": 452.0, "dimension": "2d", "definition": "sd", "caption": "false", "view_count": 875, "like_count": 4, "comment_count": 0, "channel_info": {"title": "Robbie Kramer", "description": "I'm Robbie Kramer \ud83c\udf99Host of The Inner Confidence Podcast & Founder of Inner Confidence, Inc.\n\nI lived an exhilarating single life filled with adventures and lessons, and ultimately achieved what I had always aspired to \u2013 finding an amazing, feminine, and loving wife. \n\nI believe my experiences provide a rare balance of wild freedom and committed love, equipping me with the insights to help you navigate the complexities of dating and relationships in today's world. Let me guide you to embrace your desires, improve your social prowess, and ultimately attract the partner who aligns with your highest aspirations.\n\nYou won\u2019t find any fluffy, new-age, or cringy stuff here, just tested, proven and actionable advice that yields results.\n\nApply to join our exclusive Inner Confidence Community of ambitious men who are actively working together to achieve their goals faster   \u25ba https://innerconfidence.com/community\n\nYou can email me at robbie@innerconfidence.com with any questions or comments.\n", "subscriber_count": "1270", "total_views": "604693", "total_videos": "470"}, "comments": [], "file_path": "/Users/aelaguiz/workspace/fc_book/audio/raws/0_morJhb5Zg.mp3", "transcription": "{\"text\": \"So here's a guy named Jason on Tinder, he wants my number because he's going to call me at a gentlemanly hour. I'm not going to pick up that call, I'll be honest, I'm not going to pick up this call. I don't want to talk on the phone with a person that I don't really know. I would much prefer to text or get to know him through Tinder. So I'd have to save that number so he wouldn't call. I'm probably most likely going to save Jason from Tinder on my phone. As Jason who likes to call. And I'd have to go out on a date with this mofo for the article. But if it weren't for the article I wouldn't answer. And then he'd probably text me because I wouldn't pick up. And then I'd feel awkward because now I haven't called him back. And it's just a term. Now I feel guilty. It's awkward. I just won't call. Who do you need? That's what I would do if it weren't for the situation. And then we have a guy named Jeffrey who wanted to know what my Instagram was. I think that's kind of a cool new way to feel somebody out these days. It's better than what's your email or what's your Facebook. I don't accept Facebook friends unless I've met the person. But Instagram is a little different. I had Snapchat for like a week and a half. And then I deleted it. That's a good question. I've never been asked that before. Snapchat, in my opinion, automatically... It's almost the same as chat roulette. It's like sexual. People send them... If a guy asked me to Snapchat right off the bat, I'd be like, he wants dirty pics. So it'd probably turn me off. A guy who's asked to Snapchat from a girl? Do it. Obviously. If she's into it, then for sure. But it's a little risky to ask her. If you bring it up on the date and make a joke about it, and then establish some kind of repertoire, some kind of rapport, then I think it's okay. But I wouldn't send a request just straight off. It makes it seem creepy. So those are all the dates you have set up? No. So there's a third guy on Tinder. His name is Mason. And I saw that we had about seven friends in common on Facebook. I love that feature on this app. Totally piques my interest. Versus somebody that I have no friends with. And this guy, I actually am kind of looking forward to meeting up with him. He doesn't seem like a total idiot. But at this point, that's what it's come to. If the guy isn't a total douche, I'm excited for my date now. So lame. So lame. So his first message was, Hi cutie, must have had some really good karma coming my way. Thanks for thinking I'm cute. Two points for you. And then I said, smiley face, I saw we have a lot of friends in common. He said, I saw that too. Nice to meet you. He didn't say anything. And because I have to write this article, I made the first move, which I normally don't do. And I said, so how does this thing work now, LOL? My first few days on here, is it time to recommend meeting in person? Ha ha. And he said, ha ha, well, if this was the beginning of a bad movie, we would meet for coffee. I can do better than that. Let's chat through text. And. Sorry, I'm having trouble keeping all my guys in line. Pretty good. Yeah, I know. Okay. And he goes, hi, it's Mason. Just wanted to text you my number. Good night. And sent me an emoji. I didn't text him back. I said, morning, sir. He said, top of the day to you, which is kind of nerdy. And then I said, are you free to grab drinks this week? And we're just going along with planning. When I told him I live in West Hollywood, he said, okay, I think I have something fun planned. So. So you're chasing after this guy. At least in his mind. Yeah. I've decided to kind of take different approaches with each guy. I don't know what you think. What do you mean? Well, now I'm about to flake. This is one of the guys I have to flake on. Whatever. He's probably going to suck. They all do. Come on. Anyway, it's time to flake on Mason. So I'm going to say, Mason. Is there any way we can move this to tomorrow? My sister is begging me to do something for her. However, if you're feeling frisky, we're going to be at Corfu later. If he has enough guts to come and he can impress me, I'll probably be into this guy. That is something I do with guys sometimes. We discussed it earlier. Is bringing a guy into my group situation. Now, I'm a little bit more aggressive with this. I like to do this to guys. I like to watch them squirm. I'm kind of sick like that. If a guy can't keep up, I have no patience for it. It's the one thing. Sometimes I'll do that. If I'm on the cusp of deciding how I feel about a guy, I'll bring him out on a night where I know it's going to be crazy or whatever. I'm just going to be surrounded by lots of people and I'll see how he does. I did this with a guy not that long ago here in LA. A guy named John. He's a chef at a place somewhere here in LA. We went to a strip club. He didn't have any cash on him. I didn't really knock him for that. Formal outfit. Jeans. Mid-blue jeans with dress shoes and a button-down shirt. At this point, we met up late in the night at 1.30 in the morning. I was drunk and I just wanted to have fun. He was another person in our group. He didn't really do well in the group setting. \", \"segments\": [{\"id\": 0, \"seek\": 0, \"start\": 0.0, \"end\": 17.079999923706055, \"text\": \" So here's a guy named Jason on Tinder, he wants my number because he's going to call\", \"tokens\": [50364, 407, 510, 311, 257, 2146, 4926, 11181, 322, 49341, 11, 415, 5406, 580, 82, 452, 1230, 570, 415, 311, 516, 281, 818, 51218], \"temperature\": 0.0, \"avg_logprob\": -0.40415024757385254, \"compression_ratio\": 1.6190476417541504, \"no_speech_prob\": 0.10929690301418304}, {\"id\": 1, \"seek\": 0, \"start\": 17.079999923706055, \"end\": 18.079999923706055, \"text\": \" me at a gentlemanly hour.\", \"tokens\": [51218, 385, 412, 257, 15761, 356, 1773, 13, 51268], \"temperature\": 0.0, \"avg_logprob\": -0.40415024757385254, \"compression_ratio\": 1.6190476417541504, \"no_speech_prob\": 0.10929690301418304}, {\"id\": 2, \"seek\": 0, \"start\": 18.079999923706055, \"end\": 19.079999923706055, \"text\": \" I'm not going to pick up that call, I'll be honest, I'm not going to pick up this call.\", \"tokens\": [51268, 286, 478, 406, 516, 281, 1888, 493, 300, 818, 11, 286, 603, 312, 3245, 11, 286, 478, 406, 516, 281, 1888, 493, 341, 818, 13, 51318], \"temperature\": 0.0, \"avg_logprob\": -0.40415024757385254, \"compression_ratio\": 1.6190476417541504, \"no_speech_prob\": 0.10929690301418304}, {\"id\": 3, \"seek\": 0, \"start\": 19.079999923706055, \"end\": 20.079999923706055, \"text\": \" I don't want to talk on the phone with a person that I don't really know.\", \"tokens\": [51318, 286, 500, 380, 528, 281, 751, 322, 264, 2593, 365, 257, 954, 300, 286, 500, 380, 534, 458, 13, 51368], \"temperature\": 0.0, \"avg_logprob\": -0.40415024757385254, \"compression_ratio\": 1.6190476417541504, \"no_speech_prob\": 0.10929690301418304}, {\"id\": 4, \"seek\": 2008, \"start\": 20.959999084472656, \"end\": 23.959999084472656, \"text\": \" I would much prefer to text or get to know him through Tinder.\", \"tokens\": [50408, 286, 576, 709, 4382, 281, 2487, 420, 483, 281, 458, 796, 807, 49341, 13, 50558], \"temperature\": 0.800000011920929, \"avg_logprob\": -0.7774689197540283, \"compression_ratio\": 1.3503649234771729, \"no_speech_prob\": 0.4183233678340912}, {\"id\": 5, \"seek\": 2008, \"start\": 23.959999084472656, \"end\": 32.959999084472656, \"text\": \" So I'd have to save that number so he wouldn't call.\", \"tokens\": [50558, 407, 286, 1116, 362, 281, 3155, 300, 297, 4182, 370, 415, 2759, 380, 818, 13, 51008], \"temperature\": 0.800000011920929, \"avg_logprob\": -0.7774689197540283, \"compression_ratio\": 1.3503649234771729, \"no_speech_prob\": 0.4183233678340912}, {\"id\": 6, \"seek\": 2008, \"start\": 32.959999084472656, \"end\": 43.959999084472656, \"text\": \" I'm probably most likely going to save Jason from Tinder on my phone.\", \"tokens\": [51008, 286, 478, 1391, 881, 2913, 736, 516, 281, 3155, 11181, 490, 49341, 322, 452, 2593, 13, 51558], \"temperature\": 0.800000011920929, \"avg_logprob\": -0.7774689197540283, \"compression_ratio\": 1.3503649234771729, \"no_speech_prob\": 0.4183233678340912}, {\"id\": 7, \"seek\": 4396, \"start\": 43.959999084472656, \"end\": 50.959999084472656, \"text\": \" As Jason who likes to call.\", \"tokens\": [50364, 1018, 11181, 567, 5902, 281, 818, 13, 50714], \"temperature\": 0.4000000059604645, \"avg_logprob\": -0.3308955430984497, \"compression_ratio\": 1.5979381799697876, \"no_speech_prob\": 0.0966140553355217}, {\"id\": 8, \"seek\": 4396, \"start\": 50.959999084472656, \"end\": 59.959999084472656, \"text\": \" And I'd have to go out on a date with this mofo for the article.\", \"tokens\": [50714, 400, 286, 1116, 362, 281, 352, 484, 322, 257, 4002, 365, 341, 705, 16931, 337, 264, 7222, 13, 51164], \"temperature\": 0.4000000059604645, \"avg_logprob\": -0.3308955430984497, \"compression_ratio\": 1.5979381799697876, \"no_speech_prob\": 0.0966140553355217}, {\"id\": 9, \"seek\": 4396, \"start\": 59.959999084472656, \"end\": 62.959999084472656, \"text\": \" But if it weren't for the article I wouldn't answer.\", \"tokens\": [51164, 583, 498, 309, 4999, 380, 337, 264, 7222, 286, 2759, 380, 1867, 13, 51314], \"temperature\": 0.4000000059604645, \"avg_logprob\": -0.3308955430984497, \"compression_ratio\": 1.5979381799697876, \"no_speech_prob\": 0.0966140553355217}, {\"id\": 10, \"seek\": 4396, \"start\": 62.959999084472656, \"end\": 65.95999908447266, \"text\": \" And then he'd probably text me because I wouldn't pick up.\", \"tokens\": [51314, 400, 550, 415, 1116, 1391, 2487, 385, 570, 286, 2759, 380, 1888, 493, 13, 51464], \"temperature\": 0.4000000059604645, \"avg_logprob\": -0.3308955430984497, \"compression_ratio\": 1.5979381799697876, \"no_speech_prob\": 0.0966140553355217}, {\"id\": 11, \"seek\": 4396, \"start\": 65.95999908447266, \"end\": 68.95999908447266, \"text\": \" And then I'd feel awkward because now I haven't called him back.\", \"tokens\": [51464, 400, 550, 286, 1116, 841, 11411, 570, 586, 286, 2378, 380, 1219, 796, 646, 13, 51614], \"temperature\": 0.4000000059604645, \"avg_logprob\": -0.3308955430984497, \"compression_ratio\": 1.5979381799697876, \"no_speech_prob\": 0.0966140553355217}, {\"id\": 12, \"seek\": 4396, \"start\": 68.95999908447266, \"end\": 71.95999908447266, \"text\": \" And it's just a term. Now I feel guilty.\", \"tokens\": [51614, 400, 309, 311, 445, 257, 535, 81, 76, 13, 823, 286, 841, 12341, 13, 51764], \"temperature\": 0.4000000059604645, \"avg_logprob\": -0.3308955430984497, \"compression_ratio\": 1.5979381799697876, \"no_speech_prob\": 0.0966140553355217}, {\"id\": 13, \"seek\": 7196, \"start\": 72.95999908447266, \"end\": 75.95999908447266, \"text\": \" It's awkward. I just won't call. Who do you need?\", \"tokens\": [50414, 467, 311, 11411, 13, 286, 445, 1582, 380, 818, 13, 2102, 360, 291, 643, 30, 50564], \"temperature\": 0.0, \"avg_logprob\": -0.25474274158477783, \"compression_ratio\": 1.5071769952774048, \"no_speech_prob\": 0.3308682441711426}, {\"id\": 14, \"seek\": 7196, \"start\": 75.95999908447266, \"end\": 80.95999908447266, \"text\": \" That's what I would do if it weren't for the situation.\", \"tokens\": [50564, 663, 311, 437, 286, 576, 360, 498, 309, 4999, 380, 337, 264, 2590, 13, 50814], \"temperature\": 0.0, \"avg_logprob\": -0.25474274158477783, \"compression_ratio\": 1.5071769952774048, \"no_speech_prob\": 0.3308682441711426}, {\"id\": 15, \"seek\": 7196, \"start\": 80.95999908447266, \"end\": 87.95999908447266, \"text\": \" And then we have a guy named Jeffrey who wanted to know what my Instagram was.\", \"tokens\": [50814, 400, 550, 321, 362, 257, 2146, 4926, 28721, 567, 1415, 281, 458, 437, 452, 5281, 390, 13, 51164], \"temperature\": 0.0, \"avg_logprob\": -0.25474274158477783, \"compression_ratio\": 1.5071769952774048, \"no_speech_prob\": 0.3308682441711426}, {\"id\": 16, \"seek\": 7196, \"start\": 87.95999908447266, \"end\": 91.95999908447266, \"text\": \" I think that's kind of a cool new way to feel somebody out these days.\", \"tokens\": [51164, 286, 519, 300, 311, 733, 295, 257, 1627, 777, 636, 281, 841, 2618, 484, 613, 1708, 13, 51364], \"temperature\": 0.0, \"avg_logprob\": -0.25474274158477783, \"compression_ratio\": 1.5071769952774048, \"no_speech_prob\": 0.3308682441711426}, {\"id\": 17, \"seek\": 7196, \"start\": 91.95999908447266, \"end\": 95.95999908447266, \"text\": \" It's better than what's your email or what's your Facebook.\", \"tokens\": [51364, 467, 311, 1101, 813, 437, 311, 428, 3796, 420, 437, 311, 428, 4384, 13, 51564], \"temperature\": 0.0, \"avg_logprob\": -0.25474274158477783, \"compression_ratio\": 1.5071769952774048, \"no_speech_prob\": 0.3308682441711426}, {\"id\": 18, \"seek\": 9596, \"start\": 96.95999908447266, \"end\": 101.95999908447266, \"text\": \" I don't accept Facebook friends unless I've met the person.\", \"tokens\": [50414, 286, 500, 380, 3241, 4384, 1855, 5969, 286, 600, 1131, 264, 954, 13, 50664], \"temperature\": 0.0, \"avg_logprob\": -0.2310071587562561, \"compression_ratio\": 1.381250023841858, \"no_speech_prob\": 0.06368868798017502}, {\"id\": 19, \"seek\": 9596, \"start\": 101.95999908447266, \"end\": 103.95999908447266, \"text\": \" But Instagram is a little different.\", \"tokens\": [50664, 583, 5281, 307, 257, 707, 819, 13, 50764], \"temperature\": 0.0, \"avg_logprob\": -0.2310071587562561, \"compression_ratio\": 1.381250023841858, \"no_speech_prob\": 0.06368868798017502}, {\"id\": 20, \"seek\": 9596, \"start\": 108.95999908447266, \"end\": 112.95999908447266, \"text\": \" I had Snapchat for like a week and a half.\", \"tokens\": [51014, 286, 632, 31579, 337, 411, 257, 1243, 293, 257, 1922, 13, 51214], \"temperature\": 0.0, \"avg_logprob\": -0.2310071587562561, \"compression_ratio\": 1.381250023841858, \"no_speech_prob\": 0.06368868798017502}, {\"id\": 21, \"seek\": 9596, \"start\": 112.95999908447266, \"end\": 114.95999908447266, \"text\": \" And then I deleted it.\", \"tokens\": [51214, 400, 550, 286, 22981, 309, 13, 51314], \"temperature\": 0.0, \"avg_logprob\": -0.2310071587562561, \"compression_ratio\": 1.381250023841858, \"no_speech_prob\": 0.06368868798017502}, {\"id\": 22, \"seek\": 9596, \"start\": 122.95999908447266, \"end\": 124.95999908447266, \"text\": \" That's a good question. I've never been asked that before.\", \"tokens\": [51714, 663, 311, 257, 665, 1168, 13, 286, 600, 1128, 668, 2351, 300, 949, 13, 51814], \"temperature\": 0.0, \"avg_logprob\": -0.2310071587562561, \"compression_ratio\": 1.381250023841858, \"no_speech_prob\": 0.06368868798017502}, {\"id\": 23, \"seek\": 12496, \"start\": 125.95999908447266, \"end\": 129.9600067138672, \"text\": \" Snapchat, in my opinion, automatically...\", \"tokens\": [50414, 31579, 11, 294, 452, 4800, 11, 6772, 485, 50614], \"temperature\": 0.0, \"avg_logprob\": -0.2599561810493469, \"compression_ratio\": 1.4891303777694702, \"no_speech_prob\": 0.011157027445733547}, {\"id\": 24, \"seek\": 12496, \"start\": 129.9600067138672, \"end\": 132.9600067138672, \"text\": \" It's almost the same as chat roulette.\", \"tokens\": [50614, 467, 311, 1920, 264, 912, 382, 5081, 18450, 36563, 13, 50764], \"temperature\": 0.0, \"avg_logprob\": -0.2599561810493469, \"compression_ratio\": 1.4891303777694702, \"no_speech_prob\": 0.011157027445733547}, {\"id\": 25, \"seek\": 12496, \"start\": 132.9600067138672, \"end\": 135.9600067138672, \"text\": \" It's like sexual. People send them...\", \"tokens\": [50764, 467, 311, 411, 6701, 13, 3432, 2845, 552, 485, 50914], \"temperature\": 0.0, \"avg_logprob\": -0.2599561810493469, \"compression_ratio\": 1.4891303777694702, \"no_speech_prob\": 0.011157027445733547}, {\"id\": 26, \"seek\": 12496, \"start\": 135.9600067138672, \"end\": 139.9600067138672, \"text\": \" If a guy asked me to Snapchat right off the bat, I'd be like, he wants dirty pics.\", \"tokens\": [50914, 759, 257, 2146, 2351, 385, 281, 31579, 558, 766, 264, 7362, 11, 286, 1116, 312, 411, 11, 415, 2738, 9360, 46690, 13, 51114], \"temperature\": 0.0, \"avg_logprob\": -0.2599561810493469, \"compression_ratio\": 1.4891303777694702, \"no_speech_prob\": 0.011157027445733547}, {\"id\": 27, \"seek\": 12496, \"start\": 139.9600067138672, \"end\": 142.9600067138672, \"text\": \" So it'd probably turn me off.\", \"tokens\": [51114, 407, 309, 1116, 1391, 1261, 385, 766, 13, 51264], \"temperature\": 0.0, \"avg_logprob\": -0.2599561810493469, \"compression_ratio\": 1.4891303777694702, \"no_speech_prob\": 0.011157027445733547}, {\"id\": 28, \"seek\": 12496, \"start\": 149.9600067138672, \"end\": 152.9600067138672, \"text\": \" A guy who's asked to Snapchat from a girl?\", \"tokens\": [51614, 316, 2146, 567, 311, 2351, 281, 31579, 490, 257, 2013, 30, 51764], \"temperature\": 0.0, \"avg_logprob\": -0.2599561810493469, \"compression_ratio\": 1.4891303777694702, \"no_speech_prob\": 0.011157027445733547}, {\"id\": 29, \"seek\": 15296, \"start\": 152.9600067138672, \"end\": 153.9600067138672, \"text\": \" Do it.\", \"tokens\": [50364, 1144, 309, 13, 50414], \"temperature\": 0.0, \"avg_logprob\": -0.23247778415679932, \"compression_ratio\": 1.5638766288757324, \"no_speech_prob\": 0.004608220420777798}, {\"id\": 30, \"seek\": 15296, \"start\": 153.9600067138672, \"end\": 156.9600067138672, \"text\": \" Obviously. If she's into it, then for sure.\", \"tokens\": [50414, 7580, 13, 759, 750, 311, 666, 309, 11, 550, 337, 988, 13, 50564], \"temperature\": 0.0, \"avg_logprob\": -0.23247778415679932, \"compression_ratio\": 1.5638766288757324, \"no_speech_prob\": 0.004608220420777798}, {\"id\": 31, \"seek\": 15296, \"start\": 156.9600067138672, \"end\": 159.9600067138672, \"text\": \" But it's a little risky to ask her.\", \"tokens\": [50564, 583, 309, 311, 257, 707, 21137, 281, 1029, 720, 13, 50714], \"temperature\": 0.0, \"avg_logprob\": -0.23247778415679932, \"compression_ratio\": 1.5638766288757324, \"no_speech_prob\": 0.004608220420777798}, {\"id\": 32, \"seek\": 15296, \"start\": 159.9600067138672, \"end\": 162.9600067138672, \"text\": \" If you bring it up on the date and make a joke about it,\", \"tokens\": [50714, 759, 291, 1565, 309, 493, 322, 264, 4002, 293, 652, 257, 7647, 466, 309, 11, 50864], \"temperature\": 0.0, \"avg_logprob\": -0.23247778415679932, \"compression_ratio\": 1.5638766288757324, \"no_speech_prob\": 0.004608220420777798}, {\"id\": 33, \"seek\": 15296, \"start\": 162.9600067138672, \"end\": 167.9600067138672, \"text\": \" and then establish some kind of repertoire,\", \"tokens\": [50864, 293, 550, 8327, 512, 733, 295, 49604, 11, 51114], \"temperature\": 0.0, \"avg_logprob\": -0.23247778415679932, \"compression_ratio\": 1.5638766288757324, \"no_speech_prob\": 0.004608220420777798}, {\"id\": 34, \"seek\": 15296, \"start\": 167.9600067138672, \"end\": 170.9600067138672, \"text\": \" some kind of rapport, then I think it's okay.\", \"tokens\": [51114, 512, 733, 295, 18018, 11, 550, 286, 519, 309, 311, 1392, 13, 51264], \"temperature\": 0.0, \"avg_logprob\": -0.23247778415679932, \"compression_ratio\": 1.5638766288757324, \"no_speech_prob\": 0.004608220420777798}, {\"id\": 35, \"seek\": 15296, \"start\": 170.9600067138672, \"end\": 174.9600067138672, \"text\": \" But I wouldn't send a request just straight off.\", \"tokens\": [51264, 583, 286, 2759, 380, 2845, 257, 5308, 445, 2997, 766, 13, 51464], \"temperature\": 0.0, \"avg_logprob\": -0.23247778415679932, \"compression_ratio\": 1.5638766288757324, \"no_speech_prob\": 0.004608220420777798}, {\"id\": 36, \"seek\": 15296, \"start\": 174.9600067138672, \"end\": 176.9600067138672, \"text\": \" It makes it seem creepy.\", \"tokens\": [51464, 467, 1669, 309, 1643, 14717, 13, 51564], \"temperature\": 0.0, \"avg_logprob\": -0.23247778415679932, \"compression_ratio\": 1.5638766288757324, \"no_speech_prob\": 0.004608220420777798}, {\"id\": 37, \"seek\": 15296, \"start\": 176.9600067138672, \"end\": 179.9600067138672, \"text\": \" So those are all the dates you have set up?\", \"tokens\": [51564, 407, 729, 366, 439, 264, 11691, 291, 362, 992, 493, 30, 51714], \"temperature\": 0.0, \"avg_logprob\": -0.23247778415679932, \"compression_ratio\": 1.5638766288757324, \"no_speech_prob\": 0.004608220420777798}, {\"id\": 38, \"seek\": 15296, \"start\": 179.9600067138672, \"end\": 180.9600067138672, \"text\": \" No.\", \"tokens\": [51714, 883, 13, 51764], \"temperature\": 0.0, \"avg_logprob\": -0.23247778415679932, \"compression_ratio\": 1.5638766288757324, \"no_speech_prob\": 0.004608220420777798}, {\"id\": 39, \"seek\": 18096, \"start\": 181.9600067138672, \"end\": 187.9600067138672, \"text\": \" So there's a third guy on Tinder.\", \"tokens\": [50414, 407, 456, 311, 257, 2636, 2146, 322, 49341, 13, 50714], \"temperature\": 0.0, \"avg_logprob\": -0.20433194935321808, \"compression_ratio\": 1.482300877571106, \"no_speech_prob\": 0.10602915287017822}, {\"id\": 40, \"seek\": 18096, \"start\": 187.9600067138672, \"end\": 189.9600067138672, \"text\": \" His name is Mason.\", \"tokens\": [50714, 2812, 1315, 307, 25730, 13, 50814], \"temperature\": 0.0, \"avg_logprob\": -0.20433194935321808, \"compression_ratio\": 1.482300877571106, \"no_speech_prob\": 0.10602915287017822}, {\"id\": 41, \"seek\": 18096, \"start\": 189.9600067138672, \"end\": 194.9600067138672, \"text\": \" And I saw that we had about seven friends in common on Facebook.\", \"tokens\": [50814, 400, 286, 1866, 300, 321, 632, 466, 3407, 1855, 294, 2689, 322, 4384, 13, 51064], \"temperature\": 0.0, \"avg_logprob\": -0.20433194935321808, \"compression_ratio\": 1.482300877571106, \"no_speech_prob\": 0.10602915287017822}, {\"id\": 42, \"seek\": 18096, \"start\": 194.9600067138672, \"end\": 196.9600067138672, \"text\": \" I love that feature on this app.\", \"tokens\": [51064, 286, 959, 300, 4111, 322, 341, 724, 13, 51164], \"temperature\": 0.0, \"avg_logprob\": -0.20433194935321808, \"compression_ratio\": 1.482300877571106, \"no_speech_prob\": 0.10602915287017822}, {\"id\": 43, \"seek\": 18096, \"start\": 196.9600067138672, \"end\": 198.9600067138672, \"text\": \" Totally piques my interest.\", \"tokens\": [51164, 22837, 280, 4911, 452, 1179, 13, 51264], \"temperature\": 0.0, \"avg_logprob\": -0.20433194935321808, \"compression_ratio\": 1.482300877571106, \"no_speech_prob\": 0.10602915287017822}, {\"id\": 44, \"seek\": 18096, \"start\": 198.9600067138672, \"end\": 201.9600067138672, \"text\": \" Versus somebody that I have no friends with.\", \"tokens\": [51264, 12226, 301, 2618, 300, 286, 362, 572, 1855, 365, 13, 51414], \"temperature\": 0.0, \"avg_logprob\": -0.20433194935321808, \"compression_ratio\": 1.482300877571106, \"no_speech_prob\": 0.10602915287017822}, {\"id\": 45, \"seek\": 18096, \"start\": 201.9600067138672, \"end\": 206.9600067138672, \"text\": \" And this guy, I actually am kind of looking forward to meeting up with him.\", \"tokens\": [51414, 400, 341, 2146, 11, 286, 767, 669, 733, 295, 1237, 2128, 281, 3440, 493, 365, 796, 13, 51664], \"temperature\": 0.0, \"avg_logprob\": -0.20433194935321808, \"compression_ratio\": 1.482300877571106, \"no_speech_prob\": 0.10602915287017822}, {\"id\": 46, \"seek\": 18096, \"start\": 206.9600067138672, \"end\": 209.9600067138672, \"text\": \" He doesn't seem like a total idiot.\", \"tokens\": [51664, 634, 1177, 380, 1643, 411, 257, 3217, 14270, 13, 51814], \"temperature\": 0.0, \"avg_logprob\": -0.20433194935321808, \"compression_ratio\": 1.482300877571106, \"no_speech_prob\": 0.10602915287017822}, {\"id\": 47, \"seek\": 20996, \"start\": 209.9600067138672, \"end\": 212.9600067138672, \"text\": \" But at this point, that's what it's come to.\", \"tokens\": [50364, 583, 412, 341, 935, 11, 300, 311, 437, 309, 311, 808, 281, 13, 50514], \"temperature\": 0.0, \"avg_logprob\": -0.19524165987968445, \"compression_ratio\": 1.5774058103561401, \"no_speech_prob\": 0.0010001955088227987}, {\"id\": 48, \"seek\": 20996, \"start\": 212.9600067138672, \"end\": 216.9600067138672, \"text\": \" If the guy isn't a total douche, I'm excited for my date now.\", \"tokens\": [50514, 759, 264, 2146, 1943, 380, 257, 3217, 2482, 1876, 11, 286, 478, 2919, 337, 452, 4002, 586, 13, 50714], \"temperature\": 0.0, \"avg_logprob\": -0.19524165987968445, \"compression_ratio\": 1.5774058103561401, \"no_speech_prob\": 0.0010001955088227987}, {\"id\": 49, \"seek\": 20996, \"start\": 216.9600067138672, \"end\": 219.9600067138672, \"text\": \" So lame. So lame.\", \"tokens\": [50714, 407, 27635, 13, 407, 27635, 13, 50864], \"temperature\": 0.0, \"avg_logprob\": -0.19524165987968445, \"compression_ratio\": 1.5774058103561401, \"no_speech_prob\": 0.0010001955088227987}, {\"id\": 50, \"seek\": 20996, \"start\": 219.9600067138672, \"end\": 220.9600067138672, \"text\": \" So his first message was,\", \"tokens\": [50864, 407, 702, 700, 3636, 390, 11, 50914], \"temperature\": 0.0, \"avg_logprob\": -0.19524165987968445, \"compression_ratio\": 1.5774058103561401, \"no_speech_prob\": 0.0010001955088227987}, {\"id\": 51, \"seek\": 20996, \"start\": 220.9600067138672, \"end\": 225.9600067138672, \"text\": \" Hi cutie, must have had some really good karma coming my way.\", \"tokens\": [50914, 2421, 1723, 414, 11, 1633, 362, 632, 512, 534, 665, 28396, 1348, 452, 636, 13, 51164], \"temperature\": 0.0, \"avg_logprob\": -0.19524165987968445, \"compression_ratio\": 1.5774058103561401, \"no_speech_prob\": 0.0010001955088227987}, {\"id\": 52, \"seek\": 20996, \"start\": 225.9600067138672, \"end\": 227.9600067138672, \"text\": \" Thanks for thinking I'm cute.\", \"tokens\": [51164, 2561, 337, 1953, 286, 478, 4052, 13, 51264], \"temperature\": 0.0, \"avg_logprob\": -0.19524165987968445, \"compression_ratio\": 1.5774058103561401, \"no_speech_prob\": 0.0010001955088227987}, {\"id\": 53, \"seek\": 20996, \"start\": 227.9600067138672, \"end\": 230.9600067138672, \"text\": \" Two points for you.\", \"tokens\": [51264, 4453, 2793, 337, 291, 13, 51414], \"temperature\": 0.0, \"avg_logprob\": -0.19524165987968445, \"compression_ratio\": 1.5774058103561401, \"no_speech_prob\": 0.0010001955088227987}, {\"id\": 54, \"seek\": 20996, \"start\": 230.9600067138672, \"end\": 234.9600067138672, \"text\": \" And then I said, smiley face, I saw we have a lot of friends in common.\", \"tokens\": [51414, 400, 550, 286, 848, 11, 7563, 88, 1851, 11, 286, 1866, 321, 362, 257, 688, 295, 1855, 294, 2689, 13, 51614], \"temperature\": 0.0, \"avg_logprob\": -0.19524165987968445, \"compression_ratio\": 1.5774058103561401, \"no_speech_prob\": 0.0010001955088227987}, {\"id\": 55, \"seek\": 20996, \"start\": 234.9600067138672, \"end\": 238.9600067138672, \"text\": \" He said, I saw that too. Nice to meet you.\", \"tokens\": [51614, 634, 848, 11, 286, 1866, 300, 886, 13, 5490, 281, 1677, 291, 13, 51814], \"temperature\": 0.0, \"avg_logprob\": -0.19524165987968445, \"compression_ratio\": 1.5774058103561401, \"no_speech_prob\": 0.0010001955088227987}, {\"id\": 56, \"seek\": 23896, \"start\": 238.9600067138672, \"end\": 239.9600067138672, \"text\": \" He didn't say anything.\", \"tokens\": [50364, 634, 994, 380, 584, 1340, 13, 50414], \"temperature\": 0.0, \"avg_logprob\": -0.18985332548618317, \"compression_ratio\": 1.5645161867141724, \"no_speech_prob\": 0.151926189661026}, {\"id\": 57, \"seek\": 23896, \"start\": 239.9600067138672, \"end\": 242.9600067138672, \"text\": \" And because I have to write this article,\", \"tokens\": [50414, 400, 570, 286, 362, 281, 2464, 341, 7222, 11, 50564], \"temperature\": 0.0, \"avg_logprob\": -0.18985332548618317, \"compression_ratio\": 1.5645161867141724, \"no_speech_prob\": 0.151926189661026}, {\"id\": 58, \"seek\": 23896, \"start\": 242.9600067138672, \"end\": 245.9600067138672, \"text\": \" I made the first move, which I normally don't do.\", \"tokens\": [50564, 286, 1027, 264, 700, 1286, 11, 597, 286, 5646, 500, 380, 360, 13, 50714], \"temperature\": 0.0, \"avg_logprob\": -0.18985332548618317, \"compression_ratio\": 1.5645161867141724, \"no_speech_prob\": 0.151926189661026}, {\"id\": 59, \"seek\": 23896, \"start\": 245.9600067138672, \"end\": 248.9600067138672, \"text\": \" And I said, so how does this thing work now, LOL?\", \"tokens\": [50714, 400, 286, 848, 11, 370, 577, 775, 341, 551, 589, 586, 11, 15086, 30, 50864], \"temperature\": 0.0, \"avg_logprob\": -0.18985332548618317, \"compression_ratio\": 1.5645161867141724, \"no_speech_prob\": 0.151926189661026}, {\"id\": 60, \"seek\": 23896, \"start\": 248.9600067138672, \"end\": 253.9600067138672, \"text\": \" My first few days on here, is it time to recommend meeting in person?\", \"tokens\": [50864, 1222, 700, 1326, 1708, 322, 510, 11, 307, 309, 565, 281, 2748, 3440, 294, 954, 30, 51114], \"temperature\": 0.0, \"avg_logprob\": -0.18985332548618317, \"compression_ratio\": 1.5645161867141724, \"no_speech_prob\": 0.151926189661026}, {\"id\": 61, \"seek\": 23896, \"start\": 253.9600067138672, \"end\": 254.9600067138672, \"text\": \" Ha ha.\", \"tokens\": [51114, 4064, 324, 13, 51164], \"temperature\": 0.0, \"avg_logprob\": -0.18985332548618317, \"compression_ratio\": 1.5645161867141724, \"no_speech_prob\": 0.151926189661026}, {\"id\": 62, \"seek\": 23896, \"start\": 254.9600067138672, \"end\": 257.9599914550781, \"text\": \" And he said, ha ha, well, if this was the beginning of a bad movie,\", \"tokens\": [51164, 400, 415, 848, 11, 324, 324, 11, 731, 11, 498, 341, 390, 264, 2863, 295, 257, 1578, 3169, 11, 51314], \"temperature\": 0.0, \"avg_logprob\": -0.18985332548618317, \"compression_ratio\": 1.5645161867141724, \"no_speech_prob\": 0.151926189661026}, {\"id\": 63, \"seek\": 23896, \"start\": 257.9599914550781, \"end\": 259.9599914550781, \"text\": \" we would meet for coffee.\", \"tokens\": [51314, 321, 576, 1677, 337, 4982, 13, 51414], \"temperature\": 0.0, \"avg_logprob\": -0.18985332548618317, \"compression_ratio\": 1.5645161867141724, \"no_speech_prob\": 0.151926189661026}, {\"id\": 64, \"seek\": 23896, \"start\": 259.9599914550781, \"end\": 263.9599914550781, \"text\": \" I can do better than that. Let's chat through text.\", \"tokens\": [51414, 286, 393, 360, 1101, 813, 300, 13, 961, 311, 5081, 807, 2487, 13, 51614], \"temperature\": 0.0, \"avg_logprob\": -0.18985332548618317, \"compression_ratio\": 1.5645161867141724, \"no_speech_prob\": 0.151926189661026}, {\"id\": 65, \"seek\": 26396, \"start\": 263.9599914550781, \"end\": 264.9599914550781, \"text\": \" And.\", \"tokens\": [50364, 400, 13, 50414], \"temperature\": 0.0, \"avg_logprob\": -0.2127942144870758, \"compression_ratio\": 1.417475700378418, \"no_speech_prob\": 0.23076926171779633}, {\"id\": 66, \"seek\": 26396, \"start\": 269.9599914550781, \"end\": 272.9599914550781, \"text\": \" Sorry, I'm having trouble keeping all my guys in line.\", \"tokens\": [50664, 4919, 11, 286, 478, 1419, 5253, 5145, 439, 452, 1074, 294, 1622, 13, 50814], \"temperature\": 0.0, \"avg_logprob\": -0.2127942144870758, \"compression_ratio\": 1.417475700378418, \"no_speech_prob\": 0.23076926171779633}, {\"id\": 67, \"seek\": 26396, \"start\": 272.9599914550781, \"end\": 273.9599914550781, \"text\": \" Pretty good.\", \"tokens\": [50814, 10693, 665, 13, 50864], \"temperature\": 0.0, \"avg_logprob\": -0.2127942144870758, \"compression_ratio\": 1.417475700378418, \"no_speech_prob\": 0.23076926171779633}, {\"id\": 68, \"seek\": 26396, \"start\": 273.9599914550781, \"end\": 276.9599914550781, \"text\": \" Yeah, I know.\", \"tokens\": [50864, 865, 11, 286, 458, 13, 51014], \"temperature\": 0.0, \"avg_logprob\": -0.2127942144870758, \"compression_ratio\": 1.417475700378418, \"no_speech_prob\": 0.23076926171779633}, {\"id\": 69, \"seek\": 26396, \"start\": 276.9599914550781, \"end\": 277.9599914550781, \"text\": \" Okay.\", \"tokens\": [51014, 1033, 13, 51064], \"temperature\": 0.0, \"avg_logprob\": -0.2127942144870758, \"compression_ratio\": 1.417475700378418, \"no_speech_prob\": 0.23076926171779633}, {\"id\": 70, \"seek\": 26396, \"start\": 277.9599914550781, \"end\": 279.9599914550781, \"text\": \" And he goes, hi, it's Mason.\", \"tokens\": [51064, 400, 415, 1709, 11, 4879, 11, 309, 311, 25730, 13, 51164], \"temperature\": 0.0, \"avg_logprob\": -0.2127942144870758, \"compression_ratio\": 1.417475700378418, \"no_speech_prob\": 0.23076926171779633}, {\"id\": 71, \"seek\": 26396, \"start\": 279.9599914550781, \"end\": 281.9599914550781, \"text\": \" Just wanted to text you my number.\", \"tokens\": [51164, 1449, 1415, 281, 2487, 291, 452, 1230, 13, 51264], \"temperature\": 0.0, \"avg_logprob\": -0.2127942144870758, \"compression_ratio\": 1.417475700378418, \"no_speech_prob\": 0.23076926171779633}, {\"id\": 72, \"seek\": 26396, \"start\": 281.9599914550781, \"end\": 282.9599914550781, \"text\": \" Good night.\", \"tokens\": [51264, 2205, 1818, 13, 51314], \"temperature\": 0.0, \"avg_logprob\": -0.2127942144870758, \"compression_ratio\": 1.417475700378418, \"no_speech_prob\": 0.23076926171779633}, {\"id\": 73, \"seek\": 26396, \"start\": 282.9599914550781, \"end\": 284.9599914550781, \"text\": \" And sent me an emoji.\", \"tokens\": [51314, 400, 2279, 385, 364, 31595, 13, 51414], \"temperature\": 0.0, \"avg_logprob\": -0.2127942144870758, \"compression_ratio\": 1.417475700378418, \"no_speech_prob\": 0.23076926171779633}, {\"id\": 74, \"seek\": 26396, \"start\": 284.9599914550781, \"end\": 286.9599914550781, \"text\": \" I didn't text him back.\", \"tokens\": [51414, 286, 994, 380, 2487, 796, 646, 13, 51514], \"temperature\": 0.0, \"avg_logprob\": -0.2127942144870758, \"compression_ratio\": 1.417475700378418, \"no_speech_prob\": 0.23076926171779633}, {\"id\": 75, \"seek\": 26396, \"start\": 286.9599914550781, \"end\": 288.9599914550781, \"text\": \" I said, morning, sir.\", \"tokens\": [51514, 286, 848, 11, 2446, 11, 4735, 13, 51614], \"temperature\": 0.0, \"avg_logprob\": -0.2127942144870758, \"compression_ratio\": 1.417475700378418, \"no_speech_prob\": 0.23076926171779633}, {\"id\": 76, \"seek\": 26396, \"start\": 288.9599914550781, \"end\": 292.9599914550781, \"text\": \" He said, top of the day to you, which is kind of nerdy.\", \"tokens\": [51614, 634, 848, 11, 1192, 295, 264, 786, 281, 291, 11, 597, 307, 733, 295, 18219, 3173, 13, 51814], \"temperature\": 0.0, \"avg_logprob\": -0.2127942144870758, \"compression_ratio\": 1.417475700378418, \"no_speech_prob\": 0.23076926171779633}, {\"id\": 77, \"seek\": 29296, \"start\": 292.9599914550781, \"end\": 295.9599914550781, \"text\": \" And then I said, are you free to grab drinks this week?\", \"tokens\": [50364, 400, 550, 286, 848, 11, 366, 291, 1737, 281, 4444, 12142, 341, 1243, 30, 50514], \"temperature\": 0.0, \"avg_logprob\": -0.22234100103378296, \"compression_ratio\": 1.5023255348205566, \"no_speech_prob\": 0.01882725954055786}, {\"id\": 78, \"seek\": 29296, \"start\": 295.9599914550781, \"end\": 299.9599914550781, \"text\": \" And we're just going along with planning.\", \"tokens\": [50514, 400, 321, 434, 445, 516, 2051, 365, 5038, 13, 50714], \"temperature\": 0.0, \"avg_logprob\": -0.22234100103378296, \"compression_ratio\": 1.5023255348205566, \"no_speech_prob\": 0.01882725954055786}, {\"id\": 79, \"seek\": 29296, \"start\": 299.9599914550781, \"end\": 302.9599914550781, \"text\": \" When I told him I live in West Hollywood,\", \"tokens\": [50714, 1133, 286, 1907, 796, 286, 1621, 294, 4055, 11628, 11, 50864], \"temperature\": 0.0, \"avg_logprob\": -0.22234100103378296, \"compression_ratio\": 1.5023255348205566, \"no_speech_prob\": 0.01882725954055786}, {\"id\": 80, \"seek\": 29296, \"start\": 302.9599914550781, \"end\": 305.9599914550781, \"text\": \" he said, okay, I think I have something fun planned.\", \"tokens\": [50864, 415, 848, 11, 1392, 11, 286, 519, 286, 362, 746, 1019, 8589, 13, 51014], \"temperature\": 0.0, \"avg_logprob\": -0.22234100103378296, \"compression_ratio\": 1.5023255348205566, \"no_speech_prob\": 0.01882725954055786}, {\"id\": 81, \"seek\": 29296, \"start\": 307.9599914550781, \"end\": 308.9599914550781, \"text\": \" So.\", \"tokens\": [51114, 407, 13, 51164], \"temperature\": 0.0, \"avg_logprob\": -0.22234100103378296, \"compression_ratio\": 1.5023255348205566, \"no_speech_prob\": 0.01882725954055786}, {\"id\": 82, \"seek\": 29296, \"start\": 309.9599914550781, \"end\": 311.9599914550781, \"text\": \" So you're chasing after this guy.\", \"tokens\": [51214, 407, 291, 434, 17876, 934, 341, 2146, 13, 51314], \"temperature\": 0.0, \"avg_logprob\": -0.22234100103378296, \"compression_ratio\": 1.5023255348205566, \"no_speech_prob\": 0.01882725954055786}, {\"id\": 83, \"seek\": 29296, \"start\": 311.9599914550781, \"end\": 313.9599914550781, \"text\": \" At least in his mind.\", \"tokens\": [51314, 1711, 1935, 294, 702, 1575, 13, 51414], \"temperature\": 0.0, \"avg_logprob\": -0.22234100103378296, \"compression_ratio\": 1.5023255348205566, \"no_speech_prob\": 0.01882725954055786}, {\"id\": 84, \"seek\": 29296, \"start\": 314.9599914550781, \"end\": 315.9599914550781, \"text\": \" Yeah.\", \"tokens\": [51464, 865, 13, 51514], \"temperature\": 0.0, \"avg_logprob\": -0.22234100103378296, \"compression_ratio\": 1.5023255348205566, \"no_speech_prob\": 0.01882725954055786}, {\"id\": 85, \"seek\": 29296, \"start\": 315.9599914550781, \"end\": 320.9599914550781, \"text\": \" I've decided to kind of take different approaches with each guy.\", \"tokens\": [51514, 286, 600, 3047, 281, 733, 295, 747, 819, 11587, 365, 1184, 2146, 13, 51764], \"temperature\": 0.0, \"avg_logprob\": -0.22234100103378296, \"compression_ratio\": 1.5023255348205566, \"no_speech_prob\": 0.01882725954055786}, {\"id\": 86, \"seek\": 32296, \"start\": 323.9599914550781, \"end\": 325.9599914550781, \"text\": \" I don't know what you think.\", \"tokens\": [50414, 286, 500, 380, 458, 437, 291, 519, 13, 50514], \"temperature\": 0.0, \"avg_logprob\": -0.20322532951831818, \"compression_ratio\": 1.5545454025268555, \"no_speech_prob\": 0.006794976070523262}, {\"id\": 87, \"seek\": 32296, \"start\": 326.9599914550781, \"end\": 327.9599914550781, \"text\": \" What do you mean?\", \"tokens\": [50564, 708, 360, 291, 914, 30, 50614], \"temperature\": 0.0, \"avg_logprob\": -0.20322532951831818, \"compression_ratio\": 1.5545454025268555, \"no_speech_prob\": 0.006794976070523262}, {\"id\": 88, \"seek\": 32296, \"start\": 327.9599914550781, \"end\": 328.9599914550781, \"text\": \" Well, now I'm about to flake.\", \"tokens\": [50614, 1042, 11, 586, 286, 478, 466, 281, 932, 619, 13, 50664], \"temperature\": 0.0, \"avg_logprob\": -0.20322532951831818, \"compression_ratio\": 1.5545454025268555, \"no_speech_prob\": 0.006794976070523262}, {\"id\": 89, \"seek\": 32296, \"start\": 328.9599914550781, \"end\": 330.9599914550781, \"text\": \" This is one of the guys I have to flake on.\", \"tokens\": [50664, 639, 307, 472, 295, 264, 1074, 286, 362, 281, 932, 619, 322, 13, 50764], \"temperature\": 0.0, \"avg_logprob\": -0.20322532951831818, \"compression_ratio\": 1.5545454025268555, \"no_speech_prob\": 0.006794976070523262}, {\"id\": 90, \"seek\": 32296, \"start\": 331.9599914550781, \"end\": 332.9599914550781, \"text\": \" Whatever.\", \"tokens\": [50814, 8541, 13, 50864], \"temperature\": 0.0, \"avg_logprob\": -0.20322532951831818, \"compression_ratio\": 1.5545454025268555, \"no_speech_prob\": 0.006794976070523262}, {\"id\": 91, \"seek\": 32296, \"start\": 332.9599914550781, \"end\": 334.9599914550781, \"text\": \" He's probably going to suck.\", \"tokens\": [50864, 634, 311, 1391, 516, 281, 9967, 13, 50964], \"temperature\": 0.0, \"avg_logprob\": -0.20322532951831818, \"compression_ratio\": 1.5545454025268555, \"no_speech_prob\": 0.006794976070523262}, {\"id\": 92, \"seek\": 32296, \"start\": 334.9599914550781, \"end\": 335.9599914550781, \"text\": \" They all do.\", \"tokens\": [50964, 814, 439, 360, 13, 51014], \"temperature\": 0.0, \"avg_logprob\": -0.20322532951831818, \"compression_ratio\": 1.5545454025268555, \"no_speech_prob\": 0.006794976070523262}, {\"id\": 93, \"seek\": 32296, \"start\": 335.9599914550781, \"end\": 336.9599914550781, \"text\": \" Come on.\", \"tokens\": [51014, 2492, 322, 13, 51064], \"temperature\": 0.0, \"avg_logprob\": -0.20322532951831818, \"compression_ratio\": 1.5545454025268555, \"no_speech_prob\": 0.006794976070523262}, {\"id\": 94, \"seek\": 32296, \"start\": 336.9599914550781, \"end\": 339.9599914550781, \"text\": \" Anyway, it's time to flake on Mason.\", \"tokens\": [51064, 5684, 11, 309, 311, 565, 281, 932, 619, 322, 25730, 13, 51214], \"temperature\": 0.0, \"avg_logprob\": -0.20322532951831818, \"compression_ratio\": 1.5545454025268555, \"no_speech_prob\": 0.006794976070523262}, {\"id\": 95, \"seek\": 32296, \"start\": 339.9599914550781, \"end\": 343.9599914550781, \"text\": \" So I'm going to say, Mason.\", \"tokens\": [51214, 407, 286, 478, 516, 281, 584, 11, 25730, 13, 51414], \"temperature\": 0.0, \"avg_logprob\": -0.20322532951831818, \"compression_ratio\": 1.5545454025268555, \"no_speech_prob\": 0.006794976070523262}, {\"id\": 96, \"seek\": 32296, \"start\": 343.9599914550781, \"end\": 346.9599914550781, \"text\": \" Is there any way we can move this to tomorrow?\", \"tokens\": [51414, 1119, 456, 604, 636, 321, 393, 1286, 341, 281, 4153, 30, 51564], \"temperature\": 0.0, \"avg_logprob\": -0.20322532951831818, \"compression_ratio\": 1.5545454025268555, \"no_speech_prob\": 0.006794976070523262}, {\"id\": 97, \"seek\": 32296, \"start\": 347.9599914550781, \"end\": 350.9599914550781, \"text\": \" My sister is begging me to do something for her.\", \"tokens\": [51614, 1222, 4892, 307, 26600, 385, 281, 360, 746, 337, 720, 13, 51764], \"temperature\": 0.0, \"avg_logprob\": -0.20322532951831818, \"compression_ratio\": 1.5545454025268555, \"no_speech_prob\": 0.006794976070523262}, {\"id\": 98, \"seek\": 35096, \"start\": 351.9599914550781, \"end\": 356.9599914550781, \"text\": \" However, if you're feeling frisky, we're going to be at Corfu later.\", \"tokens\": [50414, 2908, 11, 498, 291, 434, 2633, 431, 271, 4133, 11, 321, 434, 516, 281, 312, 412, 3925, 14127, 1780, 13, 50664], \"temperature\": 0.0, \"avg_logprob\": -0.21887391805648804, \"compression_ratio\": 1.4881516695022583, \"no_speech_prob\": 0.0010313790990039706}, {\"id\": 99, \"seek\": 35096, \"start\": 357.9599914550781, \"end\": 362.9599914550781, \"text\": \" If he has enough guts to come and he can impress me,\", \"tokens\": [50714, 759, 415, 575, 1547, 28560, 281, 808, 293, 415, 393, 6729, 385, 11, 50964], \"temperature\": 0.0, \"avg_logprob\": -0.21887391805648804, \"compression_ratio\": 1.4881516695022583, \"no_speech_prob\": 0.0010313790990039706}, {\"id\": 100, \"seek\": 35096, \"start\": 363.9599914550781, \"end\": 366.9599914550781, \"text\": \" I'll probably be into this guy.\", \"tokens\": [51014, 286, 603, 1391, 312, 666, 341, 2146, 13, 51164], \"temperature\": 0.0, \"avg_logprob\": -0.21887391805648804, \"compression_ratio\": 1.4881516695022583, \"no_speech_prob\": 0.0010313790990039706}, {\"id\": 101, \"seek\": 35096, \"start\": 367.9599914550781, \"end\": 370.9599914550781, \"text\": \" That is something I do with guys sometimes.\", \"tokens\": [51214, 663, 307, 746, 286, 360, 365, 1074, 2171, 13, 51364], \"temperature\": 0.0, \"avg_logprob\": -0.21887391805648804, \"compression_ratio\": 1.4881516695022583, \"no_speech_prob\": 0.0010313790990039706}, {\"id\": 102, \"seek\": 35096, \"start\": 370.9599914550781, \"end\": 372.9599914550781, \"text\": \" We discussed it earlier.\", \"tokens\": [51364, 492, 7152, 309, 3071, 13, 51464], \"temperature\": 0.0, \"avg_logprob\": -0.21887391805648804, \"compression_ratio\": 1.4881516695022583, \"no_speech_prob\": 0.0010313790990039706}, {\"id\": 103, \"seek\": 35096, \"start\": 372.9599914550781, \"end\": 375.9599914550781, \"text\": \" Is bringing a guy into my group situation.\", \"tokens\": [51464, 1119, 5062, 257, 2146, 666, 452, 1594, 2590, 13, 51614], \"temperature\": 0.0, \"avg_logprob\": -0.21887391805648804, \"compression_ratio\": 1.4881516695022583, \"no_speech_prob\": 0.0010313790990039706}, {\"id\": 104, \"seek\": 35096, \"start\": 375.9599914550781, \"end\": 378.9599914550781, \"text\": \" Now, I'm a little bit more aggressive with this.\", \"tokens\": [51614, 823, 11, 286, 478, 257, 707, 857, 544, 10762, 365, 341, 13, 51764], \"temperature\": 0.0, \"avg_logprob\": -0.21887391805648804, \"compression_ratio\": 1.4881516695022583, \"no_speech_prob\": 0.0010313790990039706}, {\"id\": 105, \"seek\": 37896, \"start\": 378.9599914550781, \"end\": 380.9599914550781, \"text\": \" I like to do this to guys.\", \"tokens\": [50364, 286, 411, 281, 360, 341, 281, 1074, 13, 50464], \"temperature\": 0.0, \"avg_logprob\": -0.1747404783964157, \"compression_ratio\": 1.6440677642822266, \"no_speech_prob\": 0.015396798960864544}, {\"id\": 106, \"seek\": 37896, \"start\": 380.9599914550781, \"end\": 382.9599914550781, \"text\": \" I like to watch them squirm.\", \"tokens\": [50464, 286, 411, 281, 1159, 552, 2339, 3692, 13, 50564], \"temperature\": 0.0, \"avg_logprob\": -0.1747404783964157, \"compression_ratio\": 1.6440677642822266, \"no_speech_prob\": 0.015396798960864544}, {\"id\": 107, \"seek\": 37896, \"start\": 382.9599914550781, \"end\": 384.9599914550781, \"text\": \" I'm kind of sick like that.\", \"tokens\": [50564, 286, 478, 733, 295, 4998, 411, 300, 13, 50664], \"temperature\": 0.0, \"avg_logprob\": -0.1747404783964157, \"compression_ratio\": 1.6440677642822266, \"no_speech_prob\": 0.015396798960864544}, {\"id\": 108, \"seek\": 37896, \"start\": 384.9599914550781, \"end\": 388.9599914550781, \"text\": \" If a guy can't keep up, I have no patience for it.\", \"tokens\": [50664, 759, 257, 2146, 393, 380, 1066, 493, 11, 286, 362, 572, 14826, 337, 309, 13, 50864], \"temperature\": 0.0, \"avg_logprob\": -0.1747404783964157, \"compression_ratio\": 1.6440677642822266, \"no_speech_prob\": 0.015396798960864544}, {\"id\": 109, \"seek\": 37896, \"start\": 388.9599914550781, \"end\": 389.9599914550781, \"text\": \" It's the one thing.\", \"tokens\": [50864, 467, 311, 264, 472, 551, 13, 50914], \"temperature\": 0.0, \"avg_logprob\": -0.1747404783964157, \"compression_ratio\": 1.6440677642822266, \"no_speech_prob\": 0.015396798960864544}, {\"id\": 110, \"seek\": 37896, \"start\": 389.9599914550781, \"end\": 391.9599914550781, \"text\": \" Sometimes I'll do that.\", \"tokens\": [50914, 4803, 286, 603, 360, 300, 13, 51014], \"temperature\": 0.0, \"avg_logprob\": -0.1747404783964157, \"compression_ratio\": 1.6440677642822266, \"no_speech_prob\": 0.015396798960864544}, {\"id\": 111, \"seek\": 37896, \"start\": 391.9599914550781, \"end\": 396.9599914550781, \"text\": \" If I'm on the cusp of deciding how I feel about a guy,\", \"tokens\": [51014, 759, 286, 478, 322, 264, 269, 22490, 295, 17990, 577, 286, 841, 466, 257, 2146, 11, 51264], \"temperature\": 0.0, \"avg_logprob\": -0.1747404783964157, \"compression_ratio\": 1.6440677642822266, \"no_speech_prob\": 0.015396798960864544}, {\"id\": 112, \"seek\": 37896, \"start\": 397.9599914550781, \"end\": 402.9599914550781, \"text\": \" I'll bring him out on a night where I know it's going to be crazy or whatever.\", \"tokens\": [51314, 286, 603, 1565, 796, 484, 322, 257, 1818, 689, 286, 458, 309, 311, 516, 281, 312, 3219, 420, 2035, 13, 51564], \"temperature\": 0.0, \"avg_logprob\": -0.1747404783964157, \"compression_ratio\": 1.6440677642822266, \"no_speech_prob\": 0.015396798960864544}, {\"id\": 113, \"seek\": 37896, \"start\": 402.9599914550781, \"end\": 406.9599914550781, \"text\": \" I'm just going to be surrounded by lots of people and I'll see how he does.\", \"tokens\": [51564, 286, 478, 445, 516, 281, 312, 13221, 538, 3195, 295, 561, 293, 286, 603, 536, 577, 415, 775, 13, 51764], \"temperature\": 0.0, \"avg_logprob\": -0.1747404783964157, \"compression_ratio\": 1.6440677642822266, \"no_speech_prob\": 0.015396798960864544}, {\"id\": 114, \"seek\": 40696, \"start\": 407.9599914550781, \"end\": 410.9599914550781, \"text\": \" I did this with a guy not that long ago here in LA.\", \"tokens\": [50414, 286, 630, 341, 365, 257, 2146, 406, 300, 938, 2057, 510, 294, 9855, 13, 50564], \"temperature\": 0.0, \"avg_logprob\": -0.22669458389282227, \"compression_ratio\": 1.423076868057251, \"no_speech_prob\": 0.15341944992542267}, {\"id\": 115, \"seek\": 40696, \"start\": 410.9599914550781, \"end\": 411.9599914550781, \"text\": \" A guy named John.\", \"tokens\": [50564, 316, 2146, 4926, 2619, 13, 50614], \"temperature\": 0.0, \"avg_logprob\": -0.22669458389282227, \"compression_ratio\": 1.423076868057251, \"no_speech_prob\": 0.15341944992542267}, {\"id\": 116, \"seek\": 40696, \"start\": 411.9599914550781, \"end\": 416.9599914550781, \"text\": \" He's a chef at a place somewhere here in LA.\", \"tokens\": [50614, 634, 311, 257, 10530, 412, 257, 1081, 4079, 510, 294, 9855, 13, 50864], \"temperature\": 0.0, \"avg_logprob\": -0.22669458389282227, \"compression_ratio\": 1.423076868057251, \"no_speech_prob\": 0.15341944992542267}, {\"id\": 117, \"seek\": 40696, \"start\": 418.9599914550781, \"end\": 420.9599914550781, \"text\": \" We went to a strip club.\", \"tokens\": [50964, 492, 1437, 281, 257, 12828, 6482, 13, 51064], \"temperature\": 0.0, \"avg_logprob\": -0.22669458389282227, \"compression_ratio\": 1.423076868057251, \"no_speech_prob\": 0.15341944992542267}, {\"id\": 118, \"seek\": 40696, \"start\": 423.9599914550781, \"end\": 425.9599914550781, \"text\": \" He didn't have any cash on him.\", \"tokens\": [51214, 634, 994, 380, 362, 604, 6388, 322, 796, 13, 51314], \"temperature\": 0.0, \"avg_logprob\": -0.22669458389282227, \"compression_ratio\": 1.423076868057251, \"no_speech_prob\": 0.15341944992542267}, {\"id\": 119, \"seek\": 40696, \"start\": 426.9599914550781, \"end\": 428.9599914550781, \"text\": \" I didn't really knock him for that.\", \"tokens\": [51364, 286, 994, 380, 534, 6728, 796, 337, 300, 13, 51464], \"temperature\": 0.0, \"avg_logprob\": -0.22669458389282227, \"compression_ratio\": 1.423076868057251, \"no_speech_prob\": 0.15341944992542267}, {\"id\": 120, \"seek\": 40696, \"start\": 428.9599914550781, \"end\": 430.9599914550781, \"text\": \" Formal outfit.\", \"tokens\": [51464, 10126, 304, 11263, 13, 51564], \"temperature\": 0.0, \"avg_logprob\": -0.22669458389282227, \"compression_ratio\": 1.423076868057251, \"no_speech_prob\": 0.15341944992542267}, {\"id\": 121, \"seek\": 43096, \"start\": 430.9599914550781, \"end\": 431.9599914550781, \"text\": \" Jeans.\", \"tokens\": [50364, 2588, 599, 13, 50414], \"temperature\": 0.0, \"avg_logprob\": -0.21094681322574615, \"compression_ratio\": 1.4382022619247437, \"no_speech_prob\": 0.03784647956490517}, {\"id\": 122, \"seek\": 43096, \"start\": 431.9599914550781, \"end\": 437.9599914550781, \"text\": \" Mid-blue jeans with dress shoes and a button-down shirt.\", \"tokens\": [50414, 7033, 12, 42113, 18880, 365, 5231, 6654, 293, 257, 2960, 12, 5093, 8336, 13, 50714], \"temperature\": 0.0, \"avg_logprob\": -0.21094681322574615, \"compression_ratio\": 1.4382022619247437, \"no_speech_prob\": 0.03784647956490517}, {\"id\": 123, \"seek\": 43096, \"start\": 437.9599914550781, \"end\": 441.9599914550781, \"text\": \" At this point, we met up late in the night at 1.30 in the morning.\", \"tokens\": [50714, 1711, 341, 935, 11, 321, 1131, 493, 3469, 294, 264, 1818, 412, 502, 13, 3446, 294, 264, 2446, 13, 50914], \"temperature\": 0.0, \"avg_logprob\": -0.21094681322574615, \"compression_ratio\": 1.4382022619247437, \"no_speech_prob\": 0.03784647956490517}, {\"id\": 124, \"seek\": 43096, \"start\": 441.9599914550781, \"end\": 443.9599914550781, \"text\": \" I was drunk and I just wanted to have fun.\", \"tokens\": [50914, 286, 390, 11192, 293, 286, 445, 1415, 281, 362, 1019, 13, 51014], \"temperature\": 0.0, \"avg_logprob\": -0.21094681322574615, \"compression_ratio\": 1.4382022619247437, \"no_speech_prob\": 0.03784647956490517}, {\"id\": 125, \"seek\": 43096, \"start\": 443.9599914550781, \"end\": 446.9599914550781, \"text\": \" He was another person in our group.\", \"tokens\": [51014, 634, 390, 1071, 954, 294, 527, 1594, 13, 51164], \"temperature\": 0.0, \"avg_logprob\": -0.21094681322574615, \"compression_ratio\": 1.4382022619247437, \"no_speech_prob\": 0.03784647956490517}, {\"id\": 126, \"seek\": 43096, \"start\": 446.9599914550781, \"end\": 449.9599914550781, \"text\": \" He didn't really do well in the group setting.\", \"tokens\": [51164, 634, 994, 380, 534, 360, 731, 294, 264, 1594, 3287, 13, 51314], \"temperature\": 0.0, \"avg_logprob\": -0.21094681322574615, \"compression_ratio\": 1.4382022619247437, \"no_speech_prob\": 0.03784647956490517}]}"}