{"title": "This guy is REALLY upset and making it his mission to get women to stop and respect men\u2019s time!", "video_id": "0DMcGHmPQBA", "video_url": "https://www.youtube.com/watch?v=0DMcGHmPQBA", "description": "", "published_at": "2023-05-26T20:22:18Z", "channel_id": "UC0O-ohYDF4P66HW9XJ4Us8w", "channel_title": "Robbie Kramer", "tags": [], "category_id": "24", "live_broadcast_content": "none", "duration": 31.0, "dimension": "2d", "definition": "hd", "caption": "false", "view_count": 134, "like_count": 3, "comment_count": 0, "channel_info": {"title": "Robbie Kramer", "description": "I'm Robbie Kramer \ud83c\udf99Host of The Inner Confidence Podcast & Founder of Inner Confidence, Inc.\n\nI lived an exhilarating single life filled with adventures and lessons, and ultimately achieved what I had always aspired to \u2013 finding an amazing, feminine, and loving wife. \n\nI believe my experiences provide a rare balance of wild freedom and committed love, equipping me with the insights to help you navigate the complexities of dating and relationships in today's world. Let me guide you to embrace your desires, improve your social prowess, and ultimately attract the partner who aligns with your highest aspirations.\n\nYou won\u2019t find any fluffy, new-age, or cringy stuff here, just tested, proven and actionable advice that yields results.\n\nApply to join our exclusive Inner Confidence Community of ambitious men who are actively working together to achieve their goals faster   \u25ba https://innerconfidence.com/community\n\nYou can email me at robbie@innerconfidence.com with any questions or comments.\n", "subscriber_count": "1270", "total_views": "604693", "total_videos": "470"}, "comments": [], "file_path": "/Users/aelaguiz/workspace/fc_book/audio/raws/0DMcGHmPQBA.mp3", "transcription": "{\"text\": \"And he said, like, this flaking, it needs to stop. This is like, he was really upset. Don't you understand you're contributing to the problem. You are the problem. It's like, you are the problem around me. I think we can all agree. You're contributing to this behavior. And I'm like, what are you going to rid the world of flaking? That's your new mission in life. You know that then the conversation sort of spiraled into like a shouting match and you're stupid. No, you're stupid. That didn't go very well because she did X badly. You should do Y badly. And I tried to explain to him that like, he's not really seeing the bigger picture. \", \"segments\": [{\"id\": 0, \"seek\": 0, \"start\": 0.0, \"end\": 2.640000104904175, \"text\": \" And he said, like, this flaking, it needs to stop.\", \"tokens\": [50364, 400, 415, 848, 11, 411, 11, 341, 932, 2456, 11, 309, 2203, 281, 1590, 13, 50496], \"temperature\": 0.0, \"avg_logprob\": -0.3220088481903076, \"compression_ratio\": 1.8313953876495361, \"no_speech_prob\": 0.07146083563566208}, {\"id\": 1, \"seek\": 0, \"start\": 2.640000104904175, \"end\": 4.480000019073486, \"text\": \" This is like, he was really upset.\", \"tokens\": [50496, 639, 307, 411, 11, 415, 390, 534, 8340, 13, 50588], \"temperature\": 0.0, \"avg_logprob\": -0.3220088481903076, \"compression_ratio\": 1.8313953876495361, \"no_speech_prob\": 0.07146083563566208}, {\"id\": 2, \"seek\": 0, \"start\": 4.519999980926514, \"end\": 6.760000228881836, \"text\": \" Don't you understand you're contributing to the problem.\", \"tokens\": [50590, 1468, 380, 291, 1223, 291, 434, 19270, 281, 264, 1154, 13, 50702], \"temperature\": 0.0, \"avg_logprob\": -0.3220088481903076, \"compression_ratio\": 1.8313953876495361, \"no_speech_prob\": 0.07146083563566208}, {\"id\": 3, \"seek\": 0, \"start\": 7.039999961853027, \"end\": 8.15999984741211, \"text\": \" You are the problem.\", \"tokens\": [50716, 509, 366, 264, 1154, 13, 50772], \"temperature\": 0.0, \"avg_logprob\": -0.3220088481903076, \"compression_ratio\": 1.8313953876495361, \"no_speech_prob\": 0.07146083563566208}, {\"id\": 4, \"seek\": 0, \"start\": 8.960000038146973, \"end\": 12.239999771118164, \"text\": \" It's like, you are the problem around me.\", \"tokens\": [50812, 467, 311, 411, 11, 291, 366, 264, 1154, 926, 385, 13, 50976], \"temperature\": 0.0, \"avg_logprob\": -0.3220088481903076, \"compression_ratio\": 1.8313953876495361, \"no_speech_prob\": 0.07146083563566208}, {\"id\": 5, \"seek\": 0, \"start\": 12.239999771118164, \"end\": 12.920000076293945, \"text\": \" I think we can all agree.\", \"tokens\": [50976, 286, 519, 321, 393, 439, 3986, 13, 51010], \"temperature\": 0.0, \"avg_logprob\": -0.3220088481903076, \"compression_ratio\": 1.8313953876495361, \"no_speech_prob\": 0.07146083563566208}, {\"id\": 6, \"seek\": 0, \"start\": 13.720000267028809, \"end\": 15.4399995803833, \"text\": \" You're contributing to this behavior.\", \"tokens\": [51050, 509, 434, 19270, 281, 341, 5223, 13, 51136], \"temperature\": 0.0, \"avg_logprob\": -0.3220088481903076, \"compression_ratio\": 1.8313953876495361, \"no_speech_prob\": 0.07146083563566208}, {\"id\": 7, \"seek\": 0, \"start\": 15.4399995803833, \"end\": 17.1200008392334, \"text\": \" And I'm like, what are you going to rid the world of flaking?\", \"tokens\": [51136, 400, 286, 478, 411, 11, 437, 366, 291, 516, 281, 3973, 264, 1002, 295, 932, 2456, 30, 51220], \"temperature\": 0.0, \"avg_logprob\": -0.3220088481903076, \"compression_ratio\": 1.8313953876495361, \"no_speech_prob\": 0.07146083563566208}, {\"id\": 8, \"seek\": 0, \"start\": 17.1200008392334, \"end\": 18.079999923706055, \"text\": \" That's your new mission in life.\", \"tokens\": [51220, 663, 311, 428, 777, 4447, 294, 993, 13, 51268], \"temperature\": 0.0, \"avg_logprob\": -0.3220088481903076, \"compression_ratio\": 1.8313953876495361, \"no_speech_prob\": 0.07146083563566208}, {\"id\": 9, \"seek\": 0, \"start\": 18.600000381469727, \"end\": 21.8799991607666, \"text\": \" You know that then the conversation sort of spiraled into like a shouting\", \"tokens\": [51294, 509, 458, 300, 550, 264, 3761, 1333, 295, 10733, 5573, 666, 411, 257, 20382, 51458], \"temperature\": 0.0, \"avg_logprob\": -0.3220088481903076, \"compression_ratio\": 1.8313953876495361, \"no_speech_prob\": 0.07146083563566208}, {\"id\": 10, \"seek\": 0, \"start\": 21.8799991607666, \"end\": 22.760000228881836, \"text\": \" match and you're stupid.\", \"tokens\": [51458, 2995, 293, 291, 434, 6631, 13, 51502], \"temperature\": 0.0, \"avg_logprob\": -0.3220088481903076, \"compression_ratio\": 1.8313953876495361, \"no_speech_prob\": 0.07146083563566208}, {\"id\": 11, \"seek\": 0, \"start\": 22.760000228881836, \"end\": 23.360000610351562, \"text\": \" No, you're stupid.\", \"tokens\": [51502, 883, 11, 291, 434, 6631, 13, 51532], \"temperature\": 0.0, \"avg_logprob\": -0.3220088481903076, \"compression_ratio\": 1.8313953876495361, \"no_speech_prob\": 0.07146083563566208}, {\"id\": 12, \"seek\": 0, \"start\": 23.600000381469727, \"end\": 26.079999923706055, \"text\": \" That didn't go very well because she did X badly.\", \"tokens\": [51544, 663, 994, 380, 352, 588, 731, 570, 750, 630, 1783, 13425, 13, 51668], \"temperature\": 0.0, \"avg_logprob\": -0.3220088481903076, \"compression_ratio\": 1.8313953876495361, \"no_speech_prob\": 0.07146083563566208}, {\"id\": 13, \"seek\": 0, \"start\": 26.079999923706055, \"end\": 27.200000762939453, \"text\": \" You should do Y badly.\", \"tokens\": [51668, 509, 820, 360, 398, 13425, 13, 51724], \"temperature\": 0.0, \"avg_logprob\": -0.3220088481903076, \"compression_ratio\": 1.8313953876495361, \"no_speech_prob\": 0.07146083563566208}, {\"id\": 14, \"seek\": 0, \"start\": 27.239999771118164, \"end\": 29.920000076293945, \"text\": \" And I tried to explain to him that like, he's not really seeing the bigger\", \"tokens\": [51726, 400, 286, 3031, 281, 2903, 281, 796, 300, 411, 11, 415, 311, 406, 534, 2577, 264, 3801, 51860], \"temperature\": 0.0, \"avg_logprob\": -0.3220088481903076, \"compression_ratio\": 1.8313953876495361, \"no_speech_prob\": 0.07146083563566208}, {\"id\": 15, \"seek\": 2992, \"start\": 29.920000076293945, \"end\": 34.91999816894531, \"text\": \" picture.\", \"tokens\": [50364, 3036, 13, 50614], \"temperature\": 0.0, \"avg_logprob\": -0.8960921168327332, \"compression_ratio\": 0.5, \"no_speech_prob\": 0.7884609699249268}]}"}