{"title": "Do women regret following the feminist movement when their biological clock starts to tick? (ep 252)", "video_id": "1DdoO_SClTU", "video_url": "https://www.youtube.com/watch?v=1DdoO_SClTU", "description": "", "published_at": "2023-12-18T18:53:28Z", "channel_id": "UC0O-ohYDF4P66HW9XJ4Us8w", "channel_title": "Robbie Kramer", "tags": [], "category_id": "24", "live_broadcast_content": "none", "duration": 45.0, "dimension": "2d", "definition": "hd", "caption": "false", "view_count": 1755, "like_count": 9, "comment_count": 2, "channel_info": {"title": "Robbie Kramer", "description": "I'm Robbie Kramer \ud83c\udf99Host of The Inner Confidence Podcast & Founder of Inner Confidence, Inc.\n\nI lived an exhilarating single life filled with adventures and lessons, and ultimately achieved what I had always aspired to \u2013 finding an amazing, feminine, and loving wife. \n\nI believe my experiences provide a rare balance of wild freedom and committed love, equipping me with the insights to help you navigate the complexities of dating and relationships in today's world. Let me guide you to embrace your desires, improve your social prowess, and ultimately attract the partner who aligns with your highest aspirations.\n\nYou won\u2019t find any fluffy, new-age, or cringy stuff here, just tested, proven and actionable advice that yields results.\n\nApply to join our exclusive Inner Confidence Community of ambitious men who are actively working together to achieve their goals faster   \u25ba https://innerconfidence.com/community\n\nYou can email me at robbie@innerconfidence.com with any questions or comments.\n", "subscriber_count": "1270", "total_views": "604693", "total_videos": "470"}, "comments": [], "file_path": "/Users/aelaguiz/workspace/fc_book/audio/raws/1DdoO_SClTU.mp3", "transcription": "{\"text\": \"If they have this very detailed plan for their life, and this typically happens when women are kind of in the biological clock starting to tick stage where they're like, I need to find a husband, they have they feel this pressure to to set up their future. They had so many years, like what were they doing? What were they doing? Well, they were being good feminists and getting, you know, really good jobs. And now they're really happy about that, I'm sure. Not that there's anything wrong with women having good jobs, of course, like, but they were they're putting off these sorts of things. I just don't think why the having a job and having a family it's something that can just go separate ways. It can go the same way you can. I know so many women who are really successful that have their own businesses. \", \"segments\": [{\"id\": 0, \"seek\": 0, \"start\": 0.0, \"end\": 4.559999942779541, \"text\": \" If they have this very detailed plan for their life, and this\", \"tokens\": [50364, 759, 436, 362, 341, 588, 9942, 1393, 337, 641, 993, 11, 293, 341, 50592], \"temperature\": 0.0, \"avg_logprob\": -0.2584846317768097, \"compression_ratio\": 1.826923131942749, \"no_speech_prob\": 0.09369072318077087}, {\"id\": 1, \"seek\": 0, \"start\": 4.559999942779541, \"end\": 7.739999771118164, \"text\": \" typically happens when women are kind of in the biological\", \"tokens\": [50592, 5850, 2314, 562, 2266, 366, 733, 295, 294, 264, 13910, 50751], \"temperature\": 0.0, \"avg_logprob\": -0.2584846317768097, \"compression_ratio\": 1.826923131942749, \"no_speech_prob\": 0.09369072318077087}, {\"id\": 2, \"seek\": 0, \"start\": 7.739999771118164, \"end\": 10.15999984741211, \"text\": \" clock starting to tick stage where they're like, I need to\", \"tokens\": [50751, 7830, 2891, 281, 5204, 3233, 689, 436, 434, 411, 11, 286, 643, 281, 50872], \"temperature\": 0.0, \"avg_logprob\": -0.2584846317768097, \"compression_ratio\": 1.826923131942749, \"no_speech_prob\": 0.09369072318077087}, {\"id\": 3, \"seek\": 0, \"start\": 10.15999984741211, \"end\": 14.199999809265137, \"text\": \" find a husband, they have they feel this pressure to to set up\", \"tokens\": [50872, 915, 257, 5213, 11, 436, 362, 436, 841, 341, 3321, 281, 281, 992, 493, 51074], \"temperature\": 0.0, \"avg_logprob\": -0.2584846317768097, \"compression_ratio\": 1.826923131942749, \"no_speech_prob\": 0.09369072318077087}, {\"id\": 4, \"seek\": 0, \"start\": 14.199999809265137, \"end\": 15.039999961853027, \"text\": \" their future.\", \"tokens\": [51074, 641, 2027, 13, 51116], \"temperature\": 0.0, \"avg_logprob\": -0.2584846317768097, \"compression_ratio\": 1.826923131942749, \"no_speech_prob\": 0.09369072318077087}, {\"id\": 5, \"seek\": 0, \"start\": 15.319999694824219, \"end\": 19.0, \"text\": \" They had so many years, like what were they doing? What were\", \"tokens\": [51130, 814, 632, 370, 867, 924, 11, 411, 437, 645, 436, 884, 30, 708, 645, 51314], \"temperature\": 0.0, \"avg_logprob\": -0.2584846317768097, \"compression_ratio\": 1.826923131942749, \"no_speech_prob\": 0.09369072318077087}, {\"id\": 6, \"seek\": 0, \"start\": 19.0, \"end\": 19.639999389648438, \"text\": \" they doing?\", \"tokens\": [51314, 436, 884, 30, 51346], \"temperature\": 0.0, \"avg_logprob\": -0.2584846317768097, \"compression_ratio\": 1.826923131942749, \"no_speech_prob\": 0.09369072318077087}, {\"id\": 7, \"seek\": 0, \"start\": 19.760000228881836, \"end\": 22.079999923706055, \"text\": \" Well, they were being good feminists and getting, you know,\", \"tokens\": [51352, 1042, 11, 436, 645, 885, 665, 11155, 1751, 293, 1242, 11, 291, 458, 11, 51468], \"temperature\": 0.0, \"avg_logprob\": -0.2584846317768097, \"compression_ratio\": 1.826923131942749, \"no_speech_prob\": 0.09369072318077087}, {\"id\": 8, \"seek\": 0, \"start\": 22.079999923706055, \"end\": 24.0, \"text\": \" really good jobs. And now they're really happy about that,\", \"tokens\": [51468, 534, 665, 4782, 13, 400, 586, 436, 434, 534, 2055, 466, 300, 11, 51564], \"temperature\": 0.0, \"avg_logprob\": -0.2584846317768097, \"compression_ratio\": 1.826923131942749, \"no_speech_prob\": 0.09369072318077087}, {\"id\": 9, \"seek\": 0, \"start\": 24.0, \"end\": 26.520000457763672, \"text\": \" I'm sure. Not that there's anything wrong with women having\", \"tokens\": [51564, 286, 478, 988, 13, 1726, 300, 456, 311, 1340, 2085, 365, 2266, 1419, 51690], \"temperature\": 0.0, \"avg_logprob\": -0.2584846317768097, \"compression_ratio\": 1.826923131942749, \"no_speech_prob\": 0.09369072318077087}, {\"id\": 10, \"seek\": 0, \"start\": 26.520000457763672, \"end\": 29.440000534057617, \"text\": \" good jobs, of course, like, but they were they're putting off\", \"tokens\": [51690, 665, 4782, 11, 295, 1164, 11, 411, 11, 457, 436, 645, 436, 434, 3372, 766, 51836], \"temperature\": 0.0, \"avg_logprob\": -0.2584846317768097, \"compression_ratio\": 1.826923131942749, \"no_speech_prob\": 0.09369072318077087}, {\"id\": 11, \"seek\": 2944, \"start\": 29.639999389648438, \"end\": 30.84000015258789, \"text\": \" these sorts of things.\", \"tokens\": [50374, 613, 7527, 295, 721, 13, 50434], \"temperature\": 0.0, \"avg_logprob\": -0.27372393012046814, \"compression_ratio\": 1.5384615659713745, \"no_speech_prob\": 0.11116363108158112}, {\"id\": 12, \"seek\": 2944, \"start\": 30.959999084472656, \"end\": 35.36000061035156, \"text\": \" I just don't think why the having a job and having a family\", \"tokens\": [50440, 286, 445, 500, 380, 519, 983, 264, 1419, 257, 1691, 293, 1419, 257, 1605, 50660], \"temperature\": 0.0, \"avg_logprob\": -0.27372393012046814, \"compression_ratio\": 1.5384615659713745, \"no_speech_prob\": 0.11116363108158112}, {\"id\": 13, \"seek\": 2944, \"start\": 35.36000061035156, \"end\": 38.720001220703125, \"text\": \" it's something that can just go separate ways. It can go the\", \"tokens\": [50660, 309, 311, 746, 300, 393, 445, 352, 4994, 2098, 13, 467, 393, 352, 264, 50828], \"temperature\": 0.0, \"avg_logprob\": -0.27372393012046814, \"compression_ratio\": 1.5384615659713745, \"no_speech_prob\": 0.11116363108158112}, {\"id\": 14, \"seek\": 2944, \"start\": 38.720001220703125, \"end\": 42.31999969482422, \"text\": \" same way you can. I know so many women who are really successful\", \"tokens\": [50828, 912, 636, 291, 393, 13, 286, 458, 370, 867, 2266, 567, 366, 534, 4406, 51008], \"temperature\": 0.0, \"avg_logprob\": -0.27372393012046814, \"compression_ratio\": 1.5384615659713745, \"no_speech_prob\": 0.11116363108158112}, {\"id\": 15, \"seek\": 2944, \"start\": 42.31999969482422, \"end\": 43.959999084472656, \"text\": \" that have their own businesses.\", \"tokens\": [51008, 300, 362, 641, 1065, 6011, 13, 51090], \"temperature\": 0.0, \"avg_logprob\": -0.27372393012046814, \"compression_ratio\": 1.5384615659713745, \"no_speech_prob\": 0.11116363108158112}]}"}