{"title": "Will she judge you on your potential status or current status?", "video_id": "1lRgM4vjExA", "video_url": "https://www.youtube.com/watch?v=1lRgM4vjExA", "description": "", "published_at": "2023-05-06T14:51:11Z", "channel_id": "UC0O-ohYDF4P66HW9XJ4Us8w", "channel_title": "Robbie Kramer", "tags": [], "category_id": "26", "live_broadcast_content": "none", "duration": 30.0, "dimension": "2d", "definition": "hd", "caption": "false", "view_count": 33, "like_count": 1, "comment_count": 0, "channel_info": {"title": "Robbie Kramer", "description": "I'm Robbie Kramer \ud83c\udf99Host of The Inner Confidence Podcast & Founder of Inner Confidence, Inc.\n\nI lived an exhilarating single life filled with adventures and lessons, and ultimately achieved what I had always aspired to \u2013 finding an amazing, feminine, and loving wife. \n\nI believe my experiences provide a rare balance of wild freedom and committed love, equipping me with the insights to help you navigate the complexities of dating and relationships in today's world. Let me guide you to embrace your desires, improve your social prowess, and ultimately attract the partner who aligns with your highest aspirations.\n\nYou won\u2019t find any fluffy, new-age, or cringy stuff here, just tested, proven and actionable advice that yields results.\n\nApply to join our exclusive Inner Confidence Community of ambitious men who are actively working together to achieve their goals faster   \u25ba https://innerconfidence.com/community\n\nYou can email me at robbie@innerconfidence.com with any questions or comments.\n", "subscriber_count": "1270", "total_views": "604693", "total_videos": "470"}, "comments": [], "file_path": "/Users/aelaguiz/workspace/fc_book/audio/raws/1lRgM4vjExA.mp3", "transcription": "{\"text\": \"What matters more, a guy's current level of wealth or his potential level of wealth? Current, I would say for guys, the older he is, the more status he gets and more attractive he becomes. For a girl, the older she gets, then no one needs her. A lot of girls, you commit to the relationship, right? You're both like 25 and after, like in 10 years, you thought he had a good potential and in 10 years, he didn't make nothing happen. Then the potential just disappear and you're already 35, right? He didn't propose to you and now you're alone and you're 35 and all guys will look for girls who are 25. \", \"segments\": [{\"id\": 0, \"seek\": 0, \"start\": 0.0, \"end\": 2.7200000286102295, \"text\": \" What matters more, a guy's current level of wealth\", \"tokens\": [50364, 708, 7001, 544, 11, 257, 2146, 311, 2190, 1496, 295, 7203, 50500], \"temperature\": 0.0, \"avg_logprob\": -0.2887043356895447, \"compression_ratio\": 1.8292683362960815, \"no_speech_prob\": 0.0001725244364934042}, {\"id\": 1, \"seek\": 0, \"start\": 2.7200000286102295, \"end\": 4.360000133514404, \"text\": \" or his potential level of wealth?\", \"tokens\": [50500, 420, 702, 3995, 1496, 295, 7203, 30, 50582], \"temperature\": 0.0, \"avg_logprob\": -0.2887043356895447, \"compression_ratio\": 1.8292683362960815, \"no_speech_prob\": 0.0001725244364934042}, {\"id\": 2, \"seek\": 0, \"start\": 4.360000133514404, \"end\": 6.559999942779541, \"text\": \" Current, I would say for guys, the older he is,\", \"tokens\": [50582, 15629, 11, 286, 576, 584, 337, 1074, 11, 264, 4906, 415, 307, 11, 50692], \"temperature\": 0.0, \"avg_logprob\": -0.2887043356895447, \"compression_ratio\": 1.8292683362960815, \"no_speech_prob\": 0.0001725244364934042}, {\"id\": 3, \"seek\": 0, \"start\": 6.559999942779541, \"end\": 9.640000343322754, \"text\": \" the more status he gets and more attractive he becomes.\", \"tokens\": [50692, 264, 544, 6558, 415, 2170, 293, 544, 12609, 415, 3643, 13, 50846], \"temperature\": 0.0, \"avg_logprob\": -0.2887043356895447, \"compression_ratio\": 1.8292683362960815, \"no_speech_prob\": 0.0001725244364934042}, {\"id\": 4, \"seek\": 0, \"start\": 9.640000343322754, \"end\": 11.920000076293945, \"text\": \" For a girl, the older she gets, then no one needs her.\", \"tokens\": [50846, 1171, 257, 2013, 11, 264, 4906, 750, 2170, 11, 550, 572, 472, 2203, 720, 13, 50960], \"temperature\": 0.0, \"avg_logprob\": -0.2887043356895447, \"compression_ratio\": 1.8292683362960815, \"no_speech_prob\": 0.0001725244364934042}, {\"id\": 5, \"seek\": 0, \"start\": 11.920000076293945, \"end\": 14.239999771118164, \"text\": \" A lot of girls, you commit to the relationship, right?\", \"tokens\": [50960, 316, 688, 295, 4519, 11, 291, 5599, 281, 264, 2480, 11, 558, 30, 51076], \"temperature\": 0.0, \"avg_logprob\": -0.2887043356895447, \"compression_ratio\": 1.8292683362960815, \"no_speech_prob\": 0.0001725244364934042}, {\"id\": 6, \"seek\": 0, \"start\": 14.239999771118164, \"end\": 17.079999923706055, \"text\": \" You're both like 25 and after, like in 10 years,\", \"tokens\": [51076, 509, 434, 1293, 411, 3552, 293, 934, 11, 411, 294, 1266, 924, 11, 51218], \"temperature\": 0.0, \"avg_logprob\": -0.2887043356895447, \"compression_ratio\": 1.8292683362960815, \"no_speech_prob\": 0.0001725244364934042}, {\"id\": 7, \"seek\": 0, \"start\": 17.079999923706055, \"end\": 18.719999313354492, \"text\": \" you thought he had a good potential\", \"tokens\": [51218, 291, 1194, 415, 632, 257, 665, 3995, 51300], \"temperature\": 0.0, \"avg_logprob\": -0.2887043356895447, \"compression_ratio\": 1.8292683362960815, \"no_speech_prob\": 0.0001725244364934042}, {\"id\": 8, \"seek\": 0, \"start\": 18.719999313354492, \"end\": 21.040000915527344, \"text\": \" and in 10 years, he didn't make nothing happen.\", \"tokens\": [51300, 293, 294, 1266, 924, 11, 415, 994, 380, 652, 1825, 1051, 13, 51416], \"temperature\": 0.0, \"avg_logprob\": -0.2887043356895447, \"compression_ratio\": 1.8292683362960815, \"no_speech_prob\": 0.0001725244364934042}, {\"id\": 9, \"seek\": 0, \"start\": 21.040000915527344, \"end\": 22.68000030517578, \"text\": \" Then the potential just disappear\", \"tokens\": [51416, 1396, 264, 3995, 445, 11596, 51498], \"temperature\": 0.0, \"avg_logprob\": -0.2887043356895447, \"compression_ratio\": 1.8292683362960815, \"no_speech_prob\": 0.0001725244364934042}, {\"id\": 10, \"seek\": 0, \"start\": 22.68000030517578, \"end\": 24.1200008392334, \"text\": \" and you're already 35, right?\", \"tokens\": [51498, 293, 291, 434, 1217, 6976, 11, 558, 30, 51570], \"temperature\": 0.0, \"avg_logprob\": -0.2887043356895447, \"compression_ratio\": 1.8292683362960815, \"no_speech_prob\": 0.0001725244364934042}, {\"id\": 11, \"seek\": 0, \"start\": 24.1200008392334, \"end\": 26.440000534057617, \"text\": \" He didn't propose to you and now you're alone\", \"tokens\": [51570, 634, 994, 380, 17421, 281, 291, 293, 586, 291, 434, 3312, 51686], \"temperature\": 0.0, \"avg_logprob\": -0.2887043356895447, \"compression_ratio\": 1.8292683362960815, \"no_speech_prob\": 0.0001725244364934042}, {\"id\": 12, \"seek\": 0, \"start\": 26.440000534057617, \"end\": 29.440000534057617, \"text\": \" and you're 35 and all guys will look for girls who are 25.\", \"tokens\": [51686, 293, 291, 434, 6976, 293, 439, 1074, 486, 574, 337, 4519, 567, 366, 3552, 13, 51836], \"temperature\": 0.0, \"avg_logprob\": -0.2887043356895447, \"compression_ratio\": 1.8292683362960815, \"no_speech_prob\": 0.0001725244364934042}]}"}