{"title": "How to recover when the first kiss goes wrong\u2026 (Ep 252)", "video_id": "1nTJWAgcbeM", "video_url": "https://www.youtube.com/watch?v=1nTJWAgcbeM", "description": "", "published_at": "2023-10-26T21:26:26Z", "channel_id": "UC0O-ohYDF4P66HW9XJ4Us8w", "channel_title": "Robbie Kramer", "tags": [], "category_id": "24", "live_broadcast_content": "none", "duration": 61.0, "dimension": "2d", "definition": "hd", "caption": "false", "view_count": 191, "like_count": 1, "comment_count": 0, "channel_info": {"title": "Robbie Kramer", "description": "I'm Robbie Kramer \ud83c\udf99Host of The Inner Confidence Podcast & Founder of Inner Confidence, Inc.\n\nI lived an exhilarating single life filled with adventures and lessons, and ultimately achieved what I had always aspired to \u2013 finding an amazing, feminine, and loving wife. \n\nI believe my experiences provide a rare balance of wild freedom and committed love, equipping me with the insights to help you navigate the complexities of dating and relationships in today's world. Let me guide you to embrace your desires, improve your social prowess, and ultimately attract the partner who aligns with your highest aspirations.\n\nYou won\u2019t find any fluffy, new-age, or cringy stuff here, just tested, proven and actionable advice that yields results.\n\nApply to join our exclusive Inner Confidence Community of ambitious men who are actively working together to achieve their goals faster   \u25ba https://innerconfidence.com/community\n\nYou can email me at robbie@innerconfidence.com with any questions or comments.\n", "subscriber_count": "1270", "total_views": "604693", "total_videos": "470"}, "comments": [], "file_path": "/Users/aelaguiz/workspace/fc_book/audio/raws/1nTJWAgcbeM.mp3", "transcription": "{\"text\": \"Oh god, James, don't. Oh, I'm sorry. No, I can't do this. I want the rebound. Blah blah blah blah blah blah blah blah blah. It's the moment that we all dread. Because she wants to kiss him. She's attracted to him, right? This means nothing about him. This is all her own nonsense. I know this is an ideal sort of kissing moment. You know, night, moon, boat, water lapping. You know, it's um, it's perfect. And I'm, I'm not not feeling that it would be nice, but I don't really know anything about you. So what is she saying? What do you think she means when she says, I don't know anything about you? Do you think that's a honest statement? I mean, a lot of girls can kiss a guy when they first met him in the club, you know, so it doesn't really, I mean, it's not particular that I would do, I wouldn't do this, but I don't think it's what you really think or feel. Exactly. You don't have to know anything about someone to be attracted to them and want to kiss them. Yeah, you just have a physical attraction, even if you won't kiss him because you know, you see him first time, but it doesn't mean that you don't want. So what she's really saying is, I'm not ready. My mind is still focused on this. \", \"segments\": [{\"id\": 0, \"seek\": 0, \"start\": 0.0, \"end\": 3.0399999618530273, \"text\": \" Oh god, James, don't.\", \"tokens\": [50364, 876, 3044, 11, 5678, 11, 500, 380, 13, 50516], \"temperature\": 0.800000011920929, \"avg_logprob\": -0.5860602855682373, \"compression_ratio\": 1.7088607549667358, \"no_speech_prob\": 0.24663995206356049}, {\"id\": 1, \"seek\": 0, \"start\": 3.0399999618530273, \"end\": 4.5, \"text\": \" Oh, I'm sorry.\", \"tokens\": [50516, 876, 11, 286, 478, 2597, 13, 50589], \"temperature\": 0.800000011920929, \"avg_logprob\": -0.5860602855682373, \"compression_ratio\": 1.7088607549667358, \"no_speech_prob\": 0.24663995206356049}, {\"id\": 2, \"seek\": 0, \"start\": 4.5, \"end\": 5.639999866485596, \"text\": \" No, I can't do this.\", \"tokens\": [50589, 883, 11, 286, 393, 380, 360, 341, 13, 50646], \"temperature\": 0.800000011920929, \"avg_logprob\": -0.5860602855682373, \"compression_ratio\": 1.7088607549667358, \"no_speech_prob\": 0.24663995206356049}, {\"id\": 3, \"seek\": 0, \"start\": 5.639999866485596, \"end\": 6.639999866485596, \"text\": \" I want the rebound.\", \"tokens\": [50646, 286, 528, 264, 31850, 13, 50696], \"temperature\": 0.800000011920929, \"avg_logprob\": -0.5860602855682373, \"compression_ratio\": 1.7088607549667358, \"no_speech_prob\": 0.24663995206356049}, {\"id\": 4, \"seek\": 0, \"start\": 6.639999866485596, \"end\": 8.880000114440918, \"text\": \" Blah blah blah blah blah blah blah blah blah.\", \"tokens\": [50696, 2177, 545, 12288, 12288, 12288, 12288, 12288, 12288, 12288, 12288, 13, 50808], \"temperature\": 0.800000011920929, \"avg_logprob\": -0.5860602855682373, \"compression_ratio\": 1.7088607549667358, \"no_speech_prob\": 0.24663995206356049}, {\"id\": 5, \"seek\": 0, \"start\": 8.880000114440918, \"end\": 11.119999885559082, \"text\": \" It's the moment that we all dread.\", \"tokens\": [50808, 467, 311, 264, 1623, 300, 321, 439, 22236, 13, 50920], \"temperature\": 0.800000011920929, \"avg_logprob\": -0.5860602855682373, \"compression_ratio\": 1.7088607549667358, \"no_speech_prob\": 0.24663995206356049}, {\"id\": 6, \"seek\": 0, \"start\": 11.119999885559082, \"end\": 12.119999885559082, \"text\": \" Because she wants to kiss him.\", \"tokens\": [50920, 1436, 750, 2738, 281, 7704, 796, 13, 50970], \"temperature\": 0.800000011920929, \"avg_logprob\": -0.5860602855682373, \"compression_ratio\": 1.7088607549667358, \"no_speech_prob\": 0.24663995206356049}, {\"id\": 7, \"seek\": 0, \"start\": 12.119999885559082, \"end\": 13.119999885559082, \"text\": \" She's attracted to him, right?\", \"tokens\": [50970, 1240, 311, 15912, 220, 1353, 796, 11, 558, 30, 51020], \"temperature\": 0.800000011920929, \"avg_logprob\": -0.5860602855682373, \"compression_ratio\": 1.7088607549667358, \"no_speech_prob\": 0.24663995206356049}, {\"id\": 8, \"seek\": 0, \"start\": 13.119999885559082, \"end\": 14.460000038146973, \"text\": \" This means nothing about him.\", \"tokens\": [51020, 639, 1355, 1825, 466, 796, 13, 51087], \"temperature\": 0.800000011920929, \"avg_logprob\": -0.5860602855682373, \"compression_ratio\": 1.7088607549667358, \"no_speech_prob\": 0.24663995206356049}, {\"id\": 9, \"seek\": 0, \"start\": 14.460000038146973, \"end\": 16.1200008392334, \"text\": \" This is all her own nonsense.\", \"tokens\": [51087, 639, 307, 439, 720, 1065, 14925, 13, 51170], \"temperature\": 0.800000011920929, \"avg_logprob\": -0.5860602855682373, \"compression_ratio\": 1.7088607549667358, \"no_speech_prob\": 0.24663995206356049}, {\"id\": 10, \"seek\": 0, \"start\": 16.1200008392334, \"end\": 19.260000228881836, \"text\": \" I know this is an ideal sort of kissing moment.\", \"tokens\": [51170, 286, 458, 30994, 82, 307, 364, 7157, 1333, 295, 350, 271, 82, 278, 1623, 13, 51327], \"temperature\": 0.800000011920929, \"avg_logprob\": -0.5860602855682373, \"compression_ratio\": 1.7088607549667358, \"no_speech_prob\": 0.24663995206356049}, {\"id\": 11, \"seek\": 0, \"start\": 19.260000228881836, \"end\": 22.15999984741211, \"text\": \" You know, night, moon, boat, water lapping.\", \"tokens\": [51327, 509, 458, 11, 1818, 11, 7135, 11, 6582, 11, 1281, 287, 10534, 13, 51472], \"temperature\": 0.800000011920929, \"avg_logprob\": -0.5860602855682373, \"compression_ratio\": 1.7088607549667358, \"no_speech_prob\": 0.24663995206356049}, {\"id\": 12, \"seek\": 0, \"start\": 22.15999984741211, \"end\": 25.139999389648438, \"text\": \" You know, it's um, it's perfect.\", \"tokens\": [51472, 509, 458, 11, 309, 311, 1105, 11, 309, 311, 2176, 13, 51621], \"temperature\": 0.800000011920929, \"avg_logprob\": -0.5860602855682373, \"compression_ratio\": 1.7088607549667358, \"no_speech_prob\": 0.24663995206356049}, {\"id\": 13, \"seek\": 2514, \"start\": 25.139999389648438, \"end\": 31.459999084472656, \"text\": \" And I'm, I'm not not feeling that it would be nice, but I don't really know anything\", \"tokens\": [50364, 400, 286, 478, 11, 286, 478, 406, 406, 2633, 300, 309, 576, 312, 1481, 11, 457, 286, 500, 380, 534, 458, 1340, 50680], \"temperature\": 0.0, \"avg_logprob\": -0.2608852982521057, \"compression_ratio\": 1.9174041748046875, \"no_speech_prob\": 0.12418968975543976}, {\"id\": 14, \"seek\": 2514, \"start\": 31.459999084472656, \"end\": 32.459999084472656, \"text\": \" about you.\", \"tokens\": [50680, 466, 291, 13, 50730], \"temperature\": 0.0, \"avg_logprob\": -0.2608852982521057, \"compression_ratio\": 1.9174041748046875, \"no_speech_prob\": 0.12418968975543976}, {\"id\": 15, \"seek\": 2514, \"start\": 32.459999084472656, \"end\": 33.459999084472656, \"text\": \" So what is she saying?\", \"tokens\": [50730, 407, 437, 307, 750, 1566, 30, 50780], \"temperature\": 0.0, \"avg_logprob\": -0.2608852982521057, \"compression_ratio\": 1.9174041748046875, \"no_speech_prob\": 0.12418968975543976}, {\"id\": 16, \"seek\": 2514, \"start\": 33.459999084472656, \"end\": 35.2599983215332, \"text\": \" What do you think she means when she says, I don't know anything about you?\", \"tokens\": [50780, 708, 360, 291, 519, 750, 1355, 562, 750, 1619, 11, 286, 500, 380, 458, 1340, 466, 291, 30, 50870], \"temperature\": 0.0, \"avg_logprob\": -0.2608852982521057, \"compression_ratio\": 1.9174041748046875, \"no_speech_prob\": 0.12418968975543976}, {\"id\": 17, \"seek\": 2514, \"start\": 35.2599983215332, \"end\": 36.779998779296875, \"text\": \" Do you think that's a honest statement?\", \"tokens\": [50870, 1144, 291, 519, 300, 311, 257, 3245, 5629, 30, 50946], \"temperature\": 0.0, \"avg_logprob\": -0.2608852982521057, \"compression_ratio\": 1.9174041748046875, \"no_speech_prob\": 0.12418968975543976}, {\"id\": 18, \"seek\": 2514, \"start\": 36.779998779296875, \"end\": 40.619998931884766, \"text\": \" I mean, a lot of girls can kiss a guy when they first met him in the club, you know,\", \"tokens\": [50946, 286, 914, 11, 257, 688, 295, 4519, 393, 7704, 257, 2146, 562, 436, 700, 1131, 796, 294, 264, 6482, 11, 291, 458, 11, 51138], \"temperature\": 0.0, \"avg_logprob\": -0.2608852982521057, \"compression_ratio\": 1.9174041748046875, \"no_speech_prob\": 0.12418968975543976}, {\"id\": 19, \"seek\": 2514, \"start\": 40.619998931884766, \"end\": 44.5, \"text\": \" so it doesn't really, I mean, it's not particular that I would do, I wouldn't do this, but I\", \"tokens\": [51138, 370, 309, 1177, 380, 534, 11, 286, 914, 11, 309, 311, 406, 1729, 300, 286, 576, 360, 11, 286, 2759, 380, 360, 341, 11, 457, 286, 51332], \"temperature\": 0.0, \"avg_logprob\": -0.2608852982521057, \"compression_ratio\": 1.9174041748046875, \"no_speech_prob\": 0.12418968975543976}, {\"id\": 20, \"seek\": 2514, \"start\": 44.5, \"end\": 47.02000045776367, \"text\": \" don't think it's what you really think or feel.\", \"tokens\": [51332, 500, 380, 519, 309, 311, 437, 291, 534, 519, 420, 841, 13, 51458], \"temperature\": 0.0, \"avg_logprob\": -0.2608852982521057, \"compression_ratio\": 1.9174041748046875, \"no_speech_prob\": 0.12418968975543976}, {\"id\": 21, \"seek\": 2514, \"start\": 47.02000045776367, \"end\": 48.02000045776367, \"text\": \" Exactly.\", \"tokens\": [51458, 7587, 13, 51508], \"temperature\": 0.0, \"avg_logprob\": -0.2608852982521057, \"compression_ratio\": 1.9174041748046875, \"no_speech_prob\": 0.12418968975543976}, {\"id\": 22, \"seek\": 2514, \"start\": 48.02000045776367, \"end\": 50.41999816894531, \"text\": \" You don't have to know anything about someone to be attracted to them and want to kiss them.\", \"tokens\": [51508, 509, 500, 380, 362, 281, 458, 1340, 466, 1580, 281, 312, 15912, 281, 552, 293, 528, 281, 7704, 552, 13, 51628], \"temperature\": 0.0, \"avg_logprob\": -0.2608852982521057, \"compression_ratio\": 1.9174041748046875, \"no_speech_prob\": 0.12418968975543976}, {\"id\": 23, \"seek\": 2514, \"start\": 50.41999816894531, \"end\": 54.060001373291016, \"text\": \" Yeah, you just have a physical attraction, even if you won't kiss him because you know,\", \"tokens\": [51628, 865, 11, 291, 445, 362, 257, 4001, 17672, 11, 754, 498, 291, 1582, 380, 7704, 796, 570, 291, 458, 11, 51810], \"temperature\": 0.0, \"avg_logprob\": -0.2608852982521057, \"compression_ratio\": 1.9174041748046875, \"no_speech_prob\": 0.12418968975543976}, {\"id\": 24, \"seek\": 5406, \"start\": 54.060001373291016, \"end\": 56.2599983215332, \"text\": \" you see him first time, but it doesn't mean that you don't want.\", \"tokens\": [50364, 291, 536, 796, 700, 565, 11, 457, 309, 1177, 380, 914, 300, 291, 500, 380, 528, 13, 50474], \"temperature\": 0.0, \"avg_logprob\": -0.3062802851200104, \"compression_ratio\": 1.2608696222305298, \"no_speech_prob\": 0.969965934753418}, {\"id\": 25, \"seek\": 5406, \"start\": 56.2599983215332, \"end\": 58.560001373291016, \"text\": \" So what she's really saying is, I'm not ready.\", \"tokens\": [50474, 407, 437, 750, 311, 534, 1566, 307, 11, 286, 478, 406, 1919, 13, 50589], \"temperature\": 0.0, \"avg_logprob\": -0.3062802851200104, \"compression_ratio\": 1.2608696222305298, \"no_speech_prob\": 0.969965934753418}, {\"id\": 26, \"seek\": 5406, \"start\": 58.560001373291016, \"end\": 59.97999954223633, \"text\": \" My mind is still focused on this.\", \"tokens\": [50589, 1222, 1575, 307, 920, 5178, 322, 341, 13, 50660], \"temperature\": 0.0, \"avg_logprob\": -0.3062802851200104, \"compression_ratio\": 1.2608696222305298, \"no_speech_prob\": 0.969965934753418}]}"}