{"title": "The best way to get her contact info (both IG & Digits)", "video_id": "1QLyBo5_-jU", "video_url": "https://www.youtube.com/watch?v=1QLyBo5_-jU", "description": "", "published_at": "2023-04-20T22:42:28Z", "channel_id": "UC0O-ohYDF4P66HW9XJ4Us8w", "channel_title": "Robbie Kramer", "tags": [], "category_id": "26", "live_broadcast_content": "none", "duration": 45.0, "dimension": "2d", "definition": "hd", "caption": "false", "view_count": 456, "like_count": 4, "comment_count": 0, "channel_info": {"title": "Robbie Kramer", "description": "I'm Robbie Kramer \ud83c\udf99Host of The Inner Confidence Podcast & Founder of Inner Confidence, Inc.\n\nI lived an exhilarating single life filled with adventures and lessons, and ultimately achieved what I had always aspired to \u2013 finding an amazing, feminine, and loving wife. \n\nI believe my experiences provide a rare balance of wild freedom and committed love, equipping me with the insights to help you navigate the complexities of dating and relationships in today's world. Let me guide you to embrace your desires, improve your social prowess, and ultimately attract the partner who aligns with your highest aspirations.\n\nYou won\u2019t find any fluffy, new-age, or cringy stuff here, just tested, proven and actionable advice that yields results.\n\nApply to join our exclusive Inner Confidence Community of ambitious men who are actively working together to achieve their goals faster   \u25ba https://innerconfidence.com/community\n\nYou can email me at robbie@innerconfidence.com with any questions or comments.\n", "subscriber_count": "1270", "total_views": "604693", "total_videos": "470"}, "comments": [], "file_path": "/Users/aelaguiz/workspace/fc_book/audio/raws/1QLyBo5_-jU.mp3", "transcription": "{\"text\": \"myself in her phone and I'll follow myself that way I'm not worried about her not following me. It's really easy to get Instagrams because it's like a very low investment sort of thing for a girl to do like okay whatever I'll just give my Instagram it's already a public thing but a much better way is use the fake number line because it's funny you know hey fun chatting I got a run how about this give me your number if you don't like me give me a fake one if you're new to the show I recommend you download my first date protocol it's the best piece of content I have it'll help you optimize your first date and subsequent dates and I like to connect with my listeners personally so if you want to grab a copy of that please send me a direct message on Instagram I'm at Robbie underscore Kramer \", \"segments\": [{\"id\": 0, \"seek\": 0, \"start\": 0.0, \"end\": 4.0, \"text\": \" myself in her phone and I'll follow myself that way I'm not worried about\", \"tokens\": [50364, 2059, 294, 720, 2593, 293, 286, 603, 1524, 2059, 300, 636, 286, 478, 406, 5804, 466, 50564], \"temperature\": 0.0, \"avg_logprob\": -0.31921541690826416, \"compression_ratio\": 1.7972972393035889, \"no_speech_prob\": 0.2672980725765228}, {\"id\": 1, \"seek\": 0, \"start\": 4.0, \"end\": 8.119999885559082, \"text\": \" her not following me. It's really easy to get Instagrams because it's like a very\", \"tokens\": [50564, 720, 406, 3480, 385, 13, 467, 311, 534, 1858, 281, 483, 5281, 82, 570, 309, 311, 411, 257, 588, 50770], \"temperature\": 0.0, \"avg_logprob\": -0.31921541690826416, \"compression_ratio\": 1.7972972393035889, \"no_speech_prob\": 0.2672980725765228}, {\"id\": 2, \"seek\": 0, \"start\": 8.119999885559082, \"end\": 11.84000015258789, \"text\": \" low investment sort of thing for a girl to do like okay whatever I'll just give\", \"tokens\": [50770, 2295, 6078, 1333, 295, 551, 337, 257, 2013, 281, 360, 411, 1392, 2035, 286, 603, 445, 976, 50956], \"temperature\": 0.0, \"avg_logprob\": -0.31921541690826416, \"compression_ratio\": 1.7972972393035889, \"no_speech_prob\": 0.2672980725765228}, {\"id\": 3, \"seek\": 0, \"start\": 11.84000015258789, \"end\": 16.200000762939453, \"text\": \" my Instagram it's already a public thing but a much better way is use the fake\", \"tokens\": [50956, 452, 5281, 309, 311, 1217, 257, 1908, 551, 457, 257, 709, 1101, 636, 307, 764, 264, 7592, 51174], \"temperature\": 0.0, \"avg_logprob\": -0.31921541690826416, \"compression_ratio\": 1.7972972393035889, \"no_speech_prob\": 0.2672980725765228}, {\"id\": 4, \"seek\": 0, \"start\": 16.200000762939453, \"end\": 19.520000457763672, \"text\": \" number line because it's funny you know hey fun chatting I got a run how about\", \"tokens\": [51174, 1230, 1622, 570, 309, 311, 4074, 291, 458, 4177, 1019, 24654, 286, 658, 257, 1190, 577, 466, 51340], \"temperature\": 0.0, \"avg_logprob\": -0.31921541690826416, \"compression_ratio\": 1.7972972393035889, \"no_speech_prob\": 0.2672980725765228}, {\"id\": 5, \"seek\": 0, \"start\": 19.520000457763672, \"end\": 23.440000534057617, \"text\": \" this give me your number if you don't like me give me a fake one\", \"tokens\": [51340, 341, 976, 385, 428, 1230, 498, 291, 500, 380, 411, 385, 976, 385, 257, 7592, 472, 51536], \"temperature\": 0.0, \"avg_logprob\": -0.31921541690826416, \"compression_ratio\": 1.7972972393035889, \"no_speech_prob\": 0.2672980725765228}, {\"id\": 6, \"seek\": 0, \"start\": 25.440000534057617, \"end\": 29.799999237060547, \"text\": \" if you're new to the show I recommend you download my first date protocol\", \"tokens\": [51636, 498, 291, 434, 777, 281, 264, 855, 286, 2748, 291, 5484, 452, 700, 4002, 10336, 51854], \"temperature\": 0.0, \"avg_logprob\": -0.31921541690826416, \"compression_ratio\": 1.7972972393035889, \"no_speech_prob\": 0.2672980725765228}, {\"id\": 7, \"seek\": 2980, \"start\": 29.799999237060547, \"end\": 34.2400016784668, \"text\": \" it's the best piece of content I have it'll help you optimize your first date\", \"tokens\": [50364, 309, 311, 264, 1151, 2522, 295, 2701, 286, 362, 309, 603, 854, 291, 19719, 428, 700, 4002, 50586], \"temperature\": 0.0, \"avg_logprob\": -0.23036380112171173, \"compression_ratio\": 1.4666666984558105, \"no_speech_prob\": 0.004131817724555731}, {\"id\": 8, \"seek\": 2980, \"start\": 34.2400016784668, \"end\": 37.84000015258789, \"text\": \" and subsequent dates and I like to connect with my listeners personally so\", \"tokens\": [50586, 293, 19962, 11691, 293, 286, 411, 281, 1745, 365, 452, 23274, 5665, 370, 50766], \"temperature\": 0.0, \"avg_logprob\": -0.23036380112171173, \"compression_ratio\": 1.4666666984558105, \"no_speech_prob\": 0.004131817724555731}, {\"id\": 9, \"seek\": 2980, \"start\": 37.84000015258789, \"end\": 41.08000183105469, \"text\": \" if you want to grab a copy of that please send me a direct message on\", \"tokens\": [50766, 498, 291, 528, 281, 4444, 257, 5055, 295, 300, 1767, 2845, 385, 257, 2047, 3636, 322, 50928], \"temperature\": 0.0, \"avg_logprob\": -0.23036380112171173, \"compression_ratio\": 1.4666666984558105, \"no_speech_prob\": 0.004131817724555731}, {\"id\": 10, \"seek\": 2980, \"start\": 41.08000183105469, \"end\": 46.040000915527344, \"text\": \" Instagram I'm at Robbie underscore Kramer\", \"tokens\": [50928, 5281, 286, 478, 412, 45749, 37556, 591, 44772, 51176], \"temperature\": 0.0, \"avg_logprob\": -0.23036380112171173, \"compression_ratio\": 1.4666666984558105, \"no_speech_prob\": 0.004131817724555731}]}"}