{"title": "Is the system flawed or do you just suck at dating?", "video_id": "1VwMDpsZPbE", "video_url": "https://www.youtube.com/watch?v=1VwMDpsZPbE", "description": "", "published_at": "2023-05-20T16:00:37Z", "channel_id": "UC0O-ohYDF4P66HW9XJ4Us8w", "channel_title": "Robbie Kramer", "tags": [], "category_id": "24", "live_broadcast_content": "none", "duration": 32.0, "dimension": "2d", "definition": "hd", "caption": "false", "view_count": 16, "like_count": 0, "comment_count": 0, "channel_info": {"title": "Robbie Kramer", "description": "I'm Robbie Kramer \ud83c\udf99Host of The Inner Confidence Podcast & Founder of Inner Confidence, Inc.\n\nI lived an exhilarating single life filled with adventures and lessons, and ultimately achieved what I had always aspired to \u2013 finding an amazing, feminine, and loving wife. \n\nI believe my experiences provide a rare balance of wild freedom and committed love, equipping me with the insights to help you navigate the complexities of dating and relationships in today's world. Let me guide you to embrace your desires, improve your social prowess, and ultimately attract the partner who aligns with your highest aspirations.\n\nYou won\u2019t find any fluffy, new-age, or cringy stuff here, just tested, proven and actionable advice that yields results.\n\nApply to join our exclusive Inner Confidence Community of ambitious men who are actively working together to achieve their goals faster   \u25ba https://innerconfidence.com/community\n\nYou can email me at robbie@innerconfidence.com with any questions or comments.\n", "subscriber_count": "1270", "total_views": "604693", "total_videos": "470"}, "comments": [], "file_path": "/Users/aelaguiz/workspace/fc_book/audio/raws/1VwMDpsZPbE.mp3", "transcription": "{\"text\": \"I tried to do the right thing and I tried to figure it out and I was reading books and learning about relationships It just wasn't working then I googled about relationships and I realized oh wait like marriage is 50% and in divorce Depending on country in many countries is even worse I think us is even worse and everyone's struggling and the more I tried to be the nice guy the more I Struggled and then looking at the statistics. I told myself. Well, maybe I'm not the idiot Maybe the way people are building relationships and doing all those things. Maybe the system maybe the model is wrong I basically asked myself. Well, if this doesn't work, I'm gonna start exploring \", \"segments\": [{\"id\": 0, \"seek\": 0, \"start\": 0.0, \"end\": 4.880000114440918, \"text\": \" I tried to do the right thing and I tried to figure it out and I was reading books and learning about relationships\", \"tokens\": [50364, 286, 3031, 281, 360, 264, 558, 551, 293, 286, 3031, 281, 2573, 309, 484, 293, 286, 390, 3760, 3642, 293, 2539, 466, 6159, 50608], \"temperature\": 0.0, \"avg_logprob\": -0.34502729773521423, \"compression_ratio\": 1.8860759735107422, \"no_speech_prob\": 0.02440398372709751}, {\"id\": 1, \"seek\": 0, \"start\": 4.880000114440918, \"end\": 10.680000305175781, \"text\": \" It just wasn't working then I googled about relationships and I realized oh wait like marriage is 50% and in divorce\", \"tokens\": [50608, 467, 445, 2067, 380, 1364, 550, 286, 50061, 1493, 466, 6159, 293, 286, 5334, 1954, 1699, 411, 7194, 307, 2625, 4, 293, 294, 16052, 50898], \"temperature\": 0.0, \"avg_logprob\": -0.34502729773521423, \"compression_ratio\": 1.8860759735107422, \"no_speech_prob\": 0.02440398372709751}, {\"id\": 2, \"seek\": 0, \"start\": 10.800000190734863, \"end\": 12.680000305175781, \"text\": \" Depending on country in many countries is even worse\", \"tokens\": [50904, 22539, 322, 1941, 294, 867, 3517, 307, 754, 5324, 50998], \"temperature\": 0.0, \"avg_logprob\": -0.34502729773521423, \"compression_ratio\": 1.8860759735107422, \"no_speech_prob\": 0.02440398372709751}, {\"id\": 3, \"seek\": 0, \"start\": 12.680000305175781, \"end\": 16.68000030517578, \"text\": \" I think us is even worse and everyone's struggling and the more I tried to be the nice guy the more I\", \"tokens\": [50998, 286, 519, 505, 307, 754, 5324, 293, 1518, 311, 9314, 293, 264, 544, 286, 3031, 281, 312, 264, 1481, 2146, 264, 544, 286, 51198], \"temperature\": 0.0, \"avg_logprob\": -0.34502729773521423, \"compression_ratio\": 1.8860759735107422, \"no_speech_prob\": 0.02440398372709751}, {\"id\": 4, \"seek\": 0, \"start\": 16.799999237060547, \"end\": 21.399999618530273, \"text\": \" Struggled and then looking at the statistics. I told myself. Well, maybe I'm not the idiot\", \"tokens\": [51204, 8251, 3562, 1493, 293, 550, 1237, 412, 264, 12523, 13, 286, 1907, 2059, 13, 1042, 11, 1310, 286, 478, 406, 264, 14270, 51434], \"temperature\": 0.0, \"avg_logprob\": -0.34502729773521423, \"compression_ratio\": 1.8860759735107422, \"no_speech_prob\": 0.02440398372709751}, {\"id\": 5, \"seek\": 0, \"start\": 21.399999618530273, \"end\": 26.8799991607666, \"text\": \" Maybe the way people are building relationships and doing all those things. Maybe the system maybe the model is wrong\", \"tokens\": [51434, 2704, 264, 636, 561, 366, 2390, 6159, 293, 884, 439, 729, 721, 13, 2704, 264, 1185, 1310, 264, 2316, 307, 2085, 51708], \"temperature\": 0.0, \"avg_logprob\": -0.34502729773521423, \"compression_ratio\": 1.8860759735107422, \"no_speech_prob\": 0.02440398372709751}, {\"id\": 6, \"seek\": 2688, \"start\": 26.8799991607666, \"end\": 30.920000076293945, \"text\": \" I basically asked myself. Well, if this doesn't work, I'm gonna start exploring\", \"tokens\": [50364, 286, 1936, 2351, 2059, 13, 1042, 11, 498, 341, 1177, 380, 589, 11, 286, 478, 799, 722, 12736, 50566], \"temperature\": 0.0, \"avg_logprob\": -0.4833332300186157, \"compression_ratio\": 1.0, \"no_speech_prob\": 0.6545472145080566}]}"}