{"title": "One Topic At A Time - Avoid bouncing the conversation from one topic to the next in every other mess", "video_id": "21X7ILCsbdc", "video_url": "https://www.youtube.com/watch?v=21X7ILCsbdc", "description": "This is common for girls who have bad text game. She\u2019ll reply to your message about topic, then ask a question about something else. It\u2019s your job to choose one topic. #short", "published_at": "2023-12-30T16:01:22Z", "channel_id": "UC0O-ohYDF4P66HW9XJ4Us8w", "channel_title": "Robbie Kramer", "tags": [], "category_id": "24", "live_broadcast_content": "none", "duration": 47.0, "dimension": "2d", "definition": "hd", "caption": "false", "view_count": 26, "like_count": 4, "comment_count": 0, "channel_info": {"title": "Robbie Kramer", "description": "I'm Robbie Kramer \ud83c\udf99Host of The Inner Confidence Podcast & Founder of Inner Confidence, Inc.\n\nI lived an exhilarating single life filled with adventures and lessons, and ultimately achieved what I had always aspired to \u2013 finding an amazing, feminine, and loving wife. \n\nI believe my experiences provide a rare balance of wild freedom and committed love, equipping me with the insights to help you navigate the complexities of dating and relationships in today's world. Let me guide you to embrace your desires, improve your social prowess, and ultimately attract the partner who aligns with your highest aspirations.\n\nYou won\u2019t find any fluffy, new-age, or cringy stuff here, just tested, proven and actionable advice that yields results.\n\nApply to join our exclusive Inner Confidence Community of ambitious men who are actively working together to achieve their goals faster   \u25ba https://innerconfidence.com/community\n\nYou can email me at robbie@innerconfidence.com with any questions or comments.\n", "subscriber_count": "1270", "total_views": "604693", "total_videos": "470"}, "comments": [], "file_path": "/Users/aelaguiz/workspace/fc_book/audio/raws/21X7ILCsbdc.mp3", "transcription": "{\"text\": \"Women will basically walk you into this trap unconsciously a lot of the time is having multiple conversation threads going, right? So it's like you say something and she responds But then also ask an unrelated question and then you have to respond to the first thing and also to the second thing and then You know the situation I'm talking about right where it's like double message. It kills the flirting progression You know what? I mean and women will do that a lot what I just do is I ignore one of those threads and I just stick with Whichever one is best because it takes too long. Otherwise, you know, you're waiting She's writing books and you're writing books and it's just you kill the vibe a little bit there, you know I feel like this is the biggest mistake in the whole messaging I've seen so far because you do that here, right? You already said would that be the weirdest meetup? Certainly the weirdest would love to do it I would have just been like, you know heard about a cool hike with the possibility of finding some goat cuties Whatever. When are you free is what I would have said \", \"segments\": [{\"id\": 0, \"seek\": 0, \"start\": 0.0, \"end\": 6.480000019073486, \"text\": \" Women will basically walk you into this trap unconsciously a lot of the time is having multiple conversation threads going, right?\", \"tokens\": [50364, 11065, 486, 1936, 1792, 291, 666, 341, 11487, 18900, 356, 257, 688, 295, 264, 565, 307, 1419, 3866, 3761, 19314, 516, 11, 558, 30, 50688], \"temperature\": 0.0, \"avg_logprob\": -0.2639199495315552, \"compression_ratio\": 1.7953890562057495, \"no_speech_prob\": 0.1397532820701599}, {\"id\": 1, \"seek\": 0, \"start\": 6.480000019073486, \"end\": 9.199999809265137, \"text\": \" So it's like you say something and she responds\", \"tokens\": [50688, 407, 309, 311, 411, 291, 584, 746, 293, 750, 27331, 50824], \"temperature\": 0.0, \"avg_logprob\": -0.2639199495315552, \"compression_ratio\": 1.7953890562057495, \"no_speech_prob\": 0.1397532820701599}, {\"id\": 2, \"seek\": 0, \"start\": 9.199999809265137, \"end\": 15.680000305175781, \"text\": \" But then also ask an unrelated question and then you have to respond to the first thing and also to the second thing and then\", \"tokens\": [50824, 583, 550, 611, 1029, 364, 38967, 1168, 293, 550, 291, 362, 281, 4196, 281, 264, 700, 551, 293, 611, 281, 264, 1150, 551, 293, 550, 51148], \"temperature\": 0.0, \"avg_logprob\": -0.2639199495315552, \"compression_ratio\": 1.7953890562057495, \"no_speech_prob\": 0.1397532820701599}, {\"id\": 3, \"seek\": 0, \"start\": 15.680000305175781, \"end\": 20.239999771118164, \"text\": \" You know the situation I'm talking about right where it's like double message. It kills the flirting progression\", \"tokens\": [51148, 509, 458, 264, 2590, 286, 478, 1417, 466, 558, 689, 309, 311, 411, 3834, 3636, 13, 467, 14563, 264, 45777, 18733, 51376], \"temperature\": 0.0, \"avg_logprob\": -0.2639199495315552, \"compression_ratio\": 1.7953890562057495, \"no_speech_prob\": 0.1397532820701599}, {\"id\": 4, \"seek\": 0, \"start\": 20.239999771118164, \"end\": 20.600000381469727, \"text\": \" You know what?\", \"tokens\": [51376, 509, 458, 437, 30, 51394], \"temperature\": 0.0, \"avg_logprob\": -0.2639199495315552, \"compression_ratio\": 1.7953890562057495, \"no_speech_prob\": 0.1397532820701599}, {\"id\": 5, \"seek\": 0, \"start\": 20.600000381469727, \"end\": 25.440000534057617, \"text\": \" I mean and women will do that a lot what I just do is I ignore one of those threads and I just stick with\", \"tokens\": [51394, 286, 914, 293, 2266, 486, 360, 300, 257, 688, 437, 286, 445, 360, 307, 286, 11200, 472, 295, 729, 19314, 293, 286, 445, 2897, 365, 51636], \"temperature\": 0.0, \"avg_logprob\": -0.2639199495315552, \"compression_ratio\": 1.7953890562057495, \"no_speech_prob\": 0.1397532820701599}, {\"id\": 6, \"seek\": 0, \"start\": 25.440000534057617, \"end\": 28.479999542236328, \"text\": \" Whichever one is best because it takes too long. Otherwise, you know, you're waiting\", \"tokens\": [51636, 3013, 1054, 472, 307, 1151, 570, 309, 2516, 886, 938, 13, 10328, 11, 291, 458, 11, 291, 434, 3806, 51788], \"temperature\": 0.0, \"avg_logprob\": -0.2639199495315552, \"compression_ratio\": 1.7953890562057495, \"no_speech_prob\": 0.1397532820701599}, {\"id\": 7, \"seek\": 2848, \"start\": 28.479999542236328, \"end\": 31.959999084472656, \"text\": \" She's writing books and you're writing books and it's just you kill the vibe a little bit there, you know\", \"tokens\": [50364, 1240, 311, 3579, 3642, 293, 291, 434, 3579, 3642, 293, 309, 311, 445, 291, 1961, 264, 14606, 257, 707, 857, 456, 11, 291, 458, 50538], \"temperature\": 0.0, \"avg_logprob\": -0.2293185144662857, \"compression_ratio\": 1.7445255517959595, \"no_speech_prob\": 0.1066172644495964}, {\"id\": 8, \"seek\": 2848, \"start\": 31.959999084472656, \"end\": 34.2400016784668, \"text\": \" I feel like this is the biggest mistake in the whole messaging\", \"tokens\": [50538, 286, 841, 411, 341, 307, 264, 3880, 6146, 294, 264, 1379, 21812, 50652], \"temperature\": 0.0, \"avg_logprob\": -0.2293185144662857, \"compression_ratio\": 1.7445255517959595, \"no_speech_prob\": 0.1066172644495964}, {\"id\": 9, \"seek\": 2848, \"start\": 34.2400016784668, \"end\": 36.279998779296875, \"text\": \" I've seen so far because you do that here, right?\", \"tokens\": [50652, 286, 600, 1612, 370, 1400, 570, 291, 360, 300, 510, 11, 558, 30, 50754], \"temperature\": 0.0, \"avg_logprob\": -0.2293185144662857, \"compression_ratio\": 1.7445255517959595, \"no_speech_prob\": 0.1066172644495964}, {\"id\": 10, \"seek\": 2848, \"start\": 36.279998779296875, \"end\": 39.81999969482422, \"text\": \" You already said would that be the weirdest meetup? Certainly the weirdest would love to do it\", \"tokens\": [50754, 509, 1217, 848, 576, 300, 312, 264, 44807, 1677, 1010, 30, 16628, 264, 44807, 576, 959, 281, 360, 309, 50931], \"temperature\": 0.0, \"avg_logprob\": -0.2293185144662857, \"compression_ratio\": 1.7445255517959595, \"no_speech_prob\": 0.1066172644495964}, {\"id\": 11, \"seek\": 2848, \"start\": 39.81999969482422, \"end\": 44.0, \"text\": \" I would have just been like, you know heard about a cool hike with the possibility of finding some goat cuties\", \"tokens\": [50931, 286, 576, 362, 445, 668, 411, 11, 291, 458, 2198, 466, 257, 1627, 23282, 365, 264, 7959, 295, 5006, 512, 23608, 1723, 530, 51140], \"temperature\": 0.0, \"avg_logprob\": -0.2293185144662857, \"compression_ratio\": 1.7445255517959595, \"no_speech_prob\": 0.1066172644495964}, {\"id\": 12, \"seek\": 2848, \"start\": 44.0, \"end\": 46.0, \"text\": \" Whatever. When are you free is what I would have said\", \"tokens\": [51140, 8541, 13, 1133, 366, 291, 1737, 307, 437, 286, 576, 362, 848, 51240], \"temperature\": 0.0, \"avg_logprob\": -0.2293185144662857, \"compression_ratio\": 1.7445255517959595, \"no_speech_prob\": 0.1066172644495964}]}"}