{"title": "Is seggsual market value inflated for women and deflated for men on dating apps?", "video_id": "240luxgZz00", "video_url": "https://www.youtube.com/watch?v=240luxgZz00", "description": "", "published_at": "2023-11-19T20:15:40Z", "channel_id": "UC0O-ohYDF4P66HW9XJ4Us8w", "channel_title": "Robbie Kramer", "tags": [], "category_id": "24", "live_broadcast_content": "none", "duration": 53.0, "dimension": "2d", "definition": "hd", "caption": "false", "view_count": 1590, "like_count": 20, "comment_count": 4, "channel_info": {"title": "Robbie Kramer", "description": "I'm Robbie Kramer \ud83c\udf99Host of The Inner Confidence Podcast & Founder of Inner Confidence, Inc.\n\nI lived an exhilarating single life filled with adventures and lessons, and ultimately achieved what I had always aspired to \u2013 finding an amazing, feminine, and loving wife. \n\nI believe my experiences provide a rare balance of wild freedom and committed love, equipping me with the insights to help you navigate the complexities of dating and relationships in today's world. Let me guide you to embrace your desires, improve your social prowess, and ultimately attract the partner who aligns with your highest aspirations.\n\nYou won\u2019t find any fluffy, new-age, or cringy stuff here, just tested, proven and actionable advice that yields results.\n\nApply to join our exclusive Inner Confidence Community of ambitious men who are actively working together to achieve their goals faster   \u25ba https://innerconfidence.com/community\n\nYou can email me at robbie@innerconfidence.com with any questions or comments.\n", "subscriber_count": "1270", "total_views": "604693", "total_videos": "470"}, "comments": [], "file_path": "/Users/aelaguiz/workspace/fc_book/audio/raws/240luxgZz00.mp3", "transcription": "{\"text\": \"go on Tinder and you find dates for me. And if they're like good enough that I might actually date with them myself, which is pretty rare in the first place. Like I also have to like them myself. I don't wanna waste my time on this. Inflated standards. I mean, if we're gonna go there, I'll start going after you. Go after me. Let me just ask you this then. Do you think you are going after women to an equivalent caliber to you or do you think you're shooting slightly higher? Depends on where we're going. I guess in LA specifically, that might be too high, but in other places, they're absolutely not too high. I have no problems at other places. But you not having problems in other places is not what I'm talking about. I'm asking if you think your standards are equivalent to your value or if you shoot higher? No, I think they're roughly equivalent. I've identified exactly what they are and depending on what is valued, like I could do multiple different things. Wait, Melanie, do you think Dan is going after women of a higher sort of, do you use the term SMV, sectoral market value? We're gonna get real dramatic with things. My thesis would be yes. \", \"segments\": [{\"id\": 0, \"seek\": 0, \"start\": 0.0, \"end\": 1.9600000381469727, \"text\": \" go on Tinder and you find dates for me.\", \"tokens\": [50364, 352, 322, 49341, 293, 291, 915, 11691, 337, 385, 13, 50462], \"temperature\": 0.0, \"avg_logprob\": -0.29574429988861084, \"compression_ratio\": 1.8329113721847534, \"no_speech_prob\": 0.11428961902856827}, {\"id\": 1, \"seek\": 0, \"start\": 1.9600000381469727, \"end\": 2.9600000381469727, \"text\": \" And if they're like good enough\", \"tokens\": [50462, 400, 498, 436, 434, 411, 665, 1547, 50512], \"temperature\": 0.0, \"avg_logprob\": -0.29574429988861084, \"compression_ratio\": 1.8329113721847534, \"no_speech_prob\": 0.11428961902856827}, {\"id\": 2, \"seek\": 0, \"start\": 2.9600000381469727, \"end\": 4.559999942779541, \"text\": \" that I might actually date with them myself,\", \"tokens\": [50512, 300, 286, 1062, 767, 4002, 365, 552, 2059, 11, 50592], \"temperature\": 0.0, \"avg_logprob\": -0.29574429988861084, \"compression_ratio\": 1.8329113721847534, \"no_speech_prob\": 0.11428961902856827}, {\"id\": 3, \"seek\": 0, \"start\": 4.559999942779541, \"end\": 6.079999923706055, \"text\": \" which is pretty rare in the first place.\", \"tokens\": [50592, 597, 307, 1238, 5892, 294, 264, 700, 1081, 13, 50668], \"temperature\": 0.0, \"avg_logprob\": -0.29574429988861084, \"compression_ratio\": 1.8329113721847534, \"no_speech_prob\": 0.11428961902856827}, {\"id\": 4, \"seek\": 0, \"start\": 6.079999923706055, \"end\": 7.480000019073486, \"text\": \" Like I also have to like them myself.\", \"tokens\": [50668, 1743, 286, 611, 362, 281, 411, 552, 2059, 13, 50738], \"temperature\": 0.0, \"avg_logprob\": -0.29574429988861084, \"compression_ratio\": 1.8329113721847534, \"no_speech_prob\": 0.11428961902856827}, {\"id\": 5, \"seek\": 0, \"start\": 7.480000019073486, \"end\": 8.319999694824219, \"text\": \" I don't wanna waste my time on this.\", \"tokens\": [50738, 286, 500, 380, 1948, 5964, 452, 565, 322, 341, 13, 50780], \"temperature\": 0.0, \"avg_logprob\": -0.29574429988861084, \"compression_ratio\": 1.8329113721847534, \"no_speech_prob\": 0.11428961902856827}, {\"id\": 6, \"seek\": 0, \"start\": 8.319999694824219, \"end\": 9.15999984741211, \"text\": \" Inflated standards.\", \"tokens\": [50780, 682, 3423, 770, 7787, 13, 50822], \"temperature\": 0.0, \"avg_logprob\": -0.29574429988861084, \"compression_ratio\": 1.8329113721847534, \"no_speech_prob\": 0.11428961902856827}, {\"id\": 7, \"seek\": 0, \"start\": 9.15999984741211, \"end\": 9.979999542236328, \"text\": \" I mean, if we're gonna go there,\", \"tokens\": [50822, 286, 914, 11, 498, 321, 434, 799, 352, 456, 11, 50863], \"temperature\": 0.0, \"avg_logprob\": -0.29574429988861084, \"compression_ratio\": 1.8329113721847534, \"no_speech_prob\": 0.11428961902856827}, {\"id\": 8, \"seek\": 0, \"start\": 9.979999542236328, \"end\": 11.520000457763672, \"text\": \" I'll start going after you.\", \"tokens\": [50863, 286, 603, 722, 516, 934, 291, 13, 50940], \"temperature\": 0.0, \"avg_logprob\": -0.29574429988861084, \"compression_ratio\": 1.8329113721847534, \"no_speech_prob\": 0.11428961902856827}, {\"id\": 9, \"seek\": 0, \"start\": 11.520000457763672, \"end\": 12.359999656677246, \"text\": \" Go after me.\", \"tokens\": [50940, 1037, 934, 385, 13, 50982], \"temperature\": 0.0, \"avg_logprob\": -0.29574429988861084, \"compression_ratio\": 1.8329113721847534, \"no_speech_prob\": 0.11428961902856827}, {\"id\": 10, \"seek\": 0, \"start\": 12.359999656677246, \"end\": 13.180000305175781, \"text\": \" Let me just ask you this then.\", \"tokens\": [50982, 961, 385, 445, 1029, 291, 341, 550, 13, 51023], \"temperature\": 0.0, \"avg_logprob\": -0.29574429988861084, \"compression_ratio\": 1.8329113721847534, \"no_speech_prob\": 0.11428961902856827}, {\"id\": 11, \"seek\": 0, \"start\": 13.180000305175781, \"end\": 15.319999694824219, \"text\": \" Do you think you are going after women\", \"tokens\": [51023, 1144, 291, 519, 291, 366, 516, 934, 2266, 51130], \"temperature\": 0.0, \"avg_logprob\": -0.29574429988861084, \"compression_ratio\": 1.8329113721847534, \"no_speech_prob\": 0.11428961902856827}, {\"id\": 12, \"seek\": 0, \"start\": 15.319999694824219, \"end\": 16.959999084472656, \"text\": \" to an equivalent caliber to you\", \"tokens\": [51130, 281, 364, 10344, 41946, 281, 291, 51212], \"temperature\": 0.0, \"avg_logprob\": -0.29574429988861084, \"compression_ratio\": 1.8329113721847534, \"no_speech_prob\": 0.11428961902856827}, {\"id\": 13, \"seek\": 0, \"start\": 16.959999084472656, \"end\": 18.559999465942383, \"text\": \" or do you think you're shooting slightly higher?\", \"tokens\": [51212, 420, 360, 291, 519, 291, 434, 5942, 4748, 2946, 30, 51292], \"temperature\": 0.0, \"avg_logprob\": -0.29574429988861084, \"compression_ratio\": 1.8329113721847534, \"no_speech_prob\": 0.11428961902856827}, {\"id\": 14, \"seek\": 0, \"start\": 18.559999465942383, \"end\": 19.520000457763672, \"text\": \" Depends on where we're going.\", \"tokens\": [51292, 4056, 2581, 322, 689, 321, 434, 516, 13, 51340], \"temperature\": 0.0, \"avg_logprob\": -0.29574429988861084, \"compression_ratio\": 1.8329113721847534, \"no_speech_prob\": 0.11428961902856827}, {\"id\": 15, \"seek\": 0, \"start\": 19.520000457763672, \"end\": 22.399999618530273, \"text\": \" I guess in LA specifically, that might be too high,\", \"tokens\": [51340, 286, 2041, 294, 9855, 4682, 11, 300, 1062, 312, 886, 1090, 11, 51484], \"temperature\": 0.0, \"avg_logprob\": -0.29574429988861084, \"compression_ratio\": 1.8329113721847534, \"no_speech_prob\": 0.11428961902856827}, {\"id\": 16, \"seek\": 0, \"start\": 22.399999618530273, \"end\": 24.280000686645508, \"text\": \" but in other places, they're absolutely not too high.\", \"tokens\": [51484, 457, 294, 661, 3190, 11, 436, 434, 3122, 406, 886, 1090, 13, 51578], \"temperature\": 0.0, \"avg_logprob\": -0.29574429988861084, \"compression_ratio\": 1.8329113721847534, \"no_speech_prob\": 0.11428961902856827}, {\"id\": 17, \"seek\": 0, \"start\": 24.280000686645508, \"end\": 25.280000686645508, \"text\": \" I have no problems at other places.\", \"tokens\": [51578, 286, 362, 572, 2740, 412, 661, 3190, 13, 51628], \"temperature\": 0.0, \"avg_logprob\": -0.29574429988861084, \"compression_ratio\": 1.8329113721847534, \"no_speech_prob\": 0.11428961902856827}, {\"id\": 18, \"seek\": 0, \"start\": 25.280000686645508, \"end\": 27.040000915527344, \"text\": \" But you not having problems in other places\", \"tokens\": [51628, 583, 291, 406, 1419, 2740, 294, 661, 3190, 51716], \"temperature\": 0.0, \"avg_logprob\": -0.29574429988861084, \"compression_ratio\": 1.8329113721847534, \"no_speech_prob\": 0.11428961902856827}, {\"id\": 19, \"seek\": 0, \"start\": 27.040000915527344, \"end\": 28.040000915527344, \"text\": \" is not what I'm talking about.\", \"tokens\": [51716, 307, 406, 437, 286, 478, 1417, 466, 13, 51766], \"temperature\": 0.0, \"avg_logprob\": -0.29574429988861084, \"compression_ratio\": 1.8329113721847534, \"no_speech_prob\": 0.11428961902856827}, {\"id\": 20, \"seek\": 2804, \"start\": 28.079999923706055, \"end\": 30.440000534057617, \"text\": \" I'm asking if you think your standards\", \"tokens\": [50366, 286, 478, 3365, 498, 291, 519, 428, 7787, 50484], \"temperature\": 0.0, \"avg_logprob\": -0.3286375105381012, \"compression_ratio\": 1.6377358436584473, \"no_speech_prob\": 0.0018675194587558508}, {\"id\": 21, \"seek\": 2804, \"start\": 30.440000534057617, \"end\": 35.2400016784668, \"text\": \" are equivalent to your value or if you shoot higher?\", \"tokens\": [50484, 366, 10344, 281, 428, 2158, 420, 498, 291, 3076, 2946, 30, 50724], \"temperature\": 0.0, \"avg_logprob\": -0.3286375105381012, \"compression_ratio\": 1.6377358436584473, \"no_speech_prob\": 0.0018675194587558508}, {\"id\": 22, \"seek\": 2804, \"start\": 35.2400016784668, \"end\": 36.36000061035156, \"text\": \" No, I think they're roughly equivalent.\", \"tokens\": [50724, 883, 11, 286, 519, 436, 434, 9810, 10344, 13, 50780], \"temperature\": 0.0, \"avg_logprob\": -0.3286375105381012, \"compression_ratio\": 1.6377358436584473, \"no_speech_prob\": 0.0018675194587558508}, {\"id\": 23, \"seek\": 2804, \"start\": 36.36000061035156, \"end\": 37.959999084472656, \"text\": \" I've identified exactly what they are\", \"tokens\": [50780, 286, 600, 9234, 2293, 437, 436, 366, 50860], \"temperature\": 0.0, \"avg_logprob\": -0.3286375105381012, \"compression_ratio\": 1.6377358436584473, \"no_speech_prob\": 0.0018675194587558508}, {\"id\": 24, \"seek\": 2804, \"start\": 37.959999084472656, \"end\": 39.79999923706055, \"text\": \" and depending on what is valued,\", \"tokens\": [50860, 293, 5413, 322, 437, 307, 22608, 11, 50952], \"temperature\": 0.0, \"avg_logprob\": -0.3286375105381012, \"compression_ratio\": 1.6377358436584473, \"no_speech_prob\": 0.0018675194587558508}, {\"id\": 25, \"seek\": 2804, \"start\": 39.79999923706055, \"end\": 41.68000030517578, \"text\": \" like I could do multiple different things.\", \"tokens\": [50952, 411, 286, 727, 360, 3866, 819, 721, 13, 51046], \"temperature\": 0.0, \"avg_logprob\": -0.3286375105381012, \"compression_ratio\": 1.6377358436584473, \"no_speech_prob\": 0.0018675194587558508}, {\"id\": 26, \"seek\": 2804, \"start\": 41.68000030517578, \"end\": 43.0, \"text\": \" Wait, Melanie, do you think Dan\", \"tokens\": [51046, 3802, 11, 42798, 11, 360, 291, 519, 3394, 51112], \"temperature\": 0.0, \"avg_logprob\": -0.3286375105381012, \"compression_ratio\": 1.6377358436584473, \"no_speech_prob\": 0.0018675194587558508}, {\"id\": 27, \"seek\": 2804, \"start\": 43.0, \"end\": 45.68000030517578, \"text\": \" is going after women of a higher sort of,\", \"tokens\": [51112, 307, 516, 934, 2266, 295, 257, 2946, 1333, 295, 11, 51246], \"temperature\": 0.0, \"avg_logprob\": -0.3286375105381012, \"compression_ratio\": 1.6377358436584473, \"no_speech_prob\": 0.0018675194587558508}, {\"id\": 28, \"seek\": 2804, \"start\": 45.68000030517578, \"end\": 46.84000015258789, \"text\": \" do you use the term SMV,\", \"tokens\": [51246, 360, 291, 764, 264, 1433, 13115, 53, 11, 51304], \"temperature\": 0.0, \"avg_logprob\": -0.3286375105381012, \"compression_ratio\": 1.6377358436584473, \"no_speech_prob\": 0.0018675194587558508}, {\"id\": 29, \"seek\": 2804, \"start\": 46.84000015258789, \"end\": 47.68000030517578, \"text\": \" sectoral market value?\", \"tokens\": [51304, 6977, 304, 2142, 2158, 30, 51346], \"temperature\": 0.0, \"avg_logprob\": -0.3286375105381012, \"compression_ratio\": 1.6377358436584473, \"no_speech_prob\": 0.0018675194587558508}, {\"id\": 30, \"seek\": 2804, \"start\": 47.68000030517578, \"end\": 50.15999984741211, \"text\": \" We're gonna get real dramatic with things.\", \"tokens\": [51346, 492, 434, 799, 483, 957, 12023, 365, 721, 13, 51470], \"temperature\": 0.0, \"avg_logprob\": -0.3286375105381012, \"compression_ratio\": 1.6377358436584473, \"no_speech_prob\": 0.0018675194587558508}, {\"id\": 31, \"seek\": 2804, \"start\": 50.15999984741211, \"end\": 51.91999816894531, \"text\": \" My thesis would be yes.\", \"tokens\": [51470, 1222, 22288, 576, 312, 2086, 13, 51558], \"temperature\": 0.0, \"avg_logprob\": -0.3286375105381012, \"compression_ratio\": 1.6377358436584473, \"no_speech_prob\": 0.0018675194587558508}]}"}