{"title": "Approaching Q & A", "video_id": "2Su5cbjeVwE", "video_url": "https://www.youtube.com/watch?v=2Su5cbjeVwE", "description": "How to stop a girl who just walked past you.  How to hold a girls hand during a daygame approach.", "published_at": "2014-03-29T17:44:09Z", "channel_id": "UC0O-ohYDF4P66HW9XJ4Us8w", "channel_title": "Robbie Kramer", "tags": ["seduction", "pickup artist", "the game", "meeting women", "flirting", "dating skills", "how to meet women", "daygame", "get the girl"], "category_id": "24", "live_broadcast_content": "none", "duration": 218.0, "dimension": "2d", "definition": "sd", "caption": "false", "view_count": 630, "like_count": 6, "comment_count": 0, "channel_info": {"title": "Robbie Kramer", "description": "I'm Robbie Kramer \ud83c\udf99Host of The Inner Confidence Podcast & Founder of Inner Confidence, Inc.\n\nI lived an exhilarating single life filled with adventures and lessons, and ultimately achieved what I had always aspired to \u2013 finding an amazing, feminine, and loving wife. \n\nI believe my experiences provide a rare balance of wild freedom and committed love, equipping me with the insights to help you navigate the complexities of dating and relationships in today's world. Let me guide you to embrace your desires, improve your social prowess, and ultimately attract the partner who aligns with your highest aspirations.\n\nYou won\u2019t find any fluffy, new-age, or cringy stuff here, just tested, proven and actionable advice that yields results.\n\nApply to join our exclusive Inner Confidence Community of ambitious men who are actively working together to achieve their goals faster   \u25ba https://innerconfidence.com/community\n\nYou can email me at robbie@innerconfidence.com with any questions or comments.\n", "subscriber_count": "1270", "total_views": "604693", "total_videos": "470"}, "comments": [], "file_path": "/Users/aelaguiz/workspace/fc_book/audio/raws/2Su5cbjeVwE.mp3", "transcription": "{\"text\": \"If she's walking the opposite direction of you, do you still just do the hook and swoop? Yeah. Okay. Well, there's two reasons for that. One is you can get eye contact in. Like if she's walking, so walk towards me. I'm totally going to do everything I can to get eye contact. So you saw that, right? You saw that. You probably didn't see what she did. Do it from this way so they can see. Did you see how her eyes... If I see a cute guy who makes eye contact with me, I smile like a freaking goofy. She does a goofy smile and she'll look away. And she'll look down. Right? If she looks at you and she does this, that's bad. If she does what? If she looks up. Oh. It looks like an eye roll almost. It looks like an eye roll. Okay. Just don't even bother. That's well... No, it doesn't mean that. Okay. It just means she could have been looking up for a million reasons. She might not even have registered that she made eye contact. Like right now, it looks like I'm making eye contact with you, but I'm actually just zoning out and looking through you. Oh. Right? Yeah. And that's very much the case a lot of times. People are just in their own world thinking about whatever. Sure, sure. And you have to assume that that's what they're doing. But if you do get that eye contact love, that's amazing. Right? So she walks by, you get the eye contact love, give her a little smirk, check out her body, make sure she's not in trouble wubba, and then you run after her. Okay. Got it. So you get to see the front and the back before you purchase the goods. Yes. And what about she's by herself, either sitting or standing, texting, but you can tell she's bored? Um, then, so be over here texting. Just walk up. Hey. So I saw you texting away here, and I had to risk embarrassing the hell out of myself to come in and talk to you. I'm going to attempt to be more interesting on this phone, but I'm probably going to fail. I swear I'm only like a third Greek, okay? Your name? Genevieve. I'm Robbie. Nice to meet you. You too. So wait, who are you texting? My mom. Okay. Well, I'll let that slide. I think you have a crush on me, though. Really? Uh-huh. How can you tell? Because you're holding my hand. It's okay. You don't have to let go. You can just, you know, pretend like it didn't happen. We can just get married. You want to do that? You know those things when you're married, right? Oh, yeah. Got it. It's a C-minus conversation. Yeah, yeah. But minor tweaks to the usual hook and swoop dialogue. Yeah. Okay, got it. You don't have to throw any of that in if you don't want to. Right. Like the whole texting thing. And I wouldn't ask who you're texting. That was a fuck-up. It's just none of your business. No. But you can get away with that shit because you nailed the approach. The whole name of the game is crush it in the beginning and then just coast along. Coast through, like, the boring, like, where are you from? What do you do? And then physically escalate. \", \"segments\": [{\"id\": 0, \"seek\": 0, \"start\": 0.0, \"end\": 9.0, \"text\": \" If she's walking the opposite direction of you, do you still just do the hook and swoop?\", \"tokens\": [50364, 759, 750, 311, 4494, 264, 6182, 3513, 295, 291, 11, 360, 291, 920, 445, 360, 264, 6328, 293, 13291, 404, 30, 50814], \"temperature\": 0.0, \"avg_logprob\": -0.3760891854763031, \"compression_ratio\": 1.617511510848999, \"no_speech_prob\": 0.3455445170402527}, {\"id\": 1, \"seek\": 0, \"start\": 9.0, \"end\": 10.0, \"text\": \" Yeah.\", \"tokens\": [50814, 865, 13, 50864], \"temperature\": 0.0, \"avg_logprob\": -0.3760891854763031, \"compression_ratio\": 1.617511510848999, \"no_speech_prob\": 0.3455445170402527}, {\"id\": 2, \"seek\": 0, \"start\": 10.0, \"end\": 11.0, \"text\": \" Okay.\", \"tokens\": [50864, 1033, 13, 50914], \"temperature\": 0.0, \"avg_logprob\": -0.3760891854763031, \"compression_ratio\": 1.617511510848999, \"no_speech_prob\": 0.3455445170402527}, {\"id\": 3, \"seek\": 0, \"start\": 11.0, \"end\": 13.640000343322754, \"text\": \" Well, there's two reasons for that.\", \"tokens\": [50914, 1042, 11, 456, 311, 732, 4112, 337, 300, 13, 51046], \"temperature\": 0.0, \"avg_logprob\": -0.3760891854763031, \"compression_ratio\": 1.617511510848999, \"no_speech_prob\": 0.3455445170402527}, {\"id\": 4, \"seek\": 0, \"start\": 13.640000343322754, \"end\": 16.639999389648438, \"text\": \" One is you can get eye contact in.\", \"tokens\": [51046, 1485, 307, 291, 393, 483, 3313, 3385, 294, 13, 51196], \"temperature\": 0.0, \"avg_logprob\": -0.3760891854763031, \"compression_ratio\": 1.617511510848999, \"no_speech_prob\": 0.3455445170402527}, {\"id\": 5, \"seek\": 0, \"start\": 16.639999389648438, \"end\": 20.639999389648438, \"text\": \" Like if she's walking, so walk towards me.\", \"tokens\": [51196, 1743, 498, 750, 311, 4494, 11, 370, 1792, 3030, 385, 13, 51396], \"temperature\": 0.0, \"avg_logprob\": -0.3760891854763031, \"compression_ratio\": 1.617511510848999, \"no_speech_prob\": 0.3455445170402527}, {\"id\": 6, \"seek\": 0, \"start\": 20.639999389648438, \"end\": 25.68000030517578, \"text\": \" I'm totally going to do everything I can to get eye contact.\", \"tokens\": [51396, 286, 478, 3879, 516, 281, 360, 1203, 286, 393, 281, 483, 3313, 3385, 13, 51648], \"temperature\": 0.0, \"avg_logprob\": -0.3760891854763031, \"compression_ratio\": 1.617511510848999, \"no_speech_prob\": 0.3455445170402527}, {\"id\": 7, \"seek\": 0, \"start\": 25.68000030517578, \"end\": 26.68000030517578, \"text\": \" So you saw that, right?\", \"tokens\": [51648, 407, 291, 1866, 300, 11, 558, 30, 51698], \"temperature\": 0.0, \"avg_logprob\": -0.3760891854763031, \"compression_ratio\": 1.617511510848999, \"no_speech_prob\": 0.3455445170402527}, {\"id\": 8, \"seek\": 0, \"start\": 26.68000030517578, \"end\": 27.68000030517578, \"text\": \" You saw that.\", \"tokens\": [51698, 509, 1866, 300, 13, 51748], \"temperature\": 0.0, \"avg_logprob\": -0.3760891854763031, \"compression_ratio\": 1.617511510848999, \"no_speech_prob\": 0.3455445170402527}, {\"id\": 9, \"seek\": 0, \"start\": 27.68000030517578, \"end\": 28.68000030517578, \"text\": \" You probably didn't see what she did.\", \"tokens\": [51748, 509, 1391, 994, 380, 536, 437, 750, 630, 13, 51798], \"temperature\": 0.0, \"avg_logprob\": -0.3760891854763031, \"compression_ratio\": 1.617511510848999, \"no_speech_prob\": 0.3455445170402527}, {\"id\": 10, \"seek\": 2868, \"start\": 29.68000030517578, \"end\": 35.68000030517578, \"text\": \" Do it from this way so they can see.\", \"tokens\": [50414, 1144, 309, 490, 341, 636, 370, 436, 393, 536, 13, 50714], \"temperature\": 0.0, \"avg_logprob\": -0.28452566266059875, \"compression_ratio\": 1.6145833730697632, \"no_speech_prob\": 0.06558293849229813}, {\"id\": 11, \"seek\": 2868, \"start\": 35.68000030517578, \"end\": 38.68000030517578, \"text\": \" Did you see how her eyes...\", \"tokens\": [50714, 2589, 291, 536, 577, 720, 2575, 485, 50864], \"temperature\": 0.0, \"avg_logprob\": -0.28452566266059875, \"compression_ratio\": 1.6145833730697632, \"no_speech_prob\": 0.06558293849229813}, {\"id\": 12, \"seek\": 2868, \"start\": 38.68000030517578, \"end\": 45.68000030517578, \"text\": \" If I see a cute guy who makes eye contact with me, I smile like a freaking goofy.\", \"tokens\": [50864, 759, 286, 536, 257, 4052, 2146, 567, 1669, 3313, 3385, 365, 385, 11, 286, 7563, 411, 257, 14612, 42995, 13, 51214], \"temperature\": 0.0, \"avg_logprob\": -0.28452566266059875, \"compression_ratio\": 1.6145833730697632, \"no_speech_prob\": 0.06558293849229813}, {\"id\": 13, \"seek\": 2868, \"start\": 45.68000030517578, \"end\": 47.68000030517578, \"text\": \" She does a goofy smile and she'll look away.\", \"tokens\": [51214, 1240, 775, 257, 42995, 7563, 293, 750, 603, 574, 1314, 13, 51314], \"temperature\": 0.0, \"avg_logprob\": -0.28452566266059875, \"compression_ratio\": 1.6145833730697632, \"no_speech_prob\": 0.06558293849229813}, {\"id\": 14, \"seek\": 2868, \"start\": 47.68000030517578, \"end\": 48.68000030517578, \"text\": \" And she'll look down.\", \"tokens\": [51314, 400, 750, 603, 574, 760, 13, 51364], \"temperature\": 0.0, \"avg_logprob\": -0.28452566266059875, \"compression_ratio\": 1.6145833730697632, \"no_speech_prob\": 0.06558293849229813}, {\"id\": 15, \"seek\": 2868, \"start\": 48.68000030517578, \"end\": 49.68000030517578, \"text\": \" Right?\", \"tokens\": [51364, 1779, 30, 51414], \"temperature\": 0.0, \"avg_logprob\": -0.28452566266059875, \"compression_ratio\": 1.6145833730697632, \"no_speech_prob\": 0.06558293849229813}, {\"id\": 16, \"seek\": 2868, \"start\": 49.68000030517578, \"end\": 54.68000030517578, \"text\": \" If she looks at you and she does this, that's bad.\", \"tokens\": [51414, 759, 750, 1542, 412, 291, 293, 750, 775, 341, 11, 300, 311, 1578, 13, 51664], \"temperature\": 0.0, \"avg_logprob\": -0.28452566266059875, \"compression_ratio\": 1.6145833730697632, \"no_speech_prob\": 0.06558293849229813}, {\"id\": 17, \"seek\": 2868, \"start\": 54.68000030517578, \"end\": 55.68000030517578, \"text\": \" If she does what?\", \"tokens\": [51664, 759, 750, 775, 437, 30, 51714], \"temperature\": 0.0, \"avg_logprob\": -0.28452566266059875, \"compression_ratio\": 1.6145833730697632, \"no_speech_prob\": 0.06558293849229813}, {\"id\": 18, \"seek\": 2868, \"start\": 55.68000030517578, \"end\": 56.68000030517578, \"text\": \" If she looks up.\", \"tokens\": [51714, 759, 750, 1542, 493, 13, 51764], \"temperature\": 0.0, \"avg_logprob\": -0.28452566266059875, \"compression_ratio\": 1.6145833730697632, \"no_speech_prob\": 0.06558293849229813}, {\"id\": 19, \"seek\": 2868, \"start\": 56.68000030517578, \"end\": 57.68000030517578, \"text\": \" Oh.\", \"tokens\": [51764, 876, 13, 51814], \"temperature\": 0.0, \"avg_logprob\": -0.28452566266059875, \"compression_ratio\": 1.6145833730697632, \"no_speech_prob\": 0.06558293849229813}, {\"id\": 20, \"seek\": 5768, \"start\": 57.68000030517578, \"end\": 58.68000030517578, \"text\": \" It looks like an eye roll almost.\", \"tokens\": [50364, 467, 1542, 411, 364, 3313, 3373, 1920, 13, 50414], \"temperature\": 0.0, \"avg_logprob\": -0.2062292993068695, \"compression_ratio\": 1.8290598392486572, \"no_speech_prob\": 0.20934760570526123}, {\"id\": 21, \"seek\": 5768, \"start\": 58.68000030517578, \"end\": 59.68000030517578, \"text\": \" It looks like an eye roll.\", \"tokens\": [50414, 467, 1542, 411, 364, 3313, 3373, 13, 50464], \"temperature\": 0.0, \"avg_logprob\": -0.2062292993068695, \"compression_ratio\": 1.8290598392486572, \"no_speech_prob\": 0.20934760570526123}, {\"id\": 22, \"seek\": 5768, \"start\": 59.68000030517578, \"end\": 60.68000030517578, \"text\": \" Okay.\", \"tokens\": [50464, 1033, 13, 50514], \"temperature\": 0.0, \"avg_logprob\": -0.2062292993068695, \"compression_ratio\": 1.8290598392486572, \"no_speech_prob\": 0.20934760570526123}, {\"id\": 23, \"seek\": 5768, \"start\": 60.68000030517578, \"end\": 61.68000030517578, \"text\": \" Just don't even bother.\", \"tokens\": [50514, 1449, 500, 380, 754, 8677, 13, 50564], \"temperature\": 0.0, \"avg_logprob\": -0.2062292993068695, \"compression_ratio\": 1.8290598392486572, \"no_speech_prob\": 0.20934760570526123}, {\"id\": 24, \"seek\": 5768, \"start\": 61.68000030517578, \"end\": 62.68000030517578, \"text\": \" That's well...\", \"tokens\": [50564, 663, 311, 731, 485, 50614], \"temperature\": 0.0, \"avg_logprob\": -0.2062292993068695, \"compression_ratio\": 1.8290598392486572, \"no_speech_prob\": 0.20934760570526123}, {\"id\": 25, \"seek\": 5768, \"start\": 62.68000030517578, \"end\": 63.68000030517578, \"text\": \" No, it doesn't mean that.\", \"tokens\": [50614, 883, 11, 309, 1177, 380, 914, 300, 13, 50664], \"temperature\": 0.0, \"avg_logprob\": -0.2062292993068695, \"compression_ratio\": 1.8290598392486572, \"no_speech_prob\": 0.20934760570526123}, {\"id\": 26, \"seek\": 5768, \"start\": 63.68000030517578, \"end\": 64.68000030517578, \"text\": \" Okay.\", \"tokens\": [50664, 1033, 13, 50714], \"temperature\": 0.0, \"avg_logprob\": -0.2062292993068695, \"compression_ratio\": 1.8290598392486572, \"no_speech_prob\": 0.20934760570526123}, {\"id\": 27, \"seek\": 5768, \"start\": 64.68000030517578, \"end\": 65.68000030517578, \"text\": \" It just means she could have been looking up for a million reasons.\", \"tokens\": [50714, 467, 445, 1355, 750, 727, 362, 668, 1237, 493, 337, 257, 2459, 4112, 13, 50764], \"temperature\": 0.0, \"avg_logprob\": -0.2062292993068695, \"compression_ratio\": 1.8290598392486572, \"no_speech_prob\": 0.20934760570526123}, {\"id\": 28, \"seek\": 5768, \"start\": 65.68000030517578, \"end\": 68.68000030517578, \"text\": \" She might not even have registered that she made eye contact.\", \"tokens\": [50764, 1240, 1062, 406, 754, 362, 13968, 300, 750, 1027, 3313, 3385, 13, 50914], \"temperature\": 0.0, \"avg_logprob\": -0.2062292993068695, \"compression_ratio\": 1.8290598392486572, \"no_speech_prob\": 0.20934760570526123}, {\"id\": 29, \"seek\": 5768, \"start\": 68.68000030517578, \"end\": 72.68000030517578, \"text\": \" Like right now, it looks like I'm making eye contact with you, but I'm actually just zoning\", \"tokens\": [50914, 1743, 558, 586, 11, 309, 1542, 411, 286, 478, 1455, 3313, 3385, 365, 291, 11, 457, 286, 478, 767, 445, 37184, 51114], \"temperature\": 0.0, \"avg_logprob\": -0.2062292993068695, \"compression_ratio\": 1.8290598392486572, \"no_speech_prob\": 0.20934760570526123}, {\"id\": 30, \"seek\": 5768, \"start\": 72.68000030517578, \"end\": 73.68000030517578, \"text\": \" out and looking through you.\", \"tokens\": [51114, 484, 293, 1237, 807, 291, 13, 51164], \"temperature\": 0.0, \"avg_logprob\": -0.2062292993068695, \"compression_ratio\": 1.8290598392486572, \"no_speech_prob\": 0.20934760570526123}, {\"id\": 31, \"seek\": 5768, \"start\": 73.68000030517578, \"end\": 74.68000030517578, \"text\": \" Oh.\", \"tokens\": [51164, 876, 13, 51214], \"temperature\": 0.0, \"avg_logprob\": -0.2062292993068695, \"compression_ratio\": 1.8290598392486572, \"no_speech_prob\": 0.20934760570526123}, {\"id\": 32, \"seek\": 5768, \"start\": 74.68000030517578, \"end\": 75.68000030517578, \"text\": \" Right?\", \"tokens\": [51214, 1779, 30, 51264], \"temperature\": 0.0, \"avg_logprob\": -0.2062292993068695, \"compression_ratio\": 1.8290598392486572, \"no_speech_prob\": 0.20934760570526123}, {\"id\": 33, \"seek\": 5768, \"start\": 75.68000030517578, \"end\": 76.68000030517578, \"text\": \" Yeah.\", \"tokens\": [51264, 865, 13, 51314], \"temperature\": 0.0, \"avg_logprob\": -0.2062292993068695, \"compression_ratio\": 1.8290598392486572, \"no_speech_prob\": 0.20934760570526123}, {\"id\": 34, \"seek\": 5768, \"start\": 76.68000030517578, \"end\": 77.68000030517578, \"text\": \" And that's very much the case a lot of times.\", \"tokens\": [51314, 400, 300, 311, 588, 709, 264, 1389, 257, 688, 295, 1413, 13, 51364], \"temperature\": 0.0, \"avg_logprob\": -0.2062292993068695, \"compression_ratio\": 1.8290598392486572, \"no_speech_prob\": 0.20934760570526123}, {\"id\": 35, \"seek\": 5768, \"start\": 77.68000030517578, \"end\": 78.68000030517578, \"text\": \" People are just in their own world thinking about whatever.\", \"tokens\": [51364, 3432, 366, 445, 294, 641, 1065, 1002, 1953, 466, 2035, 13, 51414], \"temperature\": 0.0, \"avg_logprob\": -0.2062292993068695, \"compression_ratio\": 1.8290598392486572, \"no_speech_prob\": 0.20934760570526123}, {\"id\": 36, \"seek\": 5768, \"start\": 78.68000030517578, \"end\": 79.68000030517578, \"text\": \" Sure, sure.\", \"tokens\": [51414, 4894, 11, 988, 13, 51464], \"temperature\": 0.0, \"avg_logprob\": -0.2062292993068695, \"compression_ratio\": 1.8290598392486572, \"no_speech_prob\": 0.20934760570526123}, {\"id\": 37, \"seek\": 5768, \"start\": 79.68000030517578, \"end\": 81.68000030517578, \"text\": \" And you have to assume that that's what they're doing.\", \"tokens\": [51464, 400, 291, 362, 281, 6552, 300, 300, 311, 437, 436, 434, 884, 13, 51564], \"temperature\": 0.0, \"avg_logprob\": -0.2062292993068695, \"compression_ratio\": 1.8290598392486572, \"no_speech_prob\": 0.20934760570526123}, {\"id\": 38, \"seek\": 5768, \"start\": 81.68000030517578, \"end\": 85.68000030517578, \"text\": \" But if you do get that eye contact love, that's amazing.\", \"tokens\": [51564, 583, 498, 291, 360, 483, 300, 3313, 3385, 959, 11, 300, 311, 2243, 13, 51764], \"temperature\": 0.0, \"avg_logprob\": -0.2062292993068695, \"compression_ratio\": 1.8290598392486572, \"no_speech_prob\": 0.20934760570526123}, {\"id\": 39, \"seek\": 5768, \"start\": 85.68000030517578, \"end\": 86.68000030517578, \"text\": \" Right?\", \"tokens\": [51764, 1779, 30, 51814], \"temperature\": 0.0, \"avg_logprob\": -0.2062292993068695, \"compression_ratio\": 1.8290598392486572, \"no_speech_prob\": 0.20934760570526123}, {\"id\": 40, \"seek\": 8668, \"start\": 86.68000030517578, \"end\": 92.68000030517578, \"text\": \" So she walks by, you get the eye contact love, give her a little smirk, check out her body,\", \"tokens\": [50364, 407, 750, 12896, 538, 11, 291, 483, 264, 3313, 3385, 959, 11, 976, 720, 257, 707, 899, 18610, 11, 1520, 484, 720, 1772, 11, 50664], \"temperature\": 0.0, \"avg_logprob\": -0.22958125174045563, \"compression_ratio\": 1.5605381727218628, \"no_speech_prob\": 0.5887383222579956}, {\"id\": 41, \"seek\": 8668, \"start\": 92.68000030517578, \"end\": 95.68000030517578, \"text\": \" make sure she's not in trouble wubba, and then you run after her.\", \"tokens\": [50664, 652, 988, 750, 311, 406, 294, 5253, 261, 836, 4231, 11, 293, 550, 291, 1190, 934, 720, 13, 50814], \"temperature\": 0.0, \"avg_logprob\": -0.22958125174045563, \"compression_ratio\": 1.5605381727218628, \"no_speech_prob\": 0.5887383222579956}, {\"id\": 42, \"seek\": 8668, \"start\": 95.68000030517578, \"end\": 96.68000030517578, \"text\": \" Okay.\", \"tokens\": [50814, 1033, 13, 50864], \"temperature\": 0.0, \"avg_logprob\": -0.22958125174045563, \"compression_ratio\": 1.5605381727218628, \"no_speech_prob\": 0.5887383222579956}, {\"id\": 43, \"seek\": 8668, \"start\": 96.68000030517578, \"end\": 97.68000030517578, \"text\": \" Got it.\", \"tokens\": [50864, 5803, 309, 13, 50914], \"temperature\": 0.0, \"avg_logprob\": -0.22958125174045563, \"compression_ratio\": 1.5605381727218628, \"no_speech_prob\": 0.5887383222579956}, {\"id\": 44, \"seek\": 8668, \"start\": 97.68000030517578, \"end\": 101.68000030517578, \"text\": \" So you get to see the front and the back before you purchase the goods.\", \"tokens\": [50914, 407, 291, 483, 281, 536, 264, 1868, 293, 264, 646, 949, 291, 8110, 264, 10179, 13, 51114], \"temperature\": 0.0, \"avg_logprob\": -0.22958125174045563, \"compression_ratio\": 1.5605381727218628, \"no_speech_prob\": 0.5887383222579956}, {\"id\": 45, \"seek\": 8668, \"start\": 101.68000030517578, \"end\": 102.68000030517578, \"text\": \" Yes.\", \"tokens\": [51114, 1079, 13, 51164], \"temperature\": 0.0, \"avg_logprob\": -0.22958125174045563, \"compression_ratio\": 1.5605381727218628, \"no_speech_prob\": 0.5887383222579956}, {\"id\": 46, \"seek\": 8668, \"start\": 102.68000030517578, \"end\": 109.68000030517578, \"text\": \" And what about she's by herself, either sitting or standing, texting, but you can tell she's\", \"tokens\": [51164, 400, 437, 466, 750, 311, 538, 7530, 11, 2139, 3798, 420, 4877, 11, 29897, 11, 457, 291, 393, 980, 750, 311, 51514], \"temperature\": 0.0, \"avg_logprob\": -0.22958125174045563, \"compression_ratio\": 1.5605381727218628, \"no_speech_prob\": 0.5887383222579956}, {\"id\": 47, \"seek\": 8668, \"start\": 109.68000030517578, \"end\": 110.68000030517578, \"text\": \" bored?\", \"tokens\": [51514, 13521, 30, 51564], \"temperature\": 0.0, \"avg_logprob\": -0.22958125174045563, \"compression_ratio\": 1.5605381727218628, \"no_speech_prob\": 0.5887383222579956}, {\"id\": 48, \"seek\": 11068, \"start\": 111.68000030517578, \"end\": 118.68000030517578, \"text\": \" Um, then, so be over here texting.\", \"tokens\": [50414, 3301, 11, 550, 11, 370, 312, 670, 510, 29897, 13, 50764], \"temperature\": 0.0, \"avg_logprob\": -0.29388752579689026, \"compression_ratio\": 1.5049999952316284, \"no_speech_prob\": 0.8454575538635254}, {\"id\": 49, \"seek\": 11068, \"start\": 118.68000030517578, \"end\": 121.68000030517578, \"text\": \" Just walk up.\", \"tokens\": [50764, 1449, 1792, 493, 13, 50914], \"temperature\": 0.0, \"avg_logprob\": -0.29388752579689026, \"compression_ratio\": 1.5049999952316284, \"no_speech_prob\": 0.8454575538635254}, {\"id\": 50, \"seek\": 11068, \"start\": 121.68000030517578, \"end\": 123.68000030517578, \"text\": \" Hey.\", \"tokens\": [50914, 1911, 13, 51014], \"temperature\": 0.0, \"avg_logprob\": -0.29388752579689026, \"compression_ratio\": 1.5049999952316284, \"no_speech_prob\": 0.8454575538635254}, {\"id\": 51, \"seek\": 11068, \"start\": 123.68000030517578, \"end\": 130.67999267578125, \"text\": \" So I saw you texting away here, and I had to risk embarrassing the hell out of myself\", \"tokens\": [51014, 407, 286, 1866, 291, 29897, 1314, 510, 11, 293, 286, 632, 281, 3148, 17299, 264, 4921, 484, 295, 2059, 51364], \"temperature\": 0.0, \"avg_logprob\": -0.29388752579689026, \"compression_ratio\": 1.5049999952316284, \"no_speech_prob\": 0.8454575538635254}, {\"id\": 52, \"seek\": 11068, \"start\": 130.67999267578125, \"end\": 132.67999267578125, \"text\": \" to come in and talk to you.\", \"tokens\": [51364, 281, 808, 294, 293, 751, 281, 291, 13, 51464], \"temperature\": 0.0, \"avg_logprob\": -0.29388752579689026, \"compression_ratio\": 1.5049999952316284, \"no_speech_prob\": 0.8454575538635254}, {\"id\": 53, \"seek\": 11068, \"start\": 132.67999267578125, \"end\": 136.67999267578125, \"text\": \" I'm going to attempt to be more interesting on this phone, but I'm probably going to fail.\", \"tokens\": [51464, 286, 478, 516, 281, 5217, 281, 312, 544, 1880, 322, 341, 2593, 11, 457, 286, 478, 1391, 516, 281, 3061, 13, 51664], \"temperature\": 0.0, \"avg_logprob\": -0.29388752579689026, \"compression_ratio\": 1.5049999952316284, \"no_speech_prob\": 0.8454575538635254}, {\"id\": 54, \"seek\": 11068, \"start\": 136.67999267578125, \"end\": 139.67999267578125, \"text\": \" I swear I'm only like a third Greek, okay?\", \"tokens\": [51664, 286, 11902, 286, 478, 787, 411, 257, 2636, 10281, 11, 1392, 30, 51814], \"temperature\": 0.0, \"avg_logprob\": -0.29388752579689026, \"compression_ratio\": 1.5049999952316284, \"no_speech_prob\": 0.8454575538635254}, {\"id\": 55, \"seek\": 13968, \"start\": 139.67999267578125, \"end\": 140.67999267578125, \"text\": \" Your name?\", \"tokens\": [50364, 2260, 1315, 30, 50414], \"temperature\": 0.0, \"avg_logprob\": -0.1719992607831955, \"compression_ratio\": 1.475000023841858, \"no_speech_prob\": 0.056640151888132095}, {\"id\": 56, \"seek\": 13968, \"start\": 140.67999267578125, \"end\": 141.67999267578125, \"text\": \" Genevieve.\", \"tokens\": [50414, 18083, 85, 11108, 13, 50464], \"temperature\": 0.0, \"avg_logprob\": -0.1719992607831955, \"compression_ratio\": 1.475000023841858, \"no_speech_prob\": 0.056640151888132095}, {\"id\": 57, \"seek\": 13968, \"start\": 141.67999267578125, \"end\": 142.67999267578125, \"text\": \" I'm Robbie.\", \"tokens\": [50464, 286, 478, 45749, 13, 50514], \"temperature\": 0.0, \"avg_logprob\": -0.1719992607831955, \"compression_ratio\": 1.475000023841858, \"no_speech_prob\": 0.056640151888132095}, {\"id\": 58, \"seek\": 13968, \"start\": 142.67999267578125, \"end\": 143.67999267578125, \"text\": \" Nice to meet you.\", \"tokens\": [50514, 5490, 281, 1677, 291, 13, 50564], \"temperature\": 0.0, \"avg_logprob\": -0.1719992607831955, \"compression_ratio\": 1.475000023841858, \"no_speech_prob\": 0.056640151888132095}, {\"id\": 59, \"seek\": 13968, \"start\": 143.67999267578125, \"end\": 144.67999267578125, \"text\": \" You too.\", \"tokens\": [50564, 509, 886, 13, 50614], \"temperature\": 0.0, \"avg_logprob\": -0.1719992607831955, \"compression_ratio\": 1.475000023841858, \"no_speech_prob\": 0.056640151888132095}, {\"id\": 60, \"seek\": 13968, \"start\": 144.67999267578125, \"end\": 146.67999267578125, \"text\": \" So wait, who are you texting?\", \"tokens\": [50614, 407, 1699, 11, 567, 366, 291, 29897, 30, 50714], \"temperature\": 0.0, \"avg_logprob\": -0.1719992607831955, \"compression_ratio\": 1.475000023841858, \"no_speech_prob\": 0.056640151888132095}, {\"id\": 61, \"seek\": 13968, \"start\": 146.67999267578125, \"end\": 147.67999267578125, \"text\": \" My mom.\", \"tokens\": [50714, 1222, 1225, 13, 50764], \"temperature\": 0.0, \"avg_logprob\": -0.1719992607831955, \"compression_ratio\": 1.475000023841858, \"no_speech_prob\": 0.056640151888132095}, {\"id\": 62, \"seek\": 13968, \"start\": 147.67999267578125, \"end\": 148.67999267578125, \"text\": \" Okay.\", \"tokens\": [50764, 1033, 13, 50814], \"temperature\": 0.0, \"avg_logprob\": -0.1719992607831955, \"compression_ratio\": 1.475000023841858, \"no_speech_prob\": 0.056640151888132095}, {\"id\": 63, \"seek\": 13968, \"start\": 148.67999267578125, \"end\": 152.67999267578125, \"text\": \" Well, I'll let that slide.\", \"tokens\": [50814, 1042, 11, 286, 603, 718, 300, 4137, 13, 51014], \"temperature\": 0.0, \"avg_logprob\": -0.1719992607831955, \"compression_ratio\": 1.475000023841858, \"no_speech_prob\": 0.056640151888132095}, {\"id\": 64, \"seek\": 13968, \"start\": 152.67999267578125, \"end\": 155.67999267578125, \"text\": \" I think you have a crush on me, though.\", \"tokens\": [51014, 286, 519, 291, 362, 257, 10321, 322, 385, 11, 1673, 13, 51164], \"temperature\": 0.0, \"avg_logprob\": -0.1719992607831955, \"compression_ratio\": 1.475000023841858, \"no_speech_prob\": 0.056640151888132095}, {\"id\": 65, \"seek\": 13968, \"start\": 155.67999267578125, \"end\": 156.67999267578125, \"text\": \" Really?\", \"tokens\": [51164, 4083, 30, 51214], \"temperature\": 0.0, \"avg_logprob\": -0.1719992607831955, \"compression_ratio\": 1.475000023841858, \"no_speech_prob\": 0.056640151888132095}, {\"id\": 66, \"seek\": 13968, \"start\": 156.67999267578125, \"end\": 157.67999267578125, \"text\": \" Uh-huh.\", \"tokens\": [51214, 4019, 12, 18710, 13, 51264], \"temperature\": 0.0, \"avg_logprob\": -0.1719992607831955, \"compression_ratio\": 1.475000023841858, \"no_speech_prob\": 0.056640151888132095}, {\"id\": 67, \"seek\": 13968, \"start\": 157.67999267578125, \"end\": 158.67999267578125, \"text\": \" How can you tell?\", \"tokens\": [51264, 1012, 393, 291, 980, 30, 51314], \"temperature\": 0.0, \"avg_logprob\": -0.1719992607831955, \"compression_ratio\": 1.475000023841858, \"no_speech_prob\": 0.056640151888132095}, {\"id\": 68, \"seek\": 13968, \"start\": 158.67999267578125, \"end\": 160.67999267578125, \"text\": \" Because you're holding my hand.\", \"tokens\": [51314, 1436, 291, 434, 5061, 452, 1011, 13, 51414], \"temperature\": 0.0, \"avg_logprob\": -0.1719992607831955, \"compression_ratio\": 1.475000023841858, \"no_speech_prob\": 0.056640151888132095}, {\"id\": 69, \"seek\": 13968, \"start\": 160.67999267578125, \"end\": 161.67999267578125, \"text\": \" It's okay.\", \"tokens\": [51414, 467, 311, 1392, 13, 51464], \"temperature\": 0.0, \"avg_logprob\": -0.1719992607831955, \"compression_ratio\": 1.475000023841858, \"no_speech_prob\": 0.056640151888132095}, {\"id\": 70, \"seek\": 13968, \"start\": 161.67999267578125, \"end\": 162.67999267578125, \"text\": \" You don't have to let go.\", \"tokens\": [51464, 509, 500, 380, 362, 281, 718, 352, 13, 51514], \"temperature\": 0.0, \"avg_logprob\": -0.1719992607831955, \"compression_ratio\": 1.475000023841858, \"no_speech_prob\": 0.056640151888132095}, {\"id\": 71, \"seek\": 13968, \"start\": 162.67999267578125, \"end\": 165.67999267578125, \"text\": \" You can just, you know, pretend like it didn't happen.\", \"tokens\": [51514, 509, 393, 445, 11, 291, 458, 11, 11865, 411, 309, 994, 380, 1051, 13, 51664], \"temperature\": 0.0, \"avg_logprob\": -0.1719992607831955, \"compression_ratio\": 1.475000023841858, \"no_speech_prob\": 0.056640151888132095}, {\"id\": 72, \"seek\": 13968, \"start\": 165.67999267578125, \"end\": 167.67999267578125, \"text\": \" We can just get married.\", \"tokens\": [51664, 492, 393, 445, 483, 5259, 13, 51764], \"temperature\": 0.0, \"avg_logprob\": -0.1719992607831955, \"compression_ratio\": 1.475000023841858, \"no_speech_prob\": 0.056640151888132095}, {\"id\": 73, \"seek\": 16768, \"start\": 168.67999267578125, \"end\": 169.67999267578125, \"text\": \" You want to do that?\", \"tokens\": [50414, 509, 528, 281, 360, 300, 30, 50464], \"temperature\": 0.0, \"avg_logprob\": -0.25429293513298035, \"compression_ratio\": 1.6048109531402588, \"no_speech_prob\": 0.04083260893821716}, {\"id\": 74, \"seek\": 16768, \"start\": 169.67999267578125, \"end\": 171.67999267578125, \"text\": \" You know those things when you're married, right?\", \"tokens\": [50464, 509, 458, 729, 721, 562, 291, 434, 5259, 11, 558, 30, 50564], \"temperature\": 0.0, \"avg_logprob\": -0.25429293513298035, \"compression_ratio\": 1.6048109531402588, \"no_speech_prob\": 0.04083260893821716}, {\"id\": 75, \"seek\": 16768, \"start\": 171.67999267578125, \"end\": 172.67999267578125, \"text\": \" Oh, yeah.\", \"tokens\": [50564, 876, 11, 1338, 13, 50614], \"temperature\": 0.0, \"avg_logprob\": -0.25429293513298035, \"compression_ratio\": 1.6048109531402588, \"no_speech_prob\": 0.04083260893821716}, {\"id\": 76, \"seek\": 16768, \"start\": 172.67999267578125, \"end\": 173.67999267578125, \"text\": \" Got it.\", \"tokens\": [50614, 5803, 309, 13, 50664], \"temperature\": 0.0, \"avg_logprob\": -0.25429293513298035, \"compression_ratio\": 1.6048109531402588, \"no_speech_prob\": 0.04083260893821716}, {\"id\": 77, \"seek\": 16768, \"start\": 173.67999267578125, \"end\": 174.67999267578125, \"text\": \" It's a C-minus conversation.\", \"tokens\": [50664, 467, 311, 257, 383, 12, 2367, 301, 3761, 13, 50714], \"temperature\": 0.0, \"avg_logprob\": -0.25429293513298035, \"compression_ratio\": 1.6048109531402588, \"no_speech_prob\": 0.04083260893821716}, {\"id\": 78, \"seek\": 16768, \"start\": 174.67999267578125, \"end\": 175.67999267578125, \"text\": \" Yeah, yeah.\", \"tokens\": [50714, 865, 11, 1338, 13, 50764], \"temperature\": 0.0, \"avg_logprob\": -0.25429293513298035, \"compression_ratio\": 1.6048109531402588, \"no_speech_prob\": 0.04083260893821716}, {\"id\": 79, \"seek\": 16768, \"start\": 175.67999267578125, \"end\": 178.67999267578125, \"text\": \" But minor tweaks to the usual hook and swoop dialogue.\", \"tokens\": [50764, 583, 6696, 46664, 281, 264, 7713, 6328, 293, 13291, 404, 10221, 13, 50914], \"temperature\": 0.0, \"avg_logprob\": -0.25429293513298035, \"compression_ratio\": 1.6048109531402588, \"no_speech_prob\": 0.04083260893821716}, {\"id\": 80, \"seek\": 16768, \"start\": 178.67999267578125, \"end\": 179.67999267578125, \"text\": \" Yeah.\", \"tokens\": [50914, 865, 13, 50964], \"temperature\": 0.0, \"avg_logprob\": -0.25429293513298035, \"compression_ratio\": 1.6048109531402588, \"no_speech_prob\": 0.04083260893821716}, {\"id\": 81, \"seek\": 16768, \"start\": 179.67999267578125, \"end\": 180.67999267578125, \"text\": \" Okay, got it.\", \"tokens\": [50964, 1033, 11, 658, 309, 13, 51014], \"temperature\": 0.0, \"avg_logprob\": -0.25429293513298035, \"compression_ratio\": 1.6048109531402588, \"no_speech_prob\": 0.04083260893821716}, {\"id\": 82, \"seek\": 16768, \"start\": 180.67999267578125, \"end\": 182.67999267578125, \"text\": \" You don't have to throw any of that in if you don't want to.\", \"tokens\": [51014, 509, 500, 380, 362, 281, 3507, 604, 295, 300, 294, 498, 291, 500, 380, 528, 281, 13, 51114], \"temperature\": 0.0, \"avg_logprob\": -0.25429293513298035, \"compression_ratio\": 1.6048109531402588, \"no_speech_prob\": 0.04083260893821716}, {\"id\": 83, \"seek\": 16768, \"start\": 182.67999267578125, \"end\": 183.67999267578125, \"text\": \" Right.\", \"tokens\": [51114, 1779, 13, 51164], \"temperature\": 0.0, \"avg_logprob\": -0.25429293513298035, \"compression_ratio\": 1.6048109531402588, \"no_speech_prob\": 0.04083260893821716}, {\"id\": 84, \"seek\": 16768, \"start\": 183.67999267578125, \"end\": 185.67999267578125, \"text\": \" Like the whole texting thing.\", \"tokens\": [51164, 1743, 264, 1379, 29897, 551, 13, 51264], \"temperature\": 0.0, \"avg_logprob\": -0.25429293513298035, \"compression_ratio\": 1.6048109531402588, \"no_speech_prob\": 0.04083260893821716}, {\"id\": 85, \"seek\": 16768, \"start\": 185.67999267578125, \"end\": 186.67999267578125, \"text\": \" And I wouldn't ask who you're texting.\", \"tokens\": [51264, 400, 286, 2759, 380, 1029, 567, 291, 434, 29897, 13, 51314], \"temperature\": 0.0, \"avg_logprob\": -0.25429293513298035, \"compression_ratio\": 1.6048109531402588, \"no_speech_prob\": 0.04083260893821716}, {\"id\": 86, \"seek\": 16768, \"start\": 186.67999267578125, \"end\": 188.67999267578125, \"text\": \" That was a fuck-up.\", \"tokens\": [51314, 663, 390, 257, 3275, 12, 1010, 13, 51414], \"temperature\": 0.0, \"avg_logprob\": -0.25429293513298035, \"compression_ratio\": 1.6048109531402588, \"no_speech_prob\": 0.04083260893821716}, {\"id\": 87, \"seek\": 16768, \"start\": 188.67999267578125, \"end\": 190.67999267578125, \"text\": \" It's just none of your business.\", \"tokens\": [51414, 467, 311, 445, 6022, 295, 428, 1606, 13, 51514], \"temperature\": 0.0, \"avg_logprob\": -0.25429293513298035, \"compression_ratio\": 1.6048109531402588, \"no_speech_prob\": 0.04083260893821716}, {\"id\": 88, \"seek\": 16768, \"start\": 190.67999267578125, \"end\": 191.67999267578125, \"text\": \" No.\", \"tokens\": [51514, 883, 13, 51564], \"temperature\": 0.0, \"avg_logprob\": -0.25429293513298035, \"compression_ratio\": 1.6048109531402588, \"no_speech_prob\": 0.04083260893821716}, {\"id\": 89, \"seek\": 16768, \"start\": 191.67999267578125, \"end\": 196.67999267578125, \"text\": \" But you can get away with that shit because you nailed the approach.\", \"tokens\": [51564, 583, 291, 393, 483, 1314, 365, 300, 4611, 570, 291, 30790, 264, 3109, 13, 51814], \"temperature\": 0.0, \"avg_logprob\": -0.25429293513298035, \"compression_ratio\": 1.6048109531402588, \"no_speech_prob\": 0.04083260893821716}, {\"id\": 90, \"seek\": 19668, \"start\": 197.67999267578125, \"end\": 203.67999267578125, \"text\": \" The whole name of the game is crush it in the beginning and then just coast along.\", \"tokens\": [50414, 440, 1379, 1315, 295, 264, 1216, 307, 10321, 309, 294, 264, 2863, 293, 550, 445, 8684, 2051, 13, 50714], \"temperature\": 0.0, \"avg_logprob\": -0.24386058747768402, \"compression_ratio\": 1.3955223560333252, \"no_speech_prob\": 0.04207216575741768}, {\"id\": 91, \"seek\": 19668, \"start\": 205.67999267578125, \"end\": 210.67999267578125, \"text\": \" Coast through, like, the boring, like, where are you from?\", \"tokens\": [50814, 14960, 807, 11, 411, 11, 264, 9989, 11, 411, 11, 689, 366, 291, 490, 30, 51064], \"temperature\": 0.0, \"avg_logprob\": -0.24386058747768402, \"compression_ratio\": 1.3955223560333252, \"no_speech_prob\": 0.04207216575741768}, {\"id\": 92, \"seek\": 19668, \"start\": 210.67999267578125, \"end\": 212.67999267578125, \"text\": \" What do you do?\", \"tokens\": [51064, 708, 360, 291, 360, 30, 51164], \"temperature\": 0.0, \"avg_logprob\": -0.24386058747768402, \"compression_ratio\": 1.3955223560333252, \"no_speech_prob\": 0.04207216575741768}, {\"id\": 93, \"seek\": 19668, \"start\": 213.67999267578125, \"end\": 216.67999267578125, \"text\": \" And then physically escalate.\", \"tokens\": [51214, 400, 550, 9762, 17871, 473, 13, 51364], \"temperature\": 0.0, \"avg_logprob\": -0.24386058747768402, \"compression_ratio\": 1.3955223560333252, \"no_speech_prob\": 0.04207216575741768}]}"}