{"title": "How to tell which girls want you on social media\u2026 episode 221", "video_id": "2Xg_Emfq2bE", "video_url": "https://www.youtube.com/watch?v=2Xg_Emfq2bE", "description": "To listen to more episodes of the Inner Confidence Podcast, visit the links below:\nWebsite: https://innerconfidence.com/podcast/\niTunes:https://podcasts.apple.com/us/podcast/inner-confidence-podcast/id986699444 \nSpotify: https://open.spotify.com/show/2zkWuTnt7whvnR6CO6oNPV\nRSS: https://innerconfidence.com/series/leverage-podcast/feed/\n\nAnd if you're interested in learning more about my coaching services and connecting with me, check out these links:\nLinkTree: https://linktr.ee/Robbiekramer\nMain Site: https://innerconfidence.com/\nInstagram: https://www.instagram.com/robbie_kramer/\nTikTok: https://www.tiktok.com/@robbie.kramer\nYouTube: https://www.youtube.com/innerconfidence\n\nThank you for tuning in, and I look forward to helping you build your inner confidence and achieve success!\n\nJoin us : https://innerconfidence.com/leverage/\nBook a call with me : https://start.innerconfidence.com/video1\n\n\n#personaldevelopment #selfimprovement #innerconfidence #innerconfidencepodcast #podcast #coaching #success #motivation #inspiration #mindset #datingcoach #relationshipgoals #confidencecoach #selfimprovement #successfulmen", "published_at": "2023-04-10T01:26:42Z", "channel_id": "UC0O-ohYDF4P66HW9XJ4Us8w", "channel_title": "Robbie Kramer", "tags": [], "category_id": "26", "live_broadcast_content": "none", "duration": 40.0, "dimension": "2d", "definition": "hd", "caption": "false", "view_count": 1721, "like_count": 24, "comment_count": 1, "channel_info": {"title": "Robbie Kramer", "description": "I'm Robbie Kramer \ud83c\udf99Host of The Inner Confidence Podcast & Founder of Inner Confidence, Inc.\n\nI lived an exhilarating single life filled with adventures and lessons, and ultimately achieved what I had always aspired to \u2013 finding an amazing, feminine, and loving wife. \n\nI believe my experiences provide a rare balance of wild freedom and committed love, equipping me with the insights to help you navigate the complexities of dating and relationships in today's world. Let me guide you to embrace your desires, improve your social prowess, and ultimately attract the partner who aligns with your highest aspirations.\n\nYou won\u2019t find any fluffy, new-age, or cringy stuff here, just tested, proven and actionable advice that yields results.\n\nApply to join our exclusive Inner Confidence Community of ambitious men who are actively working together to achieve their goals faster   \u25ba https://innerconfidence.com/community\n\nYou can email me at robbie@innerconfidence.com with any questions or comments.\n", "subscriber_count": "1270", "total_views": "604693", "total_videos": "470"}, "comments": [], "file_path": "/Users/aelaguiz/workspace/fc_book/audio/raws/2Xg_Emfq2bE.mp3", "transcription": "{\"text\": \"I tried to, once a week or so when I was single, even more, post a feed, you know, like an actual post, and I would see pretty consistently, like, who liked all of my, you know, my weekly main sort of feed posts. And so that gave me some information. And then who was watching my stories, that's a huge one. Like if someone's constantly watching your stories, and not just the first one, but like all of them, that's huge. And then if they're consistently commenting on the stories, or commenting under the posts, that's like, it doesn't really get much more obvious. \", \"segments\": [{\"id\": 0, \"seek\": 0, \"start\": 0.0, \"end\": 8.15999984741211, \"text\": \" I tried to, once a week or so when I was single, even more, post a feed, you know, like an\", \"tokens\": [50364, 286, 3031, 281, 11, 1564, 257, 1243, 420, 370, 562, 286, 390, 2167, 11, 754, 544, 11, 2183, 257, 3154, 11, 291, 458, 11, 411, 364, 50772], \"temperature\": 0.0, \"avg_logprob\": -0.2889772057533264, \"compression_ratio\": 1.6569037437438965, \"no_speech_prob\": 0.027908599004149437}, {\"id\": 1, \"seek\": 0, \"start\": 8.15999984741211, \"end\": 15.4399995803833, \"text\": \" actual post, and I would see pretty consistently, like, who liked all of my, you know, my weekly\", \"tokens\": [50772, 3539, 2183, 11, 293, 286, 576, 536, 1238, 14961, 11, 411, 11, 567, 4501, 439, 295, 452, 11, 291, 458, 11, 452, 12460, 51136], \"temperature\": 0.0, \"avg_logprob\": -0.2889772057533264, \"compression_ratio\": 1.6569037437438965, \"no_speech_prob\": 0.027908599004149437}, {\"id\": 2, \"seek\": 0, \"start\": 15.4399995803833, \"end\": 18.84000015258789, \"text\": \" main sort of feed posts.\", \"tokens\": [51136, 2135, 1333, 295, 3154, 12300, 13, 51306], \"temperature\": 0.0, \"avg_logprob\": -0.2889772057533264, \"compression_ratio\": 1.6569037437438965, \"no_speech_prob\": 0.027908599004149437}, {\"id\": 3, \"seek\": 0, \"start\": 18.84000015258789, \"end\": 20.84000015258789, \"text\": \" And so that gave me some information.\", \"tokens\": [51306, 400, 370, 300, 2729, 385, 512, 1589, 13, 51406], \"temperature\": 0.0, \"avg_logprob\": -0.2889772057533264, \"compression_ratio\": 1.6569037437438965, \"no_speech_prob\": 0.027908599004149437}, {\"id\": 4, \"seek\": 0, \"start\": 20.84000015258789, \"end\": 24.68000030517578, \"text\": \" And then who was watching my stories, that's a huge one.\", \"tokens\": [51406, 400, 550, 567, 390, 1976, 452, 3676, 11, 300, 311, 257, 2603, 472, 13, 51598], \"temperature\": 0.0, \"avg_logprob\": -0.2889772057533264, \"compression_ratio\": 1.6569037437438965, \"no_speech_prob\": 0.027908599004149437}, {\"id\": 5, \"seek\": 0, \"start\": 24.68000030517578, \"end\": 28.479999542236328, \"text\": \" Like if someone's constantly watching your stories, and not just the first one, but like\", \"tokens\": [51598, 1743, 498, 1580, 311, 6460, 1976, 428, 3676, 11, 293, 406, 445, 264, 700, 472, 11, 457, 411, 51788], \"temperature\": 0.0, \"avg_logprob\": -0.2889772057533264, \"compression_ratio\": 1.6569037437438965, \"no_speech_prob\": 0.027908599004149437}, {\"id\": 6, \"seek\": 2848, \"start\": 28.479999542236328, \"end\": 30.8799991607666, \"text\": \" all of them, that's huge.\", \"tokens\": [50364, 439, 295, 552, 11, 300, 311, 2603, 13, 50484], \"temperature\": 0.0, \"avg_logprob\": -0.29141464829444885, \"compression_ratio\": 1.404958724975586, \"no_speech_prob\": 0.004904237110167742}, {\"id\": 7, \"seek\": 2848, \"start\": 30.8799991607666, \"end\": 36.279998779296875, \"text\": \" And then if they're consistently commenting on the stories, or commenting under the posts,\", \"tokens\": [50484, 400, 550, 498, 436, 434, 14961, 29590, 322, 264, 3676, 11, 420, 29590, 833, 264, 12300, 11, 50754], \"temperature\": 0.0, \"avg_logprob\": -0.29141464829444885, \"compression_ratio\": 1.404958724975586, \"no_speech_prob\": 0.004904237110167742}, {\"id\": 8, \"seek\": 2848, \"start\": 36.279998779296875, \"end\": 38.91999816894531, \"text\": \" that's like, it doesn't really get much more obvious.\", \"tokens\": [50754, 300, 311, 411, 11, 309, 1177, 380, 534, 483, 709, 544, 6322, 13, 50886], \"temperature\": 0.0, \"avg_logprob\": -0.29141464829444885, \"compression_ratio\": 1.404958724975586, \"no_speech_prob\": 0.004904237110167742}]}"}