{"title": "Advanced Physical Escalation", "video_id": "38TCVlZJAvc", "video_url": "https://www.youtube.com/watch?v=38TCVlZJAvc", "description": "If a girl is giving you these signs of attraction, rest assured you can kiss her right away.", "published_at": "2014-03-30T20:00:11Z", "channel_id": "UC0O-ohYDF4P66HW9XJ4Us8w", "channel_title": "Robbie Kramer", "tags": ["picking up girls", "the game", "seduction", "kissing girls", "first kiss", "get the girl", "get a girlfriend", "kino", "physical escalation", "pickup artist"], "category_id": "24", "live_broadcast_content": "none", "duration": 112.0, "dimension": "2d", "definition": "sd", "caption": "false", "view_count": 6525, "like_count": 33, "comment_count": 6, "channel_info": {"title": "Robbie Kramer", "description": "I'm Robbie Kramer \ud83c\udf99Host of The Inner Confidence Podcast & Founder of Inner Confidence, Inc.\n\nI lived an exhilarating single life filled with adventures and lessons, and ultimately achieved what I had always aspired to \u2013 finding an amazing, feminine, and loving wife. \n\nI believe my experiences provide a rare balance of wild freedom and committed love, equipping me with the insights to help you navigate the complexities of dating and relationships in today's world. Let me guide you to embrace your desires, improve your social prowess, and ultimately attract the partner who aligns with your highest aspirations.\n\nYou won\u2019t find any fluffy, new-age, or cringy stuff here, just tested, proven and actionable advice that yields results.\n\nApply to join our exclusive Inner Confidence Community of ambitious men who are actively working together to achieve their goals faster   \u25ba https://innerconfidence.com/community\n\nYou can email me at robbie@innerconfidence.com with any questions or comments.\n", "subscriber_count": "1270", "total_views": "604693", "total_videos": "470"}, "comments": [], "file_path": "/Users/aelaguiz/workspace/fc_book/audio/raws/38TCVlZJAvc.mp3", "transcription": "{\"text\": \"Have you guys heard the finger story? No. Dave was hitting on a girl. I walked up to wing him and he wasn't doing so hot. And the second I walked up, so walk up like you're me, start to talk. Oh this story. I do remember this story now. Yeah. So later on, we're walking through a small corridor, so she was walking towards, she didn't see me because it was crowded. Remember me? And then there's a wall right here, so I went like that and she stayed right there and I said, come here. And then we were like this, and we were talking about dogs and cats. That was the fucking conversation. But we're this close and her boobs were like pressed up against me and we're actually talking this close. And were you touching her as you guys were talking this close? Yeah, I was touching her like this and like this, but that was really it because we're this close. Like you don't need to do a whole lot if you're this close. You don't really need to do much. Right? You're just here and you're talking. And it's just a matter of time. Whenever I end up in a situation like that where I'm really close to a guy, I can't help but get turned on. And if I'm willing to let myself get that close to a guy, then I'm at least halfway attracted to him. And it's like, it like turns on like a sexuality inside me. So I don't think I would ever do the, this move, but she started it and yeah, I got her back. Pretty good. I was proud of myself for that one. Fucking bitch. Give me those views. I'll give those people back a lot harder. \", \"segments\": [{\"id\": 0, \"seek\": 0, \"start\": 0.0, \"end\": 7.039999961853027, \"text\": \" Have you guys heard the finger story?\", \"tokens\": [50364, 3560, 291, 1074, 2198, 264, 5984, 1657, 30, 50716], \"temperature\": 0.0, \"avg_logprob\": -0.4533637762069702, \"compression_ratio\": 1.4846625328063965, \"no_speech_prob\": 0.4145689308643341}, {\"id\": 1, \"seek\": 0, \"start\": 7.039999961853027, \"end\": 8.039999961853027, \"text\": \" No.\", \"tokens\": [50716, 883, 13, 50766], \"temperature\": 0.0, \"avg_logprob\": -0.4533637762069702, \"compression_ratio\": 1.4846625328063965, \"no_speech_prob\": 0.4145689308643341}, {\"id\": 2, \"seek\": 0, \"start\": 8.039999961853027, \"end\": 10.680000305175781, \"text\": \" Dave was hitting on a girl.\", \"tokens\": [50766, 11017, 390, 8850, 322, 257, 2013, 13, 50898], \"temperature\": 0.0, \"avg_logprob\": -0.4533637762069702, \"compression_ratio\": 1.4846625328063965, \"no_speech_prob\": 0.4145689308643341}, {\"id\": 3, \"seek\": 0, \"start\": 10.680000305175781, \"end\": 13.960000038146973, \"text\": \" I walked up to wing him and he wasn't doing so hot.\", \"tokens\": [50898, 286, 7628, 493, 281, 11162, 796, 293, 415, 2067, 380, 884, 370, 2368, 13, 51062], \"temperature\": 0.0, \"avg_logprob\": -0.4533637762069702, \"compression_ratio\": 1.4846625328063965, \"no_speech_prob\": 0.4145689308643341}, {\"id\": 4, \"seek\": 0, \"start\": 13.960000038146973, \"end\": 24.8799991607666, \"text\": \" And the second I walked up, so walk up like you're me, start to talk.\", \"tokens\": [51062, 400, 264, 1150, 286, 7628, 493, 11, 370, 1792, 493, 411, 291, 434, 385, 11, 722, 281, 751, 13, 51608], \"temperature\": 0.0, \"avg_logprob\": -0.4533637762069702, \"compression_ratio\": 1.4846625328063965, \"no_speech_prob\": 0.4145689308643341}, {\"id\": 5, \"seek\": 0, \"start\": 24.8799991607666, \"end\": 25.8799991607666, \"text\": \" Oh this story.\", \"tokens\": [51608, 876, 341, 1657, 13, 51658], \"temperature\": 0.0, \"avg_logprob\": -0.4533637762069702, \"compression_ratio\": 1.4846625328063965, \"no_speech_prob\": 0.4145689308643341}, {\"id\": 6, \"seek\": 0, \"start\": 25.8799991607666, \"end\": 27.719999313354492, \"text\": \" I do remember this story now.\", \"tokens\": [51658, 286, 360, 1604, 341, 1657, 586, 13, 51750], \"temperature\": 0.0, \"avg_logprob\": -0.4533637762069702, \"compression_ratio\": 1.4846625328063965, \"no_speech_prob\": 0.4145689308643341}, {\"id\": 7, \"seek\": 0, \"start\": 27.719999313354492, \"end\": 28.719999313354492, \"text\": \" Yeah.\", \"tokens\": [51750, 865, 13, 51800], \"temperature\": 0.0, \"avg_logprob\": -0.4533637762069702, \"compression_ratio\": 1.4846625328063965, \"no_speech_prob\": 0.4145689308643341}, {\"id\": 8, \"seek\": 2872, \"start\": 28.719999313354492, \"end\": 33.560001373291016, \"text\": \" So later on, we're walking through a small corridor, so she was walking towards, she\", \"tokens\": [50364, 407, 1780, 322, 11, 321, 434, 4494, 807, 257, 1359, 25602, 11, 370, 750, 390, 4494, 3030, 11, 750, 50606], \"temperature\": 0.0, \"avg_logprob\": -0.40821513533592224, \"compression_ratio\": 1.635071039199829, \"no_speech_prob\": 0.051053486764431}, {\"id\": 9, \"seek\": 2872, \"start\": 33.560001373291016, \"end\": 39.599998474121094, \"text\": \" didn't see me because it was crowded.\", \"tokens\": [50606, 994, 380, 536, 385, 570, 309, 390, 21634, 13, 50908], \"temperature\": 0.0, \"avg_logprob\": -0.40821513533592224, \"compression_ratio\": 1.635071039199829, \"no_speech_prob\": 0.051053486764431}, {\"id\": 10, \"seek\": 2872, \"start\": 39.599998474121094, \"end\": 40.599998474121094, \"text\": \" Remember me?\", \"tokens\": [50908, 5459, 385, 30, 50958], \"temperature\": 0.0, \"avg_logprob\": -0.40821513533592224, \"compression_ratio\": 1.635071039199829, \"no_speech_prob\": 0.051053486764431}, {\"id\": 11, \"seek\": 2872, \"start\": 40.599998474121094, \"end\": 46.84000015258789, \"text\": \" And then there's a wall right here, so I went like that and she stayed right there and I\", \"tokens\": [50958, 400, 550, 456, 311, 257, 2929, 558, 510, 11, 370, 286, 1437, 411, 300, 293, 750, 9181, 558, 456, 293, 286, 51270], \"temperature\": 0.0, \"avg_logprob\": -0.40821513533592224, \"compression_ratio\": 1.635071039199829, \"no_speech_prob\": 0.051053486764431}, {\"id\": 12, \"seek\": 2872, \"start\": 46.84000015258789, \"end\": 47.84000015258789, \"text\": \" said, come here.\", \"tokens\": [51270, 848, 11, 808, 510, 13, 51320], \"temperature\": 0.0, \"avg_logprob\": -0.40821513533592224, \"compression_ratio\": 1.635071039199829, \"no_speech_prob\": 0.051053486764431}, {\"id\": 13, \"seek\": 2872, \"start\": 47.84000015258789, \"end\": 53.400001525878906, \"text\": \" And then we were like this, and we were talking about dogs and cats.\", \"tokens\": [51320, 400, 550, 321, 645, 411, 341, 11, 293, 321, 645, 1417, 466, 7197, 293, 11111, 13, 51598], \"temperature\": 0.0, \"avg_logprob\": -0.40821513533592224, \"compression_ratio\": 1.635071039199829, \"no_speech_prob\": 0.051053486764431}, {\"id\": 14, \"seek\": 2872, \"start\": 53.400001525878906, \"end\": 54.7599983215332, \"text\": \" That was the fucking conversation.\", \"tokens\": [51598, 663, 390, 264, 5546, 3761, 13, 51666], \"temperature\": 0.0, \"avg_logprob\": -0.40821513533592224, \"compression_ratio\": 1.635071039199829, \"no_speech_prob\": 0.051053486764431}, {\"id\": 15, \"seek\": 5476, \"start\": 54.7599983215332, \"end\": 59.279998779296875, \"text\": \" But we're this close and her boobs were like pressed up against me and we're actually talking\", \"tokens\": [50364, 583, 321, 434, 341, 1998, 293, 720, 40439, 645, 411, 17355, 493, 1970, 385, 293, 321, 434, 767, 1417, 50590], \"temperature\": 0.0, \"avg_logprob\": -0.3233887255191803, \"compression_ratio\": 1.925795078277588, \"no_speech_prob\": 0.23643147945404053}, {\"id\": 16, \"seek\": 5476, \"start\": 59.279998779296875, \"end\": 60.279998779296875, \"text\": \" this close.\", \"tokens\": [50590, 341, 1998, 13, 50640], \"temperature\": 0.0, \"avg_logprob\": -0.3233887255191803, \"compression_ratio\": 1.925795078277588, \"no_speech_prob\": 0.23643147945404053}, {\"id\": 17, \"seek\": 5476, \"start\": 60.279998779296875, \"end\": 62.91999816894531, \"text\": \" And were you touching her as you guys were talking this close?\", \"tokens\": [50640, 400, 645, 291, 11175, 720, 382, 291, 1074, 645, 1417, 341, 1998, 30, 50772], \"temperature\": 0.0, \"avg_logprob\": -0.3233887255191803, \"compression_ratio\": 1.925795078277588, \"no_speech_prob\": 0.23643147945404053}, {\"id\": 18, \"seek\": 5476, \"start\": 62.91999816894531, \"end\": 66.12000274658203, \"text\": \" Yeah, I was touching her like this and like this, but that was really it because we're\", \"tokens\": [50772, 865, 11, 286, 390, 11175, 720, 411, 341, 293, 411, 341, 11, 457, 300, 390, 534, 309, 570, 321, 434, 50932], \"temperature\": 0.0, \"avg_logprob\": -0.3233887255191803, \"compression_ratio\": 1.925795078277588, \"no_speech_prob\": 0.23643147945404053}, {\"id\": 19, \"seek\": 5476, \"start\": 66.12000274658203, \"end\": 67.12000274658203, \"text\": \" this close.\", \"tokens\": [50932, 341, 1998, 13, 50982], \"temperature\": 0.0, \"avg_logprob\": -0.3233887255191803, \"compression_ratio\": 1.925795078277588, \"no_speech_prob\": 0.23643147945404053}, {\"id\": 20, \"seek\": 5476, \"start\": 67.12000274658203, \"end\": 68.12000274658203, \"text\": \" Like you don't need to do a whole lot if you're this close.\", \"tokens\": [50982, 1743, 291, 500, 380, 643, 281, 360, 257, 1379, 688, 498, 291, 434, 341, 1998, 13, 51032], \"temperature\": 0.0, \"avg_logprob\": -0.3233887255191803, \"compression_ratio\": 1.925795078277588, \"no_speech_prob\": 0.23643147945404053}, {\"id\": 21, \"seek\": 5476, \"start\": 68.12000274658203, \"end\": 69.12000274658203, \"text\": \" You don't really need to do much.\", \"tokens\": [51032, 509, 500, 380, 534, 643, 281, 360, 709, 13, 51082], \"temperature\": 0.0, \"avg_logprob\": -0.3233887255191803, \"compression_ratio\": 1.925795078277588, \"no_speech_prob\": 0.23643147945404053}, {\"id\": 22, \"seek\": 5476, \"start\": 69.12000274658203, \"end\": 70.12000274658203, \"text\": \" Right?\", \"tokens\": [51082, 1779, 30, 51132], \"temperature\": 0.0, \"avg_logprob\": -0.3233887255191803, \"compression_ratio\": 1.925795078277588, \"no_speech_prob\": 0.23643147945404053}, {\"id\": 23, \"seek\": 5476, \"start\": 70.12000274658203, \"end\": 71.12000274658203, \"text\": \" You're just here and you're talking.\", \"tokens\": [51132, 509, 434, 445, 510, 293, 291, 434, 1417, 13, 51182], \"temperature\": 0.0, \"avg_logprob\": -0.3233887255191803, \"compression_ratio\": 1.925795078277588, \"no_speech_prob\": 0.23643147945404053}, {\"id\": 24, \"seek\": 5476, \"start\": 71.12000274658203, \"end\": 72.12000274658203, \"text\": \" And it's just a matter of time.\", \"tokens\": [51182, 400, 309, 311, 445, 257, 1871, 295, 565, 13, 51232], \"temperature\": 0.0, \"avg_logprob\": -0.3233887255191803, \"compression_ratio\": 1.925795078277588, \"no_speech_prob\": 0.23643147945404053}, {\"id\": 25, \"seek\": 5476, \"start\": 72.12000274658203, \"end\": 73.12000274658203, \"text\": \" Whenever I end up in a situation like that where I'm really close to a guy, I can't help\", \"tokens\": [51232, 14159, 286, 917, 493, 294, 257, 2590, 411, 300, 689, 286, 478, 534, 1998, 281, 257, 2146, 11, 286, 393, 380, 854, 51282], \"temperature\": 0.0, \"avg_logprob\": -0.3233887255191803, \"compression_ratio\": 1.925795078277588, \"no_speech_prob\": 0.23643147945404053}, {\"id\": 26, \"seek\": 5476, \"start\": 73.12000274658203, \"end\": 74.12000274658203, \"text\": \" but get turned on.\", \"tokens\": [51282, 457, 483, 3574, 322, 13, 51332], \"temperature\": 0.0, \"avg_logprob\": -0.3233887255191803, \"compression_ratio\": 1.925795078277588, \"no_speech_prob\": 0.23643147945404053}, {\"id\": 27, \"seek\": 7412, \"start\": 74.12000274658203, \"end\": 87.04000091552734, \"text\": \" And if I'm willing to let myself get that close to a guy, then I'm at least halfway\", \"tokens\": [50364, 400, 498, 286, 478, 4950, 281, 718, 2059, 483, 300, 1998, 281, 257, 2146, 11, 550, 286, 478, 412, 1935, 15461, 51010], \"temperature\": 0.0, \"avg_logprob\": -0.3009377419948578, \"compression_ratio\": 1.4476743936538696, \"no_speech_prob\": 0.28444355726242065}, {\"id\": 28, \"seek\": 7412, \"start\": 87.04000091552734, \"end\": 88.04000091552734, \"text\": \" attracted to him.\", \"tokens\": [51010, 15912, 281, 796, 13, 51060], \"temperature\": 0.0, \"avg_logprob\": -0.3009377419948578, \"compression_ratio\": 1.4476743936538696, \"no_speech_prob\": 0.28444355726242065}, {\"id\": 29, \"seek\": 7412, \"start\": 88.04000091552734, \"end\": 94.63999938964844, \"text\": \" And it's like, it like turns on like a sexuality inside me.\", \"tokens\": [51060, 400, 309, 311, 411, 11, 309, 411, 4523, 322, 411, 257, 25426, 1854, 385, 13, 51390], \"temperature\": 0.0, \"avg_logprob\": -0.3009377419948578, \"compression_ratio\": 1.4476743936538696, \"no_speech_prob\": 0.28444355726242065}, {\"id\": 30, \"seek\": 7412, \"start\": 94.63999938964844, \"end\": 103.4000015258789, \"text\": \" So I don't think I would ever do the, this move, but she started it and yeah, I got her\", \"tokens\": [51390, 407, 286, 500, 380, 519, 286, 576, 1562, 360, 264, 11, 341, 1286, 11, 457, 750, 1409, 309, 293, 1338, 11, 286, 658, 720, 51828], \"temperature\": 0.0, \"avg_logprob\": -0.3009377419948578, \"compression_ratio\": 1.4476743936538696, \"no_speech_prob\": 0.28444355726242065}, {\"id\": 31, \"seek\": 10340, \"start\": 103.4000015258789, \"end\": 104.4000015258789, \"text\": \" back.\", \"tokens\": [50364, 646, 13, 50414], \"temperature\": 0.0, \"avg_logprob\": -0.4872242510318756, \"compression_ratio\": 1.1785714626312256, \"no_speech_prob\": 0.9806616306304932}, {\"id\": 32, \"seek\": 10340, \"start\": 104.4000015258789, \"end\": 105.4000015258789, \"text\": \" Pretty good.\", \"tokens\": [50414, 10693, 665, 13, 50464], \"temperature\": 0.0, \"avg_logprob\": -0.4872242510318756, \"compression_ratio\": 1.1785714626312256, \"no_speech_prob\": 0.9806616306304932}, {\"id\": 33, \"seek\": 10340, \"start\": 105.4000015258789, \"end\": 106.4000015258789, \"text\": \" I was proud of myself for that one.\", \"tokens\": [50464, 286, 390, 4570, 295, 2059, 337, 300, 472, 13, 50514], \"temperature\": 0.0, \"avg_logprob\": -0.4872242510318756, \"compression_ratio\": 1.1785714626312256, \"no_speech_prob\": 0.9806616306304932}, {\"id\": 34, \"seek\": 10340, \"start\": 106.4000015258789, \"end\": 107.4000015258789, \"text\": \" Fucking bitch.\", \"tokens\": [50514, 33342, 11960, 13, 50564], \"temperature\": 0.0, \"avg_logprob\": -0.4872242510318756, \"compression_ratio\": 1.1785714626312256, \"no_speech_prob\": 0.9806616306304932}, {\"id\": 35, \"seek\": 10340, \"start\": 107.4000015258789, \"end\": 108.4000015258789, \"text\": \" Give me those views.\", \"tokens\": [50564, 5303, 385, 729, 6809, 13, 50614], \"temperature\": 0.0, \"avg_logprob\": -0.4872242510318756, \"compression_ratio\": 1.1785714626312256, \"no_speech_prob\": 0.9806616306304932}, {\"id\": 36, \"seek\": 10340, \"start\": 108.4000015258789, \"end\": 108.9000015258789, \"text\": \" I'll give those people back a lot harder.\", \"tokens\": [50614, 286, 603, 976, 729, 561, 646, 257, 688, 6081, 13, 50639], \"temperature\": 0.0, \"avg_logprob\": -0.4872242510318756, \"compression_ratio\": 1.1785714626312256, \"no_speech_prob\": 0.9806616306304932}]}"}