{"title": "Pickup Artists vs. Club Promoters", "video_id": "3BIUfFpQi1A", "video_url": "https://www.youtube.com/watch?v=3BIUfFpQi1A", "description": "To listen to more episodes of the Inner Confidence Podcast, visit the links below:\nWebsite: https://innerconfidence.com/podcast/\niTunes:https://podcasts.apple.com/us/podcast/inner-confidence-podcast/id986699444 \nSpotify: https://open.spotify.com/show/2zkWuTnt7whvnR6CO6oNPV\nRSS: https://innerconfidence.com/series/leverage-podcast/feed/\n\nAnd if you're interested in learning more about my coaching services and connecting with me, check out these links:\nLinkTree: https://linktr.ee/Robbiekramer\nMain Site: https://innerconfidence.com/\nInstagram: https://www.instagram.com/robbie_kramer/\nTikTok: https://www.tiktok.com/@robbie.kramer\nYouTube: https://www.youtube.com/innerconfidence\n\nThank you for tuning in, and I look forward to helping you build your inner confidence and achieve success!\n\nJoin us : https://innerconfidence.com/leverage/\nBook a call with me : https://start.innerconfidence.com/video1\n\n\n#personaldevelopment #selfimprovement #innerconfidence #innerconfidencepodcast #podcast #coaching #success #motivation #inspiration #mindset #datingcoach #relationshipgoals #confidencecoach #selfimprovement #successfulmen", "published_at": "2023-01-04T20:31:14Z", "channel_id": "UC0O-ohYDF4P66HW9XJ4Us8w", "channel_title": "Robbie Kramer", "tags": [], "category_id": "26", "live_broadcast_content": "none", "duration": 61.0, "dimension": "2d", "definition": "hd", "caption": "false", "view_count": 274, "like_count": 0, "comment_count": 0, "channel_info": {"title": "Robbie Kramer", "description": "I'm Robbie Kramer \ud83c\udf99Host of The Inner Confidence Podcast & Founder of Inner Confidence, Inc.\n\nI lived an exhilarating single life filled with adventures and lessons, and ultimately achieved what I had always aspired to \u2013 finding an amazing, feminine, and loving wife. \n\nI believe my experiences provide a rare balance of wild freedom and committed love, equipping me with the insights to help you navigate the complexities of dating and relationships in today's world. Let me guide you to embrace your desires, improve your social prowess, and ultimately attract the partner who aligns with your highest aspirations.\n\nYou won\u2019t find any fluffy, new-age, or cringy stuff here, just tested, proven and actionable advice that yields results.\n\nApply to join our exclusive Inner Confidence Community of ambitious men who are actively working together to achieve their goals faster   \u25ba https://innerconfidence.com/community\n\nYou can email me at robbie@innerconfidence.com with any questions or comments.\n", "subscriber_count": "1270", "total_views": "604693", "total_videos": "470"}, "comments": [], "file_path": "/Users/aelaguiz/workspace/fc_book/audio/raws/3BIUfFpQi1A.mp3", "transcription": "{\"text\": \"And I realized that the women who I was the most attracted to, I was just feeling like there was like this imaginary bubble around them that I didn't have access to. You know, I'd see them at the nightclubs. I'd see them every day, you know, walking down the streets. I was living in New York City. Like, just the standard sort of way of hitting on them, like trying to run up to them, trying to get their number. It was a lot more difficult. And obviously, getting access to them in the nightclubs is difficult, too. But around that time, I also realized that, like, I'd go to these nightclubs and I'd see these beautiful girls and I'd sometimes see these promoter tables. I'd notice there'd be like two or three promoters and like eight to nine girls. Usually the tables were strategically placed in the club, like either next to the DJ booth, right at the entrance. And at first I just thought, oh, cool place, hot girls. I was kind of clueless to what was going on. But then we met some of these promoters and I kind of got an insight into their world. I had them on my podcast. And I realized that these guys were crushing at a level with women that was way beyond any of these pickup artists or any of these dating coaches. \", \"segments\": [{\"id\": 0, \"seek\": 0, \"start\": 0.0, \"end\": 3.5199999809265137, \"text\": \" And I realized that the women who I was the most attracted to,\", \"tokens\": [50364, 400, 286, 5334, 300, 264, 2266, 567, 286, 390, 264, 881, 15912, 281, 11, 50540], \"temperature\": 0.0, \"avg_logprob\": -0.24246390163898468, \"compression_ratio\": 1.908814549446106, \"no_speech_prob\": 0.02798830345273018}, {\"id\": 1, \"seek\": 0, \"start\": 3.5199999809265137, \"end\": 6.800000190734863, \"text\": \" I was just feeling like there was like this imaginary bubble\", \"tokens\": [50540, 286, 390, 445, 2633, 411, 456, 390, 411, 341, 26164, 12212, 50704], \"temperature\": 0.0, \"avg_logprob\": -0.24246390163898468, \"compression_ratio\": 1.908814549446106, \"no_speech_prob\": 0.02798830345273018}, {\"id\": 2, \"seek\": 0, \"start\": 6.800000190734863, \"end\": 8.399999618530273, \"text\": \" around them that I didn't have access to.\", \"tokens\": [50704, 926, 552, 300, 286, 994, 380, 362, 2105, 281, 13, 50784], \"temperature\": 0.0, \"avg_logprob\": -0.24246390163898468, \"compression_ratio\": 1.908814549446106, \"no_speech_prob\": 0.02798830345273018}, {\"id\": 3, \"seek\": 0, \"start\": 8.399999618530273, \"end\": 9.800000190734863, \"text\": \" You know, I'd see them at the nightclubs.\", \"tokens\": [50784, 509, 458, 11, 286, 1116, 536, 552, 412, 264, 1818, 3474, 5432, 13, 50854], \"temperature\": 0.0, \"avg_logprob\": -0.24246390163898468, \"compression_ratio\": 1.908814549446106, \"no_speech_prob\": 0.02798830345273018}, {\"id\": 4, \"seek\": 0, \"start\": 9.800000190734863, \"end\": 11.899999618530273, \"text\": \" I'd see them every day, you know, walking down the streets.\", \"tokens\": [50854, 286, 1116, 536, 552, 633, 786, 11, 291, 458, 11, 4494, 760, 264, 8481, 13, 50959], \"temperature\": 0.0, \"avg_logprob\": -0.24246390163898468, \"compression_ratio\": 1.908814549446106, \"no_speech_prob\": 0.02798830345273018}, {\"id\": 5, \"seek\": 0, \"start\": 11.899999618530273, \"end\": 13.199999809265137, \"text\": \" I was living in New York City.\", \"tokens\": [50959, 286, 390, 2647, 294, 1873, 3609, 4392, 13, 51024], \"temperature\": 0.0, \"avg_logprob\": -0.24246390163898468, \"compression_ratio\": 1.908814549446106, \"no_speech_prob\": 0.02798830345273018}, {\"id\": 6, \"seek\": 0, \"start\": 13.199999809265137, \"end\": 15.84000015258789, \"text\": \" Like, just the standard sort of way of hitting on them,\", \"tokens\": [51024, 1743, 11, 445, 264, 3832, 1333, 295, 636, 295, 8850, 322, 552, 11, 51156], \"temperature\": 0.0, \"avg_logprob\": -0.24246390163898468, \"compression_ratio\": 1.908814549446106, \"no_speech_prob\": 0.02798830345273018}, {\"id\": 7, \"seek\": 0, \"start\": 15.84000015258789, \"end\": 18.040000915527344, \"text\": \" like trying to run up to them, trying to get their number.\", \"tokens\": [51156, 411, 1382, 281, 1190, 493, 281, 552, 11, 1382, 281, 483, 641, 1230, 13, 51266], \"temperature\": 0.0, \"avg_logprob\": -0.24246390163898468, \"compression_ratio\": 1.908814549446106, \"no_speech_prob\": 0.02798830345273018}, {\"id\": 8, \"seek\": 0, \"start\": 18.040000915527344, \"end\": 19.920000076293945, \"text\": \" It was a lot more difficult.\", \"tokens\": [51266, 467, 390, 257, 688, 544, 2252, 13, 51360], \"temperature\": 0.0, \"avg_logprob\": -0.24246390163898468, \"compression_ratio\": 1.908814549446106, \"no_speech_prob\": 0.02798830345273018}, {\"id\": 9, \"seek\": 0, \"start\": 19.920000076293945, \"end\": 21.459999084472656, \"text\": \" And obviously, getting access to them\", \"tokens\": [51360, 400, 2745, 11, 1242, 2105, 281, 552, 51437], \"temperature\": 0.0, \"avg_logprob\": -0.24246390163898468, \"compression_ratio\": 1.908814549446106, \"no_speech_prob\": 0.02798830345273018}, {\"id\": 10, \"seek\": 0, \"start\": 21.459999084472656, \"end\": 23.479999542236328, \"text\": \" in the nightclubs is difficult, too.\", \"tokens\": [51437, 294, 264, 1818, 3474, 5432, 307, 2252, 11, 886, 13, 51538], \"temperature\": 0.0, \"avg_logprob\": -0.24246390163898468, \"compression_ratio\": 1.908814549446106, \"no_speech_prob\": 0.02798830345273018}, {\"id\": 11, \"seek\": 0, \"start\": 23.479999542236328, \"end\": 26.440000534057617, \"text\": \" But around that time, I also realized that, like,\", \"tokens\": [51538, 583, 926, 300, 565, 11, 286, 611, 5334, 300, 11, 411, 11, 51686], \"temperature\": 0.0, \"avg_logprob\": -0.24246390163898468, \"compression_ratio\": 1.908814549446106, \"no_speech_prob\": 0.02798830345273018}, {\"id\": 12, \"seek\": 0, \"start\": 26.440000534057617, \"end\": 28.440000534057617, \"text\": \" I'd go to these nightclubs and I'd see these beautiful girls\", \"tokens\": [51686, 286, 1116, 352, 281, 613, 1818, 3474, 5432, 293, 286, 1116, 536, 613, 2238, 4519, 51786], \"temperature\": 0.0, \"avg_logprob\": -0.24246390163898468, \"compression_ratio\": 1.908814549446106, \"no_speech_prob\": 0.02798830345273018}, {\"id\": 13, \"seek\": 2844, \"start\": 28.440000534057617, \"end\": 30.360000610351562, \"text\": \" and I'd sometimes see these promoter tables.\", \"tokens\": [50364, 293, 286, 1116, 2171, 536, 613, 6609, 260, 8020, 13, 50460], \"temperature\": 0.0, \"avg_logprob\": -0.210312619805336, \"compression_ratio\": 1.7763158082962036, \"no_speech_prob\": 0.0025506624951958656}, {\"id\": 14, \"seek\": 2844, \"start\": 30.360000610351562, \"end\": 32.63999938964844, \"text\": \" I'd notice there'd be like two or three promoters\", \"tokens\": [50460, 286, 1116, 3449, 456, 1116, 312, 411, 732, 420, 1045, 6609, 433, 50574], \"temperature\": 0.0, \"avg_logprob\": -0.210312619805336, \"compression_ratio\": 1.7763158082962036, \"no_speech_prob\": 0.0025506624951958656}, {\"id\": 15, \"seek\": 2844, \"start\": 32.63999938964844, \"end\": 34.040000915527344, \"text\": \" and like eight to nine girls.\", \"tokens\": [50574, 293, 411, 3180, 281, 4949, 4519, 13, 50644], \"temperature\": 0.0, \"avg_logprob\": -0.210312619805336, \"compression_ratio\": 1.7763158082962036, \"no_speech_prob\": 0.0025506624951958656}, {\"id\": 16, \"seek\": 2844, \"start\": 34.040000915527344, \"end\": 36.86000061035156, \"text\": \" Usually the tables were strategically placed in the club,\", \"tokens\": [50644, 11419, 264, 8020, 645, 38061, 7074, 294, 264, 6482, 11, 50785], \"temperature\": 0.0, \"avg_logprob\": -0.210312619805336, \"compression_ratio\": 1.7763158082962036, \"no_speech_prob\": 0.0025506624951958656}, {\"id\": 17, \"seek\": 2844, \"start\": 36.86000061035156, \"end\": 39.91999816894531, \"text\": \" like either next to the DJ booth, right at the entrance.\", \"tokens\": [50785, 411, 2139, 958, 281, 264, 13078, 20912, 11, 558, 412, 264, 12014, 13, 50938], \"temperature\": 0.0, \"avg_logprob\": -0.210312619805336, \"compression_ratio\": 1.7763158082962036, \"no_speech_prob\": 0.0025506624951958656}, {\"id\": 18, \"seek\": 2844, \"start\": 39.91999816894531, \"end\": 42.400001525878906, \"text\": \" And at first I just thought, oh, cool place, hot girls.\", \"tokens\": [50938, 400, 412, 700, 286, 445, 1194, 11, 1954, 11, 1627, 1081, 11, 2368, 4519, 13, 51062], \"temperature\": 0.0, \"avg_logprob\": -0.210312619805336, \"compression_ratio\": 1.7763158082962036, \"no_speech_prob\": 0.0025506624951958656}, {\"id\": 19, \"seek\": 2844, \"start\": 42.400001525878906, \"end\": 44.47999954223633, \"text\": \" I was kind of clueless to what was going on.\", \"tokens\": [51062, 286, 390, 733, 295, 596, 3483, 442, 281, 437, 390, 516, 322, 13, 51166], \"temperature\": 0.0, \"avg_logprob\": -0.210312619805336, \"compression_ratio\": 1.7763158082962036, \"no_speech_prob\": 0.0025506624951958656}, {\"id\": 20, \"seek\": 2844, \"start\": 44.47999954223633, \"end\": 46.47999954223633, \"text\": \" But then we met some of these promoters\", \"tokens\": [51166, 583, 550, 321, 1131, 512, 295, 613, 6609, 433, 51266], \"temperature\": 0.0, \"avg_logprob\": -0.210312619805336, \"compression_ratio\": 1.7763158082962036, \"no_speech_prob\": 0.0025506624951958656}, {\"id\": 21, \"seek\": 2844, \"start\": 46.47999954223633, \"end\": 49.68000030517578, \"text\": \" and I kind of got an insight into their world.\", \"tokens\": [51266, 293, 286, 733, 295, 658, 364, 11269, 666, 641, 1002, 13, 51426], \"temperature\": 0.0, \"avg_logprob\": -0.210312619805336, \"compression_ratio\": 1.7763158082962036, \"no_speech_prob\": 0.0025506624951958656}, {\"id\": 22, \"seek\": 2844, \"start\": 49.68000030517578, \"end\": 51.52000045776367, \"text\": \" I had them on my podcast.\", \"tokens\": [51426, 286, 632, 552, 322, 452, 7367, 13, 51518], \"temperature\": 0.0, \"avg_logprob\": -0.210312619805336, \"compression_ratio\": 1.7763158082962036, \"no_speech_prob\": 0.0025506624951958656}, {\"id\": 23, \"seek\": 2844, \"start\": 51.52000045776367, \"end\": 53.79999923706055, \"text\": \" And I realized that these guys were crushing\", \"tokens\": [51518, 400, 286, 5334, 300, 613, 1074, 645, 31317, 51632], \"temperature\": 0.0, \"avg_logprob\": -0.210312619805336, \"compression_ratio\": 1.7763158082962036, \"no_speech_prob\": 0.0025506624951958656}, {\"id\": 24, \"seek\": 2844, \"start\": 53.79999923706055, \"end\": 57.08000183105469, \"text\": \" at a level with women that was way beyond\", \"tokens\": [51632, 412, 257, 1496, 365, 2266, 300, 390, 636, 4399, 51796], \"temperature\": 0.0, \"avg_logprob\": -0.210312619805336, \"compression_ratio\": 1.7763158082962036, \"no_speech_prob\": 0.0025506624951958656}, {\"id\": 25, \"seek\": 5708, \"start\": 57.08000183105469, \"end\": 60.08000183105469, \"text\": \" any of these pickup artists or any of these dating coaches.\", \"tokens\": [50364, 604, 295, 613, 25328, 6910, 420, 604, 295, 613, 10689, 17503, 13, 50514], \"temperature\": 0.0, \"avg_logprob\": -0.33465132117271423, \"compression_ratio\": 1.0727273225784302, \"no_speech_prob\": 0.4109385311603546}]}"}