{"title": "Daygame advice for brown guys\u2026 #confidencecoach #datingcoach #innerconfidencepodcast", "video_id": "3rNSomihppM", "video_url": "https://www.youtube.com/watch?v=3rNSomihppM", "description": "", "published_at": "2023-09-15T23:37:11Z", "channel_id": "UC0O-ohYDF4P66HW9XJ4Us8w", "channel_title": "Robbie Kramer", "tags": [], "category_id": "24", "live_broadcast_content": "none", "duration": 56.0, "dimension": "2d", "definition": "hd", "caption": "false", "view_count": 172, "like_count": 2, "comment_count": 0, "channel_info": {"title": "Robbie Kramer", "description": "I'm Robbie Kramer \ud83c\udf99Host of The Inner Confidence Podcast & Founder of Inner Confidence, Inc.\n\nI lived an exhilarating single life filled with adventures and lessons, and ultimately achieved what I had always aspired to \u2013 finding an amazing, feminine, and loving wife. \n\nI believe my experiences provide a rare balance of wild freedom and committed love, equipping me with the insights to help you navigate the complexities of dating and relationships in today's world. Let me guide you to embrace your desires, improve your social prowess, and ultimately attract the partner who aligns with your highest aspirations.\n\nYou won\u2019t find any fluffy, new-age, or cringy stuff here, just tested, proven and actionable advice that yields results.\n\nApply to join our exclusive Inner Confidence Community of ambitious men who are actively working together to achieve their goals faster   \u25ba https://innerconfidence.com/community\n\nYou can email me at robbie@innerconfidence.com with any questions or comments.\n", "subscriber_count": "1270", "total_views": "604693", "total_videos": "470"}, "comments": [], "file_path": "/Users/aelaguiz/workspace/fc_book/audio/raws/3rNSomihppM.mp3", "transcription": "{\"text\": \"Out of all the questions about race, I get questions from brown guys the most. Same. I've had a bunch of conversations, by the way, about this, specifically with brown day gamers, because I did a podcast episode about this, and I talked to a few what their views are. So, and one realization we had, let's say we're talking about states. If you grew up in the American culture, you're going to be doing better. That's it. The reason for that is very interesting. If you're recently immigrated, and this is something that girls told me, and other day gamers pointed out to me, especially the brown guys. If people have recently immigrated, the bar for your style and hygiene is very different there from the USA. I'm not saying this. This is what other brown day gamers told me, that they immigrate with having those standards of their home country as what they do, and in the US, it just doesn't work. So, it comes down to style and hygiene. And again, I've heard this from brown day gamers, and I've heard this from girls as well. So, if you have recently immigrated in the USA, make sure your style and grooming is following the US standards. \", \"segments\": [{\"id\": 0, \"seek\": 0, \"start\": 0.0, \"end\": 3.0, \"text\": \" Out of all the questions about race, I get questions from brown guys the most.\", \"tokens\": [50364, 5925, 295, 439, 264, 1651, 466, 4569, 11, 286, 483, 1651, 490, 6292, 1074, 264, 881, 13, 50514], \"temperature\": 0.0, \"avg_logprob\": -0.2594042718410492, \"compression_ratio\": 1.802259922027588, \"no_speech_prob\": 0.010004510171711445}, {\"id\": 1, \"seek\": 0, \"start\": 3.0, \"end\": 3.5, \"text\": \" Same.\", \"tokens\": [50514, 10635, 13, 50539], \"temperature\": 0.0, \"avg_logprob\": -0.2594042718410492, \"compression_ratio\": 1.802259922027588, \"no_speech_prob\": 0.010004510171711445}, {\"id\": 2, \"seek\": 0, \"start\": 3.5, \"end\": 5.400000095367432, \"text\": \" I've had a bunch of conversations, by the way, about this,\", \"tokens\": [50539, 286, 600, 632, 257, 3840, 295, 7315, 11, 538, 264, 636, 11, 466, 341, 11, 50634], \"temperature\": 0.0, \"avg_logprob\": -0.2594042718410492, \"compression_ratio\": 1.802259922027588, \"no_speech_prob\": 0.010004510171711445}, {\"id\": 3, \"seek\": 0, \"start\": 5.400000095367432, \"end\": 6.699999809265137, \"text\": \" specifically with brown day gamers,\", \"tokens\": [50634, 4682, 365, 6292, 786, 26774, 11, 50699], \"temperature\": 0.0, \"avg_logprob\": -0.2594042718410492, \"compression_ratio\": 1.802259922027588, \"no_speech_prob\": 0.010004510171711445}, {\"id\": 4, \"seek\": 0, \"start\": 6.699999809265137, \"end\": 8.199999809265137, \"text\": \" because I did a podcast episode about this,\", \"tokens\": [50699, 570, 286, 630, 257, 7367, 3500, 466, 341, 11, 50774], \"temperature\": 0.0, \"avg_logprob\": -0.2594042718410492, \"compression_ratio\": 1.802259922027588, \"no_speech_prob\": 0.010004510171711445}, {\"id\": 5, \"seek\": 0, \"start\": 8.199999809265137, \"end\": 9.899999618530273, \"text\": \" and I talked to a few what their views are.\", \"tokens\": [50774, 293, 286, 2825, 281, 257, 1326, 437, 641, 6809, 366, 13, 50859], \"temperature\": 0.0, \"avg_logprob\": -0.2594042718410492, \"compression_ratio\": 1.802259922027588, \"no_speech_prob\": 0.010004510171711445}, {\"id\": 6, \"seek\": 0, \"start\": 9.899999618530273, \"end\": 11.800000190734863, \"text\": \" So, and one realization we had,\", \"tokens\": [50859, 407, 11, 293, 472, 25138, 321, 632, 11, 50954], \"temperature\": 0.0, \"avg_logprob\": -0.2594042718410492, \"compression_ratio\": 1.802259922027588, \"no_speech_prob\": 0.010004510171711445}, {\"id\": 7, \"seek\": 0, \"start\": 11.800000190734863, \"end\": 12.899999618530273, \"text\": \" let's say we're talking about states.\", \"tokens\": [50954, 718, 311, 584, 321, 434, 1417, 466, 4368, 13, 51009], \"temperature\": 0.0, \"avg_logprob\": -0.2594042718410492, \"compression_ratio\": 1.802259922027588, \"no_speech_prob\": 0.010004510171711445}, {\"id\": 8, \"seek\": 0, \"start\": 12.899999618530273, \"end\": 15.0, \"text\": \" If you grew up in the American culture,\", \"tokens\": [51009, 759, 291, 6109, 493, 294, 264, 2665, 3713, 11, 51114], \"temperature\": 0.0, \"avg_logprob\": -0.2594042718410492, \"compression_ratio\": 1.802259922027588, \"no_speech_prob\": 0.010004510171711445}, {\"id\": 9, \"seek\": 0, \"start\": 15.0, \"end\": 16.600000381469727, \"text\": \" you're going to be doing better. That's it.\", \"tokens\": [51114, 291, 434, 516, 281, 312, 884, 1101, 13, 663, 311, 309, 13, 51194], \"temperature\": 0.0, \"avg_logprob\": -0.2594042718410492, \"compression_ratio\": 1.802259922027588, \"no_speech_prob\": 0.010004510171711445}, {\"id\": 10, \"seek\": 0, \"start\": 16.600000381469727, \"end\": 18.0, \"text\": \" The reason for that is very interesting.\", \"tokens\": [51194, 440, 1778, 337, 300, 307, 588, 1880, 13, 51264], \"temperature\": 0.0, \"avg_logprob\": -0.2594042718410492, \"compression_ratio\": 1.802259922027588, \"no_speech_prob\": 0.010004510171711445}, {\"id\": 11, \"seek\": 0, \"start\": 18.0, \"end\": 19.799999237060547, \"text\": \" If you're recently immigrated,\", \"tokens\": [51264, 759, 291, 434, 3938, 7730, 5468, 11, 51354], \"temperature\": 0.0, \"avg_logprob\": -0.2594042718410492, \"compression_ratio\": 1.802259922027588, \"no_speech_prob\": 0.010004510171711445}, {\"id\": 12, \"seek\": 0, \"start\": 19.799999237060547, \"end\": 21.399999618530273, \"text\": \" and this is something that girls told me,\", \"tokens\": [51354, 293, 341, 307, 746, 300, 4519, 1907, 385, 11, 51434], \"temperature\": 0.0, \"avg_logprob\": -0.2594042718410492, \"compression_ratio\": 1.802259922027588, \"no_speech_prob\": 0.010004510171711445}, {\"id\": 13, \"seek\": 0, \"start\": 21.399999618530273, \"end\": 22.899999618530273, \"text\": \" and other day gamers pointed out to me,\", \"tokens\": [51434, 293, 661, 786, 26774, 10932, 484, 281, 385, 11, 51509], \"temperature\": 0.0, \"avg_logprob\": -0.2594042718410492, \"compression_ratio\": 1.802259922027588, \"no_speech_prob\": 0.010004510171711445}, {\"id\": 14, \"seek\": 0, \"start\": 22.899999618530273, \"end\": 23.899999618530273, \"text\": \" especially the brown guys.\", \"tokens\": [51509, 2318, 264, 6292, 1074, 13, 51559], \"temperature\": 0.0, \"avg_logprob\": -0.2594042718410492, \"compression_ratio\": 1.802259922027588, \"no_speech_prob\": 0.010004510171711445}, {\"id\": 15, \"seek\": 0, \"start\": 23.899999618530273, \"end\": 25.700000762939453, \"text\": \" If people have recently immigrated,\", \"tokens\": [51559, 759, 561, 362, 3938, 7730, 5468, 11, 51649], \"temperature\": 0.0, \"avg_logprob\": -0.2594042718410492, \"compression_ratio\": 1.802259922027588, \"no_speech_prob\": 0.010004510171711445}, {\"id\": 16, \"seek\": 2570, \"start\": 25.700000762939453, \"end\": 28.799999237060547, \"text\": \" the bar for your style and hygiene\", \"tokens\": [50364, 264, 2159, 337, 428, 3758, 293, 29541, 50519], \"temperature\": 0.0, \"avg_logprob\": -0.21583233773708344, \"compression_ratio\": 1.8566176891326904, \"no_speech_prob\": 0.0004373083065729588}, {\"id\": 17, \"seek\": 2570, \"start\": 28.799999237060547, \"end\": 30.899999618530273, \"text\": \" is very different there from the USA.\", \"tokens\": [50519, 307, 588, 819, 456, 490, 264, 10827, 13, 50624], \"temperature\": 0.0, \"avg_logprob\": -0.21583233773708344, \"compression_ratio\": 1.8566176891326904, \"no_speech_prob\": 0.0004373083065729588}, {\"id\": 18, \"seek\": 2570, \"start\": 30.899999618530273, \"end\": 31.700000762939453, \"text\": \" I'm not saying this.\", \"tokens\": [50624, 286, 478, 406, 1566, 341, 13, 50664], \"temperature\": 0.0, \"avg_logprob\": -0.21583233773708344, \"compression_ratio\": 1.8566176891326904, \"no_speech_prob\": 0.0004373083065729588}, {\"id\": 19, \"seek\": 2570, \"start\": 31.700000762939453, \"end\": 33.70000076293945, \"text\": \" This is what other brown day gamers told me,\", \"tokens\": [50664, 639, 307, 437, 661, 6292, 786, 26774, 1907, 385, 11, 50764], \"temperature\": 0.0, \"avg_logprob\": -0.21583233773708344, \"compression_ratio\": 1.8566176891326904, \"no_speech_prob\": 0.0004373083065729588}, {\"id\": 20, \"seek\": 2570, \"start\": 33.70000076293945, \"end\": 36.79999923706055, \"text\": \" that they immigrate with having those standards\", \"tokens\": [50764, 300, 436, 7730, 4404, 365, 1419, 729, 7787, 50919], \"temperature\": 0.0, \"avg_logprob\": -0.21583233773708344, \"compression_ratio\": 1.8566176891326904, \"no_speech_prob\": 0.0004373083065729588}, {\"id\": 21, \"seek\": 2570, \"start\": 36.79999923706055, \"end\": 39.20000076293945, \"text\": \" of their home country as what they do,\", \"tokens\": [50919, 295, 641, 1280, 1941, 382, 437, 436, 360, 11, 51039], \"temperature\": 0.0, \"avg_logprob\": -0.21583233773708344, \"compression_ratio\": 1.8566176891326904, \"no_speech_prob\": 0.0004373083065729588}, {\"id\": 22, \"seek\": 2570, \"start\": 39.20000076293945, \"end\": 41.0, \"text\": \" and in the US, it just doesn't work.\", \"tokens\": [51039, 293, 294, 264, 2546, 11, 309, 445, 1177, 380, 589, 13, 51129], \"temperature\": 0.0, \"avg_logprob\": -0.21583233773708344, \"compression_ratio\": 1.8566176891326904, \"no_speech_prob\": 0.0004373083065729588}, {\"id\": 23, \"seek\": 2570, \"start\": 41.0, \"end\": 43.29999923706055, \"text\": \" So, it comes down to style and hygiene.\", \"tokens\": [51129, 407, 11, 309, 1487, 760, 281, 3758, 293, 29541, 13, 51244], \"temperature\": 0.0, \"avg_logprob\": -0.21583233773708344, \"compression_ratio\": 1.8566176891326904, \"no_speech_prob\": 0.0004373083065729588}, {\"id\": 24, \"seek\": 2570, \"start\": 43.29999923706055, \"end\": 45.099998474121094, \"text\": \" And again, I've heard this from brown day gamers,\", \"tokens\": [51244, 400, 797, 11, 286, 600, 2198, 341, 490, 6292, 786, 26774, 11, 51334], \"temperature\": 0.0, \"avg_logprob\": -0.21583233773708344, \"compression_ratio\": 1.8566176891326904, \"no_speech_prob\": 0.0004373083065729588}, {\"id\": 25, \"seek\": 2570, \"start\": 45.099998474121094, \"end\": 46.79999923706055, \"text\": \" and I've heard this from girls as well.\", \"tokens\": [51334, 293, 286, 600, 2198, 341, 490, 4519, 382, 731, 13, 51419], \"temperature\": 0.0, \"avg_logprob\": -0.21583233773708344, \"compression_ratio\": 1.8566176891326904, \"no_speech_prob\": 0.0004373083065729588}, {\"id\": 26, \"seek\": 2570, \"start\": 46.79999923706055, \"end\": 49.599998474121094, \"text\": \" So, if you have recently immigrated in the USA,\", \"tokens\": [51419, 407, 11, 498, 291, 362, 3938, 7730, 5468, 294, 264, 10827, 11, 51559], \"temperature\": 0.0, \"avg_logprob\": -0.21583233773708344, \"compression_ratio\": 1.8566176891326904, \"no_speech_prob\": 0.0004373083065729588}, {\"id\": 27, \"seek\": 2570, \"start\": 49.599998474121094, \"end\": 53.0, \"text\": \" make sure your style and grooming\", \"tokens\": [51559, 652, 988, 428, 3758, 293, 49700, 51729], \"temperature\": 0.0, \"avg_logprob\": -0.21583233773708344, \"compression_ratio\": 1.8566176891326904, \"no_speech_prob\": 0.0004373083065729588}, {\"id\": 28, \"seek\": 2570, \"start\": 53.0, \"end\": 55.0, \"text\": \" is following the US standards.\", \"tokens\": [51729, 307, 3480, 264, 2546, 7787, 13, 51829], \"temperature\": 0.0, \"avg_logprob\": -0.21583233773708344, \"compression_ratio\": 1.8566176891326904, \"no_speech_prob\": 0.0004373083065729588}]}"}