{"title": "Breaking down the pickup scene with Leo DiCaprio in \u201cThe Aviator\u201d", "video_id": "3wNi4N3lkMQ", "video_url": "https://www.youtube.com/watch?v=3wNi4N3lkMQ", "description": "", "published_at": "2023-05-30T22:40:43Z", "channel_id": "UC0O-ohYDF4P66HW9XJ4Us8w", "channel_title": "Robbie Kramer", "tags": [], "category_id": "24", "live_broadcast_content": "none", "duration": 31.0, "dimension": "2d", "definition": "hd", "caption": "false", "view_count": 4108, "like_count": 80, "comment_count": 1, "channel_info": {"title": "Robbie Kramer", "description": "I'm Robbie Kramer \ud83c\udf99Host of The Inner Confidence Podcast & Founder of Inner Confidence, Inc.\n\nI lived an exhilarating single life filled with adventures and lessons, and ultimately achieved what I had always aspired to \u2013 finding an amazing, feminine, and loving wife. \n\nI believe my experiences provide a rare balance of wild freedom and committed love, equipping me with the insights to help you navigate the complexities of dating and relationships in today's world. Let me guide you to embrace your desires, improve your social prowess, and ultimately attract the partner who aligns with your highest aspirations.\n\nYou won\u2019t find any fluffy, new-age, or cringy stuff here, just tested, proven and actionable advice that yields results.\n\nApply to join our exclusive Inner Confidence Community of ambitious men who are actively working together to achieve their goals faster   \u25ba https://innerconfidence.com/community\n\nYou can email me at robbie@innerconfidence.com with any questions or comments.\n", "subscriber_count": "1270", "total_views": "604693", "total_videos": "470"}, "comments": [], "file_path": "/Users/aelaguiz/workspace/fc_book/audio/raws/3wNi4N3lkMQ.mp3", "transcription": "{\"text\": \"Margaret, yeah. Margaret, exactly. What happened to Margaret? She lost her shoes. Thank God that's settled. So he interrupts, shows a lot of dominance here. And that creates a very strong first impression. You know, he's kind of saying like, yo, introduce me. Would you do me a favor and just, would you just smile for me one time? Just once. Now this is pretty clever, right? He tells her, would you just smile for me? I mean, it's kind of cringy, but it's also kind of clever. Like, you tried this at a bar, like, can you just give me a smile? Like, that could be really funny. Yeah. \", \"segments\": [{\"id\": 0, \"seek\": 0, \"start\": 0.0, \"end\": 0.8399999737739563, \"text\": \" Margaret, yeah.\", \"tokens\": [50364, 24177, 11, 1338, 13, 50406], \"temperature\": 0.0, \"avg_logprob\": -0.2907015383243561, \"compression_ratio\": 1.7232142686843872, \"no_speech_prob\": 0.08874732255935669}, {\"id\": 1, \"seek\": 0, \"start\": 0.8399999737739563, \"end\": 1.6799999475479126, \"text\": \" Margaret, exactly.\", \"tokens\": [50406, 24177, 11, 2293, 13, 50448], \"temperature\": 0.0, \"avg_logprob\": -0.2907015383243561, \"compression_ratio\": 1.7232142686843872, \"no_speech_prob\": 0.08874732255935669}, {\"id\": 2, \"seek\": 0, \"start\": 1.6799999475479126, \"end\": 2.9200000762939453, \"text\": \" What happened to Margaret?\", \"tokens\": [50448, 708, 2011, 281, 24177, 30, 50510], \"temperature\": 0.0, \"avg_logprob\": -0.2907015383243561, \"compression_ratio\": 1.7232142686843872, \"no_speech_prob\": 0.08874732255935669}, {\"id\": 3, \"seek\": 0, \"start\": 2.9200000762939453, \"end\": 3.759999990463257, \"text\": \" She lost her shoes.\", \"tokens\": [50510, 1240, 2731, 720, 6654, 13, 50552], \"temperature\": 0.0, \"avg_logprob\": -0.2907015383243561, \"compression_ratio\": 1.7232142686843872, \"no_speech_prob\": 0.08874732255935669}, {\"id\": 4, \"seek\": 0, \"start\": 3.759999990463257, \"end\": 4.920000076293945, \"text\": \" Thank God that's settled.\", \"tokens\": [50552, 1044, 1265, 300, 311, 14819, 13, 50610], \"temperature\": 0.0, \"avg_logprob\": -0.2907015383243561, \"compression_ratio\": 1.7232142686843872, \"no_speech_prob\": 0.08874732255935669}, {\"id\": 5, \"seek\": 0, \"start\": 4.920000076293945, \"end\": 7.400000095367432, \"text\": \" So he interrupts, shows a lot of dominance here.\", \"tokens\": [50610, 407, 415, 12729, 82, 11, 3110, 257, 688, 295, 34987, 510, 13, 50734], \"temperature\": 0.0, \"avg_logprob\": -0.2907015383243561, \"compression_ratio\": 1.7232142686843872, \"no_speech_prob\": 0.08874732255935669}, {\"id\": 6, \"seek\": 0, \"start\": 7.400000095367432, \"end\": 9.0, \"text\": \" And that creates a very strong first impression.\", \"tokens\": [50734, 400, 300, 7829, 257, 588, 2068, 700, 9995, 13, 50814], \"temperature\": 0.0, \"avg_logprob\": -0.2907015383243561, \"compression_ratio\": 1.7232142686843872, \"no_speech_prob\": 0.08874732255935669}, {\"id\": 7, \"seek\": 0, \"start\": 9.0, \"end\": 12.0, \"text\": \" You know, he's kind of saying like, yo, introduce me.\", \"tokens\": [50814, 509, 458, 11, 415, 311, 733, 295, 1566, 411, 11, 5290, 11, 5366, 385, 13, 50964], \"temperature\": 0.0, \"avg_logprob\": -0.2907015383243561, \"compression_ratio\": 1.7232142686843872, \"no_speech_prob\": 0.08874732255935669}, {\"id\": 8, \"seek\": 0, \"start\": 12.0, \"end\": 14.279999732971191, \"text\": \" Would you do me a favor and just,\", \"tokens\": [50964, 6068, 291, 360, 385, 257, 2294, 293, 445, 11, 51078], \"temperature\": 0.0, \"avg_logprob\": -0.2907015383243561, \"compression_ratio\": 1.7232142686843872, \"no_speech_prob\": 0.08874732255935669}, {\"id\": 9, \"seek\": 0, \"start\": 14.279999732971191, \"end\": 16.239999771118164, \"text\": \" would you just smile for me one time?\", \"tokens\": [51078, 576, 291, 445, 7563, 337, 385, 472, 565, 30, 51176], \"temperature\": 0.0, \"avg_logprob\": -0.2907015383243561, \"compression_ratio\": 1.7232142686843872, \"no_speech_prob\": 0.08874732255935669}, {\"id\": 10, \"seek\": 0, \"start\": 16.239999771118164, \"end\": 17.079999923706055, \"text\": \" Just once.\", \"tokens\": [51176, 1449, 1564, 13, 51218], \"temperature\": 0.0, \"avg_logprob\": -0.2907015383243561, \"compression_ratio\": 1.7232142686843872, \"no_speech_prob\": 0.08874732255935669}, {\"id\": 11, \"seek\": 0, \"start\": 19.440000534057617, \"end\": 20.920000076293945, \"text\": \" Now this is pretty clever, right?\", \"tokens\": [51336, 823, 341, 307, 1238, 13494, 11, 558, 30, 51410], \"temperature\": 0.0, \"avg_logprob\": -0.2907015383243561, \"compression_ratio\": 1.7232142686843872, \"no_speech_prob\": 0.08874732255935669}, {\"id\": 12, \"seek\": 0, \"start\": 20.920000076293945, \"end\": 22.639999389648438, \"text\": \" He tells her, would you just smile for me?\", \"tokens\": [51410, 634, 5112, 720, 11, 576, 291, 445, 7563, 337, 385, 30, 51496], \"temperature\": 0.0, \"avg_logprob\": -0.2907015383243561, \"compression_ratio\": 1.7232142686843872, \"no_speech_prob\": 0.08874732255935669}, {\"id\": 13, \"seek\": 0, \"start\": 22.639999389648438, \"end\": 24.719999313354492, \"text\": \" I mean, it's kind of cringy, but it's also kind of clever.\", \"tokens\": [51496, 286, 914, 11, 309, 311, 733, 295, 941, 278, 88, 11, 457, 309, 311, 611, 733, 295, 13494, 13, 51600], \"temperature\": 0.0, \"avg_logprob\": -0.2907015383243561, \"compression_ratio\": 1.7232142686843872, \"no_speech_prob\": 0.08874732255935669}, {\"id\": 14, \"seek\": 0, \"start\": 24.719999313354492, \"end\": 26.040000915527344, \"text\": \" Like, you tried this at a bar,\", \"tokens\": [51600, 1743, 11, 291, 3031, 341, 412, 257, 2159, 11, 51666], \"temperature\": 0.0, \"avg_logprob\": -0.2907015383243561, \"compression_ratio\": 1.7232142686843872, \"no_speech_prob\": 0.08874732255935669}, {\"id\": 15, \"seek\": 0, \"start\": 26.040000915527344, \"end\": 27.31999969482422, \"text\": \" like, can you just give me a smile?\", \"tokens\": [51666, 411, 11, 393, 291, 445, 976, 385, 257, 7563, 30, 51730], \"temperature\": 0.0, \"avg_logprob\": -0.2907015383243561, \"compression_ratio\": 1.7232142686843872, \"no_speech_prob\": 0.08874732255935669}, {\"id\": 16, \"seek\": 0, \"start\": 27.31999969482422, \"end\": 28.280000686645508, \"text\": \" Like, that could be really funny.\", \"tokens\": [51730, 1743, 11, 300, 727, 312, 534, 4074, 13, 51778], \"temperature\": 0.0, \"avg_logprob\": -0.2907015383243561, \"compression_ratio\": 1.7232142686843872, \"no_speech_prob\": 0.08874732255935669}, {\"id\": 17, \"seek\": 2828, \"start\": 28.280000686645508, \"end\": 29.959999084472656, \"text\": \" Yeah.\", \"tokens\": [50406, 865, 13, 50448], \"temperature\": 0.0, \"avg_logprob\": -0.726578414440155, \"compression_ratio\": 0.38461539149284363, \"no_speech_prob\": 0.8550186157226562}]}"}