{"title": "Surprising\u2026 odds she will see your message when you slide into her DMs.", "video_id": "434zskDlVeE", "video_url": "https://www.youtube.com/watch?v=434zskDlVeE", "description": "", "published_at": "2023-07-03T17:57:41Z", "channel_id": "UC0O-ohYDF4P66HW9XJ4Us8w", "channel_title": "Robbie Kramer", "tags": [], "category_id": "24", "live_broadcast_content": "none", "duration": 43.0, "dimension": "2d", "definition": "hd", "caption": "false", "view_count": 4000, "like_count": 64, "comment_count": 1, "channel_info": {"title": "Robbie Kramer", "description": "I'm Robbie Kramer \ud83c\udf99Host of The Inner Confidence Podcast & Founder of Inner Confidence, Inc.\n\nI lived an exhilarating single life filled with adventures and lessons, and ultimately achieved what I had always aspired to \u2013 finding an amazing, feminine, and loving wife. \n\nI believe my experiences provide a rare balance of wild freedom and committed love, equipping me with the insights to help you navigate the complexities of dating and relationships in today's world. Let me guide you to embrace your desires, improve your social prowess, and ultimately attract the partner who aligns with your highest aspirations.\n\nYou won\u2019t find any fluffy, new-age, or cringy stuff here, just tested, proven and actionable advice that yields results.\n\nApply to join our exclusive Inner Confidence Community of ambitious men who are actively working together to achieve their goals faster   \u25ba https://innerconfidence.com/community\n\nYou can email me at robbie@innerconfidence.com with any questions or comments.\n", "subscriber_count": "1270", "total_views": "604693", "total_videos": "470"}, "comments": [], "file_path": "/Users/aelaguiz/workspace/fc_book/audio/raws/434zskDlVeE.mp3", "transcription": "{\"text\": \"But you do look at all of your DMs. Like once a week. Do you look at all of them or not? No. I know some girls that will literally look at all of their DMs and some who won't. If you still send her a message, there's a decent chance she'll look at the DM and open it. I mean, when I was single, I would look to all of them. Now I'm married, I don't look. And it can be like so many messages, you know? When I speak with someone and the person is creepy or annoying, I would put the person to the general. We pulled up her request and she's got right now, how many? A lot. I think when girls are single and they're looking to date, more often than not, they're gonna check that folder. So yeah, if you have the opportunity to put your IG in her phone and follow yourself back, that's better. You can't always do it, right? That's why you need a lot of leads. That's why you should be meeting a lot of women all the time. When one of them doesn't work out, it's like you don't even remember. You don't even care. \", \"segments\": [{\"id\": 0, \"seek\": 0, \"start\": 0.0, \"end\": 1.7000000476837158, \"text\": \" But you do look at all of your DMs.\", \"tokens\": [50364, 583, 291, 360, 574, 412, 439, 295, 428, 15322, 82, 13, 50449], \"temperature\": 0.0, \"avg_logprob\": -0.22900664806365967, \"compression_ratio\": 1.8191488981246948, \"no_speech_prob\": 0.1019846573472023}, {\"id\": 1, \"seek\": 0, \"start\": 1.7000000476837158, \"end\": 2.5399999618530273, \"text\": \" Like once a week.\", \"tokens\": [50449, 1743, 1564, 257, 1243, 13, 50491], \"temperature\": 0.0, \"avg_logprob\": -0.22900664806365967, \"compression_ratio\": 1.8191488981246948, \"no_speech_prob\": 0.1019846573472023}, {\"id\": 2, \"seek\": 0, \"start\": 2.5399999618530273, \"end\": 3.6600000858306885, \"text\": \" Do you look at all of them or not?\", \"tokens\": [50491, 1144, 291, 574, 412, 439, 295, 552, 420, 406, 30, 50547], \"temperature\": 0.0, \"avg_logprob\": -0.22900664806365967, \"compression_ratio\": 1.8191488981246948, \"no_speech_prob\": 0.1019846573472023}, {\"id\": 3, \"seek\": 0, \"start\": 3.6600000858306885, \"end\": 4.5, \"text\": \" No.\", \"tokens\": [50547, 883, 13, 50589], \"temperature\": 0.0, \"avg_logprob\": -0.22900664806365967, \"compression_ratio\": 1.8191488981246948, \"no_speech_prob\": 0.1019846573472023}, {\"id\": 4, \"seek\": 0, \"start\": 4.5, \"end\": 5.820000171661377, \"text\": \" I know some girls that will literally look\", \"tokens\": [50589, 286, 458, 512, 4519, 300, 486, 3736, 574, 50655], \"temperature\": 0.0, \"avg_logprob\": -0.22900664806365967, \"compression_ratio\": 1.8191488981246948, \"no_speech_prob\": 0.1019846573472023}, {\"id\": 5, \"seek\": 0, \"start\": 5.820000171661377, \"end\": 7.579999923706055, \"text\": \" at all of their DMs and some who won't.\", \"tokens\": [50655, 412, 439, 295, 641, 15322, 82, 293, 512, 567, 1582, 380, 13, 50743], \"temperature\": 0.0, \"avg_logprob\": -0.22900664806365967, \"compression_ratio\": 1.8191488981246948, \"no_speech_prob\": 0.1019846573472023}, {\"id\": 6, \"seek\": 0, \"start\": 7.579999923706055, \"end\": 9.220000267028809, \"text\": \" If you still send her a message,\", \"tokens\": [50743, 759, 291, 920, 2845, 720, 257, 3636, 11, 50825], \"temperature\": 0.0, \"avg_logprob\": -0.22900664806365967, \"compression_ratio\": 1.8191488981246948, \"no_speech_prob\": 0.1019846573472023}, {\"id\": 7, \"seek\": 0, \"start\": 9.220000267028809, \"end\": 11.100000381469727, \"text\": \" there's a decent chance she'll look at the DM and open it.\", \"tokens\": [50825, 456, 311, 257, 8681, 2931, 750, 603, 574, 412, 264, 15322, 293, 1269, 309, 13, 50919], \"temperature\": 0.0, \"avg_logprob\": -0.22900664806365967, \"compression_ratio\": 1.8191488981246948, \"no_speech_prob\": 0.1019846573472023}, {\"id\": 8, \"seek\": 0, \"start\": 11.100000381469727, \"end\": 13.260000228881836, \"text\": \" I mean, when I was single, I would look to all of them.\", \"tokens\": [50919, 286, 914, 11, 562, 286, 390, 2167, 11, 286, 576, 574, 281, 439, 295, 552, 13, 51027], \"temperature\": 0.0, \"avg_logprob\": -0.22900664806365967, \"compression_ratio\": 1.8191488981246948, \"no_speech_prob\": 0.1019846573472023}, {\"id\": 9, \"seek\": 0, \"start\": 13.260000228881836, \"end\": 14.420000076293945, \"text\": \" Now I'm married, I don't look.\", \"tokens\": [51027, 823, 286, 478, 5259, 11, 286, 500, 380, 574, 13, 51085], \"temperature\": 0.0, \"avg_logprob\": -0.22900664806365967, \"compression_ratio\": 1.8191488981246948, \"no_speech_prob\": 0.1019846573472023}, {\"id\": 10, \"seek\": 0, \"start\": 14.420000076293945, \"end\": 16.34000015258789, \"text\": \" And it can be like so many messages, you know?\", \"tokens\": [51085, 400, 309, 393, 312, 411, 370, 867, 7897, 11, 291, 458, 30, 51181], \"temperature\": 0.0, \"avg_logprob\": -0.22900664806365967, \"compression_ratio\": 1.8191488981246948, \"no_speech_prob\": 0.1019846573472023}, {\"id\": 11, \"seek\": 0, \"start\": 16.34000015258789, \"end\": 18.739999771118164, \"text\": \" When I speak with someone and the person is creepy\", \"tokens\": [51181, 1133, 286, 1710, 365, 1580, 293, 264, 954, 307, 14717, 51301], \"temperature\": 0.0, \"avg_logprob\": -0.22900664806365967, \"compression_ratio\": 1.8191488981246948, \"no_speech_prob\": 0.1019846573472023}, {\"id\": 12, \"seek\": 0, \"start\": 18.739999771118164, \"end\": 20.780000686645508, \"text\": \" or annoying, I would put the person to the general.\", \"tokens\": [51301, 420, 11304, 11, 286, 576, 829, 264, 954, 281, 264, 2674, 13, 51403], \"temperature\": 0.0, \"avg_logprob\": -0.22900664806365967, \"compression_ratio\": 1.8191488981246948, \"no_speech_prob\": 0.1019846573472023}, {\"id\": 13, \"seek\": 0, \"start\": 20.780000686645508, \"end\": 23.020000457763672, \"text\": \" We pulled up her request and she's got right now,\", \"tokens\": [51403, 492, 7373, 493, 720, 5308, 293, 750, 311, 658, 558, 586, 11, 51515], \"temperature\": 0.0, \"avg_logprob\": -0.22900664806365967, \"compression_ratio\": 1.8191488981246948, \"no_speech_prob\": 0.1019846573472023}, {\"id\": 14, \"seek\": 0, \"start\": 23.020000457763672, \"end\": 23.860000610351562, \"text\": \" how many?\", \"tokens\": [51515, 577, 867, 30, 51557], \"temperature\": 0.0, \"avg_logprob\": -0.22900664806365967, \"compression_ratio\": 1.8191488981246948, \"no_speech_prob\": 0.1019846573472023}, {\"id\": 15, \"seek\": 0, \"start\": 23.860000610351562, \"end\": 24.68000030517578, \"text\": \" A lot.\", \"tokens\": [51557, 316, 688, 13, 51598], \"temperature\": 0.0, \"avg_logprob\": -0.22900664806365967, \"compression_ratio\": 1.8191488981246948, \"no_speech_prob\": 0.1019846573472023}, {\"id\": 16, \"seek\": 0, \"start\": 24.68000030517578, \"end\": 26.760000228881836, \"text\": \" I think when girls are single and they're looking to date,\", \"tokens\": [51598, 286, 519, 562, 4519, 366, 2167, 293, 436, 434, 1237, 281, 4002, 11, 51702], \"temperature\": 0.0, \"avg_logprob\": -0.22900664806365967, \"compression_ratio\": 1.8191488981246948, \"no_speech_prob\": 0.1019846573472023}, {\"id\": 17, \"seek\": 0, \"start\": 26.760000228881836, \"end\": 29.559999465942383, \"text\": \" more often than not, they're gonna check that folder.\", \"tokens\": [51702, 544, 2049, 813, 406, 11, 436, 434, 799, 1520, 300, 10820, 13, 51842], \"temperature\": 0.0, \"avg_logprob\": -0.22900664806365967, \"compression_ratio\": 1.8191488981246948, \"no_speech_prob\": 0.1019846573472023}, {\"id\": 18, \"seek\": 2956, \"start\": 29.579999923706055, \"end\": 32.29999923706055, \"text\": \" So yeah, if you have the opportunity to put your IG\", \"tokens\": [50365, 407, 1338, 11, 498, 291, 362, 264, 2650, 281, 829, 428, 26367, 50501], \"temperature\": 0.0, \"avg_logprob\": -0.24293002486228943, \"compression_ratio\": 1.5700483322143555, \"no_speech_prob\": 0.07157723605632782}, {\"id\": 19, \"seek\": 2956, \"start\": 32.29999923706055, \"end\": 34.540000915527344, \"text\": \" in her phone and follow yourself back, that's better.\", \"tokens\": [50501, 294, 720, 2593, 293, 1524, 1803, 646, 11, 300, 311, 1101, 13, 50613], \"temperature\": 0.0, \"avg_logprob\": -0.24293002486228943, \"compression_ratio\": 1.5700483322143555, \"no_speech_prob\": 0.07157723605632782}, {\"id\": 20, \"seek\": 2956, \"start\": 34.540000915527344, \"end\": 35.97999954223633, \"text\": \" You can't always do it, right?\", \"tokens\": [50613, 509, 393, 380, 1009, 360, 309, 11, 558, 30, 50685], \"temperature\": 0.0, \"avg_logprob\": -0.24293002486228943, \"compression_ratio\": 1.5700483322143555, \"no_speech_prob\": 0.07157723605632782}, {\"id\": 21, \"seek\": 2956, \"start\": 35.97999954223633, \"end\": 37.41999816894531, \"text\": \" That's why you need a lot of leads.\", \"tokens\": [50685, 663, 311, 983, 291, 643, 257, 688, 295, 6689, 13, 50757], \"temperature\": 0.0, \"avg_logprob\": -0.24293002486228943, \"compression_ratio\": 1.5700483322143555, \"no_speech_prob\": 0.07157723605632782}, {\"id\": 22, \"seek\": 2956, \"start\": 37.41999816894531, \"end\": 38.7400016784668, \"text\": \" That's why you should be meeting a lot of women\", \"tokens\": [50757, 663, 311, 983, 291, 820, 312, 3440, 257, 688, 295, 2266, 50823], \"temperature\": 0.0, \"avg_logprob\": -0.24293002486228943, \"compression_ratio\": 1.5700483322143555, \"no_speech_prob\": 0.07157723605632782}, {\"id\": 23, \"seek\": 2956, \"start\": 38.7400016784668, \"end\": 39.58000183105469, \"text\": \" all the time.\", \"tokens\": [50823, 439, 264, 565, 13, 50865], \"temperature\": 0.0, \"avg_logprob\": -0.24293002486228943, \"compression_ratio\": 1.5700483322143555, \"no_speech_prob\": 0.07157723605632782}, {\"id\": 24, \"seek\": 2956, \"start\": 39.58000183105469, \"end\": 40.7400016784668, \"text\": \" When one of them doesn't work out,\", \"tokens\": [50865, 1133, 472, 295, 552, 1177, 380, 589, 484, 11, 50923], \"temperature\": 0.0, \"avg_logprob\": -0.24293002486228943, \"compression_ratio\": 1.5700483322143555, \"no_speech_prob\": 0.07157723605632782}, {\"id\": 25, \"seek\": 2956, \"start\": 40.7400016784668, \"end\": 41.65999984741211, \"text\": \" it's like you don't even remember.\", \"tokens\": [50923, 309, 311, 411, 291, 500, 380, 754, 1604, 13, 50969], \"temperature\": 0.0, \"avg_logprob\": -0.24293002486228943, \"compression_ratio\": 1.5700483322143555, \"no_speech_prob\": 0.07157723605632782}, {\"id\": 26, \"seek\": 2956, \"start\": 41.65999984741211, \"end\": 42.5, \"text\": \" You don't even care.\", \"tokens\": [50969, 509, 500, 380, 754, 1127, 13, 51011], \"temperature\": 0.0, \"avg_logprob\": -0.24293002486228943, \"compression_ratio\": 1.5700483322143555, \"no_speech_prob\": 0.07157723605632782}]}"}