{"title": "Why she laughed when you asked her to prom\u2026", "video_id": "4hZCg7kMW0A", "video_url": "https://www.youtube.com/watch?v=4hZCg7kMW0A", "description": "", "published_at": "2023-04-27T17:14:40Z", "channel_id": "UC0O-ohYDF4P66HW9XJ4Us8w", "channel_title": "Robbie Kramer", "tags": [], "category_id": "26", "live_broadcast_content": "none", "duration": 40.0, "dimension": "2d", "definition": "hd", "caption": "false", "view_count": 3257, "like_count": 80, "comment_count": 1, "channel_info": {"title": "Robbie Kramer", "description": "I'm Robbie Kramer \ud83c\udf99Host of The Inner Confidence Podcast & Founder of Inner Confidence, Inc.\n\nI lived an exhilarating single life filled with adventures and lessons, and ultimately achieved what I had always aspired to \u2013 finding an amazing, feminine, and loving wife. \n\nI believe my experiences provide a rare balance of wild freedom and committed love, equipping me with the insights to help you navigate the complexities of dating and relationships in today's world. Let me guide you to embrace your desires, improve your social prowess, and ultimately attract the partner who aligns with your highest aspirations.\n\nYou won\u2019t find any fluffy, new-age, or cringy stuff here, just tested, proven and actionable advice that yields results.\n\nApply to join our exclusive Inner Confidence Community of ambitious men who are actively working together to achieve their goals faster   \u25ba https://innerconfidence.com/community\n\nYou can email me at robbie@innerconfidence.com with any questions or comments.\n", "subscriber_count": "1270", "total_views": "604693", "total_videos": "470"}, "comments": [], "file_path": "/Users/aelaguiz/workspace/fc_book/audio/raws/4hZCg7kMW0A.mp3", "transcription": "{\"text\": \"People are triggered to laugh when certain social cues are given. Like remember on the playground during recess to go up to the cutest girl in seventh grade and ask her to the dance. And she's got her two BFF standing next to her. And you say, excuse me, would you maybe kind of perhaps go to the dance with me? And they all look at each other and do what? Cover their mouth and die laughing. And you're thinking, oh God. They look at each other and went, what did we do? Where'd he go? Why did he walk away? I don't know. See, they're not laughing at you. They think this is fantastically fun and that you actually are asking their friend out. And they just erupt in laughter. Similarly, grown ass women. Let me make this stone cold easy for you guys. If you make a woman feel safe and she's having fun, you're already gonna make her. \", \"segments\": [{\"id\": 0, \"seek\": 0, \"start\": 0.0, \"end\": 2.2799999713897705, \"text\": \" People are triggered to laugh\", \"tokens\": [50364, 3432, 366, 21710, 281, 5801, 50478], \"temperature\": 0.0, \"avg_logprob\": -0.22836393117904663, \"compression_ratio\": 1.708933711051941, \"no_speech_prob\": 0.0109792435541749}, {\"id\": 1, \"seek\": 0, \"start\": 2.2799999713897705, \"end\": 4.760000228881836, \"text\": \" when certain social cues are given.\", \"tokens\": [50478, 562, 1629, 2093, 32192, 366, 2212, 13, 50602], \"temperature\": 0.0, \"avg_logprob\": -0.22836393117904663, \"compression_ratio\": 1.708933711051941, \"no_speech_prob\": 0.0109792435541749}, {\"id\": 2, \"seek\": 0, \"start\": 4.760000228881836, \"end\": 6.71999979019165, \"text\": \" Like remember on the playground during recess\", \"tokens\": [50602, 1743, 1604, 322, 264, 24646, 1830, 16417, 50700], \"temperature\": 0.0, \"avg_logprob\": -0.22836393117904663, \"compression_ratio\": 1.708933711051941, \"no_speech_prob\": 0.0109792435541749}, {\"id\": 3, \"seek\": 0, \"start\": 6.71999979019165, \"end\": 8.279999732971191, \"text\": \" to go up to the cutest girl in seventh grade\", \"tokens\": [50700, 281, 352, 493, 281, 264, 46582, 2013, 294, 17875, 7204, 50778], \"temperature\": 0.0, \"avg_logprob\": -0.22836393117904663, \"compression_ratio\": 1.708933711051941, \"no_speech_prob\": 0.0109792435541749}, {\"id\": 4, \"seek\": 0, \"start\": 8.279999732971191, \"end\": 9.239999771118164, \"text\": \" and ask her to the dance.\", \"tokens\": [50778, 293, 1029, 720, 281, 264, 4489, 13, 50826], \"temperature\": 0.0, \"avg_logprob\": -0.22836393117904663, \"compression_ratio\": 1.708933711051941, \"no_speech_prob\": 0.0109792435541749}, {\"id\": 5, \"seek\": 0, \"start\": 9.239999771118164, \"end\": 11.199999809265137, \"text\": \" And she's got her two BFF standing next to her.\", \"tokens\": [50826, 400, 750, 311, 658, 720, 732, 363, 6345, 4877, 958, 281, 720, 13, 50924], \"temperature\": 0.0, \"avg_logprob\": -0.22836393117904663, \"compression_ratio\": 1.708933711051941, \"no_speech_prob\": 0.0109792435541749}, {\"id\": 6, \"seek\": 0, \"start\": 11.199999809265137, \"end\": 13.0, \"text\": \" And you say, excuse me,\", \"tokens\": [50924, 400, 291, 584, 11, 8960, 385, 11, 51014], \"temperature\": 0.0, \"avg_logprob\": -0.22836393117904663, \"compression_ratio\": 1.708933711051941, \"no_speech_prob\": 0.0109792435541749}, {\"id\": 7, \"seek\": 0, \"start\": 13.0, \"end\": 16.31999969482422, \"text\": \" would you maybe kind of perhaps go to the dance with me?\", \"tokens\": [51014, 576, 291, 1310, 733, 295, 4317, 352, 281, 264, 4489, 365, 385, 30, 51180], \"temperature\": 0.0, \"avg_logprob\": -0.22836393117904663, \"compression_ratio\": 1.708933711051941, \"no_speech_prob\": 0.0109792435541749}, {\"id\": 8, \"seek\": 0, \"start\": 16.31999969482422, \"end\": 17.719999313354492, \"text\": \" And they all look at each other and do what?\", \"tokens\": [51180, 400, 436, 439, 574, 412, 1184, 661, 293, 360, 437, 30, 51250], \"temperature\": 0.0, \"avg_logprob\": -0.22836393117904663, \"compression_ratio\": 1.708933711051941, \"no_speech_prob\": 0.0109792435541749}, {\"id\": 9, \"seek\": 0, \"start\": 17.719999313354492, \"end\": 19.600000381469727, \"text\": \" Cover their mouth and die laughing.\", \"tokens\": [51250, 19106, 641, 4525, 293, 978, 5059, 13, 51344], \"temperature\": 0.0, \"avg_logprob\": -0.22836393117904663, \"compression_ratio\": 1.708933711051941, \"no_speech_prob\": 0.0109792435541749}, {\"id\": 10, \"seek\": 0, \"start\": 19.600000381469727, \"end\": 21.520000457763672, \"text\": \" And you're thinking, oh God.\", \"tokens\": [51344, 400, 291, 434, 1953, 11, 1954, 1265, 13, 51440], \"temperature\": 0.0, \"avg_logprob\": -0.22836393117904663, \"compression_ratio\": 1.708933711051941, \"no_speech_prob\": 0.0109792435541749}, {\"id\": 11, \"seek\": 0, \"start\": 21.520000457763672, \"end\": 23.040000915527344, \"text\": \" They look at each other and went, what did we do?\", \"tokens\": [51440, 814, 574, 412, 1184, 661, 293, 1437, 11, 437, 630, 321, 360, 30, 51516], \"temperature\": 0.0, \"avg_logprob\": -0.22836393117904663, \"compression_ratio\": 1.708933711051941, \"no_speech_prob\": 0.0109792435541749}, {\"id\": 12, \"seek\": 0, \"start\": 23.040000915527344, \"end\": 23.8799991607666, \"text\": \" Where'd he go?\", \"tokens\": [51516, 2305, 1116, 415, 352, 30, 51558], \"temperature\": 0.0, \"avg_logprob\": -0.22836393117904663, \"compression_ratio\": 1.708933711051941, \"no_speech_prob\": 0.0109792435541749}, {\"id\": 13, \"seek\": 0, \"start\": 23.8799991607666, \"end\": 24.700000762939453, \"text\": \" Why did he walk away?\", \"tokens\": [51558, 1545, 630, 415, 1792, 1314, 30, 51599], \"temperature\": 0.0, \"avg_logprob\": -0.22836393117904663, \"compression_ratio\": 1.708933711051941, \"no_speech_prob\": 0.0109792435541749}, {\"id\": 14, \"seek\": 0, \"start\": 24.700000762939453, \"end\": 25.540000915527344, \"text\": \" I don't know.\", \"tokens\": [51599, 286, 500, 380, 458, 13, 51641], \"temperature\": 0.0, \"avg_logprob\": -0.22836393117904663, \"compression_ratio\": 1.708933711051941, \"no_speech_prob\": 0.0109792435541749}, {\"id\": 15, \"seek\": 0, \"start\": 25.540000915527344, \"end\": 26.600000381469727, \"text\": \" See, they're not laughing at you.\", \"tokens\": [51641, 3008, 11, 436, 434, 406, 5059, 412, 291, 13, 51694], \"temperature\": 0.0, \"avg_logprob\": -0.22836393117904663, \"compression_ratio\": 1.708933711051941, \"no_speech_prob\": 0.0109792435541749}, {\"id\": 16, \"seek\": 0, \"start\": 26.600000381469727, \"end\": 28.68000030517578, \"text\": \" They think this is fantastically fun\", \"tokens\": [51694, 814, 519, 341, 307, 4115, 22808, 1019, 51798], \"temperature\": 0.0, \"avg_logprob\": -0.22836393117904663, \"compression_ratio\": 1.708933711051941, \"no_speech_prob\": 0.0109792435541749}, {\"id\": 17, \"seek\": 2868, \"start\": 28.68000030517578, \"end\": 30.31999969482422, \"text\": \" and that you actually are asking their friend out.\", \"tokens\": [50364, 293, 300, 291, 767, 366, 3365, 641, 1277, 484, 13, 50446], \"temperature\": 0.0, \"avg_logprob\": -0.27605292201042175, \"compression_ratio\": 1.4260355234146118, \"no_speech_prob\": 0.8772501349449158}, {\"id\": 18, \"seek\": 2868, \"start\": 30.31999969482422, \"end\": 31.719999313354492, \"text\": \" And they just erupt in laughter.\", \"tokens\": [50446, 400, 436, 445, 20999, 662, 294, 13092, 13, 50516], \"temperature\": 0.0, \"avg_logprob\": -0.27605292201042175, \"compression_ratio\": 1.4260355234146118, \"no_speech_prob\": 0.8772501349449158}, {\"id\": 19, \"seek\": 2868, \"start\": 31.719999313354492, \"end\": 33.13999938964844, \"text\": \" Similarly, grown ass women.\", \"tokens\": [50516, 13157, 11, 7709, 1256, 2266, 13, 50587], \"temperature\": 0.0, \"avg_logprob\": -0.27605292201042175, \"compression_ratio\": 1.4260355234146118, \"no_speech_prob\": 0.8772501349449158}, {\"id\": 20, \"seek\": 2868, \"start\": 33.13999938964844, \"end\": 35.84000015258789, \"text\": \" Let me make this stone cold easy for you guys.\", \"tokens\": [50587, 961, 385, 652, 341, 7581, 3554, 1858, 337, 291, 1074, 13, 50722], \"temperature\": 0.0, \"avg_logprob\": -0.27605292201042175, \"compression_ratio\": 1.4260355234146118, \"no_speech_prob\": 0.8772501349449158}, {\"id\": 21, \"seek\": 2868, \"start\": 35.84000015258789, \"end\": 38.20000076293945, \"text\": \" If you make a woman feel safe and she's having fun,\", \"tokens\": [50722, 759, 291, 652, 257, 3059, 841, 3273, 293, 750, 311, 1419, 1019, 11, 50840], \"temperature\": 0.0, \"avg_logprob\": -0.27605292201042175, \"compression_ratio\": 1.4260355234146118, \"no_speech_prob\": 0.8772501349449158}, {\"id\": 22, \"seek\": 2868, \"start\": 38.20000076293945, \"end\": 39.7599983215332, \"text\": \" you're already gonna make her.\", \"tokens\": [50840, 291, 434, 1217, 799, 652, 720, 13, 50918], \"temperature\": 0.0, \"avg_logprob\": -0.27605292201042175, \"compression_ratio\": 1.4260355234146118, \"no_speech_prob\": 0.8772501349449158}]}"}