{"title": "Make her addicted to you with this dating hack", "video_id": "4MKJuMlTCrU", "video_url": "https://www.youtube.com/watch?v=4MKJuMlTCrU", "description": "", "published_at": "2023-04-29T22:37:58Z", "channel_id": "UC0O-ohYDF4P66HW9XJ4Us8w", "channel_title": "Robbie Kramer", "tags": [], "category_id": "26", "live_broadcast_content": "none", "duration": 29.0, "dimension": "2d", "definition": "hd", "caption": "false", "view_count": 1604, "like_count": 42, "comment_count": 2, "channel_info": {"title": "Robbie Kramer", "description": "I'm Robbie Kramer \ud83c\udf99Host of The Inner Confidence Podcast & Founder of Inner Confidence, Inc.\n\nI lived an exhilarating single life filled with adventures and lessons, and ultimately achieved what I had always aspired to \u2013 finding an amazing, feminine, and loving wife. \n\nI believe my experiences provide a rare balance of wild freedom and committed love, equipping me with the insights to help you navigate the complexities of dating and relationships in today's world. Let me guide you to embrace your desires, improve your social prowess, and ultimately attract the partner who aligns with your highest aspirations.\n\nYou won\u2019t find any fluffy, new-age, or cringy stuff here, just tested, proven and actionable advice that yields results.\n\nApply to join our exclusive Inner Confidence Community of ambitious men who are actively working together to achieve their goals faster   \u25ba https://innerconfidence.com/community\n\nYou can email me at robbie@innerconfidence.com with any questions or comments.\n", "subscriber_count": "1270", "total_views": "604693", "total_videos": "470"}, "comments": [], "file_path": "/Users/aelaguiz/workspace/fc_book/audio/raws/4MKJuMlTCrU.mp3", "transcription": "{\"text\": \"How do you get women addicted to you? Wheel in the biscuit and get her back to their apartment. No, I'm brave. You leave her wanting more. Three hours later, go, all right, I'm taking you home. We're just getting started and I like you and I'm having so much fun. These women will say things like, I have never been on a date like that ever. And they're hot. They haven't. They've been out with a bunch of guys who are trying to get laid and pushy and creepy and don't even like women. You made the plan. You're sticking to your plan. You're in the driver's seat. You call the shots, but the shots are in her best interest. You don't pressure for the sex. And then you take her home and she's addicted to you. That's it. \", \"segments\": [{\"id\": 0, \"seek\": 0, \"start\": 0.0, \"end\": 1.0399999618530273, \"text\": \" How do you get women addicted to you?\", \"tokens\": [50364, 1012, 360, 291, 483, 2266, 24629, 281, 291, 30, 50416], \"temperature\": 0.0, \"avg_logprob\": -0.2445383220911026, \"compression_ratio\": 1.8556700944900513, \"no_speech_prob\": 0.007688071113079786}, {\"id\": 1, \"seek\": 0, \"start\": 1.0399999618530273, \"end\": 3.319999933242798, \"text\": \" Wheel in the biscuit and get her back to their apartment.\", \"tokens\": [50416, 343, 675, 338, 294, 264, 39327, 293, 483, 720, 646, 281, 641, 9587, 13, 50530], \"temperature\": 0.0, \"avg_logprob\": -0.2445383220911026, \"compression_ratio\": 1.8556700944900513, \"no_speech_prob\": 0.007688071113079786}, {\"id\": 2, \"seek\": 0, \"start\": 3.319999933242798, \"end\": 4.159999847412109, \"text\": \" No, I'm brave.\", \"tokens\": [50530, 883, 11, 286, 478, 12653, 13, 50572], \"temperature\": 0.0, \"avg_logprob\": -0.2445383220911026, \"compression_ratio\": 1.8556700944900513, \"no_speech_prob\": 0.007688071113079786}, {\"id\": 3, \"seek\": 0, \"start\": 4.159999847412109, \"end\": 4.980000019073486, \"text\": \" You leave her wanting more.\", \"tokens\": [50572, 509, 1856, 720, 7935, 544, 13, 50613], \"temperature\": 0.0, \"avg_logprob\": -0.2445383220911026, \"compression_ratio\": 1.8556700944900513, \"no_speech_prob\": 0.007688071113079786}, {\"id\": 4, \"seek\": 0, \"start\": 4.980000019073486, \"end\": 6.28000020980835, \"text\": \" Three hours later, go, all right, I'm taking you home.\", \"tokens\": [50613, 6244, 2496, 1780, 11, 352, 11, 439, 558, 11, 286, 478, 1940, 291, 1280, 13, 50678], \"temperature\": 0.0, \"avg_logprob\": -0.2445383220911026, \"compression_ratio\": 1.8556700944900513, \"no_speech_prob\": 0.007688071113079786}, {\"id\": 5, \"seek\": 0, \"start\": 6.28000020980835, \"end\": 7.920000076293945, \"text\": \" We're just getting started and I like you\", \"tokens\": [50678, 492, 434, 445, 1242, 1409, 293, 286, 411, 291, 50760], \"temperature\": 0.0, \"avg_logprob\": -0.2445383220911026, \"compression_ratio\": 1.8556700944900513, \"no_speech_prob\": 0.007688071113079786}, {\"id\": 6, \"seek\": 0, \"start\": 7.920000076293945, \"end\": 8.800000190734863, \"text\": \" and I'm having so much fun.\", \"tokens\": [50760, 293, 286, 478, 1419, 370, 709, 1019, 13, 50804], \"temperature\": 0.0, \"avg_logprob\": -0.2445383220911026, \"compression_ratio\": 1.8556700944900513, \"no_speech_prob\": 0.007688071113079786}, {\"id\": 7, \"seek\": 0, \"start\": 8.800000190734863, \"end\": 10.199999809265137, \"text\": \" These women will say things like,\", \"tokens\": [50804, 1981, 2266, 486, 584, 721, 411, 11, 50874], \"temperature\": 0.0, \"avg_logprob\": -0.2445383220911026, \"compression_ratio\": 1.8556700944900513, \"no_speech_prob\": 0.007688071113079786}, {\"id\": 8, \"seek\": 0, \"start\": 10.199999809265137, \"end\": 12.760000228881836, \"text\": \" I have never been on a date like that ever.\", \"tokens\": [50874, 286, 362, 1128, 668, 322, 257, 4002, 411, 300, 1562, 13, 51002], \"temperature\": 0.0, \"avg_logprob\": -0.2445383220911026, \"compression_ratio\": 1.8556700944900513, \"no_speech_prob\": 0.007688071113079786}, {\"id\": 9, \"seek\": 0, \"start\": 12.760000228881836, \"end\": 13.600000381469727, \"text\": \" And they're hot.\", \"tokens\": [51002, 400, 436, 434, 2368, 13, 51044], \"temperature\": 0.0, \"avg_logprob\": -0.2445383220911026, \"compression_ratio\": 1.8556700944900513, \"no_speech_prob\": 0.007688071113079786}, {\"id\": 10, \"seek\": 0, \"start\": 13.600000381469727, \"end\": 14.420000076293945, \"text\": \" They haven't.\", \"tokens\": [51044, 814, 2378, 380, 13, 51085], \"temperature\": 0.0, \"avg_logprob\": -0.2445383220911026, \"compression_ratio\": 1.8556700944900513, \"no_speech_prob\": 0.007688071113079786}, {\"id\": 11, \"seek\": 0, \"start\": 14.420000076293945, \"end\": 15.260000228881836, \"text\": \" They've been out with a bunch of guys\", \"tokens\": [51085, 814, 600, 668, 484, 365, 257, 3840, 295, 1074, 51127], \"temperature\": 0.0, \"avg_logprob\": -0.2445383220911026, \"compression_ratio\": 1.8556700944900513, \"no_speech_prob\": 0.007688071113079786}, {\"id\": 12, \"seek\": 0, \"start\": 15.260000228881836, \"end\": 16.959999084472656, \"text\": \" who are trying to get laid and pushy and creepy\", \"tokens\": [51127, 567, 366, 1382, 281, 483, 9897, 293, 2944, 88, 293, 14717, 51212], \"temperature\": 0.0, \"avg_logprob\": -0.2445383220911026, \"compression_ratio\": 1.8556700944900513, \"no_speech_prob\": 0.007688071113079786}, {\"id\": 13, \"seek\": 0, \"start\": 16.959999084472656, \"end\": 17.8799991607666, \"text\": \" and don't even like women.\", \"tokens\": [51212, 293, 500, 380, 754, 411, 2266, 13, 51258], \"temperature\": 0.0, \"avg_logprob\": -0.2445383220911026, \"compression_ratio\": 1.8556700944900513, \"no_speech_prob\": 0.007688071113079786}, {\"id\": 14, \"seek\": 0, \"start\": 17.8799991607666, \"end\": 19.399999618530273, \"text\": \" You made the plan.\", \"tokens\": [51258, 509, 1027, 264, 1393, 13, 51334], \"temperature\": 0.0, \"avg_logprob\": -0.2445383220911026, \"compression_ratio\": 1.8556700944900513, \"no_speech_prob\": 0.007688071113079786}, {\"id\": 15, \"seek\": 0, \"start\": 19.399999618530273, \"end\": 20.780000686645508, \"text\": \" You're sticking to your plan.\", \"tokens\": [51334, 509, 434, 13465, 281, 428, 1393, 13, 51403], \"temperature\": 0.0, \"avg_logprob\": -0.2445383220911026, \"compression_ratio\": 1.8556700944900513, \"no_speech_prob\": 0.007688071113079786}, {\"id\": 16, \"seek\": 0, \"start\": 20.780000686645508, \"end\": 21.68000030517578, \"text\": \" You're in the driver's seat.\", \"tokens\": [51403, 509, 434, 294, 264, 6787, 311, 6121, 13, 51448], \"temperature\": 0.0, \"avg_logprob\": -0.2445383220911026, \"compression_ratio\": 1.8556700944900513, \"no_speech_prob\": 0.007688071113079786}, {\"id\": 17, \"seek\": 0, \"start\": 21.68000030517578, \"end\": 22.600000381469727, \"text\": \" You call the shots,\", \"tokens\": [51448, 509, 818, 264, 8305, 11, 51494], \"temperature\": 0.0, \"avg_logprob\": -0.2445383220911026, \"compression_ratio\": 1.8556700944900513, \"no_speech_prob\": 0.007688071113079786}, {\"id\": 18, \"seek\": 0, \"start\": 22.600000381469727, \"end\": 24.079999923706055, \"text\": \" but the shots are in her best interest.\", \"tokens\": [51494, 457, 264, 8305, 366, 294, 720, 1151, 1179, 13, 51568], \"temperature\": 0.0, \"avg_logprob\": -0.2445383220911026, \"compression_ratio\": 1.8556700944900513, \"no_speech_prob\": 0.007688071113079786}, {\"id\": 19, \"seek\": 0, \"start\": 24.079999923706055, \"end\": 25.260000228881836, \"text\": \" You don't pressure for the sex.\", \"tokens\": [51568, 509, 500, 380, 3321, 337, 264, 3260, 13, 51627], \"temperature\": 0.0, \"avg_logprob\": -0.2445383220911026, \"compression_ratio\": 1.8556700944900513, \"no_speech_prob\": 0.007688071113079786}, {\"id\": 20, \"seek\": 0, \"start\": 25.260000228881836, \"end\": 27.280000686645508, \"text\": \" And then you take her home and she's addicted to you.\", \"tokens\": [51627, 400, 550, 291, 747, 720, 1280, 293, 750, 311, 24629, 281, 291, 13, 51728], \"temperature\": 0.0, \"avg_logprob\": -0.2445383220911026, \"compression_ratio\": 1.8556700944900513, \"no_speech_prob\": 0.007688071113079786}, {\"id\": 21, \"seek\": 0, \"start\": 27.280000686645508, \"end\": 28.1200008392334, \"text\": \" That's it.\", \"tokens\": [51728, 663, 311, 309, 13, 51770], \"temperature\": 0.0, \"avg_logprob\": -0.2445383220911026, \"compression_ratio\": 1.8556700944900513, \"no_speech_prob\": 0.007688071113079786}]}"}