{"title": "Why dating apps suck as summer gets near and what to do instead to get dates\u2026", "video_id": "4NyeaTRRXxQ", "video_url": "https://www.youtube.com/watch?v=4NyeaTRRXxQ", "description": "", "published_at": "2023-05-17T02:52:29Z", "channel_id": "UC0O-ohYDF4P66HW9XJ4Us8w", "channel_title": "Robbie Kramer", "tags": [], "category_id": "24", "live_broadcast_content": "none", "duration": 25.0, "dimension": "2d", "definition": "hd", "caption": "false", "view_count": 1257, "like_count": 21, "comment_count": 0, "channel_info": {"title": "Robbie Kramer", "description": "I'm Robbie Kramer \ud83c\udf99Host of The Inner Confidence Podcast & Founder of Inner Confidence, Inc.\n\nI lived an exhilarating single life filled with adventures and lessons, and ultimately achieved what I had always aspired to \u2013 finding an amazing, feminine, and loving wife. \n\nI believe my experiences provide a rare balance of wild freedom and committed love, equipping me with the insights to help you navigate the complexities of dating and relationships in today's world. Let me guide you to embrace your desires, improve your social prowess, and ultimately attract the partner who aligns with your highest aspirations.\n\nYou won\u2019t find any fluffy, new-age, or cringy stuff here, just tested, proven and actionable advice that yields results.\n\nApply to join our exclusive Inner Confidence Community of ambitious men who are actively working together to achieve their goals faster   \u25ba https://innerconfidence.com/community\n\nYou can email me at robbie@innerconfidence.com with any questions or comments.\n", "subscriber_count": "1270", "total_views": "604693", "total_videos": "470"}, "comments": [], "file_path": "/Users/aelaguiz/workspace/fc_book/audio/raws/4NyeaTRRXxQ.mp3", "transcription": "{\"text\": \"Summer is coming. I think a lot of guys have noticed that dating apps are becoming less popular. Like in the winter, there's a lot more girls on the dating apps. It's a lot easier to go on dates. Like the only thing to do in New York City during the winter is like go on dates. But in the summer, people start hanging out with their friends. They go to pool parties. It's like it becomes very social. So day game becomes a much better strategy when people are actually out walking around. If you're just trying to take the funk and do the online thing, you've drastically seen a lowering of leases. \", \"segments\": [{\"id\": 0, \"seek\": 0, \"start\": 0.0, \"end\": 4.71999979019165, \"text\": \" Summer is coming. I think a lot of guys have noticed that dating apps are becoming less\", \"tokens\": [50364, 16161, 307, 1348, 13, 286, 519, 257, 688, 295, 1074, 362, 5694, 300, 10689, 7733, 366, 5617, 1570, 50600], \"temperature\": 0.0, \"avg_logprob\": -0.24782724678516388, \"compression_ratio\": 1.7957957983016968, \"no_speech_prob\": 0.01726655289530754}, {\"id\": 1, \"seek\": 0, \"start\": 4.71999979019165, \"end\": 8.479999542236328, \"text\": \" popular. Like in the winter, there's a lot more girls on the dating apps. It's a lot easier to\", \"tokens\": [50600, 3743, 13, 1743, 294, 264, 6355, 11, 456, 311, 257, 688, 544, 4519, 322, 264, 10689, 7733, 13, 467, 311, 257, 688, 3571, 281, 50788], \"temperature\": 0.0, \"avg_logprob\": -0.24782724678516388, \"compression_ratio\": 1.7957957983016968, \"no_speech_prob\": 0.01726655289530754}, {\"id\": 2, \"seek\": 0, \"start\": 8.479999542236328, \"end\": 11.359999656677246, \"text\": \" go on dates. Like the only thing to do in New York City during the winter is like go on dates.\", \"tokens\": [50788, 352, 322, 11691, 13, 1743, 264, 787, 551, 281, 360, 294, 1873, 3609, 4392, 1830, 264, 6355, 307, 411, 352, 322, 11691, 13, 50932], \"temperature\": 0.0, \"avg_logprob\": -0.24782724678516388, \"compression_ratio\": 1.7957957983016968, \"no_speech_prob\": 0.01726655289530754}, {\"id\": 3, \"seek\": 0, \"start\": 11.359999656677246, \"end\": 14.5600004196167, \"text\": \" But in the summer, people start hanging out with their friends. They go to pool parties. It's like\", \"tokens\": [50932, 583, 294, 264, 4266, 11, 561, 722, 8345, 484, 365, 641, 1855, 13, 814, 352, 281, 7005, 8265, 13, 467, 311, 411, 51092], \"temperature\": 0.0, \"avg_logprob\": -0.24782724678516388, \"compression_ratio\": 1.7957957983016968, \"no_speech_prob\": 0.01726655289530754}, {\"id\": 4, \"seek\": 0, \"start\": 14.5600004196167, \"end\": 18.559999465942383, \"text\": \" it becomes very social. So day game becomes a much better strategy when people are actually out\", \"tokens\": [51092, 309, 3643, 588, 2093, 13, 407, 786, 1216, 3643, 257, 709, 1101, 5206, 562, 561, 366, 767, 484, 51292], \"temperature\": 0.0, \"avg_logprob\": -0.24782724678516388, \"compression_ratio\": 1.7957957983016968, \"no_speech_prob\": 0.01726655289530754}, {\"id\": 5, \"seek\": 0, \"start\": 18.559999465942383, \"end\": 22.559999465942383, \"text\": \" walking around. If you're just trying to take the funk and do the online thing, you've drastically\", \"tokens\": [51292, 4494, 926, 13, 759, 291, 434, 445, 1382, 281, 747, 264, 26476, 293, 360, 264, 2950, 551, 11, 291, 600, 29673, 51492], \"temperature\": 0.0, \"avg_logprob\": -0.24782724678516388, \"compression_ratio\": 1.7957957983016968, \"no_speech_prob\": 0.01726655289530754}, {\"id\": 6, \"seek\": 0, \"start\": 22.559999465942383, \"end\": 24.0, \"text\": \" seen a lowering of leases.\", \"tokens\": [51492, 1612, 257, 28124, 295, 476, 1957, 13, 51564], \"temperature\": 0.0, \"avg_logprob\": -0.24782724678516388, \"compression_ratio\": 1.7957957983016968, \"no_speech_prob\": 0.01726655289530754}]}"}