{"title": "When your girl runs off with the bartender on your party vacation\u2026", "video_id": "4uRZDthWNog", "video_url": "https://www.youtube.com/watch?v=4uRZDthWNog", "description": "", "published_at": "2023-06-06T20:12:32Z", "channel_id": "UC0O-ohYDF4P66HW9XJ4Us8w", "channel_title": "Robbie Kramer", "tags": [], "category_id": "24", "live_broadcast_content": "none", "duration": 45.0, "dimension": "2d", "definition": "hd", "caption": "false", "view_count": 1216, "like_count": 16, "comment_count": 1, "channel_info": {"title": "Robbie Kramer", "description": "I'm Robbie Kramer \ud83c\udf99Host of The Inner Confidence Podcast & Founder of Inner Confidence, Inc.\n\nI lived an exhilarating single life filled with adventures and lessons, and ultimately achieved what I had always aspired to \u2013 finding an amazing, feminine, and loving wife. \n\nI believe my experiences provide a rare balance of wild freedom and committed love, equipping me with the insights to help you navigate the complexities of dating and relationships in today's world. Let me guide you to embrace your desires, improve your social prowess, and ultimately attract the partner who aligns with your highest aspirations.\n\nYou won\u2019t find any fluffy, new-age, or cringy stuff here, just tested, proven and actionable advice that yields results.\n\nApply to join our exclusive Inner Confidence Community of ambitious men who are actively working together to achieve their goals faster   \u25ba https://innerconfidence.com/community\n\nYou can email me at robbie@innerconfidence.com with any questions or comments.\n", "subscriber_count": "1270", "total_views": "604693", "total_videos": "470"}, "comments": [], "file_path": "/Users/aelaguiz/workspace/fc_book/audio/raws/4uRZDthWNog.mp3", "transcription": "{\"text\": \"Going on this trip, it's going to be other girls. You're down for like crazy fun, threesomes, that sort of thing. Like, let's do it. And she's like, yeah, I'm totally not for that. I'd love that. I love chicks. I guess at one point she got really jealous. She didn't like mention anything. She tried to hide it, but we had set up this very open sort of communication, this open dialogue, like anytime you feel jealous, anytime you feel anything, I want you to tell me, but I don't remember exactly what happened. It was like, it seemed to me like there was really not a reason for it. There wasn't like a specific instance that I could put my finger on and be like, I did something that made her like incredibly jealous or I did something wrong. She got salty towards me and she like made sure I saw her like get on the little dinghy boat with the bartender. But it's not like I was threatened by this guy or anything. I was just like, this is clearly a manipulative tactic to try to make me jealous. Did it work though? Were you jealous? I was like, yo, if you want to go f**k the bartender, like go ahead. \", \"segments\": [{\"id\": 0, \"seek\": 0, \"start\": 0.0, \"end\": 1.440000057220459, \"text\": \" Going on this trip, it's going to be other girls.\", \"tokens\": [50364, 10963, 322, 341, 4931, 11, 309, 311, 516, 281, 312, 661, 4519, 13, 50436], \"temperature\": 0.0, \"avg_logprob\": -0.2573186755180359, \"compression_ratio\": 1.853233814239502, \"no_speech_prob\": 0.4353069067001343}, {\"id\": 1, \"seek\": 0, \"start\": 1.440000057220459, \"end\": 3.759999990463257, \"text\": \" You're down for like crazy fun, threesomes, that sort of thing.\", \"tokens\": [50436, 509, 434, 760, 337, 411, 3219, 1019, 11, 258, 4856, 18168, 11, 300, 1333, 295, 551, 13, 50552], \"temperature\": 0.0, \"avg_logprob\": -0.2573186755180359, \"compression_ratio\": 1.853233814239502, \"no_speech_prob\": 0.4353069067001343}, {\"id\": 2, \"seek\": 0, \"start\": 3.759999990463257, \"end\": 4.28000020980835, \"text\": \" Like, let's do it.\", \"tokens\": [50552, 1743, 11, 718, 311, 360, 309, 13, 50578], \"temperature\": 0.0, \"avg_logprob\": -0.2573186755180359, \"compression_ratio\": 1.853233814239502, \"no_speech_prob\": 0.4353069067001343}, {\"id\": 3, \"seek\": 0, \"start\": 4.28000020980835, \"end\": 5.360000133514404, \"text\": \" And she's like, yeah, I'm totally not for that.\", \"tokens\": [50578, 400, 750, 311, 411, 11, 1338, 11, 286, 478, 3879, 406, 337, 300, 13, 50632], \"temperature\": 0.0, \"avg_logprob\": -0.2573186755180359, \"compression_ratio\": 1.853233814239502, \"no_speech_prob\": 0.4353069067001343}, {\"id\": 4, \"seek\": 0, \"start\": 5.360000133514404, \"end\": 5.760000228881836, \"text\": \" I'd love that.\", \"tokens\": [50632, 286, 1116, 959, 300, 13, 50652], \"temperature\": 0.0, \"avg_logprob\": -0.2573186755180359, \"compression_ratio\": 1.853233814239502, \"no_speech_prob\": 0.4353069067001343}, {\"id\": 5, \"seek\": 0, \"start\": 5.760000228881836, \"end\": 6.28000020980835, \"text\": \" I love chicks.\", \"tokens\": [50652, 286, 959, 42214, 13, 50678], \"temperature\": 0.0, \"avg_logprob\": -0.2573186755180359, \"compression_ratio\": 1.853233814239502, \"no_speech_prob\": 0.4353069067001343}, {\"id\": 6, \"seek\": 0, \"start\": 6.28000020980835, \"end\": 8.119999885559082, \"text\": \" I guess at one point she got really jealous.\", \"tokens\": [50678, 286, 2041, 412, 472, 935, 750, 658, 534, 13805, 13, 50770], \"temperature\": 0.0, \"avg_logprob\": -0.2573186755180359, \"compression_ratio\": 1.853233814239502, \"no_speech_prob\": 0.4353069067001343}, {\"id\": 7, \"seek\": 0, \"start\": 8.15999984741211, \"end\": 9.720000267028809, \"text\": \" She didn't like mention anything.\", \"tokens\": [50772, 1240, 994, 380, 411, 2152, 1340, 13, 50850], \"temperature\": 0.0, \"avg_logprob\": -0.2573186755180359, \"compression_ratio\": 1.853233814239502, \"no_speech_prob\": 0.4353069067001343}, {\"id\": 8, \"seek\": 0, \"start\": 9.720000267028809, \"end\": 13.15999984741211, \"text\": \" She tried to hide it, but we had set up this very open sort of communication,\", \"tokens\": [50850, 1240, 3031, 281, 6479, 309, 11, 457, 321, 632, 992, 493, 341, 588, 1269, 1333, 295, 6101, 11, 51022], \"temperature\": 0.0, \"avg_logprob\": -0.2573186755180359, \"compression_ratio\": 1.853233814239502, \"no_speech_prob\": 0.4353069067001343}, {\"id\": 9, \"seek\": 0, \"start\": 13.15999984741211, \"end\": 15.640000343322754, \"text\": \" this open dialogue, like anytime you feel jealous, anytime you feel anything,\", \"tokens\": [51022, 341, 1269, 10221, 11, 411, 13038, 291, 841, 13805, 11, 13038, 291, 841, 1340, 11, 51146], \"temperature\": 0.0, \"avg_logprob\": -0.2573186755180359, \"compression_ratio\": 1.853233814239502, \"no_speech_prob\": 0.4353069067001343}, {\"id\": 10, \"seek\": 0, \"start\": 15.640000343322754, \"end\": 17.84000015258789, \"text\": \" I want you to tell me, but I don't remember exactly what happened.\", \"tokens\": [51146, 286, 528, 291, 281, 980, 385, 11, 457, 286, 500, 380, 1604, 2293, 437, 2011, 13, 51256], \"temperature\": 0.0, \"avg_logprob\": -0.2573186755180359, \"compression_ratio\": 1.853233814239502, \"no_speech_prob\": 0.4353069067001343}, {\"id\": 11, \"seek\": 0, \"start\": 17.84000015258789, \"end\": 20.559999465942383, \"text\": \" It was like, it seemed to me like there was really not a reason for it.\", \"tokens\": [51256, 467, 390, 411, 11, 309, 6576, 281, 385, 411, 456, 390, 534, 406, 257, 1778, 337, 309, 13, 51392], \"temperature\": 0.0, \"avg_logprob\": -0.2573186755180359, \"compression_ratio\": 1.853233814239502, \"no_speech_prob\": 0.4353069067001343}, {\"id\": 12, \"seek\": 0, \"start\": 20.559999465942383, \"end\": 23.399999618530273, \"text\": \" There wasn't like a specific instance that I could put my finger on and be like,\", \"tokens\": [51392, 821, 2067, 380, 411, 257, 2685, 5197, 300, 286, 727, 829, 452, 5984, 322, 293, 312, 411, 11, 51534], \"temperature\": 0.0, \"avg_logprob\": -0.2573186755180359, \"compression_ratio\": 1.853233814239502, \"no_speech_prob\": 0.4353069067001343}, {\"id\": 13, \"seek\": 0, \"start\": 23.440000534057617, \"end\": 26.31999969482422, \"text\": \" I did something that made her like incredibly jealous or I did something wrong.\", \"tokens\": [51536, 286, 630, 746, 300, 1027, 720, 411, 6252, 13805, 420, 286, 630, 746, 2085, 13, 51680], \"temperature\": 0.0, \"avg_logprob\": -0.2573186755180359, \"compression_ratio\": 1.853233814239502, \"no_speech_prob\": 0.4353069067001343}, {\"id\": 14, \"seek\": 2632, \"start\": 26.360000610351562, \"end\": 32.119998931884766, \"text\": \" She got salty towards me and she like made sure I saw her like get on the\", \"tokens\": [50366, 1240, 658, 18443, 3030, 385, 293, 750, 411, 1027, 988, 286, 1866, 720, 411, 483, 322, 264, 50654], \"temperature\": 0.0, \"avg_logprob\": -0.21848039329051971, \"compression_ratio\": 1.5973451137542725, \"no_speech_prob\": 0.1644478291273117}, {\"id\": 15, \"seek\": 2632, \"start\": 32.119998931884766, \"end\": 34.599998474121094, \"text\": \" little dinghy boat with the bartender.\", \"tokens\": [50654, 707, 21211, 3495, 6582, 365, 264, 44768, 3216, 13, 50778], \"temperature\": 0.0, \"avg_logprob\": -0.21848039329051971, \"compression_ratio\": 1.5973451137542725, \"no_speech_prob\": 0.1644478291273117}, {\"id\": 16, \"seek\": 2632, \"start\": 34.63999938964844, \"end\": 36.279998779296875, \"text\": \" But it's not like I was threatened by this guy or anything.\", \"tokens\": [50780, 583, 309, 311, 406, 411, 286, 390, 18268, 538, 341, 2146, 420, 1340, 13, 50862], \"temperature\": 0.0, \"avg_logprob\": -0.21848039329051971, \"compression_ratio\": 1.5973451137542725, \"no_speech_prob\": 0.1644478291273117}, {\"id\": 17, \"seek\": 2632, \"start\": 36.279998779296875, \"end\": 38.2400016784668, \"text\": \" I was just like, this is clearly a manipulative tactic\", \"tokens\": [50862, 286, 390, 445, 411, 11, 341, 307, 4448, 257, 9258, 22678, 31012, 50960], \"temperature\": 0.0, \"avg_logprob\": -0.21848039329051971, \"compression_ratio\": 1.5973451137542725, \"no_speech_prob\": 0.1644478291273117}, {\"id\": 18, \"seek\": 2632, \"start\": 38.2400016784668, \"end\": 39.47999954223633, \"text\": \" to try to make me jealous.\", \"tokens\": [50960, 281, 853, 281, 652, 385, 13805, 13, 51022], \"temperature\": 0.0, \"avg_logprob\": -0.21848039329051971, \"compression_ratio\": 1.5973451137542725, \"no_speech_prob\": 0.1644478291273117}, {\"id\": 19, \"seek\": 2632, \"start\": 39.560001373291016, \"end\": 40.119998931884766, \"text\": \" Did it work though?\", \"tokens\": [51026, 2589, 309, 589, 1673, 30, 51054], \"temperature\": 0.0, \"avg_logprob\": -0.21848039329051971, \"compression_ratio\": 1.5973451137542725, \"no_speech_prob\": 0.1644478291273117}, {\"id\": 20, \"seek\": 2632, \"start\": 40.15999984741211, \"end\": 40.63999938964844, \"text\": \" Were you jealous?\", \"tokens\": [51056, 12448, 291, 13805, 30, 51080], \"temperature\": 0.0, \"avg_logprob\": -0.21848039329051971, \"compression_ratio\": 1.5973451137542725, \"no_speech_prob\": 0.1644478291273117}, {\"id\": 21, \"seek\": 2632, \"start\": 40.7599983215332, \"end\": 43.08000183105469, \"text\": \" I was like, yo, if you want to go f**k the bartender, like go ahead.\", \"tokens\": [51086, 286, 390, 411, 11, 5290, 11, 498, 291, 528, 281, 352, 283, 4852, 74, 264, 44768, 3216, 11, 411, 352, 2286, 13, 51202], \"temperature\": 0.0, \"avg_logprob\": -0.21848039329051971, \"compression_ratio\": 1.5973451137542725, \"no_speech_prob\": 0.1644478291273117}]}"}