{"title": "Do this to quickly build a social circle of beautiful women in your city...", "video_id": "5AneAs-JGFE", "video_url": "https://www.youtube.com/watch?v=5AneAs-JGFE", "description": "", "published_at": "2023-12-21T17:50:47Z", "channel_id": "UC0O-ohYDF4P66HW9XJ4Us8w", "channel_title": "Robbie Kramer", "tags": [], "category_id": "24", "live_broadcast_content": "none", "duration": 73.0, "dimension": "2d", "definition": "hd", "caption": "false", "view_count": 48, "like_count": 0, "comment_count": 0, "channel_info": {"title": "Robbie Kramer", "description": "I'm Robbie Kramer \ud83c\udf99Host of The Inner Confidence Podcast & Founder of Inner Confidence, Inc.\n\nI lived an exhilarating single life filled with adventures and lessons, and ultimately achieved what I had always aspired to \u2013 finding an amazing, feminine, and loving wife. \n\nI believe my experiences provide a rare balance of wild freedom and committed love, equipping me with the insights to help you navigate the complexities of dating and relationships in today's world. Let me guide you to embrace your desires, improve your social prowess, and ultimately attract the partner who aligns with your highest aspirations.\n\nYou won\u2019t find any fluffy, new-age, or cringy stuff here, just tested, proven and actionable advice that yields results.\n\nApply to join our exclusive Inner Confidence Community of ambitious men who are actively working together to achieve their goals faster   \u25ba https://innerconfidence.com/community\n\nYou can email me at robbie@innerconfidence.com with any questions or comments.\n", "subscriber_count": "1270", "total_views": "604693", "total_videos": "470"}, "comments": [], "file_path": "/Users/aelaguiz/workspace/fc_book/audio/raws/5AneAs-JGFE.mp3", "transcription": "{\"text\": \"I would also try to figure out who the promoters are at these different venues. I would do my best to get in somewhere, and then if I saw a guy that looked like a promoter, I would go over to him and effectively validate him. I'd be like, dude, I see you're here with a bunch of beautiful women. I know that's not easy. First off, congrats, and second, these different, like, are you a promoter, or how'd you pull that off? Most guys would be willing to share that information, depending on your vibe. So that would be something. I would also look to see if I could potentially get a job as a promoter at one of those places, and the act of going to find that job would probably connect me with the right people. I would look to see, like, okay, how can I? You're gonna learn a lot from that information-gathering activity. \", \"segments\": [{\"id\": 0, \"seek\": 0, \"start\": 0.0, \"end\": 5.0, \"text\": \" I would also try to figure out who the promoters are\", \"tokens\": [50364, 286, 576, 611, 853, 281, 2573, 484, 567, 264, 6609, 433, 366, 50614], \"temperature\": 0.0, \"avg_logprob\": -0.2555961310863495, \"compression_ratio\": 1.5526316165924072, \"no_speech_prob\": 0.12066593021154404}, {\"id\": 1, \"seek\": 0, \"start\": 5.800000190734863, \"end\": 9.199999809265137, \"text\": \" at these different venues.\", \"tokens\": [50654, 412, 613, 819, 32882, 13, 50824], \"temperature\": 0.0, \"avg_logprob\": -0.2555961310863495, \"compression_ratio\": 1.5526316165924072, \"no_speech_prob\": 0.12066593021154404}, {\"id\": 2, \"seek\": 0, \"start\": 9.199999809265137, \"end\": 11.880000114440918, \"text\": \" I would do my best to get in somewhere,\", \"tokens\": [50824, 286, 576, 360, 452, 1151, 281, 483, 294, 4079, 11, 50958], \"temperature\": 0.0, \"avg_logprob\": -0.2555961310863495, \"compression_ratio\": 1.5526316165924072, \"no_speech_prob\": 0.12066593021154404}, {\"id\": 3, \"seek\": 0, \"start\": 13.359999656677246, \"end\": 16.65999984741211, \"text\": \" and then if I saw a guy that looked like a promoter,\", \"tokens\": [51032, 293, 550, 498, 286, 1866, 257, 2146, 300, 2956, 411, 257, 6609, 260, 11, 51197], \"temperature\": 0.0, \"avg_logprob\": -0.2555961310863495, \"compression_ratio\": 1.5526316165924072, \"no_speech_prob\": 0.12066593021154404}, {\"id\": 4, \"seek\": 0, \"start\": 16.65999984741211, \"end\": 21.65999984741211, \"text\": \" I would go over to him and effectively validate him.\", \"tokens\": [51197, 286, 576, 352, 670, 281, 796, 293, 8659, 29562, 796, 13, 51447], \"temperature\": 0.0, \"avg_logprob\": -0.2555961310863495, \"compression_ratio\": 1.5526316165924072, \"no_speech_prob\": 0.12066593021154404}, {\"id\": 5, \"seek\": 0, \"start\": 25.31999969482422, \"end\": 27.040000915527344, \"text\": \" I'd be like, dude, I see you're here\", \"tokens\": [51630, 286, 1116, 312, 411, 11, 6449, 11, 286, 536, 291, 434, 510, 51716], \"temperature\": 0.0, \"avg_logprob\": -0.2555961310863495, \"compression_ratio\": 1.5526316165924072, \"no_speech_prob\": 0.12066593021154404}, {\"id\": 6, \"seek\": 0, \"start\": 27.040000915527344, \"end\": 29.31999969482422, \"text\": \" with a bunch of beautiful women.\", \"tokens\": [51716, 365, 257, 3840, 295, 2238, 2266, 13, 51830], \"temperature\": 0.0, \"avg_logprob\": -0.2555961310863495, \"compression_ratio\": 1.5526316165924072, \"no_speech_prob\": 0.12066593021154404}, {\"id\": 7, \"seek\": 2932, \"start\": 29.31999969482422, \"end\": 30.479999542236328, \"text\": \" I know that's not easy.\", \"tokens\": [50364, 286, 458, 300, 311, 406, 1858, 13, 50422], \"temperature\": 0.0, \"avg_logprob\": -0.2661661207675934, \"compression_ratio\": 1.530232548713684, \"no_speech_prob\": 0.000368271314073354}, {\"id\": 8, \"seek\": 2932, \"start\": 31.399999618530273, \"end\": 34.599998474121094, \"text\": \" First off, congrats, and second, these different,\", \"tokens\": [50468, 2386, 766, 11, 8882, 1720, 11, 293, 1150, 11, 613, 819, 11, 50628], \"temperature\": 0.0, \"avg_logprob\": -0.2661661207675934, \"compression_ratio\": 1.530232548713684, \"no_speech_prob\": 0.000368271314073354}, {\"id\": 9, \"seek\": 2932, \"start\": 34.599998474121094, \"end\": 38.15999984741211, \"text\": \" like, are you a promoter, or how'd you pull that off?\", \"tokens\": [50628, 411, 11, 366, 291, 257, 6609, 260, 11, 420, 577, 1116, 291, 2235, 300, 766, 30, 50806], \"temperature\": 0.0, \"avg_logprob\": -0.2661661207675934, \"compression_ratio\": 1.530232548713684, \"no_speech_prob\": 0.000368271314073354}, {\"id\": 10, \"seek\": 2932, \"start\": 38.15999984741211, \"end\": 42.68000030517578, \"text\": \" Most guys would be willing to share that information,\", \"tokens\": [50806, 4534, 1074, 576, 312, 4950, 281, 2073, 300, 1589, 11, 51032], \"temperature\": 0.0, \"avg_logprob\": -0.2661661207675934, \"compression_ratio\": 1.530232548713684, \"no_speech_prob\": 0.000368271314073354}, {\"id\": 11, \"seek\": 2932, \"start\": 42.68000030517578, \"end\": 43.959999084472656, \"text\": \" depending on your vibe.\", \"tokens\": [51032, 5413, 322, 428, 14606, 13, 51096], \"temperature\": 0.0, \"avg_logprob\": -0.2661661207675934, \"compression_ratio\": 1.530232548713684, \"no_speech_prob\": 0.000368271314073354}, {\"id\": 12, \"seek\": 2932, \"start\": 45.720001220703125, \"end\": 48.31999969482422, \"text\": \" So that would be something.\", \"tokens\": [51184, 407, 300, 576, 312, 746, 13, 51314], \"temperature\": 0.0, \"avg_logprob\": -0.2661661207675934, \"compression_ratio\": 1.530232548713684, \"no_speech_prob\": 0.000368271314073354}, {\"id\": 13, \"seek\": 2932, \"start\": 48.31999969482422, \"end\": 52.119998931884766, \"text\": \" I would also look to see if I could potentially get a job\", \"tokens\": [51314, 286, 576, 611, 574, 281, 536, 498, 286, 727, 7263, 483, 257, 1691, 51504], \"temperature\": 0.0, \"avg_logprob\": -0.2661661207675934, \"compression_ratio\": 1.530232548713684, \"no_speech_prob\": 0.000368271314073354}, {\"id\": 14, \"seek\": 2932, \"start\": 52.119998931884766, \"end\": 55.540000915527344, \"text\": \" as a promoter at one of those places,\", \"tokens\": [51504, 382, 257, 6609, 260, 412, 472, 295, 729, 3190, 11, 51675], \"temperature\": 0.0, \"avg_logprob\": -0.2661661207675934, \"compression_ratio\": 1.530232548713684, \"no_speech_prob\": 0.000368271314073354}, {\"id\": 15, \"seek\": 5554, \"start\": 56.5, \"end\": 60.18000030517578, \"text\": \" and the act of going to find that job\", \"tokens\": [50412, 293, 264, 605, 295, 516, 281, 915, 300, 1691, 50596], \"temperature\": 0.0, \"avg_logprob\": -0.38426023721694946, \"compression_ratio\": 1.3586206436157227, \"no_speech_prob\": 0.0017274401616305113}, {\"id\": 16, \"seek\": 5554, \"start\": 60.18000030517578, \"end\": 63.29999923706055, \"text\": \" would probably connect me with the right people.\", \"tokens\": [50596, 576, 1391, 1745, 385, 365, 264, 558, 561, 13, 50752], \"temperature\": 0.0, \"avg_logprob\": -0.38426023721694946, \"compression_ratio\": 1.3586206436157227, \"no_speech_prob\": 0.0017274401616305113}, {\"id\": 17, \"seek\": 5554, \"start\": 64.45999908447266, \"end\": 67.12000274658203, \"text\": \" I would look to see, like, okay, how can I?\", \"tokens\": [50810, 286, 576, 574, 281, 536, 11, 411, 11, 1392, 11, 577, 393, 286, 30, 50943], \"temperature\": 0.0, \"avg_logprob\": -0.38426023721694946, \"compression_ratio\": 1.3586206436157227, \"no_speech_prob\": 0.0017274401616305113}, {\"id\": 18, \"seek\": 5554, \"start\": 68.69999694824219, \"end\": 69.54000091552734, \"text\": \" You're gonna learn a lot\", \"tokens\": [51022, 509, 434, 799, 1466, 257, 688, 51064], \"temperature\": 0.0, \"avg_logprob\": -0.38426023721694946, \"compression_ratio\": 1.3586206436157227, \"no_speech_prob\": 0.0017274401616305113}, {\"id\": 19, \"seek\": 5554, \"start\": 69.54000091552734, \"end\": 72.26000213623047, \"text\": \" from that information-gathering activity.\", \"tokens\": [51064, 490, 300, 1589, 12, 70, 1172, 278, 5191, 13, 51200], \"temperature\": 0.0, \"avg_logprob\": -0.38426023721694946, \"compression_ratio\": 1.3586206436157227, \"no_speech_prob\": 0.0017274401616305113}]}"}