{"title": "The Burning Man Effect: Conversational Hack To Connect With Beautiful Women In The Scene", "video_id": "5JcD4Vg-cRc", "video_url": "https://www.youtube.com/watch?v=5JcD4Vg-cRc", "description": "", "published_at": "2023-12-21T17:58:10Z", "channel_id": "UC0O-ohYDF4P66HW9XJ4Us8w", "channel_title": "Robbie Kramer", "tags": [], "category_id": "24", "live_broadcast_content": "none", "duration": 25.0, "dimension": "2d", "definition": "hd", "caption": "false", "view_count": 29, "like_count": 0, "comment_count": 0, "channel_info": {"title": "Robbie Kramer", "description": "I'm Robbie Kramer \ud83c\udf99Host of The Inner Confidence Podcast & Founder of Inner Confidence, Inc.\n\nI lived an exhilarating single life filled with adventures and lessons, and ultimately achieved what I had always aspired to \u2013 finding an amazing, feminine, and loving wife. \n\nI believe my experiences provide a rare balance of wild freedom and committed love, equipping me with the insights to help you navigate the complexities of dating and relationships in today's world. Let me guide you to embrace your desires, improve your social prowess, and ultimately attract the partner who aligns with your highest aspirations.\n\nYou won\u2019t find any fluffy, new-age, or cringy stuff here, just tested, proven and actionable advice that yields results.\n\nApply to join our exclusive Inner Confidence Community of ambitious men who are actively working together to achieve their goals faster   \u25ba https://innerconfidence.com/community\n\nYou can email me at robbie@innerconfidence.com with any questions or comments.\n", "subscriber_count": "1270", "total_views": "604693", "total_videos": "470"}, "comments": [], "file_path": "/Users/aelaguiz/workspace/fc_book/audio/raws/5JcD4Vg-cRc.mp3", "transcription": "{\"text\": \"I mean, so much of my game was just like talking about cool shit, like I was, you know, like I realized that after, after I went to Burning Man a couple of times, I realized every, basically every girl you meet in the party scene is interested in Burning Man, interested about talking about Burning Man. And if they think you can take them to Burning Man, then they're like, Oh my God, this is, this guy is amazing. And I'm like, fuck, I could have been doing that even before. \", \"segments\": [{\"id\": 0, \"seek\": 0, \"start\": 0.0, \"end\": 6.920000076293945, \"text\": \" I mean, so much of my game was just like talking about cool shit, like I was, you know, like\", \"tokens\": [50364, 286, 914, 11, 370, 709, 295, 452, 1216, 390, 445, 411, 1417, 466, 1627, 4611, 11, 411, 286, 390, 11, 291, 458, 11, 411, 50710], \"temperature\": 0.0, \"avg_logprob\": -0.28327324986457825, \"compression_ratio\": 1.7999999523162842, \"no_speech_prob\": 0.004329196643084288}, {\"id\": 1, \"seek\": 0, \"start\": 6.920000076293945, \"end\": 12.819999694824219, \"text\": \" I realized that after, after I went to Burning Man a couple of times, I realized every, basically\", \"tokens\": [50710, 286, 5334, 300, 934, 11, 934, 286, 1437, 281, 43905, 2458, 257, 1916, 295, 1413, 11, 286, 5334, 633, 11, 1936, 51005], \"temperature\": 0.0, \"avg_logprob\": -0.28327324986457825, \"compression_ratio\": 1.7999999523162842, \"no_speech_prob\": 0.004329196643084288}, {\"id\": 2, \"seek\": 0, \"start\": 12.819999694824219, \"end\": 15.739999771118164, \"text\": \" every girl you meet in the party scene is interested in Burning Man, interested about\", \"tokens\": [51005, 633, 2013, 291, 1677, 294, 264, 3595, 4145, 307, 3102, 294, 43905, 2458, 11, 3102, 466, 51151], \"temperature\": 0.0, \"avg_logprob\": -0.28327324986457825, \"compression_ratio\": 1.7999999523162842, \"no_speech_prob\": 0.004329196643084288}, {\"id\": 3, \"seek\": 0, \"start\": 15.739999771118164, \"end\": 17.079999923706055, \"text\": \" talking about Burning Man.\", \"tokens\": [51151, 1417, 466, 43905, 2458, 13, 51218], \"temperature\": 0.0, \"avg_logprob\": -0.28327324986457825, \"compression_ratio\": 1.7999999523162842, \"no_speech_prob\": 0.004329196643084288}, {\"id\": 4, \"seek\": 0, \"start\": 17.079999923706055, \"end\": 21.559999465942383, \"text\": \" And if they think you can take them to Burning Man, then they're like, Oh my God, this is,\", \"tokens\": [51218, 400, 498, 436, 519, 291, 393, 747, 552, 281, 43905, 2458, 11, 550, 436, 434, 411, 11, 876, 452, 1265, 11, 341, 307, 11, 51442], \"temperature\": 0.0, \"avg_logprob\": -0.28327324986457825, \"compression_ratio\": 1.7999999523162842, \"no_speech_prob\": 0.004329196643084288}, {\"id\": 5, \"seek\": 0, \"start\": 21.559999465942383, \"end\": 22.559999465942383, \"text\": \" this guy is amazing.\", \"tokens\": [51442, 341, 2146, 307, 2243, 13, 51492], \"temperature\": 0.0, \"avg_logprob\": -0.28327324986457825, \"compression_ratio\": 1.7999999523162842, \"no_speech_prob\": 0.004329196643084288}, {\"id\": 6, \"seek\": 0, \"start\": 22.559999465942383, \"end\": 24.040000915527344, \"text\": \" And I'm like, fuck, I could have been doing that even before.\", \"tokens\": [51492, 400, 286, 478, 411, 11, 3275, 11, 286, 727, 362, 668, 884, 300, 754, 949, 13, 51566], \"temperature\": 0.0, \"avg_logprob\": -0.28327324986457825, \"compression_ratio\": 1.7999999523162842, \"no_speech_prob\": 0.004329196643084288}]}"}