{"title": "Is she a gold digger?", "video_id": "6F9KVbUwLqY", "video_url": "https://www.youtube.com/watch?v=6F9KVbUwLqY", "description": "", "published_at": "2023-05-07T15:40:17Z", "channel_id": "UC0O-ohYDF4P66HW9XJ4Us8w", "channel_title": "Robbie Kramer", "tags": [], "category_id": "26", "live_broadcast_content": "none", "duration": 45.0, "dimension": "2d", "definition": "hd", "caption": "false", "view_count": 910, "like_count": 10, "comment_count": 0, "channel_info": {"title": "Robbie Kramer", "description": "I'm Robbie Kramer \ud83c\udf99Host of The Inner Confidence Podcast & Founder of Inner Confidence, Inc.\n\nI lived an exhilarating single life filled with adventures and lessons, and ultimately achieved what I had always aspired to \u2013 finding an amazing, feminine, and loving wife. \n\nI believe my experiences provide a rare balance of wild freedom and committed love, equipping me with the insights to help you navigate the complexities of dating and relationships in today's world. Let me guide you to embrace your desires, improve your social prowess, and ultimately attract the partner who aligns with your highest aspirations.\n\nYou won\u2019t find any fluffy, new-age, or cringy stuff here, just tested, proven and actionable advice that yields results.\n\nApply to join our exclusive Inner Confidence Community of ambitious men who are actively working together to achieve their goals faster   \u25ba https://innerconfidence.com/community\n\nYou can email me at robbie@innerconfidence.com with any questions or comments.\n", "subscriber_count": "1270", "total_views": "604693", "total_videos": "470"}, "comments": [], "file_path": "/Users/aelaguiz/workspace/fc_book/audio/raws/6F9KVbUwLqY.mp3", "transcription": "{\"text\": \"plus like I wanted to make sure you weren't a gold digger but I also wanted to make sure that you didn't think I was broke because I was going out of my way to to kind of like show girls that I didn't have much money because they'd all ask me for money otherwise um you know I had a nice one-bedroom apartment in the middle of the city with a nice view of the river and the park right um I didn't think you had a lot of money 37 some some of them so yeah it's like rent is like a third cheaper there oh to to to show a little bit of uh financial flexing I intentionally invited you to come to the office where I was going to sign some of the paperwork and drop off a bunch of cash \", \"segments\": [{\"id\": 0, \"seek\": 0, \"start\": 0.0, \"end\": 4.239999771118164, \"text\": \" plus like I wanted to make sure you weren't a gold digger but I also wanted to make sure that you\", \"tokens\": [50364, 1804, 411, 286, 1415, 281, 652, 988, 291, 4999, 380, 257, 3821, 2528, 1321, 457, 286, 611, 1415, 281, 652, 988, 300, 291, 50576], \"temperature\": 0.0, \"avg_logprob\": -0.2211029976606369, \"compression_ratio\": 1.8143939971923828, \"no_speech_prob\": 0.17225830256938934}, {\"id\": 1, \"seek\": 0, \"start\": 4.239999771118164, \"end\": 10.640000343322754, \"text\": \" didn't think I was broke because I was going out of my way to to kind of like show girls that I\", \"tokens\": [50576, 994, 380, 519, 286, 390, 6902, 570, 286, 390, 516, 484, 295, 452, 636, 281, 281, 733, 295, 411, 855, 4519, 300, 286, 50896], \"temperature\": 0.0, \"avg_logprob\": -0.2211029976606369, \"compression_ratio\": 1.8143939971923828, \"no_speech_prob\": 0.17225830256938934}, {\"id\": 2, \"seek\": 0, \"start\": 10.640000343322754, \"end\": 16.239999771118164, \"text\": \" didn't have much money because they'd all ask me for money otherwise um you know I had a nice\", \"tokens\": [50896, 994, 380, 362, 709, 1460, 570, 436, 1116, 439, 1029, 385, 337, 1460, 5911, 1105, 291, 458, 286, 632, 257, 1481, 51176], \"temperature\": 0.0, \"avg_logprob\": -0.2211029976606369, \"compression_ratio\": 1.8143939971923828, \"no_speech_prob\": 0.17225830256938934}, {\"id\": 3, \"seek\": 0, \"start\": 16.239999771118164, \"end\": 21.440000534057617, \"text\": \" one-bedroom apartment in the middle of the city with a nice view of the river and the park right\", \"tokens\": [51176, 472, 12, 2883, 2861, 9587, 294, 264, 2808, 295, 264, 2307, 365, 257, 1481, 1910, 295, 264, 6810, 293, 264, 3884, 558, 51436], \"temperature\": 0.0, \"avg_logprob\": -0.2211029976606369, \"compression_ratio\": 1.8143939971923828, \"no_speech_prob\": 0.17225830256938934}, {\"id\": 4, \"seek\": 0, \"start\": 21.440000534057617, \"end\": 27.200000762939453, \"text\": \" um I didn't think you had a lot of money 37 some some of them so yeah it's like rent is like a\", \"tokens\": [51436, 1105, 286, 994, 380, 519, 291, 632, 257, 688, 295, 1460, 13435, 512, 512, 295, 552, 370, 1338, 309, 311, 411, 6214, 307, 411, 257, 51724], \"temperature\": 0.0, \"avg_logprob\": -0.2211029976606369, \"compression_ratio\": 1.8143939971923828, \"no_speech_prob\": 0.17225830256938934}, {\"id\": 5, \"seek\": 2720, \"start\": 27.200000762939453, \"end\": 36.63999938964844, \"text\": \" third cheaper there oh to to to show a little bit of uh financial flexing I intentionally invited\", \"tokens\": [50364, 2636, 12284, 456, 1954, 281, 281, 281, 855, 257, 707, 857, 295, 2232, 4669, 5896, 278, 286, 22062, 9185, 50836], \"temperature\": 0.0, \"avg_logprob\": -0.21063916385173798, \"compression_ratio\": 1.459854006767273, \"no_speech_prob\": 0.0010316838743165135}, {\"id\": 6, \"seek\": 2720, \"start\": 36.63999938964844, \"end\": 43.84000015258789, \"text\": \" you to come to the office where I was going to sign some of the paperwork and drop off a bunch of cash\", \"tokens\": [50836, 291, 281, 808, 281, 264, 3398, 689, 286, 390, 516, 281, 1465, 512, 295, 264, 27953, 293, 3270, 766, 257, 3840, 295, 6388, 51196], \"temperature\": 0.0, \"avg_logprob\": -0.21063916385173798, \"compression_ratio\": 1.459854006767273, \"no_speech_prob\": 0.0010316838743165135}]}"}