{"title": "The key to avoid feelings of depression while spending time on social media\u2026", "video_id": "6FmV8IQ5X50", "video_url": "https://www.youtube.com/watch?v=6FmV8IQ5X50", "description": "", "published_at": "2023-07-03T18:04:48Z", "channel_id": "UC0O-ohYDF4P66HW9XJ4Us8w", "channel_title": "Robbie Kramer", "tags": [], "category_id": "24", "live_broadcast_content": "none", "duration": 32.0, "dimension": "2d", "definition": "hd", "caption": "false", "view_count": 194, "like_count": 7, "comment_count": 1, "channel_info": {"title": "Robbie Kramer", "description": "I'm Robbie Kramer \ud83c\udf99Host of The Inner Confidence Podcast & Founder of Inner Confidence, Inc.\n\nI lived an exhilarating single life filled with adventures and lessons, and ultimately achieved what I had always aspired to \u2013 finding an amazing, feminine, and loving wife. \n\nI believe my experiences provide a rare balance of wild freedom and committed love, equipping me with the insights to help you navigate the complexities of dating and relationships in today's world. Let me guide you to embrace your desires, improve your social prowess, and ultimately attract the partner who aligns with your highest aspirations.\n\nYou won\u2019t find any fluffy, new-age, or cringy stuff here, just tested, proven and actionable advice that yields results.\n\nApply to join our exclusive Inner Confidence Community of ambitious men who are actively working together to achieve their goals faster   \u25ba https://innerconfidence.com/community\n\nYou can email me at robbie@innerconfidence.com with any questions or comments.\n", "subscriber_count": "1270", "total_views": "604693", "total_videos": "470"}, "comments": [], "file_path": "/Users/aelaguiz/workspace/fc_book/audio/raws/6FmV8IQ5X50.mp3", "transcription": "{\"text\": \"My whole thing on Instagram is I want to be a content producer, not a consumer. Every minute I spend on Instagram looking at other people's stuff makes me feel worse. No, because everyone is pretending to show better life and you're like, oh my God, their life is better. They have more bags. They have more trips. They have that. And you feel that you're a piece of shit. I never look at the discovery or the search on Instagram. I only watch stories of the people I know and the people I follow that have good content. Right. I follow all my clients to see the stuff they're posting, to give them feedback. Obviously, my friends and family. But I'm not looking on that discovery page. But I'm mainly on to post my own stuff. \", \"segments\": [{\"id\": 0, \"seek\": 0, \"start\": 0.0, \"end\": 3.2799999713897705, \"text\": \" My whole thing on Instagram is I want to be a content producer, not a consumer.\", \"tokens\": [50364, 1222, 1379, 551, 322, 5281, 307, 286, 528, 281, 312, 257, 2701, 12314, 11, 406, 257, 9711, 13, 50528], \"temperature\": 0.0, \"avg_logprob\": -0.27605560421943665, \"compression_ratio\": 1.814814805984497, \"no_speech_prob\": 0.3701395094394684}, {\"id\": 1, \"seek\": 0, \"start\": 3.2799999713897705, \"end\": 6.960000038146973, \"text\": \" Every minute I spend on Instagram looking at other people's stuff makes me feel worse.\", \"tokens\": [50528, 2048, 3456, 286, 3496, 322, 5281, 1237, 412, 661, 561, 311, 1507, 1669, 385, 841, 5324, 13, 50712], \"temperature\": 0.0, \"avg_logprob\": -0.27605560421943665, \"compression_ratio\": 1.814814805984497, \"no_speech_prob\": 0.3701395094394684}, {\"id\": 2, \"seek\": 0, \"start\": 6.960000038146973, \"end\": 9.479999542236328, \"text\": \" No, because everyone is pretending to show better life and you're like,\", \"tokens\": [50712, 883, 11, 570, 1518, 307, 22106, 281, 855, 1101, 993, 293, 291, 434, 411, 11, 50838], \"temperature\": 0.0, \"avg_logprob\": -0.27605560421943665, \"compression_ratio\": 1.814814805984497, \"no_speech_prob\": 0.3701395094394684}, {\"id\": 3, \"seek\": 0, \"start\": 9.479999542236328, \"end\": 10.84000015258789, \"text\": \" oh my God, their life is better.\", \"tokens\": [50838, 1954, 452, 1265, 11, 641, 993, 307, 1101, 13, 50906], \"temperature\": 0.0, \"avg_logprob\": -0.27605560421943665, \"compression_ratio\": 1.814814805984497, \"no_speech_prob\": 0.3701395094394684}, {\"id\": 4, \"seek\": 0, \"start\": 10.84000015258789, \"end\": 12.079999923706055, \"text\": \" They have more bags.\", \"tokens\": [50906, 814, 362, 544, 10405, 13, 50968], \"temperature\": 0.0, \"avg_logprob\": -0.27605560421943665, \"compression_ratio\": 1.814814805984497, \"no_speech_prob\": 0.3701395094394684}, {\"id\": 5, \"seek\": 0, \"start\": 12.079999923706055, \"end\": 13.039999961853027, \"text\": \" They have more trips.\", \"tokens\": [50968, 814, 362, 544, 16051, 13, 51016], \"temperature\": 0.0, \"avg_logprob\": -0.27605560421943665, \"compression_ratio\": 1.814814805984497, \"no_speech_prob\": 0.3701395094394684}, {\"id\": 6, \"seek\": 0, \"start\": 13.039999961853027, \"end\": 13.680000305175781, \"text\": \" They have that.\", \"tokens\": [51016, 814, 362, 300, 13, 51048], \"temperature\": 0.0, \"avg_logprob\": -0.27605560421943665, \"compression_ratio\": 1.814814805984497, \"no_speech_prob\": 0.3701395094394684}, {\"id\": 7, \"seek\": 0, \"start\": 13.680000305175781, \"end\": 14.960000038146973, \"text\": \" And you feel that you're a piece of shit.\", \"tokens\": [51048, 400, 291, 841, 300, 291, 434, 257, 2522, 295, 4611, 13, 51112], \"temperature\": 0.0, \"avg_logprob\": -0.27605560421943665, \"compression_ratio\": 1.814814805984497, \"no_speech_prob\": 0.3701395094394684}, {\"id\": 8, \"seek\": 0, \"start\": 14.960000038146973, \"end\": 18.239999771118164, \"text\": \" I never look at the discovery or the search on Instagram.\", \"tokens\": [51112, 286, 1128, 574, 412, 264, 12114, 420, 264, 3164, 322, 5281, 13, 51276], \"temperature\": 0.0, \"avg_logprob\": -0.27605560421943665, \"compression_ratio\": 1.814814805984497, \"no_speech_prob\": 0.3701395094394684}, {\"id\": 9, \"seek\": 0, \"start\": 18.239999771118164, \"end\": 22.239999771118164, \"text\": \" I only watch stories of the people I know and the people I follow that have good content.\", \"tokens\": [51276, 286, 787, 1159, 3676, 295, 264, 561, 286, 458, 293, 264, 561, 286, 1524, 300, 362, 665, 2701, 13, 51476], \"temperature\": 0.0, \"avg_logprob\": -0.27605560421943665, \"compression_ratio\": 1.814814805984497, \"no_speech_prob\": 0.3701395094394684}, {\"id\": 10, \"seek\": 0, \"start\": 22.239999771118164, \"end\": 22.479999542236328, \"text\": \" Right.\", \"tokens\": [51476, 1779, 13, 51488], \"temperature\": 0.0, \"avg_logprob\": -0.27605560421943665, \"compression_ratio\": 1.814814805984497, \"no_speech_prob\": 0.3701395094394684}, {\"id\": 11, \"seek\": 0, \"start\": 22.479999542236328, \"end\": 25.639999389648438, \"text\": \" I follow all my clients to see the stuff they're posting, to give them feedback.\", \"tokens\": [51488, 286, 1524, 439, 452, 6982, 281, 536, 264, 1507, 436, 434, 15978, 11, 281, 976, 552, 5824, 13, 51646], \"temperature\": 0.0, \"avg_logprob\": -0.27605560421943665, \"compression_ratio\": 1.814814805984497, \"no_speech_prob\": 0.3701395094394684}, {\"id\": 12, \"seek\": 0, \"start\": 25.639999389648438, \"end\": 27.0, \"text\": \" Obviously, my friends and family.\", \"tokens\": [51646, 7580, 11, 452, 1855, 293, 1605, 13, 51714], \"temperature\": 0.0, \"avg_logprob\": -0.27605560421943665, \"compression_ratio\": 1.814814805984497, \"no_speech_prob\": 0.3701395094394684}, {\"id\": 13, \"seek\": 0, \"start\": 27.0, \"end\": 29.360000610351562, \"text\": \" But I'm not looking on that discovery page.\", \"tokens\": [51714, 583, 286, 478, 406, 1237, 322, 300, 12114, 3028, 13, 51832], \"temperature\": 0.0, \"avg_logprob\": -0.27605560421943665, \"compression_ratio\": 1.814814805984497, \"no_speech_prob\": 0.3701395094394684}, {\"id\": 14, \"seek\": 2936, \"start\": 29.360000610351562, \"end\": 31.0, \"text\": \" But I'm mainly on to post my own stuff.\", \"tokens\": [50364, 583, 286, 478, 8704, 322, 281, 2183, 452, 1065, 1507, 13, 50446], \"temperature\": 0.0, \"avg_logprob\": -0.39635828137397766, \"compression_ratio\": 0.8666666746139526, \"no_speech_prob\": 0.11272235959768295}]}"}