{"title": "Does your partner always seem hot and cold for no obvious reason?", "video_id": "6KUI_Ad6834", "video_url": "https://www.youtube.com/watch?v=6KUI_Ad6834", "description": "", "published_at": "2023-06-20T20:02:20Z", "channel_id": "UC0O-ohYDF4P66HW9XJ4Us8w", "channel_title": "Robbie Kramer", "tags": [], "category_id": "24", "live_broadcast_content": "none", "duration": 54.0, "dimension": "2d", "definition": "hd", "caption": "false", "view_count": 251, "like_count": 6, "comment_count": 0, "channel_info": {"title": "Robbie Kramer", "description": "I'm Robbie Kramer \ud83c\udf99Host of The Inner Confidence Podcast & Founder of Inner Confidence, Inc.\n\nI lived an exhilarating single life filled with adventures and lessons, and ultimately achieved what I had always aspired to \u2013 finding an amazing, feminine, and loving wife. \n\nI believe my experiences provide a rare balance of wild freedom and committed love, equipping me with the insights to help you navigate the complexities of dating and relationships in today's world. Let me guide you to embrace your desires, improve your social prowess, and ultimately attract the partner who aligns with your highest aspirations.\n\nYou won\u2019t find any fluffy, new-age, or cringy stuff here, just tested, proven and actionable advice that yields results.\n\nApply to join our exclusive Inner Confidence Community of ambitious men who are actively working together to achieve their goals faster   \u25ba https://innerconfidence.com/community\n\nYou can email me at robbie@innerconfidence.com with any questions or comments.\n", "subscriber_count": "1270", "total_views": "604693", "total_videos": "470"}, "comments": [], "file_path": "/Users/aelaguiz/workspace/fc_book/audio/raws/6KUI_Ad6834.mp3", "transcription": "{\"text\": \"She would get high all the time and just mentally check out. See, for y'all, it seems like it's hot and cold, hot and cold from kind of beginning to end. For me, it's like specifically for a girl to guy situation where the guy is avoidant, or just my situation. But for me, it was like very, very hot. And then like towards the half mark and then started getting more and more cold. Yeah, I remember when this happened. He would sort of sabotage it and then he would lose it and then he would rush it back and then he would sabotage again. It was more of a hot and cold towards the end. Yeah, but it was like, like hot, hot, hot. And then it's like, okay, shit, there's a lot of women can see it. I'm gonna sabotage this and then wait, but no one else is there to catch me. Oh, let me get her back and like do something really awesome and then, okay, back and forth. Does that resonate, Robby? Yeah, well, they want the comfort and the security of like having someone, right? It's like, that's why these people that we're describing, they're always in a relationship, but like it's kind of just for the security of being in a relationship when they're not actually doing the things that require the relationship to function. \", \"segments\": [{\"id\": 0, \"seek\": 0, \"start\": 0.0, \"end\": 3.0399999618530273, \"text\": \" She would get high all the time and just mentally check out.\", \"tokens\": [50364, 1240, 576, 483, 1090, 439, 264, 565, 293, 445, 17072, 1520, 484, 13, 50516], \"temperature\": 0.0, \"avg_logprob\": -0.3152253031730652, \"compression_ratio\": 1.9772727489471436, \"no_speech_prob\": 0.19416692852973938}, {\"id\": 1, \"seek\": 0, \"start\": 3.0399999618530273, \"end\": 5.28000020980835, \"text\": \" See, for y'all, it seems like it's hot and cold,\", \"tokens\": [50516, 3008, 11, 337, 288, 6, 336, 11, 309, 2544, 411, 309, 311, 2368, 293, 3554, 11, 50628], \"temperature\": 0.0, \"avg_logprob\": -0.3152253031730652, \"compression_ratio\": 1.9772727489471436, \"no_speech_prob\": 0.19416692852973938}, {\"id\": 2, \"seek\": 0, \"start\": 5.28000020980835, \"end\": 7.239999771118164, \"text\": \" hot and cold from kind of beginning to end.\", \"tokens\": [50628, 2368, 293, 3554, 490, 733, 295, 2863, 281, 917, 13, 50726], \"temperature\": 0.0, \"avg_logprob\": -0.3152253031730652, \"compression_ratio\": 1.9772727489471436, \"no_speech_prob\": 0.19416692852973938}, {\"id\": 3, \"seek\": 0, \"start\": 7.239999771118164, \"end\": 10.279999732971191, \"text\": \" For me, it's like specifically for a girl to guy situation\", \"tokens\": [50726, 1171, 385, 11, 309, 311, 411, 4682, 337, 257, 2013, 281, 2146, 2590, 50878], \"temperature\": 0.0, \"avg_logprob\": -0.3152253031730652, \"compression_ratio\": 1.9772727489471436, \"no_speech_prob\": 0.19416692852973938}, {\"id\": 4, \"seek\": 0, \"start\": 10.279999732971191, \"end\": 12.079999923706055, \"text\": \" where the guy is avoidant, or just my situation.\", \"tokens\": [50878, 689, 264, 2146, 307, 5042, 394, 11, 420, 445, 452, 2590, 13, 50968], \"temperature\": 0.0, \"avg_logprob\": -0.3152253031730652, \"compression_ratio\": 1.9772727489471436, \"no_speech_prob\": 0.19416692852973938}, {\"id\": 5, \"seek\": 0, \"start\": 12.079999923706055, \"end\": 14.15999984741211, \"text\": \" But for me, it was like very, very hot.\", \"tokens\": [50968, 583, 337, 385, 11, 309, 390, 411, 588, 11, 588, 2368, 13, 51072], \"temperature\": 0.0, \"avg_logprob\": -0.3152253031730652, \"compression_ratio\": 1.9772727489471436, \"no_speech_prob\": 0.19416692852973938}, {\"id\": 6, \"seek\": 0, \"start\": 14.15999984741211, \"end\": 15.720000267028809, \"text\": \" And then like towards the half mark\", \"tokens\": [51072, 400, 550, 411, 3030, 264, 1922, 1491, 51150], \"temperature\": 0.0, \"avg_logprob\": -0.3152253031730652, \"compression_ratio\": 1.9772727489471436, \"no_speech_prob\": 0.19416692852973938}, {\"id\": 7, \"seek\": 0, \"start\": 15.720000267028809, \"end\": 17.600000381469727, \"text\": \" and then started getting more and more cold.\", \"tokens\": [51150, 293, 550, 1409, 1242, 544, 293, 544, 3554, 13, 51244], \"temperature\": 0.0, \"avg_logprob\": -0.3152253031730652, \"compression_ratio\": 1.9772727489471436, \"no_speech_prob\": 0.19416692852973938}, {\"id\": 8, \"seek\": 0, \"start\": 17.600000381469727, \"end\": 18.559999465942383, \"text\": \" Yeah, I remember when this happened.\", \"tokens\": [51244, 865, 11, 286, 1604, 562, 341, 2011, 13, 51292], \"temperature\": 0.0, \"avg_logprob\": -0.3152253031730652, \"compression_ratio\": 1.9772727489471436, \"no_speech_prob\": 0.19416692852973938}, {\"id\": 9, \"seek\": 0, \"start\": 18.559999465942383, \"end\": 20.959999084472656, \"text\": \" He would sort of sabotage it and then he would lose it\", \"tokens\": [51292, 634, 576, 1333, 295, 37167, 609, 309, 293, 550, 415, 576, 3624, 309, 51412], \"temperature\": 0.0, \"avg_logprob\": -0.3152253031730652, \"compression_ratio\": 1.9772727489471436, \"no_speech_prob\": 0.19416692852973938}, {\"id\": 10, \"seek\": 0, \"start\": 20.959999084472656, \"end\": 21.959999084472656, \"text\": \" and then he would rush it back\", \"tokens\": [51412, 293, 550, 415, 576, 9300, 309, 646, 51462], \"temperature\": 0.0, \"avg_logprob\": -0.3152253031730652, \"compression_ratio\": 1.9772727489471436, \"no_speech_prob\": 0.19416692852973938}, {\"id\": 11, \"seek\": 0, \"start\": 21.959999084472656, \"end\": 22.959999084472656, \"text\": \" and then he would sabotage again.\", \"tokens\": [51462, 293, 550, 415, 576, 37167, 609, 797, 13, 51512], \"temperature\": 0.0, \"avg_logprob\": -0.3152253031730652, \"compression_ratio\": 1.9772727489471436, \"no_speech_prob\": 0.19416692852973938}, {\"id\": 12, \"seek\": 0, \"start\": 22.959999084472656, \"end\": 25.360000610351562, \"text\": \" It was more of a hot and cold towards the end.\", \"tokens\": [51512, 467, 390, 544, 295, 257, 2368, 293, 3554, 3030, 264, 917, 13, 51632], \"temperature\": 0.0, \"avg_logprob\": -0.3152253031730652, \"compression_ratio\": 1.9772727489471436, \"no_speech_prob\": 0.19416692852973938}, {\"id\": 13, \"seek\": 0, \"start\": 25.360000610351562, \"end\": 27.079999923706055, \"text\": \" Yeah, but it was like, like hot, hot, hot.\", \"tokens\": [51632, 865, 11, 457, 309, 390, 411, 11, 411, 2368, 11, 2368, 11, 2368, 13, 51718], \"temperature\": 0.0, \"avg_logprob\": -0.3152253031730652, \"compression_ratio\": 1.9772727489471436, \"no_speech_prob\": 0.19416692852973938}, {\"id\": 14, \"seek\": 0, \"start\": 27.079999923706055, \"end\": 28.239999771118164, \"text\": \" And then it's like, okay, shit,\", \"tokens\": [51718, 400, 550, 309, 311, 411, 11, 1392, 11, 4611, 11, 51776], \"temperature\": 0.0, \"avg_logprob\": -0.3152253031730652, \"compression_ratio\": 1.9772727489471436, \"no_speech_prob\": 0.19416692852973938}, {\"id\": 15, \"seek\": 0, \"start\": 28.239999771118164, \"end\": 29.15999984741211, \"text\": \" there's a lot of women can see it.\", \"tokens\": [51776, 456, 311, 257, 688, 295, 2266, 393, 536, 309, 13, 51822], \"temperature\": 0.0, \"avg_logprob\": -0.3152253031730652, \"compression_ratio\": 1.9772727489471436, \"no_speech_prob\": 0.19416692852973938}, {\"id\": 16, \"seek\": 2916, \"start\": 29.760000228881836, \"end\": 31.440000534057617, \"text\": \" I'm gonna sabotage this and then wait,\", \"tokens\": [50394, 286, 478, 799, 37167, 609, 341, 293, 550, 1699, 11, 50478], \"temperature\": 0.0, \"avg_logprob\": -0.2368829995393753, \"compression_ratio\": 1.7804054021835327, \"no_speech_prob\": 0.015187765471637249}, {\"id\": 17, \"seek\": 2916, \"start\": 31.440000534057617, \"end\": 32.79999923706055, \"text\": \" but no one else is there to catch me.\", \"tokens\": [50478, 457, 572, 472, 1646, 307, 456, 281, 3745, 385, 13, 50546], \"temperature\": 0.0, \"avg_logprob\": -0.2368829995393753, \"compression_ratio\": 1.7804054021835327, \"no_speech_prob\": 0.015187765471637249}, {\"id\": 18, \"seek\": 2916, \"start\": 32.79999923706055, \"end\": 35.599998474121094, \"text\": \" Oh, let me get her back and like do something really awesome\", \"tokens\": [50546, 876, 11, 718, 385, 483, 720, 646, 293, 411, 360, 746, 534, 3476, 50686], \"temperature\": 0.0, \"avg_logprob\": -0.2368829995393753, \"compression_ratio\": 1.7804054021835327, \"no_speech_prob\": 0.015187765471637249}, {\"id\": 19, \"seek\": 2916, \"start\": 35.599998474121094, \"end\": 36.79999923706055, \"text\": \" and then, okay, back and forth.\", \"tokens\": [50686, 293, 550, 11, 1392, 11, 646, 293, 5220, 13, 50746], \"temperature\": 0.0, \"avg_logprob\": -0.2368829995393753, \"compression_ratio\": 1.7804054021835327, \"no_speech_prob\": 0.015187765471637249}, {\"id\": 20, \"seek\": 2916, \"start\": 36.79999923706055, \"end\": 37.959999084472656, \"text\": \" Does that resonate, Robby?\", \"tokens\": [50746, 4402, 300, 34285, 11, 5424, 2322, 30, 50804], \"temperature\": 0.0, \"avg_logprob\": -0.2368829995393753, \"compression_ratio\": 1.7804054021835327, \"no_speech_prob\": 0.015187765471637249}, {\"id\": 21, \"seek\": 2916, \"start\": 37.959999084472656, \"end\": 39.439998626708984, \"text\": \" Yeah, well, they want the comfort\", \"tokens\": [50804, 865, 11, 731, 11, 436, 528, 264, 3400, 50878], \"temperature\": 0.0, \"avg_logprob\": -0.2368829995393753, \"compression_ratio\": 1.7804054021835327, \"no_speech_prob\": 0.015187765471637249}, {\"id\": 22, \"seek\": 2916, \"start\": 39.439998626708984, \"end\": 42.08000183105469, \"text\": \" and the security of like having someone, right?\", \"tokens\": [50878, 293, 264, 3825, 295, 411, 1419, 1580, 11, 558, 30, 51010], \"temperature\": 0.0, \"avg_logprob\": -0.2368829995393753, \"compression_ratio\": 1.7804054021835327, \"no_speech_prob\": 0.015187765471637249}, {\"id\": 23, \"seek\": 2916, \"start\": 42.08000183105469, \"end\": 44.63999938964844, \"text\": \" It's like, that's why these people that we're describing,\", \"tokens\": [51010, 467, 311, 411, 11, 300, 311, 983, 613, 561, 300, 321, 434, 16141, 11, 51138], \"temperature\": 0.0, \"avg_logprob\": -0.2368829995393753, \"compression_ratio\": 1.7804054021835327, \"no_speech_prob\": 0.015187765471637249}, {\"id\": 24, \"seek\": 2916, \"start\": 44.63999938964844, \"end\": 46.20000076293945, \"text\": \" they're always in a relationship,\", \"tokens\": [51138, 436, 434, 1009, 294, 257, 2480, 11, 51216], \"temperature\": 0.0, \"avg_logprob\": -0.2368829995393753, \"compression_ratio\": 1.7804054021835327, \"no_speech_prob\": 0.015187765471637249}, {\"id\": 25, \"seek\": 2916, \"start\": 46.20000076293945, \"end\": 48.63999938964844, \"text\": \" but like it's kind of just for the security\", \"tokens\": [51216, 457, 411, 309, 311, 733, 295, 445, 337, 264, 3825, 51338], \"temperature\": 0.0, \"avg_logprob\": -0.2368829995393753, \"compression_ratio\": 1.7804054021835327, \"no_speech_prob\": 0.015187765471637249}, {\"id\": 26, \"seek\": 2916, \"start\": 48.63999938964844, \"end\": 49.68000030517578, \"text\": \" of being in a relationship\", \"tokens\": [51338, 295, 885, 294, 257, 2480, 51390], \"temperature\": 0.0, \"avg_logprob\": -0.2368829995393753, \"compression_ratio\": 1.7804054021835327, \"no_speech_prob\": 0.015187765471637249}, {\"id\": 27, \"seek\": 2916, \"start\": 49.68000030517578, \"end\": 52.0, \"text\": \" when they're not actually doing the things\", \"tokens\": [51390, 562, 436, 434, 406, 767, 884, 264, 721, 51506], \"temperature\": 0.0, \"avg_logprob\": -0.2368829995393753, \"compression_ratio\": 1.7804054021835327, \"no_speech_prob\": 0.015187765471637249}, {\"id\": 28, \"seek\": 2916, \"start\": 52.0, \"end\": 54.119998931884766, \"text\": \" that require the relationship to function.\", \"tokens\": [51506, 300, 3651, 264, 2480, 281, 2445, 13, 51612], \"temperature\": 0.0, \"avg_logprob\": -0.2368829995393753, \"compression_ratio\": 1.7804054021835327, \"no_speech_prob\": 0.015187765471637249}]}"}