{"title": "The shocking reason why guys with lower IQs are often more successful with women\u2026", "video_id": "6n6JAa4DsB0", "video_url": "https://www.youtube.com/watch?v=6n6JAa4DsB0", "description": "", "published_at": "2023-07-31T18:54:31Z", "channel_id": "UC0O-ohYDF4P66HW9XJ4Us8w", "channel_title": "Robbie Kramer", "tags": [], "category_id": "24", "live_broadcast_content": "none", "duration": 61.0, "dimension": "2d", "definition": "hd", "caption": "false", "view_count": 153, "like_count": 4, "comment_count": 0, "channel_info": {"title": "Robbie Kramer", "description": "I'm Robbie Kramer \ud83c\udf99Host of The Inner Confidence Podcast & Founder of Inner Confidence, Inc.\n\nI lived an exhilarating single life filled with adventures and lessons, and ultimately achieved what I had always aspired to \u2013 finding an amazing, feminine, and loving wife. \n\nI believe my experiences provide a rare balance of wild freedom and committed love, equipping me with the insights to help you navigate the complexities of dating and relationships in today's world. Let me guide you to embrace your desires, improve your social prowess, and ultimately attract the partner who aligns with your highest aspirations.\n\nYou won\u2019t find any fluffy, new-age, or cringy stuff here, just tested, proven and actionable advice that yields results.\n\nApply to join our exclusive Inner Confidence Community of ambitious men who are actively working together to achieve their goals faster   \u25ba https://innerconfidence.com/community\n\nYou can email me at robbie@innerconfidence.com with any questions or comments.\n", "subscriber_count": "1270", "total_views": "604693", "total_videos": "470"}, "comments": [], "file_path": "/Users/aelaguiz/workspace/fc_book/audio/raws/6n6JAa4DsB0.mp3", "transcription": "{\"text\": \"And guys come to me and they're like, I feel like some things is broken. Girls just like, don't see my value. I get passed over. It's like the only reason that's happening is because like you don't understand how these psychological concepts work. And our society is designed to make you not understand them. Like everything is set up for you to like go to school, get a good job, excel, all the things that make you successful financially, successful with your career, like getting good grades. None of that shit translates to girls. It's like the opposite translates. Like the guy with a 130 IQ has just a good of a chance getting laid as a guy with like the 80 IQ, even worse than the guy with the 80 IQ. Because the 80 IQ like doesn't worry about like getting his degree in astrophysics. He's just like, oh, I'm going to watch this movie of like this Fight Club guy and just act like that guy. First rule of Fight Club is you do not talk about Fight Club. Everything you've done to be successful, if you're like banging your head against the wall, being like, why the fuck am I not getting success with women that I deserve? It's just because you haven't been trained in the right way. Like you don't understand these concepts. And it's not your fault that you don't understand that shit. You just haven't had the right mentor. You got caught up in the pickup shit like I did. Before you went down the red pill rabbit hole. \", \"segments\": [{\"id\": 0, \"seek\": 0, \"start\": 0.0, \"end\": 2.799999952316284, \"text\": \" And guys come to me and they're like, I feel like some things is broken.\", \"tokens\": [50364, 400, 1074, 808, 281, 385, 293, 436, 434, 411, 11, 286, 841, 411, 512, 721, 307, 5463, 13, 50504], \"temperature\": 0.0, \"avg_logprob\": -0.25922447443008423, \"compression_ratio\": 1.7931034564971924, \"no_speech_prob\": 0.45518070459365845}, {\"id\": 1, \"seek\": 0, \"start\": 2.799999952316284, \"end\": 4.559999942779541, \"text\": \" Girls just like, don't see my value.\", \"tokens\": [50504, 16245, 445, 411, 11, 500, 380, 536, 452, 2158, 13, 50592], \"temperature\": 0.0, \"avg_logprob\": -0.25922447443008423, \"compression_ratio\": 1.7931034564971924, \"no_speech_prob\": 0.45518070459365845}, {\"id\": 2, \"seek\": 0, \"start\": 4.559999942779541, \"end\": 5.360000133514404, \"text\": \" I get passed over.\", \"tokens\": [50592, 286, 483, 4678, 670, 13, 50632], \"temperature\": 0.0, \"avg_logprob\": -0.25922447443008423, \"compression_ratio\": 1.7931034564971924, \"no_speech_prob\": 0.45518070459365845}, {\"id\": 3, \"seek\": 0, \"start\": 5.360000133514404, \"end\": 8.84000015258789, \"text\": \" It's like the only reason that's happening is because like you don't understand\", \"tokens\": [50632, 467, 311, 411, 264, 787, 1778, 300, 311, 2737, 307, 570, 411, 291, 500, 380, 1223, 50806], \"temperature\": 0.0, \"avg_logprob\": -0.25922447443008423, \"compression_ratio\": 1.7931034564971924, \"no_speech_prob\": 0.45518070459365845}, {\"id\": 4, \"seek\": 0, \"start\": 8.84000015258789, \"end\": 10.84000015258789, \"text\": \" how these psychological concepts work.\", \"tokens\": [50806, 577, 613, 14346, 10392, 589, 13, 50906], \"temperature\": 0.0, \"avg_logprob\": -0.25922447443008423, \"compression_ratio\": 1.7931034564971924, \"no_speech_prob\": 0.45518070459365845}, {\"id\": 5, \"seek\": 0, \"start\": 10.84000015258789, \"end\": 14.199999809265137, \"text\": \" And our society is designed to make you not understand them.\", \"tokens\": [50906, 400, 527, 4086, 307, 4761, 281, 652, 291, 406, 1223, 552, 13, 51074], \"temperature\": 0.0, \"avg_logprob\": -0.25922447443008423, \"compression_ratio\": 1.7931034564971924, \"no_speech_prob\": 0.45518070459365845}, {\"id\": 6, \"seek\": 0, \"start\": 14.279999732971191, \"end\": 18.200000762939453, \"text\": \" Like everything is set up for you to like go to school, get a good job, excel,\", \"tokens\": [51078, 1743, 1203, 307, 992, 493, 337, 291, 281, 411, 352, 281, 1395, 11, 483, 257, 665, 1691, 11, 24015, 11, 51274], \"temperature\": 0.0, \"avg_logprob\": -0.25922447443008423, \"compression_ratio\": 1.7931034564971924, \"no_speech_prob\": 0.45518070459365845}, {\"id\": 7, \"seek\": 0, \"start\": 18.200000762939453, \"end\": 22.15999984741211, \"text\": \" all the things that make you successful financially, successful with your career,\", \"tokens\": [51274, 439, 264, 721, 300, 652, 291, 4406, 20469, 11, 4406, 365, 428, 3988, 11, 51472], \"temperature\": 0.0, \"avg_logprob\": -0.25922447443008423, \"compression_ratio\": 1.7931034564971924, \"no_speech_prob\": 0.45518070459365845}, {\"id\": 8, \"seek\": 0, \"start\": 22.15999984741211, \"end\": 23.239999771118164, \"text\": \" like getting good grades.\", \"tokens\": [51472, 411, 1242, 665, 18041, 13, 51526], \"temperature\": 0.0, \"avg_logprob\": -0.25922447443008423, \"compression_ratio\": 1.7931034564971924, \"no_speech_prob\": 0.45518070459365845}, {\"id\": 9, \"seek\": 0, \"start\": 23.239999771118164, \"end\": 24.799999237060547, \"text\": \" None of that shit translates to girls.\", \"tokens\": [51526, 14492, 295, 300, 4611, 28468, 281, 4519, 13, 51604], \"temperature\": 0.0, \"avg_logprob\": -0.25922447443008423, \"compression_ratio\": 1.7931034564971924, \"no_speech_prob\": 0.45518070459365845}, {\"id\": 10, \"seek\": 0, \"start\": 24.799999237060547, \"end\": 26.0, \"text\": \" It's like the opposite translates.\", \"tokens\": [51604, 467, 311, 411, 264, 6182, 28468, 13, 51664], \"temperature\": 0.0, \"avg_logprob\": -0.25922447443008423, \"compression_ratio\": 1.7931034564971924, \"no_speech_prob\": 0.45518070459365845}, {\"id\": 11, \"seek\": 0, \"start\": 26.0, \"end\": 28.280000686645508, \"text\": \" Like the guy with a 130 IQ has just a good of a chance\", \"tokens\": [51664, 1743, 264, 2146, 365, 257, 19966, 28921, 575, 445, 257, 665, 295, 257, 2931, 51778], \"temperature\": 0.0, \"avg_logprob\": -0.25922447443008423, \"compression_ratio\": 1.7931034564971924, \"no_speech_prob\": 0.45518070459365845}, {\"id\": 12, \"seek\": 2828, \"start\": 28.280000686645508, \"end\": 32.119998931884766, \"text\": \" getting laid as a guy with like the 80 IQ, even worse than the guy with the 80 IQ.\", \"tokens\": [50364, 1242, 9897, 382, 257, 2146, 365, 411, 264, 4688, 28921, 11, 754, 5324, 813, 264, 2146, 365, 264, 4688, 28921, 13, 50556], \"temperature\": 0.0, \"avg_logprob\": -0.24424070119857788, \"compression_ratio\": 1.9113924503326416, \"no_speech_prob\": 0.14801931381225586}, {\"id\": 13, \"seek\": 2828, \"start\": 32.119998931884766, \"end\": 35.36000061035156, \"text\": \" Because the 80 IQ like doesn't worry about like getting his degree in astrophysics.\", \"tokens\": [50556, 1436, 264, 4688, 28921, 411, 1177, 380, 3292, 466, 411, 1242, 702, 4314, 294, 5357, 11741, 41732, 13, 50718], \"temperature\": 0.0, \"avg_logprob\": -0.24424070119857788, \"compression_ratio\": 1.9113924503326416, \"no_speech_prob\": 0.14801931381225586}, {\"id\": 14, \"seek\": 2828, \"start\": 35.36000061035156, \"end\": 38.47999954223633, \"text\": \" He's just like, oh, I'm going to watch this movie of like this Fight Club guy\", \"tokens\": [50718, 634, 311, 445, 411, 11, 1954, 11, 286, 478, 516, 281, 1159, 341, 3169, 295, 411, 341, 12371, 11288, 2146, 50874], \"temperature\": 0.0, \"avg_logprob\": -0.24424070119857788, \"compression_ratio\": 1.9113924503326416, \"no_speech_prob\": 0.14801931381225586}, {\"id\": 15, \"seek\": 2828, \"start\": 38.47999954223633, \"end\": 39.400001525878906, \"text\": \" and just act like that guy.\", \"tokens\": [50874, 293, 445, 605, 411, 300, 2146, 13, 50920], \"temperature\": 0.0, \"avg_logprob\": -0.24424070119857788, \"compression_ratio\": 1.9113924503326416, \"no_speech_prob\": 0.14801931381225586}, {\"id\": 16, \"seek\": 2828, \"start\": 39.400001525878906, \"end\": 42.119998931884766, \"text\": \" First rule of Fight Club is you do not talk about Fight Club.\", \"tokens\": [50920, 2386, 4978, 295, 12371, 11288, 307, 291, 360, 406, 751, 466, 12371, 11288, 13, 51056], \"temperature\": 0.0, \"avg_logprob\": -0.24424070119857788, \"compression_ratio\": 1.9113924503326416, \"no_speech_prob\": 0.14801931381225586}, {\"id\": 17, \"seek\": 2828, \"start\": 42.31999969482422, \"end\": 44.0, \"text\": \" Everything you've done to be successful,\", \"tokens\": [51066, 5471, 291, 600, 1096, 281, 312, 4406, 11, 51150], \"temperature\": 0.0, \"avg_logprob\": -0.24424070119857788, \"compression_ratio\": 1.9113924503326416, \"no_speech_prob\": 0.14801931381225586}, {\"id\": 18, \"seek\": 2828, \"start\": 44.0, \"end\": 45.560001373291016, \"text\": \" if you're like banging your head against the wall, being like,\", \"tokens\": [51150, 498, 291, 434, 411, 36982, 428, 1378, 1970, 264, 2929, 11, 885, 411, 11, 51228], \"temperature\": 0.0, \"avg_logprob\": -0.24424070119857788, \"compression_ratio\": 1.9113924503326416, \"no_speech_prob\": 0.14801931381225586}, {\"id\": 19, \"seek\": 2828, \"start\": 45.560001373291016, \"end\": 48.36000061035156, \"text\": \" why the fuck am I not getting success with women that I deserve?\", \"tokens\": [51228, 983, 264, 3275, 669, 286, 406, 1242, 2245, 365, 2266, 300, 286, 9948, 30, 51368], \"temperature\": 0.0, \"avg_logprob\": -0.24424070119857788, \"compression_ratio\": 1.9113924503326416, \"no_speech_prob\": 0.14801931381225586}, {\"id\": 20, \"seek\": 2828, \"start\": 48.36000061035156, \"end\": 50.720001220703125, \"text\": \" It's just because you haven't been trained in the right way.\", \"tokens\": [51368, 467, 311, 445, 570, 291, 2378, 380, 668, 8895, 294, 264, 558, 636, 13, 51486], \"temperature\": 0.0, \"avg_logprob\": -0.24424070119857788, \"compression_ratio\": 1.9113924503326416, \"no_speech_prob\": 0.14801931381225586}, {\"id\": 21, \"seek\": 2828, \"start\": 50.720001220703125, \"end\": 52.2400016784668, \"text\": \" Like you don't understand these concepts.\", \"tokens\": [51486, 1743, 291, 500, 380, 1223, 613, 10392, 13, 51562], \"temperature\": 0.0, \"avg_logprob\": -0.24424070119857788, \"compression_ratio\": 1.9113924503326416, \"no_speech_prob\": 0.14801931381225586}, {\"id\": 22, \"seek\": 2828, \"start\": 52.2400016784668, \"end\": 54.08000183105469, \"text\": \" And it's not your fault that you don't understand that shit.\", \"tokens\": [51562, 400, 309, 311, 406, 428, 7441, 300, 291, 500, 380, 1223, 300, 4611, 13, 51654], \"temperature\": 0.0, \"avg_logprob\": -0.24424070119857788, \"compression_ratio\": 1.9113924503326416, \"no_speech_prob\": 0.14801931381225586}, {\"id\": 23, \"seek\": 2828, \"start\": 54.08000183105469, \"end\": 55.720001220703125, \"text\": \" You just haven't had the right mentor.\", \"tokens\": [51654, 509, 445, 2378, 380, 632, 264, 558, 14478, 13, 51736], \"temperature\": 0.0, \"avg_logprob\": -0.24424070119857788, \"compression_ratio\": 1.9113924503326416, \"no_speech_prob\": 0.14801931381225586}, {\"id\": 24, \"seek\": 2828, \"start\": 55.720001220703125, \"end\": 57.52000045776367, \"text\": \" You got caught up in the pickup shit like I did.\", \"tokens\": [51736, 509, 658, 5415, 493, 294, 264, 25328, 4611, 411, 286, 630, 13, 51826], \"temperature\": 0.0, \"avg_logprob\": -0.24424070119857788, \"compression_ratio\": 1.9113924503326416, \"no_speech_prob\": 0.14801931381225586}, {\"id\": 25, \"seek\": 5752, \"start\": 57.52000045776367, \"end\": 60.31999969482422, \"text\": \" Before you went down the red pill rabbit hole.\", \"tokens\": [50364, 4546, 291, 1437, 760, 264, 2182, 8100, 19509, 5458, 13, 50504], \"temperature\": 0.0, \"avg_logprob\": -0.6701598763465881, \"compression_ratio\": 0.8518518805503845, \"no_speech_prob\": 0.8216161727905273}]}"}