{"title": "Inside the shocking experiment of dating abundance\u2026", "video_id": "6pWUC94YIcw", "video_url": "https://www.youtube.com/watch?v=6pWUC94YIcw", "description": "", "published_at": "2023-05-25T16:59:11Z", "channel_id": "UC0O-ohYDF4P66HW9XJ4Us8w", "channel_title": "Robbie Kramer", "tags": [], "category_id": "24", "live_broadcast_content": "none", "duration": 57.0, "dimension": "2d", "definition": "hd", "caption": "false", "view_count": 113, "like_count": 3, "comment_count": 0, "channel_info": {"title": "Robbie Kramer", "description": "I'm Robbie Kramer \ud83c\udf99Host of The Inner Confidence Podcast & Founder of Inner Confidence, Inc.\n\nI lived an exhilarating single life filled with adventures and lessons, and ultimately achieved what I had always aspired to \u2013 finding an amazing, feminine, and loving wife. \n\nI believe my experiences provide a rare balance of wild freedom and committed love, equipping me with the insights to help you navigate the complexities of dating and relationships in today's world. Let me guide you to embrace your desires, improve your social prowess, and ultimately attract the partner who aligns with your highest aspirations.\n\nYou won\u2019t find any fluffy, new-age, or cringy stuff here, just tested, proven and actionable advice that yields results.\n\nApply to join our exclusive Inner Confidence Community of ambitious men who are actively working together to achieve their goals faster   \u25ba https://innerconfidence.com/community\n\nYou can email me at robbie@innerconfidence.com with any questions or comments.\n", "subscriber_count": "1270", "total_views": "604693", "total_videos": "470"}, "comments": [], "file_path": "/Users/aelaguiz/workspace/fc_book/audio/raws/6pWUC94YIcw.mp3", "transcription": "{\"text\": \"a challenge back in 2013 when I was living in New York City, I mean this is 10 years ago, but it was right when Tinder was like getting going. I tried to go on 50 first dates in a month, in 30 days. So I had to triple book every night, just like you were explaining. And because I was trying to go on 50 first dates, I would intentionally end dates, but then as that continued, and I realized, second dates, third dates started trickling in and it just became incredibly overwhelming. But I was like, all right, well, how can I deal with this? Well, I'm going to schedule the ones I like the most towards the end of the evening. So if things do go well, then I don't have that like shot clock to end the date. And it was very eye opening, just like being in that level of abundance, where you go from like, oh my God, I hope this girl doesn't flake to like, I really hope one of these girls flakes because if they don't. \", \"segments\": [{\"id\": 0, \"seek\": 0, \"start\": 0.0, \"end\": 3.880000114440918, \"text\": \" a challenge back in 2013 when I was living in New York City, I mean this is 10 years\", \"tokens\": [50364, 257, 3430, 646, 294, 9012, 562, 286, 390, 2647, 294, 1873, 3609, 4392, 11, 286, 914, 341, 307, 1266, 924, 50558], \"temperature\": 0.0, \"avg_logprob\": -0.30614355206489563, \"compression_ratio\": 1.6323529481887817, \"no_speech_prob\": 0.13293054699897766}, {\"id\": 1, \"seek\": 0, \"start\": 3.880000114440918, \"end\": 9.359999656677246, \"text\": \" ago, but it was right when Tinder was like getting going. I tried to go on 50 first dates\", \"tokens\": [50558, 2057, 11, 457, 309, 390, 558, 562, 49341, 390, 411, 1242, 516, 13, 286, 3031, 281, 352, 322, 2625, 700, 11691, 50832], \"temperature\": 0.0, \"avg_logprob\": -0.30614355206489563, \"compression_ratio\": 1.6323529481887817, \"no_speech_prob\": 0.13293054699897766}, {\"id\": 2, \"seek\": 0, \"start\": 9.359999656677246, \"end\": 16.440000534057617, \"text\": \" in a month, in 30 days. So I had to triple book every night, just like you were explaining.\", \"tokens\": [50832, 294, 257, 1618, 11, 294, 2217, 1708, 13, 407, 286, 632, 281, 15508, 1446, 633, 1818, 11, 445, 411, 291, 645, 13468, 13, 51186], \"temperature\": 0.0, \"avg_logprob\": -0.30614355206489563, \"compression_ratio\": 1.6323529481887817, \"no_speech_prob\": 0.13293054699897766}, {\"id\": 3, \"seek\": 0, \"start\": 16.440000534057617, \"end\": 21.600000381469727, \"text\": \" And because I was trying to go on 50 first dates, I would intentionally end dates, but\", \"tokens\": [51186, 400, 570, 286, 390, 1382, 281, 352, 322, 2625, 700, 11691, 11, 286, 576, 22062, 917, 11691, 11, 457, 51444], \"temperature\": 0.0, \"avg_logprob\": -0.30614355206489563, \"compression_ratio\": 1.6323529481887817, \"no_speech_prob\": 0.13293054699897766}, {\"id\": 4, \"seek\": 0, \"start\": 21.600000381469727, \"end\": 26.520000457763672, \"text\": \" then as that continued, and I realized, second dates, third dates started trickling in and\", \"tokens\": [51444, 550, 382, 300, 7014, 11, 293, 286, 5334, 11, 1150, 11691, 11, 2636, 11691, 1409, 4282, 1688, 294, 293, 51690], \"temperature\": 0.0, \"avg_logprob\": -0.30614355206489563, \"compression_ratio\": 1.6323529481887817, \"no_speech_prob\": 0.13293054699897766}, {\"id\": 5, \"seek\": 2652, \"start\": 26.520000457763672, \"end\": 31.68000030517578, \"text\": \" it just became incredibly overwhelming. But I was like, all right, well, how can I deal\", \"tokens\": [50364, 309, 445, 3062, 6252, 13373, 13, 583, 286, 390, 411, 11, 439, 558, 11, 731, 11, 577, 393, 286, 2028, 50622], \"temperature\": 0.0, \"avg_logprob\": -0.2567145526409149, \"compression_ratio\": 1.6503759622573853, \"no_speech_prob\": 0.20943015813827515}, {\"id\": 6, \"seek\": 2652, \"start\": 31.68000030517578, \"end\": 34.79999923706055, \"text\": \" with this? Well, I'm going to schedule the ones I like the most towards the end of the\", \"tokens\": [50622, 365, 341, 30, 1042, 11, 286, 478, 516, 281, 7567, 264, 2306, 286, 411, 264, 881, 3030, 264, 917, 295, 264, 50778], \"temperature\": 0.0, \"avg_logprob\": -0.2567145526409149, \"compression_ratio\": 1.6503759622573853, \"no_speech_prob\": 0.20943015813827515}, {\"id\": 7, \"seek\": 2652, \"start\": 34.79999923706055, \"end\": 43.15999984741211, \"text\": \" evening. So if things do go well, then I don't have that like shot clock to end the date.\", \"tokens\": [50778, 5634, 13, 407, 498, 721, 360, 352, 731, 11, 550, 286, 500, 380, 362, 300, 411, 3347, 7830, 281, 917, 264, 4002, 13, 51196], \"temperature\": 0.0, \"avg_logprob\": -0.2567145526409149, \"compression_ratio\": 1.6503759622573853, \"no_speech_prob\": 0.20943015813827515}, {\"id\": 8, \"seek\": 2652, \"start\": 43.15999984741211, \"end\": 50.0, \"text\": \" And it was very eye opening, just like being in that level of abundance, where you go from\", \"tokens\": [51196, 400, 309, 390, 588, 3313, 5193, 11, 445, 411, 885, 294, 300, 1496, 295, 23391, 11, 689, 291, 352, 490, 51538], \"temperature\": 0.0, \"avg_logprob\": -0.2567145526409149, \"compression_ratio\": 1.6503759622573853, \"no_speech_prob\": 0.20943015813827515}, {\"id\": 9, \"seek\": 2652, \"start\": 50.0, \"end\": 53.20000076293945, \"text\": \" like, oh my God, I hope this girl doesn't flake to like, I really hope one of these\", \"tokens\": [51538, 411, 11, 1954, 452, 1265, 11, 286, 1454, 341, 2013, 1177, 380, 932, 619, 281, 411, 11, 286, 534, 1454, 472, 295, 613, 51698], \"temperature\": 0.0, \"avg_logprob\": -0.2567145526409149, \"compression_ratio\": 1.6503759622573853, \"no_speech_prob\": 0.20943015813827515}, {\"id\": 10, \"seek\": 5320, \"start\": 53.20000076293945, \"end\": 56.31999969482422, \"text\": \" girls flakes because if they don't.\", \"tokens\": [50364, 4519, 35392, 570, 498, 436, 500, 380, 13, 50520], \"temperature\": 0.0, \"avg_logprob\": -0.740675687789917, \"compression_ratio\": 0.8139534592628479, \"no_speech_prob\": 0.955102264881134}]}"}