{"title": "Stop ogling over chick on social media, it\u2019s pathetic!", "video_id": "6qp4Ut9tcT8", "video_url": "https://www.youtube.com/watch?v=6qp4Ut9tcT8", "description": "", "published_at": "2023-05-10T02:14:15Z", "channel_id": "UC0O-ohYDF4P66HW9XJ4Us8w", "channel_title": "Robbie Kramer", "tags": [], "category_id": "24", "live_broadcast_content": "none", "duration": 30.0, "dimension": "2d", "definition": "hd", "caption": "false", "view_count": 209, "like_count": 1, "comment_count": 0, "channel_info": {"title": "Robbie Kramer", "description": "I'm Robbie Kramer \ud83c\udf99Host of The Inner Confidence Podcast & Founder of Inner Confidence, Inc.\n\nI lived an exhilarating single life filled with adventures and lessons, and ultimately achieved what I had always aspired to \u2013 finding an amazing, feminine, and loving wife. \n\nI believe my experiences provide a rare balance of wild freedom and committed love, equipping me with the insights to help you navigate the complexities of dating and relationships in today's world. Let me guide you to embrace your desires, improve your social prowess, and ultimately attract the partner who aligns with your highest aspirations.\n\nYou won\u2019t find any fluffy, new-age, or cringy stuff here, just tested, proven and actionable advice that yields results.\n\nApply to join our exclusive Inner Confidence Community of ambitious men who are actively working together to achieve their goals faster   \u25ba https://innerconfidence.com/community\n\nYou can email me at robbie@innerconfidence.com with any questions or comments.\n", "subscriber_count": "1270", "total_views": "604693", "total_videos": "470"}, "comments": [], "file_path": "/Users/aelaguiz/workspace/fc_book/audio/raws/6qp4Ut9tcT8.mp3", "transcription": "{\"text\": \"Thinking that you can go on a hot girl's profile so you're so sexy, and that's gonna work. It's unfathomable to me that so many dudes do this day in and day out. They're just resonating at such a low frequency and such a low idiotic level. It's just silly. But that's the competition for most of these girls. What they're not seeing a lot of are cool guys authentically sharing what's going on in their day-to-day life who they've met on some other form. Like you meet a girl on Tinder, for example, right? And then you get off the app as fast as possible. You get on Instagram. And if you just simply live your own life and be willing to be vulnerable and share about like what you're up to, if she likes you, she's gonna let you know. \", \"segments\": [{\"id\": 0, \"seek\": 0, \"start\": 0.0, \"end\": 1.7400000095367432, \"text\": \" Thinking that you can go on a hot girl's profile\", \"tokens\": [50364, 24460, 300, 291, 393, 352, 322, 257, 2368, 2013, 311, 7964, 50451], \"temperature\": 0.0, \"avg_logprob\": -0.24527229368686676, \"compression_ratio\": 1.7820823192596436, \"no_speech_prob\": 0.0004070010327268392}, {\"id\": 1, \"seek\": 0, \"start\": 1.7400000095367432, \"end\": 3.4200000762939453, \"text\": \" so you're so sexy, and that's gonna work.\", \"tokens\": [50451, 370, 291, 434, 370, 13701, 11, 293, 300, 311, 799, 589, 13, 50535], \"temperature\": 0.0, \"avg_logprob\": -0.24527229368686676, \"compression_ratio\": 1.7820823192596436, \"no_speech_prob\": 0.0004070010327268392}, {\"id\": 2, \"seek\": 0, \"start\": 3.4200000762939453, \"end\": 5.460000038146973, \"text\": \" It's unfathomable to me that so many dudes\", \"tokens\": [50535, 467, 311, 3971, 998, 298, 712, 281, 385, 300, 370, 867, 27717, 50637], \"temperature\": 0.0, \"avg_logprob\": -0.24527229368686676, \"compression_ratio\": 1.7820823192596436, \"no_speech_prob\": 0.0004070010327268392}, {\"id\": 3, \"seek\": 0, \"start\": 5.460000038146973, \"end\": 6.539999961853027, \"text\": \" do this day in and day out.\", \"tokens\": [50637, 360, 341, 786, 294, 293, 786, 484, 13, 50691], \"temperature\": 0.0, \"avg_logprob\": -0.24527229368686676, \"compression_ratio\": 1.7820823192596436, \"no_speech_prob\": 0.0004070010327268392}, {\"id\": 4, \"seek\": 0, \"start\": 6.539999961853027, \"end\": 8.420000076293945, \"text\": \" They're just resonating at such a low frequency\", \"tokens\": [50691, 814, 434, 445, 12544, 990, 412, 1270, 257, 2295, 7893, 50785], \"temperature\": 0.0, \"avg_logprob\": -0.24527229368686676, \"compression_ratio\": 1.7820823192596436, \"no_speech_prob\": 0.0004070010327268392}, {\"id\": 5, \"seek\": 0, \"start\": 8.420000076293945, \"end\": 9.779999732971191, \"text\": \" and such a low idiotic level.\", \"tokens\": [50785, 293, 1270, 257, 2295, 14270, 299, 1496, 13, 50853], \"temperature\": 0.0, \"avg_logprob\": -0.24527229368686676, \"compression_ratio\": 1.7820823192596436, \"no_speech_prob\": 0.0004070010327268392}, {\"id\": 6, \"seek\": 0, \"start\": 9.779999732971191, \"end\": 10.619999885559082, \"text\": \" It's just silly.\", \"tokens\": [50853, 467, 311, 445, 11774, 13, 50895], \"temperature\": 0.0, \"avg_logprob\": -0.24527229368686676, \"compression_ratio\": 1.7820823192596436, \"no_speech_prob\": 0.0004070010327268392}, {\"id\": 7, \"seek\": 0, \"start\": 10.619999885559082, \"end\": 12.65999984741211, \"text\": \" But that's the competition for most of these girls.\", \"tokens\": [50895, 583, 300, 311, 264, 6211, 337, 881, 295, 613, 4519, 13, 50997], \"temperature\": 0.0, \"avg_logprob\": -0.24527229368686676, \"compression_ratio\": 1.7820823192596436, \"no_speech_prob\": 0.0004070010327268392}, {\"id\": 8, \"seek\": 0, \"start\": 12.65999984741211, \"end\": 14.779999732971191, \"text\": \" What they're not seeing a lot of are cool guys\", \"tokens\": [50997, 708, 436, 434, 406, 2577, 257, 688, 295, 366, 1627, 1074, 51103], \"temperature\": 0.0, \"avg_logprob\": -0.24527229368686676, \"compression_ratio\": 1.7820823192596436, \"no_speech_prob\": 0.0004070010327268392}, {\"id\": 9, \"seek\": 0, \"start\": 14.779999732971191, \"end\": 16.979999542236328, \"text\": \" authentically sharing what's going on in their day-to-day life\", \"tokens\": [51103, 9214, 984, 5414, 437, 311, 516, 322, 294, 641, 786, 12, 1353, 12, 810, 993, 51213], \"temperature\": 0.0, \"avg_logprob\": -0.24527229368686676, \"compression_ratio\": 1.7820823192596436, \"no_speech_prob\": 0.0004070010327268392}, {\"id\": 10, \"seek\": 0, \"start\": 16.979999542236328, \"end\": 18.260000228881836, \"text\": \" who they've met on some other form.\", \"tokens\": [51213, 567, 436, 600, 1131, 322, 512, 661, 1254, 13, 51277], \"temperature\": 0.0, \"avg_logprob\": -0.24527229368686676, \"compression_ratio\": 1.7820823192596436, \"no_speech_prob\": 0.0004070010327268392}, {\"id\": 11, \"seek\": 0, \"start\": 18.260000228881836, \"end\": 19.860000610351562, \"text\": \" Like you meet a girl on Tinder, for example, right?\", \"tokens\": [51277, 1743, 291, 1677, 257, 2013, 322, 49341, 11, 337, 1365, 11, 558, 30, 51357], \"temperature\": 0.0, \"avg_logprob\": -0.24527229368686676, \"compression_ratio\": 1.7820823192596436, \"no_speech_prob\": 0.0004070010327268392}, {\"id\": 12, \"seek\": 0, \"start\": 19.860000610351562, \"end\": 21.65999984741211, \"text\": \" And then you get off the app as fast as possible.\", \"tokens\": [51357, 400, 550, 291, 483, 766, 264, 724, 382, 2370, 382, 1944, 13, 51447], \"temperature\": 0.0, \"avg_logprob\": -0.24527229368686676, \"compression_ratio\": 1.7820823192596436, \"no_speech_prob\": 0.0004070010327268392}, {\"id\": 13, \"seek\": 0, \"start\": 21.65999984741211, \"end\": 22.860000610351562, \"text\": \" You get on Instagram.\", \"tokens\": [51447, 509, 483, 322, 5281, 13, 51507], \"temperature\": 0.0, \"avg_logprob\": -0.24527229368686676, \"compression_ratio\": 1.7820823192596436, \"no_speech_prob\": 0.0004070010327268392}, {\"id\": 14, \"seek\": 0, \"start\": 22.860000610351562, \"end\": 24.780000686645508, \"text\": \" And if you just simply live your own life\", \"tokens\": [51507, 400, 498, 291, 445, 2935, 1621, 428, 1065, 993, 51603], \"temperature\": 0.0, \"avg_logprob\": -0.24527229368686676, \"compression_ratio\": 1.7820823192596436, \"no_speech_prob\": 0.0004070010327268392}, {\"id\": 15, \"seek\": 0, \"start\": 24.780000686645508, \"end\": 26.3799991607666, \"text\": \" and be willing to be vulnerable and share\", \"tokens\": [51603, 293, 312, 4950, 281, 312, 10955, 293, 2073, 51683], \"temperature\": 0.0, \"avg_logprob\": -0.24527229368686676, \"compression_ratio\": 1.7820823192596436, \"no_speech_prob\": 0.0004070010327268392}, {\"id\": 16, \"seek\": 0, \"start\": 26.3799991607666, \"end\": 27.579999923706055, \"text\": \" about like what you're up to,\", \"tokens\": [51683, 466, 411, 437, 291, 434, 493, 281, 11, 51743], \"temperature\": 0.0, \"avg_logprob\": -0.24527229368686676, \"compression_ratio\": 1.7820823192596436, \"no_speech_prob\": 0.0004070010327268392}, {\"id\": 17, \"seek\": 0, \"start\": 27.579999923706055, \"end\": 29.780000686645508, \"text\": \" if she likes you, she's gonna let you know.\", \"tokens\": [51743, 498, 750, 5902, 291, 11, 750, 311, 799, 718, 291, 458, 13, 51853], \"temperature\": 0.0, \"avg_logprob\": -0.24527229368686676, \"compression_ratio\": 1.7820823192596436, \"no_speech_prob\": 0.0004070010327268392}]}"}