{"title": "Is a body count of 30 too high?", "video_id": "6scB0wFxgpU", "video_url": "https://www.youtube.com/watch?v=6scB0wFxgpU", "description": "", "published_at": "2023-07-16T22:44:44Z", "channel_id": "UC0O-ohYDF4P66HW9XJ4Us8w", "channel_title": "Robbie Kramer", "tags": [], "category_id": "24", "live_broadcast_content": "none", "duration": 50.0, "dimension": "2d", "definition": "hd", "caption": "false", "view_count": 2423, "like_count": 37, "comment_count": 5, "channel_info": {"title": "Robbie Kramer", "description": "I'm Robbie Kramer \ud83c\udf99Host of The Inner Confidence Podcast & Founder of Inner Confidence, Inc.\n\nI lived an exhilarating single life filled with adventures and lessons, and ultimately achieved what I had always aspired to \u2013 finding an amazing, feminine, and loving wife. \n\nI believe my experiences provide a rare balance of wild freedom and committed love, equipping me with the insights to help you navigate the complexities of dating and relationships in today's world. Let me guide you to embrace your desires, improve your social prowess, and ultimately attract the partner who aligns with your highest aspirations.\n\nYou won\u2019t find any fluffy, new-age, or cringy stuff here, just tested, proven and actionable advice that yields results.\n\nApply to join our exclusive Inner Confidence Community of ambitious men who are actively working together to achieve their goals faster   \u25ba https://innerconfidence.com/community\n\nYou can email me at robbie@innerconfidence.com with any questions or comments.\n", "subscriber_count": "1270", "total_views": "604693", "total_videos": "470"}, "comments": [], "file_path": "/Users/aelaguiz/workspace/fc_book/audio/raws/6scB0wFxgpU.mp3", "transcription": "{\"text\": \"If you're not getting a lot of dates and your goal is to get better on dates and get more dates, if you're not super experienced, right? Like if you've probably slept with less than, I don't know, 30 people. Less? Are you kidding me? That's a lot. Well, for you, maybe. That's good. But for a guy in his late 20s, early 30s, or even for a woman, right? Like that's actually not that many people, right? If you're 35 years old and you became sexually active at 18, that's 17 years of sexual activity. I mean, I don't know if we're speaking about 35, maybe for 35, it's okay. It depends on your age, right? But 30 partners is really not a lot. I mean, it's a good amount, I guess you could say. But if you have less than that, a great rule of thumb is to try to kiss every girl on the first date. Because guess what? If you kiss her and you get rejected, it almost never means never. It means not yet. And when you go for the kiss, you know, she gives you the cheek or she kind of pulls away. At least you have information from that. And at least she knows that like, all right, this guy's trying. At least he's not a wussbag. \", \"segments\": [{\"id\": 0, \"seek\": 0, \"start\": 0.0, \"end\": 3.640000104904175, \"text\": \" If you're not getting a lot of dates and your goal is to get better on dates and get more\", \"tokens\": [50364, 759, 291, 434, 406, 1242, 257, 688, 295, 11691, 293, 428, 3387, 307, 281, 483, 1101, 322, 11691, 293, 483, 544, 50546], \"temperature\": 0.0, \"avg_logprob\": -0.30342844128608704, \"compression_ratio\": 1.797619104385376, \"no_speech_prob\": 0.08134807646274567}, {\"id\": 1, \"seek\": 0, \"start\": 3.640000104904175, \"end\": 5.760000228881836, \"text\": \" dates, if you're not super experienced, right?\", \"tokens\": [50546, 11691, 11, 498, 291, 434, 406, 1687, 6751, 11, 558, 30, 50652], \"temperature\": 0.0, \"avg_logprob\": -0.30342844128608704, \"compression_ratio\": 1.797619104385376, \"no_speech_prob\": 0.08134807646274567}, {\"id\": 2, \"seek\": 0, \"start\": 5.760000228881836, \"end\": 8.960000038146973, \"text\": \" Like if you've probably slept with less than, I don't know, 30 people.\", \"tokens\": [50652, 1743, 498, 291, 600, 1391, 17400, 365, 1570, 813, 11, 286, 500, 380, 458, 11, 2217, 561, 13, 50812], \"temperature\": 0.0, \"avg_logprob\": -0.30342844128608704, \"compression_ratio\": 1.797619104385376, \"no_speech_prob\": 0.08134807646274567}, {\"id\": 3, \"seek\": 0, \"start\": 8.960000038146973, \"end\": 9.960000038146973, \"text\": \" Less?\", \"tokens\": [50812, 6965, 82, 30, 50862], \"temperature\": 0.0, \"avg_logprob\": -0.30342844128608704, \"compression_ratio\": 1.797619104385376, \"no_speech_prob\": 0.08134807646274567}, {\"id\": 4, \"seek\": 0, \"start\": 9.960000038146973, \"end\": 10.960000038146973, \"text\": \" Are you kidding me?\", \"tokens\": [50862, 2014, 291, 9287, 385, 30, 50912], \"temperature\": 0.0, \"avg_logprob\": -0.30342844128608704, \"compression_ratio\": 1.797619104385376, \"no_speech_prob\": 0.08134807646274567}, {\"id\": 5, \"seek\": 0, \"start\": 10.960000038146973, \"end\": 11.960000038146973, \"text\": \" That's a lot.\", \"tokens\": [50912, 663, 311, 257, 688, 13, 50962], \"temperature\": 0.0, \"avg_logprob\": -0.30342844128608704, \"compression_ratio\": 1.797619104385376, \"no_speech_prob\": 0.08134807646274567}, {\"id\": 6, \"seek\": 0, \"start\": 11.960000038146973, \"end\": 12.960000038146973, \"text\": \" Well, for you, maybe.\", \"tokens\": [50962, 1042, 11, 337, 291, 11, 1310, 13, 51012], \"temperature\": 0.0, \"avg_logprob\": -0.30342844128608704, \"compression_ratio\": 1.797619104385376, \"no_speech_prob\": 0.08134807646274567}, {\"id\": 7, \"seek\": 0, \"start\": 12.960000038146973, \"end\": 13.960000038146973, \"text\": \" That's good.\", \"tokens\": [51012, 663, 311, 665, 13, 51062], \"temperature\": 0.0, \"avg_logprob\": -0.30342844128608704, \"compression_ratio\": 1.797619104385376, \"no_speech_prob\": 0.08134807646274567}, {\"id\": 8, \"seek\": 0, \"start\": 13.960000038146973, \"end\": 16.600000381469727, \"text\": \" But for a guy in his late 20s, early 30s, or even for a woman, right?\", \"tokens\": [51062, 583, 337, 257, 2146, 294, 702, 3469, 945, 82, 11, 2440, 2217, 82, 11, 420, 754, 337, 257, 3059, 11, 558, 30, 51194], \"temperature\": 0.0, \"avg_logprob\": -0.30342844128608704, \"compression_ratio\": 1.797619104385376, \"no_speech_prob\": 0.08134807646274567}, {\"id\": 9, \"seek\": 0, \"start\": 16.600000381469727, \"end\": 18.15999984741211, \"text\": \" Like that's actually not that many people, right?\", \"tokens\": [51194, 1743, 300, 311, 767, 406, 300, 867, 561, 11, 558, 30, 51272], \"temperature\": 0.0, \"avg_logprob\": -0.30342844128608704, \"compression_ratio\": 1.797619104385376, \"no_speech_prob\": 0.08134807646274567}, {\"id\": 10, \"seek\": 0, \"start\": 18.15999984741211, \"end\": 23.360000610351562, \"text\": \" If you're 35 years old and you became sexually active at 18, that's 17 years of sexual activity.\", \"tokens\": [51272, 759, 291, 434, 6976, 924, 1331, 293, 291, 3062, 26791, 4967, 412, 2443, 11, 300, 311, 3282, 924, 295, 6701, 5191, 13, 51532], \"temperature\": 0.0, \"avg_logprob\": -0.30342844128608704, \"compression_ratio\": 1.797619104385376, \"no_speech_prob\": 0.08134807646274567}, {\"id\": 11, \"seek\": 0, \"start\": 23.360000610351562, \"end\": 27.360000610351562, \"text\": \" I mean, I don't know if we're speaking about 35, maybe for 35, it's okay.\", \"tokens\": [51532, 286, 914, 11, 286, 500, 380, 458, 498, 321, 434, 4124, 466, 6976, 11, 1310, 337, 6976, 11, 309, 311, 1392, 13, 51732], \"temperature\": 0.0, \"avg_logprob\": -0.30342844128608704, \"compression_ratio\": 1.797619104385376, \"no_speech_prob\": 0.08134807646274567}, {\"id\": 12, \"seek\": 0, \"start\": 27.360000610351562, \"end\": 28.360000610351562, \"text\": \" It depends on your age, right?\", \"tokens\": [51732, 467, 5946, 322, 428, 3205, 11, 558, 30, 51782], \"temperature\": 0.0, \"avg_logprob\": -0.30342844128608704, \"compression_ratio\": 1.797619104385376, \"no_speech_prob\": 0.08134807646274567}, {\"id\": 13, \"seek\": 2836, \"start\": 28.360000610351562, \"end\": 29.84000015258789, \"text\": \" But 30 partners is really not a lot.\", \"tokens\": [50364, 583, 2217, 4462, 307, 534, 406, 257, 688, 13, 50438], \"temperature\": 0.0, \"avg_logprob\": -0.24139314889907837, \"compression_ratio\": 1.707236886024475, \"no_speech_prob\": 0.937925398349762}, {\"id\": 14, \"seek\": 2836, \"start\": 29.84000015258789, \"end\": 31.399999618530273, \"text\": \" I mean, it's a good amount, I guess you could say.\", \"tokens\": [50438, 286, 914, 11, 309, 311, 257, 665, 2372, 11, 286, 2041, 291, 727, 584, 13, 50516], \"temperature\": 0.0, \"avg_logprob\": -0.24139314889907837, \"compression_ratio\": 1.707236886024475, \"no_speech_prob\": 0.937925398349762}, {\"id\": 15, \"seek\": 2836, \"start\": 31.399999618530273, \"end\": 34.560001373291016, \"text\": \" But if you have less than that, a great rule of thumb is to try to kiss every girl on the\", \"tokens\": [50516, 583, 498, 291, 362, 1570, 813, 300, 11, 257, 869, 4978, 295, 9298, 307, 281, 853, 281, 7704, 633, 2013, 322, 264, 50674], \"temperature\": 0.0, \"avg_logprob\": -0.24139314889907837, \"compression_ratio\": 1.707236886024475, \"no_speech_prob\": 0.937925398349762}, {\"id\": 16, \"seek\": 2836, \"start\": 34.560001373291016, \"end\": 35.560001373291016, \"text\": \" first date.\", \"tokens\": [50674, 700, 4002, 13, 50724], \"temperature\": 0.0, \"avg_logprob\": -0.24139314889907837, \"compression_ratio\": 1.707236886024475, \"no_speech_prob\": 0.937925398349762}, {\"id\": 17, \"seek\": 2836, \"start\": 35.560001373291016, \"end\": 36.560001373291016, \"text\": \" Because guess what?\", \"tokens\": [50724, 1436, 2041, 437, 30, 50774], \"temperature\": 0.0, \"avg_logprob\": -0.24139314889907837, \"compression_ratio\": 1.707236886024475, \"no_speech_prob\": 0.937925398349762}, {\"id\": 18, \"seek\": 2836, \"start\": 36.560001373291016, \"end\": 39.63999938964844, \"text\": \" If you kiss her and you get rejected, it almost never means never.\", \"tokens\": [50774, 759, 291, 7704, 720, 293, 291, 483, 15749, 11, 309, 1920, 1128, 1355, 1128, 13, 50928], \"temperature\": 0.0, \"avg_logprob\": -0.24139314889907837, \"compression_ratio\": 1.707236886024475, \"no_speech_prob\": 0.937925398349762}, {\"id\": 19, \"seek\": 2836, \"start\": 39.63999938964844, \"end\": 40.63999938964844, \"text\": \" It means not yet.\", \"tokens\": [50928, 467, 1355, 406, 1939, 13, 50978], \"temperature\": 0.0, \"avg_logprob\": -0.24139314889907837, \"compression_ratio\": 1.707236886024475, \"no_speech_prob\": 0.937925398349762}, {\"id\": 20, \"seek\": 2836, \"start\": 40.63999938964844, \"end\": 44.0, \"text\": \" And when you go for the kiss, you know, she gives you the cheek or she kind of pulls away.\", \"tokens\": [50978, 400, 562, 291, 352, 337, 264, 7704, 11, 291, 458, 11, 750, 2709, 291, 264, 12839, 420, 750, 733, 295, 16982, 1314, 13, 51146], \"temperature\": 0.0, \"avg_logprob\": -0.24139314889907837, \"compression_ratio\": 1.707236886024475, \"no_speech_prob\": 0.937925398349762}, {\"id\": 21, \"seek\": 2836, \"start\": 44.0, \"end\": 45.47999954223633, \"text\": \" At least you have information from that.\", \"tokens\": [51146, 1711, 1935, 291, 362, 1589, 490, 300, 13, 51220], \"temperature\": 0.0, \"avg_logprob\": -0.24139314889907837, \"compression_ratio\": 1.707236886024475, \"no_speech_prob\": 0.937925398349762}, {\"id\": 22, \"seek\": 2836, \"start\": 45.47999954223633, \"end\": 47.47999954223633, \"text\": \" And at least she knows that like, all right, this guy's trying.\", \"tokens\": [51220, 400, 412, 1935, 750, 3255, 300, 411, 11, 439, 558, 11, 341, 2146, 311, 1382, 13, 51320], \"temperature\": 0.0, \"avg_logprob\": -0.24139314889907837, \"compression_ratio\": 1.707236886024475, \"no_speech_prob\": 0.937925398349762}, {\"id\": 23, \"seek\": 2836, \"start\": 47.47999954223633, \"end\": 48.7599983215332, \"text\": \" At least he's not a wussbag.\", \"tokens\": [51320, 1711, 1935, 415, 311, 406, 257, 261, 2023, 17282, 13, 51384], \"temperature\": 0.0, \"avg_logprob\": -0.24139314889907837, \"compression_ratio\": 1.707236886024475, \"no_speech_prob\": 0.937925398349762}]}"}