{"title": "How Pickup Artist Tactics Made Me Worse With Women", "video_id": "6ucgZA0nbm8", "video_url": "https://www.youtube.com/watch?v=6ucgZA0nbm8", "description": "To listen to more episodes of the Inner Confidence Podcast, visit the links below:\n\nWebsite: https://innerconfidence.com/podcast/\niTunes:https://podcasts.apple.com/us/podcast/inner-confidence-podcast/id986699444 \nSpotify: https://open.spotify.com/show/2zkWuTnt7whvnR6CO6oNPV\nRSS: https://innerconfidence.com/series/leverage-podcast/feed/\n\nAnd if you're interested in learning more about my coaching services and connecting with me, check out these links:\n\nLinkTree: https://linktr.ee/Robbiekramer\nMain Site: https://innerconfidence.com/\nInstagram: https://www.instagram.com/robbie_kramer/\nTikTok: https://www.tiktok.com/@robbie.kramer\nYouTube: https://www.youtube.com/innerconfidence\n\nThank you for tuning in, and I look forward to helping you build your inner confidence and achieve success!\nJoin us : https://innerconfidence.com/leverage/\nBook a call with Robbie: https://start.innerconfidence.com/video1\n\n#flirting #personaldevelopment #selfimprovement #innerconfidencepodcast #podcast #coaching #success #motivation #inspiration #mindset #datingcoach #relationshipgoals #confidencecoach #selfimprovement #successfulmen", "published_at": "2023-08-02T17:46:18Z", "channel_id": "UC0O-ohYDF4P66HW9XJ4Us8w", "channel_title": "Robbie Kramer", "tags": [], "category_id": "24", "live_broadcast_content": "none", "duration": 344.0, "dimension": "2d", "definition": "hd", "caption": "false", "view_count": 179, "like_count": 7, "comment_count": 2, "channel_info": {"title": "Robbie Kramer", "description": "I'm Robbie Kramer \ud83c\udf99Host of The Inner Confidence Podcast & Founder of Inner Confidence, Inc.\n\nI lived an exhilarating single life filled with adventures and lessons, and ultimately achieved what I had always aspired to \u2013 finding an amazing, feminine, and loving wife. \n\nI believe my experiences provide a rare balance of wild freedom and committed love, equipping me with the insights to help you navigate the complexities of dating and relationships in today's world. Let me guide you to embrace your desires, improve your social prowess, and ultimately attract the partner who aligns with your highest aspirations.\n\nYou won\u2019t find any fluffy, new-age, or cringy stuff here, just tested, proven and actionable advice that yields results.\n\nApply to join our exclusive Inner Confidence Community of ambitious men who are actively working together to achieve their goals faster   \u25ba https://innerconfidence.com/community\n\nYou can email me at robbie@innerconfidence.com with any questions or comments.\n", "subscriber_count": "1270", "total_views": "604693", "total_videos": "470"}, "comments": [], "file_path": "/Users/aelaguiz/workspace/fc_book/audio/raws/6ucgZA0nbm8.mp3", "transcription": "{\"text\": \"When I first kind of got into this stuff, I was, you know, this was way back in 2006. And, you know, I was just total dork. I had just finished college. I was like a golf dork, played some poker to make some money on the side, got a shitty job in like finance that I hated. I remember I was like dating this girl and, you know, at a certain point, she stopped wanting to sleep with me. And then I was like, oh, that's probably bad. And then like, she dumped me on Valentine's day. And I remember feeling like actually a little bit good about that because like, oh good, I don't have to dump her. Cause I also felt like I was settling. So, you know, and then a friend of mine like gave me the book, The Game, which a lot of guys I'm sure have read. So I picked that up and I was an idiot. So I was like, I don't really like what I'm reading here. It seems like very tactical and kind of weird and just odd, but I tried it anyways. And I fumbled around with game stuff for probably like four years. And I feel like I actually got worse. Like creeping girls out, you know, trying all these different methods and techniques and, you know, tried all the inter-game stuff, tried like meditation and NLP and all the like faded healing. Meditate your way to success with women. Of course, right? Even like guys like tapping on their face, trying to deal with like approach anxiety. And I swear, like I remember I was attending this pickup seminar up in San Francisco and I was dating this girl at the time. She was a stripper and I was like excited to, I was able to finally like get a stripper. I thought like the game stuff kind of worked. And then she told me over the phone, she was like, hey, I have some bad news for you. I mean, she didn't frame it like that, but basically she told me she cheated on me. And it was with a dude who was like a friend of a friend. She told me that she like had sex with him without a condom in the butt, which she wouldn't let me do. And I like, I had like this physical reaction where like, I've never had like a true panic attack, but this is kind of what like the closest thing I could describe. I was flying back from San Francisco to San Diego that night. And on the plane, I had this migraine headache, which I never had before and never had to this day, just like this insane headache. And all I could think about was I need to get back to my girlfriend. I need to like somehow make sense of this situation. So I like got off the plane, you know, took a whatever cab to my car, drove up to Oceanside where she lived, which was like 45 minutes away. And, you know, she was like, you know, expecting me to be like all mad, but actually like I had this weird thing where I was kind of, I was obviously upset, but I like wanted to know everything in like painstakingly brutal detail. Like, how did he fuck you? How did this happen? How did that happen? And I made her give me like the like everything. And I don't know why I wanted to do that. It was like, I was torturing myself with this information. Like, and then, you know. Was it bigger than me? Did it feel better? And all the answers I didn't want to hear, of course. You know, it drove me crazy that like she let this guy do like a bunch of things to her that she wouldn't let me do to her. And then like I forgave her and we, you know, we made up and then two weeks later she dumped me. And I was just like, what the fuck? Like, what is wrong with me? You know, I'm like, I've been working on this shit forever. I've been studying from all these guys. I've read all the books. I've been all the seminars and I suck. Like there's gotta be something wrong with you. There's like an invisible sign on my back that tells like women, like, you know, this guy is- Cheat on me, I'm a dork. Yeah, even though I'd learned like, you know, I like, it was ridiculous. And then kind of like a whirlwind of shit happened. I lost my job in finance. It was 2008, the markets collapsed. Yeah. And I was like, you know, in my late twenties at the time, single and just like, what the fuck do I do now? Do I like go back and get a shitty job in finance? Do I like try to play, you know, professional poker, which I kind of dabbled in during the poker craze. But luckily a buddy of mine was living up in LA. He invited me to like come stay with him. And this guy, I didn't really know super well, but like we met through poker and this guy was like a beast with girls. This guy was way better than any of the dating coaches, any of the pickup artists I'd ever met. He was rich because he was a poker player, but he was like an alpha male force of nature. I had never met a guy like this before. He like didn't give a fuck. He would say the craziest shit to girls. Like one of his opening lines was talking, he basically like walk up and tell them that like, hey, what would you do if I like, you know, grabbed you by your hair and put you up against the wall and like, you know, XYZ, like this graphic, like aggressive stuff. But they would like joke back, oh, I would kick you in the balls. And you'd be like, how could you kick me in the balls if you were like, you know, if you were gasping for air? And then it was just like, you know, and I was like, wow, this is like all the stuff that the pickup guys talk about, but no one actually does. And I haven't really seen, and this guy knew none of the tactics. He was just like, like I said, a total natural. So I realized, I was like, all right, if I can just kind of hang out with this guy, this is really like the sort of, he's kind of like the abusive father I never had. \", \"segments\": [{\"id\": 0, \"seek\": 0, \"start\": 0.0, \"end\": 3.2799999713897705, \"text\": \" When I first kind of got into this stuff, I was,\", \"tokens\": [50364, 1133, 286, 700, 733, 295, 658, 666, 341, 1507, 11, 286, 390, 11, 50528], \"temperature\": 0.0, \"avg_logprob\": -0.26260221004486084, \"compression_ratio\": 1.6901960372924805, \"no_speech_prob\": 0.0010161132086068392}, {\"id\": 1, \"seek\": 0, \"start\": 3.2799999713897705, \"end\": 5.239999771118164, \"text\": \" you know, this was way back in 2006.\", \"tokens\": [50528, 291, 458, 11, 341, 390, 636, 646, 294, 14062, 13, 50626], \"temperature\": 0.0, \"avg_logprob\": -0.26260221004486084, \"compression_ratio\": 1.6901960372924805, \"no_speech_prob\": 0.0010161132086068392}, {\"id\": 2, \"seek\": 0, \"start\": 5.239999771118164, \"end\": 10.239999771118164, \"text\": \" And, you know, I was just total dork.\", \"tokens\": [50626, 400, 11, 291, 458, 11, 286, 390, 445, 3217, 274, 1284, 13, 50876], \"temperature\": 0.0, \"avg_logprob\": -0.26260221004486084, \"compression_ratio\": 1.6901960372924805, \"no_speech_prob\": 0.0010161132086068392}, {\"id\": 3, \"seek\": 0, \"start\": 10.239999771118164, \"end\": 11.960000038146973, \"text\": \" I had just finished college.\", \"tokens\": [50876, 286, 632, 445, 4335, 3859, 13, 50962], \"temperature\": 0.0, \"avg_logprob\": -0.26260221004486084, \"compression_ratio\": 1.6901960372924805, \"no_speech_prob\": 0.0010161132086068392}, {\"id\": 4, \"seek\": 0, \"start\": 11.960000038146973, \"end\": 13.0, \"text\": \" I was like a golf dork,\", \"tokens\": [50962, 286, 390, 411, 257, 12880, 274, 1284, 11, 51014], \"temperature\": 0.0, \"avg_logprob\": -0.26260221004486084, \"compression_ratio\": 1.6901960372924805, \"no_speech_prob\": 0.0010161132086068392}, {\"id\": 5, \"seek\": 0, \"start\": 13.0, \"end\": 15.399999618530273, \"text\": \" played some poker to make some money on the side,\", \"tokens\": [51014, 3737, 512, 36863, 281, 652, 512, 1460, 322, 264, 1252, 11, 51134], \"temperature\": 0.0, \"avg_logprob\": -0.26260221004486084, \"compression_ratio\": 1.6901960372924805, \"no_speech_prob\": 0.0010161132086068392}, {\"id\": 6, \"seek\": 0, \"start\": 15.399999618530273, \"end\": 19.479999542236328, \"text\": \" got a shitty job in like finance that I hated.\", \"tokens\": [51134, 658, 257, 30748, 1691, 294, 411, 10719, 300, 286, 17398, 13, 51338], \"temperature\": 0.0, \"avg_logprob\": -0.26260221004486084, \"compression_ratio\": 1.6901960372924805, \"no_speech_prob\": 0.0010161132086068392}, {\"id\": 7, \"seek\": 0, \"start\": 19.479999542236328, \"end\": 21.799999237060547, \"text\": \" I remember I was like dating this girl\", \"tokens\": [51338, 286, 1604, 286, 390, 411, 10689, 341, 2013, 51454], \"temperature\": 0.0, \"avg_logprob\": -0.26260221004486084, \"compression_ratio\": 1.6901960372924805, \"no_speech_prob\": 0.0010161132086068392}, {\"id\": 8, \"seek\": 0, \"start\": 21.799999237060547, \"end\": 24.68000030517578, \"text\": \" and, you know, at a certain point,\", \"tokens\": [51454, 293, 11, 291, 458, 11, 412, 257, 1629, 935, 11, 51598], \"temperature\": 0.0, \"avg_logprob\": -0.26260221004486084, \"compression_ratio\": 1.6901960372924805, \"no_speech_prob\": 0.0010161132086068392}, {\"id\": 9, \"seek\": 0, \"start\": 24.68000030517578, \"end\": 26.6200008392334, \"text\": \" she stopped wanting to sleep with me.\", \"tokens\": [51598, 750, 5936, 7935, 281, 2817, 365, 385, 13, 51695], \"temperature\": 0.0, \"avg_logprob\": -0.26260221004486084, \"compression_ratio\": 1.6901960372924805, \"no_speech_prob\": 0.0010161132086068392}, {\"id\": 10, \"seek\": 0, \"start\": 26.6200008392334, \"end\": 28.18000030517578, \"text\": \" And then I was like, oh, that's probably bad.\", \"tokens\": [51695, 400, 550, 286, 390, 411, 11, 1954, 11, 300, 311, 1391, 1578, 13, 51773], \"temperature\": 0.0, \"avg_logprob\": -0.26260221004486084, \"compression_ratio\": 1.6901960372924805, \"no_speech_prob\": 0.0010161132086068392}, {\"id\": 11, \"seek\": 2818, \"start\": 28.18000030517578, \"end\": 30.520000457763672, \"text\": \" And then like, she dumped me on Valentine's day.\", \"tokens\": [50364, 400, 258, 268, 411, 11, 750, 32131, 385, 322, 24359, 311, 786, 13, 50481], \"temperature\": 0.0, \"avg_logprob\": -0.24792681634426117, \"compression_ratio\": 1.6813186407089233, \"no_speech_prob\": 0.001000436139293015}, {\"id\": 12, \"seek\": 2818, \"start\": 31.600000381469727, \"end\": 35.15999984741211, \"text\": \" And I remember feeling like actually a little bit good\", \"tokens\": [50535, 400, 286, 1604, 2633, 411, 767, 257, 707, 857, 665, 50713], \"temperature\": 0.0, \"avg_logprob\": -0.24792681634426117, \"compression_ratio\": 1.6813186407089233, \"no_speech_prob\": 0.001000436139293015}, {\"id\": 13, \"seek\": 2818, \"start\": 35.15999984741211, \"end\": 37.36000061035156, \"text\": \" about that because like, oh good, I don't have to dump her.\", \"tokens\": [50713, 466, 300, 570, 411, 11, 1954, 665, 11, 286, 500, 380, 362, 281, 11430, 720, 13, 50823], \"temperature\": 0.0, \"avg_logprob\": -0.24792681634426117, \"compression_ratio\": 1.6813186407089233, \"no_speech_prob\": 0.001000436139293015}, {\"id\": 14, \"seek\": 2818, \"start\": 37.36000061035156, \"end\": 38.900001525878906, \"text\": \" Cause I also felt like I was settling.\", \"tokens\": [50823, 10865, 286, 611, 2762, 411, 286, 390, 33841, 13, 50900], \"temperature\": 0.0, \"avg_logprob\": -0.24792681634426117, \"compression_ratio\": 1.6813186407089233, \"no_speech_prob\": 0.001000436139293015}, {\"id\": 15, \"seek\": 2818, \"start\": 38.900001525878906, \"end\": 43.119998931884766, \"text\": \" So, you know, and then a friend of mine\", \"tokens\": [50900, 407, 11, 291, 458, 11, 293, 550, 257, 1277, 295, 3892, 51111], \"temperature\": 0.0, \"avg_logprob\": -0.24792681634426117, \"compression_ratio\": 1.6813186407089233, \"no_speech_prob\": 0.001000436139293015}, {\"id\": 16, \"seek\": 2818, \"start\": 43.119998931884766, \"end\": 44.68000030517578, \"text\": \" like gave me the book, The Game,\", \"tokens\": [51111, 411, 2729, 385, 264, 1446, 11, 440, 7522, 11, 51189], \"temperature\": 0.0, \"avg_logprob\": -0.24792681634426117, \"compression_ratio\": 1.6813186407089233, \"no_speech_prob\": 0.001000436139293015}, {\"id\": 17, \"seek\": 2818, \"start\": 44.68000030517578, \"end\": 46.959999084472656, \"text\": \" which a lot of guys I'm sure have read.\", \"tokens\": [51189, 597, 257, 688, 295, 1074, 286, 478, 988, 362, 1401, 13, 51303], \"temperature\": 0.0, \"avg_logprob\": -0.24792681634426117, \"compression_ratio\": 1.6813186407089233, \"no_speech_prob\": 0.001000436139293015}, {\"id\": 18, \"seek\": 2818, \"start\": 46.959999084472656, \"end\": 49.939998626708984, \"text\": \" So I picked that up and I was an idiot.\", \"tokens\": [51303, 407, 286, 6183, 300, 493, 293, 286, 390, 364, 14270, 13, 51452], \"temperature\": 0.0, \"avg_logprob\": -0.24792681634426117, \"compression_ratio\": 1.6813186407089233, \"no_speech_prob\": 0.001000436139293015}, {\"id\": 19, \"seek\": 2818, \"start\": 49.939998626708984, \"end\": 53.63999938964844, \"text\": \" So I was like, I don't really like what I'm reading here.\", \"tokens\": [51452, 407, 286, 390, 411, 11, 286, 500, 380, 534, 411, 437, 286, 478, 3760, 510, 13, 51637], \"temperature\": 0.0, \"avg_logprob\": -0.24792681634426117, \"compression_ratio\": 1.6813186407089233, \"no_speech_prob\": 0.001000436139293015}, {\"id\": 20, \"seek\": 2818, \"start\": 53.63999938964844, \"end\": 56.560001373291016, \"text\": \" It seems like very tactical and kind of weird\", \"tokens\": [51637, 467, 2544, 411, 588, 26323, 293, 733, 295, 3657, 51783], \"temperature\": 0.0, \"avg_logprob\": -0.24792681634426117, \"compression_ratio\": 1.6813186407089233, \"no_speech_prob\": 0.001000436139293015}, {\"id\": 21, \"seek\": 5656, \"start\": 56.939998626708984, \"end\": 61.02000045776367, \"text\": \" and just odd, but I tried it anyways.\", \"tokens\": [50383, 293, 445, 7401, 11, 457, 286, 3031, 309, 13448, 13, 50587], \"temperature\": 0.0, \"avg_logprob\": -0.3389626741409302, \"compression_ratio\": 1.6535087823867798, \"no_speech_prob\": 0.0008295504376292229}, {\"id\": 22, \"seek\": 5656, \"start\": 61.02000045776367, \"end\": 63.13999938964844, \"text\": \" And I fumbled around with game stuff\", \"tokens\": [50587, 400, 286, 283, 19928, 926, 365, 1216, 1507, 50693], \"temperature\": 0.0, \"avg_logprob\": -0.3389626741409302, \"compression_ratio\": 1.6535087823867798, \"no_speech_prob\": 0.0008295504376292229}, {\"id\": 23, \"seek\": 5656, \"start\": 63.13999938964844, \"end\": 65.37999725341797, \"text\": \" for probably like four years.\", \"tokens\": [50693, 337, 1391, 411, 1451, 924, 13, 50805], \"temperature\": 0.0, \"avg_logprob\": -0.3389626741409302, \"compression_ratio\": 1.6535087823867798, \"no_speech_prob\": 0.0008295504376292229}, {\"id\": 24, \"seek\": 5656, \"start\": 66.30000305175781, \"end\": 68.62000274658203, \"text\": \" And I feel like I actually got worse.\", \"tokens\": [50851, 400, 286, 841, 411, 286, 767, 658, 5324, 13, 50967], \"temperature\": 0.0, \"avg_logprob\": -0.3389626741409302, \"compression_ratio\": 1.6535087823867798, \"no_speech_prob\": 0.0008295504376292229}, {\"id\": 25, \"seek\": 5656, \"start\": 68.62000274658203, \"end\": 70.94000244140625, \"text\": \" Like creeping girls out, you know,\", \"tokens\": [50967, 1743, 47753, 4519, 484, 11, 291, 458, 11, 51083], \"temperature\": 0.0, \"avg_logprob\": -0.3389626741409302, \"compression_ratio\": 1.6535087823867798, \"no_speech_prob\": 0.0008295504376292229}, {\"id\": 26, \"seek\": 5656, \"start\": 70.94000244140625, \"end\": 73.41999816894531, \"text\": \" trying all these different methods and techniques\", \"tokens\": [51083, 1382, 439, 613, 819, 7150, 293, 7512, 51207], \"temperature\": 0.0, \"avg_logprob\": -0.3389626741409302, \"compression_ratio\": 1.6535087823867798, \"no_speech_prob\": 0.0008295504376292229}, {\"id\": 27, \"seek\": 5656, \"start\": 73.41999816894531, \"end\": 76.69999694824219, \"text\": \" and, you know, tried all the inter-game stuff,\", \"tokens\": [51207, 293, 11, 291, 458, 11, 3031, 439, 264, 728, 12, 15038, 1507, 11, 51371], \"temperature\": 0.0, \"avg_logprob\": -0.3389626741409302, \"compression_ratio\": 1.6535087823867798, \"no_speech_prob\": 0.0008295504376292229}, {\"id\": 28, \"seek\": 5656, \"start\": 76.69999694824219, \"end\": 81.69999694824219, \"text\": \" tried like meditation and NLP and all the like faded healing.\", \"tokens\": [51371, 3031, 411, 12537, 293, 426, 45196, 293, 439, 264, 411, 36352, 9745, 13, 51621], \"temperature\": 0.0, \"avg_logprob\": -0.3389626741409302, \"compression_ratio\": 1.6535087823867798, \"no_speech_prob\": 0.0008295504376292229}, {\"id\": 29, \"seek\": 5656, \"start\": 82.54000091552734, \"end\": 85.94000244140625, \"text\": \" Meditate your way to success with women.\", \"tokens\": [51663, 3982, 8086, 428, 636, 281, 2245, 365, 2266, 13, 51833], \"temperature\": 0.0, \"avg_logprob\": -0.3389626741409302, \"compression_ratio\": 1.6535087823867798, \"no_speech_prob\": 0.0008295504376292229}, {\"id\": 30, \"seek\": 8594, \"start\": 86.08000183105469, \"end\": 87.0, \"text\": \" Of course, right?\", \"tokens\": [50371, 2720, 1164, 11, 558, 30, 50417], \"temperature\": 0.0, \"avg_logprob\": -0.24765530228614807, \"compression_ratio\": 1.6885813474655151, \"no_speech_prob\": 0.0006165981176309288}, {\"id\": 31, \"seek\": 8594, \"start\": 88.08000183105469, \"end\": 90.4000015258789, \"text\": \" Even like guys like tapping on their face,\", \"tokens\": [50471, 2754, 411, 1074, 411, 21444, 322, 641, 1851, 11, 50587], \"temperature\": 0.0, \"avg_logprob\": -0.24765530228614807, \"compression_ratio\": 1.6885813474655151, \"no_speech_prob\": 0.0006165981176309288}, {\"id\": 32, \"seek\": 8594, \"start\": 90.4000015258789, \"end\": 92.68000030517578, \"text\": \" trying to deal with like approach anxiety.\", \"tokens\": [50587, 1382, 281, 2028, 365, 411, 3109, 9119, 13, 50701], \"temperature\": 0.0, \"avg_logprob\": -0.24765530228614807, \"compression_ratio\": 1.6885813474655151, \"no_speech_prob\": 0.0006165981176309288}, {\"id\": 33, \"seek\": 8594, \"start\": 92.68000030517578, \"end\": 95.95999908447266, \"text\": \" And I swear, like I remember I was attending\", \"tokens\": [50701, 400, 286, 11902, 11, 411, 286, 1604, 286, 390, 15862, 50865], \"temperature\": 0.0, \"avg_logprob\": -0.24765530228614807, \"compression_ratio\": 1.6885813474655151, \"no_speech_prob\": 0.0006165981176309288}, {\"id\": 34, \"seek\": 8594, \"start\": 95.95999908447266, \"end\": 98.4000015258789, \"text\": \" this pickup seminar up in San Francisco\", \"tokens\": [50865, 341, 25328, 29235, 493, 294, 5271, 12279, 50987], \"temperature\": 0.0, \"avg_logprob\": -0.24765530228614807, \"compression_ratio\": 1.6885813474655151, \"no_speech_prob\": 0.0006165981176309288}, {\"id\": 35, \"seek\": 8594, \"start\": 98.4000015258789, \"end\": 99.95999908447266, \"text\": \" and I was dating this girl at the time.\", \"tokens\": [50987, 293, 286, 390, 10689, 341, 2013, 412, 264, 565, 13, 51065], \"temperature\": 0.0, \"avg_logprob\": -0.24765530228614807, \"compression_ratio\": 1.6885813474655151, \"no_speech_prob\": 0.0006165981176309288}, {\"id\": 36, \"seek\": 8594, \"start\": 99.95999908447266, \"end\": 102.36000061035156, \"text\": \" She was a stripper and I was like excited to,\", \"tokens\": [51065, 1240, 390, 257, 3575, 3717, 293, 286, 390, 411, 2919, 281, 11, 51185], \"temperature\": 0.0, \"avg_logprob\": -0.24765530228614807, \"compression_ratio\": 1.6885813474655151, \"no_speech_prob\": 0.0006165981176309288}, {\"id\": 37, \"seek\": 8594, \"start\": 102.36000061035156, \"end\": 104.16000366210938, \"text\": \" I was able to finally like get a stripper.\", \"tokens\": [51185, 286, 390, 1075, 281, 2721, 411, 483, 257, 3575, 3717, 13, 51275], \"temperature\": 0.0, \"avg_logprob\": -0.24765530228614807, \"compression_ratio\": 1.6885813474655151, \"no_speech_prob\": 0.0006165981176309288}, {\"id\": 38, \"seek\": 8594, \"start\": 104.16000366210938, \"end\": 106.4000015258789, \"text\": \" I thought like the game stuff kind of worked.\", \"tokens\": [51275, 286, 1194, 411, 264, 1216, 1507, 733, 295, 2732, 13, 51387], \"temperature\": 0.0, \"avg_logprob\": -0.24765530228614807, \"compression_ratio\": 1.6885813474655151, \"no_speech_prob\": 0.0006165981176309288}, {\"id\": 39, \"seek\": 8594, \"start\": 107.68000030517578, \"end\": 110.4800033569336, \"text\": \" And then she told me over the phone, she was like,\", \"tokens\": [51451, 400, 550, 750, 1907, 385, 670, 264, 2593, 11, 750, 390, 411, 11, 51591], \"temperature\": 0.0, \"avg_logprob\": -0.24765530228614807, \"compression_ratio\": 1.6885813474655151, \"no_speech_prob\": 0.0006165981176309288}, {\"id\": 40, \"seek\": 8594, \"start\": 110.4800033569336, \"end\": 113.04000091552734, \"text\": \" hey, I have some bad news for you.\", \"tokens\": [51591, 4177, 11, 286, 362, 512, 1578, 2583, 337, 291, 13, 51719], \"temperature\": 0.0, \"avg_logprob\": -0.24765530228614807, \"compression_ratio\": 1.6885813474655151, \"no_speech_prob\": 0.0006165981176309288}, {\"id\": 41, \"seek\": 8594, \"start\": 113.04000091552734, \"end\": 114.04000091552734, \"text\": \" I mean, she didn't frame it like that,\", \"tokens\": [51719, 286, 914, 11, 750, 994, 380, 3920, 309, 411, 300, 11, 51769], \"temperature\": 0.0, \"avg_logprob\": -0.24765530228614807, \"compression_ratio\": 1.6885813474655151, \"no_speech_prob\": 0.0006165981176309288}, {\"id\": 42, \"seek\": 11404, \"start\": 114.05999755859375, \"end\": 116.0999984741211, \"text\": \" but basically she told me she cheated on me.\", \"tokens\": [50365, 457, 1936, 750, 1907, 385, 750, 28079, 322, 385, 13, 50467], \"temperature\": 0.0, \"avg_logprob\": -0.22634804248809814, \"compression_ratio\": 1.6748970746994019, \"no_speech_prob\": 0.0009399094269610941}, {\"id\": 43, \"seek\": 11404, \"start\": 116.0999984741211, \"end\": 121.0999984741211, \"text\": \" And it was with a dude who was like a friend of a friend.\", \"tokens\": [50467, 400, 309, 390, 365, 257, 6449, 567, 390, 411, 257, 1277, 295, 257, 1277, 13, 50717], \"temperature\": 0.0, \"avg_logprob\": -0.22634804248809814, \"compression_ratio\": 1.6748970746994019, \"no_speech_prob\": 0.0009399094269610941}, {\"id\": 44, \"seek\": 11404, \"start\": 121.0999984741211, \"end\": 123.05999755859375, \"text\": \" She told me that she like had sex with him\", \"tokens\": [50717, 1240, 1907, 385, 300, 750, 411, 632, 3260, 365, 796, 50815], \"temperature\": 0.0, \"avg_logprob\": -0.22634804248809814, \"compression_ratio\": 1.6748970746994019, \"no_speech_prob\": 0.0009399094269610941}, {\"id\": 45, \"seek\": 11404, \"start\": 123.05999755859375, \"end\": 126.62000274658203, \"text\": \" without a condom in the butt, which she wouldn't let me do.\", \"tokens\": [50815, 1553, 257, 2224, 298, 294, 264, 6660, 11, 597, 750, 2759, 380, 718, 385, 360, 13, 50993], \"temperature\": 0.0, \"avg_logprob\": -0.22634804248809814, \"compression_ratio\": 1.6748970746994019, \"no_speech_prob\": 0.0009399094269610941}, {\"id\": 46, \"seek\": 11404, \"start\": 127.81999969482422, \"end\": 132.82000732421875, \"text\": \" And I like, I had like this physical reaction\", \"tokens\": [51053, 400, 286, 411, 11, 286, 632, 411, 341, 4001, 5480, 51303], \"temperature\": 0.0, \"avg_logprob\": -0.22634804248809814, \"compression_ratio\": 1.6748970746994019, \"no_speech_prob\": 0.0009399094269610941}, {\"id\": 47, \"seek\": 11404, \"start\": 132.86000061035156, \"end\": 137.17999267578125, \"text\": \" where like, I've never had like a true panic attack,\", \"tokens\": [51305, 689, 411, 11, 286, 600, 1128, 632, 411, 257, 2074, 14783, 2690, 11, 51521], \"temperature\": 0.0, \"avg_logprob\": -0.22634804248809814, \"compression_ratio\": 1.6748970746994019, \"no_speech_prob\": 0.0009399094269610941}, {\"id\": 48, \"seek\": 11404, \"start\": 137.17999267578125, \"end\": 139.4600067138672, \"text\": \" but this is kind of what like\", \"tokens\": [51521, 457, 341, 307, 733, 295, 437, 411, 51635], \"temperature\": 0.0, \"avg_logprob\": -0.22634804248809814, \"compression_ratio\": 1.6748970746994019, \"no_speech_prob\": 0.0009399094269610941}, {\"id\": 49, \"seek\": 11404, \"start\": 139.4600067138672, \"end\": 141.4199981689453, \"text\": \" the closest thing I could describe.\", \"tokens\": [51635, 264, 13699, 551, 286, 727, 6786, 13, 51733], \"temperature\": 0.0, \"avg_logprob\": -0.22634804248809814, \"compression_ratio\": 1.6748970746994019, \"no_speech_prob\": 0.0009399094269610941}, {\"id\": 50, \"seek\": 11404, \"start\": 141.4199981689453, \"end\": 143.05999755859375, \"text\": \" I was flying back from San Francisco\", \"tokens\": [51733, 286, 390, 7137, 646, 490, 5271, 12279, 51815], \"temperature\": 0.0, \"avg_logprob\": -0.22634804248809814, \"compression_ratio\": 1.6748970746994019, \"no_speech_prob\": 0.0009399094269610941}, {\"id\": 51, \"seek\": 14306, \"start\": 143.0800018310547, \"end\": 144.63999938964844, \"text\": \" to San Diego that night.\", \"tokens\": [50365, 281, 5271, 16377, 300, 1818, 13, 50443], \"temperature\": 0.0, \"avg_logprob\": -0.2512585520744324, \"compression_ratio\": 1.785454511642456, \"no_speech_prob\": 0.008314812555909157}, {\"id\": 52, \"seek\": 14306, \"start\": 144.63999938964844, \"end\": 147.36000061035156, \"text\": \" And on the plane, I had this migraine headache,\", \"tokens\": [50443, 400, 322, 264, 5720, 11, 286, 632, 341, 6186, 11798, 23520, 11, 50579], \"temperature\": 0.0, \"avg_logprob\": -0.2512585520744324, \"compression_ratio\": 1.785454511642456, \"no_speech_prob\": 0.008314812555909157}, {\"id\": 53, \"seek\": 14306, \"start\": 147.36000061035156, \"end\": 150.4199981689453, \"text\": \" which I never had before and never had to this day,\", \"tokens\": [50579, 597, 286, 1128, 632, 949, 293, 1128, 632, 281, 341, 786, 11, 50732], \"temperature\": 0.0, \"avg_logprob\": -0.2512585520744324, \"compression_ratio\": 1.785454511642456, \"no_speech_prob\": 0.008314812555909157}, {\"id\": 54, \"seek\": 14306, \"start\": 150.4199981689453, \"end\": 152.36000061035156, \"text\": \" just like this insane headache.\", \"tokens\": [50732, 445, 411, 341, 10838, 23520, 13, 50829], \"temperature\": 0.0, \"avg_logprob\": -0.2512585520744324, \"compression_ratio\": 1.785454511642456, \"no_speech_prob\": 0.008314812555909157}, {\"id\": 55, \"seek\": 14306, \"start\": 152.36000061035156, \"end\": 154.24000549316406, \"text\": \" And all I could think about was I need to get back\", \"tokens\": [50829, 400, 439, 286, 727, 519, 466, 390, 286, 643, 281, 483, 646, 50923], \"temperature\": 0.0, \"avg_logprob\": -0.2512585520744324, \"compression_ratio\": 1.785454511642456, \"no_speech_prob\": 0.008314812555909157}, {\"id\": 56, \"seek\": 14306, \"start\": 154.24000549316406, \"end\": 155.47999572753906, \"text\": \" to my girlfriend.\", \"tokens\": [50923, 281, 452, 10369, 13, 50985], \"temperature\": 0.0, \"avg_logprob\": -0.2512585520744324, \"compression_ratio\": 1.785454511642456, \"no_speech_prob\": 0.008314812555909157}, {\"id\": 57, \"seek\": 14306, \"start\": 155.47999572753906, \"end\": 158.5399932861328, \"text\": \" I need to like somehow make sense of this situation.\", \"tokens\": [50985, 286, 643, 281, 411, 6063, 652, 2020, 295, 341, 2590, 13, 51138], \"temperature\": 0.0, \"avg_logprob\": -0.2512585520744324, \"compression_ratio\": 1.785454511642456, \"no_speech_prob\": 0.008314812555909157}, {\"id\": 58, \"seek\": 14306, \"start\": 158.5399932861328, \"end\": 161.24000549316406, \"text\": \" So I like got off the plane, you know,\", \"tokens\": [51138, 407, 286, 411, 658, 766, 264, 5720, 11, 291, 458, 11, 51273], \"temperature\": 0.0, \"avg_logprob\": -0.2512585520744324, \"compression_ratio\": 1.785454511642456, \"no_speech_prob\": 0.008314812555909157}, {\"id\": 59, \"seek\": 14306, \"start\": 161.24000549316406, \"end\": 163.36000061035156, \"text\": \" took a whatever cab to my car,\", \"tokens\": [51273, 1890, 257, 2035, 5487, 281, 452, 1032, 11, 51379], \"temperature\": 0.0, \"avg_logprob\": -0.2512585520744324, \"compression_ratio\": 1.785454511642456, \"no_speech_prob\": 0.008314812555909157}, {\"id\": 60, \"seek\": 14306, \"start\": 163.36000061035156, \"end\": 164.8800048828125, \"text\": \" drove up to Oceanside where she lived,\", \"tokens\": [51379, 13226, 493, 281, 422, 22928, 482, 689, 750, 5152, 11, 51455], \"temperature\": 0.0, \"avg_logprob\": -0.2512585520744324, \"compression_ratio\": 1.785454511642456, \"no_speech_prob\": 0.008314812555909157}, {\"id\": 61, \"seek\": 14306, \"start\": 164.8800048828125, \"end\": 166.63999938964844, \"text\": \" which was like 45 minutes away.\", \"tokens\": [51455, 597, 390, 411, 6905, 2077, 1314, 13, 51543], \"temperature\": 0.0, \"avg_logprob\": -0.2512585520744324, \"compression_ratio\": 1.785454511642456, \"no_speech_prob\": 0.008314812555909157}, {\"id\": 62, \"seek\": 14306, \"start\": 166.63999938964844, \"end\": 170.0, \"text\": \" And, you know, she was like, you know,\", \"tokens\": [51543, 400, 11, 291, 458, 11, 750, 390, 411, 11, 291, 458, 11, 51711], \"temperature\": 0.0, \"avg_logprob\": -0.2512585520744324, \"compression_ratio\": 1.785454511642456, \"no_speech_prob\": 0.008314812555909157}, {\"id\": 63, \"seek\": 14306, \"start\": 170.8800048828125, \"end\": 173.0, \"text\": \" expecting me to be like all mad,\", \"tokens\": [51755, 9650, 385, 281, 312, 411, 439, 5244, 11, 51861], \"temperature\": 0.0, \"avg_logprob\": -0.2512585520744324, \"compression_ratio\": 1.785454511642456, \"no_speech_prob\": 0.008314812555909157}, {\"id\": 64, \"seek\": 17300, \"start\": 173.77999877929688, \"end\": 175.66000366210938, \"text\": \" but actually like I had this weird thing\", \"tokens\": [50403, 457, 767, 411, 286, 632, 341, 3657, 551, 50497], \"temperature\": 0.0, \"avg_logprob\": -0.2728049159049988, \"compression_ratio\": 1.7296137809753418, \"no_speech_prob\": 0.0005274534923955798}, {\"id\": 65, \"seek\": 17300, \"start\": 175.66000366210938, \"end\": 178.3800048828125, \"text\": \" where I was kind of, I was obviously upset,\", \"tokens\": [50497, 689, 286, 390, 733, 295, 11, 286, 390, 2745, 8340, 11, 50633], \"temperature\": 0.0, \"avg_logprob\": -0.2728049159049988, \"compression_ratio\": 1.7296137809753418, \"no_speech_prob\": 0.0005274534923955798}, {\"id\": 66, \"seek\": 17300, \"start\": 178.3800048828125, \"end\": 180.13999938964844, \"text\": \" but I like wanted to know everything\", \"tokens\": [50633, 457, 286, 411, 1415, 281, 458, 1203, 50721], \"temperature\": 0.0, \"avg_logprob\": -0.2728049159049988, \"compression_ratio\": 1.7296137809753418, \"no_speech_prob\": 0.0005274534923955798}, {\"id\": 67, \"seek\": 17300, \"start\": 180.13999938964844, \"end\": 182.6199951171875, \"text\": \" in like painstakingly brutal detail.\", \"tokens\": [50721, 294, 411, 1822, 372, 2456, 356, 17878, 2607, 13, 50845], \"temperature\": 0.0, \"avg_logprob\": -0.2728049159049988, \"compression_ratio\": 1.7296137809753418, \"no_speech_prob\": 0.0005274534923955798}, {\"id\": 68, \"seek\": 17300, \"start\": 182.6199951171875, \"end\": 184.66000366210938, \"text\": \" Like, how did he fuck you?\", \"tokens\": [50845, 1743, 11, 577, 630, 415, 3275, 291, 30, 50947], \"temperature\": 0.0, \"avg_logprob\": -0.2728049159049988, \"compression_ratio\": 1.7296137809753418, \"no_speech_prob\": 0.0005274534923955798}, {\"id\": 69, \"seek\": 17300, \"start\": 184.66000366210938, \"end\": 185.5800018310547, \"text\": \" How did this happen?\", \"tokens\": [50947, 1012, 630, 341, 1051, 30, 50993], \"temperature\": 0.0, \"avg_logprob\": -0.2728049159049988, \"compression_ratio\": 1.7296137809753418, \"no_speech_prob\": 0.0005274534923955798}, {\"id\": 70, \"seek\": 17300, \"start\": 185.5800018310547, \"end\": 186.66000366210938, \"text\": \" How did that happen?\", \"tokens\": [50993, 1012, 630, 300, 1051, 30, 51047], \"temperature\": 0.0, \"avg_logprob\": -0.2728049159049988, \"compression_ratio\": 1.7296137809753418, \"no_speech_prob\": 0.0005274534923955798}, {\"id\": 71, \"seek\": 17300, \"start\": 186.66000366210938, \"end\": 189.66000366210938, \"text\": \" And I made her give me like the like everything.\", \"tokens\": [51047, 400, 286, 1027, 720, 976, 385, 411, 264, 411, 1203, 13, 51197], \"temperature\": 0.0, \"avg_logprob\": -0.2728049159049988, \"compression_ratio\": 1.7296137809753418, \"no_speech_prob\": 0.0005274534923955798}, {\"id\": 72, \"seek\": 17300, \"start\": 189.66000366210938, \"end\": 194.66000366210938, \"text\": \" And I don't know why I wanted to do that.\", \"tokens\": [51197, 400, 286, 500, 380, 458, 983, 286, 1415, 281, 360, 300, 13, 51447], \"temperature\": 0.0, \"avg_logprob\": -0.2728049159049988, \"compression_ratio\": 1.7296137809753418, \"no_speech_prob\": 0.0005274534923955798}, {\"id\": 73, \"seek\": 17300, \"start\": 194.82000732421875, \"end\": 197.89999389648438, \"text\": \" It was like, I was torturing myself with this information.\", \"tokens\": [51455, 467, 390, 411, 11, 286, 390, 10806, 1345, 2059, 365, 341, 1589, 13, 51609], \"temperature\": 0.0, \"avg_logprob\": -0.2728049159049988, \"compression_ratio\": 1.7296137809753418, \"no_speech_prob\": 0.0005274534923955798}, {\"id\": 74, \"seek\": 17300, \"start\": 197.89999389648438, \"end\": 200.5800018310547, \"text\": \" Like, and then, you know.\", \"tokens\": [51609, 1743, 11, 293, 550, 11, 291, 458, 13, 51743], \"temperature\": 0.0, \"avg_logprob\": -0.2728049159049988, \"compression_ratio\": 1.7296137809753418, \"no_speech_prob\": 0.0005274534923955798}, {\"id\": 75, \"seek\": 20058, \"start\": 200.60000610351562, \"end\": 202.0, \"text\": \" Was it bigger than me?\", \"tokens\": [50365, 3027, 309, 3801, 813, 385, 30, 50435], \"temperature\": 0.0, \"avg_logprob\": -0.24679411947727203, \"compression_ratio\": 1.754325270652771, \"no_speech_prob\": 0.002980739576742053}, {\"id\": 76, \"seek\": 20058, \"start\": 202.0, \"end\": 203.0, \"text\": \" Did it feel better?\", \"tokens\": [50435, 2589, 309, 841, 1101, 30, 50485], \"temperature\": 0.0, \"avg_logprob\": -0.24679411947727203, \"compression_ratio\": 1.754325270652771, \"no_speech_prob\": 0.002980739576742053}, {\"id\": 77, \"seek\": 20058, \"start\": 203.9199981689453, \"end\": 206.52000427246094, \"text\": \" And all the answers I didn't want to hear, of course.\", \"tokens\": [50531, 400, 439, 264, 6338, 286, 994, 380, 528, 281, 1568, 11, 295, 1164, 13, 50661], \"temperature\": 0.0, \"avg_logprob\": -0.24679411947727203, \"compression_ratio\": 1.754325270652771, \"no_speech_prob\": 0.002980739576742053}, {\"id\": 78, \"seek\": 20058, \"start\": 207.39999389648438, \"end\": 210.27999877929688, \"text\": \" You know, it drove me crazy that like she let this guy do\", \"tokens\": [50705, 509, 458, 11, 309, 13226, 385, 3219, 300, 411, 750, 718, 341, 2146, 360, 50849], \"temperature\": 0.0, \"avg_logprob\": -0.24679411947727203, \"compression_ratio\": 1.754325270652771, \"no_speech_prob\": 0.002980739576742053}, {\"id\": 79, \"seek\": 20058, \"start\": 210.27999877929688, \"end\": 211.24000549316406, \"text\": \" like a bunch of things to her\", \"tokens\": [50849, 411, 257, 3840, 295, 721, 281, 720, 50897], \"temperature\": 0.0, \"avg_logprob\": -0.24679411947727203, \"compression_ratio\": 1.754325270652771, \"no_speech_prob\": 0.002980739576742053}, {\"id\": 80, \"seek\": 20058, \"start\": 211.24000549316406, \"end\": 213.0, \"text\": \" that she wouldn't let me do to her.\", \"tokens\": [50897, 300, 750, 2759, 380, 718, 385, 360, 281, 720, 13, 50985], \"temperature\": 0.0, \"avg_logprob\": -0.24679411947727203, \"compression_ratio\": 1.754325270652771, \"no_speech_prob\": 0.002980739576742053}, {\"id\": 81, \"seek\": 20058, \"start\": 213.9600067138672, \"end\": 216.0, \"text\": \" And then like I forgave her and we, you know,\", \"tokens\": [51033, 400, 550, 411, 286, 3667, 946, 720, 293, 321, 11, 291, 458, 11, 51135], \"temperature\": 0.0, \"avg_logprob\": -0.24679411947727203, \"compression_ratio\": 1.754325270652771, \"no_speech_prob\": 0.002980739576742053}, {\"id\": 82, \"seek\": 20058, \"start\": 216.0, \"end\": 219.36000061035156, \"text\": \" we made up and then two weeks later she dumped me.\", \"tokens\": [51135, 321, 1027, 493, 293, 550, 732, 3259, 1780, 750, 32131, 385, 13, 51303], \"temperature\": 0.0, \"avg_logprob\": -0.24679411947727203, \"compression_ratio\": 1.754325270652771, \"no_speech_prob\": 0.002980739576742053}, {\"id\": 83, \"seek\": 20058, \"start\": 219.36000061035156, \"end\": 222.0399932861328, \"text\": \" And I was just like, what the fuck?\", \"tokens\": [51303, 400, 286, 390, 445, 411, 11, 437, 264, 3275, 30, 51437], \"temperature\": 0.0, \"avg_logprob\": -0.24679411947727203, \"compression_ratio\": 1.754325270652771, \"no_speech_prob\": 0.002980739576742053}, {\"id\": 84, \"seek\": 20058, \"start\": 222.0399932861328, \"end\": 224.24000549316406, \"text\": \" Like, what is wrong with me?\", \"tokens\": [51437, 1743, 11, 437, 307, 2085, 365, 385, 30, 51547], \"temperature\": 0.0, \"avg_logprob\": -0.24679411947727203, \"compression_ratio\": 1.754325270652771, \"no_speech_prob\": 0.002980739576742053}, {\"id\": 85, \"seek\": 20058, \"start\": 224.24000549316406, \"end\": 226.77999877929688, \"text\": \" You know, I'm like, I've been working on this shit forever.\", \"tokens\": [51547, 509, 458, 11, 286, 478, 411, 11, 286, 600, 668, 1364, 322, 341, 4611, 5680, 13, 51674], \"temperature\": 0.0, \"avg_logprob\": -0.24679411947727203, \"compression_ratio\": 1.754325270652771, \"no_speech_prob\": 0.002980739576742053}, {\"id\": 86, \"seek\": 20058, \"start\": 226.77999877929688, \"end\": 228.63999938964844, \"text\": \" I've been studying from all these guys.\", \"tokens\": [51674, 286, 600, 668, 7601, 490, 439, 613, 1074, 13, 51767], \"temperature\": 0.0, \"avg_logprob\": -0.24679411947727203, \"compression_ratio\": 1.754325270652771, \"no_speech_prob\": 0.002980739576742053}, {\"id\": 87, \"seek\": 20058, \"start\": 228.63999938964844, \"end\": 229.47999572753906, \"text\": \" I've read all the books.\", \"tokens\": [51767, 286, 600, 1401, 439, 264, 3642, 13, 51809], \"temperature\": 0.0, \"avg_logprob\": -0.24679411947727203, \"compression_ratio\": 1.754325270652771, \"no_speech_prob\": 0.002980739576742053}, {\"id\": 88, \"seek\": 22948, \"start\": 229.47999572753906, \"end\": 232.4600067138672, \"text\": \" I've been all the seminars and I suck.\", \"tokens\": [50364, 286, 600, 668, 439, 264, 43112, 293, 286, 9967, 13, 50513], \"temperature\": 0.0, \"avg_logprob\": -0.31084752082824707, \"compression_ratio\": 1.573122501373291, \"no_speech_prob\": 0.0004655095108319074}, {\"id\": 89, \"seek\": 22948, \"start\": 232.4600067138672, \"end\": 234.05999755859375, \"text\": \" Like there's gotta be something wrong with you.\", \"tokens\": [50513, 1743, 456, 311, 3428, 312, 746, 2085, 365, 291, 13, 50593], \"temperature\": 0.0, \"avg_logprob\": -0.31084752082824707, \"compression_ratio\": 1.573122501373291, \"no_speech_prob\": 0.0004655095108319074}, {\"id\": 90, \"seek\": 22948, \"start\": 234.05999755859375, \"end\": 235.6199951171875, \"text\": \" There's like an invisible sign on my back\", \"tokens\": [50593, 821, 311, 411, 364, 14603, 1465, 322, 452, 646, 50671], \"temperature\": 0.0, \"avg_logprob\": -0.31084752082824707, \"compression_ratio\": 1.573122501373291, \"no_speech_prob\": 0.0004655095108319074}, {\"id\": 91, \"seek\": 22948, \"start\": 235.6199951171875, \"end\": 238.3800048828125, \"text\": \" that tells like women, like, you know, this guy is-\", \"tokens\": [50671, 300, 5112, 411, 2266, 11, 411, 11, 291, 458, 11, 341, 2146, 307, 12, 50809], \"temperature\": 0.0, \"avg_logprob\": -0.31084752082824707, \"compression_ratio\": 1.573122501373291, \"no_speech_prob\": 0.0004655095108319074}, {\"id\": 92, \"seek\": 22948, \"start\": 238.3800048828125, \"end\": 240.25999450683594, \"text\": \" Cheat on me, I'm a dork.\", \"tokens\": [50809, 3351, 267, 322, 385, 11, 286, 478, 257, 274, 1284, 13, 50903], \"temperature\": 0.0, \"avg_logprob\": -0.31084752082824707, \"compression_ratio\": 1.573122501373291, \"no_speech_prob\": 0.0004655095108319074}, {\"id\": 93, \"seek\": 22948, \"start\": 240.25999450683594, \"end\": 242.94000244140625, \"text\": \" Yeah, even though I'd learned like, you know,\", \"tokens\": [50903, 865, 11, 754, 1673, 286, 1116, 3264, 411, 11, 291, 458, 11, 51037], \"temperature\": 0.0, \"avg_logprob\": -0.31084752082824707, \"compression_ratio\": 1.573122501373291, \"no_speech_prob\": 0.0004655095108319074}, {\"id\": 94, \"seek\": 22948, \"start\": 242.94000244140625, \"end\": 245.02000427246094, \"text\": \" I like, it was ridiculous.\", \"tokens\": [51037, 286, 411, 11, 309, 390, 11083, 13, 51141], \"temperature\": 0.0, \"avg_logprob\": -0.31084752082824707, \"compression_ratio\": 1.573122501373291, \"no_speech_prob\": 0.0004655095108319074}, {\"id\": 95, \"seek\": 22948, \"start\": 246.13999938964844, \"end\": 249.3800048828125, \"text\": \" And then kind of like a whirlwind of shit happened.\", \"tokens\": [51197, 400, 550, 733, 295, 411, 257, 35706, 12199, 295, 4611, 2011, 13, 51359], \"temperature\": 0.0, \"avg_logprob\": -0.31084752082824707, \"compression_ratio\": 1.573122501373291, \"no_speech_prob\": 0.0004655095108319074}, {\"id\": 96, \"seek\": 22948, \"start\": 249.3800048828125, \"end\": 251.5800018310547, \"text\": \" I lost my job in finance.\", \"tokens\": [51359, 286, 2731, 452, 1691, 294, 10719, 13, 51469], \"temperature\": 0.0, \"avg_logprob\": -0.31084752082824707, \"compression_ratio\": 1.573122501373291, \"no_speech_prob\": 0.0004655095108319074}, {\"id\": 97, \"seek\": 22948, \"start\": 251.5800018310547, \"end\": 254.10000610351562, \"text\": \" It was 2008, the markets collapsed.\", \"tokens\": [51469, 467, 390, 10389, 11, 264, 8383, 24578, 13, 51595], \"temperature\": 0.0, \"avg_logprob\": -0.31084752082824707, \"compression_ratio\": 1.573122501373291, \"no_speech_prob\": 0.0004655095108319074}, {\"id\": 98, \"seek\": 22948, \"start\": 254.10000610351562, \"end\": 255.5, \"text\": \" Yeah.\", \"tokens\": [51595, 865, 13, 51665], \"temperature\": 0.0, \"avg_logprob\": -0.31084752082824707, \"compression_ratio\": 1.573122501373291, \"no_speech_prob\": 0.0004655095108319074}, {\"id\": 99, \"seek\": 25550, \"start\": 255.5, \"end\": 259.5199890136719, \"text\": \" And I was like, you know, in my late twenties at the time,\", \"tokens\": [50364, 400, 286, 390, 411, 11, 291, 458, 11, 294, 452, 3469, 49398, 412, 264, 565, 11, 50565], \"temperature\": 0.0, \"avg_logprob\": -0.18310706317424774, \"compression_ratio\": 1.673758864402771, \"no_speech_prob\": 0.002672928385436535}, {\"id\": 100, \"seek\": 25550, \"start\": 259.5199890136719, \"end\": 262.2799987792969, \"text\": \" single and just like, what the fuck do I do now?\", \"tokens\": [50565, 2167, 293, 445, 411, 11, 437, 264, 3275, 360, 286, 360, 586, 30, 50703], \"temperature\": 0.0, \"avg_logprob\": -0.18310706317424774, \"compression_ratio\": 1.673758864402771, \"no_speech_prob\": 0.002672928385436535}, {\"id\": 101, \"seek\": 25550, \"start\": 262.2799987792969, \"end\": 264.2799987792969, \"text\": \" Do I like go back and get a shitty job in finance?\", \"tokens\": [50703, 1144, 286, 411, 352, 646, 293, 483, 257, 30748, 1691, 294, 10719, 30, 50803], \"temperature\": 0.0, \"avg_logprob\": -0.18310706317424774, \"compression_ratio\": 1.673758864402771, \"no_speech_prob\": 0.002672928385436535}, {\"id\": 102, \"seek\": 25550, \"start\": 264.2799987792969, \"end\": 267.4800109863281, \"text\": \" Do I like try to play, you know, professional poker,\", \"tokens\": [50803, 1144, 286, 411, 853, 281, 862, 11, 291, 458, 11, 4843, 36863, 11, 50963], \"temperature\": 0.0, \"avg_logprob\": -0.18310706317424774, \"compression_ratio\": 1.673758864402771, \"no_speech_prob\": 0.002672928385436535}, {\"id\": 103, \"seek\": 25550, \"start\": 267.4800109863281, \"end\": 270.5, \"text\": \" which I kind of dabbled in during the poker craze.\", \"tokens\": [50963, 597, 286, 733, 295, 274, 10797, 1493, 294, 1830, 264, 36863, 2094, 1381, 13, 51114], \"temperature\": 0.0, \"avg_logprob\": -0.18310706317424774, \"compression_ratio\": 1.673758864402771, \"no_speech_prob\": 0.002672928385436535}, {\"id\": 104, \"seek\": 25550, \"start\": 270.5, \"end\": 273.67999267578125, \"text\": \" But luckily a buddy of mine was living up in LA.\", \"tokens\": [51114, 583, 22880, 257, 10340, 295, 3892, 390, 2647, 493, 294, 9855, 13, 51273], \"temperature\": 0.0, \"avg_logprob\": -0.18310706317424774, \"compression_ratio\": 1.673758864402771, \"no_speech_prob\": 0.002672928385436535}, {\"id\": 105, \"seek\": 25550, \"start\": 273.67999267578125, \"end\": 275.8399963378906, \"text\": \" He invited me to like come stay with him.\", \"tokens\": [51273, 634, 9185, 385, 281, 411, 808, 1754, 365, 796, 13, 51381], \"temperature\": 0.0, \"avg_logprob\": -0.18310706317424774, \"compression_ratio\": 1.673758864402771, \"no_speech_prob\": 0.002672928385436535}, {\"id\": 106, \"seek\": 25550, \"start\": 275.8399963378906, \"end\": 278.6400146484375, \"text\": \" And this guy, I didn't really know super well,\", \"tokens\": [51381, 400, 341, 2146, 11, 286, 994, 380, 534, 458, 1687, 731, 11, 51521], \"temperature\": 0.0, \"avg_logprob\": -0.18310706317424774, \"compression_ratio\": 1.673758864402771, \"no_speech_prob\": 0.002672928385436535}, {\"id\": 107, \"seek\": 25550, \"start\": 278.6400146484375, \"end\": 280.9599914550781, \"text\": \" but like we met through poker\", \"tokens\": [51521, 457, 411, 321, 1131, 807, 36863, 51637], \"temperature\": 0.0, \"avg_logprob\": -0.18310706317424774, \"compression_ratio\": 1.673758864402771, \"no_speech_prob\": 0.002672928385436535}, {\"id\": 108, \"seek\": 25550, \"start\": 280.9599914550781, \"end\": 284.0400085449219, \"text\": \" and this guy was like a beast with girls.\", \"tokens\": [51637, 293, 341, 2146, 390, 411, 257, 13464, 365, 4519, 13, 51791], \"temperature\": 0.0, \"avg_logprob\": -0.18310706317424774, \"compression_ratio\": 1.673758864402771, \"no_speech_prob\": 0.002672928385436535}, {\"id\": 109, \"seek\": 28404, \"start\": 284.0400085449219, \"end\": 287.1000061035156, \"text\": \" This guy was way better than any of the dating coaches,\", \"tokens\": [50364, 639, 2146, 390, 636, 1101, 813, 604, 295, 264, 10689, 17503, 11, 50517], \"temperature\": 0.0, \"avg_logprob\": -0.22214455902576447, \"compression_ratio\": 1.7532894611358643, \"no_speech_prob\": 0.0022871349938213825}, {\"id\": 110, \"seek\": 28404, \"start\": 287.1000061035156, \"end\": 289.739990234375, \"text\": \" any of the pickup artists I'd ever met.\", \"tokens\": [50517, 604, 295, 264, 25328, 6910, 286, 1116, 1562, 1131, 13, 50649], \"temperature\": 0.0, \"avg_logprob\": -0.22214455902576447, \"compression_ratio\": 1.7532894611358643, \"no_speech_prob\": 0.0022871349938213825}, {\"id\": 111, \"seek\": 28404, \"start\": 289.739990234375, \"end\": 291.7799987792969, \"text\": \" He was rich because he was a poker player,\", \"tokens\": [50649, 634, 390, 4593, 570, 415, 390, 257, 36863, 4256, 11, 50751], \"temperature\": 0.0, \"avg_logprob\": -0.22214455902576447, \"compression_ratio\": 1.7532894611358643, \"no_speech_prob\": 0.0022871349938213825}, {\"id\": 112, \"seek\": 28404, \"start\": 291.7799987792969, \"end\": 294.260009765625, \"text\": \" but he was like an alpha male force of nature.\", \"tokens\": [50751, 457, 415, 390, 411, 364, 8961, 7133, 3464, 295, 3687, 13, 50875], \"temperature\": 0.0, \"avg_logprob\": -0.22214455902576447, \"compression_ratio\": 1.7532894611358643, \"no_speech_prob\": 0.0022871349938213825}, {\"id\": 113, \"seek\": 28404, \"start\": 294.260009765625, \"end\": 295.6199951171875, \"text\": \" I had never met a guy like this before.\", \"tokens\": [50875, 286, 632, 1128, 1131, 257, 2146, 411, 341, 949, 13, 50943], \"temperature\": 0.0, \"avg_logprob\": -0.22214455902576447, \"compression_ratio\": 1.7532894611358643, \"no_speech_prob\": 0.0022871349938213825}, {\"id\": 114, \"seek\": 28404, \"start\": 295.6199951171875, \"end\": 298.05999755859375, \"text\": \" He like didn't give a fuck.\", \"tokens\": [50943, 634, 411, 994, 380, 976, 257, 3275, 13, 51065], \"temperature\": 0.0, \"avg_logprob\": -0.22214455902576447, \"compression_ratio\": 1.7532894611358643, \"no_speech_prob\": 0.0022871349938213825}, {\"id\": 115, \"seek\": 28404, \"start\": 298.05999755859375, \"end\": 299.8999938964844, \"text\": \" He would say the craziest shit to girls.\", \"tokens\": [51065, 634, 576, 584, 264, 46339, 4611, 281, 4519, 13, 51157], \"temperature\": 0.0, \"avg_logprob\": -0.22214455902576447, \"compression_ratio\": 1.7532894611358643, \"no_speech_prob\": 0.0022871349938213825}, {\"id\": 116, \"seek\": 28404, \"start\": 299.8999938964844, \"end\": 301.4200134277344, \"text\": \" Like one of his opening lines was talking,\", \"tokens\": [51157, 1743, 472, 295, 702, 5193, 3876, 390, 1417, 11, 51233], \"temperature\": 0.0, \"avg_logprob\": -0.22214455902576447, \"compression_ratio\": 1.7532894611358643, \"no_speech_prob\": 0.0022871349938213825}, {\"id\": 117, \"seek\": 28404, \"start\": 301.4200134277344, \"end\": 304.70001220703125, \"text\": \" he basically like walk up and tell them that like,\", \"tokens\": [51233, 415, 1936, 411, 1792, 493, 293, 980, 552, 300, 411, 11, 51397], \"temperature\": 0.0, \"avg_logprob\": -0.22214455902576447, \"compression_ratio\": 1.7532894611358643, \"no_speech_prob\": 0.0022871349938213825}, {\"id\": 118, \"seek\": 28404, \"start\": 304.70001220703125, \"end\": 306.260009765625, \"text\": \" hey, what would you do if I like, you know,\", \"tokens\": [51397, 4177, 11, 437, 576, 291, 360, 498, 286, 411, 11, 291, 458, 11, 51475], \"temperature\": 0.0, \"avg_logprob\": -0.22214455902576447, \"compression_ratio\": 1.7532894611358643, \"no_speech_prob\": 0.0022871349938213825}, {\"id\": 119, \"seek\": 28404, \"start\": 306.260009765625, \"end\": 308.3399963378906, \"text\": \" grabbed you by your hair and put you up against the wall\", \"tokens\": [51475, 18607, 291, 538, 428, 2578, 293, 829, 291, 493, 1970, 264, 2929, 51579], \"temperature\": 0.0, \"avg_logprob\": -0.22214455902576447, \"compression_ratio\": 1.7532894611358643, \"no_speech_prob\": 0.0022871349938213825}, {\"id\": 120, \"seek\": 28404, \"start\": 308.3399963378906, \"end\": 311.70001220703125, \"text\": \" and like, you know, XYZ, like this graphic,\", \"tokens\": [51579, 293, 411, 11, 291, 458, 11, 48826, 57, 11, 411, 341, 14089, 11, 51747], \"temperature\": 0.0, \"avg_logprob\": -0.22214455902576447, \"compression_ratio\": 1.7532894611358643, \"no_speech_prob\": 0.0022871349938213825}, {\"id\": 121, \"seek\": 31170, \"start\": 311.9200134277344, \"end\": 313.0400085449219, \"text\": \" like aggressive stuff.\", \"tokens\": [50375, 411, 10762, 1507, 13, 50431], \"temperature\": 0.0, \"avg_logprob\": -0.2307736873626709, \"compression_ratio\": 1.9069766998291016, \"no_speech_prob\": 0.01048852689564228}, {\"id\": 122, \"seek\": 31170, \"start\": 313.0400085449219, \"end\": 314.2799987792969, \"text\": \" But they would like joke back,\", \"tokens\": [50431, 583, 436, 576, 411, 7647, 646, 11, 50493], \"temperature\": 0.0, \"avg_logprob\": -0.2307736873626709, \"compression_ratio\": 1.9069766998291016, \"no_speech_prob\": 0.01048852689564228}, {\"id\": 123, \"seek\": 31170, \"start\": 314.2799987792969, \"end\": 315.44000244140625, \"text\": \" oh, I would kick you in the balls.\", \"tokens\": [50493, 1954, 11, 286, 576, 4437, 291, 294, 264, 9803, 13, 50551], \"temperature\": 0.0, \"avg_logprob\": -0.2307736873626709, \"compression_ratio\": 1.9069766998291016, \"no_speech_prob\": 0.01048852689564228}, {\"id\": 124, \"seek\": 31170, \"start\": 315.44000244140625, \"end\": 317.3399963378906, \"text\": \" And you'd be like, how could you kick me in the balls\", \"tokens\": [50551, 400, 291, 1116, 312, 411, 11, 577, 727, 291, 4437, 385, 294, 264, 9803, 50646], \"temperature\": 0.0, \"avg_logprob\": -0.2307736873626709, \"compression_ratio\": 1.9069766998291016, \"no_speech_prob\": 0.01048852689564228}, {\"id\": 125, \"seek\": 31170, \"start\": 317.3399963378906, \"end\": 320.6000061035156, \"text\": \" if you were like, you know, if you were gasping for air?\", \"tokens\": [50646, 498, 291, 645, 411, 11, 291, 458, 11, 498, 291, 645, 4211, 3381, 337, 1988, 30, 50809], \"temperature\": 0.0, \"avg_logprob\": -0.2307736873626709, \"compression_ratio\": 1.9069766998291016, \"no_speech_prob\": 0.01048852689564228}, {\"id\": 126, \"seek\": 31170, \"start\": 320.6000061035156, \"end\": 322.6000061035156, \"text\": \" And then it was just like, you know,\", \"tokens\": [50809, 400, 550, 309, 390, 445, 411, 11, 291, 458, 11, 50909], \"temperature\": 0.0, \"avg_logprob\": -0.2307736873626709, \"compression_ratio\": 1.9069766998291016, \"no_speech_prob\": 0.01048852689564228}, {\"id\": 127, \"seek\": 31170, \"start\": 322.6000061035156, \"end\": 325.0799865722656, \"text\": \" and I was like, wow, this is like all the stuff\", \"tokens\": [50909, 293, 286, 390, 411, 11, 6076, 11, 341, 307, 411, 439, 264, 1507, 51033], \"temperature\": 0.0, \"avg_logprob\": -0.2307736873626709, \"compression_ratio\": 1.9069766998291016, \"no_speech_prob\": 0.01048852689564228}, {\"id\": 128, \"seek\": 31170, \"start\": 325.0799865722656, \"end\": 327.9599914550781, \"text\": \" that the pickup guys talk about, but no one actually does.\", \"tokens\": [51033, 300, 264, 25328, 1074, 751, 466, 11, 457, 572, 472, 767, 775, 13, 51177], \"temperature\": 0.0, \"avg_logprob\": -0.2307736873626709, \"compression_ratio\": 1.9069766998291016, \"no_speech_prob\": 0.01048852689564228}, {\"id\": 129, \"seek\": 31170, \"start\": 327.9599914550781, \"end\": 329.3599853515625, \"text\": \" And I haven't really seen,\", \"tokens\": [51177, 400, 286, 2378, 380, 534, 1612, 11, 51247], \"temperature\": 0.0, \"avg_logprob\": -0.2307736873626709, \"compression_ratio\": 1.9069766998291016, \"no_speech_prob\": 0.01048852689564228}, {\"id\": 130, \"seek\": 31170, \"start\": 329.3599853515625, \"end\": 330.7799987792969, \"text\": \" and this guy knew none of the tactics.\", \"tokens\": [51247, 293, 341, 2146, 2586, 6022, 295, 264, 19454, 13, 51318], \"temperature\": 0.0, \"avg_logprob\": -0.2307736873626709, \"compression_ratio\": 1.9069766998291016, \"no_speech_prob\": 0.01048852689564228}, {\"id\": 131, \"seek\": 31170, \"start\": 330.7799987792969, \"end\": 334.0400085449219, \"text\": \" He was just like, like I said, a total natural.\", \"tokens\": [51318, 634, 390, 445, 411, 11, 411, 286, 848, 11, 257, 3217, 3303, 13, 51481], \"temperature\": 0.0, \"avg_logprob\": -0.2307736873626709, \"compression_ratio\": 1.9069766998291016, \"no_speech_prob\": 0.01048852689564228}, {\"id\": 132, \"seek\": 31170, \"start\": 334.0400085449219, \"end\": 335.1600036621094, \"text\": \" So I realized, I was like, all right,\", \"tokens\": [51481, 407, 286, 5334, 11, 286, 390, 411, 11, 439, 558, 11, 51537], \"temperature\": 0.0, \"avg_logprob\": -0.2307736873626709, \"compression_ratio\": 1.9069766998291016, \"no_speech_prob\": 0.01048852689564228}, {\"id\": 133, \"seek\": 31170, \"start\": 335.1600036621094, \"end\": 337.760009765625, \"text\": \" if I can just kind of hang out with this guy,\", \"tokens\": [51537, 498, 286, 393, 445, 733, 295, 3967, 484, 365, 341, 2146, 11, 51667], \"temperature\": 0.0, \"avg_logprob\": -0.2307736873626709, \"compression_ratio\": 1.9069766998291016, \"no_speech_prob\": 0.01048852689564228}, {\"id\": 134, \"seek\": 31170, \"start\": 337.760009765625, \"end\": 341.3599853515625, \"text\": \" this is really like the sort of,\", \"tokens\": [51667, 341, 307, 534, 411, 264, 1333, 295, 11, 51847], \"temperature\": 0.0, \"avg_logprob\": -0.2307736873626709, \"compression_ratio\": 1.9069766998291016, \"no_speech_prob\": 0.01048852689564228}, {\"id\": 135, \"seek\": 34136, \"start\": 341.3599853515625, \"end\": 344.4200134277344, \"text\": \" he's kind of like the abusive father I never had.\", \"tokens\": [50397, 415, 311, 733, 295, 411, 264, 32828, 3086, 286, 1128, 632, 13, 50517], \"temperature\": 0.0, \"avg_logprob\": -0.4422394037246704, \"compression_ratio\": 0.9074074029922485, \"no_speech_prob\": 0.0006985528743825853}]}"}