{"title": "Are you guilty of sending these horrible texts?", "video_id": "7EH-x7LUQXc", "video_url": "https://www.youtube.com/watch?v=7EH-x7LUQXc", "description": "", "published_at": "2023-05-01T23:14:54Z", "channel_id": "UC0O-ohYDF4P66HW9XJ4Us8w", "channel_title": "Robbie Kramer", "tags": [], "category_id": "26", "live_broadcast_content": "none", "duration": 21.0, "dimension": "2d", "definition": "hd", "caption": "false", "view_count": 1995, "like_count": 35, "comment_count": 2, "channel_info": {"title": "Robbie Kramer", "description": "I'm Robbie Kramer \ud83c\udf99Host of The Inner Confidence Podcast & Founder of Inner Confidence, Inc.\n\nI lived an exhilarating single life filled with adventures and lessons, and ultimately achieved what I had always aspired to \u2013 finding an amazing, feminine, and loving wife. \n\nI believe my experiences provide a rare balance of wild freedom and committed love, equipping me with the insights to help you navigate the complexities of dating and relationships in today's world. Let me guide you to embrace your desires, improve your social prowess, and ultimately attract the partner who aligns with your highest aspirations.\n\nYou won\u2019t find any fluffy, new-age, or cringy stuff here, just tested, proven and actionable advice that yields results.\n\nApply to join our exclusive Inner Confidence Community of ambitious men who are actively working together to achieve their goals faster   \u25ba https://innerconfidence.com/community\n\nYou can email me at robbie@innerconfidence.com with any questions or comments.\n", "subscriber_count": "1270", "total_views": "604693", "total_videos": "470"}, "comments": [], "file_path": "/Users/aelaguiz/workspace/fc_book/audio/raws/7EH-x7LUQXc.mp3", "transcription": "{\"text\": \"My sister's single now, and it's so interesting to hear what she's been saying. She's like, yeah, I really like him, but he's a shitty texter. What? You know, it's even shocking to me. I'm like, wait, so you really like him, but he's a shitty texter. And now you don't like him as much. She's like, yeah, cause like he's boring. He sends me like, how's it going? Like, how's your day? Happy Friday. Happy Sunday. It's like f***ed off. \", \"segments\": [{\"id\": 0, \"seek\": 0, \"start\": 0.0, \"end\": 3.9200000762939453, \"text\": \" My sister's single now, and it's so interesting to hear what she's been saying.\", \"tokens\": [50364, 1222, 4892, 311, 2167, 586, 11, 293, 309, 311, 370, 1880, 281, 1568, 437, 750, 311, 668, 1566, 13, 50560], \"temperature\": 0.0, \"avg_logprob\": -0.3362063765525818, \"compression_ratio\": 1.8312236070632935, \"no_speech_prob\": 0.18863017857074738}, {\"id\": 1, \"seek\": 0, \"start\": 3.9200000762939453, \"end\": 5.840000152587891, \"text\": \" She's like, yeah, I really like him, but he's a shitty texter.\", \"tokens\": [50560, 1240, 311, 411, 11, 1338, 11, 286, 534, 411, 796, 11, 457, 415, 311, 257, 30748, 535, 36671, 13, 50656], \"temperature\": 0.0, \"avg_logprob\": -0.3362063765525818, \"compression_ratio\": 1.8312236070632935, \"no_speech_prob\": 0.18863017857074738}, {\"id\": 2, \"seek\": 0, \"start\": 5.960000038146973, \"end\": 6.320000171661377, \"text\": \" What?\", \"tokens\": [50662, 708, 30, 50680], \"temperature\": 0.0, \"avg_logprob\": -0.3362063765525818, \"compression_ratio\": 1.8312236070632935, \"no_speech_prob\": 0.18863017857074738}, {\"id\": 3, \"seek\": 0, \"start\": 8.039999961853027, \"end\": 9.279999732971191, \"text\": \" You know, it's even shocking to me.\", \"tokens\": [50766, 509, 458, 11, 309, 311, 754, 18776, 281, 385, 13, 50828], \"temperature\": 0.0, \"avg_logprob\": -0.3362063765525818, \"compression_ratio\": 1.8312236070632935, \"no_speech_prob\": 0.18863017857074738}, {\"id\": 4, \"seek\": 0, \"start\": 9.279999732971191, \"end\": 11.760000228881836, \"text\": \" I'm like, wait, so you really like him, but he's a shitty texter.\", \"tokens\": [50828, 286, 478, 411, 11, 1699, 11, 370, 291, 534, 411, 796, 11, 457, 415, 311, 257, 30748, 535, 36671, 13, 50952], \"temperature\": 0.0, \"avg_logprob\": -0.3362063765525818, \"compression_ratio\": 1.8312236070632935, \"no_speech_prob\": 0.18863017857074738}, {\"id\": 5, \"seek\": 0, \"start\": 11.880000114440918, \"end\": 13.039999961853027, \"text\": \" And now you don't like him as much.\", \"tokens\": [50958, 400, 586, 291, 500, 380, 411, 796, 382, 709, 13, 51016], \"temperature\": 0.0, \"avg_logprob\": -0.3362063765525818, \"compression_ratio\": 1.8312236070632935, \"no_speech_prob\": 0.18863017857074738}, {\"id\": 6, \"seek\": 0, \"start\": 13.039999961853027, \"end\": 14.680000305175781, \"text\": \" She's like, yeah, cause like he's boring.\", \"tokens\": [51016, 1240, 311, 411, 11, 1338, 11, 3082, 411, 415, 311, 9989, 13, 51098], \"temperature\": 0.0, \"avg_logprob\": -0.3362063765525818, \"compression_ratio\": 1.8312236070632935, \"no_speech_prob\": 0.18863017857074738}, {\"id\": 7, \"seek\": 0, \"start\": 14.680000305175781, \"end\": 16.1200008392334, \"text\": \" He sends me like, how's it going?\", \"tokens\": [51098, 634, 14790, 385, 411, 11, 577, 311, 309, 516, 30, 51170], \"temperature\": 0.0, \"avg_logprob\": -0.3362063765525818, \"compression_ratio\": 1.8312236070632935, \"no_speech_prob\": 0.18863017857074738}, {\"id\": 8, \"seek\": 0, \"start\": 16.1200008392334, \"end\": 17.0, \"text\": \" Like, how's your day?\", \"tokens\": [51170, 1743, 11, 577, 311, 428, 786, 30, 51214], \"temperature\": 0.0, \"avg_logprob\": -0.3362063765525818, \"compression_ratio\": 1.8312236070632935, \"no_speech_prob\": 0.18863017857074738}, {\"id\": 9, \"seek\": 0, \"start\": 17.040000915527344, \"end\": 18.079999923706055, \"text\": \" Happy Friday.\", \"tokens\": [51216, 8277, 6984, 13, 51268], \"temperature\": 0.0, \"avg_logprob\": -0.3362063765525818, \"compression_ratio\": 1.8312236070632935, \"no_speech_prob\": 0.18863017857074738}, {\"id\": 10, \"seek\": 0, \"start\": 18.1200008392334, \"end\": 18.920000076293945, \"text\": \" Happy Sunday.\", \"tokens\": [51270, 8277, 7776, 13, 51310], \"temperature\": 0.0, \"avg_logprob\": -0.3362063765525818, \"compression_ratio\": 1.8312236070632935, \"no_speech_prob\": 0.18863017857074738}, {\"id\": 11, \"seek\": 0, \"start\": 18.920000076293945, \"end\": 19.959999084472656, \"text\": \" It's like f***ed off.\", \"tokens\": [51310, 467, 311, 411, 283, 13684, 292, 766, 13, 51362], \"temperature\": 0.0, \"avg_logprob\": -0.3362063765525818, \"compression_ratio\": 1.8312236070632935, \"no_speech_prob\": 0.18863017857074738}]}"}