{"title": "The biggest secret to attracting the highest quality women\u2026", "video_id": "7mfQu--iq94", "video_url": "https://www.youtube.com/watch?v=7mfQu--iq94", "description": "", "published_at": "2023-06-07T17:04:18Z", "channel_id": "UC0O-ohYDF4P66HW9XJ4Us8w", "channel_title": "Robbie Kramer", "tags": [], "category_id": "24", "live_broadcast_content": "none", "duration": 21.0, "dimension": "2d", "definition": "hd", "caption": "false", "view_count": 1628, "like_count": 18, "comment_count": 0, "channel_info": {"title": "Robbie Kramer", "description": "I'm Robbie Kramer \ud83c\udf99Host of The Inner Confidence Podcast & Founder of Inner Confidence, Inc.\n\nI lived an exhilarating single life filled with adventures and lessons, and ultimately achieved what I had always aspired to \u2013 finding an amazing, feminine, and loving wife. \n\nI believe my experiences provide a rare balance of wild freedom and committed love, equipping me with the insights to help you navigate the complexities of dating and relationships in today's world. Let me guide you to embrace your desires, improve your social prowess, and ultimately attract the partner who aligns with your highest aspirations.\n\nYou won\u2019t find any fluffy, new-age, or cringy stuff here, just tested, proven and actionable advice that yields results.\n\nApply to join our exclusive Inner Confidence Community of ambitious men who are actively working together to achieve their goals faster   \u25ba https://innerconfidence.com/community\n\nYou can email me at robbie@innerconfidence.com with any questions or comments.\n", "subscriber_count": "1270", "total_views": "604693", "total_videos": "470"}, "comments": [], "file_path": "/Users/aelaguiz/workspace/fc_book/audio/raws/7mfQu--iq94.mp3", "transcription": "{\"text\": \"Once you made this change, how did women respond to you when they realized that you could not be manipulated with sex because your self-respect is more important? It was a pretty profound shift. You know, I could tell that the ones who I previously kind of felt like were out of my league treated me differently. I wasn't chasing, I wasn't over-investing. They really kind of opened the door for like a new level where I felt like I was worthy. \", \"segments\": [{\"id\": 0, \"seek\": 0, \"start\": 0.0, \"end\": 7.28000020980835, \"text\": \" Once you made this change, how did women respond to you when they realized that you could not be manipulated with sex because your self-respect is more important?\", \"tokens\": [50364, 3443, 291, 1027, 341, 1319, 11, 577, 630, 2266, 4196, 281, 291, 562, 436, 5334, 300, 291, 727, 406, 312, 37161, 365, 3260, 570, 428, 2698, 12, 19575, 307, 544, 1021, 30, 50728], \"temperature\": 0.0, \"avg_logprob\": -0.2808344066143036, \"compression_ratio\": 1.6204379796981812, \"no_speech_prob\": 0.06344430893659592}, {\"id\": 1, \"seek\": 0, \"start\": 7.28000020980835, \"end\": 8.880000114440918, \"text\": \" It was a pretty profound shift.\", \"tokens\": [50728, 467, 390, 257, 1238, 14382, 5513, 13, 50808], \"temperature\": 0.0, \"avg_logprob\": -0.2808344066143036, \"compression_ratio\": 1.6204379796981812, \"no_speech_prob\": 0.06344430893659592}, {\"id\": 2, \"seek\": 0, \"start\": 8.880000114440918, \"end\": 13.760000228881836, \"text\": \" You know, I could tell that the ones who I previously kind of felt like were out of my league treated me differently.\", \"tokens\": [50808, 509, 458, 11, 286, 727, 980, 300, 264, 2306, 567, 286, 8046, 733, 295, 2762, 411, 645, 484, 295, 452, 14957, 8668, 385, 7614, 13, 51052], \"temperature\": 0.0, \"avg_logprob\": -0.2808344066143036, \"compression_ratio\": 1.6204379796981812, \"no_speech_prob\": 0.06344430893659592}, {\"id\": 3, \"seek\": 0, \"start\": 13.760000228881836, \"end\": 16.0, \"text\": \" I wasn't chasing, I wasn't over-investing.\", \"tokens\": [51052, 286, 2067, 380, 17876, 11, 286, 2067, 380, 670, 12, 31498, 278, 13, 51164], \"temperature\": 0.0, \"avg_logprob\": -0.2808344066143036, \"compression_ratio\": 1.6204379796981812, \"no_speech_prob\": 0.06344430893659592}, {\"id\": 4, \"seek\": 0, \"start\": 16.0, \"end\": 20.0, \"text\": \" They really kind of opened the door for like a new level where I felt like I was worthy.\", \"tokens\": [51164, 814, 534, 733, 295, 5625, 264, 2853, 337, 411, 257, 777, 1496, 689, 286, 2762, 411, 286, 390, 14829, 13, 51364], \"temperature\": 0.0, \"avg_logprob\": -0.2808344066143036, \"compression_ratio\": 1.6204379796981812, \"no_speech_prob\": 0.06344430893659592}]}"}