{"title": "The single biggest mistake a man can make\u2026", "video_id": "7u-i6J29snM", "video_url": "https://www.youtube.com/watch?v=7u-i6J29snM", "description": "", "published_at": "2023-05-05T17:45:27Z", "channel_id": "UC0O-ohYDF4P66HW9XJ4Us8w", "channel_title": "Robbie Kramer", "tags": [], "category_id": "26", "live_broadcast_content": "none", "duration": 24.0, "dimension": "2d", "definition": "hd", "caption": "false", "view_count": 1590, "like_count": 31, "comment_count": 0, "channel_info": {"title": "Robbie Kramer", "description": "I'm Robbie Kramer \ud83c\udf99Host of The Inner Confidence Podcast & Founder of Inner Confidence, Inc.\n\nI lived an exhilarating single life filled with adventures and lessons, and ultimately achieved what I had always aspired to \u2013 finding an amazing, feminine, and loving wife. \n\nI believe my experiences provide a rare balance of wild freedom and committed love, equipping me with the insights to help you navigate the complexities of dating and relationships in today's world. Let me guide you to embrace your desires, improve your social prowess, and ultimately attract the partner who aligns with your highest aspirations.\n\nYou won\u2019t find any fluffy, new-age, or cringy stuff here, just tested, proven and actionable advice that yields results.\n\nApply to join our exclusive Inner Confidence Community of ambitious men who are actively working together to achieve their goals faster   \u25ba https://innerconfidence.com/community\n\nYou can email me at robbie@innerconfidence.com with any questions or comments.\n", "subscriber_count": "1270", "total_views": "604693", "total_videos": "470"}, "comments": [], "file_path": "/Users/aelaguiz/workspace/fc_book/audio/raws/7u-i6J29snM.mp3", "transcription": "{\"text\": \"You know, I got cut, not like actually cut. No one was like having sex with my, you know, you lose a girl to another guy, you could say. And that's one of the biggest things too that we talk about in the group. It's like, we avoid those tragic scenarios where guys over-invest in a girl that they really like and then end up in a world of pain. And during my progress too, I had guys around me and I was obviously in my own group and with other mentors. But like, had I not had that support system, I probably would have married the wrong person. \", \"segments\": [{\"id\": 0, \"seek\": 0, \"start\": 0.0, \"end\": 2.680000066757202, \"text\": \" You know, I got cut, not like actually cut.\", \"tokens\": [50364, 509, 458, 11, 286, 658, 1723, 11, 406, 411, 767, 1723, 13, 50498], \"temperature\": 0.0, \"avg_logprob\": -0.2881549596786499, \"compression_ratio\": 1.7444089651107788, \"no_speech_prob\": 0.005454313941299915}, {\"id\": 1, \"seek\": 0, \"start\": 2.680000066757202, \"end\": 4.440000057220459, \"text\": \" No one was like having sex with my, you know,\", \"tokens\": [50498, 883, 472, 390, 411, 1419, 3260, 365, 452, 11, 291, 458, 11, 50586], \"temperature\": 0.0, \"avg_logprob\": -0.2881549596786499, \"compression_ratio\": 1.7444089651107788, \"no_speech_prob\": 0.005454313941299915}, {\"id\": 2, \"seek\": 0, \"start\": 4.440000057220459, \"end\": 6.119999885559082, \"text\": \" you lose a girl to another guy, you could say.\", \"tokens\": [50586, 291, 3624, 257, 2013, 281, 1071, 2146, 11, 291, 727, 584, 13, 50670], \"temperature\": 0.0, \"avg_logprob\": -0.2881549596786499, \"compression_ratio\": 1.7444089651107788, \"no_speech_prob\": 0.005454313941299915}, {\"id\": 3, \"seek\": 0, \"start\": 6.119999885559082, \"end\": 7.159999847412109, \"text\": \" And that's one of the biggest things too\", \"tokens\": [50670, 400, 300, 311, 472, 295, 264, 3880, 721, 886, 50722], \"temperature\": 0.0, \"avg_logprob\": -0.2881549596786499, \"compression_ratio\": 1.7444089651107788, \"no_speech_prob\": 0.005454313941299915}, {\"id\": 4, \"seek\": 0, \"start\": 7.159999847412109, \"end\": 8.399999618530273, \"text\": \" that we talk about in the group.\", \"tokens\": [50722, 300, 321, 751, 466, 294, 264, 1594, 13, 50784], \"temperature\": 0.0, \"avg_logprob\": -0.2881549596786499, \"compression_ratio\": 1.7444089651107788, \"no_speech_prob\": 0.005454313941299915}, {\"id\": 5, \"seek\": 0, \"start\": 8.399999618530273, \"end\": 11.0, \"text\": \" It's like, we avoid those tragic scenarios\", \"tokens\": [50784, 467, 311, 411, 11, 321, 5042, 729, 20385, 15077, 50914], \"temperature\": 0.0, \"avg_logprob\": -0.2881549596786499, \"compression_ratio\": 1.7444089651107788, \"no_speech_prob\": 0.005454313941299915}, {\"id\": 6, \"seek\": 0, \"start\": 11.0, \"end\": 13.239999771118164, \"text\": \" where guys over-invest in a girl that they really like\", \"tokens\": [50914, 689, 1074, 670, 12, 31498, 294, 257, 2013, 300, 436, 534, 411, 51026], \"temperature\": 0.0, \"avg_logprob\": -0.2881549596786499, \"compression_ratio\": 1.7444089651107788, \"no_speech_prob\": 0.005454313941299915}, {\"id\": 7, \"seek\": 0, \"start\": 13.239999771118164, \"end\": 14.640000343322754, \"text\": \" and then end up in a world of pain.\", \"tokens\": [51026, 293, 550, 917, 493, 294, 257, 1002, 295, 1822, 13, 51096], \"temperature\": 0.0, \"avg_logprob\": -0.2881549596786499, \"compression_ratio\": 1.7444089651107788, \"no_speech_prob\": 0.005454313941299915}, {\"id\": 8, \"seek\": 0, \"start\": 14.640000343322754, \"end\": 17.479999542236328, \"text\": \" And during my progress too, I had guys around me\", \"tokens\": [51096, 400, 1830, 452, 4205, 886, 11, 286, 632, 1074, 926, 385, 51238], \"temperature\": 0.0, \"avg_logprob\": -0.2881549596786499, \"compression_ratio\": 1.7444089651107788, \"no_speech_prob\": 0.005454313941299915}, {\"id\": 9, \"seek\": 0, \"start\": 17.479999542236328, \"end\": 20.360000610351562, \"text\": \" and I was obviously in my own group and with other mentors.\", \"tokens\": [51238, 293, 286, 390, 2745, 294, 452, 1065, 1594, 293, 365, 661, 21798, 13, 51382], \"temperature\": 0.0, \"avg_logprob\": -0.2881549596786499, \"compression_ratio\": 1.7444089651107788, \"no_speech_prob\": 0.005454313941299915}, {\"id\": 10, \"seek\": 0, \"start\": 20.360000610351562, \"end\": 22.280000686645508, \"text\": \" But like, had I not had that support system,\", \"tokens\": [51382, 583, 411, 11, 632, 286, 406, 632, 300, 1406, 1185, 11, 51478], \"temperature\": 0.0, \"avg_logprob\": -0.2881549596786499, \"compression_ratio\": 1.7444089651107788, \"no_speech_prob\": 0.005454313941299915}, {\"id\": 11, \"seek\": 0, \"start\": 22.280000686645508, \"end\": 24.079999923706055, \"text\": \" I probably would have married the wrong person.\", \"tokens\": [51478, 286, 1391, 576, 362, 5259, 264, 2085, 954, 13, 51568], \"temperature\": 0.0, \"avg_logprob\": -0.2881549596786499, \"compression_ratio\": 1.7444089651107788, \"no_speech_prob\": 0.005454313941299915}]}"}