{"title": "What is Seggsual Market Value? #innerconfidence", "video_id": "8cb2WeR174A", "video_url": "https://www.youtube.com/watch?v=8cb2WeR174A", "description": "", "published_at": "2023-11-21T15:49:49Z", "channel_id": "UC0O-ohYDF4P66HW9XJ4Us8w", "channel_title": "Robbie Kramer", "tags": [], "category_id": "24", "live_broadcast_content": "none", "duration": 32.0, "dimension": "2d", "definition": "hd", "caption": "false", "view_count": 2528, "like_count": 6, "comment_count": 0, "channel_info": {"title": "Robbie Kramer", "description": "I'm Robbie Kramer \ud83c\udf99Host of The Inner Confidence Podcast & Founder of Inner Confidence, Inc.\n\nI lived an exhilarating single life filled with adventures and lessons, and ultimately achieved what I had always aspired to \u2013 finding an amazing, feminine, and loving wife. \n\nI believe my experiences provide a rare balance of wild freedom and committed love, equipping me with the insights to help you navigate the complexities of dating and relationships in today's world. Let me guide you to embrace your desires, improve your social prowess, and ultimately attract the partner who aligns with your highest aspirations.\n\nYou won\u2019t find any fluffy, new-age, or cringy stuff here, just tested, proven and actionable advice that yields results.\n\nApply to join our exclusive Inner Confidence Community of ambitious men who are actively working together to achieve their goals faster   \u25ba https://innerconfidence.com/community\n\nYou can email me at robbie@innerconfidence.com with any questions or comments.\n", "subscriber_count": "1270", "total_views": "604693", "total_videos": "470"}, "comments": [], "file_path": "/Users/aelaguiz/workspace/fc_book/audio/raws/8cb2WeR174A.mp3", "transcription": "{\"text\": \"You can tell if a guy has tried to fake how to improve his sexual market value, that doesn't really work. You can like sniff him out. I need to ask a more preliminary question, which is what sexual market value is, because I've never heard this term in my life. It's just the idea that dating is a marketplace based on a variety of different factors that contribute to what you would rate a man or a woman. They're going to have different values in the marketplace. Like, obviously, if you're short, fat, ugly, bald and broke, you're going to have a very low sexual market value. And if you're a celebrity of very high status, you're going to be closer to a 10, I guess, on that scale. \", \"segments\": [{\"id\": 0, \"seek\": 0, \"start\": 0.0, \"end\": 3.759999990463257, \"text\": \" You can tell if a guy has tried to fake how to improve his sexual market value,\", \"tokens\": [50364, 509, 393, 980, 498, 257, 2146, 575, 3031, 281, 7592, 577, 281, 3470, 702, 6701, 2142, 2158, 11, 50552], \"temperature\": 0.0, \"avg_logprob\": -0.22910305857658386, \"compression_ratio\": 1.7733711004257202, \"no_speech_prob\": 0.10353551805019379}, {\"id\": 1, \"seek\": 0, \"start\": 3.759999990463257, \"end\": 4.840000152587891, \"text\": \" that doesn't really work.\", \"tokens\": [50552, 300, 1177, 380, 534, 589, 13, 50606], \"temperature\": 0.0, \"avg_logprob\": -0.22910305857658386, \"compression_ratio\": 1.7733711004257202, \"no_speech_prob\": 0.10353551805019379}, {\"id\": 2, \"seek\": 0, \"start\": 4.840000152587891, \"end\": 5.880000114440918, \"text\": \" You can like sniff him out.\", \"tokens\": [50606, 509, 393, 411, 31101, 796, 484, 13, 50658], \"temperature\": 0.0, \"avg_logprob\": -0.22910305857658386, \"compression_ratio\": 1.7733711004257202, \"no_speech_prob\": 0.10353551805019379}, {\"id\": 3, \"seek\": 0, \"start\": 5.880000114440918, \"end\": 9.84000015258789, \"text\": \" I need to ask a more preliminary question, which is what sexual market value is,\", \"tokens\": [50658, 286, 643, 281, 1029, 257, 544, 28817, 1168, 11, 597, 307, 437, 6701, 2142, 2158, 307, 11, 50856], \"temperature\": 0.0, \"avg_logprob\": -0.22910305857658386, \"compression_ratio\": 1.7733711004257202, \"no_speech_prob\": 0.10353551805019379}, {\"id\": 4, \"seek\": 0, \"start\": 9.84000015258789, \"end\": 11.800000190734863, \"text\": \" because I've never heard this term in my life.\", \"tokens\": [50856, 570, 286, 600, 1128, 2198, 341, 1433, 294, 452, 993, 13, 50954], \"temperature\": 0.0, \"avg_logprob\": -0.22910305857658386, \"compression_ratio\": 1.7733711004257202, \"no_speech_prob\": 0.10353551805019379}, {\"id\": 5, \"seek\": 0, \"start\": 11.800000190734863, \"end\": 15.119999885559082, \"text\": \" It's just the idea that dating is a marketplace based on a variety\", \"tokens\": [50954, 467, 311, 445, 264, 1558, 300, 10689, 307, 257, 19455, 2361, 322, 257, 5673, 51120], \"temperature\": 0.0, \"avg_logprob\": -0.22910305857658386, \"compression_ratio\": 1.7733711004257202, \"no_speech_prob\": 0.10353551805019379}, {\"id\": 6, \"seek\": 0, \"start\": 15.119999885559082, \"end\": 18.920000076293945, \"text\": \" of different factors that contribute to what you would rate a man or a woman.\", \"tokens\": [51120, 295, 819, 6771, 300, 10586, 281, 437, 291, 576, 3314, 257, 587, 420, 257, 3059, 13, 51310], \"temperature\": 0.0, \"avg_logprob\": -0.22910305857658386, \"compression_ratio\": 1.7733711004257202, \"no_speech_prob\": 0.10353551805019379}, {\"id\": 7, \"seek\": 0, \"start\": 18.920000076293945, \"end\": 20.719999313354492, \"text\": \" They're going to have different values in the marketplace.\", \"tokens\": [51310, 814, 434, 516, 281, 362, 819, 4190, 294, 264, 19455, 13, 51400], \"temperature\": 0.0, \"avg_logprob\": -0.22910305857658386, \"compression_ratio\": 1.7733711004257202, \"no_speech_prob\": 0.10353551805019379}, {\"id\": 8, \"seek\": 0, \"start\": 20.719999313354492, \"end\": 23.84000015258789, \"text\": \" Like, obviously, if you're short, fat, ugly, bald and broke,\", \"tokens\": [51400, 1743, 11, 2745, 11, 498, 291, 434, 2099, 11, 4046, 11, 12246, 11, 21096, 293, 6902, 11, 51556], \"temperature\": 0.0, \"avg_logprob\": -0.22910305857658386, \"compression_ratio\": 1.7733711004257202, \"no_speech_prob\": 0.10353551805019379}, {\"id\": 9, \"seek\": 0, \"start\": 23.84000015258789, \"end\": 25.600000381469727, \"text\": \" you're going to have a very low sexual market value.\", \"tokens\": [51556, 291, 434, 516, 281, 362, 257, 588, 2295, 6701, 2142, 2158, 13, 51644], \"temperature\": 0.0, \"avg_logprob\": -0.22910305857658386, \"compression_ratio\": 1.7733711004257202, \"no_speech_prob\": 0.10353551805019379}, {\"id\": 10, \"seek\": 0, \"start\": 25.600000381469727, \"end\": 27.920000076293945, \"text\": \" And if you're a celebrity of very high status,\", \"tokens\": [51644, 400, 498, 291, 434, 257, 18597, 295, 588, 1090, 6558, 11, 51760], \"temperature\": 0.0, \"avg_logprob\": -0.22910305857658386, \"compression_ratio\": 1.7733711004257202, \"no_speech_prob\": 0.10353551805019379}, {\"id\": 11, \"seek\": 2792, \"start\": 27.920000076293945, \"end\": 30.639999389648438, \"text\": \" you're going to be closer to a 10, I guess, on that scale.\", \"tokens\": [50364, 291, 434, 516, 281, 312, 4966, 281, 257, 1266, 11, 286, 2041, 11, 322, 300, 4373, 13, 50500], \"temperature\": 0.0, \"avg_logprob\": -0.32366660237312317, \"compression_ratio\": 0.920634925365448, \"no_speech_prob\": 0.9143376350402832}]}"}