{"title": "Out Of Body Experience - How I Channeled A Master Seducer", "video_id": "8lzmhsUg2Wo", "video_url": "https://www.youtube.com/watch?v=8lzmhsUg2Wo", "description": "To listen to more episodes of the Inner Confidence Podcast, visit the links below:\nWebsite: https://innerconfidence.com/podcast/\niTunes:https://podcasts.apple.com/us/podcast/inner-confidence-podcast/id986699444 \nSpotify: https://open.spotify.com/show/2zkWuTnt7whvnR6CO6oNPV\nRSS: https://innerconfidence.com/series/leverage-podcast/feed/\n\nAnd if you're interested in learning more about my coaching services and connecting with me, check out these links:\nLinkTree: https://linktr.ee/Robbiekramer\nMain Site: https://innerconfidence.com/\nInstagram: https://www.instagram.com/robbie_kramer/\nTikTok: https://www.tiktok.com/@robbie.kramer\nYouTube: https://www.youtube.com/innerconfidence\n\nThank you for tuning in, and I look forward to helping you build your inner confidence and achieve success!\n\nJoin us : https://innerconfidence.com/leverage/\nBook a call with me : https://start.innerconfidence.com/video1\n\n\n#personaldevelopment #selfimprovement #innerconfidence #innerconfidencepodcast #podcast #coaching #success #motivation #inspiration #mindset #datingcoach #relationshipgoals #confidencecoach #selfimprovement #successfulmen", "published_at": "2022-11-11T22:37:11Z", "channel_id": "UC0O-ohYDF4P66HW9XJ4Us8w", "channel_title": "Robbie Kramer", "tags": [], "category_id": "26", "live_broadcast_content": "none", "duration": 48.0, "dimension": "2d", "definition": "hd", "caption": "false", "view_count": 112, "like_count": 3, "comment_count": 0, "channel_info": {"title": "Robbie Kramer", "description": "I'm Robbie Kramer \ud83c\udf99Host of The Inner Confidence Podcast & Founder of Inner Confidence, Inc.\n\nI lived an exhilarating single life filled with adventures and lessons, and ultimately achieved what I had always aspired to \u2013 finding an amazing, feminine, and loving wife. \n\nI believe my experiences provide a rare balance of wild freedom and committed love, equipping me with the insights to help you navigate the complexities of dating and relationships in today's world. Let me guide you to embrace your desires, improve your social prowess, and ultimately attract the partner who aligns with your highest aspirations.\n\nYou won\u2019t find any fluffy, new-age, or cringy stuff here, just tested, proven and actionable advice that yields results.\n\nApply to join our exclusive Inner Confidence Community of ambitious men who are actively working together to achieve their goals faster   \u25ba https://innerconfidence.com/community\n\nYou can email me at robbie@innerconfidence.com with any questions or comments.\n", "subscriber_count": "1270", "total_views": "604693", "total_videos": "470"}, "comments": [], "file_path": "/Users/aelaguiz/workspace/fc_book/audio/raws/8lzmhsUg2Wo.mp3", "transcription": "{\"text\": \"But something super weird happened when I started speaking. I had this very almost out-of-body experience where I was so present, I was so in the moment, and I started saying things that they weren't coming from me, if this makes sense. I was saying things that by the time I was finished talking, I looked at myself almost from a third perspective, and I was like, well, whatever this guy is saying, I want to learn that. That's a cool experience. It was a really cool experience because I was like, whatever that is, I want more of that.  \", \"segments\": [{\"id\": 0, \"seek\": 0, \"start\": 0.0, \"end\": 6.300000190734863, \"text\": \" But something super weird happened when I started speaking.\", \"tokens\": [50364, 583, 746, 1687, 3657, 2011, 562, 286, 1409, 4124, 13, 50679], \"temperature\": 0.0, \"avg_logprob\": -0.30771970748901367, \"compression_ratio\": 1.6479592323303223, \"no_speech_prob\": 0.27323704957962036}, {\"id\": 1, \"seek\": 0, \"start\": 6.300000190734863, \"end\": 14.140000343322754, \"text\": \" I had this very almost out-of-body experience where I was so present, I was so in the moment,\", \"tokens\": [50679, 286, 632, 341, 588, 1920, 484, 12, 2670, 12, 1067, 1752, 689, 286, 390, 370, 1974, 11, 286, 390, 370, 294, 264, 1623, 11, 51071], \"temperature\": 0.0, \"avg_logprob\": -0.30771970748901367, \"compression_ratio\": 1.6479592323303223, \"no_speech_prob\": 0.27323704957962036}, {\"id\": 2, \"seek\": 0, \"start\": 14.140000343322754, \"end\": 20.260000228881836, \"text\": \" and I started saying things that they weren't coming from me, if this makes sense.\", \"tokens\": [51071, 293, 286, 1409, 1566, 721, 300, 436, 4999, 380, 1348, 490, 385, 11, 498, 341, 1669, 2020, 13, 51377], \"temperature\": 0.0, \"avg_logprob\": -0.30771970748901367, \"compression_ratio\": 1.6479592323303223, \"no_speech_prob\": 0.27323704957962036}, {\"id\": 3, \"seek\": 0, \"start\": 20.260000228881836, \"end\": 27.100000381469727, \"text\": \" I was saying things that by the time I was finished talking, I looked at myself almost\", \"tokens\": [51377, 286, 390, 1566, 721, 300, 538, 264, 565, 286, 390, 4335, 1417, 11, 286, 2956, 412, 2059, 1920, 51719], \"temperature\": 0.0, \"avg_logprob\": -0.30771970748901367, \"compression_ratio\": 1.6479592323303223, \"no_speech_prob\": 0.27323704957962036}, {\"id\": 4, \"seek\": 2710, \"start\": 27.100000381469727, \"end\": 30.6200008392334, \"text\": \" from a third perspective, and I was like, well, whatever this guy is saying, I want\", \"tokens\": [50364, 490, 257, 2636, 4585, 11, 293, 286, 390, 411, 11, 731, 11, 2035, 341, 2146, 307, 1566, 11, 286, 528, 50540], \"temperature\": 0.0, \"avg_logprob\": -0.3931669294834137, \"compression_ratio\": 1.6433566808700562, \"no_speech_prob\": 0.09526938199996948}, {\"id\": 5, \"seek\": 2710, \"start\": 30.6200008392334, \"end\": 31.6200008392334, \"text\": \" to learn that.\", \"tokens\": [50540, 281, 1466, 300, 13, 50590], \"temperature\": 0.0, \"avg_logprob\": -0.3931669294834137, \"compression_ratio\": 1.6433566808700562, \"no_speech_prob\": 0.09526938199996948}, {\"id\": 6, \"seek\": 2710, \"start\": 31.6200008392334, \"end\": 34.86000061035156, \"text\": \" That's a cool experience.\", \"tokens\": [50590, 663, 311, 257, 1627, 1752, 13, 50752], \"temperature\": 0.0, \"avg_logprob\": -0.3931669294834137, \"compression_ratio\": 1.6433566808700562, \"no_speech_prob\": 0.09526938199996948}, {\"id\": 7, \"seek\": 2710, \"start\": 34.86000061035156, \"end\": 45.540000915527344, \"text\": \" It was a really cool experience because I was like, whatever that is, I want more of\", \"tokens\": [50752, 467, 390, 257, 534, 1627, 1752, 570, 286, 390, 411, 11, 2035, 300, 307, 11, 286, 528, 544, 295, 51286], \"temperature\": 0.0, \"avg_logprob\": -0.3931669294834137, \"compression_ratio\": 1.6433566808700562, \"no_speech_prob\": 0.09526938199996948}, {\"id\": 8, \"seek\": 2710, \"start\": 45.540000915527344, \"end\": 46.540000915527344, \"text\": \" that.\", \"tokens\": [51286, 300, 13, 51336], \"temperature\": 0.0, \"avg_logprob\": -0.3931669294834137, \"compression_ratio\": 1.6433566808700562, \"no_speech_prob\": 0.09526938199996948}, {\"id\": 9, \"seek\": 2710, \"start\": 46.540000915527344, \"end\": 46.540000915527344, \"text\": \"\", \"tokens\": [], \"temperature\": 0.0, \"avg_logprob\": -0.3931669294834137, \"compression_ratio\": 1.6433566808700562, \"no_speech_prob\": 0.09526938199996948, \"words\": []}]}"}