{"title": "How to quickly make friends in a new city #innerconfidencepodcast", "video_id": "8qQB6RSIqJw", "video_url": "https://www.youtube.com/watch?v=8qQB6RSIqJw", "description": "", "published_at": "2023-11-04T17:56:07Z", "channel_id": "UC0O-ohYDF4P66HW9XJ4Us8w", "channel_title": "Robbie Kramer", "tags": [], "category_id": "24", "live_broadcast_content": "none", "duration": 61.0, "dimension": "2d", "definition": "hd", "caption": "false", "view_count": 176, "like_count": 8, "comment_count": 0, "channel_info": {"title": "Robbie Kramer", "description": "I'm Robbie Kramer \ud83c\udf99Host of The Inner Confidence Podcast & Founder of Inner Confidence, Inc.\n\nI lived an exhilarating single life filled with adventures and lessons, and ultimately achieved what I had always aspired to \u2013 finding an amazing, feminine, and loving wife. \n\nI believe my experiences provide a rare balance of wild freedom and committed love, equipping me with the insights to help you navigate the complexities of dating and relationships in today's world. Let me guide you to embrace your desires, improve your social prowess, and ultimately attract the partner who aligns with your highest aspirations.\n\nYou won\u2019t find any fluffy, new-age, or cringy stuff here, just tested, proven and actionable advice that yields results.\n\nApply to join our exclusive Inner Confidence Community of ambitious men who are actively working together to achieve their goals faster   \u25ba https://innerconfidence.com/community\n\nYou can email me at robbie@innerconfidence.com with any questions or comments.\n", "subscriber_count": "1270", "total_views": "604693", "total_videos": "470"}, "comments": [], "file_path": "/Users/aelaguiz/workspace/fc_book/audio/raws/8qQB6RSIqJw.mp3", "transcription": "{\"text\": \"If I drop you in a new city and ask you to start a new circle with more girls from scratch, quickly describe in five to ten steps. That's a good question, my friend. The first thing I would do is ask myself, who do I already know in this city? What information can I extract from them? And I would do that from a place of value giving and not just taking. So I'm looking for value from them. I wouldn't want them to think that they were doing me a favor. Make sure there's an exchange there. And I wouldn't come at it from like a very obvious, I need this information type of thing and be like, hey, let's catch up. Like I just moved here, would love to see you. I'm not going to try and start escalating and like asking them a whole bunch of questions unless they start volunteering that information. I'm going to ask them about them. I'm going to get to know them more. I'm going to like build the relationship and then I'm going to start asking stuff. So at first I'd lean in on who I knew. Then I would also look on, you know, any sort of like internet communities and I would look to see like where I could find other people that were sort of in nightlife. I'd look at other Instagram accounts. I might go on Meetup and I'd look to see like are any of these events cool? Do any of these people seem like people that might have some information or might be doing some cool things that would help me to get into. \", \"segments\": [{\"id\": 0, \"seek\": 0, \"start\": 0.0, \"end\": 4.0, \"text\": \" If I drop you in a new city and ask you to start a new circle with more girls from scratch,\", \"tokens\": [50364, 759, 286, 3270, 291, 294, 257, 777, 2307, 293, 1029, 291, 281, 722, 257, 777, 6329, 365, 544, 4519, 490, 8459, 11, 50564], \"temperature\": 0.0, \"avg_logprob\": -0.22094884514808655, \"compression_ratio\": 1.7521367073059082, \"no_speech_prob\": 0.3742620348930359}, {\"id\": 1, \"seek\": 0, \"start\": 4.0, \"end\": 5.800000190734863, \"text\": \" quickly describe in five to ten steps.\", \"tokens\": [50564, 2661, 6786, 294, 1732, 281, 2064, 4439, 13, 50654], \"temperature\": 0.0, \"avg_logprob\": -0.22094884514808655, \"compression_ratio\": 1.7521367073059082, \"no_speech_prob\": 0.3742620348930359}, {\"id\": 2, \"seek\": 0, \"start\": 5.800000190734863, \"end\": 7.300000190734863, \"text\": \" That's a good question, my friend.\", \"tokens\": [50654, 663, 311, 257, 665, 1168, 11, 452, 1277, 13, 50729], \"temperature\": 0.0, \"avg_logprob\": -0.22094884514808655, \"compression_ratio\": 1.7521367073059082, \"no_speech_prob\": 0.3742620348930359}, {\"id\": 3, \"seek\": 0, \"start\": 7.300000190734863, \"end\": 9.600000381469727, \"text\": \" The first thing I would do is ask myself,\", \"tokens\": [50729, 440, 700, 551, 286, 576, 360, 307, 1029, 2059, 11, 50844], \"temperature\": 0.0, \"avg_logprob\": -0.22094884514808655, \"compression_ratio\": 1.7521367073059082, \"no_speech_prob\": 0.3742620348930359}, {\"id\": 4, \"seek\": 0, \"start\": 9.600000381469727, \"end\": 11.399999618530273, \"text\": \" who do I already know in this city?\", \"tokens\": [50844, 567, 360, 286, 1217, 458, 294, 341, 2307, 30, 50934], \"temperature\": 0.0, \"avg_logprob\": -0.22094884514808655, \"compression_ratio\": 1.7521367073059082, \"no_speech_prob\": 0.3742620348930359}, {\"id\": 5, \"seek\": 0, \"start\": 11.399999618530273, \"end\": 13.300000190734863, \"text\": \" What information can I extract from them?\", \"tokens\": [50934, 708, 1589, 393, 286, 8947, 490, 552, 30, 51029], \"temperature\": 0.0, \"avg_logprob\": -0.22094884514808655, \"compression_ratio\": 1.7521367073059082, \"no_speech_prob\": 0.3742620348930359}, {\"id\": 6, \"seek\": 0, \"start\": 13.300000190734863, \"end\": 17.799999237060547, \"text\": \" And I would do that from a place of value giving and not just taking.\", \"tokens\": [51029, 400, 286, 576, 360, 300, 490, 257, 1081, 295, 2158, 2902, 293, 406, 445, 1940, 13, 51254], \"temperature\": 0.0, \"avg_logprob\": -0.22094884514808655, \"compression_ratio\": 1.7521367073059082, \"no_speech_prob\": 0.3742620348930359}, {\"id\": 7, \"seek\": 0, \"start\": 17.799999237060547, \"end\": 19.700000762939453, \"text\": \" So I'm looking for value from them.\", \"tokens\": [51254, 407, 286, 478, 1237, 337, 2158, 490, 552, 13, 51349], \"temperature\": 0.0, \"avg_logprob\": -0.22094884514808655, \"compression_ratio\": 1.7521367073059082, \"no_speech_prob\": 0.3742620348930359}, {\"id\": 8, \"seek\": 0, \"start\": 19.700000762939453, \"end\": 22.100000381469727, \"text\": \" I wouldn't want them to think that they were doing me a favor.\", \"tokens\": [51349, 286, 2759, 380, 528, 552, 281, 519, 300, 436, 645, 884, 385, 257, 2294, 13, 51469], \"temperature\": 0.0, \"avg_logprob\": -0.22094884514808655, \"compression_ratio\": 1.7521367073059082, \"no_speech_prob\": 0.3742620348930359}, {\"id\": 9, \"seek\": 0, \"start\": 22.100000381469727, \"end\": 23.399999618530273, \"text\": \" Make sure there's an exchange there.\", \"tokens\": [51469, 4387, 988, 456, 311, 364, 7742, 456, 13, 51534], \"temperature\": 0.0, \"avg_logprob\": -0.22094884514808655, \"compression_ratio\": 1.7521367073059082, \"no_speech_prob\": 0.3742620348930359}, {\"id\": 10, \"seek\": 0, \"start\": 23.399999618530273, \"end\": 25.799999237060547, \"text\": \" And I wouldn't come at it from like a very obvious,\", \"tokens\": [51534, 400, 286, 2759, 380, 808, 412, 309, 490, 411, 257, 588, 6322, 11, 51654], \"temperature\": 0.0, \"avg_logprob\": -0.22094884514808655, \"compression_ratio\": 1.7521367073059082, \"no_speech_prob\": 0.3742620348930359}, {\"id\": 11, \"seek\": 0, \"start\": 25.799999237060547, \"end\": 28.299999237060547, \"text\": \" I need this information type of thing and be like, hey, let's catch up.\", \"tokens\": [51654, 286, 643, 341, 1589, 2010, 295, 551, 293, 312, 411, 11, 4177, 11, 718, 311, 3745, 493, 13, 51779], \"temperature\": 0.0, \"avg_logprob\": -0.22094884514808655, \"compression_ratio\": 1.7521367073059082, \"no_speech_prob\": 0.3742620348930359}, {\"id\": 12, \"seek\": 2830, \"start\": 28.299999237060547, \"end\": 30.5, \"text\": \" Like I just moved here, would love to see you.\", \"tokens\": [50364, 1743, 286, 445, 4259, 510, 11, 576, 959, 281, 536, 291, 13, 50474], \"temperature\": 0.0, \"avg_logprob\": -0.2027026265859604, \"compression_ratio\": 1.9837398529052734, \"no_speech_prob\": 0.4414837658405304}, {\"id\": 13, \"seek\": 2830, \"start\": 30.5, \"end\": 33.400001525878906, \"text\": \" I'm not going to try and start escalating and like asking them a whole bunch of questions\", \"tokens\": [50474, 286, 478, 406, 516, 281, 853, 293, 722, 17871, 990, 293, 411, 3365, 552, 257, 1379, 3840, 295, 1651, 50619], \"temperature\": 0.0, \"avg_logprob\": -0.2027026265859604, \"compression_ratio\": 1.9837398529052734, \"no_speech_prob\": 0.4414837658405304}, {\"id\": 14, \"seek\": 2830, \"start\": 33.400001525878906, \"end\": 35.0, \"text\": \" unless they start volunteering that information.\", \"tokens\": [50619, 5969, 436, 722, 33237, 300, 1589, 13, 50699], \"temperature\": 0.0, \"avg_logprob\": -0.2027026265859604, \"compression_ratio\": 1.9837398529052734, \"no_speech_prob\": 0.4414837658405304}, {\"id\": 15, \"seek\": 2830, \"start\": 35.0, \"end\": 35.79999923706055, \"text\": \" I'm going to ask them about them.\", \"tokens\": [50699, 286, 478, 516, 281, 1029, 552, 466, 552, 13, 50739], \"temperature\": 0.0, \"avg_logprob\": -0.2027026265859604, \"compression_ratio\": 1.9837398529052734, \"no_speech_prob\": 0.4414837658405304}, {\"id\": 16, \"seek\": 2830, \"start\": 35.79999923706055, \"end\": 36.70000076293945, \"text\": \" I'm going to get to know them more.\", \"tokens\": [50739, 286, 478, 516, 281, 483, 281, 458, 552, 544, 13, 50784], \"temperature\": 0.0, \"avg_logprob\": -0.2027026265859604, \"compression_ratio\": 1.9837398529052734, \"no_speech_prob\": 0.4414837658405304}, {\"id\": 17, \"seek\": 2830, \"start\": 36.70000076293945, \"end\": 39.400001525878906, \"text\": \" I'm going to like build the relationship and then I'm going to start asking stuff.\", \"tokens\": [50784, 286, 478, 516, 281, 411, 1322, 264, 2480, 293, 550, 286, 478, 516, 281, 722, 3365, 1507, 13, 50919], \"temperature\": 0.0, \"avg_logprob\": -0.2027026265859604, \"compression_ratio\": 1.9837398529052734, \"no_speech_prob\": 0.4414837658405304}, {\"id\": 18, \"seek\": 2830, \"start\": 39.400001525878906, \"end\": 40.79999923706055, \"text\": \" So at first I'd lean in on who I knew.\", \"tokens\": [50919, 407, 412, 700, 286, 1116, 11659, 294, 322, 567, 286, 2586, 13, 50989], \"temperature\": 0.0, \"avg_logprob\": -0.2027026265859604, \"compression_ratio\": 1.9837398529052734, \"no_speech_prob\": 0.4414837658405304}, {\"id\": 19, \"seek\": 2830, \"start\": 40.79999923706055, \"end\": 44.5, \"text\": \" Then I would also look on, you know, any sort of like internet communities\", \"tokens\": [50989, 1396, 286, 576, 611, 574, 322, 11, 291, 458, 11, 604, 1333, 295, 411, 4705, 4456, 51174], \"temperature\": 0.0, \"avg_logprob\": -0.2027026265859604, \"compression_ratio\": 1.9837398529052734, \"no_speech_prob\": 0.4414837658405304}, {\"id\": 20, \"seek\": 2830, \"start\": 44.5, \"end\": 48.900001525878906, \"text\": \" and I would look to see like where I could find other people that were sort of in nightlife.\", \"tokens\": [51174, 293, 286, 576, 574, 281, 536, 411, 689, 286, 727, 915, 661, 561, 300, 645, 1333, 295, 294, 1818, 9073, 13, 51394], \"temperature\": 0.0, \"avg_logprob\": -0.2027026265859604, \"compression_ratio\": 1.9837398529052734, \"no_speech_prob\": 0.4414837658405304}, {\"id\": 21, \"seek\": 2830, \"start\": 48.900001525878906, \"end\": 50.20000076293945, \"text\": \" I'd look at other Instagram accounts.\", \"tokens\": [51394, 286, 1116, 574, 412, 661, 5281, 9402, 13, 51459], \"temperature\": 0.0, \"avg_logprob\": -0.2027026265859604, \"compression_ratio\": 1.9837398529052734, \"no_speech_prob\": 0.4414837658405304}, {\"id\": 22, \"seek\": 2830, \"start\": 50.20000076293945, \"end\": 54.20000076293945, \"text\": \" I might go on Meetup and I'd look to see like are any of these events cool?\", \"tokens\": [51459, 286, 1062, 352, 322, 22963, 1010, 293, 286, 1116, 574, 281, 536, 411, 366, 604, 295, 613, 3931, 1627, 30, 51659], \"temperature\": 0.0, \"avg_logprob\": -0.2027026265859604, \"compression_ratio\": 1.9837398529052734, \"no_speech_prob\": 0.4414837658405304}, {\"id\": 23, \"seek\": 2830, \"start\": 54.20000076293945, \"end\": 57.400001525878906, \"text\": \" Do any of these people seem like people that might have some information\", \"tokens\": [51659, 1144, 604, 295, 613, 561, 1643, 411, 561, 300, 1062, 362, 512, 1589, 51819], \"temperature\": 0.0, \"avg_logprob\": -0.2027026265859604, \"compression_ratio\": 1.9837398529052734, \"no_speech_prob\": 0.4414837658405304}, {\"id\": 24, \"seek\": 5740, \"start\": 57.400001525878906, \"end\": 60.5, \"text\": \" or might be doing some cool things that would help me to get into.\", \"tokens\": [50364, 420, 275, 910, 83, 312, 884, 512, 1627, 721, 300, 576, 854, 385, 281, 483, 666, 13, 50519], \"temperature\": 0.0, \"avg_logprob\": -0.4571761190891266, \"compression_ratio\": 1.0153846740722656, \"no_speech_prob\": 0.9368157386779785}]}"}