{"title": "If you\u2019re trying to date without optimizing \u201cthis\u201d, there\u2019s no way you\u2019re gonna make the cut.", "video_id": "8XMlwIi-TwY", "video_url": "https://www.youtube.com/watch?v=8XMlwIi-TwY", "description": "", "published_at": "2023-07-02T22:21:19Z", "channel_id": "UC0O-ohYDF4P66HW9XJ4Us8w", "channel_title": "Robbie Kramer", "tags": [], "category_id": "24", "live_broadcast_content": "none", "duration": 47.0, "dimension": "2d", "definition": "hd", "caption": "false", "view_count": 1137, "like_count": 17, "comment_count": 1, "channel_info": {"title": "Robbie Kramer", "description": "I'm Robbie Kramer \ud83c\udf99Host of The Inner Confidence Podcast & Founder of Inner Confidence, Inc.\n\nI lived an exhilarating single life filled with adventures and lessons, and ultimately achieved what I had always aspired to \u2013 finding an amazing, feminine, and loving wife. \n\nI believe my experiences provide a rare balance of wild freedom and committed love, equipping me with the insights to help you navigate the complexities of dating and relationships in today's world. Let me guide you to embrace your desires, improve your social prowess, and ultimately attract the partner who aligns with your highest aspirations.\n\nYou won\u2019t find any fluffy, new-age, or cringy stuff here, just tested, proven and actionable advice that yields results.\n\nApply to join our exclusive Inner Confidence Community of ambitious men who are actively working together to achieve their goals faster   \u25ba https://innerconfidence.com/community\n\nYou can email me at robbie@innerconfidence.com with any questions or comments.\n", "subscriber_count": "1270", "total_views": "604693", "total_videos": "470"}, "comments": [], "file_path": "/Users/aelaguiz/workspace/fc_book/audio/raws/8XMlwIi-TwY.mp3", "transcription": "{\"text\": \"Instagram is dating and what we're seeing on Instagram is a trend away from the like look how cool I am look at the awesome Shit I do because it's easy to fake that stuff They literally have like setups where you could go and make it look like you're getting on a private jet and get Instagram videos And photos when you're not people are understanding that that's happening so much It's becoming not that cool And what is becoming cool is people who are authentic and can post content that shows that authenticity when you can do that You're now resonating at a higher frequency and level than the rest of those people who are just like look at me and Instagram in My opinion is like an essential dating tool if you're not on Instagram. You are kind of like out of the dating game It's that primary tool that women use to message guys back and forth if you're trying to date casually whichever guy should spin plates But if you're not using Instagram to show that lifestyle and to show that authentic version of you you're operating with one \", \"segments\": [{\"id\": 0, \"seek\": 0, \"start\": 0.0, \"end\": 6.239999771118164, \"text\": \" Instagram is dating and what we're seeing on Instagram is a trend away from the like look how cool I am look at the awesome\", \"tokens\": [50364, 5281, 307, 10689, 293, 437, 321, 434, 2577, 322, 5281, 307, 257, 6028, 1314, 490, 264, 411, 574, 577, 1627, 286, 669, 574, 412, 264, 3476, 50676], \"temperature\": 0.0, \"avg_logprob\": -0.2345496565103531, \"compression_ratio\": 1.9275362491607666, \"no_speech_prob\": 0.1379011869430542}, {\"id\": 1, \"seek\": 0, \"start\": 6.239999771118164, \"end\": 8.5, \"text\": \" Shit I do because it's easy to fake that stuff\", \"tokens\": [50676, 19593, 286, 360, 570, 309, 311, 1858, 281, 7592, 300, 1507, 50789], \"temperature\": 0.0, \"avg_logprob\": -0.2345496565103531, \"compression_ratio\": 1.9275362491607666, \"no_speech_prob\": 0.1379011869430542}, {\"id\": 2, \"seek\": 0, \"start\": 8.5, \"end\": 13.279999732971191, \"text\": \" They literally have like setups where you could go and make it look like you're getting on a private jet and get Instagram videos\", \"tokens\": [50789, 814, 3736, 362, 411, 46832, 689, 291, 727, 352, 293, 652, 309, 574, 411, 291, 434, 1242, 322, 257, 4551, 14452, 293, 483, 5281, 2145, 51028], \"temperature\": 0.0, \"avg_logprob\": -0.2345496565103531, \"compression_ratio\": 1.9275362491607666, \"no_speech_prob\": 0.1379011869430542}, {\"id\": 3, \"seek\": 0, \"start\": 13.279999732971191, \"end\": 16.68000030517578, \"text\": \" And photos when you're not people are understanding that that's happening so much\", \"tokens\": [51028, 400, 5787, 562, 291, 434, 406, 561, 366, 3701, 300, 300, 311, 2737, 370, 709, 51198], \"temperature\": 0.0, \"avg_logprob\": -0.2345496565103531, \"compression_ratio\": 1.9275362491607666, \"no_speech_prob\": 0.1379011869430542}, {\"id\": 4, \"seek\": 0, \"start\": 16.68000030517578, \"end\": 17.959999084472656, \"text\": \" It's becoming not that cool\", \"tokens\": [51198, 467, 311, 5617, 406, 300, 1627, 51262], \"temperature\": 0.0, \"avg_logprob\": -0.2345496565103531, \"compression_ratio\": 1.9275362491607666, \"no_speech_prob\": 0.1379011869430542}, {\"id\": 5, \"seek\": 0, \"start\": 17.959999084472656, \"end\": 23.479999542236328, \"text\": \" And what is becoming cool is people who are authentic and can post content that shows that authenticity when you can do that\", \"tokens\": [51262, 400, 437, 307, 5617, 1627, 307, 561, 567, 366, 12466, 293, 393, 2183, 2701, 300, 3110, 300, 34215, 562, 291, 393, 360, 300, 51538], \"temperature\": 0.0, \"avg_logprob\": -0.2345496565103531, \"compression_ratio\": 1.9275362491607666, \"no_speech_prob\": 0.1379011869430542}, {\"id\": 6, \"seek\": 0, \"start\": 23.479999542236328, \"end\": 28.84000015258789, \"text\": \" You're now resonating at a higher frequency and level than the rest of those people who are just like look at me and Instagram in\", \"tokens\": [51538, 509, 434, 586, 12544, 990, 412, 257, 2946, 7893, 293, 1496, 813, 264, 1472, 295, 729, 561, 567, 366, 445, 411, 574, 412, 385, 293, 5281, 294, 51806], \"temperature\": 0.0, \"avg_logprob\": -0.2345496565103531, \"compression_ratio\": 1.9275362491607666, \"no_speech_prob\": 0.1379011869430542}, {\"id\": 7, \"seek\": 2884, \"start\": 28.84000015258789, \"end\": 34.52000045776367, \"text\": \" My opinion is like an essential dating tool if you're not on Instagram. You are kind of like out of the dating game\", \"tokens\": [50364, 1222, 4800, 307, 411, 364, 7115, 10689, 2290, 498, 291, 434, 406, 322, 5281, 13, 509, 366, 733, 295, 411, 484, 295, 264, 10689, 1216, 50648], \"temperature\": 0.0, \"avg_logprob\": -0.25166791677474976, \"compression_ratio\": 1.7090909481048584, \"no_speech_prob\": 0.01262239646166563}, {\"id\": 8, \"seek\": 2884, \"start\": 34.52000045776367, \"end\": 40.439998626708984, \"text\": \" It's that primary tool that women use to message guys back and forth if you're trying to date casually whichever guy should spin plates\", \"tokens\": [50648, 467, 311, 300, 6194, 2290, 300, 2266, 764, 281, 3636, 1074, 646, 293, 5220, 498, 291, 434, 1382, 281, 4002, 34872, 24123, 2146, 820, 6060, 14231, 50944], \"temperature\": 0.0, \"avg_logprob\": -0.25166791677474976, \"compression_ratio\": 1.7090909481048584, \"no_speech_prob\": 0.01262239646166563}, {\"id\": 9, \"seek\": 2884, \"start\": 40.439998626708984, \"end\": 45.939998626708984, \"text\": \" But if you're not using Instagram to show that lifestyle and to show that authentic version of you you're operating with one\", \"tokens\": [50944, 583, 498, 291, 434, 406, 1228, 5281, 281, 855, 300, 11716, 293, 281, 855, 300, 12466, 3037, 295, 291, 291, 434, 7447, 365, 472, 51219], \"temperature\": 0.0, \"avg_logprob\": -0.25166791677474976, \"compression_ratio\": 1.7090909481048584, \"no_speech_prob\": 0.01262239646166563}]}"}