{"title": "Why online dating sucks for the average man\u2026 #innerconfidence", "video_id": "9Bd8khIgKbM", "video_url": "https://www.youtube.com/watch?v=9Bd8khIgKbM", "description": "", "published_at": "2023-11-23T20:45:51Z", "channel_id": "UC0O-ohYDF4P66HW9XJ4Us8w", "channel_title": "Robbie Kramer", "tags": [], "category_id": "24", "live_broadcast_content": "none", "duration": 49.0, "dimension": "2d", "definition": "hd", "caption": "false", "view_count": 525, "like_count": 13, "comment_count": 0, "channel_info": {"title": "Robbie Kramer", "description": "I'm Robbie Kramer \ud83c\udf99Host of The Inner Confidence Podcast & Founder of Inner Confidence, Inc.\n\nI lived an exhilarating single life filled with adventures and lessons, and ultimately achieved what I had always aspired to \u2013 finding an amazing, feminine, and loving wife. \n\nI believe my experiences provide a rare balance of wild freedom and committed love, equipping me with the insights to help you navigate the complexities of dating and relationships in today's world. Let me guide you to embrace your desires, improve your social prowess, and ultimately attract the partner who aligns with your highest aspirations.\n\nYou won\u2019t find any fluffy, new-age, or cringy stuff here, just tested, proven and actionable advice that yields results.\n\nApply to join our exclusive Inner Confidence Community of ambitious men who are actively working together to achieve their goals faster   \u25ba https://innerconfidence.com/community\n\nYou can email me at robbie@innerconfidence.com with any questions or comments.\n", "subscriber_count": "1270", "total_views": "604693", "total_videos": "470"}, "comments": [], "file_path": "/Users/aelaguiz/workspace/fc_book/audio/raws/9Bd8khIgKbM.mp3", "transcription": "{\"text\": \"80% of the matches on online dating are going to 20% of the men. And how does it go in the opposite direction? Isn't that the same? It's a 50-50 distribution. So basically the way that it works, if you look at a normal distribution curve, the way that men rate women, it's a one's a one, a two's a two, a three's a three, basically up to a nine's a nine, a ten is a ten. But for online dating, it kind of works as a one is a zero, a two's a zero, a three's a zero, a four's a zero, a five's a zero, a six's a zero, a seven's a one, an eight's a two, a nine's a five, and a ten's a ten. That's how women rate men? Yes. How do men rate women? It's the same way. No? From an actual, like, a four's a four, a six's a six, an eight's an eight. But what's the data, Robby, on this? How do you know this for sure? This is just what Tinder's put out. So you're saying on Tinder, for example, there is a whole section of men that's not getting any matches. Zero. And a zero. Whereas, for women, almost all women on Tinder are getting some matches. Yeah. Correct. That's what you're saying?  \", \"segments\": [{\"id\": 0, \"seek\": 0, \"start\": 0.0, \"end\": 4.119999885559082, \"text\": \" 80% of the matches on online dating are going to 20% of the men.\", \"tokens\": [50364, 4688, 4, 295, 264, 10676, 322, 2950, 10689, 366, 516, 281, 945, 4, 295, 264, 1706, 13, 50570], \"temperature\": 0.0, \"avg_logprob\": -0.23775064945220947, \"compression_ratio\": 2.064615488052368, \"no_speech_prob\": 0.12412842363119125}, {\"id\": 1, \"seek\": 0, \"start\": 4.119999885559082, \"end\": 5.71999979019165, \"text\": \" And how does it go in the opposite direction?\", \"tokens\": [50570, 400, 577, 775, 309, 352, 294, 264, 6182, 3513, 30, 50650], \"temperature\": 0.0, \"avg_logprob\": -0.23775064945220947, \"compression_ratio\": 2.064615488052368, \"no_speech_prob\": 0.12412842363119125}, {\"id\": 2, \"seek\": 0, \"start\": 5.71999979019165, \"end\": 6.71999979019165, \"text\": \" Isn't that the same?\", \"tokens\": [50650, 6998, 380, 300, 264, 912, 30, 50700], \"temperature\": 0.0, \"avg_logprob\": -0.23775064945220947, \"compression_ratio\": 2.064615488052368, \"no_speech_prob\": 0.12412842363119125}, {\"id\": 3, \"seek\": 0, \"start\": 6.71999979019165, \"end\": 7.71999979019165, \"text\": \" It's a 50-50 distribution.\", \"tokens\": [50700, 467, 311, 257, 2625, 12, 2803, 7316, 13, 50750], \"temperature\": 0.0, \"avg_logprob\": -0.23775064945220947, \"compression_ratio\": 2.064615488052368, \"no_speech_prob\": 0.12412842363119125}, {\"id\": 4, \"seek\": 0, \"start\": 7.71999979019165, \"end\": 11.039999961853027, \"text\": \" So basically the way that it works, if you look at a normal distribution curve, the way\", \"tokens\": [50750, 407, 1936, 264, 636, 300, 309, 1985, 11, 498, 291, 574, 412, 257, 2710, 7316, 7605, 11, 264, 636, 50916], \"temperature\": 0.0, \"avg_logprob\": -0.23775064945220947, \"compression_ratio\": 2.064615488052368, \"no_speech_prob\": 0.12412842363119125}, {\"id\": 5, \"seek\": 0, \"start\": 11.039999961853027, \"end\": 14.4399995803833, \"text\": \" that men rate women, it's a one's a one, a two's a two, a three's a three, basically\", \"tokens\": [50916, 300, 1706, 3314, 2266, 11, 309, 311, 257, 472, 311, 257, 472, 11, 257, 732, 311, 257, 732, 11, 257, 1045, 311, 257, 1045, 11, 1936, 51086], \"temperature\": 0.0, \"avg_logprob\": -0.23775064945220947, \"compression_ratio\": 2.064615488052368, \"no_speech_prob\": 0.12412842363119125}, {\"id\": 6, \"seek\": 0, \"start\": 14.4399995803833, \"end\": 16.1200008392334, \"text\": \" up to a nine's a nine, a ten is a ten.\", \"tokens\": [51086, 493, 281, 257, 4949, 311, 257, 4949, 11, 257, 2064, 307, 257, 2064, 13, 51170], \"temperature\": 0.0, \"avg_logprob\": -0.23775064945220947, \"compression_ratio\": 2.064615488052368, \"no_speech_prob\": 0.12412842363119125}, {\"id\": 7, \"seek\": 0, \"start\": 16.1200008392334, \"end\": 19.31999969482422, \"text\": \" But for online dating, it kind of works as a one is a zero, a two's a zero, a three's\", \"tokens\": [51170, 583, 337, 2950, 10689, 11, 309, 733, 295, 1985, 382, 257, 472, 307, 257, 4018, 11, 257, 732, 311, 257, 4018, 11, 257, 1045, 311, 51330], \"temperature\": 0.0, \"avg_logprob\": -0.23775064945220947, \"compression_ratio\": 2.064615488052368, \"no_speech_prob\": 0.12412842363119125}, {\"id\": 8, \"seek\": 0, \"start\": 19.31999969482422, \"end\": 22.360000610351562, \"text\": \" a zero, a four's a zero, a five's a zero, a six's a zero, a seven's a one, an eight's\", \"tokens\": [51330, 257, 4018, 11, 257, 1451, 311, 257, 4018, 11, 257, 1732, 311, 257, 4018, 11, 257, 2309, 311, 257, 4018, 11, 257, 3407, 311, 257, 472, 11, 364, 3180, 311, 51482], \"temperature\": 0.0, \"avg_logprob\": -0.23775064945220947, \"compression_ratio\": 2.064615488052368, \"no_speech_prob\": 0.12412842363119125}, {\"id\": 9, \"seek\": 0, \"start\": 22.360000610351562, \"end\": 24.68000030517578, \"text\": \" a two, a nine's a five, and a ten's a ten.\", \"tokens\": [51482, 257, 732, 11, 257, 4949, 311, 257, 1732, 11, 293, 257, 2064, 311, 257, 2064, 13, 51598], \"temperature\": 0.0, \"avg_logprob\": -0.23775064945220947, \"compression_ratio\": 2.064615488052368, \"no_speech_prob\": 0.12412842363119125}, {\"id\": 10, \"seek\": 0, \"start\": 24.68000030517578, \"end\": 25.68000030517578, \"text\": \" That's how women rate men?\", \"tokens\": [51598, 663, 311, 577, 2266, 3314, 1706, 30, 51648], \"temperature\": 0.0, \"avg_logprob\": -0.23775064945220947, \"compression_ratio\": 2.064615488052368, \"no_speech_prob\": 0.12412842363119125}, {\"id\": 11, \"seek\": 0, \"start\": 25.68000030517578, \"end\": 26.68000030517578, \"text\": \" Yes.\", \"tokens\": [51648, 1079, 13, 51698], \"temperature\": 0.0, \"avg_logprob\": -0.23775064945220947, \"compression_ratio\": 2.064615488052368, \"no_speech_prob\": 0.12412842363119125}, {\"id\": 12, \"seek\": 0, \"start\": 26.68000030517578, \"end\": 27.68000030517578, \"text\": \" How do men rate women?\", \"tokens\": [51698, 1012, 360, 1706, 3314, 2266, 30, 51748], \"temperature\": 0.0, \"avg_logprob\": -0.23775064945220947, \"compression_ratio\": 2.064615488052368, \"no_speech_prob\": 0.12412842363119125}, {\"id\": 13, \"seek\": 0, \"start\": 27.68000030517578, \"end\": 28.68000030517578, \"text\": \" It's the same way.\", \"tokens\": [51748, 467, 311, 264, 912, 636, 13, 51798], \"temperature\": 0.0, \"avg_logprob\": -0.23775064945220947, \"compression_ratio\": 2.064615488052368, \"no_speech_prob\": 0.12412842363119125}, {\"id\": 14, \"seek\": 2868, \"start\": 29.0, \"end\": 30.0, \"text\": \" No?\", \"tokens\": [50380, 883, 30, 50430], \"temperature\": 0.0, \"avg_logprob\": -0.2924303114414215, \"compression_ratio\": 1.6769230365753174, \"no_speech_prob\": 0.8240875601768494}, {\"id\": 15, \"seek\": 2868, \"start\": 30.0, \"end\": 32.52000045776367, \"text\": \" From an actual, like, a four's a four, a six's a six, an eight's an eight.\", \"tokens\": [50430, 3358, 364, 3539, 11, 411, 11, 257, 1451, 311, 257, 1451, 11, 257, 2309, 311, 257, 2309, 11, 364, 3180, 311, 364, 3180, 13, 50556], \"temperature\": 0.0, \"avg_logprob\": -0.2924303114414215, \"compression_ratio\": 1.6769230365753174, \"no_speech_prob\": 0.8240875601768494}, {\"id\": 16, \"seek\": 2868, \"start\": 32.52000045776367, \"end\": 34.040000915527344, \"text\": \" But what's the data, Robby, on this?\", \"tokens\": [50556, 583, 437, 311, 264, 1412, 11, 5424, 2322, 11, 322, 341, 30, 50632], \"temperature\": 0.0, \"avg_logprob\": -0.2924303114414215, \"compression_ratio\": 1.6769230365753174, \"no_speech_prob\": 0.8240875601768494}, {\"id\": 17, \"seek\": 2868, \"start\": 34.040000915527344, \"end\": 35.15999984741211, \"text\": \" How do you know this for sure?\", \"tokens\": [50632, 1012, 360, 291, 458, 341, 337, 988, 30, 50688], \"temperature\": 0.0, \"avg_logprob\": -0.2924303114414215, \"compression_ratio\": 1.6769230365753174, \"no_speech_prob\": 0.8240875601768494}, {\"id\": 18, \"seek\": 2868, \"start\": 35.15999984741211, \"end\": 36.560001373291016, \"text\": \" This is just what Tinder's put out.\", \"tokens\": [50688, 639, 307, 445, 437, 49341, 311, 829, 484, 13, 50758], \"temperature\": 0.0, \"avg_logprob\": -0.2924303114414215, \"compression_ratio\": 1.6769230365753174, \"no_speech_prob\": 0.8240875601768494}, {\"id\": 19, \"seek\": 2868, \"start\": 36.560001373291016, \"end\": 41.15999984741211, \"text\": \" So you're saying on Tinder, for example, there is a whole section of men that's not getting\", \"tokens\": [50758, 407, 291, 434, 1566, 322, 49341, 11, 337, 1365, 11, 456, 307, 257, 1379, 3541, 295, 1706, 300, 311, 406, 1242, 50988], \"temperature\": 0.0, \"avg_logprob\": -0.2924303114414215, \"compression_ratio\": 1.6769230365753174, \"no_speech_prob\": 0.8240875601768494}, {\"id\": 20, \"seek\": 2868, \"start\": 41.15999984741211, \"end\": 42.15999984741211, \"text\": \" any matches.\", \"tokens\": [50988, 604, 10676, 13, 51038], \"temperature\": 0.0, \"avg_logprob\": -0.2924303114414215, \"compression_ratio\": 1.6769230365753174, \"no_speech_prob\": 0.8240875601768494}, {\"id\": 21, \"seek\": 2868, \"start\": 42.15999984741211, \"end\": 43.15999984741211, \"text\": \" Zero.\", \"tokens\": [51038, 17182, 13, 51088], \"temperature\": 0.0, \"avg_logprob\": -0.2924303114414215, \"compression_ratio\": 1.6769230365753174, \"no_speech_prob\": 0.8240875601768494}, {\"id\": 22, \"seek\": 2868, \"start\": 43.15999984741211, \"end\": 44.15999984741211, \"text\": \" And a zero.\", \"tokens\": [51088, 400, 257, 4018, 13, 51138], \"temperature\": 0.0, \"avg_logprob\": -0.2924303114414215, \"compression_ratio\": 1.6769230365753174, \"no_speech_prob\": 0.8240875601768494}, {\"id\": 23, \"seek\": 2868, \"start\": 44.15999984741211, \"end\": 46.68000030517578, \"text\": \" Whereas, for women, almost all women on Tinder are getting some matches.\", \"tokens\": [51138, 13813, 11, 337, 2266, 11, 1920, 439, 2266, 322, 49341, 366, 1242, 512, 10676, 13, 51264], \"temperature\": 0.0, \"avg_logprob\": -0.2924303114414215, \"compression_ratio\": 1.6769230365753174, \"no_speech_prob\": 0.8240875601768494}, {\"id\": 24, \"seek\": 2868, \"start\": 46.68000030517578, \"end\": 47.68000030517578, \"text\": \" Yeah.\", \"tokens\": [51264, 865, 13, 51314], \"temperature\": 0.0, \"avg_logprob\": -0.2924303114414215, \"compression_ratio\": 1.6769230365753174, \"no_speech_prob\": 0.8240875601768494}, {\"id\": 25, \"seek\": 2868, \"start\": 47.68000030517578, \"end\": 48.68000030517578, \"text\": \" Correct.\", \"tokens\": [51314, 12753, 13, 51364], \"temperature\": 0.0, \"avg_logprob\": -0.2924303114414215, \"compression_ratio\": 1.6769230365753174, \"no_speech_prob\": 0.8240875601768494}, {\"id\": 26, \"seek\": 2868, \"start\": 48.68000030517578, \"end\": 49.68000030517578, \"text\": \" That's what you're saying?\", \"tokens\": [51364, 663, 311, 437, 291, 434, 1566, 30, 51414], \"temperature\": 0.0, \"avg_logprob\": -0.2924303114414215, \"compression_ratio\": 1.6769230365753174, \"no_speech_prob\": 0.8240875601768494}, {\"id\": 27, \"seek\": 2868, \"start\": 49.68000030517578, \"end\": 49.68000030517578, \"text\": \"\", \"tokens\": [], \"temperature\": 0.0, \"avg_logprob\": -0.2924303114414215, \"compression_ratio\": 1.6769230365753174, \"no_speech_prob\": 0.8240875601768494, \"words\": []}]}"}