{"title": "The Paradox of Monogamy: Why People Chase, Yet Fear Commitment.", "video_id": "9mxvNArL13I", "video_url": "https://www.youtube.com/watch?v=9mxvNArL13I", "description": "#ParadoxOfMonogamy #RelationshipGoals #FearOfCommitment #Love #Monogamy #Psychology #EmotionalIntelligence #UnderstandingRelationships #CommitmentIssues #ChasingLove\" #short", "published_at": "2023-12-02T17:30:47Z", "channel_id": "UC0O-ohYDF4P66HW9XJ4Us8w", "channel_title": "Robbie Kramer", "tags": [], "category_id": "24", "live_broadcast_content": "none", "duration": 58.0, "dimension": "2d", "definition": "hd", "caption": "false", "view_count": 1346, "like_count": 24, "comment_count": 0, "channel_info": {"title": "Robbie Kramer", "description": "I'm Robbie Kramer \ud83c\udf99Host of The Inner Confidence Podcast & Founder of Inner Confidence, Inc.\n\nI lived an exhilarating single life filled with adventures and lessons, and ultimately achieved what I had always aspired to \u2013 finding an amazing, feminine, and loving wife. \n\nI believe my experiences provide a rare balance of wild freedom and committed love, equipping me with the insights to help you navigate the complexities of dating and relationships in today's world. Let me guide you to embrace your desires, improve your social prowess, and ultimately attract the partner who aligns with your highest aspirations.\n\nYou won\u2019t find any fluffy, new-age, or cringy stuff here, just tested, proven and actionable advice that yields results.\n\nApply to join our exclusive Inner Confidence Community of ambitious men who are actively working together to achieve their goals faster   \u25ba https://innerconfidence.com/community\n\nYou can email me at robbie@innerconfidence.com with any questions or comments.\n", "subscriber_count": "1270", "total_views": "604693", "total_videos": "470"}, "comments": [], "file_path": "/Users/aelaguiz/workspace/fc_book/audio/raws/9mxvNArL13I.mp3", "transcription": "{\"text\": \"Were you dating much before Tinder? I always like chronically found myself having boyfriends, which is odd because I hated having boyfriends. We talked about this before and I always experienced it. It's like whenever you're wanting to be non-monogamous, typically the people who you hook up with, they want to lock you down. And the more that they want to lock you down, the less you want to lock yourself down. The more I get the ick. The more you get the ick and the more that they want you. And so it just creates this sort of attachment theory. They call it anxious versus insecure attachment or avoidant versus anxious attachment. As a woman, you felt that hardcore. How many dates do you think you went on during that period of time? Slept with the guy the first day. It doesn't have to be the number, but the percentage of guys that wanted to then be in a relationship. What was that percentage? 100%. This is just the data. I don't know. That makes me feel really not modest. I'm here to speak the truth. My friends had varying theories as to why this was the case. My pheromones were weird or it boils down to the psychology of it. My indifference drove them crazy. Yeah. \", \"segments\": [{\"id\": 0, \"seek\": 0, \"start\": 0.0, \"end\": 1.5199999809265137, \"text\": \" Were you dating much before Tinder?\", \"tokens\": [50364, 12448, 291, 10689, 709, 949, 49341, 30, 50440], \"temperature\": 0.0, \"avg_logprob\": -0.2284075915813446, \"compression_ratio\": 1.975155234336853, \"no_speech_prob\": 0.09114287048578262}, {\"id\": 1, \"seek\": 0, \"start\": 1.5199999809265137, \"end\": 4.480000019073486, \"text\": \" I always like chronically found myself having boyfriends,\", \"tokens\": [50440, 286, 1009, 411, 19393, 984, 1352, 2059, 1419, 3237, 29027, 11, 50588], \"temperature\": 0.0, \"avg_logprob\": -0.2284075915813446, \"compression_ratio\": 1.975155234336853, \"no_speech_prob\": 0.09114287048578262}, {\"id\": 2, \"seek\": 0, \"start\": 4.480000019073486, \"end\": 7.679999828338623, \"text\": \" which is odd because I hated having boyfriends.\", \"tokens\": [50588, 597, 307, 7401, 570, 286, 17398, 1419, 3237, 29027, 13, 50748], \"temperature\": 0.0, \"avg_logprob\": -0.2284075915813446, \"compression_ratio\": 1.975155234336853, \"no_speech_prob\": 0.09114287048578262}, {\"id\": 3, \"seek\": 0, \"start\": 8.319999694824219, \"end\": 10.5600004196167, \"text\": \" We talked about this before and I always experienced it.\", \"tokens\": [50780, 492, 2825, 466, 341, 949, 293, 286, 1009, 6751, 309, 13, 50892], \"temperature\": 0.0, \"avg_logprob\": -0.2284075915813446, \"compression_ratio\": 1.975155234336853, \"no_speech_prob\": 0.09114287048578262}, {\"id\": 4, \"seek\": 0, \"start\": 10.5600004196167, \"end\": 13.520000457763672, \"text\": \" It's like whenever you're wanting to be non-monogamous,\", \"tokens\": [50892, 467, 311, 411, 5699, 291, 434, 7935, 281, 312, 2107, 12, 3317, 664, 22314, 11, 51040], \"temperature\": 0.0, \"avg_logprob\": -0.2284075915813446, \"compression_ratio\": 1.975155234336853, \"no_speech_prob\": 0.09114287048578262}, {\"id\": 5, \"seek\": 0, \"start\": 13.520000457763672, \"end\": 16.399999618530273, \"text\": \" typically the people who you hook up with, they want to lock you down.\", \"tokens\": [51040, 5850, 264, 561, 567, 291, 6328, 493, 365, 11, 436, 528, 281, 4017, 291, 760, 13, 51184], \"temperature\": 0.0, \"avg_logprob\": -0.2284075915813446, \"compression_ratio\": 1.975155234336853, \"no_speech_prob\": 0.09114287048578262}, {\"id\": 6, \"seek\": 0, \"start\": 16.399999618530273, \"end\": 19.68000030517578, \"text\": \" And the more that they want to lock you down, the less you want to lock yourself down.\", \"tokens\": [51184, 400, 264, 544, 300, 436, 528, 281, 4017, 291, 760, 11, 264, 1570, 291, 528, 281, 4017, 1803, 760, 13, 51348], \"temperature\": 0.0, \"avg_logprob\": -0.2284075915813446, \"compression_ratio\": 1.975155234336853, \"no_speech_prob\": 0.09114287048578262}, {\"id\": 7, \"seek\": 0, \"start\": 19.68000030517578, \"end\": 20.719999313354492, \"text\": \" The more I get the ick.\", \"tokens\": [51348, 440, 544, 286, 483, 264, 220, 618, 13, 51400], \"temperature\": 0.0, \"avg_logprob\": -0.2284075915813446, \"compression_ratio\": 1.975155234336853, \"no_speech_prob\": 0.09114287048578262}, {\"id\": 8, \"seek\": 0, \"start\": 20.719999313354492, \"end\": 22.959999084472656, \"text\": \" The more you get the ick and the more that they want you.\", \"tokens\": [51400, 440, 544, 291, 483, 264, 220, 618, 293, 264, 544, 300, 436, 528, 291, 13, 51512], \"temperature\": 0.0, \"avg_logprob\": -0.2284075915813446, \"compression_ratio\": 1.975155234336853, \"no_speech_prob\": 0.09114287048578262}, {\"id\": 9, \"seek\": 0, \"start\": 22.959999084472656, \"end\": 25.200000762939453, \"text\": \" And so it just creates this sort of attachment theory.\", \"tokens\": [51512, 400, 370, 309, 445, 7829, 341, 1333, 295, 19431, 5261, 13, 51624], \"temperature\": 0.0, \"avg_logprob\": -0.2284075915813446, \"compression_ratio\": 1.975155234336853, \"no_speech_prob\": 0.09114287048578262}, {\"id\": 10, \"seek\": 0, \"start\": 25.200000762939453, \"end\": 29.440000534057617, \"text\": \" They call it anxious versus insecure attachment or avoidant versus anxious attachment.\", \"tokens\": [51624, 814, 818, 309, 15166, 5717, 32215, 19431, 420, 5042, 394, 5717, 15166, 19431, 13, 51836], \"temperature\": 0.0, \"avg_logprob\": -0.2284075915813446, \"compression_ratio\": 1.975155234336853, \"no_speech_prob\": 0.09114287048578262}, {\"id\": 11, \"seek\": 2944, \"start\": 29.440000534057617, \"end\": 31.440000534057617, \"text\": \" As a woman, you felt that hardcore.\", \"tokens\": [50364, 1018, 257, 3059, 11, 291, 2762, 300, 28196, 13, 50464], \"temperature\": 0.0, \"avg_logprob\": -0.2096790224313736, \"compression_ratio\": 1.6190476417541504, \"no_speech_prob\": 0.00028683312120847404}, {\"id\": 12, \"seek\": 2944, \"start\": 31.440000534057617, \"end\": 34.15999984741211, \"text\": \" How many dates do you think you went on during that period of time?\", \"tokens\": [50464, 1012, 867, 11691, 360, 291, 519, 291, 1437, 322, 1830, 300, 2896, 295, 565, 30, 50600], \"temperature\": 0.0, \"avg_logprob\": -0.2096790224313736, \"compression_ratio\": 1.6190476417541504, \"no_speech_prob\": 0.00028683312120847404}, {\"id\": 13, \"seek\": 2944, \"start\": 34.15999984741211, \"end\": 35.119998931884766, \"text\": \" Slept with the guy the first day.\", \"tokens\": [50600, 318, 306, 662, 365, 264, 2146, 264, 700, 786, 13, 50648], \"temperature\": 0.0, \"avg_logprob\": -0.2096790224313736, \"compression_ratio\": 1.6190476417541504, \"no_speech_prob\": 0.00028683312120847404}, {\"id\": 14, \"seek\": 2944, \"start\": 35.119998931884766, \"end\": 35.84000015258789, \"text\": \" It doesn't have to be the number,\", \"tokens\": [50648, 467, 1177, 380, 362, 281, 312, 264, 1230, 11, 50684], \"temperature\": 0.0, \"avg_logprob\": -0.2096790224313736, \"compression_ratio\": 1.6190476417541504, \"no_speech_prob\": 0.00028683312120847404}, {\"id\": 15, \"seek\": 2944, \"start\": 35.84000015258789, \"end\": 39.119998931884766, \"text\": \" but the percentage of guys that wanted to then be in a relationship.\", \"tokens\": [50684, 457, 264, 9668, 295, 1074, 300, 1415, 281, 550, 312, 294, 257, 2480, 13, 50848], \"temperature\": 0.0, \"avg_logprob\": -0.2096790224313736, \"compression_ratio\": 1.6190476417541504, \"no_speech_prob\": 0.00028683312120847404}, {\"id\": 16, \"seek\": 2944, \"start\": 39.119998931884766, \"end\": 40.0, \"text\": \" What was that percentage?\", \"tokens\": [50848, 708, 390, 300, 9668, 30, 50892], \"temperature\": 0.0, \"avg_logprob\": -0.2096790224313736, \"compression_ratio\": 1.6190476417541504, \"no_speech_prob\": 0.00028683312120847404}, {\"id\": 17, \"seek\": 2944, \"start\": 40.0, \"end\": 40.560001373291016, \"text\": \" 100%.\", \"tokens\": [50892, 2319, 6856, 50920], \"temperature\": 0.0, \"avg_logprob\": -0.2096790224313736, \"compression_ratio\": 1.6190476417541504, \"no_speech_prob\": 0.00028683312120847404}, {\"id\": 18, \"seek\": 2944, \"start\": 41.52000045776367, \"end\": 42.47999954223633, \"text\": \" This is just the data.\", \"tokens\": [50968, 639, 307, 445, 264, 1412, 13, 51016], \"temperature\": 0.0, \"avg_logprob\": -0.2096790224313736, \"compression_ratio\": 1.6190476417541504, \"no_speech_prob\": 0.00028683312120847404}, {\"id\": 19, \"seek\": 2944, \"start\": 42.47999954223633, \"end\": 42.959999084472656, \"text\": \" I don't know.\", \"tokens\": [51016, 286, 500, 380, 458, 13, 51040], \"temperature\": 0.0, \"avg_logprob\": -0.2096790224313736, \"compression_ratio\": 1.6190476417541504, \"no_speech_prob\": 0.00028683312120847404}, {\"id\": 20, \"seek\": 2944, \"start\": 42.959999084472656, \"end\": 44.79999923706055, \"text\": \" That makes me feel really not modest.\", \"tokens\": [51040, 663, 1669, 385, 841, 534, 406, 25403, 13, 51132], \"temperature\": 0.0, \"avg_logprob\": -0.2096790224313736, \"compression_ratio\": 1.6190476417541504, \"no_speech_prob\": 0.00028683312120847404}, {\"id\": 21, \"seek\": 2944, \"start\": 46.08000183105469, \"end\": 47.20000076293945, \"text\": \" I'm here to speak the truth.\", \"tokens\": [51196, 286, 478, 510, 281, 1710, 264, 3494, 13, 51252], \"temperature\": 0.0, \"avg_logprob\": -0.2096790224313736, \"compression_ratio\": 1.6190476417541504, \"no_speech_prob\": 0.00028683312120847404}, {\"id\": 22, \"seek\": 2944, \"start\": 47.20000076293945, \"end\": 50.400001525878906, \"text\": \" My friends had varying theories as to why this was the case.\", \"tokens\": [51252, 1222, 1855, 632, 22984, 13667, 382, 281, 983, 341, 390, 264, 1389, 13, 51412], \"temperature\": 0.0, \"avg_logprob\": -0.2096790224313736, \"compression_ratio\": 1.6190476417541504, \"no_speech_prob\": 0.00028683312120847404}, {\"id\": 23, \"seek\": 2944, \"start\": 50.400001525878906, \"end\": 53.91999816894531, \"text\": \" My pheromones were weird or it boils down to the psychology of it.\", \"tokens\": [51412, 1222, 280, 511, 298, 2213, 645, 3657, 420, 309, 35049, 760, 281, 264, 15105, 295, 309, 13, 51588], \"temperature\": 0.0, \"avg_logprob\": -0.2096790224313736, \"compression_ratio\": 1.6190476417541504, \"no_speech_prob\": 0.00028683312120847404}, {\"id\": 24, \"seek\": 2944, \"start\": 53.91999816894531, \"end\": 55.84000015258789, \"text\": \" My indifference drove them crazy.\", \"tokens\": [51588, 1222, 1016, 351, 5158, 13226, 552, 3219, 13, 51684], \"temperature\": 0.0, \"avg_logprob\": -0.2096790224313736, \"compression_ratio\": 1.6190476417541504, \"no_speech_prob\": 0.00028683312120847404}, {\"id\": 25, \"seek\": 2944, \"start\": 55.84000015258789, \"end\": 56.34000015258789, \"text\": \" Yeah.\", \"tokens\": [51684, 865, 13, 51709], \"temperature\": 0.0, \"avg_logprob\": -0.2096790224313736, \"compression_ratio\": 1.6190476417541504, \"no_speech_prob\": 0.00028683312120847404}]}"}