{"title": "Build a social circle or learn pickup?", "video_id": "_-SaRC23soM", "video_url": "https://www.youtube.com/watch?v=_-SaRC23soM", "description": "", "published_at": "2023-09-05T01:18:25Z", "channel_id": "UC0O-ohYDF4P66HW9XJ4Us8w", "channel_title": "Robbie Kramer", "tags": [], "category_id": "24", "live_broadcast_content": "none", "duration": 56.0, "dimension": "2d", "definition": "hd", "caption": "false", "view_count": 182, "like_count": 1, "comment_count": 0, "channel_info": {"title": "Robbie Kramer", "description": "I'm Robbie Kramer \ud83c\udf99Host of The Inner Confidence Podcast & Founder of Inner Confidence, Inc.\n\nI lived an exhilarating single life filled with adventures and lessons, and ultimately achieved what I had always aspired to \u2013 finding an amazing, feminine, and loving wife. \n\nI believe my experiences provide a rare balance of wild freedom and committed love, equipping me with the insights to help you navigate the complexities of dating and relationships in today's world. Let me guide you to embrace your desires, improve your social prowess, and ultimately attract the partner who aligns with your highest aspirations.\n\nYou won\u2019t find any fluffy, new-age, or cringy stuff here, just tested, proven and actionable advice that yields results.\n\nApply to join our exclusive Inner Confidence Community of ambitious men who are actively working together to achieve their goals faster   \u25ba https://innerconfidence.com/community\n\nYou can email me at robbie@innerconfidence.com with any questions or comments.\n", "subscriber_count": "1270", "total_views": "604693", "total_videos": "470"}, "comments": [], "file_path": "/Users/aelaguiz/workspace/fc_book/audio/raws/_-SaRC23soM.mp3", "transcription": "{\"text\": \"The pickup, you know side of things wasn't really didn't really sit well with me, so I didn't really love that So I felt like I was just more about group events and just meeting meeting friends That way and I've been I've been around You know mostly guys in the military for many years So, of course, I wanted to meet a ton of female friends and so I would basically started I think I went on meetup.com way back in the day and just started meeting people through that and just you know being friendly and making friends and then inviting them to Happy hours, I would throw happy hours At places and being bring a good group together. It's really popular in Ukraine More popular in Europe, especially Eastern Europe than it is in the US. It's a great like Could be a fun date it's just fun, you know \", \"segments\": [{\"id\": 0, \"seek\": 0, \"start\": 0.0, \"end\": 7.519999980926514, \"text\": \" The pickup, you know side of things wasn't really didn't really sit well with me, so I didn't really love that\", \"tokens\": [50364, 440, 25328, 11, 291, 458, 1252, 295, 721, 2067, 380, 534, 994, 380, 534, 1394, 731, 365, 385, 11, 370, 286, 994, 380, 534, 959, 300, 50740], \"temperature\": 0.0, \"avg_logprob\": -0.31601211428642273, \"compression_ratio\": 1.639423131942749, \"no_speech_prob\": 0.017970692366361618}, {\"id\": 1, \"seek\": 0, \"start\": 9.039999961853027, \"end\": 15.039999961853027, \"text\": \" So I felt like I was just more about group events and just meeting meeting friends\", \"tokens\": [50816, 407, 286, 2762, 411, 286, 390, 445, 544, 466, 1594, 3931, 293, 445, 3440, 3440, 1855, 51116], \"temperature\": 0.0, \"avg_logprob\": -0.31601211428642273, \"compression_ratio\": 1.639423131942749, \"no_speech_prob\": 0.017970692366361618}, {\"id\": 2, \"seek\": 0, \"start\": 15.399999618530273, \"end\": 18.639999389648438, \"text\": \" That way and I've been I've been around\", \"tokens\": [51134, 663, 636, 293, 286, 600, 668, 286, 600, 668, 926, 51296], \"temperature\": 0.0, \"avg_logprob\": -0.31601211428642273, \"compression_ratio\": 1.639423131942749, \"no_speech_prob\": 0.017970692366361618}, {\"id\": 3, \"seek\": 0, \"start\": 19.15999984741211, \"end\": 22.1200008392334, \"text\": \" You know mostly guys in the military for many years\", \"tokens\": [51322, 509, 458, 5240, 1074, 294, 264, 4632, 337, 867, 924, 51470], \"temperature\": 0.0, \"avg_logprob\": -0.31601211428642273, \"compression_ratio\": 1.639423131942749, \"no_speech_prob\": 0.017970692366361618}, {\"id\": 4, \"seek\": 0, \"start\": 22.1200008392334, \"end\": 24.0, \"text\": \" So, of course, I wanted to meet a ton of female friends\", \"tokens\": [51470, 407, 11, 295, 1164, 11, 286, 1415, 281, 1677, 257, 2952, 295, 6556, 1855, 51564], \"temperature\": 0.0, \"avg_logprob\": -0.31601211428642273, \"compression_ratio\": 1.639423131942749, \"no_speech_prob\": 0.017970692366361618}, {\"id\": 5, \"seek\": 2400, \"start\": 24.0, \"end\": 30.200000762939453, \"text\": \" and so I would basically started I think I went on meetup.com way back in the day and just\", \"tokens\": [50364, 293, 370, 286, 576, 1936, 1409, 286, 519, 286, 1437, 322, 1677, 1010, 13, 1112, 636, 646, 294, 264, 786, 293, 445, 50674], \"temperature\": 0.0, \"avg_logprob\": -0.34024909138679504, \"compression_ratio\": 1.6926229000091553, \"no_speech_prob\": 0.0335870161652565}, {\"id\": 6, \"seek\": 2400, \"start\": 30.479999542236328, \"end\": 37.040000915527344, \"text\": \" started meeting people through that and just you know being friendly and making friends and then inviting them to\", \"tokens\": [50688, 1409, 3440, 561, 807, 300, 293, 445, 291, 458, 885, 9208, 293, 1455, 1855, 293, 550, 18202, 552, 281, 51016], \"temperature\": 0.0, \"avg_logprob\": -0.34024909138679504, \"compression_ratio\": 1.6926229000091553, \"no_speech_prob\": 0.0335870161652565}, {\"id\": 7, \"seek\": 2400, \"start\": 38.400001525878906, \"end\": 40.400001525878906, \"text\": \" Happy hours, I would throw happy hours\", \"tokens\": [51084, 8277, 2496, 11, 286, 576, 3507, 2055, 2496, 51184], \"temperature\": 0.0, \"avg_logprob\": -0.34024909138679504, \"compression_ratio\": 1.6926229000091553, \"no_speech_prob\": 0.0335870161652565}, {\"id\": 8, \"seek\": 2400, \"start\": 40.720001220703125, \"end\": 45.400001525878906, \"text\": \" At places and being bring a good group together. It's really popular in Ukraine\", \"tokens\": [51200, 1711, 3190, 293, 885, 1565, 257, 665, 1594, 1214, 13, 467, 311, 534, 3743, 294, 14081, 51434], \"temperature\": 0.0, \"avg_logprob\": -0.34024909138679504, \"compression_ratio\": 1.6926229000091553, \"no_speech_prob\": 0.0335870161652565}, {\"id\": 9, \"seek\": 2400, \"start\": 46.36000061035156, \"end\": 50.880001068115234, \"text\": \" More popular in Europe, especially Eastern Europe than it is in the US. It's a great like\", \"tokens\": [51482, 5048, 3743, 294, 3315, 11, 2318, 12901, 3315, 813, 309, 307, 294, 264, 2546, 13, 467, 311, 257, 869, 411, 51708], \"temperature\": 0.0, \"avg_logprob\": -0.34024909138679504, \"compression_ratio\": 1.6926229000091553, \"no_speech_prob\": 0.0335870161652565}, {\"id\": 10, \"seek\": 5088, \"start\": 50.880001068115234, \"end\": 54.47999954223633, \"text\": \" Could be a fun date it's just fun, you know\", \"tokens\": [50414, 7497, 312, 257, 1019, 4002, 309, 311, 445, 1019, 11, 291, 458, 50544], \"temperature\": 0.0, \"avg_logprob\": -0.38656434416770935, \"compression_ratio\": 0.8775510191917419, \"no_speech_prob\": 0.02477344125509262}]}"}