{"title": "How to approach a girl on the street.", "video_id": "_LDYasmlFew", "video_url": "https://www.youtube.com/watch?v=_LDYasmlFew", "description": "How to approach a woman on the street in a natural, confident way and get her phone number.", "published_at": "2013-02-14T23:27:55Z", "channel_id": "UC0O-ohYDF4P66HW9XJ4Us8w", "channel_title": "Robbie Kramer", "tags": ["approaching women", "dating women", "confidence", "hitting on women", "getting dates", "get her number", "attract a woman", "find love", "become good with women", "become a social genius", "direct game", "direct approach", "daygame"], "category_id": "26", "live_broadcast_content": "none", "duration": 182.0, "dimension": "2d", "definition": "sd", "caption": "false", "view_count": 3515, "like_count": 10, "comment_count": 6, "channel_info": {"title": "Robbie Kramer", "description": "I'm Robbie Kramer \ud83c\udf99Host of The Inner Confidence Podcast & Founder of Inner Confidence, Inc.\n\nI lived an exhilarating single life filled with adventures and lessons, and ultimately achieved what I had always aspired to \u2013 finding an amazing, feminine, and loving wife. \n\nI believe my experiences provide a rare balance of wild freedom and committed love, equipping me with the insights to help you navigate the complexities of dating and relationships in today's world. Let me guide you to embrace your desires, improve your social prowess, and ultimately attract the partner who aligns with your highest aspirations.\n\nYou won\u2019t find any fluffy, new-age, or cringy stuff here, just tested, proven and actionable advice that yields results.\n\nApply to join our exclusive Inner Confidence Community of ambitious men who are actively working together to achieve their goals faster   \u25ba https://innerconfidence.com/community\n\nYou can email me at robbie@innerconfidence.com with any questions or comments.\n", "subscriber_count": "1270", "total_views": "604693", "total_videos": "470"}, "comments": [], "file_path": "/Users/aelaguiz/workspace/fc_book/audio/raws/_LDYasmlFew.mp3", "transcription": "{\"text\": \"Hey, I just saw you walk by and I thought, I gotta hit on this girl and be that idiot to do it on the street. Oh my god. How are ya? Good, what's up? Not too much. I'm Robbie. Ally. Nice to meet you Ally. Nice to meet you. You look like an Ally. Do I? That's funny. Yeah. I know a bunch of Allys. Do you? Do you ever hear the names kind of, I don't know, not even with the face, with the personality too. It's like you've become your name. Yeah. I don't know. I should write like a... It serves me well. Yeah? All the Allys I know, they're like fun, spunky, chill. Mm-hmm. Yeah. Well, I don't want to peg you so early. Yeah. What kind of dog is that? He's a Shepherd Collie. And he's a fake service dog as well. That's his tags on there. I can take him on the subway and... His name? Hm? What's his name? Wiley. Wiley. Yeah. I don't know. Wish. No? What would you get if you had one? I like Golden Retrievers. Yeah. They're awesome. Cute. They're so fun. They swim. Mm-hmm. I had a friend's Golden Retriever that would eat ice out of the ice maker as it was like coming out. Really? Yeah. It was great. That's funny. Yeah. Do you live here? Yeah. I live in the area here. You? Upper West. Upper West Side? Yeah. Are you Jewish? No. That's the stereotype of the Upper West Side, right? Yeah. I know. Yeah. Yeah. I just kind of fell into that room. There's a lot of... Is that coming out this way? Let's move over here. How long have you lived in the city? In the city, just two months. Oh, okay. Yeah. From where? I moved to... I'm from Pennsylvania. I moved to Long Island before and then I just moved to January. Okay. Mm-hmm. My mom's from Abington. Oh, near Philly. Yeah. Yeah. Yeah. I'm like an hour... Yeah. Yeah. Yeah. Yeah. I'm like an hour northeast of there. Okay. So close to Jersey? Yeah. Yeah. Oh. So I won't make the office joke, I promise. Don't. How is Scranton? Good. Yeah? Mm-hmm. It seems like there was... I went up to like a ski resort close to there in the Poconos. Yeah. Do you ski? No. No. I've done it like five times. Yeah. I should ski more often though. Yeah, it's fun. Yeah. I don't know. What are you up to today? I'm heading home. Yeah. All right. Well, I won't keep you. How about this? You give me your number and if you're not feeling the love connection, give me a fake one. I'll never know the difference. All right. Sure. Yeah. Do you have a free hand? I do. All right. There you go. There you go. The real one. The real one. Yeah. Yeah. Yeah. Yeah. Yeah. Yeah. Yeah. Yeah. Yeah. Yeah. Thanks, Allie. All right, take care. I'll text you.  \", \"segments\": [{\"id\": 0, \"seek\": 0, \"start\": 0.0, \"end\": 9.720000267028809, \"text\": \" Hey, I just saw you walk by and I thought, I gotta hit on this girl and be that idiot\", \"tokens\": [50364, 1911, 11, 286, 445, 1866, 291, 1792, 538, 293, 286, 1194, 11, 286, 3428, 2045, 322, 341, 2013, 293, 312, 300, 14270, 50850], \"temperature\": 0.0, \"avg_logprob\": -0.2857484817504883, \"compression_ratio\": 1.6024096012115479, \"no_speech_prob\": 0.14392028748989105}, {\"id\": 1, \"seek\": 0, \"start\": 9.720000267028809, \"end\": 10.720000267028809, \"text\": \" to do it on the street.\", \"tokens\": [50850, 281, 360, 309, 322, 264, 4838, 13, 50900], \"temperature\": 0.0, \"avg_logprob\": -0.2857484817504883, \"compression_ratio\": 1.6024096012115479, \"no_speech_prob\": 0.14392028748989105}, {\"id\": 2, \"seek\": 0, \"start\": 10.720000267028809, \"end\": 11.720000267028809, \"text\": \" Oh my god.\", \"tokens\": [50900, 876, 452, 3044, 13, 50950], \"temperature\": 0.0, \"avg_logprob\": -0.2857484817504883, \"compression_ratio\": 1.6024096012115479, \"no_speech_prob\": 0.14392028748989105}, {\"id\": 3, \"seek\": 0, \"start\": 11.720000267028809, \"end\": 12.720000267028809, \"text\": \" How are ya?\", \"tokens\": [50950, 1012, 366, 2478, 30, 51000], \"temperature\": 0.0, \"avg_logprob\": -0.2857484817504883, \"compression_ratio\": 1.6024096012115479, \"no_speech_prob\": 0.14392028748989105}, {\"id\": 4, \"seek\": 0, \"start\": 12.720000267028809, \"end\": 13.720000267028809, \"text\": \" Good, what's up?\", \"tokens\": [51000, 2205, 11, 437, 311, 493, 30, 51050], \"temperature\": 0.0, \"avg_logprob\": -0.2857484817504883, \"compression_ratio\": 1.6024096012115479, \"no_speech_prob\": 0.14392028748989105}, {\"id\": 5, \"seek\": 0, \"start\": 13.720000267028809, \"end\": 14.720000267028809, \"text\": \" Not too much.\", \"tokens\": [51050, 1726, 886, 709, 13, 51100], \"temperature\": 0.0, \"avg_logprob\": -0.2857484817504883, \"compression_ratio\": 1.6024096012115479, \"no_speech_prob\": 0.14392028748989105}, {\"id\": 6, \"seek\": 0, \"start\": 14.720000267028809, \"end\": 15.720000267028809, \"text\": \" I'm Robbie.\", \"tokens\": [51100, 286, 478, 45749, 13, 51150], \"temperature\": 0.0, \"avg_logprob\": -0.2857484817504883, \"compression_ratio\": 1.6024096012115479, \"no_speech_prob\": 0.14392028748989105}, {\"id\": 7, \"seek\": 0, \"start\": 15.720000267028809, \"end\": 16.719999313354492, \"text\": \" Ally.\", \"tokens\": [51150, 46776, 13, 51200], \"temperature\": 0.0, \"avg_logprob\": -0.2857484817504883, \"compression_ratio\": 1.6024096012115479, \"no_speech_prob\": 0.14392028748989105}, {\"id\": 8, \"seek\": 0, \"start\": 16.719999313354492, \"end\": 17.719999313354492, \"text\": \" Nice to meet you Ally.\", \"tokens\": [51200, 5490, 281, 1677, 291, 46776, 13, 51250], \"temperature\": 0.0, \"avg_logprob\": -0.2857484817504883, \"compression_ratio\": 1.6024096012115479, \"no_speech_prob\": 0.14392028748989105}, {\"id\": 9, \"seek\": 0, \"start\": 17.719999313354492, \"end\": 18.719999313354492, \"text\": \" Nice to meet you.\", \"tokens\": [51250, 5490, 281, 1677, 291, 13, 51300], \"temperature\": 0.0, \"avg_logprob\": -0.2857484817504883, \"compression_ratio\": 1.6024096012115479, \"no_speech_prob\": 0.14392028748989105}, {\"id\": 10, \"seek\": 0, \"start\": 18.719999313354492, \"end\": 19.719999313354492, \"text\": \" You look like an Ally.\", \"tokens\": [51300, 509, 574, 411, 364, 46776, 13, 51350], \"temperature\": 0.0, \"avg_logprob\": -0.2857484817504883, \"compression_ratio\": 1.6024096012115479, \"no_speech_prob\": 0.14392028748989105}, {\"id\": 11, \"seek\": 0, \"start\": 19.719999313354492, \"end\": 20.719999313354492, \"text\": \" Do I?\", \"tokens\": [51350, 1144, 286, 30, 51400], \"temperature\": 0.0, \"avg_logprob\": -0.2857484817504883, \"compression_ratio\": 1.6024096012115479, \"no_speech_prob\": 0.14392028748989105}, {\"id\": 12, \"seek\": 0, \"start\": 20.719999313354492, \"end\": 21.719999313354492, \"text\": \" That's funny.\", \"tokens\": [51400, 663, 311, 4074, 13, 51450], \"temperature\": 0.0, \"avg_logprob\": -0.2857484817504883, \"compression_ratio\": 1.6024096012115479, \"no_speech_prob\": 0.14392028748989105}, {\"id\": 13, \"seek\": 0, \"start\": 21.719999313354492, \"end\": 22.719999313354492, \"text\": \" Yeah.\", \"tokens\": [51450, 865, 13, 51500], \"temperature\": 0.0, \"avg_logprob\": -0.2857484817504883, \"compression_ratio\": 1.6024096012115479, \"no_speech_prob\": 0.14392028748989105}, {\"id\": 14, \"seek\": 0, \"start\": 22.719999313354492, \"end\": 23.719999313354492, \"text\": \" I know a bunch of Allys.\", \"tokens\": [51500, 286, 458, 257, 3840, 295, 1057, 749, 13, 51550], \"temperature\": 0.0, \"avg_logprob\": -0.2857484817504883, \"compression_ratio\": 1.6024096012115479, \"no_speech_prob\": 0.14392028748989105}, {\"id\": 15, \"seek\": 0, \"start\": 23.719999313354492, \"end\": 24.719999313354492, \"text\": \" Do you?\", \"tokens\": [51550, 1144, 291, 30, 51600], \"temperature\": 0.0, \"avg_logprob\": -0.2857484817504883, \"compression_ratio\": 1.6024096012115479, \"no_speech_prob\": 0.14392028748989105}, {\"id\": 16, \"seek\": 0, \"start\": 24.719999313354492, \"end\": 29.68000030517578, \"text\": \" Do you ever hear the names kind of, I don't know, not even with the face, with the personality\", \"tokens\": [51600, 1144, 291, 1562, 1568, 264, 5288, 733, 295, 11, 286, 500, 380, 458, 11, 406, 754, 365, 264, 1851, 11, 365, 264, 9033, 51848], \"temperature\": 0.0, \"avg_logprob\": -0.2857484817504883, \"compression_ratio\": 1.6024096012115479, \"no_speech_prob\": 0.14392028748989105}, {\"id\": 17, \"seek\": 2968, \"start\": 29.68000030517578, \"end\": 30.68000030517578, \"text\": \" too.\", \"tokens\": [50364, 886, 13, 50414], \"temperature\": 0.0, \"avg_logprob\": -0.2748941481113434, \"compression_ratio\": 1.6434108018875122, \"no_speech_prob\": 0.04534974694252014}, {\"id\": 18, \"seek\": 2968, \"start\": 30.68000030517578, \"end\": 31.68000030517578, \"text\": \" It's like you've become your name.\", \"tokens\": [50414, 467, 311, 411, 291, 600, 1813, 428, 1315, 13, 50464], \"temperature\": 0.0, \"avg_logprob\": -0.2748941481113434, \"compression_ratio\": 1.6434108018875122, \"no_speech_prob\": 0.04534974694252014}, {\"id\": 19, \"seek\": 2968, \"start\": 31.68000030517578, \"end\": 32.68000030517578, \"text\": \" Yeah.\", \"tokens\": [50464, 865, 13, 50514], \"temperature\": 0.0, \"avg_logprob\": -0.2748941481113434, \"compression_ratio\": 1.6434108018875122, \"no_speech_prob\": 0.04534974694252014}, {\"id\": 20, \"seek\": 2968, \"start\": 32.68000030517578, \"end\": 33.68000030517578, \"text\": \" I don't know.\", \"tokens\": [50514, 286, 500, 380, 458, 13, 50564], \"temperature\": 0.0, \"avg_logprob\": -0.2748941481113434, \"compression_ratio\": 1.6434108018875122, \"no_speech_prob\": 0.04534974694252014}, {\"id\": 21, \"seek\": 2968, \"start\": 33.68000030517578, \"end\": 34.68000030517578, \"text\": \" I should write like a...\", \"tokens\": [50564, 286, 820, 2464, 411, 257, 485, 50614], \"temperature\": 0.0, \"avg_logprob\": -0.2748941481113434, \"compression_ratio\": 1.6434108018875122, \"no_speech_prob\": 0.04534974694252014}, {\"id\": 22, \"seek\": 2968, \"start\": 34.68000030517578, \"end\": 35.68000030517578, \"text\": \" It serves me well.\", \"tokens\": [50614, 467, 13451, 385, 731, 13, 50664], \"temperature\": 0.0, \"avg_logprob\": -0.2748941481113434, \"compression_ratio\": 1.6434108018875122, \"no_speech_prob\": 0.04534974694252014}, {\"id\": 23, \"seek\": 2968, \"start\": 35.68000030517578, \"end\": 36.68000030517578, \"text\": \" Yeah?\", \"tokens\": [50664, 865, 30, 50714], \"temperature\": 0.0, \"avg_logprob\": -0.2748941481113434, \"compression_ratio\": 1.6434108018875122, \"no_speech_prob\": 0.04534974694252014}, {\"id\": 24, \"seek\": 2968, \"start\": 36.68000030517578, \"end\": 37.68000030517578, \"text\": \" All the Allys I know, they're like fun, spunky, chill.\", \"tokens\": [50714, 1057, 264, 1057, 749, 286, 458, 11, 436, 434, 411, 1019, 11, 637, 25837, 11, 11355, 13, 50764], \"temperature\": 0.0, \"avg_logprob\": -0.2748941481113434, \"compression_ratio\": 1.6434108018875122, \"no_speech_prob\": 0.04534974694252014}, {\"id\": 25, \"seek\": 2968, \"start\": 37.68000030517578, \"end\": 38.68000030517578, \"text\": \" Mm-hmm.\", \"tokens\": [50764, 8266, 12, 10250, 13, 50814], \"temperature\": 0.0, \"avg_logprob\": -0.2748941481113434, \"compression_ratio\": 1.6434108018875122, \"no_speech_prob\": 0.04534974694252014}, {\"id\": 26, \"seek\": 2968, \"start\": 38.68000030517578, \"end\": 39.68000030517578, \"text\": \" Yeah.\", \"tokens\": [50814, 865, 13, 50864], \"temperature\": 0.0, \"avg_logprob\": -0.2748941481113434, \"compression_ratio\": 1.6434108018875122, \"no_speech_prob\": 0.04534974694252014}, {\"id\": 27, \"seek\": 2968, \"start\": 39.68000030517578, \"end\": 42.68000030517578, \"text\": \" Well, I don't want to peg you so early.\", \"tokens\": [50864, 1042, 11, 286, 500, 380, 528, 281, 17199, 291, 370, 2440, 13, 51014], \"temperature\": 0.0, \"avg_logprob\": -0.2748941481113434, \"compression_ratio\": 1.6434108018875122, \"no_speech_prob\": 0.04534974694252014}, {\"id\": 28, \"seek\": 2968, \"start\": 42.68000030517578, \"end\": 43.68000030517578, \"text\": \" Yeah.\", \"tokens\": [51014, 865, 13, 51064], \"temperature\": 0.0, \"avg_logprob\": -0.2748941481113434, \"compression_ratio\": 1.6434108018875122, \"no_speech_prob\": 0.04534974694252014}, {\"id\": 29, \"seek\": 2968, \"start\": 43.68000030517578, \"end\": 45.79999923706055, \"text\": \" What kind of dog is that?\", \"tokens\": [51064, 708, 733, 295, 3000, 307, 300, 30, 51170], \"temperature\": 0.0, \"avg_logprob\": -0.2748941481113434, \"compression_ratio\": 1.6434108018875122, \"no_speech_prob\": 0.04534974694252014}, {\"id\": 30, \"seek\": 2968, \"start\": 45.79999923706055, \"end\": 48.119998931884766, \"text\": \" He's a Shepherd Collie.\", \"tokens\": [51170, 634, 311, 257, 43395, 4586, 414, 13, 51286], \"temperature\": 0.0, \"avg_logprob\": -0.2748941481113434, \"compression_ratio\": 1.6434108018875122, \"no_speech_prob\": 0.04534974694252014}, {\"id\": 31, \"seek\": 2968, \"start\": 48.119998931884766, \"end\": 50.040000915527344, \"text\": \" And he's a fake service dog as well.\", \"tokens\": [51286, 400, 415, 311, 257, 7592, 2643, 3000, 382, 731, 13, 51382], \"temperature\": 0.0, \"avg_logprob\": -0.2748941481113434, \"compression_ratio\": 1.6434108018875122, \"no_speech_prob\": 0.04534974694252014}, {\"id\": 32, \"seek\": 2968, \"start\": 50.040000915527344, \"end\": 51.31999969482422, \"text\": \" That's his tags on there.\", \"tokens\": [51382, 663, 311, 702, 18632, 322, 456, 13, 51446], \"temperature\": 0.0, \"avg_logprob\": -0.2748941481113434, \"compression_ratio\": 1.6434108018875122, \"no_speech_prob\": 0.04534974694252014}, {\"id\": 33, \"seek\": 2968, \"start\": 51.31999969482422, \"end\": 53.52000045776367, \"text\": \" I can take him on the subway and...\", \"tokens\": [51446, 286, 393, 747, 796, 322, 264, 24953, 293, 485, 51556], \"temperature\": 0.0, \"avg_logprob\": -0.2748941481113434, \"compression_ratio\": 1.6434108018875122, \"no_speech_prob\": 0.04534974694252014}, {\"id\": 34, \"seek\": 2968, \"start\": 53.52000045776367, \"end\": 54.52000045776367, \"text\": \" His name?\", \"tokens\": [51556, 2812, 1315, 30, 51606], \"temperature\": 0.0, \"avg_logprob\": -0.2748941481113434, \"compression_ratio\": 1.6434108018875122, \"no_speech_prob\": 0.04534974694252014}, {\"id\": 35, \"seek\": 2968, \"start\": 54.52000045776367, \"end\": 55.52000045776367, \"text\": \" Hm?\", \"tokens\": [51606, 17989, 30, 51656], \"temperature\": 0.0, \"avg_logprob\": -0.2748941481113434, \"compression_ratio\": 1.6434108018875122, \"no_speech_prob\": 0.04534974694252014}, {\"id\": 36, \"seek\": 2968, \"start\": 55.52000045776367, \"end\": 56.52000045776367, \"text\": \" What's his name?\", \"tokens\": [51656, 708, 311, 702, 1315, 30, 51706], \"temperature\": 0.0, \"avg_logprob\": -0.2748941481113434, \"compression_ratio\": 1.6434108018875122, \"no_speech_prob\": 0.04534974694252014}, {\"id\": 37, \"seek\": 2968, \"start\": 56.52000045776367, \"end\": 57.52000045776367, \"text\": \" Wiley.\", \"tokens\": [51706, 343, 12062, 13, 51756], \"temperature\": 0.0, \"avg_logprob\": -0.2748941481113434, \"compression_ratio\": 1.6434108018875122, \"no_speech_prob\": 0.04534974694252014}, {\"id\": 38, \"seek\": 2968, \"start\": 57.52000045776367, \"end\": 58.52000045776367, \"text\": \" Wiley.\", \"tokens\": [51756, 343, 12062, 13, 51806], \"temperature\": 0.0, \"avg_logprob\": -0.2748941481113434, \"compression_ratio\": 1.6434108018875122, \"no_speech_prob\": 0.04534974694252014}, {\"id\": 39, \"seek\": 2968, \"start\": 58.52000045776367, \"end\": 59.52000045776367, \"text\": \" Yeah.\", \"tokens\": [51806, 865, 13, 51856], \"temperature\": 0.0, \"avg_logprob\": -0.2748941481113434, \"compression_ratio\": 1.6434108018875122, \"no_speech_prob\": 0.04534974694252014}, {\"id\": 40, \"seek\": 5952, \"start\": 60.36000061035156, \"end\": 61.36000061035156, \"text\": \" I don't know.\", \"tokens\": [50406, 286, 500, 380, 458, 13, 50456], \"temperature\": 0.0, \"avg_logprob\": -0.19208954274654388, \"compression_ratio\": 1.6639344692230225, \"no_speech_prob\": 0.32418739795684814}, {\"id\": 41, \"seek\": 5952, \"start\": 61.36000061035156, \"end\": 62.36000061035156, \"text\": \" Wish.\", \"tokens\": [50456, 27697, 13, 50506], \"temperature\": 0.0, \"avg_logprob\": -0.19208954274654388, \"compression_ratio\": 1.6639344692230225, \"no_speech_prob\": 0.32418739795684814}, {\"id\": 42, \"seek\": 5952, \"start\": 62.36000061035156, \"end\": 63.36000061035156, \"text\": \" No?\", \"tokens\": [50506, 883, 30, 50556], \"temperature\": 0.0, \"avg_logprob\": -0.19208954274654388, \"compression_ratio\": 1.6639344692230225, \"no_speech_prob\": 0.32418739795684814}, {\"id\": 43, \"seek\": 5952, \"start\": 63.36000061035156, \"end\": 64.36000061035156, \"text\": \" What would you get if you had one?\", \"tokens\": [50556, 708, 576, 291, 483, 498, 291, 632, 472, 30, 50606], \"temperature\": 0.0, \"avg_logprob\": -0.19208954274654388, \"compression_ratio\": 1.6639344692230225, \"no_speech_prob\": 0.32418739795684814}, {\"id\": 44, \"seek\": 5952, \"start\": 64.36000061035156, \"end\": 65.36000061035156, \"text\": \" I like Golden Retrievers.\", \"tokens\": [50606, 286, 411, 13410, 11495, 5469, 840, 13, 50656], \"temperature\": 0.0, \"avg_logprob\": -0.19208954274654388, \"compression_ratio\": 1.6639344692230225, \"no_speech_prob\": 0.32418739795684814}, {\"id\": 45, \"seek\": 5952, \"start\": 65.36000061035156, \"end\": 66.36000061035156, \"text\": \" Yeah.\", \"tokens\": [50656, 865, 13, 50706], \"temperature\": 0.0, \"avg_logprob\": -0.19208954274654388, \"compression_ratio\": 1.6639344692230225, \"no_speech_prob\": 0.32418739795684814}, {\"id\": 46, \"seek\": 5952, \"start\": 66.36000061035156, \"end\": 67.36000061035156, \"text\": \" They're awesome.\", \"tokens\": [50706, 814, 434, 3476, 13, 50756], \"temperature\": 0.0, \"avg_logprob\": -0.19208954274654388, \"compression_ratio\": 1.6639344692230225, \"no_speech_prob\": 0.32418739795684814}, {\"id\": 47, \"seek\": 5952, \"start\": 67.36000061035156, \"end\": 68.36000061035156, \"text\": \" Cute.\", \"tokens\": [50756, 29121, 13, 50806], \"temperature\": 0.0, \"avg_logprob\": -0.19208954274654388, \"compression_ratio\": 1.6639344692230225, \"no_speech_prob\": 0.32418739795684814}, {\"id\": 48, \"seek\": 5952, \"start\": 68.36000061035156, \"end\": 69.36000061035156, \"text\": \" They're so fun.\", \"tokens\": [50806, 814, 434, 370, 1019, 13, 50856], \"temperature\": 0.0, \"avg_logprob\": -0.19208954274654388, \"compression_ratio\": 1.6639344692230225, \"no_speech_prob\": 0.32418739795684814}, {\"id\": 49, \"seek\": 5952, \"start\": 69.36000061035156, \"end\": 70.36000061035156, \"text\": \" They swim.\", \"tokens\": [50856, 814, 7110, 13, 50906], \"temperature\": 0.0, \"avg_logprob\": -0.19208954274654388, \"compression_ratio\": 1.6639344692230225, \"no_speech_prob\": 0.32418739795684814}, {\"id\": 50, \"seek\": 5952, \"start\": 70.36000061035156, \"end\": 71.36000061035156, \"text\": \" Mm-hmm.\", \"tokens\": [50906, 8266, 12, 10250, 13, 50956], \"temperature\": 0.0, \"avg_logprob\": -0.19208954274654388, \"compression_ratio\": 1.6639344692230225, \"no_speech_prob\": 0.32418739795684814}, {\"id\": 51, \"seek\": 5952, \"start\": 71.36000061035156, \"end\": 73.68000030517578, \"text\": \" I had a friend's Golden Retriever that would eat ice out of the ice maker as it was like\", \"tokens\": [50956, 286, 632, 257, 1277, 311, 13410, 11495, 5469, 331, 300, 576, 1862, 4435, 484, 295, 264, 4435, 17127, 382, 309, 390, 411, 51072], \"temperature\": 0.0, \"avg_logprob\": -0.19208954274654388, \"compression_ratio\": 1.6639344692230225, \"no_speech_prob\": 0.32418739795684814}, {\"id\": 52, \"seek\": 5952, \"start\": 73.68000030517578, \"end\": 74.68000030517578, \"text\": \" coming out.\", \"tokens\": [51072, 1348, 484, 13, 51122], \"temperature\": 0.0, \"avg_logprob\": -0.19208954274654388, \"compression_ratio\": 1.6639344692230225, \"no_speech_prob\": 0.32418739795684814}, {\"id\": 53, \"seek\": 5952, \"start\": 74.68000030517578, \"end\": 75.68000030517578, \"text\": \" Really?\", \"tokens\": [51122, 4083, 30, 51172], \"temperature\": 0.0, \"avg_logprob\": -0.19208954274654388, \"compression_ratio\": 1.6639344692230225, \"no_speech_prob\": 0.32418739795684814}, {\"id\": 54, \"seek\": 5952, \"start\": 75.68000030517578, \"end\": 76.68000030517578, \"text\": \" Yeah.\", \"tokens\": [51172, 865, 13, 51222], \"temperature\": 0.0, \"avg_logprob\": -0.19208954274654388, \"compression_ratio\": 1.6639344692230225, \"no_speech_prob\": 0.32418739795684814}, {\"id\": 55, \"seek\": 5952, \"start\": 76.68000030517578, \"end\": 77.68000030517578, \"text\": \" It was great.\", \"tokens\": [51222, 467, 390, 869, 13, 51272], \"temperature\": 0.0, \"avg_logprob\": -0.19208954274654388, \"compression_ratio\": 1.6639344692230225, \"no_speech_prob\": 0.32418739795684814}, {\"id\": 56, \"seek\": 5952, \"start\": 77.68000030517578, \"end\": 78.68000030517578, \"text\": \" That's funny.\", \"tokens\": [51272, 663, 311, 4074, 13, 51322], \"temperature\": 0.0, \"avg_logprob\": -0.19208954274654388, \"compression_ratio\": 1.6639344692230225, \"no_speech_prob\": 0.32418739795684814}, {\"id\": 57, \"seek\": 5952, \"start\": 78.68000030517578, \"end\": 79.68000030517578, \"text\": \" Yeah.\", \"tokens\": [51322, 865, 13, 51372], \"temperature\": 0.0, \"avg_logprob\": -0.19208954274654388, \"compression_ratio\": 1.6639344692230225, \"no_speech_prob\": 0.32418739795684814}, {\"id\": 58, \"seek\": 5952, \"start\": 79.68000030517578, \"end\": 80.68000030517578, \"text\": \" Do you live here?\", \"tokens\": [51372, 1144, 291, 1621, 510, 30, 51422], \"temperature\": 0.0, \"avg_logprob\": -0.19208954274654388, \"compression_ratio\": 1.6639344692230225, \"no_speech_prob\": 0.32418739795684814}, {\"id\": 59, \"seek\": 5952, \"start\": 80.68000030517578, \"end\": 81.68000030517578, \"text\": \" Yeah.\", \"tokens\": [51422, 865, 13, 51472], \"temperature\": 0.0, \"avg_logprob\": -0.19208954274654388, \"compression_ratio\": 1.6639344692230225, \"no_speech_prob\": 0.32418739795684814}, {\"id\": 60, \"seek\": 5952, \"start\": 81.68000030517578, \"end\": 82.68000030517578, \"text\": \" I live in the area here.\", \"tokens\": [51472, 286, 1621, 294, 264, 1859, 510, 13, 51522], \"temperature\": 0.0, \"avg_logprob\": -0.19208954274654388, \"compression_ratio\": 1.6639344692230225, \"no_speech_prob\": 0.32418739795684814}, {\"id\": 61, \"seek\": 5952, \"start\": 82.68000030517578, \"end\": 83.68000030517578, \"text\": \" You?\", \"tokens\": [51522, 509, 30, 51572], \"temperature\": 0.0, \"avg_logprob\": -0.19208954274654388, \"compression_ratio\": 1.6639344692230225, \"no_speech_prob\": 0.32418739795684814}, {\"id\": 62, \"seek\": 5952, \"start\": 83.68000030517578, \"end\": 84.68000030517578, \"text\": \" Upper West.\", \"tokens\": [51572, 36926, 4055, 13, 51622], \"temperature\": 0.0, \"avg_logprob\": -0.19208954274654388, \"compression_ratio\": 1.6639344692230225, \"no_speech_prob\": 0.32418739795684814}, {\"id\": 63, \"seek\": 5952, \"start\": 84.68000030517578, \"end\": 85.68000030517578, \"text\": \" Upper West Side?\", \"tokens\": [51622, 36926, 4055, 19026, 30, 51672], \"temperature\": 0.0, \"avg_logprob\": -0.19208954274654388, \"compression_ratio\": 1.6639344692230225, \"no_speech_prob\": 0.32418739795684814}, {\"id\": 64, \"seek\": 5952, \"start\": 85.68000030517578, \"end\": 86.68000030517578, \"text\": \" Yeah.\", \"tokens\": [51672, 865, 13, 51722], \"temperature\": 0.0, \"avg_logprob\": -0.19208954274654388, \"compression_ratio\": 1.6639344692230225, \"no_speech_prob\": 0.32418739795684814}, {\"id\": 65, \"seek\": 5952, \"start\": 86.68000030517578, \"end\": 87.68000030517578, \"text\": \" Are you Jewish?\", \"tokens\": [51722, 2014, 291, 9246, 30, 51772], \"temperature\": 0.0, \"avg_logprob\": -0.19208954274654388, \"compression_ratio\": 1.6639344692230225, \"no_speech_prob\": 0.32418739795684814}, {\"id\": 66, \"seek\": 5952, \"start\": 87.68000030517578, \"end\": 88.68000030517578, \"text\": \" No.\", \"tokens\": [51772, 883, 13, 51822], \"temperature\": 0.0, \"avg_logprob\": -0.19208954274654388, \"compression_ratio\": 1.6639344692230225, \"no_speech_prob\": 0.32418739795684814}, {\"id\": 67, \"seek\": 8868, \"start\": 88.83999633789062, \"end\": 89.83999633789062, \"text\": \" That's the stereotype of the Upper West Side, right?\", \"tokens\": [50372, 663, 311, 264, 38229, 295, 264, 36926, 4055, 19026, 11, 558, 30, 50422], \"temperature\": 0.0, \"avg_logprob\": -0.24307259917259216, \"compression_ratio\": 1.699658751487732, \"no_speech_prob\": 0.08151277899742126}, {\"id\": 68, \"seek\": 8868, \"start\": 89.83999633789062, \"end\": 90.83999633789062, \"text\": \" Yeah.\", \"tokens\": [50422, 865, 13, 50472], \"temperature\": 0.0, \"avg_logprob\": -0.24307259917259216, \"compression_ratio\": 1.699658751487732, \"no_speech_prob\": 0.08151277899742126}, {\"id\": 69, \"seek\": 8868, \"start\": 90.83999633789062, \"end\": 91.83999633789062, \"text\": \" I know.\", \"tokens\": [50472, 286, 458, 13, 50522], \"temperature\": 0.0, \"avg_logprob\": -0.24307259917259216, \"compression_ratio\": 1.699658751487732, \"no_speech_prob\": 0.08151277899742126}, {\"id\": 70, \"seek\": 8868, \"start\": 91.83999633789062, \"end\": 92.83999633789062, \"text\": \" Yeah.\", \"tokens\": [50522, 865, 13, 50572], \"temperature\": 0.0, \"avg_logprob\": -0.24307259917259216, \"compression_ratio\": 1.699658751487732, \"no_speech_prob\": 0.08151277899742126}, {\"id\": 71, \"seek\": 8868, \"start\": 92.83999633789062, \"end\": 93.83999633789062, \"text\": \" Yeah.\", \"tokens\": [50572, 865, 13, 50622], \"temperature\": 0.0, \"avg_logprob\": -0.24307259917259216, \"compression_ratio\": 1.699658751487732, \"no_speech_prob\": 0.08151277899742126}, {\"id\": 72, \"seek\": 8868, \"start\": 93.83999633789062, \"end\": 94.83999633789062, \"text\": \" I just kind of fell into that room.\", \"tokens\": [50622, 286, 445, 733, 295, 5696, 666, 300, 1808, 13, 50672], \"temperature\": 0.0, \"avg_logprob\": -0.24307259917259216, \"compression_ratio\": 1.699658751487732, \"no_speech_prob\": 0.08151277899742126}, {\"id\": 73, \"seek\": 8868, \"start\": 94.83999633789062, \"end\": 95.83999633789062, \"text\": \" There's a lot of...\", \"tokens\": [50672, 821, 311, 257, 688, 295, 485, 50722], \"temperature\": 0.0, \"avg_logprob\": -0.24307259917259216, \"compression_ratio\": 1.699658751487732, \"no_speech_prob\": 0.08151277899742126}, {\"id\": 74, \"seek\": 8868, \"start\": 95.83999633789062, \"end\": 96.83999633789062, \"text\": \" Is that coming out this way?\", \"tokens\": [50722, 1119, 300, 1348, 484, 341, 636, 30, 50772], \"temperature\": 0.0, \"avg_logprob\": -0.24307259917259216, \"compression_ratio\": 1.699658751487732, \"no_speech_prob\": 0.08151277899742126}, {\"id\": 75, \"seek\": 8868, \"start\": 96.83999633789062, \"end\": 97.83999633789062, \"text\": \" Let's move over here.\", \"tokens\": [50772, 961, 311, 1286, 670, 510, 13, 50822], \"temperature\": 0.0, \"avg_logprob\": -0.24307259917259216, \"compression_ratio\": 1.699658751487732, \"no_speech_prob\": 0.08151277899742126}, {\"id\": 76, \"seek\": 8868, \"start\": 97.83999633789062, \"end\": 98.83999633789062, \"text\": \" How long have you lived in the city?\", \"tokens\": [50822, 1012, 938, 362, 291, 5152, 294, 264, 2307, 30, 50872], \"temperature\": 0.0, \"avg_logprob\": -0.24307259917259216, \"compression_ratio\": 1.699658751487732, \"no_speech_prob\": 0.08151277899742126}, {\"id\": 77, \"seek\": 8868, \"start\": 98.83999633789062, \"end\": 99.83999633789062, \"text\": \" In the city, just two months.\", \"tokens\": [50872, 682, 264, 2307, 11, 445, 732, 2493, 13, 50922], \"temperature\": 0.0, \"avg_logprob\": -0.24307259917259216, \"compression_ratio\": 1.699658751487732, \"no_speech_prob\": 0.08151277899742126}, {\"id\": 78, \"seek\": 8868, \"start\": 99.83999633789062, \"end\": 100.83999633789062, \"text\": \" Oh, okay.\", \"tokens\": [50922, 876, 11, 1392, 13, 50972], \"temperature\": 0.0, \"avg_logprob\": -0.24307259917259216, \"compression_ratio\": 1.699658751487732, \"no_speech_prob\": 0.08151277899742126}, {\"id\": 79, \"seek\": 8868, \"start\": 100.83999633789062, \"end\": 101.83999633789062, \"text\": \" Yeah.\", \"tokens\": [50972, 865, 13, 51022], \"temperature\": 0.0, \"avg_logprob\": -0.24307259917259216, \"compression_ratio\": 1.699658751487732, \"no_speech_prob\": 0.08151277899742126}, {\"id\": 80, \"seek\": 8868, \"start\": 101.83999633789062, \"end\": 102.83999633789062, \"text\": \" From where?\", \"tokens\": [51022, 3358, 689, 30, 51072], \"temperature\": 0.0, \"avg_logprob\": -0.24307259917259216, \"compression_ratio\": 1.699658751487732, \"no_speech_prob\": 0.08151277899742126}, {\"id\": 81, \"seek\": 8868, \"start\": 102.83999633789062, \"end\": 103.83999633789062, \"text\": \" I moved to...\", \"tokens\": [51072, 286, 4259, 281, 485, 51122], \"temperature\": 0.0, \"avg_logprob\": -0.24307259917259216, \"compression_ratio\": 1.699658751487732, \"no_speech_prob\": 0.08151277899742126}, {\"id\": 82, \"seek\": 8868, \"start\": 103.83999633789062, \"end\": 104.83999633789062, \"text\": \" I'm from Pennsylvania.\", \"tokens\": [51122, 286, 478, 490, 17963, 13, 51172], \"temperature\": 0.0, \"avg_logprob\": -0.24307259917259216, \"compression_ratio\": 1.699658751487732, \"no_speech_prob\": 0.08151277899742126}, {\"id\": 83, \"seek\": 8868, \"start\": 104.83999633789062, \"end\": 105.83999633789062, \"text\": \" I moved to Long Island before and then I just moved to January.\", \"tokens\": [51172, 286, 4259, 281, 8282, 7637, 949, 293, 550, 286, 445, 4259, 281, 7061, 13, 51222], \"temperature\": 0.0, \"avg_logprob\": -0.24307259917259216, \"compression_ratio\": 1.699658751487732, \"no_speech_prob\": 0.08151277899742126}, {\"id\": 84, \"seek\": 8868, \"start\": 105.83999633789062, \"end\": 106.83999633789062, \"text\": \" Okay.\", \"tokens\": [51222, 1033, 13, 51272], \"temperature\": 0.0, \"avg_logprob\": -0.24307259917259216, \"compression_ratio\": 1.699658751487732, \"no_speech_prob\": 0.08151277899742126}, {\"id\": 85, \"seek\": 8868, \"start\": 106.83999633789062, \"end\": 107.83999633789062, \"text\": \" Mm-hmm.\", \"tokens\": [51272, 8266, 12, 10250, 13, 51322], \"temperature\": 0.0, \"avg_logprob\": -0.24307259917259216, \"compression_ratio\": 1.699658751487732, \"no_speech_prob\": 0.08151277899742126}, {\"id\": 86, \"seek\": 8868, \"start\": 107.83999633789062, \"end\": 108.83999633789062, \"text\": \" My mom's from Abington.\", \"tokens\": [51322, 1222, 1225, 311, 490, 2847, 20251, 13, 51372], \"temperature\": 0.0, \"avg_logprob\": -0.24307259917259216, \"compression_ratio\": 1.699658751487732, \"no_speech_prob\": 0.08151277899742126}, {\"id\": 87, \"seek\": 8868, \"start\": 108.83999633789062, \"end\": 109.83999633789062, \"text\": \" Oh, near Philly.\", \"tokens\": [51372, 876, 11, 2651, 2623, 6917, 13, 51422], \"temperature\": 0.0, \"avg_logprob\": -0.24307259917259216, \"compression_ratio\": 1.699658751487732, \"no_speech_prob\": 0.08151277899742126}, {\"id\": 88, \"seek\": 8868, \"start\": 109.83999633789062, \"end\": 110.83999633789062, \"text\": \" Yeah.\", \"tokens\": [51422, 865, 13, 51472], \"temperature\": 0.0, \"avg_logprob\": -0.24307259917259216, \"compression_ratio\": 1.699658751487732, \"no_speech_prob\": 0.08151277899742126}, {\"id\": 89, \"seek\": 8868, \"start\": 110.83999633789062, \"end\": 111.83999633789062, \"text\": \" Yeah.\", \"tokens\": [51472, 865, 13, 51522], \"temperature\": 0.0, \"avg_logprob\": -0.24307259917259216, \"compression_ratio\": 1.699658751487732, \"no_speech_prob\": 0.08151277899742126}, {\"id\": 90, \"seek\": 8868, \"start\": 111.83999633789062, \"end\": 112.83999633789062, \"text\": \" Yeah.\", \"tokens\": [51522, 865, 13, 51572], \"temperature\": 0.0, \"avg_logprob\": -0.24307259917259216, \"compression_ratio\": 1.699658751487732, \"no_speech_prob\": 0.08151277899742126}, {\"id\": 91, \"seek\": 8868, \"start\": 112.83999633789062, \"end\": 113.83999633789062, \"text\": \" I'm like an hour...\", \"tokens\": [51572, 286, 478, 411, 364, 1773, 485, 51622], \"temperature\": 0.0, \"avg_logprob\": -0.24307259917259216, \"compression_ratio\": 1.699658751487732, \"no_speech_prob\": 0.08151277899742126}, {\"id\": 92, \"seek\": 8868, \"start\": 113.83999633789062, \"end\": 114.83999633789062, \"text\": \" Yeah.\", \"tokens\": [51622, 865, 13, 51672], \"temperature\": 0.0, \"avg_logprob\": -0.24307259917259216, \"compression_ratio\": 1.699658751487732, \"no_speech_prob\": 0.08151277899742126}, {\"id\": 93, \"seek\": 8868, \"start\": 114.83999633789062, \"end\": 115.83999633789062, \"text\": \" Yeah.\", \"tokens\": [51672, 865, 13, 51722], \"temperature\": 0.0, \"avg_logprob\": -0.24307259917259216, \"compression_ratio\": 1.699658751487732, \"no_speech_prob\": 0.08151277899742126}, {\"id\": 94, \"seek\": 8868, \"start\": 115.83999633789062, \"end\": 116.83999633789062, \"text\": \" Yeah.\", \"tokens\": [51722, 865, 13, 51772], \"temperature\": 0.0, \"avg_logprob\": -0.24307259917259216, \"compression_ratio\": 1.699658751487732, \"no_speech_prob\": 0.08151277899742126}, {\"id\": 95, \"seek\": 8868, \"start\": 116.83999633789062, \"end\": 117.83999633789062, \"text\": \" Yeah.\", \"tokens\": [51772, 865, 13, 51822], \"temperature\": 0.0, \"avg_logprob\": -0.24307259917259216, \"compression_ratio\": 1.699658751487732, \"no_speech_prob\": 0.08151277899742126}, {\"id\": 96, \"seek\": 11784, \"start\": 118.0, \"end\": 121.0, \"text\": \" I'm like an hour northeast of there.\", \"tokens\": [50372, 286, 478, 411, 364, 1773, 40984, 295, 456, 13, 50522], \"temperature\": 0.0, \"avg_logprob\": -0.17838160693645477, \"compression_ratio\": 1.611764669418335, \"no_speech_prob\": 0.4608868956565857}, {\"id\": 97, \"seek\": 11784, \"start\": 121.0, \"end\": 122.0, \"text\": \" Okay.\", \"tokens\": [50522, 1033, 13, 50572], \"temperature\": 0.0, \"avg_logprob\": -0.17838160693645477, \"compression_ratio\": 1.611764669418335, \"no_speech_prob\": 0.4608868956565857}, {\"id\": 98, \"seek\": 11784, \"start\": 122.0, \"end\": 123.0, \"text\": \" So close to Jersey?\", \"tokens\": [50572, 407, 1998, 281, 16601, 30, 50622], \"temperature\": 0.0, \"avg_logprob\": -0.17838160693645477, \"compression_ratio\": 1.611764669418335, \"no_speech_prob\": 0.4608868956565857}, {\"id\": 99, \"seek\": 11784, \"start\": 123.0, \"end\": 124.0, \"text\": \" Yeah.\", \"tokens\": [50622, 865, 13, 50672], \"temperature\": 0.0, \"avg_logprob\": -0.17838160693645477, \"compression_ratio\": 1.611764669418335, \"no_speech_prob\": 0.4608868956565857}, {\"id\": 100, \"seek\": 11784, \"start\": 124.0, \"end\": 125.0, \"text\": \" Yeah.\", \"tokens\": [50672, 865, 13, 50722], \"temperature\": 0.0, \"avg_logprob\": -0.17838160693645477, \"compression_ratio\": 1.611764669418335, \"no_speech_prob\": 0.4608868956565857}, {\"id\": 101, \"seek\": 11784, \"start\": 125.0, \"end\": 126.0, \"text\": \" Oh.\", \"tokens\": [50722, 876, 13, 50772], \"temperature\": 0.0, \"avg_logprob\": -0.17838160693645477, \"compression_ratio\": 1.611764669418335, \"no_speech_prob\": 0.4608868956565857}, {\"id\": 102, \"seek\": 11784, \"start\": 126.0, \"end\": 127.0, \"text\": \" So I won't make the office joke, I promise.\", \"tokens\": [50772, 407, 286, 1582, 380, 652, 264, 3398, 7647, 11, 286, 6228, 13, 50822], \"temperature\": 0.0, \"avg_logprob\": -0.17838160693645477, \"compression_ratio\": 1.611764669418335, \"no_speech_prob\": 0.4608868956565857}, {\"id\": 103, \"seek\": 11784, \"start\": 127.0, \"end\": 128.0, \"text\": \" Don't.\", \"tokens\": [50822, 1468, 380, 13, 50872], \"temperature\": 0.0, \"avg_logprob\": -0.17838160693645477, \"compression_ratio\": 1.611764669418335, \"no_speech_prob\": 0.4608868956565857}, {\"id\": 104, \"seek\": 11784, \"start\": 128.0, \"end\": 129.0, \"text\": \" How is Scranton?\", \"tokens\": [50872, 1012, 307, 2747, 7541, 266, 30, 50922], \"temperature\": 0.0, \"avg_logprob\": -0.17838160693645477, \"compression_ratio\": 1.611764669418335, \"no_speech_prob\": 0.4608868956565857}, {\"id\": 105, \"seek\": 11784, \"start\": 129.0, \"end\": 130.0, \"text\": \" Good.\", \"tokens\": [50922, 2205, 13, 50972], \"temperature\": 0.0, \"avg_logprob\": -0.17838160693645477, \"compression_ratio\": 1.611764669418335, \"no_speech_prob\": 0.4608868956565857}, {\"id\": 106, \"seek\": 11784, \"start\": 130.0, \"end\": 131.0, \"text\": \" Yeah?\", \"tokens\": [50972, 865, 30, 51022], \"temperature\": 0.0, \"avg_logprob\": -0.17838160693645477, \"compression_ratio\": 1.611764669418335, \"no_speech_prob\": 0.4608868956565857}, {\"id\": 107, \"seek\": 11784, \"start\": 131.0, \"end\": 132.0, \"text\": \" Mm-hmm.\", \"tokens\": [51022, 8266, 12, 10250, 13, 51072], \"temperature\": 0.0, \"avg_logprob\": -0.17838160693645477, \"compression_ratio\": 1.611764669418335, \"no_speech_prob\": 0.4608868956565857}, {\"id\": 108, \"seek\": 11784, \"start\": 132.0, \"end\": 133.0, \"text\": \" It seems like there was...\", \"tokens\": [51072, 467, 2544, 411, 456, 390, 485, 51122], \"temperature\": 0.0, \"avg_logprob\": -0.17838160693645477, \"compression_ratio\": 1.611764669418335, \"no_speech_prob\": 0.4608868956565857}, {\"id\": 109, \"seek\": 11784, \"start\": 133.0, \"end\": 136.0, \"text\": \" I went up to like a ski resort close to there in the Poconos.\", \"tokens\": [51122, 286, 1437, 493, 281, 411, 257, 14274, 19606, 1998, 281, 456, 294, 264, 430, 905, 50059, 13, 51272], \"temperature\": 0.0, \"avg_logprob\": -0.17838160693645477, \"compression_ratio\": 1.611764669418335, \"no_speech_prob\": 0.4608868956565857}, {\"id\": 110, \"seek\": 11784, \"start\": 136.0, \"end\": 137.0, \"text\": \" Yeah.\", \"tokens\": [51272, 865, 13, 51322], \"temperature\": 0.0, \"avg_logprob\": -0.17838160693645477, \"compression_ratio\": 1.611764669418335, \"no_speech_prob\": 0.4608868956565857}, {\"id\": 111, \"seek\": 11784, \"start\": 137.0, \"end\": 138.0, \"text\": \" Do you ski?\", \"tokens\": [51322, 1144, 291, 14274, 30, 51372], \"temperature\": 0.0, \"avg_logprob\": -0.17838160693645477, \"compression_ratio\": 1.611764669418335, \"no_speech_prob\": 0.4608868956565857}, {\"id\": 112, \"seek\": 11784, \"start\": 138.0, \"end\": 139.0, \"text\": \" No.\", \"tokens\": [51372, 883, 13, 51422], \"temperature\": 0.0, \"avg_logprob\": -0.17838160693645477, \"compression_ratio\": 1.611764669418335, \"no_speech_prob\": 0.4608868956565857}, {\"id\": 113, \"seek\": 11784, \"start\": 139.0, \"end\": 140.0, \"text\": \" No.\", \"tokens\": [51422, 883, 13, 51472], \"temperature\": 0.0, \"avg_logprob\": -0.17838160693645477, \"compression_ratio\": 1.611764669418335, \"no_speech_prob\": 0.4608868956565857}, {\"id\": 114, \"seek\": 11784, \"start\": 140.0, \"end\": 141.0, \"text\": \" I've done it like five times.\", \"tokens\": [51472, 286, 600, 1096, 309, 411, 1732, 1413, 13, 51522], \"temperature\": 0.0, \"avg_logprob\": -0.17838160693645477, \"compression_ratio\": 1.611764669418335, \"no_speech_prob\": 0.4608868956565857}, {\"id\": 115, \"seek\": 11784, \"start\": 141.0, \"end\": 142.0, \"text\": \" Yeah.\", \"tokens\": [51522, 865, 13, 51572], \"temperature\": 0.0, \"avg_logprob\": -0.17838160693645477, \"compression_ratio\": 1.611764669418335, \"no_speech_prob\": 0.4608868956565857}, {\"id\": 116, \"seek\": 11784, \"start\": 142.0, \"end\": 143.0, \"text\": \" I should ski more often though.\", \"tokens\": [51572, 286, 820, 14274, 544, 2049, 1673, 13, 51622], \"temperature\": 0.0, \"avg_logprob\": -0.17838160693645477, \"compression_ratio\": 1.611764669418335, \"no_speech_prob\": 0.4608868956565857}, {\"id\": 117, \"seek\": 11784, \"start\": 143.0, \"end\": 144.0, \"text\": \" Yeah, it's fun.\", \"tokens\": [51622, 865, 11, 309, 311, 1019, 13, 51672], \"temperature\": 0.0, \"avg_logprob\": -0.17838160693645477, \"compression_ratio\": 1.611764669418335, \"no_speech_prob\": 0.4608868956565857}, {\"id\": 118, \"seek\": 11784, \"start\": 144.0, \"end\": 145.0, \"text\": \" Yeah.\", \"tokens\": [51672, 865, 13, 51722], \"temperature\": 0.0, \"avg_logprob\": -0.17838160693645477, \"compression_ratio\": 1.611764669418335, \"no_speech_prob\": 0.4608868956565857}, {\"id\": 119, \"seek\": 11784, \"start\": 145.0, \"end\": 146.0, \"text\": \" I don't know.\", \"tokens\": [51722, 286, 500, 380, 458, 13, 51772], \"temperature\": 0.0, \"avg_logprob\": -0.17838160693645477, \"compression_ratio\": 1.611764669418335, \"no_speech_prob\": 0.4608868956565857}, {\"id\": 120, \"seek\": 11784, \"start\": 146.0, \"end\": 147.0, \"text\": \" What are you up to today?\", \"tokens\": [51772, 708, 366, 291, 493, 281, 965, 30, 51822], \"temperature\": 0.0, \"avg_logprob\": -0.17838160693645477, \"compression_ratio\": 1.611764669418335, \"no_speech_prob\": 0.4608868956565857}, {\"id\": 121, \"seek\": 14700, \"start\": 147.16000366210938, \"end\": 148.16000366210938, \"text\": \" I'm heading home.\", \"tokens\": [50372, 286, 478, 9864, 1280, 13, 50422], \"temperature\": 0.0, \"avg_logprob\": -0.21999803185462952, \"compression_ratio\": 1.8994975090026855, \"no_speech_prob\": 0.25678154826164246}, {\"id\": 122, \"seek\": 14700, \"start\": 148.16000366210938, \"end\": 149.16000366210938, \"text\": \" Yeah.\", \"tokens\": [50422, 865, 13, 50472], \"temperature\": 0.0, \"avg_logprob\": -0.21999803185462952, \"compression_ratio\": 1.8994975090026855, \"no_speech_prob\": 0.25678154826164246}, {\"id\": 123, \"seek\": 14700, \"start\": 149.16000366210938, \"end\": 150.16000366210938, \"text\": \" All right.\", \"tokens\": [50472, 1057, 558, 13, 50522], \"temperature\": 0.0, \"avg_logprob\": -0.21999803185462952, \"compression_ratio\": 1.8994975090026855, \"no_speech_prob\": 0.25678154826164246}, {\"id\": 124, \"seek\": 14700, \"start\": 150.16000366210938, \"end\": 151.16000366210938, \"text\": \" Well, I won't keep you.\", \"tokens\": [50522, 1042, 11, 286, 1582, 380, 1066, 291, 13, 50572], \"temperature\": 0.0, \"avg_logprob\": -0.21999803185462952, \"compression_ratio\": 1.8994975090026855, \"no_speech_prob\": 0.25678154826164246}, {\"id\": 125, \"seek\": 14700, \"start\": 151.16000366210938, \"end\": 152.16000366210938, \"text\": \" How about this?\", \"tokens\": [50572, 1012, 466, 341, 30, 50622], \"temperature\": 0.0, \"avg_logprob\": -0.21999803185462952, \"compression_ratio\": 1.8994975090026855, \"no_speech_prob\": 0.25678154826164246}, {\"id\": 126, \"seek\": 14700, \"start\": 152.16000366210938, \"end\": 154.52000427246094, \"text\": \" You give me your number and if you're not feeling the love connection, give me a fake\", \"tokens\": [50622, 509, 976, 385, 428, 1230, 293, 498, 291, 434, 406, 2633, 264, 959, 4984, 11, 976, 385, 257, 7592, 50740], \"temperature\": 0.0, \"avg_logprob\": -0.21999803185462952, \"compression_ratio\": 1.8994975090026855, \"no_speech_prob\": 0.25678154826164246}, {\"id\": 127, \"seek\": 14700, \"start\": 154.52000427246094, \"end\": 155.52000427246094, \"text\": \" one.\", \"tokens\": [50740, 472, 13, 50790], \"temperature\": 0.0, \"avg_logprob\": -0.21999803185462952, \"compression_ratio\": 1.8994975090026855, \"no_speech_prob\": 0.25678154826164246}, {\"id\": 128, \"seek\": 14700, \"start\": 155.52000427246094, \"end\": 156.52000427246094, \"text\": \" I'll never know the difference.\", \"tokens\": [50790, 286, 603, 1128, 458, 264, 2649, 13, 50840], \"temperature\": 0.0, \"avg_logprob\": -0.21999803185462952, \"compression_ratio\": 1.8994975090026855, \"no_speech_prob\": 0.25678154826164246}, {\"id\": 129, \"seek\": 14700, \"start\": 156.52000427246094, \"end\": 157.52000427246094, \"text\": \" All right.\", \"tokens\": [50840, 1057, 558, 13, 50890], \"temperature\": 0.0, \"avg_logprob\": -0.21999803185462952, \"compression_ratio\": 1.8994975090026855, \"no_speech_prob\": 0.25678154826164246}, {\"id\": 130, \"seek\": 14700, \"start\": 157.52000427246094, \"end\": 158.52000427246094, \"text\": \" Sure.\", \"tokens\": [50890, 4894, 13, 50940], \"temperature\": 0.0, \"avg_logprob\": -0.21999803185462952, \"compression_ratio\": 1.8994975090026855, \"no_speech_prob\": 0.25678154826164246}, {\"id\": 131, \"seek\": 14700, \"start\": 158.52000427246094, \"end\": 159.52000427246094, \"text\": \" Yeah.\", \"tokens\": [50940, 865, 13, 50990], \"temperature\": 0.0, \"avg_logprob\": -0.21999803185462952, \"compression_ratio\": 1.8994975090026855, \"no_speech_prob\": 0.25678154826164246}, {\"id\": 132, \"seek\": 14700, \"start\": 159.52000427246094, \"end\": 160.52000427246094, \"text\": \" Do you have a free hand?\", \"tokens\": [50990, 1144, 291, 362, 257, 1737, 1011, 30, 51040], \"temperature\": 0.0, \"avg_logprob\": -0.21999803185462952, \"compression_ratio\": 1.8994975090026855, \"no_speech_prob\": 0.25678154826164246}, {\"id\": 133, \"seek\": 14700, \"start\": 160.52000427246094, \"end\": 161.52000427246094, \"text\": \" I do.\", \"tokens\": [51040, 286, 360, 13, 51090], \"temperature\": 0.0, \"avg_logprob\": -0.21999803185462952, \"compression_ratio\": 1.8994975090026855, \"no_speech_prob\": 0.25678154826164246}, {\"id\": 134, \"seek\": 14700, \"start\": 161.52000427246094, \"end\": 162.52000427246094, \"text\": \" All right.\", \"tokens\": [51090, 1057, 558, 13, 51140], \"temperature\": 0.0, \"avg_logprob\": -0.21999803185462952, \"compression_ratio\": 1.8994975090026855, \"no_speech_prob\": 0.25678154826164246}, {\"id\": 135, \"seek\": 14700, \"start\": 162.52000427246094, \"end\": 163.52000427246094, \"text\": \" There you go.\", \"tokens\": [51140, 821, 291, 352, 13, 51190], \"temperature\": 0.0, \"avg_logprob\": -0.21999803185462952, \"compression_ratio\": 1.8994975090026855, \"no_speech_prob\": 0.25678154826164246}, {\"id\": 136, \"seek\": 14700, \"start\": 163.52000427246094, \"end\": 164.52000427246094, \"text\": \" There you go.\", \"tokens\": [51190, 821, 291, 352, 13, 51240], \"temperature\": 0.0, \"avg_logprob\": -0.21999803185462952, \"compression_ratio\": 1.8994975090026855, \"no_speech_prob\": 0.25678154826164246}, {\"id\": 137, \"seek\": 14700, \"start\": 164.52000427246094, \"end\": 165.52000427246094, \"text\": \" The real one.\", \"tokens\": [51240, 440, 957, 472, 13, 51290], \"temperature\": 0.0, \"avg_logprob\": -0.21999803185462952, \"compression_ratio\": 1.8994975090026855, \"no_speech_prob\": 0.25678154826164246}, {\"id\": 138, \"seek\": 14700, \"start\": 165.52000427246094, \"end\": 166.52000427246094, \"text\": \" The real one.\", \"tokens\": [51290, 440, 957, 472, 13, 51340], \"temperature\": 0.0, \"avg_logprob\": -0.21999803185462952, \"compression_ratio\": 1.8994975090026855, \"no_speech_prob\": 0.25678154826164246}, {\"id\": 139, \"seek\": 14700, \"start\": 166.52000427246094, \"end\": 167.52000427246094, \"text\": \" Yeah.\", \"tokens\": [51340, 865, 13, 51390], \"temperature\": 0.0, \"avg_logprob\": -0.21999803185462952, \"compression_ratio\": 1.8994975090026855, \"no_speech_prob\": 0.25678154826164246}, {\"id\": 140, \"seek\": 14700, \"start\": 167.52000427246094, \"end\": 168.52000427246094, \"text\": \" Yeah.\", \"tokens\": [51390, 865, 13, 51440], \"temperature\": 0.0, \"avg_logprob\": -0.21999803185462952, \"compression_ratio\": 1.8994975090026855, \"no_speech_prob\": 0.25678154826164246}, {\"id\": 141, \"seek\": 14700, \"start\": 168.52000427246094, \"end\": 169.52000427246094, \"text\": \" Yeah.\", \"tokens\": [51440, 865, 13, 51490], \"temperature\": 0.0, \"avg_logprob\": -0.21999803185462952, \"compression_ratio\": 1.8994975090026855, \"no_speech_prob\": 0.25678154826164246}, {\"id\": 142, \"seek\": 14700, \"start\": 169.52000427246094, \"end\": 170.52000427246094, \"text\": \" Yeah.\", \"tokens\": [51490, 865, 13, 51540], \"temperature\": 0.0, \"avg_logprob\": -0.21999803185462952, \"compression_ratio\": 1.8994975090026855, \"no_speech_prob\": 0.25678154826164246}, {\"id\": 143, \"seek\": 14700, \"start\": 170.52000427246094, \"end\": 171.52000427246094, \"text\": \" Yeah.\", \"tokens\": [51540, 865, 13, 51590], \"temperature\": 0.0, \"avg_logprob\": -0.21999803185462952, \"compression_ratio\": 1.8994975090026855, \"no_speech_prob\": 0.25678154826164246}, {\"id\": 144, \"seek\": 14700, \"start\": 171.52000427246094, \"end\": 172.52000427246094, \"text\": \" Yeah.\", \"tokens\": [51590, 865, 13, 51640], \"temperature\": 0.0, \"avg_logprob\": -0.21999803185462952, \"compression_ratio\": 1.8994975090026855, \"no_speech_prob\": 0.25678154826164246}, {\"id\": 145, \"seek\": 14700, \"start\": 172.52000427246094, \"end\": 173.52000427246094, \"text\": \" Yeah.\", \"tokens\": [51640, 865, 13, 51690], \"temperature\": 0.0, \"avg_logprob\": -0.21999803185462952, \"compression_ratio\": 1.8994975090026855, \"no_speech_prob\": 0.25678154826164246}, {\"id\": 146, \"seek\": 14700, \"start\": 173.52000427246094, \"end\": 174.52000427246094, \"text\": \" Yeah.\", \"tokens\": [51690, 865, 13, 51740], \"temperature\": 0.0, \"avg_logprob\": -0.21999803185462952, \"compression_ratio\": 1.8994975090026855, \"no_speech_prob\": 0.25678154826164246}, {\"id\": 147, \"seek\": 14700, \"start\": 174.52000427246094, \"end\": 175.52000427246094, \"text\": \" Yeah.\", \"tokens\": [51740, 865, 13, 51790], \"temperature\": 0.0, \"avg_logprob\": -0.21999803185462952, \"compression_ratio\": 1.8994975090026855, \"no_speech_prob\": 0.25678154826164246}, {\"id\": 148, \"seek\": 14700, \"start\": 175.52000427246094, \"end\": 176.52000427246094, \"text\": \" Yeah.\", \"tokens\": [51790, 865, 13, 51840], \"temperature\": 0.0, \"avg_logprob\": -0.21999803185462952, \"compression_ratio\": 1.8994975090026855, \"no_speech_prob\": 0.25678154826164246}, {\"id\": 149, \"seek\": 17652, \"start\": 177.0399932861328, \"end\": 178.0399932861328, \"text\": \" Thanks, Allie.\", \"tokens\": [50390, 2561, 11, 1057, 414, 13, 50440], \"temperature\": 0.0, \"avg_logprob\": -0.2936243712902069, \"compression_ratio\": 0.9857142567634583, \"no_speech_prob\": 0.4025351405143738}, {\"id\": 150, \"seek\": 17652, \"start\": 178.0399932861328, \"end\": 179.0399932861328, \"text\": \" All right, take care.\", \"tokens\": [50440, 1057, 558, 11, 747, 1127, 13, 50490], \"temperature\": 0.0, \"avg_logprob\": -0.2936243712902069, \"compression_ratio\": 0.9857142567634583, \"no_speech_prob\": 0.4025351405143738}, {\"id\": 151, \"seek\": 17652, \"start\": 179.0399932861328, \"end\": 180.0399932861328, \"text\": \" I'll text you.\", \"tokens\": [50490, 286, 603, 2487, 291, 13, 50540], \"temperature\": 0.0, \"avg_logprob\": -0.2936243712902069, \"compression_ratio\": 0.9857142567634583, \"no_speech_prob\": 0.4025351405143738}, {\"id\": 152, \"seek\": 17652, \"start\": 180.0399932861328, \"end\": 180.0399932861328, \"text\": \"\", \"tokens\": [], \"temperature\": 0.0, \"avg_logprob\": -0.2936243712902069, \"compression_ratio\": 0.9857142567634583, \"no_speech_prob\": 0.4025351405143738, \"words\": []}]}"}