{"title": "If you approach a woman and fail to employ this strategy with her friend you will ultimately fail!", "video_id": "_LLHBLekXXY", "video_url": "https://www.youtube.com/watch?v=_LLHBLekXXY", "description": "", "published_at": "2023-06-28T19:33:27Z", "channel_id": "UC0O-ohYDF4P66HW9XJ4Us8w", "channel_title": "Robbie Kramer", "tags": [], "category_id": "24", "live_broadcast_content": "none", "duration": 34.0, "dimension": "2d", "definition": "hd", "caption": "false", "view_count": 469, "like_count": 5, "comment_count": 0, "channel_info": {"title": "Robbie Kramer", "description": "I'm Robbie Kramer \ud83c\udf99Host of The Inner Confidence Podcast & Founder of Inner Confidence, Inc.\n\nI lived an exhilarating single life filled with adventures and lessons, and ultimately achieved what I had always aspired to \u2013 finding an amazing, feminine, and loving wife. \n\nI believe my experiences provide a rare balance of wild freedom and committed love, equipping me with the insights to help you navigate the complexities of dating and relationships in today's world. Let me guide you to embrace your desires, improve your social prowess, and ultimately attract the partner who aligns with your highest aspirations.\n\nYou won\u2019t find any fluffy, new-age, or cringy stuff here, just tested, proven and actionable advice that yields results.\n\nApply to join our exclusive Inner Confidence Community of ambitious men who are actively working together to achieve their goals faster   \u25ba https://innerconfidence.com/community\n\nYou can email me at robbie@innerconfidence.com with any questions or comments.\n", "subscriber_count": "1270", "total_views": "604693", "total_videos": "470"}, "comments": [], "file_path": "/Users/aelaguiz/workspace/fc_book/audio/raws/_LLHBLekXXY.mp3", "transcription": "{\"text\": \"Your friend included. Bye. I love you. And he's doing a great job of using the friend of the wingman. He's checking in with her. Yes, and it's just like important to speak to a friend because if the friend doesn't like the situation, she will just say, okay, we need to leave, right? So you need to invest in the friend a little bit to keep her interested. Yeah, it's so important because if you just direct all of your attention to the girl you like, the other friend is going to feel upset and she's going to cock-block. He acknowledged that she's sexy. He's doing a really good job of getting her on his team and making her feel good too. \", \"segments\": [{\"id\": 0, \"seek\": 0, \"start\": 0.0, \"end\": 1.0, \"text\": \" Your friend included.\", \"tokens\": [50364, 2260, 1277, 5556, 13, 50414], \"temperature\": 0.0, \"avg_logprob\": -0.3914206624031067, \"compression_ratio\": 1.7961164712905884, \"no_speech_prob\": 0.49011877179145813}, {\"id\": 1, \"seek\": 0, \"start\": 1.0, \"end\": 2.0, \"text\": \" Bye.\", \"tokens\": [50414, 4621, 13, 50464], \"temperature\": 0.0, \"avg_logprob\": -0.3914206624031067, \"compression_ratio\": 1.7961164712905884, \"no_speech_prob\": 0.49011877179145813}, {\"id\": 2, \"seek\": 0, \"start\": 2.0, \"end\": 3.0, \"text\": \" I love you.\", \"tokens\": [50464, 286, 959, 291, 13, 50514], \"temperature\": 0.0, \"avg_logprob\": -0.3914206624031067, \"compression_ratio\": 1.7961164712905884, \"no_speech_prob\": 0.49011877179145813}, {\"id\": 3, \"seek\": 0, \"start\": 3.0, \"end\": 8.479999542236328, \"text\": \" And he's doing a great job of using the friend of the wingman.\", \"tokens\": [50514, 400, 415, 311, 884, 257, 869, 1691, 295, 1228, 264, 1277, 295, 264, 11162, 1601, 13, 50788], \"temperature\": 0.0, \"avg_logprob\": -0.3914206624031067, \"compression_ratio\": 1.7961164712905884, \"no_speech_prob\": 0.49011877179145813}, {\"id\": 4, \"seek\": 0, \"start\": 8.479999542236328, \"end\": 9.479999542236328, \"text\": \" He's checking in with her.\", \"tokens\": [50788, 634, 311, 8568, 294, 365, 720, 13, 50838], \"temperature\": 0.0, \"avg_logprob\": -0.3914206624031067, \"compression_ratio\": 1.7961164712905884, \"no_speech_prob\": 0.49011877179145813}, {\"id\": 5, \"seek\": 0, \"start\": 9.479999542236328, \"end\": 13.520000457763672, \"text\": \" Yes, and it's just like important to speak to a friend because if the friend doesn't\", \"tokens\": [50838, 1079, 11, 293, 309, 311, 445, 411, 1021, 281, 1710, 281, 257, 1277, 570, 498, 264, 1277, 1177, 380, 51040], \"temperature\": 0.0, \"avg_logprob\": -0.3914206624031067, \"compression_ratio\": 1.7961164712905884, \"no_speech_prob\": 0.49011877179145813}, {\"id\": 6, \"seek\": 0, \"start\": 13.520000457763672, \"end\": 16.040000915527344, \"text\": \" like the situation, she will just say, okay, we need to leave, right?\", \"tokens\": [51040, 411, 264, 2590, 11, 750, 486, 445, 584, 11, 1392, 11, 321, 643, 281, 1856, 11, 558, 30, 51166], \"temperature\": 0.0, \"avg_logprob\": -0.3914206624031067, \"compression_ratio\": 1.7961164712905884, \"no_speech_prob\": 0.49011877179145813}, {\"id\": 7, \"seek\": 0, \"start\": 16.040000915527344, \"end\": 19.399999618530273, \"text\": \" So you need to invest in the friend a little bit to keep her interested.\", \"tokens\": [51166, 407, 291, 643, 281, 1963, 294, 264, 1277, 257, 707, 857, 281, 1066, 720, 3102, 13, 51334], \"temperature\": 0.0, \"avg_logprob\": -0.3914206624031067, \"compression_ratio\": 1.7961164712905884, \"no_speech_prob\": 0.49011877179145813}, {\"id\": 8, \"seek\": 0, \"start\": 19.399999618530273, \"end\": 22.239999771118164, \"text\": \" Yeah, it's so important because if you just direct all of your attention to the girl you\", \"tokens\": [51334, 865, 11, 309, 311, 370, 1021, 570, 498, 291, 445, 2047, 439, 295, 428, 3202, 281, 264, 2013, 291, 51476], \"temperature\": 0.0, \"avg_logprob\": -0.3914206624031067, \"compression_ratio\": 1.7961164712905884, \"no_speech_prob\": 0.49011877179145813}, {\"id\": 9, \"seek\": 0, \"start\": 22.239999771118164, \"end\": 27.959999084472656, \"text\": \" like, the other friend is going to feel upset and she's going to cock-block.\", \"tokens\": [51476, 411, 11, 264, 661, 1277, 307, 516, 281, 841, 8340, 293, 750, 311, 516, 281, 11241, 12, 28830, 13, 51762], \"temperature\": 0.0, \"avg_logprob\": -0.3914206624031067, \"compression_ratio\": 1.7961164712905884, \"no_speech_prob\": 0.49011877179145813}, {\"id\": 10, \"seek\": 0, \"start\": 27.959999084472656, \"end\": 29.559999465942383, \"text\": \" He acknowledged that she's sexy.\", \"tokens\": [51762, 634, 27262, 300, 750, 311, 13701, 13, 51842], \"temperature\": 0.0, \"avg_logprob\": -0.3914206624031067, \"compression_ratio\": 1.7961164712905884, \"no_speech_prob\": 0.49011877179145813}, {\"id\": 11, \"seek\": 2956, \"start\": 29.559999465942383, \"end\": 33.0, \"text\": \" He's doing a really good job of getting her on his team and making her feel good too.\", \"tokens\": [50364, 634, 311, 884, 257, 534, 665, 1691, 295, 1242, 720, 322, 702, 1469, 293, 1455, 720, 841, 665, 886, 13, 50536], \"temperature\": 0.0, \"avg_logprob\": -0.2169318050146103, \"compression_ratio\": 1.1333333253860474, \"no_speech_prob\": 0.5579589605331421}]}"}