{"title": "How to Leave a Lasting Impression on Door People and Get Valuable Advice", "video_id": "_XEc-VN0ykU", "video_url": "https://www.youtube.com/watch?v=_XEc-VN0ykU", "description": "", "published_at": "2023-12-20T22:00:26Z", "channel_id": "UC0O-ohYDF4P66HW9XJ4Us8w", "channel_title": "Robbie Kramer", "tags": [], "category_id": "24", "live_broadcast_content": "none", "duration": 53.0, "dimension": "2d", "definition": "hd", "caption": "false", "view_count": 291, "like_count": 1, "comment_count": 0, "channel_info": {"title": "Robbie Kramer", "description": "I'm Robbie Kramer \ud83c\udf99Host of The Inner Confidence Podcast & Founder of Inner Confidence, Inc.\n\nI lived an exhilarating single life filled with adventures and lessons, and ultimately achieved what I had always aspired to \u2013 finding an amazing, feminine, and loving wife. \n\nI believe my experiences provide a rare balance of wild freedom and committed love, equipping me with the insights to help you navigate the complexities of dating and relationships in today's world. Let me guide you to embrace your desires, improve your social prowess, and ultimately attract the partner who aligns with your highest aspirations.\n\nYou won\u2019t find any fluffy, new-age, or cringy stuff here, just tested, proven and actionable advice that yields results.\n\nApply to join our exclusive Inner Confidence Community of ambitious men who are actively working together to achieve their goals faster   \u25ba https://innerconfidence.com/community\n\nYou can email me at robbie@innerconfidence.com with any questions or comments.\n", "subscriber_count": "1270", "total_views": "604693", "total_videos": "470"}, "comments": [], "file_path": "/Users/aelaguiz/workspace/fc_book/audio/raws/_XEc-VN0ykU.mp3", "transcription": "{\"text\": \"I think one thing I want to work on refining is like this art or the skill of kind of working with door people building that really because like, it's one thing to kind of know their name and exchange a few back and forth or whatever. But I think it's another thing to, I guess, one, make an impression and to kind of extract the right sort of information and the right sort of way. So that's one thing. Well, anytime you ask people for advice, they people love to give advice, right? Because they get to feel smart and savvy and all those things. And then you give them money afterwards, which they're not expecting that they're going to really love that, too. The other thing I like to do with door guys, depending on the situation, is like, I'll ask them what they like to drink and I'll bring them a drink. And even though they might not be able to drink it, like on the street, I'll like, Hey, I left your drink like right there. Right. And I'll buy him. I'll buy him drinks. And they they fucking love that.  \", \"segments\": [{\"id\": 0, \"seek\": 0, \"start\": 0.0, \"end\": 6.28000020980835, \"text\": \" I think one thing I want to work on refining is like this art or the skill of kind of working\", \"tokens\": [50364, 286, 519, 472, 551, 286, 528, 281, 589, 322, 1895, 1760, 307, 411, 341, 1523, 420, 264, 5389, 295, 733, 295, 1364, 50678], \"temperature\": 0.0, \"avg_logprob\": -0.30507028102874756, \"compression_ratio\": 1.7992565631866455, \"no_speech_prob\": 0.02716045454144478}, {\"id\": 1, \"seek\": 0, \"start\": 6.28000020980835, \"end\": 9.119999885559082, \"text\": \" with door people building that really because like, it's one thing to kind of know their\", \"tokens\": [50678, 365, 2853, 561, 2390, 300, 534, 570, 411, 11, 309, 311, 472, 551, 281, 733, 295, 458, 641, 50820], \"temperature\": 0.0, \"avg_logprob\": -0.30507028102874756, \"compression_ratio\": 1.7992565631866455, \"no_speech_prob\": 0.02716045454144478}, {\"id\": 2, \"seek\": 0, \"start\": 9.119999885559082, \"end\": 11.479999542236328, \"text\": \" name and exchange a few back and forth or whatever.\", \"tokens\": [50820, 1315, 293, 7742, 257, 1326, 646, 293, 5220, 420, 2035, 13, 50938], \"temperature\": 0.0, \"avg_logprob\": -0.30507028102874756, \"compression_ratio\": 1.7992565631866455, \"no_speech_prob\": 0.02716045454144478}, {\"id\": 3, \"seek\": 0, \"start\": 11.479999542236328, \"end\": 19.1200008392334, \"text\": \" But I think it's another thing to, I guess, one, make an impression and to kind of extract\", \"tokens\": [50938, 583, 286, 519, 309, 311, 1071, 551, 281, 11, 286, 2041, 11, 472, 11, 652, 364, 9995, 293, 281, 733, 295, 8947, 51320], \"temperature\": 0.0, \"avg_logprob\": -0.30507028102874756, \"compression_ratio\": 1.7992565631866455, \"no_speech_prob\": 0.02716045454144478}, {\"id\": 4, \"seek\": 0, \"start\": 19.1200008392334, \"end\": 21.979999542236328, \"text\": \" the right sort of information and the right sort of way.\", \"tokens\": [51320, 264, 558, 1333, 295, 1589, 293, 264, 558, 1333, 295, 636, 13, 51463], \"temperature\": 0.0, \"avg_logprob\": -0.30507028102874756, \"compression_ratio\": 1.7992565631866455, \"no_speech_prob\": 0.02716045454144478}, {\"id\": 5, \"seek\": 0, \"start\": 21.979999542236328, \"end\": 22.979999542236328, \"text\": \" So that's one thing.\", \"tokens\": [51463, 407, 300, 311, 472, 551, 13, 51513], \"temperature\": 0.0, \"avg_logprob\": -0.30507028102874756, \"compression_ratio\": 1.7992565631866455, \"no_speech_prob\": 0.02716045454144478}, {\"id\": 6, \"seek\": 0, \"start\": 22.979999542236328, \"end\": 26.959999084472656, \"text\": \" Well, anytime you ask people for advice, they people love to give advice, right?\", \"tokens\": [51513, 1042, 11, 13038, 291, 1029, 561, 337, 5192, 11, 436, 561, 959, 281, 976, 5192, 11, 558, 30, 51712], \"temperature\": 0.0, \"avg_logprob\": -0.30507028102874756, \"compression_ratio\": 1.7992565631866455, \"no_speech_prob\": 0.02716045454144478}, {\"id\": 7, \"seek\": 2696, \"start\": 26.959999084472656, \"end\": 30.399999618530273, \"text\": \" Because they get to feel smart and savvy and all those things.\", \"tokens\": [50364, 1436, 436, 483, 281, 841, 4069, 293, 47506, 293, 439, 729, 721, 13, 50536], \"temperature\": 0.0, \"avg_logprob\": -0.30633485317230225, \"compression_ratio\": 1.9065743684768677, \"no_speech_prob\": 0.07805279642343521}, {\"id\": 8, \"seek\": 2696, \"start\": 30.399999618530273, \"end\": 33.7599983215332, \"text\": \" And then you give them money afterwards, which they're not expecting that they're going to\", \"tokens\": [50536, 400, 550, 291, 976, 552, 1460, 10543, 11, 597, 436, 434, 406, 9650, 300, 436, 434, 516, 281, 50704], \"temperature\": 0.0, \"avg_logprob\": -0.30633485317230225, \"compression_ratio\": 1.9065743684768677, \"no_speech_prob\": 0.07805279642343521}, {\"id\": 9, \"seek\": 2696, \"start\": 33.7599983215332, \"end\": 34.7599983215332, \"text\": \" really love that, too.\", \"tokens\": [50704, 534, 959, 300, 11, 886, 13, 50754], \"temperature\": 0.0, \"avg_logprob\": -0.30633485317230225, \"compression_ratio\": 1.9065743684768677, \"no_speech_prob\": 0.07805279642343521}, {\"id\": 10, \"seek\": 2696, \"start\": 34.7599983215332, \"end\": 39.560001373291016, \"text\": \" The other thing I like to do with door guys, depending on the situation, is like, I'll\", \"tokens\": [50754, 440, 661, 551, 286, 411, 281, 360, 365, 2853, 1074, 11, 5413, 322, 264, 2590, 11, 307, 411, 11, 286, 603, 50994], \"temperature\": 0.0, \"avg_logprob\": -0.30633485317230225, \"compression_ratio\": 1.9065743684768677, \"no_speech_prob\": 0.07805279642343521}, {\"id\": 11, \"seek\": 2696, \"start\": 39.560001373291016, \"end\": 42.400001525878906, \"text\": \" ask them what they like to drink and I'll bring them a drink.\", \"tokens\": [50994, 1029, 552, 437, 436, 411, 281, 2822, 293, 286, 603, 1565, 552, 257, 2822, 13, 51136], \"temperature\": 0.0, \"avg_logprob\": -0.30633485317230225, \"compression_ratio\": 1.9065743684768677, \"no_speech_prob\": 0.07805279642343521}, {\"id\": 12, \"seek\": 2696, \"start\": 42.400001525878906, \"end\": 46.0, \"text\": \" And even though they might not be able to drink it, like on the street, I'll like, Hey,\", \"tokens\": [51136, 400, 754, 1673, 436, 1062, 406, 312, 1075, 281, 2822, 309, 11, 411, 322, 264, 4838, 11, 286, 603, 411, 11, 1911, 11, 51316], \"temperature\": 0.0, \"avg_logprob\": -0.30633485317230225, \"compression_ratio\": 1.9065743684768677, \"no_speech_prob\": 0.07805279642343521}, {\"id\": 13, \"seek\": 2696, \"start\": 46.0, \"end\": 47.68000030517578, \"text\": \" I left your drink like right there.\", \"tokens\": [51316, 286, 1411, 428, 2822, 411, 558, 456, 13, 51400], \"temperature\": 0.0, \"avg_logprob\": -0.30633485317230225, \"compression_ratio\": 1.9065743684768677, \"no_speech_prob\": 0.07805279642343521}, {\"id\": 14, \"seek\": 2696, \"start\": 47.68000030517578, \"end\": 48.68000030517578, \"text\": \" Right.\", \"tokens\": [51400, 1779, 13, 51450], \"temperature\": 0.0, \"avg_logprob\": -0.30633485317230225, \"compression_ratio\": 1.9065743684768677, \"no_speech_prob\": 0.07805279642343521}, {\"id\": 15, \"seek\": 2696, \"start\": 48.68000030517578, \"end\": 49.68000030517578, \"text\": \" And I'll buy him.\", \"tokens\": [51450, 400, 286, 603, 2256, 796, 13, 51500], \"temperature\": 0.0, \"avg_logprob\": -0.30633485317230225, \"compression_ratio\": 1.9065743684768677, \"no_speech_prob\": 0.07805279642343521}, {\"id\": 16, \"seek\": 2696, \"start\": 49.68000030517578, \"end\": 50.68000030517578, \"text\": \" I'll buy him drinks.\", \"tokens\": [51500, 286, 603, 2256, 796, 12142, 13, 51550], \"temperature\": 0.0, \"avg_logprob\": -0.30633485317230225, \"compression_ratio\": 1.9065743684768677, \"no_speech_prob\": 0.07805279642343521}, {\"id\": 17, \"seek\": 2696, \"start\": 50.68000030517578, \"end\": 51.68000030517578, \"text\": \" And they they fucking love that.\", \"tokens\": [51550, 400, 436, 436, 5546, 959, 300, 13, 51600], \"temperature\": 0.0, \"avg_logprob\": -0.30633485317230225, \"compression_ratio\": 1.9065743684768677, \"no_speech_prob\": 0.07805279642343521}, {\"id\": 18, \"seek\": 2696, \"start\": 51.68000030517578, \"end\": 51.68000030517578, \"text\": \"\", \"tokens\": [], \"temperature\": 0.0, \"avg_logprob\": -0.30633485317230225, \"compression_ratio\": 1.9065743684768677, \"no_speech_prob\": 0.07805279642343521, \"words\": []}]}"}