{"title": "Navigating LA's Dating Maze: Deciphering which guys are gonna waste your time", "video_id": "ahpAuN5rOEQ", "video_url": "https://www.youtube.com/watch?v=ahpAuN5rOEQ", "description": "", "published_at": "2023-12-09T15:54:32Z", "channel_id": "UC0O-ohYDF4P66HW9XJ4Us8w", "channel_title": "Robbie Kramer", "tags": [], "category_id": "24", "live_broadcast_content": "none", "duration": 61.0, "dimension": "2d", "definition": "hd", "caption": "false", "view_count": 955, "like_count": 25, "comment_count": 0, "channel_info": {"title": "Robbie Kramer", "description": "I'm Robbie Kramer \ud83c\udf99Host of The Inner Confidence Podcast & Founder of Inner Confidence, Inc.\n\nI lived an exhilarating single life filled with adventures and lessons, and ultimately achieved what I had always aspired to \u2013 finding an amazing, feminine, and loving wife. \n\nI believe my experiences provide a rare balance of wild freedom and committed love, equipping me with the insights to help you navigate the complexities of dating and relationships in today's world. Let me guide you to embrace your desires, improve your social prowess, and ultimately attract the partner who aligns with your highest aspirations.\n\nYou won\u2019t find any fluffy, new-age, or cringy stuff here, just tested, proven and actionable advice that yields results.\n\nApply to join our exclusive Inner Confidence Community of ambitious men who are actively working together to achieve their goals faster   \u25ba https://innerconfidence.com/community\n\nYou can email me at robbie@innerconfidence.com with any questions or comments.\n", "subscriber_count": "1270", "total_views": "604693", "total_videos": "470"}, "comments": [], "file_path": "/Users/aelaguiz/workspace/fc_book/audio/raws/ahpAuN5rOEQ.mp3", "transcription": "{\"text\": \"What do you think about the L.A. dating scene? There's a lot of f***ing boys here. It's kind of hard to really navigate through that because you don't know what their intentions are. So I dated a couple of, you know, kiss a lot of frogs, I guess you would say, that I'm not the happiest about. But you kind of have to, like, go through that, I guess, to find someone that you actually really, like, genuinely care about. And I did find that person when I was 22. So I dated him again for four years. We just got out of the relationship at 26. And I thought he was the one, but it just turns out he wasn't. I was upset for a little bit because I thought I wasted my time, like, four years of my youth, gone. You know, it's just a learning experience. And I guess, you know, you've got to go through that to realize what you don't want in a man. Totally. What do you think is the biggest challenge for you? Is it, like, figuring out which guy's a f***ing boy versus not, right? Is this guy just- Worth my time, you know? And also, it's pretty hard in L.A. to know, like, who's real. Yeah. There's so many guys, like, especially in L.A., everyone's got four or five jobs. Yeah. Yeah, jobs. You never really know what anyone really does. Yeah. Right, like- They could just be flexing on Instagram and they have, like, actually no money. Exactly. I feel like that's the reality of social media, that you don't even know what's real. \", \"segments\": [{\"id\": 0, \"seek\": 0, \"start\": 0.0, \"end\": 1.5199999809265137, \"text\": \" What do you think about the L.A. dating scene?\", \"tokens\": [50364, 708, 360, 291, 519, 466, 264, 441, 13, 32, 13, 10689, 4145, 30, 50440], \"temperature\": 0.0, \"avg_logprob\": -0.23531080782413483, \"compression_ratio\": 1.8059298992156982, \"no_speech_prob\": 0.02441212348639965}, {\"id\": 1, \"seek\": 0, \"start\": 1.5199999809265137, \"end\": 2.5999999046325684, \"text\": \" There's a lot of f***ing boys here.\", \"tokens\": [50440, 821, 311, 257, 688, 295, 283, 13684, 278, 6347, 510, 13, 50494], \"temperature\": 0.0, \"avg_logprob\": -0.23531080782413483, \"compression_ratio\": 1.8059298992156982, \"no_speech_prob\": 0.02441212348639965}, {\"id\": 2, \"seek\": 0, \"start\": 2.5999999046325684, \"end\": 5.039999961853027, \"text\": \" It's kind of hard to really navigate through that\", \"tokens\": [50494, 467, 311, 733, 295, 1152, 281, 534, 12350, 807, 300, 50616], \"temperature\": 0.0, \"avg_logprob\": -0.23531080782413483, \"compression_ratio\": 1.8059298992156982, \"no_speech_prob\": 0.02441212348639965}, {\"id\": 3, \"seek\": 0, \"start\": 5.039999961853027, \"end\": 7.28000020980835, \"text\": \" because you don't know what their intentions are.\", \"tokens\": [50616, 570, 291, 500, 380, 458, 437, 641, 19354, 366, 13, 50728], \"temperature\": 0.0, \"avg_logprob\": -0.23531080782413483, \"compression_ratio\": 1.8059298992156982, \"no_speech_prob\": 0.02441212348639965}, {\"id\": 4, \"seek\": 0, \"start\": 7.28000020980835, \"end\": 9.920000076293945, \"text\": \" So I dated a couple of, you know, kiss a lot of frogs,\", \"tokens\": [50728, 407, 286, 23804, 257, 1916, 295, 11, 291, 458, 11, 7704, 257, 688, 295, 37107, 11, 50860], \"temperature\": 0.0, \"avg_logprob\": -0.23531080782413483, \"compression_ratio\": 1.8059298992156982, \"no_speech_prob\": 0.02441212348639965}, {\"id\": 5, \"seek\": 0, \"start\": 9.920000076293945, \"end\": 13.039999961853027, \"text\": \" I guess you would say, that I'm not the happiest about.\", \"tokens\": [50860, 286, 2041, 291, 576, 584, 11, 300, 286, 478, 406, 264, 37584, 466, 13, 51016], \"temperature\": 0.0, \"avg_logprob\": -0.23531080782413483, \"compression_ratio\": 1.8059298992156982, \"no_speech_prob\": 0.02441212348639965}, {\"id\": 6, \"seek\": 0, \"start\": 13.039999961853027, \"end\": 14.920000076293945, \"text\": \" But you kind of have to, like, go through that, I guess,\", \"tokens\": [51016, 583, 291, 733, 295, 362, 281, 11, 411, 11, 352, 807, 300, 11, 286, 2041, 11, 51110], \"temperature\": 0.0, \"avg_logprob\": -0.23531080782413483, \"compression_ratio\": 1.8059298992156982, \"no_speech_prob\": 0.02441212348639965}, {\"id\": 7, \"seek\": 0, \"start\": 14.920000076293945, \"end\": 16.84000015258789, \"text\": \" to find someone that you actually really, like,\", \"tokens\": [51110, 281, 915, 1580, 300, 291, 767, 534, 11, 411, 11, 51206], \"temperature\": 0.0, \"avg_logprob\": -0.23531080782413483, \"compression_ratio\": 1.8059298992156982, \"no_speech_prob\": 0.02441212348639965}, {\"id\": 8, \"seek\": 0, \"start\": 16.84000015258789, \"end\": 17.799999237060547, \"text\": \" genuinely care about.\", \"tokens\": [51206, 17839, 1127, 466, 13, 51254], \"temperature\": 0.0, \"avg_logprob\": -0.23531080782413483, \"compression_ratio\": 1.8059298992156982, \"no_speech_prob\": 0.02441212348639965}, {\"id\": 9, \"seek\": 0, \"start\": 17.799999237060547, \"end\": 21.360000610351562, \"text\": \" And I did find that person when I was 22.\", \"tokens\": [51254, 400, 286, 630, 915, 300, 954, 562, 286, 390, 5853, 13, 51432], \"temperature\": 0.0, \"avg_logprob\": -0.23531080782413483, \"compression_ratio\": 1.8059298992156982, \"no_speech_prob\": 0.02441212348639965}, {\"id\": 10, \"seek\": 0, \"start\": 21.360000610351562, \"end\": 22.8799991607666, \"text\": \" So I dated him again for four years.\", \"tokens\": [51432, 407, 286, 23804, 796, 797, 337, 1451, 924, 13, 51508], \"temperature\": 0.0, \"avg_logprob\": -0.23531080782413483, \"compression_ratio\": 1.8059298992156982, \"no_speech_prob\": 0.02441212348639965}, {\"id\": 11, \"seek\": 0, \"start\": 22.8799991607666, \"end\": 24.479999542236328, \"text\": \" We just got out of the relationship at 26.\", \"tokens\": [51508, 492, 445, 658, 484, 295, 264, 2480, 412, 7551, 13, 51588], \"temperature\": 0.0, \"avg_logprob\": -0.23531080782413483, \"compression_ratio\": 1.8059298992156982, \"no_speech_prob\": 0.02441212348639965}, {\"id\": 12, \"seek\": 0, \"start\": 24.479999542236328, \"end\": 25.399999618530273, \"text\": \" And I thought he was the one,\", \"tokens\": [51588, 400, 286, 1194, 415, 390, 264, 472, 11, 51634], \"temperature\": 0.0, \"avg_logprob\": -0.23531080782413483, \"compression_ratio\": 1.8059298992156982, \"no_speech_prob\": 0.02441212348639965}, {\"id\": 13, \"seek\": 0, \"start\": 25.399999618530273, \"end\": 26.84000015258789, \"text\": \" but it just turns out he wasn't.\", \"tokens\": [51634, 457, 309, 445, 4523, 484, 415, 2067, 380, 13, 51706], \"temperature\": 0.0, \"avg_logprob\": -0.23531080782413483, \"compression_ratio\": 1.8059298992156982, \"no_speech_prob\": 0.02441212348639965}, {\"id\": 14, \"seek\": 0, \"start\": 26.84000015258789, \"end\": 27.959999084472656, \"text\": \" I was upset for a little bit\", \"tokens\": [51706, 286, 390, 8340, 337, 257, 707, 857, 51762], \"temperature\": 0.0, \"avg_logprob\": -0.23531080782413483, \"compression_ratio\": 1.8059298992156982, \"no_speech_prob\": 0.02441212348639965}, {\"id\": 15, \"seek\": 0, \"start\": 27.959999084472656, \"end\": 29.040000915527344, \"text\": \" because I thought I wasted my time,\", \"tokens\": [51762, 570, 286, 1194, 286, 19496, 452, 565, 11, 51816], \"temperature\": 0.0, \"avg_logprob\": -0.23531080782413483, \"compression_ratio\": 1.8059298992156982, \"no_speech_prob\": 0.02441212348639965}, {\"id\": 16, \"seek\": 2904, \"start\": 29.040000915527344, \"end\": 30.799999237060547, \"text\": \" like, four years of my youth, gone.\", \"tokens\": [50364, 411, 11, 1451, 924, 295, 452, 7503, 11, 2780, 13, 50452], \"temperature\": 0.0, \"avg_logprob\": -0.22621777653694153, \"compression_ratio\": 1.7397959232330322, \"no_speech_prob\": 0.03308246284723282}, {\"id\": 17, \"seek\": 2904, \"start\": 30.799999237060547, \"end\": 32.15999984741211, \"text\": \" You know, it's just a learning experience.\", \"tokens\": [50452, 509, 458, 11, 309, 311, 445, 257, 2539, 1752, 13, 50520], \"temperature\": 0.0, \"avg_logprob\": -0.22621777653694153, \"compression_ratio\": 1.7397959232330322, \"no_speech_prob\": 0.03308246284723282}, {\"id\": 18, \"seek\": 2904, \"start\": 32.15999984741211, \"end\": 33.91999816894531, \"text\": \" And I guess, you know, you've got to go through that\", \"tokens\": [50520, 400, 286, 2041, 11, 291, 458, 11, 291, 600, 658, 281, 352, 807, 300, 50608], \"temperature\": 0.0, \"avg_logprob\": -0.22621777653694153, \"compression_ratio\": 1.7397959232330322, \"no_speech_prob\": 0.03308246284723282}, {\"id\": 19, \"seek\": 2904, \"start\": 33.91999816894531, \"end\": 36.20000076293945, \"text\": \" to realize what you don't want in a man.\", \"tokens\": [50608, 281, 4325, 437, 291, 500, 380, 528, 294, 257, 587, 13, 50722], \"temperature\": 0.0, \"avg_logprob\": -0.22621777653694153, \"compression_ratio\": 1.7397959232330322, \"no_speech_prob\": 0.03308246284723282}, {\"id\": 20, \"seek\": 2904, \"start\": 36.20000076293945, \"end\": 37.040000915527344, \"text\": \" Totally.\", \"tokens\": [50722, 22837, 13, 50764], \"temperature\": 0.0, \"avg_logprob\": -0.22621777653694153, \"compression_ratio\": 1.7397959232330322, \"no_speech_prob\": 0.03308246284723282}, {\"id\": 21, \"seek\": 2904, \"start\": 37.040000915527344, \"end\": 38.599998474121094, \"text\": \" What do you think is the biggest challenge for you?\", \"tokens\": [50764, 708, 360, 291, 519, 307, 264, 3880, 3430, 337, 291, 30, 50842], \"temperature\": 0.0, \"avg_logprob\": -0.22621777653694153, \"compression_ratio\": 1.7397959232330322, \"no_speech_prob\": 0.03308246284723282}, {\"id\": 22, \"seek\": 2904, \"start\": 38.599998474121094, \"end\": 40.63999938964844, \"text\": \" Is it, like, figuring out which guy's a f***ing boy\", \"tokens\": [50842, 1119, 309, 11, 411, 11, 15213, 484, 597, 2146, 311, 257, 283, 13684, 278, 3237, 50944], \"temperature\": 0.0, \"avg_logprob\": -0.22621777653694153, \"compression_ratio\": 1.7397959232330322, \"no_speech_prob\": 0.03308246284723282}, {\"id\": 23, \"seek\": 2904, \"start\": 40.63999938964844, \"end\": 41.47999954223633, \"text\": \" versus not, right?\", \"tokens\": [50944, 5717, 406, 11, 558, 30, 50986], \"temperature\": 0.0, \"avg_logprob\": -0.22621777653694153, \"compression_ratio\": 1.7397959232330322, \"no_speech_prob\": 0.03308246284723282}, {\"id\": 24, \"seek\": 2904, \"start\": 41.47999954223633, \"end\": 42.31999969482422, \"text\": \" Is this guy just-\", \"tokens\": [50986, 1119, 341, 2146, 445, 12, 51028], \"temperature\": 0.0, \"avg_logprob\": -0.22621777653694153, \"compression_ratio\": 1.7397959232330322, \"no_speech_prob\": 0.03308246284723282}, {\"id\": 25, \"seek\": 2904, \"start\": 42.31999969482422, \"end\": 43.52000045776367, \"text\": \" Worth my time, you know?\", \"tokens\": [51028, 37228, 452, 565, 11, 291, 458, 30, 51088], \"temperature\": 0.0, \"avg_logprob\": -0.22621777653694153, \"compression_ratio\": 1.7397959232330322, \"no_speech_prob\": 0.03308246284723282}, {\"id\": 26, \"seek\": 2904, \"start\": 43.52000045776367, \"end\": 46.20000076293945, \"text\": \" And also, it's pretty hard in L.A. to know, like, who's real.\", \"tokens\": [51088, 400, 611, 11, 309, 311, 1238, 1152, 294, 441, 13, 32, 13, 281, 458, 11, 411, 11, 567, 311, 957, 13, 51222], \"temperature\": 0.0, \"avg_logprob\": -0.22621777653694153, \"compression_ratio\": 1.7397959232330322, \"no_speech_prob\": 0.03308246284723282}, {\"id\": 27, \"seek\": 2904, \"start\": 46.20000076293945, \"end\": 47.040000915527344, \"text\": \" Yeah.\", \"tokens\": [51222, 865, 13, 51264], \"temperature\": 0.0, \"avg_logprob\": -0.22621777653694153, \"compression_ratio\": 1.7397959232330322, \"no_speech_prob\": 0.03308246284723282}, {\"id\": 28, \"seek\": 2904, \"start\": 47.040000915527344, \"end\": 48.400001525878906, \"text\": \" There's so many guys, like, especially in L.A.,\", \"tokens\": [51264, 821, 311, 370, 867, 1074, 11, 411, 11, 2318, 294, 441, 13, 32, 7933, 51332], \"temperature\": 0.0, \"avg_logprob\": -0.22621777653694153, \"compression_ratio\": 1.7397959232330322, \"no_speech_prob\": 0.03308246284723282}, {\"id\": 29, \"seek\": 2904, \"start\": 48.400001525878906, \"end\": 49.880001068115234, \"text\": \" everyone's got four or five jobs.\", \"tokens\": [51332, 1518, 311, 658, 1451, 420, 1732, 4782, 13, 51406], \"temperature\": 0.0, \"avg_logprob\": -0.22621777653694153, \"compression_ratio\": 1.7397959232330322, \"no_speech_prob\": 0.03308246284723282}, {\"id\": 30, \"seek\": 2904, \"start\": 49.880001068115234, \"end\": 50.720001220703125, \"text\": \" Yeah.\", \"tokens\": [51406, 865, 13, 51448], \"temperature\": 0.0, \"avg_logprob\": -0.22621777653694153, \"compression_ratio\": 1.7397959232330322, \"no_speech_prob\": 0.03308246284723282}, {\"id\": 31, \"seek\": 2904, \"start\": 50.720001220703125, \"end\": 51.560001373291016, \"text\": \" Yeah, jobs.\", \"tokens\": [51448, 865, 11, 4782, 13, 51490], \"temperature\": 0.0, \"avg_logprob\": -0.22621777653694153, \"compression_ratio\": 1.7397959232330322, \"no_speech_prob\": 0.03308246284723282}, {\"id\": 32, \"seek\": 2904, \"start\": 51.560001373291016, \"end\": 52.599998474121094, \"text\": \" You never really know what anyone really does.\", \"tokens\": [51490, 509, 1128, 534, 458, 437, 2878, 534, 775, 13, 51542], \"temperature\": 0.0, \"avg_logprob\": -0.22621777653694153, \"compression_ratio\": 1.7397959232330322, \"no_speech_prob\": 0.03308246284723282}, {\"id\": 33, \"seek\": 2904, \"start\": 52.599998474121094, \"end\": 53.439998626708984, \"text\": \" Yeah.\", \"tokens\": [51542, 865, 13, 51584], \"temperature\": 0.0, \"avg_logprob\": -0.22621777653694153, \"compression_ratio\": 1.7397959232330322, \"no_speech_prob\": 0.03308246284723282}, {\"id\": 34, \"seek\": 2904, \"start\": 53.439998626708984, \"end\": 54.279998779296875, \"text\": \" Right, like-\", \"tokens\": [51584, 1779, 11, 411, 12, 51626], \"temperature\": 0.0, \"avg_logprob\": -0.22621777653694153, \"compression_ratio\": 1.7397959232330322, \"no_speech_prob\": 0.03308246284723282}, {\"id\": 35, \"seek\": 2904, \"start\": 54.279998779296875, \"end\": 55.119998931884766, \"text\": \" They could just be flexing on Instagram\", \"tokens\": [51626, 814, 727, 445, 312, 5896, 278, 322, 5281, 51668], \"temperature\": 0.0, \"avg_logprob\": -0.22621777653694153, \"compression_ratio\": 1.7397959232330322, \"no_speech_prob\": 0.03308246284723282}, {\"id\": 36, \"seek\": 2904, \"start\": 55.119998931884766, \"end\": 56.20000076293945, \"text\": \" and they have, like, actually no money.\", \"tokens\": [51668, 293, 436, 362, 11, 411, 11, 767, 572, 1460, 13, 51722], \"temperature\": 0.0, \"avg_logprob\": -0.22621777653694153, \"compression_ratio\": 1.7397959232330322, \"no_speech_prob\": 0.03308246284723282}, {\"id\": 37, \"seek\": 2904, \"start\": 56.20000076293945, \"end\": 57.119998931884766, \"text\": \" Exactly.\", \"tokens\": [51722, 7587, 13, 51768], \"temperature\": 0.0, \"avg_logprob\": -0.22621777653694153, \"compression_ratio\": 1.7397959232330322, \"no_speech_prob\": 0.03308246284723282}, {\"id\": 38, \"seek\": 5712, \"start\": 57.15999984741211, \"end\": 59.2400016784668, \"text\": \" I feel like that's the reality of social media,\", \"tokens\": [50366, 286, 841, 411, 300, 311, 264, 4103, 295, 2093, 3021, 11, 50470], \"temperature\": 0.0, \"avg_logprob\": -0.36083701252937317, \"compression_ratio\": 1.0759493112564087, \"no_speech_prob\": 0.9351108074188232}, {\"id\": 39, \"seek\": 5712, \"start\": 59.2400016784668, \"end\": 61.040000915527344, \"text\": \" that you don't even know what's real.\", \"tokens\": [50470, 300, 291, 500, 380, 754, 458, 437, 311, 957, 13, 50560], \"temperature\": 0.0, \"avg_logprob\": -0.36083701252937317, \"compression_ratio\": 1.0759493112564087, \"no_speech_prob\": 0.9351108074188232}]}"}