{"title": "Uncovering the Surprising Psychology Behind Getting the Girl You Want", "video_id": "aMA37CsNlYo", "video_url": "https://www.youtube.com/watch?v=aMA37CsNlYo", "description": "", "published_at": "2023-06-10T16:49:56Z", "channel_id": "UC0O-ohYDF4P66HW9XJ4Us8w", "channel_title": "Robbie Kramer", "tags": [], "category_id": "24", "live_broadcast_content": "none", "duration": 42.0, "dimension": "2d", "definition": "hd", "caption": "false", "view_count": 179, "like_count": 2, "comment_count": 0, "channel_info": {"title": "Robbie Kramer", "description": "I'm Robbie Kramer \ud83c\udf99Host of The Inner Confidence Podcast & Founder of Inner Confidence, Inc.\n\nI lived an exhilarating single life filled with adventures and lessons, and ultimately achieved what I had always aspired to \u2013 finding an amazing, feminine, and loving wife. \n\nI believe my experiences provide a rare balance of wild freedom and committed love, equipping me with the insights to help you navigate the complexities of dating and relationships in today's world. Let me guide you to embrace your desires, improve your social prowess, and ultimately attract the partner who aligns with your highest aspirations.\n\nYou won\u2019t find any fluffy, new-age, or cringy stuff here, just tested, proven and actionable advice that yields results.\n\nApply to join our exclusive Inner Confidence Community of ambitious men who are actively working together to achieve their goals faster   \u25ba https://innerconfidence.com/community\n\nYou can email me at robbie@innerconfidence.com with any questions or comments.\n", "subscriber_count": "1270", "total_views": "604693", "total_videos": "470"}, "comments": [], "file_path": "/Users/aelaguiz/workspace/fc_book/audio/raws/aMA37CsNlYo.mp3", "transcription": "{\"text\": \"my advice is always like, just let this girl go. You know, do everything you can to have other girls there, have other options that, you know, allow you to pivot if things aren't going your way. You know, what's funny about that is the psychology of having the other options means his inner game is going to be better when he's went around her and she's going to sense that. She's going to sense that he's coming from a place of solid confidence and not neediness and not hope. But you know, going back, going to my story that served this whole line of questioning, what I actually did, I held my, when she, when she finally came back around, I punched through all of her gaslighting, whatever, eventually she sort of admits and she apologized. It's fully stops fucking around, gives me the whole thing. And that's great. Right. But \", \"segments\": [{\"id\": 0, \"seek\": 0, \"start\": 0.0, \"end\": 5.199999809265137, \"text\": \" my advice is always like, just let this girl go. You know, do everything you can to have other\", \"tokens\": [50364, 452, 5192, 307, 1009, 411, 11, 445, 718, 341, 2013, 352, 13, 509, 458, 11, 360, 1203, 291, 393, 281, 362, 661, 50624], \"temperature\": 0.0, \"avg_logprob\": -0.2559441030025482, \"compression_ratio\": 1.8646864891052246, \"no_speech_prob\": 0.00288938800804317}, {\"id\": 1, \"seek\": 0, \"start\": 5.199999809265137, \"end\": 12.15999984741211, \"text\": \" girls there, have other options that, you know, allow you to pivot if things aren't going your way.\", \"tokens\": [50624, 4519, 456, 11, 362, 661, 3956, 300, 11, 291, 458, 11, 2089, 291, 281, 14538, 498, 721, 3212, 380, 516, 428, 636, 13, 50972], \"temperature\": 0.0, \"avg_logprob\": -0.2559441030025482, \"compression_ratio\": 1.8646864891052246, \"no_speech_prob\": 0.00288938800804317}, {\"id\": 2, \"seek\": 0, \"start\": 12.800000190734863, \"end\": 15.4399995803833, \"text\": \" You know, what's funny about that is the psychology of having the other options means his\", \"tokens\": [51004, 509, 458, 11, 437, 311, 4074, 466, 300, 307, 264, 15105, 295, 1419, 264, 661, 3956, 1355, 702, 51136], \"temperature\": 0.0, \"avg_logprob\": -0.2559441030025482, \"compression_ratio\": 1.8646864891052246, \"no_speech_prob\": 0.00288938800804317}, {\"id\": 3, \"seek\": 0, \"start\": 15.4399995803833, \"end\": 18.399999618530273, \"text\": \" inner game is going to be better when he's went around her and she's going to sense that. She's\", \"tokens\": [51136, 7284, 1216, 307, 516, 281, 312, 1101, 562, 415, 311, 1437, 926, 720, 293, 750, 311, 516, 281, 2020, 300, 13, 1240, 311, 51284], \"temperature\": 0.0, \"avg_logprob\": -0.2559441030025482, \"compression_ratio\": 1.8646864891052246, \"no_speech_prob\": 0.00288938800804317}, {\"id\": 4, \"seek\": 0, \"start\": 18.399999618530273, \"end\": 24.239999771118164, \"text\": \" going to sense that he's coming from a place of solid confidence and not neediness and not hope.\", \"tokens\": [51284, 516, 281, 2020, 300, 415, 311, 1348, 490, 257, 1081, 295, 5100, 6687, 293, 406, 643, 1324, 293, 406, 1454, 13, 51576], \"temperature\": 0.0, \"avg_logprob\": -0.2559441030025482, \"compression_ratio\": 1.8646864891052246, \"no_speech_prob\": 0.00288938800804317}, {\"id\": 5, \"seek\": 0, \"start\": 24.239999771118164, \"end\": 27.200000762939453, \"text\": \" But you know, going back, going to my story that served this whole line of questioning,\", \"tokens\": [51576, 583, 291, 458, 11, 516, 646, 11, 516, 281, 452, 1657, 300, 7584, 341, 1379, 1622, 295, 21257, 11, 51724], \"temperature\": 0.0, \"avg_logprob\": -0.2559441030025482, \"compression_ratio\": 1.8646864891052246, \"no_speech_prob\": 0.00288938800804317}, {\"id\": 6, \"seek\": 2720, \"start\": 27.200000762939453, \"end\": 31.760000228881836, \"text\": \" what I actually did, I held my, when she, when she finally came back around, I punched through\", \"tokens\": [50364, 437, 286, 767, 630, 11, 286, 5167, 452, 11, 562, 750, 11, 562, 750, 2721, 1361, 646, 926, 11, 286, 37842, 807, 50592], \"temperature\": 0.0, \"avg_logprob\": -0.2622517943382263, \"compression_ratio\": 1.5028249025344849, \"no_speech_prob\": 0.005301527213305235}, {\"id\": 7, \"seek\": 2720, \"start\": 31.760000228881836, \"end\": 36.79999923706055, \"text\": \" all of her gaslighting, whatever, eventually she sort of admits and she apologized. It's fully\", \"tokens\": [50592, 439, 295, 720, 4211, 2764, 278, 11, 2035, 11, 4728, 750, 1333, 295, 46682, 293, 750, 47815, 13, 467, 311, 4498, 50844], \"temperature\": 0.0, \"avg_logprob\": -0.2622517943382263, \"compression_ratio\": 1.5028249025344849, \"no_speech_prob\": 0.005301527213305235}, {\"id\": 8, \"seek\": 2720, \"start\": 36.79999923706055, \"end\": 40.79999923706055, \"text\": \" stops fucking around, gives me the whole thing. And that's great. Right. But\", \"tokens\": [50844, 10094, 5546, 926, 11, 2709, 385, 264, 1379, 551, 13, 400, 300, 311, 869, 13, 1779, 13, 583, 51044], \"temperature\": 0.0, \"avg_logprob\": -0.2622517943382263, \"compression_ratio\": 1.5028249025344849, \"no_speech_prob\": 0.005301527213305235}]}"}