{"title": "A couple things to look out for before jumping into a relationship with someone\u2026", "video_id": "AzWNlqyufz8", "video_url": "https://www.youtube.com/watch?v=AzWNlqyufz8", "description": "", "published_at": "2023-06-05T16:02:35Z", "channel_id": "UC0O-ohYDF4P66HW9XJ4Us8w", "channel_title": "Robbie Kramer", "tags": [], "category_id": "24", "live_broadcast_content": "none", "duration": 28.0, "dimension": "2d", "definition": "hd", "caption": "false", "view_count": 2139, "like_count": 46, "comment_count": 3, "channel_info": {"title": "Robbie Kramer", "description": "I'm Robbie Kramer \ud83c\udf99Host of The Inner Confidence Podcast & Founder of Inner Confidence, Inc.\n\nI lived an exhilarating single life filled with adventures and lessons, and ultimately achieved what I had always aspired to \u2013 finding an amazing, feminine, and loving wife. \n\nI believe my experiences provide a rare balance of wild freedom and committed love, equipping me with the insights to help you navigate the complexities of dating and relationships in today's world. Let me guide you to embrace your desires, improve your social prowess, and ultimately attract the partner who aligns with your highest aspirations.\n\nYou won\u2019t find any fluffy, new-age, or cringy stuff here, just tested, proven and actionable advice that yields results.\n\nApply to join our exclusive Inner Confidence Community of ambitious men who are actively working together to achieve their goals faster   \u25ba https://innerconfidence.com/community\n\nYou can email me at robbie@innerconfidence.com with any questions or comments.\n", "subscriber_count": "1270", "total_views": "604693", "total_videos": "470"}, "comments": [], "file_path": "/Users/aelaguiz/workspace/fc_book/audio/raws/AzWNlqyufz8.mp3", "transcription": "{\"text\": \"Red flag, vegans, girls who don't like sushi. I don't agree with that because it's your own right to eat food what you want. The point is, if you are not a vegan and you start dating a vegan, that's a- No, once I throw up from eating too much corn and I would fall back for three days. I was throwing up. I hate corn. Like if someone had the same situation with sushi and it became red flag, I think it's ridiculous. My friend has a theory that girls who don't like sushi don't give head. It's ridiculous. \", \"segments\": [{\"id\": 0, \"seek\": 0, \"start\": 0.0, \"end\": 2.799999952316284, \"text\": \" Red flag, vegans, girls who don't like sushi.\", \"tokens\": [50364, 4477, 7166, 11, 24366, 599, 11, 4519, 567, 500, 380, 411, 23022, 13, 50504], \"temperature\": 0.0, \"avg_logprob\": -0.32404038310050964, \"compression_ratio\": 1.7534722089767456, \"no_speech_prob\": 0.00036239938344806433}, {\"id\": 1, \"seek\": 0, \"start\": 2.799999952316284, \"end\": 4.079999923706055, \"text\": \" I don't agree with that\", \"tokens\": [50504, 286, 500, 380, 3986, 365, 300, 50568], \"temperature\": 0.0, \"avg_logprob\": -0.32404038310050964, \"compression_ratio\": 1.7534722089767456, \"no_speech_prob\": 0.00036239938344806433}, {\"id\": 2, \"seek\": 0, \"start\": 4.079999923706055, \"end\": 7.360000133514404, \"text\": \" because it's your own right to eat food what you want.\", \"tokens\": [50568, 570, 309, 311, 428, 1065, 558, 281, 1862, 1755, 437, 291, 528, 13, 50732], \"temperature\": 0.0, \"avg_logprob\": -0.32404038310050964, \"compression_ratio\": 1.7534722089767456, \"no_speech_prob\": 0.00036239938344806433}, {\"id\": 3, \"seek\": 0, \"start\": 7.360000133514404, \"end\": 9.15999984741211, \"text\": \" The point is, if you are not a vegan\", \"tokens\": [50732, 440, 935, 307, 11, 498, 291, 366, 406, 257, 12824, 50822], \"temperature\": 0.0, \"avg_logprob\": -0.32404038310050964, \"compression_ratio\": 1.7534722089767456, \"no_speech_prob\": 0.00036239938344806433}, {\"id\": 4, \"seek\": 0, \"start\": 9.15999984741211, \"end\": 11.079999923706055, \"text\": \" and you start dating a vegan, that's a-\", \"tokens\": [50822, 293, 291, 722, 10689, 257, 12824, 11, 300, 311, 257, 12, 50918], \"temperature\": 0.0, \"avg_logprob\": -0.32404038310050964, \"compression_ratio\": 1.7534722089767456, \"no_speech_prob\": 0.00036239938344806433}, {\"id\": 5, \"seek\": 0, \"start\": 11.079999923706055, \"end\": 14.359999656677246, \"text\": \" No, once I throw up from eating too much corn\", \"tokens\": [50918, 883, 11, 1564, 286, 3507, 493, 490, 3936, 886, 709, 9046, 51082], \"temperature\": 0.0, \"avg_logprob\": -0.32404038310050964, \"compression_ratio\": 1.7534722089767456, \"no_speech_prob\": 0.00036239938344806433}, {\"id\": 6, \"seek\": 0, \"start\": 14.359999656677246, \"end\": 15.920000076293945, \"text\": \" and I would fall back for three days.\", \"tokens\": [51082, 293, 286, 576, 2100, 646, 337, 1045, 1708, 13, 51160], \"temperature\": 0.0, \"avg_logprob\": -0.32404038310050964, \"compression_ratio\": 1.7534722089767456, \"no_speech_prob\": 0.00036239938344806433}, {\"id\": 7, \"seek\": 0, \"start\": 15.920000076293945, \"end\": 16.760000228881836, \"text\": \" I was throwing up.\", \"tokens\": [51160, 286, 390, 10238, 493, 13, 51202], \"temperature\": 0.0, \"avg_logprob\": -0.32404038310050964, \"compression_ratio\": 1.7534722089767456, \"no_speech_prob\": 0.00036239938344806433}, {\"id\": 8, \"seek\": 0, \"start\": 16.760000228881836, \"end\": 17.600000381469727, \"text\": \" I hate corn.\", \"tokens\": [51202, 286, 4700, 9046, 13, 51244], \"temperature\": 0.0, \"avg_logprob\": -0.32404038310050964, \"compression_ratio\": 1.7534722089767456, \"no_speech_prob\": 0.00036239938344806433}, {\"id\": 9, \"seek\": 0, \"start\": 17.600000381469727, \"end\": 19.920000076293945, \"text\": \" Like if someone had the same situation with sushi\", \"tokens\": [51244, 1743, 498, 1580, 632, 264, 912, 2590, 365, 23022, 51360], \"temperature\": 0.0, \"avg_logprob\": -0.32404038310050964, \"compression_ratio\": 1.7534722089767456, \"no_speech_prob\": 0.00036239938344806433}, {\"id\": 10, \"seek\": 0, \"start\": 19.920000076293945, \"end\": 21.360000610351562, \"text\": \" and it became red flag,\", \"tokens\": [51360, 293, 309, 3062, 2182, 7166, 11, 51432], \"temperature\": 0.0, \"avg_logprob\": -0.32404038310050964, \"compression_ratio\": 1.7534722089767456, \"no_speech_prob\": 0.00036239938344806433}, {\"id\": 11, \"seek\": 0, \"start\": 21.360000610351562, \"end\": 22.200000762939453, \"text\": \" I think it's ridiculous.\", \"tokens\": [51432, 286, 519, 309, 311, 11083, 13, 51474], \"temperature\": 0.0, \"avg_logprob\": -0.32404038310050964, \"compression_ratio\": 1.7534722089767456, \"no_speech_prob\": 0.00036239938344806433}, {\"id\": 12, \"seek\": 0, \"start\": 22.200000762939453, \"end\": 23.040000915527344, \"text\": \" My friend has a theory\", \"tokens\": [51474, 1222, 1277, 575, 257, 5261, 51516], \"temperature\": 0.0, \"avg_logprob\": -0.32404038310050964, \"compression_ratio\": 1.7534722089767456, \"no_speech_prob\": 0.00036239938344806433}, {\"id\": 13, \"seek\": 0, \"start\": 23.040000915527344, \"end\": 25.639999389648438, \"text\": \" that girls who don't like sushi don't give head.\", \"tokens\": [51516, 300, 4519, 567, 500, 380, 411, 23022, 500, 380, 976, 1378, 13, 51646], \"temperature\": 0.0, \"avg_logprob\": -0.32404038310050964, \"compression_ratio\": 1.7534722089767456, \"no_speech_prob\": 0.00036239938344806433}, {\"id\": 14, \"seek\": 0, \"start\": 25.639999389648438, \"end\": 26.639999389648438, \"text\": \" It's ridiculous.\", \"tokens\": [51646, 467, 311, 11083, 13, 51696], \"temperature\": 0.0, \"avg_logprob\": -0.32404038310050964, \"compression_ratio\": 1.7534722089767456, \"no_speech_prob\": 0.00036239938344806433}]}"}