{"title": "Why She Flakes\u2026 for more check out full episode #213", "video_id": "b-3VqYaD1Ug", "video_url": "https://www.youtube.com/watch?v=b-3VqYaD1Ug", "description": "To listen to more episodes of the Inner Confidence Podcast, visit the links below:\nWebsite: https://innerconfidence.com/podcast/\niTunes:https://podcasts.apple.com/us/podcast/inner-confidence-podcast/id986699444 \nSpotify: https://open.spotify.com/show/2zkWuTnt7whvnR6CO6oNPV\nRSS: https://innerconfidence.com/series/leverage-podcast/feed/\n\nAnd if you're interested in learning more about my coaching services and connecting with me, check out these links:\nLinkTree: https://linktr.ee/Robbiekramer\nMain Site: https://innerconfidence.com/\nInstagram: https://www.instagram.com/robbie_kramer/\nTikTok: https://www.tiktok.com/@robbie.kramer\nYouTube: https://www.youtube.com/innerconfidence\n\nThank you for tuning in, and I look forward to helping you build your inner confidence and achieve success!\n\nJoin us : https://innerconfidence.com/leverage/\nBook a call with me : https://start.innerconfidence.com/video1\n\n\n#personaldevelopment #selfimprovement #innerconfidence #innerconfidencepodcast #podcast #coaching #success #motivation #inspiration #mindset #datingcoach #relationshipgoals #confidencecoach #selfimprovement #successfulmen", "published_at": "2023-01-31T02:00:12Z", "channel_id": "UC0O-ohYDF4P66HW9XJ4Us8w", "channel_title": "Robbie Kramer", "tags": [], "category_id": "26", "live_broadcast_content": "none", "duration": 32.0, "dimension": "2d", "definition": "hd", "caption": "false", "view_count": 1023, "like_count": 10, "comment_count": 7, "channel_info": {"title": "Robbie Kramer", "description": "I'm Robbie Kramer \ud83c\udf99Host of The Inner Confidence Podcast & Founder of Inner Confidence, Inc.\n\nI lived an exhilarating single life filled with adventures and lessons, and ultimately achieved what I had always aspired to \u2013 finding an amazing, feminine, and loving wife. \n\nI believe my experiences provide a rare balance of wild freedom and committed love, equipping me with the insights to help you navigate the complexities of dating and relationships in today's world. Let me guide you to embrace your desires, improve your social prowess, and ultimately attract the partner who aligns with your highest aspirations.\n\nYou won\u2019t find any fluffy, new-age, or cringy stuff here, just tested, proven and actionable advice that yields results.\n\nApply to join our exclusive Inner Confidence Community of ambitious men who are actively working together to achieve their goals faster   \u25ba https://innerconfidence.com/community\n\nYou can email me at robbie@innerconfidence.com with any questions or comments.\n", "subscriber_count": "1270", "total_views": "604693", "total_videos": "470"}, "comments": [], "file_path": "/Users/aelaguiz/workspace/fc_book/audio/raws/b-3VqYaD1Ug.mp3", "transcription": "{\"text\": \"these women kind of live in this bubble because everyone is just constantly trying to hook up with them. So, what that creates for them is a ridiculous filtering problem, right? Like, their goal is to quickly establish which guys are real and which guys are phonies. And given that 99 point whatever percentage of guys are phony and not interesting, like show-offs to raggers or whatever, it's a difficult thing for them. \", \"segments\": [{\"id\": 0, \"seek\": 0, \"start\": 0.0, \"end\": 6.400000095367432, \"text\": \" these women kind of live in this bubble because everyone is just constantly trying to hook up with them.\", \"tokens\": [50364, 613, 2266, 733, 295, 1621, 294, 341, 12212, 570, 1518, 307, 445, 6460, 1382, 281, 6328, 493, 365, 552, 13, 50684], \"temperature\": 0.0, \"avg_logprob\": -0.28938499093055725, \"compression_ratio\": 1.5580357313156128, \"no_speech_prob\": 0.02885955385863781}, {\"id\": 1, \"seek\": 0, \"start\": 6.400000095367432, \"end\": 11.600000381469727, \"text\": \" So, what that creates for them is a ridiculous filtering problem, right?\", \"tokens\": [50684, 407, 11, 437, 300, 7829, 337, 552, 307, 257, 11083, 30822, 1154, 11, 558, 30, 50944], \"temperature\": 0.0, \"avg_logprob\": -0.28938499093055725, \"compression_ratio\": 1.5580357313156128, \"no_speech_prob\": 0.02885955385863781}, {\"id\": 2, \"seek\": 0, \"start\": 11.600000381469727, \"end\": 19.399999618530273, \"text\": \" Like, their goal is to quickly establish which guys are real and which guys are phonies.\", \"tokens\": [50944, 1743, 11, 641, 3387, 307, 281, 2661, 8327, 597, 1074, 366, 957, 293, 597, 1074, 366, 30754, 530, 13, 51334], \"temperature\": 0.0, \"avg_logprob\": -0.28938499093055725, \"compression_ratio\": 1.5580357313156128, \"no_speech_prob\": 0.02885955385863781}, {\"id\": 3, \"seek\": 0, \"start\": 19.399999618530273, \"end\": 27.399999618530273, \"text\": \" And given that 99 point whatever percentage of guys are phony and not interesting,\", \"tokens\": [51334, 400, 2212, 300, 11803, 935, 2035, 9668, 295, 1074, 366, 903, 2526, 293, 406, 1880, 11, 51734], \"temperature\": 0.0, \"avg_logprob\": -0.28938499093055725, \"compression_ratio\": 1.5580357313156128, \"no_speech_prob\": 0.02885955385863781}, {\"id\": 4, \"seek\": 2740, \"start\": 27.399999618530273, \"end\": 31.0, \"text\": \" like show-offs to raggers or whatever, it's a difficult thing for them.\", \"tokens\": [50364, 411, 855, 12, 19231, 281, 17539, 9458, 420, 2035, 11, 309, 311, 257, 2252, 551, 337, 552, 13, 50544], \"temperature\": 0.0, \"avg_logprob\": -0.2993625998497009, \"compression_ratio\": 1.014285683631897, \"no_speech_prob\": 0.07156967371702194}]}"}