{"title": "Breaking Up or Cheating: The Emotional Dilemma of Choosing Between Two Difficult Paths (Ep250)", "video_id": "b55jIVXifMU", "video_url": "https://www.youtube.com/watch?v=b55jIVXifMU", "description": "", "published_at": "2023-10-06T17:38:56Z", "channel_id": "UC0O-ohYDF4P66HW9XJ4Us8w", "channel_title": "Robbie Kramer", "tags": [], "category_id": "24", "live_broadcast_content": "none", "duration": 61.0, "dimension": "2d", "definition": "hd", "caption": "false", "view_count": 44, "like_count": 2, "comment_count": 0, "channel_info": {"title": "Robbie Kramer", "description": "I'm Robbie Kramer \ud83c\udf99Host of The Inner Confidence Podcast & Founder of Inner Confidence, Inc.\n\nI lived an exhilarating single life filled with adventures and lessons, and ultimately achieved what I had always aspired to \u2013 finding an amazing, feminine, and loving wife. \n\nI believe my experiences provide a rare balance of wild freedom and committed love, equipping me with the insights to help you navigate the complexities of dating and relationships in today's world. Let me guide you to embrace your desires, improve your social prowess, and ultimately attract the partner who aligns with your highest aspirations.\n\nYou won\u2019t find any fluffy, new-age, or cringy stuff here, just tested, proven and actionable advice that yields results.\n\nApply to join our exclusive Inner Confidence Community of ambitious men who are actively working together to achieve their goals faster   \u25ba https://innerconfidence.com/community\n\nYou can email me at robbie@innerconfidence.com with any questions or comments.\n", "subscriber_count": "1270", "total_views": "604693", "total_videos": "470"}, "comments": [], "file_path": "/Users/aelaguiz/workspace/fc_book/audio/raws/b55jIVXifMU.mp3", "transcription": "{\"text\": \"Everybody as a human being has demons as a human being we can all do wrong We can all do right and we all have triggers men lie women lie people cheat if you're in a relationship Most people are scared to break up. It hurts break-ups up Most people say leave before you cheat But majority of people don't because leaving hurts more scared and when you leave a relationship Especially if you live together your entire life is changed. So people cheat for a peaceful situation at that time But it's just masking like if I took a Percocet right now to mask the pain out of my back I didn't fix my back I just masked the pain that guy with his stuff with another woman because he wasn't turned on by you because he wasn't at peace It's not justified at all. I'm just giving you the reason now There's other things that women want but that's not what I'm speaking about I just want to really bring that as I've learned I've done wrong. I've done right But one thing that I've learned I've turned down some beautiful beautiful women because at the end of the day One small disagreement even if it's a small argument what it turns into I've been turned into a non- \", \"segments\": [{\"id\": 0, \"seek\": 0, \"start\": 0.0, \"end\": 4.119999885559082, \"text\": \" Everybody as a human being has demons as a human being we can all do wrong\", \"tokens\": [50364, 7646, 382, 257, 1952, 885, 575, 19733, 382, 257, 1952, 885, 321, 393, 439, 360, 2085, 50570], \"temperature\": 0.0, \"avg_logprob\": -0.3656829595565796, \"compression_ratio\": 1.823970079421997, \"no_speech_prob\": 0.03604055941104889}, {\"id\": 1, \"seek\": 0, \"start\": 4.119999885559082, \"end\": 9.319999694824219, \"text\": \" We can all do right and we all have triggers men lie women lie people cheat if you're in a relationship\", \"tokens\": [50570, 492, 393, 439, 360, 558, 293, 321, 439, 362, 22827, 1706, 4544, 2266, 4544, 561, 17470, 498, 291, 434, 294, 257, 2480, 50830], \"temperature\": 0.0, \"avg_logprob\": -0.3656829595565796, \"compression_ratio\": 1.823970079421997, \"no_speech_prob\": 0.03604055941104889}, {\"id\": 2, \"seek\": 0, \"start\": 9.5600004196167, \"end\": 12.84000015258789, \"text\": \" Most people are scared to break up. It hurts break-ups up\", \"tokens\": [50842, 4534, 561, 366, 5338, 281, 1821, 493, 13, 467, 11051, 1821, 12, 7528, 493, 51006], \"temperature\": 0.0, \"avg_logprob\": -0.3656829595565796, \"compression_ratio\": 1.823970079421997, \"no_speech_prob\": 0.03604055941104889}, {\"id\": 3, \"seek\": 0, \"start\": 12.84000015258789, \"end\": 14.920000076293945, \"text\": \" Most people say leave before you cheat\", \"tokens\": [51006, 4534, 561, 584, 1856, 949, 291, 17470, 51110], \"temperature\": 0.0, \"avg_logprob\": -0.3656829595565796, \"compression_ratio\": 1.823970079421997, \"no_speech_prob\": 0.03604055941104889}, {\"id\": 4, \"seek\": 0, \"start\": 14.920000076293945, \"end\": 19.68000030517578, \"text\": \" But majority of people don't because leaving hurts more scared and when you leave a relationship\", \"tokens\": [51110, 583, 6286, 295, 561, 500, 380, 570, 5012, 11051, 544, 5338, 293, 562, 291, 1856, 257, 2480, 51348], \"temperature\": 0.0, \"avg_logprob\": -0.3656829595565796, \"compression_ratio\": 1.823970079421997, \"no_speech_prob\": 0.03604055941104889}, {\"id\": 5, \"seek\": 0, \"start\": 20.200000762939453, \"end\": 26.239999771118164, \"text\": \" Especially if you live together your entire life is changed. So people cheat for a peaceful situation at that time\", \"tokens\": [51374, 8545, 498, 291, 1621, 1214, 428, 2302, 993, 307, 3105, 13, 407, 561, 17470, 337, 257, 13962, 2590, 412, 300, 565, 51676], \"temperature\": 0.0, \"avg_logprob\": -0.3656829595565796, \"compression_ratio\": 1.823970079421997, \"no_speech_prob\": 0.03604055941104889}, {\"id\": 6, \"seek\": 2624, \"start\": 26.239999771118164, \"end\": 30.239999771118164, \"text\": \" But it's just masking like if I took a Percocet right now to mask the pain out of my back\", \"tokens\": [50364, 583, 309, 311, 445, 31226, 411, 498, 286, 1890, 257, 430, 2869, 905, 302, 558, 586, 281, 6094, 264, 1822, 484, 295, 452, 646, 50564], \"temperature\": 0.0, \"avg_logprob\": -0.24839508533477783, \"compression_ratio\": 1.9060403108596802, \"no_speech_prob\": 0.1022908017039299}, {\"id\": 7, \"seek\": 2624, \"start\": 30.239999771118164, \"end\": 31.440000534057617, \"text\": \" I didn't fix my back\", \"tokens\": [50564, 286, 994, 380, 3191, 452, 646, 50624], \"temperature\": 0.0, \"avg_logprob\": -0.24839508533477783, \"compression_ratio\": 1.9060403108596802, \"no_speech_prob\": 0.1022908017039299}, {\"id\": 8, \"seek\": 2624, \"start\": 31.440000534057617, \"end\": 37.36000061035156, \"text\": \" I just masked the pain that guy with his stuff with another woman because he wasn't turned on by you because he wasn't at peace\", \"tokens\": [50624, 286, 445, 45249, 264, 1822, 300, 2146, 365, 702, 1507, 365, 1071, 3059, 570, 415, 2067, 380, 3574, 322, 538, 291, 570, 415, 2067, 380, 412, 4336, 50920], \"temperature\": 0.0, \"avg_logprob\": -0.24839508533477783, \"compression_ratio\": 1.9060403108596802, \"no_speech_prob\": 0.1022908017039299}, {\"id\": 9, \"seek\": 2624, \"start\": 37.36000061035156, \"end\": 40.400001525878906, \"text\": \" It's not justified at all. I'm just giving you the reason now\", \"tokens\": [50920, 467, 311, 406, 27808, 412, 439, 13, 286, 478, 445, 2902, 291, 264, 1778, 586, 51072], \"temperature\": 0.0, \"avg_logprob\": -0.24839508533477783, \"compression_ratio\": 1.9060403108596802, \"no_speech_prob\": 0.1022908017039299}, {\"id\": 10, \"seek\": 2624, \"start\": 40.439998626708984, \"end\": 43.68000030517578, \"text\": \" There's other things that women want but that's not what I'm speaking about\", \"tokens\": [51074, 821, 311, 661, 721, 300, 2266, 528, 457, 300, 311, 406, 437, 286, 478, 4124, 466, 51236], \"temperature\": 0.0, \"avg_logprob\": -0.24839508533477783, \"compression_ratio\": 1.9060403108596802, \"no_speech_prob\": 0.1022908017039299}, {\"id\": 11, \"seek\": 2624, \"start\": 43.68000030517578, \"end\": 48.119998931884766, \"text\": \" I just want to really bring that as I've learned I've done wrong. I've done right\", \"tokens\": [51236, 286, 445, 528, 281, 534, 1565, 300, 382, 286, 600, 3264, 286, 600, 1096, 2085, 13, 286, 600, 1096, 558, 51458], \"temperature\": 0.0, \"avg_logprob\": -0.24839508533477783, \"compression_ratio\": 1.9060403108596802, \"no_speech_prob\": 0.1022908017039299}, {\"id\": 12, \"seek\": 2624, \"start\": 48.119998931884766, \"end\": 53.20000076293945, \"text\": \" But one thing that I've learned I've turned down some beautiful beautiful women because at the end of the day\", \"tokens\": [51458, 583, 472, 551, 300, 286, 600, 3264, 286, 600, 3574, 760, 512, 2238, 2238, 2266, 570, 412, 264, 917, 295, 264, 786, 51712], \"temperature\": 0.0, \"avg_logprob\": -0.24839508533477783, \"compression_ratio\": 1.9060403108596802, \"no_speech_prob\": 0.1022908017039299}, {\"id\": 13, \"seek\": 5320, \"start\": 53.20000076293945, \"end\": 59.959999084472656, \"text\": \" One small disagreement even if it's a small argument what it turns into I've been turned into a non-\", \"tokens\": [50410, 1485, 1359, 38947, 754, 498, 309, 311, 257, 1359, 6770, 437, 309, 4523, 666, 286, 600, 668, 3574, 666, 257, 2107, 12, 50702], \"temperature\": 0.0, \"avg_logprob\": -0.41477593779563904, \"compression_ratio\": 1.2048193216323853, \"no_speech_prob\": 0.2537139356136322}]}"}