{"title": "If you don\u2019t spot these red flags early you could end up making the biggest mistake a man can make!", "video_id": "BfjrET3q_wo", "video_url": "https://www.youtube.com/watch?v=BfjrET3q_wo", "description": "", "published_at": "2023-06-02T16:22:03Z", "channel_id": "UC0O-ohYDF4P66HW9XJ4Us8w", "channel_title": "Robbie Kramer", "tags": [], "category_id": "24", "live_broadcast_content": "none", "duration": 38.0, "dimension": "2d", "definition": "hd", "caption": "false", "view_count": 297, "like_count": 4, "comment_count": 0, "channel_info": {"title": "Robbie Kramer", "description": "I'm Robbie Kramer \ud83c\udf99Host of The Inner Confidence Podcast & Founder of Inner Confidence, Inc.\n\nI lived an exhilarating single life filled with adventures and lessons, and ultimately achieved what I had always aspired to \u2013 finding an amazing, feminine, and loving wife. \n\nI believe my experiences provide a rare balance of wild freedom and committed love, equipping me with the insights to help you navigate the complexities of dating and relationships in today's world. Let me guide you to embrace your desires, improve your social prowess, and ultimately attract the partner who aligns with your highest aspirations.\n\nYou won\u2019t find any fluffy, new-age, or cringy stuff here, just tested, proven and actionable advice that yields results.\n\nApply to join our exclusive Inner Confidence Community of ambitious men who are actively working together to achieve their goals faster   \u25ba https://innerconfidence.com/community\n\nYou can email me at robbie@innerconfidence.com with any questions or comments.\n", "subscriber_count": "1270", "total_views": "604693", "total_videos": "470"}, "comments": [], "file_path": "/Users/aelaguiz/workspace/fc_book/audio/raws/BfjrET3q_wo.mp3", "transcription": "{\"text\": \"You, my friend, are a prime candidate to choose the wrong girl and feel anxiety, powerlessness, anger, regret, and all of that other bullshit daily if you pick the wrong girl. How do you protect against this? How do you fend it off? Well, you have options. And having options makes it a hundred times less likely that you're going to settle with a broken girl. In my experience, those guys without options, they marry disgusting, low-life women. And those with options marry cool chicks. We're human and we're designed for companionship. If you're 31 years old and you've been jerking off alone for years, you're going to feel lonely and you're going to settle with whatever loser girl gives you love regardless of how many red flags appear. And trust me, you're going to make excuses for every one of them. \", \"segments\": [{\"id\": 0, \"seek\": 0, \"start\": 0.0, \"end\": 5.039999961853027, \"text\": \" You, my friend, are a prime candidate to choose the wrong girl and feel anxiety, powerlessness,\", \"tokens\": [50364, 509, 11, 452, 1277, 11, 366, 257, 5835, 11532, 281, 2826, 264, 2085, 2013, 293, 841, 9119, 11, 1347, 26663, 11, 50616], \"temperature\": 0.0, \"avg_logprob\": -0.2534693777561188, \"compression_ratio\": 1.7388888597488403, \"no_speech_prob\": 0.039567094296216965}, {\"id\": 1, \"seek\": 0, \"start\": 5.039999961853027, \"end\": 8.84000015258789, \"text\": \" anger, regret, and all of that other bullshit daily if you pick the wrong girl.\", \"tokens\": [50616, 10240, 11, 10879, 11, 293, 439, 295, 300, 661, 22676, 5212, 498, 291, 1888, 264, 2085, 2013, 13, 50806], \"temperature\": 0.0, \"avg_logprob\": -0.2534693777561188, \"compression_ratio\": 1.7388888597488403, \"no_speech_prob\": 0.039567094296216965}, {\"id\": 2, \"seek\": 0, \"start\": 8.84000015258789, \"end\": 10.239999771118164, \"text\": \" How do you protect against this?\", \"tokens\": [50806, 1012, 360, 291, 2371, 1970, 341, 30, 50876], \"temperature\": 0.0, \"avg_logprob\": -0.2534693777561188, \"compression_ratio\": 1.7388888597488403, \"no_speech_prob\": 0.039567094296216965}, {\"id\": 3, \"seek\": 0, \"start\": 10.239999771118164, \"end\": 11.239999771118164, \"text\": \" How do you fend it off?\", \"tokens\": [50876, 1012, 360, 291, 283, 521, 309, 766, 30, 50926], \"temperature\": 0.0, \"avg_logprob\": -0.2534693777561188, \"compression_ratio\": 1.7388888597488403, \"no_speech_prob\": 0.039567094296216965}, {\"id\": 4, \"seek\": 0, \"start\": 11.239999771118164, \"end\": 12.399999618530273, \"text\": \" Well, you have options.\", \"tokens\": [50926, 1042, 11, 291, 362, 3956, 13, 50984], \"temperature\": 0.0, \"avg_logprob\": -0.2534693777561188, \"compression_ratio\": 1.7388888597488403, \"no_speech_prob\": 0.039567094296216965}, {\"id\": 5, \"seek\": 0, \"start\": 12.399999618530273, \"end\": 15.4399995803833, \"text\": \" And having options makes it a hundred times less likely that you're going to settle with\", \"tokens\": [50984, 400, 1419, 3956, 1669, 309, 257, 3262, 1413, 1570, 3700, 300, 291, 434, 516, 281, 11852, 365, 51136], \"temperature\": 0.0, \"avg_logprob\": -0.2534693777561188, \"compression_ratio\": 1.7388888597488403, \"no_speech_prob\": 0.039567094296216965}, {\"id\": 6, \"seek\": 0, \"start\": 15.4399995803833, \"end\": 16.440000534057617, \"text\": \" a broken girl.\", \"tokens\": [51136, 257, 5463, 2013, 13, 51186], \"temperature\": 0.0, \"avg_logprob\": -0.2534693777561188, \"compression_ratio\": 1.7388888597488403, \"no_speech_prob\": 0.039567094296216965}, {\"id\": 7, \"seek\": 0, \"start\": 16.440000534057617, \"end\": 21.239999771118164, \"text\": \" In my experience, those guys without options, they marry disgusting, low-life women.\", \"tokens\": [51186, 682, 452, 1752, 11, 729, 1074, 1553, 3956, 11, 436, 9747, 17552, 11, 2295, 12, 9073, 2266, 13, 51426], \"temperature\": 0.0, \"avg_logprob\": -0.2534693777561188, \"compression_ratio\": 1.7388888597488403, \"no_speech_prob\": 0.039567094296216965}, {\"id\": 8, \"seek\": 0, \"start\": 21.239999771118164, \"end\": 22.959999084472656, \"text\": \" And those with options marry cool chicks.\", \"tokens\": [51426, 400, 729, 365, 3956, 9747, 1627, 42214, 13, 51512], \"temperature\": 0.0, \"avg_logprob\": -0.2534693777561188, \"compression_ratio\": 1.7388888597488403, \"no_speech_prob\": 0.039567094296216965}, {\"id\": 9, \"seek\": 0, \"start\": 22.959999084472656, \"end\": 25.31999969482422, \"text\": \" We're human and we're designed for companionship.\", \"tokens\": [51512, 492, 434, 1952, 293, 321, 434, 4761, 337, 28009, 1210, 13, 51630], \"temperature\": 0.0, \"avg_logprob\": -0.2534693777561188, \"compression_ratio\": 1.7388888597488403, \"no_speech_prob\": 0.039567094296216965}, {\"id\": 10, \"seek\": 0, \"start\": 25.31999969482422, \"end\": 28.760000228881836, \"text\": \" If you're 31 years old and you've been jerking off alone for years, you're going to feel\", \"tokens\": [51630, 759, 291, 434, 10353, 924, 1331, 293, 291, 600, 668, 20160, 5092, 766, 3312, 337, 924, 11, 291, 434, 516, 281, 841, 51802], \"temperature\": 0.0, \"avg_logprob\": -0.2534693777561188, \"compression_ratio\": 1.7388888597488403, \"no_speech_prob\": 0.039567094296216965}, {\"id\": 11, \"seek\": 2876, \"start\": 28.760000228881836, \"end\": 32.880001068115234, \"text\": \" lonely and you're going to settle with whatever loser girl gives you love regardless of how\", \"tokens\": [50364, 14236, 293, 291, 434, 516, 281, 11852, 365, 2035, 24606, 2013, 2709, 291, 959, 10060, 295, 577, 50570], \"temperature\": 0.0, \"avg_logprob\": -0.31734609603881836, \"compression_ratio\": 1.3953487873077393, \"no_speech_prob\": 0.8609613180160522}, {\"id\": 12, \"seek\": 2876, \"start\": 32.880001068115234, \"end\": 34.36000061035156, \"text\": \" many red flags appear.\", \"tokens\": [50570, 867, 2182, 23265, 4204, 13, 50644], \"temperature\": 0.0, \"avg_logprob\": -0.31734609603881836, \"compression_ratio\": 1.3953487873077393, \"no_speech_prob\": 0.8609613180160522}, {\"id\": 13, \"seek\": 2876, \"start\": 34.36000061035156, \"end\": 37.0, \"text\": \" And trust me, you're going to make excuses for every one of them.\", \"tokens\": [50644, 400, 3361, 385, 11, 291, 434, 516, 281, 652, 24666, 337, 633, 472, 295, 552, 13, 50776], \"temperature\": 0.0, \"avg_logprob\": -0.31734609603881836, \"compression_ratio\": 1.3953487873077393, \"no_speech_prob\": 0.8609613180160522}]}"}