{"title": "Travel Mistakes - Full episode # 209", "video_id": "bGbNn16R8XI", "video_url": "https://www.youtube.com/watch?v=bGbNn16R8XI", "description": "To listen to more episodes of the Inner Confidence Podcast, visit the links below:\nWebsite: https://innerconfidence.com/podcast/\niTunes:https://podcasts.apple.com/us/podcast/inner-confidence-podcast/id986699444 \nSpotify: https://open.spotify.com/show/2zkWuTnt7whvnR6CO6oNPV\nRSS: https://innerconfidence.com/series/leverage-podcast/feed/\n\nAnd if you're interested in learning more about my coaching services and connecting with me, check out these links:\nLinkTree: https://linktr.ee/Robbiekramer\nMain Site: https://innerconfidence.com/\nInstagram: https://www.instagram.com/robbie_kramer/\nTikTok: https://www.tiktok.com/@robbie.kramer\nYouTube: https://www.youtube.com/innerconfidence\n\nThank you for tuning in, and I look forward to helping you build your inner confidence and achieve success!\n\nJoin us : https://innerconfidence.com/leverage/\nBook a call with me : https://start.innerconfidence.com/video1\n\n\n#personaldevelopment #selfimprovement #innerconfidence #innerconfidencepodcast #podcast #coaching #success #motivation #inspiration #mindset #datingcoach #relationshipgoals #confidencecoach #selfimprovement #successfulmen", "published_at": "2022-12-23T21:00:24Z", "channel_id": "UC0O-ohYDF4P66HW9XJ4Us8w", "channel_title": "Robbie Kramer", "tags": [], "category_id": "26", "live_broadcast_content": "none", "duration": 50.0, "dimension": "2d", "definition": "hd", "caption": "false", "view_count": 296, "like_count": 0, "comment_count": 3, "channel_info": {"title": "Robbie Kramer", "description": "I'm Robbie Kramer \ud83c\udf99Host of The Inner Confidence Podcast & Founder of Inner Confidence, Inc.\n\nI lived an exhilarating single life filled with adventures and lessons, and ultimately achieved what I had always aspired to \u2013 finding an amazing, feminine, and loving wife. \n\nI believe my experiences provide a rare balance of wild freedom and committed love, equipping me with the insights to help you navigate the complexities of dating and relationships in today's world. Let me guide you to embrace your desires, improve your social prowess, and ultimately attract the partner who aligns with your highest aspirations.\n\nYou won\u2019t find any fluffy, new-age, or cringy stuff here, just tested, proven and actionable advice that yields results.\n\nApply to join our exclusive Inner Confidence Community of ambitious men who are actively working together to achieve their goals faster   \u25ba https://innerconfidence.com/community\n\nYou can email me at robbie@innerconfidence.com with any questions or comments.\n", "subscriber_count": "1270", "total_views": "604693", "total_videos": "470"}, "comments": [], "file_path": "/Users/aelaguiz/workspace/fc_book/audio/raws/bGbNn16R8XI.mp3", "transcription": "{\"text\": \"We're gonna cover in this podcast the four or five biggest mistakes guys make while traveling where to go we're not to go and a bunch of other cool stuff, so You know the first thing to talk about is why travel anyways obviously if you're a single guy You should be focusing on building your empire right like that means making money Meeting women building your dating funnels going on dates and building your social circle And if you're doing anything else right like besides these fundamental core opportunities Then you're not really growing anything right and when you travel if you leave All of that stuff gets put on gets put on hold right and I'm not against taking a vacation somewhere But if you're gonna take a vacation if you're gonna spend the time and the money at least make it count \", \"segments\": [{\"id\": 0, \"seek\": 0, \"start\": 0.0, \"end\": 6.320000171661377, \"text\": \" We're gonna cover in this podcast the four or five biggest mistakes guys make while traveling where to go\", \"tokens\": [50364, 492, 434, 799, 2060, 294, 341, 7367, 264, 1451, 420, 1732, 3880, 8038, 1074, 652, 1339, 9712, 689, 281, 352, 50680], \"temperature\": 0.0, \"avg_logprob\": -0.3120974600315094, \"compression_ratio\": 1.698795199394226, \"no_speech_prob\": 0.10663554817438126}, {\"id\": 1, \"seek\": 0, \"start\": 6.320000171661377, \"end\": 8.880000114440918, \"text\": \" we're not to go and a bunch of other cool stuff, so\", \"tokens\": [50680, 321, 434, 406, 281, 352, 293, 257, 3840, 295, 661, 1627, 1507, 11, 370, 50808], \"temperature\": 0.0, \"avg_logprob\": -0.3120974600315094, \"compression_ratio\": 1.698795199394226, \"no_speech_prob\": 0.10663554817438126}, {\"id\": 2, \"seek\": 0, \"start\": 9.960000038146973, \"end\": 14.079999923706055, \"text\": \" You know the first thing to talk about is why travel anyways obviously if you're a single guy\", \"tokens\": [50862, 509, 458, 264, 700, 551, 281, 751, 466, 307, 983, 3147, 13448, 2745, 498, 291, 434, 257, 2167, 2146, 51068], \"temperature\": 0.0, \"avg_logprob\": -0.3120974600315094, \"compression_ratio\": 1.698795199394226, \"no_speech_prob\": 0.10663554817438126}, {\"id\": 3, \"seek\": 0, \"start\": 14.479999542236328, \"end\": 20.200000762939453, \"text\": \" You should be focusing on building your empire right like that means making money\", \"tokens\": [51088, 509, 820, 312, 8416, 322, 2390, 428, 17506, 558, 411, 300, 1355, 1455, 1460, 51374], \"temperature\": 0.0, \"avg_logprob\": -0.3120974600315094, \"compression_ratio\": 1.698795199394226, \"no_speech_prob\": 0.10663554817438126}, {\"id\": 4, \"seek\": 0, \"start\": 21.059999465942383, \"end\": 26.65999984741211, \"text\": \" Meeting women building your dating funnels going on dates and building your social circle\", \"tokens\": [51417, 33217, 2266, 2390, 428, 10689, 1019, 19936, 516, 322, 11691, 293, 2390, 428, 2093, 6329, 51697], \"temperature\": 0.0, \"avg_logprob\": -0.3120974600315094, \"compression_ratio\": 1.698795199394226, \"no_speech_prob\": 0.10663554817438126}, {\"id\": 5, \"seek\": 2666, \"start\": 26.65999984741211, \"end\": 30.100000381469727, \"text\": \" And if you're doing anything else right like\", \"tokens\": [50364, 400, 498, 291, 434, 884, 1340, 1646, 558, 411, 50536], \"temperature\": 0.0, \"avg_logprob\": -0.30175766348838806, \"compression_ratio\": 1.784688949584961, \"no_speech_prob\": 0.004198125097900629}, {\"id\": 6, \"seek\": 2666, \"start\": 30.780000686645508, \"end\": 33.619998931884766, \"text\": \" besides these fundamental core opportunities\", \"tokens\": [50570, 11868, 613, 8088, 4965, 4786, 50712], \"temperature\": 0.0, \"avg_logprob\": -0.30175766348838806, \"compression_ratio\": 1.784688949584961, \"no_speech_prob\": 0.004198125097900629}, {\"id\": 7, \"seek\": 2666, \"start\": 34.02000045776367, \"end\": 39.099998474121094, \"text\": \" Then you're not really growing anything right and when you travel if you leave\", \"tokens\": [50732, 1396, 291, 434, 406, 534, 4194, 1340, 558, 293, 562, 291, 3147, 498, 291, 1856, 50986], \"temperature\": 0.0, \"avg_logprob\": -0.30175766348838806, \"compression_ratio\": 1.784688949584961, \"no_speech_prob\": 0.004198125097900629}, {\"id\": 8, \"seek\": 2666, \"start\": 39.540000915527344, \"end\": 45.2599983215332, \"text\": \" All of that stuff gets put on gets put on hold right and I'm not against taking a vacation somewhere\", \"tokens\": [51008, 1057, 295, 300, 1507, 2170, 829, 322, 2170, 829, 322, 1797, 558, 293, 286, 478, 406, 1970, 1940, 257, 12830, 4079, 51294], \"temperature\": 0.0, \"avg_logprob\": -0.30175766348838806, \"compression_ratio\": 1.784688949584961, \"no_speech_prob\": 0.004198125097900629}, {\"id\": 9, \"seek\": 2666, \"start\": 45.2599983215332, \"end\": 48.70000076293945, \"text\": \" But if you're gonna take a vacation if you're gonna spend the time and the money at least make it count\", \"tokens\": [51294, 583, 498, 291, 434, 799, 747, 257, 12830, 498, 291, 434, 799, 3496, 264, 565, 293, 264, 1460, 412, 1935, 652, 309, 1207, 51466], \"temperature\": 0.0, \"avg_logprob\": -0.30175766348838806, \"compression_ratio\": 1.784688949584961, \"no_speech_prob\": 0.004198125097900629}]}"}