{"title": "Non-Monogamy: Is it natural for humans?", "video_id": "BGXmP7jRSx0", "video_url": "https://www.youtube.com/watch?v=BGXmP7jRSx0", "description": "", "published_at": "2023-12-07T18:57:44Z", "channel_id": "UC0O-ohYDF4P66HW9XJ4Us8w", "channel_title": "Robbie Kramer", "tags": [], "category_id": "24", "live_broadcast_content": "none", "duration": 60.0, "dimension": "2d", "definition": "hd", "caption": "false", "view_count": 525, "like_count": 6, "comment_count": 0, "channel_info": {"title": "Robbie Kramer", "description": "I'm Robbie Kramer \ud83c\udf99Host of The Inner Confidence Podcast & Founder of Inner Confidence, Inc.\n\nI lived an exhilarating single life filled with adventures and lessons, and ultimately achieved what I had always aspired to \u2013 finding an amazing, feminine, and loving wife. \n\nI believe my experiences provide a rare balance of wild freedom and committed love, equipping me with the insights to help you navigate the complexities of dating and relationships in today's world. Let me guide you to embrace your desires, improve your social prowess, and ultimately attract the partner who aligns with your highest aspirations.\n\nYou won\u2019t find any fluffy, new-age, or cringy stuff here, just tested, proven and actionable advice that yields results.\n\nApply to join our exclusive Inner Confidence Community of ambitious men who are actively working together to achieve their goals faster   \u25ba https://innerconfidence.com/community\n\nYou can email me at robbie@innerconfidence.com with any questions or comments.\n", "subscriber_count": "1270", "total_views": "604693", "total_videos": "470"}, "comments": [], "file_path": "/Users/aelaguiz/workspace/fc_book/audio/raws/BGXmP7jRSx0.mp3", "transcription": "{\"text\": \"My belief is that human beings are animals and we have instincts like animals. I just don't know that I think monogamy is very natural, though I don't judge it. Of course, I understand there are structures in place and it works for a lot of people and a lot goes into non-monogamy if you really want to succeed at that. For most of my life, non-monogamy, having a role in my relationship was as important to me as the person itself. It felt to me so counter to everything about myself to tell somebody else that they get to decide what the f*** I do with my body. And I don't like the idea of having the impulse to be sexual or have a sexual relationship with somebody and being told no by some third party. That, to me, always didn't sit right. So when it came to dating, it's not like I approached this with just a wholly healthy outlook in my younger years. I would say I had a bit more of like a masculine approach or a traditionally masculine approach to things that like... Well, I mean, if you think about just the standard narrative... \", \"segments\": [{\"id\": 0, \"seek\": 0, \"start\": 0.0, \"end\": 5.159999847412109, \"text\": \" My belief is that human beings are animals and we have instincts like animals.\", \"tokens\": [50364, 1222, 7107, 307, 300, 1952, 8958, 366, 4882, 293, 321, 362, 38997, 411, 4882, 13, 50622], \"temperature\": 0.0, \"avg_logprob\": -0.23303620517253876, \"compression_ratio\": 1.6864111423492432, \"no_speech_prob\": 0.039374418556690216}, {\"id\": 1, \"seek\": 0, \"start\": 5.159999847412109, \"end\": 9.479999542236328, \"text\": \" I just don't know that I think monogamy is very natural, though I don't judge it.\", \"tokens\": [50622, 286, 445, 500, 380, 458, 300, 286, 519, 1108, 664, 7804, 307, 588, 3303, 11, 1673, 286, 500, 380, 6995, 309, 13, 50838], \"temperature\": 0.0, \"avg_logprob\": -0.23303620517253876, \"compression_ratio\": 1.6864111423492432, \"no_speech_prob\": 0.039374418556690216}, {\"id\": 2, \"seek\": 0, \"start\": 9.479999542236328, \"end\": 11.640000343322754, \"text\": \" Of course, I understand there are structures in place\", \"tokens\": [50838, 2720, 1164, 11, 286, 1223, 456, 366, 9227, 294, 1081, 50946], \"temperature\": 0.0, \"avg_logprob\": -0.23303620517253876, \"compression_ratio\": 1.6864111423492432, \"no_speech_prob\": 0.039374418556690216}, {\"id\": 3, \"seek\": 0, \"start\": 11.640000343322754, \"end\": 15.520000457763672, \"text\": \" and it works for a lot of people and a lot goes into non-monogamy\", \"tokens\": [50946, 293, 309, 1985, 337, 257, 688, 295, 561, 293, 257, 688, 1709, 666, 2107, 12, 3317, 664, 7804, 51140], \"temperature\": 0.0, \"avg_logprob\": -0.23303620517253876, \"compression_ratio\": 1.6864111423492432, \"no_speech_prob\": 0.039374418556690216}, {\"id\": 4, \"seek\": 0, \"start\": 15.520000457763672, \"end\": 17.280000686645508, \"text\": \" if you really want to succeed at that.\", \"tokens\": [51140, 498, 291, 534, 528, 281, 7754, 412, 300, 13, 51228], \"temperature\": 0.0, \"avg_logprob\": -0.23303620517253876, \"compression_ratio\": 1.6864111423492432, \"no_speech_prob\": 0.039374418556690216}, {\"id\": 5, \"seek\": 0, \"start\": 17.280000686645508, \"end\": 21.799999237060547, \"text\": \" For most of my life, non-monogamy, having a role in my relationship\", \"tokens\": [51228, 1171, 881, 295, 452, 993, 11, 2107, 12, 3317, 664, 7804, 11, 1419, 257, 3090, 294, 452, 2480, 51454], \"temperature\": 0.0, \"avg_logprob\": -0.23303620517253876, \"compression_ratio\": 1.6864111423492432, \"no_speech_prob\": 0.039374418556690216}, {\"id\": 6, \"seek\": 0, \"start\": 21.799999237060547, \"end\": 24.15999984741211, \"text\": \" was as important to me as the person itself.\", \"tokens\": [51454, 390, 382, 1021, 281, 385, 382, 264, 954, 2564, 13, 51572], \"temperature\": 0.0, \"avg_logprob\": -0.23303620517253876, \"compression_ratio\": 1.6864111423492432, \"no_speech_prob\": 0.039374418556690216}, {\"id\": 7, \"seek\": 0, \"start\": 24.479999542236328, \"end\": 28.68000030517578, \"text\": \" It felt to me so counter to everything about myself\", \"tokens\": [51588, 467, 2762, 281, 385, 370, 5682, 281, 1203, 466, 2059, 51798], \"temperature\": 0.0, \"avg_logprob\": -0.23303620517253876, \"compression_ratio\": 1.6864111423492432, \"no_speech_prob\": 0.039374418556690216}, {\"id\": 8, \"seek\": 2868, \"start\": 28.68000030517578, \"end\": 34.31999969482422, \"text\": \" to tell somebody else that they get to decide what the f*** I do with my body.\", \"tokens\": [50364, 281, 980, 2618, 1646, 300, 436, 483, 281, 4536, 437, 264, 283, 13684, 286, 360, 365, 452, 1772, 13, 50646], \"temperature\": 0.0, \"avg_logprob\": -0.23199015855789185, \"compression_ratio\": 1.7093425989151, \"no_speech_prob\": 0.0900469422340393}, {\"id\": 9, \"seek\": 2868, \"start\": 34.31999969482422, \"end\": 37.91999816894531, \"text\": \" And I don't like the idea of having the impulse to be sexual\", \"tokens\": [50646, 400, 286, 500, 380, 411, 264, 1558, 295, 1419, 264, 26857, 281, 312, 6701, 50826], \"temperature\": 0.0, \"avg_logprob\": -0.23199015855789185, \"compression_ratio\": 1.7093425989151, \"no_speech_prob\": 0.0900469422340393}, {\"id\": 10, \"seek\": 2868, \"start\": 37.91999816894531, \"end\": 41.68000030517578, \"text\": \" or have a sexual relationship with somebody and being told no by some third party.\", \"tokens\": [50826, 420, 362, 257, 6701, 2480, 365, 2618, 293, 885, 1907, 572, 538, 512, 2636, 3595, 13, 51014], \"temperature\": 0.0, \"avg_logprob\": -0.23199015855789185, \"compression_ratio\": 1.7093425989151, \"no_speech_prob\": 0.0900469422340393}, {\"id\": 11, \"seek\": 2868, \"start\": 41.68000030517578, \"end\": 43.84000015258789, \"text\": \" That, to me, always didn't sit right.\", \"tokens\": [51014, 663, 11, 281, 385, 11, 1009, 994, 380, 1394, 558, 13, 51122], \"temperature\": 0.0, \"avg_logprob\": -0.23199015855789185, \"compression_ratio\": 1.7093425989151, \"no_speech_prob\": 0.0900469422340393}, {\"id\": 12, \"seek\": 2868, \"start\": 43.84000015258789, \"end\": 47.0, \"text\": \" So when it came to dating, it's not like I approached this\", \"tokens\": [51122, 407, 562, 309, 1361, 281, 10689, 11, 309, 311, 406, 411, 286, 17247, 341, 51280], \"temperature\": 0.0, \"avg_logprob\": -0.23199015855789185, \"compression_ratio\": 1.7093425989151, \"no_speech_prob\": 0.0900469422340393}, {\"id\": 13, \"seek\": 2868, \"start\": 47.0, \"end\": 51.119998931884766, \"text\": \" with just a wholly healthy outlook in my younger years.\", \"tokens\": [51280, 365, 445, 257, 45157, 4627, 26650, 294, 452, 7037, 924, 13, 51486], \"temperature\": 0.0, \"avg_logprob\": -0.23199015855789185, \"compression_ratio\": 1.7093425989151, \"no_speech_prob\": 0.0900469422340393}, {\"id\": 14, \"seek\": 2868, \"start\": 51.119998931884766, \"end\": 54.08000183105469, \"text\": \" I would say I had a bit more of like a masculine approach\", \"tokens\": [51486, 286, 576, 584, 286, 632, 257, 857, 544, 295, 411, 257, 28992, 3109, 51634], \"temperature\": 0.0, \"avg_logprob\": -0.23199015855789185, \"compression_ratio\": 1.7093425989151, \"no_speech_prob\": 0.0900469422340393}, {\"id\": 15, \"seek\": 2868, \"start\": 54.08000183105469, \"end\": 56.720001220703125, \"text\": \" or a traditionally masculine approach to things that like...\", \"tokens\": [51634, 420, 257, 19067, 28992, 3109, 281, 721, 300, 411, 485, 51766], \"temperature\": 0.0, \"avg_logprob\": -0.23199015855789185, \"compression_ratio\": 1.7093425989151, \"no_speech_prob\": 0.0900469422340393}, {\"id\": 16, \"seek\": 5672, \"start\": 56.720001220703125, \"end\": 59.0, \"text\": \" Well, I mean, if you think about just the standard narrative...\", \"tokens\": [50364, 1042, 11, 286, 914, 11, 498, 291, 519, 466, 445, 264, 3832, 9977, 485, 50478], \"temperature\": 0.0, \"avg_logprob\": -0.3604598641395569, \"compression_ratio\": 0.9130434989929199, \"no_speech_prob\": 0.6872493624687195}]}"}