{"title": "Unconventional Pickup Lines: Hilarious Attempts to Score a Date! (episode 252)", "video_id": "bk4cz8Ur38Q", "video_url": "https://www.youtube.com/watch?v=bk4cz8Ur38Q", "description": "", "published_at": "2023-12-18T18:48:42Z", "channel_id": "UC0O-ohYDF4P66HW9XJ4Us8w", "channel_title": "Robbie Kramer", "tags": [], "category_id": "24", "live_broadcast_content": "none", "duration": 51.0, "dimension": "2d", "definition": "hd", "caption": "false", "view_count": 2259, "like_count": 16, "comment_count": 2, "channel_info": {"title": "Robbie Kramer", "description": "I'm Robbie Kramer \ud83c\udf99Host of The Inner Confidence Podcast & Founder of Inner Confidence, Inc.\n\nI lived an exhilarating single life filled with adventures and lessons, and ultimately achieved what I had always aspired to \u2013 finding an amazing, feminine, and loving wife. \n\nI believe my experiences provide a rare balance of wild freedom and committed love, equipping me with the insights to help you navigate the complexities of dating and relationships in today's world. Let me guide you to embrace your desires, improve your social prowess, and ultimately attract the partner who aligns with your highest aspirations.\n\nYou won\u2019t find any fluffy, new-age, or cringy stuff here, just tested, proven and actionable advice that yields results.\n\nApply to join our exclusive Inner Confidence Community of ambitious men who are actively working together to achieve their goals faster   \u25ba https://innerconfidence.com/community\n\nYou can email me at robbie@innerconfidence.com with any questions or comments.\n", "subscriber_count": "1270", "total_views": "604693", "total_videos": "470"}, "comments": [], "file_path": "/Users/aelaguiz/workspace/fc_book/audio/raws/bk4cz8Ur38Q.mp3", "transcription": "{\"text\": \"Sorry, moderately attractive. Aha, I knew you were listening. Well, you know, lose the sad eyes, the droopy mouth. I could get you an upgrade. So having firmly established the ground rules, what are you doing two weeks on Saturday? So now that I'm firmly just in your life to be a friend and to help you over your bad mood, how about a date next Saturday? Right. So this is he's so good. Like this guy's game is really on point. Probably killing myself. Excellent. What time does that finish? Do you like boards? I like that. It's like a total nonsense, but it's so funny. Then what time is it finish? Exactly. You know, when you're done telling yourself, let's go on a date. So I'm getting a little bit thirsty. \", \"segments\": [{\"id\": 0, \"seek\": 0, \"start\": 0.0, \"end\": 3.2799999713897705, \"text\": \" Sorry, moderately attractive.\", \"tokens\": [50364, 4919, 11, 10494, 1592, 951, 424, 20221, 13, 50528], \"temperature\": 0.0, \"avg_logprob\": -0.3423773944377899, \"compression_ratio\": 1.541832685470581, \"no_speech_prob\": 0.07687047123908997}, {\"id\": 1, \"seek\": 0, \"start\": 3.640000104904175, \"end\": 6.0, \"text\": \" Aha, I knew you were listening.\", \"tokens\": [50546, 27448, 11, 286, 2586, 291, 645, 4764, 13, 50664], \"temperature\": 0.0, \"avg_logprob\": -0.3423773944377899, \"compression_ratio\": 1.541832685470581, \"no_speech_prob\": 0.07687047123908997}, {\"id\": 2, \"seek\": 0, \"start\": 6.519999980926514, \"end\": 9.119999885559082, \"text\": \" Well, you know, lose the sad eyes, the droopy mouth.\", \"tokens\": [50690, 1042, 11, 291, 458, 11, 3624, 264, 4227, 2575, 11, 264, 3789, 19680, 4525, 13, 50820], \"temperature\": 0.0, \"avg_logprob\": -0.3423773944377899, \"compression_ratio\": 1.541832685470581, \"no_speech_prob\": 0.07687047123908997}, {\"id\": 3, \"seek\": 0, \"start\": 9.119999885559082, \"end\": 10.0, \"text\": \" I could get you an upgrade.\", \"tokens\": [50820, 286, 727, 483, 291, 364, 11484, 13, 50864], \"temperature\": 0.0, \"avg_logprob\": -0.3423773944377899, \"compression_ratio\": 1.541832685470581, \"no_speech_prob\": 0.07687047123908997}, {\"id\": 4, \"seek\": 0, \"start\": 12.119999885559082, \"end\": 15.319999694824219, \"text\": \" So having firmly established the ground rules, what are you doing\", \"tokens\": [50970, 407, 1419, 20031, 7545, 264, 2727, 4474, 11, 437, 366, 291, 884, 51130], \"temperature\": 0.0, \"avg_logprob\": -0.3423773944377899, \"compression_ratio\": 1.541832685470581, \"no_speech_prob\": 0.07687047123908997}, {\"id\": 5, \"seek\": 0, \"start\": 15.319999694824219, \"end\": 16.200000762939453, \"text\": \" two weeks on Saturday?\", \"tokens\": [51130, 732, 3259, 322, 8803, 30, 51174], \"temperature\": 0.0, \"avg_logprob\": -0.3423773944377899, \"compression_ratio\": 1.541832685470581, \"no_speech_prob\": 0.07687047123908997}, {\"id\": 6, \"seek\": 0, \"start\": 18.360000610351562, \"end\": 22.280000686645508, \"text\": \" So now that I'm firmly just in your life to be a friend and to\", \"tokens\": [51282, 407, 586, 300, 286, 478, 20031, 445, 294, 428, 993, 281, 312, 257, 1277, 293, 281, 51478], \"temperature\": 0.0, \"avg_logprob\": -0.3423773944377899, \"compression_ratio\": 1.541832685470581, \"no_speech_prob\": 0.07687047123908997}, {\"id\": 7, \"seek\": 0, \"start\": 22.280000686645508, \"end\": 25.15999984741211, \"text\": \" help you over your bad mood, how about a date next Saturday?\", \"tokens\": [51478, 854, 291, 670, 428, 1578, 9268, 11, 577, 466, 257, 4002, 958, 8803, 30, 51622], \"temperature\": 0.0, \"avg_logprob\": -0.3423773944377899, \"compression_ratio\": 1.541832685470581, \"no_speech_prob\": 0.07687047123908997}, {\"id\": 8, \"seek\": 0, \"start\": 25.600000381469727, \"end\": 26.040000915527344, \"text\": \" Right.\", \"tokens\": [51644, 1779, 13, 51666], \"temperature\": 0.0, \"avg_logprob\": -0.3423773944377899, \"compression_ratio\": 1.541832685470581, \"no_speech_prob\": 0.07687047123908997}, {\"id\": 9, \"seek\": 0, \"start\": 26.079999923706055, \"end\": 28.079999923706055, \"text\": \" So this is he's so good.\", \"tokens\": [51668, 407, 341, 307, 415, 311, 370, 665, 13, 51768], \"temperature\": 0.0, \"avg_logprob\": -0.3423773944377899, \"compression_ratio\": 1.541832685470581, \"no_speech_prob\": 0.07687047123908997}, {\"id\": 10, \"seek\": 2808, \"start\": 28.280000686645508, \"end\": 30.239999771118164, \"text\": \" Like this guy's game is really on point.\", \"tokens\": [50374, 1743, 341, 2146, 311, 1216, 307, 534, 322, 935, 13, 50472], \"temperature\": 0.0, \"avg_logprob\": -0.3215622901916504, \"compression_ratio\": 1.4794520139694214, \"no_speech_prob\": 0.002844402100890875}, {\"id\": 11, \"seek\": 2808, \"start\": 30.440000534057617, \"end\": 31.520000457763672, \"text\": \" Probably killing myself.\", \"tokens\": [50482, 9210, 8011, 2059, 13, 50536], \"temperature\": 0.0, \"avg_logprob\": -0.3215622901916504, \"compression_ratio\": 1.4794520139694214, \"no_speech_prob\": 0.002844402100890875}, {\"id\": 12, \"seek\": 2808, \"start\": 31.719999313354492, \"end\": 32.31999969482422, \"text\": \" Excellent.\", \"tokens\": [50546, 16723, 13, 50576], \"temperature\": 0.0, \"avg_logprob\": -0.3215622901916504, \"compression_ratio\": 1.4794520139694214, \"no_speech_prob\": 0.002844402100890875}, {\"id\": 13, \"seek\": 2808, \"start\": 32.52000045776367, \"end\": 33.400001525878906, \"text\": \" What time does that finish?\", \"tokens\": [50586, 708, 565, 775, 300, 2413, 30, 50630], \"temperature\": 0.0, \"avg_logprob\": -0.3215622901916504, \"compression_ratio\": 1.4794520139694214, \"no_speech_prob\": 0.002844402100890875}, {\"id\": 14, \"seek\": 2808, \"start\": 33.91999816894531, \"end\": 34.880001068115234, \"text\": \" Do you like boards?\", \"tokens\": [50656, 1144, 291, 411, 13293, 30, 50704], \"temperature\": 0.0, \"avg_logprob\": -0.3215622901916504, \"compression_ratio\": 1.4794520139694214, \"no_speech_prob\": 0.002844402100890875}, {\"id\": 15, \"seek\": 2808, \"start\": 36.0, \"end\": 36.68000030517578, \"text\": \" I like that.\", \"tokens\": [50760, 286, 411, 300, 13, 50794], \"temperature\": 0.0, \"avg_logprob\": -0.3215622901916504, \"compression_ratio\": 1.4794520139694214, \"no_speech_prob\": 0.002844402100890875}, {\"id\": 16, \"seek\": 2808, \"start\": 36.68000030517578, \"end\": 39.91999816894531, \"text\": \" It's like a total nonsense, but it's so funny.\", \"tokens\": [50794, 467, 311, 411, 257, 3217, 14925, 11, 457, 309, 311, 370, 4074, 13, 50956], \"temperature\": 0.0, \"avg_logprob\": -0.3215622901916504, \"compression_ratio\": 1.4794520139694214, \"no_speech_prob\": 0.002844402100890875}, {\"id\": 17, \"seek\": 2808, \"start\": 40.31999969482422, \"end\": 42.31999969482422, \"text\": \" Then what time is it finish?\", \"tokens\": [50976, 1396, 437, 565, 307, 309, 2413, 30, 51076], \"temperature\": 0.0, \"avg_logprob\": -0.3215622901916504, \"compression_ratio\": 1.4794520139694214, \"no_speech_prob\": 0.002844402100890875}, {\"id\": 18, \"seek\": 2808, \"start\": 42.720001220703125, \"end\": 43.08000183105469, \"text\": \" Exactly.\", \"tokens\": [51096, 7587, 13, 51114], \"temperature\": 0.0, \"avg_logprob\": -0.3215622901916504, \"compression_ratio\": 1.4794520139694214, \"no_speech_prob\": 0.002844402100890875}, {\"id\": 19, \"seek\": 2808, \"start\": 43.08000183105469, \"end\": 47.439998626708984, \"text\": \" You know, when you're done telling yourself, let's go on a date.\", \"tokens\": [51114, 509, 458, 11, 562, 291, 434, 1096, 3585, 1803, 11, 718, 311, 352, 322, 257, 4002, 13, 51332], \"temperature\": 0.0, \"avg_logprob\": -0.3215622901916504, \"compression_ratio\": 1.4794520139694214, \"no_speech_prob\": 0.002844402100890875}, {\"id\": 20, \"seek\": 2808, \"start\": 48.400001525878906, \"end\": 49.959999084472656, \"text\": \" So I'm getting a little bit thirsty.\", \"tokens\": [51380, 407, 286, 478, 1242, 257, 707, 857, 28115, 13, 51458], \"temperature\": 0.0, \"avg_logprob\": -0.3215622901916504, \"compression_ratio\": 1.4794520139694214, \"no_speech_prob\": 0.002844402100890875}]}"}