{"title": "Flirting with another man in front of your fianc\u00e9\u2026", "video_id": "bm8mWUlkGYM", "video_url": "https://www.youtube.com/watch?v=bm8mWUlkGYM", "description": "", "published_at": "2023-05-30T22:43:08Z", "channel_id": "UC0O-ohYDF4P66HW9XJ4Us8w", "channel_title": "Robbie Kramer", "tags": [], "category_id": "24", "live_broadcast_content": "none", "duration": 42.0, "dimension": "2d", "definition": "hd", "caption": "false", "view_count": 619, "like_count": 13, "comment_count": 0, "channel_info": {"title": "Robbie Kramer", "description": "I'm Robbie Kramer \ud83c\udf99Host of The Inner Confidence Podcast & Founder of Inner Confidence, Inc.\n\nI lived an exhilarating single life filled with adventures and lessons, and ultimately achieved what I had always aspired to \u2013 finding an amazing, feminine, and loving wife. \n\nI believe my experiences provide a rare balance of wild freedom and committed love, equipping me with the insights to help you navigate the complexities of dating and relationships in today's world. Let me guide you to embrace your desires, improve your social prowess, and ultimately attract the partner who aligns with your highest aspirations.\n\nYou won\u2019t find any fluffy, new-age, or cringy stuff here, just tested, proven and actionable advice that yields results.\n\nApply to join our exclusive Inner Confidence Community of ambitious men who are actively working together to achieve their goals faster   \u25ba https://innerconfidence.com/community\n\nYou can email me at robbie@innerconfidence.com with any questions or comments.\n", "subscriber_count": "1270", "total_views": "604693", "total_videos": "470"}, "comments": [], "file_path": "/Users/aelaguiz/workspace/fc_book/audio/raws/bm8mWUlkGYM.mp3", "transcription": "{\"text\": \"I want to introduce you to Chris Wilton. Chris Wilton, this is Nola Rice, my fianc\\u00e9e. She's quite something, isn't she? What did you think of that one? I don't know. I would never react like this. You know, like... I mean, put yourself into your shoes before you were made. She's a fianc\\u00e9e, and the guy gets so close to her, I would say, sorry, I'm engaged. Spoiler alert, they end up having sex, like in a field, I think. Oh my God, it's so bad. Like, it was obvious that they have a sexual tension from the beginning, so when he came, he knew that he can, you know, get so close to her, because, you know, he saw that she's really attracted to him, and I think it's not good if you're engaged. \", \"segments\": [{\"id\": 0, \"seek\": 0, \"start\": 0.0, \"end\": 6.0, \"text\": \" I want to introduce you to Chris Wilton. Chris Wilton, this is Nola Rice, my fianc\\u00e9e.\", \"tokens\": [50364, 286, 528, 281, 5366, 291, 281, 6688, 9483, 1756, 13, 6688, 9483, 1756, 11, 341, 307, 426, 4711, 19386, 11, 452, 49513, 66, 3856, 13, 50664], \"temperature\": 0.0, \"avg_logprob\": -0.333840936422348, \"compression_ratio\": 1.576208233833313, \"no_speech_prob\": 0.12906381487846375}, {\"id\": 1, \"seek\": 0, \"start\": 8.0, \"end\": 11.0, \"text\": \" She's quite something, isn't she?\", \"tokens\": [50764, 1240, 311, 1596, 746, 11, 1943, 380, 750, 30, 50914], \"temperature\": 0.0, \"avg_logprob\": -0.333840936422348, \"compression_ratio\": 1.576208233833313, \"no_speech_prob\": 0.12906381487846375}, {\"id\": 2, \"seek\": 0, \"start\": 11.0, \"end\": 12.0, \"text\": \" What did you think of that one?\", \"tokens\": [50914, 708, 630, 291, 519, 295, 300, 472, 30, 50964], \"temperature\": 0.0, \"avg_logprob\": -0.333840936422348, \"compression_ratio\": 1.576208233833313, \"no_speech_prob\": 0.12906381487846375}, {\"id\": 3, \"seek\": 0, \"start\": 12.0, \"end\": 14.0, \"text\": \" I don't know. I would never react like this.\", \"tokens\": [50964, 286, 500, 380, 458, 13, 286, 576, 1128, 4515, 411, 341, 13, 51064], \"temperature\": 0.0, \"avg_logprob\": -0.333840936422348, \"compression_ratio\": 1.576208233833313, \"no_speech_prob\": 0.12906381487846375}, {\"id\": 4, \"seek\": 0, \"start\": 14.0, \"end\": 15.0, \"text\": \" You know, like...\", \"tokens\": [51064, 509, 458, 11, 411, 485, 51114], \"temperature\": 0.0, \"avg_logprob\": -0.333840936422348, \"compression_ratio\": 1.576208233833313, \"no_speech_prob\": 0.12906381487846375}, {\"id\": 5, \"seek\": 0, \"start\": 15.0, \"end\": 18.0, \"text\": \" I mean, put yourself into your shoes before you were made.\", \"tokens\": [51114, 286, 914, 11, 829, 1803, 666, 428, 6654, 949, 291, 645, 1027, 13, 51264], \"temperature\": 0.0, \"avg_logprob\": -0.333840936422348, \"compression_ratio\": 1.576208233833313, \"no_speech_prob\": 0.12906381487846375}, {\"id\": 6, \"seek\": 0, \"start\": 18.0, \"end\": 23.0, \"text\": \" She's a fianc\\u00e9e, and the guy gets so close to her, I would say, sorry, I'm engaged.\", \"tokens\": [51264, 1240, 311, 257, 49513, 66, 3856, 11, 293, 264, 2146, 2170, 370, 1998, 281, 720, 11, 286, 576, 584, 11, 2597, 11, 286, 478, 8237, 13, 51514], \"temperature\": 0.0, \"avg_logprob\": -0.333840936422348, \"compression_ratio\": 1.576208233833313, \"no_speech_prob\": 0.12906381487846375}, {\"id\": 7, \"seek\": 0, \"start\": 23.0, \"end\": 25.0, \"text\": \" Spoiler alert, they end up having sex, like in a field, I think.\", \"tokens\": [51514, 45011, 5441, 9615, 11, 436, 917, 493, 1419, 3260, 11, 411, 294, 257, 2519, 11, 286, 519, 13, 51614], \"temperature\": 0.0, \"avg_logprob\": -0.333840936422348, \"compression_ratio\": 1.576208233833313, \"no_speech_prob\": 0.12906381487846375}, {\"id\": 8, \"seek\": 2500, \"start\": 25.0, \"end\": 27.0, \"text\": \" Oh my God, it's so bad.\", \"tokens\": [50364, 876, 452, 1265, 11, 309, 311, 370, 1578, 13, 50464], \"temperature\": 0.0, \"avg_logprob\": -0.22776412963867188, \"compression_ratio\": 1.4863388538360596, \"no_speech_prob\": 0.17302681505680084}, {\"id\": 9, \"seek\": 2500, \"start\": 27.0, \"end\": 31.0, \"text\": \" Like, it was obvious that they have a sexual tension from the beginning,\", \"tokens\": [50464, 1743, 11, 309, 390, 6322, 300, 436, 362, 257, 6701, 8980, 490, 264, 2863, 11, 50664], \"temperature\": 0.0, \"avg_logprob\": -0.22776412963867188, \"compression_ratio\": 1.4863388538360596, \"no_speech_prob\": 0.17302681505680084}, {\"id\": 10, \"seek\": 2500, \"start\": 31.0, \"end\": 35.0, \"text\": \" so when he came, he knew that he can, you know, get so close to her,\", \"tokens\": [50664, 370, 562, 415, 1361, 11, 415, 2586, 300, 415, 393, 11, 291, 458, 11, 483, 370, 1998, 281, 720, 11, 50864], \"temperature\": 0.0, \"avg_logprob\": -0.22776412963867188, \"compression_ratio\": 1.4863388538360596, \"no_speech_prob\": 0.17302681505680084}, {\"id\": 11, \"seek\": 2500, \"start\": 35.0, \"end\": 38.0, \"text\": \" because, you know, he saw that she's really attracted to him,\", \"tokens\": [50864, 570, 11, 291, 458, 11, 415, 1866, 300, 750, 311, 534, 15912, 281, 796, 11, 51014], \"temperature\": 0.0, \"avg_logprob\": -0.22776412963867188, \"compression_ratio\": 1.4863388538360596, \"no_speech_prob\": 0.17302681505680084}, {\"id\": 12, \"seek\": 2500, \"start\": 38.0, \"end\": 41.0, \"text\": \" and I think it's not good if you're engaged.\", \"tokens\": [51014, 293, 286, 519, 309, 311, 406, 665, 498, 291, 434, 8237, 13, 51164], \"temperature\": 0.0, \"avg_logprob\": -0.22776412963867188, \"compression_ratio\": 1.4863388538360596, \"no_speech_prob\": 0.17302681505680084}]}"}