{"title": "How to craft funny online dating messages", "video_id": "bqv_1XLzwL8", "video_url": "https://www.youtube.com/watch?v=bqv_1XLzwL8", "description": "To listen to more episodes of the Inner Confidence Podcast, visit the links below:\nWebsite: https://innerconfidence.com/podcast/\niTunes:https://podcasts.apple.com/us/podcast/inner-confidence-podcast/id986699444 \nSpotify: https://open.spotify.com/show/2zkWuTnt7whvnR6CO6oNPV\nRSS: https://innerconfidence.com/series/leverage-podcast/feed/\n\nAnd if you're interested in learning more about my coaching services and connecting with me, check out these links:\nLinkTree: https://linktr.ee/Robbiekramer\nMain Site: https://innerconfidence.com/\nInstagram: https://www.instagram.com/robbie_kramer/\nTikTok: https://www.tiktok.com/@robbie.kramer\nYouTube: https://www.youtube.com/innerconfidence\n\nThank you for tuning in, and I look forward to helping you build your inner confidence and achieve success!\n\nJoin us : https://innerconfidence.com/leverage/\nBook a call with me : https://start.innerconfidence.com/video1\n\n\n#personaldevelopment #selfimprovement #innerconfidence #innerconfidencepodcast #podcast #coaching #success #motivation #inspiration #mindset #datingcoach #relationshipgoals #confidencecoach #selfimprovement #successfulmen", "published_at": "2023-02-18T02:41:57Z", "channel_id": "UC0O-ohYDF4P66HW9XJ4Us8w", "channel_title": "Robbie Kramer", "tags": [], "category_id": "26", "live_broadcast_content": "none", "duration": 60.0, "dimension": "2d", "definition": "hd", "caption": "false", "view_count": 493, "like_count": 4, "comment_count": 0, "channel_info": {"title": "Robbie Kramer", "description": "I'm Robbie Kramer \ud83c\udf99Host of The Inner Confidence Podcast & Founder of Inner Confidence, Inc.\n\nI lived an exhilarating single life filled with adventures and lessons, and ultimately achieved what I had always aspired to \u2013 finding an amazing, feminine, and loving wife. \n\nI believe my experiences provide a rare balance of wild freedom and committed love, equipping me with the insights to help you navigate the complexities of dating and relationships in today's world. Let me guide you to embrace your desires, improve your social prowess, and ultimately attract the partner who aligns with your highest aspirations.\n\nYou won\u2019t find any fluffy, new-age, or cringy stuff here, just tested, proven and actionable advice that yields results.\n\nApply to join our exclusive Inner Confidence Community of ambitious men who are actively working together to achieve their goals faster   \u25ba https://innerconfidence.com/community\n\nYou can email me at robbie@innerconfidence.com with any questions or comments.\n", "subscriber_count": "1270", "total_views": "604693", "total_videos": "470"}, "comments": [], "file_path": "/Users/aelaguiz/workspace/fc_book/audio/raws/bqv_1XLzwL8.mp3", "transcription": "{\"text\": \"go for a date now, because she didn't really commit to anything. I guess I don't like it's a gamble to go for it now, right? You could find figure out like what's a drink of Kazakhstan and suggest virgin, whatever that is. Kazakhi national drink. Kumis, ancient Turkish word which fermented drink made from mare's milk by special acidification. Girl, I make a mean Kumis. Is this actually good though, like to respond to the girl with or is it just funny for us? Even if she didn't get it, you could be like, Come on, you're from Kazakhstan, you know, you don't drink Kumis. Okay, so maybe I can do another soft close like we like to be like, I make a great Kumis Marta. I ferment the horse male milk myself. If she doesn't know what Kumis is, it's gonna be the weirdest. \", \"segments\": [{\"id\": 0, \"seek\": 0, \"start\": 0.0, \"end\": 3.640000104904175, \"text\": \" go for a date now, because she didn't really commit to anything. I guess I don't like it's\", \"tokens\": [50364, 352, 337, 257, 4002, 586, 11, 570, 750, 994, 380, 534, 5599, 281, 1340, 13, 286, 2041, 286, 500, 380, 411, 309, 311, 50546], \"temperature\": 0.0, \"avg_logprob\": -0.4402206242084503, \"compression_ratio\": 1.5357142686843872, \"no_speech_prob\": 0.3581051230430603}, {\"id\": 1, \"seek\": 0, \"start\": 3.640000104904175, \"end\": 5.599999904632568, \"text\": \" a gamble to go for it now, right?\", \"tokens\": [50546, 257, 44128, 281, 352, 337, 309, 586, 11, 558, 30, 50644], \"temperature\": 0.0, \"avg_logprob\": -0.4402206242084503, \"compression_ratio\": 1.5357142686843872, \"no_speech_prob\": 0.3581051230430603}, {\"id\": 2, \"seek\": 0, \"start\": 5.599999904632568, \"end\": 13.800000190734863, \"text\": \" You could find figure out like what's a drink of Kazakhstan and suggest virgin, whatever\", \"tokens\": [50644, 509, 727, 915, 2573, 484, 411, 437, 311, 257, 2822, 295, 47394, 293, 3402, 26404, 11, 2035, 51054], \"temperature\": 0.0, \"avg_logprob\": -0.4402206242084503, \"compression_ratio\": 1.5357142686843872, \"no_speech_prob\": 0.3581051230430603}, {\"id\": 3, \"seek\": 0, \"start\": 13.800000190734863, \"end\": 15.0, \"text\": \" that is.\", \"tokens\": [51054, 300, 307, 13, 51114], \"temperature\": 0.0, \"avg_logprob\": -0.4402206242084503, \"compression_ratio\": 1.5357142686843872, \"no_speech_prob\": 0.3581051230430603}, {\"id\": 4, \"seek\": 0, \"start\": 15.0, \"end\": 24.479999542236328, \"text\": \" Kazakhi national drink. Kumis, ancient Turkish word which fermented drink made from mare's\", \"tokens\": [51114, 16264, 514, 4954, 4048, 2822, 13, 28039, 271, 11, 7832, 18565, 1349, 597, 38649, 2822, 1027, 490, 31471, 311, 51588], \"temperature\": 0.0, \"avg_logprob\": -0.4402206242084503, \"compression_ratio\": 1.5357142686843872, \"no_speech_prob\": 0.3581051230430603}, {\"id\": 5, \"seek\": 0, \"start\": 24.479999542236328, \"end\": 26.479999542236328, \"text\": \" milk by special acidification.\", \"tokens\": [51588, 5392, 538, 2121, 8258, 3774, 13, 51688], \"temperature\": 0.0, \"avg_logprob\": -0.4402206242084503, \"compression_ratio\": 1.5357142686843872, \"no_speech_prob\": 0.3581051230430603}, {\"id\": 6, \"seek\": 2648, \"start\": 26.479999542236328, \"end\": 33.2400016784668, \"text\": \" Girl, I make a mean Kumis.\", \"tokens\": [50364, 8502, 11, 286, 652, 257, 914, 28039, 271, 13, 50702], \"temperature\": 0.0, \"avg_logprob\": -0.38198918104171753, \"compression_ratio\": 1.5512820482254028, \"no_speech_prob\": 0.1539354920387268}, {\"id\": 7, \"seek\": 2648, \"start\": 33.2400016784668, \"end\": 37.7599983215332, \"text\": \" Is this actually good though, like to respond to the girl with or is it just funny for us?\", \"tokens\": [50702, 1119, 341, 767, 665, 1673, 11, 411, 281, 4196, 281, 264, 2013, 365, 420, 307, 309, 445, 4074, 337, 505, 30, 50928], \"temperature\": 0.0, \"avg_logprob\": -0.38198918104171753, \"compression_ratio\": 1.5512820482254028, \"no_speech_prob\": 0.1539354920387268}, {\"id\": 8, \"seek\": 2648, \"start\": 37.7599983215332, \"end\": 40.560001373291016, \"text\": \" Even if she didn't get it, you could be like, Come on, you're from Kazakhstan, you know,\", \"tokens\": [50928, 2754, 498, 750, 994, 380, 483, 309, 11, 291, 727, 312, 411, 11, 2492, 322, 11, 291, 434, 490, 47394, 11, 291, 458, 11, 51068], \"temperature\": 0.0, \"avg_logprob\": -0.38198918104171753, \"compression_ratio\": 1.5512820482254028, \"no_speech_prob\": 0.1539354920387268}, {\"id\": 9, \"seek\": 2648, \"start\": 40.560001373291016, \"end\": 41.560001373291016, \"text\": \" you don't drink Kumis.\", \"tokens\": [51068, 291, 500, 380, 2822, 28039, 271, 13, 51118], \"temperature\": 0.0, \"avg_logprob\": -0.38198918104171753, \"compression_ratio\": 1.5512820482254028, \"no_speech_prob\": 0.1539354920387268}, {\"id\": 10, \"seek\": 2648, \"start\": 41.560001373291016, \"end\": 44.119998931884766, \"text\": \" Okay, so maybe I can do another soft close like we like\", \"tokens\": [51118, 1033, 11, 370, 1310, 286, 393, 360, 1071, 2787, 1998, 411, 321, 411, 51246], \"temperature\": 0.0, \"avg_logprob\": -0.38198918104171753, \"compression_ratio\": 1.5512820482254028, \"no_speech_prob\": 0.1539354920387268}, {\"id\": 11, \"seek\": 2648, \"start\": 44.119998931884766, \"end\": 56.15999984741211, \"text\": \" to be like, I make a great Kumis Marta. I ferment the horse male milk myself.\", \"tokens\": [51246, 281, 312, 411, 11, 286, 652, 257, 869, 28039, 271, 5807, 64, 13, 286, 38300, 264, 6832, 7133, 5392, 2059, 13, 51848], \"temperature\": 0.0, \"avg_logprob\": -0.38198918104171753, \"compression_ratio\": 1.5512820482254028, \"no_speech_prob\": 0.1539354920387268}, {\"id\": 12, \"seek\": 5616, \"start\": 56.15999984741211, \"end\": 59.08000183105469, \"text\": \" If she doesn't know what Kumis is, it's gonna be the weirdest.\", \"tokens\": [50364, 759, 750, 1177, 380, 458, 437, 28039, 271, 307, 11, 309, 311, 799, 312, 264, 44807, 13, 50510], \"temperature\": 0.0, \"avg_logprob\": -0.46494102478027344, \"compression_ratio\": 0.9117646813392639, \"no_speech_prob\": 0.9695716500282288}]}"}