{"title": "Date Rescue: Expert Solutions for Turning Maybes into Definite Dates", "video_id": "br6yHus7kwc", "video_url": "https://www.youtube.com/watch?v=br6yHus7kwc", "description": "#short", "published_at": "2023-12-29T18:40:02Z", "channel_id": "UC0O-ohYDF4P66HW9XJ4Us8w", "channel_title": "Robbie Kramer", "tags": [], "category_id": "24", "live_broadcast_content": "none", "duration": 22.0, "dimension": "2d", "definition": "hd", "caption": "false", "view_count": 2486, "like_count": 19, "comment_count": 6, "channel_info": {"title": "Robbie Kramer", "description": "I'm Robbie Kramer \ud83c\udf99Host of The Inner Confidence Podcast & Founder of Inner Confidence, Inc.\n\nI lived an exhilarating single life filled with adventures and lessons, and ultimately achieved what I had always aspired to \u2013 finding an amazing, feminine, and loving wife. \n\nI believe my experiences provide a rare balance of wild freedom and committed love, equipping me with the insights to help you navigate the complexities of dating and relationships in today's world. Let me guide you to embrace your desires, improve your social prowess, and ultimately attract the partner who aligns with your highest aspirations.\n\nYou won\u2019t find any fluffy, new-age, or cringy stuff here, just tested, proven and actionable advice that yields results.\n\nApply to join our exclusive Inner Confidence Community of ambitious men who are actively working together to achieve their goals faster   \u25ba https://innerconfidence.com/community\n\nYou can email me at robbie@innerconfidence.com with any questions or comments.\n", "subscriber_count": "1270", "total_views": "604693", "total_videos": "470"}, "comments": [], "file_path": "/Users/aelaguiz/workspace/fc_book/audio/raws/br6yHus7kwc.mp3", "transcription": "{\"text\": \"So what's her name? You know who I'm talking about. That girl that you were really excited about. Maybe you guys went on a couple dates or maybe you were, you know, trying to set up a date over text. Something happened and you screwed it up. I don't know how you screwed it up. Maybe you got a little chasey. Who knows, but I can help you fix it. Send me a screenshot, something that shows some sort of context about the conversation, a little backstory, and I'll help you fix it. We can get her back. We can get you back on track. \", \"segments\": [{\"id\": 0, \"seek\": 0, \"start\": 0.0, \"end\": 3.9200000762939453, \"text\": \" So what's her name? You know who I'm talking about. That girl that you were really excited about.\", \"tokens\": [50364, 407, 437, 311, 720, 1315, 30, 509, 458, 567, 286, 478, 1417, 466, 13, 663, 2013, 300, 291, 645, 534, 2919, 466, 13, 50560], \"temperature\": 0.0, \"avg_logprob\": -0.24059821665287018, \"compression_ratio\": 1.7999999523162842, \"no_speech_prob\": 0.15877094864845276}, {\"id\": 1, \"seek\": 0, \"start\": 3.9200000762939453, \"end\": 7.679999828338623, \"text\": \" Maybe you guys went on a couple dates or maybe you were, you know, trying to set up a date over text.\", \"tokens\": [50560, 2704, 291, 1074, 1437, 322, 257, 1916, 11691, 420, 1310, 291, 645, 11, 291, 458, 11, 1382, 281, 992, 493, 257, 4002, 670, 2487, 13, 50748], \"temperature\": 0.0, \"avg_logprob\": -0.24059821665287018, \"compression_ratio\": 1.7999999523162842, \"no_speech_prob\": 0.15877094864845276}, {\"id\": 2, \"seek\": 0, \"start\": 7.679999828338623, \"end\": 10.15999984741211, \"text\": \" Something happened and you screwed it up. I don't know how you screwed it up.\", \"tokens\": [50748, 6595, 2011, 293, 291, 20331, 309, 493, 13, 286, 500, 380, 458, 577, 291, 20331, 309, 493, 13, 50872], \"temperature\": 0.0, \"avg_logprob\": -0.24059821665287018, \"compression_ratio\": 1.7999999523162842, \"no_speech_prob\": 0.15877094864845276}, {\"id\": 3, \"seek\": 0, \"start\": 10.15999984741211, \"end\": 12.960000038146973, \"text\": \" Maybe you got a little chasey. Who knows, but I can help you fix it.\", \"tokens\": [50872, 2704, 291, 658, 257, 707, 15359, 88, 13, 2102, 3255, 11, 457, 286, 393, 854, 291, 3191, 309, 13, 51012], \"temperature\": 0.0, \"avg_logprob\": -0.24059821665287018, \"compression_ratio\": 1.7999999523162842, \"no_speech_prob\": 0.15877094864845276}, {\"id\": 4, \"seek\": 0, \"start\": 12.960000038146973, \"end\": 17.200000762939453, \"text\": \" Send me a screenshot, something that shows some sort of context about the conversation,\", \"tokens\": [51012, 17908, 385, 257, 27712, 11, 746, 300, 3110, 512, 1333, 295, 4319, 466, 264, 3761, 11, 51224], \"temperature\": 0.0, \"avg_logprob\": -0.24059821665287018, \"compression_ratio\": 1.7999999523162842, \"no_speech_prob\": 0.15877094864845276}, {\"id\": 5, \"seek\": 0, \"start\": 17.200000762939453, \"end\": 20.959999084472656, \"text\": \" a little backstory, and I'll help you fix it. We can get her back. We can get you back on track.\", \"tokens\": [51224, 257, 707, 36899, 11, 293, 286, 603, 854, 291, 3191, 309, 13, 492, 393, 483, 720, 646, 13, 492, 393, 483, 291, 646, 322, 2837, 13, 51412], \"temperature\": 0.0, \"avg_logprob\": -0.24059821665287018, \"compression_ratio\": 1.7999999523162842, \"no_speech_prob\": 0.15877094864845276}]}"}