{"title": "Uncovering the Surprising Secrets to Mind-Blowing Sex", "video_id": "bvetR04uCVk", "video_url": "https://www.youtube.com/watch?v=bvetR04uCVk", "description": "Full Episode 220 - https://innerconfidence.com/podcast/leverage-podcast/the-master-lover-method-w-james-marshall-episode-220/\n\nThe Master Lover Method - https://www.masterlovermethod.com/secret-innerconfidence", "published_at": "2023-05-09T16:00:21Z", "channel_id": "UC0O-ohYDF4P66HW9XJ4Us8w", "channel_title": "Robbie Kramer", "tags": [], "category_id": "24", "live_broadcast_content": "none", "duration": 60.0, "dimension": "2d", "definition": "hd", "caption": "false", "view_count": 12, "like_count": 1, "comment_count": 0, "channel_info": {"title": "Robbie Kramer", "description": "I'm Robbie Kramer \ud83c\udf99Host of The Inner Confidence Podcast & Founder of Inner Confidence, Inc.\n\nI lived an exhilarating single life filled with adventures and lessons, and ultimately achieved what I had always aspired to \u2013 finding an amazing, feminine, and loving wife. \n\nI believe my experiences provide a rare balance of wild freedom and committed love, equipping me with the insights to help you navigate the complexities of dating and relationships in today's world. Let me guide you to embrace your desires, improve your social prowess, and ultimately attract the partner who aligns with your highest aspirations.\n\nYou won\u2019t find any fluffy, new-age, or cringy stuff here, just tested, proven and actionable advice that yields results.\n\nApply to join our exclusive Inner Confidence Community of ambitious men who are actively working together to achieve their goals faster   \u25ba https://innerconfidence.com/community\n\nYou can email me at robbie@innerconfidence.com with any questions or comments.\n", "subscriber_count": "1270", "total_views": "604693", "total_videos": "470"}, "comments": [], "file_path": "/Users/aelaguiz/workspace/fc_book/audio/raws/bvetR04uCVk.mp3", "transcription": "{\"text\": \"But it's essentially, it's gonna come down to the variety of sensations and let's say surprises that you can give to the girl. And that doesn't necessarily mean learning hundreds and hundreds of techniques, although that wouldn't be bad. I think it's more to do with like, I don't want her to think every time I know what's gonna come next. Yeah, it's like, I wanna have all sorts of Lego blocks that I can turn into different shapes and reverse them. You know, like simple stuff like having sex in different locations, not always doing it in the bedroom. Like sitting down with your woman and also discussing this, like is good to do. Like to sit down and not to phrase it in terms of there's a problem, but to phrase it in terms of, I'd really like us to take our sexual relationship to a new level. \", \"segments\": [{\"id\": 0, \"seek\": 0, \"start\": 0.0, \"end\": 2.7200000286102295, \"text\": \" But it's essentially, it's gonna come down to\", \"tokens\": [50364, 583, 309, 311, 4476, 11, 309, 311, 799, 808, 760, 281, 50500], \"temperature\": 0.0, \"avg_logprob\": -0.2390185445547104, \"compression_ratio\": 1.6463878154754639, \"no_speech_prob\": 0.000588216760661453}, {\"id\": 1, \"seek\": 0, \"start\": 2.7200000286102295, \"end\": 7.0, \"text\": \" the variety of sensations and let's say surprises\", \"tokens\": [50500, 264, 5673, 295, 36642, 293, 718, 311, 584, 22655, 50714], \"temperature\": 0.0, \"avg_logprob\": -0.2390185445547104, \"compression_ratio\": 1.6463878154754639, \"no_speech_prob\": 0.000588216760661453}, {\"id\": 2, \"seek\": 0, \"start\": 7.0, \"end\": 8.720000267028809, \"text\": \" that you can give to the girl.\", \"tokens\": [50714, 300, 291, 393, 976, 281, 264, 2013, 13, 50800], \"temperature\": 0.0, \"avg_logprob\": -0.2390185445547104, \"compression_ratio\": 1.6463878154754639, \"no_speech_prob\": 0.000588216760661453}, {\"id\": 3, \"seek\": 0, \"start\": 8.720000267028809, \"end\": 11.5, \"text\": \" And that doesn't necessarily mean learning hundreds\", \"tokens\": [50800, 400, 300, 1177, 380, 4725, 914, 2539, 6779, 50939], \"temperature\": 0.0, \"avg_logprob\": -0.2390185445547104, \"compression_ratio\": 1.6463878154754639, \"no_speech_prob\": 0.000588216760661453}, {\"id\": 4, \"seek\": 0, \"start\": 11.5, \"end\": 14.960000038146973, \"text\": \" and hundreds of techniques, although that wouldn't be bad.\", \"tokens\": [50939, 293, 6779, 295, 7512, 11, 4878, 300, 2759, 380, 312, 1578, 13, 51112], \"temperature\": 0.0, \"avg_logprob\": -0.2390185445547104, \"compression_ratio\": 1.6463878154754639, \"no_speech_prob\": 0.000588216760661453}, {\"id\": 5, \"seek\": 0, \"start\": 14.960000038146973, \"end\": 17.84000015258789, \"text\": \" I think it's more to do with like,\", \"tokens\": [51112, 286, 519, 309, 311, 544, 281, 360, 365, 411, 11, 51256], \"temperature\": 0.0, \"avg_logprob\": -0.2390185445547104, \"compression_ratio\": 1.6463878154754639, \"no_speech_prob\": 0.000588216760661453}, {\"id\": 6, \"seek\": 0, \"start\": 17.84000015258789, \"end\": 20.040000915527344, \"text\": \" I don't want her to think every time\", \"tokens\": [51256, 286, 500, 380, 528, 720, 281, 519, 633, 565, 51366], \"temperature\": 0.0, \"avg_logprob\": -0.2390185445547104, \"compression_ratio\": 1.6463878154754639, \"no_speech_prob\": 0.000588216760661453}, {\"id\": 7, \"seek\": 0, \"start\": 20.040000915527344, \"end\": 22.059999465942383, \"text\": \" I know what's gonna come next.\", \"tokens\": [51366, 286, 458, 437, 311, 799, 808, 958, 13, 51467], \"temperature\": 0.0, \"avg_logprob\": -0.2390185445547104, \"compression_ratio\": 1.6463878154754639, \"no_speech_prob\": 0.000588216760661453}, {\"id\": 8, \"seek\": 0, \"start\": 22.059999465942383, \"end\": 25.479999542236328, \"text\": \" Yeah, it's like, I wanna have all sorts of Lego blocks\", \"tokens\": [51467, 865, 11, 309, 311, 411, 11, 286, 1948, 362, 439, 7527, 295, 28761, 8474, 51638], \"temperature\": 0.0, \"avg_logprob\": -0.2390185445547104, \"compression_ratio\": 1.6463878154754639, \"no_speech_prob\": 0.000588216760661453}, {\"id\": 9, \"seek\": 0, \"start\": 25.479999542236328, \"end\": 28.1200008392334, \"text\": \" that I can turn into different shapes\", \"tokens\": [51638, 300, 286, 393, 1261, 666, 819, 10854, 51770], \"temperature\": 0.0, \"avg_logprob\": -0.2390185445547104, \"compression_ratio\": 1.6463878154754639, \"no_speech_prob\": 0.000588216760661453}, {\"id\": 10, \"seek\": 2812, \"start\": 29.1200008392334, \"end\": 30.639999389648438, \"text\": \" and reverse them.\", \"tokens\": [50414, 293, 9943, 552, 13, 50490], \"temperature\": 0.0, \"avg_logprob\": -0.3197716772556305, \"compression_ratio\": 1.6304347515106201, \"no_speech_prob\": 0.0010317402193322778}, {\"id\": 11, \"seek\": 2812, \"start\": 30.639999389648438, \"end\": 32.31999969482422, \"text\": \" You know, like simple stuff like\", \"tokens\": [50490, 509, 458, 11, 411, 2199, 1507, 411, 50574], \"temperature\": 0.0, \"avg_logprob\": -0.3197716772556305, \"compression_ratio\": 1.6304347515106201, \"no_speech_prob\": 0.0010317402193322778}, {\"id\": 12, \"seek\": 2812, \"start\": 34.560001373291016, \"end\": 36.599998474121094, \"text\": \" having sex in different locations,\", \"tokens\": [50686, 1419, 3260, 294, 819, 9253, 11, 50788], \"temperature\": 0.0, \"avg_logprob\": -0.3197716772556305, \"compression_ratio\": 1.6304347515106201, \"no_speech_prob\": 0.0010317402193322778}, {\"id\": 13, \"seek\": 2812, \"start\": 36.599998474121094, \"end\": 38.36000061035156, \"text\": \" not always doing it in the bedroom.\", \"tokens\": [50788, 406, 1009, 884, 309, 294, 264, 11211, 13, 50876], \"temperature\": 0.0, \"avg_logprob\": -0.3197716772556305, \"compression_ratio\": 1.6304347515106201, \"no_speech_prob\": 0.0010317402193322778}, {\"id\": 14, \"seek\": 2812, \"start\": 42.599998474121094, \"end\": 44.68000030517578, \"text\": \" Like sitting down with your woman\", \"tokens\": [51088, 1743, 3798, 760, 365, 428, 3059, 51192], \"temperature\": 0.0, \"avg_logprob\": -0.3197716772556305, \"compression_ratio\": 1.6304347515106201, \"no_speech_prob\": 0.0010317402193322778}, {\"id\": 15, \"seek\": 2812, \"start\": 44.68000030517578, \"end\": 48.279998779296875, \"text\": \" and also discussing this, like is good to do.\", \"tokens\": [51192, 293, 611, 10850, 341, 11, 411, 307, 665, 281, 360, 13, 51372], \"temperature\": 0.0, \"avg_logprob\": -0.3197716772556305, \"compression_ratio\": 1.6304347515106201, \"no_speech_prob\": 0.0010317402193322778}, {\"id\": 16, \"seek\": 2812, \"start\": 48.279998779296875, \"end\": 51.599998474121094, \"text\": \" Like to sit down and not to phrase it\", \"tokens\": [51372, 1743, 281, 1394, 760, 293, 406, 281, 9535, 309, 51538], \"temperature\": 0.0, \"avg_logprob\": -0.3197716772556305, \"compression_ratio\": 1.6304347515106201, \"no_speech_prob\": 0.0010317402193322778}, {\"id\": 17, \"seek\": 2812, \"start\": 51.599998474121094, \"end\": 53.5, \"text\": \" in terms of there's a problem,\", \"tokens\": [51538, 294, 2115, 295, 456, 311, 257, 1154, 11, 51633], \"temperature\": 0.0, \"avg_logprob\": -0.3197716772556305, \"compression_ratio\": 1.6304347515106201, \"no_speech_prob\": 0.0010317402193322778}, {\"id\": 18, \"seek\": 2812, \"start\": 53.5, \"end\": 55.439998626708984, \"text\": \" but to phrase it in terms of,\", \"tokens\": [51633, 457, 281, 9535, 309, 294, 2115, 295, 11, 51730], \"temperature\": 0.0, \"avg_logprob\": -0.3197716772556305, \"compression_ratio\": 1.6304347515106201, \"no_speech_prob\": 0.0010317402193322778}, {\"id\": 19, \"seek\": 5544, \"start\": 55.439998626708984, \"end\": 58.400001525878906, \"text\": \" I'd really like us to take our sexual relationship\", \"tokens\": [50364, 286, 1116, 534, 411, 505, 281, 747, 527, 6701, 2480, 50512], \"temperature\": 0.0, \"avg_logprob\": -0.20936241745948792, \"compression_ratio\": 0.95652174949646, \"no_speech_prob\": 0.0006748303421773016}, {\"id\": 20, \"seek\": 5544, \"start\": 58.400001525878906, \"end\": 59.2400016784668, \"text\": \" to a new level.\", \"tokens\": [50512, 281, 257, 777, 1496, 13, 50554], \"temperature\": 0.0, \"avg_logprob\": -0.20936241745948792, \"compression_ratio\": 0.95652174949646, \"no_speech_prob\": 0.0006748303421773016}]}"}