{"title": "Make her laugh, but don\u2019t be a clown.", "video_id": "cDzlZqgEge4", "video_url": "https://www.youtube.com/watch?v=cDzlZqgEge4", "description": "", "published_at": "2023-04-22T00:28:31Z", "channel_id": "UC0O-ohYDF4P66HW9XJ4Us8w", "channel_title": "Robbie Kramer", "tags": [], "category_id": "26", "live_broadcast_content": "none", "duration": 41.0, "dimension": "2d", "definition": "hd", "caption": "false", "view_count": 721, "like_count": 12, "comment_count": 0, "channel_info": {"title": "Robbie Kramer", "description": "I'm Robbie Kramer \ud83c\udf99Host of The Inner Confidence Podcast & Founder of Inner Confidence, Inc.\n\nI lived an exhilarating single life filled with adventures and lessons, and ultimately achieved what I had always aspired to \u2013 finding an amazing, feminine, and loving wife. \n\nI believe my experiences provide a rare balance of wild freedom and committed love, equipping me with the insights to help you navigate the complexities of dating and relationships in today's world. Let me guide you to embrace your desires, improve your social prowess, and ultimately attract the partner who aligns with your highest aspirations.\n\nYou won\u2019t find any fluffy, new-age, or cringy stuff here, just tested, proven and actionable advice that yields results.\n\nApply to join our exclusive Inner Confidence Community of ambitious men who are actively working together to achieve their goals faster   \u25ba https://innerconfidence.com/community\n\nYou can email me at robbie@innerconfidence.com with any questions or comments.\n", "subscriber_count": "1270", "total_views": "604693", "total_videos": "470"}, "comments": [], "file_path": "/Users/aelaguiz/workspace/fc_book/audio/raws/cDzlZqgEge4.mp3", "transcription": "{\"text\": \"I used to think the key to attracting women was to be funny, so I took stand-up comedy classes, improv, memorized lines, and funny jokes to tell on dates, and all that happened is I landed even harder in the friend zone. Women like when a guy can make them laugh, but it doesn't make you attractive. Think James Bond, not Carrot Top. If you're new to the show, I recommend you download my First Date Protocol. It's the best piece of content I have. It'll help you optimize your first date and subsequent dates, and I like to connect with my listeners personally, so if you want to grab a copy of that, please send me a direct message on Instagram. I'm at Robbie underscore Kramer. \", \"segments\": [{\"id\": 0, \"seek\": 0, \"start\": 0.0, \"end\": 5.840000152587891, \"text\": \" I used to think the key to attracting women was to be funny, so I took stand-up comedy classes,\", \"tokens\": [50364, 286, 1143, 281, 519, 264, 2141, 281, 36594, 2266, 390, 281, 312, 4074, 11, 370, 286, 1890, 1463, 12, 1010, 13394, 5359, 11, 50656], \"temperature\": 0.0, \"avg_logprob\": -0.21281929314136505, \"compression_ratio\": 1.5733333826065063, \"no_speech_prob\": 0.005816624965518713}, {\"id\": 1, \"seek\": 0, \"start\": 5.840000152587891, \"end\": 12.15999984741211, \"text\": \" improv, memorized lines, and funny jokes to tell on dates, and all that happened is I landed even\", \"tokens\": [50656, 29424, 11, 46677, 3876, 11, 293, 4074, 14439, 281, 980, 322, 11691, 11, 293, 439, 300, 2011, 307, 286, 15336, 754, 50972], \"temperature\": 0.0, \"avg_logprob\": -0.21281929314136505, \"compression_ratio\": 1.5733333826065063, \"no_speech_prob\": 0.005816624965518713}, {\"id\": 2, \"seek\": 0, \"start\": 12.15999984741211, \"end\": 18.0, \"text\": \" harder in the friend zone. Women like when a guy can make them laugh, but it doesn't make\", \"tokens\": [50972, 6081, 294, 264, 1277, 6668, 13, 11065, 411, 562, 257, 2146, 393, 652, 552, 5801, 11, 457, 309, 1177, 380, 652, 51264], \"temperature\": 0.0, \"avg_logprob\": -0.21281929314136505, \"compression_ratio\": 1.5733333826065063, \"no_speech_prob\": 0.005816624965518713}, {\"id\": 3, \"seek\": 0, \"start\": 18.0, \"end\": 23.920000076293945, \"text\": \" you attractive. Think James Bond, not Carrot Top. If you're new to the show, I recommend you\", \"tokens\": [51264, 291, 12609, 13, 6557, 5678, 23604, 11, 406, 17715, 310, 8840, 13, 759, 291, 434, 777, 281, 264, 855, 11, 286, 2748, 291, 51560], \"temperature\": 0.0, \"avg_logprob\": -0.21281929314136505, \"compression_ratio\": 1.5733333826065063, \"no_speech_prob\": 0.005816624965518713}, {\"id\": 4, \"seek\": 0, \"start\": 23.920000076293945, \"end\": 29.760000228881836, \"text\": \" download my First Date Protocol. It's the best piece of content I have. It'll help you optimize\", \"tokens\": [51560, 5484, 452, 2386, 31805, 48753, 13, 467, 311, 264, 1151, 2522, 295, 2701, 286, 362, 13, 467, 603, 854, 291, 19719, 51852], \"temperature\": 0.0, \"avg_logprob\": -0.21281929314136505, \"compression_ratio\": 1.5733333826065063, \"no_speech_prob\": 0.005816624965518713}, {\"id\": 5, \"seek\": 2976, \"start\": 29.760000228881836, \"end\": 33.84000015258789, \"text\": \" your first date and subsequent dates, and I like to connect with my listeners personally,\", \"tokens\": [50364, 428, 700, 4002, 293, 19962, 11691, 11, 293, 286, 411, 281, 1745, 365, 452, 23274, 5665, 11, 50568], \"temperature\": 0.0, \"avg_logprob\": -0.1943214237689972, \"compression_ratio\": 1.3708609342575073, \"no_speech_prob\": 0.12585017085075378}, {\"id\": 6, \"seek\": 2976, \"start\": 33.84000015258789, \"end\": 38.08000183105469, \"text\": \" so if you want to grab a copy of that, please send me a direct message on Instagram.\", \"tokens\": [50568, 370, 498, 291, 528, 281, 4444, 257, 5055, 295, 300, 11, 1767, 2845, 385, 257, 2047, 3636, 322, 5281, 13, 50780], \"temperature\": 0.0, \"avg_logprob\": -0.1943214237689972, \"compression_ratio\": 1.3708609342575073, \"no_speech_prob\": 0.12585017085075378}, {\"id\": 7, \"seek\": 2976, \"start\": 38.08000183105469, \"end\": 40.63999938964844, \"text\": \" I'm at Robbie underscore Kramer.\", \"tokens\": [50780, 286, 478, 412, 45749, 37556, 591, 44772, 13, 50908], \"temperature\": 0.0, \"avg_logprob\": -0.1943214237689972, \"compression_ratio\": 1.3708609342575073, \"no_speech_prob\": 0.12585017085075378}]}"}