{"title": "Ever wondered about the role of Evolution vs. Choice in our romantic lives?", "video_id": "CE6gqCeX284", "video_url": "https://www.youtube.com/watch?v=CE6gqCeX284", "description": "Let's dive into a woman's unconventional journey on dating and explore the concept of hypergamy. Is a man's purpose just to procreate abundantly? Stay tuned for an intriguing perspective. #Hypergamy #DatingEvolution #UnconventionalChoices #short", "published_at": "2023-12-02T17:00:53Z", "channel_id": "UC0O-ohYDF4P66HW9XJ4Us8w", "channel_title": "Robbie Kramer", "tags": [], "category_id": "24", "live_broadcast_content": "none", "duration": 59.0, "dimension": "2d", "definition": "hd", "caption": "false", "view_count": 2940, "like_count": 49, "comment_count": 4, "channel_info": {"title": "Robbie Kramer", "description": "I'm Robbie Kramer \ud83c\udf99Host of The Inner Confidence Podcast & Founder of Inner Confidence, Inc.\n\nI lived an exhilarating single life filled with adventures and lessons, and ultimately achieved what I had always aspired to \u2013 finding an amazing, feminine, and loving wife. \n\nI believe my experiences provide a rare balance of wild freedom and committed love, equipping me with the insights to help you navigate the complexities of dating and relationships in today's world. Let me guide you to embrace your desires, improve your social prowess, and ultimately attract the partner who aligns with your highest aspirations.\n\nYou won\u2019t find any fluffy, new-age, or cringy stuff here, just tested, proven and actionable advice that yields results.\n\nApply to join our exclusive Inner Confidence Community of ambitious men who are actively working together to achieve their goals faster   \u25ba https://innerconfidence.com/community\n\nYou can email me at robbie@innerconfidence.com with any questions or comments.\n", "subscriber_count": "1270", "total_views": "604693", "total_videos": "470"}, "comments": [], "file_path": "/Users/aelaguiz/workspace/fc_book/audio/raws/CE6gqCeX284.mp3", "transcription": "{\"text\": \"Okay, in theory, just from, like, an evolutionary, biological place, men are supposed to just f*** everything and spread their seed as much as humanly possible and procreate as much as possible. That's like what the DNA wants us to do. Yes, that's what the DNA is wanting you to do. And women are trying to find, like, the most secure provider. They have to get pregnant once and it better f***ing work. Right. And what's interesting to me, I've considered that so much and, like, why am I so not that? Well, you only need to do that for a period of time until the baby is safe. 18 years of none of that, I get to be a hoe again? Like, that doesn't make any sense. For the baby to be safe, it may be, like, two years. Oh, I see what you mean. You know, there's the huge group of angry dudes on the internet, Red Pill guys, that say, oh, women are hypergamous. I don't even know if, like, women have souls. Like, men have souls, but, like, women are, women just act like children. And they're just trying to, like, find a provider to use and have a kid with them and then end up f***ing the pool boy, right? There's that huge group of internet trolls, the Red Pillers, if you've heard of them. Yeah. Who are kind of indoctrinated with that. \", \"segments\": [{\"id\": 0, \"seek\": 0, \"start\": 0.0, \"end\": 3.759999990463257, \"text\": \" Okay, in theory, just from, like, an evolutionary, biological place,\", \"tokens\": [50364, 1033, 11, 294, 5261, 11, 445, 490, 11, 411, 11, 364, 27567, 11, 13910, 1081, 11, 50552], \"temperature\": 0.0, \"avg_logprob\": -0.2470916360616684, \"compression_ratio\": 1.7250858545303345, \"no_speech_prob\": 0.04955388233065605}, {\"id\": 1, \"seek\": 0, \"start\": 3.759999990463257, \"end\": 8.319999694824219, \"text\": \" men are supposed to just f*** everything and spread their seed as much as humanly possible\", \"tokens\": [50552, 1706, 366, 3442, 281, 445, 283, 13684, 1203, 293, 3974, 641, 8871, 382, 709, 382, 1952, 356, 1944, 50780], \"temperature\": 0.0, \"avg_logprob\": -0.2470916360616684, \"compression_ratio\": 1.7250858545303345, \"no_speech_prob\": 0.04955388233065605}, {\"id\": 2, \"seek\": 0, \"start\": 8.319999694824219, \"end\": 10.079999923706055, \"text\": \" and procreate as much as possible.\", \"tokens\": [50780, 293, 9510, 265, 473, 382, 709, 382, 1944, 13, 50868], \"temperature\": 0.0, \"avg_logprob\": -0.2470916360616684, \"compression_ratio\": 1.7250858545303345, \"no_speech_prob\": 0.04955388233065605}, {\"id\": 3, \"seek\": 0, \"start\": 10.079999923706055, \"end\": 11.84000015258789, \"text\": \" That's like what the DNA wants us to do.\", \"tokens\": [50868, 663, 311, 411, 437, 264, 8272, 2738, 505, 281, 360, 13, 50956], \"temperature\": 0.0, \"avg_logprob\": -0.2470916360616684, \"compression_ratio\": 1.7250858545303345, \"no_speech_prob\": 0.04955388233065605}, {\"id\": 4, \"seek\": 0, \"start\": 11.84000015258789, \"end\": 14.15999984741211, \"text\": \" Yes, that's what the DNA is wanting you to do.\", \"tokens\": [50956, 1079, 11, 300, 311, 437, 264, 8272, 307, 7935, 291, 281, 360, 13, 51072], \"temperature\": 0.0, \"avg_logprob\": -0.2470916360616684, \"compression_ratio\": 1.7250858545303345, \"no_speech_prob\": 0.04955388233065605}, {\"id\": 5, \"seek\": 0, \"start\": 14.720000267028809, \"end\": 19.360000610351562, \"text\": \" And women are trying to find, like, the most secure provider.\", \"tokens\": [51100, 400, 2266, 366, 1382, 281, 915, 11, 411, 11, 264, 881, 7144, 12398, 13, 51332], \"temperature\": 0.0, \"avg_logprob\": -0.2470916360616684, \"compression_ratio\": 1.7250858545303345, \"no_speech_prob\": 0.04955388233065605}, {\"id\": 6, \"seek\": 0, \"start\": 19.360000610351562, \"end\": 21.84000015258789, \"text\": \" They have to get pregnant once and it better f***ing work.\", \"tokens\": [51332, 814, 362, 281, 483, 10435, 1564, 293, 309, 1101, 283, 13684, 278, 589, 13, 51456], \"temperature\": 0.0, \"avg_logprob\": -0.2470916360616684, \"compression_ratio\": 1.7250858545303345, \"no_speech_prob\": 0.04955388233065605}, {\"id\": 7, \"seek\": 0, \"start\": 21.84000015258789, \"end\": 22.079999923706055, \"text\": \" Right.\", \"tokens\": [51456, 1779, 13, 51468], \"temperature\": 0.0, \"avg_logprob\": -0.2470916360616684, \"compression_ratio\": 1.7250858545303345, \"no_speech_prob\": 0.04955388233065605}, {\"id\": 8, \"seek\": 0, \"start\": 22.079999923706055, \"end\": 27.040000915527344, \"text\": \" And what's interesting to me, I've considered that so much and, like, why am I so not that?\", \"tokens\": [51468, 400, 437, 311, 1880, 281, 385, 11, 286, 600, 4888, 300, 370, 709, 293, 11, 411, 11, 983, 669, 286, 370, 406, 300, 30, 51716], \"temperature\": 0.0, \"avg_logprob\": -0.2470916360616684, \"compression_ratio\": 1.7250858545303345, \"no_speech_prob\": 0.04955388233065605}, {\"id\": 9, \"seek\": 2704, \"start\": 27.040000915527344, \"end\": 30.239999771118164, \"text\": \" Well, you only need to do that for a period of time until the baby is safe.\", \"tokens\": [50364, 1042, 11, 291, 787, 643, 281, 360, 300, 337, 257, 2896, 295, 565, 1826, 264, 3186, 307, 3273, 13, 50524], \"temperature\": 0.0, \"avg_logprob\": -0.20438528060913086, \"compression_ratio\": 1.7729592323303223, \"no_speech_prob\": 0.026757963001728058}, {\"id\": 10, \"seek\": 2704, \"start\": 30.239999771118164, \"end\": 32.31999969482422, \"text\": \" 18 years of none of that, I get to be a hoe again?\", \"tokens\": [50524, 2443, 924, 295, 6022, 295, 300, 11, 286, 483, 281, 312, 257, 19709, 797, 30, 50628], \"temperature\": 0.0, \"avg_logprob\": -0.20438528060913086, \"compression_ratio\": 1.7729592323303223, \"no_speech_prob\": 0.026757963001728058}, {\"id\": 11, \"seek\": 2704, \"start\": 32.31999969482422, \"end\": 33.84000015258789, \"text\": \" Like, that doesn't make any sense.\", \"tokens\": [50628, 1743, 11, 300, 1177, 380, 652, 604, 2020, 13, 50704], \"temperature\": 0.0, \"avg_logprob\": -0.20438528060913086, \"compression_ratio\": 1.7729592323303223, \"no_speech_prob\": 0.026757963001728058}, {\"id\": 12, \"seek\": 2704, \"start\": 33.84000015258789, \"end\": 35.84000015258789, \"text\": \" For the baby to be safe, it may be, like, two years.\", \"tokens\": [50704, 1171, 264, 3186, 281, 312, 3273, 11, 309, 815, 312, 11, 411, 11, 732, 924, 13, 50804], \"temperature\": 0.0, \"avg_logprob\": -0.20438528060913086, \"compression_ratio\": 1.7729592323303223, \"no_speech_prob\": 0.026757963001728058}, {\"id\": 13, \"seek\": 2704, \"start\": 35.84000015258789, \"end\": 36.720001220703125, \"text\": \" Oh, I see what you mean.\", \"tokens\": [50804, 876, 11, 286, 536, 437, 291, 914, 13, 50848], \"temperature\": 0.0, \"avg_logprob\": -0.20438528060913086, \"compression_ratio\": 1.7729592323303223, \"no_speech_prob\": 0.026757963001728058}, {\"id\": 14, \"seek\": 2704, \"start\": 36.720001220703125, \"end\": 39.599998474121094, \"text\": \" You know, there's the huge group of angry dudes on the internet,\", \"tokens\": [50848, 509, 458, 11, 456, 311, 264, 2603, 1594, 295, 6884, 27717, 322, 264, 4705, 11, 50992], \"temperature\": 0.0, \"avg_logprob\": -0.20438528060913086, \"compression_ratio\": 1.7729592323303223, \"no_speech_prob\": 0.026757963001728058}, {\"id\": 15, \"seek\": 2704, \"start\": 39.599998474121094, \"end\": 42.0, \"text\": \" Red Pill guys, that say, oh, women are hypergamous.\", \"tokens\": [50992, 4477, 44656, 1074, 11, 300, 584, 11, 1954, 11, 2266, 366, 9848, 70, 22314, 13, 51112], \"temperature\": 0.0, \"avg_logprob\": -0.20438528060913086, \"compression_ratio\": 1.7729592323303223, \"no_speech_prob\": 0.026757963001728058}, {\"id\": 16, \"seek\": 2704, \"start\": 42.0, \"end\": 43.52000045776367, \"text\": \" I don't even know if, like, women have souls.\", \"tokens\": [51112, 286, 500, 380, 754, 458, 498, 11, 411, 11, 2266, 362, 16588, 13, 51188], \"temperature\": 0.0, \"avg_logprob\": -0.20438528060913086, \"compression_ratio\": 1.7729592323303223, \"no_speech_prob\": 0.026757963001728058}, {\"id\": 17, \"seek\": 2704, \"start\": 44.08000183105469, \"end\": 47.119998931884766, \"text\": \" Like, men have souls, but, like, women are, women just act like children.\", \"tokens\": [51216, 1743, 11, 1706, 362, 16588, 11, 457, 11, 411, 11, 2266, 366, 11, 2266, 445, 605, 411, 2227, 13, 51368], \"temperature\": 0.0, \"avg_logprob\": -0.20438528060913086, \"compression_ratio\": 1.7729592323303223, \"no_speech_prob\": 0.026757963001728058}, {\"id\": 18, \"seek\": 2704, \"start\": 47.119998931884766, \"end\": 51.279998779296875, \"text\": \" And they're just trying to, like, find a provider to use and have a kid with them\", \"tokens\": [51368, 400, 436, 434, 445, 1382, 281, 11, 411, 11, 915, 257, 12398, 281, 764, 293, 362, 257, 1636, 365, 552, 51576], \"temperature\": 0.0, \"avg_logprob\": -0.20438528060913086, \"compression_ratio\": 1.7729592323303223, \"no_speech_prob\": 0.026757963001728058}, {\"id\": 19, \"seek\": 2704, \"start\": 51.279998779296875, \"end\": 52.880001068115234, \"text\": \" and then end up f***ing the pool boy, right?\", \"tokens\": [51576, 293, 550, 917, 493, 283, 13684, 278, 264, 7005, 3237, 11, 558, 30, 51656], \"temperature\": 0.0, \"avg_logprob\": -0.20438528060913086, \"compression_ratio\": 1.7729592323303223, \"no_speech_prob\": 0.026757963001728058}, {\"id\": 20, \"seek\": 2704, \"start\": 52.880001068115234, \"end\": 56.2400016784668, \"text\": \" There's that huge group of internet trolls, the Red Pillers, if you've heard of them.\", \"tokens\": [51656, 821, 311, 300, 2603, 1594, 295, 4705, 47749, 11, 264, 4477, 44656, 433, 11, 498, 291, 600, 2198, 295, 552, 13, 51824], \"temperature\": 0.0, \"avg_logprob\": -0.20438528060913086, \"compression_ratio\": 1.7729592323303223, \"no_speech_prob\": 0.026757963001728058}, {\"id\": 21, \"seek\": 2704, \"start\": 56.2400016784668, \"end\": 56.47999954223633, \"text\": \" Yeah.\", \"tokens\": [51824, 865, 13, 51836], \"temperature\": 0.0, \"avg_logprob\": -0.20438528060913086, \"compression_ratio\": 1.7729592323303223, \"no_speech_prob\": 0.026757963001728058}, {\"id\": 22, \"seek\": 5648, \"start\": 56.47999954223633, \"end\": 57.91999816894531, \"text\": \" Who are kind of indoctrinated with that.\", \"tokens\": [50364, 2102, 366, 733, 295, 13770, 349, 81, 5410, 365, 300, 13, 50436], \"temperature\": 0.0, \"avg_logprob\": -0.27323728799819946, \"compression_ratio\": 0.8695651888847351, \"no_speech_prob\": 0.36293551325798035}]}"}