{"title": "Sergio Testimonial", "video_id": "CIdGJh4KUgM", "video_url": "https://www.youtube.com/watch?v=CIdGJh4KUgM", "description": " ", "published_at": "2011-08-15T23:03:08Z", "channel_id": "UC0O-ohYDF4P66HW9XJ4Us8w", "channel_title": "Robbie Kramer", "tags": ["Sergio", "Laff"], "category_id": "26", "live_broadcast_content": "none", "duration": 51.0, "dimension": "2d", "definition": "sd", "caption": "false", "view_count": 253, "like_count": 0, "comment_count": 0, "channel_info": {"title": "Robbie Kramer", "description": "I'm Robbie Kramer \ud83c\udf99Host of The Inner Confidence Podcast & Founder of Inner Confidence, Inc.\n\nI lived an exhilarating single life filled with adventures and lessons, and ultimately achieved what I had always aspired to \u2013 finding an amazing, feminine, and loving wife. \n\nI believe my experiences provide a rare balance of wild freedom and committed love, equipping me with the insights to help you navigate the complexities of dating and relationships in today's world. Let me guide you to embrace your desires, improve your social prowess, and ultimately attract the partner who aligns with your highest aspirations.\n\nYou won\u2019t find any fluffy, new-age, or cringy stuff here, just tested, proven and actionable advice that yields results.\n\nApply to join our exclusive Inner Confidence Community of ambitious men who are actively working together to achieve their goals faster   \u25ba https://innerconfidence.com/community\n\nYou can email me at robbie@innerconfidence.com with any questions or comments.\n", "subscriber_count": "1270", "total_views": "604693", "total_videos": "470"}, "comments": [], "file_path": "/Users/aelaguiz/workspace/fc_book/audio/raws/CIdGJh4KUgM.mp3", "transcription": "{\"text\": \"My name is Sergio and I just completed the Inner Confidence Boot Camp with Robby Kramer and his girlfriend Allison. And I have to say that it has changed my entire perspective on women and how to approach them. It has improved my confidence so much in the most natural way. There's no gimmicks, there's no pick-up lines. It's all about just being yourself and not being afraid to express yourself to anybody, not just women. So I highly recommend this boot camp program to anybody out there who's just like me or was like me, who's wanting to improve this part, this area of their life sometime in the near future. And the sooner the better, because you'll be better off in the long run. \", \"segments\": [{\"id\": 0, \"seek\": 0, \"start\": 0.0, \"end\": 7.0, \"text\": \" My name is Sergio and I just completed the Inner Confidence Boot Camp with Robby Kramer and his girlfriend Allison.\", \"tokens\": [50364, 1222, 1315, 307, 45078, 293, 286, 445, 7365, 264, 36705, 11701, 2778, 37263, 9189, 365, 5424, 2322, 591, 44772, 293, 702, 10369, 32638, 13, 50714], \"temperature\": 0.0, \"avg_logprob\": -0.2683236300945282, \"compression_ratio\": 1.6060606241226196, \"no_speech_prob\": 0.10048205405473709}, {\"id\": 1, \"seek\": 0, \"start\": 7.0, \"end\": 15.0, \"text\": \" And I have to say that it has changed my entire perspective on women and how to approach them.\", \"tokens\": [50714, 400, 286, 362, 281, 584, 300, 309, 575, 3105, 452, 2302, 4585, 322, 2266, 293, 577, 281, 3109, 552, 13, 51114], \"temperature\": 0.0, \"avg_logprob\": -0.2683236300945282, \"compression_ratio\": 1.6060606241226196, \"no_speech_prob\": 0.10048205405473709}, {\"id\": 2, \"seek\": 0, \"start\": 15.0, \"end\": 20.0, \"text\": \" It has improved my confidence so much in the most natural way.\", \"tokens\": [51114, 467, 575, 9689, 452, 6687, 370, 709, 294, 264, 881, 3303, 636, 13, 51364], \"temperature\": 0.0, \"avg_logprob\": -0.2683236300945282, \"compression_ratio\": 1.6060606241226196, \"no_speech_prob\": 0.10048205405473709}, {\"id\": 3, \"seek\": 0, \"start\": 20.0, \"end\": 23.0, \"text\": \" There's no gimmicks, there's no pick-up lines.\", \"tokens\": [51364, 821, 311, 572, 37214, 7663, 11, 456, 311, 572, 1888, 12, 1010, 3876, 13, 51514], \"temperature\": 0.0, \"avg_logprob\": -0.2683236300945282, \"compression_ratio\": 1.6060606241226196, \"no_speech_prob\": 0.10048205405473709}, {\"id\": 4, \"seek\": 0, \"start\": 23.0, \"end\": 29.0, \"text\": \" It's all about just being yourself and not being afraid to express yourself to anybody, not just women.\", \"tokens\": [51514, 467, 311, 439, 466, 445, 885, 1803, 293, 406, 885, 4638, 281, 5109, 1803, 281, 4472, 11, 406, 445, 2266, 13, 51814], \"temperature\": 0.0, \"avg_logprob\": -0.2683236300945282, \"compression_ratio\": 1.6060606241226196, \"no_speech_prob\": 0.10048205405473709}, {\"id\": 5, \"seek\": 2900, \"start\": 29.0, \"end\": 38.0, \"text\": \" So I highly recommend this boot camp program to anybody out there who's just like me or was like me,\", \"tokens\": [50364, 407, 286, 5405, 2748, 341, 11450, 2255, 1461, 281, 4472, 484, 456, 567, 311, 445, 411, 385, 420, 390, 411, 385, 11, 50814], \"temperature\": 0.0, \"avg_logprob\": -0.2522353529930115, \"compression_ratio\": 1.5232558250427246, \"no_speech_prob\": 0.0014093880308791995}, {\"id\": 6, \"seek\": 2900, \"start\": 38.0, \"end\": 45.0, \"text\": \" who's wanting to improve this part, this area of their life sometime in the near future.\", \"tokens\": [50814, 567, 311, 7935, 281, 3470, 341, 644, 11, 341, 1859, 295, 641, 993, 15053, 294, 264, 2651, 2027, 13, 51164], \"temperature\": 0.0, \"avg_logprob\": -0.2522353529930115, \"compression_ratio\": 1.5232558250427246, \"no_speech_prob\": 0.0014093880308791995}, {\"id\": 7, \"seek\": 2900, \"start\": 45.0, \"end\": 50.0, \"text\": \" And the sooner the better, because you'll be better off in the long run.\", \"tokens\": [51164, 400, 264, 15324, 264, 1101, 11, 570, 291, 603, 312, 1101, 766, 294, 264, 938, 1190, 13, 51414], \"temperature\": 0.0, \"avg_logprob\": -0.2522353529930115, \"compression_ratio\": 1.5232558250427246, \"no_speech_prob\": 0.0014093880308791995}]}"}