{"title": "The most attractive age for a man", "video_id": "cJ1Lf4wMPtA", "video_url": "https://www.youtube.com/watch?v=cJ1Lf4wMPtA", "description": "", "published_at": "2023-05-11T13:09:22Z", "channel_id": "UC0O-ohYDF4P66HW9XJ4Us8w", "channel_title": "Robbie Kramer", "tags": [], "category_id": "24", "live_broadcast_content": "none", "duration": 31.0, "dimension": "2d", "definition": "hd", "caption": "false", "view_count": 2656, "like_count": 50, "comment_count": 7, "channel_info": {"title": "Robbie Kramer", "description": "I'm Robbie Kramer \ud83c\udf99Host of The Inner Confidence Podcast & Founder of Inner Confidence, Inc.\n\nI lived an exhilarating single life filled with adventures and lessons, and ultimately achieved what I had always aspired to \u2013 finding an amazing, feminine, and loving wife. \n\nI believe my experiences provide a rare balance of wild freedom and committed love, equipping me with the insights to help you navigate the complexities of dating and relationships in today's world. Let me guide you to embrace your desires, improve your social prowess, and ultimately attract the partner who aligns with your highest aspirations.\n\nYou won\u2019t find any fluffy, new-age, or cringy stuff here, just tested, proven and actionable advice that yields results.\n\nApply to join our exclusive Inner Confidence Community of ambitious men who are actively working together to achieve their goals faster   \u25ba https://innerconfidence.com/community\n\nYou can email me at robbie@innerconfidence.com with any questions or comments.\n", "subscriber_count": "1270", "total_views": "604693", "total_videos": "470"}, "comments": [], "file_path": "/Users/aelaguiz/workspace/fc_book/audio/raws/cJ1Lf4wMPtA.mp3", "transcription": "{\"text\": \"Guys don't hit their peak sexual market value usually until they're mid-30s, because it takes us a lot longer to mature, gain resources, to leverage those resources, to build a business, to build some wealth. Women mature in the sexual marketplace really early, like 18. You're going to remain that hot until you're about 25, 26, 27. I'm 24. You think I have only three years left? You're in your peak hotness stage. No, I will stay forever there, okay? You'll stay there for a really long time because you take care of yourself. But your peak is in your late teens, early 20s to like the end of your 20s, right? And then whenever you can use Botox, you do all those things. \", \"segments\": [{\"id\": 0, \"seek\": 0, \"start\": 0.0, \"end\": 3.2799999713897705, \"text\": \" Guys don't hit their peak sexual market value usually until they're mid-30s,\", \"tokens\": [50364, 7855, 500, 380, 2045, 641, 10651, 6701, 2142, 2158, 2673, 1826, 436, 434, 2062, 12, 3446, 82, 11, 50528], \"temperature\": 0.0, \"avg_logprob\": -0.2646547853946686, \"compression_ratio\": 1.7485713958740234, \"no_speech_prob\": 0.05574740841984749}, {\"id\": 1, \"seek\": 0, \"start\": 3.2799999713897705, \"end\": 7.559999942779541, \"text\": \" because it takes us a lot longer to mature, gain resources, to leverage those resources,\", \"tokens\": [50528, 570, 309, 2516, 505, 257, 688, 2854, 281, 14442, 11, 6052, 3593, 11, 281, 13982, 729, 3593, 11, 50742], \"temperature\": 0.0, \"avg_logprob\": -0.2646547853946686, \"compression_ratio\": 1.7485713958740234, \"no_speech_prob\": 0.05574740841984749}, {\"id\": 2, \"seek\": 0, \"start\": 7.559999942779541, \"end\": 9.279999732971191, \"text\": \" to build a business, to build some wealth.\", \"tokens\": [50742, 281, 1322, 257, 1606, 11, 281, 1322, 512, 7203, 13, 50828], \"temperature\": 0.0, \"avg_logprob\": -0.2646547853946686, \"compression_ratio\": 1.7485713958740234, \"no_speech_prob\": 0.05574740841984749}, {\"id\": 3, \"seek\": 0, \"start\": 9.279999732971191, \"end\": 12.4399995803833, \"text\": \" Women mature in the sexual marketplace really early, like 18.\", \"tokens\": [50828, 11065, 14442, 294, 264, 6701, 19455, 534, 2440, 11, 411, 2443, 13, 50986], \"temperature\": 0.0, \"avg_logprob\": -0.2646547853946686, \"compression_ratio\": 1.7485713958740234, \"no_speech_prob\": 0.05574740841984749}, {\"id\": 4, \"seek\": 0, \"start\": 12.4399995803833, \"end\": 15.720000267028809, \"text\": \" You're going to remain that hot until you're about 25, 26, 27.\", \"tokens\": [50986, 509, 434, 516, 281, 6222, 300, 2368, 1826, 291, 434, 466, 3552, 11, 7551, 11, 7634, 13, 51150], \"temperature\": 0.0, \"avg_logprob\": -0.2646547853946686, \"compression_ratio\": 1.7485713958740234, \"no_speech_prob\": 0.05574740841984749}, {\"id\": 5, \"seek\": 0, \"start\": 15.720000267028809, \"end\": 17.959999084472656, \"text\": \" I'm 24. You think I have only three years left?\", \"tokens\": [51150, 286, 478, 4022, 13, 509, 519, 286, 362, 787, 1045, 924, 1411, 30, 51262], \"temperature\": 0.0, \"avg_logprob\": -0.2646547853946686, \"compression_ratio\": 1.7485713958740234, \"no_speech_prob\": 0.05574740841984749}, {\"id\": 6, \"seek\": 0, \"start\": 17.959999084472656, \"end\": 19.520000457763672, \"text\": \" You're in your peak hotness stage.\", \"tokens\": [51262, 509, 434, 294, 428, 10651, 2368, 1287, 3233, 13, 51340], \"temperature\": 0.0, \"avg_logprob\": -0.2646547853946686, \"compression_ratio\": 1.7485713958740234, \"no_speech_prob\": 0.05574740841984749}, {\"id\": 7, \"seek\": 0, \"start\": 19.520000457763672, \"end\": 21.200000762939453, \"text\": \" No, I will stay forever there, okay?\", \"tokens\": [51340, 883, 11, 286, 486, 1754, 5680, 456, 11, 1392, 30, 51424], \"temperature\": 0.0, \"avg_logprob\": -0.2646547853946686, \"compression_ratio\": 1.7485713958740234, \"no_speech_prob\": 0.05574740841984749}, {\"id\": 8, \"seek\": 0, \"start\": 21.200000762939453, \"end\": 23.719999313354492, \"text\": \" You'll stay there for a really long time because you take care of yourself.\", \"tokens\": [51424, 509, 603, 1754, 456, 337, 257, 534, 938, 565, 570, 291, 747, 1127, 295, 1803, 13, 51550], \"temperature\": 0.0, \"avg_logprob\": -0.2646547853946686, \"compression_ratio\": 1.7485713958740234, \"no_speech_prob\": 0.05574740841984749}, {\"id\": 9, \"seek\": 0, \"start\": 23.719999313354492, \"end\": 28.040000915527344, \"text\": \" But your peak is in your late teens, early 20s to like the end of your 20s, right?\", \"tokens\": [51550, 583, 428, 10651, 307, 294, 428, 3469, 24849, 11, 2440, 945, 82, 281, 411, 264, 917, 295, 428, 945, 82, 11, 558, 30, 51766], \"temperature\": 0.0, \"avg_logprob\": -0.2646547853946686, \"compression_ratio\": 1.7485713958740234, \"no_speech_prob\": 0.05574740841984749}, {\"id\": 10, \"seek\": 2804, \"start\": 28.040000915527344, \"end\": 29.959999084472656, \"text\": \" And then whenever you can use Botox, you do all those things.\", \"tokens\": [50364, 400, 550, 5699, 291, 393, 764, 25486, 5230, 11, 291, 360, 439, 729, 721, 13, 50460], \"temperature\": 0.0, \"avg_logprob\": -0.4364098310470581, \"compression_ratio\": 0.9838709831237793, \"no_speech_prob\": 0.9733483195304871}]}"}