{"title": "Do your girlfriends compare notes on who they sleep with?", "video_id": "CJCwQMnBqmQ", "video_url": "https://www.youtube.com/watch?v=CJCwQMnBqmQ", "description": "", "published_at": "2023-05-02T20:18:29Z", "channel_id": "UC0O-ohYDF4P66HW9XJ4Us8w", "channel_title": "Robbie Kramer", "tags": [], "category_id": "26", "live_broadcast_content": "none", "duration": 29.0, "dimension": "2d", "definition": "hd", "caption": "false", "view_count": 1332, "like_count": 23, "comment_count": 2, "channel_info": {"title": "Robbie Kramer", "description": "I'm Robbie Kramer \ud83c\udf99Host of The Inner Confidence Podcast & Founder of Inner Confidence, Inc.\n\nI lived an exhilarating single life filled with adventures and lessons, and ultimately achieved what I had always aspired to \u2013 finding an amazing, feminine, and loving wife. \n\nI believe my experiences provide a rare balance of wild freedom and committed love, equipping me with the insights to help you navigate the complexities of dating and relationships in today's world. Let me guide you to embrace your desires, improve your social prowess, and ultimately attract the partner who aligns with your highest aspirations.\n\nYou won\u2019t find any fluffy, new-age, or cringy stuff here, just tested, proven and actionable advice that yields results.\n\nApply to join our exclusive Inner Confidence Community of ambitious men who are actively working together to achieve their goals faster   \u25ba https://innerconfidence.com/community\n\nYou can email me at robbie@innerconfidence.com with any questions or comments.\n", "subscriber_count": "1270", "total_views": "604693", "total_videos": "470"}, "comments": [], "file_path": "/Users/aelaguiz/workspace/fc_book/audio/raws/CJCwQMnBqmQ.mp3", "transcription": "{\"text\": \"Did your girlfriends count men that they hook up with? Oh, of course. How detailed do they get? Super detailed. You know, you discuss everything, because what I like about your man's group, you teach guys to discuss all the details about dates. I think that the guys never discuss anything, but girls always discuss it. Like, oh, I had that problem, and I thought that he didn't like it. Maybe he didn't want to f**k me because of that. And your girlfriend will say, oh my God, you're in your mind is so wrong. Like, I don't think he would notice that. I just find it really interesting that girls discuss this stuff a ton. And guys, \", \"segments\": [{\"id\": 0, \"seek\": 0, \"start\": 0.0, \"end\": 2.200000047683716, \"text\": \" Did your girlfriends count men that they hook up with?\", \"tokens\": [50364, 2589, 428, 46558, 1207, 1706, 300, 436, 6328, 493, 365, 30, 50474], \"temperature\": 0.0, \"avg_logprob\": -0.2783070504665375, \"compression_ratio\": 1.8242075443267822, \"no_speech_prob\": 3.295149144832976e-05}, {\"id\": 1, \"seek\": 0, \"start\": 2.200000047683716, \"end\": 2.9200000762939453, \"text\": \" Oh, of course.\", \"tokens\": [50474, 876, 11, 295, 1164, 13, 50510], \"temperature\": 0.0, \"avg_logprob\": -0.2783070504665375, \"compression_ratio\": 1.8242075443267822, \"no_speech_prob\": 3.295149144832976e-05}, {\"id\": 2, \"seek\": 0, \"start\": 2.9200000762939453, \"end\": 4.320000171661377, \"text\": \" How detailed do they get?\", \"tokens\": [50510, 1012, 9942, 360, 436, 483, 30, 50580], \"temperature\": 0.0, \"avg_logprob\": -0.2783070504665375, \"compression_ratio\": 1.8242075443267822, \"no_speech_prob\": 3.295149144832976e-05}, {\"id\": 3, \"seek\": 0, \"start\": 4.320000171661377, \"end\": 5.119999885559082, \"text\": \" Super detailed.\", \"tokens\": [50580, 4548, 9942, 13, 50620], \"temperature\": 0.0, \"avg_logprob\": -0.2783070504665375, \"compression_ratio\": 1.8242075443267822, \"no_speech_prob\": 3.295149144832976e-05}, {\"id\": 4, \"seek\": 0, \"start\": 5.119999885559082, \"end\": 6.360000133514404, \"text\": \" You know, you discuss everything,\", \"tokens\": [50620, 509, 458, 11, 291, 2248, 1203, 11, 50682], \"temperature\": 0.0, \"avg_logprob\": -0.2783070504665375, \"compression_ratio\": 1.8242075443267822, \"no_speech_prob\": 3.295149144832976e-05}, {\"id\": 5, \"seek\": 0, \"start\": 6.360000133514404, \"end\": 8.600000381469727, \"text\": \" because what I like about your man's group,\", \"tokens\": [50682, 570, 437, 286, 411, 466, 428, 587, 311, 1594, 11, 50794], \"temperature\": 0.0, \"avg_logprob\": -0.2783070504665375, \"compression_ratio\": 1.8242075443267822, \"no_speech_prob\": 3.295149144832976e-05}, {\"id\": 6, \"seek\": 0, \"start\": 8.600000381469727, \"end\": 11.5600004196167, \"text\": \" you teach guys to discuss all the details about dates.\", \"tokens\": [50794, 291, 2924, 1074, 281, 2248, 439, 264, 4365, 466, 11691, 13, 50942], \"temperature\": 0.0, \"avg_logprob\": -0.2783070504665375, \"compression_ratio\": 1.8242075443267822, \"no_speech_prob\": 3.295149144832976e-05}, {\"id\": 7, \"seek\": 0, \"start\": 11.5600004196167, \"end\": 13.4399995803833, \"text\": \" I think that the guys never discuss anything,\", \"tokens\": [50942, 286, 519, 300, 264, 1074, 1128, 2248, 1340, 11, 51036], \"temperature\": 0.0, \"avg_logprob\": -0.2783070504665375, \"compression_ratio\": 1.8242075443267822, \"no_speech_prob\": 3.295149144832976e-05}, {\"id\": 8, \"seek\": 0, \"start\": 13.4399995803833, \"end\": 14.880000114440918, \"text\": \" but girls always discuss it.\", \"tokens\": [51036, 457, 4519, 1009, 2248, 309, 13, 51108], \"temperature\": 0.0, \"avg_logprob\": -0.2783070504665375, \"compression_ratio\": 1.8242075443267822, \"no_speech_prob\": 3.295149144832976e-05}, {\"id\": 9, \"seek\": 0, \"start\": 14.880000114440918, \"end\": 16.15999984741211, \"text\": \" Like, oh, I had that problem,\", \"tokens\": [51108, 1743, 11, 1954, 11, 286, 632, 300, 1154, 11, 51172], \"temperature\": 0.0, \"avg_logprob\": -0.2783070504665375, \"compression_ratio\": 1.8242075443267822, \"no_speech_prob\": 3.295149144832976e-05}, {\"id\": 10, \"seek\": 0, \"start\": 16.15999984741211, \"end\": 17.799999237060547, \"text\": \" and I thought that he didn't like it.\", \"tokens\": [51172, 293, 286, 1194, 300, 415, 994, 380, 411, 309, 13, 51254], \"temperature\": 0.0, \"avg_logprob\": -0.2783070504665375, \"compression_ratio\": 1.8242075443267822, \"no_speech_prob\": 3.295149144832976e-05}, {\"id\": 11, \"seek\": 0, \"start\": 17.799999237060547, \"end\": 19.799999237060547, \"text\": \" Maybe he didn't want to f**k me because of that.\", \"tokens\": [51254, 2704, 415, 994, 380, 528, 281, 283, 4852, 74, 385, 570, 295, 300, 13, 51354], \"temperature\": 0.0, \"avg_logprob\": -0.2783070504665375, \"compression_ratio\": 1.8242075443267822, \"no_speech_prob\": 3.295149144832976e-05}, {\"id\": 12, \"seek\": 0, \"start\": 19.799999237060547, \"end\": 20.68000030517578, \"text\": \" And your girlfriend will say,\", \"tokens\": [51354, 400, 428, 10369, 486, 584, 11, 51398], \"temperature\": 0.0, \"avg_logprob\": -0.2783070504665375, \"compression_ratio\": 1.8242075443267822, \"no_speech_prob\": 3.295149144832976e-05}, {\"id\": 13, \"seek\": 0, \"start\": 20.68000030517578, \"end\": 22.959999084472656, \"text\": \" oh my God, you're in your mind is so wrong.\", \"tokens\": [51398, 1954, 452, 1265, 11, 291, 434, 294, 428, 1575, 307, 370, 2085, 13, 51512], \"temperature\": 0.0, \"avg_logprob\": -0.2783070504665375, \"compression_ratio\": 1.8242075443267822, \"no_speech_prob\": 3.295149144832976e-05}, {\"id\": 14, \"seek\": 0, \"start\": 22.959999084472656, \"end\": 24.280000686645508, \"text\": \" Like, I don't think he would notice that.\", \"tokens\": [51512, 1743, 11, 286, 500, 380, 519, 415, 576, 3449, 300, 13, 51578], \"temperature\": 0.0, \"avg_logprob\": -0.2783070504665375, \"compression_ratio\": 1.8242075443267822, \"no_speech_prob\": 3.295149144832976e-05}, {\"id\": 15, \"seek\": 0, \"start\": 24.280000686645508, \"end\": 25.239999771118164, \"text\": \" I just find it really interesting\", \"tokens\": [51578, 286, 445, 915, 309, 534, 1880, 51626], \"temperature\": 0.0, \"avg_logprob\": -0.2783070504665375, \"compression_ratio\": 1.8242075443267822, \"no_speech_prob\": 3.295149144832976e-05}, {\"id\": 16, \"seek\": 0, \"start\": 25.239999771118164, \"end\": 27.440000534057617, \"text\": \" that girls discuss this stuff a ton.\", \"tokens\": [51626, 300, 4519, 2248, 341, 1507, 257, 2952, 13, 51736], \"temperature\": 0.0, \"avg_logprob\": -0.2783070504665375, \"compression_ratio\": 1.8242075443267822, \"no_speech_prob\": 3.295149144832976e-05}, {\"id\": 17, \"seek\": 0, \"start\": 27.440000534057617, \"end\": 28.280000686645508, \"text\": \" And guys,\", \"tokens\": [51736, 400, 1074, 11, 51778], \"temperature\": 0.0, \"avg_logprob\": -0.2783070504665375, \"compression_ratio\": 1.8242075443267822, \"no_speech_prob\": 3.295149144832976e-05}]}"}