{"title": "Why she\u2019s not responding to your messages and what to do about it\u2026", "video_id": "Cktamdv7t8M", "video_url": "https://www.youtube.com/watch?v=Cktamdv7t8M", "description": "", "published_at": "2023-05-26T20:27:38Z", "channel_id": "UC0O-ohYDF4P66HW9XJ4Us8w", "channel_title": "Robbie Kramer", "tags": [], "category_id": "24", "live_broadcast_content": "none", "duration": 25.0, "dimension": "2d", "definition": "hd", "caption": "false", "view_count": 36, "like_count": 2, "comment_count": 0, "channel_info": {"title": "Robbie Kramer", "description": "I'm Robbie Kramer \ud83c\udf99Host of The Inner Confidence Podcast & Founder of Inner Confidence, Inc.\n\nI lived an exhilarating single life filled with adventures and lessons, and ultimately achieved what I had always aspired to \u2013 finding an amazing, feminine, and loving wife. \n\nI believe my experiences provide a rare balance of wild freedom and committed love, equipping me with the insights to help you navigate the complexities of dating and relationships in today's world. Let me guide you to embrace your desires, improve your social prowess, and ultimately attract the partner who aligns with your highest aspirations.\n\nYou won\u2019t find any fluffy, new-age, or cringy stuff here, just tested, proven and actionable advice that yields results.\n\nApply to join our exclusive Inner Confidence Community of ambitious men who are actively working together to achieve their goals faster   \u25ba https://innerconfidence.com/community\n\nYou can email me at robbie@innerconfidence.com with any questions or comments.\n", "subscriber_count": "1270", "total_views": "604693", "total_videos": "470"}, "comments": [], "file_path": "/Users/aelaguiz/workspace/fc_book/audio/raws/Cktamdv7t8M.mp3", "transcription": "{\"text\": \"girlfriends, their guy friends, their pets working out the relative nutrition of chia seeds and their morning smoothie, the 335 guys in their DMs. And that's where you live. Like their level of investment is appropriate based off of like your own investment, how much they know you, like, oh, they're like bad people, or they don't respect my time or an ethical obligation that I have. It's like, well, no, I don't have that same level of ethical obligation to them that I have to you, Robbie, because I don't know. We haven't invested in each other.  \", \"segments\": [{\"id\": 0, \"seek\": 0, \"start\": 0.0, \"end\": 3.0, \"text\": \" girlfriends, their guy friends, their pets working out the relative nutrition of chia\", \"tokens\": [50364, 46558, 11, 641, 2146, 1855, 11, 641, 19897, 1364, 484, 264, 4972, 14718, 295, 45793, 50514], \"temperature\": 0.0, \"avg_logprob\": -0.3659599721431732, \"compression_ratio\": 1.806962013244629, \"no_speech_prob\": 0.01203104481101036}, {\"id\": 1, \"seek\": 0, \"start\": 3.0, \"end\": 7.199999809265137, \"text\": \" seeds and their morning smoothie, the 335 guys in their DMs.\", \"tokens\": [50514, 9203, 293, 641, 2446, 36328, 11, 264, 805, 8794, 1074, 294, 641, 15322, 82, 13, 50724], \"temperature\": 0.0, \"avg_logprob\": -0.3659599721431732, \"compression_ratio\": 1.806962013244629, \"no_speech_prob\": 0.01203104481101036}, {\"id\": 2, \"seek\": 0, \"start\": 7.199999809265137, \"end\": 8.199999809265137, \"text\": \" And that's where you live.\", \"tokens\": [50724, 400, 300, 311, 689, 291, 1621, 13, 50774], \"temperature\": 0.0, \"avg_logprob\": -0.3659599721431732, \"compression_ratio\": 1.806962013244629, \"no_speech_prob\": 0.01203104481101036}, {\"id\": 3, \"seek\": 0, \"start\": 8.199999809265137, \"end\": 11.520000457763672, \"text\": \" Like their level of investment is appropriate based off of like your own investment, how\", \"tokens\": [50774, 1743, 641, 1496, 295, 6078, 307, 6854, 2361, 766, 295, 411, 428, 1065, 6078, 11, 577, 50940], \"temperature\": 0.0, \"avg_logprob\": -0.3659599721431732, \"compression_ratio\": 1.806962013244629, \"no_speech_prob\": 0.01203104481101036}, {\"id\": 4, \"seek\": 0, \"start\": 11.520000457763672, \"end\": 15.5600004196167, \"text\": \" much they know you, like, oh, they're like bad people, or they don't respect my time\", \"tokens\": [50940, 709, 436, 458, 291, 11, 411, 11, 1954, 11, 436, 434, 411, 1578, 561, 11, 420, 436, 500, 380, 3104, 452, 565, 51142], \"temperature\": 0.0, \"avg_logprob\": -0.3659599721431732, \"compression_ratio\": 1.806962013244629, \"no_speech_prob\": 0.01203104481101036}, {\"id\": 5, \"seek\": 0, \"start\": 15.5600004196167, \"end\": 17.079999923706055, \"text\": \" or an ethical obligation that I have.\", \"tokens\": [51142, 420, 364, 18890, 20326, 300, 286, 362, 13, 51218], \"temperature\": 0.0, \"avg_logprob\": -0.3659599721431732, \"compression_ratio\": 1.806962013244629, \"no_speech_prob\": 0.01203104481101036}, {\"id\": 6, \"seek\": 0, \"start\": 17.079999923706055, \"end\": 20.600000381469727, \"text\": \" It's like, well, no, I don't have that same level of ethical obligation to them that I\", \"tokens\": [51218, 467, 311, 411, 11, 731, 11, 572, 11, 286, 500, 380, 362, 300, 912, 1496, 295, 18890, 20326, 281, 552, 300, 286, 51394], \"temperature\": 0.0, \"avg_logprob\": -0.3659599721431732, \"compression_ratio\": 1.806962013244629, \"no_speech_prob\": 0.01203104481101036}, {\"id\": 7, \"seek\": 0, \"start\": 20.600000381469727, \"end\": 22.440000534057617, \"text\": \" have to you, Robbie, because I don't know.\", \"tokens\": [51394, 362, 281, 291, 11, 45749, 11, 570, 286, 500, 380, 458, 13, 51486], \"temperature\": 0.0, \"avg_logprob\": -0.3659599721431732, \"compression_ratio\": 1.806962013244629, \"no_speech_prob\": 0.01203104481101036}, {\"id\": 8, \"seek\": 0, \"start\": 22.440000534057617, \"end\": 23.440000534057617, \"text\": \" We haven't invested in each other.\", \"tokens\": [51486, 492, 2378, 380, 13104, 294, 1184, 661, 13, 51536], \"temperature\": 0.0, \"avg_logprob\": -0.3659599721431732, \"compression_ratio\": 1.806962013244629, \"no_speech_prob\": 0.01203104481101036}, {\"id\": 9, \"seek\": 0, \"start\": 23.440000534057617, \"end\": 23.440000534057617, \"text\": \"\", \"tokens\": [], \"temperature\": 0.0, \"avg_logprob\": -0.3659599721431732, \"compression_ratio\": 1.806962013244629, \"no_speech_prob\": 0.01203104481101036, \"words\": []}]}"}