{"title": "How knowing yourself leads to compatible partnerships\u2026 #innerconfidencepodcast #confidencecoach", "video_id": "CQPknGgVirw", "video_url": "https://www.youtube.com/watch?v=CQPknGgVirw", "description": "", "published_at": "2023-10-04T17:19:16Z", "channel_id": "UC0O-ohYDF4P66HW9XJ4Us8w", "channel_title": "Robbie Kramer", "tags": [], "category_id": "24", "live_broadcast_content": "none", "duration": 45.0, "dimension": "2d", "definition": "hd", "caption": "false", "view_count": 37, "like_count": 2, "comment_count": 0, "channel_info": {"title": "Robbie Kramer", "description": "I'm Robbie Kramer \ud83c\udf99Host of The Inner Confidence Podcast & Founder of Inner Confidence, Inc.\n\nI lived an exhilarating single life filled with adventures and lessons, and ultimately achieved what I had always aspired to \u2013 finding an amazing, feminine, and loving wife. \n\nI believe my experiences provide a rare balance of wild freedom and committed love, equipping me with the insights to help you navigate the complexities of dating and relationships in today's world. Let me guide you to embrace your desires, improve your social prowess, and ultimately attract the partner who aligns with your highest aspirations.\n\nYou won\u2019t find any fluffy, new-age, or cringy stuff here, just tested, proven and actionable advice that yields results.\n\nApply to join our exclusive Inner Confidence Community of ambitious men who are actively working together to achieve their goals faster   \u25ba https://innerconfidence.com/community\n\nYou can email me at robbie@innerconfidence.com with any questions or comments.\n", "subscriber_count": "1270", "total_views": "604693", "total_videos": "470"}, "comments": [], "file_path": "/Users/aelaguiz/workspace/fc_book/audio/raws/CQPknGgVirw.mp3", "transcription": "{\"text\": \"The whole dating world, this whole relationship world, right now, this is a big transitional time in the world for everybody. And I think the most important part is people finding themselves. And when I say finding themselves, finding what you like about yourself, finding what you don't like about yourself, acknowledging it, willing to make a change, and then finding out what you like to do for a hobby and trying to make a living out of that hobby. See what I'm saying? Too many people are trying to scam and try to find something that you're good at and make a living from. And if you don't, in the meantime, find a job that's not too stressful on you, so that at the end of the day, you have to be okay with you first. See what I'm saying? That's why I live in a high rise and I'll call my mom sometimes, I'll just be crying. I'll be thinking that I'm crying because I'm human. So I'm allowed to feel that emotion of missing my family, but I'm blessed. You see what I'm saying? So it's like, because when you find out who you are, a person who's compatible is going to- They're gonna show up. They're gonna show up. \", \"segments\": [{\"id\": 0, \"seek\": 0, \"start\": 0.0, \"end\": 2.5999999046325684, \"text\": \" The whole dating world, this whole relationship world,\", \"tokens\": [50364, 440, 1379, 10689, 1002, 11, 341, 1379, 2480, 1002, 11, 50494], \"temperature\": 0.0, \"avg_logprob\": -0.24184665083885193, \"compression_ratio\": 2.075208902359009, \"no_speech_prob\": 0.007809069473296404}, {\"id\": 1, \"seek\": 0, \"start\": 2.5999999046325684, \"end\": 4.239999771118164, \"text\": \" right now, this is a big transitional time\", \"tokens\": [50494, 558, 586, 11, 341, 307, 257, 955, 46452, 565, 50576], \"temperature\": 0.0, \"avg_logprob\": -0.24184665083885193, \"compression_ratio\": 2.075208902359009, \"no_speech_prob\": 0.007809069473296404}, {\"id\": 2, \"seek\": 0, \"start\": 4.239999771118164, \"end\": 5.199999809265137, \"text\": \" in the world for everybody.\", \"tokens\": [50576, 294, 264, 1002, 337, 2201, 13, 50624], \"temperature\": 0.0, \"avg_logprob\": -0.24184665083885193, \"compression_ratio\": 2.075208902359009, \"no_speech_prob\": 0.007809069473296404}, {\"id\": 3, \"seek\": 0, \"start\": 5.199999809265137, \"end\": 7.159999847412109, \"text\": \" And I think the most important part\", \"tokens\": [50624, 400, 286, 519, 264, 881, 1021, 644, 50722], \"temperature\": 0.0, \"avg_logprob\": -0.24184665083885193, \"compression_ratio\": 2.075208902359009, \"no_speech_prob\": 0.007809069473296404}, {\"id\": 4, \"seek\": 0, \"start\": 7.159999847412109, \"end\": 8.600000381469727, \"text\": \" is people finding themselves.\", \"tokens\": [50722, 307, 561, 5006, 2969, 13, 50794], \"temperature\": 0.0, \"avg_logprob\": -0.24184665083885193, \"compression_ratio\": 2.075208902359009, \"no_speech_prob\": 0.007809069473296404}, {\"id\": 5, \"seek\": 0, \"start\": 8.600000381469727, \"end\": 9.5600004196167, \"text\": \" And when I say finding themselves,\", \"tokens\": [50794, 400, 562, 286, 584, 5006, 2969, 11, 50842], \"temperature\": 0.0, \"avg_logprob\": -0.24184665083885193, \"compression_ratio\": 2.075208902359009, \"no_speech_prob\": 0.007809069473296404}, {\"id\": 6, \"seek\": 0, \"start\": 9.5600004196167, \"end\": 11.15999984741211, \"text\": \" finding what you like about yourself,\", \"tokens\": [50842, 5006, 437, 291, 411, 466, 1803, 11, 50922], \"temperature\": 0.0, \"avg_logprob\": -0.24184665083885193, \"compression_ratio\": 2.075208902359009, \"no_speech_prob\": 0.007809069473296404}, {\"id\": 7, \"seek\": 0, \"start\": 11.15999984741211, \"end\": 12.800000190734863, \"text\": \" finding what you don't like about yourself,\", \"tokens\": [50922, 5006, 437, 291, 500, 380, 411, 466, 1803, 11, 51004], \"temperature\": 0.0, \"avg_logprob\": -0.24184665083885193, \"compression_ratio\": 2.075208902359009, \"no_speech_prob\": 0.007809069473296404}, {\"id\": 8, \"seek\": 0, \"start\": 12.800000190734863, \"end\": 14.84000015258789, \"text\": \" acknowledging it, willing to make a change,\", \"tokens\": [51004, 30904, 309, 11, 4950, 281, 652, 257, 1319, 11, 51106], \"temperature\": 0.0, \"avg_logprob\": -0.24184665083885193, \"compression_ratio\": 2.075208902359009, \"no_speech_prob\": 0.007809069473296404}, {\"id\": 9, \"seek\": 0, \"start\": 14.84000015258789, \"end\": 16.920000076293945, \"text\": \" and then finding out what you like to do for a hobby\", \"tokens\": [51106, 293, 550, 5006, 484, 437, 291, 411, 281, 360, 337, 257, 18240, 51210], \"temperature\": 0.0, \"avg_logprob\": -0.24184665083885193, \"compression_ratio\": 2.075208902359009, \"no_speech_prob\": 0.007809069473296404}, {\"id\": 10, \"seek\": 0, \"start\": 16.920000076293945, \"end\": 18.760000228881836, \"text\": \" and trying to make a living out of that hobby.\", \"tokens\": [51210, 293, 1382, 281, 652, 257, 2647, 484, 295, 300, 18240, 13, 51302], \"temperature\": 0.0, \"avg_logprob\": -0.24184665083885193, \"compression_ratio\": 2.075208902359009, \"no_speech_prob\": 0.007809069473296404}, {\"id\": 11, \"seek\": 0, \"start\": 18.760000228881836, \"end\": 19.719999313354492, \"text\": \" See what I'm saying?\", \"tokens\": [51302, 3008, 437, 286, 478, 1566, 30, 51350], \"temperature\": 0.0, \"avg_logprob\": -0.24184665083885193, \"compression_ratio\": 2.075208902359009, \"no_speech_prob\": 0.007809069473296404}, {\"id\": 12, \"seek\": 0, \"start\": 19.719999313354492, \"end\": 20.8799991607666, \"text\": \" Too many people are trying to scam\", \"tokens\": [51350, 11395, 867, 561, 366, 1382, 281, 26917, 51408], \"temperature\": 0.0, \"avg_logprob\": -0.24184665083885193, \"compression_ratio\": 2.075208902359009, \"no_speech_prob\": 0.007809069473296404}, {\"id\": 13, \"seek\": 0, \"start\": 20.8799991607666, \"end\": 22.239999771118164, \"text\": \" and try to find something that you're good at\", \"tokens\": [51408, 293, 853, 281, 915, 746, 300, 291, 434, 665, 412, 51476], \"temperature\": 0.0, \"avg_logprob\": -0.24184665083885193, \"compression_ratio\": 2.075208902359009, \"no_speech_prob\": 0.007809069473296404}, {\"id\": 14, \"seek\": 0, \"start\": 22.239999771118164, \"end\": 23.079999923706055, \"text\": \" and make a living from.\", \"tokens\": [51476, 293, 652, 257, 2647, 490, 13, 51518], \"temperature\": 0.0, \"avg_logprob\": -0.24184665083885193, \"compression_ratio\": 2.075208902359009, \"no_speech_prob\": 0.007809069473296404}, {\"id\": 15, \"seek\": 0, \"start\": 23.079999923706055, \"end\": 24.440000534057617, \"text\": \" And if you don't, in the meantime,\", \"tokens\": [51518, 400, 498, 291, 500, 380, 11, 294, 264, 14991, 11, 51586], \"temperature\": 0.0, \"avg_logprob\": -0.24184665083885193, \"compression_ratio\": 2.075208902359009, \"no_speech_prob\": 0.007809069473296404}, {\"id\": 16, \"seek\": 0, \"start\": 24.440000534057617, \"end\": 26.079999923706055, \"text\": \" find a job that's not too stressful on you,\", \"tokens\": [51586, 915, 257, 1691, 300, 311, 406, 886, 19108, 322, 291, 11, 51668], \"temperature\": 0.0, \"avg_logprob\": -0.24184665083885193, \"compression_ratio\": 2.075208902359009, \"no_speech_prob\": 0.007809069473296404}, {\"id\": 17, \"seek\": 0, \"start\": 26.079999923706055, \"end\": 27.15999984741211, \"text\": \" so that at the end of the day,\", \"tokens\": [51668, 370, 300, 412, 264, 917, 295, 264, 786, 11, 51722], \"temperature\": 0.0, \"avg_logprob\": -0.24184665083885193, \"compression_ratio\": 2.075208902359009, \"no_speech_prob\": 0.007809069473296404}, {\"id\": 18, \"seek\": 0, \"start\": 27.15999984741211, \"end\": 28.84000015258789, \"text\": \" you have to be okay with you first.\", \"tokens\": [51722, 291, 362, 281, 312, 1392, 365, 291, 700, 13, 51806], \"temperature\": 0.0, \"avg_logprob\": -0.24184665083885193, \"compression_ratio\": 2.075208902359009, \"no_speech_prob\": 0.007809069473296404}, {\"id\": 19, \"seek\": 0, \"start\": 28.84000015258789, \"end\": 29.68000030517578, \"text\": \" See what I'm saying?\", \"tokens\": [51806, 3008, 437, 286, 478, 1566, 30, 51848], \"temperature\": 0.0, \"avg_logprob\": -0.24184665083885193, \"compression_ratio\": 2.075208902359009, \"no_speech_prob\": 0.007809069473296404}, {\"id\": 20, \"seek\": 2968, \"start\": 29.68000030517578, \"end\": 30.920000076293945, \"text\": \" That's why I live in a high rise\", \"tokens\": [50364, 663, 311, 983, 286, 1621, 294, 257, 1090, 6272, 50426], \"temperature\": 0.0, \"avg_logprob\": -0.22984285652637482, \"compression_ratio\": 1.6519824266433716, \"no_speech_prob\": 0.12246542423963547}, {\"id\": 21, \"seek\": 2968, \"start\": 30.920000076293945, \"end\": 32.040000915527344, \"text\": \" and I'll call my mom sometimes,\", \"tokens\": [50426, 293, 286, 603, 818, 452, 1225, 2171, 11, 50482], \"temperature\": 0.0, \"avg_logprob\": -0.22984285652637482, \"compression_ratio\": 1.6519824266433716, \"no_speech_prob\": 0.12246542423963547}, {\"id\": 22, \"seek\": 2968, \"start\": 32.040000915527344, \"end\": 32.880001068115234, \"text\": \" I'll just be crying.\", \"tokens\": [50482, 286, 603, 445, 312, 8554, 13, 50524], \"temperature\": 0.0, \"avg_logprob\": -0.22984285652637482, \"compression_ratio\": 1.6519824266433716, \"no_speech_prob\": 0.12246542423963547}, {\"id\": 23, \"seek\": 2968, \"start\": 32.880001068115234, \"end\": 34.959999084472656, \"text\": \" I'll be thinking that I'm crying because I'm human.\", \"tokens\": [50524, 286, 603, 312, 1953, 300, 286, 478, 8554, 570, 286, 478, 1952, 13, 50628], \"temperature\": 0.0, \"avg_logprob\": -0.22984285652637482, \"compression_ratio\": 1.6519824266433716, \"no_speech_prob\": 0.12246542423963547}, {\"id\": 24, \"seek\": 2968, \"start\": 34.959999084472656, \"end\": 37.0, \"text\": \" So I'm allowed to feel that emotion of missing my family,\", \"tokens\": [50628, 407, 286, 478, 4350, 281, 841, 300, 8913, 295, 5361, 452, 1605, 11, 50730], \"temperature\": 0.0, \"avg_logprob\": -0.22984285652637482, \"compression_ratio\": 1.6519824266433716, \"no_speech_prob\": 0.12246542423963547}, {\"id\": 25, \"seek\": 2968, \"start\": 37.0, \"end\": 37.84000015258789, \"text\": \" but I'm blessed.\", \"tokens\": [50730, 457, 286, 478, 12351, 13, 50772], \"temperature\": 0.0, \"avg_logprob\": -0.22984285652637482, \"compression_ratio\": 1.6519824266433716, \"no_speech_prob\": 0.12246542423963547}, {\"id\": 26, \"seek\": 2968, \"start\": 37.84000015258789, \"end\": 38.68000030517578, \"text\": \" You see what I'm saying?\", \"tokens\": [50772, 509, 536, 437, 286, 478, 1566, 30, 50814], \"temperature\": 0.0, \"avg_logprob\": -0.22984285652637482, \"compression_ratio\": 1.6519824266433716, \"no_speech_prob\": 0.12246542423963547}, {\"id\": 27, \"seek\": 2968, \"start\": 38.68000030517578, \"end\": 40.47999954223633, \"text\": \" So it's like, because when you find out who you are,\", \"tokens\": [50814, 407, 309, 311, 411, 11, 570, 562, 291, 915, 484, 567, 291, 366, 11, 50904], \"temperature\": 0.0, \"avg_logprob\": -0.22984285652637482, \"compression_ratio\": 1.6519824266433716, \"no_speech_prob\": 0.12246542423963547}, {\"id\": 28, \"seek\": 2968, \"start\": 40.47999954223633, \"end\": 42.68000030517578, \"text\": \" a person who's compatible is going to-\", \"tokens\": [50904, 257, 954, 567, 311, 18218, 307, 516, 281, 12, 51014], \"temperature\": 0.0, \"avg_logprob\": -0.22984285652637482, \"compression_ratio\": 1.6519824266433716, \"no_speech_prob\": 0.12246542423963547}, {\"id\": 29, \"seek\": 2968, \"start\": 42.68000030517578, \"end\": 43.52000045776367, \"text\": \" They're gonna show up.\", \"tokens\": [51014, 814, 434, 799, 855, 493, 13, 51056], \"temperature\": 0.0, \"avg_logprob\": -0.22984285652637482, \"compression_ratio\": 1.6519824266433716, \"no_speech_prob\": 0.12246542423963547}, {\"id\": 30, \"seek\": 2968, \"start\": 43.52000045776367, \"end\": 44.36000061035156, \"text\": \" They're gonna show up.\", \"tokens\": [51056, 814, 434, 799, 855, 493, 13, 51098], \"temperature\": 0.0, \"avg_logprob\": -0.22984285652637482, \"compression_ratio\": 1.6519824266433716, \"no_speech_prob\": 0.12246542423963547}]}"}