{"title": "Don\u2019t make this mistake when a woman challenges you!", "video_id": "cR7XSh1vW0o", "video_url": "https://www.youtube.com/watch?v=cR7XSh1vW0o", "description": "", "published_at": "2023-05-31T18:41:19Z", "channel_id": "UC0O-ohYDF4P66HW9XJ4Us8w", "channel_title": "Robbie Kramer", "tags": [], "category_id": "24", "live_broadcast_content": "none", "duration": 56.0, "dimension": "2d", "definition": "hd", "caption": "false", "view_count": 1551, "like_count": 25, "comment_count": 0, "channel_info": {"title": "Robbie Kramer", "description": "I'm Robbie Kramer \ud83c\udf99Host of The Inner Confidence Podcast & Founder of Inner Confidence, Inc.\n\nI lived an exhilarating single life filled with adventures and lessons, and ultimately achieved what I had always aspired to \u2013 finding an amazing, feminine, and loving wife. \n\nI believe my experiences provide a rare balance of wild freedom and committed love, equipping me with the insights to help you navigate the complexities of dating and relationships in today's world. Let me guide you to embrace your desires, improve your social prowess, and ultimately attract the partner who aligns with your highest aspirations.\n\nYou won\u2019t find any fluffy, new-age, or cringy stuff here, just tested, proven and actionable advice that yields results.\n\nApply to join our exclusive Inner Confidence Community of ambitious men who are actively working together to achieve their goals faster   \u25ba https://innerconfidence.com/community\n\nYou can email me at robbie@innerconfidence.com with any questions or comments.\n", "subscriber_count": "1270", "total_views": "604693", "total_videos": "470"}, "comments": [], "file_path": "/Users/aelaguiz/workspace/fc_book/audio/raws/cR7XSh1vW0o.mp3", "transcription": "{\"text\": \"Maybe in a different life? Why not? Life is short, life is dull, life is full of pain, and this is a chance for something special. Right, who exactly are you? I am Juan Antonio. Notice she's just shit testing him galore. He remains very calm, very cool, doesn't ever change his presence or his excitement level. And you are Vicky, and you are Christina, right? Or is it the other way around? Yeah, you know, it could be the other way around because frankly it doesn't matter because either of us will do to keep the bed warm, you know, I get it. Well, you're both so lovely and beautiful. That's a great response, right? So there's an improv technique which is called yes and. So if a girl is giving you a test and you say no and you start arguing, no but, you're usually going to fail. But if you yes and the test, you're usually going to pass. \", \"segments\": [{\"id\": 0, \"seek\": 0, \"start\": 0.0, \"end\": 2.0, \"text\": \" Maybe in a different life?\", \"tokens\": [50364, 2704, 294, 257, 679, 2106, 1753, 993, 30, 50464], \"temperature\": 0.0, \"avg_logprob\": -0.3414749503135681, \"compression_ratio\": 1.5189872980117798, \"no_speech_prob\": 0.03505796566605568}, {\"id\": 1, \"seek\": 0, \"start\": 3.5199999809265137, \"end\": 4.559999942779541, \"text\": \" Why not?\", \"tokens\": [50540, 1545, 406, 30, 50592], \"temperature\": 0.0, \"avg_logprob\": -0.3414749503135681, \"compression_ratio\": 1.5189872980117798, \"no_speech_prob\": 0.03505796566605568}, {\"id\": 2, \"seek\": 0, \"start\": 4.559999942779541, \"end\": 10.479999542236328, \"text\": \" Life is short, life is dull, life is full of pain, and this is a chance for something special.\", \"tokens\": [50592, 7720, 307, 2099, 11, 993, 307, 23471, 11, 993, 307, 1577, 295, 1822, 11, 293, 341, 307, 257, 2931, 337, 746, 2121, 13, 50888], \"temperature\": 0.0, \"avg_logprob\": -0.3414749503135681, \"compression_ratio\": 1.5189872980117798, \"no_speech_prob\": 0.03505796566605568}, {\"id\": 3, \"seek\": 0, \"start\": 11.359999656677246, \"end\": 13.520000457763672, \"text\": \" Right, who exactly are you?\", \"tokens\": [50932, 1779, 11, 567, 2293, 366, 291, 30, 51040], \"temperature\": 0.0, \"avg_logprob\": -0.3414749503135681, \"compression_ratio\": 1.5189872980117798, \"no_speech_prob\": 0.03505796566605568}, {\"id\": 4, \"seek\": 0, \"start\": 13.520000457763672, \"end\": 14.960000038146973, \"text\": \" I am Juan Antonio.\", \"tokens\": [51040, 286, 669, 17064, 22527, 13, 51112], \"temperature\": 0.0, \"avg_logprob\": -0.3414749503135681, \"compression_ratio\": 1.5189872980117798, \"no_speech_prob\": 0.03505796566605568}, {\"id\": 5, \"seek\": 0, \"start\": 14.960000038146973, \"end\": 19.520000457763672, \"text\": \" Notice she's just shit testing him galore. He remains very calm, very cool,\", \"tokens\": [51112, 13428, 750, 311, 445, 4611, 4997, 796, 7660, 418, 13, 634, 7023, 588, 7151, 11, 588, 1627, 11, 51340], \"temperature\": 0.0, \"avg_logprob\": -0.3414749503135681, \"compression_ratio\": 1.5189872980117798, \"no_speech_prob\": 0.03505796566605568}, {\"id\": 6, \"seek\": 0, \"start\": 19.520000457763672, \"end\": 23.360000610351562, \"text\": \" doesn't ever change his presence or his excitement level.\", \"tokens\": [51340, 1177, 380, 1562, 1319, 702, 6814, 420, 702, 14755, 1496, 13, 51532], \"temperature\": 0.0, \"avg_logprob\": -0.3414749503135681, \"compression_ratio\": 1.5189872980117798, \"no_speech_prob\": 0.03505796566605568}, {\"id\": 7, \"seek\": 0, \"start\": 23.360000610351562, \"end\": 27.84000015258789, \"text\": \" And you are Vicky, and you are Christina, right?\", \"tokens\": [51532, 400, 291, 366, 691, 20539, 11, 293, 291, 366, 25466, 11, 558, 30, 51756], \"temperature\": 0.0, \"avg_logprob\": -0.3414749503135681, \"compression_ratio\": 1.5189872980117798, \"no_speech_prob\": 0.03505796566605568}, {\"id\": 8, \"seek\": 2784, \"start\": 28.639999389648438, \"end\": 31.040000915527344, \"text\": \" Or is it the other way around?\", \"tokens\": [50404, 1610, 307, 309, 264, 661, 636, 926, 30, 50524], \"temperature\": 0.0, \"avg_logprob\": -0.2408505529165268, \"compression_ratio\": 1.779411792755127, \"no_speech_prob\": 0.24209246039390564}, {\"id\": 9, \"seek\": 2784, \"start\": 31.040000915527344, \"end\": 34.560001373291016, \"text\": \" Yeah, you know, it could be the other way around because frankly it doesn't matter\", \"tokens\": [50524, 865, 11, 291, 458, 11, 309, 727, 312, 264, 661, 636, 926, 570, 11939, 309, 1177, 380, 1871, 50700], \"temperature\": 0.0, \"avg_logprob\": -0.2408505529165268, \"compression_ratio\": 1.779411792755127, \"no_speech_prob\": 0.24209246039390564}, {\"id\": 10, \"seek\": 2784, \"start\": 34.560001373291016, \"end\": 37.68000030517578, \"text\": \" because either of us will do to keep the bed warm, you know, I get it.\", \"tokens\": [50700, 570, 2139, 295, 505, 486, 360, 281, 1066, 264, 2901, 4561, 11, 291, 458, 11, 286, 483, 309, 13, 50856], \"temperature\": 0.0, \"avg_logprob\": -0.2408505529165268, \"compression_ratio\": 1.779411792755127, \"no_speech_prob\": 0.24209246039390564}, {\"id\": 11, \"seek\": 2784, \"start\": 38.47999954223633, \"end\": 40.63999938964844, \"text\": \" Well, you're both so lovely and beautiful.\", \"tokens\": [50896, 1042, 11, 291, 434, 1293, 370, 7496, 293, 2238, 13, 51004], \"temperature\": 0.0, \"avg_logprob\": -0.2408505529165268, \"compression_ratio\": 1.779411792755127, \"no_speech_prob\": 0.24209246039390564}, {\"id\": 12, \"seek\": 2784, \"start\": 41.52000045776367, \"end\": 42.79999923706055, \"text\": \" That's a great response, right?\", \"tokens\": [51048, 663, 311, 257, 869, 4134, 11, 558, 30, 51112], \"temperature\": 0.0, \"avg_logprob\": -0.2408505529165268, \"compression_ratio\": 1.779411792755127, \"no_speech_prob\": 0.24209246039390564}, {\"id\": 13, \"seek\": 2784, \"start\": 42.79999923706055, \"end\": 46.0, \"text\": \" So there's an improv technique which is called yes and.\", \"tokens\": [51112, 407, 456, 311, 364, 29424, 6532, 597, 307, 1219, 2086, 293, 13, 51272], \"temperature\": 0.0, \"avg_logprob\": -0.2408505529165268, \"compression_ratio\": 1.779411792755127, \"no_speech_prob\": 0.24209246039390564}, {\"id\": 14, \"seek\": 2784, \"start\": 46.0, \"end\": 50.720001220703125, \"text\": \" So if a girl is giving you a test and you say no and you start arguing,\", \"tokens\": [51272, 407, 498, 257, 2013, 307, 2902, 291, 257, 1500, 293, 291, 584, 572, 293, 291, 722, 19697, 11, 51508], \"temperature\": 0.0, \"avg_logprob\": -0.2408505529165268, \"compression_ratio\": 1.779411792755127, \"no_speech_prob\": 0.24209246039390564}, {\"id\": 15, \"seek\": 2784, \"start\": 50.720001220703125, \"end\": 52.31999969482422, \"text\": \" no but, you're usually going to fail.\", \"tokens\": [51508, 572, 457, 11, 291, 434, 2673, 516, 281, 3061, 13, 51588], \"temperature\": 0.0, \"avg_logprob\": -0.2408505529165268, \"compression_ratio\": 1.779411792755127, \"no_speech_prob\": 0.24209246039390564}, {\"id\": 16, \"seek\": 2784, \"start\": 52.31999969482422, \"end\": 54.79999923706055, \"text\": \" But if you yes and the test, you're usually going to pass.\", \"tokens\": [51588, 583, 498, 291, 2086, 293, 264, 1500, 11, 291, 434, 2673, 516, 281, 1320, 13, 51712], \"temperature\": 0.0, \"avg_logprob\": -0.2408505529165268, \"compression_ratio\": 1.779411792755127, \"no_speech_prob\": 0.24209246039390564}]}"}