{"title": "The Heartbreak that Shaped My Life: A Surprising Twist!", "video_id": "CRrZ8aw-h8s", "video_url": "https://www.youtube.com/watch?v=CRrZ8aw-h8s", "description": "", "published_at": "2023-12-16T17:42:59Z", "channel_id": "UC0O-ohYDF4P66HW9XJ4Us8w", "channel_title": "Robbie Kramer", "tags": [], "category_id": "24", "live_broadcast_content": "none", "duration": 37.0, "dimension": "2d", "definition": "hd", "caption": "false", "view_count": 2457, "like_count": 38, "comment_count": 0, "channel_info": {"title": "Robbie Kramer", "description": "I'm Robbie Kramer \ud83c\udf99Host of The Inner Confidence Podcast & Founder of Inner Confidence, Inc.\n\nI lived an exhilarating single life filled with adventures and lessons, and ultimately achieved what I had always aspired to \u2013 finding an amazing, feminine, and loving wife. \n\nI believe my experiences provide a rare balance of wild freedom and committed love, equipping me with the insights to help you navigate the complexities of dating and relationships in today's world. Let me guide you to embrace your desires, improve your social prowess, and ultimately attract the partner who aligns with your highest aspirations.\n\nYou won\u2019t find any fluffy, new-age, or cringy stuff here, just tested, proven and actionable advice that yields results.\n\nApply to join our exclusive Inner Confidence Community of ambitious men who are actively working together to achieve their goals faster   \u25ba https://innerconfidence.com/community\n\nYou can email me at robbie@innerconfidence.com with any questions or comments.\n", "subscriber_count": "1270", "total_views": "604693", "total_videos": "470"}, "comments": [], "file_path": "/Users/aelaguiz/workspace/fc_book/audio/raws/CRrZ8aw-h8s.mp3", "transcription": "{\"text\": \"My whole life pivots around Pam and I breaking up. When was that? 1973, we were eight. Gone, left me for somebody else. Gary Glitter! Gary Glitter! For crying out loud! I mean, all my friends were being left for Donny Osmond or Dave- I agree. She's not doing it intentionally. Yeah, yeah. You know? Well, I went to pieces, as you can imagine. And there was no Junior Prozac to see me through, so... So notice how she kisses him, she does the whole hand on the back of the- side of the neck, on the face thing. Handled like a boss. Level boss. \", \"segments\": [{\"id\": 0, \"seek\": 0, \"start\": 0.0, \"end\": 3.0, \"text\": \" My whole life pivots around Pam and I breaking up.\", \"tokens\": [50364, 1222, 1379, 993, 280, 592, 1971, 926, 23532, 293, 286, 1403, 2456, 493, 13, 50514], \"temperature\": 0.0, \"avg_logprob\": -0.30134594440460205, \"compression_ratio\": 1.4578754901885986, \"no_speech_prob\": 0.07678592205047607}, {\"id\": 1, \"seek\": 0, \"start\": 3.0, \"end\": 4.5, \"text\": \" When was that?\", \"tokens\": [50514, 1133, 390, 300, 30, 50589], \"temperature\": 0.0, \"avg_logprob\": -0.30134594440460205, \"compression_ratio\": 1.4578754901885986, \"no_speech_prob\": 0.07678592205047607}, {\"id\": 2, \"seek\": 0, \"start\": 4.5, \"end\": 7.0, \"text\": \" 1973, we were eight.\", \"tokens\": [50589, 33530, 11, 321, 645, 3180, 13, 50714], \"temperature\": 0.0, \"avg_logprob\": -0.30134594440460205, \"compression_ratio\": 1.4578754901885986, \"no_speech_prob\": 0.07678592205047607}, {\"id\": 3, \"seek\": 0, \"start\": 7.0, \"end\": 9.0, \"text\": \" Gone, left me for somebody else.\", \"tokens\": [50714, 39068, 11, 1411, 385, 337, 2618, 1646, 13, 50814], \"temperature\": 0.0, \"avg_logprob\": -0.30134594440460205, \"compression_ratio\": 1.4578754901885986, \"no_speech_prob\": 0.07678592205047607}, {\"id\": 4, \"seek\": 0, \"start\": 9.0, \"end\": 10.0, \"text\": \" Gary Glitter!\", \"tokens\": [50814, 13788, 5209, 3904, 0, 50864], \"temperature\": 0.0, \"avg_logprob\": -0.30134594440460205, \"compression_ratio\": 1.4578754901885986, \"no_speech_prob\": 0.07678592205047607}, {\"id\": 5, \"seek\": 0, \"start\": 10.0, \"end\": 14.0, \"text\": \" Gary Glitter! For crying out loud!\", \"tokens\": [50864, 13788, 5209, 3904, 0, 1171, 8554, 484, 6588, 0, 51064], \"temperature\": 0.0, \"avg_logprob\": -0.30134594440460205, \"compression_ratio\": 1.4578754901885986, \"no_speech_prob\": 0.07678592205047607}, {\"id\": 6, \"seek\": 0, \"start\": 14.0, \"end\": 17.0, \"text\": \" I mean, all my friends were being left for Donny Osmond or Dave-\", \"tokens\": [51064, 286, 914, 11, 439, 452, 1855, 645, 885, 1411, 337, 1468, 1634, 8875, 12171, 420, 11017, 12, 51214], \"temperature\": 0.0, \"avg_logprob\": -0.30134594440460205, \"compression_ratio\": 1.4578754901885986, \"no_speech_prob\": 0.07678592205047607}, {\"id\": 7, \"seek\": 0, \"start\": 17.0, \"end\": 18.5, \"text\": \" I agree. She's not doing it intentionally.\", \"tokens\": [51214, 286, 3986, 13, 1240, 311, 406, 884, 309, 22062, 13, 51289], \"temperature\": 0.0, \"avg_logprob\": -0.30134594440460205, \"compression_ratio\": 1.4578754901885986, \"no_speech_prob\": 0.07678592205047607}, {\"id\": 8, \"seek\": 0, \"start\": 18.5, \"end\": 20.0, \"text\": \" Yeah, yeah.\", \"tokens\": [51289, 865, 11, 1338, 13, 51364], \"temperature\": 0.0, \"avg_logprob\": -0.30134594440460205, \"compression_ratio\": 1.4578754901885986, \"no_speech_prob\": 0.07678592205047607}, {\"id\": 9, \"seek\": 0, \"start\": 20.0, \"end\": 21.0, \"text\": \" You know?\", \"tokens\": [51364, 509, 458, 30, 51414], \"temperature\": 0.0, \"avg_logprob\": -0.30134594440460205, \"compression_ratio\": 1.4578754901885986, \"no_speech_prob\": 0.07678592205047607}, {\"id\": 10, \"seek\": 0, \"start\": 21.0, \"end\": 24.0, \"text\": \" Well, I went to pieces, as you can imagine.\", \"tokens\": [51414, 1042, 11, 286, 1437, 281, 3755, 11, 382, 291, 393, 3811, 13, 51564], \"temperature\": 0.0, \"avg_logprob\": -0.30134594440460205, \"compression_ratio\": 1.4578754901885986, \"no_speech_prob\": 0.07678592205047607}, {\"id\": 11, \"seek\": 0, \"start\": 24.0, \"end\": 27.0, \"text\": \" And there was no Junior Prozac to see me through, so...\", \"tokens\": [51564, 400, 456, 390, 572, 21954, 1705, 89, 326, 281, 536, 385, 807, 11, 370, 485, 51714], \"temperature\": 0.0, \"avg_logprob\": -0.30134594440460205, \"compression_ratio\": 1.4578754901885986, \"no_speech_prob\": 0.07678592205047607}, {\"id\": 12, \"seek\": 2700, \"start\": 27.0, \"end\": 30.5, \"text\": \" So notice how she kisses him, she does the whole hand on the back of the-\", \"tokens\": [50364, 407, 3449, 577, 750, 35850, 796, 11, 750, 775, 264, 1379, 1011, 322, 264, 646, 295, 264, 12, 50539], \"temperature\": 0.0, \"avg_logprob\": -0.2913365364074707, \"compression_ratio\": 1.3364485502243042, \"no_speech_prob\": 0.22795669734477997}, {\"id\": 13, \"seek\": 2700, \"start\": 30.5, \"end\": 32.5, \"text\": \" side of the neck, on the face thing.\", \"tokens\": [50539, 1252, 295, 264, 6189, 11, 322, 264, 1851, 551, 13, 50639], \"temperature\": 0.0, \"avg_logprob\": -0.2913365364074707, \"compression_ratio\": 1.3364485502243042, \"no_speech_prob\": 0.22795669734477997}, {\"id\": 14, \"seek\": 2700, \"start\": 33.5, \"end\": 35.0, \"text\": \" Handled like a boss.\", \"tokens\": [50689, 8854, 1493, 411, 257, 5741, 13, 50764], \"temperature\": 0.0, \"avg_logprob\": -0.2913365364074707, \"compression_ratio\": 1.3364485502243042, \"no_speech_prob\": 0.22795669734477997}, {\"id\": 15, \"seek\": 2700, \"start\": 35.0, \"end\": 36.0, \"text\": \" Level boss.\", \"tokens\": [50764, 16872, 5741, 13, 50814], \"temperature\": 0.0, \"avg_logprob\": -0.2913365364074707, \"compression_ratio\": 1.3364485502243042, \"no_speech_prob\": 0.22795669734477997}]}"}