{"title": "Don\u2019t make this scheduling mistake when setting up dates! #innerconfidencepodcast", "video_id": "d1eDaor39kg", "video_url": "https://www.youtube.com/watch?v=d1eDaor39kg", "description": "", "published_at": "2023-05-26T20:10:34Z", "channel_id": "UC0O-ohYDF4P66HW9XJ4Us8w", "channel_title": "Robbie Kramer", "tags": [], "category_id": "24", "live_broadcast_content": "none", "duration": 30.0, "dimension": "2d", "definition": "hd", "caption": "false", "view_count": 28, "like_count": 2, "comment_count": 0, "channel_info": {"title": "Robbie Kramer", "description": "I'm Robbie Kramer \ud83c\udf99Host of The Inner Confidence Podcast & Founder of Inner Confidence, Inc.\n\nI lived an exhilarating single life filled with adventures and lessons, and ultimately achieved what I had always aspired to \u2013 finding an amazing, feminine, and loving wife. \n\nI believe my experiences provide a rare balance of wild freedom and committed love, equipping me with the insights to help you navigate the complexities of dating and relationships in today's world. Let me guide you to embrace your desires, improve your social prowess, and ultimately attract the partner who aligns with your highest aspirations.\n\nYou won\u2019t find any fluffy, new-age, or cringy stuff here, just tested, proven and actionable advice that yields results.\n\nApply to join our exclusive Inner Confidence Community of ambitious men who are actively working together to achieve their goals faster   \u25ba https://innerconfidence.com/community\n\nYou can email me at robbie@innerconfidence.com with any questions or comments.\n", "subscriber_count": "1270", "total_views": "604693", "total_videos": "470"}, "comments": [], "file_path": "/Users/aelaguiz/workspace/fc_book/audio/raws/d1eDaor39kg.mp3", "transcription": "{\"text\": \"You've probably really honed your skills when it comes to scheduling for work. You use a calendar management tool like Calendly. It's a very straightforward process. Unfortunately, this model really breaks down for dating. Like in a perfect world, you meet a girl, you send her your Calendly link and you have her schedule herself in. And we all know that's a pipe dream that ain't never going to happen. So beautiful women are increasingly flaky. And that trend is really only getting worse, because as you see in today's dating marketplace, there's an abundance of thirsty and simpy dudes who can't get a date. They're putting the pussy on the pedestal and reinforcing flaky behavior even that much more. \", \"segments\": [{\"id\": 0, \"seek\": 0, \"start\": 0.0, \"end\": 3.5999999046325684, \"text\": \" You've probably really honed your skills when it comes to scheduling for work.\", \"tokens\": [50364, 509, 600, 1391, 534, 2157, 292, 428, 3942, 562, 309, 1487, 281, 29055, 337, 589, 13, 50544], \"temperature\": 0.0, \"avg_logprob\": -0.2049228549003601, \"compression_ratio\": 1.705314040184021, \"no_speech_prob\": 8.281075133709237e-05}, {\"id\": 1, \"seek\": 0, \"start\": 3.5999999046325684, \"end\": 5.679999828338623, \"text\": \" You use a calendar management tool like Calendly.\", \"tokens\": [50544, 509, 764, 257, 12183, 4592, 2290, 411, 3511, 521, 356, 13, 50648], \"temperature\": 0.0, \"avg_logprob\": -0.2049228549003601, \"compression_ratio\": 1.705314040184021, \"no_speech_prob\": 8.281075133709237e-05}, {\"id\": 2, \"seek\": 0, \"start\": 5.679999828338623, \"end\": 7.039999961853027, \"text\": \" It's a very straightforward process.\", \"tokens\": [50648, 467, 311, 257, 588, 15325, 1399, 13, 50716], \"temperature\": 0.0, \"avg_logprob\": -0.2049228549003601, \"compression_ratio\": 1.705314040184021, \"no_speech_prob\": 8.281075133709237e-05}, {\"id\": 3, \"seek\": 0, \"start\": 7.039999961853027, \"end\": 9.199999809265137, \"text\": \" Unfortunately, this model really breaks down for dating.\", \"tokens\": [50716, 8590, 11, 341, 2316, 534, 9857, 760, 337, 10689, 13, 50824], \"temperature\": 0.0, \"avg_logprob\": -0.2049228549003601, \"compression_ratio\": 1.705314040184021, \"no_speech_prob\": 8.281075133709237e-05}, {\"id\": 4, \"seek\": 0, \"start\": 9.199999809265137, \"end\": 12.0, \"text\": \" Like in a perfect world, you meet a girl, you send her your Calendly link\", \"tokens\": [50824, 1743, 294, 257, 2176, 1002, 11, 291, 1677, 257, 2013, 11, 291, 2845, 720, 428, 3511, 521, 356, 2113, 50964], \"temperature\": 0.0, \"avg_logprob\": -0.2049228549003601, \"compression_ratio\": 1.705314040184021, \"no_speech_prob\": 8.281075133709237e-05}, {\"id\": 5, \"seek\": 0, \"start\": 12.0, \"end\": 13.4399995803833, \"text\": \" and you have her schedule herself in.\", \"tokens\": [50964, 293, 291, 362, 720, 7567, 7530, 294, 13, 51036], \"temperature\": 0.0, \"avg_logprob\": -0.2049228549003601, \"compression_ratio\": 1.705314040184021, \"no_speech_prob\": 8.281075133709237e-05}, {\"id\": 6, \"seek\": 0, \"start\": 13.4399995803833, \"end\": 15.920000076293945, \"text\": \" And we all know that's a pipe dream that ain't never going to happen.\", \"tokens\": [51036, 400, 321, 439, 458, 300, 311, 257, 11240, 3055, 300, 7862, 380, 1128, 516, 281, 1051, 13, 51160], \"temperature\": 0.0, \"avg_logprob\": -0.2049228549003601, \"compression_ratio\": 1.705314040184021, \"no_speech_prob\": 8.281075133709237e-05}, {\"id\": 7, \"seek\": 0, \"start\": 15.920000076293945, \"end\": 18.079999923706055, \"text\": \" So beautiful women are increasingly flaky.\", \"tokens\": [51160, 407, 2238, 2266, 366, 12980, 932, 15681, 13, 51268], \"temperature\": 0.0, \"avg_logprob\": -0.2049228549003601, \"compression_ratio\": 1.705314040184021, \"no_speech_prob\": 8.281075133709237e-05}, {\"id\": 8, \"seek\": 0, \"start\": 18.079999923706055, \"end\": 19.84000015258789, \"text\": \" And that trend is really only getting worse,\", \"tokens\": [51268, 400, 300, 6028, 307, 534, 787, 1242, 5324, 11, 51356], \"temperature\": 0.0, \"avg_logprob\": -0.2049228549003601, \"compression_ratio\": 1.705314040184021, \"no_speech_prob\": 8.281075133709237e-05}, {\"id\": 9, \"seek\": 0, \"start\": 19.84000015258789, \"end\": 22.31999969482422, \"text\": \" because as you see in today's dating marketplace,\", \"tokens\": [51356, 570, 382, 291, 536, 294, 965, 311, 10689, 19455, 11, 51480], \"temperature\": 0.0, \"avg_logprob\": -0.2049228549003601, \"compression_ratio\": 1.705314040184021, \"no_speech_prob\": 8.281075133709237e-05}, {\"id\": 10, \"seek\": 0, \"start\": 22.31999969482422, \"end\": 25.360000610351562, \"text\": \" there's an abundance of thirsty and simpy dudes who can't get a date.\", \"tokens\": [51480, 456, 311, 364, 23391, 295, 28115, 293, 1034, 8200, 27717, 567, 393, 380, 483, 257, 4002, 13, 51632], \"temperature\": 0.0, \"avg_logprob\": -0.2049228549003601, \"compression_ratio\": 1.705314040184021, \"no_speech_prob\": 8.281075133709237e-05}, {\"id\": 11, \"seek\": 0, \"start\": 25.360000610351562, \"end\": 26.8799991607666, \"text\": \" They're putting the pussy on the pedestal\", \"tokens\": [51632, 814, 434, 3372, 264, 40169, 322, 264, 20497, 304, 51708], \"temperature\": 0.0, \"avg_logprob\": -0.2049228549003601, \"compression_ratio\": 1.705314040184021, \"no_speech_prob\": 8.281075133709237e-05}, {\"id\": 12, \"seek\": 0, \"start\": 26.8799991607666, \"end\": 28.959999084472656, \"text\": \" and reinforcing flaky behavior even that much more.\", \"tokens\": [51708, 293, 48262, 932, 15681, 5223, 754, 300, 709, 544, 13, 51812], \"temperature\": 0.0, \"avg_logprob\": -0.2049228549003601, \"compression_ratio\": 1.705314040184021, \"no_speech_prob\": 8.281075133709237e-05}]}"}