{"title": "When she tries to save the relationship by proposing a 3-some with her friend.", "video_id": "d1waEnahRBc", "video_url": "https://www.youtube.com/watch?v=d1waEnahRBc", "description": "", "published_at": "2023-06-20T20:46:26Z", "channel_id": "UC0O-ohYDF4P66HW9XJ4Us8w", "channel_title": "Robbie Kramer", "tags": [], "category_id": "24", "live_broadcast_content": "none", "duration": 39.0, "dimension": "2d", "definition": "hd", "caption": "false", "view_count": 6995, "like_count": 94, "comment_count": 1, "channel_info": {"title": "Robbie Kramer", "description": "I'm Robbie Kramer \ud83c\udf99Host of The Inner Confidence Podcast & Founder of Inner Confidence, Inc.\n\nI lived an exhilarating single life filled with adventures and lessons, and ultimately achieved what I had always aspired to \u2013 finding an amazing, feminine, and loving wife. \n\nI believe my experiences provide a rare balance of wild freedom and committed love, equipping me with the insights to help you navigate the complexities of dating and relationships in today's world. Let me guide you to embrace your desires, improve your social prowess, and ultimately attract the partner who aligns with your highest aspirations.\n\nYou won\u2019t find any fluffy, new-age, or cringy stuff here, just tested, proven and actionable advice that yields results.\n\nApply to join our exclusive Inner Confidence Community of ambitious men who are actively working together to achieve their goals faster   \u25ba https://innerconfidence.com/community\n\nYou can email me at robbie@innerconfidence.com with any questions or comments.\n", "subscriber_count": "1270", "total_views": "604693", "total_videos": "470"}, "comments": [], "file_path": "/Users/aelaguiz/workspace/fc_book/audio/raws/d1waEnahRBc.mp3", "transcription": "{\"text\": \"She brought her friend to have a threesome with me the next day to get me back. I just had to walk away. And we had this whole like group Coachella trip. It was me and a bunch of friends renting a house, a bunch of guys, a bunch of girls. I was like, I'm going to have a miserable time here. I was just like, Kathy, I'm out. This is ridiculous. Like I'm going to have, you know, our buddy drive you home and I'm just done. First. She was like, you're a dick, blah, blah, blah, getting all upset. And I just didn't really respond. And then her anger turned into like, I know I've been terrible and a bitch and blah, blah, blah, blah, blah. And then she wanted to have sex of course. And then later that night, she brought her friend around and we had a threesome. But then at the end of the threesome, I looked at the other girl the wrong way and she flipped out and then it was just back to back to square one. \", \"segments\": [{\"id\": 0, \"seek\": 0, \"start\": 0.0, \"end\": 3.0399999618530273, \"text\": \" She brought her friend to have a threesome with me the next day to get me back.\", \"tokens\": [50364, 1240, 3038, 720, 1277, 281, 362, 257, 258, 265, 2988, 365, 385, 264, 958, 786, 281, 483, 385, 646, 13, 50516], \"temperature\": 0.0, \"avg_logprob\": -0.26474884152412415, \"compression_ratio\": 1.9075629711151123, \"no_speech_prob\": 0.12732428312301636}, {\"id\": 1, \"seek\": 0, \"start\": 3.0799999237060547, \"end\": 4.320000171661377, \"text\": \" I just had to walk away.\", \"tokens\": [50518, 286, 445, 632, 281, 1792, 1314, 13, 50580], \"temperature\": 0.0, \"avg_logprob\": -0.26474884152412415, \"compression_ratio\": 1.9075629711151123, \"no_speech_prob\": 0.12732428312301636}, {\"id\": 2, \"seek\": 0, \"start\": 4.380000114440918, \"end\": 7.199999809265137, \"text\": \" And we had this whole like group Coachella trip.\", \"tokens\": [50583, 400, 321, 632, 341, 1379, 411, 1594, 17369, 9885, 4931, 13, 50724], \"temperature\": 0.0, \"avg_logprob\": -0.26474884152412415, \"compression_ratio\": 1.9075629711151123, \"no_speech_prob\": 0.12732428312301636}, {\"id\": 3, \"seek\": 0, \"start\": 7.239999771118164, \"end\": 10.359999656677246, \"text\": \" It was me and a bunch of friends renting a house, a bunch of guys, a bunch of girls.\", \"tokens\": [50726, 467, 390, 385, 293, 257, 3840, 295, 1855, 40598, 257, 1782, 11, 257, 3840, 295, 1074, 11, 257, 3840, 295, 4519, 13, 50882], \"temperature\": 0.0, \"avg_logprob\": -0.26474884152412415, \"compression_ratio\": 1.9075629711151123, \"no_speech_prob\": 0.12732428312301636}, {\"id\": 4, \"seek\": 0, \"start\": 10.399999618530273, \"end\": 12.239999771118164, \"text\": \" I was like, I'm going to have a miserable time here.\", \"tokens\": [50884, 286, 390, 411, 11, 286, 478, 516, 281, 362, 257, 22321, 565, 510, 13, 50976], \"temperature\": 0.0, \"avg_logprob\": -0.26474884152412415, \"compression_ratio\": 1.9075629711151123, \"no_speech_prob\": 0.12732428312301636}, {\"id\": 5, \"seek\": 0, \"start\": 12.279999732971191, \"end\": 14.039999961853027, \"text\": \" I was just like, Kathy, I'm out.\", \"tokens\": [50978, 286, 390, 445, 411, 11, 30740, 11, 286, 478, 484, 13, 51066], \"temperature\": 0.0, \"avg_logprob\": -0.26474884152412415, \"compression_ratio\": 1.9075629711151123, \"no_speech_prob\": 0.12732428312301636}, {\"id\": 6, \"seek\": 0, \"start\": 14.039999961853027, \"end\": 14.800000190734863, \"text\": \" This is ridiculous.\", \"tokens\": [51066, 639, 307, 11083, 13, 51104], \"temperature\": 0.0, \"avg_logprob\": -0.26474884152412415, \"compression_ratio\": 1.9075629711151123, \"no_speech_prob\": 0.12732428312301636}, {\"id\": 7, \"seek\": 0, \"start\": 14.800000190734863, \"end\": 18.0, \"text\": \" Like I'm going to have, you know, our buddy drive you home and I'm just done.\", \"tokens\": [51104, 1743, 286, 478, 516, 281, 362, 11, 291, 458, 11, 527, 10340, 3332, 291, 1280, 293, 286, 478, 445, 1096, 13, 51264], \"temperature\": 0.0, \"avg_logprob\": -0.26474884152412415, \"compression_ratio\": 1.9075629711151123, \"no_speech_prob\": 0.12732428312301636}, {\"id\": 8, \"seek\": 0, \"start\": 18.040000915527344, \"end\": 18.360000610351562, \"text\": \" First.\", \"tokens\": [51266, 2386, 13, 51282], \"temperature\": 0.0, \"avg_logprob\": -0.26474884152412415, \"compression_ratio\": 1.9075629711151123, \"no_speech_prob\": 0.12732428312301636}, {\"id\": 9, \"seek\": 0, \"start\": 18.360000610351562, \"end\": 21.0, \"text\": \" She was like, you're a dick, blah, blah, blah, getting all upset.\", \"tokens\": [51282, 1240, 390, 411, 11, 291, 434, 257, 18659, 11, 12288, 11, 12288, 11, 12288, 11, 1242, 439, 8340, 13, 51414], \"temperature\": 0.0, \"avg_logprob\": -0.26474884152412415, \"compression_ratio\": 1.9075629711151123, \"no_speech_prob\": 0.12732428312301636}, {\"id\": 10, \"seek\": 0, \"start\": 21.0, \"end\": 22.200000762939453, \"text\": \" And I just didn't really respond.\", \"tokens\": [51414, 400, 286, 445, 994, 380, 534, 4196, 13, 51474], \"temperature\": 0.0, \"avg_logprob\": -0.26474884152412415, \"compression_ratio\": 1.9075629711151123, \"no_speech_prob\": 0.12732428312301636}, {\"id\": 11, \"seek\": 0, \"start\": 22.200000762939453, \"end\": 25.760000228881836, \"text\": \" And then her anger turned into like, I know I've been terrible and a\", \"tokens\": [51474, 400, 550, 720, 10240, 3574, 666, 411, 11, 286, 458, 286, 600, 668, 6237, 293, 257, 51652], \"temperature\": 0.0, \"avg_logprob\": -0.26474884152412415, \"compression_ratio\": 1.9075629711151123, \"no_speech_prob\": 0.12732428312301636}, {\"id\": 12, \"seek\": 0, \"start\": 25.760000228881836, \"end\": 27.040000915527344, \"text\": \" bitch and blah, blah, blah, blah, blah.\", \"tokens\": [51652, 11960, 293, 12288, 11, 12288, 11, 12288, 11, 12288, 11, 12288, 13, 51716], \"temperature\": 0.0, \"avg_logprob\": -0.26474884152412415, \"compression_ratio\": 1.9075629711151123, \"no_speech_prob\": 0.12732428312301636}, {\"id\": 13, \"seek\": 0, \"start\": 27.040000915527344, \"end\": 28.719999313354492, \"text\": \" And then she wanted to have sex of course.\", \"tokens\": [51716, 400, 550, 750, 1415, 281, 362, 3260, 295, 1164, 13, 51800], \"temperature\": 0.0, \"avg_logprob\": -0.26474884152412415, \"compression_ratio\": 1.9075629711151123, \"no_speech_prob\": 0.12732428312301636}, {\"id\": 14, \"seek\": 2872, \"start\": 28.760000228881836, \"end\": 31.639999389648438, \"text\": \" And then later that night, she brought her friend around and we had a threesome.\", \"tokens\": [50366, 400, 550, 1780, 300, 1818, 11, 750, 3038, 720, 1277, 926, 293, 321, 632, 257, 258, 265, 2988, 13, 50510], \"temperature\": 0.0, \"avg_logprob\": -0.25168681144714355, \"compression_ratio\": 1.5616438388824463, \"no_speech_prob\": 0.04207739606499672}, {\"id\": 15, \"seek\": 2872, \"start\": 31.68000030517578, \"end\": 34.959999084472656, \"text\": \" But then at the end of the threesome, I looked at the other girl the wrong way\", \"tokens\": [50512, 583, 550, 412, 264, 917, 295, 264, 258, 265, 2988, 11, 286, 2956, 412, 264, 661, 2013, 264, 2085, 636, 50676], \"temperature\": 0.0, \"avg_logprob\": -0.25168681144714355, \"compression_ratio\": 1.5616438388824463, \"no_speech_prob\": 0.04207739606499672}, {\"id\": 16, \"seek\": 2872, \"start\": 34.959999084472656, \"end\": 38.040000915527344, \"text\": \" and she flipped out and then it was just back to back to square one.\", \"tokens\": [50676, 293, 750, 26273, 484, 293, 550, 309, 390, 445, 646, 281, 646, 281, 3732, 472, 13, 50830], \"temperature\": 0.0, \"avg_logprob\": -0.25168681144714355, \"compression_ratio\": 1.5616438388824463, \"no_speech_prob\": 0.04207739606499672}]}"}