{"title": "Pure genius real estate strategy to build long term wealth.", "video_id": "D9Cg1_QP1Ac", "video_url": "https://www.youtube.com/watch?v=D9Cg1_QP1Ac", "description": "", "published_at": "2023-06-26T00:55:54Z", "channel_id": "UC0O-ohYDF4P66HW9XJ4Us8w", "channel_title": "Robbie Kramer", "tags": [], "category_id": "24", "live_broadcast_content": "none", "duration": 48.0, "dimension": "2d", "definition": "hd", "caption": "false", "view_count": 47, "like_count": 3, "comment_count": 0, "channel_info": {"title": "Robbie Kramer", "description": "I'm Robbie Kramer \ud83c\udf99Host of The Inner Confidence Podcast & Founder of Inner Confidence, Inc.\n\nI lived an exhilarating single life filled with adventures and lessons, and ultimately achieved what I had always aspired to \u2013 finding an amazing, feminine, and loving wife. \n\nI believe my experiences provide a rare balance of wild freedom and committed love, equipping me with the insights to help you navigate the complexities of dating and relationships in today's world. Let me guide you to embrace your desires, improve your social prowess, and ultimately attract the partner who aligns with your highest aspirations.\n\nYou won\u2019t find any fluffy, new-age, or cringy stuff here, just tested, proven and actionable advice that yields results.\n\nApply to join our exclusive Inner Confidence Community of ambitious men who are actively working together to achieve their goals faster   \u25ba https://innerconfidence.com/community\n\nYou can email me at robbie@innerconfidence.com with any questions or comments.\n", "subscriber_count": "1270", "total_views": "604693", "total_videos": "470"}, "comments": [], "file_path": "/Users/aelaguiz/workspace/fc_book/audio/raws/D9Cg1_QP1Ac.mp3", "transcription": "{\"text\": \"I'm renting my apartments from the owner and then I'm subletting them to students. And then whenever they have to go back home, I'm subletting the apartments under their names on Airbnb. So that's what I'm doing. I love creative business ideas. That's why I love Airbnb. But I got into it like this is so easy. It's not easy, right? Like you have to be a good, logical, clearheaded, competent individual. You don't have to be a genius, right? You just have to be competent. And the amount of people out there that are competent is so low, even when it comes to dating. Like most women are like, this guy, he's incompetent. It's harder, I guess, than most people realize to be competent because you just got to like put in that little bit of extra effort and work to understand, do your homework. Like you said, it's like a guy going on a date. Are you going to follow the dating protocol, which is like a step by step? Are you going to know where you're going ahead of time? You're going to put in the legwork, do your homework. You're probably going to have a good result versus if you just wing it like what everyone else is going to do. Well, you're probably going to end up with a fine on Airbnb or with an apartment that you can't get out of. \", \"segments\": [{\"id\": 0, \"seek\": 0, \"start\": 0.0, \"end\": 2.8399999141693115, \"text\": \" I'm renting my apartments from the owner and then I'm subletting them to students.\", \"tokens\": [50364, 286, 478, 40598, 452, 29056, 490, 264, 7289, 293, 550, 286, 478, 1422, 2631, 783, 552, 281, 1731, 13, 50506], \"temperature\": 0.0, \"avg_logprob\": -0.23004615306854248, \"compression_ratio\": 1.9187674522399902, \"no_speech_prob\": 0.22753913700580597}, {\"id\": 1, \"seek\": 0, \"start\": 2.8399999141693115, \"end\": 4.159999847412109, \"text\": \" And then whenever they have to go back home,\", \"tokens\": [50506, 400, 550, 5699, 436, 362, 281, 352, 646, 1280, 11, 50572], \"temperature\": 0.0, \"avg_logprob\": -0.23004615306854248, \"compression_ratio\": 1.9187674522399902, \"no_speech_prob\": 0.22753913700580597}, {\"id\": 2, \"seek\": 0, \"start\": 4.159999847412109, \"end\": 6.559999942779541, \"text\": \" I'm subletting the apartments under their names on Airbnb.\", \"tokens\": [50572, 286, 478, 1422, 2631, 783, 264, 29056, 833, 641, 5288, 322, 38232, 13, 50692], \"temperature\": 0.0, \"avg_logprob\": -0.23004615306854248, \"compression_ratio\": 1.9187674522399902, \"no_speech_prob\": 0.22753913700580597}, {\"id\": 3, \"seek\": 0, \"start\": 6.559999942779541, \"end\": 7.360000133514404, \"text\": \" So that's what I'm doing.\", \"tokens\": [50692, 407, 300, 311, 437, 286, 478, 884, 13, 50732], \"temperature\": 0.0, \"avg_logprob\": -0.23004615306854248, \"compression_ratio\": 1.9187674522399902, \"no_speech_prob\": 0.22753913700580597}, {\"id\": 4, \"seek\": 0, \"start\": 7.360000133514404, \"end\": 9.039999961853027, \"text\": \" I love creative business ideas.\", \"tokens\": [50732, 286, 959, 5880, 1606, 3487, 13, 50816], \"temperature\": 0.0, \"avg_logprob\": -0.23004615306854248, \"compression_ratio\": 1.9187674522399902, \"no_speech_prob\": 0.22753913700580597}, {\"id\": 5, \"seek\": 0, \"start\": 9.039999961853027, \"end\": 10.239999771118164, \"text\": \" That's why I love Airbnb.\", \"tokens\": [50816, 663, 311, 983, 286, 959, 38232, 13, 50876], \"temperature\": 0.0, \"avg_logprob\": -0.23004615306854248, \"compression_ratio\": 1.9187674522399902, \"no_speech_prob\": 0.22753913700580597}, {\"id\": 6, \"seek\": 0, \"start\": 10.239999771118164, \"end\": 12.199999809265137, \"text\": \" But I got into it like this is so easy.\", \"tokens\": [50876, 583, 286, 658, 666, 309, 411, 341, 307, 370, 1858, 13, 50974], \"temperature\": 0.0, \"avg_logprob\": -0.23004615306854248, \"compression_ratio\": 1.9187674522399902, \"no_speech_prob\": 0.22753913700580597}, {\"id\": 7, \"seek\": 0, \"start\": 12.199999809265137, \"end\": 13.079999923706055, \"text\": \" It's not easy, right?\", \"tokens\": [50974, 467, 311, 406, 1858, 11, 558, 30, 51018], \"temperature\": 0.0, \"avg_logprob\": -0.23004615306854248, \"compression_ratio\": 1.9187674522399902, \"no_speech_prob\": 0.22753913700580597}, {\"id\": 8, \"seek\": 0, \"start\": 13.079999923706055, \"end\": 17.31999969482422, \"text\": \" Like you have to be a good, logical, clearheaded, competent individual.\", \"tokens\": [51018, 1743, 291, 362, 281, 312, 257, 665, 11, 14978, 11, 1850, 28409, 11, 29998, 2609, 13, 51230], \"temperature\": 0.0, \"avg_logprob\": -0.23004615306854248, \"compression_ratio\": 1.9187674522399902, \"no_speech_prob\": 0.22753913700580597}, {\"id\": 9, \"seek\": 0, \"start\": 17.31999969482422, \"end\": 18.479999542236328, \"text\": \" You don't have to be a genius, right?\", \"tokens\": [51230, 509, 500, 380, 362, 281, 312, 257, 14017, 11, 558, 30, 51288], \"temperature\": 0.0, \"avg_logprob\": -0.23004615306854248, \"compression_ratio\": 1.9187674522399902, \"no_speech_prob\": 0.22753913700580597}, {\"id\": 10, \"seek\": 0, \"start\": 18.479999542236328, \"end\": 19.479999542236328, \"text\": \" You just have to be competent.\", \"tokens\": [51288, 509, 445, 362, 281, 312, 29998, 13, 51338], \"temperature\": 0.0, \"avg_logprob\": -0.23004615306854248, \"compression_ratio\": 1.9187674522399902, \"no_speech_prob\": 0.22753913700580597}, {\"id\": 11, \"seek\": 0, \"start\": 19.479999542236328, \"end\": 22.1200008392334, \"text\": \" And the amount of people out there that are competent is so low,\", \"tokens\": [51338, 400, 264, 2372, 295, 561, 484, 456, 300, 366, 29998, 307, 370, 2295, 11, 51470], \"temperature\": 0.0, \"avg_logprob\": -0.23004615306854248, \"compression_ratio\": 1.9187674522399902, \"no_speech_prob\": 0.22753913700580597}, {\"id\": 12, \"seek\": 0, \"start\": 22.1200008392334, \"end\": 23.0, \"text\": \" even when it comes to dating.\", \"tokens\": [51470, 754, 562, 309, 1487, 281, 10689, 13, 51514], \"temperature\": 0.0, \"avg_logprob\": -0.23004615306854248, \"compression_ratio\": 1.9187674522399902, \"no_speech_prob\": 0.22753913700580597}, {\"id\": 13, \"seek\": 0, \"start\": 23.0, \"end\": 25.280000686645508, \"text\": \" Like most women are like, this guy, he's incompetent.\", \"tokens\": [51514, 1743, 881, 2266, 366, 411, 11, 341, 2146, 11, 415, 311, 41602, 317, 13, 51628], \"temperature\": 0.0, \"avg_logprob\": -0.23004615306854248, \"compression_ratio\": 1.9187674522399902, \"no_speech_prob\": 0.22753913700580597}, {\"id\": 14, \"seek\": 0, \"start\": 25.280000686645508, \"end\": 27.8799991607666, \"text\": \" It's harder, I guess, than most people realize to be competent\", \"tokens\": [51628, 467, 311, 6081, 11, 286, 2041, 11, 813, 881, 561, 4325, 281, 312, 29998, 51758], \"temperature\": 0.0, \"avg_logprob\": -0.23004615306854248, \"compression_ratio\": 1.9187674522399902, \"no_speech_prob\": 0.22753913700580597}, {\"id\": 15, \"seek\": 2788, \"start\": 27.920000076293945, \"end\": 30.239999771118164, \"text\": \" because you just got to like put in that little bit of extra effort\", \"tokens\": [50366, 570, 291, 445, 658, 281, 411, 829, 294, 300, 707, 857, 295, 2857, 4630, 50482], \"temperature\": 0.0, \"avg_logprob\": -0.20716910064220428, \"compression_ratio\": 1.8888888359069824, \"no_speech_prob\": 0.7484437823295593}, {\"id\": 16, \"seek\": 2788, \"start\": 30.239999771118164, \"end\": 32.439998626708984, \"text\": \" and work to understand, do your homework.\", \"tokens\": [50482, 293, 589, 281, 1223, 11, 360, 428, 14578, 13, 50592], \"temperature\": 0.0, \"avg_logprob\": -0.20716910064220428, \"compression_ratio\": 1.8888888359069824, \"no_speech_prob\": 0.7484437823295593}, {\"id\": 17, \"seek\": 2788, \"start\": 32.439998626708984, \"end\": 34.119998931884766, \"text\": \" Like you said, it's like a guy going on a date.\", \"tokens\": [50592, 1743, 291, 848, 11, 309, 311, 411, 257, 2146, 516, 322, 257, 4002, 13, 50676], \"temperature\": 0.0, \"avg_logprob\": -0.20716910064220428, \"compression_ratio\": 1.8888888359069824, \"no_speech_prob\": 0.7484437823295593}, {\"id\": 18, \"seek\": 2788, \"start\": 34.119998931884766, \"end\": 37.31999969482422, \"text\": \" Are you going to follow the dating protocol, which is like a step by step?\", \"tokens\": [50676, 2014, 291, 516, 281, 1524, 264, 10689, 10336, 11, 597, 307, 411, 257, 1823, 538, 1823, 30, 50836], \"temperature\": 0.0, \"avg_logprob\": -0.20716910064220428, \"compression_ratio\": 1.8888888359069824, \"no_speech_prob\": 0.7484437823295593}, {\"id\": 19, \"seek\": 2788, \"start\": 37.31999969482422, \"end\": 38.560001373291016, \"text\": \" Are you going to know where you're going ahead of time?\", \"tokens\": [50836, 2014, 291, 516, 281, 458, 689, 291, 434, 516, 2286, 295, 565, 30, 50898], \"temperature\": 0.0, \"avg_logprob\": -0.20716910064220428, \"compression_ratio\": 1.8888888359069824, \"no_speech_prob\": 0.7484437823295593}, {\"id\": 20, \"seek\": 2788, \"start\": 38.560001373291016, \"end\": 39.91999816894531, \"text\": \" You're going to put in the legwork, do your homework.\", \"tokens\": [50898, 509, 434, 516, 281, 829, 294, 264, 1676, 1902, 11, 360, 428, 14578, 13, 50966], \"temperature\": 0.0, \"avg_logprob\": -0.20716910064220428, \"compression_ratio\": 1.8888888359069824, \"no_speech_prob\": 0.7484437823295593}, {\"id\": 21, \"seek\": 2788, \"start\": 39.91999816894531, \"end\": 41.91999816894531, \"text\": \" You're probably going to have a good result versus if you just wing it\", \"tokens\": [50966, 509, 434, 1391, 516, 281, 362, 257, 665, 1874, 5717, 498, 291, 445, 11162, 309, 51066], \"temperature\": 0.0, \"avg_logprob\": -0.20716910064220428, \"compression_ratio\": 1.8888888359069824, \"no_speech_prob\": 0.7484437823295593}, {\"id\": 22, \"seek\": 2788, \"start\": 41.91999816894531, \"end\": 42.959999084472656, \"text\": \" like what everyone else is going to do.\", \"tokens\": [51066, 411, 437, 1518, 1646, 307, 516, 281, 360, 13, 51118], \"temperature\": 0.0, \"avg_logprob\": -0.20716910064220428, \"compression_ratio\": 1.8888888359069824, \"no_speech_prob\": 0.7484437823295593}, {\"id\": 23, \"seek\": 2788, \"start\": 42.959999084472656, \"end\": 45.36000061035156, \"text\": \" Well, you're probably going to end up with a fine on Airbnb\", \"tokens\": [51118, 1042, 11, 291, 434, 1391, 516, 281, 917, 493, 365, 257, 2489, 322, 38232, 51238], \"temperature\": 0.0, \"avg_logprob\": -0.20716910064220428, \"compression_ratio\": 1.8888888359069824, \"no_speech_prob\": 0.7484437823295593}, {\"id\": 24, \"seek\": 2788, \"start\": 45.36000061035156, \"end\": 47.0, \"text\": \" or with an apartment that you can't get out of.\", \"tokens\": [51238, 420, 365, 364, 9587, 300, 291, 393, 380, 483, 484, 295, 13, 51320], \"temperature\": 0.0, \"avg_logprob\": -0.20716910064220428, \"compression_ratio\": 1.8888888359069824, \"no_speech_prob\": 0.7484437823295593}]}"}