{"title": "How to hit on a girl if she's with her friend.", "video_id": "DaX-QRQOH3A", "video_url": "https://www.youtube.com/watch?v=DaX-QRQOH3A", "description": "How to approach a woman with her friend on the street in a natural, confident way and get her phone number.", "published_at": "2013-02-15T01:23:35Z", "channel_id": "UC0O-ohYDF4P66HW9XJ4Us8w", "channel_title": "Robbie Kramer", "tags": ["approaching women", "dating women", "confidence", "hitting on women", "getting dates", "get her number", "attract a woman", "find love", "become good with women", "become a social genius", "direct game", "direct approach", "daygame"], "category_id": "26", "live_broadcast_content": "none", "duration": 262.0, "dimension": "2d", "definition": "sd", "caption": "false", "view_count": 5433, "like_count": 45, "comment_count": 4, "channel_info": {"title": "Robbie Kramer", "description": "I'm Robbie Kramer \ud83c\udf99Host of The Inner Confidence Podcast & Founder of Inner Confidence, Inc.\n\nI lived an exhilarating single life filled with adventures and lessons, and ultimately achieved what I had always aspired to \u2013 finding an amazing, feminine, and loving wife. \n\nI believe my experiences provide a rare balance of wild freedom and committed love, equipping me with the insights to help you navigate the complexities of dating and relationships in today's world. Let me guide you to embrace your desires, improve your social prowess, and ultimately attract the partner who aligns with your highest aspirations.\n\nYou won\u2019t find any fluffy, new-age, or cringy stuff here, just tested, proven and actionable advice that yields results.\n\nApply to join our exclusive Inner Confidence Community of ambitious men who are actively working together to achieve their goals faster   \u25ba https://innerconfidence.com/community\n\nYou can email me at robbie@innerconfidence.com with any questions or comments.\n", "subscriber_count": "1270", "total_views": "604693", "total_videos": "470"}, "comments": [], "file_path": "/Users/aelaguiz/workspace/fc_book/audio/raws/DaX-QRQOH3A.mp3", "transcription": "{\"text\": \"Hey guys, this is super random, but I had to risk embarrassing the hell out of myself in front of your friend to talk to you. Okay, hi. Hello, Robbie. Kristen, nice to meet you. Kristen. Hi, Laura. Laura. Nice to meet you. So, Laura, are you going to play wingman for me for like 37 seconds? Sure. This is Wiley. Hi. Wiley is enjoying the snow. We just moved here from LA. Oh, cool. Yeah. How long have you lived here for? Since September. Oh, okay. That's like what we moved in pretty much. Where do you guys come from? Oh, we're from Long Island. Oh, you just moved to the city? Yeah. Nice. Oh, your dog's making friends. Oh, yeah. Hey, buddy. He does that. I know, pitbulls are crazy, right? I know. I don't like that other dog at all. He usually has a problem with pitbulls, too. It could have been a bad fight. That pitbull is wearing Burberry, though. Yeah. It's like a bitchy dog. A bitchy pitbull. Do you guys have dogs? No. She doesn't like dogs. I'll usually have pretty dogs, yeah. But he's like not scary when they start jumping. A lot of people are scared of him, but he's like the friendliest dog ever. Really? Yeah. If he was jumping, I would be like running away. Yeah. But do you guys live around here? Yeah. Actually, like right over there. Oh, okay. Yeah. Yeah. Yeah. Yeah. Yeah. Yeah. Yeah. Yeah. Yeah. Yeah. Yeah. Yeah. Yeah. Like right over here. Oh, nice. Oh, wow. By Lily's. You were saying we like this area? Yeah. We live up on like 60th. Yeah. 60th? West side or east side? East side. East side. Okay. What's that? What's up there? Like a Stumble Inn? Yeah, you've ever been up there? Is that the bar that's up there? I've been up there one time. I was in, I moved from L.A. and I was in Midtown and then moved over here. Oh, cool. Yeah. Do you like Midtown? I feel like it's kind of busy. Eh, no. I mean, it's still New York. Yeah. Yeah. That's a big change from L.A. Yeah. Yeah, my sister lived there, so I grabbed a place with her, or she had an open room, so I moved in and bugged the hell out of her for a few months. That's cool. What are you guys doing today? Just shopping? Yeah. Forever 21? Yeah. Always a good choice. Cheap, cute. Yeah. Went to a couple different places, but that's all I really got. Yeah. So, you probably weren't expecting to be hit on on the sidewalk, right? No, it's nice. I enjoyed it. It's a tiny change. Yeah, it takes a lot. Like, honestly, guys don't ever do that, so it's really refreshing. Yeah. Yeah, well, I don't know. I guess I just felt, I felt confident today. No, good for you. Yeah, definitely. And you've been an awesome wingman. I hope so. I try. Yeah. Well, we're like in this area a lot, so we should, if you want to meet up sometime. For sure. Why don't you give me your number? Yeah. My number? Oh, yeah, your number. Yeah. 631. Here, you want to put it in? Yeah. It'll be easier. Here, you can just do your... Okay. Or just put it in, and then I'll call you. And I'll have it. I like your initiative. Thank you. I have some, you know, B-minus friends. Oh, perfect. Wait, what? Am I only B-minus? Oh! No, no, no. That was not what I meant. I'm kidding. I'm kidding. I'm kidding. I'm kidding. I'm kidding. I'm kidding. I'm kidding. I'm kidding. I'm kidding. That was not what I meant. I'm kidding. I'm kidding. Okay, wait. He's so mellow. All right, and then... I just can't oversell my friends, because if I tell you they're A-pluses... That's true. ...and they show up... Yeah. Okay, so then... But, no, they really are A-pluses. At least I think so. Cool. Ah! Oh! Ah! Drop your glove. Oh, shit. Oh. Well, it was nice meeting you. Yeah, you too. Hold on. We're, uh... What was it? Kristen? Yeah. I'll put your full name, because that way... Because I put mine in there. Okay, let me see. I'm, like, super bad with names. First and last. I'm awful. Kristen, this must be you. Yep. All right. I'll just call you, and you'll have mine. Or I'll text you. That's easier. Okay, cool. Yeah. Yeah, well, it was nice meeting you. Yeah. And your dog, who is a lot friendlier than I thought I was expecting. He'll bite you harder next time. Don't worry. Okay. See you, guys. Oh. Oh. Oh. Oh. Oh. Oh. Oh. Oh. Oh. Oh. Oh. Oh.  \", \"segments\": [{\"id\": 0, \"seek\": 0, \"start\": 0.0, \"end\": 9.84000015258789, \"text\": \" Hey guys, this is super random, but I had to risk embarrassing the hell out of myself\", \"tokens\": [50364, 1911, 1074, 11, 341, 307, 1687, 4974, 11, 457, 286, 632, 281, 3148, 17299, 264, 4921, 484, 295, 2059, 50856], \"temperature\": 0.0, \"avg_logprob\": -0.36990609765052795, \"compression_ratio\": 1.5707762241363525, \"no_speech_prob\": 0.1050095483660698}, {\"id\": 1, \"seek\": 0, \"start\": 9.84000015258789, \"end\": 12.720000267028809, \"text\": \" in front of your friend to talk to you.\", \"tokens\": [50856, 294, 1868, 295, 428, 1277, 281, 751, 281, 291, 13, 51000], \"temperature\": 0.0, \"avg_logprob\": -0.36990609765052795, \"compression_ratio\": 1.5707762241363525, \"no_speech_prob\": 0.1050095483660698}, {\"id\": 2, \"seek\": 0, \"start\": 12.720000267028809, \"end\": 13.720000267028809, \"text\": \" Okay, hi.\", \"tokens\": [51000, 1033, 11, 4879, 13, 51050], \"temperature\": 0.0, \"avg_logprob\": -0.36990609765052795, \"compression_ratio\": 1.5707762241363525, \"no_speech_prob\": 0.1050095483660698}, {\"id\": 3, \"seek\": 0, \"start\": 13.720000267028809, \"end\": 14.720000267028809, \"text\": \" Hello, Robbie.\", \"tokens\": [51050, 2425, 11, 45749, 13, 51100], \"temperature\": 0.0, \"avg_logprob\": -0.36990609765052795, \"compression_ratio\": 1.5707762241363525, \"no_speech_prob\": 0.1050095483660698}, {\"id\": 4, \"seek\": 0, \"start\": 14.720000267028809, \"end\": 15.720000267028809, \"text\": \" Kristen, nice to meet you.\", \"tokens\": [51100, 35107, 11, 1481, 281, 1677, 291, 13, 51150], \"temperature\": 0.0, \"avg_logprob\": -0.36990609765052795, \"compression_ratio\": 1.5707762241363525, \"no_speech_prob\": 0.1050095483660698}, {\"id\": 5, \"seek\": 0, \"start\": 15.720000267028809, \"end\": 16.719999313354492, \"text\": \" Kristen.\", \"tokens\": [51150, 35107, 13, 51200], \"temperature\": 0.0, \"avg_logprob\": -0.36990609765052795, \"compression_ratio\": 1.5707762241363525, \"no_speech_prob\": 0.1050095483660698}, {\"id\": 6, \"seek\": 0, \"start\": 16.719999313354492, \"end\": 17.719999313354492, \"text\": \" Hi, Laura.\", \"tokens\": [51200, 2421, 11, 13220, 13, 51250], \"temperature\": 0.0, \"avg_logprob\": -0.36990609765052795, \"compression_ratio\": 1.5707762241363525, \"no_speech_prob\": 0.1050095483660698}, {\"id\": 7, \"seek\": 0, \"start\": 17.719999313354492, \"end\": 18.719999313354492, \"text\": \" Laura.\", \"tokens\": [51250, 13220, 13, 51300], \"temperature\": 0.0, \"avg_logprob\": -0.36990609765052795, \"compression_ratio\": 1.5707762241363525, \"no_speech_prob\": 0.1050095483660698}, {\"id\": 8, \"seek\": 0, \"start\": 18.719999313354492, \"end\": 19.719999313354492, \"text\": \" Nice to meet you.\", \"tokens\": [51300, 5490, 281, 1677, 291, 13, 51350], \"temperature\": 0.0, \"avg_logprob\": -0.36990609765052795, \"compression_ratio\": 1.5707762241363525, \"no_speech_prob\": 0.1050095483660698}, {\"id\": 9, \"seek\": 0, \"start\": 19.719999313354492, \"end\": 22.15999984741211, \"text\": \" So, Laura, are you going to play wingman for me for like 37 seconds?\", \"tokens\": [51350, 407, 11, 13220, 11, 366, 291, 516, 281, 862, 11162, 1601, 337, 385, 337, 411, 13435, 3949, 30, 51472], \"temperature\": 0.0, \"avg_logprob\": -0.36990609765052795, \"compression_ratio\": 1.5707762241363525, \"no_speech_prob\": 0.1050095483660698}, {\"id\": 10, \"seek\": 0, \"start\": 22.15999984741211, \"end\": 23.399999618530273, \"text\": \" Sure.\", \"tokens\": [51472, 4894, 13, 51534], \"temperature\": 0.0, \"avg_logprob\": -0.36990609765052795, \"compression_ratio\": 1.5707762241363525, \"no_speech_prob\": 0.1050095483660698}, {\"id\": 11, \"seek\": 0, \"start\": 23.399999618530273, \"end\": 24.399999618530273, \"text\": \" This is Wiley.\", \"tokens\": [51534, 639, 307, 343, 12062, 13, 51584], \"temperature\": 0.0, \"avg_logprob\": -0.36990609765052795, \"compression_ratio\": 1.5707762241363525, \"no_speech_prob\": 0.1050095483660698}, {\"id\": 12, \"seek\": 0, \"start\": 24.399999618530273, \"end\": 25.399999618530273, \"text\": \" Hi.\", \"tokens\": [51584, 2421, 13, 51634], \"temperature\": 0.0, \"avg_logprob\": -0.36990609765052795, \"compression_ratio\": 1.5707762241363525, \"no_speech_prob\": 0.1050095483660698}, {\"id\": 13, \"seek\": 0, \"start\": 25.399999618530273, \"end\": 27.84000015258789, \"text\": \" Wiley is enjoying the snow.\", \"tokens\": [51634, 343, 12062, 307, 9929, 264, 5756, 13, 51756], \"temperature\": 0.0, \"avg_logprob\": -0.36990609765052795, \"compression_ratio\": 1.5707762241363525, \"no_speech_prob\": 0.1050095483660698}, {\"id\": 14, \"seek\": 2784, \"start\": 27.84000015258789, \"end\": 29.31999969482422, \"text\": \" We just moved here from LA.\", \"tokens\": [50364, 492, 445, 4259, 510, 490, 9855, 13, 50438], \"temperature\": 0.0, \"avg_logprob\": -0.29983651638031006, \"compression_ratio\": 1.7039474248886108, \"no_speech_prob\": 0.4647764265537262}, {\"id\": 15, \"seek\": 2784, \"start\": 29.31999969482422, \"end\": 30.31999969482422, \"text\": \" Oh, cool.\", \"tokens\": [50438, 876, 11, 1627, 13, 50488], \"temperature\": 0.0, \"avg_logprob\": -0.29983651638031006, \"compression_ratio\": 1.7039474248886108, \"no_speech_prob\": 0.4647764265537262}, {\"id\": 16, \"seek\": 2784, \"start\": 30.31999969482422, \"end\": 31.31999969482422, \"text\": \" Yeah.\", \"tokens\": [50488, 865, 13, 50538], \"temperature\": 0.0, \"avg_logprob\": -0.29983651638031006, \"compression_ratio\": 1.7039474248886108, \"no_speech_prob\": 0.4647764265537262}, {\"id\": 17, \"seek\": 2784, \"start\": 31.31999969482422, \"end\": 32.959999084472656, \"text\": \" How long have you lived here for?\", \"tokens\": [50538, 1012, 938, 362, 291, 5152, 510, 337, 30, 50620], \"temperature\": 0.0, \"avg_logprob\": -0.29983651638031006, \"compression_ratio\": 1.7039474248886108, \"no_speech_prob\": 0.4647764265537262}, {\"id\": 18, \"seek\": 2784, \"start\": 32.959999084472656, \"end\": 33.959999084472656, \"text\": \" Since September.\", \"tokens\": [50620, 4162, 7216, 13, 50670], \"temperature\": 0.0, \"avg_logprob\": -0.29983651638031006, \"compression_ratio\": 1.7039474248886108, \"no_speech_prob\": 0.4647764265537262}, {\"id\": 19, \"seek\": 2784, \"start\": 33.959999084472656, \"end\": 34.959999084472656, \"text\": \" Oh, okay.\", \"tokens\": [50670, 876, 11, 1392, 13, 50720], \"temperature\": 0.0, \"avg_logprob\": -0.29983651638031006, \"compression_ratio\": 1.7039474248886108, \"no_speech_prob\": 0.4647764265537262}, {\"id\": 20, \"seek\": 2784, \"start\": 34.959999084472656, \"end\": 35.959999084472656, \"text\": \" That's like what we moved in pretty much.\", \"tokens\": [50720, 663, 311, 411, 437, 321, 4259, 294, 1238, 709, 13, 50770], \"temperature\": 0.0, \"avg_logprob\": -0.29983651638031006, \"compression_ratio\": 1.7039474248886108, \"no_speech_prob\": 0.4647764265537262}, {\"id\": 21, \"seek\": 2784, \"start\": 35.959999084472656, \"end\": 36.959999084472656, \"text\": \" Where do you guys come from?\", \"tokens\": [50770, 2305, 360, 291, 1074, 808, 490, 30, 50820], \"temperature\": 0.0, \"avg_logprob\": -0.29983651638031006, \"compression_ratio\": 1.7039474248886108, \"no_speech_prob\": 0.4647764265537262}, {\"id\": 22, \"seek\": 2784, \"start\": 36.959999084472656, \"end\": 37.959999084472656, \"text\": \" Oh, we're from Long Island.\", \"tokens\": [50820, 876, 11, 321, 434, 490, 8282, 7637, 13, 50870], \"temperature\": 0.0, \"avg_logprob\": -0.29983651638031006, \"compression_ratio\": 1.7039474248886108, \"no_speech_prob\": 0.4647764265537262}, {\"id\": 23, \"seek\": 2784, \"start\": 37.959999084472656, \"end\": 38.959999084472656, \"text\": \" Oh, you just moved to the city?\", \"tokens\": [50870, 876, 11, 291, 445, 4259, 281, 264, 2307, 30, 50920], \"temperature\": 0.0, \"avg_logprob\": -0.29983651638031006, \"compression_ratio\": 1.7039474248886108, \"no_speech_prob\": 0.4647764265537262}, {\"id\": 24, \"seek\": 2784, \"start\": 38.959999084472656, \"end\": 39.959999084472656, \"text\": \" Yeah.\", \"tokens\": [50920, 865, 13, 50970], \"temperature\": 0.0, \"avg_logprob\": -0.29983651638031006, \"compression_ratio\": 1.7039474248886108, \"no_speech_prob\": 0.4647764265537262}, {\"id\": 25, \"seek\": 2784, \"start\": 39.959999084472656, \"end\": 40.959999084472656, \"text\": \" Nice.\", \"tokens\": [50970, 5490, 13, 51020], \"temperature\": 0.0, \"avg_logprob\": -0.29983651638031006, \"compression_ratio\": 1.7039474248886108, \"no_speech_prob\": 0.4647764265537262}, {\"id\": 26, \"seek\": 2784, \"start\": 40.959999084472656, \"end\": 41.959999084472656, \"text\": \" Oh, your dog's making friends.\", \"tokens\": [51020, 876, 11, 428, 3000, 311, 1455, 1855, 13, 51070], \"temperature\": 0.0, \"avg_logprob\": -0.29983651638031006, \"compression_ratio\": 1.7039474248886108, \"no_speech_prob\": 0.4647764265537262}, {\"id\": 27, \"seek\": 2784, \"start\": 41.959999084472656, \"end\": 42.959999084472656, \"text\": \" Oh, yeah.\", \"tokens\": [51070, 876, 11, 1338, 13, 51120], \"temperature\": 0.0, \"avg_logprob\": -0.29983651638031006, \"compression_ratio\": 1.7039474248886108, \"no_speech_prob\": 0.4647764265537262}, {\"id\": 28, \"seek\": 2784, \"start\": 42.959999084472656, \"end\": 43.959999084472656, \"text\": \" Hey, buddy.\", \"tokens\": [51120, 1911, 11, 10340, 13, 51170], \"temperature\": 0.0, \"avg_logprob\": -0.29983651638031006, \"compression_ratio\": 1.7039474248886108, \"no_speech_prob\": 0.4647764265537262}, {\"id\": 29, \"seek\": 2784, \"start\": 43.959999084472656, \"end\": 44.959999084472656, \"text\": \" He does that.\", \"tokens\": [51170, 634, 775, 300, 13, 51220], \"temperature\": 0.0, \"avg_logprob\": -0.29983651638031006, \"compression_ratio\": 1.7039474248886108, \"no_speech_prob\": 0.4647764265537262}, {\"id\": 30, \"seek\": 2784, \"start\": 44.959999084472656, \"end\": 45.959999084472656, \"text\": \" I know, pitbulls are crazy, right?\", \"tokens\": [51220, 286, 458, 11, 10147, 37290, 82, 366, 3219, 11, 558, 30, 51270], \"temperature\": 0.0, \"avg_logprob\": -0.29983651638031006, \"compression_ratio\": 1.7039474248886108, \"no_speech_prob\": 0.4647764265537262}, {\"id\": 31, \"seek\": 2784, \"start\": 45.959999084472656, \"end\": 46.959999084472656, \"text\": \" I know.\", \"tokens\": [51270, 286, 458, 13, 51320], \"temperature\": 0.0, \"avg_logprob\": -0.29983651638031006, \"compression_ratio\": 1.7039474248886108, \"no_speech_prob\": 0.4647764265537262}, {\"id\": 32, \"seek\": 2784, \"start\": 46.959999084472656, \"end\": 47.959999084472656, \"text\": \" I don't like that other dog at all.\", \"tokens\": [51320, 286, 500, 380, 411, 300, 661, 3000, 412, 439, 13, 51370], \"temperature\": 0.0, \"avg_logprob\": -0.29983651638031006, \"compression_ratio\": 1.7039474248886108, \"no_speech_prob\": 0.4647764265537262}, {\"id\": 33, \"seek\": 2784, \"start\": 47.959999084472656, \"end\": 48.959999084472656, \"text\": \" He usually has a problem with pitbulls, too.\", \"tokens\": [51370, 634, 2673, 575, 257, 1154, 365, 10147, 37290, 82, 11, 886, 13, 51420], \"temperature\": 0.0, \"avg_logprob\": -0.29983651638031006, \"compression_ratio\": 1.7039474248886108, \"no_speech_prob\": 0.4647764265537262}, {\"id\": 34, \"seek\": 2784, \"start\": 48.959999084472656, \"end\": 49.959999084472656, \"text\": \" It could have been a bad fight.\", \"tokens\": [51420, 467, 727, 362, 668, 257, 1578, 2092, 13, 51470], \"temperature\": 0.0, \"avg_logprob\": -0.29983651638031006, \"compression_ratio\": 1.7039474248886108, \"no_speech_prob\": 0.4647764265537262}, {\"id\": 35, \"seek\": 2784, \"start\": 49.959999084472656, \"end\": 50.959999084472656, \"text\": \" That pitbull is wearing Burberry, though.\", \"tokens\": [51470, 663, 10147, 37290, 307, 4769, 7031, 9099, 11, 1673, 13, 51520], \"temperature\": 0.0, \"avg_logprob\": -0.29983651638031006, \"compression_ratio\": 1.7039474248886108, \"no_speech_prob\": 0.4647764265537262}, {\"id\": 36, \"seek\": 2784, \"start\": 50.959999084472656, \"end\": 51.959999084472656, \"text\": \" Yeah.\", \"tokens\": [51520, 865, 13, 51570], \"temperature\": 0.0, \"avg_logprob\": -0.29983651638031006, \"compression_ratio\": 1.7039474248886108, \"no_speech_prob\": 0.4647764265537262}, {\"id\": 37, \"seek\": 5196, \"start\": 51.959999084472656, \"end\": 52.959999084472656, \"text\": \" It's like a bitchy dog.\", \"tokens\": [50364, 467, 311, 411, 257, 11960, 88, 3000, 13, 50414], \"temperature\": 0.0, \"avg_logprob\": -0.3092708885669708, \"compression_ratio\": 1.9203187227249146, \"no_speech_prob\": 0.19925957918167114}, {\"id\": 38, \"seek\": 5196, \"start\": 52.959999084472656, \"end\": 53.959999084472656, \"text\": \" A bitchy pitbull.\", \"tokens\": [50414, 316, 11960, 88, 10147, 37290, 13, 50464], \"temperature\": 0.0, \"avg_logprob\": -0.3092708885669708, \"compression_ratio\": 1.9203187227249146, \"no_speech_prob\": 0.19925957918167114}, {\"id\": 39, \"seek\": 5196, \"start\": 53.959999084472656, \"end\": 54.959999084472656, \"text\": \" Do you guys have dogs?\", \"tokens\": [50464, 1144, 291, 1074, 362, 7197, 30, 50514], \"temperature\": 0.0, \"avg_logprob\": -0.3092708885669708, \"compression_ratio\": 1.9203187227249146, \"no_speech_prob\": 0.19925957918167114}, {\"id\": 40, \"seek\": 5196, \"start\": 54.959999084472656, \"end\": 55.959999084472656, \"text\": \" No.\", \"tokens\": [50514, 883, 13, 50564], \"temperature\": 0.0, \"avg_logprob\": -0.3092708885669708, \"compression_ratio\": 1.9203187227249146, \"no_speech_prob\": 0.19925957918167114}, {\"id\": 41, \"seek\": 5196, \"start\": 55.959999084472656, \"end\": 56.959999084472656, \"text\": \" She doesn't like dogs.\", \"tokens\": [50564, 1240, 1177, 380, 411, 7197, 13, 50614], \"temperature\": 0.0, \"avg_logprob\": -0.3092708885669708, \"compression_ratio\": 1.9203187227249146, \"no_speech_prob\": 0.19925957918167114}, {\"id\": 42, \"seek\": 5196, \"start\": 56.959999084472656, \"end\": 57.959999084472656, \"text\": \" I'll usually have pretty dogs, yeah.\", \"tokens\": [50614, 286, 603, 2673, 362, 1238, 7197, 11, 1338, 13, 50664], \"temperature\": 0.0, \"avg_logprob\": -0.3092708885669708, \"compression_ratio\": 1.9203187227249146, \"no_speech_prob\": 0.19925957918167114}, {\"id\": 43, \"seek\": 5196, \"start\": 57.959999084472656, \"end\": 58.959999084472656, \"text\": \" But he's like not scary when they start jumping.\", \"tokens\": [50664, 583, 415, 311, 411, 406, 6958, 562, 436, 722, 11233, 13, 50714], \"temperature\": 0.0, \"avg_logprob\": -0.3092708885669708, \"compression_ratio\": 1.9203187227249146, \"no_speech_prob\": 0.19925957918167114}, {\"id\": 44, \"seek\": 5196, \"start\": 58.959999084472656, \"end\": 59.959999084472656, \"text\": \" A lot of people are scared of him, but he's like the friendliest dog ever.\", \"tokens\": [50714, 316, 688, 295, 561, 366, 5338, 295, 796, 11, 457, 415, 311, 411, 264, 1277, 16850, 3000, 1562, 13, 50764], \"temperature\": 0.0, \"avg_logprob\": -0.3092708885669708, \"compression_ratio\": 1.9203187227249146, \"no_speech_prob\": 0.19925957918167114}, {\"id\": 45, \"seek\": 5196, \"start\": 59.959999084472656, \"end\": 60.959999084472656, \"text\": \" Really?\", \"tokens\": [50764, 4083, 30, 50814], \"temperature\": 0.0, \"avg_logprob\": -0.3092708885669708, \"compression_ratio\": 1.9203187227249146, \"no_speech_prob\": 0.19925957918167114}, {\"id\": 46, \"seek\": 5196, \"start\": 60.959999084472656, \"end\": 61.959999084472656, \"text\": \" Yeah.\", \"tokens\": [50814, 865, 13, 50864], \"temperature\": 0.0, \"avg_logprob\": -0.3092708885669708, \"compression_ratio\": 1.9203187227249146, \"no_speech_prob\": 0.19925957918167114}, {\"id\": 47, \"seek\": 5196, \"start\": 61.959999084472656, \"end\": 62.959999084472656, \"text\": \" If he was jumping, I would be like running away.\", \"tokens\": [50864, 759, 415, 390, 11233, 11, 286, 576, 312, 411, 2614, 1314, 13, 50914], \"temperature\": 0.0, \"avg_logprob\": -0.3092708885669708, \"compression_ratio\": 1.9203187227249146, \"no_speech_prob\": 0.19925957918167114}, {\"id\": 48, \"seek\": 5196, \"start\": 62.959999084472656, \"end\": 63.959999084472656, \"text\": \" Yeah.\", \"tokens\": [50914, 865, 13, 50964], \"temperature\": 0.0, \"avg_logprob\": -0.3092708885669708, \"compression_ratio\": 1.9203187227249146, \"no_speech_prob\": 0.19925957918167114}, {\"id\": 49, \"seek\": 5196, \"start\": 63.959999084472656, \"end\": 64.95999908447266, \"text\": \" But do you guys live around here?\", \"tokens\": [50964, 583, 360, 291, 1074, 1621, 926, 510, 30, 51014], \"temperature\": 0.0, \"avg_logprob\": -0.3092708885669708, \"compression_ratio\": 1.9203187227249146, \"no_speech_prob\": 0.19925957918167114}, {\"id\": 50, \"seek\": 5196, \"start\": 64.95999908447266, \"end\": 65.95999908447266, \"text\": \" Yeah.\", \"tokens\": [51014, 865, 13, 51064], \"temperature\": 0.0, \"avg_logprob\": -0.3092708885669708, \"compression_ratio\": 1.9203187227249146, \"no_speech_prob\": 0.19925957918167114}, {\"id\": 51, \"seek\": 5196, \"start\": 65.95999908447266, \"end\": 66.95999908447266, \"text\": \" Actually, like right over there.\", \"tokens\": [51064, 5135, 11, 411, 558, 670, 456, 13, 51114], \"temperature\": 0.0, \"avg_logprob\": -0.3092708885669708, \"compression_ratio\": 1.9203187227249146, \"no_speech_prob\": 0.19925957918167114}, {\"id\": 52, \"seek\": 5196, \"start\": 66.95999908447266, \"end\": 67.95999908447266, \"text\": \" Oh, okay.\", \"tokens\": [51114, 876, 11, 1392, 13, 51164], \"temperature\": 0.0, \"avg_logprob\": -0.3092708885669708, \"compression_ratio\": 1.9203187227249146, \"no_speech_prob\": 0.19925957918167114}, {\"id\": 53, \"seek\": 5196, \"start\": 67.95999908447266, \"end\": 68.95999908447266, \"text\": \" Yeah.\", \"tokens\": [51164, 865, 13, 51214], \"temperature\": 0.0, \"avg_logprob\": -0.3092708885669708, \"compression_ratio\": 1.9203187227249146, \"no_speech_prob\": 0.19925957918167114}, {\"id\": 54, \"seek\": 5196, \"start\": 68.95999908447266, \"end\": 69.95999908447266, \"text\": \" Yeah.\", \"tokens\": [51214, 865, 13, 51264], \"temperature\": 0.0, \"avg_logprob\": -0.3092708885669708, \"compression_ratio\": 1.9203187227249146, \"no_speech_prob\": 0.19925957918167114}, {\"id\": 55, \"seek\": 5196, \"start\": 69.95999908447266, \"end\": 70.95999908447266, \"text\": \" Yeah.\", \"tokens\": [51264, 865, 13, 51314], \"temperature\": 0.0, \"avg_logprob\": -0.3092708885669708, \"compression_ratio\": 1.9203187227249146, \"no_speech_prob\": 0.19925957918167114}, {\"id\": 56, \"seek\": 5196, \"start\": 70.95999908447266, \"end\": 71.95999908447266, \"text\": \" Yeah.\", \"tokens\": [51314, 865, 13, 51364], \"temperature\": 0.0, \"avg_logprob\": -0.3092708885669708, \"compression_ratio\": 1.9203187227249146, \"no_speech_prob\": 0.19925957918167114}, {\"id\": 57, \"seek\": 5196, \"start\": 71.95999908447266, \"end\": 72.95999908447266, \"text\": \" Yeah.\", \"tokens\": [51364, 865, 13, 51414], \"temperature\": 0.0, \"avg_logprob\": -0.3092708885669708, \"compression_ratio\": 1.9203187227249146, \"no_speech_prob\": 0.19925957918167114}, {\"id\": 58, \"seek\": 5196, \"start\": 72.95999908447266, \"end\": 73.95999908447266, \"text\": \" Yeah.\", \"tokens\": [51414, 865, 13, 51464], \"temperature\": 0.0, \"avg_logprob\": -0.3092708885669708, \"compression_ratio\": 1.9203187227249146, \"no_speech_prob\": 0.19925957918167114}, {\"id\": 59, \"seek\": 5196, \"start\": 73.95999908447266, \"end\": 74.95999908447266, \"text\": \" Yeah.\", \"tokens\": [51464, 865, 13, 51514], \"temperature\": 0.0, \"avg_logprob\": -0.3092708885669708, \"compression_ratio\": 1.9203187227249146, \"no_speech_prob\": 0.19925957918167114}, {\"id\": 60, \"seek\": 5196, \"start\": 74.95999908447266, \"end\": 75.95999908447266, \"text\": \" Yeah.\", \"tokens\": [51514, 865, 13, 51564], \"temperature\": 0.0, \"avg_logprob\": -0.3092708885669708, \"compression_ratio\": 1.9203187227249146, \"no_speech_prob\": 0.19925957918167114}, {\"id\": 61, \"seek\": 5196, \"start\": 75.95999908447266, \"end\": 76.95999908447266, \"text\": \" Yeah.\", \"tokens\": [51564, 865, 13, 51614], \"temperature\": 0.0, \"avg_logprob\": -0.3092708885669708, \"compression_ratio\": 1.9203187227249146, \"no_speech_prob\": 0.19925957918167114}, {\"id\": 62, \"seek\": 5196, \"start\": 76.95999908447266, \"end\": 77.95999908447266, \"text\": \" Yeah.\", \"tokens\": [51614, 865, 13, 51664], \"temperature\": 0.0, \"avg_logprob\": -0.3092708885669708, \"compression_ratio\": 1.9203187227249146, \"no_speech_prob\": 0.19925957918167114}, {\"id\": 63, \"seek\": 5196, \"start\": 77.95999908447266, \"end\": 78.95999908447266, \"text\": \" Yeah.\", \"tokens\": [51664, 865, 13, 51714], \"temperature\": 0.0, \"avg_logprob\": -0.3092708885669708, \"compression_ratio\": 1.9203187227249146, \"no_speech_prob\": 0.19925957918167114}, {\"id\": 64, \"seek\": 5196, \"start\": 78.95999908447266, \"end\": 79.95999908447266, \"text\": \" Yeah.\", \"tokens\": [51714, 865, 13, 51764], \"temperature\": 0.0, \"avg_logprob\": -0.3092708885669708, \"compression_ratio\": 1.9203187227249146, \"no_speech_prob\": 0.19925957918167114}, {\"id\": 65, \"seek\": 5196, \"start\": 79.95999908447266, \"end\": 80.95999908447266, \"text\": \" Yeah.\", \"tokens\": [51764, 865, 13, 51814], \"temperature\": 0.0, \"avg_logprob\": -0.3092708885669708, \"compression_ratio\": 1.9203187227249146, \"no_speech_prob\": 0.19925957918167114}, {\"id\": 66, \"seek\": 8096, \"start\": 80.95999908447266, \"end\": 81.95999908447266, \"text\": \" Like right over here.\", \"tokens\": [50364, 1743, 558, 670, 510, 13, 50414], \"temperature\": 0.6000000238418579, \"avg_logprob\": -0.2910289764404297, \"compression_ratio\": 1.779850721359253, \"no_speech_prob\": 0.38105764985084534}, {\"id\": 67, \"seek\": 8096, \"start\": 81.95999908447266, \"end\": 82.95999908447266, \"text\": \" Oh, nice.\", \"tokens\": [50414, 876, 11, 1481, 13, 50464], \"temperature\": 0.6000000238418579, \"avg_logprob\": -0.2910289764404297, \"compression_ratio\": 1.779850721359253, \"no_speech_prob\": 0.38105764985084534}, {\"id\": 68, \"seek\": 8096, \"start\": 82.95999908447266, \"end\": 83.95999908447266, \"text\": \" Oh, wow.\", \"tokens\": [50464, 876, 11, 6076, 13, 50514], \"temperature\": 0.6000000238418579, \"avg_logprob\": -0.2910289764404297, \"compression_ratio\": 1.779850721359253, \"no_speech_prob\": 0.38105764985084534}, {\"id\": 69, \"seek\": 8096, \"start\": 83.95999908447266, \"end\": 84.95999908447266, \"text\": \" By Lily's.\", \"tokens\": [50514, 3146, 24669, 311, 13, 50564], \"temperature\": 0.6000000238418579, \"avg_logprob\": -0.2910289764404297, \"compression_ratio\": 1.779850721359253, \"no_speech_prob\": 0.38105764985084534}, {\"id\": 70, \"seek\": 8096, \"start\": 84.95999908447266, \"end\": 85.95999908447266, \"text\": \" You were saying we like this area?\", \"tokens\": [50564, 509, 645, 1566, 321, 411, 341, 1859, 30, 50614], \"temperature\": 0.6000000238418579, \"avg_logprob\": -0.2910289764404297, \"compression_ratio\": 1.779850721359253, \"no_speech_prob\": 0.38105764985084534}, {\"id\": 71, \"seek\": 8096, \"start\": 85.95999908447266, \"end\": 86.95999908447266, \"text\": \" Yeah.\", \"tokens\": [50614, 865, 13, 50664], \"temperature\": 0.6000000238418579, \"avg_logprob\": -0.2910289764404297, \"compression_ratio\": 1.779850721359253, \"no_speech_prob\": 0.38105764985084534}, {\"id\": 72, \"seek\": 8096, \"start\": 86.95999908447266, \"end\": 87.95999908447266, \"text\": \" We live up on like 60th.\", \"tokens\": [50664, 492, 1621, 493, 322, 411, 4060, 392, 13, 50714], \"temperature\": 0.6000000238418579, \"avg_logprob\": -0.2910289764404297, \"compression_ratio\": 1.779850721359253, \"no_speech_prob\": 0.38105764985084534}, {\"id\": 73, \"seek\": 8096, \"start\": 87.95999908447266, \"end\": 88.95999908447266, \"text\": \" Yeah.\", \"tokens\": [50714, 865, 13, 50764], \"temperature\": 0.6000000238418579, \"avg_logprob\": -0.2910289764404297, \"compression_ratio\": 1.779850721359253, \"no_speech_prob\": 0.38105764985084534}, {\"id\": 74, \"seek\": 8096, \"start\": 88.95999908447266, \"end\": 89.95999908447266, \"text\": \" 60th?\", \"tokens\": [50764, 4060, 392, 30, 50814], \"temperature\": 0.6000000238418579, \"avg_logprob\": -0.2910289764404297, \"compression_ratio\": 1.779850721359253, \"no_speech_prob\": 0.38105764985084534}, {\"id\": 75, \"seek\": 8096, \"start\": 89.95999908447266, \"end\": 90.95999908447266, \"text\": \" West side or east side?\", \"tokens\": [50814, 4055, 1252, 420, 10648, 1252, 30, 50864], \"temperature\": 0.6000000238418579, \"avg_logprob\": -0.2910289764404297, \"compression_ratio\": 1.779850721359253, \"no_speech_prob\": 0.38105764985084534}, {\"id\": 76, \"seek\": 8096, \"start\": 90.95999908447266, \"end\": 91.95999908447266, \"text\": \" East side.\", \"tokens\": [50864, 6747, 1252, 13, 50914], \"temperature\": 0.6000000238418579, \"avg_logprob\": -0.2910289764404297, \"compression_ratio\": 1.779850721359253, \"no_speech_prob\": 0.38105764985084534}, {\"id\": 77, \"seek\": 8096, \"start\": 91.95999908447266, \"end\": 92.95999908447266, \"text\": \" East side.\", \"tokens\": [50914, 6747, 1252, 13, 50964], \"temperature\": 0.6000000238418579, \"avg_logprob\": -0.2910289764404297, \"compression_ratio\": 1.779850721359253, \"no_speech_prob\": 0.38105764985084534}, {\"id\": 78, \"seek\": 8096, \"start\": 92.95999908447266, \"end\": 93.95999908447266, \"text\": \" Okay.\", \"tokens\": [50964, 1033, 13, 51014], \"temperature\": 0.6000000238418579, \"avg_logprob\": -0.2910289764404297, \"compression_ratio\": 1.779850721359253, \"no_speech_prob\": 0.38105764985084534}, {\"id\": 79, \"seek\": 8096, \"start\": 93.95999908447266, \"end\": 94.95999908447266, \"text\": \" What's that?\", \"tokens\": [51014, 708, 311, 300, 30, 51064], \"temperature\": 0.6000000238418579, \"avg_logprob\": -0.2910289764404297, \"compression_ratio\": 1.779850721359253, \"no_speech_prob\": 0.38105764985084534}, {\"id\": 80, \"seek\": 8096, \"start\": 94.95999908447266, \"end\": 95.95999908447266, \"text\": \" What's up there?\", \"tokens\": [51064, 708, 311, 493, 456, 30, 51114], \"temperature\": 0.6000000238418579, \"avg_logprob\": -0.2910289764404297, \"compression_ratio\": 1.779850721359253, \"no_speech_prob\": 0.38105764985084534}, {\"id\": 81, \"seek\": 8096, \"start\": 95.95999908447266, \"end\": 96.95999908447266, \"text\": \" Like a Stumble Inn?\", \"tokens\": [51114, 1743, 257, 745, 16473, 34066, 30, 51164], \"temperature\": 0.6000000238418579, \"avg_logprob\": -0.2910289764404297, \"compression_ratio\": 1.779850721359253, \"no_speech_prob\": 0.38105764985084534}, {\"id\": 82, \"seek\": 8096, \"start\": 96.95999908447266, \"end\": 97.95999908447266, \"text\": \" Yeah, you've ever been up there?\", \"tokens\": [51164, 865, 11, 291, 600, 1562, 668, 493, 456, 30, 51214], \"temperature\": 0.6000000238418579, \"avg_logprob\": -0.2910289764404297, \"compression_ratio\": 1.779850721359253, \"no_speech_prob\": 0.38105764985084534}, {\"id\": 83, \"seek\": 8096, \"start\": 97.95999908447266, \"end\": 98.95999908447266, \"text\": \" Is that the bar that's up there?\", \"tokens\": [51214, 220, 6802, 300, 264, 2159, 300, 311, 493, 456, 30, 51264], \"temperature\": 0.6000000238418579, \"avg_logprob\": -0.2910289764404297, \"compression_ratio\": 1.779850721359253, \"no_speech_prob\": 0.38105764985084534}, {\"id\": 84, \"seek\": 8096, \"start\": 98.95999908447266, \"end\": 99.95999908447266, \"text\": \" I've been up there one time.\", \"tokens\": [51264, 286, 600, 668, 220, 1010, 456, 472, 565, 13, 51314], \"temperature\": 0.6000000238418579, \"avg_logprob\": -0.2910289764404297, \"compression_ratio\": 1.779850721359253, \"no_speech_prob\": 0.38105764985084534}, {\"id\": 85, \"seek\": 8096, \"start\": 99.95999908447266, \"end\": 105.16000366210938, \"text\": \" I was in, I moved from L.A. and I was in Midtown and then moved over here.\", \"tokens\": [51314, 286, 390, 294, 11, 286, 4259, 490, 441, 13, 32, 13, 293, 286, 390, 294, 7033, 30401, 293, 550, 4259, 670, 510, 13, 51574], \"temperature\": 0.6000000238418579, \"avg_logprob\": -0.2910289764404297, \"compression_ratio\": 1.779850721359253, \"no_speech_prob\": 0.38105764985084534}, {\"id\": 86, \"seek\": 8096, \"start\": 105.16000366210938, \"end\": 106.16000366210938, \"text\": \" Oh, cool.\", \"tokens\": [51574, 876, 11, 1627, 13, 51624], \"temperature\": 0.6000000238418579, \"avg_logprob\": -0.2910289764404297, \"compression_ratio\": 1.779850721359253, \"no_speech_prob\": 0.38105764985084534}, {\"id\": 87, \"seek\": 8096, \"start\": 106.16000366210938, \"end\": 107.16000366210938, \"text\": \" Yeah.\", \"tokens\": [51624, 865, 13, 51674], \"temperature\": 0.6000000238418579, \"avg_logprob\": -0.2910289764404297, \"compression_ratio\": 1.779850721359253, \"no_speech_prob\": 0.38105764985084534}, {\"id\": 88, \"seek\": 8096, \"start\": 107.16000366210938, \"end\": 108.16000366210938, \"text\": \" Do you like Midtown?\", \"tokens\": [51674, 1144, 291, 411, 7033, 30401, 30, 51724], \"temperature\": 0.6000000238418579, \"avg_logprob\": -0.2910289764404297, \"compression_ratio\": 1.779850721359253, \"no_speech_prob\": 0.38105764985084534}, {\"id\": 89, \"seek\": 8096, \"start\": 108.16000366210938, \"end\": 109.16000366210938, \"text\": \" I feel like it's kind of busy.\", \"tokens\": [51724, 286, 841, 411, 309, 311, 733, 295, 5856, 13, 51774], \"temperature\": 0.6000000238418579, \"avg_logprob\": -0.2910289764404297, \"compression_ratio\": 1.779850721359253, \"no_speech_prob\": 0.38105764985084534}, {\"id\": 90, \"seek\": 8096, \"start\": 109.16000366210938, \"end\": 110.16000366210938, \"text\": \" Eh, no.\", \"tokens\": [51774, 9663, 11, 572, 13, 51824], \"temperature\": 0.6000000238418579, \"avg_logprob\": -0.2910289764404297, \"compression_ratio\": 1.779850721359253, \"no_speech_prob\": 0.38105764985084534}, {\"id\": 91, \"seek\": 11016, \"start\": 110.36000061035156, \"end\": 112.36000061035156, \"text\": \" I mean, it's still New York.\", \"tokens\": [50374, 286, 914, 11, 309, 311, 920, 1873, 3609, 13, 50474], \"temperature\": 0.0, \"avg_logprob\": -0.2550669312477112, \"compression_ratio\": 1.5714285373687744, \"no_speech_prob\": 0.008445202372968197}, {\"id\": 92, \"seek\": 11016, \"start\": 112.36000061035156, \"end\": 113.36000061035156, \"text\": \" Yeah.\", \"tokens\": [50474, 865, 13, 50524], \"temperature\": 0.0, \"avg_logprob\": -0.2550669312477112, \"compression_ratio\": 1.5714285373687744, \"no_speech_prob\": 0.008445202372968197}, {\"id\": 93, \"seek\": 11016, \"start\": 113.36000061035156, \"end\": 114.36000061035156, \"text\": \" Yeah.\", \"tokens\": [50524, 865, 13, 50574], \"temperature\": 0.0, \"avg_logprob\": -0.2550669312477112, \"compression_ratio\": 1.5714285373687744, \"no_speech_prob\": 0.008445202372968197}, {\"id\": 94, \"seek\": 11016, \"start\": 114.36000061035156, \"end\": 115.36000061035156, \"text\": \" That's a big change from L.A.\", \"tokens\": [50574, 663, 311, 257, 955, 1319, 490, 441, 13, 32, 13, 50624], \"temperature\": 0.0, \"avg_logprob\": -0.2550669312477112, \"compression_ratio\": 1.5714285373687744, \"no_speech_prob\": 0.008445202372968197}, {\"id\": 95, \"seek\": 11016, \"start\": 115.36000061035156, \"end\": 116.36000061035156, \"text\": \" Yeah.\", \"tokens\": [50624, 865, 13, 50674], \"temperature\": 0.0, \"avg_logprob\": -0.2550669312477112, \"compression_ratio\": 1.5714285373687744, \"no_speech_prob\": 0.008445202372968197}, {\"id\": 96, \"seek\": 11016, \"start\": 116.36000061035156, \"end\": 122.55999755859375, \"text\": \" Yeah, my sister lived there, so I grabbed a place with her, or she had an open room,\", \"tokens\": [50674, 865, 11, 452, 4892, 5152, 456, 11, 370, 286, 18607, 257, 1081, 365, 720, 11, 420, 750, 632, 364, 1269, 1808, 11, 50984], \"temperature\": 0.0, \"avg_logprob\": -0.2550669312477112, \"compression_ratio\": 1.5714285373687744, \"no_speech_prob\": 0.008445202372968197}, {\"id\": 97, \"seek\": 11016, \"start\": 122.55999755859375, \"end\": 125.36000061035156, \"text\": \" so I moved in and bugged the hell out of her for a few months.\", \"tokens\": [50984, 370, 286, 4259, 294, 293, 7426, 3004, 264, 4921, 484, 295, 720, 337, 257, 1326, 2493, 13, 51124], \"temperature\": 0.0, \"avg_logprob\": -0.2550669312477112, \"compression_ratio\": 1.5714285373687744, \"no_speech_prob\": 0.008445202372968197}, {\"id\": 98, \"seek\": 11016, \"start\": 125.36000061035156, \"end\": 126.36000061035156, \"text\": \" That's cool.\", \"tokens\": [51124, 663, 311, 1627, 13, 51174], \"temperature\": 0.0, \"avg_logprob\": -0.2550669312477112, \"compression_ratio\": 1.5714285373687744, \"no_speech_prob\": 0.008445202372968197}, {\"id\": 99, \"seek\": 11016, \"start\": 126.36000061035156, \"end\": 128.36000061035156, \"text\": \" What are you guys doing today?\", \"tokens\": [51174, 708, 366, 291, 1074, 884, 965, 30, 51274], \"temperature\": 0.0, \"avg_logprob\": -0.2550669312477112, \"compression_ratio\": 1.5714285373687744, \"no_speech_prob\": 0.008445202372968197}, {\"id\": 100, \"seek\": 11016, \"start\": 128.36000061035156, \"end\": 129.36000061035156, \"text\": \" Just shopping?\", \"tokens\": [51274, 1449, 8688, 30, 51324], \"temperature\": 0.0, \"avg_logprob\": -0.2550669312477112, \"compression_ratio\": 1.5714285373687744, \"no_speech_prob\": 0.008445202372968197}, {\"id\": 101, \"seek\": 11016, \"start\": 129.36000061035156, \"end\": 130.36000061035156, \"text\": \" Yeah.\", \"tokens\": [51324, 865, 13, 51374], \"temperature\": 0.0, \"avg_logprob\": -0.2550669312477112, \"compression_ratio\": 1.5714285373687744, \"no_speech_prob\": 0.008445202372968197}, {\"id\": 102, \"seek\": 11016, \"start\": 130.36000061035156, \"end\": 131.36000061035156, \"text\": \" Forever 21?\", \"tokens\": [51374, 30703, 5080, 30, 51424], \"temperature\": 0.0, \"avg_logprob\": -0.2550669312477112, \"compression_ratio\": 1.5714285373687744, \"no_speech_prob\": 0.008445202372968197}, {\"id\": 103, \"seek\": 11016, \"start\": 131.36000061035156, \"end\": 132.36000061035156, \"text\": \" Yeah.\", \"tokens\": [51424, 865, 13, 51474], \"temperature\": 0.0, \"avg_logprob\": -0.2550669312477112, \"compression_ratio\": 1.5714285373687744, \"no_speech_prob\": 0.008445202372968197}, {\"id\": 104, \"seek\": 11016, \"start\": 132.36000061035156, \"end\": 133.36000061035156, \"text\": \" Always a good choice.\", \"tokens\": [51474, 11270, 257, 665, 3922, 13, 51524], \"temperature\": 0.0, \"avg_logprob\": -0.2550669312477112, \"compression_ratio\": 1.5714285373687744, \"no_speech_prob\": 0.008445202372968197}, {\"id\": 105, \"seek\": 11016, \"start\": 133.36000061035156, \"end\": 134.36000061035156, \"text\": \" Cheap, cute.\", \"tokens\": [51524, 3351, 569, 11, 4052, 13, 51574], \"temperature\": 0.0, \"avg_logprob\": -0.2550669312477112, \"compression_ratio\": 1.5714285373687744, \"no_speech_prob\": 0.008445202372968197}, {\"id\": 106, \"seek\": 11016, \"start\": 134.36000061035156, \"end\": 135.36000061035156, \"text\": \" Yeah.\", \"tokens\": [51574, 865, 13, 51624], \"temperature\": 0.0, \"avg_logprob\": -0.2550669312477112, \"compression_ratio\": 1.5714285373687744, \"no_speech_prob\": 0.008445202372968197}, {\"id\": 107, \"seek\": 11016, \"start\": 135.36000061035156, \"end\": 138.36000061035156, \"text\": \" Went to a couple different places, but that's all I really got.\", \"tokens\": [51624, 31809, 281, 257, 1916, 819, 3190, 11, 457, 300, 311, 439, 286, 534, 658, 13, 51774], \"temperature\": 0.0, \"avg_logprob\": -0.2550669312477112, \"compression_ratio\": 1.5714285373687744, \"no_speech_prob\": 0.008445202372968197}, {\"id\": 108, \"seek\": 11016, \"start\": 138.36000061035156, \"end\": 139.36000061035156, \"text\": \" Yeah.\", \"tokens\": [51774, 865, 13, 51824], \"temperature\": 0.0, \"avg_logprob\": -0.2550669312477112, \"compression_ratio\": 1.5714285373687744, \"no_speech_prob\": 0.008445202372968197}, {\"id\": 109, \"seek\": 13936, \"start\": 139.55999755859375, \"end\": 142.55999755859375, \"text\": \" So, you probably weren't expecting to be hit on on the sidewalk, right?\", \"tokens\": [50374, 407, 11, 291, 1391, 4999, 380, 9650, 281, 312, 2045, 322, 322, 264, 25360, 11, 558, 30, 50524], \"temperature\": 0.0, \"avg_logprob\": -0.20734786987304688, \"compression_ratio\": 1.6238244771957397, \"no_speech_prob\": 0.016401207074522972}, {\"id\": 110, \"seek\": 13936, \"start\": 142.55999755859375, \"end\": 143.55999755859375, \"text\": \" No, it's nice.\", \"tokens\": [50524, 883, 11, 309, 311, 1481, 13, 50574], \"temperature\": 0.0, \"avg_logprob\": -0.20734786987304688, \"compression_ratio\": 1.6238244771957397, \"no_speech_prob\": 0.016401207074522972}, {\"id\": 111, \"seek\": 13936, \"start\": 143.55999755859375, \"end\": 144.55999755859375, \"text\": \" I enjoyed it.\", \"tokens\": [50574, 286, 4626, 309, 13, 50624], \"temperature\": 0.0, \"avg_logprob\": -0.20734786987304688, \"compression_ratio\": 1.6238244771957397, \"no_speech_prob\": 0.016401207074522972}, {\"id\": 112, \"seek\": 13936, \"start\": 144.55999755859375, \"end\": 145.55999755859375, \"text\": \" It's a tiny change.\", \"tokens\": [50624, 467, 311, 257, 5870, 1319, 13, 50674], \"temperature\": 0.0, \"avg_logprob\": -0.20734786987304688, \"compression_ratio\": 1.6238244771957397, \"no_speech_prob\": 0.016401207074522972}, {\"id\": 113, \"seek\": 13936, \"start\": 145.55999755859375, \"end\": 146.55999755859375, \"text\": \" Yeah, it takes a lot.\", \"tokens\": [50674, 865, 11, 309, 2516, 257, 688, 13, 50724], \"temperature\": 0.0, \"avg_logprob\": -0.20734786987304688, \"compression_ratio\": 1.6238244771957397, \"no_speech_prob\": 0.016401207074522972}, {\"id\": 114, \"seek\": 13936, \"start\": 146.55999755859375, \"end\": 148.55999755859375, \"text\": \" Like, honestly, guys don't ever do that, so it's really refreshing.\", \"tokens\": [50724, 1743, 11, 6095, 11, 1074, 500, 380, 1562, 360, 300, 11, 370, 309, 311, 534, 19772, 13, 50824], \"temperature\": 0.0, \"avg_logprob\": -0.20734786987304688, \"compression_ratio\": 1.6238244771957397, \"no_speech_prob\": 0.016401207074522972}, {\"id\": 115, \"seek\": 13936, \"start\": 148.55999755859375, \"end\": 149.55999755859375, \"text\": \" Yeah.\", \"tokens\": [50824, 865, 13, 50874], \"temperature\": 0.0, \"avg_logprob\": -0.20734786987304688, \"compression_ratio\": 1.6238244771957397, \"no_speech_prob\": 0.016401207074522972}, {\"id\": 116, \"seek\": 13936, \"start\": 149.55999755859375, \"end\": 151.55999755859375, \"text\": \" Yeah, well, I don't know.\", \"tokens\": [50874, 865, 11, 731, 11, 286, 500, 380, 458, 13, 50974], \"temperature\": 0.0, \"avg_logprob\": -0.20734786987304688, \"compression_ratio\": 1.6238244771957397, \"no_speech_prob\": 0.016401207074522972}, {\"id\": 117, \"seek\": 13936, \"start\": 151.55999755859375, \"end\": 154.55999755859375, \"text\": \" I guess I just felt, I felt confident today.\", \"tokens\": [50974, 286, 2041, 286, 445, 2762, 11, 286, 2762, 6679, 965, 13, 51124], \"temperature\": 0.0, \"avg_logprob\": -0.20734786987304688, \"compression_ratio\": 1.6238244771957397, \"no_speech_prob\": 0.016401207074522972}, {\"id\": 118, \"seek\": 13936, \"start\": 154.55999755859375, \"end\": 155.55999755859375, \"text\": \" No, good for you.\", \"tokens\": [51124, 883, 11, 665, 337, 291, 13, 51174], \"temperature\": 0.0, \"avg_logprob\": -0.20734786987304688, \"compression_ratio\": 1.6238244771957397, \"no_speech_prob\": 0.016401207074522972}, {\"id\": 119, \"seek\": 13936, \"start\": 155.55999755859375, \"end\": 156.55999755859375, \"text\": \" Yeah, definitely.\", \"tokens\": [51174, 865, 11, 2138, 13, 51224], \"temperature\": 0.0, \"avg_logprob\": -0.20734786987304688, \"compression_ratio\": 1.6238244771957397, \"no_speech_prob\": 0.016401207074522972}, {\"id\": 120, \"seek\": 13936, \"start\": 156.55999755859375, \"end\": 157.55999755859375, \"text\": \" And you've been an awesome wingman.\", \"tokens\": [51224, 400, 291, 600, 668, 364, 3476, 11162, 1601, 13, 51274], \"temperature\": 0.0, \"avg_logprob\": -0.20734786987304688, \"compression_ratio\": 1.6238244771957397, \"no_speech_prob\": 0.016401207074522972}, {\"id\": 121, \"seek\": 13936, \"start\": 157.55999755859375, \"end\": 158.55999755859375, \"text\": \" I hope so.\", \"tokens\": [51274, 286, 1454, 370, 13, 51324], \"temperature\": 0.0, \"avg_logprob\": -0.20734786987304688, \"compression_ratio\": 1.6238244771957397, \"no_speech_prob\": 0.016401207074522972}, {\"id\": 122, \"seek\": 13936, \"start\": 158.55999755859375, \"end\": 159.55999755859375, \"text\": \" I try.\", \"tokens\": [51324, 286, 853, 13, 51374], \"temperature\": 0.0, \"avg_logprob\": -0.20734786987304688, \"compression_ratio\": 1.6238244771957397, \"no_speech_prob\": 0.016401207074522972}, {\"id\": 123, \"seek\": 13936, \"start\": 159.55999755859375, \"end\": 160.55999755859375, \"text\": \" Yeah.\", \"tokens\": [51374, 865, 13, 51424], \"temperature\": 0.0, \"avg_logprob\": -0.20734786987304688, \"compression_ratio\": 1.6238244771957397, \"no_speech_prob\": 0.016401207074522972}, {\"id\": 124, \"seek\": 13936, \"start\": 160.55999755859375, \"end\": 163.55999755859375, \"text\": \" Well, we're like in this area a lot, so we should, if you want to meet up sometime.\", \"tokens\": [51424, 1042, 11, 321, 434, 411, 294, 341, 1859, 257, 688, 11, 370, 321, 820, 11, 498, 291, 528, 281, 1677, 493, 15053, 13, 51574], \"temperature\": 0.0, \"avg_logprob\": -0.20734786987304688, \"compression_ratio\": 1.6238244771957397, \"no_speech_prob\": 0.016401207074522972}, {\"id\": 125, \"seek\": 13936, \"start\": 163.55999755859375, \"end\": 164.55999755859375, \"text\": \" For sure.\", \"tokens\": [51574, 1171, 988, 13, 51624], \"temperature\": 0.0, \"avg_logprob\": -0.20734786987304688, \"compression_ratio\": 1.6238244771957397, \"no_speech_prob\": 0.016401207074522972}, {\"id\": 126, \"seek\": 13936, \"start\": 164.55999755859375, \"end\": 165.55999755859375, \"text\": \" Why don't you give me your number?\", \"tokens\": [51624, 1545, 500, 380, 291, 976, 385, 428, 1230, 30, 51674], \"temperature\": 0.0, \"avg_logprob\": -0.20734786987304688, \"compression_ratio\": 1.6238244771957397, \"no_speech_prob\": 0.016401207074522972}, {\"id\": 127, \"seek\": 13936, \"start\": 165.55999755859375, \"end\": 166.55999755859375, \"text\": \" Yeah.\", \"tokens\": [51674, 865, 13, 51724], \"temperature\": 0.0, \"avg_logprob\": -0.20734786987304688, \"compression_ratio\": 1.6238244771957397, \"no_speech_prob\": 0.016401207074522972}, {\"id\": 128, \"seek\": 16656, \"start\": 166.75999450683594, \"end\": 167.75999450683594, \"text\": \" My number?\", \"tokens\": [50374, 1222, 1230, 30, 50424], \"temperature\": 0.0, \"avg_logprob\": -0.2326635718345642, \"compression_ratio\": 1.9748953580856323, \"no_speech_prob\": 0.15200059115886688}, {\"id\": 129, \"seek\": 16656, \"start\": 167.75999450683594, \"end\": 168.75999450683594, \"text\": \" Oh, yeah, your number.\", \"tokens\": [50424, 876, 11, 1338, 11, 428, 1230, 13, 50474], \"temperature\": 0.0, \"avg_logprob\": -0.2326635718345642, \"compression_ratio\": 1.9748953580856323, \"no_speech_prob\": 0.15200059115886688}, {\"id\": 130, \"seek\": 16656, \"start\": 168.75999450683594, \"end\": 169.75999450683594, \"text\": \" Yeah.\", \"tokens\": [50474, 865, 13, 50524], \"temperature\": 0.0, \"avg_logprob\": -0.2326635718345642, \"compression_ratio\": 1.9748953580856323, \"no_speech_prob\": 0.15200059115886688}, {\"id\": 131, \"seek\": 16656, \"start\": 169.75999450683594, \"end\": 170.75999450683594, \"text\": \" 631.\", \"tokens\": [50524, 1386, 12967, 13, 50574], \"temperature\": 0.0, \"avg_logprob\": -0.2326635718345642, \"compression_ratio\": 1.9748953580856323, \"no_speech_prob\": 0.15200059115886688}, {\"id\": 132, \"seek\": 16656, \"start\": 170.75999450683594, \"end\": 171.75999450683594, \"text\": \" Here, you want to put it in?\", \"tokens\": [50574, 1692, 11, 291, 528, 281, 829, 309, 294, 30, 50624], \"temperature\": 0.0, \"avg_logprob\": -0.2326635718345642, \"compression_ratio\": 1.9748953580856323, \"no_speech_prob\": 0.15200059115886688}, {\"id\": 133, \"seek\": 16656, \"start\": 171.75999450683594, \"end\": 172.75999450683594, \"text\": \" Yeah.\", \"tokens\": [50624, 865, 13, 50674], \"temperature\": 0.0, \"avg_logprob\": -0.2326635718345642, \"compression_ratio\": 1.9748953580856323, \"no_speech_prob\": 0.15200059115886688}, {\"id\": 134, \"seek\": 16656, \"start\": 172.75999450683594, \"end\": 173.75999450683594, \"text\": \" It'll be easier.\", \"tokens\": [50674, 467, 603, 312, 3571, 13, 50724], \"temperature\": 0.0, \"avg_logprob\": -0.2326635718345642, \"compression_ratio\": 1.9748953580856323, \"no_speech_prob\": 0.15200059115886688}, {\"id\": 135, \"seek\": 16656, \"start\": 173.75999450683594, \"end\": 174.75999450683594, \"text\": \" Here, you can just do your...\", \"tokens\": [50724, 1692, 11, 291, 393, 445, 360, 428, 485, 50774], \"temperature\": 0.0, \"avg_logprob\": -0.2326635718345642, \"compression_ratio\": 1.9748953580856323, \"no_speech_prob\": 0.15200059115886688}, {\"id\": 136, \"seek\": 16656, \"start\": 174.75999450683594, \"end\": 175.75999450683594, \"text\": \" Okay.\", \"tokens\": [50774, 1033, 13, 50824], \"temperature\": 0.0, \"avg_logprob\": -0.2326635718345642, \"compression_ratio\": 1.9748953580856323, \"no_speech_prob\": 0.15200059115886688}, {\"id\": 137, \"seek\": 16656, \"start\": 175.75999450683594, \"end\": 176.75999450683594, \"text\": \" Or just put it in, and then I'll call you.\", \"tokens\": [50824, 1610, 445, 829, 309, 294, 11, 293, 550, 286, 603, 818, 291, 13, 50874], \"temperature\": 0.0, \"avg_logprob\": -0.2326635718345642, \"compression_ratio\": 1.9748953580856323, \"no_speech_prob\": 0.15200059115886688}, {\"id\": 138, \"seek\": 16656, \"start\": 176.75999450683594, \"end\": 177.75999450683594, \"text\": \" And I'll have it.\", \"tokens\": [50874, 400, 286, 603, 362, 309, 13, 50924], \"temperature\": 0.0, \"avg_logprob\": -0.2326635718345642, \"compression_ratio\": 1.9748953580856323, \"no_speech_prob\": 0.15200059115886688}, {\"id\": 139, \"seek\": 16656, \"start\": 177.75999450683594, \"end\": 178.75999450683594, \"text\": \" I like your initiative.\", \"tokens\": [50924, 286, 411, 428, 11552, 13, 50974], \"temperature\": 0.0, \"avg_logprob\": -0.2326635718345642, \"compression_ratio\": 1.9748953580856323, \"no_speech_prob\": 0.15200059115886688}, {\"id\": 140, \"seek\": 16656, \"start\": 178.75999450683594, \"end\": 179.75999450683594, \"text\": \" Thank you.\", \"tokens\": [50974, 1044, 291, 13, 51024], \"temperature\": 0.0, \"avg_logprob\": -0.2326635718345642, \"compression_ratio\": 1.9748953580856323, \"no_speech_prob\": 0.15200059115886688}, {\"id\": 141, \"seek\": 16656, \"start\": 179.75999450683594, \"end\": 180.75999450683594, \"text\": \" I have some, you know, B-minus friends.\", \"tokens\": [51024, 286, 362, 512, 11, 291, 458, 11, 363, 12, 2367, 301, 1855, 13, 51074], \"temperature\": 0.0, \"avg_logprob\": -0.2326635718345642, \"compression_ratio\": 1.9748953580856323, \"no_speech_prob\": 0.15200059115886688}, {\"id\": 142, \"seek\": 16656, \"start\": 180.75999450683594, \"end\": 181.75999450683594, \"text\": \" Oh, perfect.\", \"tokens\": [51074, 876, 11, 2176, 13, 51124], \"temperature\": 0.0, \"avg_logprob\": -0.2326635718345642, \"compression_ratio\": 1.9748953580856323, \"no_speech_prob\": 0.15200059115886688}, {\"id\": 143, \"seek\": 16656, \"start\": 181.75999450683594, \"end\": 182.75999450683594, \"text\": \" Wait, what?\", \"tokens\": [51124, 3802, 11, 437, 30, 51174], \"temperature\": 0.0, \"avg_logprob\": -0.2326635718345642, \"compression_ratio\": 1.9748953580856323, \"no_speech_prob\": 0.15200059115886688}, {\"id\": 144, \"seek\": 16656, \"start\": 182.75999450683594, \"end\": 183.75999450683594, \"text\": \" Am I only B-minus?\", \"tokens\": [51174, 2012, 286, 787, 363, 12, 2367, 301, 30, 51224], \"temperature\": 0.0, \"avg_logprob\": -0.2326635718345642, \"compression_ratio\": 1.9748953580856323, \"no_speech_prob\": 0.15200059115886688}, {\"id\": 145, \"seek\": 16656, \"start\": 183.75999450683594, \"end\": 184.75999450683594, \"text\": \" Oh!\", \"tokens\": [51224, 876, 0, 51274], \"temperature\": 0.0, \"avg_logprob\": -0.2326635718345642, \"compression_ratio\": 1.9748953580856323, \"no_speech_prob\": 0.15200059115886688}, {\"id\": 146, \"seek\": 16656, \"start\": 184.75999450683594, \"end\": 185.75999450683594, \"text\": \" No, no, no.\", \"tokens\": [51274, 883, 11, 572, 11, 572, 13, 51324], \"temperature\": 0.0, \"avg_logprob\": -0.2326635718345642, \"compression_ratio\": 1.9748953580856323, \"no_speech_prob\": 0.15200059115886688}, {\"id\": 147, \"seek\": 16656, \"start\": 185.75999450683594, \"end\": 186.75999450683594, \"text\": \" That was not what I meant.\", \"tokens\": [51324, 663, 390, 406, 437, 286, 4140, 13, 51374], \"temperature\": 0.0, \"avg_logprob\": -0.2326635718345642, \"compression_ratio\": 1.9748953580856323, \"no_speech_prob\": 0.15200059115886688}, {\"id\": 148, \"seek\": 16656, \"start\": 186.75999450683594, \"end\": 187.75999450683594, \"text\": \" I'm kidding.\", \"tokens\": [51374, 286, 478, 9287, 13, 51424], \"temperature\": 0.0, \"avg_logprob\": -0.2326635718345642, \"compression_ratio\": 1.9748953580856323, \"no_speech_prob\": 0.15200059115886688}, {\"id\": 149, \"seek\": 16656, \"start\": 187.75999450683594, \"end\": 188.75999450683594, \"text\": \" I'm kidding.\", \"tokens\": [51424, 286, 478, 9287, 13, 51474], \"temperature\": 0.0, \"avg_logprob\": -0.2326635718345642, \"compression_ratio\": 1.9748953580856323, \"no_speech_prob\": 0.15200059115886688}, {\"id\": 150, \"seek\": 16656, \"start\": 188.75999450683594, \"end\": 189.75999450683594, \"text\": \" I'm kidding.\", \"tokens\": [51474, 286, 478, 9287, 13, 51524], \"temperature\": 0.0, \"avg_logprob\": -0.2326635718345642, \"compression_ratio\": 1.9748953580856323, \"no_speech_prob\": 0.15200059115886688}, {\"id\": 151, \"seek\": 16656, \"start\": 189.75999450683594, \"end\": 190.75999450683594, \"text\": \" I'm kidding.\", \"tokens\": [51524, 286, 478, 9287, 13, 51574], \"temperature\": 0.0, \"avg_logprob\": -0.2326635718345642, \"compression_ratio\": 1.9748953580856323, \"no_speech_prob\": 0.15200059115886688}, {\"id\": 152, \"seek\": 16656, \"start\": 190.75999450683594, \"end\": 191.75999450683594, \"text\": \" I'm kidding.\", \"tokens\": [51574, 286, 478, 9287, 13, 51624], \"temperature\": 0.0, \"avg_logprob\": -0.2326635718345642, \"compression_ratio\": 1.9748953580856323, \"no_speech_prob\": 0.15200059115886688}, {\"id\": 153, \"seek\": 16656, \"start\": 191.75999450683594, \"end\": 192.75999450683594, \"text\": \" I'm kidding.\", \"tokens\": [51624, 286, 478, 9287, 13, 51674], \"temperature\": 0.0, \"avg_logprob\": -0.2326635718345642, \"compression_ratio\": 1.9748953580856323, \"no_speech_prob\": 0.15200059115886688}, {\"id\": 154, \"seek\": 16656, \"start\": 192.75999450683594, \"end\": 193.75999450683594, \"text\": \" I'm kidding.\", \"tokens\": [51674, 286, 478, 9287, 13, 51724], \"temperature\": 0.0, \"avg_logprob\": -0.2326635718345642, \"compression_ratio\": 1.9748953580856323, \"no_speech_prob\": 0.15200059115886688}, {\"id\": 155, \"seek\": 16656, \"start\": 193.75999450683594, \"end\": 194.75999450683594, \"text\": \" I'm kidding.\", \"tokens\": [51724, 286, 478, 9287, 13, 51774], \"temperature\": 0.0, \"avg_logprob\": -0.2326635718345642, \"compression_ratio\": 1.9748953580856323, \"no_speech_prob\": 0.15200059115886688}, {\"id\": 156, \"seek\": 16656, \"start\": 194.75999450683594, \"end\": 195.75999450683594, \"text\": \" I'm kidding.\", \"tokens\": [51774, 286, 478, 9287, 13, 51824], \"temperature\": 0.0, \"avg_logprob\": -0.2326635718345642, \"compression_ratio\": 1.9748953580856323, \"no_speech_prob\": 0.15200059115886688}, {\"id\": 157, \"seek\": 19576, \"start\": 195.9600067138672, \"end\": 196.9600067138672, \"text\": \" That was not what I meant.\", \"tokens\": [50374, 663, 390, 406, 437, 286, 4140, 13, 50424], \"temperature\": 0.0, \"avg_logprob\": -0.24407018721103668, \"compression_ratio\": 1.6080585718154907, \"no_speech_prob\": 0.453067809343338}, {\"id\": 158, \"seek\": 19576, \"start\": 196.9600067138672, \"end\": 197.9600067138672, \"text\": \" I'm kidding.\", \"tokens\": [50424, 286, 478, 9287, 13, 50474], \"temperature\": 0.0, \"avg_logprob\": -0.24407018721103668, \"compression_ratio\": 1.6080585718154907, \"no_speech_prob\": 0.453067809343338}, {\"id\": 159, \"seek\": 19576, \"start\": 197.9600067138672, \"end\": 198.9600067138672, \"text\": \" I'm kidding.\", \"tokens\": [50474, 286, 478, 9287, 13, 50524], \"temperature\": 0.0, \"avg_logprob\": -0.24407018721103668, \"compression_ratio\": 1.6080585718154907, \"no_speech_prob\": 0.453067809343338}, {\"id\": 160, \"seek\": 19576, \"start\": 198.9600067138672, \"end\": 199.9600067138672, \"text\": \" Okay, wait.\", \"tokens\": [50524, 1033, 11, 1699, 13, 50574], \"temperature\": 0.0, \"avg_logprob\": -0.24407018721103668, \"compression_ratio\": 1.6080585718154907, \"no_speech_prob\": 0.453067809343338}, {\"id\": 161, \"seek\": 19576, \"start\": 199.9600067138672, \"end\": 200.9600067138672, \"text\": \" He's so mellow.\", \"tokens\": [50574, 634, 311, 370, 385, 1202, 13, 50624], \"temperature\": 0.0, \"avg_logprob\": -0.24407018721103668, \"compression_ratio\": 1.6080585718154907, \"no_speech_prob\": 0.453067809343338}, {\"id\": 162, \"seek\": 19576, \"start\": 200.9600067138672, \"end\": 201.9600067138672, \"text\": \" All right, and then...\", \"tokens\": [50624, 1057, 558, 11, 293, 550, 485, 50674], \"temperature\": 0.0, \"avg_logprob\": -0.24407018721103668, \"compression_ratio\": 1.6080585718154907, \"no_speech_prob\": 0.453067809343338}, {\"id\": 163, \"seek\": 19576, \"start\": 201.9600067138672, \"end\": 204.9600067138672, \"text\": \" I just can't oversell my friends, because if I tell you they're A-pluses...\", \"tokens\": [50674, 286, 445, 393, 380, 11916, 285, 452, 1855, 11, 570, 498, 286, 980, 291, 436, 434, 316, 12, 564, 8355, 485, 50824], \"temperature\": 0.0, \"avg_logprob\": -0.24407018721103668, \"compression_ratio\": 1.6080585718154907, \"no_speech_prob\": 0.453067809343338}, {\"id\": 164, \"seek\": 19576, \"start\": 204.9600067138672, \"end\": 205.9600067138672, \"text\": \" That's true.\", \"tokens\": [50824, 663, 311, 2074, 13, 50874], \"temperature\": 0.0, \"avg_logprob\": -0.24407018721103668, \"compression_ratio\": 1.6080585718154907, \"no_speech_prob\": 0.453067809343338}, {\"id\": 165, \"seek\": 19576, \"start\": 205.9600067138672, \"end\": 206.9600067138672, \"text\": \" ...and they show up...\", \"tokens\": [50874, 1097, 474, 436, 855, 493, 485, 50924], \"temperature\": 0.0, \"avg_logprob\": -0.24407018721103668, \"compression_ratio\": 1.6080585718154907, \"no_speech_prob\": 0.453067809343338}, {\"id\": 166, \"seek\": 19576, \"start\": 206.9600067138672, \"end\": 207.9600067138672, \"text\": \" Yeah.\", \"tokens\": [50924, 865, 13, 50974], \"temperature\": 0.0, \"avg_logprob\": -0.24407018721103668, \"compression_ratio\": 1.6080585718154907, \"no_speech_prob\": 0.453067809343338}, {\"id\": 167, \"seek\": 19576, \"start\": 207.9600067138672, \"end\": 208.9600067138672, \"text\": \" Okay, so then...\", \"tokens\": [50974, 1033, 11, 370, 550, 485, 51024], \"temperature\": 0.0, \"avg_logprob\": -0.24407018721103668, \"compression_ratio\": 1.6080585718154907, \"no_speech_prob\": 0.453067809343338}, {\"id\": 168, \"seek\": 19576, \"start\": 208.9600067138672, \"end\": 209.9600067138672, \"text\": \" But, no, they really are A-pluses.\", \"tokens\": [51024, 583, 11, 572, 11, 436, 534, 366, 316, 12, 564, 8355, 13, 51074], \"temperature\": 0.0, \"avg_logprob\": -0.24407018721103668, \"compression_ratio\": 1.6080585718154907, \"no_speech_prob\": 0.453067809343338}, {\"id\": 169, \"seek\": 19576, \"start\": 209.9600067138672, \"end\": 210.9600067138672, \"text\": \" At least I think so.\", \"tokens\": [51074, 1711, 1935, 286, 519, 370, 13, 51124], \"temperature\": 0.0, \"avg_logprob\": -0.24407018721103668, \"compression_ratio\": 1.6080585718154907, \"no_speech_prob\": 0.453067809343338}, {\"id\": 170, \"seek\": 19576, \"start\": 210.9600067138672, \"end\": 211.9600067138672, \"text\": \" Cool.\", \"tokens\": [51124, 8561, 13, 51174], \"temperature\": 0.0, \"avg_logprob\": -0.24407018721103668, \"compression_ratio\": 1.6080585718154907, \"no_speech_prob\": 0.453067809343338}, {\"id\": 171, \"seek\": 19576, \"start\": 211.9600067138672, \"end\": 212.9600067138672, \"text\": \" Ah!\", \"tokens\": [51174, 2438, 0, 51224], \"temperature\": 0.0, \"avg_logprob\": -0.24407018721103668, \"compression_ratio\": 1.6080585718154907, \"no_speech_prob\": 0.453067809343338}, {\"id\": 172, \"seek\": 19576, \"start\": 212.9600067138672, \"end\": 213.9600067138672, \"text\": \" Oh!\", \"tokens\": [51224, 876, 0, 51274], \"temperature\": 0.0, \"avg_logprob\": -0.24407018721103668, \"compression_ratio\": 1.6080585718154907, \"no_speech_prob\": 0.453067809343338}, {\"id\": 173, \"seek\": 19576, \"start\": 213.9600067138672, \"end\": 214.9600067138672, \"text\": \" Ah!\", \"tokens\": [51274, 2438, 0, 51324], \"temperature\": 0.0, \"avg_logprob\": -0.24407018721103668, \"compression_ratio\": 1.6080585718154907, \"no_speech_prob\": 0.453067809343338}, {\"id\": 174, \"seek\": 19576, \"start\": 214.9600067138672, \"end\": 215.9600067138672, \"text\": \" Drop your glove.\", \"tokens\": [51324, 17675, 428, 26928, 13, 51374], \"temperature\": 0.0, \"avg_logprob\": -0.24407018721103668, \"compression_ratio\": 1.6080585718154907, \"no_speech_prob\": 0.453067809343338}, {\"id\": 175, \"seek\": 19576, \"start\": 215.9600067138672, \"end\": 216.9600067138672, \"text\": \" Oh, shit.\", \"tokens\": [51374, 876, 11, 4611, 13, 51424], \"temperature\": 0.0, \"avg_logprob\": -0.24407018721103668, \"compression_ratio\": 1.6080585718154907, \"no_speech_prob\": 0.453067809343338}, {\"id\": 176, \"seek\": 19576, \"start\": 216.9600067138672, \"end\": 217.9600067138672, \"text\": \" Oh.\", \"tokens\": [51424, 876, 13, 51474], \"temperature\": 0.0, \"avg_logprob\": -0.24407018721103668, \"compression_ratio\": 1.6080585718154907, \"no_speech_prob\": 0.453067809343338}, {\"id\": 177, \"seek\": 19576, \"start\": 217.9600067138672, \"end\": 218.9600067138672, \"text\": \" Well, it was nice meeting you.\", \"tokens\": [51474, 1042, 11, 309, 390, 1481, 3440, 291, 13, 51524], \"temperature\": 0.0, \"avg_logprob\": -0.24407018721103668, \"compression_ratio\": 1.6080585718154907, \"no_speech_prob\": 0.453067809343338}, {\"id\": 178, \"seek\": 19576, \"start\": 218.9600067138672, \"end\": 219.9600067138672, \"text\": \" Yeah, you too.\", \"tokens\": [51524, 865, 11, 291, 886, 13, 51574], \"temperature\": 0.0, \"avg_logprob\": -0.24407018721103668, \"compression_ratio\": 1.6080585718154907, \"no_speech_prob\": 0.453067809343338}, {\"id\": 179, \"seek\": 19576, \"start\": 219.9600067138672, \"end\": 220.9600067138672, \"text\": \" Hold on.\", \"tokens\": [51574, 6962, 322, 13, 51624], \"temperature\": 0.0, \"avg_logprob\": -0.24407018721103668, \"compression_ratio\": 1.6080585718154907, \"no_speech_prob\": 0.453067809343338}, {\"id\": 180, \"seek\": 19576, \"start\": 220.9600067138672, \"end\": 221.9600067138672, \"text\": \" We're, uh...\", \"tokens\": [51624, 492, 434, 11, 2232, 485, 51674], \"temperature\": 0.0, \"avg_logprob\": -0.24407018721103668, \"compression_ratio\": 1.6080585718154907, \"no_speech_prob\": 0.453067809343338}, {\"id\": 181, \"seek\": 19576, \"start\": 221.9600067138672, \"end\": 222.9600067138672, \"text\": \" What was it?\", \"tokens\": [51674, 708, 390, 309, 30, 51724], \"temperature\": 0.0, \"avg_logprob\": -0.24407018721103668, \"compression_ratio\": 1.6080585718154907, \"no_speech_prob\": 0.453067809343338}, {\"id\": 182, \"seek\": 19576, \"start\": 222.9600067138672, \"end\": 223.9600067138672, \"text\": \" Kristen?\", \"tokens\": [51724, 35107, 30, 51774], \"temperature\": 0.0, \"avg_logprob\": -0.24407018721103668, \"compression_ratio\": 1.6080585718154907, \"no_speech_prob\": 0.453067809343338}, {\"id\": 183, \"seek\": 19576, \"start\": 223.9600067138672, \"end\": 224.9600067138672, \"text\": \" Yeah.\", \"tokens\": [51774, 865, 13, 51824], \"temperature\": 0.0, \"avg_logprob\": -0.24407018721103668, \"compression_ratio\": 1.6080585718154907, \"no_speech_prob\": 0.453067809343338}, {\"id\": 184, \"seek\": 22496, \"start\": 225.16000366210938, \"end\": 226.16000366210938, \"text\": \" I'll put your full name, because that way...\", \"tokens\": [50374, 286, 603, 829, 428, 1577, 1315, 11, 570, 300, 636, 485, 50424], \"temperature\": 0.0, \"avg_logprob\": -0.22601836919784546, \"compression_ratio\": 1.6915254592895508, \"no_speech_prob\": 0.2940528094768524}, {\"id\": 185, \"seek\": 22496, \"start\": 226.16000366210938, \"end\": 227.16000366210938, \"text\": \" Because I put mine in there.\", \"tokens\": [50424, 1436, 286, 829, 3892, 294, 456, 13, 50474], \"temperature\": 0.0, \"avg_logprob\": -0.22601836919784546, \"compression_ratio\": 1.6915254592895508, \"no_speech_prob\": 0.2940528094768524}, {\"id\": 186, \"seek\": 22496, \"start\": 227.16000366210938, \"end\": 228.16000366210938, \"text\": \" Okay, let me see.\", \"tokens\": [50474, 1033, 11, 718, 385, 536, 13, 50524], \"temperature\": 0.0, \"avg_logprob\": -0.22601836919784546, \"compression_ratio\": 1.6915254592895508, \"no_speech_prob\": 0.2940528094768524}, {\"id\": 187, \"seek\": 22496, \"start\": 228.16000366210938, \"end\": 229.16000366210938, \"text\": \" I'm, like, super bad with names.\", \"tokens\": [50524, 286, 478, 11, 411, 11, 1687, 1578, 365, 5288, 13, 50574], \"temperature\": 0.0, \"avg_logprob\": -0.22601836919784546, \"compression_ratio\": 1.6915254592895508, \"no_speech_prob\": 0.2940528094768524}, {\"id\": 188, \"seek\": 22496, \"start\": 229.16000366210938, \"end\": 230.16000366210938, \"text\": \" First and last.\", \"tokens\": [50574, 2386, 293, 1036, 13, 50624], \"temperature\": 0.0, \"avg_logprob\": -0.22601836919784546, \"compression_ratio\": 1.6915254592895508, \"no_speech_prob\": 0.2940528094768524}, {\"id\": 189, \"seek\": 22496, \"start\": 230.16000366210938, \"end\": 231.16000366210938, \"text\": \" I'm awful.\", \"tokens\": [50624, 286, 478, 11232, 13, 50674], \"temperature\": 0.0, \"avg_logprob\": -0.22601836919784546, \"compression_ratio\": 1.6915254592895508, \"no_speech_prob\": 0.2940528094768524}, {\"id\": 190, \"seek\": 22496, \"start\": 231.16000366210938, \"end\": 232.16000366210938, \"text\": \" Kristen, this must be you.\", \"tokens\": [50674, 35107, 11, 341, 1633, 312, 291, 13, 50724], \"temperature\": 0.0, \"avg_logprob\": -0.22601836919784546, \"compression_ratio\": 1.6915254592895508, \"no_speech_prob\": 0.2940528094768524}, {\"id\": 191, \"seek\": 22496, \"start\": 232.16000366210938, \"end\": 233.16000366210938, \"text\": \" Yep.\", \"tokens\": [50724, 7010, 13, 50774], \"temperature\": 0.0, \"avg_logprob\": -0.22601836919784546, \"compression_ratio\": 1.6915254592895508, \"no_speech_prob\": 0.2940528094768524}, {\"id\": 192, \"seek\": 22496, \"start\": 233.16000366210938, \"end\": 234.16000366210938, \"text\": \" All right.\", \"tokens\": [50774, 1057, 558, 13, 50824], \"temperature\": 0.0, \"avg_logprob\": -0.22601836919784546, \"compression_ratio\": 1.6915254592895508, \"no_speech_prob\": 0.2940528094768524}, {\"id\": 193, \"seek\": 22496, \"start\": 234.16000366210938, \"end\": 235.16000366210938, \"text\": \" I'll just call you, and you'll have mine.\", \"tokens\": [50824, 286, 603, 445, 818, 291, 11, 293, 291, 603, 362, 3892, 13, 50874], \"temperature\": 0.0, \"avg_logprob\": -0.22601836919784546, \"compression_ratio\": 1.6915254592895508, \"no_speech_prob\": 0.2940528094768524}, {\"id\": 194, \"seek\": 22496, \"start\": 235.16000366210938, \"end\": 236.16000366210938, \"text\": \" Or I'll text you.\", \"tokens\": [50874, 1610, 286, 603, 2487, 291, 13, 50924], \"temperature\": 0.0, \"avg_logprob\": -0.22601836919784546, \"compression_ratio\": 1.6915254592895508, \"no_speech_prob\": 0.2940528094768524}, {\"id\": 195, \"seek\": 22496, \"start\": 236.16000366210938, \"end\": 237.16000366210938, \"text\": \" That's easier.\", \"tokens\": [50924, 663, 311, 3571, 13, 50974], \"temperature\": 0.0, \"avg_logprob\": -0.22601836919784546, \"compression_ratio\": 1.6915254592895508, \"no_speech_prob\": 0.2940528094768524}, {\"id\": 196, \"seek\": 22496, \"start\": 237.16000366210938, \"end\": 238.16000366210938, \"text\": \" Okay, cool.\", \"tokens\": [50974, 1033, 11, 1627, 13, 51024], \"temperature\": 0.0, \"avg_logprob\": -0.22601836919784546, \"compression_ratio\": 1.6915254592895508, \"no_speech_prob\": 0.2940528094768524}, {\"id\": 197, \"seek\": 22496, \"start\": 238.16000366210938, \"end\": 239.16000366210938, \"text\": \" Yeah.\", \"tokens\": [51024, 865, 13, 51074], \"temperature\": 0.0, \"avg_logprob\": -0.22601836919784546, \"compression_ratio\": 1.6915254592895508, \"no_speech_prob\": 0.2940528094768524}, {\"id\": 198, \"seek\": 22496, \"start\": 239.16000366210938, \"end\": 240.16000366210938, \"text\": \" Yeah, well, it was nice meeting you.\", \"tokens\": [51074, 865, 11, 731, 11, 309, 390, 1481, 3440, 291, 13, 51124], \"temperature\": 0.0, \"avg_logprob\": -0.22601836919784546, \"compression_ratio\": 1.6915254592895508, \"no_speech_prob\": 0.2940528094768524}, {\"id\": 199, \"seek\": 22496, \"start\": 240.16000366210938, \"end\": 241.16000366210938, \"text\": \" Yeah.\", \"tokens\": [51124, 865, 13, 51174], \"temperature\": 0.0, \"avg_logprob\": -0.22601836919784546, \"compression_ratio\": 1.6915254592895508, \"no_speech_prob\": 0.2940528094768524}, {\"id\": 200, \"seek\": 22496, \"start\": 241.16000366210938, \"end\": 242.16000366210938, \"text\": \" And your dog, who is a lot friendlier than I thought I was expecting.\", \"tokens\": [51174, 400, 428, 3000, 11, 567, 307, 257, 688, 1277, 2753, 813, 286, 1194, 286, 390, 9650, 13, 51224], \"temperature\": 0.0, \"avg_logprob\": -0.22601836919784546, \"compression_ratio\": 1.6915254592895508, \"no_speech_prob\": 0.2940528094768524}, {\"id\": 201, \"seek\": 22496, \"start\": 242.16000366210938, \"end\": 243.16000366210938, \"text\": \" He'll bite you harder next time.\", \"tokens\": [51224, 634, 603, 7988, 291, 6081, 958, 565, 13, 51274], \"temperature\": 0.0, \"avg_logprob\": -0.22601836919784546, \"compression_ratio\": 1.6915254592895508, \"no_speech_prob\": 0.2940528094768524}, {\"id\": 202, \"seek\": 22496, \"start\": 243.16000366210938, \"end\": 244.16000366210938, \"text\": \" Don't worry.\", \"tokens\": [51274, 1468, 380, 3292, 13, 51324], \"temperature\": 0.0, \"avg_logprob\": -0.22601836919784546, \"compression_ratio\": 1.6915254592895508, \"no_speech_prob\": 0.2940528094768524}, {\"id\": 203, \"seek\": 22496, \"start\": 244.16000366210938, \"end\": 245.16000366210938, \"text\": \" Okay.\", \"tokens\": [51324, 1033, 13, 51374], \"temperature\": 0.0, \"avg_logprob\": -0.22601836919784546, \"compression_ratio\": 1.6915254592895508, \"no_speech_prob\": 0.2940528094768524}, {\"id\": 204, \"seek\": 22496, \"start\": 245.16000366210938, \"end\": 246.16000366210938, \"text\": \" See you, guys.\", \"tokens\": [51374, 3008, 291, 11, 1074, 13, 51424], \"temperature\": 0.0, \"avg_logprob\": -0.22601836919784546, \"compression_ratio\": 1.6915254592895508, \"no_speech_prob\": 0.2940528094768524}, {\"id\": 205, \"seek\": 22496, \"start\": 246.16000366210938, \"end\": 247.16000366210938, \"text\": \" Oh.\", \"tokens\": [51424, 876, 13, 51474], \"temperature\": 0.0, \"avg_logprob\": -0.22601836919784546, \"compression_ratio\": 1.6915254592895508, \"no_speech_prob\": 0.2940528094768524}, {\"id\": 206, \"seek\": 22496, \"start\": 247.16000366210938, \"end\": 248.16000366210938, \"text\": \" Oh.\", \"tokens\": [51474, 876, 13, 51524], \"temperature\": 0.0, \"avg_logprob\": -0.22601836919784546, \"compression_ratio\": 1.6915254592895508, \"no_speech_prob\": 0.2940528094768524}, {\"id\": 207, \"seek\": 22496, \"start\": 248.16000366210938, \"end\": 249.16000366210938, \"text\": \" Oh.\", \"tokens\": [51524, 876, 13, 51574], \"temperature\": 0.0, \"avg_logprob\": -0.22601836919784546, \"compression_ratio\": 1.6915254592895508, \"no_speech_prob\": 0.2940528094768524}, {\"id\": 208, \"seek\": 22496, \"start\": 249.16000366210938, \"end\": 250.16000366210938, \"text\": \" Oh.\", \"tokens\": [51574, 876, 13, 51624], \"temperature\": 0.0, \"avg_logprob\": -0.22601836919784546, \"compression_ratio\": 1.6915254592895508, \"no_speech_prob\": 0.2940528094768524}, {\"id\": 209, \"seek\": 22496, \"start\": 250.16000366210938, \"end\": 251.16000366210938, \"text\": \" Oh.\", \"tokens\": [51624, 876, 13, 51674], \"temperature\": 0.0, \"avg_logprob\": -0.22601836919784546, \"compression_ratio\": 1.6915254592895508, \"no_speech_prob\": 0.2940528094768524}, {\"id\": 210, \"seek\": 22496, \"start\": 251.16000366210938, \"end\": 252.16000366210938, \"text\": \" Oh.\", \"tokens\": [51674, 876, 13, 51724], \"temperature\": 0.0, \"avg_logprob\": -0.22601836919784546, \"compression_ratio\": 1.6915254592895508, \"no_speech_prob\": 0.2940528094768524}, {\"id\": 211, \"seek\": 22496, \"start\": 252.16000366210938, \"end\": 253.16000366210938, \"text\": \" Oh.\", \"tokens\": [51724, 876, 13, 51774], \"temperature\": 0.0, \"avg_logprob\": -0.22601836919784546, \"compression_ratio\": 1.6915254592895508, \"no_speech_prob\": 0.2940528094768524}, {\"id\": 212, \"seek\": 22496, \"start\": 253.16000366210938, \"end\": 254.16000366210938, \"text\": \" Oh.\", \"tokens\": [51774, 876, 13, 51824], \"temperature\": 0.0, \"avg_logprob\": -0.22601836919784546, \"compression_ratio\": 1.6915254592895508, \"no_speech_prob\": 0.2940528094768524}, {\"id\": 213, \"seek\": 25416, \"start\": 254.16000366210938, \"end\": 255.16000366210938, \"text\": \" Oh.\", \"tokens\": [50364, 876, 13, 50414], \"temperature\": 0.0, \"avg_logprob\": -0.2366463989019394, \"compression_ratio\": 1.3571428060531616, \"no_speech_prob\": 0.987403392791748}, {\"id\": 214, \"seek\": 25416, \"start\": 255.16000366210938, \"end\": 256.1600036621094, \"text\": \" Oh.\", \"tokens\": [50414, 876, 13, 50464], \"temperature\": 0.0, \"avg_logprob\": -0.2366463989019394, \"compression_ratio\": 1.3571428060531616, \"no_speech_prob\": 0.987403392791748}, {\"id\": 215, \"seek\": 25416, \"start\": 256.1600036621094, \"end\": 257.1600036621094, \"text\": \" Oh.\", \"tokens\": [50464, 876, 13, 50514], \"temperature\": 0.0, \"avg_logprob\": -0.2366463989019394, \"compression_ratio\": 1.3571428060531616, \"no_speech_prob\": 0.987403392791748}, {\"id\": 216, \"seek\": 25416, \"start\": 257.1600036621094, \"end\": 258.1600036621094, \"text\": \" Oh.\", \"tokens\": [50514, 876, 13, 50564], \"temperature\": 0.0, \"avg_logprob\": -0.2366463989019394, \"compression_ratio\": 1.3571428060531616, \"no_speech_prob\": 0.987403392791748}, {\"id\": 217, \"seek\": 25416, \"start\": 258.1600036621094, \"end\": 258.1600036621094, \"text\": \"\", \"tokens\": [], \"temperature\": 0.0, \"avg_logprob\": -0.2366463989019394, \"compression_ratio\": 1.3571428060531616, \"no_speech_prob\": 0.987403392791748, \"words\": []}]}"}