{"title": "Dating is a sport, you need to be out on the court instead of behind your screen.", "video_id": "DEkHQ579q8w", "video_url": "https://www.youtube.com/watch?v=DEkHQ579q8w", "description": "", "published_at": "2023-04-27T16:15:42Z", "channel_id": "UC0O-ohYDF4P66HW9XJ4Us8w", "channel_title": "Robbie Kramer", "tags": [], "category_id": "26", "live_broadcast_content": "none", "duration": 56.0, "dimension": "2d", "definition": "hd", "caption": "false", "view_count": 158, "like_count": 5, "comment_count": 0, "channel_info": {"title": "Robbie Kramer", "description": "I'm Robbie Kramer \ud83c\udf99Host of The Inner Confidence Podcast & Founder of Inner Confidence, Inc.\n\nI lived an exhilarating single life filled with adventures and lessons, and ultimately achieved what I had always aspired to \u2013 finding an amazing, feminine, and loving wife. \n\nI believe my experiences provide a rare balance of wild freedom and committed love, equipping me with the insights to help you navigate the complexities of dating and relationships in today's world. Let me guide you to embrace your desires, improve your social prowess, and ultimately attract the partner who aligns with your highest aspirations.\n\nYou won\u2019t find any fluffy, new-age, or cringy stuff here, just tested, proven and actionable advice that yields results.\n\nApply to join our exclusive Inner Confidence Community of ambitious men who are actively working together to achieve their goals faster   \u25ba https://innerconfidence.com/community\n\nYou can email me at robbie@innerconfidence.com with any questions or comments.\n", "subscriber_count": "1270", "total_views": "604693", "total_videos": "470"}, "comments": [], "file_path": "/Users/aelaguiz/workspace/fc_book/audio/raws/DEkHQ579q8w.mp3", "transcription": "{\"text\": \"Have you been studying up on dating and attraction material and strategy but haven't had the results that you want? Well, this was me for many years. I used to spend hours and hours watching YouTube videos and different seminars, even attending seminars. But I never got better because I wasn't going out and approaching women and getting rejected. Everything changed when I started putting my ass in the line and actually going up to talk to girls. You can hide behind a computer screen all you want, but you're never going to actually improve until you get out and take a risk. If you're feeling a little bit stuck or you just want to optimize and step up your game, we've opened up a few spots in our Inner Confidence community. We're accepting applications if you want to join our select group of men and experience a radical power of accountability, cross everything off your sexual bucket list, and just become a beast who gets more stuff done. To learn more and apply, go to start.innerconfidence.com. \", \"segments\": [{\"id\": 0, \"seek\": 0, \"start\": 0.0, \"end\": 7.0, \"text\": \" Have you been studying up on dating and attraction material and strategy but haven't had the results that you want?\", \"tokens\": [50364, 3560, 291, 668, 7601, 493, 322, 10689, 293, 17672, 2527, 293, 5206, 457, 2378, 380, 632, 264, 3542, 300, 291, 528, 30, 50714], \"temperature\": 0.0, \"avg_logprob\": -0.24126601219177246, \"compression_ratio\": 1.6151078939437866, \"no_speech_prob\": 0.016643252223730087}, {\"id\": 1, \"seek\": 0, \"start\": 7.0, \"end\": 9.0, \"text\": \" Well, this was me for many years.\", \"tokens\": [50714, 1042, 11, 341, 390, 385, 337, 867, 924, 13, 50814], \"temperature\": 0.0, \"avg_logprob\": -0.24126601219177246, \"compression_ratio\": 1.6151078939437866, \"no_speech_prob\": 0.016643252223730087}, {\"id\": 2, \"seek\": 0, \"start\": 9.0, \"end\": 14.0, \"text\": \" I used to spend hours and hours watching YouTube videos and different seminars, even attending seminars.\", \"tokens\": [50814, 286, 1143, 281, 3496, 2496, 293, 2496, 1976, 3088, 2145, 293, 819, 43112, 11, 754, 15862, 43112, 13, 51064], \"temperature\": 0.0, \"avg_logprob\": -0.24126601219177246, \"compression_ratio\": 1.6151078939437866, \"no_speech_prob\": 0.016643252223730087}, {\"id\": 3, \"seek\": 0, \"start\": 14.0, \"end\": 20.0, \"text\": \" But I never got better because I wasn't going out and approaching women and getting rejected.\", \"tokens\": [51064, 583, 286, 1128, 658, 1101, 570, 286, 2067, 380, 516, 484, 293, 14908, 2266, 293, 1242, 15749, 13, 51364], \"temperature\": 0.0, \"avg_logprob\": -0.24126601219177246, \"compression_ratio\": 1.6151078939437866, \"no_speech_prob\": 0.016643252223730087}, {\"id\": 4, \"seek\": 0, \"start\": 20.0, \"end\": 26.0, \"text\": \" Everything changed when I started putting my ass in the line and actually going up to talk to girls.\", \"tokens\": [51364, 5471, 3105, 562, 286, 1409, 3372, 452, 1256, 294, 264, 1622, 293, 767, 516, 493, 281, 751, 281, 4519, 13, 51664], \"temperature\": 0.0, \"avg_logprob\": -0.24126601219177246, \"compression_ratio\": 1.6151078939437866, \"no_speech_prob\": 0.016643252223730087}, {\"id\": 5, \"seek\": 2600, \"start\": 26.0, \"end\": 32.0, \"text\": \" You can hide behind a computer screen all you want, but you're never going to actually improve until you get out and take a risk.\", \"tokens\": [50364, 509, 393, 6479, 2261, 257, 3820, 2568, 439, 291, 528, 11, 457, 291, 434, 1128, 516, 281, 767, 3470, 1826, 291, 483, 484, 293, 747, 257, 3148, 13, 50664], \"temperature\": 0.0, \"avg_logprob\": -0.18488752841949463, \"compression_ratio\": 1.675675630569458, \"no_speech_prob\": 0.00757000595331192}, {\"id\": 6, \"seek\": 2600, \"start\": 32.0, \"end\": 39.0, \"text\": \" If you're feeling a little bit stuck or you just want to optimize and step up your game, we've opened up a few spots in our Inner Confidence community.\", \"tokens\": [50664, 759, 291, 434, 2633, 257, 707, 857, 5541, 420, 291, 445, 528, 281, 19719, 293, 1823, 493, 428, 1216, 11, 321, 600, 5625, 493, 257, 1326, 10681, 294, 527, 36705, 11701, 2778, 1768, 13, 51014], \"temperature\": 0.0, \"avg_logprob\": -0.18488752841949463, \"compression_ratio\": 1.675675630569458, \"no_speech_prob\": 0.00757000595331192}, {\"id\": 7, \"seek\": 2600, \"start\": 39.0, \"end\": 51.0, \"text\": \" We're accepting applications if you want to join our select group of men and experience a radical power of accountability, cross everything off your sexual bucket list, and just become a beast who gets more stuff done.\", \"tokens\": [51014, 492, 434, 17391, 5821, 498, 291, 528, 281, 3917, 527, 3048, 1594, 295, 1706, 293, 1752, 257, 12001, 1347, 295, 19380, 11, 3278, 1203, 766, 428, 6701, 13058, 1329, 11, 293, 445, 1813, 257, 13464, 567, 2170, 544, 1507, 1096, 13, 51614], \"temperature\": 0.0, \"avg_logprob\": -0.18488752841949463, \"compression_ratio\": 1.675675630569458, \"no_speech_prob\": 0.00757000595331192}, {\"id\": 8, \"seek\": 2600, \"start\": 51.0, \"end\": 55.0, \"text\": \" To learn more and apply, go to start.innerconfidence.com.\", \"tokens\": [51614, 1407, 1466, 544, 293, 3079, 11, 352, 281, 722, 13, 19166, 47273, 13, 1112, 13, 51814], \"temperature\": 0.0, \"avg_logprob\": -0.18488752841949463, \"compression_ratio\": 1.675675630569458, \"no_speech_prob\": 0.00757000595331192}]}"}