{"title": "The best tactic for inviting people to your events to create urgency and scarcity.", "video_id": "Dh02K4Kkv7I", "video_url": "https://www.youtube.com/watch?v=Dh02K4Kkv7I", "description": "", "published_at": "2023-05-25T17:06:18Z", "channel_id": "UC0O-ohYDF4P66HW9XJ4Us8w", "channel_title": "Robbie Kramer", "tags": [], "category_id": "24", "live_broadcast_content": "none", "duration": 47.0, "dimension": "2d", "definition": "hd", "caption": "false", "view_count": 86, "like_count": 1, "comment_count": 0, "channel_info": {"title": "Robbie Kramer", "description": "I'm Robbie Kramer \ud83c\udf99Host of The Inner Confidence Podcast & Founder of Inner Confidence, Inc.\n\nI lived an exhilarating single life filled with adventures and lessons, and ultimately achieved what I had always aspired to \u2013 finding an amazing, feminine, and loving wife. \n\nI believe my experiences provide a rare balance of wild freedom and committed love, equipping me with the insights to help you navigate the complexities of dating and relationships in today's world. Let me guide you to embrace your desires, improve your social prowess, and ultimately attract the partner who aligns with your highest aspirations.\n\nYou won\u2019t find any fluffy, new-age, or cringy stuff here, just tested, proven and actionable advice that yields results.\n\nApply to join our exclusive Inner Confidence Community of ambitious men who are actively working together to achieve their goals faster   \u25ba https://innerconfidence.com/community\n\nYou can email me at robbie@innerconfidence.com with any questions or comments.\n", "subscriber_count": "1270", "total_views": "604693", "total_videos": "470"}, "comments": [], "file_path": "/Users/aelaguiz/workspace/fc_book/audio/raws/Dh02K4Kkv7I.mp3", "transcription": "{\"text\": \"you know, high-end social circle stuff. I mean, I think what we mentioned as far as like an expiring invite, right? When you're sending multiple invites out, if there's that sense of urgency and just being honest about the fact that like, listen, it's cool if you don't respond to this, but I'm gonna give the seat away, right? Like, I think that solves a lot of the issues there. A lot of this stuff couples really well with social circle, right, or social media. Like for me, that sort of stuff works really well because the girls follow me on IG and then they see the other girls that went instead of them, right? Like, and so it's like, it's not empty and they absolutely realize that I've got options. So these things really pair nicely. \", \"segments\": [{\"id\": 0, \"seek\": 0, \"start\": 0.0, \"end\": 1.6399999856948853, \"text\": \" you know, high-end social circle stuff.\", \"tokens\": [50364, 291, 458, 11, 1090, 12, 521, 2093, 6329, 1507, 13, 50446], \"temperature\": 0.0, \"avg_logprob\": -0.2212662398815155, \"compression_ratio\": 1.6690647602081299, \"no_speech_prob\": 0.07261594384908676}, {\"id\": 1, \"seek\": 0, \"start\": 1.6399999856948853, \"end\": 4.199999809265137, \"text\": \" I mean, I think what we mentioned\", \"tokens\": [50446, 286, 914, 11, 286, 519, 437, 321, 2835, 50574], \"temperature\": 0.0, \"avg_logprob\": -0.2212662398815155, \"compression_ratio\": 1.6690647602081299, \"no_speech_prob\": 0.07261594384908676}, {\"id\": 2, \"seek\": 0, \"start\": 4.199999809265137, \"end\": 9.0, \"text\": \" as far as like an expiring invite, right?\", \"tokens\": [50574, 382, 1400, 382, 411, 364, 1278, 5057, 7980, 11, 558, 30, 50814], \"temperature\": 0.0, \"avg_logprob\": -0.2212662398815155, \"compression_ratio\": 1.6690647602081299, \"no_speech_prob\": 0.07261594384908676}, {\"id\": 3, \"seek\": 0, \"start\": 9.0, \"end\": 10.720000267028809, \"text\": \" When you're sending multiple invites out,\", \"tokens\": [50814, 1133, 291, 434, 7750, 3866, 35719, 484, 11, 50900], \"temperature\": 0.0, \"avg_logprob\": -0.2212662398815155, \"compression_ratio\": 1.6690647602081299, \"no_speech_prob\": 0.07261594384908676}, {\"id\": 4, \"seek\": 0, \"start\": 10.720000267028809, \"end\": 12.34000015258789, \"text\": \" if there's that sense of urgency\", \"tokens\": [50900, 498, 456, 311, 300, 2020, 295, 29734, 50981], \"temperature\": 0.0, \"avg_logprob\": -0.2212662398815155, \"compression_ratio\": 1.6690647602081299, \"no_speech_prob\": 0.07261594384908676}, {\"id\": 5, \"seek\": 0, \"start\": 12.34000015258789, \"end\": 14.15999984741211, \"text\": \" and just being honest about the fact that like,\", \"tokens\": [50981, 293, 445, 885, 3245, 466, 264, 1186, 300, 411, 11, 51072], \"temperature\": 0.0, \"avg_logprob\": -0.2212662398815155, \"compression_ratio\": 1.6690647602081299, \"no_speech_prob\": 0.07261594384908676}, {\"id\": 6, \"seek\": 0, \"start\": 14.15999984741211, \"end\": 16.079999923706055, \"text\": \" listen, it's cool if you don't respond to this,\", \"tokens\": [51072, 2140, 11, 309, 311, 1627, 498, 291, 500, 380, 4196, 281, 341, 11, 51168], \"temperature\": 0.0, \"avg_logprob\": -0.2212662398815155, \"compression_ratio\": 1.6690647602081299, \"no_speech_prob\": 0.07261594384908676}, {\"id\": 7, \"seek\": 0, \"start\": 16.079999923706055, \"end\": 18.84000015258789, \"text\": \" but I'm gonna give the seat away, right?\", \"tokens\": [51168, 457, 286, 478, 799, 976, 264, 6121, 1314, 11, 558, 30, 51306], \"temperature\": 0.0, \"avg_logprob\": -0.2212662398815155, \"compression_ratio\": 1.6690647602081299, \"no_speech_prob\": 0.07261594384908676}, {\"id\": 8, \"seek\": 0, \"start\": 18.84000015258789, \"end\": 22.719999313354492, \"text\": \" Like, I think that solves a lot of the issues there.\", \"tokens\": [51306, 1743, 11, 286, 519, 300, 39890, 257, 688, 295, 264, 2663, 456, 13, 51500], \"temperature\": 0.0, \"avg_logprob\": -0.2212662398815155, \"compression_ratio\": 1.6690647602081299, \"no_speech_prob\": 0.07261594384908676}, {\"id\": 9, \"seek\": 0, \"start\": 22.719999313354492, \"end\": 24.520000457763672, \"text\": \" A lot of this stuff couples really well\", \"tokens\": [51500, 316, 688, 295, 341, 1507, 20368, 534, 731, 51590], \"temperature\": 0.0, \"avg_logprob\": -0.2212662398815155, \"compression_ratio\": 1.6690647602081299, \"no_speech_prob\": 0.07261594384908676}, {\"id\": 10, \"seek\": 0, \"start\": 24.520000457763672, \"end\": 27.31999969482422, \"text\": \" with social circle, right, or social media.\", \"tokens\": [51590, 365, 2093, 6329, 11, 558, 11, 420, 2093, 3021, 13, 51730], \"temperature\": 0.0, \"avg_logprob\": -0.2212662398815155, \"compression_ratio\": 1.6690647602081299, \"no_speech_prob\": 0.07261594384908676}, {\"id\": 11, \"seek\": 2732, \"start\": 27.31999969482422, \"end\": 31.479999542236328, \"text\": \" Like for me, that sort of stuff works really well\", \"tokens\": [50364, 1743, 337, 385, 11, 300, 1333, 295, 1507, 1985, 534, 731, 50572], \"temperature\": 0.0, \"avg_logprob\": -0.28513211011886597, \"compression_ratio\": 1.5219780206680298, \"no_speech_prob\": 6.708966247970238e-05}, {\"id\": 12, \"seek\": 2732, \"start\": 31.479999542236328, \"end\": 32.880001068115234, \"text\": \" because the girls follow me on IG\", \"tokens\": [50572, 570, 264, 4519, 1524, 385, 322, 26367, 50642], \"temperature\": 0.0, \"avg_logprob\": -0.28513211011886597, \"compression_ratio\": 1.5219780206680298, \"no_speech_prob\": 6.708966247970238e-05}, {\"id\": 13, \"seek\": 2732, \"start\": 32.880001068115234, \"end\": 34.439998626708984, \"text\": \" and then they see the other girls\", \"tokens\": [50642, 293, 550, 436, 536, 264, 661, 4519, 50720], \"temperature\": 0.0, \"avg_logprob\": -0.28513211011886597, \"compression_ratio\": 1.5219780206680298, \"no_speech_prob\": 6.708966247970238e-05}, {\"id\": 14, \"seek\": 2732, \"start\": 34.439998626708984, \"end\": 36.08000183105469, \"text\": \" that went instead of them, right?\", \"tokens\": [50720, 300, 1437, 2602, 295, 552, 11, 558, 30, 50802], \"temperature\": 0.0, \"avg_logprob\": -0.28513211011886597, \"compression_ratio\": 1.5219780206680298, \"no_speech_prob\": 6.708966247970238e-05}, {\"id\": 15, \"seek\": 2732, \"start\": 36.08000183105469, \"end\": 41.08000183105469, \"text\": \" Like, and so it's like, it's not empty\", \"tokens\": [50802, 1743, 11, 293, 370, 309, 311, 411, 11, 309, 311, 406, 6707, 51052], \"temperature\": 0.0, \"avg_logprob\": -0.28513211011886597, \"compression_ratio\": 1.5219780206680298, \"no_speech_prob\": 6.708966247970238e-05}, {\"id\": 16, \"seek\": 2732, \"start\": 41.2400016784668, \"end\": 43.880001068115234, \"text\": \" and they absolutely realize that I've got options.\", \"tokens\": [51060, 293, 436, 3122, 4325, 300, 286, 600, 658, 3956, 13, 51192], \"temperature\": 0.0, \"avg_logprob\": -0.28513211011886597, \"compression_ratio\": 1.5219780206680298, \"no_speech_prob\": 6.708966247970238e-05}, {\"id\": 17, \"seek\": 2732, \"start\": 43.880001068115234, \"end\": 45.68000030517578, \"text\": \" So these things really pair nicely.\", \"tokens\": [51192, 407, 613, 721, 534, 6119, 9594, 13, 51282], \"temperature\": 0.0, \"avg_logprob\": -0.28513211011886597, \"compression_ratio\": 1.5219780206680298, \"no_speech_prob\": 6.708966247970238e-05}]}"}