{"title": "Cameron Testimonial", "video_id": "DKe7sQwCzqM", "video_url": "https://www.youtube.com/watch?v=DKe7sQwCzqM", "description": " ", "published_at": "2011-08-15T22:52:30Z", "channel_id": "UC0O-ohYDF4P66HW9XJ4Us8w", "channel_title": "Robbie Kramer", "tags": ["Cameron", "Harris"], "category_id": "26", "live_broadcast_content": "none", "duration": 38.0, "dimension": "2d", "definition": "sd", "caption": "false", "view_count": 196, "like_count": 0, "comment_count": 0, "channel_info": {"title": "Robbie Kramer", "description": "I'm Robbie Kramer \ud83c\udf99Host of The Inner Confidence Podcast & Founder of Inner Confidence, Inc.\n\nI lived an exhilarating single life filled with adventures and lessons, and ultimately achieved what I had always aspired to \u2013 finding an amazing, feminine, and loving wife. \n\nI believe my experiences provide a rare balance of wild freedom and committed love, equipping me with the insights to help you navigate the complexities of dating and relationships in today's world. Let me guide you to embrace your desires, improve your social prowess, and ultimately attract the partner who aligns with your highest aspirations.\n\nYou won\u2019t find any fluffy, new-age, or cringy stuff here, just tested, proven and actionable advice that yields results.\n\nApply to join our exclusive Inner Confidence Community of ambitious men who are actively working together to achieve their goals faster   \u25ba https://innerconfidence.com/community\n\nYou can email me at robbie@innerconfidence.com with any questions or comments.\n", "subscriber_count": "1270", "total_views": "604693", "total_videos": "470"}, "comments": [], "file_path": "/Users/aelaguiz/workspace/fc_book/audio/raws/DKe7sQwCzqM.mp3", "transcription": "{\"text\": \"Hi, I'm Cameron, and I think this is either my second or third workshop with Interconfidence. And this has definitely been one of my favorite ones. I feel like this was the best one I experienced. And things that I never thought were possible have been becoming a reality, and my confidence has just skyrocketed. And I'm really excited with the techniques I learned for Confidence here and how it's changing my life. And it's just been awesome. \", \"segments\": [{\"id\": 0, \"seek\": 0, \"start\": 0.0, \"end\": 8.0, \"text\": \" Hi, I'm Cameron, and I think this is either my second or third workshop with Interconfidence.\", \"tokens\": [50364, 2421, 11, 286, 478, 24962, 11, 293, 286, 519, 341, 307, 2139, 452, 1150, 420, 2636, 13541, 365, 5751, 1671, 69, 2778, 13, 50764], \"temperature\": 0.0, \"avg_logprob\": -0.3204474449157715, \"compression_ratio\": 1.5369458198547363, \"no_speech_prob\": 0.03941657021641731}, {\"id\": 1, \"seek\": 0, \"start\": 8.0, \"end\": 15.0, \"text\": \" And this has definitely been one of my favorite ones. I feel like this was the best one I experienced.\", \"tokens\": [50764, 400, 341, 575, 2138, 668, 472, 295, 452, 2954, 2306, 13, 286, 841, 411, 341, 390, 264, 1151, 472, 286, 6751, 13, 51114], \"temperature\": 0.0, \"avg_logprob\": -0.3204474449157715, \"compression_ratio\": 1.5369458198547363, \"no_speech_prob\": 0.03941657021641731}, {\"id\": 2, \"seek\": 0, \"start\": 15.0, \"end\": 25.0, \"text\": \" And things that I never thought were possible have been becoming a reality, and my confidence has just skyrocketed.\", \"tokens\": [51114, 400, 721, 300, 286, 1128, 1194, 645, 1944, 362, 668, 5617, 257, 4103, 11, 293, 452, 6687, 575, 445, 5443, 37463, 292, 13, 51614], \"temperature\": 0.0, \"avg_logprob\": -0.3204474449157715, \"compression_ratio\": 1.5369458198547363, \"no_speech_prob\": 0.03941657021641731}, {\"id\": 3, \"seek\": 2500, \"start\": 25.0, \"end\": 35.0, \"text\": \" And I'm really excited with the techniques I learned for Confidence here and how it's changing my life.\", \"tokens\": [50364, 400, 286, 478, 534, 2919, 365, 264, 7512, 286, 3264, 337, 11701, 2778, 510, 293, 577, 309, 311, 4473, 452, 993, 13, 50864], \"temperature\": 0.0, \"avg_logprob\": -0.22228766977787018, \"compression_ratio\": 1.2018349170684814, \"no_speech_prob\": 0.00016056516324169934}, {\"id\": 4, \"seek\": 2500, \"start\": 35.0, \"end\": 37.0, \"text\": \" And it's just been awesome.\", \"tokens\": [50864, 400, 309, 311, 445, 668, 3476, 13, 50964], \"temperature\": 0.0, \"avg_logprob\": -0.22228766977787018, \"compression_ratio\": 1.2018349170684814, \"no_speech_prob\": 0.00016056516324169934}]}"}