{"title": "How to lose weight while still enjoying a dating and social life", "video_id": "dLM1NcBaGzs", "video_url": "https://www.youtube.com/watch?v=dLM1NcBaGzs", "description": "", "published_at": "2023-05-18T00:43:00Z", "channel_id": "UC0O-ohYDF4P66HW9XJ4Us8w", "channel_title": "Robbie Kramer", "tags": [], "category_id": "24", "live_broadcast_content": "none", "duration": 47.0, "dimension": "2d", "definition": "hd", "caption": "false", "view_count": 51, "like_count": 1, "comment_count": 0, "channel_info": {"title": "Robbie Kramer", "description": "I'm Robbie Kramer \ud83c\udf99Host of The Inner Confidence Podcast & Founder of Inner Confidence, Inc.\n\nI lived an exhilarating single life filled with adventures and lessons, and ultimately achieved what I had always aspired to \u2013 finding an amazing, feminine, and loving wife. \n\nI believe my experiences provide a rare balance of wild freedom and committed love, equipping me with the insights to help you navigate the complexities of dating and relationships in today's world. Let me guide you to embrace your desires, improve your social prowess, and ultimately attract the partner who aligns with your highest aspirations.\n\nYou won\u2019t find any fluffy, new-age, or cringy stuff here, just tested, proven and actionable advice that yields results.\n\nApply to join our exclusive Inner Confidence Community of ambitious men who are actively working together to achieve their goals faster   \u25ba https://innerconfidence.com/community\n\nYou can email me at robbie@innerconfidence.com with any questions or comments.\n", "subscriber_count": "1270", "total_views": "604693", "total_videos": "470"}, "comments": [], "file_path": "/Users/aelaguiz/workspace/fc_book/audio/raws/dLM1NcBaGzs.mp3", "transcription": "{\"text\": \"Even the days where the calories were high, it's like, if I spend too much money two days out of the week, but I make more money in the other five, if I, if I finish the week in the green, it's all good. And like, it's, it's the same with your, with your fat loss, you know? So if you're someone who goes out on a date, say every, every Thursday and every Sunday, right? Good, good dating days that are not clashing with a weekend plans on Fridays and Saturdays. But if you're a guy who goes on a date every Thursday and every Sunday, and you maybe go out and have some food and two or three drinks or whatever you do, you can simply just account for those as being higher days. So say your, your target is 2000 calories per day, seven days. \", \"segments\": [{\"id\": 0, \"seek\": 0, \"start\": 0.0, \"end\": 5.360000133514404, \"text\": \" Even the days where the calories were high, it's like, if I spend too much money two days\", \"tokens\": [50364, 2754, 264, 1708, 689, 264, 14904, 645, 1090, 11, 309, 311, 411, 11, 498, 286, 3496, 886, 709, 1460, 732, 1708, 50632], \"temperature\": 0.0, \"avg_logprob\": -0.2496250718832016, \"compression_ratio\": 1.7303370237350464, \"no_speech_prob\": 0.0006461570737883449}, {\"id\": 1, \"seek\": 0, \"start\": 5.360000133514404, \"end\": 10.119999885559082, \"text\": \" out of the week, but I make more money in the other five, if I, if I finish the week\", \"tokens\": [50632, 484, 295, 264, 1243, 11, 457, 286, 652, 544, 1460, 294, 264, 661, 1732, 11, 498, 286, 11, 498, 286, 2413, 264, 1243, 50870], \"temperature\": 0.0, \"avg_logprob\": -0.2496250718832016, \"compression_ratio\": 1.7303370237350464, \"no_speech_prob\": 0.0006461570737883449}, {\"id\": 2, \"seek\": 0, \"start\": 10.119999885559082, \"end\": 12.4399995803833, \"text\": \" in the green, it's all good.\", \"tokens\": [50870, 294, 264, 3092, 11, 309, 311, 439, 665, 13, 50986], \"temperature\": 0.0, \"avg_logprob\": -0.2496250718832016, \"compression_ratio\": 1.7303370237350464, \"no_speech_prob\": 0.0006461570737883449}, {\"id\": 3, \"seek\": 0, \"start\": 12.4399995803833, \"end\": 17.780000686645508, \"text\": \" And like, it's, it's the same with your, with your fat loss, you know?\", \"tokens\": [50986, 400, 411, 11, 309, 311, 11, 309, 311, 264, 912, 365, 428, 11, 365, 428, 4046, 4470, 11, 291, 458, 30, 51253], \"temperature\": 0.0, \"avg_logprob\": -0.2496250718832016, \"compression_ratio\": 1.7303370237350464, \"no_speech_prob\": 0.0006461570737883449}, {\"id\": 4, \"seek\": 0, \"start\": 17.780000686645508, \"end\": 22.280000686645508, \"text\": \" So if you're someone who goes out on a date, say every, every Thursday and every Sunday,\", \"tokens\": [51253, 407, 498, 291, 434, 1580, 567, 1709, 484, 322, 257, 4002, 11, 584, 633, 11, 633, 10383, 293, 633, 7776, 11, 51478], \"temperature\": 0.0, \"avg_logprob\": -0.2496250718832016, \"compression_ratio\": 1.7303370237350464, \"no_speech_prob\": 0.0006461570737883449}, {\"id\": 5, \"seek\": 0, \"start\": 22.280000686645508, \"end\": 23.280000686645508, \"text\": \" right?\", \"tokens\": [51478, 558, 30, 51528], \"temperature\": 0.0, \"avg_logprob\": -0.2496250718832016, \"compression_ratio\": 1.7303370237350464, \"no_speech_prob\": 0.0006461570737883449}, {\"id\": 6, \"seek\": 0, \"start\": 23.280000686645508, \"end\": 27.760000228881836, \"text\": \" Good, good dating days that are not clashing with a weekend plans on Fridays and Saturdays.\", \"tokens\": [51528, 2205, 11, 665, 10689, 1708, 300, 366, 406, 596, 11077, 365, 257, 6711, 5482, 322, 46306, 293, 8803, 82, 13, 51752], \"temperature\": 0.0, \"avg_logprob\": -0.2496250718832016, \"compression_ratio\": 1.7303370237350464, \"no_speech_prob\": 0.0006461570737883449}, {\"id\": 7, \"seek\": 2776, \"start\": 27.760000228881836, \"end\": 32.400001525878906, \"text\": \" But if you're a guy who goes on a date every Thursday and every Sunday, and you maybe go\", \"tokens\": [50364, 583, 498, 291, 434, 257, 2146, 567, 1709, 322, 257, 4002, 633, 10383, 293, 633, 7776, 11, 293, 291, 1310, 352, 50596], \"temperature\": 0.0, \"avg_logprob\": -0.22843146324157715, \"compression_ratio\": 1.4946236610412598, \"no_speech_prob\": 0.02128245308995247}, {\"id\": 8, \"seek\": 2776, \"start\": 32.400001525878906, \"end\": 39.47999954223633, \"text\": \" out and have some food and two or three drinks or whatever you do, you can simply just account\", \"tokens\": [50596, 484, 293, 362, 512, 1755, 293, 732, 420, 1045, 12142, 420, 2035, 291, 360, 11, 291, 393, 2935, 445, 2696, 50950], \"temperature\": 0.0, \"avg_logprob\": -0.22843146324157715, \"compression_ratio\": 1.4946236610412598, \"no_speech_prob\": 0.02128245308995247}, {\"id\": 9, \"seek\": 2776, \"start\": 39.47999954223633, \"end\": 41.560001373291016, \"text\": \" for those as being higher days.\", \"tokens\": [50950, 337, 729, 382, 885, 2946, 1708, 13, 51054], \"temperature\": 0.0, \"avg_logprob\": -0.22843146324157715, \"compression_ratio\": 1.4946236610412598, \"no_speech_prob\": 0.02128245308995247}, {\"id\": 10, \"seek\": 2776, \"start\": 41.560001373291016, \"end\": 46.08000183105469, \"text\": \" So say your, your target is 2000 calories per day, seven days.\", \"tokens\": [51054, 407, 584, 428, 11, 428, 3779, 307, 8132, 14904, 680, 786, 11, 3407, 1708, 13, 51280], \"temperature\": 0.0, \"avg_logprob\": -0.22843146324157715, \"compression_ratio\": 1.4946236610412598, \"no_speech_prob\": 0.02128245308995247}]}"}