{"title": "The Tragic Mistake Most Men Make On Party Trips (Coachella, Festivals, Hamptons, etc...)", "video_id": "dnob6pX7Uuw", "video_url": "https://www.youtube.com/watch?v=dnob6pX7Uuw", "description": "To listen to more episodes of the Inner Confidence Podcast, visit the links below:\nWebsite: https://innerconfidence.com/podcast/\niTunes:https://podcasts.apple.com/us/podcast/inner-confidence-podcast/id986699444 \nSpotify: https://open.spotify.com/show/2zkWuTnt7whvnR6CO6oNPV\nRSS: https://innerconfidence.com/series/leverage-podcast/feed/\n\nAnd if you're interested in learning more about my coaching services and connecting with me, check out these links:\nLinkTree: https://linktr.ee/Robbiekramer\nMain Site: https://innerconfidence.com/\nInstagram: https://www.instagram.com/robbie_kramer/\nTikTok: https://www.tiktok.com/@robbie.kramer\nYouTube: https://www.youtube.com/innerconfidence\n\nThank you for tuning in, and I look forward to helping you build your inner confidence and achieve success!\nJoin us : https://innerconfidence.com/leverage/\nBook a call with Robbie: https://start.innerconfidence.com/video1\n\n#flirting #personaldevelopment #selfimprovement #innerconfidencepodcast #podcast #coaching #success #motivation #inspiration #mindset #datingcoach #relationshipgoals #confidencecoach #selfimprovement #successfulmen", "published_at": "2023-08-10T15:51:15Z", "channel_id": "UC0O-ohYDF4P66HW9XJ4Us8w", "channel_title": "Robbie Kramer", "tags": [], "category_id": "24", "live_broadcast_content": "none", "duration": 293.0, "dimension": "2d", "definition": "hd", "caption": "false", "view_count": 204, "like_count": 2, "comment_count": 2, "channel_info": {"title": "Robbie Kramer", "description": "I'm Robbie Kramer \ud83c\udf99Host of The Inner Confidence Podcast & Founder of Inner Confidence, Inc.\n\nI lived an exhilarating single life filled with adventures and lessons, and ultimately achieved what I had always aspired to \u2013 finding an amazing, feminine, and loving wife. \n\nI believe my experiences provide a rare balance of wild freedom and committed love, equipping me with the insights to help you navigate the complexities of dating and relationships in today's world. Let me guide you to embrace your desires, improve your social prowess, and ultimately attract the partner who aligns with your highest aspirations.\n\nYou won\u2019t find any fluffy, new-age, or cringy stuff here, just tested, proven and actionable advice that yields results.\n\nApply to join our exclusive Inner Confidence Community of ambitious men who are actively working together to achieve their goals faster   \u25ba https://innerconfidence.com/community\n\nYou can email me at robbie@innerconfidence.com with any questions or comments.\n", "subscriber_count": "1270", "total_views": "604693", "total_videos": "470"}, "comments": [], "file_path": "/Users/aelaguiz/workspace/fc_book/audio/raws/dnob6pX7Uuw.mp3", "transcription": "{\"text\": \"The promoter was like, I'll grab girls from all over Europe, fly them in, and we'll just do like a two week party trip. And we're like, fuck yeah, that sounds awesome. It was like during the summer, and it was just a fun thing we were gonna do. We kind of like picked the girls beforehand, even we had like a roster that we were gonna. And what happened was I showed up two days late because I was actually like running a seminar or something or giving a talk, I think. And when I got there, we had this super dope like Airbnb in the middle of Paris, like, you know, close to Champs-Elysees. But all the bedrooms were taken, like my buddy and the promoter each took a bedroom. The girls took like two different bedrooms and I couldn't just like kick them all out. So I was like the loser with no bedroom. So that was the first problem. The second problem was I wanted to like play catch up, so I got too drunk the first night. And I ended up like trying to hook up with like the ugliest girl who then like totally dissed me because I couldn't get it up, I was too whiskey dicked. And then she told like all the other girls what a loser I was. So I was just like for the first five days of the trip, I didn't really know that that had happened. I didn't know she told all the other girls, but later it came out. So I had no status because I had no bedroom. I was, you know, the thirsty idiot again. And it was just like, what the fuck? So luckily it was like a revolving, you know, door of girls, like we said. So like some left, another one came, this other girl came who I was like, okay, cool. New girl, I have a fresh shot with her. And so her and I like, I thought we were hitting it off. We'd be like walking arm in arm during the day, during the city, like she wouldn't really hold my hand, but she'd like interlace her like elbows, if that makes sense, right? And then like the first night she was like, hey, will you come like cuddle with me? So I'm like, oh, I guess I'm in, right? So we're like cuddling, I try to escalate, but we're not getting anywhere and I couldn't even kiss her. And you know, I was still kind of cock blocked with all the other girls because of the, you know, bullshit I tried earlier. So for the next week, I'm just like waiting every night, like maybe she'll be ready, maybe she'll be ready, maybe she'll be ready. And if the trip comes, she's not. And I assume it was like, oh, maybe, you know, I don't know why she's not just, maybe she's just like, she's interested, but she's slow. So I invite her to come to LA, like two months later, she shows up three days in, still the same bullshit cuddling and then I got an invite from another promoter. He's like, come out to the bar, bring that girl. And I'm like, this is bullshit. Cause I know this guy, this guy was like a total shark. This guy hooked up with every girl he could, like he'd steal girls from everybody. I'm like, dude, I'm not going, you're just going to try to like steal this girl from me. He's like, dude, no, I'm coming. I'm like, I'm coming with my girlfriend. We're like monogamous now, like just come out. Like I, so against my better judgment, I go out and I'm like, there's no way this girl is going to like hook up with this guy because like, she's such a good girl. Right. So wait, you were still kind of in the phase of like figuring all this out. Yeah, this is all the figuring out phase. And you're like, and you're just getting absolutely slammed consistently with like rejection after rejection or like, oh man, this is, this is brutal. Yeah. So this is probably the, this was like the worst part. So I go to the bathroom, I come out, he's making out with my girl and his girl, literally within like, I'm gone for maybe 30 seconds, making out and my like jaw hit the ground. I'm like that girl, there's no fucking way. She was like such a perfect angel. And I reverted back to like all my nice guy ways. They went home, they had a threesome. I was just like, what the fuck? Like what's again, like what the fuck is wrong with me? How could it, how, dude. And so, and it was then that I realized that like, I didn't quite have the status of like, the problem was I was just kind of like pigeonholed with that group of guys. Like I had the lowest status of all the guys, any girl who came into that scene quickly kind of figured that out. Cause it's like these social hierarchies. And so I could kind of pick off like the bottom girls, but like I wasn't getting access. I wasn't succeeding with the hottest girls. That's when I realized like, all right, I gotta kind of start my own thing. And I gotta like get out of this. I gotta kill this nice guy shit once and for all. I gotta stop like simping when it comes to these really hot girls. And so I basically like, that was like summer of 2018. I love Europe, have family from Ukraine. So I was like, fuck it, I'm gonna go to Eastern Europe and try to just like hang out there all summer, see what happens. I'll come back, whatever. It's kind of just like, I needed to like remove myself from that whole situation. Cause I would just, I just felt like shit. I didn't know what was wrong. \", \"segments\": [{\"id\": 0, \"seek\": 0, \"start\": 0.0, \"end\": 2.859999895095825, \"text\": \" The promoter was like, I'll grab girls from all over Europe,\", \"tokens\": [50364, 440, 6609, 260, 390, 411, 11, 286, 603, 4444, 4519, 490, 439, 670, 3315, 11, 50507], \"temperature\": 0.0, \"avg_logprob\": -0.2618388831615448, \"compression_ratio\": 1.7167831659317017, \"no_speech_prob\": 0.00064616440795362}, {\"id\": 1, \"seek\": 0, \"start\": 2.859999895095825, \"end\": 6.460000038146973, \"text\": \" fly them in, and we'll just do like a two week party trip.\", \"tokens\": [50507, 3603, 552, 294, 11, 293, 321, 603, 445, 360, 411, 257, 732, 1243, 3595, 4931, 13, 50687], \"temperature\": 0.0, \"avg_logprob\": -0.2618388831615448, \"compression_ratio\": 1.7167831659317017, \"no_speech_prob\": 0.00064616440795362}, {\"id\": 2, \"seek\": 0, \"start\": 6.460000038146973, \"end\": 8.300000190734863, \"text\": \" And we're like, fuck yeah, that sounds awesome.\", \"tokens\": [50687, 400, 321, 434, 411, 11, 3275, 1338, 11, 300, 3263, 3476, 13, 50779], \"temperature\": 0.0, \"avg_logprob\": -0.2618388831615448, \"compression_ratio\": 1.7167831659317017, \"no_speech_prob\": 0.00064616440795362}, {\"id\": 3, \"seek\": 0, \"start\": 8.300000190734863, \"end\": 9.5600004196167, \"text\": \" It was like during the summer,\", \"tokens\": [50779, 467, 390, 411, 1830, 264, 4266, 11, 50842], \"temperature\": 0.0, \"avg_logprob\": -0.2618388831615448, \"compression_ratio\": 1.7167831659317017, \"no_speech_prob\": 0.00064616440795362}, {\"id\": 4, \"seek\": 0, \"start\": 9.5600004196167, \"end\": 12.640000343322754, \"text\": \" and it was just a fun thing we were gonna do.\", \"tokens\": [50842, 293, 309, 390, 445, 257, 1019, 551, 321, 645, 799, 360, 13, 50996], \"temperature\": 0.0, \"avg_logprob\": -0.2618388831615448, \"compression_ratio\": 1.7167831659317017, \"no_speech_prob\": 0.00064616440795362}, {\"id\": 5, \"seek\": 0, \"start\": 12.640000343322754, \"end\": 14.399999618530273, \"text\": \" We kind of like picked the girls beforehand,\", \"tokens\": [50996, 492, 733, 295, 411, 6183, 264, 4519, 22893, 11, 51084], \"temperature\": 0.0, \"avg_logprob\": -0.2618388831615448, \"compression_ratio\": 1.7167831659317017, \"no_speech_prob\": 0.00064616440795362}, {\"id\": 6, \"seek\": 0, \"start\": 14.399999618530273, \"end\": 17.280000686645508, \"text\": \" even we had like a roster that we were gonna.\", \"tokens\": [51084, 754, 321, 632, 411, 257, 29892, 300, 321, 645, 799, 13, 51228], \"temperature\": 0.0, \"avg_logprob\": -0.2618388831615448, \"compression_ratio\": 1.7167831659317017, \"no_speech_prob\": 0.00064616440795362}, {\"id\": 7, \"seek\": 0, \"start\": 17.280000686645508, \"end\": 20.280000686645508, \"text\": \" And what happened was I showed up two days late\", \"tokens\": [51228, 400, 437, 2011, 390, 286, 4712, 493, 732, 1708, 3469, 51378], \"temperature\": 0.0, \"avg_logprob\": -0.2618388831615448, \"compression_ratio\": 1.7167831659317017, \"no_speech_prob\": 0.00064616440795362}, {\"id\": 8, \"seek\": 0, \"start\": 20.280000686645508, \"end\": 23.399999618530273, \"text\": \" because I was actually like running a seminar or something\", \"tokens\": [51378, 570, 286, 390, 767, 411, 2614, 257, 29235, 420, 746, 51534], \"temperature\": 0.0, \"avg_logprob\": -0.2618388831615448, \"compression_ratio\": 1.7167831659317017, \"no_speech_prob\": 0.00064616440795362}, {\"id\": 9, \"seek\": 0, \"start\": 23.399999618530273, \"end\": 24.959999084472656, \"text\": \" or giving a talk, I think.\", \"tokens\": [51534, 420, 2902, 257, 751, 11, 286, 519, 13, 51612], \"temperature\": 0.0, \"avg_logprob\": -0.2618388831615448, \"compression_ratio\": 1.7167831659317017, \"no_speech_prob\": 0.00064616440795362}, {\"id\": 10, \"seek\": 0, \"start\": 26.15999984741211, \"end\": 27.84000015258789, \"text\": \" And when I got there,\", \"tokens\": [51672, 400, 562, 286, 658, 456, 11, 51756], \"temperature\": 0.0, \"avg_logprob\": -0.2618388831615448, \"compression_ratio\": 1.7167831659317017, \"no_speech_prob\": 0.00064616440795362}, {\"id\": 11, \"seek\": 2784, \"start\": 27.84000015258789, \"end\": 31.239999771118164, \"text\": \" we had this super dope like Airbnb in the middle of Paris,\", \"tokens\": [50364, 321, 632, 341, 1687, 23383, 411, 38232, 294, 264, 2808, 295, 8380, 11, 50534], \"temperature\": 0.0, \"avg_logprob\": -0.22555720806121826, \"compression_ratio\": 1.7039711475372314, \"no_speech_prob\": 0.00035694657708518207}, {\"id\": 12, \"seek\": 2784, \"start\": 31.239999771118164, \"end\": 33.619998931884766, \"text\": \" like, you know, close to Champs-Elysees.\", \"tokens\": [50534, 411, 11, 291, 458, 11, 1998, 281, 9863, 82, 12, 36, 356, 405, 279, 13, 50653], \"temperature\": 0.0, \"avg_logprob\": -0.22555720806121826, \"compression_ratio\": 1.7039711475372314, \"no_speech_prob\": 0.00035694657708518207}, {\"id\": 13, \"seek\": 2784, \"start\": 33.619998931884766, \"end\": 35.119998931884766, \"text\": \" But all the bedrooms were taken,\", \"tokens\": [50653, 583, 439, 264, 39955, 645, 2726, 11, 50728], \"temperature\": 0.0, \"avg_logprob\": -0.22555720806121826, \"compression_ratio\": 1.7039711475372314, \"no_speech_prob\": 0.00035694657708518207}, {\"id\": 14, \"seek\": 2784, \"start\": 35.119998931884766, \"end\": 37.720001220703125, \"text\": \" like my buddy and the promoter each took a bedroom.\", \"tokens\": [50728, 411, 452, 10340, 293, 264, 6609, 260, 1184, 1890, 257, 11211, 13, 50858], \"temperature\": 0.0, \"avg_logprob\": -0.22555720806121826, \"compression_ratio\": 1.7039711475372314, \"no_speech_prob\": 0.00035694657708518207}, {\"id\": 15, \"seek\": 2784, \"start\": 37.720001220703125, \"end\": 40.0, \"text\": \" The girls took like two different bedrooms\", \"tokens\": [50858, 440, 4519, 1890, 411, 732, 819, 39955, 50972], \"temperature\": 0.0, \"avg_logprob\": -0.22555720806121826, \"compression_ratio\": 1.7039711475372314, \"no_speech_prob\": 0.00035694657708518207}, {\"id\": 16, \"seek\": 2784, \"start\": 40.0, \"end\": 41.7599983215332, \"text\": \" and I couldn't just like kick them all out.\", \"tokens\": [50972, 293, 286, 2809, 380, 445, 411, 4437, 552, 439, 484, 13, 51060], \"temperature\": 0.0, \"avg_logprob\": -0.22555720806121826, \"compression_ratio\": 1.7039711475372314, \"no_speech_prob\": 0.00035694657708518207}, {\"id\": 17, \"seek\": 2784, \"start\": 41.7599983215332, \"end\": 44.2400016784668, \"text\": \" So I was like the loser with no bedroom.\", \"tokens\": [51060, 407, 286, 390, 411, 264, 24606, 365, 572, 11211, 13, 51184], \"temperature\": 0.0, \"avg_logprob\": -0.22555720806121826, \"compression_ratio\": 1.7039711475372314, \"no_speech_prob\": 0.00035694657708518207}, {\"id\": 18, \"seek\": 2784, \"start\": 44.2400016784668, \"end\": 45.18000030517578, \"text\": \" So that was the first problem.\", \"tokens\": [51184, 407, 300, 390, 264, 700, 1154, 13, 51231], \"temperature\": 0.0, \"avg_logprob\": -0.22555720806121826, \"compression_ratio\": 1.7039711475372314, \"no_speech_prob\": 0.00035694657708518207}, {\"id\": 19, \"seek\": 2784, \"start\": 45.18000030517578, \"end\": 48.720001220703125, \"text\": \" The second problem was I wanted to like play catch up,\", \"tokens\": [51231, 440, 1150, 1154, 390, 286, 1415, 281, 411, 862, 3745, 493, 11, 51408], \"temperature\": 0.0, \"avg_logprob\": -0.22555720806121826, \"compression_ratio\": 1.7039711475372314, \"no_speech_prob\": 0.00035694657708518207}, {\"id\": 20, \"seek\": 2784, \"start\": 48.720001220703125, \"end\": 50.720001220703125, \"text\": \" so I got too drunk the first night.\", \"tokens\": [51408, 370, 286, 658, 886, 11192, 264, 700, 1818, 13, 51508], \"temperature\": 0.0, \"avg_logprob\": -0.22555720806121826, \"compression_ratio\": 1.7039711475372314, \"no_speech_prob\": 0.00035694657708518207}, {\"id\": 21, \"seek\": 2784, \"start\": 50.720001220703125, \"end\": 53.91999816894531, \"text\": \" And I ended up like trying to hook up\", \"tokens\": [51508, 400, 286, 4590, 493, 411, 1382, 281, 6328, 493, 51668], \"temperature\": 0.0, \"avg_logprob\": -0.22555720806121826, \"compression_ratio\": 1.7039711475372314, \"no_speech_prob\": 0.00035694657708518207}, {\"id\": 22, \"seek\": 5392, \"start\": 53.91999816894531, \"end\": 58.47999954223633, \"text\": \" with like the ugliest girl who then like totally dissed me\", \"tokens\": [50364, 365, 411, 264, 10743, 16850, 2013, 567, 550, 411, 3879, 7802, 292, 385, 50592], \"temperature\": 0.0, \"avg_logprob\": -0.2347845882177353, \"compression_ratio\": 1.839215636253357, \"no_speech_prob\": 0.1096930205821991}, {\"id\": 23, \"seek\": 5392, \"start\": 58.47999954223633, \"end\": 60.79999923706055, \"text\": \" because I couldn't get it up, I was too whiskey dicked.\", \"tokens\": [50592, 570, 286, 2809, 380, 483, 309, 493, 11, 286, 390, 886, 34648, 274, 12598, 13, 50708], \"temperature\": 0.0, \"avg_logprob\": -0.2347845882177353, \"compression_ratio\": 1.839215636253357, \"no_speech_prob\": 0.1096930205821991}, {\"id\": 24, \"seek\": 5392, \"start\": 60.79999923706055, \"end\": 62.279998779296875, \"text\": \" And then she told like all the other girls\", \"tokens\": [50708, 400, 550, 750, 1907, 411, 439, 264, 661, 4519, 50782], \"temperature\": 0.0, \"avg_logprob\": -0.2347845882177353, \"compression_ratio\": 1.839215636253357, \"no_speech_prob\": 0.1096930205821991}, {\"id\": 25, \"seek\": 5392, \"start\": 62.279998779296875, \"end\": 63.34000015258789, \"text\": \" what a loser I was.\", \"tokens\": [50782, 437, 257, 24606, 286, 390, 13, 50835], \"temperature\": 0.0, \"avg_logprob\": -0.2347845882177353, \"compression_ratio\": 1.839215636253357, \"no_speech_prob\": 0.1096930205821991}, {\"id\": 26, \"seek\": 5392, \"start\": 63.34000015258789, \"end\": 67.0, \"text\": \" So I was just like for the first five days of the trip,\", \"tokens\": [50835, 407, 286, 390, 445, 411, 337, 264, 700, 1732, 1708, 295, 264, 4931, 11, 51018], \"temperature\": 0.0, \"avg_logprob\": -0.2347845882177353, \"compression_ratio\": 1.839215636253357, \"no_speech_prob\": 0.1096930205821991}, {\"id\": 27, \"seek\": 5392, \"start\": 67.0, \"end\": 68.63999938964844, \"text\": \" I didn't really know that that had happened.\", \"tokens\": [51018, 286, 994, 380, 534, 458, 300, 300, 632, 2011, 13, 51100], \"temperature\": 0.0, \"avg_logprob\": -0.2347845882177353, \"compression_ratio\": 1.839215636253357, \"no_speech_prob\": 0.1096930205821991}, {\"id\": 28, \"seek\": 5392, \"start\": 68.63999938964844, \"end\": 70.27999877929688, \"text\": \" I didn't know she told all the other girls,\", \"tokens\": [51100, 286, 994, 380, 458, 750, 1907, 439, 264, 661, 4519, 11, 51182], \"temperature\": 0.0, \"avg_logprob\": -0.2347845882177353, \"compression_ratio\": 1.839215636253357, \"no_speech_prob\": 0.1096930205821991}, {\"id\": 29, \"seek\": 5392, \"start\": 70.27999877929688, \"end\": 71.63999938964844, \"text\": \" but later it came out.\", \"tokens\": [51182, 457, 1780, 309, 1361, 484, 13, 51250], \"temperature\": 0.0, \"avg_logprob\": -0.2347845882177353, \"compression_ratio\": 1.839215636253357, \"no_speech_prob\": 0.1096930205821991}, {\"id\": 30, \"seek\": 5392, \"start\": 71.63999938964844, \"end\": 73.83999633789062, \"text\": \" So I had no status because I had no bedroom.\", \"tokens\": [51250, 407, 286, 632, 572, 6558, 570, 286, 632, 572, 11211, 13, 51360], \"temperature\": 0.0, \"avg_logprob\": -0.2347845882177353, \"compression_ratio\": 1.839215636253357, \"no_speech_prob\": 0.1096930205821991}, {\"id\": 31, \"seek\": 5392, \"start\": 73.83999633789062, \"end\": 78.16000366210938, \"text\": \" I was, you know, the thirsty idiot again.\", \"tokens\": [51360, 286, 390, 11, 291, 458, 11, 264, 28115, 14270, 797, 13, 51576], \"temperature\": 0.0, \"avg_logprob\": -0.2347845882177353, \"compression_ratio\": 1.839215636253357, \"no_speech_prob\": 0.1096930205821991}, {\"id\": 32, \"seek\": 5392, \"start\": 78.16000366210938, \"end\": 80.55999755859375, \"text\": \" And it was just like, what the fuck?\", \"tokens\": [51576, 400, 309, 390, 445, 411, 11, 437, 264, 3275, 30, 51696], \"temperature\": 0.0, \"avg_logprob\": -0.2347845882177353, \"compression_ratio\": 1.839215636253357, \"no_speech_prob\": 0.1096930205821991}, {\"id\": 33, \"seek\": 8056, \"start\": 80.55999755859375, \"end\": 83.5199966430664, \"text\": \" So luckily it was like a revolving, you know,\", \"tokens\": [50364, 407, 22880, 309, 390, 411, 257, 16908, 798, 11, 291, 458, 11, 50512], \"temperature\": 0.0, \"avg_logprob\": -0.20966991782188416, \"compression_ratio\": 1.7692307233810425, \"no_speech_prob\": 0.004069845657795668}, {\"id\": 34, \"seek\": 8056, \"start\": 83.5199966430664, \"end\": 84.55999755859375, \"text\": \" door of girls, like we said.\", \"tokens\": [50512, 2853, 295, 4519, 11, 411, 321, 848, 13, 50564], \"temperature\": 0.0, \"avg_logprob\": -0.20966991782188416, \"compression_ratio\": 1.7692307233810425, \"no_speech_prob\": 0.004069845657795668}, {\"id\": 35, \"seek\": 8056, \"start\": 84.55999755859375, \"end\": 87.08000183105469, \"text\": \" So like some left, another one came,\", \"tokens\": [50564, 407, 411, 512, 1411, 11, 1071, 472, 1361, 11, 50690], \"temperature\": 0.0, \"avg_logprob\": -0.20966991782188416, \"compression_ratio\": 1.7692307233810425, \"no_speech_prob\": 0.004069845657795668}, {\"id\": 36, \"seek\": 8056, \"start\": 87.08000183105469, \"end\": 90.04000091552734, \"text\": \" this other girl came who I was like, okay, cool.\", \"tokens\": [50690, 341, 661, 2013, 1361, 567, 286, 390, 411, 11, 1392, 11, 1627, 13, 50838], \"temperature\": 0.0, \"avg_logprob\": -0.20966991782188416, \"compression_ratio\": 1.7692307233810425, \"no_speech_prob\": 0.004069845657795668}, {\"id\": 37, \"seek\": 8056, \"start\": 90.04000091552734, \"end\": 92.04000091552734, \"text\": \" New girl, I have a fresh shot with her.\", \"tokens\": [50838, 1873, 2013, 11, 286, 362, 257, 4451, 3347, 365, 720, 13, 50938], \"temperature\": 0.0, \"avg_logprob\": -0.20966991782188416, \"compression_ratio\": 1.7692307233810425, \"no_speech_prob\": 0.004069845657795668}, {\"id\": 38, \"seek\": 8056, \"start\": 93.08000183105469, \"end\": 95.63999938964844, \"text\": \" And so her and I like, I thought we were hitting it off.\", \"tokens\": [50990, 400, 370, 720, 293, 286, 411, 11, 286, 1194, 321, 645, 8850, 309, 766, 13, 51118], \"temperature\": 0.0, \"avg_logprob\": -0.20966991782188416, \"compression_ratio\": 1.7692307233810425, \"no_speech_prob\": 0.004069845657795668}, {\"id\": 39, \"seek\": 8056, \"start\": 95.63999938964844, \"end\": 97.55999755859375, \"text\": \" We'd be like walking arm in arm during the day,\", \"tokens\": [51118, 492, 1116, 312, 411, 4494, 3726, 294, 3726, 1830, 264, 786, 11, 51214], \"temperature\": 0.0, \"avg_logprob\": -0.20966991782188416, \"compression_ratio\": 1.7692307233810425, \"no_speech_prob\": 0.004069845657795668}, {\"id\": 40, \"seek\": 8056, \"start\": 97.55999755859375, \"end\": 99.4000015258789, \"text\": \" during the city, like she wouldn't really hold my hand,\", \"tokens\": [51214, 1830, 264, 2307, 11, 411, 750, 2759, 380, 534, 1797, 452, 1011, 11, 51306], \"temperature\": 0.0, \"avg_logprob\": -0.20966991782188416, \"compression_ratio\": 1.7692307233810425, \"no_speech_prob\": 0.004069845657795668}, {\"id\": 41, \"seek\": 8056, \"start\": 99.4000015258789, \"end\": 101.80000305175781, \"text\": \" but she'd like interlace her like elbows,\", \"tokens\": [51306, 457, 750, 1116, 411, 728, 19837, 720, 411, 26620, 11, 51426], \"temperature\": 0.0, \"avg_logprob\": -0.20966991782188416, \"compression_ratio\": 1.7692307233810425, \"no_speech_prob\": 0.004069845657795668}, {\"id\": 42, \"seek\": 8056, \"start\": 101.80000305175781, \"end\": 102.95999908447266, \"text\": \" if that makes sense, right?\", \"tokens\": [51426, 498, 300, 1669, 2020, 11, 558, 30, 51484], \"temperature\": 0.0, \"avg_logprob\": -0.20966991782188416, \"compression_ratio\": 1.7692307233810425, \"no_speech_prob\": 0.004069845657795668}, {\"id\": 43, \"seek\": 8056, \"start\": 102.95999908447266, \"end\": 104.72000122070312, \"text\": \" And then like the first night she was like,\", \"tokens\": [51484, 400, 550, 411, 264, 700, 1818, 750, 390, 411, 11, 51572], \"temperature\": 0.0, \"avg_logprob\": -0.20966991782188416, \"compression_ratio\": 1.7692307233810425, \"no_speech_prob\": 0.004069845657795668}, {\"id\": 44, \"seek\": 8056, \"start\": 104.72000122070312, \"end\": 106.27999877929688, \"text\": \" hey, will you come like cuddle with me?\", \"tokens\": [51572, 4177, 11, 486, 291, 808, 411, 40287, 2285, 365, 385, 30, 51650], \"temperature\": 0.0, \"avg_logprob\": -0.20966991782188416, \"compression_ratio\": 1.7692307233810425, \"no_speech_prob\": 0.004069845657795668}, {\"id\": 45, \"seek\": 8056, \"start\": 106.27999877929688, \"end\": 107.73999786376953, \"text\": \" So I'm like, oh, I guess I'm in, right?\", \"tokens\": [51650, 407, 286, 478, 411, 11, 1954, 11, 286, 2041, 286, 478, 294, 11, 558, 30, 51723], \"temperature\": 0.0, \"avg_logprob\": -0.20966991782188416, \"compression_ratio\": 1.7692307233810425, \"no_speech_prob\": 0.004069845657795668}, {\"id\": 46, \"seek\": 8056, \"start\": 107.73999786376953, \"end\": 110.12000274658203, \"text\": \" So we're like cuddling, I try to escalate,\", \"tokens\": [51723, 407, 321, 434, 411, 269, 26656, 1688, 11, 286, 853, 281, 17871, 473, 11, 51842], \"temperature\": 0.0, \"avg_logprob\": -0.20966991782188416, \"compression_ratio\": 1.7692307233810425, \"no_speech_prob\": 0.004069845657795668}, {\"id\": 47, \"seek\": 11012, \"start\": 110.68000030517578, \"end\": 113.0, \"text\": \" but we're not getting anywhere and I couldn't even kiss her.\", \"tokens\": [50392, 457, 321, 434, 406, 1242, 4992, 293, 286, 2809, 380, 754, 7704, 720, 13, 50508], \"temperature\": 0.0, \"avg_logprob\": -0.26759544014930725, \"compression_ratio\": 1.8910505771636963, \"no_speech_prob\": 0.00239659589715302}, {\"id\": 48, \"seek\": 11012, \"start\": 113.0, \"end\": 115.44000244140625, \"text\": \" And you know, I was still kind of cock blocked\", \"tokens\": [50508, 400, 291, 458, 11, 286, 390, 920, 733, 295, 11241, 15470, 50630], \"temperature\": 0.0, \"avg_logprob\": -0.26759544014930725, \"compression_ratio\": 1.8910505771636963, \"no_speech_prob\": 0.00239659589715302}, {\"id\": 49, \"seek\": 11012, \"start\": 115.44000244140625, \"end\": 117.80000305175781, \"text\": \" with all the other girls because of the, you know,\", \"tokens\": [50630, 365, 439, 264, 661, 4519, 570, 295, 264, 11, 291, 458, 11, 50748], \"temperature\": 0.0, \"avg_logprob\": -0.26759544014930725, \"compression_ratio\": 1.8910505771636963, \"no_speech_prob\": 0.00239659589715302}, {\"id\": 50, \"seek\": 11012, \"start\": 117.80000305175781, \"end\": 119.4800033569336, \"text\": \" bullshit I tried earlier.\", \"tokens\": [50748, 22676, 286, 3031, 3071, 13, 50832], \"temperature\": 0.0, \"avg_logprob\": -0.26759544014930725, \"compression_ratio\": 1.8910505771636963, \"no_speech_prob\": 0.00239659589715302}, {\"id\": 51, \"seek\": 11012, \"start\": 119.4800033569336, \"end\": 123.62000274658203, \"text\": \" So for the next week, I'm just like waiting every night,\", \"tokens\": [50832, 407, 337, 264, 958, 1243, 11, 286, 478, 445, 411, 3806, 633, 1818, 11, 51039], \"temperature\": 0.0, \"avg_logprob\": -0.26759544014930725, \"compression_ratio\": 1.8910505771636963, \"no_speech_prob\": 0.00239659589715302}, {\"id\": 52, \"seek\": 11012, \"start\": 123.62000274658203, \"end\": 125.5199966430664, \"text\": \" like maybe she'll be ready, maybe she'll be ready,\", \"tokens\": [51039, 411, 1310, 750, 603, 312, 1919, 11, 1310, 750, 603, 312, 1919, 11, 51134], \"temperature\": 0.0, \"avg_logprob\": -0.26759544014930725, \"compression_ratio\": 1.8910505771636963, \"no_speech_prob\": 0.00239659589715302}, {\"id\": 53, \"seek\": 11012, \"start\": 125.5199966430664, \"end\": 126.76000213623047, \"text\": \" maybe she'll be ready.\", \"tokens\": [51134, 1310, 750, 603, 312, 1919, 13, 51196], \"temperature\": 0.0, \"avg_logprob\": -0.26759544014930725, \"compression_ratio\": 1.8910505771636963, \"no_speech_prob\": 0.00239659589715302}, {\"id\": 54, \"seek\": 11012, \"start\": 126.76000213623047, \"end\": 128.9199981689453, \"text\": \" And if the trip comes, she's not.\", \"tokens\": [51196, 400, 498, 264, 4931, 1487, 11, 750, 311, 406, 13, 51304], \"temperature\": 0.0, \"avg_logprob\": -0.26759544014930725, \"compression_ratio\": 1.8910505771636963, \"no_speech_prob\": 0.00239659589715302}, {\"id\": 55, \"seek\": 11012, \"start\": 128.9199981689453, \"end\": 132.0800018310547, \"text\": \" And I assume it was like, oh, maybe, you know,\", \"tokens\": [51304, 400, 286, 6552, 309, 390, 411, 11, 1954, 11, 1310, 11, 291, 458, 11, 51462], \"temperature\": 0.0, \"avg_logprob\": -0.26759544014930725, \"compression_ratio\": 1.8910505771636963, \"no_speech_prob\": 0.00239659589715302}, {\"id\": 56, \"seek\": 11012, \"start\": 132.0800018310547, \"end\": 133.32000732421875, \"text\": \" I don't know why she's not just,\", \"tokens\": [51462, 286, 500, 380, 458, 983, 750, 311, 406, 445, 11, 51524], \"temperature\": 0.0, \"avg_logprob\": -0.26759544014930725, \"compression_ratio\": 1.8910505771636963, \"no_speech_prob\": 0.00239659589715302}, {\"id\": 57, \"seek\": 11012, \"start\": 133.32000732421875, \"end\": 136.44000244140625, \"text\": \" maybe she's just like, she's interested, but she's slow.\", \"tokens\": [51524, 1310, 750, 311, 445, 411, 11, 750, 311, 3102, 11, 457, 750, 311, 2964, 13, 51680], \"temperature\": 0.0, \"avg_logprob\": -0.26759544014930725, \"compression_ratio\": 1.8910505771636963, \"no_speech_prob\": 0.00239659589715302}, {\"id\": 58, \"seek\": 13644, \"start\": 136.44000244140625, \"end\": 141.44000244140625, \"text\": \" So I invite her to come to LA, like two months later,\", \"tokens\": [50364, 407, 286, 7980, 720, 281, 808, 281, 9855, 11, 411, 732, 2493, 1780, 11, 50614], \"temperature\": 0.0, \"avg_logprob\": -0.21852654218673706, \"compression_ratio\": 1.6454182863235474, \"no_speech_prob\": 0.0010004823561757803}, {\"id\": 59, \"seek\": 13644, \"start\": 142.32000732421875, \"end\": 146.9199981689453, \"text\": \" she shows up three days in, still the same bullshit cuddling\", \"tokens\": [50658, 750, 3110, 493, 1045, 1708, 294, 11, 920, 264, 912, 22676, 269, 26656, 1688, 50888], \"temperature\": 0.0, \"avg_logprob\": -0.21852654218673706, \"compression_ratio\": 1.6454182863235474, \"no_speech_prob\": 0.0010004823561757803}, {\"id\": 60, \"seek\": 13644, \"start\": 146.9199981689453, \"end\": 150.8800048828125, \"text\": \" and then I got an invite from another promoter.\", \"tokens\": [50888, 293, 550, 286, 658, 364, 7980, 490, 1071, 6609, 260, 13, 51086], \"temperature\": 0.0, \"avg_logprob\": -0.21852654218673706, \"compression_ratio\": 1.6454182863235474, \"no_speech_prob\": 0.0010004823561757803}, {\"id\": 61, \"seek\": 13644, \"start\": 150.8800048828125, \"end\": 154.27999877929688, \"text\": \" He's like, come out to the bar, bring that girl.\", \"tokens\": [51086, 634, 311, 411, 11, 808, 484, 281, 264, 2159, 11, 1565, 300, 2013, 13, 51256], \"temperature\": 0.0, \"avg_logprob\": -0.21852654218673706, \"compression_ratio\": 1.6454182863235474, \"no_speech_prob\": 0.0010004823561757803}, {\"id\": 62, \"seek\": 13644, \"start\": 154.27999877929688, \"end\": 155.8000030517578, \"text\": \" And I'm like, this is bullshit.\", \"tokens\": [51256, 400, 286, 478, 411, 11, 341, 307, 22676, 13, 51332], \"temperature\": 0.0, \"avg_logprob\": -0.21852654218673706, \"compression_ratio\": 1.6454182863235474, \"no_speech_prob\": 0.0010004823561757803}, {\"id\": 63, \"seek\": 13644, \"start\": 155.8000030517578, \"end\": 158.39999389648438, \"text\": \" Cause I know this guy, this guy was like a total shark.\", \"tokens\": [51332, 10865, 286, 458, 341, 2146, 11, 341, 2146, 390, 411, 257, 3217, 13327, 13, 51462], \"temperature\": 0.0, \"avg_logprob\": -0.21852654218673706, \"compression_ratio\": 1.6454182863235474, \"no_speech_prob\": 0.0010004823561757803}, {\"id\": 64, \"seek\": 13644, \"start\": 158.39999389648438, \"end\": 160.77999877929688, \"text\": \" This guy hooked up with every girl he could,\", \"tokens\": [51462, 639, 2146, 20410, 493, 365, 633, 2013, 415, 727, 11, 51581], \"temperature\": 0.0, \"avg_logprob\": -0.21852654218673706, \"compression_ratio\": 1.6454182863235474, \"no_speech_prob\": 0.0010004823561757803}, {\"id\": 65, \"seek\": 13644, \"start\": 160.77999877929688, \"end\": 162.67999267578125, \"text\": \" like he'd steal girls from everybody.\", \"tokens\": [51581, 411, 415, 1116, 11009, 4519, 490, 2201, 13, 51676], \"temperature\": 0.0, \"avg_logprob\": -0.21852654218673706, \"compression_ratio\": 1.6454182863235474, \"no_speech_prob\": 0.0010004823561757803}, {\"id\": 66, \"seek\": 13644, \"start\": 162.67999267578125, \"end\": 164.47999572753906, \"text\": \" I'm like, dude, I'm not going,\", \"tokens\": [51676, 286, 478, 411, 11, 6449, 11, 286, 478, 406, 516, 11, 51766], \"temperature\": 0.0, \"avg_logprob\": -0.21852654218673706, \"compression_ratio\": 1.6454182863235474, \"no_speech_prob\": 0.0010004823561757803}, {\"id\": 67, \"seek\": 16448, \"start\": 164.47999572753906, \"end\": 166.47999572753906, \"text\": \" you're just going to try to like steal this girl from me.\", \"tokens\": [50364, 291, 434, 445, 516, 281, 853, 281, 411, 11009, 341, 2013, 490, 385, 13, 50464], \"temperature\": 0.0, \"avg_logprob\": -0.2551896572113037, \"compression_ratio\": 1.7999999523162842, \"no_speech_prob\": 0.004069860093295574}, {\"id\": 68, \"seek\": 16448, \"start\": 166.47999572753906, \"end\": 167.44000244140625, \"text\": \" He's like, dude, no, I'm coming.\", \"tokens\": [50464, 634, 311, 411, 11, 6449, 11, 572, 11, 286, 478, 1348, 13, 50512], \"temperature\": 0.0, \"avg_logprob\": -0.2551896572113037, \"compression_ratio\": 1.7999999523162842, \"no_speech_prob\": 0.004069860093295574}, {\"id\": 69, \"seek\": 16448, \"start\": 167.44000244140625, \"end\": 169.24000549316406, \"text\": \" I'm like, I'm coming with my girlfriend.\", \"tokens\": [50512, 286, 478, 411, 11, 286, 478, 1348, 365, 452, 10369, 13, 50602], \"temperature\": 0.0, \"avg_logprob\": -0.2551896572113037, \"compression_ratio\": 1.7999999523162842, \"no_speech_prob\": 0.004069860093295574}, {\"id\": 70, \"seek\": 16448, \"start\": 169.24000549316406, \"end\": 171.55999755859375, \"text\": \" We're like monogamous now, like just come out.\", \"tokens\": [50602, 492, 434, 411, 1108, 664, 22314, 586, 11, 411, 445, 808, 484, 13, 50718], \"temperature\": 0.0, \"avg_logprob\": -0.2551896572113037, \"compression_ratio\": 1.7999999523162842, \"no_speech_prob\": 0.004069860093295574}, {\"id\": 71, \"seek\": 16448, \"start\": 171.55999755859375, \"end\": 176.0399932861328, \"text\": \" Like I, so against my better judgment, I go out\", \"tokens\": [50718, 1743, 286, 11, 370, 1970, 452, 1101, 12216, 11, 286, 352, 484, 50942], \"temperature\": 0.0, \"avg_logprob\": -0.2551896572113037, \"compression_ratio\": 1.7999999523162842, \"no_speech_prob\": 0.004069860093295574}, {\"id\": 72, \"seek\": 16448, \"start\": 176.0399932861328, \"end\": 177.94000244140625, \"text\": \" and I'm like, there's no way this girl is going to like\", \"tokens\": [50942, 293, 286, 478, 411, 11, 456, 311, 572, 636, 341, 2013, 307, 516, 281, 411, 51037], \"temperature\": 0.0, \"avg_logprob\": -0.2551896572113037, \"compression_ratio\": 1.7999999523162842, \"no_speech_prob\": 0.004069860093295574}, {\"id\": 73, \"seek\": 16448, \"start\": 177.94000244140625, \"end\": 179.36000061035156, \"text\": \" hook up with this guy because like,\", \"tokens\": [51037, 6328, 493, 365, 341, 2146, 570, 411, 11, 51108], \"temperature\": 0.0, \"avg_logprob\": -0.2551896572113037, \"compression_ratio\": 1.7999999523162842, \"no_speech_prob\": 0.004069860093295574}, {\"id\": 74, \"seek\": 16448, \"start\": 179.36000061035156, \"end\": 180.83999633789062, \"text\": \" she's such a good girl.\", \"tokens\": [51108, 750, 311, 1270, 257, 665, 2013, 13, 51182], \"temperature\": 0.0, \"avg_logprob\": -0.2551896572113037, \"compression_ratio\": 1.7999999523162842, \"no_speech_prob\": 0.004069860093295574}, {\"id\": 75, \"seek\": 16448, \"start\": 180.83999633789062, \"end\": 182.47999572753906, \"text\": \" Right.\", \"tokens\": [51182, 1779, 13, 51264], \"temperature\": 0.0, \"avg_logprob\": -0.2551896572113037, \"compression_ratio\": 1.7999999523162842, \"no_speech_prob\": 0.004069860093295574}, {\"id\": 76, \"seek\": 16448, \"start\": 182.47999572753906, \"end\": 185.36000061035156, \"text\": \" So wait, you were still kind of in the phase of like\", \"tokens\": [51264, 407, 1699, 11, 291, 645, 920, 733, 295, 294, 264, 5574, 295, 411, 51408], \"temperature\": 0.0, \"avg_logprob\": -0.2551896572113037, \"compression_ratio\": 1.7999999523162842, \"no_speech_prob\": 0.004069860093295574}, {\"id\": 77, \"seek\": 16448, \"start\": 185.36000061035156, \"end\": 186.27999877929688, \"text\": \" figuring all this out.\", \"tokens\": [51408, 15213, 439, 341, 484, 13, 51454], \"temperature\": 0.0, \"avg_logprob\": -0.2551896572113037, \"compression_ratio\": 1.7999999523162842, \"no_speech_prob\": 0.004069860093295574}, {\"id\": 78, \"seek\": 16448, \"start\": 186.27999877929688, \"end\": 187.75999450683594, \"text\": \" Yeah, this is all the figuring out phase.\", \"tokens\": [51454, 865, 11, 341, 307, 439, 264, 15213, 484, 5574, 13, 51528], \"temperature\": 0.0, \"avg_logprob\": -0.2551896572113037, \"compression_ratio\": 1.7999999523162842, \"no_speech_prob\": 0.004069860093295574}, {\"id\": 79, \"seek\": 16448, \"start\": 187.75999450683594, \"end\": 188.60000610351562, \"text\": \" And you're like,\", \"tokens\": [51528, 400, 291, 434, 411, 11, 51570], \"temperature\": 0.0, \"avg_logprob\": -0.2551896572113037, \"compression_ratio\": 1.7999999523162842, \"no_speech_prob\": 0.004069860093295574}, {\"id\": 80, \"seek\": 16448, \"start\": 188.60000610351562, \"end\": 191.52000427246094, \"text\": \" and you're just getting absolutely slammed consistently\", \"tokens\": [51570, 293, 291, 434, 445, 1242, 3122, 50196, 14961, 51716], \"temperature\": 0.0, \"avg_logprob\": -0.2551896572113037, \"compression_ratio\": 1.7999999523162842, \"no_speech_prob\": 0.004069860093295574}, {\"id\": 81, \"seek\": 19152, \"start\": 191.52000427246094, \"end\": 194.60000610351562, \"text\": \" with like rejection after rejection or like,\", \"tokens\": [50364, 365, 411, 26044, 934, 26044, 420, 411, 11, 50518], \"temperature\": 0.0, \"avg_logprob\": -0.27024760842323303, \"compression_ratio\": 1.694656491279602, \"no_speech_prob\": 0.05919671431183815}, {\"id\": 82, \"seek\": 19152, \"start\": 194.60000610351562, \"end\": 196.55999755859375, \"text\": \" oh man, this is, this is brutal.\", \"tokens\": [50518, 1954, 587, 11, 341, 307, 11, 341, 307, 17878, 13, 50616], \"temperature\": 0.0, \"avg_logprob\": -0.27024760842323303, \"compression_ratio\": 1.694656491279602, \"no_speech_prob\": 0.05919671431183815}, {\"id\": 83, \"seek\": 19152, \"start\": 196.55999755859375, \"end\": 197.39999389648438, \"text\": \" Yeah.\", \"tokens\": [50616, 865, 13, 50658], \"temperature\": 0.0, \"avg_logprob\": -0.27024760842323303, \"compression_ratio\": 1.694656491279602, \"no_speech_prob\": 0.05919671431183815}, {\"id\": 84, \"seek\": 19152, \"start\": 197.39999389648438, \"end\": 200.63999938964844, \"text\": \" So this is probably the, this was like the worst part.\", \"tokens\": [50658, 407, 341, 307, 1391, 264, 11, 341, 390, 411, 264, 5855, 644, 13, 50820], \"temperature\": 0.0, \"avg_logprob\": -0.27024760842323303, \"compression_ratio\": 1.694656491279602, \"no_speech_prob\": 0.05919671431183815}, {\"id\": 85, \"seek\": 19152, \"start\": 200.63999938964844, \"end\": 202.32000732421875, \"text\": \" So I go to the bathroom, I come out,\", \"tokens\": [50820, 407, 286, 352, 281, 264, 8687, 11, 286, 808, 484, 11, 50904], \"temperature\": 0.0, \"avg_logprob\": -0.27024760842323303, \"compression_ratio\": 1.694656491279602, \"no_speech_prob\": 0.05919671431183815}, {\"id\": 86, \"seek\": 19152, \"start\": 202.32000732421875, \"end\": 205.39999389648438, \"text\": \" he's making out with my girl and his girl,\", \"tokens\": [50904, 415, 311, 1455, 484, 365, 452, 2013, 293, 702, 2013, 11, 51058], \"temperature\": 0.0, \"avg_logprob\": -0.27024760842323303, \"compression_ratio\": 1.694656491279602, \"no_speech_prob\": 0.05919671431183815}, {\"id\": 87, \"seek\": 19152, \"start\": 207.32000732421875, \"end\": 210.39999389648438, \"text\": \" literally within like, I'm gone for maybe 30 seconds,\", \"tokens\": [51154, 3736, 1951, 411, 11, 286, 478, 2780, 337, 1310, 2217, 3949, 11, 51308], \"temperature\": 0.0, \"avg_logprob\": -0.27024760842323303, \"compression_ratio\": 1.694656491279602, \"no_speech_prob\": 0.05919671431183815}, {\"id\": 88, \"seek\": 19152, \"start\": 210.39999389648438, \"end\": 213.39999389648438, \"text\": \" making out and my like jaw hit the ground.\", \"tokens\": [51308, 1455, 484, 293, 452, 411, 18162, 2045, 264, 2727, 13, 51458], \"temperature\": 0.0, \"avg_logprob\": -0.27024760842323303, \"compression_ratio\": 1.694656491279602, \"no_speech_prob\": 0.05919671431183815}, {\"id\": 89, \"seek\": 19152, \"start\": 213.39999389648438, \"end\": 215.72000122070312, \"text\": \" I'm like that girl, there's no fucking way.\", \"tokens\": [51458, 286, 478, 411, 300, 2013, 11, 456, 311, 572, 5546, 636, 13, 51574], \"temperature\": 0.0, \"avg_logprob\": -0.27024760842323303, \"compression_ratio\": 1.694656491279602, \"no_speech_prob\": 0.05919671431183815}, {\"id\": 90, \"seek\": 19152, \"start\": 215.72000122070312, \"end\": 217.72000122070312, \"text\": \" She was like such a perfect angel.\", \"tokens\": [51574, 1240, 390, 411, 1270, 257, 2176, 14250, 13, 51674], \"temperature\": 0.0, \"avg_logprob\": -0.27024760842323303, \"compression_ratio\": 1.694656491279602, \"no_speech_prob\": 0.05919671431183815}, {\"id\": 91, \"seek\": 19152, \"start\": 217.72000122070312, \"end\": 220.83999633789062, \"text\": \" And I reverted back to like all my nice guy ways.\", \"tokens\": [51674, 400, 286, 319, 18537, 646, 281, 411, 439, 452, 1481, 2146, 2098, 13, 51830], \"temperature\": 0.0, \"avg_logprob\": -0.27024760842323303, \"compression_ratio\": 1.694656491279602, \"no_speech_prob\": 0.05919671431183815}, {\"id\": 92, \"seek\": 22084, \"start\": 221.27999877929688, \"end\": 222.8000030517578, \"text\": \" They went home, they had a threesome.\", \"tokens\": [50386, 814, 1437, 1280, 11, 436, 632, 257, 258, 265, 2988, 13, 50462], \"temperature\": 0.0, \"avg_logprob\": -0.22886104881763458, \"compression_ratio\": 1.7811447381973267, \"no_speech_prob\": 0.005729194264858961}, {\"id\": 93, \"seek\": 22084, \"start\": 222.8000030517578, \"end\": 224.72000122070312, \"text\": \" I was just like, what the fuck?\", \"tokens\": [50462, 286, 390, 445, 411, 11, 437, 264, 3275, 30, 50558], \"temperature\": 0.0, \"avg_logprob\": -0.22886104881763458, \"compression_ratio\": 1.7811447381973267, \"no_speech_prob\": 0.005729194264858961}, {\"id\": 94, \"seek\": 22084, \"start\": 224.72000122070312, \"end\": 227.4199981689453, \"text\": \" Like what's again, like what the fuck is wrong with me?\", \"tokens\": [50558, 1743, 437, 311, 797, 11, 411, 437, 264, 3275, 307, 2085, 365, 385, 30, 50693], \"temperature\": 0.0, \"avg_logprob\": -0.22886104881763458, \"compression_ratio\": 1.7811447381973267, \"no_speech_prob\": 0.005729194264858961}, {\"id\": 95, \"seek\": 22084, \"start\": 227.4199981689453, \"end\": 229.55999755859375, \"text\": \" How could it, how, dude.\", \"tokens\": [50693, 1012, 727, 309, 11, 577, 11, 6449, 13, 50800], \"temperature\": 0.0, \"avg_logprob\": -0.22886104881763458, \"compression_ratio\": 1.7811447381973267, \"no_speech_prob\": 0.005729194264858961}, {\"id\": 96, \"seek\": 22084, \"start\": 229.55999755859375, \"end\": 233.16000366210938, \"text\": \" And so, and it was then that I realized that like,\", \"tokens\": [50800, 400, 370, 11, 293, 309, 390, 550, 300, 286, 5334, 300, 411, 11, 50980], \"temperature\": 0.0, \"avg_logprob\": -0.22886104881763458, \"compression_ratio\": 1.7811447381973267, \"no_speech_prob\": 0.005729194264858961}, {\"id\": 97, \"seek\": 22084, \"start\": 233.16000366210938, \"end\": 235.9199981689453, \"text\": \" I didn't quite have the status of like,\", \"tokens\": [50980, 286, 994, 380, 1596, 362, 264, 6558, 295, 411, 11, 51118], \"temperature\": 0.0, \"avg_logprob\": -0.22886104881763458, \"compression_ratio\": 1.7811447381973267, \"no_speech_prob\": 0.005729194264858961}, {\"id\": 98, \"seek\": 22084, \"start\": 235.9199981689453, \"end\": 238.24000549316406, \"text\": \" the problem was I was just kind of like pigeonholed\", \"tokens\": [51118, 264, 1154, 390, 286, 390, 445, 733, 295, 411, 37886, 5449, 292, 51234], \"temperature\": 0.0, \"avg_logprob\": -0.22886104881763458, \"compression_ratio\": 1.7811447381973267, \"no_speech_prob\": 0.005729194264858961}, {\"id\": 99, \"seek\": 22084, \"start\": 238.24000549316406, \"end\": 239.39999389648438, \"text\": \" with that group of guys.\", \"tokens\": [51234, 365, 300, 1594, 295, 1074, 13, 51292], \"temperature\": 0.0, \"avg_logprob\": -0.22886104881763458, \"compression_ratio\": 1.7811447381973267, \"no_speech_prob\": 0.005729194264858961}, {\"id\": 100, \"seek\": 22084, \"start\": 239.39999389648438, \"end\": 241.63999938964844, \"text\": \" Like I had the lowest status of all the guys,\", \"tokens\": [51292, 1743, 286, 632, 264, 12437, 6558, 295, 439, 264, 1074, 11, 51404], \"temperature\": 0.0, \"avg_logprob\": -0.22886104881763458, \"compression_ratio\": 1.7811447381973267, \"no_speech_prob\": 0.005729194264858961}, {\"id\": 101, \"seek\": 22084, \"start\": 241.63999938964844, \"end\": 244.55999755859375, \"text\": \" any girl who came into that scene\", \"tokens\": [51404, 604, 2013, 567, 1361, 666, 300, 4145, 51550], \"temperature\": 0.0, \"avg_logprob\": -0.22886104881763458, \"compression_ratio\": 1.7811447381973267, \"no_speech_prob\": 0.005729194264858961}, {\"id\": 102, \"seek\": 22084, \"start\": 244.55999755859375, \"end\": 246.0399932861328, \"text\": \" quickly kind of figured that out.\", \"tokens\": [51550, 2661, 733, 295, 8932, 300, 484, 13, 51624], \"temperature\": 0.0, \"avg_logprob\": -0.22886104881763458, \"compression_ratio\": 1.7811447381973267, \"no_speech_prob\": 0.005729194264858961}, {\"id\": 103, \"seek\": 22084, \"start\": 246.0399932861328, \"end\": 247.67999267578125, \"text\": \" Cause it's like these social hierarchies.\", \"tokens\": [51624, 10865, 309, 311, 411, 613, 2093, 35250, 530, 13, 51706], \"temperature\": 0.0, \"avg_logprob\": -0.22886104881763458, \"compression_ratio\": 1.7811447381973267, \"no_speech_prob\": 0.005729194264858961}, {\"id\": 104, \"seek\": 22084, \"start\": 247.67999267578125, \"end\": 250.75999450683594, \"text\": \" And so I could kind of pick off like the bottom girls,\", \"tokens\": [51706, 400, 370, 286, 727, 733, 295, 1888, 766, 411, 264, 2767, 4519, 11, 51860], \"temperature\": 0.0, \"avg_logprob\": -0.22886104881763458, \"compression_ratio\": 1.7811447381973267, \"no_speech_prob\": 0.005729194264858961}, {\"id\": 105, \"seek\": 25076, \"start\": 251.55999755859375, \"end\": 252.55999755859375, \"text\": \" but like I wasn't getting access.\", \"tokens\": [50404, 457, 411, 286, 2067, 380, 1242, 2105, 13, 50454], \"temperature\": 0.0, \"avg_logprob\": -0.23466531932353973, \"compression_ratio\": 1.685185194015503, \"no_speech_prob\": 0.00046549548278562725}, {\"id\": 106, \"seek\": 25076, \"start\": 252.55999755859375, \"end\": 254.32000732421875, \"text\": \" I wasn't succeeding with the hottest girls.\", \"tokens\": [50454, 286, 2067, 380, 47912, 365, 264, 32780, 4519, 13, 50542], \"temperature\": 0.0, \"avg_logprob\": -0.23466531932353973, \"compression_ratio\": 1.685185194015503, \"no_speech_prob\": 0.00046549548278562725}, {\"id\": 107, \"seek\": 25076, \"start\": 254.32000732421875, \"end\": 255.36000061035156, \"text\": \" That's when I realized like, all right,\", \"tokens\": [50542, 663, 311, 562, 286, 5334, 411, 11, 439, 558, 11, 50594], \"temperature\": 0.0, \"avg_logprob\": -0.23466531932353973, \"compression_ratio\": 1.685185194015503, \"no_speech_prob\": 0.00046549548278562725}, {\"id\": 108, \"seek\": 25076, \"start\": 255.36000061035156, \"end\": 258.20001220703125, \"text\": \" I gotta kind of start my own thing.\", \"tokens\": [50594, 286, 3428, 733, 295, 722, 452, 1065, 551, 13, 50736], \"temperature\": 0.0, \"avg_logprob\": -0.23466531932353973, \"compression_ratio\": 1.685185194015503, \"no_speech_prob\": 0.00046549548278562725}, {\"id\": 109, \"seek\": 25076, \"start\": 258.20001220703125, \"end\": 261.6400146484375, \"text\": \" And I gotta like get out of this.\", \"tokens\": [50736, 400, 286, 3428, 411, 483, 484, 295, 341, 13, 50908], \"temperature\": 0.0, \"avg_logprob\": -0.23466531932353973, \"compression_ratio\": 1.685185194015503, \"no_speech_prob\": 0.00046549548278562725}, {\"id\": 110, \"seek\": 25076, \"start\": 261.6400146484375, \"end\": 263.7200012207031, \"text\": \" I gotta kill this nice guy shit once and for all.\", \"tokens\": [50908, 286, 3428, 1961, 341, 1481, 2146, 4611, 1564, 293, 337, 439, 13, 51012], \"temperature\": 0.0, \"avg_logprob\": -0.23466531932353973, \"compression_ratio\": 1.685185194015503, \"no_speech_prob\": 0.00046549548278562725}, {\"id\": 111, \"seek\": 25076, \"start\": 263.7200012207031, \"end\": 266.0400085449219, \"text\": \" I gotta stop like simping when it comes\", \"tokens\": [51012, 286, 3428, 1590, 411, 1034, 3381, 562, 309, 1487, 51128], \"temperature\": 0.0, \"avg_logprob\": -0.23466531932353973, \"compression_ratio\": 1.685185194015503, \"no_speech_prob\": 0.00046549548278562725}, {\"id\": 112, \"seek\": 25076, \"start\": 266.0400085449219, \"end\": 268.0400085449219, \"text\": \" to these really hot girls.\", \"tokens\": [51128, 281, 613, 534, 2368, 4519, 13, 51228], \"temperature\": 0.0, \"avg_logprob\": -0.23466531932353973, \"compression_ratio\": 1.685185194015503, \"no_speech_prob\": 0.00046549548278562725}, {\"id\": 113, \"seek\": 25076, \"start\": 268.0400085449219, \"end\": 272.2799987792969, \"text\": \" And so I basically like, that was like summer of 2018.\", \"tokens\": [51228, 400, 370, 286, 1936, 411, 11, 300, 390, 411, 4266, 295, 6096, 13, 51440], \"temperature\": 0.0, \"avg_logprob\": -0.23466531932353973, \"compression_ratio\": 1.685185194015503, \"no_speech_prob\": 0.00046549548278562725}, {\"id\": 114, \"seek\": 25076, \"start\": 273.760009765625, \"end\": 277.32000732421875, \"text\": \" I love Europe, have family from Ukraine.\", \"tokens\": [51514, 286, 959, 3315, 11, 362, 1605, 490, 14081, 13, 51692], \"temperature\": 0.0, \"avg_logprob\": -0.23466531932353973, \"compression_ratio\": 1.685185194015503, \"no_speech_prob\": 0.00046549548278562725}, {\"id\": 115, \"seek\": 25076, \"start\": 277.32000732421875, \"end\": 280.0799865722656, \"text\": \" So I was like, fuck it, I'm gonna go to Eastern Europe\", \"tokens\": [51692, 407, 286, 390, 411, 11, 3275, 309, 11, 286, 478, 799, 352, 281, 12901, 3315, 51830], \"temperature\": 0.0, \"avg_logprob\": -0.23466531932353973, \"compression_ratio\": 1.685185194015503, \"no_speech_prob\": 0.00046549548278562725}, {\"id\": 116, \"seek\": 28008, \"start\": 280.1199951171875, \"end\": 282.5199890136719, \"text\": \" and try to just like hang out there all summer,\", \"tokens\": [50366, 293, 853, 281, 445, 411, 3967, 484, 456, 439, 4266, 11, 50486], \"temperature\": 0.0, \"avg_logprob\": -0.24210195243358612, \"compression_ratio\": 1.481927752494812, \"no_speech_prob\": 0.0037067909725010395}, {\"id\": 117, \"seek\": 28008, \"start\": 282.5199890136719, \"end\": 283.9599914550781, \"text\": \" see what happens.\", \"tokens\": [50486, 536, 437, 2314, 13, 50558], \"temperature\": 0.0, \"avg_logprob\": -0.24210195243358612, \"compression_ratio\": 1.481927752494812, \"no_speech_prob\": 0.0037067909725010395}, {\"id\": 118, \"seek\": 28008, \"start\": 283.9599914550781, \"end\": 285.0400085449219, \"text\": \" I'll come back, whatever.\", \"tokens\": [50558, 286, 603, 808, 646, 11, 2035, 13, 50612], \"temperature\": 0.0, \"avg_logprob\": -0.24210195243358612, \"compression_ratio\": 1.481927752494812, \"no_speech_prob\": 0.0037067909725010395}, {\"id\": 119, \"seek\": 28008, \"start\": 285.0400085449219, \"end\": 287.55999755859375, \"text\": \" It's kind of just like, I needed to like remove myself\", \"tokens\": [50612, 467, 311, 733, 295, 445, 411, 11, 286, 2978, 281, 411, 4159, 2059, 50738], \"temperature\": 0.0, \"avg_logprob\": -0.24210195243358612, \"compression_ratio\": 1.481927752494812, \"no_speech_prob\": 0.0037067909725010395}, {\"id\": 120, \"seek\": 28008, \"start\": 287.55999755859375, \"end\": 289.2799987792969, \"text\": \" from that whole situation.\", \"tokens\": [50738, 490, 300, 1379, 2590, 13, 50824], \"temperature\": 0.0, \"avg_logprob\": -0.24210195243358612, \"compression_ratio\": 1.481927752494812, \"no_speech_prob\": 0.0037067909725010395}, {\"id\": 121, \"seek\": 28008, \"start\": 289.2799987792969, \"end\": 291.0799865722656, \"text\": \" Cause I would just, I just felt like shit.\", \"tokens\": [50824, 10865, 286, 576, 445, 11, 286, 445, 2762, 411, 4611, 13, 50914], \"temperature\": 0.0, \"avg_logprob\": -0.24210195243358612, \"compression_ratio\": 1.481927752494812, \"no_speech_prob\": 0.0037067909725010395}, {\"id\": 122, \"seek\": 28008, \"start\": 291.0799865722656, \"end\": 292.5199890136719, \"text\": \" I didn't know what was wrong.\", \"tokens\": [50914, 286, 994, 380, 458, 437, 390, 2085, 13, 50986], \"temperature\": 0.0, \"avg_logprob\": -0.24210195243358612, \"compression_ratio\": 1.481927752494812, \"no_speech_prob\": 0.0037067909725010395}]}"}