{"title": "Mastering Day Game: Direct Approach for Meeting Cool Kids", "video_id": "DX9_BuP7axg", "video_url": "https://www.youtube.com/watch?v=DX9_BuP7axg", "description": "", "published_at": "2023-12-20T21:35:17Z", "channel_id": "UC0O-ohYDF4P66HW9XJ4Us8w", "channel_title": "Robbie Kramer", "tags": [], "category_id": "24", "live_broadcast_content": "none", "duration": 32.0, "dimension": "2d", "definition": "hd", "caption": "false", "view_count": 1023, "like_count": 5, "comment_count": 5, "channel_info": {"title": "Robbie Kramer", "description": "I'm Robbie Kramer \ud83c\udf99Host of The Inner Confidence Podcast & Founder of Inner Confidence, Inc.\n\nI lived an exhilarating single life filled with adventures and lessons, and ultimately achieved what I had always aspired to \u2013 finding an amazing, feminine, and loving wife. \n\nI believe my experiences provide a rare balance of wild freedom and committed love, equipping me with the insights to help you navigate the complexities of dating and relationships in today's world. Let me guide you to embrace your desires, improve your social prowess, and ultimately attract the partner who aligns with your highest aspirations.\n\nYou won\u2019t find any fluffy, new-age, or cringy stuff here, just tested, proven and actionable advice that yields results.\n\nApply to join our exclusive Inner Confidence Community of ambitious men who are actively working together to achieve their goals faster   \u25ba https://innerconfidence.com/community\n\nYou can email me at robbie@innerconfidence.com with any questions or comments.\n", "subscriber_count": "1270", "total_views": "604693", "total_videos": "470"}, "comments": [], "file_path": "/Users/aelaguiz/workspace/fc_book/audio/raws/DX9_BuP7axg.mp3", "transcription": "{\"text\": \"I would so not just that, but I would day game, of course. And part of my day game efforts would be mentioning that I just moved to the city and asking them like where the cool kids hang out. And I'd literally say that I'd be like, yeah, I just moved here. You look like a cool kid. Where are all the cool kids hang out? And I would. Sorry to interrupt, but do you like change your approach with day game? Like, do you are you like not direct? No, I would do everything the same. I would be. \", \"segments\": [{\"id\": 0, \"seek\": 0, \"start\": 0.0, \"end\": 3.0, \"text\": \" I would so not just that, but I would day game, of course.\", \"tokens\": [50364, 286, 576, 370, 406, 445, 300, 11, 457, 286, 576, 786, 1216, 11, 295, 1164, 13, 50514], \"temperature\": 0.0, \"avg_logprob\": -0.3132499158382416, \"compression_ratio\": 1.8081632852554321, \"no_speech_prob\": 0.26526203751564026}, {\"id\": 1, \"seek\": 0, \"start\": 3.5, \"end\": 7.440000057220459, \"text\": \" And part of my day game efforts would be mentioning\", \"tokens\": [50539, 400, 644, 295, 452, 786, 1216, 6484, 576, 312, 18315, 50736], \"temperature\": 0.0, \"avg_logprob\": -0.3132499158382416, \"compression_ratio\": 1.8081632852554321, \"no_speech_prob\": 0.26526203751564026}, {\"id\": 2, \"seek\": 0, \"start\": 7.440000057220459, \"end\": 11.699999809265137, \"text\": \" that I just moved to the city and asking them like where the cool kids hang out.\", \"tokens\": [50736, 300, 286, 445, 4259, 281, 264, 2307, 293, 3365, 552, 411, 689, 264, 1627, 2301, 3967, 484, 13, 50949], \"temperature\": 0.0, \"avg_logprob\": -0.3132499158382416, \"compression_ratio\": 1.8081632852554321, \"no_speech_prob\": 0.26526203751564026}, {\"id\": 3, \"seek\": 0, \"start\": 12.039999961853027, \"end\": 14.84000015258789, \"text\": \" And I'd literally say that I'd be like, yeah, I just moved here.\", \"tokens\": [50966, 400, 286, 1116, 3736, 584, 300, 286, 1116, 312, 411, 11, 1338, 11, 286, 445, 4259, 510, 13, 51106], \"temperature\": 0.0, \"avg_logprob\": -0.3132499158382416, \"compression_ratio\": 1.8081632852554321, \"no_speech_prob\": 0.26526203751564026}, {\"id\": 4, \"seek\": 0, \"start\": 15.600000381469727, \"end\": 16.5, \"text\": \" You look like a cool kid.\", \"tokens\": [51144, 509, 574, 411, 257, 1627, 1636, 13, 51189], \"temperature\": 0.0, \"avg_logprob\": -0.3132499158382416, \"compression_ratio\": 1.8081632852554321, \"no_speech_prob\": 0.26526203751564026}, {\"id\": 5, \"seek\": 0, \"start\": 16.5, \"end\": 18.100000381469727, \"text\": \" Where are all the cool kids hang out?\", \"tokens\": [51189, 2305, 366, 439, 264, 1627, 2301, 3967, 484, 30, 51269], \"temperature\": 0.0, \"avg_logprob\": -0.3132499158382416, \"compression_ratio\": 1.8081632852554321, \"no_speech_prob\": 0.26526203751564026}, {\"id\": 6, \"seek\": 0, \"start\": 18.100000381469727, \"end\": 19.540000915527344, \"text\": \" And I would.\", \"tokens\": [51269, 400, 286, 576, 13, 51341], \"temperature\": 0.0, \"avg_logprob\": -0.3132499158382416, \"compression_ratio\": 1.8081632852554321, \"no_speech_prob\": 0.26526203751564026}, {\"id\": 7, \"seek\": 0, \"start\": 19.540000915527344, \"end\": 24.899999618530273, \"text\": \" Sorry to interrupt, but do you like change your approach with day game?\", \"tokens\": [51341, 4919, 281, 12729, 11, 457, 360, 291, 411, 1319, 428, 3109, 365, 786, 1216, 30, 51609], \"temperature\": 0.0, \"avg_logprob\": -0.3132499158382416, \"compression_ratio\": 1.8081632852554321, \"no_speech_prob\": 0.26526203751564026}, {\"id\": 8, \"seek\": 0, \"start\": 24.899999618530273, \"end\": 28.200000762939453, \"text\": \" Like, do you are you like not direct?\", \"tokens\": [51609, 1743, 11, 360, 291, 366, 291, 411, 406, 2047, 30, 51774], \"temperature\": 0.0, \"avg_logprob\": -0.3132499158382416, \"compression_ratio\": 1.8081632852554321, \"no_speech_prob\": 0.26526203751564026}, {\"id\": 9, \"seek\": 2820, \"start\": 29.200000762939453, \"end\": 30.600000381469727, \"text\": \" No, I would do everything the same.\", \"tokens\": [50414, 883, 11, 286, 576, 360, 1203, 264, 912, 13, 50484], \"temperature\": 0.0, \"avg_logprob\": -0.4825250804424286, \"compression_ratio\": 0.9791666865348816, \"no_speech_prob\": 0.15769046545028687}, {\"id\": 10, \"seek\": 2820, \"start\": 30.600000381469727, \"end\": 30.899999618530273, \"text\": \" I would be.\", \"tokens\": [50484, 286, 576, 312, 13, 50499], \"temperature\": 0.0, \"avg_logprob\": -0.4825250804424286, \"compression_ratio\": 0.9791666865348816, \"no_speech_prob\": 0.15769046545028687}]}"}