{"title": "How to make awesome IG content even if you\u2019re not technically savvy.", "video_id": "e0dJ1TPepFw", "video_url": "https://www.youtube.com/watch?v=e0dJ1TPepFw", "description": "", "published_at": "2023-09-01T20:03:26Z", "channel_id": "UC0O-ohYDF4P66HW9XJ4Us8w", "channel_title": "Robbie Kramer", "tags": [], "category_id": "24", "live_broadcast_content": "none", "duration": 32.0, "dimension": "2d", "definition": "hd", "caption": "false", "view_count": 75, "like_count": 4, "comment_count": 0, "channel_info": {"title": "Robbie Kramer", "description": "I'm Robbie Kramer \ud83c\udf99Host of The Inner Confidence Podcast & Founder of Inner Confidence, Inc.\n\nI lived an exhilarating single life filled with adventures and lessons, and ultimately achieved what I had always aspired to \u2013 finding an amazing, feminine, and loving wife. \n\nI believe my experiences provide a rare balance of wild freedom and committed love, equipping me with the insights to help you navigate the complexities of dating and relationships in today's world. Let me guide you to embrace your desires, improve your social prowess, and ultimately attract the partner who aligns with your highest aspirations.\n\nYou won\u2019t find any fluffy, new-age, or cringy stuff here, just tested, proven and actionable advice that yields results.\n\nApply to join our exclusive Inner Confidence Community of ambitious men who are actively working together to achieve their goals faster   \u25ba https://innerconfidence.com/community\n\nYou can email me at robbie@innerconfidence.com with any questions or comments.\n", "subscriber_count": "1270", "total_views": "604693", "total_videos": "470"}, "comments": [], "file_path": "/Users/aelaguiz/workspace/fc_book/audio/raws/e0dJ1TPepFw.mp3", "transcription": "{\"text\": \"I had a friend that just pointed out how the way that I had created my stories on Instagram had a certain attractiveness to it. So he said I should start trying to do reels. Maybe a few years into my event planning adventure, I started to make some reels of some of the fitness events that I did, some of the parties, and then didn't really go viral or anything. It never has, but it just caught the attention of the community in Austin from the way that I did it. I had a creative friend that just named me. The people named me Reel Daddy, and I accepted it, and it's been fun ever since. That's funny that the people named you. I think that's always the best way to get names, you know? I was hesitant to take that and just put it as my name, but I'm glad I did, because... \", \"segments\": [{\"id\": 0, \"seek\": 0, \"start\": 0.0, \"end\": 3.200000047683716, \"text\": \" I had a friend that just pointed out how the way that I had created my stories on Instagram\", \"tokens\": [50364, 286, 632, 257, 1277, 300, 445, 10932, 484, 577, 264, 636, 300, 286, 632, 2942, 452, 3676, 322, 5281, 50524], \"temperature\": 0.0, \"avg_logprob\": -0.26973384618759155, \"compression_ratio\": 1.8494623899459839, \"no_speech_prob\": 0.01064701285213232}, {\"id\": 1, \"seek\": 0, \"start\": 3.200000047683716, \"end\": 5.039999961853027, \"text\": \" had a certain attractiveness to it.\", \"tokens\": [50524, 632, 257, 1629, 5049, 8477, 281, 309, 13, 50616], \"temperature\": 0.0, \"avg_logprob\": -0.26973384618759155, \"compression_ratio\": 1.8494623899459839, \"no_speech_prob\": 0.01064701285213232}, {\"id\": 2, \"seek\": 0, \"start\": 5.039999961853027, \"end\": 6.840000152587891, \"text\": \" So he said I should start trying to do reels.\", \"tokens\": [50616, 407, 415, 848, 286, 820, 722, 1382, 281, 360, 319, 1625, 13, 50706], \"temperature\": 0.0, \"avg_logprob\": -0.26973384618759155, \"compression_ratio\": 1.8494623899459839, \"no_speech_prob\": 0.01064701285213232}, {\"id\": 3, \"seek\": 0, \"start\": 6.840000152587891, \"end\": 10.5600004196167, \"text\": \" Maybe a few years into my event planning adventure, I started to make some reels of some of the\", \"tokens\": [50706, 2704, 257, 1326, 924, 666, 452, 2280, 5038, 9868, 11, 286, 1409, 281, 652, 512, 319, 1625, 295, 512, 295, 264, 50892], \"temperature\": 0.0, \"avg_logprob\": -0.26973384618759155, \"compression_ratio\": 1.8494623899459839, \"no_speech_prob\": 0.01064701285213232}, {\"id\": 4, \"seek\": 0, \"start\": 10.5600004196167, \"end\": 14.4399995803833, \"text\": \" fitness events that I did, some of the parties, and then didn't really go viral or anything.\", \"tokens\": [50892, 15303, 3931, 300, 286, 630, 11, 512, 295, 264, 8265, 11, 293, 550, 994, 380, 534, 352, 16132, 420, 1340, 13, 51086], \"temperature\": 0.0, \"avg_logprob\": -0.26973384618759155, \"compression_ratio\": 1.8494623899459839, \"no_speech_prob\": 0.01064701285213232}, {\"id\": 5, \"seek\": 0, \"start\": 14.4399995803833, \"end\": 18.1200008392334, \"text\": \" It never has, but it just caught the attention of the community in Austin from the way that\", \"tokens\": [51086, 467, 1128, 575, 11, 457, 309, 445, 5415, 264, 3202, 295, 264, 1768, 294, 15356, 490, 264, 636, 300, 51270], \"temperature\": 0.0, \"avg_logprob\": -0.26973384618759155, \"compression_ratio\": 1.8494623899459839, \"no_speech_prob\": 0.01064701285213232}, {\"id\": 6, \"seek\": 0, \"start\": 18.1200008392334, \"end\": 19.1200008392334, \"text\": \" I did it.\", \"tokens\": [51270, 286, 630, 309, 13, 51320], \"temperature\": 0.0, \"avg_logprob\": -0.26973384618759155, \"compression_ratio\": 1.8494623899459839, \"no_speech_prob\": 0.01064701285213232}, {\"id\": 7, \"seek\": 0, \"start\": 19.1200008392334, \"end\": 20.520000457763672, \"text\": \" I had a creative friend that just named me.\", \"tokens\": [51320, 286, 632, 257, 5880, 1277, 300, 445, 4926, 385, 13, 51390], \"temperature\": 0.0, \"avg_logprob\": -0.26973384618759155, \"compression_ratio\": 1.8494623899459839, \"no_speech_prob\": 0.01064701285213232}, {\"id\": 8, \"seek\": 0, \"start\": 20.520000457763672, \"end\": 24.31999969482422, \"text\": \" The people named me Reel Daddy, and I accepted it, and it's been fun ever since.\", \"tokens\": [51390, 440, 561, 4926, 385, 1300, 338, 15323, 11, 293, 286, 9035, 309, 11, 293, 309, 311, 668, 1019, 1562, 1670, 13, 51580], \"temperature\": 0.0, \"avg_logprob\": -0.26973384618759155, \"compression_ratio\": 1.8494623899459839, \"no_speech_prob\": 0.01064701285213232}, {\"id\": 9, \"seek\": 0, \"start\": 24.31999969482422, \"end\": 25.479999542236328, \"text\": \" That's funny that the people named you.\", \"tokens\": [51580, 663, 311, 4074, 300, 264, 561, 4926, 291, 13, 51638], \"temperature\": 0.0, \"avg_logprob\": -0.26973384618759155, \"compression_ratio\": 1.8494623899459839, \"no_speech_prob\": 0.01064701285213232}, {\"id\": 10, \"seek\": 0, \"start\": 25.479999542236328, \"end\": 27.479999542236328, \"text\": \" I think that's always the best way to get names, you know?\", \"tokens\": [51638, 286, 519, 300, 311, 1009, 264, 1151, 636, 281, 483, 5288, 11, 291, 458, 30, 51738], \"temperature\": 0.0, \"avg_logprob\": -0.26973384618759155, \"compression_ratio\": 1.8494623899459839, \"no_speech_prob\": 0.01064701285213232}, {\"id\": 11, \"seek\": 2748, \"start\": 27.479999542236328, \"end\": 31.0, \"text\": \" I was hesitant to take that and just put it as my name, but I'm glad I did, because...\", \"tokens\": [50364, 286, 390, 36290, 281, 747, 300, 293, 445, 829, 309, 382, 452, 1315, 11, 457, 286, 478, 5404, 286, 630, 11, 570, 485, 50540], \"temperature\": 0.0, \"avg_logprob\": -0.3358325660228729, \"compression_ratio\": 1.0886075496673584, \"no_speech_prob\": 0.0780661329627037}]}"}