{"title": "Guys, steal your favorite comedian's material and use it on your dates.", "video_id": "efQlsOjK8b4", "video_url": "https://www.youtube.com/watch?v=efQlsOjK8b4", "description": "", "published_at": "2023-12-18T19:13:18Z", "channel_id": "UC0O-ohYDF4P66HW9XJ4Us8w", "channel_title": "Robbie Kramer", "tags": [], "category_id": "24", "live_broadcast_content": "none", "duration": 49.0, "dimension": "2d", "definition": "hd", "caption": "false", "view_count": 295, "like_count": 1, "comment_count": 0, "channel_info": {"title": "Robbie Kramer", "description": "I'm Robbie Kramer \ud83c\udf99Host of The Inner Confidence Podcast & Founder of Inner Confidence, Inc.\n\nI lived an exhilarating single life filled with adventures and lessons, and ultimately achieved what I had always aspired to \u2013 finding an amazing, feminine, and loving wife. \n\nI believe my experiences provide a rare balance of wild freedom and committed love, equipping me with the insights to help you navigate the complexities of dating and relationships in today's world. Let me guide you to embrace your desires, improve your social prowess, and ultimately attract the partner who aligns with your highest aspirations.\n\nYou won\u2019t find any fluffy, new-age, or cringy stuff here, just tested, proven and actionable advice that yields results.\n\nApply to join our exclusive Inner Confidence Community of ambitious men who are actively working together to achieve their goals faster   \u25ba https://innerconfidence.com/community\n\nYou can email me at robbie@innerconfidence.com with any questions or comments.\n", "subscriber_count": "1270", "total_views": "604693", "total_videos": "470"}, "comments": [], "file_path": "/Users/aelaguiz/workspace/fc_book/audio/raws/efQlsOjK8b4.mp3", "transcription": "{\"text\": \"Now the thing that, like, I don't know, I just love comedy and I'm a really bad comedian myself. Like, I can't, like, say jokes and, like, make people laugh. Like, I don't have this, um, how to say? Delivery. Delivery. You know, I always feel like, I don't, like, I don't want to joke because I don't think it will have a good delivery, but I love when people joke and I love to watch all those comedian guys on YouTube. So I think I would recommend to guys to, you know, choose a few comedians that they really like and just watch them all the time. I think it will help you to build, and especially they joke about dating a lot, about, like, red flags and stuff. I think you can even, like, take some of their jokes and lines and maybe, like, rephrase them and use them \", \"segments\": [{\"id\": 0, \"seek\": 0, \"start\": 0.0, \"end\": 6.960000038146973, \"text\": \" Now the thing that, like, I don't know, I just love comedy and I'm a really bad comedian myself.\", \"tokens\": [50364, 823, 264, 551, 300, 11, 411, 11, 286, 500, 380, 458, 11, 286, 445, 959, 13394, 293, 286, 478, 257, 534, 1578, 30212, 2059, 13, 50712], \"temperature\": 0.0, \"avg_logprob\": -0.25607067346572876, \"compression_ratio\": 1.7636363506317139, \"no_speech_prob\": 0.07880321145057678}, {\"id\": 1, \"seek\": 0, \"start\": 6.960000038146973, \"end\": 13.039999961853027, \"text\": \" Like, I can't, like, say jokes and, like, make people laugh. Like, I don't have this, um, how to\", \"tokens\": [50712, 1743, 11, 286, 393, 380, 11, 411, 11, 584, 14439, 293, 11, 411, 11, 652, 561, 5801, 13, 1743, 11, 286, 500, 380, 362, 341, 11, 1105, 11, 577, 281, 51016], \"temperature\": 0.0, \"avg_logprob\": -0.25607067346572876, \"compression_ratio\": 1.7636363506317139, \"no_speech_prob\": 0.07880321145057678}, {\"id\": 2, \"seek\": 0, \"start\": 13.039999961853027, \"end\": 18.399999618530273, \"text\": \" say? Delivery. Delivery. You know, I always feel like, I don't, like, I don't want to joke because\", \"tokens\": [51016, 584, 30, 5831, 8549, 13, 5831, 8549, 13, 509, 458, 11, 286, 1009, 841, 411, 11, 286, 500, 380, 11, 411, 11, 286, 500, 380, 528, 281, 7647, 570, 51284], \"temperature\": 0.0, \"avg_logprob\": -0.25607067346572876, \"compression_ratio\": 1.7636363506317139, \"no_speech_prob\": 0.07880321145057678}, {\"id\": 3, \"seek\": 0, \"start\": 18.399999618530273, \"end\": 23.84000015258789, \"text\": \" I don't think it will have a good delivery, but I love when people joke and I love to watch all\", \"tokens\": [51284, 286, 500, 380, 519, 309, 486, 362, 257, 665, 8982, 11, 457, 286, 959, 562, 561, 7647, 293, 286, 959, 281, 1159, 439, 51556], \"temperature\": 0.0, \"avg_logprob\": -0.25607067346572876, \"compression_ratio\": 1.7636363506317139, \"no_speech_prob\": 0.07880321145057678}, {\"id\": 4, \"seek\": 2384, \"start\": 23.84000015258789, \"end\": 30.639999389648438, \"text\": \" those comedian guys on YouTube. So I think I would recommend to guys to, you know, choose a few\", \"tokens\": [50364, 729, 30212, 1074, 322, 3088, 13, 407, 286, 519, 286, 576, 2748, 281, 1074, 281, 11, 291, 458, 11, 2826, 257, 1326, 50704], \"temperature\": 0.0, \"avg_logprob\": -0.20968590676784515, \"compression_ratio\": 1.7207207679748535, \"no_speech_prob\": 0.01517865713685751}, {\"id\": 5, \"seek\": 2384, \"start\": 30.639999389648438, \"end\": 34.880001068115234, \"text\": \" comedians that they really like and just watch them all the time. I think it will help you to\", \"tokens\": [50704, 18418, 2567, 300, 436, 534, 411, 293, 445, 1159, 552, 439, 264, 565, 13, 286, 519, 309, 486, 854, 291, 281, 50916], \"temperature\": 0.0, \"avg_logprob\": -0.20968590676784515, \"compression_ratio\": 1.7207207679748535, \"no_speech_prob\": 0.01517865713685751}, {\"id\": 6, \"seek\": 2384, \"start\": 34.880001068115234, \"end\": 41.279998779296875, \"text\": \" build, and especially they joke about dating a lot, about, like, red flags and stuff. I think\", \"tokens\": [50916, 1322, 11, 293, 2318, 436, 7647, 466, 10689, 257, 688, 11, 466, 11, 411, 11, 2182, 23265, 293, 1507, 13, 286, 519, 51236], \"temperature\": 0.0, \"avg_logprob\": -0.20968590676784515, \"compression_ratio\": 1.7207207679748535, \"no_speech_prob\": 0.01517865713685751}, {\"id\": 7, \"seek\": 2384, \"start\": 41.279998779296875, \"end\": 47.68000030517578, \"text\": \" you can even, like, take some of their jokes and lines and maybe, like, rephrase them and use them\", \"tokens\": [51236, 291, 393, 754, 11, 411, 11, 747, 512, 295, 641, 14439, 293, 3876, 293, 1310, 11, 411, 11, 319, 44598, 651, 552, 293, 764, 552, 51556], \"temperature\": 0.0, \"avg_logprob\": -0.20968590676784515, \"compression_ratio\": 1.7207207679748535, \"no_speech_prob\": 0.01517865713685751}]}"}