{"title": "Want her phone number? Use this simple opener and natural close script.", "video_id": "ehVi7nX_vPs", "video_url": "https://www.youtube.com/watch?v=ehVi7nX_vPs", "description": "", "published_at": "2023-07-09T18:48:56Z", "channel_id": "UC0O-ohYDF4P66HW9XJ4Us8w", "channel_title": "Robbie Kramer", "tags": [], "category_id": "24", "live_broadcast_content": "none", "duration": 35.0, "dimension": "2d", "definition": "hd", "caption": "false", "view_count": 2268, "like_count": 27, "comment_count": 1, "channel_info": {"title": "Robbie Kramer", "description": "I'm Robbie Kramer \ud83c\udf99Host of The Inner Confidence Podcast & Founder of Inner Confidence, Inc.\n\nI lived an exhilarating single life filled with adventures and lessons, and ultimately achieved what I had always aspired to \u2013 finding an amazing, feminine, and loving wife. \n\nI believe my experiences provide a rare balance of wild freedom and committed love, equipping me with the insights to help you navigate the complexities of dating and relationships in today's world. Let me guide you to embrace your desires, improve your social prowess, and ultimately attract the partner who aligns with your highest aspirations.\n\nYou won\u2019t find any fluffy, new-age, or cringy stuff here, just tested, proven and actionable advice that yields results.\n\nApply to join our exclusive Inner Confidence Community of ambitious men who are actively working together to achieve their goals faster   \u25ba https://innerconfidence.com/community\n\nYou can email me at robbie@innerconfidence.com with any questions or comments.\n", "subscriber_count": "1270", "total_views": "604693", "total_videos": "470"}, "comments": [], "file_path": "/Users/aelaguiz/workspace/fc_book/audio/raws/ehVi7nX_vPs.mp3", "transcription": "{\"text\": \"Anytime you talk to a random girl in a situation and you're approaching her, she's got more status than you do effectively. And you need to find a way to kind of even it out. You can do that with humor and all of those different things that Will Smith demonstrated, but like just an easy opening line. One of the lines that I like to use would be like, hey, not to be that creepy guy that like hits on you on the street, but I gotta be that creepy guy. I'm Robbie. So I know we're like on the sidewalk here. I don't know. What the hell are you supposed to ask someone that you just like me? I don't know. What's your favorite color? Black? I figured he'd say black. Anyways, you're busy. I'm busy. I got to run. Give me your number. If you don't like me, give me a fake one. That's just like a simple elevator pitch and example of how you can kind of call the. \", \"segments\": [{\"id\": 0, \"seek\": 0, \"start\": 0.0, \"end\": 3.8399999141693115, \"text\": \" Anytime you talk to a random girl in a situation and you're approaching her,\", \"tokens\": [50364, 39401, 291, 751, 281, 257, 4974, 2013, 294, 257, 2590, 293, 291, 434, 14908, 720, 11, 50556], \"temperature\": 0.0, \"avg_logprob\": -0.22749851644039154, \"compression_ratio\": 1.7588075399398804, \"no_speech_prob\": 0.23570670187473297}, {\"id\": 1, \"seek\": 0, \"start\": 3.8399999141693115, \"end\": 8.0, \"text\": \" she's got more status than you do effectively. And you need to find a way to kind of even it out.\", \"tokens\": [50556, 750, 311, 658, 544, 6558, 813, 291, 360, 8659, 13, 400, 291, 643, 281, 915, 257, 636, 281, 733, 295, 754, 309, 484, 13, 50764], \"temperature\": 0.0, \"avg_logprob\": -0.22749851644039154, \"compression_ratio\": 1.7588075399398804, \"no_speech_prob\": 0.23570670187473297}, {\"id\": 2, \"seek\": 0, \"start\": 8.0, \"end\": 12.15999984741211, \"text\": \" You can do that with humor and all of those different things that Will Smith demonstrated,\", \"tokens\": [50764, 509, 393, 360, 300, 365, 14318, 293, 439, 295, 729, 819, 721, 300, 3099, 8538, 18772, 11, 50972], \"temperature\": 0.0, \"avg_logprob\": -0.22749851644039154, \"compression_ratio\": 1.7588075399398804, \"no_speech_prob\": 0.23570670187473297}, {\"id\": 3, \"seek\": 0, \"start\": 12.15999984741211, \"end\": 15.4399995803833, \"text\": \" but like just an easy opening line. One of the lines that I like to use would be like,\", \"tokens\": [50972, 457, 411, 445, 364, 1858, 5193, 1622, 13, 1485, 295, 264, 3876, 300, 286, 411, 281, 764, 576, 312, 411, 11, 51136], \"temperature\": 0.0, \"avg_logprob\": -0.22749851644039154, \"compression_ratio\": 1.7588075399398804, \"no_speech_prob\": 0.23570670187473297}, {\"id\": 4, \"seek\": 0, \"start\": 15.4399995803833, \"end\": 19.280000686645508, \"text\": \" hey, not to be that creepy guy that like hits on you on the street, but I gotta be that creepy guy.\", \"tokens\": [51136, 4177, 11, 406, 281, 312, 300, 14717, 2146, 300, 411, 8664, 322, 291, 322, 264, 4838, 11, 457, 286, 3428, 312, 300, 14717, 2146, 13, 51328], \"temperature\": 0.0, \"avg_logprob\": -0.22749851644039154, \"compression_ratio\": 1.7588075399398804, \"no_speech_prob\": 0.23570670187473297}, {\"id\": 5, \"seek\": 0, \"start\": 19.280000686645508, \"end\": 23.040000915527344, \"text\": \" I'm Robbie. So I know we're like on the sidewalk here. I don't know. What the hell are you supposed\", \"tokens\": [51328, 286, 478, 45749, 13, 407, 286, 458, 321, 434, 411, 322, 264, 25360, 510, 13, 286, 500, 380, 458, 13, 708, 264, 4921, 366, 291, 3442, 51516], \"temperature\": 0.0, \"avg_logprob\": -0.22749851644039154, \"compression_ratio\": 1.7588075399398804, \"no_speech_prob\": 0.23570670187473297}, {\"id\": 6, \"seek\": 0, \"start\": 23.040000915527344, \"end\": 26.639999389648438, \"text\": \" to ask someone that you just like me? I don't know. What's your favorite color? Black? I figured\", \"tokens\": [51516, 281, 1029, 1580, 300, 291, 445, 411, 385, 30, 286, 500, 380, 458, 13, 708, 311, 428, 2954, 2017, 30, 4076, 30, 286, 8932, 51696], \"temperature\": 0.0, \"avg_logprob\": -0.22749851644039154, \"compression_ratio\": 1.7588075399398804, \"no_speech_prob\": 0.23570670187473297}, {\"id\": 7, \"seek\": 2664, \"start\": 26.639999389648438, \"end\": 30.079999923706055, \"text\": \" he'd say black. Anyways, you're busy. I'm busy. I got to run. Give me your number. If you don't\", \"tokens\": [50364, 415, 1116, 584, 2211, 13, 15585, 11, 291, 434, 5856, 13, 286, 478, 5856, 13, 286, 658, 281, 1190, 13, 5303, 385, 428, 1230, 13, 759, 291, 500, 380, 50536], \"temperature\": 0.0, \"avg_logprob\": -0.2500625252723694, \"compression_ratio\": 1.39072847366333, \"no_speech_prob\": 0.7876377701759338}, {\"id\": 8, \"seek\": 2664, \"start\": 30.079999923706055, \"end\": 33.439998626708984, \"text\": \" like me, give me a fake one. That's just like a simple elevator pitch and example of how you can\", \"tokens\": [50536, 411, 385, 11, 976, 385, 257, 7592, 472, 13, 663, 311, 445, 411, 257, 2199, 18782, 7293, 293, 1365, 295, 577, 291, 393, 50704], \"temperature\": 0.0, \"avg_logprob\": -0.2500625252723694, \"compression_ratio\": 1.39072847366333, \"no_speech_prob\": 0.7876377701759338}, {\"id\": 9, \"seek\": 2664, \"start\": 33.439998626708984, \"end\": 33.84000015258789, \"text\": \" kind of call the.\", \"tokens\": [50704, 733, 295, 818, 264, 13, 50724], \"temperature\": 0.0, \"avg_logprob\": -0.2500625252723694, \"compression_ratio\": 1.39072847366333, \"no_speech_prob\": 0.7876377701759338}]}"}