{"title": "3 Books Every Single Man MUST Read", "video_id": "Eig7JkSdiTA", "video_url": "https://www.youtube.com/watch?v=Eig7JkSdiTA", "description": "", "published_at": "2023-05-14T02:31:53Z", "channel_id": "UC0O-ohYDF4P66HW9XJ4Us8w", "channel_title": "Robbie Kramer", "tags": [], "category_id": "24", "live_broadcast_content": "none", "duration": 55.0, "dimension": "2d", "definition": "hd", "caption": "false", "view_count": 370, "like_count": 9, "comment_count": 0, "channel_info": {"title": "Robbie Kramer", "description": "I'm Robbie Kramer \ud83c\udf99Host of The Inner Confidence Podcast & Founder of Inner Confidence, Inc.\n\nI lived an exhilarating single life filled with adventures and lessons, and ultimately achieved what I had always aspired to \u2013 finding an amazing, feminine, and loving wife. \n\nI believe my experiences provide a rare balance of wild freedom and committed love, equipping me with the insights to help you navigate the complexities of dating and relationships in today's world. Let me guide you to embrace your desires, improve your social prowess, and ultimately attract the partner who aligns with your highest aspirations.\n\nYou won\u2019t find any fluffy, new-age, or cringy stuff here, just tested, proven and actionable advice that yields results.\n\nApply to join our exclusive Inner Confidence Community of ambitious men who are actively working together to achieve their goals faster   \u25ba https://innerconfidence.com/community\n\nYou can email me at robbie@innerconfidence.com with any questions or comments.\n", "subscriber_count": "1270", "total_views": "604693", "total_videos": "470"}, "comments": [], "file_path": "/Users/aelaguiz/workspace/fc_book/audio/raws/Eig7JkSdiTA.mp3", "transcription": "{\"text\": \"During that process, I really recommend that every guy read The Way of the Superior Man by David Data. That will explain masculine versus feminine energy and how attraction and polarity works. Very quick and easy read, The Way of the Superior Man by David Data. And then there's two other really good books that just do an amazing job of summarizing the entire journey and making sure guys have the correct sort of mindset going in. The first one is Mate by Tucker Max and the next one is Models by Mark Manson. Once you read those books, then you need to get out and you need to approach women because you need to get past your fear of rejection. If you ask people's two biggest fears, it's public speaking. The second fear would probably be like approaching a beautiful woman. That is the personal journey that if you go through, if you transform your relationship to rejection, you will have an abundance of women in your life in a relatively short period of time. \", \"segments\": [{\"id\": 0, \"seek\": 0, \"start\": 0.0, \"end\": 2.640000104904175, \"text\": \" During that process, I really recommend that every guy read\", \"tokens\": [50364, 6842, 300, 1399, 11, 286, 534, 2748, 300, 633, 2146, 1401, 50496], \"temperature\": 0.0, \"avg_logprob\": -0.27888375520706177, \"compression_ratio\": 1.7322033643722534, \"no_speech_prob\": 0.08987610787153244}, {\"id\": 1, \"seek\": 0, \"start\": 2.640000104904175, \"end\": 5.0, \"text\": \" The Way of the Superior Man by David Data.\", \"tokens\": [50496, 440, 9558, 295, 264, 48953, 2458, 538, 4389, 11888, 13, 50614], \"temperature\": 0.0, \"avg_logprob\": -0.27888375520706177, \"compression_ratio\": 1.7322033643722534, \"no_speech_prob\": 0.08987610787153244}, {\"id\": 2, \"seek\": 0, \"start\": 5.0, \"end\": 7.679999828338623, \"text\": \" That will explain masculine versus feminine energy\", \"tokens\": [50614, 663, 486, 2903, 28992, 5717, 24648, 2281, 50748], \"temperature\": 0.0, \"avg_logprob\": -0.27888375520706177, \"compression_ratio\": 1.7322033643722534, \"no_speech_prob\": 0.08987610787153244}, {\"id\": 3, \"seek\": 0, \"start\": 7.679999828338623, \"end\": 10.640000343322754, \"text\": \" and how attraction and polarity works.\", \"tokens\": [50748, 293, 577, 17672, 293, 12367, 507, 1985, 13, 50896], \"temperature\": 0.0, \"avg_logprob\": -0.27888375520706177, \"compression_ratio\": 1.7322033643722534, \"no_speech_prob\": 0.08987610787153244}, {\"id\": 4, \"seek\": 0, \"start\": 10.640000343322754, \"end\": 13.880000114440918, \"text\": \" Very quick and easy read, The Way of the Superior Man by David Data.\", \"tokens\": [50896, 4372, 1702, 293, 1858, 1401, 11, 440, 9558, 295, 264, 48953, 2458, 538, 4389, 11888, 13, 51058], \"temperature\": 0.0, \"avg_logprob\": -0.27888375520706177, \"compression_ratio\": 1.7322033643722534, \"no_speech_prob\": 0.08987610787153244}, {\"id\": 5, \"seek\": 0, \"start\": 13.880000114440918, \"end\": 15.479999542236328, \"text\": \" And then there's two other really good books\", \"tokens\": [51058, 400, 550, 456, 311, 732, 661, 534, 665, 3642, 51138], \"temperature\": 0.0, \"avg_logprob\": -0.27888375520706177, \"compression_ratio\": 1.7322033643722534, \"no_speech_prob\": 0.08987610787153244}, {\"id\": 6, \"seek\": 0, \"start\": 15.479999542236328, \"end\": 19.68000030517578, \"text\": \" that just do an amazing job of summarizing the entire journey\", \"tokens\": [51138, 300, 445, 360, 364, 2243, 1691, 295, 14611, 3319, 264, 2302, 4671, 51348], \"temperature\": 0.0, \"avg_logprob\": -0.27888375520706177, \"compression_ratio\": 1.7322033643722534, \"no_speech_prob\": 0.08987610787153244}, {\"id\": 7, \"seek\": 0, \"start\": 19.68000030517578, \"end\": 23.1200008392334, \"text\": \" and making sure guys have the correct sort of mindset going in.\", \"tokens\": [51348, 293, 1455, 988, 1074, 362, 264, 3006, 1333, 295, 12543, 516, 294, 13, 51520], \"temperature\": 0.0, \"avg_logprob\": -0.27888375520706177, \"compression_ratio\": 1.7322033643722534, \"no_speech_prob\": 0.08987610787153244}, {\"id\": 8, \"seek\": 0, \"start\": 23.1200008392334, \"end\": 25.600000381469727, \"text\": \" The first one is Mate by Tucker Max\", \"tokens\": [51520, 440, 700, 472, 307, 27594, 538, 35581, 7402, 51644], \"temperature\": 0.0, \"avg_logprob\": -0.27888375520706177, \"compression_ratio\": 1.7322033643722534, \"no_speech_prob\": 0.08987610787153244}, {\"id\": 9, \"seek\": 0, \"start\": 25.600000381469727, \"end\": 28.15999984741211, \"text\": \" and the next one is Models by Mark Manson.\", \"tokens\": [51644, 293, 264, 958, 472, 307, 6583, 1625, 538, 3934, 23167, 266, 13, 51772], \"temperature\": 0.0, \"avg_logprob\": -0.27888375520706177, \"compression_ratio\": 1.7322033643722534, \"no_speech_prob\": 0.08987610787153244}, {\"id\": 10, \"seek\": 2816, \"start\": 28.200000762939453, \"end\": 31.31999969482422, \"text\": \" Once you read those books, then you need to get out\", \"tokens\": [50366, 3443, 291, 1401, 729, 3642, 11, 550, 291, 643, 281, 483, 484, 50522], \"temperature\": 0.0, \"avg_logprob\": -0.22806315124034882, \"compression_ratio\": 1.7234848737716675, \"no_speech_prob\": 0.0006359351682476699}, {\"id\": 11, \"seek\": 2816, \"start\": 31.31999969482422, \"end\": 32.36000061035156, \"text\": \" and you need to approach women\", \"tokens\": [50522, 293, 291, 643, 281, 3109, 2266, 50574], \"temperature\": 0.0, \"avg_logprob\": -0.22806315124034882, \"compression_ratio\": 1.7234848737716675, \"no_speech_prob\": 0.0006359351682476699}, {\"id\": 12, \"seek\": 2816, \"start\": 32.36000061035156, \"end\": 34.599998474121094, \"text\": \" because you need to get past your fear of rejection.\", \"tokens\": [50574, 570, 291, 643, 281, 483, 1791, 428, 4240, 295, 26044, 13, 50686], \"temperature\": 0.0, \"avg_logprob\": -0.22806315124034882, \"compression_ratio\": 1.7234848737716675, \"no_speech_prob\": 0.0006359351682476699}, {\"id\": 13, \"seek\": 2816, \"start\": 34.599998474121094, \"end\": 38.63999938964844, \"text\": \" If you ask people's two biggest fears, it's public speaking.\", \"tokens\": [50686, 759, 291, 1029, 561, 311, 732, 3880, 15649, 11, 309, 311, 1908, 4124, 13, 50888], \"temperature\": 0.0, \"avg_logprob\": -0.22806315124034882, \"compression_ratio\": 1.7234848737716675, \"no_speech_prob\": 0.0006359351682476699}, {\"id\": 14, \"seek\": 2816, \"start\": 38.63999938964844, \"end\": 41.119998931884766, \"text\": \" The second fear would probably be like approaching a beautiful woman.\", \"tokens\": [50888, 440, 1150, 4240, 576, 1391, 312, 411, 14908, 257, 2238, 3059, 13, 51012], \"temperature\": 0.0, \"avg_logprob\": -0.22806315124034882, \"compression_ratio\": 1.7234848737716675, \"no_speech_prob\": 0.0006359351682476699}, {\"id\": 15, \"seek\": 2816, \"start\": 41.119998931884766, \"end\": 46.400001525878906, \"text\": \" That is the personal journey that if you go through,\", \"tokens\": [51012, 663, 307, 264, 2973, 4671, 300, 498, 291, 352, 807, 11, 51276], \"temperature\": 0.0, \"avg_logprob\": -0.22806315124034882, \"compression_ratio\": 1.7234848737716675, \"no_speech_prob\": 0.0006359351682476699}, {\"id\": 16, \"seek\": 2816, \"start\": 46.400001525878906, \"end\": 50.040000915527344, \"text\": \" if you transform your relationship to rejection,\", \"tokens\": [51276, 498, 291, 4088, 428, 2480, 281, 26044, 11, 51458], \"temperature\": 0.0, \"avg_logprob\": -0.22806315124034882, \"compression_ratio\": 1.7234848737716675, \"no_speech_prob\": 0.0006359351682476699}, {\"id\": 17, \"seek\": 2816, \"start\": 50.040000915527344, \"end\": 52.36000061035156, \"text\": \" you will have an abundance of women in your life\", \"tokens\": [51458, 291, 486, 362, 364, 23391, 295, 2266, 294, 428, 993, 51574], \"temperature\": 0.0, \"avg_logprob\": -0.22806315124034882, \"compression_ratio\": 1.7234848737716675, \"no_speech_prob\": 0.0006359351682476699}, {\"id\": 18, \"seek\": 2816, \"start\": 52.36000061035156, \"end\": 53.959999084472656, \"text\": \" in a relatively short period of time.\", \"tokens\": [51574, 294, 257, 7226, 2099, 2896, 295, 565, 13, 51654], \"temperature\": 0.0, \"avg_logprob\": -0.22806315124034882, \"compression_ratio\": 1.7234848737716675, \"no_speech_prob\": 0.0006359351682476699}]}"}