{"title": "What sort of content is winning on social media these days for meeting women\u2026", "video_id": "EOdZ8ElMnBk", "video_url": "https://www.youtube.com/watch?v=EOdZ8ElMnBk", "description": "", "published_at": "2023-05-10T21:08:04Z", "channel_id": "UC0O-ohYDF4P66HW9XJ4Us8w", "channel_title": "Robbie Kramer", "tags": [], "category_id": "24", "live_broadcast_content": "none", "duration": 27.0, "dimension": "2d", "definition": "hd", "caption": "false", "view_count": 374, "like_count": 4, "comment_count": 0, "channel_info": {"title": "Robbie Kramer", "description": "I'm Robbie Kramer \ud83c\udf99Host of The Inner Confidence Podcast & Founder of Inner Confidence, Inc.\n\nI lived an exhilarating single life filled with adventures and lessons, and ultimately achieved what I had always aspired to \u2013 finding an amazing, feminine, and loving wife. \n\nI believe my experiences provide a rare balance of wild freedom and committed love, equipping me with the insights to help you navigate the complexities of dating and relationships in today's world. Let me guide you to embrace your desires, improve your social prowess, and ultimately attract the partner who aligns with your highest aspirations.\n\nYou won\u2019t find any fluffy, new-age, or cringy stuff here, just tested, proven and actionable advice that yields results.\n\nApply to join our exclusive Inner Confidence Community of ambitious men who are actively working together to achieve their goals faster   \u25ba https://innerconfidence.com/community\n\nYou can email me at robbie@innerconfidence.com with any questions or comments.\n", "subscriber_count": "1270", "total_views": "604693", "total_videos": "470"}, "comments": [], "file_path": "/Users/aelaguiz/workspace/fc_book/audio/raws/EOdZ8ElMnBk.mp3", "transcription": "{\"text\": \"Social media has kind of degraded the human condition. No one's really that impressed anymore with this sloppy content. What people do want is they want authenticity. They want to see people just posting stories of their everyday life, not even necessarily doing cool stuff, but just showing that they're interesting, they're funny, they're witty. It's like one or two stories a day. It could be this thing you cook for dinner. It could be you walk me into the park. It could be a cool shot that you snap on your phone, and you make a little witty comment about that. And the beauty of doing that is the women who like you are going to make it painfully obvious. \", \"segments\": [{\"id\": 0, \"seek\": 0, \"start\": 0.0, \"end\": 2.4000000953674316, \"text\": \" Social media has kind of degraded the human condition.\", \"tokens\": [50364, 9909, 3021, 575, 733, 295, 24740, 292, 264, 1952, 4188, 13, 50484], \"temperature\": 0.0, \"avg_logprob\": -0.27232152223587036, \"compression_ratio\": 1.8186813592910767, \"no_speech_prob\": 0.0024634096771478653}, {\"id\": 1, \"seek\": 0, \"start\": 2.4000000953674316, \"end\": 5.300000190734863, \"text\": \" No one's really that impressed anymore with this sloppy content.\", \"tokens\": [50484, 883, 472, 311, 534, 300, 11679, 3602, 365, 341, 1061, 17158, 88, 2701, 13, 50629], \"temperature\": 0.0, \"avg_logprob\": -0.27232152223587036, \"compression_ratio\": 1.8186813592910767, \"no_speech_prob\": 0.0024634096771478653}, {\"id\": 2, \"seek\": 0, \"start\": 5.300000190734863, \"end\": 7.0, \"text\": \" What people do want is they want authenticity.\", \"tokens\": [50629, 708, 561, 360, 528, 307, 436, 528, 34215, 13, 50714], \"temperature\": 0.0, \"avg_logprob\": -0.27232152223587036, \"compression_ratio\": 1.8186813592910767, \"no_speech_prob\": 0.0024634096771478653}, {\"id\": 3, \"seek\": 0, \"start\": 7.0, \"end\": 9.600000381469727, \"text\": \" They want to see people just posting stories of their everyday life,\", \"tokens\": [50714, 814, 528, 281, 536, 561, 445, 15978, 3676, 295, 641, 7429, 993, 11, 50844], \"temperature\": 0.0, \"avg_logprob\": -0.27232152223587036, \"compression_ratio\": 1.8186813592910767, \"no_speech_prob\": 0.0024634096771478653}, {\"id\": 4, \"seek\": 0, \"start\": 9.600000381469727, \"end\": 11.199999809265137, \"text\": \" not even necessarily doing cool stuff,\", \"tokens\": [50844, 406, 754, 4725, 884, 1627, 1507, 11, 50924], \"temperature\": 0.0, \"avg_logprob\": -0.27232152223587036, \"compression_ratio\": 1.8186813592910767, \"no_speech_prob\": 0.0024634096771478653}, {\"id\": 5, \"seek\": 0, \"start\": 11.199999809265137, \"end\": 14.300000190734863, \"text\": \" but just showing that they're interesting, they're funny, they're witty.\", \"tokens\": [50924, 457, 445, 4099, 300, 436, 434, 1880, 11, 436, 434, 4074, 11, 436, 434, 261, 10016, 13, 51079], \"temperature\": 0.0, \"avg_logprob\": -0.27232152223587036, \"compression_ratio\": 1.8186813592910767, \"no_speech_prob\": 0.0024634096771478653}, {\"id\": 6, \"seek\": 0, \"start\": 14.300000190734863, \"end\": 15.699999809265137, \"text\": \" It's like one or two stories a day.\", \"tokens\": [51079, 467, 311, 411, 472, 420, 732, 3676, 257, 786, 13, 51149], \"temperature\": 0.0, \"avg_logprob\": -0.27232152223587036, \"compression_ratio\": 1.8186813592910767, \"no_speech_prob\": 0.0024634096771478653}, {\"id\": 7, \"seek\": 0, \"start\": 15.699999809265137, \"end\": 17.0, \"text\": \" It could be this thing you cook for dinner.\", \"tokens\": [51149, 467, 727, 312, 341, 551, 291, 2543, 337, 6148, 13, 51214], \"temperature\": 0.0, \"avg_logprob\": -0.27232152223587036, \"compression_ratio\": 1.8186813592910767, \"no_speech_prob\": 0.0024634096771478653}, {\"id\": 8, \"seek\": 0, \"start\": 17.0, \"end\": 18.299999237060547, \"text\": \" It could be you walk me into the park.\", \"tokens\": [51214, 467, 727, 312, 291, 1792, 385, 666, 264, 3884, 13, 51279], \"temperature\": 0.0, \"avg_logprob\": -0.27232152223587036, \"compression_ratio\": 1.8186813592910767, \"no_speech_prob\": 0.0024634096771478653}, {\"id\": 9, \"seek\": 0, \"start\": 18.299999237060547, \"end\": 20.600000381469727, \"text\": \" It could be a cool shot that you snap on your phone,\", \"tokens\": [51279, 467, 727, 312, 257, 1627, 3347, 300, 291, 13650, 322, 428, 2593, 11, 51394], \"temperature\": 0.0, \"avg_logprob\": -0.27232152223587036, \"compression_ratio\": 1.8186813592910767, \"no_speech_prob\": 0.0024634096771478653}, {\"id\": 10, \"seek\": 0, \"start\": 20.600000381469727, \"end\": 22.100000381469727, \"text\": \" and you make a little witty comment about that.\", \"tokens\": [51394, 293, 291, 652, 257, 707, 261, 10016, 2871, 466, 300, 13, 51469], \"temperature\": 0.0, \"avg_logprob\": -0.27232152223587036, \"compression_ratio\": 1.8186813592910767, \"no_speech_prob\": 0.0024634096771478653}, {\"id\": 11, \"seek\": 0, \"start\": 22.100000381469727, \"end\": 26.100000381469727, \"text\": \" And the beauty of doing that is the women who like you are going to make it painfully obvious.\", \"tokens\": [51469, 400, 264, 6643, 295, 884, 300, 307, 264, 2266, 567, 411, 291, 366, 516, 281, 652, 309, 1822, 2277, 6322, 13, 51669], \"temperature\": 0.0, \"avg_logprob\": -0.27232152223587036, \"compression_ratio\": 1.8186813592910767, \"no_speech_prob\": 0.0024634096771478653}]}"}