{"title": "How Promoters Get Free Dinners For Themselves & Their Girlfriends", "video_id": "Eon40Eh6r0I", "video_url": "https://www.youtube.com/watch?v=Eon40Eh6r0I", "description": "", "published_at": "2023-12-21T17:35:41Z", "channel_id": "UC0O-ohYDF4P66HW9XJ4Us8w", "channel_title": "Robbie Kramer", "tags": [], "category_id": "24", "live_broadcast_content": "none", "duration": 42.0, "dimension": "2d", "definition": "hd", "caption": "false", "view_count": 4136, "like_count": 49, "comment_count": 1, "channel_info": {"title": "Robbie Kramer", "description": "I'm Robbie Kramer \ud83c\udf99Host of The Inner Confidence Podcast & Founder of Inner Confidence, Inc.\n\nI lived an exhilarating single life filled with adventures and lessons, and ultimately achieved what I had always aspired to \u2013 finding an amazing, feminine, and loving wife. \n\nI believe my experiences provide a rare balance of wild freedom and committed love, equipping me with the insights to help you navigate the complexities of dating and relationships in today's world. Let me guide you to embrace your desires, improve your social prowess, and ultimately attract the partner who aligns with your highest aspirations.\n\nYou won\u2019t find any fluffy, new-age, or cringy stuff here, just tested, proven and actionable advice that yields results.\n\nApply to join our exclusive Inner Confidence Community of ambitious men who are actively working together to achieve their goals faster   \u25ba https://innerconfidence.com/community\n\nYou can email me at robbie@innerconfidence.com with any questions or comments.\n", "subscriber_count": "1270", "total_views": "604693", "total_videos": "470"}, "comments": [], "file_path": "/Users/aelaguiz/workspace/fc_book/audio/raws/Eon40Eh6r0I.mp3", "transcription": "{\"text\": \"They, they want hot girls there. So when guys consider like buying a bottle and they see the hot girls, the tables are like, fuck, I gotta buy a bottle. Otherwise I have no access to those girls. Right. Even though they still have no access, but so there's a restaurant, like there was a place right next to Delilah's in LA, which is across from Laurel hardware, which is a big club, not a big club, but like good club, that's really tough to get into. Um, and the French restaurant, like just down the street would offer like promoter dinners because they knew that they, the people that were going to Delilah's would see that restaurant or they'd come there first. Right. So I would look for like fancier restaurants that are close to the club. \", \"segments\": [{\"id\": 0, \"seek\": 0, \"start\": 0.0, \"end\": 1.2799999713897705, \"text\": \" They, they want hot girls there.\", \"tokens\": [50364, 814, 11, 436, 528, 2368, 4519, 456, 13, 50428], \"temperature\": 0.0, \"avg_logprob\": -0.27574482560157776, \"compression_ratio\": 1.7598683834075928, \"no_speech_prob\": 0.03161356970667839}, {\"id\": 1, \"seek\": 0, \"start\": 1.2799999713897705, \"end\": 5.199999809265137, \"text\": \" So when guys consider like buying a bottle and they see the hot girls, the\", \"tokens\": [50428, 407, 562, 1074, 1949, 411, 6382, 257, 7817, 293, 436, 536, 264, 2368, 4519, 11, 264, 50624], \"temperature\": 0.0, \"avg_logprob\": -0.27574482560157776, \"compression_ratio\": 1.7598683834075928, \"no_speech_prob\": 0.03161356970667839}, {\"id\": 2, \"seek\": 0, \"start\": 5.199999809265137, \"end\": 6.900000095367432, \"text\": \" tables are like, fuck, I gotta buy a bottle.\", \"tokens\": [50624, 8020, 366, 411, 11, 3275, 11, 286, 3428, 2256, 257, 7817, 13, 50709], \"temperature\": 0.0, \"avg_logprob\": -0.27574482560157776, \"compression_ratio\": 1.7598683834075928, \"no_speech_prob\": 0.03161356970667839}, {\"id\": 3, \"seek\": 0, \"start\": 6.900000095367432, \"end\": 8.640000343322754, \"text\": \" Otherwise I have no access to those girls.\", \"tokens\": [50709, 10328, 286, 362, 572, 2105, 281, 729, 4519, 13, 50796], \"temperature\": 0.0, \"avg_logprob\": -0.27574482560157776, \"compression_ratio\": 1.7598683834075928, \"no_speech_prob\": 0.03161356970667839}, {\"id\": 4, \"seek\": 0, \"start\": 8.640000343322754, \"end\": 8.84000015258789, \"text\": \" Right.\", \"tokens\": [50796, 1779, 13, 50806], \"temperature\": 0.0, \"avg_logprob\": -0.27574482560157776, \"compression_ratio\": 1.7598683834075928, \"no_speech_prob\": 0.03161356970667839}, {\"id\": 5, \"seek\": 0, \"start\": 8.84000015258789, \"end\": 12.479999542236328, \"text\": \" Even though they still have no access, but so there's a restaurant, like there\", \"tokens\": [50806, 2754, 1673, 436, 920, 362, 572, 2105, 11, 457, 370, 456, 311, 257, 6383, 11, 411, 456, 50988], \"temperature\": 0.0, \"avg_logprob\": -0.27574482560157776, \"compression_ratio\": 1.7598683834075928, \"no_speech_prob\": 0.03161356970667839}, {\"id\": 6, \"seek\": 0, \"start\": 12.479999542236328, \"end\": 16.799999237060547, \"text\": \" was a place right next to Delilah's in LA, which is across from Laurel hardware,\", \"tokens\": [50988, 390, 257, 1081, 558, 958, 281, 5831, 45014, 311, 294, 9855, 11, 597, 307, 2108, 490, 27270, 75, 8837, 11, 51204], \"temperature\": 0.0, \"avg_logprob\": -0.27574482560157776, \"compression_ratio\": 1.7598683834075928, \"no_speech_prob\": 0.03161356970667839}, {\"id\": 7, \"seek\": 0, \"start\": 16.799999237060547, \"end\": 21.239999771118164, \"text\": \" which is a big club, not a big club, but like good club, that's really tough to\", \"tokens\": [51204, 597, 307, 257, 955, 6482, 11, 406, 257, 955, 6482, 11, 457, 411, 665, 6482, 11, 300, 311, 534, 4930, 281, 51426], \"temperature\": 0.0, \"avg_logprob\": -0.27574482560157776, \"compression_ratio\": 1.7598683834075928, \"no_speech_prob\": 0.03161356970667839}, {\"id\": 8, \"seek\": 0, \"start\": 21.239999771118164, \"end\": 21.719999313354492, \"text\": \" get into.\", \"tokens\": [51426, 483, 666, 13, 51450], \"temperature\": 0.0, \"avg_logprob\": -0.27574482560157776, \"compression_ratio\": 1.7598683834075928, \"no_speech_prob\": 0.03161356970667839}, {\"id\": 9, \"seek\": 0, \"start\": 22.1200008392334, \"end\": 28.920000076293945, \"text\": \" Um, and the French restaurant, like just down the street would offer like promoter\", \"tokens\": [51470, 3301, 11, 293, 264, 5522, 6383, 11, 411, 445, 760, 264, 4838, 576, 2626, 411, 6609, 260, 51810], \"temperature\": 0.0, \"avg_logprob\": -0.27574482560157776, \"compression_ratio\": 1.7598683834075928, \"no_speech_prob\": 0.03161356970667839}, {\"id\": 10, \"seek\": 2892, \"start\": 28.959999084472656, \"end\": 33.47999954223633, \"text\": \" dinners because they knew that they, the people that were going to Delilah's\", \"tokens\": [50366, 3791, 2999, 570, 436, 2586, 300, 436, 11, 264, 561, 300, 645, 516, 281, 5831, 45014, 311, 50592], \"temperature\": 0.0, \"avg_logprob\": -0.27857738733291626, \"compression_ratio\": 1.4482758045196533, \"no_speech_prob\": 0.31396621465682983}, {\"id\": 11, \"seek\": 2892, \"start\": 33.47999954223633, \"end\": 35.720001220703125, \"text\": \" would see that restaurant or they'd come there first.\", \"tokens\": [50592, 576, 536, 300, 6383, 420, 436, 1116, 808, 456, 700, 13, 50704], \"temperature\": 0.0, \"avg_logprob\": -0.27857738733291626, \"compression_ratio\": 1.4482758045196533, \"no_speech_prob\": 0.31396621465682983}, {\"id\": 12, \"seek\": 2892, \"start\": 36.08000183105469, \"end\": 36.439998626708984, \"text\": \" Right.\", \"tokens\": [50722, 1779, 13, 50740], \"temperature\": 0.0, \"avg_logprob\": -0.27857738733291626, \"compression_ratio\": 1.4482758045196533, \"no_speech_prob\": 0.31396621465682983}, {\"id\": 13, \"seek\": 2892, \"start\": 36.439998626708984, \"end\": 41.040000915527344, \"text\": \" So I would look for like fancier restaurants that are close to the club.\", \"tokens\": [50740, 407, 286, 576, 574, 337, 411, 3429, 27674, 11486, 300, 366, 1998, 281, 264, 6482, 13, 50970], \"temperature\": 0.0, \"avg_logprob\": -0.27857738733291626, \"compression_ratio\": 1.4482758045196533, \"no_speech_prob\": 0.31396621465682983}]}"}