{"title": "The Girl You've Been Seeing Stopped Responding, Leaving You To Wonder Why?...", "video_id": "eTlUh7Cs9yE", "video_url": "https://www.youtube.com/watch?v=eTlUh7Cs9yE", "description": "How To Date Model Quality Women as Soon As Next Month, Even if You're Not, Rich, Tall or Famous: https://www.innerconfidence.com/community", "published_at": "2023-12-24T15:41:28Z", "channel_id": "UC0O-ohYDF4P66HW9XJ4Us8w", "channel_title": "Robbie Kramer", "tags": [], "category_id": "24", "live_broadcast_content": "none", "duration": 158.0, "dimension": "2d", "definition": "hd", "caption": "false", "view_count": 196, "like_count": 1, "comment_count": 0, "channel_info": {"title": "Robbie Kramer", "description": "I'm Robbie Kramer \ud83c\udf99Host of The Inner Confidence Podcast & Founder of Inner Confidence, Inc.\n\nI lived an exhilarating single life filled with adventures and lessons, and ultimately achieved what I had always aspired to \u2013 finding an amazing, feminine, and loving wife. \n\nI believe my experiences provide a rare balance of wild freedom and committed love, equipping me with the insights to help you navigate the complexities of dating and relationships in today's world. Let me guide you to embrace your desires, improve your social prowess, and ultimately attract the partner who aligns with your highest aspirations.\n\nYou won\u2019t find any fluffy, new-age, or cringy stuff here, just tested, proven and actionable advice that yields results.\n\nApply to join our exclusive Inner Confidence Community of ambitious men who are actively working together to achieve their goals faster   \u25ba https://innerconfidence.com/community\n\nYou can email me at robbie@innerconfidence.com with any questions or comments.\n", "subscriber_count": "1270", "total_views": "604693", "total_videos": "470"}, "comments": [], "file_path": "/Users/aelaguiz/workspace/fc_book/audio/raws/eTlUh7Cs9yE.mp3", "transcription": "{\"text\": \"So, the girl you've been on a few dates with stops responding, leaving you to wonder one thing. Why? If you're like most guys, you wait a few days, text her again, and she responds, I'm just not really into dating right now. But did you ever stop to wonder why this keeps happening to you? The truth is, she just isn't that into you. If your dates aren't getting more and more intimate, it's simply a matter of time before she either axes you or puts you in the friend zone. And if you haven't kissed her within the first few hours, odds are you never will. So if you're dating a girl right now, but things aren't getting sexual, the reason is simple. There isn't enough sexual tension. Sexual tension is the key. It's the one ingredient that makes her obsessed and completely open up to you both physically and emotionally. Think about it. There's already natural tension between men and women. It's the same tension you feel when you're walking past a girl on the sidewalk, or when you're trying to order a drink standing at the bar next to her. When you're on a date, the tension is already there. She wouldn't show up if she wasn't attracted to you. So all you have to do is direct that tension into action. And if you've been taking girls out to fancy dinners or on extravagant activities before even kissing her, you're actually killing the tension and placing yourself in the friend zone. Robby Kramer here. I'm a dating coach, founder of Inner Confidence, and The Leverage Podcast. I specialize in helping guys who work in IT and entrepreneurs take a scientific approach to their dating life to optimize the entire process. I'm a pretty average-looking guy, but I've dated women that most guys drool over, and I recently married a Miss Ukraine finalist. And this is the lifestyle I lived before marrying her, partying on yachts with Playboy models, doing things so cool that they didn't even seem real. But before I figured this stuff out, I lived in the friend zone. I didn't really have a problem talking to women I wasn't super attracted to, but I wanted the top of the top, and I always felt like I was settling. After watching a girl I was totally obsessed with hook up with one of my friends, I decided to make it my mission to figure this stuff out. So to make sure nothing like this ever happens to you, click the link to watch the next video. I created a system called the Social Funnel Method, and it's the easiest and fastest way to attract model-quality women, even if you're not tall, rich, or handsome. But if everyone starts using the system, it's going to lose its effectiveness, so I'm only sharing the system for a short period of time. If you want to learn exactly how this system works, I created a free video that breaks everything down. I'm not selling anything here. When you watch this video, you'll see exactly how I went from being lonely on the weekends to hooking up with girls with millions of followers. Click the link, and I'll see you in the next video. \", \"segments\": [{\"id\": 0, \"seek\": 0, \"start\": 0.0, \"end\": 4.0, \"text\": \" So, the girl you've been on a few dates with stops responding, leaving you to wonder\", \"tokens\": [50364, 407, 11, 264, 2013, 291, 600, 668, 322, 257, 1326, 11691, 365, 10094, 16670, 11, 5012, 291, 281, 2441, 50564], \"temperature\": 0.0, \"avg_logprob\": -0.2502151429653168, \"compression_ratio\": 1.6808511018753052, \"no_speech_prob\": 0.028865300118923187}, {\"id\": 1, \"seek\": 0, \"start\": 4.0, \"end\": 5.0, \"text\": \" one thing.\", \"tokens\": [50564, 472, 551, 13, 50614], \"temperature\": 0.0, \"avg_logprob\": -0.2502151429653168, \"compression_ratio\": 1.6808511018753052, \"no_speech_prob\": 0.028865300118923187}, {\"id\": 2, \"seek\": 0, \"start\": 5.0, \"end\": 6.0, \"text\": \" Why?\", \"tokens\": [50614, 1545, 30, 50664], \"temperature\": 0.0, \"avg_logprob\": -0.2502151429653168, \"compression_ratio\": 1.6808511018753052, \"no_speech_prob\": 0.028865300118923187}, {\"id\": 3, \"seek\": 0, \"start\": 6.0, \"end\": 10.15999984741211, \"text\": \" If you're like most guys, you wait a few days, text her again, and she responds, I'm\", \"tokens\": [50664, 759, 291, 434, 411, 881, 1074, 11, 291, 1699, 257, 1326, 1708, 11, 2487, 720, 797, 11, 293, 750, 27331, 11, 286, 478, 50872], \"temperature\": 0.0, \"avg_logprob\": -0.2502151429653168, \"compression_ratio\": 1.6808511018753052, \"no_speech_prob\": 0.028865300118923187}, {\"id\": 4, \"seek\": 0, \"start\": 10.15999984741211, \"end\": 12.380000114440918, \"text\": \" just not really into dating right now.\", \"tokens\": [50872, 445, 406, 534, 666, 10689, 558, 586, 13, 50983], \"temperature\": 0.0, \"avg_logprob\": -0.2502151429653168, \"compression_ratio\": 1.6808511018753052, \"no_speech_prob\": 0.028865300118923187}, {\"id\": 5, \"seek\": 0, \"start\": 12.380000114440918, \"end\": 15.960000038146973, \"text\": \" But did you ever stop to wonder why this keeps happening to you?\", \"tokens\": [50983, 583, 630, 291, 1562, 1590, 281, 2441, 983, 341, 5965, 2737, 281, 291, 30, 51162], \"temperature\": 0.0, \"avg_logprob\": -0.2502151429653168, \"compression_ratio\": 1.6808511018753052, \"no_speech_prob\": 0.028865300118923187}, {\"id\": 6, \"seek\": 0, \"start\": 15.960000038146973, \"end\": 18.65999984741211, \"text\": \" The truth is, she just isn't that into you.\", \"tokens\": [51162, 440, 3494, 307, 11, 750, 445, 1943, 380, 300, 666, 291, 13, 51297], \"temperature\": 0.0, \"avg_logprob\": -0.2502151429653168, \"compression_ratio\": 1.6808511018753052, \"no_speech_prob\": 0.028865300118923187}, {\"id\": 7, \"seek\": 0, \"start\": 18.65999984741211, \"end\": 22.420000076293945, \"text\": \" If your dates aren't getting more and more intimate, it's simply a matter of time before\", \"tokens\": [51297, 759, 428, 11691, 3212, 380, 1242, 544, 293, 544, 20215, 11, 309, 311, 2935, 257, 1871, 295, 565, 949, 51485], \"temperature\": 0.0, \"avg_logprob\": -0.2502151429653168, \"compression_ratio\": 1.6808511018753052, \"no_speech_prob\": 0.028865300118923187}, {\"id\": 8, \"seek\": 0, \"start\": 22.420000076293945, \"end\": 26.31999969482422, \"text\": \" she either axes you or puts you in the friend zone.\", \"tokens\": [51485, 750, 2139, 35387, 291, 420, 8137, 291, 294, 264, 1277, 6668, 13, 51680], \"temperature\": 0.0, \"avg_logprob\": -0.2502151429653168, \"compression_ratio\": 1.6808511018753052, \"no_speech_prob\": 0.028865300118923187}, {\"id\": 9, \"seek\": 2632, \"start\": 26.31999969482422, \"end\": 30.68000030517578, \"text\": \" And if you haven't kissed her within the first few hours, odds are you never will.\", \"tokens\": [50364, 400, 498, 291, 2378, 380, 33027, 720, 1951, 264, 700, 1326, 2496, 11, 17439, 366, 291, 1128, 486, 13, 50582], \"temperature\": 0.0, \"avg_logprob\": -0.21756747364997864, \"compression_ratio\": 1.7987421751022339, \"no_speech_prob\": 0.17551693320274353}, {\"id\": 10, \"seek\": 2632, \"start\": 30.68000030517578, \"end\": 34.119998931884766, \"text\": \" So if you're dating a girl right now, but things aren't getting sexual, the reason\", \"tokens\": [50582, 407, 498, 291, 434, 10689, 257, 2013, 558, 586, 11, 457, 721, 3212, 380, 1242, 6701, 11, 264, 1778, 50754], \"temperature\": 0.0, \"avg_logprob\": -0.21756747364997864, \"compression_ratio\": 1.7987421751022339, \"no_speech_prob\": 0.17551693320274353}, {\"id\": 11, \"seek\": 2632, \"start\": 34.119998931884766, \"end\": 35.2400016784668, \"text\": \" is simple.\", \"tokens\": [50754, 307, 2199, 13, 50810], \"temperature\": 0.0, \"avg_logprob\": -0.21756747364997864, \"compression_ratio\": 1.7987421751022339, \"no_speech_prob\": 0.17551693320274353}, {\"id\": 12, \"seek\": 2632, \"start\": 35.2400016784668, \"end\": 38.02000045776367, \"text\": \" There isn't enough sexual tension.\", \"tokens\": [50810, 821, 1943, 380, 1547, 6701, 8980, 13, 50949], \"temperature\": 0.0, \"avg_logprob\": -0.21756747364997864, \"compression_ratio\": 1.7987421751022339, \"no_speech_prob\": 0.17551693320274353}, {\"id\": 13, \"seek\": 2632, \"start\": 38.02000045776367, \"end\": 39.91999816894531, \"text\": \" Sexual tension is the key.\", \"tokens\": [50949, 45449, 8980, 307, 264, 2141, 13, 51044], \"temperature\": 0.0, \"avg_logprob\": -0.21756747364997864, \"compression_ratio\": 1.7987421751022339, \"no_speech_prob\": 0.17551693320274353}, {\"id\": 14, \"seek\": 2632, \"start\": 39.91999816894531, \"end\": 44.31999969482422, \"text\": \" It's the one ingredient that makes her obsessed and completely open up to you both physically\", \"tokens\": [51044, 467, 311, 264, 472, 14751, 300, 1669, 720, 16923, 293, 2584, 1269, 493, 281, 291, 1293, 9762, 51264], \"temperature\": 0.0, \"avg_logprob\": -0.21756747364997864, \"compression_ratio\": 1.7987421751022339, \"no_speech_prob\": 0.17551693320274353}, {\"id\": 15, \"seek\": 2632, \"start\": 44.31999969482422, \"end\": 46.0, \"text\": \" and emotionally.\", \"tokens\": [51264, 293, 17991, 13, 51348], \"temperature\": 0.0, \"avg_logprob\": -0.21756747364997864, \"compression_ratio\": 1.7987421751022339, \"no_speech_prob\": 0.17551693320274353}, {\"id\": 16, \"seek\": 2632, \"start\": 46.0, \"end\": 47.0, \"text\": \" Think about it.\", \"tokens\": [51348, 6557, 466, 309, 13, 51398], \"temperature\": 0.0, \"avg_logprob\": -0.21756747364997864, \"compression_ratio\": 1.7987421751022339, \"no_speech_prob\": 0.17551693320274353}, {\"id\": 17, \"seek\": 2632, \"start\": 47.0, \"end\": 49.439998626708984, \"text\": \" There's already natural tension between men and women.\", \"tokens\": [51398, 821, 311, 1217, 3303, 8980, 1296, 1706, 293, 2266, 13, 51520], \"temperature\": 0.0, \"avg_logprob\": -0.21756747364997864, \"compression_ratio\": 1.7987421751022339, \"no_speech_prob\": 0.17551693320274353}, {\"id\": 18, \"seek\": 2632, \"start\": 49.439998626708984, \"end\": 53.08000183105469, \"text\": \" It's the same tension you feel when you're walking past a girl on the sidewalk, or when\", \"tokens\": [51520, 467, 311, 264, 912, 8980, 291, 841, 562, 291, 434, 4494, 1791, 257, 2013, 322, 264, 25360, 11, 420, 562, 51702], \"temperature\": 0.0, \"avg_logprob\": -0.21756747364997864, \"compression_ratio\": 1.7987421751022339, \"no_speech_prob\": 0.17551693320274353}, {\"id\": 19, \"seek\": 2632, \"start\": 53.08000183105469, \"end\": 56.0, \"text\": \" you're trying to order a drink standing at the bar next to her.\", \"tokens\": [51702, 291, 434, 1382, 281, 1668, 257, 2822, 4877, 412, 264, 2159, 958, 281, 720, 13, 51848], \"temperature\": 0.0, \"avg_logprob\": -0.21756747364997864, \"compression_ratio\": 1.7987421751022339, \"no_speech_prob\": 0.17551693320274353}, {\"id\": 20, \"seek\": 5600, \"start\": 56.0, \"end\": 58.599998474121094, \"text\": \" When you're on a date, the tension is already there.\", \"tokens\": [50364, 1133, 291, 434, 322, 257, 4002, 11, 264, 8980, 307, 1217, 456, 13, 50494], \"temperature\": 0.0, \"avg_logprob\": -0.18537931144237518, \"compression_ratio\": 1.6307692527770996, \"no_speech_prob\": 0.08034846931695938}, {\"id\": 21, \"seek\": 5600, \"start\": 58.599998474121094, \"end\": 60.84000015258789, \"text\": \" She wouldn't show up if she wasn't attracted to you.\", \"tokens\": [50494, 1240, 2759, 380, 855, 493, 498, 750, 2067, 380, 15912, 281, 291, 13, 50606], \"temperature\": 0.0, \"avg_logprob\": -0.18537931144237518, \"compression_ratio\": 1.6307692527770996, \"no_speech_prob\": 0.08034846931695938}, {\"id\": 22, \"seek\": 5600, \"start\": 60.84000015258789, \"end\": 64.19999694824219, \"text\": \" So all you have to do is direct that tension into action.\", \"tokens\": [50606, 407, 439, 291, 362, 281, 360, 307, 2047, 300, 8980, 666, 3069, 13, 50774], \"temperature\": 0.0, \"avg_logprob\": -0.18537931144237518, \"compression_ratio\": 1.6307692527770996, \"no_speech_prob\": 0.08034846931695938}, {\"id\": 23, \"seek\": 5600, \"start\": 64.19999694824219, \"end\": 67.76000213623047, \"text\": \" And if you've been taking girls out to fancy dinners or on extravagant activities before\", \"tokens\": [50774, 400, 498, 291, 600, 668, 1940, 4519, 484, 281, 10247, 3791, 2999, 420, 322, 2857, 42586, 394, 5354, 949, 50952], \"temperature\": 0.0, \"avg_logprob\": -0.18537931144237518, \"compression_ratio\": 1.6307692527770996, \"no_speech_prob\": 0.08034846931695938}, {\"id\": 24, \"seek\": 5600, \"start\": 67.76000213623047, \"end\": 72.19999694824219, \"text\": \" even kissing her, you're actually killing the tension and placing yourself in the friend\", \"tokens\": [50952, 754, 29495, 720, 11, 291, 434, 767, 8011, 264, 8980, 293, 17221, 1803, 294, 264, 1277, 51174], \"temperature\": 0.0, \"avg_logprob\": -0.18537931144237518, \"compression_ratio\": 1.6307692527770996, \"no_speech_prob\": 0.08034846931695938}, {\"id\": 25, \"seek\": 5600, \"start\": 72.19999694824219, \"end\": 73.19999694824219, \"text\": \" zone.\", \"tokens\": [51174, 6668, 13, 51224], \"temperature\": 0.0, \"avg_logprob\": -0.18537931144237518, \"compression_ratio\": 1.6307692527770996, \"no_speech_prob\": 0.08034846931695938}, {\"id\": 26, \"seek\": 5600, \"start\": 73.19999694824219, \"end\": 74.19999694824219, \"text\": \" Robby Kramer here.\", \"tokens\": [51224, 5424, 2322, 591, 44772, 510, 13, 51274], \"temperature\": 0.0, \"avg_logprob\": -0.18537931144237518, \"compression_ratio\": 1.6307692527770996, \"no_speech_prob\": 0.08034846931695938}, {\"id\": 27, \"seek\": 5600, \"start\": 74.19999694824219, \"end\": 78.23999786376953, \"text\": \" I'm a dating coach, founder of Inner Confidence, and The Leverage Podcast.\", \"tokens\": [51274, 286, 478, 257, 10689, 6560, 11, 14917, 295, 36705, 11701, 2778, 11, 293, 440, 441, 1054, 609, 29972, 13, 51476], \"temperature\": 0.0, \"avg_logprob\": -0.18537931144237518, \"compression_ratio\": 1.6307692527770996, \"no_speech_prob\": 0.08034846931695938}, {\"id\": 28, \"seek\": 5600, \"start\": 78.23999786376953, \"end\": 83.68000030517578, \"text\": \" I specialize in helping guys who work in IT and entrepreneurs take a scientific approach\", \"tokens\": [51476, 286, 37938, 294, 4315, 1074, 567, 589, 294, 6783, 293, 12639, 747, 257, 8134, 3109, 51748], \"temperature\": 0.0, \"avg_logprob\": -0.18537931144237518, \"compression_ratio\": 1.6307692527770996, \"no_speech_prob\": 0.08034846931695938}, {\"id\": 29, \"seek\": 8368, \"start\": 83.76000213623047, \"end\": 87.0, \"text\": \" to their dating life to optimize the entire process.\", \"tokens\": [50368, 281, 641, 10689, 993, 281, 19719, 264, 2302, 1399, 13, 50530], \"temperature\": 0.0, \"avg_logprob\": -0.24429284036159515, \"compression_ratio\": 1.6666666269302368, \"no_speech_prob\": 0.8901005983352661}, {\"id\": 30, \"seek\": 8368, \"start\": 87.0, \"end\": 91.44000244140625, \"text\": \" I'm a pretty average-looking guy, but I've dated women that most guys drool over, and\", \"tokens\": [50530, 286, 478, 257, 1238, 4274, 12, 16129, 2146, 11, 457, 286, 600, 23804, 2266, 300, 881, 1074, 3789, 401, 670, 11, 293, 50752], \"temperature\": 0.0, \"avg_logprob\": -0.24429284036159515, \"compression_ratio\": 1.6666666269302368, \"no_speech_prob\": 0.8901005983352661}, {\"id\": 31, \"seek\": 8368, \"start\": 91.44000244140625, \"end\": 93.87999725341797, \"text\": \" I recently married a Miss Ukraine finalist.\", \"tokens\": [50752, 286, 3938, 5259, 257, 5275, 14081, 2572, 468, 13, 50874], \"temperature\": 0.0, \"avg_logprob\": -0.24429284036159515, \"compression_ratio\": 1.6666666269302368, \"no_speech_prob\": 0.8901005983352661}, {\"id\": 32, \"seek\": 8368, \"start\": 93.87999725341797, \"end\": 98.76000213623047, \"text\": \" And this is the lifestyle I lived before marrying her, partying on yachts with Playboy models,\", \"tokens\": [50874, 400, 341, 307, 264, 11716, 286, 5152, 949, 36376, 720, 11, 644, 1840, 322, 39629, 82, 365, 5506, 12795, 5245, 11, 51118], \"temperature\": 0.0, \"avg_logprob\": -0.24429284036159515, \"compression_ratio\": 1.6666666269302368, \"no_speech_prob\": 0.8901005983352661}, {\"id\": 33, \"seek\": 8368, \"start\": 98.76000213623047, \"end\": 101.68000030517578, \"text\": \" doing things so cool that they didn't even seem real.\", \"tokens\": [51118, 884, 721, 370, 1627, 300, 436, 994, 380, 754, 1643, 957, 13, 51264], \"temperature\": 0.0, \"avg_logprob\": -0.24429284036159515, \"compression_ratio\": 1.6666666269302368, \"no_speech_prob\": 0.8901005983352661}, {\"id\": 34, \"seek\": 8368, \"start\": 101.68000030517578, \"end\": 105.4800033569336, \"text\": \" But before I figured this stuff out, I lived in the friend zone.\", \"tokens\": [51264, 583, 949, 286, 8932, 341, 1507, 484, 11, 286, 5152, 294, 264, 1277, 6668, 13, 51454], \"temperature\": 0.0, \"avg_logprob\": -0.24429284036159515, \"compression_ratio\": 1.6666666269302368, \"no_speech_prob\": 0.8901005983352661}, {\"id\": 35, \"seek\": 8368, \"start\": 105.4800033569336, \"end\": 109.80000305175781, \"text\": \" I didn't really have a problem talking to women I wasn't super attracted to, but I wanted\", \"tokens\": [51454, 286, 994, 380, 534, 362, 257, 1154, 1417, 281, 2266, 286, 2067, 380, 1687, 15912, 281, 11, 457, 286, 1415, 51670], \"temperature\": 0.0, \"avg_logprob\": -0.24429284036159515, \"compression_ratio\": 1.6666666269302368, \"no_speech_prob\": 0.8901005983352661}, {\"id\": 36, \"seek\": 8368, \"start\": 109.80000305175781, \"end\": 113.63999938964844, \"text\": \" the top of the top, and I always felt like I was settling.\", \"tokens\": [51670, 264, 1192, 295, 264, 1192, 11, 293, 286, 1009, 2762, 411, 286, 390, 33841, 13, 51862], \"temperature\": 0.0, \"avg_logprob\": -0.24429284036159515, \"compression_ratio\": 1.6666666269302368, \"no_speech_prob\": 0.8901005983352661}, {\"id\": 37, \"seek\": 11364, \"start\": 113.63999938964844, \"end\": 118.27999877929688, \"text\": \" After watching a girl I was totally obsessed with hook up with one of my friends, I decided\", \"tokens\": [50364, 2381, 1976, 257, 2013, 286, 390, 3879, 16923, 365, 6328, 493, 365, 472, 295, 452, 1855, 11, 286, 3047, 50596], \"temperature\": 0.0, \"avg_logprob\": -0.1936919391155243, \"compression_ratio\": 1.6523077487945557, \"no_speech_prob\": 0.017440635710954666}, {\"id\": 38, \"seek\": 11364, \"start\": 118.27999877929688, \"end\": 120.68000030517578, \"text\": \" to make it my mission to figure this stuff out.\", \"tokens\": [50596, 281, 652, 309, 452, 4447, 281, 2573, 341, 1507, 484, 13, 50716], \"temperature\": 0.0, \"avg_logprob\": -0.1936919391155243, \"compression_ratio\": 1.6523077487945557, \"no_speech_prob\": 0.017440635710954666}, {\"id\": 39, \"seek\": 11364, \"start\": 120.68000030517578, \"end\": 125.19999694824219, \"text\": \" So to make sure nothing like this ever happens to you, click the link to watch the next video.\", \"tokens\": [50716, 407, 281, 652, 988, 1825, 411, 341, 1562, 2314, 281, 291, 11, 2052, 264, 2113, 281, 1159, 264, 958, 960, 13, 50942], \"temperature\": 0.0, \"avg_logprob\": -0.1936919391155243, \"compression_ratio\": 1.6523077487945557, \"no_speech_prob\": 0.017440635710954666}, {\"id\": 40, \"seek\": 11364, \"start\": 125.19999694824219, \"end\": 129.39999389648438, \"text\": \" I created a system called the Social Funnel Method, and it's the easiest and fastest way\", \"tokens\": [50942, 286, 2942, 257, 1185, 1219, 264, 9909, 11166, 6396, 25285, 11, 293, 309, 311, 264, 12889, 293, 14573, 636, 51152], \"temperature\": 0.0, \"avg_logprob\": -0.1936919391155243, \"compression_ratio\": 1.6523077487945557, \"no_speech_prob\": 0.017440635710954666}, {\"id\": 41, \"seek\": 11364, \"start\": 129.39999389648438, \"end\": 133.9600067138672, \"text\": \" to attract model-quality women, even if you're not tall, rich, or handsome.\", \"tokens\": [51152, 281, 5049, 2316, 12, 11286, 2266, 11, 754, 498, 291, 434, 406, 6764, 11, 4593, 11, 420, 13421, 13, 51380], \"temperature\": 0.0, \"avg_logprob\": -0.1936919391155243, \"compression_ratio\": 1.6523077487945557, \"no_speech_prob\": 0.017440635710954666}, {\"id\": 42, \"seek\": 11364, \"start\": 133.9600067138672, \"end\": 138.1999969482422, \"text\": \" But if everyone starts using the system, it's going to lose its effectiveness, so I'm only\", \"tokens\": [51380, 583, 498, 1518, 3719, 1228, 264, 1185, 11, 309, 311, 516, 281, 3624, 1080, 21208, 11, 370, 286, 478, 787, 51592], \"temperature\": 0.0, \"avg_logprob\": -0.1936919391155243, \"compression_ratio\": 1.6523077487945557, \"no_speech_prob\": 0.017440635710954666}, {\"id\": 43, \"seek\": 11364, \"start\": 138.1999969482422, \"end\": 140.72000122070312, \"text\": \" sharing the system for a short period of time.\", \"tokens\": [51592, 5414, 264, 1185, 337, 257, 2099, 2896, 295, 565, 13, 51718], \"temperature\": 0.0, \"avg_logprob\": -0.1936919391155243, \"compression_ratio\": 1.6523077487945557, \"no_speech_prob\": 0.017440635710954666}, {\"id\": 44, \"seek\": 14072, \"start\": 140.72000122070312, \"end\": 144.75999450683594, \"text\": \" If you want to learn exactly how this system works, I created a free video that breaks\", \"tokens\": [50364, 759, 291, 528, 281, 1466, 2293, 577, 341, 1185, 1985, 11, 286, 2942, 257, 1737, 960, 300, 9857, 50566], \"temperature\": 0.0, \"avg_logprob\": -0.2143208384513855, \"compression_ratio\": 1.5942028760910034, \"no_speech_prob\": 0.22530429065227509}, {\"id\": 45, \"seek\": 14072, \"start\": 144.75999450683594, \"end\": 146.0, \"text\": \" everything down.\", \"tokens\": [50566, 1203, 760, 13, 50628], \"temperature\": 0.0, \"avg_logprob\": -0.2143208384513855, \"compression_ratio\": 1.5942028760910034, \"no_speech_prob\": 0.22530429065227509}, {\"id\": 46, \"seek\": 14072, \"start\": 146.0, \"end\": 148.0800018310547, \"text\": \" I'm not selling anything here.\", \"tokens\": [50628, 286, 478, 406, 6511, 1340, 510, 13, 50732], \"temperature\": 0.0, \"avg_logprob\": -0.2143208384513855, \"compression_ratio\": 1.5942028760910034, \"no_speech_prob\": 0.22530429065227509}, {\"id\": 47, \"seek\": 14072, \"start\": 148.0800018310547, \"end\": 152.36000061035156, \"text\": \" When you watch this video, you'll see exactly how I went from being lonely on the weekends\", \"tokens\": [50732, 1133, 291, 1159, 341, 960, 11, 291, 603, 536, 2293, 577, 286, 1437, 490, 885, 14236, 322, 264, 23595, 50946], \"temperature\": 0.0, \"avg_logprob\": -0.2143208384513855, \"compression_ratio\": 1.5942028760910034, \"no_speech_prob\": 0.22530429065227509}, {\"id\": 48, \"seek\": 14072, \"start\": 152.36000061035156, \"end\": 155.16000366210938, \"text\": \" to hooking up with girls with millions of followers.\", \"tokens\": [50946, 281, 1106, 5953, 493, 365, 4519, 365, 6803, 295, 13071, 13, 51086], \"temperature\": 0.0, \"avg_logprob\": -0.2143208384513855, \"compression_ratio\": 1.5942028760910034, \"no_speech_prob\": 0.22530429065227509}, {\"id\": 49, \"seek\": 14072, \"start\": 155.16000366210938, \"end\": 157.0, \"text\": \" Click the link, and I'll see you in the next video.\", \"tokens\": [51086, 8230, 264, 2113, 11, 293, 286, 603, 536, 291, 294, 264, 958, 960, 13, 51178], \"temperature\": 0.0, \"avg_logprob\": -0.2143208384513855, \"compression_ratio\": 1.5942028760910034, \"no_speech_prob\": 0.22530429065227509}]}"}