{"title": "Can you make yourself flake proof?", "video_id": "f1zP1U2E4Iw", "video_url": "https://www.youtube.com/watch?v=f1zP1U2E4Iw", "description": "", "published_at": "2023-05-25T17:15:32Z", "channel_id": "UC0O-ohYDF4P66HW9XJ4Us8w", "channel_title": "Robbie Kramer", "tags": [], "category_id": "24", "live_broadcast_content": "none", "duration": 41.0, "dimension": "2d", "definition": "hd", "caption": "false", "view_count": 257, "like_count": 6, "comment_count": 0, "channel_info": {"title": "Robbie Kramer", "description": "I'm Robbie Kramer \ud83c\udf99Host of The Inner Confidence Podcast & Founder of Inner Confidence, Inc.\n\nI lived an exhilarating single life filled with adventures and lessons, and ultimately achieved what I had always aspired to \u2013 finding an amazing, feminine, and loving wife. \n\nI believe my experiences provide a rare balance of wild freedom and committed love, equipping me with the insights to help you navigate the complexities of dating and relationships in today's world. Let me guide you to embrace your desires, improve your social prowess, and ultimately attract the partner who aligns with your highest aspirations.\n\nYou won\u2019t find any fluffy, new-age, or cringy stuff here, just tested, proven and actionable advice that yields results.\n\nApply to join our exclusive Inner Confidence Community of ambitious men who are actively working together to achieve their goals faster   \u25ba https://innerconfidence.com/community\n\nYou can email me at robbie@innerconfidence.com with any questions or comments.\n", "subscriber_count": "1270", "total_views": "604693", "total_videos": "470"}, "comments": [], "file_path": "/Users/aelaguiz/workspace/fc_book/audio/raws/f1zP1U2E4Iw.mp3", "transcription": "{\"text\": \"so hard because I mean, I remember when I when I met my wife, I had a ton of options. And, you know, it didn't matter if she flaked or not, because I had other options, but it really mattered, because I wanted to hang out with her. Yeah. I think a lot of the guys I see get stuck because they actually sort of fundamentally don't see the women as people yet. On some level, they see the women as targets or, or opportunities. And it's just like that, I think, comes from a lack of interaction with women over long periods of time where they realize like, no, they're like, great people, but fantastic people. And by the way, like some of the women that I love most in my life platonically are totally flaking on guys, right? Like, \", \"segments\": [{\"id\": 0, \"seek\": 0, \"start\": 0.0, \"end\": 9.039999961853027, \"text\": \" so hard because I mean, I remember when I when I met my wife, I had a ton of options. And, you know,\", \"tokens\": [50364, 370, 1152, 570, 286, 914, 11, 286, 1604, 562, 286, 562, 286, 1131, 452, 3836, 11, 286, 632, 257, 2952, 295, 3956, 13, 400, 11, 291, 458, 11, 50816], \"temperature\": 0.0, \"avg_logprob\": -0.2170896977186203, \"compression_ratio\": 1.7266186475753784, \"no_speech_prob\": 0.06558284908533096}, {\"id\": 1, \"seek\": 0, \"start\": 9.039999961853027, \"end\": 13.520000457763672, \"text\": \" it didn't matter if she flaked or not, because I had other options, but it really mattered,\", \"tokens\": [50816, 309, 994, 380, 1871, 498, 750, 932, 7301, 420, 406, 11, 570, 286, 632, 661, 3956, 11, 457, 309, 534, 44282, 11, 51040], \"temperature\": 0.0, \"avg_logprob\": -0.2170896977186203, \"compression_ratio\": 1.7266186475753784, \"no_speech_prob\": 0.06558284908533096}, {\"id\": 2, \"seek\": 0, \"start\": 13.520000457763672, \"end\": 17.84000015258789, \"text\": \" because I wanted to hang out with her. Yeah. I think a lot of the guys I see get stuck because\", \"tokens\": [51040, 570, 286, 1415, 281, 3967, 484, 365, 720, 13, 865, 13, 286, 519, 257, 688, 295, 264, 1074, 286, 536, 483, 5541, 570, 51256], \"temperature\": 0.0, \"avg_logprob\": -0.2170896977186203, \"compression_ratio\": 1.7266186475753784, \"no_speech_prob\": 0.06558284908533096}, {\"id\": 3, \"seek\": 0, \"start\": 17.84000015258789, \"end\": 22.239999771118164, \"text\": \" they actually sort of fundamentally don't see the women as people yet. On some level, they see the\", \"tokens\": [51256, 436, 767, 1333, 295, 17879, 500, 380, 536, 264, 2266, 382, 561, 1939, 13, 1282, 512, 1496, 11, 436, 536, 264, 51476], \"temperature\": 0.0, \"avg_logprob\": -0.2170896977186203, \"compression_ratio\": 1.7266186475753784, \"no_speech_prob\": 0.06558284908533096}, {\"id\": 4, \"seek\": 0, \"start\": 22.239999771118164, \"end\": 28.239999771118164, \"text\": \" women as targets or, or opportunities. And it's just like that, I think, comes from a lack of\", \"tokens\": [51476, 2266, 382, 12911, 420, 11, 420, 4786, 13, 400, 309, 311, 445, 411, 300, 11, 286, 519, 11, 1487, 490, 257, 5011, 295, 51776], \"temperature\": 0.0, \"avg_logprob\": -0.2170896977186203, \"compression_ratio\": 1.7266186475753784, \"no_speech_prob\": 0.06558284908533096}, {\"id\": 5, \"seek\": 2824, \"start\": 28.239999771118164, \"end\": 31.440000534057617, \"text\": \" interaction with women over long periods of time where they realize like, no, they're like,\", \"tokens\": [50364, 9285, 365, 2266, 670, 938, 13804, 295, 565, 689, 436, 4325, 411, 11, 572, 11, 436, 434, 411, 11, 50524], \"temperature\": 0.0, \"avg_logprob\": -0.23944517970085144, \"compression_ratio\": 1.4476743936538696, \"no_speech_prob\": 0.2596093416213989}, {\"id\": 6, \"seek\": 2824, \"start\": 32.15999984741211, \"end\": 36.2400016784668, \"text\": \" great people, but fantastic people. And by the way, like some of the women that I love most\", \"tokens\": [50560, 869, 561, 11, 457, 5456, 561, 13, 400, 538, 264, 636, 11, 411, 512, 295, 264, 2266, 300, 286, 959, 881, 50764], \"temperature\": 0.0, \"avg_logprob\": -0.23944517970085144, \"compression_ratio\": 1.4476743936538696, \"no_speech_prob\": 0.2596093416213989}, {\"id\": 7, \"seek\": 2824, \"start\": 36.2400016784668, \"end\": 39.91999816894531, \"text\": \" in my life platonically are totally flaking on guys, right? Like,\", \"tokens\": [50764, 294, 452, 993, 3403, 266, 984, 366, 3879, 932, 2456, 322, 1074, 11, 558, 30, 1743, 11, 50948], \"temperature\": 0.0, \"avg_logprob\": -0.23944517970085144, \"compression_ratio\": 1.4476743936538696, \"no_speech_prob\": 0.2596093416213989}]}"}