{"title": "Unleashing the Power of Humor in Hollywood's Smoothest Operators (Ep 252)", "video_id": "f55uFJSa4ds", "video_url": "https://www.youtube.com/watch?v=f55uFJSa4ds", "description": "", "published_at": "2023-12-17T17:00:36Z", "channel_id": "UC0O-ohYDF4P66HW9XJ4Us8w", "channel_title": "Robbie Kramer", "tags": [], "category_id": "24", "live_broadcast_content": "none", "duration": 45.0, "dimension": "2d", "definition": "hd", "caption": "false", "view_count": 1629, "like_count": 14, "comment_count": 0, "channel_info": {"title": "Robbie Kramer", "description": "I'm Robbie Kramer \ud83c\udf99Host of The Inner Confidence Podcast & Founder of Inner Confidence, Inc.\n\nI lived an exhilarating single life filled with adventures and lessons, and ultimately achieved what I had always aspired to \u2013 finding an amazing, feminine, and loving wife. \n\nI believe my experiences provide a rare balance of wild freedom and committed love, equipping me with the insights to help you navigate the complexities of dating and relationships in today's world. Let me guide you to embrace your desires, improve your social prowess, and ultimately attract the partner who aligns with your highest aspirations.\n\nYou won\u2019t find any fluffy, new-age, or cringy stuff here, just tested, proven and actionable advice that yields results.\n\nApply to join our exclusive Inner Confidence Community of ambitious men who are actively working together to achieve their goals faster   \u25ba https://innerconfidence.com/community\n\nYou can email me at robbie@innerconfidence.com with any questions or comments.\n", "subscriber_count": "1270", "total_views": "604693", "total_videos": "470"}, "comments": [], "file_path": "/Users/aelaguiz/workspace/fc_book/audio/raws/f55uFJSa4ds.mp3", "transcription": "{\"text\": \"If that goes well, and he's a good kisser, it's like, Oh my God, we're destined to be all that. She starts building the sandcastles in the sky. And that's obviously what you want. Sometimes it doesn't go as planned. And if you don't use humor to deflect, oh, you're done, you are done toast for sure. For sure. And this is one of the best examples I've ever seen in Hollywood where, you know, this smooth operator dude pulls it off. So let's watch the scene. Can we add the song? No need to ask. He's a smooth operator. I hope they won't put copyrights on this. \", \"segments\": [{\"id\": 0, \"seek\": 0, \"start\": 0.0, \"end\": 6.480000019073486, \"text\": \" If that goes well, and he's a good kisser, it's like, Oh my God, we're destined to be\", \"tokens\": [50364, 759, 300, 1709, 731, 11, 293, 415, 311, 257, 665, 7704, 260, 11, 309, 311, 411, 11, 876, 452, 1265, 11, 321, 434, 33169, 281, 312, 50688], \"temperature\": 0.0, \"avg_logprob\": -0.31067466735839844, \"compression_ratio\": 1.5270936489105225, \"no_speech_prob\": 0.06274890899658203}, {\"id\": 1, \"seek\": 0, \"start\": 6.480000019073486, \"end\": 7.480000019073486, \"text\": \" all that.\", \"tokens\": [50688, 439, 300, 13, 50738], \"temperature\": 0.0, \"avg_logprob\": -0.31067466735839844, \"compression_ratio\": 1.5270936489105225, \"no_speech_prob\": 0.06274890899658203}, {\"id\": 2, \"seek\": 0, \"start\": 7.480000019073486, \"end\": 10.199999809265137, \"text\": \" She starts building the sandcastles in the sky.\", \"tokens\": [50738, 1240, 3719, 2390, 264, 4932, 3734, 904, 294, 264, 5443, 13, 50874], \"temperature\": 0.0, \"avg_logprob\": -0.31067466735839844, \"compression_ratio\": 1.5270936489105225, \"no_speech_prob\": 0.06274890899658203}, {\"id\": 3, \"seek\": 0, \"start\": 10.199999809265137, \"end\": 13.680000305175781, \"text\": \" And that's obviously what you want.\", \"tokens\": [50874, 400, 300, 311, 2745, 437, 291, 528, 13, 51048], \"temperature\": 0.0, \"avg_logprob\": -0.31067466735839844, \"compression_ratio\": 1.5270936489105225, \"no_speech_prob\": 0.06274890899658203}, {\"id\": 4, \"seek\": 0, \"start\": 13.680000305175781, \"end\": 15.880000114440918, \"text\": \" Sometimes it doesn't go as planned.\", \"tokens\": [51048, 4803, 309, 1177, 380, 352, 382, 8589, 13, 51158], \"temperature\": 0.0, \"avg_logprob\": -0.31067466735839844, \"compression_ratio\": 1.5270936489105225, \"no_speech_prob\": 0.06274890899658203}, {\"id\": 5, \"seek\": 0, \"start\": 15.880000114440918, \"end\": 25.360000610351562, \"text\": \" And if you don't use humor to deflect, oh, you're done, you are done toast for sure.\", \"tokens\": [51158, 400, 498, 291, 500, 380, 764, 14318, 281, 41373, 11, 1954, 11, 291, 434, 1096, 11, 291, 366, 1096, 15354, 337, 988, 13, 51632], \"temperature\": 0.0, \"avg_logprob\": -0.31067466735839844, \"compression_ratio\": 1.5270936489105225, \"no_speech_prob\": 0.06274890899658203}, {\"id\": 6, \"seek\": 0, \"start\": 25.360000610351562, \"end\": 26.479999542236328, \"text\": \" For sure.\", \"tokens\": [51632, 1171, 988, 13, 51688], \"temperature\": 0.0, \"avg_logprob\": -0.31067466735839844, \"compression_ratio\": 1.5270936489105225, \"no_speech_prob\": 0.06274890899658203}, {\"id\": 7, \"seek\": 2648, \"start\": 26.479999542236328, \"end\": 32.68000030517578, \"text\": \" And this is one of the best examples I've ever seen in Hollywood where, you know, this\", \"tokens\": [50364, 400, 341, 307, 472, 295, 264, 1151, 5110, 286, 600, 1562, 1612, 294, 11628, 689, 11, 291, 458, 11, 341, 50674], \"temperature\": 0.0, \"avg_logprob\": -0.40086889266967773, \"compression_ratio\": 1.4285714626312256, \"no_speech_prob\": 0.24785847961902618}, {\"id\": 8, \"seek\": 2648, \"start\": 32.68000030517578, \"end\": 35.119998931884766, \"text\": \" smooth operator dude pulls it off.\", \"tokens\": [50674, 5508, 12973, 6449, 16982, 309, 766, 13, 50796], \"temperature\": 0.0, \"avg_logprob\": -0.40086889266967773, \"compression_ratio\": 1.4285714626312256, \"no_speech_prob\": 0.24785847961902618}, {\"id\": 9, \"seek\": 2648, \"start\": 35.119998931884766, \"end\": 36.599998474121094, \"text\": \" So let's watch the scene.\", \"tokens\": [50796, 407, 718, 311, 1159, 264, 4145, 13, 50870], \"temperature\": 0.0, \"avg_logprob\": -0.40086889266967773, \"compression_ratio\": 1.4285714626312256, \"no_speech_prob\": 0.24785847961902618}, {\"id\": 10, \"seek\": 2648, \"start\": 36.599998474121094, \"end\": 38.880001068115234, \"text\": \" Can we add the song?\", \"tokens\": [50870, 1664, 321, 909, 264, 2153, 30, 50984], \"temperature\": 0.0, \"avg_logprob\": -0.40086889266967773, \"compression_ratio\": 1.4285714626312256, \"no_speech_prob\": 0.24785847961902618}, {\"id\": 11, \"seek\": 2648, \"start\": 38.880001068115234, \"end\": 39.880001068115234, \"text\": \" No need to ask.\", \"tokens\": [50984, 883, 643, 281, 1029, 13, 51034], \"temperature\": 0.0, \"avg_logprob\": -0.40086889266967773, \"compression_ratio\": 1.4285714626312256, \"no_speech_prob\": 0.24785847961902618}, {\"id\": 12, \"seek\": 2648, \"start\": 39.880001068115234, \"end\": 40.880001068115234, \"text\": \" He's a smooth operator.\", \"tokens\": [51034, 634, 311, 257, 5508, 12973, 13, 51084], \"temperature\": 0.0, \"avg_logprob\": -0.40086889266967773, \"compression_ratio\": 1.4285714626312256, \"no_speech_prob\": 0.24785847961902618}, {\"id\": 13, \"seek\": 2648, \"start\": 40.880001068115234, \"end\": 43.880001068115234, \"text\": \" I hope they won't put copyrights on this.\", \"tokens\": [51084, 286, 1454, 436, 1582, 380, 829, 17996, 82, 322, 341, 13, 51234], \"temperature\": 0.0, \"avg_logprob\": -0.40086889266967773, \"compression_ratio\": 1.4285714626312256, \"no_speech_prob\": 0.24785847961902618}]}"}