{"title": "Direct Daygame Hidden Camera In Field Approach in LA", "video_id": "F6BfwcjjanQ", "video_url": "https://www.youtube.com/watch?v=F6BfwcjjanQ", "description": "To listen to more episodes of the Inner Confidence Podcast, visit the links below:\nWebsite: https://innerconfidence.com/podcast/\niTunes:https://podcasts.apple.com/us/podcast/inner-confidence-podcast/id986699444 \nSpotify: https://open.spotify.com/show/2zkWuTnt7whvnR6CO6oNPV\nRSS: https://innerconfidence.com/series/leverage-podcast/feed/\n\nAnd if you're interested in learning more about my coaching services and connecting with me, check out these links:\nLinkTree: https://linktr.ee/Robbiekramer\nMain Site: https://innerconfidence.com/\nInstagram: https://www.instagram.com/robbie_kramer/\nTikTok: https://www.tiktok.com/@robbie.kramer\nYouTube: https://www.youtube.com/innerconfidence\n\nThank you for tuning in, and I look forward to helping you build your inner confidence and achieve success!\n\nJoin us : https://innerconfidence.com/leverage/\nBook a call with me : https://start.innerconfidence.com/video1\n\n\n#personaldevelopment #selfimprovement #innerconfidence #innerconfidencepodcast #podcast #coaching #success #motivation #inspiration #mindset #datingcoach #relationshipgoals #confidencecoach #selfimprovement #successfulmen", "published_at": "2013-05-24T01:09:46Z", "channel_id": "UC0O-ohYDF4P66HW9XJ4Us8w", "channel_title": "Robbie Kramer", "tags": [], "category_id": "24", "live_broadcast_content": "none", "duration": 220.0, "dimension": "2d", "definition": "sd", "caption": "false", "view_count": 278, "like_count": 2, "comment_count": 0, "channel_info": {"title": "Robbie Kramer", "description": "I'm Robbie Kramer \ud83c\udf99Host of The Inner Confidence Podcast & Founder of Inner Confidence, Inc.\n\nI lived an exhilarating single life filled with adventures and lessons, and ultimately achieved what I had always aspired to \u2013 finding an amazing, feminine, and loving wife. \n\nI believe my experiences provide a rare balance of wild freedom and committed love, equipping me with the insights to help you navigate the complexities of dating and relationships in today's world. Let me guide you to embrace your desires, improve your social prowess, and ultimately attract the partner who aligns with your highest aspirations.\n\nYou won\u2019t find any fluffy, new-age, or cringy stuff here, just tested, proven and actionable advice that yields results.\n\nApply to join our exclusive Inner Confidence Community of ambitious men who are actively working together to achieve their goals faster   \u25ba https://innerconfidence.com/community\n\nYou can email me at robbie@innerconfidence.com with any questions or comments.\n", "subscriber_count": "1270", "total_views": "604693", "total_videos": "470"}, "comments": [], "file_path": "/Users/aelaguiz/workspace/fc_book/audio/raws/F6BfwcjjanQ.mp3", "transcription": "{\"text\": \"I'm walking across the street to come and hit on you right now. Right now? Right now. Who? Oh, I'm Emily. Robbie. I swear I'm only like a third creepy. What? I swear I'm only like a third creepy. Okay, cool. You know. But, uh, I don't even know. What are you supposed to say to a girl you just met on the sidewalk, right? I don't know. This is new for me. Like, what's her favorite color? I don't know. What do you do for a living? Are you, looks like you're on your way to work. Well, I just interviewed for a bit over there. You got the job? Yeah. Nice. It's new for me. Awesome. Yeah. What do you do? What's the job for? And why are you randomly running across the street? My buddies were in the car and I was like, I gotta hit on this girl so let's stop the car. So, what's the job for? I'm guessing some sort of serving. What? Serving, hosting. Yeah, just like for, just like gardening stuff. Okay. Oh, like catering. Yeah. Nice. So, what do you do for a living? I'm a housewife. I'm a housewife. I'm a housewife. I'm a housewife. I'm a housewife. I'm a housewife. I'm a housewife. I'm a housewife. I'm a housewife. I'm a housewife. Oh, you live in LA? Yeah. Nice. Are you new to LA? No. No. I grew up here. Okay. I grew up in Orange County. Oh, okay. Yeah. My whole family's from there. Orange County? Yeah. What part? Like Laguna Nigel. Where? Laguna Nigel. Oh, Laguna... Okay, my dad works in Laguna Nigel. Oh. Yeah. My family's from Newport Beach. Oh. So, pretty close. A lot of my friends live there now. In Laguna? Yeah. Oh, that's awesome. So, you grew up in Laguna? Yeah. You go to high school? Yeah. Dana Hills? What? Did you go to Dana Hills? No, I didn't go there. Oh, you didn't go? Yeah. Where'd you go to high school? Sacred Heart. It's in Waukegana. Sacred Heart? Oh, okay. Yeah. College? Oh, yeah. TCU. TCU? Yeah. Okay, nice. I went to UCSD. Oh, okay. Yeah. How old are you? Just wondering. Take a guess. I'm 30. I'm younger than that. Thank you. Yeah. I'm going to guess you at 23. Well, that's generous. I'm actually only 19. 19? Okay. Well, you have a job. I thought you said you graduated from TCU. You're still in? You're at TCU now? Yeah. Okay. That's why I guessed 23. That'd be like the youngest graduating age. But, you know, if you can believe it, my big idea will work. So, that's good. Nice. You don't even need it in LA. What? You don't even need it here. I need it in Texas. You need it in Texas, right? Yeah. Yeah. Yeah. Yeah. Yeah. You need it in Texas, right? Yeah. So, you're just here for the summer until you go back? Yeah. All right. So, you just, uh, you had finals. You passed, hopefully. Yeah. Summer job catering. Exactly. I have your whole life figured out. I know. Like, life story. You're crazy. All right. Well, now you have to go on a date with me at some point. A date? Or you can give me a fake number and I'll never know the difference. Okay. What'd you say your name was? Emily. Emily. That's right. Let me take it down. Okay. Emily the caterer. Yeah. That's how I'll save you as. Where do you live now? Pasadena. Okay. Yeah. I live right around here, so. You ever been to Laurel Hardware? No? It's near here. I'm not from there. Okay. So, you're not a girl. You're a boy. You're a boy. Yeah. I'm a girl. Yeah. You're a girl. Okay. Okay. All right. I appreciate it. I really appreciate it. You're so nice. I really appreciate it. Thanks. I really appreciate it. You know, it's fun and your fake ID will work. Sweet. So, we'll get a drink and, you know, I promise I'll only be like 30% boring. Okay. 30% I can deal. 30% boring. Yeah. All right. Nice to meet you. Nice to meet you. Congratulations on your job. Thank you.  \", \"segments\": [{\"id\": 0, \"seek\": 0, \"start\": 0.0, \"end\": 2.0, \"text\": \" I'm walking across the street to come and hit on you right now.\", \"tokens\": [50364, 286, 478, 4494, 2108, 264, 4838, 281, 808, 293, 2045, 322, 291, 558, 586, 13, 50464], \"temperature\": 0.0, \"avg_logprob\": -0.2455839365720749, \"compression_ratio\": 1.8044164180755615, \"no_speech_prob\": 0.4482719302177429}, {\"id\": 1, \"seek\": 0, \"start\": 2.0, \"end\": 3.0, \"text\": \" Right now?\", \"tokens\": [50464, 1779, 586, 30, 50514], \"temperature\": 0.0, \"avg_logprob\": -0.2455839365720749, \"compression_ratio\": 1.8044164180755615, \"no_speech_prob\": 0.4482719302177429}, {\"id\": 2, \"seek\": 0, \"start\": 3.0, \"end\": 4.0, \"text\": \" Right now.\", \"tokens\": [50514, 1779, 586, 13, 50564], \"temperature\": 0.0, \"avg_logprob\": -0.2455839365720749, \"compression_ratio\": 1.8044164180755615, \"no_speech_prob\": 0.4482719302177429}, {\"id\": 3, \"seek\": 0, \"start\": 4.0, \"end\": 5.0, \"text\": \" Who?\", \"tokens\": [50564, 2102, 30, 50614], \"temperature\": 0.0, \"avg_logprob\": -0.2455839365720749, \"compression_ratio\": 1.8044164180755615, \"no_speech_prob\": 0.4482719302177429}, {\"id\": 4, \"seek\": 0, \"start\": 5.0, \"end\": 6.0, \"text\": \" Oh, I'm Emily.\", \"tokens\": [50614, 876, 11, 286, 478, 15034, 13, 50664], \"temperature\": 0.0, \"avg_logprob\": -0.2455839365720749, \"compression_ratio\": 1.8044164180755615, \"no_speech_prob\": 0.4482719302177429}, {\"id\": 5, \"seek\": 0, \"start\": 6.0, \"end\": 7.0, \"text\": \" Robbie.\", \"tokens\": [50664, 45749, 13, 50714], \"temperature\": 0.0, \"avg_logprob\": -0.2455839365720749, \"compression_ratio\": 1.8044164180755615, \"no_speech_prob\": 0.4482719302177429}, {\"id\": 6, \"seek\": 0, \"start\": 7.0, \"end\": 8.0, \"text\": \" I swear I'm only like a third creepy.\", \"tokens\": [50714, 286, 11902, 286, 478, 787, 411, 257, 2636, 14717, 13, 50764], \"temperature\": 0.0, \"avg_logprob\": -0.2455839365720749, \"compression_ratio\": 1.8044164180755615, \"no_speech_prob\": 0.4482719302177429}, {\"id\": 7, \"seek\": 0, \"start\": 8.0, \"end\": 9.0, \"text\": \" What?\", \"tokens\": [50764, 708, 30, 50814], \"temperature\": 0.0, \"avg_logprob\": -0.2455839365720749, \"compression_ratio\": 1.8044164180755615, \"no_speech_prob\": 0.4482719302177429}, {\"id\": 8, \"seek\": 0, \"start\": 9.0, \"end\": 10.0, \"text\": \" I swear I'm only like a third creepy.\", \"tokens\": [50814, 286, 11902, 286, 478, 787, 411, 257, 2636, 14717, 13, 50864], \"temperature\": 0.0, \"avg_logprob\": -0.2455839365720749, \"compression_ratio\": 1.8044164180755615, \"no_speech_prob\": 0.4482719302177429}, {\"id\": 9, \"seek\": 0, \"start\": 10.0, \"end\": 11.0, \"text\": \" Okay, cool.\", \"tokens\": [50864, 1033, 11, 1627, 13, 50914], \"temperature\": 0.0, \"avg_logprob\": -0.2455839365720749, \"compression_ratio\": 1.8044164180755615, \"no_speech_prob\": 0.4482719302177429}, {\"id\": 10, \"seek\": 0, \"start\": 11.0, \"end\": 12.0, \"text\": \" You know.\", \"tokens\": [50914, 509, 458, 13, 50964], \"temperature\": 0.0, \"avg_logprob\": -0.2455839365720749, \"compression_ratio\": 1.8044164180755615, \"no_speech_prob\": 0.4482719302177429}, {\"id\": 11, \"seek\": 0, \"start\": 12.0, \"end\": 13.0, \"text\": \" But, uh, I don't even know.\", \"tokens\": [50964, 583, 11, 2232, 11, 286, 500, 380, 754, 458, 13, 51014], \"temperature\": 0.0, \"avg_logprob\": -0.2455839365720749, \"compression_ratio\": 1.8044164180755615, \"no_speech_prob\": 0.4482719302177429}, {\"id\": 12, \"seek\": 0, \"start\": 13.0, \"end\": 14.0, \"text\": \" What are you supposed to say to a girl you just met on the sidewalk, right?\", \"tokens\": [51014, 708, 366, 291, 3442, 281, 584, 281, 257, 2013, 291, 445, 1131, 322, 264, 25360, 11, 558, 30, 51064], \"temperature\": 0.0, \"avg_logprob\": -0.2455839365720749, \"compression_ratio\": 1.8044164180755615, \"no_speech_prob\": 0.4482719302177429}, {\"id\": 13, \"seek\": 0, \"start\": 14.0, \"end\": 15.0, \"text\": \" I don't know.\", \"tokens\": [51064, 286, 500, 380, 458, 13, 51114], \"temperature\": 0.0, \"avg_logprob\": -0.2455839365720749, \"compression_ratio\": 1.8044164180755615, \"no_speech_prob\": 0.4482719302177429}, {\"id\": 14, \"seek\": 0, \"start\": 15.0, \"end\": 16.0, \"text\": \" This is new for me.\", \"tokens\": [51114, 639, 307, 777, 337, 385, 13, 51164], \"temperature\": 0.0, \"avg_logprob\": -0.2455839365720749, \"compression_ratio\": 1.8044164180755615, \"no_speech_prob\": 0.4482719302177429}, {\"id\": 15, \"seek\": 0, \"start\": 16.0, \"end\": 17.0, \"text\": \" Like, what's her favorite color?\", \"tokens\": [51164, 1743, 11, 437, 311, 720, 2954, 2017, 30, 51214], \"temperature\": 0.0, \"avg_logprob\": -0.2455839365720749, \"compression_ratio\": 1.8044164180755615, \"no_speech_prob\": 0.4482719302177429}, {\"id\": 16, \"seek\": 0, \"start\": 17.0, \"end\": 18.0, \"text\": \" I don't know.\", \"tokens\": [51214, 286, 500, 380, 458, 13, 51264], \"temperature\": 0.0, \"avg_logprob\": -0.2455839365720749, \"compression_ratio\": 1.8044164180755615, \"no_speech_prob\": 0.4482719302177429}, {\"id\": 17, \"seek\": 0, \"start\": 18.0, \"end\": 19.0, \"text\": \" What do you do for a living?\", \"tokens\": [51264, 708, 360, 291, 360, 337, 257, 2647, 30, 51314], \"temperature\": 0.0, \"avg_logprob\": -0.2455839365720749, \"compression_ratio\": 1.8044164180755615, \"no_speech_prob\": 0.4482719302177429}, {\"id\": 18, \"seek\": 0, \"start\": 19.0, \"end\": 20.0, \"text\": \" Are you, looks like you're on your way to work.\", \"tokens\": [51314, 2014, 291, 11, 1542, 411, 291, 434, 322, 428, 636, 281, 589, 13, 51364], \"temperature\": 0.0, \"avg_logprob\": -0.2455839365720749, \"compression_ratio\": 1.8044164180755615, \"no_speech_prob\": 0.4482719302177429}, {\"id\": 19, \"seek\": 0, \"start\": 20.0, \"end\": 21.0, \"text\": \" Well, I just interviewed for a bit over there.\", \"tokens\": [51364, 1042, 11, 286, 445, 19770, 337, 257, 857, 670, 456, 13, 51414], \"temperature\": 0.0, \"avg_logprob\": -0.2455839365720749, \"compression_ratio\": 1.8044164180755615, \"no_speech_prob\": 0.4482719302177429}, {\"id\": 20, \"seek\": 0, \"start\": 21.0, \"end\": 22.0, \"text\": \" You got the job?\", \"tokens\": [51414, 509, 658, 264, 1691, 30, 51464], \"temperature\": 0.0, \"avg_logprob\": -0.2455839365720749, \"compression_ratio\": 1.8044164180755615, \"no_speech_prob\": 0.4482719302177429}, {\"id\": 21, \"seek\": 0, \"start\": 22.0, \"end\": 23.0, \"text\": \" Yeah.\", \"tokens\": [51464, 865, 13, 51514], \"temperature\": 0.0, \"avg_logprob\": -0.2455839365720749, \"compression_ratio\": 1.8044164180755615, \"no_speech_prob\": 0.4482719302177429}, {\"id\": 22, \"seek\": 0, \"start\": 23.0, \"end\": 24.0, \"text\": \" Nice.\", \"tokens\": [51514, 5490, 13, 51564], \"temperature\": 0.0, \"avg_logprob\": -0.2455839365720749, \"compression_ratio\": 1.8044164180755615, \"no_speech_prob\": 0.4482719302177429}, {\"id\": 23, \"seek\": 0, \"start\": 24.0, \"end\": 25.0, \"text\": \" It's new for me.\", \"tokens\": [51564, 467, 311, 777, 337, 385, 13, 51614], \"temperature\": 0.0, \"avg_logprob\": -0.2455839365720749, \"compression_ratio\": 1.8044164180755615, \"no_speech_prob\": 0.4482719302177429}, {\"id\": 24, \"seek\": 2500, \"start\": 26.0, \"end\": 27.0, \"text\": \" Awesome.\", \"tokens\": [50414, 10391, 13, 50464], \"temperature\": 0.20000000298023224, \"avg_logprob\": -0.30615532398223877, \"compression_ratio\": 2.322580575942993, \"no_speech_prob\": 0.32399484515190125}, {\"id\": 25, \"seek\": 2500, \"start\": 27.0, \"end\": 28.0, \"text\": \" Yeah.\", \"tokens\": [50464, 865, 13, 50514], \"temperature\": 0.20000000298023224, \"avg_logprob\": -0.30615532398223877, \"compression_ratio\": 2.322580575942993, \"no_speech_prob\": 0.32399484515190125}, {\"id\": 26, \"seek\": 2500, \"start\": 28.0, \"end\": 29.0, \"text\": \" What do you do?\", \"tokens\": [50514, 708, 360, 291, 360, 30, 50564], \"temperature\": 0.20000000298023224, \"avg_logprob\": -0.30615532398223877, \"compression_ratio\": 2.322580575942993, \"no_speech_prob\": 0.32399484515190125}, {\"id\": 27, \"seek\": 2500, \"start\": 29.0, \"end\": 30.0, \"text\": \" What's the job for?\", \"tokens\": [50564, 708, 311, 264, 1691, 337, 30, 50614], \"temperature\": 0.20000000298023224, \"avg_logprob\": -0.30615532398223877, \"compression_ratio\": 2.322580575942993, \"no_speech_prob\": 0.32399484515190125}, {\"id\": 28, \"seek\": 2500, \"start\": 30.0, \"end\": 31.0, \"text\": \" And why are you randomly running across the street?\", \"tokens\": [50614, 400, 983, 366, 291, 16979, 2614, 2108, 264, 4838, 30, 50664], \"temperature\": 0.20000000298023224, \"avg_logprob\": -0.30615532398223877, \"compression_ratio\": 2.322580575942993, \"no_speech_prob\": 0.32399484515190125}, {\"id\": 29, \"seek\": 2500, \"start\": 31.0, \"end\": 32.0, \"text\": \" My buddies were in the car and I was like, I gotta hit on this girl so let's stop the\", \"tokens\": [50664, 1222, 30649, 645, 294, 264, 1032, 293, 286, 390, 411, 11, 286, 3428, 2045, 322, 341, 2013, 370, 718, 311, 1590, 264, 50714], \"temperature\": 0.20000000298023224, \"avg_logprob\": -0.30615532398223877, \"compression_ratio\": 2.322580575942993, \"no_speech_prob\": 0.32399484515190125}, {\"id\": 30, \"seek\": 2500, \"start\": 32.0, \"end\": 33.0, \"text\": \" car.\", \"tokens\": [50714, 1032, 13, 50764], \"temperature\": 0.20000000298023224, \"avg_logprob\": -0.30615532398223877, \"compression_ratio\": 2.322580575942993, \"no_speech_prob\": 0.32399484515190125}, {\"id\": 31, \"seek\": 2500, \"start\": 33.0, \"end\": 34.0, \"text\": \" So, what's the job for?\", \"tokens\": [50764, 407, 11, 437, 311, 264, 1691, 337, 30, 50814], \"temperature\": 0.20000000298023224, \"avg_logprob\": -0.30615532398223877, \"compression_ratio\": 2.322580575942993, \"no_speech_prob\": 0.32399484515190125}, {\"id\": 32, \"seek\": 2500, \"start\": 34.0, \"end\": 35.0, \"text\": \" I'm guessing some sort of serving.\", \"tokens\": [50814, 286, 478, 17939, 512, 1333, 295, 8148, 13, 50864], \"temperature\": 0.20000000298023224, \"avg_logprob\": -0.30615532398223877, \"compression_ratio\": 2.322580575942993, \"no_speech_prob\": 0.32399484515190125}, {\"id\": 33, \"seek\": 2500, \"start\": 35.0, \"end\": 36.0, \"text\": \" What?\", \"tokens\": [50864, 708, 30, 50914], \"temperature\": 0.20000000298023224, \"avg_logprob\": -0.30615532398223877, \"compression_ratio\": 2.322580575942993, \"no_speech_prob\": 0.32399484515190125}, {\"id\": 34, \"seek\": 2500, \"start\": 36.0, \"end\": 37.0, \"text\": \" Serving, hosting.\", \"tokens\": [50914, 4210, 798, 11, 16058, 13, 50964], \"temperature\": 0.20000000298023224, \"avg_logprob\": -0.30615532398223877, \"compression_ratio\": 2.322580575942993, \"no_speech_prob\": 0.32399484515190125}, {\"id\": 35, \"seek\": 2500, \"start\": 37.0, \"end\": 38.0, \"text\": \" Yeah, just like for, just like gardening stuff.\", \"tokens\": [50964, 865, 11, 445, 411, 337, 11, 445, 411, 31799, 1507, 13, 51014], \"temperature\": 0.20000000298023224, \"avg_logprob\": -0.30615532398223877, \"compression_ratio\": 2.322580575942993, \"no_speech_prob\": 0.32399484515190125}, {\"id\": 36, \"seek\": 2500, \"start\": 38.0, \"end\": 39.0, \"text\": \" Okay.\", \"tokens\": [51014, 1033, 13, 51064], \"temperature\": 0.20000000298023224, \"avg_logprob\": -0.30615532398223877, \"compression_ratio\": 2.322580575942993, \"no_speech_prob\": 0.32399484515190125}, {\"id\": 37, \"seek\": 2500, \"start\": 39.0, \"end\": 40.0, \"text\": \" Oh, like catering.\", \"tokens\": [51064, 876, 11, 411, 21557, 278, 13, 51114], \"temperature\": 0.20000000298023224, \"avg_logprob\": -0.30615532398223877, \"compression_ratio\": 2.322580575942993, \"no_speech_prob\": 0.32399484515190125}, {\"id\": 38, \"seek\": 2500, \"start\": 40.0, \"end\": 41.0, \"text\": \" Yeah.\", \"tokens\": [51114, 865, 13, 51164], \"temperature\": 0.20000000298023224, \"avg_logprob\": -0.30615532398223877, \"compression_ratio\": 2.322580575942993, \"no_speech_prob\": 0.32399484515190125}, {\"id\": 39, \"seek\": 2500, \"start\": 41.0, \"end\": 42.0, \"text\": \" Nice.\", \"tokens\": [51164, 5490, 13, 51214], \"temperature\": 0.20000000298023224, \"avg_logprob\": -0.30615532398223877, \"compression_ratio\": 2.322580575942993, \"no_speech_prob\": 0.32399484515190125}, {\"id\": 40, \"seek\": 2500, \"start\": 42.0, \"end\": 43.0, \"text\": \" So, what do you do for a living?\", \"tokens\": [51214, 407, 11, 437, 360, 291, 360, 337, 257, 2647, 30, 51264], \"temperature\": 0.20000000298023224, \"avg_logprob\": -0.30615532398223877, \"compression_ratio\": 2.322580575942993, \"no_speech_prob\": 0.32399484515190125}, {\"id\": 41, \"seek\": 2500, \"start\": 43.0, \"end\": 44.0, \"text\": \" I'm a housewife.\", \"tokens\": [51264, 286, 478, 257, 1782, 32779, 13, 51314], \"temperature\": 0.20000000298023224, \"avg_logprob\": -0.30615532398223877, \"compression_ratio\": 2.322580575942993, \"no_speech_prob\": 0.32399484515190125}, {\"id\": 42, \"seek\": 2500, \"start\": 44.0, \"end\": 45.0, \"text\": \" I'm a housewife.\", \"tokens\": [51314, 286, 478, 257, 1782, 32779, 13, 51364], \"temperature\": 0.20000000298023224, \"avg_logprob\": -0.30615532398223877, \"compression_ratio\": 2.322580575942993, \"no_speech_prob\": 0.32399484515190125}, {\"id\": 43, \"seek\": 2500, \"start\": 45.0, \"end\": 46.0, \"text\": \" I'm a housewife.\", \"tokens\": [51364, 286, 478, 257, 1782, 32779, 13, 51414], \"temperature\": 0.20000000298023224, \"avg_logprob\": -0.30615532398223877, \"compression_ratio\": 2.322580575942993, \"no_speech_prob\": 0.32399484515190125}, {\"id\": 44, \"seek\": 2500, \"start\": 46.0, \"end\": 47.0, \"text\": \" I'm a housewife.\", \"tokens\": [51414, 286, 478, 257, 1782, 32779, 13, 51464], \"temperature\": 0.20000000298023224, \"avg_logprob\": -0.30615532398223877, \"compression_ratio\": 2.322580575942993, \"no_speech_prob\": 0.32399484515190125}, {\"id\": 45, \"seek\": 2500, \"start\": 47.0, \"end\": 48.0, \"text\": \" I'm a housewife.\", \"tokens\": [51464, 286, 478, 257, 1782, 32779, 13, 51514], \"temperature\": 0.20000000298023224, \"avg_logprob\": -0.30615532398223877, \"compression_ratio\": 2.322580575942993, \"no_speech_prob\": 0.32399484515190125}, {\"id\": 46, \"seek\": 2500, \"start\": 48.0, \"end\": 49.0, \"text\": \" I'm a housewife.\", \"tokens\": [51514, 286, 478, 257, 1782, 32779, 13, 51564], \"temperature\": 0.20000000298023224, \"avg_logprob\": -0.30615532398223877, \"compression_ratio\": 2.322580575942993, \"no_speech_prob\": 0.32399484515190125}, {\"id\": 47, \"seek\": 2500, \"start\": 49.0, \"end\": 50.0, \"text\": \" I'm a housewife.\", \"tokens\": [51564, 286, 478, 257, 1782, 32779, 13, 51614], \"temperature\": 0.20000000298023224, \"avg_logprob\": -0.30615532398223877, \"compression_ratio\": 2.322580575942993, \"no_speech_prob\": 0.32399484515190125}, {\"id\": 48, \"seek\": 2500, \"start\": 50.0, \"end\": 51.0, \"text\": \" I'm a housewife.\", \"tokens\": [51614, 286, 478, 257, 1782, 32779, 13, 51664], \"temperature\": 0.20000000298023224, \"avg_logprob\": -0.30615532398223877, \"compression_ratio\": 2.322580575942993, \"no_speech_prob\": 0.32399484515190125}, {\"id\": 49, \"seek\": 2500, \"start\": 51.0, \"end\": 52.0, \"text\": \" I'm a housewife.\", \"tokens\": [51664, 286, 478, 257, 1782, 32779, 13, 51714], \"temperature\": 0.20000000298023224, \"avg_logprob\": -0.30615532398223877, \"compression_ratio\": 2.322580575942993, \"no_speech_prob\": 0.32399484515190125}, {\"id\": 50, \"seek\": 2500, \"start\": 52.0, \"end\": 53.0, \"text\": \" I'm a housewife.\", \"tokens\": [51714, 286, 478, 257, 1782, 32779, 13, 51764], \"temperature\": 0.20000000298023224, \"avg_logprob\": -0.30615532398223877, \"compression_ratio\": 2.322580575942993, \"no_speech_prob\": 0.32399484515190125}, {\"id\": 51, \"seek\": 5300, \"start\": 53.0, \"end\": 54.0, \"text\": \" Oh, you live in LA?\", \"tokens\": [50364, 876, 11, 291, 1621, 294, 9855, 30, 50414], \"temperature\": 0.6000000238418579, \"avg_logprob\": -0.28440576791763306, \"compression_ratio\": 1.7878787517547607, \"no_speech_prob\": 0.6855639815330505}, {\"id\": 52, \"seek\": 5300, \"start\": 54.0, \"end\": 55.0, \"text\": \" Yeah.\", \"tokens\": [50414, 865, 13, 50464], \"temperature\": 0.6000000238418579, \"avg_logprob\": -0.28440576791763306, \"compression_ratio\": 1.7878787517547607, \"no_speech_prob\": 0.6855639815330505}, {\"id\": 53, \"seek\": 5300, \"start\": 55.0, \"end\": 56.0, \"text\": \" Nice.\", \"tokens\": [50464, 5490, 13, 50514], \"temperature\": 0.6000000238418579, \"avg_logprob\": -0.28440576791763306, \"compression_ratio\": 1.7878787517547607, \"no_speech_prob\": 0.6855639815330505}, {\"id\": 54, \"seek\": 5300, \"start\": 56.0, \"end\": 57.0, \"text\": \" Are you new to LA?\", \"tokens\": [50514, 2014, 291, 777, 281, 9855, 30, 50564], \"temperature\": 0.6000000238418579, \"avg_logprob\": -0.28440576791763306, \"compression_ratio\": 1.7878787517547607, \"no_speech_prob\": 0.6855639815330505}, {\"id\": 55, \"seek\": 5300, \"start\": 57.0, \"end\": 58.0, \"text\": \" No.\", \"tokens\": [50564, 883, 13, 50614], \"temperature\": 0.6000000238418579, \"avg_logprob\": -0.28440576791763306, \"compression_ratio\": 1.7878787517547607, \"no_speech_prob\": 0.6855639815330505}, {\"id\": 56, \"seek\": 5300, \"start\": 58.0, \"end\": 59.0, \"text\": \" No.\", \"tokens\": [50614, 883, 13, 50664], \"temperature\": 0.6000000238418579, \"avg_logprob\": -0.28440576791763306, \"compression_ratio\": 1.7878787517547607, \"no_speech_prob\": 0.6855639815330505}, {\"id\": 57, \"seek\": 5300, \"start\": 59.0, \"end\": 60.0, \"text\": \" I grew up here.\", \"tokens\": [50664, 286, 6109, 493, 510, 13, 50714], \"temperature\": 0.6000000238418579, \"avg_logprob\": -0.28440576791763306, \"compression_ratio\": 1.7878787517547607, \"no_speech_prob\": 0.6855639815330505}, {\"id\": 58, \"seek\": 5300, \"start\": 60.0, \"end\": 61.0, \"text\": \" Okay.\", \"tokens\": [50714, 1033, 13, 50764], \"temperature\": 0.6000000238418579, \"avg_logprob\": -0.28440576791763306, \"compression_ratio\": 1.7878787517547607, \"no_speech_prob\": 0.6855639815330505}, {\"id\": 59, \"seek\": 5300, \"start\": 61.0, \"end\": 62.0, \"text\": \" I grew up in Orange County.\", \"tokens\": [50764, 286, 6109, 493, 294, 17106, 6658, 13, 50814], \"temperature\": 0.6000000238418579, \"avg_logprob\": -0.28440576791763306, \"compression_ratio\": 1.7878787517547607, \"no_speech_prob\": 0.6855639815330505}, {\"id\": 60, \"seek\": 5300, \"start\": 62.0, \"end\": 63.0, \"text\": \" Oh, okay.\", \"tokens\": [50814, 876, 11, 277, 2330, 88, 13, 50864], \"temperature\": 0.6000000238418579, \"avg_logprob\": -0.28440576791763306, \"compression_ratio\": 1.7878787517547607, \"no_speech_prob\": 0.6855639815330505}, {\"id\": 61, \"seek\": 5300, \"start\": 63.0, \"end\": 64.0, \"text\": \" Yeah.\", \"tokens\": [50864, 865, 13, 50914], \"temperature\": 0.6000000238418579, \"avg_logprob\": -0.28440576791763306, \"compression_ratio\": 1.7878787517547607, \"no_speech_prob\": 0.6855639815330505}, {\"id\": 62, \"seek\": 5300, \"start\": 64.0, \"end\": 65.0, \"text\": \" My whole family's from there.\", \"tokens\": [50914, 1222, 1379, 1605, 311, 490, 456, 13, 50964], \"temperature\": 0.6000000238418579, \"avg_logprob\": -0.28440576791763306, \"compression_ratio\": 1.7878787517547607, \"no_speech_prob\": 0.6855639815330505}, {\"id\": 63, \"seek\": 5300, \"start\": 65.0, \"end\": 66.0, \"text\": \" Orange County?\", \"tokens\": [50964, 17106, 6658, 30, 51014], \"temperature\": 0.6000000238418579, \"avg_logprob\": -0.28440576791763306, \"compression_ratio\": 1.7878787517547607, \"no_speech_prob\": 0.6855639815330505}, {\"id\": 64, \"seek\": 5300, \"start\": 66.0, \"end\": 67.0, \"text\": \" Yeah.\", \"tokens\": [51014, 865, 13, 51064], \"temperature\": 0.6000000238418579, \"avg_logprob\": -0.28440576791763306, \"compression_ratio\": 1.7878787517547607, \"no_speech_prob\": 0.6855639815330505}, {\"id\": 65, \"seek\": 5300, \"start\": 67.0, \"end\": 68.0, \"text\": \" What part?\", \"tokens\": [51064, 708, 644, 30, 51114], \"temperature\": 0.6000000238418579, \"avg_logprob\": -0.28440576791763306, \"compression_ratio\": 1.7878787517547607, \"no_speech_prob\": 0.6855639815330505}, {\"id\": 66, \"seek\": 5300, \"start\": 68.0, \"end\": 69.0, \"text\": \" Like Laguna Nigel.\", \"tokens\": [51114, 1743, 24886, 5051, 39554, 338, 13, 51164], \"temperature\": 0.6000000238418579, \"avg_logprob\": -0.28440576791763306, \"compression_ratio\": 1.7878787517547607, \"no_speech_prob\": 0.6855639815330505}, {\"id\": 67, \"seek\": 5300, \"start\": 69.0, \"end\": 70.0, \"text\": \" Where?\", \"tokens\": [51164, 2305, 30, 51214], \"temperature\": 0.6000000238418579, \"avg_logprob\": -0.28440576791763306, \"compression_ratio\": 1.7878787517547607, \"no_speech_prob\": 0.6855639815330505}, {\"id\": 68, \"seek\": 5300, \"start\": 70.0, \"end\": 71.0, \"text\": \" Laguna Nigel.\", \"tokens\": [51214, 24886, 5051, 39554, 338, 13, 51264], \"temperature\": 0.6000000238418579, \"avg_logprob\": -0.28440576791763306, \"compression_ratio\": 1.7878787517547607, \"no_speech_prob\": 0.6855639815330505}, {\"id\": 69, \"seek\": 5300, \"start\": 71.0, \"end\": 72.0, \"text\": \" Oh, Laguna...\", \"tokens\": [51264, 876, 11, 24886, 5051, 485, 51314], \"temperature\": 0.6000000238418579, \"avg_logprob\": -0.28440576791763306, \"compression_ratio\": 1.7878787517547607, \"no_speech_prob\": 0.6855639815330505}, {\"id\": 70, \"seek\": 5300, \"start\": 72.0, \"end\": 73.0, \"text\": \" Okay, my dad works in Laguna Nigel.\", \"tokens\": [51314, 1033, 11, 452, 3546, 1985, 294, 24886, 5051, 39554, 338, 13, 51364], \"temperature\": 0.6000000238418579, \"avg_logprob\": -0.28440576791763306, \"compression_ratio\": 1.7878787517547607, \"no_speech_prob\": 0.6855639815330505}, {\"id\": 71, \"seek\": 5300, \"start\": 73.0, \"end\": 74.0, \"text\": \" Oh.\", \"tokens\": [51364, 876, 13, 51414], \"temperature\": 0.6000000238418579, \"avg_logprob\": -0.28440576791763306, \"compression_ratio\": 1.7878787517547607, \"no_speech_prob\": 0.6855639815330505}, {\"id\": 72, \"seek\": 5300, \"start\": 74.0, \"end\": 75.0, \"text\": \" Yeah.\", \"tokens\": [51414, 865, 13, 51464], \"temperature\": 0.6000000238418579, \"avg_logprob\": -0.28440576791763306, \"compression_ratio\": 1.7878787517547607, \"no_speech_prob\": 0.6855639815330505}, {\"id\": 73, \"seek\": 5300, \"start\": 75.0, \"end\": 76.0, \"text\": \" My family's from Newport Beach.\", \"tokens\": [51464, 1222, 1605, 311, 490, 1873, 2707, 14866, 13, 51514], \"temperature\": 0.6000000238418579, \"avg_logprob\": -0.28440576791763306, \"compression_ratio\": 1.7878787517547607, \"no_speech_prob\": 0.6855639815330505}, {\"id\": 74, \"seek\": 5300, \"start\": 76.0, \"end\": 77.0, \"text\": \" Oh.\", \"tokens\": [51514, 876, 13, 51564], \"temperature\": 0.6000000238418579, \"avg_logprob\": -0.28440576791763306, \"compression_ratio\": 1.7878787517547607, \"no_speech_prob\": 0.6855639815330505}, {\"id\": 75, \"seek\": 5300, \"start\": 77.0, \"end\": 78.0, \"text\": \" So, pretty close.\", \"tokens\": [51564, 407, 11, 1238, 1998, 13, 51614], \"temperature\": 0.6000000238418579, \"avg_logprob\": -0.28440576791763306, \"compression_ratio\": 1.7878787517547607, \"no_speech_prob\": 0.6855639815330505}, {\"id\": 76, \"seek\": 5300, \"start\": 78.0, \"end\": 79.0, \"text\": \" A lot of my friends live there now.\", \"tokens\": [51614, 316, 688, 295, 452, 1855, 287, 488, 456, 586, 13, 51664], \"temperature\": 0.6000000238418579, \"avg_logprob\": -0.28440576791763306, \"compression_ratio\": 1.7878787517547607, \"no_speech_prob\": 0.6855639815330505}, {\"id\": 77, \"seek\": 5300, \"start\": 79.0, \"end\": 80.0, \"text\": \" In Laguna?\", \"tokens\": [51664, 682, 24886, 5051, 30, 51714], \"temperature\": 0.6000000238418579, \"avg_logprob\": -0.28440576791763306, \"compression_ratio\": 1.7878787517547607, \"no_speech_prob\": 0.6855639815330505}, {\"id\": 78, \"seek\": 5300, \"start\": 80.0, \"end\": 81.0, \"text\": \" Yeah.\", \"tokens\": [51714, 865, 13, 51764], \"temperature\": 0.6000000238418579, \"avg_logprob\": -0.28440576791763306, \"compression_ratio\": 1.7878787517547607, \"no_speech_prob\": 0.6855639815330505}, {\"id\": 79, \"seek\": 5300, \"start\": 81.0, \"end\": 82.0, \"text\": \" Oh, that's awesome.\", \"tokens\": [51764, 876, 11, 300, 311, 3476, 13, 51814], \"temperature\": 0.6000000238418579, \"avg_logprob\": -0.28440576791763306, \"compression_ratio\": 1.7878787517547607, \"no_speech_prob\": 0.6855639815330505}, {\"id\": 80, \"seek\": 8200, \"start\": 82.0, \"end\": 83.0, \"text\": \" So, you grew up in Laguna?\", \"tokens\": [50364, 407, 11, 291, 6109, 493, 294, 24886, 5051, 30, 50414], \"temperature\": 0.0, \"avg_logprob\": -0.167419895529747, \"compression_ratio\": 1.7085201740264893, \"no_speech_prob\": 0.34481438994407654}, {\"id\": 81, \"seek\": 8200, \"start\": 83.0, \"end\": 84.0, \"text\": \" Yeah.\", \"tokens\": [50414, 865, 13, 50464], \"temperature\": 0.0, \"avg_logprob\": -0.167419895529747, \"compression_ratio\": 1.7085201740264893, \"no_speech_prob\": 0.34481438994407654}, {\"id\": 82, \"seek\": 8200, \"start\": 84.0, \"end\": 85.0, \"text\": \" You go to high school?\", \"tokens\": [50464, 509, 352, 281, 1090, 1395, 30, 50514], \"temperature\": 0.0, \"avg_logprob\": -0.167419895529747, \"compression_ratio\": 1.7085201740264893, \"no_speech_prob\": 0.34481438994407654}, {\"id\": 83, \"seek\": 8200, \"start\": 85.0, \"end\": 86.0, \"text\": \" Yeah.\", \"tokens\": [50514, 865, 13, 50564], \"temperature\": 0.0, \"avg_logprob\": -0.167419895529747, \"compression_ratio\": 1.7085201740264893, \"no_speech_prob\": 0.34481438994407654}, {\"id\": 84, \"seek\": 8200, \"start\": 86.0, \"end\": 87.0, \"text\": \" Dana Hills?\", \"tokens\": [50564, 23759, 25663, 30, 50614], \"temperature\": 0.0, \"avg_logprob\": -0.167419895529747, \"compression_ratio\": 1.7085201740264893, \"no_speech_prob\": 0.34481438994407654}, {\"id\": 85, \"seek\": 8200, \"start\": 87.0, \"end\": 88.0, \"text\": \" What?\", \"tokens\": [50614, 708, 30, 50664], \"temperature\": 0.0, \"avg_logprob\": -0.167419895529747, \"compression_ratio\": 1.7085201740264893, \"no_speech_prob\": 0.34481438994407654}, {\"id\": 86, \"seek\": 8200, \"start\": 88.0, \"end\": 89.0, \"text\": \" Did you go to Dana Hills?\", \"tokens\": [50664, 2589, 291, 352, 281, 23759, 25663, 30, 50714], \"temperature\": 0.0, \"avg_logprob\": -0.167419895529747, \"compression_ratio\": 1.7085201740264893, \"no_speech_prob\": 0.34481438994407654}, {\"id\": 87, \"seek\": 8200, \"start\": 89.0, \"end\": 90.0, \"text\": \" No, I didn't go there.\", \"tokens\": [50714, 883, 11, 286, 994, 380, 352, 456, 13, 50764], \"temperature\": 0.0, \"avg_logprob\": -0.167419895529747, \"compression_ratio\": 1.7085201740264893, \"no_speech_prob\": 0.34481438994407654}, {\"id\": 88, \"seek\": 8200, \"start\": 90.0, \"end\": 91.0, \"text\": \" Oh, you didn't go?\", \"tokens\": [50764, 876, 11, 291, 994, 380, 352, 30, 50814], \"temperature\": 0.0, \"avg_logprob\": -0.167419895529747, \"compression_ratio\": 1.7085201740264893, \"no_speech_prob\": 0.34481438994407654}, {\"id\": 89, \"seek\": 8200, \"start\": 91.0, \"end\": 92.0, \"text\": \" Yeah.\", \"tokens\": [50814, 865, 13, 50864], \"temperature\": 0.0, \"avg_logprob\": -0.167419895529747, \"compression_ratio\": 1.7085201740264893, \"no_speech_prob\": 0.34481438994407654}, {\"id\": 90, \"seek\": 8200, \"start\": 92.0, \"end\": 93.0, \"text\": \" Where'd you go to high school?\", \"tokens\": [50864, 2305, 1116, 291, 352, 281, 1090, 1395, 30, 50914], \"temperature\": 0.0, \"avg_logprob\": -0.167419895529747, \"compression_ratio\": 1.7085201740264893, \"no_speech_prob\": 0.34481438994407654}, {\"id\": 91, \"seek\": 8200, \"start\": 93.0, \"end\": 94.0, \"text\": \" Sacred Heart.\", \"tokens\": [50914, 47074, 13569, 13, 50964], \"temperature\": 0.0, \"avg_logprob\": -0.167419895529747, \"compression_ratio\": 1.7085201740264893, \"no_speech_prob\": 0.34481438994407654}, {\"id\": 92, \"seek\": 8200, \"start\": 94.0, \"end\": 95.0, \"text\": \" It's in Waukegana.\", \"tokens\": [50964, 467, 311, 294, 343, 1459, 330, 1275, 64, 13, 51014], \"temperature\": 0.0, \"avg_logprob\": -0.167419895529747, \"compression_ratio\": 1.7085201740264893, \"no_speech_prob\": 0.34481438994407654}, {\"id\": 93, \"seek\": 8200, \"start\": 95.0, \"end\": 96.0, \"text\": \" Sacred Heart?\", \"tokens\": [51014, 47074, 13569, 30, 51064], \"temperature\": 0.0, \"avg_logprob\": -0.167419895529747, \"compression_ratio\": 1.7085201740264893, \"no_speech_prob\": 0.34481438994407654}, {\"id\": 94, \"seek\": 8200, \"start\": 96.0, \"end\": 97.0, \"text\": \" Oh, okay.\", \"tokens\": [51064, 876, 11, 1392, 13, 51114], \"temperature\": 0.0, \"avg_logprob\": -0.167419895529747, \"compression_ratio\": 1.7085201740264893, \"no_speech_prob\": 0.34481438994407654}, {\"id\": 95, \"seek\": 8200, \"start\": 97.0, \"end\": 98.0, \"text\": \" Yeah.\", \"tokens\": [51114, 865, 13, 51164], \"temperature\": 0.0, \"avg_logprob\": -0.167419895529747, \"compression_ratio\": 1.7085201740264893, \"no_speech_prob\": 0.34481438994407654}, {\"id\": 96, \"seek\": 8200, \"start\": 98.0, \"end\": 99.0, \"text\": \" College?\", \"tokens\": [51164, 6745, 30, 51214], \"temperature\": 0.0, \"avg_logprob\": -0.167419895529747, \"compression_ratio\": 1.7085201740264893, \"no_speech_prob\": 0.34481438994407654}, {\"id\": 97, \"seek\": 8200, \"start\": 99.0, \"end\": 100.0, \"text\": \" Oh, yeah.\", \"tokens\": [51214, 876, 11, 1338, 13, 51264], \"temperature\": 0.0, \"avg_logprob\": -0.167419895529747, \"compression_ratio\": 1.7085201740264893, \"no_speech_prob\": 0.34481438994407654}, {\"id\": 98, \"seek\": 8200, \"start\": 100.0, \"end\": 101.0, \"text\": \" TCU.\", \"tokens\": [51264, 314, 25864, 13, 51314], \"temperature\": 0.0, \"avg_logprob\": -0.167419895529747, \"compression_ratio\": 1.7085201740264893, \"no_speech_prob\": 0.34481438994407654}, {\"id\": 99, \"seek\": 8200, \"start\": 101.0, \"end\": 102.0, \"text\": \" TCU?\", \"tokens\": [51314, 314, 25864, 30, 51364], \"temperature\": 0.0, \"avg_logprob\": -0.167419895529747, \"compression_ratio\": 1.7085201740264893, \"no_speech_prob\": 0.34481438994407654}, {\"id\": 100, \"seek\": 8200, \"start\": 102.0, \"end\": 103.0, \"text\": \" Yeah.\", \"tokens\": [51364, 865, 13, 51414], \"temperature\": 0.0, \"avg_logprob\": -0.167419895529747, \"compression_ratio\": 1.7085201740264893, \"no_speech_prob\": 0.34481438994407654}, {\"id\": 101, \"seek\": 8200, \"start\": 103.0, \"end\": 104.0, \"text\": \" Okay, nice.\", \"tokens\": [51414, 1033, 11, 1481, 13, 51464], \"temperature\": 0.0, \"avg_logprob\": -0.167419895529747, \"compression_ratio\": 1.7085201740264893, \"no_speech_prob\": 0.34481438994407654}, {\"id\": 102, \"seek\": 8200, \"start\": 104.0, \"end\": 105.0, \"text\": \" I went to UCSD.\", \"tokens\": [51464, 286, 1437, 281, 14079, 23969, 13, 51514], \"temperature\": 0.0, \"avg_logprob\": -0.167419895529747, \"compression_ratio\": 1.7085201740264893, \"no_speech_prob\": 0.34481438994407654}, {\"id\": 103, \"seek\": 8200, \"start\": 105.0, \"end\": 106.0, \"text\": \" Oh, okay.\", \"tokens\": [51514, 876, 11, 1392, 13, 51564], \"temperature\": 0.0, \"avg_logprob\": -0.167419895529747, \"compression_ratio\": 1.7085201740264893, \"no_speech_prob\": 0.34481438994407654}, {\"id\": 104, \"seek\": 8200, \"start\": 106.0, \"end\": 107.0, \"text\": \" Yeah.\", \"tokens\": [51564, 865, 13, 51614], \"temperature\": 0.0, \"avg_logprob\": -0.167419895529747, \"compression_ratio\": 1.7085201740264893, \"no_speech_prob\": 0.34481438994407654}, {\"id\": 105, \"seek\": 8200, \"start\": 107.0, \"end\": 108.0, \"text\": \" How old are you?\", \"tokens\": [51614, 1012, 1331, 366, 291, 30, 51664], \"temperature\": 0.0, \"avg_logprob\": -0.167419895529747, \"compression_ratio\": 1.7085201740264893, \"no_speech_prob\": 0.34481438994407654}, {\"id\": 106, \"seek\": 8200, \"start\": 108.0, \"end\": 109.0, \"text\": \" Just wondering.\", \"tokens\": [51664, 1449, 6359, 13, 51714], \"temperature\": 0.0, \"avg_logprob\": -0.167419895529747, \"compression_ratio\": 1.7085201740264893, \"no_speech_prob\": 0.34481438994407654}, {\"id\": 107, \"seek\": 8200, \"start\": 109.0, \"end\": 110.0, \"text\": \" Take a guess.\", \"tokens\": [51714, 3664, 257, 2041, 13, 51764], \"temperature\": 0.0, \"avg_logprob\": -0.167419895529747, \"compression_ratio\": 1.7085201740264893, \"no_speech_prob\": 0.34481438994407654}, {\"id\": 108, \"seek\": 8200, \"start\": 110.0, \"end\": 111.0, \"text\": \" I'm 30.\", \"tokens\": [51764, 286, 478, 2217, 13, 51814], \"temperature\": 0.0, \"avg_logprob\": -0.167419895529747, \"compression_ratio\": 1.7085201740264893, \"no_speech_prob\": 0.34481438994407654}, {\"id\": 109, \"seek\": 11100, \"start\": 111.0, \"end\": 112.0, \"text\": \" I'm younger than that.\", \"tokens\": [50364, 286, 478, 7037, 813, 300, 13, 50414], \"temperature\": 0.0, \"avg_logprob\": -0.20837898552417755, \"compression_ratio\": 1.8040540218353271, \"no_speech_prob\": 0.5619291067123413}, {\"id\": 110, \"seek\": 11100, \"start\": 112.0, \"end\": 113.0, \"text\": \" Thank you.\", \"tokens\": [50414, 1044, 291, 13, 50464], \"temperature\": 0.0, \"avg_logprob\": -0.20837898552417755, \"compression_ratio\": 1.8040540218353271, \"no_speech_prob\": 0.5619291067123413}, {\"id\": 111, \"seek\": 11100, \"start\": 113.0, \"end\": 114.0, \"text\": \" Yeah.\", \"tokens\": [50464, 865, 13, 50514], \"temperature\": 0.0, \"avg_logprob\": -0.20837898552417755, \"compression_ratio\": 1.8040540218353271, \"no_speech_prob\": 0.5619291067123413}, {\"id\": 112, \"seek\": 11100, \"start\": 114.0, \"end\": 115.0, \"text\": \" I'm going to guess you at 23.\", \"tokens\": [50514, 286, 478, 516, 281, 2041, 291, 412, 6673, 13, 50564], \"temperature\": 0.0, \"avg_logprob\": -0.20837898552417755, \"compression_ratio\": 1.8040540218353271, \"no_speech_prob\": 0.5619291067123413}, {\"id\": 113, \"seek\": 11100, \"start\": 115.0, \"end\": 116.0, \"text\": \" Well, that's generous.\", \"tokens\": [50564, 1042, 11, 300, 311, 14537, 13, 50614], \"temperature\": 0.0, \"avg_logprob\": -0.20837898552417755, \"compression_ratio\": 1.8040540218353271, \"no_speech_prob\": 0.5619291067123413}, {\"id\": 114, \"seek\": 11100, \"start\": 116.0, \"end\": 117.0, \"text\": \" I'm actually only 19.\", \"tokens\": [50614, 286, 478, 767, 787, 1294, 13, 50664], \"temperature\": 0.0, \"avg_logprob\": -0.20837898552417755, \"compression_ratio\": 1.8040540218353271, \"no_speech_prob\": 0.5619291067123413}, {\"id\": 115, \"seek\": 11100, \"start\": 117.0, \"end\": 118.0, \"text\": \" 19?\", \"tokens\": [50664, 1294, 30, 50714], \"temperature\": 0.0, \"avg_logprob\": -0.20837898552417755, \"compression_ratio\": 1.8040540218353271, \"no_speech_prob\": 0.5619291067123413}, {\"id\": 116, \"seek\": 11100, \"start\": 118.0, \"end\": 119.0, \"text\": \" Okay.\", \"tokens\": [50714, 1033, 13, 50764], \"temperature\": 0.0, \"avg_logprob\": -0.20837898552417755, \"compression_ratio\": 1.8040540218353271, \"no_speech_prob\": 0.5619291067123413}, {\"id\": 117, \"seek\": 11100, \"start\": 119.0, \"end\": 120.0, \"text\": \" Well, you have a job.\", \"tokens\": [50764, 1042, 11, 291, 362, 257, 1691, 13, 50814], \"temperature\": 0.0, \"avg_logprob\": -0.20837898552417755, \"compression_ratio\": 1.8040540218353271, \"no_speech_prob\": 0.5619291067123413}, {\"id\": 118, \"seek\": 11100, \"start\": 120.0, \"end\": 121.0, \"text\": \" I thought you said you graduated from TCU.\", \"tokens\": [50814, 286, 1194, 291, 848, 291, 13693, 490, 314, 25864, 13, 50864], \"temperature\": 0.0, \"avg_logprob\": -0.20837898552417755, \"compression_ratio\": 1.8040540218353271, \"no_speech_prob\": 0.5619291067123413}, {\"id\": 119, \"seek\": 11100, \"start\": 121.0, \"end\": 122.0, \"text\": \" You're still in?\", \"tokens\": [50864, 509, 434, 920, 294, 30, 50914], \"temperature\": 0.0, \"avg_logprob\": -0.20837898552417755, \"compression_ratio\": 1.8040540218353271, \"no_speech_prob\": 0.5619291067123413}, {\"id\": 120, \"seek\": 11100, \"start\": 122.0, \"end\": 123.0, \"text\": \" You're at TCU now?\", \"tokens\": [50914, 509, 434, 412, 314, 25864, 586, 30, 50964], \"temperature\": 0.0, \"avg_logprob\": -0.20837898552417755, \"compression_ratio\": 1.8040540218353271, \"no_speech_prob\": 0.5619291067123413}, {\"id\": 121, \"seek\": 11100, \"start\": 123.0, \"end\": 124.0, \"text\": \" Yeah.\", \"tokens\": [50964, 865, 13, 51014], \"temperature\": 0.0, \"avg_logprob\": -0.20837898552417755, \"compression_ratio\": 1.8040540218353271, \"no_speech_prob\": 0.5619291067123413}, {\"id\": 122, \"seek\": 11100, \"start\": 124.0, \"end\": 125.0, \"text\": \" Okay.\", \"tokens\": [51014, 1033, 13, 51064], \"temperature\": 0.0, \"avg_logprob\": -0.20837898552417755, \"compression_ratio\": 1.8040540218353271, \"no_speech_prob\": 0.5619291067123413}, {\"id\": 123, \"seek\": 11100, \"start\": 125.0, \"end\": 126.0, \"text\": \" That's why I guessed 23.\", \"tokens\": [51064, 663, 311, 983, 286, 21852, 6673, 13, 51114], \"temperature\": 0.0, \"avg_logprob\": -0.20837898552417755, \"compression_ratio\": 1.8040540218353271, \"no_speech_prob\": 0.5619291067123413}, {\"id\": 124, \"seek\": 11100, \"start\": 126.0, \"end\": 127.0, \"text\": \" That'd be like the youngest graduating age.\", \"tokens\": [51114, 663, 1116, 312, 411, 264, 17747, 18843, 3205, 13, 51164], \"temperature\": 0.0, \"avg_logprob\": -0.20837898552417755, \"compression_ratio\": 1.8040540218353271, \"no_speech_prob\": 0.5619291067123413}, {\"id\": 125, \"seek\": 11100, \"start\": 127.0, \"end\": 128.0, \"text\": \" But, you know, if you can believe it, my big idea will work.\", \"tokens\": [51164, 583, 11, 291, 458, 11, 498, 291, 393, 1697, 309, 11, 452, 955, 1558, 486, 589, 13, 51214], \"temperature\": 0.0, \"avg_logprob\": -0.20837898552417755, \"compression_ratio\": 1.8040540218353271, \"no_speech_prob\": 0.5619291067123413}, {\"id\": 126, \"seek\": 11100, \"start\": 128.0, \"end\": 129.0, \"text\": \" So, that's good.\", \"tokens\": [51214, 407, 11, 300, 311, 665, 13, 51264], \"temperature\": 0.0, \"avg_logprob\": -0.20837898552417755, \"compression_ratio\": 1.8040540218353271, \"no_speech_prob\": 0.5619291067123413}, {\"id\": 127, \"seek\": 11100, \"start\": 129.0, \"end\": 130.0, \"text\": \" Nice.\", \"tokens\": [51264, 5490, 13, 51314], \"temperature\": 0.0, \"avg_logprob\": -0.20837898552417755, \"compression_ratio\": 1.8040540218353271, \"no_speech_prob\": 0.5619291067123413}, {\"id\": 128, \"seek\": 11100, \"start\": 130.0, \"end\": 131.0, \"text\": \" You don't even need it in LA.\", \"tokens\": [51314, 509, 500, 380, 754, 643, 309, 294, 9855, 13, 51364], \"temperature\": 0.0, \"avg_logprob\": -0.20837898552417755, \"compression_ratio\": 1.8040540218353271, \"no_speech_prob\": 0.5619291067123413}, {\"id\": 129, \"seek\": 11100, \"start\": 131.0, \"end\": 132.0, \"text\": \" What?\", \"tokens\": [51364, 708, 30, 51414], \"temperature\": 0.0, \"avg_logprob\": -0.20837898552417755, \"compression_ratio\": 1.8040540218353271, \"no_speech_prob\": 0.5619291067123413}, {\"id\": 130, \"seek\": 11100, \"start\": 132.0, \"end\": 133.0, \"text\": \" You don't even need it here.\", \"tokens\": [51414, 509, 500, 380, 754, 643, 309, 510, 13, 51464], \"temperature\": 0.0, \"avg_logprob\": -0.20837898552417755, \"compression_ratio\": 1.8040540218353271, \"no_speech_prob\": 0.5619291067123413}, {\"id\": 131, \"seek\": 11100, \"start\": 133.0, \"end\": 134.0, \"text\": \" I need it in Texas.\", \"tokens\": [51464, 286, 643, 309, 294, 7885, 13, 51514], \"temperature\": 0.0, \"avg_logprob\": -0.20837898552417755, \"compression_ratio\": 1.8040540218353271, \"no_speech_prob\": 0.5619291067123413}, {\"id\": 132, \"seek\": 11100, \"start\": 134.0, \"end\": 135.0, \"text\": \" You need it in Texas, right?\", \"tokens\": [51514, 509, 643, 309, 294, 7885, 11, 558, 30, 51564], \"temperature\": 0.0, \"avg_logprob\": -0.20837898552417755, \"compression_ratio\": 1.8040540218353271, \"no_speech_prob\": 0.5619291067123413}, {\"id\": 133, \"seek\": 11100, \"start\": 135.0, \"end\": 136.0, \"text\": \" Yeah.\", \"tokens\": [51564, 865, 13, 51614], \"temperature\": 0.0, \"avg_logprob\": -0.20837898552417755, \"compression_ratio\": 1.8040540218353271, \"no_speech_prob\": 0.5619291067123413}, {\"id\": 134, \"seek\": 11100, \"start\": 136.0, \"end\": 137.0, \"text\": \" Yeah.\", \"tokens\": [51614, 865, 13, 51664], \"temperature\": 0.0, \"avg_logprob\": -0.20837898552417755, \"compression_ratio\": 1.8040540218353271, \"no_speech_prob\": 0.5619291067123413}, {\"id\": 135, \"seek\": 11100, \"start\": 137.0, \"end\": 138.0, \"text\": \" Yeah.\", \"tokens\": [51664, 865, 13, 51714], \"temperature\": 0.0, \"avg_logprob\": -0.20837898552417755, \"compression_ratio\": 1.8040540218353271, \"no_speech_prob\": 0.5619291067123413}, {\"id\": 136, \"seek\": 11100, \"start\": 138.0, \"end\": 139.0, \"text\": \" Yeah.\", \"tokens\": [51714, 865, 13, 51764], \"temperature\": 0.0, \"avg_logprob\": -0.20837898552417755, \"compression_ratio\": 1.8040540218353271, \"no_speech_prob\": 0.5619291067123413}, {\"id\": 137, \"seek\": 11100, \"start\": 139.0, \"end\": 140.0, \"text\": \" Yeah.\", \"tokens\": [51764, 865, 13, 51814], \"temperature\": 0.0, \"avg_logprob\": -0.20837898552417755, \"compression_ratio\": 1.8040540218353271, \"no_speech_prob\": 0.5619291067123413}, {\"id\": 138, \"seek\": 14000, \"start\": 140.0, \"end\": 141.0, \"text\": \" You need it in Texas, right?\", \"tokens\": [50364, 509, 643, 309, 294, 7885, 11, 558, 30, 50414], \"temperature\": 0.0, \"avg_logprob\": -0.1978144347667694, \"compression_ratio\": 1.656957983970642, \"no_speech_prob\": 0.48027628660202026}, {\"id\": 139, \"seek\": 14000, \"start\": 141.0, \"end\": 142.0, \"text\": \" Yeah.\", \"tokens\": [50414, 865, 13, 50464], \"temperature\": 0.0, \"avg_logprob\": -0.1978144347667694, \"compression_ratio\": 1.656957983970642, \"no_speech_prob\": 0.48027628660202026}, {\"id\": 140, \"seek\": 14000, \"start\": 142.0, \"end\": 143.0, \"text\": \" So, you're just here for the summer until you go back?\", \"tokens\": [50464, 407, 11, 291, 434, 445, 510, 337, 264, 4266, 1826, 291, 352, 646, 30, 50514], \"temperature\": 0.0, \"avg_logprob\": -0.1978144347667694, \"compression_ratio\": 1.656957983970642, \"no_speech_prob\": 0.48027628660202026}, {\"id\": 141, \"seek\": 14000, \"start\": 143.0, \"end\": 144.0, \"text\": \" Yeah.\", \"tokens\": [50514, 865, 13, 50564], \"temperature\": 0.0, \"avg_logprob\": -0.1978144347667694, \"compression_ratio\": 1.656957983970642, \"no_speech_prob\": 0.48027628660202026}, {\"id\": 142, \"seek\": 14000, \"start\": 144.0, \"end\": 145.0, \"text\": \" All right.\", \"tokens\": [50564, 1057, 558, 13, 50614], \"temperature\": 0.0, \"avg_logprob\": -0.1978144347667694, \"compression_ratio\": 1.656957983970642, \"no_speech_prob\": 0.48027628660202026}, {\"id\": 143, \"seek\": 14000, \"start\": 145.0, \"end\": 146.0, \"text\": \" So, you just, uh, you had finals.\", \"tokens\": [50614, 407, 11, 291, 445, 11, 2232, 11, 291, 632, 25526, 13, 50664], \"temperature\": 0.0, \"avg_logprob\": -0.1978144347667694, \"compression_ratio\": 1.656957983970642, \"no_speech_prob\": 0.48027628660202026}, {\"id\": 144, \"seek\": 14000, \"start\": 146.0, \"end\": 147.0, \"text\": \" You passed, hopefully.\", \"tokens\": [50664, 509, 4678, 11, 4696, 13, 50714], \"temperature\": 0.0, \"avg_logprob\": -0.1978144347667694, \"compression_ratio\": 1.656957983970642, \"no_speech_prob\": 0.48027628660202026}, {\"id\": 145, \"seek\": 14000, \"start\": 147.0, \"end\": 148.0, \"text\": \" Yeah.\", \"tokens\": [50714, 865, 13, 50764], \"temperature\": 0.0, \"avg_logprob\": -0.1978144347667694, \"compression_ratio\": 1.656957983970642, \"no_speech_prob\": 0.48027628660202026}, {\"id\": 146, \"seek\": 14000, \"start\": 148.0, \"end\": 149.0, \"text\": \" Summer job catering.\", \"tokens\": [50764, 16161, 1691, 21557, 278, 13, 50814], \"temperature\": 0.0, \"avg_logprob\": -0.1978144347667694, \"compression_ratio\": 1.656957983970642, \"no_speech_prob\": 0.48027628660202026}, {\"id\": 147, \"seek\": 14000, \"start\": 149.0, \"end\": 150.0, \"text\": \" Exactly.\", \"tokens\": [50814, 7587, 13, 50864], \"temperature\": 0.0, \"avg_logprob\": -0.1978144347667694, \"compression_ratio\": 1.656957983970642, \"no_speech_prob\": 0.48027628660202026}, {\"id\": 148, \"seek\": 14000, \"start\": 150.0, \"end\": 151.0, \"text\": \" I have your whole life figured out.\", \"tokens\": [50864, 286, 362, 428, 1379, 993, 8932, 484, 13, 50914], \"temperature\": 0.0, \"avg_logprob\": -0.1978144347667694, \"compression_ratio\": 1.656957983970642, \"no_speech_prob\": 0.48027628660202026}, {\"id\": 149, \"seek\": 14000, \"start\": 151.0, \"end\": 152.0, \"text\": \" I know.\", \"tokens\": [50914, 286, 458, 13, 50964], \"temperature\": 0.0, \"avg_logprob\": -0.1978144347667694, \"compression_ratio\": 1.656957983970642, \"no_speech_prob\": 0.48027628660202026}, {\"id\": 150, \"seek\": 14000, \"start\": 152.0, \"end\": 153.0, \"text\": \" Like, life story.\", \"tokens\": [50964, 1743, 11, 993, 1657, 13, 51014], \"temperature\": 0.0, \"avg_logprob\": -0.1978144347667694, \"compression_ratio\": 1.656957983970642, \"no_speech_prob\": 0.48027628660202026}, {\"id\": 151, \"seek\": 14000, \"start\": 153.0, \"end\": 154.0, \"text\": \" You're crazy.\", \"tokens\": [51014, 509, 434, 3219, 13, 51064], \"temperature\": 0.0, \"avg_logprob\": -0.1978144347667694, \"compression_ratio\": 1.656957983970642, \"no_speech_prob\": 0.48027628660202026}, {\"id\": 152, \"seek\": 14000, \"start\": 154.0, \"end\": 155.0, \"text\": \" All right.\", \"tokens\": [51064, 1057, 558, 13, 51114], \"temperature\": 0.0, \"avg_logprob\": -0.1978144347667694, \"compression_ratio\": 1.656957983970642, \"no_speech_prob\": 0.48027628660202026}, {\"id\": 153, \"seek\": 14000, \"start\": 155.0, \"end\": 156.0, \"text\": \" Well, now you have to go on a date with me at some point.\", \"tokens\": [51114, 1042, 11, 586, 291, 362, 281, 352, 322, 257, 4002, 365, 385, 412, 512, 935, 13, 51164], \"temperature\": 0.0, \"avg_logprob\": -0.1978144347667694, \"compression_ratio\": 1.656957983970642, \"no_speech_prob\": 0.48027628660202026}, {\"id\": 154, \"seek\": 14000, \"start\": 156.0, \"end\": 157.0, \"text\": \" A date?\", \"tokens\": [51164, 316, 4002, 30, 51214], \"temperature\": 0.0, \"avg_logprob\": -0.1978144347667694, \"compression_ratio\": 1.656957983970642, \"no_speech_prob\": 0.48027628660202026}, {\"id\": 155, \"seek\": 14000, \"start\": 157.0, \"end\": 158.0, \"text\": \" Or you can give me a fake number and I'll never know the difference.\", \"tokens\": [51214, 1610, 291, 393, 976, 385, 257, 7592, 1230, 293, 286, 603, 1128, 458, 264, 2649, 13, 51264], \"temperature\": 0.0, \"avg_logprob\": -0.1978144347667694, \"compression_ratio\": 1.656957983970642, \"no_speech_prob\": 0.48027628660202026}, {\"id\": 156, \"seek\": 14000, \"start\": 158.0, \"end\": 159.0, \"text\": \" Okay.\", \"tokens\": [51264, 1033, 13, 51314], \"temperature\": 0.0, \"avg_logprob\": -0.1978144347667694, \"compression_ratio\": 1.656957983970642, \"no_speech_prob\": 0.48027628660202026}, {\"id\": 157, \"seek\": 14000, \"start\": 159.0, \"end\": 160.0, \"text\": \" What'd you say your name was?\", \"tokens\": [51314, 708, 1116, 291, 584, 428, 1315, 390, 30, 51364], \"temperature\": 0.0, \"avg_logprob\": -0.1978144347667694, \"compression_ratio\": 1.656957983970642, \"no_speech_prob\": 0.48027628660202026}, {\"id\": 158, \"seek\": 14000, \"start\": 160.0, \"end\": 161.0, \"text\": \" Emily.\", \"tokens\": [51364, 15034, 13, 51414], \"temperature\": 0.0, \"avg_logprob\": -0.1978144347667694, \"compression_ratio\": 1.656957983970642, \"no_speech_prob\": 0.48027628660202026}, {\"id\": 159, \"seek\": 14000, \"start\": 161.0, \"end\": 162.0, \"text\": \" Emily.\", \"tokens\": [51414, 15034, 13, 51464], \"temperature\": 0.0, \"avg_logprob\": -0.1978144347667694, \"compression_ratio\": 1.656957983970642, \"no_speech_prob\": 0.48027628660202026}, {\"id\": 160, \"seek\": 14000, \"start\": 162.0, \"end\": 163.0, \"text\": \" That's right.\", \"tokens\": [51464, 663, 311, 558, 13, 51514], \"temperature\": 0.0, \"avg_logprob\": -0.1978144347667694, \"compression_ratio\": 1.656957983970642, \"no_speech_prob\": 0.48027628660202026}, {\"id\": 161, \"seek\": 14000, \"start\": 163.0, \"end\": 164.0, \"text\": \" Let me take it down.\", \"tokens\": [51514, 961, 385, 747, 309, 760, 13, 51564], \"temperature\": 0.0, \"avg_logprob\": -0.1978144347667694, \"compression_ratio\": 1.656957983970642, \"no_speech_prob\": 0.48027628660202026}, {\"id\": 162, \"seek\": 14000, \"start\": 164.0, \"end\": 165.0, \"text\": \" Okay.\", \"tokens\": [51564, 1033, 13, 51614], \"temperature\": 0.0, \"avg_logprob\": -0.1978144347667694, \"compression_ratio\": 1.656957983970642, \"no_speech_prob\": 0.48027628660202026}, {\"id\": 163, \"seek\": 16500, \"start\": 165.0399932861328, \"end\": 166.0399932861328, \"text\": \" Emily the caterer.\", \"tokens\": [50366, 15034, 264, 269, 473, 265, 81, 13, 50416], \"temperature\": 0.800000011920929, \"avg_logprob\": -0.7382600903511047, \"compression_ratio\": 1.878787875175476, \"no_speech_prob\": 0.46082746982574463}, {\"id\": 164, \"seek\": 16500, \"start\": 166.0399932861328, \"end\": 167.0399932861328, \"text\": \" Yeah.\", \"tokens\": [50416, 865, 13, 50466], \"temperature\": 0.800000011920929, \"avg_logprob\": -0.7382600903511047, \"compression_ratio\": 1.878787875175476, \"no_speech_prob\": 0.46082746982574463}, {\"id\": 165, \"seek\": 16500, \"start\": 167.0399932861328, \"end\": 168.0399932861328, \"text\": \" That's how I'll save you as.\", \"tokens\": [50466, 663, 311, 577, 286, 603, 3155, 291, 382, 13, 50516], \"temperature\": 0.800000011920929, \"avg_logprob\": -0.7382600903511047, \"compression_ratio\": 1.878787875175476, \"no_speech_prob\": 0.46082746982574463}, {\"id\": 166, \"seek\": 16500, \"start\": 168.0399932861328, \"end\": 169.0399932861328, \"text\": \" Where do you live now?\", \"tokens\": [50516, 2305, 360, 291, 1621, 586, 30, 50566], \"temperature\": 0.800000011920929, \"avg_logprob\": -0.7382600903511047, \"compression_ratio\": 1.878787875175476, \"no_speech_prob\": 0.46082746982574463}, {\"id\": 167, \"seek\": 16500, \"start\": 169.0399932861328, \"end\": 170.0399932861328, \"text\": \" Pasadena.\", \"tokens\": [50566, 14199, 345, 4118, 13, 50616], \"temperature\": 0.800000011920929, \"avg_logprob\": -0.7382600903511047, \"compression_ratio\": 1.878787875175476, \"no_speech_prob\": 0.46082746982574463}, {\"id\": 168, \"seek\": 16500, \"start\": 170.0399932861328, \"end\": 171.0399932861328, \"text\": \" Okay.\", \"tokens\": [50616, 1033, 13, 50666], \"temperature\": 0.800000011920929, \"avg_logprob\": -0.7382600903511047, \"compression_ratio\": 1.878787875175476, \"no_speech_prob\": 0.46082746982574463}, {\"id\": 169, \"seek\": 16500, \"start\": 171.0399932861328, \"end\": 172.0399932861328, \"text\": \" Yeah.\", \"tokens\": [50666, 865, 13, 50716], \"temperature\": 0.800000011920929, \"avg_logprob\": -0.7382600903511047, \"compression_ratio\": 1.878787875175476, \"no_speech_prob\": 0.46082746982574463}, {\"id\": 170, \"seek\": 16500, \"start\": 172.0399932861328, \"end\": 173.0399932861328, \"text\": \" I live right around here, so.\", \"tokens\": [50716, 286, 1621, 8329, 357, 257, 5453, 510, 11, 370, 13, 50766], \"temperature\": 0.800000011920929, \"avg_logprob\": -0.7382600903511047, \"compression_ratio\": 1.878787875175476, \"no_speech_prob\": 0.46082746982574463}, {\"id\": 171, \"seek\": 16500, \"start\": 173.0399932861328, \"end\": 174.0399932861328, \"text\": \" You ever been to Laurel Hardware?\", \"tokens\": [50766, 509, 1562, 668, 281, 27270, 75, 11817, 3039, 30, 50816], \"temperature\": 0.800000011920929, \"avg_logprob\": -0.7382600903511047, \"compression_ratio\": 1.878787875175476, \"no_speech_prob\": 0.46082746982574463}, {\"id\": 172, \"seek\": 16500, \"start\": 174.0399932861328, \"end\": 175.0399932861328, \"text\": \" No?\", \"tokens\": [50816, 883, 30, 50866], \"temperature\": 0.800000011920929, \"avg_logprob\": -0.7382600903511047, \"compression_ratio\": 1.878787875175476, \"no_speech_prob\": 0.46082746982574463}, {\"id\": 173, \"seek\": 16500, \"start\": 175.0399932861328, \"end\": 176.0399932861328, \"text\": \" It's near here.\", \"tokens\": [50866, 467, 311, 2651, 720, 68, 13, 50916], \"temperature\": 0.800000011920929, \"avg_logprob\": -0.7382600903511047, \"compression_ratio\": 1.878787875175476, \"no_speech_prob\": 0.46082746982574463}, {\"id\": 174, \"seek\": 16500, \"start\": 176.0399932861328, \"end\": 177.0399932861328, \"text\": \" I'm not from there.\", \"tokens\": [50916, 286, 478, 406, 490, 456, 13, 50966], \"temperature\": 0.800000011920929, \"avg_logprob\": -0.7382600903511047, \"compression_ratio\": 1.878787875175476, \"no_speech_prob\": 0.46082746982574463}, {\"id\": 175, \"seek\": 16500, \"start\": 177.0399932861328, \"end\": 178.0399932861328, \"text\": \" Okay.\", \"tokens\": [50966, 1033, 13, 51016], \"temperature\": 0.800000011920929, \"avg_logprob\": -0.7382600903511047, \"compression_ratio\": 1.878787875175476, \"no_speech_prob\": 0.46082746982574463}, {\"id\": 176, \"seek\": 16500, \"start\": 178.0399932861328, \"end\": 179.0399932861328, \"text\": \" So, you're not a girl.\", \"tokens\": [51016, 220, 6455, 11, 291, 434, 406, 257, 2013, 13, 51066], \"temperature\": 0.800000011920929, \"avg_logprob\": -0.7382600903511047, \"compression_ratio\": 1.878787875175476, \"no_speech_prob\": 0.46082746982574463}, {\"id\": 177, \"seek\": 16500, \"start\": 179.0399932861328, \"end\": 180.0399932861328, \"text\": \" You're a boy.\", \"tokens\": [51066, 509, 434, 257, 3237, 13, 51116], \"temperature\": 0.800000011920929, \"avg_logprob\": -0.7382600903511047, \"compression_ratio\": 1.878787875175476, \"no_speech_prob\": 0.46082746982574463}, {\"id\": 178, \"seek\": 16500, \"start\": 180.0399932861328, \"end\": 181.0399932861328, \"text\": \" You're a boy.\", \"tokens\": [51116, 509, 434, 257, 272, 939, 13, 51166], \"temperature\": 0.800000011920929, \"avg_logprob\": -0.7382600903511047, \"compression_ratio\": 1.878787875175476, \"no_speech_prob\": 0.46082746982574463}, {\"id\": 179, \"seek\": 16500, \"start\": 181.0399932861328, \"end\": 182.0399932861328, \"text\": \" Yeah.\", \"tokens\": [51166, 865, 13, 51216], \"temperature\": 0.800000011920929, \"avg_logprob\": -0.7382600903511047, \"compression_ratio\": 1.878787875175476, \"no_speech_prob\": 0.46082746982574463}, {\"id\": 180, \"seek\": 16500, \"start\": 182.0399932861328, \"end\": 183.0399932861328, \"text\": \" I'm a girl.\", \"tokens\": [51216, 286, 478, 257, 2013, 13, 51266], \"temperature\": 0.800000011920929, \"avg_logprob\": -0.7382600903511047, \"compression_ratio\": 1.878787875175476, \"no_speech_prob\": 0.46082746982574463}, {\"id\": 181, \"seek\": 16500, \"start\": 183.0399932861328, \"end\": 184.0399932861328, \"text\": \" Yeah.\", \"tokens\": [51266, 865, 13, 51316], \"temperature\": 0.800000011920929, \"avg_logprob\": -0.7382600903511047, \"compression_ratio\": 1.878787875175476, \"no_speech_prob\": 0.46082746982574463}, {\"id\": 182, \"seek\": 16500, \"start\": 184.0399932861328, \"end\": 185.0399932861328, \"text\": \" You're a girl.\", \"tokens\": [51316, 509, 434, 257, 2013, 13, 51366], \"temperature\": 0.800000011920929, \"avg_logprob\": -0.7382600903511047, \"compression_ratio\": 1.878787875175476, \"no_speech_prob\": 0.46082746982574463}, {\"id\": 183, \"seek\": 16500, \"start\": 185.0399932861328, \"end\": 186.0399932861328, \"text\": \" Okay.\", \"tokens\": [51366, 1033, 13, 51416], \"temperature\": 0.800000011920929, \"avg_logprob\": -0.7382600903511047, \"compression_ratio\": 1.878787875175476, \"no_speech_prob\": 0.46082746982574463}, {\"id\": 184, \"seek\": 16500, \"start\": 186.0399932861328, \"end\": 187.0399932861328, \"text\": \" Okay.\", \"tokens\": [51416, 1033, 13, 51466], \"temperature\": 0.800000011920929, \"avg_logprob\": -0.7382600903511047, \"compression_ratio\": 1.878787875175476, \"no_speech_prob\": 0.46082746982574463}, {\"id\": 185, \"seek\": 16500, \"start\": 187.0399932861328, \"end\": 188.0399932861328, \"text\": \" All right.\", \"tokens\": [51466, 220, 7868, 558, 13, 51516], \"temperature\": 0.800000011920929, \"avg_logprob\": -0.7382600903511047, \"compression_ratio\": 1.878787875175476, \"no_speech_prob\": 0.46082746982574463}, {\"id\": 186, \"seek\": 16500, \"start\": 188.0399932861328, \"end\": 189.0399932861328, \"text\": \" I appreciate it.\", \"tokens\": [51516, 286, 724, 265, 537, 473, 309, 13, 51566], \"temperature\": 0.800000011920929, \"avg_logprob\": -0.7382600903511047, \"compression_ratio\": 1.878787875175476, \"no_speech_prob\": 0.46082746982574463}, {\"id\": 187, \"seek\": 16500, \"start\": 189.0399932861328, \"end\": 190.0399932861328, \"text\": \" I really appreciate it.\", \"tokens\": [51566, 286, 319, 336, 88, 4449, 309, 13, 51616], \"temperature\": 0.800000011920929, \"avg_logprob\": -0.7382600903511047, \"compression_ratio\": 1.878787875175476, \"no_speech_prob\": 0.46082746982574463}, {\"id\": 188, \"seek\": 16500, \"start\": 190.0399932861328, \"end\": 191.0399932861328, \"text\": \" You're so nice.\", \"tokens\": [51616, 509, 434, 370, 1481, 13, 51666], \"temperature\": 0.800000011920929, \"avg_logprob\": -0.7382600903511047, \"compression_ratio\": 1.878787875175476, \"no_speech_prob\": 0.46082746982574463}, {\"id\": 189, \"seek\": 16500, \"start\": 191.0399932861328, \"end\": 192.0399932861328, \"text\": \" I really appreciate it.\", \"tokens\": [51666, 286, 957, 356, 4449, 309, 13, 51716], \"temperature\": 0.800000011920929, \"avg_logprob\": -0.7382600903511047, \"compression_ratio\": 1.878787875175476, \"no_speech_prob\": 0.46082746982574463}, {\"id\": 190, \"seek\": 16500, \"start\": 192.0399932861328, \"end\": 193.0399932861328, \"text\": \" Thanks.\", \"tokens\": [51716, 2561, 13, 51766], \"temperature\": 0.800000011920929, \"avg_logprob\": -0.7382600903511047, \"compression_ratio\": 1.878787875175476, \"no_speech_prob\": 0.46082746982574463}, {\"id\": 191, \"seek\": 16500, \"start\": 193.0399932861328, \"end\": 194.0399932861328, \"text\": \" I really appreciate it.\", \"tokens\": [51766, 286, 534, 4449, 309, 13, 51816], \"temperature\": 0.800000011920929, \"avg_logprob\": -0.7382600903511047, \"compression_ratio\": 1.878787875175476, \"no_speech_prob\": 0.46082746982574463}, {\"id\": 192, \"seek\": 19404, \"start\": 194.0800018310547, \"end\": 196.0800018310547, \"text\": \" You know, it's fun and your fake ID will work.\", \"tokens\": [50366, 509, 458, 11, 309, 311, 1019, 293, 428, 7592, 7348, 486, 589, 13, 50466], \"temperature\": 0.0, \"avg_logprob\": -0.22615332901477814, \"compression_ratio\": 1.4560439586639404, \"no_speech_prob\": 0.05813334882259369}, {\"id\": 193, \"seek\": 19404, \"start\": 196.0800018310547, \"end\": 197.0800018310547, \"text\": \" Sweet.\", \"tokens\": [50466, 14653, 13, 50516], \"temperature\": 0.0, \"avg_logprob\": -0.22615332901477814, \"compression_ratio\": 1.4560439586639404, \"no_speech_prob\": 0.05813334882259369}, {\"id\": 194, \"seek\": 19404, \"start\": 197.0800018310547, \"end\": 202.0800018310547, \"text\": \" So, we'll get a drink and, you know, I promise I'll only be like 30% boring.\", \"tokens\": [50516, 407, 11, 321, 603, 483, 257, 2822, 293, 11, 291, 458, 11, 286, 6228, 286, 603, 787, 312, 411, 2217, 4, 9989, 13, 50766], \"temperature\": 0.0, \"avg_logprob\": -0.22615332901477814, \"compression_ratio\": 1.4560439586639404, \"no_speech_prob\": 0.05813334882259369}, {\"id\": 195, \"seek\": 19404, \"start\": 202.0800018310547, \"end\": 203.0800018310547, \"text\": \" Okay.\", \"tokens\": [50766, 1033, 13, 50816], \"temperature\": 0.0, \"avg_logprob\": -0.22615332901477814, \"compression_ratio\": 1.4560439586639404, \"no_speech_prob\": 0.05813334882259369}, {\"id\": 196, \"seek\": 19404, \"start\": 203.0800018310547, \"end\": 204.0800018310547, \"text\": \" 30% I can deal.\", \"tokens\": [50816, 2217, 4, 286, 393, 2028, 13, 50866], \"temperature\": 0.0, \"avg_logprob\": -0.22615332901477814, \"compression_ratio\": 1.4560439586639404, \"no_speech_prob\": 0.05813334882259369}, {\"id\": 197, \"seek\": 19404, \"start\": 204.0800018310547, \"end\": 205.0800018310547, \"text\": \" 30% boring.\", \"tokens\": [50866, 2217, 4, 9989, 13, 50916], \"temperature\": 0.0, \"avg_logprob\": -0.22615332901477814, \"compression_ratio\": 1.4560439586639404, \"no_speech_prob\": 0.05813334882259369}, {\"id\": 198, \"seek\": 19404, \"start\": 205.0800018310547, \"end\": 206.0800018310547, \"text\": \" Yeah.\", \"tokens\": [50916, 865, 13, 50966], \"temperature\": 0.0, \"avg_logprob\": -0.22615332901477814, \"compression_ratio\": 1.4560439586639404, \"no_speech_prob\": 0.05813334882259369}, {\"id\": 199, \"seek\": 19404, \"start\": 206.0800018310547, \"end\": 207.0800018310547, \"text\": \" All right.\", \"tokens\": [50966, 1057, 558, 13, 51016], \"temperature\": 0.0, \"avg_logprob\": -0.22615332901477814, \"compression_ratio\": 1.4560439586639404, \"no_speech_prob\": 0.05813334882259369}, {\"id\": 200, \"seek\": 19404, \"start\": 207.0800018310547, \"end\": 208.0800018310547, \"text\": \" Nice to meet you.\", \"tokens\": [51016, 5490, 281, 1677, 291, 13, 51066], \"temperature\": 0.0, \"avg_logprob\": -0.22615332901477814, \"compression_ratio\": 1.4560439586639404, \"no_speech_prob\": 0.05813334882259369}, {\"id\": 201, \"seek\": 19404, \"start\": 208.0800018310547, \"end\": 209.0800018310547, \"text\": \" Nice to meet you.\", \"tokens\": [51066, 5490, 281, 1677, 291, 13, 51116], \"temperature\": 0.0, \"avg_logprob\": -0.22615332901477814, \"compression_ratio\": 1.4560439586639404, \"no_speech_prob\": 0.05813334882259369}, {\"id\": 202, \"seek\": 19404, \"start\": 209.0800018310547, \"end\": 210.0800018310547, \"text\": \" Congratulations on your job.\", \"tokens\": [51116, 9694, 322, 428, 1691, 13, 51166], \"temperature\": 0.0, \"avg_logprob\": -0.22615332901477814, \"compression_ratio\": 1.4560439586639404, \"no_speech_prob\": 0.05813334882259369}, {\"id\": 203, \"seek\": 19404, \"start\": 210.0800018310547, \"end\": 211.0800018310547, \"text\": \" Thank you.\", \"tokens\": [51166, 1044, 291, 13, 51216], \"temperature\": 0.0, \"avg_logprob\": -0.22615332901477814, \"compression_ratio\": 1.4560439586639404, \"no_speech_prob\": 0.05813334882259369}, {\"id\": 204, \"seek\": 19404, \"start\": 211.0800018310547, \"end\": 211.0800018310547, \"text\": \"\", \"tokens\": [], \"temperature\": 0.0, \"avg_logprob\": -0.22615332901477814, \"compression_ratio\": 1.4560439586639404, \"no_speech_prob\": 0.05813334882259369, \"words\": []}]}"}