{"title": "Sneaky technique to swoop in and meet her when another guy\u2019s approach is failing.", "video_id": "FEGS22NaquM", "video_url": "https://www.youtube.com/watch?v=FEGS22NaquM", "description": "", "published_at": "2023-07-07T19:38:47Z", "channel_id": "UC0O-ohYDF4P66HW9XJ4Us8w", "channel_title": "Robbie Kramer", "tags": [], "category_id": "24", "live_broadcast_content": "none", "duration": 51.0, "dimension": "2d", "definition": "hd", "caption": "false", "view_count": 2408, "like_count": 54, "comment_count": 0, "channel_info": {"title": "Robbie Kramer", "description": "I'm Robbie Kramer \ud83c\udf99Host of The Inner Confidence Podcast & Founder of Inner Confidence, Inc.\n\nI lived an exhilarating single life filled with adventures and lessons, and ultimately achieved what I had always aspired to \u2013 finding an amazing, feminine, and loving wife. \n\nI believe my experiences provide a rare balance of wild freedom and committed love, equipping me with the insights to help you navigate the complexities of dating and relationships in today's world. Let me guide you to embrace your desires, improve your social prowess, and ultimately attract the partner who aligns with your highest aspirations.\n\nYou won\u2019t find any fluffy, new-age, or cringy stuff here, just tested, proven and actionable advice that yields results.\n\nApply to join our exclusive Inner Confidence Community of ambitious men who are actively working together to achieve their goals faster   \u25ba https://innerconfidence.com/community\n\nYou can email me at robbie@innerconfidence.com with any questions or comments.\n", "subscriber_count": "1270", "total_views": "604693", "total_videos": "470"}, "comments": [], "file_path": "/Users/aelaguiz/workspace/fc_book/audio/raws/FEGS22NaquM.mp3", "transcription": "{\"text\": \"I couldn't help but notice you look a lot like my next girlfriend. Obviously, he got the drink wrong, because I think she said dirty martini and he assumed it's an appletini, which is like a cliche, you know, chick drink. So far, I actually think this guy's approach. I mean, it's cheesy, but it's funny. He's attractive. Kind of works. So far, so good, right? They call me Chip. Oh, you can't get him to stop? That was funny. Whenever a girl says, listen, Chip, like she's not into it, right? His approach wasn't terrible, but she's just not having it right. She's got that look on her face like, yeah, thanks, but nothing. I understand the courage it takes to walk across the room and try to generate a relationship out of thin air. So don't take the falling personally. You have fantastic eyes. That's so bad. Like she's literally rejecting you. Well, it's like he's not even paying attention to what she's saying. He's just got the next line in his head, right? You are fantastic. So, I mean, it's the same reaction that Hitch is having here, right? \", \"segments\": [{\"id\": 0, \"seek\": 0, \"start\": 0.0, \"end\": 2.9200000762939453, \"text\": \" I couldn't help but notice you look a lot like my next girlfriend.\", \"tokens\": [50364, 286, 2809, 380, 854, 457, 3449, 291, 574, 257, 688, 411, 452, 958, 10369, 13, 50510], \"temperature\": 0.0, \"avg_logprob\": -0.3194297254085541, \"compression_ratio\": 1.6819406747817993, \"no_speech_prob\": 0.07681715488433838}, {\"id\": 1, \"seek\": 0, \"start\": 5.0, \"end\": 7.71999979019165, \"text\": \" Obviously, he got the drink wrong, because I think she said dirty martini\", \"tokens\": [50614, 7580, 11, 415, 658, 264, 2822, 2085, 11, 570, 286, 519, 750, 848, 9360, 12396, 3812, 50750], \"temperature\": 0.0, \"avg_logprob\": -0.3194297254085541, \"compression_ratio\": 1.6819406747817993, \"no_speech_prob\": 0.07681715488433838}, {\"id\": 2, \"seek\": 0, \"start\": 7.71999979019165, \"end\": 11.119999885559082, \"text\": \" and he assumed it's an appletini, which is like a cliche, you know, chick drink.\", \"tokens\": [50750, 293, 415, 15895, 309, 311, 364, 724, 2631, 3812, 11, 597, 307, 411, 257, 46705, 11, 291, 458, 11, 14371, 2822, 13, 50920], \"temperature\": 0.0, \"avg_logprob\": -0.3194297254085541, \"compression_ratio\": 1.6819406747817993, \"no_speech_prob\": 0.07681715488433838}, {\"id\": 3, \"seek\": 0, \"start\": 11.399999618530273, \"end\": 13.15999984741211, \"text\": \" So far, I actually think this guy's approach.\", \"tokens\": [50934, 407, 1400, 11, 286, 767, 519, 341, 2146, 311, 3109, 13, 51022], \"temperature\": 0.0, \"avg_logprob\": -0.3194297254085541, \"compression_ratio\": 1.6819406747817993, \"no_speech_prob\": 0.07681715488433838}, {\"id\": 4, \"seek\": 0, \"start\": 13.15999984741211, \"end\": 15.079999923706055, \"text\": \" I mean, it's cheesy, but it's funny.\", \"tokens\": [51022, 286, 914, 11, 309, 311, 32549, 11, 457, 309, 311, 4074, 13, 51118], \"temperature\": 0.0, \"avg_logprob\": -0.3194297254085541, \"compression_ratio\": 1.6819406747817993, \"no_speech_prob\": 0.07681715488433838}, {\"id\": 5, \"seek\": 0, \"start\": 15.079999923706055, \"end\": 16.440000534057617, \"text\": \" He's attractive. Kind of works.\", \"tokens\": [51118, 634, 311, 12609, 13, 9242, 295, 1985, 13, 51186], \"temperature\": 0.0, \"avg_logprob\": -0.3194297254085541, \"compression_ratio\": 1.6819406747817993, \"no_speech_prob\": 0.07681715488433838}, {\"id\": 6, \"seek\": 0, \"start\": 16.440000534057617, \"end\": 18.040000915527344, \"text\": \" So far, so good, right?\", \"tokens\": [51186, 407, 1400, 11, 370, 665, 11, 558, 30, 51266], \"temperature\": 0.0, \"avg_logprob\": -0.3194297254085541, \"compression_ratio\": 1.6819406747817993, \"no_speech_prob\": 0.07681715488433838}, {\"id\": 7, \"seek\": 0, \"start\": 18.040000915527344, \"end\": 18.8799991607666, \"text\": \" They call me Chip.\", \"tokens\": [51266, 814, 818, 385, 29751, 13, 51308], \"temperature\": 0.0, \"avg_logprob\": -0.3194297254085541, \"compression_ratio\": 1.6819406747817993, \"no_speech_prob\": 0.07681715488433838}, {\"id\": 8, \"seek\": 0, \"start\": 18.8799991607666, \"end\": 21.8799991607666, \"text\": \" Oh, you can't get him to stop?\", \"tokens\": [51308, 876, 11, 291, 393, 380, 483, 796, 281, 1590, 30, 51458], \"temperature\": 0.0, \"avg_logprob\": -0.3194297254085541, \"compression_ratio\": 1.6819406747817993, \"no_speech_prob\": 0.07681715488433838}, {\"id\": 9, \"seek\": 0, \"start\": 21.8799991607666, \"end\": 22.479999542236328, \"text\": \" That was funny.\", \"tokens\": [51458, 663, 390, 4074, 13, 51488], \"temperature\": 0.0, \"avg_logprob\": -0.3194297254085541, \"compression_ratio\": 1.6819406747817993, \"no_speech_prob\": 0.07681715488433838}, {\"id\": 10, \"seek\": 0, \"start\": 22.479999542236328, \"end\": 24.84000015258789, \"text\": \" Whenever a girl says, listen, Chip, like she's not into it, right?\", \"tokens\": [51488, 14159, 257, 2013, 1619, 11, 2140, 11, 29751, 11, 411, 750, 311, 406, 666, 309, 11, 558, 30, 51606], \"temperature\": 0.0, \"avg_logprob\": -0.3194297254085541, \"compression_ratio\": 1.6819406747817993, \"no_speech_prob\": 0.07681715488433838}, {\"id\": 11, \"seek\": 0, \"start\": 25.15999984741211, \"end\": 27.479999542236328, \"text\": \" His approach wasn't terrible, but she's just not having it right.\", \"tokens\": [51622, 2812, 3109, 2067, 380, 6237, 11, 457, 750, 311, 445, 406, 1419, 309, 558, 13, 51738], \"temperature\": 0.0, \"avg_logprob\": -0.3194297254085541, \"compression_ratio\": 1.6819406747817993, \"no_speech_prob\": 0.07681715488433838}, {\"id\": 12, \"seek\": 0, \"start\": 27.479999542236328, \"end\": 29.600000381469727, \"text\": \" She's got that look on her face like, yeah, thanks, but nothing.\", \"tokens\": [51738, 1240, 311, 658, 300, 574, 322, 720, 1851, 411, 11, 1338, 11, 3231, 11, 457, 1825, 13, 51844], \"temperature\": 0.0, \"avg_logprob\": -0.3194297254085541, \"compression_ratio\": 1.6819406747817993, \"no_speech_prob\": 0.07681715488433838}, {\"id\": 13, \"seek\": 2960, \"start\": 29.68000030517578, \"end\": 32.0, \"text\": \" I understand the courage it takes to walk across the room\", \"tokens\": [50368, 286, 1223, 264, 9892, 309, 2516, 281, 1792, 2108, 264, 1808, 50484], \"temperature\": 0.0, \"avg_logprob\": -0.2585311233997345, \"compression_ratio\": 1.6335878372192383, \"no_speech_prob\": 6.922015018062666e-05}, {\"id\": 14, \"seek\": 2960, \"start\": 32.0, \"end\": 34.08000183105469, \"text\": \" and try to generate a relationship out of thin air.\", \"tokens\": [50484, 293, 853, 281, 8460, 257, 2480, 484, 295, 5862, 1988, 13, 50588], \"temperature\": 0.0, \"avg_logprob\": -0.2585311233997345, \"compression_ratio\": 1.6335878372192383, \"no_speech_prob\": 6.922015018062666e-05}, {\"id\": 15, \"seek\": 2960, \"start\": 34.08000183105469, \"end\": 35.84000015258789, \"text\": \" So don't take the falling personally.\", \"tokens\": [50588, 407, 500, 380, 747, 264, 7440, 5665, 13, 50676], \"temperature\": 0.0, \"avg_logprob\": -0.2585311233997345, \"compression_ratio\": 1.6335878372192383, \"no_speech_prob\": 6.922015018062666e-05}, {\"id\": 16, \"seek\": 2960, \"start\": 35.84000015258789, \"end\": 38.7599983215332, \"text\": \" You have fantastic eyes.\", \"tokens\": [50676, 509, 362, 5456, 2575, 13, 50822], \"temperature\": 0.0, \"avg_logprob\": -0.2585311233997345, \"compression_ratio\": 1.6335878372192383, \"no_speech_prob\": 6.922015018062666e-05}, {\"id\": 17, \"seek\": 2960, \"start\": 38.7599983215332, \"end\": 40.119998931884766, \"text\": \" That's so bad.\", \"tokens\": [50822, 663, 311, 370, 1578, 13, 50890], \"temperature\": 0.0, \"avg_logprob\": -0.2585311233997345, \"compression_ratio\": 1.6335878372192383, \"no_speech_prob\": 6.922015018062666e-05}, {\"id\": 18, \"seek\": 2960, \"start\": 40.119998931884766, \"end\": 42.0, \"text\": \" Like she's literally rejecting you.\", \"tokens\": [50890, 1743, 750, 311, 3736, 45401, 291, 13, 50984], \"temperature\": 0.0, \"avg_logprob\": -0.2585311233997345, \"compression_ratio\": 1.6335878372192383, \"no_speech_prob\": 6.922015018062666e-05}, {\"id\": 19, \"seek\": 2960, \"start\": 42.0, \"end\": 44.15999984741211, \"text\": \" Well, it's like he's not even paying attention to what she's saying.\", \"tokens\": [50984, 1042, 11, 309, 311, 411, 415, 311, 406, 754, 6229, 3202, 281, 437, 750, 311, 1566, 13, 51092], \"temperature\": 0.0, \"avg_logprob\": -0.2585311233997345, \"compression_ratio\": 1.6335878372192383, \"no_speech_prob\": 6.922015018062666e-05}, {\"id\": 20, \"seek\": 2960, \"start\": 44.15999984741211, \"end\": 46.20000076293945, \"text\": \" He's just got the next line in his head, right?\", \"tokens\": [51092, 634, 311, 445, 658, 264, 958, 1622, 294, 702, 1378, 11, 558, 30, 51194], \"temperature\": 0.0, \"avg_logprob\": -0.2585311233997345, \"compression_ratio\": 1.6335878372192383, \"no_speech_prob\": 6.922015018062666e-05}, {\"id\": 21, \"seek\": 2960, \"start\": 46.20000076293945, \"end\": 47.20000076293945, \"text\": \" You are fantastic.\", \"tokens\": [51194, 509, 366, 5456, 13, 51244], \"temperature\": 0.0, \"avg_logprob\": -0.2585311233997345, \"compression_ratio\": 1.6335878372192383, \"no_speech_prob\": 6.922015018062666e-05}, {\"id\": 22, \"seek\": 2960, \"start\": 47.20000076293945, \"end\": 49.84000015258789, \"text\": \" So, I mean, it's the same reaction that Hitch is having here, right?\", \"tokens\": [51244, 407, 11, 286, 914, 11, 309, 311, 264, 912, 5480, 300, 389, 1549, 307, 1419, 510, 11, 558, 30, 51376], \"temperature\": 0.0, \"avg_logprob\": -0.2585311233997345, \"compression_ratio\": 1.6335878372192383, \"no_speech_prob\": 6.922015018062666e-05}]}"}