{"title": "If you like hunting at the bars/clubs don\u2019t waste your time on this archetype of girl\u2026", "video_id": "fjI_1YK0LCc", "video_url": "https://www.youtube.com/watch?v=fjI_1YK0LCc", "description": "", "published_at": "2023-06-15T16:16:47Z", "channel_id": "UC0O-ohYDF4P66HW9XJ4Us8w", "channel_title": "Robbie Kramer", "tags": [], "category_id": "24", "live_broadcast_content": "none", "duration": 33.0, "dimension": "2d", "definition": "hd", "caption": "false", "view_count": 1423, "like_count": 28, "comment_count": 2, "channel_info": {"title": "Robbie Kramer", "description": "I'm Robbie Kramer \ud83c\udf99Host of The Inner Confidence Podcast & Founder of Inner Confidence, Inc.\n\nI lived an exhilarating single life filled with adventures and lessons, and ultimately achieved what I had always aspired to \u2013 finding an amazing, feminine, and loving wife. \n\nI believe my experiences provide a rare balance of wild freedom and committed love, equipping me with the insights to help you navigate the complexities of dating and relationships in today's world. Let me guide you to embrace your desires, improve your social prowess, and ultimately attract the partner who aligns with your highest aspirations.\n\nYou won\u2019t find any fluffy, new-age, or cringy stuff here, just tested, proven and actionable advice that yields results.\n\nApply to join our exclusive Inner Confidence Community of ambitious men who are actively working together to achieve their goals faster   \u25ba https://innerconfidence.com/community\n\nYou can email me at robbie@innerconfidence.com with any questions or comments.\n", "subscriber_count": "1270", "total_views": "604693", "total_videos": "470"}, "comments": [], "file_path": "/Users/aelaguiz/workspace/fc_book/audio/raws/fjI_1YK0LCc.mp3", "transcription": "{\"text\": \"Do not invest time in a girl at a bar or nightclub who is not drinking slash won't drink because 99.99% of the time she either has a serious boyfriend or is leaving very soon. Get her number and move along. No, I agree it's totally accurate because first I don't want to drink and then people buy me drinks and I just like put them on the table and I don't drink them. I rarely go to bars. I could go with my girlfriends, but I will leave soon because it's not so much fun for me. I would go because it's someone else's birthday and I don't want to be like saying no. I'll go for an hour or two and I will leave. \", \"segments\": [{\"id\": 0, \"seek\": 0, \"start\": 0.0, \"end\": 6.0, \"text\": \" Do not invest time in a girl at a bar or nightclub who is not drinking slash won't drink\", \"tokens\": [50364, 1144, 406, 1963, 565, 294, 257, 2013, 412, 257, 2159, 420, 1818, 40607, 261, 1289, 307, 406, 7583, 17330, 1582, 380, 2822, 50664], \"temperature\": 0.0, \"avg_logprob\": -0.2829829156398773, \"compression_ratio\": 1.6666666269302368, \"no_speech_prob\": 0.04396047443151474}, {\"id\": 1, \"seek\": 0, \"start\": 6.0, \"end\": 11.399999618530273, \"text\": \" because 99.99% of the time she either has a serious boyfriend or is leaving very soon.\", \"tokens\": [50664, 570, 11803, 13, 8494, 4, 295, 264, 565, 750, 2139, 575, 257, 3156, 11457, 420, 307, 5012, 588, 2321, 13, 50934], \"temperature\": 0.0, \"avg_logprob\": -0.2829829156398773, \"compression_ratio\": 1.6666666269302368, \"no_speech_prob\": 0.04396047443151474}, {\"id\": 2, \"seek\": 0, \"start\": 11.399999618530273, \"end\": 12.899999618530273, \"text\": \" Get her number and move along.\", \"tokens\": [50934, 3240, 720, 1230, 293, 1286, 2051, 13, 51009], \"temperature\": 0.0, \"avg_logprob\": -0.2829829156398773, \"compression_ratio\": 1.6666666269302368, \"no_speech_prob\": 0.04396047443151474}, {\"id\": 3, \"seek\": 0, \"start\": 12.899999618530273, \"end\": 17.299999237060547, \"text\": \" No, I agree it's totally accurate because first I don't want to drink\", \"tokens\": [51009, 883, 11, 286, 3986, 309, 311, 3879, 8559, 570, 700, 286, 500, 380, 528, 281, 2822, 51229], \"temperature\": 0.0, \"avg_logprob\": -0.2829829156398773, \"compression_ratio\": 1.6666666269302368, \"no_speech_prob\": 0.04396047443151474}, {\"id\": 4, \"seek\": 0, \"start\": 17.299999237060547, \"end\": 21.100000381469727, \"text\": \" and then people buy me drinks and I just like put them on the table and I don't drink them.\", \"tokens\": [51229, 293, 550, 561, 2256, 385, 12142, 293, 286, 445, 411, 829, 552, 322, 264, 3199, 293, 286, 500, 380, 2822, 552, 13, 51419], \"temperature\": 0.0, \"avg_logprob\": -0.2829829156398773, \"compression_ratio\": 1.6666666269302368, \"no_speech_prob\": 0.04396047443151474}, {\"id\": 5, \"seek\": 0, \"start\": 21.100000381469727, \"end\": 22.799999237060547, \"text\": \" I rarely go to bars.\", \"tokens\": [51419, 286, 13752, 352, 281, 10228, 13, 51504], \"temperature\": 0.0, \"avg_logprob\": -0.2829829156398773, \"compression_ratio\": 1.6666666269302368, \"no_speech_prob\": 0.04396047443151474}, {\"id\": 6, \"seek\": 0, \"start\": 22.799999237060547, \"end\": 26.399999618530273, \"text\": \" I could go with my girlfriends, but I will leave soon because it's not so much fun for me.\", \"tokens\": [51504, 286, 727, 352, 365, 452, 46558, 11, 457, 286, 486, 1856, 2321, 570, 309, 311, 406, 370, 709, 1019, 337, 385, 13, 51684], \"temperature\": 0.0, \"avg_logprob\": -0.2829829156398773, \"compression_ratio\": 1.6666666269302368, \"no_speech_prob\": 0.04396047443151474}, {\"id\": 7, \"seek\": 2640, \"start\": 26.399999618530273, \"end\": 29.899999618530273, \"text\": \" I would go because it's someone else's birthday and I don't want to be like saying no.\", \"tokens\": [50364, 286, 576, 352, 570, 309, 311, 1580, 1646, 311, 6154, 293, 286, 500, 380, 528, 281, 312, 411, 1566, 572, 13, 50539], \"temperature\": 0.0, \"avg_logprob\": -0.2901971936225891, \"compression_ratio\": 1.2358490228652954, \"no_speech_prob\": 0.9131451845169067}, {\"id\": 8, \"seek\": 2640, \"start\": 29.899999618530273, \"end\": 31.899999618530273, \"text\": \" I'll go for an hour or two and I will leave.\", \"tokens\": [50539, 286, 603, 352, 337, 364, 1773, 420, 732, 293, 286, 486, 1856, 13, 50639], \"temperature\": 0.0, \"avg_logprob\": -0.2901971936225891, \"compression_ratio\": 1.2358490228652954, \"no_speech_prob\": 0.9131451845169067}]}"}