{"title": "How to consistently meet high quality women without using dating apps or approaching\u2026", "video_id": "FLhol6hpMeg", "video_url": "https://www.youtube.com/watch?v=FLhol6hpMeg", "description": "", "published_at": "2023-06-30T15:42:24Z", "channel_id": "UC0O-ohYDF4P66HW9XJ4Us8w", "channel_title": "Robbie Kramer", "tags": [], "category_id": "24", "live_broadcast_content": "none", "duration": 60.0, "dimension": "2d", "definition": "hd", "caption": "false", "view_count": 1188, "like_count": 12, "comment_count": 1, "channel_info": {"title": "Robbie Kramer", "description": "I'm Robbie Kramer \ud83c\udf99Host of The Inner Confidence Podcast & Founder of Inner Confidence, Inc.\n\nI lived an exhilarating single life filled with adventures and lessons, and ultimately achieved what I had always aspired to \u2013 finding an amazing, feminine, and loving wife. \n\nI believe my experiences provide a rare balance of wild freedom and committed love, equipping me with the insights to help you navigate the complexities of dating and relationships in today's world. Let me guide you to embrace your desires, improve your social prowess, and ultimately attract the partner who aligns with your highest aspirations.\n\nYou won\u2019t find any fluffy, new-age, or cringy stuff here, just tested, proven and actionable advice that yields results.\n\nApply to join our exclusive Inner Confidence Community of ambitious men who are actively working together to achieve their goals faster   \u25ba https://innerconfidence.com/community\n\nYou can email me at robbie@innerconfidence.com with any questions or comments.\n", "subscriber_count": "1270", "total_views": "604693", "total_videos": "470"}, "comments": [], "file_path": "/Users/aelaguiz/workspace/fc_book/audio/raws/FLhol6hpMeg.mp3", "transcription": "{\"text\": \"We can make the analogy that a social circle that's really pumping and producing consistent, high quality, new people coming into your life, both high quality women and men, that's kind of like having a really successful business that's producing cashflow. Of course, setting up a business like that is not easy. It's really difficult. And the people who are able to do that enjoy the fruits of their labor to a ridiculous degree, right? If you can build a business that brings in consistent money, you can make your own schedule, stop living paycheck to paycheck, stop trading your time for money, and the same thing is true with dating, if you can create a social circle that brings amazing women into your life, you can stop approaching. You can stop using online dating. You can kind of stop the traditional, you know, lead generation strategies that we all have to do to get there, but you can't start there, right? You can't just snap your fingers and have a successful business or have a successful social circle. You know, it's really common to hear guys on the internet talking about like, Oh yeah, it's easy, fast and painless and quick because they want to sell their services and it's bullshit, right? It's a, that's not how the world works. It's like to build anything, what looks like an overnight success. You don't see the tens of thousands of hours of time invested to make that happen. So anyone who says it's easy is trying to sell you something. It's not easy. It is extremely valuable once you can build it, enjoy the journey. \", \"segments\": [{\"id\": 0, \"seek\": 0, \"start\": 0.0, \"end\": 2.7200000286102295, \"text\": \" We can make the analogy that a social circle that's really\", \"tokens\": [50364, 492, 393, 652, 264, 21663, 300, 257, 2093, 6329, 300, 311, 534, 50500], \"temperature\": 0.0, \"avg_logprob\": -0.23538705706596375, \"compression_ratio\": 1.959493637084961, \"no_speech_prob\": 0.13615283370018005}, {\"id\": 1, \"seek\": 0, \"start\": 2.7200000286102295, \"end\": 6.119999885559082, \"text\": \" pumping and producing consistent, high quality, new people coming\", \"tokens\": [50500, 27131, 293, 10501, 8398, 11, 1090, 3125, 11, 777, 561, 1348, 50670], \"temperature\": 0.0, \"avg_logprob\": -0.23538705706596375, \"compression_ratio\": 1.959493637084961, \"no_speech_prob\": 0.13615283370018005}, {\"id\": 2, \"seek\": 0, \"start\": 6.119999885559082, \"end\": 9.119999885559082, \"text\": \" into your life, both high quality women and men, that's kind of like\", \"tokens\": [50670, 666, 428, 993, 11, 1293, 1090, 3125, 2266, 293, 1706, 11, 300, 311, 733, 295, 411, 50820], \"temperature\": 0.0, \"avg_logprob\": -0.23538705706596375, \"compression_ratio\": 1.959493637084961, \"no_speech_prob\": 0.13615283370018005}, {\"id\": 3, \"seek\": 0, \"start\": 9.119999885559082, \"end\": 12.0, \"text\": \" having a really successful business that's producing cashflow.\", \"tokens\": [50820, 1419, 257, 534, 4406, 1606, 300, 311, 10501, 6388, 10565, 13, 50964], \"temperature\": 0.0, \"avg_logprob\": -0.23538705706596375, \"compression_ratio\": 1.959493637084961, \"no_speech_prob\": 0.13615283370018005}, {\"id\": 4, \"seek\": 0, \"start\": 12.039999961853027, \"end\": 13.960000038146973, \"text\": \" Of course, setting up a business like that is not easy.\", \"tokens\": [50966, 2720, 1164, 11, 3287, 493, 257, 1606, 411, 300, 307, 406, 1858, 13, 51062], \"temperature\": 0.0, \"avg_logprob\": -0.23538705706596375, \"compression_ratio\": 1.959493637084961, \"no_speech_prob\": 0.13615283370018005}, {\"id\": 5, \"seek\": 0, \"start\": 13.960000038146973, \"end\": 14.760000228881836, \"text\": \" It's really difficult.\", \"tokens\": [51062, 467, 311, 534, 2252, 13, 51102], \"temperature\": 0.0, \"avg_logprob\": -0.23538705706596375, \"compression_ratio\": 1.959493637084961, \"no_speech_prob\": 0.13615283370018005}, {\"id\": 6, \"seek\": 0, \"start\": 14.760000228881836, \"end\": 17.079999923706055, \"text\": \" And the people who are able to do that enjoy the fruits of their\", \"tokens\": [51102, 400, 264, 561, 567, 366, 1075, 281, 360, 300, 2103, 264, 12148, 295, 641, 51218], \"temperature\": 0.0, \"avg_logprob\": -0.23538705706596375, \"compression_ratio\": 1.959493637084961, \"no_speech_prob\": 0.13615283370018005}, {\"id\": 7, \"seek\": 0, \"start\": 17.079999923706055, \"end\": 18.920000076293945, \"text\": \" labor to a ridiculous degree, right?\", \"tokens\": [51218, 5938, 281, 257, 11083, 4314, 11, 558, 30, 51310], \"temperature\": 0.0, \"avg_logprob\": -0.23538705706596375, \"compression_ratio\": 1.959493637084961, \"no_speech_prob\": 0.13615283370018005}, {\"id\": 8, \"seek\": 0, \"start\": 18.920000076293945, \"end\": 21.600000381469727, \"text\": \" If you can build a business that brings in consistent money, you can make\", \"tokens\": [51310, 759, 291, 393, 1322, 257, 1606, 300, 5607, 294, 8398, 1460, 11, 291, 393, 652, 51444], \"temperature\": 0.0, \"avg_logprob\": -0.23538705706596375, \"compression_ratio\": 1.959493637084961, \"no_speech_prob\": 0.13615283370018005}, {\"id\": 9, \"seek\": 0, \"start\": 21.600000381469727, \"end\": 24.31999969482422, \"text\": \" your own schedule, stop living paycheck to paycheck, stop trading your time for\", \"tokens\": [51444, 428, 1065, 7567, 11, 1590, 2647, 35639, 281, 35639, 11, 1590, 9529, 428, 565, 337, 51580], \"temperature\": 0.0, \"avg_logprob\": -0.23538705706596375, \"compression_ratio\": 1.959493637084961, \"no_speech_prob\": 0.13615283370018005}, {\"id\": 10, \"seek\": 0, \"start\": 24.31999969482422, \"end\": 26.399999618530273, \"text\": \" money, and the same thing is true with dating, if you can create a social\", \"tokens\": [51580, 1460, 11, 293, 264, 912, 551, 307, 2074, 365, 10689, 11, 498, 291, 393, 1884, 257, 2093, 51684], \"temperature\": 0.0, \"avg_logprob\": -0.23538705706596375, \"compression_ratio\": 1.959493637084961, \"no_speech_prob\": 0.13615283370018005}, {\"id\": 11, \"seek\": 0, \"start\": 26.399999618530273, \"end\": 28.600000381469727, \"text\": \" circle that brings amazing women into your life, you can stop approaching.\", \"tokens\": [51684, 6329, 300, 5607, 2243, 2266, 666, 428, 993, 11, 291, 393, 1590, 14908, 13, 51794], \"temperature\": 0.0, \"avg_logprob\": -0.23538705706596375, \"compression_ratio\": 1.959493637084961, \"no_speech_prob\": 0.13615283370018005}, {\"id\": 12, \"seek\": 0, \"start\": 28.600000381469727, \"end\": 29.600000381469727, \"text\": \" You can stop using online dating.\", \"tokens\": [51794, 509, 393, 1590, 1228, 2950, 10689, 13, 51844], \"temperature\": 0.0, \"avg_logprob\": -0.23538705706596375, \"compression_ratio\": 1.959493637084961, \"no_speech_prob\": 0.13615283370018005}, {\"id\": 13, \"seek\": 2960, \"start\": 29.600000381469727, \"end\": 32.84000015258789, \"text\": \" You can kind of stop the traditional, you know, lead generation strategies\", \"tokens\": [50364, 509, 393, 733, 295, 1590, 264, 5164, 11, 291, 458, 11, 1477, 5125, 9029, 50526], \"temperature\": 0.0, \"avg_logprob\": -0.2069433033466339, \"compression_ratio\": 1.8337292671203613, \"no_speech_prob\": 6.438717718992848e-06}, {\"id\": 14, \"seek\": 2960, \"start\": 32.84000015258789, \"end\": 35.119998931884766, \"text\": \" that we all have to do to get there, but you can't start there, right?\", \"tokens\": [50526, 300, 321, 439, 362, 281, 360, 281, 483, 456, 11, 457, 291, 393, 380, 722, 456, 11, 558, 30, 50640], \"temperature\": 0.0, \"avg_logprob\": -0.2069433033466339, \"compression_ratio\": 1.8337292671203613, \"no_speech_prob\": 6.438717718992848e-06}, {\"id\": 15, \"seek\": 2960, \"start\": 35.119998931884766, \"end\": 37.31999969482422, \"text\": \" You can't just snap your fingers and have a successful business or\", \"tokens\": [50640, 509, 393, 380, 445, 13650, 428, 7350, 293, 362, 257, 4406, 1606, 420, 50750], \"temperature\": 0.0, \"avg_logprob\": -0.2069433033466339, \"compression_ratio\": 1.8337292671203613, \"no_speech_prob\": 6.438717718992848e-06}, {\"id\": 16, \"seek\": 2960, \"start\": 37.31999969482422, \"end\": 38.560001373291016, \"text\": \" have a successful social circle.\", \"tokens\": [50750, 362, 257, 4406, 2093, 6329, 13, 50812], \"temperature\": 0.0, \"avg_logprob\": -0.2069433033466339, \"compression_ratio\": 1.8337292671203613, \"no_speech_prob\": 6.438717718992848e-06}, {\"id\": 17, \"seek\": 2960, \"start\": 38.599998474121094, \"end\": 41.31999969482422, \"text\": \" You know, it's really common to hear guys on the internet talking\", \"tokens\": [50814, 509, 458, 11, 309, 311, 534, 2689, 281, 1568, 1074, 322, 264, 4705, 1417, 50950], \"temperature\": 0.0, \"avg_logprob\": -0.2069433033466339, \"compression_ratio\": 1.8337292671203613, \"no_speech_prob\": 6.438717718992848e-06}, {\"id\": 18, \"seek\": 2960, \"start\": 41.31999969482422, \"end\": 43.720001220703125, \"text\": \" about like, Oh yeah, it's easy, fast and painless and quick because they\", \"tokens\": [50950, 466, 411, 11, 876, 1338, 11, 309, 311, 1858, 11, 2370, 293, 1822, 1832, 293, 1702, 570, 436, 51070], \"temperature\": 0.0, \"avg_logprob\": -0.2069433033466339, \"compression_ratio\": 1.8337292671203613, \"no_speech_prob\": 6.438717718992848e-06}, {\"id\": 19, \"seek\": 2960, \"start\": 43.720001220703125, \"end\": 45.599998474121094, \"text\": \" want to sell their services and it's bullshit, right?\", \"tokens\": [51070, 528, 281, 3607, 641, 3328, 293, 309, 311, 22676, 11, 558, 30, 51164], \"temperature\": 0.0, \"avg_logprob\": -0.2069433033466339, \"compression_ratio\": 1.8337292671203613, \"no_speech_prob\": 6.438717718992848e-06}, {\"id\": 20, \"seek\": 2960, \"start\": 45.599998474121094, \"end\": 47.08000183105469, \"text\": \" It's a, that's not how the world works.\", \"tokens\": [51164, 467, 311, 257, 11, 300, 311, 406, 577, 264, 1002, 1985, 13, 51238], \"temperature\": 0.0, \"avg_logprob\": -0.2069433033466339, \"compression_ratio\": 1.8337292671203613, \"no_speech_prob\": 6.438717718992848e-06}, {\"id\": 21, \"seek\": 2960, \"start\": 47.08000183105469, \"end\": 49.400001525878906, \"text\": \" It's like to build anything, what looks like an overnight success.\", \"tokens\": [51238, 467, 311, 411, 281, 1322, 1340, 11, 437, 1542, 411, 364, 13935, 2245, 13, 51354], \"temperature\": 0.0, \"avg_logprob\": -0.2069433033466339, \"compression_ratio\": 1.8337292671203613, \"no_speech_prob\": 6.438717718992848e-06}, {\"id\": 22, \"seek\": 2960, \"start\": 49.400001525878906, \"end\": 51.68000030517578, \"text\": \" You don't see the tens of thousands of hours of time\", \"tokens\": [51354, 509, 500, 380, 536, 264, 10688, 295, 5383, 295, 2496, 295, 565, 51468], \"temperature\": 0.0, \"avg_logprob\": -0.2069433033466339, \"compression_ratio\": 1.8337292671203613, \"no_speech_prob\": 6.438717718992848e-06}, {\"id\": 23, \"seek\": 2960, \"start\": 51.720001220703125, \"end\": 53.0, \"text\": \" invested to make that happen.\", \"tokens\": [51470, 13104, 281, 652, 300, 1051, 13, 51534], \"temperature\": 0.0, \"avg_logprob\": -0.2069433033466339, \"compression_ratio\": 1.8337292671203613, \"no_speech_prob\": 6.438717718992848e-06}, {\"id\": 24, \"seek\": 2960, \"start\": 53.0, \"end\": 55.20000076293945, \"text\": \" So anyone who says it's easy is trying to sell you something.\", \"tokens\": [51534, 407, 2878, 567, 1619, 309, 311, 1858, 307, 1382, 281, 3607, 291, 746, 13, 51644], \"temperature\": 0.0, \"avg_logprob\": -0.2069433033466339, \"compression_ratio\": 1.8337292671203613, \"no_speech_prob\": 6.438717718992848e-06}, {\"id\": 25, \"seek\": 2960, \"start\": 55.20000076293945, \"end\": 55.7599983215332, \"text\": \" It's not easy.\", \"tokens\": [51644, 467, 311, 406, 1858, 13, 51672], \"temperature\": 0.0, \"avg_logprob\": -0.2069433033466339, \"compression_ratio\": 1.8337292671203613, \"no_speech_prob\": 6.438717718992848e-06}, {\"id\": 26, \"seek\": 2960, \"start\": 55.79999923706055, \"end\": 59.0, \"text\": \" It is extremely valuable once you can build it, enjoy the journey.\", \"tokens\": [51674, 467, 307, 4664, 8263, 1564, 291, 393, 1322, 309, 11, 2103, 264, 4671, 13, 51834], \"temperature\": 0.0, \"avg_logprob\": -0.2069433033466339, \"compression_ratio\": 1.8337292671203613, \"no_speech_prob\": 6.438717718992848e-06}]}"}