{"title": "Mastering the Art of Alleviating Pressure through Humor", "video_id": "fmUkmvJpvtE", "video_url": "https://www.youtube.com/watch?v=fmUkmvJpvtE", "description": "", "published_at": "2023-12-19T16:01:21Z", "channel_id": "UC0O-ohYDF4P66HW9XJ4Us8w", "channel_title": "Robbie Kramer", "tags": [], "category_id": "24", "live_broadcast_content": "none", "duration": 29.0, "dimension": "2d", "definition": "hd", "caption": "false", "view_count": 368, "like_count": 3, "comment_count": 0, "channel_info": {"title": "Robbie Kramer", "description": "I'm Robbie Kramer \ud83c\udf99Host of The Inner Confidence Podcast & Founder of Inner Confidence, Inc.\n\nI lived an exhilarating single life filled with adventures and lessons, and ultimately achieved what I had always aspired to \u2013 finding an amazing, feminine, and loving wife. \n\nI believe my experiences provide a rare balance of wild freedom and committed love, equipping me with the insights to help you navigate the complexities of dating and relationships in today's world. Let me guide you to embrace your desires, improve your social prowess, and ultimately attract the partner who aligns with your highest aspirations.\n\nYou won\u2019t find any fluffy, new-age, or cringy stuff here, just tested, proven and actionable advice that yields results.\n\nApply to join our exclusive Inner Confidence Community of ambitious men who are actively working together to achieve their goals faster   \u25ba https://innerconfidence.com/community\n\nYou can email me at robbie@innerconfidence.com with any questions or comments.\n", "subscriber_count": "1270", "total_views": "604693", "total_videos": "470"}, "comments": [], "file_path": "/Users/aelaguiz/workspace/fc_book/audio/raws/fmUkmvJpvtE.mp3", "transcription": "{\"text\": \"And that's a lot of pressure, right? That's so much pressure for him. And so, again, this is a shit test. She's putting all this pressure on the situation and he needs to alleviate the pressure. How's he going to do it? Humor, humor, humor. I just saw foreign for me in Ukraine, nothing like. All women concentrate on having a family in their 20s, get married, have. \", \"segments\": [{\"id\": 0, \"seek\": 0, \"start\": 0.0, \"end\": 1.7200000286102295, \"text\": \" And that's a lot of pressure, right?\", \"tokens\": [50364, 400, 300, 311, 257, 688, 295, 3321, 11, 558, 30, 50450], \"temperature\": 0.0, \"avg_logprob\": -0.2855361998081207, \"compression_ratio\": 1.5775861740112305, \"no_speech_prob\": 0.0007081551011651754}, {\"id\": 1, \"seek\": 0, \"start\": 1.7200000286102295, \"end\": 3.2799999713897705, \"text\": \" That's so much pressure for him.\", \"tokens\": [50450, 663, 311, 370, 709, 3321, 337, 796, 13, 50528], \"temperature\": 0.0, \"avg_logprob\": -0.2855361998081207, \"compression_ratio\": 1.5775861740112305, \"no_speech_prob\": 0.0007081551011651754}, {\"id\": 2, \"seek\": 0, \"start\": 3.2799999713897705, \"end\": 5.480000019073486, \"text\": \" And so, again, this is a shit test.\", \"tokens\": [50528, 400, 370, 11, 797, 11, 341, 307, 257, 4611, 1500, 13, 50638], \"temperature\": 0.0, \"avg_logprob\": -0.2855361998081207, \"compression_ratio\": 1.5775861740112305, \"no_speech_prob\": 0.0007081551011651754}, {\"id\": 3, \"seek\": 0, \"start\": 5.480000019073486, \"end\": 8.039999961853027, \"text\": \" She's putting all this pressure on the situation\", \"tokens\": [50638, 1240, 311, 3372, 439, 341, 3321, 322, 264, 2590, 50766], \"temperature\": 0.0, \"avg_logprob\": -0.2855361998081207, \"compression_ratio\": 1.5775861740112305, \"no_speech_prob\": 0.0007081551011651754}, {\"id\": 4, \"seek\": 0, \"start\": 8.479999542236328, \"end\": 10.279999732971191, \"text\": \" and he needs to alleviate the pressure.\", \"tokens\": [50788, 293, 415, 2203, 281, 42701, 264, 3321, 13, 50878], \"temperature\": 0.0, \"avg_logprob\": -0.2855361998081207, \"compression_ratio\": 1.5775861740112305, \"no_speech_prob\": 0.0007081551011651754}, {\"id\": 5, \"seek\": 0, \"start\": 10.279999732971191, \"end\": 11.239999771118164, \"text\": \" How's he going to do it?\", \"tokens\": [50878, 1012, 311, 415, 516, 281, 360, 309, 30, 50926], \"temperature\": 0.0, \"avg_logprob\": -0.2855361998081207, \"compression_ratio\": 1.5775861740112305, \"no_speech_prob\": 0.0007081551011651754}, {\"id\": 6, \"seek\": 0, \"start\": 11.239999771118164, \"end\": 15.960000038146973, \"text\": \" Humor, humor, humor.\", \"tokens\": [50926, 12877, 284, 11, 14318, 11, 14318, 13, 51162], \"temperature\": 0.0, \"avg_logprob\": -0.2855361998081207, \"compression_ratio\": 1.5775861740112305, \"no_speech_prob\": 0.0007081551011651754}, {\"id\": 7, \"seek\": 0, \"start\": 17.31999969482422, \"end\": 21.31999969482422, \"text\": \" I just saw foreign for me in Ukraine, nothing like.\", \"tokens\": [51230, 286, 445, 1866, 5329, 337, 385, 294, 14081, 11, 1825, 411, 13, 51430], \"temperature\": 0.0, \"avg_logprob\": -0.2855361998081207, \"compression_ratio\": 1.5775861740112305, \"no_speech_prob\": 0.0007081551011651754}, {\"id\": 8, \"seek\": 0, \"start\": 22.280000686645508, \"end\": 25.200000762939453, \"text\": \" All women concentrate on having a family\", \"tokens\": [51478, 1057, 2266, 18089, 322, 1419, 257, 1605, 51624], \"temperature\": 0.0, \"avg_logprob\": -0.2855361998081207, \"compression_ratio\": 1.5775861740112305, \"no_speech_prob\": 0.0007081551011651754}, {\"id\": 9, \"seek\": 0, \"start\": 25.440000534057617, \"end\": 27.959999084472656, \"text\": \" in their 20s, get married, have.\", \"tokens\": [51636, 294, 641, 945, 82, 11, 483, 5259, 11, 362, 13, 51762], \"temperature\": 0.0, \"avg_logprob\": -0.2855361998081207, \"compression_ratio\": 1.5775861740112305, \"no_speech_prob\": 0.0007081551011651754}]}"}