{"title": "Mastering Relationships: The Power of Emotions Over Words", "video_id": "FV6UuA1g8AA", "video_url": "https://www.youtube.com/watch?v=FV6UuA1g8AA", "description": "", "published_at": "2023-12-15T02:58:32Z", "channel_id": "UC0O-ohYDF4P66HW9XJ4Us8w", "channel_title": "Robbie Kramer", "tags": [], "category_id": "24", "live_broadcast_content": "none", "duration": 47.0, "dimension": "2d", "definition": "hd", "caption": "false", "view_count": 521, "like_count": 6, "comment_count": 0, "channel_info": {"title": "Robbie Kramer", "description": "I'm Robbie Kramer \ud83c\udf99Host of The Inner Confidence Podcast & Founder of Inner Confidence, Inc.\n\nI lived an exhilarating single life filled with adventures and lessons, and ultimately achieved what I had always aspired to \u2013 finding an amazing, feminine, and loving wife. \n\nI believe my experiences provide a rare balance of wild freedom and committed love, equipping me with the insights to help you navigate the complexities of dating and relationships in today's world. Let me guide you to embrace your desires, improve your social prowess, and ultimately attract the partner who aligns with your highest aspirations.\n\nYou won\u2019t find any fluffy, new-age, or cringy stuff here, just tested, proven and actionable advice that yields results.\n\nApply to join our exclusive Inner Confidence Community of ambitious men who are actively working together to achieve their goals faster   \u25ba https://innerconfidence.com/community\n\nYou can email me at robbie@innerconfidence.com with any questions or comments.\n", "subscriber_count": "1270", "total_views": "604693", "total_videos": "470"}, "comments": [], "file_path": "/Users/aelaguiz/workspace/fc_book/audio/raws/FV6UuA1g8AA.mp3", "transcription": "{\"text\": \"So, the classic mistake is to, you know, listen to what she's saying and take it at face value and to think, oh, oh yeah, I guess she's right and maybe I should have gone for the friend and woe is me and to let her negative mood bring you down or to try to convince her. You shouldn't think, oh, okay, it's how she really feels because she's not. Yeah. If you don't understand when, when, when up is down and down is up, you're fucked. Which is why I say in the inner confidence community, we don't listen to the words. We listen to the emotions under the words, right? So in this situation, her words and her emotions are both saying like, oh, this is not the right time and dah, dah, dah. But what you need to remember is no, she's on a date with you, but she's. \", \"segments\": [{\"id\": 0, \"seek\": 0, \"start\": 0.0, \"end\": 6.159999847412109, \"text\": \" So, the classic mistake is to, you know, listen to what she's saying and take it at face\", \"tokens\": [50364, 407, 11, 264, 7230, 6146, 307, 281, 11, 291, 458, 11, 2140, 281, 437, 750, 311, 1566, 293, 747, 309, 412, 1851, 50672], \"temperature\": 0.0, \"avg_logprob\": -0.29118937253952026, \"compression_ratio\": 1.692607045173645, \"no_speech_prob\": 0.2527753710746765}, {\"id\": 1, \"seek\": 0, \"start\": 6.159999847412109, \"end\": 12.039999961853027, \"text\": \" value and to think, oh, oh yeah, I guess she's right and maybe I should have gone for the\", \"tokens\": [50672, 2158, 293, 281, 519, 11, 1954, 11, 1954, 1338, 11, 286, 2041, 750, 311, 558, 293, 1310, 286, 820, 362, 2780, 337, 264, 50966], \"temperature\": 0.0, \"avg_logprob\": -0.29118937253952026, \"compression_ratio\": 1.692607045173645, \"no_speech_prob\": 0.2527753710746765}, {\"id\": 2, \"seek\": 0, \"start\": 12.039999961853027, \"end\": 18.200000762939453, \"text\": \" friend and woe is me and to let her negative mood bring you down or to try to convince\", \"tokens\": [50966, 1277, 293, 6020, 68, 307, 385, 293, 281, 718, 720, 3671, 9268, 1565, 291, 760, 420, 281, 853, 281, 13447, 51274], \"temperature\": 0.0, \"avg_logprob\": -0.29118937253952026, \"compression_ratio\": 1.692607045173645, \"no_speech_prob\": 0.2527753710746765}, {\"id\": 3, \"seek\": 0, \"start\": 18.200000762939453, \"end\": 19.200000762939453, \"text\": \" her.\", \"tokens\": [51274, 720, 13, 51324], \"temperature\": 0.0, \"avg_logprob\": -0.29118937253952026, \"compression_ratio\": 1.692607045173645, \"no_speech_prob\": 0.2527753710746765}, {\"id\": 4, \"seek\": 0, \"start\": 19.200000762939453, \"end\": 22.520000457763672, \"text\": \" You shouldn't think, oh, okay, it's how she really feels because she's not.\", \"tokens\": [51324, 509, 4659, 380, 519, 11, 1954, 11, 1392, 11, 309, 311, 577, 750, 534, 3417, 570, 750, 311, 406, 13, 51490], \"temperature\": 0.0, \"avg_logprob\": -0.29118937253952026, \"compression_ratio\": 1.692607045173645, \"no_speech_prob\": 0.2527753710746765}, {\"id\": 5, \"seek\": 0, \"start\": 22.520000457763672, \"end\": 23.520000457763672, \"text\": \" Yeah.\", \"tokens\": [51490, 865, 13, 51540], \"temperature\": 0.0, \"avg_logprob\": -0.29118937253952026, \"compression_ratio\": 1.692607045173645, \"no_speech_prob\": 0.2527753710746765}, {\"id\": 6, \"seek\": 0, \"start\": 23.520000457763672, \"end\": 26.860000610351562, \"text\": \" If you don't understand when, when, when up is down and down is up, you're fucked.\", \"tokens\": [51540, 759, 291, 500, 380, 1223, 562, 11, 562, 11, 562, 493, 307, 760, 293, 760, 307, 493, 11, 291, 434, 22518, 13, 51707], \"temperature\": 0.0, \"avg_logprob\": -0.29118937253952026, \"compression_ratio\": 1.692607045173645, \"no_speech_prob\": 0.2527753710746765}, {\"id\": 7, \"seek\": 2686, \"start\": 26.860000610351562, \"end\": 30.780000686645508, \"text\": \" Which is why I say in the inner confidence community, we don't listen to the words.\", \"tokens\": [50364, 3013, 307, 983, 286, 584, 294, 264, 7284, 6687, 1768, 11, 321, 500, 380, 2140, 281, 264, 2283, 13, 50560], \"temperature\": 0.0, \"avg_logprob\": -0.29810217022895813, \"compression_ratio\": 1.6482411623001099, \"no_speech_prob\": 0.16659018397331238}, {\"id\": 8, \"seek\": 2686, \"start\": 30.780000686645508, \"end\": 33.02000045776367, \"text\": \" We listen to the emotions under the words, right?\", \"tokens\": [50560, 492, 2140, 281, 264, 8462, 833, 264, 2283, 11, 558, 30, 50672], \"temperature\": 0.0, \"avg_logprob\": -0.29810217022895813, \"compression_ratio\": 1.6482411623001099, \"no_speech_prob\": 0.16659018397331238}, {\"id\": 9, \"seek\": 2686, \"start\": 33.02000045776367, \"end\": 39.619998931884766, \"text\": \" So in this situation, her words and her emotions are both saying like, oh, this is not the\", \"tokens\": [50672, 407, 294, 341, 2590, 11, 720, 2283, 293, 720, 8462, 366, 1293, 1566, 411, 11, 1954, 11, 341, 307, 406, 264, 51002], \"temperature\": 0.0, \"avg_logprob\": -0.29810217022895813, \"compression_ratio\": 1.6482411623001099, \"no_speech_prob\": 0.16659018397331238}, {\"id\": 10, \"seek\": 2686, \"start\": 39.619998931884766, \"end\": 41.060001373291016, \"text\": \" right time and dah, dah, dah.\", \"tokens\": [51002, 558, 565, 293, 16800, 11, 16800, 11, 16800, 13, 51074], \"temperature\": 0.0, \"avg_logprob\": -0.29810217022895813, \"compression_ratio\": 1.6482411623001099, \"no_speech_prob\": 0.16659018397331238}, {\"id\": 11, \"seek\": 2686, \"start\": 41.060001373291016, \"end\": 46.02000045776367, \"text\": \" But what you need to remember is no, she's on a date with you, but she's.\", \"tokens\": [51074, 583, 437, 291, 643, 281, 1604, 307, 572, 11, 750, 311, 322, 257, 4002, 365, 291, 11, 457, 750, 311, 13, 51322], \"temperature\": 0.0, \"avg_logprob\": -0.29810217022895813, \"compression_ratio\": 1.6482411623001099, \"no_speech_prob\": 0.16659018397331238}]}"}