{"title": "When and how to fart in front of your girl\u2026", "video_id": "GMY3WB9I2fM", "video_url": "https://www.youtube.com/watch?v=GMY3WB9I2fM", "description": "", "published_at": "2023-06-03T16:38:44Z", "channel_id": "UC0O-ohYDF4P66HW9XJ4Us8w", "channel_title": "Robbie Kramer", "tags": [], "category_id": "24", "live_broadcast_content": "none", "duration": 24.0, "dimension": "2d", "definition": "hd", "caption": "false", "view_count": 2918, "like_count": 54, "comment_count": 3, "channel_info": {"title": "Robbie Kramer", "description": "I'm Robbie Kramer \ud83c\udf99Host of The Inner Confidence Podcast & Founder of Inner Confidence, Inc.\n\nI lived an exhilarating single life filled with adventures and lessons, and ultimately achieved what I had always aspired to \u2013 finding an amazing, feminine, and loving wife. \n\nI believe my experiences provide a rare balance of wild freedom and committed love, equipping me with the insights to help you navigate the complexities of dating and relationships in today's world. Let me guide you to embrace your desires, improve your social prowess, and ultimately attract the partner who aligns with your highest aspirations.\n\nYou won\u2019t find any fluffy, new-age, or cringy stuff here, just tested, proven and actionable advice that yields results.\n\nApply to join our exclusive Inner Confidence Community of ambitious men who are actively working together to achieve their goals faster   \u25ba https://innerconfidence.com/community\n\nYou can email me at robbie@innerconfidence.com with any questions or comments.\n", "subscriber_count": "1270", "total_views": "604693", "total_videos": "470"}, "comments": [], "file_path": "/Users/aelaguiz/workspace/fc_book/audio/raws/GMY3WB9I2fM.mp3", "transcription": "{\"text\": \"Red flag, girls who fart in front of you. All guys fart and it's funny. It's cool. No, it's just really unfeminine. Pro tip, this used to bother me a lot. If you start sleeping with a girl, eventually you're gonna want to fart in front of her because if you don't and you let too much time go by and you never fart, then it becomes weird. And then you say, come under the covers, and then you fart. And then you laugh at her face. \", \"segments\": [{\"id\": 0, \"seek\": 0, \"start\": 0.0, \"end\": 2.1600000858306885, \"text\": \" Red flag, girls who fart in front of you.\", \"tokens\": [50364, 4477, 7166, 11, 4519, 567, 24575, 294, 1868, 295, 291, 13, 50472], \"temperature\": 0.0, \"avg_logprob\": -0.3024257719516754, \"compression_ratio\": 1.7338709831237793, \"no_speech_prob\": 0.0724085345864296}, {\"id\": 1, \"seek\": 0, \"start\": 2.1600000858306885, \"end\": 4.400000095367432, \"text\": \" All guys fart and it's funny.\", \"tokens\": [50472, 1057, 1074, 24575, 293, 309, 311, 4074, 13, 50584], \"temperature\": 0.0, \"avg_logprob\": -0.3024257719516754, \"compression_ratio\": 1.7338709831237793, \"no_speech_prob\": 0.0724085345864296}, {\"id\": 2, \"seek\": 0, \"start\": 4.400000095367432, \"end\": 5.239999771118164, \"text\": \" It's cool.\", \"tokens\": [50584, 467, 311, 1627, 13, 50626], \"temperature\": 0.0, \"avg_logprob\": -0.3024257719516754, \"compression_ratio\": 1.7338709831237793, \"no_speech_prob\": 0.0724085345864296}, {\"id\": 3, \"seek\": 0, \"start\": 5.239999771118164, \"end\": 6.920000076293945, \"text\": \" No, it's just really unfeminine.\", \"tokens\": [50626, 883, 11, 309, 311, 445, 534, 3971, 20008, 533, 13, 50710], \"temperature\": 0.0, \"avg_logprob\": -0.3024257719516754, \"compression_ratio\": 1.7338709831237793, \"no_speech_prob\": 0.0724085345864296}, {\"id\": 4, \"seek\": 0, \"start\": 6.920000076293945, \"end\": 8.520000457763672, \"text\": \" Pro tip, this used to bother me a lot.\", \"tokens\": [50710, 1705, 4125, 11, 341, 1143, 281, 8677, 385, 257, 688, 13, 50790], \"temperature\": 0.0, \"avg_logprob\": -0.3024257719516754, \"compression_ratio\": 1.7338709831237793, \"no_speech_prob\": 0.0724085345864296}, {\"id\": 5, \"seek\": 0, \"start\": 8.520000457763672, \"end\": 9.960000038146973, \"text\": \" If you start sleeping with a girl,\", \"tokens\": [50790, 759, 291, 722, 8296, 365, 257, 2013, 11, 50862], \"temperature\": 0.0, \"avg_logprob\": -0.3024257719516754, \"compression_ratio\": 1.7338709831237793, \"no_speech_prob\": 0.0724085345864296}, {\"id\": 6, \"seek\": 0, \"start\": 9.960000038146973, \"end\": 11.84000015258789, \"text\": \" eventually you're gonna want to fart in front of her\", \"tokens\": [50862, 4728, 291, 434, 799, 528, 281, 24575, 294, 1868, 295, 720, 50956], \"temperature\": 0.0, \"avg_logprob\": -0.3024257719516754, \"compression_ratio\": 1.7338709831237793, \"no_speech_prob\": 0.0724085345864296}, {\"id\": 7, \"seek\": 0, \"start\": 11.84000015258789, \"end\": 14.119999885559082, \"text\": \" because if you don't and you let too much time go by\", \"tokens\": [50956, 570, 498, 291, 500, 380, 293, 291, 718, 886, 709, 565, 352, 538, 51070], \"temperature\": 0.0, \"avg_logprob\": -0.3024257719516754, \"compression_ratio\": 1.7338709831237793, \"no_speech_prob\": 0.0724085345864296}, {\"id\": 8, \"seek\": 0, \"start\": 14.119999885559082, \"end\": 15.760000228881836, \"text\": \" and you never fart, then it becomes weird.\", \"tokens\": [51070, 293, 291, 1128, 24575, 11, 550, 309, 3643, 3657, 13, 51152], \"temperature\": 0.0, \"avg_logprob\": -0.3024257719516754, \"compression_ratio\": 1.7338709831237793, \"no_speech_prob\": 0.0724085345864296}, {\"id\": 9, \"seek\": 0, \"start\": 15.760000228881836, \"end\": 17.459999084472656, \"text\": \" And then you say, come under the covers,\", \"tokens\": [51152, 400, 550, 291, 584, 11, 808, 833, 264, 10538, 11, 51237], \"temperature\": 0.0, \"avg_logprob\": -0.3024257719516754, \"compression_ratio\": 1.7338709831237793, \"no_speech_prob\": 0.0724085345864296}, {\"id\": 10, \"seek\": 0, \"start\": 17.459999084472656, \"end\": 18.299999237060547, \"text\": \" and then you fart.\", \"tokens\": [51237, 293, 550, 291, 24575, 13, 51279], \"temperature\": 0.0, \"avg_logprob\": -0.3024257719516754, \"compression_ratio\": 1.7338709831237793, \"no_speech_prob\": 0.0724085345864296}, {\"id\": 11, \"seek\": 0, \"start\": 18.299999237060547, \"end\": 20.280000686645508, \"text\": \" And then you laugh at her face.\", \"tokens\": [51279, 400, 550, 291, 5801, 412, 720, 1851, 13, 51378], \"temperature\": 0.0, \"avg_logprob\": -0.3024257719516754, \"compression_ratio\": 1.7338709831237793, \"no_speech_prob\": 0.0724085345864296}]}"}