{"title": "What women care about more than looks in a man\u2026", "video_id": "gNDt9tExXZU", "video_url": "https://www.youtube.com/watch?v=gNDt9tExXZU", "description": "", "published_at": "2023-05-03T21:37:59Z", "channel_id": "UC0O-ohYDF4P66HW9XJ4Us8w", "channel_title": "Robbie Kramer", "tags": [], "category_id": "26", "live_broadcast_content": "none", "duration": 42.0, "dimension": "2d", "definition": "hd", "caption": "false", "view_count": 796, "like_count": 17, "comment_count": 0, "channel_info": {"title": "Robbie Kramer", "description": "I'm Robbie Kramer \ud83c\udf99Host of The Inner Confidence Podcast & Founder of Inner Confidence, Inc.\n\nI lived an exhilarating single life filled with adventures and lessons, and ultimately achieved what I had always aspired to \u2013 finding an amazing, feminine, and loving wife. \n\nI believe my experiences provide a rare balance of wild freedom and committed love, equipping me with the insights to help you navigate the complexities of dating and relationships in today's world. Let me guide you to embrace your desires, improve your social prowess, and ultimately attract the partner who aligns with your highest aspirations.\n\nYou won\u2019t find any fluffy, new-age, or cringy stuff here, just tested, proven and actionable advice that yields results.\n\nApply to join our exclusive Inner Confidence Community of ambitious men who are actively working together to achieve their goals faster   \u25ba https://innerconfidence.com/community\n\nYou can email me at robbie@innerconfidence.com with any questions or comments.\n", "subscriber_count": "1270", "total_views": "604693", "total_videos": "470"}, "comments": [], "file_path": "/Users/aelaguiz/workspace/fc_book/audio/raws/gNDt9tExXZU.mp3", "transcription": "{\"text\": \"Do you ever feel like you're invisible to beautiful women? I used to feel like this and it really sucked. I had no idea why they weren't interested in me and why I wasn't getting their attention. I thought it was just because I wasn't really good looking enough. But I didn't even know what good looking was. It has nothing to do with looks. I realized it's all about social status. When I changed my social status, everything else changed. If you're new to the show, I recommend you download my First Date Protocol. It's the best piece of content I have. It'll help you optimize your first date and subsequent dates. And I like to connect with my listeners personally. So if you want to grab a copy of that, please send me a direct message on Instagram. I'm at Robbie underscore. \", \"segments\": [{\"id\": 0, \"seek\": 0, \"start\": 0.0, \"end\": 3.0399999618530273, \"text\": \" Do you ever feel like you're invisible to beautiful women?\", \"tokens\": [50364, 1144, 291, 1562, 841, 411, 291, 434, 13308, 897, 306, 281, 2238, 2266, 30, 50516], \"temperature\": 0.0, \"avg_logprob\": -0.21278917789459229, \"compression_ratio\": 1.723602533340454, \"no_speech_prob\": 0.06730082631111145}, {\"id\": 1, \"seek\": 0, \"start\": 3.0399999618530273, \"end\": 5.239999771118164, \"text\": \" I used to feel like this and it really sucked.\", \"tokens\": [50516, 286, 1143, 281, 841, 411, 341, 293, 309, 534, 26503, 13, 50626], \"temperature\": 0.0, \"avg_logprob\": -0.21278917789459229, \"compression_ratio\": 1.723602533340454, \"no_speech_prob\": 0.06730082631111145}, {\"id\": 2, \"seek\": 0, \"start\": 5.239999771118164, \"end\": 7.800000190734863, \"text\": \" I had no idea why they weren't interested in me\", \"tokens\": [50626, 286, 632, 572, 1558, 983, 436, 4999, 380, 3102, 294, 385, 50754], \"temperature\": 0.0, \"avg_logprob\": -0.21278917789459229, \"compression_ratio\": 1.723602533340454, \"no_speech_prob\": 0.06730082631111145}, {\"id\": 3, \"seek\": 0, \"start\": 7.800000190734863, \"end\": 10.039999961853027, \"text\": \" and why I wasn't getting their attention.\", \"tokens\": [50754, 293, 983, 286, 2067, 380, 1242, 641, 3202, 13, 50866], \"temperature\": 0.0, \"avg_logprob\": -0.21278917789459229, \"compression_ratio\": 1.723602533340454, \"no_speech_prob\": 0.06730082631111145}, {\"id\": 4, \"seek\": 0, \"start\": 10.039999961853027, \"end\": 10.880000114440918, \"text\": \" I thought it was just because\", \"tokens\": [50866, 286, 1194, 309, 390, 445, 570, 50908], \"temperature\": 0.0, \"avg_logprob\": -0.21278917789459229, \"compression_ratio\": 1.723602533340454, \"no_speech_prob\": 0.06730082631111145}, {\"id\": 5, \"seek\": 0, \"start\": 10.880000114440918, \"end\": 12.960000038146973, \"text\": \" I wasn't really good looking enough.\", \"tokens\": [50908, 286, 2067, 380, 534, 665, 1237, 1547, 13, 51012], \"temperature\": 0.0, \"avg_logprob\": -0.21278917789459229, \"compression_ratio\": 1.723602533340454, \"no_speech_prob\": 0.06730082631111145}, {\"id\": 6, \"seek\": 0, \"start\": 12.960000038146973, \"end\": 15.720000267028809, \"text\": \" But I didn't even know what good looking was.\", \"tokens\": [51012, 583, 286, 994, 380, 754, 458, 437, 665, 1237, 390, 13, 51150], \"temperature\": 0.0, \"avg_logprob\": -0.21278917789459229, \"compression_ratio\": 1.723602533340454, \"no_speech_prob\": 0.06730082631111145}, {\"id\": 7, \"seek\": 0, \"start\": 15.720000267028809, \"end\": 17.299999237060547, \"text\": \" It has nothing to do with looks.\", \"tokens\": [51150, 467, 575, 1825, 281, 360, 365, 1542, 13, 51229], \"temperature\": 0.0, \"avg_logprob\": -0.21278917789459229, \"compression_ratio\": 1.723602533340454, \"no_speech_prob\": 0.06730082631111145}, {\"id\": 8, \"seek\": 0, \"start\": 17.299999237060547, \"end\": 19.68000030517578, \"text\": \" I realized it's all about social status.\", \"tokens\": [51229, 286, 5334, 309, 311, 439, 466, 2093, 6558, 13, 51348], \"temperature\": 0.0, \"avg_logprob\": -0.21278917789459229, \"compression_ratio\": 1.723602533340454, \"no_speech_prob\": 0.06730082631111145}, {\"id\": 9, \"seek\": 0, \"start\": 19.68000030517578, \"end\": 23.100000381469727, \"text\": \" When I changed my social status, everything else changed.\", \"tokens\": [51348, 1133, 286, 3105, 452, 2093, 6558, 11, 1203, 1646, 3105, 13, 51519], \"temperature\": 0.0, \"avg_logprob\": -0.21278917789459229, \"compression_ratio\": 1.723602533340454, \"no_speech_prob\": 0.06730082631111145}, {\"id\": 10, \"seek\": 0, \"start\": 23.100000381469727, \"end\": 24.100000381469727, \"text\": \" If you're new to the show,\", \"tokens\": [51519, 759, 291, 434, 777, 281, 264, 855, 11, 51569], \"temperature\": 0.0, \"avg_logprob\": -0.21278917789459229, \"compression_ratio\": 1.723602533340454, \"no_speech_prob\": 0.06730082631111145}, {\"id\": 11, \"seek\": 0, \"start\": 24.100000381469727, \"end\": 27.68000030517578, \"text\": \" I recommend you download my First Date Protocol.\", \"tokens\": [51569, 286, 2748, 291, 5484, 452, 2386, 31805, 48753, 13, 51748], \"temperature\": 0.0, \"avg_logprob\": -0.21278917789459229, \"compression_ratio\": 1.723602533340454, \"no_speech_prob\": 0.06730082631111145}, {\"id\": 12, \"seek\": 0, \"start\": 27.68000030517578, \"end\": 29.68000030517578, \"text\": \" It's the best piece of content I have.\", \"tokens\": [51748, 467, 311, 264, 1151, 2522, 295, 2701, 286, 362, 13, 51848], \"temperature\": 0.0, \"avg_logprob\": -0.21278917789459229, \"compression_ratio\": 1.723602533340454, \"no_speech_prob\": 0.06730082631111145}, {\"id\": 13, \"seek\": 2968, \"start\": 29.780000686645508, \"end\": 31.540000915527344, \"text\": \" It'll help you optimize your first date\", \"tokens\": [50369, 467, 603, 854, 291, 19719, 428, 700, 4002, 50457], \"temperature\": 0.0, \"avg_logprob\": -0.3014349341392517, \"compression_ratio\": 1.3742331266403198, \"no_speech_prob\": 0.059122078120708466}, {\"id\": 14, \"seek\": 2968, \"start\": 31.540000915527344, \"end\": 32.880001068115234, \"text\": \" and subsequent dates.\", \"tokens\": [50457, 293, 19962, 11691, 13, 50524], \"temperature\": 0.0, \"avg_logprob\": -0.3014349341392517, \"compression_ratio\": 1.3742331266403198, \"no_speech_prob\": 0.059122078120708466}, {\"id\": 15, \"seek\": 2968, \"start\": 32.880001068115234, \"end\": 34.91999816894531, \"text\": \" And I like to connect with my listeners personally.\", \"tokens\": [50524, 400, 286, 411, 281, 1745, 365, 452, 23274, 5665, 13, 50626], \"temperature\": 0.0, \"avg_logprob\": -0.3014349341392517, \"compression_ratio\": 1.3742331266403198, \"no_speech_prob\": 0.059122078120708466}, {\"id\": 16, \"seek\": 2968, \"start\": 34.91999816894531, \"end\": 36.79999923706055, \"text\": \" So if you want to grab a copy of that,\", \"tokens\": [50626, 407, 498, 291, 528, 281, 4444, 257, 5055, 295, 300, 11, 50720], \"temperature\": 0.0, \"avg_logprob\": -0.3014349341392517, \"compression_ratio\": 1.3742331266403198, \"no_speech_prob\": 0.059122078120708466}, {\"id\": 17, \"seek\": 2968, \"start\": 36.79999923706055, \"end\": 39.18000030517578, \"text\": \" please send me a direct message on Instagram.\", \"tokens\": [50720, 1767, 2845, 385, 257, 2047, 3636, 322, 5281, 13, 50839], \"temperature\": 0.0, \"avg_logprob\": -0.3014349341392517, \"compression_ratio\": 1.3742331266403198, \"no_speech_prob\": 0.059122078120708466}, {\"id\": 18, \"seek\": 2968, \"start\": 39.18000030517578, \"end\": 40.880001068115234, \"text\": \" I'm at Robbie underscore.\", \"tokens\": [50839, 286, 478, 412, 45749, 37556, 13, 50924], \"temperature\": 0.0, \"avg_logprob\": -0.3014349341392517, \"compression_ratio\": 1.3742331266403198, \"no_speech_prob\": 0.059122078120708466}]}"}