{"title": "Can you really say this to women?", "video_id": "Gw8SB-42fQA", "video_url": "https://www.youtube.com/watch?v=Gw8SB-42fQA", "description": "", "published_at": "2023-07-04T18:43:20Z", "channel_id": "UC0O-ohYDF4P66HW9XJ4Us8w", "channel_title": "Robbie Kramer", "tags": [], "category_id": "24", "live_broadcast_content": "none", "duration": 55.0, "dimension": "2d", "definition": "hd", "caption": "false", "view_count": 241, "like_count": 8, "comment_count": 0, "channel_info": {"title": "Robbie Kramer", "description": "I'm Robbie Kramer \ud83c\udf99Host of The Inner Confidence Podcast & Founder of Inner Confidence, Inc.\n\nI lived an exhilarating single life filled with adventures and lessons, and ultimately achieved what I had always aspired to \u2013 finding an amazing, feminine, and loving wife. \n\nI believe my experiences provide a rare balance of wild freedom and committed love, equipping me with the insights to help you navigate the complexities of dating and relationships in today's world. Let me guide you to embrace your desires, improve your social prowess, and ultimately attract the partner who aligns with your highest aspirations.\n\nYou won\u2019t find any fluffy, new-age, or cringy stuff here, just tested, proven and actionable advice that yields results.\n\nApply to join our exclusive Inner Confidence Community of ambitious men who are actively working together to achieve their goals faster   \u25ba https://innerconfidence.com/community\n\nYou can email me at robbie@innerconfidence.com with any questions or comments.\n", "subscriber_count": "1270", "total_views": "604693", "total_videos": "470"}, "comments": [], "file_path": "/Users/aelaguiz/workspace/fc_book/audio/raws/Gw8SB-42fQA.mp3", "transcription": "{\"text\": \"But I can't take my eyes off of you. That's a fact, it's not a lie. I find you very attractive. Do you find me attractive? So it's a good thing he asked this, because I felt like at this point it was a lot. It was a lot of interest, right? And then he did a good job of saying it. But, because he didn't change his intonation and he was just so calm speaking about this, it didn't seem a lot to me. Because if you'd look, oh my god, you know, I couldn't, like, I really like you, you're so beautiful, so sexy, this, like, so attractive. Do you feel like he's having fun, mainly, or he's trying to pick her up? I think it's just, like, a fun experience for him. He's just having fun. He can go to, like, any girls, he doesn't care, he's super confident, you know, won't work out with that girl, won't work out with another one. That's why you can see that he's just having fun. The key here is he's entertaining himself, right? That's the difference. You want to go into every interaction when you approach a girl as, I'm just gonna entertain myself, I'm gonna have a good time. Regardless of how she acts or behaves, I know I'm gonna have a good time and I'm gonna just go have a conversation. \", \"segments\": [{\"id\": 0, \"seek\": 0, \"start\": 0.0, \"end\": 7.0, \"text\": \" But I can't take my eyes off of you. That's a fact, it's not a lie. I find you very attractive. Do you find me attractive?\", \"tokens\": [50364, 583, 286, 393, 380, 747, 452, 2575, 766, 295, 291, 13, 663, 311, 257, 1186, 11, 309, 311, 406, 257, 4544, 13, 286, 915, 291, 588, 12609, 13, 1144, 291, 915, 385, 12609, 30, 50714], \"temperature\": 0.0, \"avg_logprob\": -0.26360324025154114, \"compression_ratio\": 1.7926421165466309, \"no_speech_prob\": 0.47885066270828247}, {\"id\": 1, \"seek\": 0, \"start\": 7.0, \"end\": 12.0, \"text\": \" So it's a good thing he asked this, because I felt like at this point it was a lot. It was a lot of interest, right?\", \"tokens\": [50714, 407, 309, 311, 257, 665, 551, 415, 2351, 341, 11, 570, 286, 2762, 411, 412, 341, 935, 309, 390, 257, 688, 13, 467, 390, 257, 688, 295, 1179, 11, 558, 30, 50964], \"temperature\": 0.0, \"avg_logprob\": -0.26360324025154114, \"compression_ratio\": 1.7926421165466309, \"no_speech_prob\": 0.47885066270828247}, {\"id\": 2, \"seek\": 0, \"start\": 12.0, \"end\": 14.0, \"text\": \" And then he did a good job of saying it.\", \"tokens\": [50964, 400, 550, 415, 630, 257, 665, 1691, 295, 1566, 309, 13, 51064], \"temperature\": 0.0, \"avg_logprob\": -0.26360324025154114, \"compression_ratio\": 1.7926421165466309, \"no_speech_prob\": 0.47885066270828247}, {\"id\": 3, \"seek\": 0, \"start\": 14.0, \"end\": 20.0, \"text\": \" But, because he didn't change his intonation and he was just so calm speaking about this, it didn't seem a lot to me.\", \"tokens\": [51064, 583, 11, 570, 415, 994, 380, 1319, 702, 560, 266, 399, 293, 415, 390, 445, 370, 7151, 4124, 466, 341, 11, 309, 994, 380, 1643, 257, 688, 281, 385, 13, 51364], \"temperature\": 0.0, \"avg_logprob\": -0.26360324025154114, \"compression_ratio\": 1.7926421165466309, \"no_speech_prob\": 0.47885066270828247}, {\"id\": 4, \"seek\": 0, \"start\": 20.0, \"end\": 27.0, \"text\": \" Because if you'd look, oh my god, you know, I couldn't, like, I really like you, you're so beautiful, so sexy, this, like, so attractive.\", \"tokens\": [51364, 1436, 498, 291, 1116, 574, 11, 1954, 452, 3044, 11, 291, 458, 11, 286, 2809, 380, 11, 411, 11, 286, 534, 411, 291, 11, 291, 434, 370, 2238, 11, 370, 13701, 11, 341, 11, 411, 11, 370, 12609, 13, 51714], \"temperature\": 0.0, \"avg_logprob\": -0.26360324025154114, \"compression_ratio\": 1.7926421165466309, \"no_speech_prob\": 0.47885066270828247}, {\"id\": 5, \"seek\": 2700, \"start\": 27.0, \"end\": 31.0, \"text\": \" Do you feel like he's having fun, mainly, or he's trying to pick her up?\", \"tokens\": [50364, 1144, 291, 841, 411, 415, 311, 1419, 1019, 11, 8704, 11, 420, 415, 311, 1382, 281, 1888, 720, 493, 30, 50564], \"temperature\": 0.0, \"avg_logprob\": -0.1804194152355194, \"compression_ratio\": 1.9237536191940308, \"no_speech_prob\": 0.04595096409320831}, {\"id\": 6, \"seek\": 2700, \"start\": 31.0, \"end\": 33.0, \"text\": \" I think it's just, like, a fun experience for him.\", \"tokens\": [50564, 286, 519, 309, 311, 445, 11, 411, 11, 257, 1019, 1752, 337, 796, 13, 50664], \"temperature\": 0.0, \"avg_logprob\": -0.1804194152355194, \"compression_ratio\": 1.9237536191940308, \"no_speech_prob\": 0.04595096409320831}, {\"id\": 7, \"seek\": 2700, \"start\": 33.0, \"end\": 34.0, \"text\": \" He's just having fun.\", \"tokens\": [50664, 634, 311, 445, 1419, 1019, 13, 50714], \"temperature\": 0.0, \"avg_logprob\": -0.1804194152355194, \"compression_ratio\": 1.9237536191940308, \"no_speech_prob\": 0.04595096409320831}, {\"id\": 8, \"seek\": 2700, \"start\": 34.0, \"end\": 39.0, \"text\": \" He can go to, like, any girls, he doesn't care, he's super confident, you know, won't work out with that girl, won't work out with another one.\", \"tokens\": [50714, 634, 393, 352, 281, 11, 411, 11, 604, 4519, 11, 415, 1177, 380, 1127, 11, 415, 311, 1687, 6679, 11, 291, 458, 11, 1582, 380, 589, 484, 365, 300, 2013, 11, 1582, 380, 589, 484, 365, 1071, 472, 13, 50964], \"temperature\": 0.0, \"avg_logprob\": -0.1804194152355194, \"compression_ratio\": 1.9237536191940308, \"no_speech_prob\": 0.04595096409320831}, {\"id\": 9, \"seek\": 2700, \"start\": 39.0, \"end\": 41.0, \"text\": \" That's why you can see that he's just having fun.\", \"tokens\": [50964, 663, 311, 983, 291, 393, 536, 300, 415, 311, 445, 1419, 1019, 13, 51064], \"temperature\": 0.0, \"avg_logprob\": -0.1804194152355194, \"compression_ratio\": 1.9237536191940308, \"no_speech_prob\": 0.04595096409320831}, {\"id\": 10, \"seek\": 2700, \"start\": 41.0, \"end\": 44.0, \"text\": \" The key here is he's entertaining himself, right? That's the difference.\", \"tokens\": [51064, 440, 2141, 510, 307, 415, 311, 20402, 3647, 11, 558, 30, 663, 311, 264, 2649, 13, 51214], \"temperature\": 0.0, \"avg_logprob\": -0.1804194152355194, \"compression_ratio\": 1.9237536191940308, \"no_speech_prob\": 0.04595096409320831}, {\"id\": 11, \"seek\": 2700, \"start\": 44.0, \"end\": 49.0, \"text\": \" You want to go into every interaction when you approach a girl as, I'm just gonna entertain myself, I'm gonna have a good time.\", \"tokens\": [51214, 509, 528, 281, 352, 666, 633, 9285, 562, 291, 3109, 257, 2013, 382, 11, 286, 478, 445, 799, 7655, 2059, 11, 286, 478, 799, 362, 257, 665, 565, 13, 51464], \"temperature\": 0.0, \"avg_logprob\": -0.1804194152355194, \"compression_ratio\": 1.9237536191940308, \"no_speech_prob\": 0.04595096409320831}, {\"id\": 12, \"seek\": 2700, \"start\": 49.0, \"end\": 54.0, \"text\": \" Regardless of how she acts or behaves, I know I'm gonna have a good time and I'm gonna just go have a conversation.\", \"tokens\": [51464, 25148, 295, 577, 750, 10672, 420, 36896, 11, 286, 458, 286, 478, 799, 362, 257, 665, 565, 293, 286, 478, 799, 445, 352, 362, 257, 3761, 13, 51714], \"temperature\": 0.0, \"avg_logprob\": -0.1804194152355194, \"compression_ratio\": 1.9237536191940308, \"no_speech_prob\": 0.04595096409320831}]}"}