{"title": "Using Airbnb To Reduce Your Rent & Living Expenses", "video_id": "GwslNfKXORk", "video_url": "https://www.youtube.com/watch?v=GwslNfKXORk", "description": "To listen to more episodes of the Inner Confidence Podcast, visit the links below:\nWebsite: https://innerconfidence.com/podcast/\niTunes:https://podcasts.apple.com/us/podcast/inner-confidence-podcast/id986699444 \nSpotify: https://open.spotify.com/show/2zkWuTnt7whvnR6CO6oNPV\nRSS: https://innerconfidence.com/series/leverage-podcast/feed/\n\nAnd if you're interested in learning more about my coaching services and connecting with me, check out these links:\nLinkTree: https://linktr.ee/Robbiekramer\nMain Site: https://innerconfidence.com/\nInstagram: https://www.instagram.com/robbie_kramer/\nTikTok: https://www.tiktok.com/@robbie.kramer\nYouTube: https://www.youtube.com/innerconfidence\n\nThank you for tuning in, and I look forward to helping you build your inner confidence and achieve success!\n\nJoin us : https://innerconfidence.com/leverage/\nBook a call with me : https://start.innerconfidence.com/video1\n\n\n#personaldevelopment #selfimprovement #innerconfidence #innerconfidencepodcast #podcast #coaching #success #motivation #inspiration #mindset #datingcoach #relationshipgoals #confidencecoach #selfimprovement #successfulmen", "published_at": "2019-04-28T18:22:37Z", "channel_id": "UC0O-ohYDF4P66HW9XJ4Us8w", "channel_title": "Robbie Kramer", "tags": [], "category_id": "24", "live_broadcast_content": "none", "duration": 117.0, "dimension": "2d", "definition": "hd", "caption": "false", "view_count": 90, "like_count": 1, "comment_count": 1, "channel_info": {"title": "Robbie Kramer", "description": "I'm Robbie Kramer \ud83c\udf99Host of The Inner Confidence Podcast & Founder of Inner Confidence, Inc.\n\nI lived an exhilarating single life filled with adventures and lessons, and ultimately achieved what I had always aspired to \u2013 finding an amazing, feminine, and loving wife. \n\nI believe my experiences provide a rare balance of wild freedom and committed love, equipping me with the insights to help you navigate the complexities of dating and relationships in today's world. Let me guide you to embrace your desires, improve your social prowess, and ultimately attract the partner who aligns with your highest aspirations.\n\nYou won\u2019t find any fluffy, new-age, or cringy stuff here, just tested, proven and actionable advice that yields results.\n\nApply to join our exclusive Inner Confidence Community of ambitious men who are actively working together to achieve their goals faster   \u25ba https://innerconfidence.com/community\n\nYou can email me at robbie@innerconfidence.com with any questions or comments.\n", "subscriber_count": "1270", "total_views": "604693", "total_videos": "470"}, "comments": [], "file_path": "/Users/aelaguiz/workspace/fc_book/audio/raws/GwslNfKXORk.mp3", "transcription": "{\"text\": \"My favorite money hack of all is using Airbnb to hack rent. I mean think about how much your rent is every month. For most people it's like half of their income. So if you can just eliminate that expense, you can invest in yourself, you could travel, you could learn something new, you could invest in property or other passive income generating streams, there's so much you can do with an extra $1,500, $2,000, $3,000 a month that most people pay in rent. Anyone can put their place on Airbnb. Some places are gonna do better than others. If you own the place then it's easy, you can just do it. If you rent the place, you need permission from your landlord. You're young, you're single or just a couple and you guys want to travel and you know you're gonna be out of town for a while or you want to take like a six-month vacation, that's the best time to Airbnb because otherwise your house is gonna be sitting there empty, costing you money every month, and you're not getting anything from that. When I'm Airbnbing my place, I'm typically traveling or I'm staying with friends, but usually traveling. Traveling is amazing. A lot of people never travel from their hometown and that's just crazy to me because there's so much out there, especially in terms of dating. If you're a young guy and you want to get out there and see what kind of women you're into, who you like, get out of the U.S. Go to Eastern Europe, go to Brazil. Last summer I was in Eastern Europe for almost three months and I made enough money subletting my place that my entire trip was free and it paid for my rent. People say, I don't have the money to travel. Bullshit. You don't have the money to not travel. \", \"segments\": [{\"id\": 0, \"seek\": 0, \"start\": 0.0, \"end\": 13.680000305175781, \"text\": \" My favorite money hack of all is using Airbnb to hack rent. I mean think about\", \"tokens\": [50364, 1222, 2954, 1460, 10339, 295, 439, 307, 1228, 38232, 281, 10339, 6214, 13, 286, 914, 519, 466, 51048], \"temperature\": 0.0, \"avg_logprob\": -0.2762860655784607, \"compression_ratio\": 1.565000057220459, \"no_speech_prob\": 0.02403661236166954}, {\"id\": 1, \"seek\": 0, \"start\": 13.680000305175781, \"end\": 17.68000030517578, \"text\": \" how much your rent is every month. For most people it's like half of their\", \"tokens\": [51048, 577, 709, 428, 6214, 307, 633, 1618, 13, 1171, 881, 561, 309, 311, 411, 1922, 295, 641, 51248], \"temperature\": 0.0, \"avg_logprob\": -0.2762860655784607, \"compression_ratio\": 1.565000057220459, \"no_speech_prob\": 0.02403661236166954}, {\"id\": 2, \"seek\": 0, \"start\": 17.68000030517578, \"end\": 23.1200008392334, \"text\": \" income. So if you can just eliminate that expense, you can invest in yourself, you\", \"tokens\": [51248, 5742, 13, 407, 498, 291, 393, 445, 13819, 300, 18406, 11, 291, 393, 1963, 294, 1803, 11, 291, 51520], \"temperature\": 0.0, \"avg_logprob\": -0.2762860655784607, \"compression_ratio\": 1.565000057220459, \"no_speech_prob\": 0.02403661236166954}, {\"id\": 3, \"seek\": 0, \"start\": 23.1200008392334, \"end\": 29.0, \"text\": \" could travel, you could learn something new, you could invest in property or\", \"tokens\": [51520, 727, 3147, 11, 291, 727, 1466, 746, 777, 11, 291, 727, 1963, 294, 4707, 420, 51814], \"temperature\": 0.0, \"avg_logprob\": -0.2762860655784607, \"compression_ratio\": 1.565000057220459, \"no_speech_prob\": 0.02403661236166954}, {\"id\": 4, \"seek\": 2900, \"start\": 29.0, \"end\": 32.31999969482422, \"text\": \" other passive income generating streams, there's so much you can do with an\", \"tokens\": [50364, 661, 14975, 5742, 17746, 15842, 11, 456, 311, 370, 709, 291, 393, 360, 365, 364, 50530], \"temperature\": 0.0, \"avg_logprob\": -0.2736069858074188, \"compression_ratio\": 1.6520146131515503, \"no_speech_prob\": 0.021945472806692123}, {\"id\": 5, \"seek\": 2900, \"start\": 32.31999969482422, \"end\": 39.0, \"text\": \" extra $1,500, $2,000, $3,000 a month that most people pay in rent.\", \"tokens\": [50530, 2857, 1848, 16, 11, 7526, 11, 1848, 17, 11, 1360, 11, 1848, 18, 11, 1360, 257, 1618, 300, 881, 561, 1689, 294, 6214, 13, 50864], \"temperature\": 0.0, \"avg_logprob\": -0.2736069858074188, \"compression_ratio\": 1.6520146131515503, \"no_speech_prob\": 0.021945472806692123}, {\"id\": 6, \"seek\": 2900, \"start\": 40.599998474121094, \"end\": 44.91999816894531, \"text\": \" Anyone can put their place on Airbnb. Some places are gonna do better than\", \"tokens\": [50944, 14643, 393, 829, 641, 1081, 322, 38232, 13, 2188, 3190, 366, 799, 360, 1101, 813, 51160], \"temperature\": 0.0, \"avg_logprob\": -0.2736069858074188, \"compression_ratio\": 1.6520146131515503, \"no_speech_prob\": 0.021945472806692123}, {\"id\": 7, \"seek\": 2900, \"start\": 44.91999816894531, \"end\": 48.880001068115234, \"text\": \" others. If you own the place then it's easy, you can just do it. If you rent the\", \"tokens\": [51160, 2357, 13, 759, 291, 1065, 264, 1081, 550, 309, 311, 1858, 11, 291, 393, 445, 360, 309, 13, 759, 291, 6214, 264, 51358], \"temperature\": 0.0, \"avg_logprob\": -0.2736069858074188, \"compression_ratio\": 1.6520146131515503, \"no_speech_prob\": 0.021945472806692123}, {\"id\": 8, \"seek\": 2900, \"start\": 48.880001068115234, \"end\": 53.2400016784668, \"text\": \" place, you need permission from your landlord. You're young, you're single or\", \"tokens\": [51358, 1081, 11, 291, 643, 11226, 490, 428, 32654, 13, 509, 434, 2037, 11, 291, 434, 2167, 420, 51576], \"temperature\": 0.0, \"avg_logprob\": -0.2736069858074188, \"compression_ratio\": 1.6520146131515503, \"no_speech_prob\": 0.021945472806692123}, {\"id\": 9, \"seek\": 2900, \"start\": 53.2400016784668, \"end\": 56.84000015258789, \"text\": \" just a couple and you guys want to travel and you know you're gonna be out\", \"tokens\": [51576, 445, 257, 1916, 293, 291, 1074, 528, 281, 3147, 293, 291, 458, 291, 434, 799, 312, 484, 51756], \"temperature\": 0.0, \"avg_logprob\": -0.2736069858074188, \"compression_ratio\": 1.6520146131515503, \"no_speech_prob\": 0.021945472806692123}, {\"id\": 10, \"seek\": 5684, \"start\": 56.84000015258789, \"end\": 60.52000045776367, \"text\": \" of town for a while or you want to take like a six-month vacation, that's the\", \"tokens\": [50364, 295, 3954, 337, 257, 1339, 420, 291, 528, 281, 747, 411, 257, 2309, 12, 23534, 12830, 11, 300, 311, 264, 50548], \"temperature\": 0.0, \"avg_logprob\": -0.3011082112789154, \"compression_ratio\": 1.6729323863983154, \"no_speech_prob\": 0.13843080401420593}, {\"id\": 11, \"seek\": 5684, \"start\": 60.52000045776367, \"end\": 63.31999969482422, \"text\": \" best time to Airbnb because otherwise your house is gonna be sitting there\", \"tokens\": [50548, 1151, 565, 281, 38232, 570, 5911, 428, 1782, 307, 799, 312, 3798, 456, 50688], \"temperature\": 0.0, \"avg_logprob\": -0.3011082112789154, \"compression_ratio\": 1.6729323863983154, \"no_speech_prob\": 0.13843080401420593}, {\"id\": 12, \"seek\": 5684, \"start\": 63.31999969482422, \"end\": 69.27999877929688, \"text\": \" empty, costing you money every month, and you're not getting anything from that.\", \"tokens\": [50688, 6707, 11, 37917, 291, 1460, 633, 1618, 11, 293, 291, 434, 406, 1242, 1340, 490, 300, 13, 50986], \"temperature\": 0.0, \"avg_logprob\": -0.3011082112789154, \"compression_ratio\": 1.6729323863983154, \"no_speech_prob\": 0.13843080401420593}, {\"id\": 13, \"seek\": 5684, \"start\": 72.36000061035156, \"end\": 76.83999633789062, \"text\": \" When I'm Airbnbing my place, I'm typically traveling or I'm staying with\", \"tokens\": [51140, 1133, 286, 478, 5774, 19404, 4324, 452, 1081, 11, 286, 478, 5850, 9712, 420, 286, 478, 7939, 365, 51364], \"temperature\": 0.0, \"avg_logprob\": -0.3011082112789154, \"compression_ratio\": 1.6729323863983154, \"no_speech_prob\": 0.13843080401420593}, {\"id\": 14, \"seek\": 5684, \"start\": 76.83999633789062, \"end\": 81.27999877929688, \"text\": \" friends, but usually traveling. Traveling is amazing. A lot of people\", \"tokens\": [51364, 1855, 11, 457, 2673, 9712, 13, 20610, 278, 307, 2243, 13, 316, 688, 295, 561, 51586], \"temperature\": 0.0, \"avg_logprob\": -0.3011082112789154, \"compression_ratio\": 1.6729323863983154, \"no_speech_prob\": 0.13843080401420593}, {\"id\": 15, \"seek\": 5684, \"start\": 81.27999877929688, \"end\": 85.08000183105469, \"text\": \" never travel from their hometown and that's just crazy to me because\", \"tokens\": [51586, 1128, 3147, 490, 641, 22112, 293, 300, 311, 445, 3219, 281, 385, 570, 51776], \"temperature\": 0.0, \"avg_logprob\": -0.3011082112789154, \"compression_ratio\": 1.6729323863983154, \"no_speech_prob\": 0.13843080401420593}, {\"id\": 16, \"seek\": 8508, \"start\": 85.08000183105469, \"end\": 88.44000244140625, \"text\": \" there's so much out there, especially in terms of dating. If you're a young guy\", \"tokens\": [50364, 456, 311, 370, 709, 484, 456, 11, 2318, 294, 2115, 295, 10689, 13, 759, 291, 434, 257, 2037, 2146, 50532], \"temperature\": 0.0, \"avg_logprob\": -0.254733681678772, \"compression_ratio\": 1.7014389038085938, \"no_speech_prob\": 0.05748385563492775}, {\"id\": 17, \"seek\": 8508, \"start\": 88.44000244140625, \"end\": 91.87999725341797, \"text\": \" and you want to get out there and see what kind of women you're\", \"tokens\": [50532, 293, 291, 528, 281, 483, 484, 456, 293, 536, 437, 733, 295, 2266, 291, 434, 50704], \"temperature\": 0.0, \"avg_logprob\": -0.254733681678772, \"compression_ratio\": 1.7014389038085938, \"no_speech_prob\": 0.05748385563492775}, {\"id\": 18, \"seek\": 8508, \"start\": 91.87999725341797, \"end\": 96.19999694824219, \"text\": \" into, who you like, get out of the U.S. Go to Eastern Europe, go to Brazil.\", \"tokens\": [50704, 666, 11, 567, 291, 411, 11, 483, 484, 295, 264, 624, 13, 50, 13, 1037, 281, 12901, 3315, 11, 352, 281, 9435, 13, 50920], \"temperature\": 0.0, \"avg_logprob\": -0.254733681678772, \"compression_ratio\": 1.7014389038085938, \"no_speech_prob\": 0.05748385563492775}, {\"id\": 19, \"seek\": 8508, \"start\": 96.19999694824219, \"end\": 100.4800033569336, \"text\": \" Last summer I was in Eastern Europe for almost three months and I made\", \"tokens\": [50920, 5264, 4266, 286, 390, 294, 12901, 3315, 337, 1920, 1045, 2493, 293, 286, 1027, 51134], \"temperature\": 0.0, \"avg_logprob\": -0.254733681678772, \"compression_ratio\": 1.7014389038085938, \"no_speech_prob\": 0.05748385563492775}, {\"id\": 20, \"seek\": 8508, \"start\": 100.4800033569336, \"end\": 105.4800033569336, \"text\": \" enough money subletting my place that my entire trip was free and it paid for my\", \"tokens\": [51134, 1547, 1460, 1422, 2631, 783, 452, 1081, 300, 452, 2302, 4931, 390, 1737, 293, 309, 4835, 337, 452, 51384], \"temperature\": 0.0, \"avg_logprob\": -0.254733681678772, \"compression_ratio\": 1.7014389038085938, \"no_speech_prob\": 0.05748385563492775}, {\"id\": 21, \"seek\": 8508, \"start\": 105.4800033569336, \"end\": 110.80000305175781, \"text\": \" rent. People say, I don't have the money to travel. Bullshit. You don't\", \"tokens\": [51384, 6214, 13, 3432, 584, 11, 286, 500, 380, 362, 264, 1460, 281, 3147, 13, 14131, 19186, 13, 509, 500, 380, 51650], \"temperature\": 0.0, \"avg_logprob\": -0.254733681678772, \"compression_ratio\": 1.7014389038085938, \"no_speech_prob\": 0.05748385563492775}, {\"id\": 22, \"seek\": 8508, \"start\": 110.80000305175781, \"end\": 113.95999908447266, \"text\": \" have the money to not travel.\", \"tokens\": [51650, 362, 264, 1460, 281, 406, 3147, 13, 51808], \"temperature\": 0.0, \"avg_logprob\": -0.254733681678772, \"compression_ratio\": 1.7014389038085938, \"no_speech_prob\": 0.05748385563492775}]}"}