{"title": "Episode 5 - \"Baby Banter\"", "video_id": "GXG-I7vHTOc", "video_url": "https://www.youtube.com/watch?v=GXG-I7vHTOc", "description": "Robbie sheds some pounds on the ice while Brian gets some starting news regarding Willy and Allison.  Willy and Eli show off their flirting skills.", "published_at": "2010-02-11T18:25:44Z", "channel_id": "UC0O-ohYDF4P66HW9XJ4Us8w", "channel_title": "Robbie Kramer", "tags": ["inner confidence", "alpha male", "approach women", "attract", "attract women", "being a man", "dating", "dating women", "flirting", "flirting tips", "get a girl", "get a girlfriend", "get girl", "how to approach women", "how to attract", "how to attract woman", "how to date", "how to flirt", "how to get girls", "how to get women", "inner game", "love", "masculine", "masculinity", "meet women", "men", "online dating", "pick up", "seduction", "single dating", "spiritual"], "category_id": "23", "live_broadcast_content": "none", "duration": 299.0, "dimension": "2d", "definition": "sd", "caption": "false", "view_count": 1290, "like_count": 9, "comment_count": 1, "channel_info": {"title": "Robbie Kramer", "description": "I'm Robbie Kramer \ud83c\udf99Host of The Inner Confidence Podcast & Founder of Inner Confidence, Inc.\n\nI lived an exhilarating single life filled with adventures and lessons, and ultimately achieved what I had always aspired to \u2013 finding an amazing, feminine, and loving wife. \n\nI believe my experiences provide a rare balance of wild freedom and committed love, equipping me with the insights to help you navigate the complexities of dating and relationships in today's world. Let me guide you to embrace your desires, improve your social prowess, and ultimately attract the partner who aligns with your highest aspirations.\n\nYou won\u2019t find any fluffy, new-age, or cringy stuff here, just tested, proven and actionable advice that yields results.\n\nApply to join our exclusive Inner Confidence Community of ambitious men who are actively working together to achieve their goals faster   \u25ba https://innerconfidence.com/community\n\nYou can email me at robbie@innerconfidence.com with any questions or comments.\n", "subscriber_count": "1270", "total_views": "604693", "total_videos": "470"}, "comments": [], "file_path": "/Users/aelaguiz/workspace/fc_book/audio/raws/GXG-I7vHTOc.mp3", "transcription": "{\"text\": \"Put the guys, the ladies love the hot players. Let's go. Since I got back on the ice, I feel way more masculine and grounded in my body. It's an amazing exercise. And the best part, it's awesome because... Hey, sassy pants. Because I'm going to ask Allison at my high school reunion. Am I attracted to Robbie? Come on, he's my boss. Why, did he say something? Mr. Coach? Yeah, Willie? Mr. Coach, if a human male gets a human female pregnant, what are the customary responsibilities of the human male? Well, Willie, he would put his arm around her, ask her about her feelings, give her money for the baby. Why? The attractive human female has been pregnant for 141.62 hours, yet shows no signs of impregnation. Willie, you know it takes nine months, right? I mean, who's pregnant? Nine months? Such a long time. Yeah, Willie. Did you get someone pregnant? Affirmative, Mr. Coach. What are you talking about, Willie? I mean, are you sure? Who is it? I am sure, Mr. Coach. It is that human female. Oh, wow. Oh, my God. Okay. Wow, I can't believe it. Today, we're going to work on one of the best ways to attract women, banter. Banter is about being playful and having fun. Flirty banter is an amazing tool because it creates humor, and humor is one of the best ways to attract women. If you're having fun with her, she'll have fun, too. Eli, why don't you go first? Willie, you can move. Yes, Mr. Coach. Oh, hey. You remind me of my bratty little sister. What? Oh, my God. Cut it out. We'd always be fighting, you know, and messing around. And I'd win. I don't think so. You'd be always bugging me to hang out with my cool older friends. No, no way. Human female, are you attracted to my fellow student? Yeah, I think she is, but I'm not interested in her. Allison? Yeah, she's into me. Is there any way I can support you, human female? Dude! It's my turn. Just chill. Willie, you'll get your turn in a minute. And see, when older guys try to hit on you, or aliens, I beat them up, too. Eli, that was great. Willie, it's your turn now. Yes, Mr. Coach. Human female, may I inquire into your current emotional state? Yes, I feel fine, thank you. Yes, allow me to nurture you. That's nice. Since you are carrying my seed, I would like to make you an offer of 15 American dollars in order to show financial support for our offspring. Oh, our offspring, that's right. They're going to grow up and be so healthy and strong. Yes, I know. Since they are half-exinees, they will have dual citizenship. Okay, okay. Willie, that was great. I love the way that you set up the role play and got her to play along and have fun with you. Yes. She's a flirt anyway. I've got to go upstairs. Oh, yeah. I don't know how this happened. I don't know how this happened. \", \"segments\": [{\"id\": 0, \"seek\": 0, \"start\": 0.0, \"end\": 7.0, \"text\": \" Put the guys, the ladies love the hot players.\", \"tokens\": [50364, 4935, 264, 1074, 11, 264, 9974, 959, 264, 2368, 4150, 13, 50714], \"temperature\": 0.0, \"avg_logprob\": -0.5732852816581726, \"compression_ratio\": 1.3486841917037964, \"no_speech_prob\": 0.014695883728563786}, {\"id\": 1, \"seek\": 0, \"start\": 7.0, \"end\": 17.239999771118164, \"text\": \" Let's go.\", \"tokens\": [50714, 961, 311, 352, 13, 51226], \"temperature\": 0.0, \"avg_logprob\": -0.5732852816581726, \"compression_ratio\": 1.3486841917037964, \"no_speech_prob\": 0.014695883728563786}, {\"id\": 2, \"seek\": 0, \"start\": 17.239999771118164, \"end\": 21.520000457763672, \"text\": \" Since I got back on the ice, I feel way more masculine and grounded in my body.\", \"tokens\": [51226, 4162, 286, 658, 646, 322, 264, 4435, 11, 286, 841, 636, 544, 28992, 293, 23535, 294, 452, 1772, 13, 51440], \"temperature\": 0.0, \"avg_logprob\": -0.5732852816581726, \"compression_ratio\": 1.3486841917037964, \"no_speech_prob\": 0.014695883728563786}, {\"id\": 3, \"seek\": 0, \"start\": 21.520000457763672, \"end\": 22.520000457763672, \"text\": \" It's an amazing exercise.\", \"tokens\": [51440, 467, 311, 364, 2243, 5380, 13, 51490], \"temperature\": 0.0, \"avg_logprob\": -0.5732852816581726, \"compression_ratio\": 1.3486841917037964, \"no_speech_prob\": 0.014695883728563786}, {\"id\": 4, \"seek\": 0, \"start\": 22.520000457763672, \"end\": 23.520000457763672, \"text\": \" And the best part, it's awesome because...\", \"tokens\": [51490, 400, 264, 1151, 644, 11, 309, 311, 3476, 570, 485, 51540], \"temperature\": 0.0, \"avg_logprob\": -0.5732852816581726, \"compression_ratio\": 1.3486841917037964, \"no_speech_prob\": 0.014695883728563786}, {\"id\": 5, \"seek\": 2352, \"start\": 23.520000457763672, \"end\": 24.520000457763672, \"text\": \" Hey, sassy pants.\", \"tokens\": [50364, 1911, 11, 262, 640, 88, 10082, 13, 50414], \"temperature\": 0.0, \"avg_logprob\": -0.5593284964561462, \"compression_ratio\": 1.1454545259475708, \"no_speech_prob\": 0.13837619125843048}, {\"id\": 6, \"seek\": 2352, \"start\": 24.520000457763672, \"end\": 42.31999969482422, \"text\": \" Because I'm going to ask Allison at my high school reunion.\", \"tokens\": [50414, 1436, 286, 478, 516, 281, 1029, 32638, 412, 452, 1090, 1395, 34720, 13, 51304], \"temperature\": 0.0, \"avg_logprob\": -0.5593284964561462, \"compression_ratio\": 1.1454545259475708, \"no_speech_prob\": 0.13837619125843048}, {\"id\": 7, \"seek\": 2352, \"start\": 42.31999969482422, \"end\": 44.08000183105469, \"text\": \" Am I attracted to Robbie?\", \"tokens\": [51304, 2012, 286, 15912, 281, 45749, 30, 51392], \"temperature\": 0.0, \"avg_logprob\": -0.5593284964561462, \"compression_ratio\": 1.1454545259475708, \"no_speech_prob\": 0.13837619125843048}, {\"id\": 8, \"seek\": 2352, \"start\": 44.08000183105469, \"end\": 47.560001373291016, \"text\": \" Come on, he's my boss.\", \"tokens\": [51392, 2492, 322, 11, 415, 311, 452, 5741, 13, 51566], \"temperature\": 0.0, \"avg_logprob\": -0.5593284964561462, \"compression_ratio\": 1.1454545259475708, \"no_speech_prob\": 0.13837619125843048}, {\"id\": 9, \"seek\": 4756, \"start\": 47.560001373291016, \"end\": 60.119998931884766, \"text\": \" Why, did he say something?\", \"tokens\": [50364, 1545, 11, 630, 415, 584, 746, 30, 50992], \"temperature\": 0.0, \"avg_logprob\": -0.45137083530426025, \"compression_ratio\": 1.357723593711853, \"no_speech_prob\": 0.07366671413183212}, {\"id\": 10, \"seek\": 4756, \"start\": 60.119998931884766, \"end\": 61.119998931884766, \"text\": \" Mr. Coach?\", \"tokens\": [50992, 2221, 13, 17369, 30, 51042], \"temperature\": 0.0, \"avg_logprob\": -0.45137083530426025, \"compression_ratio\": 1.357723593711853, \"no_speech_prob\": 0.07366671413183212}, {\"id\": 11, \"seek\": 4756, \"start\": 61.119998931884766, \"end\": 62.119998931884766, \"text\": \" Yeah, Willie?\", \"tokens\": [51042, 865, 11, 39912, 30, 51092], \"temperature\": 0.0, \"avg_logprob\": -0.45137083530426025, \"compression_ratio\": 1.357723593711853, \"no_speech_prob\": 0.07366671413183212}, {\"id\": 12, \"seek\": 4756, \"start\": 62.119998931884766, \"end\": 72.04000091552734, \"text\": \" Mr. Coach, if a human male gets a human female pregnant, what are the customary responsibilities\", \"tokens\": [51092, 2221, 13, 17369, 11, 498, 257, 1952, 7133, 2170, 257, 1952, 6556, 10435, 11, 437, 366, 264, 2375, 822, 16190, 51588], \"temperature\": 0.0, \"avg_logprob\": -0.45137083530426025, \"compression_ratio\": 1.357723593711853, \"no_speech_prob\": 0.07366671413183212}, {\"id\": 13, \"seek\": 4756, \"start\": 72.04000091552734, \"end\": 73.4800033569336, \"text\": \" of the human male?\", \"tokens\": [51588, 295, 264, 1952, 7133, 30, 51660], \"temperature\": 0.0, \"avg_logprob\": -0.45137083530426025, \"compression_ratio\": 1.357723593711853, \"no_speech_prob\": 0.07366671413183212}, {\"id\": 14, \"seek\": 7348, \"start\": 73.4800033569336, \"end\": 78.72000122070312, \"text\": \" Well, Willie, he would put his arm around her, ask her about her feelings, give her\", \"tokens\": [50364, 1042, 11, 39912, 11, 415, 576, 829, 702, 3726, 926, 720, 11, 1029, 720, 466, 720, 6640, 11, 976, 720, 50626], \"temperature\": 0.0, \"avg_logprob\": -0.30976882576942444, \"compression_ratio\": 1.5985662937164307, \"no_speech_prob\": 0.17548806965351105}, {\"id\": 15, \"seek\": 7348, \"start\": 78.72000122070312, \"end\": 79.72000122070312, \"text\": \" money for the baby.\", \"tokens\": [50626, 1460, 337, 264, 3186, 13, 50676], \"temperature\": 0.0, \"avg_logprob\": -0.30976882576942444, \"compression_ratio\": 1.5985662937164307, \"no_speech_prob\": 0.17548806965351105}, {\"id\": 16, \"seek\": 7348, \"start\": 79.72000122070312, \"end\": 80.72000122070312, \"text\": \" Why?\", \"tokens\": [50676, 1545, 30, 50726], \"temperature\": 0.0, \"avg_logprob\": -0.30976882576942444, \"compression_ratio\": 1.5985662937164307, \"no_speech_prob\": 0.17548806965351105}, {\"id\": 17, \"seek\": 7348, \"start\": 80.72000122070312, \"end\": 87.08000183105469, \"text\": \" The attractive human female has been pregnant for 141.62 hours, yet shows no signs of impregnation.\", \"tokens\": [50726, 440, 12609, 1952, 6556, 575, 668, 10435, 337, 3499, 16, 13, 28052, 2496, 11, 1939, 3110, 572, 7880, 295, 704, 3375, 77, 399, 13, 51044], \"temperature\": 0.0, \"avg_logprob\": -0.30976882576942444, \"compression_ratio\": 1.5985662937164307, \"no_speech_prob\": 0.17548806965351105}, {\"id\": 18, \"seek\": 7348, \"start\": 87.08000183105469, \"end\": 90.36000061035156, \"text\": \" Willie, you know it takes nine months, right?\", \"tokens\": [51044, 39912, 11, 291, 458, 309, 2516, 4949, 2493, 11, 558, 30, 51208], \"temperature\": 0.0, \"avg_logprob\": -0.30976882576942444, \"compression_ratio\": 1.5985662937164307, \"no_speech_prob\": 0.17548806965351105}, {\"id\": 19, \"seek\": 7348, \"start\": 90.36000061035156, \"end\": 91.36000061035156, \"text\": \" I mean, who's pregnant?\", \"tokens\": [51208, 286, 914, 11, 567, 311, 10435, 30, 51258], \"temperature\": 0.0, \"avg_logprob\": -0.30976882576942444, \"compression_ratio\": 1.5985662937164307, \"no_speech_prob\": 0.17548806965351105}, {\"id\": 20, \"seek\": 7348, \"start\": 91.36000061035156, \"end\": 92.76000213623047, \"text\": \" Nine months?\", \"tokens\": [51258, 18939, 2493, 30, 51328], \"temperature\": 0.0, \"avg_logprob\": -0.30976882576942444, \"compression_ratio\": 1.5985662937164307, \"no_speech_prob\": 0.17548806965351105}, {\"id\": 21, \"seek\": 7348, \"start\": 92.76000213623047, \"end\": 94.5199966430664, \"text\": \" Such a long time.\", \"tokens\": [51328, 9653, 257, 938, 565, 13, 51416], \"temperature\": 0.0, \"avg_logprob\": -0.30976882576942444, \"compression_ratio\": 1.5985662937164307, \"no_speech_prob\": 0.17548806965351105}, {\"id\": 22, \"seek\": 7348, \"start\": 94.5199966430664, \"end\": 96.68000030517578, \"text\": \" Yeah, Willie.\", \"tokens\": [51416, 865, 11, 39912, 13, 51524], \"temperature\": 0.0, \"avg_logprob\": -0.30976882576942444, \"compression_ratio\": 1.5985662937164307, \"no_speech_prob\": 0.17548806965351105}, {\"id\": 23, \"seek\": 7348, \"start\": 96.68000030517578, \"end\": 97.68000030517578, \"text\": \" Did you get someone pregnant?\", \"tokens\": [51524, 2589, 291, 483, 1580, 10435, 30, 51574], \"temperature\": 0.0, \"avg_logprob\": -0.30976882576942444, \"compression_ratio\": 1.5985662937164307, \"no_speech_prob\": 0.17548806965351105}, {\"id\": 24, \"seek\": 7348, \"start\": 97.68000030517578, \"end\": 98.68000030517578, \"text\": \" Affirmative, Mr. Coach.\", \"tokens\": [51574, 12840, 3692, 1166, 11, 2221, 13, 17369, 13, 51624], \"temperature\": 0.0, \"avg_logprob\": -0.30976882576942444, \"compression_ratio\": 1.5985662937164307, \"no_speech_prob\": 0.17548806965351105}, {\"id\": 25, \"seek\": 7348, \"start\": 98.68000030517578, \"end\": 99.68000030517578, \"text\": \" What are you talking about, Willie?\", \"tokens\": [51624, 708, 366, 291, 1417, 466, 11, 39912, 30, 51674], \"temperature\": 0.0, \"avg_logprob\": -0.30976882576942444, \"compression_ratio\": 1.5985662937164307, \"no_speech_prob\": 0.17548806965351105}, {\"id\": 26, \"seek\": 7348, \"start\": 99.68000030517578, \"end\": 100.68000030517578, \"text\": \" I mean, are you sure?\", \"tokens\": [51674, 286, 914, 11, 366, 291, 988, 30, 51724], \"temperature\": 0.0, \"avg_logprob\": -0.30976882576942444, \"compression_ratio\": 1.5985662937164307, \"no_speech_prob\": 0.17548806965351105}, {\"id\": 27, \"seek\": 7348, \"start\": 100.68000030517578, \"end\": 101.68000030517578, \"text\": \" Who is it?\", \"tokens\": [51724, 2102, 307, 309, 30, 51774], \"temperature\": 0.0, \"avg_logprob\": -0.30976882576942444, \"compression_ratio\": 1.5985662937164307, \"no_speech_prob\": 0.17548806965351105}, {\"id\": 28, \"seek\": 10168, \"start\": 101.68000030517578, \"end\": 102.68000030517578, \"text\": \" I am sure, Mr. Coach.\", \"tokens\": [50364, 286, 669, 988, 11, 2221, 13, 17369, 13, 50414], \"temperature\": 0.0, \"avg_logprob\": -0.27756640315055847, \"compression_ratio\": 1.5961538553237915, \"no_speech_prob\": 0.4108467996120453}, {\"id\": 29, \"seek\": 10168, \"start\": 102.68000030517578, \"end\": 103.68000030517578, \"text\": \" It is that human female.\", \"tokens\": [50414, 467, 307, 300, 1952, 6556, 13, 50464], \"temperature\": 0.0, \"avg_logprob\": -0.27756640315055847, \"compression_ratio\": 1.5961538553237915, \"no_speech_prob\": 0.4108467996120453}, {\"id\": 30, \"seek\": 10168, \"start\": 103.68000030517578, \"end\": 104.68000030517578, \"text\": \" Oh, wow.\", \"tokens\": [50464, 876, 11, 6076, 13, 50514], \"temperature\": 0.0, \"avg_logprob\": -0.27756640315055847, \"compression_ratio\": 1.5961538553237915, \"no_speech_prob\": 0.4108467996120453}, {\"id\": 31, \"seek\": 10168, \"start\": 104.68000030517578, \"end\": 105.68000030517578, \"text\": \" Oh, my God.\", \"tokens\": [50514, 876, 11, 452, 1265, 13, 50564], \"temperature\": 0.0, \"avg_logprob\": -0.27756640315055847, \"compression_ratio\": 1.5961538553237915, \"no_speech_prob\": 0.4108467996120453}, {\"id\": 32, \"seek\": 10168, \"start\": 105.68000030517578, \"end\": 106.68000030517578, \"text\": \" Okay.\", \"tokens\": [50564, 1033, 13, 50614], \"temperature\": 0.0, \"avg_logprob\": -0.27756640315055847, \"compression_ratio\": 1.5961538553237915, \"no_speech_prob\": 0.4108467996120453}, {\"id\": 33, \"seek\": 10168, \"start\": 106.68000030517578, \"end\": 107.68000030517578, \"text\": \" Wow, I can't believe it.\", \"tokens\": [50614, 3153, 11, 286, 393, 380, 1697, 309, 13, 50664], \"temperature\": 0.0, \"avg_logprob\": -0.27756640315055847, \"compression_ratio\": 1.5961538553237915, \"no_speech_prob\": 0.4108467996120453}, {\"id\": 34, \"seek\": 10168, \"start\": 107.68000030517578, \"end\": 120.63999938964844, \"text\": \" Today, we're going to work on one of the best ways to attract women, banter.\", \"tokens\": [50664, 2692, 11, 321, 434, 516, 281, 589, 322, 472, 295, 264, 1151, 2098, 281, 5049, 2266, 11, 5643, 391, 13, 51312], \"temperature\": 0.0, \"avg_logprob\": -0.27756640315055847, \"compression_ratio\": 1.5961538553237915, \"no_speech_prob\": 0.4108467996120453}, {\"id\": 35, \"seek\": 10168, \"start\": 120.63999938964844, \"end\": 123.36000061035156, \"text\": \" Banter is about being playful and having fun.\", \"tokens\": [51312, 13850, 391, 307, 466, 885, 30730, 293, 1419, 1019, 13, 51448], \"temperature\": 0.0, \"avg_logprob\": -0.27756640315055847, \"compression_ratio\": 1.5961538553237915, \"no_speech_prob\": 0.4108467996120453}, {\"id\": 36, \"seek\": 10168, \"start\": 123.36000061035156, \"end\": 127.12000274658203, \"text\": \" Flirty banter is an amazing tool because it creates humor, and humor is one of the best\", \"tokens\": [51448, 3235, 9340, 5643, 391, 307, 364, 2243, 2290, 570, 309, 7829, 14318, 11, 293, 14318, 307, 472, 295, 264, 1151, 51636], \"temperature\": 0.0, \"avg_logprob\": -0.27756640315055847, \"compression_ratio\": 1.5961538553237915, \"no_speech_prob\": 0.4108467996120453}, {\"id\": 37, \"seek\": 10168, \"start\": 127.12000274658203, \"end\": 128.55999755859375, \"text\": \" ways to attract women.\", \"tokens\": [51636, 2098, 281, 5049, 2266, 13, 51708], \"temperature\": 0.0, \"avg_logprob\": -0.27756640315055847, \"compression_ratio\": 1.5961538553237915, \"no_speech_prob\": 0.4108467996120453}, {\"id\": 38, \"seek\": 12856, \"start\": 128.55999755859375, \"end\": 135.55999755859375, \"text\": \" If you're having fun with her, she'll have fun, too.\", \"tokens\": [50364, 759, 291, 434, 1419, 1019, 365, 720, 11, 262, 675, 603, 362, 1019, 11, 886, 13, 50714], \"temperature\": 0.0, \"avg_logprob\": -0.3708644509315491, \"compression_ratio\": 1.2482270002365112, \"no_speech_prob\": 0.2876560389995575}, {\"id\": 39, \"seek\": 12856, \"start\": 135.55999755859375, \"end\": 144.55999755859375, \"text\": \" Eli, why don't you go first?\", \"tokens\": [50714, 16943, 11, 983, 500, 380, 291, 352, 700, 30, 51164], \"temperature\": 0.0, \"avg_logprob\": -0.3708644509315491, \"compression_ratio\": 1.2482270002365112, \"no_speech_prob\": 0.2876560389995575}, {\"id\": 40, \"seek\": 12856, \"start\": 144.55999755859375, \"end\": 147.55999755859375, \"text\": \" Willie, you can move.\", \"tokens\": [51164, 39912, 11, 291, 393, 1286, 13, 51314], \"temperature\": 0.0, \"avg_logprob\": -0.3708644509315491, \"compression_ratio\": 1.2482270002365112, \"no_speech_prob\": 0.2876560389995575}, {\"id\": 41, \"seek\": 12856, \"start\": 147.55999755859375, \"end\": 150.55999755859375, \"text\": \" Yes, Mr. Coach.\", \"tokens\": [51314, 1079, 11, 2221, 13, 17369, 13, 51464], \"temperature\": 0.0, \"avg_logprob\": -0.3708644509315491, \"compression_ratio\": 1.2482270002365112, \"no_speech_prob\": 0.2876560389995575}, {\"id\": 42, \"seek\": 12856, \"start\": 150.55999755859375, \"end\": 152.55999755859375, \"text\": \" Oh, hey.\", \"tokens\": [51464, 876, 11, 4177, 13, 51564], \"temperature\": 0.0, \"avg_logprob\": -0.3708644509315491, \"compression_ratio\": 1.2482270002365112, \"no_speech_prob\": 0.2876560389995575}, {\"id\": 43, \"seek\": 12856, \"start\": 152.55999755859375, \"end\": 156.55999755859375, \"text\": \" You remind me of my bratty little sister.\", \"tokens\": [51564, 509, 4160, 385, 295, 452, 47869, 874, 707, 4892, 13, 51764], \"temperature\": 0.0, \"avg_logprob\": -0.3708644509315491, \"compression_ratio\": 1.2482270002365112, \"no_speech_prob\": 0.2876560389995575}, {\"id\": 44, \"seek\": 12856, \"start\": 156.55999755859375, \"end\": 157.55999755859375, \"text\": \" What?\", \"tokens\": [51764, 708, 30, 51814], \"temperature\": 0.0, \"avg_logprob\": -0.3708644509315491, \"compression_ratio\": 1.2482270002365112, \"no_speech_prob\": 0.2876560389995575}, {\"id\": 45, \"seek\": 15756, \"start\": 157.55999755859375, \"end\": 158.55999755859375, \"text\": \" Oh, my God.\", \"tokens\": [50364, 876, 11, 452, 1265, 13, 50414], \"temperature\": 0.0, \"avg_logprob\": -0.23833082616329193, \"compression_ratio\": 1.4840182065963745, \"no_speech_prob\": 0.6439811587333679}, {\"id\": 46, \"seek\": 15756, \"start\": 158.55999755859375, \"end\": 159.55999755859375, \"text\": \" Cut it out.\", \"tokens\": [50414, 9431, 309, 484, 13, 50464], \"temperature\": 0.0, \"avg_logprob\": -0.23833082616329193, \"compression_ratio\": 1.4840182065963745, \"no_speech_prob\": 0.6439811587333679}, {\"id\": 47, \"seek\": 15756, \"start\": 159.55999755859375, \"end\": 163.55999755859375, \"text\": \" We'd always be fighting, you know, and messing around.\", \"tokens\": [50464, 492, 1116, 1009, 312, 5237, 11, 291, 458, 11, 293, 23258, 926, 13, 50664], \"temperature\": 0.0, \"avg_logprob\": -0.23833082616329193, \"compression_ratio\": 1.4840182065963745, \"no_speech_prob\": 0.6439811587333679}, {\"id\": 48, \"seek\": 15756, \"start\": 163.55999755859375, \"end\": 164.55999755859375, \"text\": \" And I'd win.\", \"tokens\": [50664, 400, 286, 1116, 1942, 13, 50714], \"temperature\": 0.0, \"avg_logprob\": -0.23833082616329193, \"compression_ratio\": 1.4840182065963745, \"no_speech_prob\": 0.6439811587333679}, {\"id\": 49, \"seek\": 15756, \"start\": 164.55999755859375, \"end\": 165.55999755859375, \"text\": \" I don't think so.\", \"tokens\": [50714, 286, 500, 380, 519, 370, 13, 50764], \"temperature\": 0.0, \"avg_logprob\": -0.23833082616329193, \"compression_ratio\": 1.4840182065963745, \"no_speech_prob\": 0.6439811587333679}, {\"id\": 50, \"seek\": 15756, \"start\": 165.55999755859375, \"end\": 169.55999755859375, \"text\": \" You'd be always bugging me to hang out with my cool older friends.\", \"tokens\": [50764, 509, 1116, 312, 1009, 7426, 3249, 385, 281, 3967, 484, 365, 452, 1627, 4906, 1855, 13, 50964], \"temperature\": 0.0, \"avg_logprob\": -0.23833082616329193, \"compression_ratio\": 1.4840182065963745, \"no_speech_prob\": 0.6439811587333679}, {\"id\": 51, \"seek\": 15756, \"start\": 169.55999755859375, \"end\": 171.55999755859375, \"text\": \" No, no way.\", \"tokens\": [50964, 883, 11, 572, 636, 13, 51064], \"temperature\": 0.0, \"avg_logprob\": -0.23833082616329193, \"compression_ratio\": 1.4840182065963745, \"no_speech_prob\": 0.6439811587333679}, {\"id\": 52, \"seek\": 15756, \"start\": 171.55999755859375, \"end\": 175.55999755859375, \"text\": \" Human female, are you attracted to my fellow student?\", \"tokens\": [51064, 10294, 6556, 11, 366, 291, 15912, 281, 452, 7177, 3107, 30, 51264], \"temperature\": 0.0, \"avg_logprob\": -0.23833082616329193, \"compression_ratio\": 1.4840182065963745, \"no_speech_prob\": 0.6439811587333679}, {\"id\": 53, \"seek\": 15756, \"start\": 175.55999755859375, \"end\": 179.55999755859375, \"text\": \" Yeah, I think she is, but I'm not interested in her.\", \"tokens\": [51264, 865, 11, 286, 519, 750, 307, 11, 457, 286, 478, 406, 3102, 294, 720, 13, 51464], \"temperature\": 0.0, \"avg_logprob\": -0.23833082616329193, \"compression_ratio\": 1.4840182065963745, \"no_speech_prob\": 0.6439811587333679}, {\"id\": 54, \"seek\": 15756, \"start\": 179.55999755859375, \"end\": 180.55999755859375, \"text\": \" Allison?\", \"tokens\": [51464, 32638, 30, 51514], \"temperature\": 0.0, \"avg_logprob\": -0.23833082616329193, \"compression_ratio\": 1.4840182065963745, \"no_speech_prob\": 0.6439811587333679}, {\"id\": 55, \"seek\": 15756, \"start\": 180.55999755859375, \"end\": 183.55999755859375, \"text\": \" Yeah, she's into me.\", \"tokens\": [51514, 865, 11, 750, 311, 666, 385, 13, 51664], \"temperature\": 0.0, \"avg_logprob\": -0.23833082616329193, \"compression_ratio\": 1.4840182065963745, \"no_speech_prob\": 0.6439811587333679}, {\"id\": 56, \"seek\": 18356, \"start\": 183.55999755859375, \"end\": 188.55999755859375, \"text\": \" Is there any way I can support you, human female?\", \"tokens\": [50364, 1119, 456, 604, 636, 286, 393, 1406, 291, 11, 1952, 6556, 30, 50614], \"temperature\": 0.0, \"avg_logprob\": -0.1752232015132904, \"compression_ratio\": 1.3414634466171265, \"no_speech_prob\": 0.024792661890387535}, {\"id\": 57, \"seek\": 18356, \"start\": 188.55999755859375, \"end\": 190.55999755859375, \"text\": \" Dude!\", \"tokens\": [50614, 12042, 0, 50714], \"temperature\": 0.0, \"avg_logprob\": -0.1752232015132904, \"compression_ratio\": 1.3414634466171265, \"no_speech_prob\": 0.024792661890387535}, {\"id\": 58, \"seek\": 18356, \"start\": 190.55999755859375, \"end\": 192.55999755859375, \"text\": \" It's my turn.\", \"tokens\": [50714, 467, 311, 452, 1261, 13, 50814], \"temperature\": 0.0, \"avg_logprob\": -0.1752232015132904, \"compression_ratio\": 1.3414634466171265, \"no_speech_prob\": 0.024792661890387535}, {\"id\": 59, \"seek\": 18356, \"start\": 192.55999755859375, \"end\": 195.55999755859375, \"text\": \" Just chill.\", \"tokens\": [50814, 1449, 11355, 13, 50964], \"temperature\": 0.0, \"avg_logprob\": -0.1752232015132904, \"compression_ratio\": 1.3414634466171265, \"no_speech_prob\": 0.024792661890387535}, {\"id\": 60, \"seek\": 18356, \"start\": 195.55999755859375, \"end\": 198.55999755859375, \"text\": \" Willie, you'll get your turn in a minute.\", \"tokens\": [50964, 39912, 11, 291, 603, 483, 428, 1261, 294, 257, 3456, 13, 51114], \"temperature\": 0.0, \"avg_logprob\": -0.1752232015132904, \"compression_ratio\": 1.3414634466171265, \"no_speech_prob\": 0.024792661890387535}, {\"id\": 61, \"seek\": 18356, \"start\": 198.55999755859375, \"end\": 208.55999755859375, \"text\": \" And see, when older guys try to hit on you, or aliens, I beat them up, too.\", \"tokens\": [51114, 400, 536, 11, 562, 4906, 1074, 853, 281, 2045, 322, 291, 11, 420, 21594, 11, 286, 4224, 552, 493, 11, 886, 13, 51614], \"temperature\": 0.0, \"avg_logprob\": -0.1752232015132904, \"compression_ratio\": 1.3414634466171265, \"no_speech_prob\": 0.024792661890387535}, {\"id\": 62, \"seek\": 18356, \"start\": 208.55999755859375, \"end\": 210.55999755859375, \"text\": \" Eli, that was great.\", \"tokens\": [51614, 16943, 11, 300, 390, 869, 13, 51714], \"temperature\": 0.0, \"avg_logprob\": -0.1752232015132904, \"compression_ratio\": 1.3414634466171265, \"no_speech_prob\": 0.024792661890387535}, {\"id\": 63, \"seek\": 21056, \"start\": 210.55999755859375, \"end\": 213.55999755859375, \"text\": \" Willie, it's your turn now.\", \"tokens\": [50364, 39912, 11, 309, 311, 428, 1261, 586, 13, 50514], \"temperature\": 0.0, \"avg_logprob\": -0.1534254252910614, \"compression_ratio\": 1.4126983880996704, \"no_speech_prob\": 0.07041957974433899}, {\"id\": 64, \"seek\": 21056, \"start\": 213.55999755859375, \"end\": 215.55999755859375, \"text\": \" Yes, Mr. Coach.\", \"tokens\": [50514, 1079, 11, 2221, 13, 17369, 13, 50614], \"temperature\": 0.0, \"avg_logprob\": -0.1534254252910614, \"compression_ratio\": 1.4126983880996704, \"no_speech_prob\": 0.07041957974433899}, {\"id\": 65, \"seek\": 21056, \"start\": 215.55999755859375, \"end\": 220.55999755859375, \"text\": \" Human female, may I inquire into your current emotional state?\", \"tokens\": [50614, 10294, 6556, 11, 815, 286, 13570, 621, 666, 428, 2190, 6863, 1785, 30, 50864], \"temperature\": 0.0, \"avg_logprob\": -0.1534254252910614, \"compression_ratio\": 1.4126983880996704, \"no_speech_prob\": 0.07041957974433899}, {\"id\": 66, \"seek\": 21056, \"start\": 220.55999755859375, \"end\": 223.55999755859375, \"text\": \" Yes, I feel fine, thank you.\", \"tokens\": [50864, 1079, 11, 286, 841, 2489, 11, 1309, 291, 13, 51014], \"temperature\": 0.0, \"avg_logprob\": -0.1534254252910614, \"compression_ratio\": 1.4126983880996704, \"no_speech_prob\": 0.07041957974433899}, {\"id\": 67, \"seek\": 21056, \"start\": 223.55999755859375, \"end\": 227.55999755859375, \"text\": \" Yes, allow me to nurture you.\", \"tokens\": [51014, 1079, 11, 2089, 385, 281, 41451, 291, 13, 51214], \"temperature\": 0.0, \"avg_logprob\": -0.1534254252910614, \"compression_ratio\": 1.4126983880996704, \"no_speech_prob\": 0.07041957974433899}, {\"id\": 68, \"seek\": 21056, \"start\": 227.55999755859375, \"end\": 229.55999755859375, \"text\": \" That's nice.\", \"tokens\": [51214, 663, 311, 1481, 13, 51314], \"temperature\": 0.0, \"avg_logprob\": -0.1534254252910614, \"compression_ratio\": 1.4126983880996704, \"no_speech_prob\": 0.07041957974433899}, {\"id\": 69, \"seek\": 21056, \"start\": 229.55999755859375, \"end\": 235.55999755859375, \"text\": \" Since you are carrying my seed, I would like to make you an offer of 15 American dollars\", \"tokens\": [51314, 4162, 291, 366, 9792, 452, 8871, 11, 286, 576, 411, 281, 652, 291, 364, 2626, 295, 2119, 2665, 3808, 51614], \"temperature\": 0.0, \"avg_logprob\": -0.1534254252910614, \"compression_ratio\": 1.4126983880996704, \"no_speech_prob\": 0.07041957974433899}, {\"id\": 70, \"seek\": 23556, \"start\": 235.55999755859375, \"end\": 240.55999755859375, \"text\": \" in order to show financial support for our offspring.\", \"tokens\": [50364, 294, 1668, 281, 855, 4669, 1406, 337, 527, 36857, 13, 50614], \"temperature\": 0.0, \"avg_logprob\": -0.20943181216716766, \"compression_ratio\": 1.5810810327529907, \"no_speech_prob\": 0.317023903131485}, {\"id\": 71, \"seek\": 23556, \"start\": 240.55999755859375, \"end\": 244.55999755859375, \"text\": \" Oh, our offspring, that's right.\", \"tokens\": [50614, 876, 11, 527, 36857, 11, 300, 311, 558, 13, 50814], \"temperature\": 0.0, \"avg_logprob\": -0.20943181216716766, \"compression_ratio\": 1.5810810327529907, \"no_speech_prob\": 0.317023903131485}, {\"id\": 72, \"seek\": 23556, \"start\": 244.55999755859375, \"end\": 248.55999755859375, \"text\": \" They're going to grow up and be so healthy and strong.\", \"tokens\": [50814, 814, 434, 516, 281, 1852, 493, 293, 312, 370, 4627, 293, 2068, 13, 51014], \"temperature\": 0.0, \"avg_logprob\": -0.20943181216716766, \"compression_ratio\": 1.5810810327529907, \"no_speech_prob\": 0.317023903131485}, {\"id\": 73, \"seek\": 23556, \"start\": 248.55999755859375, \"end\": 250.55999755859375, \"text\": \" Yes, I know.\", \"tokens\": [51014, 1079, 11, 286, 458, 13, 51114], \"temperature\": 0.0, \"avg_logprob\": -0.20943181216716766, \"compression_ratio\": 1.5810810327529907, \"no_speech_prob\": 0.317023903131485}, {\"id\": 74, \"seek\": 23556, \"start\": 250.55999755859375, \"end\": 255.55999755859375, \"text\": \" Since they are half-exinees, they will have dual citizenship.\", \"tokens\": [51114, 4162, 436, 366, 1922, 12, 3121, 533, 279, 11, 436, 486, 362, 11848, 23808, 13, 51364], \"temperature\": 0.0, \"avg_logprob\": -0.20943181216716766, \"compression_ratio\": 1.5810810327529907, \"no_speech_prob\": 0.317023903131485}, {\"id\": 75, \"seek\": 23556, \"start\": 255.55999755859375, \"end\": 257.55999755859375, \"text\": \" Okay, okay.\", \"tokens\": [51364, 1033, 11, 1392, 13, 51464], \"temperature\": 0.0, \"avg_logprob\": -0.20943181216716766, \"compression_ratio\": 1.5810810327529907, \"no_speech_prob\": 0.317023903131485}, {\"id\": 76, \"seek\": 23556, \"start\": 257.55999755859375, \"end\": 258.55999755859375, \"text\": \" Willie, that was great.\", \"tokens\": [51464, 39912, 11, 300, 390, 869, 13, 51514], \"temperature\": 0.0, \"avg_logprob\": -0.20943181216716766, \"compression_ratio\": 1.5810810327529907, \"no_speech_prob\": 0.317023903131485}, {\"id\": 77, \"seek\": 23556, \"start\": 258.55999755859375, \"end\": 262.55999755859375, \"text\": \" I love the way that you set up the role play and got her to play along and have fun with you.\", \"tokens\": [51514, 286, 959, 264, 636, 300, 291, 992, 493, 264, 3090, 862, 293, 658, 720, 281, 862, 2051, 293, 362, 1019, 365, 291, 13, 51714], \"temperature\": 0.0, \"avg_logprob\": -0.20943181216716766, \"compression_ratio\": 1.5810810327529907, \"no_speech_prob\": 0.317023903131485}, {\"id\": 78, \"seek\": 23556, \"start\": 262.55999755859375, \"end\": 264.55999755859375, \"text\": \" Yes.\", \"tokens\": [51714, 1079, 13, 51814], \"temperature\": 0.0, \"avg_logprob\": -0.20943181216716766, \"compression_ratio\": 1.5810810327529907, \"no_speech_prob\": 0.317023903131485}, {\"id\": 79, \"seek\": 26456, \"start\": 264.55999755859375, \"end\": 266.55999755859375, \"text\": \" She's a flirt anyway.\", \"tokens\": [50364, 1240, 311, 257, 40532, 4033, 13, 50464], \"temperature\": 0.0, \"avg_logprob\": -0.2703772783279419, \"compression_ratio\": 1.0232558250427246, \"no_speech_prob\": 0.01341706607490778}, {\"id\": 80, \"seek\": 26456, \"start\": 266.55999755859375, \"end\": 268.55999755859375, \"text\": \" I've got to go upstairs.\", \"tokens\": [50464, 286, 600, 658, 281, 352, 16462, 13, 50564], \"temperature\": 0.0, \"avg_logprob\": -0.2703772783279419, \"compression_ratio\": 1.0232558250427246, \"no_speech_prob\": 0.01341706607490778}, {\"id\": 81, \"seek\": 26456, \"start\": 268.55999755859375, \"end\": 270.55999755859375, \"text\": \" Oh, yeah.\", \"tokens\": [50564, 876, 11, 1338, 13, 50664], \"temperature\": 0.0, \"avg_logprob\": -0.2703772783279419, \"compression_ratio\": 1.0232558250427246, \"no_speech_prob\": 0.01341706607490778}, {\"id\": 82, \"seek\": 26456, \"start\": 274.55999755859375, \"end\": 277.55999755859375, \"text\": \" I don't know how this happened.\", \"tokens\": [50864, 286, 500, 380, 458, 577, 341, 2011, 13, 51014], \"temperature\": 0.0, \"avg_logprob\": -0.2703772783279419, \"compression_ratio\": 1.0232558250427246, \"no_speech_prob\": 0.01341706607490778}, {\"id\": 83, \"seek\": 29456, \"start\": 294.55999755859375, \"end\": 297.55999755859375, \"text\": \" I don't know how this happened.\", \"tokens\": [50364, 286, 500, 380, 458, 577, 341, 2011, 13, 50514], \"temperature\": 0.0, \"avg_logprob\": -0.5636734962463379, \"compression_ratio\": 0.837837815284729, \"no_speech_prob\": 0.9928465485572815}]}"}