{"title": "How to talk to a new partner about STDs\u2026 #datingcoach", "video_id": "HI5ZMCK4ZJg", "video_url": "https://www.youtube.com/watch?v=HI5ZMCK4ZJg", "description": "", "published_at": "2023-07-28T18:57:24Z", "channel_id": "UC0O-ohYDF4P66HW9XJ4Us8w", "channel_title": "Robbie Kramer", "tags": [], "category_id": "24", "live_broadcast_content": "none", "duration": 36.0, "dimension": "2d", "definition": "hd", "caption": "false", "view_count": 2977, "like_count": 38, "comment_count": 0, "channel_info": {"title": "Robbie Kramer", "description": "I'm Robbie Kramer \ud83c\udf99Host of The Inner Confidence Podcast & Founder of Inner Confidence, Inc.\n\nI lived an exhilarating single life filled with adventures and lessons, and ultimately achieved what I had always aspired to \u2013 finding an amazing, feminine, and loving wife. \n\nI believe my experiences provide a rare balance of wild freedom and committed love, equipping me with the insights to help you navigate the complexities of dating and relationships in today's world. Let me guide you to embrace your desires, improve your social prowess, and ultimately attract the partner who aligns with your highest aspirations.\n\nYou won\u2019t find any fluffy, new-age, or cringy stuff here, just tested, proven and actionable advice that yields results.\n\nApply to join our exclusive Inner Confidence Community of ambitious men who are actively working together to achieve their goals faster   \u25ba https://innerconfidence.com/community\n\nYou can email me at robbie@innerconfidence.com with any questions or comments.\n", "subscriber_count": "1270", "total_views": "604693", "total_videos": "470"}, "comments": [], "file_path": "/Users/aelaguiz/workspace/fc_book/audio/raws/HI5ZMCK4ZJg.mp3", "transcription": "{\"text\": \"you contracted herpes. How can guys navigate that? Great question. When I first found out I had herpes, man, I bawled my eyes out. I called a buddy and I was like, my life's, I'm never gonna have sex again. I never really looked into STDs. Like, I just wanted to learn how to be good in bed. So everyone's like, oh, well, you're a sexual educator. You should know all about this. I just didn't. I only know now because it truly affects my life. Most people don't ever want to talk about it. I've come to terms with it because like, if I'm really relaxed around a woman, I won't get an outbreak. But if I'm really stressed or maybe I don't feel like this is the person I should be with, I'll get an outbreak. And what I've realized is the women I've spoke to about this, they are so cool about it. It's the way you frame it and the way you come across and then the way you break it down with her. And that's everything. \", \"segments\": [{\"id\": 0, \"seek\": 0, \"start\": 0.0, \"end\": 1.0800000429153442, \"text\": \" you contracted herpes.\", \"tokens\": [50364, 291, 37629, 720, 5190, 13, 50418], \"temperature\": 0.0, \"avg_logprob\": -0.26938745379447937, \"compression_ratio\": 1.7380952835083008, \"no_speech_prob\": 0.43358415365219116}, {\"id\": 1, \"seek\": 0, \"start\": 1.0800000429153442, \"end\": 2.4000000953674316, \"text\": \" How can guys navigate that?\", \"tokens\": [50418, 1012, 393, 1074, 12350, 300, 30, 50484], \"temperature\": 0.0, \"avg_logprob\": -0.26938745379447937, \"compression_ratio\": 1.7380952835083008, \"no_speech_prob\": 0.43358415365219116}, {\"id\": 2, \"seek\": 0, \"start\": 2.4000000953674316, \"end\": 3.240000009536743, \"text\": \" Great question.\", \"tokens\": [50484, 3769, 1168, 13, 50526], \"temperature\": 0.0, \"avg_logprob\": -0.26938745379447937, \"compression_ratio\": 1.7380952835083008, \"no_speech_prob\": 0.43358415365219116}, {\"id\": 3, \"seek\": 0, \"start\": 3.240000009536743, \"end\": 4.71999979019165, \"text\": \" When I first found out I had herpes, man,\", \"tokens\": [50526, 1133, 286, 700, 1352, 484, 286, 632, 720, 5190, 11, 587, 11, 50600], \"temperature\": 0.0, \"avg_logprob\": -0.26938745379447937, \"compression_ratio\": 1.7380952835083008, \"no_speech_prob\": 0.43358415365219116}, {\"id\": 4, \"seek\": 0, \"start\": 4.71999979019165, \"end\": 5.679999828338623, \"text\": \" I bawled my eyes out.\", \"tokens\": [50600, 286, 40463, 1493, 452, 2575, 484, 13, 50648], \"temperature\": 0.0, \"avg_logprob\": -0.26938745379447937, \"compression_ratio\": 1.7380952835083008, \"no_speech_prob\": 0.43358415365219116}, {\"id\": 5, \"seek\": 0, \"start\": 5.679999828338623, \"end\": 6.519999980926514, \"text\": \" I called a buddy and I was like,\", \"tokens\": [50648, 286, 1219, 257, 10340, 293, 286, 390, 411, 11, 50690], \"temperature\": 0.0, \"avg_logprob\": -0.26938745379447937, \"compression_ratio\": 1.7380952835083008, \"no_speech_prob\": 0.43358415365219116}, {\"id\": 6, \"seek\": 0, \"start\": 6.519999980926514, \"end\": 8.399999618530273, \"text\": \" my life's, I'm never gonna have sex again.\", \"tokens\": [50690, 452, 993, 311, 11, 286, 478, 1128, 799, 362, 3260, 797, 13, 50784], \"temperature\": 0.0, \"avg_logprob\": -0.26938745379447937, \"compression_ratio\": 1.7380952835083008, \"no_speech_prob\": 0.43358415365219116}, {\"id\": 7, \"seek\": 0, \"start\": 8.399999618530273, \"end\": 10.0, \"text\": \" I never really looked into STDs.\", \"tokens\": [50784, 286, 1128, 534, 2956, 666, 4904, 35, 82, 13, 50864], \"temperature\": 0.0, \"avg_logprob\": -0.26938745379447937, \"compression_ratio\": 1.7380952835083008, \"no_speech_prob\": 0.43358415365219116}, {\"id\": 8, \"seek\": 0, \"start\": 10.0, \"end\": 11.199999809265137, \"text\": \" Like, I just wanted to learn how to be good in bed.\", \"tokens\": [50864, 1743, 11, 286, 445, 1415, 281, 1466, 577, 281, 312, 665, 294, 2901, 13, 50924], \"temperature\": 0.0, \"avg_logprob\": -0.26938745379447937, \"compression_ratio\": 1.7380952835083008, \"no_speech_prob\": 0.43358415365219116}, {\"id\": 9, \"seek\": 0, \"start\": 11.199999809265137, \"end\": 12.680000305175781, \"text\": \" So everyone's like, oh, well, you're a sexual educator.\", \"tokens\": [50924, 407, 1518, 311, 411, 11, 1954, 11, 731, 11, 291, 434, 257, 6701, 31237, 13, 50998], \"temperature\": 0.0, \"avg_logprob\": -0.26938745379447937, \"compression_ratio\": 1.7380952835083008, \"no_speech_prob\": 0.43358415365219116}, {\"id\": 10, \"seek\": 0, \"start\": 12.680000305175781, \"end\": 13.520000457763672, \"text\": \" You should know all about this.\", \"tokens\": [50998, 509, 820, 458, 439, 466, 341, 13, 51040], \"temperature\": 0.0, \"avg_logprob\": -0.26938745379447937, \"compression_ratio\": 1.7380952835083008, \"no_speech_prob\": 0.43358415365219116}, {\"id\": 11, \"seek\": 0, \"start\": 13.520000457763672, \"end\": 14.359999656677246, \"text\": \" I just didn't.\", \"tokens\": [51040, 286, 445, 994, 380, 13, 51082], \"temperature\": 0.0, \"avg_logprob\": -0.26938745379447937, \"compression_ratio\": 1.7380952835083008, \"no_speech_prob\": 0.43358415365219116}, {\"id\": 12, \"seek\": 0, \"start\": 14.359999656677246, \"end\": 16.239999771118164, \"text\": \" I only know now because it truly affects my life.\", \"tokens\": [51082, 286, 787, 458, 586, 570, 309, 4908, 11807, 452, 993, 13, 51176], \"temperature\": 0.0, \"avg_logprob\": -0.26938745379447937, \"compression_ratio\": 1.7380952835083008, \"no_speech_prob\": 0.43358415365219116}, {\"id\": 13, \"seek\": 0, \"start\": 16.239999771118164, \"end\": 17.920000076293945, \"text\": \" Most people don't ever want to talk about it.\", \"tokens\": [51176, 4534, 561, 500, 380, 1562, 528, 281, 751, 466, 309, 13, 51260], \"temperature\": 0.0, \"avg_logprob\": -0.26938745379447937, \"compression_ratio\": 1.7380952835083008, \"no_speech_prob\": 0.43358415365219116}, {\"id\": 14, \"seek\": 0, \"start\": 17.920000076293945, \"end\": 19.31999969482422, \"text\": \" I've come to terms with it because like,\", \"tokens\": [51260, 286, 600, 808, 281, 2115, 365, 309, 570, 411, 11, 51330], \"temperature\": 0.0, \"avg_logprob\": -0.26938745379447937, \"compression_ratio\": 1.7380952835083008, \"no_speech_prob\": 0.43358415365219116}, {\"id\": 15, \"seek\": 0, \"start\": 19.31999969482422, \"end\": 20.799999237060547, \"text\": \" if I'm really relaxed around a woman,\", \"tokens\": [51330, 498, 286, 478, 534, 14628, 926, 257, 3059, 11, 51404], \"temperature\": 0.0, \"avg_logprob\": -0.26938745379447937, \"compression_ratio\": 1.7380952835083008, \"no_speech_prob\": 0.43358415365219116}, {\"id\": 16, \"seek\": 0, \"start\": 20.799999237060547, \"end\": 21.84000015258789, \"text\": \" I won't get an outbreak.\", \"tokens\": [51404, 286, 1582, 380, 483, 364, 20963, 13, 51456], \"temperature\": 0.0, \"avg_logprob\": -0.26938745379447937, \"compression_ratio\": 1.7380952835083008, \"no_speech_prob\": 0.43358415365219116}, {\"id\": 17, \"seek\": 0, \"start\": 21.84000015258789, \"end\": 24.0, \"text\": \" But if I'm really stressed or maybe I don't feel like\", \"tokens\": [51456, 583, 498, 286, 478, 534, 14471, 420, 1310, 286, 500, 380, 841, 411, 51564], \"temperature\": 0.0, \"avg_logprob\": -0.26938745379447937, \"compression_ratio\": 1.7380952835083008, \"no_speech_prob\": 0.43358415365219116}, {\"id\": 18, \"seek\": 0, \"start\": 24.0, \"end\": 26.079999923706055, \"text\": \" this is the person I should be with, I'll get an outbreak.\", \"tokens\": [51564, 341, 307, 264, 954, 286, 820, 312, 365, 11, 286, 603, 483, 364, 20963, 13, 51668], \"temperature\": 0.0, \"avg_logprob\": -0.26938745379447937, \"compression_ratio\": 1.7380952835083008, \"no_speech_prob\": 0.43358415365219116}, {\"id\": 19, \"seek\": 2608, \"start\": 26.079999923706055, \"end\": 28.1200008392334, \"text\": \" And what I've realized is the women I've spoke to\", \"tokens\": [50364, 400, 437, 286, 600, 5334, 307, 264, 2266, 286, 600, 7179, 281, 50466], \"temperature\": 0.0, \"avg_logprob\": -0.22230641543865204, \"compression_ratio\": 1.5328466892242432, \"no_speech_prob\": 0.033056844025850296}, {\"id\": 20, \"seek\": 2608, \"start\": 28.1200008392334, \"end\": 30.0, \"text\": \" about this, they are so cool about it.\", \"tokens\": [50466, 466, 341, 11, 436, 366, 370, 1627, 466, 309, 13, 50560], \"temperature\": 0.0, \"avg_logprob\": -0.22230641543865204, \"compression_ratio\": 1.5328466892242432, \"no_speech_prob\": 0.033056844025850296}, {\"id\": 21, \"seek\": 2608, \"start\": 30.0, \"end\": 32.15999984741211, \"text\": \" It's the way you frame it and the way you come across\", \"tokens\": [50560, 467, 311, 264, 636, 291, 3920, 309, 293, 264, 636, 291, 808, 2108, 50668], \"temperature\": 0.0, \"avg_logprob\": -0.22230641543865204, \"compression_ratio\": 1.5328466892242432, \"no_speech_prob\": 0.033056844025850296}, {\"id\": 22, \"seek\": 2608, \"start\": 32.15999984741211, \"end\": 33.959999084472656, \"text\": \" and then the way you break it down with her.\", \"tokens\": [50668, 293, 550, 264, 636, 291, 1821, 309, 760, 365, 720, 13, 50758], \"temperature\": 0.0, \"avg_logprob\": -0.22230641543865204, \"compression_ratio\": 1.5328466892242432, \"no_speech_prob\": 0.033056844025850296}, {\"id\": 23, \"seek\": 2608, \"start\": 33.959999084472656, \"end\": 35.040000915527344, \"text\": \" And that's everything.\", \"tokens\": [50758, 400, 300, 311, 1203, 13, 50812], \"temperature\": 0.0, \"avg_logprob\": -0.22230641543865204, \"compression_ratio\": 1.5328466892242432, \"no_speech_prob\": 0.033056844025850296}]}"}