{"title": "Have you tried this technique guaranteed to make her O?", "video_id": "HLhtazDitog", "video_url": "https://www.youtube.com/watch?v=HLhtazDitog", "description": "", "published_at": "2023-05-02T16:10:27Z", "channel_id": "UC0O-ohYDF4P66HW9XJ4Us8w", "channel_title": "Robbie Kramer", "tags": [], "category_id": "26", "live_broadcast_content": "none", "duration": 18.0, "dimension": "2d", "definition": "hd", "caption": "false", "view_count": 31, "like_count": 1, "comment_count": 0, "channel_info": {"title": "Robbie Kramer", "description": "I'm Robbie Kramer \ud83c\udf99Host of The Inner Confidence Podcast & Founder of Inner Confidence, Inc.\n\nI lived an exhilarating single life filled with adventures and lessons, and ultimately achieved what I had always aspired to \u2013 finding an amazing, feminine, and loving wife. \n\nI believe my experiences provide a rare balance of wild freedom and committed love, equipping me with the insights to help you navigate the complexities of dating and relationships in today's world. Let me guide you to embrace your desires, improve your social prowess, and ultimately attract the partner who aligns with your highest aspirations.\n\nYou won\u2019t find any fluffy, new-age, or cringy stuff here, just tested, proven and actionable advice that yields results.\n\nApply to join our exclusive Inner Confidence Community of ambitious men who are actively working together to achieve their goals faster   \u25ba https://innerconfidence.com/community\n\nYou can email me at robbie@innerconfidence.com with any questions or comments.\n", "subscriber_count": "1270", "total_views": "604693", "total_videos": "470"}, "comments": [], "file_path": "/Users/aelaguiz/workspace/fc_book/audio/raws/HLhtazDitog.mp3", "transcription": "{\"text\": \"Remember her telling me, like, don't pull all the way out during doggy style? Hahaha! Don't pull all the way out. Do I do like the edge? You can only imagine. I don't think she can. Hahaha! That was my first sexual experience. \", \"segments\": [{\"id\": 0, \"seek\": 0, \"start\": 0.0, \"end\": 2.5799999237060547, \"text\": \" Remember her telling me, like, don't pull all the way out during doggy style?\", \"tokens\": [50364, 5459, 720, 3585, 385, 11, 411, 11, 500, 380, 2235, 439, 264, 636, 484, 1830, 3000, 1480, 3758, 30, 50493], \"temperature\": 0.4000000059604645, \"avg_logprob\": -0.4797251522541046, \"compression_ratio\": 1.4771242141723633, \"no_speech_prob\": 0.04459357634186745}, {\"id\": 1, \"seek\": 0, \"start\": 2.5799999237060547, \"end\": 4.579999923706055, \"text\": \" Hahaha!\", \"tokens\": [50493, 25122, 0, 50593], \"temperature\": 0.4000000059604645, \"avg_logprob\": -0.4797251522541046, \"compression_ratio\": 1.4771242141723633, \"no_speech_prob\": 0.04459357634186745}, {\"id\": 2, \"seek\": 0, \"start\": 4.579999923706055, \"end\": 6.579999923706055, \"text\": \" Don't pull all the way out.\", \"tokens\": [50593, 1468, 380, 2235, 439, 264, 636, 484, 13, 50693], \"temperature\": 0.4000000059604645, \"avg_logprob\": -0.4797251522541046, \"compression_ratio\": 1.4771242141723633, \"no_speech_prob\": 0.04459357634186745}, {\"id\": 3, \"seek\": 0, \"start\": 6.579999923706055, \"end\": 8.579999923706055, \"text\": \" Do I do like the edge?\", \"tokens\": [50693, 1144, 286, 360, 411, 264, 4691, 30, 50793], \"temperature\": 0.4000000059604645, \"avg_logprob\": -0.4797251522541046, \"compression_ratio\": 1.4771242141723633, \"no_speech_prob\": 0.04459357634186745}, {\"id\": 4, \"seek\": 0, \"start\": 8.579999923706055, \"end\": 10.579999923706055, \"text\": \" You can only imagine.\", \"tokens\": [50793, 509, 393, 787, 3811, 13, 50893], \"temperature\": 0.4000000059604645, \"avg_logprob\": -0.4797251522541046, \"compression_ratio\": 1.4771242141723633, \"no_speech_prob\": 0.04459357634186745}, {\"id\": 5, \"seek\": 0, \"start\": 10.579999923706055, \"end\": 12.579999923706055, \"text\": \" I don't think she can.\", \"tokens\": [50893, 286, 500, 380, 519, 750, 393, 13, 50993], \"temperature\": 0.4000000059604645, \"avg_logprob\": -0.4797251522541046, \"compression_ratio\": 1.4771242141723633, \"no_speech_prob\": 0.04459357634186745}, {\"id\": 6, \"seek\": 0, \"start\": 12.579999923706055, \"end\": 14.579999923706055, \"text\": \" Hahaha!\", \"tokens\": [50993, 25122, 0, 51093], \"temperature\": 0.4000000059604645, \"avg_logprob\": -0.4797251522541046, \"compression_ratio\": 1.4771242141723633, \"no_speech_prob\": 0.04459357634186745}, {\"id\": 7, \"seek\": 0, \"start\": 14.579999923706055, \"end\": 16.579999923706055, \"text\": \" That was my first sexual experience.\", \"tokens\": [51093, 663, 390, 452, 700, 6701, 1752, 13, 51193], \"temperature\": 0.4000000059604645, \"avg_logprob\": -0.4797251522541046, \"compression_ratio\": 1.4771242141723633, \"no_speech_prob\": 0.04459357634186745}]}"}