{"title": "How to combat flakes if you\u2019re using online dating. Don\u2019t use for women you meet IRL!", "video_id": "HmaR2cMIANs", "video_url": "https://www.youtube.com/watch?v=HmaR2cMIANs", "description": "", "published_at": "2023-05-16T02:53:15Z", "channel_id": "UC0O-ohYDF4P66HW9XJ4Us8w", "channel_title": "Robbie Kramer", "tags": [], "category_id": "24", "live_broadcast_content": "none", "duration": 40.0, "dimension": "2d", "definition": "hd", "caption": "false", "view_count": 37, "like_count": 2, "comment_count": 0, "channel_info": {"title": "Robbie Kramer", "description": "I'm Robbie Kramer \ud83c\udf99Host of The Inner Confidence Podcast & Founder of Inner Confidence, Inc.\n\nI lived an exhilarating single life filled with adventures and lessons, and ultimately achieved what I had always aspired to \u2013 finding an amazing, feminine, and loving wife. \n\nI believe my experiences provide a rare balance of wild freedom and committed love, equipping me with the insights to help you navigate the complexities of dating and relationships in today's world. Let me guide you to embrace your desires, improve your social prowess, and ultimately attract the partner who aligns with your highest aspirations.\n\nYou won\u2019t find any fluffy, new-age, or cringy stuff here, just tested, proven and actionable advice that yields results.\n\nApply to join our exclusive Inner Confidence Community of ambitious men who are actively working together to achieve their goals faster   \u25ba https://innerconfidence.com/community\n\nYou can email me at robbie@innerconfidence.com with any questions or comments.\n", "subscriber_count": "1270", "total_views": "604693", "total_videos": "470"}, "comments": [], "file_path": "/Users/aelaguiz/workspace/fc_book/audio/raws/HmaR2cMIANs.mp3", "transcription": "{\"text\": \"Another great strategy is if you're going to go on dates, double or triple book every single date because you're going to expect about a 60 to 75% flake rate. So if you triple book, odds are one will show up and then you won't end up doing nothing that night. And guys will be like, oh, that's rude to triple book and blah, blah, blah. It's not. I'm not saying directly flake on the girl. Just don't show up. Book all three and if one is definitely showing up, you just message the other girls, hey, sorry, something came up. My apologies coming to your schedule. Because women are doing that to you all the time. \", \"segments\": [{\"id\": 0, \"seek\": 0, \"start\": 0.0, \"end\": 5.840000152587891, \"text\": \" Another great strategy is if you're going to go on dates, double or triple book every single date\", \"tokens\": [50364, 3996, 869, 5206, 307, 498, 291, 434, 516, 281, 352, 322, 11691, 11, 3834, 420, 15508, 1446, 633, 2167, 4002, 50656], \"temperature\": 0.0, \"avg_logprob\": -0.2099992334842682, \"compression_ratio\": 1.6418604850769043, \"no_speech_prob\": 0.017439570277929306}, {\"id\": 1, \"seek\": 0, \"start\": 5.840000152587891, \"end\": 12.0, \"text\": \" because you're going to expect about a 60 to 75% flake rate. So if you triple book,\", \"tokens\": [50656, 570, 291, 434, 516, 281, 2066, 466, 257, 4060, 281, 9562, 4, 932, 619, 3314, 13, 407, 498, 291, 15508, 1446, 11, 50964], \"temperature\": 0.0, \"avg_logprob\": -0.2099992334842682, \"compression_ratio\": 1.6418604850769043, \"no_speech_prob\": 0.017439570277929306}, {\"id\": 2, \"seek\": 0, \"start\": 13.279999732971191, \"end\": 18.15999984741211, \"text\": \" odds are one will show up and then you won't end up doing nothing that night.\", \"tokens\": [51028, 17439, 366, 472, 486, 855, 493, 293, 550, 291, 1582, 380, 917, 493, 884, 1825, 300, 1818, 13, 51272], \"temperature\": 0.0, \"avg_logprob\": -0.2099992334842682, \"compression_ratio\": 1.6418604850769043, \"no_speech_prob\": 0.017439570277929306}, {\"id\": 3, \"seek\": 0, \"start\": 19.68000030517578, \"end\": 24.799999237060547, \"text\": \" And guys will be like, oh, that's rude to triple book and blah, blah, blah. It's not. I'm not\", \"tokens\": [51348, 400, 1074, 486, 312, 411, 11, 1954, 11, 300, 311, 18895, 281, 15508, 1446, 293, 12288, 11, 12288, 11, 12288, 13, 467, 311, 406, 13, 286, 478, 406, 51604], \"temperature\": 0.0, \"avg_logprob\": -0.2099992334842682, \"compression_ratio\": 1.6418604850769043, \"no_speech_prob\": 0.017439570277929306}, {\"id\": 4, \"seek\": 2480, \"start\": 24.799999237060547, \"end\": 32.400001525878906, \"text\": \" saying directly flake on the girl. Just don't show up. Book all three and if one is definitely\", \"tokens\": [50364, 1566, 3838, 932, 619, 322, 264, 2013, 13, 1449, 500, 380, 855, 493, 13, 9476, 439, 1045, 293, 498, 472, 307, 2138, 50744], \"temperature\": 0.0, \"avg_logprob\": -0.2938183844089508, \"compression_ratio\": 1.4971097707748413, \"no_speech_prob\": 0.2688617408275604}, {\"id\": 5, \"seek\": 2480, \"start\": 32.400001525878906, \"end\": 35.439998626708984, \"text\": \" showing up, you just message the other girls, hey, sorry, something came up. My apologies\", \"tokens\": [50744, 4099, 493, 11, 291, 445, 3636, 264, 661, 4519, 11, 4177, 11, 2597, 11, 746, 1361, 493, 13, 1222, 34929, 50896], \"temperature\": 0.0, \"avg_logprob\": -0.2938183844089508, \"compression_ratio\": 1.4971097707748413, \"no_speech_prob\": 0.2688617408275604}, {\"id\": 6, \"seek\": 2480, \"start\": 35.439998626708984, \"end\": 38.63999938964844, \"text\": \" coming to your schedule. Because women are doing that to you all the time.\", \"tokens\": [50896, 1348, 281, 428, 7567, 13, 1436, 2266, 366, 884, 300, 281, 291, 439, 264, 565, 13, 51056], \"temperature\": 0.0, \"avg_logprob\": -0.2938183844089508, \"compression_ratio\": 1.4971097707748413, \"no_speech_prob\": 0.2688617408275604}]}"}