{"title": "Is there a class you can take to become the best she's ever had?", "video_id": "HNj2WtgNxoE", "video_url": "https://www.youtube.com/watch?v=HNj2WtgNxoE", "description": "Full Episode 220 - https://innerconfidence.com/podcast/leverage-podcast/the-master-lover-method-w-james-marshall-episode-220/ \n\nThe Master Lover Method - https://www.masterlovermethod.com/secret-innerconfidence", "published_at": "2023-05-14T03:23:14Z", "channel_id": "UC0O-ohYDF4P66HW9XJ4Us8w", "channel_title": "Robbie Kramer", "tags": [], "category_id": "24", "live_broadcast_content": "none", "duration": 52.0, "dimension": "2d", "definition": "hd", "caption": "false", "view_count": 37, "like_count": 1, "comment_count": 0, "channel_info": {"title": "Robbie Kramer", "description": "I'm Robbie Kramer \ud83c\udf99Host of The Inner Confidence Podcast & Founder of Inner Confidence, Inc.\n\nI lived an exhilarating single life filled with adventures and lessons, and ultimately achieved what I had always aspired to \u2013 finding an amazing, feminine, and loving wife. \n\nI believe my experiences provide a rare balance of wild freedom and committed love, equipping me with the insights to help you navigate the complexities of dating and relationships in today's world. Let me guide you to embrace your desires, improve your social prowess, and ultimately attract the partner who aligns with your highest aspirations.\n\nYou won\u2019t find any fluffy, new-age, or cringy stuff here, just tested, proven and actionable advice that yields results.\n\nApply to join our exclusive Inner Confidence Community of ambitious men who are actively working together to achieve their goals faster   \u25ba https://innerconfidence.com/community\n\nYou can email me at robbie@innerconfidence.com with any questions or comments.\n", "subscriber_count": "1270", "total_views": "604693", "total_videos": "470"}, "comments": [], "file_path": "/Users/aelaguiz/workspace/fc_book/audio/raws/HNj2WtgNxoE.mp3", "transcription": "{\"text\": \"And so the guys, we basically stack it and layer in such a way that safe on day one, we start with some of the subtlest stuff in terms of tantric breathing, of really tuning in with your partner, syncing up your breathing and your body movements. Because a lot of the time I've had these many experiences like this back in the day, especially drunken hookups where it's kind of two people masturbating, using each other's bodies, banging and slapping against each other in a not particularly intimate or kind of coordinated way. So we start with this like attunement, being able to do simple things like, just push a woman down on a bed, get between her legs, but to actually learn ways to make that fluid, to make that like a dance, right? As opposed to two bits of meat slapping against each other. So we start with that kind of stuff. \", \"segments\": [{\"id\": 0, \"seek\": 0, \"start\": 0.0, \"end\": 3.319999933242798, \"text\": \" And so the guys, we basically stack it and layer\", \"tokens\": [50364, 400, 370, 264, 1074, 11, 321, 1936, 8630, 309, 293, 4583, 50530], \"temperature\": 0.0, \"avg_logprob\": -0.24159564077854156, \"compression_ratio\": 1.6870503425598145, \"no_speech_prob\": 0.0007610368775203824}, {\"id\": 1, \"seek\": 0, \"start\": 3.319999933242798, \"end\": 5.239999771118164, \"text\": \" in such a way that safe on day one,\", \"tokens\": [50530, 294, 1270, 257, 636, 300, 3273, 322, 786, 472, 11, 50626], \"temperature\": 0.0, \"avg_logprob\": -0.24159564077854156, \"compression_ratio\": 1.6870503425598145, \"no_speech_prob\": 0.0007610368775203824}, {\"id\": 2, \"seek\": 0, \"start\": 5.239999771118164, \"end\": 7.119999885559082, \"text\": \" we start with some of the subtlest stuff\", \"tokens\": [50626, 321, 722, 365, 512, 295, 264, 7257, 35745, 1507, 50720], \"temperature\": 0.0, \"avg_logprob\": -0.24159564077854156, \"compression_ratio\": 1.6870503425598145, \"no_speech_prob\": 0.0007610368775203824}, {\"id\": 3, \"seek\": 0, \"start\": 7.119999885559082, \"end\": 8.640000343322754, \"text\": \" in terms of tantric breathing,\", \"tokens\": [50720, 294, 2115, 295, 12095, 1341, 9570, 11, 50796], \"temperature\": 0.0, \"avg_logprob\": -0.24159564077854156, \"compression_ratio\": 1.6870503425598145, \"no_speech_prob\": 0.0007610368775203824}, {\"id\": 4, \"seek\": 0, \"start\": 8.640000343322754, \"end\": 10.800000190734863, \"text\": \" of really tuning in with your partner,\", \"tokens\": [50796, 295, 534, 15164, 294, 365, 428, 4975, 11, 50904], \"temperature\": 0.0, \"avg_logprob\": -0.24159564077854156, \"compression_ratio\": 1.6870503425598145, \"no_speech_prob\": 0.0007610368775203824}, {\"id\": 5, \"seek\": 0, \"start\": 12.15999984741211, \"end\": 14.779999732971191, \"text\": \" syncing up your breathing and your body movements.\", \"tokens\": [50972, 5451, 2175, 493, 428, 9570, 293, 428, 1772, 9981, 13, 51103], \"temperature\": 0.0, \"avg_logprob\": -0.24159564077854156, \"compression_ratio\": 1.6870503425598145, \"no_speech_prob\": 0.0007610368775203824}, {\"id\": 6, \"seek\": 0, \"start\": 14.779999732971191, \"end\": 17.959999084472656, \"text\": \" Because a lot of the time I've had these many experiences\", \"tokens\": [51103, 1436, 257, 688, 295, 264, 565, 286, 600, 632, 613, 867, 5235, 51262], \"temperature\": 0.0, \"avg_logprob\": -0.24159564077854156, \"compression_ratio\": 1.6870503425598145, \"no_speech_prob\": 0.0007610368775203824}, {\"id\": 7, \"seek\": 0, \"start\": 17.959999084472656, \"end\": 20.15999984741211, \"text\": \" like this back in the day, especially drunken hookups\", \"tokens\": [51262, 411, 341, 646, 294, 264, 786, 11, 2318, 1224, 39071, 6328, 7528, 51372], \"temperature\": 0.0, \"avg_logprob\": -0.24159564077854156, \"compression_ratio\": 1.6870503425598145, \"no_speech_prob\": 0.0007610368775203824}, {\"id\": 8, \"seek\": 0, \"start\": 20.15999984741211, \"end\": 22.68000030517578, \"text\": \" where it's kind of two people masturbating,\", \"tokens\": [51372, 689, 309, 311, 733, 295, 732, 561, 48921, 990, 11, 51498], \"temperature\": 0.0, \"avg_logprob\": -0.24159564077854156, \"compression_ratio\": 1.6870503425598145, \"no_speech_prob\": 0.0007610368775203824}, {\"id\": 9, \"seek\": 0, \"start\": 22.68000030517578, \"end\": 24.520000457763672, \"text\": \" using each other's bodies,\", \"tokens\": [51498, 1228, 1184, 661, 311, 7510, 11, 51590], \"temperature\": 0.0, \"avg_logprob\": -0.24159564077854156, \"compression_ratio\": 1.6870503425598145, \"no_speech_prob\": 0.0007610368775203824}, {\"id\": 10, \"seek\": 0, \"start\": 24.520000457763672, \"end\": 27.559999465942383, \"text\": \" banging and slapping against each other\", \"tokens\": [51590, 36982, 293, 8039, 3759, 1970, 1184, 661, 51742], \"temperature\": 0.0, \"avg_logprob\": -0.24159564077854156, \"compression_ratio\": 1.6870503425598145, \"no_speech_prob\": 0.0007610368775203824}, {\"id\": 11, \"seek\": 2756, \"start\": 27.559999465942383, \"end\": 30.860000610351562, \"text\": \" in a not particularly intimate or kind of coordinated way.\", \"tokens\": [50364, 294, 257, 406, 4098, 20215, 420, 733, 295, 29591, 636, 13, 50529], \"temperature\": 0.0, \"avg_logprob\": -0.24322211742401123, \"compression_ratio\": 1.6311111450195312, \"no_speech_prob\": 9.311158646596596e-05}, {\"id\": 12, \"seek\": 2756, \"start\": 32.68000030517578, \"end\": 34.47999954223633, \"text\": \" So we start with this like attunement,\", \"tokens\": [50620, 407, 321, 722, 365, 341, 411, 951, 409, 1712, 11, 50710], \"temperature\": 0.0, \"avg_logprob\": -0.24322211742401123, \"compression_ratio\": 1.6311111450195312, \"no_speech_prob\": 9.311158646596596e-05}, {\"id\": 13, \"seek\": 2756, \"start\": 34.47999954223633, \"end\": 37.15999984741211, \"text\": \" being able to do simple things like,\", \"tokens\": [50710, 885, 1075, 281, 360, 2199, 721, 411, 11, 50844], \"temperature\": 0.0, \"avg_logprob\": -0.24322211742401123, \"compression_ratio\": 1.6311111450195312, \"no_speech_prob\": 9.311158646596596e-05}, {\"id\": 14, \"seek\": 2756, \"start\": 37.15999984741211, \"end\": 39.540000915527344, \"text\": \" just push a woman down on a bed, get between her legs,\", \"tokens\": [50844, 445, 2944, 257, 3059, 760, 322, 257, 2901, 11, 483, 1296, 720, 5668, 11, 50963], \"temperature\": 0.0, \"avg_logprob\": -0.24322211742401123, \"compression_ratio\": 1.6311111450195312, \"no_speech_prob\": 9.311158646596596e-05}, {\"id\": 15, \"seek\": 2756, \"start\": 39.540000915527344, \"end\": 42.279998779296875, \"text\": \" but to actually learn ways to make that fluid,\", \"tokens\": [50963, 457, 281, 767, 1466, 2098, 281, 652, 300, 9113, 11, 51100], \"temperature\": 0.0, \"avg_logprob\": -0.24322211742401123, \"compression_ratio\": 1.6311111450195312, \"no_speech_prob\": 9.311158646596596e-05}, {\"id\": 16, \"seek\": 2756, \"start\": 42.279998779296875, \"end\": 46.2599983215332, \"text\": \" to make that like a dance, right?\", \"tokens\": [51100, 281, 652, 300, 411, 257, 4489, 11, 558, 30, 51299], \"temperature\": 0.0, \"avg_logprob\": -0.24322211742401123, \"compression_ratio\": 1.6311111450195312, \"no_speech_prob\": 9.311158646596596e-05}, {\"id\": 17, \"seek\": 2756, \"start\": 46.2599983215332, \"end\": 49.52000045776367, \"text\": \" As opposed to two bits of meat slapping against each other.\", \"tokens\": [51299, 1018, 8851, 281, 732, 9239, 295, 4615, 8039, 3759, 1970, 1184, 661, 13, 51462], \"temperature\": 0.0, \"avg_logprob\": -0.24322211742401123, \"compression_ratio\": 1.6311111450195312, \"no_speech_prob\": 9.311158646596596e-05}, {\"id\": 18, \"seek\": 2756, \"start\": 49.52000045776367, \"end\": 51.31999969482422, \"text\": \" So we start with that kind of stuff.\", \"tokens\": [51462, 407, 321, 722, 365, 300, 733, 295, 1507, 13, 51552], \"temperature\": 0.0, \"avg_logprob\": -0.24322211742401123, \"compression_ratio\": 1.6311111450195312, \"no_speech_prob\": 9.311158646596596e-05}]}"}