{"title": "Breaking away from the 9 to 5: Why a multifaceted approach guarantees stability.", "video_id": "HQ3F7V9zEAE", "video_url": "https://www.youtube.com/watch?v=HQ3F7V9zEAE", "description": "", "published_at": "2023-10-04T17:16:35Z", "channel_id": "UC0O-ohYDF4P66HW9XJ4Us8w", "channel_title": "Robbie Kramer", "tags": [], "category_id": "24", "live_broadcast_content": "none", "duration": 47.0, "dimension": "2d", "definition": "hd", "caption": "false", "view_count": 162, "like_count": 5, "comment_count": 0, "channel_info": {"title": "Robbie Kramer", "description": "I'm Robbie Kramer \ud83c\udf99Host of The Inner Confidence Podcast & Founder of Inner Confidence, Inc.\n\nI lived an exhilarating single life filled with adventures and lessons, and ultimately achieved what I had always aspired to \u2013 finding an amazing, feminine, and loving wife. \n\nI believe my experiences provide a rare balance of wild freedom and committed love, equipping me with the insights to help you navigate the complexities of dating and relationships in today's world. Let me guide you to embrace your desires, improve your social prowess, and ultimately attract the partner who aligns with your highest aspirations.\n\nYou won\u2019t find any fluffy, new-age, or cringy stuff here, just tested, proven and actionable advice that yields results.\n\nApply to join our exclusive Inner Confidence Community of ambitious men who are actively working together to achieve their goals faster   \u25ba https://innerconfidence.com/community\n\nYou can email me at robbie@innerconfidence.com with any questions or comments.\n", "subscriber_count": "1270", "total_views": "604693", "total_videos": "470"}, "comments": [], "file_path": "/Users/aelaguiz/workspace/fc_book/audio/raws/HQ3F7V9zEAE.mp3", "transcription": "{\"text\": \"If you're putting all your eggs in one basket, it can be a very scary day. Oh yeah. And that's why I have so many different endeavors. Yeah. Like right now, if shit hit the fan, I know I can sell two of my vehicles. You see what I'm saying? Even when it comes down to jewelry, I'll have diamonds in my necklace and my bracelets, but my watches, they're all plain Jane. So I can resell them. Cause you go to a jeweler with a bust down AP, he's not gonna want that. Because those diamonds were set customly. He might give you some money for it, but it's not gonna be what you want. I'm not saying everybody has to have more than one endeavor, but if you are not working a nine to five, so was I writing you that check every week or every two weeks? Well, you're saying it is important because if you just play the, I'm gonna be a YouTuber game and you build your YouTube to a couple of million subs and you monetize it, and then you say the wrong thing and then they shut down your YouTube, you're done, right? Cause you're a YouTuber. Like just the idea, when I heard that, I was like, YouTube. \", \"segments\": [{\"id\": 0, \"seek\": 0, \"start\": 0.0, \"end\": 2.2799999713897705, \"text\": \" If you're putting all your eggs in one basket,\", \"tokens\": [50364, 759, 291, 434, 3372, 439, 428, 6466, 294, 472, 8390, 11, 50478], \"temperature\": 0.0, \"avg_logprob\": -0.214809387922287, \"compression_ratio\": 1.6990050077438354, \"no_speech_prob\": 0.00619114562869072}, {\"id\": 1, \"seek\": 0, \"start\": 2.2799999713897705, \"end\": 3.880000114440918, \"text\": \" it can be a very scary day.\", \"tokens\": [50478, 309, 393, 312, 257, 588, 6958, 786, 13, 50558], \"temperature\": 0.0, \"avg_logprob\": -0.214809387922287, \"compression_ratio\": 1.6990050077438354, \"no_speech_prob\": 0.00619114562869072}, {\"id\": 2, \"seek\": 0, \"start\": 3.880000114440918, \"end\": 4.71999979019165, \"text\": \" Oh yeah.\", \"tokens\": [50558, 876, 1338, 13, 50600], \"temperature\": 0.0, \"avg_logprob\": -0.214809387922287, \"compression_ratio\": 1.6990050077438354, \"no_speech_prob\": 0.00619114562869072}, {\"id\": 3, \"seek\": 0, \"start\": 4.71999979019165, \"end\": 6.320000171661377, \"text\": \" And that's why I have so many different endeavors.\", \"tokens\": [50600, 400, 300, 311, 983, 286, 362, 370, 867, 819, 49608, 13, 50680], \"temperature\": 0.0, \"avg_logprob\": -0.214809387922287, \"compression_ratio\": 1.6990050077438354, \"no_speech_prob\": 0.00619114562869072}, {\"id\": 4, \"seek\": 0, \"start\": 6.320000171661377, \"end\": 7.159999847412109, \"text\": \" Yeah.\", \"tokens\": [50680, 865, 13, 50722], \"temperature\": 0.0, \"avg_logprob\": -0.214809387922287, \"compression_ratio\": 1.6990050077438354, \"no_speech_prob\": 0.00619114562869072}, {\"id\": 5, \"seek\": 0, \"start\": 7.159999847412109, \"end\": 8.15999984741211, \"text\": \" Like right now, if shit hit the fan,\", \"tokens\": [50722, 1743, 558, 586, 11, 498, 4611, 2045, 264, 3429, 11, 50772], \"temperature\": 0.0, \"avg_logprob\": -0.214809387922287, \"compression_ratio\": 1.6990050077438354, \"no_speech_prob\": 0.00619114562869072}, {\"id\": 6, \"seek\": 0, \"start\": 8.15999984741211, \"end\": 10.079999923706055, \"text\": \" I know I can sell two of my vehicles.\", \"tokens\": [50772, 286, 458, 286, 393, 3607, 732, 295, 452, 8948, 13, 50868], \"temperature\": 0.0, \"avg_logprob\": -0.214809387922287, \"compression_ratio\": 1.6990050077438354, \"no_speech_prob\": 0.00619114562869072}, {\"id\": 7, \"seek\": 0, \"start\": 10.079999923706055, \"end\": 10.920000076293945, \"text\": \" You see what I'm saying?\", \"tokens\": [50868, 509, 536, 437, 286, 478, 1566, 30, 50910], \"temperature\": 0.0, \"avg_logprob\": -0.214809387922287, \"compression_ratio\": 1.6990050077438354, \"no_speech_prob\": 0.00619114562869072}, {\"id\": 8, \"seek\": 0, \"start\": 10.920000076293945, \"end\": 12.15999984741211, \"text\": \" Even when it comes down to jewelry,\", \"tokens\": [50910, 2754, 562, 309, 1487, 760, 281, 19982, 11, 50972], \"temperature\": 0.0, \"avg_logprob\": -0.214809387922287, \"compression_ratio\": 1.6990050077438354, \"no_speech_prob\": 0.00619114562869072}, {\"id\": 9, \"seek\": 0, \"start\": 12.15999984741211, \"end\": 14.079999923706055, \"text\": \" I'll have diamonds in my necklace and my bracelets,\", \"tokens\": [50972, 286, 603, 362, 22612, 294, 452, 24563, 293, 452, 48795, 11, 51068], \"temperature\": 0.0, \"avg_logprob\": -0.214809387922287, \"compression_ratio\": 1.6990050077438354, \"no_speech_prob\": 0.00619114562869072}, {\"id\": 10, \"seek\": 0, \"start\": 14.079999923706055, \"end\": 16.0, \"text\": \" but my watches, they're all plain Jane.\", \"tokens\": [51068, 457, 452, 17062, 11, 436, 434, 439, 11121, 13048, 13, 51164], \"temperature\": 0.0, \"avg_logprob\": -0.214809387922287, \"compression_ratio\": 1.6990050077438354, \"no_speech_prob\": 0.00619114562869072}, {\"id\": 11, \"seek\": 0, \"start\": 16.0, \"end\": 16.84000015258789, \"text\": \" So I can resell them.\", \"tokens\": [51164, 407, 286, 393, 2025, 285, 552, 13, 51206], \"temperature\": 0.0, \"avg_logprob\": -0.214809387922287, \"compression_ratio\": 1.6990050077438354, \"no_speech_prob\": 0.00619114562869072}, {\"id\": 12, \"seek\": 0, \"start\": 16.84000015258789, \"end\": 18.760000228881836, \"text\": \" Cause you go to a jeweler with a bust down AP,\", \"tokens\": [51206, 10865, 291, 352, 281, 257, 13149, 6185, 365, 257, 19432, 760, 5372, 11, 51302], \"temperature\": 0.0, \"avg_logprob\": -0.214809387922287, \"compression_ratio\": 1.6990050077438354, \"no_speech_prob\": 0.00619114562869072}, {\"id\": 13, \"seek\": 0, \"start\": 18.760000228881836, \"end\": 19.600000381469727, \"text\": \" he's not gonna want that.\", \"tokens\": [51302, 415, 311, 406, 799, 528, 300, 13, 51344], \"temperature\": 0.0, \"avg_logprob\": -0.214809387922287, \"compression_ratio\": 1.6990050077438354, \"no_speech_prob\": 0.00619114562869072}, {\"id\": 14, \"seek\": 0, \"start\": 19.600000381469727, \"end\": 22.040000915527344, \"text\": \" Because those diamonds were set customly.\", \"tokens\": [51344, 1436, 729, 22612, 645, 992, 2375, 356, 13, 51466], \"temperature\": 0.0, \"avg_logprob\": -0.214809387922287, \"compression_ratio\": 1.6990050077438354, \"no_speech_prob\": 0.00619114562869072}, {\"id\": 15, \"seek\": 0, \"start\": 22.040000915527344, \"end\": 23.3799991607666, \"text\": \" He might give you some money for it,\", \"tokens\": [51466, 634, 1062, 976, 291, 512, 1460, 337, 309, 11, 51533], \"temperature\": 0.0, \"avg_logprob\": -0.214809387922287, \"compression_ratio\": 1.6990050077438354, \"no_speech_prob\": 0.00619114562869072}, {\"id\": 16, \"seek\": 0, \"start\": 23.3799991607666, \"end\": 24.520000457763672, \"text\": \" but it's not gonna be what you want.\", \"tokens\": [51533, 457, 309, 311, 406, 799, 312, 437, 291, 528, 13, 51590], \"temperature\": 0.0, \"avg_logprob\": -0.214809387922287, \"compression_ratio\": 1.6990050077438354, \"no_speech_prob\": 0.00619114562869072}, {\"id\": 17, \"seek\": 0, \"start\": 24.520000457763672, \"end\": 26.760000228881836, \"text\": \" I'm not saying everybody has to have more than one endeavor,\", \"tokens\": [51590, 286, 478, 406, 1566, 2201, 575, 281, 362, 544, 813, 472, 34975, 11, 51702], \"temperature\": 0.0, \"avg_logprob\": -0.214809387922287, \"compression_ratio\": 1.6990050077438354, \"no_speech_prob\": 0.00619114562869072}, {\"id\": 18, \"seek\": 0, \"start\": 26.760000228881836, \"end\": 29.040000915527344, \"text\": \" but if you are not working a nine to five,\", \"tokens\": [51702, 457, 498, 291, 366, 406, 1364, 257, 4949, 281, 1732, 11, 51816], \"temperature\": 0.0, \"avg_logprob\": -0.214809387922287, \"compression_ratio\": 1.6990050077438354, \"no_speech_prob\": 0.00619114562869072}, {\"id\": 19, \"seek\": 2904, \"start\": 29.040000915527344, \"end\": 30.84000015258789, \"text\": \" so was I writing you that check every week\", \"tokens\": [50364, 370, 390, 286, 3579, 291, 300, 1520, 633, 1243, 50454], \"temperature\": 0.0, \"avg_logprob\": -0.2767452895641327, \"compression_ratio\": 1.683127522468567, \"no_speech_prob\": 0.21463078260421753}, {\"id\": 20, \"seek\": 2904, \"start\": 30.84000015258789, \"end\": 31.920000076293945, \"text\": \" or every two weeks?\", \"tokens\": [50454, 420, 633, 732, 3259, 30, 50508], \"temperature\": 0.0, \"avg_logprob\": -0.2767452895641327, \"compression_ratio\": 1.683127522468567, \"no_speech_prob\": 0.21463078260421753}, {\"id\": 21, \"seek\": 2904, \"start\": 31.920000076293945, \"end\": 32.91999816894531, \"text\": \" Well, you're saying it is important\", \"tokens\": [50508, 1042, 11, 291, 434, 1566, 309, 307, 1021, 50558], \"temperature\": 0.0, \"avg_logprob\": -0.2767452895641327, \"compression_ratio\": 1.683127522468567, \"no_speech_prob\": 0.21463078260421753}, {\"id\": 22, \"seek\": 2904, \"start\": 32.91999816894531, \"end\": 34.31999969482422, \"text\": \" because if you just play the,\", \"tokens\": [50558, 570, 498, 291, 445, 862, 264, 11, 50628], \"temperature\": 0.0, \"avg_logprob\": -0.2767452895641327, \"compression_ratio\": 1.683127522468567, \"no_speech_prob\": 0.21463078260421753}, {\"id\": 23, \"seek\": 2904, \"start\": 34.31999969482422, \"end\": 35.52000045776367, \"text\": \" I'm gonna be a YouTuber game\", \"tokens\": [50628, 286, 478, 799, 312, 257, 23349, 1216, 50688], \"temperature\": 0.0, \"avg_logprob\": -0.2767452895641327, \"compression_ratio\": 1.683127522468567, \"no_speech_prob\": 0.21463078260421753}, {\"id\": 24, \"seek\": 2904, \"start\": 35.52000045776367, \"end\": 37.79999923706055, \"text\": \" and you build your YouTube to a couple of million subs\", \"tokens\": [50688, 293, 291, 1322, 428, 3088, 281, 257, 1916, 295, 2459, 2090, 50802], \"temperature\": 0.0, \"avg_logprob\": -0.2767452895641327, \"compression_ratio\": 1.683127522468567, \"no_speech_prob\": 0.21463078260421753}, {\"id\": 25, \"seek\": 2904, \"start\": 37.79999923706055, \"end\": 38.720001220703125, \"text\": \" and you monetize it,\", \"tokens\": [50802, 293, 291, 15556, 1125, 309, 11, 50848], \"temperature\": 0.0, \"avg_logprob\": -0.2767452895641327, \"compression_ratio\": 1.683127522468567, \"no_speech_prob\": 0.21463078260421753}, {\"id\": 26, \"seek\": 2904, \"start\": 38.720001220703125, \"end\": 39.880001068115234, \"text\": \" and then you say the wrong thing\", \"tokens\": [50848, 293, 550, 291, 584, 264, 2085, 551, 50906], \"temperature\": 0.0, \"avg_logprob\": -0.2767452895641327, \"compression_ratio\": 1.683127522468567, \"no_speech_prob\": 0.21463078260421753}, {\"id\": 27, \"seek\": 2904, \"start\": 39.880001068115234, \"end\": 41.15999984741211, \"text\": \" and then they shut down your YouTube,\", \"tokens\": [50906, 293, 550, 436, 5309, 760, 428, 3088, 11, 50970], \"temperature\": 0.0, \"avg_logprob\": -0.2767452895641327, \"compression_ratio\": 1.683127522468567, \"no_speech_prob\": 0.21463078260421753}, {\"id\": 28, \"seek\": 2904, \"start\": 41.15999984741211, \"end\": 42.0, \"text\": \" you're done, right?\", \"tokens\": [50970, 291, 434, 1096, 11, 558, 30, 51012], \"temperature\": 0.0, \"avg_logprob\": -0.2767452895641327, \"compression_ratio\": 1.683127522468567, \"no_speech_prob\": 0.21463078260421753}, {\"id\": 29, \"seek\": 2904, \"start\": 42.0, \"end\": 42.84000015258789, \"text\": \" Cause you're a YouTuber.\", \"tokens\": [51012, 10865, 291, 434, 257, 23349, 13, 51054], \"temperature\": 0.0, \"avg_logprob\": -0.2767452895641327, \"compression_ratio\": 1.683127522468567, \"no_speech_prob\": 0.21463078260421753}, {\"id\": 30, \"seek\": 2904, \"start\": 42.84000015258789, \"end\": 45.040000915527344, \"text\": \" Like just the idea, when I heard that,\", \"tokens\": [51054, 1743, 445, 264, 1558, 11, 562, 286, 2198, 300, 11, 51164], \"temperature\": 0.0, \"avg_logprob\": -0.2767452895641327, \"compression_ratio\": 1.683127522468567, \"no_speech_prob\": 0.21463078260421753}, {\"id\": 31, \"seek\": 2904, \"start\": 45.040000915527344, \"end\": 45.880001068115234, \"text\": \" I was like, YouTube.\", \"tokens\": [51164, 286, 390, 411, 11, 3088, 13, 51206], \"temperature\": 0.0, \"avg_logprob\": -0.2767452895641327, \"compression_ratio\": 1.683127522468567, \"no_speech_prob\": 0.21463078260421753}]}"}