{"title": "The difference between an influencer and an entrepreneur\u2026 #selfimprovement #confidencecoach", "video_id": "Hq6OIwdWM8U", "video_url": "https://www.youtube.com/watch?v=Hq6OIwdWM8U", "description": "", "published_at": "2023-09-27T22:22:40Z", "channel_id": "UC0O-ohYDF4P66HW9XJ4Us8w", "channel_title": "Robbie Kramer", "tags": [], "category_id": "24", "live_broadcast_content": "none", "duration": 47.0, "dimension": "2d", "definition": "hd", "caption": "false", "view_count": 338, "like_count": 6, "comment_count": 0, "channel_info": {"title": "Robbie Kramer", "description": "I'm Robbie Kramer \ud83c\udf99Host of The Inner Confidence Podcast & Founder of Inner Confidence, Inc.\n\nI lived an exhilarating single life filled with adventures and lessons, and ultimately achieved what I had always aspired to \u2013 finding an amazing, feminine, and loving wife. \n\nI believe my experiences provide a rare balance of wild freedom and committed love, equipping me with the insights to help you navigate the complexities of dating and relationships in today's world. Let me guide you to embrace your desires, improve your social prowess, and ultimately attract the partner who aligns with your highest aspirations.\n\nYou won\u2019t find any fluffy, new-age, or cringy stuff here, just tested, proven and actionable advice that yields results.\n\nApply to join our exclusive Inner Confidence Community of ambitious men who are actively working together to achieve their goals faster   \u25ba https://innerconfidence.com/community\n\nYou can email me at robbie@innerconfidence.com with any questions or comments.\n", "subscriber_count": "1270", "total_views": "604693", "total_videos": "470"}, "comments": [], "file_path": "/Users/aelaguiz/workspace/fc_book/audio/raws/Hq6OIwdWM8U.mp3", "transcription": "{\"text\": \"People ask me why in my bio, I say entrepreneur, not influencer. I say because there's people out here that are just content creators. They get up in the morning and they're just creating content and they're influencers. I'm an entrepreneur because I've lived many different lives. I've done many different things. I make currency many different ways, but I have an influence. If you're doing your job well as an entrepreneur, you clearly have influence. You have the ability to get people to follow whatever you're working on. People really haven't broken it down. Are you an influencer or do you have influence? Which one? It's a good distinction to make. Yeah, like if you have influence, you have the ability to master your craft and become something so great. But you're looking at Instagram, TikTok and all this stuff and you're seeing people making easy money just from their iPhones and that's what you want to do. You see what I'm saying? The allure is I get to make money doing something. \", \"segments\": [{\"id\": 0, \"seek\": 0, \"start\": 0.0, \"end\": 3.359999895095825, \"text\": \" People ask me why in my bio, I say entrepreneur, not influencer.\", \"tokens\": [50364, 3432, 1029, 385, 983, 294, 452, 12198, 11, 286, 584, 14307, 11, 406, 39503, 13, 50532], \"temperature\": 0.0, \"avg_logprob\": -0.2934298515319824, \"compression_ratio\": 1.9647436141967773, \"no_speech_prob\": 0.022260885685682297}, {\"id\": 1, \"seek\": 0, \"start\": 3.359999895095825, \"end\": 7.519999980926514, \"text\": \" I say because there's people out here that are just content creators.\", \"tokens\": [50532, 286, 584, 570, 456, 311, 561, 484, 510, 300, 366, 445, 2701, 16039, 13, 50740], \"temperature\": 0.0, \"avg_logprob\": -0.2934298515319824, \"compression_ratio\": 1.9647436141967773, \"no_speech_prob\": 0.022260885685682297}, {\"id\": 2, \"seek\": 0, \"start\": 7.519999980926514, \"end\": 11.039999961853027, \"text\": \" They get up in the morning and they're just creating content and they're influencers.\", \"tokens\": [50740, 814, 483, 493, 294, 264, 2446, 293, 436, 434, 445, 4084, 2701, 293, 436, 434, 38646, 13, 50916], \"temperature\": 0.0, \"avg_logprob\": -0.2934298515319824, \"compression_ratio\": 1.9647436141967773, \"no_speech_prob\": 0.022260885685682297}, {\"id\": 3, \"seek\": 0, \"start\": 11.039999961853027, \"end\": 13.4399995803833, \"text\": \" I'm an entrepreneur because I've lived many different lives.\", \"tokens\": [50916, 286, 478, 364, 14307, 570, 286, 600, 5152, 867, 819, 2909, 13, 51036], \"temperature\": 0.0, \"avg_logprob\": -0.2934298515319824, \"compression_ratio\": 1.9647436141967773, \"no_speech_prob\": 0.022260885685682297}, {\"id\": 4, \"seek\": 0, \"start\": 13.4399995803833, \"end\": 14.720000267028809, \"text\": \" I've done many different things.\", \"tokens\": [51036, 286, 600, 1096, 867, 819, 721, 13, 51100], \"temperature\": 0.0, \"avg_logprob\": -0.2934298515319824, \"compression_ratio\": 1.9647436141967773, \"no_speech_prob\": 0.022260885685682297}, {\"id\": 5, \"seek\": 0, \"start\": 14.720000267028809, \"end\": 18.239999771118164, \"text\": \" I make currency many different ways, but I have an influence.\", \"tokens\": [51100, 286, 652, 13346, 867, 819, 2098, 11, 457, 286, 362, 364, 6503, 13, 51276], \"temperature\": 0.0, \"avg_logprob\": -0.2934298515319824, \"compression_ratio\": 1.9647436141967773, \"no_speech_prob\": 0.022260885685682297}, {\"id\": 6, \"seek\": 0, \"start\": 18.239999771118164, \"end\": 21.15999984741211, \"text\": \" If you're doing your job well as an entrepreneur, you clearly have influence.\", \"tokens\": [51276, 759, 291, 434, 884, 428, 1691, 731, 382, 364, 14307, 11, 291, 4448, 362, 6503, 13, 51422], \"temperature\": 0.0, \"avg_logprob\": -0.2934298515319824, \"compression_ratio\": 1.9647436141967773, \"no_speech_prob\": 0.022260885685682297}, {\"id\": 7, \"seek\": 0, \"start\": 21.15999984741211, \"end\": 24.760000228881836, \"text\": \" You have the ability to get people to follow whatever you're working on.\", \"tokens\": [51422, 509, 362, 264, 3485, 281, 483, 561, 281, 1524, 2035, 291, 434, 1364, 322, 13, 51602], \"temperature\": 0.0, \"avg_logprob\": -0.2934298515319824, \"compression_ratio\": 1.9647436141967773, \"no_speech_prob\": 0.022260885685682297}, {\"id\": 8, \"seek\": 0, \"start\": 24.760000228881836, \"end\": 26.079999923706055, \"text\": \" People really haven't broken it down.\", \"tokens\": [51602, 3432, 534, 2378, 380, 5463, 309, 760, 13, 51668], \"temperature\": 0.0, \"avg_logprob\": -0.2934298515319824, \"compression_ratio\": 1.9647436141967773, \"no_speech_prob\": 0.022260885685682297}, {\"id\": 9, \"seek\": 0, \"start\": 26.079999923706055, \"end\": 28.600000381469727, \"text\": \" Are you an influencer or do you have influence?\", \"tokens\": [51668, 2014, 291, 364, 39503, 420, 360, 291, 362, 6503, 30, 51794], \"temperature\": 0.0, \"avg_logprob\": -0.2934298515319824, \"compression_ratio\": 1.9647436141967773, \"no_speech_prob\": 0.022260885685682297}, {\"id\": 10, \"seek\": 2860, \"start\": 28.600000381469727, \"end\": 29.600000381469727, \"text\": \" Which one?\", \"tokens\": [50364, 3013, 472, 30, 50414], \"temperature\": 0.0, \"avg_logprob\": -0.3016951084136963, \"compression_ratio\": 1.580246925354004, \"no_speech_prob\": 0.05260861665010452}, {\"id\": 11, \"seek\": 2860, \"start\": 29.600000381469727, \"end\": 30.600000381469727, \"text\": \" It's a good distinction to make.\", \"tokens\": [50414, 467, 311, 257, 665, 16844, 281, 652, 13, 50464], \"temperature\": 0.0, \"avg_logprob\": -0.3016951084136963, \"compression_ratio\": 1.580246925354004, \"no_speech_prob\": 0.05260861665010452}, {\"id\": 12, \"seek\": 2860, \"start\": 30.600000381469727, \"end\": 34.63999938964844, \"text\": \" Yeah, like if you have influence, you have the ability to master your craft and become\", \"tokens\": [50464, 865, 11, 411, 498, 291, 362, 6503, 11, 291, 362, 264, 3485, 281, 4505, 428, 8448, 293, 1813, 50666], \"temperature\": 0.0, \"avg_logprob\": -0.3016951084136963, \"compression_ratio\": 1.580246925354004, \"no_speech_prob\": 0.05260861665010452}, {\"id\": 13, \"seek\": 2860, \"start\": 34.63999938964844, \"end\": 35.84000015258789, \"text\": \" something so great.\", \"tokens\": [50666, 746, 370, 869, 13, 50726], \"temperature\": 0.0, \"avg_logprob\": -0.3016951084136963, \"compression_ratio\": 1.580246925354004, \"no_speech_prob\": 0.05260861665010452}, {\"id\": 14, \"seek\": 2860, \"start\": 35.84000015258789, \"end\": 39.31999969482422, \"text\": \" But you're looking at Instagram, TikTok and all this stuff and you're seeing people making\", \"tokens\": [50726, 583, 291, 434, 1237, 412, 5281, 11, 20211, 293, 439, 341, 1507, 293, 291, 434, 2577, 561, 1455, 50900], \"temperature\": 0.0, \"avg_logprob\": -0.3016951084136963, \"compression_ratio\": 1.580246925354004, \"no_speech_prob\": 0.05260861665010452}, {\"id\": 15, \"seek\": 2860, \"start\": 39.31999969482422, \"end\": 42.36000061035156, \"text\": \" easy money just from their iPhones and that's what you want to do.\", \"tokens\": [50900, 1858, 1460, 445, 490, 641, 43793, 293, 300, 311, 437, 291, 528, 281, 360, 13, 51052], \"temperature\": 0.0, \"avg_logprob\": -0.3016951084136963, \"compression_ratio\": 1.580246925354004, \"no_speech_prob\": 0.05260861665010452}, {\"id\": 16, \"seek\": 2860, \"start\": 42.36000061035156, \"end\": 43.36000061035156, \"text\": \" You see what I'm saying?\", \"tokens\": [51052, 509, 536, 437, 286, 478, 1566, 30, 51102], \"temperature\": 0.0, \"avg_logprob\": -0.3016951084136963, \"compression_ratio\": 1.580246925354004, \"no_speech_prob\": 0.05260861665010452}, {\"id\": 17, \"seek\": 2860, \"start\": 43.36000061035156, \"end\": 46.0, \"text\": \" The allure is I get to make money doing something.\", \"tokens\": [51102, 440, 439, 540, 307, 286, 483, 281, 652, 1460, 884, 746, 13, 51234], \"temperature\": 0.0, \"avg_logprob\": -0.3016951084136963, \"compression_ratio\": 1.580246925354004, \"no_speech_prob\": 0.05260861665010452}]}"}