{"title": "The true value of the equipment USA is sending to Ukraine\u2026", "video_id": "hrzwEokg5Z8", "video_url": "https://www.youtube.com/watch?v=hrzwEokg5Z8", "description": "", "published_at": "2023-08-21T20:40:16Z", "channel_id": "UC0O-ohYDF4P66HW9XJ4Us8w", "channel_title": "Robbie Kramer", "tags": [], "category_id": "24", "live_broadcast_content": "none", "duration": 35.0, "dimension": "2d", "definition": "hd", "caption": "false", "view_count": 21, "like_count": 1, "comment_count": 0, "channel_info": {"title": "Robbie Kramer", "description": "I'm Robbie Kramer \ud83c\udf99Host of The Inner Confidence Podcast & Founder of Inner Confidence, Inc.\n\nI lived an exhilarating single life filled with adventures and lessons, and ultimately achieved what I had always aspired to \u2013 finding an amazing, feminine, and loving wife. \n\nI believe my experiences provide a rare balance of wild freedom and committed love, equipping me with the insights to help you navigate the complexities of dating and relationships in today's world. Let me guide you to embrace your desires, improve your social prowess, and ultimately attract the partner who aligns with your highest aspirations.\n\nYou won\u2019t find any fluffy, new-age, or cringy stuff here, just tested, proven and actionable advice that yields results.\n\nApply to join our exclusive Inner Confidence Community of ambitious men who are actively working together to achieve their goals faster   \u25ba https://innerconfidence.com/community\n\nYou can email me at robbie@innerconfidence.com with any questions or comments.\n", "subscriber_count": "1270", "total_views": "604693", "total_videos": "470"}, "comments": [], "file_path": "/Users/aelaguiz/workspace/fc_book/audio/raws/hrzwEokg5Z8.mp3", "transcription": "{\"text\": \"Oh, we're scared Putin's gonna nuke us. It's like, come on. Exactly. So what? So all these Ukrainian soldiers, young boys that are dying, what? You don't care about them? We're thankful for what they give us. 100%. We think that they could do more, but at the same time, you know, it's the state's money. Realistically, what they give us is like old stocks. The money that's been thrown out in the news, it's not actual money. If people think America's giving state-of-the-art equipment or anything like that. Not even close. Yeah. They're giving shit that they would probably have never used or sold to... Never. It's been concentrated. Like, it's been written off. So when they tell you they send $3 billion, they sell you the MSRP. You know what I mean? Right. They're not sending you $3 billion. \", \"segments\": [{\"id\": 0, \"seek\": 0, \"start\": 0.0, \"end\": 1.600000023841858, \"text\": \" Oh, we're scared Putin's gonna nuke us.\", \"tokens\": [50364, 876, 11, 321, 434, 5338, 19818, 311, 799, 3822, 330, 505, 13, 50444], \"temperature\": 0.0, \"avg_logprob\": -0.2971266806125641, \"compression_ratio\": 1.6903553009033203, \"no_speech_prob\": 0.29583168029785156}, {\"id\": 1, \"seek\": 0, \"start\": 1.600000023841858, \"end\": 2.119999885559082, \"text\": \" It's like, come on.\", \"tokens\": [50444, 467, 311, 411, 11, 808, 322, 13, 50470], \"temperature\": 0.0, \"avg_logprob\": -0.2971266806125641, \"compression_ratio\": 1.6903553009033203, \"no_speech_prob\": 0.29583168029785156}, {\"id\": 2, \"seek\": 0, \"start\": 2.119999885559082, \"end\": 2.640000104904175, \"text\": \" Exactly.\", \"tokens\": [50470, 7587, 13, 50496], \"temperature\": 0.0, \"avg_logprob\": -0.2971266806125641, \"compression_ratio\": 1.6903553009033203, \"no_speech_prob\": 0.29583168029785156}, {\"id\": 3, \"seek\": 0, \"start\": 2.640000104904175, \"end\": 3.0399999618530273, \"text\": \" So what?\", \"tokens\": [50496, 407, 437, 30, 50516], \"temperature\": 0.0, \"avg_logprob\": -0.2971266806125641, \"compression_ratio\": 1.6903553009033203, \"no_speech_prob\": 0.29583168029785156}, {\"id\": 4, \"seek\": 0, \"start\": 3.0399999618530273, \"end\": 5.559999942779541, \"text\": \" So all these Ukrainian soldiers, young boys that are dying, what?\", \"tokens\": [50516, 407, 439, 613, 24682, 8892, 11, 2037, 6347, 300, 366, 8639, 11, 437, 30, 50642], \"temperature\": 0.0, \"avg_logprob\": -0.2971266806125641, \"compression_ratio\": 1.6903553009033203, \"no_speech_prob\": 0.29583168029785156}, {\"id\": 5, \"seek\": 0, \"start\": 5.559999942779541, \"end\": 6.320000171661377, \"text\": \" You don't care about them?\", \"tokens\": [50642, 509, 500, 380, 1127, 466, 552, 30, 50680], \"temperature\": 0.0, \"avg_logprob\": -0.2971266806125641, \"compression_ratio\": 1.6903553009033203, \"no_speech_prob\": 0.29583168029785156}, {\"id\": 6, \"seek\": 0, \"start\": 6.320000171661377, \"end\": 7.760000228881836, \"text\": \" We're thankful for what they give us.\", \"tokens\": [50680, 492, 434, 13611, 337, 437, 436, 976, 505, 13, 50752], \"temperature\": 0.0, \"avg_logprob\": -0.2971266806125641, \"compression_ratio\": 1.6903553009033203, \"no_speech_prob\": 0.29583168029785156}, {\"id\": 7, \"seek\": 0, \"start\": 7.760000228881836, \"end\": 8.5600004196167, \"text\": \" 100%.\", \"tokens\": [50752, 2319, 6856, 50792], \"temperature\": 0.0, \"avg_logprob\": -0.2971266806125641, \"compression_ratio\": 1.6903553009033203, \"no_speech_prob\": 0.29583168029785156}, {\"id\": 8, \"seek\": 0, \"start\": 8.5600004196167, \"end\": 12.239999771118164, \"text\": \" We think that they could do more, but at the same time, you know, it's the state's money.\", \"tokens\": [50792, 492, 519, 300, 436, 727, 360, 544, 11, 457, 412, 264, 912, 565, 11, 291, 458, 11, 309, 311, 264, 1785, 311, 1460, 13, 50976], \"temperature\": 0.0, \"avg_logprob\": -0.2971266806125641, \"compression_ratio\": 1.6903553009033203, \"no_speech_prob\": 0.29583168029785156}, {\"id\": 9, \"seek\": 0, \"start\": 12.239999771118164, \"end\": 14.640000343322754, \"text\": \" Realistically, what they give us is like old stocks.\", \"tokens\": [50976, 8467, 20458, 11, 437, 436, 976, 505, 307, 411, 1331, 12966, 13, 51096], \"temperature\": 0.0, \"avg_logprob\": -0.2971266806125641, \"compression_ratio\": 1.6903553009033203, \"no_speech_prob\": 0.29583168029785156}, {\"id\": 10, \"seek\": 0, \"start\": 14.640000343322754, \"end\": 17.360000610351562, \"text\": \" The money that's been thrown out in the news, it's not actual money.\", \"tokens\": [51096, 440, 1460, 300, 311, 668, 11732, 484, 294, 264, 2583, 11, 309, 311, 406, 3539, 1460, 13, 51232], \"temperature\": 0.0, \"avg_logprob\": -0.2971266806125641, \"compression_ratio\": 1.6903553009033203, \"no_speech_prob\": 0.29583168029785156}, {\"id\": 11, \"seek\": 0, \"start\": 17.360000610351562, \"end\": 20.799999237060547, \"text\": \" If people think America's giving state-of-the-art equipment or anything like that.\", \"tokens\": [51232, 759, 561, 519, 3374, 311, 2902, 1785, 12, 2670, 12, 3322, 12, 446, 5927, 420, 1340, 411, 300, 13, 51404], \"temperature\": 0.0, \"avg_logprob\": -0.2971266806125641, \"compression_ratio\": 1.6903553009033203, \"no_speech_prob\": 0.29583168029785156}, {\"id\": 12, \"seek\": 0, \"start\": 20.799999237060547, \"end\": 21.600000381469727, \"text\": \" Not even close.\", \"tokens\": [51404, 1726, 754, 1998, 13, 51444], \"temperature\": 0.0, \"avg_logprob\": -0.2971266806125641, \"compression_ratio\": 1.6903553009033203, \"no_speech_prob\": 0.29583168029785156}, {\"id\": 13, \"seek\": 0, \"start\": 21.600000381469727, \"end\": 21.84000015258789, \"text\": \" Yeah.\", \"tokens\": [51444, 865, 13, 51456], \"temperature\": 0.0, \"avg_logprob\": -0.2971266806125641, \"compression_ratio\": 1.6903553009033203, \"no_speech_prob\": 0.29583168029785156}, {\"id\": 14, \"seek\": 0, \"start\": 21.84000015258789, \"end\": 25.1200008392334, \"text\": \" They're giving shit that they would probably have never used or sold to...\", \"tokens\": [51456, 814, 434, 2902, 4611, 300, 436, 576, 1391, 362, 1128, 1143, 420, 3718, 281, 485, 51620], \"temperature\": 0.0, \"avg_logprob\": -0.2971266806125641, \"compression_ratio\": 1.6903553009033203, \"no_speech_prob\": 0.29583168029785156}, {\"id\": 15, \"seek\": 0, \"start\": 25.1200008392334, \"end\": 25.440000534057617, \"text\": \" Never.\", \"tokens\": [51620, 7344, 13, 51636], \"temperature\": 0.0, \"avg_logprob\": -0.2971266806125641, \"compression_ratio\": 1.6903553009033203, \"no_speech_prob\": 0.29583168029785156}, {\"id\": 16, \"seek\": 0, \"start\": 25.440000534057617, \"end\": 26.479999542236328, \"text\": \" It's been concentrated.\", \"tokens\": [51636, 467, 311, 668, 21321, 13, 51688], \"temperature\": 0.0, \"avg_logprob\": -0.2971266806125641, \"compression_ratio\": 1.6903553009033203, \"no_speech_prob\": 0.29583168029785156}, {\"id\": 17, \"seek\": 0, \"start\": 26.479999542236328, \"end\": 27.440000534057617, \"text\": \" Like, it's been written off.\", \"tokens\": [51688, 1743, 11, 309, 311, 668, 3720, 766, 13, 51736], \"temperature\": 0.0, \"avg_logprob\": -0.2971266806125641, \"compression_ratio\": 1.6903553009033203, \"no_speech_prob\": 0.29583168029785156}, {\"id\": 18, \"seek\": 2744, \"start\": 27.440000534057617, \"end\": 30.719999313354492, \"text\": \" So when they tell you they send $3 billion, they sell you the MSRP.\", \"tokens\": [50364, 407, 562, 436, 980, 291, 436, 2845, 1848, 18, 5218, 11, 436, 3607, 291, 264, 7395, 28516, 13, 50528], \"temperature\": 0.0, \"avg_logprob\": -0.2568111717700958, \"compression_ratio\": 1.2815533876419067, \"no_speech_prob\": 0.8593765497207642}, {\"id\": 19, \"seek\": 2744, \"start\": 30.719999313354492, \"end\": 31.520000457763672, \"text\": \" You know what I mean?\", \"tokens\": [50528, 509, 458, 437, 286, 914, 30, 50568], \"temperature\": 0.0, \"avg_logprob\": -0.2568111717700958, \"compression_ratio\": 1.2815533876419067, \"no_speech_prob\": 0.8593765497207642}, {\"id\": 20, \"seek\": 2744, \"start\": 31.520000457763672, \"end\": 32.0, \"text\": \" Right.\", \"tokens\": [50568, 1779, 13, 50592], \"temperature\": 0.0, \"avg_logprob\": -0.2568111717700958, \"compression_ratio\": 1.2815533876419067, \"no_speech_prob\": 0.8593765497207642}, {\"id\": 21, \"seek\": 2744, \"start\": 32.0, \"end\": 33.84000015258789, \"text\": \" They're not sending you $3 billion.\", \"tokens\": [50592, 814, 434, 406, 7750, 291, 1848, 18, 5218, 13, 50684], \"temperature\": 0.0, \"avg_logprob\": -0.2568111717700958, \"compression_ratio\": 1.2815533876419067, \"no_speech_prob\": 0.8593765497207642}]}"}