{"title": "Never wear these on a date!", "video_id": "I1jPCXTzl7Q", "video_url": "https://www.youtube.com/watch?v=I1jPCXTzl7Q", "description": "", "published_at": "2023-06-16T17:59:45Z", "channel_id": "UC0O-ohYDF4P66HW9XJ4Us8w", "channel_title": "Robbie Kramer", "tags": [], "category_id": "24", "live_broadcast_content": "none", "duration": 30.0, "dimension": "2d", "definition": "hd", "caption": "false", "view_count": 2531, "like_count": 50, "comment_count": 1, "channel_info": {"title": "Robbie Kramer", "description": "I'm Robbie Kramer \ud83c\udf99Host of The Inner Confidence Podcast & Founder of Inner Confidence, Inc.\n\nI lived an exhilarating single life filled with adventures and lessons, and ultimately achieved what I had always aspired to \u2013 finding an amazing, feminine, and loving wife. \n\nI believe my experiences provide a rare balance of wild freedom and committed love, equipping me with the insights to help you navigate the complexities of dating and relationships in today's world. Let me guide you to embrace your desires, improve your social prowess, and ultimately attract the partner who aligns with your highest aspirations.\n\nYou won\u2019t find any fluffy, new-age, or cringy stuff here, just tested, proven and actionable advice that yields results.\n\nApply to join our exclusive Inner Confidence Community of ambitious men who are actively working together to achieve their goals faster   \u25ba https://innerconfidence.com/community\n\nYou can email me at robbie@innerconfidence.com with any questions or comments.\n", "subscriber_count": "1270", "total_views": "604693", "total_videos": "470"}, "comments": [], "file_path": "/Users/aelaguiz/workspace/fc_book/audio/raws/I1jPCXTzl7Q.mp3", "transcription": "{\"text\": \"One time I lost a girl because I forgot to trim my toenails and I wore sandals on a date. Broken two rules there, never wear f***ing sandals on a date. I was living in San Diego, I was like by the beach, like, eh, sandals, it was just a bad look. And I didn't trim my toenails. I think nine months later, I texted her. I was like, hey, you know, just randomly, I'm trying to improve my dating life. Why did you decide to stop going out with me? Because she was into me. She was making out with me on the first date and she's like, you have really disgusting toenails. Thank you for the honesty. I trim them. You want to keep going out? She's like, no, you only get one chance to f*** it up. \", \"segments\": [{\"id\": 0, \"seek\": 0, \"start\": 0.0, \"end\": 2.5, \"text\": \" One time I lost a girl because I forgot to trim my toenails\", \"tokens\": [50364, 1485, 565, 286, 2731, 257, 2013, 570, 286, 5298, 281, 10445, 452, 29911, 6227, 50489], \"temperature\": 0.0, \"avg_logprob\": -0.2562159597873688, \"compression_ratio\": 1.830238699913025, \"no_speech_prob\": 0.011499064974486828}, {\"id\": 1, \"seek\": 0, \"start\": 2.5, \"end\": 4.5, \"text\": \" and I wore sandals on a date.\", \"tokens\": [50489, 293, 286, 13857, 4932, 1124, 322, 257, 4002, 13, 50589], \"temperature\": 0.0, \"avg_logprob\": -0.2562159597873688, \"compression_ratio\": 1.830238699913025, \"no_speech_prob\": 0.011499064974486828}, {\"id\": 2, \"seek\": 0, \"start\": 4.5, \"end\": 7.199999809265137, \"text\": \" Broken two rules there, never wear f***ing sandals on a date.\", \"tokens\": [50589, 46624, 732, 4474, 456, 11, 1128, 3728, 283, 13684, 278, 4932, 1124, 322, 257, 4002, 13, 50724], \"temperature\": 0.0, \"avg_logprob\": -0.2562159597873688, \"compression_ratio\": 1.830238699913025, \"no_speech_prob\": 0.011499064974486828}, {\"id\": 3, \"seek\": 0, \"start\": 7.199999809265137, \"end\": 9.100000381469727, \"text\": \" I was living in San Diego, I was like by the beach,\", \"tokens\": [50724, 286, 390, 2647, 294, 5271, 16377, 11, 286, 390, 411, 538, 264, 7534, 11, 50819], \"temperature\": 0.0, \"avg_logprob\": -0.2562159597873688, \"compression_ratio\": 1.830238699913025, \"no_speech_prob\": 0.011499064974486828}, {\"id\": 4, \"seek\": 0, \"start\": 9.100000381469727, \"end\": 10.899999618530273, \"text\": \" like, eh, sandals, it was just a bad look.\", \"tokens\": [50819, 411, 11, 7670, 11, 4932, 1124, 11, 309, 390, 445, 257, 1578, 574, 13, 50909], \"temperature\": 0.0, \"avg_logprob\": -0.2562159597873688, \"compression_ratio\": 1.830238699913025, \"no_speech_prob\": 0.011499064974486828}, {\"id\": 5, \"seek\": 0, \"start\": 10.899999618530273, \"end\": 12.100000381469727, \"text\": \" And I didn't trim my toenails.\", \"tokens\": [50909, 400, 286, 994, 380, 10445, 452, 29911, 6227, 13, 50969], \"temperature\": 0.0, \"avg_logprob\": -0.2562159597873688, \"compression_ratio\": 1.830238699913025, \"no_speech_prob\": 0.011499064974486828}, {\"id\": 6, \"seek\": 0, \"start\": 12.100000381469727, \"end\": 14.0, \"text\": \" I think nine months later, I texted her.\", \"tokens\": [50969, 286, 519, 4949, 2493, 1780, 11, 286, 42553, 720, 13, 51064], \"temperature\": 0.0, \"avg_logprob\": -0.2562159597873688, \"compression_ratio\": 1.830238699913025, \"no_speech_prob\": 0.011499064974486828}, {\"id\": 7, \"seek\": 0, \"start\": 14.0, \"end\": 15.5, \"text\": \" I was like, hey, you know, just randomly,\", \"tokens\": [51064, 286, 390, 411, 11, 4177, 11, 291, 458, 11, 445, 16979, 11, 51139], \"temperature\": 0.0, \"avg_logprob\": -0.2562159597873688, \"compression_ratio\": 1.830238699913025, \"no_speech_prob\": 0.011499064974486828}, {\"id\": 8, \"seek\": 0, \"start\": 15.5, \"end\": 17.0, \"text\": \" I'm trying to improve my dating life.\", \"tokens\": [51139, 286, 478, 1382, 281, 3470, 452, 10689, 993, 13, 51214], \"temperature\": 0.0, \"avg_logprob\": -0.2562159597873688, \"compression_ratio\": 1.830238699913025, \"no_speech_prob\": 0.011499064974486828}, {\"id\": 9, \"seek\": 0, \"start\": 17.0, \"end\": 18.5, \"text\": \" Why did you decide to stop going out with me?\", \"tokens\": [51214, 1545, 630, 291, 4536, 281, 1590, 516, 484, 365, 385, 30, 51289], \"temperature\": 0.0, \"avg_logprob\": -0.2562159597873688, \"compression_ratio\": 1.830238699913025, \"no_speech_prob\": 0.011499064974486828}, {\"id\": 10, \"seek\": 0, \"start\": 18.5, \"end\": 19.200000762939453, \"text\": \" Because she was into me.\", \"tokens\": [51289, 1436, 750, 390, 666, 385, 13, 51324], \"temperature\": 0.0, \"avg_logprob\": -0.2562159597873688, \"compression_ratio\": 1.830238699913025, \"no_speech_prob\": 0.011499064974486828}, {\"id\": 11, \"seek\": 0, \"start\": 19.200000762939453, \"end\": 20.799999237060547, \"text\": \" She was making out with me on the first date\", \"tokens\": [51324, 1240, 390, 1455, 484, 365, 385, 322, 264, 700, 4002, 51404], \"temperature\": 0.0, \"avg_logprob\": -0.2562159597873688, \"compression_ratio\": 1.830238699913025, \"no_speech_prob\": 0.011499064974486828}, {\"id\": 12, \"seek\": 0, \"start\": 20.799999237060547, \"end\": 23.0, \"text\": \" and she's like, you have really disgusting toenails.\", \"tokens\": [51404, 293, 750, 311, 411, 11, 291, 362, 534, 17552, 29911, 6227, 13, 51514], \"temperature\": 0.0, \"avg_logprob\": -0.2562159597873688, \"compression_ratio\": 1.830238699913025, \"no_speech_prob\": 0.011499064974486828}, {\"id\": 13, \"seek\": 0, \"start\": 23.899999618530273, \"end\": 25.100000381469727, \"text\": \" Thank you for the honesty.\", \"tokens\": [51559, 1044, 291, 337, 264, 26839, 13, 51619], \"temperature\": 0.0, \"avg_logprob\": -0.2562159597873688, \"compression_ratio\": 1.830238699913025, \"no_speech_prob\": 0.011499064974486828}, {\"id\": 14, \"seek\": 0, \"start\": 25.100000381469727, \"end\": 25.899999618530273, \"text\": \" I trim them.\", \"tokens\": [51619, 286, 10445, 552, 13, 51659], \"temperature\": 0.0, \"avg_logprob\": -0.2562159597873688, \"compression_ratio\": 1.830238699913025, \"no_speech_prob\": 0.011499064974486828}, {\"id\": 15, \"seek\": 0, \"start\": 25.899999618530273, \"end\": 27.200000762939453, \"text\": \" You want to keep going out?\", \"tokens\": [51659, 509, 528, 281, 1066, 516, 484, 30, 51724], \"temperature\": 0.0, \"avg_logprob\": -0.2562159597873688, \"compression_ratio\": 1.830238699913025, \"no_speech_prob\": 0.011499064974486828}, {\"id\": 16, \"seek\": 0, \"start\": 27.200000762939453, \"end\": 29.0, \"text\": \" She's like, no, you only get one chance to f*** it up.\", \"tokens\": [51724, 1240, 311, 411, 11, 572, 11, 291, 787, 483, 472, 2931, 281, 283, 13684, 309, 493, 13, 51814], \"temperature\": 0.0, \"avg_logprob\": -0.2562159597873688, \"compression_ratio\": 1.830238699913025, \"no_speech_prob\": 0.011499064974486828}]}"}