{"title": "What to consider before hiring a dating coach\u2026", "video_id": "i5IYk2UN9IE", "video_url": "https://www.youtube.com/watch?v=i5IYk2UN9IE", "description": "", "published_at": "2023-05-21T23:28:19Z", "channel_id": "UC0O-ohYDF4P66HW9XJ4Us8w", "channel_title": "Robbie Kramer", "tags": [], "category_id": "24", "live_broadcast_content": "none", "duration": 31.0, "dimension": "2d", "definition": "hd", "caption": "false", "view_count": 905, "like_count": 10, "comment_count": 1, "channel_info": {"title": "Robbie Kramer", "description": "I'm Robbie Kramer \ud83c\udf99Host of The Inner Confidence Podcast & Founder of Inner Confidence, Inc.\n\nI lived an exhilarating single life filled with adventures and lessons, and ultimately achieved what I had always aspired to \u2013 finding an amazing, feminine, and loving wife. \n\nI believe my experiences provide a rare balance of wild freedom and committed love, equipping me with the insights to help you navigate the complexities of dating and relationships in today's world. Let me guide you to embrace your desires, improve your social prowess, and ultimately attract the partner who aligns with your highest aspirations.\n\nYou won\u2019t find any fluffy, new-age, or cringy stuff here, just tested, proven and actionable advice that yields results.\n\nApply to join our exclusive Inner Confidence Community of ambitious men who are actively working together to achieve their goals faster   \u25ba https://innerconfidence.com/community\n\nYou can email me at robbie@innerconfidence.com with any questions or comments.\n", "subscriber_count": "1270", "total_views": "604693", "total_videos": "470"}, "comments": [], "file_path": "/Users/aelaguiz/workspace/fc_book/audio/raws/i5IYk2UN9IE.mp3", "transcription": "{\"text\": \"Until you successfully learn to communicate with women kind of all over the globe, I feel like you don't really have any business being a dating coach because you're going to bump into client situations where they're meeting a girl who's, you know, of Russian descent in Miami. You're going to treat that girl a lot differently than like the Latina Brazilian that you met. And like these guys are just trying to apply the same basic principles. It's like they're completely forgetting there's this humongous cultural thing. The way the girl was raised is going to very much contribute to how she's going to be attracted to a guy, what she's going to find interesting, and whether or not you're going to be successful. \", \"segments\": [{\"id\": 0, \"seek\": 0, \"start\": 0.0, \"end\": 5.119999885559082, \"text\": \" Until you successfully learn to communicate with women kind of all over the globe, I feel like you\", \"tokens\": [50364, 9088, 291, 10727, 1466, 281, 7890, 365, 2266, 733, 295, 439, 670, 264, 15371, 11, 286, 841, 411, 291, 50620], \"temperature\": 0.0, \"avg_logprob\": -0.21471694111824036, \"compression_ratio\": 1.727979302406311, \"no_speech_prob\": 0.022537818178534508}, {\"id\": 1, \"seek\": 0, \"start\": 5.119999885559082, \"end\": 9.279999732971191, \"text\": \" don't really have any business being a dating coach because you're going to bump into client\", \"tokens\": [50620, 500, 380, 534, 362, 604, 1606, 885, 257, 10689, 6560, 570, 291, 434, 516, 281, 9961, 666, 6423, 50828], \"temperature\": 0.0, \"avg_logprob\": -0.21471694111824036, \"compression_ratio\": 1.727979302406311, \"no_speech_prob\": 0.022537818178534508}, {\"id\": 2, \"seek\": 0, \"start\": 9.279999732971191, \"end\": 12.880000114440918, \"text\": \" situations where they're meeting a girl who's, you know, of Russian descent in Miami. You're\", \"tokens\": [50828, 6851, 689, 436, 434, 3440, 257, 2013, 567, 311, 11, 291, 458, 11, 295, 7220, 23475, 294, 18367, 13, 509, 434, 51008], \"temperature\": 0.0, \"avg_logprob\": -0.21471694111824036, \"compression_ratio\": 1.727979302406311, \"no_speech_prob\": 0.022537818178534508}, {\"id\": 3, \"seek\": 0, \"start\": 12.880000114440918, \"end\": 16.799999237060547, \"text\": \" going to treat that girl a lot differently than like the Latina Brazilian that you met. And like\", \"tokens\": [51008, 516, 281, 2387, 300, 2013, 257, 688, 7614, 813, 411, 264, 7354, 1426, 23435, 300, 291, 1131, 13, 400, 411, 51204], \"temperature\": 0.0, \"avg_logprob\": -0.21471694111824036, \"compression_ratio\": 1.727979302406311, \"no_speech_prob\": 0.022537818178534508}, {\"id\": 4, \"seek\": 0, \"start\": 16.799999237060547, \"end\": 20.079999923706055, \"text\": \" these guys are just trying to apply the same basic principles. It's like they're completely\", \"tokens\": [51204, 613, 1074, 366, 445, 1382, 281, 3079, 264, 912, 3875, 9156, 13, 467, 311, 411, 436, 434, 2584, 51368], \"temperature\": 0.0, \"avg_logprob\": -0.21471694111824036, \"compression_ratio\": 1.727979302406311, \"no_speech_prob\": 0.022537818178534508}, {\"id\": 5, \"seek\": 0, \"start\": 20.079999923706055, \"end\": 24.479999542236328, \"text\": \" forgetting there's this humongous cultural thing. The way the girl was raised is going to very much\", \"tokens\": [51368, 25428, 456, 311, 341, 1484, 556, 563, 6988, 551, 13, 440, 636, 264, 2013, 390, 6005, 307, 516, 281, 588, 709, 51588], \"temperature\": 0.0, \"avg_logprob\": -0.21471694111824036, \"compression_ratio\": 1.727979302406311, \"no_speech_prob\": 0.022537818178534508}, {\"id\": 6, \"seek\": 0, \"start\": 24.479999542236328, \"end\": 28.479999542236328, \"text\": \" contribute to how she's going to be attracted to a guy, what she's going to find interesting,\", \"tokens\": [51588, 10586, 281, 577, 750, 311, 516, 281, 312, 15912, 281, 257, 2146, 11, 437, 750, 311, 516, 281, 915, 1880, 11, 51788], \"temperature\": 0.0, \"avg_logprob\": -0.21471694111824036, \"compression_ratio\": 1.727979302406311, \"no_speech_prob\": 0.022537818178534508}, {\"id\": 7, \"seek\": 2848, \"start\": 28.479999542236328, \"end\": 30.079999923706055, \"text\": \" and whether or not you're going to be successful.\", \"tokens\": [50364, 293, 1968, 420, 406, 291, 434, 516, 281, 312, 4406, 13, 50444], \"temperature\": 0.0, \"avg_logprob\": -0.2774302363395691, \"compression_ratio\": 0.859649121761322, \"no_speech_prob\": 0.8242321610450745}]}"}