{"title": "Why this platform turned its back on the ones who made them rich.", "video_id": "ICFMN5HfNts", "video_url": "https://www.youtube.com/watch?v=ICFMN5HfNts", "description": "", "published_at": "2023-08-08T23:07:15Z", "channel_id": "UC0O-ohYDF4P66HW9XJ4Us8w", "channel_title": "Robbie Kramer", "tags": [], "category_id": "24", "live_broadcast_content": "none", "duration": 51.0, "dimension": "2d", "definition": "hd", "caption": "false", "view_count": 3221, "like_count": 48, "comment_count": 2, "channel_info": {"title": "Robbie Kramer", "description": "I'm Robbie Kramer \ud83c\udf99Host of The Inner Confidence Podcast & Founder of Inner Confidence, Inc.\n\nI lived an exhilarating single life filled with adventures and lessons, and ultimately achieved what I had always aspired to \u2013 finding an amazing, feminine, and loving wife. \n\nI believe my experiences provide a rare balance of wild freedom and committed love, equipping me with the insights to help you navigate the complexities of dating and relationships in today's world. Let me guide you to embrace your desires, improve your social prowess, and ultimately attract the partner who aligns with your highest aspirations.\n\nYou won\u2019t find any fluffy, new-age, or cringy stuff here, just tested, proven and actionable advice that yields results.\n\nApply to join our exclusive Inner Confidence Community of ambitious men who are actively working together to achieve their goals faster   \u25ba https://innerconfidence.com/community\n\nYou can email me at robbie@innerconfidence.com with any questions or comments.\n", "subscriber_count": "1270", "total_views": "604693", "total_videos": "470"}, "comments": [], "file_path": "/Users/aelaguiz/workspace/fc_book/audio/raws/ICFMN5HfNts.mp3", "transcription": "{\"text\": \"Are you having sex? Yeah, for money. I shoot, so it's for my scenes. The adult industry has changed so much. Not really about having an agent anymore or having a manager anymore. It's really more about, you know. OnlyFans? OnlyFans can shove it in their ass. I hope they hear this. I hate them. I wish that your listeners would not support that platform. They are awful. They made their success off the adult industry. As soon as they did that, they were ready to throw us to the curb, you know? Now we're back again, because they realize, holy crap, they bring in a lot of money. If you go and you Google OnlyFans complaints, you'll find over 5,000 complaints of people saying, I couldn't fight anymore for my $40, my $80, my $20. Because there's all you guys that, you know. I got my money back. It was a pathetic amount of like $110, but I fought until I got it. But there's tons of platforms out there, like LoyalFans, ManyVids, Fansly. There's a bunch of others that are there for the adult industry and they support us, so we should support them. Nobody should support OnlyFans. I remember when they tried to kill the adult sector and I'm like, that's not gonna work. That's like how you guys became huge. Like how can you? It's so fucked. \", \"segments\": [{\"id\": 0, \"seek\": 0, \"start\": 0.0, \"end\": 0.8399999737739563, \"text\": \" Are you having sex?\", \"tokens\": [50364, 2014, 291, 1419, 3260, 30, 50406], \"temperature\": 0.0, \"avg_logprob\": -0.2676178216934204, \"compression_ratio\": 1.774271845817566, \"no_speech_prob\": 0.2859638035297394}, {\"id\": 1, \"seek\": 0, \"start\": 0.8399999737739563, \"end\": 1.6799999475479126, \"text\": \" Yeah, for money.\", \"tokens\": [50406, 865, 11, 337, 1460, 13, 50448], \"temperature\": 0.0, \"avg_logprob\": -0.2676178216934204, \"compression_ratio\": 1.774271845817566, \"no_speech_prob\": 0.2859638035297394}, {\"id\": 2, \"seek\": 0, \"start\": 1.6799999475479126, \"end\": 2.640000104904175, \"text\": \" I shoot, so it's for my scenes.\", \"tokens\": [50448, 286, 3076, 11, 370, 309, 311, 337, 452, 8026, 13, 50496], \"temperature\": 0.0, \"avg_logprob\": -0.2676178216934204, \"compression_ratio\": 1.774271845817566, \"no_speech_prob\": 0.2859638035297394}, {\"id\": 3, \"seek\": 0, \"start\": 2.640000104904175, \"end\": 4.320000171661377, \"text\": \" The adult industry has changed so much.\", \"tokens\": [50496, 440, 5075, 3518, 575, 3105, 370, 709, 13, 50580], \"temperature\": 0.0, \"avg_logprob\": -0.2676178216934204, \"compression_ratio\": 1.774271845817566, \"no_speech_prob\": 0.2859638035297394}, {\"id\": 4, \"seek\": 0, \"start\": 4.320000171661377, \"end\": 6.199999809265137, \"text\": \" Not really about having an agent anymore\", \"tokens\": [50580, 1726, 534, 466, 1419, 364, 9461, 3602, 50674], \"temperature\": 0.0, \"avg_logprob\": -0.2676178216934204, \"compression_ratio\": 1.774271845817566, \"no_speech_prob\": 0.2859638035297394}, {\"id\": 5, \"seek\": 0, \"start\": 6.199999809265137, \"end\": 7.199999809265137, \"text\": \" or having a manager anymore.\", \"tokens\": [50674, 420, 1419, 257, 6598, 3602, 13, 50724], \"temperature\": 0.0, \"avg_logprob\": -0.2676178216934204, \"compression_ratio\": 1.774271845817566, \"no_speech_prob\": 0.2859638035297394}, {\"id\": 6, \"seek\": 0, \"start\": 7.199999809265137, \"end\": 8.4399995803833, \"text\": \" It's really more about, you know.\", \"tokens\": [50724, 467, 311, 534, 544, 466, 11, 291, 458, 13, 50786], \"temperature\": 0.0, \"avg_logprob\": -0.2676178216934204, \"compression_ratio\": 1.774271845817566, \"no_speech_prob\": 0.2859638035297394}, {\"id\": 7, \"seek\": 0, \"start\": 8.4399995803833, \"end\": 9.279999732971191, \"text\": \" OnlyFans?\", \"tokens\": [50786, 5686, 37, 599, 30, 50828], \"temperature\": 0.0, \"avg_logprob\": -0.2676178216934204, \"compression_ratio\": 1.774271845817566, \"no_speech_prob\": 0.2859638035297394}, {\"id\": 8, \"seek\": 0, \"start\": 9.279999732971191, \"end\": 10.520000457763672, \"text\": \" OnlyFans can shove it in their ass.\", \"tokens\": [50828, 5686, 37, 599, 393, 35648, 309, 294, 641, 1256, 13, 50890], \"temperature\": 0.0, \"avg_logprob\": -0.2676178216934204, \"compression_ratio\": 1.774271845817566, \"no_speech_prob\": 0.2859638035297394}, {\"id\": 9, \"seek\": 0, \"start\": 10.520000457763672, \"end\": 11.359999656677246, \"text\": \" I hope they hear this.\", \"tokens\": [50890, 286, 1454, 436, 1568, 341, 13, 50932], \"temperature\": 0.0, \"avg_logprob\": -0.2676178216934204, \"compression_ratio\": 1.774271845817566, \"no_speech_prob\": 0.2859638035297394}, {\"id\": 10, \"seek\": 0, \"start\": 11.359999656677246, \"end\": 12.180000305175781, \"text\": \" I hate them.\", \"tokens\": [50932, 286, 4700, 552, 13, 50973], \"temperature\": 0.0, \"avg_logprob\": -0.2676178216934204, \"compression_ratio\": 1.774271845817566, \"no_speech_prob\": 0.2859638035297394}, {\"id\": 11, \"seek\": 0, \"start\": 12.180000305175781, \"end\": 14.239999771118164, \"text\": \" I wish that your listeners would not support that platform.\", \"tokens\": [50973, 286, 3172, 300, 428, 23274, 576, 406, 1406, 300, 3663, 13, 51076], \"temperature\": 0.0, \"avg_logprob\": -0.2676178216934204, \"compression_ratio\": 1.774271845817566, \"no_speech_prob\": 0.2859638035297394}, {\"id\": 12, \"seek\": 0, \"start\": 14.239999771118164, \"end\": 15.079999923706055, \"text\": \" They are awful.\", \"tokens\": [51076, 814, 366, 11232, 13, 51118], \"temperature\": 0.0, \"avg_logprob\": -0.2676178216934204, \"compression_ratio\": 1.774271845817566, \"no_speech_prob\": 0.2859638035297394}, {\"id\": 13, \"seek\": 0, \"start\": 15.079999923706055, \"end\": 17.079999923706055, \"text\": \" They made their success off the adult industry.\", \"tokens\": [51118, 814, 1027, 641, 2245, 766, 264, 5075, 3518, 13, 51218], \"temperature\": 0.0, \"avg_logprob\": -0.2676178216934204, \"compression_ratio\": 1.774271845817566, \"no_speech_prob\": 0.2859638035297394}, {\"id\": 14, \"seek\": 0, \"start\": 17.079999923706055, \"end\": 18.079999923706055, \"text\": \" As soon as they did that,\", \"tokens\": [51218, 1018, 2321, 382, 436, 630, 300, 11, 51268], \"temperature\": 0.0, \"avg_logprob\": -0.2676178216934204, \"compression_ratio\": 1.774271845817566, \"no_speech_prob\": 0.2859638035297394}, {\"id\": 15, \"seek\": 0, \"start\": 18.079999923706055, \"end\": 19.639999389648438, \"text\": \" they were ready to throw us to the curb, you know?\", \"tokens\": [51268, 436, 645, 1919, 281, 3507, 505, 281, 264, 33731, 11, 291, 458, 30, 51346], \"temperature\": 0.0, \"avg_logprob\": -0.2676178216934204, \"compression_ratio\": 1.774271845817566, \"no_speech_prob\": 0.2859638035297394}, {\"id\": 16, \"seek\": 0, \"start\": 19.639999389648438, \"end\": 20.479999542236328, \"text\": \" Now we're back again,\", \"tokens\": [51346, 823, 321, 434, 646, 797, 11, 51388], \"temperature\": 0.0, \"avg_logprob\": -0.2676178216934204, \"compression_ratio\": 1.774271845817566, \"no_speech_prob\": 0.2859638035297394}, {\"id\": 17, \"seek\": 0, \"start\": 20.479999542236328, \"end\": 21.459999084472656, \"text\": \" because they realize, holy crap,\", \"tokens\": [51388, 570, 436, 4325, 11, 10622, 12426, 11, 51437], \"temperature\": 0.0, \"avg_logprob\": -0.2676178216934204, \"compression_ratio\": 1.774271845817566, \"no_speech_prob\": 0.2859638035297394}, {\"id\": 18, \"seek\": 0, \"start\": 21.459999084472656, \"end\": 22.399999618530273, \"text\": \" they bring in a lot of money.\", \"tokens\": [51437, 436, 1565, 294, 257, 688, 295, 1460, 13, 51484], \"temperature\": 0.0, \"avg_logprob\": -0.2676178216934204, \"compression_ratio\": 1.774271845817566, \"no_speech_prob\": 0.2859638035297394}, {\"id\": 19, \"seek\": 0, \"start\": 22.399999618530273, \"end\": 24.200000762939453, \"text\": \" If you go and you Google OnlyFans complaints,\", \"tokens\": [51484, 759, 291, 352, 293, 291, 3329, 5686, 37, 599, 19585, 11, 51574], \"temperature\": 0.0, \"avg_logprob\": -0.2676178216934204, \"compression_ratio\": 1.774271845817566, \"no_speech_prob\": 0.2859638035297394}, {\"id\": 20, \"seek\": 0, \"start\": 24.200000762939453, \"end\": 26.360000610351562, \"text\": \" you'll find over 5,000 complaints of people saying,\", \"tokens\": [51574, 291, 603, 915, 670, 1025, 11, 1360, 19585, 295, 561, 1566, 11, 51682], \"temperature\": 0.0, \"avg_logprob\": -0.2676178216934204, \"compression_ratio\": 1.774271845817566, \"no_speech_prob\": 0.2859638035297394}, {\"id\": 21, \"seek\": 0, \"start\": 26.360000610351562, \"end\": 29.200000762939453, \"text\": \" I couldn't fight anymore for my $40, my $80, my $20.\", \"tokens\": [51682, 286, 2809, 380, 2092, 3602, 337, 452, 1848, 5254, 11, 452, 1848, 4702, 11, 452, 1848, 2009, 13, 51824], \"temperature\": 0.0, \"avg_logprob\": -0.2676178216934204, \"compression_ratio\": 1.774271845817566, \"no_speech_prob\": 0.2859638035297394}, {\"id\": 22, \"seek\": 3000, \"start\": 30.1200008392334, \"end\": 31.31999969482422, \"text\": \" Because there's all you guys that, you know.\", \"tokens\": [50370, 1436, 456, 311, 439, 291, 1074, 300, 11, 291, 458, 13, 50430], \"temperature\": 0.0, \"avg_logprob\": -0.2860698103904724, \"compression_ratio\": 1.6875, \"no_speech_prob\": 0.25084570050239563}, {\"id\": 23, \"seek\": 3000, \"start\": 31.31999969482422, \"end\": 32.279998779296875, \"text\": \" I got my money back.\", \"tokens\": [50430, 286, 658, 452, 1460, 646, 13, 50478], \"temperature\": 0.0, \"avg_logprob\": -0.2860698103904724, \"compression_ratio\": 1.6875, \"no_speech_prob\": 0.25084570050239563}, {\"id\": 24, \"seek\": 3000, \"start\": 32.279998779296875, \"end\": 33.959999084472656, \"text\": \" It was a pathetic amount of like $110,\", \"tokens\": [50478, 467, 390, 257, 35506, 2372, 295, 411, 1848, 43435, 11, 50562], \"temperature\": 0.0, \"avg_logprob\": -0.2860698103904724, \"compression_ratio\": 1.6875, \"no_speech_prob\": 0.25084570050239563}, {\"id\": 25, \"seek\": 3000, \"start\": 33.959999084472656, \"end\": 34.91999816894531, \"text\": \" but I fought until I got it.\", \"tokens\": [50562, 457, 286, 11391, 1826, 286, 658, 309, 13, 50610], \"temperature\": 0.0, \"avg_logprob\": -0.2860698103904724, \"compression_ratio\": 1.6875, \"no_speech_prob\": 0.25084570050239563}, {\"id\": 26, \"seek\": 3000, \"start\": 34.91999816894531, \"end\": 36.2400016784668, \"text\": \" But there's tons of platforms out there,\", \"tokens\": [50610, 583, 456, 311, 9131, 295, 9473, 484, 456, 11, 50676], \"temperature\": 0.0, \"avg_logprob\": -0.2860698103904724, \"compression_ratio\": 1.6875, \"no_speech_prob\": 0.25084570050239563}, {\"id\": 27, \"seek\": 3000, \"start\": 36.2400016784668, \"end\": 38.2400016784668, \"text\": \" like LoyalFans, ManyVids, Fansly.\", \"tokens\": [50676, 411, 50048, 304, 37, 599, 11, 5126, 53, 3742, 11, 25065, 356, 13, 50776], \"temperature\": 0.0, \"avg_logprob\": -0.2860698103904724, \"compression_ratio\": 1.6875, \"no_speech_prob\": 0.25084570050239563}, {\"id\": 28, \"seek\": 3000, \"start\": 38.2400016784668, \"end\": 39.439998626708984, \"text\": \" There's a bunch of others that are there\", \"tokens\": [50776, 821, 311, 257, 3840, 295, 2357, 300, 366, 456, 50836], \"temperature\": 0.0, \"avg_logprob\": -0.2860698103904724, \"compression_ratio\": 1.6875, \"no_speech_prob\": 0.25084570050239563}, {\"id\": 29, \"seek\": 3000, \"start\": 39.439998626708984, \"end\": 41.0, \"text\": \" for the adult industry and they support us,\", \"tokens\": [50836, 337, 264, 5075, 3518, 293, 436, 1406, 505, 11, 50914], \"temperature\": 0.0, \"avg_logprob\": -0.2860698103904724, \"compression_ratio\": 1.6875, \"no_speech_prob\": 0.25084570050239563}, {\"id\": 30, \"seek\": 3000, \"start\": 41.0, \"end\": 41.84000015258789, \"text\": \" so we should support them.\", \"tokens\": [50914, 370, 321, 820, 1406, 552, 13, 50956], \"temperature\": 0.0, \"avg_logprob\": -0.2860698103904724, \"compression_ratio\": 1.6875, \"no_speech_prob\": 0.25084570050239563}, {\"id\": 31, \"seek\": 3000, \"start\": 41.84000015258789, \"end\": 42.84000015258789, \"text\": \" Nobody should support OnlyFans.\", \"tokens\": [50956, 9297, 820, 1406, 5686, 37, 599, 13, 51006], \"temperature\": 0.0, \"avg_logprob\": -0.2860698103904724, \"compression_ratio\": 1.6875, \"no_speech_prob\": 0.25084570050239563}, {\"id\": 32, \"seek\": 3000, \"start\": 42.84000015258789, \"end\": 45.7599983215332, \"text\": \" I remember when they tried to kill the adult sector\", \"tokens\": [51006, 286, 1604, 562, 436, 3031, 281, 1961, 264, 5075, 6977, 51152], \"temperature\": 0.0, \"avg_logprob\": -0.2860698103904724, \"compression_ratio\": 1.6875, \"no_speech_prob\": 0.25084570050239563}, {\"id\": 33, \"seek\": 3000, \"start\": 45.7599983215332, \"end\": 47.08000183105469, \"text\": \" and I'm like, that's not gonna work.\", \"tokens\": [51152, 293, 286, 478, 411, 11, 300, 311, 406, 799, 589, 13, 51218], \"temperature\": 0.0, \"avg_logprob\": -0.2860698103904724, \"compression_ratio\": 1.6875, \"no_speech_prob\": 0.25084570050239563}, {\"id\": 34, \"seek\": 3000, \"start\": 47.08000183105469, \"end\": 48.63999938964844, \"text\": \" That's like how you guys became huge.\", \"tokens\": [51218, 663, 311, 411, 577, 291, 1074, 3062, 2603, 13, 51296], \"temperature\": 0.0, \"avg_logprob\": -0.2860698103904724, \"compression_ratio\": 1.6875, \"no_speech_prob\": 0.25084570050239563}, {\"id\": 35, \"seek\": 3000, \"start\": 48.63999938964844, \"end\": 49.47999954223633, \"text\": \" Like how can you?\", \"tokens\": [51296, 1743, 577, 393, 291, 30, 51338], \"temperature\": 0.0, \"avg_logprob\": -0.2860698103904724, \"compression_ratio\": 1.6875, \"no_speech_prob\": 0.25084570050239563}, {\"id\": 36, \"seek\": 3000, \"start\": 49.47999954223633, \"end\": 50.31999969482422, \"text\": \" It's so fucked.\", \"tokens\": [51338, 467, 311, 370, 22518, 13, 51380], \"temperature\": 0.0, \"avg_logprob\": -0.2860698103904724, \"compression_ratio\": 1.6875, \"no_speech_prob\": 0.25084570050239563}]}"}