{"title": "Goofy vs. Funny + Sexy", "video_id": "iFUGp5ZZzlo", "video_url": "https://www.youtube.com/watch?v=iFUGp5ZZzlo", "description": "", "published_at": "2023-04-26T17:56:12Z", "channel_id": "UC0O-ohYDF4P66HW9XJ4Us8w", "channel_title": "Robbie Kramer", "tags": [], "category_id": "26", "live_broadcast_content": "none", "duration": 18.0, "dimension": "2d", "definition": "hd", "caption": "false", "view_count": 18, "like_count": 0, "comment_count": 0, "channel_info": {"title": "Robbie Kramer", "description": "I'm Robbie Kramer \ud83c\udf99Host of The Inner Confidence Podcast & Founder of Inner Confidence, Inc.\n\nI lived an exhilarating single life filled with adventures and lessons, and ultimately achieved what I had always aspired to \u2013 finding an amazing, feminine, and loving wife. \n\nI believe my experiences provide a rare balance of wild freedom and committed love, equipping me with the insights to help you navigate the complexities of dating and relationships in today's world. Let me guide you to embrace your desires, improve your social prowess, and ultimately attract the partner who aligns with your highest aspirations.\n\nYou won\u2019t find any fluffy, new-age, or cringy stuff here, just tested, proven and actionable advice that yields results.\n\nApply to join our exclusive Inner Confidence Community of ambitious men who are actively working together to achieve their goals faster   \u25ba https://innerconfidence.com/community\n\nYou can email me at robbie@innerconfidence.com with any questions or comments.\n", "subscriber_count": "1270", "total_views": "604693", "total_videos": "470"}, "comments": [], "file_path": "/Users/aelaguiz/workspace/fc_book/audio/raws/iFUGp5ZZzlo.mp3", "transcription": "{\"text\": \"You have things handled. You're smart, you're effective, and you know how to make me feel safe and comfortable because that's what humor does. That is the theory of relativity for making women horny. It is. That's why Chris Farley isn't sexy. That's why John Candy isn't sexy. Being a goofball and just cutting up and being visual humor doesn't make women horny. Now there's complexity. \", \"segments\": [{\"id\": 0, \"seek\": 0, \"start\": 0.0, \"end\": 0.8799999952316284, \"text\": \" You have things handled.\", \"tokens\": [50364, 509, 362, 721, 18033, 13, 50408], \"temperature\": 0.0, \"avg_logprob\": -0.23020149767398834, \"compression_ratio\": 1.6425532102584839, \"no_speech_prob\": 0.042627666145563126}, {\"id\": 1, \"seek\": 0, \"start\": 0.8799999952316284, \"end\": 2.200000047683716, \"text\": \" You're smart, you're effective,\", \"tokens\": [50408, 509, 434, 4069, 11, 291, 434, 4942, 11, 50474], \"temperature\": 0.0, \"avg_logprob\": -0.23020149767398834, \"compression_ratio\": 1.6425532102584839, \"no_speech_prob\": 0.042627666145563126}, {\"id\": 2, \"seek\": 0, \"start\": 2.200000047683716, \"end\": 3.799999952316284, \"text\": \" and you know how to make me feel safe and comfortable\", \"tokens\": [50474, 293, 291, 458, 577, 281, 652, 385, 841, 3273, 293, 4619, 50554], \"temperature\": 0.0, \"avg_logprob\": -0.23020149767398834, \"compression_ratio\": 1.6425532102584839, \"no_speech_prob\": 0.042627666145563126}, {\"id\": 3, \"seek\": 0, \"start\": 3.799999952316284, \"end\": 4.800000190734863, \"text\": \" because that's what humor does.\", \"tokens\": [50554, 570, 300, 311, 437, 14318, 775, 13, 50604], \"temperature\": 0.0, \"avg_logprob\": -0.23020149767398834, \"compression_ratio\": 1.6425532102584839, \"no_speech_prob\": 0.042627666145563126}, {\"id\": 4, \"seek\": 0, \"start\": 4.800000190734863, \"end\": 8.15999984741211, \"text\": \" That is the theory of relativity for making women horny.\", \"tokens\": [50604, 663, 307, 264, 5261, 295, 45675, 337, 1455, 2266, 2569, 1634, 13, 50772], \"temperature\": 0.0, \"avg_logprob\": -0.23020149767398834, \"compression_ratio\": 1.6425532102584839, \"no_speech_prob\": 0.042627666145563126}, {\"id\": 5, \"seek\": 0, \"start\": 8.15999984741211, \"end\": 8.979999542236328, \"text\": \" It is.\", \"tokens\": [50772, 467, 307, 13, 50813], \"temperature\": 0.0, \"avg_logprob\": -0.23020149767398834, \"compression_ratio\": 1.6425532102584839, \"no_speech_prob\": 0.042627666145563126}, {\"id\": 6, \"seek\": 0, \"start\": 8.979999542236328, \"end\": 10.5600004196167, \"text\": \" That's why Chris Farley isn't sexy.\", \"tokens\": [50813, 663, 311, 983, 6688, 9067, 3420, 1943, 380, 13701, 13, 50892], \"temperature\": 0.0, \"avg_logprob\": -0.23020149767398834, \"compression_ratio\": 1.6425532102584839, \"no_speech_prob\": 0.042627666145563126}, {\"id\": 7, \"seek\": 0, \"start\": 10.5600004196167, \"end\": 12.079999923706055, \"text\": \" That's why John Candy isn't sexy.\", \"tokens\": [50892, 663, 311, 983, 2619, 31470, 1943, 380, 13701, 13, 50968], \"temperature\": 0.0, \"avg_logprob\": -0.23020149767398834, \"compression_ratio\": 1.6425532102584839, \"no_speech_prob\": 0.042627666145563126}, {\"id\": 8, \"seek\": 0, \"start\": 12.079999923706055, \"end\": 13.720000267028809, \"text\": \" Being a goofball and just cutting up\", \"tokens\": [50968, 8891, 257, 30356, 3129, 293, 445, 6492, 493, 51050], \"temperature\": 0.0, \"avg_logprob\": -0.23020149767398834, \"compression_ratio\": 1.6425532102584839, \"no_speech_prob\": 0.042627666145563126}, {\"id\": 9, \"seek\": 0, \"start\": 13.720000267028809, \"end\": 16.079999923706055, \"text\": \" and being visual humor doesn't make women horny.\", \"tokens\": [51050, 293, 885, 5056, 14318, 1177, 380, 652, 2266, 2569, 1634, 13, 51168], \"temperature\": 0.0, \"avg_logprob\": -0.23020149767398834, \"compression_ratio\": 1.6425532102584839, \"no_speech_prob\": 0.042627666145563126}, {\"id\": 10, \"seek\": 0, \"start\": 16.079999923706055, \"end\": 17.15999984741211, \"text\": \" Now there's complexity.\", \"tokens\": [51168, 823, 456, 311, 14024, 13, 51222], \"temperature\": 0.0, \"avg_logprob\": -0.23020149767398834, \"compression_ratio\": 1.6425532102584839, \"no_speech_prob\": 0.042627666145563126}]}"}