{"title": "How To Be A Master Lover - for more watch episode 220", "video_id": "iGVH-O7Ag8s", "video_url": "https://www.youtube.com/watch?v=iGVH-O7Ag8s", "description": "To listen to more episodes of the Inner Confidence Podcast, visit the links below:\nWebsite: https://innerconfidence.com/podcast/\niTunes:https://podcasts.apple.com/us/podcast/inner-confidence-podcast/id986699444 \nSpotify: https://open.spotify.com/show/2zkWuTnt7whvnR6CO6oNPV\nRSS: https://innerconfidence.com/series/leverage-podcast/feed/\n\nAnd if you're interested in learning more about my coaching services and connecting with me, check out these links:\nLinkTree: https://linktr.ee/Robbiekramer\nMain Site: https://innerconfidence.com/\nInstagram: https://www.instagram.com/robbie_kramer/\nTikTok: https://www.tiktok.com/@robbie.kramer\nYouTube: https://www.youtube.com/innerconfidence\n\nThank you for tuning in, and I look forward to helping you build your inner confidence and achieve success!\n\nJoin us : https://innerconfidence.com/leverage/\nBook a call with me : https://start.innerconfidence.com/video1\n\n\n#personaldevelopment #selfimprovement #innerconfidence #innerconfidencepodcast #podcast #coaching #success #motivation #inspiration #mindset #datingcoach #relationshipgoals #confidencecoach #selfimprovement #successfulmen", "published_at": "2023-04-10T01:23:28Z", "channel_id": "UC0O-ohYDF4P66HW9XJ4Us8w", "channel_title": "Robbie Kramer", "tags": [], "category_id": "26", "live_broadcast_content": "none", "duration": 42.0, "dimension": "2d", "definition": "hd", "caption": "false", "view_count": 2603, "like_count": 13, "comment_count": 0, "channel_info": {"title": "Robbie Kramer", "description": "I'm Robbie Kramer \ud83c\udf99Host of The Inner Confidence Podcast & Founder of Inner Confidence, Inc.\n\nI lived an exhilarating single life filled with adventures and lessons, and ultimately achieved what I had always aspired to \u2013 finding an amazing, feminine, and loving wife. \n\nI believe my experiences provide a rare balance of wild freedom and committed love, equipping me with the insights to help you navigate the complexities of dating and relationships in today's world. Let me guide you to embrace your desires, improve your social prowess, and ultimately attract the partner who aligns with your highest aspirations.\n\nYou won\u2019t find any fluffy, new-age, or cringy stuff here, just tested, proven and actionable advice that yields results.\n\nApply to join our exclusive Inner Confidence Community of ambitious men who are actively working together to achieve their goals faster   \u25ba https://innerconfidence.com/community\n\nYou can email me at robbie@innerconfidence.com with any questions or comments.\n", "subscriber_count": "1270", "total_views": "604693", "total_videos": "470"}, "comments": [], "file_path": "/Users/aelaguiz/workspace/fc_book/audio/raws/iGVH-O7Ag8s.mp3", "transcription": "{\"text\": \"I walked over one girl and I said, Hey, how you doing? She's like, fine. I said, so I literally said this. So have you been to the Maldives before? And she just looked at me and gave me that look of like, do not talk to me for the rest of the trip. And I was like, yes, madam. I'm like, I am a hundred percent blown out from this one. Okay. There's something I need to learn here. So yeah, it was like, and by that, by day three or four, I'd figured it out. But yeah, that, that really gave me a different level of, of seduction understanding and like help, I guess, help me kind of step into a different type of archetype, like the man that is chosen, like the man that, that as opposed to the man that is chasing. \", \"segments\": [{\"id\": 0, \"seek\": 0, \"start\": 0.0, \"end\": 2.7200000286102295, \"text\": \" I walked over one girl and I said, Hey, how you doing?\", \"tokens\": [50364, 286, 7628, 670, 472, 2013, 293, 286, 848, 11, 1911, 11, 577, 291, 884, 30, 50500], \"temperature\": 0.0, \"avg_logprob\": -0.26285356283187866, \"compression_ratio\": 1.6720778942108154, \"no_speech_prob\": 0.02714119665324688}, {\"id\": 1, \"seek\": 0, \"start\": 2.7200000286102295, \"end\": 3.799999952316284, \"text\": \" She's like, fine.\", \"tokens\": [50500, 1240, 311, 411, 11, 2489, 13, 50554], \"temperature\": 0.0, \"avg_logprob\": -0.26285356283187866, \"compression_ratio\": 1.6720778942108154, \"no_speech_prob\": 0.02714119665324688}, {\"id\": 2, \"seek\": 0, \"start\": 3.799999952316284, \"end\": 5.920000076293945, \"text\": \" I said, so I literally said this.\", \"tokens\": [50554, 286, 848, 11, 370, 286, 3736, 848, 341, 13, 50660], \"temperature\": 0.0, \"avg_logprob\": -0.26285356283187866, \"compression_ratio\": 1.6720778942108154, \"no_speech_prob\": 0.02714119665324688}, {\"id\": 3, \"seek\": 0, \"start\": 5.920000076293945, \"end\": 7.960000038146973, \"text\": \" So have you been to the Maldives before?\", \"tokens\": [50660, 407, 362, 291, 668, 281, 264, 376, 3976, 1539, 949, 30, 50762], \"temperature\": 0.0, \"avg_logprob\": -0.26285356283187866, \"compression_ratio\": 1.6720778942108154, \"no_speech_prob\": 0.02714119665324688}, {\"id\": 4, \"seek\": 0, \"start\": 10.4399995803833, \"end\": 12.680000305175781, \"text\": \" And she just looked at me and gave me that look of like,\", \"tokens\": [50886, 400, 750, 445, 2956, 412, 385, 293, 2729, 385, 300, 574, 295, 411, 11, 50998], \"temperature\": 0.0, \"avg_logprob\": -0.26285356283187866, \"compression_ratio\": 1.6720778942108154, \"no_speech_prob\": 0.02714119665324688}, {\"id\": 5, \"seek\": 0, \"start\": 12.680000305175781, \"end\": 14.039999961853027, \"text\": \" do not talk to me for the rest of the trip.\", \"tokens\": [50998, 360, 406, 751, 281, 385, 337, 264, 1472, 295, 264, 4931, 13, 51066], \"temperature\": 0.0, \"avg_logprob\": -0.26285356283187866, \"compression_ratio\": 1.6720778942108154, \"no_speech_prob\": 0.02714119665324688}, {\"id\": 6, \"seek\": 0, \"start\": 14.039999961853027, \"end\": 15.600000381469727, \"text\": \" And I was like, yes, madam.\", \"tokens\": [51066, 400, 286, 390, 411, 11, 2086, 11, 28882, 13, 51144], \"temperature\": 0.0, \"avg_logprob\": -0.26285356283187866, \"compression_ratio\": 1.6720778942108154, \"no_speech_prob\": 0.02714119665324688}, {\"id\": 7, \"seek\": 0, \"start\": 15.600000381469727, \"end\": 18.31999969482422, \"text\": \" I'm like, I am a hundred percent blown out from this one.\", \"tokens\": [51144, 286, 478, 411, 11, 286, 669, 257, 3262, 3043, 16479, 484, 490, 341, 472, 13, 51280], \"temperature\": 0.0, \"avg_logprob\": -0.26285356283187866, \"compression_ratio\": 1.6720778942108154, \"no_speech_prob\": 0.02714119665324688}, {\"id\": 8, \"seek\": 0, \"start\": 18.31999969482422, \"end\": 20.239999771118164, \"text\": \" Okay. There's something I need to learn here.\", \"tokens\": [51280, 1033, 13, 821, 311, 746, 286, 643, 281, 1466, 510, 13, 51376], \"temperature\": 0.0, \"avg_logprob\": -0.26285356283187866, \"compression_ratio\": 1.6720778942108154, \"no_speech_prob\": 0.02714119665324688}, {\"id\": 9, \"seek\": 0, \"start\": 20.239999771118164, \"end\": 22.0, \"text\": \" So yeah, it was like, and by that,\", \"tokens\": [51376, 407, 1338, 11, 309, 390, 411, 11, 293, 538, 300, 11, 51464], \"temperature\": 0.0, \"avg_logprob\": -0.26285356283187866, \"compression_ratio\": 1.6720778942108154, \"no_speech_prob\": 0.02714119665324688}, {\"id\": 10, \"seek\": 0, \"start\": 22.0, \"end\": 24.299999237060547, \"text\": \" by day three or four, I'd figured it out.\", \"tokens\": [51464, 538, 786, 1045, 420, 1451, 11, 286, 1116, 8932, 309, 484, 13, 51579], \"temperature\": 0.0, \"avg_logprob\": -0.26285356283187866, \"compression_ratio\": 1.6720778942108154, \"no_speech_prob\": 0.02714119665324688}, {\"id\": 11, \"seek\": 0, \"start\": 25.440000534057617, \"end\": 26.280000686645508, \"text\": \" But yeah, that,\", \"tokens\": [51636, 583, 1338, 11, 300, 11, 51678], \"temperature\": 0.0, \"avg_logprob\": -0.26285356283187866, \"compression_ratio\": 1.6720778942108154, \"no_speech_prob\": 0.02714119665324688}, {\"id\": 12, \"seek\": 0, \"start\": 26.280000686645508, \"end\": 28.520000457763672, \"text\": \" that really gave me a different level of,\", \"tokens\": [51678, 300, 534, 2729, 385, 257, 819, 1496, 295, 11, 51790], \"temperature\": 0.0, \"avg_logprob\": -0.26285356283187866, \"compression_ratio\": 1.6720778942108154, \"no_speech_prob\": 0.02714119665324688}, {\"id\": 13, \"seek\": 2852, \"start\": 28.520000457763672, \"end\": 32.29999923706055, \"text\": \" of seduction understanding and like help,\", \"tokens\": [50364, 295, 9643, 27549, 3701, 293, 411, 854, 11, 50553], \"temperature\": 0.0, \"avg_logprob\": -0.2753009498119354, \"compression_ratio\": 1.6048387289047241, \"no_speech_prob\": 0.0033730538561940193}, {\"id\": 14, \"seek\": 2852, \"start\": 32.29999923706055, \"end\": 33.13999938964844, \"text\": \" I guess,\", \"tokens\": [50553, 286, 2041, 11, 50595], \"temperature\": 0.0, \"avg_logprob\": -0.2753009498119354, \"compression_ratio\": 1.6048387289047241, \"no_speech_prob\": 0.0033730538561940193}, {\"id\": 15, \"seek\": 2852, \"start\": 33.13999938964844, \"end\": 35.040000915527344, \"text\": \" help me kind of step into a different type of archetype,\", \"tokens\": [50595, 854, 385, 733, 295, 1823, 666, 257, 819, 2010, 295, 41852, 494, 11, 50690], \"temperature\": 0.0, \"avg_logprob\": -0.2753009498119354, \"compression_ratio\": 1.6048387289047241, \"no_speech_prob\": 0.0033730538561940193}, {\"id\": 16, \"seek\": 2852, \"start\": 35.040000915527344, \"end\": 37.439998626708984, \"text\": \" like the man that is chosen,\", \"tokens\": [50690, 411, 264, 587, 300, 307, 8614, 11, 50810], \"temperature\": 0.0, \"avg_logprob\": -0.2753009498119354, \"compression_ratio\": 1.6048387289047241, \"no_speech_prob\": 0.0033730538561940193}, {\"id\": 17, \"seek\": 2852, \"start\": 37.439998626708984, \"end\": 38.52000045776367, \"text\": \" like the man that,\", \"tokens\": [50810, 411, 264, 587, 300, 11, 50864], \"temperature\": 0.0, \"avg_logprob\": -0.2753009498119354, \"compression_ratio\": 1.6048387289047241, \"no_speech_prob\": 0.0033730538561940193}, {\"id\": 18, \"seek\": 2852, \"start\": 38.52000045776367, \"end\": 40.84000015258789, \"text\": \" that as opposed to the man that is chasing.\", \"tokens\": [50864, 300, 382, 8851, 281, 264, 587, 300, 307, 17876, 13, 50980], \"temperature\": 0.0, \"avg_logprob\": -0.2753009498119354, \"compression_ratio\": 1.6048387289047241, \"no_speech_prob\": 0.0033730538561940193}]}"}