{"title": "The hardest type of man for women to find\u2026", "video_id": "ih3boUDSnDA", "video_url": "https://www.youtube.com/watch?v=ih3boUDSnDA", "description": "", "published_at": "2023-06-07T17:13:52Z", "channel_id": "UC0O-ohYDF4P66HW9XJ4Us8w", "channel_title": "Robbie Kramer", "tags": [], "category_id": "24", "live_broadcast_content": "none", "duration": 24.0, "dimension": "2d", "definition": "hd", "caption": "false", "view_count": 1641, "like_count": 23, "comment_count": 0, "channel_info": {"title": "Robbie Kramer", "description": "I'm Robbie Kramer \ud83c\udf99Host of The Inner Confidence Podcast & Founder of Inner Confidence, Inc.\n\nI lived an exhilarating single life filled with adventures and lessons, and ultimately achieved what I had always aspired to \u2013 finding an amazing, feminine, and loving wife. \n\nI believe my experiences provide a rare balance of wild freedom and committed love, equipping me with the insights to help you navigate the complexities of dating and relationships in today's world. Let me guide you to embrace your desires, improve your social prowess, and ultimately attract the partner who aligns with your highest aspirations.\n\nYou won\u2019t find any fluffy, new-age, or cringy stuff here, just tested, proven and actionable advice that yields results.\n\nApply to join our exclusive Inner Confidence Community of ambitious men who are actively working together to achieve their goals faster   \u25ba https://innerconfidence.com/community\n\nYou can email me at robbie@innerconfidence.com with any questions or comments.\n", "subscriber_count": "1270", "total_views": "604693", "total_videos": "470"}, "comments": [], "file_path": "/Users/aelaguiz/workspace/fc_book/audio/raws/ih3boUDSnDA.mp3", "transcription": "{\"text\": \"And the reason they have this playbook is because it's worked with every other guy they've ever met. They've never met a guy with dignity. If they're hot, it's worked on every guy. I've walked out on dates with really, like, with models, where they said just, like, they were just, like, really mean or tacky, and I was like, oh, yeah, we're done here. And the look on their face, that any guy would just leave them standing there, you haven't met a guy who values himself. It's so hard to find for women. I think it goes both ways. It's just very hard to find people with that level of self-respect and gender. \", \"segments\": [{\"id\": 0, \"seek\": 0, \"start\": 0.0, \"end\": 3.2799999713897705, \"text\": \" And the reason they have this playbook is because it's worked with every other guy they've ever met.\", \"tokens\": [50364, 400, 264, 1778, 436, 362, 341, 862, 2939, 307, 570, 309, 311, 2732, 365, 633, 661, 2146, 436, 600, 1562, 1131, 13, 50528], \"temperature\": 0.0, \"avg_logprob\": -0.28805771470069885, \"compression_ratio\": 1.8685015439987183, \"no_speech_prob\": 0.011671314015984535}, {\"id\": 1, \"seek\": 0, \"start\": 3.2799999713897705, \"end\": 4.960000038146973, \"text\": \" They've never met a guy with dignity.\", \"tokens\": [50528, 814, 600, 1128, 1131, 257, 2146, 365, 19672, 13, 50612], \"temperature\": 0.0, \"avg_logprob\": -0.28805771470069885, \"compression_ratio\": 1.8685015439987183, \"no_speech_prob\": 0.011671314015984535}, {\"id\": 2, \"seek\": 0, \"start\": 4.960000038146973, \"end\": 6.679999828338623, \"text\": \" If they're hot, it's worked on every guy.\", \"tokens\": [50612, 759, 436, 434, 2368, 11, 309, 311, 2732, 322, 633, 2146, 13, 50698], \"temperature\": 0.0, \"avg_logprob\": -0.28805771470069885, \"compression_ratio\": 1.8685015439987183, \"no_speech_prob\": 0.011671314015984535}, {\"id\": 3, \"seek\": 0, \"start\": 6.679999828338623, \"end\": 9.039999961853027, \"text\": \" I've walked out on dates with really, like, with models,\", \"tokens\": [50698, 286, 600, 7628, 484, 322, 11691, 365, 534, 11, 411, 11, 365, 5245, 11, 50816], \"temperature\": 0.0, \"avg_logprob\": -0.28805771470069885, \"compression_ratio\": 1.8685015439987183, \"no_speech_prob\": 0.011671314015984535}, {\"id\": 4, \"seek\": 0, \"start\": 9.039999961853027, \"end\": 11.680000305175781, \"text\": \" where they said just, like, they were just, like, really mean or tacky,\", \"tokens\": [50816, 689, 436, 848, 445, 11, 411, 11, 436, 645, 445, 11, 411, 11, 534, 914, 420, 9426, 88, 11, 50948], \"temperature\": 0.0, \"avg_logprob\": -0.28805771470069885, \"compression_ratio\": 1.8685015439987183, \"no_speech_prob\": 0.011671314015984535}, {\"id\": 5, \"seek\": 0, \"start\": 11.680000305175781, \"end\": 12.520000457763672, \"text\": \" and I was like, oh, yeah, we're done here.\", \"tokens\": [50948, 293, 286, 390, 411, 11, 1954, 11, 1338, 11, 321, 434, 1096, 510, 13, 50990], \"temperature\": 0.0, \"avg_logprob\": -0.28805771470069885, \"compression_ratio\": 1.8685015439987183, \"no_speech_prob\": 0.011671314015984535}, {\"id\": 6, \"seek\": 0, \"start\": 12.520000457763672, \"end\": 15.4399995803833, \"text\": \" And the look on their face, that any guy would just leave them standing there,\", \"tokens\": [50990, 400, 264, 574, 322, 641, 1851, 11, 300, 604, 2146, 576, 445, 1856, 552, 4877, 456, 11, 51136], \"temperature\": 0.0, \"avg_logprob\": -0.28805771470069885, \"compression_ratio\": 1.8685015439987183, \"no_speech_prob\": 0.011671314015984535}, {\"id\": 7, \"seek\": 0, \"start\": 15.4399995803833, \"end\": 17.760000228881836, \"text\": \" you haven't met a guy who values himself.\", \"tokens\": [51136, 291, 2378, 380, 1131, 257, 2146, 567, 4190, 3647, 13, 51252], \"temperature\": 0.0, \"avg_logprob\": -0.28805771470069885, \"compression_ratio\": 1.8685015439987183, \"no_speech_prob\": 0.011671314015984535}, {\"id\": 8, \"seek\": 0, \"start\": 17.760000228881836, \"end\": 19.239999771118164, \"text\": \" It's so hard to find for women.\", \"tokens\": [51252, 467, 311, 370, 1152, 281, 915, 337, 2266, 13, 51326], \"temperature\": 0.0, \"avg_logprob\": -0.28805771470069885, \"compression_ratio\": 1.8685015439987183, \"no_speech_prob\": 0.011671314015984535}, {\"id\": 9, \"seek\": 0, \"start\": 19.239999771118164, \"end\": 20.15999984741211, \"text\": \" I think it goes both ways.\", \"tokens\": [51326, 286, 519, 309, 1709, 1293, 2098, 13, 51372], \"temperature\": 0.0, \"avg_logprob\": -0.28805771470069885, \"compression_ratio\": 1.8685015439987183, \"no_speech_prob\": 0.011671314015984535}, {\"id\": 10, \"seek\": 0, \"start\": 20.15999984741211, \"end\": 23.040000915527344, \"text\": \" It's just very hard to find people with that level of self-respect and gender.\", \"tokens\": [51372, 467, 311, 445, 588, 1152, 281, 915, 561, 365, 300, 1496, 295, 2698, 12, 19575, 293, 1049, 1068, 13, 51516], \"temperature\": 0.0, \"avg_logprob\": -0.28805771470069885, \"compression_ratio\": 1.8685015439987183, \"no_speech_prob\": 0.011671314015984535}]}"}