{"title": "Pro Tip: where to stand in group photos to make yourself more attractive to women", "video_id": "ii2fWpZK2Ic", "video_url": "https://www.youtube.com/watch?v=ii2fWpZK2Ic", "description": "", "published_at": "2023-06-16T17:54:56Z", "channel_id": "UC0O-ohYDF4P66HW9XJ4Us8w", "channel_title": "Robbie Kramer", "tags": [], "category_id": "24", "live_broadcast_content": "none", "duration": 29.0, "dimension": "2d", "definition": "hd", "caption": "false", "view_count": 1724, "like_count": 36, "comment_count": 0, "channel_info": {"title": "Robbie Kramer", "description": "I'm Robbie Kramer \ud83c\udf99Host of The Inner Confidence Podcast & Founder of Inner Confidence, Inc.\n\nI lived an exhilarating single life filled with adventures and lessons, and ultimately achieved what I had always aspired to \u2013 finding an amazing, feminine, and loving wife. \n\nI believe my experiences provide a rare balance of wild freedom and committed love, equipping me with the insights to help you navigate the complexities of dating and relationships in today's world. Let me guide you to embrace your desires, improve your social prowess, and ultimately attract the partner who aligns with your highest aspirations.\n\nYou won\u2019t find any fluffy, new-age, or cringy stuff here, just tested, proven and actionable advice that yields results.\n\nApply to join our exclusive Inner Confidence Community of ambitious men who are actively working together to achieve their goals faster   \u25ba https://innerconfidence.com/community\n\nYou can email me at robbie@innerconfidence.com with any questions or comments.\n", "subscriber_count": "1270", "total_views": "604693", "total_videos": "470"}, "comments": [], "file_path": "/Users/aelaguiz/workspace/fc_book/audio/raws/ii2fWpZK2Ic.mp3", "transcription": "{\"text\": \"Don't stand next to the tallest guy. Just don't stand next to that guy. Not just not stand. Do not make pictures with the guy who is so much taller. Please. Our friend is notorious for that. He's not even short. He's not short. He's 6 feet tall, but he always positions himself next to like the 6 foot 8 guy. And we're like, what is wrong with you? You look so short. All these photos are just unusable because you look like you're under 5 feet tall. Do not stand by the tall guy. If you're the tallest guy, you should stand by the shortest guy. Because then you'll just look extra tall. \", \"segments\": [{\"id\": 0, \"seek\": 0, \"start\": 0.0, \"end\": 2.0, \"text\": \" Don't stand next to the tallest guy.\", \"tokens\": [50364, 1468, 380, 1463, 958, 281, 264, 42075, 2146, 13, 50464], \"temperature\": 0.0, \"avg_logprob\": -0.2524318993091583, \"compression_ratio\": 1.9183006286621094, \"no_speech_prob\": 0.0025492056738585234}, {\"id\": 1, \"seek\": 0, \"start\": 2.0, \"end\": 4.0, \"text\": \" Just don't stand next to that guy.\", \"tokens\": [50464, 1449, 500, 380, 1463, 958, 281, 300, 2146, 13, 50564], \"temperature\": 0.0, \"avg_logprob\": -0.2524318993091583, \"compression_ratio\": 1.9183006286621094, \"no_speech_prob\": 0.0025492056738585234}, {\"id\": 2, \"seek\": 0, \"start\": 4.0, \"end\": 8.0, \"text\": \" Not just not stand. Do not make pictures with the guy who is so much taller.\", \"tokens\": [50564, 1726, 445, 406, 1463, 13, 1144, 406, 652, 5242, 365, 264, 2146, 567, 307, 370, 709, 22406, 13, 50764], \"temperature\": 0.0, \"avg_logprob\": -0.2524318993091583, \"compression_ratio\": 1.9183006286621094, \"no_speech_prob\": 0.0025492056738585234}, {\"id\": 3, \"seek\": 0, \"start\": 8.0, \"end\": 11.0, \"text\": \" Please. Our friend is notorious for that. He's not even short.\", \"tokens\": [50764, 2555, 13, 2621, 1277, 307, 38045, 337, 300, 13, 634, 311, 406, 754, 2099, 13, 50914], \"temperature\": 0.0, \"avg_logprob\": -0.2524318993091583, \"compression_ratio\": 1.9183006286621094, \"no_speech_prob\": 0.0025492056738585234}, {\"id\": 4, \"seek\": 0, \"start\": 11.0, \"end\": 12.0, \"text\": \" He's not short.\", \"tokens\": [50914, 634, 311, 406, 2099, 13, 50964], \"temperature\": 0.0, \"avg_logprob\": -0.2524318993091583, \"compression_ratio\": 1.9183006286621094, \"no_speech_prob\": 0.0025492056738585234}, {\"id\": 5, \"seek\": 0, \"start\": 12.0, \"end\": 15.0, \"text\": \" He's 6 feet tall, but he always positions himself next to like the 6 foot 8 guy.\", \"tokens\": [50964, 634, 311, 1386, 3521, 6764, 11, 457, 415, 1009, 8432, 3647, 958, 281, 411, 264, 1386, 2671, 1649, 2146, 13, 51114], \"temperature\": 0.0, \"avg_logprob\": -0.2524318993091583, \"compression_ratio\": 1.9183006286621094, \"no_speech_prob\": 0.0025492056738585234}, {\"id\": 6, \"seek\": 0, \"start\": 15.0, \"end\": 18.0, \"text\": \" And we're like, what is wrong with you? You look so short.\", \"tokens\": [51114, 400, 321, 434, 411, 11, 437, 307, 2085, 365, 291, 30, 509, 574, 370, 2099, 13, 51264], \"temperature\": 0.0, \"avg_logprob\": -0.2524318993091583, \"compression_ratio\": 1.9183006286621094, \"no_speech_prob\": 0.0025492056738585234}, {\"id\": 7, \"seek\": 0, \"start\": 18.0, \"end\": 22.0, \"text\": \" All these photos are just unusable because you look like you're under 5 feet tall.\", \"tokens\": [51264, 1057, 613, 5787, 366, 445, 10054, 712, 570, 291, 574, 411, 291, 434, 833, 1025, 3521, 6764, 13, 51464], \"temperature\": 0.0, \"avg_logprob\": -0.2524318993091583, \"compression_ratio\": 1.9183006286621094, \"no_speech_prob\": 0.0025492056738585234}, {\"id\": 8, \"seek\": 0, \"start\": 22.0, \"end\": 23.0, \"text\": \" Do not stand by the tall guy.\", \"tokens\": [51464, 1144, 406, 1463, 538, 264, 6764, 2146, 13, 51514], \"temperature\": 0.0, \"avg_logprob\": -0.2524318993091583, \"compression_ratio\": 1.9183006286621094, \"no_speech_prob\": 0.0025492056738585234}, {\"id\": 9, \"seek\": 0, \"start\": 23.0, \"end\": 25.0, \"text\": \" If you're the tallest guy, you should stand by the shortest guy.\", \"tokens\": [51514, 759, 291, 434, 264, 42075, 2146, 11, 291, 820, 1463, 538, 264, 31875, 2146, 13, 51614], \"temperature\": 0.0, \"avg_logprob\": -0.2524318993091583, \"compression_ratio\": 1.9183006286621094, \"no_speech_prob\": 0.0025492056738585234}, {\"id\": 10, \"seek\": 0, \"start\": 25.0, \"end\": 27.0, \"text\": \" Because then you'll just look extra tall.\", \"tokens\": [51614, 1436, 550, 291, 603, 445, 574, 2857, 6764, 13, 51714], \"temperature\": 0.0, \"avg_logprob\": -0.2524318993091583, \"compression_ratio\": 1.9183006286621094, \"no_speech_prob\": 0.0025492056738585234}]}"}