{"title": "If your date shows up in a bad mood you need to do this to turn things around\u2026", "video_id": "ijdcj2oAu8E", "video_url": "https://www.youtube.com/watch?v=ijdcj2oAu8E", "description": "", "published_at": "2023-10-25T19:07:53Z", "channel_id": "UC0O-ohYDF4P66HW9XJ4Us8w", "channel_title": "Robbie Kramer", "tags": [], "category_id": "24", "live_broadcast_content": "none", "duration": 34.0, "dimension": "2d", "definition": "hd", "caption": "false", "view_count": 149, "like_count": 3, "comment_count": 0, "channel_info": {"title": "Robbie Kramer", "description": "I'm Robbie Kramer \ud83c\udf99Host of The Inner Confidence Podcast & Founder of Inner Confidence, Inc.\n\nI lived an exhilarating single life filled with adventures and lessons, and ultimately achieved what I had always aspired to \u2013 finding an amazing, feminine, and loving wife. \n\nI believe my experiences provide a rare balance of wild freedom and committed love, equipping me with the insights to help you navigate the complexities of dating and relationships in today's world. Let me guide you to embrace your desires, improve your social prowess, and ultimately attract the partner who aligns with your highest aspirations.\n\nYou won\u2019t find any fluffy, new-age, or cringy stuff here, just tested, proven and actionable advice that yields results.\n\nApply to join our exclusive Inner Confidence Community of ambitious men who are actively working together to achieve their goals faster   \u25ba https://innerconfidence.com/community\n\nYou can email me at robbie@innerconfidence.com with any questions or comments.\n", "subscriber_count": "1270", "total_views": "604693", "total_videos": "470"}, "comments": [], "file_path": "/Users/aelaguiz/workspace/fc_book/audio/raws/ijdcj2oAu8E.mp3", "transcription": "{\"text\": \"Sometimes we are plonked into people's lives when they just need to be cheered up and reassured and it turns out that for some reason it's your job. We don't know why. In your case, it's my job. So he's calling out the situation. He knows that she was cheated on. You know, she explained the story to him and he's saying like, listen, this isn't necessarily a date. Let's not make this all weird. It's just I'm here to cheer you up. That is my role in your life, which gets her off of the defensive because like she shows up to this date, they're drinking milkshakes and now she's like, oh, now I'm on a date and I feel bad. And so it's like the pressure of the date was causing this mood and he's effectively removing that. \", \"segments\": [{\"id\": 0, \"seek\": 0, \"start\": 0.0, \"end\": 4.960000038146973, \"text\": \" Sometimes we are plonked into people's lives when they just need to be cheered up and reassured\", \"tokens\": [50364, 4803, 321, 366, 499, 266, 34601, 666, 561, 311, 2909, 562, 436, 445, 643, 281, 312, 947, 4073, 493, 293, 19486, 3831, 50612], \"temperature\": 0.0, \"avg_logprob\": -0.25295665860176086, \"compression_ratio\": 1.7333333492279053, \"no_speech_prob\": 0.2210085690021515}, {\"id\": 1, \"seek\": 0, \"start\": 4.960000038146973, \"end\": 8.15999984741211, \"text\": \" and it turns out that for some reason it's your job.\", \"tokens\": [50612, 293, 309, 4523, 484, 300, 337, 512, 1778, 309, 311, 428, 1691, 13, 50772], \"temperature\": 0.0, \"avg_logprob\": -0.25295665860176086, \"compression_ratio\": 1.7333333492279053, \"no_speech_prob\": 0.2210085690021515}, {\"id\": 2, \"seek\": 0, \"start\": 8.15999984741211, \"end\": 10.399999618530273, \"text\": \" We don't know why. In your case, it's my job.\", \"tokens\": [50772, 492, 500, 380, 458, 983, 13, 682, 428, 1389, 11, 309, 311, 452, 1691, 13, 50884], \"temperature\": 0.0, \"avg_logprob\": -0.25295665860176086, \"compression_ratio\": 1.7333333492279053, \"no_speech_prob\": 0.2210085690021515}, {\"id\": 3, \"seek\": 0, \"start\": 10.399999618530273, \"end\": 13.600000381469727, \"text\": \" So he's calling out the situation. He knows that she was cheated on.\", \"tokens\": [50884, 407, 415, 311, 5141, 484, 264, 2590, 13, 634, 3255, 300, 750, 390, 28079, 322, 13, 51044], \"temperature\": 0.0, \"avg_logprob\": -0.25295665860176086, \"compression_ratio\": 1.7333333492279053, \"no_speech_prob\": 0.2210085690021515}, {\"id\": 4, \"seek\": 0, \"start\": 13.600000381469727, \"end\": 16.15999984741211, \"text\": \" You know, she explained the story to him and he's saying like,\", \"tokens\": [51044, 509, 458, 11, 750, 8825, 264, 1657, 281, 796, 293, 415, 311, 1566, 411, 11, 51172], \"temperature\": 0.0, \"avg_logprob\": -0.25295665860176086, \"compression_ratio\": 1.7333333492279053, \"no_speech_prob\": 0.2210085690021515}, {\"id\": 5, \"seek\": 0, \"start\": 16.15999984741211, \"end\": 18.799999237060547, \"text\": \" listen, this isn't necessarily a date. Let's not make this all weird.\", \"tokens\": [51172, 2140, 11, 341, 1943, 380, 4725, 257, 4002, 13, 961, 311, 406, 652, 341, 439, 3657, 13, 51304], \"temperature\": 0.0, \"avg_logprob\": -0.25295665860176086, \"compression_ratio\": 1.7333333492279053, \"no_speech_prob\": 0.2210085690021515}, {\"id\": 6, \"seek\": 0, \"start\": 18.799999237060547, \"end\": 21.68000030517578, \"text\": \" It's just I'm here to cheer you up. That is my role in your life,\", \"tokens\": [51304, 467, 311, 445, 286, 478, 510, 281, 12581, 291, 493, 13, 663, 307, 452, 3090, 294, 428, 993, 11, 51448], \"temperature\": 0.0, \"avg_logprob\": -0.25295665860176086, \"compression_ratio\": 1.7333333492279053, \"no_speech_prob\": 0.2210085690021515}, {\"id\": 7, \"seek\": 0, \"start\": 21.68000030517578, \"end\": 25.040000915527344, \"text\": \" which gets her off of the defensive because like she shows up to this date,\", \"tokens\": [51448, 597, 2170, 720, 766, 295, 264, 16468, 570, 411, 750, 3110, 493, 281, 341, 4002, 11, 51616], \"temperature\": 0.0, \"avg_logprob\": -0.25295665860176086, \"compression_ratio\": 1.7333333492279053, \"no_speech_prob\": 0.2210085690021515}, {\"id\": 8, \"seek\": 0, \"start\": 25.040000915527344, \"end\": 28.719999313354492, \"text\": \" they're drinking milkshakes and now she's like, oh, now I'm on a date and I feel bad.\", \"tokens\": [51616, 436, 434, 7583, 48773, 71, 3419, 293, 586, 750, 311, 411, 11, 1954, 11, 586, 286, 478, 322, 257, 4002, 293, 286, 841, 1578, 13, 51800], \"temperature\": 0.0, \"avg_logprob\": -0.25295665860176086, \"compression_ratio\": 1.7333333492279053, \"no_speech_prob\": 0.2210085690021515}, {\"id\": 9, \"seek\": 2872, \"start\": 28.959999084472656, \"end\": 31.760000228881836, \"text\": \" And so it's like the pressure of the date was causing this mood\", \"tokens\": [50376, 400, 370, 309, 311, 411, 264, 3321, 295, 264, 4002, 390, 9853, 341, 9268, 50516], \"temperature\": 0.0, \"avg_logprob\": -0.3755352795124054, \"compression_ratio\": 1.1511627435684204, \"no_speech_prob\": 0.6853805780410767}, {\"id\": 10, \"seek\": 2872, \"start\": 31.760000228881836, \"end\": 32.880001068115234, \"text\": \" and he's effectively removing that.\", \"tokens\": [50516, 293, 415, 311, 8659, 12720, 300, 13, 50572], \"temperature\": 0.0, \"avg_logprob\": -0.3755352795124054, \"compression_ratio\": 1.1511627435684204, \"no_speech_prob\": 0.6853805780410767}]}"}