{"title": "Airbnb is hands down the best side hustle out there\u2026 or just quit your job and make it a career.", "video_id": "IpzafP39ebU", "video_url": "https://www.youtube.com/watch?v=IpzafP39ebU", "description": "", "published_at": "2023-06-26T00:44:44Z", "channel_id": "UC0O-ohYDF4P66HW9XJ4Us8w", "channel_title": "Robbie Kramer", "tags": [], "category_id": "24", "live_broadcast_content": "none", "duration": 52.0, "dimension": "2d", "definition": "hd", "caption": "false", "view_count": 127, "like_count": 2, "comment_count": 1, "channel_info": {"title": "Robbie Kramer", "description": "I'm Robbie Kramer \ud83c\udf99Host of The Inner Confidence Podcast & Founder of Inner Confidence, Inc.\n\nI lived an exhilarating single life filled with adventures and lessons, and ultimately achieved what I had always aspired to \u2013 finding an amazing, feminine, and loving wife. \n\nI believe my experiences provide a rare balance of wild freedom and committed love, equipping me with the insights to help you navigate the complexities of dating and relationships in today's world. Let me guide you to embrace your desires, improve your social prowess, and ultimately attract the partner who aligns with your highest aspirations.\n\nYou won\u2019t find any fluffy, new-age, or cringy stuff here, just tested, proven and actionable advice that yields results.\n\nApply to join our exclusive Inner Confidence Community of ambitious men who are actively working together to achieve their goals faster   \u25ba https://innerconfidence.com/community\n\nYou can email me at robbie@innerconfidence.com with any questions or comments.\n", "subscriber_count": "1270", "total_views": "604693", "total_videos": "470"}, "comments": [], "file_path": "/Users/aelaguiz/workspace/fc_book/audio/raws/IpzafP39ebU.mp3", "transcription": "{\"text\": \"Guys always ask, well, why don't the landlords just do it themselves? It's because landlords don't have time. They don't want to do that themselves. Like they're real estate investors. Like they get a place. They want that place to give them, you know, 10% returns, which they're very happy with, even 5% returns, just beating inflation. And they're they're elated with and they don't want to think about it. And a lot of the owners are baby boomers or people that have no clue how to use Airbnb. I had two associates. They had multiple buildings all over Montreal, but they had no clue about Airbnb. They had no clue about how to decorate or design the interior of their apartments. They had no zero clue about anything, but they were willing to inject some money into their apartments. I also find a business model on how to operate with the owners so that I was showing them that I was willing to take some risk and to get more money. But as long as the performances were to a certain level, I'm not going to give the entire recipe. But basically, I found like a perfect way to approach the owners because the owners see that you're willing to take some. \", \"segments\": [{\"id\": 0, \"seek\": 0, \"start\": 0.0, \"end\": 2.440000057220459, \"text\": \" Guys always ask, well, why don't the landlords just do it themselves?\", \"tokens\": [50364, 7855, 1009, 1029, 11, 731, 11, 983, 500, 380, 264, 48787, 445, 360, 309, 2969, 30, 50486], \"temperature\": 0.0, \"avg_logprob\": -0.24057509005069733, \"compression_ratio\": 1.8712328672409058, \"no_speech_prob\": 0.25131261348724365}, {\"id\": 1, \"seek\": 0, \"start\": 2.440000057220459, \"end\": 3.799999952316284, \"text\": \" It's because landlords don't have time.\", \"tokens\": [50486, 467, 311, 570, 48787, 500, 380, 362, 565, 13, 50554], \"temperature\": 0.0, \"avg_logprob\": -0.24057509005069733, \"compression_ratio\": 1.8712328672409058, \"no_speech_prob\": 0.25131261348724365}, {\"id\": 2, \"seek\": 0, \"start\": 3.799999952316284, \"end\": 4.800000190734863, \"text\": \" They don't want to do that themselves.\", \"tokens\": [50554, 814, 500, 380, 528, 281, 360, 300, 2969, 13, 50604], \"temperature\": 0.0, \"avg_logprob\": -0.24057509005069733, \"compression_ratio\": 1.8712328672409058, \"no_speech_prob\": 0.25131261348724365}, {\"id\": 3, \"seek\": 0, \"start\": 4.800000190734863, \"end\": 6.039999961853027, \"text\": \" Like they're real estate investors.\", \"tokens\": [50604, 1743, 436, 434, 957, 9749, 11519, 13, 50666], \"temperature\": 0.0, \"avg_logprob\": -0.24057509005069733, \"compression_ratio\": 1.8712328672409058, \"no_speech_prob\": 0.25131261348724365}, {\"id\": 4, \"seek\": 0, \"start\": 6.039999961853027, \"end\": 7.0, \"text\": \" Like they get a place.\", \"tokens\": [50666, 1743, 436, 483, 257, 1081, 13, 50714], \"temperature\": 0.0, \"avg_logprob\": -0.24057509005069733, \"compression_ratio\": 1.8712328672409058, \"no_speech_prob\": 0.25131261348724365}, {\"id\": 5, \"seek\": 0, \"start\": 7.0, \"end\": 9.4399995803833, \"text\": \" They want that place to give them, you know, 10% returns,\", \"tokens\": [50714, 814, 528, 300, 1081, 281, 976, 552, 11, 291, 458, 11, 1266, 4, 11247, 11, 50836], \"temperature\": 0.0, \"avg_logprob\": -0.24057509005069733, \"compression_ratio\": 1.8712328672409058, \"no_speech_prob\": 0.25131261348724365}, {\"id\": 6, \"seek\": 0, \"start\": 9.4399995803833, \"end\": 12.359999656677246, \"text\": \" which they're very happy with, even 5% returns, just beating inflation.\", \"tokens\": [50836, 597, 436, 434, 588, 2055, 365, 11, 754, 1025, 4, 11247, 11, 445, 13497, 15860, 13, 50982], \"temperature\": 0.0, \"avg_logprob\": -0.24057509005069733, \"compression_ratio\": 1.8712328672409058, \"no_speech_prob\": 0.25131261348724365}, {\"id\": 7, \"seek\": 0, \"start\": 12.359999656677246, \"end\": 14.15999984741211, \"text\": \" And they're they're elated with and they don't want to think about it.\", \"tokens\": [50982, 400, 436, 434, 436, 434, 806, 770, 365, 293, 436, 500, 380, 528, 281, 519, 466, 309, 13, 51072], \"temperature\": 0.0, \"avg_logprob\": -0.24057509005069733, \"compression_ratio\": 1.8712328672409058, \"no_speech_prob\": 0.25131261348724365}, {\"id\": 8, \"seek\": 0, \"start\": 14.15999984741211, \"end\": 17.280000686645508, \"text\": \" And a lot of the owners are baby boomers or people that have no clue\", \"tokens\": [51072, 400, 257, 688, 295, 264, 7710, 366, 3186, 9351, 433, 420, 561, 300, 362, 572, 13602, 51228], \"temperature\": 0.0, \"avg_logprob\": -0.24057509005069733, \"compression_ratio\": 1.8712328672409058, \"no_speech_prob\": 0.25131261348724365}, {\"id\": 9, \"seek\": 0, \"start\": 17.280000686645508, \"end\": 18.31999969482422, \"text\": \" how to use Airbnb.\", \"tokens\": [51228, 577, 281, 764, 38232, 13, 51280], \"temperature\": 0.0, \"avg_logprob\": -0.24057509005069733, \"compression_ratio\": 1.8712328672409058, \"no_speech_prob\": 0.25131261348724365}, {\"id\": 10, \"seek\": 0, \"start\": 18.31999969482422, \"end\": 19.399999618530273, \"text\": \" I had two associates.\", \"tokens\": [51280, 286, 632, 732, 36914, 13, 51334], \"temperature\": 0.0, \"avg_logprob\": -0.24057509005069733, \"compression_ratio\": 1.8712328672409058, \"no_speech_prob\": 0.25131261348724365}, {\"id\": 11, \"seek\": 0, \"start\": 19.399999618530273, \"end\": 22.799999237060547, \"text\": \" They had multiple buildings all over Montreal,\", \"tokens\": [51334, 814, 632, 3866, 7446, 439, 670, 34180, 11, 51504], \"temperature\": 0.0, \"avg_logprob\": -0.24057509005069733, \"compression_ratio\": 1.8712328672409058, \"no_speech_prob\": 0.25131261348724365}, {\"id\": 12, \"seek\": 0, \"start\": 22.799999237060547, \"end\": 24.399999618530273, \"text\": \" but they had no clue about Airbnb.\", \"tokens\": [51504, 457, 436, 632, 572, 13602, 466, 38232, 13, 51584], \"temperature\": 0.0, \"avg_logprob\": -0.24057509005069733, \"compression_ratio\": 1.8712328672409058, \"no_speech_prob\": 0.25131261348724365}, {\"id\": 13, \"seek\": 0, \"start\": 24.399999618530273, \"end\": 28.280000686645508, \"text\": \" They had no clue about how to decorate or design the interior of their apartments.\", \"tokens\": [51584, 814, 632, 572, 13602, 466, 577, 281, 24229, 420, 1715, 264, 10636, 295, 641, 29056, 13, 51778], \"temperature\": 0.0, \"avg_logprob\": -0.24057509005069733, \"compression_ratio\": 1.8712328672409058, \"no_speech_prob\": 0.25131261348724365}, {\"id\": 14, \"seek\": 2828, \"start\": 28.280000686645508, \"end\": 29.959999084472656, \"text\": \" They had no zero clue about anything,\", \"tokens\": [50364, 814, 632, 572, 4018, 13602, 466, 1340, 11, 50448], \"temperature\": 0.0, \"avg_logprob\": -0.2377295196056366, \"compression_ratio\": 1.7849056720733643, \"no_speech_prob\": 0.10961602628231049}, {\"id\": 15, \"seek\": 2828, \"start\": 29.959999084472656, \"end\": 32.2400016784668, \"text\": \" but they were willing to inject some money into their apartments.\", \"tokens\": [50448, 457, 436, 645, 4950, 281, 10711, 512, 1460, 666, 641, 29056, 13, 50562], \"temperature\": 0.0, \"avg_logprob\": -0.2377295196056366, \"compression_ratio\": 1.7849056720733643, \"no_speech_prob\": 0.10961602628231049}, {\"id\": 16, \"seek\": 2828, \"start\": 32.2400016784668, \"end\": 37.040000915527344, \"text\": \" I also find a business model on how to operate with the owners\", \"tokens\": [50562, 286, 611, 915, 257, 1606, 2316, 322, 577, 281, 9651, 365, 264, 7710, 50802], \"temperature\": 0.0, \"avg_logprob\": -0.2377295196056366, \"compression_ratio\": 1.7849056720733643, \"no_speech_prob\": 0.10961602628231049}, {\"id\": 17, \"seek\": 2828, \"start\": 37.040000915527344, \"end\": 40.47999954223633, \"text\": \" so that I was showing them that I was willing to take some risk\", \"tokens\": [50802, 370, 300, 286, 390, 4099, 552, 300, 286, 390, 4950, 281, 747, 512, 3148, 50974], \"temperature\": 0.0, \"avg_logprob\": -0.2377295196056366, \"compression_ratio\": 1.7849056720733643, \"no_speech_prob\": 0.10961602628231049}, {\"id\": 18, \"seek\": 2828, \"start\": 40.47999954223633, \"end\": 41.68000030517578, \"text\": \" and to get more money.\", \"tokens\": [50974, 293, 281, 483, 544, 1460, 13, 51034], \"temperature\": 0.0, \"avg_logprob\": -0.2377295196056366, \"compression_ratio\": 1.7849056720733643, \"no_speech_prob\": 0.10961602628231049}, {\"id\": 19, \"seek\": 2828, \"start\": 41.68000030517578, \"end\": 44.91999816894531, \"text\": \" But as long as the performances were to a certain level,\", \"tokens\": [51034, 583, 382, 938, 382, 264, 16087, 645, 281, 257, 1629, 1496, 11, 51196], \"temperature\": 0.0, \"avg_logprob\": -0.2377295196056366, \"compression_ratio\": 1.7849056720733643, \"no_speech_prob\": 0.10961602628231049}, {\"id\": 20, \"seek\": 2828, \"start\": 44.91999816894531, \"end\": 46.560001373291016, \"text\": \" I'm not going to give the entire recipe.\", \"tokens\": [51196, 286, 478, 406, 516, 281, 976, 264, 2302, 6782, 13, 51278], \"temperature\": 0.0, \"avg_logprob\": -0.2377295196056366, \"compression_ratio\": 1.7849056720733643, \"no_speech_prob\": 0.10961602628231049}, {\"id\": 21, \"seek\": 2828, \"start\": 46.560001373291016, \"end\": 49.400001525878906, \"text\": \" But basically, I found like a perfect way to approach the owners\", \"tokens\": [51278, 583, 1936, 11, 286, 1352, 411, 257, 2176, 636, 281, 3109, 264, 7710, 51420], \"temperature\": 0.0, \"avg_logprob\": -0.2377295196056366, \"compression_ratio\": 1.7849056720733643, \"no_speech_prob\": 0.10961602628231049}, {\"id\": 22, \"seek\": 2828, \"start\": 49.400001525878906, \"end\": 51.0, \"text\": \" because the owners see that you're willing to take some.\", \"tokens\": [51420, 570, 264, 7710, 536, 300, 291, 434, 4950, 281, 747, 512, 13, 51500], \"temperature\": 0.0, \"avg_logprob\": -0.2377295196056366, \"compression_ratio\": 1.7849056720733643, \"no_speech_prob\": 0.10961602628231049}]}"}