{"title": "Episode 7 - \"The Transformation\"", "video_id": "j4xnUN6zirA", "video_url": "https://www.youtube.com/watch?v=j4xnUN6zirA", "description": " ", "published_at": "2010-03-13T09:43:13Z", "channel_id": "UC0O-ohYDF4P66HW9XJ4Us8w", "channel_title": "Robbie Kramer", "tags": ["Episode", "7"], "category_id": "23", "live_broadcast_content": "none", "duration": 309.0, "dimension": "2d", "definition": "sd", "caption": "false", "view_count": 439, "like_count": 5, "comment_count": 1, "channel_info": {"title": "Robbie Kramer", "description": "I'm Robbie Kramer \ud83c\udf99Host of The Inner Confidence Podcast & Founder of Inner Confidence, Inc.\n\nI lived an exhilarating single life filled with adventures and lessons, and ultimately achieved what I had always aspired to \u2013 finding an amazing, feminine, and loving wife. \n\nI believe my experiences provide a rare balance of wild freedom and committed love, equipping me with the insights to help you navigate the complexities of dating and relationships in today's world. Let me guide you to embrace your desires, improve your social prowess, and ultimately attract the partner who aligns with your highest aspirations.\n\nYou won\u2019t find any fluffy, new-age, or cringy stuff here, just tested, proven and actionable advice that yields results.\n\nApply to join our exclusive Inner Confidence Community of ambitious men who are actively working together to achieve their goals faster   \u25ba https://innerconfidence.com/community\n\nYou can email me at robbie@innerconfidence.com with any questions or comments.\n", "subscriber_count": "1270", "total_views": "604693", "total_videos": "470"}, "comments": [], "file_path": "/Users/aelaguiz/workspace/fc_book/audio/raws/j4xnUN6zirA.mp3", "transcription": "{\"text\": \"We can't stress enough the importance of movement and exercise. Staying connected and in the body is really the key to being grounded and masculine, and it's really the key to being attractive to women. And exercise is the perfect place to start this process, which is why I hired a personal trainer today. You did? Yeah. She'll work them into shape. Cool. She's not really a personal trainer. Yeah, man, I told you you could. You could not beat a bear in a fight. Yes, I could. Oh, like what kind of a bear? Panda bear. Yeah, like maybe a baby panda bear that hasn't opened its eyes yet. Hey, Jamie. Hey, Robbie. How's it going? Good. Good to see you. Good to see you, too. I'm a master coach. Uh, yeah. Hold on one second. We're going to start in about a minute. Master coach? Okay. Hi, guys. I'm Jamie. Today is all about movement. So everybody loosen up a little bit. Take a deep breath. I don't bite. So tell me about your exercise history. Hi. My name is Doug, and I don't actually use a gym very often, if ever. I like to go and use whatever I can find in my environment. Kind of a found objects thing. Good. Well, it seems to be working. Good. Next. Hi. I'm Eli, and I lost a lot of weight. Awesome. Good for you. And how'd you do it? I stopped drinking. Oh. Soda and fast food. I never eat any fast food, actually. I take a lot of vitamins. Oh, good. I take vitamins, too. Right, but I mostly know how they're metabolized. It's part of what I do. I take protein supplements, as well. You know, occasional power bar, creatine, all that stuff, too. I eat a lot of eggs. Regular part of my diet. I mean, I started with steroids, but I got off them. I've been clean, always. This is all natural. His mom calls him all the time. That's great. You know what? You guys look fantastic. And it's good. Eating right is an important part of dating, because when you're looking and feeling healthy, then you're going to attract healthy women. What about you? Greetings, attractive human female. What did you call me? Um, attractive human female, is it agreeable to meet you? Attractive human female? No. Call me by my name. Do you know my name? Does he know any of your names? No, actually, I don't think he does. He calls us fellow student. You don't know any of their names? Negative, human female. What did I tell you about calling me that? Human female. No, do not call me human female. I am Jamie. Call me by my name. Master Cole! Master Cole is not going to help you here. Call me by my name. Say my name, dammit! Say my name! I swear to God, I'm going to beat the crap out of you! Alright, Jamie! Okay, Jamie! Jeez, lady, what is your deal? What did you do to him? From now on, you're going to be real with us. Cut the bullshit. I'm Jamie, these guys are Eli and Doug, and your coaches are Robbie and Brian. Okay, got it. Good. I'm a firm believer in tough love. You really have to teach people how to treat you. Sometimes it takes a bat over the head just to get the point across. And it just so happens that I'm the one with the bat. Do I feel any different? I mean, I'm a little upset that that bitch yelled at me, but other than that, no, I feel pretty much exactly the same. Why? Hey, do you know why I'm wearing this? I look like that guy from Sling Blade. You know, the guy that kills people with the blade? Sling? Never mind. So that's why you hired a personal trainer? Yep. Totally almost got her number. Dude, she's into me. We have matching hair. Yeah, but mostly she wanted to give me her number, so that's what counts. No it doesn't. No, that counts. But see, almost is just as good as the mist. Yeah, but see, she didn't want to make you feel bad by giving me her number. Or she didn't want you to get it too. She said I look fantastic. You know, you gotta keep the self-esteem up somehow. \", \"segments\": [{\"id\": 0, \"seek\": 0, \"start\": 0.0, \"end\": 4.0, \"text\": \" We can't stress enough the importance of movement and exercise.\", \"tokens\": [50364, 492, 393, 380, 4244, 1547, 264, 7379, 295, 3963, 293, 5380, 13, 50564], \"temperature\": 0.0, \"avg_logprob\": -0.2319546788930893, \"compression_ratio\": 1.7185184955596924, \"no_speech_prob\": 0.07678259909152985}, {\"id\": 1, \"seek\": 0, \"start\": 4.0, \"end\": 9.0, \"text\": \" Staying connected and in the body is really the key to being grounded and masculine,\", \"tokens\": [50564, 8691, 278, 4582, 293, 294, 264, 1772, 307, 534, 264, 2141, 281, 885, 23535, 293, 28992, 11, 50814], \"temperature\": 0.0, \"avg_logprob\": -0.2319546788930893, \"compression_ratio\": 1.7185184955596924, \"no_speech_prob\": 0.07678259909152985}, {\"id\": 2, \"seek\": 0, \"start\": 9.0, \"end\": 11.0, \"text\": \" and it's really the key to being attractive to women.\", \"tokens\": [50814, 293, 309, 311, 534, 264, 2141, 281, 885, 12609, 281, 2266, 13, 50914], \"temperature\": 0.0, \"avg_logprob\": -0.2319546788930893, \"compression_ratio\": 1.7185184955596924, \"no_speech_prob\": 0.07678259909152985}, {\"id\": 3, \"seek\": 0, \"start\": 11.0, \"end\": 14.0, \"text\": \" And exercise is the perfect place to start this process,\", \"tokens\": [50914, 400, 5380, 307, 264, 2176, 1081, 281, 722, 341, 1399, 11, 51064], \"temperature\": 0.0, \"avg_logprob\": -0.2319546788930893, \"compression_ratio\": 1.7185184955596924, \"no_speech_prob\": 0.07678259909152985}, {\"id\": 4, \"seek\": 0, \"start\": 14.0, \"end\": 17.0, \"text\": \" which is why I hired a personal trainer today.\", \"tokens\": [51064, 597, 307, 983, 286, 13144, 257, 2973, 21110, 965, 13, 51214], \"temperature\": 0.0, \"avg_logprob\": -0.2319546788930893, \"compression_ratio\": 1.7185184955596924, \"no_speech_prob\": 0.07678259909152985}, {\"id\": 5, \"seek\": 0, \"start\": 17.0, \"end\": 18.0, \"text\": \" You did?\", \"tokens\": [51214, 509, 630, 30, 51264], \"temperature\": 0.0, \"avg_logprob\": -0.2319546788930893, \"compression_ratio\": 1.7185184955596924, \"no_speech_prob\": 0.07678259909152985}, {\"id\": 6, \"seek\": 0, \"start\": 18.0, \"end\": 20.0, \"text\": \" Yeah. She'll work them into shape.\", \"tokens\": [51264, 865, 13, 1240, 603, 589, 552, 666, 3909, 13, 51364], \"temperature\": 0.0, \"avg_logprob\": -0.2319546788930893, \"compression_ratio\": 1.7185184955596924, \"no_speech_prob\": 0.07678259909152985}, {\"id\": 7, \"seek\": 0, \"start\": 20.0, \"end\": 21.0, \"text\": \" Cool.\", \"tokens\": [51364, 8561, 13, 51414], \"temperature\": 0.0, \"avg_logprob\": -0.2319546788930893, \"compression_ratio\": 1.7185184955596924, \"no_speech_prob\": 0.07678259909152985}, {\"id\": 8, \"seek\": 0, \"start\": 21.0, \"end\": 24.0, \"text\": \" She's not really a personal trainer.\", \"tokens\": [51414, 1240, 311, 406, 534, 257, 2973, 21110, 13, 51564], \"temperature\": 0.0, \"avg_logprob\": -0.2319546788930893, \"compression_ratio\": 1.7185184955596924, \"no_speech_prob\": 0.07678259909152985}, {\"id\": 9, \"seek\": 0, \"start\": 26.0, \"end\": 27.0, \"text\": \" Yeah, man, I told you you could.\", \"tokens\": [51664, 865, 11, 587, 11, 286, 1907, 291, 291, 727, 13, 51714], \"temperature\": 0.0, \"avg_logprob\": -0.2319546788930893, \"compression_ratio\": 1.7185184955596924, \"no_speech_prob\": 0.07678259909152985}, {\"id\": 10, \"seek\": 0, \"start\": 27.0, \"end\": 29.0, \"text\": \" You could not beat a bear in a fight.\", \"tokens\": [51714, 509, 727, 406, 4224, 257, 6155, 294, 257, 2092, 13, 51814], \"temperature\": 0.0, \"avg_logprob\": -0.2319546788930893, \"compression_ratio\": 1.7185184955596924, \"no_speech_prob\": 0.07678259909152985}, {\"id\": 11, \"seek\": 2900, \"start\": 29.0, \"end\": 30.0, \"text\": \" Yes, I could.\", \"tokens\": [50364, 1079, 11, 286, 727, 13, 50414], \"temperature\": 0.0, \"avg_logprob\": -0.2243436723947525, \"compression_ratio\": 1.5740740299224854, \"no_speech_prob\": 0.01132092997431755}, {\"id\": 12, \"seek\": 2900, \"start\": 30.0, \"end\": 32.0, \"text\": \" Oh, like what kind of a bear?\", \"tokens\": [50414, 876, 11, 411, 437, 733, 295, 257, 6155, 30, 50514], \"temperature\": 0.0, \"avg_logprob\": -0.2243436723947525, \"compression_ratio\": 1.5740740299224854, \"no_speech_prob\": 0.01132092997431755}, {\"id\": 13, \"seek\": 2900, \"start\": 32.0, \"end\": 33.0, \"text\": \" Panda bear.\", \"tokens\": [50514, 44207, 6155, 13, 50564], \"temperature\": 0.0, \"avg_logprob\": -0.2243436723947525, \"compression_ratio\": 1.5740740299224854, \"no_speech_prob\": 0.01132092997431755}, {\"id\": 14, \"seek\": 2900, \"start\": 33.0, \"end\": 36.0, \"text\": \" Yeah, like maybe a baby panda bear that hasn't opened its eyes yet.\", \"tokens\": [50564, 865, 11, 411, 1310, 257, 3186, 46685, 6155, 300, 6132, 380, 5625, 1080, 2575, 1939, 13, 50714], \"temperature\": 0.0, \"avg_logprob\": -0.2243436723947525, \"compression_ratio\": 1.5740740299224854, \"no_speech_prob\": 0.01132092997431755}, {\"id\": 15, \"seek\": 2900, \"start\": 38.0, \"end\": 39.0, \"text\": \" Hey, Jamie.\", \"tokens\": [50814, 1911, 11, 19309, 13, 50864], \"temperature\": 0.0, \"avg_logprob\": -0.2243436723947525, \"compression_ratio\": 1.5740740299224854, \"no_speech_prob\": 0.01132092997431755}, {\"id\": 16, \"seek\": 2900, \"start\": 39.0, \"end\": 40.0, \"text\": \" Hey, Robbie.\", \"tokens\": [50864, 1911, 11, 45749, 13, 50914], \"temperature\": 0.0, \"avg_logprob\": -0.2243436723947525, \"compression_ratio\": 1.5740740299224854, \"no_speech_prob\": 0.01132092997431755}, {\"id\": 17, \"seek\": 2900, \"start\": 40.0, \"end\": 41.0, \"text\": \" How's it going?\", \"tokens\": [50914, 1012, 311, 309, 516, 30, 50964], \"temperature\": 0.0, \"avg_logprob\": -0.2243436723947525, \"compression_ratio\": 1.5740740299224854, \"no_speech_prob\": 0.01132092997431755}, {\"id\": 18, \"seek\": 2900, \"start\": 41.0, \"end\": 42.0, \"text\": \" Good. Good to see you.\", \"tokens\": [50964, 2205, 13, 2205, 281, 536, 291, 13, 51014], \"temperature\": 0.0, \"avg_logprob\": -0.2243436723947525, \"compression_ratio\": 1.5740740299224854, \"no_speech_prob\": 0.01132092997431755}, {\"id\": 19, \"seek\": 2900, \"start\": 42.0, \"end\": 43.0, \"text\": \" Good to see you, too.\", \"tokens\": [51014, 2205, 281, 536, 291, 11, 886, 13, 51064], \"temperature\": 0.0, \"avg_logprob\": -0.2243436723947525, \"compression_ratio\": 1.5740740299224854, \"no_speech_prob\": 0.01132092997431755}, {\"id\": 20, \"seek\": 2900, \"start\": 44.0, \"end\": 46.0, \"text\": \" I'm a master coach.\", \"tokens\": [51114, 286, 478, 257, 4505, 6560, 13, 51214], \"temperature\": 0.0, \"avg_logprob\": -0.2243436723947525, \"compression_ratio\": 1.5740740299224854, \"no_speech_prob\": 0.01132092997431755}, {\"id\": 21, \"seek\": 2900, \"start\": 46.0, \"end\": 48.0, \"text\": \" Uh, yeah. Hold on one second.\", \"tokens\": [51214, 4019, 11, 1338, 13, 6962, 322, 472, 1150, 13, 51314], \"temperature\": 0.0, \"avg_logprob\": -0.2243436723947525, \"compression_ratio\": 1.5740740299224854, \"no_speech_prob\": 0.01132092997431755}, {\"id\": 22, \"seek\": 2900, \"start\": 48.0, \"end\": 50.0, \"text\": \" We're going to start in about a minute.\", \"tokens\": [51314, 492, 434, 516, 281, 722, 294, 466, 257, 3456, 13, 51414], \"temperature\": 0.0, \"avg_logprob\": -0.2243436723947525, \"compression_ratio\": 1.5740740299224854, \"no_speech_prob\": 0.01132092997431755}, {\"id\": 23, \"seek\": 2900, \"start\": 51.0, \"end\": 53.0, \"text\": \" Master coach?\", \"tokens\": [51464, 6140, 6560, 30, 51564], \"temperature\": 0.0, \"avg_logprob\": -0.2243436723947525, \"compression_ratio\": 1.5740740299224854, \"no_speech_prob\": 0.01132092997431755}, {\"id\": 24, \"seek\": 2900, \"start\": 55.0, \"end\": 56.0, \"text\": \" Okay.\", \"tokens\": [51664, 1033, 13, 51714], \"temperature\": 0.0, \"avg_logprob\": -0.2243436723947525, \"compression_ratio\": 1.5740740299224854, \"no_speech_prob\": 0.01132092997431755}, {\"id\": 25, \"seek\": 2900, \"start\": 57.0, \"end\": 58.0, \"text\": \" Hi, guys. I'm Jamie.\", \"tokens\": [51764, 2421, 11, 1074, 13, 286, 478, 19309, 13, 51814], \"temperature\": 0.0, \"avg_logprob\": -0.2243436723947525, \"compression_ratio\": 1.5740740299224854, \"no_speech_prob\": 0.01132092997431755}, {\"id\": 26, \"seek\": 5800, \"start\": 58.0, \"end\": 60.0, \"text\": \" Today is all about movement.\", \"tokens\": [50364, 2692, 307, 439, 466, 3963, 13, 50464], \"temperature\": 0.0, \"avg_logprob\": -0.20963868498802185, \"compression_ratio\": 1.5194804668426514, \"no_speech_prob\": 0.001809420296922326}, {\"id\": 27, \"seek\": 5800, \"start\": 60.0, \"end\": 62.0, \"text\": \" So everybody loosen up a little bit.\", \"tokens\": [50464, 407, 2201, 26169, 493, 257, 707, 857, 13, 50564], \"temperature\": 0.0, \"avg_logprob\": -0.20963868498802185, \"compression_ratio\": 1.5194804668426514, \"no_speech_prob\": 0.001809420296922326}, {\"id\": 28, \"seek\": 5800, \"start\": 62.0, \"end\": 63.0, \"text\": \" Take a deep breath.\", \"tokens\": [50564, 3664, 257, 2452, 6045, 13, 50614], \"temperature\": 0.0, \"avg_logprob\": -0.20963868498802185, \"compression_ratio\": 1.5194804668426514, \"no_speech_prob\": 0.001809420296922326}, {\"id\": 29, \"seek\": 5800, \"start\": 64.0, \"end\": 65.0, \"text\": \" I don't bite.\", \"tokens\": [50664, 286, 500, 380, 7988, 13, 50714], \"temperature\": 0.0, \"avg_logprob\": -0.20963868498802185, \"compression_ratio\": 1.5194804668426514, \"no_speech_prob\": 0.001809420296922326}, {\"id\": 30, \"seek\": 5800, \"start\": 65.0, \"end\": 68.0, \"text\": \" So tell me about your exercise history.\", \"tokens\": [50714, 407, 980, 385, 466, 428, 5380, 2503, 13, 50864], \"temperature\": 0.0, \"avg_logprob\": -0.20963868498802185, \"compression_ratio\": 1.5194804668426514, \"no_speech_prob\": 0.001809420296922326}, {\"id\": 31, \"seek\": 5800, \"start\": 68.0, \"end\": 70.0, \"text\": \" Hi. My name is Doug,\", \"tokens\": [50864, 2421, 13, 1222, 1315, 307, 12742, 11, 50964], \"temperature\": 0.0, \"avg_logprob\": -0.20963868498802185, \"compression_ratio\": 1.5194804668426514, \"no_speech_prob\": 0.001809420296922326}, {\"id\": 32, \"seek\": 5800, \"start\": 70.0, \"end\": 75.0, \"text\": \" and I don't actually use a gym very often, if ever.\", \"tokens\": [50964, 293, 286, 500, 380, 767, 764, 257, 9222, 588, 2049, 11, 498, 1562, 13, 51214], \"temperature\": 0.0, \"avg_logprob\": -0.20963868498802185, \"compression_ratio\": 1.5194804668426514, \"no_speech_prob\": 0.001809420296922326}, {\"id\": 33, \"seek\": 5800, \"start\": 75.0, \"end\": 79.0, \"text\": \" I like to go and use whatever I can find in my environment.\", \"tokens\": [51214, 286, 411, 281, 352, 293, 764, 2035, 286, 393, 915, 294, 452, 2823, 13, 51414], \"temperature\": 0.0, \"avg_logprob\": -0.20963868498802185, \"compression_ratio\": 1.5194804668426514, \"no_speech_prob\": 0.001809420296922326}, {\"id\": 34, \"seek\": 5800, \"start\": 79.0, \"end\": 81.0, \"text\": \" Kind of a found objects thing.\", \"tokens\": [51414, 9242, 295, 257, 1352, 6565, 551, 13, 51514], \"temperature\": 0.0, \"avg_logprob\": -0.20963868498802185, \"compression_ratio\": 1.5194804668426514, \"no_speech_prob\": 0.001809420296922326}, {\"id\": 35, \"seek\": 5800, \"start\": 81.0, \"end\": 83.0, \"text\": \" Good. Well, it seems to be working.\", \"tokens\": [51514, 2205, 13, 1042, 11, 309, 2544, 281, 312, 1364, 13, 51614], \"temperature\": 0.0, \"avg_logprob\": -0.20963868498802185, \"compression_ratio\": 1.5194804668426514, \"no_speech_prob\": 0.001809420296922326}, {\"id\": 36, \"seek\": 5800, \"start\": 83.0, \"end\": 84.0, \"text\": \" Good. Next.\", \"tokens\": [51614, 2205, 13, 3087, 13, 51664], \"temperature\": 0.0, \"avg_logprob\": -0.20963868498802185, \"compression_ratio\": 1.5194804668426514, \"no_speech_prob\": 0.001809420296922326}, {\"id\": 37, \"seek\": 8400, \"start\": 84.0, \"end\": 88.0, \"text\": \" Hi. I'm Eli, and I lost a lot of weight.\", \"tokens\": [50364, 2421, 13, 286, 478, 16943, 11, 293, 286, 2731, 257, 688, 295, 3364, 13, 50564], \"temperature\": 0.0, \"avg_logprob\": -0.1929132342338562, \"compression_ratio\": 1.6050724983215332, \"no_speech_prob\": 0.0022870642133057117}, {\"id\": 38, \"seek\": 8400, \"start\": 88.0, \"end\": 90.0, \"text\": \" Awesome. Good for you.\", \"tokens\": [50564, 10391, 13, 2205, 337, 291, 13, 50664], \"temperature\": 0.0, \"avg_logprob\": -0.1929132342338562, \"compression_ratio\": 1.6050724983215332, \"no_speech_prob\": 0.0022870642133057117}, {\"id\": 39, \"seek\": 8400, \"start\": 90.0, \"end\": 91.0, \"text\": \" And how'd you do it?\", \"tokens\": [50664, 400, 577, 1116, 291, 360, 309, 30, 50714], \"temperature\": 0.0, \"avg_logprob\": -0.1929132342338562, \"compression_ratio\": 1.6050724983215332, \"no_speech_prob\": 0.0022870642133057117}, {\"id\": 40, \"seek\": 8400, \"start\": 91.0, \"end\": 92.0, \"text\": \" I stopped drinking.\", \"tokens\": [50714, 286, 5936, 7583, 13, 50764], \"temperature\": 0.0, \"avg_logprob\": -0.1929132342338562, \"compression_ratio\": 1.6050724983215332, \"no_speech_prob\": 0.0022870642133057117}, {\"id\": 41, \"seek\": 8400, \"start\": 92.0, \"end\": 93.0, \"text\": \" Oh.\", \"tokens\": [50764, 876, 13, 50814], \"temperature\": 0.0, \"avg_logprob\": -0.1929132342338562, \"compression_ratio\": 1.6050724983215332, \"no_speech_prob\": 0.0022870642133057117}, {\"id\": 42, \"seek\": 8400, \"start\": 94.0, \"end\": 96.0, \"text\": \" Soda and fast food.\", \"tokens\": [50864, 318, 13449, 293, 2370, 1755, 13, 50964], \"temperature\": 0.0, \"avg_logprob\": -0.1929132342338562, \"compression_ratio\": 1.6050724983215332, \"no_speech_prob\": 0.0022870642133057117}, {\"id\": 43, \"seek\": 8400, \"start\": 96.0, \"end\": 98.0, \"text\": \" I never eat any fast food, actually.\", \"tokens\": [50964, 286, 1128, 1862, 604, 2370, 1755, 11, 767, 13, 51064], \"temperature\": 0.0, \"avg_logprob\": -0.1929132342338562, \"compression_ratio\": 1.6050724983215332, \"no_speech_prob\": 0.0022870642133057117}, {\"id\": 44, \"seek\": 8400, \"start\": 98.0, \"end\": 99.0, \"text\": \" I take a lot of vitamins.\", \"tokens\": [51064, 286, 747, 257, 688, 295, 27920, 13, 51114], \"temperature\": 0.0, \"avg_logprob\": -0.1929132342338562, \"compression_ratio\": 1.6050724983215332, \"no_speech_prob\": 0.0022870642133057117}, {\"id\": 45, \"seek\": 8400, \"start\": 99.0, \"end\": 100.0, \"text\": \" Oh, good.\", \"tokens\": [51114, 876, 11, 665, 13, 51164], \"temperature\": 0.0, \"avg_logprob\": -0.1929132342338562, \"compression_ratio\": 1.6050724983215332, \"no_speech_prob\": 0.0022870642133057117}, {\"id\": 46, \"seek\": 8400, \"start\": 100.0, \"end\": 101.0, \"text\": \" I take vitamins, too.\", \"tokens\": [51164, 286, 747, 27920, 11, 886, 13, 51214], \"temperature\": 0.0, \"avg_logprob\": -0.1929132342338562, \"compression_ratio\": 1.6050724983215332, \"no_speech_prob\": 0.0022870642133057117}, {\"id\": 47, \"seek\": 8400, \"start\": 101.0, \"end\": 103.0, \"text\": \" Right, but I mostly know how they're metabolized.\", \"tokens\": [51214, 1779, 11, 457, 286, 5240, 458, 577, 436, 434, 19110, 1602, 13, 51314], \"temperature\": 0.0, \"avg_logprob\": -0.1929132342338562, \"compression_ratio\": 1.6050724983215332, \"no_speech_prob\": 0.0022870642133057117}, {\"id\": 48, \"seek\": 8400, \"start\": 103.0, \"end\": 105.0, \"text\": \" It's part of what I do.\", \"tokens\": [51314, 467, 311, 644, 295, 437, 286, 360, 13, 51414], \"temperature\": 0.0, \"avg_logprob\": -0.1929132342338562, \"compression_ratio\": 1.6050724983215332, \"no_speech_prob\": 0.0022870642133057117}, {\"id\": 49, \"seek\": 8400, \"start\": 105.0, \"end\": 107.0, \"text\": \" I take protein supplements, as well.\", \"tokens\": [51414, 286, 747, 7944, 26645, 11, 382, 731, 13, 51514], \"temperature\": 0.0, \"avg_logprob\": -0.1929132342338562, \"compression_ratio\": 1.6050724983215332, \"no_speech_prob\": 0.0022870642133057117}, {\"id\": 50, \"seek\": 8400, \"start\": 107.0, \"end\": 109.0, \"text\": \" You know, occasional power bar, creatine, all that stuff, too.\", \"tokens\": [51514, 509, 458, 11, 31644, 1347, 2159, 11, 1428, 533, 11, 439, 300, 1507, 11, 886, 13, 51614], \"temperature\": 0.0, \"avg_logprob\": -0.1929132342338562, \"compression_ratio\": 1.6050724983215332, \"no_speech_prob\": 0.0022870642133057117}, {\"id\": 51, \"seek\": 8400, \"start\": 109.0, \"end\": 110.0, \"text\": \" I eat a lot of eggs.\", \"tokens\": [51614, 286, 1862, 257, 688, 295, 6466, 13, 51664], \"temperature\": 0.0, \"avg_logprob\": -0.1929132342338562, \"compression_ratio\": 1.6050724983215332, \"no_speech_prob\": 0.0022870642133057117}, {\"id\": 52, \"seek\": 8400, \"start\": 110.0, \"end\": 112.0, \"text\": \" Regular part of my diet.\", \"tokens\": [51664, 45659, 644, 295, 452, 6339, 13, 51764], \"temperature\": 0.0, \"avg_logprob\": -0.1929132342338562, \"compression_ratio\": 1.6050724983215332, \"no_speech_prob\": 0.0022870642133057117}, {\"id\": 53, \"seek\": 11200, \"start\": 112.0, \"end\": 114.0, \"text\": \" I mean, I started with steroids, but I got off them.\", \"tokens\": [50364, 286, 914, 11, 286, 1409, 365, 45717, 11, 457, 286, 658, 766, 552, 13, 50464], \"temperature\": 0.0, \"avg_logprob\": -0.16967880725860596, \"compression_ratio\": 1.5687023401260376, \"no_speech_prob\": 0.20427773892879486}, {\"id\": 54, \"seek\": 11200, \"start\": 114.0, \"end\": 116.0, \"text\": \" I've been clean, always.\", \"tokens\": [50464, 286, 600, 668, 2541, 11, 1009, 13, 50564], \"temperature\": 0.0, \"avg_logprob\": -0.16967880725860596, \"compression_ratio\": 1.5687023401260376, \"no_speech_prob\": 0.20427773892879486}, {\"id\": 55, \"seek\": 11200, \"start\": 116.0, \"end\": 117.0, \"text\": \" This is all natural.\", \"tokens\": [50564, 639, 307, 439, 3303, 13, 50614], \"temperature\": 0.0, \"avg_logprob\": -0.16967880725860596, \"compression_ratio\": 1.5687023401260376, \"no_speech_prob\": 0.20427773892879486}, {\"id\": 56, \"seek\": 11200, \"start\": 117.0, \"end\": 119.0, \"text\": \" His mom calls him all the time.\", \"tokens\": [50614, 2812, 1225, 5498, 796, 439, 264, 565, 13, 50714], \"temperature\": 0.0, \"avg_logprob\": -0.16967880725860596, \"compression_ratio\": 1.5687023401260376, \"no_speech_prob\": 0.20427773892879486}, {\"id\": 57, \"seek\": 11200, \"start\": 119.0, \"end\": 120.0, \"text\": \" That's great.\", \"tokens\": [50714, 663, 311, 869, 13, 50764], \"temperature\": 0.0, \"avg_logprob\": -0.16967880725860596, \"compression_ratio\": 1.5687023401260376, \"no_speech_prob\": 0.20427773892879486}, {\"id\": 58, \"seek\": 11200, \"start\": 120.0, \"end\": 121.0, \"text\": \" You know what?\", \"tokens\": [50764, 509, 458, 437, 30, 50814], \"temperature\": 0.0, \"avg_logprob\": -0.16967880725860596, \"compression_ratio\": 1.5687023401260376, \"no_speech_prob\": 0.20427773892879486}, {\"id\": 59, \"seek\": 11200, \"start\": 121.0, \"end\": 122.0, \"text\": \" You guys look fantastic.\", \"tokens\": [50814, 509, 1074, 574, 5456, 13, 50864], \"temperature\": 0.0, \"avg_logprob\": -0.16967880725860596, \"compression_ratio\": 1.5687023401260376, \"no_speech_prob\": 0.20427773892879486}, {\"id\": 60, \"seek\": 11200, \"start\": 122.0, \"end\": 123.0, \"text\": \" And it's good.\", \"tokens\": [50864, 400, 309, 311, 665, 13, 50914], \"temperature\": 0.0, \"avg_logprob\": -0.16967880725860596, \"compression_ratio\": 1.5687023401260376, \"no_speech_prob\": 0.20427773892879486}, {\"id\": 61, \"seek\": 11200, \"start\": 123.0, \"end\": 125.0, \"text\": \" Eating right is an important part of dating,\", \"tokens\": [50914, 29234, 558, 307, 364, 1021, 644, 295, 10689, 11, 51014], \"temperature\": 0.0, \"avg_logprob\": -0.16967880725860596, \"compression_ratio\": 1.5687023401260376, \"no_speech_prob\": 0.20427773892879486}, {\"id\": 62, \"seek\": 11200, \"start\": 125.0, \"end\": 128.0, \"text\": \" because when you're looking and feeling healthy,\", \"tokens\": [51014, 570, 562, 291, 434, 1237, 293, 2633, 4627, 11, 51164], \"temperature\": 0.0, \"avg_logprob\": -0.16967880725860596, \"compression_ratio\": 1.5687023401260376, \"no_speech_prob\": 0.20427773892879486}, {\"id\": 63, \"seek\": 11200, \"start\": 128.0, \"end\": 130.0, \"text\": \" then you're going to attract healthy women.\", \"tokens\": [51164, 550, 291, 434, 516, 281, 5049, 4627, 2266, 13, 51264], \"temperature\": 0.0, \"avg_logprob\": -0.16967880725860596, \"compression_ratio\": 1.5687023401260376, \"no_speech_prob\": 0.20427773892879486}, {\"id\": 64, \"seek\": 11200, \"start\": 130.0, \"end\": 132.0, \"text\": \" What about you?\", \"tokens\": [51264, 708, 466, 291, 30, 51364], \"temperature\": 0.0, \"avg_logprob\": -0.16967880725860596, \"compression_ratio\": 1.5687023401260376, \"no_speech_prob\": 0.20427773892879486}, {\"id\": 65, \"seek\": 11200, \"start\": 132.0, \"end\": 136.0, \"text\": \" Greetings, attractive human female.\", \"tokens\": [51364, 20032, 11, 12609, 1952, 6556, 13, 51564], \"temperature\": 0.0, \"avg_logprob\": -0.16967880725860596, \"compression_ratio\": 1.5687023401260376, \"no_speech_prob\": 0.20427773892879486}, {\"id\": 66, \"seek\": 11200, \"start\": 136.0, \"end\": 138.0, \"text\": \" What did you call me?\", \"tokens\": [51564, 708, 630, 291, 818, 385, 30, 51664], \"temperature\": 0.0, \"avg_logprob\": -0.16967880725860596, \"compression_ratio\": 1.5687023401260376, \"no_speech_prob\": 0.20427773892879486}, {\"id\": 67, \"seek\": 13800, \"start\": 139.0, \"end\": 145.0, \"text\": \" Um, attractive human female, is it agreeable to meet you?\", \"tokens\": [50414, 3301, 11, 12609, 1952, 6556, 11, 307, 309, 3986, 712, 281, 1677, 291, 30, 50714], \"temperature\": 0.0, \"avg_logprob\": -0.21585345268249512, \"compression_ratio\": 1.430656909942627, \"no_speech_prob\": 0.2973150610923767}, {\"id\": 68, \"seek\": 13800, \"start\": 145.0, \"end\": 148.0, \"text\": \" Attractive human female?\", \"tokens\": [50714, 7298, 1897, 488, 1952, 6556, 30, 50864], \"temperature\": 0.0, \"avg_logprob\": -0.21585345268249512, \"compression_ratio\": 1.430656909942627, \"no_speech_prob\": 0.2973150610923767}, {\"id\": 69, \"seek\": 13800, \"start\": 148.0, \"end\": 149.0, \"text\": \" No.\", \"tokens\": [50864, 883, 13, 50914], \"temperature\": 0.0, \"avg_logprob\": -0.21585345268249512, \"compression_ratio\": 1.430656909942627, \"no_speech_prob\": 0.2973150610923767}, {\"id\": 70, \"seek\": 13800, \"start\": 149.0, \"end\": 151.0, \"text\": \" Call me by my name.\", \"tokens\": [50914, 7807, 385, 538, 452, 1315, 13, 51014], \"temperature\": 0.0, \"avg_logprob\": -0.21585345268249512, \"compression_ratio\": 1.430656909942627, \"no_speech_prob\": 0.2973150610923767}, {\"id\": 71, \"seek\": 13800, \"start\": 155.0, \"end\": 158.0, \"text\": \" Do you know my name?\", \"tokens\": [51214, 1144, 291, 458, 452, 1315, 30, 51364], \"temperature\": 0.0, \"avg_logprob\": -0.21585345268249512, \"compression_ratio\": 1.430656909942627, \"no_speech_prob\": 0.2973150610923767}, {\"id\": 72, \"seek\": 13800, \"start\": 161.0, \"end\": 163.0, \"text\": \" Does he know any of your names?\", \"tokens\": [51514, 4402, 415, 458, 604, 295, 428, 5288, 30, 51614], \"temperature\": 0.0, \"avg_logprob\": -0.21585345268249512, \"compression_ratio\": 1.430656909942627, \"no_speech_prob\": 0.2973150610923767}, {\"id\": 73, \"seek\": 13800, \"start\": 163.0, \"end\": 165.0, \"text\": \" No, actually, I don't think he does.\", \"tokens\": [51614, 883, 11, 767, 11, 286, 500, 380, 519, 415, 775, 13, 51714], \"temperature\": 0.0, \"avg_logprob\": -0.21585345268249512, \"compression_ratio\": 1.430656909942627, \"no_speech_prob\": 0.2973150610923767}, {\"id\": 74, \"seek\": 16500, \"start\": 165.0, \"end\": 168.0, \"text\": \" He calls us fellow student.\", \"tokens\": [50364, 634, 5498, 505, 7177, 3107, 13, 50514], \"temperature\": 0.0, \"avg_logprob\": -0.22827830910682678, \"compression_ratio\": 1.700534701347351, \"no_speech_prob\": 0.05335381254553795}, {\"id\": 75, \"seek\": 16500, \"start\": 168.0, \"end\": 170.0, \"text\": \" You don't know any of their names?\", \"tokens\": [50514, 509, 500, 380, 458, 604, 295, 641, 5288, 30, 50614], \"temperature\": 0.0, \"avg_logprob\": -0.22827830910682678, \"compression_ratio\": 1.700534701347351, \"no_speech_prob\": 0.05335381254553795}, {\"id\": 76, \"seek\": 16500, \"start\": 170.0, \"end\": 172.0, \"text\": \" Negative, human female.\", \"tokens\": [50614, 43230, 11, 1952, 6556, 13, 50714], \"temperature\": 0.0, \"avg_logprob\": -0.22827830910682678, \"compression_ratio\": 1.700534701347351, \"no_speech_prob\": 0.05335381254553795}, {\"id\": 77, \"seek\": 16500, \"start\": 172.0, \"end\": 175.0, \"text\": \" What did I tell you about calling me that?\", \"tokens\": [50714, 708, 630, 286, 980, 291, 466, 5141, 385, 300, 30, 50864], \"temperature\": 0.0, \"avg_logprob\": -0.22827830910682678, \"compression_ratio\": 1.700534701347351, \"no_speech_prob\": 0.05335381254553795}, {\"id\": 78, \"seek\": 16500, \"start\": 175.0, \"end\": 177.0, \"text\": \" Human female.\", \"tokens\": [50864, 10294, 6556, 13, 50964], \"temperature\": 0.0, \"avg_logprob\": -0.22827830910682678, \"compression_ratio\": 1.700534701347351, \"no_speech_prob\": 0.05335381254553795}, {\"id\": 79, \"seek\": 16500, \"start\": 177.0, \"end\": 180.0, \"text\": \" No, do not call me human female.\", \"tokens\": [50964, 883, 11, 360, 406, 818, 385, 1952, 6556, 13, 51114], \"temperature\": 0.0, \"avg_logprob\": -0.22827830910682678, \"compression_ratio\": 1.700534701347351, \"no_speech_prob\": 0.05335381254553795}, {\"id\": 80, \"seek\": 16500, \"start\": 180.0, \"end\": 181.0, \"text\": \" I am Jamie.\", \"tokens\": [51114, 286, 669, 19309, 13, 51164], \"temperature\": 0.0, \"avg_logprob\": -0.22827830910682678, \"compression_ratio\": 1.700534701347351, \"no_speech_prob\": 0.05335381254553795}, {\"id\": 81, \"seek\": 16500, \"start\": 181.0, \"end\": 183.0, \"text\": \" Call me by my name.\", \"tokens\": [51164, 7807, 385, 538, 452, 1315, 13, 51264], \"temperature\": 0.0, \"avg_logprob\": -0.22827830910682678, \"compression_ratio\": 1.700534701347351, \"no_speech_prob\": 0.05335381254553795}, {\"id\": 82, \"seek\": 16500, \"start\": 183.0, \"end\": 185.0, \"text\": \" Master Cole!\", \"tokens\": [51264, 6140, 20394, 0, 51364], \"temperature\": 0.0, \"avg_logprob\": -0.22827830910682678, \"compression_ratio\": 1.700534701347351, \"no_speech_prob\": 0.05335381254553795}, {\"id\": 83, \"seek\": 16500, \"start\": 185.0, \"end\": 187.0, \"text\": \" Master Cole is not going to help you here.\", \"tokens\": [51364, 6140, 20394, 307, 406, 516, 281, 854, 291, 510, 13, 51464], \"temperature\": 0.0, \"avg_logprob\": -0.22827830910682678, \"compression_ratio\": 1.700534701347351, \"no_speech_prob\": 0.05335381254553795}, {\"id\": 84, \"seek\": 16500, \"start\": 187.0, \"end\": 188.0, \"text\": \" Call me by my name.\", \"tokens\": [51464, 7807, 385, 538, 452, 1315, 13, 51514], \"temperature\": 0.0, \"avg_logprob\": -0.22827830910682678, \"compression_ratio\": 1.700534701347351, \"no_speech_prob\": 0.05335381254553795}, {\"id\": 85, \"seek\": 16500, \"start\": 188.0, \"end\": 190.0, \"text\": \" Say my name, dammit!\", \"tokens\": [51514, 6463, 452, 1315, 11, 2422, 3508, 0, 51614], \"temperature\": 0.0, \"avg_logprob\": -0.22827830910682678, \"compression_ratio\": 1.700534701347351, \"no_speech_prob\": 0.05335381254553795}, {\"id\": 86, \"seek\": 16500, \"start\": 192.0, \"end\": 193.0, \"text\": \" Say my name!\", \"tokens\": [51714, 6463, 452, 1315, 0, 51764], \"temperature\": 0.0, \"avg_logprob\": -0.22827830910682678, \"compression_ratio\": 1.700534701347351, \"no_speech_prob\": 0.05335381254553795}, {\"id\": 87, \"seek\": 19300, \"start\": 193.0, \"end\": 195.0, \"text\": \" I swear to God, I'm going to beat the crap out of you!\", \"tokens\": [50364, 286, 11902, 281, 1265, 11, 286, 478, 516, 281, 4224, 264, 12426, 484, 295, 291, 0, 50464], \"temperature\": 0.0, \"avg_logprob\": -0.2248794436454773, \"compression_ratio\": 1.4754902124404907, \"no_speech_prob\": 0.020946381613612175}, {\"id\": 88, \"seek\": 19300, \"start\": 195.0, \"end\": 197.0, \"text\": \" Alright, Jamie!\", \"tokens\": [50464, 2798, 11, 19309, 0, 50564], \"temperature\": 0.0, \"avg_logprob\": -0.2248794436454773, \"compression_ratio\": 1.4754902124404907, \"no_speech_prob\": 0.020946381613612175}, {\"id\": 89, \"seek\": 19300, \"start\": 197.0, \"end\": 199.0, \"text\": \" Okay, Jamie!\", \"tokens\": [50564, 1033, 11, 19309, 0, 50664], \"temperature\": 0.0, \"avg_logprob\": -0.2248794436454773, \"compression_ratio\": 1.4754902124404907, \"no_speech_prob\": 0.020946381613612175}, {\"id\": 90, \"seek\": 19300, \"start\": 199.0, \"end\": 202.0, \"text\": \" Jeez, lady, what is your deal?\", \"tokens\": [50664, 48516, 11, 7262, 11, 437, 307, 428, 2028, 30, 50814], \"temperature\": 0.0, \"avg_logprob\": -0.2248794436454773, \"compression_ratio\": 1.4754902124404907, \"no_speech_prob\": 0.020946381613612175}, {\"id\": 91, \"seek\": 19300, \"start\": 203.0, \"end\": 205.0, \"text\": \" What did you do to him?\", \"tokens\": [50864, 708, 630, 291, 360, 281, 796, 30, 50964], \"temperature\": 0.0, \"avg_logprob\": -0.2248794436454773, \"compression_ratio\": 1.4754902124404907, \"no_speech_prob\": 0.020946381613612175}, {\"id\": 92, \"seek\": 19300, \"start\": 206.0, \"end\": 209.0, \"text\": \" From now on, you're going to be real with us.\", \"tokens\": [51014, 3358, 586, 322, 11, 291, 434, 516, 281, 312, 957, 365, 505, 13, 51164], \"temperature\": 0.0, \"avg_logprob\": -0.2248794436454773, \"compression_ratio\": 1.4754902124404907, \"no_speech_prob\": 0.020946381613612175}, {\"id\": 93, \"seek\": 19300, \"start\": 209.0, \"end\": 211.0, \"text\": \" Cut the bullshit.\", \"tokens\": [51164, 9431, 264, 22676, 13, 51264], \"temperature\": 0.0, \"avg_logprob\": -0.2248794436454773, \"compression_ratio\": 1.4754902124404907, \"no_speech_prob\": 0.020946381613612175}, {\"id\": 94, \"seek\": 19300, \"start\": 211.0, \"end\": 214.0, \"text\": \" I'm Jamie, these guys are Eli and Doug,\", \"tokens\": [51264, 286, 478, 19309, 11, 613, 1074, 366, 16943, 293, 12742, 11, 51414], \"temperature\": 0.0, \"avg_logprob\": -0.2248794436454773, \"compression_ratio\": 1.4754902124404907, \"no_speech_prob\": 0.020946381613612175}, {\"id\": 95, \"seek\": 19300, \"start\": 214.0, \"end\": 216.0, \"text\": \" and your coaches are Robbie and Brian.\", \"tokens\": [51414, 293, 428, 17503, 366, 45749, 293, 10765, 13, 51514], \"temperature\": 0.0, \"avg_logprob\": -0.2248794436454773, \"compression_ratio\": 1.4754902124404907, \"no_speech_prob\": 0.020946381613612175}, {\"id\": 96, \"seek\": 19300, \"start\": 216.0, \"end\": 219.0, \"text\": \" Okay, got it.\", \"tokens\": [51514, 1033, 11, 658, 309, 13, 51664], \"temperature\": 0.0, \"avg_logprob\": -0.2248794436454773, \"compression_ratio\": 1.4754902124404907, \"no_speech_prob\": 0.020946381613612175}, {\"id\": 97, \"seek\": 19300, \"start\": 219.0, \"end\": 220.0, \"text\": \" Good.\", \"tokens\": [51664, 2205, 13, 51714], \"temperature\": 0.0, \"avg_logprob\": -0.2248794436454773, \"compression_ratio\": 1.4754902124404907, \"no_speech_prob\": 0.020946381613612175}, {\"id\": 98, \"seek\": 22300, \"start\": 224.0, \"end\": 226.0, \"text\": \" I'm a firm believer in tough love.\", \"tokens\": [50414, 286, 478, 257, 6174, 23892, 294, 4930, 959, 13, 50514], \"temperature\": 0.0, \"avg_logprob\": -0.15298354625701904, \"compression_ratio\": 1.5611510276794434, \"no_speech_prob\": 0.23926794528961182}, {\"id\": 99, \"seek\": 22300, \"start\": 226.0, \"end\": 228.0, \"text\": \" You really have to teach people how to treat you.\", \"tokens\": [50514, 509, 534, 362, 281, 2924, 561, 577, 281, 2387, 291, 13, 50614], \"temperature\": 0.0, \"avg_logprob\": -0.15298354625701904, \"compression_ratio\": 1.5611510276794434, \"no_speech_prob\": 0.23926794528961182}, {\"id\": 100, \"seek\": 22300, \"start\": 228.0, \"end\": 230.0, \"text\": \" Sometimes it takes a bat over the head\", \"tokens\": [50614, 4803, 309, 2516, 257, 7362, 670, 264, 1378, 50714], \"temperature\": 0.0, \"avg_logprob\": -0.15298354625701904, \"compression_ratio\": 1.5611510276794434, \"no_speech_prob\": 0.23926794528961182}, {\"id\": 101, \"seek\": 22300, \"start\": 230.0, \"end\": 232.0, \"text\": \" just to get the point across.\", \"tokens\": [50714, 445, 281, 483, 264, 935, 2108, 13, 50814], \"temperature\": 0.0, \"avg_logprob\": -0.15298354625701904, \"compression_ratio\": 1.5611510276794434, \"no_speech_prob\": 0.23926794528961182}, {\"id\": 102, \"seek\": 22300, \"start\": 232.0, \"end\": 235.0, \"text\": \" And it just so happens that I'm the one with the bat.\", \"tokens\": [50814, 400, 309, 445, 370, 2314, 300, 286, 478, 264, 472, 365, 264, 7362, 13, 50964], \"temperature\": 0.0, \"avg_logprob\": -0.15298354625701904, \"compression_ratio\": 1.5611510276794434, \"no_speech_prob\": 0.23926794528961182}, {\"id\": 103, \"seek\": 22300, \"start\": 235.0, \"end\": 237.0, \"text\": \" Do I feel any different?\", \"tokens\": [50964, 1144, 286, 841, 604, 819, 30, 51064], \"temperature\": 0.0, \"avg_logprob\": -0.15298354625701904, \"compression_ratio\": 1.5611510276794434, \"no_speech_prob\": 0.23926794528961182}, {\"id\": 104, \"seek\": 22300, \"start\": 237.0, \"end\": 240.0, \"text\": \" I mean, I'm a little upset that that bitch yelled at me,\", \"tokens\": [51064, 286, 914, 11, 286, 478, 257, 707, 8340, 300, 300, 11960, 38023, 412, 385, 11, 51214], \"temperature\": 0.0, \"avg_logprob\": -0.15298354625701904, \"compression_ratio\": 1.5611510276794434, \"no_speech_prob\": 0.23926794528961182}, {\"id\": 105, \"seek\": 22300, \"start\": 240.0, \"end\": 242.0, \"text\": \" but other than that, no,\", \"tokens\": [51214, 457, 661, 813, 300, 11, 572, 11, 51314], \"temperature\": 0.0, \"avg_logprob\": -0.15298354625701904, \"compression_ratio\": 1.5611510276794434, \"no_speech_prob\": 0.23926794528961182}, {\"id\": 106, \"seek\": 22300, \"start\": 242.0, \"end\": 244.0, \"text\": \" I feel pretty much exactly the same.\", \"tokens\": [51314, 286, 841, 1238, 709, 2293, 264, 912, 13, 51414], \"temperature\": 0.0, \"avg_logprob\": -0.15298354625701904, \"compression_ratio\": 1.5611510276794434, \"no_speech_prob\": 0.23926794528961182}, {\"id\": 107, \"seek\": 22300, \"start\": 244.0, \"end\": 246.0, \"text\": \" Why?\", \"tokens\": [51414, 1545, 30, 51514], \"temperature\": 0.0, \"avg_logprob\": -0.15298354625701904, \"compression_ratio\": 1.5611510276794434, \"no_speech_prob\": 0.23926794528961182}, {\"id\": 108, \"seek\": 22300, \"start\": 246.0, \"end\": 248.0, \"text\": \" Hey, do you know why I'm wearing this?\", \"tokens\": [51514, 1911, 11, 360, 291, 458, 983, 286, 478, 4769, 341, 30, 51614], \"temperature\": 0.0, \"avg_logprob\": -0.15298354625701904, \"compression_ratio\": 1.5611510276794434, \"no_speech_prob\": 0.23926794528961182}, {\"id\": 109, \"seek\": 22300, \"start\": 248.0, \"end\": 251.0, \"text\": \" I look like that guy from Sling Blade.\", \"tokens\": [51614, 286, 574, 411, 300, 2146, 490, 318, 1688, 32230, 13, 51764], \"temperature\": 0.0, \"avg_logprob\": -0.15298354625701904, \"compression_ratio\": 1.5611510276794434, \"no_speech_prob\": 0.23926794528961182}, {\"id\": 110, \"seek\": 25100, \"start\": 251.0, \"end\": 254.0, \"text\": \" You know, the guy that kills people with the blade?\", \"tokens\": [50364, 509, 458, 11, 264, 2146, 300, 14563, 561, 365, 264, 10959, 30, 50514], \"temperature\": 0.0, \"avg_logprob\": -0.2310967743396759, \"compression_ratio\": 1.4587628841400146, \"no_speech_prob\": 0.006191376596689224}, {\"id\": 111, \"seek\": 25100, \"start\": 254.0, \"end\": 256.0, \"text\": \" Sling?\", \"tokens\": [50514, 318, 1688, 30, 50614], \"temperature\": 0.0, \"avg_logprob\": -0.2310967743396759, \"compression_ratio\": 1.4587628841400146, \"no_speech_prob\": 0.006191376596689224}, {\"id\": 112, \"seek\": 25100, \"start\": 256.0, \"end\": 258.0, \"text\": \" Never mind.\", \"tokens\": [50614, 7344, 1575, 13, 50714], \"temperature\": 0.0, \"avg_logprob\": -0.2310967743396759, \"compression_ratio\": 1.4587628841400146, \"no_speech_prob\": 0.006191376596689224}, {\"id\": 113, \"seek\": 25100, \"start\": 258.0, \"end\": 261.0, \"text\": \" So that's why you hired a personal trainer?\", \"tokens\": [50714, 407, 300, 311, 983, 291, 13144, 257, 2973, 21110, 30, 50864], \"temperature\": 0.0, \"avg_logprob\": -0.2310967743396759, \"compression_ratio\": 1.4587628841400146, \"no_speech_prob\": 0.006191376596689224}, {\"id\": 114, \"seek\": 25100, \"start\": 261.0, \"end\": 263.0, \"text\": \" Yep.\", \"tokens\": [50864, 7010, 13, 50964], \"temperature\": 0.0, \"avg_logprob\": -0.2310967743396759, \"compression_ratio\": 1.4587628841400146, \"no_speech_prob\": 0.006191376596689224}, {\"id\": 115, \"seek\": 25100, \"start\": 263.0, \"end\": 265.0, \"text\": \" Totally almost got her number.\", \"tokens\": [50964, 22837, 1920, 658, 720, 1230, 13, 51064], \"temperature\": 0.0, \"avg_logprob\": -0.2310967743396759, \"compression_ratio\": 1.4587628841400146, \"no_speech_prob\": 0.006191376596689224}, {\"id\": 116, \"seek\": 25100, \"start\": 265.0, \"end\": 268.0, \"text\": \" Dude, she's into me.\", \"tokens\": [51064, 12042, 11, 750, 311, 666, 385, 13, 51214], \"temperature\": 0.0, \"avg_logprob\": -0.2310967743396759, \"compression_ratio\": 1.4587628841400146, \"no_speech_prob\": 0.006191376596689224}, {\"id\": 117, \"seek\": 25100, \"start\": 268.0, \"end\": 270.0, \"text\": \" We have matching hair.\", \"tokens\": [51214, 492, 362, 14324, 2578, 13, 51314], \"temperature\": 0.0, \"avg_logprob\": -0.2310967743396759, \"compression_ratio\": 1.4587628841400146, \"no_speech_prob\": 0.006191376596689224}, {\"id\": 118, \"seek\": 25100, \"start\": 271.0, \"end\": 274.0, \"text\": \" Yeah, but mostly she wanted to give me her number,\", \"tokens\": [51364, 865, 11, 457, 5240, 750, 1415, 281, 976, 385, 720, 1230, 11, 51514], \"temperature\": 0.0, \"avg_logprob\": -0.2310967743396759, \"compression_ratio\": 1.4587628841400146, \"no_speech_prob\": 0.006191376596689224}, {\"id\": 119, \"seek\": 25100, \"start\": 274.0, \"end\": 276.0, \"text\": \" so that's what counts.\", \"tokens\": [51514, 370, 300, 311, 437, 14893, 13, 51614], \"temperature\": 0.0, \"avg_logprob\": -0.2310967743396759, \"compression_ratio\": 1.4587628841400146, \"no_speech_prob\": 0.006191376596689224}, {\"id\": 120, \"seek\": 25100, \"start\": 277.0, \"end\": 279.0, \"text\": \" No it doesn't.\", \"tokens\": [51664, 883, 309, 1177, 380, 13, 51764], \"temperature\": 0.0, \"avg_logprob\": -0.2310967743396759, \"compression_ratio\": 1.4587628841400146, \"no_speech_prob\": 0.006191376596689224}, {\"id\": 121, \"seek\": 27900, \"start\": 279.0, \"end\": 281.0, \"text\": \" No, that counts.\", \"tokens\": [50364, 883, 11, 300, 14893, 13, 50464], \"temperature\": 0.0, \"avg_logprob\": -0.2173183560371399, \"compression_ratio\": 1.4463276863098145, \"no_speech_prob\": 0.0034815699327737093}, {\"id\": 122, \"seek\": 27900, \"start\": 281.0, \"end\": 283.0, \"text\": \" But see, almost is just as good as the mist.\", \"tokens\": [50464, 583, 536, 11, 1920, 307, 445, 382, 665, 382, 264, 3544, 13, 50564], \"temperature\": 0.0, \"avg_logprob\": -0.2173183560371399, \"compression_ratio\": 1.4463276863098145, \"no_speech_prob\": 0.0034815699327737093}, {\"id\": 123, \"seek\": 27900, \"start\": 283.0, \"end\": 285.0, \"text\": \" Yeah, but see, she didn't want to make you feel bad\", \"tokens\": [50564, 865, 11, 457, 536, 11, 750, 994, 380, 528, 281, 652, 291, 841, 1578, 50664], \"temperature\": 0.0, \"avg_logprob\": -0.2173183560371399, \"compression_ratio\": 1.4463276863098145, \"no_speech_prob\": 0.0034815699327737093}, {\"id\": 124, \"seek\": 27900, \"start\": 285.0, \"end\": 287.0, \"text\": \" by giving me her number.\", \"tokens\": [50664, 538, 2902, 385, 720, 1230, 13, 50764], \"temperature\": 0.0, \"avg_logprob\": -0.2173183560371399, \"compression_ratio\": 1.4463276863098145, \"no_speech_prob\": 0.0034815699327737093}, {\"id\": 125, \"seek\": 27900, \"start\": 287.0, \"end\": 289.0, \"text\": \" Or she didn't want you to get it too.\", \"tokens\": [50764, 1610, 750, 994, 380, 528, 291, 281, 483, 309, 886, 13, 50864], \"temperature\": 0.0, \"avg_logprob\": -0.2173183560371399, \"compression_ratio\": 1.4463276863098145, \"no_speech_prob\": 0.0034815699327737093}, {\"id\": 126, \"seek\": 27900, \"start\": 289.0, \"end\": 291.0, \"text\": \" She said I look fantastic.\", \"tokens\": [50864, 1240, 848, 286, 574, 5456, 13, 50964], \"temperature\": 0.0, \"avg_logprob\": -0.2173183560371399, \"compression_ratio\": 1.4463276863098145, \"no_speech_prob\": 0.0034815699327737093}, {\"id\": 127, \"seek\": 27900, \"start\": 291.0, \"end\": 293.0, \"text\": \" You know, you gotta keep the self-esteem up somehow.\", \"tokens\": [50964, 509, 458, 11, 291, 3428, 1066, 264, 2698, 12, 35301, 493, 6063, 13, 51064], \"temperature\": 0.0, \"avg_logprob\": -0.2173183560371399, \"compression_ratio\": 1.4463276863098145, \"no_speech_prob\": 0.0034815699327737093}]}"}