{"title": "The weird link between muscle mass and social skills\u2026", "video_id": "j_a_ze4ITk0", "video_url": "https://www.youtube.com/watch?v=j_a_ze4ITk0", "description": "", "published_at": "2023-05-18T21:52:01Z", "channel_id": "UC0O-ohYDF4P66HW9XJ4Us8w", "channel_title": "Robbie Kramer", "tags": [], "category_id": "24", "live_broadcast_content": "none", "duration": 30.0, "dimension": "2d", "definition": "hd", "caption": "false", "view_count": 108, "like_count": 0, "comment_count": 0, "channel_info": {"title": "Robbie Kramer", "description": "I'm Robbie Kramer \ud83c\udf99Host of The Inner Confidence Podcast & Founder of Inner Confidence, Inc.\n\nI lived an exhilarating single life filled with adventures and lessons, and ultimately achieved what I had always aspired to \u2013 finding an amazing, feminine, and loving wife. \n\nI believe my experiences provide a rare balance of wild freedom and committed love, equipping me with the insights to help you navigate the complexities of dating and relationships in today's world. Let me guide you to embrace your desires, improve your social prowess, and ultimately attract the partner who aligns with your highest aspirations.\n\nYou won\u2019t find any fluffy, new-age, or cringy stuff here, just tested, proven and actionable advice that yields results.\n\nApply to join our exclusive Inner Confidence Community of ambitious men who are actively working together to achieve their goals faster   \u25ba https://innerconfidence.com/community\n\nYou can email me at robbie@innerconfidence.com with any questions or comments.\n", "subscriber_count": "1270", "total_views": "604693", "total_videos": "470"}, "comments": [], "file_path": "/Users/aelaguiz/workspace/fc_book/audio/raws/j_a_ze4ITk0.mp3", "transcription": "{\"text\": \"You talk to a thousand girls, your body is so used to talking to girls, right? You're adapted to being a social creature and talking to girls. If you don't talk to anyone for 10 years and you come back and you head to Europe, right, and you head to London and you try and chat up some chick, how is that going to go? Probably not so well, right? Because you're going to lose the ability to do that. It's exactly the same. The body just wants to keep you alive. And if you are not using your muscles, it's going to say, why are we keeping these around? Why are we expending resources on keeping this here when there is no function? And the body just wants to keep you alive in a long enough time frame. \", \"segments\": [{\"id\": 0, \"seek\": 0, \"start\": 0.0, \"end\": 3.380000114440918, \"text\": \" You talk to a thousand girls, your body is so used to talking to girls, right?\", \"tokens\": [50364, 509, 751, 281, 257, 4714, 4519, 11, 428, 1772, 307, 370, 1143, 281, 1417, 281, 4519, 11, 558, 30, 50533], \"temperature\": 0.0, \"avg_logprob\": -0.22882051765918732, \"compression_ratio\": 1.9100817441940308, \"no_speech_prob\": 3.294082489446737e-05}, {\"id\": 1, \"seek\": 0, \"start\": 3.380000114440918, \"end\": 5.920000076293945, \"text\": \" You're adapted to being a social creature and talking to girls.\", \"tokens\": [50533, 509, 434, 20871, 281, 885, 257, 2093, 12797, 293, 1417, 281, 4519, 13, 50660], \"temperature\": 0.0, \"avg_logprob\": -0.22882051765918732, \"compression_ratio\": 1.9100817441940308, \"no_speech_prob\": 3.294082489446737e-05}, {\"id\": 2, \"seek\": 0, \"start\": 5.920000076293945, \"end\": 9.920000076293945, \"text\": \" If you don't talk to anyone for 10 years and you come back and you head to Europe,\", \"tokens\": [50660, 759, 291, 500, 380, 751, 281, 2878, 337, 1266, 924, 293, 291, 808, 646, 293, 291, 1378, 281, 3315, 11, 50860], \"temperature\": 0.0, \"avg_logprob\": -0.22882051765918732, \"compression_ratio\": 1.9100817441940308, \"no_speech_prob\": 3.294082489446737e-05}, {\"id\": 3, \"seek\": 0, \"start\": 9.920000076293945, \"end\": 12.800000190734863, \"text\": \" right, and you head to London and you try and chat up some chick,\", \"tokens\": [50860, 558, 11, 293, 291, 1378, 281, 7042, 293, 291, 853, 293, 5081, 493, 512, 14371, 11, 51004], \"temperature\": 0.0, \"avg_logprob\": -0.22882051765918732, \"compression_ratio\": 1.9100817441940308, \"no_speech_prob\": 3.294082489446737e-05}, {\"id\": 4, \"seek\": 0, \"start\": 12.800000190734863, \"end\": 13.460000038146973, \"text\": \" how is that going to go?\", \"tokens\": [51004, 577, 307, 300, 516, 281, 352, 30, 51037], \"temperature\": 0.0, \"avg_logprob\": -0.22882051765918732, \"compression_ratio\": 1.9100817441940308, \"no_speech_prob\": 3.294082489446737e-05}, {\"id\": 5, \"seek\": 0, \"start\": 13.460000038146973, \"end\": 14.5, \"text\": \" Probably not so well, right?\", \"tokens\": [51037, 9210, 406, 370, 731, 11, 558, 30, 51089], \"temperature\": 0.0, \"avg_logprob\": -0.22882051765918732, \"compression_ratio\": 1.9100817441940308, \"no_speech_prob\": 3.294082489446737e-05}, {\"id\": 6, \"seek\": 0, \"start\": 14.5, \"end\": 16.260000228881836, \"text\": \" Because you're going to lose the ability to do that.\", \"tokens\": [51089, 1436, 291, 434, 516, 281, 3624, 264, 3485, 281, 360, 300, 13, 51177], \"temperature\": 0.0, \"avg_logprob\": -0.22882051765918732, \"compression_ratio\": 1.9100817441940308, \"no_speech_prob\": 3.294082489446737e-05}, {\"id\": 7, \"seek\": 0, \"start\": 16.260000228881836, \"end\": 17.100000381469727, \"text\": \" It's exactly the same.\", \"tokens\": [51177, 467, 311, 2293, 264, 912, 13, 51219], \"temperature\": 0.0, \"avg_logprob\": -0.22882051765918732, \"compression_ratio\": 1.9100817441940308, \"no_speech_prob\": 3.294082489446737e-05}, {\"id\": 8, \"seek\": 0, \"start\": 17.100000381469727, \"end\": 18.639999389648438, \"text\": \" The body just wants to keep you alive.\", \"tokens\": [51219, 440, 1772, 445, 2738, 281, 1066, 291, 5465, 13, 51296], \"temperature\": 0.0, \"avg_logprob\": -0.22882051765918732, \"compression_ratio\": 1.9100817441940308, \"no_speech_prob\": 3.294082489446737e-05}, {\"id\": 9, \"seek\": 0, \"start\": 18.639999389648438, \"end\": 21.299999237060547, \"text\": \" And if you are not using your muscles, it's going to say,\", \"tokens\": [51296, 400, 498, 291, 366, 406, 1228, 428, 9530, 11, 309, 311, 516, 281, 584, 11, 51429], \"temperature\": 0.0, \"avg_logprob\": -0.22882051765918732, \"compression_ratio\": 1.9100817441940308, \"no_speech_prob\": 3.294082489446737e-05}, {\"id\": 10, \"seek\": 0, \"start\": 21.299999237060547, \"end\": 22.479999542236328, \"text\": \" why are we keeping these around?\", \"tokens\": [51429, 983, 366, 321, 5145, 613, 926, 30, 51488], \"temperature\": 0.0, \"avg_logprob\": -0.22882051765918732, \"compression_ratio\": 1.9100817441940308, \"no_speech_prob\": 3.294082489446737e-05}, {\"id\": 11, \"seek\": 0, \"start\": 22.479999542236328, \"end\": 26.440000534057617, \"text\": \" Why are we expending resources on keeping this here when there is no function?\", \"tokens\": [51488, 1545, 366, 321, 1278, 2029, 3593, 322, 5145, 341, 510, 562, 456, 307, 572, 2445, 30, 51686], \"temperature\": 0.0, \"avg_logprob\": -0.22882051765918732, \"compression_ratio\": 1.9100817441940308, \"no_speech_prob\": 3.294082489446737e-05}, {\"id\": 12, \"seek\": 0, \"start\": 26.440000534057617, \"end\": 28.979999542236328, \"text\": \" And the body just wants to keep you alive in a long enough time frame.\", \"tokens\": [51686, 400, 264, 1772, 445, 2738, 281, 1066, 291, 5465, 294, 257, 938, 1547, 565, 3920, 13, 51813], \"temperature\": 0.0, \"avg_logprob\": -0.22882051765918732, \"compression_ratio\": 1.9100817441940308, \"no_speech_prob\": 3.294082489446737e-05}]}"}