{"title": "Is your girlfriend a narcissist or are you?", "video_id": "jecuQdw9Ud4", "video_url": "https://www.youtube.com/watch?v=jecuQdw9Ud4", "description": "", "published_at": "2023-06-20T20:55:19Z", "channel_id": "UC0O-ohYDF4P66HW9XJ4Us8w", "channel_title": "Robbie Kramer", "tags": [], "category_id": "24", "live_broadcast_content": "none", "duration": 26.0, "dimension": "2d", "definition": "hd", "caption": "false", "view_count": 1500, "like_count": 16, "comment_count": 1, "channel_info": {"title": "Robbie Kramer", "description": "I'm Robbie Kramer \ud83c\udf99Host of The Inner Confidence Podcast & Founder of Inner Confidence, Inc.\n\nI lived an exhilarating single life filled with adventures and lessons, and ultimately achieved what I had always aspired to \u2013 finding an amazing, feminine, and loving wife. \n\nI believe my experiences provide a rare balance of wild freedom and committed love, equipping me with the insights to help you navigate the complexities of dating and relationships in today's world. Let me guide you to embrace your desires, improve your social prowess, and ultimately attract the partner who aligns with your highest aspirations.\n\nYou won\u2019t find any fluffy, new-age, or cringy stuff here, just tested, proven and actionable advice that yields results.\n\nApply to join our exclusive Inner Confidence Community of ambitious men who are actively working together to achieve their goals faster   \u25ba https://innerconfidence.com/community\n\nYou can email me at robbie@innerconfidence.com with any questions or comments.\n", "subscriber_count": "1270", "total_views": "604693", "total_videos": "470"}, "comments": [], "file_path": "/Users/aelaguiz/workspace/fc_book/audio/raws/jecuQdw9Ud4.mp3", "transcription": "{\"text\": \"My experience when I've dated a girl who's done lots of crazy, wacky stuff that I didn't expect. I've seen a lot of patterns in women that I've dated, and I've also seen the patterns in myself when I was in the wrong relationships. And those patterns would, you know, categorize me as either a narcissist or avoidant, multiple personality disorder, bipolar. They're all comorbid with each other, which means they're all overlapping like crazy. So if you think your girlfriend's a narcissist, she's probably avoidant in many ways. \", \"segments\": [{\"id\": 0, \"seek\": 0, \"start\": 0.0, \"end\": 5.360000133514404, \"text\": \" My experience when I've dated a girl who's done lots of crazy, wacky stuff that I didn't expect.\", \"tokens\": [50364, 1222, 1752, 562, 286, 600, 23804, 257, 2013, 567, 311, 1096, 3195, 295, 3219, 11, 42138, 88, 1507, 300, 286, 994, 380, 2066, 13, 50632], \"temperature\": 0.0, \"avg_logprob\": -0.23069532215595245, \"compression_ratio\": 1.7009646892547607, \"no_speech_prob\": 0.003310918342322111}, {\"id\": 1, \"seek\": 0, \"start\": 5.360000133514404, \"end\": 9.279999732971191, \"text\": \" I've seen a lot of patterns in women that I've dated, and I've also seen the patterns in myself\", \"tokens\": [50632, 286, 600, 1612, 257, 688, 295, 8294, 294, 2266, 300, 286, 600, 23804, 11, 293, 286, 600, 611, 1612, 264, 8294, 294, 2059, 50828], \"temperature\": 0.0, \"avg_logprob\": -0.23069532215595245, \"compression_ratio\": 1.7009646892547607, \"no_speech_prob\": 0.003310918342322111}, {\"id\": 2, \"seek\": 0, \"start\": 9.279999732971191, \"end\": 13.359999656677246, \"text\": \" when I was in the wrong relationships. And those patterns would, you know, categorize me as either\", \"tokens\": [50828, 562, 286, 390, 294, 264, 2085, 6159, 13, 400, 729, 8294, 576, 11, 291, 458, 11, 19250, 1125, 385, 382, 2139, 51032], \"temperature\": 0.0, \"avg_logprob\": -0.23069532215595245, \"compression_ratio\": 1.7009646892547607, \"no_speech_prob\": 0.003310918342322111}, {\"id\": 3, \"seek\": 0, \"start\": 13.359999656677246, \"end\": 18.239999771118164, \"text\": \" a narcissist or avoidant, multiple personality disorder, bipolar. They're all comorbid with\", \"tokens\": [51032, 257, 49130, 420, 5042, 394, 11, 3866, 9033, 13399, 11, 42469, 13, 814, 434, 439, 395, 30907, 327, 365, 51276], \"temperature\": 0.0, \"avg_logprob\": -0.23069532215595245, \"compression_ratio\": 1.7009646892547607, \"no_speech_prob\": 0.003310918342322111}, {\"id\": 4, \"seek\": 0, \"start\": 18.239999771118164, \"end\": 22.559999465942383, \"text\": \" each other, which means they're all overlapping like crazy. So if you think your girlfriend's\", \"tokens\": [51276, 1184, 661, 11, 597, 1355, 436, 434, 439, 33535, 411, 3219, 13, 407, 498, 291, 519, 428, 10369, 311, 51492], \"temperature\": 0.0, \"avg_logprob\": -0.23069532215595245, \"compression_ratio\": 1.7009646892547607, \"no_speech_prob\": 0.003310918342322111}, {\"id\": 5, \"seek\": 0, \"start\": 22.559999465942383, \"end\": 24.959999084472656, \"text\": \" a narcissist, she's probably avoidant in many ways.\", \"tokens\": [51492, 257, 49130, 11, 750, 311, 1391, 5042, 394, 294, 867, 2098, 13, 51612], \"temperature\": 0.0, \"avg_logprob\": -0.23069532215595245, \"compression_ratio\": 1.7009646892547607, \"no_speech_prob\": 0.003310918342322111}]}"}