{"title": "How to lose weight fast and keep it off... guaranteed, yes that's right!", "video_id": "jS5doeKfARo", "video_url": "https://www.youtube.com/watch?v=jS5doeKfARo", "description": "", "published_at": "2023-05-17T15:56:33Z", "channel_id": "UC0O-ohYDF4P66HW9XJ4Us8w", "channel_title": "Robbie Kramer", "tags": [], "category_id": "24", "live_broadcast_content": "none", "duration": 38.0, "dimension": "2d", "definition": "hd", "caption": "false", "view_count": 1772, "like_count": 34, "comment_count": 1, "channel_info": {"title": "Robbie Kramer", "description": "I'm Robbie Kramer \ud83c\udf99Host of The Inner Confidence Podcast & Founder of Inner Confidence, Inc.\n\nI lived an exhilarating single life filled with adventures and lessons, and ultimately achieved what I had always aspired to \u2013 finding an amazing, feminine, and loving wife. \n\nI believe my experiences provide a rare balance of wild freedom and committed love, equipping me with the insights to help you navigate the complexities of dating and relationships in today's world. Let me guide you to embrace your desires, improve your social prowess, and ultimately attract the partner who aligns with your highest aspirations.\n\nYou won\u2019t find any fluffy, new-age, or cringy stuff here, just tested, proven and actionable advice that yields results.\n\nApply to join our exclusive Inner Confidence Community of ambitious men who are actively working together to achieve their goals faster   \u25ba https://innerconfidence.com/community\n\nYou can email me at robbie@innerconfidence.com with any questions or comments.\n", "subscriber_count": "1270", "total_views": "604693", "total_videos": "470"}, "comments": [], "file_path": "/Users/aelaguiz/workspace/fc_book/audio/raws/jS5doeKfARo.mp3", "transcription": "{\"text\": \"You did an incredible job. Did you do that on your own? No, I did not. There was a bet involved. There was a bet involved. I had a buddy and he was like, dude, we're both fat. I'm going to go on this crazy weight loss bet, which was also a poker bet. He was like professional poker player. And he did a proposition bet where saying like he had to beat this guy in basketball, tennis, and he had to get to a certain weight loss or he was going to lose like one hundred thousand bucks. And that's the only thing that worked for me because I had tried every diet and I would do what everyone kind of did, which was I'd get excited for the first few days. It would feel like this fun new thing. Around the two week mark, it started feeling really hard. And then I would typically kind of be totally off the diet by like the end of the month and probably gained a few pounds. \", \"segments\": [{\"id\": 0, \"seek\": 0, \"start\": 0.0, \"end\": 1.0, \"text\": \" You did an incredible job.\", \"tokens\": [50364, 509, 630, 364, 4651, 1691, 13, 50414], \"temperature\": 0.0, \"avg_logprob\": -0.20653457939624786, \"compression_ratio\": 1.830238699913025, \"no_speech_prob\": 0.03675133362412453}, {\"id\": 1, \"seek\": 0, \"start\": 1.0, \"end\": 2.2799999713897705, \"text\": \" Did you do that on your own?\", \"tokens\": [50414, 2589, 291, 360, 300, 322, 428, 1065, 30, 50478], \"temperature\": 0.0, \"avg_logprob\": -0.20653457939624786, \"compression_ratio\": 1.830238699913025, \"no_speech_prob\": 0.03675133362412453}, {\"id\": 2, \"seek\": 0, \"start\": 2.2799999713897705, \"end\": 3.119999885559082, \"text\": \" No, I did not.\", \"tokens\": [50478, 883, 11, 286, 630, 406, 13, 50520], \"temperature\": 0.0, \"avg_logprob\": -0.20653457939624786, \"compression_ratio\": 1.830238699913025, \"no_speech_prob\": 0.03675133362412453}, {\"id\": 3, \"seek\": 0, \"start\": 3.119999885559082, \"end\": 4.440000057220459, \"text\": \" There was a bet involved.\", \"tokens\": [50520, 821, 390, 257, 778, 3288, 13, 50586], \"temperature\": 0.0, \"avg_logprob\": -0.20653457939624786, \"compression_ratio\": 1.830238699913025, \"no_speech_prob\": 0.03675133362412453}, {\"id\": 4, \"seek\": 0, \"start\": 4.440000057220459, \"end\": 5.519999980926514, \"text\": \" There was a bet involved.\", \"tokens\": [50586, 821, 390, 257, 778, 3288, 13, 50640], \"temperature\": 0.0, \"avg_logprob\": -0.20653457939624786, \"compression_ratio\": 1.830238699913025, \"no_speech_prob\": 0.03675133362412453}, {\"id\": 5, \"seek\": 0, \"start\": 5.519999980926514, \"end\": 7.679999828338623, \"text\": \" I had a buddy and he was like, dude, we're both fat.\", \"tokens\": [50640, 286, 632, 257, 10340, 293, 415, 390, 411, 11, 6449, 11, 321, 434, 1293, 4046, 13, 50748], \"temperature\": 0.0, \"avg_logprob\": -0.20653457939624786, \"compression_ratio\": 1.830238699913025, \"no_speech_prob\": 0.03675133362412453}, {\"id\": 6, \"seek\": 0, \"start\": 7.760000228881836, \"end\": 11.279999732971191, \"text\": \" I'm going to go on this crazy weight loss bet, which was also a poker bet.\", \"tokens\": [50752, 286, 478, 516, 281, 352, 322, 341, 3219, 3364, 4470, 778, 11, 597, 390, 611, 257, 36863, 778, 13, 50928], \"temperature\": 0.0, \"avg_logprob\": -0.20653457939624786, \"compression_ratio\": 1.830238699913025, \"no_speech_prob\": 0.03675133362412453}, {\"id\": 7, \"seek\": 0, \"start\": 11.279999732971191, \"end\": 12.5600004196167, \"text\": \" He was like professional poker player.\", \"tokens\": [50928, 634, 390, 411, 4843, 36863, 4256, 13, 50992], \"temperature\": 0.0, \"avg_logprob\": -0.20653457939624786, \"compression_ratio\": 1.830238699913025, \"no_speech_prob\": 0.03675133362412453}, {\"id\": 8, \"seek\": 0, \"start\": 12.5600004196167, \"end\": 14.680000305175781, \"text\": \" And he did a proposition bet where saying like he had to beat\", \"tokens\": [50992, 400, 415, 630, 257, 24830, 778, 689, 1566, 411, 415, 632, 281, 4224, 51098], \"temperature\": 0.0, \"avg_logprob\": -0.20653457939624786, \"compression_ratio\": 1.830238699913025, \"no_speech_prob\": 0.03675133362412453}, {\"id\": 9, \"seek\": 0, \"start\": 14.680000305175781, \"end\": 17.520000457763672, \"text\": \" this guy in basketball, tennis, and he had to get to a certain weight loss\", \"tokens\": [51098, 341, 2146, 294, 11767, 11, 18118, 11, 293, 415, 632, 281, 483, 281, 257, 1629, 3364, 4470, 51240], \"temperature\": 0.0, \"avg_logprob\": -0.20653457939624786, \"compression_ratio\": 1.830238699913025, \"no_speech_prob\": 0.03675133362412453}, {\"id\": 10, \"seek\": 0, \"start\": 17.520000457763672, \"end\": 19.200000762939453, \"text\": \" or he was going to lose like one hundred thousand bucks.\", \"tokens\": [51240, 420, 415, 390, 516, 281, 3624, 411, 472, 3262, 4714, 11829, 13, 51324], \"temperature\": 0.0, \"avg_logprob\": -0.20653457939624786, \"compression_ratio\": 1.830238699913025, \"no_speech_prob\": 0.03675133362412453}, {\"id\": 11, \"seek\": 0, \"start\": 19.200000762939453, \"end\": 22.559999465942383, \"text\": \" And that's the only thing that worked for me because I had tried every diet\", \"tokens\": [51324, 400, 300, 311, 264, 787, 551, 300, 2732, 337, 385, 570, 286, 632, 3031, 633, 6339, 51492], \"temperature\": 0.0, \"avg_logprob\": -0.20653457939624786, \"compression_ratio\": 1.830238699913025, \"no_speech_prob\": 0.03675133362412453}, {\"id\": 12, \"seek\": 0, \"start\": 22.559999465942383, \"end\": 25.440000534057617, \"text\": \" and I would do what everyone kind of did, which was I'd get excited\", \"tokens\": [51492, 293, 286, 576, 360, 437, 1518, 733, 295, 630, 11, 597, 390, 286, 1116, 483, 2919, 51636], \"temperature\": 0.0, \"avg_logprob\": -0.20653457939624786, \"compression_ratio\": 1.830238699913025, \"no_speech_prob\": 0.03675133362412453}, {\"id\": 13, \"seek\": 0, \"start\": 25.440000534057617, \"end\": 26.719999313354492, \"text\": \" for the first few days.\", \"tokens\": [51636, 337, 264, 700, 1326, 1708, 13, 51700], \"temperature\": 0.0, \"avg_logprob\": -0.20653457939624786, \"compression_ratio\": 1.830238699913025, \"no_speech_prob\": 0.03675133362412453}, {\"id\": 14, \"seek\": 0, \"start\": 26.719999313354492, \"end\": 29.0, \"text\": \" It would feel like this fun new thing.\", \"tokens\": [51700, 467, 576, 841, 411, 341, 1019, 777, 551, 13, 51814], \"temperature\": 0.0, \"avg_logprob\": -0.20653457939624786, \"compression_ratio\": 1.830238699913025, \"no_speech_prob\": 0.03675133362412453}, {\"id\": 15, \"seek\": 2900, \"start\": 29.0, \"end\": 31.520000457763672, \"text\": \" Around the two week mark, it started feeling really hard.\", \"tokens\": [50364, 17633, 264, 732, 1243, 1491, 11, 309, 1409, 2633, 534, 1152, 13, 50490], \"temperature\": 0.0, \"avg_logprob\": -0.21259979903697968, \"compression_ratio\": 1.3769230842590332, \"no_speech_prob\": 0.35922470688819885}, {\"id\": 16, \"seek\": 2900, \"start\": 31.520000457763672, \"end\": 34.119998931884766, \"text\": \" And then I would typically kind of be totally off the diet\", \"tokens\": [50490, 400, 550, 286, 576, 5850, 733, 295, 312, 3879, 766, 264, 6339, 50620], \"temperature\": 0.0, \"avg_logprob\": -0.21259979903697968, \"compression_ratio\": 1.3769230842590332, \"no_speech_prob\": 0.35922470688819885}, {\"id\": 17, \"seek\": 2900, \"start\": 34.119998931884766, \"end\": 36.880001068115234, \"text\": \" by like the end of the month and probably gained a few pounds.\", \"tokens\": [50620, 538, 411, 264, 917, 295, 264, 1618, 293, 1391, 12634, 257, 1326, 8319, 13, 50758], \"temperature\": 0.0, \"avg_logprob\": -0.21259979903697968, \"compression_ratio\": 1.3769230842590332, \"no_speech_prob\": 0.35922470688819885}]}"}