{"title": "How to hit on a girl walking down the street and get her number.", "video_id": "jSLd0A0y7JQ", "video_url": "https://www.youtube.com/watch?v=jSLd0A0y7JQ", "description": "How to approach a woman on the street in a natural, confident way and get her phone number.", "published_at": "2013-02-15T00:58:20Z", "channel_id": "UC0O-ohYDF4P66HW9XJ4Us8w", "channel_title": "Robbie Kramer", "tags": ["approaching women", "dating women", "confidence", "hitting on women", "getting dates", "get her number", "attract a woman", "find love", "become good with women", "become a social genius", "direct game", "direct approach", "daygame"], "category_id": "26", "live_broadcast_content": "none", "duration": 125.0, "dimension": "2d", "definition": "sd", "caption": "false", "view_count": 4085, "like_count": 12, "comment_count": 0, "channel_info": {"title": "Robbie Kramer", "description": "I'm Robbie Kramer \ud83c\udf99Host of The Inner Confidence Podcast & Founder of Inner Confidence, Inc.\n\nI lived an exhilarating single life filled with adventures and lessons, and ultimately achieved what I had always aspired to \u2013 finding an amazing, feminine, and loving wife. \n\nI believe my experiences provide a rare balance of wild freedom and committed love, equipping me with the insights to help you navigate the complexities of dating and relationships in today's world. Let me guide you to embrace your desires, improve your social prowess, and ultimately attract the partner who aligns with your highest aspirations.\n\nYou won\u2019t find any fluffy, new-age, or cringy stuff here, just tested, proven and actionable advice that yields results.\n\nApply to join our exclusive Inner Confidence Community of ambitious men who are actively working together to achieve their goals faster   \u25ba https://innerconfidence.com/community\n\nYou can email me at robbie@innerconfidence.com with any questions or comments.\n", "subscriber_count": "1270", "total_views": "604693", "total_videos": "470"}, "comments": [], "file_path": "/Users/aelaguiz/workspace/fc_book/audio/raws/jSLd0A0y7JQ.mp3", "transcription": "{\"text\": \"Hey, so I have to be that silly weirdo guy that hits on you with his dog on the street. What's up? I'm Robbie. Hi, I'm Kim. Nice to meet you. Nice to meet you. That was a gay handshake. Let me try that again. It's better. Ow. I am. Oh, sorry. I recently broke my finger, so that's why I've been doing the gay handshake. Well, that wasn't cool of me then, I guess. What was your name again? Robbie. Kim, you said? Yeah. So... So, what's your favorite color? Where are you from? What do you do? I actually work right here, and I'm on my way back to work. Oh, okay. What is this place? I work for... Well, it's a huge building full of a bunch of weird artists and stuff. So you're a weird artist? I work as a photographer. I'm not... You work for a weird artist. But yes. Well, I'm clearly weird, too, if I'm doing this, right? How about this? I really have to get out of here. I have to get out of here. I have to get out of here. I have to get out of here. I have to get out of here. But I'll give you my number. Awesome. We'll grab coffee or something sometime. Sure. This is random. I know, right? It never happens. It's what do they call that? Serendipity or something? Sure. That silly movie where like yeah, whatever. Whatever. Let's see. This is Wiley. Hey. Nice to meet you. Do they call you wingman sometimes? Yeah. They usually are. Go ahead and put it in. Where do you live? In Greenpoint. Where's that? I'm new to New York. Brooklyn. Brooklyn? Okay. It's right across the water. Okay. I'll say. Kim, crazy artist. Square. Worker. Crazy artist. Let's write like an essay. I'll remember. All right. I'll send you a text. All right. Nice to meet you. Nice meeting you. Should we do the hug? Sure. Okay. Bye. Take care, Kim. Come on, Wiley. Bye. Bye. Bye. Bye. Bye. Bye. Bye. Bye. Bye. Bye. Bye. Bye. Bye. Bye. Bye. Bye. Bye. Bye. \", \"segments\": [{\"id\": 0, \"seek\": 0, \"start\": 0.0, \"end\": 15.0, \"text\": \" Hey, so I have to be that silly weirdo guy that hits on you with his dog on the street.\", \"tokens\": [50364, 1911, 11, 370, 286, 362, 281, 312, 300, 11774, 3657, 78, 2146, 300, 8664, 322, 291, 365, 702, 3000, 322, 264, 4838, 13, 51114], \"temperature\": 0.0, \"avg_logprob\": -0.2598560154438019, \"compression_ratio\": 1.5851528644561768, \"no_speech_prob\": 0.11892087012529373}, {\"id\": 1, \"seek\": 0, \"start\": 15.0, \"end\": 16.0, \"text\": \" What's up?\", \"tokens\": [51114, 708, 311, 493, 30, 51164], \"temperature\": 0.0, \"avg_logprob\": -0.2598560154438019, \"compression_ratio\": 1.5851528644561768, \"no_speech_prob\": 0.11892087012529373}, {\"id\": 2, \"seek\": 0, \"start\": 16.0, \"end\": 17.0, \"text\": \" I'm Robbie.\", \"tokens\": [51164, 286, 478, 45749, 13, 51214], \"temperature\": 0.0, \"avg_logprob\": -0.2598560154438019, \"compression_ratio\": 1.5851528644561768, \"no_speech_prob\": 0.11892087012529373}, {\"id\": 3, \"seek\": 0, \"start\": 17.0, \"end\": 18.0, \"text\": \" Hi, I'm Kim.\", \"tokens\": [51214, 2421, 11, 286, 478, 5652, 13, 51264], \"temperature\": 0.0, \"avg_logprob\": -0.2598560154438019, \"compression_ratio\": 1.5851528644561768, \"no_speech_prob\": 0.11892087012529373}, {\"id\": 4, \"seek\": 0, \"start\": 18.0, \"end\": 19.0, \"text\": \" Nice to meet you.\", \"tokens\": [51264, 5490, 281, 1677, 291, 13, 51314], \"temperature\": 0.0, \"avg_logprob\": -0.2598560154438019, \"compression_ratio\": 1.5851528644561768, \"no_speech_prob\": 0.11892087012529373}, {\"id\": 5, \"seek\": 0, \"start\": 19.0, \"end\": 20.0, \"text\": \" Nice to meet you.\", \"tokens\": [51314, 5490, 281, 1677, 291, 13, 51364], \"temperature\": 0.0, \"avg_logprob\": -0.2598560154438019, \"compression_ratio\": 1.5851528644561768, \"no_speech_prob\": 0.11892087012529373}, {\"id\": 6, \"seek\": 0, \"start\": 20.0, \"end\": 21.0, \"text\": \" That was a gay handshake.\", \"tokens\": [51364, 663, 390, 257, 9049, 2377, 34593, 13, 51414], \"temperature\": 0.0, \"avg_logprob\": -0.2598560154438019, \"compression_ratio\": 1.5851528644561768, \"no_speech_prob\": 0.11892087012529373}, {\"id\": 7, \"seek\": 0, \"start\": 21.0, \"end\": 22.0, \"text\": \" Let me try that again.\", \"tokens\": [51414, 961, 385, 853, 300, 797, 13, 51464], \"temperature\": 0.0, \"avg_logprob\": -0.2598560154438019, \"compression_ratio\": 1.5851528644561768, \"no_speech_prob\": 0.11892087012529373}, {\"id\": 8, \"seek\": 0, \"start\": 22.0, \"end\": 23.0, \"text\": \" It's better.\", \"tokens\": [51464, 467, 311, 1101, 13, 51514], \"temperature\": 0.0, \"avg_logprob\": -0.2598560154438019, \"compression_ratio\": 1.5851528644561768, \"no_speech_prob\": 0.11892087012529373}, {\"id\": 9, \"seek\": 0, \"start\": 23.0, \"end\": 24.0, \"text\": \" Ow.\", \"tokens\": [51514, 12773, 13, 51564], \"temperature\": 0.0, \"avg_logprob\": -0.2598560154438019, \"compression_ratio\": 1.5851528644561768, \"no_speech_prob\": 0.11892087012529373}, {\"id\": 10, \"seek\": 0, \"start\": 24.0, \"end\": 25.0, \"text\": \" I am.\", \"tokens\": [51564, 286, 669, 13, 51614], \"temperature\": 0.0, \"avg_logprob\": -0.2598560154438019, \"compression_ratio\": 1.5851528644561768, \"no_speech_prob\": 0.11892087012529373}, {\"id\": 11, \"seek\": 0, \"start\": 25.0, \"end\": 26.0, \"text\": \" Oh, sorry.\", \"tokens\": [51614, 876, 11, 2597, 13, 51664], \"temperature\": 0.0, \"avg_logprob\": -0.2598560154438019, \"compression_ratio\": 1.5851528644561768, \"no_speech_prob\": 0.11892087012529373}, {\"id\": 12, \"seek\": 0, \"start\": 26.0, \"end\": 27.0, \"text\": \" I recently broke my finger, so that's why I've been doing the gay handshake.\", \"tokens\": [51664, 286, 3938, 6902, 452, 5984, 11, 370, 300, 311, 983, 286, 600, 668, 884, 264, 9049, 2377, 34593, 13, 51714], \"temperature\": 0.0, \"avg_logprob\": -0.2598560154438019, \"compression_ratio\": 1.5851528644561768, \"no_speech_prob\": 0.11892087012529373}, {\"id\": 13, \"seek\": 0, \"start\": 27.0, \"end\": 28.0, \"text\": \" Well, that wasn't cool of me then, I guess.\", \"tokens\": [51714, 1042, 11, 300, 2067, 380, 1627, 295, 385, 550, 11, 286, 2041, 13, 51764], \"temperature\": 0.0, \"avg_logprob\": -0.2598560154438019, \"compression_ratio\": 1.5851528644561768, \"no_speech_prob\": 0.11892087012529373}, {\"id\": 14, \"seek\": 2800, \"start\": 29.0, \"end\": 30.0, \"text\": \" What was your name again?\", \"tokens\": [50414, 708, 390, 428, 1315, 797, 30, 50464], \"temperature\": 0.0, \"avg_logprob\": -0.2585321366786957, \"compression_ratio\": 2.0389609336853027, \"no_speech_prob\": 0.20431384444236755}, {\"id\": 15, \"seek\": 2800, \"start\": 30.0, \"end\": 31.0, \"text\": \" Robbie.\", \"tokens\": [50464, 45749, 13, 50514], \"temperature\": 0.0, \"avg_logprob\": -0.2585321366786957, \"compression_ratio\": 2.0389609336853027, \"no_speech_prob\": 0.20431384444236755}, {\"id\": 16, \"seek\": 2800, \"start\": 31.0, \"end\": 32.0, \"text\": \" Kim, you said?\", \"tokens\": [50514, 5652, 11, 291, 848, 30, 50564], \"temperature\": 0.0, \"avg_logprob\": -0.2585321366786957, \"compression_ratio\": 2.0389609336853027, \"no_speech_prob\": 0.20431384444236755}, {\"id\": 17, \"seek\": 2800, \"start\": 32.0, \"end\": 33.0, \"text\": \" Yeah.\", \"tokens\": [50564, 865, 13, 50614], \"temperature\": 0.0, \"avg_logprob\": -0.2585321366786957, \"compression_ratio\": 2.0389609336853027, \"no_speech_prob\": 0.20431384444236755}, {\"id\": 18, \"seek\": 2800, \"start\": 33.0, \"end\": 34.0, \"text\": \" So...\", \"tokens\": [50614, 407, 485, 50664], \"temperature\": 0.0, \"avg_logprob\": -0.2585321366786957, \"compression_ratio\": 2.0389609336853027, \"no_speech_prob\": 0.20431384444236755}, {\"id\": 19, \"seek\": 2800, \"start\": 34.0, \"end\": 35.0, \"text\": \" So, what's your favorite color?\", \"tokens\": [50664, 407, 11, 437, 311, 428, 2954, 2017, 30, 50714], \"temperature\": 0.0, \"avg_logprob\": -0.2585321366786957, \"compression_ratio\": 2.0389609336853027, \"no_speech_prob\": 0.20431384444236755}, {\"id\": 20, \"seek\": 2800, \"start\": 35.0, \"end\": 36.0, \"text\": \" Where are you from?\", \"tokens\": [50714, 2305, 366, 291, 490, 30, 50764], \"temperature\": 0.0, \"avg_logprob\": -0.2585321366786957, \"compression_ratio\": 2.0389609336853027, \"no_speech_prob\": 0.20431384444236755}, {\"id\": 21, \"seek\": 2800, \"start\": 36.0, \"end\": 37.0, \"text\": \" What do you do?\", \"tokens\": [50764, 708, 360, 291, 360, 30, 50814], \"temperature\": 0.0, \"avg_logprob\": -0.2585321366786957, \"compression_ratio\": 2.0389609336853027, \"no_speech_prob\": 0.20431384444236755}, {\"id\": 22, \"seek\": 2800, \"start\": 37.0, \"end\": 38.0, \"text\": \" I actually work right here, and I'm on my way back to work.\", \"tokens\": [50814, 286, 767, 589, 558, 510, 11, 293, 286, 478, 322, 452, 636, 646, 281, 589, 13, 50864], \"temperature\": 0.0, \"avg_logprob\": -0.2585321366786957, \"compression_ratio\": 2.0389609336853027, \"no_speech_prob\": 0.20431384444236755}, {\"id\": 23, \"seek\": 2800, \"start\": 38.0, \"end\": 39.0, \"text\": \" Oh, okay.\", \"tokens\": [50864, 876, 11, 1392, 13, 50914], \"temperature\": 0.0, \"avg_logprob\": -0.2585321366786957, \"compression_ratio\": 2.0389609336853027, \"no_speech_prob\": 0.20431384444236755}, {\"id\": 24, \"seek\": 2800, \"start\": 39.0, \"end\": 40.0, \"text\": \" What is this place?\", \"tokens\": [50914, 708, 307, 341, 1081, 30, 50964], \"temperature\": 0.0, \"avg_logprob\": -0.2585321366786957, \"compression_ratio\": 2.0389609336853027, \"no_speech_prob\": 0.20431384444236755}, {\"id\": 25, \"seek\": 2800, \"start\": 40.0, \"end\": 41.0, \"text\": \" I work for...\", \"tokens\": [50964, 286, 589, 337, 485, 51014], \"temperature\": 0.0, \"avg_logprob\": -0.2585321366786957, \"compression_ratio\": 2.0389609336853027, \"no_speech_prob\": 0.20431384444236755}, {\"id\": 26, \"seek\": 2800, \"start\": 41.0, \"end\": 42.0, \"text\": \" Well, it's a huge building full of a bunch of weird artists and stuff.\", \"tokens\": [51014, 1042, 11, 309, 311, 257, 2603, 2390, 1577, 295, 257, 3840, 295, 3657, 6910, 293, 1507, 13, 51064], \"temperature\": 0.0, \"avg_logprob\": -0.2585321366786957, \"compression_ratio\": 2.0389609336853027, \"no_speech_prob\": 0.20431384444236755}, {\"id\": 27, \"seek\": 2800, \"start\": 42.0, \"end\": 43.0, \"text\": \" So you're a weird artist?\", \"tokens\": [51064, 407, 291, 434, 257, 3657, 5748, 30, 51114], \"temperature\": 0.0, \"avg_logprob\": -0.2585321366786957, \"compression_ratio\": 2.0389609336853027, \"no_speech_prob\": 0.20431384444236755}, {\"id\": 28, \"seek\": 2800, \"start\": 43.0, \"end\": 44.0, \"text\": \" I work as a photographer.\", \"tokens\": [51114, 286, 589, 382, 257, 19494, 13, 51164], \"temperature\": 0.0, \"avg_logprob\": -0.2585321366786957, \"compression_ratio\": 2.0389609336853027, \"no_speech_prob\": 0.20431384444236755}, {\"id\": 29, \"seek\": 2800, \"start\": 44.0, \"end\": 45.0, \"text\": \" I'm not...\", \"tokens\": [51164, 286, 478, 406, 485, 51214], \"temperature\": 0.0, \"avg_logprob\": -0.2585321366786957, \"compression_ratio\": 2.0389609336853027, \"no_speech_prob\": 0.20431384444236755}, {\"id\": 30, \"seek\": 2800, \"start\": 45.0, \"end\": 46.0, \"text\": \" You work for a weird artist.\", \"tokens\": [51214, 509, 589, 337, 257, 3657, 5748, 13, 51264], \"temperature\": 0.0, \"avg_logprob\": -0.2585321366786957, \"compression_ratio\": 2.0389609336853027, \"no_speech_prob\": 0.20431384444236755}, {\"id\": 31, \"seek\": 2800, \"start\": 46.0, \"end\": 47.0, \"text\": \" But yes.\", \"tokens\": [51264, 583, 2086, 13, 51314], \"temperature\": 0.0, \"avg_logprob\": -0.2585321366786957, \"compression_ratio\": 2.0389609336853027, \"no_speech_prob\": 0.20431384444236755}, {\"id\": 32, \"seek\": 2800, \"start\": 47.0, \"end\": 48.0, \"text\": \" Well, I'm clearly weird, too, if I'm doing this, right?\", \"tokens\": [51314, 1042, 11, 286, 478, 4448, 3657, 11, 886, 11, 498, 286, 478, 884, 341, 11, 558, 30, 51364], \"temperature\": 0.0, \"avg_logprob\": -0.2585321366786957, \"compression_ratio\": 2.0389609336853027, \"no_speech_prob\": 0.20431384444236755}, {\"id\": 33, \"seek\": 2800, \"start\": 48.0, \"end\": 49.0, \"text\": \" How about this?\", \"tokens\": [51364, 1012, 466, 341, 30, 51414], \"temperature\": 0.0, \"avg_logprob\": -0.2585321366786957, \"compression_ratio\": 2.0389609336853027, \"no_speech_prob\": 0.20431384444236755}, {\"id\": 34, \"seek\": 2800, \"start\": 49.0, \"end\": 50.0, \"text\": \" I really have to get out of here.\", \"tokens\": [51414, 286, 534, 362, 281, 483, 484, 295, 510, 13, 51464], \"temperature\": 0.0, \"avg_logprob\": -0.2585321366786957, \"compression_ratio\": 2.0389609336853027, \"no_speech_prob\": 0.20431384444236755}, {\"id\": 35, \"seek\": 2800, \"start\": 50.0, \"end\": 51.0, \"text\": \" I have to get out of here.\", \"tokens\": [51464, 286, 362, 281, 483, 484, 295, 510, 13, 51514], \"temperature\": 0.0, \"avg_logprob\": -0.2585321366786957, \"compression_ratio\": 2.0389609336853027, \"no_speech_prob\": 0.20431384444236755}, {\"id\": 36, \"seek\": 2800, \"start\": 51.0, \"end\": 52.0, \"text\": \" I have to get out of here.\", \"tokens\": [51514, 286, 362, 281, 483, 484, 295, 510, 13, 51564], \"temperature\": 0.0, \"avg_logprob\": -0.2585321366786957, \"compression_ratio\": 2.0389609336853027, \"no_speech_prob\": 0.20431384444236755}, {\"id\": 37, \"seek\": 2800, \"start\": 52.0, \"end\": 53.0, \"text\": \" I have to get out of here.\", \"tokens\": [51564, 286, 362, 281, 483, 484, 295, 510, 13, 51614], \"temperature\": 0.0, \"avg_logprob\": -0.2585321366786957, \"compression_ratio\": 2.0389609336853027, \"no_speech_prob\": 0.20431384444236755}, {\"id\": 38, \"seek\": 2800, \"start\": 53.0, \"end\": 54.0, \"text\": \" I have to get out of here.\", \"tokens\": [51614, 286, 362, 281, 483, 484, 295, 510, 13, 51664], \"temperature\": 0.0, \"avg_logprob\": -0.2585321366786957, \"compression_ratio\": 2.0389609336853027, \"no_speech_prob\": 0.20431384444236755}, {\"id\": 39, \"seek\": 5400, \"start\": 54.0, \"end\": 55.0, \"text\": \" But I'll give you my number.\", \"tokens\": [50364, 583, 286, 6, 75, 75, 976, 291, 452, 1230, 13, 50414], \"temperature\": 1.0, \"avg_logprob\": -0.7600203156471252, \"compression_ratio\": 1.4850000143051147, \"no_speech_prob\": 0.7306228280067444}, {\"id\": 40, \"seek\": 5400, \"start\": 55.0, \"end\": 56.0, \"text\": \" Awesome.\", \"tokens\": [50414, 10391, 13, 50464], \"temperature\": 1.0, \"avg_logprob\": -0.7600203156471252, \"compression_ratio\": 1.4850000143051147, \"no_speech_prob\": 0.7306228280067444}, {\"id\": 41, \"seek\": 5400, \"start\": 56.0, \"end\": 57.0, \"text\": \" We'll grab coffee or something sometime.\", \"tokens\": [50464, 492, 603, 677, 455, 4982, 420, 370, 5537, 571, 15053, 13, 50514], \"temperature\": 1.0, \"avg_logprob\": -0.7600203156471252, \"compression_ratio\": 1.4850000143051147, \"no_speech_prob\": 0.7306228280067444}, {\"id\": 42, \"seek\": 5400, \"start\": 57.0, \"end\": 58.0, \"text\": \" Sure.\", \"tokens\": [50514, 4894, 13, 50564], \"temperature\": 1.0, \"avg_logprob\": -0.7600203156471252, \"compression_ratio\": 1.4850000143051147, \"no_speech_prob\": 0.7306228280067444}, {\"id\": 43, \"seek\": 5400, \"start\": 58.0, \"end\": 59.0, \"text\": \" This is random.\", \"tokens\": [50564, 314, 18300, 307, 4974, 13, 50614], \"temperature\": 1.0, \"avg_logprob\": -0.7600203156471252, \"compression_ratio\": 1.4850000143051147, \"no_speech_prob\": 0.7306228280067444}, {\"id\": 44, \"seek\": 5400, \"start\": 59.0, \"end\": 60.0, \"text\": \" I know, right?\", \"tokens\": [50614, 286, 458, 11, 558, 30, 50664], \"temperature\": 1.0, \"avg_logprob\": -0.7600203156471252, \"compression_ratio\": 1.4850000143051147, \"no_speech_prob\": 0.7306228280067444}, {\"id\": 45, \"seek\": 5400, \"start\": 60.0, \"end\": 61.0, \"text\": \" It never happens.\", \"tokens\": [50664, 467, 297, 1054, 2314, 13, 50714], \"temperature\": 1.0, \"avg_logprob\": -0.7600203156471252, \"compression_ratio\": 1.4850000143051147, \"no_speech_prob\": 0.7306228280067444}, {\"id\": 46, \"seek\": 5400, \"start\": 61.0, \"end\": 68.27999877929688, \"text\": \" It's what do they call that?\", \"tokens\": [50714, 467, 311, 437, 360, 258, 2030, 818, 300, 30, 51078], \"temperature\": 1.0, \"avg_logprob\": -0.7600203156471252, \"compression_ratio\": 1.4850000143051147, \"no_speech_prob\": 0.7306228280067444}, {\"id\": 47, \"seek\": 5400, \"start\": 68.27999877929688, \"end\": 71.83999633789062, \"text\": \" Serendipity or something?\", \"tokens\": [51078, 4210, 521, 647, 507, 420, 746, 30, 51256], \"temperature\": 1.0, \"avg_logprob\": -0.7600203156471252, \"compression_ratio\": 1.4850000143051147, \"no_speech_prob\": 0.7306228280067444}, {\"id\": 48, \"seek\": 5400, \"start\": 71.83999633789062, \"end\": 72.83999633789062, \"text\": \" Sure.\", \"tokens\": [51256, 4894, 13, 51306], \"temperature\": 1.0, \"avg_logprob\": -0.7600203156471252, \"compression_ratio\": 1.4850000143051147, \"no_speech_prob\": 0.7306228280067444}, {\"id\": 49, \"seek\": 5400, \"start\": 72.83999633789062, \"end\": 76.19999694824219, \"text\": \" That silly movie where like yeah, whatever.\", \"tokens\": [51306, 663, 3425, 356, 275, 5179, 414, 689, 287, 1123, 1338, 11, 315, 7969, 13, 51474], \"temperature\": 1.0, \"avg_logprob\": -0.7600203156471252, \"compression_ratio\": 1.4850000143051147, \"no_speech_prob\": 0.7306228280067444}, {\"id\": 50, \"seek\": 5400, \"start\": 76.19999694824219, \"end\": 77.19999694824219, \"text\": \" Whatever.\", \"tokens\": [51474, 8541, 13, 51524], \"temperature\": 1.0, \"avg_logprob\": -0.7600203156471252, \"compression_ratio\": 1.4850000143051147, \"no_speech_prob\": 0.7306228280067444}, {\"id\": 51, \"seek\": 5400, \"start\": 77.19999694824219, \"end\": 78.19999694824219, \"text\": \" Let's see.\", \"tokens\": [51524, 961, 311, 536, 13, 51574], \"temperature\": 1.0, \"avg_logprob\": -0.7600203156471252, \"compression_ratio\": 1.4850000143051147, \"no_speech_prob\": 0.7306228280067444}, {\"id\": 52, \"seek\": 5400, \"start\": 78.19999694824219, \"end\": 79.94000244140625, \"text\": \" This is Wiley.\", \"tokens\": [51574, 639, 307, 343, 12062, 13, 51661], \"temperature\": 1.0, \"avg_logprob\": -0.7600203156471252, \"compression_ratio\": 1.4850000143051147, \"no_speech_prob\": 0.7306228280067444}, {\"id\": 53, \"seek\": 5400, \"start\": 79.94000244140625, \"end\": 81.31999969482422, \"text\": \" Hey.\", \"tokens\": [51661, 1911, 13, 51730], \"temperature\": 1.0, \"avg_logprob\": -0.7600203156471252, \"compression_ratio\": 1.4850000143051147, \"no_speech_prob\": 0.7306228280067444}, {\"id\": 54, \"seek\": 5400, \"start\": 81.31999969482422, \"end\": 83.80000305175781, \"text\": \" Nice to meet you.\", \"tokens\": [51730, 5490, 281, 1677, 291, 13, 51854], \"temperature\": 1.0, \"avg_logprob\": -0.7600203156471252, \"compression_ratio\": 1.4850000143051147, \"no_speech_prob\": 0.7306228280067444}, {\"id\": 55, \"seek\": 8380, \"start\": 83.80000305175781, \"end\": 84.80000305175781, \"text\": \" Do they call you wingman sometimes?\", \"tokens\": [50364, 1144, 436, 818, 291, 11162, 1601, 2171, 30, 50414], \"temperature\": 0.0, \"avg_logprob\": -0.3388492465019226, \"compression_ratio\": 1.4881516695022583, \"no_speech_prob\": 0.11917746067047119}, {\"id\": 56, \"seek\": 8380, \"start\": 84.80000305175781, \"end\": 85.80000305175781, \"text\": \" Yeah.\", \"tokens\": [50414, 865, 13, 50464], \"temperature\": 0.0, \"avg_logprob\": -0.3388492465019226, \"compression_ratio\": 1.4881516695022583, \"no_speech_prob\": 0.11917746067047119}, {\"id\": 57, \"seek\": 8380, \"start\": 85.80000305175781, \"end\": 86.80000305175781, \"text\": \" They usually are.\", \"tokens\": [50464, 814, 2673, 366, 13, 50514], \"temperature\": 0.0, \"avg_logprob\": -0.3388492465019226, \"compression_ratio\": 1.4881516695022583, \"no_speech_prob\": 0.11917746067047119}, {\"id\": 58, \"seek\": 8380, \"start\": 86.80000305175781, \"end\": 87.80000305175781, \"text\": \" Go ahead and put it in.\", \"tokens\": [50514, 1037, 2286, 293, 829, 309, 294, 13, 50564], \"temperature\": 0.0, \"avg_logprob\": -0.3388492465019226, \"compression_ratio\": 1.4881516695022583, \"no_speech_prob\": 0.11917746067047119}, {\"id\": 59, \"seek\": 8380, \"start\": 87.80000305175781, \"end\": 88.80000305175781, \"text\": \" Where do you live?\", \"tokens\": [50564, 2305, 360, 291, 1621, 30, 50614], \"temperature\": 0.0, \"avg_logprob\": -0.3388492465019226, \"compression_ratio\": 1.4881516695022583, \"no_speech_prob\": 0.11917746067047119}, {\"id\": 60, \"seek\": 8380, \"start\": 88.80000305175781, \"end\": 89.80000305175781, \"text\": \" In Greenpoint.\", \"tokens\": [50614, 682, 6969, 6053, 13, 50664], \"temperature\": 0.0, \"avg_logprob\": -0.3388492465019226, \"compression_ratio\": 1.4881516695022583, \"no_speech_prob\": 0.11917746067047119}, {\"id\": 61, \"seek\": 8380, \"start\": 89.80000305175781, \"end\": 90.80000305175781, \"text\": \" Where's that?\", \"tokens\": [50664, 2305, 311, 300, 30, 50714], \"temperature\": 0.0, \"avg_logprob\": -0.3388492465019226, \"compression_ratio\": 1.4881516695022583, \"no_speech_prob\": 0.11917746067047119}, {\"id\": 62, \"seek\": 8380, \"start\": 90.80000305175781, \"end\": 91.80000305175781, \"text\": \" I'm new to New York.\", \"tokens\": [50714, 286, 478, 777, 281, 1873, 3609, 13, 50764], \"temperature\": 0.0, \"avg_logprob\": -0.3388492465019226, \"compression_ratio\": 1.4881516695022583, \"no_speech_prob\": 0.11917746067047119}, {\"id\": 63, \"seek\": 8380, \"start\": 91.80000305175781, \"end\": 92.80000305175781, \"text\": \" Brooklyn.\", \"tokens\": [50764, 21872, 13, 50814], \"temperature\": 0.0, \"avg_logprob\": -0.3388492465019226, \"compression_ratio\": 1.4881516695022583, \"no_speech_prob\": 0.11917746067047119}, {\"id\": 64, \"seek\": 8380, \"start\": 92.80000305175781, \"end\": 93.80000305175781, \"text\": \" Brooklyn?\", \"tokens\": [50814, 21872, 30, 50864], \"temperature\": 0.0, \"avg_logprob\": -0.3388492465019226, \"compression_ratio\": 1.4881516695022583, \"no_speech_prob\": 0.11917746067047119}, {\"id\": 65, \"seek\": 8380, \"start\": 93.80000305175781, \"end\": 94.80000305175781, \"text\": \" Okay.\", \"tokens\": [50864, 1033, 13, 50914], \"temperature\": 0.0, \"avg_logprob\": -0.3388492465019226, \"compression_ratio\": 1.4881516695022583, \"no_speech_prob\": 0.11917746067047119}, {\"id\": 66, \"seek\": 8380, \"start\": 94.80000305175781, \"end\": 95.80000305175781, \"text\": \" It's right across the water.\", \"tokens\": [50914, 467, 311, 558, 2108, 264, 1281, 13, 50964], \"temperature\": 0.0, \"avg_logprob\": -0.3388492465019226, \"compression_ratio\": 1.4881516695022583, \"no_speech_prob\": 0.11917746067047119}, {\"id\": 67, \"seek\": 8380, \"start\": 95.80000305175781, \"end\": 96.80000305175781, \"text\": \" Okay.\", \"tokens\": [50964, 1033, 13, 51014], \"temperature\": 0.0, \"avg_logprob\": -0.3388492465019226, \"compression_ratio\": 1.4881516695022583, \"no_speech_prob\": 0.11917746067047119}, {\"id\": 68, \"seek\": 8380, \"start\": 96.80000305175781, \"end\": 97.80000305175781, \"text\": \" I'll say.\", \"tokens\": [51014, 286, 603, 584, 13, 51064], \"temperature\": 0.0, \"avg_logprob\": -0.3388492465019226, \"compression_ratio\": 1.4881516695022583, \"no_speech_prob\": 0.11917746067047119}, {\"id\": 69, \"seek\": 8380, \"start\": 97.80000305175781, \"end\": 98.80000305175781, \"text\": \" Kim, crazy artist.\", \"tokens\": [51064, 5652, 11, 3219, 5748, 13, 51114], \"temperature\": 0.0, \"avg_logprob\": -0.3388492465019226, \"compression_ratio\": 1.4881516695022583, \"no_speech_prob\": 0.11917746067047119}, {\"id\": 70, \"seek\": 8380, \"start\": 98.80000305175781, \"end\": 99.80000305175781, \"text\": \" Square.\", \"tokens\": [51114, 16463, 13, 51164], \"temperature\": 0.0, \"avg_logprob\": -0.3388492465019226, \"compression_ratio\": 1.4881516695022583, \"no_speech_prob\": 0.11917746067047119}, {\"id\": 71, \"seek\": 8380, \"start\": 99.80000305175781, \"end\": 100.80000305175781, \"text\": \" Worker.\", \"tokens\": [51164, 6603, 260, 13, 51214], \"temperature\": 0.0, \"avg_logprob\": -0.3388492465019226, \"compression_ratio\": 1.4881516695022583, \"no_speech_prob\": 0.11917746067047119}, {\"id\": 72, \"seek\": 8380, \"start\": 100.80000305175781, \"end\": 101.80000305175781, \"text\": \" Crazy artist.\", \"tokens\": [51214, 22509, 5748, 13, 51264], \"temperature\": 0.0, \"avg_logprob\": -0.3388492465019226, \"compression_ratio\": 1.4881516695022583, \"no_speech_prob\": 0.11917746067047119}, {\"id\": 73, \"seek\": 8380, \"start\": 101.80000305175781, \"end\": 102.80000305175781, \"text\": \" Let's write like an essay.\", \"tokens\": [51264, 961, 311, 2464, 411, 364, 16238, 13, 51314], \"temperature\": 0.0, \"avg_logprob\": -0.3388492465019226, \"compression_ratio\": 1.4881516695022583, \"no_speech_prob\": 0.11917746067047119}, {\"id\": 74, \"seek\": 8380, \"start\": 102.80000305175781, \"end\": 103.80000305175781, \"text\": \" I'll remember.\", \"tokens\": [51314, 286, 603, 1604, 13, 51364], \"temperature\": 0.0, \"avg_logprob\": -0.3388492465019226, \"compression_ratio\": 1.4881516695022583, \"no_speech_prob\": 0.11917746067047119}, {\"id\": 75, \"seek\": 10380, \"start\": 103.80000305175781, \"end\": 104.80000305175781, \"text\": \" All right.\", \"tokens\": [50364, 1057, 558, 13, 50414], \"temperature\": 0.0, \"avg_logprob\": -0.18041987717151642, \"compression_ratio\": 1.9199999570846558, \"no_speech_prob\": 0.21459148824214935}, {\"id\": 76, \"seek\": 10380, \"start\": 104.80000305175781, \"end\": 105.80000305175781, \"text\": \" I'll send you a text.\", \"tokens\": [50414, 286, 603, 2845, 291, 257, 2487, 13, 50464], \"temperature\": 0.0, \"avg_logprob\": -0.18041987717151642, \"compression_ratio\": 1.9199999570846558, \"no_speech_prob\": 0.21459148824214935}, {\"id\": 77, \"seek\": 10380, \"start\": 105.80000305175781, \"end\": 106.80000305175781, \"text\": \" All right.\", \"tokens\": [50464, 1057, 558, 13, 50514], \"temperature\": 0.0, \"avg_logprob\": -0.18041987717151642, \"compression_ratio\": 1.9199999570846558, \"no_speech_prob\": 0.21459148824214935}, {\"id\": 78, \"seek\": 10380, \"start\": 106.80000305175781, \"end\": 107.80000305175781, \"text\": \" Nice to meet you.\", \"tokens\": [50514, 5490, 281, 1677, 291, 13, 50564], \"temperature\": 0.0, \"avg_logprob\": -0.18041987717151642, \"compression_ratio\": 1.9199999570846558, \"no_speech_prob\": 0.21459148824214935}, {\"id\": 79, \"seek\": 10380, \"start\": 107.80000305175781, \"end\": 108.80000305175781, \"text\": \" Nice meeting you.\", \"tokens\": [50564, 5490, 3440, 291, 13, 50614], \"temperature\": 0.0, \"avg_logprob\": -0.18041987717151642, \"compression_ratio\": 1.9199999570846558, \"no_speech_prob\": 0.21459148824214935}, {\"id\": 80, \"seek\": 10380, \"start\": 108.80000305175781, \"end\": 109.80000305175781, \"text\": \" Should we do the hug?\", \"tokens\": [50614, 6454, 321, 360, 264, 8777, 30, 50664], \"temperature\": 0.0, \"avg_logprob\": -0.18041987717151642, \"compression_ratio\": 1.9199999570846558, \"no_speech_prob\": 0.21459148824214935}, {\"id\": 81, \"seek\": 10380, \"start\": 109.80000305175781, \"end\": 110.80000305175781, \"text\": \" Sure.\", \"tokens\": [50664, 4894, 13, 50714], \"temperature\": 0.0, \"avg_logprob\": -0.18041987717151642, \"compression_ratio\": 1.9199999570846558, \"no_speech_prob\": 0.21459148824214935}, {\"id\": 82, \"seek\": 10380, \"start\": 110.80000305175781, \"end\": 111.80000305175781, \"text\": \" Okay.\", \"tokens\": [50714, 1033, 13, 50764], \"temperature\": 0.0, \"avg_logprob\": -0.18041987717151642, \"compression_ratio\": 1.9199999570846558, \"no_speech_prob\": 0.21459148824214935}, {\"id\": 83, \"seek\": 10380, \"start\": 111.80000305175781, \"end\": 112.80000305175781, \"text\": \" Bye.\", \"tokens\": [50764, 4621, 13, 50814], \"temperature\": 0.0, \"avg_logprob\": -0.18041987717151642, \"compression_ratio\": 1.9199999570846558, \"no_speech_prob\": 0.21459148824214935}, {\"id\": 84, \"seek\": 10380, \"start\": 112.80000305175781, \"end\": 113.80000305175781, \"text\": \" Take care, Kim.\", \"tokens\": [50814, 3664, 1127, 11, 5652, 13, 50864], \"temperature\": 0.0, \"avg_logprob\": -0.18041987717151642, \"compression_ratio\": 1.9199999570846558, \"no_speech_prob\": 0.21459148824214935}, {\"id\": 85, \"seek\": 10380, \"start\": 113.80000305175781, \"end\": 114.80000305175781, \"text\": \" Come on, Wiley.\", \"tokens\": [50864, 2492, 322, 11, 343, 12062, 13, 50914], \"temperature\": 0.0, \"avg_logprob\": -0.18041987717151642, \"compression_ratio\": 1.9199999570846558, \"no_speech_prob\": 0.21459148824214935}, {\"id\": 86, \"seek\": 10380, \"start\": 114.80000305175781, \"end\": 115.80000305175781, \"text\": \" Bye.\", \"tokens\": [50914, 4621, 13, 50964], \"temperature\": 0.0, \"avg_logprob\": -0.18041987717151642, \"compression_ratio\": 1.9199999570846558, \"no_speech_prob\": 0.21459148824214935}, {\"id\": 87, \"seek\": 10380, \"start\": 115.80000305175781, \"end\": 116.80000305175781, \"text\": \" Bye.\", \"tokens\": [50964, 4621, 13, 51014], \"temperature\": 0.0, \"avg_logprob\": -0.18041987717151642, \"compression_ratio\": 1.9199999570846558, \"no_speech_prob\": 0.21459148824214935}, {\"id\": 88, \"seek\": 10380, \"start\": 116.80000305175781, \"end\": 117.80000305175781, \"text\": \" Bye.\", \"tokens\": [51014, 4621, 13, 51064], \"temperature\": 0.0, \"avg_logprob\": -0.18041987717151642, \"compression_ratio\": 1.9199999570846558, \"no_speech_prob\": 0.21459148824214935}, {\"id\": 89, \"seek\": 10380, \"start\": 117.80000305175781, \"end\": 118.80000305175781, \"text\": \" Bye.\", \"tokens\": [51064, 4621, 13, 51114], \"temperature\": 0.0, \"avg_logprob\": -0.18041987717151642, \"compression_ratio\": 1.9199999570846558, \"no_speech_prob\": 0.21459148824214935}, {\"id\": 90, \"seek\": 10380, \"start\": 118.80000305175781, \"end\": 119.80000305175781, \"text\": \" Bye.\", \"tokens\": [51114, 4621, 13, 51164], \"temperature\": 0.0, \"avg_logprob\": -0.18041987717151642, \"compression_ratio\": 1.9199999570846558, \"no_speech_prob\": 0.21459148824214935}, {\"id\": 91, \"seek\": 10380, \"start\": 119.80000305175781, \"end\": 120.80000305175781, \"text\": \" Bye.\", \"tokens\": [51164, 4621, 13, 51214], \"temperature\": 0.0, \"avg_logprob\": -0.18041987717151642, \"compression_ratio\": 1.9199999570846558, \"no_speech_prob\": 0.21459148824214935}, {\"id\": 92, \"seek\": 10380, \"start\": 120.80000305175781, \"end\": 121.80000305175781, \"text\": \" Bye.\", \"tokens\": [51214, 4621, 13, 51264], \"temperature\": 0.0, \"avg_logprob\": -0.18041987717151642, \"compression_ratio\": 1.9199999570846558, \"no_speech_prob\": 0.21459148824214935}, {\"id\": 93, \"seek\": 10380, \"start\": 121.80000305175781, \"end\": 122.80000305175781, \"text\": \" Bye.\", \"tokens\": [51264, 4621, 13, 51314], \"temperature\": 0.0, \"avg_logprob\": -0.18041987717151642, \"compression_ratio\": 1.9199999570846558, \"no_speech_prob\": 0.21459148824214935}, {\"id\": 94, \"seek\": 10380, \"start\": 122.80000305175781, \"end\": 123.80000305175781, \"text\": \" Bye.\", \"tokens\": [51314, 4621, 13, 51364], \"temperature\": 0.0, \"avg_logprob\": -0.18041987717151642, \"compression_ratio\": 1.9199999570846558, \"no_speech_prob\": 0.21459148824214935}, {\"id\": 95, \"seek\": 10380, \"start\": 123.80000305175781, \"end\": 124.80000305175781, \"text\": \" Bye.\", \"tokens\": [51364, 4621, 13, 51414], \"temperature\": 0.0, \"avg_logprob\": -0.18041987717151642, \"compression_ratio\": 1.9199999570846558, \"no_speech_prob\": 0.21459148824214935}, {\"id\": 96, \"seek\": 10380, \"start\": 124.80000305175781, \"end\": 125.80000305175781, \"text\": \" Bye.\", \"tokens\": [51414, 4621, 13, 51464], \"temperature\": 0.0, \"avg_logprob\": -0.18041987717151642, \"compression_ratio\": 1.9199999570846558, \"no_speech_prob\": 0.21459148824214935}, {\"id\": 97, \"seek\": 10380, \"start\": 125.80000305175781, \"end\": 126.80000305175781, \"text\": \" Bye.\", \"tokens\": [51464, 4621, 13, 51514], \"temperature\": 0.0, \"avg_logprob\": -0.18041987717151642, \"compression_ratio\": 1.9199999570846558, \"no_speech_prob\": 0.21459148824214935}, {\"id\": 98, \"seek\": 10380, \"start\": 126.80000305175781, \"end\": 127.80000305175781, \"text\": \" Bye.\", \"tokens\": [51514, 4621, 13, 51564], \"temperature\": 0.0, \"avg_logprob\": -0.18041987717151642, \"compression_ratio\": 1.9199999570846558, \"no_speech_prob\": 0.21459148824214935}, {\"id\": 99, \"seek\": 10380, \"start\": 127.80000305175781, \"end\": 128.8000030517578, \"text\": \" Bye.\", \"tokens\": [51564, 4621, 13, 51614], \"temperature\": 0.0, \"avg_logprob\": -0.18041987717151642, \"compression_ratio\": 1.9199999570846558, \"no_speech_prob\": 0.21459148824214935}, {\"id\": 100, \"seek\": 10380, \"start\": 128.8000030517578, \"end\": 129.8000030517578, \"text\": \" Bye.\", \"tokens\": [51614, 4621, 13, 51664], \"temperature\": 0.0, \"avg_logprob\": -0.18041987717151642, \"compression_ratio\": 1.9199999570846558, \"no_speech_prob\": 0.21459148824214935}, {\"id\": 101, \"seek\": 10380, \"start\": 129.8000030517578, \"end\": 130.8000030517578, \"text\": \" Bye.\", \"tokens\": [51664, 4621, 13, 51714], \"temperature\": 0.0, \"avg_logprob\": -0.18041987717151642, \"compression_ratio\": 1.9199999570846558, \"no_speech_prob\": 0.21459148824214935}, {\"id\": 102, \"seek\": 10380, \"start\": 130.8000030517578, \"end\": 131.8000030517578, \"text\": \" Bye.\", \"tokens\": [51714, 4621, 13, 51764], \"temperature\": 0.0, \"avg_logprob\": -0.18041987717151642, \"compression_ratio\": 1.9199999570846558, \"no_speech_prob\": 0.21459148824214935}, {\"id\": 103, \"seek\": 10380, \"start\": 131.8000030517578, \"end\": 132.8000030517578, \"text\": \" Bye.\", \"tokens\": [51764, 4621, 13, 51814], \"temperature\": 0.0, \"avg_logprob\": -0.18041987717151642, \"compression_ratio\": 1.9199999570846558, \"no_speech_prob\": 0.21459148824214935}]}"}