{"title": "Awesome dating hack if you\u2019re not broke\u2026", "video_id": "JxJuT2bTsFU", "video_url": "https://www.youtube.com/watch?v=JxJuT2bTsFU", "description": "", "published_at": "2023-05-14T04:06:56Z", "channel_id": "UC0O-ohYDF4P66HW9XJ4Us8w", "channel_title": "Robbie Kramer", "tags": [], "category_id": "24", "live_broadcast_content": "none", "duration": 31.0, "dimension": "2d", "definition": "hd", "caption": "false", "view_count": 49, "like_count": 4, "comment_count": 0, "channel_info": {"title": "Robbie Kramer", "description": "I'm Robbie Kramer \ud83c\udf99Host of The Inner Confidence Podcast & Founder of Inner Confidence, Inc.\n\nI lived an exhilarating single life filled with adventures and lessons, and ultimately achieved what I had always aspired to \u2013 finding an amazing, feminine, and loving wife. \n\nI believe my experiences provide a rare balance of wild freedom and committed love, equipping me with the insights to help you navigate the complexities of dating and relationships in today's world. Let me guide you to embrace your desires, improve your social prowess, and ultimately attract the partner who aligns with your highest aspirations.\n\nYou won\u2019t find any fluffy, new-age, or cringy stuff here, just tested, proven and actionable advice that yields results.\n\nApply to join our exclusive Inner Confidence Community of ambitious men who are actively working together to achieve their goals faster   \u25ba https://innerconfidence.com/community\n\nYou can email me at robbie@innerconfidence.com with any questions or comments.\n", "subscriber_count": "1270", "total_views": "604693", "total_videos": "470"}, "comments": [], "file_path": "/Users/aelaguiz/workspace/fc_book/audio/raws/JxJuT2bTsFU.mp3", "transcription": "{\"text\": \"If you have crazy game and you're like the broke musician living in his van down by the river, I wouldn't recommend seeking. You should be able to do fine with bars, day game, like meet women in real life. My recommendation for most guys, you need to get over your fear of rejection. You got to do day game to do that. You got to meet women in real life. And once you're already in that process where you're tackling your dating life head on, then I'm okay with them adding in. Sugar daddying is a way to get a ton of dates and to get a lot of experience going on dates, dealing with women, understanding women. \", \"segments\": [{\"id\": 0, \"seek\": 0, \"start\": 0.0, \"end\": 4.960000038146973, \"text\": \" If you have crazy game and you're like the broke musician living in his van down by the\", \"tokens\": [50364, 759, 291, 362, 3219, 1216, 293, 291, 434, 411, 264, 6902, 19570, 2647, 294, 702, 3161, 760, 538, 264, 50612], \"temperature\": 0.0, \"avg_logprob\": -0.24900458753108978, \"compression_ratio\": 1.8210862874984741, \"no_speech_prob\": 0.06838379055261612}, {\"id\": 1, \"seek\": 0, \"start\": 4.960000038146973, \"end\": 8.800000190734863, \"text\": \" river, I wouldn't recommend seeking.\", \"tokens\": [50612, 6810, 11, 286, 2759, 380, 2748, 11670, 13, 50804], \"temperature\": 0.0, \"avg_logprob\": -0.24900458753108978, \"compression_ratio\": 1.8210862874984741, \"no_speech_prob\": 0.06838379055261612}, {\"id\": 2, \"seek\": 0, \"start\": 8.800000190734863, \"end\": 13.34000015258789, \"text\": \" You should be able to do fine with bars, day game, like meet women in real life.\", \"tokens\": [50804, 509, 820, 312, 1075, 281, 360, 2489, 365, 10228, 11, 786, 1216, 11, 411, 1677, 2266, 294, 957, 993, 13, 51031], \"temperature\": 0.0, \"avg_logprob\": -0.24900458753108978, \"compression_ratio\": 1.8210862874984741, \"no_speech_prob\": 0.06838379055261612}, {\"id\": 3, \"seek\": 0, \"start\": 13.34000015258789, \"end\": 16.31999969482422, \"text\": \" My recommendation for most guys, you need to get over your fear of rejection.\", \"tokens\": [51031, 1222, 11879, 337, 881, 1074, 11, 291, 643, 281, 483, 670, 428, 4240, 295, 26044, 13, 51180], \"temperature\": 0.0, \"avg_logprob\": -0.24900458753108978, \"compression_ratio\": 1.8210862874984741, \"no_speech_prob\": 0.06838379055261612}, {\"id\": 4, \"seek\": 0, \"start\": 16.31999969482422, \"end\": 17.559999465942383, \"text\": \" You got to do day game to do that.\", \"tokens\": [51180, 509, 658, 281, 360, 786, 1216, 281, 360, 300, 13, 51242], \"temperature\": 0.0, \"avg_logprob\": -0.24900458753108978, \"compression_ratio\": 1.8210862874984741, \"no_speech_prob\": 0.06838379055261612}, {\"id\": 5, \"seek\": 0, \"start\": 17.559999465942383, \"end\": 18.959999084472656, \"text\": \" You got to meet women in real life.\", \"tokens\": [51242, 509, 658, 281, 1677, 2266, 294, 957, 993, 13, 51312], \"temperature\": 0.0, \"avg_logprob\": -0.24900458753108978, \"compression_ratio\": 1.8210862874984741, \"no_speech_prob\": 0.06838379055261612}, {\"id\": 6, \"seek\": 0, \"start\": 18.959999084472656, \"end\": 22.799999237060547, \"text\": \" And once you're already in that process where you're tackling your dating life head on,\", \"tokens\": [51312, 400, 1564, 291, 434, 1217, 294, 300, 1399, 689, 291, 434, 34415, 428, 10689, 993, 1378, 322, 11, 51504], \"temperature\": 0.0, \"avg_logprob\": -0.24900458753108978, \"compression_ratio\": 1.8210862874984741, \"no_speech_prob\": 0.06838379055261612}, {\"id\": 7, \"seek\": 0, \"start\": 22.799999237060547, \"end\": 24.280000686645508, \"text\": \" then I'm okay with them adding in.\", \"tokens\": [51504, 550, 286, 478, 1392, 365, 552, 5127, 294, 13, 51578], \"temperature\": 0.0, \"avg_logprob\": -0.24900458753108978, \"compression_ratio\": 1.8210862874984741, \"no_speech_prob\": 0.06838379055261612}, {\"id\": 8, \"seek\": 0, \"start\": 24.280000686645508, \"end\": 28.1200008392334, \"text\": \" Sugar daddying is a way to get a ton of dates and to get a lot of experience going on dates,\", \"tokens\": [51578, 24576, 3546, 67, 1840, 307, 257, 636, 281, 483, 257, 2952, 295, 11691, 293, 281, 483, 257, 688, 295, 1752, 516, 322, 11691, 11, 51770], \"temperature\": 0.0, \"avg_logprob\": -0.24900458753108978, \"compression_ratio\": 1.8210862874984741, \"no_speech_prob\": 0.06838379055261612}, {\"id\": 9, \"seek\": 2812, \"start\": 28.1200008392334, \"end\": 30.1200008392334, \"text\": \" dealing with women, understanding women.\", \"tokens\": [50364, 6260, 365, 2266, 11, 3701, 2266, 13, 50464], \"temperature\": 0.0, \"avg_logprob\": -0.7798662185668945, \"compression_ratio\": 0.9523809552192688, \"no_speech_prob\": 0.9988411068916321}]}"}