{"title": "When your profile prompts suck!", "video_id": "KbZ6JxtjKT4", "video_url": "https://www.youtube.com/watch?v=KbZ6JxtjKT4", "description": "To listen to more episodes of the Inner Confidence Podcast, visit the links below:\nWebsite: https://innerconfidence.com/podcast/\niTunes:https://podcasts.apple.com/us/podcast/inner-confidence-podcast/id986699444 \nSpotify: https://open.spotify.com/show/2zkWuTnt7whvnR6CO6oNPV\nRSS: https://innerconfidence.com/series/leverage-podcast/feed/\n\nAnd if you're interested in learning more about my coaching services and connecting with me, check out these links:\nLinkTree: https://linktr.ee/Robbiekramer\nMain Site: https://innerconfidence.com/\nInstagram: https://www.instagram.com/robbie_kramer/\nTikTok: https://www.tiktok.com/@robbie.kramer\nYouTube: https://www.youtube.com/innerconfidence\n\nThank you for tuning in, and I look forward to helping you build your inner confidence and achieve success!\n\nJoin us : https://innerconfidence.com/leverage/\nBook a call with me : https://start.innerconfidence.com/video1\n\n\n#personaldevelopment #selfimprovement #innerconfidence #innerconfidencepodcast #podcast #coaching #success #motivation #inspiration #mindset #datingcoach #relationshipgoals #confidencecoach #selfimprovement #successfulmen", "published_at": "2023-02-07T19:24:08Z", "channel_id": "UC0O-ohYDF4P66HW9XJ4Us8w", "channel_title": "Robbie Kramer", "tags": [], "category_id": "26", "live_broadcast_content": "none", "duration": 52.0, "dimension": "2d", "definition": "hd", "caption": "false", "view_count": 285, "like_count": 1, "comment_count": 0, "channel_info": {"title": "Robbie Kramer", "description": "I'm Robbie Kramer \ud83c\udf99Host of The Inner Confidence Podcast & Founder of Inner Confidence, Inc.\n\nI lived an exhilarating single life filled with adventures and lessons, and ultimately achieved what I had always aspired to \u2013 finding an amazing, feminine, and loving wife. \n\nI believe my experiences provide a rare balance of wild freedom and committed love, equipping me with the insights to help you navigate the complexities of dating and relationships in today's world. Let me guide you to embrace your desires, improve your social prowess, and ultimately attract the partner who aligns with your highest aspirations.\n\nYou won\u2019t find any fluffy, new-age, or cringy stuff here, just tested, proven and actionable advice that yields results.\n\nApply to join our exclusive Inner Confidence Community of ambitious men who are actively working together to achieve their goals faster   \u25ba https://innerconfidence.com/community\n\nYou can email me at robbie@innerconfidence.com with any questions or comments.\n", "subscriber_count": "1270", "total_views": "604693", "total_videos": "470"}, "comments": [], "file_path": "/Users/aelaguiz/workspace/fc_book/audio/raws/KbZ6JxtjKT4.mp3", "transcription": "{\"text\": \"I posted this before, I think Ford said I should change the last one, it's too basic and All of these prompts are terrible, like these all need to be funny Dude Jonathan made mine good in like 10 minutes I've gotten likes on the first two I mean but what's interesting about that, you're like every other a** Sunrise hikes, food trucks, surf, sunset on the beach Like cool story bro Right like you need to create an emotional reaction, that's the only thing you're going for Like a like does not tell you s**t So yeah let's hear from Jonathan and Amir, what do you guys want to swap these out with? \", \"segments\": [{\"id\": 0, \"seek\": 0, \"start\": 0.0, \"end\": 8.960000038146973, \"text\": \" I posted this before, I think Ford said I should change the last one, it's too basic\", \"tokens\": [50364, 286, 9437, 341, 949, 11, 286, 519, 11961, 848, 286, 820, 1319, 264, 1036, 472, 11, 309, 311, 886, 3875, 50812], \"temperature\": 0.0, \"avg_logprob\": -0.400796115398407, \"compression_ratio\": 1.5274261236190796, \"no_speech_prob\": 0.49949631094932556}, {\"id\": 1, \"seek\": 0, \"start\": 8.960000038146973, \"end\": 9.960000038146973, \"text\": \" and\", \"tokens\": [50812, 293, 50862], \"temperature\": 0.0, \"avg_logprob\": -0.400796115398407, \"compression_ratio\": 1.5274261236190796, \"no_speech_prob\": 0.49949631094932556}, {\"id\": 2, \"seek\": 0, \"start\": 9.960000038146973, \"end\": 15.15999984741211, \"text\": \" All of these prompts are terrible, like these all need to be funny\", \"tokens\": [50862, 1057, 295, 613, 41095, 366, 6237, 11, 411, 613, 439, 643, 281, 312, 4074, 51122], \"temperature\": 0.0, \"avg_logprob\": -0.400796115398407, \"compression_ratio\": 1.5274261236190796, \"no_speech_prob\": 0.49949631094932556}, {\"id\": 3, \"seek\": 0, \"start\": 15.15999984741211, \"end\": 18.31999969482422, \"text\": \" Dude Jonathan made mine good in like 10 minutes\", \"tokens\": [51122, 12042, 15471, 1027, 3892, 665, 294, 411, 1266, 2077, 51280], \"temperature\": 0.0, \"avg_logprob\": -0.400796115398407, \"compression_ratio\": 1.5274261236190796, \"no_speech_prob\": 0.49949631094932556}, {\"id\": 4, \"seek\": 0, \"start\": 18.31999969482422, \"end\": 21.8799991607666, \"text\": \" I've gotten likes on the first two\", \"tokens\": [51280, 286, 600, 5768, 5902, 322, 264, 700, 732, 51458], \"temperature\": 0.0, \"avg_logprob\": -0.400796115398407, \"compression_ratio\": 1.5274261236190796, \"no_speech_prob\": 0.49949631094932556}, {\"id\": 5, \"seek\": 0, \"start\": 21.8799991607666, \"end\": 24.600000381469727, \"text\": \" I mean but what's interesting about that, you're like every other a**\", \"tokens\": [51458, 286, 914, 457, 437, 311, 1880, 466, 300, 11, 291, 434, 411, 633, 661, 257, 4852, 51594], \"temperature\": 0.0, \"avg_logprob\": -0.400796115398407, \"compression_ratio\": 1.5274261236190796, \"no_speech_prob\": 0.49949631094932556}, {\"id\": 6, \"seek\": 0, \"start\": 24.600000381469727, \"end\": 27.719999313354492, \"text\": \" Sunrise hikes, food trucks, surf, sunset on the beach\", \"tokens\": [51594, 6163, 18619, 276, 8916, 11, 1755, 16156, 11, 9684, 11, 20142, 322, 264, 7534, 51750], \"temperature\": 0.0, \"avg_logprob\": -0.400796115398407, \"compression_ratio\": 1.5274261236190796, \"no_speech_prob\": 0.49949631094932556}, {\"id\": 7, \"seek\": 2772, \"start\": 27.719999313354492, \"end\": 32.0, \"text\": \" Like cool story bro\", \"tokens\": [50364, 1743, 1627, 1657, 2006, 50578], \"temperature\": 0.0, \"avg_logprob\": -0.35790175199508667, \"compression_ratio\": 1.4156626462936401, \"no_speech_prob\": 0.02064337395131588}, {\"id\": 8, \"seek\": 2772, \"start\": 32.0, \"end\": 36.7599983215332, \"text\": \" Right like you need to create an emotional reaction, that's the only thing you're going\", \"tokens\": [50578, 1779, 411, 291, 643, 281, 1884, 364, 6863, 5480, 11, 300, 311, 264, 787, 551, 291, 434, 516, 50816], \"temperature\": 0.0, \"avg_logprob\": -0.35790175199508667, \"compression_ratio\": 1.4156626462936401, \"no_speech_prob\": 0.02064337395131588}, {\"id\": 9, \"seek\": 2772, \"start\": 36.7599983215332, \"end\": 37.7599983215332, \"text\": \" for\", \"tokens\": [50816, 337, 50866], \"temperature\": 0.0, \"avg_logprob\": -0.35790175199508667, \"compression_ratio\": 1.4156626462936401, \"no_speech_prob\": 0.02064337395131588}, {\"id\": 10, \"seek\": 2772, \"start\": 37.7599983215332, \"end\": 40.08000183105469, \"text\": \" Like a like does not tell you s**t\", \"tokens\": [50866, 1743, 257, 411, 775, 406, 980, 291, 262, 4852, 83, 50982], \"temperature\": 0.0, \"avg_logprob\": -0.35790175199508667, \"compression_ratio\": 1.4156626462936401, \"no_speech_prob\": 0.02064337395131588}, {\"id\": 11, \"seek\": 2772, \"start\": 40.08000183105469, \"end\": 44.52000045776367, \"text\": \" So yeah let's hear from Jonathan and Amir, what do you guys want to swap these out with?\", \"tokens\": [50982, 407, 1338, 718, 311, 1568, 490, 15471, 293, 2012, 347, 11, 437, 360, 291, 1074, 528, 281, 18135, 613, 484, 365, 30, 51204], \"temperature\": 0.0, \"avg_logprob\": -0.35790175199508667, \"compression_ratio\": 1.4156626462936401, \"no_speech_prob\": 0.02064337395131588}]}"}