{"title": "Robbie's Instant Recall 2 of 2", "video_id": "KIvzJmrTh0A", "video_url": "https://www.youtube.com/watch?v=KIvzJmrTh0A", "description": "", "published_at": "2010-09-05T18:13:45Z", "channel_id": "UC0O-ohYDF4P66HW9XJ4Us8w", "channel_title": "Robbie Kramer", "tags": ["Instant", "Recall"], "category_id": "26", "live_broadcast_content": "none", "duration": 284.0, "dimension": "2d", "definition": "sd", "caption": "false", "view_count": 523, "like_count": 3, "comment_count": 1, "channel_info": {"title": "Robbie Kramer", "description": "I'm Robbie Kramer \ud83c\udf99Host of The Inner Confidence Podcast & Founder of Inner Confidence, Inc.\n\nI lived an exhilarating single life filled with adventures and lessons, and ultimately achieved what I had always aspired to \u2013 finding an amazing, feminine, and loving wife. \n\nI believe my experiences provide a rare balance of wild freedom and committed love, equipping me with the insights to help you navigate the complexities of dating and relationships in today's world. Let me guide you to embrace your desires, improve your social prowess, and ultimately attract the partner who aligns with your highest aspirations.\n\nYou won\u2019t find any fluffy, new-age, or cringy stuff here, just tested, proven and actionable advice that yields results.\n\nApply to join our exclusive Inner Confidence Community of ambitious men who are actively working together to achieve their goals faster   \u25ba https://innerconfidence.com/community\n\nYou can email me at robbie@innerconfidence.com with any questions or comments.\n", "subscriber_count": "1270", "total_views": "604693", "total_videos": "470"}, "comments": [], "file_path": "/Users/aelaguiz/workspace/fc_book/audio/raws/KIvzJmrTh0A.mp3", "transcription": "{\"text\": \"Welcome back to Instant Recall, everybody. I'm Wink Martin, man. That's Angela Dawn. Are you holding up okay, my friend? I'm doing great. You ready to play the game? Oh, yeah. Give me five, bro. Now, because I'm having a good hair day, my man, I'm in a very generous mood. I'm going to give you $500 just for showing up. No way. Now, that's yours to keep no matter what happens. Isn't that amazing? That's amazing. Yes. Give me five. Is that working? Good luck to you. I do hope you win. Thank you. Now, there were a lot of people at that intervention for Renee, weren't there? Yeah. Why don't you go down there and join Angela. All right. Now, on those cards are each person's relationship to Renee. All you have to do is keep your hands on her. All you have to do is hand the right card to the correct person. If you do that, I'm going to give you another $500, taking your total worth out. Let's go. Brother. Sister-in-law. Sister-in-law. Which one? Husband. Husband. No relation. No relation at all. And friend. Friend. Come back up here, Robbie. Let's find out if you're a winner. All right. Yes. Very good. Give me a hug. Give me a hug. Give me a hug. Give me a hug. Give me a hug. Okay, Robbie. I want you to go down there and stand behind that box. All right. Okay. Now, while you're heading down there, I want to bring Renee out here. Renee, please come out here and join me. You remember there were three different colored balloons at the party, right? Oh. Maybe. You know, in the interview show, Angel was one of them. So, Brayden follows up his perfect game with a complete game, but he never lost. The only other pitcher to hold a complete game after a perfect game since 1920 was Len Parker in 1981. Prior to these two starts, Brayden's longest outing was seven to the third in his last season. Cardinals have hit a home run in nine games. They had just a half-game lead on the Reds in the NL Central as the opening pitch series. And since then, not coincidentally, Cardinals have lost seven of their last nine games during their power outing. Top third out of the Pooles. Home of the streak. Oh. Pooles' eighth home run of the\\u2014 Hey, Robbie. All you have to do is pick out the three colors you saw, blow them up, and then get them to Renee. On those cards are each person's relationship to Renee. All you have to do is keep your hands on her. All you have to do is hand the right card to the girl. Come back up here, Robbie. Let's find out if you're a winner. All right. Yes. Very good. I'll give you a hug. Okay, Robbie. I want you to go down there and stand behind that box, okay? Now, while you're heading down there, I want to bring Renee out here. Renee, please come out here and join me. You remember there were three different colored balloons at the party, Robbie. All you have to do is pick out the three colors you saw, blow them up, and then get them to Renee. She's going to pop them using her handy-dandy balloon popper. For each one you get right, I'll throw 225 bucks your way. Don't blow it, Robbie. Go. Go back up here, Robbie. Let's see how you did, my man. Red, blue, and green. Not quite. $1,450 for your efforts here today. You were a great sport. When me and Angela came out, I knew that Allison got me. She just got me bad. Well, that's instant recall. Our trucks are loaded. I got myself a lot of sick money. And we may be on our way to your town real soon. So watch out. You could be the next contestant here on Instant Recall. I'm Wick Hardcore. See you later. \", \"segments\": [{\"id\": 0, \"seek\": 0, \"start\": 0.0, \"end\": 14.0, \"text\": \" Welcome back to Instant Recall, everybody. I'm Wink Martin, man. That's Angela Dawn.\", \"tokens\": [50364, 4027, 646, 281, 38707, 9647, 336, 11, 2201, 13, 286, 478, 343, 475, 9184, 11, 587, 13, 663, 311, 20848, 26001, 13, 51064], \"temperature\": 0.0, \"avg_logprob\": -0.3596643805503845, \"compression_ratio\": 1.3668341636657715, \"no_speech_prob\": 0.5152118802070618}, {\"id\": 1, \"seek\": 0, \"start\": 14.0, \"end\": 21.0, \"text\": \" Are you holding up okay, my friend? I'm doing great. You ready to play the game? Oh, yeah. Give me five, bro.\", \"tokens\": [51064, 2014, 291, 5061, 493, 1392, 11, 452, 1277, 30, 286, 478, 884, 869, 13, 509, 1919, 281, 862, 264, 1216, 30, 876, 11, 1338, 13, 5303, 385, 1732, 11, 2006, 13, 51414], \"temperature\": 0.0, \"avg_logprob\": -0.3596643805503845, \"compression_ratio\": 1.3668341636657715, \"no_speech_prob\": 0.5152118802070618}, {\"id\": 2, \"seek\": 0, \"start\": 21.0, \"end\": 26.0, \"text\": \" Now, because I'm having a good hair day, my man, I'm in a very generous mood.\", \"tokens\": [51414, 823, 11, 570, 286, 478, 1419, 257, 665, 2578, 786, 11, 452, 587, 11, 286, 478, 294, 257, 588, 14537, 9268, 13, 51664], \"temperature\": 0.0, \"avg_logprob\": -0.3596643805503845, \"compression_ratio\": 1.3668341636657715, \"no_speech_prob\": 0.5152118802070618}, {\"id\": 3, \"seek\": 2600, \"start\": 26.0, \"end\": 32.0, \"text\": \" I'm going to give you $500 just for showing up. No way. Now, that's yours to keep no matter what happens.\", \"tokens\": [50364, 286, 478, 516, 281, 976, 291, 1848, 7526, 445, 337, 4099, 493, 13, 883, 636, 13, 823, 11, 300, 311, 6342, 281, 1066, 572, 1871, 437, 2314, 13, 50664], \"temperature\": 0.0, \"avg_logprob\": -0.21724893152713776, \"compression_ratio\": 1.6113207340240479, \"no_speech_prob\": 0.6944990754127502}, {\"id\": 4, \"seek\": 2600, \"start\": 32.0, \"end\": 38.0, \"text\": \" Isn't that amazing? That's amazing. Yes. Give me five. Is that working?\", \"tokens\": [50664, 6998, 380, 300, 2243, 30, 663, 311, 2243, 13, 1079, 13, 5303, 385, 1732, 13, 1119, 300, 1364, 30, 50964], \"temperature\": 0.0, \"avg_logprob\": -0.21724893152713776, \"compression_ratio\": 1.6113207340240479, \"no_speech_prob\": 0.6944990754127502}, {\"id\": 5, \"seek\": 2600, \"start\": 38.0, \"end\": 44.0, \"text\": \" Good luck to you. I do hope you win. Thank you. Now, there were a lot of people at that intervention for Renee, weren't there?\", \"tokens\": [50964, 2205, 3668, 281, 291, 13, 286, 360, 1454, 291, 1942, 13, 1044, 291, 13, 823, 11, 456, 645, 257, 688, 295, 561, 412, 300, 13176, 337, 47790, 11, 4999, 380, 456, 30, 51264], \"temperature\": 0.0, \"avg_logprob\": -0.21724893152713776, \"compression_ratio\": 1.6113207340240479, \"no_speech_prob\": 0.6944990754127502}, {\"id\": 6, \"seek\": 2600, \"start\": 44.0, \"end\": 50.0, \"text\": \" Yeah. Why don't you go down there and join Angela. All right. Now, on those cards are each person's relationship to Renee.\", \"tokens\": [51264, 865, 13, 1545, 500, 380, 291, 352, 760, 456, 293, 3917, 20848, 13, 1057, 558, 13, 823, 11, 322, 729, 5632, 366, 1184, 954, 311, 2480, 281, 47790, 13, 51564], \"temperature\": 0.0, \"avg_logprob\": -0.21724893152713776, \"compression_ratio\": 1.6113207340240479, \"no_speech_prob\": 0.6944990754127502}, {\"id\": 7, \"seek\": 5000, \"start\": 50.0, \"end\": 56.0, \"text\": \" All you have to do is keep your hands on her. All you have to do is hand the right card to the correct person.\", \"tokens\": [50364, 1057, 291, 362, 281, 360, 307, 1066, 428, 2377, 322, 720, 13, 1057, 291, 362, 281, 360, 307, 1011, 264, 558, 2920, 281, 264, 3006, 954, 13, 50664], \"temperature\": 0.0, \"avg_logprob\": -0.270182728767395, \"compression_ratio\": 1.5894737243652344, \"no_speech_prob\": 0.44141969084739685}, {\"id\": 8, \"seek\": 5000, \"start\": 56.0, \"end\": 62.0, \"text\": \" If you do that, I'm going to give you another $500, taking your total worth out.\", \"tokens\": [50664, 759, 291, 360, 300, 11, 286, 478, 516, 281, 976, 291, 1071, 1848, 7526, 11, 1940, 428, 3217, 3163, 484, 13, 50964], \"temperature\": 0.0, \"avg_logprob\": -0.270182728767395, \"compression_ratio\": 1.5894737243652344, \"no_speech_prob\": 0.44141969084739685}, {\"id\": 9, \"seek\": 5000, \"start\": 62.0, \"end\": 74.0, \"text\": \" Let's go. Brother. Sister-in-law. Sister-in-law. Which one? Husband. Husband. No relation. No relation at all.\", \"tokens\": [50964, 961, 311, 352, 13, 8904, 13, 14145, 12, 259, 12, 5901, 13, 14145, 12, 259, 12, 5901, 13, 3013, 472, 30, 21282, 4235, 13, 21282, 4235, 13, 883, 9721, 13, 883, 9721, 412, 439, 13, 51564], \"temperature\": 0.0, \"avg_logprob\": -0.270182728767395, \"compression_ratio\": 1.5894737243652344, \"no_speech_prob\": 0.44141969084739685}, {\"id\": 10, \"seek\": 7400, \"start\": 74.0, \"end\": 82.0, \"text\": \" And friend. Friend. Come back up here, Robbie. Let's find out if you're a winner. All right. Yes. Very good.\", \"tokens\": [50364, 400, 1277, 13, 22812, 13, 2492, 646, 493, 510, 11, 45749, 13, 961, 311, 915, 484, 498, 291, 434, 257, 8507, 13, 1057, 558, 13, 1079, 13, 4372, 665, 13, 50764], \"temperature\": 0.0, \"avg_logprob\": -0.2990657091140747, \"compression_ratio\": 1.8095238208770752, \"no_speech_prob\": 0.5031832456588745}, {\"id\": 11, \"seek\": 7400, \"start\": 82.0, \"end\": 90.0, \"text\": \" Give me a hug. Give me a hug. Give me a hug. Give me a hug. Give me a hug.\", \"tokens\": [50764, 5303, 385, 257, 8777, 13, 5303, 385, 257, 8777, 13, 5303, 385, 257, 2137, 70, 13, 5303, 385, 257, 8777, 13, 5303, 385, 257, 8777, 13, 51164], \"temperature\": 0.0, \"avg_logprob\": -0.2990657091140747, \"compression_ratio\": 1.8095238208770752, \"no_speech_prob\": 0.5031832456588745}, {\"id\": 12, \"seek\": 7400, \"start\": 90.0, \"end\": 94.0, \"text\": \" Okay, Robbie. I want you to go down there and stand behind that box. All right. Okay.\", \"tokens\": [51164, 1033, 11, 45749, 13, 286, 528, 291, 281, 352, 760, 456, 293, 1463, 2261, 300, 2424, 13, 1057, 558, 13, 1033, 13, 51364], \"temperature\": 0.0, \"avg_logprob\": -0.2990657091140747, \"compression_ratio\": 1.8095238208770752, \"no_speech_prob\": 0.5031832456588745}, {\"id\": 13, \"seek\": 7400, \"start\": 94.0, \"end\": 98.0, \"text\": \" Now, while you're heading down there, I want to bring Renee out here. Renee, please come out here and join me.\", \"tokens\": [51364, 823, 11, 1339, 291, 434, 9864, 760, 456, 11, 286, 528, 281, 1565, 47790, 484, 510, 13, 47790, 11, 1767, 808, 484, 510, 293, 3917, 385, 13, 51564], \"temperature\": 0.0, \"avg_logprob\": -0.2990657091140747, \"compression_ratio\": 1.8095238208770752, \"no_speech_prob\": 0.5031832456588745}, {\"id\": 14, \"seek\": 9800, \"start\": 98.0, \"end\": 102.0, \"text\": \" You remember there were three different colored balloons at the party, right?\", \"tokens\": [50364, 509, 1604, 456, 645, 1045, 819, 14332, 26193, 412, 264, 3595, 11, 558, 30, 50564], \"temperature\": 0.0, \"avg_logprob\": -0.4143325388431549, \"compression_ratio\": 1.5666667222976685, \"no_speech_prob\": 0.7223054766654968}, {\"id\": 15, \"seek\": 9800, \"start\": 102.0, \"end\": 104.0, \"text\": \" Oh. Maybe.\", \"tokens\": [50564, 876, 13, 2704, 13, 50664], \"temperature\": 0.0, \"avg_logprob\": -0.4143325388431549, \"compression_ratio\": 1.5666667222976685, \"no_speech_prob\": 0.7223054766654968}, {\"id\": 16, \"seek\": 9800, \"start\": 104.0, \"end\": 108.0, \"text\": \" You know, in the interview show, Angel was one of them.\", \"tokens\": [50664, 509, 458, 11, 294, 264, 728, 12702, 86, 855, 11, 14902, 390, 472, 295, 552, 13, 50864], \"temperature\": 0.0, \"avg_logprob\": -0.4143325388431549, \"compression_ratio\": 1.5666667222976685, \"no_speech_prob\": 0.7223054766654968}, {\"id\": 17, \"seek\": 9800, \"start\": 108.0, \"end\": 112.0, \"text\": \" So, Brayden follows up his perfect game with a complete game, but he never lost.\", \"tokens\": [50864, 407, 11, 1603, 320, 1556, 10002, 493, 702, 2176, 1216, 365, 257, 3566, 1216, 11, 457, 415, 1128, 2731, 13, 51064], \"temperature\": 0.0, \"avg_logprob\": -0.4143325388431549, \"compression_ratio\": 1.5666667222976685, \"no_speech_prob\": 0.7223054766654968}, {\"id\": 18, \"seek\": 9800, \"start\": 112.0, \"end\": 117.0, \"text\": \" The only other pitcher to hold a complete game after a perfect game since 1920 was Len Parker in 1981.\", \"tokens\": [51064, 440, 787, 661, 42147, 281, 1797, 257, 3566, 1216, 934, 257, 2176, 1216, 1670, 22003, 390, 23009, 20155, 294, 33117, 13, 51314], \"temperature\": 0.0, \"avg_logprob\": -0.4143325388431549, \"compression_ratio\": 1.5666667222976685, \"no_speech_prob\": 0.7223054766654968}, {\"id\": 19, \"seek\": 9800, \"start\": 117.0, \"end\": 123.0, \"text\": \" Prior to these two starts, Brayden's longest outing was seven to the third in his last season.\", \"tokens\": [51314, 24032, 281, 613, 732, 3719, 11, 1603, 320, 1556, 311, 15438, 484, 278, 390, 3407, 281, 264, 2636, 294, 702, 1036, 3196, 13, 51614], \"temperature\": 0.0, \"avg_logprob\": -0.4143325388431549, \"compression_ratio\": 1.5666667222976685, \"no_speech_prob\": 0.7223054766654968}, {\"id\": 20, \"seek\": 12300, \"start\": 123.0, \"end\": 129.0, \"text\": \" Cardinals have hit a home run in nine games. They had just a half-game lead on the Reds in the NL Central as the opening pitch series.\", \"tokens\": [50364, 11877, 33961, 362, 2045, 257, 1280, 1190, 294, 4949, 2813, 13, 814, 632, 445, 257, 1922, 12, 15038, 1477, 322, 264, 4477, 82, 294, 264, 426, 43, 9701, 382, 264, 5193, 10147, 339, 2638, 13, 50664], \"temperature\": 0.0, \"avg_logprob\": -0.41641491651535034, \"compression_ratio\": 1.6313868761062622, \"no_speech_prob\": 0.35117703676223755}, {\"id\": 21, \"seek\": 12300, \"start\": 129.0, \"end\": 133.0, \"text\": \" And since then, not coincidentally, Cardinals have lost seven of their last nine games during their power outing.\", \"tokens\": [50664, 400, 1670, 550, 11, 406, 13001, 36578, 11, 11877, 33961, 362, 2731, 3407, 295, 641, 1036, 4949, 2813, 1830, 641, 1347, 484, 278, 13, 50864], \"temperature\": 0.0, \"avg_logprob\": -0.41641491651535034, \"compression_ratio\": 1.6313868761062622, \"no_speech_prob\": 0.35117703676223755}, {\"id\": 22, \"seek\": 12300, \"start\": 133.0, \"end\": 139.0, \"text\": \" Top third out of the Pooles. Home of the streak. Oh. Pooles' eighth home run of the\\u2014\", \"tokens\": [50864, 8840, 2636, 484, 295, 264, 430, 1986, 306, 82, 13, 8719, 295, 264, 35634, 13, 876, 13, 430, 1986, 306, 82, 6, 19495, 1280, 1190, 295, 264, 2958, 51164], \"temperature\": 0.0, \"avg_logprob\": -0.41641491651535034, \"compression_ratio\": 1.6313868761062622, \"no_speech_prob\": 0.35117703676223755}, {\"id\": 23, \"seek\": 12300, \"start\": 141.0, \"end\": 147.0, \"text\": \" Hey, Robbie. All you have to do is pick out the three colors you saw, blow them up, and then get them to Renee.\", \"tokens\": [51264, 1911, 11, 45749, 13, 1057, 291, 362, 281, 360, 307, 1888, 484, 264, 1045, 4577, 291, 1866, 11, 6327, 552, 493, 11, 293, 550, 483, 552, 281, 47790, 13, 51564], \"temperature\": 0.0, \"avg_logprob\": -0.41641491651535034, \"compression_ratio\": 1.6313868761062622, \"no_speech_prob\": 0.35117703676223755}, {\"id\": 24, \"seek\": 15300, \"start\": 154.0, \"end\": 161.0, \"text\": \" On those cards are each person's relationship to Renee. All you have to do is keep your hands on her.\", \"tokens\": [50414, 1282, 729, 5632, 366, 1184, 954, 311, 2480, 281, 47790, 13, 1057, 291, 362, 281, 360, 307, 1066, 428, 2377, 322, 720, 13, 50764], \"temperature\": 0.0, \"avg_logprob\": -0.28452613949775696, \"compression_ratio\": 1.5030674934387207, \"no_speech_prob\": 0.16404849290847778}, {\"id\": 25, \"seek\": 15300, \"start\": 161.0, \"end\": 165.0, \"text\": \" All you have to do is hand the right card to the girl.\", \"tokens\": [50764, 1057, 291, 362, 281, 360, 307, 1011, 264, 558, 2920, 281, 264, 2013, 13, 50964], \"temperature\": 0.0, \"avg_logprob\": -0.28452613949775696, \"compression_ratio\": 1.5030674934387207, \"no_speech_prob\": 0.16404849290847778}, {\"id\": 26, \"seek\": 15300, \"start\": 171.0, \"end\": 175.0, \"text\": \" Come back up here, Robbie. Let's find out if you're a winner.\", \"tokens\": [51264, 2492, 646, 493, 510, 11, 45749, 13, 961, 311, 915, 484, 498, 291, 434, 257, 8507, 13, 51464], \"temperature\": 0.0, \"avg_logprob\": -0.28452613949775696, \"compression_ratio\": 1.5030674934387207, \"no_speech_prob\": 0.16404849290847778}, {\"id\": 27, \"seek\": 15300, \"start\": 175.0, \"end\": 179.0, \"text\": \" All right. Yes. Very good.\", \"tokens\": [51464, 1057, 558, 13, 1079, 13, 4372, 665, 13, 51664], \"temperature\": 0.0, \"avg_logprob\": -0.28452613949775696, \"compression_ratio\": 1.5030674934387207, \"no_speech_prob\": 0.16404849290847778}, {\"id\": 28, \"seek\": 17900, \"start\": 179.0, \"end\": 182.0, \"text\": \" I'll give you a hug.\", \"tokens\": [50364, 286, 603, 976, 291, 257, 8777, 13, 50514], \"temperature\": 0.0, \"avg_logprob\": -0.23650945723056793, \"compression_ratio\": 1.695817470550537, \"no_speech_prob\": 0.01711106114089489}, {\"id\": 29, \"seek\": 17900, \"start\": 186.0, \"end\": 190.0, \"text\": \" Okay, Robbie. I want you to go down there and stand behind that box, okay?\", \"tokens\": [50714, 1033, 11, 45749, 13, 286, 528, 291, 281, 352, 760, 456, 293, 1463, 2261, 300, 2424, 11, 1392, 30, 50914], \"temperature\": 0.0, \"avg_logprob\": -0.23650945723056793, \"compression_ratio\": 1.695817470550537, \"no_speech_prob\": 0.01711106114089489}, {\"id\": 30, \"seek\": 17900, \"start\": 190.0, \"end\": 194.0, \"text\": \" Now, while you're heading down there, I want to bring Renee out here. Renee, please come out here and join me.\", \"tokens\": [50914, 823, 11, 1339, 291, 434, 9864, 760, 456, 11, 286, 528, 281, 1565, 47790, 484, 510, 13, 47790, 11, 1767, 808, 484, 510, 293, 3917, 385, 13, 51114], \"temperature\": 0.0, \"avg_logprob\": -0.23650945723056793, \"compression_ratio\": 1.695817470550537, \"no_speech_prob\": 0.01711106114089489}, {\"id\": 31, \"seek\": 17900, \"start\": 194.0, \"end\": 198.0, \"text\": \" You remember there were three different colored balloons at the party, Robbie.\", \"tokens\": [51114, 509, 1604, 456, 645, 1045, 819, 14332, 26193, 412, 264, 3595, 11, 45749, 13, 51314], \"temperature\": 0.0, \"avg_logprob\": -0.23650945723056793, \"compression_ratio\": 1.695817470550537, \"no_speech_prob\": 0.01711106114089489}, {\"id\": 32, \"seek\": 17900, \"start\": 198.0, \"end\": 203.0, \"text\": \" All you have to do is pick out the three colors you saw, blow them up, and then get them to Renee.\", \"tokens\": [51314, 1057, 291, 362, 281, 360, 307, 1888, 484, 264, 1045, 4577, 291, 1866, 11, 6327, 552, 493, 11, 293, 550, 483, 552, 281, 47790, 13, 51564], \"temperature\": 0.0, \"avg_logprob\": -0.23650945723056793, \"compression_ratio\": 1.695817470550537, \"no_speech_prob\": 0.01711106114089489}, {\"id\": 33, \"seek\": 17900, \"start\": 203.0, \"end\": 206.0, \"text\": \" She's going to pop them using her handy-dandy balloon popper.\", \"tokens\": [51564, 1240, 311, 516, 281, 1665, 552, 1228, 720, 13239, 12, 67, 11425, 16994, 1665, 610, 13, 51714], \"temperature\": 0.0, \"avg_logprob\": -0.23650945723056793, \"compression_ratio\": 1.695817470550537, \"no_speech_prob\": 0.01711106114089489}, {\"id\": 34, \"seek\": 20600, \"start\": 206.0, \"end\": 212.0, \"text\": \" For each one you get right, I'll throw 225 bucks your way. Don't blow it, Robbie. Go.\", \"tokens\": [50364, 1171, 1184, 472, 291, 483, 558, 11, 286, 603, 3507, 5853, 20, 11829, 428, 636, 13, 1468, 380, 6327, 309, 11, 45749, 13, 1037, 13, 50664], \"temperature\": 0.0, \"avg_logprob\": -0.23131528496742249, \"compression_ratio\": 1.3448275327682495, \"no_speech_prob\": 0.08979761600494385}, {\"id\": 35, \"seek\": 20600, \"start\": 219.0, \"end\": 226.0, \"text\": \" Go back up here, Robbie. Let's see how you did, my man. Red, blue, and green.\", \"tokens\": [51014, 1037, 646, 493, 510, 11, 45749, 13, 961, 311, 536, 577, 291, 630, 11, 452, 587, 13, 4477, 11, 3344, 11, 293, 3092, 13, 51364], \"temperature\": 0.0, \"avg_logprob\": -0.23131528496742249, \"compression_ratio\": 1.3448275327682495, \"no_speech_prob\": 0.08979761600494385}, {\"id\": 36, \"seek\": 20600, \"start\": 226.0, \"end\": 232.0, \"text\": \" Not quite. $1,450 for your efforts here today. You were a great sport.\", \"tokens\": [51364, 1726, 1596, 13, 1848, 16, 11, 48957, 337, 428, 6484, 510, 965, 13, 509, 645, 257, 869, 7282, 13, 51664], \"temperature\": 0.0, \"avg_logprob\": -0.23131528496742249, \"compression_ratio\": 1.3448275327682495, \"no_speech_prob\": 0.08979761600494385}, {\"id\": 37, \"seek\": 23200, \"start\": 232.0, \"end\": 238.0, \"text\": \" When me and Angela came out, I knew that Allison got me. She just got me bad.\", \"tokens\": [50364, 1133, 385, 293, 20848, 1361, 484, 11, 286, 2586, 300, 32638, 658, 385, 13, 1240, 445, 658, 385, 1578, 13, 50664], \"temperature\": 0.0, \"avg_logprob\": -0.29582679271698, \"compression_ratio\": 1.3589743375778198, \"no_speech_prob\": 0.014719352126121521}, {\"id\": 38, \"seek\": 23200, \"start\": 250.0, \"end\": 255.0, \"text\": \" Well, that's instant recall. Our trucks are loaded. I got myself a lot of sick money.\", \"tokens\": [51264, 1042, 11, 300, 311, 9836, 9901, 13, 2621, 16156, 366, 13210, 13, 286, 658, 2059, 257, 688, 295, 4998, 1460, 13, 51514], \"temperature\": 0.0, \"avg_logprob\": -0.29582679271698, \"compression_ratio\": 1.3589743375778198, \"no_speech_prob\": 0.014719352126121521}, {\"id\": 39, \"seek\": 23200, \"start\": 255.0, \"end\": 259.0, \"text\": \" And we may be on our way to your town real soon.\", \"tokens\": [51514, 400, 321, 815, 312, 322, 527, 636, 281, 428, 3954, 957, 2321, 13, 51714], \"temperature\": 0.0, \"avg_logprob\": -0.29582679271698, \"compression_ratio\": 1.3589743375778198, \"no_speech_prob\": 0.014719352126121521}, {\"id\": 40, \"seek\": 25900, \"start\": 259.0, \"end\": 266.0, \"text\": \" So watch out. You could be the next contestant here on Instant Recall. I'm Wick Hardcore. See you later.\", \"tokens\": [50364, 407, 1159, 484, 13, 509, 727, 312, 264, 958, 10287, 394, 510, 322, 38707, 9647, 336, 13, 286, 478, 343, 299, 74, 11817, 12352, 13, 3008, 291, 1780, 13, 50714], \"temperature\": 0.0, \"avg_logprob\": -0.34579718112945557, \"compression_ratio\": 1.0833333730697632, \"no_speech_prob\": 0.04948769509792328}]}"}