{"title": "Avoid this huge conversational mistake men make on first dates. (Link = start.innerconfidence.com)", "video_id": "kiY640_BL1g", "video_url": "https://www.youtube.com/watch?v=kiY640_BL1g", "description": "", "published_at": "2023-07-14T22:41:13Z", "channel_id": "UC0O-ohYDF4P66HW9XJ4Us8w", "channel_title": "Robbie Kramer", "tags": [], "category_id": "24", "live_broadcast_content": "none", "duration": 58.0, "dimension": "2d", "definition": "hd", "caption": "false", "view_count": 846, "like_count": 9, "comment_count": 2, "channel_info": {"title": "Robbie Kramer", "description": "I'm Robbie Kramer \ud83c\udf99Host of The Inner Confidence Podcast & Founder of Inner Confidence, Inc.\n\nI lived an exhilarating single life filled with adventures and lessons, and ultimately achieved what I had always aspired to \u2013 finding an amazing, feminine, and loving wife. \n\nI believe my experiences provide a rare balance of wild freedom and committed love, equipping me with the insights to help you navigate the complexities of dating and relationships in today's world. Let me guide you to embrace your desires, improve your social prowess, and ultimately attract the partner who aligns with your highest aspirations.\n\nYou won\u2019t find any fluffy, new-age, or cringy stuff here, just tested, proven and actionable advice that yields results.\n\nApply to join our exclusive Inner Confidence Community of ambitious men who are actively working together to achieve their goals faster   \u25ba https://innerconfidence.com/community\n\nYou can email me at robbie@innerconfidence.com with any questions or comments.\n", "subscriber_count": "1270", "total_views": "604693", "total_videos": "470"}, "comments": [], "file_path": "/Users/aelaguiz/workspace/fc_book/audio/raws/kiY640_BL1g.mp3", "transcription": "{\"text\": \"Let's say you're really worried about being boring, so you study so much attraction material that you just over game the hell out of her, right? You study all these routines and you're like reading her palms. And then you're like, like, I mean, some, some palm reading can be fine, but if you're doing just routine after routine, after routine, and you're never making a connection, you're never actually getting to know her. And it's just like flash game after flash game after this. And after that, that's going to look really uncalibrated. But I also can relate it to the guys who goes to like super intimate and deep stuff conversations. That's like, man, I see you like first time. I don't want to share with you something so intimate about like my life, spiritual stuff. And it's like it would turn me off, you know? Right. You have to let the conversation flow there naturally. Yeah. Right. Like you don't want to talk about religion. You don't want to talk about politics. Spirituality is very similar to religion. So that's that's a dangerous one. Even if you're the same religion, even if you're the same spirituality, like, yeah, that's probably a little bit safer. But those conversations aren't necessarily that sexy. They're not sexy at all. It's like, be careful, right? It's a booby trap. \", \"segments\": [{\"id\": 0, \"seek\": 0, \"start\": 0.0, \"end\": 3.5199999809265137, \"text\": \" Let's say you're really worried about being boring, so you study so much\", \"tokens\": [50364, 961, 311, 584, 291, 434, 534, 5804, 466, 885, 9989, 11, 370, 291, 2979, 370, 709, 50540], \"temperature\": 0.0, \"avg_logprob\": -0.2787013053894043, \"compression_ratio\": 1.9249249696731567, \"no_speech_prob\": 0.04331421107053757}, {\"id\": 1, \"seek\": 0, \"start\": 3.5199999809265137, \"end\": 6.28000020980835, \"text\": \" attraction material that you just over game the hell out of her, right?\", \"tokens\": [50540, 17672, 2527, 300, 291, 445, 670, 1216, 264, 4921, 484, 295, 720, 11, 558, 30, 50678], \"temperature\": 0.0, \"avg_logprob\": -0.2787013053894043, \"compression_ratio\": 1.9249249696731567, \"no_speech_prob\": 0.04331421107053757}, {\"id\": 2, \"seek\": 0, \"start\": 6.28000020980835, \"end\": 8.84000015258789, \"text\": \" You study all these routines and you're like reading her palms.\", \"tokens\": [50678, 509, 2979, 439, 613, 33827, 293, 291, 434, 411, 3760, 720, 30819, 13, 50806], \"temperature\": 0.0, \"avg_logprob\": -0.2787013053894043, \"compression_ratio\": 1.9249249696731567, \"no_speech_prob\": 0.04331421107053757}, {\"id\": 3, \"seek\": 0, \"start\": 8.84000015258789, \"end\": 12.079999923706055, \"text\": \" And then you're like, like, I mean, some, some palm reading can be fine,\", \"tokens\": [50806, 400, 550, 291, 434, 411, 11, 411, 11, 286, 914, 11, 512, 11, 512, 17018, 3760, 393, 312, 2489, 11, 50968], \"temperature\": 0.0, \"avg_logprob\": -0.2787013053894043, \"compression_ratio\": 1.9249249696731567, \"no_speech_prob\": 0.04331421107053757}, {\"id\": 4, \"seek\": 0, \"start\": 12.079999923706055, \"end\": 15.319999694824219, \"text\": \" but if you're doing just routine after routine, after routine, and you're\", \"tokens\": [50968, 457, 498, 291, 434, 884, 445, 9927, 934, 9927, 11, 934, 9927, 11, 293, 291, 434, 51130], \"temperature\": 0.0, \"avg_logprob\": -0.2787013053894043, \"compression_ratio\": 1.9249249696731567, \"no_speech_prob\": 0.04331421107053757}, {\"id\": 5, \"seek\": 0, \"start\": 15.319999694824219, \"end\": 17.799999237060547, \"text\": \" never making a connection, you're never actually getting to know her.\", \"tokens\": [51130, 1128, 1455, 257, 4984, 11, 291, 434, 1128, 767, 1242, 281, 458, 720, 13, 51254], \"temperature\": 0.0, \"avg_logprob\": -0.2787013053894043, \"compression_ratio\": 1.9249249696731567, \"no_speech_prob\": 0.04331421107053757}, {\"id\": 6, \"seek\": 0, \"start\": 17.799999237060547, \"end\": 20.31999969482422, \"text\": \" And it's just like flash game after flash game after this.\", \"tokens\": [51254, 400, 309, 311, 445, 411, 7319, 1216, 934, 7319, 1216, 934, 341, 13, 51380], \"temperature\": 0.0, \"avg_logprob\": -0.2787013053894043, \"compression_ratio\": 1.9249249696731567, \"no_speech_prob\": 0.04331421107053757}, {\"id\": 7, \"seek\": 0, \"start\": 20.31999969482422, \"end\": 22.1200008392334, \"text\": \" And after that, that's going to look really uncalibrated.\", \"tokens\": [51380, 400, 934, 300, 11, 300, 311, 516, 281, 574, 534, 6219, 304, 897, 5468, 13, 51470], \"temperature\": 0.0, \"avg_logprob\": -0.2787013053894043, \"compression_ratio\": 1.9249249696731567, \"no_speech_prob\": 0.04331421107053757}, {\"id\": 8, \"seek\": 0, \"start\": 22.1200008392334, \"end\": 26.1200008392334, \"text\": \" But I also can relate it to the guys who goes to like super intimate\", \"tokens\": [51470, 583, 286, 611, 393, 10961, 309, 281, 264, 1074, 567, 1709, 281, 411, 1687, 20215, 51670], \"temperature\": 0.0, \"avg_logprob\": -0.2787013053894043, \"compression_ratio\": 1.9249249696731567, \"no_speech_prob\": 0.04331421107053757}, {\"id\": 9, \"seek\": 0, \"start\": 26.1200008392334, \"end\": 28.1200008392334, \"text\": \" and deep stuff conversations.\", \"tokens\": [51670, 293, 2452, 1507, 7315, 13, 51770], \"temperature\": 0.0, \"avg_logprob\": -0.2787013053894043, \"compression_ratio\": 1.9249249696731567, \"no_speech_prob\": 0.04331421107053757}, {\"id\": 10, \"seek\": 2812, \"start\": 28.1200008392334, \"end\": 29.959999084472656, \"text\": \" That's like, man, I see you like first time.\", \"tokens\": [50364, 663, 311, 411, 11, 587, 11, 286, 536, 291, 411, 700, 565, 13, 50456], \"temperature\": 0.0, \"avg_logprob\": -0.2346486896276474, \"compression_ratio\": 1.8700565099716187, \"no_speech_prob\": 0.02160942740738392}, {\"id\": 11, \"seek\": 2812, \"start\": 29.959999084472656, \"end\": 33.31999969482422, \"text\": \" I don't want to share with you something so intimate about like my life,\", \"tokens\": [50456, 286, 500, 380, 528, 281, 2073, 365, 291, 746, 370, 20215, 466, 411, 452, 993, 11, 50624], \"temperature\": 0.0, \"avg_logprob\": -0.2346486896276474, \"compression_ratio\": 1.8700565099716187, \"no_speech_prob\": 0.02160942740738392}, {\"id\": 12, \"seek\": 2812, \"start\": 33.31999969482422, \"end\": 34.720001220703125, \"text\": \" spiritual stuff.\", \"tokens\": [50624, 6960, 1507, 13, 50694], \"temperature\": 0.0, \"avg_logprob\": -0.2346486896276474, \"compression_ratio\": 1.8700565099716187, \"no_speech_prob\": 0.02160942740738392}, {\"id\": 13, \"seek\": 2812, \"start\": 34.720001220703125, \"end\": 36.63999938964844, \"text\": \" And it's like it would turn me off, you know?\", \"tokens\": [50694, 400, 309, 311, 411, 309, 576, 1261, 385, 766, 11, 291, 458, 30, 50790], \"temperature\": 0.0, \"avg_logprob\": -0.2346486896276474, \"compression_ratio\": 1.8700565099716187, \"no_speech_prob\": 0.02160942740738392}, {\"id\": 14, \"seek\": 2812, \"start\": 36.63999938964844, \"end\": 38.7599983215332, \"text\": \" Right. You have to let the conversation flow there naturally.\", \"tokens\": [50790, 1779, 13, 509, 362, 281, 718, 264, 3761, 3095, 456, 8195, 13, 50896], \"temperature\": 0.0, \"avg_logprob\": -0.2346486896276474, \"compression_ratio\": 1.8700565099716187, \"no_speech_prob\": 0.02160942740738392}, {\"id\": 15, \"seek\": 2812, \"start\": 38.7599983215332, \"end\": 39.47999954223633, \"text\": \" Yeah. Right.\", \"tokens\": [50896, 865, 13, 1779, 13, 50932], \"temperature\": 0.0, \"avg_logprob\": -0.2346486896276474, \"compression_ratio\": 1.8700565099716187, \"no_speech_prob\": 0.02160942740738392}, {\"id\": 16, \"seek\": 2812, \"start\": 39.47999954223633, \"end\": 41.119998931884766, \"text\": \" Like you don't want to talk about religion.\", \"tokens\": [50932, 1743, 291, 500, 380, 528, 281, 751, 466, 7561, 13, 51014], \"temperature\": 0.0, \"avg_logprob\": -0.2346486896276474, \"compression_ratio\": 1.8700565099716187, \"no_speech_prob\": 0.02160942740738392}, {\"id\": 17, \"seek\": 2812, \"start\": 41.119998931884766, \"end\": 42.36000061035156, \"text\": \" You don't want to talk about politics.\", \"tokens\": [51014, 509, 500, 380, 528, 281, 751, 466, 7341, 13, 51076], \"temperature\": 0.0, \"avg_logprob\": -0.2346486896276474, \"compression_ratio\": 1.8700565099716187, \"no_speech_prob\": 0.02160942740738392}, {\"id\": 18, \"seek\": 2812, \"start\": 42.36000061035156, \"end\": 44.119998931884766, \"text\": \" Spirituality is very similar to religion.\", \"tokens\": [51076, 38929, 507, 307, 588, 2531, 281, 7561, 13, 51164], \"temperature\": 0.0, \"avg_logprob\": -0.2346486896276474, \"compression_ratio\": 1.8700565099716187, \"no_speech_prob\": 0.02160942740738392}, {\"id\": 19, \"seek\": 2812, \"start\": 44.119998931884766, \"end\": 45.959999084472656, \"text\": \" So that's that's a dangerous one.\", \"tokens\": [51164, 407, 300, 311, 300, 311, 257, 5795, 472, 13, 51256], \"temperature\": 0.0, \"avg_logprob\": -0.2346486896276474, \"compression_ratio\": 1.8700565099716187, \"no_speech_prob\": 0.02160942740738392}, {\"id\": 20, \"seek\": 2812, \"start\": 45.959999084472656, \"end\": 49.2400016784668, \"text\": \" Even if you're the same religion, even if you're the same spirituality, like,\", \"tokens\": [51256, 2754, 498, 291, 434, 264, 912, 7561, 11, 754, 498, 291, 434, 264, 912, 30637, 11, 411, 11, 51420], \"temperature\": 0.0, \"avg_logprob\": -0.2346486896276474, \"compression_ratio\": 1.8700565099716187, \"no_speech_prob\": 0.02160942740738392}, {\"id\": 21, \"seek\": 2812, \"start\": 49.2400016784668, \"end\": 50.63999938964844, \"text\": \" yeah, that's probably a little bit safer.\", \"tokens\": [51420, 1338, 11, 300, 311, 1391, 257, 707, 857, 15856, 13, 51490], \"temperature\": 0.0, \"avg_logprob\": -0.2346486896276474, \"compression_ratio\": 1.8700565099716187, \"no_speech_prob\": 0.02160942740738392}, {\"id\": 22, \"seek\": 2812, \"start\": 50.63999938964844, \"end\": 52.68000030517578, \"text\": \" But those conversations aren't necessarily that sexy.\", \"tokens\": [51490, 583, 729, 7315, 3212, 380, 4725, 300, 13701, 13, 51592], \"temperature\": 0.0, \"avg_logprob\": -0.2346486896276474, \"compression_ratio\": 1.8700565099716187, \"no_speech_prob\": 0.02160942740738392}, {\"id\": 23, \"seek\": 2812, \"start\": 52.68000030517578, \"end\": 54.52000045776367, \"text\": \" They're not sexy at all.\", \"tokens\": [51592, 814, 434, 406, 13701, 412, 439, 13, 51684], \"temperature\": 0.0, \"avg_logprob\": -0.2346486896276474, \"compression_ratio\": 1.8700565099716187, \"no_speech_prob\": 0.02160942740738392}, {\"id\": 24, \"seek\": 2812, \"start\": 54.52000045776367, \"end\": 56.15999984741211, \"text\": \" It's like, be careful, right?\", \"tokens\": [51684, 467, 311, 411, 11, 312, 5026, 11, 558, 30, 51766], \"temperature\": 0.0, \"avg_logprob\": -0.2346486896276474, \"compression_ratio\": 1.8700565099716187, \"no_speech_prob\": 0.02160942740738392}, {\"id\": 25, \"seek\": 2812, \"start\": 56.15999984741211, \"end\": 56.880001068115234, \"text\": \" It's a booby trap.\", \"tokens\": [51766, 467, 311, 257, 748, 13944, 11487, 13, 51802], \"temperature\": 0.0, \"avg_logprob\": -0.2346486896276474, \"compression_ratio\": 1.8700565099716187, \"no_speech_prob\": 0.02160942740738392}]}"}