{"title": "The difference between using someone and utilizing someone\u2026 Ep250 #innerconfidencepodcast", "video_id": "kn6RQZsz1cA", "video_url": "https://www.youtube.com/watch?v=kn6RQZsz1cA", "description": "", "published_at": "2023-10-04T17:04:21Z", "channel_id": "UC0O-ohYDF4P66HW9XJ4Us8w", "channel_title": "Robbie Kramer", "tags": [], "category_id": "24", "live_broadcast_content": "none", "duration": 37.0, "dimension": "2d", "definition": "hd", "caption": "false", "view_count": 74, "like_count": 1, "comment_count": 0, "channel_info": {"title": "Robbie Kramer", "description": "I'm Robbie Kramer \ud83c\udf99Host of The Inner Confidence Podcast & Founder of Inner Confidence, Inc.\n\nI lived an exhilarating single life filled with adventures and lessons, and ultimately achieved what I had always aspired to \u2013 finding an amazing, feminine, and loving wife. \n\nI believe my experiences provide a rare balance of wild freedom and committed love, equipping me with the insights to help you navigate the complexities of dating and relationships in today's world. Let me guide you to embrace your desires, improve your social prowess, and ultimately attract the partner who aligns with your highest aspirations.\n\nYou won\u2019t find any fluffy, new-age, or cringy stuff here, just tested, proven and actionable advice that yields results.\n\nApply to join our exclusive Inner Confidence Community of ambitious men who are actively working together to achieve their goals faster   \u25ba https://innerconfidence.com/community\n\nYou can email me at robbie@innerconfidence.com with any questions or comments.\n", "subscriber_count": "1270", "total_views": "604693", "total_videos": "470"}, "comments": [], "file_path": "/Users/aelaguiz/workspace/fc_book/audio/raws/kn6RQZsz1cA.mp3", "transcription": "{\"text\": \"When you utilize something or someone, I utilize almost everyone in my life because when you utilize means that we're both gaining. Both getting utility. Exactly, when you use, you're gaining, you're not thinking of the other person and you don't care what happens to the other person. See, in traffic, I knew we were about to do this podcast. I didn't want to be still, but on the same time, I wanted you to get to know me a little bit before I got on this podcast. So I was utilizing the situation of, okay, I got 20 minutes to drive right now. Instead of getting to your condo and trying to speak real fast of who I am, let me go ahead and talk to you. And let me stay fresh. Totally. Utilize the situation. \", \"segments\": [{\"id\": 0, \"seek\": 0, \"start\": 0.0, \"end\": 2.5199999809265137, \"text\": \" When you utilize something or someone,\", \"tokens\": [50364, 1133, 291, 16117, 746, 420, 1580, 11, 50490], \"temperature\": 0.0, \"avg_logprob\": -0.25317609310150146, \"compression_ratio\": 1.7901639938354492, \"no_speech_prob\": 0.024404514580965042}, {\"id\": 1, \"seek\": 0, \"start\": 2.5199999809265137, \"end\": 4.559999942779541, \"text\": \" I utilize almost everyone in my life\", \"tokens\": [50490, 286, 16117, 1920, 1518, 294, 452, 993, 50592], \"temperature\": 0.0, \"avg_logprob\": -0.25317609310150146, \"compression_ratio\": 1.7901639938354492, \"no_speech_prob\": 0.024404514580965042}, {\"id\": 2, \"seek\": 0, \"start\": 4.559999942779541, \"end\": 8.520000457763672, \"text\": \" because when you utilize means that we're both gaining.\", \"tokens\": [50592, 570, 562, 291, 16117, 1355, 300, 321, 434, 1293, 19752, 13, 50790], \"temperature\": 0.0, \"avg_logprob\": -0.25317609310150146, \"compression_ratio\": 1.7901639938354492, \"no_speech_prob\": 0.024404514580965042}, {\"id\": 3, \"seek\": 0, \"start\": 8.520000457763672, \"end\": 9.359999656677246, \"text\": \" Both getting utility.\", \"tokens\": [50790, 6767, 1242, 14877, 13, 50832], \"temperature\": 0.0, \"avg_logprob\": -0.25317609310150146, \"compression_ratio\": 1.7901639938354492, \"no_speech_prob\": 0.024404514580965042}, {\"id\": 4, \"seek\": 0, \"start\": 9.359999656677246, \"end\": 11.720000267028809, \"text\": \" Exactly, when you use, you're gaining,\", \"tokens\": [50832, 7587, 11, 562, 291, 764, 11, 291, 434, 19752, 11, 50950], \"temperature\": 0.0, \"avg_logprob\": -0.25317609310150146, \"compression_ratio\": 1.7901639938354492, \"no_speech_prob\": 0.024404514580965042}, {\"id\": 5, \"seek\": 0, \"start\": 11.720000267028809, \"end\": 13.239999771118164, \"text\": \" you're not thinking of the other person\", \"tokens\": [50950, 291, 434, 406, 1953, 295, 264, 661, 954, 51026], \"temperature\": 0.0, \"avg_logprob\": -0.25317609310150146, \"compression_ratio\": 1.7901639938354492, \"no_speech_prob\": 0.024404514580965042}, {\"id\": 6, \"seek\": 0, \"start\": 13.239999771118164, \"end\": 15.640000343322754, \"text\": \" and you don't care what happens to the other person.\", \"tokens\": [51026, 293, 291, 500, 380, 1127, 437, 2314, 281, 264, 661, 954, 13, 51146], \"temperature\": 0.0, \"avg_logprob\": -0.25317609310150146, \"compression_ratio\": 1.7901639938354492, \"no_speech_prob\": 0.024404514580965042}, {\"id\": 7, \"seek\": 0, \"start\": 15.640000343322754, \"end\": 18.31999969482422, \"text\": \" See, in traffic, I knew we were about to do this podcast.\", \"tokens\": [51146, 3008, 11, 294, 6419, 11, 286, 2586, 321, 645, 466, 281, 360, 341, 7367, 13, 51280], \"temperature\": 0.0, \"avg_logprob\": -0.25317609310150146, \"compression_ratio\": 1.7901639938354492, \"no_speech_prob\": 0.024404514580965042}, {\"id\": 8, \"seek\": 0, \"start\": 18.31999969482422, \"end\": 20.440000534057617, \"text\": \" I didn't want to be still, but on the same time,\", \"tokens\": [51280, 286, 994, 380, 528, 281, 312, 920, 11, 457, 322, 264, 912, 565, 11, 51386], \"temperature\": 0.0, \"avg_logprob\": -0.25317609310150146, \"compression_ratio\": 1.7901639938354492, \"no_speech_prob\": 0.024404514580965042}, {\"id\": 9, \"seek\": 0, \"start\": 20.440000534057617, \"end\": 22.200000762939453, \"text\": \" I wanted you to get to know me a little bit\", \"tokens\": [51386, 286, 1415, 291, 281, 483, 281, 458, 385, 257, 707, 857, 51474], \"temperature\": 0.0, \"avg_logprob\": -0.25317609310150146, \"compression_ratio\": 1.7901639938354492, \"no_speech_prob\": 0.024404514580965042}, {\"id\": 10, \"seek\": 0, \"start\": 22.200000762939453, \"end\": 24.0, \"text\": \" before I got on this podcast.\", \"tokens\": [51474, 949, 286, 658, 322, 341, 7367, 13, 51564], \"temperature\": 0.0, \"avg_logprob\": -0.25317609310150146, \"compression_ratio\": 1.7901639938354492, \"no_speech_prob\": 0.024404514580965042}, {\"id\": 11, \"seek\": 0, \"start\": 24.0, \"end\": 26.479999542236328, \"text\": \" So I was utilizing the situation of,\", \"tokens\": [51564, 407, 286, 390, 26775, 264, 2590, 295, 11, 51688], \"temperature\": 0.0, \"avg_logprob\": -0.25317609310150146, \"compression_ratio\": 1.7901639938354492, \"no_speech_prob\": 0.024404514580965042}, {\"id\": 12, \"seek\": 0, \"start\": 26.479999542236328, \"end\": 28.31999969482422, \"text\": \" okay, I got 20 minutes to drive right now.\", \"tokens\": [51688, 1392, 11, 286, 658, 945, 2077, 281, 3332, 558, 586, 13, 51780], \"temperature\": 0.0, \"avg_logprob\": -0.25317609310150146, \"compression_ratio\": 1.7901639938354492, \"no_speech_prob\": 0.024404514580965042}, {\"id\": 13, \"seek\": 2832, \"start\": 28.31999969482422, \"end\": 30.079999923706055, \"text\": \" Instead of getting to your condo\", \"tokens\": [50364, 7156, 295, 1242, 281, 428, 2224, 78, 50452], \"temperature\": 0.0, \"avg_logprob\": -0.2602699398994446, \"compression_ratio\": 1.3471074104309082, \"no_speech_prob\": 0.0200191643089056}, {\"id\": 14, \"seek\": 2832, \"start\": 30.079999923706055, \"end\": 31.639999389648438, \"text\": \" and trying to speak real fast of who I am,\", \"tokens\": [50452, 293, 1382, 281, 1710, 957, 2370, 295, 567, 286, 669, 11, 50530], \"temperature\": 0.0, \"avg_logprob\": -0.2602699398994446, \"compression_ratio\": 1.3471074104309082, \"no_speech_prob\": 0.0200191643089056}, {\"id\": 15, \"seek\": 2832, \"start\": 31.639999389648438, \"end\": 32.91999816894531, \"text\": \" let me go ahead and talk to you.\", \"tokens\": [50530, 718, 385, 352, 2286, 293, 751, 281, 291, 13, 50594], \"temperature\": 0.0, \"avg_logprob\": -0.2602699398994446, \"compression_ratio\": 1.3471074104309082, \"no_speech_prob\": 0.0200191643089056}, {\"id\": 16, \"seek\": 2832, \"start\": 32.91999816894531, \"end\": 34.560001373291016, \"text\": \" And let me stay fresh.\", \"tokens\": [50594, 400, 718, 385, 1754, 4451, 13, 50676], \"temperature\": 0.0, \"avg_logprob\": -0.2602699398994446, \"compression_ratio\": 1.3471074104309082, \"no_speech_prob\": 0.0200191643089056}, {\"id\": 17, \"seek\": 2832, \"start\": 34.560001373291016, \"end\": 36.15999984741211, \"text\": \" Totally. Utilize the situation.\", \"tokens\": [50676, 22837, 13, 12555, 388, 1125, 264, 2590, 13, 50756], \"temperature\": 0.0, \"avg_logprob\": -0.2602699398994446, \"compression_ratio\": 1.3471074104309082, \"no_speech_prob\": 0.0200191643089056}]}"}