{"title": "The surprising reason it\u2019s so hard to meet women at clubs. #datingcoach", "video_id": "ksDqIZ7SbAI", "video_url": "https://www.youtube.com/watch?v=ksDqIZ7SbAI", "description": "", "published_at": "2023-07-31T19:08:03Z", "channel_id": "UC0O-ohYDF4P66HW9XJ4Us8w", "channel_title": "Robbie Kramer", "tags": [], "category_id": "24", "live_broadcast_content": "none", "duration": 39.0, "dimension": "2d", "definition": "hd", "caption": "false", "view_count": 1685, "like_count": 27, "comment_count": 1, "channel_info": {"title": "Robbie Kramer", "description": "I'm Robbie Kramer \ud83c\udf99Host of The Inner Confidence Podcast & Founder of Inner Confidence, Inc.\n\nI lived an exhilarating single life filled with adventures and lessons, and ultimately achieved what I had always aspired to \u2013 finding an amazing, feminine, and loving wife. \n\nI believe my experiences provide a rare balance of wild freedom and committed love, equipping me with the insights to help you navigate the complexities of dating and relationships in today's world. Let me guide you to embrace your desires, improve your social prowess, and ultimately attract the partner who aligns with your highest aspirations.\n\nYou won\u2019t find any fluffy, new-age, or cringy stuff here, just tested, proven and actionable advice that yields results.\n\nApply to join our exclusive Inner Confidence Community of ambitious men who are actively working together to achieve their goals faster   \u25ba https://innerconfidence.com/community\n\nYou can email me at robbie@innerconfidence.com with any questions or comments.\n", "subscriber_count": "1270", "total_views": "604693", "total_videos": "470"}, "comments": [], "file_path": "/Users/aelaguiz/workspace/fc_book/audio/raws/ksDqIZ7SbAI.mp3", "transcription": "{\"text\": \"The whole business model of a promoter, it's a very lifestyle-driven business. They never actually make money, but they have fun. They have the access of a billionaire, but they're broke. The way that model houses work is promoters need to bring girls to nightclubs, right? Like that's how they get paid. They have $50, $100 per head. But getting the girls to actually show up is like herding cats. And the club would give them a table, a very good real estate, like next to the DJ booth or right when you enter. That's why whenever you walk into like a club, LA or Vegas, like the first table you see, it's always a promoter table. And you're like, oh, there's so many chicks here. But it's like, you have no access to those girls. It's like, they're there with the promoter. You can't get at that table. It just looks good, right? So you're like the typical dude walks in like, this place is awesome. Let me buy a bottle. Let me spend all my money. It's like, it's bullshit. It's all smoke and mirrors, right? Because at the bar, there's no girls there. \", \"segments\": [{\"id\": 0, \"seek\": 0, \"start\": 0.0, \"end\": 3.2799999713897705, \"text\": \" The whole business model of a promoter, it's a very lifestyle-driven business. They never\", \"tokens\": [50364, 440, 1379, 1606, 2316, 295, 257, 6609, 260, 11, 309, 311, 257, 588, 11716, 12, 25456, 1606, 13, 814, 1128, 50528], \"temperature\": 0.0, \"avg_logprob\": -0.27518126368522644, \"compression_ratio\": 1.8495146036148071, \"no_speech_prob\": 0.0779905915260315}, {\"id\": 1, \"seek\": 0, \"start\": 3.2799999713897705, \"end\": 6.119999885559082, \"text\": \" actually make money, but they have fun. They have the access of a billionaire, but they're\", \"tokens\": [50528, 767, 652, 1460, 11, 457, 436, 362, 1019, 13, 814, 362, 264, 2105, 295, 257, 42358, 11, 457, 436, 434, 50670], \"temperature\": 0.0, \"avg_logprob\": -0.27518126368522644, \"compression_ratio\": 1.8495146036148071, \"no_speech_prob\": 0.0779905915260315}, {\"id\": 2, \"seek\": 0, \"start\": 6.119999885559082, \"end\": 9.800000190734863, \"text\": \" broke. The way that model houses work is promoters need to bring girls to nightclubs, right?\", \"tokens\": [50670, 6902, 13, 440, 636, 300, 2316, 8078, 589, 307, 6609, 433, 643, 281, 1565, 4519, 281, 1818, 3474, 5432, 11, 558, 30, 50854], \"temperature\": 0.0, \"avg_logprob\": -0.27518126368522644, \"compression_ratio\": 1.8495146036148071, \"no_speech_prob\": 0.0779905915260315}, {\"id\": 3, \"seek\": 0, \"start\": 9.800000190734863, \"end\": 13.039999961853027, \"text\": \" Like that's how they get paid. They have $50, $100 per head. But getting the girls to actually\", \"tokens\": [50854, 1743, 300, 311, 577, 436, 483, 4835, 13, 814, 362, 1848, 2803, 11, 1848, 6879, 680, 1378, 13, 583, 1242, 264, 4519, 281, 767, 51016], \"temperature\": 0.0, \"avg_logprob\": -0.27518126368522644, \"compression_ratio\": 1.8495146036148071, \"no_speech_prob\": 0.0779905915260315}, {\"id\": 4, \"seek\": 0, \"start\": 13.039999961853027, \"end\": 14.640000343322754, \"text\": \" show up is like herding cats.\", \"tokens\": [51016, 855, 493, 307, 411, 720, 3584, 11111, 13, 51096], \"temperature\": 0.0, \"avg_logprob\": -0.27518126368522644, \"compression_ratio\": 1.8495146036148071, \"no_speech_prob\": 0.0779905915260315}, {\"id\": 5, \"seek\": 0, \"start\": 14.640000343322754, \"end\": 18.0, \"text\": \" And the club would give them a table, a very good real estate, like next to the DJ booth\", \"tokens\": [51096, 400, 264, 6482, 576, 976, 552, 257, 3199, 11, 257, 588, 665, 957, 9749, 11, 411, 958, 281, 264, 13078, 20912, 51264], \"temperature\": 0.0, \"avg_logprob\": -0.27518126368522644, \"compression_ratio\": 1.8495146036148071, \"no_speech_prob\": 0.0779905915260315}, {\"id\": 6, \"seek\": 0, \"start\": 18.0, \"end\": 21.239999771118164, \"text\": \" or right when you enter. That's why whenever you walk into like a club, LA or Vegas, like\", \"tokens\": [51264, 420, 558, 562, 291, 3242, 13, 663, 311, 983, 5699, 291, 1792, 666, 411, 257, 6482, 11, 9855, 420, 15841, 11, 411, 51426], \"temperature\": 0.0, \"avg_logprob\": -0.27518126368522644, \"compression_ratio\": 1.8495146036148071, \"no_speech_prob\": 0.0779905915260315}, {\"id\": 7, \"seek\": 0, \"start\": 21.239999771118164, \"end\": 24.040000915527344, \"text\": \" the first table you see, it's always a promoter table. And you're like, oh, there's so many\", \"tokens\": [51426, 264, 700, 3199, 291, 536, 11, 309, 311, 1009, 257, 6609, 260, 3199, 13, 400, 291, 434, 411, 11, 1954, 11, 456, 311, 370, 867, 51566], \"temperature\": 0.0, \"avg_logprob\": -0.27518126368522644, \"compression_ratio\": 1.8495146036148071, \"no_speech_prob\": 0.0779905915260315}, {\"id\": 8, \"seek\": 0, \"start\": 24.040000915527344, \"end\": 27.600000381469727, \"text\": \" chicks here. But it's like, you have no access to those girls. It's like, they're there with\", \"tokens\": [51566, 42214, 510, 13, 583, 309, 311, 411, 11, 291, 362, 572, 2105, 281, 729, 4519, 13, 467, 311, 411, 11, 436, 434, 456, 365, 51744], \"temperature\": 0.0, \"avg_logprob\": -0.27518126368522644, \"compression_ratio\": 1.8495146036148071, \"no_speech_prob\": 0.0779905915260315}, {\"id\": 9, \"seek\": 2760, \"start\": 27.600000381469727, \"end\": 30.68000030517578, \"text\": \" the promoter. You can't get at that table. It just looks good, right?\", \"tokens\": [50364, 264, 6609, 260, 13, 509, 393, 380, 483, 412, 300, 3199, 13, 467, 445, 1542, 665, 11, 558, 30, 50518], \"temperature\": 0.0, \"avg_logprob\": -0.36261481046676636, \"compression_ratio\": 1.5051546096801758, \"no_speech_prob\": 0.5349616408348083}, {\"id\": 10, \"seek\": 2760, \"start\": 30.68000030517578, \"end\": 33.68000030517578, \"text\": \" So you're like the typical dude walks in like, this place is awesome. Let me buy a bottle.\", \"tokens\": [50518, 407, 291, 434, 411, 264, 7476, 6449, 12896, 294, 411, 11, 341, 1081, 307, 3476, 13, 961, 385, 2256, 257, 7817, 13, 50668], \"temperature\": 0.0, \"avg_logprob\": -0.36261481046676636, \"compression_ratio\": 1.5051546096801758, \"no_speech_prob\": 0.5349616408348083}, {\"id\": 11, \"seek\": 2760, \"start\": 33.68000030517578, \"end\": 36.560001373291016, \"text\": \" Let me spend all my money. It's like, it's bullshit. It's all smoke and mirrors, right?\", \"tokens\": [50668, 961, 385, 3496, 439, 452, 1460, 13, 467, 311, 411, 11, 309, 311, 22676, 13, 467, 311, 439, 8439, 293, 24238, 11, 558, 30, 50812], \"temperature\": 0.0, \"avg_logprob\": -0.36261481046676636, \"compression_ratio\": 1.5051546096801758, \"no_speech_prob\": 0.5349616408348083}, {\"id\": 12, \"seek\": 2760, \"start\": 36.560001373291016, \"end\": 38.040000915527344, \"text\": \" Because at the bar, there's no girls there.\", \"tokens\": [50812, 1436, 412, 264, 2159, 11, 456, 311, 572, 4519, 456, 13, 50886], \"temperature\": 0.0, \"avg_logprob\": -0.36261481046676636, \"compression_ratio\": 1.5051546096801758, \"no_speech_prob\": 0.5349616408348083}]}"}