{"title": "Don\u2019t make this mistake most guys make when they are falling in love\u2026", "video_id": "kY_N1ekJ87o", "video_url": "https://www.youtube.com/watch?v=kY_N1ekJ87o", "description": "", "published_at": "2023-06-06T20:24:53Z", "channel_id": "UC0O-ohYDF4P66HW9XJ4Us8w", "channel_title": "Robbie Kramer", "tags": [], "category_id": "24", "live_broadcast_content": "none", "duration": 33.0, "dimension": "2d", "definition": "hd", "caption": "false", "view_count": 914, "like_count": 13, "comment_count": 0, "channel_info": {"title": "Robbie Kramer", "description": "I'm Robbie Kramer \ud83c\udf99Host of The Inner Confidence Podcast & Founder of Inner Confidence, Inc.\n\nI lived an exhilarating single life filled with adventures and lessons, and ultimately achieved what I had always aspired to \u2013 finding an amazing, feminine, and loving wife. \n\nI believe my experiences provide a rare balance of wild freedom and committed love, equipping me with the insights to help you navigate the complexities of dating and relationships in today's world. Let me guide you to embrace your desires, improve your social prowess, and ultimately attract the partner who aligns with your highest aspirations.\n\nYou won\u2019t find any fluffy, new-age, or cringy stuff here, just tested, proven and actionable advice that yields results.\n\nApply to join our exclusive Inner Confidence Community of ambitious men who are actively working together to achieve their goals faster   \u25ba https://innerconfidence.com/community\n\nYou can email me at robbie@innerconfidence.com with any questions or comments.\n", "subscriber_count": "1270", "total_views": "604693", "total_videos": "470"}, "comments": [], "file_path": "/Users/aelaguiz/workspace/fc_book/audio/raws/kY_N1ekJ87o.mp3", "transcription": "{\"text\": \"Those emotions are like the most powerful drugs in the world, you know, like when you're spending time and you're having fun, you're partying, right? Like things go zero to a hundred real quick. And then you add these other elements where you're in a very sort of sexual situation. But all the like love pheromones and hormones and stuff like that were there. So you're fully irrational at this point. Yes, totally. However, I'm thinking I'm totally rational. There were those little instances of red flags and whatever. It makes a lot of sense. Yeah. I mean, if you can bring your girl on a boat full of 20 other models and hook up with them and have her not be jealous and have that be cool, you know, you've found the unicorn. \", \"segments\": [{\"id\": 0, \"seek\": 0, \"start\": 0.0, \"end\": 3.319999933242798, \"text\": \" Those emotions are like the most powerful drugs in the world, you know, like when\", \"tokens\": [50364, 3950, 8462, 366, 411, 264, 881, 4005, 7766, 294, 264, 1002, 11, 291, 458, 11, 411, 562, 50530], \"temperature\": 0.0, \"avg_logprob\": -0.30338284373283386, \"compression_ratio\": 1.7410467863082886, \"no_speech_prob\": 0.0826200395822525}, {\"id\": 1, \"seek\": 0, \"start\": 3.319999933242798, \"end\": 6.320000171661377, \"text\": \" you're spending time and you're having fun, you're partying, right?\", \"tokens\": [50530, 291, 434, 6434, 565, 293, 291, 434, 1419, 1019, 11, 291, 434, 644, 1840, 11, 558, 30, 50680], \"temperature\": 0.0, \"avg_logprob\": -0.30338284373283386, \"compression_ratio\": 1.7410467863082886, \"no_speech_prob\": 0.0826200395822525}, {\"id\": 2, \"seek\": 0, \"start\": 6.320000171661377, \"end\": 8.239999771118164, \"text\": \" Like things go zero to a hundred real quick.\", \"tokens\": [50680, 1743, 721, 352, 4018, 281, 257, 3262, 957, 1702, 13, 50776], \"temperature\": 0.0, \"avg_logprob\": -0.30338284373283386, \"compression_ratio\": 1.7410467863082886, \"no_speech_prob\": 0.0826200395822525}, {\"id\": 3, \"seek\": 0, \"start\": 8.279999732971191, \"end\": 10.0, \"text\": \" And then you add these other elements where you're in a\", \"tokens\": [50778, 400, 258, 268, 291, 909, 613, 661, 4959, 689, 291, 434, 294, 257, 50864], \"temperature\": 0.0, \"avg_logprob\": -0.30338284373283386, \"compression_ratio\": 1.7410467863082886, \"no_speech_prob\": 0.0826200395822525}, {\"id\": 4, \"seek\": 0, \"start\": 10.0, \"end\": 12.079999923706055, \"text\": \" very sort of sexual situation.\", \"tokens\": [50864, 588, 1333, 295, 6701, 2590, 13, 50968], \"temperature\": 0.0, \"avg_logprob\": -0.30338284373283386, \"compression_ratio\": 1.7410467863082886, \"no_speech_prob\": 0.0826200395822525}, {\"id\": 5, \"seek\": 0, \"start\": 12.119999885559082, \"end\": 15.4399995803833, \"text\": \" But all the like love pheromones and hormones and stuff like that were there.\", \"tokens\": [50970, 583, 439, 264, 411, 959, 280, 511, 298, 2213, 293, 22453, 293, 1507, 411, 300, 645, 456, 13, 51136], \"temperature\": 0.0, \"avg_logprob\": -0.30338284373283386, \"compression_ratio\": 1.7410467863082886, \"no_speech_prob\": 0.0826200395822525}, {\"id\": 6, \"seek\": 0, \"start\": 15.4399995803833, \"end\": 17.280000686645508, \"text\": \" So you're fully irrational at this point.\", \"tokens\": [51136, 407, 291, 434, 4498, 39914, 412, 341, 935, 13, 51228], \"temperature\": 0.0, \"avg_logprob\": -0.30338284373283386, \"compression_ratio\": 1.7410467863082886, \"no_speech_prob\": 0.0826200395822525}, {\"id\": 7, \"seek\": 0, \"start\": 17.280000686645508, \"end\": 17.959999084472656, \"text\": \" Yes, totally.\", \"tokens\": [51228, 1079, 11, 3879, 13, 51262], \"temperature\": 0.0, \"avg_logprob\": -0.30338284373283386, \"compression_ratio\": 1.7410467863082886, \"no_speech_prob\": 0.0826200395822525}, {\"id\": 8, \"seek\": 0, \"start\": 18.0, \"end\": 19.559999465942383, \"text\": \" However, I'm thinking I'm totally rational.\", \"tokens\": [51264, 2908, 11, 286, 478, 1953, 286, 478, 3879, 15090, 13, 51342], \"temperature\": 0.0, \"avg_logprob\": -0.30338284373283386, \"compression_ratio\": 1.7410467863082886, \"no_speech_prob\": 0.0826200395822525}, {\"id\": 9, \"seek\": 0, \"start\": 20.559999465942383, \"end\": 23.040000915527344, \"text\": \" There were those little instances of red flags and whatever.\", \"tokens\": [51392, 821, 645, 729, 707, 14519, 295, 2182, 23265, 293, 2035, 13, 51516], \"temperature\": 0.0, \"avg_logprob\": -0.30338284373283386, \"compression_ratio\": 1.7410467863082886, \"no_speech_prob\": 0.0826200395822525}, {\"id\": 10, \"seek\": 0, \"start\": 23.280000686645508, \"end\": 24.200000762939453, \"text\": \" It makes a lot of sense.\", \"tokens\": [51528, 467, 1669, 257, 688, 295, 2020, 13, 51574], \"temperature\": 0.0, \"avg_logprob\": -0.30338284373283386, \"compression_ratio\": 1.7410467863082886, \"no_speech_prob\": 0.0826200395822525}, {\"id\": 11, \"seek\": 0, \"start\": 24.239999771118164, \"end\": 24.440000534057617, \"text\": \" Yeah.\", \"tokens\": [51576, 865, 13, 51586], \"temperature\": 0.0, \"avg_logprob\": -0.30338284373283386, \"compression_ratio\": 1.7410467863082886, \"no_speech_prob\": 0.0826200395822525}, {\"id\": 12, \"seek\": 0, \"start\": 24.440000534057617, \"end\": 28.079999923706055, \"text\": \" I mean, if you can bring your girl on a boat full of 20 other models and hook up\", \"tokens\": [51586, 286, 914, 11, 498, 291, 393, 1565, 428, 2013, 322, 257, 6582, 1577, 295, 945, 661, 5245, 293, 6328, 493, 51768], \"temperature\": 0.0, \"avg_logprob\": -0.30338284373283386, \"compression_ratio\": 1.7410467863082886, \"no_speech_prob\": 0.0826200395822525}, {\"id\": 13, \"seek\": 2808, \"start\": 28.079999923706055, \"end\": 30.600000381469727, \"text\": \" with them and have her not be jealous and have that be cool, you know, you've\", \"tokens\": [50364, 365, 552, 293, 362, 720, 406, 312, 13805, 293, 362, 300, 312, 1627, 11, 291, 458, 11, 291, 600, 50490], \"temperature\": 0.0, \"avg_logprob\": -0.24592211842536926, \"compression_ratio\": 1.1707316637039185, \"no_speech_prob\": 0.06183190271258354}, {\"id\": 14, \"seek\": 2808, \"start\": 30.600000381469727, \"end\": 31.799999237060547, \"text\": \" found the unicorn.\", \"tokens\": [50490, 1352, 264, 28122, 13, 50550], \"temperature\": 0.0, \"avg_logprob\": -0.24592211842536926, \"compression_ratio\": 1.1707316637039185, \"no_speech_prob\": 0.06183190271258354}]}"}