{"title": "The difference between beautiful women and beautiful men\u2026", "video_id": "l0Mn_GB_e7Y", "video_url": "https://www.youtube.com/watch?v=l0Mn_GB_e7Y", "description": "", "published_at": "2023-08-11T22:36:41Z", "channel_id": "UC0O-ohYDF4P66HW9XJ4Us8w", "channel_title": "Robbie Kramer", "tags": [], "category_id": "24", "live_broadcast_content": "none", "duration": 25.0, "dimension": "2d", "definition": "hd", "caption": "false", "view_count": 1914, "like_count": 41, "comment_count": 0, "channel_info": {"title": "Robbie Kramer", "description": "I'm Robbie Kramer \ud83c\udf99Host of The Inner Confidence Podcast & Founder of Inner Confidence, Inc.\n\nI lived an exhilarating single life filled with adventures and lessons, and ultimately achieved what I had always aspired to \u2013 finding an amazing, feminine, and loving wife. \n\nI believe my experiences provide a rare balance of wild freedom and committed love, equipping me with the insights to help you navigate the complexities of dating and relationships in today's world. Let me guide you to embrace your desires, improve your social prowess, and ultimately attract the partner who aligns with your highest aspirations.\n\nYou won\u2019t find any fluffy, new-age, or cringy stuff here, just tested, proven and actionable advice that yields results.\n\nApply to join our exclusive Inner Confidence Community of ambitious men who are actively working together to achieve their goals faster   \u25ba https://innerconfidence.com/community\n\nYou can email me at robbie@innerconfidence.com with any questions or comments.\n", "subscriber_count": "1270", "total_views": "604693", "total_videos": "470"}, "comments": [], "file_path": "/Users/aelaguiz/workspace/fc_book/audio/raws/l0Mn_GB_e7Y.mp3", "transcription": "{\"text\": \"Because for a guy to develop those social skills, he needs a lot of time, five to 10 years in those environments. Whereas these girls, they develop social skills starting at age like 15, right? So like how often do you meet like a smoking hot 23 year old who's weird or creepy or awkward? Never, like a girl. They're so in tune, man. Like the emotional intelligence is crazy compared to us, man. Exactly. \", \"segments\": [{\"id\": 0, \"seek\": 0, \"start\": 0.0, \"end\": 4.079999923706055, \"text\": \" Because for a guy to develop those social skills,\", \"tokens\": [50364, 1436, 337, 257, 2146, 281, 1499, 729, 2093, 3942, 11, 50568], \"temperature\": 0.0, \"avg_logprob\": -0.3197648525238037, \"compression_ratio\": 1.5419846773147583, \"no_speech_prob\": 0.00011681799514917657}, {\"id\": 1, \"seek\": 0, \"start\": 4.079999923706055, \"end\": 5.360000133514404, \"text\": \" he needs a lot of time,\", \"tokens\": [50568, 415, 2203, 257, 688, 295, 565, 11, 50632], \"temperature\": 0.0, \"avg_logprob\": -0.3197648525238037, \"compression_ratio\": 1.5419846773147583, \"no_speech_prob\": 0.00011681799514917657}, {\"id\": 2, \"seek\": 0, \"start\": 5.360000133514404, \"end\": 7.800000190734863, \"text\": \" five to 10 years in those environments.\", \"tokens\": [50632, 1732, 281, 1266, 924, 294, 729, 12388, 13, 50754], \"temperature\": 0.0, \"avg_logprob\": -0.3197648525238037, \"compression_ratio\": 1.5419846773147583, \"no_speech_prob\": 0.00011681799514917657}, {\"id\": 3, \"seek\": 0, \"start\": 7.800000190734863, \"end\": 9.920000076293945, \"text\": \" Whereas these girls, they develop social skills\", \"tokens\": [50754, 13813, 613, 4519, 11, 436, 1499, 2093, 3942, 50860], \"temperature\": 0.0, \"avg_logprob\": -0.3197648525238037, \"compression_ratio\": 1.5419846773147583, \"no_speech_prob\": 0.00011681799514917657}, {\"id\": 4, \"seek\": 0, \"start\": 9.920000076293945, \"end\": 11.920000076293945, \"text\": \" starting at age like 15, right?\", \"tokens\": [50860, 2891, 412, 3205, 411, 2119, 11, 558, 30, 50960], \"temperature\": 0.0, \"avg_logprob\": -0.3197648525238037, \"compression_ratio\": 1.5419846773147583, \"no_speech_prob\": 0.00011681799514917657}, {\"id\": 5, \"seek\": 0, \"start\": 11.920000076293945, \"end\": 14.4399995803833, \"text\": \" So like how often do you meet like a smoking hot 23 year old\", \"tokens\": [50960, 407, 411, 577, 2049, 360, 291, 1677, 411, 257, 14055, 2368, 6673, 1064, 1331, 51086], \"temperature\": 0.0, \"avg_logprob\": -0.3197648525238037, \"compression_ratio\": 1.5419846773147583, \"no_speech_prob\": 0.00011681799514917657}, {\"id\": 6, \"seek\": 0, \"start\": 14.4399995803833, \"end\": 16.520000457763672, \"text\": \" who's weird or creepy or awkward?\", \"tokens\": [51086, 567, 311, 3657, 420, 14717, 420, 11411, 30, 51190], \"temperature\": 0.0, \"avg_logprob\": -0.3197648525238037, \"compression_ratio\": 1.5419846773147583, \"no_speech_prob\": 0.00011681799514917657}, {\"id\": 7, \"seek\": 0, \"start\": 16.520000457763672, \"end\": 18.68000030517578, \"text\": \" Never, like a girl.\", \"tokens\": [51190, 7344, 11, 411, 257, 2013, 13, 51298], \"temperature\": 0.0, \"avg_logprob\": -0.3197648525238037, \"compression_ratio\": 1.5419846773147583, \"no_speech_prob\": 0.00011681799514917657}, {\"id\": 8, \"seek\": 0, \"start\": 18.68000030517578, \"end\": 19.559999465942383, \"text\": \" They're so in tune, man.\", \"tokens\": [51298, 814, 434, 370, 294, 10864, 11, 587, 13, 51342], \"temperature\": 0.0, \"avg_logprob\": -0.3197648525238037, \"compression_ratio\": 1.5419846773147583, \"no_speech_prob\": 0.00011681799514917657}, {\"id\": 9, \"seek\": 0, \"start\": 19.559999465942383, \"end\": 23.360000610351562, \"text\": \" Like the emotional intelligence is crazy compared to us, man.\", \"tokens\": [51342, 1743, 264, 6863, 7599, 307, 3219, 5347, 281, 505, 11, 587, 13, 51532], \"temperature\": 0.0, \"avg_logprob\": -0.3197648525238037, \"compression_ratio\": 1.5419846773147583, \"no_speech_prob\": 0.00011681799514917657}, {\"id\": 10, \"seek\": 0, \"start\": 23.360000610351562, \"end\": 24.200000762939453, \"text\": \" Exactly.\", \"tokens\": [51532, 7587, 13, 51574], \"temperature\": 0.0, \"avg_logprob\": -0.3197648525238037, \"compression_ratio\": 1.5419846773147583, \"no_speech_prob\": 0.00011681799514917657}]}"}