{"title": "Flirting Genius - how to weave in silly pickup lines with authenticity.", "video_id": "L1KaRdZ9AwQ", "video_url": "https://www.youtube.com/watch?v=L1KaRdZ9AwQ", "description": "", "published_at": "2023-06-28T21:30:28Z", "channel_id": "UC0O-ohYDF4P66HW9XJ4Us8w", "channel_title": "Robbie Kramer", "tags": [], "category_id": "24", "live_broadcast_content": "none", "duration": 50.0, "dimension": "2d", "definition": "hd", "caption": "false", "view_count": 2021, "like_count": 47, "comment_count": 0, "channel_info": {"title": "Robbie Kramer", "description": "I'm Robbie Kramer \ud83c\udf99Host of The Inner Confidence Podcast & Founder of Inner Confidence, Inc.\n\nI lived an exhilarating single life filled with adventures and lessons, and ultimately achieved what I had always aspired to \u2013 finding an amazing, feminine, and loving wife. \n\nI believe my experiences provide a rare balance of wild freedom and committed love, equipping me with the insights to help you navigate the complexities of dating and relationships in today's world. Let me guide you to embrace your desires, improve your social prowess, and ultimately attract the partner who aligns with your highest aspirations.\n\nYou won\u2019t find any fluffy, new-age, or cringy stuff here, just tested, proven and actionable advice that yields results.\n\nApply to join our exclusive Inner Confidence Community of ambitious men who are actively working together to achieve their goals faster   \u25ba https://innerconfidence.com/community\n\nYou can email me at robbie@innerconfidence.com with any questions or comments.\n", "subscriber_count": "1270", "total_views": "604693", "total_videos": "470"}, "comments": [], "file_path": "/Users/aelaguiz/workspace/fc_book/audio/raws/L1KaRdZ9AwQ.mp3", "transcription": "{\"text\": \"And then of course he immediately goes objection, which is genius, of course because she's a lawyer I love how he says right after that's a line, right instead of just like leaving it So notice he's interjecting Statements of really strong interest, but he's saying them no different than sort of how he's saying the other things, right? He's not getting overly excited He does well That's interesting because I think your friend Tana here is really sexy and he just drops that and then says the pickup line That's a line and I've been staring at you for the last two hours. That's a fact like the way he's using the language He's not over emphasizing like really direct statements. He's just mixing them in fluidly with the other statements I feel like is really genius here \", \"segments\": [{\"id\": 0, \"seek\": 0, \"start\": 0.0, \"end\": 10.079999923706055, \"text\": \" And then of course he immediately goes objection, which is genius, of course because she's a lawyer\", \"tokens\": [50364, 400, 550, 295, 1164, 415, 4258, 1709, 35756, 11, 597, 307, 14017, 11, 295, 1164, 570, 750, 311, 257, 11613, 50868], \"temperature\": 0.0, \"avg_logprob\": -0.45624977350234985, \"compression_ratio\": 1.425675630569458, \"no_speech_prob\": 0.24497026205062866}, {\"id\": 1, \"seek\": 0, \"start\": 16.959999084472656, \"end\": 20.420000076293945, \"text\": \" I love how he says right after that's a line, right instead of just like leaving it\", \"tokens\": [51212, 286, 959, 577, 415, 1619, 558, 934, 300, 311, 257, 1622, 11, 558, 2602, 295, 445, 411, 5012, 309, 51385], \"temperature\": 0.0, \"avg_logprob\": -0.45624977350234985, \"compression_ratio\": 1.425675630569458, \"no_speech_prob\": 0.24497026205062866}, {\"id\": 2, \"seek\": 0, \"start\": 24.31999969482422, \"end\": 26.31999969482422, \"text\": \" So notice he's interjecting\", \"tokens\": [51580, 407, 3449, 415, 311, 46787, 278, 51680], \"temperature\": 0.0, \"avg_logprob\": -0.45624977350234985, \"compression_ratio\": 1.425675630569458, \"no_speech_prob\": 0.24497026205062866}, {\"id\": 3, \"seek\": 2632, \"start\": 26.719999313354492, \"end\": 32.040000915527344, \"text\": \" Statements of really strong interest, but he's saying them no different than sort of how he's saying the other things, right?\", \"tokens\": [50384, 16249, 6400, 295, 534, 2068, 1179, 11, 457, 415, 311, 1566, 552, 572, 819, 813, 1333, 295, 577, 415, 311, 1566, 264, 661, 721, 11, 558, 30, 50650], \"temperature\": 0.0, \"avg_logprob\": -0.2682042419910431, \"compression_ratio\": 1.845901608467102, \"no_speech_prob\": 0.10960401594638824}, {\"id\": 4, \"seek\": 2632, \"start\": 32.040000915527344, \"end\": 33.63999938964844, \"text\": \" He's not getting overly excited\", \"tokens\": [50650, 634, 311, 406, 1242, 24324, 2919, 50730], \"temperature\": 0.0, \"avg_logprob\": -0.2682042419910431, \"compression_ratio\": 1.845901608467102, \"no_speech_prob\": 0.10960401594638824}, {\"id\": 5, \"seek\": 2632, \"start\": 33.63999938964844, \"end\": 34.040000915527344, \"text\": \" He does well\", \"tokens\": [50730, 634, 775, 731, 50750], \"temperature\": 0.0, \"avg_logprob\": -0.2682042419910431, \"compression_ratio\": 1.845901608467102, \"no_speech_prob\": 0.10960401594638824}, {\"id\": 6, \"seek\": 2632, \"start\": 34.040000915527344, \"end\": 38.52000045776367, \"text\": \" That's interesting because I think your friend Tana here is really sexy and he just drops that and then says the pickup line\", \"tokens\": [50750, 663, 311, 1880, 570, 286, 519, 428, 1277, 314, 2095, 510, 307, 534, 13701, 293, 415, 445, 11438, 300, 293, 550, 1619, 264, 25328, 1622, 50974], \"temperature\": 0.0, \"avg_logprob\": -0.2682042419910431, \"compression_ratio\": 1.845901608467102, \"no_speech_prob\": 0.10960401594638824}, {\"id\": 7, \"seek\": 2632, \"start\": 38.52000045776367, \"end\": 42.91999816894531, \"text\": \" That's a line and I've been staring at you for the last two hours. That's a fact like the way he's using the language\", \"tokens\": [50974, 663, 311, 257, 1622, 293, 286, 600, 668, 18043, 412, 291, 337, 264, 1036, 732, 2496, 13, 663, 311, 257, 1186, 411, 264, 636, 415, 311, 1228, 264, 2856, 51194], \"temperature\": 0.0, \"avg_logprob\": -0.2682042419910431, \"compression_ratio\": 1.845901608467102, \"no_speech_prob\": 0.10960401594638824}, {\"id\": 8, \"seek\": 2632, \"start\": 42.91999816894531, \"end\": 48.47999954223633, \"text\": \" He's not over emphasizing like really direct statements. He's just mixing them in fluidly with the other statements\", \"tokens\": [51194, 634, 311, 406, 670, 45550, 411, 534, 2047, 12363, 13, 634, 311, 445, 11983, 552, 294, 9113, 356, 365, 264, 661, 12363, 51472], \"temperature\": 0.0, \"avg_logprob\": -0.2682042419910431, \"compression_ratio\": 1.845901608467102, \"no_speech_prob\": 0.10960401594638824}, {\"id\": 9, \"seek\": 2632, \"start\": 48.47999954223633, \"end\": 50.47999954223633, \"text\": \" I feel like is really genius here\", \"tokens\": [51472, 286, 841, 411, 307, 534, 14017, 510, 51572], \"temperature\": 0.0, \"avg_logprob\": -0.2682042419910431, \"compression_ratio\": 1.845901608467102, \"no_speech_prob\": 0.10960401594638824}]}"}