{"title": "The correct way to stop a woman walking down the street and flirt with her.", "video_id": "L96xbzBC2Ms", "video_url": "https://www.youtube.com/watch?v=L96xbzBC2Ms", "description": "If you can't successfully get a girl to stop in a non-creepy way, you'll never make an attractive first impression.", "published_at": "2013-02-20T22:14:08Z", "channel_id": "UC0O-ohYDF4P66HW9XJ4Us8w", "channel_title": "Robbie Kramer", "tags": ["approaching women", "dating women", "confidence", "hitting on women", "getting dates", "get her number", "attract a woman", "find love", "become good with women", "become a social genius", "direct game", "direct approach", "daygame"], "category_id": "26", "live_broadcast_content": "none", "duration": 151.0, "dimension": "2d", "definition": "sd", "caption": "false", "view_count": 3414, "like_count": 18, "comment_count": 4, "channel_info": {"title": "Robbie Kramer", "description": "I'm Robbie Kramer \ud83c\udf99Host of The Inner Confidence Podcast & Founder of Inner Confidence, Inc.\n\nI lived an exhilarating single life filled with adventures and lessons, and ultimately achieved what I had always aspired to \u2013 finding an amazing, feminine, and loving wife. \n\nI believe my experiences provide a rare balance of wild freedom and committed love, equipping me with the insights to help you navigate the complexities of dating and relationships in today's world. Let me guide you to embrace your desires, improve your social prowess, and ultimately attract the partner who aligns with your highest aspirations.\n\nYou won\u2019t find any fluffy, new-age, or cringy stuff here, just tested, proven and actionable advice that yields results.\n\nApply to join our exclusive Inner Confidence Community of ambitious men who are actively working together to achieve their goals faster   \u25ba https://innerconfidence.com/community\n\nYou can email me at robbie@innerconfidence.com with any questions or comments.\n", "subscriber_count": "1270", "total_views": "604693", "total_videos": "470"}, "comments": [], "file_path": "/Users/aelaguiz/workspace/fc_book/audio/raws/L96xbzBC2Ms.mp3", "transcription": "{\"text\": \"Hey guys, I want to talk about the hook and swoop. So I'm going to play this video, it's ten seconds of me hitting on this girl over and over and over to make sure you guys know exactly what I'm doing, the science behind getting a girl to stop on the street. Now the first thing is, if you'll watch, the video's about to start, I run up, I don't get too close to her, I say hey and I point backwards. The point is very, very important because it gets her out of her kind of mental thought process of where she's going and she thinks to herself, oh I must have dropped something or I left something back there and it gets her to turn around and stop. So if you don't do the point, they're usually not going to stop. It's also important to get a little bit ahead of them because as you can see, momentum is going to keep her moving forward and if you stop when you're parallel to her or when you're even with her, she's going to keep moving forward and you're going to feel like you're chasing her and that's going to make you look creepy. So watch it again, get a little bit past her, point back, hey, deliver the opener and she's going to laugh and here it is with the audio. Hey, I just saw you walk by and I thought I got to hit on this girl and be that idiot to do it on the street. And don't ever walk with a girl unless you've established you're going to do that. It'll make her think, when is this guy going to stop walking with me? This guy's weird, he's creepy, when is he going to leave me alone? Do not walk with her, you'll look weird. Stop her and then you could say, let's walk together. All right, now I'm going to show you guys what to do if she doesn't stop. So here's an example of hook and swoop. I point back, she doesn't really stop. She stops for a second and then she says she has to go. I don't walk with her, I keep talking and I get her to stay. So I'm going to play this again with the audio so you can see what I actually do. Hey, I saw you walk by and I thought I got to be the creepy dude that hits on this random girl walking by. What's your name? Amanda. Amanda? Stay in chat for three seconds. Yeah, I have to go somewhere. You're busy? Yeah. You're busy? Yeah. All right, you don't feel the love connection? No. Two seconds, let me give you my sales pitch. I'm Robbie, what do you do? \", \"segments\": [{\"id\": 0, \"seek\": 0, \"start\": 0.0, \"end\": 3.5999999046325684, \"text\": \" Hey guys, I want to talk about the hook and swoop.\", \"tokens\": [50364, 1911, 1074, 11, 286, 528, 281, 751, 466, 264, 6328, 293, 13291, 404, 13, 50544], \"temperature\": 0.0, \"avg_logprob\": -0.24324296414852142, \"compression_ratio\": 1.6528925895690918, \"no_speech_prob\": 0.406382292509079}, {\"id\": 1, \"seek\": 0, \"start\": 3.5999999046325684, \"end\": 7.380000114440918, \"text\": \" So I'm going to play this video, it's ten seconds of me hitting on this girl over and\", \"tokens\": [50544, 407, 286, 478, 516, 281, 862, 341, 960, 11, 309, 311, 2064, 3949, 295, 385, 8850, 322, 341, 2013, 670, 293, 50733], \"temperature\": 0.0, \"avg_logprob\": -0.24324296414852142, \"compression_ratio\": 1.6528925895690918, \"no_speech_prob\": 0.406382292509079}, {\"id\": 2, \"seek\": 0, \"start\": 7.380000114440918, \"end\": 12.680000305175781, \"text\": \" over and over to make sure you guys know exactly what I'm doing, the science behind getting\", \"tokens\": [50733, 670, 293, 670, 281, 652, 988, 291, 1074, 458, 2293, 437, 286, 478, 884, 11, 264, 3497, 2261, 1242, 50998], \"temperature\": 0.0, \"avg_logprob\": -0.24324296414852142, \"compression_ratio\": 1.6528925895690918, \"no_speech_prob\": 0.406382292509079}, {\"id\": 3, \"seek\": 0, \"start\": 12.680000305175781, \"end\": 14.239999771118164, \"text\": \" a girl to stop on the street.\", \"tokens\": [50998, 257, 2013, 281, 1590, 322, 264, 4838, 13, 51076], \"temperature\": 0.0, \"avg_logprob\": -0.24324296414852142, \"compression_ratio\": 1.6528925895690918, \"no_speech_prob\": 0.406382292509079}, {\"id\": 4, \"seek\": 0, \"start\": 14.239999771118164, \"end\": 20.399999618530273, \"text\": \" Now the first thing is, if you'll watch, the video's about to start, I run up, I don't\", \"tokens\": [51076, 823, 264, 700, 551, 307, 11, 498, 291, 603, 1159, 11, 264, 960, 311, 466, 281, 722, 11, 286, 1190, 493, 11, 286, 500, 380, 51384], \"temperature\": 0.0, \"avg_logprob\": -0.24324296414852142, \"compression_ratio\": 1.6528925895690918, \"no_speech_prob\": 0.406382292509079}, {\"id\": 5, \"seek\": 0, \"start\": 20.399999618530273, \"end\": 24.399999618530273, \"text\": \" get too close to her, I say hey and I point backwards.\", \"tokens\": [51384, 483, 886, 1998, 281, 720, 11, 286, 584, 4177, 293, 286, 935, 12204, 13, 51584], \"temperature\": 0.0, \"avg_logprob\": -0.24324296414852142, \"compression_ratio\": 1.6528925895690918, \"no_speech_prob\": 0.406382292509079}, {\"id\": 6, \"seek\": 2440, \"start\": 24.399999618530273, \"end\": 30.479999542236328, \"text\": \" The point is very, very important because it gets her out of her kind of mental thought\", \"tokens\": [50364, 440, 935, 307, 588, 11, 588, 1021, 570, 309, 2170, 720, 484, 295, 720, 733, 295, 4973, 1194, 50668], \"temperature\": 0.0, \"avg_logprob\": -0.21354863047599792, \"compression_ratio\": 1.940000057220459, \"no_speech_prob\": 0.46087729930877686}, {\"id\": 7, \"seek\": 2440, \"start\": 30.479999542236328, \"end\": 33.63999938964844, \"text\": \" process of where she's going and she thinks to herself, oh I must have dropped something\", \"tokens\": [50668, 1399, 295, 689, 750, 311, 516, 293, 750, 7309, 281, 7530, 11, 1954, 286, 1633, 362, 8119, 746, 50826], \"temperature\": 0.0, \"avg_logprob\": -0.21354863047599792, \"compression_ratio\": 1.940000057220459, \"no_speech_prob\": 0.46087729930877686}, {\"id\": 8, \"seek\": 2440, \"start\": 33.63999938964844, \"end\": 37.63999938964844, \"text\": \" or I left something back there and it gets her to turn around and stop.\", \"tokens\": [50826, 420, 286, 1411, 746, 646, 456, 293, 309, 2170, 720, 281, 1261, 926, 293, 1590, 13, 51026], \"temperature\": 0.0, \"avg_logprob\": -0.21354863047599792, \"compression_ratio\": 1.940000057220459, \"no_speech_prob\": 0.46087729930877686}, {\"id\": 9, \"seek\": 2440, \"start\": 37.63999938964844, \"end\": 40.720001220703125, \"text\": \" So if you don't do the point, they're usually not going to stop.\", \"tokens\": [51026, 407, 498, 291, 500, 380, 360, 264, 935, 11, 436, 434, 2673, 406, 516, 281, 1590, 13, 51180], \"temperature\": 0.0, \"avg_logprob\": -0.21354863047599792, \"compression_ratio\": 1.940000057220459, \"no_speech_prob\": 0.46087729930877686}, {\"id\": 10, \"seek\": 2440, \"start\": 40.720001220703125, \"end\": 44.119998931884766, \"text\": \" It's also important to get a little bit ahead of them because as you can see, momentum is\", \"tokens\": [51180, 467, 311, 611, 1021, 281, 483, 257, 707, 857, 2286, 295, 552, 570, 382, 291, 393, 536, 11, 11244, 307, 51350], \"temperature\": 0.0, \"avg_logprob\": -0.21354863047599792, \"compression_ratio\": 1.940000057220459, \"no_speech_prob\": 0.46087729930877686}, {\"id\": 11, \"seek\": 2440, \"start\": 44.119998931884766, \"end\": 49.2400016784668, \"text\": \" going to keep her moving forward and if you stop when you're parallel to her or when you're\", \"tokens\": [51350, 516, 281, 1066, 720, 2684, 2128, 293, 498, 291, 1590, 562, 291, 434, 8952, 281, 720, 420, 562, 291, 434, 51606], \"temperature\": 0.0, \"avg_logprob\": -0.21354863047599792, \"compression_ratio\": 1.940000057220459, \"no_speech_prob\": 0.46087729930877686}, {\"id\": 12, \"seek\": 2440, \"start\": 49.2400016784668, \"end\": 53.0, \"text\": \" even with her, she's going to keep moving forward and you're going to feel like you're\", \"tokens\": [51606, 754, 365, 720, 11, 750, 311, 516, 281, 1066, 2684, 2128, 293, 291, 434, 516, 281, 841, 411, 291, 434, 51794], \"temperature\": 0.0, \"avg_logprob\": -0.21354863047599792, \"compression_ratio\": 1.940000057220459, \"no_speech_prob\": 0.46087729930877686}, {\"id\": 13, \"seek\": 5300, \"start\": 53.0, \"end\": 56.08000183105469, \"text\": \" chasing her and that's going to make you look creepy.\", \"tokens\": [50364, 17876, 720, 293, 300, 311, 516, 281, 652, 291, 574, 14717, 13, 50518], \"temperature\": 0.0, \"avg_logprob\": -0.24055325984954834, \"compression_ratio\": 1.669565200805664, \"no_speech_prob\": 0.6582935452461243}, {\"id\": 14, \"seek\": 5300, \"start\": 56.08000183105469, \"end\": 62.47999954223633, \"text\": \" So watch it again, get a little bit past her, point back, hey, deliver the opener and she's\", \"tokens\": [50518, 407, 1159, 309, 797, 11, 483, 257, 707, 857, 1791, 720, 11, 935, 646, 11, 4177, 11, 4239, 264, 43850, 293, 750, 311, 50838], \"temperature\": 0.0, \"avg_logprob\": -0.24055325984954834, \"compression_ratio\": 1.669565200805664, \"no_speech_prob\": 0.6582935452461243}, {\"id\": 15, \"seek\": 5300, \"start\": 62.47999954223633, \"end\": 65.4800033569336, \"text\": \" going to laugh and here it is with the audio.\", \"tokens\": [50838, 516, 281, 5801, 293, 510, 309, 307, 365, 264, 6278, 13, 50988], \"temperature\": 0.0, \"avg_logprob\": -0.24055325984954834, \"compression_ratio\": 1.669565200805664, \"no_speech_prob\": 0.6582935452461243}, {\"id\": 16, \"seek\": 5300, \"start\": 65.4800033569336, \"end\": 72.95999908447266, \"text\": \" Hey, I just saw you walk by and I thought I got to hit on this girl and be that idiot\", \"tokens\": [50988, 1911, 11, 286, 445, 1866, 291, 1792, 538, 293, 286, 1194, 286, 658, 281, 2045, 322, 341, 2013, 293, 312, 300, 14270, 51362], \"temperature\": 0.0, \"avg_logprob\": -0.24055325984954834, \"compression_ratio\": 1.669565200805664, \"no_speech_prob\": 0.6582935452461243}, {\"id\": 17, \"seek\": 5300, \"start\": 72.95999908447266, \"end\": 75.80000305175781, \"text\": \" to do it on the street.\", \"tokens\": [51362, 281, 360, 309, 322, 264, 4838, 13, 51504], \"temperature\": 0.0, \"avg_logprob\": -0.24055325984954834, \"compression_ratio\": 1.669565200805664, \"no_speech_prob\": 0.6582935452461243}, {\"id\": 18, \"seek\": 5300, \"start\": 75.80000305175781, \"end\": 80.36000061035156, \"text\": \" And don't ever walk with a girl unless you've established you're going to do that.\", \"tokens\": [51504, 400, 500, 380, 1562, 1792, 365, 257, 2013, 5969, 291, 600, 7545, 291, 434, 516, 281, 360, 300, 13, 51732], \"temperature\": 0.0, \"avg_logprob\": -0.24055325984954834, \"compression_ratio\": 1.669565200805664, \"no_speech_prob\": 0.6582935452461243}, {\"id\": 19, \"seek\": 8036, \"start\": 80.36000061035156, \"end\": 83.55999755859375, \"text\": \" It'll make her think, when is this guy going to stop walking with me?\", \"tokens\": [50364, 467, 603, 652, 720, 519, 11, 562, 307, 341, 2146, 516, 281, 1590, 4494, 365, 385, 30, 50524], \"temperature\": 0.0, \"avg_logprob\": -0.24748088419437408, \"compression_ratio\": 1.7254902124404907, \"no_speech_prob\": 0.7798746228218079}, {\"id\": 20, \"seek\": 8036, \"start\": 83.55999755859375, \"end\": 86.68000030517578, \"text\": \" This guy's weird, he's creepy, when is he going to leave me alone?\", \"tokens\": [50524, 639, 2146, 311, 3657, 11, 415, 311, 14717, 11, 562, 307, 415, 516, 281, 1856, 385, 3312, 30, 50680], \"temperature\": 0.0, \"avg_logprob\": -0.24748088419437408, \"compression_ratio\": 1.7254902124404907, \"no_speech_prob\": 0.7798746228218079}, {\"id\": 21, \"seek\": 8036, \"start\": 86.68000030517578, \"end\": 89.31999969482422, \"text\": \" Do not walk with her, you'll look weird.\", \"tokens\": [50680, 1144, 406, 1792, 365, 720, 11, 291, 603, 574, 3657, 13, 50812], \"temperature\": 0.0, \"avg_logprob\": -0.24748088419437408, \"compression_ratio\": 1.7254902124404907, \"no_speech_prob\": 0.7798746228218079}, {\"id\": 22, \"seek\": 8036, \"start\": 89.31999969482422, \"end\": 91.72000122070312, \"text\": \" Stop her and then you could say, let's walk together.\", \"tokens\": [50812, 5535, 720, 293, 550, 291, 727, 584, 11, 718, 311, 1792, 1214, 13, 50932], \"temperature\": 0.0, \"avg_logprob\": -0.24748088419437408, \"compression_ratio\": 1.7254902124404907, \"no_speech_prob\": 0.7798746228218079}, {\"id\": 23, \"seek\": 8036, \"start\": 91.72000122070312, \"end\": 98.27999877929688, \"text\": \" All right, now I'm going to show you guys what to do if she doesn't stop.\", \"tokens\": [50932, 1057, 558, 11, 586, 286, 478, 516, 281, 855, 291, 1074, 437, 281, 360, 498, 750, 1177, 380, 1590, 13, 51260], \"temperature\": 0.0, \"avg_logprob\": -0.24748088419437408, \"compression_ratio\": 1.7254902124404907, \"no_speech_prob\": 0.7798746228218079}, {\"id\": 24, \"seek\": 8036, \"start\": 98.27999877929688, \"end\": 100.55999755859375, \"text\": \" So here's an example of hook and swoop.\", \"tokens\": [51260, 407, 510, 311, 364, 1365, 295, 6328, 293, 13291, 404, 13, 51374], \"temperature\": 0.0, \"avg_logprob\": -0.24748088419437408, \"compression_ratio\": 1.7254902124404907, \"no_speech_prob\": 0.7798746228218079}, {\"id\": 25, \"seek\": 8036, \"start\": 100.55999755859375, \"end\": 104.63999938964844, \"text\": \" I point back, she doesn't really stop.\", \"tokens\": [51374, 286, 935, 646, 11, 750, 1177, 380, 534, 1590, 13, 51578], \"temperature\": 0.0, \"avg_logprob\": -0.24748088419437408, \"compression_ratio\": 1.7254902124404907, \"no_speech_prob\": 0.7798746228218079}, {\"id\": 26, \"seek\": 8036, \"start\": 104.63999938964844, \"end\": 107.12000274658203, \"text\": \" She stops for a second and then she says she has to go.\", \"tokens\": [51578, 1240, 10094, 337, 257, 1150, 293, 550, 750, 1619, 750, 575, 281, 352, 13, 51702], \"temperature\": 0.0, \"avg_logprob\": -0.24748088419437408, \"compression_ratio\": 1.7254902124404907, \"no_speech_prob\": 0.7798746228218079}, {\"id\": 27, \"seek\": 10712, \"start\": 107.12000274658203, \"end\": 111.68000030517578, \"text\": \" I don't walk with her, I keep talking and I get her to stay.\", \"tokens\": [50364, 286, 500, 380, 1792, 365, 720, 11, 286, 1066, 1417, 293, 286, 483, 720, 281, 1754, 13, 50592], \"temperature\": 0.0, \"avg_logprob\": -0.24940820038318634, \"compression_ratio\": 1.5555555820465088, \"no_speech_prob\": 0.7877457141876221}, {\"id\": 28, \"seek\": 10712, \"start\": 111.68000030517578, \"end\": 116.80000305175781, \"text\": \" So I'm going to play this again with the audio so you can see what I actually do.\", \"tokens\": [50592, 407, 286, 478, 516, 281, 862, 341, 797, 365, 264, 6278, 370, 291, 393, 536, 437, 286, 767, 360, 13, 50848], \"temperature\": 0.0, \"avg_logprob\": -0.24940820038318634, \"compression_ratio\": 1.5555555820465088, \"no_speech_prob\": 0.7877457141876221}, {\"id\": 29, \"seek\": 10712, \"start\": 116.80000305175781, \"end\": 128.24000549316406, \"text\": \" Hey, I saw you walk by and I thought I got to be the creepy dude that hits on this random\", \"tokens\": [50848, 1911, 11, 286, 1866, 291, 1792, 538, 293, 286, 1194, 286, 658, 281, 312, 264, 14717, 6449, 300, 8664, 322, 341, 4974, 51420], \"temperature\": 0.0, \"avg_logprob\": -0.24940820038318634, \"compression_ratio\": 1.5555555820465088, \"no_speech_prob\": 0.7877457141876221}, {\"id\": 30, \"seek\": 10712, \"start\": 128.24000549316406, \"end\": 129.24000549316406, \"text\": \" girl walking by.\", \"tokens\": [51420, 2013, 4494, 538, 13, 51470], \"temperature\": 0.0, \"avg_logprob\": -0.24940820038318634, \"compression_ratio\": 1.5555555820465088, \"no_speech_prob\": 0.7877457141876221}, {\"id\": 31, \"seek\": 10712, \"start\": 129.24000549316406, \"end\": 130.24000549316406, \"text\": \" What's your name?\", \"tokens\": [51470, 708, 311, 428, 1315, 30, 51520], \"temperature\": 0.0, \"avg_logprob\": -0.24940820038318634, \"compression_ratio\": 1.5555555820465088, \"no_speech_prob\": 0.7877457141876221}, {\"id\": 32, \"seek\": 10712, \"start\": 130.24000549316406, \"end\": 131.24000549316406, \"text\": \" Amanda.\", \"tokens\": [51520, 20431, 13, 51570], \"temperature\": 0.0, \"avg_logprob\": -0.24940820038318634, \"compression_ratio\": 1.5555555820465088, \"no_speech_prob\": 0.7877457141876221}, {\"id\": 33, \"seek\": 10712, \"start\": 131.24000549316406, \"end\": 132.24000549316406, \"text\": \" Amanda?\", \"tokens\": [51570, 20431, 30, 51620], \"temperature\": 0.0, \"avg_logprob\": -0.24940820038318634, \"compression_ratio\": 1.5555555820465088, \"no_speech_prob\": 0.7877457141876221}, {\"id\": 34, \"seek\": 10712, \"start\": 132.24000549316406, \"end\": 133.24000549316406, \"text\": \" Stay in chat for three seconds.\", \"tokens\": [51620, 8691, 294, 5081, 337, 1045, 3949, 13, 51670], \"temperature\": 0.0, \"avg_logprob\": -0.24940820038318634, \"compression_ratio\": 1.5555555820465088, \"no_speech_prob\": 0.7877457141876221}, {\"id\": 35, \"seek\": 10712, \"start\": 133.24000549316406, \"end\": 134.24000549316406, \"text\": \" Yeah, I have to go somewhere.\", \"tokens\": [51670, 865, 11, 286, 362, 281, 352, 4079, 13, 51720], \"temperature\": 0.0, \"avg_logprob\": -0.24940820038318634, \"compression_ratio\": 1.5555555820465088, \"no_speech_prob\": 0.7877457141876221}, {\"id\": 36, \"seek\": 10712, \"start\": 134.24000549316406, \"end\": 135.24000549316406, \"text\": \" You're busy?\", \"tokens\": [51720, 509, 434, 5856, 30, 51770], \"temperature\": 0.0, \"avg_logprob\": -0.24940820038318634, \"compression_ratio\": 1.5555555820465088, \"no_speech_prob\": 0.7877457141876221}, {\"id\": 37, \"seek\": 10712, \"start\": 135.24000549316406, \"end\": 136.24000549316406, \"text\": \" Yeah.\", \"tokens\": [51770, 865, 13, 51820], \"temperature\": 0.0, \"avg_logprob\": -0.24940820038318634, \"compression_ratio\": 1.5555555820465088, \"no_speech_prob\": 0.7877457141876221}, {\"id\": 38, \"seek\": 13624, \"start\": 136.36000061035156, \"end\": 137.36000061035156, \"text\": \" You're busy?\", \"tokens\": [50370, 509, 434, 5856, 30, 50420], \"temperature\": 0.0, \"avg_logprob\": -0.3225126266479492, \"compression_ratio\": 1.1639344692230225, \"no_speech_prob\": 0.24501705169677734}, {\"id\": 39, \"seek\": 13624, \"start\": 137.36000061035156, \"end\": 138.36000061035156, \"text\": \" Yeah.\", \"tokens\": [50420, 865, 13, 50470], \"temperature\": 0.0, \"avg_logprob\": -0.3225126266479492, \"compression_ratio\": 1.1639344692230225, \"no_speech_prob\": 0.24501705169677734}, {\"id\": 40, \"seek\": 13624, \"start\": 138.36000061035156, \"end\": 139.36000061035156, \"text\": \" All right, you don't feel the love connection?\", \"tokens\": [50470, 1057, 558, 11, 291, 500, 380, 841, 264, 959, 4984, 30, 50520], \"temperature\": 0.0, \"avg_logprob\": -0.3225126266479492, \"compression_ratio\": 1.1639344692230225, \"no_speech_prob\": 0.24501705169677734}, {\"id\": 41, \"seek\": 13624, \"start\": 139.36000061035156, \"end\": 140.36000061035156, \"text\": \" No.\", \"tokens\": [50520, 883, 13, 50570], \"temperature\": 0.0, \"avg_logprob\": -0.3225126266479492, \"compression_ratio\": 1.1639344692230225, \"no_speech_prob\": 0.24501705169677734}, {\"id\": 42, \"seek\": 13624, \"start\": 140.36000061035156, \"end\": 145.9199981689453, \"text\": \" Two seconds, let me give you my sales pitch.\", \"tokens\": [50570, 4453, 3949, 11, 718, 385, 976, 291, 452, 5763, 7293, 13, 50848], \"temperature\": 0.0, \"avg_logprob\": -0.3225126266479492, \"compression_ratio\": 1.1639344692230225, \"no_speech_prob\": 0.24501705169677734}, {\"id\": 43, \"seek\": 13624, \"start\": 145.9199981689453, \"end\": 148.52000427246094, \"text\": \" I'm Robbie, what do you do?\", \"tokens\": [50848, 286, 478, 45749, 11, 437, 360, 291, 360, 30, 50978], \"temperature\": 0.0, \"avg_logprob\": -0.3225126266479492, \"compression_ratio\": 1.1639344692230225, \"no_speech_prob\": 0.24501705169677734}]}"}