{"title": "Don\u2019t just get her number, get her IG too!", "video_id": "la-6oAQE41E", "video_url": "https://www.youtube.com/watch?v=la-6oAQE41E", "description": "", "published_at": "2023-05-10T21:04:49Z", "channel_id": "UC0O-ohYDF4P66HW9XJ4Us8w", "channel_title": "Robbie Kramer", "tags": [], "category_id": "24", "live_broadcast_content": "none", "duration": 31.0, "dimension": "2d", "definition": "hd", "caption": "false", "view_count": 1725, "like_count": 33, "comment_count": 4, "channel_info": {"title": "Robbie Kramer", "description": "I'm Robbie Kramer \ud83c\udf99Host of The Inner Confidence Podcast & Founder of Inner Confidence, Inc.\n\nI lived an exhilarating single life filled with adventures and lessons, and ultimately achieved what I had always aspired to \u2013 finding an amazing, feminine, and loving wife. \n\nI believe my experiences provide a rare balance of wild freedom and committed love, equipping me with the insights to help you navigate the complexities of dating and relationships in today's world. Let me guide you to embrace your desires, improve your social prowess, and ultimately attract the partner who aligns with your highest aspirations.\n\nYou won\u2019t find any fluffy, new-age, or cringy stuff here, just tested, proven and actionable advice that yields results.\n\nApply to join our exclusive Inner Confidence Community of ambitious men who are actively working together to achieve their goals faster   \u25ba https://innerconfidence.com/community\n\nYou can email me at robbie@innerconfidence.com with any questions or comments.\n", "subscriber_count": "1270", "total_views": "604693", "total_videos": "470"}, "comments": [], "file_path": "/Users/aelaguiz/workspace/fc_book/audio/raws/la-6oAQE41E.mp3", "transcription": "{\"text\": \"Have the courage to approach a woman in real life. You run up to her, you give her a little elevator pitch. Hey, you're not that creepy guy that hits on me on the sidewalk. But hey, gotta be that guy. Listen, you're in a rush. I'm in a rush. Gotta meet somebody for coffee. Give me your number. If you don't like me, give me a thing. As she's putting the number in your phone, you're like, actually, I don't even know why I asked for your number. I'm always on Instagram. Let me put my name in your phone. So you grab her phone. You put your Instagram in and you follow yourself. And then you message her something witty and funny. You post content about the weekly events that you're throwing, the little house parties you're doing. You just invite her to the next party. And now she shows up and she's dealing with a ratio that's in your favor, not hers. You've got status. You've got preselection. \", \"segments\": [{\"id\": 0, \"seek\": 0, \"start\": 0.0, \"end\": 1.600000023841858, \"text\": \" Have the courage to approach a woman in real life.\", \"tokens\": [50364, 3560, 264, 9892, 281, 3109, 257, 3059, 294, 957, 993, 13, 50444], \"temperature\": 0.0, \"avg_logprob\": -0.25017791986465454, \"compression_ratio\": 1.8337292671203613, \"no_speech_prob\": 0.2711033523082733}, {\"id\": 1, \"seek\": 0, \"start\": 1.600000023841858, \"end\": 3.5199999809265137, \"text\": \" You run up to her, you give her a little elevator pitch.\", \"tokens\": [50444, 509, 1190, 493, 281, 720, 11, 291, 976, 720, 257, 707, 18782, 7293, 13, 50540], \"temperature\": 0.0, \"avg_logprob\": -0.25017791986465454, \"compression_ratio\": 1.8337292671203613, \"no_speech_prob\": 0.2711033523082733}, {\"id\": 2, \"seek\": 0, \"start\": 3.5199999809265137, \"end\": 5.440000057220459, \"text\": \" Hey, you're not that creepy guy that hits on me on the sidewalk.\", \"tokens\": [50540, 1911, 11, 291, 434, 406, 300, 14717, 2146, 300, 8664, 322, 385, 322, 264, 25360, 13, 50636], \"temperature\": 0.0, \"avg_logprob\": -0.25017791986465454, \"compression_ratio\": 1.8337292671203613, \"no_speech_prob\": 0.2711033523082733}, {\"id\": 3, \"seek\": 0, \"start\": 5.440000057220459, \"end\": 6.519999980926514, \"text\": \" But hey, gotta be that guy.\", \"tokens\": [50636, 583, 4177, 11, 3428, 312, 300, 2146, 13, 50690], \"temperature\": 0.0, \"avg_logprob\": -0.25017791986465454, \"compression_ratio\": 1.8337292671203613, \"no_speech_prob\": 0.2711033523082733}, {\"id\": 4, \"seek\": 0, \"start\": 6.519999980926514, \"end\": 7.320000171661377, \"text\": \" Listen, you're in a rush.\", \"tokens\": [50690, 7501, 11, 291, 434, 294, 257, 9300, 13, 50730], \"temperature\": 0.0, \"avg_logprob\": -0.25017791986465454, \"compression_ratio\": 1.8337292671203613, \"no_speech_prob\": 0.2711033523082733}, {\"id\": 5, \"seek\": 0, \"start\": 7.320000171661377, \"end\": 7.960000038146973, \"text\": \" I'm in a rush.\", \"tokens\": [50730, 286, 478, 294, 257, 9300, 13, 50762], \"temperature\": 0.0, \"avg_logprob\": -0.25017791986465454, \"compression_ratio\": 1.8337292671203613, \"no_speech_prob\": 0.2711033523082733}, {\"id\": 6, \"seek\": 0, \"start\": 7.960000038146973, \"end\": 9.039999961853027, \"text\": \" Gotta meet somebody for coffee.\", \"tokens\": [50762, 21527, 1677, 2618, 337, 4982, 13, 50816], \"temperature\": 0.0, \"avg_logprob\": -0.25017791986465454, \"compression_ratio\": 1.8337292671203613, \"no_speech_prob\": 0.2711033523082733}, {\"id\": 7, \"seek\": 0, \"start\": 9.039999961853027, \"end\": 9.640000343322754, \"text\": \" Give me your number.\", \"tokens\": [50816, 5303, 385, 428, 1230, 13, 50846], \"temperature\": 0.0, \"avg_logprob\": -0.25017791986465454, \"compression_ratio\": 1.8337292671203613, \"no_speech_prob\": 0.2711033523082733}, {\"id\": 8, \"seek\": 0, \"start\": 9.640000343322754, \"end\": 10.800000190734863, \"text\": \" If you don't like me, give me a thing.\", \"tokens\": [50846, 759, 291, 500, 380, 411, 385, 11, 976, 385, 257, 551, 13, 50904], \"temperature\": 0.0, \"avg_logprob\": -0.25017791986465454, \"compression_ratio\": 1.8337292671203613, \"no_speech_prob\": 0.2711033523082733}, {\"id\": 9, \"seek\": 0, \"start\": 10.800000190734863, \"end\": 12.4399995803833, \"text\": \" As she's putting the number in your phone, you're like,\", \"tokens\": [50904, 1018, 750, 311, 3372, 264, 1230, 294, 428, 2593, 11, 291, 434, 411, 11, 50986], \"temperature\": 0.0, \"avg_logprob\": -0.25017791986465454, \"compression_ratio\": 1.8337292671203613, \"no_speech_prob\": 0.2711033523082733}, {\"id\": 10, \"seek\": 0, \"start\": 12.4399995803833, \"end\": 13.720000267028809, \"text\": \" actually, I don't even know why I asked for your number.\", \"tokens\": [50986, 767, 11, 286, 500, 380, 754, 458, 983, 286, 2351, 337, 428, 1230, 13, 51050], \"temperature\": 0.0, \"avg_logprob\": -0.25017791986465454, \"compression_ratio\": 1.8337292671203613, \"no_speech_prob\": 0.2711033523082733}, {\"id\": 11, \"seek\": 0, \"start\": 13.720000267028809, \"end\": 14.600000381469727, \"text\": \" I'm always on Instagram.\", \"tokens\": [51050, 286, 478, 1009, 322, 5281, 13, 51094], \"temperature\": 0.0, \"avg_logprob\": -0.25017791986465454, \"compression_ratio\": 1.8337292671203613, \"no_speech_prob\": 0.2711033523082733}, {\"id\": 12, \"seek\": 0, \"start\": 14.600000381469727, \"end\": 15.640000343322754, \"text\": \" Let me put my name in your phone.\", \"tokens\": [51094, 961, 385, 829, 452, 1315, 294, 428, 2593, 13, 51146], \"temperature\": 0.0, \"avg_logprob\": -0.25017791986465454, \"compression_ratio\": 1.8337292671203613, \"no_speech_prob\": 0.2711033523082733}, {\"id\": 13, \"seek\": 0, \"start\": 15.640000343322754, \"end\": 16.440000534057617, \"text\": \" So you grab her phone.\", \"tokens\": [51146, 407, 291, 4444, 720, 2593, 13, 51186], \"temperature\": 0.0, \"avg_logprob\": -0.25017791986465454, \"compression_ratio\": 1.8337292671203613, \"no_speech_prob\": 0.2711033523082733}, {\"id\": 14, \"seek\": 0, \"start\": 16.440000534057617, \"end\": 18.399999618530273, \"text\": \" You put your Instagram in and you follow yourself.\", \"tokens\": [51186, 509, 829, 428, 5281, 294, 293, 291, 1524, 1803, 13, 51284], \"temperature\": 0.0, \"avg_logprob\": -0.25017791986465454, \"compression_ratio\": 1.8337292671203613, \"no_speech_prob\": 0.2711033523082733}, {\"id\": 15, \"seek\": 0, \"start\": 18.399999618530273, \"end\": 19.920000076293945, \"text\": \" And then you message her something witty and funny.\", \"tokens\": [51284, 400, 550, 291, 3636, 720, 746, 261, 10016, 293, 4074, 13, 51360], \"temperature\": 0.0, \"avg_logprob\": -0.25017791986465454, \"compression_ratio\": 1.8337292671203613, \"no_speech_prob\": 0.2711033523082733}, {\"id\": 16, \"seek\": 0, \"start\": 19.920000076293945, \"end\": 22.399999618530273, \"text\": \" You post content about the weekly events that you're throwing,\", \"tokens\": [51360, 509, 2183, 2701, 466, 264, 12460, 3931, 300, 291, 434, 10238, 11, 51484], \"temperature\": 0.0, \"avg_logprob\": -0.25017791986465454, \"compression_ratio\": 1.8337292671203613, \"no_speech_prob\": 0.2711033523082733}, {\"id\": 17, \"seek\": 0, \"start\": 22.399999618530273, \"end\": 23.559999465942383, \"text\": \" the little house parties you're doing.\", \"tokens\": [51484, 264, 707, 1782, 8265, 291, 434, 884, 13, 51542], \"temperature\": 0.0, \"avg_logprob\": -0.25017791986465454, \"compression_ratio\": 1.8337292671203613, \"no_speech_prob\": 0.2711033523082733}, {\"id\": 18, \"seek\": 0, \"start\": 23.559999465942383, \"end\": 24.84000015258789, \"text\": \" You just invite her to the next party.\", \"tokens\": [51542, 509, 445, 7980, 720, 281, 264, 958, 3595, 13, 51606], \"temperature\": 0.0, \"avg_logprob\": -0.25017791986465454, \"compression_ratio\": 1.8337292671203613, \"no_speech_prob\": 0.2711033523082733}, {\"id\": 19, \"seek\": 2484, \"start\": 24.84000015258789, \"end\": 27.1200008392334, \"text\": \" And now she shows up and she's dealing with a ratio that's\", \"tokens\": [50364, 400, 586, 750, 3110, 493, 293, 750, 311, 6260, 365, 257, 8509, 300, 311, 50478], \"temperature\": 0.0, \"avg_logprob\": -0.3547736704349518, \"compression_ratio\": 1.2699999809265137, \"no_speech_prob\": 0.920233964920044}, {\"id\": 20, \"seek\": 2484, \"start\": 27.1200008392334, \"end\": 28.200000762939453, \"text\": \" in your favor, not hers.\", \"tokens\": [50478, 294, 428, 2294, 11, 406, 6820, 13, 50532], \"temperature\": 0.0, \"avg_logprob\": -0.3547736704349518, \"compression_ratio\": 1.2699999809265137, \"no_speech_prob\": 0.920233964920044}, {\"id\": 21, \"seek\": 2484, \"start\": 28.200000762939453, \"end\": 29.0, \"text\": \" You've got status.\", \"tokens\": [50532, 509, 600, 658, 6558, 13, 50572], \"temperature\": 0.0, \"avg_logprob\": -0.3547736704349518, \"compression_ratio\": 1.2699999809265137, \"no_speech_prob\": 0.920233964920044}, {\"id\": 22, \"seek\": 2484, \"start\": 29.0, \"end\": 31.200000762939453, \"text\": \" You've got preselection.\", \"tokens\": [50572, 509, 600, 658, 659, 405, 5450, 13, 50682], \"temperature\": 0.0, \"avg_logprob\": -0.3547736704349518, \"compression_ratio\": 1.2699999809265137, \"no_speech_prob\": 0.920233964920044}]}"}