{"title": "How to get cute girls to your party episode # 211", "video_id": "Ll_0IY7A21g", "video_url": "https://www.youtube.com/watch?v=Ll_0IY7A21g", "description": "To listen to more episodes of the Inner Confidence Podcast, visit the links below:\nWebsite: https://innerconfidence.com/podcast/\niTunes:https://podcasts.apple.com/us/podcast/inner-confidence-podcast/id986699444 \nSpotify: https://open.spotify.com/show/2zkWuTnt7whvnR6CO6oNPV\nRSS: https://innerconfidence.com/series/leverage-podcast/feed/\n\nAnd if you're interested in learning more about my coaching services and connecting with me, check out these links:\nLinkTree: https://linktr.ee/Robbiekramer\nMain Site: https://innerconfidence.com/\nInstagram: https://www.instagram.com/robbie_kramer/\nTikTok: https://www.tiktok.com/@robbie.kramer\nYouTube: https://www.youtube.com/innerconfidence\n\nThank you for tuning in, and I look forward to helping you build your inner confidence and achieve success!\n\nJoin us : https://innerconfidence.com/leverage/\nBook a call with me : https://start.innerconfidence.com/video1\n\n\n#personaldevelopment #selfimprovement #innerconfidence #innerconfidencepodcast #podcast #coaching #success #motivation #inspiration #mindset #datingcoach #relationshipgoals #confidencecoach #selfimprovement #successfulmen", "published_at": "2023-01-13T20:21:24Z", "channel_id": "UC0O-ohYDF4P66HW9XJ4Us8w", "channel_title": "Robbie Kramer", "tags": [], "category_id": "26", "live_broadcast_content": "none", "duration": 61.0, "dimension": "2d", "definition": "hd", "caption": "false", "view_count": 369, "like_count": 4, "comment_count": 0, "channel_info": {"title": "Robbie Kramer", "description": "I'm Robbie Kramer \ud83c\udf99Host of The Inner Confidence Podcast & Founder of Inner Confidence, Inc.\n\nI lived an exhilarating single life filled with adventures and lessons, and ultimately achieved what I had always aspired to \u2013 finding an amazing, feminine, and loving wife. \n\nI believe my experiences provide a rare balance of wild freedom and committed love, equipping me with the insights to help you navigate the complexities of dating and relationships in today's world. Let me guide you to embrace your desires, improve your social prowess, and ultimately attract the partner who aligns with your highest aspirations.\n\nYou won\u2019t find any fluffy, new-age, or cringy stuff here, just tested, proven and actionable advice that yields results.\n\nApply to join our exclusive Inner Confidence Community of ambitious men who are actively working together to achieve their goals faster   \u25ba https://innerconfidence.com/community\n\nYou can email me at robbie@innerconfidence.com with any questions or comments.\n", "subscriber_count": "1270", "total_views": "604693", "total_videos": "470"}, "comments": [], "file_path": "/Users/aelaguiz/workspace/fc_book/audio/raws/Ll_0IY7A21g.mp3", "transcription": "{\"text\": \"To find girls for your social story, you got to source them from somewhere. So let's say you're my buddy Steve, and Steve's out there. We're doing a bunch of day game in New York City, right? That's a very nice long head of hair that you have there, Steve. Thank you. So rather than taking my day game leads out on dates and trying to hook up with them, I might do just like a really short, quick, grab drinks or grab coffee date just to get to know. But I'm not really going to hit on her. I'm not going to try to escalate on her unless she's making it totally obvious that she wants to hook up like then and there. And instead, once I've kind of built that initial connection, I'm going to set up weekly sort of parties with my wingman Steve here, and we're going to invite all the girls that we know to those parties. They could be like, I mean, whatever you're interested in. You could do like a wine tasting thing. You could do a game night. You could do like a sushi party. You could just do drinks. The more creative you can get about hosting these parties, the better. And now, rather than me only meeting the girls that I meet through day game. \", \"segments\": [{\"id\": 0, \"seek\": 0, \"start\": 0.0, \"end\": 1.559999942779541, \"text\": \" To find girls for your social story,\", \"tokens\": [50364, 1407, 915, 4519, 337, 428, 2093, 1657, 11, 50442], \"temperature\": 0.0, \"avg_logprob\": -0.31749090552330017, \"compression_ratio\": 1.6279069185256958, \"no_speech_prob\": 0.04953344538807869}, {\"id\": 1, \"seek\": 0, \"start\": 1.559999942779541, \"end\": 3.2799999713897705, \"text\": \" you got to source them from somewhere.\", \"tokens\": [50442, 291, 658, 281, 4009, 552, 490, 4079, 13, 50528], \"temperature\": 0.0, \"avg_logprob\": -0.31749090552330017, \"compression_ratio\": 1.6279069185256958, \"no_speech_prob\": 0.04953344538807869}, {\"id\": 2, \"seek\": 0, \"start\": 3.2799999713897705, \"end\": 7.639999866485596, \"text\": \" So let's say you're my buddy Steve, and Steve's out there.\", \"tokens\": [50528, 407, 718, 311, 584, 291, 434, 452, 10340, 7466, 11, 293, 7466, 311, 484, 456, 13, 50746], \"temperature\": 0.0, \"avg_logprob\": -0.31749090552330017, \"compression_ratio\": 1.6279069185256958, \"no_speech_prob\": 0.04953344538807869}, {\"id\": 3, \"seek\": 0, \"start\": 7.639999866485596, \"end\": 10.079999923706055, \"text\": \" We're doing a bunch of day game in New York City, right?\", \"tokens\": [50746, 492, 434, 884, 257, 3840, 295, 786, 1216, 294, 1873, 3609, 4392, 11, 558, 30, 50868], \"temperature\": 0.0, \"avg_logprob\": -0.31749090552330017, \"compression_ratio\": 1.6279069185256958, \"no_speech_prob\": 0.04953344538807869}, {\"id\": 4, \"seek\": 0, \"start\": 10.079999923706055, \"end\": 12.84000015258789, \"text\": \" That's a very nice long head of hair that you have there,\", \"tokens\": [50868, 663, 311, 257, 588, 1481, 938, 1378, 295, 2578, 300, 291, 362, 456, 11, 51006], \"temperature\": 0.0, \"avg_logprob\": -0.31749090552330017, \"compression_ratio\": 1.6279069185256958, \"no_speech_prob\": 0.04953344538807869}, {\"id\": 5, \"seek\": 0, \"start\": 12.84000015258789, \"end\": 13.34000015258789, \"text\": \" Steve.\", \"tokens\": [51006, 7466, 13, 51031], \"temperature\": 0.0, \"avg_logprob\": -0.31749090552330017, \"compression_ratio\": 1.6279069185256958, \"no_speech_prob\": 0.04953344538807869}, {\"id\": 6, \"seek\": 0, \"start\": 13.34000015258789, \"end\": 15.359999656677246, \"text\": \" Thank you.\", \"tokens\": [51031, 1044, 291, 13, 51132], \"temperature\": 0.0, \"avg_logprob\": -0.31749090552330017, \"compression_ratio\": 1.6279069185256958, \"no_speech_prob\": 0.04953344538807869}, {\"id\": 7, \"seek\": 0, \"start\": 15.359999656677246, \"end\": 20.079999923706055, \"text\": \" So rather than taking my day game leads out on dates\", \"tokens\": [51132, 407, 2831, 813, 1940, 452, 786, 1216, 6689, 484, 322, 11691, 51368], \"temperature\": 0.0, \"avg_logprob\": -0.31749090552330017, \"compression_ratio\": 1.6279069185256958, \"no_speech_prob\": 0.04953344538807869}, {\"id\": 8, \"seek\": 0, \"start\": 20.079999923706055, \"end\": 21.559999465942383, \"text\": \" and trying to hook up with them, I\", \"tokens\": [51368, 293, 1382, 281, 6328, 493, 365, 552, 11, 286, 51442], \"temperature\": 0.0, \"avg_logprob\": -0.31749090552330017, \"compression_ratio\": 1.6279069185256958, \"no_speech_prob\": 0.04953344538807869}, {\"id\": 9, \"seek\": 0, \"start\": 21.559999465942383, \"end\": 24.520000457763672, \"text\": \" might do just like a really short, quick, grab drinks\", \"tokens\": [51442, 1062, 360, 445, 411, 257, 534, 2099, 11, 1702, 11, 4444, 12142, 51590], \"temperature\": 0.0, \"avg_logprob\": -0.31749090552330017, \"compression_ratio\": 1.6279069185256958, \"no_speech_prob\": 0.04953344538807869}, {\"id\": 10, \"seek\": 0, \"start\": 24.520000457763672, \"end\": 26.979999542236328, \"text\": \" or grab coffee date just to get to know.\", \"tokens\": [51590, 420, 4444, 4982, 4002, 445, 281, 483, 281, 458, 13, 51713], \"temperature\": 0.0, \"avg_logprob\": -0.31749090552330017, \"compression_ratio\": 1.6279069185256958, \"no_speech_prob\": 0.04953344538807869}, {\"id\": 11, \"seek\": 0, \"start\": 26.979999542236328, \"end\": 28.600000381469727, \"text\": \" But I'm not really going to hit on her.\", \"tokens\": [51713, 583, 286, 478, 406, 534, 516, 281, 2045, 322, 720, 13, 51794], \"temperature\": 0.0, \"avg_logprob\": -0.31749090552330017, \"compression_ratio\": 1.6279069185256958, \"no_speech_prob\": 0.04953344538807869}, {\"id\": 12, \"seek\": 2860, \"start\": 28.600000381469727, \"end\": 30.059999465942383, \"text\": \" I'm not going to try to escalate on her\", \"tokens\": [50364, 286, 478, 406, 516, 281, 853, 281, 17871, 473, 322, 720, 50437], \"temperature\": 0.0, \"avg_logprob\": -0.2620440721511841, \"compression_ratio\": 1.8167701959609985, \"no_speech_prob\": 0.02001684531569481}, {\"id\": 13, \"seek\": 2860, \"start\": 30.059999465942383, \"end\": 32.2599983215332, \"text\": \" unless she's making it totally obvious that she wants\", \"tokens\": [50437, 5969, 750, 311, 1455, 309, 3879, 6322, 300, 750, 2738, 50547], \"temperature\": 0.0, \"avg_logprob\": -0.2620440721511841, \"compression_ratio\": 1.8167701959609985, \"no_speech_prob\": 0.02001684531569481}, {\"id\": 14, \"seek\": 2860, \"start\": 32.2599983215332, \"end\": 33.779998779296875, \"text\": \" to hook up like then and there.\", \"tokens\": [50547, 281, 6328, 493, 411, 550, 293, 456, 13, 50623], \"temperature\": 0.0, \"avg_logprob\": -0.2620440721511841, \"compression_ratio\": 1.8167701959609985, \"no_speech_prob\": 0.02001684531569481}, {\"id\": 15, \"seek\": 2860, \"start\": 33.779998779296875, \"end\": 36.5, \"text\": \" And instead, once I've kind of built that initial connection,\", \"tokens\": [50623, 400, 2602, 11, 1564, 286, 600, 733, 295, 3094, 300, 5883, 4984, 11, 50759], \"temperature\": 0.0, \"avg_logprob\": -0.2620440721511841, \"compression_ratio\": 1.8167701959609985, \"no_speech_prob\": 0.02001684531569481}, {\"id\": 16, \"seek\": 2860, \"start\": 36.5, \"end\": 39.41999816894531, \"text\": \" I'm going to set up weekly sort of parties\", \"tokens\": [50759, 286, 478, 516, 281, 992, 493, 12460, 1333, 295, 8265, 50905], \"temperature\": 0.0, \"avg_logprob\": -0.2620440721511841, \"compression_ratio\": 1.8167701959609985, \"no_speech_prob\": 0.02001684531569481}, {\"id\": 17, \"seek\": 2860, \"start\": 39.41999816894531, \"end\": 41.29999923706055, \"text\": \" with my wingman Steve here, and we're\", \"tokens\": [50905, 365, 452, 11162, 1601, 7466, 510, 11, 293, 321, 434, 50999], \"temperature\": 0.0, \"avg_logprob\": -0.2620440721511841, \"compression_ratio\": 1.8167701959609985, \"no_speech_prob\": 0.02001684531569481}, {\"id\": 18, \"seek\": 2860, \"start\": 41.29999923706055, \"end\": 43.7599983215332, \"text\": \" going to invite all the girls that we know to those parties.\", \"tokens\": [50999, 516, 281, 7980, 439, 264, 4519, 300, 321, 458, 281, 729, 8265, 13, 51122], \"temperature\": 0.0, \"avg_logprob\": -0.2620440721511841, \"compression_ratio\": 1.8167701959609985, \"no_speech_prob\": 0.02001684531569481}, {\"id\": 19, \"seek\": 2860, \"start\": 43.7599983215332, \"end\": 46.34000015258789, \"text\": \" They could be like, I mean, whatever you're interested in.\", \"tokens\": [51122, 814, 727, 312, 411, 11, 286, 914, 11, 2035, 291, 434, 3102, 294, 13, 51251], \"temperature\": 0.0, \"avg_logprob\": -0.2620440721511841, \"compression_ratio\": 1.8167701959609985, \"no_speech_prob\": 0.02001684531569481}, {\"id\": 20, \"seek\": 2860, \"start\": 46.34000015258789, \"end\": 47.79999923706055, \"text\": \" You could do like a wine tasting thing.\", \"tokens\": [51251, 509, 727, 360, 411, 257, 7209, 26223, 551, 13, 51324], \"temperature\": 0.0, \"avg_logprob\": -0.2620440721511841, \"compression_ratio\": 1.8167701959609985, \"no_speech_prob\": 0.02001684531569481}, {\"id\": 21, \"seek\": 2860, \"start\": 47.79999923706055, \"end\": 48.939998626708984, \"text\": \" You could do a game night.\", \"tokens\": [51324, 509, 727, 360, 257, 1216, 1818, 13, 51381], \"temperature\": 0.0, \"avg_logprob\": -0.2620440721511841, \"compression_ratio\": 1.8167701959609985, \"no_speech_prob\": 0.02001684531569481}, {\"id\": 22, \"seek\": 2860, \"start\": 48.939998626708984, \"end\": 51.97999954223633, \"text\": \" You could do like a sushi party.\", \"tokens\": [51381, 509, 727, 360, 411, 257, 23022, 3595, 13, 51533], \"temperature\": 0.0, \"avg_logprob\": -0.2620440721511841, \"compression_ratio\": 1.8167701959609985, \"no_speech_prob\": 0.02001684531569481}, {\"id\": 23, \"seek\": 2860, \"start\": 51.97999954223633, \"end\": 53.220001220703125, \"text\": \" You could just do drinks.\", \"tokens\": [51533, 509, 727, 445, 360, 12142, 13, 51595], \"temperature\": 0.0, \"avg_logprob\": -0.2620440721511841, \"compression_ratio\": 1.8167701959609985, \"no_speech_prob\": 0.02001684531569481}, {\"id\": 24, \"seek\": 2860, \"start\": 53.220001220703125, \"end\": 55.02000045776367, \"text\": \" The more creative you can get about hosting\", \"tokens\": [51595, 440, 544, 5880, 291, 393, 483, 466, 16058, 51685], \"temperature\": 0.0, \"avg_logprob\": -0.2620440721511841, \"compression_ratio\": 1.8167701959609985, \"no_speech_prob\": 0.02001684531569481}, {\"id\": 25, \"seek\": 2860, \"start\": 55.02000045776367, \"end\": 56.5, \"text\": \" these parties, the better.\", \"tokens\": [51685, 613, 8265, 11, 264, 1101, 13, 51759], \"temperature\": 0.0, \"avg_logprob\": -0.2620440721511841, \"compression_ratio\": 1.8167701959609985, \"no_speech_prob\": 0.02001684531569481}, {\"id\": 26, \"seek\": 5650, \"start\": 56.52000045776367, \"end\": 59.279998779296875, \"text\": \" And now, rather than me only meeting the girls\", \"tokens\": [50365, 400, 586, 11, 2831, 813, 385, 787, 3440, 264, 4519, 50503], \"temperature\": 0.0, \"avg_logprob\": -0.46520939469337463, \"compression_ratio\": 1.0410958528518677, \"no_speech_prob\": 0.9849169850349426}, {\"id\": 27, \"seek\": 5650, \"start\": 59.279998779296875, \"end\": 61.400001525878906, \"text\": \" that I meet through day game.\", \"tokens\": [50503, 300, 286, 1677, 807, 786, 1216, 13, 50609], \"temperature\": 0.0, \"avg_logprob\": -0.46520939469337463, \"compression_ratio\": 1.0410958528518677, \"no_speech_prob\": 0.9849169850349426}]}"}