{"title": "Airbnb was a super low barrier to entry $$ side hustle. City laws have changed so get in the know.", "video_id": "LsGKF-0Dzsw", "video_url": "https://www.youtube.com/watch?v=LsGKF-0Dzsw", "description": "", "published_at": "2023-06-24T21:15:26Z", "channel_id": "UC0O-ohYDF4P66HW9XJ4Us8w", "channel_title": "Robbie Kramer", "tags": [], "category_id": "24", "live_broadcast_content": "none", "duration": 34.0, "dimension": "2d", "definition": "hd", "caption": "false", "view_count": 2536, "like_count": 61, "comment_count": 0, "channel_info": {"title": "Robbie Kramer", "description": "I'm Robbie Kramer \ud83c\udf99Host of The Inner Confidence Podcast & Founder of Inner Confidence, Inc.\n\nI lived an exhilarating single life filled with adventures and lessons, and ultimately achieved what I had always aspired to \u2013 finding an amazing, feminine, and loving wife. \n\nI believe my experiences provide a rare balance of wild freedom and committed love, equipping me with the insights to help you navigate the complexities of dating and relationships in today's world. Let me guide you to embrace your desires, improve your social prowess, and ultimately attract the partner who aligns with your highest aspirations.\n\nYou won\u2019t find any fluffy, new-age, or cringy stuff here, just tested, proven and actionable advice that yields results.\n\nApply to join our exclusive Inner Confidence Community of ambitious men who are actively working together to achieve their goals faster   \u25ba https://innerconfidence.com/community\n\nYou can email me at robbie@innerconfidence.com with any questions or comments.\n", "subscriber_count": "1270", "total_views": "604693", "total_videos": "470"}, "comments": [], "file_path": "/Users/aelaguiz/workspace/fc_book/audio/raws/LsGKF-0Dzsw.mp3", "transcription": "{\"text\": \"Me and my buddies decided to list our place in New York City on Airbnb. And very quickly, we realized we were making our rent plus two or three X that in the first couple of months. Those are insane, like drug dealer type of returns. We didn't own the place, but we got permission from our landlord to continue doing that. And so essentially we became short term rental arbitrage first. So we'd lease places, convince the landlord to let us sublet them on different home sharing sites and then make the difference. We grew our little portfolio of properties very quickly that way. Ended up making a lot more money than any of us could ever expect. \", \"segments\": [{\"id\": 0, \"seek\": 0, \"start\": 0.0, \"end\": 3.200000047683716, \"text\": \" Me and my buddies decided to list our place in New York City on Airbnb.\", \"tokens\": [50364, 1923, 293, 452, 30649, 3047, 281, 1329, 527, 1081, 294, 1873, 3609, 4392, 322, 38232, 13, 50524], \"temperature\": 0.0, \"avg_logprob\": -0.28923967480659485, \"compression_ratio\": 1.6763005256652832, \"no_speech_prob\": 0.21674476563930511}, {\"id\": 1, \"seek\": 0, \"start\": 3.200000047683716, \"end\": 7.679999828338623, \"text\": \" And very quickly, we realized we were making our rent plus two or three X\", \"tokens\": [50524, 400, 588, 2661, 11, 321, 5334, 321, 645, 1455, 527, 6214, 1804, 732, 420, 1045, 1783, 50748], \"temperature\": 0.0, \"avg_logprob\": -0.28923967480659485, \"compression_ratio\": 1.6763005256652832, \"no_speech_prob\": 0.21674476563930511}, {\"id\": 2, \"seek\": 0, \"start\": 7.679999828338623, \"end\": 9.119999885559082, \"text\": \" that in the first couple of months.\", \"tokens\": [50748, 300, 294, 264, 700, 1916, 295, 2493, 13, 50820], \"temperature\": 0.0, \"avg_logprob\": -0.28923967480659485, \"compression_ratio\": 1.6763005256652832, \"no_speech_prob\": 0.21674476563930511}, {\"id\": 3, \"seek\": 0, \"start\": 9.119999885559082, \"end\": 12.359999656677246, \"text\": \" Those are insane, like drug dealer type of returns.\", \"tokens\": [50820, 3950, 366, 10838, 11, 411, 4110, 24896, 2010, 295, 11247, 13, 50982], \"temperature\": 0.0, \"avg_logprob\": -0.28923967480659485, \"compression_ratio\": 1.6763005256652832, \"no_speech_prob\": 0.21674476563930511}, {\"id\": 4, \"seek\": 0, \"start\": 12.399999618530273, \"end\": 15.039999961853027, \"text\": \" We didn't own the place, but we got permission from our landlord\", \"tokens\": [50984, 492, 994, 380, 1065, 264, 1081, 11, 457, 321, 658, 11226, 490, 527, 32654, 51116], \"temperature\": 0.0, \"avg_logprob\": -0.28923967480659485, \"compression_ratio\": 1.6763005256652832, \"no_speech_prob\": 0.21674476563930511}, {\"id\": 5, \"seek\": 0, \"start\": 15.039999961853027, \"end\": 16.239999771118164, \"text\": \" to continue doing that.\", \"tokens\": [51116, 281, 2354, 884, 300, 13, 51176], \"temperature\": 0.0, \"avg_logprob\": -0.28923967480659485, \"compression_ratio\": 1.6763005256652832, \"no_speech_prob\": 0.21674476563930511}, {\"id\": 6, \"seek\": 0, \"start\": 16.239999771118164, \"end\": 19.959999084472656, \"text\": \" And so essentially we became short term rental arbitrage first.\", \"tokens\": [51176, 400, 370, 4476, 321, 3062, 2099, 1433, 21468, 14931, 16223, 700, 13, 51362], \"temperature\": 0.0, \"avg_logprob\": -0.28923967480659485, \"compression_ratio\": 1.6763005256652832, \"no_speech_prob\": 0.21674476563930511}, {\"id\": 7, \"seek\": 0, \"start\": 20.639999389648438, \"end\": 23.8799991607666, \"text\": \" So we'd lease places, convince the landlord to let us sublet them\", \"tokens\": [51396, 407, 321, 1116, 24961, 3190, 11, 13447, 264, 32654, 281, 718, 505, 1422, 2631, 552, 51558], \"temperature\": 0.0, \"avg_logprob\": -0.28923967480659485, \"compression_ratio\": 1.6763005256652832, \"no_speech_prob\": 0.21674476563930511}, {\"id\": 8, \"seek\": 0, \"start\": 23.959999084472656, \"end\": 26.639999389648438, \"text\": \" on different home sharing sites and then make the difference.\", \"tokens\": [51562, 322, 819, 1280, 5414, 7533, 293, 550, 652, 264, 2649, 13, 51696], \"temperature\": 0.0, \"avg_logprob\": -0.28923967480659485, \"compression_ratio\": 1.6763005256652832, \"no_speech_prob\": 0.21674476563930511}, {\"id\": 9, \"seek\": 0, \"start\": 26.639999389648438, \"end\": 29.719999313354492, \"text\": \" We grew our little portfolio of properties very quickly that way.\", \"tokens\": [51696, 492, 6109, 527, 707, 12583, 295, 7221, 588, 2661, 300, 636, 13, 51850], \"temperature\": 0.0, \"avg_logprob\": -0.28923967480659485, \"compression_ratio\": 1.6763005256652832, \"no_speech_prob\": 0.21674476563930511}, {\"id\": 10, \"seek\": 2972, \"start\": 29.719999313354492, \"end\": 32.880001068115234, \"text\": \" Ended up making a lot more money than any of us could ever expect.\", \"tokens\": [50364, 6967, 292, 493, 1455, 257, 688, 544, 1460, 813, 604, 295, 505, 727, 1562, 2066, 13, 50522], \"temperature\": 0.0, \"avg_logprob\": -0.2782336473464966, \"compression_ratio\": 0.970588207244873, \"no_speech_prob\": 0.03730269894003868}]}"}