{"title": "Genevieve Bottle Service Babe On Using Tinder & Texting", "video_id": "lYICzGNm_sc", "video_url": "https://www.youtube.com/watch?v=lYICzGNm_sc", "description": "To listen to more episodes of the Inner Confidence Podcast, visit the links below:\nWebsite: https://innerconfidence.com/podcast/\niTunes:https://podcasts.apple.com/us/podcast/inner-confidence-podcast/id986699444 \nSpotify: https://open.spotify.com/show/2zkWuTnt7whvnR6CO6oNPV\nRSS: https://innerconfidence.com/series/leverage-podcast/feed/\n\nAnd if you're interested in learning more about my coaching services and connecting with me, check out these links:\nLinkTree: https://linktr.ee/Robbiekramer\nMain Site: https://innerconfidence.com/\nInstagram: https://www.instagram.com/robbie_kramer/\nTikTok: https://www.tiktok.com/@robbie.kramer\nYouTube: https://www.youtube.com/innerconfidence\n\nThank you for tuning in, and I look forward to helping you build your inner confidence and achieve success!\n\nJoin us : https://innerconfidence.com/leverage/\nBook a call with me : https://start.innerconfidence.com/video1\n\n\n#personaldevelopment #selfimprovement #innerconfidence #innerconfidencepodcast #podcast #coaching #success #motivation #inspiration #mindset #datingcoach #relationshipgoals #confidencecoach #selfimprovement #successfulmen", "published_at": "2013-09-09T18:32:12Z", "channel_id": "UC0O-ohYDF4P66HW9XJ4Us8w", "channel_title": "Robbie Kramer", "tags": [], "category_id": "24", "live_broadcast_content": "none", "duration": 124.0, "dimension": "2d", "definition": "sd", "caption": "false", "view_count": 1907, "like_count": 1, "comment_count": 3, "channel_info": {"title": "Robbie Kramer", "description": "I'm Robbie Kramer \ud83c\udf99Host of The Inner Confidence Podcast & Founder of Inner Confidence, Inc.\n\nI lived an exhilarating single life filled with adventures and lessons, and ultimately achieved what I had always aspired to \u2013 finding an amazing, feminine, and loving wife. \n\nI believe my experiences provide a rare balance of wild freedom and committed love, equipping me with the insights to help you navigate the complexities of dating and relationships in today's world. Let me guide you to embrace your desires, improve your social prowess, and ultimately attract the partner who aligns with your highest aspirations.\n\nYou won\u2019t find any fluffy, new-age, or cringy stuff here, just tested, proven and actionable advice that yields results.\n\nApply to join our exclusive Inner Confidence Community of ambitious men who are actively working together to achieve their goals faster   \u25ba https://innerconfidence.com/community\n\nYou can email me at robbie@innerconfidence.com with any questions or comments.\n", "subscriber_count": "1270", "total_views": "604693", "total_videos": "470"}, "comments": [], "file_path": "/Users/aelaguiz/workspace/fc_book/audio/raws/lYICzGNm_sc.mp3", "transcription": "{\"text\": \"My picture on tinder is me riding a carousel, and almost every single guy says something about the fact that I'm an excellent stunt pony rider, or I'm really good riding a horse, and it's so stupid. This guy asked where it was, and I said it was taken at Magic Mountain. He sent me a long message with lots of questions. So I'm going to message this guy back a curt answer, not answering all of his questions. But as far as dates go, that's all I have pending for tinder. I have other dates. Tell us about the others. So okay, the second guy I have to cancel on for tonight, we'll call him Jay. I think I told you about him yesterday. This is, no, no, no, no, I haven't told you about this guy. So Jay is a friend of my friend Abby's boyfriend Pete, and she's been trying to hook me up with him. And we were going to do the day date thing at a hike in Temescal, because they all live out in Santa Monica, but I flaked on this guy already twice, and so I feel kind of bad. I might invite him to Porvoo too. So I do this. So if they both show up, it usually doesn't happen this way, but there's a possibility that it can. So this is what I'll do. If I have to flake on a guy and I feel bad about it, I'll try to make it okay so he doesn't ask me. I'll say, I'll kind of try to flip it and be like, well, you can come meet up with us, and then he'll have to tell me no, so he was the last one that said no. So I'm not in the doghouse that way. \", \"segments\": [{\"id\": 0, \"seek\": 0, \"start\": 0.0, \"end\": 8.0600004196167, \"text\": \" My picture on tinder is me riding a carousel, and almost every single guy says something\", \"tokens\": [50364, 1222, 3036, 322, 256, 5669, 307, 385, 9546, 257, 1032, 563, 338, 11, 293, 1920, 633, 2167, 2146, 1619, 746, 50767], \"temperature\": 0.0, \"avg_logprob\": -0.2695459723472595, \"compression_ratio\": 1.5094339847564697, \"no_speech_prob\": 0.014271228574216366}, {\"id\": 1, \"seek\": 0, \"start\": 8.0600004196167, \"end\": 14.880000114440918, \"text\": \" about the fact that I'm an excellent stunt pony rider, or I'm really good riding a horse,\", \"tokens\": [50767, 466, 264, 1186, 300, 286, 478, 364, 7103, 33391, 27342, 25419, 11, 420, 286, 478, 534, 665, 9546, 257, 6832, 11, 51108], \"temperature\": 0.0, \"avg_logprob\": -0.2695459723472595, \"compression_ratio\": 1.5094339847564697, \"no_speech_prob\": 0.014271228574216366}, {\"id\": 2, \"seek\": 0, \"start\": 14.880000114440918, \"end\": 16.959999084472656, \"text\": \" and it's so stupid.\", \"tokens\": [51108, 293, 309, 311, 370, 6631, 13, 51212], \"temperature\": 0.0, \"avg_logprob\": -0.2695459723472595, \"compression_ratio\": 1.5094339847564697, \"no_speech_prob\": 0.014271228574216366}, {\"id\": 3, \"seek\": 0, \"start\": 16.959999084472656, \"end\": 22.360000610351562, \"text\": \" This guy asked where it was, and I said it was taken at Magic Mountain.\", \"tokens\": [51212, 639, 2146, 2351, 689, 309, 390, 11, 293, 286, 848, 309, 390, 2726, 412, 16154, 15586, 13, 51482], \"temperature\": 0.0, \"avg_logprob\": -0.2695459723472595, \"compression_ratio\": 1.5094339847564697, \"no_speech_prob\": 0.014271228574216366}, {\"id\": 4, \"seek\": 0, \"start\": 22.360000610351562, \"end\": 26.8799991607666, \"text\": \" He sent me a long message with lots of questions.\", \"tokens\": [51482, 634, 2279, 385, 257, 938, 3636, 365, 3195, 295, 1651, 13, 51708], \"temperature\": 0.0, \"avg_logprob\": -0.2695459723472595, \"compression_ratio\": 1.5094339847564697, \"no_speech_prob\": 0.014271228574216366}, {\"id\": 5, \"seek\": 2688, \"start\": 26.8799991607666, \"end\": 37.52000045776367, \"text\": \" So I'm going to message this guy back a curt answer, not answering all of his questions.\", \"tokens\": [50364, 407, 286, 478, 516, 281, 3636, 341, 2146, 646, 257, 28087, 1867, 11, 406, 13430, 439, 295, 702, 1651, 13, 50896], \"temperature\": 0.0, \"avg_logprob\": -0.29612863063812256, \"compression_ratio\": 1.5082873106002808, \"no_speech_prob\": 0.10086668282747269}, {\"id\": 6, \"seek\": 2688, \"start\": 37.52000045776367, \"end\": 43.79999923706055, \"text\": \" But as far as dates go, that's all I have pending for tinder.\", \"tokens\": [50896, 583, 382, 1400, 382, 11691, 352, 11, 300, 311, 439, 286, 362, 32110, 337, 256, 5669, 13, 51210], \"temperature\": 0.0, \"avg_logprob\": -0.29612863063812256, \"compression_ratio\": 1.5082873106002808, \"no_speech_prob\": 0.10086668282747269}, {\"id\": 7, \"seek\": 2688, \"start\": 43.79999923706055, \"end\": 44.79999923706055, \"text\": \" I have other dates.\", \"tokens\": [51210, 286, 362, 661, 11691, 13, 51260], \"temperature\": 0.0, \"avg_logprob\": -0.29612863063812256, \"compression_ratio\": 1.5082873106002808, \"no_speech_prob\": 0.10086668282747269}, {\"id\": 8, \"seek\": 2688, \"start\": 44.79999923706055, \"end\": 50.20000076293945, \"text\": \" Tell us about the others.\", \"tokens\": [51260, 5115, 505, 466, 264, 2357, 13, 51530], \"temperature\": 0.0, \"avg_logprob\": -0.29612863063812256, \"compression_ratio\": 1.5082873106002808, \"no_speech_prob\": 0.10086668282747269}, {\"id\": 9, \"seek\": 2688, \"start\": 50.20000076293945, \"end\": 56.63999938964844, \"text\": \" So okay, the second guy I have to cancel on for tonight, we'll call him Jay.\", \"tokens\": [51530, 407, 1392, 11, 264, 1150, 2146, 286, 362, 281, 10373, 322, 337, 4440, 11, 321, 603, 818, 796, 11146, 13, 51852], \"temperature\": 0.0, \"avg_logprob\": -0.29612863063812256, \"compression_ratio\": 1.5082873106002808, \"no_speech_prob\": 0.10086668282747269}, {\"id\": 10, \"seek\": 5664, \"start\": 56.63999938964844, \"end\": 58.15999984741211, \"text\": \" I think I told you about him yesterday.\", \"tokens\": [50364, 286, 519, 286, 1907, 291, 466, 796, 5186, 13, 50440], \"temperature\": 0.0, \"avg_logprob\": -0.2662445902824402, \"compression_ratio\": 1.5401068925857544, \"no_speech_prob\": 0.0009399059345014393}, {\"id\": 11, \"seek\": 5664, \"start\": 58.15999984741211, \"end\": 62.63999938964844, \"text\": \" This is, no, no, no, no, I haven't told you about this guy.\", \"tokens\": [50440, 639, 307, 11, 572, 11, 572, 11, 572, 11, 572, 11, 286, 2378, 380, 1907, 291, 466, 341, 2146, 13, 50664], \"temperature\": 0.0, \"avg_logprob\": -0.2662445902824402, \"compression_ratio\": 1.5401068925857544, \"no_speech_prob\": 0.0009399059345014393}, {\"id\": 12, \"seek\": 5664, \"start\": 62.63999938964844, \"end\": 72.83999633789062, \"text\": \" So Jay is a friend of my friend Abby's boyfriend Pete, and she's been trying to hook me up\", \"tokens\": [50664, 407, 11146, 307, 257, 1277, 295, 452, 1277, 27726, 311, 11457, 19013, 11, 293, 750, 311, 668, 1382, 281, 6328, 385, 493, 51174], \"temperature\": 0.0, \"avg_logprob\": -0.2662445902824402, \"compression_ratio\": 1.5401068925857544, \"no_speech_prob\": 0.0009399059345014393}, {\"id\": 13, \"seek\": 5664, \"start\": 72.83999633789062, \"end\": 75.55999755859375, \"text\": \" with him.\", \"tokens\": [51174, 365, 796, 13, 51310], \"temperature\": 0.0, \"avg_logprob\": -0.2662445902824402, \"compression_ratio\": 1.5401068925857544, \"no_speech_prob\": 0.0009399059345014393}, {\"id\": 14, \"seek\": 5664, \"start\": 75.55999755859375, \"end\": 82.5999984741211, \"text\": \" And we were going to do the day date thing at a hike in Temescal, because they all live\", \"tokens\": [51310, 400, 321, 645, 516, 281, 360, 264, 786, 4002, 551, 412, 257, 23282, 294, 8095, 279, 9895, 11, 570, 436, 439, 1621, 51662], \"temperature\": 0.0, \"avg_logprob\": -0.2662445902824402, \"compression_ratio\": 1.5401068925857544, \"no_speech_prob\": 0.0009399059345014393}, {\"id\": 15, \"seek\": 8260, \"start\": 82.5999984741211, \"end\": 88.72000122070312, \"text\": \" out in Santa Monica, but I flaked on this guy already twice, and so I feel kind of bad.\", \"tokens\": [50364, 484, 294, 9933, 25363, 11, 457, 286, 932, 7301, 322, 341, 2146, 1217, 6091, 11, 293, 370, 286, 841, 733, 295, 1578, 13, 50670], \"temperature\": 0.0, \"avg_logprob\": -0.21576304733753204, \"compression_ratio\": 1.600000023841858, \"no_speech_prob\": 0.8287752866744995}, {\"id\": 16, \"seek\": 8260, \"start\": 88.72000122070312, \"end\": 91.76000213623047, \"text\": \" I might invite him to Porvoo too.\", \"tokens\": [50670, 286, 1062, 7980, 796, 281, 5269, 85, 1986, 886, 13, 50822], \"temperature\": 0.0, \"avg_logprob\": -0.21576304733753204, \"compression_ratio\": 1.600000023841858, \"no_speech_prob\": 0.8287752866744995}, {\"id\": 17, \"seek\": 8260, \"start\": 91.76000213623047, \"end\": 92.76000213623047, \"text\": \" So I do this.\", \"tokens\": [50822, 407, 286, 360, 341, 13, 50872], \"temperature\": 0.0, \"avg_logprob\": -0.21576304733753204, \"compression_ratio\": 1.600000023841858, \"no_speech_prob\": 0.8287752866744995}, {\"id\": 18, \"seek\": 8260, \"start\": 92.76000213623047, \"end\": 98.68000030517578, \"text\": \" So if they both show up, it usually doesn't happen this way, but there's a possibility\", \"tokens\": [50872, 407, 498, 436, 1293, 855, 493, 11, 309, 2673, 1177, 380, 1051, 341, 636, 11, 457, 456, 311, 257, 7959, 51168], \"temperature\": 0.0, \"avg_logprob\": -0.21576304733753204, \"compression_ratio\": 1.600000023841858, \"no_speech_prob\": 0.8287752866744995}, {\"id\": 19, \"seek\": 8260, \"start\": 98.68000030517578, \"end\": 100.16000366210938, \"text\": \" that it can.\", \"tokens\": [51168, 300, 309, 393, 13, 51242], \"temperature\": 0.0, \"avg_logprob\": -0.21576304733753204, \"compression_ratio\": 1.600000023841858, \"no_speech_prob\": 0.8287752866744995}, {\"id\": 20, \"seek\": 8260, \"start\": 100.16000366210938, \"end\": 101.95999908447266, \"text\": \" So this is what I'll do.\", \"tokens\": [51242, 407, 341, 307, 437, 286, 603, 360, 13, 51332], \"temperature\": 0.0, \"avg_logprob\": -0.21576304733753204, \"compression_ratio\": 1.600000023841858, \"no_speech_prob\": 0.8287752866744995}, {\"id\": 21, \"seek\": 8260, \"start\": 101.95999908447266, \"end\": 107.87999725341797, \"text\": \" If I have to flake on a guy and I feel bad about it, I'll try to make it okay so he doesn't\", \"tokens\": [51332, 759, 286, 362, 281, 932, 619, 322, 257, 2146, 293, 286, 841, 1578, 466, 309, 11, 286, 603, 853, 281, 652, 309, 1392, 370, 415, 1177, 380, 51628], \"temperature\": 0.0, \"avg_logprob\": -0.21576304733753204, \"compression_ratio\": 1.600000023841858, \"no_speech_prob\": 0.8287752866744995}, {\"id\": 22, \"seek\": 8260, \"start\": 107.87999725341797, \"end\": 108.87999725341797, \"text\": \" ask me.\", \"tokens\": [51628, 1029, 385, 13, 51678], \"temperature\": 0.0, \"avg_logprob\": -0.21576304733753204, \"compression_ratio\": 1.600000023841858, \"no_speech_prob\": 0.8287752866744995}, {\"id\": 23, \"seek\": 10888, \"start\": 109.0, \"end\": 114.63999938964844, \"text\": \" I'll say, I'll kind of try to flip it and be like, well, you can come meet up with us,\", \"tokens\": [50370, 286, 603, 584, 11, 286, 603, 733, 295, 853, 281, 7929, 309, 293, 312, 411, 11, 731, 11, 291, 393, 808, 1677, 493, 365, 505, 11, 50652], \"temperature\": 0.0, \"avg_logprob\": -0.2644408941268921, \"compression_ratio\": 1.3928571939468384, \"no_speech_prob\": 0.2421412169933319}, {\"id\": 24, \"seek\": 10888, \"start\": 114.63999938964844, \"end\": 118.68000030517578, \"text\": \" and then he'll have to tell me no, so he was the last one that said no.\", \"tokens\": [50652, 293, 550, 415, 603, 362, 281, 980, 385, 572, 11, 370, 415, 390, 264, 1036, 472, 300, 848, 572, 13, 50854], \"temperature\": 0.0, \"avg_logprob\": -0.2644408941268921, \"compression_ratio\": 1.3928571939468384, \"no_speech_prob\": 0.2421412169933319}, {\"id\": 25, \"seek\": 10888, \"start\": 118.68000030517578, \"end\": 120.12000274658203, \"text\": \" So I'm not in the doghouse that way.\", \"tokens\": [50854, 407, 286, 478, 406, 294, 264, 3000, 6410, 300, 636, 13, 50926], \"temperature\": 0.0, \"avg_logprob\": -0.2644408941268921, \"compression_ratio\": 1.3928571939468384, \"no_speech_prob\": 0.2421412169933319}]}"}