{"title": "The 5 areas men must be competent in to attract women\u2026", "video_id": "m9hDMJlT6O0", "video_url": "https://www.youtube.com/watch?v=m9hDMJlT6O0", "description": "", "published_at": "2023-05-22T16:21:05Z", "channel_id": "UC0O-ohYDF4P66HW9XJ4Us8w", "channel_title": "Robbie Kramer", "tags": [], "category_id": "24", "live_broadcast_content": "none", "duration": 46.0, "dimension": "2d", "definition": "hd", "caption": "false", "view_count": 32, "like_count": 0, "comment_count": 0, "channel_info": {"title": "Robbie Kramer", "description": "I'm Robbie Kramer \ud83c\udf99Host of The Inner Confidence Podcast & Founder of Inner Confidence, Inc.\n\nI lived an exhilarating single life filled with adventures and lessons, and ultimately achieved what I had always aspired to \u2013 finding an amazing, feminine, and loving wife. \n\nI believe my experiences provide a rare balance of wild freedom and committed love, equipping me with the insights to help you navigate the complexities of dating and relationships in today's world. Let me guide you to embrace your desires, improve your social prowess, and ultimately attract the partner who aligns with your highest aspirations.\n\nYou won\u2019t find any fluffy, new-age, or cringy stuff here, just tested, proven and actionable advice that yields results.\n\nApply to join our exclusive Inner Confidence Community of ambitious men who are actively working together to achieve their goals faster   \u25ba https://innerconfidence.com/community\n\nYou can email me at robbie@innerconfidence.com with any questions or comments.\n", "subscriber_count": "1270", "total_views": "604693", "total_videos": "470"}, "comments": [], "file_path": "/Users/aelaguiz/workspace/fc_book/audio/raws/m9hDMJlT6O0.mp3", "transcription": "{\"text\": \"I have like those five elements of what guys, let's say, are doing to get girls. You know, they're like, they're getting fit, you know, going to the gym, building a strong body, they work on their style, their fashion, their looks. I guess tattoos is part of that and stuff like this. They try to make money. Of course, it's a big one. You know, if I have the car, then this, if I have the boat, then chicks will come. They work on their network slash lifestyle, which we did heavily as well. Right. In the, in the later phase. And then the fourth one out of fifth one is of course, your game, your charm, your communication skills. Like, and that's, that's obviously. \", \"segments\": [{\"id\": 0, \"seek\": 0, \"start\": 0.0, \"end\": 7.119999885559082, \"text\": \" I have like those five elements of what guys, let's say, are doing to get girls.\", \"tokens\": [50364, 286, 362, 411, 729, 1732, 4959, 295, 437, 1074, 11, 718, 311, 584, 11, 366, 884, 281, 483, 4519, 13, 50720], \"temperature\": 0.0, \"avg_logprob\": -0.28462088108062744, \"compression_ratio\": 1.7272727489471436, \"no_speech_prob\": 0.000676557538099587}, {\"id\": 1, \"seek\": 0, \"start\": 7.800000190734863, \"end\": 11.359999656677246, \"text\": \" You know, they're like, they're getting fit, you know, going to the gym,\", \"tokens\": [50754, 509, 458, 11, 436, 434, 411, 11, 436, 434, 1242, 3318, 11, 291, 458, 11, 516, 281, 264, 9222, 11, 50932], \"temperature\": 0.0, \"avg_logprob\": -0.28462088108062744, \"compression_ratio\": 1.7272727489471436, \"no_speech_prob\": 0.000676557538099587}, {\"id\": 2, \"seek\": 0, \"start\": 11.359999656677246, \"end\": 15.5600004196167, \"text\": \" building a strong body, they work on their style, their fashion, their looks.\", \"tokens\": [50932, 2390, 257, 2068, 1772, 11, 436, 589, 322, 641, 3758, 11, 641, 6700, 11, 641, 1542, 13, 51142], \"temperature\": 0.0, \"avg_logprob\": -0.28462088108062744, \"compression_ratio\": 1.7272727489471436, \"no_speech_prob\": 0.000676557538099587}, {\"id\": 3, \"seek\": 0, \"start\": 15.960000038146973, \"end\": 18.799999237060547, \"text\": \" I guess tattoos is part of that and stuff like this.\", \"tokens\": [51162, 286, 2041, 28662, 307, 644, 295, 300, 293, 1507, 411, 341, 13, 51304], \"temperature\": 0.0, \"avg_logprob\": -0.28462088108062744, \"compression_ratio\": 1.7272727489471436, \"no_speech_prob\": 0.000676557538099587}, {\"id\": 4, \"seek\": 0, \"start\": 19.239999771118164, \"end\": 20.1200008392334, \"text\": \" They try to make money.\", \"tokens\": [51326, 814, 853, 281, 652, 1460, 13, 51370], \"temperature\": 0.0, \"avg_logprob\": -0.28462088108062744, \"compression_ratio\": 1.7272727489471436, \"no_speech_prob\": 0.000676557538099587}, {\"id\": 5, \"seek\": 0, \"start\": 20.1200008392334, \"end\": 21.68000030517578, \"text\": \" Of course, it's a big one.\", \"tokens\": [51370, 2720, 1164, 11, 309, 311, 257, 955, 472, 13, 51448], \"temperature\": 0.0, \"avg_logprob\": -0.28462088108062744, \"compression_ratio\": 1.7272727489471436, \"no_speech_prob\": 0.000676557538099587}, {\"id\": 6, \"seek\": 0, \"start\": 21.920000076293945, \"end\": 28.079999923706055, \"text\": \" You know, if I have the car, then this, if I have the boat, then chicks will come.\", \"tokens\": [51460, 509, 458, 11, 498, 286, 362, 264, 1032, 11, 550, 341, 11, 498, 286, 362, 264, 6582, 11, 550, 42214, 486, 808, 13, 51768], \"temperature\": 0.0, \"avg_logprob\": -0.28462088108062744, \"compression_ratio\": 1.7272727489471436, \"no_speech_prob\": 0.000676557538099587}, {\"id\": 7, \"seek\": 2808, \"start\": 28.600000381469727, \"end\": 35.20000076293945, \"text\": \" They work on their network slash lifestyle, which we did heavily as well.\", \"tokens\": [50390, 814, 589, 322, 641, 3209, 17330, 11716, 11, 597, 321, 630, 10950, 382, 731, 13, 50720], \"temperature\": 0.0, \"avg_logprob\": -0.29637783765792847, \"compression_ratio\": 1.4733728170394897, \"no_speech_prob\": 0.010644538328051567}, {\"id\": 8, \"seek\": 2808, \"start\": 35.31999969482422, \"end\": 35.560001373291016, \"text\": \" Right.\", \"tokens\": [50726, 1779, 13, 50738], \"temperature\": 0.0, \"avg_logprob\": -0.29637783765792847, \"compression_ratio\": 1.4733728170394897, \"no_speech_prob\": 0.010644538328051567}, {\"id\": 9, \"seek\": 2808, \"start\": 35.560001373291016, \"end\": 36.84000015258789, \"text\": \" In the, in the later phase.\", \"tokens\": [50738, 682, 264, 11, 294, 264, 1780, 5574, 13, 50802], \"temperature\": 0.0, \"avg_logprob\": -0.29637783765792847, \"compression_ratio\": 1.4733728170394897, \"no_speech_prob\": 0.010644538328051567}, {\"id\": 10, \"seek\": 2808, \"start\": 37.279998779296875, \"end\": 41.15999984741211, \"text\": \" And then the fourth one out of fifth one is of course, your game, your\", \"tokens\": [50824, 400, 550, 264, 6409, 472, 484, 295, 9266, 472, 307, 295, 1164, 11, 428, 1216, 11, 428, 51018], \"temperature\": 0.0, \"avg_logprob\": -0.29637783765792847, \"compression_ratio\": 1.4733728170394897, \"no_speech_prob\": 0.010644538328051567}, {\"id\": 11, \"seek\": 2808, \"start\": 41.15999984741211, \"end\": 43.040000915527344, \"text\": \" charm, your communication skills.\", \"tokens\": [51018, 18904, 11, 428, 6101, 3942, 13, 51112], \"temperature\": 0.0, \"avg_logprob\": -0.29637783765792847, \"compression_ratio\": 1.4733728170394897, \"no_speech_prob\": 0.010644538328051567}, {\"id\": 12, \"seek\": 2808, \"start\": 43.040000915527344, \"end\": 45.040000915527344, \"text\": \" Like, and that's, that's obviously.\", \"tokens\": [51112, 1743, 11, 293, 300, 311, 11, 300, 311, 2745, 13, 51212], \"temperature\": 0.0, \"avg_logprob\": -0.29637783765792847, \"compression_ratio\": 1.4733728170394897, \"no_speech_prob\": 0.010644538328051567}]}"}