{"title": "Daygame Crosswalk Opener To Get Her Number", "video_id": "MN_d6qPIkb8", "video_url": "https://www.youtube.com/watch?v=MN_d6qPIkb8", "description": "To listen to more episodes of the Inner Confidence Podcast, visit the links below:\nWebsite: https://innerconfidence.com/podcast/\niTunes:https://podcasts.apple.com/us/podcast/inner-confidence-podcast/id986699444 \nSpotify: https://open.spotify.com/show/2zkWuTnt7whvnR6CO6oNPV\nRSS: https://innerconfidence.com/series/leverage-podcast/feed/\n\nAnd if you're interested in learning more about my coaching services and connecting with me, check out these links:\nLinkTree: https://linktr.ee/Robbiekramer\nMain Site: https://innerconfidence.com/\nInstagram: https://www.instagram.com/robbie_kramer/\nTikTok: https://www.tiktok.com/@robbie.kramer\nYouTube: https://www.youtube.com/innerconfidence\n\nThank you for tuning in, and I look forward to helping you build your inner confidence and achieve success!\n\nJoin us : https://innerconfidence.com/leverage/\nBook a call with me : https://start.innerconfidence.com/video1\n\n\n#personaldevelopment #selfimprovement #innerconfidence #innerconfidencepodcast #podcast #coaching #success #motivation #inspiration #mindset #datingcoach #relationshipgoals #confidencecoach #selfimprovement #successfulmen", "published_at": "2014-03-28T19:13:42Z", "channel_id": "UC0O-ohYDF4P66HW9XJ4Us8w", "channel_title": "Robbie Kramer", "tags": [], "category_id": "24", "live_broadcast_content": "none", "duration": 165.0, "dimension": "2d", "definition": "sd", "caption": "false", "view_count": 358, "like_count": 5, "comment_count": 0, "channel_info": {"title": "Robbie Kramer", "description": "I'm Robbie Kramer \ud83c\udf99Host of The Inner Confidence Podcast & Founder of Inner Confidence, Inc.\n\nI lived an exhilarating single life filled with adventures and lessons, and ultimately achieved what I had always aspired to \u2013 finding an amazing, feminine, and loving wife. \n\nI believe my experiences provide a rare balance of wild freedom and committed love, equipping me with the insights to help you navigate the complexities of dating and relationships in today's world. Let me guide you to embrace your desires, improve your social prowess, and ultimately attract the partner who aligns with your highest aspirations.\n\nYou won\u2019t find any fluffy, new-age, or cringy stuff here, just tested, proven and actionable advice that yields results.\n\nApply to join our exclusive Inner Confidence Community of ambitious men who are actively working together to achieve their goals faster   \u25ba https://innerconfidence.com/community\n\nYou can email me at robbie@innerconfidence.com with any questions or comments.\n", "subscriber_count": "1270", "total_views": "604693", "total_videos": "470"}, "comments": [], "file_path": "/Users/aelaguiz/workspace/fc_book/audio/raws/MN_d6qPIkb8.mp3", "transcription": "{\"text\": \"So, let's talk about the crosswalk girls from last night. Like last night was retarded. We hit on maybe like six girls, but there's a lot of content from just that, right? Even though, I think we talked to six groups of girls, four of them essentially told us to kick rocks. One actually told us to kick rocks, literally. She said kick rocks. Those are the girls from Boston. So the crossing walk girls, this is more of a day game situation. We were crossing the street and there were three girls. So we were, this is the intersection, right? They were over there and we were going this way. But I saw them, there were two hot ones and a fat one. So I told Amish, let's intentionally walk over this way and then we came over here and we're like, hello, we're your friendly neighborhood crossing guards. We will escort you across the street. Come on. I made this motion. Right? And any girl, if you go, come on, she's going to, she's going to go like that. But instead of doing that, she went up to me and she goes, you're the crossing guard? And she starts touching me like that. And it was just game on, like right then and there. And then she showed me her huge ring. She said something, they were like petting my shirt and that jacket, that soft one, the hoodie. Yeah. They're like, oh, where is this from? I'm like going like this. Girls are so obvious if they're into it, you know, a little. Girls don't have game. They don't need to have game, so. They really don't. They have no game. Sometimes you'll find like uglier chicks with game and it's kind of unsettling in a weird way. You're like. I'm building a game. We're trying to. What about not? Yeah. It's weird. It kind of works. Yeah. It actually kind of works. It's this charismatic, ugly chick. I mean, basically all they have to say is, I'm into casual sex. That's all the game they need. Right. Like, she'll jump up three points. It's a trump card. Yeah. Those girls in the basement, one of them said like, I think it was you or I said something about flirting with them. And she goes, I don't do the flirting thing. I'm not into dating. I just. No one has time for that. I just want to fuck. I was like. You realize when you tell a guy that you jump like four points on the rating from one to ten scale, right? And she's like, never thought of that. \", \"segments\": [{\"id\": 0, \"seek\": 0, \"start\": 0.0, \"end\": 6.559999942779541, \"text\": \" So, let's talk about the crosswalk girls from last night.\", \"tokens\": [50364, 407, 11, 718, 311, 751, 466, 264, 3278, 12490, 4519, 490, 1036, 1818, 13, 50692], \"temperature\": 0.0, \"avg_logprob\": -0.3868485689163208, \"compression_ratio\": 1.6363636255264282, \"no_speech_prob\": 0.3703625798225403}, {\"id\": 1, \"seek\": 0, \"start\": 6.559999942779541, \"end\": 7.559999942779541, \"text\": \" Like last night was retarded.\", \"tokens\": [50692, 1743, 1036, 1818, 390, 1533, 22803, 13, 50742], \"temperature\": 0.0, \"avg_logprob\": -0.3868485689163208, \"compression_ratio\": 1.6363636255264282, \"no_speech_prob\": 0.3703625798225403}, {\"id\": 2, \"seek\": 0, \"start\": 7.559999942779541, \"end\": 13.84000015258789, \"text\": \" We hit on maybe like six girls, but there's a lot of content from just that, right?\", \"tokens\": [50742, 492, 2045, 322, 1310, 411, 2309, 4519, 11, 457, 456, 311, 257, 688, 295, 2701, 490, 445, 300, 11, 558, 30, 51056], \"temperature\": 0.0, \"avg_logprob\": -0.3868485689163208, \"compression_ratio\": 1.6363636255264282, \"no_speech_prob\": 0.3703625798225403}, {\"id\": 3, \"seek\": 0, \"start\": 13.84000015258789, \"end\": 19.559999465942383, \"text\": \" Even though, I think we talked to six groups of girls, four of them essentially told us\", \"tokens\": [51056, 2754, 1673, 11, 286, 519, 321, 2825, 281, 2309, 3935, 295, 4519, 11, 1451, 295, 552, 4476, 1907, 505, 51342], \"temperature\": 0.0, \"avg_logprob\": -0.3868485689163208, \"compression_ratio\": 1.6363636255264282, \"no_speech_prob\": 0.3703625798225403}, {\"id\": 4, \"seek\": 0, \"start\": 19.559999465942383, \"end\": 21.239999771118164, \"text\": \" to kick rocks.\", \"tokens\": [51342, 281, 4437, 10989, 13, 51426], \"temperature\": 0.0, \"avg_logprob\": -0.3868485689163208, \"compression_ratio\": 1.6363636255264282, \"no_speech_prob\": 0.3703625798225403}, {\"id\": 5, \"seek\": 0, \"start\": 21.239999771118164, \"end\": 23.959999084472656, \"text\": \" One actually told us to kick rocks, literally.\", \"tokens\": [51426, 1485, 767, 1907, 505, 281, 4437, 10989, 11, 3736, 13, 51562], \"temperature\": 0.0, \"avg_logprob\": -0.3868485689163208, \"compression_ratio\": 1.6363636255264282, \"no_speech_prob\": 0.3703625798225403}, {\"id\": 6, \"seek\": 0, \"start\": 23.959999084472656, \"end\": 24.959999084472656, \"text\": \" She said kick rocks.\", \"tokens\": [51562, 1240, 848, 4437, 10989, 13, 51612], \"temperature\": 0.0, \"avg_logprob\": -0.3868485689163208, \"compression_ratio\": 1.6363636255264282, \"no_speech_prob\": 0.3703625798225403}, {\"id\": 7, \"seek\": 2496, \"start\": 24.959999084472656, \"end\": 31.399999618530273, \"text\": \" Those are the girls from Boston.\", \"tokens\": [50364, 3950, 366, 264, 4519, 490, 12333, 13, 50686], \"temperature\": 0.0, \"avg_logprob\": -0.3376865088939667, \"compression_ratio\": 1.7972350120544434, \"no_speech_prob\": 0.2749607563018799}, {\"id\": 8, \"seek\": 2496, \"start\": 31.399999618530273, \"end\": 33.79999923706055, \"text\": \" So the crossing walk girls, this is more of a day game situation.\", \"tokens\": [50686, 407, 264, 14712, 1792, 4519, 11, 341, 307, 544, 295, 257, 786, 1216, 2590, 13, 50806], \"temperature\": 0.0, \"avg_logprob\": -0.3376865088939667, \"compression_ratio\": 1.7972350120544434, \"no_speech_prob\": 0.2749607563018799}, {\"id\": 9, \"seek\": 2496, \"start\": 33.79999923706055, \"end\": 37.220001220703125, \"text\": \" We were crossing the street and there were three girls.\", \"tokens\": [50806, 492, 645, 14712, 264, 4838, 293, 456, 645, 1045, 4519, 13, 50977], \"temperature\": 0.0, \"avg_logprob\": -0.3376865088939667, \"compression_ratio\": 1.7972350120544434, \"no_speech_prob\": 0.2749607563018799}, {\"id\": 10, \"seek\": 2496, \"start\": 37.220001220703125, \"end\": 40.52000045776367, \"text\": \" So we were, this is the intersection, right?\", \"tokens\": [50977, 407, 321, 645, 11, 341, 307, 264, 15236, 11, 558, 30, 51142], \"temperature\": 0.0, \"avg_logprob\": -0.3376865088939667, \"compression_ratio\": 1.7972350120544434, \"no_speech_prob\": 0.2749607563018799}, {\"id\": 11, \"seek\": 2496, \"start\": 40.52000045776367, \"end\": 45.2400016784668, \"text\": \" They were over there and we were going this way.\", \"tokens\": [51142, 814, 645, 670, 456, 293, 321, 645, 516, 341, 636, 13, 51378], \"temperature\": 0.0, \"avg_logprob\": -0.3376865088939667, \"compression_ratio\": 1.7972350120544434, \"no_speech_prob\": 0.2749607563018799}, {\"id\": 12, \"seek\": 2496, \"start\": 45.2400016784668, \"end\": 48.0, \"text\": \" But I saw them, there were two hot ones and a fat one.\", \"tokens\": [51378, 583, 286, 1866, 552, 11, 456, 645, 732, 2368, 2306, 293, 257, 4046, 472, 13, 51516], \"temperature\": 0.0, \"avg_logprob\": -0.3376865088939667, \"compression_ratio\": 1.7972350120544434, \"no_speech_prob\": 0.2749607563018799}, {\"id\": 13, \"seek\": 2496, \"start\": 48.0, \"end\": 54.560001373291016, \"text\": \" So I told Amish, let's intentionally walk over this way and then we came over here and\", \"tokens\": [51516, 407, 286, 1907, 2012, 742, 11, 718, 311, 22062, 1792, 670, 341, 636, 293, 550, 321, 1361, 670, 510, 293, 51844], \"temperature\": 0.0, \"avg_logprob\": -0.3376865088939667, \"compression_ratio\": 1.7972350120544434, \"no_speech_prob\": 0.2749607563018799}, {\"id\": 14, \"seek\": 5456, \"start\": 54.560001373291016, \"end\": 57.68000030517578, \"text\": \" we're like, hello, we're your friendly neighborhood crossing guards.\", \"tokens\": [50364, 321, 434, 411, 11, 7751, 11, 321, 434, 428, 9208, 7630, 14712, 17652, 13, 50520], \"temperature\": 0.0, \"avg_logprob\": -0.37246963381767273, \"compression_ratio\": 1.7755101919174194, \"no_speech_prob\": 0.19673816859722137}, {\"id\": 15, \"seek\": 5456, \"start\": 57.68000030517578, \"end\": 59.439998626708984, \"text\": \" We will escort you across the street.\", \"tokens\": [50520, 492, 486, 37353, 291, 2108, 264, 4838, 13, 50608], \"temperature\": 0.0, \"avg_logprob\": -0.37246963381767273, \"compression_ratio\": 1.7755101919174194, \"no_speech_prob\": 0.19673816859722137}, {\"id\": 16, \"seek\": 5456, \"start\": 59.439998626708984, \"end\": 60.439998626708984, \"text\": \" Come on.\", \"tokens\": [50608, 2492, 322, 13, 50658], \"temperature\": 0.0, \"avg_logprob\": -0.37246963381767273, \"compression_ratio\": 1.7755101919174194, \"no_speech_prob\": 0.19673816859722137}, {\"id\": 17, \"seek\": 5456, \"start\": 60.439998626708984, \"end\": 61.439998626708984, \"text\": \" I made this motion.\", \"tokens\": [50658, 286, 1027, 341, 5394, 13, 50708], \"temperature\": 0.0, \"avg_logprob\": -0.37246963381767273, \"compression_ratio\": 1.7755101919174194, \"no_speech_prob\": 0.19673816859722137}, {\"id\": 18, \"seek\": 5456, \"start\": 61.439998626708984, \"end\": 62.439998626708984, \"text\": \" Right?\", \"tokens\": [50708, 1779, 30, 50758], \"temperature\": 0.0, \"avg_logprob\": -0.37246963381767273, \"compression_ratio\": 1.7755101919174194, \"no_speech_prob\": 0.19673816859722137}, {\"id\": 19, \"seek\": 5456, \"start\": 62.439998626708984, \"end\": 66.4800033569336, \"text\": \" And any girl, if you go, come on, she's going to, she's going to go like that.\", \"tokens\": [50758, 400, 604, 2013, 11, 498, 291, 352, 11, 808, 322, 11, 750, 311, 516, 281, 11, 750, 311, 516, 281, 352, 411, 300, 13, 50960], \"temperature\": 0.0, \"avg_logprob\": -0.37246963381767273, \"compression_ratio\": 1.7755101919174194, \"no_speech_prob\": 0.19673816859722137}, {\"id\": 20, \"seek\": 5456, \"start\": 66.4800033569336, \"end\": 70.44000244140625, \"text\": \" But instead of doing that, she went up to me and she goes, you're the crossing guard?\", \"tokens\": [50960, 583, 2602, 295, 884, 300, 11, 750, 1437, 493, 281, 385, 293, 750, 1709, 11, 291, 434, 264, 14712, 6290, 30, 51158], \"temperature\": 0.0, \"avg_logprob\": -0.37246963381767273, \"compression_ratio\": 1.7755101919174194, \"no_speech_prob\": 0.19673816859722137}, {\"id\": 21, \"seek\": 5456, \"start\": 70.44000244140625, \"end\": 74.83999633789062, \"text\": \" And she starts touching me like that.\", \"tokens\": [51158, 400, 750, 3719, 11175, 385, 411, 300, 13, 51378], \"temperature\": 0.0, \"avg_logprob\": -0.37246963381767273, \"compression_ratio\": 1.7755101919174194, \"no_speech_prob\": 0.19673816859722137}, {\"id\": 22, \"seek\": 5456, \"start\": 74.83999633789062, \"end\": 77.76000213623047, \"text\": \" And it was just game on, like right then and there.\", \"tokens\": [51378, 400, 309, 390, 445, 1216, 322, 11, 411, 558, 550, 293, 456, 13, 51524], \"temperature\": 0.0, \"avg_logprob\": -0.37246963381767273, \"compression_ratio\": 1.7755101919174194, \"no_speech_prob\": 0.19673816859722137}, {\"id\": 23, \"seek\": 5456, \"start\": 77.76000213623047, \"end\": 80.76000213623047, \"text\": \" And then she showed me her huge ring.\", \"tokens\": [51524, 400, 550, 750, 4712, 385, 720, 2603, 4875, 13, 51674], \"temperature\": 0.0, \"avg_logprob\": -0.37246963381767273, \"compression_ratio\": 1.7755101919174194, \"no_speech_prob\": 0.19673816859722137}, {\"id\": 24, \"seek\": 8076, \"start\": 80.95999908447266, \"end\": 89.95999908447266, \"text\": \" She said something, they were like petting my shirt and that jacket, that soft one, the\", \"tokens\": [50374, 1240, 848, 746, 11, 436, 645, 411, 3817, 783, 452, 8336, 293, 300, 11781, 11, 300, 2787, 472, 11, 264, 50824], \"temperature\": 0.0, \"avg_logprob\": -0.4049944579601288, \"compression_ratio\": 1.684426188468933, \"no_speech_prob\": 0.2627870738506317}, {\"id\": 25, \"seek\": 8076, \"start\": 89.95999908447266, \"end\": 90.95999908447266, \"text\": \" hoodie.\", \"tokens\": [50824, 41191, 13, 50874], \"temperature\": 0.0, \"avg_logprob\": -0.4049944579601288, \"compression_ratio\": 1.684426188468933, \"no_speech_prob\": 0.2627870738506317}, {\"id\": 26, \"seek\": 8076, \"start\": 90.95999908447266, \"end\": 91.95999908447266, \"text\": \" Yeah.\", \"tokens\": [50874, 865, 13, 50924], \"temperature\": 0.0, \"avg_logprob\": -0.4049944579601288, \"compression_ratio\": 1.684426188468933, \"no_speech_prob\": 0.2627870738506317}, {\"id\": 27, \"seek\": 8076, \"start\": 91.95999908447266, \"end\": 92.95999908447266, \"text\": \" They're like, oh, where is this from?\", \"tokens\": [50924, 814, 434, 411, 11, 1954, 11, 689, 307, 341, 490, 30, 50974], \"temperature\": 0.0, \"avg_logprob\": -0.4049944579601288, \"compression_ratio\": 1.684426188468933, \"no_speech_prob\": 0.2627870738506317}, {\"id\": 28, \"seek\": 8076, \"start\": 92.95999908447266, \"end\": 93.95999908447266, \"text\": \" I'm like going like this.\", \"tokens\": [50974, 286, 478, 411, 516, 411, 341, 13, 51024], \"temperature\": 0.0, \"avg_logprob\": -0.4049944579601288, \"compression_ratio\": 1.684426188468933, \"no_speech_prob\": 0.2627870738506317}, {\"id\": 29, \"seek\": 8076, \"start\": 93.95999908447266, \"end\": 98.19999694824219, \"text\": \" Girls are so obvious if they're into it, you know, a little.\", \"tokens\": [51024, 16245, 366, 370, 6322, 498, 436, 434, 666, 309, 11, 291, 458, 11, 257, 707, 13, 51236], \"temperature\": 0.0, \"avg_logprob\": -0.4049944579601288, \"compression_ratio\": 1.684426188468933, \"no_speech_prob\": 0.2627870738506317}, {\"id\": 30, \"seek\": 8076, \"start\": 98.19999694824219, \"end\": 99.19999694824219, \"text\": \" Girls don't have game.\", \"tokens\": [51236, 16245, 500, 380, 362, 1216, 13, 51286], \"temperature\": 0.0, \"avg_logprob\": -0.4049944579601288, \"compression_ratio\": 1.684426188468933, \"no_speech_prob\": 0.2627870738506317}, {\"id\": 31, \"seek\": 8076, \"start\": 99.19999694824219, \"end\": 101.19999694824219, \"text\": \" They don't need to have game, so.\", \"tokens\": [51286, 814, 500, 380, 643, 281, 362, 1216, 11, 370, 13, 51386], \"temperature\": 0.0, \"avg_logprob\": -0.4049944579601288, \"compression_ratio\": 1.684426188468933, \"no_speech_prob\": 0.2627870738506317}, {\"id\": 32, \"seek\": 8076, \"start\": 101.19999694824219, \"end\": 102.19999694824219, \"text\": \" They really don't.\", \"tokens\": [51386, 814, 534, 500, 380, 13, 51436], \"temperature\": 0.0, \"avg_logprob\": -0.4049944579601288, \"compression_ratio\": 1.684426188468933, \"no_speech_prob\": 0.2627870738506317}, {\"id\": 33, \"seek\": 8076, \"start\": 102.19999694824219, \"end\": 103.19999694824219, \"text\": \" They have no game.\", \"tokens\": [51436, 814, 362, 572, 1216, 13, 51486], \"temperature\": 0.0, \"avg_logprob\": -0.4049944579601288, \"compression_ratio\": 1.684426188468933, \"no_speech_prob\": 0.2627870738506317}, {\"id\": 34, \"seek\": 8076, \"start\": 103.19999694824219, \"end\": 109.19999694824219, \"text\": \" Sometimes you'll find like uglier chicks with game and it's kind of unsettling in a weird\", \"tokens\": [51486, 4803, 291, 603, 915, 411, 10743, 2753, 42214, 365, 1216, 293, 309, 311, 733, 295, 43964, 1688, 294, 257, 3657, 51786], \"temperature\": 0.0, \"avg_logprob\": -0.4049944579601288, \"compression_ratio\": 1.684426188468933, \"no_speech_prob\": 0.2627870738506317}, {\"id\": 35, \"seek\": 10920, \"start\": 109.63999938964844, \"end\": 110.63999938964844, \"text\": \" way.\", \"tokens\": [50386, 636, 13, 50436], \"temperature\": 0.0, \"avg_logprob\": -0.3121388554573059, \"compression_ratio\": 1.545871615409851, \"no_speech_prob\": 0.19676676392555237}, {\"id\": 36, \"seek\": 10920, \"start\": 110.63999938964844, \"end\": 111.63999938964844, \"text\": \" You're like.\", \"tokens\": [50436, 509, 434, 411, 13, 50486], \"temperature\": 0.0, \"avg_logprob\": -0.3121388554573059, \"compression_ratio\": 1.545871615409851, \"no_speech_prob\": 0.19676676392555237}, {\"id\": 37, \"seek\": 10920, \"start\": 111.63999938964844, \"end\": 112.63999938964844, \"text\": \" I'm building a game.\", \"tokens\": [50486, 286, 478, 2390, 257, 1216, 13, 50536], \"temperature\": 0.0, \"avg_logprob\": -0.3121388554573059, \"compression_ratio\": 1.545871615409851, \"no_speech_prob\": 0.19676676392555237}, {\"id\": 38, \"seek\": 10920, \"start\": 112.63999938964844, \"end\": 113.63999938964844, \"text\": \" We're trying to.\", \"tokens\": [50536, 492, 434, 1382, 281, 13, 50586], \"temperature\": 0.0, \"avg_logprob\": -0.3121388554573059, \"compression_ratio\": 1.545871615409851, \"no_speech_prob\": 0.19676676392555237}, {\"id\": 39, \"seek\": 10920, \"start\": 113.63999938964844, \"end\": 114.63999938964844, \"text\": \" What about not?\", \"tokens\": [50586, 708, 466, 406, 30, 50636], \"temperature\": 0.0, \"avg_logprob\": -0.3121388554573059, \"compression_ratio\": 1.545871615409851, \"no_speech_prob\": 0.19676676392555237}, {\"id\": 40, \"seek\": 10920, \"start\": 114.63999938964844, \"end\": 115.63999938964844, \"text\": \" Yeah.\", \"tokens\": [50636, 865, 13, 50686], \"temperature\": 0.0, \"avg_logprob\": -0.3121388554573059, \"compression_ratio\": 1.545871615409851, \"no_speech_prob\": 0.19676676392555237}, {\"id\": 41, \"seek\": 10920, \"start\": 115.63999938964844, \"end\": 116.63999938964844, \"text\": \" It's weird.\", \"tokens\": [50686, 467, 311, 3657, 13, 50736], \"temperature\": 0.0, \"avg_logprob\": -0.3121388554573059, \"compression_ratio\": 1.545871615409851, \"no_speech_prob\": 0.19676676392555237}, {\"id\": 42, \"seek\": 10920, \"start\": 116.63999938964844, \"end\": 117.63999938964844, \"text\": \" It kind of works.\", \"tokens\": [50736, 467, 733, 295, 1985, 13, 50786], \"temperature\": 0.0, \"avg_logprob\": -0.3121388554573059, \"compression_ratio\": 1.545871615409851, \"no_speech_prob\": 0.19676676392555237}, {\"id\": 43, \"seek\": 10920, \"start\": 117.63999938964844, \"end\": 118.63999938964844, \"text\": \" Yeah.\", \"tokens\": [50786, 865, 13, 50836], \"temperature\": 0.0, \"avg_logprob\": -0.3121388554573059, \"compression_ratio\": 1.545871615409851, \"no_speech_prob\": 0.19676676392555237}, {\"id\": 44, \"seek\": 10920, \"start\": 118.63999938964844, \"end\": 119.63999938964844, \"text\": \" It actually kind of works.\", \"tokens\": [50836, 467, 767, 733, 295, 1985, 13, 50886], \"temperature\": 0.0, \"avg_logprob\": -0.3121388554573059, \"compression_ratio\": 1.545871615409851, \"no_speech_prob\": 0.19676676392555237}, {\"id\": 45, \"seek\": 10920, \"start\": 119.63999938964844, \"end\": 120.63999938964844, \"text\": \" It's this charismatic, ugly chick.\", \"tokens\": [50886, 467, 311, 341, 41109, 11, 12246, 14371, 13, 50936], \"temperature\": 0.0, \"avg_logprob\": -0.3121388554573059, \"compression_ratio\": 1.545871615409851, \"no_speech_prob\": 0.19676676392555237}, {\"id\": 46, \"seek\": 10920, \"start\": 120.63999938964844, \"end\": 124.63999938964844, \"text\": \" I mean, basically all they have to say is, I'm into casual sex.\", \"tokens\": [50936, 286, 914, 11, 1936, 439, 436, 362, 281, 584, 307, 11, 286, 478, 666, 13052, 3260, 13, 51136], \"temperature\": 0.0, \"avg_logprob\": -0.3121388554573059, \"compression_ratio\": 1.545871615409851, \"no_speech_prob\": 0.19676676392555237}, {\"id\": 47, \"seek\": 10920, \"start\": 124.63999938964844, \"end\": 125.63999938964844, \"text\": \" That's all the game they need.\", \"tokens\": [51136, 663, 311, 439, 264, 1216, 436, 643, 13, 51186], \"temperature\": 0.0, \"avg_logprob\": -0.3121388554573059, \"compression_ratio\": 1.545871615409851, \"no_speech_prob\": 0.19676676392555237}, {\"id\": 48, \"seek\": 10920, \"start\": 125.63999938964844, \"end\": 126.63999938964844, \"text\": \" Right.\", \"tokens\": [51186, 1779, 13, 51236], \"temperature\": 0.0, \"avg_logprob\": -0.3121388554573059, \"compression_ratio\": 1.545871615409851, \"no_speech_prob\": 0.19676676392555237}, {\"id\": 49, \"seek\": 10920, \"start\": 126.63999938964844, \"end\": 127.63999938964844, \"text\": \" Like, she'll jump up three points.\", \"tokens\": [51236, 1743, 11, 750, 603, 3012, 493, 1045, 2793, 13, 51286], \"temperature\": 0.0, \"avg_logprob\": -0.3121388554573059, \"compression_ratio\": 1.545871615409851, \"no_speech_prob\": 0.19676676392555237}, {\"id\": 50, \"seek\": 10920, \"start\": 127.63999938964844, \"end\": 128.63999938964844, \"text\": \" It's a trump card.\", \"tokens\": [51286, 467, 311, 257, 21779, 2920, 13, 51336], \"temperature\": 0.0, \"avg_logprob\": -0.3121388554573059, \"compression_ratio\": 1.545871615409851, \"no_speech_prob\": 0.19676676392555237}, {\"id\": 51, \"seek\": 10920, \"start\": 128.63999938964844, \"end\": 129.63999938964844, \"text\": \" Yeah.\", \"tokens\": [51336, 865, 13, 51386], \"temperature\": 0.0, \"avg_logprob\": -0.3121388554573059, \"compression_ratio\": 1.545871615409851, \"no_speech_prob\": 0.19676676392555237}, {\"id\": 52, \"seek\": 12964, \"start\": 130.63999938964844, \"end\": 140.63999938964844, \"text\": \" Those girls in the basement, one of them said like, I think it was you or I said something\", \"tokens\": [50414, 3950, 4519, 294, 264, 16893, 11, 472, 295, 552, 848, 411, 11, 286, 519, 309, 390, 291, 420, 286, 848, 746, 50914], \"temperature\": 0.0, \"avg_logprob\": -0.2827666997909546, \"compression_ratio\": 1.5892857313156128, \"no_speech_prob\": 0.46480002999305725}, {\"id\": 53, \"seek\": 12964, \"start\": 140.63999938964844, \"end\": 141.63999938964844, \"text\": \" about flirting with them.\", \"tokens\": [50914, 466, 45777, 365, 552, 13, 50964], \"temperature\": 0.0, \"avg_logprob\": -0.2827666997909546, \"compression_ratio\": 1.5892857313156128, \"no_speech_prob\": 0.46480002999305725}, {\"id\": 54, \"seek\": 12964, \"start\": 141.63999938964844, \"end\": 145.63999938964844, \"text\": \" And she goes, I don't do the flirting thing.\", \"tokens\": [50964, 400, 750, 1709, 11, 286, 500, 380, 360, 264, 45777, 551, 13, 51164], \"temperature\": 0.0, \"avg_logprob\": -0.2827666997909546, \"compression_ratio\": 1.5892857313156128, \"no_speech_prob\": 0.46480002999305725}, {\"id\": 55, \"seek\": 12964, \"start\": 145.63999938964844, \"end\": 146.63999938964844, \"text\": \" I'm not into dating.\", \"tokens\": [51164, 286, 478, 406, 666, 10689, 13, 51214], \"temperature\": 0.0, \"avg_logprob\": -0.2827666997909546, \"compression_ratio\": 1.5892857313156128, \"no_speech_prob\": 0.46480002999305725}, {\"id\": 56, \"seek\": 12964, \"start\": 146.63999938964844, \"end\": 147.63999938964844, \"text\": \" I just.\", \"tokens\": [51214, 286, 445, 13, 51264], \"temperature\": 0.0, \"avg_logprob\": -0.2827666997909546, \"compression_ratio\": 1.5892857313156128, \"no_speech_prob\": 0.46480002999305725}, {\"id\": 57, \"seek\": 12964, \"start\": 147.63999938964844, \"end\": 148.63999938964844, \"text\": \" No one has time for that.\", \"tokens\": [51264, 883, 472, 575, 565, 337, 300, 13, 51314], \"temperature\": 0.0, \"avg_logprob\": -0.2827666997909546, \"compression_ratio\": 1.5892857313156128, \"no_speech_prob\": 0.46480002999305725}, {\"id\": 58, \"seek\": 12964, \"start\": 148.63999938964844, \"end\": 151.63999938964844, \"text\": \" I just want to fuck.\", \"tokens\": [51314, 286, 445, 528, 281, 3275, 13, 51464], \"temperature\": 0.0, \"avg_logprob\": -0.2827666997909546, \"compression_ratio\": 1.5892857313156128, \"no_speech_prob\": 0.46480002999305725}, {\"id\": 59, \"seek\": 12964, \"start\": 151.63999938964844, \"end\": 152.63999938964844, \"text\": \" I was like.\", \"tokens\": [51464, 286, 390, 411, 13, 51514], \"temperature\": 0.0, \"avg_logprob\": -0.2827666997909546, \"compression_ratio\": 1.5892857313156128, \"no_speech_prob\": 0.46480002999305725}, {\"id\": 60, \"seek\": 12964, \"start\": 152.63999938964844, \"end\": 156.63999938964844, \"text\": \" You realize when you tell a guy that you jump like four points on the rating from one to\", \"tokens\": [51514, 509, 4325, 562, 291, 980, 257, 2146, 300, 291, 3012, 411, 1451, 2793, 322, 264, 10990, 490, 472, 281, 51714], \"temperature\": 0.0, \"avg_logprob\": -0.2827666997909546, \"compression_ratio\": 1.5892857313156128, \"no_speech_prob\": 0.46480002999305725}, {\"id\": 61, \"seek\": 12964, \"start\": 156.63999938964844, \"end\": 157.63999938964844, \"text\": \" ten scale, right?\", \"tokens\": [51714, 2064, 4373, 11, 558, 30, 51764], \"temperature\": 0.0, \"avg_logprob\": -0.2827666997909546, \"compression_ratio\": 1.5892857313156128, \"no_speech_prob\": 0.46480002999305725}, {\"id\": 62, \"seek\": 15764, \"start\": 157.63999938964844, \"end\": 163.63999938964844, \"text\": \" And she's like, never thought of that.\", \"tokens\": [50364, 400, 750, 311, 411, 11, 1128, 1194, 295, 300, 13, 50664], \"temperature\": 0.0, \"avg_logprob\": -0.33831310272216797, \"compression_ratio\": 0.8636363744735718, \"no_speech_prob\": 0.2507879436016083}]}"}