{"title": "Very controversial opinion regarding daygame\u2026 #innerconfidencepodcast", "video_id": "MQtE-brE3s0", "video_url": "https://www.youtube.com/watch?v=MQtE-brE3s0", "description": "", "published_at": "2023-09-14T21:13:02Z", "channel_id": "UC0O-ohYDF4P66HW9XJ4Us8w", "channel_title": "Robbie Kramer", "tags": [], "category_id": "24", "live_broadcast_content": "none", "duration": 61.0, "dimension": "2d", "definition": "hd", "caption": "false", "view_count": 158, "like_count": 3, "comment_count": 0, "channel_info": {"title": "Robbie Kramer", "description": "I'm Robbie Kramer \ud83c\udf99Host of The Inner Confidence Podcast & Founder of Inner Confidence, Inc.\n\nI lived an exhilarating single life filled with adventures and lessons, and ultimately achieved what I had always aspired to \u2013 finding an amazing, feminine, and loving wife. \n\nI believe my experiences provide a rare balance of wild freedom and committed love, equipping me with the insights to help you navigate the complexities of dating and relationships in today's world. Let me guide you to embrace your desires, improve your social prowess, and ultimately attract the partner who aligns with your highest aspirations.\n\nYou won\u2019t find any fluffy, new-age, or cringy stuff here, just tested, proven and actionable advice that yields results.\n\nApply to join our exclusive Inner Confidence Community of ambitious men who are actively working together to achieve their goals faster   \u25ba https://innerconfidence.com/community\n\nYou can email me at robbie@innerconfidence.com with any questions or comments.\n", "subscriber_count": "1270", "total_views": "604693", "total_videos": "470"}, "comments": [], "file_path": "/Users/aelaguiz/workspace/fc_book/audio/raws/MQtE-brE3s0.mp3", "transcription": "{\"text\": \"I'm going to say something very unpopular in the day game world. Guys are going to click away. I think body language in day game is extremely overrated. OK, I looked at my students on the first day of coaching. Unless they're making dumb mistakes, I just stop looking because I had that mistake when I was starting out there. I'm a tall guy. I'm six three. And I was approaching shorter girls. I was kind of crunching. But once you fix mistakes like that, I really don't think body language is that important. I think there's probably some body language disqualifiers, right? Like if there's a certain way that you hold your hands, you know, if you're doing something that's like really obvious and off-putting, you know, that could just be like an immediate disqualification. But if you kind of look at the hierarchy of things and looks of like the height and style and grooming and everything out of 100 guys, only a very small percentage is going to be making those disqualifying mistakes in their body language. Yeah. And you can usually diagnose a lot of that stuff just in their photos before even meeting them because really bad body language, which is typically really feminine body language, body language that minimizes yourself a lot, like you were saying. And one thing you mentioned about girls having different tastes and preferences as far as looks go. Yeah, they've done. \", \"segments\": [{\"id\": 0, \"seek\": 0, \"start\": 0.0, \"end\": 2.640000104904175, \"text\": \" I'm going to say something very unpopular in the day game world.\", \"tokens\": [50364, 286, 478, 516, 281, 584, 746, 588, 517, 42376, 294, 264, 786, 1216, 1002, 13, 50496], \"temperature\": 0.0, \"avg_logprob\": -0.26102516055107117, \"compression_ratio\": 1.8230769634246826, \"no_speech_prob\": 0.021596966311335564}, {\"id\": 1, \"seek\": 0, \"start\": 2.640000104904175, \"end\": 3.759999990463257, \"text\": \" Guys are going to click away.\", \"tokens\": [50496, 7855, 366, 516, 281, 2052, 1314, 13, 50552], \"temperature\": 0.0, \"avg_logprob\": -0.26102516055107117, \"compression_ratio\": 1.8230769634246826, \"no_speech_prob\": 0.021596966311335564}, {\"id\": 2, \"seek\": 0, \"start\": 3.759999990463257, \"end\": 6.28000020980835, \"text\": \" I think body language in day game is extremely overrated.\", \"tokens\": [50552, 286, 519, 1772, 2856, 294, 786, 1216, 307, 4664, 670, 5468, 13, 50678], \"temperature\": 0.0, \"avg_logprob\": -0.26102516055107117, \"compression_ratio\": 1.8230769634246826, \"no_speech_prob\": 0.021596966311335564}, {\"id\": 3, \"seek\": 0, \"start\": 6.360000133514404, \"end\": 9.079999923706055, \"text\": \" OK, I looked at my students on the first day of coaching.\", \"tokens\": [50682, 2264, 11, 286, 2956, 412, 452, 1731, 322, 264, 700, 786, 295, 15818, 13, 50818], \"temperature\": 0.0, \"avg_logprob\": -0.26102516055107117, \"compression_ratio\": 1.8230769634246826, \"no_speech_prob\": 0.021596966311335564}, {\"id\": 4, \"seek\": 0, \"start\": 9.079999923706055, \"end\": 11.960000038146973, \"text\": \" Unless they're making dumb mistakes, I just stop looking because I had that mistake\", \"tokens\": [50818, 16581, 436, 434, 1455, 10316, 8038, 11, 286, 445, 1590, 1237, 570, 286, 632, 300, 6146, 50962], \"temperature\": 0.0, \"avg_logprob\": -0.26102516055107117, \"compression_ratio\": 1.8230769634246826, \"no_speech_prob\": 0.021596966311335564}, {\"id\": 5, \"seek\": 0, \"start\": 11.960000038146973, \"end\": 12.880000114440918, \"text\": \" when I was starting out there.\", \"tokens\": [50962, 562, 286, 390, 2891, 484, 456, 13, 51008], \"temperature\": 0.0, \"avg_logprob\": -0.26102516055107117, \"compression_ratio\": 1.8230769634246826, \"no_speech_prob\": 0.021596966311335564}, {\"id\": 6, \"seek\": 0, \"start\": 12.880000114440918, \"end\": 14.079999923706055, \"text\": \" I'm a tall guy. I'm six three.\", \"tokens\": [51008, 286, 478, 257, 6764, 2146, 13, 286, 478, 2309, 1045, 13, 51068], \"temperature\": 0.0, \"avg_logprob\": -0.26102516055107117, \"compression_ratio\": 1.8230769634246826, \"no_speech_prob\": 0.021596966311335564}, {\"id\": 7, \"seek\": 0, \"start\": 14.079999923706055, \"end\": 15.279999732971191, \"text\": \" And I was approaching shorter girls.\", \"tokens\": [51068, 400, 286, 390, 14908, 11639, 4519, 13, 51128], \"temperature\": 0.0, \"avg_logprob\": -0.26102516055107117, \"compression_ratio\": 1.8230769634246826, \"no_speech_prob\": 0.021596966311335564}, {\"id\": 8, \"seek\": 0, \"start\": 15.279999732971191, \"end\": 16.15999984741211, \"text\": \" I was kind of crunching.\", \"tokens\": [51128, 286, 390, 733, 295, 13386, 278, 13, 51172], \"temperature\": 0.0, \"avg_logprob\": -0.26102516055107117, \"compression_ratio\": 1.8230769634246826, \"no_speech_prob\": 0.021596966311335564}, {\"id\": 9, \"seek\": 0, \"start\": 16.15999984741211, \"end\": 19.68000030517578, \"text\": \" But once you fix mistakes like that, I really don't think body language\", \"tokens\": [51172, 583, 1564, 291, 3191, 8038, 411, 300, 11, 286, 534, 500, 380, 519, 1772, 2856, 51348], \"temperature\": 0.0, \"avg_logprob\": -0.26102516055107117, \"compression_ratio\": 1.8230769634246826, \"no_speech_prob\": 0.021596966311335564}, {\"id\": 10, \"seek\": 0, \"start\": 19.68000030517578, \"end\": 20.440000534057617, \"text\": \" is that important.\", \"tokens\": [51348, 307, 300, 1021, 13, 51386], \"temperature\": 0.0, \"avg_logprob\": -0.26102516055107117, \"compression_ratio\": 1.8230769634246826, \"no_speech_prob\": 0.021596966311335564}, {\"id\": 11, \"seek\": 0, \"start\": 20.440000534057617, \"end\": 23.559999465942383, \"text\": \" I think there's probably some body language disqualifiers, right?\", \"tokens\": [51386, 286, 519, 456, 311, 1391, 512, 1772, 2856, 717, 22345, 23463, 11, 558, 30, 51542], \"temperature\": 0.0, \"avg_logprob\": -0.26102516055107117, \"compression_ratio\": 1.8230769634246826, \"no_speech_prob\": 0.021596966311335564}, {\"id\": 12, \"seek\": 0, \"start\": 23.559999465942383, \"end\": 26.360000610351562, \"text\": \" Like if there's a certain way that you hold your hands,\", \"tokens\": [51542, 1743, 498, 456, 311, 257, 1629, 636, 300, 291, 1797, 428, 2377, 11, 51682], \"temperature\": 0.0, \"avg_logprob\": -0.26102516055107117, \"compression_ratio\": 1.8230769634246826, \"no_speech_prob\": 0.021596966311335564}, {\"id\": 13, \"seek\": 0, \"start\": 26.68000030517578, \"end\": 29.360000610351562, \"text\": \" you know, if you're doing something that's like really obvious and off-putting,\", \"tokens\": [51698, 291, 458, 11, 498, 291, 434, 884, 746, 300, 311, 411, 534, 6322, 293, 766, 12, 2582, 783, 11, 51832], \"temperature\": 0.0, \"avg_logprob\": -0.26102516055107117, \"compression_ratio\": 1.8230769634246826, \"no_speech_prob\": 0.021596966311335564}, {\"id\": 14, \"seek\": 2936, \"start\": 29.360000610351562, \"end\": 31.639999389648438, \"text\": \" you know, that could just be like an immediate disqualification.\", \"tokens\": [50364, 291, 458, 11, 300, 727, 445, 312, 411, 364, 11629, 717, 22345, 3774, 13, 50478], \"temperature\": 0.0, \"avg_logprob\": -0.2526303827762604, \"compression_ratio\": 1.8245124816894531, \"no_speech_prob\": 0.0003301352262496948}, {\"id\": 15, \"seek\": 2936, \"start\": 31.639999389648438, \"end\": 34.31999969482422, \"text\": \" But if you kind of look at the hierarchy of things and looks\", \"tokens\": [50478, 583, 498, 291, 733, 295, 574, 412, 264, 22333, 295, 721, 293, 1542, 50612], \"temperature\": 0.0, \"avg_logprob\": -0.2526303827762604, \"compression_ratio\": 1.8245124816894531, \"no_speech_prob\": 0.0003301352262496948}, {\"id\": 16, \"seek\": 2936, \"start\": 34.63999938964844, \"end\": 38.68000030517578, \"text\": \" of like the height and style and grooming and everything out of 100 guys,\", \"tokens\": [50628, 295, 411, 264, 6681, 293, 3758, 293, 49700, 293, 1203, 484, 295, 2319, 1074, 11, 50830], \"temperature\": 0.0, \"avg_logprob\": -0.2526303827762604, \"compression_ratio\": 1.8245124816894531, \"no_speech_prob\": 0.0003301352262496948}, {\"id\": 17, \"seek\": 2936, \"start\": 38.68000030517578, \"end\": 42.15999984741211, \"text\": \" only a very small percentage is going to be making those disqualifying\", \"tokens\": [50830, 787, 257, 588, 1359, 9668, 307, 516, 281, 312, 1455, 729, 717, 22345, 5489, 51004], \"temperature\": 0.0, \"avg_logprob\": -0.2526303827762604, \"compression_ratio\": 1.8245124816894531, \"no_speech_prob\": 0.0003301352262496948}, {\"id\": 18, \"seek\": 2936, \"start\": 42.15999984741211, \"end\": 44.31999969482422, \"text\": \" mistakes in their body language.\", \"tokens\": [51004, 8038, 294, 641, 1772, 2856, 13, 51112], \"temperature\": 0.0, \"avg_logprob\": -0.2526303827762604, \"compression_ratio\": 1.8245124816894531, \"no_speech_prob\": 0.0003301352262496948}, {\"id\": 19, \"seek\": 2936, \"start\": 44.31999969482422, \"end\": 46.20000076293945, \"text\": \" Yeah. And you can usually diagnose a lot of that stuff\", \"tokens\": [51112, 865, 13, 400, 291, 393, 2673, 36238, 257, 688, 295, 300, 1507, 51206], \"temperature\": 0.0, \"avg_logprob\": -0.2526303827762604, \"compression_ratio\": 1.8245124816894531, \"no_speech_prob\": 0.0003301352262496948}, {\"id\": 20, \"seek\": 2936, \"start\": 46.20000076293945, \"end\": 49.7599983215332, \"text\": \" just in their photos before even meeting them because really bad body language,\", \"tokens\": [51206, 445, 294, 641, 5787, 949, 754, 3440, 552, 570, 534, 1578, 1772, 2856, 11, 51384], \"temperature\": 0.0, \"avg_logprob\": -0.2526303827762604, \"compression_ratio\": 1.8245124816894531, \"no_speech_prob\": 0.0003301352262496948}, {\"id\": 21, \"seek\": 2936, \"start\": 49.7599983215332, \"end\": 52.31999969482422, \"text\": \" which is typically really feminine body language, body language\", \"tokens\": [51384, 597, 307, 5850, 534, 24648, 1772, 2856, 11, 1772, 2856, 51512], \"temperature\": 0.0, \"avg_logprob\": -0.2526303827762604, \"compression_ratio\": 1.8245124816894531, \"no_speech_prob\": 0.0003301352262496948}, {\"id\": 22, \"seek\": 2936, \"start\": 52.31999969482422, \"end\": 54.52000045776367, \"text\": \" that minimizes yourself a lot, like you were saying.\", \"tokens\": [51512, 300, 4464, 5660, 1803, 257, 688, 11, 411, 291, 645, 1566, 13, 51622], \"temperature\": 0.0, \"avg_logprob\": -0.2526303827762604, \"compression_ratio\": 1.8245124816894531, \"no_speech_prob\": 0.0003301352262496948}, {\"id\": 23, \"seek\": 2936, \"start\": 54.52000045776367, \"end\": 57.7599983215332, \"text\": \" And one thing you mentioned about girls having different tastes\", \"tokens\": [51622, 400, 472, 551, 291, 2835, 466, 4519, 1419, 819, 8666, 51784], \"temperature\": 0.0, \"avg_logprob\": -0.2526303827762604, \"compression_ratio\": 1.8245124816894531, \"no_speech_prob\": 0.0003301352262496948}, {\"id\": 24, \"seek\": 2936, \"start\": 57.7599983215332, \"end\": 59.2400016784668, \"text\": \" and preferences as far as looks go.\", \"tokens\": [51784, 293, 21910, 382, 1400, 382, 1542, 352, 13, 51858], \"temperature\": 0.0, \"avg_logprob\": -0.2526303827762604, \"compression_ratio\": 1.8245124816894531, \"no_speech_prob\": 0.0003301352262496948}, {\"id\": 25, \"seek\": 5924, \"start\": 59.2400016784668, \"end\": 59.84000015258789, \"text\": \" Yeah, they've done.\", \"tokens\": [50364, 865, 11, 436, 600, 1096, 13, 50394], \"temperature\": 0.0, \"avg_logprob\": -0.6277868747711182, \"compression_ratio\": 0.7037037014961243, \"no_speech_prob\": 0.6324810981750488}]}"}