{"title": "Unmasking with Humor: The Power of Laughter to Make Connections", "video_id": "MRGITRSV9mg", "video_url": "https://www.youtube.com/watch?v=MRGITRSV9mg", "description": "", "published_at": "2023-12-19T16:13:11Z", "channel_id": "UC0O-ohYDF4P66HW9XJ4Us8w", "channel_title": "Robbie Kramer", "tags": [], "category_id": "24", "live_broadcast_content": "none", "duration": 53.0, "dimension": "2d", "definition": "hd", "caption": "false", "view_count": 2593, "like_count": 60, "comment_count": 0, "channel_info": {"title": "Robbie Kramer", "description": "I'm Robbie Kramer \ud83c\udf99Host of The Inner Confidence Podcast & Founder of Inner Confidence, Inc.\n\nI lived an exhilarating single life filled with adventures and lessons, and ultimately achieved what I had always aspired to \u2013 finding an amazing, feminine, and loving wife. \n\nI believe my experiences provide a rare balance of wild freedom and committed love, equipping me with the insights to help you navigate the complexities of dating and relationships in today's world. Let me guide you to embrace your desires, improve your social prowess, and ultimately attract the partner who aligns with your highest aspirations.\n\nYou won\u2019t find any fluffy, new-age, or cringy stuff here, just tested, proven and actionable advice that yields results.\n\nApply to join our exclusive Inner Confidence Community of ambitious men who are actively working together to achieve their goals faster   \u25ba https://innerconfidence.com/community\n\nYou can email me at robbie@innerconfidence.com with any questions or comments.\n", "subscriber_count": "1270", "total_views": "604693", "total_videos": "470"}, "comments": [], "file_path": "/Users/aelaguiz/workspace/fc_book/audio/raws/MRGITRSV9mg.mp3", "transcription": "{\"text\": \"And send this mask just goes away. Yeah, I love how you said that it removes it. Take your mask away. Yeah, you're effectively like piercing through the mask with humor. Yeah. Yeah, that's why it's so effective. That's why if you make her laugh, even if you look like this guy, he's not bad looking, but he's, I mean, I won't say he's bad looking, but he's not my type at all. His teeth are bad looking. Yes, it's what I meant. But if he, you know, if he would use those lines or I don't know, whatever it was, it was funny. Let's see what he's about to say. So he hasn't, we don't know anything yet. Let's see. We know. Hold, hold. Your friend Anna thinks I'm cute. Your friend Anna thinks I'm cute. Shit, I just blew. Wait. 285, 285. I'm the wrong girl. \", \"segments\": [{\"id\": 0, \"seek\": 0, \"start\": 0.0, \"end\": 5.320000171661377, \"text\": \" And send this mask just goes away. Yeah, I love how you said that it removes it. Take\", \"tokens\": [50364, 400, 2845, 341, 6094, 445, 1709, 1314, 13, 865, 11, 286, 959, 577, 291, 848, 300, 309, 30445, 309, 13, 3664, 50630], \"temperature\": 0.0, \"avg_logprob\": -0.2712642550468445, \"compression_ratio\": 1.8024691343307495, \"no_speech_prob\": 0.3005852699279785}, {\"id\": 1, \"seek\": 0, \"start\": 5.320000171661377, \"end\": 10.960000038146973, \"text\": \" your mask away. Yeah, you're effectively like piercing through the mask with humor. Yeah.\", \"tokens\": [50630, 428, 6094, 1314, 13, 865, 11, 291, 434, 8659, 411, 42972, 807, 264, 6094, 365, 14318, 13, 865, 13, 50912], \"temperature\": 0.0, \"avg_logprob\": -0.2712642550468445, \"compression_ratio\": 1.8024691343307495, \"no_speech_prob\": 0.3005852699279785}, {\"id\": 2, \"seek\": 0, \"start\": 10.960000038146973, \"end\": 14.4399995803833, \"text\": \" Yeah, that's why it's so effective. That's why if you make her laugh, even if you look\", \"tokens\": [50912, 865, 11, 300, 311, 983, 309, 311, 370, 4942, 13, 663, 311, 983, 498, 291, 652, 720, 5801, 11, 754, 498, 291, 574, 51086], \"temperature\": 0.0, \"avg_logprob\": -0.2712642550468445, \"compression_ratio\": 1.8024691343307495, \"no_speech_prob\": 0.3005852699279785}, {\"id\": 3, \"seek\": 0, \"start\": 14.4399995803833, \"end\": 21.15999984741211, \"text\": \" like this guy, he's not bad looking, but he's, I mean, I won't say he's bad looking, but\", \"tokens\": [51086, 411, 341, 2146, 11, 415, 311, 406, 1578, 1237, 11, 457, 415, 311, 11, 286, 914, 11, 286, 1582, 380, 584, 415, 311, 1578, 1237, 11, 457, 51422], \"temperature\": 0.0, \"avg_logprob\": -0.2712642550468445, \"compression_ratio\": 1.8024691343307495, \"no_speech_prob\": 0.3005852699279785}, {\"id\": 4, \"seek\": 0, \"start\": 21.15999984741211, \"end\": 28.479999542236328, \"text\": \" he's not my type at all. His teeth are bad looking. Yes, it's what I meant. But if he,\", \"tokens\": [51422, 415, 311, 406, 452, 2010, 412, 439, 13, 2812, 7798, 366, 1578, 1237, 13, 1079, 11, 309, 311, 437, 286, 4140, 13, 583, 498, 415, 11, 51788], \"temperature\": 0.0, \"avg_logprob\": -0.2712642550468445, \"compression_ratio\": 1.8024691343307495, \"no_speech_prob\": 0.3005852699279785}, {\"id\": 5, \"seek\": 2848, \"start\": 28.479999542236328, \"end\": 34.31999969482422, \"text\": \" you know, if he would use those lines or I don't know, whatever it was, it was funny.\", \"tokens\": [50364, 291, 458, 11, 498, 415, 576, 764, 729, 3876, 420, 286, 500, 380, 458, 11, 2035, 309, 390, 11, 309, 390, 4074, 13, 50656], \"temperature\": 0.0, \"avg_logprob\": -0.38074594736099243, \"compression_ratio\": 1.620512843132019, \"no_speech_prob\": 0.28098198771476746}, {\"id\": 6, \"seek\": 2848, \"start\": 34.31999969482422, \"end\": 38.52000045776367, \"text\": \" Let's see what he's about to say. So he hasn't, we don't know anything yet. Let's see. We\", \"tokens\": [50656, 961, 311, 536, 437, 415, 311, 466, 281, 584, 13, 407, 415, 6132, 380, 11, 321, 500, 380, 458, 1340, 1939, 13, 961, 311, 536, 13, 492, 50866], \"temperature\": 0.0, \"avg_logprob\": -0.38074594736099243, \"compression_ratio\": 1.620512843132019, \"no_speech_prob\": 0.28098198771476746}, {\"id\": 7, \"seek\": 2848, \"start\": 38.52000045776367, \"end\": 44.68000030517578, \"text\": \" know. Hold, hold. Your friend Anna thinks I'm cute. Your friend Anna thinks I'm cute.\", \"tokens\": [50866, 458, 13, 6962, 11, 1797, 13, 2260, 1277, 12899, 7309, 286, 478, 4052, 13, 2260, 1277, 12899, 7309, 286, 478, 4052, 13, 51174], \"temperature\": 0.0, \"avg_logprob\": -0.38074594736099243, \"compression_ratio\": 1.620512843132019, \"no_speech_prob\": 0.28098198771476746}, {\"id\": 8, \"seek\": 2848, \"start\": 44.68000030517578, \"end\": 51.880001068115234, \"text\": \" Shit, I just blew. Wait. 285, 285. I'm the wrong girl.\", \"tokens\": [51174, 19593, 11, 286, 445, 19075, 13, 3802, 13, 7562, 20, 11, 7562, 20, 13, 286, 478, 264, 2085, 2013, 13, 51534], \"temperature\": 0.0, \"avg_logprob\": -0.38074594736099243, \"compression_ratio\": 1.620512843132019, \"no_speech_prob\": 0.28098198771476746}]}"}