{"title": "Why There is A Shortage of High Value Single Men vs. Beautiful Women", "video_id": "mt1HyMdWdwM", "video_url": "https://www.youtube.com/watch?v=mt1HyMdWdwM", "description": "To listen to more episodes of the Inner Confidence Podcast, visit the links below:\nWebsite: https://innerconfidence.com/podcast/\niTunes:https://podcasts.apple.com/us/podcast/inner-confidence-podcast/id986699444 \nSpotify: https://open.spotify.com/show/2zkWuTnt7whvnR6CO6oNPV\nRSS: https://innerconfidence.com/series/leverage-podcast/feed/\n\nAnd if you're interested in learning more about my coaching services and connecting with me, check out these links:\nLinkTree: https://linktr.ee/Robbiekramer\nMain Site: https://innerconfidence.com/\nInstagram: https://www.instagram.com/robbie_kramer/\nTikTok: https://www.tiktok.com/@robbie.kramer\nYouTube: https://www.youtube.com/innerconfidence\n\nThank you for tuning in, and I look forward to helping you build your inner confidence and achieve success!\nJoin us : https://innerconfidence.com/leverage/\nBook a call with Robbie: https://start.innerconfidence.com/video1\n\n#flirting #personaldevelopment #selfimprovement #innerconfidencepodcast #podcast #coaching #success #motivation #inspiration #mindset #datingcoach #relationshipgoals #confidencecoach #selfimprovement #successfulmen", "published_at": "2023-08-03T17:26:13Z", "channel_id": "UC0O-ohYDF4P66HW9XJ4Us8w", "channel_title": "Robbie Kramer", "tags": [], "category_id": "24", "live_broadcast_content": "none", "duration": 321.0, "dimension": "2d", "definition": "hd", "caption": "false", "view_count": 170, "like_count": 5, "comment_count": 0, "channel_info": {"title": "Robbie Kramer", "description": "I'm Robbie Kramer \ud83c\udf99Host of The Inner Confidence Podcast & Founder of Inner Confidence, Inc.\n\nI lived an exhilarating single life filled with adventures and lessons, and ultimately achieved what I had always aspired to \u2013 finding an amazing, feminine, and loving wife. \n\nI believe my experiences provide a rare balance of wild freedom and committed love, equipping me with the insights to help you navigate the complexities of dating and relationships in today's world. Let me guide you to embrace your desires, improve your social prowess, and ultimately attract the partner who aligns with your highest aspirations.\n\nYou won\u2019t find any fluffy, new-age, or cringy stuff here, just tested, proven and actionable advice that yields results.\n\nApply to join our exclusive Inner Confidence Community of ambitious men who are actively working together to achieve their goals faster   \u25ba https://innerconfidence.com/community\n\nYou can email me at robbie@innerconfidence.com with any questions or comments.\n", "subscriber_count": "1270", "total_views": "604693", "total_videos": "470"}, "comments": [], "file_path": "/Users/aelaguiz/workspace/fc_book/audio/raws/mt1HyMdWdwM.mp3", "transcription": "{\"text\": \"if you're a good looking, you know, have money have have like social skills, like most guys, you know, they're they're wifed up, or they get in a relationship, they're like off the market, by their like early 30s. But, and for every one of those guys, there's like a gazillion hot girls, right? Because for a guy to develop those social circle, the social skills, he needs a lot of time, five to 10 years in those environments. And by the time he's done with that, like he's probably has a hot wife, and he's not going to be there. Whereas these girls, they develop social skills starting at age like 15. Right? So like, how often do you meet like a smoking hot 23 year old who's weird or creepy or awkward? Never. Like a girl. They're so in tune, man. Like, just the emotional intelligence is crazy compared to us, man. Exactly. So it's like, so guys think it's like, Oh my god, like I have to compete with all these guys. It's like, actually, you don't like when you're at that highest level. There's not a lot of competition. It's so hard for these girls to just to meet like a cool guy that has some money. That's not a douchebag. Right? It's like, it's so rare. It's so crazy. And this just what I'm getting from this as well. And I really love this. It's like, you're not just meeting women. Most men just go, I'm going to go singularly just go to meet women. But yours is like, this might sound weird. But how can I go meet men who might have those connections? I'm like, that's when it's like, meet the men. They have the women. It's like, how many times like even in marketing is because I love like looking into some marketing stuff. Like everyone's like, where's all the traffic, the traffic's already out there, find people who have your traffic. It's the same stuff. So if you're finding these guys who already have all these women, but then you're giving them you're not just going to you're like, this guy's like, give me 1000 bucks. You're like, I'll give you 1500. And then you've gone above and beyond. So you're like, you're giving value consistently. And maybe it's not just the money. It's the thought of you like, hey, I just want to go a little bit above and beyond. So then you're like ingrained in his head. And like, like, how much value can you give to these men who are creating this? They want to invite you back, etc. I'm sure that's was the reason part of it. Yeah. Yeah, that's exactly what happened. He was like, dude, it's like, so cool to hang out with you. Like, it's so hard for me to meet like, you know, because we're roughly the same age. You know, he's like three years older than me. And he's like, you know, it's so hard to meet guys who are cool who can like, enjoy this lifestyle with me. Because most of these guys, like they're, you know, they're just they're not or they're like, you know, they're cheating on their wife, and they're here at the party, but they're not actually single. And they're, you know, they're not like in this world. And he was like, Listen, I'm putting together a trip to the Maldives, we're gonna shoot the Playboy calendar, the guy who was supposed to come who paid for half the boat, he's having a kid, he can't make it. So we've got a yacht, we've got 21 Playboy models coming, it's going to be me and you can bring the rest of the guys. And I was like, holy shit, this is fucking amazing. And you can just bring the guys and have the pay or they can Oh, no, we had to pay for like the other half of the boat. Right. So it was like 60 grand for like the boat for a week. So this is a this is a 150 foot yacht, or you know, 50 meter yacht. With nine, nine cabins, a crew of 10. Maldivian guys, right. So Indian style sort of guys. And I'm like, why are you doing the trip in the Maldives? He's like, well, because a few reasons one is an amazing place for like to shoot the Playboy calendar to the boat and the crew is not like hot French guys with a hot captain. It's like these Maldivian guys who are like no competition whatsoever. So we don't have to worry about you know, those guys like hooking up with the girls. The other thing that he did that was so genius at his birthday party. He had like a full band ensemble, like play in the train and play during the event. But those guys couldn't stay at the hotel, because he knew all the all the girls would try to hook up with the musicians. So he made them stay at a different hotel. So this guy was like, it's all strategic, isn't it? Yeah, yeah. And he's like, control the environment control the ratio, you're on a yacht, there's no nightclubs, there's no shopping, the girls don't, you know, can't go to the movies. It's like, you know, you're on a desert island, private island each day, and you're you're on the boat. And there's there's nothing else, right. And it's just like, you know, he's like, even the even the photographer, he's like, you can bring your own photographer, because we need one, obviously to shoot. And he's like, I'm a photographer, so I can do it, but like bring someone else. So you probably have heard, you know, the story. But this is how I basically like brought the TNL guys into this. So I called James Marshall is a friend of mine, and Liam and Alex, and I'm like, hey, you guys want to go to the Maldives with 21 Playboy models? They're like, what? The fuck is this? And like, I'll think about it. You know, we kind of like split the cost. So it was like 30 grand split amongst like five guys, right? And crypto had gone up at the time. So it was, it was a no brainer. It's peanuts. Yeah. So that trip was like the most eye opening thing ever for me. Right? Because like, now, finally, I didn't have the highest status on the boat, Vitaly did. Right. However, I wasn't fat and bald, and like, grabby and touchy feely like him, I was like, really socially adjusted. And like, I took all the things I learned from all these failures, and I applied it on that week long trip. Like, it was like my greatest, I don't know, like execution of game ever. So \", \"segments\": [{\"id\": 0, \"seek\": 0, \"start\": 0.0, \"end\": 4.519999980926514, \"text\": \" if you're a good looking, you know, have money have have like\", \"tokens\": [50364, 498, 291, 434, 257, 665, 1237, 11, 291, 458, 11, 362, 1460, 362, 362, 411, 50590], \"temperature\": 0.0, \"avg_logprob\": -0.21902287006378174, \"compression_ratio\": 1.7878787517547607, \"no_speech_prob\": 0.00021822968847118318}, {\"id\": 1, \"seek\": 0, \"start\": 4.519999980926514, \"end\": 8.479999542236328, \"text\": \" social skills, like most guys, you know, they're they're wifed\", \"tokens\": [50590, 2093, 3942, 11, 411, 881, 1074, 11, 291, 458, 11, 436, 434, 436, 434, 261, 351, 292, 50788], \"temperature\": 0.0, \"avg_logprob\": -0.21902287006378174, \"compression_ratio\": 1.7878787517547607, \"no_speech_prob\": 0.00021822968847118318}, {\"id\": 2, \"seek\": 0, \"start\": 8.479999542236328, \"end\": 10.279999732971191, \"text\": \" up, or they get in a relationship, they're like off\", \"tokens\": [50788, 493, 11, 420, 436, 483, 294, 257, 2480, 11, 436, 434, 411, 766, 50878], \"temperature\": 0.0, \"avg_logprob\": -0.21902287006378174, \"compression_ratio\": 1.7878787517547607, \"no_speech_prob\": 0.00021822968847118318}, {\"id\": 3, \"seek\": 0, \"start\": 10.279999732971191, \"end\": 15.119999885559082, \"text\": \" the market, by their like early 30s. But, and for every one of\", \"tokens\": [50878, 264, 2142, 11, 538, 641, 411, 2440, 2217, 82, 13, 583, 11, 293, 337, 633, 472, 295, 51120], \"temperature\": 0.0, \"avg_logprob\": -0.21902287006378174, \"compression_ratio\": 1.7878787517547607, \"no_speech_prob\": 0.00021822968847118318}, {\"id\": 4, \"seek\": 0, \"start\": 15.119999885559082, \"end\": 17.600000381469727, \"text\": \" those guys, there's like a gazillion hot girls, right?\", \"tokens\": [51120, 729, 1074, 11, 456, 311, 411, 257, 26232, 11836, 2368, 4519, 11, 558, 30, 51244], \"temperature\": 0.0, \"avg_logprob\": -0.21902287006378174, \"compression_ratio\": 1.7878787517547607, \"no_speech_prob\": 0.00021822968847118318}, {\"id\": 5, \"seek\": 0, \"start\": 17.600000381469727, \"end\": 20.920000076293945, \"text\": \" Because for a guy to develop those social circle, the social\", \"tokens\": [51244, 1436, 337, 257, 2146, 281, 1499, 729, 2093, 6329, 11, 264, 2093, 51410], \"temperature\": 0.0, \"avg_logprob\": -0.21902287006378174, \"compression_ratio\": 1.7878787517547607, \"no_speech_prob\": 0.00021822968847118318}, {\"id\": 6, \"seek\": 0, \"start\": 20.920000076293945, \"end\": 24.600000381469727, \"text\": \" skills, he needs a lot of time, five to 10 years in those\", \"tokens\": [51410, 3942, 11, 415, 2203, 257, 688, 295, 565, 11, 1732, 281, 1266, 924, 294, 729, 51594], \"temperature\": 0.0, \"avg_logprob\": -0.21902287006378174, \"compression_ratio\": 1.7878787517547607, \"no_speech_prob\": 0.00021822968847118318}, {\"id\": 7, \"seek\": 0, \"start\": 24.600000381469727, \"end\": 27.520000457763672, \"text\": \" environments. And by the time he's done with that, like he's\", \"tokens\": [51594, 12388, 13, 400, 538, 264, 565, 415, 311, 1096, 365, 300, 11, 411, 415, 311, 51740], \"temperature\": 0.0, \"avg_logprob\": -0.21902287006378174, \"compression_ratio\": 1.7878787517547607, \"no_speech_prob\": 0.00021822968847118318}, {\"id\": 8, \"seek\": 0, \"start\": 27.520000457763672, \"end\": 29.280000686645508, \"text\": \" probably has a hot wife, and he's not going to be there.\", \"tokens\": [51740, 1391, 575, 257, 2368, 3836, 11, 293, 415, 311, 406, 516, 281, 312, 456, 13, 51828], \"temperature\": 0.0, \"avg_logprob\": -0.21902287006378174, \"compression_ratio\": 1.7878787517547607, \"no_speech_prob\": 0.00021822968847118318}, {\"id\": 9, \"seek\": 2928, \"start\": 29.280000686645508, \"end\": 31.760000228881836, \"text\": \" Whereas these girls, they develop social skills starting\", \"tokens\": [50364, 13813, 613, 4519, 11, 436, 1499, 2093, 3942, 2891, 50488], \"temperature\": 0.0, \"avg_logprob\": -0.25130853056907654, \"compression_ratio\": 1.669753074645996, \"no_speech_prob\": 0.016151482239365578}, {\"id\": 10, \"seek\": 2928, \"start\": 31.760000228881836, \"end\": 34.720001220703125, \"text\": \" at age like 15. Right? So like, how often do you meet like a\", \"tokens\": [50488, 412, 3205, 411, 2119, 13, 1779, 30, 407, 411, 11, 577, 2049, 360, 291, 1677, 411, 257, 50636], \"temperature\": 0.0, \"avg_logprob\": -0.25130853056907654, \"compression_ratio\": 1.669753074645996, \"no_speech_prob\": 0.016151482239365578}, {\"id\": 11, \"seek\": 2928, \"start\": 34.720001220703125, \"end\": 37.720001220703125, \"text\": \" smoking hot 23 year old who's weird or creepy or awkward?\", \"tokens\": [50636, 14055, 2368, 6673, 1064, 1331, 567, 311, 3657, 420, 14717, 420, 11411, 30, 50786], \"temperature\": 0.0, \"avg_logprob\": -0.25130853056907654, \"compression_ratio\": 1.669753074645996, \"no_speech_prob\": 0.016151482239365578}, {\"id\": 12, \"seek\": 2928, \"start\": 37.959999084472656, \"end\": 39.560001373291016, \"text\": \" Never. Like a girl.\", \"tokens\": [50798, 7344, 13, 1743, 257, 2013, 13, 50878], \"temperature\": 0.0, \"avg_logprob\": -0.25130853056907654, \"compression_ratio\": 1.669753074645996, \"no_speech_prob\": 0.016151482239365578}, {\"id\": 13, \"seek\": 2928, \"start\": 40.119998931884766, \"end\": 42.68000030517578, \"text\": \" They're so in tune, man. Like, just the emotional intelligence\", \"tokens\": [50906, 814, 434, 370, 294, 10864, 11, 587, 13, 1743, 11, 445, 264, 6863, 7599, 51034], \"temperature\": 0.0, \"avg_logprob\": -0.25130853056907654, \"compression_ratio\": 1.669753074645996, \"no_speech_prob\": 0.016151482239365578}, {\"id\": 14, \"seek\": 2928, \"start\": 42.68000030517578, \"end\": 44.400001525878906, \"text\": \" is crazy compared to us, man.\", \"tokens\": [51034, 307, 3219, 5347, 281, 505, 11, 587, 13, 51120], \"temperature\": 0.0, \"avg_logprob\": -0.25130853056907654, \"compression_ratio\": 1.669753074645996, \"no_speech_prob\": 0.016151482239365578}, {\"id\": 15, \"seek\": 2928, \"start\": 44.84000015258789, \"end\": 48.84000015258789, \"text\": \" Exactly. So it's like, so guys think it's like, Oh my god, like\", \"tokens\": [51142, 7587, 13, 407, 309, 311, 411, 11, 370, 1074, 519, 309, 311, 411, 11, 876, 452, 3044, 11, 411, 51342], \"temperature\": 0.0, \"avg_logprob\": -0.25130853056907654, \"compression_ratio\": 1.669753074645996, \"no_speech_prob\": 0.016151482239365578}, {\"id\": 16, \"seek\": 2928, \"start\": 48.84000015258789, \"end\": 50.84000015258789, \"text\": \" I have to compete with all these guys. It's like, actually, you\", \"tokens\": [51342, 286, 362, 281, 11831, 365, 439, 613, 1074, 13, 467, 311, 411, 11, 767, 11, 291, 51442], \"temperature\": 0.0, \"avg_logprob\": -0.25130853056907654, \"compression_ratio\": 1.669753074645996, \"no_speech_prob\": 0.016151482239365578}, {\"id\": 17, \"seek\": 2928, \"start\": 50.84000015258789, \"end\": 53.720001220703125, \"text\": \" don't like when you're at that highest level. There's not a\", \"tokens\": [51442, 500, 380, 411, 562, 291, 434, 412, 300, 6343, 1496, 13, 821, 311, 406, 257, 51586], \"temperature\": 0.0, \"avg_logprob\": -0.25130853056907654, \"compression_ratio\": 1.669753074645996, \"no_speech_prob\": 0.016151482239365578}, {\"id\": 18, \"seek\": 2928, \"start\": 53.720001220703125, \"end\": 56.20000076293945, \"text\": \" lot of competition. It's so hard for these girls to just to meet\", \"tokens\": [51586, 688, 295, 6211, 13, 467, 311, 370, 1152, 337, 613, 4519, 281, 445, 281, 1677, 51710], \"temperature\": 0.0, \"avg_logprob\": -0.25130853056907654, \"compression_ratio\": 1.669753074645996, \"no_speech_prob\": 0.016151482239365578}, {\"id\": 19, \"seek\": 5620, \"start\": 56.20000076293945, \"end\": 59.36000061035156, \"text\": \" like a cool guy that has some money. That's not a douchebag.\", \"tokens\": [50364, 411, 257, 1627, 2146, 300, 575, 512, 1460, 13, 663, 311, 406, 257, 2482, 1876, 17282, 13, 50522], \"temperature\": 0.0, \"avg_logprob\": -0.20358982682228088, \"compression_ratio\": 1.835714340209961, \"no_speech_prob\": 0.324159175157547}, {\"id\": 20, \"seek\": 5620, \"start\": 59.68000030517578, \"end\": 61.279998779296875, \"text\": \" Right? It's like, it's so rare.\", \"tokens\": [50538, 1779, 30, 467, 311, 411, 11, 309, 311, 370, 5892, 13, 50618], \"temperature\": 0.0, \"avg_logprob\": -0.20358982682228088, \"compression_ratio\": 1.835714340209961, \"no_speech_prob\": 0.324159175157547}, {\"id\": 21, \"seek\": 5620, \"start\": 61.31999969482422, \"end\": 64.36000061035156, \"text\": \" It's so crazy. And this just what I'm getting from this as\", \"tokens\": [50620, 467, 311, 370, 3219, 13, 400, 341, 445, 437, 286, 478, 1242, 490, 341, 382, 50772], \"temperature\": 0.0, \"avg_logprob\": -0.20358982682228088, \"compression_ratio\": 1.835714340209961, \"no_speech_prob\": 0.324159175157547}, {\"id\": 22, \"seek\": 5620, \"start\": 64.36000061035156, \"end\": 66.16000366210938, \"text\": \" well. And I really love this. It's like, you're not just\", \"tokens\": [50772, 731, 13, 400, 286, 534, 959, 341, 13, 467, 311, 411, 11, 291, 434, 406, 445, 50862], \"temperature\": 0.0, \"avg_logprob\": -0.20358982682228088, \"compression_ratio\": 1.835714340209961, \"no_speech_prob\": 0.324159175157547}, {\"id\": 23, \"seek\": 5620, \"start\": 66.16000366210938, \"end\": 70.12000274658203, \"text\": \" meeting women. Most men just go, I'm going to go singularly just\", \"tokens\": [50862, 3440, 2266, 13, 4534, 1706, 445, 352, 11, 286, 478, 516, 281, 352, 20010, 356, 445, 51060], \"temperature\": 0.0, \"avg_logprob\": -0.20358982682228088, \"compression_ratio\": 1.835714340209961, \"no_speech_prob\": 0.324159175157547}, {\"id\": 24, \"seek\": 5620, \"start\": 70.12000274658203, \"end\": 73.23999786376953, \"text\": \" go to meet women. But yours is like, this might sound weird.\", \"tokens\": [51060, 352, 281, 1677, 2266, 13, 583, 6342, 307, 411, 11, 341, 1062, 1626, 3657, 13, 51216], \"temperature\": 0.0, \"avg_logprob\": -0.20358982682228088, \"compression_ratio\": 1.835714340209961, \"no_speech_prob\": 0.324159175157547}, {\"id\": 25, \"seek\": 5620, \"start\": 73.23999786376953, \"end\": 77.0, \"text\": \" But how can I go meet men who might have those connections?\", \"tokens\": [51216, 583, 577, 393, 286, 352, 1677, 1706, 567, 1062, 362, 729, 9271, 30, 51404], \"temperature\": 0.0, \"avg_logprob\": -0.20358982682228088, \"compression_ratio\": 1.835714340209961, \"no_speech_prob\": 0.324159175157547}, {\"id\": 26, \"seek\": 5620, \"start\": 77.0, \"end\": 80.68000030517578, \"text\": \" I'm like, that's when it's like, meet the men. They have the\", \"tokens\": [51404, 286, 478, 411, 11, 300, 311, 562, 309, 311, 411, 11, 1677, 264, 1706, 13, 814, 362, 264, 51588], \"temperature\": 0.0, \"avg_logprob\": -0.20358982682228088, \"compression_ratio\": 1.835714340209961, \"no_speech_prob\": 0.324159175157547}, {\"id\": 27, \"seek\": 5620, \"start\": 80.68000030517578, \"end\": 84.16000366210938, \"text\": \" women. It's like, how many times like even in marketing is\", \"tokens\": [51588, 2266, 13, 467, 311, 411, 11, 577, 867, 1413, 411, 754, 294, 6370, 307, 51762], \"temperature\": 0.0, \"avg_logprob\": -0.20358982682228088, \"compression_ratio\": 1.835714340209961, \"no_speech_prob\": 0.324159175157547}, {\"id\": 28, \"seek\": 8416, \"start\": 84.16000366210938, \"end\": 86.19999694824219, \"text\": \" because I love like looking into some marketing stuff. Like\", \"tokens\": [50364, 570, 286, 959, 411, 1237, 666, 512, 6370, 1507, 13, 1743, 50466], \"temperature\": 0.0, \"avg_logprob\": -0.2123689204454422, \"compression_ratio\": 1.97050142288208, \"no_speech_prob\": 0.2627454996109009}, {\"id\": 29, \"seek\": 8416, \"start\": 86.19999694824219, \"end\": 88.55999755859375, \"text\": \" everyone's like, where's all the traffic, the traffic's already\", \"tokens\": [50466, 1518, 311, 411, 11, 689, 311, 439, 264, 6419, 11, 264, 6419, 311, 1217, 50584], \"temperature\": 0.0, \"avg_logprob\": -0.2123689204454422, \"compression_ratio\": 1.97050142288208, \"no_speech_prob\": 0.2627454996109009}, {\"id\": 30, \"seek\": 8416, \"start\": 88.55999755859375, \"end\": 91.5999984741211, \"text\": \" out there, find people who have your traffic. It's the same\", \"tokens\": [50584, 484, 456, 11, 915, 561, 567, 362, 428, 6419, 13, 467, 311, 264, 912, 50736], \"temperature\": 0.0, \"avg_logprob\": -0.2123689204454422, \"compression_ratio\": 1.97050142288208, \"no_speech_prob\": 0.2627454996109009}, {\"id\": 31, \"seek\": 8416, \"start\": 91.5999984741211, \"end\": 93.80000305175781, \"text\": \" stuff. So if you're finding these guys who already have all\", \"tokens\": [50736, 1507, 13, 407, 498, 291, 434, 5006, 613, 1074, 567, 1217, 362, 439, 50846], \"temperature\": 0.0, \"avg_logprob\": -0.2123689204454422, \"compression_ratio\": 1.97050142288208, \"no_speech_prob\": 0.2627454996109009}, {\"id\": 32, \"seek\": 8416, \"start\": 93.80000305175781, \"end\": 96.4000015258789, \"text\": \" these women, but then you're giving them you're not just\", \"tokens\": [50846, 613, 2266, 11, 457, 550, 291, 434, 2902, 552, 291, 434, 406, 445, 50976], \"temperature\": 0.0, \"avg_logprob\": -0.2123689204454422, \"compression_ratio\": 1.97050142288208, \"no_speech_prob\": 0.2627454996109009}, {\"id\": 33, \"seek\": 8416, \"start\": 96.4000015258789, \"end\": 98.87999725341797, \"text\": \" going to you're like, this guy's like, give me 1000 bucks.\", \"tokens\": [50976, 516, 281, 291, 434, 411, 11, 341, 2146, 311, 411, 11, 976, 385, 9714, 11829, 13, 51100], \"temperature\": 0.0, \"avg_logprob\": -0.2123689204454422, \"compression_ratio\": 1.97050142288208, \"no_speech_prob\": 0.2627454996109009}, {\"id\": 34, \"seek\": 8416, \"start\": 98.87999725341797, \"end\": 101.87999725341797, \"text\": \" You're like, I'll give you 1500. And then you've gone above and\", \"tokens\": [51100, 509, 434, 411, 11, 286, 603, 976, 291, 22671, 13, 400, 550, 291, 600, 2780, 3673, 293, 51250], \"temperature\": 0.0, \"avg_logprob\": -0.2123689204454422, \"compression_ratio\": 1.97050142288208, \"no_speech_prob\": 0.2627454996109009}, {\"id\": 35, \"seek\": 8416, \"start\": 101.87999725341797, \"end\": 104.27999877929688, \"text\": \" beyond. So you're like, you're giving value consistently. And\", \"tokens\": [51250, 4399, 13, 407, 291, 434, 411, 11, 291, 434, 2902, 2158, 14961, 13, 400, 51370], \"temperature\": 0.0, \"avg_logprob\": -0.2123689204454422, \"compression_ratio\": 1.97050142288208, \"no_speech_prob\": 0.2627454996109009}, {\"id\": 36, \"seek\": 8416, \"start\": 104.27999877929688, \"end\": 106.80000305175781, \"text\": \" maybe it's not just the money. It's the thought of you like,\", \"tokens\": [51370, 1310, 309, 311, 406, 445, 264, 1460, 13, 467, 311, 264, 1194, 295, 291, 411, 11, 51496], \"temperature\": 0.0, \"avg_logprob\": -0.2123689204454422, \"compression_ratio\": 1.97050142288208, \"no_speech_prob\": 0.2627454996109009}, {\"id\": 37, \"seek\": 8416, \"start\": 106.83999633789062, \"end\": 109.31999969482422, \"text\": \" hey, I just want to go a little bit above and beyond. So then\", \"tokens\": [51498, 4177, 11, 286, 445, 528, 281, 352, 257, 707, 857, 3673, 293, 4399, 13, 407, 550, 51622], \"temperature\": 0.0, \"avg_logprob\": -0.2123689204454422, \"compression_ratio\": 1.97050142288208, \"no_speech_prob\": 0.2627454996109009}, {\"id\": 38, \"seek\": 8416, \"start\": 109.31999969482422, \"end\": 113.12000274658203, \"text\": \" you're like ingrained in his head. And like, like, how much\", \"tokens\": [51622, 291, 434, 411, 3957, 31774, 294, 702, 1378, 13, 400, 411, 11, 411, 11, 577, 709, 51812], \"temperature\": 0.0, \"avg_logprob\": -0.2123689204454422, \"compression_ratio\": 1.97050142288208, \"no_speech_prob\": 0.2627454996109009}, {\"id\": 39, \"seek\": 11312, \"start\": 113.12000274658203, \"end\": 117.55999755859375, \"text\": \" value can you give to these men who are creating this? They want\", \"tokens\": [50364, 2158, 393, 291, 976, 281, 613, 1706, 567, 366, 4084, 341, 30, 814, 528, 50586], \"temperature\": 0.0, \"avg_logprob\": -0.19877387583255768, \"compression_ratio\": 1.9179331064224243, \"no_speech_prob\": 0.05340022221207619}, {\"id\": 40, \"seek\": 11312, \"start\": 117.55999755859375, \"end\": 120.72000122070312, \"text\": \" to invite you back, etc. I'm sure that's was the reason part\", \"tokens\": [50586, 281, 7980, 291, 646, 11, 5183, 13, 286, 478, 988, 300, 311, 390, 264, 1778, 644, 50744], \"temperature\": 0.0, \"avg_logprob\": -0.19877387583255768, \"compression_ratio\": 1.9179331064224243, \"no_speech_prob\": 0.05340022221207619}, {\"id\": 41, \"seek\": 11312, \"start\": 120.72000122070312, \"end\": 121.31999969482422, \"text\": \" of it. Yeah.\", \"tokens\": [50744, 295, 309, 13, 865, 13, 50774], \"temperature\": 0.0, \"avg_logprob\": -0.19877387583255768, \"compression_ratio\": 1.9179331064224243, \"no_speech_prob\": 0.05340022221207619}, {\"id\": 42, \"seek\": 11312, \"start\": 121.4000015258789, \"end\": 123.44000244140625, \"text\": \" Yeah, that's exactly what happened. He was like, dude,\", \"tokens\": [50778, 865, 11, 300, 311, 2293, 437, 2011, 13, 634, 390, 411, 11, 6449, 11, 50880], \"temperature\": 0.0, \"avg_logprob\": -0.19877387583255768, \"compression_ratio\": 1.9179331064224243, \"no_speech_prob\": 0.05340022221207619}, {\"id\": 43, \"seek\": 11312, \"start\": 123.44000244140625, \"end\": 126.19999694824219, \"text\": \" it's like, so cool to hang out with you. Like, it's so hard for\", \"tokens\": [50880, 309, 311, 411, 11, 370, 1627, 281, 3967, 484, 365, 291, 13, 1743, 11, 309, 311, 370, 1152, 337, 51018], \"temperature\": 0.0, \"avg_logprob\": -0.19877387583255768, \"compression_ratio\": 1.9179331064224243, \"no_speech_prob\": 0.05340022221207619}, {\"id\": 44, \"seek\": 11312, \"start\": 126.19999694824219, \"end\": 128.39999389648438, \"text\": \" me to meet like, you know, because we're roughly the same\", \"tokens\": [51018, 385, 281, 1677, 411, 11, 291, 458, 11, 570, 321, 434, 9810, 264, 912, 51128], \"temperature\": 0.0, \"avg_logprob\": -0.19877387583255768, \"compression_ratio\": 1.9179331064224243, \"no_speech_prob\": 0.05340022221207619}, {\"id\": 45, \"seek\": 11312, \"start\": 128.39999389648438, \"end\": 130.9199981689453, \"text\": \" age. You know, he's like three years older than me. And he's\", \"tokens\": [51128, 3205, 13, 509, 458, 11, 415, 311, 411, 1045, 924, 4906, 813, 385, 13, 400, 415, 311, 51254], \"temperature\": 0.0, \"avg_logprob\": -0.19877387583255768, \"compression_ratio\": 1.9179331064224243, \"no_speech_prob\": 0.05340022221207619}, {\"id\": 46, \"seek\": 11312, \"start\": 130.9199981689453, \"end\": 134.27999877929688, \"text\": \" like, you know, it's so hard to meet guys who are cool who can\", \"tokens\": [51254, 411, 11, 291, 458, 11, 309, 311, 370, 1152, 281, 1677, 1074, 567, 366, 1627, 567, 393, 51422], \"temperature\": 0.0, \"avg_logprob\": -0.19877387583255768, \"compression_ratio\": 1.9179331064224243, \"no_speech_prob\": 0.05340022221207619}, {\"id\": 47, \"seek\": 11312, \"start\": 134.32000732421875, \"end\": 138.36000061035156, \"text\": \" like, enjoy this lifestyle with me. Because most of these guys,\", \"tokens\": [51424, 411, 11, 2103, 341, 11716, 365, 385, 13, 1436, 881, 295, 613, 1074, 11, 51626], \"temperature\": 0.0, \"avg_logprob\": -0.19877387583255768, \"compression_ratio\": 1.9179331064224243, \"no_speech_prob\": 0.05340022221207619}, {\"id\": 48, \"seek\": 11312, \"start\": 138.36000061035156, \"end\": 140.75999450683594, \"text\": \" like they're, you know, they're just they're not or they're like,\", \"tokens\": [51626, 411, 436, 434, 11, 291, 458, 11, 436, 434, 445, 436, 434, 406, 420, 436, 434, 411, 11, 51746], \"temperature\": 0.0, \"avg_logprob\": -0.19877387583255768, \"compression_ratio\": 1.9179331064224243, \"no_speech_prob\": 0.05340022221207619}, {\"id\": 49, \"seek\": 11312, \"start\": 140.75999450683594, \"end\": 142.52000427246094, \"text\": \" you know, they're cheating on their wife, and they're here at\", \"tokens\": [51746, 291, 458, 11, 436, 434, 18309, 322, 641, 3836, 11, 293, 436, 434, 510, 412, 51834], \"temperature\": 0.0, \"avg_logprob\": -0.19877387583255768, \"compression_ratio\": 1.9179331064224243, \"no_speech_prob\": 0.05340022221207619}, {\"id\": 50, \"seek\": 14252, \"start\": 142.52000427246094, \"end\": 144.44000244140625, \"text\": \" the party, but they're not actually single. And they're,\", \"tokens\": [50364, 264, 3595, 11, 457, 436, 434, 406, 767, 2167, 13, 400, 436, 434, 11, 50460], \"temperature\": 0.0, \"avg_logprob\": -0.20816822350025177, \"compression_ratio\": 1.7491856813430786, \"no_speech_prob\": 0.08387060463428497}, {\"id\": 51, \"seek\": 14252, \"start\": 144.63999938964844, \"end\": 147.8000030517578, \"text\": \" you know, they're not like in this world. And he was like,\", \"tokens\": [50470, 291, 458, 11, 436, 434, 406, 411, 294, 341, 1002, 13, 400, 415, 390, 411, 11, 50628], \"temperature\": 0.0, \"avg_logprob\": -0.20816822350025177, \"compression_ratio\": 1.7491856813430786, \"no_speech_prob\": 0.08387060463428497}, {\"id\": 52, \"seek\": 14252, \"start\": 147.8000030517578, \"end\": 150.1999969482422, \"text\": \" Listen, I'm putting together a trip to the Maldives, we're\", \"tokens\": [50628, 7501, 11, 286, 478, 3372, 1214, 257, 4931, 281, 264, 376, 3976, 1539, 11, 321, 434, 50748], \"temperature\": 0.0, \"avg_logprob\": -0.20816822350025177, \"compression_ratio\": 1.7491856813430786, \"no_speech_prob\": 0.08387060463428497}, {\"id\": 53, \"seek\": 14252, \"start\": 150.1999969482422, \"end\": 153.52000427246094, \"text\": \" gonna shoot the Playboy calendar, the guy who was\", \"tokens\": [50748, 799, 3076, 264, 5506, 12795, 12183, 11, 264, 2146, 567, 390, 50914], \"temperature\": 0.0, \"avg_logprob\": -0.20816822350025177, \"compression_ratio\": 1.7491856813430786, \"no_speech_prob\": 0.08387060463428497}, {\"id\": 54, \"seek\": 14252, \"start\": 153.52000427246094, \"end\": 156.55999755859375, \"text\": \" supposed to come who paid for half the boat, he's having a\", \"tokens\": [50914, 3442, 281, 808, 567, 4835, 337, 1922, 264, 6582, 11, 415, 311, 1419, 257, 51066], \"temperature\": 0.0, \"avg_logprob\": -0.20816822350025177, \"compression_ratio\": 1.7491856813430786, \"no_speech_prob\": 0.08387060463428497}, {\"id\": 55, \"seek\": 14252, \"start\": 156.55999755859375, \"end\": 160.8000030517578, \"text\": \" kid, he can't make it. So we've got a yacht, we've got 21 Playboy\", \"tokens\": [51066, 1636, 11, 415, 393, 380, 652, 309, 13, 407, 321, 600, 658, 257, 39629, 11, 321, 600, 658, 5080, 5506, 12795, 51278], \"temperature\": 0.0, \"avg_logprob\": -0.20816822350025177, \"compression_ratio\": 1.7491856813430786, \"no_speech_prob\": 0.08387060463428497}, {\"id\": 56, \"seek\": 14252, \"start\": 160.8000030517578, \"end\": 164.24000549316406, \"text\": \" models coming, it's going to be me and you can bring the rest of\", \"tokens\": [51278, 5245, 1348, 11, 309, 311, 516, 281, 312, 385, 293, 291, 393, 1565, 264, 1472, 295, 51450], \"temperature\": 0.0, \"avg_logprob\": -0.20816822350025177, \"compression_ratio\": 1.7491856813430786, \"no_speech_prob\": 0.08387060463428497}, {\"id\": 57, \"seek\": 14252, \"start\": 164.24000549316406, \"end\": 168.32000732421875, \"text\": \" the guys. And I was like, holy shit, this is fucking amazing.\", \"tokens\": [51450, 264, 1074, 13, 400, 286, 390, 411, 11, 10622, 4611, 11, 341, 307, 5546, 2243, 13, 51654], \"temperature\": 0.0, \"avg_logprob\": -0.20816822350025177, \"compression_ratio\": 1.7491856813430786, \"no_speech_prob\": 0.08387060463428497}, {\"id\": 58, \"seek\": 14252, \"start\": 168.36000061035156, \"end\": 170.75999450683594, \"text\": \" And you can just bring the guys and have the pay or they can\", \"tokens\": [51656, 400, 291, 393, 445, 1565, 264, 1074, 293, 362, 264, 1689, 420, 436, 393, 51776], \"temperature\": 0.0, \"avg_logprob\": -0.20816822350025177, \"compression_ratio\": 1.7491856813430786, \"no_speech_prob\": 0.08387060463428497}, {\"id\": 59, \"seek\": 17076, \"start\": 171.0800018310547, \"end\": 173.36000061035156, \"text\": \" Oh, no, we had to pay for like the other half of the boat.\", \"tokens\": [50380, 876, 11, 572, 11, 321, 632, 281, 1689, 337, 411, 264, 661, 1922, 295, 264, 6582, 13, 50494], \"temperature\": 0.0, \"avg_logprob\": -0.2568398714065552, \"compression_ratio\": 1.625, \"no_speech_prob\": 0.013214434497058392}, {\"id\": 60, \"seek\": 17076, \"start\": 173.72000122070312, \"end\": 177.36000061035156, \"text\": \" Right. So it was like 60 grand for like the boat for a week. So\", \"tokens\": [50512, 1779, 13, 407, 309, 390, 411, 4060, 2697, 337, 411, 264, 6582, 337, 257, 1243, 13, 407, 50694], \"temperature\": 0.0, \"avg_logprob\": -0.2568398714065552, \"compression_ratio\": 1.625, \"no_speech_prob\": 0.013214434497058392}, {\"id\": 61, \"seek\": 17076, \"start\": 177.36000061035156, \"end\": 181.47999572753906, \"text\": \" this is a this is a 150 foot yacht, or you know, 50 meter\", \"tokens\": [50694, 341, 307, 257, 341, 307, 257, 8451, 2671, 39629, 11, 420, 291, 458, 11, 2625, 9255, 50900], \"temperature\": 0.0, \"avg_logprob\": -0.2568398714065552, \"compression_ratio\": 1.625, \"no_speech_prob\": 0.013214434497058392}, {\"id\": 62, \"seek\": 17076, \"start\": 181.47999572753906, \"end\": 189.0, \"text\": \" yacht. With nine, nine cabins, a crew of 10. Maldivian guys,\", \"tokens\": [50900, 39629, 13, 2022, 4949, 11, 4949, 5487, 1292, 11, 257, 7260, 295, 1266, 13, 376, 3976, 592, 952, 1074, 11, 51276], \"temperature\": 0.0, \"avg_logprob\": -0.2568398714065552, \"compression_ratio\": 1.625, \"no_speech_prob\": 0.013214434497058392}, {\"id\": 63, \"seek\": 17076, \"start\": 189.0, \"end\": 192.32000732421875, \"text\": \" right. So Indian style sort of guys. And I'm like, why are you\", \"tokens\": [51276, 558, 13, 407, 6427, 3758, 1333, 295, 1074, 13, 400, 286, 478, 411, 11, 983, 366, 291, 51442], \"temperature\": 0.0, \"avg_logprob\": -0.2568398714065552, \"compression_ratio\": 1.625, \"no_speech_prob\": 0.013214434497058392}, {\"id\": 64, \"seek\": 17076, \"start\": 192.32000732421875, \"end\": 194.8800048828125, \"text\": \" doing the trip in the Maldives? He's like, well, because a few\", \"tokens\": [51442, 884, 264, 4931, 294, 264, 376, 3976, 1539, 30, 634, 311, 411, 11, 731, 11, 570, 257, 1326, 51570], \"temperature\": 0.0, \"avg_logprob\": -0.2568398714065552, \"compression_ratio\": 1.625, \"no_speech_prob\": 0.013214434497058392}, {\"id\": 65, \"seek\": 17076, \"start\": 194.8800048828125, \"end\": 197.72000122070312, \"text\": \" reasons one is an amazing place for like to shoot the Playboy\", \"tokens\": [51570, 4112, 472, 307, 364, 2243, 1081, 337, 411, 281, 3076, 264, 5506, 12795, 51712], \"temperature\": 0.0, \"avg_logprob\": -0.2568398714065552, \"compression_ratio\": 1.625, \"no_speech_prob\": 0.013214434497058392}, {\"id\": 66, \"seek\": 19772, \"start\": 197.75999450683594, \"end\": 201.72000122070312, \"text\": \" calendar to the boat and the crew is not like hot French\", \"tokens\": [50366, 12183, 281, 264, 6582, 293, 264, 7260, 307, 406, 411, 2368, 5522, 50564], \"temperature\": 0.0, \"avg_logprob\": -0.21902626752853394, \"compression_ratio\": 1.7572253942489624, \"no_speech_prob\": 0.2750636339187622}, {\"id\": 67, \"seek\": 19772, \"start\": 201.72000122070312, \"end\": 204.36000061035156, \"text\": \" guys with a hot captain. It's like these Maldivian guys who\", \"tokens\": [50564, 1074, 365, 257, 2368, 14871, 13, 467, 311, 411, 613, 376, 3976, 592, 952, 1074, 567, 50696], \"temperature\": 0.0, \"avg_logprob\": -0.21902626752853394, \"compression_ratio\": 1.7572253942489624, \"no_speech_prob\": 0.2750636339187622}, {\"id\": 68, \"seek\": 19772, \"start\": 204.36000061035156, \"end\": 206.63999938964844, \"text\": \" are like no competition whatsoever. So we don't have to\", \"tokens\": [50696, 366, 411, 572, 6211, 17076, 13, 407, 321, 500, 380, 362, 281, 50810], \"temperature\": 0.0, \"avg_logprob\": -0.21902626752853394, \"compression_ratio\": 1.7572253942489624, \"no_speech_prob\": 0.2750636339187622}, {\"id\": 69, \"seek\": 19772, \"start\": 206.63999938964844, \"end\": 209.72000122070312, \"text\": \" worry about you know, those guys like hooking up with the girls.\", \"tokens\": [50810, 3292, 466, 291, 458, 11, 729, 1074, 411, 1106, 5953, 493, 365, 264, 4519, 13, 50964], \"temperature\": 0.0, \"avg_logprob\": -0.21902626752853394, \"compression_ratio\": 1.7572253942489624, \"no_speech_prob\": 0.2750636339187622}, {\"id\": 70, \"seek\": 19772, \"start\": 209.9199981689453, \"end\": 212.52000427246094, \"text\": \" The other thing that he did that was so genius at his birthday\", \"tokens\": [50974, 440, 661, 551, 300, 415, 630, 300, 390, 370, 14017, 412, 702, 6154, 51104], \"temperature\": 0.0, \"avg_logprob\": -0.21902626752853394, \"compression_ratio\": 1.7572253942489624, \"no_speech_prob\": 0.2750636339187622}, {\"id\": 71, \"seek\": 19772, \"start\": 212.52000427246094, \"end\": 216.83999633789062, \"text\": \" party. He had like a full band ensemble, like play in the train\", \"tokens\": [51104, 3595, 13, 634, 632, 411, 257, 1577, 4116, 19492, 11, 411, 862, 294, 264, 3847, 51320], \"temperature\": 0.0, \"avg_logprob\": -0.21902626752853394, \"compression_ratio\": 1.7572253942489624, \"no_speech_prob\": 0.2750636339187622}, {\"id\": 72, \"seek\": 19772, \"start\": 216.83999633789062, \"end\": 218.9199981689453, \"text\": \" and play during the event. But those guys couldn't stay at the\", \"tokens\": [51320, 293, 862, 1830, 264, 2280, 13, 583, 729, 1074, 2809, 380, 1754, 412, 264, 51424], \"temperature\": 0.0, \"avg_logprob\": -0.21902626752853394, \"compression_ratio\": 1.7572253942489624, \"no_speech_prob\": 0.2750636339187622}, {\"id\": 73, \"seek\": 19772, \"start\": 218.9199981689453, \"end\": 221.55999755859375, \"text\": \" hotel, because he knew all the all the girls would try to hook\", \"tokens\": [51424, 7622, 11, 570, 415, 2586, 439, 264, 439, 264, 4519, 576, 853, 281, 6328, 51556], \"temperature\": 0.0, \"avg_logprob\": -0.21902626752853394, \"compression_ratio\": 1.7572253942489624, \"no_speech_prob\": 0.2750636339187622}, {\"id\": 74, \"seek\": 19772, \"start\": 221.55999755859375, \"end\": 223.60000610351562, \"text\": \" up with the musicians. So he made them stay at a different\", \"tokens\": [51556, 493, 365, 264, 16916, 13, 407, 415, 1027, 552, 1754, 412, 257, 819, 51658], \"temperature\": 0.0, \"avg_logprob\": -0.21902626752853394, \"compression_ratio\": 1.7572253942489624, \"no_speech_prob\": 0.2750636339187622}, {\"id\": 75, \"seek\": 19772, \"start\": 223.60000610351562, \"end\": 227.1199951171875, \"text\": \" hotel. So this guy was like, it's all strategic, isn't it?\", \"tokens\": [51658, 7622, 13, 407, 341, 2146, 390, 411, 11, 309, 311, 439, 10924, 11, 1943, 380, 309, 30, 51834], \"temperature\": 0.0, \"avg_logprob\": -0.21902626752853394, \"compression_ratio\": 1.7572253942489624, \"no_speech_prob\": 0.2750636339187622}, {\"id\": 76, \"seek\": 22712, \"start\": 227.60000610351562, \"end\": 230.9600067138672, \"text\": \" Yeah, yeah. And he's like, control the environment control\", \"tokens\": [50388, 865, 11, 1338, 13, 400, 415, 311, 411, 11, 1969, 264, 2823, 1969, 50556], \"temperature\": 0.0, \"avg_logprob\": -0.2162870466709137, \"compression_ratio\": 2.040678024291992, \"no_speech_prob\": 0.0025893361307680607}, {\"id\": 77, \"seek\": 22712, \"start\": 230.9600067138672, \"end\": 233.75999450683594, \"text\": \" the ratio, you're on a yacht, there's no nightclubs, there's\", \"tokens\": [50556, 264, 8509, 11, 291, 434, 322, 257, 39629, 11, 456, 311, 572, 1818, 3474, 5432, 11, 456, 311, 50696], \"temperature\": 0.0, \"avg_logprob\": -0.2162870466709137, \"compression_ratio\": 2.040678024291992, \"no_speech_prob\": 0.0025893361307680607}, {\"id\": 78, \"seek\": 22712, \"start\": 233.75999450683594, \"end\": 236.0, \"text\": \" no shopping, the girls don't, you know, can't go to the\", \"tokens\": [50696, 572, 8688, 11, 264, 4519, 500, 380, 11, 291, 458, 11, 393, 380, 352, 281, 264, 50808], \"temperature\": 0.0, \"avg_logprob\": -0.2162870466709137, \"compression_ratio\": 2.040678024291992, \"no_speech_prob\": 0.0025893361307680607}, {\"id\": 79, \"seek\": 22712, \"start\": 236.0, \"end\": 238.83999633789062, \"text\": \" movies. It's like, you know, you're on a desert island,\", \"tokens\": [50808, 6233, 13, 467, 311, 411, 11, 291, 458, 11, 291, 434, 322, 257, 11029, 6077, 11, 50950], \"temperature\": 0.0, \"avg_logprob\": -0.2162870466709137, \"compression_ratio\": 2.040678024291992, \"no_speech_prob\": 0.0025893361307680607}, {\"id\": 80, \"seek\": 22712, \"start\": 239.24000549316406, \"end\": 242.0, \"text\": \" private island each day, and you're you're on the boat. And\", \"tokens\": [50970, 4551, 6077, 1184, 786, 11, 293, 291, 434, 291, 434, 322, 264, 6582, 13, 400, 51108], \"temperature\": 0.0, \"avg_logprob\": -0.2162870466709137, \"compression_ratio\": 2.040678024291992, \"no_speech_prob\": 0.0025893361307680607}, {\"id\": 81, \"seek\": 22712, \"start\": 242.0, \"end\": 244.9600067138672, \"text\": \" there's there's nothing else, right. And it's just like, you\", \"tokens\": [51108, 456, 311, 456, 311, 1825, 1646, 11, 558, 13, 400, 309, 311, 445, 411, 11, 291, 51256], \"temperature\": 0.0, \"avg_logprob\": -0.2162870466709137, \"compression_ratio\": 2.040678024291992, \"no_speech_prob\": 0.0025893361307680607}, {\"id\": 82, \"seek\": 22712, \"start\": 244.9600067138672, \"end\": 248.63999938964844, \"text\": \" know, he's like, even the even the photographer, he's like, you\", \"tokens\": [51256, 458, 11, 415, 311, 411, 11, 754, 264, 754, 264, 19494, 11, 415, 311, 411, 11, 291, 51440], \"temperature\": 0.0, \"avg_logprob\": -0.2162870466709137, \"compression_ratio\": 2.040678024291992, \"no_speech_prob\": 0.0025893361307680607}, {\"id\": 83, \"seek\": 22712, \"start\": 248.63999938964844, \"end\": 251.72000122070312, \"text\": \" can bring your own photographer, because we need one, obviously\", \"tokens\": [51440, 393, 1565, 428, 1065, 19494, 11, 570, 321, 643, 472, 11, 2745, 51594], \"temperature\": 0.0, \"avg_logprob\": -0.2162870466709137, \"compression_ratio\": 2.040678024291992, \"no_speech_prob\": 0.0025893361307680607}, {\"id\": 84, \"seek\": 22712, \"start\": 251.72000122070312, \"end\": 253.67999267578125, \"text\": \" to shoot. And he's like, I'm a photographer, so I can do it,\", \"tokens\": [51594, 281, 3076, 13, 400, 415, 311, 411, 11, 286, 478, 257, 19494, 11, 370, 286, 393, 360, 309, 11, 51692], \"temperature\": 0.0, \"avg_logprob\": -0.2162870466709137, \"compression_ratio\": 2.040678024291992, \"no_speech_prob\": 0.0025893361307680607}, {\"id\": 85, \"seek\": 22712, \"start\": 253.67999267578125, \"end\": 256.67999267578125, \"text\": \" but like bring someone else. So you probably have heard, you\", \"tokens\": [51692, 457, 411, 1565, 1580, 1646, 13, 407, 291, 1391, 362, 2198, 11, 291, 51842], \"temperature\": 0.0, \"avg_logprob\": -0.2162870466709137, \"compression_ratio\": 2.040678024291992, \"no_speech_prob\": 0.0025893361307680607}, {\"id\": 86, \"seek\": 25668, \"start\": 256.67999267578125, \"end\": 259.1199951171875, \"text\": \" know, the story. But this is how I basically like brought the\", \"tokens\": [50364, 458, 11, 264, 1657, 13, 583, 341, 307, 577, 286, 1936, 411, 3038, 264, 50486], \"temperature\": 0.0, \"avg_logprob\": -0.24724557995796204, \"compression_ratio\": 1.6195286512374878, \"no_speech_prob\": 0.030662231147289276}, {\"id\": 87, \"seek\": 25668, \"start\": 259.1199951171875, \"end\": 261.7200012207031, \"text\": \" TNL guys into this. So I called James Marshall is a friend of\", \"tokens\": [50486, 314, 45, 43, 1074, 666, 341, 13, 407, 286, 1219, 5678, 17279, 307, 257, 1277, 295, 50616], \"temperature\": 0.0, \"avg_logprob\": -0.24724557995796204, \"compression_ratio\": 1.6195286512374878, \"no_speech_prob\": 0.030662231147289276}, {\"id\": 88, \"seek\": 25668, \"start\": 261.7200012207031, \"end\": 265.32000732421875, \"text\": \" mine, and Liam and Alex, and I'm like, hey, you guys want to go\", \"tokens\": [50616, 3892, 11, 293, 32860, 293, 5202, 11, 293, 286, 478, 411, 11, 4177, 11, 291, 1074, 528, 281, 352, 50796], \"temperature\": 0.0, \"avg_logprob\": -0.24724557995796204, \"compression_ratio\": 1.6195286512374878, \"no_speech_prob\": 0.030662231147289276}, {\"id\": 89, \"seek\": 25668, \"start\": 265.32000732421875, \"end\": 267.760009765625, \"text\": \" to the Maldives with 21 Playboy models? They're like, what?\", \"tokens\": [50796, 281, 264, 376, 3976, 1539, 365, 5080, 5506, 12795, 5245, 30, 814, 434, 411, 11, 437, 30, 50918], \"temperature\": 0.0, \"avg_logprob\": -0.24724557995796204, \"compression_ratio\": 1.6195286512374878, \"no_speech_prob\": 0.030662231147289276}, {\"id\": 90, \"seek\": 25668, \"start\": 268.8399963378906, \"end\": 269.6000061035156, \"text\": \" The fuck is this?\", \"tokens\": [50972, 440, 3275, 307, 341, 30, 51010], \"temperature\": 0.0, \"avg_logprob\": -0.24724557995796204, \"compression_ratio\": 1.6195286512374878, \"no_speech_prob\": 0.030662231147289276}, {\"id\": 91, \"seek\": 25668, \"start\": 271.1199951171875, \"end\": 273.3999938964844, \"text\": \" And like, I'll think about it.\", \"tokens\": [51086, 400, 411, 11, 286, 603, 519, 466, 309, 13, 51200], \"temperature\": 0.0, \"avg_logprob\": -0.24724557995796204, \"compression_ratio\": 1.6195286512374878, \"no_speech_prob\": 0.030662231147289276}, {\"id\": 92, \"seek\": 25668, \"start\": 275.6000061035156, \"end\": 278.8399963378906, \"text\": \" You know, we kind of like split the cost. So it was like 30\", \"tokens\": [51310, 509, 458, 11, 321, 733, 295, 411, 7472, 264, 2063, 13, 407, 309, 390, 411, 2217, 51472], \"temperature\": 0.0, \"avg_logprob\": -0.24724557995796204, \"compression_ratio\": 1.6195286512374878, \"no_speech_prob\": 0.030662231147289276}, {\"id\": 93, \"seek\": 25668, \"start\": 278.8399963378906, \"end\": 281.9599914550781, \"text\": \" grand split amongst like five guys, right? And crypto had gone\", \"tokens\": [51472, 2697, 7472, 12918, 411, 1732, 1074, 11, 558, 30, 400, 17240, 632, 2780, 51628], \"temperature\": 0.0, \"avg_logprob\": -0.24724557995796204, \"compression_ratio\": 1.6195286512374878, \"no_speech_prob\": 0.030662231147289276}, {\"id\": 94, \"seek\": 25668, \"start\": 281.9599914550781, \"end\": 286.32000732421875, \"text\": \" up at the time. So it was, it was a no brainer. It's peanuts.\", \"tokens\": [51628, 493, 412, 264, 565, 13, 407, 309, 390, 11, 309, 390, 257, 572, 3567, 260, 13, 467, 311, 32895, 13, 51846], \"temperature\": 0.0, \"avg_logprob\": -0.24724557995796204, \"compression_ratio\": 1.6195286512374878, \"no_speech_prob\": 0.030662231147289276}, {\"id\": 95, \"seek\": 28632, \"start\": 286.9200134277344, \"end\": 291.67999267578125, \"text\": \" Yeah. So that trip was like the most eye opening thing ever for\", \"tokens\": [50394, 865, 13, 407, 300, 4931, 390, 411, 264, 881, 3313, 5193, 551, 1562, 337, 50632], \"temperature\": 0.0, \"avg_logprob\": -0.2250060886144638, \"compression_ratio\": 1.6525096893310547, \"no_speech_prob\": 0.010168320499360561}, {\"id\": 96, \"seek\": 28632, \"start\": 291.67999267578125, \"end\": 295.1199951171875, \"text\": \" me. Right? Because like, now, finally, I didn't have the\", \"tokens\": [50632, 385, 13, 1779, 30, 1436, 411, 11, 586, 11, 2721, 11, 286, 994, 380, 362, 264, 50804], \"temperature\": 0.0, \"avg_logprob\": -0.2250060886144638, \"compression_ratio\": 1.6525096893310547, \"no_speech_prob\": 0.010168320499360561}, {\"id\": 97, \"seek\": 28632, \"start\": 295.1199951171875, \"end\": 299.760009765625, \"text\": \" highest status on the boat, Vitaly did. Right. However, I\", \"tokens\": [50804, 6343, 6558, 322, 264, 6582, 11, 48307, 88, 630, 13, 1779, 13, 2908, 11, 286, 51036], \"temperature\": 0.0, \"avg_logprob\": -0.2250060886144638, \"compression_ratio\": 1.6525096893310547, \"no_speech_prob\": 0.010168320499360561}, {\"id\": 98, \"seek\": 28632, \"start\": 299.760009765625, \"end\": 303.760009765625, \"text\": \" wasn't fat and bald, and like, grabby and touchy feely like\", \"tokens\": [51036, 2067, 380, 4046, 293, 21096, 11, 293, 411, 11, 4444, 2322, 293, 2557, 88, 579, 736, 411, 51236], \"temperature\": 0.0, \"avg_logprob\": -0.2250060886144638, \"compression_ratio\": 1.6525096893310547, \"no_speech_prob\": 0.010168320499360561}, {\"id\": 99, \"seek\": 28632, \"start\": 303.760009765625, \"end\": 307.8399963378906, \"text\": \" him, I was like, really socially adjusted. And like, I took all\", \"tokens\": [51236, 796, 11, 286, 390, 411, 11, 534, 21397, 19871, 13, 400, 411, 11, 286, 1890, 439, 51440], \"temperature\": 0.0, \"avg_logprob\": -0.2250060886144638, \"compression_ratio\": 1.6525096893310547, \"no_speech_prob\": 0.010168320499360561}, {\"id\": 100, \"seek\": 28632, \"start\": 307.8399963378906, \"end\": 311.44000244140625, \"text\": \" the things I learned from all these failures, and I applied it\", \"tokens\": [51440, 264, 721, 286, 3264, 490, 439, 613, 20774, 11, 293, 286, 6456, 309, 51620], \"temperature\": 0.0, \"avg_logprob\": -0.2250060886144638, \"compression_ratio\": 1.6525096893310547, \"no_speech_prob\": 0.010168320499360561}, {\"id\": 101, \"seek\": 28632, \"start\": 311.67999267578125, \"end\": 315.9200134277344, \"text\": \" on that week long trip. Like, it was like my greatest, I don't\", \"tokens\": [51632, 322, 300, 1243, 938, 4931, 13, 1743, 11, 309, 390, 411, 452, 6636, 11, 286, 500, 380, 51844], \"temperature\": 0.0, \"avg_logprob\": -0.2250060886144638, \"compression_ratio\": 1.6525096893310547, \"no_speech_prob\": 0.010168320499360561}, {\"id\": 102, \"seek\": 31592, \"start\": 315.9200134277344, \"end\": 319.3599853515625, \"text\": \" know, like execution of game ever. So\", \"tokens\": [50364, 458, 11, 411, 15058, 295, 1216, 1562, 13, 407, 50536], \"temperature\": 0.0, \"avg_logprob\": -0.37341007590293884, \"compression_ratio\": 0.8409090638160706, \"no_speech_prob\": 0.07157678157091141}]}"}