{"title": "Does she want me or not? The true meaning underneath her words. Hint: her rejection might be false.", "video_id": "N08gvvMO8Aw", "video_url": "https://www.youtube.com/watch?v=N08gvvMO8Aw", "description": "", "published_at": "2023-10-25T18:45:49Z", "channel_id": "UC0O-ohYDF4P66HW9XJ4Us8w", "channel_title": "Robbie Kramer", "tags": [], "category_id": "24", "live_broadcast_content": "none", "duration": 59.0, "dimension": "2d", "definition": "hd", "caption": "false", "view_count": 120, "like_count": 3, "comment_count": 0, "channel_info": {"title": "Robbie Kramer", "description": "I'm Robbie Kramer \ud83c\udf99Host of The Inner Confidence Podcast & Founder of Inner Confidence, Inc.\n\nI lived an exhilarating single life filled with adventures and lessons, and ultimately achieved what I had always aspired to \u2013 finding an amazing, feminine, and loving wife. \n\nI believe my experiences provide a rare balance of wild freedom and committed love, equipping me with the insights to help you navigate the complexities of dating and relationships in today's world. Let me guide you to embrace your desires, improve your social prowess, and ultimately attract the partner who aligns with your highest aspirations.\n\nYou won\u2019t find any fluffy, new-age, or cringy stuff here, just tested, proven and actionable advice that yields results.\n\nApply to join our exclusive Inner Confidence Community of ambitious men who are actively working together to achieve their goals faster   \u25ba https://innerconfidence.com/community\n\nYou can email me at robbie@innerconfidence.com with any questions or comments.\n", "subscriber_count": "1270", "total_views": "604693", "total_videos": "470"}, "comments": [], "file_path": "/Users/aelaguiz/workspace/fc_book/audio/raws/N08gvvMO8Aw.mp3", "transcription": "{\"text\": \"James, maybe I shouldn't be here. I'm sorry, I'm not being fair. You know, under normal circumstances, et cetera, you're really nice and funny. My friend Anna thinks you're cute. This is a standard sort of rejection that a girl will give, right? Like, oh, if I wasn't in this sort of situation, you're perfect for my friend. Yeah. Just for me, you know, it's just not the right time. It's not this or it's not that. So the classic mistake is to listen to what she's saying and take it at face value. And to think, oh yeah, I guess she's right. And maybe I should have gone for the friend and woe is me. And to let her negative mood bring you down. It's not the truth. You shouldn't think, oh, okay, it's how she really feels. Don't listen to what they say is what she's saying. When women say stuff, you shouldn't listen. That's the tricky part. Because women say a lot of things that are true, but they might not be true all the time. No, we have like an emotional language. Sometimes black is white and white is black. Yeah, if you don't understand when up is down and down is up. \", \"segments\": [{\"id\": 0, \"seek\": 0, \"start\": 0.0, \"end\": 2.0, \"text\": \" James, maybe I shouldn't be here.\", \"tokens\": [50364, 5678, 11, 1310, 286, 4659, 380, 312, 510, 13, 50464], \"temperature\": 0.0, \"avg_logprob\": -0.2608169615268707, \"compression_ratio\": 1.6503496170043945, \"no_speech_prob\": 0.07460009306669235}, {\"id\": 1, \"seek\": 0, \"start\": 2.0, \"end\": 4.920000076293945, \"text\": \" I'm sorry, I'm not being fair.\", \"tokens\": [50464, 286, 478, 2597, 11, 286, 478, 406, 885, 3143, 13, 50610], \"temperature\": 0.0, \"avg_logprob\": -0.2608169615268707, \"compression_ratio\": 1.6503496170043945, \"no_speech_prob\": 0.07460009306669235}, {\"id\": 2, \"seek\": 0, \"start\": 6.880000114440918, \"end\": 10.319999694824219, \"text\": \" You know, under normal circumstances, et cetera,\", \"tokens\": [50708, 509, 458, 11, 833, 2710, 9121, 11, 1030, 11458, 11, 50880], \"temperature\": 0.0, \"avg_logprob\": -0.2608169615268707, \"compression_ratio\": 1.6503496170043945, \"no_speech_prob\": 0.07460009306669235}, {\"id\": 3, \"seek\": 0, \"start\": 10.319999694824219, \"end\": 13.600000381469727, \"text\": \" you're really nice and funny.\", \"tokens\": [50880, 291, 434, 534, 1481, 293, 4074, 13, 51044], \"temperature\": 0.0, \"avg_logprob\": -0.2608169615268707, \"compression_ratio\": 1.6503496170043945, \"no_speech_prob\": 0.07460009306669235}, {\"id\": 4, \"seek\": 0, \"start\": 13.600000381469727, \"end\": 15.319999694824219, \"text\": \" My friend Anna thinks you're cute.\", \"tokens\": [51044, 1222, 1277, 12899, 7309, 291, 434, 4052, 13, 51130], \"temperature\": 0.0, \"avg_logprob\": -0.2608169615268707, \"compression_ratio\": 1.6503496170043945, \"no_speech_prob\": 0.07460009306669235}, {\"id\": 5, \"seek\": 0, \"start\": 15.319999694824219, \"end\": 16.920000076293945, \"text\": \" This is a standard sort of rejection\", \"tokens\": [51130, 639, 307, 257, 3832, 1333, 295, 26044, 51210], \"temperature\": 0.0, \"avg_logprob\": -0.2608169615268707, \"compression_ratio\": 1.6503496170043945, \"no_speech_prob\": 0.07460009306669235}, {\"id\": 6, \"seek\": 0, \"start\": 16.920000076293945, \"end\": 18.040000915527344, \"text\": \" that a girl will give, right?\", \"tokens\": [51210, 300, 257, 2013, 486, 976, 11, 558, 30, 51266], \"temperature\": 0.0, \"avg_logprob\": -0.2608169615268707, \"compression_ratio\": 1.6503496170043945, \"no_speech_prob\": 0.07460009306669235}, {\"id\": 7, \"seek\": 0, \"start\": 18.040000915527344, \"end\": 20.68000030517578, \"text\": \" Like, oh, if I wasn't in this sort of situation,\", \"tokens\": [51266, 1743, 11, 1954, 11, 498, 286, 2067, 380, 294, 341, 1333, 295, 2590, 11, 51398], \"temperature\": 0.0, \"avg_logprob\": -0.2608169615268707, \"compression_ratio\": 1.6503496170043945, \"no_speech_prob\": 0.07460009306669235}, {\"id\": 8, \"seek\": 0, \"start\": 20.68000030517578, \"end\": 21.920000076293945, \"text\": \" you're perfect for my friend.\", \"tokens\": [51398, 291, 434, 2176, 337, 452, 1277, 13, 51460], \"temperature\": 0.0, \"avg_logprob\": -0.2608169615268707, \"compression_ratio\": 1.6503496170043945, \"no_speech_prob\": 0.07460009306669235}, {\"id\": 9, \"seek\": 0, \"start\": 21.920000076293945, \"end\": 22.760000228881836, \"text\": \" Yeah.\", \"tokens\": [51460, 865, 13, 51502], \"temperature\": 0.0, \"avg_logprob\": -0.2608169615268707, \"compression_ratio\": 1.6503496170043945, \"no_speech_prob\": 0.07460009306669235}, {\"id\": 10, \"seek\": 0, \"start\": 22.760000228881836, \"end\": 24.479999542236328, \"text\": \" Just for me, you know, it's just not the right time.\", \"tokens\": [51502, 1449, 337, 385, 11, 291, 458, 11, 309, 311, 445, 406, 264, 558, 565, 13, 51588], \"temperature\": 0.0, \"avg_logprob\": -0.2608169615268707, \"compression_ratio\": 1.6503496170043945, \"no_speech_prob\": 0.07460009306669235}, {\"id\": 11, \"seek\": 0, \"start\": 24.479999542236328, \"end\": 25.600000381469727, \"text\": \" It's not this or it's not that.\", \"tokens\": [51588, 467, 311, 406, 341, 420, 309, 311, 406, 300, 13, 51644], \"temperature\": 0.0, \"avg_logprob\": -0.2608169615268707, \"compression_ratio\": 1.6503496170043945, \"no_speech_prob\": 0.07460009306669235}, {\"id\": 12, \"seek\": 0, \"start\": 25.600000381469727, \"end\": 29.079999923706055, \"text\": \" So the classic mistake is to listen to what she's saying\", \"tokens\": [51644, 407, 264, 7230, 6146, 307, 281, 2140, 281, 437, 750, 311, 1566, 51818], \"temperature\": 0.0, \"avg_logprob\": -0.2608169615268707, \"compression_ratio\": 1.6503496170043945, \"no_speech_prob\": 0.07460009306669235}, {\"id\": 13, \"seek\": 2908, \"start\": 29.1200008392334, \"end\": 30.520000457763672, \"text\": \" and take it at face value.\", \"tokens\": [50366, 293, 747, 309, 412, 1851, 2158, 13, 50436], \"temperature\": 0.0, \"avg_logprob\": -0.2387998402118683, \"compression_ratio\": 1.780701756477356, \"no_speech_prob\": 4.132111280341633e-05}, {\"id\": 14, \"seek\": 2908, \"start\": 30.520000457763672, \"end\": 32.880001068115234, \"text\": \" And to think, oh yeah, I guess she's right.\", \"tokens\": [50436, 400, 281, 519, 11, 1954, 1338, 11, 286, 2041, 750, 311, 558, 13, 50554], \"temperature\": 0.0, \"avg_logprob\": -0.2387998402118683, \"compression_ratio\": 1.780701756477356, \"no_speech_prob\": 4.132111280341633e-05}, {\"id\": 15, \"seek\": 2908, \"start\": 32.880001068115234, \"end\": 35.31999969482422, \"text\": \" And maybe I should have gone for the friend and woe is me.\", \"tokens\": [50554, 400, 1310, 286, 820, 362, 2780, 337, 264, 1277, 293, 6020, 68, 307, 385, 13, 50676], \"temperature\": 0.0, \"avg_logprob\": -0.2387998402118683, \"compression_ratio\": 1.780701756477356, \"no_speech_prob\": 4.132111280341633e-05}, {\"id\": 16, \"seek\": 2908, \"start\": 35.31999969482422, \"end\": 37.599998474121094, \"text\": \" And to let her negative mood bring you down.\", \"tokens\": [50676, 400, 281, 718, 720, 3671, 9268, 1565, 291, 760, 13, 50790], \"temperature\": 0.0, \"avg_logprob\": -0.2387998402118683, \"compression_ratio\": 1.780701756477356, \"no_speech_prob\": 4.132111280341633e-05}, {\"id\": 17, \"seek\": 2908, \"start\": 37.599998474121094, \"end\": 38.959999084472656, \"text\": \" It's not the truth.\", \"tokens\": [50790, 467, 311, 406, 264, 3494, 13, 50858], \"temperature\": 0.0, \"avg_logprob\": -0.2387998402118683, \"compression_ratio\": 1.780701756477356, \"no_speech_prob\": 4.132111280341633e-05}, {\"id\": 18, \"seek\": 2908, \"start\": 38.959999084472656, \"end\": 41.439998626708984, \"text\": \" You shouldn't think, oh, okay, it's how she really feels.\", \"tokens\": [50858, 509, 4659, 380, 519, 11, 1954, 11, 1392, 11, 309, 311, 577, 750, 534, 3417, 13, 50982], \"temperature\": 0.0, \"avg_logprob\": -0.2387998402118683, \"compression_ratio\": 1.780701756477356, \"no_speech_prob\": 4.132111280341633e-05}, {\"id\": 19, \"seek\": 2908, \"start\": 41.439998626708984, \"end\": 43.52000045776367, \"text\": \" Don't listen to what they say is what she's saying.\", \"tokens\": [50982, 1468, 380, 2140, 281, 437, 436, 584, 307, 437, 750, 311, 1566, 13, 51086], \"temperature\": 0.0, \"avg_logprob\": -0.2387998402118683, \"compression_ratio\": 1.780701756477356, \"no_speech_prob\": 4.132111280341633e-05}, {\"id\": 20, \"seek\": 2908, \"start\": 43.52000045776367, \"end\": 46.84000015258789, \"text\": \" When women say stuff, you shouldn't listen.\", \"tokens\": [51086, 1133, 2266, 584, 1507, 11, 291, 4659, 380, 2140, 13, 51252], \"temperature\": 0.0, \"avg_logprob\": -0.2387998402118683, \"compression_ratio\": 1.780701756477356, \"no_speech_prob\": 4.132111280341633e-05}, {\"id\": 21, \"seek\": 2908, \"start\": 46.84000015258789, \"end\": 47.68000030517578, \"text\": \" That's the tricky part.\", \"tokens\": [51252, 663, 311, 264, 12414, 644, 13, 51294], \"temperature\": 0.0, \"avg_logprob\": -0.2387998402118683, \"compression_ratio\": 1.780701756477356, \"no_speech_prob\": 4.132111280341633e-05}, {\"id\": 22, \"seek\": 2908, \"start\": 47.68000030517578, \"end\": 50.31999969482422, \"text\": \" Because women say a lot of things that are true,\", \"tokens\": [51294, 1436, 2266, 584, 257, 688, 295, 721, 300, 366, 2074, 11, 51426], \"temperature\": 0.0, \"avg_logprob\": -0.2387998402118683, \"compression_ratio\": 1.780701756477356, \"no_speech_prob\": 4.132111280341633e-05}, {\"id\": 23, \"seek\": 2908, \"start\": 50.31999969482422, \"end\": 52.2400016784668, \"text\": \" but they might not be true all the time.\", \"tokens\": [51426, 457, 436, 1062, 406, 312, 2074, 439, 264, 565, 13, 51522], \"temperature\": 0.0, \"avg_logprob\": -0.2387998402118683, \"compression_ratio\": 1.780701756477356, \"no_speech_prob\": 4.132111280341633e-05}, {\"id\": 24, \"seek\": 2908, \"start\": 52.2400016784668, \"end\": 54.36000061035156, \"text\": \" No, we have like an emotional language.\", \"tokens\": [51522, 883, 11, 321, 362, 411, 364, 6863, 2856, 13, 51628], \"temperature\": 0.0, \"avg_logprob\": -0.2387998402118683, \"compression_ratio\": 1.780701756477356, \"no_speech_prob\": 4.132111280341633e-05}, {\"id\": 25, \"seek\": 2908, \"start\": 54.36000061035156, \"end\": 56.08000183105469, \"text\": \" Sometimes black is white and white is black.\", \"tokens\": [51628, 4803, 2211, 307, 2418, 293, 2418, 307, 2211, 13, 51714], \"temperature\": 0.0, \"avg_logprob\": -0.2387998402118683, \"compression_ratio\": 1.780701756477356, \"no_speech_prob\": 4.132111280341633e-05}, {\"id\": 26, \"seek\": 2908, \"start\": 56.08000183105469, \"end\": 57.63999938964844, \"text\": \" Yeah, if you don't understand when up is down\", \"tokens\": [51714, 865, 11, 498, 291, 500, 380, 1223, 562, 493, 307, 760, 51792], \"temperature\": 0.0, \"avg_logprob\": -0.2387998402118683, \"compression_ratio\": 1.780701756477356, \"no_speech_prob\": 4.132111280341633e-05}, {\"id\": 27, \"seek\": 2908, \"start\": 57.63999938964844, \"end\": 58.47999954223633, \"text\": \" and down is up.\", \"tokens\": [51792, 293, 760, 307, 493, 13, 51834], \"temperature\": 0.0, \"avg_logprob\": -0.2387998402118683, \"compression_ratio\": 1.780701756477356, \"no_speech_prob\": 4.132111280341633e-05}]}"}