{"title": "The Confidence Alignment Grid", "video_id": "n_0C3mQp90M", "video_url": "https://www.youtube.com/watch?v=n_0C3mQp90M", "description": "To listen to more episodes of the Inner Confidence Podcast, visit the links below:\nWebsite: https://innerconfidence.com/podcast/\niTunes:https://podcasts.apple.com/us/podcast/inner-confidence-podcast/id986699444 \nSpotify: https://open.spotify.com/show/2zkWuTnt7whvnR6CO6oNPV\nRSS: https://innerconfidence.com/series/leverage-podcast/feed/\n\nAnd if you're interested in learning more about my coaching services and connecting with me, check out these links:\nLinkTree: https://linktr.ee/Robbiekramer\nMain Site: https://innerconfidence.com/\nInstagram: https://www.instagram.com/robbie_kramer/\nTikTok: https://www.tiktok.com/@robbie.kramer\nYouTube: https://www.youtube.com/innerconfidence\n\nThank you for tuning in, and I look forward to helping you build your inner confidence and achieve success!\n\nJoin us : https://innerconfidence.com/leverage/\nBook a call with me : https://start.innerconfidence.com/video1\n\n\n#personaldevelopment #selfimprovement #innerconfidence #innerconfidencepodcast #podcast #coaching #success #motivation #inspiration #mindset #datingcoach #relationshipgoals #confidencecoach #selfimprovement #successfulmen", "published_at": "2011-07-29T08:14:30Z", "channel_id": "UC0O-ohYDF4P66HW9XJ4Us8w", "channel_title": "Robbie Kramer", "tags": ["inner", "confidence", "alpha", "male", "approach", "women", "attract", "being", "man", "dating", "flirting", "tips", "get", "girl", "girlfriend", "how", "to", "woman", "date", "flirt", "girls", "game", "love", "masculine", "masculinity", "meet", "online", "pickup", "seduction", "single", "spiritual"], "category_id": "26", "live_broadcast_content": "none", "duration": 381.0, "dimension": "2d", "definition": "sd", "caption": "false", "view_count": 1748, "like_count": 3, "comment_count": 1, "channel_info": {"title": "Robbie Kramer", "description": "I'm Robbie Kramer \ud83c\udf99Host of The Inner Confidence Podcast & Founder of Inner Confidence, Inc.\n\nI lived an exhilarating single life filled with adventures and lessons, and ultimately achieved what I had always aspired to \u2013 finding an amazing, feminine, and loving wife. \n\nI believe my experiences provide a rare balance of wild freedom and committed love, equipping me with the insights to help you navigate the complexities of dating and relationships in today's world. Let me guide you to embrace your desires, improve your social prowess, and ultimately attract the partner who aligns with your highest aspirations.\n\nYou won\u2019t find any fluffy, new-age, or cringy stuff here, just tested, proven and actionable advice that yields results.\n\nApply to join our exclusive Inner Confidence Community of ambitious men who are actively working together to achieve their goals faster   \u25ba https://innerconfidence.com/community\n\nYou can email me at robbie@innerconfidence.com with any questions or comments.\n", "subscriber_count": "1270", "total_views": "604693", "total_videos": "470"}, "comments": [], "file_path": "/Users/aelaguiz/workspace/fc_book/audio/raws/n_0C3mQp90M.mp3", "transcription": "{\"text\": \"Hey guys, this is Robbie Kramer and I want to welcome you to Inner Confidence. In the next few minutes, you're going to have a huge aha because you're going to realize why you're not getting more dates, why you're not connecting with more women based on the actions that you've been taking. It's a big problem in the market right now is that guys are learning amazing techniques from these really successful gurus, but they just aren't working. In this short video, you're going to find out exactly why that is. I'm going to talk about a concept called external alignment. Your external alignment dictates which strategies are the best fit for you to use when you're out meeting women. I created this grid to simplify. On the top, we've got two columns. We've got extroverted and introverted, and on the left, we've got two rows. We've got aggressive and passive. Extroverted people are more comfortable in social situations and they feel energized around others, while introverted people enjoy being alone or in small groups, and they experience more energy by being alone. On the left, we've got aggressive people. Aggressive people make decisions quickly, decisively, and they tend to take a lot of risks. Aggressive people are more cautious. They're less comfortable going after what they want. Now let me explain each individual spot. On the top left, we've got the party guy. The strengths of a party guy is that they meet and attract women really easily because they're vocal, they're in the spotlight, they go for it, they're aggressive. They're often the life of the party. That's why I call them the party guy. Their weaknesses is that they have trouble keeping the women they meet a lot of the time because they can be obnoxious, over the top. They don't connect with a lot of women. They tend to date other party girls. Women might leave due to instability, due to that craziness. Now on the top right, we've got the bad boy or mysterious guy. The strengths of the bad boy or the mysterious guy is that they meet and attract women very easily because they're very direct, they're very forward, and they have no problem being aggressive. They just go for it. The weaknesses that they experience is that they think they're better than other people. They tend to walk on people, control people, which causes them to be disliked. They're impatient. It's kind of like my way or the highway. This can also lead to problems connecting with women. Women will complain that they never listen, and this creates a lot of drama and tension during relationships. They get a lot of women. They don't keep a lot of women. Now the next guy on the grid is what I call the nice or sweet guy. This is the guy I used to be. They are extroverted and passive. They make people feel really comfortable. They have a lot of friends. These are their strengths. They're easy to get to know. They're very inviting and warm. They make you feel good. Their weaknesses is that they tend to do anything to avoid confrontation, which causes people to walk all over them. They'll always buy other people's excuses. They're often too nice to get the girl attracted. They fall into the let's just be friends zone. You always hear the same thing. Oh, you're such a great guy. I know this amazing girl. You guys are really going to hit it off. I think we're better off just as friends, and that's the girl that you really want. The last category on the grid is the analytical smart guy. The strengths of this guy is that they're great at solving problems. They're very trustworthy. They keep their word. Their weaknesses is that they overanalyze and experience paralysis of analysis. They tend to be critical and cautious. They're perfectionist, and they're often skeptical and pessimistic. They don't give off a very warm or friendly vibe. They have to be right, and they hate taking action unless they're 100% sure it's the right thing to do. Now, the tragic flaw of the nice guys and the analytical guys is that they usually don't take action. This passivity leaves them with very few opportunities to meet and connect with women. They're passive because they feel embarrassed if a woman finds out that they're sexually attracted to her, because passive guys are usually uncomfortable with sexual tension. This often leads to them falling into the friend zone at best, or just a lack of women in their life completely. But here's the kicker that really keeps passive guys stuck. Most of the gurus teaching dating, seduction, and how to be women are in that aggressive portion of the grid. They're party guys. They're mysterious guys or bad boys. They can give you some amazing techniques, and the techniques work, but they only work for you if they're in alignment with who you are. The gurus are going to tell you, just do it. Follow my paint-by-number system, and you can have what I have. And what they're telling you to do is be aggressive, but if you tell a passive guy to be aggressive, he's going to resist because it isn't in his nature. It's not in alignment with who he is. This was the problem that I had. I knew what I should be doing. I knew the action to take. I knew I could follow the paint-by-number system, but it just wasn't a fit for me. Because you can't teach a passive guy to be aggressive, but you can teach a passive guy to be assertive, and this will allow you to make the shift to the last spot on the grid. That is what I call the confident guy. He's assertive, and he's connected. And I've created an assessment quiz to help you determine your spot on the grid, and after you assess your external alignment, I'm going to figure out how to help you make the shift from wherever you are to the confident guy category. I'll give you a hint. You make the shift by focusing on your internal alignment. That's the next critical piece to success. Take the quiz below to find out where you fall, and then I'm going to teach you all about your internal alignment as we go on. \", \"segments\": [{\"id\": 0, \"seek\": 0, \"start\": 0.0, \"end\": 13.479999542236328, \"text\": \" Hey guys, this is Robbie Kramer and I want to welcome you to Inner Confidence.\", \"tokens\": [50364, 1911, 1074, 11, 341, 307, 45749, 591, 44772, 293, 286, 528, 281, 2928, 291, 281, 36705, 11701, 2778, 13, 51038], \"temperature\": 0.0, \"avg_logprob\": -0.23459655046463013, \"compression_ratio\": 1.6293103694915771, \"no_speech_prob\": 0.14956144988536835}, {\"id\": 1, \"seek\": 0, \"start\": 13.479999542236328, \"end\": 18.540000915527344, \"text\": \" In the next few minutes, you're going to have a huge aha because you're going to realize\", \"tokens\": [51038, 682, 264, 958, 1326, 2077, 11, 291, 434, 516, 281, 362, 257, 2603, 47340, 570, 291, 434, 516, 281, 4325, 51291], \"temperature\": 0.0, \"avg_logprob\": -0.23459655046463013, \"compression_ratio\": 1.6293103694915771, \"no_speech_prob\": 0.14956144988536835}, {\"id\": 2, \"seek\": 0, \"start\": 18.540000915527344, \"end\": 22.81999969482422, \"text\": \" why you're not getting more dates, why you're not connecting with more women based on the\", \"tokens\": [51291, 983, 291, 434, 406, 1242, 544, 11691, 11, 983, 291, 434, 406, 11015, 365, 544, 2266, 2361, 322, 264, 51505], \"temperature\": 0.0, \"avg_logprob\": -0.23459655046463013, \"compression_ratio\": 1.6293103694915771, \"no_speech_prob\": 0.14956144988536835}, {\"id\": 3, \"seek\": 0, \"start\": 22.81999969482422, \"end\": 24.719999313354492, \"text\": \" actions that you've been taking.\", \"tokens\": [51505, 5909, 300, 291, 600, 668, 1940, 13, 51600], \"temperature\": 0.0, \"avg_logprob\": -0.23459655046463013, \"compression_ratio\": 1.6293103694915771, \"no_speech_prob\": 0.14956144988536835}, {\"id\": 4, \"seek\": 0, \"start\": 24.719999313354492, \"end\": 29.040000915527344, \"text\": \" It's a big problem in the market right now is that guys are learning amazing techniques\", \"tokens\": [51600, 467, 311, 257, 955, 1154, 294, 264, 2142, 558, 586, 307, 300, 1074, 366, 2539, 2243, 7512, 51816], \"temperature\": 0.0, \"avg_logprob\": -0.23459655046463013, \"compression_ratio\": 1.6293103694915771, \"no_speech_prob\": 0.14956144988536835}, {\"id\": 5, \"seek\": 2904, \"start\": 29.079999923706055, \"end\": 33.15999984741211, \"text\": \" from these really successful gurus, but they just aren't working.\", \"tokens\": [50366, 490, 613, 534, 4406, 40642, 301, 11, 457, 436, 445, 3212, 380, 1364, 13, 50570], \"temperature\": 0.0, \"avg_logprob\": -0.22743086516857147, \"compression_ratio\": 1.6917293071746826, \"no_speech_prob\": 0.009707066230475903}, {\"id\": 6, \"seek\": 2904, \"start\": 33.15999984741211, \"end\": 37.15999984741211, \"text\": \" In this short video, you're going to find out exactly why that is.\", \"tokens\": [50570, 682, 341, 2099, 960, 11, 291, 434, 516, 281, 915, 484, 2293, 983, 300, 307, 13, 50770], \"temperature\": 0.0, \"avg_logprob\": -0.22743086516857147, \"compression_ratio\": 1.6917293071746826, \"no_speech_prob\": 0.009707066230475903}, {\"id\": 7, \"seek\": 2904, \"start\": 37.15999984741211, \"end\": 41.119998931884766, \"text\": \" I'm going to talk about a concept called external alignment.\", \"tokens\": [50770, 286, 478, 516, 281, 751, 466, 257, 3410, 1219, 8320, 18515, 13, 50968], \"temperature\": 0.0, \"avg_logprob\": -0.22743086516857147, \"compression_ratio\": 1.6917293071746826, \"no_speech_prob\": 0.009707066230475903}, {\"id\": 8, \"seek\": 2904, \"start\": 41.119998931884766, \"end\": 47.58000183105469, \"text\": \" Your external alignment dictates which strategies are the best fit for you to use when you're\", \"tokens\": [50968, 2260, 8320, 18515, 12569, 1024, 597, 9029, 366, 264, 1151, 3318, 337, 291, 281, 764, 562, 291, 434, 51291], \"temperature\": 0.0, \"avg_logprob\": -0.22743086516857147, \"compression_ratio\": 1.6917293071746826, \"no_speech_prob\": 0.009707066230475903}, {\"id\": 9, \"seek\": 2904, \"start\": 47.58000183105469, \"end\": 48.84000015258789, \"text\": \" out meeting women.\", \"tokens\": [51291, 484, 3440, 2266, 13, 51354], \"temperature\": 0.0, \"avg_logprob\": -0.22743086516857147, \"compression_ratio\": 1.6917293071746826, \"no_speech_prob\": 0.009707066230475903}, {\"id\": 10, \"seek\": 2904, \"start\": 48.84000015258789, \"end\": 51.68000030517578, \"text\": \" I created this grid to simplify.\", \"tokens\": [51354, 286, 2942, 341, 10748, 281, 20460, 13, 51496], \"temperature\": 0.0, \"avg_logprob\": -0.22743086516857147, \"compression_ratio\": 1.6917293071746826, \"no_speech_prob\": 0.009707066230475903}, {\"id\": 11, \"seek\": 2904, \"start\": 51.68000030517578, \"end\": 53.15999984741211, \"text\": \" On the top, we've got two columns.\", \"tokens\": [51496, 1282, 264, 1192, 11, 321, 600, 658, 732, 13766, 13, 51570], \"temperature\": 0.0, \"avg_logprob\": -0.22743086516857147, \"compression_ratio\": 1.6917293071746826, \"no_speech_prob\": 0.009707066230475903}, {\"id\": 12, \"seek\": 2904, \"start\": 53.15999984741211, \"end\": 57.15999984741211, \"text\": \" We've got extroverted and introverted, and on the left, we've got two rows.\", \"tokens\": [51570, 492, 600, 658, 1279, 340, 18537, 293, 12897, 18537, 11, 293, 322, 264, 1411, 11, 321, 600, 658, 732, 13241, 13, 51770], \"temperature\": 0.0, \"avg_logprob\": -0.22743086516857147, \"compression_ratio\": 1.6917293071746826, \"no_speech_prob\": 0.009707066230475903}, {\"id\": 13, \"seek\": 5716, \"start\": 57.15999984741211, \"end\": 60.31999969482422, \"text\": \" We've got aggressive and passive.\", \"tokens\": [50364, 492, 600, 658, 10762, 293, 14975, 13, 50522], \"temperature\": 0.0, \"avg_logprob\": -0.23113924264907837, \"compression_ratio\": 1.774647831916809, \"no_speech_prob\": 0.000458294409327209}, {\"id\": 14, \"seek\": 5716, \"start\": 60.31999969482422, \"end\": 64.5999984741211, \"text\": \" Extroverted people are more comfortable in social situations and they feel energized\", \"tokens\": [50522, 9881, 340, 18537, 561, 366, 544, 4619, 294, 2093, 6851, 293, 436, 841, 49231, 50736], \"temperature\": 0.0, \"avg_logprob\": -0.23113924264907837, \"compression_ratio\": 1.774647831916809, \"no_speech_prob\": 0.000458294409327209}, {\"id\": 15, \"seek\": 5716, \"start\": 64.5999984741211, \"end\": 71.27999877929688, \"text\": \" around others, while introverted people enjoy being alone or in small groups, and they experience\", \"tokens\": [50736, 926, 2357, 11, 1339, 12897, 18537, 561, 2103, 885, 3312, 420, 294, 1359, 3935, 11, 293, 436, 1752, 51070], \"temperature\": 0.0, \"avg_logprob\": -0.23113924264907837, \"compression_ratio\": 1.774647831916809, \"no_speech_prob\": 0.000458294409327209}, {\"id\": 16, \"seek\": 5716, \"start\": 71.27999877929688, \"end\": 74.72000122070312, \"text\": \" more energy by being alone.\", \"tokens\": [51070, 544, 2281, 538, 885, 3312, 13, 51242], \"temperature\": 0.0, \"avg_logprob\": -0.23113924264907837, \"compression_ratio\": 1.774647831916809, \"no_speech_prob\": 0.000458294409327209}, {\"id\": 17, \"seek\": 5716, \"start\": 74.72000122070312, \"end\": 77.0, \"text\": \" On the left, we've got aggressive people.\", \"tokens\": [51242, 1282, 264, 1411, 11, 321, 600, 658, 10762, 561, 13, 51356], \"temperature\": 0.0, \"avg_logprob\": -0.23113924264907837, \"compression_ratio\": 1.774647831916809, \"no_speech_prob\": 0.000458294409327209}, {\"id\": 18, \"seek\": 5716, \"start\": 77.0, \"end\": 80.80000305175781, \"text\": \" Aggressive people make decisions quickly, decisively, and they tend to take a lot of\", \"tokens\": [51356, 41512, 22733, 561, 652, 5327, 2661, 11, 18206, 3413, 11, 293, 436, 3928, 281, 747, 257, 688, 295, 51546], \"temperature\": 0.0, \"avg_logprob\": -0.23113924264907837, \"compression_ratio\": 1.774647831916809, \"no_speech_prob\": 0.000458294409327209}, {\"id\": 19, \"seek\": 5716, \"start\": 80.80000305175781, \"end\": 82.63999938964844, \"text\": \" risks.\", \"tokens\": [51546, 10888, 13, 51638], \"temperature\": 0.0, \"avg_logprob\": -0.23113924264907837, \"compression_ratio\": 1.774647831916809, \"no_speech_prob\": 0.000458294409327209}, {\"id\": 20, \"seek\": 8264, \"start\": 82.63999938964844, \"end\": 84.87999725341797, \"text\": \" Aggressive people are more cautious.\", \"tokens\": [50364, 41512, 22733, 561, 366, 544, 25278, 13, 50476], \"temperature\": 0.0, \"avg_logprob\": -0.2700607180595398, \"compression_ratio\": 1.719665288925171, \"no_speech_prob\": 0.37015947699546814}, {\"id\": 21, \"seek\": 8264, \"start\": 84.87999725341797, \"end\": 88.23999786376953, \"text\": \" They're less comfortable going after what they want.\", \"tokens\": [50476, 814, 434, 1570, 4619, 516, 934, 437, 436, 528, 13, 50644], \"temperature\": 0.0, \"avg_logprob\": -0.2700607180595398, \"compression_ratio\": 1.719665288925171, \"no_speech_prob\": 0.37015947699546814}, {\"id\": 22, \"seek\": 8264, \"start\": 88.23999786376953, \"end\": 91.44000244140625, \"text\": \" Now let me explain each individual spot.\", \"tokens\": [50644, 823, 718, 385, 2903, 1184, 2609, 4008, 13, 50804], \"temperature\": 0.0, \"avg_logprob\": -0.2700607180595398, \"compression_ratio\": 1.719665288925171, \"no_speech_prob\": 0.37015947699546814}, {\"id\": 23, \"seek\": 8264, \"start\": 91.44000244140625, \"end\": 95.4800033569336, \"text\": \" On the top left, we've got the party guy.\", \"tokens\": [50804, 1282, 264, 1192, 1411, 11, 321, 600, 658, 264, 3595, 2146, 13, 51006], \"temperature\": 0.0, \"avg_logprob\": -0.2700607180595398, \"compression_ratio\": 1.719665288925171, \"no_speech_prob\": 0.37015947699546814}, {\"id\": 24, \"seek\": 8264, \"start\": 95.4800033569336, \"end\": 99.5199966430664, \"text\": \" The strengths of a party guy is that they meet and attract women really easily because\", \"tokens\": [51006, 440, 16986, 295, 257, 3595, 2146, 307, 300, 436, 1677, 293, 5049, 2266, 534, 3612, 570, 51208], \"temperature\": 0.0, \"avg_logprob\": -0.2700607180595398, \"compression_ratio\": 1.719665288925171, \"no_speech_prob\": 0.37015947699546814}, {\"id\": 25, \"seek\": 8264, \"start\": 99.5199966430664, \"end\": 105.4800033569336, \"text\": \" they're vocal, they're in the spotlight, they go for it, they're aggressive.\", \"tokens\": [51208, 436, 434, 11657, 11, 436, 434, 294, 264, 24656, 11, 436, 352, 337, 309, 11, 436, 434, 10762, 13, 51506], \"temperature\": 0.0, \"avg_logprob\": -0.2700607180595398, \"compression_ratio\": 1.719665288925171, \"no_speech_prob\": 0.37015947699546814}, {\"id\": 26, \"seek\": 8264, \"start\": 105.4800033569336, \"end\": 106.68000030517578, \"text\": \" They're often the life of the party.\", \"tokens\": [51506, 814, 434, 2049, 264, 993, 295, 264, 3595, 13, 51566], \"temperature\": 0.0, \"avg_logprob\": -0.2700607180595398, \"compression_ratio\": 1.719665288925171, \"no_speech_prob\": 0.37015947699546814}, {\"id\": 27, \"seek\": 8264, \"start\": 106.68000030517578, \"end\": 108.5999984741211, \"text\": \" That's why I call them the party guy.\", \"tokens\": [51566, 663, 311, 983, 286, 818, 552, 264, 3595, 2146, 13, 51662], \"temperature\": 0.0, \"avg_logprob\": -0.2700607180595398, \"compression_ratio\": 1.719665288925171, \"no_speech_prob\": 0.37015947699546814}, {\"id\": 28, \"seek\": 10860, \"start\": 108.5999984741211, \"end\": 112.5199966430664, \"text\": \" Their weaknesses is that they have trouble keeping the women they meet a lot of the time\", \"tokens\": [50364, 6710, 24381, 307, 300, 436, 362, 5253, 5145, 264, 2266, 436, 1677, 257, 688, 295, 264, 565, 50560], \"temperature\": 0.0, \"avg_logprob\": -0.22161930799484253, \"compression_ratio\": 1.7676348686218262, \"no_speech_prob\": 0.2627952992916107}, {\"id\": 29, \"seek\": 10860, \"start\": 112.5199966430664, \"end\": 115.04000091552734, \"text\": \" because they can be obnoxious, over the top.\", \"tokens\": [50560, 570, 436, 393, 312, 1111, 29129, 851, 11, 670, 264, 1192, 13, 50686], \"temperature\": 0.0, \"avg_logprob\": -0.22161930799484253, \"compression_ratio\": 1.7676348686218262, \"no_speech_prob\": 0.2627952992916107}, {\"id\": 30, \"seek\": 10860, \"start\": 115.04000091552734, \"end\": 116.91999816894531, \"text\": \" They don't connect with a lot of women.\", \"tokens\": [50686, 814, 500, 380, 1745, 365, 257, 688, 295, 2266, 13, 50780], \"temperature\": 0.0, \"avg_logprob\": -0.22161930799484253, \"compression_ratio\": 1.7676348686218262, \"no_speech_prob\": 0.2627952992916107}, {\"id\": 31, \"seek\": 10860, \"start\": 116.91999816894531, \"end\": 120.12000274658203, \"text\": \" They tend to date other party girls.\", \"tokens\": [50780, 814, 3928, 281, 4002, 661, 3595, 4519, 13, 50940], \"temperature\": 0.0, \"avg_logprob\": -0.22161930799484253, \"compression_ratio\": 1.7676348686218262, \"no_speech_prob\": 0.2627952992916107}, {\"id\": 32, \"seek\": 10860, \"start\": 120.12000274658203, \"end\": 125.04000091552734, \"text\": \" Women might leave due to instability, due to that craziness.\", \"tokens\": [50940, 11065, 1062, 1856, 3462, 281, 34379, 11, 3462, 281, 300, 46348, 1324, 13, 51186], \"temperature\": 0.0, \"avg_logprob\": -0.22161930799484253, \"compression_ratio\": 1.7676348686218262, \"no_speech_prob\": 0.2627952992916107}, {\"id\": 33, \"seek\": 10860, \"start\": 125.04000091552734, \"end\": 130.39999389648438, \"text\": \" Now on the top right, we've got the bad boy or mysterious guy.\", \"tokens\": [51186, 823, 322, 264, 1192, 558, 11, 321, 600, 658, 264, 1578, 3237, 420, 13831, 2146, 13, 51454], \"temperature\": 0.0, \"avg_logprob\": -0.22161930799484253, \"compression_ratio\": 1.7676348686218262, \"no_speech_prob\": 0.2627952992916107}, {\"id\": 34, \"seek\": 10860, \"start\": 130.39999389648438, \"end\": 134.32000732421875, \"text\": \" The strengths of the bad boy or the mysterious guy is that they meet and attract women very\", \"tokens\": [51454, 440, 16986, 295, 264, 1578, 3237, 420, 264, 13831, 2146, 307, 300, 436, 1677, 293, 5049, 2266, 588, 51650], \"temperature\": 0.0, \"avg_logprob\": -0.22161930799484253, \"compression_ratio\": 1.7676348686218262, \"no_speech_prob\": 0.2627952992916107}, {\"id\": 35, \"seek\": 13432, \"start\": 134.32000732421875, \"end\": 138.44000244140625, \"text\": \" easily because they're very direct, they're very forward, and they have no problem being\", \"tokens\": [50364, 3612, 570, 436, 434, 588, 2047, 11, 436, 434, 588, 2128, 11, 293, 436, 362, 572, 1154, 885, 50570], \"temperature\": 0.0, \"avg_logprob\": -0.2483745664358139, \"compression_ratio\": 1.7076271772384644, \"no_speech_prob\": 0.31062933802604675}, {\"id\": 36, \"seek\": 13432, \"start\": 138.44000244140625, \"end\": 139.44000244140625, \"text\": \" aggressive.\", \"tokens\": [50570, 10762, 13, 50620], \"temperature\": 0.0, \"avg_logprob\": -0.2483745664358139, \"compression_ratio\": 1.7076271772384644, \"no_speech_prob\": 0.31062933802604675}, {\"id\": 37, \"seek\": 13432, \"start\": 139.44000244140625, \"end\": 141.1199951171875, \"text\": \" They just go for it.\", \"tokens\": [50620, 814, 445, 352, 337, 309, 13, 50704], \"temperature\": 0.0, \"avg_logprob\": -0.2483745664358139, \"compression_ratio\": 1.7076271772384644, \"no_speech_prob\": 0.31062933802604675}, {\"id\": 38, \"seek\": 13432, \"start\": 141.1199951171875, \"end\": 147.0399932861328, \"text\": \" The weaknesses that they experience is that they think they're better than other people.\", \"tokens\": [50704, 440, 24381, 300, 436, 1752, 307, 300, 436, 519, 436, 434, 1101, 813, 661, 561, 13, 51000], \"temperature\": 0.0, \"avg_logprob\": -0.2483745664358139, \"compression_ratio\": 1.7076271772384644, \"no_speech_prob\": 0.31062933802604675}, {\"id\": 39, \"seek\": 13432, \"start\": 147.0399932861328, \"end\": 151.63999938964844, \"text\": \" They tend to walk on people, control people, which causes them to be disliked.\", \"tokens\": [51000, 814, 3928, 281, 1792, 322, 561, 11, 1969, 561, 11, 597, 7700, 552, 281, 312, 717, 13462, 292, 13, 51230], \"temperature\": 0.0, \"avg_logprob\": -0.2483745664358139, \"compression_ratio\": 1.7076271772384644, \"no_speech_prob\": 0.31062933802604675}, {\"id\": 40, \"seek\": 13432, \"start\": 151.63999938964844, \"end\": 152.63999938964844, \"text\": \" They're impatient.\", \"tokens\": [51230, 814, 434, 36895, 13, 51280], \"temperature\": 0.0, \"avg_logprob\": -0.2483745664358139, \"compression_ratio\": 1.7076271772384644, \"no_speech_prob\": 0.31062933802604675}, {\"id\": 41, \"seek\": 13432, \"start\": 152.63999938964844, \"end\": 156.0, \"text\": \" It's kind of like my way or the highway.\", \"tokens\": [51280, 467, 311, 733, 295, 411, 452, 636, 420, 264, 17205, 13, 51448], \"temperature\": 0.0, \"avg_logprob\": -0.2483745664358139, \"compression_ratio\": 1.7076271772384644, \"no_speech_prob\": 0.31062933802604675}, {\"id\": 42, \"seek\": 13432, \"start\": 156.0, \"end\": 159.16000366210938, \"text\": \" This can also lead to problems connecting with women.\", \"tokens\": [51448, 639, 393, 611, 1477, 281, 2740, 11015, 365, 2266, 13, 51606], \"temperature\": 0.0, \"avg_logprob\": -0.2483745664358139, \"compression_ratio\": 1.7076271772384644, \"no_speech_prob\": 0.31062933802604675}, {\"id\": 43, \"seek\": 15916, \"start\": 159.16000366210938, \"end\": 165.0, \"text\": \" Women will complain that they never listen, and this creates a lot of drama and tension\", \"tokens\": [50364, 11065, 486, 11024, 300, 436, 1128, 2140, 11, 293, 341, 7829, 257, 688, 295, 9412, 293, 8980, 50656], \"temperature\": 0.0, \"avg_logprob\": -0.23833750188350677, \"compression_ratio\": 1.7777777910232544, \"no_speech_prob\": 0.30399343371391296}, {\"id\": 44, \"seek\": 15916, \"start\": 165.0, \"end\": 166.0399932861328, \"text\": \" during relationships.\", \"tokens\": [50656, 1830, 6159, 13, 50708], \"temperature\": 0.0, \"avg_logprob\": -0.23833750188350677, \"compression_ratio\": 1.7777777910232544, \"no_speech_prob\": 0.30399343371391296}, {\"id\": 45, \"seek\": 15916, \"start\": 166.0399932861328, \"end\": 167.0399932861328, \"text\": \" They get a lot of women.\", \"tokens\": [50708, 814, 483, 257, 688, 295, 2266, 13, 50758], \"temperature\": 0.0, \"avg_logprob\": -0.23833750188350677, \"compression_ratio\": 1.7777777910232544, \"no_speech_prob\": 0.30399343371391296}, {\"id\": 46, \"seek\": 15916, \"start\": 167.0399932861328, \"end\": 168.9199981689453, \"text\": \" They don't keep a lot of women.\", \"tokens\": [50758, 814, 500, 380, 1066, 257, 688, 295, 2266, 13, 50852], \"temperature\": 0.0, \"avg_logprob\": -0.23833750188350677, \"compression_ratio\": 1.7777777910232544, \"no_speech_prob\": 0.30399343371391296}, {\"id\": 47, \"seek\": 15916, \"start\": 168.9199981689453, \"end\": 173.02000427246094, \"text\": \" Now the next guy on the grid is what I call the nice or sweet guy.\", \"tokens\": [50852, 823, 264, 958, 2146, 322, 264, 10748, 307, 437, 286, 818, 264, 1481, 420, 3844, 2146, 13, 51057], \"temperature\": 0.0, \"avg_logprob\": -0.23833750188350677, \"compression_ratio\": 1.7777777910232544, \"no_speech_prob\": 0.30399343371391296}, {\"id\": 48, \"seek\": 15916, \"start\": 173.02000427246094, \"end\": 175.8000030517578, \"text\": \" This is the guy I used to be.\", \"tokens\": [51057, 639, 307, 264, 2146, 286, 1143, 281, 312, 13, 51196], \"temperature\": 0.0, \"avg_logprob\": -0.23833750188350677, \"compression_ratio\": 1.7777777910232544, \"no_speech_prob\": 0.30399343371391296}, {\"id\": 49, \"seek\": 15916, \"start\": 175.8000030517578, \"end\": 179.47999572753906, \"text\": \" They are extroverted and passive.\", \"tokens\": [51196, 814, 366, 1279, 340, 18537, 293, 14975, 13, 51380], \"temperature\": 0.0, \"avg_logprob\": -0.23833750188350677, \"compression_ratio\": 1.7777777910232544, \"no_speech_prob\": 0.30399343371391296}, {\"id\": 50, \"seek\": 15916, \"start\": 179.47999572753906, \"end\": 181.5800018310547, \"text\": \" They make people feel really comfortable.\", \"tokens\": [51380, 814, 652, 561, 841, 534, 4619, 13, 51485], \"temperature\": 0.0, \"avg_logprob\": -0.23833750188350677, \"compression_ratio\": 1.7777777910232544, \"no_speech_prob\": 0.30399343371391296}, {\"id\": 51, \"seek\": 15916, \"start\": 181.5800018310547, \"end\": 183.27999877929688, \"text\": \" They have a lot of friends.\", \"tokens\": [51485, 814, 362, 257, 688, 295, 1855, 13, 51570], \"temperature\": 0.0, \"avg_logprob\": -0.23833750188350677, \"compression_ratio\": 1.7777777910232544, \"no_speech_prob\": 0.30399343371391296}, {\"id\": 52, \"seek\": 15916, \"start\": 183.27999877929688, \"end\": 184.39999389648438, \"text\": \" These are their strengths.\", \"tokens\": [51570, 1981, 366, 641, 16986, 13, 51626], \"temperature\": 0.0, \"avg_logprob\": -0.23833750188350677, \"compression_ratio\": 1.7777777910232544, \"no_speech_prob\": 0.30399343371391296}, {\"id\": 53, \"seek\": 15916, \"start\": 184.39999389648438, \"end\": 185.77999877929688, \"text\": \" They're easy to get to know.\", \"tokens\": [51626, 814, 434, 1858, 281, 483, 281, 458, 13, 51695], \"temperature\": 0.0, \"avg_logprob\": -0.23833750188350677, \"compression_ratio\": 1.7777777910232544, \"no_speech_prob\": 0.30399343371391296}, {\"id\": 54, \"seek\": 15916, \"start\": 185.77999877929688, \"end\": 187.27999877929688, \"text\": \" They're very inviting and warm.\", \"tokens\": [51695, 814, 434, 588, 18202, 293, 4561, 13, 51770], \"temperature\": 0.0, \"avg_logprob\": -0.23833750188350677, \"compression_ratio\": 1.7777777910232544, \"no_speech_prob\": 0.30399343371391296}, {\"id\": 55, \"seek\": 15916, \"start\": 187.27999877929688, \"end\": 188.9600067138672, \"text\": \" They make you feel good.\", \"tokens\": [51770, 814, 652, 291, 841, 665, 13, 51854], \"temperature\": 0.0, \"avg_logprob\": -0.23833750188350677, \"compression_ratio\": 1.7777777910232544, \"no_speech_prob\": 0.30399343371391296}, {\"id\": 56, \"seek\": 18896, \"start\": 188.9600067138672, \"end\": 194.36000061035156, \"text\": \" Their weaknesses is that they tend to do anything to avoid confrontation, which causes people\", \"tokens\": [50364, 6710, 24381, 307, 300, 436, 3928, 281, 360, 1340, 281, 5042, 35363, 11, 597, 7700, 561, 50634], \"temperature\": 0.0, \"avg_logprob\": -0.25382813811302185, \"compression_ratio\": 1.665480375289917, \"no_speech_prob\": 0.053398046642541885}, {\"id\": 57, \"seek\": 18896, \"start\": 194.36000061035156, \"end\": 197.44000244140625, \"text\": \" to walk all over them.\", \"tokens\": [50634, 281, 1792, 439, 670, 552, 13, 50788], \"temperature\": 0.0, \"avg_logprob\": -0.25382813811302185, \"compression_ratio\": 1.665480375289917, \"no_speech_prob\": 0.053398046642541885}, {\"id\": 58, \"seek\": 18896, \"start\": 197.44000244140625, \"end\": 200.55999755859375, \"text\": \" They'll always buy other people's excuses.\", \"tokens\": [50788, 814, 603, 1009, 2256, 661, 561, 311, 24666, 13, 50944], \"temperature\": 0.0, \"avg_logprob\": -0.25382813811302185, \"compression_ratio\": 1.665480375289917, \"no_speech_prob\": 0.053398046642541885}, {\"id\": 59, \"seek\": 18896, \"start\": 200.55999755859375, \"end\": 202.63999938964844, \"text\": \" They're often too nice to get the girl attracted.\", \"tokens\": [50944, 814, 434, 2049, 886, 1481, 281, 483, 264, 2013, 15912, 13, 51048], \"temperature\": 0.0, \"avg_logprob\": -0.25382813811302185, \"compression_ratio\": 1.665480375289917, \"no_speech_prob\": 0.053398046642541885}, {\"id\": 60, \"seek\": 18896, \"start\": 202.63999938964844, \"end\": 206.63999938964844, \"text\": \" They fall into the let's just be friends zone.\", \"tokens\": [51048, 814, 2100, 666, 264, 718, 311, 445, 312, 1855, 6668, 13, 51248], \"temperature\": 0.0, \"avg_logprob\": -0.25382813811302185, \"compression_ratio\": 1.665480375289917, \"no_speech_prob\": 0.053398046642541885}, {\"id\": 61, \"seek\": 18896, \"start\": 206.63999938964844, \"end\": 207.83999633789062, \"text\": \" You always hear the same thing.\", \"tokens\": [51248, 509, 1009, 1568, 264, 912, 551, 13, 51308], \"temperature\": 0.0, \"avg_logprob\": -0.25382813811302185, \"compression_ratio\": 1.665480375289917, \"no_speech_prob\": 0.053398046642541885}, {\"id\": 62, \"seek\": 18896, \"start\": 207.83999633789062, \"end\": 210.32000732421875, \"text\": \" Oh, you're such a great guy.\", \"tokens\": [51308, 876, 11, 291, 434, 1270, 257, 869, 2146, 13, 51432], \"temperature\": 0.0, \"avg_logprob\": -0.25382813811302185, \"compression_ratio\": 1.665480375289917, \"no_speech_prob\": 0.053398046642541885}, {\"id\": 63, \"seek\": 18896, \"start\": 210.32000732421875, \"end\": 211.72000122070312, \"text\": \" I know this amazing girl.\", \"tokens\": [51432, 286, 458, 341, 2243, 2013, 13, 51502], \"temperature\": 0.0, \"avg_logprob\": -0.25382813811302185, \"compression_ratio\": 1.665480375289917, \"no_speech_prob\": 0.053398046642541885}, {\"id\": 64, \"seek\": 18896, \"start\": 211.72000122070312, \"end\": 213.63999938964844, \"text\": \" You guys are really going to hit it off.\", \"tokens\": [51502, 509, 1074, 366, 534, 516, 281, 2045, 309, 766, 13, 51598], \"temperature\": 0.0, \"avg_logprob\": -0.25382813811302185, \"compression_ratio\": 1.665480375289917, \"no_speech_prob\": 0.053398046642541885}, {\"id\": 65, \"seek\": 18896, \"start\": 213.63999938964844, \"end\": 218.16000366210938, \"text\": \" I think we're better off just as friends, and that's the girl that you really want.\", \"tokens\": [51598, 286, 519, 321, 434, 1101, 766, 445, 382, 1855, 11, 293, 300, 311, 264, 2013, 300, 291, 534, 528, 13, 51824], \"temperature\": 0.0, \"avg_logprob\": -0.25382813811302185, \"compression_ratio\": 1.665480375289917, \"no_speech_prob\": 0.053398046642541885}, {\"id\": 66, \"seek\": 21816, \"start\": 218.16000366210938, \"end\": 223.63999938964844, \"text\": \" The last category on the grid is the analytical smart guy.\", \"tokens\": [50364, 440, 1036, 7719, 322, 264, 10748, 307, 264, 29579, 4069, 2146, 13, 50638], \"temperature\": 0.0, \"avg_logprob\": -0.240826815366745, \"compression_ratio\": 1.7531914710998535, \"no_speech_prob\": 8.092638745438308e-05}, {\"id\": 67, \"seek\": 21816, \"start\": 223.63999938964844, \"end\": 227.1199951171875, \"text\": \" The strengths of this guy is that they're great at solving problems.\", \"tokens\": [50638, 440, 16986, 295, 341, 2146, 307, 300, 436, 434, 869, 412, 12606, 2740, 13, 50812], \"temperature\": 0.0, \"avg_logprob\": -0.240826815366745, \"compression_ratio\": 1.7531914710998535, \"no_speech_prob\": 8.092638745438308e-05}, {\"id\": 68, \"seek\": 21816, \"start\": 227.1199951171875, \"end\": 228.94000244140625, \"text\": \" They're very trustworthy.\", \"tokens\": [50812, 814, 434, 588, 39714, 13, 50903], \"temperature\": 0.0, \"avg_logprob\": -0.240826815366745, \"compression_ratio\": 1.7531914710998535, \"no_speech_prob\": 8.092638745438308e-05}, {\"id\": 69, \"seek\": 21816, \"start\": 228.94000244140625, \"end\": 231.1199951171875, \"text\": \" They keep their word.\", \"tokens\": [50903, 814, 1066, 641, 1349, 13, 51012], \"temperature\": 0.0, \"avg_logprob\": -0.240826815366745, \"compression_ratio\": 1.7531914710998535, \"no_speech_prob\": 8.092638745438308e-05}, {\"id\": 70, \"seek\": 21816, \"start\": 231.1199951171875, \"end\": 236.55999755859375, \"text\": \" Their weaknesses is that they overanalyze and experience paralysis of analysis.\", \"tokens\": [51012, 6710, 24381, 307, 300, 436, 670, 282, 5222, 1381, 293, 1752, 49507, 295, 5215, 13, 51284], \"temperature\": 0.0, \"avg_logprob\": -0.240826815366745, \"compression_ratio\": 1.7531914710998535, \"no_speech_prob\": 8.092638745438308e-05}, {\"id\": 71, \"seek\": 21816, \"start\": 236.55999755859375, \"end\": 238.3800048828125, \"text\": \" They tend to be critical and cautious.\", \"tokens\": [51284, 814, 3928, 281, 312, 4924, 293, 25278, 13, 51375], \"temperature\": 0.0, \"avg_logprob\": -0.240826815366745, \"compression_ratio\": 1.7531914710998535, \"no_speech_prob\": 8.092638745438308e-05}, {\"id\": 72, \"seek\": 21816, \"start\": 238.3800048828125, \"end\": 241.63999938964844, \"text\": \" They're perfectionist, and they're often skeptical and pessimistic.\", \"tokens\": [51375, 814, 434, 19708, 468, 11, 293, 436, 434, 2049, 28601, 293, 37399, 3142, 13, 51538], \"temperature\": 0.0, \"avg_logprob\": -0.240826815366745, \"compression_ratio\": 1.7531914710998535, \"no_speech_prob\": 8.092638745438308e-05}, {\"id\": 73, \"seek\": 21816, \"start\": 241.63999938964844, \"end\": 244.75999450683594, \"text\": \" They don't give off a very warm or friendly vibe.\", \"tokens\": [51538, 814, 500, 380, 976, 766, 257, 588, 4561, 420, 9208, 14606, 13, 51694], \"temperature\": 0.0, \"avg_logprob\": -0.240826815366745, \"compression_ratio\": 1.7531914710998535, \"no_speech_prob\": 8.092638745438308e-05}, {\"id\": 74, \"seek\": 24476, \"start\": 244.75999450683594, \"end\": 249.32000732421875, \"text\": \" They have to be right, and they hate taking action unless they're 100% sure it's the right\", \"tokens\": [50364, 814, 362, 281, 312, 558, 11, 293, 436, 4700, 1940, 3069, 5969, 436, 434, 2319, 4, 988, 309, 311, 264, 558, 50592], \"temperature\": 0.0, \"avg_logprob\": -0.2398311048746109, \"compression_ratio\": 1.7622641324996948, \"no_speech_prob\": 0.04084373638033867}, {\"id\": 75, \"seek\": 24476, \"start\": 249.32000732421875, \"end\": 250.32000732421875, \"text\": \" thing to do.\", \"tokens\": [50592, 551, 281, 360, 13, 50642], \"temperature\": 0.0, \"avg_logprob\": -0.2398311048746109, \"compression_ratio\": 1.7622641324996948, \"no_speech_prob\": 0.04084373638033867}, {\"id\": 76, \"seek\": 24476, \"start\": 250.32000732421875, \"end\": 256.1600036621094, \"text\": \" Now, the tragic flaw of the nice guys and the analytical guys is that they usually don't\", \"tokens\": [50642, 823, 11, 264, 20385, 13717, 295, 264, 1481, 1074, 293, 264, 29579, 1074, 307, 300, 436, 2673, 500, 380, 50934], \"temperature\": 0.0, \"avg_logprob\": -0.2398311048746109, \"compression_ratio\": 1.7622641324996948, \"no_speech_prob\": 0.04084373638033867}, {\"id\": 77, \"seek\": 24476, \"start\": 256.1600036621094, \"end\": 257.7200012207031, \"text\": \" take action.\", \"tokens\": [50934, 747, 3069, 13, 51012], \"temperature\": 0.0, \"avg_logprob\": -0.2398311048746109, \"compression_ratio\": 1.7622641324996948, \"no_speech_prob\": 0.04084373638033867}, {\"id\": 78, \"seek\": 24476, \"start\": 257.7200012207031, \"end\": 263.0, \"text\": \" This passivity leaves them with very few opportunities to meet and connect with women.\", \"tokens\": [51012, 639, 1320, 4253, 5510, 552, 365, 588, 1326, 4786, 281, 1677, 293, 1745, 365, 2266, 13, 51276], \"temperature\": 0.0, \"avg_logprob\": -0.2398311048746109, \"compression_ratio\": 1.7622641324996948, \"no_speech_prob\": 0.04084373638033867}, {\"id\": 79, \"seek\": 24476, \"start\": 263.0, \"end\": 267.4800109863281, \"text\": \" They're passive because they feel embarrassed if a woman finds out that they're sexually\", \"tokens\": [51276, 814, 434, 14975, 570, 436, 841, 16843, 498, 257, 3059, 10704, 484, 300, 436, 434, 26791, 51500], \"temperature\": 0.0, \"avg_logprob\": -0.2398311048746109, \"compression_ratio\": 1.7622641324996948, \"no_speech_prob\": 0.04084373638033867}, {\"id\": 80, \"seek\": 24476, \"start\": 267.4800109863281, \"end\": 273.5199890136719, \"text\": \" attracted to her, because passive guys are usually uncomfortable with sexual tension.\", \"tokens\": [51500, 15912, 281, 720, 11, 570, 14975, 1074, 366, 2673, 10532, 365, 6701, 8980, 13, 51802], \"temperature\": 0.0, \"avg_logprob\": -0.2398311048746109, \"compression_ratio\": 1.7622641324996948, \"no_speech_prob\": 0.04084373638033867}, {\"id\": 81, \"seek\": 27352, \"start\": 273.5199890136719, \"end\": 278.0400085449219, \"text\": \" This often leads to them falling into the friend zone at best, or just a lack of women\", \"tokens\": [50364, 639, 2049, 6689, 281, 552, 7440, 666, 264, 1277, 6668, 412, 1151, 11, 420, 445, 257, 5011, 295, 2266, 50590], \"temperature\": 0.0, \"avg_logprob\": -0.24500374495983124, \"compression_ratio\": 1.6447876691818237, \"no_speech_prob\": 0.0017006871057674289}, {\"id\": 82, \"seek\": 27352, \"start\": 278.0400085449219, \"end\": 279.67999267578125, \"text\": \" in their life completely.\", \"tokens\": [50590, 294, 641, 993, 2584, 13, 50672], \"temperature\": 0.0, \"avg_logprob\": -0.24500374495983124, \"compression_ratio\": 1.6447876691818237, \"no_speech_prob\": 0.0017006871057674289}, {\"id\": 83, \"seek\": 27352, \"start\": 279.67999267578125, \"end\": 283.760009765625, \"text\": \" But here's the kicker that really keeps passive guys stuck.\", \"tokens\": [50672, 583, 510, 311, 264, 4437, 260, 300, 534, 5965, 14975, 1074, 5541, 13, 50876], \"temperature\": 0.0, \"avg_logprob\": -0.24500374495983124, \"compression_ratio\": 1.6447876691818237, \"no_speech_prob\": 0.0017006871057674289}, {\"id\": 84, \"seek\": 27352, \"start\": 283.760009765625, \"end\": 289.67999267578125, \"text\": \" Most of the gurus teaching dating, seduction, and how to be women are in that aggressive\", \"tokens\": [50876, 4534, 295, 264, 40642, 301, 4571, 10689, 11, 9643, 27549, 11, 293, 577, 281, 312, 2266, 366, 294, 300, 10762, 51172], \"temperature\": 0.0, \"avg_logprob\": -0.24500374495983124, \"compression_ratio\": 1.6447876691818237, \"no_speech_prob\": 0.0017006871057674289}, {\"id\": 85, \"seek\": 27352, \"start\": 289.67999267578125, \"end\": 291.0799865722656, \"text\": \" portion of the grid.\", \"tokens\": [51172, 8044, 295, 264, 10748, 13, 51242], \"temperature\": 0.0, \"avg_logprob\": -0.24500374495983124, \"compression_ratio\": 1.6447876691818237, \"no_speech_prob\": 0.0017006871057674289}, {\"id\": 86, \"seek\": 27352, \"start\": 291.0799865722656, \"end\": 292.3599853515625, \"text\": \" They're party guys.\", \"tokens\": [51242, 814, 434, 3595, 1074, 13, 51306], \"temperature\": 0.0, \"avg_logprob\": -0.24500374495983124, \"compression_ratio\": 1.6447876691818237, \"no_speech_prob\": 0.0017006871057674289}, {\"id\": 87, \"seek\": 27352, \"start\": 292.3599853515625, \"end\": 295.0, \"text\": \" They're mysterious guys or bad boys.\", \"tokens\": [51306, 814, 434, 13831, 1074, 420, 1578, 6347, 13, 51438], \"temperature\": 0.0, \"avg_logprob\": -0.24500374495983124, \"compression_ratio\": 1.6447876691818237, \"no_speech_prob\": 0.0017006871057674289}, {\"id\": 88, \"seek\": 27352, \"start\": 295.0, \"end\": 300.6000061035156, \"text\": \" They can give you some amazing techniques, and the techniques work, but they only work\", \"tokens\": [51438, 814, 393, 976, 291, 512, 2243, 7512, 11, 293, 264, 7512, 589, 11, 457, 436, 787, 589, 51718], \"temperature\": 0.0, \"avg_logprob\": -0.24500374495983124, \"compression_ratio\": 1.6447876691818237, \"no_speech_prob\": 0.0017006871057674289}, {\"id\": 89, \"seek\": 30060, \"start\": 300.6000061035156, \"end\": 304.1600036621094, \"text\": \" for you if they're in alignment with who you are.\", \"tokens\": [50364, 337, 291, 498, 436, 434, 294, 18515, 365, 567, 291, 366, 13, 50542], \"temperature\": 0.0, \"avg_logprob\": -0.21316640079021454, \"compression_ratio\": 1.7430830001831055, \"no_speech_prob\": 0.8651003241539001}, {\"id\": 90, \"seek\": 30060, \"start\": 304.1600036621094, \"end\": 306.6400146484375, \"text\": \" The gurus are going to tell you, just do it.\", \"tokens\": [50542, 440, 40642, 301, 366, 516, 281, 980, 291, 11, 445, 360, 309, 13, 50666], \"temperature\": 0.0, \"avg_logprob\": -0.21316640079021454, \"compression_ratio\": 1.7430830001831055, \"no_speech_prob\": 0.8651003241539001}, {\"id\": 91, \"seek\": 30060, \"start\": 306.6400146484375, \"end\": 309.9200134277344, \"text\": \" Follow my paint-by-number system, and you can have what I have.\", \"tokens\": [50666, 9876, 452, 4225, 12, 2322, 12, 41261, 1185, 11, 293, 291, 393, 362, 437, 286, 362, 13, 50830], \"temperature\": 0.0, \"avg_logprob\": -0.21316640079021454, \"compression_ratio\": 1.7430830001831055, \"no_speech_prob\": 0.8651003241539001}, {\"id\": 92, \"seek\": 30060, \"start\": 309.9200134277344, \"end\": 316.1600036621094, \"text\": \" And what they're telling you to do is be aggressive, but if you tell a passive guy to be aggressive,\", \"tokens\": [50830, 400, 437, 436, 434, 3585, 291, 281, 360, 307, 312, 10762, 11, 457, 498, 291, 980, 257, 14975, 2146, 281, 312, 10762, 11, 51142], \"temperature\": 0.0, \"avg_logprob\": -0.21316640079021454, \"compression_ratio\": 1.7430830001831055, \"no_speech_prob\": 0.8651003241539001}, {\"id\": 93, \"seek\": 30060, \"start\": 316.1600036621094, \"end\": 319.17999267578125, \"text\": \" he's going to resist because it isn't in his nature.\", \"tokens\": [51142, 415, 311, 516, 281, 4597, 570, 309, 1943, 380, 294, 702, 3687, 13, 51293], \"temperature\": 0.0, \"avg_logprob\": -0.21316640079021454, \"compression_ratio\": 1.7430830001831055, \"no_speech_prob\": 0.8651003241539001}, {\"id\": 94, \"seek\": 30060, \"start\": 319.17999267578125, \"end\": 321.6400146484375, \"text\": \" It's not in alignment with who he is.\", \"tokens\": [51293, 467, 311, 406, 294, 18515, 365, 567, 415, 307, 13, 51416], \"temperature\": 0.0, \"avg_logprob\": -0.21316640079021454, \"compression_ratio\": 1.7430830001831055, \"no_speech_prob\": 0.8651003241539001}, {\"id\": 95, \"seek\": 30060, \"start\": 321.6400146484375, \"end\": 323.20001220703125, \"text\": \" This was the problem that I had.\", \"tokens\": [51416, 639, 390, 264, 1154, 300, 286, 632, 13, 51494], \"temperature\": 0.0, \"avg_logprob\": -0.21316640079021454, \"compression_ratio\": 1.7430830001831055, \"no_speech_prob\": 0.8651003241539001}, {\"id\": 96, \"seek\": 30060, \"start\": 323.20001220703125, \"end\": 324.8399963378906, \"text\": \" I knew what I should be doing.\", \"tokens\": [51494, 286, 2586, 437, 286, 820, 312, 884, 13, 51576], \"temperature\": 0.0, \"avg_logprob\": -0.21316640079021454, \"compression_ratio\": 1.7430830001831055, \"no_speech_prob\": 0.8651003241539001}, {\"id\": 97, \"seek\": 30060, \"start\": 324.8399963378906, \"end\": 326.4800109863281, \"text\": \" I knew the action to take.\", \"tokens\": [51576, 286, 2586, 264, 3069, 281, 747, 13, 51658], \"temperature\": 0.0, \"avg_logprob\": -0.21316640079021454, \"compression_ratio\": 1.7430830001831055, \"no_speech_prob\": 0.8651003241539001}, {\"id\": 98, \"seek\": 32648, \"start\": 326.4800109863281, \"end\": 332.1199951171875, \"text\": \" I knew I could follow the paint-by-number system, but it just wasn't a fit for me.\", \"tokens\": [50364, 286, 2586, 286, 727, 1524, 264, 4225, 12, 2322, 12, 41261, 1185, 11, 457, 309, 445, 2067, 380, 257, 3318, 337, 385, 13, 50646], \"temperature\": 0.0, \"avg_logprob\": -0.19204263389110565, \"compression_ratio\": 1.7634854316711426, \"no_speech_prob\": 0.35214686393737793}, {\"id\": 99, \"seek\": 32648, \"start\": 332.1199951171875, \"end\": 337.2799987792969, \"text\": \" Because you can't teach a passive guy to be aggressive, but you can teach a passive guy\", \"tokens\": [50646, 1436, 291, 393, 380, 2924, 257, 14975, 2146, 281, 312, 10762, 11, 457, 291, 393, 2924, 257, 14975, 2146, 50904], \"temperature\": 0.0, \"avg_logprob\": -0.19204263389110565, \"compression_ratio\": 1.7634854316711426, \"no_speech_prob\": 0.35214686393737793}, {\"id\": 100, \"seek\": 32648, \"start\": 337.2799987792969, \"end\": 343.7200012207031, \"text\": \" to be assertive, and this will allow you to make the shift to the last spot on the grid.\", \"tokens\": [50904, 281, 312, 19810, 488, 11, 293, 341, 486, 2089, 291, 281, 652, 264, 5513, 281, 264, 1036, 4008, 322, 264, 10748, 13, 51226], \"temperature\": 0.0, \"avg_logprob\": -0.19204263389110565, \"compression_ratio\": 1.7634854316711426, \"no_speech_prob\": 0.35214686393737793}, {\"id\": 101, \"seek\": 32648, \"start\": 343.7200012207031, \"end\": 346.1600036621094, \"text\": \" That is what I call the confident guy.\", \"tokens\": [51226, 663, 307, 437, 286, 818, 264, 6679, 2146, 13, 51348], \"temperature\": 0.0, \"avg_logprob\": -0.19204263389110565, \"compression_ratio\": 1.7634854316711426, \"no_speech_prob\": 0.35214686393737793}, {\"id\": 102, \"seek\": 32648, \"start\": 346.1600036621094, \"end\": 350.1199951171875, \"text\": \" He's assertive, and he's connected.\", \"tokens\": [51348, 634, 311, 19810, 488, 11, 293, 415, 311, 4582, 13, 51546], \"temperature\": 0.0, \"avg_logprob\": -0.19204263389110565, \"compression_ratio\": 1.7634854316711426, \"no_speech_prob\": 0.35214686393737793}, {\"id\": 103, \"seek\": 32648, \"start\": 350.1199951171875, \"end\": 354.760009765625, \"text\": \" And I've created an assessment quiz to help you determine your spot on the grid, and after\", \"tokens\": [51546, 400, 286, 600, 2942, 364, 9687, 15450, 281, 854, 291, 6997, 428, 4008, 322, 264, 10748, 11, 293, 934, 51778], \"temperature\": 0.0, \"avg_logprob\": -0.19204263389110565, \"compression_ratio\": 1.7634854316711426, \"no_speech_prob\": 0.35214686393737793}, {\"id\": 104, \"seek\": 35476, \"start\": 354.760009765625, \"end\": 359.32000732421875, \"text\": \" you assess your external alignment, I'm going to figure out how to help you make the shift\", \"tokens\": [50364, 291, 5877, 428, 8320, 18515, 11, 286, 478, 516, 281, 2573, 484, 577, 281, 854, 291, 652, 264, 5513, 50592], \"temperature\": 0.0, \"avg_logprob\": -0.20646367967128754, \"compression_ratio\": 1.7747747898101807, \"no_speech_prob\": 0.0010816440917551517}, {\"id\": 105, \"seek\": 35476, \"start\": 359.32000732421875, \"end\": 362.0400085449219, \"text\": \" from wherever you are to the confident guy category.\", \"tokens\": [50592, 490, 8660, 291, 366, 281, 264, 6679, 2146, 7719, 13, 50728], \"temperature\": 0.0, \"avg_logprob\": -0.20646367967128754, \"compression_ratio\": 1.7747747898101807, \"no_speech_prob\": 0.0010816440917551517}, {\"id\": 106, \"seek\": 35476, \"start\": 362.0400085449219, \"end\": 363.67999267578125, \"text\": \" I'll give you a hint.\", \"tokens\": [50728, 286, 603, 976, 291, 257, 12075, 13, 50810], \"temperature\": 0.0, \"avg_logprob\": -0.20646367967128754, \"compression_ratio\": 1.7747747898101807, \"no_speech_prob\": 0.0010816440917551517}, {\"id\": 107, \"seek\": 35476, \"start\": 363.67999267578125, \"end\": 367.79998779296875, \"text\": \" You make the shift by focusing on your internal alignment.\", \"tokens\": [50810, 509, 652, 264, 5513, 538, 8416, 322, 428, 6920, 18515, 13, 51016], \"temperature\": 0.0, \"avg_logprob\": -0.20646367967128754, \"compression_ratio\": 1.7747747898101807, \"no_speech_prob\": 0.0010816440917551517}, {\"id\": 108, \"seek\": 35476, \"start\": 367.79998779296875, \"end\": 370.7200012207031, \"text\": \" That's the next critical piece to success.\", \"tokens\": [51016, 663, 311, 264, 958, 4924, 2522, 281, 2245, 13, 51162], \"temperature\": 0.0, \"avg_logprob\": -0.20646367967128754, \"compression_ratio\": 1.7747747898101807, \"no_speech_prob\": 0.0010816440917551517}, {\"id\": 109, \"seek\": 35476, \"start\": 370.7200012207031, \"end\": 374.239990234375, \"text\": \" Take the quiz below to find out where you fall, and then I'm going to teach you all\", \"tokens\": [51162, 3664, 264, 15450, 2507, 281, 915, 484, 689, 291, 2100, 11, 293, 550, 286, 478, 516, 281, 2924, 291, 439, 51338], \"temperature\": 0.0, \"avg_logprob\": -0.20646367967128754, \"compression_ratio\": 1.7747747898101807, \"no_speech_prob\": 0.0010816440917551517}, {\"id\": 110, \"seek\": 35476, \"start\": 374.239990234375, \"end\": 376.239990234375, \"text\": \" about your internal alignment as we go on.\", \"tokens\": [51338, 466, 428, 6920, 18515, 382, 321, 352, 322, 13, 51438], \"temperature\": 0.0, \"avg_logprob\": -0.20646367967128754, \"compression_ratio\": 1.7747747898101807, \"no_speech_prob\": 0.0010816440917551517}]}"}