{"title": "Playing the Numbers Game: 13,000 Swipes, Only 1 Date! #OnlineDating #SwipeRight #LoveInDigitalAge\"", "video_id": "n_sgtq5bYAs", "video_url": "https://www.youtube.com/watch?v=n_sgtq5bYAs", "description": "#short", "published_at": "2023-12-03T16:01:15Z", "channel_id": "UC0O-ohYDF4P66HW9XJ4Us8w", "channel_title": "Robbie Kramer", "tags": [], "category_id": "24", "live_broadcast_content": "none", "duration": 38.0, "dimension": "2d", "definition": "hd", "caption": "false", "view_count": 11616, "like_count": 180, "comment_count": 11, "channel_info": {"title": "Robbie Kramer", "description": "I'm Robbie Kramer \ud83c\udf99Host of The Inner Confidence Podcast & Founder of Inner Confidence, Inc.\n\nI lived an exhilarating single life filled with adventures and lessons, and ultimately achieved what I had always aspired to \u2013 finding an amazing, feminine, and loving wife. \n\nI believe my experiences provide a rare balance of wild freedom and committed love, equipping me with the insights to help you navigate the complexities of dating and relationships in today's world. Let me guide you to embrace your desires, improve your social prowess, and ultimately attract the partner who aligns with your highest aspirations.\n\nYou won\u2019t find any fluffy, new-age, or cringy stuff here, just tested, proven and actionable advice that yields results.\n\nApply to join our exclusive Inner Confidence Community of ambitious men who are actively working together to achieve their goals faster   \u25ba https://innerconfidence.com/community\n\nYou can email me at robbie@innerconfidence.com with any questions or comments.\n", "subscriber_count": "1270", "total_views": "604693", "total_videos": "470"}, "comments": [], "file_path": "/Users/aelaguiz/workspace/fc_book/audio/raws/n_sgtq5bYAs.mp3", "transcription": "{\"text\": \"This is a Tinder journey for this gentleman. So this is a guy who's 30 years old, male. He's been on Tinder for three years and 246 days. He was in my group, relatively attractive guy, probably a six out of 10. I put 10, you know, 178 centimeters. He swiped 95,176 times. He got 13,000 right swipes, only 171 matches. So he swiped left 82,000 times. He swiped right 13,000 times. So it's not like he's just swiping on everyone. And he only got 171 matches out of the 13,000 swipes. And then he had 123 chats and then one date. No sex. God. Online dating is tough. No. Yeah. What's your reaction to that? I'm. \", \"segments\": [{\"id\": 0, \"seek\": 0, \"start\": 0.0, \"end\": 1.7599999904632568, \"text\": \" This is a Tinder journey for this gentleman.\", \"tokens\": [50364, 639, 307, 257, 49341, 4671, 337, 341, 15761, 13, 50452], \"temperature\": 0.0, \"avg_logprob\": -0.22993822395801544, \"compression_ratio\": 1.6936619281768799, \"no_speech_prob\": 0.3073437809944153}, {\"id\": 1, \"seek\": 0, \"start\": 1.7599999904632568, \"end\": 3.799999952316284, \"text\": \" So this is a guy who's 30 years old, male.\", \"tokens\": [50452, 407, 341, 307, 257, 2146, 567, 311, 2217, 924, 1331, 11, 7133, 13, 50554], \"temperature\": 0.0, \"avg_logprob\": -0.22993822395801544, \"compression_ratio\": 1.6936619281768799, \"no_speech_prob\": 0.3073437809944153}, {\"id\": 2, \"seek\": 0, \"start\": 3.8399999141693115, \"end\": 6.159999847412109, \"text\": \" He's been on Tinder for three years and 246 days.\", \"tokens\": [50556, 634, 311, 668, 322, 49341, 337, 1045, 924, 293, 4022, 21, 1708, 13, 50672], \"temperature\": 0.0, \"avg_logprob\": -0.22993822395801544, \"compression_ratio\": 1.6936619281768799, \"no_speech_prob\": 0.3073437809944153}, {\"id\": 3, \"seek\": 0, \"start\": 6.159999847412109, \"end\": 9.279999732971191, \"text\": \" He was in my group, relatively attractive guy, probably a six out of 10.\", \"tokens\": [50672, 634, 390, 294, 452, 1594, 11, 7226, 12609, 2146, 11, 1391, 257, 2309, 484, 295, 1266, 13, 50828], \"temperature\": 0.0, \"avg_logprob\": -0.22993822395801544, \"compression_ratio\": 1.6936619281768799, \"no_speech_prob\": 0.3073437809944153}, {\"id\": 4, \"seek\": 0, \"start\": 9.319999694824219, \"end\": 11.5600004196167, \"text\": \" I put 10, you know, 178 centimeters.\", \"tokens\": [50830, 286, 829, 1266, 11, 291, 458, 11, 3282, 23, 23300, 13, 50942], \"temperature\": 0.0, \"avg_logprob\": -0.22993822395801544, \"compression_ratio\": 1.6936619281768799, \"no_speech_prob\": 0.3073437809944153}, {\"id\": 5, \"seek\": 0, \"start\": 11.5600004196167, \"end\": 14.720000267028809, \"text\": \" He swiped 95,176 times.\", \"tokens\": [50942, 634, 1693, 647, 292, 13420, 11, 7773, 21, 1413, 13, 51100], \"temperature\": 0.0, \"avg_logprob\": -0.22993822395801544, \"compression_ratio\": 1.6936619281768799, \"no_speech_prob\": 0.3073437809944153}, {\"id\": 6, \"seek\": 0, \"start\": 14.760000228881836, \"end\": 19.280000686645508, \"text\": \" He got 13,000 right swipes, only 171 matches.\", \"tokens\": [51102, 634, 658, 3705, 11, 1360, 558, 1693, 38689, 11, 787, 3282, 16, 10676, 13, 51328], \"temperature\": 0.0, \"avg_logprob\": -0.22993822395801544, \"compression_ratio\": 1.6936619281768799, \"no_speech_prob\": 0.3073437809944153}, {\"id\": 7, \"seek\": 0, \"start\": 19.280000686645508, \"end\": 20.920000076293945, \"text\": \" So he swiped left 82,000 times.\", \"tokens\": [51328, 407, 415, 1693, 647, 292, 1411, 29097, 11, 1360, 1413, 13, 51410], \"temperature\": 0.0, \"avg_logprob\": -0.22993822395801544, \"compression_ratio\": 1.6936619281768799, \"no_speech_prob\": 0.3073437809944153}, {\"id\": 8, \"seek\": 0, \"start\": 20.920000076293945, \"end\": 22.360000610351562, \"text\": \" He swiped right 13,000 times.\", \"tokens\": [51410, 634, 1693, 647, 292, 558, 3705, 11, 1360, 1413, 13, 51482], \"temperature\": 0.0, \"avg_logprob\": -0.22993822395801544, \"compression_ratio\": 1.6936619281768799, \"no_speech_prob\": 0.3073437809944153}, {\"id\": 9, \"seek\": 0, \"start\": 22.360000610351562, \"end\": 23.920000076293945, \"text\": \" So it's not like he's just swiping on everyone.\", \"tokens\": [51482, 407, 309, 311, 406, 411, 415, 311, 445, 1693, 46440, 322, 1518, 13, 51560], \"temperature\": 0.0, \"avg_logprob\": -0.22993822395801544, \"compression_ratio\": 1.6936619281768799, \"no_speech_prob\": 0.3073437809944153}, {\"id\": 10, \"seek\": 0, \"start\": 23.920000076293945, \"end\": 27.799999237060547, \"text\": \" And he only got 171 matches out of the 13,000 swipes.\", \"tokens\": [51560, 400, 415, 787, 658, 3282, 16, 10676, 484, 295, 264, 3705, 11, 1360, 1693, 38689, 13, 51754], \"temperature\": 0.0, \"avg_logprob\": -0.22993822395801544, \"compression_ratio\": 1.6936619281768799, \"no_speech_prob\": 0.3073437809944153}, {\"id\": 11, \"seek\": 2780, \"start\": 27.799999237060547, \"end\": 30.760000228881836, \"text\": \" And then he had 123 chats and then one date.\", \"tokens\": [50364, 400, 550, 415, 632, 34466, 38057, 293, 550, 472, 4002, 13, 50512], \"temperature\": 0.0, \"avg_logprob\": -0.4455614387989044, \"compression_ratio\": 1.1559633016586304, \"no_speech_prob\": 0.7795810103416443}, {\"id\": 12, \"seek\": 2780, \"start\": 30.760000228881836, \"end\": 31.559999465942383, \"text\": \" No sex.\", \"tokens\": [50512, 883, 3260, 13, 50552], \"temperature\": 0.0, \"avg_logprob\": -0.4455614387989044, \"compression_ratio\": 1.1559633016586304, \"no_speech_prob\": 0.7795810103416443}, {\"id\": 13, \"seek\": 2780, \"start\": 31.559999465942383, \"end\": 33.0, \"text\": \" God.\", \"tokens\": [50552, 1265, 13, 50624], \"temperature\": 0.0, \"avg_logprob\": -0.4455614387989044, \"compression_ratio\": 1.1559633016586304, \"no_speech_prob\": 0.7795810103416443}, {\"id\": 14, \"seek\": 2780, \"start\": 33.0, \"end\": 34.20000076293945, \"text\": \" Online dating is tough.\", \"tokens\": [50624, 16930, 10689, 307, 4930, 13, 50684], \"temperature\": 0.0, \"avg_logprob\": -0.4455614387989044, \"compression_ratio\": 1.1559633016586304, \"no_speech_prob\": 0.7795810103416443}, {\"id\": 15, \"seek\": 2780, \"start\": 34.20000076293945, \"end\": 35.15999984741211, \"text\": \" No.\", \"tokens\": [50684, 883, 13, 50732], \"temperature\": 0.0, \"avg_logprob\": -0.4455614387989044, \"compression_ratio\": 1.1559633016586304, \"no_speech_prob\": 0.7795810103416443}, {\"id\": 16, \"seek\": 2780, \"start\": 35.15999984741211, \"end\": 36.47999954223633, \"text\": \" Yeah. What's your reaction to that?\", \"tokens\": [50732, 865, 13, 708, 311, 428, 5480, 281, 300, 30, 50798], \"temperature\": 0.0, \"avg_logprob\": -0.4455614387989044, \"compression_ratio\": 1.1559633016586304, \"no_speech_prob\": 0.7795810103416443}, {\"id\": 17, \"seek\": 2780, \"start\": 36.47999954223633, \"end\": 36.84000015258789, \"text\": \" I'm.\", \"tokens\": [50798, 286, 478, 13, 50816], \"temperature\": 0.0, \"avg_logprob\": -0.4455614387989044, \"compression_ratio\": 1.1559633016586304, \"no_speech_prob\": 0.7795810103416443}]}"}