{"title": "Breaking Through Shit Tests (podcast episode 252)", "video_id": "NauMYGgo9uY", "video_url": "https://www.youtube.com/watch?v=NauMYGgo9uY", "description": "", "published_at": "2023-12-18T18:43:19Z", "channel_id": "UC0O-ohYDF4P66HW9XJ4Us8w", "channel_title": "Robbie Kramer", "tags": [], "category_id": "24", "live_broadcast_content": "none", "duration": 47.0, "dimension": "2d", "definition": "hd", "caption": "false", "view_count": 510, "like_count": 0, "comment_count": 0, "channel_info": {"title": "Robbie Kramer", "description": "I'm Robbie Kramer \ud83c\udf99Host of The Inner Confidence Podcast & Founder of Inner Confidence, Inc.\n\nI lived an exhilarating single life filled with adventures and lessons, and ultimately achieved what I had always aspired to \u2013 finding an amazing, feminine, and loving wife. \n\nI believe my experiences provide a rare balance of wild freedom and committed love, equipping me with the insights to help you navigate the complexities of dating and relationships in today's world. Let me guide you to embrace your desires, improve your social prowess, and ultimately attract the partner who aligns with your highest aspirations.\n\nYou won\u2019t find any fluffy, new-age, or cringy stuff here, just tested, proven and actionable advice that yields results.\n\nApply to join our exclusive Inner Confidence Community of ambitious men who are actively working together to achieve their goals faster   \u25ba https://innerconfidence.com/community\n\nYou can email me at robbie@innerconfidence.com with any questions or comments.\n", "subscriber_count": "1270", "total_views": "604693", "total_videos": "470"}, "comments": [], "file_path": "/Users/aelaguiz/workspace/fc_book/audio/raws/NauMYGgo9uY.mp3", "transcription": "{\"text\": \"Gary Glitter for crying out loud. So for anyone who doesn't know Gary Glitter, you know, he's like a pop star, you know, like he wore lots of glitter, you know, like a queen sort of pop star. Gary Glitter for crying out loud. I mean, all my friends were being left for Donny Osmond or David. So you see how her mood was like now she's back to the mood that happened right before they were about to kiss, right? He's broken that like, oh, I'm going to rebuild. He's using used humor to cut through shit test. David Cassidy, I've come to terms with cut through the mask, the mask, but I would say I know a lot of guys don't like the word shit test in your community. I've never heard them complain about the word, but mask is better. \", \"segments\": [{\"id\": 0, \"seek\": 0, \"start\": 0.0, \"end\": 3.319999933242798, \"text\": \" Gary Glitter for crying out loud.\", \"tokens\": [50364, 13788, 5209, 3904, 337, 8554, 484, 6588, 13, 50530], \"temperature\": 0.0, \"avg_logprob\": -0.35066935420036316, \"compression_ratio\": 1.79296875, \"no_speech_prob\": 0.1438644677400589}, {\"id\": 1, \"seek\": 0, \"start\": 3.799999952316284, \"end\": 7.400000095367432, \"text\": \" So for anyone who doesn't know Gary Glitter, you know, he's like a pop star,\", \"tokens\": [50554, 407, 337, 2878, 567, 1177, 380, 458, 13788, 5209, 3904, 11, 291, 458, 11, 415, 311, 411, 257, 1665, 3543, 11, 50734], \"temperature\": 0.0, \"avg_logprob\": -0.35066935420036316, \"compression_ratio\": 1.79296875, \"no_speech_prob\": 0.1438644677400589}, {\"id\": 2, \"seek\": 0, \"start\": 7.800000190734863, \"end\": 13.279999732971191, \"text\": \" you know, like he wore lots of glitter, you know, like a queen sort of pop star.\", \"tokens\": [50754, 291, 458, 11, 411, 415, 13857, 3195, 295, 18620, 11, 291, 458, 11, 411, 257, 12206, 1333, 295, 1665, 3543, 13, 51028], \"temperature\": 0.0, \"avg_logprob\": -0.35066935420036316, \"compression_ratio\": 1.79296875, \"no_speech_prob\": 0.1438644677400589}, {\"id\": 3, \"seek\": 0, \"start\": 13.279999732971191, \"end\": 16.559999465942383, \"text\": \" Gary Glitter for crying out loud.\", \"tokens\": [51028, 13788, 5209, 3904, 337, 8554, 484, 6588, 13, 51192], \"temperature\": 0.0, \"avg_logprob\": -0.35066935420036316, \"compression_ratio\": 1.79296875, \"no_speech_prob\": 0.1438644677400589}, {\"id\": 4, \"seek\": 0, \"start\": 17.719999313354492, \"end\": 20.719999313354492, \"text\": \" I mean, all my friends were being left for Donny Osmond or David.\", \"tokens\": [51250, 286, 914, 11, 439, 452, 1855, 645, 885, 1411, 337, 1468, 1634, 8875, 12171, 420, 4389, 13, 51400], \"temperature\": 0.0, \"avg_logprob\": -0.35066935420036316, \"compression_ratio\": 1.79296875, \"no_speech_prob\": 0.1438644677400589}, {\"id\": 5, \"seek\": 0, \"start\": 20.760000228881836, \"end\": 23.600000381469727, \"text\": \" So you see how her mood was like now she's back to the mood\", \"tokens\": [51402, 407, 291, 536, 577, 720, 9268, 390, 411, 586, 750, 311, 646, 281, 264, 9268, 51544], \"temperature\": 0.0, \"avg_logprob\": -0.35066935420036316, \"compression_ratio\": 1.79296875, \"no_speech_prob\": 0.1438644677400589}, {\"id\": 6, \"seek\": 0, \"start\": 23.68000030517578, \"end\": 26.280000686645508, \"text\": \" that happened right before they were about to kiss, right?\", \"tokens\": [51548, 300, 2011, 558, 949, 436, 645, 466, 281, 7704, 11, 558, 30, 51678], \"temperature\": 0.0, \"avg_logprob\": -0.35066935420036316, \"compression_ratio\": 1.79296875, \"no_speech_prob\": 0.1438644677400589}, {\"id\": 7, \"seek\": 0, \"start\": 26.280000686645508, \"end\": 28.68000030517578, \"text\": \" He's broken that like, oh, I'm going to rebuild.\", \"tokens\": [51678, 634, 311, 5463, 300, 411, 11, 1954, 11, 286, 478, 516, 281, 16877, 13, 51798], \"temperature\": 0.0, \"avg_logprob\": -0.35066935420036316, \"compression_ratio\": 1.79296875, \"no_speech_prob\": 0.1438644677400589}, {\"id\": 8, \"seek\": 2868, \"start\": 29.479999542236328, \"end\": 32.7599983215332, \"text\": \" He's using used humor to cut through shit test.\", \"tokens\": [50404, 634, 311, 1228, 1143, 14318, 281, 1723, 807, 4611, 1500, 13, 50568], \"temperature\": 0.0, \"avg_logprob\": -0.39496541023254395, \"compression_ratio\": 1.5574712753295898, \"no_speech_prob\": 0.002357864286750555}, {\"id\": 9, \"seek\": 2868, \"start\": 33.119998931884766, \"end\": 37.2400016784668, \"text\": \" David Cassidy, I've come to terms with cut through the mask,\", \"tokens\": [50586, 4389, 18208, 38836, 11, 286, 600, 808, 281, 2115, 365, 1723, 807, 264, 6094, 11, 50792], \"temperature\": 0.0, \"avg_logprob\": -0.39496541023254395, \"compression_ratio\": 1.5574712753295898, \"no_speech_prob\": 0.002357864286750555}, {\"id\": 10, \"seek\": 2868, \"start\": 37.47999954223633, \"end\": 41.2400016784668, \"text\": \" the mask, but I would say I know a lot of guys don't like the word\", \"tokens\": [50804, 264, 6094, 11, 457, 286, 576, 584, 286, 458, 257, 688, 295, 1074, 500, 380, 411, 264, 1349, 50992], \"temperature\": 0.0, \"avg_logprob\": -0.39496541023254395, \"compression_ratio\": 1.5574712753295898, \"no_speech_prob\": 0.002357864286750555}, {\"id\": 11, \"seek\": 2868, \"start\": 41.2400016784668, \"end\": 43.400001525878906, \"text\": \" shit test in your community.\", \"tokens\": [50992, 4611, 1500, 294, 428, 1768, 13, 51100], \"temperature\": 0.0, \"avg_logprob\": -0.39496541023254395, \"compression_ratio\": 1.5574712753295898, \"no_speech_prob\": 0.002357864286750555}, {\"id\": 12, \"seek\": 2868, \"start\": 43.400001525878906, \"end\": 46.0, \"text\": \" I've never heard them complain about the word, but mask is better.\", \"tokens\": [51100, 286, 600, 1128, 2198, 552, 11024, 466, 264, 1349, 11, 457, 6094, 307, 1101, 13, 51230], \"temperature\": 0.0, \"avg_logprob\": -0.39496541023254395, \"compression_ratio\": 1.5574712753295898, \"no_speech_prob\": 0.002357864286750555}]}"}