{"title": "That Feeling When All The Girls At The Club Want You (Trailer Episode 222)", "video_id": "nfwz4Ifx66Y", "video_url": "https://www.youtube.com/watch?v=nfwz4Ifx66Y", "description": "To listen to more episodes of the Inner Confidence Podcast, visit the links below:\nWebsite: https://innerconfidence.com/podcast/\niTunes:https://podcasts.apple.com/us/podcast/inner-confidence-podcast/id986699444 \nSpotify: https://open.spotify.com/show/2zkWuTnt7whvnR6CO6oNPV\nRSS: https://innerconfidence.com/series/leverage-podcast/feed/\n\nAnd if you're interested in learning more about my coaching services and connecting with me, check out these links:\nLinkTree: https://linktr.ee/Robbiekramer\nMain Site: https://innerconfidence.com/\nInstagram: https://www.instagram.com/robbie_kramer/\nTikTok: https://www.tiktok.com/@robbie.kramer\nYouTube: https://www.youtube.com/innerconfidence\n\nThank you for tuning in, and I look forward to helping you build your inner confidence and achieve success!\n\nJoin us : https://innerconfidence.com/leverage/\nBook a call with me : https://start.innerconfidence.com/video1\n\n\n#personaldevelopment #selfimprovement #innerconfidence #innerconfidencepodcast #podcast #coaching #success #motivation #inspiration #mindset #datingcoach #relationshipgoals #confidencecoach #selfimprovement #successfulmen", "published_at": "2023-03-31T18:55:13Z", "channel_id": "UC0O-ohYDF4P66HW9XJ4Us8w", "channel_title": "Robbie Kramer", "tags": [], "category_id": "26", "live_broadcast_content": "none", "duration": 54.0, "dimension": "2d", "definition": "hd", "caption": "false", "view_count": 402, "like_count": 4, "comment_count": 1, "channel_info": {"title": "Robbie Kramer", "description": "I'm Robbie Kramer \ud83c\udf99Host of The Inner Confidence Podcast & Founder of Inner Confidence, Inc.\n\nI lived an exhilarating single life filled with adventures and lessons, and ultimately achieved what I had always aspired to \u2013 finding an amazing, feminine, and loving wife. \n\nI believe my experiences provide a rare balance of wild freedom and committed love, equipping me with the insights to help you navigate the complexities of dating and relationships in today's world. Let me guide you to embrace your desires, improve your social prowess, and ultimately attract the partner who aligns with your highest aspirations.\n\nYou won\u2019t find any fluffy, new-age, or cringy stuff here, just tested, proven and actionable advice that yields results.\n\nApply to join our exclusive Inner Confidence Community of ambitious men who are actively working together to achieve their goals faster   \u25ba https://innerconfidence.com/community\n\nYou can email me at robbie@innerconfidence.com with any questions or comments.\n", "subscriber_count": "1270", "total_views": "604693", "total_videos": "470"}, "comments": [], "file_path": "/Users/aelaguiz/workspace/fc_book/audio/raws/nfwz4Ifx66Y.mp3", "transcription": "{\"text\": \"Like, ideally, you go out, you meet a couple girls, you take them back to the table, you're getting love from your girl, right? You leave, you bring another girl back, now you're getting love from her too. And you're kind of just like ping-ponging between her, her, maybe one other girl. If you have three girls that you're like ping-ponging in between, and they all like you, you're gonna, it's like one of the best feelings. Because it's just like, you just feel like a f***ing man. It's amazing, right? And they're all like, giving you love, and then the friends are there, and the friends are gonna, you know, it's like, that's, that's like, try to, like, it's great if you have one girl that likes you, right? But try to push that, right? Like, don't get caught up on like, ooh, I might screw it up with this one girl. Because this is an opportunity where you can have lots of girls chasing you, and feeling like massive abundance, and once you feel that, like, it kind of shifts something in your brain. And you can take that feeling to the bank, and that can make a big difference. \", \"segments\": [{\"id\": 0, \"seek\": 0, \"start\": 0.0, \"end\": 3.9200000762939453, \"text\": \" Like, ideally, you go out, you meet a couple girls, you take them back to the table, you're\", \"tokens\": [50364, 1743, 11, 22915, 11, 291, 352, 484, 11, 291, 1677, 257, 1916, 4519, 11, 291, 747, 552, 646, 281, 264, 3199, 11, 291, 434, 50560], \"temperature\": 0.0, \"avg_logprob\": -0.30191853642463684, \"compression_ratio\": 1.9733333587646484, \"no_speech_prob\": 0.2090655118227005}, {\"id\": 1, \"seek\": 0, \"start\": 3.9200000762939453, \"end\": 6.5, \"text\": \" getting love from your girl, right?\", \"tokens\": [50560, 1242, 959, 490, 428, 2013, 11, 558, 30, 50689], \"temperature\": 0.0, \"avg_logprob\": -0.30191853642463684, \"compression_ratio\": 1.9733333587646484, \"no_speech_prob\": 0.2090655118227005}, {\"id\": 2, \"seek\": 0, \"start\": 6.5, \"end\": 10.15999984741211, \"text\": \" You leave, you bring another girl back, now you're getting love from her too.\", \"tokens\": [50689, 509, 1856, 11, 291, 1565, 1071, 2013, 646, 11, 586, 291, 434, 1242, 959, 490, 720, 886, 13, 50872], \"temperature\": 0.0, \"avg_logprob\": -0.30191853642463684, \"compression_ratio\": 1.9733333587646484, \"no_speech_prob\": 0.2090655118227005}, {\"id\": 3, \"seek\": 0, \"start\": 10.15999984741211, \"end\": 13.720000267028809, \"text\": \" And you're kind of just like ping-ponging between her, her, maybe one other girl.\", \"tokens\": [50872, 400, 291, 434, 733, 295, 445, 411, 26151, 12, 79, 556, 278, 1296, 720, 11, 720, 11, 1310, 472, 661, 2013, 13, 51050], \"temperature\": 0.0, \"avg_logprob\": -0.30191853642463684, \"compression_ratio\": 1.9733333587646484, \"no_speech_prob\": 0.2090655118227005}, {\"id\": 4, \"seek\": 0, \"start\": 13.720000267028809, \"end\": 17.600000381469727, \"text\": \" If you have three girls that you're like ping-ponging in between, and they all like you, you're\", \"tokens\": [51050, 759, 291, 362, 1045, 4519, 300, 291, 434, 411, 26151, 12, 79, 556, 278, 294, 1296, 11, 293, 436, 439, 411, 291, 11, 291, 434, 51244], \"temperature\": 0.0, \"avg_logprob\": -0.30191853642463684, \"compression_ratio\": 1.9733333587646484, \"no_speech_prob\": 0.2090655118227005}, {\"id\": 5, \"seek\": 0, \"start\": 17.600000381469727, \"end\": 19.639999389648438, \"text\": \" gonna, it's like one of the best feelings.\", \"tokens\": [51244, 799, 11, 309, 311, 411, 472, 295, 264, 1151, 6640, 13, 51346], \"temperature\": 0.0, \"avg_logprob\": -0.30191853642463684, \"compression_ratio\": 1.9733333587646484, \"no_speech_prob\": 0.2090655118227005}, {\"id\": 6, \"seek\": 0, \"start\": 19.639999389648438, \"end\": 21.760000228881836, \"text\": \" Because it's just like, you just feel like a f***ing man.\", \"tokens\": [51346, 1436, 309, 311, 445, 411, 11, 291, 445, 841, 411, 257, 283, 13684, 278, 587, 13, 51452], \"temperature\": 0.0, \"avg_logprob\": -0.30191853642463684, \"compression_ratio\": 1.9733333587646484, \"no_speech_prob\": 0.2090655118227005}, {\"id\": 7, \"seek\": 0, \"start\": 21.760000228881836, \"end\": 22.760000228881836, \"text\": \" It's amazing, right?\", \"tokens\": [51452, 467, 311, 2243, 11, 558, 30, 51502], \"temperature\": 0.0, \"avg_logprob\": -0.30191853642463684, \"compression_ratio\": 1.9733333587646484, \"no_speech_prob\": 0.2090655118227005}, {\"id\": 8, \"seek\": 0, \"start\": 22.760000228881836, \"end\": 25.920000076293945, \"text\": \" And they're all like, giving you love, and then the friends are there, and the friends\", \"tokens\": [51502, 400, 436, 434, 439, 411, 11, 2902, 291, 959, 11, 293, 550, 264, 1855, 366, 456, 11, 293, 264, 1855, 51660], \"temperature\": 0.0, \"avg_logprob\": -0.30191853642463684, \"compression_ratio\": 1.9733333587646484, \"no_speech_prob\": 0.2090655118227005}, {\"id\": 9, \"seek\": 2592, \"start\": 25.920000076293945, \"end\": 30.719999313354492, \"text\": \" are gonna, you know, it's like, that's, that's like, try to, like, it's great if you have\", \"tokens\": [50364, 366, 799, 11, 291, 458, 11, 309, 311, 411, 11, 300, 311, 11, 300, 311, 411, 11, 853, 281, 11, 411, 11, 309, 311, 869, 498, 291, 362, 50604], \"temperature\": 0.0, \"avg_logprob\": -0.2618701159954071, \"compression_ratio\": 1.813186764717102, \"no_speech_prob\": 0.020961744710803032}, {\"id\": 10, \"seek\": 2592, \"start\": 30.719999313354492, \"end\": 32.63999938964844, \"text\": \" one girl that likes you, right?\", \"tokens\": [50604, 472, 2013, 300, 5902, 291, 11, 558, 30, 50700], \"temperature\": 0.0, \"avg_logprob\": -0.2618701159954071, \"compression_ratio\": 1.813186764717102, \"no_speech_prob\": 0.020961744710803032}, {\"id\": 11, \"seek\": 2592, \"start\": 32.63999938964844, \"end\": 34.040000915527344, \"text\": \" But try to push that, right?\", \"tokens\": [50700, 583, 853, 281, 2944, 300, 11, 558, 30, 50770], \"temperature\": 0.0, \"avg_logprob\": -0.2618701159954071, \"compression_ratio\": 1.813186764717102, \"no_speech_prob\": 0.020961744710803032}, {\"id\": 12, \"seek\": 2592, \"start\": 34.040000915527344, \"end\": 38.15999984741211, \"text\": \" Like, don't get caught up on like, ooh, I might screw it up with this one girl.\", \"tokens\": [50770, 1743, 11, 500, 380, 483, 5415, 493, 322, 411, 11, 17024, 11, 286, 1062, 5630, 309, 493, 365, 341, 472, 2013, 13, 50976], \"temperature\": 0.0, \"avg_logprob\": -0.2618701159954071, \"compression_ratio\": 1.813186764717102, \"no_speech_prob\": 0.020961744710803032}, {\"id\": 13, \"seek\": 2592, \"start\": 38.15999984741211, \"end\": 42.040000915527344, \"text\": \" Because this is an opportunity where you can have lots of girls chasing you, and feeling\", \"tokens\": [50976, 1436, 341, 307, 364, 2650, 689, 291, 393, 362, 3195, 295, 4519, 17876, 291, 11, 293, 2633, 51170], \"temperature\": 0.0, \"avg_logprob\": -0.2618701159954071, \"compression_ratio\": 1.813186764717102, \"no_speech_prob\": 0.020961744710803032}, {\"id\": 14, \"seek\": 2592, \"start\": 42.040000915527344, \"end\": 47.560001373291016, \"text\": \" like massive abundance, and once you feel that, like, it kind of shifts something in\", \"tokens\": [51170, 411, 5994, 23391, 11, 293, 1564, 291, 841, 300, 11, 411, 11, 309, 733, 295, 19201, 746, 294, 51446], \"temperature\": 0.0, \"avg_logprob\": -0.2618701159954071, \"compression_ratio\": 1.813186764717102, \"no_speech_prob\": 0.020961744710803032}, {\"id\": 15, \"seek\": 2592, \"start\": 47.560001373291016, \"end\": 48.560001373291016, \"text\": \" your brain.\", \"tokens\": [51446, 428, 3567, 13, 51496], \"temperature\": 0.0, \"avg_logprob\": -0.2618701159954071, \"compression_ratio\": 1.813186764717102, \"no_speech_prob\": 0.020961744710803032}, {\"id\": 16, \"seek\": 2592, \"start\": 48.560001373291016, \"end\": 52.84000015258789, \"text\": \" And you can take that feeling to the bank, and that can make a big difference.\", \"tokens\": [51496, 400, 291, 393, 747, 300, 2633, 281, 264, 3765, 11, 293, 300, 393, 652, 257, 955, 2649, 13, 51710], \"temperature\": 0.0, \"avg_logprob\": -0.2618701159954071, \"compression_ratio\": 1.813186764717102, \"no_speech_prob\": 0.020961744710803032}]}"}