{"title": "How club promoters work the streets.", "video_id": "ni0Gu5iBnL8", "video_url": "https://www.youtube.com/watch?v=ni0Gu5iBnL8", "description": "", "published_at": "2023-12-23T17:53:05Z", "channel_id": "UC0O-ohYDF4P66HW9XJ4Us8w", "channel_title": "Robbie Kramer", "tags": [], "category_id": "24", "live_broadcast_content": "none", "duration": 44.0, "dimension": "2d", "definition": "hd", "caption": "false", "view_count": 51, "like_count": 1, "comment_count": 0, "channel_info": {"title": "Robbie Kramer", "description": "I'm Robbie Kramer \ud83c\udf99Host of The Inner Confidence Podcast & Founder of Inner Confidence, Inc.\n\nI lived an exhilarating single life filled with adventures and lessons, and ultimately achieved what I had always aspired to \u2013 finding an amazing, feminine, and loving wife. \n\nI believe my experiences provide a rare balance of wild freedom and committed love, equipping me with the insights to help you navigate the complexities of dating and relationships in today's world. Let me guide you to embrace your desires, improve your social prowess, and ultimately attract the partner who aligns with your highest aspirations.\n\nYou won\u2019t find any fluffy, new-age, or cringy stuff here, just tested, proven and actionable advice that yields results.\n\nApply to join our exclusive Inner Confidence Community of ambitious men who are actively working together to achieve their goals faster   \u25ba https://innerconfidence.com/community\n\nYou can email me at robbie@innerconfidence.com with any questions or comments.\n", "subscriber_count": "1270", "total_views": "604693", "total_videos": "470"}, "comments": [], "file_path": "/Users/aelaguiz/workspace/fc_book/audio/raws/ni0Gu5iBnL8.mp3", "transcription": "{\"text\": \"That was kind of what it, what does work look like? Yeah. So this is kind of the thing I was going to ask you about is how to leverage this access that I know how, cause I got the job, right. And I know I'm in a good position here, but how do I make the most of it? So in terms of what the job looks like, I'm working on the street team. So I'm approaching people with tickets, actually have the tickets right here. It gets basically trying to convince them to come into the club. So basically my model is I get paid per head. I get four bucks per girl, two bucks per guy. I get, if I get 30 heads, I get a bonus. And the past two nights are both nice. I've worked, I've gotten the bonus, but I can tell like, it's pretty precarious. Like in the sense that like the first night I did really well, I think I got. \", \"segments\": [{\"id\": 0, \"seek\": 0, \"start\": 0.0, \"end\": 2.200000047683716, \"text\": \" That was kind of what it, what does work look like?\", \"tokens\": [50364, 663, 390, 733, 295, 437, 309, 11, 437, 775, 589, 574, 411, 30, 50474], \"temperature\": 0.0, \"avg_logprob\": -0.30435606837272644, \"compression_ratio\": 1.7987421751022339, \"no_speech_prob\": 0.09941277652978897}, {\"id\": 1, \"seek\": 0, \"start\": 3.640000104904175, \"end\": 3.880000114440918, \"text\": \" Yeah.\", \"tokens\": [50546, 865, 13, 50558], \"temperature\": 0.0, \"avg_logprob\": -0.30435606837272644, \"compression_ratio\": 1.7987421751022339, \"no_speech_prob\": 0.09941277652978897}, {\"id\": 2, \"seek\": 0, \"start\": 3.880000114440918, \"end\": 7.039999961853027, \"text\": \" So this is kind of the thing I was going to ask you about is how to leverage this\", \"tokens\": [50558, 407, 341, 307, 733, 295, 264, 551, 286, 390, 516, 281, 1029, 291, 466, 307, 577, 281, 13982, 341, 50716], \"temperature\": 0.0, \"avg_logprob\": -0.30435606837272644, \"compression_ratio\": 1.7987421751022339, \"no_speech_prob\": 0.09941277652978897}, {\"id\": 3, \"seek\": 0, \"start\": 7.039999961853027, \"end\": 9.479999542236328, \"text\": \" access that I know how, cause I got the job, right.\", \"tokens\": [50716, 2105, 300, 286, 458, 577, 11, 3082, 286, 658, 264, 1691, 11, 558, 13, 50838], \"temperature\": 0.0, \"avg_logprob\": -0.30435606837272644, \"compression_ratio\": 1.7987421751022339, \"no_speech_prob\": 0.09941277652978897}, {\"id\": 4, \"seek\": 0, \"start\": 9.479999542236328, \"end\": 12.479999542236328, \"text\": \" And I know I'm in a good position here, but how do I make the most of it?\", \"tokens\": [50838, 400, 286, 458, 286, 478, 294, 257, 665, 2535, 510, 11, 457, 577, 360, 286, 652, 264, 881, 295, 309, 30, 50988], \"temperature\": 0.0, \"avg_logprob\": -0.30435606837272644, \"compression_ratio\": 1.7987421751022339, \"no_speech_prob\": 0.09941277652978897}, {\"id\": 5, \"seek\": 0, \"start\": 12.960000038146973, \"end\": 15.800000190734863, \"text\": \" So in terms of what the job looks like, I'm working on the street team.\", \"tokens\": [51012, 407, 294, 2115, 295, 437, 264, 1691, 1542, 411, 11, 286, 478, 1364, 322, 264, 4838, 1469, 13, 51154], \"temperature\": 0.0, \"avg_logprob\": -0.30435606837272644, \"compression_ratio\": 1.7987421751022339, \"no_speech_prob\": 0.09941277652978897}, {\"id\": 6, \"seek\": 0, \"start\": 15.800000190734863, \"end\": 19.040000915527344, \"text\": \" So I'm approaching people with tickets, actually have the tickets right here.\", \"tokens\": [51154, 407, 286, 478, 14908, 561, 365, 12628, 11, 767, 362, 264, 12628, 558, 510, 13, 51316], \"temperature\": 0.0, \"avg_logprob\": -0.30435606837272644, \"compression_ratio\": 1.7987421751022339, \"no_speech_prob\": 0.09941277652978897}, {\"id\": 7, \"seek\": 0, \"start\": 19.639999389648438, \"end\": 23.8799991607666, \"text\": \" It gets basically trying to convince them to come into the club.\", \"tokens\": [51346, 467, 2170, 1936, 1382, 281, 13447, 552, 281, 808, 666, 264, 6482, 13, 51558], \"temperature\": 0.0, \"avg_logprob\": -0.30435606837272644, \"compression_ratio\": 1.7987421751022339, \"no_speech_prob\": 0.09941277652978897}, {\"id\": 8, \"seek\": 0, \"start\": 24.520000457763672, \"end\": 26.600000381469727, \"text\": \" So basically my model is I get paid per head.\", \"tokens\": [51590, 407, 1936, 452, 2316, 307, 286, 483, 4835, 680, 1378, 13, 51694], \"temperature\": 0.0, \"avg_logprob\": -0.30435606837272644, \"compression_ratio\": 1.7987421751022339, \"no_speech_prob\": 0.09941277652978897}, {\"id\": 9, \"seek\": 0, \"start\": 27.15999984741211, \"end\": 29.31999969482422, \"text\": \" I get four bucks per girl, two bucks per guy.\", \"tokens\": [51722, 286, 483, 1451, 11829, 680, 2013, 11, 732, 11829, 680, 2146, 13, 51830], \"temperature\": 0.0, \"avg_logprob\": -0.30435606837272644, \"compression_ratio\": 1.7987421751022339, \"no_speech_prob\": 0.09941277652978897}, {\"id\": 10, \"seek\": 3000, \"start\": 30.600000381469727, \"end\": 33.119998931884766, \"text\": \" I get, if I get 30 heads, I get a bonus.\", \"tokens\": [50394, 286, 483, 11, 498, 286, 483, 2217, 8050, 11, 286, 483, 257, 10882, 13, 50520], \"temperature\": 0.0, \"avg_logprob\": -0.24373778700828552, \"compression_ratio\": 1.4601227045059204, \"no_speech_prob\": 0.0038229648489505053}, {\"id\": 11, \"seek\": 3000, \"start\": 33.560001373291016, \"end\": 35.84000015258789, \"text\": \" And the past two nights are both nice.\", \"tokens\": [50542, 400, 264, 1791, 732, 13249, 366, 1293, 1481, 13, 50656], \"temperature\": 0.0, \"avg_logprob\": -0.24373778700828552, \"compression_ratio\": 1.4601227045059204, \"no_speech_prob\": 0.0038229648489505053}, {\"id\": 12, \"seek\": 3000, \"start\": 35.84000015258789, \"end\": 39.63999938964844, \"text\": \" I've worked, I've gotten the bonus, but I can tell like, it's pretty precarious.\", \"tokens\": [50656, 286, 600, 2732, 11, 286, 600, 5768, 264, 10882, 11, 457, 286, 393, 980, 411, 11, 309, 311, 1238, 4346, 289, 851, 13, 50846], \"temperature\": 0.0, \"avg_logprob\": -0.24373778700828552, \"compression_ratio\": 1.4601227045059204, \"no_speech_prob\": 0.0038229648489505053}, {\"id\": 13, \"seek\": 3000, \"start\": 39.63999938964844, \"end\": 42.91999816894531, \"text\": \" Like in the sense that like the first night I did really well, I think I got.\", \"tokens\": [50846, 1743, 294, 264, 2020, 300, 411, 264, 700, 1818, 286, 630, 534, 731, 11, 286, 519, 286, 658, 13, 51010], \"temperature\": 0.0, \"avg_logprob\": -0.24373778700828552, \"compression_ratio\": 1.4601227045059204, \"no_speech_prob\": 0.0038229648489505053}]}"}