{"title": "How you can improve your dating skills with women through improv comedy class.", "video_id": "NJ9oVircwtI", "video_url": "https://www.youtube.com/watch?v=NJ9oVircwtI", "description": "", "published_at": "2023-12-18T19:06:58Z", "channel_id": "UC0O-ohYDF4P66HW9XJ4Us8w", "channel_title": "Robbie Kramer", "tags": [], "category_id": "24", "live_broadcast_content": "none", "duration": 49.0, "dimension": "2d", "definition": "hd", "caption": "false", "view_count": 211, "like_count": 2, "comment_count": 0, "channel_info": {"title": "Robbie Kramer", "description": "I'm Robbie Kramer \ud83c\udf99Host of The Inner Confidence Podcast & Founder of Inner Confidence, Inc.\n\nI lived an exhilarating single life filled with adventures and lessons, and ultimately achieved what I had always aspired to \u2013 finding an amazing, feminine, and loving wife. \n\nI believe my experiences provide a rare balance of wild freedom and committed love, equipping me with the insights to help you navigate the complexities of dating and relationships in today's world. Let me guide you to embrace your desires, improve your social prowess, and ultimately attract the partner who aligns with your highest aspirations.\n\nYou won\u2019t find any fluffy, new-age, or cringy stuff here, just tested, proven and actionable advice that yields results.\n\nApply to join our exclusive Inner Confidence Community of ambitious men who are actively working together to achieve their goals faster   \u25ba https://innerconfidence.com/community\n\nYou can email me at robbie@innerconfidence.com with any questions or comments.\n", "subscriber_count": "1270", "total_views": "604693", "total_videos": "470"}, "comments": [], "file_path": "/Users/aelaguiz/workspace/fc_book/audio/raws/NJ9oVircwtI.mp3", "transcription": "{\"text\": \"Improv class is also a really good way to improve at this stuff. We run a weekly improv class in the intercompetence community. You can take improv classes in person, too, but those are filled with weird people. Even for me, actually, remember, I have done that one improv class. It's so hard, even for me. And like, I have no problems with public speaking. I'm a model. You know, I have like zero problems with that. But there was a lot of things you need to like do the sounds and stuff. And I was like embarrassed. I couldn't like push myself and I couldn't do it right. So it's so amazing that guys going through this embarrassment and stuff and after it just goes away, you don't feel that way anymore. So, yeah, it's amazing for everyone, for sure. Yeah, we have girls that pop into that class. \", \"segments\": [{\"id\": 0, \"seek\": 0, \"start\": 0.0, \"end\": 4.159999847412109, \"text\": \" Improv class is also a really good way to improve at this stuff.\", \"tokens\": [50364, 8270, 24088, 1508, 307, 611, 257, 534, 665, 636, 281, 3470, 412, 341, 1507, 13, 50572], \"temperature\": 0.0, \"avg_logprob\": -0.3365023136138916, \"compression_ratio\": 1.7279151678085327, \"no_speech_prob\": 0.034574978053569794}, {\"id\": 1, \"seek\": 0, \"start\": 4.159999847412109, \"end\": 7.28000020980835, \"text\": \" We run a weekly improv class in the intercompetence community.\", \"tokens\": [50572, 492, 1190, 257, 12460, 29424, 1508, 294, 264, 728, 1112, 7275, 655, 1768, 13, 50728], \"temperature\": 0.0, \"avg_logprob\": -0.3365023136138916, \"compression_ratio\": 1.7279151678085327, \"no_speech_prob\": 0.034574978053569794}, {\"id\": 2, \"seek\": 0, \"start\": 8.039999961853027, \"end\": 11.279999732971191, \"text\": \" You can take improv classes in person, too, but those are filled with weird people.\", \"tokens\": [50766, 509, 393, 747, 29424, 5359, 294, 954, 11, 886, 11, 457, 729, 366, 6412, 365, 3657, 561, 13, 50928], \"temperature\": 0.0, \"avg_logprob\": -0.3365023136138916, \"compression_ratio\": 1.7279151678085327, \"no_speech_prob\": 0.034574978053569794}, {\"id\": 3, \"seek\": 0, \"start\": 11.279999732971191, \"end\": 17.360000610351562, \"text\": \" Even for me, actually, remember, I have done that one improv class.\", \"tokens\": [50928, 2754, 337, 385, 11, 767, 11, 1604, 11, 286, 362, 1096, 300, 472, 29424, 1508, 13, 51232], \"temperature\": 0.0, \"avg_logprob\": -0.3365023136138916, \"compression_ratio\": 1.7279151678085327, \"no_speech_prob\": 0.034574978053569794}, {\"id\": 4, \"seek\": 0, \"start\": 17.799999237060547, \"end\": 20.360000610351562, \"text\": \" It's so hard, even for me.\", \"tokens\": [51254, 467, 311, 370, 1152, 11, 754, 337, 385, 13, 51382], \"temperature\": 0.0, \"avg_logprob\": -0.3365023136138916, \"compression_ratio\": 1.7279151678085327, \"no_speech_prob\": 0.034574978053569794}, {\"id\": 5, \"seek\": 0, \"start\": 20.360000610351562, \"end\": 23.520000457763672, \"text\": \" And like, I have no problems with public speaking.\", \"tokens\": [51382, 400, 411, 11, 286, 362, 572, 2740, 365, 1908, 4124, 13, 51540], \"temperature\": 0.0, \"avg_logprob\": -0.3365023136138916, \"compression_ratio\": 1.7279151678085327, \"no_speech_prob\": 0.034574978053569794}, {\"id\": 6, \"seek\": 0, \"start\": 23.639999389648438, \"end\": 24.600000381469727, \"text\": \" I'm a model.\", \"tokens\": [51546, 286, 478, 257, 2316, 13, 51594], \"temperature\": 0.0, \"avg_logprob\": -0.3365023136138916, \"compression_ratio\": 1.7279151678085327, \"no_speech_prob\": 0.034574978053569794}, {\"id\": 7, \"seek\": 0, \"start\": 24.600000381469727, \"end\": 26.920000076293945, \"text\": \" You know, I have like zero problems with that.\", \"tokens\": [51594, 509, 458, 11, 286, 362, 411, 4018, 2740, 365, 300, 13, 51710], \"temperature\": 0.0, \"avg_logprob\": -0.3365023136138916, \"compression_ratio\": 1.7279151678085327, \"no_speech_prob\": 0.034574978053569794}, {\"id\": 8, \"seek\": 0, \"start\": 26.920000076293945, \"end\": 29.799999237060547, \"text\": \" But there was a lot of things you need to like do the sounds and stuff.\", \"tokens\": [51710, 583, 456, 390, 257, 688, 295, 721, 291, 643, 281, 411, 360, 264, 3263, 293, 1507, 13, 51854], \"temperature\": 0.0, \"avg_logprob\": -0.3365023136138916, \"compression_ratio\": 1.7279151678085327, \"no_speech_prob\": 0.034574978053569794}, {\"id\": 9, \"seek\": 2980, \"start\": 29.799999237060547, \"end\": 31.079999923706055, \"text\": \" And I was like embarrassed.\", \"tokens\": [50364, 400, 286, 390, 411, 16843, 13, 50428], \"temperature\": 0.0, \"avg_logprob\": -0.2206239104270935, \"compression_ratio\": 1.606217622756958, \"no_speech_prob\": 0.0011851314920932055}, {\"id\": 10, \"seek\": 2980, \"start\": 31.079999923706055, \"end\": 34.15999984741211, \"text\": \" I couldn't like push myself and I couldn't do it right.\", \"tokens\": [50428, 286, 2809, 380, 411, 2944, 2059, 293, 286, 2809, 380, 360, 309, 558, 13, 50582], \"temperature\": 0.0, \"avg_logprob\": -0.2206239104270935, \"compression_ratio\": 1.606217622756958, \"no_speech_prob\": 0.0011851314920932055}, {\"id\": 11, \"seek\": 2980, \"start\": 34.20000076293945, \"end\": 38.91999816894531, \"text\": \" So it's so amazing that guys going through this embarrassment\", \"tokens\": [50584, 407, 309, 311, 370, 2243, 300, 1074, 516, 807, 341, 43536, 50820], \"temperature\": 0.0, \"avg_logprob\": -0.2206239104270935, \"compression_ratio\": 1.606217622756958, \"no_speech_prob\": 0.0011851314920932055}, {\"id\": 12, \"seek\": 2980, \"start\": 38.91999816894531, \"end\": 42.2400016784668, \"text\": \" and stuff and after it just goes away, you don't feel that way anymore.\", \"tokens\": [50820, 293, 1507, 293, 934, 309, 445, 1709, 1314, 11, 291, 500, 380, 841, 300, 636, 3602, 13, 50986], \"temperature\": 0.0, \"avg_logprob\": -0.2206239104270935, \"compression_ratio\": 1.606217622756958, \"no_speech_prob\": 0.0011851314920932055}, {\"id\": 13, \"seek\": 2980, \"start\": 42.2400016784668, \"end\": 46.0, \"text\": \" So, yeah, it's amazing for everyone, for sure.\", \"tokens\": [50986, 407, 11, 1338, 11, 309, 311, 2243, 337, 1518, 11, 337, 988, 13, 51174], \"temperature\": 0.0, \"avg_logprob\": -0.2206239104270935, \"compression_ratio\": 1.606217622756958, \"no_speech_prob\": 0.0011851314920932055}, {\"id\": 14, \"seek\": 2980, \"start\": 46.20000076293945, \"end\": 48.0, \"text\": \" Yeah, we have girls that pop into that class.\", \"tokens\": [51184, 865, 11, 321, 362, 4519, 300, 1665, 666, 300, 1508, 13, 51274], \"temperature\": 0.0, \"avg_logprob\": -0.2206239104270935, \"compression_ratio\": 1.606217622756958, \"no_speech_prob\": 0.0011851314920932055}]}"}