{"title": "What you didn\u2019t know about Hinge matches\u2026", "video_id": "nl27PXbnc_w", "video_url": "https://www.youtube.com/watch?v=nl27PXbnc_w", "description": "", "published_at": "2023-05-25T17:22:14Z", "channel_id": "UC0O-ohYDF4P66HW9XJ4Us8w", "channel_title": "Robbie Kramer", "tags": [], "category_id": "24", "live_broadcast_content": "none", "duration": 60.0, "dimension": "2d", "definition": "hd", "caption": "false", "view_count": 397, "like_count": 6, "comment_count": 0, "channel_info": {"title": "Robbie Kramer", "description": "I'm Robbie Kramer \ud83c\udf99Host of The Inner Confidence Podcast & Founder of Inner Confidence, Inc.\n\nI lived an exhilarating single life filled with adventures and lessons, and ultimately achieved what I had always aspired to \u2013 finding an amazing, feminine, and loving wife. \n\nI believe my experiences provide a rare balance of wild freedom and committed love, equipping me with the insights to help you navigate the complexities of dating and relationships in today's world. Let me guide you to embrace your desires, improve your social prowess, and ultimately attract the partner who aligns with your highest aspirations.\n\nYou won\u2019t find any fluffy, new-age, or cringy stuff here, just tested, proven and actionable advice that yields results.\n\nApply to join our exclusive Inner Confidence Community of ambitious men who are actively working together to achieve their goals faster   \u25ba https://innerconfidence.com/community\n\nYou can email me at robbie@innerconfidence.com with any questions or comments.\n", "subscriber_count": "1270", "total_views": "604693", "total_videos": "470"}, "comments": [], "file_path": "/Users/aelaguiz/workspace/fc_book/audio/raws/nl27PXbnc_w.mp3", "transcription": "{\"text\": \"Dude, Robbie, I helped Taylor sign up for hinge the other day in like my God, like the amount of like dick being thrown at her is like, I cannot explain it in words, right? And so like it helped to like develop the let that like an empathy of like the situation that they're in. What did that look like when you logged into her hinge or when she showed you her? Dude, I set it up for her like 6pm on like a Tuesday, we were out of the boat. She messaged me on Wednesday and was just like a picture of her lock screen. It was just like all hinge matches. And I like logged in and there's like a cap on the number of active likes you can have. So just permanently capped at like, I think it was like 100, you know, and every time you would like X on one, it would just stay capped because there was like another infinite line of hungry guys who had already liked her. And then she's like, well, how do I how do I like finds the ones that like I liked? I'm like, well, you got to wait for them to log in, you know, and in the meantime, you're just getting smashed in the forehead with all these thirsty dudes. And she's just like, oh, my God. Right. \", \"segments\": [{\"id\": 0, \"seek\": 0, \"start\": 0.0, \"end\": 5.760000228881836, \"text\": \" Dude, Robbie, I helped Taylor sign up for hinge the other day in like my God, like the\", \"tokens\": [50364, 12042, 11, 45749, 11, 286, 4254, 12060, 1465, 493, 337, 28822, 264, 661, 786, 294, 411, 452, 1265, 11, 411, 264, 50652], \"temperature\": 0.0, \"avg_logprob\": -0.32653093338012695, \"compression_ratio\": 1.700657844543457, \"no_speech_prob\": 0.02675655670464039}, {\"id\": 1, \"seek\": 0, \"start\": 5.760000228881836, \"end\": 9.84000015258789, \"text\": \" amount of like dick being thrown at her is like, I cannot explain it in words, right?\", \"tokens\": [50652, 2372, 295, 411, 18659, 885, 11732, 412, 720, 307, 411, 11, 286, 2644, 2903, 309, 294, 2283, 11, 558, 30, 50856], \"temperature\": 0.0, \"avg_logprob\": -0.32653093338012695, \"compression_ratio\": 1.700657844543457, \"no_speech_prob\": 0.02675655670464039}, {\"id\": 2, \"seek\": 0, \"start\": 9.84000015258789, \"end\": 14.0, \"text\": \" And so like it helped to like develop the let that like an empathy of like the situation\", \"tokens\": [50856, 400, 370, 411, 309, 4254, 281, 411, 1499, 264, 718, 300, 411, 364, 18701, 295, 411, 264, 2590, 51064], \"temperature\": 0.0, \"avg_logprob\": -0.32653093338012695, \"compression_ratio\": 1.700657844543457, \"no_speech_prob\": 0.02675655670464039}, {\"id\": 3, \"seek\": 0, \"start\": 14.0, \"end\": 15.0, \"text\": \" that they're in.\", \"tokens\": [51064, 300, 436, 434, 294, 13, 51114], \"temperature\": 0.0, \"avg_logprob\": -0.32653093338012695, \"compression_ratio\": 1.700657844543457, \"no_speech_prob\": 0.02675655670464039}, {\"id\": 4, \"seek\": 0, \"start\": 15.0, \"end\": 17.760000228881836, \"text\": \" What did that look like when you logged into her hinge or when she showed you her?\", \"tokens\": [51114, 708, 630, 300, 574, 411, 562, 291, 27231, 666, 720, 28822, 420, 562, 750, 4712, 291, 720, 30, 51252], \"temperature\": 0.0, \"avg_logprob\": -0.32653093338012695, \"compression_ratio\": 1.700657844543457, \"no_speech_prob\": 0.02675655670464039}, {\"id\": 5, \"seek\": 0, \"start\": 17.760000228881836, \"end\": 22.81999969482422, \"text\": \" Dude, I set it up for her like 6pm on like a Tuesday, we were out of the boat.\", \"tokens\": [51252, 12042, 11, 286, 992, 309, 493, 337, 720, 411, 1386, 14395, 322, 411, 257, 10017, 11, 321, 645, 484, 295, 264, 6582, 13, 51505], \"temperature\": 0.0, \"avg_logprob\": -0.32653093338012695, \"compression_ratio\": 1.700657844543457, \"no_speech_prob\": 0.02675655670464039}, {\"id\": 6, \"seek\": 0, \"start\": 22.81999969482422, \"end\": 26.040000915527344, \"text\": \" She messaged me on Wednesday and was just like a picture of her lock screen.\", \"tokens\": [51505, 1240, 2082, 2980, 385, 322, 10579, 293, 390, 445, 411, 257, 3036, 295, 720, 4017, 2568, 13, 51666], \"temperature\": 0.0, \"avg_logprob\": -0.32653093338012695, \"compression_ratio\": 1.700657844543457, \"no_speech_prob\": 0.02675655670464039}, {\"id\": 7, \"seek\": 2604, \"start\": 26.040000915527344, \"end\": 28.219999313354492, \"text\": \" It was just like all hinge matches.\", \"tokens\": [50364, 467, 390, 445, 411, 439, 28822, 10676, 13, 50473], \"temperature\": 0.0, \"avg_logprob\": -0.29289159178733826, \"compression_ratio\": 1.8216782808303833, \"no_speech_prob\": 0.4184516668319702}, {\"id\": 8, \"seek\": 2604, \"start\": 28.219999313354492, \"end\": 33.459999084472656, \"text\": \" And I like logged in and there's like a cap on the number of active likes you can have.\", \"tokens\": [50473, 400, 286, 411, 27231, 294, 293, 456, 311, 411, 257, 1410, 322, 264, 1230, 295, 4967, 5902, 291, 393, 362, 13, 50735], \"temperature\": 0.0, \"avg_logprob\": -0.29289159178733826, \"compression_ratio\": 1.8216782808303833, \"no_speech_prob\": 0.4184516668319702}, {\"id\": 9, \"seek\": 2604, \"start\": 33.459999084472656, \"end\": 37.02000045776367, \"text\": \" So just permanently capped at like, I think it was like 100, you know, and every time\", \"tokens\": [50735, 407, 445, 24042, 1335, 3320, 412, 411, 11, 286, 519, 309, 390, 411, 2319, 11, 291, 458, 11, 293, 633, 565, 50913], \"temperature\": 0.0, \"avg_logprob\": -0.29289159178733826, \"compression_ratio\": 1.8216782808303833, \"no_speech_prob\": 0.4184516668319702}, {\"id\": 10, \"seek\": 2604, \"start\": 37.02000045776367, \"end\": 40.540000915527344, \"text\": \" you would like X on one, it would just stay capped because there was like another infinite\", \"tokens\": [50913, 291, 576, 411, 1783, 322, 472, 11, 309, 576, 445, 1754, 1335, 3320, 570, 456, 390, 411, 1071, 13785, 51089], \"temperature\": 0.0, \"avg_logprob\": -0.29289159178733826, \"compression_ratio\": 1.8216782808303833, \"no_speech_prob\": 0.4184516668319702}, {\"id\": 11, \"seek\": 2604, \"start\": 40.540000915527344, \"end\": 44.7599983215332, \"text\": \" line of hungry guys who had already liked her.\", \"tokens\": [51089, 1622, 295, 8067, 1074, 567, 632, 1217, 4501, 720, 13, 51300], \"temperature\": 0.0, \"avg_logprob\": -0.29289159178733826, \"compression_ratio\": 1.8216782808303833, \"no_speech_prob\": 0.4184516668319702}, {\"id\": 12, \"seek\": 2604, \"start\": 44.7599983215332, \"end\": 49.2599983215332, \"text\": \" And then she's like, well, how do I how do I like finds the ones that like I liked?\", \"tokens\": [51300, 400, 550, 750, 311, 411, 11, 731, 11, 577, 360, 286, 577, 360, 286, 411, 10704, 264, 2306, 300, 411, 286, 4501, 30, 51525], \"temperature\": 0.0, \"avg_logprob\": -0.29289159178733826, \"compression_ratio\": 1.8216782808303833, \"no_speech_prob\": 0.4184516668319702}, {\"id\": 13, \"seek\": 2604, \"start\": 49.2599983215332, \"end\": 53.779998779296875, \"text\": \" I'm like, well, you got to wait for them to log in, you know, and in the meantime, you're\", \"tokens\": [51525, 286, 478, 411, 11, 731, 11, 291, 658, 281, 1699, 337, 552, 281, 3565, 294, 11, 291, 458, 11, 293, 294, 264, 14991, 11, 291, 434, 51751], \"temperature\": 0.0, \"avg_logprob\": -0.29289159178733826, \"compression_ratio\": 1.8216782808303833, \"no_speech_prob\": 0.4184516668319702}, {\"id\": 14, \"seek\": 5378, \"start\": 53.79999923706055, \"end\": 57.20000076293945, \"text\": \" just getting smashed in the forehead with all these thirsty dudes.\", \"tokens\": [50365, 445, 1242, 33269, 294, 264, 20472, 365, 439, 613, 28115, 27717, 13, 50535], \"temperature\": 0.0, \"avg_logprob\": -0.3363572359085083, \"compression_ratio\": 1.115789532661438, \"no_speech_prob\": 0.9812906384468079}, {\"id\": 15, \"seek\": 5378, \"start\": 57.20000076293945, \"end\": 58.79999923706055, \"text\": \" And she's just like, oh, my God.\", \"tokens\": [50535, 400, 750, 311, 445, 411, 11, 1954, 11, 452, 1265, 13, 50615], \"temperature\": 0.0, \"avg_logprob\": -0.3363572359085083, \"compression_ratio\": 1.115789532661438, \"no_speech_prob\": 0.9812906384468079}, {\"id\": 16, \"seek\": 5378, \"start\": 58.79999923706055, \"end\": 59.119998931884766, \"text\": \" Right.\", \"tokens\": [50615, 1779, 13, 50631], \"temperature\": 0.0, \"avg_logprob\": -0.3363572359085083, \"compression_ratio\": 1.115789532661438, \"no_speech_prob\": 0.9812906384468079}]}"}