{"title": "Unlocking VIP Access: How to Gain Status and Special Treatment in Trendy Venues (Ep 253)", "video_id": "NlesZrKulyQ", "video_url": "https://www.youtube.com/watch?v=NlesZrKulyQ", "description": "", "published_at": "2023-11-01T22:58:04Z", "channel_id": "UC0O-ohYDF4P66HW9XJ4Us8w", "channel_title": "Robbie Kramer", "tags": [], "category_id": "24", "live_broadcast_content": "none", "duration": 57.0, "dimension": "2d", "definition": "hd", "caption": "false", "view_count": 2484, "like_count": 113, "comment_count": 9, "channel_info": {"title": "Robbie Kramer", "description": "I'm Robbie Kramer \ud83c\udf99Host of The Inner Confidence Podcast & Founder of Inner Confidence, Inc.\n\nI lived an exhilarating single life filled with adventures and lessons, and ultimately achieved what I had always aspired to \u2013 finding an amazing, feminine, and loving wife. \n\nI believe my experiences provide a rare balance of wild freedom and committed love, equipping me with the insights to help you navigate the complexities of dating and relationships in today's world. Let me guide you to embrace your desires, improve your social prowess, and ultimately attract the partner who aligns with your highest aspirations.\n\nYou won\u2019t find any fluffy, new-age, or cringy stuff here, just tested, proven and actionable advice that yields results.\n\nApply to join our exclusive Inner Confidence Community of ambitious men who are actively working together to achieve their goals faster   \u25ba https://innerconfidence.com/community\n\nYou can email me at robbie@innerconfidence.com with any questions or comments.\n", "subscriber_count": "1270", "total_views": "604693", "total_videos": "470"}, "comments": [], "file_path": "/Users/aelaguiz/workspace/fc_book/audio/raws/NlesZrKulyQ.mp3", "transcription": "{\"text\": \"When I figured out which places were cool, I'd go there. I talked to the bartenders. I would tip the bouncers when they really weren't expecting. If I knew the place was cool, I'd show up before there was a line. So typically the line is going to start at like 930 in most cities. And so I'd probably show up at like 915 when there's like a minimal line and I'd shoot the shit and I'd talk with the bouncer and then I'd literally give him 20 bucks and be like, thanks, man. Hook me up next time you see me. And that's going to go such a long way because I'm going out of my way to like make that connection and I'm giving him money. And I'm gonna do the same thing with the bartenders. So next time I come back, I'm going to have status. I'm probably going to get straight in. I'm also going to ask him like what nights he works, what are the best nights to go, right? And then I'm literally giving him money. First of all, he's not talking to anyone because he's just like bored doing his job. And now I'm shooting the shit with him. I'm giving him something to do. I'm asking him questions which he's going to answer that are making him feel like he's in the know and he's someone of value. So I'm like hyping him up and I'm giving him money. So that is such an effective strategy. Obviously, if they're really busy, I'm not going to their brain and ask them all those questions when they're like trying to serve other people. So that's another reason to go earlier and you get a chance to connect with the people in these venues. \", \"segments\": [{\"id\": 0, \"seek\": 0, \"start\": 0.0, \"end\": 1.9600000381469727, \"text\": \" When I figured out which places were cool, I'd go there.\", \"tokens\": [50364, 1133, 286, 8932, 484, 597, 3190, 645, 1627, 11, 286, 1116, 352, 456, 13, 50462], \"temperature\": 0.0, \"avg_logprob\": -0.21259362995624542, \"compression_ratio\": 1.9066338539123535, \"no_speech_prob\": 0.18919336795806885}, {\"id\": 1, \"seek\": 0, \"start\": 1.9600000381469727, \"end\": 3.119999885559082, \"text\": \" I talked to the bartenders.\", \"tokens\": [50462, 286, 2825, 281, 264, 44768, 16292, 13, 50520], \"temperature\": 0.0, \"avg_logprob\": -0.21259362995624542, \"compression_ratio\": 1.9066338539123535, \"no_speech_prob\": 0.18919336795806885}, {\"id\": 2, \"seek\": 0, \"start\": 3.119999885559082, \"end\": 5.71999979019165, \"text\": \" I would tip the bouncers when they really weren't expecting.\", \"tokens\": [50520, 286, 576, 4125, 264, 15521, 8530, 562, 436, 534, 4999, 380, 9650, 13, 50650], \"temperature\": 0.0, \"avg_logprob\": -0.21259362995624542, \"compression_ratio\": 1.9066338539123535, \"no_speech_prob\": 0.18919336795806885}, {\"id\": 3, \"seek\": 0, \"start\": 5.71999979019165, \"end\": 8.520000457763672, \"text\": \" If I knew the place was cool, I'd show up before there was a line.\", \"tokens\": [50650, 759, 286, 2586, 264, 1081, 390, 1627, 11, 286, 1116, 855, 493, 949, 456, 390, 257, 1622, 13, 50790], \"temperature\": 0.0, \"avg_logprob\": -0.21259362995624542, \"compression_ratio\": 1.9066338539123535, \"no_speech_prob\": 0.18919336795806885}, {\"id\": 4, \"seek\": 0, \"start\": 8.520000457763672, \"end\": 11.359999656677246, \"text\": \" So typically the line is going to start at like 930 in most cities.\", \"tokens\": [50790, 407, 5850, 264, 1622, 307, 516, 281, 722, 412, 411, 1722, 3446, 294, 881, 6486, 13, 50932], \"temperature\": 0.0, \"avg_logprob\": -0.21259362995624542, \"compression_ratio\": 1.9066338539123535, \"no_speech_prob\": 0.18919336795806885}, {\"id\": 5, \"seek\": 0, \"start\": 11.359999656677246, \"end\": 14.15999984741211, \"text\": \" And so I'd probably show up at like 915 when there's like a minimal line\", \"tokens\": [50932, 400, 370, 286, 1116, 1391, 855, 493, 412, 411, 1722, 5211, 562, 456, 311, 411, 257, 13206, 1622, 51072], \"temperature\": 0.0, \"avg_logprob\": -0.21259362995624542, \"compression_ratio\": 1.9066338539123535, \"no_speech_prob\": 0.18919336795806885}, {\"id\": 6, \"seek\": 0, \"start\": 14.15999984741211, \"end\": 15.920000076293945, \"text\": \" and I'd shoot the shit and I'd talk with the bouncer\", \"tokens\": [51072, 293, 286, 1116, 3076, 264, 4611, 293, 286, 1116, 751, 365, 264, 272, 14296, 51160], \"temperature\": 0.0, \"avg_logprob\": -0.21259362995624542, \"compression_ratio\": 1.9066338539123535, \"no_speech_prob\": 0.18919336795806885}, {\"id\": 7, \"seek\": 0, \"start\": 15.920000076293945, \"end\": 18.559999465942383, \"text\": \" and then I'd literally give him 20 bucks and be like, thanks, man.\", \"tokens\": [51160, 293, 550, 286, 1116, 3736, 976, 796, 945, 11829, 293, 312, 411, 11, 3231, 11, 587, 13, 51292], \"temperature\": 0.0, \"avg_logprob\": -0.21259362995624542, \"compression_ratio\": 1.9066338539123535, \"no_speech_prob\": 0.18919336795806885}, {\"id\": 8, \"seek\": 0, \"start\": 18.600000381469727, \"end\": 19.68000030517578, \"text\": \" Hook me up next time you see me.\", \"tokens\": [51294, 33132, 385, 493, 958, 565, 291, 536, 385, 13, 51348], \"temperature\": 0.0, \"avg_logprob\": -0.21259362995624542, \"compression_ratio\": 1.9066338539123535, \"no_speech_prob\": 0.18919336795806885}, {\"id\": 9, \"seek\": 0, \"start\": 19.68000030517578, \"end\": 22.600000381469727, \"text\": \" And that's going to go such a long way because I'm going out of my way\", \"tokens\": [51348, 400, 300, 311, 516, 281, 352, 1270, 257, 938, 636, 570, 286, 478, 516, 484, 295, 452, 636, 51494], \"temperature\": 0.0, \"avg_logprob\": -0.21259362995624542, \"compression_ratio\": 1.9066338539123535, \"no_speech_prob\": 0.18919336795806885}, {\"id\": 10, \"seek\": 0, \"start\": 22.600000381469727, \"end\": 24.360000610351562, \"text\": \" to like make that connection and I'm giving him money.\", \"tokens\": [51494, 281, 411, 652, 300, 4984, 293, 286, 478, 2902, 796, 1460, 13, 51582], \"temperature\": 0.0, \"avg_logprob\": -0.21259362995624542, \"compression_ratio\": 1.9066338539123535, \"no_speech_prob\": 0.18919336795806885}, {\"id\": 11, \"seek\": 0, \"start\": 24.360000610351562, \"end\": 25.719999313354492, \"text\": \" And I'm gonna do the same thing with the bartenders.\", \"tokens\": [51582, 400, 286, 478, 799, 360, 264, 912, 551, 365, 264, 44768, 16292, 13, 51650], \"temperature\": 0.0, \"avg_logprob\": -0.21259362995624542, \"compression_ratio\": 1.9066338539123535, \"no_speech_prob\": 0.18919336795806885}, {\"id\": 12, \"seek\": 0, \"start\": 25.719999313354492, \"end\": 27.600000381469727, \"text\": \" So next time I come back, I'm going to have status.\", \"tokens\": [51650, 407, 958, 565, 286, 808, 646, 11, 286, 478, 516, 281, 362, 6558, 13, 51744], \"temperature\": 0.0, \"avg_logprob\": -0.21259362995624542, \"compression_ratio\": 1.9066338539123535, \"no_speech_prob\": 0.18919336795806885}, {\"id\": 13, \"seek\": 0, \"start\": 27.600000381469727, \"end\": 28.920000076293945, \"text\": \" I'm probably going to get straight in.\", \"tokens\": [51744, 286, 478, 1391, 516, 281, 483, 2997, 294, 13, 51810], \"temperature\": 0.0, \"avg_logprob\": -0.21259362995624542, \"compression_ratio\": 1.9066338539123535, \"no_speech_prob\": 0.18919336795806885}, {\"id\": 14, \"seek\": 2892, \"start\": 28.920000076293945, \"end\": 30.520000457763672, \"text\": \" I'm also going to ask him like what nights he works,\", \"tokens\": [50364, 286, 478, 611, 516, 281, 1029, 796, 411, 437, 13249, 415, 1985, 11, 50444], \"temperature\": 0.0, \"avg_logprob\": -0.18940266966819763, \"compression_ratio\": 1.9309463500976562, \"no_speech_prob\": 6.921580643393099e-05}, {\"id\": 15, \"seek\": 2892, \"start\": 30.520000457763672, \"end\": 31.799999237060547, \"text\": \" what are the best nights to go, right?\", \"tokens\": [50444, 437, 366, 264, 1151, 13249, 281, 352, 11, 558, 30, 50508], \"temperature\": 0.0, \"avg_logprob\": -0.18940266966819763, \"compression_ratio\": 1.9309463500976562, \"no_speech_prob\": 6.921580643393099e-05}, {\"id\": 16, \"seek\": 2892, \"start\": 31.799999237060547, \"end\": 33.15999984741211, \"text\": \" And then I'm literally giving him money.\", \"tokens\": [50508, 400, 550, 286, 478, 3736, 2902, 796, 1460, 13, 50576], \"temperature\": 0.0, \"avg_logprob\": -0.18940266966819763, \"compression_ratio\": 1.9309463500976562, \"no_speech_prob\": 6.921580643393099e-05}, {\"id\": 17, \"seek\": 2892, \"start\": 33.15999984741211, \"end\": 36.31999969482422, \"text\": \" First of all, he's not talking to anyone because he's just like bored doing his job.\", \"tokens\": [50576, 2386, 295, 439, 11, 415, 311, 406, 1417, 281, 2878, 570, 415, 311, 445, 411, 13521, 884, 702, 1691, 13, 50734], \"temperature\": 0.0, \"avg_logprob\": -0.18940266966819763, \"compression_ratio\": 1.9309463500976562, \"no_speech_prob\": 6.921580643393099e-05}, {\"id\": 18, \"seek\": 2892, \"start\": 36.31999969482422, \"end\": 37.439998626708984, \"text\": \" And now I'm shooting the shit with him.\", \"tokens\": [50734, 400, 586, 286, 478, 5942, 264, 4611, 365, 796, 13, 50790], \"temperature\": 0.0, \"avg_logprob\": -0.18940266966819763, \"compression_ratio\": 1.9309463500976562, \"no_speech_prob\": 6.921580643393099e-05}, {\"id\": 19, \"seek\": 2892, \"start\": 37.439998626708984, \"end\": 38.599998474121094, \"text\": \" I'm giving him something to do.\", \"tokens\": [50790, 286, 478, 2902, 796, 746, 281, 360, 13, 50848], \"temperature\": 0.0, \"avg_logprob\": -0.18940266966819763, \"compression_ratio\": 1.9309463500976562, \"no_speech_prob\": 6.921580643393099e-05}, {\"id\": 20, \"seek\": 2892, \"start\": 38.599998474121094, \"end\": 41.599998474121094, \"text\": \" I'm asking him questions which he's going to answer that are making him feel\", \"tokens\": [50848, 286, 478, 3365, 796, 1651, 597, 415, 311, 516, 281, 1867, 300, 366, 1455, 796, 841, 50998], \"temperature\": 0.0, \"avg_logprob\": -0.18940266966819763, \"compression_ratio\": 1.9309463500976562, \"no_speech_prob\": 6.921580643393099e-05}, {\"id\": 21, \"seek\": 2892, \"start\": 41.599998474121094, \"end\": 43.599998474121094, \"text\": \" like he's in the know and he's someone of value.\", \"tokens\": [50998, 411, 415, 311, 294, 264, 458, 293, 415, 311, 1580, 295, 2158, 13, 51098], \"temperature\": 0.0, \"avg_logprob\": -0.18940266966819763, \"compression_ratio\": 1.9309463500976562, \"no_speech_prob\": 6.921580643393099e-05}, {\"id\": 22, \"seek\": 2892, \"start\": 43.599998474121094, \"end\": 45.47999954223633, \"text\": \" So I'm like hyping him up and I'm giving him money.\", \"tokens\": [51098, 407, 286, 478, 411, 2477, 3381, 796, 493, 293, 286, 478, 2902, 796, 1460, 13, 51192], \"temperature\": 0.0, \"avg_logprob\": -0.18940266966819763, \"compression_ratio\": 1.9309463500976562, \"no_speech_prob\": 6.921580643393099e-05}, {\"id\": 23, \"seek\": 2892, \"start\": 45.47999954223633, \"end\": 47.52000045776367, \"text\": \" So that is such an effective strategy.\", \"tokens\": [51192, 407, 300, 307, 1270, 364, 4942, 5206, 13, 51294], \"temperature\": 0.0, \"avg_logprob\": -0.18940266966819763, \"compression_ratio\": 1.9309463500976562, \"no_speech_prob\": 6.921580643393099e-05}, {\"id\": 24, \"seek\": 2892, \"start\": 47.52000045776367, \"end\": 49.68000030517578, \"text\": \" Obviously, if they're really busy, I'm not going to their brain\", \"tokens\": [51294, 7580, 11, 498, 436, 434, 534, 5856, 11, 286, 478, 406, 516, 281, 641, 3567, 51402], \"temperature\": 0.0, \"avg_logprob\": -0.18940266966819763, \"compression_ratio\": 1.9309463500976562, \"no_speech_prob\": 6.921580643393099e-05}, {\"id\": 25, \"seek\": 2892, \"start\": 49.68000030517578, \"end\": 52.15999984741211, \"text\": \" and ask them all those questions when they're like trying to serve other people.\", \"tokens\": [51402, 293, 1029, 552, 439, 729, 1651, 562, 436, 434, 411, 1382, 281, 4596, 661, 561, 13, 51526], \"temperature\": 0.0, \"avg_logprob\": -0.18940266966819763, \"compression_ratio\": 1.9309463500976562, \"no_speech_prob\": 6.921580643393099e-05}, {\"id\": 26, \"seek\": 2892, \"start\": 52.15999984741211, \"end\": 54.040000915527344, \"text\": \" So that's another reason to go earlier\", \"tokens\": [51526, 407, 300, 311, 1071, 1778, 281, 352, 3071, 51620], \"temperature\": 0.0, \"avg_logprob\": -0.18940266966819763, \"compression_ratio\": 1.9309463500976562, \"no_speech_prob\": 6.921580643393099e-05}, {\"id\": 27, \"seek\": 2892, \"start\": 54.040000915527344, \"end\": 56.0, \"text\": \" and you get a chance to connect with the people in these venues.\", \"tokens\": [51620, 293, 291, 483, 257, 2931, 281, 1745, 365, 264, 561, 294, 613, 32882, 13, 51718], \"temperature\": 0.0, \"avg_logprob\": -0.18940266966819763, \"compression_ratio\": 1.9309463500976562, \"no_speech_prob\": 6.921580643393099e-05}]}"}