{"title": "Daygame Infield 2 Cute Girls The Grove LA", "video_id": "nop9yCnJZ8A", "video_url": "https://www.youtube.com/watch?v=nop9yCnJZ8A", "description": "To listen to more episodes of the Inner Confidence Podcast, visit the links below:\nWebsite: https://innerconfidence.com/podcast/\niTunes:https://podcasts.apple.com/us/podcast/inner-confidence-podcast/id986699444 \nSpotify: https://open.spotify.com/show/2zkWuTnt7whvnR6CO6oNPV\nRSS: https://innerconfidence.com/series/leverage-podcast/feed/\n\nAnd if you're interested in learning more about my coaching services and connecting with me, check out these links:\nLinkTree: https://linktr.ee/Robbiekramer\nMain Site: https://innerconfidence.com/\nInstagram: https://www.instagram.com/robbie_kramer/\nTikTok: https://www.tiktok.com/@robbie.kramer\nYouTube: https://www.youtube.com/innerconfidence\n\nThank you for tuning in, and I look forward to helping you build your inner confidence and achieve success!\n\nJoin us : https://innerconfidence.com/leverage/\nBook a call with me : https://start.innerconfidence.com/video1\n\n\n#personaldevelopment #selfimprovement #innerconfidence #innerconfidencepodcast #podcast #coaching #success #motivation #inspiration #mindset #datingcoach #relationshipgoals #confidencecoach #selfimprovement #successfulmen", "published_at": "2014-06-22T20:26:34Z", "channel_id": "UC0O-ohYDF4P66HW9XJ4Us8w", "channel_title": "Robbie Kramer", "tags": ["pickup artist", "meeting women", "dating", "approach videos", "meeting girls on the street", "daygame", "daygame pickup"], "category_id": "24", "live_broadcast_content": "none", "duration": 220.0, "dimension": "2d", "definition": "sd", "caption": "false", "view_count": 1887, "like_count": 15, "comment_count": 4, "channel_info": {"title": "Robbie Kramer", "description": "I'm Robbie Kramer \ud83c\udf99Host of The Inner Confidence Podcast & Founder of Inner Confidence, Inc.\n\nI lived an exhilarating single life filled with adventures and lessons, and ultimately achieved what I had always aspired to \u2013 finding an amazing, feminine, and loving wife. \n\nI believe my experiences provide a rare balance of wild freedom and committed love, equipping me with the insights to help you navigate the complexities of dating and relationships in today's world. Let me guide you to embrace your desires, improve your social prowess, and ultimately attract the partner who aligns with your highest aspirations.\n\nYou won\u2019t find any fluffy, new-age, or cringy stuff here, just tested, proven and actionable advice that yields results.\n\nApply to join our exclusive Inner Confidence Community of ambitious men who are actively working together to achieve their goals faster   \u25ba https://innerconfidence.com/community\n\nYou can email me at robbie@innerconfidence.com with any questions or comments.\n", "subscriber_count": "1270", "total_views": "604693", "total_videos": "470"}, "comments": [], "file_path": "/Users/aelaguiz/workspace/fc_book/audio/raws/nop9yCnJZ8A.mp3", "transcription": "{\"text\": \"So, I saw you walking and I had to risk embarrassing the hell out of myself in front of you and your friend to beat you. I'm Robbie. Kathleen. You? Lila. Lila? Will you be my wingman for a second? Okay. How does she know that she's wingmaning? Well, she's helping me out, you know? So you gotta, you know, talk yourself, talk me up to her. Okay. I mean, I have the dog too, so. You have a dog? Yes, I have a dog. I have two wingmen, essentially. Hi, doggie. So, what are you guys up to? Just killing time. We're gonna go meet our sister for dinner. Oh, okay. Eating here? I don't know. I'm at Culver City. Oh, okay. You say it like you're not sure where that is. Well, we're not from here. We're only here for the day. Yeah. Oh, where are you guys from? San Diego. Oh, okay. I went to UCSD. That's where you went, right? Oh, you went there? Go Tritons. Yeah. Whenever I say that to a UCSD person, they're like, yeah, we have no sports. We have no sports. No one cares about sports at UCSD, but. So, where'd you go? Texas Tech. Okay. You guys have sports. Yeah. Yeah, we got the shaft with that. Just a bunch of studious. What are you guys doing up here? Just hanging out. Came out for like Arboretum. Yeah. Sunday. Just a day in LA to shop and hang? Saturday, Sunday. Cool. So, wait. Were you over there with your brother? A friend. Okay. Yeah. I asked her if you guys were twins. Oh, yeah? Yeah, we get that sometimes. Okay. I don't know. Sunglasses and a smile. Right? Very similar. You know. Slightly. How often do you get back to LA? Like, twice. Twice ever? Once a year. Alright, well. I get down to San Diego sometimes, so. Why don't you do this? Give me your number. If you don't like me, give me a fake one. You've been an A-plus wingman so far. Well, I'm actually moving to Austin soon, so. Yeah? If you want to. Well, maybe I'll. I'll get there occasionally, actually. Here you go. I think my main motivation for giving you my number is the fact that you actually cut us off from a lot of people. Yeah. Yeah. Yeah. What was your name again? Kathleen. Kathleen. I forgot yours, too. That's okay. She's like, it doesn't even matter. All right. Well, you guys enjoy the rest of your L.A. trip. Are you guys driving back tonight? No, probably early tomorrow. We're probably partying somewhere if you guys want to join. Maybe. I don't know. We're kind of exhausted, but if you let us know, we might perk up. Yeah? Do you guys like, are you like big partiers, semi-partiers? We went all out last night. Where did you guys go? We're recovering. We're in the gas lamp. Oh, down in San Diego. Yeah. Well, my twin brother over there, he does a lot of like promoting sort of stuff. I don't know. We might go somewhere crazy tonight. Do you love promoting? Yeah. I don't, but he does. All right. I'll text you. I'll let you know. Okay. Yeah. Nice to meet you. Nice to meet you. I'll hug. Gotta go in for the hug. All right.  \", \"segments\": [{\"id\": 0, \"seek\": 0, \"start\": 0.0, \"end\": 8.0, \"text\": \" So, I saw you walking and I had to risk embarrassing the hell out of myself in front of you and your friend to beat you.\", \"tokens\": [50364, 407, 11, 286, 1866, 291, 4494, 293, 286, 632, 281, 3148, 17299, 264, 4921, 484, 295, 2059, 294, 1868, 295, 291, 293, 428, 1277, 281, 4224, 291, 13, 50764], \"temperature\": 0.0, \"avg_logprob\": -0.29242804646492004, \"compression_ratio\": 1.623966932296753, \"no_speech_prob\": 0.12043648958206177}, {\"id\": 1, \"seek\": 0, \"start\": 8.0, \"end\": 9.0, \"text\": \" I'm Robbie.\", \"tokens\": [50764, 286, 478, 45749, 13, 50814], \"temperature\": 0.0, \"avg_logprob\": -0.29242804646492004, \"compression_ratio\": 1.623966932296753, \"no_speech_prob\": 0.12043648958206177}, {\"id\": 2, \"seek\": 0, \"start\": 9.0, \"end\": 10.0, \"text\": \" Kathleen.\", \"tokens\": [50814, 41648, 13, 50864], \"temperature\": 0.0, \"avg_logprob\": -0.29242804646492004, \"compression_ratio\": 1.623966932296753, \"no_speech_prob\": 0.12043648958206177}, {\"id\": 3, \"seek\": 0, \"start\": 10.0, \"end\": 11.0, \"text\": \" You?\", \"tokens\": [50864, 509, 30, 50914], \"temperature\": 0.0, \"avg_logprob\": -0.29242804646492004, \"compression_ratio\": 1.623966932296753, \"no_speech_prob\": 0.12043648958206177}, {\"id\": 4, \"seek\": 0, \"start\": 11.0, \"end\": 12.0, \"text\": \" Lila.\", \"tokens\": [50914, 441, 7371, 13, 50964], \"temperature\": 0.0, \"avg_logprob\": -0.29242804646492004, \"compression_ratio\": 1.623966932296753, \"no_speech_prob\": 0.12043648958206177}, {\"id\": 5, \"seek\": 0, \"start\": 12.0, \"end\": 13.0, \"text\": \" Lila?\", \"tokens\": [50964, 441, 7371, 30, 51014], \"temperature\": 0.0, \"avg_logprob\": -0.29242804646492004, \"compression_ratio\": 1.623966932296753, \"no_speech_prob\": 0.12043648958206177}, {\"id\": 6, \"seek\": 0, \"start\": 13.0, \"end\": 15.0, \"text\": \" Will you be my wingman for a second?\", \"tokens\": [51014, 3099, 291, 312, 452, 11162, 1601, 337, 257, 1150, 30, 51114], \"temperature\": 0.0, \"avg_logprob\": -0.29242804646492004, \"compression_ratio\": 1.623966932296753, \"no_speech_prob\": 0.12043648958206177}, {\"id\": 7, \"seek\": 0, \"start\": 15.0, \"end\": 16.0, \"text\": \" Okay.\", \"tokens\": [51114, 1033, 13, 51164], \"temperature\": 0.0, \"avg_logprob\": -0.29242804646492004, \"compression_ratio\": 1.623966932296753, \"no_speech_prob\": 0.12043648958206177}, {\"id\": 8, \"seek\": 0, \"start\": 17.0, \"end\": 19.0, \"text\": \" How does she know that she's wingmaning?\", \"tokens\": [51214, 1012, 775, 750, 458, 300, 750, 311, 11162, 1601, 278, 30, 51314], \"temperature\": 0.0, \"avg_logprob\": -0.29242804646492004, \"compression_ratio\": 1.623966932296753, \"no_speech_prob\": 0.12043648958206177}, {\"id\": 9, \"seek\": 0, \"start\": 19.0, \"end\": 21.0, \"text\": \" Well, she's helping me out, you know?\", \"tokens\": [51314, 1042, 11, 750, 311, 4315, 385, 484, 11, 291, 458, 30, 51414], \"temperature\": 0.0, \"avg_logprob\": -0.29242804646492004, \"compression_ratio\": 1.623966932296753, \"no_speech_prob\": 0.12043648958206177}, {\"id\": 10, \"seek\": 0, \"start\": 21.0, \"end\": 24.0, \"text\": \" So you gotta, you know, talk yourself, talk me up to her.\", \"tokens\": [51414, 407, 291, 3428, 11, 291, 458, 11, 751, 1803, 11, 751, 385, 493, 281, 720, 13, 51564], \"temperature\": 0.0, \"avg_logprob\": -0.29242804646492004, \"compression_ratio\": 1.623966932296753, \"no_speech_prob\": 0.12043648958206177}, {\"id\": 11, \"seek\": 0, \"start\": 24.0, \"end\": 25.0, \"text\": \" Okay.\", \"tokens\": [51564, 1033, 13, 51614], \"temperature\": 0.0, \"avg_logprob\": -0.29242804646492004, \"compression_ratio\": 1.623966932296753, \"no_speech_prob\": 0.12043648958206177}, {\"id\": 12, \"seek\": 0, \"start\": 25.0, \"end\": 27.0, \"text\": \" I mean, I have the dog too, so.\", \"tokens\": [51614, 286, 914, 11, 286, 362, 264, 3000, 886, 11, 370, 13, 51714], \"temperature\": 0.0, \"avg_logprob\": -0.29242804646492004, \"compression_ratio\": 1.623966932296753, \"no_speech_prob\": 0.12043648958206177}, {\"id\": 13, \"seek\": 0, \"start\": 27.0, \"end\": 28.0, \"text\": \" You have a dog?\", \"tokens\": [51714, 509, 362, 257, 3000, 30, 51764], \"temperature\": 0.0, \"avg_logprob\": -0.29242804646492004, \"compression_ratio\": 1.623966932296753, \"no_speech_prob\": 0.12043648958206177}, {\"id\": 14, \"seek\": 2800, \"start\": 28.0, \"end\": 29.0, \"text\": \" Yes, I have a dog.\", \"tokens\": [50364, 1079, 11, 286, 362, 257, 3000, 13, 50414], \"temperature\": 0.0, \"avg_logprob\": -0.23182497918605804, \"compression_ratio\": 1.6641790866851807, \"no_speech_prob\": 0.024409737437963486}, {\"id\": 15, \"seek\": 2800, \"start\": 29.0, \"end\": 31.0, \"text\": \" I have two wingmen, essentially.\", \"tokens\": [50414, 286, 362, 732, 11162, 2558, 11, 4476, 13, 50514], \"temperature\": 0.0, \"avg_logprob\": -0.23182497918605804, \"compression_ratio\": 1.6641790866851807, \"no_speech_prob\": 0.024409737437963486}, {\"id\": 16, \"seek\": 2800, \"start\": 31.0, \"end\": 32.0, \"text\": \" Hi, doggie.\", \"tokens\": [50514, 2421, 11, 360, 1615, 414, 13, 50564], \"temperature\": 0.0, \"avg_logprob\": -0.23182497918605804, \"compression_ratio\": 1.6641790866851807, \"no_speech_prob\": 0.024409737437963486}, {\"id\": 17, \"seek\": 2800, \"start\": 32.0, \"end\": 34.0, \"text\": \" So, what are you guys up to?\", \"tokens\": [50564, 407, 11, 437, 366, 291, 1074, 493, 281, 30, 50664], \"temperature\": 0.0, \"avg_logprob\": -0.23182497918605804, \"compression_ratio\": 1.6641790866851807, \"no_speech_prob\": 0.024409737437963486}, {\"id\": 18, \"seek\": 2800, \"start\": 34.0, \"end\": 36.0, \"text\": \" Just killing time.\", \"tokens\": [50664, 1449, 8011, 565, 13, 50764], \"temperature\": 0.0, \"avg_logprob\": -0.23182497918605804, \"compression_ratio\": 1.6641790866851807, \"no_speech_prob\": 0.024409737437963486}, {\"id\": 19, \"seek\": 2800, \"start\": 36.0, \"end\": 38.0, \"text\": \" We're gonna go meet our sister for dinner.\", \"tokens\": [50764, 492, 434, 799, 352, 1677, 527, 4892, 337, 6148, 13, 50864], \"temperature\": 0.0, \"avg_logprob\": -0.23182497918605804, \"compression_ratio\": 1.6641790866851807, \"no_speech_prob\": 0.024409737437963486}, {\"id\": 20, \"seek\": 2800, \"start\": 38.0, \"end\": 39.0, \"text\": \" Oh, okay.\", \"tokens\": [50864, 876, 11, 1392, 13, 50914], \"temperature\": 0.0, \"avg_logprob\": -0.23182497918605804, \"compression_ratio\": 1.6641790866851807, \"no_speech_prob\": 0.024409737437963486}, {\"id\": 21, \"seek\": 2800, \"start\": 39.0, \"end\": 40.0, \"text\": \" Eating here?\", \"tokens\": [50914, 29234, 510, 30, 50964], \"temperature\": 0.0, \"avg_logprob\": -0.23182497918605804, \"compression_ratio\": 1.6641790866851807, \"no_speech_prob\": 0.024409737437963486}, {\"id\": 22, \"seek\": 2800, \"start\": 40.0, \"end\": 41.0, \"text\": \" I don't know.\", \"tokens\": [50964, 286, 500, 380, 458, 13, 51014], \"temperature\": 0.0, \"avg_logprob\": -0.23182497918605804, \"compression_ratio\": 1.6641790866851807, \"no_speech_prob\": 0.024409737437963486}, {\"id\": 23, \"seek\": 2800, \"start\": 41.0, \"end\": 44.0, \"text\": \" I'm at Culver City.\", \"tokens\": [51014, 286, 478, 412, 49037, 331, 4392, 13, 51164], \"temperature\": 0.0, \"avg_logprob\": -0.23182497918605804, \"compression_ratio\": 1.6641790866851807, \"no_speech_prob\": 0.024409737437963486}, {\"id\": 24, \"seek\": 2800, \"start\": 44.0, \"end\": 45.0, \"text\": \" Oh, okay.\", \"tokens\": [51164, 876, 11, 1392, 13, 51214], \"temperature\": 0.0, \"avg_logprob\": -0.23182497918605804, \"compression_ratio\": 1.6641790866851807, \"no_speech_prob\": 0.024409737437963486}, {\"id\": 25, \"seek\": 2800, \"start\": 45.0, \"end\": 48.0, \"text\": \" You say it like you're not sure where that is.\", \"tokens\": [51214, 509, 584, 309, 411, 291, 434, 406, 988, 689, 300, 307, 13, 51364], \"temperature\": 0.0, \"avg_logprob\": -0.23182497918605804, \"compression_ratio\": 1.6641790866851807, \"no_speech_prob\": 0.024409737437963486}, {\"id\": 26, \"seek\": 2800, \"start\": 48.0, \"end\": 49.0, \"text\": \" Well, we're not from here.\", \"tokens\": [51364, 1042, 11, 321, 434, 406, 490, 510, 13, 51414], \"temperature\": 0.0, \"avg_logprob\": -0.23182497918605804, \"compression_ratio\": 1.6641790866851807, \"no_speech_prob\": 0.024409737437963486}, {\"id\": 27, \"seek\": 2800, \"start\": 49.0, \"end\": 50.0, \"text\": \" We're only here for the day.\", \"tokens\": [51414, 492, 434, 787, 510, 337, 264, 786, 13, 51464], \"temperature\": 0.0, \"avg_logprob\": -0.23182497918605804, \"compression_ratio\": 1.6641790866851807, \"no_speech_prob\": 0.024409737437963486}, {\"id\": 28, \"seek\": 2800, \"start\": 50.0, \"end\": 51.0, \"text\": \" Yeah.\", \"tokens\": [51464, 865, 13, 51514], \"temperature\": 0.0, \"avg_logprob\": -0.23182497918605804, \"compression_ratio\": 1.6641790866851807, \"no_speech_prob\": 0.024409737437963486}, {\"id\": 29, \"seek\": 2800, \"start\": 51.0, \"end\": 52.0, \"text\": \" Oh, where are you guys from?\", \"tokens\": [51514, 876, 11, 689, 366, 291, 1074, 490, 30, 51564], \"temperature\": 0.0, \"avg_logprob\": -0.23182497918605804, \"compression_ratio\": 1.6641790866851807, \"no_speech_prob\": 0.024409737437963486}, {\"id\": 30, \"seek\": 2800, \"start\": 52.0, \"end\": 53.0, \"text\": \" San Diego.\", \"tokens\": [51564, 5271, 16377, 13, 51614], \"temperature\": 0.0, \"avg_logprob\": -0.23182497918605804, \"compression_ratio\": 1.6641790866851807, \"no_speech_prob\": 0.024409737437963486}, {\"id\": 31, \"seek\": 2800, \"start\": 53.0, \"end\": 54.0, \"text\": \" Oh, okay.\", \"tokens\": [51614, 876, 11, 1392, 13, 51664], \"temperature\": 0.0, \"avg_logprob\": -0.23182497918605804, \"compression_ratio\": 1.6641790866851807, \"no_speech_prob\": 0.024409737437963486}, {\"id\": 32, \"seek\": 2800, \"start\": 54.0, \"end\": 55.0, \"text\": \" I went to UCSD.\", \"tokens\": [51664, 286, 1437, 281, 14079, 23969, 13, 51714], \"temperature\": 0.0, \"avg_logprob\": -0.23182497918605804, \"compression_ratio\": 1.6641790866851807, \"no_speech_prob\": 0.024409737437963486}, {\"id\": 33, \"seek\": 2800, \"start\": 55.0, \"end\": 56.0, \"text\": \" That's where you went, right?\", \"tokens\": [51714, 663, 311, 689, 291, 1437, 11, 558, 30, 51764], \"temperature\": 0.0, \"avg_logprob\": -0.23182497918605804, \"compression_ratio\": 1.6641790866851807, \"no_speech_prob\": 0.024409737437963486}, {\"id\": 34, \"seek\": 2800, \"start\": 56.0, \"end\": 57.0, \"text\": \" Oh, you went there?\", \"tokens\": [51764, 876, 11, 291, 1437, 456, 30, 51814], \"temperature\": 0.0, \"avg_logprob\": -0.23182497918605804, \"compression_ratio\": 1.6641790866851807, \"no_speech_prob\": 0.024409737437963486}, {\"id\": 35, \"seek\": 5700, \"start\": 57.0, \"end\": 58.0, \"text\": \" Go Tritons.\", \"tokens\": [50364, 1037, 1765, 270, 892, 13, 50414], \"temperature\": 0.0, \"avg_logprob\": -0.20021717250347137, \"compression_ratio\": 1.5145630836486816, \"no_speech_prob\": 0.14028872549533844}, {\"id\": 36, \"seek\": 5700, \"start\": 58.0, \"end\": 59.0, \"text\": \" Yeah.\", \"tokens\": [50414, 865, 13, 50464], \"temperature\": 0.0, \"avg_logprob\": -0.20021717250347137, \"compression_ratio\": 1.5145630836486816, \"no_speech_prob\": 0.14028872549533844}, {\"id\": 37, \"seek\": 5700, \"start\": 59.0, \"end\": 63.0, \"text\": \" Whenever I say that to a UCSD person, they're like, yeah, we have no sports.\", \"tokens\": [50464, 14159, 286, 584, 300, 281, 257, 14079, 23969, 954, 11, 436, 434, 411, 11, 1338, 11, 321, 362, 572, 6573, 13, 50664], \"temperature\": 0.0, \"avg_logprob\": -0.20021717250347137, \"compression_ratio\": 1.5145630836486816, \"no_speech_prob\": 0.14028872549533844}, {\"id\": 38, \"seek\": 5700, \"start\": 63.0, \"end\": 64.0, \"text\": \" We have no sports.\", \"tokens\": [50664, 492, 362, 572, 6573, 13, 50714], \"temperature\": 0.0, \"avg_logprob\": -0.20021717250347137, \"compression_ratio\": 1.5145630836486816, \"no_speech_prob\": 0.14028872549533844}, {\"id\": 39, \"seek\": 5700, \"start\": 64.0, \"end\": 67.0, \"text\": \" No one cares about sports at UCSD, but.\", \"tokens\": [50714, 883, 472, 12310, 466, 6573, 412, 14079, 23969, 11, 457, 13, 50864], \"temperature\": 0.0, \"avg_logprob\": -0.20021717250347137, \"compression_ratio\": 1.5145630836486816, \"no_speech_prob\": 0.14028872549533844}, {\"id\": 40, \"seek\": 5700, \"start\": 67.0, \"end\": 69.0, \"text\": \" So, where'd you go?\", \"tokens\": [50864, 407, 11, 689, 1116, 291, 352, 30, 50964], \"temperature\": 0.0, \"avg_logprob\": -0.20021717250347137, \"compression_ratio\": 1.5145630836486816, \"no_speech_prob\": 0.14028872549533844}, {\"id\": 41, \"seek\": 5700, \"start\": 69.0, \"end\": 70.0, \"text\": \" Texas Tech.\", \"tokens\": [50964, 7885, 13795, 13, 51014], \"temperature\": 0.0, \"avg_logprob\": -0.20021717250347137, \"compression_ratio\": 1.5145630836486816, \"no_speech_prob\": 0.14028872549533844}, {\"id\": 42, \"seek\": 5700, \"start\": 70.0, \"end\": 71.0, \"text\": \" Okay.\", \"tokens\": [51014, 1033, 13, 51064], \"temperature\": 0.0, \"avg_logprob\": -0.20021717250347137, \"compression_ratio\": 1.5145630836486816, \"no_speech_prob\": 0.14028872549533844}, {\"id\": 43, \"seek\": 5700, \"start\": 71.0, \"end\": 72.0, \"text\": \" You guys have sports.\", \"tokens\": [51064, 509, 1074, 362, 6573, 13, 51114], \"temperature\": 0.0, \"avg_logprob\": -0.20021717250347137, \"compression_ratio\": 1.5145630836486816, \"no_speech_prob\": 0.14028872549533844}, {\"id\": 44, \"seek\": 5700, \"start\": 72.0, \"end\": 73.0, \"text\": \" Yeah.\", \"tokens\": [51114, 865, 13, 51164], \"temperature\": 0.0, \"avg_logprob\": -0.20021717250347137, \"compression_ratio\": 1.5145630836486816, \"no_speech_prob\": 0.14028872549533844}, {\"id\": 45, \"seek\": 5700, \"start\": 73.0, \"end\": 76.0, \"text\": \" Yeah, we got the shaft with that.\", \"tokens\": [51164, 865, 11, 321, 658, 264, 18467, 365, 300, 13, 51314], \"temperature\": 0.0, \"avg_logprob\": -0.20021717250347137, \"compression_ratio\": 1.5145630836486816, \"no_speech_prob\": 0.14028872549533844}, {\"id\": 46, \"seek\": 5700, \"start\": 76.0, \"end\": 79.0, \"text\": \" Just a bunch of studious.\", \"tokens\": [51314, 1449, 257, 3840, 295, 972, 851, 13, 51464], \"temperature\": 0.0, \"avg_logprob\": -0.20021717250347137, \"compression_ratio\": 1.5145630836486816, \"no_speech_prob\": 0.14028872549533844}, {\"id\": 47, \"seek\": 5700, \"start\": 79.0, \"end\": 81.0, \"text\": \" What are you guys doing up here?\", \"tokens\": [51464, 708, 366, 291, 1074, 884, 493, 510, 30, 51564], \"temperature\": 0.0, \"avg_logprob\": -0.20021717250347137, \"compression_ratio\": 1.5145630836486816, \"no_speech_prob\": 0.14028872549533844}, {\"id\": 48, \"seek\": 8100, \"start\": 82.0, \"end\": 83.0, \"text\": \" Just hanging out.\", \"tokens\": [50414, 1449, 8345, 484, 13, 50464], \"temperature\": 0.0, \"avg_logprob\": -0.21529723703861237, \"compression_ratio\": 1.5280898809432983, \"no_speech_prob\": 0.3628879189491272}, {\"id\": 49, \"seek\": 8100, \"start\": 83.0, \"end\": 85.0, \"text\": \" Came out for like Arboretum.\", \"tokens\": [50464, 36042, 484, 337, 411, 1587, 65, 26262, 449, 13, 50564], \"temperature\": 0.0, \"avg_logprob\": -0.21529723703861237, \"compression_ratio\": 1.5280898809432983, \"no_speech_prob\": 0.3628879189491272}, {\"id\": 50, \"seek\": 8100, \"start\": 85.0, \"end\": 86.0, \"text\": \" Yeah.\", \"tokens\": [50564, 865, 13, 50614], \"temperature\": 0.0, \"avg_logprob\": -0.21529723703861237, \"compression_ratio\": 1.5280898809432983, \"no_speech_prob\": 0.3628879189491272}, {\"id\": 51, \"seek\": 8100, \"start\": 86.0, \"end\": 87.0, \"text\": \" Sunday.\", \"tokens\": [50614, 7776, 13, 50664], \"temperature\": 0.0, \"avg_logprob\": -0.21529723703861237, \"compression_ratio\": 1.5280898809432983, \"no_speech_prob\": 0.3628879189491272}, {\"id\": 52, \"seek\": 8100, \"start\": 87.0, \"end\": 89.0, \"text\": \" Just a day in LA to shop and hang?\", \"tokens\": [50664, 1449, 257, 786, 294, 9855, 281, 3945, 293, 3967, 30, 50764], \"temperature\": 0.0, \"avg_logprob\": -0.21529723703861237, \"compression_ratio\": 1.5280898809432983, \"no_speech_prob\": 0.3628879189491272}, {\"id\": 53, \"seek\": 8100, \"start\": 89.0, \"end\": 90.0, \"text\": \" Saturday, Sunday.\", \"tokens\": [50764, 8803, 11, 7776, 13, 50814], \"temperature\": 0.0, \"avg_logprob\": -0.21529723703861237, \"compression_ratio\": 1.5280898809432983, \"no_speech_prob\": 0.3628879189491272}, {\"id\": 54, \"seek\": 8100, \"start\": 90.0, \"end\": 91.0, \"text\": \" Cool.\", \"tokens\": [50814, 8561, 13, 50864], \"temperature\": 0.0, \"avg_logprob\": -0.21529723703861237, \"compression_ratio\": 1.5280898809432983, \"no_speech_prob\": 0.3628879189491272}, {\"id\": 55, \"seek\": 8100, \"start\": 91.0, \"end\": 92.0, \"text\": \" So, wait.\", \"tokens\": [50864, 407, 11, 1699, 13, 50914], \"temperature\": 0.0, \"avg_logprob\": -0.21529723703861237, \"compression_ratio\": 1.5280898809432983, \"no_speech_prob\": 0.3628879189491272}, {\"id\": 56, \"seek\": 8100, \"start\": 92.0, \"end\": 93.0, \"text\": \" Were you over there with your brother?\", \"tokens\": [50914, 12448, 291, 670, 456, 365, 428, 3708, 30, 50964], \"temperature\": 0.0, \"avg_logprob\": -0.21529723703861237, \"compression_ratio\": 1.5280898809432983, \"no_speech_prob\": 0.3628879189491272}, {\"id\": 57, \"seek\": 8100, \"start\": 93.0, \"end\": 94.0, \"text\": \" A friend.\", \"tokens\": [50964, 316, 1277, 13, 51014], \"temperature\": 0.0, \"avg_logprob\": -0.21529723703861237, \"compression_ratio\": 1.5280898809432983, \"no_speech_prob\": 0.3628879189491272}, {\"id\": 58, \"seek\": 8100, \"start\": 94.0, \"end\": 95.0, \"text\": \" Okay.\", \"tokens\": [51014, 1033, 13, 51064], \"temperature\": 0.0, \"avg_logprob\": -0.21529723703861237, \"compression_ratio\": 1.5280898809432983, \"no_speech_prob\": 0.3628879189491272}, {\"id\": 59, \"seek\": 8100, \"start\": 95.0, \"end\": 96.0, \"text\": \" Yeah.\", \"tokens\": [51064, 865, 13, 51114], \"temperature\": 0.0, \"avg_logprob\": -0.21529723703861237, \"compression_ratio\": 1.5280898809432983, \"no_speech_prob\": 0.3628879189491272}, {\"id\": 60, \"seek\": 8100, \"start\": 96.0, \"end\": 97.0, \"text\": \" I asked her if you guys were twins.\", \"tokens\": [51114, 286, 2351, 720, 498, 291, 1074, 645, 22555, 13, 51164], \"temperature\": 0.0, \"avg_logprob\": -0.21529723703861237, \"compression_ratio\": 1.5280898809432983, \"no_speech_prob\": 0.3628879189491272}, {\"id\": 61, \"seek\": 8100, \"start\": 97.0, \"end\": 98.0, \"text\": \" Oh, yeah?\", \"tokens\": [51164, 876, 11, 1338, 30, 51214], \"temperature\": 0.0, \"avg_logprob\": -0.21529723703861237, \"compression_ratio\": 1.5280898809432983, \"no_speech_prob\": 0.3628879189491272}, {\"id\": 62, \"seek\": 8100, \"start\": 98.0, \"end\": 99.0, \"text\": \" Yeah, we get that sometimes.\", \"tokens\": [51214, 865, 11, 321, 483, 300, 2171, 13, 51264], \"temperature\": 0.0, \"avg_logprob\": -0.21529723703861237, \"compression_ratio\": 1.5280898809432983, \"no_speech_prob\": 0.3628879189491272}, {\"id\": 63, \"seek\": 8100, \"start\": 99.0, \"end\": 100.0, \"text\": \" Okay.\", \"tokens\": [51264, 1033, 13, 51314], \"temperature\": 0.0, \"avg_logprob\": -0.21529723703861237, \"compression_ratio\": 1.5280898809432983, \"no_speech_prob\": 0.3628879189491272}, {\"id\": 64, \"seek\": 8100, \"start\": 100.0, \"end\": 101.0, \"text\": \" I don't know.\", \"tokens\": [51314, 286, 500, 380, 458, 13, 51364], \"temperature\": 0.0, \"avg_logprob\": -0.21529723703861237, \"compression_ratio\": 1.5280898809432983, \"no_speech_prob\": 0.3628879189491272}, {\"id\": 65, \"seek\": 8100, \"start\": 101.0, \"end\": 102.0, \"text\": \" Sunglasses and a smile.\", \"tokens\": [51364, 24857, 25479, 293, 257, 7563, 13, 51414], \"temperature\": 0.0, \"avg_logprob\": -0.21529723703861237, \"compression_ratio\": 1.5280898809432983, \"no_speech_prob\": 0.3628879189491272}, {\"id\": 66, \"seek\": 8100, \"start\": 102.0, \"end\": 103.0, \"text\": \" Right?\", \"tokens\": [51414, 1779, 30, 51464], \"temperature\": 0.0, \"avg_logprob\": -0.21529723703861237, \"compression_ratio\": 1.5280898809432983, \"no_speech_prob\": 0.3628879189491272}, {\"id\": 67, \"seek\": 8100, \"start\": 103.0, \"end\": 104.0, \"text\": \" Very similar.\", \"tokens\": [51464, 4372, 2531, 13, 51514], \"temperature\": 0.0, \"avg_logprob\": -0.21529723703861237, \"compression_ratio\": 1.5280898809432983, \"no_speech_prob\": 0.3628879189491272}, {\"id\": 68, \"seek\": 8100, \"start\": 104.0, \"end\": 105.0, \"text\": \" You know.\", \"tokens\": [51514, 509, 458, 13, 51564], \"temperature\": 0.0, \"avg_logprob\": -0.21529723703861237, \"compression_ratio\": 1.5280898809432983, \"no_speech_prob\": 0.3628879189491272}, {\"id\": 69, \"seek\": 8100, \"start\": 105.0, \"end\": 106.0, \"text\": \" Slightly.\", \"tokens\": [51564, 318, 44872, 13, 51614], \"temperature\": 0.0, \"avg_logprob\": -0.21529723703861237, \"compression_ratio\": 1.5280898809432983, \"no_speech_prob\": 0.3628879189491272}, {\"id\": 70, \"seek\": 8100, \"start\": 106.0, \"end\": 107.0, \"text\": \" How often do you get back to LA?\", \"tokens\": [51614, 1012, 2049, 360, 291, 483, 646, 281, 9855, 30, 51664], \"temperature\": 0.0, \"avg_logprob\": -0.21529723703861237, \"compression_ratio\": 1.5280898809432983, \"no_speech_prob\": 0.3628879189491272}, {\"id\": 71, \"seek\": 8100, \"start\": 107.0, \"end\": 109.0, \"text\": \" Like, twice.\", \"tokens\": [51664, 1743, 11, 6091, 13, 51764], \"temperature\": 0.0, \"avg_logprob\": -0.21529723703861237, \"compression_ratio\": 1.5280898809432983, \"no_speech_prob\": 0.3628879189491272}, {\"id\": 72, \"seek\": 8100, \"start\": 109.0, \"end\": 110.0, \"text\": \" Twice ever?\", \"tokens\": [51764, 46964, 1562, 30, 51814], \"temperature\": 0.0, \"avg_logprob\": -0.21529723703861237, \"compression_ratio\": 1.5280898809432983, \"no_speech_prob\": 0.3628879189491272}, {\"id\": 73, \"seek\": 11000, \"start\": 110.0, \"end\": 111.0, \"text\": \" Once a year.\", \"tokens\": [50364, 3443, 257, 1064, 13, 50414], \"temperature\": 0.0, \"avg_logprob\": -0.2859143614768982, \"compression_ratio\": 1.6523298025131226, \"no_speech_prob\": 0.2172645926475525}, {\"id\": 74, \"seek\": 11000, \"start\": 111.0, \"end\": 112.0, \"text\": \" Alright, well.\", \"tokens\": [50414, 2798, 11, 731, 13, 50464], \"temperature\": 0.0, \"avg_logprob\": -0.2859143614768982, \"compression_ratio\": 1.6523298025131226, \"no_speech_prob\": 0.2172645926475525}, {\"id\": 75, \"seek\": 11000, \"start\": 112.0, \"end\": 113.0, \"text\": \" I get down to San Diego sometimes, so.\", \"tokens\": [50464, 286, 483, 760, 281, 5271, 16377, 2171, 11, 370, 13, 50514], \"temperature\": 0.0, \"avg_logprob\": -0.2859143614768982, \"compression_ratio\": 1.6523298025131226, \"no_speech_prob\": 0.2172645926475525}, {\"id\": 76, \"seek\": 11000, \"start\": 113.0, \"end\": 114.0, \"text\": \" Why don't you do this?\", \"tokens\": [50514, 1545, 500, 380, 291, 360, 341, 30, 50564], \"temperature\": 0.0, \"avg_logprob\": -0.2859143614768982, \"compression_ratio\": 1.6523298025131226, \"no_speech_prob\": 0.2172645926475525}, {\"id\": 77, \"seek\": 11000, \"start\": 114.0, \"end\": 115.0, \"text\": \" Give me your number.\", \"tokens\": [50564, 5303, 385, 428, 1230, 13, 50614], \"temperature\": 0.0, \"avg_logprob\": -0.2859143614768982, \"compression_ratio\": 1.6523298025131226, \"no_speech_prob\": 0.2172645926475525}, {\"id\": 78, \"seek\": 11000, \"start\": 115.0, \"end\": 116.0, \"text\": \" If you don't like me, give me a fake one.\", \"tokens\": [50614, 759, 291, 500, 380, 411, 385, 11, 976, 385, 257, 7592, 472, 13, 50664], \"temperature\": 0.0, \"avg_logprob\": -0.2859143614768982, \"compression_ratio\": 1.6523298025131226, \"no_speech_prob\": 0.2172645926475525}, {\"id\": 79, \"seek\": 11000, \"start\": 116.0, \"end\": 117.0, \"text\": \" You've been an A-plus wingman so far.\", \"tokens\": [50664, 509, 600, 668, 364, 316, 12, 18954, 11162, 1601, 370, 1400, 13, 50714], \"temperature\": 0.0, \"avg_logprob\": -0.2859143614768982, \"compression_ratio\": 1.6523298025131226, \"no_speech_prob\": 0.2172645926475525}, {\"id\": 80, \"seek\": 11000, \"start\": 117.0, \"end\": 118.0, \"text\": \" Well, I'm actually moving to Austin soon, so.\", \"tokens\": [50714, 1042, 11, 286, 478, 767, 2684, 281, 15356, 2321, 11, 370, 13, 50764], \"temperature\": 0.0, \"avg_logprob\": -0.2859143614768982, \"compression_ratio\": 1.6523298025131226, \"no_speech_prob\": 0.2172645926475525}, {\"id\": 81, \"seek\": 11000, \"start\": 118.0, \"end\": 119.0, \"text\": \" Yeah?\", \"tokens\": [50764, 865, 30, 50814], \"temperature\": 0.0, \"avg_logprob\": -0.2859143614768982, \"compression_ratio\": 1.6523298025131226, \"no_speech_prob\": 0.2172645926475525}, {\"id\": 82, \"seek\": 11000, \"start\": 119.0, \"end\": 120.0, \"text\": \" If you want to.\", \"tokens\": [50814, 759, 291, 528, 281, 13, 50864], \"temperature\": 0.0, \"avg_logprob\": -0.2859143614768982, \"compression_ratio\": 1.6523298025131226, \"no_speech_prob\": 0.2172645926475525}, {\"id\": 83, \"seek\": 11000, \"start\": 120.0, \"end\": 121.0, \"text\": \" Well, maybe I'll.\", \"tokens\": [50864, 1042, 11, 1310, 286, 603, 13, 50914], \"temperature\": 0.0, \"avg_logprob\": -0.2859143614768982, \"compression_ratio\": 1.6523298025131226, \"no_speech_prob\": 0.2172645926475525}, {\"id\": 84, \"seek\": 11000, \"start\": 121.0, \"end\": 122.0, \"text\": \" I'll get there occasionally, actually.\", \"tokens\": [50914, 286, 603, 483, 456, 16895, 11, 767, 13, 50964], \"temperature\": 0.0, \"avg_logprob\": -0.2859143614768982, \"compression_ratio\": 1.6523298025131226, \"no_speech_prob\": 0.2172645926475525}, {\"id\": 85, \"seek\": 11000, \"start\": 122.0, \"end\": 123.0, \"text\": \" Here you go.\", \"tokens\": [50964, 1692, 291, 352, 13, 51014], \"temperature\": 0.0, \"avg_logprob\": -0.2859143614768982, \"compression_ratio\": 1.6523298025131226, \"no_speech_prob\": 0.2172645926475525}, {\"id\": 86, \"seek\": 11000, \"start\": 123.0, \"end\": 124.0, \"text\": \" I think my main motivation for giving you my number is the fact that you actually cut\", \"tokens\": [51014, 286, 519, 452, 2135, 12335, 337, 2902, 291, 452, 1230, 307, 264, 1186, 300, 291, 767, 1723, 51064], \"temperature\": 0.0, \"avg_logprob\": -0.2859143614768982, \"compression_ratio\": 1.6523298025131226, \"no_speech_prob\": 0.2172645926475525}, {\"id\": 87, \"seek\": 11000, \"start\": 124.0, \"end\": 125.0, \"text\": \" us off from a lot of people.\", \"tokens\": [51064, 505, 766, 490, 257, 688, 295, 561, 13, 51114], \"temperature\": 0.0, \"avg_logprob\": -0.2859143614768982, \"compression_ratio\": 1.6523298025131226, \"no_speech_prob\": 0.2172645926475525}, {\"id\": 88, \"seek\": 11000, \"start\": 125.0, \"end\": 126.0, \"text\": \" Yeah.\", \"tokens\": [51114, 865, 13, 51164], \"temperature\": 0.0, \"avg_logprob\": -0.2859143614768982, \"compression_ratio\": 1.6523298025131226, \"no_speech_prob\": 0.2172645926475525}, {\"id\": 89, \"seek\": 11000, \"start\": 126.0, \"end\": 127.0, \"text\": \" Yeah.\", \"tokens\": [51164, 865, 13, 51214], \"temperature\": 0.0, \"avg_logprob\": -0.2859143614768982, \"compression_ratio\": 1.6523298025131226, \"no_speech_prob\": 0.2172645926475525}, {\"id\": 90, \"seek\": 11000, \"start\": 127.0, \"end\": 128.0, \"text\": \" Yeah.\", \"tokens\": [51214, 865, 13, 51264], \"temperature\": 0.0, \"avg_logprob\": -0.2859143614768982, \"compression_ratio\": 1.6523298025131226, \"no_speech_prob\": 0.2172645926475525}, {\"id\": 91, \"seek\": 12800, \"start\": 128.0, \"end\": 148.27999877929688, \"text\": \" What was your name again?\", \"tokens\": [50364, 708, 390, 428, 1315, 797, 30, 51378], \"temperature\": 0.800000011920929, \"avg_logprob\": -0.6970428228378296, \"compression_ratio\": 1.1616162061691284, \"no_speech_prob\": 0.6856939792633057}, {\"id\": 92, \"seek\": 12800, \"start\": 148.27999877929688, \"end\": 149.4199981689453, \"text\": \" Kathleen.\", \"tokens\": [51378, 41648, 13, 51435], \"temperature\": 0.800000011920929, \"avg_logprob\": -0.6970428228378296, \"compression_ratio\": 1.1616162061691284, \"no_speech_prob\": 0.6856939792633057}, {\"id\": 93, \"seek\": 12800, \"start\": 149.4199981689453, \"end\": 150.75999450683594, \"text\": \" Kathleen.\", \"tokens\": [51435, 41648, 13, 51502], \"temperature\": 0.800000011920929, \"avg_logprob\": -0.6970428228378296, \"compression_ratio\": 1.1616162061691284, \"no_speech_prob\": 0.6856939792633057}, {\"id\": 94, \"seek\": 12800, \"start\": 150.75999450683594, \"end\": 155.0399932861328, \"text\": \" I forgot yours, too.\", \"tokens\": [51502, 286, 5298, 6342, 11, 886, 13, 51716], \"temperature\": 0.800000011920929, \"avg_logprob\": -0.6970428228378296, \"compression_ratio\": 1.1616162061691284, \"no_speech_prob\": 0.6856939792633057}, {\"id\": 95, \"seek\": 12800, \"start\": 155.0399932861328, \"end\": 156.0399932861328, \"text\": \" That's okay.\", \"tokens\": [51716, 663, 311, 1392, 13, 51766], \"temperature\": 0.800000011920929, \"avg_logprob\": -0.6970428228378296, \"compression_ratio\": 1.1616162061691284, \"no_speech_prob\": 0.6856939792633057}, {\"id\": 96, \"seek\": 12800, \"start\": 156.0399932861328, \"end\": 157.0399932861328, \"text\": \" She's like, it doesn't even matter.\", \"tokens\": [51766, 1240, 311, 411, 11, 309, 1177, 380, 754, 1871, 13, 51816], \"temperature\": 0.800000011920929, \"avg_logprob\": -0.6970428228378296, \"compression_ratio\": 1.1616162061691284, \"no_speech_prob\": 0.6856939792633057}, {\"id\": 97, \"seek\": 15704, \"start\": 158.0399932861328, \"end\": 159.0399932861328, \"text\": \" All right.\", \"tokens\": [50414, 1057, 558, 13, 50464], \"temperature\": 0.0, \"avg_logprob\": -0.2664177417755127, \"compression_ratio\": 1.6302521228790283, \"no_speech_prob\": 0.033564772456884384}, {\"id\": 98, \"seek\": 15704, \"start\": 159.0399932861328, \"end\": 162.0399932861328, \"text\": \" Well, you guys enjoy the rest of your L.A. trip.\", \"tokens\": [50464, 1042, 11, 291, 1074, 2103, 264, 1472, 295, 428, 441, 13, 32, 13, 4931, 13, 50614], \"temperature\": 0.0, \"avg_logprob\": -0.2664177417755127, \"compression_ratio\": 1.6302521228790283, \"no_speech_prob\": 0.033564772456884384}, {\"id\": 99, \"seek\": 15704, \"start\": 162.0399932861328, \"end\": 164.0399932861328, \"text\": \" Are you guys driving back tonight?\", \"tokens\": [50614, 2014, 291, 1074, 4840, 646, 4440, 30, 50714], \"temperature\": 0.0, \"avg_logprob\": -0.2664177417755127, \"compression_ratio\": 1.6302521228790283, \"no_speech_prob\": 0.033564772456884384}, {\"id\": 100, \"seek\": 15704, \"start\": 164.0399932861328, \"end\": 167.0399932861328, \"text\": \" No, probably early tomorrow.\", \"tokens\": [50714, 883, 11, 1391, 2440, 4153, 13, 50864], \"temperature\": 0.0, \"avg_logprob\": -0.2664177417755127, \"compression_ratio\": 1.6302521228790283, \"no_speech_prob\": 0.033564772456884384}, {\"id\": 101, \"seek\": 15704, \"start\": 167.0399932861328, \"end\": 170.0399932861328, \"text\": \" We're probably partying somewhere if you guys want to join.\", \"tokens\": [50864, 492, 434, 1391, 644, 1840, 4079, 498, 291, 1074, 528, 281, 3917, 13, 51014], \"temperature\": 0.0, \"avg_logprob\": -0.2664177417755127, \"compression_ratio\": 1.6302521228790283, \"no_speech_prob\": 0.033564772456884384}, {\"id\": 102, \"seek\": 15704, \"start\": 170.0399932861328, \"end\": 171.0399932861328, \"text\": \" Maybe.\", \"tokens\": [51014, 2704, 13, 51064], \"temperature\": 0.0, \"avg_logprob\": -0.2664177417755127, \"compression_ratio\": 1.6302521228790283, \"no_speech_prob\": 0.033564772456884384}, {\"id\": 103, \"seek\": 15704, \"start\": 171.0399932861328, \"end\": 172.0399932861328, \"text\": \" I don't know.\", \"tokens\": [51064, 286, 500, 380, 458, 13, 51114], \"temperature\": 0.0, \"avg_logprob\": -0.2664177417755127, \"compression_ratio\": 1.6302521228790283, \"no_speech_prob\": 0.033564772456884384}, {\"id\": 104, \"seek\": 15704, \"start\": 172.0399932861328, \"end\": 176.0399932861328, \"text\": \" We're kind of exhausted, but if you let us know, we might perk up.\", \"tokens\": [51114, 492, 434, 733, 295, 17992, 11, 457, 498, 291, 718, 505, 458, 11, 321, 1062, 38839, 493, 13, 51314], \"temperature\": 0.0, \"avg_logprob\": -0.2664177417755127, \"compression_ratio\": 1.6302521228790283, \"no_speech_prob\": 0.033564772456884384}, {\"id\": 105, \"seek\": 15704, \"start\": 176.0399932861328, \"end\": 177.0399932861328, \"text\": \" Yeah?\", \"tokens\": [51314, 865, 30, 51364], \"temperature\": 0.0, \"avg_logprob\": -0.2664177417755127, \"compression_ratio\": 1.6302521228790283, \"no_speech_prob\": 0.033564772456884384}, {\"id\": 106, \"seek\": 15704, \"start\": 177.0399932861328, \"end\": 182.0399932861328, \"text\": \" Do you guys like, are you like big partiers, semi-partiers?\", \"tokens\": [51364, 1144, 291, 1074, 411, 11, 366, 291, 411, 955, 644, 4890, 11, 12909, 12, 6971, 4890, 30, 51614], \"temperature\": 0.0, \"avg_logprob\": -0.2664177417755127, \"compression_ratio\": 1.6302521228790283, \"no_speech_prob\": 0.033564772456884384}, {\"id\": 107, \"seek\": 15704, \"start\": 182.0399932861328, \"end\": 184.0399932861328, \"text\": \" We went all out last night.\", \"tokens\": [51614, 492, 1437, 439, 484, 1036, 1818, 13, 51714], \"temperature\": 0.0, \"avg_logprob\": -0.2664177417755127, \"compression_ratio\": 1.6302521228790283, \"no_speech_prob\": 0.033564772456884384}, {\"id\": 108, \"seek\": 15704, \"start\": 184.0399932861328, \"end\": 185.0399932861328, \"text\": \" Where did you guys go?\", \"tokens\": [51714, 2305, 630, 291, 1074, 352, 30, 51764], \"temperature\": 0.0, \"avg_logprob\": -0.2664177417755127, \"compression_ratio\": 1.6302521228790283, \"no_speech_prob\": 0.033564772456884384}, {\"id\": 109, \"seek\": 18504, \"start\": 185.0399932861328, \"end\": 186.0399932861328, \"text\": \" We're recovering.\", \"tokens\": [50364, 492, 434, 29180, 13, 50414], \"temperature\": 0.0, \"avg_logprob\": -0.22307263314723969, \"compression_ratio\": 1.6521738767623901, \"no_speech_prob\": 0.004828749690204859}, {\"id\": 110, \"seek\": 18504, \"start\": 186.0399932861328, \"end\": 187.0399932861328, \"text\": \" We're in the gas lamp.\", \"tokens\": [50414, 492, 434, 294, 264, 4211, 12684, 13, 50464], \"temperature\": 0.0, \"avg_logprob\": -0.22307263314723969, \"compression_ratio\": 1.6521738767623901, \"no_speech_prob\": 0.004828749690204859}, {\"id\": 111, \"seek\": 18504, \"start\": 187.0399932861328, \"end\": 189.0399932861328, \"text\": \" Oh, down in San Diego.\", \"tokens\": [50464, 876, 11, 760, 294, 5271, 16377, 13, 50564], \"temperature\": 0.0, \"avg_logprob\": -0.22307263314723969, \"compression_ratio\": 1.6521738767623901, \"no_speech_prob\": 0.004828749690204859}, {\"id\": 112, \"seek\": 18504, \"start\": 189.0399932861328, \"end\": 190.0399932861328, \"text\": \" Yeah.\", \"tokens\": [50564, 865, 13, 50614], \"temperature\": 0.0, \"avg_logprob\": -0.22307263314723969, \"compression_ratio\": 1.6521738767623901, \"no_speech_prob\": 0.004828749690204859}, {\"id\": 113, \"seek\": 18504, \"start\": 190.0399932861328, \"end\": 197.0399932861328, \"text\": \" Well, my twin brother over there, he does a lot of like promoting sort of stuff.\", \"tokens\": [50614, 1042, 11, 452, 18397, 3708, 670, 456, 11, 415, 775, 257, 688, 295, 411, 16383, 1333, 295, 1507, 13, 50964], \"temperature\": 0.0, \"avg_logprob\": -0.22307263314723969, \"compression_ratio\": 1.6521738767623901, \"no_speech_prob\": 0.004828749690204859}, {\"id\": 114, \"seek\": 18504, \"start\": 197.0399932861328, \"end\": 199.0399932861328, \"text\": \" I don't know.\", \"tokens\": [50964, 286, 500, 380, 458, 13, 51064], \"temperature\": 0.0, \"avg_logprob\": -0.22307263314723969, \"compression_ratio\": 1.6521738767623901, \"no_speech_prob\": 0.004828749690204859}, {\"id\": 115, \"seek\": 18504, \"start\": 199.0399932861328, \"end\": 202.0399932861328, \"text\": \" We might go somewhere crazy tonight.\", \"tokens\": [51064, 492, 1062, 352, 4079, 3219, 4440, 13, 51214], \"temperature\": 0.0, \"avg_logprob\": -0.22307263314723969, \"compression_ratio\": 1.6521738767623901, \"no_speech_prob\": 0.004828749690204859}, {\"id\": 116, \"seek\": 18504, \"start\": 202.0399932861328, \"end\": 203.0399932861328, \"text\": \" Do you love promoting?\", \"tokens\": [51214, 1144, 291, 959, 16383, 30, 51264], \"temperature\": 0.0, \"avg_logprob\": -0.22307263314723969, \"compression_ratio\": 1.6521738767623901, \"no_speech_prob\": 0.004828749690204859}, {\"id\": 117, \"seek\": 18504, \"start\": 203.0399932861328, \"end\": 204.0399932861328, \"text\": \" Yeah.\", \"tokens\": [51264, 865, 13, 51314], \"temperature\": 0.0, \"avg_logprob\": -0.22307263314723969, \"compression_ratio\": 1.6521738767623901, \"no_speech_prob\": 0.004828749690204859}, {\"id\": 118, \"seek\": 18504, \"start\": 204.0399932861328, \"end\": 205.0399932861328, \"text\": \" I don't, but he does.\", \"tokens\": [51314, 286, 500, 380, 11, 457, 415, 775, 13, 51364], \"temperature\": 0.0, \"avg_logprob\": -0.22307263314723969, \"compression_ratio\": 1.6521738767623901, \"no_speech_prob\": 0.004828749690204859}, {\"id\": 119, \"seek\": 18504, \"start\": 205.0399932861328, \"end\": 206.0399932861328, \"text\": \" All right.\", \"tokens\": [51364, 1057, 558, 13, 51414], \"temperature\": 0.0, \"avg_logprob\": -0.22307263314723969, \"compression_ratio\": 1.6521738767623901, \"no_speech_prob\": 0.004828749690204859}, {\"id\": 120, \"seek\": 18504, \"start\": 206.0399932861328, \"end\": 207.0399932861328, \"text\": \" I'll text you.\", \"tokens\": [51414, 286, 603, 2487, 291, 13, 51464], \"temperature\": 0.0, \"avg_logprob\": -0.22307263314723969, \"compression_ratio\": 1.6521738767623901, \"no_speech_prob\": 0.004828749690204859}, {\"id\": 121, \"seek\": 18504, \"start\": 207.0399932861328, \"end\": 208.0399932861328, \"text\": \" I'll let you know.\", \"tokens\": [51464, 286, 603, 718, 291, 458, 13, 51514], \"temperature\": 0.0, \"avg_logprob\": -0.22307263314723969, \"compression_ratio\": 1.6521738767623901, \"no_speech_prob\": 0.004828749690204859}, {\"id\": 122, \"seek\": 18504, \"start\": 208.0399932861328, \"end\": 209.0399932861328, \"text\": \" Okay.\", \"tokens\": [51514, 1033, 13, 51564], \"temperature\": 0.0, \"avg_logprob\": -0.22307263314723969, \"compression_ratio\": 1.6521738767623901, \"no_speech_prob\": 0.004828749690204859}, {\"id\": 123, \"seek\": 18504, \"start\": 209.0399932861328, \"end\": 210.0399932861328, \"text\": \" Yeah.\", \"tokens\": [51564, 865, 13, 51614], \"temperature\": 0.0, \"avg_logprob\": -0.22307263314723969, \"compression_ratio\": 1.6521738767623901, \"no_speech_prob\": 0.004828749690204859}, {\"id\": 124, \"seek\": 18504, \"start\": 210.0399932861328, \"end\": 211.0399932861328, \"text\": \" Nice to meet you.\", \"tokens\": [51614, 5490, 281, 1677, 291, 13, 51664], \"temperature\": 0.0, \"avg_logprob\": -0.22307263314723969, \"compression_ratio\": 1.6521738767623901, \"no_speech_prob\": 0.004828749690204859}, {\"id\": 125, \"seek\": 18504, \"start\": 211.0399932861328, \"end\": 212.0399932861328, \"text\": \" Nice to meet you.\", \"tokens\": [51664, 5490, 281, 1677, 291, 13, 51714], \"temperature\": 0.0, \"avg_logprob\": -0.22307263314723969, \"compression_ratio\": 1.6521738767623901, \"no_speech_prob\": 0.004828749690204859}, {\"id\": 126, \"seek\": 18504, \"start\": 212.0399932861328, \"end\": 213.0399932861328, \"text\": \" I'll hug.\", \"tokens\": [51714, 286, 603, 8777, 13, 51764], \"temperature\": 0.0, \"avg_logprob\": -0.22307263314723969, \"compression_ratio\": 1.6521738767623901, \"no_speech_prob\": 0.004828749690204859}, {\"id\": 127, \"seek\": 18504, \"start\": 213.0399932861328, \"end\": 214.0399932861328, \"text\": \" Gotta go in for the hug.\", \"tokens\": [51764, 21527, 352, 294, 337, 264, 8777, 13, 51814], \"temperature\": 0.0, \"avg_logprob\": -0.22307263314723969, \"compression_ratio\": 1.6521738767623901, \"no_speech_prob\": 0.004828749690204859}, {\"id\": 128, \"seek\": 21404, \"start\": 214.0399932861328, \"end\": 215.0399932861328, \"text\": \" All right.\", \"tokens\": [50364, 1057, 558, 13, 50414], \"temperature\": 0.0, \"avg_logprob\": -0.3704700469970703, \"compression_ratio\": 0.75, \"no_speech_prob\": 0.5308851003646851}, {\"id\": 129, \"seek\": 21404, \"start\": 215.0399932861328, \"end\": 215.0399932861328, \"text\": \"\", \"tokens\": [], \"temperature\": 0.0, \"avg_logprob\": -0.3704700469970703, \"compression_ratio\": 0.75, \"no_speech_prob\": 0.5308851003646851, \"words\": []}]}"}