{"title": "Got Online Dating Templates?", "video_id": "NT8u0r5RDWc", "video_url": "https://www.youtube.com/watch?v=NT8u0r5RDWc", "description": "To listen to more episodes of the Inner Confidence Podcast, visit the links below:\nWebsite: https://innerconfidence.com/podcast/\niTunes:https://podcasts.apple.com/us/podcast/inner-confidence-podcast/id986699444 \nSpotify: https://open.spotify.com/show/2zkWuTnt7whvnR6CO6oNPV\nRSS: https://innerconfidence.com/series/leverage-podcast/feed/\n\nAnd if you're interested in learning more about my coaching services and connecting with me, check out these links:\nLinkTree: https://linktr.ee/Robbiekramer\nMain Site: https://innerconfidence.com/\nInstagram: https://www.instagram.com/robbie_kramer/\nTikTok: https://www.tiktok.com/@robbie.kramer\nYouTube: https://www.youtube.com/innerconfidence\n\nThank you for tuning in, and I look forward to helping you build your inner confidence and achieve success!\n\nJoin us : https://innerconfidence.com/leverage/\nBook a call with me : https://start.innerconfidence.com/video1\n\n\n#personaldevelopment #selfimprovement #innerconfidence #innerconfidencepodcast #podcast #coaching #success #motivation #inspiration #mindset #datingcoach #relationshipgoals #confidencecoach #selfimprovement #successfulmen", "published_at": "2023-02-11T18:47:58Z", "channel_id": "UC0O-ohYDF4P66HW9XJ4Us8w", "channel_title": "Robbie Kramer", "tags": [], "category_id": "26", "live_broadcast_content": "none", "duration": 44.0, "dimension": "2d", "definition": "hd", "caption": "false", "view_count": 87, "like_count": 0, "comment_count": 0, "channel_info": {"title": "Robbie Kramer", "description": "I'm Robbie Kramer \ud83c\udf99Host of The Inner Confidence Podcast & Founder of Inner Confidence, Inc.\n\nI lived an exhilarating single life filled with adventures and lessons, and ultimately achieved what I had always aspired to \u2013 finding an amazing, feminine, and loving wife. \n\nI believe my experiences provide a rare balance of wild freedom and committed love, equipping me with the insights to help you navigate the complexities of dating and relationships in today's world. Let me guide you to embrace your desires, improve your social prowess, and ultimately attract the partner who aligns with your highest aspirations.\n\nYou won\u2019t find any fluffy, new-age, or cringy stuff here, just tested, proven and actionable advice that yields results.\n\nApply to join our exclusive Inner Confidence Community of ambitious men who are actively working together to achieve their goals faster   \u25ba https://innerconfidence.com/community\n\nYou can email me at robbie@innerconfidence.com with any questions or comments.\n", "subscriber_count": "1270", "total_views": "604693", "total_videos": "470"}, "comments": [], "file_path": "/Users/aelaguiz/workspace/fc_book/audio/raws/NT8u0r5RDWc.mp3", "transcription": "{\"text\": \"Dude, I will say that having the scripts, being able to respond in real time with the scripts as you're going to memorize, I think is way better. So you like practice with the scripts for a while, then you can just like rattle them off. It's way better because I noticed when I have one of the scripts good to go, I get better results. But when I get stuck, it really up the momentum. Yeah, I agree. Like I have this marriage roleplay one and the prom one like burned in my brain. So it's very easy for me to say, Oh, he needs that line, right? He needs the love is serious line. And I like I have a note in my phone with the word for word and then I cut and paste if I need it. But I know the prompt from reps. \", \"segments\": [{\"id\": 0, \"seek\": 0, \"start\": 0.0, \"end\": 5.639999866485596, \"text\": \" Dude, I will say that having the scripts, being able to respond in real time with the\", \"tokens\": [50364, 12042, 11, 286, 486, 584, 300, 1419, 264, 23294, 11, 885, 1075, 281, 4196, 294, 957, 565, 365, 264, 50646], \"temperature\": 0.0, \"avg_logprob\": -0.3202126622200012, \"compression_ratio\": 1.7335329055786133, \"no_speech_prob\": 0.06095509976148605}, {\"id\": 1, \"seek\": 0, \"start\": 5.639999866485596, \"end\": 7.920000076293945, \"text\": \" scripts as you're going to memorize, I think is way better.\", \"tokens\": [50646, 23294, 382, 291, 434, 516, 281, 27478, 11, 286, 519, 307, 636, 1101, 13, 50760], \"temperature\": 0.0, \"avg_logprob\": -0.3202126622200012, \"compression_ratio\": 1.7335329055786133, \"no_speech_prob\": 0.06095509976148605}, {\"id\": 2, \"seek\": 0, \"start\": 7.920000076293945, \"end\": 11.079999923706055, \"text\": \" So you like practice with the scripts for a while, then you can just like rattle them\", \"tokens\": [50760, 407, 291, 411, 3124, 365, 264, 23294, 337, 257, 1339, 11, 550, 291, 393, 445, 411, 367, 3327, 552, 50918], \"temperature\": 0.0, \"avg_logprob\": -0.3202126622200012, \"compression_ratio\": 1.7335329055786133, \"no_speech_prob\": 0.06095509976148605}, {\"id\": 3, \"seek\": 0, \"start\": 11.079999923706055, \"end\": 12.079999923706055, \"text\": \" off.\", \"tokens\": [50918, 766, 13, 50968], \"temperature\": 0.0, \"avg_logprob\": -0.3202126622200012, \"compression_ratio\": 1.7335329055786133, \"no_speech_prob\": 0.06095509976148605}, {\"id\": 4, \"seek\": 0, \"start\": 12.079999923706055, \"end\": 16.040000915527344, \"text\": \" It's way better because I noticed when I have one of the scripts good to go, I get better\", \"tokens\": [50968, 467, 311, 636, 1101, 570, 286, 5694, 562, 286, 362, 472, 295, 264, 23294, 665, 281, 352, 11, 286, 483, 1101, 51166], \"temperature\": 0.0, \"avg_logprob\": -0.3202126622200012, \"compression_ratio\": 1.7335329055786133, \"no_speech_prob\": 0.06095509976148605}, {\"id\": 5, \"seek\": 0, \"start\": 16.040000915527344, \"end\": 17.040000915527344, \"text\": \" results.\", \"tokens\": [51166, 3542, 13, 51216], \"temperature\": 0.0, \"avg_logprob\": -0.3202126622200012, \"compression_ratio\": 1.7335329055786133, \"no_speech_prob\": 0.06095509976148605}, {\"id\": 6, \"seek\": 0, \"start\": 17.040000915527344, \"end\": 19.040000915527344, \"text\": \" But when I get stuck, it really up the momentum.\", \"tokens\": [51216, 583, 562, 286, 483, 5541, 11, 309, 534, 493, 264, 11244, 13, 51316], \"temperature\": 0.0, \"avg_logprob\": -0.3202126622200012, \"compression_ratio\": 1.7335329055786133, \"no_speech_prob\": 0.06095509976148605}, {\"id\": 7, \"seek\": 0, \"start\": 19.040000915527344, \"end\": 20.040000915527344, \"text\": \" Yeah, I agree.\", \"tokens\": [51316, 865, 11, 286, 3986, 13, 51366], \"temperature\": 0.0, \"avg_logprob\": -0.3202126622200012, \"compression_ratio\": 1.7335329055786133, \"no_speech_prob\": 0.06095509976148605}, {\"id\": 8, \"seek\": 0, \"start\": 20.040000915527344, \"end\": 24.65999984741211, \"text\": \" Like I have this marriage roleplay one and the prom one like burned in my brain.\", \"tokens\": [51366, 1743, 286, 362, 341, 7194, 3090, 2858, 472, 293, 264, 2234, 472, 411, 13490, 294, 452, 3567, 13, 51597], \"temperature\": 0.0, \"avg_logprob\": -0.3202126622200012, \"compression_ratio\": 1.7335329055786133, \"no_speech_prob\": 0.06095509976148605}, {\"id\": 9, \"seek\": 0, \"start\": 24.65999984741211, \"end\": 27.760000228881836, \"text\": \" So it's very easy for me to say, Oh, he needs that line, right?\", \"tokens\": [51597, 407, 309, 311, 588, 1858, 337, 385, 281, 584, 11, 876, 11, 415, 2203, 300, 1622, 11, 558, 30, 51752], \"temperature\": 0.0, \"avg_logprob\": -0.3202126622200012, \"compression_ratio\": 1.7335329055786133, \"no_speech_prob\": 0.06095509976148605}, {\"id\": 10, \"seek\": 0, \"start\": 27.760000228881836, \"end\": 29.200000762939453, \"text\": \" He needs the love is serious line.\", \"tokens\": [51752, 634, 2203, 264, 959, 307, 3156, 1622, 13, 51824], \"temperature\": 0.0, \"avg_logprob\": -0.3202126622200012, \"compression_ratio\": 1.7335329055786133, \"no_speech_prob\": 0.06095509976148605}, {\"id\": 11, \"seek\": 2920, \"start\": 29.200000762939453, \"end\": 33.63999938964844, \"text\": \" And I like I have a note in my phone with the word for word and then I cut and paste\", \"tokens\": [50364, 400, 286, 411, 286, 362, 257, 3637, 294, 452, 2593, 365, 264, 1349, 337, 1349, 293, 550, 286, 1723, 293, 9163, 50586], \"temperature\": 0.0, \"avg_logprob\": -0.3131256103515625, \"compression_ratio\": 1.297029733657837, \"no_speech_prob\": 0.8611984848976135}, {\"id\": 12, \"seek\": 2920, \"start\": 33.63999938964844, \"end\": 34.63999938964844, \"text\": \" if I need it.\", \"tokens\": [50586, 498, 286, 643, 309, 13, 50636], \"temperature\": 0.0, \"avg_logprob\": -0.3131256103515625, \"compression_ratio\": 1.297029733657837, \"no_speech_prob\": 0.8611984848976135}, {\"id\": 13, \"seek\": 2920, \"start\": 34.63999938964844, \"end\": 37.040000915527344, \"text\": \" But I know the prompt from reps.\", \"tokens\": [50636, 583, 286, 458, 264, 12391, 490, 27007, 13, 50756], \"temperature\": 0.0, \"avg_logprob\": -0.3131256103515625, \"compression_ratio\": 1.297029733657837, \"no_speech_prob\": 0.8611984848976135}]}"}