{"title": "Why You Shouldn't Schedule First Dates on Friday or Sat Night.", "video_id": "nT_5nmlVbf4", "video_url": "https://www.youtube.com/watch?v=nT_5nmlVbf4", "description": "#short", "published_at": "2023-12-31T16:01:25Z", "channel_id": "UC0O-ohYDF4P66HW9XJ4Us8w", "channel_title": "Robbie Kramer", "tags": [], "category_id": "24", "live_broadcast_content": "none", "duration": 50.0, "dimension": "2d", "definition": "hd", "caption": "false", "view_count": 2493, "like_count": 11, "comment_count": 1, "channel_info": {"title": "Robbie Kramer", "description": "I'm Robbie Kramer \ud83c\udf99Host of The Inner Confidence Podcast & Founder of Inner Confidence, Inc.\n\nI lived an exhilarating single life filled with adventures and lessons, and ultimately achieved what I had always aspired to \u2013 finding an amazing, feminine, and loving wife. \n\nI believe my experiences provide a rare balance of wild freedom and committed love, equipping me with the insights to help you navigate the complexities of dating and relationships in today's world. Let me guide you to embrace your desires, improve your social prowess, and ultimately attract the partner who aligns with your highest aspirations.\n\nYou won\u2019t find any fluffy, new-age, or cringy stuff here, just tested, proven and actionable advice that yields results.\n\nApply to join our exclusive Inner Confidence Community of ambitious men who are actively working together to achieve their goals faster   \u25ba https://innerconfidence.com/community\n\nYou can email me at robbie@innerconfidence.com with any questions or comments.\n", "subscriber_count": "1270", "total_views": "604693", "total_videos": "470"}, "comments": [], "file_path": "/Users/aelaguiz/workspace/fc_book/audio/raws/nT_5nmlVbf4.mp3", "transcription": "{\"text\": \"I try not to schedule dates on Friday or Saturday because it kind of signals to the girl like I have no social life if I do. It's subtle. And if that's the only day she's free, whatever. I'm not gonna say, I'm not gonna do it. Especially if it's a good lead. What I don't like about your date plan, if you schedule it before you're supposed to go out with your guys, you kill the potential for a hookup at that time. And you can't predict that. Either that's gonna be the vibe based on how the date went or not. But if you have no time for that and you miss that window where she's like seduce me and you're like, ah, I gotta go. That's a huge mistake, right? Cause it's like the whole point of the date is to kind of position for that to happen and then for you to be ready logistically for that. Interesting. Yeah, I'm probably not against ditching my homies to go out with this girl if it was on. Okay, good. If I tell her I have plans that evening or not. I would not tell her. Cause then you end up looking thirsty if you're like, oh, I'm gonna cancel on my friends to keep hanging out with you. That would be pretty bad points against you for most chicks, I think. \", \"segments\": [{\"id\": 0, \"seek\": 0, \"start\": 0.0, \"end\": 2.319999933242798, \"text\": \" I try not to schedule dates on Friday or Saturday\", \"tokens\": [50364, 286, 853, 406, 281, 7567, 11691, 322, 6984, 420, 8803, 50480], \"temperature\": 0.0, \"avg_logprob\": -0.19992417097091675, \"compression_ratio\": 1.811855673789978, \"no_speech_prob\": 0.21984504163265228}, {\"id\": 1, \"seek\": 0, \"start\": 2.319999933242798, \"end\": 3.759999990463257, \"text\": \" because it kind of signals to the girl\", \"tokens\": [50480, 570, 309, 733, 295, 12354, 281, 264, 2013, 50552], \"temperature\": 0.0, \"avg_logprob\": -0.19992417097091675, \"compression_ratio\": 1.811855673789978, \"no_speech_prob\": 0.21984504163265228}, {\"id\": 2, \"seek\": 0, \"start\": 3.759999990463257, \"end\": 5.28000020980835, \"text\": \" like I have no social life if I do.\", \"tokens\": [50552, 411, 286, 362, 572, 2093, 993, 498, 286, 360, 13, 50628], \"temperature\": 0.0, \"avg_logprob\": -0.19992417097091675, \"compression_ratio\": 1.811855673789978, \"no_speech_prob\": 0.21984504163265228}, {\"id\": 3, \"seek\": 0, \"start\": 5.28000020980835, \"end\": 6.119999885559082, \"text\": \" It's subtle.\", \"tokens\": [50628, 467, 311, 13743, 13, 50670], \"temperature\": 0.0, \"avg_logprob\": -0.19992417097091675, \"compression_ratio\": 1.811855673789978, \"no_speech_prob\": 0.21984504163265228}, {\"id\": 4, \"seek\": 0, \"start\": 6.119999885559082, \"end\": 7.679999828338623, \"text\": \" And if that's the only day she's free, whatever.\", \"tokens\": [50670, 400, 498, 300, 311, 264, 787, 786, 750, 311, 1737, 11, 2035, 13, 50748], \"temperature\": 0.0, \"avg_logprob\": -0.19992417097091675, \"compression_ratio\": 1.811855673789978, \"no_speech_prob\": 0.21984504163265228}, {\"id\": 5, \"seek\": 0, \"start\": 7.679999828338623, \"end\": 9.039999961853027, \"text\": \" I'm not gonna say, I'm not gonna do it.\", \"tokens\": [50748, 286, 478, 406, 799, 584, 11, 286, 478, 406, 799, 360, 309, 13, 50816], \"temperature\": 0.0, \"avg_logprob\": -0.19992417097091675, \"compression_ratio\": 1.811855673789978, \"no_speech_prob\": 0.21984504163265228}, {\"id\": 6, \"seek\": 0, \"start\": 9.039999961853027, \"end\": 10.0600004196167, \"text\": \" Especially if it's a good lead.\", \"tokens\": [50816, 8545, 498, 309, 311, 257, 665, 1477, 13, 50867], \"temperature\": 0.0, \"avg_logprob\": -0.19992417097091675, \"compression_ratio\": 1.811855673789978, \"no_speech_prob\": 0.21984504163265228}, {\"id\": 7, \"seek\": 0, \"start\": 10.0600004196167, \"end\": 11.84000015258789, \"text\": \" What I don't like about your date plan,\", \"tokens\": [50867, 708, 286, 500, 380, 411, 466, 428, 4002, 1393, 11, 50956], \"temperature\": 0.0, \"avg_logprob\": -0.19992417097091675, \"compression_ratio\": 1.811855673789978, \"no_speech_prob\": 0.21984504163265228}, {\"id\": 8, \"seek\": 0, \"start\": 11.84000015258789, \"end\": 13.479999542236328, \"text\": \" if you schedule it before you're supposed to go out\", \"tokens\": [50956, 498, 291, 7567, 309, 949, 291, 434, 3442, 281, 352, 484, 51038], \"temperature\": 0.0, \"avg_logprob\": -0.19992417097091675, \"compression_ratio\": 1.811855673789978, \"no_speech_prob\": 0.21984504163265228}, {\"id\": 9, \"seek\": 0, \"start\": 13.479999542236328, \"end\": 15.539999961853027, \"text\": \" with your guys, you kill the potential\", \"tokens\": [51038, 365, 428, 1074, 11, 291, 1961, 264, 3995, 51141], \"temperature\": 0.0, \"avg_logprob\": -0.19992417097091675, \"compression_ratio\": 1.811855673789978, \"no_speech_prob\": 0.21984504163265228}, {\"id\": 10, \"seek\": 0, \"start\": 15.539999961853027, \"end\": 16.68000030517578, \"text\": \" for a hookup at that time.\", \"tokens\": [51141, 337, 257, 6328, 1010, 412, 300, 565, 13, 51198], \"temperature\": 0.0, \"avg_logprob\": -0.19992417097091675, \"compression_ratio\": 1.811855673789978, \"no_speech_prob\": 0.21984504163265228}, {\"id\": 11, \"seek\": 0, \"start\": 16.68000030517578, \"end\": 17.959999084472656, \"text\": \" And you can't predict that.\", \"tokens\": [51198, 400, 291, 393, 380, 6069, 300, 13, 51262], \"temperature\": 0.0, \"avg_logprob\": -0.19992417097091675, \"compression_ratio\": 1.811855673789978, \"no_speech_prob\": 0.21984504163265228}, {\"id\": 12, \"seek\": 0, \"start\": 17.959999084472656, \"end\": 19.200000762939453, \"text\": \" Either that's gonna be the vibe\", \"tokens\": [51262, 13746, 300, 311, 799, 312, 264, 14606, 51324], \"temperature\": 0.0, \"avg_logprob\": -0.19992417097091675, \"compression_ratio\": 1.811855673789978, \"no_speech_prob\": 0.21984504163265228}, {\"id\": 13, \"seek\": 0, \"start\": 19.200000762939453, \"end\": 20.860000610351562, \"text\": \" based on how the date went or not.\", \"tokens\": [51324, 2361, 322, 577, 264, 4002, 1437, 420, 406, 13, 51407], \"temperature\": 0.0, \"avg_logprob\": -0.19992417097091675, \"compression_ratio\": 1.811855673789978, \"no_speech_prob\": 0.21984504163265228}, {\"id\": 14, \"seek\": 0, \"start\": 20.860000610351562, \"end\": 22.68000030517578, \"text\": \" But if you have no time for that\", \"tokens\": [51407, 583, 498, 291, 362, 572, 565, 337, 300, 51498], \"temperature\": 0.0, \"avg_logprob\": -0.19992417097091675, \"compression_ratio\": 1.811855673789978, \"no_speech_prob\": 0.21984504163265228}, {\"id\": 15, \"seek\": 0, \"start\": 22.68000030517578, \"end\": 25.479999542236328, \"text\": \" and you miss that window where she's like seduce me\", \"tokens\": [51498, 293, 291, 1713, 300, 4910, 689, 750, 311, 411, 9643, 4176, 385, 51638], \"temperature\": 0.0, \"avg_logprob\": -0.19992417097091675, \"compression_ratio\": 1.811855673789978, \"no_speech_prob\": 0.21984504163265228}, {\"id\": 16, \"seek\": 0, \"start\": 25.479999542236328, \"end\": 26.799999237060547, \"text\": \" and you're like, ah, I gotta go.\", \"tokens\": [51638, 293, 291, 434, 411, 11, 3716, 11, 286, 3428, 352, 13, 51704], \"temperature\": 0.0, \"avg_logprob\": -0.19992417097091675, \"compression_ratio\": 1.811855673789978, \"no_speech_prob\": 0.21984504163265228}, {\"id\": 17, \"seek\": 0, \"start\": 26.799999237060547, \"end\": 28.079999923706055, \"text\": \" That's a huge mistake, right?\", \"tokens\": [51704, 663, 311, 257, 2603, 6146, 11, 558, 30, 51768], \"temperature\": 0.0, \"avg_logprob\": -0.19992417097091675, \"compression_ratio\": 1.811855673789978, \"no_speech_prob\": 0.21984504163265228}, {\"id\": 18, \"seek\": 0, \"start\": 28.079999923706055, \"end\": 29.760000228881836, \"text\": \" Cause it's like the whole point of the date\", \"tokens\": [51768, 10865, 309, 311, 411, 264, 1379, 935, 295, 264, 4002, 51852], \"temperature\": 0.0, \"avg_logprob\": -0.19992417097091675, \"compression_ratio\": 1.811855673789978, \"no_speech_prob\": 0.21984504163265228}, {\"id\": 19, \"seek\": 2976, \"start\": 29.760000228881836, \"end\": 31.600000381469727, \"text\": \" is to kind of position for that to happen\", \"tokens\": [50364, 307, 281, 733, 295, 2535, 337, 300, 281, 1051, 50456], \"temperature\": 0.0, \"avg_logprob\": -0.2377822995185852, \"compression_ratio\": 1.652482271194458, \"no_speech_prob\": 0.006387802772223949}, {\"id\": 20, \"seek\": 2976, \"start\": 31.600000381469727, \"end\": 33.91999816894531, \"text\": \" and then for you to be ready logistically for that.\", \"tokens\": [50456, 293, 550, 337, 291, 281, 312, 1919, 3565, 20458, 337, 300, 13, 50572], \"temperature\": 0.0, \"avg_logprob\": -0.2377822995185852, \"compression_ratio\": 1.652482271194458, \"no_speech_prob\": 0.006387802772223949}, {\"id\": 21, \"seek\": 2976, \"start\": 33.91999816894531, \"end\": 34.7599983215332, \"text\": \" Interesting.\", \"tokens\": [50572, 14711, 13, 50614], \"temperature\": 0.0, \"avg_logprob\": -0.2377822995185852, \"compression_ratio\": 1.652482271194458, \"no_speech_prob\": 0.006387802772223949}, {\"id\": 22, \"seek\": 2976, \"start\": 34.7599983215332, \"end\": 36.720001220703125, \"text\": \" Yeah, I'm probably not against ditching my homies\", \"tokens\": [50614, 865, 11, 286, 478, 1391, 406, 1970, 25325, 278, 452, 3655, 530, 50712], \"temperature\": 0.0, \"avg_logprob\": -0.2377822995185852, \"compression_ratio\": 1.652482271194458, \"no_speech_prob\": 0.006387802772223949}, {\"id\": 23, \"seek\": 2976, \"start\": 36.720001220703125, \"end\": 38.599998474121094, \"text\": \" to go out with this girl if it was on.\", \"tokens\": [50712, 281, 352, 484, 365, 341, 2013, 498, 309, 390, 322, 13, 50806], \"temperature\": 0.0, \"avg_logprob\": -0.2377822995185852, \"compression_ratio\": 1.652482271194458, \"no_speech_prob\": 0.006387802772223949}, {\"id\": 24, \"seek\": 2976, \"start\": 38.599998474121094, \"end\": 39.439998626708984, \"text\": \" Okay, good.\", \"tokens\": [50806, 1033, 11, 665, 13, 50848], \"temperature\": 0.0, \"avg_logprob\": -0.2377822995185852, \"compression_ratio\": 1.652482271194458, \"no_speech_prob\": 0.006387802772223949}, {\"id\": 25, \"seek\": 2976, \"start\": 39.439998626708984, \"end\": 41.20000076293945, \"text\": \" If I tell her I have plans that evening or not.\", \"tokens\": [50848, 759, 286, 980, 720, 286, 362, 5482, 300, 5634, 420, 406, 13, 50936], \"temperature\": 0.0, \"avg_logprob\": -0.2377822995185852, \"compression_ratio\": 1.652482271194458, \"no_speech_prob\": 0.006387802772223949}, {\"id\": 26, \"seek\": 2976, \"start\": 41.20000076293945, \"end\": 42.08000183105469, \"text\": \" I would not tell her.\", \"tokens\": [50936, 286, 576, 406, 980, 720, 13, 50980], \"temperature\": 0.0, \"avg_logprob\": -0.2377822995185852, \"compression_ratio\": 1.652482271194458, \"no_speech_prob\": 0.006387802772223949}, {\"id\": 27, \"seek\": 2976, \"start\": 42.08000183105469, \"end\": 43.52000045776367, \"text\": \" Cause then you end up looking thirsty\", \"tokens\": [50980, 10865, 550, 291, 917, 493, 1237, 28115, 51052], \"temperature\": 0.0, \"avg_logprob\": -0.2377822995185852, \"compression_ratio\": 1.652482271194458, \"no_speech_prob\": 0.006387802772223949}, {\"id\": 28, \"seek\": 2976, \"start\": 43.52000045776367, \"end\": 45.279998779296875, \"text\": \" if you're like, oh, I'm gonna cancel on my friends\", \"tokens\": [51052, 498, 291, 434, 411, 11, 1954, 11, 286, 478, 799, 10373, 322, 452, 1855, 51140], \"temperature\": 0.0, \"avg_logprob\": -0.2377822995185852, \"compression_ratio\": 1.652482271194458, \"no_speech_prob\": 0.006387802772223949}, {\"id\": 29, \"seek\": 2976, \"start\": 45.279998779296875, \"end\": 46.439998626708984, \"text\": \" to keep hanging out with you.\", \"tokens\": [51140, 281, 1066, 8345, 484, 365, 291, 13, 51198], \"temperature\": 0.0, \"avg_logprob\": -0.2377822995185852, \"compression_ratio\": 1.652482271194458, \"no_speech_prob\": 0.006387802772223949}, {\"id\": 30, \"seek\": 2976, \"start\": 46.439998626708984, \"end\": 49.119998931884766, \"text\": \" That would be pretty bad points against you\", \"tokens\": [51198, 663, 576, 312, 1238, 1578, 2793, 1970, 291, 51332], \"temperature\": 0.0, \"avg_logprob\": -0.2377822995185852, \"compression_ratio\": 1.652482271194458, \"no_speech_prob\": 0.006387802772223949}, {\"id\": 31, \"seek\": 2976, \"start\": 49.119998931884766, \"end\": 50.36000061035156, \"text\": \" for most chicks, I think.\", \"tokens\": [51332, 337, 881, 42214, 11, 286, 519, 13, 51394], \"temperature\": 0.0, \"avg_logprob\": -0.2377822995185852, \"compression_ratio\": 1.652482271194458, \"no_speech_prob\": 0.006387802772223949}]}"}