{"title": "Class Dismissed", "video_id": "O2l2NgjC1qQ", "video_url": "https://www.youtube.com/watch?v=O2l2NgjC1qQ", "description": "The final episode of Season 1 of the Inner Confidence Web Series ends with a BANG when Willy, Eli and Doug all meet young ladies with their new found Inner Confidence...", "published_at": "2010-05-03T07:27:23Z", "channel_id": "UC0O-ohYDF4P66HW9XJ4Us8w", "channel_title": "Robbie Kramer", "tags": ["inner confidence", "alpha male", "approach women", "attract", "attract women", "being a man", "dating", "dating women", "flirting", "flirting tips", "get a girl", "get a girlfriend", "get girl", "how to approach women", "how to attract", "how to attract woman", "how to date", "how to flirt", "how to get girls", "how to get women", "inner game", "love", "masculine", "masculinity", "meet women", "men", "online dating", "pick up", "seduction", "single dating", "spiritual"], "category_id": "26", "live_broadcast_content": "none", "duration": 435.0, "dimension": "2d", "definition": "sd", "caption": "false", "view_count": 591, "like_count": 3, "comment_count": 1, "channel_info": {"title": "Robbie Kramer", "description": "I'm Robbie Kramer \ud83c\udf99Host of The Inner Confidence Podcast & Founder of Inner Confidence, Inc.\n\nI lived an exhilarating single life filled with adventures and lessons, and ultimately achieved what I had always aspired to \u2013 finding an amazing, feminine, and loving wife. \n\nI believe my experiences provide a rare balance of wild freedom and committed love, equipping me with the insights to help you navigate the complexities of dating and relationships in today's world. Let me guide you to embrace your desires, improve your social prowess, and ultimately attract the partner who aligns with your highest aspirations.\n\nYou won\u2019t find any fluffy, new-age, or cringy stuff here, just tested, proven and actionable advice that yields results.\n\nApply to join our exclusive Inner Confidence Community of ambitious men who are actively working together to achieve their goals faster   \u25ba https://innerconfidence.com/community\n\nYou can email me at robbie@innerconfidence.com with any questions or comments.\n", "subscriber_count": "1270", "total_views": "604693", "total_videos": "470"}, "comments": [], "file_path": "/Users/aelaguiz/workspace/fc_book/audio/raws/O2l2NgjC1qQ.mp3", "transcription": "{\"text\": \"A lot has changed at Interconfident since you last watched. Changes that will affect my life forever. It all started with Willie. And that's how I instantly grew a beard. Anyway, the new place looks great, Master Coach. Yeah, it's nice and, like, spacey. Hey, look at that. You guys finally got together. Yeah, finally, huh? Yeah. Allison and I are together now. And Willie even got a girlfriend, too. Oh, that must be my attractive human female girlfriend. Hey, baby. Hi, baby. Hi. Oh, I got so tingly. Wanna do it again? Sure. Oh, baby. Oh, I can't take too much more of this. Come on, Eli. You're doing great. Be happy for him. I'll be happy when Evelyn gets here. Baby, I love you so much. I love you. I love you, too. I love you, too. Eli! Evelyn! Eli's confidence just shot through the roof. And we were really pleased with the results. Oh, if I'd known that I could love so truly, so deeply, I would have taken the inner confidence coaching so much sooner. Oh, thank you, inner confidence! Yes, yes. Eli fell in love. He was so young. So young. And of course, there was Doug. You know, I can't believe that these guys are getting girls and I'm not. You know, this inner confidence stuff doesn't work. Doug, your time will come. It's just a matter of time. It just hasn't happened yet. That's what my mom says. You know what, Doug? I think you need to take a walk. Outside? But there are strangers outside. Yeah, exactly. You never know who you're going to meet in this building. Lots of cute girls. Jeez, fine. Excuse me. I'm going to meet some strangers. Just a matter of time. Yeah. Yeah. Whatever. These girls aren't that hot anyway. Sorry. I'm so sorry. No, it's okay. It's fine. I wasn't even looking. No, I wasn't looking either. It was because I was so mad. I just stormed out. Hi. I'm Doug. Hi, I'm Darlene. Oh, it's my mom. I never do anything without asking her first. No way. I feel the same way. Mom knows best. Yeah. Totally. Were you going to... No, no. I can call her back later. We're right up there. Oh. I don't know if you want to maybe come upstairs and hang out? Sure. Yeah. I think my mom would be okay with that. Great. I'll carry your stuff. Thank you. You're welcome. Super. I like your shirt. I like yours. Thank you. Hey, Robbie. This is my new friend, who's a girl. Darlene. Hi. Wow. Looks like we've come full circle. Yeah. I'd say so. Wouldn't you say so, Willie? For sure. Man, I used to hate you when you did all the alien crap. Affirmative, dude. Oh, my God. That was so annoying. I know. We had that tinfoil and under the basement. It was just weird. Hang on, guys. This is the mothership. I have to take it. It's the mothership. Sorry. Oh, hi. Yeah. This is Agent Willie. Oh, really? Oh, no. Really? Oh, but we're just really getting along. We're really getting along. Okay. If the great brain said it needs to be done, it needs to be done. All right. Yeah. I'll tell him. I'll do it. Okay. Oh, guys. Guys. Come here, guys. I have to terminate you. What? Yeah. Right. No, I got it. I have to terminate you. I have to terminate you all. All right. Look. Here's the official script. They sent me this down, and I'm supposed to say, Thank you for helping me on my Earth journey, blah, blah, blah, blah. But now you know too much about me and my people, so I have to pulverize and vaporize you, blah, blah, blah. We just became friends. I know. It sucks. Don't struggle, or else it hurts a lot more. Who's first? You're really going to shoot us with a toy gun. What? What? Willie, just stop. No, don't, baby. I love you. Aw, I love you. Who wrote this? What is the back door? Blast dismissed. Blast dismissed. \", \"segments\": [{\"id\": 0, \"seek\": 0, \"start\": 0.0, \"end\": 4.0, \"text\": \" A lot has changed at Interconfident since you last watched.\", \"tokens\": [50364, 316, 688, 575, 3105, 412, 5751, 1671, 69, 1078, 1670, 291, 1036, 6337, 13, 50564], \"temperature\": 0.0, \"avg_logprob\": -0.257843941450119, \"compression_ratio\": 1.5338983535766602, \"no_speech_prob\": 0.04600507766008377}, {\"id\": 1, \"seek\": 0, \"start\": 4.0, \"end\": 8.0, \"text\": \" Changes that will affect my life forever.\", \"tokens\": [50564, 761, 10350, 300, 486, 3345, 452, 993, 5680, 13, 50764], \"temperature\": 0.0, \"avg_logprob\": -0.257843941450119, \"compression_ratio\": 1.5338983535766602, \"no_speech_prob\": 0.04600507766008377}, {\"id\": 2, \"seek\": 0, \"start\": 8.0, \"end\": 10.0, \"text\": \" It all started with Willie.\", \"tokens\": [50764, 467, 439, 1409, 365, 39912, 13, 50864], \"temperature\": 0.0, \"avg_logprob\": -0.257843941450119, \"compression_ratio\": 1.5338983535766602, \"no_speech_prob\": 0.04600507766008377}, {\"id\": 3, \"seek\": 0, \"start\": 10.0, \"end\": 13.0, \"text\": \" And that's how I instantly grew a beard.\", \"tokens\": [50864, 400, 300, 311, 577, 286, 13518, 6109, 257, 17455, 13, 51014], \"temperature\": 0.0, \"avg_logprob\": -0.257843941450119, \"compression_ratio\": 1.5338983535766602, \"no_speech_prob\": 0.04600507766008377}, {\"id\": 4, \"seek\": 0, \"start\": 13.0, \"end\": 17.0, \"text\": \" Anyway, the new place looks great, Master Coach.\", \"tokens\": [51014, 5684, 11, 264, 777, 1081, 1542, 869, 11, 6140, 17369, 13, 51214], \"temperature\": 0.0, \"avg_logprob\": -0.257843941450119, \"compression_ratio\": 1.5338983535766602, \"no_speech_prob\": 0.04600507766008377}, {\"id\": 5, \"seek\": 0, \"start\": 17.0, \"end\": 21.0, \"text\": \" Yeah, it's nice and, like, spacey.\", \"tokens\": [51214, 865, 11, 309, 311, 1481, 293, 11, 411, 11, 1901, 88, 13, 51414], \"temperature\": 0.0, \"avg_logprob\": -0.257843941450119, \"compression_ratio\": 1.5338983535766602, \"no_speech_prob\": 0.04600507766008377}, {\"id\": 6, \"seek\": 0, \"start\": 21.0, \"end\": 24.0, \"text\": \" Hey, look at that. You guys finally got together.\", \"tokens\": [51414, 1911, 11, 574, 412, 300, 13, 509, 1074, 2721, 658, 1214, 13, 51564], \"temperature\": 0.0, \"avg_logprob\": -0.257843941450119, \"compression_ratio\": 1.5338983535766602, \"no_speech_prob\": 0.04600507766008377}, {\"id\": 7, \"seek\": 0, \"start\": 24.0, \"end\": 26.0, \"text\": \" Yeah, finally, huh?\", \"tokens\": [51564, 865, 11, 2721, 11, 7020, 30, 51664], \"temperature\": 0.0, \"avg_logprob\": -0.257843941450119, \"compression_ratio\": 1.5338983535766602, \"no_speech_prob\": 0.04600507766008377}, {\"id\": 8, \"seek\": 0, \"start\": 26.0, \"end\": 29.0, \"text\": \" Yeah. Allison and I are together now.\", \"tokens\": [51664, 865, 13, 32638, 293, 286, 366, 1214, 586, 13, 51814], \"temperature\": 0.0, \"avg_logprob\": -0.257843941450119, \"compression_ratio\": 1.5338983535766602, \"no_speech_prob\": 0.04600507766008377}, {\"id\": 9, \"seek\": 2900, \"start\": 29.0, \"end\": 31.0, \"text\": \" And Willie even got a girlfriend, too.\", \"tokens\": [50364, 400, 39912, 754, 658, 257, 10369, 11, 886, 13, 50464], \"temperature\": 0.0, \"avg_logprob\": -0.2371654063463211, \"compression_ratio\": 1.3095238208770752, \"no_speech_prob\": 0.002589138923212886}, {\"id\": 10, \"seek\": 2900, \"start\": 32.0, \"end\": 36.0, \"text\": \" Oh, that must be my attractive human female girlfriend.\", \"tokens\": [50514, 876, 11, 300, 1633, 312, 452, 12609, 1952, 6556, 10369, 13, 50714], \"temperature\": 0.0, \"avg_logprob\": -0.2371654063463211, \"compression_ratio\": 1.3095238208770752, \"no_speech_prob\": 0.002589138923212886}, {\"id\": 11, \"seek\": 2900, \"start\": 43.0, \"end\": 44.0, \"text\": \" Hey, baby.\", \"tokens\": [51064, 1911, 11, 3186, 13, 51114], \"temperature\": 0.0, \"avg_logprob\": -0.2371654063463211, \"compression_ratio\": 1.3095238208770752, \"no_speech_prob\": 0.002589138923212886}, {\"id\": 12, \"seek\": 2900, \"start\": 44.0, \"end\": 46.0, \"text\": \" Hi, baby.\", \"tokens\": [51114, 2421, 11, 3186, 13, 51214], \"temperature\": 0.0, \"avg_logprob\": -0.2371654063463211, \"compression_ratio\": 1.3095238208770752, \"no_speech_prob\": 0.002589138923212886}, {\"id\": 13, \"seek\": 2900, \"start\": 47.0, \"end\": 48.0, \"text\": \" Hi.\", \"tokens\": [51264, 2421, 13, 51314], \"temperature\": 0.0, \"avg_logprob\": -0.2371654063463211, \"compression_ratio\": 1.3095238208770752, \"no_speech_prob\": 0.002589138923212886}, {\"id\": 14, \"seek\": 2900, \"start\": 52.0, \"end\": 54.0, \"text\": \" Oh, I got so tingly.\", \"tokens\": [51514, 876, 11, 286, 658, 370, 256, 12163, 13, 51614], \"temperature\": 0.0, \"avg_logprob\": -0.2371654063463211, \"compression_ratio\": 1.3095238208770752, \"no_speech_prob\": 0.002589138923212886}, {\"id\": 15, \"seek\": 2900, \"start\": 54.0, \"end\": 56.0, \"text\": \" Wanna do it again?\", \"tokens\": [51614, 24336, 360, 309, 797, 30, 51714], \"temperature\": 0.0, \"avg_logprob\": -0.2371654063463211, \"compression_ratio\": 1.3095238208770752, \"no_speech_prob\": 0.002589138923212886}, {\"id\": 16, \"seek\": 2900, \"start\": 56.0, \"end\": 57.0, \"text\": \" Sure.\", \"tokens\": [51714, 4894, 13, 51764], \"temperature\": 0.0, \"avg_logprob\": -0.2371654063463211, \"compression_ratio\": 1.3095238208770752, \"no_speech_prob\": 0.002589138923212886}, {\"id\": 17, \"seek\": 5900, \"start\": 60.0, \"end\": 63.0, \"text\": \" Oh, baby.\", \"tokens\": [50414, 876, 11, 3186, 13, 50564], \"temperature\": 0.0, \"avg_logprob\": -0.2834799289703369, \"compression_ratio\": 1.1896551847457886, \"no_speech_prob\": 0.0028151082806289196}, {\"id\": 18, \"seek\": 5900, \"start\": 75.0, \"end\": 78.0, \"text\": \" Oh, I can't take too much more of this.\", \"tokens\": [51164, 876, 11, 286, 393, 380, 747, 886, 709, 544, 295, 341, 13, 51314], \"temperature\": 0.0, \"avg_logprob\": -0.2834799289703369, \"compression_ratio\": 1.1896551847457886, \"no_speech_prob\": 0.0028151082806289196}, {\"id\": 19, \"seek\": 5900, \"start\": 78.0, \"end\": 81.0, \"text\": \" Come on, Eli. You're doing great. Be happy for him.\", \"tokens\": [51314, 2492, 322, 11, 16943, 13, 509, 434, 884, 869, 13, 879, 2055, 337, 796, 13, 51464], \"temperature\": 0.0, \"avg_logprob\": -0.2834799289703369, \"compression_ratio\": 1.1896551847457886, \"no_speech_prob\": 0.0028151082806289196}, {\"id\": 20, \"seek\": 5900, \"start\": 81.0, \"end\": 84.0, \"text\": \" I'll be happy when Evelyn gets here.\", \"tokens\": [51464, 286, 603, 312, 2055, 562, 15544, 9896, 2170, 510, 13, 51614], \"temperature\": 0.0, \"avg_logprob\": -0.2834799289703369, \"compression_ratio\": 1.1896551847457886, \"no_speech_prob\": 0.0028151082806289196}, {\"id\": 21, \"seek\": 8900, \"start\": 89.0, \"end\": 91.0, \"text\": \" Baby, I love you so much.\", \"tokens\": [50364, 9425, 11, 286, 959, 291, 370, 709, 13, 50464], \"temperature\": 0.0, \"avg_logprob\": -0.2101028561592102, \"compression_ratio\": 1.4838709831237793, \"no_speech_prob\": 0.003264643717557192}, {\"id\": 22, \"seek\": 8900, \"start\": 91.0, \"end\": 92.0, \"text\": \" I love you.\", \"tokens\": [50464, 286, 959, 291, 13, 50514], \"temperature\": 0.0, \"avg_logprob\": -0.2101028561592102, \"compression_ratio\": 1.4838709831237793, \"no_speech_prob\": 0.003264643717557192}, {\"id\": 23, \"seek\": 8900, \"start\": 92.0, \"end\": 93.0, \"text\": \" I love you, too.\", \"tokens\": [50514, 286, 959, 291, 11, 886, 13, 50564], \"temperature\": 0.0, \"avg_logprob\": -0.2101028561592102, \"compression_ratio\": 1.4838709831237793, \"no_speech_prob\": 0.003264643717557192}, {\"id\": 24, \"seek\": 8900, \"start\": 93.0, \"end\": 94.0, \"text\": \" I love you, too.\", \"tokens\": [50564, 286, 959, 291, 11, 886, 13, 50614], \"temperature\": 0.0, \"avg_logprob\": -0.2101028561592102, \"compression_ratio\": 1.4838709831237793, \"no_speech_prob\": 0.003264643717557192}, {\"id\": 25, \"seek\": 8900, \"start\": 96.0, \"end\": 98.0, \"text\": \" Eli!\", \"tokens\": [50714, 16943, 0, 50814], \"temperature\": 0.0, \"avg_logprob\": -0.2101028561592102, \"compression_ratio\": 1.4838709831237793, \"no_speech_prob\": 0.003264643717557192}, {\"id\": 26, \"seek\": 8900, \"start\": 99.0, \"end\": 100.0, \"text\": \" Evelyn!\", \"tokens\": [50864, 15544, 9896, 0, 50914], \"temperature\": 0.0, \"avg_logprob\": -0.2101028561592102, \"compression_ratio\": 1.4838709831237793, \"no_speech_prob\": 0.003264643717557192}, {\"id\": 27, \"seek\": 8900, \"start\": 104.0, \"end\": 107.0, \"text\": \" Eli's confidence just shot through the roof.\", \"tokens\": [51114, 16943, 311, 6687, 445, 3347, 807, 264, 8418, 13, 51264], \"temperature\": 0.0, \"avg_logprob\": -0.2101028561592102, \"compression_ratio\": 1.4838709831237793, \"no_speech_prob\": 0.003264643717557192}, {\"id\": 28, \"seek\": 8900, \"start\": 107.0, \"end\": 110.0, \"text\": \" And we were really pleased with the results.\", \"tokens\": [51264, 400, 321, 645, 534, 10587, 365, 264, 3542, 13, 51414], \"temperature\": 0.0, \"avg_logprob\": -0.2101028561592102, \"compression_ratio\": 1.4838709831237793, \"no_speech_prob\": 0.003264643717557192}, {\"id\": 29, \"seek\": 8900, \"start\": 111.0, \"end\": 116.0, \"text\": \" Oh, if I'd known that I could love so truly, so deeply,\", \"tokens\": [51464, 876, 11, 498, 286, 1116, 2570, 300, 286, 727, 959, 370, 4908, 11, 370, 8760, 11, 51714], \"temperature\": 0.0, \"avg_logprob\": -0.2101028561592102, \"compression_ratio\": 1.4838709831237793, \"no_speech_prob\": 0.003264643717557192}, {\"id\": 30, \"seek\": 11600, \"start\": 116.0, \"end\": 119.0, \"text\": \" I would have taken the inner confidence coaching so much sooner.\", \"tokens\": [50364, 286, 576, 362, 2726, 264, 7284, 6687, 15818, 370, 709, 15324, 13, 50514], \"temperature\": 0.0, \"avg_logprob\": -0.18828001618385315, \"compression_ratio\": 1.6198346614837646, \"no_speech_prob\": 0.025145869702100754}, {\"id\": 31, \"seek\": 11600, \"start\": 119.0, \"end\": 122.0, \"text\": \" Oh, thank you, inner confidence!\", \"tokens\": [50514, 876, 11, 1309, 291, 11, 7284, 6687, 0, 50664], \"temperature\": 0.0, \"avg_logprob\": -0.18828001618385315, \"compression_ratio\": 1.6198346614837646, \"no_speech_prob\": 0.025145869702100754}, {\"id\": 32, \"seek\": 11600, \"start\": 123.0, \"end\": 127.0, \"text\": \" Yes, yes. Eli fell in love.\", \"tokens\": [50714, 1079, 11, 2086, 13, 16943, 5696, 294, 959, 13, 50914], \"temperature\": 0.0, \"avg_logprob\": -0.18828001618385315, \"compression_ratio\": 1.6198346614837646, \"no_speech_prob\": 0.025145869702100754}, {\"id\": 33, \"seek\": 11600, \"start\": 127.0, \"end\": 130.0, \"text\": \" He was so young. So young.\", \"tokens\": [50914, 634, 390, 370, 2037, 13, 407, 2037, 13, 51064], \"temperature\": 0.0, \"avg_logprob\": -0.18828001618385315, \"compression_ratio\": 1.6198346614837646, \"no_speech_prob\": 0.025145869702100754}, {\"id\": 34, \"seek\": 11600, \"start\": 130.0, \"end\": 132.0, \"text\": \" And of course, there was Doug.\", \"tokens\": [51064, 400, 295, 1164, 11, 456, 390, 12742, 13, 51164], \"temperature\": 0.0, \"avg_logprob\": -0.18828001618385315, \"compression_ratio\": 1.6198346614837646, \"no_speech_prob\": 0.025145869702100754}, {\"id\": 35, \"seek\": 11600, \"start\": 133.0, \"end\": 137.0, \"text\": \" You know, I can't believe that these guys are getting girls and I'm not.\", \"tokens\": [51214, 509, 458, 11, 286, 393, 380, 1697, 300, 613, 1074, 366, 1242, 4519, 293, 286, 478, 406, 13, 51414], \"temperature\": 0.0, \"avg_logprob\": -0.18828001618385315, \"compression_ratio\": 1.6198346614837646, \"no_speech_prob\": 0.025145869702100754}, {\"id\": 36, \"seek\": 11600, \"start\": 137.0, \"end\": 139.0, \"text\": \" You know, this inner confidence stuff doesn't work.\", \"tokens\": [51414, 509, 458, 11, 341, 7284, 6687, 1507, 1177, 380, 589, 13, 51514], \"temperature\": 0.0, \"avg_logprob\": -0.18828001618385315, \"compression_ratio\": 1.6198346614837646, \"no_speech_prob\": 0.025145869702100754}, {\"id\": 37, \"seek\": 11600, \"start\": 139.0, \"end\": 143.0, \"text\": \" Doug, your time will come. It's just a matter of time.\", \"tokens\": [51514, 12742, 11, 428, 565, 486, 808, 13, 467, 311, 445, 257, 1871, 295, 565, 13, 51714], \"temperature\": 0.0, \"avg_logprob\": -0.18828001618385315, \"compression_ratio\": 1.6198346614837646, \"no_speech_prob\": 0.025145869702100754}, {\"id\": 38, \"seek\": 11600, \"start\": 143.0, \"end\": 144.0, \"text\": \" It just hasn't happened yet.\", \"tokens\": [51714, 467, 445, 6132, 380, 2011, 1939, 13, 51764], \"temperature\": 0.0, \"avg_logprob\": -0.18828001618385315, \"compression_ratio\": 1.6198346614837646, \"no_speech_prob\": 0.025145869702100754}, {\"id\": 39, \"seek\": 14400, \"start\": 144.0, \"end\": 146.0, \"text\": \" That's what my mom says.\", \"tokens\": [50364, 663, 311, 437, 452, 1225, 1619, 13, 50464], \"temperature\": 0.0, \"avg_logprob\": -0.2267427146434784, \"compression_ratio\": 1.4801980257034302, \"no_speech_prob\": 0.08259352296590805}, {\"id\": 40, \"seek\": 14400, \"start\": 146.0, \"end\": 148.0, \"text\": \" You know what, Doug? I think you need to take a walk.\", \"tokens\": [50464, 509, 458, 437, 11, 12742, 30, 286, 519, 291, 643, 281, 747, 257, 1792, 13, 50564], \"temperature\": 0.0, \"avg_logprob\": -0.2267427146434784, \"compression_ratio\": 1.4801980257034302, \"no_speech_prob\": 0.08259352296590805}, {\"id\": 41, \"seek\": 14400, \"start\": 149.0, \"end\": 152.0, \"text\": \" Outside? But there are strangers outside.\", \"tokens\": [50614, 28218, 30, 583, 456, 366, 22724, 2380, 13, 50764], \"temperature\": 0.0, \"avg_logprob\": -0.2267427146434784, \"compression_ratio\": 1.4801980257034302, \"no_speech_prob\": 0.08259352296590805}, {\"id\": 42, \"seek\": 14400, \"start\": 152.0, \"end\": 155.0, \"text\": \" Yeah, exactly. You never know who you're going to meet in this building.\", \"tokens\": [50764, 865, 11, 2293, 13, 509, 1128, 458, 567, 291, 434, 516, 281, 1677, 294, 341, 2390, 13, 50914], \"temperature\": 0.0, \"avg_logprob\": -0.2267427146434784, \"compression_ratio\": 1.4801980257034302, \"no_speech_prob\": 0.08259352296590805}, {\"id\": 43, \"seek\": 14400, \"start\": 155.0, \"end\": 156.0, \"text\": \" Lots of cute girls.\", \"tokens\": [50914, 15908, 295, 4052, 4519, 13, 50964], \"temperature\": 0.0, \"avg_logprob\": -0.2267427146434784, \"compression_ratio\": 1.4801980257034302, \"no_speech_prob\": 0.08259352296590805}, {\"id\": 44, \"seek\": 14400, \"start\": 157.0, \"end\": 158.0, \"text\": \" Jeez, fine.\", \"tokens\": [51014, 48516, 11, 2489, 13, 51064], \"temperature\": 0.0, \"avg_logprob\": -0.2267427146434784, \"compression_ratio\": 1.4801980257034302, \"no_speech_prob\": 0.08259352296590805}, {\"id\": 45, \"seek\": 14400, \"start\": 160.0, \"end\": 163.0, \"text\": \" Excuse me. I'm going to meet some strangers.\", \"tokens\": [51164, 11359, 385, 13, 286, 478, 516, 281, 1677, 512, 22724, 13, 51314], \"temperature\": 0.0, \"avg_logprob\": -0.2267427146434784, \"compression_ratio\": 1.4801980257034302, \"no_speech_prob\": 0.08259352296590805}, {\"id\": 46, \"seek\": 14400, \"start\": 163.0, \"end\": 165.0, \"text\": \" Just a matter of time.\", \"tokens\": [51314, 1449, 257, 1871, 295, 565, 13, 51414], \"temperature\": 0.0, \"avg_logprob\": -0.2267427146434784, \"compression_ratio\": 1.4801980257034302, \"no_speech_prob\": 0.08259352296590805}, {\"id\": 47, \"seek\": 14400, \"start\": 165.0, \"end\": 166.0, \"text\": \" Yeah.\", \"tokens\": [51414, 865, 13, 51464], \"temperature\": 0.0, \"avg_logprob\": -0.2267427146434784, \"compression_ratio\": 1.4801980257034302, \"no_speech_prob\": 0.08259352296590805}, {\"id\": 48, \"seek\": 16600, \"start\": 166.0, \"end\": 167.0, \"text\": \" Yeah.\", \"tokens\": [50364, 865, 13, 50414], \"temperature\": 0.0, \"avg_logprob\": -0.3178533613681793, \"compression_ratio\": 0.9863013625144958, \"no_speech_prob\": 0.08724605292081833}, {\"id\": 49, \"seek\": 16600, \"start\": 172.0, \"end\": 175.0, \"text\": \" Whatever. These girls aren't that hot anyway.\", \"tokens\": [50664, 8541, 13, 1981, 4519, 3212, 380, 300, 2368, 4033, 13, 50814], \"temperature\": 0.0, \"avg_logprob\": -0.3178533613681793, \"compression_ratio\": 0.9863013625144958, \"no_speech_prob\": 0.08724605292081833}, {\"id\": 50, \"seek\": 16600, \"start\": 192.0, \"end\": 194.0, \"text\": \" Sorry. I'm so sorry.\", \"tokens\": [51664, 4919, 13, 286, 478, 370, 2597, 13, 51764], \"temperature\": 0.0, \"avg_logprob\": -0.3178533613681793, \"compression_ratio\": 0.9863013625144958, \"no_speech_prob\": 0.08724605292081833}, {\"id\": 51, \"seek\": 19400, \"start\": 194.0, \"end\": 195.0, \"text\": \" No, it's okay. It's fine.\", \"tokens\": [50364, 883, 11, 309, 311, 1392, 13, 467, 311, 2489, 13, 50414], \"temperature\": 0.0, \"avg_logprob\": -0.24221383035182953, \"compression_ratio\": 1.540697693824768, \"no_speech_prob\": 0.019997388124465942}, {\"id\": 52, \"seek\": 19400, \"start\": 195.0, \"end\": 196.0, \"text\": \" I wasn't even looking.\", \"tokens\": [50414, 286, 2067, 380, 754, 1237, 13, 50464], \"temperature\": 0.0, \"avg_logprob\": -0.24221383035182953, \"compression_ratio\": 1.540697693824768, \"no_speech_prob\": 0.019997388124465942}, {\"id\": 53, \"seek\": 19400, \"start\": 196.0, \"end\": 198.0, \"text\": \" No, I wasn't looking either.\", \"tokens\": [50464, 883, 11, 286, 2067, 380, 1237, 2139, 13, 50564], \"temperature\": 0.0, \"avg_logprob\": -0.24221383035182953, \"compression_ratio\": 1.540697693824768, \"no_speech_prob\": 0.019997388124465942}, {\"id\": 54, \"seek\": 19400, \"start\": 198.0, \"end\": 200.0, \"text\": \" It was because I was so mad. I just stormed out.\", \"tokens\": [50564, 467, 390, 570, 286, 390, 370, 5244, 13, 286, 445, 7679, 292, 484, 13, 50664], \"temperature\": 0.0, \"avg_logprob\": -0.24221383035182953, \"compression_ratio\": 1.540697693824768, \"no_speech_prob\": 0.019997388124465942}, {\"id\": 55, \"seek\": 19400, \"start\": 203.0, \"end\": 205.0, \"text\": \" Hi. I'm Doug.\", \"tokens\": [50814, 2421, 13, 286, 478, 12742, 13, 50914], \"temperature\": 0.0, \"avg_logprob\": -0.24221383035182953, \"compression_ratio\": 1.540697693824768, \"no_speech_prob\": 0.019997388124465942}, {\"id\": 56, \"seek\": 19400, \"start\": 206.0, \"end\": 207.0, \"text\": \" Hi, I'm Darlene.\", \"tokens\": [50964, 2421, 11, 286, 478, 413, 6843, 1450, 13, 51014], \"temperature\": 0.0, \"avg_logprob\": -0.24221383035182953, \"compression_ratio\": 1.540697693824768, \"no_speech_prob\": 0.019997388124465942}, {\"id\": 57, \"seek\": 19400, \"start\": 212.0, \"end\": 216.0, \"text\": \" Oh, it's my mom. I never do anything without asking her first.\", \"tokens\": [51264, 876, 11, 309, 311, 452, 1225, 13, 286, 1128, 360, 1340, 1553, 3365, 720, 700, 13, 51464], \"temperature\": 0.0, \"avg_logprob\": -0.24221383035182953, \"compression_ratio\": 1.540697693824768, \"no_speech_prob\": 0.019997388124465942}, {\"id\": 58, \"seek\": 19400, \"start\": 216.0, \"end\": 222.0, \"text\": \" No way. I feel the same way. Mom knows best.\", \"tokens\": [51464, 883, 636, 13, 286, 841, 264, 912, 636, 13, 5576, 3255, 1151, 13, 51764], \"temperature\": 0.0, \"avg_logprob\": -0.24221383035182953, \"compression_ratio\": 1.540697693824768, \"no_speech_prob\": 0.019997388124465942}, {\"id\": 59, \"seek\": 22200, \"start\": 222.0, \"end\": 224.0, \"text\": \" Yeah. Totally.\", \"tokens\": [50364, 865, 13, 22837, 13, 50464], \"temperature\": 0.0, \"avg_logprob\": -0.2194962203502655, \"compression_ratio\": 1.390625, \"no_speech_prob\": 0.01192403957247734}, {\"id\": 60, \"seek\": 22200, \"start\": 228.0, \"end\": 229.0, \"text\": \" Were you going to...\", \"tokens\": [50664, 12448, 291, 516, 281, 485, 50714], \"temperature\": 0.0, \"avg_logprob\": -0.2194962203502655, \"compression_ratio\": 1.390625, \"no_speech_prob\": 0.01192403957247734}, {\"id\": 61, \"seek\": 22200, \"start\": 229.0, \"end\": 232.0, \"text\": \" No, no. I can call her back later. We're right up there.\", \"tokens\": [50714, 883, 11, 572, 13, 286, 393, 818, 720, 646, 1780, 13, 492, 434, 558, 493, 456, 13, 50864], \"temperature\": 0.0, \"avg_logprob\": -0.2194962203502655, \"compression_ratio\": 1.390625, \"no_speech_prob\": 0.01192403957247734}, {\"id\": 62, \"seek\": 22200, \"start\": 233.0, \"end\": 241.0, \"text\": \" Oh. I don't know if you want to maybe come upstairs and hang out?\", \"tokens\": [50914, 876, 13, 286, 500, 380, 458, 498, 291, 528, 281, 1310, 808, 16462, 293, 3967, 484, 30, 51314], \"temperature\": 0.0, \"avg_logprob\": -0.2194962203502655, \"compression_ratio\": 1.390625, \"no_speech_prob\": 0.01192403957247734}, {\"id\": 63, \"seek\": 22200, \"start\": 242.0, \"end\": 245.0, \"text\": \" Sure. Yeah. I think my mom would be okay with that.\", \"tokens\": [51364, 4894, 13, 865, 13, 286, 519, 452, 1225, 576, 312, 1392, 365, 300, 13, 51514], \"temperature\": 0.0, \"avg_logprob\": -0.2194962203502655, \"compression_ratio\": 1.390625, \"no_speech_prob\": 0.01192403957247734}, {\"id\": 64, \"seek\": 22200, \"start\": 247.0, \"end\": 249.0, \"text\": \" Great. I'll carry your stuff.\", \"tokens\": [51614, 3769, 13, 286, 603, 3985, 428, 1507, 13, 51714], \"temperature\": 0.0, \"avg_logprob\": -0.2194962203502655, \"compression_ratio\": 1.390625, \"no_speech_prob\": 0.01192403957247734}, {\"id\": 65, \"seek\": 22200, \"start\": 249.0, \"end\": 250.0, \"text\": \" Thank you.\", \"tokens\": [51714, 1044, 291, 13, 51764], \"temperature\": 0.0, \"avg_logprob\": -0.2194962203502655, \"compression_ratio\": 1.390625, \"no_speech_prob\": 0.01192403957247734}, {\"id\": 66, \"seek\": 22200, \"start\": 250.0, \"end\": 251.0, \"text\": \" You're welcome.\", \"tokens\": [51764, 509, 434, 2928, 13, 51814], \"temperature\": 0.0, \"avg_logprob\": -0.2194962203502655, \"compression_ratio\": 1.390625, \"no_speech_prob\": 0.01192403957247734}, {\"id\": 67, \"seek\": 25100, \"start\": 251.0, \"end\": 252.0, \"text\": \" Super.\", \"tokens\": [50364, 4548, 13, 50414], \"temperature\": 0.0, \"avg_logprob\": -0.2545192539691925, \"compression_ratio\": 1.3157894611358643, \"no_speech_prob\": 0.0024268573615700006}, {\"id\": 68, \"seek\": 25100, \"start\": 255.0, \"end\": 256.0, \"text\": \" I like your shirt.\", \"tokens\": [50564, 286, 411, 428, 8336, 13, 50614], \"temperature\": 0.0, \"avg_logprob\": -0.2545192539691925, \"compression_ratio\": 1.3157894611358643, \"no_speech_prob\": 0.0024268573615700006}, {\"id\": 69, \"seek\": 25100, \"start\": 256.0, \"end\": 257.0, \"text\": \" I like yours.\", \"tokens\": [50614, 286, 411, 6342, 13, 50664], \"temperature\": 0.0, \"avg_logprob\": -0.2545192539691925, \"compression_ratio\": 1.3157894611358643, \"no_speech_prob\": 0.0024268573615700006}, {\"id\": 70, \"seek\": 25100, \"start\": 258.0, \"end\": 259.0, \"text\": \" Thank you.\", \"tokens\": [50714, 1044, 291, 13, 50764], \"temperature\": 0.0, \"avg_logprob\": -0.2545192539691925, \"compression_ratio\": 1.3157894611358643, \"no_speech_prob\": 0.0024268573615700006}, {\"id\": 71, \"seek\": 25100, \"start\": 264.0, \"end\": 272.0, \"text\": \" Hey, Robbie. This is my new friend, who's a girl. Darlene.\", \"tokens\": [51014, 1911, 11, 45749, 13, 639, 307, 452, 777, 1277, 11, 567, 311, 257, 2013, 13, 413, 6843, 1450, 13, 51414], \"temperature\": 0.0, \"avg_logprob\": -0.2545192539691925, \"compression_ratio\": 1.3157894611358643, \"no_speech_prob\": 0.0024268573615700006}, {\"id\": 72, \"seek\": 25100, \"start\": 272.0, \"end\": 273.0, \"text\": \" Hi.\", \"tokens\": [51414, 2421, 13, 51464], \"temperature\": 0.0, \"avg_logprob\": -0.2545192539691925, \"compression_ratio\": 1.3157894611358643, \"no_speech_prob\": 0.0024268573615700006}, {\"id\": 73, \"seek\": 25100, \"start\": 274.0, \"end\": 276.0, \"text\": \" Wow. Looks like we've come full circle.\", \"tokens\": [51514, 3153, 13, 10027, 411, 321, 600, 808, 1577, 6329, 13, 51614], \"temperature\": 0.0, \"avg_logprob\": -0.2545192539691925, \"compression_ratio\": 1.3157894611358643, \"no_speech_prob\": 0.0024268573615700006}, {\"id\": 74, \"seek\": 25100, \"start\": 277.0, \"end\": 279.0, \"text\": \" Yeah. I'd say so. Wouldn't you say so, Willie?\", \"tokens\": [51664, 865, 13, 286, 1116, 584, 370, 13, 26291, 380, 291, 584, 370, 11, 39912, 30, 51764], \"temperature\": 0.0, \"avg_logprob\": -0.2545192539691925, \"compression_ratio\": 1.3157894611358643, \"no_speech_prob\": 0.0024268573615700006}, {\"id\": 75, \"seek\": 27900, \"start\": 279.0, \"end\": 280.0, \"text\": \" For sure.\", \"tokens\": [50364, 1171, 988, 13, 50414], \"temperature\": 0.0, \"avg_logprob\": -0.28888174891471863, \"compression_ratio\": 1.5743801593780518, \"no_speech_prob\": 0.020954132080078125}, {\"id\": 76, \"seek\": 27900, \"start\": 281.0, \"end\": 283.0, \"text\": \" Man, I used to hate you when you did all the alien crap.\", \"tokens\": [50464, 2458, 11, 286, 1143, 281, 4700, 291, 562, 291, 630, 439, 264, 12319, 12426, 13, 50564], \"temperature\": 0.0, \"avg_logprob\": -0.28888174891471863, \"compression_ratio\": 1.5743801593780518, \"no_speech_prob\": 0.020954132080078125}, {\"id\": 77, \"seek\": 27900, \"start\": 283.0, \"end\": 284.0, \"text\": \" Affirmative, dude.\", \"tokens\": [50564, 12840, 3692, 1166, 11, 6449, 13, 50614], \"temperature\": 0.0, \"avg_logprob\": -0.28888174891471863, \"compression_ratio\": 1.5743801593780518, \"no_speech_prob\": 0.020954132080078125}, {\"id\": 78, \"seek\": 27900, \"start\": 284.0, \"end\": 285.0, \"text\": \" Oh, my God.\", \"tokens\": [50614, 876, 11, 452, 1265, 13, 50664], \"temperature\": 0.0, \"avg_logprob\": -0.28888174891471863, \"compression_ratio\": 1.5743801593780518, \"no_speech_prob\": 0.020954132080078125}, {\"id\": 79, \"seek\": 27900, \"start\": 286.0, \"end\": 287.0, \"text\": \" That was so annoying.\", \"tokens\": [50714, 663, 390, 370, 11304, 13, 50764], \"temperature\": 0.0, \"avg_logprob\": -0.28888174891471863, \"compression_ratio\": 1.5743801593780518, \"no_speech_prob\": 0.020954132080078125}, {\"id\": 80, \"seek\": 27900, \"start\": 287.0, \"end\": 290.0, \"text\": \" I know. We had that tinfoil and under the basement. It was just weird.\", \"tokens\": [50764, 286, 458, 13, 492, 632, 300, 15935, 16931, 388, 293, 833, 264, 3096, 518, 13, 467, 390, 445, 3657, 13, 50914], \"temperature\": 0.0, \"avg_logprob\": -0.28888174891471863, \"compression_ratio\": 1.5743801593780518, \"no_speech_prob\": 0.020954132080078125}, {\"id\": 81, \"seek\": 27900, \"start\": 290.0, \"end\": 294.0, \"text\": \" Hang on, guys. This is the mothership. I have to take it. It's the mothership. Sorry.\", \"tokens\": [50914, 14070, 322, 11, 1074, 13, 639, 307, 264, 17941, 1210, 13, 286, 362, 281, 747, 309, 13, 467, 311, 264, 17941, 1210, 13, 4919, 13, 51114], \"temperature\": 0.0, \"avg_logprob\": -0.28888174891471863, \"compression_ratio\": 1.5743801593780518, \"no_speech_prob\": 0.020954132080078125}, {\"id\": 82, \"seek\": 27900, \"start\": 295.0, \"end\": 297.0, \"text\": \" Oh, hi. Yeah. This is Agent Willie.\", \"tokens\": [51164, 876, 11, 4879, 13, 865, 13, 639, 307, 27174, 39912, 13, 51264], \"temperature\": 0.0, \"avg_logprob\": -0.28888174891471863, \"compression_ratio\": 1.5743801593780518, \"no_speech_prob\": 0.020954132080078125}, {\"id\": 83, \"seek\": 27900, \"start\": 299.0, \"end\": 300.0, \"text\": \" Oh, really?\", \"tokens\": [51364, 876, 11, 534, 30, 51414], \"temperature\": 0.0, \"avg_logprob\": -0.28888174891471863, \"compression_ratio\": 1.5743801593780518, \"no_speech_prob\": 0.020954132080078125}, {\"id\": 84, \"seek\": 27900, \"start\": 301.0, \"end\": 305.0, \"text\": \" Oh, no. Really? Oh, but we're just really getting along.\", \"tokens\": [51464, 876, 11, 572, 13, 4083, 30, 876, 11, 457, 321, 434, 445, 534, 1242, 2051, 13, 51664], \"temperature\": 0.0, \"avg_logprob\": -0.28888174891471863, \"compression_ratio\": 1.5743801593780518, \"no_speech_prob\": 0.020954132080078125}, {\"id\": 85, \"seek\": 30500, \"start\": 305.0, \"end\": 306.0, \"text\": \" We're really getting along.\", \"tokens\": [50364, 492, 434, 534, 1242, 2051, 13, 50414], \"temperature\": 0.0, \"avg_logprob\": -0.23306669294834137, \"compression_ratio\": 1.720812201499939, \"no_speech_prob\": 0.10816708207130432}, {\"id\": 86, \"seek\": 30500, \"start\": 308.0, \"end\": 311.0, \"text\": \" Okay. If the great brain said it needs to be done, it needs to be done.\", \"tokens\": [50514, 1033, 13, 759, 264, 869, 3567, 848, 309, 2203, 281, 312, 1096, 11, 309, 2203, 281, 312, 1096, 13, 50664], \"temperature\": 0.0, \"avg_logprob\": -0.23306669294834137, \"compression_ratio\": 1.720812201499939, \"no_speech_prob\": 0.10816708207130432}, {\"id\": 87, \"seek\": 30500, \"start\": 311.0, \"end\": 313.0, \"text\": \" All right. Yeah. I'll tell him. I'll do it. Okay.\", \"tokens\": [50664, 1057, 558, 13, 865, 13, 286, 603, 980, 796, 13, 286, 603, 360, 309, 13, 1033, 13, 50764], \"temperature\": 0.0, \"avg_logprob\": -0.23306669294834137, \"compression_ratio\": 1.720812201499939, \"no_speech_prob\": 0.10816708207130432}, {\"id\": 88, \"seek\": 30500, \"start\": 314.0, \"end\": 316.0, \"text\": \" Oh, guys.\", \"tokens\": [50814, 876, 11, 1074, 13, 50914], \"temperature\": 0.0, \"avg_logprob\": -0.23306669294834137, \"compression_ratio\": 1.720812201499939, \"no_speech_prob\": 0.10816708207130432}, {\"id\": 89, \"seek\": 30500, \"start\": 317.0, \"end\": 318.0, \"text\": \" Guys. Come here, guys.\", \"tokens\": [50964, 7855, 13, 2492, 510, 11, 1074, 13, 51014], \"temperature\": 0.0, \"avg_logprob\": -0.23306669294834137, \"compression_ratio\": 1.720812201499939, \"no_speech_prob\": 0.10816708207130432}, {\"id\": 90, \"seek\": 30500, \"start\": 319.0, \"end\": 321.0, \"text\": \" I have to terminate you.\", \"tokens\": [51064, 286, 362, 281, 10761, 473, 291, 13, 51164], \"temperature\": 0.0, \"avg_logprob\": -0.23306669294834137, \"compression_ratio\": 1.720812201499939, \"no_speech_prob\": 0.10816708207130432}, {\"id\": 91, \"seek\": 30500, \"start\": 321.0, \"end\": 322.0, \"text\": \" What?\", \"tokens\": [51164, 708, 30, 51214], \"temperature\": 0.0, \"avg_logprob\": -0.23306669294834137, \"compression_ratio\": 1.720812201499939, \"no_speech_prob\": 0.10816708207130432}, {\"id\": 92, \"seek\": 30500, \"start\": 323.0, \"end\": 324.0, \"text\": \" Yeah. Right.\", \"tokens\": [51264, 865, 13, 1779, 13, 51314], \"temperature\": 0.0, \"avg_logprob\": -0.23306669294834137, \"compression_ratio\": 1.720812201499939, \"no_speech_prob\": 0.10816708207130432}, {\"id\": 93, \"seek\": 30500, \"start\": 326.0, \"end\": 330.0, \"text\": \" No, I got it. I have to terminate you. I have to terminate you all.\", \"tokens\": [51414, 883, 11, 286, 658, 309, 13, 286, 362, 281, 10761, 473, 291, 13, 286, 362, 281, 10761, 473, 291, 439, 13, 51614], \"temperature\": 0.0, \"avg_logprob\": -0.23306669294834137, \"compression_ratio\": 1.720812201499939, \"no_speech_prob\": 0.10816708207130432}, {\"id\": 94, \"seek\": 30500, \"start\": 330.0, \"end\": 332.0, \"text\": \" All right. Look. Here's the official script.\", \"tokens\": [51614, 1057, 558, 13, 2053, 13, 1692, 311, 264, 4783, 5755, 13, 51714], \"temperature\": 0.0, \"avg_logprob\": -0.23306669294834137, \"compression_ratio\": 1.720812201499939, \"no_speech_prob\": 0.10816708207130432}, {\"id\": 95, \"seek\": 33200, \"start\": 332.0, \"end\": 334.0, \"text\": \" They sent me this down, and I'm supposed to say,\", \"tokens\": [50364, 814, 2279, 385, 341, 760, 11, 293, 286, 478, 3442, 281, 584, 11, 50464], \"temperature\": 0.0, \"avg_logprob\": -0.2377232313156128, \"compression_ratio\": 1.569037675857544, \"no_speech_prob\": 0.10810661315917969}, {\"id\": 96, \"seek\": 33200, \"start\": 335.0, \"end\": 339.0, \"text\": \" Thank you for helping me on my Earth journey, blah, blah, blah, blah.\", \"tokens\": [50514, 1044, 291, 337, 4315, 385, 322, 452, 4755, 4671, 11, 12288, 11, 12288, 11, 12288, 11, 12288, 13, 50714], \"temperature\": 0.0, \"avg_logprob\": -0.2377232313156128, \"compression_ratio\": 1.569037675857544, \"no_speech_prob\": 0.10810661315917969}, {\"id\": 97, \"seek\": 33200, \"start\": 339.0, \"end\": 342.0, \"text\": \" But now you know too much about me and my people,\", \"tokens\": [50714, 583, 586, 291, 458, 886, 709, 466, 385, 293, 452, 561, 11, 50864], \"temperature\": 0.0, \"avg_logprob\": -0.2377232313156128, \"compression_ratio\": 1.569037675857544, \"no_speech_prob\": 0.10810661315917969}, {\"id\": 98, \"seek\": 33200, \"start\": 342.0, \"end\": 347.0, \"text\": \" so I have to pulverize and vaporize you, blah, blah, blah.\", \"tokens\": [50864, 370, 286, 362, 281, 8331, 331, 1125, 293, 20358, 1125, 291, 11, 12288, 11, 12288, 11, 12288, 13, 51114], \"temperature\": 0.0, \"avg_logprob\": -0.2377232313156128, \"compression_ratio\": 1.569037675857544, \"no_speech_prob\": 0.10810661315917969}, {\"id\": 99, \"seek\": 33200, \"start\": 348.0, \"end\": 349.0, \"text\": \" We just became friends.\", \"tokens\": [51164, 492, 445, 3062, 1855, 13, 51214], \"temperature\": 0.0, \"avg_logprob\": -0.2377232313156128, \"compression_ratio\": 1.569037675857544, \"no_speech_prob\": 0.10810661315917969}, {\"id\": 100, \"seek\": 33200, \"start\": 349.0, \"end\": 351.0, \"text\": \" I know. It sucks.\", \"tokens\": [51214, 286, 458, 13, 467, 15846, 13, 51314], \"temperature\": 0.0, \"avg_logprob\": -0.2377232313156128, \"compression_ratio\": 1.569037675857544, \"no_speech_prob\": 0.10810661315917969}, {\"id\": 101, \"seek\": 33200, \"start\": 351.0, \"end\": 354.0, \"text\": \" Don't struggle, or else it hurts a lot more.\", \"tokens\": [51314, 1468, 380, 7799, 11, 420, 1646, 309, 11051, 257, 688, 544, 13, 51464], \"temperature\": 0.0, \"avg_logprob\": -0.2377232313156128, \"compression_ratio\": 1.569037675857544, \"no_speech_prob\": 0.10810661315917969}, {\"id\": 102, \"seek\": 33200, \"start\": 354.0, \"end\": 355.0, \"text\": \" Who's first?\", \"tokens\": [51464, 2102, 311, 700, 30, 51514], \"temperature\": 0.0, \"avg_logprob\": -0.2377232313156128, \"compression_ratio\": 1.569037675857544, \"no_speech_prob\": 0.10810661315917969}, {\"id\": 103, \"seek\": 33200, \"start\": 355.0, \"end\": 357.0, \"text\": \" You're really going to shoot us with a toy gun.\", \"tokens\": [51514, 509, 434, 534, 516, 281, 3076, 505, 365, 257, 12058, 3874, 13, 51614], \"temperature\": 0.0, \"avg_logprob\": -0.2377232313156128, \"compression_ratio\": 1.569037675857544, \"no_speech_prob\": 0.10810661315917969}, {\"id\": 104, \"seek\": 36200, \"start\": 363.0, \"end\": 364.0, \"text\": \" What? What?\", \"tokens\": [50414, 708, 30, 708, 30, 50464], \"temperature\": 0.0, \"avg_logprob\": -0.5379325747489929, \"compression_ratio\": 1.1875, \"no_speech_prob\": 0.03608018532395363}, {\"id\": 105, \"seek\": 36200, \"start\": 368.0, \"end\": 369.0, \"text\": \" Willie, just stop.\", \"tokens\": [50664, 39912, 11, 445, 1590, 13, 50714], \"temperature\": 0.0, \"avg_logprob\": -0.5379325747489929, \"compression_ratio\": 1.1875, \"no_speech_prob\": 0.03608018532395363}, {\"id\": 106, \"seek\": 36200, \"start\": 375.0, \"end\": 378.0, \"text\": \" No, don't, baby. I love you.\", \"tokens\": [51014, 883, 11, 500, 380, 11, 3186, 13, 286, 959, 291, 13, 51164], \"temperature\": 0.0, \"avg_logprob\": -0.5379325747489929, \"compression_ratio\": 1.1875, \"no_speech_prob\": 0.03608018532395363}, {\"id\": 107, \"seek\": 36200, \"start\": 378.0, \"end\": 380.0, \"text\": \" Aw, I love you.\", \"tokens\": [51164, 6381, 11, 286, 959, 291, 13, 51264], \"temperature\": 0.0, \"avg_logprob\": -0.5379325747489929, \"compression_ratio\": 1.1875, \"no_speech_prob\": 0.03608018532395363}, {\"id\": 108, \"seek\": 36200, \"start\": 382.0, \"end\": 383.0, \"text\": \" Who wrote this?\", \"tokens\": [51364, 2102, 4114, 341, 30, 51414], \"temperature\": 0.0, \"avg_logprob\": -0.5379325747489929, \"compression_ratio\": 1.1875, \"no_speech_prob\": 0.03608018532395363}, {\"id\": 109, \"seek\": 36200, \"start\": 387.0, \"end\": 389.0, \"text\": \" What is the back door?\", \"tokens\": [51614, 708, 307, 264, 646, 2853, 30, 51714], \"temperature\": 0.0, \"avg_logprob\": -0.5379325747489929, \"compression_ratio\": 1.1875, \"no_speech_prob\": 0.03608018532395363}, {\"id\": 110, \"seek\": 39200, \"start\": 392.0, \"end\": 395.0, \"text\": \" Blast dismissed.\", \"tokens\": [50414, 2177, 525, 29970, 13, 50514], \"temperature\": 0.0, \"avg_logprob\": -0.2886841297149658, \"compression_ratio\": 0.6666666865348816, \"no_speech_prob\": 0.008058693259954453}, {\"id\": 111, \"seek\": 42200, \"start\": 422.0, \"end\": 423.0, \"text\": \" Blast dismissed.\", \"tokens\": [50364, 2177, 525, 717, 76, 891, 292, 13, 50414], \"temperature\": 0.0, \"avg_logprob\": -0.7696763277053833, \"compression_ratio\": 0.6666666865348816, \"no_speech_prob\": 0.9895104169845581}]}"}