{"title": "Uncovering the Shocking Truth About Pick-Up Artists in Today's Social Circle Dating Movement", "video_id": "Oc5k4BzBaUM", "video_url": "https://www.youtube.com/watch?v=Oc5k4BzBaUM", "description": "Full Episode 220 - https://innerconfidence.com/podcast/leverage-podcast/the-master-lover-method-w-james-marshall-episode-220/ \n\nThe Master Lover Method - https://www.masterlovermethod.com/secret-innerconfidence", "published_at": "2023-05-10T17:00:14Z", "channel_id": "UC0O-ohYDF4P66HW9XJ4Us8w", "channel_title": "Robbie Kramer", "tags": [], "category_id": "24", "live_broadcast_content": "none", "duration": 37.0, "dimension": "2d", "definition": "hd", "caption": "false", "view_count": 782, "like_count": 6, "comment_count": 0, "channel_info": {"title": "Robbie Kramer", "description": "I'm Robbie Kramer \ud83c\udf99Host of The Inner Confidence Podcast & Founder of Inner Confidence, Inc.\n\nI lived an exhilarating single life filled with adventures and lessons, and ultimately achieved what I had always aspired to \u2013 finding an amazing, feminine, and loving wife. \n\nI believe my experiences provide a rare balance of wild freedom and committed love, equipping me with the insights to help you navigate the complexities of dating and relationships in today's world. Let me guide you to embrace your desires, improve your social prowess, and ultimately attract the partner who aligns with your highest aspirations.\n\nYou won\u2019t find any fluffy, new-age, or cringy stuff here, just tested, proven and actionable advice that yields results.\n\nApply to join our exclusive Inner Confidence Community of ambitious men who are actively working together to achieve their goals faster   \u25ba https://innerconfidence.com/community\n\nYou can email me at robbie@innerconfidence.com with any questions or comments.\n", "subscriber_count": "1270", "total_views": "604693", "total_videos": "470"}, "comments": [], "file_path": "/Users/aelaguiz/workspace/fc_book/audio/raws/Oc5k4BzBaUM.mp3", "transcription": "{\"text\": \"And well, because the thing was, I was just floundering. Like, even though I was like, maybe you couldn't see it. I was just like trying to act cool. I'm everything's fine. I was like, what is Robbie saying? He seems to be like, there's something about what's going on that I don't quite get yet. And even though I'd been in the industry for so long and I picked up God knows how many women and all sorts of scenarios, there was something very different about the dynamic where there's a lot of, you know, there's a lot of high value women in the space and pick up as we would have known it in the old days, doesn't work. You know, it just simply doesn't work. \", \"segments\": [{\"id\": 0, \"seek\": 0, \"start\": 0.0, \"end\": 4.800000190734863, \"text\": \" And well, because the thing was, I was just floundering.\", \"tokens\": [50364, 400, 731, 11, 570, 264, 551, 390, 11, 286, 390, 445, 932, 554, 1794, 13, 50604], \"temperature\": 0.0, \"avg_logprob\": -0.287180095911026, \"compression_ratio\": 1.7672131061553955, \"no_speech_prob\": 0.02673702873289585}, {\"id\": 1, \"seek\": 0, \"start\": 4.800000190734863, \"end\": 7.320000171661377, \"text\": \" Like, even though I was like, maybe you couldn't see it.\", \"tokens\": [50604, 1743, 11, 754, 1673, 286, 390, 411, 11, 1310, 291, 2809, 380, 536, 309, 13, 50730], \"temperature\": 0.0, \"avg_logprob\": -0.287180095911026, \"compression_ratio\": 1.7672131061553955, \"no_speech_prob\": 0.02673702873289585}, {\"id\": 2, \"seek\": 0, \"start\": 7.320000171661377, \"end\": 8.600000381469727, \"text\": \" I was just like trying to act cool.\", \"tokens\": [50730, 286, 390, 445, 411, 1382, 281, 605, 1627, 13, 50794], \"temperature\": 0.0, \"avg_logprob\": -0.287180095911026, \"compression_ratio\": 1.7672131061553955, \"no_speech_prob\": 0.02673702873289585}, {\"id\": 3, \"seek\": 0, \"start\": 8.600000381469727, \"end\": 9.640000343322754, \"text\": \" I'm everything's fine.\", \"tokens\": [50794, 286, 478, 1203, 311, 2489, 13, 50846], \"temperature\": 0.0, \"avg_logprob\": -0.287180095911026, \"compression_ratio\": 1.7672131061553955, \"no_speech_prob\": 0.02673702873289585}, {\"id\": 4, \"seek\": 0, \"start\": 9.640000343322754, \"end\": 11.920000076293945, \"text\": \" I was like, what is Robbie saying?\", \"tokens\": [50846, 286, 390, 411, 11, 437, 307, 45749, 1566, 30, 50960], \"temperature\": 0.0, \"avg_logprob\": -0.287180095911026, \"compression_ratio\": 1.7672131061553955, \"no_speech_prob\": 0.02673702873289585}, {\"id\": 5, \"seek\": 0, \"start\": 12.239999771118164, \"end\": 17.68000030517578, \"text\": \" He seems to be like, there's something about what's going on that I don't quite get yet.\", \"tokens\": [50976, 634, 2544, 281, 312, 411, 11, 456, 311, 746, 466, 437, 311, 516, 322, 300, 286, 500, 380, 1596, 483, 1939, 13, 51248], \"temperature\": 0.0, \"avg_logprob\": -0.287180095911026, \"compression_ratio\": 1.7672131061553955, \"no_speech_prob\": 0.02673702873289585}, {\"id\": 6, \"seek\": 0, \"start\": 18.1200008392334, \"end\": 20.959999084472656, \"text\": \" And even though I'd been in the industry for so long and I picked up God knows how\", \"tokens\": [51270, 400, 754, 1673, 286, 1116, 668, 294, 264, 3518, 337, 370, 938, 293, 286, 6183, 493, 1265, 3255, 577, 51412], \"temperature\": 0.0, \"avg_logprob\": -0.287180095911026, \"compression_ratio\": 1.7672131061553955, \"no_speech_prob\": 0.02673702873289585}, {\"id\": 7, \"seek\": 0, \"start\": 20.959999084472656, \"end\": 24.399999618530273, \"text\": \" many women and all sorts of scenarios, there was something very different about\", \"tokens\": [51412, 867, 2266, 293, 439, 7527, 295, 15077, 11, 456, 390, 746, 588, 819, 466, 51584], \"temperature\": 0.0, \"avg_logprob\": -0.287180095911026, \"compression_ratio\": 1.7672131061553955, \"no_speech_prob\": 0.02673702873289585}, {\"id\": 8, \"seek\": 0, \"start\": 24.399999618530273, \"end\": 27.719999313354492, \"text\": \" the dynamic where there's a lot of, you know, there's a lot of high value women\", \"tokens\": [51584, 264, 8546, 689, 456, 311, 257, 688, 295, 11, 291, 458, 11, 456, 311, 257, 688, 295, 1090, 2158, 2266, 51750], \"temperature\": 0.0, \"avg_logprob\": -0.287180095911026, \"compression_ratio\": 1.7672131061553955, \"no_speech_prob\": 0.02673702873289585}, {\"id\": 9, \"seek\": 2772, \"start\": 28.239999771118164, \"end\": 34.119998931884766, \"text\": \" in the space and pick up as we would have known it in the old days, doesn't work.\", \"tokens\": [50390, 294, 264, 1901, 293, 1888, 493, 382, 321, 576, 362, 2570, 309, 294, 264, 1331, 1708, 11, 1177, 380, 589, 13, 50684], \"temperature\": 0.0, \"avg_logprob\": -0.29557591676712036, \"compression_ratio\": 1.2903225421905518, \"no_speech_prob\": 0.008827390149235725}, {\"id\": 10, \"seek\": 2772, \"start\": 34.36000061035156, \"end\": 35.959999084472656, \"text\": \" You know, it just simply doesn't work.\", \"tokens\": [50696, 509, 458, 11, 309, 445, 2935, 1177, 380, 589, 13, 50776], \"temperature\": 0.0, \"avg_logprob\": -0.29557591676712036, \"compression_ratio\": 1.2903225421905518, \"no_speech_prob\": 0.008827390149235725}]}"}