{"title": "\"Sliding Doors\": Why Attraction Isn't Everything", "video_id": "OG87wewbUCU", "video_url": "https://www.youtube.com/watch?v=OG87wewbUCU", "description": "", "published_at": "2023-12-15T03:05:00Z", "channel_id": "UC0O-ohYDF4P66HW9XJ4Us8w", "channel_title": "Robbie Kramer", "tags": [], "category_id": "24", "live_broadcast_content": "none", "duration": 27.0, "dimension": "2d", "definition": "hd", "caption": "false", "view_count": 1674, "like_count": 12, "comment_count": 0, "channel_info": {"title": "Robbie Kramer", "description": "I'm Robbie Kramer \ud83c\udf99Host of The Inner Confidence Podcast & Founder of Inner Confidence, Inc.\n\nI lived an exhilarating single life filled with adventures and lessons, and ultimately achieved what I had always aspired to \u2013 finding an amazing, feminine, and loving wife. \n\nI believe my experiences provide a rare balance of wild freedom and committed love, equipping me with the insights to help you navigate the complexities of dating and relationships in today's world. Let me guide you to embrace your desires, improve your social prowess, and ultimately attract the partner who aligns with your highest aspirations.\n\nYou won\u2019t find any fluffy, new-age, or cringy stuff here, just tested, proven and actionable advice that yields results.\n\nApply to join our exclusive Inner Confidence Community of ambitious men who are actively working together to achieve their goals faster   \u25ba https://innerconfidence.com/community\n\nYou can email me at robbie@innerconfidence.com with any questions or comments.\n", "subscriber_count": "1270", "total_views": "604693", "total_videos": "470"}, "comments": [], "file_path": "/Users/aelaguiz/workspace/fc_book/audio/raws/OG87wewbUCU.mp3", "transcription": "{\"text\": \"But that one's a pretty good one and a reason for you to watch the movie. And I think it's where the charisma actually works because he's not really attractive, you know, guy like I wouldn't look at him, but he's so funny and he knows what to say. So this guy's conversational game is unbelievable. Yeah. And, you know, a lot of guys thinks that they need to be attractive to for girls to like them, but in real girls want to love. \", \"segments\": [{\"id\": 0, \"seek\": 0, \"start\": 0.0, \"end\": 2.700000047683716, \"text\": \" But that one's a pretty good one and a reason for you to watch the movie.\", \"tokens\": [50364, 583, 300, 472, 311, 257, 1238, 665, 472, 293, 257, 1778, 337, 291, 281, 1159, 264, 3169, 13, 50499], \"temperature\": 0.0, \"avg_logprob\": -0.2865273654460907, \"compression_ratio\": 1.677042841911316, \"no_speech_prob\": 0.00032990166801027954}, {\"id\": 1, \"seek\": 0, \"start\": 2.9000000953674316, \"end\": 6.900000095367432, \"text\": \" And I think it's where the charisma actually works\", \"tokens\": [50509, 400, 286, 519, 309, 311, 689, 264, 45969, 767, 1985, 50709], \"temperature\": 0.0, \"avg_logprob\": -0.2865273654460907, \"compression_ratio\": 1.677042841911316, \"no_speech_prob\": 0.00032990166801027954}, {\"id\": 2, \"seek\": 0, \"start\": 6.900000095367432, \"end\": 11.800000190734863, \"text\": \" because he's not really attractive, you know, guy like I wouldn't look at him,\", \"tokens\": [50709, 570, 415, 311, 406, 534, 12609, 11, 291, 458, 11, 2146, 411, 286, 2759, 380, 574, 412, 796, 11, 50954], \"temperature\": 0.0, \"avg_logprob\": -0.2865273654460907, \"compression_ratio\": 1.677042841911316, \"no_speech_prob\": 0.00032990166801027954}, {\"id\": 3, \"seek\": 0, \"start\": 12.100000381469727, \"end\": 15.460000038146973, \"text\": \" but he's so funny and he knows what to say.\", \"tokens\": [50969, 457, 415, 311, 370, 4074, 293, 415, 3255, 437, 281, 584, 13, 51137], \"temperature\": 0.0, \"avg_logprob\": -0.2865273654460907, \"compression_ratio\": 1.677042841911316, \"no_speech_prob\": 0.00032990166801027954}, {\"id\": 4, \"seek\": 0, \"start\": 15.460000038146973, \"end\": 19.65999984741211, \"text\": \" So this guy's conversational game is unbelievable.\", \"tokens\": [51137, 407, 341, 2146, 311, 2615, 1478, 1216, 307, 16605, 13, 51347], \"temperature\": 0.0, \"avg_logprob\": -0.2865273654460907, \"compression_ratio\": 1.677042841911316, \"no_speech_prob\": 0.00032990166801027954}, {\"id\": 5, \"seek\": 0, \"start\": 19.65999984741211, \"end\": 23.399999618530273, \"text\": \" Yeah. And, you know, a lot of guys thinks that they need to be attractive\", \"tokens\": [51347, 865, 13, 400, 11, 291, 458, 11, 257, 688, 295, 1074, 7309, 300, 436, 643, 281, 312, 12609, 51534], \"temperature\": 0.0, \"avg_logprob\": -0.2865273654460907, \"compression_ratio\": 1.677042841911316, \"no_speech_prob\": 0.00032990166801027954}, {\"id\": 6, \"seek\": 0, \"start\": 23.399999618530273, \"end\": 26.860000610351562, \"text\": \" to for girls to like them, but in real girls want to love.\", \"tokens\": [51534, 281, 337, 4519, 281, 411, 552, 11, 457, 294, 957, 4519, 528, 281, 959, 13, 51707], \"temperature\": 0.0, \"avg_logprob\": -0.2865273654460907, \"compression_ratio\": 1.677042841911316, \"no_speech_prob\": 0.00032990166801027954}]}"}