{"title": "The shocking reason mansion parties often suck\u2026", "video_id": "OKsTCkA7grY", "video_url": "https://www.youtube.com/watch?v=OKsTCkA7grY", "description": "", "published_at": "2023-09-03T19:48:40Z", "channel_id": "UC0O-ohYDF4P66HW9XJ4Us8w", "channel_title": "Robbie Kramer", "tags": [], "category_id": "24", "live_broadcast_content": "none", "duration": 39.0, "dimension": "2d", "definition": "hd", "caption": "false", "view_count": 76, "like_count": 2, "comment_count": 0, "channel_info": {"title": "Robbie Kramer", "description": "I'm Robbie Kramer \ud83c\udf99Host of The Inner Confidence Podcast & Founder of Inner Confidence, Inc.\n\nI lived an exhilarating single life filled with adventures and lessons, and ultimately achieved what I had always aspired to \u2013 finding an amazing, feminine, and loving wife. \n\nI believe my experiences provide a rare balance of wild freedom and committed love, equipping me with the insights to help you navigate the complexities of dating and relationships in today's world. Let me guide you to embrace your desires, improve your social prowess, and ultimately attract the partner who aligns with your highest aspirations.\n\nYou won\u2019t find any fluffy, new-age, or cringy stuff here, just tested, proven and actionable advice that yields results.\n\nApply to join our exclusive Inner Confidence Community of ambitious men who are actively working together to achieve their goals faster   \u25ba https://innerconfidence.com/community\n\nYou can email me at robbie@innerconfidence.com with any questions or comments.\n", "subscriber_count": "1270", "total_views": "604693", "total_videos": "470"}, "comments": [], "file_path": "/Users/aelaguiz/workspace/fc_book/audio/raws/OKsTCkA7grY.mp3", "transcription": "{\"text\": \"Yeah. And then it's like the party never has this collective energy because of that. Like you should have taped all that off or would have broke all that off. You should have really understood the logistics of and the flake ratio of this distance way out here where everyone has to come. So I think those are where it's kind of fallen short. And, you know, in those instances, I probably spent about 15 minutes and then I left. Really? Yeah. Yeah. The mansion parties are often a problem because you've got this huge mansion and whoever rented it or whosoever house it is, it's like, oh, this is awesome because we have all these amazing things. And it's like, it's just too much because you just lose everyone. There's people in the backyard and there's people smoking in the front. \", \"segments\": [{\"id\": 0, \"seek\": 0, \"start\": 0.0, \"end\": 5.199999809265137, \"text\": \" Yeah. And then it's like the party never has this collective energy because of that.\", \"tokens\": [50364, 865, 13, 400, 258, 268, 309, 311, 411, 264, 3595, 1128, 575, 341, 12590, 2281, 570, 295, 300, 13, 50624], \"temperature\": 0.0, \"avg_logprob\": -0.26823896169662476, \"compression_ratio\": 1.7711598873138428, \"no_speech_prob\": 0.1329227238893509}, {\"id\": 1, \"seek\": 0, \"start\": 5.199999809265137, \"end\": 8.800000190734863, \"text\": \" Like you should have taped all that off or would have broke all that off. You should have really\", \"tokens\": [50624, 1743, 291, 820, 362, 45673, 439, 300, 766, 420, 576, 362, 6902, 439, 300, 766, 13, 509, 820, 362, 534, 50804], \"temperature\": 0.0, \"avg_logprob\": -0.26823896169662476, \"compression_ratio\": 1.7711598873138428, \"no_speech_prob\": 0.1329227238893509}, {\"id\": 2, \"seek\": 0, \"start\": 8.800000190734863, \"end\": 13.600000381469727, \"text\": \" understood the logistics of and the flake ratio of this distance way out here where everyone has\", \"tokens\": [50804, 7320, 264, 27420, 295, 293, 264, 932, 619, 8509, 295, 341, 4560, 636, 484, 510, 689, 1518, 575, 51044], \"temperature\": 0.0, \"avg_logprob\": -0.26823896169662476, \"compression_ratio\": 1.7711598873138428, \"no_speech_prob\": 0.1329227238893509}, {\"id\": 3, \"seek\": 0, \"start\": 13.600000381469727, \"end\": 19.760000228881836, \"text\": \" to come. So I think those are where it's kind of fallen short. And, you know, in those instances,\", \"tokens\": [51044, 281, 808, 13, 407, 286, 519, 729, 366, 689, 309, 311, 733, 295, 11547, 2099, 13, 400, 11, 291, 458, 11, 294, 729, 14519, 11, 51352], \"temperature\": 0.0, \"avg_logprob\": -0.26823896169662476, \"compression_ratio\": 1.7711598873138428, \"no_speech_prob\": 0.1329227238893509}, {\"id\": 4, \"seek\": 0, \"start\": 19.760000228881836, \"end\": 24.639999389648438, \"text\": \" I probably spent about 15 minutes and then I left. Really? Yeah. Yeah. The mansion parties\", \"tokens\": [51352, 286, 1391, 4418, 466, 2119, 2077, 293, 550, 286, 1411, 13, 4083, 30, 865, 13, 865, 13, 440, 25599, 8265, 51596], \"temperature\": 0.0, \"avg_logprob\": -0.26823896169662476, \"compression_ratio\": 1.7711598873138428, \"no_speech_prob\": 0.1329227238893509}, {\"id\": 5, \"seek\": 0, \"start\": 24.639999389648438, \"end\": 28.8799991607666, \"text\": \" are often a problem because you've got this huge mansion and whoever rented it or whosoever house\", \"tokens\": [51596, 366, 2049, 257, 1154, 570, 291, 600, 658, 341, 2603, 25599, 293, 11387, 32381, 309, 420, 315, 329, 7921, 331, 1782, 51808], \"temperature\": 0.0, \"avg_logprob\": -0.26823896169662476, \"compression_ratio\": 1.7711598873138428, \"no_speech_prob\": 0.1329227238893509}, {\"id\": 6, \"seek\": 2888, \"start\": 28.8799991607666, \"end\": 32.720001220703125, \"text\": \" it is, it's like, oh, this is awesome because we have all these amazing things. And it's like,\", \"tokens\": [50364, 309, 307, 11, 309, 311, 411, 11, 1954, 11, 341, 307, 3476, 570, 321, 362, 439, 613, 2243, 721, 13, 400, 309, 311, 411, 11, 50556], \"temperature\": 0.0, \"avg_logprob\": -0.1813972294330597, \"compression_ratio\": 1.4863014221191406, \"no_speech_prob\": 0.1989852339029312}, {\"id\": 7, \"seek\": 2888, \"start\": 32.720001220703125, \"end\": 36.08000183105469, \"text\": \" it's just too much because you just lose everyone. There's people in the backyard\", \"tokens\": [50556, 309, 311, 445, 886, 709, 570, 291, 445, 3624, 1518, 13, 821, 311, 561, 294, 264, 20036, 50724], \"temperature\": 0.0, \"avg_logprob\": -0.1813972294330597, \"compression_ratio\": 1.4863014221191406, \"no_speech_prob\": 0.1989852339029312}, {\"id\": 8, \"seek\": 2888, \"start\": 36.08000183105469, \"end\": 37.84000015258789, \"text\": \" and there's people smoking in the front.\", \"tokens\": [50724, 293, 456, 311, 561, 14055, 294, 264, 1868, 13, 50812], \"temperature\": 0.0, \"avg_logprob\": -0.1813972294330597, \"compression_ratio\": 1.4863014221191406, \"no_speech_prob\": 0.1989852339029312}]}"}