{"title": "How you can tell if the person you\u2019re starting to date has avoidant personality disorder\u2026", "video_id": "p_T_Qua0-QI", "video_url": "https://www.youtube.com/watch?v=p_T_Qua0-QI", "description": "", "published_at": "2023-06-17T18:42:04Z", "channel_id": "UC0O-ohYDF4P66HW9XJ4Us8w", "channel_title": "Robbie Kramer", "tags": [], "category_id": "24", "live_broadcast_content": "none", "duration": 31.0, "dimension": "2d", "definition": "hd", "caption": "false", "view_count": 258, "like_count": 4, "comment_count": 4, "channel_info": {"title": "Robbie Kramer", "description": "I'm Robbie Kramer \ud83c\udf99Host of The Inner Confidence Podcast & Founder of Inner Confidence, Inc.\n\nI lived an exhilarating single life filled with adventures and lessons, and ultimately achieved what I had always aspired to \u2013 finding an amazing, feminine, and loving wife. \n\nI believe my experiences provide a rare balance of wild freedom and committed love, equipping me with the insights to help you navigate the complexities of dating and relationships in today's world. Let me guide you to embrace your desires, improve your social prowess, and ultimately attract the partner who aligns with your highest aspirations.\n\nYou won\u2019t find any fluffy, new-age, or cringy stuff here, just tested, proven and actionable advice that yields results.\n\nApply to join our exclusive Inner Confidence Community of ambitious men who are actively working together to achieve their goals faster   \u25ba https://innerconfidence.com/community\n\nYou can email me at robbie@innerconfidence.com with any questions or comments.\n", "subscriber_count": "1270", "total_views": "604693", "total_videos": "470"}, "comments": [], "file_path": "/Users/aelaguiz/workspace/fc_book/audio/raws/p_T_Qua0-QI.mp3", "transcription": "{\"text\": \"When someone's being avoidant, you're just going to become more codependent and more invested in trying to fix the situation. So for me, as soon as I started to see the behaviors, I was like, okay, this person is avoidant. I guess he's afraid of intimacy and he's afraid of connecting with someone because he's afraid of being hurt. So I did actually lean on my friends more and push back a little bit. I tried to be more cool and giving him space. I was ready to help him when he needed help. And like, I was ready to be there for him when he had asked me for help. The problem is that avoidant tendencies, like they come from a trauma, like from something I have to work on on the. \", \"segments\": [{\"id\": 0, \"seek\": 0, \"start\": 0.0, \"end\": 5.159999847412109, \"text\": \" When someone's being avoidant, you're just going to become more codependent and more invested in trying to fix the situation.\", \"tokens\": [50364, 1133, 1580, 311, 885, 5042, 394, 11, 291, 434, 445, 516, 281, 1813, 544, 17656, 4217, 317, 293, 544, 13104, 294, 1382, 281, 3191, 264, 2590, 13, 50622], \"temperature\": 0.0, \"avg_logprob\": -0.27477389574050903, \"compression_ratio\": 1.8376623392105103, \"no_speech_prob\": 0.06946631520986557}, {\"id\": 1, \"seek\": 0, \"start\": 5.159999847412109, \"end\": 10.479999542236328, \"text\": \" So for me, as soon as I started to see the behaviors, I was like, okay, this person is avoidant.\", \"tokens\": [50622, 407, 337, 385, 11, 382, 2321, 382, 286, 1409, 281, 536, 264, 15501, 11, 286, 390, 411, 11, 1392, 11, 341, 954, 307, 5042, 394, 13, 50888], \"temperature\": 0.0, \"avg_logprob\": -0.27477389574050903, \"compression_ratio\": 1.8376623392105103, \"no_speech_prob\": 0.06946631520986557}, {\"id\": 2, \"seek\": 0, \"start\": 10.479999542236328, \"end\": 14.4399995803833, \"text\": \" I guess he's afraid of intimacy and he's afraid of connecting with someone because he's afraid of being hurt.\", \"tokens\": [50888, 286, 2041, 415, 311, 4638, 295, 34450, 293, 415, 311, 4638, 295, 11015, 365, 1580, 570, 415, 311, 4638, 295, 885, 4607, 13, 51086], \"temperature\": 0.0, \"avg_logprob\": -0.27477389574050903, \"compression_ratio\": 1.8376623392105103, \"no_speech_prob\": 0.06946631520986557}, {\"id\": 3, \"seek\": 0, \"start\": 14.4399995803833, \"end\": 18.600000381469727, \"text\": \" So I did actually lean on my friends more and push back a little bit.\", \"tokens\": [51086, 407, 286, 630, 767, 11659, 322, 452, 1855, 544, 293, 2944, 646, 257, 707, 857, 13, 51294], \"temperature\": 0.0, \"avg_logprob\": -0.27477389574050903, \"compression_ratio\": 1.8376623392105103, \"no_speech_prob\": 0.06946631520986557}, {\"id\": 4, \"seek\": 0, \"start\": 18.600000381469727, \"end\": 21.0, \"text\": \" I tried to be more cool and giving him space.\", \"tokens\": [51294, 286, 3031, 281, 312, 544, 1627, 293, 2902, 796, 1901, 13, 51414], \"temperature\": 0.0, \"avg_logprob\": -0.27477389574050903, \"compression_ratio\": 1.8376623392105103, \"no_speech_prob\": 0.06946631520986557}, {\"id\": 5, \"seek\": 0, \"start\": 21.0, \"end\": 22.68000030517578, \"text\": \" I was ready to help him when he needed help.\", \"tokens\": [51414, 286, 390, 1919, 281, 854, 796, 562, 415, 2978, 854, 13, 51498], \"temperature\": 0.0, \"avg_logprob\": -0.27477389574050903, \"compression_ratio\": 1.8376623392105103, \"no_speech_prob\": 0.06946631520986557}, {\"id\": 6, \"seek\": 0, \"start\": 22.68000030517578, \"end\": 25.360000610351562, \"text\": \" And like, I was ready to be there for him when he had asked me for help.\", \"tokens\": [51498, 400, 411, 11, 286, 390, 1919, 281, 312, 456, 337, 796, 562, 415, 632, 2351, 385, 337, 854, 13, 51632], \"temperature\": 0.0, \"avg_logprob\": -0.27477389574050903, \"compression_ratio\": 1.8376623392105103, \"no_speech_prob\": 0.06946631520986557}, {\"id\": 7, \"seek\": 2536, \"start\": 25.360000610351562, \"end\": 29.959999084472656, \"text\": \" The problem is that avoidant tendencies, like they come from a trauma, like from something I have to work on on the.\", \"tokens\": [50366, 440, 1154, 307, 300, 5042, 394, 45488, 11, 411, 436, 808, 490, 257, 11407, 11, 411, 490, 746, 286, 362, 281, 589, 322, 322, 264, 13, 50594], \"temperature\": 0.0, \"avg_logprob\": -0.47855037450790405, \"compression_ratio\": 1.1958762407302856, \"no_speech_prob\": 0.9846262335777283}]}"}