{"title": "Unexpected Twists on Dates: From Rebound Stories to Friendship Zones", "video_id": "PCBWFFfxI1k", "video_url": "https://www.youtube.com/watch?v=PCBWFFfxI1k", "description": "", "published_at": "2023-12-13T18:52:58Z", "channel_id": "UC0O-ohYDF4P66HW9XJ4Us8w", "channel_title": "Robbie Kramer", "tags": [], "category_id": "24", "live_broadcast_content": "none", "duration": 35.0, "dimension": "2d", "definition": "hd", "caption": "false", "view_count": 2199, "like_count": 42, "comment_count": 2, "channel_info": {"title": "Robbie Kramer", "description": "I'm Robbie Kramer \ud83c\udf99Host of The Inner Confidence Podcast & Founder of Inner Confidence, Inc.\n\nI lived an exhilarating single life filled with adventures and lessons, and ultimately achieved what I had always aspired to \u2013 finding an amazing, feminine, and loving wife. \n\nI believe my experiences provide a rare balance of wild freedom and committed love, equipping me with the insights to help you navigate the complexities of dating and relationships in today's world. Let me guide you to embrace your desires, improve your social prowess, and ultimately attract the partner who aligns with your highest aspirations.\n\nYou won\u2019t find any fluffy, new-age, or cringy stuff here, just tested, proven and actionable advice that yields results.\n\nApply to join our exclusive Inner Confidence Community of ambitious men who are actively working together to achieve their goals faster   \u25ba https://innerconfidence.com/community\n\nYou can email me at robbie@innerconfidence.com with any questions or comments.\n", "subscriber_count": "1270", "total_views": "604693", "total_videos": "470"}, "comments": [], "file_path": "/Users/aelaguiz/workspace/fc_book/audio/raws/PCBWFFfxI1k.mp3", "transcription": "{\"text\": \"Have you ever been on a date, went in for the kiss, and when you thought it was almost a sure thing, she pulls away and she says, Oh, I'm sorry, I can't like I want to kiss you, but I don't know anything about you. Or maybe she says like, Oh, I want to like, I'm on the rebound, I'm trying to get over my ex. Or maybe there's a girl you met, and you finally get her on a date. But on the date, you know, her mood isn't what you hoped, maybe she's a little bit down. And then at some point, towards the beginning, she kind of hits you with the let's just be friends line. Well, that certainly happened to me many times. I'm sure it's never happened to my wife. \", \"segments\": [{\"id\": 0, \"seek\": 0, \"start\": 0.0, \"end\": 4.159999847412109, \"text\": \" Have you ever been on a date, went in for the kiss, and when you thought it was almost\", \"tokens\": [50364, 3560, 291, 1562, 668, 322, 257, 4002, 11, 1437, 294, 337, 264, 7704, 11, 293, 562, 291, 1194, 309, 390, 1920, 50572], \"temperature\": 0.0, \"avg_logprob\": -0.22339823842048645, \"compression_ratio\": 1.7877813577651978, \"no_speech_prob\": 0.024780191481113434}, {\"id\": 1, \"seek\": 0, \"start\": 4.159999847412109, \"end\": 8.880000114440918, \"text\": \" a sure thing, she pulls away and she says, Oh, I'm sorry, I can't like I want to kiss\", \"tokens\": [50572, 257, 988, 551, 11, 750, 16982, 1314, 293, 750, 1619, 11, 876, 11, 286, 478, 2597, 11, 286, 393, 380, 411, 286, 528, 281, 7704, 50808], \"temperature\": 0.0, \"avg_logprob\": -0.22339823842048645, \"compression_ratio\": 1.7877813577651978, \"no_speech_prob\": 0.024780191481113434}, {\"id\": 2, \"seek\": 0, \"start\": 8.880000114440918, \"end\": 11.600000381469727, \"text\": \" you, but I don't know anything about you.\", \"tokens\": [50808, 291, 11, 457, 286, 500, 380, 458, 1340, 466, 291, 13, 50944], \"temperature\": 0.0, \"avg_logprob\": -0.22339823842048645, \"compression_ratio\": 1.7877813577651978, \"no_speech_prob\": 0.024780191481113434}, {\"id\": 3, \"seek\": 0, \"start\": 11.600000381469727, \"end\": 15.479999542236328, \"text\": \" Or maybe she says like, Oh, I want to like, I'm on the rebound, I'm trying to get over\", \"tokens\": [50944, 1610, 1310, 750, 1619, 411, 11, 876, 11, 286, 528, 281, 411, 11, 286, 478, 322, 264, 31850, 11, 286, 478, 1382, 281, 483, 670, 51138], \"temperature\": 0.0, \"avg_logprob\": -0.22339823842048645, \"compression_ratio\": 1.7877813577651978, \"no_speech_prob\": 0.024780191481113434}, {\"id\": 4, \"seek\": 0, \"start\": 15.479999542236328, \"end\": 16.739999771118164, \"text\": \" my ex.\", \"tokens\": [51138, 452, 454, 13, 51201], \"temperature\": 0.0, \"avg_logprob\": -0.22339823842048645, \"compression_ratio\": 1.7877813577651978, \"no_speech_prob\": 0.024780191481113434}, {\"id\": 5, \"seek\": 0, \"start\": 16.739999771118164, \"end\": 20.31999969482422, \"text\": \" Or maybe there's a girl you met, and you finally get her on a date.\", \"tokens\": [51201, 1610, 1310, 456, 311, 257, 2013, 291, 1131, 11, 293, 291, 2721, 483, 720, 322, 257, 4002, 13, 51380], \"temperature\": 0.0, \"avg_logprob\": -0.22339823842048645, \"compression_ratio\": 1.7877813577651978, \"no_speech_prob\": 0.024780191481113434}, {\"id\": 6, \"seek\": 0, \"start\": 20.31999969482422, \"end\": 25.760000228881836, \"text\": \" But on the date, you know, her mood isn't what you hoped, maybe she's a little bit down.\", \"tokens\": [51380, 583, 322, 264, 4002, 11, 291, 458, 11, 720, 9268, 1943, 380, 437, 291, 19737, 11, 1310, 750, 311, 257, 707, 857, 760, 13, 51652], \"temperature\": 0.0, \"avg_logprob\": -0.22339823842048645, \"compression_ratio\": 1.7877813577651978, \"no_speech_prob\": 0.024780191481113434}, {\"id\": 7, \"seek\": 0, \"start\": 25.760000228881836, \"end\": 29.239999771118164, \"text\": \" And then at some point, towards the beginning, she kind of hits you with the let's just be\", \"tokens\": [51652, 400, 550, 412, 512, 935, 11, 3030, 264, 2863, 11, 750, 733, 295, 8664, 291, 365, 264, 718, 311, 445, 312, 51826], \"temperature\": 0.0, \"avg_logprob\": -0.22339823842048645, \"compression_ratio\": 1.7877813577651978, \"no_speech_prob\": 0.024780191481113434}, {\"id\": 8, \"seek\": 2924, \"start\": 29.239999771118164, \"end\": 30.239999771118164, \"text\": \" friends line.\", \"tokens\": [50364, 1855, 1622, 13, 50414], \"temperature\": 0.0, \"avg_logprob\": -0.2982887625694275, \"compression_ratio\": 1.2000000476837158, \"no_speech_prob\": 0.5194198489189148}, {\"id\": 9, \"seek\": 2924, \"start\": 30.239999771118164, \"end\": 32.040000915527344, \"text\": \" Well, that certainly happened to me many times.\", \"tokens\": [50414, 1042, 11, 300, 3297, 2011, 281, 385, 867, 1413, 13, 50504], \"temperature\": 0.0, \"avg_logprob\": -0.2982887625694275, \"compression_ratio\": 1.2000000476837158, \"no_speech_prob\": 0.5194198489189148}, {\"id\": 10, \"seek\": 2924, \"start\": 32.040000915527344, \"end\": 33.63999938964844, \"text\": \" I'm sure it's never happened to my wife.\", \"tokens\": [50504, 286, 478, 988, 309, 311, 1128, 2011, 281, 452, 3836, 13, 50584], \"temperature\": 0.0, \"avg_logprob\": -0.2982887625694275, \"compression_ratio\": 1.2000000476837158, \"no_speech_prob\": 0.5194198489189148}]}"}