{"title": "Surprising Truths About Masturbation That Will Shock You", "video_id": "pKB_aPbT8yY", "video_url": "https://www.youtube.com/watch?v=pKB_aPbT8yY", "description": "Full Episode -\n\nhttps://innerconfidence.com/podcast/leverage-podcast/the-master-lover-method-w-james-marshall-episode-220/\n\nMaster Lover Method - \n\nhttps://www.masterlovermethod.com/secret-innerconfidence", "published_at": "2023-05-09T03:52:57Z", "channel_id": "UC0O-ohYDF4P66HW9XJ4Us8w", "channel_title": "Robbie Kramer", "tags": [], "category_id": "24", "live_broadcast_content": "none", "duration": 47.0, "dimension": "2d", "definition": "hd", "caption": "false", "view_count": 62, "like_count": 3, "comment_count": 0, "channel_info": {"title": "Robbie Kramer", "description": "I'm Robbie Kramer \ud83c\udf99Host of The Inner Confidence Podcast & Founder of Inner Confidence, Inc.\n\nI lived an exhilarating single life filled with adventures and lessons, and ultimately achieved what I had always aspired to \u2013 finding an amazing, feminine, and loving wife. \n\nI believe my experiences provide a rare balance of wild freedom and committed love, equipping me with the insights to help you navigate the complexities of dating and relationships in today's world. Let me guide you to embrace your desires, improve your social prowess, and ultimately attract the partner who aligns with your highest aspirations.\n\nYou won\u2019t find any fluffy, new-age, or cringy stuff here, just tested, proven and actionable advice that yields results.\n\nApply to join our exclusive Inner Confidence Community of ambitious men who are actively working together to achieve their goals faster   \u25ba https://innerconfidence.com/community\n\nYou can email me at robbie@innerconfidence.com with any questions or comments.\n", "subscriber_count": "1270", "total_views": "604693", "total_videos": "470"}, "comments": [], "file_path": "/Users/aelaguiz/workspace/fc_book/audio/raws/pKB_aPbT8yY.mp3", "transcription": "{\"text\": \"Like I recommend to guys that they reduce or try and delete pornography from their life, not for any moral reasons, but because it can fuck you up in bed. So you can actually desensitize your dick by squeezing it too hard and jerking off eight times a week or whatever. But yeah, the way that I train guys, you know, I teach them, use your masturbation as self-cultivating time where you are training to be awesome in bed. If you're not using pornography and just using imaginational sensation, then you're re-sensitizing yourself, you know, coming in touch with your own sensuality, let's say, and then gives you a much, much better orgasm control as well. So like, you know, those two things don't fit together and porn and that kind of masturbation is the junk food version of your sexual... \", \"segments\": [{\"id\": 0, \"seek\": 0, \"start\": 0.0, \"end\": 4.559999942779541, \"text\": \" Like I recommend to guys that they reduce or try and delete pornography from their life,\", \"tokens\": [50364, 1743, 286, 2748, 281, 1074, 300, 436, 5407, 420, 853, 293, 12097, 49936, 490, 641, 993, 11, 50592], \"temperature\": 0.0, \"avg_logprob\": -0.22971361875534058, \"compression_ratio\": 1.6577180624008179, \"no_speech_prob\": 0.0163488257676363}, {\"id\": 1, \"seek\": 0, \"start\": 4.559999942779541, \"end\": 10.0, \"text\": \" not for any moral reasons, but because it can fuck you up in bed.\", \"tokens\": [50592, 406, 337, 604, 9723, 4112, 11, 457, 570, 309, 393, 3275, 291, 493, 294, 2901, 13, 50864], \"temperature\": 0.0, \"avg_logprob\": -0.22971361875534058, \"compression_ratio\": 1.6577180624008179, \"no_speech_prob\": 0.0163488257676363}, {\"id\": 2, \"seek\": 0, \"start\": 10.5600004196167, \"end\": 14.5600004196167, \"text\": \" So you can actually desensitize your dick by squeezing it too hard and jerking off\", \"tokens\": [50892, 407, 291, 393, 767, 730, 694, 270, 1125, 428, 18659, 538, 36645, 309, 886, 1152, 293, 20160, 5092, 766, 51092], \"temperature\": 0.0, \"avg_logprob\": -0.22971361875534058, \"compression_ratio\": 1.6577180624008179, \"no_speech_prob\": 0.0163488257676363}, {\"id\": 3, \"seek\": 0, \"start\": 14.5600004196167, \"end\": 18.719999313354492, \"text\": \" eight times a week or whatever. But yeah, the way that I train guys, you know, I teach them,\", \"tokens\": [51092, 3180, 1413, 257, 1243, 420, 2035, 13, 583, 1338, 11, 264, 636, 300, 286, 3847, 1074, 11, 291, 458, 11, 286, 2924, 552, 11, 51300], \"temperature\": 0.0, \"avg_logprob\": -0.22971361875534058, \"compression_ratio\": 1.6577180624008179, \"no_speech_prob\": 0.0163488257676363}, {\"id\": 4, \"seek\": 0, \"start\": 19.84000015258789, \"end\": 24.479999542236328, \"text\": \" use your masturbation as self-cultivating time where you are training to be awesome in bed.\", \"tokens\": [51356, 764, 428, 48921, 399, 382, 2698, 12, 66, 723, 592, 990, 565, 689, 291, 366, 3097, 281, 312, 3476, 294, 2901, 13, 51588], \"temperature\": 0.0, \"avg_logprob\": -0.22971361875534058, \"compression_ratio\": 1.6577180624008179, \"no_speech_prob\": 0.0163488257676363}, {\"id\": 5, \"seek\": 0, \"start\": 25.200000762939453, \"end\": 28.959999084472656, \"text\": \" If you're not using pornography and just using imaginational sensation,\", \"tokens\": [51624, 759, 291, 434, 406, 1228, 49936, 293, 445, 1228, 23427, 1478, 20069, 11, 51812], \"temperature\": 0.0, \"avg_logprob\": -0.22971361875534058, \"compression_ratio\": 1.6577180624008179, \"no_speech_prob\": 0.0163488257676363}, {\"id\": 6, \"seek\": 2896, \"start\": 28.959999084472656, \"end\": 34.31999969482422, \"text\": \" then you're re-sensitizing yourself, you know, coming in touch with your own sensuality,\", \"tokens\": [50364, 550, 291, 434, 319, 12, 82, 694, 270, 3319, 1803, 11, 291, 458, 11, 1348, 294, 2557, 365, 428, 1065, 2923, 901, 507, 11, 50632], \"temperature\": 0.0, \"avg_logprob\": -0.26761871576309204, \"compression_ratio\": 1.5412371158599854, \"no_speech_prob\": 0.0029343520291149616}, {\"id\": 7, \"seek\": 2896, \"start\": 34.31999969482422, \"end\": 39.7599983215332, \"text\": \" let's say, and then gives you a much, much better orgasm control as well.\", \"tokens\": [50632, 718, 311, 584, 11, 293, 550, 2709, 291, 257, 709, 11, 709, 1101, 44834, 76, 1969, 382, 731, 13, 50904], \"temperature\": 0.0, \"avg_logprob\": -0.26761871576309204, \"compression_ratio\": 1.5412371158599854, \"no_speech_prob\": 0.0029343520291149616}, {\"id\": 8, \"seek\": 2896, \"start\": 39.7599983215332, \"end\": 43.599998474121094, \"text\": \" So like, you know, those two things don't fit together and porn and that kind of\", \"tokens\": [50904, 407, 411, 11, 291, 458, 11, 729, 732, 721, 500, 380, 3318, 1214, 293, 19444, 293, 300, 733, 295, 51096], \"temperature\": 0.0, \"avg_logprob\": -0.26761871576309204, \"compression_ratio\": 1.5412371158599854, \"no_speech_prob\": 0.0029343520291149616}, {\"id\": 9, \"seek\": 2896, \"start\": 43.599998474121094, \"end\": 45.84000015258789, \"text\": \" masturbation is the junk food version of your sexual...\", \"tokens\": [51096, 48921, 399, 307, 264, 19109, 1755, 3037, 295, 428, 6701, 485, 51208], \"temperature\": 0.0, \"avg_logprob\": -0.26761871576309204, \"compression_ratio\": 1.5412371158599854, \"no_speech_prob\": 0.0029343520291149616}]}"}