{"title": "How to land a 10", "video_id": "PMr6p44SHhg", "video_url": "https://www.youtube.com/watch?v=PMr6p44SHhg", "description": "", "published_at": "2023-05-07T15:38:20Z", "channel_id": "UC0O-ohYDF4P66HW9XJ4Us8w", "channel_title": "Robbie Kramer", "tags": [], "category_id": "26", "live_broadcast_content": "none", "duration": 54.0, "dimension": "2d", "definition": "hd", "caption": "false", "view_count": 217, "like_count": 8, "comment_count": 0, "channel_info": {"title": "Robbie Kramer", "description": "I'm Robbie Kramer \ud83c\udf99Host of The Inner Confidence Podcast & Founder of Inner Confidence, Inc.\n\nI lived an exhilarating single life filled with adventures and lessons, and ultimately achieved what I had always aspired to \u2013 finding an amazing, feminine, and loving wife. \n\nI believe my experiences provide a rare balance of wild freedom and committed love, equipping me with the insights to help you navigate the complexities of dating and relationships in today's world. Let me guide you to embrace your desires, improve your social prowess, and ultimately attract the partner who aligns with your highest aspirations.\n\nYou won\u2019t find any fluffy, new-age, or cringy stuff here, just tested, proven and actionable advice that yields results.\n\nApply to join our exclusive Inner Confidence Community of ambitious men who are actively working together to achieve their goals faster   \u25ba https://innerconfidence.com/community\n\nYou can email me at robbie@innerconfidence.com with any questions or comments.\n", "subscriber_count": "1270", "total_views": "604693", "total_videos": "470"}, "comments": [], "file_path": "/Users/aelaguiz/workspace/fc_book/audio/raws/PMr6p44SHhg.mp3", "transcription": "{\"text\": \"And I wanted to see the country and all of those different cities. So, uh, but we had met like, you know, about a month before the trip. And I knew if I went on that trip that I would probably lose that window of opportunity for us to start something. And I like really didn't want that to happen. So I was like, all right, how can I still. Like, you know, have this trip and have fun while not losing Maria and also by not taking Maria on a date. Um, so I knew you were attracted to me cause we had like kissed a few times in the apartment, um, you know, during spin the bottle games or silly other games that I played. Um, but I still wasn't quite sure, but as we were hanging out more and more, it became obvious that you were into me. Um, but I needed to, I still like needed to kind of like get you away. Right. Like, and I felt like going on a trip would. \", \"segments\": [{\"id\": 0, \"seek\": 0, \"start\": 0.0, \"end\": 2.440000057220459, \"text\": \" And I wanted to see the country and all of those different cities.\", \"tokens\": [50364, 400, 286, 1415, 281, 536, 264, 1941, 293, 439, 295, 729, 819, 6486, 13, 50486], \"temperature\": 0.0, \"avg_logprob\": -0.26665550470352173, \"compression_ratio\": 1.6996197700500488, \"no_speech_prob\": 0.023311560973525047}, {\"id\": 1, \"seek\": 0, \"start\": 2.440000057220459, \"end\": 6.840000152587891, \"text\": \" So, uh, but we had met like, you know, about a month before the trip.\", \"tokens\": [50486, 407, 11, 2232, 11, 457, 321, 632, 1131, 411, 11, 291, 458, 11, 466, 257, 1618, 949, 264, 4931, 13, 50706], \"temperature\": 0.0, \"avg_logprob\": -0.26665550470352173, \"compression_ratio\": 1.6996197700500488, \"no_speech_prob\": 0.023311560973525047}, {\"id\": 2, \"seek\": 0, \"start\": 7.28000020980835, \"end\": 13.359999656677246, \"text\": \" And I knew if I went on that trip that I would probably lose that window of\", \"tokens\": [50728, 400, 286, 2586, 498, 286, 1437, 322, 300, 4931, 300, 286, 576, 1391, 3624, 300, 4910, 295, 51032], \"temperature\": 0.0, \"avg_logprob\": -0.26665550470352173, \"compression_ratio\": 1.6996197700500488, \"no_speech_prob\": 0.023311560973525047}, {\"id\": 3, \"seek\": 0, \"start\": 13.359999656677246, \"end\": 15.779999732971191, \"text\": \" opportunity for us to start something.\", \"tokens\": [51032, 2650, 337, 505, 281, 722, 746, 13, 51153], \"temperature\": 0.0, \"avg_logprob\": -0.26665550470352173, \"compression_ratio\": 1.6996197700500488, \"no_speech_prob\": 0.023311560973525047}, {\"id\": 4, \"seek\": 0, \"start\": 15.779999732971191, \"end\": 17.479999542236328, \"text\": \" And I like really didn't want that to happen.\", \"tokens\": [51153, 400, 286, 411, 534, 994, 380, 528, 300, 281, 1051, 13, 51238], \"temperature\": 0.0, \"avg_logprob\": -0.26665550470352173, \"compression_ratio\": 1.6996197700500488, \"no_speech_prob\": 0.023311560973525047}, {\"id\": 5, \"seek\": 0, \"start\": 17.959999084472656, \"end\": 19.799999237060547, \"text\": \" So I was like, all right, how can I still.\", \"tokens\": [51262, 407, 286, 390, 411, 11, 439, 558, 11, 577, 393, 286, 920, 13, 51354], \"temperature\": 0.0, \"avg_logprob\": -0.26665550470352173, \"compression_ratio\": 1.6996197700500488, \"no_speech_prob\": 0.023311560973525047}, {\"id\": 6, \"seek\": 0, \"start\": 20.600000381469727, \"end\": 25.68000030517578, \"text\": \" Like, you know, have this trip and have fun while not losing Maria and\", \"tokens\": [51394, 1743, 11, 291, 458, 11, 362, 341, 4931, 293, 362, 1019, 1339, 406, 7027, 12734, 293, 51648], \"temperature\": 0.0, \"avg_logprob\": -0.26665550470352173, \"compression_ratio\": 1.6996197700500488, \"no_speech_prob\": 0.023311560973525047}, {\"id\": 7, \"seek\": 0, \"start\": 25.68000030517578, \"end\": 27.84000015258789, \"text\": \" also by not taking Maria on a date.\", \"tokens\": [51648, 611, 538, 406, 1940, 12734, 322, 257, 4002, 13, 51756], \"temperature\": 0.0, \"avg_logprob\": -0.26665550470352173, \"compression_ratio\": 1.6996197700500488, \"no_speech_prob\": 0.023311560973525047}, {\"id\": 8, \"seek\": 2784, \"start\": 28.200000762939453, \"end\": 33.2400016784668, \"text\": \" Um, so I knew you were attracted to me cause we had like kissed a few times\", \"tokens\": [50382, 3301, 11, 370, 286, 2586, 291, 645, 15912, 281, 385, 3082, 321, 632, 411, 33027, 257, 1326, 1413, 50634], \"temperature\": 0.0, \"avg_logprob\": -0.2844485640525818, \"compression_ratio\": 1.7066115140914917, \"no_speech_prob\": 0.0003349461767356843}, {\"id\": 9, \"seek\": 2784, \"start\": 33.2400016784668, \"end\": 36.720001220703125, \"text\": \" in the apartment, um, you know, during spin the bottle games or\", \"tokens\": [50634, 294, 264, 9587, 11, 1105, 11, 291, 458, 11, 1830, 6060, 264, 7817, 2813, 420, 50808], \"temperature\": 0.0, \"avg_logprob\": -0.2844485640525818, \"compression_ratio\": 1.7066115140914917, \"no_speech_prob\": 0.0003349461767356843}, {\"id\": 10, \"seek\": 2784, \"start\": 36.720001220703125, \"end\": 38.0, \"text\": \" silly other games that I played.\", \"tokens\": [50808, 11774, 661, 2813, 300, 286, 3737, 13, 50872], \"temperature\": 0.0, \"avg_logprob\": -0.2844485640525818, \"compression_ratio\": 1.7066115140914917, \"no_speech_prob\": 0.0003349461767356843}, {\"id\": 11, \"seek\": 2784, \"start\": 38.36000061035156, \"end\": 41.439998626708984, \"text\": \" Um, but I still wasn't quite sure, but as we were hanging out more and more, it\", \"tokens\": [50890, 3301, 11, 457, 286, 920, 2067, 380, 1596, 988, 11, 457, 382, 321, 645, 8345, 484, 544, 293, 544, 11, 309, 51044], \"temperature\": 0.0, \"avg_logprob\": -0.2844485640525818, \"compression_ratio\": 1.7066115140914917, \"no_speech_prob\": 0.0003349461767356843}, {\"id\": 12, \"seek\": 2784, \"start\": 41.439998626708984, \"end\": 42.68000030517578, \"text\": \" became obvious that you were into me.\", \"tokens\": [51044, 3062, 6322, 300, 291, 645, 666, 385, 13, 51106], \"temperature\": 0.0, \"avg_logprob\": -0.2844485640525818, \"compression_ratio\": 1.7066115140914917, \"no_speech_prob\": 0.0003349461767356843}, {\"id\": 13, \"seek\": 2784, \"start\": 43.119998931884766, \"end\": 50.31999969482422, \"text\": \" Um, but I needed to, I still like needed to kind of like get you away.\", \"tokens\": [51128, 3301, 11, 457, 286, 2978, 281, 11, 286, 920, 411, 2978, 281, 733, 295, 411, 483, 291, 1314, 13, 51488], \"temperature\": 0.0, \"avg_logprob\": -0.2844485640525818, \"compression_ratio\": 1.7066115140914917, \"no_speech_prob\": 0.0003349461767356843}, {\"id\": 14, \"seek\": 2784, \"start\": 50.720001220703125, \"end\": 51.119998931884766, \"text\": \" Right.\", \"tokens\": [51508, 1779, 13, 51528], \"temperature\": 0.0, \"avg_logprob\": -0.2844485640525818, \"compression_ratio\": 1.7066115140914917, \"no_speech_prob\": 0.0003349461767356843}, {\"id\": 15, \"seek\": 2784, \"start\": 51.2400016784668, \"end\": 53.0, \"text\": \" Like, and I felt like going on a trip would.\", \"tokens\": [51534, 1743, 11, 293, 286, 2762, 411, 516, 322, 257, 4931, 576, 13, 51622], \"temperature\": 0.0, \"avg_logprob\": -0.2844485640525818, \"compression_ratio\": 1.7066115140914917, \"no_speech_prob\": 0.0003349461767356843}]}"}