{"title": "Why women don\u2019t hire dating coaches.", "video_id": "POGiZ9ONRns", "video_url": "https://www.youtube.com/watch?v=POGiZ9ONRns", "description": "", "published_at": "2023-05-03T20:52:56Z", "channel_id": "UC0O-ohYDF4P66HW9XJ4Us8w", "channel_title": "Robbie Kramer", "tags": [], "category_id": "26", "live_broadcast_content": "none", "duration": 28.0, "dimension": "2d", "definition": "hd", "caption": "false", "view_count": 1918, "like_count": 30, "comment_count": 4, "channel_info": {"title": "Robbie Kramer", "description": "I'm Robbie Kramer \ud83c\udf99Host of The Inner Confidence Podcast & Founder of Inner Confidence, Inc.\n\nI lived an exhilarating single life filled with adventures and lessons, and ultimately achieved what I had always aspired to \u2013 finding an amazing, feminine, and loving wife. \n\nI believe my experiences provide a rare balance of wild freedom and committed love, equipping me with the insights to help you navigate the complexities of dating and relationships in today's world. Let me guide you to embrace your desires, improve your social prowess, and ultimately attract the partner who aligns with your highest aspirations.\n\nYou won\u2019t find any fluffy, new-age, or cringy stuff here, just tested, proven and actionable advice that yields results.\n\nApply to join our exclusive Inner Confidence Community of ambitious men who are actively working together to achieve their goals faster   \u25ba https://innerconfidence.com/community\n\nYou can email me at robbie@innerconfidence.com with any questions or comments.\n", "subscriber_count": "1270", "total_views": "604693", "total_videos": "470"}, "comments": [], "file_path": "/Users/aelaguiz/workspace/fc_book/audio/raws/POGiZ9ONRns.mp3", "transcription": "{\"text\": \"I don't think there's many women hiring dating coaches. No, because they don't need, they can call the best friend, get some wine and discuss all the problems. Exactly, you're kind of getting free therapy from each other. Yeah, what I find interesting is that guys don't naturally do that. I never really talked to any of my guy friends about anything dating related. The entire conversation for most guys, it's like, oh yeah, that girl's hot. Yeah, yeah, we started hooking up. How was it? Oh, it was good. Amazing body. What an ass, right? Like, like, like no one's even gonna ask like what. \", \"segments\": [{\"id\": 0, \"seek\": 0, \"start\": 0.0, \"end\": 2.4000000953674316, \"text\": \" I don't think there's many women hiring dating coaches.\", \"tokens\": [50364, 286, 500, 380, 519, 456, 311, 867, 2266, 15335, 10689, 17503, 13, 50484], \"temperature\": 0.0, \"avg_logprob\": -0.26271772384643555, \"compression_ratio\": 1.6942857503890991, \"no_speech_prob\": 0.0016415305435657501}, {\"id\": 1, \"seek\": 0, \"start\": 2.4000000953674316, \"end\": 4.800000190734863, \"text\": \" No, because they don't need, they can call the best friend,\", \"tokens\": [50484, 883, 11, 570, 436, 500, 380, 643, 11, 436, 393, 818, 264, 1151, 1277, 11, 50604], \"temperature\": 0.0, \"avg_logprob\": -0.26271772384643555, \"compression_ratio\": 1.6942857503890991, \"no_speech_prob\": 0.0016415305435657501}, {\"id\": 2, \"seek\": 0, \"start\": 4.800000190734863, \"end\": 7.119999885559082, \"text\": \" get some wine and discuss all the problems.\", \"tokens\": [50604, 483, 512, 7209, 293, 2248, 439, 264, 2740, 13, 50720], \"temperature\": 0.0, \"avg_logprob\": -0.26271772384643555, \"compression_ratio\": 1.6942857503890991, \"no_speech_prob\": 0.0016415305435657501}, {\"id\": 3, \"seek\": 0, \"start\": 7.119999885559082, \"end\": 9.4399995803833, \"text\": \" Exactly, you're kind of getting free therapy from each other.\", \"tokens\": [50720, 7587, 11, 291, 434, 733, 295, 1242, 1737, 9492, 490, 1184, 661, 13, 50836], \"temperature\": 0.0, \"avg_logprob\": -0.26271772384643555, \"compression_ratio\": 1.6942857503890991, \"no_speech_prob\": 0.0016415305435657501}, {\"id\": 4, \"seek\": 0, \"start\": 9.4399995803833, \"end\": 12.079999923706055, \"text\": \" Yeah, what I find interesting is that guys don't naturally do that.\", \"tokens\": [50836, 865, 11, 437, 286, 915, 1880, 307, 300, 1074, 500, 380, 8195, 360, 300, 13, 50968], \"temperature\": 0.0, \"avg_logprob\": -0.26271772384643555, \"compression_ratio\": 1.6942857503890991, \"no_speech_prob\": 0.0016415305435657501}, {\"id\": 5, \"seek\": 0, \"start\": 12.079999923706055, \"end\": 16.479999542236328, \"text\": \" I never really talked to any of my guy friends about anything dating related.\", \"tokens\": [50968, 286, 1128, 534, 2825, 281, 604, 295, 452, 2146, 1855, 466, 1340, 10689, 4077, 13, 51188], \"temperature\": 0.0, \"avg_logprob\": -0.26271772384643555, \"compression_ratio\": 1.6942857503890991, \"no_speech_prob\": 0.0016415305435657501}, {\"id\": 6, \"seek\": 0, \"start\": 16.479999542236328, \"end\": 20.15999984741211, \"text\": \" The entire conversation for most guys, it's like, oh yeah, that girl's hot.\", \"tokens\": [51188, 440, 2302, 3761, 337, 881, 1074, 11, 309, 311, 411, 11, 1954, 1338, 11, 300, 2013, 311, 2368, 13, 51372], \"temperature\": 0.0, \"avg_logprob\": -0.26271772384643555, \"compression_ratio\": 1.6942857503890991, \"no_speech_prob\": 0.0016415305435657501}, {\"id\": 7, \"seek\": 0, \"start\": 20.15999984741211, \"end\": 21.440000534057617, \"text\": \" Yeah, yeah, we started hooking up.\", \"tokens\": [51372, 865, 11, 1338, 11, 321, 1409, 1106, 5953, 493, 13, 51436], \"temperature\": 0.0, \"avg_logprob\": -0.26271772384643555, \"compression_ratio\": 1.6942857503890991, \"no_speech_prob\": 0.0016415305435657501}, {\"id\": 8, \"seek\": 0, \"start\": 21.440000534057617, \"end\": 23.440000534057617, \"text\": \" How was it? Oh, it was good. Amazing body.\", \"tokens\": [51436, 1012, 390, 309, 30, 876, 11, 309, 390, 665, 13, 14165, 1772, 13, 51536], \"temperature\": 0.0, \"avg_logprob\": -0.26271772384643555, \"compression_ratio\": 1.6942857503890991, \"no_speech_prob\": 0.0016415305435657501}, {\"id\": 9, \"seek\": 0, \"start\": 23.440000534057617, \"end\": 24.31999969482422, \"text\": \" What an ass, right?\", \"tokens\": [51536, 708, 364, 1256, 11, 558, 30, 51580], \"temperature\": 0.0, \"avg_logprob\": -0.26271772384643555, \"compression_ratio\": 1.6942857503890991, \"no_speech_prob\": 0.0016415305435657501}, {\"id\": 10, \"seek\": 0, \"start\": 24.31999969482422, \"end\": 26.799999237060547, \"text\": \" Like, like, like no one's even gonna ask like what.\", \"tokens\": [51580, 1743, 11, 411, 11, 411, 572, 472, 311, 754, 799, 1029, 411, 437, 13, 51704], \"temperature\": 0.0, \"avg_logprob\": -0.26271772384643555, \"compression_ratio\": 1.6942857503890991, \"no_speech_prob\": 0.0016415305435657501}]}"}