{"title": "The Insane Truth About Why You're Chasing That Girl", "video_id": "PWJod54jkvs", "video_url": "https://www.youtube.com/watch?v=PWJod54jkvs", "description": "", "published_at": "2023-06-10T15:46:17Z", "channel_id": "UC0O-ohYDF4P66HW9XJ4Us8w", "channel_title": "Robbie Kramer", "tags": [], "category_id": "24", "live_broadcast_content": "none", "duration": 33.0, "dimension": "2d", "definition": "hd", "caption": "false", "view_count": 390, "like_count": 13, "comment_count": 0, "channel_info": {"title": "Robbie Kramer", "description": "I'm Robbie Kramer \ud83c\udf99Host of The Inner Confidence Podcast & Founder of Inner Confidence, Inc.\n\nI lived an exhilarating single life filled with adventures and lessons, and ultimately achieved what I had always aspired to \u2013 finding an amazing, feminine, and loving wife. \n\nI believe my experiences provide a rare balance of wild freedom and committed love, equipping me with the insights to help you navigate the complexities of dating and relationships in today's world. Let me guide you to embrace your desires, improve your social prowess, and ultimately attract the partner who aligns with your highest aspirations.\n\nYou won\u2019t find any fluffy, new-age, or cringy stuff here, just tested, proven and actionable advice that yields results.\n\nApply to join our exclusive Inner Confidence Community of ambitious men who are actively working together to achieve their goals faster   \u25ba https://innerconfidence.com/community\n\nYou can email me at robbie@innerconfidence.com with any questions or comments.\n", "subscriber_count": "1270", "total_views": "604693", "total_videos": "470"}, "comments": [], "file_path": "/Users/aelaguiz/workspace/fc_book/audio/raws/PWJod54jkvs.mp3", "transcription": "{\"text\": \"Yeah, you're like, you're basically, you're putting this sexual experience at the very top of your like hierarchy of needs, right? Like, because if I get this, I'm validated, I'm, you know, worthy of these feelings that I want to believe about myself. And then maybe you're also in this fantasy world where if you hook up with this girl, maybe you'll be in this amazing relationship and your life will be perfect, right? There's a huge sort of story to unravel there. Um, and, but, but what you're doing is you're, you're, you know, you're squandering everything else. You're chasing this girl around. \", \"segments\": [{\"id\": 0, \"seek\": 0, \"start\": 0.0, \"end\": 7.380000114440918, \"text\": \" Yeah, you're like, you're basically, you're putting this sexual experience at the very top of your like hierarchy of needs, right?\", \"tokens\": [50364, 865, 11, 291, 434, 411, 11, 291, 434, 1936, 11, 291, 434, 3372, 341, 6701, 1752, 412, 264, 588, 1192, 295, 428, 411, 22333, 295, 2203, 11, 558, 30, 50733], \"temperature\": 0.0, \"avg_logprob\": -0.23989412188529968, \"compression_ratio\": 1.6798560619354248, \"no_speech_prob\": 0.0030272093135863543}, {\"id\": 1, \"seek\": 0, \"start\": 7.380000114440918, \"end\": 14.619999885559082, \"text\": \" Like, because if I get this, I'm validated, I'm, you know, worthy of these feelings that I want to believe about myself.\", \"tokens\": [50733, 1743, 11, 570, 498, 286, 483, 341, 11, 286, 478, 40693, 11, 286, 478, 11, 291, 458, 11, 14829, 295, 613, 6640, 300, 286, 528, 281, 1697, 466, 2059, 13, 51095], \"temperature\": 0.0, \"avg_logprob\": -0.23989412188529968, \"compression_ratio\": 1.6798560619354248, \"no_speech_prob\": 0.0030272093135863543}, {\"id\": 2, \"seek\": 0, \"start\": 14.619999885559082, \"end\": 21.979999542236328, \"text\": \" And then maybe you're also in this fantasy world where if you hook up with this girl, maybe you'll be in this amazing relationship and your life will be perfect, right?\", \"tokens\": [51095, 400, 550, 1310, 291, 434, 611, 294, 341, 13861, 1002, 689, 498, 291, 6328, 493, 365, 341, 2013, 11, 1310, 291, 603, 312, 294, 341, 2243, 2480, 293, 428, 993, 486, 312, 2176, 11, 558, 30, 51463], \"temperature\": 0.0, \"avg_logprob\": -0.23989412188529968, \"compression_ratio\": 1.6798560619354248, \"no_speech_prob\": 0.0030272093135863543}, {\"id\": 3, \"seek\": 0, \"start\": 21.979999542236328, \"end\": 24.420000076293945, \"text\": \" There's a huge sort of story to unravel there.\", \"tokens\": [51463, 821, 311, 257, 2603, 1333, 295, 1657, 281, 40507, 456, 13, 51585], \"temperature\": 0.0, \"avg_logprob\": -0.23989412188529968, \"compression_ratio\": 1.6798560619354248, \"no_speech_prob\": 0.0030272093135863543}, {\"id\": 4, \"seek\": 2442, \"start\": 24.739999771118164, \"end\": 30.600000381469727, \"text\": \" Um, and, but, but what you're doing is you're, you're, you know, you're squandering everything else.\", \"tokens\": [50380, 3301, 11, 293, 11, 457, 11, 457, 437, 291, 434, 884, 307, 291, 434, 11, 291, 434, 11, 291, 458, 11, 291, 434, 2339, 474, 1794, 1203, 1646, 13, 50673], \"temperature\": 0.0, \"avg_logprob\": -0.33282017707824707, \"compression_ratio\": 1.3854166269302368, \"no_speech_prob\": 0.57719886302948}, {\"id\": 5, \"seek\": 2442, \"start\": 30.600000381469727, \"end\": 31.940000534057617, \"text\": \" You're chasing this girl around.\", \"tokens\": [50673, 509, 434, 17876, 341, 2013, 926, 13, 50740], \"temperature\": 0.0, \"avg_logprob\": -0.33282017707824707, \"compression_ratio\": 1.3854166269302368, \"no_speech_prob\": 0.57719886302948}]}"}