{"title": "Daygame Infield Hidden Camera - He Almost Chickens Out But Confident Direct Opener Gets Digits", "video_id": "PwpRkd-9bzM", "video_url": "https://www.youtube.com/watch?v=PwpRkd-9bzM", "description": "To listen to more episodes of the Inner Confidence Podcast, visit the links below:\nWebsite: https://innerconfidence.com/podcast/\niTunes:https://podcasts.apple.com/us/podcast/inner-confidence-podcast/id986699444 \nSpotify: https://open.spotify.com/show/2zkWuTnt7whvnR6CO6oNPV\nRSS: https://innerconfidence.com/series/leverage-podcast/feed/\n\nAnd if you're interested in learning more about my coaching services and connecting with me, check out these links:\nLinkTree: https://linktr.ee/Robbiekramer\nMain Site: https://innerconfidence.com/\nInstagram: https://www.instagram.com/robbie_kramer/\nTikTok: https://www.tiktok.com/@robbie.kramer\nYouTube: https://www.youtube.com/innerconfidence\n\nThank you for tuning in, and I look forward to helping you build your inner confidence and achieve success!\n\nJoin us : https://innerconfidence.com/leverage/\nBook a call with me : https://start.innerconfidence.com/video1\n\n\n#personaldevelopment #selfimprovement #innerconfidence #innerconfidencepodcast #podcast #coaching #success #motivation #inspiration #mindset #datingcoach #relationshipgoals #confidencecoach #selfimprovement #successfulmen", "published_at": "2013-05-24T16:25:30Z", "channel_id": "UC0O-ohYDF4P66HW9XJ4Us8w", "channel_title": "Robbie Kramer", "tags": [], "category_id": "24", "live_broadcast_content": "none", "duration": 57.0, "dimension": "2d", "definition": "sd", "caption": "false", "view_count": 381, "like_count": 2, "comment_count": 2, "channel_info": {"title": "Robbie Kramer", "description": "I'm Robbie Kramer \ud83c\udf99Host of The Inner Confidence Podcast & Founder of Inner Confidence, Inc.\n\nI lived an exhilarating single life filled with adventures and lessons, and ultimately achieved what I had always aspired to \u2013 finding an amazing, feminine, and loving wife. \n\nI believe my experiences provide a rare balance of wild freedom and committed love, equipping me with the insights to help you navigate the complexities of dating and relationships in today's world. Let me guide you to embrace your desires, improve your social prowess, and ultimately attract the partner who aligns with your highest aspirations.\n\nYou won\u2019t find any fluffy, new-age, or cringy stuff here, just tested, proven and actionable advice that yields results.\n\nApply to join our exclusive Inner Confidence Community of ambitious men who are actively working together to achieve their goals faster   \u25ba https://innerconfidence.com/community\n\nYou can email me at robbie@innerconfidence.com with any questions or comments.\n", "subscriber_count": "1270", "total_views": "604693", "total_videos": "470"}, "comments": [], "file_path": "/Users/aelaguiz/workspace/fc_book/audio/raws/PwpRkd-9bzM.mp3", "transcription": "{\"text\": \"I just chased you in here. I made my friend stop. I'm Matt. Hi. Nice to meet you. What's your name? Bianca. Nice to meet you. And your name? Denise. Denise. What's up? You look really pretty. So I couldn't pass you by. I made them stop in the middle of the street. Wow. That's never happened before. But you're going and I'm going. You want to give me your number? We'll stay in touch? Sure. 8310-500. Oh, no. 567. Sorry. 9148. I just changed my number. Name again? Bianca. Bianca. Matt. Nice to meet you, Matt. Hi. Denise.  \", \"segments\": [{\"id\": 0, \"seek\": 0, \"start\": 0.0, \"end\": 21.0, \"text\": \" I just chased you in here. I made my friend stop. I'm Matt.\", \"tokens\": [50364, 286, 445, 33091, 291, 294, 510, 13, 286, 1027, 452, 1277, 1590, 13, 286, 478, 7397, 13, 51414], \"temperature\": 0.0, \"avg_logprob\": -0.2527809739112854, \"compression_ratio\": 1.3916666507720947, \"no_speech_prob\": 0.3878355622291565}, {\"id\": 1, \"seek\": 0, \"start\": 21.0, \"end\": 22.0, \"text\": \" Hi. Nice to meet you.\", \"tokens\": [51414, 2421, 13, 5490, 281, 1677, 291, 13, 51464], \"temperature\": 0.0, \"avg_logprob\": -0.2527809739112854, \"compression_ratio\": 1.3916666507720947, \"no_speech_prob\": 0.3878355622291565}, {\"id\": 2, \"seek\": 0, \"start\": 22.0, \"end\": 23.0, \"text\": \" What's your name?\", \"tokens\": [51464, 708, 311, 428, 1315, 30, 51514], \"temperature\": 0.0, \"avg_logprob\": -0.2527809739112854, \"compression_ratio\": 1.3916666507720947, \"no_speech_prob\": 0.3878355622291565}, {\"id\": 3, \"seek\": 0, \"start\": 23.0, \"end\": 24.0, \"text\": \" Bianca.\", \"tokens\": [51514, 39509, 496, 13, 51564], \"temperature\": 0.0, \"avg_logprob\": -0.2527809739112854, \"compression_ratio\": 1.3916666507720947, \"no_speech_prob\": 0.3878355622291565}, {\"id\": 4, \"seek\": 0, \"start\": 24.0, \"end\": 25.0, \"text\": \" Nice to meet you. And your name?\", \"tokens\": [51564, 5490, 281, 1677, 291, 13, 400, 428, 1315, 30, 51614], \"temperature\": 0.0, \"avg_logprob\": -0.2527809739112854, \"compression_ratio\": 1.3916666507720947, \"no_speech_prob\": 0.3878355622291565}, {\"id\": 5, \"seek\": 0, \"start\": 25.0, \"end\": 26.0, \"text\": \" Denise.\", \"tokens\": [51614, 38133, 13, 51664], \"temperature\": 0.0, \"avg_logprob\": -0.2527809739112854, \"compression_ratio\": 1.3916666507720947, \"no_speech_prob\": 0.3878355622291565}, {\"id\": 6, \"seek\": 0, \"start\": 26.0, \"end\": 27.0, \"text\": \" Denise. What's up?\", \"tokens\": [51664, 38133, 13, 708, 311, 493, 30, 51714], \"temperature\": 0.0, \"avg_logprob\": -0.2527809739112854, \"compression_ratio\": 1.3916666507720947, \"no_speech_prob\": 0.3878355622291565}, {\"id\": 7, \"seek\": 2700, \"start\": 27.0, \"end\": 34.0, \"text\": \" You look really pretty. So I couldn't pass you by. I made them stop in the middle of\", \"tokens\": [50364, 509, 574, 534, 1238, 13, 407, 286, 2809, 380, 1320, 291, 538, 13, 286, 1027, 552, 1590, 294, 264, 2808, 295, 50714], \"temperature\": 0.0, \"avg_logprob\": -0.2542204260826111, \"compression_ratio\": 1.4235293865203857, \"no_speech_prob\": 0.06949460506439209}, {\"id\": 8, \"seek\": 2700, \"start\": 34.0, \"end\": 35.0, \"text\": \" the street.\", \"tokens\": [50714, 264, 4838, 13, 50764], \"temperature\": 0.0, \"avg_logprob\": -0.2542204260826111, \"compression_ratio\": 1.4235293865203857, \"no_speech_prob\": 0.06949460506439209}, {\"id\": 9, \"seek\": 2700, \"start\": 35.0, \"end\": 36.0, \"text\": \" Wow. That's never happened before.\", \"tokens\": [50764, 3153, 13, 663, 311, 1128, 2011, 949, 13, 50814], \"temperature\": 0.0, \"avg_logprob\": -0.2542204260826111, \"compression_ratio\": 1.4235293865203857, \"no_speech_prob\": 0.06949460506439209}, {\"id\": 10, \"seek\": 2700, \"start\": 36.0, \"end\": 39.0, \"text\": \" But you're going and I'm going. You want to give me your number? We'll stay in touch?\", \"tokens\": [50814, 583, 291, 434, 516, 293, 286, 478, 516, 13, 509, 528, 281, 976, 385, 428, 1230, 30, 492, 603, 1754, 294, 2557, 30, 50964], \"temperature\": 0.0, \"avg_logprob\": -0.2542204260826111, \"compression_ratio\": 1.4235293865203857, \"no_speech_prob\": 0.06949460506439209}, {\"id\": 11, \"seek\": 2700, \"start\": 39.0, \"end\": 48.0, \"text\": \" Sure. 8310-500. Oh, no. 567. Sorry. 9148. I just changed my number.\", \"tokens\": [50964, 4894, 13, 30997, 3279, 12, 7526, 13, 876, 11, 572, 13, 19687, 22, 13, 4919, 13, 1722, 7271, 23, 13, 286, 445, 3105, 452, 1230, 13, 51414], \"temperature\": 0.0, \"avg_logprob\": -0.2542204260826111, \"compression_ratio\": 1.4235293865203857, \"no_speech_prob\": 0.06949460506439209}, {\"id\": 12, \"seek\": 2700, \"start\": 48.0, \"end\": 49.0, \"text\": \" Name again?\", \"tokens\": [51414, 13866, 797, 30, 51464], \"temperature\": 0.0, \"avg_logprob\": -0.2542204260826111, \"compression_ratio\": 1.4235293865203857, \"no_speech_prob\": 0.06949460506439209}, {\"id\": 13, \"seek\": 2700, \"start\": 49.0, \"end\": 50.0, \"text\": \" Bianca.\", \"tokens\": [51464, 39509, 496, 13, 51514], \"temperature\": 0.0, \"avg_logprob\": -0.2542204260826111, \"compression_ratio\": 1.4235293865203857, \"no_speech_prob\": 0.06949460506439209}, {\"id\": 14, \"seek\": 2700, \"start\": 50.0, \"end\": 51.0, \"text\": \" Bianca. Matt.\", \"tokens\": [51514, 39509, 496, 13, 7397, 13, 51564], \"temperature\": 0.0, \"avg_logprob\": -0.2542204260826111, \"compression_ratio\": 1.4235293865203857, \"no_speech_prob\": 0.06949460506439209}, {\"id\": 15, \"seek\": 2700, \"start\": 51.0, \"end\": 52.0, \"text\": \" Nice to meet you, Matt.\", \"tokens\": [51564, 5490, 281, 1677, 291, 11, 7397, 13, 51614], \"temperature\": 0.0, \"avg_logprob\": -0.2542204260826111, \"compression_ratio\": 1.4235293865203857, \"no_speech_prob\": 0.06949460506439209}, {\"id\": 16, \"seek\": 2700, \"start\": 52.0, \"end\": 53.0, \"text\": \" Hi. Denise.\", \"tokens\": [51614, 2421, 13, 38133, 13, 51664], \"temperature\": 0.0, \"avg_logprob\": -0.2542204260826111, \"compression_ratio\": 1.4235293865203857, \"no_speech_prob\": 0.06949460506439209}, {\"id\": 17, \"seek\": 2700, \"start\": 53.0, \"end\": 53.0, \"text\": \"\", \"tokens\": [], \"temperature\": 0.0, \"avg_logprob\": -0.2542204260826111, \"compression_ratio\": 1.4235293865203857, \"no_speech_prob\": 0.06949460506439209, \"words\": []}]}"}