{"title": "Wanna hookup abroad?", "video_id": "q4dVcie8to8", "video_url": "https://www.youtube.com/watch?v=q4dVcie8to8", "description": "To listen to more episodes of the Inner Confidence Podcast, visit the links below:\nWebsite: https://innerconfidence.com/podcast/\niTunes:https://podcasts.apple.com/us/podcast/inner-confidence-podcast/id986699444 \nSpotify: https://open.spotify.com/show/2zkWuTnt7whvnR6CO6oNPV\nRSS: https://innerconfidence.com/series/leverage-podcast/feed/\n\nAnd if you're interested in learning more about my coaching services and connecting with me, check out these links:\nLinkTree: https://linktr.ee/Robbiekramer\nMain Site: https://innerconfidence.com/\nInstagram: https://www.instagram.com/robbie_kramer/\nTikTok: https://www.tiktok.com/@robbie.kramer\nYouTube: https://www.youtube.com/innerconfidence\n\nThank you for tuning in, and I look forward to helping you build your inner confidence and achieve success!\n\nJoin us : https://innerconfidence.com/leverage/\nBook a call with me : https://start.innerconfidence.com/video1\n\n\n#personaldevelopment #selfimprovement #innerconfidence #innerconfidencepodcast #podcast #coaching #success #motivation #inspiration #mindset #datingcoach #relationshipgoals #confidencecoach #selfimprovement #successfulmen", "published_at": "2022-12-27T00:53:05Z", "channel_id": "UC0O-ohYDF4P66HW9XJ4Us8w", "channel_title": "Robbie Kramer", "tags": [], "category_id": "26", "live_broadcast_content": "none", "duration": 48.0, "dimension": "2d", "definition": "hd", "caption": "false", "view_count": 139, "like_count": 4, "comment_count": 0, "channel_info": {"title": "Robbie Kramer", "description": "I'm Robbie Kramer \ud83c\udf99Host of The Inner Confidence Podcast & Founder of Inner Confidence, Inc.\n\nI lived an exhilarating single life filled with adventures and lessons, and ultimately achieved what I had always aspired to \u2013 finding an amazing, feminine, and loving wife. \n\nI believe my experiences provide a rare balance of wild freedom and committed love, equipping me with the insights to help you navigate the complexities of dating and relationships in today's world. Let me guide you to embrace your desires, improve your social prowess, and ultimately attract the partner who aligns with your highest aspirations.\n\nYou won\u2019t find any fluffy, new-age, or cringy stuff here, just tested, proven and actionable advice that yields results.\n\nApply to join our exclusive Inner Confidence Community of ambitious men who are actively working together to achieve their goals faster   \u25ba https://innerconfidence.com/community\n\nYou can email me at robbie@innerconfidence.com with any questions or comments.\n", "subscriber_count": "1270", "total_views": "604693", "total_videos": "470"}, "comments": [], "file_path": "/Users/aelaguiz/workspace/fc_book/audio/raws/q4dVcie8to8.mp3", "transcription": "{\"text\": \"Okyo or Osaka, Japan? He said, just walk to any Irish pub, rally the solo gringos drinking alone, and go out for a crazy club night. Easiest place to hook up with at night, to hook up at a night. He said, I would skip Europe for now during winter, but happy to give my hit list for the summer. And his hit list for the summer was Columbia starting in Bogota. Best if you speak Spanish, easy to meet girls, friend zone some, Costa Rica, look for Salinas Hostels and get a private room. Go to Tulum, sign up for a yoga retreat. So any, like, again, South America, in the winter, in the Northern Hemisphere, you wanna go somewhere where it's warm, which is the Southern Hemisphere, right? So go to South America. In the summer, you wanna go to Eastern Europe. \", \"segments\": [{\"id\": 0, \"seek\": 0, \"start\": 0.0, \"end\": 2.0799999237060547, \"text\": \" Okyo or Osaka, Japan?\", \"tokens\": [50364, 422, 4133, 78, 420, 46425, 11, 3367, 30, 50468], \"temperature\": 0.0, \"avg_logprob\": -0.27597811818122864, \"compression_ratio\": 1.587591290473938, \"no_speech_prob\": 0.19556762278079987}, {\"id\": 1, \"seek\": 0, \"start\": 2.0799999237060547, \"end\": 4.539999961853027, \"text\": \" He said, just walk to any Irish pub,\", \"tokens\": [50468, 634, 848, 11, 445, 1792, 281, 604, 16801, 1535, 11, 50591], \"temperature\": 0.0, \"avg_logprob\": -0.27597811818122864, \"compression_ratio\": 1.587591290473938, \"no_speech_prob\": 0.19556762278079987}, {\"id\": 2, \"seek\": 0, \"start\": 4.539999961853027, \"end\": 7.900000095367432, \"text\": \" rally the solo gringos drinking alone,\", \"tokens\": [50591, 17584, 264, 6944, 677, 278, 329, 7583, 3312, 11, 50759], \"temperature\": 0.0, \"avg_logprob\": -0.27597811818122864, \"compression_ratio\": 1.587591290473938, \"no_speech_prob\": 0.19556762278079987}, {\"id\": 3, \"seek\": 0, \"start\": 7.900000095367432, \"end\": 10.5, \"text\": \" and go out for a crazy club night.\", \"tokens\": [50759, 293, 352, 484, 337, 257, 3219, 6482, 1818, 13, 50889], \"temperature\": 0.0, \"avg_logprob\": -0.27597811818122864, \"compression_ratio\": 1.587591290473938, \"no_speech_prob\": 0.19556762278079987}, {\"id\": 4, \"seek\": 0, \"start\": 10.5, \"end\": 12.460000038146973, \"text\": \" Easiest place to hook up with at night,\", \"tokens\": [50889, 46879, 6495, 1081, 281, 6328, 493, 365, 412, 1818, 11, 50987], \"temperature\": 0.0, \"avg_logprob\": -0.27597811818122864, \"compression_ratio\": 1.587591290473938, \"no_speech_prob\": 0.19556762278079987}, {\"id\": 5, \"seek\": 0, \"start\": 12.460000038146973, \"end\": 13.65999984741211, \"text\": \" to hook up at a night.\", \"tokens\": [50987, 281, 6328, 493, 412, 257, 1818, 13, 51047], \"temperature\": 0.0, \"avg_logprob\": -0.27597811818122864, \"compression_ratio\": 1.587591290473938, \"no_speech_prob\": 0.19556762278079987}, {\"id\": 6, \"seek\": 0, \"start\": 13.65999984741211, \"end\": 16.219999313354492, \"text\": \" He said, I would skip Europe for now during winter,\", \"tokens\": [51047, 634, 848, 11, 286, 576, 10023, 3315, 337, 586, 1830, 6355, 11, 51175], \"temperature\": 0.0, \"avg_logprob\": -0.27597811818122864, \"compression_ratio\": 1.587591290473938, \"no_speech_prob\": 0.19556762278079987}, {\"id\": 7, \"seek\": 0, \"start\": 16.219999313354492, \"end\": 18.920000076293945, \"text\": \" but happy to give my hit list for the summer.\", \"tokens\": [51175, 457, 2055, 281, 976, 452, 2045, 1329, 337, 264, 4266, 13, 51310], \"temperature\": 0.0, \"avg_logprob\": -0.27597811818122864, \"compression_ratio\": 1.587591290473938, \"no_speech_prob\": 0.19556762278079987}, {\"id\": 8, \"seek\": 0, \"start\": 18.920000076293945, \"end\": 20.059999465942383, \"text\": \" And his hit list for the summer\", \"tokens\": [51310, 400, 702, 2045, 1329, 337, 264, 4266, 51367], \"temperature\": 0.0, \"avg_logprob\": -0.27597811818122864, \"compression_ratio\": 1.587591290473938, \"no_speech_prob\": 0.19556762278079987}, {\"id\": 9, \"seek\": 0, \"start\": 20.059999465942383, \"end\": 21.899999618530273, \"text\": \" was Columbia starting in Bogota.\", \"tokens\": [51367, 390, 17339, 2891, 294, 24339, 5377, 13, 51459], \"temperature\": 0.0, \"avg_logprob\": -0.27597811818122864, \"compression_ratio\": 1.587591290473938, \"no_speech_prob\": 0.19556762278079987}, {\"id\": 10, \"seek\": 0, \"start\": 21.899999618530273, \"end\": 24.139999389648438, \"text\": \" Best if you speak Spanish, easy to meet girls,\", \"tokens\": [51459, 9752, 498, 291, 1710, 8058, 11, 1858, 281, 1677, 4519, 11, 51571], \"temperature\": 0.0, \"avg_logprob\": -0.27597811818122864, \"compression_ratio\": 1.587591290473938, \"no_speech_prob\": 0.19556762278079987}, {\"id\": 11, \"seek\": 0, \"start\": 24.139999389648438, \"end\": 26.420000076293945, \"text\": \" friend zone some, Costa Rica,\", \"tokens\": [51571, 1277, 6668, 512, 11, 28440, 42080, 11, 51685], \"temperature\": 0.0, \"avg_logprob\": -0.27597811818122864, \"compression_ratio\": 1.587591290473938, \"no_speech_prob\": 0.19556762278079987}, {\"id\": 12, \"seek\": 2642, \"start\": 26.440000534057617, \"end\": 30.68000030517578, \"text\": \" look for Salinas Hostels and get a private room.\", \"tokens\": [50365, 574, 337, 5996, 17094, 22047, 1625, 293, 483, 257, 4551, 1808, 13, 50577], \"temperature\": 0.0, \"avg_logprob\": -0.2997484505176544, \"compression_ratio\": 1.5763546228408813, \"no_speech_prob\": 0.21983008086681366}, {\"id\": 13, \"seek\": 2642, \"start\": 30.68000030517578, \"end\": 32.779998779296875, \"text\": \" Go to Tulum, sign up for a yoga retreat.\", \"tokens\": [50577, 1037, 281, 314, 11560, 11, 1465, 493, 337, 257, 15128, 15505, 13, 50682], \"temperature\": 0.0, \"avg_logprob\": -0.2997484505176544, \"compression_ratio\": 1.5763546228408813, \"no_speech_prob\": 0.21983008086681366}, {\"id\": 14, \"seek\": 2642, \"start\": 34.08000183105469, \"end\": 36.959999084472656, \"text\": \" So any, like, again, South America,\", \"tokens\": [50747, 407, 604, 11, 411, 11, 797, 11, 4242, 3374, 11, 50891], \"temperature\": 0.0, \"avg_logprob\": -0.2997484505176544, \"compression_ratio\": 1.5763546228408813, \"no_speech_prob\": 0.21983008086681366}, {\"id\": 15, \"seek\": 2642, \"start\": 36.959999084472656, \"end\": 39.0, \"text\": \" in the winter, in the Northern Hemisphere,\", \"tokens\": [50891, 294, 264, 6355, 11, 294, 264, 14335, 18568, 31048, 11, 50993], \"temperature\": 0.0, \"avg_logprob\": -0.2997484505176544, \"compression_ratio\": 1.5763546228408813, \"no_speech_prob\": 0.21983008086681366}, {\"id\": 16, \"seek\": 2642, \"start\": 39.0, \"end\": 41.36000061035156, \"text\": \" you wanna go somewhere where it's warm,\", \"tokens\": [50993, 291, 1948, 352, 4079, 689, 309, 311, 4561, 11, 51111], \"temperature\": 0.0, \"avg_logprob\": -0.2997484505176544, \"compression_ratio\": 1.5763546228408813, \"no_speech_prob\": 0.21983008086681366}, {\"id\": 17, \"seek\": 2642, \"start\": 41.36000061035156, \"end\": 43.2599983215332, \"text\": \" which is the Southern Hemisphere, right?\", \"tokens\": [51111, 597, 307, 264, 13724, 18568, 31048, 11, 558, 30, 51206], \"temperature\": 0.0, \"avg_logprob\": -0.2997484505176544, \"compression_ratio\": 1.5763546228408813, \"no_speech_prob\": 0.21983008086681366}, {\"id\": 18, \"seek\": 2642, \"start\": 43.2599983215332, \"end\": 45.29999923706055, \"text\": \" So go to South America.\", \"tokens\": [51206, 407, 352, 281, 4242, 3374, 13, 51308], \"temperature\": 0.0, \"avg_logprob\": -0.2997484505176544, \"compression_ratio\": 1.5763546228408813, \"no_speech_prob\": 0.21983008086681366}, {\"id\": 19, \"seek\": 2642, \"start\": 45.29999923706055, \"end\": 47.599998474121094, \"text\": \" In the summer, you wanna go to Eastern Europe.\", \"tokens\": [51308, 682, 264, 4266, 11, 291, 1948, 352, 281, 12901, 3315, 13, 51423], \"temperature\": 0.0, \"avg_logprob\": -0.2997484505176544, \"compression_ratio\": 1.5763546228408813, \"no_speech_prob\": 0.21983008086681366}]}"}