{"title": "Unraveling the Mystery of Unshakeable Trust: Lessons from an Older Couple\u2019s Unaffected Love (Ep 250)", "video_id": "qrYkv7Ep4xg", "video_url": "https://www.youtube.com/watch?v=qrYkv7Ep4xg", "description": "", "published_at": "2023-10-06T18:01:07Z", "channel_id": "UC0O-ohYDF4P66HW9XJ4Us8w", "channel_title": "Robbie Kramer", "tags": [], "category_id": "24", "live_broadcast_content": "none", "duration": 52.0, "dimension": "2d", "definition": "hd", "caption": "false", "view_count": 181, "like_count": 7, "comment_count": 1, "channel_info": {"title": "Robbie Kramer", "description": "I'm Robbie Kramer \ud83c\udf99Host of The Inner Confidence Podcast & Founder of Inner Confidence, Inc.\n\nI lived an exhilarating single life filled with adventures and lessons, and ultimately achieved what I had always aspired to \u2013 finding an amazing, feminine, and loving wife. \n\nI believe my experiences provide a rare balance of wild freedom and committed love, equipping me with the insights to help you navigate the complexities of dating and relationships in today's world. Let me guide you to embrace your desires, improve your social prowess, and ultimately attract the partner who aligns with your highest aspirations.\n\nYou won\u2019t find any fluffy, new-age, or cringy stuff here, just tested, proven and actionable advice that yields results.\n\nApply to join our exclusive Inner Confidence Community of ambitious men who are actively working together to achieve their goals faster   \u25ba https://innerconfidence.com/community\n\nYou can email me at robbie@innerconfidence.com with any questions or comments.\n", "subscriber_count": "1270", "total_views": "604693", "total_videos": "470"}, "comments": [], "file_path": "/Users/aelaguiz/workspace/fc_book/audio/raws/qrYkv7Ep4xg.mp3", "transcription": "{\"text\": \"She's seeing an older couple. I wanna go up and ask them what's their secret. It was very simple for me, and I broke it down for her. Their secret is, today's world, you know how many contacts you have? I texted you at two this morning. Your wife could've assumed it was someone else, even if she didn't, and she would've said, who's that texting me? Even though it was on D&D, if it wasn't, she would've woke up, you would've woke up, 2 a.m. in the morning, regardless if it was me or not. And you can't tell me that feels good to anyone, that your partner is getting text messages at two, three in the morning. So, those old people's secret is that they never had to have that emotion. They never had to ask those questions. That wasn't part of their bullshit. You go through my DMs right now, men and women sending me raunchy stuff, negative stuff, positive stuff, but at the end of the day, they never had to go through that. They never had to have that emotion of somebody is trying to get with my partner because if you didn't work or live around that area, go to a grocery store, you didn't see anyone else. \", \"segments\": [{\"id\": 0, \"seek\": 0, \"start\": 0.0, \"end\": 1.2400000095367432, \"text\": \" She's seeing an older couple.\", \"tokens\": [50364, 1240, 311, 2577, 364, 4906, 1916, 13, 50426], \"temperature\": 0.0, \"avg_logprob\": -0.24423202872276306, \"compression_ratio\": 1.8078947067260742, \"no_speech_prob\": 0.007341321092098951}, {\"id\": 1, \"seek\": 0, \"start\": 1.2400000095367432, \"end\": 2.880000114440918, \"text\": \" I wanna go up and ask them what's their secret.\", \"tokens\": [50426, 286, 1948, 352, 493, 293, 1029, 552, 437, 311, 641, 4054, 13, 50508], \"temperature\": 0.0, \"avg_logprob\": -0.24423202872276306, \"compression_ratio\": 1.8078947067260742, \"no_speech_prob\": 0.007341321092098951}, {\"id\": 2, \"seek\": 0, \"start\": 2.880000114440918, \"end\": 5.579999923706055, \"text\": \" It was very simple for me, and I broke it down for her.\", \"tokens\": [50508, 467, 390, 588, 2199, 337, 385, 11, 293, 286, 6902, 309, 760, 337, 720, 13, 50643], \"temperature\": 0.0, \"avg_logprob\": -0.24423202872276306, \"compression_ratio\": 1.8078947067260742, \"no_speech_prob\": 0.007341321092098951}, {\"id\": 3, \"seek\": 0, \"start\": 5.579999923706055, \"end\": 7.559999942779541, \"text\": \" Their secret is, today's world,\", \"tokens\": [50643, 6710, 4054, 307, 11, 965, 311, 1002, 11, 50742], \"temperature\": 0.0, \"avg_logprob\": -0.24423202872276306, \"compression_ratio\": 1.8078947067260742, \"no_speech_prob\": 0.007341321092098951}, {\"id\": 4, \"seek\": 0, \"start\": 7.559999942779541, \"end\": 8.760000228881836, \"text\": \" you know how many contacts you have?\", \"tokens\": [50742, 291, 458, 577, 867, 15836, 291, 362, 30, 50802], \"temperature\": 0.0, \"avg_logprob\": -0.24423202872276306, \"compression_ratio\": 1.8078947067260742, \"no_speech_prob\": 0.007341321092098951}, {\"id\": 5, \"seek\": 0, \"start\": 8.760000228881836, \"end\": 10.399999618530273, \"text\": \" I texted you at two this morning.\", \"tokens\": [50802, 286, 42553, 291, 412, 732, 341, 2446, 13, 50884], \"temperature\": 0.0, \"avg_logprob\": -0.24423202872276306, \"compression_ratio\": 1.8078947067260742, \"no_speech_prob\": 0.007341321092098951}, {\"id\": 6, \"seek\": 0, \"start\": 10.399999618530273, \"end\": 12.319999694824219, \"text\": \" Your wife could've assumed it was someone else,\", \"tokens\": [50884, 2260, 3836, 727, 600, 15895, 309, 390, 1580, 1646, 11, 50980], \"temperature\": 0.0, \"avg_logprob\": -0.24423202872276306, \"compression_ratio\": 1.8078947067260742, \"no_speech_prob\": 0.007341321092098951}, {\"id\": 7, \"seek\": 0, \"start\": 12.319999694824219, \"end\": 14.0, \"text\": \" even if she didn't, and she would've said,\", \"tokens\": [50980, 754, 498, 750, 994, 380, 11, 293, 750, 576, 600, 848, 11, 51064], \"temperature\": 0.0, \"avg_logprob\": -0.24423202872276306, \"compression_ratio\": 1.8078947067260742, \"no_speech_prob\": 0.007341321092098951}, {\"id\": 8, \"seek\": 0, \"start\": 14.0, \"end\": 14.960000038146973, \"text\": \" who's that texting me?\", \"tokens\": [51064, 567, 311, 300, 29897, 385, 30, 51112], \"temperature\": 0.0, \"avg_logprob\": -0.24423202872276306, \"compression_ratio\": 1.8078947067260742, \"no_speech_prob\": 0.007341321092098951}, {\"id\": 9, \"seek\": 0, \"start\": 14.960000038146973, \"end\": 16.780000686645508, \"text\": \" Even though it was on D&D, if it wasn't,\", \"tokens\": [51112, 2754, 1673, 309, 390, 322, 413, 5, 35, 11, 498, 309, 2067, 380, 11, 51203], \"temperature\": 0.0, \"avg_logprob\": -0.24423202872276306, \"compression_ratio\": 1.8078947067260742, \"no_speech_prob\": 0.007341321092098951}, {\"id\": 10, \"seek\": 0, \"start\": 16.780000686645508, \"end\": 18.0, \"text\": \" she would've woke up, you would've woke up,\", \"tokens\": [51203, 750, 576, 600, 12852, 493, 11, 291, 576, 600, 12852, 493, 11, 51264], \"temperature\": 0.0, \"avg_logprob\": -0.24423202872276306, \"compression_ratio\": 1.8078947067260742, \"no_speech_prob\": 0.007341321092098951}, {\"id\": 11, \"seek\": 0, \"start\": 18.0, \"end\": 20.479999542236328, \"text\": \" 2 a.m. in the morning, regardless if it was me or not.\", \"tokens\": [51264, 568, 257, 13, 76, 13, 294, 264, 2446, 11, 10060, 498, 309, 390, 385, 420, 406, 13, 51388], \"temperature\": 0.0, \"avg_logprob\": -0.24423202872276306, \"compression_ratio\": 1.8078947067260742, \"no_speech_prob\": 0.007341321092098951}, {\"id\": 12, \"seek\": 0, \"start\": 20.479999542236328, \"end\": 22.479999542236328, \"text\": \" And you can't tell me that feels good to anyone,\", \"tokens\": [51388, 400, 291, 393, 380, 980, 385, 300, 3417, 665, 281, 2878, 11, 51488], \"temperature\": 0.0, \"avg_logprob\": -0.24423202872276306, \"compression_ratio\": 1.8078947067260742, \"no_speech_prob\": 0.007341321092098951}, {\"id\": 13, \"seek\": 0, \"start\": 22.479999542236328, \"end\": 24.0, \"text\": \" that your partner is getting text messages\", \"tokens\": [51488, 300, 428, 4975, 307, 1242, 2487, 7897, 51564], \"temperature\": 0.0, \"avg_logprob\": -0.24423202872276306, \"compression_ratio\": 1.8078947067260742, \"no_speech_prob\": 0.007341321092098951}, {\"id\": 14, \"seek\": 0, \"start\": 24.0, \"end\": 24.84000015258789, \"text\": \" at two, three in the morning.\", \"tokens\": [51564, 412, 732, 11, 1045, 294, 264, 2446, 13, 51606], \"temperature\": 0.0, \"avg_logprob\": -0.24423202872276306, \"compression_ratio\": 1.8078947067260742, \"no_speech_prob\": 0.007341321092098951}, {\"id\": 15, \"seek\": 0, \"start\": 24.84000015258789, \"end\": 26.959999084472656, \"text\": \" So, those old people's secret is\", \"tokens\": [51606, 407, 11, 729, 1331, 561, 311, 4054, 307, 51712], \"temperature\": 0.0, \"avg_logprob\": -0.24423202872276306, \"compression_ratio\": 1.8078947067260742, \"no_speech_prob\": 0.007341321092098951}, {\"id\": 16, \"seek\": 0, \"start\": 26.959999084472656, \"end\": 29.760000228881836, \"text\": \" that they never had to have that emotion.\", \"tokens\": [51712, 300, 436, 1128, 632, 281, 362, 300, 8913, 13, 51852], \"temperature\": 0.0, \"avg_logprob\": -0.24423202872276306, \"compression_ratio\": 1.8078947067260742, \"no_speech_prob\": 0.007341321092098951}, {\"id\": 17, \"seek\": 2976, \"start\": 29.799999237060547, \"end\": 31.479999542236328, \"text\": \" They never had to ask those questions.\", \"tokens\": [50366, 814, 1128, 632, 281, 1029, 729, 1651, 13, 50450], \"temperature\": 0.0, \"avg_logprob\": -0.2597818374633789, \"compression_ratio\": 1.724696397781372, \"no_speech_prob\": 0.0014324889052659273}, {\"id\": 18, \"seek\": 2976, \"start\": 31.479999542236328, \"end\": 33.0, \"text\": \" That wasn't part of their bullshit.\", \"tokens\": [50450, 663, 2067, 380, 644, 295, 641, 22676, 13, 50526], \"temperature\": 0.0, \"avg_logprob\": -0.2597818374633789, \"compression_ratio\": 1.724696397781372, \"no_speech_prob\": 0.0014324889052659273}, {\"id\": 19, \"seek\": 2976, \"start\": 33.0, \"end\": 34.63999938964844, \"text\": \" You go through my DMs right now,\", \"tokens\": [50526, 509, 352, 807, 452, 15322, 82, 558, 586, 11, 50608], \"temperature\": 0.0, \"avg_logprob\": -0.2597818374633789, \"compression_ratio\": 1.724696397781372, \"no_speech_prob\": 0.0014324889052659273}, {\"id\": 20, \"seek\": 2976, \"start\": 34.63999938964844, \"end\": 37.20000076293945, \"text\": \" men and women sending me raunchy stuff,\", \"tokens\": [50608, 1706, 293, 2266, 7750, 385, 3342, 1680, 88, 1507, 11, 50736], \"temperature\": 0.0, \"avg_logprob\": -0.2597818374633789, \"compression_ratio\": 1.724696397781372, \"no_speech_prob\": 0.0014324889052659273}, {\"id\": 21, \"seek\": 2976, \"start\": 37.20000076293945, \"end\": 38.720001220703125, \"text\": \" negative stuff, positive stuff,\", \"tokens\": [50736, 3671, 1507, 11, 3353, 1507, 11, 50812], \"temperature\": 0.0, \"avg_logprob\": -0.2597818374633789, \"compression_ratio\": 1.724696397781372, \"no_speech_prob\": 0.0014324889052659273}, {\"id\": 22, \"seek\": 2976, \"start\": 38.720001220703125, \"end\": 39.63999938964844, \"text\": \" but at the end of the day,\", \"tokens\": [50812, 457, 412, 264, 917, 295, 264, 786, 11, 50858], \"temperature\": 0.0, \"avg_logprob\": -0.2597818374633789, \"compression_ratio\": 1.724696397781372, \"no_speech_prob\": 0.0014324889052659273}, {\"id\": 23, \"seek\": 2976, \"start\": 39.63999938964844, \"end\": 41.720001220703125, \"text\": \" they never had to go through that.\", \"tokens\": [50858, 436, 1128, 632, 281, 352, 807, 300, 13, 50962], \"temperature\": 0.0, \"avg_logprob\": -0.2597818374633789, \"compression_ratio\": 1.724696397781372, \"no_speech_prob\": 0.0014324889052659273}, {\"id\": 24, \"seek\": 2976, \"start\": 41.720001220703125, \"end\": 43.68000030517578, \"text\": \" They never had to have that emotion\", \"tokens\": [50962, 814, 1128, 632, 281, 362, 300, 8913, 51060], \"temperature\": 0.0, \"avg_logprob\": -0.2597818374633789, \"compression_ratio\": 1.724696397781372, \"no_speech_prob\": 0.0014324889052659273}, {\"id\": 25, \"seek\": 2976, \"start\": 43.68000030517578, \"end\": 46.08000183105469, \"text\": \" of somebody is trying to get with my partner\", \"tokens\": [51060, 295, 2618, 307, 1382, 281, 483, 365, 452, 4975, 51180], \"temperature\": 0.0, \"avg_logprob\": -0.2597818374633789, \"compression_ratio\": 1.724696397781372, \"no_speech_prob\": 0.0014324889052659273}, {\"id\": 26, \"seek\": 2976, \"start\": 46.08000183105469, \"end\": 48.599998474121094, \"text\": \" because if you didn't work or live around that area,\", \"tokens\": [51180, 570, 498, 291, 994, 380, 589, 420, 1621, 926, 300, 1859, 11, 51306], \"temperature\": 0.0, \"avg_logprob\": -0.2597818374633789, \"compression_ratio\": 1.724696397781372, \"no_speech_prob\": 0.0014324889052659273}, {\"id\": 27, \"seek\": 2976, \"start\": 48.599998474121094, \"end\": 50.79999923706055, \"text\": \" go to a grocery store, you didn't see anyone else.\", \"tokens\": [51306, 352, 281, 257, 14410, 3531, 11, 291, 994, 380, 536, 2878, 1646, 13, 51416], \"temperature\": 0.0, \"avg_logprob\": -0.2597818374633789, \"compression_ratio\": 1.724696397781372, \"no_speech_prob\": 0.0014324889052659273}]}"}