{"title": "How rappers \u201cmake it rain\u201d in the club without spending anything\u2026 (Ep 250) #innerconfidencepodcast", "video_id": "qT4YS9J7oPE", "video_url": "https://www.youtube.com/watch?v=qT4YS9J7oPE", "description": "", "published_at": "2023-09-28T14:30:27Z", "channel_id": "UC0O-ohYDF4P66HW9XJ4Us8w", "channel_title": "Robbie Kramer", "tags": [], "category_id": "24", "live_broadcast_content": "none", "duration": 50.0, "dimension": "2d", "definition": "hd", "caption": "false", "view_count": 5181, "like_count": 215, "comment_count": 1, "channel_info": {"title": "Robbie Kramer", "description": "I'm Robbie Kramer \ud83c\udf99Host of The Inner Confidence Podcast & Founder of Inner Confidence, Inc.\n\nI lived an exhilarating single life filled with adventures and lessons, and ultimately achieved what I had always aspired to \u2013 finding an amazing, feminine, and loving wife. \n\nI believe my experiences provide a rare balance of wild freedom and committed love, equipping me with the insights to help you navigate the complexities of dating and relationships in today's world. Let me guide you to embrace your desires, improve your social prowess, and ultimately attract the partner who aligns with your highest aspirations.\n\nYou won\u2019t find any fluffy, new-age, or cringy stuff here, just tested, proven and actionable advice that yields results.\n\nApply to join our exclusive Inner Confidence Community of ambitious men who are actively working together to achieve their goals faster   \u25ba https://innerconfidence.com/community\n\nYou can email me at robbie@innerconfidence.com with any questions or comments.\n", "subscriber_count": "1270", "total_views": "604693", "total_videos": "470"}, "comments": [], "file_path": "/Users/aelaguiz/workspace/fc_book/audio/raws/qT4YS9J7oPE.mp3", "transcription": "{\"text\": \"I'm going to spend some free game. A lot of guys see these rappers and athletes, you know, when they have these big bags, double bags of money, all these ones. See, I run with these guys just like I bulletproof my cars. They get to write it off on their taxes. You see how Oprah and Ellen, they always give out stuff at the end of the show. They get to write that off on their taxes. They get to say how much those receipts were. When those rappers go to those strip clubs, they don't say that they were hosting. They don't say that, but they were when they're on that job and they take out all that money and throw it. That was part of the job. That's the write off. So now they're looking like some crazy ballers, right? Like Drake throwing five hundred thousand dollars in the air. But Drake just wrote off almost a million bucks. Then he got the video, got the look, got the everything, got the girls popping that ass, all that, all that. And he just wrote it off. Yeah. But then you catch the dummies out here trying to keep up with the Joneses. You're using your real cash, dummy. Yeah. \", \"segments\": [{\"id\": 0, \"seek\": 0, \"start\": 0.0, \"end\": 1.159999966621399, \"text\": \" I'm going to spend some free game.\", \"tokens\": [50364, 286, 478, 516, 281, 3496, 512, 1737, 1216, 13, 50422], \"temperature\": 0.0, \"avg_logprob\": -0.2997986376285553, \"compression_ratio\": 1.9139466285705566, \"no_speech_prob\": 0.04530470818281174}, {\"id\": 1, \"seek\": 0, \"start\": 1.159999966621399, \"end\": 4.039999961853027, \"text\": \" A lot of guys see these rappers and athletes, you know,\", \"tokens\": [50422, 316, 688, 295, 1074, 536, 613, 45025, 293, 13820, 11, 291, 458, 11, 50566], \"temperature\": 0.0, \"avg_logprob\": -0.2997986376285553, \"compression_ratio\": 1.9139466285705566, \"no_speech_prob\": 0.04530470818281174}, {\"id\": 2, \"seek\": 0, \"start\": 4.039999961853027, \"end\": 6.800000190734863, \"text\": \" when they have these big bags, double bags of money, all these ones.\", \"tokens\": [50566, 562, 436, 362, 613, 955, 10405, 11, 3834, 10405, 295, 1460, 11, 439, 613, 2306, 13, 50704], \"temperature\": 0.0, \"avg_logprob\": -0.2997986376285553, \"compression_ratio\": 1.9139466285705566, \"no_speech_prob\": 0.04530470818281174}, {\"id\": 3, \"seek\": 0, \"start\": 7.079999923706055, \"end\": 9.720000267028809, \"text\": \" See, I run with these guys just like I bulletproof my cars.\", \"tokens\": [50718, 3008, 11, 286, 1190, 365, 613, 1074, 445, 411, 286, 11632, 15690, 452, 5163, 13, 50850], \"temperature\": 0.0, \"avg_logprob\": -0.2997986376285553, \"compression_ratio\": 1.9139466285705566, \"no_speech_prob\": 0.04530470818281174}, {\"id\": 4, \"seek\": 0, \"start\": 9.760000228881836, \"end\": 11.15999984741211, \"text\": \" They get to write it off on their taxes.\", \"tokens\": [50852, 814, 483, 281, 2464, 309, 766, 322, 641, 10041, 13, 50922], \"temperature\": 0.0, \"avg_logprob\": -0.2997986376285553, \"compression_ratio\": 1.9139466285705566, \"no_speech_prob\": 0.04530470818281174}, {\"id\": 5, \"seek\": 0, \"start\": 11.15999984741211, \"end\": 14.520000457763672, \"text\": \" You see how Oprah and Ellen, they always give out stuff at the end of the show.\", \"tokens\": [50922, 509, 536, 577, 43804, 293, 462, 19191, 11, 436, 1009, 976, 484, 1507, 412, 264, 917, 295, 264, 855, 13, 51090], \"temperature\": 0.0, \"avg_logprob\": -0.2997986376285553, \"compression_ratio\": 1.9139466285705566, \"no_speech_prob\": 0.04530470818281174}, {\"id\": 6, \"seek\": 0, \"start\": 14.520000457763672, \"end\": 16.31999969482422, \"text\": \" They get to write that off on their taxes.\", \"tokens\": [51090, 814, 483, 281, 2464, 300, 766, 322, 641, 10041, 13, 51180], \"temperature\": 0.0, \"avg_logprob\": -0.2997986376285553, \"compression_ratio\": 1.9139466285705566, \"no_speech_prob\": 0.04530470818281174}, {\"id\": 7, \"seek\": 0, \"start\": 16.31999969482422, \"end\": 17.760000228881836, \"text\": \" They get to say how much those receipts were.\", \"tokens\": [51180, 814, 483, 281, 584, 577, 709, 729, 2268, 48908, 645, 13, 51252], \"temperature\": 0.0, \"avg_logprob\": -0.2997986376285553, \"compression_ratio\": 1.9139466285705566, \"no_speech_prob\": 0.04530470818281174}, {\"id\": 8, \"seek\": 0, \"start\": 17.760000228881836, \"end\": 20.200000762939453, \"text\": \" When those rappers go to those strip clubs,\", \"tokens\": [51252, 1133, 729, 45025, 352, 281, 729, 12828, 15428, 11, 51374], \"temperature\": 0.0, \"avg_logprob\": -0.2997986376285553, \"compression_ratio\": 1.9139466285705566, \"no_speech_prob\": 0.04530470818281174}, {\"id\": 9, \"seek\": 0, \"start\": 20.239999771118164, \"end\": 22.559999465942383, \"text\": \" they don't say that they were hosting.\", \"tokens\": [51376, 436, 500, 380, 584, 300, 436, 645, 16058, 13, 51492], \"temperature\": 0.0, \"avg_logprob\": -0.2997986376285553, \"compression_ratio\": 1.9139466285705566, \"no_speech_prob\": 0.04530470818281174}, {\"id\": 10, \"seek\": 0, \"start\": 22.600000381469727, \"end\": 24.920000076293945, \"text\": \" They don't say that, but they were when they're on that job\", \"tokens\": [51494, 814, 500, 380, 584, 300, 11, 457, 436, 645, 562, 436, 434, 322, 300, 1691, 51610], \"temperature\": 0.0, \"avg_logprob\": -0.2997986376285553, \"compression_ratio\": 1.9139466285705566, \"no_speech_prob\": 0.04530470818281174}, {\"id\": 11, \"seek\": 0, \"start\": 24.920000076293945, \"end\": 27.040000915527344, \"text\": \" and they take out all that money and throw it.\", \"tokens\": [51610, 293, 436, 747, 484, 439, 300, 1460, 293, 3507, 309, 13, 51716], \"temperature\": 0.0, \"avg_logprob\": -0.2997986376285553, \"compression_ratio\": 1.9139466285705566, \"no_speech_prob\": 0.04530470818281174}, {\"id\": 12, \"seek\": 0, \"start\": 27.079999923706055, \"end\": 28.920000076293945, \"text\": \" That was part of the job.\", \"tokens\": [51718, 663, 390, 644, 295, 264, 1691, 13, 51810], \"temperature\": 0.0, \"avg_logprob\": -0.2997986376285553, \"compression_ratio\": 1.9139466285705566, \"no_speech_prob\": 0.04530470818281174}, {\"id\": 13, \"seek\": 2892, \"start\": 28.920000076293945, \"end\": 29.920000076293945, \"text\": \" That's the write off.\", \"tokens\": [50364, 663, 311, 264, 2464, 766, 13, 50414], \"temperature\": 0.0, \"avg_logprob\": -0.3191625475883484, \"compression_ratio\": 1.6579926013946533, \"no_speech_prob\": 0.003592844819650054}, {\"id\": 14, \"seek\": 2892, \"start\": 29.920000076293945, \"end\": 32.880001068115234, \"text\": \" So now they're looking like some crazy ballers, right?\", \"tokens\": [50414, 407, 586, 436, 434, 1237, 411, 512, 3219, 2594, 433, 11, 558, 30, 50562], \"temperature\": 0.0, \"avg_logprob\": -0.3191625475883484, \"compression_ratio\": 1.6579926013946533, \"no_speech_prob\": 0.003592844819650054}, {\"id\": 15, \"seek\": 2892, \"start\": 32.91999816894531, \"end\": 35.36000061035156, \"text\": \" Like Drake throwing five hundred thousand dollars in the air.\", \"tokens\": [50564, 1743, 27465, 10238, 1732, 3262, 4714, 3808, 294, 264, 1988, 13, 50686], \"temperature\": 0.0, \"avg_logprob\": -0.3191625475883484, \"compression_ratio\": 1.6579926013946533, \"no_speech_prob\": 0.003592844819650054}, {\"id\": 16, \"seek\": 2892, \"start\": 35.36000061035156, \"end\": 37.47999954223633, \"text\": \" But Drake just wrote off almost a million bucks.\", \"tokens\": [50686, 583, 27465, 445, 4114, 766, 1920, 257, 2459, 11829, 13, 50792], \"temperature\": 0.0, \"avg_logprob\": -0.3191625475883484, \"compression_ratio\": 1.6579926013946533, \"no_speech_prob\": 0.003592844819650054}, {\"id\": 17, \"seek\": 2892, \"start\": 37.63999938964844, \"end\": 41.0, \"text\": \" Then he got the video, got the look, got the everything, got the girls\", \"tokens\": [50800, 1396, 415, 658, 264, 960, 11, 658, 264, 574, 11, 658, 264, 1203, 11, 658, 264, 4519, 50968], \"temperature\": 0.0, \"avg_logprob\": -0.3191625475883484, \"compression_ratio\": 1.6579926013946533, \"no_speech_prob\": 0.003592844819650054}, {\"id\": 18, \"seek\": 2892, \"start\": 41.0, \"end\": 42.7599983215332, \"text\": \" popping that ass, all that, all that.\", \"tokens\": [50968, 18374, 300, 1256, 11, 439, 300, 11, 439, 300, 13, 51056], \"temperature\": 0.0, \"avg_logprob\": -0.3191625475883484, \"compression_ratio\": 1.6579926013946533, \"no_speech_prob\": 0.003592844819650054}, {\"id\": 19, \"seek\": 2892, \"start\": 42.7599983215332, \"end\": 43.79999923706055, \"text\": \" And he just wrote it off.\", \"tokens\": [51056, 400, 415, 445, 4114, 309, 766, 13, 51108], \"temperature\": 0.0, \"avg_logprob\": -0.3191625475883484, \"compression_ratio\": 1.6579926013946533, \"no_speech_prob\": 0.003592844819650054}, {\"id\": 20, \"seek\": 2892, \"start\": 43.79999923706055, \"end\": 47.119998931884766, \"text\": \" Yeah. But then you catch the dummies out here trying to keep up with the Joneses.\", \"tokens\": [51108, 865, 13, 583, 550, 291, 3745, 264, 16784, 38374, 484, 510, 1382, 281, 1066, 493, 365, 264, 10512, 279, 13, 51274], \"temperature\": 0.0, \"avg_logprob\": -0.3191625475883484, \"compression_ratio\": 1.6579926013946533, \"no_speech_prob\": 0.003592844819650054}, {\"id\": 21, \"seek\": 2892, \"start\": 47.119998931884766, \"end\": 48.91999816894531, \"text\": \" You're using your real cash, dummy. Yeah.\", \"tokens\": [51274, 509, 434, 1228, 428, 957, 6388, 11, 35064, 13, 865, 13, 51364], \"temperature\": 0.0, \"avg_logprob\": -0.3191625475883484, \"compression_ratio\": 1.6579926013946533, \"no_speech_prob\": 0.003592844819650054}]}"}