{"title": "The difference between a man in his 20\u2019s and 30\u2019s\u2026", "video_id": "R4gOABmdqTA", "video_url": "https://www.youtube.com/watch?v=R4gOABmdqTA", "description": "", "published_at": "2023-08-13T00:04:31Z", "channel_id": "UC0O-ohYDF4P66HW9XJ4Us8w", "channel_title": "Robbie Kramer", "tags": [], "category_id": "24", "live_broadcast_content": "none", "duration": 39.0, "dimension": "2d", "definition": "hd", "caption": "false", "view_count": 2722, "like_count": 54, "comment_count": 3, "channel_info": {"title": "Robbie Kramer", "description": "I'm Robbie Kramer \ud83c\udf99Host of The Inner Confidence Podcast & Founder of Inner Confidence, Inc.\n\nI lived an exhilarating single life filled with adventures and lessons, and ultimately achieved what I had always aspired to \u2013 finding an amazing, feminine, and loving wife. \n\nI believe my experiences provide a rare balance of wild freedom and committed love, equipping me with the insights to help you navigate the complexities of dating and relationships in today's world. Let me guide you to embrace your desires, improve your social prowess, and ultimately attract the partner who aligns with your highest aspirations.\n\nYou won\u2019t find any fluffy, new-age, or cringy stuff here, just tested, proven and actionable advice that yields results.\n\nApply to join our exclusive Inner Confidence Community of ambitious men who are actively working together to achieve their goals faster   \u25ba https://innerconfidence.com/community\n\nYou can email me at robbie@innerconfidence.com with any questions or comments.\n", "subscriber_count": "1270", "total_views": "604693", "total_videos": "470"}, "comments": [], "file_path": "/Users/aelaguiz/workspace/fc_book/audio/raws/R4gOABmdqTA.mp3", "transcription": "{\"text\": \"If you're a good looking, you know, have money, have, have like social skills, like most guys, you know, they're, they're wifed up or they get in a relationship. They're like off the market by their like early thirties, but, and for every one of those guys, there's like a gazillion hot girls, right? Because for a guy to develop those social circles, those social skills, he needs a lot of time, five to 10 years in those environments and by the time he's done with that, like he's probably has a hot wife and he's not going to be there. Whereas these girls, they develop social skills starting at age like 15, right? So like, how often do you meet like a smoking hot 23 year old? Who's weird or creepy or awkward. \", \"segments\": [{\"id\": 0, \"seek\": 0, \"start\": 0.0, \"end\": 5.5, \"text\": \" If you're a good looking, you know, have money, have, have like social skills,\", \"tokens\": [50364, 759, 291, 434, 257, 665, 1237, 11, 291, 458, 11, 362, 1460, 11, 362, 11, 362, 411, 2093, 3942, 11, 50639], \"temperature\": 0.0, \"avg_logprob\": -0.267898291349411, \"compression_ratio\": 1.7933332920074463, \"no_speech_prob\": 0.002979851560667157}, {\"id\": 1, \"seek\": 0, \"start\": 5.820000171661377, \"end\": 9.65999984741211, \"text\": \" like most guys, you know, they're, they're wifed up or they get in a relationship.\", \"tokens\": [50655, 411, 881, 1074, 11, 291, 458, 11, 436, 434, 11, 436, 434, 261, 351, 292, 493, 420, 436, 483, 294, 257, 2480, 13, 50847], \"temperature\": 0.0, \"avg_logprob\": -0.267898291349411, \"compression_ratio\": 1.7933332920074463, \"no_speech_prob\": 0.002979851560667157}, {\"id\": 2, \"seek\": 0, \"start\": 9.65999984741211, \"end\": 15.0, \"text\": \" They're like off the market by their like early thirties, but, and for every one\", \"tokens\": [50847, 814, 434, 411, 766, 264, 2142, 538, 641, 411, 2440, 258, 2498, 530, 11, 457, 11, 293, 337, 633, 472, 51114], \"temperature\": 0.0, \"avg_logprob\": -0.267898291349411, \"compression_ratio\": 1.7933332920074463, \"no_speech_prob\": 0.002979851560667157}, {\"id\": 3, \"seek\": 0, \"start\": 15.0, \"end\": 17.600000381469727, \"text\": \" of those guys, there's like a gazillion hot girls, right?\", \"tokens\": [51114, 295, 729, 1074, 11, 456, 311, 411, 257, 26232, 11836, 2368, 4519, 11, 558, 30, 51244], \"temperature\": 0.0, \"avg_logprob\": -0.267898291349411, \"compression_ratio\": 1.7933332920074463, \"no_speech_prob\": 0.002979851560667157}, {\"id\": 4, \"seek\": 0, \"start\": 17.600000381469727, \"end\": 21.959999084472656, \"text\": \" Because for a guy to develop those social circles, those social skills, he\", \"tokens\": [51244, 1436, 337, 257, 2146, 281, 1499, 729, 2093, 13040, 11, 729, 2093, 3942, 11, 415, 51462], \"temperature\": 0.0, \"avg_logprob\": -0.267898291349411, \"compression_ratio\": 1.7933332920074463, \"no_speech_prob\": 0.002979851560667157}, {\"id\": 5, \"seek\": 0, \"start\": 21.959999084472656, \"end\": 26.760000228881836, \"text\": \" needs a lot of time, five to 10 years in those environments and by the time he's\", \"tokens\": [51462, 2203, 257, 688, 295, 565, 11, 1732, 281, 1266, 924, 294, 729, 12388, 293, 538, 264, 565, 415, 311, 51702], \"temperature\": 0.0, \"avg_logprob\": -0.267898291349411, \"compression_ratio\": 1.7933332920074463, \"no_speech_prob\": 0.002979851560667157}, {\"id\": 6, \"seek\": 0, \"start\": 26.760000228881836, \"end\": 29.280000686645508, \"text\": \" done with that, like he's probably has a hot wife and he's not going to be there.\", \"tokens\": [51702, 1096, 365, 300, 11, 411, 415, 311, 1391, 575, 257, 2368, 3836, 293, 415, 311, 406, 516, 281, 312, 456, 13, 51828], \"temperature\": 0.0, \"avg_logprob\": -0.267898291349411, \"compression_ratio\": 1.7933332920074463, \"no_speech_prob\": 0.002979851560667157}, {\"id\": 7, \"seek\": 2928, \"start\": 29.280000686645508, \"end\": 33.36000061035156, \"text\": \" Whereas these girls, they develop social skills starting at age like 15, right?\", \"tokens\": [50364, 13813, 613, 4519, 11, 436, 1499, 2093, 3942, 2891, 412, 3205, 411, 2119, 11, 558, 30, 50568], \"temperature\": 0.0, \"avg_logprob\": -0.30668747425079346, \"compression_ratio\": 1.2941176891326904, \"no_speech_prob\": 0.00870804488658905}, {\"id\": 8, \"seek\": 2928, \"start\": 33.36000061035156, \"end\": 35.91999816894531, \"text\": \" So like, how often do you meet like a smoking hot 23 year old?\", \"tokens\": [50568, 407, 411, 11, 577, 2049, 360, 291, 1677, 411, 257, 14055, 2368, 6673, 1064, 1331, 30, 50696], \"temperature\": 0.0, \"avg_logprob\": -0.30668747425079346, \"compression_ratio\": 1.2941176891326904, \"no_speech_prob\": 0.00870804488658905}, {\"id\": 9, \"seek\": 2928, \"start\": 35.91999816894531, \"end\": 37.68000030517578, \"text\": \" Who's weird or creepy or awkward.\", \"tokens\": [50696, 2102, 311, 3657, 420, 14717, 420, 11411, 13, 50784], \"temperature\": 0.0, \"avg_logprob\": -0.30668747425079346, \"compression_ratio\": 1.2941176891326904, \"no_speech_prob\": 0.00870804488658905}]}"}