{"title": "The optimal rate of weight loss to not yo-yo and gain back the weight", "video_id": "r5O8fHuTmR4", "video_url": "https://www.youtube.com/watch?v=r5O8fHuTmR4", "description": "", "published_at": "2023-05-18T00:44:42Z", "channel_id": "UC0O-ohYDF4P66HW9XJ4Us8w", "channel_title": "Robbie Kramer", "tags": [], "category_id": "24", "live_broadcast_content": "none", "duration": 40.0, "dimension": "2d", "definition": "hd", "caption": "false", "view_count": 384, "like_count": 7, "comment_count": 0, "channel_info": {"title": "Robbie Kramer", "description": "I'm Robbie Kramer \ud83c\udf99Host of The Inner Confidence Podcast & Founder of Inner Confidence, Inc.\n\nI lived an exhilarating single life filled with adventures and lessons, and ultimately achieved what I had always aspired to \u2013 finding an amazing, feminine, and loving wife. \n\nI believe my experiences provide a rare balance of wild freedom and committed love, equipping me with the insights to help you navigate the complexities of dating and relationships in today's world. Let me guide you to embrace your desires, improve your social prowess, and ultimately attract the partner who aligns with your highest aspirations.\n\nYou won\u2019t find any fluffy, new-age, or cringy stuff here, just tested, proven and actionable advice that yields results.\n\nApply to join our exclusive Inner Confidence Community of ambitious men who are actively working together to achieve their goals faster   \u25ba https://innerconfidence.com/community\n\nYou can email me at robbie@innerconfidence.com with any questions or comments.\n", "subscriber_count": "1270", "total_views": "604693", "total_videos": "470"}, "comments": [], "file_path": "/Users/aelaguiz/workspace/fc_book/audio/raws/r5O8fHuTmR4.mp3", "transcription": "{\"text\": \"If you feel shit and you're hungry, how long can you, how long can you operate like that? So you need to find the balance where you're eating less than you need, but not excessively less. And I think just if people are like, okay, but what does that mean? Like a really good rate of weight loss is anywhere between, I'm going to try and do this in pounds now because you guys are, I'm going to go metric. You can, you can go like, people can switch like two kilos a month, which sounds like such a small amount. But if you lose two kilos a month for six months, that's 12 kilos. That's considerable. And if it doesn't feel that difficult and you pick up a lot of good habits along the way, then you're in a \", \"segments\": [{\"id\": 0, \"seek\": 0, \"start\": 0.0, \"end\": 4.239999771118164, \"text\": \" If you feel shit and you're hungry, how long can you, how long can you operate like that?\", \"tokens\": [50364, 759, 291, 841, 4611, 293, 291, 434, 8067, 11, 577, 938, 393, 291, 11, 577, 938, 393, 291, 9651, 411, 300, 30, 50576], \"temperature\": 0.0, \"avg_logprob\": -0.24057722091674805, \"compression_ratio\": 1.7380952835083008, \"no_speech_prob\": 0.003824061481282115}, {\"id\": 1, \"seek\": 0, \"start\": 4.239999771118164, \"end\": 6.960000038146973, \"text\": \" So you need to find the balance where you're eating less than you need,\", \"tokens\": [50576, 407, 291, 643, 281, 915, 264, 4772, 689, 291, 434, 3936, 1570, 813, 291, 643, 11, 50712], \"temperature\": 0.0, \"avg_logprob\": -0.24057722091674805, \"compression_ratio\": 1.7380952835083008, \"no_speech_prob\": 0.003824061481282115}, {\"id\": 2, \"seek\": 0, \"start\": 7.519999980926514, \"end\": 12.239999771118164, \"text\": \" but not excessively less. And I think just if people are like, okay, but what does that mean?\", \"tokens\": [50740, 457, 406, 9310, 3413, 1570, 13, 400, 286, 519, 445, 498, 561, 366, 411, 11, 1392, 11, 457, 437, 775, 300, 914, 30, 50976], \"temperature\": 0.0, \"avg_logprob\": -0.24057722091674805, \"compression_ratio\": 1.7380952835083008, \"no_speech_prob\": 0.003824061481282115}, {\"id\": 3, \"seek\": 0, \"start\": 13.279999732971191, \"end\": 19.520000457763672, \"text\": \" Like a really good rate of weight loss is anywhere between, I'm going to try and do\", \"tokens\": [51028, 1743, 257, 534, 665, 3314, 295, 3364, 4470, 307, 4992, 1296, 11, 286, 478, 516, 281, 853, 293, 360, 51340], \"temperature\": 0.0, \"avg_logprob\": -0.24057722091674805, \"compression_ratio\": 1.7380952835083008, \"no_speech_prob\": 0.003824061481282115}, {\"id\": 4, \"seek\": 0, \"start\": 19.520000457763672, \"end\": 24.079999923706055, \"text\": \" this in pounds now because you guys are, I'm going to go metric. You can, you can go like,\", \"tokens\": [51340, 341, 294, 8319, 586, 570, 291, 1074, 366, 11, 286, 478, 516, 281, 352, 20678, 13, 509, 393, 11, 291, 393, 352, 411, 11, 51568], \"temperature\": 0.0, \"avg_logprob\": -0.24057722091674805, \"compression_ratio\": 1.7380952835083008, \"no_speech_prob\": 0.003824061481282115}, {\"id\": 5, \"seek\": 0, \"start\": 24.079999923706055, \"end\": 28.31999969482422, \"text\": \" people can switch like two kilos a month, which sounds like such a small amount.\", \"tokens\": [51568, 561, 393, 3679, 411, 732, 30000, 257, 1618, 11, 597, 3263, 411, 1270, 257, 1359, 2372, 13, 51780], \"temperature\": 0.0, \"avg_logprob\": -0.24057722091674805, \"compression_ratio\": 1.7380952835083008, \"no_speech_prob\": 0.003824061481282115}, {\"id\": 6, \"seek\": 2832, \"start\": 28.8799991607666, \"end\": 34.63999938964844, \"text\": \" But if you lose two kilos a month for six months, that's 12 kilos. That's considerable. And if it\", \"tokens\": [50392, 583, 498, 291, 3624, 732, 30000, 257, 1618, 337, 2309, 2493, 11, 300, 311, 2272, 30000, 13, 663, 311, 24167, 13, 400, 498, 309, 50680], \"temperature\": 0.0, \"avg_logprob\": -0.18263943493366241, \"compression_ratio\": 1.3566433191299438, \"no_speech_prob\": 0.06558091938495636}, {\"id\": 7, \"seek\": 2832, \"start\": 34.63999938964844, \"end\": 38.79999923706055, \"text\": \" doesn't feel that difficult and you pick up a lot of good habits along the way, then you're in a\", \"tokens\": [50680, 1177, 380, 841, 300, 2252, 293, 291, 1888, 493, 257, 688, 295, 665, 14100, 2051, 264, 636, 11, 550, 291, 434, 294, 257, 50888], \"temperature\": 0.0, \"avg_logprob\": -0.18263943493366241, \"compression_ratio\": 1.3566433191299438, \"no_speech_prob\": 0.06558091938495636}]}"}