{"title": "Should you hit on her? Episode # 211", "video_id": "rirryR9Njjk", "video_url": "https://www.youtube.com/watch?v=rirryR9Njjk", "description": "To listen to more episodes of the Inner Confidence Podcast, visit the links below:\nWebsite: https://innerconfidence.com/podcast/\niTunes:https://podcasts.apple.com/us/podcast/inner-confidence-podcast/id986699444 \nSpotify: https://open.spotify.com/show/2zkWuTnt7whvnR6CO6oNPV\nRSS: https://innerconfidence.com/series/leverage-podcast/feed/\n\nAnd if you're interested in learning more about my coaching services and connecting with me, check out these links:\nLinkTree: https://linktr.ee/Robbiekramer\nMain Site: https://innerconfidence.com/\nInstagram: https://www.instagram.com/robbie_kramer/\nTikTok: https://www.tiktok.com/@robbie.kramer\nYouTube: https://www.youtube.com/innerconfidence\n\nThank you for tuning in, and I look forward to helping you build your inner confidence and achieve success!\n\nJoin us : https://innerconfidence.com/leverage/\nBook a call with me : https://start.innerconfidence.com/video1\n\n\n#personaldevelopment #selfimprovement #innerconfidence #innerconfidencepodcast #podcast #coaching #success #motivation #inspiration #mindset #datingcoach #relationshipgoals #confidencecoach #selfimprovement #successfulmen", "published_at": "2023-01-06T01:48:38Z", "channel_id": "UC0O-ohYDF4P66HW9XJ4Us8w", "channel_title": "Robbie Kramer", "tags": [], "category_id": "26", "live_broadcast_content": "none", "duration": 61.0, "dimension": "2d", "definition": "hd", "caption": "false", "view_count": 48, "like_count": 1, "comment_count": 0, "channel_info": {"title": "Robbie Kramer", "description": "I'm Robbie Kramer \ud83c\udf99Host of The Inner Confidence Podcast & Founder of Inner Confidence, Inc.\n\nI lived an exhilarating single life filled with adventures and lessons, and ultimately achieved what I had always aspired to \u2013 finding an amazing, feminine, and loving wife. \n\nI believe my experiences provide a rare balance of wild freedom and committed love, equipping me with the insights to help you navigate the complexities of dating and relationships in today's world. Let me guide you to embrace your desires, improve your social prowess, and ultimately attract the partner who aligns with your highest aspirations.\n\nYou won\u2019t find any fluffy, new-age, or cringy stuff here, just tested, proven and actionable advice that yields results.\n\nApply to join our exclusive Inner Confidence Community of ambitious men who are actively working together to achieve their goals faster   \u25ba https://innerconfidence.com/community\n\nYou can email me at robbie@innerconfidence.com with any questions or comments.\n", "subscriber_count": "1270", "total_views": "604693", "total_videos": "470"}, "comments": [], "file_path": "/Users/aelaguiz/workspace/fc_book/audio/raws/rirryR9Njjk.mp3", "transcription": "{\"text\": \"Would you say that when you're doing this, you're showing zero sexual interest or just a very minimal amount of sexual interest? I'm doing basically like the minimum effective dose to be flirty and to be fun, but I'm never pushing it across the line where I'm making the girl uncomfortable or I'm making it obviously known that I'm into her and chasing her. So like Anya is a good example. Like when we met, Anya, did I ever like hit on you or blatantly like try to hook up with you or anything like that? Nothing. We just sort of been a friend zone, really like friends. Nothing ever happened. We were going out together. I was coming to your place just to smoke shisha or to eat something. And before I finally proposed to you, she's like, you sent me dick pics for like three months. What are you talking about? I'll be like... Yeah, I need to say this. So, and the interesting thing is when I met Anna, we were at a party and I could tell she was like a little bit about like a fish out of water. \", \"segments\": [{\"id\": 0, \"seek\": 0, \"start\": 0.0, \"end\": 1.840000033378601, \"text\": \" Would you say that when you're doing this,\", \"tokens\": [50364, 6068, 291, 584, 300, 562, 291, 434, 884, 341, 11, 50456], \"temperature\": 0.0, \"avg_logprob\": -0.2155904769897461, \"compression_ratio\": 1.6912280321121216, \"no_speech_prob\": 0.06843021512031555}, {\"id\": 1, \"seek\": 0, \"start\": 1.840000033378601, \"end\": 3.9600000381469727, \"text\": \" you're showing zero sexual interest\", \"tokens\": [50456, 291, 434, 4099, 4018, 6701, 1179, 50562], \"temperature\": 0.0, \"avg_logprob\": -0.2155904769897461, \"compression_ratio\": 1.6912280321121216, \"no_speech_prob\": 0.06843021512031555}, {\"id\": 2, \"seek\": 0, \"start\": 3.9600000381469727, \"end\": 6.320000171661377, \"text\": \" or just a very minimal amount of sexual interest?\", \"tokens\": [50562, 420, 445, 257, 588, 13206, 2372, 295, 6701, 1179, 30, 50680], \"temperature\": 0.0, \"avg_logprob\": -0.2155904769897461, \"compression_ratio\": 1.6912280321121216, \"no_speech_prob\": 0.06843021512031555}, {\"id\": 3, \"seek\": 0, \"start\": 6.320000171661377, \"end\": 11.279999732971191, \"text\": \" I'm doing basically like the minimum effective dose\", \"tokens\": [50680, 286, 478, 884, 1936, 411, 264, 7285, 4942, 14041, 50928], \"temperature\": 0.0, \"avg_logprob\": -0.2155904769897461, \"compression_ratio\": 1.6912280321121216, \"no_speech_prob\": 0.06843021512031555}, {\"id\": 4, \"seek\": 0, \"start\": 11.279999732971191, \"end\": 13.880000114440918, \"text\": \" to be flirty and to be fun,\", \"tokens\": [50928, 281, 312, 932, 9340, 293, 281, 312, 1019, 11, 51058], \"temperature\": 0.0, \"avg_logprob\": -0.2155904769897461, \"compression_ratio\": 1.6912280321121216, \"no_speech_prob\": 0.06843021512031555}, {\"id\": 5, \"seek\": 0, \"start\": 13.880000114440918, \"end\": 16.440000534057617, \"text\": \" but I'm never pushing it across the line\", \"tokens\": [51058, 457, 286, 478, 1128, 7380, 309, 2108, 264, 1622, 51186], \"temperature\": 0.0, \"avg_logprob\": -0.2155904769897461, \"compression_ratio\": 1.6912280321121216, \"no_speech_prob\": 0.06843021512031555}, {\"id\": 6, \"seek\": 0, \"start\": 16.440000534057617, \"end\": 18.399999618530273, \"text\": \" where I'm making the girl uncomfortable\", \"tokens\": [51186, 689, 286, 478, 1455, 264, 2013, 10532, 51284], \"temperature\": 0.0, \"avg_logprob\": -0.2155904769897461, \"compression_ratio\": 1.6912280321121216, \"no_speech_prob\": 0.06843021512031555}, {\"id\": 7, \"seek\": 0, \"start\": 18.399999618530273, \"end\": 20.399999618530273, \"text\": \" or I'm making it obviously known\", \"tokens\": [51284, 420, 286, 478, 1455, 309, 2745, 2570, 51384], \"temperature\": 0.0, \"avg_logprob\": -0.2155904769897461, \"compression_ratio\": 1.6912280321121216, \"no_speech_prob\": 0.06843021512031555}, {\"id\": 8, \"seek\": 0, \"start\": 20.399999618530273, \"end\": 21.760000228881836, \"text\": \" that I'm into her and chasing her.\", \"tokens\": [51384, 300, 286, 478, 666, 720, 293, 17876, 720, 13, 51452], \"temperature\": 0.0, \"avg_logprob\": -0.2155904769897461, \"compression_ratio\": 1.6912280321121216, \"no_speech_prob\": 0.06843021512031555}, {\"id\": 9, \"seek\": 0, \"start\": 21.760000228881836, \"end\": 23.520000457763672, \"text\": \" So like Anya is a good example.\", \"tokens\": [51452, 407, 411, 2639, 64, 307, 257, 665, 1365, 13, 51540], \"temperature\": 0.0, \"avg_logprob\": -0.2155904769897461, \"compression_ratio\": 1.6912280321121216, \"no_speech_prob\": 0.06843021512031555}, {\"id\": 10, \"seek\": 0, \"start\": 23.520000457763672, \"end\": 26.399999618530273, \"text\": \" Like when we met, Anya, did I ever like hit on you\", \"tokens\": [51540, 1743, 562, 321, 1131, 11, 2639, 64, 11, 630, 286, 1562, 411, 2045, 322, 291, 51684], \"temperature\": 0.0, \"avg_logprob\": -0.2155904769897461, \"compression_ratio\": 1.6912280321121216, \"no_speech_prob\": 0.06843021512031555}, {\"id\": 11, \"seek\": 0, \"start\": 26.399999618530273, \"end\": 28.68000030517578, \"text\": \" or blatantly like try to hook up with you\", \"tokens\": [51684, 420, 42780, 3627, 411, 853, 281, 6328, 493, 365, 291, 51798], \"temperature\": 0.0, \"avg_logprob\": -0.2155904769897461, \"compression_ratio\": 1.6912280321121216, \"no_speech_prob\": 0.06843021512031555}, {\"id\": 12, \"seek\": 2868, \"start\": 28.68000030517578, \"end\": 30.200000762939453, \"text\": \" or anything like that?\", \"tokens\": [50364, 420, 1340, 411, 300, 30, 50440], \"temperature\": 0.0, \"avg_logprob\": -0.40070641040802, \"compression_ratio\": 1.6619718074798584, \"no_speech_prob\": 0.003172336146235466}, {\"id\": 13, \"seek\": 2868, \"start\": 30.200000762939453, \"end\": 31.040000915527344, \"text\": \" Nothing.\", \"tokens\": [50440, 6693, 13, 50482], \"temperature\": 0.0, \"avg_logprob\": -0.40070641040802, \"compression_ratio\": 1.6619718074798584, \"no_speech_prob\": 0.003172336146235466}, {\"id\": 14, \"seek\": 2868, \"start\": 31.040000915527344, \"end\": 34.79999923706055, \"text\": \" We just sort of been a friend zone,\", \"tokens\": [50482, 492, 445, 1333, 295, 668, 257, 1277, 6668, 11, 50670], \"temperature\": 0.0, \"avg_logprob\": -0.40070641040802, \"compression_ratio\": 1.6619718074798584, \"no_speech_prob\": 0.003172336146235466}, {\"id\": 15, \"seek\": 2868, \"start\": 34.79999923706055, \"end\": 36.20000076293945, \"text\": \" really like friends.\", \"tokens\": [50670, 534, 411, 1855, 13, 50740], \"temperature\": 0.0, \"avg_logprob\": -0.40070641040802, \"compression_ratio\": 1.6619718074798584, \"no_speech_prob\": 0.003172336146235466}, {\"id\": 16, \"seek\": 2868, \"start\": 36.20000076293945, \"end\": 37.79999923706055, \"text\": \" Nothing ever happened.\", \"tokens\": [50740, 6693, 1562, 2011, 13, 50820], \"temperature\": 0.0, \"avg_logprob\": -0.40070641040802, \"compression_ratio\": 1.6619718074798584, \"no_speech_prob\": 0.003172336146235466}, {\"id\": 17, \"seek\": 2868, \"start\": 37.79999923706055, \"end\": 39.439998626708984, \"text\": \" We were going out together.\", \"tokens\": [50820, 492, 645, 516, 484, 1214, 13, 50902], \"temperature\": 0.0, \"avg_logprob\": -0.40070641040802, \"compression_ratio\": 1.6619718074798584, \"no_speech_prob\": 0.003172336146235466}, {\"id\": 18, \"seek\": 2868, \"start\": 39.439998626708984, \"end\": 42.560001373291016, \"text\": \" I was coming to your place just to smoke shisha\", \"tokens\": [50902, 286, 390, 1348, 281, 428, 1081, 445, 281, 8439, 402, 16546, 51058], \"temperature\": 0.0, \"avg_logprob\": -0.40070641040802, \"compression_ratio\": 1.6619718074798584, \"no_speech_prob\": 0.003172336146235466}, {\"id\": 19, \"seek\": 2868, \"start\": 42.560001373291016, \"end\": 43.84000015258789, \"text\": \" or to eat something.\", \"tokens\": [51058, 420, 281, 1862, 746, 13, 51122], \"temperature\": 0.0, \"avg_logprob\": -0.40070641040802, \"compression_ratio\": 1.6619718074798584, \"no_speech_prob\": 0.003172336146235466}, {\"id\": 20, \"seek\": 2868, \"start\": 43.84000015258789, \"end\": 45.2400016784668, \"text\": \" And before I finally proposed to you,\", \"tokens\": [51122, 400, 949, 286, 2721, 10348, 281, 291, 11, 51192], \"temperature\": 0.0, \"avg_logprob\": -0.40070641040802, \"compression_ratio\": 1.6619718074798584, \"no_speech_prob\": 0.003172336146235466}, {\"id\": 21, \"seek\": 2868, \"start\": 45.2400016784668, \"end\": 47.279998779296875, \"text\": \" she's like, you sent me dick pics for like three months.\", \"tokens\": [51192, 750, 311, 411, 11, 291, 2279, 385, 18659, 46690, 337, 411, 1045, 2493, 13, 51294], \"temperature\": 0.0, \"avg_logprob\": -0.40070641040802, \"compression_ratio\": 1.6619718074798584, \"no_speech_prob\": 0.003172336146235466}, {\"id\": 22, \"seek\": 2868, \"start\": 47.279998779296875, \"end\": 48.119998931884766, \"text\": \" What are you talking about?\", \"tokens\": [51294, 708, 366, 291, 1417, 466, 30, 51336], \"temperature\": 0.0, \"avg_logprob\": -0.40070641040802, \"compression_ratio\": 1.6619718074798584, \"no_speech_prob\": 0.003172336146235466}, {\"id\": 23, \"seek\": 2868, \"start\": 48.119998931884766, \"end\": 49.79999923706055, \"text\": \" I'll be like...\", \"tokens\": [51336, 286, 603, 312, 411, 485, 51420], \"temperature\": 0.0, \"avg_logprob\": -0.40070641040802, \"compression_ratio\": 1.6619718074798584, \"no_speech_prob\": 0.003172336146235466}, {\"id\": 24, \"seek\": 2868, \"start\": 49.79999923706055, \"end\": 52.599998474121094, \"text\": \" Yeah, I need to say this.\", \"tokens\": [51420, 865, 11, 286, 643, 281, 584, 341, 13, 51560], \"temperature\": 0.0, \"avg_logprob\": -0.40070641040802, \"compression_ratio\": 1.6619718074798584, \"no_speech_prob\": 0.003172336146235466}, {\"id\": 25, \"seek\": 2868, \"start\": 52.599998474121094, \"end\": 55.15999984741211, \"text\": \" So, and the interesting thing is when I met Anna,\", \"tokens\": [51560, 407, 11, 293, 264, 1880, 551, 307, 562, 286, 1131, 12899, 11, 51688], \"temperature\": 0.0, \"avg_logprob\": -0.40070641040802, \"compression_ratio\": 1.6619718074798584, \"no_speech_prob\": 0.003172336146235466}, {\"id\": 26, \"seek\": 2868, \"start\": 56.040000915527344, \"end\": 58.47999954223633, \"text\": \" we were at a party and I could tell she was like\", \"tokens\": [51732, 321, 645, 412, 257, 3595, 293, 286, 727, 980, 750, 390, 411, 51854], \"temperature\": 0.0, \"avg_logprob\": -0.40070641040802, \"compression_ratio\": 1.6619718074798584, \"no_speech_prob\": 0.003172336146235466}, {\"id\": 27, \"seek\": 5848, \"start\": 58.47999954223633, \"end\": 61.439998626708984, \"text\": \" a little bit about like a fish out of water.\", \"tokens\": [50402, 257, 707, 857, 466, 411, 257, 3506, 484, 295, 1281, 13, 50512], \"temperature\": 0.0, \"avg_logprob\": -0.5007291436195374, \"compression_ratio\": 0.9166666865348816, \"no_speech_prob\": 0.29664871096611023}]}"}