{"title": "Do you regret dating that crazy hot girl with all the red flags?", "video_id": "RK67plzINPo", "video_url": "https://www.youtube.com/watch?v=RK67plzINPo", "description": "", "published_at": "2023-06-22T00:43:04Z", "channel_id": "UC0O-ohYDF4P66HW9XJ4Us8w", "channel_title": "Robbie Kramer", "tags": [], "category_id": "24", "live_broadcast_content": "none", "duration": 48.0, "dimension": "2d", "definition": "hd", "caption": "false", "view_count": 251, "like_count": 4, "comment_count": 0, "channel_info": {"title": "Robbie Kramer", "description": "I'm Robbie Kramer \ud83c\udf99Host of The Inner Confidence Podcast & Founder of Inner Confidence, Inc.\n\nI lived an exhilarating single life filled with adventures and lessons, and ultimately achieved what I had always aspired to \u2013 finding an amazing, feminine, and loving wife. \n\nI believe my experiences provide a rare balance of wild freedom and committed love, equipping me with the insights to help you navigate the complexities of dating and relationships in today's world. Let me guide you to embrace your desires, improve your social prowess, and ultimately attract the partner who aligns with your highest aspirations.\n\nYou won\u2019t find any fluffy, new-age, or cringy stuff here, just tested, proven and actionable advice that yields results.\n\nApply to join our exclusive Inner Confidence Community of ambitious men who are actively working together to achieve their goals faster   \u25ba https://innerconfidence.com/community\n\nYou can email me at robbie@innerconfidence.com with any questions or comments.\n", "subscriber_count": "1270", "total_views": "604693", "total_videos": "470"}, "comments": [], "file_path": "/Users/aelaguiz/workspace/fc_book/audio/raws/RK67plzINPo.mp3", "transcription": "{\"text\": \"Do you regret having your experience? I don't know. I would not have learned as much as I did if I didn't go through those tough times. Knowing now I would have set the constraints up differently so we weren't escalating things so quickly, maybe not moving in together immediately. And I'm still friends with her. Oh yeah, like we're cool, we're totally chill. She definitely matured a lot. Everyone's dealing with their own shit, you know? I don't like sit here thinking like she's bad or she's wrong or she's a this or she's a that. We all got problems. And none of us are victims. At the end of the day, you just have love for the person. I've gotten so much advice from people over the years. Don't do it, I told you so. I knew this would happen. And I'm just like, cool story, man. People need to have their own experiences. They need to go through these lessons. Just do it with awareness. Like, let us help you through it. We have a group for that. We have a community to where you can do this and you can play with fire and maybe not get as badly burned, right? You're gonna get a little burned up, maybe a little nicked, a little cut, but you're gonna- \", \"segments\": [{\"id\": 0, \"seek\": 0, \"start\": 0.0, \"end\": 1.4800000190734863, \"text\": \" Do you regret having your experience?\", \"tokens\": [50364, 1144, 291, 10879, 1419, 428, 1752, 30, 50438], \"temperature\": 0.0, \"avg_logprob\": -0.2318659871816635, \"compression_ratio\": 1.7400000095367432, \"no_speech_prob\": 0.06749285757541656}, {\"id\": 1, \"seek\": 0, \"start\": 1.4800000190734863, \"end\": 2.319999933242798, \"text\": \" I don't know.\", \"tokens\": [50438, 286, 500, 380, 458, 13, 50480], \"temperature\": 0.0, \"avg_logprob\": -0.2318659871816635, \"compression_ratio\": 1.7400000095367432, \"no_speech_prob\": 0.06749285757541656}, {\"id\": 2, \"seek\": 0, \"start\": 2.319999933242798, \"end\": 3.4800000190734863, \"text\": \" I would not have learned as much as I did\", \"tokens\": [50480, 286, 576, 406, 362, 3264, 382, 709, 382, 286, 630, 50538], \"temperature\": 0.0, \"avg_logprob\": -0.2318659871816635, \"compression_ratio\": 1.7400000095367432, \"no_speech_prob\": 0.06749285757541656}, {\"id\": 3, \"seek\": 0, \"start\": 3.4800000190734863, \"end\": 5.0, \"text\": \" if I didn't go through those tough times.\", \"tokens\": [50538, 498, 286, 994, 380, 352, 807, 729, 4930, 1413, 13, 50614], \"temperature\": 0.0, \"avg_logprob\": -0.2318659871816635, \"compression_ratio\": 1.7400000095367432, \"no_speech_prob\": 0.06749285757541656}, {\"id\": 4, \"seek\": 0, \"start\": 5.0, \"end\": 7.0, \"text\": \" Knowing now I would have set the constraints up differently\", \"tokens\": [50614, 25499, 586, 286, 576, 362, 992, 264, 18491, 493, 7614, 50714], \"temperature\": 0.0, \"avg_logprob\": -0.2318659871816635, \"compression_ratio\": 1.7400000095367432, \"no_speech_prob\": 0.06749285757541656}, {\"id\": 5, \"seek\": 0, \"start\": 7.0, \"end\": 9.0, \"text\": \" so we weren't escalating things so quickly,\", \"tokens\": [50714, 370, 321, 4999, 380, 17871, 990, 721, 370, 2661, 11, 50814], \"temperature\": 0.0, \"avg_logprob\": -0.2318659871816635, \"compression_ratio\": 1.7400000095367432, \"no_speech_prob\": 0.06749285757541656}, {\"id\": 6, \"seek\": 0, \"start\": 9.0, \"end\": 11.0, \"text\": \" maybe not moving in together immediately.\", \"tokens\": [50814, 1310, 406, 2684, 294, 1214, 4258, 13, 50914], \"temperature\": 0.0, \"avg_logprob\": -0.2318659871816635, \"compression_ratio\": 1.7400000095367432, \"no_speech_prob\": 0.06749285757541656}, {\"id\": 7, \"seek\": 0, \"start\": 11.0, \"end\": 12.119999885559082, \"text\": \" And I'm still friends with her.\", \"tokens\": [50914, 400, 286, 478, 920, 1855, 365, 720, 13, 50970], \"temperature\": 0.0, \"avg_logprob\": -0.2318659871816635, \"compression_ratio\": 1.7400000095367432, \"no_speech_prob\": 0.06749285757541656}, {\"id\": 8, \"seek\": 0, \"start\": 12.119999885559082, \"end\": 14.039999961853027, \"text\": \" Oh yeah, like we're cool, we're totally chill.\", \"tokens\": [50970, 876, 1338, 11, 411, 321, 434, 1627, 11, 321, 434, 3879, 11355, 13, 51066], \"temperature\": 0.0, \"avg_logprob\": -0.2318659871816635, \"compression_ratio\": 1.7400000095367432, \"no_speech_prob\": 0.06749285757541656}, {\"id\": 9, \"seek\": 0, \"start\": 14.039999961853027, \"end\": 15.600000381469727, \"text\": \" She definitely matured a lot.\", \"tokens\": [51066, 1240, 2138, 14442, 67, 257, 688, 13, 51144], \"temperature\": 0.0, \"avg_logprob\": -0.2318659871816635, \"compression_ratio\": 1.7400000095367432, \"no_speech_prob\": 0.06749285757541656}, {\"id\": 10, \"seek\": 0, \"start\": 15.600000381469727, \"end\": 17.239999771118164, \"text\": \" Everyone's dealing with their own shit, you know?\", \"tokens\": [51144, 5198, 311, 6260, 365, 641, 1065, 4611, 11, 291, 458, 30, 51226], \"temperature\": 0.0, \"avg_logprob\": -0.2318659871816635, \"compression_ratio\": 1.7400000095367432, \"no_speech_prob\": 0.06749285757541656}, {\"id\": 11, \"seek\": 0, \"start\": 17.239999771118164, \"end\": 19.280000686645508, \"text\": \" I don't like sit here thinking like she's bad\", \"tokens\": [51226, 286, 500, 380, 411, 1394, 510, 1953, 411, 750, 311, 1578, 51328], \"temperature\": 0.0, \"avg_logprob\": -0.2318659871816635, \"compression_ratio\": 1.7400000095367432, \"no_speech_prob\": 0.06749285757541656}, {\"id\": 12, \"seek\": 0, \"start\": 19.280000686645508, \"end\": 21.239999771118164, \"text\": \" or she's wrong or she's a this or she's a that.\", \"tokens\": [51328, 420, 750, 311, 2085, 420, 750, 311, 257, 341, 420, 750, 311, 257, 300, 13, 51426], \"temperature\": 0.0, \"avg_logprob\": -0.2318659871816635, \"compression_ratio\": 1.7400000095367432, \"no_speech_prob\": 0.06749285757541656}, {\"id\": 13, \"seek\": 0, \"start\": 21.239999771118164, \"end\": 22.360000610351562, \"text\": \" We all got problems.\", \"tokens\": [51426, 492, 439, 658, 2740, 13, 51482], \"temperature\": 0.0, \"avg_logprob\": -0.2318659871816635, \"compression_ratio\": 1.7400000095367432, \"no_speech_prob\": 0.06749285757541656}, {\"id\": 14, \"seek\": 0, \"start\": 22.360000610351562, \"end\": 23.68000030517578, \"text\": \" And none of us are victims.\", \"tokens\": [51482, 400, 6022, 295, 505, 366, 11448, 13, 51548], \"temperature\": 0.0, \"avg_logprob\": -0.2318659871816635, \"compression_ratio\": 1.7400000095367432, \"no_speech_prob\": 0.06749285757541656}, {\"id\": 15, \"seek\": 0, \"start\": 23.68000030517578, \"end\": 25.559999465942383, \"text\": \" At the end of the day, you just have love for the person.\", \"tokens\": [51548, 1711, 264, 917, 295, 264, 786, 11, 291, 445, 362, 959, 337, 264, 954, 13, 51642], \"temperature\": 0.0, \"avg_logprob\": -0.2318659871816635, \"compression_ratio\": 1.7400000095367432, \"no_speech_prob\": 0.06749285757541656}, {\"id\": 16, \"seek\": 0, \"start\": 25.559999465942383, \"end\": 28.079999923706055, \"text\": \" I've gotten so much advice from people over the years.\", \"tokens\": [51642, 286, 600, 5768, 370, 709, 5192, 490, 561, 670, 264, 924, 13, 51768], \"temperature\": 0.0, \"avg_logprob\": -0.2318659871816635, \"compression_ratio\": 1.7400000095367432, \"no_speech_prob\": 0.06749285757541656}, {\"id\": 17, \"seek\": 2808, \"start\": 28.079999923706055, \"end\": 30.079999923706055, \"text\": \" Don't do it, I told you so.\", \"tokens\": [50364, 1468, 380, 360, 309, 11, 286, 1907, 291, 370, 13, 50464], \"temperature\": 0.0, \"avg_logprob\": -0.1931418478488922, \"compression_ratio\": 1.6690647602081299, \"no_speech_prob\": 0.8076933026313782}, {\"id\": 18, \"seek\": 2808, \"start\": 30.079999923706055, \"end\": 31.280000686645508, \"text\": \" I knew this would happen.\", \"tokens\": [50464, 286, 2586, 341, 576, 1051, 13, 50524], \"temperature\": 0.0, \"avg_logprob\": -0.1931418478488922, \"compression_ratio\": 1.6690647602081299, \"no_speech_prob\": 0.8076933026313782}, {\"id\": 19, \"seek\": 2808, \"start\": 31.280000686645508, \"end\": 32.68000030517578, \"text\": \" And I'm just like, cool story, man.\", \"tokens\": [50524, 400, 286, 478, 445, 411, 11, 1627, 1657, 11, 587, 13, 50594], \"temperature\": 0.0, \"avg_logprob\": -0.1931418478488922, \"compression_ratio\": 1.6690647602081299, \"no_speech_prob\": 0.8076933026313782}, {\"id\": 20, \"seek\": 2808, \"start\": 32.68000030517578, \"end\": 34.31999969482422, \"text\": \" People need to have their own experiences.\", \"tokens\": [50594, 3432, 643, 281, 362, 641, 1065, 5235, 13, 50676], \"temperature\": 0.0, \"avg_logprob\": -0.1931418478488922, \"compression_ratio\": 1.6690647602081299, \"no_speech_prob\": 0.8076933026313782}, {\"id\": 21, \"seek\": 2808, \"start\": 34.31999969482422, \"end\": 35.720001220703125, \"text\": \" They need to go through these lessons.\", \"tokens\": [50676, 814, 643, 281, 352, 807, 613, 8820, 13, 50746], \"temperature\": 0.0, \"avg_logprob\": -0.1931418478488922, \"compression_ratio\": 1.6690647602081299, \"no_speech_prob\": 0.8076933026313782}, {\"id\": 22, \"seek\": 2808, \"start\": 35.720001220703125, \"end\": 36.79999923706055, \"text\": \" Just do it with awareness.\", \"tokens\": [50746, 1449, 360, 309, 365, 8888, 13, 50800], \"temperature\": 0.0, \"avg_logprob\": -0.1931418478488922, \"compression_ratio\": 1.6690647602081299, \"no_speech_prob\": 0.8076933026313782}, {\"id\": 23, \"seek\": 2808, \"start\": 36.79999923706055, \"end\": 38.119998931884766, \"text\": \" Like, let us help you through it.\", \"tokens\": [50800, 1743, 11, 718, 505, 854, 291, 807, 309, 13, 50866], \"temperature\": 0.0, \"avg_logprob\": -0.1931418478488922, \"compression_ratio\": 1.6690647602081299, \"no_speech_prob\": 0.8076933026313782}, {\"id\": 24, \"seek\": 2808, \"start\": 38.119998931884766, \"end\": 39.040000915527344, \"text\": \" We have a group for that.\", \"tokens\": [50866, 492, 362, 257, 1594, 337, 300, 13, 50912], \"temperature\": 0.0, \"avg_logprob\": -0.1931418478488922, \"compression_ratio\": 1.6690647602081299, \"no_speech_prob\": 0.8076933026313782}, {\"id\": 25, \"seek\": 2808, \"start\": 39.040000915527344, \"end\": 40.959999084472656, \"text\": \" We have a community to where you can do this\", \"tokens\": [50912, 492, 362, 257, 1768, 281, 689, 291, 393, 360, 341, 51008], \"temperature\": 0.0, \"avg_logprob\": -0.1931418478488922, \"compression_ratio\": 1.6690647602081299, \"no_speech_prob\": 0.8076933026313782}, {\"id\": 26, \"seek\": 2808, \"start\": 40.959999084472656, \"end\": 42.20000076293945, \"text\": \" and you can play with fire\", \"tokens\": [51008, 293, 291, 393, 862, 365, 2610, 51070], \"temperature\": 0.0, \"avg_logprob\": -0.1931418478488922, \"compression_ratio\": 1.6690647602081299, \"no_speech_prob\": 0.8076933026313782}, {\"id\": 27, \"seek\": 2808, \"start\": 42.20000076293945, \"end\": 44.279998779296875, \"text\": \" and maybe not get as badly burned, right?\", \"tokens\": [51070, 293, 1310, 406, 483, 382, 13425, 13490, 11, 558, 30, 51174], \"temperature\": 0.0, \"avg_logprob\": -0.1931418478488922, \"compression_ratio\": 1.6690647602081299, \"no_speech_prob\": 0.8076933026313782}, {\"id\": 28, \"seek\": 2808, \"start\": 44.279998779296875, \"end\": 45.47999954223633, \"text\": \" You're gonna get a little burned up,\", \"tokens\": [51174, 509, 434, 799, 483, 257, 707, 13490, 493, 11, 51234], \"temperature\": 0.0, \"avg_logprob\": -0.1931418478488922, \"compression_ratio\": 1.6690647602081299, \"no_speech_prob\": 0.8076933026313782}, {\"id\": 29, \"seek\": 2808, \"start\": 45.47999954223633, \"end\": 46.63999938964844, \"text\": \" maybe a little nicked, a little cut,\", \"tokens\": [51234, 1310, 257, 707, 297, 12598, 11, 257, 707, 1723, 11, 51292], \"temperature\": 0.0, \"avg_logprob\": -0.1931418478488922, \"compression_ratio\": 1.6690647602081299, \"no_speech_prob\": 0.8076933026313782}, {\"id\": 30, \"seek\": 2808, \"start\": 46.63999938964844, \"end\": 47.47999954223633, \"text\": \" but you're gonna-\", \"tokens\": [51292, 457, 291, 434, 799, 12, 51334], \"temperature\": 0.0, \"avg_logprob\": -0.1931418478488922, \"compression_ratio\": 1.6690647602081299, \"no_speech_prob\": 0.8076933026313782}]}"}