{"title": "Seeking - the wildest dating site of them all!", "video_id": "rMWx5cqzBI0", "video_url": "https://www.youtube.com/watch?v=rMWx5cqzBI0", "description": "", "published_at": "2023-04-18T22:35:16Z", "channel_id": "UC0O-ohYDF4P66HW9XJ4Us8w", "channel_title": "Robbie Kramer", "tags": [], "category_id": "26", "live_broadcast_content": "none", "duration": 39.0, "dimension": "2d", "definition": "hd", "caption": "false", "view_count": 13, "like_count": 1, "comment_count": 0, "channel_info": {"title": "Robbie Kramer", "description": "I'm Robbie Kramer \ud83c\udf99Host of The Inner Confidence Podcast & Founder of Inner Confidence, Inc.\n\nI lived an exhilarating single life filled with adventures and lessons, and ultimately achieved what I had always aspired to \u2013 finding an amazing, feminine, and loving wife. \n\nI believe my experiences provide a rare balance of wild freedom and committed love, equipping me with the insights to help you navigate the complexities of dating and relationships in today's world. Let me guide you to embrace your desires, improve your social prowess, and ultimately attract the partner who aligns with your highest aspirations.\n\nYou won\u2019t find any fluffy, new-age, or cringy stuff here, just tested, proven and actionable advice that yields results.\n\nApply to join our exclusive Inner Confidence Community of ambitious men who are actively working together to achieve their goals faster   \u25ba https://innerconfidence.com/community\n\nYou can email me at robbie@innerconfidence.com with any questions or comments.\n", "subscriber_count": "1270", "total_views": "604693", "total_videos": "470"}, "comments": [], "file_path": "/Users/aelaguiz/workspace/fc_book/audio/raws/rMWx5cqzBI0.mp3", "transcription": "{\"text\": \"something wrong with her. She kept changing outfits and trying to like fuck me and I was just trying to sleep. I woke up the next morning and my maid was there and this woman was trashed. She got drunk off of like the shitty cooking wine, you know the like stuff that's like $4 that's just for cooking. I was trying to drive her home. She was screaming at the neighbors. I wasn't even sure she knew where she lived. And she kept trying to roll down the window and there was like a police barricade like the rec or something. She pretty yelled out the window like this guy's kidnapping me. And it's like 9am I'm trying to get to work. I locked the window and I looked at her and I said like if you do anything like that again you're getting out of my car. And then she got up and just started screaming. This is like extremely mentally ill person. I've had a bunch of crazy experiences like that. \", \"segments\": [{\"id\": 0, \"seek\": 0, \"start\": 0.0, \"end\": 2.799999952316284, \"text\": \" something wrong with her. She kept changing outfits and trying to like fuck me and I was\", \"tokens\": [50364, 746, 2085, 365, 720, 13, 1240, 4305, 4473, 22331, 293, 1382, 281, 411, 3275, 385, 293, 286, 390, 50504], \"temperature\": 0.0, \"avg_logprob\": -0.29041191935539246, \"compression_ratio\": 1.909356713294983, \"no_speech_prob\": 0.11587409675121307}, {\"id\": 1, \"seek\": 0, \"start\": 2.799999952316284, \"end\": 7.039999961853027, \"text\": \" just trying to sleep. I woke up the next morning and my maid was there and this woman was trashed.\", \"tokens\": [50504, 445, 1382, 281, 2817, 13, 286, 12852, 493, 264, 958, 2446, 293, 452, 30410, 390, 456, 293, 341, 3059, 390, 11321, 292, 13, 50716], \"temperature\": 0.0, \"avg_logprob\": -0.29041191935539246, \"compression_ratio\": 1.909356713294983, \"no_speech_prob\": 0.11587409675121307}, {\"id\": 2, \"seek\": 0, \"start\": 7.039999961853027, \"end\": 11.84000015258789, \"text\": \" She got drunk off of like the shitty cooking wine, you know the like stuff that's like $4\", \"tokens\": [50716, 1240, 658, 11192, 766, 295, 411, 264, 30748, 6361, 7209, 11, 291, 458, 264, 411, 1507, 300, 311, 411, 1848, 19, 50956], \"temperature\": 0.0, \"avg_logprob\": -0.29041191935539246, \"compression_ratio\": 1.909356713294983, \"no_speech_prob\": 0.11587409675121307}, {\"id\": 3, \"seek\": 0, \"start\": 11.84000015258789, \"end\": 16.959999084472656, \"text\": \" that's just for cooking. I was trying to drive her home. She was screaming at the neighbors.\", \"tokens\": [50956, 300, 311, 445, 337, 6361, 13, 286, 390, 1382, 281, 3332, 720, 1280, 13, 1240, 390, 12636, 412, 264, 12512, 13, 51212], \"temperature\": 0.0, \"avg_logprob\": -0.29041191935539246, \"compression_ratio\": 1.909356713294983, \"no_speech_prob\": 0.11587409675121307}, {\"id\": 4, \"seek\": 0, \"start\": 16.959999084472656, \"end\": 20.399999618530273, \"text\": \" I wasn't even sure she knew where she lived. And she kept trying to roll down the window\", \"tokens\": [51212, 286, 2067, 380, 754, 988, 750, 2586, 689, 750, 5152, 13, 400, 750, 4305, 1382, 281, 3373, 760, 264, 4910, 51384], \"temperature\": 0.0, \"avg_logprob\": -0.29041191935539246, \"compression_ratio\": 1.909356713294983, \"no_speech_prob\": 0.11587409675121307}, {\"id\": 5, \"seek\": 0, \"start\": 20.399999618530273, \"end\": 24.559999465942383, \"text\": \" and there was like a police barricade like the rec or something. She pretty yelled out the window\", \"tokens\": [51384, 293, 456, 390, 411, 257, 3804, 2159, 1341, 762, 411, 264, 850, 420, 746, 13, 1240, 1238, 288, 41307, 484, 264, 4910, 51592], \"temperature\": 0.0, \"avg_logprob\": -0.29041191935539246, \"compression_ratio\": 1.909356713294983, \"no_speech_prob\": 0.11587409675121307}, {\"id\": 6, \"seek\": 0, \"start\": 24.559999465942383, \"end\": 29.280000686645508, \"text\": \" like this guy's kidnapping me. And it's like 9am I'm trying to get to work. I locked the window\", \"tokens\": [51592, 411, 341, 2146, 311, 47868, 385, 13, 400, 309, 311, 411, 1722, 335, 286, 478, 1382, 281, 483, 281, 589, 13, 286, 9376, 264, 4910, 51828], \"temperature\": 0.0, \"avg_logprob\": -0.29041191935539246, \"compression_ratio\": 1.909356713294983, \"no_speech_prob\": 0.11587409675121307}, {\"id\": 7, \"seek\": 2928, \"start\": 29.280000686645508, \"end\": 32.400001525878906, \"text\": \" and I looked at her and I said like if you do anything like that again you're getting out of\", \"tokens\": [50364, 293, 286, 2956, 412, 720, 293, 286, 848, 411, 498, 291, 360, 1340, 411, 300, 797, 291, 434, 1242, 484, 295, 50520], \"temperature\": 0.0, \"avg_logprob\": -0.2880309820175171, \"compression_ratio\": 1.4431138038635254, \"no_speech_prob\": 0.3413812220096588}, {\"id\": 8, \"seek\": 2928, \"start\": 32.400001525878906, \"end\": 36.0, \"text\": \" my car. And then she got up and just started screaming. This is like extremely mentally\", \"tokens\": [50520, 452, 1032, 13, 400, 550, 750, 658, 493, 293, 445, 1409, 12636, 13, 639, 307, 411, 4664, 17072, 50700], \"temperature\": 0.0, \"avg_logprob\": -0.2880309820175171, \"compression_ratio\": 1.4431138038635254, \"no_speech_prob\": 0.3413812220096588}, {\"id\": 9, \"seek\": 2928, \"start\": 36.0, \"end\": 37.84000015258789, \"text\": \" ill person. I've had a bunch of crazy experiences like that.\", \"tokens\": [50700, 3171, 954, 13, 286, 600, 632, 257, 3840, 295, 3219, 5235, 411, 300, 13, 50792], \"temperature\": 0.0, \"avg_logprob\": -0.2880309820175171, \"compression_ratio\": 1.4431138038635254, \"no_speech_prob\": 0.3413812220096588}]}"}