{"title": "Don\u2019t fall for this horrible dating advice.", "video_id": "RpxFKoYKZ5I", "video_url": "https://www.youtube.com/watch?v=RpxFKoYKZ5I", "description": "", "published_at": "2023-05-21T23:27:39Z", "channel_id": "UC0O-ohYDF4P66HW9XJ4Us8w", "channel_title": "Robbie Kramer", "tags": [], "category_id": "24", "live_broadcast_content": "none", "duration": 27.0, "dimension": "2d", "definition": "hd", "caption": "false", "view_count": 178, "like_count": 0, "comment_count": 0, "channel_info": {"title": "Robbie Kramer", "description": "I'm Robbie Kramer \ud83c\udf99Host of The Inner Confidence Podcast & Founder of Inner Confidence, Inc.\n\nI lived an exhilarating single life filled with adventures and lessons, and ultimately achieved what I had always aspired to \u2013 finding an amazing, feminine, and loving wife. \n\nI believe my experiences provide a rare balance of wild freedom and committed love, equipping me with the insights to help you navigate the complexities of dating and relationships in today's world. Let me guide you to embrace your desires, improve your social prowess, and ultimately attract the partner who aligns with your highest aspirations.\n\nYou won\u2019t find any fluffy, new-age, or cringy stuff here, just tested, proven and actionable advice that yields results.\n\nApply to join our exclusive Inner Confidence Community of ambitious men who are actively working together to achieve their goals faster   \u25ba https://innerconfidence.com/community\n\nYou can email me at robbie@innerconfidence.com with any questions or comments.\n", "subscriber_count": "1270", "total_views": "604693", "total_videos": "470"}, "comments": [], "file_path": "/Users/aelaguiz/workspace/fc_book/audio/raws/RpxFKoYKZ5I.mp3", "transcription": "{\"text\": \"They will tell you stuff that will make you click subscribe, join their mailing list, will make you buy their magical online course, because for them, it's more important to sell you stuff. All my business coaches over the last 10 years have told me they're like, stop giving away all the really good information and strategy because no one's buying it. They all want quick, easy, painless, instant results, and they want to be bullshitted, right? And I'm here giving like solid, applicable, really actionable advice, and no one's like, oh yeah. \", \"segments\": [{\"id\": 0, \"seek\": 0, \"start\": 0.0, \"end\": 4.71999979019165, \"text\": \" They will tell you stuff that will make you click subscribe, join their mailing list,\", \"tokens\": [50364, 814, 486, 980, 291, 1507, 300, 486, 652, 291, 2052, 3022, 11, 3917, 641, 41612, 1329, 11, 50600], \"temperature\": 0.0, \"avg_logprob\": -0.31447702646255493, \"compression_ratio\": 1.7084639072418213, \"no_speech_prob\": 0.0019204993732273579}, {\"id\": 1, \"seek\": 0, \"start\": 4.71999979019165, \"end\": 9.0, \"text\": \" will make you buy their magical online course, because for them, it's more important to sell\", \"tokens\": [50600, 486, 652, 291, 2256, 641, 12066, 2950, 1164, 11, 570, 337, 552, 11, 309, 311, 544, 1021, 281, 3607, 50814], \"temperature\": 0.0, \"avg_logprob\": -0.31447702646255493, \"compression_ratio\": 1.7084639072418213, \"no_speech_prob\": 0.0019204993732273579}, {\"id\": 2, \"seek\": 0, \"start\": 9.0, \"end\": 10.0, \"text\": \" you stuff.\", \"tokens\": [50814, 291, 1507, 13, 50864], \"temperature\": 0.0, \"avg_logprob\": -0.31447702646255493, \"compression_ratio\": 1.7084639072418213, \"no_speech_prob\": 0.0019204993732273579}, {\"id\": 3, \"seek\": 0, \"start\": 10.0, \"end\": 13.680000305175781, \"text\": \" All my business coaches over the last 10 years have told me they're like, stop giving away\", \"tokens\": [50864, 1057, 452, 1606, 17503, 670, 264, 1036, 1266, 924, 362, 1907, 385, 436, 434, 411, 11, 1590, 2902, 1314, 51048], \"temperature\": 0.0, \"avg_logprob\": -0.31447702646255493, \"compression_ratio\": 1.7084639072418213, \"no_speech_prob\": 0.0019204993732273579}, {\"id\": 4, \"seek\": 0, \"start\": 13.680000305175781, \"end\": 17.239999771118164, \"text\": \" all the really good information and strategy because no one's buying it.\", \"tokens\": [51048, 439, 264, 534, 665, 1589, 293, 5206, 570, 572, 472, 311, 6382, 309, 13, 51226], \"temperature\": 0.0, \"avg_logprob\": -0.31447702646255493, \"compression_ratio\": 1.7084639072418213, \"no_speech_prob\": 0.0019204993732273579}, {\"id\": 5, \"seek\": 0, \"start\": 17.239999771118164, \"end\": 20.8799991607666, \"text\": \" They all want quick, easy, painless, instant results, and they want to be bullshitted,\", \"tokens\": [51226, 814, 439, 528, 1702, 11, 1858, 11, 1822, 1832, 11, 9836, 3542, 11, 293, 436, 528, 281, 312, 4693, 2716, 3944, 11, 51408], \"temperature\": 0.0, \"avg_logprob\": -0.31447702646255493, \"compression_ratio\": 1.7084639072418213, \"no_speech_prob\": 0.0019204993732273579}, {\"id\": 6, \"seek\": 0, \"start\": 20.8799991607666, \"end\": 21.8799991607666, \"text\": \" right?\", \"tokens\": [51408, 558, 30, 51458], \"temperature\": 0.0, \"avg_logprob\": -0.31447702646255493, \"compression_ratio\": 1.7084639072418213, \"no_speech_prob\": 0.0019204993732273579}, {\"id\": 7, \"seek\": 0, \"start\": 21.8799991607666, \"end\": 25.639999389648438, \"text\": \" And I'm here giving like solid, applicable, really actionable advice, and no one's like,\", \"tokens\": [51458, 400, 286, 478, 510, 2902, 411, 5100, 11, 21142, 11, 534, 45098, 5192, 11, 293, 572, 472, 311, 411, 11, 51646], \"temperature\": 0.0, \"avg_logprob\": -0.31447702646255493, \"compression_ratio\": 1.7084639072418213, \"no_speech_prob\": 0.0019204993732273579}, {\"id\": 8, \"seek\": 0, \"start\": 25.639999389648438, \"end\": 26.639999389648438, \"text\": \" oh yeah.\", \"tokens\": [51646, 1954, 1338, 13, 51696], \"temperature\": 0.0, \"avg_logprob\": -0.31447702646255493, \"compression_ratio\": 1.7084639072418213, \"no_speech_prob\": 0.0019204993732273579}]}"}