{"title": "Hidden Camera Pickup (2007)", "video_id": "RpxnC41YcKE", "video_url": "https://www.youtube.com/watch?v=RpxnC41YcKE", "description": "www.innerconfidence.com  This is a hidden camera pickup filmed at the Beverly Center in LA, May 07.", "published_at": "2008-06-08T18:47:40Z", "channel_id": "UC0O-ohYDF4P66HW9XJ4Us8w", "channel_title": "Robbie Kramer", "tags": ["dating", "seduction", "sex", "relationships", "the", "game", "flirting", "banter", "hidden", "camera", "pickup", "pua", "pick", "up"], "category_id": "26", "live_broadcast_content": "none", "duration": 179.0, "dimension": "2d", "definition": "sd", "caption": "false", "view_count": 16938, "like_count": 15, "comment_count": 13, "channel_info": {"title": "Robbie Kramer", "description": "I'm Robbie Kramer \ud83c\udf99Host of The Inner Confidence Podcast & Founder of Inner Confidence, Inc.\n\nI lived an exhilarating single life filled with adventures and lessons, and ultimately achieved what I had always aspired to \u2013 finding an amazing, feminine, and loving wife. \n\nI believe my experiences provide a rare balance of wild freedom and committed love, equipping me with the insights to help you navigate the complexities of dating and relationships in today's world. Let me guide you to embrace your desires, improve your social prowess, and ultimately attract the partner who aligns with your highest aspirations.\n\nYou won\u2019t find any fluffy, new-age, or cringy stuff here, just tested, proven and actionable advice that yields results.\n\nApply to join our exclusive Inner Confidence Community of ambitious men who are actively working together to achieve their goals faster   \u25ba https://innerconfidence.com/community\n\nYou can email me at robbie@innerconfidence.com with any questions or comments.\n", "subscriber_count": "1270", "total_views": "604693", "total_videos": "470"}, "comments": [], "file_path": "/Users/aelaguiz/workspace/fc_book/audio/raws/RpxnC41YcKE.mp3", "transcription": "{\"text\": \"Get up, get on up. Get up, get on up. Stay on the scene, get on up. Excuse me. I'm about to be, like, my dad or his son here at the mall. But, yeah, I gotta be my dad. Okay. I'm Robbie. I'm Emily. Emily, who are you? Are you from LA? Uh, well, yeah, I know Hollywood. Okay, nice. I'm actually from San Diego. Okay, nice. You're so cute. I gotta pop that. You're so cute. You're so sweet. This is the part where you tell me you're cute, too. You are cute. It doesn't matter. I got this shirt. I just did work in Hawaii. Photoshoots. You modeling or? No, I'm a makeup artist. I mean, I did modeling here and there, but I haven't had time to pursue that as a full career. Are we going to grab a tea together? Sure. Alright, cool. My friendship videoing. Brad, you're kidding. I swear to God. Don't get the evil eye. Did you follow me in that box? I didn't follow you. That's why I'm here. I guess that's the only way you can approach someone is by coming up to them and being direct. Because, you know, you're not going to get anywhere if you stand behind a, you know, beam or something. You know, three guys in a corner. So you're telling me I have to creep around the road. No, we have people. We have guys do that. You know, they're like this. So for the record, that's not going to work out. So anyway, you just have to come up and say, hey, I'm so-and-so. Well, if you know what I'm going to talk to you, then she'll say, hey, you know, I'm going here and I'm busy and I've got a boyfriend. Oh, cute. I've seen this. Walking through the wallet with the money clip and pulling out the American Express, you know. Just kind of chilling with the American Express. Exactly, you know, that way, whatever. That's hilarious. Go away. What's your number? He's doing another smooth move. Oh, wow. Smooth move. Damn it. I can't do it. I'm sorry. She got me a drink. You got it? Yeah, I got it. Emily, right? Yeah. \", \"segments\": [{\"id\": 0, \"seek\": 0, \"start\": 0.0, \"end\": 2.0, \"text\": \" Get up, get on up.\", \"tokens\": [50364, 3240, 493, 11, 483, 322, 493, 13, 50464], \"temperature\": 0.0, \"avg_logprob\": -0.36385872960090637, \"compression_ratio\": 1.616161584854126, \"no_speech_prob\": 0.49348706007003784}, {\"id\": 1, \"seek\": 0, \"start\": 2.0, \"end\": 4.0, \"text\": \" Get up, get on up.\", \"tokens\": [50464, 3240, 493, 11, 483, 322, 493, 13, 50564], \"temperature\": 0.0, \"avg_logprob\": -0.36385872960090637, \"compression_ratio\": 1.616161584854126, \"no_speech_prob\": 0.49348706007003784}, {\"id\": 2, \"seek\": 0, \"start\": 4.0, \"end\": 6.0, \"text\": \" Stay on the scene, get on up.\", \"tokens\": [50564, 8691, 322, 264, 4145, 11, 483, 322, 493, 13, 50664], \"temperature\": 0.0, \"avg_logprob\": -0.36385872960090637, \"compression_ratio\": 1.616161584854126, \"no_speech_prob\": 0.49348706007003784}, {\"id\": 3, \"seek\": 0, \"start\": 6.0, \"end\": 8.0, \"text\": \" Excuse me.\", \"tokens\": [50664, 11359, 385, 13, 50764], \"temperature\": 0.0, \"avg_logprob\": -0.36385872960090637, \"compression_ratio\": 1.616161584854126, \"no_speech_prob\": 0.49348706007003784}, {\"id\": 4, \"seek\": 0, \"start\": 8.0, \"end\": 10.0, \"text\": \" I'm about to be, like, my dad or\", \"tokens\": [50764, 286, 478, 466, 281, 312, 11, 411, 11, 452, 3546, 420, 50864], \"temperature\": 0.0, \"avg_logprob\": -0.36385872960090637, \"compression_ratio\": 1.616161584854126, \"no_speech_prob\": 0.49348706007003784}, {\"id\": 5, \"seek\": 0, \"start\": 10.0, \"end\": 12.0, \"text\": \" his son here at the mall.\", \"tokens\": [50864, 702, 1872, 510, 412, 264, 16026, 13, 50964], \"temperature\": 0.0, \"avg_logprob\": -0.36385872960090637, \"compression_ratio\": 1.616161584854126, \"no_speech_prob\": 0.49348706007003784}, {\"id\": 6, \"seek\": 0, \"start\": 12.0, \"end\": 14.0, \"text\": \" But, yeah, I gotta be my dad.\", \"tokens\": [50964, 583, 11, 1338, 11, 286, 3428, 312, 452, 3546, 13, 51064], \"temperature\": 0.0, \"avg_logprob\": -0.36385872960090637, \"compression_ratio\": 1.616161584854126, \"no_speech_prob\": 0.49348706007003784}, {\"id\": 7, \"seek\": 0, \"start\": 14.0, \"end\": 16.0, \"text\": \" Okay.\", \"tokens\": [51064, 1033, 13, 51164], \"temperature\": 0.0, \"avg_logprob\": -0.36385872960090637, \"compression_ratio\": 1.616161584854126, \"no_speech_prob\": 0.49348706007003784}, {\"id\": 8, \"seek\": 0, \"start\": 16.0, \"end\": 18.0, \"text\": \" I'm Robbie. I'm Emily.\", \"tokens\": [51164, 286, 478, 45749, 13, 286, 478, 15034, 13, 51264], \"temperature\": 0.0, \"avg_logprob\": -0.36385872960090637, \"compression_ratio\": 1.616161584854126, \"no_speech_prob\": 0.49348706007003784}, {\"id\": 9, \"seek\": 0, \"start\": 18.0, \"end\": 20.0, \"text\": \" Emily, who are you? Are you from LA?\", \"tokens\": [51264, 15034, 11, 567, 366, 291, 30, 2014, 291, 490, 9855, 30, 51364], \"temperature\": 0.0, \"avg_logprob\": -0.36385872960090637, \"compression_ratio\": 1.616161584854126, \"no_speech_prob\": 0.49348706007003784}, {\"id\": 10, \"seek\": 0, \"start\": 20.0, \"end\": 22.0, \"text\": \" Uh, well, yeah, I know Hollywood.\", \"tokens\": [51364, 4019, 11, 731, 11, 1338, 11, 286, 458, 11628, 13, 51464], \"temperature\": 0.0, \"avg_logprob\": -0.36385872960090637, \"compression_ratio\": 1.616161584854126, \"no_speech_prob\": 0.49348706007003784}, {\"id\": 11, \"seek\": 0, \"start\": 22.0, \"end\": 24.0, \"text\": \" Okay, nice.\", \"tokens\": [51464, 1033, 11, 1481, 13, 51564], \"temperature\": 0.0, \"avg_logprob\": -0.36385872960090637, \"compression_ratio\": 1.616161584854126, \"no_speech_prob\": 0.49348706007003784}, {\"id\": 12, \"seek\": 0, \"start\": 24.0, \"end\": 26.0, \"text\": \" I'm actually from San Diego.\", \"tokens\": [51564, 286, 478, 767, 490, 5271, 16377, 13, 51664], \"temperature\": 0.0, \"avg_logprob\": -0.36385872960090637, \"compression_ratio\": 1.616161584854126, \"no_speech_prob\": 0.49348706007003784}, {\"id\": 13, \"seek\": 0, \"start\": 26.0, \"end\": 28.0, \"text\": \" Okay, nice.\", \"tokens\": [51664, 1033, 11, 1481, 13, 51764], \"temperature\": 0.0, \"avg_logprob\": -0.36385872960090637, \"compression_ratio\": 1.616161584854126, \"no_speech_prob\": 0.49348706007003784}, {\"id\": 14, \"seek\": 2800, \"start\": 28.0, \"end\": 30.0, \"text\": \" You're so cute. I gotta pop that.\", \"tokens\": [50364, 509, 434, 370, 4052, 13, 286, 3428, 1665, 300, 13, 50464], \"temperature\": 0.0, \"avg_logprob\": -0.3262309730052948, \"compression_ratio\": 1.6202532052993774, \"no_speech_prob\": 0.5616368651390076}, {\"id\": 15, \"seek\": 2800, \"start\": 30.0, \"end\": 32.0, \"text\": \" You're so cute. You're so sweet.\", \"tokens\": [50464, 509, 434, 370, 4052, 13, 509, 434, 370, 3844, 13, 50564], \"temperature\": 0.0, \"avg_logprob\": -0.3262309730052948, \"compression_ratio\": 1.6202532052993774, \"no_speech_prob\": 0.5616368651390076}, {\"id\": 16, \"seek\": 2800, \"start\": 32.0, \"end\": 34.0, \"text\": \" This is the part where you tell me you're cute, too.\", \"tokens\": [50564, 639, 307, 264, 644, 689, 291, 980, 385, 291, 434, 4052, 11, 886, 13, 50664], \"temperature\": 0.0, \"avg_logprob\": -0.3262309730052948, \"compression_ratio\": 1.6202532052993774, \"no_speech_prob\": 0.5616368651390076}, {\"id\": 17, \"seek\": 2800, \"start\": 34.0, \"end\": 36.0, \"text\": \" You are cute.\", \"tokens\": [50664, 509, 366, 4052, 13, 50764], \"temperature\": 0.0, \"avg_logprob\": -0.3262309730052948, \"compression_ratio\": 1.6202532052993774, \"no_speech_prob\": 0.5616368651390076}, {\"id\": 18, \"seek\": 2800, \"start\": 36.0, \"end\": 38.0, \"text\": \" It doesn't matter.\", \"tokens\": [50764, 467, 1177, 380, 1871, 13, 50864], \"temperature\": 0.0, \"avg_logprob\": -0.3262309730052948, \"compression_ratio\": 1.6202532052993774, \"no_speech_prob\": 0.5616368651390076}, {\"id\": 19, \"seek\": 2800, \"start\": 38.0, \"end\": 40.0, \"text\": \" I got this shirt.\", \"tokens\": [50864, 286, 658, 341, 8336, 13, 50964], \"temperature\": 0.0, \"avg_logprob\": -0.3262309730052948, \"compression_ratio\": 1.6202532052993774, \"no_speech_prob\": 0.5616368651390076}, {\"id\": 20, \"seek\": 2800, \"start\": 40.0, \"end\": 42.0, \"text\": \" I just did work in Hawaii.\", \"tokens\": [50964, 286, 445, 630, 589, 294, 17930, 13, 51064], \"temperature\": 0.0, \"avg_logprob\": -0.3262309730052948, \"compression_ratio\": 1.6202532052993774, \"no_speech_prob\": 0.5616368651390076}, {\"id\": 21, \"seek\": 2800, \"start\": 42.0, \"end\": 44.0, \"text\": \" Photoshoots.\", \"tokens\": [51064, 13919, 329, 1289, 1971, 13, 51164], \"temperature\": 0.0, \"avg_logprob\": -0.3262309730052948, \"compression_ratio\": 1.6202532052993774, \"no_speech_prob\": 0.5616368651390076}, {\"id\": 22, \"seek\": 2800, \"start\": 44.0, \"end\": 46.0, \"text\": \" You modeling or?\", \"tokens\": [51164, 509, 15983, 420, 30, 51264], \"temperature\": 0.0, \"avg_logprob\": -0.3262309730052948, \"compression_ratio\": 1.6202532052993774, \"no_speech_prob\": 0.5616368651390076}, {\"id\": 23, \"seek\": 2800, \"start\": 46.0, \"end\": 48.0, \"text\": \" No, I'm a makeup artist.\", \"tokens\": [51264, 883, 11, 286, 478, 257, 6567, 5748, 13, 51364], \"temperature\": 0.0, \"avg_logprob\": -0.3262309730052948, \"compression_ratio\": 1.6202532052993774, \"no_speech_prob\": 0.5616368651390076}, {\"id\": 24, \"seek\": 2800, \"start\": 48.0, \"end\": 50.0, \"text\": \" I mean, I did modeling here and there,\", \"tokens\": [51364, 286, 914, 11, 286, 630, 15983, 510, 293, 456, 11, 51464], \"temperature\": 0.0, \"avg_logprob\": -0.3262309730052948, \"compression_ratio\": 1.6202532052993774, \"no_speech_prob\": 0.5616368651390076}, {\"id\": 25, \"seek\": 2800, \"start\": 50.0, \"end\": 52.0, \"text\": \" but I haven't had time to pursue that as a\", \"tokens\": [51464, 457, 286, 2378, 380, 632, 565, 281, 12392, 300, 382, 257, 51564], \"temperature\": 0.0, \"avg_logprob\": -0.3262309730052948, \"compression_ratio\": 1.6202532052993774, \"no_speech_prob\": 0.5616368651390076}, {\"id\": 26, \"seek\": 2800, \"start\": 52.0, \"end\": 54.0, \"text\": \" full career.\", \"tokens\": [51564, 1577, 3988, 13, 51664], \"temperature\": 0.0, \"avg_logprob\": -0.3262309730052948, \"compression_ratio\": 1.6202532052993774, \"no_speech_prob\": 0.5616368651390076}, {\"id\": 27, \"seek\": 2800, \"start\": 54.0, \"end\": 56.0, \"text\": \" Are we going to grab a tea together?\", \"tokens\": [51664, 2014, 321, 516, 281, 4444, 257, 5817, 1214, 30, 51764], \"temperature\": 0.0, \"avg_logprob\": -0.3262309730052948, \"compression_ratio\": 1.6202532052993774, \"no_speech_prob\": 0.5616368651390076}, {\"id\": 28, \"seek\": 5600, \"start\": 56.0, \"end\": 58.0, \"text\": \" Sure.\", \"tokens\": [50364, 4894, 13, 50464], \"temperature\": 0.0, \"avg_logprob\": -0.5064127445220947, \"compression_ratio\": 1.059999942779541, \"no_speech_prob\": 0.12239629775285721}, {\"id\": 29, \"seek\": 5600, \"start\": 58.0, \"end\": 60.0, \"text\": \" Alright, cool.\", \"tokens\": [50464, 2798, 11, 1627, 13, 50564], \"temperature\": 0.0, \"avg_logprob\": -0.5064127445220947, \"compression_ratio\": 1.059999942779541, \"no_speech_prob\": 0.12239629775285721}, {\"id\": 30, \"seek\": 5600, \"start\": 68.0, \"end\": 70.0, \"text\": \" My friendship videoing.\", \"tokens\": [50964, 1222, 283, 11047, 1210, 960, 278, 13, 51064], \"temperature\": 0.0, \"avg_logprob\": -0.5064127445220947, \"compression_ratio\": 1.059999942779541, \"no_speech_prob\": 0.12239629775285721}, {\"id\": 31, \"seek\": 5600, \"start\": 72.0, \"end\": 74.0, \"text\": \" Brad, you're kidding.\", \"tokens\": [51164, 11895, 11, 291, 434, 9287, 13, 51264], \"temperature\": 0.0, \"avg_logprob\": -0.5064127445220947, \"compression_ratio\": 1.059999942779541, \"no_speech_prob\": 0.12239629775285721}, {\"id\": 32, \"seek\": 5600, \"start\": 74.0, \"end\": 76.0, \"text\": \" I swear to God.\", \"tokens\": [51264, 286, 11902, 281, 1265, 13, 51364], \"temperature\": 0.0, \"avg_logprob\": -0.5064127445220947, \"compression_ratio\": 1.059999942779541, \"no_speech_prob\": 0.12239629775285721}, {\"id\": 33, \"seek\": 5600, \"start\": 80.0, \"end\": 82.0, \"text\": \" Don't get the evil eye.\", \"tokens\": [51564, 1468, 380, 483, 264, 6724, 3313, 13, 51664], \"temperature\": 0.0, \"avg_logprob\": -0.5064127445220947, \"compression_ratio\": 1.059999942779541, \"no_speech_prob\": 0.12239629775285721}, {\"id\": 34, \"seek\": 8200, \"start\": 82.0, \"end\": 84.0, \"text\": \" Did you follow me in that box?\", \"tokens\": [50364, 2589, 291, 1524, 385, 294, 300, 2424, 30, 50464], \"temperature\": 0.0, \"avg_logprob\": -0.3587060570716858, \"compression_ratio\": 1.6666666269302368, \"no_speech_prob\": 0.11112852394580841}, {\"id\": 35, \"seek\": 8200, \"start\": 84.0, \"end\": 86.0, \"text\": \" I didn't follow you.\", \"tokens\": [50464, 286, 994, 380, 1524, 291, 13, 50564], \"temperature\": 0.0, \"avg_logprob\": -0.3587060570716858, \"compression_ratio\": 1.6666666269302368, \"no_speech_prob\": 0.11112852394580841}, {\"id\": 36, \"seek\": 8200, \"start\": 86.0, \"end\": 88.0, \"text\": \" That's why I'm here.\", \"tokens\": [50564, 663, 311, 983, 286, 478, 510, 13, 50664], \"temperature\": 0.0, \"avg_logprob\": -0.3587060570716858, \"compression_ratio\": 1.6666666269302368, \"no_speech_prob\": 0.11112852394580841}, {\"id\": 37, \"seek\": 8200, \"start\": 88.0, \"end\": 90.0, \"text\": \" I guess that's the only way you can approach someone\", \"tokens\": [50664, 286, 2041, 300, 311, 264, 787, 636, 291, 393, 3109, 1580, 50764], \"temperature\": 0.0, \"avg_logprob\": -0.3587060570716858, \"compression_ratio\": 1.6666666269302368, \"no_speech_prob\": 0.11112852394580841}, {\"id\": 38, \"seek\": 8200, \"start\": 90.0, \"end\": 92.0, \"text\": \" is by coming up to them and being direct.\", \"tokens\": [50764, 307, 538, 1348, 493, 281, 552, 293, 885, 2047, 13, 50864], \"temperature\": 0.0, \"avg_logprob\": -0.3587060570716858, \"compression_ratio\": 1.6666666269302368, \"no_speech_prob\": 0.11112852394580841}, {\"id\": 39, \"seek\": 8200, \"start\": 92.0, \"end\": 94.0, \"text\": \" Because, you know, you're not going to get anywhere\", \"tokens\": [50864, 1436, 11, 291, 458, 11, 291, 434, 406, 516, 281, 483, 4992, 50964], \"temperature\": 0.0, \"avg_logprob\": -0.3587060570716858, \"compression_ratio\": 1.6666666269302368, \"no_speech_prob\": 0.11112852394580841}, {\"id\": 40, \"seek\": 8200, \"start\": 94.0, \"end\": 96.0, \"text\": \" if you stand behind a, you know,\", \"tokens\": [50964, 498, 291, 1463, 2261, 257, 11, 291, 458, 11, 51064], \"temperature\": 0.0, \"avg_logprob\": -0.3587060570716858, \"compression_ratio\": 1.6666666269302368, \"no_speech_prob\": 0.11112852394580841}, {\"id\": 41, \"seek\": 8200, \"start\": 96.0, \"end\": 98.0, \"text\": \" beam or something.\", \"tokens\": [51064, 14269, 420, 746, 13, 51164], \"temperature\": 0.0, \"avg_logprob\": -0.3587060570716858, \"compression_ratio\": 1.6666666269302368, \"no_speech_prob\": 0.11112852394580841}, {\"id\": 42, \"seek\": 8200, \"start\": 98.0, \"end\": 100.0, \"text\": \" You know, three guys in a corner.\", \"tokens\": [51164, 509, 458, 11, 1045, 1074, 294, 257, 4538, 13, 51264], \"temperature\": 0.0, \"avg_logprob\": -0.3587060570716858, \"compression_ratio\": 1.6666666269302368, \"no_speech_prob\": 0.11112852394580841}, {\"id\": 43, \"seek\": 8200, \"start\": 102.0, \"end\": 104.0, \"text\": \" So you're telling me I have to creep around the road.\", \"tokens\": [51364, 407, 291, 434, 3585, 385, 286, 362, 281, 9626, 926, 264, 3060, 13, 51464], \"temperature\": 0.0, \"avg_logprob\": -0.3587060570716858, \"compression_ratio\": 1.6666666269302368, \"no_speech_prob\": 0.11112852394580841}, {\"id\": 44, \"seek\": 8200, \"start\": 104.0, \"end\": 106.0, \"text\": \" No, we have people.\", \"tokens\": [51464, 883, 11, 321, 362, 561, 13, 51564], \"temperature\": 0.0, \"avg_logprob\": -0.3587060570716858, \"compression_ratio\": 1.6666666269302368, \"no_speech_prob\": 0.11112852394580841}, {\"id\": 45, \"seek\": 8200, \"start\": 106.0, \"end\": 108.0, \"text\": \" We have guys do that.\", \"tokens\": [51564, 492, 362, 1074, 360, 300, 13, 51664], \"temperature\": 0.0, \"avg_logprob\": -0.3587060570716858, \"compression_ratio\": 1.6666666269302368, \"no_speech_prob\": 0.11112852394580841}, {\"id\": 46, \"seek\": 8200, \"start\": 108.0, \"end\": 110.0, \"text\": \" You know, they're like this.\", \"tokens\": [51664, 509, 458, 11, 436, 434, 411, 341, 13, 51764], \"temperature\": 0.0, \"avg_logprob\": -0.3587060570716858, \"compression_ratio\": 1.6666666269302368, \"no_speech_prob\": 0.11112852394580841}, {\"id\": 47, \"seek\": 11200, \"start\": 112.0, \"end\": 114.0, \"text\": \" So for the record,\", \"tokens\": [50364, 407, 337, 264, 2136, 11, 50464], \"temperature\": 0.0, \"avg_logprob\": -0.36070308089256287, \"compression_ratio\": 1.7131147384643555, \"no_speech_prob\": 0.0059983921237289906}, {\"id\": 48, \"seek\": 11200, \"start\": 114.0, \"end\": 116.0, \"text\": \" that's not going to work out.\", \"tokens\": [50464, 300, 311, 406, 516, 281, 589, 484, 13, 50564], \"temperature\": 0.0, \"avg_logprob\": -0.36070308089256287, \"compression_ratio\": 1.7131147384643555, \"no_speech_prob\": 0.0059983921237289906}, {\"id\": 49, \"seek\": 11200, \"start\": 116.0, \"end\": 118.0, \"text\": \" So anyway,\", \"tokens\": [50564, 407, 4033, 11, 50664], \"temperature\": 0.0, \"avg_logprob\": -0.36070308089256287, \"compression_ratio\": 1.7131147384643555, \"no_speech_prob\": 0.0059983921237289906}, {\"id\": 50, \"seek\": 11200, \"start\": 118.0, \"end\": 120.0, \"text\": \" you just have to come up and say,\", \"tokens\": [50664, 291, 445, 362, 281, 808, 493, 293, 584, 11, 50764], \"temperature\": 0.0, \"avg_logprob\": -0.36070308089256287, \"compression_ratio\": 1.7131147384643555, \"no_speech_prob\": 0.0059983921237289906}, {\"id\": 51, \"seek\": 11200, \"start\": 120.0, \"end\": 122.0, \"text\": \" hey, I'm so-and-so.\", \"tokens\": [50764, 4177, 11, 286, 478, 370, 12, 474, 12, 539, 13, 50864], \"temperature\": 0.0, \"avg_logprob\": -0.36070308089256287, \"compression_ratio\": 1.7131147384643555, \"no_speech_prob\": 0.0059983921237289906}, {\"id\": 52, \"seek\": 11200, \"start\": 122.0, \"end\": 124.0, \"text\": \" Well, if you know what I'm going to talk to you,\", \"tokens\": [50864, 1042, 11, 498, 291, 458, 437, 286, 478, 516, 281, 751, 281, 291, 11, 50964], \"temperature\": 0.0, \"avg_logprob\": -0.36070308089256287, \"compression_ratio\": 1.7131147384643555, \"no_speech_prob\": 0.0059983921237289906}, {\"id\": 53, \"seek\": 11200, \"start\": 124.0, \"end\": 126.0, \"text\": \" then she'll say,\", \"tokens\": [50964, 550, 750, 603, 584, 11, 51064], \"temperature\": 0.0, \"avg_logprob\": -0.36070308089256287, \"compression_ratio\": 1.7131147384643555, \"no_speech_prob\": 0.0059983921237289906}, {\"id\": 54, \"seek\": 11200, \"start\": 126.0, \"end\": 128.0, \"text\": \" hey, you know, I'm going here\", \"tokens\": [51064, 4177, 11, 291, 458, 11, 286, 478, 516, 510, 51164], \"temperature\": 0.0, \"avg_logprob\": -0.36070308089256287, \"compression_ratio\": 1.7131147384643555, \"no_speech_prob\": 0.0059983921237289906}, {\"id\": 55, \"seek\": 11200, \"start\": 128.0, \"end\": 130.0, \"text\": \" and I'm busy and I've got a boyfriend.\", \"tokens\": [51164, 293, 286, 478, 5856, 293, 286, 600, 658, 257, 11457, 13, 51264], \"temperature\": 0.0, \"avg_logprob\": -0.36070308089256287, \"compression_ratio\": 1.7131147384643555, \"no_speech_prob\": 0.0059983921237289906}, {\"id\": 56, \"seek\": 11200, \"start\": 130.0, \"end\": 132.0, \"text\": \" Oh, cute.\", \"tokens\": [51264, 876, 11, 4052, 13, 51364], \"temperature\": 0.0, \"avg_logprob\": -0.36070308089256287, \"compression_ratio\": 1.7131147384643555, \"no_speech_prob\": 0.0059983921237289906}, {\"id\": 57, \"seek\": 11200, \"start\": 132.0, \"end\": 134.0, \"text\": \" I've seen this. Walking through the wallet\", \"tokens\": [51364, 286, 600, 1612, 341, 13, 26964, 807, 264, 16599, 51464], \"temperature\": 0.0, \"avg_logprob\": -0.36070308089256287, \"compression_ratio\": 1.7131147384643555, \"no_speech_prob\": 0.0059983921237289906}, {\"id\": 58, \"seek\": 11200, \"start\": 134.0, \"end\": 136.0, \"text\": \" with the money clip and pulling out\", \"tokens\": [51464, 365, 264, 1460, 7353, 293, 8407, 484, 51564], \"temperature\": 0.0, \"avg_logprob\": -0.36070308089256287, \"compression_ratio\": 1.7131147384643555, \"no_speech_prob\": 0.0059983921237289906}, {\"id\": 59, \"seek\": 11200, \"start\": 136.0, \"end\": 138.0, \"text\": \" the American Express, you know.\", \"tokens\": [51564, 264, 2665, 20212, 11, 291, 458, 13, 51664], \"temperature\": 0.0, \"avg_logprob\": -0.36070308089256287, \"compression_ratio\": 1.7131147384643555, \"no_speech_prob\": 0.0059983921237289906}, {\"id\": 60, \"seek\": 11200, \"start\": 138.0, \"end\": 140.0, \"text\": \" Just kind of chilling with the American Express.\", \"tokens\": [51664, 1449, 733, 295, 31047, 365, 264, 2665, 20212, 13, 51764], \"temperature\": 0.0, \"avg_logprob\": -0.36070308089256287, \"compression_ratio\": 1.7131147384643555, \"no_speech_prob\": 0.0059983921237289906}, {\"id\": 61, \"seek\": 14000, \"start\": 140.0, \"end\": 142.0, \"text\": \" Exactly, you know, that way, whatever.\", \"tokens\": [50364, 7587, 11, 291, 458, 11, 300, 636, 11, 2035, 13, 50464], \"temperature\": 0.0, \"avg_logprob\": -0.378100723028183, \"compression_ratio\": 1.415204644203186, \"no_speech_prob\": 0.43603721261024475}, {\"id\": 62, \"seek\": 14000, \"start\": 142.0, \"end\": 144.0, \"text\": \" That's hilarious.\", \"tokens\": [50464, 663, 311, 19796, 13, 50564], \"temperature\": 0.0, \"avg_logprob\": -0.378100723028183, \"compression_ratio\": 1.415204644203186, \"no_speech_prob\": 0.43603721261024475}, {\"id\": 63, \"seek\": 14000, \"start\": 144.0, \"end\": 146.0, \"text\": \" Go away.\", \"tokens\": [50564, 1037, 1314, 13, 50664], \"temperature\": 0.0, \"avg_logprob\": -0.378100723028183, \"compression_ratio\": 1.415204644203186, \"no_speech_prob\": 0.43603721261024475}, {\"id\": 64, \"seek\": 14000, \"start\": 146.0, \"end\": 148.0, \"text\": \" What's your number?\", \"tokens\": [50664, 708, 311, 428, 1230, 30, 50764], \"temperature\": 0.0, \"avg_logprob\": -0.378100723028183, \"compression_ratio\": 1.415204644203186, \"no_speech_prob\": 0.43603721261024475}, {\"id\": 65, \"seek\": 14000, \"start\": 148.0, \"end\": 150.0, \"text\": \" He's doing another smooth move.\", \"tokens\": [50764, 634, 311, 884, 1071, 5508, 1286, 13, 50864], \"temperature\": 0.0, \"avg_logprob\": -0.378100723028183, \"compression_ratio\": 1.415204644203186, \"no_speech_prob\": 0.43603721261024475}, {\"id\": 66, \"seek\": 14000, \"start\": 150.0, \"end\": 152.0, \"text\": \" Oh, wow. Smooth move.\", \"tokens\": [50864, 876, 11, 6076, 13, 42404, 1286, 13, 50964], \"temperature\": 0.0, \"avg_logprob\": -0.378100723028183, \"compression_ratio\": 1.415204644203186, \"no_speech_prob\": 0.43603721261024475}, {\"id\": 67, \"seek\": 14000, \"start\": 152.0, \"end\": 154.0, \"text\": \" Damn it.\", \"tokens\": [50964, 11907, 309, 13, 51064], \"temperature\": 0.0, \"avg_logprob\": -0.378100723028183, \"compression_ratio\": 1.415204644203186, \"no_speech_prob\": 0.43603721261024475}, {\"id\": 68, \"seek\": 14000, \"start\": 154.0, \"end\": 156.0, \"text\": \" I can't do it.\", \"tokens\": [51064, 286, 393, 380, 360, 309, 13, 51164], \"temperature\": 0.0, \"avg_logprob\": -0.378100723028183, \"compression_ratio\": 1.415204644203186, \"no_speech_prob\": 0.43603721261024475}, {\"id\": 69, \"seek\": 14000, \"start\": 156.0, \"end\": 158.0, \"text\": \" I'm sorry.\", \"tokens\": [51164, 286, 478, 2597, 13, 51264], \"temperature\": 0.0, \"avg_logprob\": -0.378100723028183, \"compression_ratio\": 1.415204644203186, \"no_speech_prob\": 0.43603721261024475}, {\"id\": 70, \"seek\": 14000, \"start\": 158.0, \"end\": 160.0, \"text\": \" She got me a drink.\", \"tokens\": [51264, 1240, 658, 385, 257, 2822, 13, 51364], \"temperature\": 0.0, \"avg_logprob\": -0.378100723028183, \"compression_ratio\": 1.415204644203186, \"no_speech_prob\": 0.43603721261024475}, {\"id\": 71, \"seek\": 14000, \"start\": 162.0, \"end\": 164.0, \"text\": \" You got it? Yeah, I got it.\", \"tokens\": [51464, 509, 658, 309, 30, 865, 11, 286, 658, 309, 13, 51564], \"temperature\": 0.0, \"avg_logprob\": -0.378100723028183, \"compression_ratio\": 1.415204644203186, \"no_speech_prob\": 0.43603721261024475}, {\"id\": 72, \"seek\": 14000, \"start\": 164.0, \"end\": 166.0, \"text\": \" Emily, right? Yeah.\", \"tokens\": [51564, 15034, 11, 558, 30, 865, 13, 51664], \"temperature\": 0.0, \"avg_logprob\": -0.378100723028183, \"compression_ratio\": 1.415204644203186, \"no_speech_prob\": 0.43603721261024475}]}"}