{"title": "The Ultimate Strategy for Meeting Women Connecting with the Right Men  #confidencecoach", "video_id": "rzwQpDBM74Y", "video_url": "https://www.youtube.com/watch?v=rzwQpDBM74Y", "description": "To listen to more episodes of the Inner Confidence Podcast, visit the links below:\nWebsite: https://innerconfidence.com/podcast/\niTunes:https://podcasts.apple.com/us/podcast/inner-confidence-podcast/id986699444 \nSpotify: https://open.spotify.com/show/2zkWuTnt7whvnR6CO6oNPV\nRSS: https://innerconfidence.com/series/leverage-podcast/feed/\n\nAnd if you're interested in learning more about my coaching services and connecting with me, check out these links:\nLinkTree: https://linktr.ee/Robbiekramer\nMain Site: https://innerconfidence.com/\nInstagram: https://www.instagram.com/robbie_kramer/\nTikTok: https://www.tiktok.com/@robbie.kramer\nYouTube: https://www.youtube.com/innerconfidence\n\nThank you for tuning in, and I look forward to helping you build your inner confidence and achieve success!\nJoin us : https://innerconfidence.com/leverage/\nBook a call with Robbie: https://start.innerconfidence.com/video1", "published_at": "2023-08-10T19:56:12Z", "channel_id": "UC0O-ohYDF4P66HW9XJ4Us8w", "channel_title": "Robbie Kramer", "tags": [], "category_id": "24", "live_broadcast_content": "none", "duration": 28.0, "dimension": "2d", "definition": "hd", "caption": "false", "view_count": 1035, "like_count": 7, "comment_count": 1, "channel_info": {"title": "Robbie Kramer", "description": "I'm Robbie Kramer \ud83c\udf99Host of The Inner Confidence Podcast & Founder of Inner Confidence, Inc.\n\nI lived an exhilarating single life filled with adventures and lessons, and ultimately achieved what I had always aspired to \u2013 finding an amazing, feminine, and loving wife. \n\nI believe my experiences provide a rare balance of wild freedom and committed love, equipping me with the insights to help you navigate the complexities of dating and relationships in today's world. Let me guide you to embrace your desires, improve your social prowess, and ultimately attract the partner who aligns with your highest aspirations.\n\nYou won\u2019t find any fluffy, new-age, or cringy stuff here, just tested, proven and actionable advice that yields results.\n\nApply to join our exclusive Inner Confidence Community of ambitious men who are actively working together to achieve their goals faster   \u25ba https://innerconfidence.com/community\n\nYou can email me at robbie@innerconfidence.com with any questions or comments.\n", "subscriber_count": "1270", "total_views": "604693", "total_videos": "470"}, "comments": [], "file_path": "/Users/aelaguiz/workspace/fc_book/audio/raws/rzwQpDBM74Y.mp3", "transcription": "{\"text\": \"I really love this. Like you're not just meeting women. Most men just go, I'm going to go singularly just go to meet women. But yours is like, this might sound weird, but how can you go meet men who might have those connections? I'm like, that's when it's like, meet the men, they have the women. It's like, how many times like even in marketing is because I love like looking into some marketing stuff. Like everyone's like, where's all the traffic, the traffic's already out there. Find people who have your traffic. It's the same. \", \"segments\": [{\"id\": 0, \"seek\": 0, \"start\": 0.0, \"end\": 3.5999999046325684, \"text\": \" I really love this. Like you're not just meeting women. Most men\", \"tokens\": [50364, 286, 534, 959, 341, 13, 1743, 291, 434, 406, 445, 3440, 2266, 13, 4534, 1706, 50544], \"temperature\": 0.0, \"avg_logprob\": -0.27848154306411743, \"compression_ratio\": 1.8636363744735718, \"no_speech_prob\": 0.0010152801405638456}, {\"id\": 1, \"seek\": 0, \"start\": 3.5999999046325684, \"end\": 5.920000076293945, \"text\": \" just go, I'm going to go singularly just go to meet\", \"tokens\": [50544, 445, 352, 11, 286, 478, 516, 281, 352, 20010, 356, 445, 352, 281, 1677, 50660], \"temperature\": 0.0, \"avg_logprob\": -0.27848154306411743, \"compression_ratio\": 1.8636363744735718, \"no_speech_prob\": 0.0010152801405638456}, {\"id\": 2, \"seek\": 0, \"start\": 5.920000076293945, \"end\": 9.239999771118164, \"text\": \" women. But yours is like, this might sound weird, but how can\", \"tokens\": [50660, 2266, 13, 583, 6342, 307, 411, 11, 341, 1062, 1626, 3657, 11, 457, 577, 393, 50826], \"temperature\": 0.0, \"avg_logprob\": -0.27848154306411743, \"compression_ratio\": 1.8636363744735718, \"no_speech_prob\": 0.0010152801405638456}, {\"id\": 3, \"seek\": 0, \"start\": 9.239999771118164, \"end\": 12.760000228881836, \"text\": \" you go meet men who might have those connections? I'm like,\", \"tokens\": [50826, 291, 352, 1677, 1706, 567, 1062, 362, 729, 9271, 30, 286, 478, 411, 11, 51002], \"temperature\": 0.0, \"avg_logprob\": -0.27848154306411743, \"compression_ratio\": 1.8636363744735718, \"no_speech_prob\": 0.0010152801405638456}, {\"id\": 4, \"seek\": 0, \"start\": 13.239999771118164, \"end\": 16.799999237060547, \"text\": \" that's when it's like, meet the men, they have the women. It's\", \"tokens\": [51026, 300, 311, 562, 309, 311, 411, 11, 1677, 264, 1706, 11, 436, 362, 264, 2266, 13, 467, 311, 51204], \"temperature\": 0.0, \"avg_logprob\": -0.27848154306411743, \"compression_ratio\": 1.8636363744735718, \"no_speech_prob\": 0.0010152801405638456}, {\"id\": 5, \"seek\": 0, \"start\": 16.799999237060547, \"end\": 19.959999084472656, \"text\": \" like, how many times like even in marketing is because I love\", \"tokens\": [51204, 411, 11, 577, 867, 1413, 411, 754, 294, 6370, 307, 570, 286, 959, 51362], \"temperature\": 0.0, \"avg_logprob\": -0.27848154306411743, \"compression_ratio\": 1.8636363744735718, \"no_speech_prob\": 0.0010152801405638456}, {\"id\": 6, \"seek\": 0, \"start\": 19.959999084472656, \"end\": 21.959999084472656, \"text\": \" like looking into some marketing stuff. Like everyone's like,\", \"tokens\": [51362, 411, 1237, 666, 512, 6370, 1507, 13, 1743, 1518, 311, 411, 11, 51462], \"temperature\": 0.0, \"avg_logprob\": -0.27848154306411743, \"compression_ratio\": 1.8636363744735718, \"no_speech_prob\": 0.0010152801405638456}, {\"id\": 7, \"seek\": 0, \"start\": 21.959999084472656, \"end\": 24.31999969482422, \"text\": \" where's all the traffic, the traffic's already out there.\", \"tokens\": [51462, 689, 311, 439, 264, 6419, 11, 264, 6419, 311, 1217, 484, 456, 13, 51580], \"temperature\": 0.0, \"avg_logprob\": -0.27848154306411743, \"compression_ratio\": 1.8636363744735718, \"no_speech_prob\": 0.0010152801405638456}, {\"id\": 8, \"seek\": 0, \"start\": 24.31999969482422, \"end\": 26.959999084472656, \"text\": \" Find people who have your traffic. It's the same.\", \"tokens\": [51580, 11809, 561, 567, 362, 428, 6419, 13, 467, 311, 264, 912, 13, 51712], \"temperature\": 0.0, \"avg_logprob\": -0.27848154306411743, \"compression_ratio\": 1.8636363744735718, \"no_speech_prob\": 0.0010152801405638456}]}"}