{"title": "Daygame Infield Hidden Camera Beverly & Robinson - How To Vibe Conversationally", "video_id": "s7fhOBRwpKA", "video_url": "https://www.youtube.com/watch?v=s7fhOBRwpKA", "description": "To listen to more episodes of the Inner Confidence Podcast, visit the links below:\nWebsite: https://innerconfidence.com/podcast/\niTunes:https://podcasts.apple.com/us/podcast/inner-confidence-podcast/id986699444 \nSpotify: https://open.spotify.com/show/2zkWuTnt7whvnR6CO6oNPV\nRSS: https://innerconfidence.com/series/leverage-podcast/feed/\n\nAnd if you're interested in learning more about my coaching services and connecting with me, check out these links:\nLinkTree: https://linktr.ee/Robbiekramer\nMain Site: https://innerconfidence.com/\nInstagram: https://www.instagram.com/robbie_kramer/\nTikTok: https://www.tiktok.com/@robbie.kramer\nYouTube: https://www.youtube.com/innerconfidence\n\nThank you for tuning in, and I look forward to helping you build your inner confidence and achieve success!\n\nJoin us : https://innerconfidence.com/leverage/\nBook a call with me : https://start.innerconfidence.com/video1\n\n\n#personaldevelopment #selfimprovement #innerconfidence #innerconfidencepodcast #podcast #coaching #success #motivation #inspiration #mindset #datingcoach #relationshipgoals #confidencecoach #selfimprovement #successfulmen", "published_at": "2013-07-18T05:15:32Z", "channel_id": "UC0O-ohYDF4P66HW9XJ4Us8w", "channel_title": "Robbie Kramer", "tags": ["Approaching Women", "How to meet women"], "category_id": "24", "live_broadcast_content": "none", "duration": 280.0, "dimension": "2d", "definition": "sd", "caption": "false", "view_count": 340, "like_count": 6, "comment_count": 1, "channel_info": {"title": "Robbie Kramer", "description": "I'm Robbie Kramer \ud83c\udf99Host of The Inner Confidence Podcast & Founder of Inner Confidence, Inc.\n\nI lived an exhilarating single life filled with adventures and lessons, and ultimately achieved what I had always aspired to \u2013 finding an amazing, feminine, and loving wife. \n\nI believe my experiences provide a rare balance of wild freedom and committed love, equipping me with the insights to help you navigate the complexities of dating and relationships in today's world. Let me guide you to embrace your desires, improve your social prowess, and ultimately attract the partner who aligns with your highest aspirations.\n\nYou won\u2019t find any fluffy, new-age, or cringy stuff here, just tested, proven and actionable advice that yields results.\n\nApply to join our exclusive Inner Confidence Community of ambitious men who are actively working together to achieve their goals faster   \u25ba https://innerconfidence.com/community\n\nYou can email me at robbie@innerconfidence.com with any questions or comments.\n", "subscriber_count": "1270", "total_views": "604693", "total_videos": "470"}, "comments": [], "file_path": "/Users/aelaguiz/workspace/fc_book/audio/raws/s7fhOBRwpKA.mp3", "transcription": "{\"text\": \"Hey. Hi. Saw you walking across the crosswalk there. Oh, okay. And I was like, I gotta embarrass the fuck out of myself and hit on this girl. Oh. What's your name? Robbie. Robbie? Ooh, sorry. I'm Carrie. Carrie, nice to meet you. Nice to meet you. I swear I'm only like a third creepy. Okay. Okay. No, that's alright. I'm impressed you ran down from the Starbucks. I know. It was like, you know, a pretty good workout. Pretty good workout, yeah. Good. Good. What are you up to? I'm just doing a little shopping for a doctor's appointment. Oh, okay. Yeah. Got a broken thumb. I should be wearing my cast thing, but. Decided not to. Get all sweaty and stuff. Yeah. You know. Not good for hitting on girls. No, exactly. Wouldn't want to be hitting on you with a sweaty hand. Yeah, with a broken thumb. Yeah. There you go. Right? What are you going to the doctor's for? Unless it's private. Unless it's just a checkup. No, nothing crazy. Yeah. Yeah. I should have a regular doctor. Mm-hmm. Yeah. Yeah. Yeah. Yeah. Yeah. Yeah. Yeah. Yeah. I should have a regular doctor. Mm-hmm. You go for, you actually go for checkups? People do that? Mm-hmm. People still do that. Oh, really? Yeah. If you want to stay healthy, yeah. I just assumed if you're not sick, you're healthy, right? That's true. Yeah. Yeah. So what do you do? What do I do? I'm still in school, actually. Okay. Yeah. Yeah. And I work. What about you? I do some real estate stuff. Okay. Yeah. I live in, right now I'm living around the corner of Beverly Hills, but I'm moving to Santa Monica, I think. Oh, okay. I live in Planet RA. Oh, okay. I used to live in the marina. Oh, yeah. Yeah. You like it over there? All the old swingers? Yeah. Old swingers? Well, no, it's just a lot of old people. I didn't see that part of town when I was there. There's a lot of old people, though. Yeah. You know. Like old swinger-swingers, or just old people? Not like swinger-swingers, but I just like to say that. Okay. But yeah, older people. Older folks. I was like, damn, I missed out on the old people swinging. I mean. No. No. As good as that sounds. As exciting as that is, yeah. Right. Do you like Playa? Yeah, it's okay. I mean, it's right. It's close to where I go to school. I go to LMU. I just transferred there, so. Okay. Yeah. Yeah. Do you like LMU? I do. Yeah. I mean, it's weird because I took some time off and then decided to go back to school, so I'm like older than most people that are there. Okay. But. I didn't want to say you looked old, but you don't look like a college student. No. No. I mean, I'm not quite undergrad level, but. Okay. That's all right. I'll finish it up. Nice. So what's your major? Screenwriting, actually. What's your favorite color? Not answering that. You're going to have to try a little harder than that. So that's why you're in LA? For film stuff? Yeah. Yeah. Okay. And you grew up where? I thought I'd give it a shot. In Denver. Oh, okay. What about you? Actually, Denver? Around Denver. Evergreen? I don't know if you know where that is. I've been to Boulder a bunch of times. It's like, it's more in the foothills than Boulder is, even. West? Or east? West. It's on your way to the ski resort. To Vail and all those places? Yeah. Yeah. Yeah. It's kind of my Newport area. Yeah. My parents live down there now. Okay. And you're from Colorado? Sort of. Not great. Sort of? Not great. From Colorado? I know. I'm not really a cold-weather person, to be honest. You don't have any of the stereotypes. I know. Yeah. Really not. Yeah. I wasn't supposed to be born there, apparently. I don't know. Well, now you're at the beach. Exactly. I like that better. I've lived five minutes from the beach my whole life and never got into surfing. Snowboarding, skiing, wakeboarding, but not surfing. Never surfing? Yeah. Fair. Fair. That's all right. How's my sales pitch going so far? Stop it. What else do I need to do to convince you to give me your number? Or if you don't like me, give me a fake one. Again? I'll give you my number. You seem nice. You seem normal. All right. I seem, you know, harmless. Mostly harmless, right? I did, right? It's a big production. Here, you can put it in there. Okay. Don't try not to be nice when you're ready. Yeah, I promise. You promise you won't? Okay. I'll do my best. No one's caught me yet. Okay. Good. Yeah. Do you want me to just put in my last name or do you want me to put... Okay. First name, last name, social security number. I'll just... Address. Yeah. Exactly. All that good stuff. I'll just put it in as my first name. Kelsey? Carrie. Carrie. C-A-R-R-I. Carrie. Someone else spells it like that. Someone on some TV show, right? Really? Yeah. Oh. Carrie Russell. No, she's a K. Is she? She's a K. She's K-E-R-I. Yeah. That's right. Okay. How often are you in this part of town? Not very often. You know, I was just going to go down to Lululemon and see what they had, but... Yeah. Yeah. Check it out because I'm in my yoga attire right now. Yeah. Well, you pull it off. It's all right. It's summer. All right. Well, enjoy the rest of your day. Okay. You too. I'll send you some witty attempts at text messaging. Okay. I look forward to the attempts. All right. Nice to meet you. Give me a hug. Nice to meet you. Take care. Okay. Bye. Bye. Bye. Bye. Bye. \", \"segments\": [{\"id\": 0, \"seek\": 0, \"start\": 0.0, \"end\": 1.0, \"text\": \" Hey.\", \"tokens\": [50364, 1911, 13, 50414], \"temperature\": 0.0, \"avg_logprob\": -0.2767038345336914, \"compression_ratio\": 1.7312500476837158, \"no_speech_prob\": 0.4756168723106384}, {\"id\": 1, \"seek\": 0, \"start\": 1.0, \"end\": 2.0, \"text\": \" Hi.\", \"tokens\": [50414, 2421, 13, 50464], \"temperature\": 0.0, \"avg_logprob\": -0.2767038345336914, \"compression_ratio\": 1.7312500476837158, \"no_speech_prob\": 0.4756168723106384}, {\"id\": 2, \"seek\": 0, \"start\": 2.0, \"end\": 3.0, \"text\": \" Saw you walking across the crosswalk there.\", \"tokens\": [50464, 27307, 291, 4494, 2108, 264, 3278, 12490, 456, 13, 50514], \"temperature\": 0.0, \"avg_logprob\": -0.2767038345336914, \"compression_ratio\": 1.7312500476837158, \"no_speech_prob\": 0.4756168723106384}, {\"id\": 3, \"seek\": 0, \"start\": 3.0, \"end\": 4.0, \"text\": \" Oh, okay.\", \"tokens\": [50514, 876, 11, 1392, 13, 50564], \"temperature\": 0.0, \"avg_logprob\": -0.2767038345336914, \"compression_ratio\": 1.7312500476837158, \"no_speech_prob\": 0.4756168723106384}, {\"id\": 4, \"seek\": 0, \"start\": 4.0, \"end\": 5.0, \"text\": \" And I was like, I gotta embarrass the fuck out of myself and hit on this girl.\", \"tokens\": [50564, 400, 286, 390, 411, 11, 286, 3428, 9187, 264, 3275, 484, 295, 2059, 293, 2045, 322, 341, 2013, 13, 50614], \"temperature\": 0.0, \"avg_logprob\": -0.2767038345336914, \"compression_ratio\": 1.7312500476837158, \"no_speech_prob\": 0.4756168723106384}, {\"id\": 5, \"seek\": 0, \"start\": 5.0, \"end\": 6.0, \"text\": \" Oh.\", \"tokens\": [50614, 876, 13, 50664], \"temperature\": 0.0, \"avg_logprob\": -0.2767038345336914, \"compression_ratio\": 1.7312500476837158, \"no_speech_prob\": 0.4756168723106384}, {\"id\": 6, \"seek\": 0, \"start\": 6.0, \"end\": 7.0, \"text\": \" What's your name?\", \"tokens\": [50664, 708, 311, 428, 1315, 30, 50714], \"temperature\": 0.0, \"avg_logprob\": -0.2767038345336914, \"compression_ratio\": 1.7312500476837158, \"no_speech_prob\": 0.4756168723106384}, {\"id\": 7, \"seek\": 0, \"start\": 7.0, \"end\": 8.0, \"text\": \" Robbie.\", \"tokens\": [50714, 45749, 13, 50764], \"temperature\": 0.0, \"avg_logprob\": -0.2767038345336914, \"compression_ratio\": 1.7312500476837158, \"no_speech_prob\": 0.4756168723106384}, {\"id\": 8, \"seek\": 0, \"start\": 8.0, \"end\": 9.0, \"text\": \" Robbie?\", \"tokens\": [50764, 45749, 30, 50814], \"temperature\": 0.0, \"avg_logprob\": -0.2767038345336914, \"compression_ratio\": 1.7312500476837158, \"no_speech_prob\": 0.4756168723106384}, {\"id\": 9, \"seek\": 0, \"start\": 9.0, \"end\": 10.0, \"text\": \" Ooh, sorry.\", \"tokens\": [50814, 7951, 11, 2597, 13, 50864], \"temperature\": 0.0, \"avg_logprob\": -0.2767038345336914, \"compression_ratio\": 1.7312500476837158, \"no_speech_prob\": 0.4756168723106384}, {\"id\": 10, \"seek\": 0, \"start\": 10.0, \"end\": 11.0, \"text\": \" I'm Carrie.\", \"tokens\": [50864, 286, 478, 34654, 13, 50914], \"temperature\": 0.0, \"avg_logprob\": -0.2767038345336914, \"compression_ratio\": 1.7312500476837158, \"no_speech_prob\": 0.4756168723106384}, {\"id\": 11, \"seek\": 0, \"start\": 11.0, \"end\": 12.0, \"text\": \" Carrie, nice to meet you.\", \"tokens\": [50914, 34654, 11, 1481, 281, 1677, 291, 13, 50964], \"temperature\": 0.0, \"avg_logprob\": -0.2767038345336914, \"compression_ratio\": 1.7312500476837158, \"no_speech_prob\": 0.4756168723106384}, {\"id\": 12, \"seek\": 0, \"start\": 12.0, \"end\": 13.0, \"text\": \" Nice to meet you.\", \"tokens\": [50964, 5490, 281, 1677, 291, 13, 51014], \"temperature\": 0.0, \"avg_logprob\": -0.2767038345336914, \"compression_ratio\": 1.7312500476837158, \"no_speech_prob\": 0.4756168723106384}, {\"id\": 13, \"seek\": 0, \"start\": 13.0, \"end\": 14.0, \"text\": \" I swear I'm only like a third creepy.\", \"tokens\": [51014, 286, 11902, 286, 478, 787, 411, 257, 2636, 14717, 13, 51064], \"temperature\": 0.0, \"avg_logprob\": -0.2767038345336914, \"compression_ratio\": 1.7312500476837158, \"no_speech_prob\": 0.4756168723106384}, {\"id\": 14, \"seek\": 0, \"start\": 14.0, \"end\": 15.0, \"text\": \" Okay.\", \"tokens\": [51064, 1033, 13, 51114], \"temperature\": 0.0, \"avg_logprob\": -0.2767038345336914, \"compression_ratio\": 1.7312500476837158, \"no_speech_prob\": 0.4756168723106384}, {\"id\": 15, \"seek\": 0, \"start\": 15.0, \"end\": 16.0, \"text\": \" Okay.\", \"tokens\": [51114, 1033, 13, 51164], \"temperature\": 0.0, \"avg_logprob\": -0.2767038345336914, \"compression_ratio\": 1.7312500476837158, \"no_speech_prob\": 0.4756168723106384}, {\"id\": 16, \"seek\": 0, \"start\": 16.0, \"end\": 17.0, \"text\": \" No, that's alright.\", \"tokens\": [51164, 883, 11, 300, 311, 5845, 13, 51214], \"temperature\": 0.0, \"avg_logprob\": -0.2767038345336914, \"compression_ratio\": 1.7312500476837158, \"no_speech_prob\": 0.4756168723106384}, {\"id\": 17, \"seek\": 0, \"start\": 17.0, \"end\": 18.0, \"text\": \" I'm impressed you ran down from the Starbucks.\", \"tokens\": [51214, 286, 478, 11679, 291, 5872, 760, 490, 264, 26303, 13, 51264], \"temperature\": 0.0, \"avg_logprob\": -0.2767038345336914, \"compression_ratio\": 1.7312500476837158, \"no_speech_prob\": 0.4756168723106384}, {\"id\": 18, \"seek\": 0, \"start\": 18.0, \"end\": 19.0, \"text\": \" I know.\", \"tokens\": [51264, 286, 458, 13, 51314], \"temperature\": 0.0, \"avg_logprob\": -0.2767038345336914, \"compression_ratio\": 1.7312500476837158, \"no_speech_prob\": 0.4756168723106384}, {\"id\": 19, \"seek\": 0, \"start\": 19.0, \"end\": 20.0, \"text\": \" It was like, you know, a pretty good workout.\", \"tokens\": [51314, 467, 390, 411, 11, 291, 458, 11, 257, 1238, 665, 12169, 13, 51364], \"temperature\": 0.0, \"avg_logprob\": -0.2767038345336914, \"compression_ratio\": 1.7312500476837158, \"no_speech_prob\": 0.4756168723106384}, {\"id\": 20, \"seek\": 0, \"start\": 20.0, \"end\": 21.0, \"text\": \" Pretty good workout, yeah.\", \"tokens\": [51364, 10693, 665, 12169, 11, 1338, 13, 51414], \"temperature\": 0.0, \"avg_logprob\": -0.2767038345336914, \"compression_ratio\": 1.7312500476837158, \"no_speech_prob\": 0.4756168723106384}, {\"id\": 21, \"seek\": 0, \"start\": 21.0, \"end\": 22.0, \"text\": \" Good.\", \"tokens\": [51414, 2205, 13, 51464], \"temperature\": 0.0, \"avg_logprob\": -0.2767038345336914, \"compression_ratio\": 1.7312500476837158, \"no_speech_prob\": 0.4756168723106384}, {\"id\": 22, \"seek\": 0, \"start\": 22.0, \"end\": 23.0, \"text\": \" Good.\", \"tokens\": [51464, 2205, 13, 51514], \"temperature\": 0.0, \"avg_logprob\": -0.2767038345336914, \"compression_ratio\": 1.7312500476837158, \"no_speech_prob\": 0.4756168723106384}, {\"id\": 23, \"seek\": 0, \"start\": 23.0, \"end\": 24.0, \"text\": \" What are you up to?\", \"tokens\": [51514, 708, 366, 291, 493, 281, 30, 51564], \"temperature\": 0.0, \"avg_logprob\": -0.2767038345336914, \"compression_ratio\": 1.7312500476837158, \"no_speech_prob\": 0.4756168723106384}, {\"id\": 24, \"seek\": 0, \"start\": 24.0, \"end\": 25.0, \"text\": \" I'm just doing a little shopping for a doctor's appointment.\", \"tokens\": [51564, 286, 478, 445, 884, 257, 707, 8688, 337, 257, 4631, 311, 13653, 13, 51614], \"temperature\": 0.0, \"avg_logprob\": -0.2767038345336914, \"compression_ratio\": 1.7312500476837158, \"no_speech_prob\": 0.4756168723106384}, {\"id\": 25, \"seek\": 0, \"start\": 25.0, \"end\": 26.0, \"text\": \" Oh, okay.\", \"tokens\": [51614, 876, 11, 1392, 13, 51664], \"temperature\": 0.0, \"avg_logprob\": -0.2767038345336914, \"compression_ratio\": 1.7312500476837158, \"no_speech_prob\": 0.4756168723106384}, {\"id\": 26, \"seek\": 0, \"start\": 26.0, \"end\": 27.0, \"text\": \" Yeah.\", \"tokens\": [51664, 865, 13, 51714], \"temperature\": 0.0, \"avg_logprob\": -0.2767038345336914, \"compression_ratio\": 1.7312500476837158, \"no_speech_prob\": 0.4756168723106384}, {\"id\": 27, \"seek\": 2700, \"start\": 27.0, \"end\": 28.0, \"text\": \" Got a broken thumb.\", \"tokens\": [50364, 5803, 257, 5463, 9298, 13, 50414], \"temperature\": 0.0, \"avg_logprob\": -0.2335561364889145, \"compression_ratio\": 1.790262222290039, \"no_speech_prob\": 0.1480337530374527}, {\"id\": 28, \"seek\": 2700, \"start\": 28.0, \"end\": 29.0, \"text\": \" I should be wearing my cast thing, but.\", \"tokens\": [50414, 286, 820, 312, 4769, 452, 4193, 551, 11, 457, 13, 50464], \"temperature\": 0.0, \"avg_logprob\": -0.2335561364889145, \"compression_ratio\": 1.790262222290039, \"no_speech_prob\": 0.1480337530374527}, {\"id\": 29, \"seek\": 2700, \"start\": 29.0, \"end\": 30.0, \"text\": \" Decided not to.\", \"tokens\": [50464, 12427, 2112, 406, 281, 13, 50514], \"temperature\": 0.0, \"avg_logprob\": -0.2335561364889145, \"compression_ratio\": 1.790262222290039, \"no_speech_prob\": 0.1480337530374527}, {\"id\": 30, \"seek\": 2700, \"start\": 30.0, \"end\": 31.0, \"text\": \" Get all sweaty and stuff.\", \"tokens\": [50514, 3240, 439, 36044, 293, 1507, 13, 50564], \"temperature\": 0.0, \"avg_logprob\": -0.2335561364889145, \"compression_ratio\": 1.790262222290039, \"no_speech_prob\": 0.1480337530374527}, {\"id\": 31, \"seek\": 2700, \"start\": 31.0, \"end\": 32.0, \"text\": \" Yeah.\", \"tokens\": [50564, 865, 13, 50614], \"temperature\": 0.0, \"avg_logprob\": -0.2335561364889145, \"compression_ratio\": 1.790262222290039, \"no_speech_prob\": 0.1480337530374527}, {\"id\": 32, \"seek\": 2700, \"start\": 32.0, \"end\": 33.0, \"text\": \" You know.\", \"tokens\": [50614, 509, 458, 13, 50664], \"temperature\": 0.0, \"avg_logprob\": -0.2335561364889145, \"compression_ratio\": 1.790262222290039, \"no_speech_prob\": 0.1480337530374527}, {\"id\": 33, \"seek\": 2700, \"start\": 33.0, \"end\": 34.0, \"text\": \" Not good for hitting on girls.\", \"tokens\": [50664, 1726, 665, 337, 8850, 322, 4519, 13, 50714], \"temperature\": 0.0, \"avg_logprob\": -0.2335561364889145, \"compression_ratio\": 1.790262222290039, \"no_speech_prob\": 0.1480337530374527}, {\"id\": 34, \"seek\": 2700, \"start\": 34.0, \"end\": 35.0, \"text\": \" No, exactly.\", \"tokens\": [50714, 883, 11, 2293, 13, 50764], \"temperature\": 0.0, \"avg_logprob\": -0.2335561364889145, \"compression_ratio\": 1.790262222290039, \"no_speech_prob\": 0.1480337530374527}, {\"id\": 35, \"seek\": 2700, \"start\": 35.0, \"end\": 36.0, \"text\": \" Wouldn't want to be hitting on you with a sweaty hand.\", \"tokens\": [50764, 26291, 380, 528, 281, 312, 8850, 322, 291, 365, 257, 36044, 1011, 13, 50814], \"temperature\": 0.0, \"avg_logprob\": -0.2335561364889145, \"compression_ratio\": 1.790262222290039, \"no_speech_prob\": 0.1480337530374527}, {\"id\": 36, \"seek\": 2700, \"start\": 36.0, \"end\": 37.0, \"text\": \" Yeah, with a broken thumb.\", \"tokens\": [50814, 865, 11, 365, 257, 5463, 9298, 13, 50864], \"temperature\": 0.0, \"avg_logprob\": -0.2335561364889145, \"compression_ratio\": 1.790262222290039, \"no_speech_prob\": 0.1480337530374527}, {\"id\": 37, \"seek\": 2700, \"start\": 37.0, \"end\": 38.0, \"text\": \" Yeah.\", \"tokens\": [50864, 865, 13, 50914], \"temperature\": 0.0, \"avg_logprob\": -0.2335561364889145, \"compression_ratio\": 1.790262222290039, \"no_speech_prob\": 0.1480337530374527}, {\"id\": 38, \"seek\": 2700, \"start\": 38.0, \"end\": 39.0, \"text\": \" There you go.\", \"tokens\": [50914, 821, 291, 352, 13, 50964], \"temperature\": 0.0, \"avg_logprob\": -0.2335561364889145, \"compression_ratio\": 1.790262222290039, \"no_speech_prob\": 0.1480337530374527}, {\"id\": 39, \"seek\": 2700, \"start\": 39.0, \"end\": 40.0, \"text\": \" Right?\", \"tokens\": [50964, 1779, 30, 51014], \"temperature\": 0.0, \"avg_logprob\": -0.2335561364889145, \"compression_ratio\": 1.790262222290039, \"no_speech_prob\": 0.1480337530374527}, {\"id\": 40, \"seek\": 2700, \"start\": 40.0, \"end\": 41.0, \"text\": \" What are you going to the doctor's for?\", \"tokens\": [51014, 708, 366, 291, 516, 281, 264, 4631, 311, 337, 30, 51064], \"temperature\": 0.0, \"avg_logprob\": -0.2335561364889145, \"compression_ratio\": 1.790262222290039, \"no_speech_prob\": 0.1480337530374527}, {\"id\": 41, \"seek\": 2700, \"start\": 41.0, \"end\": 42.0, \"text\": \" Unless it's private.\", \"tokens\": [51064, 16581, 309, 311, 4551, 13, 51114], \"temperature\": 0.0, \"avg_logprob\": -0.2335561364889145, \"compression_ratio\": 1.790262222290039, \"no_speech_prob\": 0.1480337530374527}, {\"id\": 42, \"seek\": 2700, \"start\": 42.0, \"end\": 43.0, \"text\": \" Unless it's just a checkup.\", \"tokens\": [51114, 16581, 309, 311, 445, 257, 1520, 1010, 13, 51164], \"temperature\": 0.0, \"avg_logprob\": -0.2335561364889145, \"compression_ratio\": 1.790262222290039, \"no_speech_prob\": 0.1480337530374527}, {\"id\": 43, \"seek\": 2700, \"start\": 43.0, \"end\": 44.0, \"text\": \" No, nothing crazy.\", \"tokens\": [51164, 883, 11, 1825, 3219, 13, 51214], \"temperature\": 0.0, \"avg_logprob\": -0.2335561364889145, \"compression_ratio\": 1.790262222290039, \"no_speech_prob\": 0.1480337530374527}, {\"id\": 44, \"seek\": 2700, \"start\": 44.0, \"end\": 45.0, \"text\": \" Yeah.\", \"tokens\": [51214, 865, 13, 51264], \"temperature\": 0.0, \"avg_logprob\": -0.2335561364889145, \"compression_ratio\": 1.790262222290039, \"no_speech_prob\": 0.1480337530374527}, {\"id\": 45, \"seek\": 2700, \"start\": 45.0, \"end\": 46.0, \"text\": \" Yeah.\", \"tokens\": [51264, 865, 13, 51314], \"temperature\": 0.0, \"avg_logprob\": -0.2335561364889145, \"compression_ratio\": 1.790262222290039, \"no_speech_prob\": 0.1480337530374527}, {\"id\": 46, \"seek\": 2700, \"start\": 46.0, \"end\": 47.0, \"text\": \" I should have a regular doctor.\", \"tokens\": [51314, 286, 820, 362, 257, 3890, 4631, 13, 51364], \"temperature\": 0.0, \"avg_logprob\": -0.2335561364889145, \"compression_ratio\": 1.790262222290039, \"no_speech_prob\": 0.1480337530374527}, {\"id\": 47, \"seek\": 2700, \"start\": 47.0, \"end\": 48.0, \"text\": \" Mm-hmm.\", \"tokens\": [51364, 8266, 12, 10250, 13, 51414], \"temperature\": 0.0, \"avg_logprob\": -0.2335561364889145, \"compression_ratio\": 1.790262222290039, \"no_speech_prob\": 0.1480337530374527}, {\"id\": 48, \"seek\": 2700, \"start\": 48.0, \"end\": 49.0, \"text\": \" Yeah.\", \"tokens\": [51414, 865, 13, 51464], \"temperature\": 0.0, \"avg_logprob\": -0.2335561364889145, \"compression_ratio\": 1.790262222290039, \"no_speech_prob\": 0.1480337530374527}, {\"id\": 49, \"seek\": 2700, \"start\": 49.0, \"end\": 50.0, \"text\": \" Yeah.\", \"tokens\": [51464, 865, 13, 51514], \"temperature\": 0.0, \"avg_logprob\": -0.2335561364889145, \"compression_ratio\": 1.790262222290039, \"no_speech_prob\": 0.1480337530374527}, {\"id\": 50, \"seek\": 2700, \"start\": 50.0, \"end\": 51.0, \"text\": \" Yeah.\", \"tokens\": [51514, 865, 13, 51564], \"temperature\": 0.0, \"avg_logprob\": -0.2335561364889145, \"compression_ratio\": 1.790262222290039, \"no_speech_prob\": 0.1480337530374527}, {\"id\": 51, \"seek\": 2700, \"start\": 51.0, \"end\": 52.0, \"text\": \" Yeah.\", \"tokens\": [51564, 865, 13, 51614], \"temperature\": 0.0, \"avg_logprob\": -0.2335561364889145, \"compression_ratio\": 1.790262222290039, \"no_speech_prob\": 0.1480337530374527}, {\"id\": 52, \"seek\": 2700, \"start\": 52.0, \"end\": 53.0, \"text\": \" Yeah.\", \"tokens\": [51614, 865, 13, 51664], \"temperature\": 0.0, \"avg_logprob\": -0.2335561364889145, \"compression_ratio\": 1.790262222290039, \"no_speech_prob\": 0.1480337530374527}, {\"id\": 53, \"seek\": 2700, \"start\": 53.0, \"end\": 54.0, \"text\": \" Yeah.\", \"tokens\": [51664, 865, 13, 51714], \"temperature\": 0.0, \"avg_logprob\": -0.2335561364889145, \"compression_ratio\": 1.790262222290039, \"no_speech_prob\": 0.1480337530374527}, {\"id\": 54, \"seek\": 2700, \"start\": 54.0, \"end\": 55.0, \"text\": \" Yeah.\", \"tokens\": [51714, 865, 13, 51764], \"temperature\": 0.0, \"avg_logprob\": -0.2335561364889145, \"compression_ratio\": 1.790262222290039, \"no_speech_prob\": 0.1480337530374527}, {\"id\": 55, \"seek\": 2700, \"start\": 55.0, \"end\": 56.0, \"text\": \" Yeah.\", \"tokens\": [51764, 865, 13, 51814], \"temperature\": 0.0, \"avg_logprob\": -0.2335561364889145, \"compression_ratio\": 1.790262222290039, \"no_speech_prob\": 0.1480337530374527}, {\"id\": 56, \"seek\": 5600, \"start\": 56.0, \"end\": 57.0, \"text\": \" I should have a regular doctor.\", \"tokens\": [50364, 286, 820, 362, 257, 3890, 4631, 13, 50414], \"temperature\": 0.800000011920929, \"avg_logprob\": -0.3130021393299103, \"compression_ratio\": 1.740625023841858, \"no_speech_prob\": 0.7183908224105835}, {\"id\": 57, \"seek\": 5600, \"start\": 57.0, \"end\": 58.0, \"text\": \" Mm-hmm.\", \"tokens\": [50414, 8266, 12, 10250, 13, 50464], \"temperature\": 0.800000011920929, \"avg_logprob\": -0.3130021393299103, \"compression_ratio\": 1.740625023841858, \"no_speech_prob\": 0.7183908224105835}, {\"id\": 58, \"seek\": 5600, \"start\": 58.0, \"end\": 59.0, \"text\": \" You go for, you actually go for checkups?\", \"tokens\": [50464, 509, 352, 337, 11, 291, 767, 352, 337, 220, 15723, 7528, 30, 50514], \"temperature\": 0.800000011920929, \"avg_logprob\": -0.3130021393299103, \"compression_ratio\": 1.740625023841858, \"no_speech_prob\": 0.7183908224105835}, {\"id\": 59, \"seek\": 5600, \"start\": 59.0, \"end\": 60.0, \"text\": \" People do that?\", \"tokens\": [50514, 3432, 360, 300, 30, 50564], \"temperature\": 0.800000011920929, \"avg_logprob\": -0.3130021393299103, \"compression_ratio\": 1.740625023841858, \"no_speech_prob\": 0.7183908224105835}, {\"id\": 60, \"seek\": 5600, \"start\": 60.0, \"end\": 61.0, \"text\": \" Mm-hmm.\", \"tokens\": [50564, 8266, 12, 8587, 76, 13, 50614], \"temperature\": 0.800000011920929, \"avg_logprob\": -0.3130021393299103, \"compression_ratio\": 1.740625023841858, \"no_speech_prob\": 0.7183908224105835}, {\"id\": 61, \"seek\": 5600, \"start\": 61.0, \"end\": 62.0, \"text\": \" People still do that.\", \"tokens\": [50614, 3432, 920, 360, 300, 13, 50664], \"temperature\": 0.800000011920929, \"avg_logprob\": -0.3130021393299103, \"compression_ratio\": 1.740625023841858, \"no_speech_prob\": 0.7183908224105835}, {\"id\": 62, \"seek\": 5600, \"start\": 62.0, \"end\": 63.0, \"text\": \" Oh, really?\", \"tokens\": [50664, 876, 11, 534, 30, 50714], \"temperature\": 0.800000011920929, \"avg_logprob\": -0.3130021393299103, \"compression_ratio\": 1.740625023841858, \"no_speech_prob\": 0.7183908224105835}, {\"id\": 63, \"seek\": 5600, \"start\": 63.0, \"end\": 64.0, \"text\": \" Yeah.\", \"tokens\": [50714, 865, 13, 50764], \"temperature\": 0.800000011920929, \"avg_logprob\": -0.3130021393299103, \"compression_ratio\": 1.740625023841858, \"no_speech_prob\": 0.7183908224105835}, {\"id\": 64, \"seek\": 5600, \"start\": 64.0, \"end\": 65.0, \"text\": \" If you want to stay healthy, yeah.\", \"tokens\": [50764, 759, 291, 528, 281, 1754, 4627, 11, 1338, 13, 50814], \"temperature\": 0.800000011920929, \"avg_logprob\": -0.3130021393299103, \"compression_ratio\": 1.740625023841858, \"no_speech_prob\": 0.7183908224105835}, {\"id\": 65, \"seek\": 5600, \"start\": 65.0, \"end\": 66.0, \"text\": \" I just assumed if you're not sick, you're healthy, right?\", \"tokens\": [50814, 286, 445, 15895, 498, 291, 434, 406, 4998, 11, 291, 434, 4627, 11, 558, 30, 50864], \"temperature\": 0.800000011920929, \"avg_logprob\": -0.3130021393299103, \"compression_ratio\": 1.740625023841858, \"no_speech_prob\": 0.7183908224105835}, {\"id\": 66, \"seek\": 5600, \"start\": 66.0, \"end\": 67.0, \"text\": \" That's true.\", \"tokens\": [50864, 314, 15178, 311, 2074, 13, 50914], \"temperature\": 0.800000011920929, \"avg_logprob\": -0.3130021393299103, \"compression_ratio\": 1.740625023841858, \"no_speech_prob\": 0.7183908224105835}, {\"id\": 67, \"seek\": 5600, \"start\": 67.0, \"end\": 68.0, \"text\": \" Yeah.\", \"tokens\": [50914, 865, 13, 50964], \"temperature\": 0.800000011920929, \"avg_logprob\": -0.3130021393299103, \"compression_ratio\": 1.740625023841858, \"no_speech_prob\": 0.7183908224105835}, {\"id\": 68, \"seek\": 5600, \"start\": 68.0, \"end\": 69.0, \"text\": \" Yeah.\", \"tokens\": [50964, 865, 13, 51014], \"temperature\": 0.800000011920929, \"avg_logprob\": -0.3130021393299103, \"compression_ratio\": 1.740625023841858, \"no_speech_prob\": 0.7183908224105835}, {\"id\": 69, \"seek\": 5600, \"start\": 69.0, \"end\": 70.0, \"text\": \" So what do you do?\", \"tokens\": [51014, 407, 437, 360, 220, 5616, 360, 30, 51064], \"temperature\": 0.800000011920929, \"avg_logprob\": -0.3130021393299103, \"compression_ratio\": 1.740625023841858, \"no_speech_prob\": 0.7183908224105835}, {\"id\": 70, \"seek\": 5600, \"start\": 70.0, \"end\": 71.0, \"text\": \" What do I do?\", \"tokens\": [51064, 708, 360, 286, 360, 30, 51114], \"temperature\": 0.800000011920929, \"avg_logprob\": -0.3130021393299103, \"compression_ratio\": 1.740625023841858, \"no_speech_prob\": 0.7183908224105835}, {\"id\": 71, \"seek\": 5600, \"start\": 71.0, \"end\": 72.0, \"text\": \" I'm still in school, actually.\", \"tokens\": [51114, 286, 478, 920, 294, 1395, 11, 767, 13, 51164], \"temperature\": 0.800000011920929, \"avg_logprob\": -0.3130021393299103, \"compression_ratio\": 1.740625023841858, \"no_speech_prob\": 0.7183908224105835}, {\"id\": 72, \"seek\": 5600, \"start\": 72.0, \"end\": 73.0, \"text\": \" Okay.\", \"tokens\": [51164, 3477, 320, 13, 51214], \"temperature\": 0.800000011920929, \"avg_logprob\": -0.3130021393299103, \"compression_ratio\": 1.740625023841858, \"no_speech_prob\": 0.7183908224105835}, {\"id\": 73, \"seek\": 5600, \"start\": 73.0, \"end\": 74.0, \"text\": \" Yeah.\", \"tokens\": [51214, 865, 13, 51264], \"temperature\": 0.800000011920929, \"avg_logprob\": -0.3130021393299103, \"compression_ratio\": 1.740625023841858, \"no_speech_prob\": 0.7183908224105835}, {\"id\": 74, \"seek\": 5600, \"start\": 74.0, \"end\": 75.0, \"text\": \" Yeah.\", \"tokens\": [51264, 865, 13, 51314], \"temperature\": 0.800000011920929, \"avg_logprob\": -0.3130021393299103, \"compression_ratio\": 1.740625023841858, \"no_speech_prob\": 0.7183908224105835}, {\"id\": 75, \"seek\": 5600, \"start\": 75.0, \"end\": 76.0, \"text\": \" And I work.\", \"tokens\": [51314, 400, 286, 589, 13, 51364], \"temperature\": 0.800000011920929, \"avg_logprob\": -0.3130021393299103, \"compression_ratio\": 1.740625023841858, \"no_speech_prob\": 0.7183908224105835}, {\"id\": 76, \"seek\": 5600, \"start\": 76.0, \"end\": 77.0, \"text\": \" What about you?\", \"tokens\": [51364, 708, 466, 291, 30, 51414], \"temperature\": 0.800000011920929, \"avg_logprob\": -0.3130021393299103, \"compression_ratio\": 1.740625023841858, \"no_speech_prob\": 0.7183908224105835}, {\"id\": 77, \"seek\": 5600, \"start\": 77.0, \"end\": 78.0, \"text\": \" I do some real estate stuff.\", \"tokens\": [51414, 286, 360, 512, 957, 9749, 1507, 13, 51464], \"temperature\": 0.800000011920929, \"avg_logprob\": -0.3130021393299103, \"compression_ratio\": 1.740625023841858, \"no_speech_prob\": 0.7183908224105835}, {\"id\": 78, \"seek\": 5600, \"start\": 78.0, \"end\": 79.0, \"text\": \" Okay.\", \"tokens\": [51464, 1033, 13, 51514], \"temperature\": 0.800000011920929, \"avg_logprob\": -0.3130021393299103, \"compression_ratio\": 1.740625023841858, \"no_speech_prob\": 0.7183908224105835}, {\"id\": 79, \"seek\": 5600, \"start\": 79.0, \"end\": 80.0, \"text\": \" Yeah.\", \"tokens\": [51514, 865, 13, 51564], \"temperature\": 0.800000011920929, \"avg_logprob\": -0.3130021393299103, \"compression_ratio\": 1.740625023841858, \"no_speech_prob\": 0.7183908224105835}, {\"id\": 80, \"seek\": 5600, \"start\": 80.0, \"end\": 81.0, \"text\": \" I live in, right now I'm living around the corner of Beverly Hills, but I'm moving to\", \"tokens\": [51564, 286, 1621, 294, 11, 558, 586, 286, 478, 2647, 257, 5453, 264, 598, 81, 1193, 295, 363, 1054, 356, 25663, 11, 457, 286, 478, 2684, 281, 51614], \"temperature\": 0.800000011920929, \"avg_logprob\": -0.3130021393299103, \"compression_ratio\": 1.740625023841858, \"no_speech_prob\": 0.7183908224105835}, {\"id\": 81, \"seek\": 5600, \"start\": 81.0, \"end\": 82.0, \"text\": \" Santa Monica, I think.\", \"tokens\": [51614, 9933, 25363, 11, 286, 519, 13, 51664], \"temperature\": 0.800000011920929, \"avg_logprob\": -0.3130021393299103, \"compression_ratio\": 1.740625023841858, \"no_speech_prob\": 0.7183908224105835}, {\"id\": 82, \"seek\": 5600, \"start\": 82.0, \"end\": 83.0, \"text\": \" Oh, okay.\", \"tokens\": [51664, 876, 11, 1392, 13, 51714], \"temperature\": 0.800000011920929, \"avg_logprob\": -0.3130021393299103, \"compression_ratio\": 1.740625023841858, \"no_speech_prob\": 0.7183908224105835}, {\"id\": 83, \"seek\": 5600, \"start\": 83.0, \"end\": 84.0, \"text\": \" I live in Planet RA.\", \"tokens\": [51714, 286, 1621, 294, 22146, 14626, 13, 51764], \"temperature\": 0.800000011920929, \"avg_logprob\": -0.3130021393299103, \"compression_ratio\": 1.740625023841858, \"no_speech_prob\": 0.7183908224105835}, {\"id\": 84, \"seek\": 8400, \"start\": 85.0, \"end\": 86.0, \"text\": \" Oh, okay.\", \"tokens\": [50414, 876, 11, 1392, 13, 50464], \"temperature\": 0.0, \"avg_logprob\": -0.1990492194890976, \"compression_ratio\": 1.8957654237747192, \"no_speech_prob\": 0.3207370936870575}, {\"id\": 85, \"seek\": 8400, \"start\": 86.0, \"end\": 87.0, \"text\": \" I used to live in the marina.\", \"tokens\": [50464, 286, 1143, 281, 1621, 294, 264, 1849, 1426, 13, 50514], \"temperature\": 0.0, \"avg_logprob\": -0.1990492194890976, \"compression_ratio\": 1.8957654237747192, \"no_speech_prob\": 0.3207370936870575}, {\"id\": 86, \"seek\": 8400, \"start\": 87.0, \"end\": 88.0, \"text\": \" Oh, yeah.\", \"tokens\": [50514, 876, 11, 1338, 13, 50564], \"temperature\": 0.0, \"avg_logprob\": -0.1990492194890976, \"compression_ratio\": 1.8957654237747192, \"no_speech_prob\": 0.3207370936870575}, {\"id\": 87, \"seek\": 8400, \"start\": 88.0, \"end\": 89.0, \"text\": \" Yeah.\", \"tokens\": [50564, 865, 13, 50614], \"temperature\": 0.0, \"avg_logprob\": -0.1990492194890976, \"compression_ratio\": 1.8957654237747192, \"no_speech_prob\": 0.3207370936870575}, {\"id\": 88, \"seek\": 8400, \"start\": 89.0, \"end\": 90.0, \"text\": \" You like it over there?\", \"tokens\": [50614, 509, 411, 309, 670, 456, 30, 50664], \"temperature\": 0.0, \"avg_logprob\": -0.1990492194890976, \"compression_ratio\": 1.8957654237747192, \"no_speech_prob\": 0.3207370936870575}, {\"id\": 89, \"seek\": 8400, \"start\": 90.0, \"end\": 91.0, \"text\": \" All the old swingers?\", \"tokens\": [50664, 1057, 264, 1331, 11173, 433, 30, 50714], \"temperature\": 0.0, \"avg_logprob\": -0.1990492194890976, \"compression_ratio\": 1.8957654237747192, \"no_speech_prob\": 0.3207370936870575}, {\"id\": 90, \"seek\": 8400, \"start\": 91.0, \"end\": 92.0, \"text\": \" Yeah.\", \"tokens\": [50714, 865, 13, 50764], \"temperature\": 0.0, \"avg_logprob\": -0.1990492194890976, \"compression_ratio\": 1.8957654237747192, \"no_speech_prob\": 0.3207370936870575}, {\"id\": 91, \"seek\": 8400, \"start\": 92.0, \"end\": 93.0, \"text\": \" Old swingers?\", \"tokens\": [50764, 8633, 11173, 433, 30, 50814], \"temperature\": 0.0, \"avg_logprob\": -0.1990492194890976, \"compression_ratio\": 1.8957654237747192, \"no_speech_prob\": 0.3207370936870575}, {\"id\": 92, \"seek\": 8400, \"start\": 93.0, \"end\": 94.0, \"text\": \" Well, no, it's just a lot of old people.\", \"tokens\": [50814, 1042, 11, 572, 11, 309, 311, 445, 257, 688, 295, 1331, 561, 13, 50864], \"temperature\": 0.0, \"avg_logprob\": -0.1990492194890976, \"compression_ratio\": 1.8957654237747192, \"no_speech_prob\": 0.3207370936870575}, {\"id\": 93, \"seek\": 8400, \"start\": 94.0, \"end\": 95.0, \"text\": \" I didn't see that part of town when I was there.\", \"tokens\": [50864, 286, 994, 380, 536, 300, 644, 295, 3954, 562, 286, 390, 456, 13, 50914], \"temperature\": 0.0, \"avg_logprob\": -0.1990492194890976, \"compression_ratio\": 1.8957654237747192, \"no_speech_prob\": 0.3207370936870575}, {\"id\": 94, \"seek\": 8400, \"start\": 95.0, \"end\": 96.0, \"text\": \" There's a lot of old people, though.\", \"tokens\": [50914, 821, 311, 257, 688, 295, 1331, 561, 11, 1673, 13, 50964], \"temperature\": 0.0, \"avg_logprob\": -0.1990492194890976, \"compression_ratio\": 1.8957654237747192, \"no_speech_prob\": 0.3207370936870575}, {\"id\": 95, \"seek\": 8400, \"start\": 96.0, \"end\": 97.0, \"text\": \" Yeah.\", \"tokens\": [50964, 865, 13, 51014], \"temperature\": 0.0, \"avg_logprob\": -0.1990492194890976, \"compression_ratio\": 1.8957654237747192, \"no_speech_prob\": 0.3207370936870575}, {\"id\": 96, \"seek\": 8400, \"start\": 97.0, \"end\": 98.0, \"text\": \" You know.\", \"tokens\": [51014, 509, 458, 13, 51064], \"temperature\": 0.0, \"avg_logprob\": -0.1990492194890976, \"compression_ratio\": 1.8957654237747192, \"no_speech_prob\": 0.3207370936870575}, {\"id\": 97, \"seek\": 8400, \"start\": 98.0, \"end\": 99.0, \"text\": \" Like old swinger-swingers, or just old people?\", \"tokens\": [51064, 1743, 1331, 1693, 6911, 12, 82, 7904, 433, 11, 420, 445, 1331, 561, 30, 51114], \"temperature\": 0.0, \"avg_logprob\": -0.1990492194890976, \"compression_ratio\": 1.8957654237747192, \"no_speech_prob\": 0.3207370936870575}, {\"id\": 98, \"seek\": 8400, \"start\": 99.0, \"end\": 100.0, \"text\": \" Not like swinger-swingers, but I just like to say that.\", \"tokens\": [51114, 1726, 411, 1693, 6911, 12, 82, 7904, 433, 11, 457, 286, 445, 411, 281, 584, 300, 13, 51164], \"temperature\": 0.0, \"avg_logprob\": -0.1990492194890976, \"compression_ratio\": 1.8957654237747192, \"no_speech_prob\": 0.3207370936870575}, {\"id\": 99, \"seek\": 8400, \"start\": 100.0, \"end\": 101.0, \"text\": \" Okay.\", \"tokens\": [51164, 1033, 13, 51214], \"temperature\": 0.0, \"avg_logprob\": -0.1990492194890976, \"compression_ratio\": 1.8957654237747192, \"no_speech_prob\": 0.3207370936870575}, {\"id\": 100, \"seek\": 8400, \"start\": 101.0, \"end\": 102.0, \"text\": \" But yeah, older people.\", \"tokens\": [51214, 583, 1338, 11, 4906, 561, 13, 51264], \"temperature\": 0.0, \"avg_logprob\": -0.1990492194890976, \"compression_ratio\": 1.8957654237747192, \"no_speech_prob\": 0.3207370936870575}, {\"id\": 101, \"seek\": 8400, \"start\": 102.0, \"end\": 103.0, \"text\": \" Older folks.\", \"tokens\": [51264, 8633, 260, 4024, 13, 51314], \"temperature\": 0.0, \"avg_logprob\": -0.1990492194890976, \"compression_ratio\": 1.8957654237747192, \"no_speech_prob\": 0.3207370936870575}, {\"id\": 102, \"seek\": 8400, \"start\": 103.0, \"end\": 105.0, \"text\": \" I was like, damn, I missed out on the old people swinging.\", \"tokens\": [51314, 286, 390, 411, 11, 8151, 11, 286, 6721, 484, 322, 264, 1331, 561, 29500, 13, 51414], \"temperature\": 0.0, \"avg_logprob\": -0.1990492194890976, \"compression_ratio\": 1.8957654237747192, \"no_speech_prob\": 0.3207370936870575}, {\"id\": 103, \"seek\": 8400, \"start\": 105.0, \"end\": 106.0, \"text\": \" I mean.\", \"tokens\": [51414, 286, 914, 13, 51464], \"temperature\": 0.0, \"avg_logprob\": -0.1990492194890976, \"compression_ratio\": 1.8957654237747192, \"no_speech_prob\": 0.3207370936870575}, {\"id\": 104, \"seek\": 8400, \"start\": 106.0, \"end\": 107.0, \"text\": \" No.\", \"tokens\": [51464, 883, 13, 51514], \"temperature\": 0.0, \"avg_logprob\": -0.1990492194890976, \"compression_ratio\": 1.8957654237747192, \"no_speech_prob\": 0.3207370936870575}, {\"id\": 105, \"seek\": 8400, \"start\": 107.0, \"end\": 108.0, \"text\": \" No.\", \"tokens\": [51514, 883, 13, 51564], \"temperature\": 0.0, \"avg_logprob\": -0.1990492194890976, \"compression_ratio\": 1.8957654237747192, \"no_speech_prob\": 0.3207370936870575}, {\"id\": 106, \"seek\": 8400, \"start\": 108.0, \"end\": 109.0, \"text\": \" As good as that sounds.\", \"tokens\": [51564, 1018, 665, 382, 300, 3263, 13, 51614], \"temperature\": 0.0, \"avg_logprob\": -0.1990492194890976, \"compression_ratio\": 1.8957654237747192, \"no_speech_prob\": 0.3207370936870575}, {\"id\": 107, \"seek\": 8400, \"start\": 109.0, \"end\": 110.0, \"text\": \" As exciting as that is, yeah.\", \"tokens\": [51614, 1018, 4670, 382, 300, 307, 11, 1338, 13, 51664], \"temperature\": 0.0, \"avg_logprob\": -0.1990492194890976, \"compression_ratio\": 1.8957654237747192, \"no_speech_prob\": 0.3207370936870575}, {\"id\": 108, \"seek\": 8400, \"start\": 110.0, \"end\": 111.0, \"text\": \" Right.\", \"tokens\": [51664, 1779, 13, 51714], \"temperature\": 0.0, \"avg_logprob\": -0.1990492194890976, \"compression_ratio\": 1.8957654237747192, \"no_speech_prob\": 0.3207370936870575}, {\"id\": 109, \"seek\": 8400, \"start\": 111.0, \"end\": 112.0, \"text\": \" Do you like Playa?\", \"tokens\": [51714, 1144, 291, 411, 2149, 4427, 30, 51764], \"temperature\": 0.0, \"avg_logprob\": -0.1990492194890976, \"compression_ratio\": 1.8957654237747192, \"no_speech_prob\": 0.3207370936870575}, {\"id\": 110, \"seek\": 11200, \"start\": 112.0, \"end\": 113.0, \"text\": \" Yeah, it's okay.\", \"tokens\": [50364, 865, 11, 309, 311, 1392, 13, 50414], \"temperature\": 0.0, \"avg_logprob\": -0.1478431075811386, \"compression_ratio\": 1.7572253942489624, \"no_speech_prob\": 0.6617399454116821}, {\"id\": 111, \"seek\": 11200, \"start\": 113.0, \"end\": 114.0, \"text\": \" I mean, it's right.\", \"tokens\": [50414, 286, 914, 11, 309, 311, 558, 13, 50464], \"temperature\": 0.0, \"avg_logprob\": -0.1478431075811386, \"compression_ratio\": 1.7572253942489624, \"no_speech_prob\": 0.6617399454116821}, {\"id\": 112, \"seek\": 11200, \"start\": 114.0, \"end\": 115.0, \"text\": \" It's close to where I go to school.\", \"tokens\": [50464, 467, 311, 1998, 281, 689, 286, 352, 281, 1395, 13, 50514], \"temperature\": 0.0, \"avg_logprob\": -0.1478431075811386, \"compression_ratio\": 1.7572253942489624, \"no_speech_prob\": 0.6617399454116821}, {\"id\": 113, \"seek\": 11200, \"start\": 115.0, \"end\": 116.0, \"text\": \" I go to LMU.\", \"tokens\": [50514, 286, 352, 281, 46529, 52, 13, 50564], \"temperature\": 0.0, \"avg_logprob\": -0.1478431075811386, \"compression_ratio\": 1.7572253942489624, \"no_speech_prob\": 0.6617399454116821}, {\"id\": 114, \"seek\": 11200, \"start\": 116.0, \"end\": 117.0, \"text\": \" I just transferred there, so.\", \"tokens\": [50564, 286, 445, 15809, 456, 11, 370, 13, 50614], \"temperature\": 0.0, \"avg_logprob\": -0.1478431075811386, \"compression_ratio\": 1.7572253942489624, \"no_speech_prob\": 0.6617399454116821}, {\"id\": 115, \"seek\": 11200, \"start\": 117.0, \"end\": 118.0, \"text\": \" Okay.\", \"tokens\": [50614, 1033, 13, 50664], \"temperature\": 0.0, \"avg_logprob\": -0.1478431075811386, \"compression_ratio\": 1.7572253942489624, \"no_speech_prob\": 0.6617399454116821}, {\"id\": 116, \"seek\": 11200, \"start\": 118.0, \"end\": 119.0, \"text\": \" Yeah.\", \"tokens\": [50664, 865, 13, 50714], \"temperature\": 0.0, \"avg_logprob\": -0.1478431075811386, \"compression_ratio\": 1.7572253942489624, \"no_speech_prob\": 0.6617399454116821}, {\"id\": 117, \"seek\": 11200, \"start\": 119.0, \"end\": 120.0, \"text\": \" Yeah.\", \"tokens\": [50714, 865, 13, 50764], \"temperature\": 0.0, \"avg_logprob\": -0.1478431075811386, \"compression_ratio\": 1.7572253942489624, \"no_speech_prob\": 0.6617399454116821}, {\"id\": 118, \"seek\": 11200, \"start\": 120.0, \"end\": 121.0, \"text\": \" Do you like LMU?\", \"tokens\": [50764, 1144, 291, 411, 46529, 52, 30, 50814], \"temperature\": 0.0, \"avg_logprob\": -0.1478431075811386, \"compression_ratio\": 1.7572253942489624, \"no_speech_prob\": 0.6617399454116821}, {\"id\": 119, \"seek\": 11200, \"start\": 121.0, \"end\": 122.0, \"text\": \" I do.\", \"tokens\": [50814, 286, 360, 13, 50864], \"temperature\": 0.0, \"avg_logprob\": -0.1478431075811386, \"compression_ratio\": 1.7572253942489624, \"no_speech_prob\": 0.6617399454116821}, {\"id\": 120, \"seek\": 11200, \"start\": 122.0, \"end\": 123.0, \"text\": \" Yeah.\", \"tokens\": [50864, 865, 13, 50914], \"temperature\": 0.0, \"avg_logprob\": -0.1478431075811386, \"compression_ratio\": 1.7572253942489624, \"no_speech_prob\": 0.6617399454116821}, {\"id\": 121, \"seek\": 11200, \"start\": 123.0, \"end\": 124.0, \"text\": \" I mean, it's weird because I took some time off and then decided to go back to school,\", \"tokens\": [50914, 286, 914, 11, 309, 311, 3657, 570, 286, 1890, 512, 565, 766, 293, 550, 3047, 281, 352, 646, 281, 1395, 11, 50964], \"temperature\": 0.0, \"avg_logprob\": -0.1478431075811386, \"compression_ratio\": 1.7572253942489624, \"no_speech_prob\": 0.6617399454116821}, {\"id\": 122, \"seek\": 11200, \"start\": 124.0, \"end\": 125.0, \"text\": \" so I'm like older than most people that are there.\", \"tokens\": [50964, 370, 286, 478, 411, 4906, 813, 881, 561, 300, 366, 456, 13, 51014], \"temperature\": 0.0, \"avg_logprob\": -0.1478431075811386, \"compression_ratio\": 1.7572253942489624, \"no_speech_prob\": 0.6617399454116821}, {\"id\": 123, \"seek\": 11200, \"start\": 125.0, \"end\": 126.0, \"text\": \" Okay.\", \"tokens\": [51014, 1033, 13, 51064], \"temperature\": 0.0, \"avg_logprob\": -0.1478431075811386, \"compression_ratio\": 1.7572253942489624, \"no_speech_prob\": 0.6617399454116821}, {\"id\": 124, \"seek\": 11200, \"start\": 126.0, \"end\": 127.0, \"text\": \" But.\", \"tokens\": [51064, 583, 13, 51114], \"temperature\": 0.0, \"avg_logprob\": -0.1478431075811386, \"compression_ratio\": 1.7572253942489624, \"no_speech_prob\": 0.6617399454116821}, {\"id\": 125, \"seek\": 11200, \"start\": 127.0, \"end\": 128.0, \"text\": \" I didn't want to say you looked old, but you don't look like a college student.\", \"tokens\": [51114, 286, 994, 380, 528, 281, 584, 291, 2956, 1331, 11, 457, 291, 500, 380, 574, 411, 257, 3859, 3107, 13, 51164], \"temperature\": 0.0, \"avg_logprob\": -0.1478431075811386, \"compression_ratio\": 1.7572253942489624, \"no_speech_prob\": 0.6617399454116821}, {\"id\": 126, \"seek\": 11200, \"start\": 128.0, \"end\": 129.0, \"text\": \" No.\", \"tokens\": [51164, 883, 13, 51214], \"temperature\": 0.0, \"avg_logprob\": -0.1478431075811386, \"compression_ratio\": 1.7572253942489624, \"no_speech_prob\": 0.6617399454116821}, {\"id\": 127, \"seek\": 11200, \"start\": 129.0, \"end\": 130.0, \"text\": \" No.\", \"tokens\": [51214, 883, 13, 51264], \"temperature\": 0.0, \"avg_logprob\": -0.1478431075811386, \"compression_ratio\": 1.7572253942489624, \"no_speech_prob\": 0.6617399454116821}, {\"id\": 128, \"seek\": 11200, \"start\": 130.0, \"end\": 131.0, \"text\": \" I mean, I'm not quite undergrad level, but.\", \"tokens\": [51264, 286, 914, 11, 286, 478, 406, 1596, 14295, 1496, 11, 457, 13, 51314], \"temperature\": 0.0, \"avg_logprob\": -0.1478431075811386, \"compression_ratio\": 1.7572253942489624, \"no_speech_prob\": 0.6617399454116821}, {\"id\": 129, \"seek\": 11200, \"start\": 131.0, \"end\": 132.0, \"text\": \" Okay.\", \"tokens\": [51314, 1033, 13, 51364], \"temperature\": 0.0, \"avg_logprob\": -0.1478431075811386, \"compression_ratio\": 1.7572253942489624, \"no_speech_prob\": 0.6617399454116821}, {\"id\": 130, \"seek\": 11200, \"start\": 132.0, \"end\": 133.0, \"text\": \" That's all right.\", \"tokens\": [51364, 663, 311, 439, 558, 13, 51414], \"temperature\": 0.0, \"avg_logprob\": -0.1478431075811386, \"compression_ratio\": 1.7572253942489624, \"no_speech_prob\": 0.6617399454116821}, {\"id\": 131, \"seek\": 11200, \"start\": 133.0, \"end\": 134.0, \"text\": \" I'll finish it up.\", \"tokens\": [51414, 286, 603, 2413, 309, 493, 13, 51464], \"temperature\": 0.0, \"avg_logprob\": -0.1478431075811386, \"compression_ratio\": 1.7572253942489624, \"no_speech_prob\": 0.6617399454116821}, {\"id\": 132, \"seek\": 11200, \"start\": 134.0, \"end\": 135.0, \"text\": \" Nice.\", \"tokens\": [51464, 5490, 13, 51514], \"temperature\": 0.0, \"avg_logprob\": -0.1478431075811386, \"compression_ratio\": 1.7572253942489624, \"no_speech_prob\": 0.6617399454116821}, {\"id\": 133, \"seek\": 11200, \"start\": 135.0, \"end\": 136.0, \"text\": \" So what's your major?\", \"tokens\": [51514, 407, 437, 311, 428, 2563, 30, 51564], \"temperature\": 0.0, \"avg_logprob\": -0.1478431075811386, \"compression_ratio\": 1.7572253942489624, \"no_speech_prob\": 0.6617399454116821}, {\"id\": 134, \"seek\": 11200, \"start\": 136.0, \"end\": 137.0, \"text\": \" Screenwriting, actually.\", \"tokens\": [51564, 25823, 19868, 11, 767, 13, 51614], \"temperature\": 0.0, \"avg_logprob\": -0.1478431075811386, \"compression_ratio\": 1.7572253942489624, \"no_speech_prob\": 0.6617399454116821}, {\"id\": 135, \"seek\": 11200, \"start\": 137.0, \"end\": 138.0, \"text\": \" What's your favorite color?\", \"tokens\": [51614, 708, 311, 428, 2954, 2017, 30, 51664], \"temperature\": 0.0, \"avg_logprob\": -0.1478431075811386, \"compression_ratio\": 1.7572253942489624, \"no_speech_prob\": 0.6617399454116821}, {\"id\": 136, \"seek\": 11200, \"start\": 138.0, \"end\": 139.0, \"text\": \" Not answering that.\", \"tokens\": [51664, 1726, 13430, 300, 13, 51714], \"temperature\": 0.0, \"avg_logprob\": -0.1478431075811386, \"compression_ratio\": 1.7572253942489624, \"no_speech_prob\": 0.6617399454116821}, {\"id\": 137, \"seek\": 13900, \"start\": 139.0, \"end\": 140.0, \"text\": \" You're going to have to try a little harder than that.\", \"tokens\": [50364, 509, 434, 516, 281, 362, 281, 853, 257, 707, 6081, 813, 300, 13, 50414], \"temperature\": 0.0, \"avg_logprob\": -0.18418699502944946, \"compression_ratio\": 1.6884273290634155, \"no_speech_prob\": 0.4843032956123352}, {\"id\": 138, \"seek\": 13900, \"start\": 140.0, \"end\": 141.0, \"text\": \" So that's why you're in LA?\", \"tokens\": [50414, 407, 300, 311, 983, 291, 434, 294, 9855, 30, 50464], \"temperature\": 0.0, \"avg_logprob\": -0.18418699502944946, \"compression_ratio\": 1.6884273290634155, \"no_speech_prob\": 0.4843032956123352}, {\"id\": 139, \"seek\": 13900, \"start\": 141.0, \"end\": 142.0, \"text\": \" For film stuff?\", \"tokens\": [50464, 1171, 2007, 1507, 30, 50514], \"temperature\": 0.0, \"avg_logprob\": -0.18418699502944946, \"compression_ratio\": 1.6884273290634155, \"no_speech_prob\": 0.4843032956123352}, {\"id\": 140, \"seek\": 13900, \"start\": 142.0, \"end\": 143.0, \"text\": \" Yeah.\", \"tokens\": [50514, 865, 13, 50564], \"temperature\": 0.0, \"avg_logprob\": -0.18418699502944946, \"compression_ratio\": 1.6884273290634155, \"no_speech_prob\": 0.4843032956123352}, {\"id\": 141, \"seek\": 13900, \"start\": 143.0, \"end\": 144.0, \"text\": \" Yeah.\", \"tokens\": [50564, 865, 13, 50614], \"temperature\": 0.0, \"avg_logprob\": -0.18418699502944946, \"compression_ratio\": 1.6884273290634155, \"no_speech_prob\": 0.4843032956123352}, {\"id\": 142, \"seek\": 13900, \"start\": 144.0, \"end\": 145.0, \"text\": \" Okay.\", \"tokens\": [50614, 1033, 13, 50664], \"temperature\": 0.0, \"avg_logprob\": -0.18418699502944946, \"compression_ratio\": 1.6884273290634155, \"no_speech_prob\": 0.4843032956123352}, {\"id\": 143, \"seek\": 13900, \"start\": 145.0, \"end\": 146.0, \"text\": \" And you grew up where?\", \"tokens\": [50664, 400, 291, 6109, 493, 689, 30, 50714], \"temperature\": 0.0, \"avg_logprob\": -0.18418699502944946, \"compression_ratio\": 1.6884273290634155, \"no_speech_prob\": 0.4843032956123352}, {\"id\": 144, \"seek\": 13900, \"start\": 146.0, \"end\": 147.0, \"text\": \" I thought I'd give it a shot.\", \"tokens\": [50714, 286, 1194, 286, 1116, 976, 309, 257, 3347, 13, 50764], \"temperature\": 0.0, \"avg_logprob\": -0.18418699502944946, \"compression_ratio\": 1.6884273290634155, \"no_speech_prob\": 0.4843032956123352}, {\"id\": 145, \"seek\": 13900, \"start\": 147.0, \"end\": 148.0, \"text\": \" In Denver.\", \"tokens\": [50764, 682, 26270, 13, 50814], \"temperature\": 0.0, \"avg_logprob\": -0.18418699502944946, \"compression_ratio\": 1.6884273290634155, \"no_speech_prob\": 0.4843032956123352}, {\"id\": 146, \"seek\": 13900, \"start\": 148.0, \"end\": 149.0, \"text\": \" Oh, okay.\", \"tokens\": [50814, 876, 11, 1392, 13, 50864], \"temperature\": 0.0, \"avg_logprob\": -0.18418699502944946, \"compression_ratio\": 1.6884273290634155, \"no_speech_prob\": 0.4843032956123352}, {\"id\": 147, \"seek\": 13900, \"start\": 149.0, \"end\": 150.0, \"text\": \" What about you?\", \"tokens\": [50864, 708, 466, 291, 30, 50914], \"temperature\": 0.0, \"avg_logprob\": -0.18418699502944946, \"compression_ratio\": 1.6884273290634155, \"no_speech_prob\": 0.4843032956123352}, {\"id\": 148, \"seek\": 13900, \"start\": 150.0, \"end\": 151.0, \"text\": \" Actually, Denver?\", \"tokens\": [50914, 5135, 11, 26270, 30, 50964], \"temperature\": 0.0, \"avg_logprob\": -0.18418699502944946, \"compression_ratio\": 1.6884273290634155, \"no_speech_prob\": 0.4843032956123352}, {\"id\": 149, \"seek\": 13900, \"start\": 151.0, \"end\": 152.0, \"text\": \" Around Denver.\", \"tokens\": [50964, 17633, 26270, 13, 51014], \"temperature\": 0.0, \"avg_logprob\": -0.18418699502944946, \"compression_ratio\": 1.6884273290634155, \"no_speech_prob\": 0.4843032956123352}, {\"id\": 150, \"seek\": 13900, \"start\": 152.0, \"end\": 153.0, \"text\": \" Evergreen?\", \"tokens\": [51014, 12123, 27399, 30, 51064], \"temperature\": 0.0, \"avg_logprob\": -0.18418699502944946, \"compression_ratio\": 1.6884273290634155, \"no_speech_prob\": 0.4843032956123352}, {\"id\": 151, \"seek\": 13900, \"start\": 153.0, \"end\": 154.0, \"text\": \" I don't know if you know where that is.\", \"tokens\": [51064, 286, 500, 380, 458, 498, 291, 458, 689, 300, 307, 13, 51114], \"temperature\": 0.0, \"avg_logprob\": -0.18418699502944946, \"compression_ratio\": 1.6884273290634155, \"no_speech_prob\": 0.4843032956123352}, {\"id\": 152, \"seek\": 13900, \"start\": 154.0, \"end\": 155.0, \"text\": \" I've been to Boulder a bunch of times.\", \"tokens\": [51114, 286, 600, 668, 281, 48052, 257, 3840, 295, 1413, 13, 51164], \"temperature\": 0.0, \"avg_logprob\": -0.18418699502944946, \"compression_ratio\": 1.6884273290634155, \"no_speech_prob\": 0.4843032956123352}, {\"id\": 153, \"seek\": 13900, \"start\": 155.0, \"end\": 156.0, \"text\": \" It's like, it's more in the foothills than Boulder is, even.\", \"tokens\": [51164, 467, 311, 411, 11, 309, 311, 544, 294, 264, 726, 900, 2565, 813, 48052, 307, 11, 754, 13, 51214], \"temperature\": 0.0, \"avg_logprob\": -0.18418699502944946, \"compression_ratio\": 1.6884273290634155, \"no_speech_prob\": 0.4843032956123352}, {\"id\": 154, \"seek\": 13900, \"start\": 156.0, \"end\": 157.0, \"text\": \" West?\", \"tokens\": [51214, 4055, 30, 51264], \"temperature\": 0.0, \"avg_logprob\": -0.18418699502944946, \"compression_ratio\": 1.6884273290634155, \"no_speech_prob\": 0.4843032956123352}, {\"id\": 155, \"seek\": 13900, \"start\": 157.0, \"end\": 158.0, \"text\": \" Or east?\", \"tokens\": [51264, 1610, 10648, 30, 51314], \"temperature\": 0.0, \"avg_logprob\": -0.18418699502944946, \"compression_ratio\": 1.6884273290634155, \"no_speech_prob\": 0.4843032956123352}, {\"id\": 156, \"seek\": 13900, \"start\": 158.0, \"end\": 159.0, \"text\": \" West.\", \"tokens\": [51314, 4055, 13, 51364], \"temperature\": 0.0, \"avg_logprob\": -0.18418699502944946, \"compression_ratio\": 1.6884273290634155, \"no_speech_prob\": 0.4843032956123352}, {\"id\": 157, \"seek\": 13900, \"start\": 159.0, \"end\": 160.0, \"text\": \" It's on your way to the ski resort.\", \"tokens\": [51364, 467, 311, 322, 428, 636, 281, 264, 14274, 19606, 13, 51414], \"temperature\": 0.0, \"avg_logprob\": -0.18418699502944946, \"compression_ratio\": 1.6884273290634155, \"no_speech_prob\": 0.4843032956123352}, {\"id\": 158, \"seek\": 13900, \"start\": 160.0, \"end\": 161.0, \"text\": \" To Vail and all those places?\", \"tokens\": [51414, 1407, 691, 864, 293, 439, 729, 3190, 30, 51464], \"temperature\": 0.0, \"avg_logprob\": -0.18418699502944946, \"compression_ratio\": 1.6884273290634155, \"no_speech_prob\": 0.4843032956123352}, {\"id\": 159, \"seek\": 13900, \"start\": 161.0, \"end\": 162.0, \"text\": \" Yeah.\", \"tokens\": [51464, 865, 13, 51514], \"temperature\": 0.0, \"avg_logprob\": -0.18418699502944946, \"compression_ratio\": 1.6884273290634155, \"no_speech_prob\": 0.4843032956123352}, {\"id\": 160, \"seek\": 13900, \"start\": 162.0, \"end\": 163.0, \"text\": \" Yeah.\", \"tokens\": [51514, 865, 13, 51564], \"temperature\": 0.0, \"avg_logprob\": -0.18418699502944946, \"compression_ratio\": 1.6884273290634155, \"no_speech_prob\": 0.4843032956123352}, {\"id\": 161, \"seek\": 13900, \"start\": 163.0, \"end\": 164.0, \"text\": \" Yeah.\", \"tokens\": [51564, 865, 13, 51614], \"temperature\": 0.0, \"avg_logprob\": -0.18418699502944946, \"compression_ratio\": 1.6884273290634155, \"no_speech_prob\": 0.4843032956123352}, {\"id\": 162, \"seek\": 13900, \"start\": 164.0, \"end\": 165.0, \"text\": \" It's kind of my Newport area.\", \"tokens\": [51614, 467, 311, 733, 295, 452, 1873, 2707, 1859, 13, 51664], \"temperature\": 0.0, \"avg_logprob\": -0.18418699502944946, \"compression_ratio\": 1.6884273290634155, \"no_speech_prob\": 0.4843032956123352}, {\"id\": 163, \"seek\": 13900, \"start\": 165.0, \"end\": 166.0, \"text\": \" Yeah.\", \"tokens\": [51664, 865, 13, 51714], \"temperature\": 0.0, \"avg_logprob\": -0.18418699502944946, \"compression_ratio\": 1.6884273290634155, \"no_speech_prob\": 0.4843032956123352}, {\"id\": 164, \"seek\": 13900, \"start\": 166.0, \"end\": 167.0, \"text\": \" My parents live down there now.\", \"tokens\": [51714, 1222, 3152, 1621, 760, 456, 586, 13, 51764], \"temperature\": 0.0, \"avg_logprob\": -0.18418699502944946, \"compression_ratio\": 1.6884273290634155, \"no_speech_prob\": 0.4843032956123352}, {\"id\": 165, \"seek\": 13900, \"start\": 167.0, \"end\": 168.0, \"text\": \" Okay.\", \"tokens\": [51764, 1033, 13, 51814], \"temperature\": 0.0, \"avg_logprob\": -0.18418699502944946, \"compression_ratio\": 1.6884273290634155, \"no_speech_prob\": 0.4843032956123352}, {\"id\": 166, \"seek\": 16800, \"start\": 168.0, \"end\": 169.0, \"text\": \" And you're from Colorado?\", \"tokens\": [50364, 400, 291, 434, 490, 15786, 30, 50414], \"temperature\": 0.0, \"avg_logprob\": -0.23452404141426086, \"compression_ratio\": 1.7382550239562988, \"no_speech_prob\": 0.3173685073852539}, {\"id\": 167, \"seek\": 16800, \"start\": 169.0, \"end\": 170.0, \"text\": \" Sort of.\", \"tokens\": [50414, 26149, 295, 13, 50464], \"temperature\": 0.0, \"avg_logprob\": -0.23452404141426086, \"compression_ratio\": 1.7382550239562988, \"no_speech_prob\": 0.3173685073852539}, {\"id\": 168, \"seek\": 16800, \"start\": 170.0, \"end\": 171.0, \"text\": \" Not great.\", \"tokens\": [50464, 1726, 869, 13, 50514], \"temperature\": 0.0, \"avg_logprob\": -0.23452404141426086, \"compression_ratio\": 1.7382550239562988, \"no_speech_prob\": 0.3173685073852539}, {\"id\": 169, \"seek\": 16800, \"start\": 171.0, \"end\": 172.0, \"text\": \" Sort of?\", \"tokens\": [50514, 26149, 295, 30, 50564], \"temperature\": 0.0, \"avg_logprob\": -0.23452404141426086, \"compression_ratio\": 1.7382550239562988, \"no_speech_prob\": 0.3173685073852539}, {\"id\": 170, \"seek\": 16800, \"start\": 172.0, \"end\": 173.0, \"text\": \" Not great.\", \"tokens\": [50564, 1726, 869, 13, 50614], \"temperature\": 0.0, \"avg_logprob\": -0.23452404141426086, \"compression_ratio\": 1.7382550239562988, \"no_speech_prob\": 0.3173685073852539}, {\"id\": 171, \"seek\": 16800, \"start\": 173.0, \"end\": 174.0, \"text\": \" From Colorado?\", \"tokens\": [50614, 3358, 15786, 30, 50664], \"temperature\": 0.0, \"avg_logprob\": -0.23452404141426086, \"compression_ratio\": 1.7382550239562988, \"no_speech_prob\": 0.3173685073852539}, {\"id\": 172, \"seek\": 16800, \"start\": 174.0, \"end\": 175.0, \"text\": \" I know.\", \"tokens\": [50664, 286, 458, 13, 50714], \"temperature\": 0.0, \"avg_logprob\": -0.23452404141426086, \"compression_ratio\": 1.7382550239562988, \"no_speech_prob\": 0.3173685073852539}, {\"id\": 173, \"seek\": 16800, \"start\": 175.0, \"end\": 176.0, \"text\": \" I'm not really a cold-weather person, to be honest.\", \"tokens\": [50714, 286, 478, 406, 534, 257, 3554, 12, 826, 1172, 954, 11, 281, 312, 3245, 13, 50764], \"temperature\": 0.0, \"avg_logprob\": -0.23452404141426086, \"compression_ratio\": 1.7382550239562988, \"no_speech_prob\": 0.3173685073852539}, {\"id\": 174, \"seek\": 16800, \"start\": 176.0, \"end\": 177.0, \"text\": \" You don't have any of the stereotypes.\", \"tokens\": [50764, 509, 500, 380, 362, 604, 295, 264, 30853, 13, 50814], \"temperature\": 0.0, \"avg_logprob\": -0.23452404141426086, \"compression_ratio\": 1.7382550239562988, \"no_speech_prob\": 0.3173685073852539}, {\"id\": 175, \"seek\": 16800, \"start\": 177.0, \"end\": 178.0, \"text\": \" I know.\", \"tokens\": [50814, 286, 458, 13, 50864], \"temperature\": 0.0, \"avg_logprob\": -0.23452404141426086, \"compression_ratio\": 1.7382550239562988, \"no_speech_prob\": 0.3173685073852539}, {\"id\": 176, \"seek\": 16800, \"start\": 178.0, \"end\": 179.0, \"text\": \" Yeah.\", \"tokens\": [50864, 865, 13, 50914], \"temperature\": 0.0, \"avg_logprob\": -0.23452404141426086, \"compression_ratio\": 1.7382550239562988, \"no_speech_prob\": 0.3173685073852539}, {\"id\": 177, \"seek\": 16800, \"start\": 179.0, \"end\": 180.0, \"text\": \" Really not.\", \"tokens\": [50914, 4083, 406, 13, 50964], \"temperature\": 0.0, \"avg_logprob\": -0.23452404141426086, \"compression_ratio\": 1.7382550239562988, \"no_speech_prob\": 0.3173685073852539}, {\"id\": 178, \"seek\": 16800, \"start\": 180.0, \"end\": 181.0, \"text\": \" Yeah.\", \"tokens\": [50964, 865, 13, 51014], \"temperature\": 0.0, \"avg_logprob\": -0.23452404141426086, \"compression_ratio\": 1.7382550239562988, \"no_speech_prob\": 0.3173685073852539}, {\"id\": 179, \"seek\": 16800, \"start\": 181.0, \"end\": 182.0, \"text\": \" I wasn't supposed to be born there, apparently.\", \"tokens\": [51014, 286, 2067, 380, 3442, 281, 312, 4232, 456, 11, 7970, 13, 51064], \"temperature\": 0.0, \"avg_logprob\": -0.23452404141426086, \"compression_ratio\": 1.7382550239562988, \"no_speech_prob\": 0.3173685073852539}, {\"id\": 180, \"seek\": 16800, \"start\": 182.0, \"end\": 183.0, \"text\": \" I don't know.\", \"tokens\": [51064, 286, 500, 380, 458, 13, 51114], \"temperature\": 0.0, \"avg_logprob\": -0.23452404141426086, \"compression_ratio\": 1.7382550239562988, \"no_speech_prob\": 0.3173685073852539}, {\"id\": 181, \"seek\": 16800, \"start\": 183.0, \"end\": 184.0, \"text\": \" Well, now you're at the beach.\", \"tokens\": [51114, 1042, 11, 586, 291, 434, 412, 264, 7534, 13, 51164], \"temperature\": 0.0, \"avg_logprob\": -0.23452404141426086, \"compression_ratio\": 1.7382550239562988, \"no_speech_prob\": 0.3173685073852539}, {\"id\": 182, \"seek\": 16800, \"start\": 184.0, \"end\": 185.0, \"text\": \" Exactly.\", \"tokens\": [51164, 7587, 13, 51214], \"temperature\": 0.0, \"avg_logprob\": -0.23452404141426086, \"compression_ratio\": 1.7382550239562988, \"no_speech_prob\": 0.3173685073852539}, {\"id\": 183, \"seek\": 16800, \"start\": 185.0, \"end\": 186.0, \"text\": \" I like that better.\", \"tokens\": [51214, 286, 411, 300, 1101, 13, 51264], \"temperature\": 0.0, \"avg_logprob\": -0.23452404141426086, \"compression_ratio\": 1.7382550239562988, \"no_speech_prob\": 0.3173685073852539}, {\"id\": 184, \"seek\": 16800, \"start\": 186.0, \"end\": 189.0, \"text\": \" I've lived five minutes from the beach my whole life and never got into surfing.\", \"tokens\": [51264, 286, 600, 5152, 1732, 2077, 490, 264, 7534, 452, 1379, 993, 293, 1128, 658, 666, 34181, 13, 51414], \"temperature\": 0.0, \"avg_logprob\": -0.23452404141426086, \"compression_ratio\": 1.7382550239562988, \"no_speech_prob\": 0.3173685073852539}, {\"id\": 185, \"seek\": 16800, \"start\": 189.0, \"end\": 192.0, \"text\": \" Snowboarding, skiing, wakeboarding, but not surfing.\", \"tokens\": [51414, 14827, 43925, 11, 32326, 11, 6634, 43925, 11, 457, 406, 34181, 13, 51564], \"temperature\": 0.0, \"avg_logprob\": -0.23452404141426086, \"compression_ratio\": 1.7382550239562988, \"no_speech_prob\": 0.3173685073852539}, {\"id\": 186, \"seek\": 16800, \"start\": 192.0, \"end\": 193.0, \"text\": \" Never surfing?\", \"tokens\": [51564, 7344, 34181, 30, 51614], \"temperature\": 0.0, \"avg_logprob\": -0.23452404141426086, \"compression_ratio\": 1.7382550239562988, \"no_speech_prob\": 0.3173685073852539}, {\"id\": 187, \"seek\": 16800, \"start\": 193.0, \"end\": 194.0, \"text\": \" Yeah.\", \"tokens\": [51614, 865, 13, 51664], \"temperature\": 0.0, \"avg_logprob\": -0.23452404141426086, \"compression_ratio\": 1.7382550239562988, \"no_speech_prob\": 0.3173685073852539}, {\"id\": 188, \"seek\": 16800, \"start\": 194.0, \"end\": 195.0, \"text\": \" Fair.\", \"tokens\": [51664, 12157, 13, 51714], \"temperature\": 0.0, \"avg_logprob\": -0.23452404141426086, \"compression_ratio\": 1.7382550239562988, \"no_speech_prob\": 0.3173685073852539}, {\"id\": 189, \"seek\": 16800, \"start\": 195.0, \"end\": 196.0, \"text\": \" Fair.\", \"tokens\": [51714, 12157, 13, 51764], \"temperature\": 0.0, \"avg_logprob\": -0.23452404141426086, \"compression_ratio\": 1.7382550239562988, \"no_speech_prob\": 0.3173685073852539}, {\"id\": 190, \"seek\": 16800, \"start\": 196.0, \"end\": 197.0, \"text\": \" That's all right.\", \"tokens\": [51764, 663, 311, 439, 558, 13, 51814], \"temperature\": 0.0, \"avg_logprob\": -0.23452404141426086, \"compression_ratio\": 1.7382550239562988, \"no_speech_prob\": 0.3173685073852539}, {\"id\": 191, \"seek\": 19700, \"start\": 197.0, \"end\": 198.0, \"text\": \" How's my sales pitch going so far?\", \"tokens\": [50364, 1012, 311, 452, 5763, 7293, 516, 370, 1400, 30, 50414], \"temperature\": 0.0, \"avg_logprob\": -0.19575661420822144, \"compression_ratio\": 1.6767677068710327, \"no_speech_prob\": 0.6616671085357666}, {\"id\": 192, \"seek\": 19700, \"start\": 198.0, \"end\": 199.0, \"text\": \" Stop it.\", \"tokens\": [50414, 5535, 309, 13, 50464], \"temperature\": 0.0, \"avg_logprob\": -0.19575661420822144, \"compression_ratio\": 1.6767677068710327, \"no_speech_prob\": 0.6616671085357666}, {\"id\": 193, \"seek\": 19700, \"start\": 199.0, \"end\": 202.0, \"text\": \" What else do I need to do to convince you to give me your number?\", \"tokens\": [50464, 708, 1646, 360, 286, 643, 281, 360, 281, 13447, 291, 281, 976, 385, 428, 1230, 30, 50614], \"temperature\": 0.0, \"avg_logprob\": -0.19575661420822144, \"compression_ratio\": 1.6767677068710327, \"no_speech_prob\": 0.6616671085357666}, {\"id\": 194, \"seek\": 19700, \"start\": 202.0, \"end\": 204.0, \"text\": \" Or if you don't like me, give me a fake one.\", \"tokens\": [50614, 1610, 498, 291, 500, 380, 411, 385, 11, 976, 385, 257, 7592, 472, 13, 50714], \"temperature\": 0.0, \"avg_logprob\": -0.19575661420822144, \"compression_ratio\": 1.6767677068710327, \"no_speech_prob\": 0.6616671085357666}, {\"id\": 195, \"seek\": 19700, \"start\": 204.0, \"end\": 205.0, \"text\": \" Again?\", \"tokens\": [50714, 3764, 30, 50764], \"temperature\": 0.0, \"avg_logprob\": -0.19575661420822144, \"compression_ratio\": 1.6767677068710327, \"no_speech_prob\": 0.6616671085357666}, {\"id\": 196, \"seek\": 19700, \"start\": 205.0, \"end\": 206.0, \"text\": \" I'll give you my number.\", \"tokens\": [50764, 286, 603, 976, 291, 452, 1230, 13, 50814], \"temperature\": 0.0, \"avg_logprob\": -0.19575661420822144, \"compression_ratio\": 1.6767677068710327, \"no_speech_prob\": 0.6616671085357666}, {\"id\": 197, \"seek\": 19700, \"start\": 206.0, \"end\": 207.0, \"text\": \" You seem nice.\", \"tokens\": [50814, 509, 1643, 1481, 13, 50864], \"temperature\": 0.0, \"avg_logprob\": -0.19575661420822144, \"compression_ratio\": 1.6767677068710327, \"no_speech_prob\": 0.6616671085357666}, {\"id\": 198, \"seek\": 19700, \"start\": 207.0, \"end\": 208.0, \"text\": \" You seem normal.\", \"tokens\": [50864, 509, 1643, 2710, 13, 50914], \"temperature\": 0.0, \"avg_logprob\": -0.19575661420822144, \"compression_ratio\": 1.6767677068710327, \"no_speech_prob\": 0.6616671085357666}, {\"id\": 199, \"seek\": 19700, \"start\": 208.0, \"end\": 209.0, \"text\": \" All right.\", \"tokens\": [50914, 1057, 558, 13, 50964], \"temperature\": 0.0, \"avg_logprob\": -0.19575661420822144, \"compression_ratio\": 1.6767677068710327, \"no_speech_prob\": 0.6616671085357666}, {\"id\": 200, \"seek\": 19700, \"start\": 209.0, \"end\": 210.0, \"text\": \" I seem, you know, harmless.\", \"tokens\": [50964, 286, 1643, 11, 291, 458, 11, 40160, 13, 51014], \"temperature\": 0.0, \"avg_logprob\": -0.19575661420822144, \"compression_ratio\": 1.6767677068710327, \"no_speech_prob\": 0.6616671085357666}, {\"id\": 201, \"seek\": 19700, \"start\": 210.0, \"end\": 211.0, \"text\": \" Mostly harmless, right?\", \"tokens\": [51014, 29035, 40160, 11, 558, 30, 51064], \"temperature\": 0.0, \"avg_logprob\": -0.19575661420822144, \"compression_ratio\": 1.6767677068710327, \"no_speech_prob\": 0.6616671085357666}, {\"id\": 202, \"seek\": 19700, \"start\": 211.0, \"end\": 212.0, \"text\": \" I did, right?\", \"tokens\": [51064, 286, 630, 11, 558, 30, 51114], \"temperature\": 0.0, \"avg_logprob\": -0.19575661420822144, \"compression_ratio\": 1.6767677068710327, \"no_speech_prob\": 0.6616671085357666}, {\"id\": 203, \"seek\": 19700, \"start\": 212.0, \"end\": 213.0, \"text\": \" It's a big production.\", \"tokens\": [51114, 467, 311, 257, 955, 4265, 13, 51164], \"temperature\": 0.0, \"avg_logprob\": -0.19575661420822144, \"compression_ratio\": 1.6767677068710327, \"no_speech_prob\": 0.6616671085357666}, {\"id\": 204, \"seek\": 19700, \"start\": 213.0, \"end\": 214.0, \"text\": \" Here, you can put it in there.\", \"tokens\": [51164, 1692, 11, 291, 393, 829, 309, 294, 456, 13, 51214], \"temperature\": 0.0, \"avg_logprob\": -0.19575661420822144, \"compression_ratio\": 1.6767677068710327, \"no_speech_prob\": 0.6616671085357666}, {\"id\": 205, \"seek\": 19700, \"start\": 214.0, \"end\": 215.0, \"text\": \" Okay.\", \"tokens\": [51214, 1033, 13, 51264], \"temperature\": 0.0, \"avg_logprob\": -0.19575661420822144, \"compression_ratio\": 1.6767677068710327, \"no_speech_prob\": 0.6616671085357666}, {\"id\": 206, \"seek\": 19700, \"start\": 215.0, \"end\": 216.0, \"text\": \" Don't try not to be nice when you're ready.\", \"tokens\": [51264, 1468, 380, 853, 406, 281, 312, 1481, 562, 291, 434, 1919, 13, 51314], \"temperature\": 0.0, \"avg_logprob\": -0.19575661420822144, \"compression_ratio\": 1.6767677068710327, \"no_speech_prob\": 0.6616671085357666}, {\"id\": 207, \"seek\": 19700, \"start\": 216.0, \"end\": 217.0, \"text\": \" Yeah, I promise.\", \"tokens\": [51314, 865, 11, 286, 6228, 13, 51364], \"temperature\": 0.0, \"avg_logprob\": -0.19575661420822144, \"compression_ratio\": 1.6767677068710327, \"no_speech_prob\": 0.6616671085357666}, {\"id\": 208, \"seek\": 19700, \"start\": 217.0, \"end\": 218.0, \"text\": \" You promise you won't?\", \"tokens\": [51364, 509, 6228, 291, 1582, 380, 30, 51414], \"temperature\": 0.0, \"avg_logprob\": -0.19575661420822144, \"compression_ratio\": 1.6767677068710327, \"no_speech_prob\": 0.6616671085357666}, {\"id\": 209, \"seek\": 19700, \"start\": 218.0, \"end\": 219.0, \"text\": \" Okay.\", \"tokens\": [51414, 1033, 13, 51464], \"temperature\": 0.0, \"avg_logprob\": -0.19575661420822144, \"compression_ratio\": 1.6767677068710327, \"no_speech_prob\": 0.6616671085357666}, {\"id\": 210, \"seek\": 19700, \"start\": 219.0, \"end\": 220.0, \"text\": \" I'll do my best.\", \"tokens\": [51464, 286, 603, 360, 452, 1151, 13, 51514], \"temperature\": 0.0, \"avg_logprob\": -0.19575661420822144, \"compression_ratio\": 1.6767677068710327, \"no_speech_prob\": 0.6616671085357666}, {\"id\": 211, \"seek\": 19700, \"start\": 220.0, \"end\": 221.0, \"text\": \" No one's caught me yet.\", \"tokens\": [51514, 883, 472, 311, 5415, 385, 1939, 13, 51564], \"temperature\": 0.0, \"avg_logprob\": -0.19575661420822144, \"compression_ratio\": 1.6767677068710327, \"no_speech_prob\": 0.6616671085357666}, {\"id\": 212, \"seek\": 19700, \"start\": 221.0, \"end\": 222.0, \"text\": \" Okay.\", \"tokens\": [51564, 1033, 13, 51614], \"temperature\": 0.0, \"avg_logprob\": -0.19575661420822144, \"compression_ratio\": 1.6767677068710327, \"no_speech_prob\": 0.6616671085357666}, {\"id\": 213, \"seek\": 19700, \"start\": 222.0, \"end\": 223.0, \"text\": \" Good.\", \"tokens\": [51614, 2205, 13, 51664], \"temperature\": 0.0, \"avg_logprob\": -0.19575661420822144, \"compression_ratio\": 1.6767677068710327, \"no_speech_prob\": 0.6616671085357666}, {\"id\": 214, \"seek\": 22300, \"start\": 224.0, \"end\": 225.0, \"text\": \" Yeah.\", \"tokens\": [50414, 865, 13, 50464], \"temperature\": 0.0, \"avg_logprob\": -0.20781473815441132, \"compression_ratio\": 1.6937984228134155, \"no_speech_prob\": 0.5542845129966736}, {\"id\": 215, \"seek\": 22300, \"start\": 225.0, \"end\": 226.0, \"text\": \" Do you want me to just put in my last name or do you want me to put...\", \"tokens\": [50464, 1144, 291, 528, 385, 281, 445, 829, 294, 452, 1036, 1315, 420, 360, 291, 528, 385, 281, 829, 485, 50514], \"temperature\": 0.0, \"avg_logprob\": -0.20781473815441132, \"compression_ratio\": 1.6937984228134155, \"no_speech_prob\": 0.5542845129966736}, {\"id\": 216, \"seek\": 22300, \"start\": 226.0, \"end\": 227.0, \"text\": \" Okay.\", \"tokens\": [50514, 1033, 13, 50564], \"temperature\": 0.0, \"avg_logprob\": -0.20781473815441132, \"compression_ratio\": 1.6937984228134155, \"no_speech_prob\": 0.5542845129966736}, {\"id\": 217, \"seek\": 22300, \"start\": 227.0, \"end\": 228.0, \"text\": \" First name, last name, social security number.\", \"tokens\": [50564, 2386, 1315, 11, 1036, 1315, 11, 2093, 3825, 1230, 13, 50614], \"temperature\": 0.0, \"avg_logprob\": -0.20781473815441132, \"compression_ratio\": 1.6937984228134155, \"no_speech_prob\": 0.5542845129966736}, {\"id\": 218, \"seek\": 22300, \"start\": 228.0, \"end\": 229.0, \"text\": \" I'll just...\", \"tokens\": [50614, 286, 603, 445, 485, 50664], \"temperature\": 0.0, \"avg_logprob\": -0.20781473815441132, \"compression_ratio\": 1.6937984228134155, \"no_speech_prob\": 0.5542845129966736}, {\"id\": 219, \"seek\": 22300, \"start\": 229.0, \"end\": 230.0, \"text\": \" Address.\", \"tokens\": [50664, 5349, 735, 13, 50714], \"temperature\": 0.0, \"avg_logprob\": -0.20781473815441132, \"compression_ratio\": 1.6937984228134155, \"no_speech_prob\": 0.5542845129966736}, {\"id\": 220, \"seek\": 22300, \"start\": 230.0, \"end\": 231.0, \"text\": \" Yeah.\", \"tokens\": [50714, 865, 13, 50764], \"temperature\": 0.0, \"avg_logprob\": -0.20781473815441132, \"compression_ratio\": 1.6937984228134155, \"no_speech_prob\": 0.5542845129966736}, {\"id\": 221, \"seek\": 22300, \"start\": 231.0, \"end\": 232.0, \"text\": \" Exactly.\", \"tokens\": [50764, 7587, 13, 50814], \"temperature\": 0.0, \"avg_logprob\": -0.20781473815441132, \"compression_ratio\": 1.6937984228134155, \"no_speech_prob\": 0.5542845129966736}, {\"id\": 222, \"seek\": 22300, \"start\": 232.0, \"end\": 233.0, \"text\": \" All that good stuff.\", \"tokens\": [50814, 1057, 300, 665, 1507, 13, 50864], \"temperature\": 0.0, \"avg_logprob\": -0.20781473815441132, \"compression_ratio\": 1.6937984228134155, \"no_speech_prob\": 0.5542845129966736}, {\"id\": 223, \"seek\": 22300, \"start\": 233.0, \"end\": 234.0, \"text\": \" I'll just put it in as my first name.\", \"tokens\": [50864, 286, 603, 445, 829, 309, 294, 382, 452, 700, 1315, 13, 50914], \"temperature\": 0.0, \"avg_logprob\": -0.20781473815441132, \"compression_ratio\": 1.6937984228134155, \"no_speech_prob\": 0.5542845129966736}, {\"id\": 224, \"seek\": 22300, \"start\": 234.0, \"end\": 235.0, \"text\": \" Kelsey?\", \"tokens\": [50914, 44714, 30, 50964], \"temperature\": 0.0, \"avg_logprob\": -0.20781473815441132, \"compression_ratio\": 1.6937984228134155, \"no_speech_prob\": 0.5542845129966736}, {\"id\": 225, \"seek\": 22300, \"start\": 235.0, \"end\": 236.0, \"text\": \" Carrie.\", \"tokens\": [50964, 34654, 13, 51014], \"temperature\": 0.0, \"avg_logprob\": -0.20781473815441132, \"compression_ratio\": 1.6937984228134155, \"no_speech_prob\": 0.5542845129966736}, {\"id\": 226, \"seek\": 22300, \"start\": 236.0, \"end\": 237.0, \"text\": \" Carrie.\", \"tokens\": [51014, 34654, 13, 51064], \"temperature\": 0.0, \"avg_logprob\": -0.20781473815441132, \"compression_ratio\": 1.6937984228134155, \"no_speech_prob\": 0.5542845129966736}, {\"id\": 227, \"seek\": 22300, \"start\": 237.0, \"end\": 238.0, \"text\": \" C-A-R-R-I.\", \"tokens\": [51064, 383, 12, 32, 12, 49, 12, 49, 12, 40, 13, 51114], \"temperature\": 0.0, \"avg_logprob\": -0.20781473815441132, \"compression_ratio\": 1.6937984228134155, \"no_speech_prob\": 0.5542845129966736}, {\"id\": 228, \"seek\": 22300, \"start\": 238.0, \"end\": 239.0, \"text\": \" Carrie.\", \"tokens\": [51114, 34654, 13, 51164], \"temperature\": 0.0, \"avg_logprob\": -0.20781473815441132, \"compression_ratio\": 1.6937984228134155, \"no_speech_prob\": 0.5542845129966736}, {\"id\": 229, \"seek\": 22300, \"start\": 239.0, \"end\": 240.0, \"text\": \" Someone else spells it like that.\", \"tokens\": [51164, 8734, 1646, 25053, 309, 411, 300, 13, 51214], \"temperature\": 0.0, \"avg_logprob\": -0.20781473815441132, \"compression_ratio\": 1.6937984228134155, \"no_speech_prob\": 0.5542845129966736}, {\"id\": 230, \"seek\": 22300, \"start\": 240.0, \"end\": 241.0, \"text\": \" Someone on some TV show, right?\", \"tokens\": [51214, 8734, 322, 512, 3558, 855, 11, 558, 30, 51264], \"temperature\": 0.0, \"avg_logprob\": -0.20781473815441132, \"compression_ratio\": 1.6937984228134155, \"no_speech_prob\": 0.5542845129966736}, {\"id\": 231, \"seek\": 22300, \"start\": 241.0, \"end\": 242.0, \"text\": \" Really?\", \"tokens\": [51264, 4083, 30, 51314], \"temperature\": 0.0, \"avg_logprob\": -0.20781473815441132, \"compression_ratio\": 1.6937984228134155, \"no_speech_prob\": 0.5542845129966736}, {\"id\": 232, \"seek\": 22300, \"start\": 242.0, \"end\": 243.0, \"text\": \" Yeah.\", \"tokens\": [51314, 865, 13, 51364], \"temperature\": 0.0, \"avg_logprob\": -0.20781473815441132, \"compression_ratio\": 1.6937984228134155, \"no_speech_prob\": 0.5542845129966736}, {\"id\": 233, \"seek\": 22300, \"start\": 243.0, \"end\": 244.0, \"text\": \" Oh.\", \"tokens\": [51364, 876, 13, 51414], \"temperature\": 0.0, \"avg_logprob\": -0.20781473815441132, \"compression_ratio\": 1.6937984228134155, \"no_speech_prob\": 0.5542845129966736}, {\"id\": 234, \"seek\": 22300, \"start\": 244.0, \"end\": 245.0, \"text\": \" Carrie Russell.\", \"tokens\": [51414, 34654, 20937, 13, 51464], \"temperature\": 0.0, \"avg_logprob\": -0.20781473815441132, \"compression_ratio\": 1.6937984228134155, \"no_speech_prob\": 0.5542845129966736}, {\"id\": 235, \"seek\": 22300, \"start\": 245.0, \"end\": 246.0, \"text\": \" No, she's a K.\", \"tokens\": [51464, 883, 11, 750, 311, 257, 591, 13, 51514], \"temperature\": 0.0, \"avg_logprob\": -0.20781473815441132, \"compression_ratio\": 1.6937984228134155, \"no_speech_prob\": 0.5542845129966736}, {\"id\": 236, \"seek\": 22300, \"start\": 246.0, \"end\": 247.0, \"text\": \" Is she?\", \"tokens\": [51514, 1119, 750, 30, 51564], \"temperature\": 0.0, \"avg_logprob\": -0.20781473815441132, \"compression_ratio\": 1.6937984228134155, \"no_speech_prob\": 0.5542845129966736}, {\"id\": 237, \"seek\": 22300, \"start\": 247.0, \"end\": 248.0, \"text\": \" She's a K.\", \"tokens\": [51564, 1240, 311, 257, 591, 13, 51614], \"temperature\": 0.0, \"avg_logprob\": -0.20781473815441132, \"compression_ratio\": 1.6937984228134155, \"no_speech_prob\": 0.5542845129966736}, {\"id\": 238, \"seek\": 22300, \"start\": 248.0, \"end\": 249.0, \"text\": \" She's K-E-R-I.\", \"tokens\": [51614, 1240, 311, 591, 12, 36, 12, 49, 12, 40, 13, 51664], \"temperature\": 0.0, \"avg_logprob\": -0.20781473815441132, \"compression_ratio\": 1.6937984228134155, \"no_speech_prob\": 0.5542845129966736}, {\"id\": 239, \"seek\": 22300, \"start\": 249.0, \"end\": 250.0, \"text\": \" Yeah.\", \"tokens\": [51664, 865, 13, 51714], \"temperature\": 0.0, \"avg_logprob\": -0.20781473815441132, \"compression_ratio\": 1.6937984228134155, \"no_speech_prob\": 0.5542845129966736}, {\"id\": 240, \"seek\": 22300, \"start\": 250.0, \"end\": 251.0, \"text\": \" That's right.\", \"tokens\": [51714, 663, 311, 558, 13, 51764], \"temperature\": 0.0, \"avg_logprob\": -0.20781473815441132, \"compression_ratio\": 1.6937984228134155, \"no_speech_prob\": 0.5542845129966736}, {\"id\": 241, \"seek\": 25100, \"start\": 251.0, \"end\": 252.0, \"text\": \" Okay.\", \"tokens\": [50364, 1033, 13, 50414], \"temperature\": 0.0, \"avg_logprob\": -0.1827443540096283, \"compression_ratio\": 1.7483221292495728, \"no_speech_prob\": 0.1224941536784172}, {\"id\": 242, \"seek\": 25100, \"start\": 252.0, \"end\": 253.0, \"text\": \" How often are you in this part of town?\", \"tokens\": [50414, 1012, 2049, 366, 291, 294, 341, 644, 295, 3954, 30, 50464], \"temperature\": 0.0, \"avg_logprob\": -0.1827443540096283, \"compression_ratio\": 1.7483221292495728, \"no_speech_prob\": 0.1224941536784172}, {\"id\": 243, \"seek\": 25100, \"start\": 253.0, \"end\": 254.0, \"text\": \" Not very often.\", \"tokens\": [50464, 1726, 588, 2049, 13, 50514], \"temperature\": 0.0, \"avg_logprob\": -0.1827443540096283, \"compression_ratio\": 1.7483221292495728, \"no_speech_prob\": 0.1224941536784172}, {\"id\": 244, \"seek\": 25100, \"start\": 254.0, \"end\": 255.0, \"text\": \" You know, I was just going to go down to Lululemon and see what they had, but...\", \"tokens\": [50514, 509, 458, 11, 286, 390, 445, 516, 281, 352, 760, 281, 441, 425, 2271, 3317, 293, 536, 437, 436, 632, 11, 457, 485, 50564], \"temperature\": 0.0, \"avg_logprob\": -0.1827443540096283, \"compression_ratio\": 1.7483221292495728, \"no_speech_prob\": 0.1224941536784172}, {\"id\": 245, \"seek\": 25100, \"start\": 255.0, \"end\": 256.0, \"text\": \" Yeah.\", \"tokens\": [50564, 865, 13, 50614], \"temperature\": 0.0, \"avg_logprob\": -0.1827443540096283, \"compression_ratio\": 1.7483221292495728, \"no_speech_prob\": 0.1224941536784172}, {\"id\": 246, \"seek\": 25100, \"start\": 256.0, \"end\": 257.0, \"text\": \" Yeah.\", \"tokens\": [50614, 865, 13, 50664], \"temperature\": 0.0, \"avg_logprob\": -0.1827443540096283, \"compression_ratio\": 1.7483221292495728, \"no_speech_prob\": 0.1224941536784172}, {\"id\": 247, \"seek\": 25100, \"start\": 257.0, \"end\": 258.0, \"text\": \" Check it out because I'm in my yoga attire right now.\", \"tokens\": [50664, 6881, 309, 484, 570, 286, 478, 294, 452, 15128, 951, 621, 558, 586, 13, 50714], \"temperature\": 0.0, \"avg_logprob\": -0.1827443540096283, \"compression_ratio\": 1.7483221292495728, \"no_speech_prob\": 0.1224941536784172}, {\"id\": 248, \"seek\": 25100, \"start\": 258.0, \"end\": 259.0, \"text\": \" Yeah.\", \"tokens\": [50714, 865, 13, 50764], \"temperature\": 0.0, \"avg_logprob\": -0.1827443540096283, \"compression_ratio\": 1.7483221292495728, \"no_speech_prob\": 0.1224941536784172}, {\"id\": 249, \"seek\": 25100, \"start\": 259.0, \"end\": 260.0, \"text\": \" Well, you pull it off.\", \"tokens\": [50764, 1042, 11, 291, 2235, 309, 766, 13, 50814], \"temperature\": 0.0, \"avg_logprob\": -0.1827443540096283, \"compression_ratio\": 1.7483221292495728, \"no_speech_prob\": 0.1224941536784172}, {\"id\": 250, \"seek\": 25100, \"start\": 260.0, \"end\": 261.0, \"text\": \" It's all right.\", \"tokens\": [50814, 467, 311, 439, 558, 13, 50864], \"temperature\": 0.0, \"avg_logprob\": -0.1827443540096283, \"compression_ratio\": 1.7483221292495728, \"no_speech_prob\": 0.1224941536784172}, {\"id\": 251, \"seek\": 25100, \"start\": 261.0, \"end\": 262.0, \"text\": \" It's summer.\", \"tokens\": [50864, 467, 311, 4266, 13, 50914], \"temperature\": 0.0, \"avg_logprob\": -0.1827443540096283, \"compression_ratio\": 1.7483221292495728, \"no_speech_prob\": 0.1224941536784172}, {\"id\": 252, \"seek\": 25100, \"start\": 262.0, \"end\": 263.0, \"text\": \" All right.\", \"tokens\": [50914, 1057, 558, 13, 50964], \"temperature\": 0.0, \"avg_logprob\": -0.1827443540096283, \"compression_ratio\": 1.7483221292495728, \"no_speech_prob\": 0.1224941536784172}, {\"id\": 253, \"seek\": 25100, \"start\": 263.0, \"end\": 264.0, \"text\": \" Well, enjoy the rest of your day.\", \"tokens\": [50964, 1042, 11, 2103, 264, 1472, 295, 428, 786, 13, 51014], \"temperature\": 0.0, \"avg_logprob\": -0.1827443540096283, \"compression_ratio\": 1.7483221292495728, \"no_speech_prob\": 0.1224941536784172}, {\"id\": 254, \"seek\": 25100, \"start\": 264.0, \"end\": 265.0, \"text\": \" Okay.\", \"tokens\": [51014, 1033, 13, 51064], \"temperature\": 0.0, \"avg_logprob\": -0.1827443540096283, \"compression_ratio\": 1.7483221292495728, \"no_speech_prob\": 0.1224941536784172}, {\"id\": 255, \"seek\": 25100, \"start\": 265.0, \"end\": 266.0, \"text\": \" You too.\", \"tokens\": [51064, 509, 886, 13, 51114], \"temperature\": 0.0, \"avg_logprob\": -0.1827443540096283, \"compression_ratio\": 1.7483221292495728, \"no_speech_prob\": 0.1224941536784172}, {\"id\": 256, \"seek\": 25100, \"start\": 266.0, \"end\": 267.0, \"text\": \" I'll send you some witty attempts at text messaging.\", \"tokens\": [51114, 286, 603, 2845, 291, 512, 261, 10016, 15257, 412, 2487, 21812, 13, 51164], \"temperature\": 0.0, \"avg_logprob\": -0.1827443540096283, \"compression_ratio\": 1.7483221292495728, \"no_speech_prob\": 0.1224941536784172}, {\"id\": 257, \"seek\": 25100, \"start\": 267.0, \"end\": 268.0, \"text\": \" Okay.\", \"tokens\": [51164, 1033, 13, 51214], \"temperature\": 0.0, \"avg_logprob\": -0.1827443540096283, \"compression_ratio\": 1.7483221292495728, \"no_speech_prob\": 0.1224941536784172}, {\"id\": 258, \"seek\": 25100, \"start\": 268.0, \"end\": 269.0, \"text\": \" I look forward to the attempts.\", \"tokens\": [51214, 286, 574, 2128, 281, 264, 15257, 13, 51264], \"temperature\": 0.0, \"avg_logprob\": -0.1827443540096283, \"compression_ratio\": 1.7483221292495728, \"no_speech_prob\": 0.1224941536784172}, {\"id\": 259, \"seek\": 25100, \"start\": 269.0, \"end\": 270.0, \"text\": \" All right.\", \"tokens\": [51264, 1057, 558, 13, 51314], \"temperature\": 0.0, \"avg_logprob\": -0.1827443540096283, \"compression_ratio\": 1.7483221292495728, \"no_speech_prob\": 0.1224941536784172}, {\"id\": 260, \"seek\": 25100, \"start\": 270.0, \"end\": 271.0, \"text\": \" Nice to meet you.\", \"tokens\": [51314, 5490, 281, 1677, 291, 13, 51364], \"temperature\": 0.0, \"avg_logprob\": -0.1827443540096283, \"compression_ratio\": 1.7483221292495728, \"no_speech_prob\": 0.1224941536784172}, {\"id\": 261, \"seek\": 25100, \"start\": 271.0, \"end\": 272.0, \"text\": \" Give me a hug.\", \"tokens\": [51364, 5303, 385, 257, 8777, 13, 51414], \"temperature\": 0.0, \"avg_logprob\": -0.1827443540096283, \"compression_ratio\": 1.7483221292495728, \"no_speech_prob\": 0.1224941536784172}, {\"id\": 262, \"seek\": 25100, \"start\": 272.0, \"end\": 273.0, \"text\": \" Nice to meet you.\", \"tokens\": [51414, 5490, 281, 1677, 291, 13, 51464], \"temperature\": 0.0, \"avg_logprob\": -0.1827443540096283, \"compression_ratio\": 1.7483221292495728, \"no_speech_prob\": 0.1224941536784172}, {\"id\": 263, \"seek\": 25100, \"start\": 273.0, \"end\": 274.0, \"text\": \" Take care.\", \"tokens\": [51464, 3664, 1127, 13, 51514], \"temperature\": 0.0, \"avg_logprob\": -0.1827443540096283, \"compression_ratio\": 1.7483221292495728, \"no_speech_prob\": 0.1224941536784172}, {\"id\": 264, \"seek\": 25100, \"start\": 274.0, \"end\": 275.0, \"text\": \" Okay.\", \"tokens\": [51514, 1033, 13, 51564], \"temperature\": 0.0, \"avg_logprob\": -0.1827443540096283, \"compression_ratio\": 1.7483221292495728, \"no_speech_prob\": 0.1224941536784172}, {\"id\": 265, \"seek\": 25100, \"start\": 275.0, \"end\": 276.0, \"text\": \" Bye.\", \"tokens\": [51564, 4621, 13, 51614], \"temperature\": 0.0, \"avg_logprob\": -0.1827443540096283, \"compression_ratio\": 1.7483221292495728, \"no_speech_prob\": 0.1224941536784172}, {\"id\": 266, \"seek\": 25100, \"start\": 276.0, \"end\": 277.0, \"text\": \" Bye.\", \"tokens\": [51614, 4621, 13, 51664], \"temperature\": 0.0, \"avg_logprob\": -0.1827443540096283, \"compression_ratio\": 1.7483221292495728, \"no_speech_prob\": 0.1224941536784172}, {\"id\": 267, \"seek\": 25100, \"start\": 277.0, \"end\": 278.0, \"text\": \" Bye.\", \"tokens\": [51664, 4621, 13, 51714], \"temperature\": 0.0, \"avg_logprob\": -0.1827443540096283, \"compression_ratio\": 1.7483221292495728, \"no_speech_prob\": 0.1224941536784172}, {\"id\": 268, \"seek\": 25100, \"start\": 278.0, \"end\": 279.0, \"text\": \" Bye.\", \"tokens\": [51714, 4621, 13, 51764], \"temperature\": 0.0, \"avg_logprob\": -0.1827443540096283, \"compression_ratio\": 1.7483221292495728, \"no_speech_prob\": 0.1224941536784172}, {\"id\": 269, \"seek\": 25100, \"start\": 279.0, \"end\": 280.0, \"text\": \" Bye.\", \"tokens\": [51764, 4621, 13, 51814], \"temperature\": 0.0, \"avg_logprob\": -0.1827443540096283, \"compression_ratio\": 1.7483221292495728, \"no_speech_prob\": 0.1224941536784172}]}"}