{"title": "If you can master this, you can master anything!", "video_id": "s9M-y2tMcrE", "video_url": "https://www.youtube.com/watch?v=s9M-y2tMcrE", "description": "", "published_at": "2023-05-19T21:07:52Z", "channel_id": "UC0O-ohYDF4P66HW9XJ4Us8w", "channel_title": "Robbie Kramer", "tags": [], "category_id": "24", "live_broadcast_content": "none", "duration": 22.0, "dimension": "2d", "definition": "hd", "caption": "false", "view_count": 1373, "like_count": 15, "comment_count": 0, "channel_info": {"title": "Robbie Kramer", "description": "I'm Robbie Kramer \ud83c\udf99Host of The Inner Confidence Podcast & Founder of Inner Confidence, Inc.\n\nI lived an exhilarating single life filled with adventures and lessons, and ultimately achieved what I had always aspired to \u2013 finding an amazing, feminine, and loving wife. \n\nI believe my experiences provide a rare balance of wild freedom and committed love, equipping me with the insights to help you navigate the complexities of dating and relationships in today's world. Let me guide you to embrace your desires, improve your social prowess, and ultimately attract the partner who aligns with your highest aspirations.\n\nYou won\u2019t find any fluffy, new-age, or cringy stuff here, just tested, proven and actionable advice that yields results.\n\nApply to join our exclusive Inner Confidence Community of ambitious men who are actively working together to achieve their goals faster   \u25ba https://innerconfidence.com/community\n\nYou can email me at robbie@innerconfidence.com with any questions or comments.\n", "subscriber_count": "1270", "total_views": "604693", "total_videos": "470"}, "comments": [], "file_path": "/Users/aelaguiz/workspace/fc_book/audio/raws/s9M-y2tMcrE.mp3", "transcription": "{\"text\": \"And you see that actually at prison a lot. Like, you know, like guys go to prison, the first thing they do is like, well, what else can I do? I'm gonna get fucking jacked, right? Maybe because they would need to protect themselves or whatever. But like, if you can master your own body, that is such a platform to then use and say, okay, I've mastered this part, which is a lot of inner game. \", \"segments\": [{\"id\": 0, \"seek\": 0, \"start\": 0.0, \"end\": 2.759999990463257, \"text\": \" And you see that actually at prison a lot.\", \"tokens\": [50364, 400, 291, 536, 300, 767, 412, 6168, 257, 688, 13, 50502], \"temperature\": 0.0, \"avg_logprob\": -0.2911958396434784, \"compression_ratio\": 1.5934959650039673, \"no_speech_prob\": 0.005299532786011696}, {\"id\": 1, \"seek\": 0, \"start\": 2.759999990463257, \"end\": 4.800000190734863, \"text\": \" Like, you know, like guys go to prison,\", \"tokens\": [50502, 1743, 11, 291, 458, 11, 411, 1074, 352, 281, 6168, 11, 50604], \"temperature\": 0.0, \"avg_logprob\": -0.2911958396434784, \"compression_ratio\": 1.5934959650039673, \"no_speech_prob\": 0.005299532786011696}, {\"id\": 2, \"seek\": 0, \"start\": 4.800000190734863, \"end\": 5.760000228881836, \"text\": \" the first thing they do is like,\", \"tokens\": [50604, 264, 700, 551, 436, 360, 307, 411, 11, 50652], \"temperature\": 0.0, \"avg_logprob\": -0.2911958396434784, \"compression_ratio\": 1.5934959650039673, \"no_speech_prob\": 0.005299532786011696}, {\"id\": 3, \"seek\": 0, \"start\": 5.760000228881836, \"end\": 6.599999904632568, \"text\": \" well, what else can I do?\", \"tokens\": [50652, 731, 11, 437, 1646, 393, 286, 360, 30, 50694], \"temperature\": 0.0, \"avg_logprob\": -0.2911958396434784, \"compression_ratio\": 1.5934959650039673, \"no_speech_prob\": 0.005299532786011696}, {\"id\": 4, \"seek\": 0, \"start\": 6.599999904632568, \"end\": 8.15999984741211, \"text\": \" I'm gonna get fucking jacked, right?\", \"tokens\": [50694, 286, 478, 799, 483, 5546, 7109, 292, 11, 558, 30, 50772], \"temperature\": 0.0, \"avg_logprob\": -0.2911958396434784, \"compression_ratio\": 1.5934959650039673, \"no_speech_prob\": 0.005299532786011696}, {\"id\": 5, \"seek\": 0, \"start\": 8.15999984741211, \"end\": 9.600000381469727, \"text\": \" Maybe because they would need to protect themselves\", \"tokens\": [50772, 2704, 570, 436, 576, 643, 281, 2371, 2969, 50844], \"temperature\": 0.0, \"avg_logprob\": -0.2911958396434784, \"compression_ratio\": 1.5934959650039673, \"no_speech_prob\": 0.005299532786011696}, {\"id\": 6, \"seek\": 0, \"start\": 9.600000381469727, \"end\": 10.640000343322754, \"text\": \" or whatever.\", \"tokens\": [50844, 420, 2035, 13, 50896], \"temperature\": 0.0, \"avg_logprob\": -0.2911958396434784, \"compression_ratio\": 1.5934959650039673, \"no_speech_prob\": 0.005299532786011696}, {\"id\": 7, \"seek\": 0, \"start\": 10.640000343322754, \"end\": 13.920000076293945, \"text\": \" But like, if you can master your own body,\", \"tokens\": [50896, 583, 411, 11, 498, 291, 393, 4505, 428, 1065, 1772, 11, 51060], \"temperature\": 0.0, \"avg_logprob\": -0.2911958396434784, \"compression_ratio\": 1.5934959650039673, \"no_speech_prob\": 0.005299532786011696}, {\"id\": 8, \"seek\": 0, \"start\": 13.920000076293945, \"end\": 16.360000610351562, \"text\": \" that is such a platform to then use and say,\", \"tokens\": [51060, 300, 307, 1270, 257, 3663, 281, 550, 764, 293, 584, 11, 51182], \"temperature\": 0.0, \"avg_logprob\": -0.2911958396434784, \"compression_ratio\": 1.5934959650039673, \"no_speech_prob\": 0.005299532786011696}, {\"id\": 9, \"seek\": 0, \"start\": 16.360000610351562, \"end\": 19.0, \"text\": \" okay, I've mastered this part,\", \"tokens\": [51182, 1392, 11, 286, 600, 38686, 341, 644, 11, 51314], \"temperature\": 0.0, \"avg_logprob\": -0.2911958396434784, \"compression_ratio\": 1.5934959650039673, \"no_speech_prob\": 0.005299532786011696}, {\"id\": 10, \"seek\": 0, \"start\": 19.0, \"end\": 21.0, \"text\": \" which is a lot of inner game.\", \"tokens\": [51314, 597, 307, 257, 688, 295, 7284, 1216, 13, 51414], \"temperature\": 0.0, \"avg_logprob\": -0.2911958396434784, \"compression_ratio\": 1.5934959650039673, \"no_speech_prob\": 0.005299532786011696}]}"}