{"title": "The Best Daygame Stopping Technique - The Hook N Swoop", "video_id": "scpvn6guD74", "video_url": "https://www.youtube.com/watch?v=scpvn6guD74", "description": "Have you ever seen a beautiful girl walking down the street or through a bar but hesitated to approach her because you weren't sure how to stop her in a natural way?  If you just run up, you'll most likely startle her and immediately give off a creepy vibe.  Do this instead.\n\nTo listen to more episodes of the Inner Confidence Podcast, visit the links below:\nWebsite: https://innerconfidence.com/podcast/\niTunes:https://podcasts.apple.com/us/podcast/inner-confidence-podcast/id986699444 \nSpotify: https://open.spotify.com/show/2zkWuTnt7whvnR6CO6oNPV\nRSS: https://innerconfidence.com/series/leverage-podcast/feed/\n\nAnd if you're interested in learning more about my coaching services and connecting with me, check out these links:\nLinkTree: https://linktr.ee/Robbiekramer\nMain Site: https://innerconfidence.com/\nInstagram: https://www.instagram.com/robbie_kramer/\nTikTok: https://www.tiktok.com/@robbie.kramer\nYouTube: https://www.youtube.com/innerconfidence\n\nThank you for tuning in, and I look forward to helping you build your inner confidence and achieve success!\n\nJoin us : https://innerconfidence.com/leverage/\nBook a call with me : https://start.innerconfidence.com/video1\n\n\n#personaldevelopment #selfimprovement #innerconfidence #innerconfidencepodcast #podcast #coaching #success #motivation #inspiration #mindset #datingcoach #relationshipgoals #confidencecoach #selfimprovement #successfulmen", "published_at": "2014-03-28T20:14:40Z", "channel_id": "UC0O-ohYDF4P66HW9XJ4Us8w", "channel_title": "Robbie Kramer", "tags": ["seducing women", "daygame", "seduction", "pickup artists", "meeting women", "finding a girlfriend", "flirting tips", "dating tips", "the game"], "category_id": "24", "live_broadcast_content": "none", "duration": 363.0, "dimension": "2d", "definition": "sd", "caption": "false", "view_count": 495, "like_count": 10, "comment_count": 0, "channel_info": {"title": "Robbie Kramer", "description": "I'm Robbie Kramer \ud83c\udf99Host of The Inner Confidence Podcast & Founder of Inner Confidence, Inc.\n\nI lived an exhilarating single life filled with adventures and lessons, and ultimately achieved what I had always aspired to \u2013 finding an amazing, feminine, and loving wife. \n\nI believe my experiences provide a rare balance of wild freedom and committed love, equipping me with the insights to help you navigate the complexities of dating and relationships in today's world. Let me guide you to embrace your desires, improve your social prowess, and ultimately attract the partner who aligns with your highest aspirations.\n\nYou won\u2019t find any fluffy, new-age, or cringy stuff here, just tested, proven and actionable advice that yields results.\n\nApply to join our exclusive Inner Confidence Community of ambitious men who are actively working together to achieve their goals faster   \u25ba https://innerconfidence.com/community\n\nYou can email me at robbie@innerconfidence.com with any questions or comments.\n", "subscriber_count": "1270", "total_views": "604693", "total_videos": "470"}, "comments": [], "file_path": "/Users/aelaguiz/workspace/fc_book/audio/raws/scpvn6guD74.mp3", "transcription": "{\"text\": \"Ok, so day game situation, here's a sneaky one. So let's say I do the hook and swoop, right? So I found a little bit better way for the hook and swoop. When they're walking, so pretend like you're walking this way, I'll come up to you, hey! So you see how I touched her and then kind of got in front of her? It was like that subtle touch on the arm, but I moved out of the way, like I wasn't too close. I was like, hey! And then I pointed. It's a lot better than the old, right? Because if you're actually stopping them, and I do this in the video, but Jesse explained it, and I never realized he explained it wrong, and then I explained it the same way he was explaining it, and the whole thing just got lost. But if you actually watch the hook and swoop video, I don't completely hook around, it's like a half hook. But I still get in front. I go on the side, I stop on the side, and I kind of stand like this. But here's the problem, if you do the big old huge hook and swoop, which you do, you're so far away. You're like this far away that they can just be like. Yeah. Yeah. Yeah, I remember that. That's what you're taught though. I know. Be like 10 feet in front of her. So when they stop walking, the momentum will. So, it still works, but this is a little bit better. You guys get the difference? No. It's a lot harder for them to bail on you if you're like right here. As long as you don't scare the shit out of them, and you're like, hey! No, they can still keep walking though. A lot easier. But usually they won't. And if you're really. Well, you're still in front. Try to walk. Try to incorporate a touch, right? Try to walk. Hey, hey, hey. Stop for a second. No, like remember, you're. Keep walking like you really don't want to stop. Okay. Should be easy. Hey, wait, wait. Stop for a second. One second. One second. So you completely block their path. Right? But I'm not getting so close. I'm like kind of moving back with them. If you smile and kind of laugh to yourself while you're doing it too, like I would giggle back. Remember, your attitude is that she wants you. Like you know in your mind that she wants your cock. And she just doesn't want to admit it. But seems like the way you're doing it, kind of coming in close like that, you're going to startle them. But I'm not because I'm, I'm close. Well, you can't see here. We should do it from this angle so you can see. So go ahead. Hey, hey, hey. See I'm leaning back like this. It's a lot different than if I wasn't leaning back at all. Hey, hey. See the momentum? I'm doing this to give us at least that much room. Yeah, actually it makes a big difference. Like this versus that. Yeah, it's like creepy versus non-creepy, literally. This shit is so subtle. Like you think it's not a big deal, but it's everything. It's like, what does it taste like? Okay, so that was a hook and swoop. So, it still works, but this is a little bit better. You guys get the difference? No. It's a lot harder for them to bail on you if you're like right here. As long as you don't scare the shit out of them and you're like, hey! No, they can still keep walking though. Easier. But, usually they won't. And if you're really... Well, you're still in front. Try to walk. You just incorporate a touch, right? Try to walk. Hey, hey, hey. Stop for a second. No, like remember you're... Keep walking, like you really don't want to stop. Okay. Should be easy. Hey, wait, wait. Stop for a second. One second, one second. They completely block their path. Right, but I'm not getting so close. I'm like kind of moving back with them. If you smile and kind of laugh to yourself while you're doing it too, like I would giggle back. Remember, your attitude is that she wants you. Like you know in your mind that she wants your cock and she just doesn't want to admit it. It seems like the way you're doing it, kind of coming in close like that, you're going to startle them. But I'm not because I'm close. Well, you can't see here. We should do it from this angle so you can see. So, go ahead. Hey, hey, hey. See, I'm leaning back like this. It's a lot different than if I wasn't leaning back at all. Hey, hey. See the momentum? So, I'm doing this to give us at least that much room. Yeah, actually it makes a good point. It makes a big difference. Like this versus that. Yeah. It's like creepy versus non-creepy, literally. This shit's so subtle. Like you think it's not a big deal, but it's everything. It's like, what does that take? Okay. \", \"segments\": [{\"id\": 0, \"seek\": 0, \"start\": 0.0, \"end\": 15.539999961853027, \"text\": \" Ok, so day game situation, here's a sneaky one.\", \"tokens\": [50364, 3477, 11, 370, 786, 1216, 2590, 11, 510, 311, 257, 39518, 472, 13, 51141], \"temperature\": 0.0, \"avg_logprob\": -0.33337002992630005, \"compression_ratio\": 1.313043475151062, \"no_speech_prob\": 0.02796769328415394}, {\"id\": 1, \"seek\": 0, \"start\": 15.539999961853027, \"end\": 22.440000534057617, \"text\": \" So let's say I do the hook and swoop, right?\", \"tokens\": [51141, 407, 718, 311, 584, 286, 360, 264, 6328, 293, 13291, 404, 11, 558, 30, 51486], \"temperature\": 0.0, \"avg_logprob\": -0.33337002992630005, \"compression_ratio\": 1.313043475151062, \"no_speech_prob\": 0.02796769328415394}, {\"id\": 2, \"seek\": 0, \"start\": 22.440000534057617, \"end\": 26.0, \"text\": \" So I found a little bit better way for the hook and swoop.\", \"tokens\": [51486, 407, 286, 1352, 257, 707, 857, 1101, 636, 337, 264, 6328, 293, 13291, 404, 13, 51664], \"temperature\": 0.0, \"avg_logprob\": -0.33337002992630005, \"compression_ratio\": 1.313043475151062, \"no_speech_prob\": 0.02796769328415394}, {\"id\": 3, \"seek\": 2600, \"start\": 26.0, \"end\": 37.0, \"text\": \" When they're walking, so pretend like you're walking this way, I'll come up to you, hey!\", \"tokens\": [50364, 1133, 436, 434, 4494, 11, 370, 11865, 411, 291, 434, 21346, 5092, 341, 636, 11, 286, 603, 808, 493, 281, 291, 11, 4177, 0, 50914], \"temperature\": 0.0, \"avg_logprob\": -0.3931141197681427, \"compression_ratio\": 1.576923131942749, \"no_speech_prob\": 0.03675954043865204}, {\"id\": 4, \"seek\": 2600, \"start\": 37.0, \"end\": 42.0, \"text\": \" So you see how I touched her and then kind of got in front of her?\", \"tokens\": [50914, 407, 291, 536, 577, 286, 9828, 720, 293, 550, 733, 295, 658, 294, 1868, 295, 720, 30, 51164], \"temperature\": 0.0, \"avg_logprob\": -0.3931141197681427, \"compression_ratio\": 1.576923131942749, \"no_speech_prob\": 0.03675954043865204}, {\"id\": 5, \"seek\": 2600, \"start\": 42.0, \"end\": 47.0, \"text\": \" It was like that subtle touch on the arm, but I moved out of the way, like I wasn't\", \"tokens\": [51164, 467, 390, 411, 300, 13743, 2557, 322, 264, 3726, 11, 457, 286, 4259, 484, 295, 264, 636, 11, 411, 286, 2067, 380, 51414], \"temperature\": 0.0, \"avg_logprob\": -0.3931141197681427, \"compression_ratio\": 1.576923131942749, \"no_speech_prob\": 0.03675954043865204}, {\"id\": 6, \"seek\": 2600, \"start\": 47.0, \"end\": 48.0, \"text\": \" too close.\", \"tokens\": [51414, 886, 1998, 13, 51464], \"temperature\": 0.0, \"avg_logprob\": -0.3931141197681427, \"compression_ratio\": 1.576923131942749, \"no_speech_prob\": 0.03675954043865204}, {\"id\": 7, \"seek\": 2600, \"start\": 48.0, \"end\": 49.0, \"text\": \" I was like, hey!\", \"tokens\": [51464, 286, 390, 411, 11, 4177, 0, 51514], \"temperature\": 0.0, \"avg_logprob\": -0.3931141197681427, \"compression_ratio\": 1.576923131942749, \"no_speech_prob\": 0.03675954043865204}, {\"id\": 8, \"seek\": 2600, \"start\": 49.0, \"end\": 51.79999923706055, \"text\": \" And then I pointed.\", \"tokens\": [51514, 400, 550, 286, 10932, 13, 51654], \"temperature\": 0.0, \"avg_logprob\": -0.3931141197681427, \"compression_ratio\": 1.576923131942749, \"no_speech_prob\": 0.03675954043865204}, {\"id\": 9, \"seek\": 5180, \"start\": 51.79999923706055, \"end\": 61.79999923706055, \"text\": \" It's a lot better than the old, right?\", \"tokens\": [50364, 467, 311, 257, 688, 1101, 813, 264, 1331, 11, 558, 30, 50864], \"temperature\": 0.0, \"avg_logprob\": -0.2544757127761841, \"compression_ratio\": 1.7076271772384644, \"no_speech_prob\": 0.15401597321033478}, {\"id\": 10, \"seek\": 5180, \"start\": 61.79999923706055, \"end\": 66.80000305175781, \"text\": \" Because if you're actually stopping them, and I do this in the video, but Jesse explained\", \"tokens\": [50864, 1436, 498, 291, 434, 767, 12767, 552, 11, 293, 286, 360, 341, 294, 264, 960, 11, 457, 21895, 8825, 51114], \"temperature\": 0.0, \"avg_logprob\": -0.2544757127761841, \"compression_ratio\": 1.7076271772384644, \"no_speech_prob\": 0.15401597321033478}, {\"id\": 11, \"seek\": 5180, \"start\": 66.80000305175781, \"end\": 70.80000305175781, \"text\": \" it, and I never realized he explained it wrong, and then I explained it the same way he was\", \"tokens\": [51114, 309, 11, 293, 286, 1128, 5334, 415, 8825, 309, 2085, 11, 293, 550, 286, 8825, 309, 264, 912, 636, 415, 390, 51314], \"temperature\": 0.0, \"avg_logprob\": -0.2544757127761841, \"compression_ratio\": 1.7076271772384644, \"no_speech_prob\": 0.15401597321033478}, {\"id\": 12, \"seek\": 5180, \"start\": 70.80000305175781, \"end\": 72.80000305175781, \"text\": \" explaining it, and the whole thing just got lost.\", \"tokens\": [51314, 13468, 309, 11, 293, 264, 1379, 551, 445, 658, 2731, 13, 51414], \"temperature\": 0.0, \"avg_logprob\": -0.2544757127761841, \"compression_ratio\": 1.7076271772384644, \"no_speech_prob\": 0.15401597321033478}, {\"id\": 13, \"seek\": 5180, \"start\": 72.80000305175781, \"end\": 77.80000305175781, \"text\": \" But if you actually watch the hook and swoop video, I don't completely hook around, it's\", \"tokens\": [51414, 583, 498, 291, 767, 1159, 264, 6328, 293, 13291, 404, 960, 11, 286, 500, 380, 2584, 6328, 926, 11, 309, 311, 51664], \"temperature\": 0.0, \"avg_logprob\": -0.2544757127761841, \"compression_ratio\": 1.7076271772384644, \"no_speech_prob\": 0.15401597321033478}, {\"id\": 14, \"seek\": 5180, \"start\": 77.80000305175781, \"end\": 78.80000305175781, \"text\": \" like a half hook.\", \"tokens\": [51664, 411, 257, 1922, 6328, 13, 51714], \"temperature\": 0.0, \"avg_logprob\": -0.2544757127761841, \"compression_ratio\": 1.7076271772384644, \"no_speech_prob\": 0.15401597321033478}, {\"id\": 15, \"seek\": 5180, \"start\": 78.80000305175781, \"end\": 79.80000305175781, \"text\": \" But I still get in front.\", \"tokens\": [51714, 583, 286, 920, 483, 294, 1868, 13, 51764], \"temperature\": 0.0, \"avg_logprob\": -0.2544757127761841, \"compression_ratio\": 1.7076271772384644, \"no_speech_prob\": 0.15401597321033478}, {\"id\": 16, \"seek\": 7980, \"start\": 80.80000305175781, \"end\": 85.80000305175781, \"text\": \" I go on the side, I stop on the side, and I kind of stand like this.\", \"tokens\": [50414, 286, 352, 322, 264, 1252, 11, 286, 1590, 322, 264, 1252, 11, 293, 286, 733, 295, 1463, 411, 341, 13, 50664], \"temperature\": 0.0, \"avg_logprob\": -0.31469517946243286, \"compression_ratio\": 1.6769911050796509, \"no_speech_prob\": 0.6955947279930115}, {\"id\": 17, \"seek\": 7980, \"start\": 85.80000305175781, \"end\": 92.80000305175781, \"text\": \" But here's the problem, if you do the big old huge hook and swoop, which you do, you're\", \"tokens\": [50664, 583, 510, 311, 264, 1154, 11, 498, 291, 360, 264, 955, 1331, 2603, 6328, 293, 13291, 404, 11, 597, 291, 360, 11, 291, 434, 51014], \"temperature\": 0.0, \"avg_logprob\": -0.31469517946243286, \"compression_ratio\": 1.6769911050796509, \"no_speech_prob\": 0.6955947279930115}, {\"id\": 18, \"seek\": 7980, \"start\": 92.80000305175781, \"end\": 93.80000305175781, \"text\": \" so far away.\", \"tokens\": [51014, 370, 1400, 1314, 13, 51064], \"temperature\": 0.0, \"avg_logprob\": -0.31469517946243286, \"compression_ratio\": 1.6769911050796509, \"no_speech_prob\": 0.6955947279930115}, {\"id\": 19, \"seek\": 7980, \"start\": 93.80000305175781, \"end\": 96.80000305175781, \"text\": \" You're like this far away that they can just be like.\", \"tokens\": [51064, 509, 434, 411, 341, 1400, 1314, 300, 436, 393, 445, 312, 411, 13, 51214], \"temperature\": 0.0, \"avg_logprob\": -0.31469517946243286, \"compression_ratio\": 1.6769911050796509, \"no_speech_prob\": 0.6955947279930115}, {\"id\": 20, \"seek\": 7980, \"start\": 96.80000305175781, \"end\": 97.80000305175781, \"text\": \" Yeah.\", \"tokens\": [51214, 865, 13, 51264], \"temperature\": 0.0, \"avg_logprob\": -0.31469517946243286, \"compression_ratio\": 1.6769911050796509, \"no_speech_prob\": 0.6955947279930115}, {\"id\": 21, \"seek\": 7980, \"start\": 97.80000305175781, \"end\": 98.80000305175781, \"text\": \" Yeah.\", \"tokens\": [51264, 865, 13, 51314], \"temperature\": 0.0, \"avg_logprob\": -0.31469517946243286, \"compression_ratio\": 1.6769911050796509, \"no_speech_prob\": 0.6955947279930115}, {\"id\": 22, \"seek\": 7980, \"start\": 98.80000305175781, \"end\": 99.80000305175781, \"text\": \" Yeah, I remember that.\", \"tokens\": [51314, 865, 11, 286, 1604, 300, 13, 51364], \"temperature\": 0.0, \"avg_logprob\": -0.31469517946243286, \"compression_ratio\": 1.6769911050796509, \"no_speech_prob\": 0.6955947279930115}, {\"id\": 23, \"seek\": 7980, \"start\": 99.80000305175781, \"end\": 100.80000305175781, \"text\": \" That's what you're taught though.\", \"tokens\": [51364, 663, 311, 437, 291, 434, 5928, 1673, 13, 51414], \"temperature\": 0.0, \"avg_logprob\": -0.31469517946243286, \"compression_ratio\": 1.6769911050796509, \"no_speech_prob\": 0.6955947279930115}, {\"id\": 24, \"seek\": 7980, \"start\": 100.80000305175781, \"end\": 101.80000305175781, \"text\": \" I know.\", \"tokens\": [51414, 286, 458, 13, 51464], \"temperature\": 0.0, \"avg_logprob\": -0.31469517946243286, \"compression_ratio\": 1.6769911050796509, \"no_speech_prob\": 0.6955947279930115}, {\"id\": 25, \"seek\": 7980, \"start\": 101.80000305175781, \"end\": 102.80000305175781, \"text\": \" Be like 10 feet in front of her.\", \"tokens\": [51464, 879, 411, 1266, 3521, 294, 1868, 295, 720, 13, 51514], \"temperature\": 0.0, \"avg_logprob\": -0.31469517946243286, \"compression_ratio\": 1.6769911050796509, \"no_speech_prob\": 0.6955947279930115}, {\"id\": 26, \"seek\": 7980, \"start\": 102.80000305175781, \"end\": 105.80000305175781, \"text\": \" So when they stop walking, the momentum will.\", \"tokens\": [51514, 407, 562, 436, 1590, 4494, 11, 264, 11244, 486, 13, 51664], \"temperature\": 0.0, \"avg_logprob\": -0.31469517946243286, \"compression_ratio\": 1.6769911050796509, \"no_speech_prob\": 0.6955947279930115}, {\"id\": 27, \"seek\": 10580, \"start\": 105.80000305175781, \"end\": 111.80000305175781, \"text\": \" So, it still works, but this is a little bit better.\", \"tokens\": [50364, 407, 11, 309, 920, 1985, 11, 457, 341, 307, 257, 707, 857, 1101, 13, 50664], \"temperature\": 0.0, \"avg_logprob\": -0.2635836899280548, \"compression_ratio\": 1.5663716793060303, \"no_speech_prob\": 0.13658715784549713}, {\"id\": 28, \"seek\": 10580, \"start\": 111.80000305175781, \"end\": 114.80000305175781, \"text\": \" You guys get the difference?\", \"tokens\": [50664, 509, 1074, 483, 264, 2649, 30, 50814], \"temperature\": 0.0, \"avg_logprob\": -0.2635836899280548, \"compression_ratio\": 1.5663716793060303, \"no_speech_prob\": 0.13658715784549713}, {\"id\": 29, \"seek\": 10580, \"start\": 114.80000305175781, \"end\": 115.80000305175781, \"text\": \" No.\", \"tokens\": [50814, 883, 13, 50864], \"temperature\": 0.0, \"avg_logprob\": -0.2635836899280548, \"compression_ratio\": 1.5663716793060303, \"no_speech_prob\": 0.13658715784549713}, {\"id\": 30, \"seek\": 10580, \"start\": 115.80000305175781, \"end\": 120.80000305175781, \"text\": \" It's a lot harder for them to bail on you if you're like right here.\", \"tokens\": [50864, 467, 311, 257, 688, 6081, 337, 552, 281, 19313, 322, 291, 498, 291, 434, 411, 558, 510, 13, 51114], \"temperature\": 0.0, \"avg_logprob\": -0.2635836899280548, \"compression_ratio\": 1.5663716793060303, \"no_speech_prob\": 0.13658715784549713}, {\"id\": 31, \"seek\": 10580, \"start\": 120.80000305175781, \"end\": 125.80000305175781, \"text\": \" As long as you don't scare the shit out of them, and you're like, hey!\", \"tokens\": [51114, 1018, 938, 382, 291, 500, 380, 17185, 264, 4611, 484, 295, 552, 11, 293, 291, 434, 411, 11, 4177, 0, 51364], \"temperature\": 0.0, \"avg_logprob\": -0.2635836899280548, \"compression_ratio\": 1.5663716793060303, \"no_speech_prob\": 0.13658715784549713}, {\"id\": 32, \"seek\": 10580, \"start\": 125.80000305175781, \"end\": 128.8000030517578, \"text\": \" No, they can still keep walking though.\", \"tokens\": [51364, 883, 11, 436, 393, 920, 1066, 4494, 1673, 13, 51514], \"temperature\": 0.0, \"avg_logprob\": -0.2635836899280548, \"compression_ratio\": 1.5663716793060303, \"no_speech_prob\": 0.13658715784549713}, {\"id\": 33, \"seek\": 10580, \"start\": 128.8000030517578, \"end\": 129.8000030517578, \"text\": \" A lot easier.\", \"tokens\": [51514, 316, 688, 3571, 13, 51564], \"temperature\": 0.0, \"avg_logprob\": -0.2635836899280548, \"compression_ratio\": 1.5663716793060303, \"no_speech_prob\": 0.13658715784549713}, {\"id\": 34, \"seek\": 10580, \"start\": 129.8000030517578, \"end\": 131.8000030517578, \"text\": \" But usually they won't.\", \"tokens\": [51564, 583, 2673, 436, 1582, 380, 13, 51664], \"temperature\": 0.0, \"avg_logprob\": -0.2635836899280548, \"compression_ratio\": 1.5663716793060303, \"no_speech_prob\": 0.13658715784549713}, {\"id\": 35, \"seek\": 10580, \"start\": 131.8000030517578, \"end\": 132.8000030517578, \"text\": \" And if you're really.\", \"tokens\": [51664, 400, 498, 291, 434, 534, 13, 51714], \"temperature\": 0.0, \"avg_logprob\": -0.2635836899280548, \"compression_ratio\": 1.5663716793060303, \"no_speech_prob\": 0.13658715784549713}, {\"id\": 36, \"seek\": 10580, \"start\": 132.8000030517578, \"end\": 134.8000030517578, \"text\": \" Well, you're still in front.\", \"tokens\": [51714, 1042, 11, 291, 434, 920, 294, 1868, 13, 51814], \"temperature\": 0.0, \"avg_logprob\": -0.2635836899280548, \"compression_ratio\": 1.5663716793060303, \"no_speech_prob\": 0.13658715784549713}, {\"id\": 37, \"seek\": 13480, \"start\": 134.8000030517578, \"end\": 135.8000030517578, \"text\": \" Try to walk.\", \"tokens\": [50364, 6526, 281, 1792, 13, 50414], \"temperature\": 0.0, \"avg_logprob\": -0.2705024778842926, \"compression_ratio\": 1.6590908765792847, \"no_speech_prob\": 0.19928018748760223}, {\"id\": 38, \"seek\": 13480, \"start\": 135.8000030517578, \"end\": 136.8000030517578, \"text\": \" Try to incorporate a touch, right?\", \"tokens\": [50414, 6526, 281, 16091, 257, 2557, 11, 558, 30, 50464], \"temperature\": 0.0, \"avg_logprob\": -0.2705024778842926, \"compression_ratio\": 1.6590908765792847, \"no_speech_prob\": 0.19928018748760223}, {\"id\": 39, \"seek\": 13480, \"start\": 136.8000030517578, \"end\": 137.8000030517578, \"text\": \" Try to walk.\", \"tokens\": [50464, 6526, 281, 1792, 13, 50514], \"temperature\": 0.0, \"avg_logprob\": -0.2705024778842926, \"compression_ratio\": 1.6590908765792847, \"no_speech_prob\": 0.19928018748760223}, {\"id\": 40, \"seek\": 13480, \"start\": 137.8000030517578, \"end\": 138.8000030517578, \"text\": \" Hey, hey, hey.\", \"tokens\": [50514, 1911, 11, 4177, 11, 4177, 13, 50564], \"temperature\": 0.0, \"avg_logprob\": -0.2705024778842926, \"compression_ratio\": 1.6590908765792847, \"no_speech_prob\": 0.19928018748760223}, {\"id\": 41, \"seek\": 13480, \"start\": 138.8000030517578, \"end\": 139.8000030517578, \"text\": \" Stop for a second.\", \"tokens\": [50564, 5535, 337, 257, 1150, 13, 50614], \"temperature\": 0.0, \"avg_logprob\": -0.2705024778842926, \"compression_ratio\": 1.6590908765792847, \"no_speech_prob\": 0.19928018748760223}, {\"id\": 42, \"seek\": 13480, \"start\": 139.8000030517578, \"end\": 140.8000030517578, \"text\": \" No, like remember, you're.\", \"tokens\": [50614, 883, 11, 411, 1604, 11, 291, 434, 13, 50664], \"temperature\": 0.0, \"avg_logprob\": -0.2705024778842926, \"compression_ratio\": 1.6590908765792847, \"no_speech_prob\": 0.19928018748760223}, {\"id\": 43, \"seek\": 13480, \"start\": 140.8000030517578, \"end\": 141.8000030517578, \"text\": \" Keep walking like you really don't want to stop.\", \"tokens\": [50664, 5527, 4494, 411, 291, 534, 500, 380, 528, 281, 1590, 13, 50714], \"temperature\": 0.0, \"avg_logprob\": -0.2705024778842926, \"compression_ratio\": 1.6590908765792847, \"no_speech_prob\": 0.19928018748760223}, {\"id\": 44, \"seek\": 13480, \"start\": 141.8000030517578, \"end\": 142.8000030517578, \"text\": \" Okay.\", \"tokens\": [50714, 1033, 13, 50764], \"temperature\": 0.0, \"avg_logprob\": -0.2705024778842926, \"compression_ratio\": 1.6590908765792847, \"no_speech_prob\": 0.19928018748760223}, {\"id\": 45, \"seek\": 13480, \"start\": 142.8000030517578, \"end\": 143.8000030517578, \"text\": \" Should be easy.\", \"tokens\": [50764, 6454, 312, 1858, 13, 50814], \"temperature\": 0.0, \"avg_logprob\": -0.2705024778842926, \"compression_ratio\": 1.6590908765792847, \"no_speech_prob\": 0.19928018748760223}, {\"id\": 46, \"seek\": 13480, \"start\": 143.8000030517578, \"end\": 144.8000030517578, \"text\": \" Hey, wait, wait.\", \"tokens\": [50814, 1911, 11, 1699, 11, 1699, 13, 50864], \"temperature\": 0.0, \"avg_logprob\": -0.2705024778842926, \"compression_ratio\": 1.6590908765792847, \"no_speech_prob\": 0.19928018748760223}, {\"id\": 47, \"seek\": 13480, \"start\": 144.8000030517578, \"end\": 145.8000030517578, \"text\": \" Stop for a second.\", \"tokens\": [50864, 5535, 337, 257, 1150, 13, 50914], \"temperature\": 0.0, \"avg_logprob\": -0.2705024778842926, \"compression_ratio\": 1.6590908765792847, \"no_speech_prob\": 0.19928018748760223}, {\"id\": 48, \"seek\": 13480, \"start\": 145.8000030517578, \"end\": 146.8000030517578, \"text\": \" One second.\", \"tokens\": [50914, 1485, 1150, 13, 50964], \"temperature\": 0.0, \"avg_logprob\": -0.2705024778842926, \"compression_ratio\": 1.6590908765792847, \"no_speech_prob\": 0.19928018748760223}, {\"id\": 49, \"seek\": 13480, \"start\": 146.8000030517578, \"end\": 147.8000030517578, \"text\": \" One second.\", \"tokens\": [50964, 1485, 1150, 13, 51014], \"temperature\": 0.0, \"avg_logprob\": -0.2705024778842926, \"compression_ratio\": 1.6590908765792847, \"no_speech_prob\": 0.19928018748760223}, {\"id\": 50, \"seek\": 13480, \"start\": 147.8000030517578, \"end\": 148.8000030517578, \"text\": \" So you completely block their path.\", \"tokens\": [51014, 407, 291, 2584, 3461, 641, 3100, 13, 51064], \"temperature\": 0.0, \"avg_logprob\": -0.2705024778842926, \"compression_ratio\": 1.6590908765792847, \"no_speech_prob\": 0.19928018748760223}, {\"id\": 51, \"seek\": 13480, \"start\": 148.8000030517578, \"end\": 149.8000030517578, \"text\": \" Right?\", \"tokens\": [51064, 1779, 30, 51114], \"temperature\": 0.0, \"avg_logprob\": -0.2705024778842926, \"compression_ratio\": 1.6590908765792847, \"no_speech_prob\": 0.19928018748760223}, {\"id\": 52, \"seek\": 13480, \"start\": 149.8000030517578, \"end\": 150.8000030517578, \"text\": \" But I'm not getting so close.\", \"tokens\": [51114, 583, 286, 478, 406, 1242, 370, 1998, 13, 51164], \"temperature\": 0.0, \"avg_logprob\": -0.2705024778842926, \"compression_ratio\": 1.6590908765792847, \"no_speech_prob\": 0.19928018748760223}, {\"id\": 53, \"seek\": 13480, \"start\": 150.8000030517578, \"end\": 151.8000030517578, \"text\": \" I'm like kind of moving back with them.\", \"tokens\": [51164, 286, 478, 411, 733, 295, 2684, 646, 365, 552, 13, 51214], \"temperature\": 0.0, \"avg_logprob\": -0.2705024778842926, \"compression_ratio\": 1.6590908765792847, \"no_speech_prob\": 0.19928018748760223}, {\"id\": 54, \"seek\": 15180, \"start\": 151.8000030517578, \"end\": 170.8000030517578, \"text\": \" If you smile and kind of laugh to yourself while you're doing it too, like I would giggle\", \"tokens\": [50364, 759, 291, 7563, 293, 733, 295, 5801, 281, 1803, 1339, 291, 434, 884, 309, 886, 11, 411, 286, 576, 290, 19694, 51314], \"temperature\": 0.0, \"avg_logprob\": -0.2802075743675232, \"compression_ratio\": 1.4810127019882202, \"no_speech_prob\": 0.1870449334383011}, {\"id\": 55, \"seek\": 15180, \"start\": 170.8000030517578, \"end\": 171.8000030517578, \"text\": \" back.\", \"tokens\": [51314, 646, 13, 51364], \"temperature\": 0.0, \"avg_logprob\": -0.2802075743675232, \"compression_ratio\": 1.4810127019882202, \"no_speech_prob\": 0.1870449334383011}, {\"id\": 56, \"seek\": 15180, \"start\": 171.8000030517578, \"end\": 172.8000030517578, \"text\": \" Remember, your attitude is that she wants you.\", \"tokens\": [51364, 5459, 11, 428, 10157, 307, 300, 750, 2738, 291, 13, 51414], \"temperature\": 0.0, \"avg_logprob\": -0.2802075743675232, \"compression_ratio\": 1.4810127019882202, \"no_speech_prob\": 0.1870449334383011}, {\"id\": 57, \"seek\": 15180, \"start\": 172.8000030517578, \"end\": 177.8000030517578, \"text\": \" Like you know in your mind that she wants your cock.\", \"tokens\": [51414, 1743, 291, 458, 294, 428, 1575, 300, 750, 2738, 428, 11241, 13, 51664], \"temperature\": 0.0, \"avg_logprob\": -0.2802075743675232, \"compression_ratio\": 1.4810127019882202, \"no_speech_prob\": 0.1870449334383011}, {\"id\": 58, \"seek\": 15180, \"start\": 177.8000030517578, \"end\": 178.8000030517578, \"text\": \" And she just doesn't want to admit it.\", \"tokens\": [51664, 400, 750, 445, 1177, 380, 528, 281, 9796, 309, 13, 51714], \"temperature\": 0.0, \"avg_logprob\": -0.2802075743675232, \"compression_ratio\": 1.4810127019882202, \"no_speech_prob\": 0.1870449334383011}, {\"id\": 59, \"seek\": 17880, \"start\": 179.8000030517578, \"end\": 182.8000030517578, \"text\": \" But seems like the way you're doing it, kind of coming in close like that, you're going\", \"tokens\": [50414, 583, 2544, 411, 264, 636, 291, 434, 884, 309, 11, 733, 295, 1348, 294, 1998, 411, 300, 11, 291, 434, 516, 50564], \"temperature\": 0.0, \"avg_logprob\": -0.24279452860355377, \"compression_ratio\": 1.6635944843292236, \"no_speech_prob\": 0.7054002285003662}, {\"id\": 60, \"seek\": 17880, \"start\": 182.8000030517578, \"end\": 183.8000030517578, \"text\": \" to startle them.\", \"tokens\": [50564, 281, 722, 306, 552, 13, 50614], \"temperature\": 0.0, \"avg_logprob\": -0.24279452860355377, \"compression_ratio\": 1.6635944843292236, \"no_speech_prob\": 0.7054002285003662}, {\"id\": 61, \"seek\": 17880, \"start\": 183.8000030517578, \"end\": 184.8000030517578, \"text\": \" But I'm not because I'm, I'm close.\", \"tokens\": [50614, 583, 286, 478, 406, 570, 286, 478, 11, 286, 478, 1998, 13, 50664], \"temperature\": 0.0, \"avg_logprob\": -0.24279452860355377, \"compression_ratio\": 1.6635944843292236, \"no_speech_prob\": 0.7054002285003662}, {\"id\": 62, \"seek\": 17880, \"start\": 184.8000030517578, \"end\": 185.8000030517578, \"text\": \" Well, you can't see here.\", \"tokens\": [50664, 1042, 11, 291, 393, 380, 536, 510, 13, 50714], \"temperature\": 0.0, \"avg_logprob\": -0.24279452860355377, \"compression_ratio\": 1.6635944843292236, \"no_speech_prob\": 0.7054002285003662}, {\"id\": 63, \"seek\": 17880, \"start\": 185.8000030517578, \"end\": 186.8000030517578, \"text\": \" We should do it from this angle so you can see.\", \"tokens\": [50714, 492, 820, 360, 309, 490, 341, 5802, 370, 291, 393, 536, 13, 50764], \"temperature\": 0.0, \"avg_logprob\": -0.24279452860355377, \"compression_ratio\": 1.6635944843292236, \"no_speech_prob\": 0.7054002285003662}, {\"id\": 64, \"seek\": 17880, \"start\": 186.8000030517578, \"end\": 187.8000030517578, \"text\": \" So go ahead.\", \"tokens\": [50764, 407, 352, 2286, 13, 50814], \"temperature\": 0.0, \"avg_logprob\": -0.24279452860355377, \"compression_ratio\": 1.6635944843292236, \"no_speech_prob\": 0.7054002285003662}, {\"id\": 65, \"seek\": 17880, \"start\": 187.8000030517578, \"end\": 188.8000030517578, \"text\": \" Hey, hey, hey.\", \"tokens\": [50814, 1911, 11, 4177, 11, 4177, 13, 50864], \"temperature\": 0.0, \"avg_logprob\": -0.24279452860355377, \"compression_ratio\": 1.6635944843292236, \"no_speech_prob\": 0.7054002285003662}, {\"id\": 66, \"seek\": 17880, \"start\": 188.8000030517578, \"end\": 189.8000030517578, \"text\": \" See I'm leaning back like this.\", \"tokens\": [50864, 3008, 286, 478, 23390, 646, 411, 341, 13, 50914], \"temperature\": 0.0, \"avg_logprob\": -0.24279452860355377, \"compression_ratio\": 1.6635944843292236, \"no_speech_prob\": 0.7054002285003662}, {\"id\": 67, \"seek\": 17880, \"start\": 189.8000030517578, \"end\": 190.8000030517578, \"text\": \" It's a lot different than if I wasn't leaning back at all.\", \"tokens\": [50914, 467, 311, 257, 688, 819, 813, 498, 286, 2067, 380, 23390, 646, 412, 439, 13, 50964], \"temperature\": 0.0, \"avg_logprob\": -0.24279452860355377, \"compression_ratio\": 1.6635944843292236, \"no_speech_prob\": 0.7054002285003662}, {\"id\": 68, \"seek\": 17880, \"start\": 190.8000030517578, \"end\": 191.8000030517578, \"text\": \" Hey, hey.\", \"tokens\": [50964, 1911, 11, 4177, 13, 51014], \"temperature\": 0.0, \"avg_logprob\": -0.24279452860355377, \"compression_ratio\": 1.6635944843292236, \"no_speech_prob\": 0.7054002285003662}, {\"id\": 69, \"seek\": 17880, \"start\": 191.8000030517578, \"end\": 192.8000030517578, \"text\": \" See the momentum?\", \"tokens\": [51014, 3008, 264, 11244, 30, 51064], \"temperature\": 0.0, \"avg_logprob\": -0.24279452860355377, \"compression_ratio\": 1.6635944843292236, \"no_speech_prob\": 0.7054002285003662}, {\"id\": 70, \"seek\": 19280, \"start\": 192.8000030517578, \"end\": 211.8000030517578, \"text\": \" I'm doing this to give us at least that much room.\", \"tokens\": [50364, 286, 478, 884, 341, 281, 1735, 303, 505, 412, 1935, 300, 709, 1808, 13, 51314], \"temperature\": 0.6000000238418579, \"avg_logprob\": -0.46576574444770813, \"compression_ratio\": 1.39130437374115, \"no_speech_prob\": 0.36629393696784973}, {\"id\": 71, \"seek\": 19280, \"start\": 211.8000030517578, \"end\": 213.8000030517578, \"text\": \" Yeah, actually it makes a big difference.\", \"tokens\": [51314, 865, 11, 767, 309, 1669, 257, 955, 2649, 13, 51414], \"temperature\": 0.6000000238418579, \"avg_logprob\": -0.46576574444770813, \"compression_ratio\": 1.39130437374115, \"no_speech_prob\": 0.36629393696784973}, {\"id\": 72, \"seek\": 19280, \"start\": 213.8000030517578, \"end\": 215.8000030517578, \"text\": \" Like this versus that.\", \"tokens\": [51414, 1743, 341, 5717, 300, 13, 51514], \"temperature\": 0.6000000238418579, \"avg_logprob\": -0.46576574444770813, \"compression_ratio\": 1.39130437374115, \"no_speech_prob\": 0.36629393696784973}, {\"id\": 73, \"seek\": 19280, \"start\": 215.8000030517578, \"end\": 218.8000030517578, \"text\": \" Yeah, it's like creepy versus non-creepy, literally.\", \"tokens\": [51514, 865, 11, 309, 311, 411, 14717, 5717, 2107, 12, 14066, 46983, 11, 3736, 13, 51664], \"temperature\": 0.6000000238418579, \"avg_logprob\": -0.46576574444770813, \"compression_ratio\": 1.39130437374115, \"no_speech_prob\": 0.36629393696784973}, {\"id\": 74, \"seek\": 19280, \"start\": 218.8000030517578, \"end\": 220.8000030517578, \"text\": \" This shit is so subtle.\", \"tokens\": [51664, 639, 4611, 307, 370, 13743, 13, 51764], \"temperature\": 0.6000000238418579, \"avg_logprob\": -0.46576574444770813, \"compression_ratio\": 1.39130437374115, \"no_speech_prob\": 0.36629393696784973}, {\"id\": 75, \"seek\": 22080, \"start\": 220.8000030517578, \"end\": 224.8000030517578, \"text\": \" Like you think it's not a big deal, but it's everything.\", \"tokens\": [50364, 1743, 291, 519, 309, 311, 406, 257, 955, 2028, 11, 457, 309, 311, 1203, 13, 50564], \"temperature\": 0.0, \"avg_logprob\": -0.26730871200561523, \"compression_ratio\": 1.4663212299346924, \"no_speech_prob\": 0.0465187132358551}, {\"id\": 76, \"seek\": 22080, \"start\": 224.8000030517578, \"end\": 229.8000030517578, \"text\": \" It's like, what does it taste like?\", \"tokens\": [50564, 467, 311, 411, 11, 437, 775, 309, 3939, 411, 30, 50814], \"temperature\": 0.0, \"avg_logprob\": -0.26730871200561523, \"compression_ratio\": 1.4663212299346924, \"no_speech_prob\": 0.0465187132358551}, {\"id\": 77, \"seek\": 22080, \"start\": 229.8000030517578, \"end\": 233.8000030517578, \"text\": \" Okay, so that was a hook and swoop.\", \"tokens\": [50814, 1033, 11, 370, 300, 390, 257, 6328, 293, 13291, 404, 13, 51014], \"temperature\": 0.0, \"avg_logprob\": -0.26730871200561523, \"compression_ratio\": 1.4663212299346924, \"no_speech_prob\": 0.0465187132358551}, {\"id\": 78, \"seek\": 22080, \"start\": 233.8000030517578, \"end\": 239.8000030517578, \"text\": \" So, it still works, but this is a little bit better.\", \"tokens\": [51014, 407, 11, 309, 920, 1985, 11, 457, 341, 307, 257, 707, 857, 1101, 13, 51314], \"temperature\": 0.0, \"avg_logprob\": -0.26730871200561523, \"compression_ratio\": 1.4663212299346924, \"no_speech_prob\": 0.0465187132358551}, {\"id\": 79, \"seek\": 22080, \"start\": 239.8000030517578, \"end\": 242.8000030517578, \"text\": \" You guys get the difference?\", \"tokens\": [51314, 509, 1074, 483, 264, 2649, 30, 51464], \"temperature\": 0.0, \"avg_logprob\": -0.26730871200561523, \"compression_ratio\": 1.4663212299346924, \"no_speech_prob\": 0.0465187132358551}, {\"id\": 80, \"seek\": 22080, \"start\": 242.8000030517578, \"end\": 243.8000030517578, \"text\": \" No.\", \"tokens\": [51464, 883, 13, 51514], \"temperature\": 0.0, \"avg_logprob\": -0.26730871200561523, \"compression_ratio\": 1.4663212299346924, \"no_speech_prob\": 0.0465187132358551}, {\"id\": 81, \"seek\": 22080, \"start\": 243.8000030517578, \"end\": 248.8000030517578, \"text\": \" It's a lot harder for them to bail on you if you're like right here.\", \"tokens\": [51514, 467, 311, 257, 688, 6081, 337, 552, 281, 19313, 322, 291, 498, 291, 434, 411, 558, 510, 13, 51764], \"temperature\": 0.0, \"avg_logprob\": -0.26730871200561523, \"compression_ratio\": 1.4663212299346924, \"no_speech_prob\": 0.0465187132358551}, {\"id\": 82, \"seek\": 24880, \"start\": 248.8000030517578, \"end\": 253.8000030517578, \"text\": \" As long as you don't scare the shit out of them and you're like, hey!\", \"tokens\": [50364, 1018, 938, 382, 291, 500, 380, 17185, 264, 4611, 484, 295, 552, 293, 291, 434, 411, 11, 4177, 0, 50614], \"temperature\": 0.0, \"avg_logprob\": -0.29048773646354675, \"compression_ratio\": 1.600000023841858, \"no_speech_prob\": 0.03409247845411301}, {\"id\": 83, \"seek\": 24880, \"start\": 253.8000030517578, \"end\": 256.79998779296875, \"text\": \" No, they can still keep walking though.\", \"tokens\": [50614, 883, 11, 436, 393, 920, 1066, 4494, 1673, 13, 50764], \"temperature\": 0.0, \"avg_logprob\": -0.29048773646354675, \"compression_ratio\": 1.600000023841858, \"no_speech_prob\": 0.03409247845411301}, {\"id\": 84, \"seek\": 24880, \"start\": 256.79998779296875, \"end\": 257.79998779296875, \"text\": \" Easier.\", \"tokens\": [50764, 46879, 811, 13, 50814], \"temperature\": 0.0, \"avg_logprob\": -0.29048773646354675, \"compression_ratio\": 1.600000023841858, \"no_speech_prob\": 0.03409247845411301}, {\"id\": 85, \"seek\": 24880, \"start\": 257.79998779296875, \"end\": 259.79998779296875, \"text\": \" But, usually they won't.\", \"tokens\": [50814, 583, 11, 2673, 436, 1582, 380, 13, 50914], \"temperature\": 0.0, \"avg_logprob\": -0.29048773646354675, \"compression_ratio\": 1.600000023841858, \"no_speech_prob\": 0.03409247845411301}, {\"id\": 86, \"seek\": 24880, \"start\": 259.79998779296875, \"end\": 260.79998779296875, \"text\": \" And if you're really...\", \"tokens\": [50914, 400, 498, 291, 434, 534, 485, 50964], \"temperature\": 0.0, \"avg_logprob\": -0.29048773646354675, \"compression_ratio\": 1.600000023841858, \"no_speech_prob\": 0.03409247845411301}, {\"id\": 87, \"seek\": 24880, \"start\": 260.79998779296875, \"end\": 262.79998779296875, \"text\": \" Well, you're still in front.\", \"tokens\": [50964, 1042, 11, 291, 434, 920, 294, 1868, 13, 51064], \"temperature\": 0.0, \"avg_logprob\": -0.29048773646354675, \"compression_ratio\": 1.600000023841858, \"no_speech_prob\": 0.03409247845411301}, {\"id\": 88, \"seek\": 24880, \"start\": 262.79998779296875, \"end\": 263.79998779296875, \"text\": \" Try to walk.\", \"tokens\": [51064, 6526, 281, 1792, 13, 51114], \"temperature\": 0.0, \"avg_logprob\": -0.29048773646354675, \"compression_ratio\": 1.600000023841858, \"no_speech_prob\": 0.03409247845411301}, {\"id\": 89, \"seek\": 24880, \"start\": 263.79998779296875, \"end\": 265.79998779296875, \"text\": \" You just incorporate a touch, right?\", \"tokens\": [51114, 509, 445, 16091, 257, 2557, 11, 558, 30, 51214], \"temperature\": 0.0, \"avg_logprob\": -0.29048773646354675, \"compression_ratio\": 1.600000023841858, \"no_speech_prob\": 0.03409247845411301}, {\"id\": 90, \"seek\": 24880, \"start\": 265.79998779296875, \"end\": 266.79998779296875, \"text\": \" Try to walk.\", \"tokens\": [51214, 6526, 281, 1792, 13, 51264], \"temperature\": 0.0, \"avg_logprob\": -0.29048773646354675, \"compression_ratio\": 1.600000023841858, \"no_speech_prob\": 0.03409247845411301}, {\"id\": 91, \"seek\": 24880, \"start\": 266.79998779296875, \"end\": 269.79998779296875, \"text\": \" Hey, hey, hey.\", \"tokens\": [51264, 1911, 11, 4177, 11, 4177, 13, 51414], \"temperature\": 0.0, \"avg_logprob\": -0.29048773646354675, \"compression_ratio\": 1.600000023841858, \"no_speech_prob\": 0.03409247845411301}, {\"id\": 92, \"seek\": 24880, \"start\": 269.79998779296875, \"end\": 270.79998779296875, \"text\": \" Stop for a second.\", \"tokens\": [51414, 5535, 337, 257, 1150, 13, 51464], \"temperature\": 0.0, \"avg_logprob\": -0.29048773646354675, \"compression_ratio\": 1.600000023841858, \"no_speech_prob\": 0.03409247845411301}, {\"id\": 93, \"seek\": 24880, \"start\": 270.79998779296875, \"end\": 272.79998779296875, \"text\": \" No, like remember you're...\", \"tokens\": [51464, 883, 11, 411, 1604, 291, 434, 485, 51564], \"temperature\": 0.0, \"avg_logprob\": -0.29048773646354675, \"compression_ratio\": 1.600000023841858, \"no_speech_prob\": 0.03409247845411301}, {\"id\": 94, \"seek\": 24880, \"start\": 272.79998779296875, \"end\": 274.79998779296875, \"text\": \" Keep walking, like you really don't want to stop.\", \"tokens\": [51564, 5527, 4494, 11, 411, 291, 534, 500, 380, 528, 281, 1590, 13, 51664], \"temperature\": 0.0, \"avg_logprob\": -0.29048773646354675, \"compression_ratio\": 1.600000023841858, \"no_speech_prob\": 0.03409247845411301}, {\"id\": 95, \"seek\": 24880, \"start\": 274.79998779296875, \"end\": 276.79998779296875, \"text\": \" Okay.\", \"tokens\": [51664, 1033, 13, 51764], \"temperature\": 0.0, \"avg_logprob\": -0.29048773646354675, \"compression_ratio\": 1.600000023841858, \"no_speech_prob\": 0.03409247845411301}, {\"id\": 96, \"seek\": 27680, \"start\": 277.79998779296875, \"end\": 279.79998779296875, \"text\": \" Should be easy.\", \"tokens\": [50414, 6454, 312, 1858, 13, 50514], \"temperature\": 0.0, \"avg_logprob\": -0.24612851440906525, \"compression_ratio\": 1.530232548713684, \"no_speech_prob\": 0.004905175417661667}, {\"id\": 97, \"seek\": 27680, \"start\": 279.79998779296875, \"end\": 280.79998779296875, \"text\": \" Hey, wait, wait.\", \"tokens\": [50514, 1911, 11, 1699, 11, 1699, 13, 50564], \"temperature\": 0.0, \"avg_logprob\": -0.24612851440906525, \"compression_ratio\": 1.530232548713684, \"no_speech_prob\": 0.004905175417661667}, {\"id\": 98, \"seek\": 27680, \"start\": 280.79998779296875, \"end\": 281.79998779296875, \"text\": \" Stop for a second.\", \"tokens\": [50564, 5535, 337, 257, 1150, 13, 50614], \"temperature\": 0.0, \"avg_logprob\": -0.24612851440906525, \"compression_ratio\": 1.530232548713684, \"no_speech_prob\": 0.004905175417661667}, {\"id\": 99, \"seek\": 27680, \"start\": 281.79998779296875, \"end\": 282.79998779296875, \"text\": \" One second, one second.\", \"tokens\": [50614, 1485, 1150, 11, 472, 1150, 13, 50664], \"temperature\": 0.0, \"avg_logprob\": -0.24612851440906525, \"compression_ratio\": 1.530232548713684, \"no_speech_prob\": 0.004905175417661667}, {\"id\": 100, \"seek\": 27680, \"start\": 282.79998779296875, \"end\": 286.79998779296875, \"text\": \" They completely block their path.\", \"tokens\": [50664, 814, 2584, 3461, 641, 3100, 13, 50864], \"temperature\": 0.0, \"avg_logprob\": -0.24612851440906525, \"compression_ratio\": 1.530232548713684, \"no_speech_prob\": 0.004905175417661667}, {\"id\": 101, \"seek\": 27680, \"start\": 286.79998779296875, \"end\": 288.79998779296875, \"text\": \" Right, but I'm not getting so close.\", \"tokens\": [50864, 1779, 11, 457, 286, 478, 406, 1242, 370, 1998, 13, 50964], \"temperature\": 0.0, \"avg_logprob\": -0.24612851440906525, \"compression_ratio\": 1.530232548713684, \"no_speech_prob\": 0.004905175417661667}, {\"id\": 102, \"seek\": 27680, \"start\": 288.79998779296875, \"end\": 291.79998779296875, \"text\": \" I'm like kind of moving back with them.\", \"tokens\": [50964, 286, 478, 411, 733, 295, 2684, 646, 365, 552, 13, 51114], \"temperature\": 0.0, \"avg_logprob\": -0.24612851440906525, \"compression_ratio\": 1.530232548713684, \"no_speech_prob\": 0.004905175417661667}, {\"id\": 103, \"seek\": 27680, \"start\": 291.79998779296875, \"end\": 298.79998779296875, \"text\": \" If you smile and kind of laugh to yourself while you're doing it too, like I would giggle back.\", \"tokens\": [51114, 759, 291, 7563, 293, 733, 295, 5801, 281, 1803, 1339, 291, 434, 884, 309, 886, 11, 411, 286, 576, 290, 19694, 646, 13, 51464], \"temperature\": 0.0, \"avg_logprob\": -0.24612851440906525, \"compression_ratio\": 1.530232548713684, \"no_speech_prob\": 0.004905175417661667}, {\"id\": 104, \"seek\": 27680, \"start\": 298.79998779296875, \"end\": 300.79998779296875, \"text\": \" Remember, your attitude is that she wants you.\", \"tokens\": [51464, 5459, 11, 428, 10157, 307, 300, 750, 2738, 291, 13, 51564], \"temperature\": 0.0, \"avg_logprob\": -0.24612851440906525, \"compression_ratio\": 1.530232548713684, \"no_speech_prob\": 0.004905175417661667}, {\"id\": 105, \"seek\": 30080, \"start\": 301.79998779296875, \"end\": 307.79998779296875, \"text\": \" Like you know in your mind that she wants your cock and she just doesn't want to admit it.\", \"tokens\": [50414, 1743, 291, 458, 294, 428, 1575, 300, 750, 2738, 428, 11241, 293, 750, 445, 1177, 380, 528, 281, 9796, 309, 13, 50714], \"temperature\": 0.0, \"avg_logprob\": -0.17713217437267303, \"compression_ratio\": 1.633484125137329, \"no_speech_prob\": 0.09136355668306351}, {\"id\": 106, \"seek\": 30080, \"start\": 307.79998779296875, \"end\": 312.79998779296875, \"text\": \" It seems like the way you're doing it, kind of coming in close like that, you're going to startle them.\", \"tokens\": [50714, 467, 2544, 411, 264, 636, 291, 434, 884, 309, 11, 733, 295, 1348, 294, 1998, 411, 300, 11, 291, 434, 516, 281, 722, 306, 552, 13, 50964], \"temperature\": 0.0, \"avg_logprob\": -0.17713217437267303, \"compression_ratio\": 1.633484125137329, \"no_speech_prob\": 0.09136355668306351}, {\"id\": 107, \"seek\": 30080, \"start\": 312.79998779296875, \"end\": 315.79998779296875, \"text\": \" But I'm not because I'm close.\", \"tokens\": [50964, 583, 286, 478, 406, 570, 286, 478, 1998, 13, 51114], \"temperature\": 0.0, \"avg_logprob\": -0.17713217437267303, \"compression_ratio\": 1.633484125137329, \"no_speech_prob\": 0.09136355668306351}, {\"id\": 108, \"seek\": 30080, \"start\": 315.79998779296875, \"end\": 316.79998779296875, \"text\": \" Well, you can't see here.\", \"tokens\": [51114, 1042, 11, 291, 393, 380, 536, 510, 13, 51164], \"temperature\": 0.0, \"avg_logprob\": -0.17713217437267303, \"compression_ratio\": 1.633484125137329, \"no_speech_prob\": 0.09136355668306351}, {\"id\": 109, \"seek\": 30080, \"start\": 316.79998779296875, \"end\": 319.79998779296875, \"text\": \" We should do it from this angle so you can see.\", \"tokens\": [51164, 492, 820, 360, 309, 490, 341, 5802, 370, 291, 393, 536, 13, 51314], \"temperature\": 0.0, \"avg_logprob\": -0.17713217437267303, \"compression_ratio\": 1.633484125137329, \"no_speech_prob\": 0.09136355668306351}, {\"id\": 110, \"seek\": 30080, \"start\": 319.79998779296875, \"end\": 321.79998779296875, \"text\": \" So, go ahead.\", \"tokens\": [51314, 407, 11, 352, 2286, 13, 51414], \"temperature\": 0.0, \"avg_logprob\": -0.17713217437267303, \"compression_ratio\": 1.633484125137329, \"no_speech_prob\": 0.09136355668306351}, {\"id\": 111, \"seek\": 30080, \"start\": 321.79998779296875, \"end\": 322.79998779296875, \"text\": \" Hey, hey, hey.\", \"tokens\": [51414, 1911, 11, 4177, 11, 4177, 13, 51464], \"temperature\": 0.0, \"avg_logprob\": -0.17713217437267303, \"compression_ratio\": 1.633484125137329, \"no_speech_prob\": 0.09136355668306351}, {\"id\": 112, \"seek\": 30080, \"start\": 322.79998779296875, \"end\": 325.79998779296875, \"text\": \" See, I'm leaning back like this.\", \"tokens\": [51464, 3008, 11, 286, 478, 23390, 646, 411, 341, 13, 51614], \"temperature\": 0.0, \"avg_logprob\": -0.17713217437267303, \"compression_ratio\": 1.633484125137329, \"no_speech_prob\": 0.09136355668306351}, {\"id\": 113, \"seek\": 32580, \"start\": 325.79998779296875, \"end\": 331.79998779296875, \"text\": \" It's a lot different than if I wasn't leaning back at all.\", \"tokens\": [50364, 467, 311, 257, 688, 819, 813, 498, 286, 2067, 380, 23390, 646, 412, 439, 13, 50664], \"temperature\": 0.0, \"avg_logprob\": -0.20230570435523987, \"compression_ratio\": 1.608888864517212, \"no_speech_prob\": 0.037315502762794495}, {\"id\": 114, \"seek\": 32580, \"start\": 331.79998779296875, \"end\": 333.79998779296875, \"text\": \" Hey, hey.\", \"tokens\": [50664, 1911, 11, 4177, 13, 50764], \"temperature\": 0.0, \"avg_logprob\": -0.20230570435523987, \"compression_ratio\": 1.608888864517212, \"no_speech_prob\": 0.037315502762794495}, {\"id\": 115, \"seek\": 32580, \"start\": 333.79998779296875, \"end\": 335.79998779296875, \"text\": \" See the momentum?\", \"tokens\": [50764, 3008, 264, 11244, 30, 50864], \"temperature\": 0.0, \"avg_logprob\": -0.20230570435523987, \"compression_ratio\": 1.608888864517212, \"no_speech_prob\": 0.037315502762794495}, {\"id\": 116, \"seek\": 32580, \"start\": 335.79998779296875, \"end\": 339.79998779296875, \"text\": \" So, I'm doing this to give us at least that much room.\", \"tokens\": [50864, 407, 11, 286, 478, 884, 341, 281, 976, 505, 412, 1935, 300, 709, 1808, 13, 51064], \"temperature\": 0.0, \"avg_logprob\": -0.20230570435523987, \"compression_ratio\": 1.608888864517212, \"no_speech_prob\": 0.037315502762794495}, {\"id\": 117, \"seek\": 32580, \"start\": 339.79998779296875, \"end\": 341.79998779296875, \"text\": \" Yeah, actually it makes a good point.\", \"tokens\": [51064, 865, 11, 767, 309, 1669, 257, 665, 935, 13, 51164], \"temperature\": 0.0, \"avg_logprob\": -0.20230570435523987, \"compression_ratio\": 1.608888864517212, \"no_speech_prob\": 0.037315502762794495}, {\"id\": 118, \"seek\": 32580, \"start\": 341.79998779296875, \"end\": 342.79998779296875, \"text\": \" It makes a big difference.\", \"tokens\": [51164, 467, 1669, 257, 955, 2649, 13, 51214], \"temperature\": 0.0, \"avg_logprob\": -0.20230570435523987, \"compression_ratio\": 1.608888864517212, \"no_speech_prob\": 0.037315502762794495}, {\"id\": 119, \"seek\": 32580, \"start\": 342.79998779296875, \"end\": 344.79998779296875, \"text\": \" Like this versus that.\", \"tokens\": [51214, 1743, 341, 5717, 300, 13, 51314], \"temperature\": 0.0, \"avg_logprob\": -0.20230570435523987, \"compression_ratio\": 1.608888864517212, \"no_speech_prob\": 0.037315502762794495}, {\"id\": 120, \"seek\": 32580, \"start\": 344.79998779296875, \"end\": 345.79998779296875, \"text\": \" Yeah.\", \"tokens\": [51314, 865, 13, 51364], \"temperature\": 0.0, \"avg_logprob\": -0.20230570435523987, \"compression_ratio\": 1.608888864517212, \"no_speech_prob\": 0.037315502762794495}, {\"id\": 121, \"seek\": 32580, \"start\": 345.79998779296875, \"end\": 348.79998779296875, \"text\": \" It's like creepy versus non-creepy, literally.\", \"tokens\": [51364, 467, 311, 411, 14717, 5717, 2107, 12, 14066, 46983, 11, 3736, 13, 51514], \"temperature\": 0.0, \"avg_logprob\": -0.20230570435523987, \"compression_ratio\": 1.608888864517212, \"no_speech_prob\": 0.037315502762794495}, {\"id\": 122, \"seek\": 32580, \"start\": 348.79998779296875, \"end\": 350.79998779296875, \"text\": \" This shit's so subtle.\", \"tokens\": [51514, 639, 4611, 311, 370, 13743, 13, 51614], \"temperature\": 0.0, \"avg_logprob\": -0.20230570435523987, \"compression_ratio\": 1.608888864517212, \"no_speech_prob\": 0.037315502762794495}, {\"id\": 123, \"seek\": 32580, \"start\": 350.79998779296875, \"end\": 354.79998779296875, \"text\": \" Like you think it's not a big deal, but it's everything.\", \"tokens\": [51614, 1743, 291, 519, 309, 311, 406, 257, 955, 2028, 11, 457, 309, 311, 1203, 13, 51814], \"temperature\": 0.0, \"avg_logprob\": -0.20230570435523987, \"compression_ratio\": 1.608888864517212, \"no_speech_prob\": 0.037315502762794495}, {\"id\": 124, \"seek\": 35480, \"start\": 354.79998779296875, \"end\": 359.79998779296875, \"text\": \" It's like, what does that take?\", \"tokens\": [50364, 467, 311, 411, 11, 437, 775, 300, 747, 30, 50614], \"temperature\": 0.0, \"avg_logprob\": -0.5226393938064575, \"compression_ratio\": 0.8809523582458496, \"no_speech_prob\": 0.37666985392570496}, {\"id\": 125, \"seek\": 35480, \"start\": 359.79998779296875, \"end\": 361.79998779296875, \"text\": \" Okay.\", \"tokens\": [50614, 1033, 13, 50714], \"temperature\": 0.0, \"avg_logprob\": -0.5226393938064575, \"compression_ratio\": 0.8809523582458496, \"no_speech_prob\": 0.37666985392570496}]}"}