{"title": "The truth about men being intimidated by successful women\u2026 (Ep250) #innerconfidencepodcast", "video_id": "sGwn8xF1Vyw", "video_url": "https://www.youtube.com/watch?v=sGwn8xF1Vyw", "description": "", "published_at": "2023-10-01T20:04:06Z", "channel_id": "UC0O-ohYDF4P66HW9XJ4Us8w", "channel_title": "Robbie Kramer", "tags": [], "category_id": "24", "live_broadcast_content": "none", "duration": 54.0, "dimension": "2d", "definition": "hd", "caption": "false", "view_count": 893, "like_count": 28, "comment_count": 0, "channel_info": {"title": "Robbie Kramer", "description": "I'm Robbie Kramer \ud83c\udf99Host of The Inner Confidence Podcast & Founder of Inner Confidence, Inc.\n\nI lived an exhilarating single life filled with adventures and lessons, and ultimately achieved what I had always aspired to \u2013 finding an amazing, feminine, and loving wife. \n\nI believe my experiences provide a rare balance of wild freedom and committed love, equipping me with the insights to help you navigate the complexities of dating and relationships in today's world. Let me guide you to embrace your desires, improve your social prowess, and ultimately attract the partner who aligns with your highest aspirations.\n\nYou won\u2019t find any fluffy, new-age, or cringy stuff here, just tested, proven and actionable advice that yields results.\n\nApply to join our exclusive Inner Confidence Community of ambitious men who are actively working together to achieve their goals faster   \u25ba https://innerconfidence.com/community\n\nYou can email me at robbie@innerconfidence.com with any questions or comments.\n", "subscriber_count": "1270", "total_views": "604693", "total_videos": "470"}, "comments": [], "file_path": "/Users/aelaguiz/workspace/fc_book/audio/raws/sGwn8xF1Vyw.mp3", "transcription": "{\"text\": \"I don't care how much money you have. A lot of women these days say men are intimidated by successful women. That's not it. And I don't need a man. And even when they do have a man, they want to be the voice. They want to be the alpha. But let me tell you something. If you're with the alpha man, you will never roar louder than him. You will never be able to walk in his shoes. Michelle Obama, she is a powerful, powerful woman. Obama said he would never be where he was without her. But at the end of the day, like a deck of cards, there's a king and there's a queen for a reason. And you want a good man. I don't want to say allow him because you don't allow anyone. But let him be the man. Your voice can still be heard without all that alphaness and all that toughness. You make your money, girl. Congratulations, you make your money. We gonna have fun together. But at the end of the day, a man wants to be and is going to be a man. A real man that you think is intimidated by you, he's not intimidated. He's turned the off. That's what he is. Because when you're walking around here talking about how much money you make, okay, you're this boss and you're this and that, but get a flat tire, who the fuck you gonna call? Your man. \", \"segments\": [{\"id\": 0, \"seek\": 0, \"start\": 0.0, \"end\": 1.600000023841858, \"text\": \" I don't care how much money you have.\", \"tokens\": [50364, 286, 500, 380, 1127, 577, 709, 1460, 291, 362, 13, 50444], \"temperature\": 0.0, \"avg_logprob\": -0.1989053189754486, \"compression_ratio\": 1.857908844947815, \"no_speech_prob\": 0.06742405146360397}, {\"id\": 1, \"seek\": 0, \"start\": 1.600000023841858, \"end\": 4.239999771118164, \"text\": \" A lot of women these days say men are intimidated\", \"tokens\": [50444, 316, 688, 295, 2266, 613, 1708, 584, 1706, 366, 40234, 50576], \"temperature\": 0.0, \"avg_logprob\": -0.1989053189754486, \"compression_ratio\": 1.857908844947815, \"no_speech_prob\": 0.06742405146360397}, {\"id\": 2, \"seek\": 0, \"start\": 4.239999771118164, \"end\": 5.320000171661377, \"text\": \" by successful women.\", \"tokens\": [50576, 538, 4406, 2266, 13, 50630], \"temperature\": 0.0, \"avg_logprob\": -0.1989053189754486, \"compression_ratio\": 1.857908844947815, \"no_speech_prob\": 0.06742405146360397}, {\"id\": 3, \"seek\": 0, \"start\": 5.320000171661377, \"end\": 6.159999847412109, \"text\": \" That's not it.\", \"tokens\": [50630, 663, 311, 406, 309, 13, 50672], \"temperature\": 0.0, \"avg_logprob\": -0.1989053189754486, \"compression_ratio\": 1.857908844947815, \"no_speech_prob\": 0.06742405146360397}, {\"id\": 4, \"seek\": 0, \"start\": 6.159999847412109, \"end\": 6.980000019073486, \"text\": \" And I don't need a man.\", \"tokens\": [50672, 400, 286, 500, 380, 643, 257, 587, 13, 50713], \"temperature\": 0.0, \"avg_logprob\": -0.1989053189754486, \"compression_ratio\": 1.857908844947815, \"no_speech_prob\": 0.06742405146360397}, {\"id\": 5, \"seek\": 0, \"start\": 6.980000019073486, \"end\": 8.359999656677246, \"text\": \" And even when they do have a man,\", \"tokens\": [50713, 400, 754, 562, 436, 360, 362, 257, 587, 11, 50782], \"temperature\": 0.0, \"avg_logprob\": -0.1989053189754486, \"compression_ratio\": 1.857908844947815, \"no_speech_prob\": 0.06742405146360397}, {\"id\": 6, \"seek\": 0, \"start\": 8.359999656677246, \"end\": 9.479999542236328, \"text\": \" they want to be the voice.\", \"tokens\": [50782, 436, 528, 281, 312, 264, 3177, 13, 50838], \"temperature\": 0.0, \"avg_logprob\": -0.1989053189754486, \"compression_ratio\": 1.857908844947815, \"no_speech_prob\": 0.06742405146360397}, {\"id\": 7, \"seek\": 0, \"start\": 9.479999542236328, \"end\": 10.479999542236328, \"text\": \" They want to be the alpha.\", \"tokens\": [50838, 814, 528, 281, 312, 264, 8961, 13, 50888], \"temperature\": 0.0, \"avg_logprob\": -0.1989053189754486, \"compression_ratio\": 1.857908844947815, \"no_speech_prob\": 0.06742405146360397}, {\"id\": 8, \"seek\": 0, \"start\": 10.479999542236328, \"end\": 11.399999618530273, \"text\": \" But let me tell you something.\", \"tokens\": [50888, 583, 718, 385, 980, 291, 746, 13, 50934], \"temperature\": 0.0, \"avg_logprob\": -0.1989053189754486, \"compression_ratio\": 1.857908844947815, \"no_speech_prob\": 0.06742405146360397}, {\"id\": 9, \"seek\": 0, \"start\": 11.399999618530273, \"end\": 12.319999694824219, \"text\": \" If you're with the alpha man,\", \"tokens\": [50934, 759, 291, 434, 365, 264, 8961, 587, 11, 50980], \"temperature\": 0.0, \"avg_logprob\": -0.1989053189754486, \"compression_ratio\": 1.857908844947815, \"no_speech_prob\": 0.06742405146360397}, {\"id\": 10, \"seek\": 0, \"start\": 12.319999694824219, \"end\": 14.119999885559082, \"text\": \" you will never roar louder than him.\", \"tokens\": [50980, 291, 486, 1128, 40347, 22717, 813, 796, 13, 51070], \"temperature\": 0.0, \"avg_logprob\": -0.1989053189754486, \"compression_ratio\": 1.857908844947815, \"no_speech_prob\": 0.06742405146360397}, {\"id\": 11, \"seek\": 0, \"start\": 14.119999885559082, \"end\": 16.15999984741211, \"text\": \" You will never be able to walk in his shoes.\", \"tokens\": [51070, 509, 486, 1128, 312, 1075, 281, 1792, 294, 702, 6654, 13, 51172], \"temperature\": 0.0, \"avg_logprob\": -0.1989053189754486, \"compression_ratio\": 1.857908844947815, \"no_speech_prob\": 0.06742405146360397}, {\"id\": 12, \"seek\": 0, \"start\": 16.15999984741211, \"end\": 18.68000030517578, \"text\": \" Michelle Obama, she is a powerful, powerful woman.\", \"tokens\": [51172, 14933, 9560, 11, 750, 307, 257, 4005, 11, 4005, 3059, 13, 51298], \"temperature\": 0.0, \"avg_logprob\": -0.1989053189754486, \"compression_ratio\": 1.857908844947815, \"no_speech_prob\": 0.06742405146360397}, {\"id\": 13, \"seek\": 0, \"start\": 18.68000030517578, \"end\": 21.0, \"text\": \" Obama said he would never be where he was without her.\", \"tokens\": [51298, 9560, 848, 415, 576, 1128, 312, 689, 415, 390, 1553, 720, 13, 51414], \"temperature\": 0.0, \"avg_logprob\": -0.1989053189754486, \"compression_ratio\": 1.857908844947815, \"no_speech_prob\": 0.06742405146360397}, {\"id\": 14, \"seek\": 0, \"start\": 21.0, \"end\": 22.799999237060547, \"text\": \" But at the end of the day, like a deck of cards,\", \"tokens\": [51414, 583, 412, 264, 917, 295, 264, 786, 11, 411, 257, 9341, 295, 5632, 11, 51504], \"temperature\": 0.0, \"avg_logprob\": -0.1989053189754486, \"compression_ratio\": 1.857908844947815, \"no_speech_prob\": 0.06742405146360397}, {\"id\": 15, \"seek\": 0, \"start\": 22.799999237060547, \"end\": 24.600000381469727, \"text\": \" there's a king and there's a queen for a reason.\", \"tokens\": [51504, 456, 311, 257, 4867, 293, 456, 311, 257, 12206, 337, 257, 1778, 13, 51594], \"temperature\": 0.0, \"avg_logprob\": -0.1989053189754486, \"compression_ratio\": 1.857908844947815, \"no_speech_prob\": 0.06742405146360397}, {\"id\": 16, \"seek\": 0, \"start\": 24.600000381469727, \"end\": 25.68000030517578, \"text\": \" And you want a good man.\", \"tokens\": [51594, 400, 291, 528, 257, 665, 587, 13, 51648], \"temperature\": 0.0, \"avg_logprob\": -0.1989053189754486, \"compression_ratio\": 1.857908844947815, \"no_speech_prob\": 0.06742405146360397}, {\"id\": 17, \"seek\": 0, \"start\": 25.68000030517578, \"end\": 26.920000076293945, \"text\": \" I don't want to say allow him\", \"tokens\": [51648, 286, 500, 380, 528, 281, 584, 2089, 796, 51710], \"temperature\": 0.0, \"avg_logprob\": -0.1989053189754486, \"compression_ratio\": 1.857908844947815, \"no_speech_prob\": 0.06742405146360397}, {\"id\": 18, \"seek\": 0, \"start\": 26.920000076293945, \"end\": 28.1200008392334, \"text\": \" because you don't allow anyone.\", \"tokens\": [51710, 570, 291, 500, 380, 2089, 2878, 13, 51770], \"temperature\": 0.0, \"avg_logprob\": -0.1989053189754486, \"compression_ratio\": 1.857908844947815, \"no_speech_prob\": 0.06742405146360397}, {\"id\": 19, \"seek\": 0, \"start\": 28.1200008392334, \"end\": 29.280000686645508, \"text\": \" But let him be the man.\", \"tokens\": [51770, 583, 718, 796, 312, 264, 587, 13, 51828], \"temperature\": 0.0, \"avg_logprob\": -0.1989053189754486, \"compression_ratio\": 1.857908844947815, \"no_speech_prob\": 0.06742405146360397}, {\"id\": 20, \"seek\": 2928, \"start\": 29.31999969482422, \"end\": 30.479999542236328, \"text\": \" Your voice can still be heard\", \"tokens\": [50366, 2260, 3177, 393, 920, 312, 2198, 50424], \"temperature\": 0.0, \"avg_logprob\": -0.25403982400894165, \"compression_ratio\": 1.7687296867370605, \"no_speech_prob\": 0.001264276565052569}, {\"id\": 21, \"seek\": 2928, \"start\": 30.479999542236328, \"end\": 32.7599983215332, \"text\": \" without all that alphaness and all that toughness.\", \"tokens\": [50424, 1553, 439, 300, 419, 950, 282, 442, 293, 439, 300, 4930, 1287, 13, 50538], \"temperature\": 0.0, \"avg_logprob\": -0.25403982400894165, \"compression_ratio\": 1.7687296867370605, \"no_speech_prob\": 0.001264276565052569}, {\"id\": 22, \"seek\": 2928, \"start\": 32.7599983215332, \"end\": 33.7599983215332, \"text\": \" You make your money, girl.\", \"tokens\": [50538, 509, 652, 428, 1460, 11, 2013, 13, 50588], \"temperature\": 0.0, \"avg_logprob\": -0.25403982400894165, \"compression_ratio\": 1.7687296867370605, \"no_speech_prob\": 0.001264276565052569}, {\"id\": 23, \"seek\": 2928, \"start\": 33.7599983215332, \"end\": 35.47999954223633, \"text\": \" Congratulations, you make your money.\", \"tokens\": [50588, 9694, 11, 291, 652, 428, 1460, 13, 50674], \"temperature\": 0.0, \"avg_logprob\": -0.25403982400894165, \"compression_ratio\": 1.7687296867370605, \"no_speech_prob\": 0.001264276565052569}, {\"id\": 24, \"seek\": 2928, \"start\": 35.47999954223633, \"end\": 36.63999938964844, \"text\": \" We gonna have fun together.\", \"tokens\": [50674, 492, 799, 362, 1019, 1214, 13, 50732], \"temperature\": 0.0, \"avg_logprob\": -0.25403982400894165, \"compression_ratio\": 1.7687296867370605, \"no_speech_prob\": 0.001264276565052569}, {\"id\": 25, \"seek\": 2928, \"start\": 36.63999938964844, \"end\": 37.91999816894531, \"text\": \" But at the end of the day,\", \"tokens\": [50732, 583, 412, 264, 917, 295, 264, 786, 11, 50796], \"temperature\": 0.0, \"avg_logprob\": -0.25403982400894165, \"compression_ratio\": 1.7687296867370605, \"no_speech_prob\": 0.001264276565052569}, {\"id\": 26, \"seek\": 2928, \"start\": 37.91999816894531, \"end\": 40.7599983215332, \"text\": \" a man wants to be and is going to be a man.\", \"tokens\": [50796, 257, 587, 2738, 281, 312, 293, 307, 516, 281, 312, 257, 587, 13, 50938], \"temperature\": 0.0, \"avg_logprob\": -0.25403982400894165, \"compression_ratio\": 1.7687296867370605, \"no_speech_prob\": 0.001264276565052569}, {\"id\": 27, \"seek\": 2928, \"start\": 40.7599983215332, \"end\": 43.20000076293945, \"text\": \" A real man that you think is intimidated by you,\", \"tokens\": [50938, 316, 957, 587, 300, 291, 519, 307, 40234, 538, 291, 11, 51060], \"temperature\": 0.0, \"avg_logprob\": -0.25403982400894165, \"compression_ratio\": 1.7687296867370605, \"no_speech_prob\": 0.001264276565052569}, {\"id\": 28, \"seek\": 2928, \"start\": 43.20000076293945, \"end\": 44.040000915527344, \"text\": \" he's not intimidated.\", \"tokens\": [51060, 415, 311, 406, 40234, 13, 51102], \"temperature\": 0.0, \"avg_logprob\": -0.25403982400894165, \"compression_ratio\": 1.7687296867370605, \"no_speech_prob\": 0.001264276565052569}, {\"id\": 29, \"seek\": 2928, \"start\": 44.040000915527344, \"end\": 45.36000061035156, \"text\": \" He's turned the off.\", \"tokens\": [51102, 634, 311, 3574, 264, 766, 13, 51168], \"temperature\": 0.0, \"avg_logprob\": -0.25403982400894165, \"compression_ratio\": 1.7687296867370605, \"no_speech_prob\": 0.001264276565052569}, {\"id\": 30, \"seek\": 2928, \"start\": 45.36000061035156, \"end\": 46.20000076293945, \"text\": \" That's what he is.\", \"tokens\": [51168, 663, 311, 437, 415, 307, 13, 51210], \"temperature\": 0.0, \"avg_logprob\": -0.25403982400894165, \"compression_ratio\": 1.7687296867370605, \"no_speech_prob\": 0.001264276565052569}, {\"id\": 31, \"seek\": 2928, \"start\": 46.20000076293945, \"end\": 47.52000045776367, \"text\": \" Because when you're walking around here\", \"tokens\": [51210, 1436, 562, 291, 434, 4494, 926, 510, 51276], \"temperature\": 0.0, \"avg_logprob\": -0.25403982400894165, \"compression_ratio\": 1.7687296867370605, \"no_speech_prob\": 0.001264276565052569}, {\"id\": 32, \"seek\": 2928, \"start\": 47.52000045776367, \"end\": 48.959999084472656, \"text\": \" talking about how much money you make,\", \"tokens\": [51276, 1417, 466, 577, 709, 1460, 291, 652, 11, 51348], \"temperature\": 0.0, \"avg_logprob\": -0.25403982400894165, \"compression_ratio\": 1.7687296867370605, \"no_speech_prob\": 0.001264276565052569}, {\"id\": 33, \"seek\": 2928, \"start\": 48.959999084472656, \"end\": 50.959999084472656, \"text\": \" okay, you're this boss and you're this and that,\", \"tokens\": [51348, 1392, 11, 291, 434, 341, 5741, 293, 291, 434, 341, 293, 300, 11, 51448], \"temperature\": 0.0, \"avg_logprob\": -0.25403982400894165, \"compression_ratio\": 1.7687296867370605, \"no_speech_prob\": 0.001264276565052569}, {\"id\": 34, \"seek\": 2928, \"start\": 50.959999084472656, \"end\": 52.720001220703125, \"text\": \" but get a flat tire, who the fuck you gonna call?\", \"tokens\": [51448, 457, 483, 257, 4962, 11756, 11, 567, 264, 3275, 291, 799, 818, 30, 51536], \"temperature\": 0.0, \"avg_logprob\": -0.25403982400894165, \"compression_ratio\": 1.7687296867370605, \"no_speech_prob\": 0.001264276565052569}, {\"id\": 35, \"seek\": 2928, \"start\": 52.720001220703125, \"end\": 53.560001373291016, \"text\": \" Your man.\", \"tokens\": [51536, 2260, 587, 13, 51578], \"temperature\": 0.0, \"avg_logprob\": -0.25403982400894165, \"compression_ratio\": 1.7687296867370605, \"no_speech_prob\": 0.001264276565052569}]}"}