{"title": "How to cultivate social skills\u2026", "video_id": "SVbB9oWmnus", "video_url": "https://www.youtube.com/watch?v=SVbB9oWmnus", "description": "", "published_at": "2023-09-02T20:08:50Z", "channel_id": "UC0O-ohYDF4P66HW9XJ4Us8w", "channel_title": "Robbie Kramer", "tags": [], "category_id": "24", "live_broadcast_content": "none", "duration": 38.0, "dimension": "2d", "definition": "hd", "caption": "false", "view_count": 226, "like_count": 6, "comment_count": 0, "channel_info": {"title": "Robbie Kramer", "description": "I'm Robbie Kramer \ud83c\udf99Host of The Inner Confidence Podcast & Founder of Inner Confidence, Inc.\n\nI lived an exhilarating single life filled with adventures and lessons, and ultimately achieved what I had always aspired to \u2013 finding an amazing, feminine, and loving wife. \n\nI believe my experiences provide a rare balance of wild freedom and committed love, equipping me with the insights to help you navigate the complexities of dating and relationships in today's world. Let me guide you to embrace your desires, improve your social prowess, and ultimately attract the partner who aligns with your highest aspirations.\n\nYou won\u2019t find any fluffy, new-age, or cringy stuff here, just tested, proven and actionable advice that yields results.\n\nApply to join our exclusive Inner Confidence Community of ambitious men who are actively working together to achieve their goals faster   \u25ba https://innerconfidence.com/community\n\nYou can email me at robbie@innerconfidence.com with any questions or comments.\n", "subscriber_count": "1270", "total_views": "604693", "total_videos": "470"}, "comments": [], "file_path": "/Users/aelaguiz/workspace/fc_book/audio/raws/SVbB9oWmnus.mp3", "transcription": "{\"text\": \"You have really good social skills, like you can read a room. It's rare that I meet someone I feel like is at your level. So did you feel like you like developed that at a really early age? Was that maybe your upbringing or was it more like a conscious effort after you got divorced? I think that was a conscious effort. Even before, I think I grew up more introverted than I wanted to be. And so I think I always did self-reflection and tried to build that side of myself. So the long, long time coming for that and then coming out of the army to reinvent myself and start over and, you know, post-divorce. I really like focused deeply on that, you know, selling myself to get a job and then building the social media, you know, branding of myself. And then, yeah, just throwing all the events. It just kind of started to get more and more honed. \", \"segments\": [{\"id\": 0, \"seek\": 0, \"start\": 0.0, \"end\": 2.640000104904175, \"text\": \" You have really good social skills, like you can read a room.\", \"tokens\": [50364, 509, 362, 534, 665, 2093, 3942, 11, 411, 291, 393, 1401, 257, 1808, 13, 50496], \"temperature\": 0.0, \"avg_logprob\": -0.24253639578819275, \"compression_ratio\": 1.8228228092193604, \"no_speech_prob\": 0.09905432164669037}, {\"id\": 1, \"seek\": 0, \"start\": 2.640000104904175, \"end\": 5.440000057220459, \"text\": \" It's rare that I meet someone I feel like is at your level.\", \"tokens\": [50496, 467, 311, 5892, 300, 286, 1677, 1580, 286, 841, 411, 307, 412, 428, 1496, 13, 50636], \"temperature\": 0.0, \"avg_logprob\": -0.24253639578819275, \"compression_ratio\": 1.8228228092193604, \"no_speech_prob\": 0.09905432164669037}, {\"id\": 2, \"seek\": 0, \"start\": 5.440000057220459, \"end\": 8.4399995803833, \"text\": \" So did you feel like you like developed that at a really early age?\", \"tokens\": [50636, 407, 630, 291, 841, 411, 291, 411, 4743, 300, 412, 257, 534, 2440, 3205, 30, 50786], \"temperature\": 0.0, \"avg_logprob\": -0.24253639578819275, \"compression_ratio\": 1.8228228092193604, \"no_speech_prob\": 0.09905432164669037}, {\"id\": 3, \"seek\": 0, \"start\": 8.4399995803833, \"end\": 11.5600004196167, \"text\": \" Was that maybe your upbringing or was it more like a conscious effort\", \"tokens\": [50786, 3027, 300, 1310, 428, 47268, 420, 390, 309, 544, 411, 257, 6648, 4630, 50942], \"temperature\": 0.0, \"avg_logprob\": -0.24253639578819275, \"compression_ratio\": 1.8228228092193604, \"no_speech_prob\": 0.09905432164669037}, {\"id\": 4, \"seek\": 0, \"start\": 11.5600004196167, \"end\": 12.600000381469727, \"text\": \" after you got divorced?\", \"tokens\": [50942, 934, 291, 658, 27670, 30, 50994], \"temperature\": 0.0, \"avg_logprob\": -0.24253639578819275, \"compression_ratio\": 1.8228228092193604, \"no_speech_prob\": 0.09905432164669037}, {\"id\": 5, \"seek\": 0, \"start\": 12.600000381469727, \"end\": 13.84000015258789, \"text\": \" I think that was a conscious effort.\", \"tokens\": [50994, 286, 519, 300, 390, 257, 6648, 4630, 13, 51056], \"temperature\": 0.0, \"avg_logprob\": -0.24253639578819275, \"compression_ratio\": 1.8228228092193604, \"no_speech_prob\": 0.09905432164669037}, {\"id\": 6, \"seek\": 0, \"start\": 13.84000015258789, \"end\": 17.239999771118164, \"text\": \" Even before, I think I grew up more introverted than I wanted to be.\", \"tokens\": [51056, 2754, 949, 11, 286, 519, 286, 6109, 493, 544, 12897, 18537, 813, 286, 1415, 281, 312, 13, 51226], \"temperature\": 0.0, \"avg_logprob\": -0.24253639578819275, \"compression_ratio\": 1.8228228092193604, \"no_speech_prob\": 0.09905432164669037}, {\"id\": 7, \"seek\": 0, \"start\": 17.239999771118164, \"end\": 20.600000381469727, \"text\": \" And so I think I always did self-reflection and tried to build that side of myself.\", \"tokens\": [51226, 400, 370, 286, 519, 286, 1009, 630, 2698, 12, 33115, 5450, 293, 3031, 281, 1322, 300, 1252, 295, 2059, 13, 51394], \"temperature\": 0.0, \"avg_logprob\": -0.24253639578819275, \"compression_ratio\": 1.8228228092193604, \"no_speech_prob\": 0.09905432164669037}, {\"id\": 8, \"seek\": 0, \"start\": 20.600000381469727, \"end\": 23.84000015258789, \"text\": \" So the long, long time coming for that and then coming out of the army\", \"tokens\": [51394, 407, 264, 938, 11, 938, 565, 1348, 337, 300, 293, 550, 1348, 484, 295, 264, 7267, 51556], \"temperature\": 0.0, \"avg_logprob\": -0.24253639578819275, \"compression_ratio\": 1.8228228092193604, \"no_speech_prob\": 0.09905432164669037}, {\"id\": 9, \"seek\": 0, \"start\": 23.84000015258789, \"end\": 26.920000076293945, \"text\": \" to reinvent myself and start over and, you know, post-divorce.\", \"tokens\": [51556, 281, 33477, 2059, 293, 722, 670, 293, 11, 291, 458, 11, 2183, 12, 67, 592, 284, 384, 13, 51710], \"temperature\": 0.0, \"avg_logprob\": -0.24253639578819275, \"compression_ratio\": 1.8228228092193604, \"no_speech_prob\": 0.09905432164669037}, {\"id\": 10, \"seek\": 2692, \"start\": 26.920000076293945, \"end\": 30.280000686645508, \"text\": \" I really like focused deeply on that, you know, selling myself to get a job\", \"tokens\": [50364, 286, 534, 411, 5178, 8760, 322, 300, 11, 291, 458, 11, 6511, 2059, 281, 483, 257, 1691, 50532], \"temperature\": 0.0, \"avg_logprob\": -0.2753923237323761, \"compression_ratio\": 1.5419354438781738, \"no_speech_prob\": 0.7943888306617737}, {\"id\": 11, \"seek\": 2692, \"start\": 30.280000686645508, \"end\": 33.279998779296875, \"text\": \" and then building the social media, you know, branding of myself.\", \"tokens\": [50532, 293, 550, 2390, 264, 2093, 3021, 11, 291, 458, 11, 27279, 295, 2059, 13, 50682], \"temperature\": 0.0, \"avg_logprob\": -0.2753923237323761, \"compression_ratio\": 1.5419354438781738, \"no_speech_prob\": 0.7943888306617737}, {\"id\": 12, \"seek\": 2692, \"start\": 33.279998779296875, \"end\": 34.91999816894531, \"text\": \" And then, yeah, just throwing all the events.\", \"tokens\": [50682, 400, 550, 11, 1338, 11, 445, 10238, 439, 264, 3931, 13, 50764], \"temperature\": 0.0, \"avg_logprob\": -0.2753923237323761, \"compression_ratio\": 1.5419354438781738, \"no_speech_prob\": 0.7943888306617737}, {\"id\": 13, \"seek\": 2692, \"start\": 34.91999816894531, \"end\": 36.959999084472656, \"text\": \" It just kind of started to get more and more honed.\", \"tokens\": [50764, 467, 445, 733, 295, 1409, 281, 483, 544, 293, 544, 2157, 292, 13, 50866], \"temperature\": 0.0, \"avg_logprob\": -0.2753923237323761, \"compression_ratio\": 1.5419354438781738, \"no_speech_prob\": 0.7943888306617737}]}"}