{"title": "Checking to see if my wife is guilty of these red flags\u2026 (trailer ep235)", "video_id": "sxcpkCOCF0Y", "video_url": "https://www.youtube.com/watch?v=sxcpkCOCF0Y", "description": "", "published_at": "2023-06-03T17:54:31Z", "channel_id": "UC0O-ohYDF4P66HW9XJ4Us8w", "channel_title": "Robbie Kramer", "tags": [], "category_id": "24", "live_broadcast_content": "none", "duration": 54.0, "dimension": "2d", "definition": "hd", "caption": "false", "view_count": 535, "like_count": 7, "comment_count": 0, "channel_info": {"title": "Robbie Kramer", "description": "I'm Robbie Kramer \ud83c\udf99Host of The Inner Confidence Podcast & Founder of Inner Confidence, Inc.\n\nI lived an exhilarating single life filled with adventures and lessons, and ultimately achieved what I had always aspired to \u2013 finding an amazing, feminine, and loving wife. \n\nI believe my experiences provide a rare balance of wild freedom and committed love, equipping me with the insights to help you navigate the complexities of dating and relationships in today's world. Let me guide you to embrace your desires, improve your social prowess, and ultimately attract the partner who aligns with your highest aspirations.\n\nYou won\u2019t find any fluffy, new-age, or cringy stuff here, just tested, proven and actionable advice that yields results.\n\nApply to join our exclusive Inner Confidence Community of ambitious men who are actively working together to achieve their goals faster   \u25ba https://innerconfidence.com/community\n\nYou can email me at robbie@innerconfidence.com with any questions or comments.\n", "subscriber_count": "1270", "total_views": "604693", "total_videos": "470"}, "comments": [], "file_path": "/Users/aelaguiz/workspace/fc_book/audio/raws/sxcpkCOCF0Y.mp3", "transcription": "{\"text\": \"kind of fun episode because I'm gonna surprise Maria here with a red flags list of who you should never marry. And this red flags list was compiled back in like 2014, 2015 in the inner confidence community from all of the moderators. These are guys that are really good with women, tons of experience, some married, some single, but we basically crowdsourced all the different red flags that you could find in a potential partner and put them into a very, very long list. So what we're gonna do now, and I admit I took a glance at the list, obviously before recording this, but I didn't look at it very thoroughly. And I wanna see how many of those red flags that you might do. \", \"segments\": [{\"id\": 0, \"seek\": 0, \"start\": 0.0, \"end\": 3.5799999237060547, \"text\": \" kind of fun episode because I'm gonna surprise Maria here\", \"tokens\": [50364, 733, 295, 1019, 3500, 570, 286, 478, 799, 6365, 12734, 510, 50543], \"temperature\": 0.0, \"avg_logprob\": -0.26640909910202026, \"compression_ratio\": 1.4977169036865234, \"no_speech_prob\": 0.05492895841598511}, {\"id\": 1, \"seek\": 0, \"start\": 3.5799999237060547, \"end\": 8.579999923706055, \"text\": \" with a red flags list of who you should never marry.\", \"tokens\": [50543, 365, 257, 2182, 23265, 1329, 295, 567, 291, 820, 1128, 9747, 13, 50793], \"temperature\": 0.0, \"avg_logprob\": -0.26640909910202026, \"compression_ratio\": 1.4977169036865234, \"no_speech_prob\": 0.05492895841598511}, {\"id\": 2, \"seek\": 0, \"start\": 10.15999984741211, \"end\": 15.15999984741211, \"text\": \" And this red flags list was compiled back in like 2014,\", \"tokens\": [50872, 400, 341, 2182, 23265, 1329, 390, 36548, 646, 294, 411, 8227, 11, 51122], \"temperature\": 0.0, \"avg_logprob\": -0.26640909910202026, \"compression_ratio\": 1.4977169036865234, \"no_speech_prob\": 0.05492895841598511}, {\"id\": 3, \"seek\": 0, \"start\": 15.880000114440918, \"end\": 19.399999618530273, \"text\": \" 2015 in the inner confidence community\", \"tokens\": [51158, 7546, 294, 264, 7284, 6687, 1768, 51334], \"temperature\": 0.0, \"avg_logprob\": -0.26640909910202026, \"compression_ratio\": 1.4977169036865234, \"no_speech_prob\": 0.05492895841598511}, {\"id\": 4, \"seek\": 0, \"start\": 19.399999618530273, \"end\": 21.479999542236328, \"text\": \" from all of the moderators.\", \"tokens\": [51334, 490, 439, 295, 264, 10494, 3391, 13, 51438], \"temperature\": 0.0, \"avg_logprob\": -0.26640909910202026, \"compression_ratio\": 1.4977169036865234, \"no_speech_prob\": 0.05492895841598511}, {\"id\": 5, \"seek\": 0, \"start\": 21.479999542236328, \"end\": 24.040000915527344, \"text\": \" These are guys that are really good with women,\", \"tokens\": [51438, 1981, 366, 1074, 300, 366, 534, 665, 365, 2266, 11, 51566], \"temperature\": 0.0, \"avg_logprob\": -0.26640909910202026, \"compression_ratio\": 1.4977169036865234, \"no_speech_prob\": 0.05492895841598511}, {\"id\": 6, \"seek\": 0, \"start\": 24.040000915527344, \"end\": 27.520000457763672, \"text\": \" tons of experience, some married, some single,\", \"tokens\": [51566, 9131, 295, 1752, 11, 512, 5259, 11, 512, 2167, 11, 51740], \"temperature\": 0.0, \"avg_logprob\": -0.26640909910202026, \"compression_ratio\": 1.4977169036865234, \"no_speech_prob\": 0.05492895841598511}, {\"id\": 7, \"seek\": 2752, \"start\": 27.520000457763672, \"end\": 32.52000045776367, \"text\": \" but we basically crowdsourced all the different red flags\", \"tokens\": [50364, 457, 321, 1936, 26070, 396, 1232, 439, 264, 819, 2182, 23265, 50614], \"temperature\": 0.0, \"avg_logprob\": -0.24533113837242126, \"compression_ratio\": 1.5818182229995728, \"no_speech_prob\": 6.702115933876485e-05}, {\"id\": 8, \"seek\": 2752, \"start\": 32.560001373291016, \"end\": 34.599998474121094, \"text\": \" that you could find in a potential partner\", \"tokens\": [50616, 300, 291, 727, 915, 294, 257, 3995, 4975, 50718], \"temperature\": 0.0, \"avg_logprob\": -0.24533113837242126, \"compression_ratio\": 1.5818182229995728, \"no_speech_prob\": 6.702115933876485e-05}, {\"id\": 9, \"seek\": 2752, \"start\": 34.599998474121094, \"end\": 38.560001373291016, \"text\": \" and put them into a very, very long list.\", \"tokens\": [50718, 293, 829, 552, 666, 257, 588, 11, 588, 938, 1329, 13, 50916], \"temperature\": 0.0, \"avg_logprob\": -0.24533113837242126, \"compression_ratio\": 1.5818182229995728, \"no_speech_prob\": 6.702115933876485e-05}, {\"id\": 10, \"seek\": 2752, \"start\": 38.560001373291016, \"end\": 40.279998779296875, \"text\": \" So what we're gonna do now,\", \"tokens\": [50916, 407, 437, 321, 434, 799, 360, 586, 11, 51002], \"temperature\": 0.0, \"avg_logprob\": -0.24533113837242126, \"compression_ratio\": 1.5818182229995728, \"no_speech_prob\": 6.702115933876485e-05}, {\"id\": 11, \"seek\": 2752, \"start\": 40.279998779296875, \"end\": 45.119998931884766, \"text\": \" and I admit I took a glance at the list,\", \"tokens\": [51002, 293, 286, 9796, 286, 1890, 257, 21094, 412, 264, 1329, 11, 51244], \"temperature\": 0.0, \"avg_logprob\": -0.24533113837242126, \"compression_ratio\": 1.5818182229995728, \"no_speech_prob\": 6.702115933876485e-05}, {\"id\": 12, \"seek\": 2752, \"start\": 45.119998931884766, \"end\": 47.880001068115234, \"text\": \" obviously before recording this,\", \"tokens\": [51244, 2745, 949, 6613, 341, 11, 51382], \"temperature\": 0.0, \"avg_logprob\": -0.24533113837242126, \"compression_ratio\": 1.5818182229995728, \"no_speech_prob\": 6.702115933876485e-05}, {\"id\": 13, \"seek\": 2752, \"start\": 47.880001068115234, \"end\": 49.63999938964844, \"text\": \" but I didn't look at it very thoroughly.\", \"tokens\": [51382, 457, 286, 994, 380, 574, 412, 309, 588, 17987, 13, 51470], \"temperature\": 0.0, \"avg_logprob\": -0.24533113837242126, \"compression_ratio\": 1.5818182229995728, \"no_speech_prob\": 6.702115933876485e-05}, {\"id\": 14, \"seek\": 2752, \"start\": 49.63999938964844, \"end\": 52.220001220703125, \"text\": \" And I wanna see how many of those red flags\", \"tokens\": [51470, 400, 286, 1948, 536, 577, 867, 295, 729, 2182, 23265, 51599], \"temperature\": 0.0, \"avg_logprob\": -0.24533113837242126, \"compression_ratio\": 1.5818182229995728, \"no_speech_prob\": 6.702115933876485e-05}, {\"id\": 15, \"seek\": 2752, \"start\": 52.220001220703125, \"end\": 53.2400016784668, \"text\": \" that you might do.\", \"tokens\": [51599, 300, 291, 1062, 360, 13, 51650], \"temperature\": 0.0, \"avg_logprob\": -0.24533113837242126, \"compression_ratio\": 1.5818182229995728, \"no_speech_prob\": 6.702115933876485e-05}]}"}