{"title": "If she\u2019s giving you a hard time it secretly means\u2026", "video_id": "sxthlVNi_-4", "video_url": "https://www.youtube.com/watch?v=sxthlVNi_-4", "description": "", "published_at": "2023-07-02T22:13:04Z", "channel_id": "UC0O-ohYDF4P66HW9XJ4Us8w", "channel_title": "Robbie Kramer", "tags": [], "category_id": "24", "live_broadcast_content": "none", "duration": 44.0, "dimension": "2d", "definition": "hd", "caption": "false", "view_count": 1943, "like_count": 54, "comment_count": 1, "channel_info": {"title": "Robbie Kramer", "description": "I'm Robbie Kramer \ud83c\udf99Host of The Inner Confidence Podcast & Founder of Inner Confidence, Inc.\n\nI lived an exhilarating single life filled with adventures and lessons, and ultimately achieved what I had always aspired to \u2013 finding an amazing, feminine, and loving wife. \n\nI believe my experiences provide a rare balance of wild freedom and committed love, equipping me with the insights to help you navigate the complexities of dating and relationships in today's world. Let me guide you to embrace your desires, improve your social prowess, and ultimately attract the partner who aligns with your highest aspirations.\n\nYou won\u2019t find any fluffy, new-age, or cringy stuff here, just tested, proven and actionable advice that yields results.\n\nApply to join our exclusive Inner Confidence Community of ambitious men who are actively working together to achieve their goals faster   \u25ba https://innerconfidence.com/community\n\nYou can email me at robbie@innerconfidence.com with any questions or comments.\n", "subscriber_count": "1270", "total_views": "604693", "total_videos": "470"}, "comments": [], "file_path": "/Users/aelaguiz/workspace/fc_book/audio/raws/sxthlVNi_-4.mp3", "transcription": "{\"text\": \"Women have to develop the skill of weeding out men at a very early age. As a second, they're beautiful. They start getting an insane amount of attention. This will happen at like 13, 14 years old. And when you're getting bombarded with that attention, the only way to tell who's legit, who's worth your time is to develop these mechanisms to give these guys tests to see beautiful women. By the time they're 18, 19, they've got this bitch shield up. They're icy cold, a lot of them. And like, they're just like walking shit testers and guys think like, Oh my God, she's shit testing me. That's bad. It's like, no, that's good. Yeah. If she's not testing you, she's not attracted to you. But all of this is happening on a very unconscious level, right? Like if a woman walks into my social circle, let's say I'm single and I'm hosting a big party, we've got a bunch of playboy models there and she knows it's my party, she's probably not going to shit test me because I already have so much status that if she tries to shit test me, I'm just going to like ignore her and walk away. \", \"segments\": [{\"id\": 0, \"seek\": 0, \"start\": 0.0, \"end\": 3.440000057220459, \"text\": \" Women have to develop the skill of weeding out men at a very early age.\", \"tokens\": [50364, 11065, 362, 281, 1499, 264, 5389, 295, 321, 9794, 484, 1706, 412, 257, 588, 2440, 3205, 13, 50536], \"temperature\": 0.0, \"avg_logprob\": -0.26761236786842346, \"compression_ratio\": 1.7958115339279175, \"no_speech_prob\": 0.08366747200489044}, {\"id\": 1, \"seek\": 0, \"start\": 3.4800000190734863, \"end\": 4.559999942779541, \"text\": \" As a second, they're beautiful.\", \"tokens\": [50538, 1018, 257, 1150, 11, 436, 434, 2238, 13, 50592], \"temperature\": 0.0, \"avg_logprob\": -0.26761236786842346, \"compression_ratio\": 1.7958115339279175, \"no_speech_prob\": 0.08366747200489044}, {\"id\": 2, \"seek\": 0, \"start\": 4.559999942779541, \"end\": 6.199999809265137, \"text\": \" They start getting an insane amount of attention.\", \"tokens\": [50592, 814, 722, 1242, 364, 10838, 2372, 295, 3202, 13, 50674], \"temperature\": 0.0, \"avg_logprob\": -0.26761236786842346, \"compression_ratio\": 1.7958115339279175, \"no_speech_prob\": 0.08366747200489044}, {\"id\": 3, \"seek\": 0, \"start\": 6.199999809265137, \"end\": 7.920000076293945, \"text\": \" This will happen at like 13, 14 years old.\", \"tokens\": [50674, 639, 486, 1051, 412, 411, 3705, 11, 3499, 924, 1331, 13, 50760], \"temperature\": 0.0, \"avg_logprob\": -0.26761236786842346, \"compression_ratio\": 1.7958115339279175, \"no_speech_prob\": 0.08366747200489044}, {\"id\": 4, \"seek\": 0, \"start\": 7.960000038146973, \"end\": 11.15999984741211, \"text\": \" And when you're getting bombarded with that attention, the only way to tell\", \"tokens\": [50762, 400, 562, 291, 434, 1242, 7851, 22803, 365, 300, 3202, 11, 264, 787, 636, 281, 980, 50922], \"temperature\": 0.0, \"avg_logprob\": -0.26761236786842346, \"compression_ratio\": 1.7958115339279175, \"no_speech_prob\": 0.08366747200489044}, {\"id\": 5, \"seek\": 0, \"start\": 11.199999809265137, \"end\": 14.5600004196167, \"text\": \" who's legit, who's worth your time is to develop these mechanisms\", \"tokens\": [50924, 567, 311, 10275, 11, 567, 311, 3163, 428, 565, 307, 281, 1499, 613, 15902, 51092], \"temperature\": 0.0, \"avg_logprob\": -0.26761236786842346, \"compression_ratio\": 1.7958115339279175, \"no_speech_prob\": 0.08366747200489044}, {\"id\": 6, \"seek\": 0, \"start\": 14.5600004196167, \"end\": 16.719999313354492, \"text\": \" to give these guys tests to see beautiful women.\", \"tokens\": [51092, 281, 976, 613, 1074, 6921, 281, 536, 2238, 2266, 13, 51200], \"temperature\": 0.0, \"avg_logprob\": -0.26761236786842346, \"compression_ratio\": 1.7958115339279175, \"no_speech_prob\": 0.08366747200489044}, {\"id\": 7, \"seek\": 0, \"start\": 16.719999313354492, \"end\": 19.1200008392334, \"text\": \" By the time they're 18, 19, they've got this bitch shield up.\", \"tokens\": [51200, 3146, 264, 565, 436, 434, 2443, 11, 1294, 11, 436, 600, 658, 341, 11960, 10257, 493, 13, 51320], \"temperature\": 0.0, \"avg_logprob\": -0.26761236786842346, \"compression_ratio\": 1.7958115339279175, \"no_speech_prob\": 0.08366747200489044}, {\"id\": 8, \"seek\": 0, \"start\": 19.15999984741211, \"end\": 20.559999465942383, \"text\": \" They're icy cold, a lot of them.\", \"tokens\": [51322, 814, 434, 42015, 3554, 11, 257, 688, 295, 552, 13, 51392], \"temperature\": 0.0, \"avg_logprob\": -0.26761236786842346, \"compression_ratio\": 1.7958115339279175, \"no_speech_prob\": 0.08366747200489044}, {\"id\": 9, \"seek\": 0, \"start\": 20.600000381469727, \"end\": 24.15999984741211, \"text\": \" And like, they're just like walking shit testers and guys think like, Oh my God,\", \"tokens\": [51394, 400, 411, 11, 436, 434, 445, 411, 4494, 4611, 1500, 433, 293, 1074, 519, 411, 11, 876, 452, 1265, 11, 51572], \"temperature\": 0.0, \"avg_logprob\": -0.26761236786842346, \"compression_ratio\": 1.7958115339279175, \"no_speech_prob\": 0.08366747200489044}, {\"id\": 10, \"seek\": 0, \"start\": 24.280000686645508, \"end\": 25.1200008392334, \"text\": \" she's shit testing me.\", \"tokens\": [51578, 750, 311, 4611, 4997, 385, 13, 51620], \"temperature\": 0.0, \"avg_logprob\": -0.26761236786842346, \"compression_ratio\": 1.7958115339279175, \"no_speech_prob\": 0.08366747200489044}, {\"id\": 11, \"seek\": 0, \"start\": 25.1200008392334, \"end\": 25.600000381469727, \"text\": \" That's bad.\", \"tokens\": [51620, 663, 311, 1578, 13, 51644], \"temperature\": 0.0, \"avg_logprob\": -0.26761236786842346, \"compression_ratio\": 1.7958115339279175, \"no_speech_prob\": 0.08366747200489044}, {\"id\": 12, \"seek\": 0, \"start\": 25.600000381469727, \"end\": 26.600000381469727, \"text\": \" It's like, no, that's good.\", \"tokens\": [51644, 467, 311, 411, 11, 572, 11, 300, 311, 665, 13, 51694], \"temperature\": 0.0, \"avg_logprob\": -0.26761236786842346, \"compression_ratio\": 1.7958115339279175, \"no_speech_prob\": 0.08366747200489044}, {\"id\": 13, \"seek\": 0, \"start\": 26.639999389648438, \"end\": 26.920000076293945, \"text\": \" Yeah.\", \"tokens\": [51696, 865, 13, 51710], \"temperature\": 0.0, \"avg_logprob\": -0.26761236786842346, \"compression_ratio\": 1.7958115339279175, \"no_speech_prob\": 0.08366747200489044}, {\"id\": 14, \"seek\": 0, \"start\": 26.920000076293945, \"end\": 28.8799991607666, \"text\": \" If she's not testing you, she's not attracted to you.\", \"tokens\": [51710, 759, 750, 311, 406, 4997, 291, 11, 750, 311, 406, 15912, 281, 291, 13, 51808], \"temperature\": 0.0, \"avg_logprob\": -0.26761236786842346, \"compression_ratio\": 1.7958115339279175, \"no_speech_prob\": 0.08366747200489044}, {\"id\": 15, \"seek\": 2888, \"start\": 28.8799991607666, \"end\": 31.040000915527344, \"text\": \" But all of this is happening on a very unconscious level, right?\", \"tokens\": [50364, 583, 439, 295, 341, 307, 2737, 322, 257, 588, 18900, 1496, 11, 558, 30, 50472], \"temperature\": 0.0, \"avg_logprob\": -0.20037207007408142, \"compression_ratio\": 1.597561001777649, \"no_speech_prob\": 0.06186136603355408}, {\"id\": 16, \"seek\": 2888, \"start\": 31.040000915527344, \"end\": 34.0, \"text\": \" Like if a woman walks into my social circle, let's say I'm single and I'm\", \"tokens\": [50472, 1743, 498, 257, 3059, 12896, 666, 452, 2093, 6329, 11, 718, 311, 584, 286, 478, 2167, 293, 286, 478, 50620], \"temperature\": 0.0, \"avg_logprob\": -0.20037207007408142, \"compression_ratio\": 1.597561001777649, \"no_speech_prob\": 0.06186136603355408}, {\"id\": 17, \"seek\": 2888, \"start\": 34.0, \"end\": 36.84000015258789, \"text\": \" hosting a big party, we've got a bunch of playboy models there and she knows\", \"tokens\": [50620, 16058, 257, 955, 3595, 11, 321, 600, 658, 257, 3840, 295, 862, 12795, 5245, 456, 293, 750, 3255, 50762], \"temperature\": 0.0, \"avg_logprob\": -0.20037207007408142, \"compression_ratio\": 1.597561001777649, \"no_speech_prob\": 0.06186136603355408}, {\"id\": 18, \"seek\": 2888, \"start\": 36.84000015258789, \"end\": 39.15999984741211, \"text\": \" it's my party, she's probably not going to shit test me because I already have\", \"tokens\": [50762, 309, 311, 452, 3595, 11, 750, 311, 1391, 406, 516, 281, 4611, 1500, 385, 570, 286, 1217, 362, 50878], \"temperature\": 0.0, \"avg_logprob\": -0.20037207007408142, \"compression_ratio\": 1.597561001777649, \"no_speech_prob\": 0.06186136603355408}, {\"id\": 19, \"seek\": 2888, \"start\": 39.15999984741211, \"end\": 41.720001220703125, \"text\": \" so much status that if she tries to shit test me, I'm just going to\", \"tokens\": [50878, 370, 709, 6558, 300, 498, 750, 9898, 281, 4611, 1500, 385, 11, 286, 478, 445, 516, 281, 51006], \"temperature\": 0.0, \"avg_logprob\": -0.20037207007408142, \"compression_ratio\": 1.597561001777649, \"no_speech_prob\": 0.06186136603355408}, {\"id\": 20, \"seek\": 2888, \"start\": 41.720001220703125, \"end\": 42.959999084472656, \"text\": \" like ignore her and walk away.\", \"tokens\": [51006, 411, 11200, 720, 293, 1792, 1314, 13, 51068], \"temperature\": 0.0, \"avg_logprob\": -0.20037207007408142, \"compression_ratio\": 1.597561001777649, \"no_speech_prob\": 0.06186136603355408}]}"}