{"title": "Episode 4 - \"Wake Up Call\"", "video_id": "syJUU5Lrstc", "video_url": "https://www.youtube.com/watch?v=syJUU5Lrstc", "description": "In episode 4 of the Inner Confidence Web Series Willy realizes that in order to prolong his mission, he must accomplish a difficult task and Robbie gets some startling news that will force him to change his lifestyle.", "published_at": "2010-01-21T09:23:13Z", "channel_id": "UC0O-ohYDF4P66HW9XJ4Us8w", "channel_title": "Robbie Kramer", "tags": ["inner confidence", "alpha male", "approach women", "attract", "attract women", "being a man", "dating", "dating women", "flirting", "flirting tips", "get a girl", "get a girlfriend", "get girl", "how to approach women", "how to attract", "how to attract woman", "how to date", "how to flirt", "how to get girls", "how to get women", "inner game", "love", "masculine", "masculinity", "meet women", "men", "online dating", "pick up", "seduction", "single dating", "spiritual"], "category_id": "23", "live_broadcast_content": "none", "duration": 333.0, "dimension": "2d", "definition": "sd", "caption": "false", "view_count": 1022, "like_count": 6, "comment_count": 2, "channel_info": {"title": "Robbie Kramer", "description": "I'm Robbie Kramer \ud83c\udf99Host of The Inner Confidence Podcast & Founder of Inner Confidence, Inc.\n\nI lived an exhilarating single life filled with adventures and lessons, and ultimately achieved what I had always aspired to \u2013 finding an amazing, feminine, and loving wife. \n\nI believe my experiences provide a rare balance of wild freedom and committed love, equipping me with the insights to help you navigate the complexities of dating and relationships in today's world. Let me guide you to embrace your desires, improve your social prowess, and ultimately attract the partner who aligns with your highest aspirations.\n\nYou won\u2019t find any fluffy, new-age, or cringy stuff here, just tested, proven and actionable advice that yields results.\n\nApply to join our exclusive Inner Confidence Community of ambitious men who are actively working together to achieve their goals faster   \u25ba https://innerconfidence.com/community\n\nYou can email me at robbie@innerconfidence.com with any questions or comments.\n", "subscriber_count": "1270", "total_views": "604693", "total_videos": "470"}, "comments": [], "file_path": "/Users/aelaguiz/workspace/fc_book/audio/raws/syJUU5Lrstc.mp3", "transcription": "{\"text\": \"Thank you for calling the Planet Exxon hotline. Please enter your ambassador code. Thank you, Ambassador. Willie, have you successfully impregnated an attractive human female? Negative. Have you successfully copulated with an attractive human female, though failing to impregnate her? Negative. Have you successfully encountered an attractive human female who may be interested in engaging in sexual activities with you? Negative. Ambassador Willie, your mission will be aborted if you fail to impregnate an attractive human female in the next 24 hours. Did you get my burger? I'd love to know. I'd love to know. Master Coach, it is imperative that I speak with you immediately. Okay. In private. Okay, Willie. What is it, Willie? Master Coach, please show me how to impregnate an attractive human female. Willie, you cracked me up. Yes. Alright, I'm going to show you just this once, okay? Did you just impregnate me? Willie, it only works going male to female. Oh, thank you, Master Coach. I've got to warn you, though. It only works if it's a complete surprise to the female. And you have to make sure that your finger is really wet, too. Yes, Master Coach. You are so wise. Anytime, Willie. Anytime. Come on. He was asking for it. Hey, guys. Almost ready to start? Oh, gross. No, people are eating here. My high school reunion. When is it? Two months from now. Better stop eating those fries. Can't eat anymore. So apparently when Robbie graduated high school, he signed an agreement with his hockey coach that he would be in as good or better shape as when he graduated by his tenth reunion. And if he didn't make weight, well... I would donate my life savings to the school so they could buy a new computer for every single student. It seemed like such a good idea at the time. Okay, guys. Let's get started. Robbie, you ready? No, you take this one, Brian. Okay, then. So how are you guys doing this afternoon? I have successfully learned how to impregnate a human female. You didn't know how to do that. Fellow student, back on my home planet of Exxon, the mating traditions vary considerably. The preferred method of impregnation is to steal her cup of Jingo Jango Bees, preferably while she is yik-tickling her dun-swallop. If I gotta hear one more thing about planet Exxon, I swear to God... What's the deal with this alien crap? No, come on, seriously, man. What's the deal? Eli, Eli. What's the deal? No, come on, seriously, man. What's the deal? Eli, Eli. Back off. It's okay. Everybody learns at their own pace. Yeah, but he's an idiot. I mean, what kind of loser goes around acting like an alien all the time? Jack Sparrow and the Joker? They're not much better. Eli, you seem to be getting really upset. And it's okay that you're jealous of Willy. Wait a minute. Jealous? Of him? It's the only logical conclusion. No, no, no. I am not jealous of him. No, no, no. Mr. 1BET over there? I'm not jealous. Dude, have you seen? I've been doing the work. I've been doing the work, okay? I am a pinger-focused writer. I am putting everything out there like no tomorrow, okay? Well, this happens sometimes in the sessions. The guys really getting in touch with their masculine side. I think it's a really important part of the program because it really helps them... Thanks, Mr. 1BET. \", \"segments\": [{\"id\": 0, \"seek\": 0, \"start\": 0.0, \"end\": 5.0, \"text\": \" Thank you for calling the Planet Exxon hotline. Please enter your ambassador code.\", \"tokens\": [50364, 1044, 291, 337, 5141, 264, 22146, 2111, 87, 266, 2368, 1889, 13, 2555, 3242, 428, 25445, 3089, 13, 50614], \"temperature\": 0.0, \"avg_logprob\": -0.29795461893081665, \"compression_ratio\": 1.6896551847457886, \"no_speech_prob\": 0.25805193185806274}, {\"id\": 1, \"seek\": 0, \"start\": 8.0, \"end\": 9.0, \"text\": \" Thank you, Ambassador.\", \"tokens\": [50764, 1044, 291, 11, 28506, 13, 50814], \"temperature\": 0.0, \"avg_logprob\": -0.29795461893081665, \"compression_ratio\": 1.6896551847457886, \"no_speech_prob\": 0.25805193185806274}, {\"id\": 2, \"seek\": 0, \"start\": 9.0, \"end\": 13.0, \"text\": \" Willie, have you successfully impregnated an attractive human female?\", \"tokens\": [50814, 39912, 11, 362, 291, 10727, 704, 3375, 77, 770, 364, 12609, 1952, 6556, 30, 51014], \"temperature\": 0.0, \"avg_logprob\": -0.29795461893081665, \"compression_ratio\": 1.6896551847457886, \"no_speech_prob\": 0.25805193185806274}, {\"id\": 3, \"seek\": 0, \"start\": 15.0, \"end\": 16.0, \"text\": \" Negative.\", \"tokens\": [51114, 43230, 13, 51164], \"temperature\": 0.0, \"avg_logprob\": -0.29795461893081665, \"compression_ratio\": 1.6896551847457886, \"no_speech_prob\": 0.25805193185806274}, {\"id\": 4, \"seek\": 0, \"start\": 16.0, \"end\": 22.0, \"text\": \" Have you successfully copulated with an attractive human female, though failing to impregnate her?\", \"tokens\": [51164, 3560, 291, 10727, 2971, 6987, 365, 364, 12609, 1952, 6556, 11, 1673, 18223, 281, 704, 3375, 77, 473, 720, 30, 51464], \"temperature\": 0.0, \"avg_logprob\": -0.29795461893081665, \"compression_ratio\": 1.6896551847457886, \"no_speech_prob\": 0.25805193185806274}, {\"id\": 5, \"seek\": 0, \"start\": 25.0, \"end\": 26.0, \"text\": \" Negative.\", \"tokens\": [51614, 43230, 13, 51664], \"temperature\": 0.0, \"avg_logprob\": -0.29795461893081665, \"compression_ratio\": 1.6896551847457886, \"no_speech_prob\": 0.25805193185806274}, {\"id\": 6, \"seek\": 2600, \"start\": 27.0, \"end\": 34.0, \"text\": \" Have you successfully encountered an attractive human female who may be interested in engaging in sexual activities with you?\", \"tokens\": [50414, 3560, 291, 10727, 20381, 364, 12609, 1952, 6556, 567, 815, 312, 3102, 294, 11268, 294, 6701, 5354, 365, 291, 30, 50764], \"temperature\": 0.0, \"avg_logprob\": -0.20427978038787842, \"compression_ratio\": 1.5266271829605103, \"no_speech_prob\": 0.005004772450774908}, {\"id\": 7, \"seek\": 2600, \"start\": 37.0, \"end\": 38.0, \"text\": \" Negative.\", \"tokens\": [50914, 43230, 13, 50964], \"temperature\": 0.0, \"avg_logprob\": -0.20427978038787842, \"compression_ratio\": 1.5266271829605103, \"no_speech_prob\": 0.005004772450774908}, {\"id\": 8, \"seek\": 2600, \"start\": 38.0, \"end\": 46.0, \"text\": \" Ambassador Willie, your mission will be aborted if you fail to impregnate an attractive human female in the next 24 hours.\", \"tokens\": [50964, 28506, 39912, 11, 428, 4447, 486, 312, 410, 14813, 498, 291, 3061, 281, 704, 3375, 77, 473, 364, 12609, 1952, 6556, 294, 264, 958, 4022, 2496, 13, 51364], \"temperature\": 0.0, \"avg_logprob\": -0.20427978038787842, \"compression_ratio\": 1.5266271829605103, \"no_speech_prob\": 0.005004772450774908}, {\"id\": 9, \"seek\": 4600, \"start\": 46.0, \"end\": 55.0, \"text\": \" Did you get my burger?\", \"tokens\": [50364, 2589, 291, 483, 452, 16393, 30, 50814], \"temperature\": 0.0, \"avg_logprob\": -0.5757213830947876, \"compression_ratio\": 0.8333333134651184, \"no_speech_prob\": 0.10912112146615982}, {\"id\": 10, \"seek\": 4600, \"start\": 66.0, \"end\": 67.0, \"text\": \" I'd love to know.\", \"tokens\": [51364, 286, 1116, 959, 281, 458, 13, 51414], \"temperature\": 0.0, \"avg_logprob\": -0.5757213830947876, \"compression_ratio\": 0.8333333134651184, \"no_speech_prob\": 0.10912112146615982}, {\"id\": 11, \"seek\": 6700, \"start\": 67.0, \"end\": 68.0, \"text\": \" I'd love to know.\", \"tokens\": [50364, 286, 1116, 959, 281, 458, 13, 50414], \"temperature\": 0.0, \"avg_logprob\": -0.17188191413879395, \"compression_ratio\": 1.194690227508545, \"no_speech_prob\": 0.13274577260017395}, {\"id\": 12, \"seek\": 6700, \"start\": 72.0, \"end\": 76.0, \"text\": \" Master Coach, it is imperative that I speak with you immediately.\", \"tokens\": [50614, 6140, 17369, 11, 309, 307, 32490, 300, 286, 1710, 365, 291, 4258, 13, 50814], \"temperature\": 0.0, \"avg_logprob\": -0.17188191413879395, \"compression_ratio\": 1.194690227508545, \"no_speech_prob\": 0.13274577260017395}, {\"id\": 13, \"seek\": 6700, \"start\": 77.0, \"end\": 78.0, \"text\": \" Okay.\", \"tokens\": [50864, 1033, 13, 50914], \"temperature\": 0.0, \"avg_logprob\": -0.17188191413879395, \"compression_ratio\": 1.194690227508545, \"no_speech_prob\": 0.13274577260017395}, {\"id\": 14, \"seek\": 6700, \"start\": 78.0, \"end\": 80.0, \"text\": \" In private.\", \"tokens\": [50914, 682, 4551, 13, 51014], \"temperature\": 0.0, \"avg_logprob\": -0.17188191413879395, \"compression_ratio\": 1.194690227508545, \"no_speech_prob\": 0.13274577260017395}, {\"id\": 15, \"seek\": 6700, \"start\": 81.0, \"end\": 82.0, \"text\": \" Okay, Willie.\", \"tokens\": [51064, 1033, 11, 39912, 13, 51114], \"temperature\": 0.0, \"avg_logprob\": -0.17188191413879395, \"compression_ratio\": 1.194690227508545, \"no_speech_prob\": 0.13274577260017395}, {\"id\": 16, \"seek\": 6700, \"start\": 94.0, \"end\": 95.0, \"text\": \" What is it, Willie?\", \"tokens\": [51714, 708, 307, 309, 11, 39912, 30, 51764], \"temperature\": 0.0, \"avg_logprob\": -0.17188191413879395, \"compression_ratio\": 1.194690227508545, \"no_speech_prob\": 0.13274577260017395}, {\"id\": 17, \"seek\": 9500, \"start\": 95.0, \"end\": 99.0, \"text\": \" Master Coach, please show me how to impregnate an attractive human female.\", \"tokens\": [50364, 6140, 17369, 11, 1767, 855, 385, 577, 281, 704, 3375, 77, 473, 364, 12609, 1952, 6556, 13, 50564], \"temperature\": 0.0, \"avg_logprob\": -0.17270652949810028, \"compression_ratio\": 1.4942529201507568, \"no_speech_prob\": 0.03558634966611862}, {\"id\": 18, \"seek\": 9500, \"start\": 100.0, \"end\": 101.0, \"text\": \" Willie, you cracked me up.\", \"tokens\": [50614, 39912, 11, 291, 25140, 385, 493, 13, 50664], \"temperature\": 0.0, \"avg_logprob\": -0.17270652949810028, \"compression_ratio\": 1.4942529201507568, \"no_speech_prob\": 0.03558634966611862}, {\"id\": 19, \"seek\": 9500, \"start\": 102.0, \"end\": 103.0, \"text\": \" Yes.\", \"tokens\": [50714, 1079, 13, 50764], \"temperature\": 0.0, \"avg_logprob\": -0.17270652949810028, \"compression_ratio\": 1.4942529201507568, \"no_speech_prob\": 0.03558634966611862}, {\"id\": 20, \"seek\": 9500, \"start\": 103.0, \"end\": 105.0, \"text\": \" Alright, I'm going to show you just this once, okay?\", \"tokens\": [50764, 2798, 11, 286, 478, 516, 281, 855, 291, 445, 341, 1564, 11, 1392, 30, 50864], \"temperature\": 0.0, \"avg_logprob\": -0.17270652949810028, \"compression_ratio\": 1.4942529201507568, \"no_speech_prob\": 0.03558634966611862}, {\"id\": 21, \"seek\": 9500, \"start\": 112.0, \"end\": 114.0, \"text\": \" Did you just impregnate me?\", \"tokens\": [51214, 2589, 291, 445, 704, 3375, 77, 473, 385, 30, 51314], \"temperature\": 0.0, \"avg_logprob\": -0.17270652949810028, \"compression_ratio\": 1.4942529201507568, \"no_speech_prob\": 0.03558634966611862}, {\"id\": 22, \"seek\": 9500, \"start\": 114.0, \"end\": 116.0, \"text\": \" Willie, it only works going male to female.\", \"tokens\": [51314, 39912, 11, 309, 787, 1985, 516, 7133, 281, 6556, 13, 51414], \"temperature\": 0.0, \"avg_logprob\": -0.17270652949810028, \"compression_ratio\": 1.4942529201507568, \"no_speech_prob\": 0.03558634966611862}, {\"id\": 23, \"seek\": 9500, \"start\": 117.0, \"end\": 120.0, \"text\": \" Oh, thank you, Master Coach.\", \"tokens\": [51464, 876, 11, 1309, 291, 11, 6140, 17369, 13, 51614], \"temperature\": 0.0, \"avg_logprob\": -0.17270652949810028, \"compression_ratio\": 1.4942529201507568, \"no_speech_prob\": 0.03558634966611862}, {\"id\": 24, \"seek\": 12000, \"start\": 120.0, \"end\": 121.0, \"text\": \" I've got to warn you, though.\", \"tokens\": [50364, 286, 600, 658, 281, 12286, 291, 11, 1673, 13, 50414], \"temperature\": 0.0, \"avg_logprob\": -0.20970717072486877, \"compression_ratio\": 1.4069766998291016, \"no_speech_prob\": 0.02158471569418907}, {\"id\": 25, \"seek\": 12000, \"start\": 122.0, \"end\": 124.0, \"text\": \" It only works if it's a complete surprise to the female.\", \"tokens\": [50464, 467, 787, 1985, 498, 309, 311, 257, 3566, 6365, 281, 264, 6556, 13, 50564], \"temperature\": 0.0, \"avg_logprob\": -0.20970717072486877, \"compression_ratio\": 1.4069766998291016, \"no_speech_prob\": 0.02158471569418907}, {\"id\": 26, \"seek\": 12000, \"start\": 125.0, \"end\": 127.0, \"text\": \" And you have to make sure that your finger is really wet, too.\", \"tokens\": [50614, 400, 291, 362, 281, 652, 988, 300, 428, 5984, 307, 534, 6630, 11, 886, 13, 50714], \"temperature\": 0.0, \"avg_logprob\": -0.20970717072486877, \"compression_ratio\": 1.4069766998291016, \"no_speech_prob\": 0.02158471569418907}, {\"id\": 27, \"seek\": 12000, \"start\": 128.0, \"end\": 129.0, \"text\": \" Yes, Master Coach.\", \"tokens\": [50764, 1079, 11, 6140, 17369, 13, 50814], \"temperature\": 0.0, \"avg_logprob\": -0.20970717072486877, \"compression_ratio\": 1.4069766998291016, \"no_speech_prob\": 0.02158471569418907}, {\"id\": 28, \"seek\": 12000, \"start\": 130.0, \"end\": 131.0, \"text\": \" You are so wise.\", \"tokens\": [50864, 509, 366, 370, 10829, 13, 50914], \"temperature\": 0.0, \"avg_logprob\": -0.20970717072486877, \"compression_ratio\": 1.4069766998291016, \"no_speech_prob\": 0.02158471569418907}, {\"id\": 29, \"seek\": 12000, \"start\": 132.0, \"end\": 133.0, \"text\": \" Anytime, Willie.\", \"tokens\": [50964, 39401, 11, 39912, 13, 51014], \"temperature\": 0.0, \"avg_logprob\": -0.20970717072486877, \"compression_ratio\": 1.4069766998291016, \"no_speech_prob\": 0.02158471569418907}, {\"id\": 30, \"seek\": 12000, \"start\": 133.0, \"end\": 134.0, \"text\": \" Anytime.\", \"tokens\": [51014, 39401, 13, 51064], \"temperature\": 0.0, \"avg_logprob\": -0.20970717072486877, \"compression_ratio\": 1.4069766998291016, \"no_speech_prob\": 0.02158471569418907}, {\"id\": 31, \"seek\": 12000, \"start\": 144.0, \"end\": 145.0, \"text\": \" Come on.\", \"tokens\": [51564, 2492, 322, 13, 51614], \"temperature\": 0.0, \"avg_logprob\": -0.20970717072486877, \"compression_ratio\": 1.4069766998291016, \"no_speech_prob\": 0.02158471569418907}, {\"id\": 32, \"seek\": 12000, \"start\": 146.0, \"end\": 147.0, \"text\": \" He was asking for it.\", \"tokens\": [51664, 634, 390, 3365, 337, 309, 13, 51714], \"temperature\": 0.0, \"avg_logprob\": -0.20970717072486877, \"compression_ratio\": 1.4069766998291016, \"no_speech_prob\": 0.02158471569418907}, {\"id\": 33, \"seek\": 15000, \"start\": 150.0, \"end\": 151.0, \"text\": \" Hey, guys.\", \"tokens\": [50364, 1911, 11, 1074, 13, 50414], \"temperature\": 0.0, \"avg_logprob\": -0.21677044034004211, \"compression_ratio\": 1.294964075088501, \"no_speech_prob\": 0.006083058193325996}, {\"id\": 34, \"seek\": 15000, \"start\": 152.0, \"end\": 153.0, \"text\": \" Almost ready to start?\", \"tokens\": [50464, 12627, 1919, 281, 722, 30, 50514], \"temperature\": 0.0, \"avg_logprob\": -0.21677044034004211, \"compression_ratio\": 1.294964075088501, \"no_speech_prob\": 0.006083058193325996}, {\"id\": 35, \"seek\": 15000, \"start\": 161.0, \"end\": 162.0, \"text\": \" Oh, gross.\", \"tokens\": [50914, 876, 11, 11367, 13, 50964], \"temperature\": 0.0, \"avg_logprob\": -0.21677044034004211, \"compression_ratio\": 1.294964075088501, \"no_speech_prob\": 0.006083058193325996}, {\"id\": 36, \"seek\": 15000, \"start\": 163.0, \"end\": 164.0, \"text\": \" No, people are eating here.\", \"tokens\": [51014, 883, 11, 561, 366, 3936, 510, 13, 51064], \"temperature\": 0.0, \"avg_logprob\": -0.21677044034004211, \"compression_ratio\": 1.294964075088501, \"no_speech_prob\": 0.006083058193325996}, {\"id\": 37, \"seek\": 15000, \"start\": 165.0, \"end\": 166.0, \"text\": \" My high school reunion.\", \"tokens\": [51114, 1222, 1090, 1395, 34720, 13, 51164], \"temperature\": 0.0, \"avg_logprob\": -0.21677044034004211, \"compression_ratio\": 1.294964075088501, \"no_speech_prob\": 0.006083058193325996}, {\"id\": 38, \"seek\": 15000, \"start\": 167.0, \"end\": 168.0, \"text\": \" When is it?\", \"tokens\": [51214, 1133, 307, 309, 30, 51264], \"temperature\": 0.0, \"avg_logprob\": -0.21677044034004211, \"compression_ratio\": 1.294964075088501, \"no_speech_prob\": 0.006083058193325996}, {\"id\": 39, \"seek\": 15000, \"start\": 169.0, \"end\": 170.0, \"text\": \" Two months from now.\", \"tokens\": [51314, 4453, 2493, 490, 586, 13, 51364], \"temperature\": 0.0, \"avg_logprob\": -0.21677044034004211, \"compression_ratio\": 1.294964075088501, \"no_speech_prob\": 0.006083058193325996}, {\"id\": 40, \"seek\": 15000, \"start\": 171.0, \"end\": 172.0, \"text\": \" Better stop eating those fries.\", \"tokens\": [51414, 15753, 1590, 3936, 729, 20733, 13, 51464], \"temperature\": 0.0, \"avg_logprob\": -0.21677044034004211, \"compression_ratio\": 1.294964075088501, \"no_speech_prob\": 0.006083058193325996}, {\"id\": 41, \"seek\": 15000, \"start\": 178.0, \"end\": 179.0, \"text\": \" Can't eat anymore.\", \"tokens\": [51764, 1664, 380, 1862, 3602, 13, 51814], \"temperature\": 0.0, \"avg_logprob\": -0.21677044034004211, \"compression_ratio\": 1.294964075088501, \"no_speech_prob\": 0.006083058193325996}, {\"id\": 42, \"seek\": 18000, \"start\": 180.0, \"end\": 183.0, \"text\": \" So apparently when Robbie graduated high school,\", \"tokens\": [50364, 407, 7970, 562, 45749, 13693, 1090, 1395, 11, 50514], \"temperature\": 0.0, \"avg_logprob\": -0.20853397250175476, \"compression_ratio\": 1.5607843399047852, \"no_speech_prob\": 0.0011687681544572115}, {\"id\": 43, \"seek\": 18000, \"start\": 183.0, \"end\": 185.0, \"text\": \" he signed an agreement with his hockey coach\", \"tokens\": [50514, 415, 8175, 364, 8106, 365, 702, 22449, 6560, 50614], \"temperature\": 0.0, \"avg_logprob\": -0.20853397250175476, \"compression_ratio\": 1.5607843399047852, \"no_speech_prob\": 0.0011687681544572115}, {\"id\": 44, \"seek\": 18000, \"start\": 185.0, \"end\": 188.0, \"text\": \" that he would be in as good or better shape\", \"tokens\": [50614, 300, 415, 576, 312, 294, 382, 665, 420, 1101, 3909, 50764], \"temperature\": 0.0, \"avg_logprob\": -0.20853397250175476, \"compression_ratio\": 1.5607843399047852, \"no_speech_prob\": 0.0011687681544572115}, {\"id\": 45, \"seek\": 18000, \"start\": 188.0, \"end\": 190.0, \"text\": \" as when he graduated by his tenth reunion.\", \"tokens\": [50764, 382, 562, 415, 13693, 538, 702, 27269, 34720, 13, 50864], \"temperature\": 0.0, \"avg_logprob\": -0.20853397250175476, \"compression_ratio\": 1.5607843399047852, \"no_speech_prob\": 0.0011687681544572115}, {\"id\": 46, \"seek\": 18000, \"start\": 191.0, \"end\": 193.0, \"text\": \" And if he didn't make weight, well...\", \"tokens\": [50914, 400, 498, 415, 994, 380, 652, 3364, 11, 731, 485, 51014], \"temperature\": 0.0, \"avg_logprob\": -0.20853397250175476, \"compression_ratio\": 1.5607843399047852, \"no_speech_prob\": 0.0011687681544572115}, {\"id\": 47, \"seek\": 18000, \"start\": 194.0, \"end\": 198.0, \"text\": \" I would donate my life savings to the school\", \"tokens\": [51064, 286, 576, 17751, 452, 993, 13454, 281, 264, 1395, 51264], \"temperature\": 0.0, \"avg_logprob\": -0.20853397250175476, \"compression_ratio\": 1.5607843399047852, \"no_speech_prob\": 0.0011687681544572115}, {\"id\": 48, \"seek\": 18000, \"start\": 198.0, \"end\": 202.0, \"text\": \" so they could buy a new computer for every single student.\", \"tokens\": [51264, 370, 436, 727, 2256, 257, 777, 3820, 337, 633, 2167, 3107, 13, 51464], \"temperature\": 0.0, \"avg_logprob\": -0.20853397250175476, \"compression_ratio\": 1.5607843399047852, \"no_speech_prob\": 0.0011687681544572115}, {\"id\": 49, \"seek\": 18000, \"start\": 204.0, \"end\": 206.0, \"text\": \" It seemed like such a good idea at the time.\", \"tokens\": [51564, 467, 6576, 411, 1270, 257, 665, 1558, 412, 264, 565, 13, 51664], \"temperature\": 0.0, \"avg_logprob\": -0.20853397250175476, \"compression_ratio\": 1.5607843399047852, \"no_speech_prob\": 0.0011687681544572115}, {\"id\": 50, \"seek\": 18000, \"start\": 207.0, \"end\": 209.0, \"text\": \" Okay, guys. Let's get started.\", \"tokens\": [51714, 1033, 11, 1074, 13, 961, 311, 483, 1409, 13, 51814], \"temperature\": 0.0, \"avg_logprob\": -0.20853397250175476, \"compression_ratio\": 1.5607843399047852, \"no_speech_prob\": 0.0011687681544572115}, {\"id\": 51, \"seek\": 20900, \"start\": 209.0, \"end\": 210.0, \"text\": \" Robbie, you ready?\", \"tokens\": [50364, 45749, 11, 291, 1919, 30, 50414], \"temperature\": 0.0, \"avg_logprob\": -0.18393340706825256, \"compression_ratio\": 1.4088670015335083, \"no_speech_prob\": 0.0015217196196317673}, {\"id\": 52, \"seek\": 20900, \"start\": 211.0, \"end\": 213.0, \"text\": \" No, you take this one, Brian.\", \"tokens\": [50464, 883, 11, 291, 747, 341, 472, 11, 10765, 13, 50564], \"temperature\": 0.0, \"avg_logprob\": -0.18393340706825256, \"compression_ratio\": 1.4088670015335083, \"no_speech_prob\": 0.0015217196196317673}, {\"id\": 53, \"seek\": 20900, \"start\": 215.0, \"end\": 216.0, \"text\": \" Okay, then.\", \"tokens\": [50664, 1033, 11, 550, 13, 50714], \"temperature\": 0.0, \"avg_logprob\": -0.18393340706825256, \"compression_ratio\": 1.4088670015335083, \"no_speech_prob\": 0.0015217196196317673}, {\"id\": 54, \"seek\": 20900, \"start\": 217.0, \"end\": 219.0, \"text\": \" So how are you guys doing this afternoon?\", \"tokens\": [50764, 407, 577, 366, 291, 1074, 884, 341, 6499, 30, 50864], \"temperature\": 0.0, \"avg_logprob\": -0.18393340706825256, \"compression_ratio\": 1.4088670015335083, \"no_speech_prob\": 0.0015217196196317673}, {\"id\": 55, \"seek\": 20900, \"start\": 220.0, \"end\": 223.0, \"text\": \" I have successfully learned how to impregnate a human female.\", \"tokens\": [50914, 286, 362, 10727, 3264, 577, 281, 704, 3375, 77, 473, 257, 1952, 6556, 13, 51064], \"temperature\": 0.0, \"avg_logprob\": -0.18393340706825256, \"compression_ratio\": 1.4088670015335083, \"no_speech_prob\": 0.0015217196196317673}, {\"id\": 56, \"seek\": 20900, \"start\": 225.0, \"end\": 226.0, \"text\": \" You didn't know how to do that.\", \"tokens\": [51164, 509, 994, 380, 458, 577, 281, 360, 300, 13, 51214], \"temperature\": 0.0, \"avg_logprob\": -0.18393340706825256, \"compression_ratio\": 1.4088670015335083, \"no_speech_prob\": 0.0015217196196317673}, {\"id\": 57, \"seek\": 20900, \"start\": 227.0, \"end\": 230.0, \"text\": \" Fellow student, back on my home planet of Exxon,\", \"tokens\": [51264, 44794, 3107, 11, 646, 322, 452, 1280, 5054, 295, 2111, 87, 266, 11, 51414], \"temperature\": 0.0, \"avg_logprob\": -0.18393340706825256, \"compression_ratio\": 1.4088670015335083, \"no_speech_prob\": 0.0015217196196317673}, {\"id\": 58, \"seek\": 20900, \"start\": 230.0, \"end\": 232.0, \"text\": \" the mating traditions vary considerably.\", \"tokens\": [51414, 264, 49955, 15643, 10559, 31308, 13, 51514], \"temperature\": 0.0, \"avg_logprob\": -0.18393340706825256, \"compression_ratio\": 1.4088670015335083, \"no_speech_prob\": 0.0015217196196317673}, {\"id\": 59, \"seek\": 23200, \"start\": 233.0, \"end\": 235.0, \"text\": \" The preferred method of impregnation\", \"tokens\": [50414, 440, 16494, 3170, 295, 704, 3375, 77, 399, 50514], \"temperature\": 0.0, \"avg_logprob\": -0.31741100549697876, \"compression_ratio\": 1.517073154449463, \"no_speech_prob\": 0.030194265767931938}, {\"id\": 60, \"seek\": 23200, \"start\": 235.0, \"end\": 238.0, \"text\": \" is to steal her cup of Jingo Jango Bees,\", \"tokens\": [50514, 307, 281, 11009, 720, 4414, 295, 508, 18459, 508, 17150, 879, 279, 11, 50664], \"temperature\": 0.0, \"avg_logprob\": -0.31741100549697876, \"compression_ratio\": 1.517073154449463, \"no_speech_prob\": 0.030194265767931938}, {\"id\": 61, \"seek\": 23200, \"start\": 238.0, \"end\": 241.0, \"text\": \" preferably while she is yik-tickling her dun-swallop.\", \"tokens\": [50664, 45916, 1339, 750, 307, 288, 72, 74, 12, 83, 618, 1688, 720, 10234, 12, 82, 16256, 404, 13, 50814], \"temperature\": 0.0, \"avg_logprob\": -0.31741100549697876, \"compression_ratio\": 1.517073154449463, \"no_speech_prob\": 0.030194265767931938}, {\"id\": 62, \"seek\": 23200, \"start\": 244.0, \"end\": 248.0, \"text\": \" If I gotta hear one more thing about planet Exxon,\", \"tokens\": [50964, 759, 286, 3428, 1568, 472, 544, 551, 466, 5054, 2111, 87, 266, 11, 51164], \"temperature\": 0.0, \"avg_logprob\": -0.31741100549697876, \"compression_ratio\": 1.517073154449463, \"no_speech_prob\": 0.030194265767931938}, {\"id\": 63, \"seek\": 23200, \"start\": 249.0, \"end\": 250.0, \"text\": \" I swear to God...\", \"tokens\": [51214, 286, 11902, 281, 1265, 485, 51264], \"temperature\": 0.0, \"avg_logprob\": -0.31741100549697876, \"compression_ratio\": 1.517073154449463, \"no_speech_prob\": 0.030194265767931938}, {\"id\": 64, \"seek\": 23200, \"start\": 252.0, \"end\": 253.0, \"text\": \" What's the deal with this alien crap?\", \"tokens\": [51364, 708, 311, 264, 2028, 365, 341, 12319, 12426, 30, 51414], \"temperature\": 0.0, \"avg_logprob\": -0.31741100549697876, \"compression_ratio\": 1.517073154449463, \"no_speech_prob\": 0.030194265767931938}, {\"id\": 65, \"seek\": 23200, \"start\": 254.0, \"end\": 256.0, \"text\": \" No, come on, seriously, man. What's the deal?\", \"tokens\": [51464, 883, 11, 808, 322, 11, 6638, 11, 587, 13, 708, 311, 264, 2028, 30, 51564], \"temperature\": 0.0, \"avg_logprob\": -0.31741100549697876, \"compression_ratio\": 1.517073154449463, \"no_speech_prob\": 0.030194265767931938}, {\"id\": 66, \"seek\": 23200, \"start\": 256.0, \"end\": 257.0, \"text\": \" Eli, Eli.\", \"tokens\": [51564, 16943, 11, 16943, 13, 51614], \"temperature\": 0.0, \"avg_logprob\": -0.31741100549697876, \"compression_ratio\": 1.517073154449463, \"no_speech_prob\": 0.030194265767931938}, {\"id\": 67, \"seek\": 23200, \"start\": 258.0, \"end\": 259.0, \"text\": \" What's the deal?\", \"tokens\": [51664, 708, 311, 264, 2028, 30, 51714], \"temperature\": 0.0, \"avg_logprob\": -0.31741100549697876, \"compression_ratio\": 1.517073154449463, \"no_speech_prob\": 0.030194265767931938}, {\"id\": 68, \"seek\": 25900, \"start\": 259.0, \"end\": 261.0, \"text\": \" No, come on, seriously, man. What's the deal?\", \"tokens\": [50364, 883, 11, 808, 322, 11, 6638, 11, 587, 13, 708, 311, 264, 2028, 30, 50464], \"temperature\": 0.0, \"avg_logprob\": -0.2014170140028, \"compression_ratio\": 1.5072463750839233, \"no_speech_prob\": 0.11118699610233307}, {\"id\": 69, \"seek\": 25900, \"start\": 261.0, \"end\": 263.0, \"text\": \" Eli, Eli. Back off. It's okay.\", \"tokens\": [50464, 16943, 11, 16943, 13, 5833, 766, 13, 467, 311, 1392, 13, 50564], \"temperature\": 0.0, \"avg_logprob\": -0.2014170140028, \"compression_ratio\": 1.5072463750839233, \"no_speech_prob\": 0.11118699610233307}, {\"id\": 70, \"seek\": 25900, \"start\": 263.0, \"end\": 265.0, \"text\": \" Everybody learns at their own pace.\", \"tokens\": [50564, 7646, 27152, 412, 641, 1065, 11638, 13, 50664], \"temperature\": 0.0, \"avg_logprob\": -0.2014170140028, \"compression_ratio\": 1.5072463750839233, \"no_speech_prob\": 0.11118699610233307}, {\"id\": 71, \"seek\": 25900, \"start\": 266.0, \"end\": 267.0, \"text\": \" Yeah, but he's an idiot.\", \"tokens\": [50714, 865, 11, 457, 415, 311, 364, 14270, 13, 50764], \"temperature\": 0.0, \"avg_logprob\": -0.2014170140028, \"compression_ratio\": 1.5072463750839233, \"no_speech_prob\": 0.11118699610233307}, {\"id\": 72, \"seek\": 25900, \"start\": 267.0, \"end\": 270.0, \"text\": \" I mean, what kind of loser goes around acting like an alien all the time?\", \"tokens\": [50764, 286, 914, 11, 437, 733, 295, 24606, 1709, 926, 6577, 411, 364, 12319, 439, 264, 565, 30, 50914], \"temperature\": 0.0, \"avg_logprob\": -0.2014170140028, \"compression_ratio\": 1.5072463750839233, \"no_speech_prob\": 0.11118699610233307}, {\"id\": 73, \"seek\": 25900, \"start\": 271.0, \"end\": 274.0, \"text\": \" Jack Sparrow and the Joker? They're not much better.\", \"tokens\": [50964, 4718, 1738, 289, 1892, 293, 264, 27453, 30, 814, 434, 406, 709, 1101, 13, 51114], \"temperature\": 0.0, \"avg_logprob\": -0.2014170140028, \"compression_ratio\": 1.5072463750839233, \"no_speech_prob\": 0.11118699610233307}, {\"id\": 74, \"seek\": 25900, \"start\": 275.0, \"end\": 277.0, \"text\": \" Eli, you seem to be getting really upset.\", \"tokens\": [51164, 16943, 11, 291, 1643, 281, 312, 1242, 534, 8340, 13, 51264], \"temperature\": 0.0, \"avg_logprob\": -0.2014170140028, \"compression_ratio\": 1.5072463750839233, \"no_speech_prob\": 0.11118699610233307}, {\"id\": 75, \"seek\": 25900, \"start\": 278.0, \"end\": 280.0, \"text\": \" And it's okay that you're jealous of Willy.\", \"tokens\": [51314, 400, 309, 311, 1392, 300, 291, 434, 13805, 295, 42238, 13, 51414], \"temperature\": 0.0, \"avg_logprob\": -0.2014170140028, \"compression_ratio\": 1.5072463750839233, \"no_speech_prob\": 0.11118699610233307}, {\"id\": 76, \"seek\": 25900, \"start\": 281.0, \"end\": 284.0, \"text\": \" Wait a minute. Jealous? Of him?\", \"tokens\": [51464, 3802, 257, 3456, 13, 2588, 11553, 30, 2720, 796, 30, 51614], \"temperature\": 0.0, \"avg_logprob\": -0.2014170140028, \"compression_ratio\": 1.5072463750839233, \"no_speech_prob\": 0.11118699610233307}, {\"id\": 77, \"seek\": 25900, \"start\": 285.0, \"end\": 286.0, \"text\": \" It's the only logical conclusion.\", \"tokens\": [51664, 467, 311, 264, 787, 14978, 10063, 13, 51714], \"temperature\": 0.0, \"avg_logprob\": -0.2014170140028, \"compression_ratio\": 1.5072463750839233, \"no_speech_prob\": 0.11118699610233307}, {\"id\": 78, \"seek\": 28600, \"start\": 286.0, \"end\": 288.0, \"text\": \" No, no, no. I am not jealous of him.\", \"tokens\": [50364, 883, 11, 572, 11, 572, 13, 286, 669, 406, 13805, 295, 796, 13, 50464], \"temperature\": 0.20000000298023224, \"avg_logprob\": -0.3364727795124054, \"compression_ratio\": 1.665413498878479, \"no_speech_prob\": 0.05024336650967598}, {\"id\": 79, \"seek\": 28600, \"start\": 289.0, \"end\": 291.0, \"text\": \" No, no, no. Mr. 1BET over there? I'm not jealous.\", \"tokens\": [50514, 883, 11, 572, 11, 572, 13, 2221, 13, 502, 33, 4850, 670, 456, 30, 286, 478, 406, 13805, 13, 50614], \"temperature\": 0.20000000298023224, \"avg_logprob\": -0.3364727795124054, \"compression_ratio\": 1.665413498878479, \"no_speech_prob\": 0.05024336650967598}, {\"id\": 80, \"seek\": 28600, \"start\": 292.0, \"end\": 293.0, \"text\": \" Dude, have you seen? I've been doing the work.\", \"tokens\": [50664, 12042, 11, 362, 291, 1612, 30, 286, 600, 668, 884, 264, 589, 13, 50714], \"temperature\": 0.20000000298023224, \"avg_logprob\": -0.3364727795124054, \"compression_ratio\": 1.665413498878479, \"no_speech_prob\": 0.05024336650967598}, {\"id\": 81, \"seek\": 28600, \"start\": 293.0, \"end\": 294.0, \"text\": \" I've been doing the work, okay?\", \"tokens\": [50714, 286, 600, 668, 884, 264, 589, 11, 1392, 30, 50764], \"temperature\": 0.20000000298023224, \"avg_logprob\": -0.3364727795124054, \"compression_ratio\": 1.665413498878479, \"no_speech_prob\": 0.05024336650967598}, {\"id\": 82, \"seek\": 28600, \"start\": 295.0, \"end\": 296.0, \"text\": \" I am a pinger-focused writer.\", \"tokens\": [50814, 286, 669, 257, 280, 6911, 12, 69, 905, 4717, 9936, 13, 50864], \"temperature\": 0.20000000298023224, \"avg_logprob\": -0.3364727795124054, \"compression_ratio\": 1.665413498878479, \"no_speech_prob\": 0.05024336650967598}, {\"id\": 83, \"seek\": 28600, \"start\": 297.0, \"end\": 298.0, \"text\": \" I am putting everything out there like no tomorrow, okay?\", \"tokens\": [50914, 286, 669, 3372, 1203, 484, 456, 411, 572, 4153, 11, 1392, 30, 50964], \"temperature\": 0.20000000298023224, \"avg_logprob\": -0.3364727795124054, \"compression_ratio\": 1.665413498878479, \"no_speech_prob\": 0.05024336650967598}, {\"id\": 84, \"seek\": 28600, \"start\": 299.0, \"end\": 301.0, \"text\": \" Well, this happens sometimes in the sessions.\", \"tokens\": [51014, 1042, 11, 341, 2314, 2171, 294, 264, 11081, 13, 51114], \"temperature\": 0.20000000298023224, \"avg_logprob\": -0.3364727795124054, \"compression_ratio\": 1.665413498878479, \"no_speech_prob\": 0.05024336650967598}, {\"id\": 85, \"seek\": 28600, \"start\": 301.0, \"end\": 304.0, \"text\": \" The guys really getting in touch with their masculine side.\", \"tokens\": [51114, 440, 1074, 534, 1242, 294, 2557, 365, 641, 28992, 1252, 13, 51264], \"temperature\": 0.20000000298023224, \"avg_logprob\": -0.3364727795124054, \"compression_ratio\": 1.665413498878479, \"no_speech_prob\": 0.05024336650967598}, {\"id\": 86, \"seek\": 28600, \"start\": 305.0, \"end\": 308.0, \"text\": \" I think it's a really important part of the program because it really helps them...\", \"tokens\": [51314, 286, 519, 309, 311, 257, 534, 1021, 644, 295, 264, 1461, 570, 309, 534, 3665, 552, 485, 51464], \"temperature\": 0.20000000298023224, \"avg_logprob\": -0.3364727795124054, \"compression_ratio\": 1.665413498878479, \"no_speech_prob\": 0.05024336650967598}, {\"id\": 87, \"seek\": 30800, \"start\": 308.0, \"end\": 309.0, \"text\": \" Thanks, Mr. 1BET.\", \"tokens\": [50364, 2561, 11, 2221, 13, 502, 33, 4850, 13, 50414], \"temperature\": 0.0, \"avg_logprob\": -0.5607953667640686, \"compression_ratio\": 0.6800000071525574, \"no_speech_prob\": 0.8383654952049255}]}"}