{"title": "Red flag \ud83d\udea9- if she loves beer!", "video_id": "T4q0n2aaCuA", "video_url": "https://www.youtube.com/watch?v=T4q0n2aaCuA", "description": "", "published_at": "2023-06-02T16:31:22Z", "channel_id": "UC0O-ohYDF4P66HW9XJ4Us8w", "channel_title": "Robbie Kramer", "tags": [], "category_id": "24", "live_broadcast_content": "none", "duration": 23.0, "dimension": "2d", "definition": "hd", "caption": "false", "view_count": 2634, "like_count": 23, "comment_count": 6, "channel_info": {"title": "Robbie Kramer", "description": "I'm Robbie Kramer \ud83c\udf99Host of The Inner Confidence Podcast & Founder of Inner Confidence, Inc.\n\nI lived an exhilarating single life filled with adventures and lessons, and ultimately achieved what I had always aspired to \u2013 finding an amazing, feminine, and loving wife. \n\nI believe my experiences provide a rare balance of wild freedom and committed love, equipping me with the insights to help you navigate the complexities of dating and relationships in today's world. Let me guide you to embrace your desires, improve your social prowess, and ultimately attract the partner who aligns with your highest aspirations.\n\nYou won\u2019t find any fluffy, new-age, or cringy stuff here, just tested, proven and actionable advice that yields results.\n\nApply to join our exclusive Inner Confidence Community of ambitious men who are actively working together to achieve their goals faster   \u25ba https://innerconfidence.com/community\n\nYou can email me at robbie@innerconfidence.com with any questions or comments.\n", "subscriber_count": "1270", "total_views": "604693", "total_videos": "470"}, "comments": [], "file_path": "/Users/aelaguiz/workspace/fc_book/audio/raws/T4q0n2aaCuA.mp3", "transcription": "{\"text\": \"If she loves or drinks beer excessively... Disgusting. I mean, I don't drink alcohol for a... But beer and vodka are the most disgusting drinks you can possibly find in this world. And I'm not talking like craft beer, but excessively drinks Bud Light or Miller Lighter. She just loves beer. No. Really big red flag. Usually those girls are gonna have a lot of the other red flags on the list. \", \"segments\": [{\"id\": 0, \"seek\": 0, \"start\": 0.0, \"end\": 3.200000047683716, \"text\": \" If she loves or drinks beer excessively...\", \"tokens\": [50364, 759, 262, 675, 6752, 420, 12142, 8795, 9310, 3413, 485, 50524], \"temperature\": 0.0, \"avg_logprob\": -0.33230283856391907, \"compression_ratio\": 1.5934959650039673, \"no_speech_prob\": 0.01339156273752451}, {\"id\": 1, \"seek\": 0, \"start\": 3.200000047683716, \"end\": 4.0, \"text\": \" Disgusting.\", \"tokens\": [50524, 4208, 70, 11712, 13, 50564], \"temperature\": 0.0, \"avg_logprob\": -0.33230283856391907, \"compression_ratio\": 1.5934959650039673, \"no_speech_prob\": 0.01339156273752451}, {\"id\": 2, \"seek\": 0, \"start\": 4.0, \"end\": 6.0, \"text\": \" I mean, I don't drink alcohol for a...\", \"tokens\": [50564, 286, 914, 11, 286, 500, 380, 2822, 7658, 337, 257, 485, 50664], \"temperature\": 0.0, \"avg_logprob\": -0.33230283856391907, \"compression_ratio\": 1.5934959650039673, \"no_speech_prob\": 0.01339156273752451}, {\"id\": 3, \"seek\": 0, \"start\": 6.0, \"end\": 10.800000190734863, \"text\": \" But beer and vodka are the most disgusting drinks you can possibly find in this world.\", \"tokens\": [50664, 583, 8795, 293, 35710, 366, 264, 881, 17552, 12142, 291, 393, 6264, 915, 294, 341, 1002, 13, 50904], \"temperature\": 0.0, \"avg_logprob\": -0.33230283856391907, \"compression_ratio\": 1.5934959650039673, \"no_speech_prob\": 0.01339156273752451}, {\"id\": 4, \"seek\": 0, \"start\": 10.800000190734863, \"end\": 13.199999809265137, \"text\": \" And I'm not talking like craft beer,\", \"tokens\": [50904, 400, 286, 478, 406, 1417, 411, 8448, 8795, 11, 51024], \"temperature\": 0.0, \"avg_logprob\": -0.33230283856391907, \"compression_ratio\": 1.5934959650039673, \"no_speech_prob\": 0.01339156273752451}, {\"id\": 5, \"seek\": 0, \"start\": 13.199999809265137, \"end\": 16.100000381469727, \"text\": \" but excessively drinks Bud Light or Miller Lighter.\", \"tokens\": [51024, 457, 9310, 3413, 12142, 6384, 8279, 420, 16932, 441, 397, 260, 13, 51169], \"temperature\": 0.0, \"avg_logprob\": -0.33230283856391907, \"compression_ratio\": 1.5934959650039673, \"no_speech_prob\": 0.01339156273752451}, {\"id\": 6, \"seek\": 0, \"start\": 16.100000381469727, \"end\": 17.399999618530273, \"text\": \" She just loves beer.\", \"tokens\": [51169, 1240, 445, 6752, 8795, 13, 51234], \"temperature\": 0.0, \"avg_logprob\": -0.33230283856391907, \"compression_ratio\": 1.5934959650039673, \"no_speech_prob\": 0.01339156273752451}, {\"id\": 7, \"seek\": 0, \"start\": 17.399999618530273, \"end\": 17.899999618530273, \"text\": \" No.\", \"tokens\": [51234, 883, 13, 51259], \"temperature\": 0.0, \"avg_logprob\": -0.33230283856391907, \"compression_ratio\": 1.5934959650039673, \"no_speech_prob\": 0.01339156273752451}, {\"id\": 8, \"seek\": 0, \"start\": 17.899999618530273, \"end\": 18.899999618530273, \"text\": \" Really big red flag.\", \"tokens\": [51259, 4083, 955, 2182, 7166, 13, 51309], \"temperature\": 0.0, \"avg_logprob\": -0.33230283856391907, \"compression_ratio\": 1.5934959650039673, \"no_speech_prob\": 0.01339156273752451}, {\"id\": 9, \"seek\": 0, \"start\": 18.899999618530273, \"end\": 21.899999618530273, \"text\": \" Usually those girls are gonna have a lot of the other red flags on the list.\", \"tokens\": [51309, 11419, 729, 4519, 366, 799, 362, 257, 688, 295, 264, 661, 2182, 23265, 322, 264, 1329, 13, 51459], \"temperature\": 0.0, \"avg_logprob\": -0.33230283856391907, \"compression_ratio\": 1.5934959650039673, \"no_speech_prob\": 0.01339156273752451}]}"}