{"title": "Conquering Casual Encounters", "video_id": "Tn6GqbjpHK4", "video_url": "https://www.youtube.com/watch?v=Tn6GqbjpHK4", "description": "", "published_at": "2023-04-19T18:19:23Z", "channel_id": "UC0O-ohYDF4P66HW9XJ4Us8w", "channel_title": "Robbie Kramer", "tags": [], "category_id": "26", "live_broadcast_content": "none", "duration": 18.0, "dimension": "2d", "definition": "hd", "caption": "false", "view_count": 65, "like_count": 0, "comment_count": 0, "channel_info": {"title": "Robbie Kramer", "description": "I'm Robbie Kramer \ud83c\udf99Host of The Inner Confidence Podcast & Founder of Inner Confidence, Inc.\n\nI lived an exhilarating single life filled with adventures and lessons, and ultimately achieved what I had always aspired to \u2013 finding an amazing, feminine, and loving wife. \n\nI believe my experiences provide a rare balance of wild freedom and committed love, equipping me with the insights to help you navigate the complexities of dating and relationships in today's world. Let me guide you to embrace your desires, improve your social prowess, and ultimately attract the partner who aligns with your highest aspirations.\n\nYou won\u2019t find any fluffy, new-age, or cringy stuff here, just tested, proven and actionable advice that yields results.\n\nApply to join our exclusive Inner Confidence Community of ambitious men who are actively working together to achieve their goals faster   \u25ba https://innerconfidence.com/community\n\nYou can email me at robbie@innerconfidence.com with any questions or comments.\n", "subscriber_count": "1270", "total_views": "604693", "total_videos": "470"}, "comments": [], "file_path": "/Users/aelaguiz/workspace/fc_book/audio/raws/Tn6GqbjpHK4.mp3", "transcription": "{\"text\": \"In the first couple seconds, he's already decided if you're worth continuing to possibly explore that romantic connection with. Yeah, you could try to learn some, like, voodoo conversation skills, or you could just work on your first impression, because that matters a lot more. \", \"segments\": [{\"id\": 0, \"seek\": 0, \"start\": 0.0, \"end\": 7.119999885559082, \"text\": \" In the first couple seconds, he's already decided if you're worth continuing to possibly explore that romantic connection with.\", \"tokens\": [50364, 682, 264, 700, 1916, 3949, 11, 415, 311, 1217, 3047, 498, 291, 434, 3163, 9289, 281, 6264, 6839, 300, 13590, 4984, 365, 13, 50720], \"temperature\": 0.0, \"avg_logprob\": -0.33212852478027344, \"compression_ratio\": 1.478723406791687, \"no_speech_prob\": 0.015835408121347427}, {\"id\": 1, \"seek\": 0, \"start\": 7.119999885559082, \"end\": 10.359999656677246, \"text\": \" Yeah, you could try to learn some, like, voodoo conversation skills,\", \"tokens\": [50720, 865, 11, 291, 727, 853, 281, 1466, 512, 11, 411, 11, 1650, 378, 1986, 3761, 3942, 11, 50882], \"temperature\": 0.0, \"avg_logprob\": -0.33212852478027344, \"compression_ratio\": 1.478723406791687, \"no_speech_prob\": 0.015835408121347427}, {\"id\": 2, \"seek\": 0, \"start\": 10.359999656677246, \"end\": 13.0, \"text\": \" or you could just work on your first impression, because that matters a lot more.\", \"tokens\": [50882, 420, 291, 727, 445, 589, 322, 428, 700, 9995, 11, 570, 300, 7001, 257, 688, 544, 13, 51014], \"temperature\": 0.0, \"avg_logprob\": -0.33212852478027344, \"compression_ratio\": 1.478723406791687, \"no_speech_prob\": 0.015835408121347427}]}"}