{"title": "Dealing with Cockblocking Friends", "video_id": "TvkGu_merBU", "video_url": "https://www.youtube.com/watch?v=TvkGu_merBU", "description": "How to get rid of a guy who is salting your game.", "published_at": "2014-03-30T20:11:00Z", "channel_id": "UC0O-ohYDF4P66HW9XJ4Us8w", "channel_title": "Robbie Kramer", "tags": ["Bar game", "approaching girls at the bar", "picking", "the game", "seduction", "meeting girls", "finding a girlfriend", "dating tips", "flirting", "how to flirt", "how to date hot girls", "how to get the girl", "how to deal with annoying guys at the bar", "cockblocks", "annoying dudes", "drunk annoying guys at the bar", "meeting your wife", "Cockblock"], "category_id": "24", "live_broadcast_content": "none", "duration": 145.0, "dimension": "2d", "definition": "sd", "caption": "false", "view_count": 3126, "like_count": 28, "comment_count": 4, "channel_info": {"title": "Robbie Kramer", "description": "I'm Robbie Kramer \ud83c\udf99Host of The Inner Confidence Podcast & Founder of Inner Confidence, Inc.\n\nI lived an exhilarating single life filled with adventures and lessons, and ultimately achieved what I had always aspired to \u2013 finding an amazing, feminine, and loving wife. \n\nI believe my experiences provide a rare balance of wild freedom and committed love, equipping me with the insights to help you navigate the complexities of dating and relationships in today's world. Let me guide you to embrace your desires, improve your social prowess, and ultimately attract the partner who aligns with your highest aspirations.\n\nYou won\u2019t find any fluffy, new-age, or cringy stuff here, just tested, proven and actionable advice that yields results.\n\nApply to join our exclusive Inner Confidence Community of ambitious men who are actively working together to achieve their goals faster   \u25ba https://innerconfidence.com/community\n\nYou can email me at robbie@innerconfidence.com with any questions or comments.\n", "subscriber_count": "1270", "total_views": "604693", "total_videos": "470"}, "comments": [], "file_path": "/Users/aelaguiz/workspace/fc_book/audio/raws/TvkGu_merBU.mp3", "transcription": "{\"text\": \"Actually, what I come across, I'm talking to a girl, some friends or somebody I know will come up and start interjecting or stand there, so I've got to acknowledge them. How would you tell them to go, to kind of get away? I would just call them out in a funny way for being a cock block. So here, do it. We're hitting on each other, you be the annoying friend. So what did you do this weekend? Hey, Rahavi, how's it going? Hey man. What's up? This is Genevieve, Amish. Hi. How's it going? Yeah, so where have you been? I've just been hanging out, talking to her. Keep on going? Yeah, yeah, keep going. Alright. Where did you get last weekend? I don't remember. Hanging out. Okay, I get it. So you're just... No, keep going. You're the annoying guy who doesn't get it, but we'll let it go a little longer. Have you talked to Jesse lately? Jesse, Jesse. Is Jesse that guy that will come up when you're hitting on a girl and totally cock block you and ask where Jesse's been? Alright. That's a good one. That's it. Do it in a funny way. I mean, you could just be like, yo, cock block time's over. You can say that too. You just don't want to be serious about it. If you're too much of a dick about it... It's awkward. It could be awkward. It'd still be okay, most likely. Because if she's one-on-one with you, she's probably into you. I'd be like, yo, get the fuck out of here. Don't do that. If the guy did that, I would instantly... It's like if somebody's rude to a waiter or something, I instantly... That's like a red flag. Because I feel bad for the guy, and now I'm involved in something, and I feel like it's my fault. Yeah. You don't want to put them in an awkward spot if you don't have to. \", \"segments\": [{\"id\": 0, \"seek\": 0, \"start\": 0.0, \"end\": 8.279999732971191, \"text\": \" Actually, what I come across, I'm talking to a girl, some friends or somebody I know\", \"tokens\": [50364, 5135, 11, 437, 286, 808, 2108, 11, 286, 478, 1417, 281, 257, 2013, 11, 512, 1855, 420, 2618, 286, 458, 50778], \"temperature\": 0.0, \"avg_logprob\": -0.4011263847351074, \"compression_ratio\": 1.5226130485534668, \"no_speech_prob\": 0.4233754575252533}, {\"id\": 1, \"seek\": 0, \"start\": 8.279999732971191, \"end\": 14.399999618530273, \"text\": \" will come up and start interjecting or stand there, so I've got to acknowledge them.\", \"tokens\": [50778, 486, 808, 493, 293, 722, 46787, 278, 420, 1463, 456, 11, 370, 286, 600, 658, 281, 10692, 552, 13, 51084], \"temperature\": 0.0, \"avg_logprob\": -0.4011263847351074, \"compression_ratio\": 1.5226130485534668, \"no_speech_prob\": 0.4233754575252533}, {\"id\": 2, \"seek\": 0, \"start\": 14.399999618530273, \"end\": 22.84000015258789, \"text\": \" How would you tell them to go, to kind of get away?\", \"tokens\": [51084, 1012, 576, 291, 980, 552, 281, 352, 11, 281, 733, 295, 483, 1314, 30, 51506], \"temperature\": 0.0, \"avg_logprob\": -0.4011263847351074, \"compression_ratio\": 1.5226130485534668, \"no_speech_prob\": 0.4233754575252533}, {\"id\": 3, \"seek\": 0, \"start\": 22.84000015258789, \"end\": 26.600000381469727, \"text\": \" I would just call them out in a funny way for being a cock block.\", \"tokens\": [51506, 286, 576, 445, 818, 552, 484, 294, 257, 4074, 636, 337, 885, 257, 11241, 3461, 13, 51694], \"temperature\": 0.0, \"avg_logprob\": -0.4011263847351074, \"compression_ratio\": 1.5226130485534668, \"no_speech_prob\": 0.4233754575252533}, {\"id\": 4, \"seek\": 0, \"start\": 26.600000381469727, \"end\": 27.600000381469727, \"text\": \" So here, do it.\", \"tokens\": [51694, 407, 510, 11, 360, 309, 13, 51744], \"temperature\": 0.0, \"avg_logprob\": -0.4011263847351074, \"compression_ratio\": 1.5226130485534668, \"no_speech_prob\": 0.4233754575252533}, {\"id\": 5, \"seek\": 2760, \"start\": 28.600000381469727, \"end\": 30.600000381469727, \"text\": \" We're hitting on each other, you be the annoying friend.\", \"tokens\": [50414, 492, 434, 8850, 322, 1184, 661, 11, 291, 312, 264, 11304, 1277, 13, 50514], \"temperature\": 0.0, \"avg_logprob\": -0.30868950486183167, \"compression_ratio\": 1.5892857313156128, \"no_speech_prob\": 0.4371629059314728}, {\"id\": 6, \"seek\": 2760, \"start\": 33.599998474121094, \"end\": 34.599998474121094, \"text\": \" So what did you do this weekend?\", \"tokens\": [50664, 407, 437, 630, 291, 360, 341, 6711, 30, 50714], \"temperature\": 0.0, \"avg_logprob\": -0.30868950486183167, \"compression_ratio\": 1.5892857313156128, \"no_speech_prob\": 0.4371629059314728}, {\"id\": 7, \"seek\": 2760, \"start\": 34.599998474121094, \"end\": 36.599998474121094, \"text\": \" Hey, Rahavi, how's it going?\", \"tokens\": [50714, 1911, 11, 17844, 18442, 11, 577, 311, 309, 516, 30, 50814], \"temperature\": 0.0, \"avg_logprob\": -0.30868950486183167, \"compression_ratio\": 1.5892857313156128, \"no_speech_prob\": 0.4371629059314728}, {\"id\": 8, \"seek\": 2760, \"start\": 36.599998474121094, \"end\": 37.599998474121094, \"text\": \" Hey man.\", \"tokens\": [50814, 1911, 587, 13, 50864], \"temperature\": 0.0, \"avg_logprob\": -0.30868950486183167, \"compression_ratio\": 1.5892857313156128, \"no_speech_prob\": 0.4371629059314728}, {\"id\": 9, \"seek\": 2760, \"start\": 37.599998474121094, \"end\": 38.599998474121094, \"text\": \" What's up?\", \"tokens\": [50864, 708, 311, 493, 30, 50914], \"temperature\": 0.0, \"avg_logprob\": -0.30868950486183167, \"compression_ratio\": 1.5892857313156128, \"no_speech_prob\": 0.4371629059314728}, {\"id\": 10, \"seek\": 2760, \"start\": 38.599998474121094, \"end\": 39.599998474121094, \"text\": \" This is Genevieve, Amish.\", \"tokens\": [50914, 639, 307, 18083, 85, 11108, 11, 2012, 742, 13, 50964], \"temperature\": 0.0, \"avg_logprob\": -0.30868950486183167, \"compression_ratio\": 1.5892857313156128, \"no_speech_prob\": 0.4371629059314728}, {\"id\": 11, \"seek\": 2760, \"start\": 39.599998474121094, \"end\": 40.599998474121094, \"text\": \" Hi.\", \"tokens\": [50964, 2421, 13, 51014], \"temperature\": 0.0, \"avg_logprob\": -0.30868950486183167, \"compression_ratio\": 1.5892857313156128, \"no_speech_prob\": 0.4371629059314728}, {\"id\": 12, \"seek\": 2760, \"start\": 40.599998474121094, \"end\": 41.599998474121094, \"text\": \" How's it going?\", \"tokens\": [51014, 1012, 311, 309, 516, 30, 51064], \"temperature\": 0.0, \"avg_logprob\": -0.30868950486183167, \"compression_ratio\": 1.5892857313156128, \"no_speech_prob\": 0.4371629059314728}, {\"id\": 13, \"seek\": 2760, \"start\": 41.599998474121094, \"end\": 42.599998474121094, \"text\": \" Yeah, so where have you been?\", \"tokens\": [51064, 865, 11, 370, 689, 362, 291, 668, 30, 51114], \"temperature\": 0.0, \"avg_logprob\": -0.30868950486183167, \"compression_ratio\": 1.5892857313156128, \"no_speech_prob\": 0.4371629059314728}, {\"id\": 14, \"seek\": 2760, \"start\": 42.599998474121094, \"end\": 44.599998474121094, \"text\": \" I've just been hanging out, talking to her.\", \"tokens\": [51114, 286, 600, 445, 668, 8345, 484, 11, 1417, 281, 720, 13, 51214], \"temperature\": 0.0, \"avg_logprob\": -0.30868950486183167, \"compression_ratio\": 1.5892857313156128, \"no_speech_prob\": 0.4371629059314728}, {\"id\": 15, \"seek\": 2760, \"start\": 46.599998474121094, \"end\": 47.599998474121094, \"text\": \" Keep on going?\", \"tokens\": [51314, 5527, 322, 516, 30, 51364], \"temperature\": 0.0, \"avg_logprob\": -0.30868950486183167, \"compression_ratio\": 1.5892857313156128, \"no_speech_prob\": 0.4371629059314728}, {\"id\": 16, \"seek\": 2760, \"start\": 47.599998474121094, \"end\": 48.599998474121094, \"text\": \" Yeah, yeah, keep going.\", \"tokens\": [51364, 865, 11, 1338, 11, 1066, 516, 13, 51414], \"temperature\": 0.0, \"avg_logprob\": -0.30868950486183167, \"compression_ratio\": 1.5892857313156128, \"no_speech_prob\": 0.4371629059314728}, {\"id\": 17, \"seek\": 2760, \"start\": 48.599998474121094, \"end\": 49.599998474121094, \"text\": \" Alright.\", \"tokens\": [51414, 2798, 13, 51464], \"temperature\": 0.0, \"avg_logprob\": -0.30868950486183167, \"compression_ratio\": 1.5892857313156128, \"no_speech_prob\": 0.4371629059314728}, {\"id\": 18, \"seek\": 2760, \"start\": 49.599998474121094, \"end\": 51.599998474121094, \"text\": \" Where did you get last weekend?\", \"tokens\": [51464, 2305, 630, 291, 483, 1036, 6711, 30, 51564], \"temperature\": 0.0, \"avg_logprob\": -0.30868950486183167, \"compression_ratio\": 1.5892857313156128, \"no_speech_prob\": 0.4371629059314728}, {\"id\": 19, \"seek\": 2760, \"start\": 55.599998474121094, \"end\": 56.599998474121094, \"text\": \" I don't remember.\", \"tokens\": [51764, 286, 500, 380, 1604, 13, 51814], \"temperature\": 0.0, \"avg_logprob\": -0.30868950486183167, \"compression_ratio\": 1.5892857313156128, \"no_speech_prob\": 0.4371629059314728}, {\"id\": 20, \"seek\": 5760, \"start\": 57.599998474121094, \"end\": 58.599998474121094, \"text\": \" Hanging out.\", \"tokens\": [50364, 389, 9741, 484, 13, 50414], \"temperature\": 0.0, \"avg_logprob\": -0.2575070858001709, \"compression_ratio\": 1.5311005115509033, \"no_speech_prob\": 0.008971813134849072}, {\"id\": 21, \"seek\": 5760, \"start\": 61.599998474121094, \"end\": 62.599998474121094, \"text\": \" Okay, I get it.\", \"tokens\": [50564, 1033, 11, 286, 483, 309, 13, 50614], \"temperature\": 0.0, \"avg_logprob\": -0.2575070858001709, \"compression_ratio\": 1.5311005115509033, \"no_speech_prob\": 0.008971813134849072}, {\"id\": 22, \"seek\": 5760, \"start\": 62.599998474121094, \"end\": 63.599998474121094, \"text\": \" So you're just...\", \"tokens\": [50614, 407, 291, 434, 445, 485, 50664], \"temperature\": 0.0, \"avg_logprob\": -0.2575070858001709, \"compression_ratio\": 1.5311005115509033, \"no_speech_prob\": 0.008971813134849072}, {\"id\": 23, \"seek\": 5760, \"start\": 63.599998474121094, \"end\": 64.5999984741211, \"text\": \" No, keep going.\", \"tokens\": [50664, 883, 11, 1066, 516, 13, 50714], \"temperature\": 0.0, \"avg_logprob\": -0.2575070858001709, \"compression_ratio\": 1.5311005115509033, \"no_speech_prob\": 0.008971813134849072}, {\"id\": 24, \"seek\": 5760, \"start\": 64.5999984741211, \"end\": 67.5999984741211, \"text\": \" You're the annoying guy who doesn't get it, but we'll let it go a little longer.\", \"tokens\": [50714, 509, 434, 264, 11304, 2146, 567, 1177, 380, 483, 309, 11, 457, 321, 603, 718, 309, 352, 257, 707, 2854, 13, 50864], \"temperature\": 0.0, \"avg_logprob\": -0.2575070858001709, \"compression_ratio\": 1.5311005115509033, \"no_speech_prob\": 0.008971813134849072}, {\"id\": 25, \"seek\": 5760, \"start\": 67.5999984741211, \"end\": 69.5999984741211, \"text\": \" Have you talked to Jesse lately?\", \"tokens\": [50864, 3560, 291, 2825, 281, 21895, 12881, 30, 50964], \"temperature\": 0.0, \"avg_logprob\": -0.2575070858001709, \"compression_ratio\": 1.5311005115509033, \"no_speech_prob\": 0.008971813134849072}, {\"id\": 26, \"seek\": 5760, \"start\": 69.5999984741211, \"end\": 71.5999984741211, \"text\": \" Jesse, Jesse.\", \"tokens\": [50964, 21895, 11, 21895, 13, 51064], \"temperature\": 0.0, \"avg_logprob\": -0.2575070858001709, \"compression_ratio\": 1.5311005115509033, \"no_speech_prob\": 0.008971813134849072}, {\"id\": 27, \"seek\": 5760, \"start\": 71.5999984741211, \"end\": 75.5999984741211, \"text\": \" Is Jesse that guy that will come up when you're hitting on a girl and totally cock block you\", \"tokens\": [51064, 1119, 21895, 300, 2146, 300, 486, 808, 493, 562, 291, 434, 8850, 322, 257, 2013, 293, 3879, 11241, 3461, 291, 51264], \"temperature\": 0.0, \"avg_logprob\": -0.2575070858001709, \"compression_ratio\": 1.5311005115509033, \"no_speech_prob\": 0.008971813134849072}, {\"id\": 28, \"seek\": 5760, \"start\": 75.5999984741211, \"end\": 77.5999984741211, \"text\": \" and ask where Jesse's been?\", \"tokens\": [51264, 293, 1029, 689, 21895, 311, 668, 30, 51364], \"temperature\": 0.0, \"avg_logprob\": -0.2575070858001709, \"compression_ratio\": 1.5311005115509033, \"no_speech_prob\": 0.008971813134849072}, {\"id\": 29, \"seek\": 5760, \"start\": 83.5999984741211, \"end\": 84.5999984741211, \"text\": \" Alright.\", \"tokens\": [51664, 2798, 13, 51714], \"temperature\": 0.0, \"avg_logprob\": -0.2575070858001709, \"compression_ratio\": 1.5311005115509033, \"no_speech_prob\": 0.008971813134849072}, {\"id\": 30, \"seek\": 8460, \"start\": 85.5999984741211, \"end\": 87.5999984741211, \"text\": \" That's a good one.\", \"tokens\": [50414, 663, 311, 257, 665, 472, 13, 50514], \"temperature\": 0.0, \"avg_logprob\": -0.1900952309370041, \"compression_ratio\": 1.5059523582458496, \"no_speech_prob\": 0.015895459800958633}, {\"id\": 31, \"seek\": 8460, \"start\": 90.5999984741211, \"end\": 91.5999984741211, \"text\": \" That's it.\", \"tokens\": [50664, 663, 311, 309, 13, 50714], \"temperature\": 0.0, \"avg_logprob\": -0.1900952309370041, \"compression_ratio\": 1.5059523582458496, \"no_speech_prob\": 0.015895459800958633}, {\"id\": 32, \"seek\": 8460, \"start\": 91.5999984741211, \"end\": 93.5999984741211, \"text\": \" Do it in a funny way.\", \"tokens\": [50714, 1144, 309, 294, 257, 4074, 636, 13, 50814], \"temperature\": 0.0, \"avg_logprob\": -0.1900952309370041, \"compression_ratio\": 1.5059523582458496, \"no_speech_prob\": 0.015895459800958633}, {\"id\": 33, \"seek\": 8460, \"start\": 96.5999984741211, \"end\": 101.5999984741211, \"text\": \" I mean, you could just be like, yo, cock block time's over.\", \"tokens\": [50964, 286, 914, 11, 291, 727, 445, 312, 411, 11, 5290, 11, 11241, 3461, 565, 311, 670, 13, 51214], \"temperature\": 0.0, \"avg_logprob\": -0.1900952309370041, \"compression_ratio\": 1.5059523582458496, \"no_speech_prob\": 0.015895459800958633}, {\"id\": 34, \"seek\": 8460, \"start\": 103.5999984741211, \"end\": 105.5999984741211, \"text\": \" You can say that too.\", \"tokens\": [51314, 509, 393, 584, 300, 886, 13, 51414], \"temperature\": 0.0, \"avg_logprob\": -0.1900952309370041, \"compression_ratio\": 1.5059523582458496, \"no_speech_prob\": 0.015895459800958633}, {\"id\": 35, \"seek\": 8460, \"start\": 105.5999984741211, \"end\": 107.5999984741211, \"text\": \" You just don't want to be serious about it.\", \"tokens\": [51414, 509, 445, 500, 380, 528, 281, 312, 3156, 466, 309, 13, 51514], \"temperature\": 0.0, \"avg_logprob\": -0.1900952309370041, \"compression_ratio\": 1.5059523582458496, \"no_speech_prob\": 0.015895459800958633}, {\"id\": 36, \"seek\": 8460, \"start\": 107.5999984741211, \"end\": 109.5999984741211, \"text\": \" If you're too much of a dick about it...\", \"tokens\": [51514, 759, 291, 434, 886, 709, 295, 257, 18659, 466, 309, 485, 51614], \"temperature\": 0.0, \"avg_logprob\": -0.1900952309370041, \"compression_ratio\": 1.5059523582458496, \"no_speech_prob\": 0.015895459800958633}, {\"id\": 37, \"seek\": 8460, \"start\": 109.5999984741211, \"end\": 110.5999984741211, \"text\": \" It's awkward.\", \"tokens\": [51614, 467, 311, 11411, 13, 51664], \"temperature\": 0.0, \"avg_logprob\": -0.1900952309370041, \"compression_ratio\": 1.5059523582458496, \"no_speech_prob\": 0.015895459800958633}, {\"id\": 38, \"seek\": 8460, \"start\": 110.5999984741211, \"end\": 112.5999984741211, \"text\": \" It could be awkward.\", \"tokens\": [51664, 467, 727, 312, 11411, 13, 51764], \"temperature\": 0.0, \"avg_logprob\": -0.1900952309370041, \"compression_ratio\": 1.5059523582458496, \"no_speech_prob\": 0.015895459800958633}, {\"id\": 39, \"seek\": 11260, \"start\": 112.5999984741211, \"end\": 114.5999984741211, \"text\": \" It'd still be okay, most likely.\", \"tokens\": [50364, 467, 1116, 920, 312, 1392, 11, 881, 3700, 13, 50464], \"temperature\": 0.0, \"avg_logprob\": -0.21315638720989227, \"compression_ratio\": 1.658227801322937, \"no_speech_prob\": 0.0038837911561131477}, {\"id\": 40, \"seek\": 11260, \"start\": 114.5999984741211, \"end\": 117.5999984741211, \"text\": \" Because if she's one-on-one with you, she's probably into you.\", \"tokens\": [50464, 1436, 498, 750, 311, 472, 12, 266, 12, 546, 365, 291, 11, 750, 311, 1391, 666, 291, 13, 50614], \"temperature\": 0.0, \"avg_logprob\": -0.21315638720989227, \"compression_ratio\": 1.658227801322937, \"no_speech_prob\": 0.0038837911561131477}, {\"id\": 41, \"seek\": 11260, \"start\": 117.5999984741211, \"end\": 121.5999984741211, \"text\": \" I'd be like, yo, get the fuck out of here.\", \"tokens\": [50614, 286, 1116, 312, 411, 11, 5290, 11, 483, 264, 3275, 484, 295, 510, 13, 50814], \"temperature\": 0.0, \"avg_logprob\": -0.21315638720989227, \"compression_ratio\": 1.658227801322937, \"no_speech_prob\": 0.0038837911561131477}, {\"id\": 42, \"seek\": 11260, \"start\": 122.5999984741211, \"end\": 124.5999984741211, \"text\": \" Don't do that.\", \"tokens\": [50864, 1468, 380, 360, 300, 13, 50964], \"temperature\": 0.0, \"avg_logprob\": -0.21315638720989227, \"compression_ratio\": 1.658227801322937, \"no_speech_prob\": 0.0038837911561131477}, {\"id\": 43, \"seek\": 11260, \"start\": 124.5999984741211, \"end\": 127.5999984741211, \"text\": \" If the guy did that, I would instantly...\", \"tokens\": [50964, 759, 264, 2146, 630, 300, 11, 286, 576, 13518, 485, 51114], \"temperature\": 0.0, \"avg_logprob\": -0.21315638720989227, \"compression_ratio\": 1.658227801322937, \"no_speech_prob\": 0.0038837911561131477}, {\"id\": 44, \"seek\": 11260, \"start\": 127.5999984741211, \"end\": 131.60000610351562, \"text\": \" It's like if somebody's rude to a waiter or something, I instantly...\", \"tokens\": [51114, 467, 311, 411, 498, 2618, 311, 18895, 281, 257, 45389, 420, 746, 11, 286, 13518, 485, 51314], \"temperature\": 0.0, \"avg_logprob\": -0.21315638720989227, \"compression_ratio\": 1.658227801322937, \"no_speech_prob\": 0.0038837911561131477}, {\"id\": 45, \"seek\": 11260, \"start\": 131.60000610351562, \"end\": 133.60000610351562, \"text\": \" That's like a red flag.\", \"tokens\": [51314, 663, 311, 411, 257, 2182, 7166, 13, 51414], \"temperature\": 0.0, \"avg_logprob\": -0.21315638720989227, \"compression_ratio\": 1.658227801322937, \"no_speech_prob\": 0.0038837911561131477}, {\"id\": 46, \"seek\": 11260, \"start\": 133.60000610351562, \"end\": 137.60000610351562, \"text\": \" Because I feel bad for the guy, and now I'm involved in something,\", \"tokens\": [51414, 1436, 286, 841, 1578, 337, 264, 2146, 11, 293, 586, 286, 478, 3288, 294, 746, 11, 51614], \"temperature\": 0.0, \"avg_logprob\": -0.21315638720989227, \"compression_ratio\": 1.658227801322937, \"no_speech_prob\": 0.0038837911561131477}, {\"id\": 47, \"seek\": 11260, \"start\": 137.60000610351562, \"end\": 139.60000610351562, \"text\": \" and I feel like it's my fault.\", \"tokens\": [51614, 293, 286, 841, 411, 309, 311, 452, 7441, 13, 51714], \"temperature\": 0.0, \"avg_logprob\": -0.21315638720989227, \"compression_ratio\": 1.658227801322937, \"no_speech_prob\": 0.0038837911561131477}, {\"id\": 48, \"seek\": 11260, \"start\": 139.60000610351562, \"end\": 140.60000610351562, \"text\": \" Yeah.\", \"tokens\": [51714, 865, 13, 51764], \"temperature\": 0.0, \"avg_logprob\": -0.21315638720989227, \"compression_ratio\": 1.658227801322937, \"no_speech_prob\": 0.0038837911561131477}, {\"id\": 49, \"seek\": 14060, \"start\": 140.60000610351562, \"end\": 143.60000610351562, \"text\": \" You don't want to put them in an awkward spot if you don't have to.\", \"tokens\": [50364, 509, 500, 380, 528, 281, 829, 552, 294, 364, 11411, 4008, 498, 291, 500, 380, 362, 281, 13, 50514], \"temperature\": 0.0, \"avg_logprob\": -0.1463373750448227, \"compression_ratio\": 1.046875, \"no_speech_prob\": 0.05573705956339836}]}"}