{"title": "Is corn worth the money or is too toxic for your long term mental health? #podcast ep250", "video_id": "u9_hLmuAzLg", "video_url": "https://www.youtube.com/watch?v=u9_hLmuAzLg", "description": "", "published_at": "2023-10-02T18:22:02Z", "channel_id": "UC0O-ohYDF4P66HW9XJ4Us8w", "channel_title": "Robbie Kramer", "tags": [], "category_id": "24", "live_broadcast_content": "none", "duration": 54.0, "dimension": "2d", "definition": "hd", "caption": "false", "view_count": 380, "like_count": 13, "comment_count": 1, "channel_info": {"title": "Robbie Kramer", "description": "I'm Robbie Kramer \ud83c\udf99Host of The Inner Confidence Podcast & Founder of Inner Confidence, Inc.\n\nI lived an exhilarating single life filled with adventures and lessons, and ultimately achieved what I had always aspired to \u2013 finding an amazing, feminine, and loving wife. \n\nI believe my experiences provide a rare balance of wild freedom and committed love, equipping me with the insights to help you navigate the complexities of dating and relationships in today's world. Let me guide you to embrace your desires, improve your social prowess, and ultimately attract the partner who aligns with your highest aspirations.\n\nYou won\u2019t find any fluffy, new-age, or cringy stuff here, just tested, proven and actionable advice that yields results.\n\nApply to join our exclusive Inner Confidence Community of ambitious men who are actively working together to achieve their goals faster   \u25ba https://innerconfidence.com/community\n\nYou can email me at robbie@innerconfidence.com with any questions or comments.\n", "subscriber_count": "1270", "total_views": "604693", "total_videos": "470"}, "comments": [], "file_path": "/Users/aelaguiz/workspace/fc_book/audio/raws/u9_hLmuAzLg.mp3", "transcription": "{\"text\": \"Look at people even doing porn. They're crying their eyes out right now. I know some retired porn stars right now, very, very young, who are millionaires. There's a girl, now that she's out of it, because in the time, she was young, making money, she was horny, whatever. Now that she's a tad bit older, she feels so degraded. At the time, she probably thought, oh, look how sexually liberated I am. Look how cool this is. I don't conform to those rules. I have these followers. Exactly. People are looking at you in a certain light. You don't walk into a room with respect. You know what I'm saying? Just because you have that much money, people aren't respecting you. It might be like, oh, come here, baby. You're getting hollered at all the time because people are looking at you having sex on the internet every day. You see what I'm saying? It's so sad that this generation has been exposed to so much, and currency comes with it. That's the problem. That currency comes with so much exposure of doing, I don't want to say nothing, but not a skillset. By effectively selling entertainment. Yourself. \", \"segments\": [{\"id\": 0, \"seek\": 0, \"start\": 0.0, \"end\": 1.3600000143051147, \"text\": \" Look at people even doing porn.\", \"tokens\": [50364, 2053, 412, 561, 754, 884, 19444, 13, 50432], \"temperature\": 0.0, \"avg_logprob\": -0.23594054579734802, \"compression_ratio\": 1.774436116218567, \"no_speech_prob\": 0.03459813818335533}, {\"id\": 1, \"seek\": 0, \"start\": 1.3600000143051147, \"end\": 2.559999942779541, \"text\": \" They're crying their eyes out right now.\", \"tokens\": [50432, 814, 434, 8554, 641, 2575, 484, 558, 586, 13, 50492], \"temperature\": 0.0, \"avg_logprob\": -0.23594054579734802, \"compression_ratio\": 1.774436116218567, \"no_speech_prob\": 0.03459813818335533}, {\"id\": 2, \"seek\": 0, \"start\": 2.559999942779541, \"end\": 4.480000019073486, \"text\": \" I know some retired porn stars right now,\", \"tokens\": [50492, 286, 458, 512, 16776, 19444, 6105, 558, 586, 11, 50588], \"temperature\": 0.0, \"avg_logprob\": -0.23594054579734802, \"compression_ratio\": 1.774436116218567, \"no_speech_prob\": 0.03459813818335533}, {\"id\": 3, \"seek\": 0, \"start\": 4.480000019073486, \"end\": 6.199999809265137, \"text\": \" very, very young, who are millionaires.\", \"tokens\": [50588, 588, 11, 588, 2037, 11, 567, 366, 2459, 10840, 13, 50674], \"temperature\": 0.0, \"avg_logprob\": -0.23594054579734802, \"compression_ratio\": 1.774436116218567, \"no_speech_prob\": 0.03459813818335533}, {\"id\": 4, \"seek\": 0, \"start\": 6.199999809265137, \"end\": 8.119999885559082, \"text\": \" There's a girl, now that she's out of it,\", \"tokens\": [50674, 821, 311, 257, 2013, 11, 586, 300, 750, 311, 484, 295, 309, 11, 50770], \"temperature\": 0.0, \"avg_logprob\": -0.23594054579734802, \"compression_ratio\": 1.774436116218567, \"no_speech_prob\": 0.03459813818335533}, {\"id\": 5, \"seek\": 0, \"start\": 8.119999885559082, \"end\": 9.5600004196167, \"text\": \" because in the time, she was young,\", \"tokens\": [50770, 570, 294, 264, 565, 11, 750, 390, 2037, 11, 50842], \"temperature\": 0.0, \"avg_logprob\": -0.23594054579734802, \"compression_ratio\": 1.774436116218567, \"no_speech_prob\": 0.03459813818335533}, {\"id\": 6, \"seek\": 0, \"start\": 9.5600004196167, \"end\": 11.15999984741211, \"text\": \" making money, she was horny, whatever.\", \"tokens\": [50842, 1455, 1460, 11, 750, 390, 2569, 1634, 11, 2035, 13, 50922], \"temperature\": 0.0, \"avg_logprob\": -0.23594054579734802, \"compression_ratio\": 1.774436116218567, \"no_speech_prob\": 0.03459813818335533}, {\"id\": 7, \"seek\": 0, \"start\": 11.15999984741211, \"end\": 14.199999809265137, \"text\": \" Now that she's a tad bit older, she feels so degraded.\", \"tokens\": [50922, 823, 300, 750, 311, 257, 29622, 857, 4906, 11, 750, 3417, 370, 24740, 292, 13, 51074], \"temperature\": 0.0, \"avg_logprob\": -0.23594054579734802, \"compression_ratio\": 1.774436116218567, \"no_speech_prob\": 0.03459813818335533}, {\"id\": 8, \"seek\": 0, \"start\": 14.199999809265137, \"end\": 15.119999885559082, \"text\": \" At the time, she probably thought,\", \"tokens\": [51074, 1711, 264, 565, 11, 750, 1391, 1194, 11, 51120], \"temperature\": 0.0, \"avg_logprob\": -0.23594054579734802, \"compression_ratio\": 1.774436116218567, \"no_speech_prob\": 0.03459813818335533}, {\"id\": 9, \"seek\": 0, \"start\": 15.119999885559082, \"end\": 16.639999389648438, \"text\": \" oh, look how sexually liberated I am.\", \"tokens\": [51120, 1954, 11, 574, 577, 26791, 43304, 286, 669, 13, 51196], \"temperature\": 0.0, \"avg_logprob\": -0.23594054579734802, \"compression_ratio\": 1.774436116218567, \"no_speech_prob\": 0.03459813818335533}, {\"id\": 10, \"seek\": 0, \"start\": 16.639999389648438, \"end\": 17.760000228881836, \"text\": \" Look how cool this is.\", \"tokens\": [51196, 2053, 577, 1627, 341, 307, 13, 51252], \"temperature\": 0.0, \"avg_logprob\": -0.23594054579734802, \"compression_ratio\": 1.774436116218567, \"no_speech_prob\": 0.03459813818335533}, {\"id\": 11, \"seek\": 0, \"start\": 17.760000228881836, \"end\": 20.079999923706055, \"text\": \" I don't conform to those rules.\", \"tokens\": [51252, 286, 500, 380, 18975, 281, 729, 4474, 13, 51368], \"temperature\": 0.0, \"avg_logprob\": -0.23594054579734802, \"compression_ratio\": 1.774436116218567, \"no_speech_prob\": 0.03459813818335533}, {\"id\": 12, \"seek\": 0, \"start\": 20.079999923706055, \"end\": 21.399999618530273, \"text\": \" I have these followers.\", \"tokens\": [51368, 286, 362, 613, 13071, 13, 51434], \"temperature\": 0.0, \"avg_logprob\": -0.23594054579734802, \"compression_ratio\": 1.774436116218567, \"no_speech_prob\": 0.03459813818335533}, {\"id\": 13, \"seek\": 0, \"start\": 21.399999618530273, \"end\": 22.239999771118164, \"text\": \" Exactly.\", \"tokens\": [51434, 7587, 13, 51476], \"temperature\": 0.0, \"avg_logprob\": -0.23594054579734802, \"compression_ratio\": 1.774436116218567, \"no_speech_prob\": 0.03459813818335533}, {\"id\": 14, \"seek\": 0, \"start\": 22.239999771118164, \"end\": 23.31999969482422, \"text\": \" People are looking at you in a certain light.\", \"tokens\": [51476, 3432, 366, 1237, 412, 291, 294, 257, 1629, 1442, 13, 51530], \"temperature\": 0.0, \"avg_logprob\": -0.23594054579734802, \"compression_ratio\": 1.774436116218567, \"no_speech_prob\": 0.03459813818335533}, {\"id\": 15, \"seek\": 0, \"start\": 23.31999969482422, \"end\": 25.34000015258789, \"text\": \" You don't walk into a room with respect.\", \"tokens\": [51530, 509, 500, 380, 1792, 666, 257, 1808, 365, 3104, 13, 51631], \"temperature\": 0.0, \"avg_logprob\": -0.23594054579734802, \"compression_ratio\": 1.774436116218567, \"no_speech_prob\": 0.03459813818335533}, {\"id\": 16, \"seek\": 0, \"start\": 25.34000015258789, \"end\": 26.18000030517578, \"text\": \" You know what I'm saying?\", \"tokens\": [51631, 509, 458, 437, 286, 478, 1566, 30, 51673], \"temperature\": 0.0, \"avg_logprob\": -0.23594054579734802, \"compression_ratio\": 1.774436116218567, \"no_speech_prob\": 0.03459813818335533}, {\"id\": 17, \"seek\": 0, \"start\": 26.18000030517578, \"end\": 27.0, \"text\": \" Just because you have that much money,\", \"tokens\": [51673, 1449, 570, 291, 362, 300, 709, 1460, 11, 51714], \"temperature\": 0.0, \"avg_logprob\": -0.23594054579734802, \"compression_ratio\": 1.774436116218567, \"no_speech_prob\": 0.03459813818335533}, {\"id\": 18, \"seek\": 0, \"start\": 27.0, \"end\": 28.200000762939453, \"text\": \" people aren't respecting you.\", \"tokens\": [51714, 561, 3212, 380, 41968, 291, 13, 51774], \"temperature\": 0.0, \"avg_logprob\": -0.23594054579734802, \"compression_ratio\": 1.774436116218567, \"no_speech_prob\": 0.03459813818335533}, {\"id\": 19, \"seek\": 0, \"start\": 28.200000762939453, \"end\": 29.760000228881836, \"text\": \" It might be like, oh, come here, baby.\", \"tokens\": [51774, 467, 1062, 312, 411, 11, 1954, 11, 808, 510, 11, 3186, 13, 51852], \"temperature\": 0.0, \"avg_logprob\": -0.23594054579734802, \"compression_ratio\": 1.774436116218567, \"no_speech_prob\": 0.03459813818335533}, {\"id\": 20, \"seek\": 2976, \"start\": 30.520000457763672, \"end\": 31.360000610351562, \"text\": \" You're getting hollered at all the time\", \"tokens\": [50402, 509, 434, 1242, 1106, 285, 4073, 412, 439, 264, 565, 50444], \"temperature\": 0.0, \"avg_logprob\": -0.2973197102546692, \"compression_ratio\": 1.5991902351379395, \"no_speech_prob\": 3.7052366678835824e-05}, {\"id\": 21, \"seek\": 2976, \"start\": 31.360000610351562, \"end\": 32.47999954223633, \"text\": \" because people are looking at you\", \"tokens\": [50444, 570, 561, 366, 1237, 412, 291, 50500], \"temperature\": 0.0, \"avg_logprob\": -0.2973197102546692, \"compression_ratio\": 1.5991902351379395, \"no_speech_prob\": 3.7052366678835824e-05}, {\"id\": 22, \"seek\": 2976, \"start\": 32.47999954223633, \"end\": 34.279998779296875, \"text\": \" having sex on the internet every day.\", \"tokens\": [50500, 1419, 3260, 322, 264, 4705, 633, 786, 13, 50590], \"temperature\": 0.0, \"avg_logprob\": -0.2973197102546692, \"compression_ratio\": 1.5991902351379395, \"no_speech_prob\": 3.7052366678835824e-05}, {\"id\": 23, \"seek\": 2976, \"start\": 34.279998779296875, \"end\": 35.119998931884766, \"text\": \" You see what I'm saying?\", \"tokens\": [50590, 509, 536, 437, 286, 478, 1566, 30, 50632], \"temperature\": 0.0, \"avg_logprob\": -0.2973197102546692, \"compression_ratio\": 1.5991902351379395, \"no_speech_prob\": 3.7052366678835824e-05}, {\"id\": 24, \"seek\": 2976, \"start\": 35.119998931884766, \"end\": 39.040000915527344, \"text\": \" It's so sad that this generation has been exposed\", \"tokens\": [50632, 467, 311, 370, 4227, 300, 341, 5125, 575, 668, 9495, 50828], \"temperature\": 0.0, \"avg_logprob\": -0.2973197102546692, \"compression_ratio\": 1.5991902351379395, \"no_speech_prob\": 3.7052366678835824e-05}, {\"id\": 25, \"seek\": 2976, \"start\": 39.040000915527344, \"end\": 41.959999084472656, \"text\": \" to so much, and currency comes with it.\", \"tokens\": [50828, 281, 370, 709, 11, 293, 13346, 1487, 365, 309, 13, 50974], \"temperature\": 0.0, \"avg_logprob\": -0.2973197102546692, \"compression_ratio\": 1.5991902351379395, \"no_speech_prob\": 3.7052366678835824e-05}, {\"id\": 26, \"seek\": 2976, \"start\": 41.959999084472656, \"end\": 42.959999084472656, \"text\": \" That's the problem.\", \"tokens\": [50974, 663, 311, 264, 1154, 13, 51024], \"temperature\": 0.0, \"avg_logprob\": -0.2973197102546692, \"compression_ratio\": 1.5991902351379395, \"no_speech_prob\": 3.7052366678835824e-05}, {\"id\": 27, \"seek\": 2976, \"start\": 42.959999084472656, \"end\": 46.439998626708984, \"text\": \" That currency comes with so much exposure\", \"tokens\": [51024, 663, 13346, 1487, 365, 370, 709, 10420, 51198], \"temperature\": 0.0, \"avg_logprob\": -0.2973197102546692, \"compression_ratio\": 1.5991902351379395, \"no_speech_prob\": 3.7052366678835824e-05}, {\"id\": 28, \"seek\": 2976, \"start\": 46.439998626708984, \"end\": 48.15999984741211, \"text\": \" of doing, I don't want to say nothing,\", \"tokens\": [51198, 295, 884, 11, 286, 500, 380, 528, 281, 584, 1825, 11, 51284], \"temperature\": 0.0, \"avg_logprob\": -0.2973197102546692, \"compression_ratio\": 1.5991902351379395, \"no_speech_prob\": 3.7052366678835824e-05}, {\"id\": 29, \"seek\": 2976, \"start\": 48.15999984741211, \"end\": 49.52000045776367, \"text\": \" but not a skillset.\", \"tokens\": [51284, 457, 406, 257, 3942, 302, 13, 51352], \"temperature\": 0.0, \"avg_logprob\": -0.2973197102546692, \"compression_ratio\": 1.5991902351379395, \"no_speech_prob\": 3.7052366678835824e-05}, {\"id\": 30, \"seek\": 2976, \"start\": 49.52000045776367, \"end\": 52.15999984741211, \"text\": \" By effectively selling entertainment.\", \"tokens\": [51352, 3146, 8659, 6511, 12393, 13, 51484], \"temperature\": 0.0, \"avg_logprob\": -0.2973197102546692, \"compression_ratio\": 1.5991902351379395, \"no_speech_prob\": 3.7052366678835824e-05}, {\"id\": 31, \"seek\": 2976, \"start\": 52.15999984741211, \"end\": 53.0, \"text\": \" Yourself.\", \"tokens\": [51484, 2260, 927, 13, 51526], \"temperature\": 0.0, \"avg_logprob\": -0.2973197102546692, \"compression_ratio\": 1.5991902351379395, \"no_speech_prob\": 3.7052366678835824e-05}]}"}