{"title": "The Dark Side of Fraternity Hazing Revealed in Promoter Job Process", "video_id": "uFopiISXHo0", "video_url": "https://www.youtube.com/watch?v=uFopiISXHo0", "description": "", "published_at": "2023-12-21T17:39:46Z", "channel_id": "UC0O-ohYDF4P66HW9XJ4Us8w", "channel_title": "Robbie Kramer", "tags": [], "category_id": "24", "live_broadcast_content": "none", "duration": 25.0, "dimension": "2d", "definition": "hd", "caption": "false", "view_count": 2233, "like_count": 4, "comment_count": 1, "channel_info": {"title": "Robbie Kramer", "description": "I'm Robbie Kramer \ud83c\udf99Host of The Inner Confidence Podcast & Founder of Inner Confidence, Inc.\n\nI lived an exhilarating single life filled with adventures and lessons, and ultimately achieved what I had always aspired to \u2013 finding an amazing, feminine, and loving wife. \n\nI believe my experiences provide a rare balance of wild freedom and committed love, equipping me with the insights to help you navigate the complexities of dating and relationships in today's world. Let me guide you to embrace your desires, improve your social prowess, and ultimately attract the partner who aligns with your highest aspirations.\n\nYou won\u2019t find any fluffy, new-age, or cringy stuff here, just tested, proven and actionable advice that yields results.\n\nApply to join our exclusive Inner Confidence Community of ambitious men who are actively working together to achieve their goals faster   \u25ba https://innerconfidence.com/community\n\nYou can email me at robbie@innerconfidence.com with any questions or comments.\n", "subscriber_count": "1270", "total_views": "604693", "total_videos": "470"}, "comments": [], "file_path": "/Users/aelaguiz/workspace/fc_book/audio/raws/uFopiISXHo0.mp3", "transcription": "{\"text\": \"Making you wait for an hour and a half sounds like something people would do out of a frat. Yeah, it was kind of hazing in a certain way. Yeah, exactly. Like hazing. Yeah, I was just telling them about how like the process of getting the promoter job. And there were all these like little weird hurdles that they put up in front of you that you were supposed to, I guess, either like, I've already known about in advance from our friend, or just like, I guess, put up with, basically. \", \"segments\": [{\"id\": 0, \"seek\": 0, \"start\": 0.0, \"end\": 4.559999942779541, \"text\": \" Making you wait for an hour and a half sounds like something people would do out of a frat.\", \"tokens\": [50364, 14595, 291, 1699, 337, 364, 1773, 293, 257, 1922, 3263, 411, 746, 561, 576, 360, 484, 295, 257, 431, 267, 13, 50592], \"temperature\": 0.0, \"avg_logprob\": -0.2902195155620575, \"compression_ratio\": 1.7137681245803833, \"no_speech_prob\": 0.0008163817692548037}, {\"id\": 1, \"seek\": 0, \"start\": 5.679999828338623, \"end\": 9.279999732971191, \"text\": \" Yeah, it was kind of hazing in a certain way. Yeah, exactly. Like hazing.\", \"tokens\": [50648, 865, 11, 309, 390, 733, 295, 324, 8781, 294, 257, 1629, 636, 13, 865, 11, 2293, 13, 1743, 324, 8781, 13, 50828], \"temperature\": 0.0, \"avg_logprob\": -0.2902195155620575, \"compression_ratio\": 1.7137681245803833, \"no_speech_prob\": 0.0008163817692548037}, {\"id\": 2, \"seek\": 0, \"start\": 10.239999771118164, \"end\": 14.0, \"text\": \" Yeah, I was just telling them about how like the process of getting the promoter job.\", \"tokens\": [50876, 865, 11, 286, 390, 445, 3585, 552, 466, 577, 411, 264, 1399, 295, 1242, 264, 6609, 260, 1691, 13, 51064], \"temperature\": 0.0, \"avg_logprob\": -0.2902195155620575, \"compression_ratio\": 1.7137681245803833, \"no_speech_prob\": 0.0008163817692548037}, {\"id\": 3, \"seek\": 0, \"start\": 14.0, \"end\": 16.799999237060547, \"text\": \" And there were all these like little weird hurdles that they put up in front of you\", \"tokens\": [51064, 400, 456, 645, 439, 613, 411, 707, 3657, 48387, 300, 436, 829, 493, 294, 1868, 295, 291, 51204], \"temperature\": 0.0, \"avg_logprob\": -0.2902195155620575, \"compression_ratio\": 1.7137681245803833, \"no_speech_prob\": 0.0008163817692548037}, {\"id\": 4, \"seek\": 0, \"start\": 17.520000457763672, \"end\": 19.200000762939453, \"text\": \" that you were supposed to, I guess, either like,\", \"tokens\": [51240, 300, 291, 645, 3442, 281, 11, 286, 2041, 11, 2139, 411, 11, 51324], \"temperature\": 0.0, \"avg_logprob\": -0.2902195155620575, \"compression_ratio\": 1.7137681245803833, \"no_speech_prob\": 0.0008163817692548037}, {\"id\": 5, \"seek\": 0, \"start\": 19.200000762939453, \"end\": 22.719999313354492, \"text\": \" I've already known about in advance from our friend, or just like, I guess, put up with,\", \"tokens\": [51324, 286, 600, 1217, 2570, 466, 294, 7295, 490, 527, 1277, 11, 420, 445, 411, 11, 286, 2041, 11, 829, 493, 365, 11, 51500], \"temperature\": 0.0, \"avg_logprob\": -0.2902195155620575, \"compression_ratio\": 1.7137681245803833, \"no_speech_prob\": 0.0008163817692548037}, {\"id\": 6, \"seek\": 2272, \"start\": 22.719999313354492, \"end\": 23.84000015258789, \"text\": \" basically.\", \"tokens\": [50364, 1936, 13, 50420], \"temperature\": 0.0, \"avg_logprob\": -0.5760797262191772, \"compression_ratio\": 0.5555555820465088, \"no_speech_prob\": 0.5342856049537659}]}"}