{"title": "How much women really care about your bank account (episode 228 trailer)", "video_id": "ujgIWqlFboM", "video_url": "https://www.youtube.com/watch?v=ujgIWqlFboM", "description": "", "published_at": "2023-05-06T14:48:52Z", "channel_id": "UC0O-ohYDF4P66HW9XJ4Us8w", "channel_title": "Robbie Kramer", "tags": [], "category_id": "26", "live_broadcast_content": "none", "duration": 19.0, "dimension": "2d", "definition": "hd", "caption": "false", "view_count": 1243, "like_count": 14, "comment_count": 1, "channel_info": {"title": "Robbie Kramer", "description": "I'm Robbie Kramer \ud83c\udf99Host of The Inner Confidence Podcast & Founder of Inner Confidence, Inc.\n\nI lived an exhilarating single life filled with adventures and lessons, and ultimately achieved what I had always aspired to \u2013 finding an amazing, feminine, and loving wife. \n\nI believe my experiences provide a rare balance of wild freedom and committed love, equipping me with the insights to help you navigate the complexities of dating and relationships in today's world. Let me guide you to embrace your desires, improve your social prowess, and ultimately attract the partner who aligns with your highest aspirations.\n\nYou won\u2019t find any fluffy, new-age, or cringy stuff here, just tested, proven and actionable advice that yields results.\n\nApply to join our exclusive Inner Confidence Community of ambitious men who are actively working together to achieve their goals faster   \u25ba https://innerconfidence.com/community\n\nYou can email me at robbie@innerconfidence.com with any questions or comments.\n", "subscriber_count": "1270", "total_views": "604693", "total_videos": "470"}, "comments": [], "file_path": "/Users/aelaguiz/workspace/fc_book/audio/raws/ujgIWqlFboM.mp3", "transcription": "{\"text\": \"Whenever you hear someone says, oh, looks don't matter, money doesn't matter, they're probably just doing that to get a reaction and to have a more clickbaity title. Is the truth is all of these things matter? Is this guy sex worthy? Is he relationship worthy? Is he just friend worthy? Or is he worthy of literally nothing? There's different like buckets and categorizations that you're gonna put potential suitors in as you're meeting them and assessing them. \", \"segments\": [{\"id\": 0, \"seek\": 0, \"start\": 0.0, \"end\": 0.8399999737739563, \"text\": \" Whenever you hear someone says,\", \"tokens\": [50364, 14159, 291, 1568, 1580, 1619, 11, 50406], \"temperature\": 0.0, \"avg_logprob\": -0.2630481421947479, \"compression_ratio\": 1.7074073553085327, \"no_speech_prob\": 0.17459619045257568}, {\"id\": 1, \"seek\": 0, \"start\": 0.8399999737739563, \"end\": 2.359999895095825, \"text\": \" oh, looks don't matter, money doesn't matter,\", \"tokens\": [50406, 1954, 11, 1542, 500, 380, 1871, 11, 1460, 1177, 380, 1871, 11, 50482], \"temperature\": 0.0, \"avg_logprob\": -0.2630481421947479, \"compression_ratio\": 1.7074073553085327, \"no_speech_prob\": 0.17459619045257568}, {\"id\": 2, \"seek\": 0, \"start\": 2.359999895095825, \"end\": 4.159999847412109, \"text\": \" they're probably just doing that to get a reaction\", \"tokens\": [50482, 436, 434, 1391, 445, 884, 300, 281, 483, 257, 5480, 50572], \"temperature\": 0.0, \"avg_logprob\": -0.2630481421947479, \"compression_ratio\": 1.7074073553085327, \"no_speech_prob\": 0.17459619045257568}, {\"id\": 3, \"seek\": 0, \"start\": 4.159999847412109, \"end\": 5.920000076293945, \"text\": \" and to have a more clickbaity title.\", \"tokens\": [50572, 293, 281, 362, 257, 544, 2052, 4231, 507, 4876, 13, 50660], \"temperature\": 0.0, \"avg_logprob\": -0.2630481421947479, \"compression_ratio\": 1.7074073553085327, \"no_speech_prob\": 0.17459619045257568}, {\"id\": 4, \"seek\": 0, \"start\": 5.920000076293945, \"end\": 7.480000019073486, \"text\": \" Is the truth is all of these things matter?\", \"tokens\": [50660, 1119, 264, 3494, 307, 439, 295, 613, 721, 1871, 30, 50738], \"temperature\": 0.0, \"avg_logprob\": -0.2630481421947479, \"compression_ratio\": 1.7074073553085327, \"no_speech_prob\": 0.17459619045257568}, {\"id\": 5, \"seek\": 0, \"start\": 7.480000019073486, \"end\": 8.680000305175781, \"text\": \" Is this guy sex worthy?\", \"tokens\": [50738, 1119, 341, 2146, 3260, 14829, 30, 50798], \"temperature\": 0.0, \"avg_logprob\": -0.2630481421947479, \"compression_ratio\": 1.7074073553085327, \"no_speech_prob\": 0.17459619045257568}, {\"id\": 6, \"seek\": 0, \"start\": 8.680000305175781, \"end\": 9.720000267028809, \"text\": \" Is he relationship worthy?\", \"tokens\": [50798, 1119, 415, 2480, 14829, 30, 50850], \"temperature\": 0.0, \"avg_logprob\": -0.2630481421947479, \"compression_ratio\": 1.7074073553085327, \"no_speech_prob\": 0.17459619045257568}, {\"id\": 7, \"seek\": 0, \"start\": 9.720000267028809, \"end\": 10.960000038146973, \"text\": \" Is he just friend worthy?\", \"tokens\": [50850, 1119, 415, 445, 1277, 14829, 30, 50912], \"temperature\": 0.0, \"avg_logprob\": -0.2630481421947479, \"compression_ratio\": 1.7074073553085327, \"no_speech_prob\": 0.17459619045257568}, {\"id\": 8, \"seek\": 0, \"start\": 10.960000038146973, \"end\": 12.279999732971191, \"text\": \" Or is he worthy of literally nothing?\", \"tokens\": [50912, 1610, 307, 415, 14829, 295, 3736, 1825, 30, 50978], \"temperature\": 0.0, \"avg_logprob\": -0.2630481421947479, \"compression_ratio\": 1.7074073553085327, \"no_speech_prob\": 0.17459619045257568}, {\"id\": 9, \"seek\": 0, \"start\": 12.279999732971191, \"end\": 14.4399995803833, \"text\": \" There's different like buckets and categorizations\", \"tokens\": [50978, 821, 311, 819, 411, 32191, 293, 19250, 14455, 51086], \"temperature\": 0.0, \"avg_logprob\": -0.2630481421947479, \"compression_ratio\": 1.7074073553085327, \"no_speech_prob\": 0.17459619045257568}, {\"id\": 10, \"seek\": 0, \"start\": 14.4399995803833, \"end\": 16.360000610351562, \"text\": \" that you're gonna put potential suitors in\", \"tokens\": [51086, 300, 291, 434, 799, 829, 3995, 5722, 830, 294, 51182], \"temperature\": 0.0, \"avg_logprob\": -0.2630481421947479, \"compression_ratio\": 1.7074073553085327, \"no_speech_prob\": 0.17459619045257568}, {\"id\": 11, \"seek\": 0, \"start\": 16.360000610351562, \"end\": 18.479999542236328, \"text\": \" as you're meeting them and assessing them.\", \"tokens\": [51182, 382, 291, 434, 3440, 552, 293, 34348, 552, 13, 51288], \"temperature\": 0.0, \"avg_logprob\": -0.2630481421947479, \"compression_ratio\": 1.7074073553085327, \"no_speech_prob\": 0.17459619045257568}]}"}