{"title": "How You Do Anything...", "video_id": "UJU-Z755klU", "video_url": "https://www.youtube.com/watch?v=UJU-Z755klU", "description": " ", "published_at": "2009-12-23T06:50:07Z", "channel_id": "UC0O-ohYDF4P66HW9XJ4Us8w", "channel_title": "Robbie Kramer", "tags": ["inner confidence", "alpha male", "approach women", "attract", "attract women", "being a man", "dating", "dating women", "flirting", "flirting tips", "get a girl", "get a girlfriend", "get girl", "how to approach women", "how to attract", "how to attract woman", "how to date", "how to flirt", "how to get girls", "how to get women", "inner game", "love", "masculine", "masculinity", "meet women", "men", "online dating", "pick up", "seduction", "single dating", "spiritual"], "category_id": "23", "live_broadcast_content": "none", "duration": 591.0, "dimension": "2d", "definition": "sd", "caption": "false", "view_count": 1664, "like_count": 8, "comment_count": 1, "channel_info": {"title": "Robbie Kramer", "description": "I'm Robbie Kramer \ud83c\udf99Host of The Inner Confidence Podcast & Founder of Inner Confidence, Inc.\n\nI lived an exhilarating single life filled with adventures and lessons, and ultimately achieved what I had always aspired to \u2013 finding an amazing, feminine, and loving wife. \n\nI believe my experiences provide a rare balance of wild freedom and committed love, equipping me with the insights to help you navigate the complexities of dating and relationships in today's world. Let me guide you to embrace your desires, improve your social prowess, and ultimately attract the partner who aligns with your highest aspirations.\n\nYou won\u2019t find any fluffy, new-age, or cringy stuff here, just tested, proven and actionable advice that yields results.\n\nApply to join our exclusive Inner Confidence Community of ambitious men who are actively working together to achieve their goals faster   \u25ba https://innerconfidence.com/community\n\nYou can email me at robbie@innerconfidence.com with any questions or comments.\n", "subscriber_count": "1270", "total_views": "604693", "total_videos": "470"}, "comments": [], "file_path": "/Users/aelaguiz/workspace/fc_book/audio/raws/UJU-Z755klU.mp3", "transcription": "{\"text\": \"In times of uncertainty, basic knowledge of one's surroundings is key. I am prepared to take whatever defensive methods necessary in order to preserve my fellow students. Something's just wrong with that guy. Morning, guys. Come have a seat. We're going to get started here. Everybody all settled in? Yeah. So what we're going to do is go ahead and do a few exercises so we can get a baseline for where each of you are at. That way we can see exactly what we need to work on. How you do anything is how you do everything. So we're going to put you through a few exercises that will demonstrate how you're being in your everyday life. And we'll also show you how you're being with women. Okay. And what are you going to do with the footage? Oh. Well, they play it on the TV so you can watch it back. It's a really great way to see what you're doing. Okay. Don't worry. It's not like they're going to put it on YouTube. So who wants to go first? Eli? All right. So you're going to approach her like the two of you are in a club. And just go have a conversation. Hello. How are you today? Hi. Good. Why did I tell you that? I have a great ship. He's big. Eli. Eli. Eli. Eli. Eli. Eli. Eli. Eli. Eli. Eli. Eli. Eli. Eli. Eli. Eli. Eli. Eli. Eli. I have a great ship. Now, how are you? Good. How are you today? Hi. Good. Why did I tell you that? I have a great ship. He's big. Eli. Eli. What are you doing? I'm just trying to impress her with my ship. Okay. Why did I do this way? Just trying to be national? Okay. Don't try to impress her. Just do it again. Just be yourself. Anybody there? Quickly, Davey Jones is off to me. He's going to send his great base to here. We got to go to our own side. Drop the voice. Davey Jones is off to me. Let's get out of here before his base. Stay away. All right. That's enough. That's enough. Good work, Eli. I don't think he knows he's doing it. A lot of guys are having a lot of tics and quirks. This one's just really pronounced. Well, I guess we know what his favorite movie is. So, who's next? Master Coach, I am fully prepared to demonstrate my lack of knowledge in human mannerisms. Great, Willie. You're up. Human female, I find your breasts most compelling, as their fatty tissue indicates fertility, which is advantageous to perpetuate the human race. That wasn't a great start, Willie. Okay, Willie, instead of saying something from logic, try saying something with an emotion attached to it. Yes. Human female, you are sitting next to me. Okay. Try giving her a compliment. Yes. Your hair is brownish blonde. Thank you. You're welcome. Okay, okay. Try telling her something about yourself. I have successfully reproduced with 567 females on my home planet of Exxon. Okay, Willie, that's great. Let's move on. Please. Basic rule of thumb. You don't brag about the other women you've been with when you're with a girl you're interested in. Kind of a turnoff. Okay, I guess I'll go. Hello. I just saw you from across the room, and I thought that I would go and say hello. So, hello. Hi. How are you? I'm good. I'm really good, actually. It's going to sound a little bit weird, but that kind of sounded like a plosiosaurus. Excuse me? Never mind. Forget it. It was stupid. I don't know why I said that. I didn't... No, no, no, no. Plosiosaurus, as in Dr. Plos's recent discovery in biped dinosaurs from the Cretaceous period. The Cretaceous period? Yeah. That's exactly what I'm talking about. You read that in the scientific journal? Yeah, yeah, I did. Oh my god, of course I did. And all this research about dino vocal cords. Amazing. I know. And it's like more of a, what do you say, more of a guttural sound. Right, right. It's like a... Like a... Like a... Good, you just... If you sit up, and then you push from your diaphragm... Yeah, that's it. That's it. That's it. You're the first girl that I've ever met to ever have any interest in dinosaurs. Hold on a second. I'm so stupid. I'm sorry, guys. I have to do this. I can't do this. I can't do this. Normally my mom just does it for me, but since she's not here, she texts me to remind me to take my vitamins. They have to be taken in a very specific order. It has to do with how they're metabolized. It has to do with how they're metabolized. Doug is really healthy. So just notice if you're feeling nervous to watch yourself. Here's Eli. How are you spending it? Good. Oh my god. I sound like Johnny Depp. Yeah, you know, it's pretty common. A lot of guys will go into a sort of character mood, like what you're doing. And it's usually some sort of social mask to hide the feelings of anxiety and insecurity rather than just being yourself. Okay, but how do I change that? Awareness is the first step to change. And now that you've seen it, your unconscious mind will go to work to change it. No, this is not convincing human behavior. Just see how uncomfortable you're making her, and we'll go to work to change that. Oh, goodness. I hate watching myself on camera. So Doug, your assignment this week is to set an alarm when you need to take those vitamins and tell your mom that she doesn't need to remind you anymore. I don't know. I'm kind of a creature of habit. Well, Doug, we're building new attractive habits. And honestly, the mom thing, it's just not attractive to a beautiful woman. So, you want to take that off, Doug? Uh, okay. I guess I can. Cool. So it was a good day. The guys saw a lot of what was going on, and they made some really important changes. Hello, beautiful. You look a little nervous. It's because I'm an alpha male. Ah, way hard to get ready, huh? I like that. \", \"segments\": [{\"id\": 0, \"seek\": 3000, \"start\": 30.0, \"end\": 57.220001220703125, \"text\": \" In times of uncertainty, basic knowledge of one's surroundings is key.\", \"tokens\": [50364, 682, 1413, 295, 15697, 11, 3875, 3601, 295, 472, 311, 25314, 307, 2141, 13, 51725], \"temperature\": 0.0, \"avg_logprob\": -0.28646790981292725, \"compression_ratio\": 0.9589040875434875, \"no_speech_prob\": 0.17513024806976318}, {\"id\": 1, \"seek\": 5722, \"start\": 57.220001220703125, \"end\": 62.02000045776367, \"text\": \" I am prepared to take whatever defensive methods necessary in order to preserve my\", \"tokens\": [50364, 286, 669, 4927, 281, 747, 2035, 16468, 7150, 4818, 294, 1668, 281, 15665, 452, 50604], \"temperature\": 0.0, \"avg_logprob\": -0.29369017481803894, \"compression_ratio\": 1.6304347515106201, \"no_speech_prob\": 0.039011143147945404}, {\"id\": 2, \"seek\": 5722, \"start\": 62.02000045776367, \"end\": 63.02000045776367, \"text\": \" fellow students.\", \"tokens\": [50604, 7177, 1731, 13, 50654], \"temperature\": 0.0, \"avg_logprob\": -0.29369017481803894, \"compression_ratio\": 1.6304347515106201, \"no_speech_prob\": 0.039011143147945404}, {\"id\": 3, \"seek\": 5722, \"start\": 63.02000045776367, \"end\": 64.0199966430664, \"text\": \" Something's just wrong with that guy.\", \"tokens\": [50654, 6595, 311, 445, 2085, 365, 300, 2146, 13, 50704], \"temperature\": 0.0, \"avg_logprob\": -0.29369017481803894, \"compression_ratio\": 1.6304347515106201, \"no_speech_prob\": 0.039011143147945404}, {\"id\": 4, \"seek\": 5722, \"start\": 64.0199966430664, \"end\": 65.0199966430664, \"text\": \" Morning, guys.\", \"tokens\": [50704, 17967, 11, 1074, 13, 50754], \"temperature\": 0.0, \"avg_logprob\": -0.29369017481803894, \"compression_ratio\": 1.6304347515106201, \"no_speech_prob\": 0.039011143147945404}, {\"id\": 5, \"seek\": 5722, \"start\": 65.0199966430664, \"end\": 66.0199966430664, \"text\": \" Come have a seat.\", \"tokens\": [50754, 2492, 362, 257, 6121, 13, 50804], \"temperature\": 0.0, \"avg_logprob\": -0.29369017481803894, \"compression_ratio\": 1.6304347515106201, \"no_speech_prob\": 0.039011143147945404}, {\"id\": 6, \"seek\": 5722, \"start\": 66.0199966430664, \"end\": 67.0199966430664, \"text\": \" We're going to get started here.\", \"tokens\": [50804, 492, 434, 516, 281, 483, 1409, 510, 13, 50854], \"temperature\": 0.0, \"avg_logprob\": -0.29369017481803894, \"compression_ratio\": 1.6304347515106201, \"no_speech_prob\": 0.039011143147945404}, {\"id\": 7, \"seek\": 5722, \"start\": 67.0199966430664, \"end\": 68.0199966430664, \"text\": \" Everybody all settled in?\", \"tokens\": [50854, 7646, 439, 14819, 294, 30, 50904], \"temperature\": 0.0, \"avg_logprob\": -0.29369017481803894, \"compression_ratio\": 1.6304347515106201, \"no_speech_prob\": 0.039011143147945404}, {\"id\": 8, \"seek\": 5722, \"start\": 68.0199966430664, \"end\": 69.0199966430664, \"text\": \" Yeah.\", \"tokens\": [50904, 865, 13, 50954], \"temperature\": 0.0, \"avg_logprob\": -0.29369017481803894, \"compression_ratio\": 1.6304347515106201, \"no_speech_prob\": 0.039011143147945404}, {\"id\": 9, \"seek\": 5722, \"start\": 69.0199966430664, \"end\": 79.54000091552734, \"text\": \" So what we're going to do is go ahead and do a few exercises so we can get a baseline\", \"tokens\": [50954, 407, 437, 321, 434, 516, 281, 360, 307, 352, 2286, 293, 360, 257, 1326, 11900, 370, 321, 393, 483, 257, 20518, 51480], \"temperature\": 0.0, \"avg_logprob\": -0.29369017481803894, \"compression_ratio\": 1.6304347515106201, \"no_speech_prob\": 0.039011143147945404}, {\"id\": 10, \"seek\": 5722, \"start\": 79.54000091552734, \"end\": 81.58000183105469, \"text\": \" for where each of you are at.\", \"tokens\": [51480, 337, 689, 1184, 295, 291, 366, 412, 13, 51582], \"temperature\": 0.0, \"avg_logprob\": -0.29369017481803894, \"compression_ratio\": 1.6304347515106201, \"no_speech_prob\": 0.039011143147945404}, {\"id\": 11, \"seek\": 5722, \"start\": 81.58000183105469, \"end\": 83.58000183105469, \"text\": \" That way we can see exactly what we need to work on.\", \"tokens\": [51582, 663, 636, 321, 393, 536, 2293, 437, 321, 643, 281, 589, 322, 13, 51682], \"temperature\": 0.0, \"avg_logprob\": -0.29369017481803894, \"compression_ratio\": 1.6304347515106201, \"no_speech_prob\": 0.039011143147945404}, {\"id\": 12, \"seek\": 5722, \"start\": 83.58000183105469, \"end\": 86.45999908447266, \"text\": \" How you do anything is how you do everything.\", \"tokens\": [51682, 1012, 291, 360, 1340, 307, 577, 291, 360, 1203, 13, 51826], \"temperature\": 0.0, \"avg_logprob\": -0.29369017481803894, \"compression_ratio\": 1.6304347515106201, \"no_speech_prob\": 0.039011143147945404}, {\"id\": 13, \"seek\": 8646, \"start\": 86.45999908447266, \"end\": 92.41999816894531, \"text\": \" So we're going to put you through a few exercises that will demonstrate how you're being in\", \"tokens\": [50364, 407, 321, 434, 516, 281, 829, 291, 807, 257, 1326, 11900, 300, 486, 11698, 577, 291, 434, 885, 294, 50662], \"temperature\": 0.0, \"avg_logprob\": -0.25497621297836304, \"compression_ratio\": 1.6808511018753052, \"no_speech_prob\": 0.17319780588150024}, {\"id\": 14, \"seek\": 8646, \"start\": 92.41999816894531, \"end\": 93.41999816894531, \"text\": \" your everyday life.\", \"tokens\": [50662, 428, 7429, 993, 13, 50712], \"temperature\": 0.0, \"avg_logprob\": -0.25497621297836304, \"compression_ratio\": 1.6808511018753052, \"no_speech_prob\": 0.17319780588150024}, {\"id\": 15, \"seek\": 8646, \"start\": 93.41999816894531, \"end\": 94.41999816894531, \"text\": \" And we'll also show you how you're being with women.\", \"tokens\": [50712, 400, 321, 603, 611, 855, 291, 577, 291, 434, 885, 365, 2266, 13, 50762], \"temperature\": 0.0, \"avg_logprob\": -0.25497621297836304, \"compression_ratio\": 1.6808511018753052, \"no_speech_prob\": 0.17319780588150024}, {\"id\": 16, \"seek\": 8646, \"start\": 94.41999816894531, \"end\": 95.41999816894531, \"text\": \" Okay.\", \"tokens\": [50762, 1033, 13, 50812], \"temperature\": 0.0, \"avg_logprob\": -0.25497621297836304, \"compression_ratio\": 1.6808511018753052, \"no_speech_prob\": 0.17319780588150024}, {\"id\": 17, \"seek\": 8646, \"start\": 95.41999816894531, \"end\": 96.41999816894531, \"text\": \" And what are you going to do with the footage?\", \"tokens\": [50812, 400, 437, 366, 291, 516, 281, 360, 365, 264, 9556, 30, 50862], \"temperature\": 0.0, \"avg_logprob\": -0.25497621297836304, \"compression_ratio\": 1.6808511018753052, \"no_speech_prob\": 0.17319780588150024}, {\"id\": 18, \"seek\": 8646, \"start\": 96.41999816894531, \"end\": 97.41999816894531, \"text\": \" Oh.\", \"tokens\": [50862, 876, 13, 50912], \"temperature\": 0.0, \"avg_logprob\": -0.25497621297836304, \"compression_ratio\": 1.6808511018753052, \"no_speech_prob\": 0.17319780588150024}, {\"id\": 19, \"seek\": 8646, \"start\": 97.41999816894531, \"end\": 98.41999816894531, \"text\": \" Well, they play it on the TV so you can watch it back.\", \"tokens\": [50912, 1042, 11, 436, 862, 309, 322, 264, 3558, 370, 291, 393, 1159, 309, 646, 13, 50962], \"temperature\": 0.0, \"avg_logprob\": -0.25497621297836304, \"compression_ratio\": 1.6808511018753052, \"no_speech_prob\": 0.17319780588150024}, {\"id\": 20, \"seek\": 8646, \"start\": 98.41999816894531, \"end\": 99.41999816894531, \"text\": \" It's a really great way to see what you're doing.\", \"tokens\": [50962, 467, 311, 257, 534, 869, 636, 281, 536, 437, 291, 434, 884, 13, 51012], \"temperature\": 0.0, \"avg_logprob\": -0.25497621297836304, \"compression_ratio\": 1.6808511018753052, \"no_speech_prob\": 0.17319780588150024}, {\"id\": 21, \"seek\": 8646, \"start\": 99.41999816894531, \"end\": 100.41999816894531, \"text\": \" Okay.\", \"tokens\": [51012, 1033, 13, 51062], \"temperature\": 0.0, \"avg_logprob\": -0.25497621297836304, \"compression_ratio\": 1.6808511018753052, \"no_speech_prob\": 0.17319780588150024}, {\"id\": 22, \"seek\": 8646, \"start\": 100.41999816894531, \"end\": 101.41999816894531, \"text\": \" Don't worry.\", \"tokens\": [51062, 1468, 380, 3292, 13, 51112], \"temperature\": 0.0, \"avg_logprob\": -0.25497621297836304, \"compression_ratio\": 1.6808511018753052, \"no_speech_prob\": 0.17319780588150024}, {\"id\": 23, \"seek\": 8646, \"start\": 101.41999816894531, \"end\": 114.45999908447266, \"text\": \" It's not like they're going to put it on YouTube.\", \"tokens\": [51112, 467, 311, 406, 411, 436, 434, 516, 281, 829, 309, 322, 3088, 13, 51764], \"temperature\": 0.0, \"avg_logprob\": -0.25497621297836304, \"compression_ratio\": 1.6808511018753052, \"no_speech_prob\": 0.17319780588150024}, {\"id\": 24, \"seek\": 11446, \"start\": 114.5, \"end\": 115.5, \"text\": \" So who wants to go first?\", \"tokens\": [50366, 407, 567, 2738, 281, 352, 700, 30, 50416], \"temperature\": 0.0, \"avg_logprob\": -0.3622322082519531, \"compression_ratio\": 1.6264368295669556, \"no_speech_prob\": 0.5883203744888306}, {\"id\": 25, \"seek\": 11446, \"start\": 115.5, \"end\": 116.5, \"text\": \" Eli?\", \"tokens\": [50416, 16943, 30, 50466], \"temperature\": 0.0, \"avg_logprob\": -0.3622322082519531, \"compression_ratio\": 1.6264368295669556, \"no_speech_prob\": 0.5883203744888306}, {\"id\": 26, \"seek\": 11446, \"start\": 116.5, \"end\": 117.5, \"text\": \" All right.\", \"tokens\": [50466, 1057, 558, 13, 50516], \"temperature\": 0.0, \"avg_logprob\": -0.3622322082519531, \"compression_ratio\": 1.6264368295669556, \"no_speech_prob\": 0.5883203744888306}, {\"id\": 27, \"seek\": 11446, \"start\": 117.5, \"end\": 118.5, \"text\": \" So you're going to approach her like the two of you are in a club.\", \"tokens\": [50516, 407, 291, 434, 516, 281, 3109, 720, 411, 264, 732, 295, 291, 366, 294, 257, 6482, 13, 50566], \"temperature\": 0.0, \"avg_logprob\": -0.3622322082519531, \"compression_ratio\": 1.6264368295669556, \"no_speech_prob\": 0.5883203744888306}, {\"id\": 28, \"seek\": 11446, \"start\": 118.5, \"end\": 119.5, \"text\": \" And just go have a conversation.\", \"tokens\": [50566, 400, 445, 352, 362, 257, 3761, 13, 50616], \"temperature\": 0.0, \"avg_logprob\": -0.3622322082519531, \"compression_ratio\": 1.6264368295669556, \"no_speech_prob\": 0.5883203744888306}, {\"id\": 29, \"seek\": 11446, \"start\": 119.5, \"end\": 120.5, \"text\": \" Hello.\", \"tokens\": [50616, 2425, 13, 50666], \"temperature\": 0.0, \"avg_logprob\": -0.3622322082519531, \"compression_ratio\": 1.6264368295669556, \"no_speech_prob\": 0.5883203744888306}, {\"id\": 30, \"seek\": 11446, \"start\": 120.5, \"end\": 121.5, \"text\": \" How are you today?\", \"tokens\": [50666, 1012, 366, 291, 965, 30, 50716], \"temperature\": 0.0, \"avg_logprob\": -0.3622322082519531, \"compression_ratio\": 1.6264368295669556, \"no_speech_prob\": 0.5883203744888306}, {\"id\": 31, \"seek\": 11446, \"start\": 121.5, \"end\": 122.5, \"text\": \" Hi.\", \"tokens\": [50716, 2421, 13, 50766], \"temperature\": 0.0, \"avg_logprob\": -0.3622322082519531, \"compression_ratio\": 1.6264368295669556, \"no_speech_prob\": 0.5883203744888306}, {\"id\": 32, \"seek\": 11446, \"start\": 122.5, \"end\": 123.5, \"text\": \" Good.\", \"tokens\": [50766, 2205, 13, 50816], \"temperature\": 0.0, \"avg_logprob\": -0.3622322082519531, \"compression_ratio\": 1.6264368295669556, \"no_speech_prob\": 0.5883203744888306}, {\"id\": 33, \"seek\": 11446, \"start\": 123.5, \"end\": 124.5, \"text\": \" Why did I tell you that?\", \"tokens\": [50816, 1545, 630, 286, 980, 291, 300, 30, 50866], \"temperature\": 0.0, \"avg_logprob\": -0.3622322082519531, \"compression_ratio\": 1.6264368295669556, \"no_speech_prob\": 0.5883203744888306}, {\"id\": 34, \"seek\": 11446, \"start\": 124.5, \"end\": 125.5, \"text\": \" I have a great ship.\", \"tokens\": [50866, 286, 362, 257, 869, 5374, 13, 50916], \"temperature\": 0.0, \"avg_logprob\": -0.3622322082519531, \"compression_ratio\": 1.6264368295669556, \"no_speech_prob\": 0.5883203744888306}, {\"id\": 35, \"seek\": 11446, \"start\": 125.5, \"end\": 126.5, \"text\": \" He's big.\", \"tokens\": [50916, 634, 311, 955, 13, 50966], \"temperature\": 0.0, \"avg_logprob\": -0.3622322082519531, \"compression_ratio\": 1.6264368295669556, \"no_speech_prob\": 0.5883203744888306}, {\"id\": 36, \"seek\": 11446, \"start\": 126.5, \"end\": 127.5, \"text\": \" Eli.\", \"tokens\": [50966, 16943, 13, 51016], \"temperature\": 0.0, \"avg_logprob\": -0.3622322082519531, \"compression_ratio\": 1.6264368295669556, \"no_speech_prob\": 0.5883203744888306}, {\"id\": 37, \"seek\": 11446, \"start\": 127.5, \"end\": 128.5, \"text\": \" Eli.\", \"tokens\": [51016, 16943, 13, 51066], \"temperature\": 0.0, \"avg_logprob\": -0.3622322082519531, \"compression_ratio\": 1.6264368295669556, \"no_speech_prob\": 0.5883203744888306}, {\"id\": 38, \"seek\": 11446, \"start\": 128.5, \"end\": 129.5, \"text\": \" Eli.\", \"tokens\": [51066, 16943, 13, 51116], \"temperature\": 0.0, \"avg_logprob\": -0.3622322082519531, \"compression_ratio\": 1.6264368295669556, \"no_speech_prob\": 0.5883203744888306}, {\"id\": 39, \"seek\": 11446, \"start\": 129.5, \"end\": 130.5, \"text\": \" Eli.\", \"tokens\": [51116, 16943, 13, 51166], \"temperature\": 0.0, \"avg_logprob\": -0.3622322082519531, \"compression_ratio\": 1.6264368295669556, \"no_speech_prob\": 0.5883203744888306}, {\"id\": 40, \"seek\": 11446, \"start\": 130.5, \"end\": 131.5, \"text\": \" Eli.\", \"tokens\": [51166, 16943, 13, 51216], \"temperature\": 0.0, \"avg_logprob\": -0.3622322082519531, \"compression_ratio\": 1.6264368295669556, \"no_speech_prob\": 0.5883203744888306}, {\"id\": 41, \"seek\": 11446, \"start\": 131.5, \"end\": 132.5, \"text\": \" Eli.\", \"tokens\": [51216, 16943, 13, 51266], \"temperature\": 0.0, \"avg_logprob\": -0.3622322082519531, \"compression_ratio\": 1.6264368295669556, \"no_speech_prob\": 0.5883203744888306}, {\"id\": 42, \"seek\": 11446, \"start\": 132.5, \"end\": 133.5, \"text\": \" Eli.\", \"tokens\": [51266, 16943, 13, 51316], \"temperature\": 0.0, \"avg_logprob\": -0.3622322082519531, \"compression_ratio\": 1.6264368295669556, \"no_speech_prob\": 0.5883203744888306}, {\"id\": 43, \"seek\": 11446, \"start\": 133.5, \"end\": 134.5, \"text\": \" Eli.\", \"tokens\": [51316, 16943, 13, 51366], \"temperature\": 0.0, \"avg_logprob\": -0.3622322082519531, \"compression_ratio\": 1.6264368295669556, \"no_speech_prob\": 0.5883203744888306}, {\"id\": 44, \"seek\": 11446, \"start\": 134.5, \"end\": 135.5, \"text\": \" Eli.\", \"tokens\": [51366, 16943, 13, 51416], \"temperature\": 0.0, \"avg_logprob\": -0.3622322082519531, \"compression_ratio\": 1.6264368295669556, \"no_speech_prob\": 0.5883203744888306}, {\"id\": 45, \"seek\": 11446, \"start\": 135.5, \"end\": 136.5, \"text\": \" Eli.\", \"tokens\": [51416, 16943, 13, 51466], \"temperature\": 0.0, \"avg_logprob\": -0.3622322082519531, \"compression_ratio\": 1.6264368295669556, \"no_speech_prob\": 0.5883203744888306}, {\"id\": 46, \"seek\": 13650, \"start\": 136.74000549316406, \"end\": 137.72000122070312, \"text\": \" Eli.\", \"tokens\": [50376, 16943, 13, 50425], \"temperature\": 0.800000011920929, \"avg_logprob\": -0.47716936469078064, \"compression_ratio\": 1.8923076391220093, \"no_speech_prob\": 0.6738182306289673}, {\"id\": 47, \"seek\": 13650, \"start\": 137.72000122070312, \"end\": 138.72000122070312, \"text\": \" Eli.\", \"tokens\": [50425, 16943, 13, 50475], \"temperature\": 0.800000011920929, \"avg_logprob\": -0.47716936469078064, \"compression_ratio\": 1.8923076391220093, \"no_speech_prob\": 0.6738182306289673}, {\"id\": 48, \"seek\": 13650, \"start\": 138.72000122070312, \"end\": 139.72000122070312, \"text\": \" Eli.\", \"tokens\": [50475, 16943, 13, 50525], \"temperature\": 0.800000011920929, \"avg_logprob\": -0.47716936469078064, \"compression_ratio\": 1.8923076391220093, \"no_speech_prob\": 0.6738182306289673}, {\"id\": 49, \"seek\": 13650, \"start\": 139.72000122070312, \"end\": 140.72000122070312, \"text\": \" Eli.\", \"tokens\": [50525, 16943, 13, 50575], \"temperature\": 0.800000011920929, \"avg_logprob\": -0.47716936469078064, \"compression_ratio\": 1.8923076391220093, \"no_speech_prob\": 0.6738182306289673}, {\"id\": 50, \"seek\": 13650, \"start\": 140.72000122070312, \"end\": 141.72000122070312, \"text\": \" Eli.\", \"tokens\": [50575, 16943, 13, 50625], \"temperature\": 0.800000011920929, \"avg_logprob\": -0.47716936469078064, \"compression_ratio\": 1.8923076391220093, \"no_speech_prob\": 0.6738182306289673}, {\"id\": 51, \"seek\": 13650, \"start\": 141.72000122070312, \"end\": 142.72000122070312, \"text\": \" Eli.\", \"tokens\": [50625, 16943, 13, 50675], \"temperature\": 0.800000011920929, \"avg_logprob\": -0.47716936469078064, \"compression_ratio\": 1.8923076391220093, \"no_speech_prob\": 0.6738182306289673}, {\"id\": 52, \"seek\": 13650, \"start\": 142.72000122070312, \"end\": 143.72000122070312, \"text\": \" Eli.\", \"tokens\": [50675, 16943, 13, 50725], \"temperature\": 0.800000011920929, \"avg_logprob\": -0.47716936469078064, \"compression_ratio\": 1.8923076391220093, \"no_speech_prob\": 0.6738182306289673}, {\"id\": 53, \"seek\": 13650, \"start\": 143.72000122070312, \"end\": 144.72000122070312, \"text\": \" Eli.\", \"tokens\": [50725, 16943, 13, 50775], \"temperature\": 0.800000011920929, \"avg_logprob\": -0.47716936469078064, \"compression_ratio\": 1.8923076391220093, \"no_speech_prob\": 0.6738182306289673}, {\"id\": 54, \"seek\": 13650, \"start\": 144.72000122070312, \"end\": 145.72000122070312, \"text\": \" I have a great ship.\", \"tokens\": [50775, 286, 276, 946, 257, 869, 5374, 13, 50825], \"temperature\": 0.800000011920929, \"avg_logprob\": -0.47716936469078064, \"compression_ratio\": 1.8923076391220093, \"no_speech_prob\": 0.6738182306289673}, {\"id\": 55, \"seek\": 13650, \"start\": 145.72000122070312, \"end\": 146.72000122070312, \"text\": \" Now, how are you?\", \"tokens\": [50825, 823, 11, 577, 366, 291, 30, 50875], \"temperature\": 0.800000011920929, \"avg_logprob\": -0.47716936469078064, \"compression_ratio\": 1.8923076391220093, \"no_speech_prob\": 0.6738182306289673}, {\"id\": 56, \"seek\": 13650, \"start\": 146.72000122070312, \"end\": 147.72000122070312, \"text\": \" Good.\", \"tokens\": [50875, 2205, 13, 50925], \"temperature\": 0.800000011920929, \"avg_logprob\": -0.47716936469078064, \"compression_ratio\": 1.8923076391220093, \"no_speech_prob\": 0.6738182306289673}, {\"id\": 57, \"seek\": 13650, \"start\": 147.72000122070312, \"end\": 148.72000122070312, \"text\": \" How are you today?\", \"tokens\": [50925, 1012, 366, 291, 965, 30, 50975], \"temperature\": 0.800000011920929, \"avg_logprob\": -0.47716936469078064, \"compression_ratio\": 1.8923076391220093, \"no_speech_prob\": 0.6738182306289673}, {\"id\": 58, \"seek\": 13650, \"start\": 148.72000122070312, \"end\": 149.72000122070312, \"text\": \" Hi.\", \"tokens\": [50975, 2421, 13, 51025], \"temperature\": 0.800000011920929, \"avg_logprob\": -0.47716936469078064, \"compression_ratio\": 1.8923076391220093, \"no_speech_prob\": 0.6738182306289673}, {\"id\": 59, \"seek\": 13650, \"start\": 149.72000122070312, \"end\": 150.72000122070312, \"text\": \" Good.\", \"tokens\": [51025, 2205, 13, 51075], \"temperature\": 0.800000011920929, \"avg_logprob\": -0.47716936469078064, \"compression_ratio\": 1.8923076391220093, \"no_speech_prob\": 0.6738182306289673}, {\"id\": 60, \"seek\": 13650, \"start\": 150.72000122070312, \"end\": 151.72000122070312, \"text\": \" Why did I tell you that?\", \"tokens\": [51075, 1545, 630, 286, 980, 291, 300, 30, 51125], \"temperature\": 0.800000011920929, \"avg_logprob\": -0.47716936469078064, \"compression_ratio\": 1.8923076391220093, \"no_speech_prob\": 0.6738182306289673}, {\"id\": 61, \"seek\": 13650, \"start\": 151.72000122070312, \"end\": 152.72000122070312, \"text\": \" I have a great ship.\", \"tokens\": [51125, 286, 362, 257, 869, 5374, 13, 51175], \"temperature\": 0.800000011920929, \"avg_logprob\": -0.47716936469078064, \"compression_ratio\": 1.8923076391220093, \"no_speech_prob\": 0.6738182306289673}, {\"id\": 62, \"seek\": 13650, \"start\": 152.72000122070312, \"end\": 153.72000122070312, \"text\": \" He's big.\", \"tokens\": [51175, 634, 311, 955, 13, 51225], \"temperature\": 0.800000011920929, \"avg_logprob\": -0.47716936469078064, \"compression_ratio\": 1.8923076391220093, \"no_speech_prob\": 0.6738182306289673}, {\"id\": 63, \"seek\": 13650, \"start\": 153.72000122070312, \"end\": 154.72000122070312, \"text\": \" Eli.\", \"tokens\": [51225, 16943, 13, 51275], \"temperature\": 0.800000011920929, \"avg_logprob\": -0.47716936469078064, \"compression_ratio\": 1.8923076391220093, \"no_speech_prob\": 0.6738182306289673}, {\"id\": 64, \"seek\": 13650, \"start\": 154.72000122070312, \"end\": 155.72000122070312, \"text\": \" Eli.\", \"tokens\": [51275, 16943, 13, 51325], \"temperature\": 0.800000011920929, \"avg_logprob\": -0.47716936469078064, \"compression_ratio\": 1.8923076391220093, \"no_speech_prob\": 0.6738182306289673}, {\"id\": 65, \"seek\": 13650, \"start\": 155.72000122070312, \"end\": 156.72000122070312, \"text\": \" What are you doing?\", \"tokens\": [51325, 708, 366, 291, 884, 30, 51375], \"temperature\": 0.800000011920929, \"avg_logprob\": -0.47716936469078064, \"compression_ratio\": 1.8923076391220093, \"no_speech_prob\": 0.6738182306289673}, {\"id\": 66, \"seek\": 13650, \"start\": 156.72000122070312, \"end\": 157.72000122070312, \"text\": \" I'm just trying to impress her with my ship.\", \"tokens\": [51375, 286, 478, 445, 1382, 281, 6729, 720, 26393, 392, 452, 5374, 13, 51425], \"temperature\": 0.800000011920929, \"avg_logprob\": -0.47716936469078064, \"compression_ratio\": 1.8923076391220093, \"no_speech_prob\": 0.6738182306289673}, {\"id\": 67, \"seek\": 13650, \"start\": 157.72000122070312, \"end\": 158.72000122070312, \"text\": \" Okay.\", \"tokens\": [51425, 1033, 13, 51475], \"temperature\": 0.800000011920929, \"avg_logprob\": -0.47716936469078064, \"compression_ratio\": 1.8923076391220093, \"no_speech_prob\": 0.6738182306289673}, {\"id\": 68, \"seek\": 13650, \"start\": 158.72000122070312, \"end\": 159.72000122070312, \"text\": \" Why did I do this way?\", \"tokens\": [51475, 1545, 630, 286, 220, 2595, 256, 18300, 636, 30, 51525], \"temperature\": 0.800000011920929, \"avg_logprob\": -0.47716936469078064, \"compression_ratio\": 1.8923076391220093, \"no_speech_prob\": 0.6738182306289673}, {\"id\": 69, \"seek\": 13650, \"start\": 159.72000122070312, \"end\": 160.72000122070312, \"text\": \" Just trying to be national?\", \"tokens\": [51525, 1449, 1382, 281, 312, 4048, 30, 51575], \"temperature\": 0.800000011920929, \"avg_logprob\": -0.47716936469078064, \"compression_ratio\": 1.8923076391220093, \"no_speech_prob\": 0.6738182306289673}, {\"id\": 70, \"seek\": 13650, \"start\": 160.72000122070312, \"end\": 161.72000122070312, \"text\": \" Okay.\", \"tokens\": [51575, 1033, 13, 51625], \"temperature\": 0.800000011920929, \"avg_logprob\": -0.47716936469078064, \"compression_ratio\": 1.8923076391220093, \"no_speech_prob\": 0.6738182306289673}, {\"id\": 71, \"seek\": 13650, \"start\": 161.72000122070312, \"end\": 162.72000122070312, \"text\": \" Don't try to impress her.\", \"tokens\": [51625, 1468, 380, 853, 281, 6729, 720, 13, 51675], \"temperature\": 0.800000011920929, \"avg_logprob\": -0.47716936469078064, \"compression_ratio\": 1.8923076391220093, \"no_speech_prob\": 0.6738182306289673}, {\"id\": 72, \"seek\": 13650, \"start\": 162.72000122070312, \"end\": 163.72000122070312, \"text\": \" Just do it again.\", \"tokens\": [51675, 1449, 360, 309, 797, 13, 51725], \"temperature\": 0.800000011920929, \"avg_logprob\": -0.47716936469078064, \"compression_ratio\": 1.8923076391220093, \"no_speech_prob\": 0.6738182306289673}, {\"id\": 73, \"seek\": 13650, \"start\": 163.72000122070312, \"end\": 164.72000122070312, \"text\": \" Just be yourself.\", \"tokens\": [51725, 1449, 312, 1803, 13, 51775], \"temperature\": 0.800000011920929, \"avg_logprob\": -0.47716936469078064, \"compression_ratio\": 1.8923076391220093, \"no_speech_prob\": 0.6738182306289673}, {\"id\": 74, \"seek\": 16472, \"start\": 165.47999572753906, \"end\": 167.0, \"text\": \" Anybody there?\", \"tokens\": [50402, 316, 1634, 1067, 456, 30, 50478], \"temperature\": 1.0, \"avg_logprob\": -1.0220422744750977, \"compression_ratio\": 1.5929203033447266, \"no_speech_prob\": 0.013562420383095741}, {\"id\": 75, \"seek\": 16472, \"start\": 167.0, \"end\": 170.4199981689453, \"text\": \" Quickly, Davey Jones is off to me.\", \"tokens\": [50478, 31800, 11, 11017, 88, 10512, 307, 766, 281, 385, 13, 50649], \"temperature\": 1.0, \"avg_logprob\": -1.0220422744750977, \"compression_ratio\": 1.5929203033447266, \"no_speech_prob\": 0.013562420383095741}, {\"id\": 76, \"seek\": 16472, \"start\": 170.4199981689453, \"end\": 173.6999969482422, \"text\": \" He's going to send his great base to here.\", \"tokens\": [50649, 220, 5205, 311, 516, 281, 2845, 702, 869, 3096, 281, 510, 13, 50813], \"temperature\": 1.0, \"avg_logprob\": -1.0220422744750977, \"compression_ratio\": 1.5929203033447266, \"no_speech_prob\": 0.013562420383095741}, {\"id\": 77, \"seek\": 16472, \"start\": 173.6999969482422, \"end\": 176.17999267578125, \"text\": \" We got to go to our own side.\", \"tokens\": [50813, 492, 658, 220, 1353, 352, 281, 527, 1065, 1252, 13, 50937], \"temperature\": 1.0, \"avg_logprob\": -1.0220422744750977, \"compression_ratio\": 1.5929203033447266, \"no_speech_prob\": 0.013562420383095741}, {\"id\": 78, \"seek\": 16472, \"start\": 176.17999267578125, \"end\": 177.55999755859375, \"text\": \" Drop the voice.\", \"tokens\": [50937, 2491, 404, 264, 3177, 13, 51006], \"temperature\": 1.0, \"avg_logprob\": -1.0220422744750977, \"compression_ratio\": 1.5929203033447266, \"no_speech_prob\": 0.013562420383095741}, {\"id\": 79, \"seek\": 16472, \"start\": 177.55999755859375, \"end\": 181.47999572753906, \"text\": \" Davey Jones is off to me.\", \"tokens\": [51006, 11017, 88, 10512, 307, 277, 602, 281, 385, 13, 51202], \"temperature\": 1.0, \"avg_logprob\": -1.0220422744750977, \"compression_ratio\": 1.5929203033447266, \"no_speech_prob\": 0.013562420383095741}, {\"id\": 80, \"seek\": 16472, \"start\": 181.47999572753906, \"end\": 184.10000610351562, \"text\": \" Let's get out of here before his base.\", \"tokens\": [51202, 961, 311, 483, 484, 220, 2670, 510, 949, 702, 3096, 13, 51333], \"temperature\": 1.0, \"avg_logprob\": -1.0220422744750977, \"compression_ratio\": 1.5929203033447266, \"no_speech_prob\": 0.013562420383095741}, {\"id\": 81, \"seek\": 16472, \"start\": 184.10000610351562, \"end\": 185.10000610351562, \"text\": \" Stay away.\", \"tokens\": [51333, 220, 4520, 320, 1714, 320, 13, 51383], \"temperature\": 1.0, \"avg_logprob\": -1.0220422744750977, \"compression_ratio\": 1.5929203033447266, \"no_speech_prob\": 0.013562420383095741}, {\"id\": 82, \"seek\": 16472, \"start\": 185.10000610351562, \"end\": 186.10000610351562, \"text\": \" All right.\", \"tokens\": [51383, 1057, 558, 13, 51433], \"temperature\": 1.0, \"avg_logprob\": -1.0220422744750977, \"compression_ratio\": 1.5929203033447266, \"no_speech_prob\": 0.013562420383095741}, {\"id\": 83, \"seek\": 16472, \"start\": 186.10000610351562, \"end\": 187.10000610351562, \"text\": \" That's enough.\", \"tokens\": [51433, 663, 311, 1547, 13, 51483], \"temperature\": 1.0, \"avg_logprob\": -1.0220422744750977, \"compression_ratio\": 1.5929203033447266, \"no_speech_prob\": 0.013562420383095741}, {\"id\": 84, \"seek\": 16472, \"start\": 187.10000610351562, \"end\": 188.10000610351562, \"text\": \" That's enough.\", \"tokens\": [51483, 663, 311, 1547, 13, 51533], \"temperature\": 1.0, \"avg_logprob\": -1.0220422744750977, \"compression_ratio\": 1.5929203033447266, \"no_speech_prob\": 0.013562420383095741}, {\"id\": 85, \"seek\": 16472, \"start\": 188.10000610351562, \"end\": 189.10000610351562, \"text\": \" Good work, Eli.\", \"tokens\": [51533, 2205, 589, 11, 16943, 13, 51583], \"temperature\": 1.0, \"avg_logprob\": -1.0220422744750977, \"compression_ratio\": 1.5929203033447266, \"no_speech_prob\": 0.013562420383095741}, {\"id\": 86, \"seek\": 16472, \"start\": 189.10000610351562, \"end\": 191.0, \"text\": \" I don't think he knows he's doing it.\", \"tokens\": [51583, 286, 500, 380, 519, 415, 3255, 415, 311, 884, 309, 13, 51678], \"temperature\": 1.0, \"avg_logprob\": -1.0220422744750977, \"compression_ratio\": 1.5929203033447266, \"no_speech_prob\": 0.013562420383095741}, {\"id\": 87, \"seek\": 16472, \"start\": 191.0, \"end\": 194.55999755859375, \"text\": \" A lot of guys are having a lot of tics and quirks.\", \"tokens\": [51678, 316, 688, 220, 2670, 1074, 366, 1419, 257, 450, 83, 220, 2670, 256, 1167, 293, 35645, 1694, 13, 51856], \"temperature\": 1.0, \"avg_logprob\": -1.0220422744750977, \"compression_ratio\": 1.5929203033447266, \"no_speech_prob\": 0.013562420383095741}, {\"id\": 88, \"seek\": 19456, \"start\": 194.55999755859375, \"end\": 195.55999755859375, \"text\": \" This one's just really pronounced.\", \"tokens\": [50364, 639, 472, 311, 445, 534, 23155, 13, 50414], \"temperature\": 0.0, \"avg_logprob\": -0.36952629685401917, \"compression_ratio\": 1.4072397947311401, \"no_speech_prob\": 0.02158711478114128}, {\"id\": 89, \"seek\": 19456, \"start\": 195.55999755859375, \"end\": 196.55999755859375, \"text\": \" Well, I guess we know what his favorite movie is.\", \"tokens\": [50414, 1042, 11, 286, 2041, 321, 458, 437, 702, 2954, 3169, 307, 13, 50464], \"temperature\": 0.0, \"avg_logprob\": -0.36952629685401917, \"compression_ratio\": 1.4072397947311401, \"no_speech_prob\": 0.02158711478114128}, {\"id\": 90, \"seek\": 19456, \"start\": 196.55999755859375, \"end\": 197.55999755859375, \"text\": \" So, who's next?\", \"tokens\": [50464, 407, 11, 567, 311, 958, 30, 50514], \"temperature\": 0.0, \"avg_logprob\": -0.36952629685401917, \"compression_ratio\": 1.4072397947311401, \"no_speech_prob\": 0.02158711478114128}, {\"id\": 91, \"seek\": 19456, \"start\": 197.55999755859375, \"end\": 208.55999755859375, \"text\": \" Master Coach, I am fully prepared to demonstrate my lack of knowledge in human mannerisms.\", \"tokens\": [50514, 6140, 17369, 11, 286, 669, 4498, 4927, 281, 11698, 452, 5011, 295, 3601, 294, 1952, 9060, 13539, 13, 51064], \"temperature\": 0.0, \"avg_logprob\": -0.36952629685401917, \"compression_ratio\": 1.4072397947311401, \"no_speech_prob\": 0.02158711478114128}, {\"id\": 92, \"seek\": 19456, \"start\": 208.55999755859375, \"end\": 209.55999755859375, \"text\": \" Great, Willie.\", \"tokens\": [51064, 3769, 11, 39912, 13, 51114], \"temperature\": 0.0, \"avg_logprob\": -0.36952629685401917, \"compression_ratio\": 1.4072397947311401, \"no_speech_prob\": 0.02158711478114128}, {\"id\": 93, \"seek\": 19456, \"start\": 209.55999755859375, \"end\": 210.55999755859375, \"text\": \" You're up.\", \"tokens\": [51114, 509, 434, 493, 13, 51164], \"temperature\": 0.0, \"avg_logprob\": -0.36952629685401917, \"compression_ratio\": 1.4072397947311401, \"no_speech_prob\": 0.02158711478114128}, {\"id\": 94, \"seek\": 19456, \"start\": 210.55999755859375, \"end\": 222.75999450683594, \"text\": \" Human female, I find your breasts most compelling, as their fatty tissue indicates fertility,\", \"tokens\": [51164, 10294, 6556, 11, 286, 915, 428, 34331, 881, 20050, 11, 382, 641, 24898, 12404, 16203, 31707, 11, 51774], \"temperature\": 0.0, \"avg_logprob\": -0.36952629685401917, \"compression_ratio\": 1.4072397947311401, \"no_speech_prob\": 0.02158711478114128}, {\"id\": 95, \"seek\": 22276, \"start\": 222.75999450683594, \"end\": 226.75999450683594, \"text\": \" which is advantageous to perpetuate the human race.\", \"tokens\": [50364, 597, 307, 5002, 563, 281, 16211, 10107, 264, 1952, 4569, 13, 50564], \"temperature\": 0.0, \"avg_logprob\": -0.29101040959358215, \"compression_ratio\": 1.5346534252166748, \"no_speech_prob\": 0.2972877025604248}, {\"id\": 96, \"seek\": 22276, \"start\": 226.75999450683594, \"end\": 230.75999450683594, \"text\": \" That wasn't a great start, Willie.\", \"tokens\": [50564, 663, 2067, 380, 257, 869, 722, 11, 39912, 13, 50764], \"temperature\": 0.0, \"avg_logprob\": -0.29101040959358215, \"compression_ratio\": 1.5346534252166748, \"no_speech_prob\": 0.2972877025604248}, {\"id\": 97, \"seek\": 22276, \"start\": 230.75999450683594, \"end\": 236.75999450683594, \"text\": \" Okay, Willie, instead of saying something from logic, try saying something with an emotion\", \"tokens\": [50764, 1033, 11, 39912, 11, 2602, 295, 1566, 746, 490, 9952, 11, 853, 1566, 746, 365, 364, 8913, 51064], \"temperature\": 0.0, \"avg_logprob\": -0.29101040959358215, \"compression_ratio\": 1.5346534252166748, \"no_speech_prob\": 0.2972877025604248}, {\"id\": 98, \"seek\": 22276, \"start\": 236.75999450683594, \"end\": 237.75999450683594, \"text\": \" attached to it.\", \"tokens\": [51064, 8570, 281, 309, 13, 51114], \"temperature\": 0.0, \"avg_logprob\": -0.29101040959358215, \"compression_ratio\": 1.5346534252166748, \"no_speech_prob\": 0.2972877025604248}, {\"id\": 99, \"seek\": 22276, \"start\": 237.75999450683594, \"end\": 238.75999450683594, \"text\": \" Yes.\", \"tokens\": [51114, 1079, 13, 51164], \"temperature\": 0.0, \"avg_logprob\": -0.29101040959358215, \"compression_ratio\": 1.5346534252166748, \"no_speech_prob\": 0.2972877025604248}, {\"id\": 100, \"seek\": 22276, \"start\": 238.75999450683594, \"end\": 242.75999450683594, \"text\": \" Human female, you are sitting next to me.\", \"tokens\": [51164, 10294, 6556, 11, 291, 366, 3798, 958, 281, 385, 13, 51364], \"temperature\": 0.0, \"avg_logprob\": -0.29101040959358215, \"compression_ratio\": 1.5346534252166748, \"no_speech_prob\": 0.2972877025604248}, {\"id\": 101, \"seek\": 22276, \"start\": 242.75999450683594, \"end\": 245.75999450683594, \"text\": \" Okay.\", \"tokens\": [51364, 1033, 13, 51514], \"temperature\": 0.0, \"avg_logprob\": -0.29101040959358215, \"compression_ratio\": 1.5346534252166748, \"no_speech_prob\": 0.2972877025604248}, {\"id\": 102, \"seek\": 22276, \"start\": 245.75999450683594, \"end\": 248.75999450683594, \"text\": \" Try giving her a compliment.\", \"tokens\": [51514, 6526, 2902, 720, 257, 16250, 13, 51664], \"temperature\": 0.0, \"avg_logprob\": -0.29101040959358215, \"compression_ratio\": 1.5346534252166748, \"no_speech_prob\": 0.2972877025604248}, {\"id\": 103, \"seek\": 22276, \"start\": 248.75999450683594, \"end\": 249.75999450683594, \"text\": \" Yes.\", \"tokens\": [51664, 1079, 13, 51714], \"temperature\": 0.0, \"avg_logprob\": -0.29101040959358215, \"compression_ratio\": 1.5346534252166748, \"no_speech_prob\": 0.2972877025604248}, {\"id\": 104, \"seek\": 22276, \"start\": 249.75999450683594, \"end\": 251.75999450683594, \"text\": \" Your hair is brownish blonde.\", \"tokens\": [51714, 2260, 2578, 307, 6292, 742, 30043, 13, 51814], \"temperature\": 0.0, \"avg_logprob\": -0.29101040959358215, \"compression_ratio\": 1.5346534252166748, \"no_speech_prob\": 0.2972877025604248}, {\"id\": 105, \"seek\": 25176, \"start\": 251.75999450683594, \"end\": 252.75999450683594, \"text\": \" Thank you.\", \"tokens\": [50364, 1044, 291, 13, 50414], \"temperature\": 0.0, \"avg_logprob\": -0.1945500373840332, \"compression_ratio\": 1.4765957593917847, \"no_speech_prob\": 0.04957079142332077}, {\"id\": 106, \"seek\": 25176, \"start\": 252.75999450683594, \"end\": 253.75999450683594, \"text\": \" You're welcome.\", \"tokens\": [50414, 509, 434, 2928, 13, 50464], \"temperature\": 0.0, \"avg_logprob\": -0.1945500373840332, \"compression_ratio\": 1.4765957593917847, \"no_speech_prob\": 0.04957079142332077}, {\"id\": 107, \"seek\": 25176, \"start\": 253.75999450683594, \"end\": 254.75999450683594, \"text\": \" Okay, okay.\", \"tokens\": [50464, 1033, 11, 1392, 13, 50514], \"temperature\": 0.0, \"avg_logprob\": -0.1945500373840332, \"compression_ratio\": 1.4765957593917847, \"no_speech_prob\": 0.04957079142332077}, {\"id\": 108, \"seek\": 25176, \"start\": 254.75999450683594, \"end\": 257.760009765625, \"text\": \" Try telling her something about yourself.\", \"tokens\": [50514, 6526, 3585, 720, 746, 466, 1803, 13, 50664], \"temperature\": 0.0, \"avg_logprob\": -0.1945500373840332, \"compression_ratio\": 1.4765957593917847, \"no_speech_prob\": 0.04957079142332077}, {\"id\": 109, \"seek\": 25176, \"start\": 257.760009765625, \"end\": 263.760009765625, \"text\": \" I have successfully reproduced with 567 females on my home planet of Exxon.\", \"tokens\": [50664, 286, 362, 10727, 11408, 1232, 365, 19687, 22, 21529, 322, 452, 1280, 5054, 295, 2111, 87, 266, 13, 50964], \"temperature\": 0.0, \"avg_logprob\": -0.1945500373840332, \"compression_ratio\": 1.4765957593917847, \"no_speech_prob\": 0.04957079142332077}, {\"id\": 110, \"seek\": 25176, \"start\": 263.760009765625, \"end\": 266.760009765625, \"text\": \" Okay, Willie, that's great.\", \"tokens\": [50964, 1033, 11, 39912, 11, 300, 311, 869, 13, 51114], \"temperature\": 0.0, \"avg_logprob\": -0.1945500373840332, \"compression_ratio\": 1.4765957593917847, \"no_speech_prob\": 0.04957079142332077}, {\"id\": 111, \"seek\": 25176, \"start\": 266.760009765625, \"end\": 268.760009765625, \"text\": \" Let's move on.\", \"tokens\": [51114, 961, 311, 1286, 322, 13, 51214], \"temperature\": 0.0, \"avg_logprob\": -0.1945500373840332, \"compression_ratio\": 1.4765957593917847, \"no_speech_prob\": 0.04957079142332077}, {\"id\": 112, \"seek\": 25176, \"start\": 268.760009765625, \"end\": 269.760009765625, \"text\": \" Please.\", \"tokens\": [51214, 2555, 13, 51264], \"temperature\": 0.0, \"avg_logprob\": -0.1945500373840332, \"compression_ratio\": 1.4765957593917847, \"no_speech_prob\": 0.04957079142332077}, {\"id\": 113, \"seek\": 25176, \"start\": 269.760009765625, \"end\": 271.760009765625, \"text\": \" Basic rule of thumb.\", \"tokens\": [51264, 31598, 4978, 295, 9298, 13, 51364], \"temperature\": 0.0, \"avg_logprob\": -0.1945500373840332, \"compression_ratio\": 1.4765957593917847, \"no_speech_prob\": 0.04957079142332077}, {\"id\": 114, \"seek\": 25176, \"start\": 271.760009765625, \"end\": 276.760009765625, \"text\": \" You don't brag about the other women you've been with when you're with a girl you're interested\", \"tokens\": [51364, 509, 500, 380, 41995, 466, 264, 661, 2266, 291, 600, 668, 365, 562, 291, 434, 365, 257, 2013, 291, 434, 3102, 51614], \"temperature\": 0.0, \"avg_logprob\": -0.1945500373840332, \"compression_ratio\": 1.4765957593917847, \"no_speech_prob\": 0.04957079142332077}, {\"id\": 115, \"seek\": 25176, \"start\": 276.760009765625, \"end\": 277.760009765625, \"text\": \" in.\", \"tokens\": [51614, 294, 13, 51664], \"temperature\": 0.0, \"avg_logprob\": -0.1945500373840332, \"compression_ratio\": 1.4765957593917847, \"no_speech_prob\": 0.04957079142332077}, {\"id\": 116, \"seek\": 25176, \"start\": 277.760009765625, \"end\": 279.760009765625, \"text\": \" Kind of a turnoff.\", \"tokens\": [51664, 9242, 295, 257, 1261, 4506, 13, 51764], \"temperature\": 0.0, \"avg_logprob\": -0.1945500373840332, \"compression_ratio\": 1.4765957593917847, \"no_speech_prob\": 0.04957079142332077}, {\"id\": 117, \"seek\": 27976, \"start\": 280.760009765625, \"end\": 284.760009765625, \"text\": \" Okay, I guess I'll go.\", \"tokens\": [50414, 1033, 11, 286, 2041, 286, 603, 352, 13, 50614], \"temperature\": 0.0, \"avg_logprob\": -0.20447663962841034, \"compression_ratio\": 1.3435114622116089, \"no_speech_prob\": 0.05026526004076004}, {\"id\": 118, \"seek\": 27976, \"start\": 289.760009765625, \"end\": 291.760009765625, \"text\": \" Hello.\", \"tokens\": [50864, 2425, 13, 50964], \"temperature\": 0.0, \"avg_logprob\": -0.20447663962841034, \"compression_ratio\": 1.3435114622116089, \"no_speech_prob\": 0.05026526004076004}, {\"id\": 119, \"seek\": 27976, \"start\": 291.760009765625, \"end\": 297.760009765625, \"text\": \" I just saw you from across the room, and I thought that I would go and say hello.\", \"tokens\": [50964, 286, 445, 1866, 291, 490, 2108, 264, 1808, 11, 293, 286, 1194, 300, 286, 576, 352, 293, 584, 7751, 13, 51264], \"temperature\": 0.0, \"avg_logprob\": -0.20447663962841034, \"compression_ratio\": 1.3435114622116089, \"no_speech_prob\": 0.05026526004076004}, {\"id\": 120, \"seek\": 27976, \"start\": 297.760009765625, \"end\": 301.760009765625, \"text\": \" So, hello.\", \"tokens\": [51264, 407, 11, 7751, 13, 51464], \"temperature\": 0.0, \"avg_logprob\": -0.20447663962841034, \"compression_ratio\": 1.3435114622116089, \"no_speech_prob\": 0.05026526004076004}, {\"id\": 121, \"seek\": 27976, \"start\": 301.760009765625, \"end\": 302.760009765625, \"text\": \" Hi.\", \"tokens\": [51464, 2421, 13, 51514], \"temperature\": 0.0, \"avg_logprob\": -0.20447663962841034, \"compression_ratio\": 1.3435114622116089, \"no_speech_prob\": 0.05026526004076004}, {\"id\": 122, \"seek\": 27976, \"start\": 302.760009765625, \"end\": 303.760009765625, \"text\": \" How are you?\", \"tokens\": [51514, 1012, 366, 291, 30, 51564], \"temperature\": 0.0, \"avg_logprob\": -0.20447663962841034, \"compression_ratio\": 1.3435114622116089, \"no_speech_prob\": 0.05026526004076004}, {\"id\": 123, \"seek\": 27976, \"start\": 303.760009765625, \"end\": 304.760009765625, \"text\": \" I'm good.\", \"tokens\": [51564, 286, 478, 665, 13, 51614], \"temperature\": 0.0, \"avg_logprob\": -0.20447663962841034, \"compression_ratio\": 1.3435114622116089, \"no_speech_prob\": 0.05026526004076004}, {\"id\": 124, \"seek\": 27976, \"start\": 304.760009765625, \"end\": 306.760009765625, \"text\": \" I'm really good, actually.\", \"tokens\": [51614, 286, 478, 534, 665, 11, 767, 13, 51714], \"temperature\": 0.0, \"avg_logprob\": -0.20447663962841034, \"compression_ratio\": 1.3435114622116089, \"no_speech_prob\": 0.05026526004076004}, {\"id\": 125, \"seek\": 30676, \"start\": 307.760009765625, \"end\": 313.760009765625, \"text\": \" It's going to sound a little bit weird, but that kind of sounded like a plosiosaurus.\", \"tokens\": [50414, 467, 311, 516, 281, 1626, 257, 707, 857, 3657, 11, 457, 300, 733, 295, 17714, 411, 257, 499, 329, 2717, 40913, 13, 50714], \"temperature\": 0.0, \"avg_logprob\": -0.24083733558654785, \"compression_ratio\": 1.5900382995605469, \"no_speech_prob\": 0.012978032231330872}, {\"id\": 126, \"seek\": 30676, \"start\": 313.760009765625, \"end\": 315.760009765625, \"text\": \" Excuse me?\", \"tokens\": [50714, 11359, 385, 30, 50814], \"temperature\": 0.0, \"avg_logprob\": -0.24083733558654785, \"compression_ratio\": 1.5900382995605469, \"no_speech_prob\": 0.012978032231330872}, {\"id\": 127, \"seek\": 30676, \"start\": 315.760009765625, \"end\": 317.760009765625, \"text\": \" Never mind.\", \"tokens\": [50814, 7344, 1575, 13, 50914], \"temperature\": 0.0, \"avg_logprob\": -0.24083733558654785, \"compression_ratio\": 1.5900382995605469, \"no_speech_prob\": 0.012978032231330872}, {\"id\": 128, \"seek\": 30676, \"start\": 317.760009765625, \"end\": 318.760009765625, \"text\": \" Forget it.\", \"tokens\": [50914, 18675, 309, 13, 50964], \"temperature\": 0.0, \"avg_logprob\": -0.24083733558654785, \"compression_ratio\": 1.5900382995605469, \"no_speech_prob\": 0.012978032231330872}, {\"id\": 129, \"seek\": 30676, \"start\": 318.760009765625, \"end\": 319.760009765625, \"text\": \" It was stupid.\", \"tokens\": [50964, 467, 390, 6631, 13, 51014], \"temperature\": 0.0, \"avg_logprob\": -0.24083733558654785, \"compression_ratio\": 1.5900382995605469, \"no_speech_prob\": 0.012978032231330872}, {\"id\": 130, \"seek\": 30676, \"start\": 319.760009765625, \"end\": 321.760009765625, \"text\": \" I don't know why I said that.\", \"tokens\": [51014, 286, 500, 380, 458, 983, 286, 848, 300, 13, 51114], \"temperature\": 0.0, \"avg_logprob\": -0.24083733558654785, \"compression_ratio\": 1.5900382995605469, \"no_speech_prob\": 0.012978032231330872}, {\"id\": 131, \"seek\": 30676, \"start\": 321.760009765625, \"end\": 322.760009765625, \"text\": \" I didn't...\", \"tokens\": [51114, 286, 994, 380, 485, 51164], \"temperature\": 0.0, \"avg_logprob\": -0.24083733558654785, \"compression_ratio\": 1.5900382995605469, \"no_speech_prob\": 0.012978032231330872}, {\"id\": 132, \"seek\": 30676, \"start\": 322.760009765625, \"end\": 323.760009765625, \"text\": \" No, no, no, no.\", \"tokens\": [51164, 883, 11, 572, 11, 572, 11, 572, 13, 51214], \"temperature\": 0.0, \"avg_logprob\": -0.24083733558654785, \"compression_ratio\": 1.5900382995605469, \"no_speech_prob\": 0.012978032231330872}, {\"id\": 133, \"seek\": 30676, \"start\": 323.760009765625, \"end\": 330.760009765625, \"text\": \" Plosiosaurus, as in Dr. Plos's recent discovery in biped dinosaurs from the Cretaceous period.\", \"tokens\": [51214, 2149, 329, 2717, 40913, 11, 382, 294, 2491, 13, 2149, 329, 311, 5162, 12114, 294, 19016, 292, 25851, 490, 264, 383, 1505, 617, 563, 2896, 13, 51564], \"temperature\": 0.0, \"avg_logprob\": -0.24083733558654785, \"compression_ratio\": 1.5900382995605469, \"no_speech_prob\": 0.012978032231330872}, {\"id\": 134, \"seek\": 30676, \"start\": 330.760009765625, \"end\": 331.760009765625, \"text\": \" The Cretaceous period?\", \"tokens\": [51564, 440, 383, 1505, 617, 563, 2896, 30, 51614], \"temperature\": 0.0, \"avg_logprob\": -0.24083733558654785, \"compression_ratio\": 1.5900382995605469, \"no_speech_prob\": 0.012978032231330872}, {\"id\": 135, \"seek\": 30676, \"start\": 331.760009765625, \"end\": 332.760009765625, \"text\": \" Yeah.\", \"tokens\": [51614, 865, 13, 51664], \"temperature\": 0.0, \"avg_logprob\": -0.24083733558654785, \"compression_ratio\": 1.5900382995605469, \"no_speech_prob\": 0.012978032231330872}, {\"id\": 136, \"seek\": 30676, \"start\": 332.760009765625, \"end\": 333.760009765625, \"text\": \" That's exactly what I'm talking about.\", \"tokens\": [51664, 663, 311, 2293, 437, 286, 478, 1417, 466, 13, 51714], \"temperature\": 0.0, \"avg_logprob\": -0.24083733558654785, \"compression_ratio\": 1.5900382995605469, \"no_speech_prob\": 0.012978032231330872}, {\"id\": 137, \"seek\": 30676, \"start\": 333.760009765625, \"end\": 334.760009765625, \"text\": \" You read that in the scientific journal?\", \"tokens\": [51714, 509, 1401, 300, 294, 264, 8134, 6708, 30, 51764], \"temperature\": 0.0, \"avg_logprob\": -0.24083733558654785, \"compression_ratio\": 1.5900382995605469, \"no_speech_prob\": 0.012978032231330872}, {\"id\": 138, \"seek\": 30676, \"start\": 334.760009765625, \"end\": 335.760009765625, \"text\": \" Yeah, yeah, I did.\", \"tokens\": [51764, 865, 11, 1338, 11, 286, 630, 13, 51814], \"temperature\": 0.0, \"avg_logprob\": -0.24083733558654785, \"compression_ratio\": 1.5900382995605469, \"no_speech_prob\": 0.012978032231330872}, {\"id\": 139, \"seek\": 33576, \"start\": 335.760009765625, \"end\": 336.760009765625, \"text\": \" Oh my god, of course I did.\", \"tokens\": [50364, 876, 452, 3044, 11, 295, 1164, 286, 630, 13, 50414], \"temperature\": 0.0, \"avg_logprob\": -0.28190720081329346, \"compression_ratio\": 1.537313461303711, \"no_speech_prob\": 0.030118249356746674}, {\"id\": 140, \"seek\": 33576, \"start\": 336.760009765625, \"end\": 339.760009765625, \"text\": \" And all this research about dino vocal cords.\", \"tokens\": [50414, 400, 439, 341, 2132, 466, 274, 2982, 11657, 36302, 13, 50564], \"temperature\": 0.0, \"avg_logprob\": -0.28190720081329346, \"compression_ratio\": 1.537313461303711, \"no_speech_prob\": 0.030118249356746674}, {\"id\": 141, \"seek\": 33576, \"start\": 339.760009765625, \"end\": 340.760009765625, \"text\": \" Amazing.\", \"tokens\": [50564, 14165, 13, 50614], \"temperature\": 0.0, \"avg_logprob\": -0.28190720081329346, \"compression_ratio\": 1.537313461303711, \"no_speech_prob\": 0.030118249356746674}, {\"id\": 142, \"seek\": 33576, \"start\": 340.760009765625, \"end\": 341.760009765625, \"text\": \" I know.\", \"tokens\": [50614, 286, 458, 13, 50664], \"temperature\": 0.0, \"avg_logprob\": -0.28190720081329346, \"compression_ratio\": 1.537313461303711, \"no_speech_prob\": 0.030118249356746674}, {\"id\": 143, \"seek\": 33576, \"start\": 341.760009765625, \"end\": 345.760009765625, \"text\": \" And it's like more of a, what do you say, more of a guttural sound.\", \"tokens\": [50664, 400, 309, 311, 411, 544, 295, 257, 11, 437, 360, 291, 584, 11, 544, 295, 257, 5228, 83, 1807, 1626, 13, 50864], \"temperature\": 0.0, \"avg_logprob\": -0.28190720081329346, \"compression_ratio\": 1.537313461303711, \"no_speech_prob\": 0.030118249356746674}, {\"id\": 144, \"seek\": 33576, \"start\": 345.760009765625, \"end\": 346.760009765625, \"text\": \" Right, right.\", \"tokens\": [50864, 1779, 11, 558, 13, 50914], \"temperature\": 0.0, \"avg_logprob\": -0.28190720081329346, \"compression_ratio\": 1.537313461303711, \"no_speech_prob\": 0.030118249356746674}, {\"id\": 145, \"seek\": 33576, \"start\": 346.760009765625, \"end\": 347.760009765625, \"text\": \" It's like a...\", \"tokens\": [50914, 467, 311, 411, 257, 485, 50964], \"temperature\": 0.0, \"avg_logprob\": -0.28190720081329346, \"compression_ratio\": 1.537313461303711, \"no_speech_prob\": 0.030118249356746674}, {\"id\": 146, \"seek\": 33576, \"start\": 347.760009765625, \"end\": 348.760009765625, \"text\": \" Like a...\", \"tokens\": [50964, 1743, 257, 485, 51014], \"temperature\": 0.0, \"avg_logprob\": -0.28190720081329346, \"compression_ratio\": 1.537313461303711, \"no_speech_prob\": 0.030118249356746674}, {\"id\": 147, \"seek\": 33576, \"start\": 348.760009765625, \"end\": 349.760009765625, \"text\": \" Like a...\", \"tokens\": [51014, 1743, 257, 485, 51064], \"temperature\": 0.0, \"avg_logprob\": -0.28190720081329346, \"compression_ratio\": 1.537313461303711, \"no_speech_prob\": 0.030118249356746674}, {\"id\": 148, \"seek\": 33576, \"start\": 353.760009765625, \"end\": 354.760009765625, \"text\": \" Good, you just...\", \"tokens\": [51264, 2205, 11, 291, 445, 485, 51314], \"temperature\": 0.0, \"avg_logprob\": -0.28190720081329346, \"compression_ratio\": 1.537313461303711, \"no_speech_prob\": 0.030118249356746674}, {\"id\": 149, \"seek\": 33576, \"start\": 354.760009765625, \"end\": 357.760009765625, \"text\": \" If you sit up, and then you push from your diaphragm...\", \"tokens\": [51314, 759, 291, 1394, 493, 11, 293, 550, 291, 2944, 490, 428, 46711, 76, 485, 51464], \"temperature\": 0.0, \"avg_logprob\": -0.28190720081329346, \"compression_ratio\": 1.537313461303711, \"no_speech_prob\": 0.030118249356746674}, {\"id\": 150, \"seek\": 33576, \"start\": 362.760009765625, \"end\": 363.760009765625, \"text\": \" Yeah, that's it.\", \"tokens\": [51714, 865, 11, 300, 311, 309, 13, 51764], \"temperature\": 0.0, \"avg_logprob\": -0.28190720081329346, \"compression_ratio\": 1.537313461303711, \"no_speech_prob\": 0.030118249356746674}, {\"id\": 151, \"seek\": 33576, \"start\": 363.760009765625, \"end\": 364.760009765625, \"text\": \" That's it.\", \"tokens\": [51764, 663, 311, 309, 13, 51814], \"temperature\": 0.0, \"avg_logprob\": -0.28190720081329346, \"compression_ratio\": 1.537313461303711, \"no_speech_prob\": 0.030118249356746674}, {\"id\": 152, \"seek\": 36576, \"start\": 366.760009765625, \"end\": 367.760009765625, \"text\": \" That's it.\", \"tokens\": [50414, 663, 311, 309, 13, 50464], \"temperature\": 0.0, \"avg_logprob\": -0.30968889594078064, \"compression_ratio\": 1.3937008380889893, \"no_speech_prob\": 0.004253509920090437}, {\"id\": 153, \"seek\": 36576, \"start\": 369.760009765625, \"end\": 373.760009765625, \"text\": \" You're the first girl that I've ever met to ever have any interest in dinosaurs.\", \"tokens\": [50564, 509, 434, 264, 700, 2013, 300, 286, 600, 1562, 1131, 281, 1562, 362, 604, 1179, 294, 25851, 13, 50764], \"temperature\": 0.0, \"avg_logprob\": -0.30968889594078064, \"compression_ratio\": 1.3937008380889893, \"no_speech_prob\": 0.004253509920090437}, {\"id\": 154, \"seek\": 36576, \"start\": 374.760009765625, \"end\": 376.760009765625, \"text\": \" Hold on a second.\", \"tokens\": [50814, 6962, 322, 257, 1150, 13, 50914], \"temperature\": 0.0, \"avg_logprob\": -0.30968889594078064, \"compression_ratio\": 1.3937008380889893, \"no_speech_prob\": 0.004253509920090437}, {\"id\": 155, \"seek\": 36576, \"start\": 381.760009765625, \"end\": 382.760009765625, \"text\": \" I'm so stupid.\", \"tokens\": [51164, 286, 478, 370, 6631, 13, 51214], \"temperature\": 0.0, \"avg_logprob\": -0.30968889594078064, \"compression_ratio\": 1.3937008380889893, \"no_speech_prob\": 0.004253509920090437}, {\"id\": 156, \"seek\": 36576, \"start\": 382.760009765625, \"end\": 383.760009765625, \"text\": \" I'm sorry, guys.\", \"tokens\": [51214, 286, 478, 2597, 11, 1074, 13, 51264], \"temperature\": 0.0, \"avg_logprob\": -0.30968889594078064, \"compression_ratio\": 1.3937008380889893, \"no_speech_prob\": 0.004253509920090437}, {\"id\": 157, \"seek\": 36576, \"start\": 383.760009765625, \"end\": 384.760009765625, \"text\": \" I have to do this.\", \"tokens\": [51264, 286, 362, 281, 360, 341, 13, 51314], \"temperature\": 0.0, \"avg_logprob\": -0.30968889594078064, \"compression_ratio\": 1.3937008380889893, \"no_speech_prob\": 0.004253509920090437}, {\"id\": 158, \"seek\": 36576, \"start\": 384.760009765625, \"end\": 385.760009765625, \"text\": \" I can't do this.\", \"tokens\": [51314, 286, 393, 380, 360, 341, 13, 51364], \"temperature\": 0.0, \"avg_logprob\": -0.30968889594078064, \"compression_ratio\": 1.3937008380889893, \"no_speech_prob\": 0.004253509920090437}, {\"id\": 159, \"seek\": 39576, \"start\": 395.760009765625, \"end\": 396.760009765625, \"text\": \" I can't do this.\", \"tokens\": [50364, 286, 393, 380, 360, 341, 13, 50414], \"temperature\": 0.0, \"avg_logprob\": -0.2348754107952118, \"compression_ratio\": 1.382165551185608, \"no_speech_prob\": 0.003943067975342274}, {\"id\": 160, \"seek\": 39576, \"start\": 402.760009765625, \"end\": 406.760009765625, \"text\": \" Normally my mom just does it for me, but since she's not here, she texts me to remind me\", \"tokens\": [50714, 17424, 452, 1225, 445, 775, 309, 337, 385, 11, 457, 1670, 750, 311, 406, 510, 11, 750, 15765, 385, 281, 4160, 385, 50914], \"temperature\": 0.0, \"avg_logprob\": -0.2348754107952118, \"compression_ratio\": 1.382165551185608, \"no_speech_prob\": 0.003943067975342274}, {\"id\": 161, \"seek\": 39576, \"start\": 406.760009765625, \"end\": 407.760009765625, \"text\": \" to take my vitamins.\", \"tokens\": [50914, 281, 747, 452, 27920, 13, 50964], \"temperature\": 0.0, \"avg_logprob\": -0.2348754107952118, \"compression_ratio\": 1.382165551185608, \"no_speech_prob\": 0.003943067975342274}, {\"id\": 162, \"seek\": 39576, \"start\": 419.760009765625, \"end\": 421.760009765625, \"text\": \" They have to be taken in a very specific order.\", \"tokens\": [51564, 814, 362, 281, 312, 2726, 294, 257, 588, 2685, 1668, 13, 51664], \"temperature\": 0.0, \"avg_logprob\": -0.2348754107952118, \"compression_ratio\": 1.382165551185608, \"no_speech_prob\": 0.003943067975342274}, {\"id\": 163, \"seek\": 39576, \"start\": 421.760009765625, \"end\": 423.760009765625, \"text\": \" It has to do with how they're metabolized.\", \"tokens\": [51664, 467, 575, 281, 360, 365, 577, 436, 434, 19110, 1602, 13, 51764], \"temperature\": 0.0, \"avg_logprob\": -0.2348754107952118, \"compression_ratio\": 1.382165551185608, \"no_speech_prob\": 0.003943067975342274}, {\"id\": 164, \"seek\": 42576, \"start\": 426.760009765625, \"end\": 428.760009765625, \"text\": \" It has to do with how they're metabolized.\", \"tokens\": [50414, 220, 3522, 575, 281, 360, 365, 577, 436, 434, 19110, 1602, 13, 50514], \"temperature\": 0.4000000059604645, \"avg_logprob\": -0.3996455669403076, \"compression_ratio\": 1.2000000476837158, \"no_speech_prob\": 0.0012047988129779696}, {\"id\": 165, \"seek\": 42576, \"start\": 441.760009765625, \"end\": 445.760009765625, \"text\": \" Doug is really healthy.\", \"tokens\": [51164, 12742, 307, 534, 4627, 13, 51364], \"temperature\": 0.4000000059604645, \"avg_logprob\": -0.3996455669403076, \"compression_ratio\": 1.2000000476837158, \"no_speech_prob\": 0.0012047988129779696}, {\"id\": 166, \"seek\": 42576, \"start\": 447.760009765625, \"end\": 450.760009765625, \"text\": \" So just notice if you're feeling nervous to watch yourself.\", \"tokens\": [51464, 407, 445, 3449, 498, 291, 434, 2633, 6296, 281, 1159, 1803, 13, 51614], \"temperature\": 0.4000000059604645, \"avg_logprob\": -0.3996455669403076, \"compression_ratio\": 1.2000000476837158, \"no_speech_prob\": 0.0012047988129779696}, {\"id\": 167, \"seek\": 42576, \"start\": 450.760009765625, \"end\": 451.760009765625, \"text\": \" Here's Eli.\", \"tokens\": [51614, 1692, 311, 16943, 13, 51664], \"temperature\": 0.4000000059604645, \"avg_logprob\": -0.3996455669403076, \"compression_ratio\": 1.2000000476837158, \"no_speech_prob\": 0.0012047988129779696}, {\"id\": 168, \"seek\": 45576, \"start\": 455.760009765625, \"end\": 456.760009765625, \"text\": \" How are you spending it?\", \"tokens\": [50364, 1012, 366, 291, 6434, 309, 30, 50414], \"temperature\": 0.0, \"avg_logprob\": -0.26875314116477966, \"compression_ratio\": 1.510121464729309, \"no_speech_prob\": 0.045277729630470276}, {\"id\": 169, \"seek\": 45576, \"start\": 456.760009765625, \"end\": 457.760009765625, \"text\": \" Good.\", \"tokens\": [50414, 2205, 13, 50464], \"temperature\": 0.0, \"avg_logprob\": -0.26875314116477966, \"compression_ratio\": 1.510121464729309, \"no_speech_prob\": 0.045277729630470276}, {\"id\": 170, \"seek\": 45576, \"start\": 460.760009765625, \"end\": 461.760009765625, \"text\": \" Oh my god.\", \"tokens\": [50614, 876, 452, 3044, 13, 50664], \"temperature\": 0.0, \"avg_logprob\": -0.26875314116477966, \"compression_ratio\": 1.510121464729309, \"no_speech_prob\": 0.045277729630470276}, {\"id\": 171, \"seek\": 45576, \"start\": 461.760009765625, \"end\": 463.760009765625, \"text\": \" I sound like Johnny Depp.\", \"tokens\": [50664, 286, 1626, 411, 15999, 1346, 427, 13, 50764], \"temperature\": 0.0, \"avg_logprob\": -0.26875314116477966, \"compression_ratio\": 1.510121464729309, \"no_speech_prob\": 0.045277729630470276}, {\"id\": 172, \"seek\": 45576, \"start\": 464.760009765625, \"end\": 465.760009765625, \"text\": \" Yeah, you know, it's pretty common.\", \"tokens\": [50814, 865, 11, 291, 458, 11, 309, 311, 1238, 2689, 13, 50864], \"temperature\": 0.0, \"avg_logprob\": -0.26875314116477966, \"compression_ratio\": 1.510121464729309, \"no_speech_prob\": 0.045277729630470276}, {\"id\": 173, \"seek\": 45576, \"start\": 465.760009765625, \"end\": 469.760009765625, \"text\": \" A lot of guys will go into a sort of character mood, like what you're doing.\", \"tokens\": [50864, 316, 688, 295, 1074, 486, 352, 666, 257, 1333, 295, 2517, 9268, 11, 411, 437, 291, 434, 884, 13, 51064], \"temperature\": 0.0, \"avg_logprob\": -0.26875314116477966, \"compression_ratio\": 1.510121464729309, \"no_speech_prob\": 0.045277729630470276}, {\"id\": 174, \"seek\": 45576, \"start\": 469.760009765625, \"end\": 475.760009765625, \"text\": \" And it's usually some sort of social mask to hide the feelings of anxiety and insecurity\", \"tokens\": [51064, 400, 309, 311, 2673, 512, 1333, 295, 2093, 6094, 281, 6479, 264, 6640, 295, 9119, 293, 35058, 51364], \"temperature\": 0.0, \"avg_logprob\": -0.26875314116477966, \"compression_ratio\": 1.510121464729309, \"no_speech_prob\": 0.045277729630470276}, {\"id\": 175, \"seek\": 45576, \"start\": 475.760009765625, \"end\": 477.760009765625, \"text\": \" rather than just being yourself.\", \"tokens\": [51364, 2831, 813, 445, 885, 1803, 13, 51464], \"temperature\": 0.0, \"avg_logprob\": -0.26875314116477966, \"compression_ratio\": 1.510121464729309, \"no_speech_prob\": 0.045277729630470276}, {\"id\": 176, \"seek\": 45576, \"start\": 477.760009765625, \"end\": 480.760009765625, \"text\": \" Okay, but how do I change that?\", \"tokens\": [51464, 1033, 11, 457, 577, 360, 286, 1319, 300, 30, 51614], \"temperature\": 0.0, \"avg_logprob\": -0.26875314116477966, \"compression_ratio\": 1.510121464729309, \"no_speech_prob\": 0.045277729630470276}, {\"id\": 177, \"seek\": 45576, \"start\": 481.760009765625, \"end\": 483.760009765625, \"text\": \" Awareness is the first step to change.\", \"tokens\": [51664, 43949, 1287, 307, 264, 700, 1823, 281, 1319, 13, 51764], \"temperature\": 0.0, \"avg_logprob\": -0.26875314116477966, \"compression_ratio\": 1.510121464729309, \"no_speech_prob\": 0.045277729630470276}, {\"id\": 178, \"seek\": 48376, \"start\": 484.760009765625, \"end\": 487.760009765625, \"text\": \" And now that you've seen it, your unconscious mind will go to work to change it.\", \"tokens\": [50414, 400, 586, 300, 291, 600, 1612, 309, 11, 428, 18900, 1575, 486, 352, 281, 589, 281, 1319, 309, 13, 50564], \"temperature\": 0.0, \"avg_logprob\": -0.2244240790605545, \"compression_ratio\": 1.4507042169570923, \"no_speech_prob\": 0.032070327550172806}, {\"id\": 179, \"seek\": 48376, \"start\": 502.760009765625, \"end\": 507.760009765625, \"text\": \" No, this is not convincing human behavior.\", \"tokens\": [51314, 883, 11, 341, 307, 406, 24823, 1952, 5223, 13, 51564], \"temperature\": 0.0, \"avg_logprob\": -0.2244240790605545, \"compression_ratio\": 1.4507042169570923, \"no_speech_prob\": 0.032070327550172806}, {\"id\": 180, \"seek\": 48376, \"start\": 508.760009765625, \"end\": 512.760009765625, \"text\": \" Just see how uncomfortable you're making her, and we'll go to work to change that.\", \"tokens\": [51614, 1449, 536, 577, 10532, 291, 434, 1455, 720, 11, 293, 321, 603, 352, 281, 589, 281, 1319, 300, 13, 51814], \"temperature\": 0.0, \"avg_logprob\": -0.2244240790605545, \"compression_ratio\": 1.4507042169570923, \"no_speech_prob\": 0.032070327550172806}, {\"id\": 181, \"seek\": 51376, \"start\": 514.760009765625, \"end\": 515.760009765625, \"text\": \" Oh, goodness.\", \"tokens\": [50414, 876, 11, 8387, 13, 50464], \"temperature\": 0.0, \"avg_logprob\": -0.2263735979795456, \"compression_ratio\": 1.4502923488616943, \"no_speech_prob\": 0.0021819579415023327}, {\"id\": 182, \"seek\": 51376, \"start\": 523.760009765625, \"end\": 526.760009765625, \"text\": \" I hate watching myself on camera.\", \"tokens\": [50864, 286, 4700, 1976, 2059, 322, 2799, 13, 51014], \"temperature\": 0.0, \"avg_logprob\": -0.2263735979795456, \"compression_ratio\": 1.4502923488616943, \"no_speech_prob\": 0.0021819579415023327}, {\"id\": 183, \"seek\": 51376, \"start\": 527.760009765625, \"end\": 531.760009765625, \"text\": \" So Doug, your assignment this week is to set an alarm when you need to take those vitamins\", \"tokens\": [51064, 407, 12742, 11, 428, 15187, 341, 1243, 307, 281, 992, 364, 14183, 562, 291, 643, 281, 747, 729, 27920, 51264], \"temperature\": 0.0, \"avg_logprob\": -0.2263735979795456, \"compression_ratio\": 1.4502923488616943, \"no_speech_prob\": 0.0021819579415023327}, {\"id\": 184, \"seek\": 51376, \"start\": 531.760009765625, \"end\": 534.760009765625, \"text\": \" and tell your mom that she doesn't need to remind you anymore.\", \"tokens\": [51264, 293, 980, 428, 1225, 300, 750, 1177, 380, 643, 281, 4160, 291, 3602, 13, 51414], \"temperature\": 0.0, \"avg_logprob\": -0.2263735979795456, \"compression_ratio\": 1.4502923488616943, \"no_speech_prob\": 0.0021819579415023327}, {\"id\": 185, \"seek\": 51376, \"start\": 536.760009765625, \"end\": 537.760009765625, \"text\": \" I don't know.\", \"tokens\": [51514, 286, 500, 380, 458, 13, 51564], \"temperature\": 0.0, \"avg_logprob\": -0.2263735979795456, \"compression_ratio\": 1.4502923488616943, \"no_speech_prob\": 0.0021819579415023327}, {\"id\": 186, \"seek\": 51376, \"start\": 537.760009765625, \"end\": 539.760009765625, \"text\": \" I'm kind of a creature of habit.\", \"tokens\": [51564, 286, 478, 733, 295, 257, 12797, 295, 7164, 13, 51664], \"temperature\": 0.0, \"avg_logprob\": -0.2263735979795456, \"compression_ratio\": 1.4502923488616943, \"no_speech_prob\": 0.0021819579415023327}, {\"id\": 187, \"seek\": 53976, \"start\": 539.760009765625, \"end\": 542.760009765625, \"text\": \" Well, Doug, we're building new attractive habits.\", \"tokens\": [50364, 1042, 11, 12742, 11, 321, 434, 2390, 777, 12609, 14100, 13, 50514], \"temperature\": 0.0, \"avg_logprob\": -0.21938741207122803, \"compression_ratio\": 1.4837208986282349, \"no_speech_prob\": 0.0002823798859026283}, {\"id\": 188, \"seek\": 53976, \"start\": 542.760009765625, \"end\": 546.760009765625, \"text\": \" And honestly, the mom thing, it's just not attractive to a beautiful woman.\", \"tokens\": [50514, 400, 6095, 11, 264, 1225, 551, 11, 309, 311, 445, 406, 12609, 281, 257, 2238, 3059, 13, 50714], \"temperature\": 0.0, \"avg_logprob\": -0.21938741207122803, \"compression_ratio\": 1.4837208986282349, \"no_speech_prob\": 0.0002823798859026283}, {\"id\": 189, \"seek\": 53976, \"start\": 547.760009765625, \"end\": 549.760009765625, \"text\": \" So, you want to take that off, Doug?\", \"tokens\": [50764, 407, 11, 291, 528, 281, 747, 300, 766, 11, 12742, 30, 50864], \"temperature\": 0.0, \"avg_logprob\": -0.21938741207122803, \"compression_ratio\": 1.4837208986282349, \"no_speech_prob\": 0.0002823798859026283}, {\"id\": 190, \"seek\": 53976, \"start\": 551.760009765625, \"end\": 553.760009765625, \"text\": \" Uh, okay.\", \"tokens\": [50964, 4019, 11, 1392, 13, 51064], \"temperature\": 0.0, \"avg_logprob\": -0.21938741207122803, \"compression_ratio\": 1.4837208986282349, \"no_speech_prob\": 0.0002823798859026283}, {\"id\": 191, \"seek\": 53976, \"start\": 554.760009765625, \"end\": 555.760009765625, \"text\": \" I guess I can.\", \"tokens\": [51114, 286, 2041, 286, 393, 13, 51164], \"temperature\": 0.0, \"avg_logprob\": -0.21938741207122803, \"compression_ratio\": 1.4837208986282349, \"no_speech_prob\": 0.0002823798859026283}, {\"id\": 192, \"seek\": 53976, \"start\": 556.760009765625, \"end\": 557.760009765625, \"text\": \" Cool.\", \"tokens\": [51214, 8561, 13, 51264], \"temperature\": 0.0, \"avg_logprob\": -0.21938741207122803, \"compression_ratio\": 1.4837208986282349, \"no_speech_prob\": 0.0002823798859026283}, {\"id\": 193, \"seek\": 53976, \"start\": 558.760009765625, \"end\": 559.760009765625, \"text\": \" So it was a good day.\", \"tokens\": [51314, 407, 309, 390, 257, 665, 786, 13, 51364], \"temperature\": 0.0, \"avg_logprob\": -0.21938741207122803, \"compression_ratio\": 1.4837208986282349, \"no_speech_prob\": 0.0002823798859026283}, {\"id\": 194, \"seek\": 53976, \"start\": 559.760009765625, \"end\": 563.760009765625, \"text\": \" The guys saw a lot of what was going on, and they made some really important changes.\", \"tokens\": [51364, 440, 1074, 1866, 257, 688, 295, 437, 390, 516, 322, 11, 293, 436, 1027, 512, 534, 1021, 2962, 13, 51564], \"temperature\": 0.0, \"avg_logprob\": -0.21938741207122803, \"compression_ratio\": 1.4837208986282349, \"no_speech_prob\": 0.0002823798859026283}, {\"id\": 195, \"seek\": 53976, \"start\": 563.760009765625, \"end\": 565.760009765625, \"text\": \" Hello, beautiful.\", \"tokens\": [51564, 2425, 11, 2238, 13, 51664], \"temperature\": 0.0, \"avg_logprob\": -0.21938741207122803, \"compression_ratio\": 1.4837208986282349, \"no_speech_prob\": 0.0002823798859026283}, {\"id\": 196, \"seek\": 56576, \"start\": 566.760009765625, \"end\": 568.760009765625, \"text\": \" You look a little nervous.\", \"tokens\": [50414, 509, 574, 257, 707, 6296, 13, 50514], \"temperature\": 0.0, \"avg_logprob\": -0.2621109187602997, \"compression_ratio\": 1.0729166269302368, \"no_speech_prob\": 0.007566370069980621}, {\"id\": 197, \"seek\": 56576, \"start\": 569.760009765625, \"end\": 571.760009765625, \"text\": \" It's because I'm an alpha male.\", \"tokens\": [50564, 467, 311, 570, 286, 478, 364, 8961, 7133, 13, 50664], \"temperature\": 0.0, \"avg_logprob\": -0.2621109187602997, \"compression_ratio\": 1.0729166269302368, \"no_speech_prob\": 0.007566370069980621}, {\"id\": 198, \"seek\": 56576, \"start\": 572.760009765625, \"end\": 574.760009765625, \"text\": \" Ah, way hard to get ready, huh?\", \"tokens\": [50714, 2438, 11, 636, 1152, 281, 483, 1919, 11, 7020, 30, 50814], \"temperature\": 0.0, \"avg_logprob\": -0.2621109187602997, \"compression_ratio\": 1.0729166269302368, \"no_speech_prob\": 0.007566370069980621}, {\"id\": 199, \"seek\": 56576, \"start\": 575.760009765625, \"end\": 576.760009765625, \"text\": \" I like that.\", \"tokens\": [50864, 286, 411, 300, 13, 50914], \"temperature\": 0.0, \"avg_logprob\": -0.2621109187602997, \"compression_ratio\": 1.0729166269302368, \"no_speech_prob\": 0.007566370069980621}]}"}