{"title": "The Five Things Women Want The Most", "video_id": "Um7lHtTir7c", "video_url": "https://www.youtube.com/watch?v=Um7lHtTir7c", "description": "To listen to more episodes of the Inner Confidence Podcast, visit the links below:\nWebsite: https://innerconfidence.com/podcast/\niTunes:https://podcasts.apple.com/us/podcast/inner-confidence-podcast/id986699444 \nSpotify: https://open.spotify.com/show/2zkWuTnt7whvnR6CO6oNPV\nRSS: https://innerconfidence.com/series/leverage-podcast/feed/\n\nAnd if you're interested in learning more about my coaching services and connecting with me, check out these links:\nLinkTree: https://linktr.ee/Robbiekramer\nMain Site: https://innerconfidence.com/\nInstagram: https://www.instagram.com/robbie_kramer/\nTikTok: https://www.tiktok.com/@robbie.kramer\nYouTube: https://www.youtube.com/innerconfidence\n\nThank you for tuning in, and I look forward to helping you build your inner confidence and achieve success!\n\nJoin us : https://innerconfidence.com/leverage/\nBook a call with me : https://start.innerconfidence.com/video1\n\n\n#personaldevelopment #selfimprovement #innerconfidence #innerconfidencepodcast #podcast #coaching #success #motivation #inspiration #mindset #datingcoach #relationshipgoals #confidencecoach #selfimprovement #successfulmen", "published_at": "2021-04-08T10:22:16Z", "channel_id": "UC0O-ohYDF4P66HW9XJ4Us8w", "channel_title": "Robbie Kramer", "tags": [], "category_id": "26", "live_broadcast_content": "none", "duration": 24.0, "dimension": "2d", "definition": "hd", "caption": "false", "view_count": 586, "like_count": 18, "comment_count": 0, "channel_info": {"title": "Robbie Kramer", "description": "I'm Robbie Kramer \ud83c\udf99Host of The Inner Confidence Podcast & Founder of Inner Confidence, Inc.\n\nI lived an exhilarating single life filled with adventures and lessons, and ultimately achieved what I had always aspired to \u2013 finding an amazing, feminine, and loving wife. \n\nI believe my experiences provide a rare balance of wild freedom and committed love, equipping me with the insights to help you navigate the complexities of dating and relationships in today's world. Let me guide you to embrace your desires, improve your social prowess, and ultimately attract the partner who aligns with your highest aspirations.\n\nYou won\u2019t find any fluffy, new-age, or cringy stuff here, just tested, proven and actionable advice that yields results.\n\nApply to join our exclusive Inner Confidence Community of ambitious men who are actively working together to achieve their goals faster   \u25ba https://innerconfidence.com/community\n\nYou can email me at robbie@innerconfidence.com with any questions or comments.\n", "subscriber_count": "1270", "total_views": "604693", "total_videos": "470"}, "comments": [], "file_path": "/Users/aelaguiz/workspace/fc_book/audio/raws/Um7lHtTir7c.mp3", "transcription": "{\"text\": \"here are the five things that women want the most in a man number one is confidence or better yet non neediness number two they want a man not a boy gotta be able to take care of yourself number three they want a guy who's fit and athletic but not too buffed or jacked number four is they want a sense of humor you can't take yourself too seriously and last most important number five they want one of these \", \"segments\": [{\"id\": 0, \"seek\": 0, \"start\": 0.0, \"end\": 2.9600000381469727, \"text\": \" here are the five things that women want the most in a man\", \"tokens\": [50364, 510, 366, 264, 1732, 721, 300, 2266, 528, 264, 881, 294, 257, 587, 50512], \"temperature\": 0.0, \"avg_logprob\": -0.32465386390686035, \"compression_ratio\": 1.841628909111023, \"no_speech_prob\": 0.0010320217115804553}, {\"id\": 1, \"seek\": 0, \"start\": 2.9600000381469727, \"end\": 4.619999885559082, \"text\": \" number one is confidence\", \"tokens\": [50512, 1230, 472, 307, 6687, 50595], \"temperature\": 0.0, \"avg_logprob\": -0.32465386390686035, \"compression_ratio\": 1.841628909111023, \"no_speech_prob\": 0.0010320217115804553}, {\"id\": 2, \"seek\": 0, \"start\": 4.619999885559082, \"end\": 6.659999847412109, \"text\": \" or better yet non neediness\", \"tokens\": [50595, 420, 1101, 1939, 2107, 643, 1324, 50697], \"temperature\": 0.0, \"avg_logprob\": -0.32465386390686035, \"compression_ratio\": 1.841628909111023, \"no_speech_prob\": 0.0010320217115804553}, {\"id\": 3, \"seek\": 0, \"start\": 6.659999847412109, \"end\": 10.359999656677246, \"text\": \" number two they want a man not a boy gotta be able to take care of yourself\", \"tokens\": [50697, 1230, 732, 436, 528, 257, 587, 406, 257, 3237, 3428, 312, 1075, 281, 747, 1127, 295, 1803, 50882], \"temperature\": 0.0, \"avg_logprob\": -0.32465386390686035, \"compression_ratio\": 1.841628909111023, \"no_speech_prob\": 0.0010320217115804553}, {\"id\": 4, \"seek\": 0, \"start\": 10.359999656677246, \"end\": 14.520000457763672, \"text\": \" number three they want a guy who's fit and athletic but not too buffed or jacked\", \"tokens\": [50882, 1230, 1045, 436, 528, 257, 2146, 567, 311, 3318, 293, 22496, 457, 406, 886, 9204, 292, 420, 7109, 292, 51090], \"temperature\": 0.0, \"avg_logprob\": -0.32465386390686035, \"compression_ratio\": 1.841628909111023, \"no_speech_prob\": 0.0010320217115804553}, {\"id\": 5, \"seek\": 0, \"start\": 14.520000457763672, \"end\": 17.959999084472656, \"text\": \" number four is they want a sense of humor you can't take yourself too seriously\", \"tokens\": [51090, 1230, 1451, 307, 436, 528, 257, 2020, 295, 14318, 291, 393, 380, 747, 1803, 886, 6638, 51262], \"temperature\": 0.0, \"avg_logprob\": -0.32465386390686035, \"compression_ratio\": 1.841628909111023, \"no_speech_prob\": 0.0010320217115804553}, {\"id\": 6, \"seek\": 0, \"start\": 17.959999084472656, \"end\": 22.200000762939453, \"text\": \" and last most important number five they want one of these\", \"tokens\": [51262, 293, 1036, 881, 1021, 1230, 1732, 436, 528, 472, 295, 613, 51474], \"temperature\": 0.0, \"avg_logprob\": -0.32465386390686035, \"compression_ratio\": 1.841628909111023, \"no_speech_prob\": 0.0010320217115804553}]}"}