{"title": "Beyond the Singularity: When AI Surpasses Humans by a Mere 1% (Ep 257)", "video_id": "uR38Yl-G0_0", "video_url": "https://www.youtube.com/watch?v=uR38Yl-G0_0", "description": "#short", "published_at": "2023-12-16T16:53:23Z", "channel_id": "UC0O-ohYDF4P66HW9XJ4Us8w", "channel_title": "Robbie Kramer", "tags": [], "category_id": "24", "live_broadcast_content": "none", "duration": 43.0, "dimension": "2d", "definition": "hd", "caption": "false", "view_count": 115, "like_count": 1, "comment_count": 0, "channel_info": {"title": "Robbie Kramer", "description": "I'm Robbie Kramer \ud83c\udf99Host of The Inner Confidence Podcast & Founder of Inner Confidence, Inc.\n\nI lived an exhilarating single life filled with adventures and lessons, and ultimately achieved what I had always aspired to \u2013 finding an amazing, feminine, and loving wife. \n\nI believe my experiences provide a rare balance of wild freedom and committed love, equipping me with the insights to help you navigate the complexities of dating and relationships in today's world. Let me guide you to embrace your desires, improve your social prowess, and ultimately attract the partner who aligns with your highest aspirations.\n\nYou won\u2019t find any fluffy, new-age, or cringy stuff here, just tested, proven and actionable advice that yields results.\n\nApply to join our exclusive Inner Confidence Community of ambitious men who are actively working together to achieve their goals faster   \u25ba https://innerconfidence.com/community\n\nYou can email me at robbie@innerconfidence.com with any questions or comments.\n", "subscriber_count": "1270", "total_views": "604693", "total_videos": "470"}, "comments": [], "file_path": "/Users/aelaguiz/workspace/fc_book/audio/raws/uR38Yl-G0_0.mp3", "transcription": "{\"text\": \"You know, there's a point where artificial intelligence reaches our same level. If you look at like the difference between us and I think chimpanzees, like they share, I think, 98.5% of our DNA. Yeah, maybe even more. Right? Yeah, it's like 1% or something else. And you look at the difference in intelligence, the way that we create the world versus what they do. So when the AI becomes just 1% smarter than us, and that could happen within like a minute, like it's going to hit us and then within a minute, it's going to be like maybe 100 times smarter than us. That's essentially the singularity. Right. Describing the event where machine intelligence surpasses that of human cognition, right? Oh, hell no. That is the stuff of science fiction out there. Who knows what will happen in that moment? It's been said that the machine that brings forward the singularity is the last invention. \", \"segments\": [{\"id\": 0, \"seek\": 0, \"start\": 0.0, \"end\": 3.5199999809265137, \"text\": \" You know, there's a point where artificial intelligence reaches our same level.\", \"tokens\": [50364, 509, 458, 11, 456, 311, 257, 935, 689, 11677, 7599, 14235, 527, 912, 1496, 13, 50540], \"temperature\": 0.0, \"avg_logprob\": -0.23780903220176697, \"compression_ratio\": 1.7771260738372803, \"no_speech_prob\": 0.23477627336978912}, {\"id\": 1, \"seek\": 0, \"start\": 3.5199999809265137, \"end\": 6.320000171661377, \"text\": \" If you look at like the difference between us and I think chimpanzees,\", \"tokens\": [50540, 759, 291, 574, 412, 411, 264, 2649, 1296, 505, 293, 286, 519, 18375, 48410, 279, 11, 50680], \"temperature\": 0.0, \"avg_logprob\": -0.23780903220176697, \"compression_ratio\": 1.7771260738372803, \"no_speech_prob\": 0.23477627336978912}, {\"id\": 2, \"seek\": 0, \"start\": 6.320000171661377, \"end\": 9.84000015258789, \"text\": \" like they share, I think, 98.5% of our DNA.\", \"tokens\": [50680, 411, 436, 2073, 11, 286, 519, 11, 20860, 13, 20, 4, 295, 527, 8272, 13, 50856], \"temperature\": 0.0, \"avg_logprob\": -0.23780903220176697, \"compression_ratio\": 1.7771260738372803, \"no_speech_prob\": 0.23477627336978912}, {\"id\": 3, \"seek\": 0, \"start\": 9.84000015258789, \"end\": 10.800000190734863, \"text\": \" Yeah, maybe even more.\", \"tokens\": [50856, 865, 11, 1310, 754, 544, 13, 50904], \"temperature\": 0.0, \"avg_logprob\": -0.23780903220176697, \"compression_ratio\": 1.7771260738372803, \"no_speech_prob\": 0.23477627336978912}, {\"id\": 4, \"seek\": 0, \"start\": 10.800000190734863, \"end\": 12.880000114440918, \"text\": \" Right? Yeah, it's like 1% or something else.\", \"tokens\": [50904, 1779, 30, 865, 11, 309, 311, 411, 502, 4, 420, 746, 1646, 13, 51008], \"temperature\": 0.0, \"avg_logprob\": -0.23780903220176697, \"compression_ratio\": 1.7771260738372803, \"no_speech_prob\": 0.23477627336978912}, {\"id\": 5, \"seek\": 0, \"start\": 12.880000114440918, \"end\": 14.640000343322754, \"text\": \" And you look at the difference in intelligence,\", \"tokens\": [51008, 400, 291, 574, 412, 264, 2649, 294, 7599, 11, 51096], \"temperature\": 0.0, \"avg_logprob\": -0.23780903220176697, \"compression_ratio\": 1.7771260738372803, \"no_speech_prob\": 0.23477627336978912}, {\"id\": 6, \"seek\": 0, \"start\": 14.640000343322754, \"end\": 16.639999389648438, \"text\": \" the way that we create the world versus what they do.\", \"tokens\": [51096, 264, 636, 300, 321, 1884, 264, 1002, 5717, 437, 436, 360, 13, 51196], \"temperature\": 0.0, \"avg_logprob\": -0.23780903220176697, \"compression_ratio\": 1.7771260738372803, \"no_speech_prob\": 0.23477627336978912}, {\"id\": 7, \"seek\": 0, \"start\": 16.639999389648438, \"end\": 19.440000534057617, \"text\": \" So when the AI becomes just 1% smarter than us,\", \"tokens\": [51196, 407, 562, 264, 7318, 3643, 445, 502, 4, 20294, 813, 505, 11, 51336], \"temperature\": 0.0, \"avg_logprob\": -0.23780903220176697, \"compression_ratio\": 1.7771260738372803, \"no_speech_prob\": 0.23477627336978912}, {\"id\": 8, \"seek\": 0, \"start\": 19.440000534057617, \"end\": 21.200000762939453, \"text\": \" and that could happen within like a minute,\", \"tokens\": [51336, 293, 300, 727, 1051, 1951, 411, 257, 3456, 11, 51424], \"temperature\": 0.0, \"avg_logprob\": -0.23780903220176697, \"compression_ratio\": 1.7771260738372803, \"no_speech_prob\": 0.23477627336978912}, {\"id\": 9, \"seek\": 0, \"start\": 21.200000762939453, \"end\": 23.360000610351562, \"text\": \" like it's going to hit us and then within a minute,\", \"tokens\": [51424, 411, 309, 311, 516, 281, 2045, 505, 293, 550, 1951, 257, 3456, 11, 51532], \"temperature\": 0.0, \"avg_logprob\": -0.23780903220176697, \"compression_ratio\": 1.7771260738372803, \"no_speech_prob\": 0.23477627336978912}, {\"id\": 10, \"seek\": 0, \"start\": 23.360000610351562, \"end\": 25.920000076293945, \"text\": \" it's going to be like maybe 100 times smarter than us.\", \"tokens\": [51532, 309, 311, 516, 281, 312, 411, 1310, 2319, 1413, 20294, 813, 505, 13, 51660], \"temperature\": 0.0, \"avg_logprob\": -0.23780903220176697, \"compression_ratio\": 1.7771260738372803, \"no_speech_prob\": 0.23477627336978912}, {\"id\": 11, \"seek\": 0, \"start\": 25.920000076293945, \"end\": 27.520000457763672, \"text\": \" That's essentially the singularity.\", \"tokens\": [51660, 663, 311, 4476, 264, 20010, 507, 13, 51740], \"temperature\": 0.0, \"avg_logprob\": -0.23780903220176697, \"compression_ratio\": 1.7771260738372803, \"no_speech_prob\": 0.23477627336978912}, {\"id\": 12, \"seek\": 0, \"start\": 27.520000457763672, \"end\": 27.760000228881836, \"text\": \" Right.\", \"tokens\": [51740, 1779, 13, 51752], \"temperature\": 0.0, \"avg_logprob\": -0.23780903220176697, \"compression_ratio\": 1.7771260738372803, \"no_speech_prob\": 0.23477627336978912}, {\"id\": 13, \"seek\": 2776, \"start\": 27.760000228881836, \"end\": 29.84000015258789, \"text\": \" Describing the event where machine intelligence\", \"tokens\": [50364, 3885, 39541, 264, 2280, 689, 3479, 7599, 50468], \"temperature\": 0.0, \"avg_logprob\": -0.2575775384902954, \"compression_ratio\": 1.4791666269302368, \"no_speech_prob\": 0.4414273500442505}, {\"id\": 14, \"seek\": 2776, \"start\": 29.84000015258789, \"end\": 31.760000228881836, \"text\": \" surpasses that of human cognition, right?\", \"tokens\": [50468, 27650, 279, 300, 295, 1952, 46905, 11, 558, 30, 50564], \"temperature\": 0.0, \"avg_logprob\": -0.2575775384902954, \"compression_ratio\": 1.4791666269302368, \"no_speech_prob\": 0.4414273500442505}, {\"id\": 15, \"seek\": 2776, \"start\": 32.31999969482422, \"end\": 33.84000015258789, \"text\": \" Oh, hell no.\", \"tokens\": [50592, 876, 11, 4921, 572, 13, 50668], \"temperature\": 0.0, \"avg_logprob\": -0.2575775384902954, \"compression_ratio\": 1.4791666269302368, \"no_speech_prob\": 0.4414273500442505}, {\"id\": 16, \"seek\": 2776, \"start\": 34.560001373291016, \"end\": 36.08000183105469, \"text\": \" That is the stuff of science fiction out there.\", \"tokens\": [50704, 663, 307, 264, 1507, 295, 3497, 13266, 484, 456, 13, 50780], \"temperature\": 0.0, \"avg_logprob\": -0.2575775384902954, \"compression_ratio\": 1.4791666269302368, \"no_speech_prob\": 0.4414273500442505}, {\"id\": 17, \"seek\": 2776, \"start\": 36.08000183105469, \"end\": 37.68000030517578, \"text\": \" Who knows what will happen in that moment?\", \"tokens\": [50780, 2102, 3255, 437, 486, 1051, 294, 300, 1623, 30, 50860], \"temperature\": 0.0, \"avg_logprob\": -0.2575775384902954, \"compression_ratio\": 1.4791666269302368, \"no_speech_prob\": 0.4414273500442505}, {\"id\": 18, \"seek\": 2776, \"start\": 37.68000030517578, \"end\": 40.959999084472656, \"text\": \" It's been said that the machine that brings forward the singularity\", \"tokens\": [50860, 467, 311, 668, 848, 300, 264, 3479, 300, 5607, 2128, 264, 20010, 507, 51024], \"temperature\": 0.0, \"avg_logprob\": -0.2575775384902954, \"compression_ratio\": 1.4791666269302368, \"no_speech_prob\": 0.4414273500442505}, {\"id\": 19, \"seek\": 2776, \"start\": 40.959999084472656, \"end\": 41.84000015258789, \"text\": \" is the last invention.\", \"tokens\": [51024, 307, 264, 1036, 22265, 13, 51068], \"temperature\": 0.0, \"avg_logprob\": -0.2575775384902954, \"compression_ratio\": 1.4791666269302368, \"no_speech_prob\": 0.4414273500442505}]}"}