{"title": "Never copy what this guy does in a gym", "video_id": "UXwZG0L09Bo", "video_url": "https://www.youtube.com/watch?v=UXwZG0L09Bo", "description": "", "published_at": "2023-05-19T22:28:57Z", "channel_id": "UC0O-ohYDF4P66HW9XJ4Us8w", "channel_title": "Robbie Kramer", "tags": [], "category_id": "24", "live_broadcast_content": "none", "duration": 61.0, "dimension": "2d", "definition": "hd", "caption": "false", "view_count": 41, "like_count": 0, "comment_count": 0, "channel_info": {"title": "Robbie Kramer", "description": "I'm Robbie Kramer \ud83c\udf99Host of The Inner Confidence Podcast & Founder of Inner Confidence, Inc.\n\nI lived an exhilarating single life filled with adventures and lessons, and ultimately achieved what I had always aspired to \u2013 finding an amazing, feminine, and loving wife. \n\nI believe my experiences provide a rare balance of wild freedom and committed love, equipping me with the insights to help you navigate the complexities of dating and relationships in today's world. Let me guide you to embrace your desires, improve your social prowess, and ultimately attract the partner who aligns with your highest aspirations.\n\nYou won\u2019t find any fluffy, new-age, or cringy stuff here, just tested, proven and actionable advice that yields results.\n\nApply to join our exclusive Inner Confidence Community of ambitious men who are actively working together to achieve their goals faster   \u25ba https://innerconfidence.com/community\n\nYou can email me at robbie@innerconfidence.com with any questions or comments.\n", "subscriber_count": "1270", "total_views": "604693", "total_videos": "470"}, "comments": [], "file_path": "/Users/aelaguiz/workspace/fc_book/audio/raws/UXwZG0L09Bo.mp3", "transcription": "{\"text\": \"Like, especially the problem is when you go into a gym and you don't know anything, you look around and you go, well, I'm going to look at the guys who are in good shape and I'm going to do what they do. But unfortunately, and you will know this genetics, you know, some dude can go in and literally touch a dumbbell and start to grow muscles. Like, and other dudes walk in there and train for five years and they look the same. You know, there is, there is a genetic component. Everyone can get better, but like, okay, you look at some of the guys in the NBA, like no matter how hard me and you train, we're never going to look like one of those dudes. Like you look at, you look at like people in like Arnie, right? Everyone knows Arnie, like no matter how hard me and you train and how much juice we smash, cause he, trust me, he did that too. We're not going to, we're never going to get there. Cause we're just genetically not like him, but we can all get better. But what happens is the people who are genetically gifted never have to figure. \", \"segments\": [{\"id\": 0, \"seek\": 0, \"start\": 0.0, \"end\": 4.639999866485596, \"text\": \" Like, especially the problem is when you go into a gym and you don't know anything, you look around\", \"tokens\": [50364, 1743, 11, 2318, 264, 1154, 307, 562, 291, 352, 666, 257, 9222, 293, 291, 500, 380, 458, 1340, 11, 291, 574, 926, 50596], \"temperature\": 0.0, \"avg_logprob\": -0.19662079215049744, \"compression_ratio\": 1.770370364189148, \"no_speech_prob\": 0.00805945135653019}, {\"id\": 1, \"seek\": 0, \"start\": 4.639999866485596, \"end\": 8.640000343322754, \"text\": \" and you go, well, I'm going to look at the guys who are in good shape and I'm going to do what\", \"tokens\": [50596, 293, 291, 352, 11, 731, 11, 286, 478, 516, 281, 574, 412, 264, 1074, 567, 366, 294, 665, 3909, 293, 286, 478, 516, 281, 360, 437, 50796], \"temperature\": 0.0, \"avg_logprob\": -0.19662079215049744, \"compression_ratio\": 1.770370364189148, \"no_speech_prob\": 0.00805945135653019}, {\"id\": 2, \"seek\": 0, \"start\": 8.640000343322754, \"end\": 15.119999885559082, \"text\": \" they do. But unfortunately, and you will know this genetics, you know, some dude can go in\", \"tokens\": [50796, 436, 360, 13, 583, 7015, 11, 293, 291, 486, 458, 341, 26516, 11, 291, 458, 11, 512, 6449, 393, 352, 294, 51120], \"temperature\": 0.0, \"avg_logprob\": -0.19662079215049744, \"compression_ratio\": 1.770370364189148, \"no_speech_prob\": 0.00805945135653019}, {\"id\": 3, \"seek\": 0, \"start\": 15.119999885559082, \"end\": 22.31999969482422, \"text\": \" and literally touch a dumbbell and start to grow muscles. Like, and other dudes walk in there and\", \"tokens\": [51120, 293, 3736, 2557, 257, 39316, 293, 722, 281, 1852, 9530, 13, 1743, 11, 293, 661, 27717, 1792, 294, 456, 293, 51480], \"temperature\": 0.0, \"avg_logprob\": -0.19662079215049744, \"compression_ratio\": 1.770370364189148, \"no_speech_prob\": 0.00805945135653019}, {\"id\": 4, \"seek\": 0, \"start\": 22.31999969482422, \"end\": 28.15999984741211, \"text\": \" train for five years and they look the same. You know, there is, there is a genetic component.\", \"tokens\": [51480, 3847, 337, 1732, 924, 293, 436, 574, 264, 912, 13, 509, 458, 11, 456, 307, 11, 456, 307, 257, 12462, 6542, 13, 51772], \"temperature\": 0.0, \"avg_logprob\": -0.19662079215049744, \"compression_ratio\": 1.770370364189148, \"no_speech_prob\": 0.00805945135653019}, {\"id\": 5, \"seek\": 2816, \"start\": 28.15999984741211, \"end\": 32.79999923706055, \"text\": \" Everyone can get better, but like, okay, you look at some of the guys in the NBA,\", \"tokens\": [50364, 5198, 393, 483, 1101, 11, 457, 411, 11, 1392, 11, 291, 574, 412, 512, 295, 264, 1074, 294, 264, 23890, 11, 50596], \"temperature\": 0.0, \"avg_logprob\": -0.2036098688840866, \"compression_ratio\": 1.8589211702346802, \"no_speech_prob\": 0.00143244001083076}, {\"id\": 6, \"seek\": 2816, \"start\": 32.79999923706055, \"end\": 37.040000915527344, \"text\": \" like no matter how hard me and you train, we're never going to look like one of those dudes.\", \"tokens\": [50596, 411, 572, 1871, 577, 1152, 385, 293, 291, 3847, 11, 321, 434, 1128, 516, 281, 574, 411, 472, 295, 729, 27717, 13, 50808], \"temperature\": 0.0, \"avg_logprob\": -0.2036098688840866, \"compression_ratio\": 1.8589211702346802, \"no_speech_prob\": 0.00143244001083076}, {\"id\": 7, \"seek\": 2816, \"start\": 37.599998474121094, \"end\": 43.439998626708984, \"text\": \" Like you look at, you look at like people in like Arnie, right? Everyone knows Arnie,\", \"tokens\": [50836, 1743, 291, 574, 412, 11, 291, 574, 412, 411, 561, 294, 411, 1587, 2766, 11, 558, 30, 5198, 3255, 1587, 2766, 11, 51128], \"temperature\": 0.0, \"avg_logprob\": -0.2036098688840866, \"compression_ratio\": 1.8589211702346802, \"no_speech_prob\": 0.00143244001083076}, {\"id\": 8, \"seek\": 2816, \"start\": 43.439998626708984, \"end\": 49.119998931884766, \"text\": \" like no matter how hard me and you train and how much juice we smash, cause he, trust me,\", \"tokens\": [51128, 411, 572, 1871, 577, 1152, 385, 293, 291, 3847, 293, 577, 709, 8544, 321, 17960, 11, 3082, 415, 11, 3361, 385, 11, 51412], \"temperature\": 0.0, \"avg_logprob\": -0.2036098688840866, \"compression_ratio\": 1.8589211702346802, \"no_speech_prob\": 0.00143244001083076}, {\"id\": 9, \"seek\": 2816, \"start\": 49.119998931884766, \"end\": 53.279998779296875, \"text\": \" he did that too. We're not going to, we're never going to get there. Cause we're just genetically\", \"tokens\": [51412, 415, 630, 300, 886, 13, 492, 434, 406, 516, 281, 11, 321, 434, 1128, 516, 281, 483, 456, 13, 10865, 321, 434, 445, 37582, 51620], \"temperature\": 0.0, \"avg_logprob\": -0.2036098688840866, \"compression_ratio\": 1.8589211702346802, \"no_speech_prob\": 0.00143244001083076}, {\"id\": 10, \"seek\": 5328, \"start\": 53.91999816894531, \"end\": 57.279998779296875, \"text\": \" not like him, but we can all get better. But what happens is\", \"tokens\": [50396, 406, 411, 796, 11, 457, 321, 393, 439, 483, 1101, 13, 583, 437, 2314, 307, 50564], \"temperature\": 0.0, \"avg_logprob\": -0.21863414347171783, \"compression_ratio\": 1.237113356590271, \"no_speech_prob\": 0.4414953291416168}, {\"id\": 11, \"seek\": 5328, \"start\": 57.279998779296875, \"end\": 59.7599983215332, \"text\": \" the people who are genetically gifted never have to figure.\", \"tokens\": [50564, 264, 561, 567, 366, 37582, 27104, 1128, 362, 281, 2573, 13, 50688], \"temperature\": 0.0, \"avg_logprob\": -0.21863414347171783, \"compression_ratio\": 1.237113356590271, \"no_speech_prob\": 0.4414953291416168}]}"}