{"title": "When speaking to a woman at a bar, follow these simple rules.", "video_id": "VEuzNg9boQw", "video_url": "https://www.youtube.com/watch?v=VEuzNg9boQw", "description": "", "published_at": "2023-06-29T18:46:06Z", "channel_id": "UC0O-ohYDF4P66HW9XJ4Us8w", "channel_title": "Robbie Kramer", "tags": [], "category_id": "24", "live_broadcast_content": "none", "duration": 60.0, "dimension": "2d", "definition": "hd", "caption": "false", "view_count": 2343, "like_count": 32, "comment_count": 1, "channel_info": {"title": "Robbie Kramer", "description": "I'm Robbie Kramer \ud83c\udf99Host of The Inner Confidence Podcast & Founder of Inner Confidence, Inc.\n\nI lived an exhilarating single life filled with adventures and lessons, and ultimately achieved what I had always aspired to \u2013 finding an amazing, feminine, and loving wife. \n\nI believe my experiences provide a rare balance of wild freedom and committed love, equipping me with the insights to help you navigate the complexities of dating and relationships in today's world. Let me guide you to embrace your desires, improve your social prowess, and ultimately attract the partner who aligns with your highest aspirations.\n\nYou won\u2019t find any fluffy, new-age, or cringy stuff here, just tested, proven and actionable advice that yields results.\n\nApply to join our exclusive Inner Confidence Community of ambitious men who are actively working together to achieve their goals faster   \u25ba https://innerconfidence.com/community\n\nYou can email me at robbie@innerconfidence.com with any questions or comments.\n", "subscriber_count": "1270", "total_views": "604693", "total_videos": "470"}, "comments": [], "file_path": "/Users/aelaguiz/workspace/fc_book/audio/raws/VEuzNg9boQw.mp3", "transcription": "{\"text\": \"Um, I'll have a vodka tonic, thanks. Notice that he doesn't immediately try to start conversation. Like most guys at bars, right, they're very quick to instigate something. He knows he has her attention. He knows he can wait and play with that tension. And she then is the first to invest. So what are you doing here? A couple of things. Taking a break from my wife, forgetting my son's birthday. And, uh, I can't pay $2 million to endorse a whiskey when I could be doing a play somewhere. Oh. But the good news is the whiskey works. So his response is kind of a downer. You can tell he's not very happy in his marriage. He's not super stoked on his son. He seems like he's not really into his life, right? But he's getting paid a lot of money, so that's a little bit of a flex. But I think she already knows that he's famous or something like that, so he's not bragging per se. He's just confident. It's his life, you know. \", \"segments\": [{\"id\": 0, \"seek\": 0, \"start\": 0.0, \"end\": 5.0, \"text\": \" Um, I'll have a vodka tonic, thanks.\", \"tokens\": [50364, 3301, 11, 286, 603, 362, 257, 35710, 2952, 299, 11, 3231, 13, 50614], \"temperature\": 0.0, \"avg_logprob\": -0.2743493914604187, \"compression_ratio\": 1.5408560037612915, \"no_speech_prob\": 0.2709794342517853}, {\"id\": 1, \"seek\": 0, \"start\": 5.0, \"end\": 9.0, \"text\": \" Notice that he doesn't immediately try to start conversation.\", \"tokens\": [50614, 13428, 300, 415, 1177, 380, 4258, 853, 281, 722, 3761, 13, 50814], \"temperature\": 0.0, \"avg_logprob\": -0.2743493914604187, \"compression_ratio\": 1.5408560037612915, \"no_speech_prob\": 0.2709794342517853}, {\"id\": 2, \"seek\": 0, \"start\": 9.0, \"end\": 12.0, \"text\": \" Like most guys at bars, right, they're very quick to instigate something.\", \"tokens\": [50814, 1743, 881, 1074, 412, 10228, 11, 558, 11, 436, 434, 588, 1702, 281, 1058, 328, 473, 746, 13, 50964], \"temperature\": 0.0, \"avg_logprob\": -0.2743493914604187, \"compression_ratio\": 1.5408560037612915, \"no_speech_prob\": 0.2709794342517853}, {\"id\": 3, \"seek\": 0, \"start\": 12.0, \"end\": 15.0, \"text\": \" He knows he has her attention. He knows he can wait and play with that tension.\", \"tokens\": [50964, 634, 3255, 415, 575, 720, 3202, 13, 634, 3255, 415, 393, 1699, 293, 862, 365, 300, 8980, 13, 51114], \"temperature\": 0.0, \"avg_logprob\": -0.2743493914604187, \"compression_ratio\": 1.5408560037612915, \"no_speech_prob\": 0.2709794342517853}, {\"id\": 4, \"seek\": 0, \"start\": 15.0, \"end\": 17.0, \"text\": \" And she then is the first to invest.\", \"tokens\": [51114, 400, 750, 550, 307, 264, 700, 281, 1963, 13, 51214], \"temperature\": 0.0, \"avg_logprob\": -0.2743493914604187, \"compression_ratio\": 1.5408560037612915, \"no_speech_prob\": 0.2709794342517853}, {\"id\": 5, \"seek\": 0, \"start\": 17.0, \"end\": 19.0, \"text\": \" So what are you doing here?\", \"tokens\": [51214, 407, 437, 366, 291, 884, 510, 30, 51314], \"temperature\": 0.0, \"avg_logprob\": -0.2743493914604187, \"compression_ratio\": 1.5408560037612915, \"no_speech_prob\": 0.2709794342517853}, {\"id\": 6, \"seek\": 0, \"start\": 19.0, \"end\": 22.0, \"text\": \" A couple of things.\", \"tokens\": [51314, 316, 1916, 295, 721, 13, 51464], \"temperature\": 0.0, \"avg_logprob\": -0.2743493914604187, \"compression_ratio\": 1.5408560037612915, \"no_speech_prob\": 0.2709794342517853}, {\"id\": 7, \"seek\": 0, \"start\": 22.0, \"end\": 25.0, \"text\": \" Taking a break from my wife, forgetting my son's birthday.\", \"tokens\": [51464, 17837, 257, 1821, 490, 452, 3836, 11, 25428, 452, 1872, 311, 6154, 13, 51614], \"temperature\": 0.0, \"avg_logprob\": -0.2743493914604187, \"compression_ratio\": 1.5408560037612915, \"no_speech_prob\": 0.2709794342517853}, {\"id\": 8, \"seek\": 2500, \"start\": 25.0, \"end\": 33.0, \"text\": \" And, uh, I can't pay $2 million to endorse a whiskey when I could be doing a play somewhere.\", \"tokens\": [50364, 400, 11, 2232, 11, 286, 393, 380, 1689, 1848, 17, 2459, 281, 29228, 257, 34648, 562, 286, 727, 312, 884, 257, 862, 4079, 13, 50764], \"temperature\": 0.0, \"avg_logprob\": -0.19918857514858246, \"compression_ratio\": 1.5487804412841797, \"no_speech_prob\": 0.49071192741394043}, {\"id\": 9, \"seek\": 2500, \"start\": 33.0, \"end\": 35.0, \"text\": \" Oh.\", \"tokens\": [50764, 876, 13, 50864], \"temperature\": 0.0, \"avg_logprob\": -0.19918857514858246, \"compression_ratio\": 1.5487804412841797, \"no_speech_prob\": 0.49071192741394043}, {\"id\": 10, \"seek\": 2500, \"start\": 35.0, \"end\": 39.0, \"text\": \" But the good news is the whiskey works.\", \"tokens\": [50864, 583, 264, 665, 2583, 307, 264, 34648, 1985, 13, 51064], \"temperature\": 0.0, \"avg_logprob\": -0.19918857514858246, \"compression_ratio\": 1.5487804412841797, \"no_speech_prob\": 0.49071192741394043}, {\"id\": 11, \"seek\": 2500, \"start\": 39.0, \"end\": 41.0, \"text\": \" So his response is kind of a downer.\", \"tokens\": [51064, 407, 702, 4134, 307, 733, 295, 257, 760, 260, 13, 51164], \"temperature\": 0.0, \"avg_logprob\": -0.19918857514858246, \"compression_ratio\": 1.5487804412841797, \"no_speech_prob\": 0.49071192741394043}, {\"id\": 12, \"seek\": 2500, \"start\": 41.0, \"end\": 44.0, \"text\": \" You can tell he's not very happy in his marriage.\", \"tokens\": [51164, 509, 393, 980, 415, 311, 406, 588, 2055, 294, 702, 7194, 13, 51314], \"temperature\": 0.0, \"avg_logprob\": -0.19918857514858246, \"compression_ratio\": 1.5487804412841797, \"no_speech_prob\": 0.49071192741394043}, {\"id\": 13, \"seek\": 2500, \"start\": 44.0, \"end\": 46.0, \"text\": \" He's not super stoked on his son.\", \"tokens\": [51314, 634, 311, 406, 1687, 49145, 322, 702, 1872, 13, 51414], \"temperature\": 0.0, \"avg_logprob\": -0.19918857514858246, \"compression_ratio\": 1.5487804412841797, \"no_speech_prob\": 0.49071192741394043}, {\"id\": 14, \"seek\": 2500, \"start\": 46.0, \"end\": 48.0, \"text\": \" He seems like he's not really into his life, right?\", \"tokens\": [51414, 634, 2544, 411, 415, 311, 406, 534, 666, 702, 993, 11, 558, 30, 51514], \"temperature\": 0.0, \"avg_logprob\": -0.19918857514858246, \"compression_ratio\": 1.5487804412841797, \"no_speech_prob\": 0.49071192741394043}, {\"id\": 15, \"seek\": 2500, \"start\": 48.0, \"end\": 51.0, \"text\": \" But he's getting paid a lot of money, so that's a little bit of a flex.\", \"tokens\": [51514, 583, 415, 311, 1242, 4835, 257, 688, 295, 1460, 11, 370, 300, 311, 257, 707, 857, 295, 257, 5896, 13, 51664], \"temperature\": 0.0, \"avg_logprob\": -0.19918857514858246, \"compression_ratio\": 1.5487804412841797, \"no_speech_prob\": 0.49071192741394043}, {\"id\": 16, \"seek\": 5100, \"start\": 51.0, \"end\": 56.0, \"text\": \" But I think she already knows that he's famous or something like that, so he's not bragging per se.\", \"tokens\": [50364, 583, 286, 519, 750, 1217, 3255, 300, 415, 311, 4618, 420, 746, 411, 300, 11, 370, 415, 311, 406, 1548, 10877, 680, 369, 13, 50614], \"temperature\": 0.0, \"avg_logprob\": -0.19998043775558472, \"compression_ratio\": 1.2608696222305298, \"no_speech_prob\": 0.854926347732544}, {\"id\": 17, \"seek\": 5100, \"start\": 56.0, \"end\": 59.0, \"text\": \" He's just confident. It's his life, you know.\", \"tokens\": [50614, 634, 311, 445, 6679, 13, 467, 311, 702, 993, 11, 291, 458, 13, 50764], \"temperature\": 0.0, \"avg_logprob\": -0.19998043775558472, \"compression_ratio\": 1.2608696222305298, \"no_speech_prob\": 0.854926347732544}]}"}