{"title": "All guys who are good with women have done this!", "video_id": "VhBgedu8ycs", "video_url": "https://www.youtube.com/watch?v=VhBgedu8ycs", "description": "", "published_at": "2023-04-25T14:03:26Z", "channel_id": "UC0O-ohYDF4P66HW9XJ4Us8w", "channel_title": "Robbie Kramer", "tags": [], "category_id": "26", "live_broadcast_content": "none", "duration": 55.0, "dimension": "2d", "definition": "hd", "caption": "false", "view_count": 390, "like_count": 8, "comment_count": 3, "channel_info": {"title": "Robbie Kramer", "description": "I'm Robbie Kramer \ud83c\udf99Host of The Inner Confidence Podcast & Founder of Inner Confidence, Inc.\n\nI lived an exhilarating single life filled with adventures and lessons, and ultimately achieved what I had always aspired to \u2013 finding an amazing, feminine, and loving wife. \n\nI believe my experiences provide a rare balance of wild freedom and committed love, equipping me with the insights to help you navigate the complexities of dating and relationships in today's world. Let me guide you to embrace your desires, improve your social prowess, and ultimately attract the partner who aligns with your highest aspirations.\n\nYou won\u2019t find any fluffy, new-age, or cringy stuff here, just tested, proven and actionable advice that yields results.\n\nApply to join our exclusive Inner Confidence Community of ambitious men who are actively working together to achieve their goals faster   \u25ba https://innerconfidence.com/community\n\nYou can email me at robbie@innerconfidence.com with any questions or comments.\n", "subscriber_count": "1270", "total_views": "604693", "total_videos": "470"}, "comments": [], "file_path": "/Users/aelaguiz/workspace/fc_book/audio/raws/VhBgedu8ycs.mp3", "transcription": "{\"text\": \"When's the last time when you were out and about, you saw a beautiful girl, and you seized the moment to go and talk to her? Well, if the answer is almost never, then my friend, you need to go out, maybe hire a dating coach or a wingman, and you need to start doing this consistently. Every guy who's amazing with women has gone through this process, approached women, got rejected. It's the only way to get better. You can try online dating, but I promise you'll probably be wasting your time, and you won't get the type of woman you really want. So get out there, approach women, and face rejection. You'll thank yourself later. If you're new to the show, I recommend you download my First Date Protocol. It's the best piece of content I have. It'll help you optimize your first date and subsequent dates, and I like to connect with my listeners personally. So if you want to grab a copy of that, please send me a direct message on Instagram. I'm at Robbie underscore Crane. \", \"segments\": [{\"id\": 0, \"seek\": 0, \"start\": 0.0, \"end\": 5.0, \"text\": \" When's the last time when you were out and about, you saw a beautiful girl, and you seized\", \"tokens\": [50364, 1133, 311, 264, 1036, 565, 562, 291, 645, 484, 293, 466, 11, 291, 1866, 257, 2238, 2013, 11, 293, 291, 33912, 50614], \"temperature\": 0.0, \"avg_logprob\": -0.22862984240055084, \"compression_ratio\": 1.6821192502975464, \"no_speech_prob\": 0.035083964467048645}, {\"id\": 1, \"seek\": 0, \"start\": 5.0, \"end\": 7.400000095367432, \"text\": \" the moment to go and talk to her?\", \"tokens\": [50614, 264, 1623, 281, 352, 293, 751, 281, 720, 30, 50734], \"temperature\": 0.0, \"avg_logprob\": -0.22862984240055084, \"compression_ratio\": 1.6821192502975464, \"no_speech_prob\": 0.035083964467048645}, {\"id\": 2, \"seek\": 0, \"start\": 7.400000095367432, \"end\": 13.079999923706055, \"text\": \" Well, if the answer is almost never, then my friend, you need to go out, maybe hire\", \"tokens\": [50734, 1042, 11, 498, 264, 1867, 307, 1920, 1128, 11, 550, 452, 1277, 11, 291, 643, 281, 352, 484, 11, 1310, 11158, 51018], \"temperature\": 0.0, \"avg_logprob\": -0.22862984240055084, \"compression_ratio\": 1.6821192502975464, \"no_speech_prob\": 0.035083964467048645}, {\"id\": 3, \"seek\": 0, \"start\": 13.079999923706055, \"end\": 17.959999084472656, \"text\": \" a dating coach or a wingman, and you need to start doing this consistently.\", \"tokens\": [51018, 257, 10689, 6560, 420, 257, 11162, 1601, 11, 293, 291, 643, 281, 722, 884, 341, 14961, 13, 51262], \"temperature\": 0.0, \"avg_logprob\": -0.22862984240055084, \"compression_ratio\": 1.6821192502975464, \"no_speech_prob\": 0.035083964467048645}, {\"id\": 4, \"seek\": 0, \"start\": 17.959999084472656, \"end\": 22.719999313354492, \"text\": \" Every guy who's amazing with women has gone through this process, approached women, got\", \"tokens\": [51262, 2048, 2146, 567, 311, 2243, 365, 2266, 575, 2780, 807, 341, 1399, 11, 17247, 2266, 11, 658, 51500], \"temperature\": 0.0, \"avg_logprob\": -0.22862984240055084, \"compression_ratio\": 1.6821192502975464, \"no_speech_prob\": 0.035083964467048645}, {\"id\": 5, \"seek\": 0, \"start\": 22.719999313354492, \"end\": 23.719999313354492, \"text\": \" rejected.\", \"tokens\": [51500, 15749, 13, 51550], \"temperature\": 0.0, \"avg_logprob\": -0.22862984240055084, \"compression_ratio\": 1.6821192502975464, \"no_speech_prob\": 0.035083964467048645}, {\"id\": 6, \"seek\": 0, \"start\": 23.719999313354492, \"end\": 25.219999313354492, \"text\": \" It's the only way to get better.\", \"tokens\": [51550, 467, 311, 264, 787, 636, 281, 483, 1101, 13, 51625], \"temperature\": 0.0, \"avg_logprob\": -0.22862984240055084, \"compression_ratio\": 1.6821192502975464, \"no_speech_prob\": 0.035083964467048645}, {\"id\": 7, \"seek\": 0, \"start\": 25.219999313354492, \"end\": 29.280000686645508, \"text\": \" You can try online dating, but I promise you'll probably be wasting your time, and you won't\", \"tokens\": [51625, 509, 393, 853, 2950, 10689, 11, 457, 286, 6228, 291, 603, 1391, 312, 20457, 428, 565, 11, 293, 291, 1582, 380, 51828], \"temperature\": 0.0, \"avg_logprob\": -0.22862984240055084, \"compression_ratio\": 1.6821192502975464, \"no_speech_prob\": 0.035083964467048645}, {\"id\": 8, \"seek\": 2928, \"start\": 29.280000686645508, \"end\": 31.100000381469727, \"text\": \" get the type of woman you really want.\", \"tokens\": [50364, 483, 264, 2010, 295, 3059, 291, 534, 528, 13, 50455], \"temperature\": 0.0, \"avg_logprob\": -0.2510625422000885, \"compression_ratio\": 1.5993150472640991, \"no_speech_prob\": 0.1601700335741043}, {\"id\": 9, \"seek\": 2928, \"start\": 31.100000381469727, \"end\": 34.619998931884766, \"text\": \" So get out there, approach women, and face rejection.\", \"tokens\": [50455, 407, 483, 484, 456, 11, 3109, 2266, 11, 293, 1851, 26044, 13, 50631], \"temperature\": 0.0, \"avg_logprob\": -0.2510625422000885, \"compression_ratio\": 1.5993150472640991, \"no_speech_prob\": 0.1601700335741043}, {\"id\": 10, \"seek\": 2928, \"start\": 34.619998931884766, \"end\": 36.119998931884766, \"text\": \" You'll thank yourself later.\", \"tokens\": [50631, 509, 603, 1309, 1803, 1780, 13, 50706], \"temperature\": 0.0, \"avg_logprob\": -0.2510625422000885, \"compression_ratio\": 1.5993150472640991, \"no_speech_prob\": 0.1601700335741043}, {\"id\": 11, \"seek\": 2928, \"start\": 36.119998931884766, \"end\": 40.779998779296875, \"text\": \" If you're new to the show, I recommend you download my First Date Protocol.\", \"tokens\": [50706, 759, 291, 434, 777, 281, 264, 855, 11, 286, 2748, 291, 5484, 452, 2386, 31805, 48753, 13, 50939], \"temperature\": 0.0, \"avg_logprob\": -0.2510625422000885, \"compression_ratio\": 1.5993150472640991, \"no_speech_prob\": 0.1601700335741043}, {\"id\": 12, \"seek\": 2928, \"start\": 40.779998779296875, \"end\": 42.619998931884766, \"text\": \" It's the best piece of content I have.\", \"tokens\": [50939, 467, 311, 264, 1151, 2522, 295, 2701, 286, 362, 13, 51031], \"temperature\": 0.0, \"avg_logprob\": -0.2510625422000885, \"compression_ratio\": 1.5993150472640991, \"no_speech_prob\": 0.1601700335741043}, {\"id\": 13, \"seek\": 2928, \"start\": 42.619998931884766, \"end\": 46.65999984741211, \"text\": \" It'll help you optimize your first date and subsequent dates, and I like to connect with\", \"tokens\": [51031, 467, 603, 854, 291, 19719, 428, 700, 4002, 293, 19962, 11691, 11, 293, 286, 411, 281, 1745, 365, 51233], \"temperature\": 0.0, \"avg_logprob\": -0.2510625422000885, \"compression_ratio\": 1.5993150472640991, \"no_speech_prob\": 0.1601700335741043}, {\"id\": 14, \"seek\": 2928, \"start\": 46.65999984741211, \"end\": 47.86000061035156, \"text\": \" my listeners personally.\", \"tokens\": [51233, 452, 23274, 5665, 13, 51293], \"temperature\": 0.0, \"avg_logprob\": -0.2510625422000885, \"compression_ratio\": 1.5993150472640991, \"no_speech_prob\": 0.1601700335741043}, {\"id\": 15, \"seek\": 2928, \"start\": 47.86000061035156, \"end\": 52.02000045776367, \"text\": \" So if you want to grab a copy of that, please send me a direct message on Instagram.\", \"tokens\": [51293, 407, 498, 291, 528, 281, 4444, 257, 5055, 295, 300, 11, 1767, 2845, 385, 257, 2047, 3636, 322, 5281, 13, 51501], \"temperature\": 0.0, \"avg_logprob\": -0.2510625422000885, \"compression_ratio\": 1.5993150472640991, \"no_speech_prob\": 0.1601700335741043}, {\"id\": 16, \"seek\": 2928, \"start\": 52.02000045776367, \"end\": 54.02000045776367, \"text\": \" I'm at Robbie underscore Crane.\", \"tokens\": [51501, 286, 478, 412, 45749, 37556, 4779, 1929, 13, 51601], \"temperature\": 0.0, \"avg_logprob\": -0.2510625422000885, \"compression_ratio\": 1.5993150472640991, \"no_speech_prob\": 0.1601700335741043}]}"}