{"title": "Why the 1% Women Aren't on Apps #DatingTips #MeetTheOnePercent #BeyondDatingApps #TrueConnections", "video_id": "VOTvgffXo9w", "video_url": "https://www.youtube.com/watch?v=VOTvgffXo9w", "description": "", "published_at": "2023-12-11T16:34:07Z", "channel_id": "UC0O-ohYDF4P66HW9XJ4Us8w", "channel_title": "Robbie Kramer", "tags": [], "category_id": "24", "live_broadcast_content": "none", "duration": 60.0, "dimension": "2d", "definition": "hd", "caption": "false", "view_count": 435, "like_count": 8, "comment_count": 0, "channel_info": {"title": "Robbie Kramer", "description": "I'm Robbie Kramer \ud83c\udf99Host of The Inner Confidence Podcast & Founder of Inner Confidence, Inc.\n\nI lived an exhilarating single life filled with adventures and lessons, and ultimately achieved what I had always aspired to \u2013 finding an amazing, feminine, and loving wife. \n\nI believe my experiences provide a rare balance of wild freedom and committed love, equipping me with the insights to help you navigate the complexities of dating and relationships in today's world. Let me guide you to embrace your desires, improve your social prowess, and ultimately attract the partner who aligns with your highest aspirations.\n\nYou won\u2019t find any fluffy, new-age, or cringy stuff here, just tested, proven and actionable advice that yields results.\n\nApply to join our exclusive Inner Confidence Community of ambitious men who are actively working together to achieve their goals faster   \u25ba https://innerconfidence.com/community\n\nYou can email me at robbie@innerconfidence.com with any questions or comments.\n", "subscriber_count": "1270", "total_views": "604693", "total_videos": "470"}, "comments": [], "file_path": "/Users/aelaguiz/workspace/fc_book/audio/raws/VOTvgffXo9w.mp3", "transcription": "{\"text\": \"How are you meeting guys now? Wait, before you, I can never go on a dating website. I wanted to look smart and say, I bet you don't use all my data. Oh, really? First off, I'm not against that. Yeah, I'm not. Cause I know a lot of people like are on Raya or like Hinge or whatever, Bumble, whatever, and not judging the people that are on it. I just personally don't use it. It sounds kind of qwerty, but I feel like I believe in faith. And if I'm meant to meet you, I will meet you. If it's in the grocery store, if it's, you know, at a party, or even if it's in my DMs, I don't care. I feel like I'm meant to meet that person for a reason. Like the universe is like bringing us together as corny as that sounds still. But I just don't believe in like looking at an app and be like, well, maybe I like him. Maybe I don't like him. Well, that activity is so toxic, right? You're sitting there, you're swiping. And maybe if you're running on the treadmill, doing something, then you can justify it a little bit. Like you're forcing yourself to be into a guy that you may not even be into. And then he may not even look like his actual images. And then you meet them in person. And you're like, wow, you look. \", \"segments\": [{\"id\": 0, \"seek\": 0, \"start\": 0.0, \"end\": 1.5199999809265137, \"text\": \" How are you meeting guys now?\", \"tokens\": [50364, 1012, 366, 291, 3440, 1074, 586, 30, 50440], \"temperature\": 0.0, \"avg_logprob\": -0.34835493564605713, \"compression_ratio\": 1.721712589263916, \"no_speech_prob\": 0.04397844895720482}, {\"id\": 1, \"seek\": 0, \"start\": 1.559999942779541, \"end\": 4.599999904632568, \"text\": \" Wait, before you, I can never go on a dating website.\", \"tokens\": [50442, 3802, 11, 949, 291, 11, 286, 393, 1128, 352, 322, 257, 1137, 278, 3144, 13, 50594], \"temperature\": 0.0, \"avg_logprob\": -0.34835493564605713, \"compression_ratio\": 1.721712589263916, \"no_speech_prob\": 0.04397844895720482}, {\"id\": 2, \"seek\": 0, \"start\": 7.599999904632568, \"end\": 10.399999618530273, \"text\": \" I wanted to look smart and say, I bet you don't use all my data.\", \"tokens\": [50744, 286, 1415, 281, 574, 4069, 293, 584, 11, 286, 778, 291, 500, 380, 764, 439, 452, 1412, 13, 50884], \"temperature\": 0.0, \"avg_logprob\": -0.34835493564605713, \"compression_ratio\": 1.721712589263916, \"no_speech_prob\": 0.04397844895720482}, {\"id\": 3, \"seek\": 0, \"start\": 10.4399995803833, \"end\": 10.960000038146973, \"text\": \" Oh, really?\", \"tokens\": [50886, 876, 11, 534, 30, 50912], \"temperature\": 0.0, \"avg_logprob\": -0.34835493564605713, \"compression_ratio\": 1.721712589263916, \"no_speech_prob\": 0.04397844895720482}, {\"id\": 4, \"seek\": 0, \"start\": 11.760000228881836, \"end\": 13.239999771118164, \"text\": \" First off, I'm not against that.\", \"tokens\": [50952, 2386, 766, 11, 286, 478, 406, 1970, 300, 13, 51026], \"temperature\": 0.0, \"avg_logprob\": -0.34835493564605713, \"compression_ratio\": 1.721712589263916, \"no_speech_prob\": 0.04397844895720482}, {\"id\": 5, \"seek\": 0, \"start\": 13.4399995803833, \"end\": 14.039999961853027, \"text\": \" Yeah, I'm not.\", \"tokens\": [51036, 865, 11, 286, 478, 406, 13, 51066], \"temperature\": 0.0, \"avg_logprob\": -0.34835493564605713, \"compression_ratio\": 1.721712589263916, \"no_speech_prob\": 0.04397844895720482}, {\"id\": 6, \"seek\": 0, \"start\": 14.039999961853027, \"end\": 17.360000610351562, \"text\": \" Cause I know a lot of people like are on Raya or like Hinge or whatever,\", \"tokens\": [51066, 10865, 286, 458, 257, 688, 295, 561, 411, 366, 322, 497, 4427, 420, 411, 389, 8735, 420, 2035, 11, 51232], \"temperature\": 0.0, \"avg_logprob\": -0.34835493564605713, \"compression_ratio\": 1.721712589263916, \"no_speech_prob\": 0.04397844895720482}, {\"id\": 7, \"seek\": 0, \"start\": 17.440000534057617, \"end\": 20.440000534057617, \"text\": \" Bumble, whatever, and not judging the people that are on it.\", \"tokens\": [51236, 363, 16473, 11, 2035, 11, 293, 406, 23587, 264, 561, 300, 366, 322, 309, 13, 51386], \"temperature\": 0.0, \"avg_logprob\": -0.34835493564605713, \"compression_ratio\": 1.721712589263916, \"no_speech_prob\": 0.04397844895720482}, {\"id\": 8, \"seek\": 0, \"start\": 20.479999542236328, \"end\": 21.719999313354492, \"text\": \" I just personally don't use it.\", \"tokens\": [51388, 286, 445, 5665, 500, 380, 764, 309, 13, 51450], \"temperature\": 0.0, \"avg_logprob\": -0.34835493564605713, \"compression_ratio\": 1.721712589263916, \"no_speech_prob\": 0.04397844895720482}, {\"id\": 9, \"seek\": 0, \"start\": 21.760000228881836, \"end\": 24.0, \"text\": \" It sounds kind of qwerty, but I feel like I believe in faith.\", \"tokens\": [51452, 467, 3263, 733, 295, 9505, 1554, 874, 11, 457, 286, 841, 411, 286, 1697, 294, 4522, 13, 51564], \"temperature\": 0.0, \"avg_logprob\": -0.34835493564605713, \"compression_ratio\": 1.721712589263916, \"no_speech_prob\": 0.04397844895720482}, {\"id\": 10, \"seek\": 0, \"start\": 24.040000915527344, \"end\": 25.84000015258789, \"text\": \" And if I'm meant to meet you, I will meet you.\", \"tokens\": [51566, 400, 498, 286, 478, 4140, 281, 1677, 291, 11, 286, 486, 1677, 291, 13, 51656], \"temperature\": 0.0, \"avg_logprob\": -0.34835493564605713, \"compression_ratio\": 1.721712589263916, \"no_speech_prob\": 0.04397844895720482}, {\"id\": 11, \"seek\": 0, \"start\": 25.84000015258789, \"end\": 29.399999618530273, \"text\": \" If it's in the grocery store, if it's, you know, at a party, or even if it's in\", \"tokens\": [51656, 759, 309, 311, 294, 264, 14410, 3531, 11, 498, 309, 311, 11, 291, 458, 11, 412, 257, 3595, 11, 420, 754, 498, 309, 311, 294, 51834], \"temperature\": 0.0, \"avg_logprob\": -0.34835493564605713, \"compression_ratio\": 1.721712589263916, \"no_speech_prob\": 0.04397844895720482}, {\"id\": 12, \"seek\": 2940, \"start\": 29.399999618530273, \"end\": 30.68000030517578, \"text\": \" my DMs, I don't care.\", \"tokens\": [50364, 452, 15322, 82, 11, 286, 500, 380, 1127, 13, 50428], \"temperature\": 0.0, \"avg_logprob\": -0.2513587772846222, \"compression_ratio\": 1.807692289352417, \"no_speech_prob\": 2.046227382379584e-05}, {\"id\": 13, \"seek\": 2940, \"start\": 30.68000030517578, \"end\": 33.7599983215332, \"text\": \" I feel like I'm meant to meet that person for a reason.\", \"tokens\": [50428, 286, 841, 411, 286, 478, 4140, 281, 1677, 300, 954, 337, 257, 1778, 13, 50582], \"temperature\": 0.0, \"avg_logprob\": -0.2513587772846222, \"compression_ratio\": 1.807692289352417, \"no_speech_prob\": 2.046227382379584e-05}, {\"id\": 14, \"seek\": 2940, \"start\": 33.7599983215332, \"end\": 37.279998779296875, \"text\": \" Like the universe is like bringing us together as corny as that sounds still.\", \"tokens\": [50582, 1743, 264, 6445, 307, 411, 5062, 505, 1214, 382, 1181, 1634, 382, 300, 3263, 920, 13, 50758], \"temperature\": 0.0, \"avg_logprob\": -0.2513587772846222, \"compression_ratio\": 1.807692289352417, \"no_speech_prob\": 2.046227382379584e-05}, {\"id\": 15, \"seek\": 2940, \"start\": 37.31999969482422, \"end\": 40.20000076293945, \"text\": \" But I just don't believe in like looking at an app and be like,\", \"tokens\": [50760, 583, 286, 445, 500, 380, 1697, 294, 411, 1237, 412, 364, 724, 293, 312, 411, 11, 50904], \"temperature\": 0.0, \"avg_logprob\": -0.2513587772846222, \"compression_ratio\": 1.807692289352417, \"no_speech_prob\": 2.046227382379584e-05}, {\"id\": 16, \"seek\": 2940, \"start\": 40.20000076293945, \"end\": 41.31999969482422, \"text\": \" well, maybe I like him.\", \"tokens\": [50904, 731, 11, 1310, 286, 411, 796, 13, 50960], \"temperature\": 0.0, \"avg_logprob\": -0.2513587772846222, \"compression_ratio\": 1.807692289352417, \"no_speech_prob\": 2.046227382379584e-05}, {\"id\": 17, \"seek\": 2940, \"start\": 41.400001525878906, \"end\": 42.2400016784668, \"text\": \" Maybe I don't like him.\", \"tokens\": [50964, 2704, 286, 500, 380, 411, 796, 13, 51006], \"temperature\": 0.0, \"avg_logprob\": -0.2513587772846222, \"compression_ratio\": 1.807692289352417, \"no_speech_prob\": 2.046227382379584e-05}, {\"id\": 18, \"seek\": 2940, \"start\": 42.279998779296875, \"end\": 45.040000915527344, \"text\": \" Well, that activity is so toxic, right?\", \"tokens\": [51008, 1042, 11, 300, 5191, 307, 370, 12786, 11, 558, 30, 51146], \"temperature\": 0.0, \"avg_logprob\": -0.2513587772846222, \"compression_ratio\": 1.807692289352417, \"no_speech_prob\": 2.046227382379584e-05}, {\"id\": 19, \"seek\": 2940, \"start\": 45.040000915527344, \"end\": 46.439998626708984, \"text\": \" You're sitting there, you're swiping.\", \"tokens\": [51146, 509, 434, 3798, 456, 11, 291, 434, 1693, 46440, 13, 51216], \"temperature\": 0.0, \"avg_logprob\": -0.2513587772846222, \"compression_ratio\": 1.807692289352417, \"no_speech_prob\": 2.046227382379584e-05}, {\"id\": 20, \"seek\": 2940, \"start\": 46.52000045776367, \"end\": 49.68000030517578, \"text\": \" And maybe if you're running on the treadmill, doing something, then you\", \"tokens\": [51220, 400, 1310, 498, 291, 434, 2614, 322, 264, 46374, 11, 884, 746, 11, 550, 291, 51378], \"temperature\": 0.0, \"avg_logprob\": -0.2513587772846222, \"compression_ratio\": 1.807692289352417, \"no_speech_prob\": 2.046227382379584e-05}, {\"id\": 21, \"seek\": 2940, \"start\": 49.68000030517578, \"end\": 50.63999938964844, \"text\": \" can justify it a little bit.\", \"tokens\": [51378, 393, 20833, 309, 257, 707, 857, 13, 51426], \"temperature\": 0.0, \"avg_logprob\": -0.2513587772846222, \"compression_ratio\": 1.807692289352417, \"no_speech_prob\": 2.046227382379584e-05}, {\"id\": 22, \"seek\": 2940, \"start\": 50.63999938964844, \"end\": 54.119998931884766, \"text\": \" Like you're forcing yourself to be into a guy that you may not even be into.\", \"tokens\": [51426, 1743, 291, 434, 19030, 1803, 281, 312, 666, 257, 2146, 300, 291, 815, 406, 754, 312, 666, 13, 51600], \"temperature\": 0.0, \"avg_logprob\": -0.2513587772846222, \"compression_ratio\": 1.807692289352417, \"no_speech_prob\": 2.046227382379584e-05}, {\"id\": 23, \"seek\": 2940, \"start\": 54.15999984741211, \"end\": 56.439998626708984, \"text\": \" And then he may not even look like his actual images.\", \"tokens\": [51602, 400, 550, 415, 815, 406, 754, 574, 411, 702, 3539, 5267, 13, 51716], \"temperature\": 0.0, \"avg_logprob\": -0.2513587772846222, \"compression_ratio\": 1.807692289352417, \"no_speech_prob\": 2.046227382379584e-05}, {\"id\": 24, \"seek\": 2940, \"start\": 56.439998626708984, \"end\": 57.68000030517578, \"text\": \" And then you meet them in person.\", \"tokens\": [51716, 400, 550, 291, 1677, 552, 294, 954, 13, 51778], \"temperature\": 0.0, \"avg_logprob\": -0.2513587772846222, \"compression_ratio\": 1.807692289352417, \"no_speech_prob\": 2.046227382379584e-05}, {\"id\": 25, \"seek\": 5768, \"start\": 57.68000030517578, \"end\": 59.119998931884766, \"text\": \" And you're like, wow, you look.\", \"tokens\": [50372, 400, 291, 434, 411, 11, 6076, 11, 291, 574, 13, 50436], \"temperature\": 0.0, \"avg_logprob\": -0.530927300453186, \"compression_ratio\": 0.837837815284729, \"no_speech_prob\": 0.9446122050285339}]}"}