{"title": "Can you learn rizz? Check out ep 254 for more\u2026", "video_id": "vYGxNsMo-DM", "video_url": "https://www.youtube.com/watch?v=vYGxNsMo-DM", "description": "", "published_at": "2023-11-19T21:10:23Z", "channel_id": "UC0O-ohYDF4P66HW9XJ4Us8w", "channel_title": "Robbie Kramer", "tags": [], "category_id": "24", "live_broadcast_content": "none", "duration": 58.0, "dimension": "2d", "definition": "hd", "caption": "false", "view_count": 218, "like_count": 3, "comment_count": 2, "channel_info": {"title": "Robbie Kramer", "description": "I'm Robbie Kramer \ud83c\udf99Host of The Inner Confidence Podcast & Founder of Inner Confidence, Inc.\n\nI lived an exhilarating single life filled with adventures and lessons, and ultimately achieved what I had always aspired to \u2013 finding an amazing, feminine, and loving wife. \n\nI believe my experiences provide a rare balance of wild freedom and committed love, equipping me with the insights to help you navigate the complexities of dating and relationships in today's world. Let me guide you to embrace your desires, improve your social prowess, and ultimately attract the partner who aligns with your highest aspirations.\n\nYou won\u2019t find any fluffy, new-age, or cringy stuff here, just tested, proven and actionable advice that yields results.\n\nApply to join our exclusive Inner Confidence Community of ambitious men who are actively working together to achieve their goals faster   \u25ba https://innerconfidence.com/community\n\nYou can email me at robbie@innerconfidence.com with any questions or comments.\n", "subscriber_count": "1270", "total_views": "604693", "total_videos": "470"}, "comments": [], "file_path": "/Users/aelaguiz/workspace/fc_book/audio/raws/vYGxNsMo-DM.mp3", "transcription": "{\"text\": \"panache style, whatever you want to call it, it cannot be learned and that women don't like when it's learned. You can kind of sniff out if someone has it or they don't. My thesis was that people are going about that part of it in this odious way, as if it's like a hard science. I mean, it's not. That's sort of the basis for our dating bet that I, as Dan, can get more dates than he can because I think I am better at that than him. And he does not believe that that is true. Meaning you at the reins of his online dating profiles could do better? Yes, precisely. I agree. Well, we're going to find out. I actually would like if she proves me wrong. I don't think it's going to be by very much, first of all. But anyway, let me say a few things. First of all, the problem with your thesis is pretty obvious to me. It's very confirmation bias oriented, I think is the term. Like you're just saying that because someone is trying, they don't have it, which is true, but you're not accounting for the people that do have it. And now they have it and attained it. And now you can't tell. I don't believe I can't tell. I believe I can tell. I will say that there are some elements that can be learned. It's through the natural \", \"segments\": [{\"id\": 0, \"seek\": 0, \"start\": 0.0, \"end\": 4.880000114440918, \"text\": \" panache style, whatever you want to call it, it cannot be learned and that women don't like when\", \"tokens\": [50364, 2462, 6000, 3758, 11, 2035, 291, 528, 281, 818, 309, 11, 309, 2644, 312, 3264, 293, 300, 2266, 500, 380, 411, 562, 50608], \"temperature\": 0.0, \"avg_logprob\": -0.2697148621082306, \"compression_ratio\": 1.7331287860870361, \"no_speech_prob\": 0.2534523904323578}, {\"id\": 1, \"seek\": 0, \"start\": 4.880000114440918, \"end\": 9.4399995803833, \"text\": \" it's learned. You can kind of sniff out if someone has it or they don't. My thesis was that people\", \"tokens\": [50608, 309, 311, 3264, 13, 509, 393, 733, 295, 31101, 484, 498, 1580, 575, 309, 420, 436, 500, 380, 13, 1222, 22288, 390, 300, 561, 50836], \"temperature\": 0.0, \"avg_logprob\": -0.2697148621082306, \"compression_ratio\": 1.7331287860870361, \"no_speech_prob\": 0.2534523904323578}, {\"id\": 2, \"seek\": 0, \"start\": 9.4399995803833, \"end\": 14.0, \"text\": \" are going about that part of it in this odious way, as if it's like a hard science. I mean,\", \"tokens\": [50836, 366, 516, 466, 300, 644, 295, 309, 294, 341, 3611, 851, 636, 11, 382, 498, 309, 311, 411, 257, 1152, 3497, 13, 286, 914, 11, 51064], \"temperature\": 0.0, \"avg_logprob\": -0.2697148621082306, \"compression_ratio\": 1.7331287860870361, \"no_speech_prob\": 0.2534523904323578}, {\"id\": 3, \"seek\": 0, \"start\": 14.0, \"end\": 20.399999618530273, \"text\": \" it's not. That's sort of the basis for our dating bet that I, as Dan, can get more dates than he\", \"tokens\": [51064, 309, 311, 406, 13, 663, 311, 1333, 295, 264, 5143, 337, 527, 10689, 778, 300, 286, 11, 382, 3394, 11, 393, 483, 544, 11691, 813, 415, 51384], \"temperature\": 0.0, \"avg_logprob\": -0.2697148621082306, \"compression_ratio\": 1.7331287860870361, \"no_speech_prob\": 0.2534523904323578}, {\"id\": 4, \"seek\": 0, \"start\": 20.399999618530273, \"end\": 24.719999313354492, \"text\": \" can because I think I am better at that than him. And he does not believe that that is true.\", \"tokens\": [51384, 393, 570, 286, 519, 286, 669, 1101, 412, 300, 813, 796, 13, 400, 415, 775, 406, 1697, 300, 300, 307, 2074, 13, 51600], \"temperature\": 0.0, \"avg_logprob\": -0.2697148621082306, \"compression_ratio\": 1.7331287860870361, \"no_speech_prob\": 0.2534523904323578}, {\"id\": 5, \"seek\": 0, \"start\": 24.719999313354492, \"end\": 28.239999771118164, \"text\": \" Meaning you at the reins of his online dating profiles could do better?\", \"tokens\": [51600, 19948, 291, 412, 264, 47200, 295, 702, 2950, 10689, 23693, 727, 360, 1101, 30, 51776], \"temperature\": 0.0, \"avg_logprob\": -0.2697148621082306, \"compression_ratio\": 1.7331287860870361, \"no_speech_prob\": 0.2534523904323578}, {\"id\": 6, \"seek\": 0, \"start\": 28.239999771118164, \"end\": 28.799999237060547, \"text\": \" Yes, precisely.\", \"tokens\": [51776, 1079, 11, 13402, 13, 51804], \"temperature\": 0.0, \"avg_logprob\": -0.2697148621082306, \"compression_ratio\": 1.7331287860870361, \"no_speech_prob\": 0.2534523904323578}, {\"id\": 7, \"seek\": 2880, \"start\": 28.799999237060547, \"end\": 33.119998931884766, \"text\": \" I agree. Well, we're going to find out. I actually would like if she proves me wrong.\", \"tokens\": [50364, 286, 3986, 13, 1042, 11, 321, 434, 516, 281, 915, 484, 13, 286, 767, 576, 411, 498, 750, 25019, 385, 2085, 13, 50580], \"temperature\": 0.0, \"avg_logprob\": -0.2172786295413971, \"compression_ratio\": 1.835195541381836, \"no_speech_prob\": 0.0005192894604988396}, {\"id\": 8, \"seek\": 2880, \"start\": 33.119998931884766, \"end\": 36.0, \"text\": \" I don't think it's going to be by very much, first of all. But anyway, let me say a few things. First\", \"tokens\": [50580, 286, 500, 380, 519, 309, 311, 516, 281, 312, 538, 588, 709, 11, 700, 295, 439, 13, 583, 4033, 11, 718, 385, 584, 257, 1326, 721, 13, 2386, 50724], \"temperature\": 0.0, \"avg_logprob\": -0.2172786295413971, \"compression_ratio\": 1.835195541381836, \"no_speech_prob\": 0.0005192894604988396}, {\"id\": 9, \"seek\": 2880, \"start\": 36.0, \"end\": 40.0, \"text\": \" of all, the problem with your thesis is pretty obvious to me. It's very confirmation bias\", \"tokens\": [50724, 295, 439, 11, 264, 1154, 365, 428, 22288, 307, 1238, 6322, 281, 385, 13, 467, 311, 588, 21871, 12577, 50924], \"temperature\": 0.0, \"avg_logprob\": -0.2172786295413971, \"compression_ratio\": 1.835195541381836, \"no_speech_prob\": 0.0005192894604988396}, {\"id\": 10, \"seek\": 2880, \"start\": 40.0, \"end\": 43.599998474121094, \"text\": \" oriented, I think is the term. Like you're just saying that because someone is trying,\", \"tokens\": [50924, 21841, 11, 286, 519, 307, 264, 1433, 13, 1743, 291, 434, 445, 1566, 300, 570, 1580, 307, 1382, 11, 51104], \"temperature\": 0.0, \"avg_logprob\": -0.2172786295413971, \"compression_ratio\": 1.835195541381836, \"no_speech_prob\": 0.0005192894604988396}, {\"id\": 11, \"seek\": 2880, \"start\": 43.599998474121094, \"end\": 46.880001068115234, \"text\": \" they don't have it, which is true, but you're not accounting for the people that do have it.\", \"tokens\": [51104, 436, 500, 380, 362, 309, 11, 597, 307, 2074, 11, 457, 291, 434, 406, 19163, 337, 264, 561, 300, 360, 362, 309, 13, 51268], \"temperature\": 0.0, \"avg_logprob\": -0.2172786295413971, \"compression_ratio\": 1.835195541381836, \"no_speech_prob\": 0.0005192894604988396}, {\"id\": 12, \"seek\": 2880, \"start\": 46.880001068115234, \"end\": 49.68000030517578, \"text\": \" And now they have it and attained it. And now you can't tell.\", \"tokens\": [51268, 400, 586, 436, 362, 309, 293, 46633, 309, 13, 400, 586, 291, 393, 380, 980, 13, 51408], \"temperature\": 0.0, \"avg_logprob\": -0.2172786295413971, \"compression_ratio\": 1.835195541381836, \"no_speech_prob\": 0.0005192894604988396}, {\"id\": 13, \"seek\": 2880, \"start\": 49.68000030517578, \"end\": 54.0, \"text\": \" I don't believe I can't tell. I believe I can tell. I will say that there are some\", \"tokens\": [51408, 286, 500, 380, 1697, 286, 393, 380, 980, 13, 286, 1697, 286, 393, 980, 13, 286, 486, 584, 300, 456, 366, 512, 51624], \"temperature\": 0.0, \"avg_logprob\": -0.2172786295413971, \"compression_ratio\": 1.835195541381836, \"no_speech_prob\": 0.0005192894604988396}, {\"id\": 14, \"seek\": 2880, \"start\": 54.0, \"end\": 56.79999923706055, \"text\": \" elements that can be learned. It's through the natural\", \"tokens\": [51624, 4959, 300, 393, 312, 3264, 13, 467, 311, 807, 264, 3303, 51764], \"temperature\": 0.0, \"avg_logprob\": -0.2172786295413971, \"compression_ratio\": 1.835195541381836, \"no_speech_prob\": 0.0005192894604988396}]}"}