{"title": "How to use \u201cThe Rule of 7\u201d to get more dates!", "video_id": "vYYJOaYcEy4", "video_url": "https://www.youtube.com/watch?v=vYYJOaYcEy4", "description": "", "published_at": "2023-05-11T13:07:01Z", "channel_id": "UC0O-ohYDF4P66HW9XJ4Us8w", "channel_title": "Robbie Kramer", "tags": [], "category_id": "24", "live_broadcast_content": "none", "duration": 27.0, "dimension": "2d", "definition": "hd", "caption": "false", "view_count": 16, "like_count": 2, "comment_count": 0, "channel_info": {"title": "Robbie Kramer", "description": "I'm Robbie Kramer \ud83c\udf99Host of The Inner Confidence Podcast & Founder of Inner Confidence, Inc.\n\nI lived an exhilarating single life filled with adventures and lessons, and ultimately achieved what I had always aspired to \u2013 finding an amazing, feminine, and loving wife. \n\nI believe my experiences provide a rare balance of wild freedom and committed love, equipping me with the insights to help you navigate the complexities of dating and relationships in today's world. Let me guide you to embrace your desires, improve your social prowess, and ultimately attract the partner who aligns with your highest aspirations.\n\nYou won\u2019t find any fluffy, new-age, or cringy stuff here, just tested, proven and actionable advice that yields results.\n\nApply to join our exclusive Inner Confidence Community of ambitious men who are actively working together to achieve their goals faster   \u25ba https://innerconfidence.com/community\n\nYou can email me at robbie@innerconfidence.com with any questions or comments.\n", "subscriber_count": "1270", "total_views": "604693", "total_videos": "470"}, "comments": [], "file_path": "/Users/aelaguiz/workspace/fc_book/audio/raws/vYYJOaYcEy4.mp3", "transcription": "{\"text\": \"If you're constantly popping up in her Instagram feed, she's gonna get reminded of you. It's the same reason why they put like seven movie billboards on the same street, one after the other. It's like that rule of seven in marketing, right? You gotta say no to something seven times in a row before you say yes. So if you show up in her feed over and over and over, that's actually gonna build attraction for you. And you're not messaging her. You're not going out of your way to show interest. You're just posting about what you're normally doing in a way that's a bit funny and creative. If you do that, kind of this world of interest and love from the women in your life already will kind of open up to you. \", \"segments\": [{\"id\": 0, \"seek\": 0, \"start\": 0.0, \"end\": 2.4800000190734863, \"text\": \" If you're constantly popping up in her Instagram feed,\", \"tokens\": [50364, 759, 291, 434, 6460, 18374, 493, 294, 720, 5281, 3154, 11, 50488], \"temperature\": 0.0, \"avg_logprob\": -0.23848840594291687, \"compression_ratio\": 1.8537858724594116, \"no_speech_prob\": 0.0011230303207412362}, {\"id\": 1, \"seek\": 0, \"start\": 2.4800000190734863, \"end\": 3.4800000190734863, \"text\": \" she's gonna get reminded of you.\", \"tokens\": [50488, 750, 311, 799, 483, 15920, 295, 291, 13, 50538], \"temperature\": 0.0, \"avg_logprob\": -0.23848840594291687, \"compression_ratio\": 1.8537858724594116, \"no_speech_prob\": 0.0011230303207412362}, {\"id\": 2, \"seek\": 0, \"start\": 3.4800000190734863, \"end\": 6.079999923706055, \"text\": \" It's the same reason why they put like seven movie billboards\", \"tokens\": [50538, 467, 311, 264, 912, 1778, 983, 436, 829, 411, 3407, 3169, 2961, 17228, 50668], \"temperature\": 0.0, \"avg_logprob\": -0.23848840594291687, \"compression_ratio\": 1.8537858724594116, \"no_speech_prob\": 0.0011230303207412362}, {\"id\": 3, \"seek\": 0, \"start\": 6.079999923706055, \"end\": 7.679999828338623, \"text\": \" on the same street, one after the other.\", \"tokens\": [50668, 322, 264, 912, 4838, 11, 472, 934, 264, 661, 13, 50748], \"temperature\": 0.0, \"avg_logprob\": -0.23848840594291687, \"compression_ratio\": 1.8537858724594116, \"no_speech_prob\": 0.0011230303207412362}, {\"id\": 4, \"seek\": 0, \"start\": 7.679999828338623, \"end\": 9.15999984741211, \"text\": \" It's like that rule of seven in marketing, right?\", \"tokens\": [50748, 467, 311, 411, 300, 4978, 295, 3407, 294, 6370, 11, 558, 30, 50822], \"temperature\": 0.0, \"avg_logprob\": -0.23848840594291687, \"compression_ratio\": 1.8537858724594116, \"no_speech_prob\": 0.0011230303207412362}, {\"id\": 5, \"seek\": 0, \"start\": 9.15999984741211, \"end\": 10.720000267028809, \"text\": \" You gotta say no to something seven times in a row\", \"tokens\": [50822, 509, 3428, 584, 572, 281, 746, 3407, 1413, 294, 257, 5386, 50900], \"temperature\": 0.0, \"avg_logprob\": -0.23848840594291687, \"compression_ratio\": 1.8537858724594116, \"no_speech_prob\": 0.0011230303207412362}, {\"id\": 6, \"seek\": 0, \"start\": 10.720000267028809, \"end\": 11.5600004196167, \"text\": \" before you say yes.\", \"tokens\": [50900, 949, 291, 584, 2086, 13, 50942], \"temperature\": 0.0, \"avg_logprob\": -0.23848840594291687, \"compression_ratio\": 1.8537858724594116, \"no_speech_prob\": 0.0011230303207412362}, {\"id\": 7, \"seek\": 0, \"start\": 11.5600004196167, \"end\": 13.640000343322754, \"text\": \" So if you show up in her feed over and over and over,\", \"tokens\": [50942, 407, 498, 291, 855, 493, 294, 720, 3154, 670, 293, 670, 293, 670, 11, 51046], \"temperature\": 0.0, \"avg_logprob\": -0.23848840594291687, \"compression_ratio\": 1.8537858724594116, \"no_speech_prob\": 0.0011230303207412362}, {\"id\": 8, \"seek\": 0, \"start\": 13.640000343322754, \"end\": 15.199999809265137, \"text\": \" that's actually gonna build attraction for you.\", \"tokens\": [51046, 300, 311, 767, 799, 1322, 17672, 337, 291, 13, 51124], \"temperature\": 0.0, \"avg_logprob\": -0.23848840594291687, \"compression_ratio\": 1.8537858724594116, \"no_speech_prob\": 0.0011230303207412362}, {\"id\": 9, \"seek\": 0, \"start\": 15.199999809265137, \"end\": 16.239999771118164, \"text\": \" And you're not messaging her.\", \"tokens\": [51124, 400, 291, 434, 406, 21812, 720, 13, 51176], \"temperature\": 0.0, \"avg_logprob\": -0.23848840594291687, \"compression_ratio\": 1.8537858724594116, \"no_speech_prob\": 0.0011230303207412362}, {\"id\": 10, \"seek\": 0, \"start\": 16.239999771118164, \"end\": 17.760000228881836, \"text\": \" You're not going out of your way to show interest.\", \"tokens\": [51176, 509, 434, 406, 516, 484, 295, 428, 636, 281, 855, 1179, 13, 51252], \"temperature\": 0.0, \"avg_logprob\": -0.23848840594291687, \"compression_ratio\": 1.8537858724594116, \"no_speech_prob\": 0.0011230303207412362}, {\"id\": 11, \"seek\": 0, \"start\": 17.760000228881836, \"end\": 19.639999389648438, \"text\": \" You're just posting about what you're normally doing\", \"tokens\": [51252, 509, 434, 445, 15978, 466, 437, 291, 434, 5646, 884, 51346], \"temperature\": 0.0, \"avg_logprob\": -0.23848840594291687, \"compression_ratio\": 1.8537858724594116, \"no_speech_prob\": 0.0011230303207412362}, {\"id\": 12, \"seek\": 0, \"start\": 19.639999389648438, \"end\": 21.440000534057617, \"text\": \" in a way that's a bit funny and creative.\", \"tokens\": [51346, 294, 257, 636, 300, 311, 257, 857, 4074, 293, 5880, 13, 51436], \"temperature\": 0.0, \"avg_logprob\": -0.23848840594291687, \"compression_ratio\": 1.8537858724594116, \"no_speech_prob\": 0.0011230303207412362}, {\"id\": 13, \"seek\": 0, \"start\": 21.440000534057617, \"end\": 24.1200008392334, \"text\": \" If you do that, kind of this world of interest and love\", \"tokens\": [51436, 759, 291, 360, 300, 11, 733, 295, 341, 1002, 295, 1179, 293, 959, 51570], \"temperature\": 0.0, \"avg_logprob\": -0.23848840594291687, \"compression_ratio\": 1.8537858724594116, \"no_speech_prob\": 0.0011230303207412362}, {\"id\": 14, \"seek\": 0, \"start\": 24.1200008392334, \"end\": 25.31999969482422, \"text\": \" from the women in your life already\", \"tokens\": [51570, 490, 264, 2266, 294, 428, 993, 1217, 51630], \"temperature\": 0.0, \"avg_logprob\": -0.23848840594291687, \"compression_ratio\": 1.8537858724594116, \"no_speech_prob\": 0.0011230303207412362}, {\"id\": 15, \"seek\": 0, \"start\": 25.31999969482422, \"end\": 26.719999313354492, \"text\": \" will kind of open up to you.\", \"tokens\": [51630, 486, 733, 295, 1269, 493, 281, 291, 13, 51700], \"temperature\": 0.0, \"avg_logprob\": -0.23848840594291687, \"compression_ratio\": 1.8537858724594116, \"no_speech_prob\": 0.0011230303207412362}]}"}