{"title": "Why Authenticity Is Better Than Bragging on Social Media -  Trailer Episode 221", "video_id": "vZyjDmKmwRw", "video_url": "https://www.youtube.com/watch?v=vZyjDmKmwRw", "description": "To listen to more episodes of the Inner Confidence Podcast, visit the links below:\nWebsite: https://innerconfidence.com/podcast/\niTunes:https://podcasts.apple.com/us/podcast/inner-confidence-podcast/id986699444 \nSpotify: https://open.spotify.com/show/2zkWuTnt7whvnR6CO6oNPV\nRSS: https://innerconfidence.com/series/leverage-podcast/feed/\n\nAnd if you're interested in learning more about my coaching services and connecting with me, check out these links:\nLinkTree: https://linktr.ee/Robbiekramer\nMain Site: https://innerconfidence.com/\nInstagram: https://www.instagram.com/robbie_kramer/\nTikTok: https://www.tiktok.com/@robbie.kramer\nYouTube: https://www.youtube.com/innerconfidence\n\nThank you for tuning in, and I look forward to helping you build your inner confidence and achieve success!\n\nJoin us : https://innerconfidence.com/leverage/\nBook a call with me : https://start.innerconfidence.com/video1\n\n\n#personaldevelopment #selfimprovement #innerconfidence #innerconfidencepodcast #podcast #coaching #success #motivation #inspiration #mindset #datingcoach #relationshipgoals #confidencecoach #selfimprovement #successfulmen", "published_at": "2023-04-12T01:41:14Z", "channel_id": "UC0O-ohYDF4P66HW9XJ4Us8w", "channel_title": "Robbie Kramer", "tags": [], "category_id": "26", "live_broadcast_content": "none", "duration": 48.0, "dimension": "2d", "definition": "hd", "caption": "false", "view_count": 249, "like_count": 3, "comment_count": 1, "channel_info": {"title": "Robbie Kramer", "description": "I'm Robbie Kramer \ud83c\udf99Host of The Inner Confidence Podcast & Founder of Inner Confidence, Inc.\n\nI lived an exhilarating single life filled with adventures and lessons, and ultimately achieved what I had always aspired to \u2013 finding an amazing, feminine, and loving wife. \n\nI believe my experiences provide a rare balance of wild freedom and committed love, equipping me with the insights to help you navigate the complexities of dating and relationships in today's world. Let me guide you to embrace your desires, improve your social prowess, and ultimately attract the partner who aligns with your highest aspirations.\n\nYou won\u2019t find any fluffy, new-age, or cringy stuff here, just tested, proven and actionable advice that yields results.\n\nApply to join our exclusive Inner Confidence Community of ambitious men who are actively working together to achieve their goals faster   \u25ba https://innerconfidence.com/community\n\nYou can email me at robbie@innerconfidence.com with any questions or comments.\n", "subscriber_count": "1270", "total_views": "604693", "total_videos": "470"}, "comments": [], "file_path": "/Users/aelaguiz/workspace/fc_book/audio/raws/vZyjDmKmwRw.mp3", "transcription": "{\"text\": \"When social media first became really a big deal, the way everybody approached it was like, I can use this to pretend to live this amazing fantasy life and everybody will admire me. Well, the way markets work is once everybody can do it, it's not worth anything. So now, what people, especially young women, Gen Z, that sort of thing, value in this sort of stuff is authenticity. That's where there's all these new social networking apps coming out that are designed, you can only take pictures in real time, there's several of these. They value authenticity because everybody's been living a fake life for as long as they can see. And one of the things I shine at is authenticity. Like I'm just posting the shit I'm doing, I'm making fun of myself almost all the time. And so that's the way I approach. \", \"segments\": [{\"id\": 0, \"seek\": 0, \"start\": 0.0, \"end\": 5.800000190734863, \"text\": \" When social media first became really a big deal, the way everybody approached it was\", \"tokens\": [50364, 1133, 2093, 3021, 700, 3062, 534, 257, 955, 2028, 11, 264, 636, 2201, 17247, 309, 390, 50654], \"temperature\": 0.0, \"avg_logprob\": -0.2892549932003021, \"compression_ratio\": 1.6328670978546143, \"no_speech_prob\": 0.023678215220570564}, {\"id\": 1, \"seek\": 0, \"start\": 5.800000190734863, \"end\": 11.319999694824219, \"text\": \" like, I can use this to pretend to live this amazing fantasy life and everybody will admire\", \"tokens\": [50654, 411, 11, 286, 393, 764, 341, 281, 11865, 281, 1621, 341, 2243, 13861, 993, 293, 2201, 486, 21951, 50930], \"temperature\": 0.0, \"avg_logprob\": -0.2892549932003021, \"compression_ratio\": 1.6328670978546143, \"no_speech_prob\": 0.023678215220570564}, {\"id\": 2, \"seek\": 0, \"start\": 11.319999694824219, \"end\": 12.319999694824219, \"text\": \" me.\", \"tokens\": [50930, 385, 13, 50980], \"temperature\": 0.0, \"avg_logprob\": -0.2892549932003021, \"compression_ratio\": 1.6328670978546143, \"no_speech_prob\": 0.023678215220570564}, {\"id\": 3, \"seek\": 0, \"start\": 12.319999694824219, \"end\": 17.399999618530273, \"text\": \" Well, the way markets work is once everybody can do it, it's not worth anything.\", \"tokens\": [50980, 1042, 11, 264, 636, 8383, 589, 307, 1564, 2201, 393, 360, 309, 11, 309, 311, 406, 3163, 1340, 13, 51234], \"temperature\": 0.0, \"avg_logprob\": -0.2892549932003021, \"compression_ratio\": 1.6328670978546143, \"no_speech_prob\": 0.023678215220570564}, {\"id\": 4, \"seek\": 0, \"start\": 17.399999618530273, \"end\": 23.639999389648438, \"text\": \" So now, what people, especially young women, Gen Z, that sort of thing, value in this sort\", \"tokens\": [51234, 407, 586, 11, 437, 561, 11, 2318, 2037, 2266, 11, 3632, 1176, 11, 300, 1333, 295, 551, 11, 2158, 294, 341, 1333, 51546], \"temperature\": 0.0, \"avg_logprob\": -0.2892549932003021, \"compression_ratio\": 1.6328670978546143, \"no_speech_prob\": 0.023678215220570564}, {\"id\": 5, \"seek\": 0, \"start\": 23.639999389648438, \"end\": 25.31999969482422, \"text\": \" of stuff is authenticity.\", \"tokens\": [51546, 295, 1507, 307, 34215, 13, 51630], \"temperature\": 0.0, \"avg_logprob\": -0.2892549932003021, \"compression_ratio\": 1.6328670978546143, \"no_speech_prob\": 0.023678215220570564}, {\"id\": 6, \"seek\": 0, \"start\": 25.31999969482422, \"end\": 29.280000686645508, \"text\": \" That's where there's all these new social networking apps coming out that are designed,\", \"tokens\": [51630, 663, 311, 689, 456, 311, 439, 613, 777, 2093, 17985, 7733, 1348, 484, 300, 366, 4761, 11, 51828], \"temperature\": 0.0, \"avg_logprob\": -0.2892549932003021, \"compression_ratio\": 1.6328670978546143, \"no_speech_prob\": 0.023678215220570564}, {\"id\": 7, \"seek\": 2928, \"start\": 29.280000686645508, \"end\": 32.31999969482422, \"text\": \" you can only take pictures in real time, there's several of these.\", \"tokens\": [50364, 291, 393, 787, 747, 5242, 294, 957, 565, 11, 456, 311, 2940, 295, 613, 13, 50516], \"temperature\": 0.0, \"avg_logprob\": -0.3140036463737488, \"compression_ratio\": 1.5727699995040894, \"no_speech_prob\": 0.006387927103787661}, {\"id\": 8, \"seek\": 2928, \"start\": 32.31999969482422, \"end\": 35.720001220703125, \"text\": \" They value authenticity because everybody's been living a fake life for as long as they\", \"tokens\": [50516, 814, 2158, 34215, 570, 2201, 311, 668, 2647, 257, 7592, 993, 337, 382, 938, 382, 436, 50686], \"temperature\": 0.0, \"avg_logprob\": -0.3140036463737488, \"compression_ratio\": 1.5727699995040894, \"no_speech_prob\": 0.006387927103787661}, {\"id\": 9, \"seek\": 2928, \"start\": 35.720001220703125, \"end\": 36.720001220703125, \"text\": \" can see.\", \"tokens\": [50686, 393, 536, 13, 50736], \"temperature\": 0.0, \"avg_logprob\": -0.3140036463737488, \"compression_ratio\": 1.5727699995040894, \"no_speech_prob\": 0.006387927103787661}, {\"id\": 10, \"seek\": 2928, \"start\": 36.720001220703125, \"end\": 39.2400016784668, \"text\": \" And one of the things I shine at is authenticity.\", \"tokens\": [50736, 400, 472, 295, 264, 721, 286, 12207, 412, 307, 9214, 44198, 13, 50862], \"temperature\": 0.0, \"avg_logprob\": -0.3140036463737488, \"compression_ratio\": 1.5727699995040894, \"no_speech_prob\": 0.006387927103787661}, {\"id\": 11, \"seek\": 2928, \"start\": 39.2400016784668, \"end\": 43.47999954223633, \"text\": \" Like I'm just posting the shit I'm doing, I'm making fun of myself almost all the time.\", \"tokens\": [50862, 1743, 286, 478, 445, 15978, 264, 4611, 286, 478, 884, 11, 286, 478, 1455, 1019, 295, 2059, 1920, 439, 264, 565, 13, 51074], \"temperature\": 0.0, \"avg_logprob\": -0.3140036463737488, \"compression_ratio\": 1.5727699995040894, \"no_speech_prob\": 0.006387927103787661}, {\"id\": 12, \"seek\": 2928, \"start\": 43.47999954223633, \"end\": 44.7599983215332, \"text\": \" And so that's the way I approach.\", \"tokens\": [51074, 400, 370, 300, 311, 264, 636, 286, 3109, 13, 51138], \"temperature\": 0.0, \"avg_logprob\": -0.3140036463737488, \"compression_ratio\": 1.5727699995040894, \"no_speech_prob\": 0.006387927103787661}]}"}