{"title": "From Terrible Boyfriend to Perfect Rejection: A Moonlit Boat Moment", "video_id": "WDgowxHt4Rw", "video_url": "https://www.youtube.com/watch?v=WDgowxHt4Rw", "description": "", "published_at": "2023-12-19T16:06:29Z", "channel_id": "UC0O-ohYDF4P66HW9XJ4Us8w", "channel_title": "Robbie Kramer", "tags": [], "category_id": "24", "live_broadcast_content": "none", "duration": 53.0, "dimension": "2d", "definition": "hd", "caption": "false", "view_count": 2462, "like_count": 21, "comment_count": 0, "channel_info": {"title": "Robbie Kramer", "description": "I'm Robbie Kramer \ud83c\udf99Host of The Inner Confidence Podcast & Founder of Inner Confidence, Inc.\n\nI lived an exhilarating single life filled with adventures and lessons, and ultimately achieved what I had always aspired to \u2013 finding an amazing, feminine, and loving wife. \n\nI believe my experiences provide a rare balance of wild freedom and committed love, equipping me with the insights to help you navigate the complexities of dating and relationships in today's world. Let me guide you to embrace your desires, improve your social prowess, and ultimately attract the partner who aligns with your highest aspirations.\n\nYou won\u2019t find any fluffy, new-age, or cringy stuff here, just tested, proven and actionable advice that yields results.\n\nApply to join our exclusive Inner Confidence Community of ambitious men who are actively working together to achieve their goals faster   \u25ba https://innerconfidence.com/community\n\nYou can email me at robbie@innerconfidence.com with any questions or comments.\n", "subscriber_count": "1270", "total_views": "604693", "total_videos": "470"}, "comments": [], "file_path": "/Users/aelaguiz/workspace/fc_book/audio/raws/WDgowxHt4Rw.mp3", "transcription": "{\"text\": \"was a terrible boyfriend back in the day but she found a good husband so I'm sure she's not upset. It all worked out for her. So let's stare at this next scene. I'm sorry. Oh god James don't. Ow. I'm sorry. I know this is an ideal sort of kissing moment. You know night, moon, boat, water lapping. You know it's um it's perfect and I'm I'm not not feeling that it would be nice. But I don't really know anything about you and I'm I'm still on a rebound. Oh god I hate that word but I am. Oh who isn't? Alright so. \", \"segments\": [{\"id\": 0, \"seek\": 0, \"start\": 0.0, \"end\": 4.960000038146973, \"text\": \" was a terrible boyfriend back in the day but she found a good husband so I'm sure she's\", \"tokens\": [50364, 390, 257, 6237, 11457, 646, 294, 264, 786, 457, 750, 1352, 257, 665, 5213, 370, 286, 478, 988, 750, 311, 50612], \"temperature\": 0.0, \"avg_logprob\": -0.47596269845962524, \"compression_ratio\": 1.3918918371200562, \"no_speech_prob\": 0.060842543840408325}, {\"id\": 1, \"seek\": 0, \"start\": 4.960000038146973, \"end\": 5.960000038146973, \"text\": \" not upset.\", \"tokens\": [50612, 406, 8340, 13, 50662], \"temperature\": 0.0, \"avg_logprob\": -0.47596269845962524, \"compression_ratio\": 1.3918918371200562, \"no_speech_prob\": 0.060842543840408325}, {\"id\": 2, \"seek\": 0, \"start\": 5.960000038146973, \"end\": 8.0, \"text\": \" It all worked out for her.\", \"tokens\": [50662, 467, 439, 2732, 484, 337, 720, 13, 50764], \"temperature\": 0.0, \"avg_logprob\": -0.47596269845962524, \"compression_ratio\": 1.3918918371200562, \"no_speech_prob\": 0.060842543840408325}, {\"id\": 3, \"seek\": 0, \"start\": 8.0, \"end\": 10.0, \"text\": \" So let's stare at this next scene.\", \"tokens\": [50764, 407, 718, 311, 22432, 412, 341, 958, 4145, 13, 50864], \"temperature\": 0.0, \"avg_logprob\": -0.47596269845962524, \"compression_ratio\": 1.3918918371200562, \"no_speech_prob\": 0.060842543840408325}, {\"id\": 4, \"seek\": 0, \"start\": 10.0, \"end\": 12.0, \"text\": \" I'm sorry.\", \"tokens\": [50864, 286, 478, 2597, 13, 50964], \"temperature\": 0.0, \"avg_logprob\": -0.47596269845962524, \"compression_ratio\": 1.3918918371200562, \"no_speech_prob\": 0.060842543840408325}, {\"id\": 5, \"seek\": 0, \"start\": 20.0, \"end\": 22.0, \"text\": \" Oh god James don't.\", \"tokens\": [51364, 876, 3044, 5678, 500, 380, 13, 51464], \"temperature\": 0.0, \"avg_logprob\": -0.47596269845962524, \"compression_ratio\": 1.3918918371200562, \"no_speech_prob\": 0.060842543840408325}, {\"id\": 6, \"seek\": 0, \"start\": 22.0, \"end\": 23.0, \"text\": \" Ow.\", \"tokens\": [51464, 12773, 13, 51514], \"temperature\": 0.0, \"avg_logprob\": -0.47596269845962524, \"compression_ratio\": 1.3918918371200562, \"no_speech_prob\": 0.060842543840408325}, {\"id\": 7, \"seek\": 0, \"start\": 23.0, \"end\": 26.0, \"text\": \" I'm sorry.\", \"tokens\": [51514, 286, 478, 2597, 13, 51664], \"temperature\": 0.0, \"avg_logprob\": -0.47596269845962524, \"compression_ratio\": 1.3918918371200562, \"no_speech_prob\": 0.060842543840408325}, {\"id\": 8, \"seek\": 2600, \"start\": 26.0, \"end\": 31.0, \"text\": \" I know this is an ideal sort of kissing moment.\", \"tokens\": [50364, 286, 458, 341, 307, 364, 7157, 1333, 295, 29495, 1623, 13, 50614], \"temperature\": 0.0, \"avg_logprob\": -0.22438539564609528, \"compression_ratio\": 1.5532995462417603, \"no_speech_prob\": 0.015417689457535744}, {\"id\": 9, \"seek\": 2600, \"start\": 31.0, \"end\": 34.0, \"text\": \" You know night, moon, boat, water lapping.\", \"tokens\": [50614, 509, 458, 1818, 11, 7135, 11, 6582, 11, 1281, 635, 3759, 13, 50764], \"temperature\": 0.0, \"avg_logprob\": -0.22438539564609528, \"compression_ratio\": 1.5532995462417603, \"no_speech_prob\": 0.015417689457535744}, {\"id\": 10, \"seek\": 2600, \"start\": 34.0, \"end\": 41.0, \"text\": \" You know it's um it's perfect and I'm I'm not not feeling that it would be nice.\", \"tokens\": [50764, 509, 458, 309, 311, 1105, 309, 311, 2176, 293, 286, 478, 286, 478, 406, 406, 2633, 300, 309, 576, 312, 1481, 13, 51114], \"temperature\": 0.0, \"avg_logprob\": -0.22438539564609528, \"compression_ratio\": 1.5532995462417603, \"no_speech_prob\": 0.015417689457535744}, {\"id\": 11, \"seek\": 2600, \"start\": 41.0, \"end\": 47.0, \"text\": \" But I don't really know anything about you and I'm I'm still on a rebound.\", \"tokens\": [51114, 583, 286, 500, 380, 534, 458, 1340, 466, 291, 293, 286, 478, 286, 478, 920, 322, 257, 31850, 13, 51414], \"temperature\": 0.0, \"avg_logprob\": -0.22438539564609528, \"compression_ratio\": 1.5532995462417603, \"no_speech_prob\": 0.015417689457535744}, {\"id\": 12, \"seek\": 2600, \"start\": 47.0, \"end\": 50.0, \"text\": \" Oh god I hate that word but I am.\", \"tokens\": [51414, 876, 3044, 286, 4700, 300, 1349, 457, 286, 669, 13, 51564], \"temperature\": 0.0, \"avg_logprob\": -0.22438539564609528, \"compression_ratio\": 1.5532995462417603, \"no_speech_prob\": 0.015417689457535744}, {\"id\": 13, \"seek\": 2600, \"start\": 50.0, \"end\": 51.0, \"text\": \" Oh who isn't?\", \"tokens\": [51564, 876, 567, 1943, 380, 30, 51614], \"temperature\": 0.0, \"avg_logprob\": -0.22438539564609528, \"compression_ratio\": 1.5532995462417603, \"no_speech_prob\": 0.015417689457535744}, {\"id\": 14, \"seek\": 2600, \"start\": 51.0, \"end\": 52.0, \"text\": \" Alright so.\", \"tokens\": [51614, 2798, 370, 13, 51664], \"temperature\": 0.0, \"avg_logprob\": -0.22438539564609528, \"compression_ratio\": 1.5532995462417603, \"no_speech_prob\": 0.015417689457535744}]}"}