{"title": "Stoic vs. Funny what vibe do you bring on your dates?", "video_id": "Wm69aktLNNc", "video_url": "https://www.youtube.com/watch?v=Wm69aktLNNc", "description": "", "published_at": "2023-04-29T22:36:08Z", "channel_id": "UC0O-ohYDF4P66HW9XJ4Us8w", "channel_title": "Robbie Kramer", "tags": [], "category_id": "26", "live_broadcast_content": "none", "duration": 24.0, "dimension": "2d", "definition": "hd", "caption": "false", "view_count": 1226, "like_count": 25, "comment_count": 2, "channel_info": {"title": "Robbie Kramer", "description": "I'm Robbie Kramer \ud83c\udf99Host of The Inner Confidence Podcast & Founder of Inner Confidence, Inc.\n\nI lived an exhilarating single life filled with adventures and lessons, and ultimately achieved what I had always aspired to \u2013 finding an amazing, feminine, and loving wife. \n\nI believe my experiences provide a rare balance of wild freedom and committed love, equipping me with the insights to help you navigate the complexities of dating and relationships in today's world. Let me guide you to embrace your desires, improve your social prowess, and ultimately attract the partner who aligns with your highest aspirations.\n\nYou won\u2019t find any fluffy, new-age, or cringy stuff here, just tested, proven and actionable advice that yields results.\n\nApply to join our exclusive Inner Confidence Community of ambitious men who are actively working together to achieve their goals faster   \u25ba https://innerconfidence.com/community\n\nYou can email me at robbie@innerconfidence.com with any questions or comments.\n", "subscriber_count": "1270", "total_views": "604693", "total_videos": "470"}, "comments": [], "file_path": "/Users/aelaguiz/workspace/fc_book/audio/raws/Wm69aktLNNc.mp3", "transcription": "{\"text\": \"I need to be more alpha, serious, more masculine. I'm like, okay, yeah, and as an overall inner game thing, yeah, you don't want to be like a sissy boy, but like on a date, how are you supposed to like show this masculine alphaness and like have a good time? It doesn't quite connect. I tried to go like all stoic and all masculine and all that stuff many years ago when I was getting into this stuff. And then I realized like, wait, I'm not fun anymore. Like girls aren't laughing like they used to laugh. When I realized that was happening, I pulled out of it. \", \"segments\": [{\"id\": 0, \"seek\": 0, \"start\": 0.0, \"end\": 2.759999990463257, \"text\": \" I need to be more alpha, serious, more masculine.\", \"tokens\": [50364, 286, 643, 281, 312, 544, 8961, 11, 3156, 11, 544, 28992, 13, 50502], \"temperature\": 0.0, \"avg_logprob\": -0.22252678871154785, \"compression_ratio\": 1.7784810066223145, \"no_speech_prob\": 0.037212129682302475}, {\"id\": 1, \"seek\": 0, \"start\": 2.759999990463257, \"end\": 5.639999866485596, \"text\": \" I'm like, okay, yeah, and as an overall inner game thing,\", \"tokens\": [50502, 286, 478, 411, 11, 1392, 11, 1338, 11, 293, 382, 364, 4787, 7284, 1216, 551, 11, 50646], \"temperature\": 0.0, \"avg_logprob\": -0.22252678871154785, \"compression_ratio\": 1.7784810066223145, \"no_speech_prob\": 0.037212129682302475}, {\"id\": 2, \"seek\": 0, \"start\": 5.639999866485596, \"end\": 7.239999771118164, \"text\": \" yeah, you don't want to be like a sissy boy,\", \"tokens\": [50646, 1338, 11, 291, 500, 380, 528, 281, 312, 411, 257, 262, 28617, 3237, 11, 50726], \"temperature\": 0.0, \"avg_logprob\": -0.22252678871154785, \"compression_ratio\": 1.7784810066223145, \"no_speech_prob\": 0.037212129682302475}, {\"id\": 3, \"seek\": 0, \"start\": 7.239999771118164, \"end\": 9.359999656677246, \"text\": \" but like on a date, how are you supposed to like\", \"tokens\": [50726, 457, 411, 322, 257, 4002, 11, 577, 366, 291, 3442, 281, 411, 50832], \"temperature\": 0.0, \"avg_logprob\": -0.22252678871154785, \"compression_ratio\": 1.7784810066223145, \"no_speech_prob\": 0.037212129682302475}, {\"id\": 4, \"seek\": 0, \"start\": 9.359999656677246, \"end\": 11.880000114440918, \"text\": \" show this masculine alphaness and like have a good time?\", \"tokens\": [50832, 855, 341, 28992, 419, 950, 282, 442, 293, 411, 362, 257, 665, 565, 30, 50958], \"temperature\": 0.0, \"avg_logprob\": -0.22252678871154785, \"compression_ratio\": 1.7784810066223145, \"no_speech_prob\": 0.037212129682302475}, {\"id\": 5, \"seek\": 0, \"start\": 11.880000114440918, \"end\": 12.720000267028809, \"text\": \" It doesn't quite connect.\", \"tokens\": [50958, 467, 1177, 380, 1596, 1745, 13, 51000], \"temperature\": 0.0, \"avg_logprob\": -0.22252678871154785, \"compression_ratio\": 1.7784810066223145, \"no_speech_prob\": 0.037212129682302475}, {\"id\": 6, \"seek\": 0, \"start\": 12.720000267028809, \"end\": 14.84000015258789, \"text\": \" I tried to go like all stoic and all masculine\", \"tokens\": [51000, 286, 3031, 281, 352, 411, 439, 22784, 299, 293, 439, 28992, 51106], \"temperature\": 0.0, \"avg_logprob\": -0.22252678871154785, \"compression_ratio\": 1.7784810066223145, \"no_speech_prob\": 0.037212129682302475}, {\"id\": 7, \"seek\": 0, \"start\": 14.84000015258789, \"end\": 16.15999984741211, \"text\": \" and all that stuff many years ago\", \"tokens\": [51106, 293, 439, 300, 1507, 867, 924, 2057, 51172], \"temperature\": 0.0, \"avg_logprob\": -0.22252678871154785, \"compression_ratio\": 1.7784810066223145, \"no_speech_prob\": 0.037212129682302475}, {\"id\": 8, \"seek\": 0, \"start\": 16.15999984741211, \"end\": 17.239999771118164, \"text\": \" when I was getting into this stuff.\", \"tokens\": [51172, 562, 286, 390, 1242, 666, 341, 1507, 13, 51226], \"temperature\": 0.0, \"avg_logprob\": -0.22252678871154785, \"compression_ratio\": 1.7784810066223145, \"no_speech_prob\": 0.037212129682302475}, {\"id\": 9, \"seek\": 0, \"start\": 17.239999771118164, \"end\": 19.1200008392334, \"text\": \" And then I realized like, wait, I'm not fun anymore.\", \"tokens\": [51226, 400, 550, 286, 5334, 411, 11, 1699, 11, 286, 478, 406, 1019, 3602, 13, 51320], \"temperature\": 0.0, \"avg_logprob\": -0.22252678871154785, \"compression_ratio\": 1.7784810066223145, \"no_speech_prob\": 0.037212129682302475}, {\"id\": 10, \"seek\": 0, \"start\": 19.1200008392334, \"end\": 20.920000076293945, \"text\": \" Like girls aren't laughing like they used to laugh.\", \"tokens\": [51320, 1743, 4519, 3212, 380, 5059, 411, 436, 1143, 281, 5801, 13, 51410], \"temperature\": 0.0, \"avg_logprob\": -0.22252678871154785, \"compression_ratio\": 1.7784810066223145, \"no_speech_prob\": 0.037212129682302475}, {\"id\": 11, \"seek\": 0, \"start\": 20.920000076293945, \"end\": 23.559999465942383, \"text\": \" When I realized that was happening, I pulled out of it.\", \"tokens\": [51410, 1133, 286, 5334, 300, 390, 2737, 11, 286, 7373, 484, 295, 309, 13, 51542], \"temperature\": 0.0, \"avg_logprob\": -0.22252678871154785, \"compression_ratio\": 1.7784810066223145, \"no_speech_prob\": 0.037212129682302475}]}"}