{"title": "Watch full Travel Episode # 209 for more\u2026", "video_id": "WR4jRvY5T1s", "video_url": "https://www.youtube.com/watch?v=WR4jRvY5T1s", "description": "To listen to more episodes of the Inner Confidence Podcast, visit the links below:\nWebsite: https://innerconfidence.com/podcast/\niTunes:https://podcasts.apple.com/us/podcast/inner-confidence-podcast/id986699444 \nSpotify: https://open.spotify.com/show/2zkWuTnt7whvnR6CO6oNPV\nRSS: https://innerconfidence.com/series/leverage-podcast/feed/\n\nAnd if you're interested in learning more about my coaching services and connecting with me, check out these links:\nLinkTree: https://linktr.ee/Robbiekramer\nMain Site: https://innerconfidence.com/\nInstagram: https://www.instagram.com/robbie_kramer/\nTikTok: https://www.tiktok.com/@robbie.kramer\nYouTube: https://www.youtube.com/innerconfidence\n\nThank you for tuning in, and I look forward to helping you build your inner confidence and achieve success!\n\nJoin us : https://innerconfidence.com/leverage/\nBook a call with me : https://start.innerconfidence.com/video1\n\n\n#personaldevelopment #selfimprovement #innerconfidence #innerconfidencepodcast #podcast #coaching #success #motivation #inspiration #mindset #datingcoach #relationshipgoals #confidencecoach #selfimprovement #successfulmen", "published_at": "2022-12-25T19:51:34Z", "channel_id": "UC0O-ohYDF4P66HW9XJ4Us8w", "channel_title": "Robbie Kramer", "tags": [], "category_id": "26", "live_broadcast_content": "none", "duration": 61.0, "dimension": "2d", "definition": "hd", "caption": "false", "view_count": 1305, "like_count": 19, "comment_count": 2, "channel_info": {"title": "Robbie Kramer", "description": "I'm Robbie Kramer \ud83c\udf99Host of The Inner Confidence Podcast & Founder of Inner Confidence, Inc.\n\nI lived an exhilarating single life filled with adventures and lessons, and ultimately achieved what I had always aspired to \u2013 finding an amazing, feminine, and loving wife. \n\nI believe my experiences provide a rare balance of wild freedom and committed love, equipping me with the insights to help you navigate the complexities of dating and relationships in today's world. Let me guide you to embrace your desires, improve your social prowess, and ultimately attract the partner who aligns with your highest aspirations.\n\nYou won\u2019t find any fluffy, new-age, or cringy stuff here, just tested, proven and actionable advice that yields results.\n\nApply to join our exclusive Inner Confidence Community of ambitious men who are actively working together to achieve their goals faster   \u25ba https://innerconfidence.com/community\n\nYou can email me at robbie@innerconfidence.com with any questions or comments.\n", "subscriber_count": "1270", "total_views": "604693", "total_videos": "470"}, "comments": [], "file_path": "/Users/aelaguiz/workspace/fc_book/audio/raws/WR4jRvY5T1s.mp3", "transcription": "{\"text\": \"So, what you do when you go to visit a girl and you're staying in her place, around her environment, on her home turf, is you're putting her into her masculine frame, right? She's got to make decisions for you guys. She has to entertain you. You're her guest. And no girl who has a feminine characteristic or has a kind of like a feminine nature about her who's looking for a masculine man wants to make those decisions. Putting her into her masculine does not make her attracted to you or horny for you. It makes the opposite happen. And that's exactly what happened here. She was like, I feel like I'm babysitting him. He doesn't like, we don't have, he's not planning anything. He's not like taking me out. It's I'm showing him. He doesn't know anything. He doesn't know anything. Exactly. He cannot plan. He can't. Like, so that's a mistake is going to visit a girl in her city. Even if you have banged her. Even if you guys are like, like, unless you're already in a relationship, don't do it. \", \"segments\": [{\"id\": 0, \"seek\": 0, \"start\": 0.0, \"end\": 6.639999866485596, \"text\": \" So, what you do when you go to visit a girl and you're staying in her place, around her\", \"tokens\": [50364, 407, 11, 437, 291, 360, 562, 291, 352, 281, 3441, 257, 2013, 293, 291, 434, 7939, 294, 720, 1081, 11, 926, 720, 50696], \"temperature\": 0.0, \"avg_logprob\": -0.2918248176574707, \"compression_ratio\": 1.7142857313156128, \"no_speech_prob\": 0.03357450291514397}, {\"id\": 1, \"seek\": 0, \"start\": 6.639999866485596, \"end\": 12.680000305175781, \"text\": \" environment, on her home turf, is you're putting her into her masculine frame, right?\", \"tokens\": [50696, 2823, 11, 322, 720, 1280, 42756, 11, 307, 291, 434, 3372, 720, 666, 720, 28992, 3920, 11, 558, 30, 50998], \"temperature\": 0.0, \"avg_logprob\": -0.2918248176574707, \"compression_ratio\": 1.7142857313156128, \"no_speech_prob\": 0.03357450291514397}, {\"id\": 2, \"seek\": 0, \"start\": 12.680000305175781, \"end\": 14.899999618530273, \"text\": \" She's got to make decisions for you guys.\", \"tokens\": [50998, 1240, 311, 658, 281, 652, 5327, 337, 291, 1074, 13, 51109], \"temperature\": 0.0, \"avg_logprob\": -0.2918248176574707, \"compression_ratio\": 1.7142857313156128, \"no_speech_prob\": 0.03357450291514397}, {\"id\": 3, \"seek\": 0, \"start\": 14.899999618530273, \"end\": 17.239999771118164, \"text\": \" She has to entertain you.\", \"tokens\": [51109, 1240, 575, 281, 7655, 291, 13, 51226], \"temperature\": 0.0, \"avg_logprob\": -0.2918248176574707, \"compression_ratio\": 1.7142857313156128, \"no_speech_prob\": 0.03357450291514397}, {\"id\": 4, \"seek\": 0, \"start\": 17.239999771118164, \"end\": 18.760000228881836, \"text\": \" You're her guest.\", \"tokens\": [51226, 509, 434, 720, 8341, 13, 51302], \"temperature\": 0.0, \"avg_logprob\": -0.2918248176574707, \"compression_ratio\": 1.7142857313156128, \"no_speech_prob\": 0.03357450291514397}, {\"id\": 5, \"seek\": 0, \"start\": 18.760000228881836, \"end\": 23.719999313354492, \"text\": \" And no girl who has a feminine characteristic or has a kind of like a feminine nature about\", \"tokens\": [51302, 400, 572, 2013, 567, 575, 257, 24648, 2517, 468, 299, 420, 575, 257, 733, 295, 411, 257, 24648, 3687, 466, 51550], \"temperature\": 0.0, \"avg_logprob\": -0.2918248176574707, \"compression_ratio\": 1.7142857313156128, \"no_speech_prob\": 0.03357450291514397}, {\"id\": 6, \"seek\": 0, \"start\": 23.719999313354492, \"end\": 29.1200008392334, \"text\": \" her who's looking for a masculine man wants to make those decisions.\", \"tokens\": [51550, 720, 567, 311, 1237, 337, 257, 28992, 587, 2738, 281, 652, 729, 5327, 13, 51820], \"temperature\": 0.0, \"avg_logprob\": -0.2918248176574707, \"compression_ratio\": 1.7142857313156128, \"no_speech_prob\": 0.03357450291514397}, {\"id\": 7, \"seek\": 2912, \"start\": 29.1200008392334, \"end\": 32.400001525878906, \"text\": \" Putting her into her masculine does not make her attracted to you or horny for you.\", \"tokens\": [50364, 31367, 720, 666, 720, 28992, 775, 406, 652, 720, 15912, 281, 291, 420, 2569, 1634, 337, 291, 13, 50528], \"temperature\": 0.0, \"avg_logprob\": -0.23981615900993347, \"compression_ratio\": 1.89180326461792, \"no_speech_prob\": 0.4454415738582611}, {\"id\": 8, \"seek\": 2912, \"start\": 32.400001525878906, \"end\": 33.720001220703125, \"text\": \" It makes the opposite happen.\", \"tokens\": [50528, 467, 1669, 264, 6182, 1051, 13, 50594], \"temperature\": 0.0, \"avg_logprob\": -0.23981615900993347, \"compression_ratio\": 1.89180326461792, \"no_speech_prob\": 0.4454415738582611}, {\"id\": 9, \"seek\": 2912, \"start\": 33.720001220703125, \"end\": 35.400001525878906, \"text\": \" And that's exactly what happened here.\", \"tokens\": [50594, 400, 300, 311, 2293, 437, 2011, 510, 13, 50678], \"temperature\": 0.0, \"avg_logprob\": -0.23981615900993347, \"compression_ratio\": 1.89180326461792, \"no_speech_prob\": 0.4454415738582611}, {\"id\": 10, \"seek\": 2912, \"start\": 35.400001525878906, \"end\": 37.560001373291016, \"text\": \" She was like, I feel like I'm babysitting him.\", \"tokens\": [50678, 1240, 390, 411, 11, 286, 841, 411, 286, 478, 39764, 2414, 796, 13, 50786], \"temperature\": 0.0, \"avg_logprob\": -0.23981615900993347, \"compression_ratio\": 1.89180326461792, \"no_speech_prob\": 0.4454415738582611}, {\"id\": 11, \"seek\": 2912, \"start\": 37.560001373291016, \"end\": 39.91999816894531, \"text\": \" He doesn't like, we don't have, he's not planning anything.\", \"tokens\": [50786, 634, 1177, 380, 411, 11, 321, 500, 380, 362, 11, 415, 311, 406, 5038, 1340, 13, 50904], \"temperature\": 0.0, \"avg_logprob\": -0.23981615900993347, \"compression_ratio\": 1.89180326461792, \"no_speech_prob\": 0.4454415738582611}, {\"id\": 12, \"seek\": 2912, \"start\": 39.91999816894531, \"end\": 41.20000076293945, \"text\": \" He's not like taking me out.\", \"tokens\": [50904, 634, 311, 406, 411, 1940, 385, 484, 13, 50968], \"temperature\": 0.0, \"avg_logprob\": -0.23981615900993347, \"compression_ratio\": 1.89180326461792, \"no_speech_prob\": 0.4454415738582611}, {\"id\": 13, \"seek\": 2912, \"start\": 41.20000076293945, \"end\": 42.20000076293945, \"text\": \" It's I'm showing him.\", \"tokens\": [50968, 467, 311, 286, 478, 4099, 796, 13, 51018], \"temperature\": 0.0, \"avg_logprob\": -0.23981615900993347, \"compression_ratio\": 1.89180326461792, \"no_speech_prob\": 0.4454415738582611}, {\"id\": 14, \"seek\": 2912, \"start\": 42.20000076293945, \"end\": 43.20000076293945, \"text\": \" He doesn't know anything.\", \"tokens\": [51018, 634, 1177, 380, 458, 1340, 13, 51068], \"temperature\": 0.0, \"avg_logprob\": -0.23981615900993347, \"compression_ratio\": 1.89180326461792, \"no_speech_prob\": 0.4454415738582611}, {\"id\": 15, \"seek\": 2912, \"start\": 43.20000076293945, \"end\": 44.20000076293945, \"text\": \" He doesn't know anything.\", \"tokens\": [51068, 634, 1177, 380, 458, 1340, 13, 51118], \"temperature\": 0.0, \"avg_logprob\": -0.23981615900993347, \"compression_ratio\": 1.89180326461792, \"no_speech_prob\": 0.4454415738582611}, {\"id\": 16, \"seek\": 2912, \"start\": 44.20000076293945, \"end\": 45.20000076293945, \"text\": \" Exactly.\", \"tokens\": [51118, 7587, 13, 51168], \"temperature\": 0.0, \"avg_logprob\": -0.23981615900993347, \"compression_ratio\": 1.89180326461792, \"no_speech_prob\": 0.4454415738582611}, {\"id\": 17, \"seek\": 2912, \"start\": 45.20000076293945, \"end\": 46.20000076293945, \"text\": \" He cannot plan.\", \"tokens\": [51168, 634, 2644, 1393, 13, 51218], \"temperature\": 0.0, \"avg_logprob\": -0.23981615900993347, \"compression_ratio\": 1.89180326461792, \"no_speech_prob\": 0.4454415738582611}, {\"id\": 18, \"seek\": 2912, \"start\": 46.20000076293945, \"end\": 47.20000076293945, \"text\": \" He can't.\", \"tokens\": [51218, 634, 393, 380, 13, 51268], \"temperature\": 0.0, \"avg_logprob\": -0.23981615900993347, \"compression_ratio\": 1.89180326461792, \"no_speech_prob\": 0.4454415738582611}, {\"id\": 19, \"seek\": 2912, \"start\": 47.20000076293945, \"end\": 50.599998474121094, \"text\": \" Like, so that's a mistake is going to visit a girl in her city.\", \"tokens\": [51268, 1743, 11, 370, 300, 311, 257, 6146, 307, 516, 281, 3441, 257, 2013, 294, 720, 2307, 13, 51438], \"temperature\": 0.0, \"avg_logprob\": -0.23981615900993347, \"compression_ratio\": 1.89180326461792, \"no_speech_prob\": 0.4454415738582611}, {\"id\": 20, \"seek\": 2912, \"start\": 50.599998474121094, \"end\": 52.63999938964844, \"text\": \" Even if you have banged her.\", \"tokens\": [51438, 2754, 498, 291, 362, 8550, 292, 720, 13, 51540], \"temperature\": 0.0, \"avg_logprob\": -0.23981615900993347, \"compression_ratio\": 1.89180326461792, \"no_speech_prob\": 0.4454415738582611}, {\"id\": 21, \"seek\": 2912, \"start\": 52.63999938964844, \"end\": 58.720001220703125, \"text\": \" Even if you guys are like, like, unless you're already in a relationship, don't do it.\", \"tokens\": [51540, 2754, 498, 291, 1074, 366, 411, 11, 411, 11, 5969, 291, 434, 1217, 294, 257, 2480, 11, 500, 380, 360, 309, 13, 51844], \"temperature\": 0.0, \"avg_logprob\": -0.23981615900993347, \"compression_ratio\": 1.89180326461792, \"no_speech_prob\": 0.4454415738582611}]}"}