{"title": "Uncovering the Dangers of Taking Little Blue Pills", "video_id": "x7XW0cSQ5Y4", "video_url": "https://www.youtube.com/watch?v=x7XW0cSQ5Y4", "description": "Full Episode -\n\nhttps://innerconfidence.com/podcast/leverage-podcast/the-master-lover-method-w-james-marshall-episode-220/\n\nMaster Lover Method - \n\nhttps://www.masterlovermethod.com/secret-innerconfidence", "published_at": "2023-05-09T03:56:27Z", "channel_id": "UC0O-ohYDF4P66HW9XJ4Us8w", "channel_title": "Robbie Kramer", "tags": [], "category_id": "24", "live_broadcast_content": "none", "duration": 44.0, "dimension": "2d", "definition": "hd", "caption": "false", "view_count": 732, "like_count": 13, "comment_count": 0, "channel_info": {"title": "Robbie Kramer", "description": "I'm Robbie Kramer \ud83c\udf99Host of The Inner Confidence Podcast & Founder of Inner Confidence, Inc.\n\nI lived an exhilarating single life filled with adventures and lessons, and ultimately achieved what I had always aspired to \u2013 finding an amazing, feminine, and loving wife. \n\nI believe my experiences provide a rare balance of wild freedom and committed love, equipping me with the insights to help you navigate the complexities of dating and relationships in today's world. Let me guide you to embrace your desires, improve your social prowess, and ultimately attract the partner who aligns with your highest aspirations.\n\nYou won\u2019t find any fluffy, new-age, or cringy stuff here, just tested, proven and actionable advice that yields results.\n\nApply to join our exclusive Inner Confidence Community of ambitious men who are actively working together to achieve their goals faster   \u25ba https://innerconfidence.com/community\n\nYou can email me at robbie@innerconfidence.com with any questions or comments.\n", "subscriber_count": "1270", "total_views": "604693", "total_videos": "470"}, "comments": [], "file_path": "/Users/aelaguiz/workspace/fc_book/audio/raws/x7XW0cSQ5Y4.mp3", "transcription": "{\"text\": \"you're gonna need to take more and more of them and that's not good for your health. So, yeah, that's the way I would view it. It's like, cool, like, look, if you're on a date with the hottest, you've got a date coming up with the hottest woman you've ever been with and you do not wanna, desperately do not wanna fuck it up, okay, bite a quarter off an hour before and then deal with it if you don't get, if she doesn't come home with you and deal with the 48-hour erection. But yeah, I would say just, guys, to be careful because, look, it's easy to get addicted to any type of drug. Most people don't start taking any type of drug thinking they're gonna get addicted to it. They take it for, you know, its purpose and it works and then they take more and then it doesn't work anymore and you take more. Like, you can. \", \"segments\": [{\"id\": 0, \"seek\": 0, \"start\": 0.0, \"end\": 1.7200000286102295, \"text\": \" you're gonna need to take more and more of them\", \"tokens\": [50364, 291, 434, 799, 643, 281, 747, 544, 293, 544, 295, 552, 50450], \"temperature\": 0.0, \"avg_logprob\": -0.2585712969303131, \"compression_ratio\": 1.7849829196929932, \"no_speech_prob\": 0.0019868246745318174}, {\"id\": 1, \"seek\": 0, \"start\": 1.7200000286102295, \"end\": 3.359999895095825, \"text\": \" and that's not good for your health.\", \"tokens\": [50450, 293, 300, 311, 406, 665, 337, 428, 1585, 13, 50532], \"temperature\": 0.0, \"avg_logprob\": -0.2585712969303131, \"compression_ratio\": 1.7849829196929932, \"no_speech_prob\": 0.0019868246745318174}, {\"id\": 2, \"seek\": 0, \"start\": 3.359999895095825, \"end\": 5.519999980926514, \"text\": \" So, yeah, that's the way I would view it.\", \"tokens\": [50532, 407, 11, 1338, 11, 300, 311, 264, 636, 286, 576, 1910, 309, 13, 50640], \"temperature\": 0.0, \"avg_logprob\": -0.2585712969303131, \"compression_ratio\": 1.7849829196929932, \"no_speech_prob\": 0.0019868246745318174}, {\"id\": 3, \"seek\": 0, \"start\": 5.519999980926514, \"end\": 8.079999923706055, \"text\": \" It's like, cool, like, look,\", \"tokens\": [50640, 467, 311, 411, 11, 1627, 11, 411, 11, 574, 11, 50768], \"temperature\": 0.0, \"avg_logprob\": -0.2585712969303131, \"compression_ratio\": 1.7849829196929932, \"no_speech_prob\": 0.0019868246745318174}, {\"id\": 4, \"seek\": 0, \"start\": 8.079999923706055, \"end\": 9.640000343322754, \"text\": \" if you're on a date with the hottest,\", \"tokens\": [50768, 498, 291, 434, 322, 257, 4002, 365, 264, 32780, 11, 50846], \"temperature\": 0.0, \"avg_logprob\": -0.2585712969303131, \"compression_ratio\": 1.7849829196929932, \"no_speech_prob\": 0.0019868246745318174}, {\"id\": 5, \"seek\": 0, \"start\": 9.640000343322754, \"end\": 10.640000343322754, \"text\": \" you've got a date coming up\", \"tokens\": [50846, 291, 600, 658, 257, 4002, 1348, 493, 50896], \"temperature\": 0.0, \"avg_logprob\": -0.2585712969303131, \"compression_ratio\": 1.7849829196929932, \"no_speech_prob\": 0.0019868246745318174}, {\"id\": 6, \"seek\": 0, \"start\": 10.640000343322754, \"end\": 12.239999771118164, \"text\": \" with the hottest woman you've ever been with\", \"tokens\": [50896, 365, 264, 32780, 3059, 291, 600, 1562, 668, 365, 50976], \"temperature\": 0.0, \"avg_logprob\": -0.2585712969303131, \"compression_ratio\": 1.7849829196929932, \"no_speech_prob\": 0.0019868246745318174}, {\"id\": 7, \"seek\": 0, \"start\": 12.239999771118164, \"end\": 13.399999618530273, \"text\": \" and you do not wanna,\", \"tokens\": [50976, 293, 291, 360, 406, 1948, 11, 51034], \"temperature\": 0.0, \"avg_logprob\": -0.2585712969303131, \"compression_ratio\": 1.7849829196929932, \"no_speech_prob\": 0.0019868246745318174}, {\"id\": 8, \"seek\": 0, \"start\": 13.399999618530273, \"end\": 15.039999961853027, \"text\": \" desperately do not wanna fuck it up,\", \"tokens\": [51034, 23726, 360, 406, 1948, 3275, 309, 493, 11, 51116], \"temperature\": 0.0, \"avg_logprob\": -0.2585712969303131, \"compression_ratio\": 1.7849829196929932, \"no_speech_prob\": 0.0019868246745318174}, {\"id\": 9, \"seek\": 0, \"start\": 15.039999961853027, \"end\": 18.239999771118164, \"text\": \" okay, bite a quarter off an hour before\", \"tokens\": [51116, 1392, 11, 7988, 257, 6555, 766, 364, 1773, 949, 51276], \"temperature\": 0.0, \"avg_logprob\": -0.2585712969303131, \"compression_ratio\": 1.7849829196929932, \"no_speech_prob\": 0.0019868246745318174}, {\"id\": 10, \"seek\": 0, \"start\": 18.239999771118164, \"end\": 20.559999465942383, \"text\": \" and then deal with it if you don't get,\", \"tokens\": [51276, 293, 550, 2028, 365, 309, 498, 291, 500, 380, 483, 11, 51392], \"temperature\": 0.0, \"avg_logprob\": -0.2585712969303131, \"compression_ratio\": 1.7849829196929932, \"no_speech_prob\": 0.0019868246745318174}, {\"id\": 11, \"seek\": 0, \"start\": 20.559999465942383, \"end\": 21.600000381469727, \"text\": \" if she doesn't come home with you\", \"tokens\": [51392, 498, 750, 1177, 380, 808, 1280, 365, 291, 51444], \"temperature\": 0.0, \"avg_logprob\": -0.2585712969303131, \"compression_ratio\": 1.7849829196929932, \"no_speech_prob\": 0.0019868246745318174}, {\"id\": 12, \"seek\": 0, \"start\": 21.600000381469727, \"end\": 23.600000381469727, \"text\": \" and deal with the 48-hour erection.\", \"tokens\": [51444, 293, 2028, 365, 264, 11174, 12, 18048, 25022, 882, 13, 51544], \"temperature\": 0.0, \"avg_logprob\": -0.2585712969303131, \"compression_ratio\": 1.7849829196929932, \"no_speech_prob\": 0.0019868246745318174}, {\"id\": 13, \"seek\": 0, \"start\": 23.600000381469727, \"end\": 28.1200008392334, \"text\": \" But yeah, I would say just, guys, to be careful\", \"tokens\": [51544, 583, 1338, 11, 286, 576, 584, 445, 11, 1074, 11, 281, 312, 5026, 51770], \"temperature\": 0.0, \"avg_logprob\": -0.2585712969303131, \"compression_ratio\": 1.7849829196929932, \"no_speech_prob\": 0.0019868246745318174}, {\"id\": 14, \"seek\": 2812, \"start\": 28.1200008392334, \"end\": 30.600000381469727, \"text\": \" because, look, it's easy to get addicted\", \"tokens\": [50364, 570, 11, 574, 11, 309, 311, 1858, 281, 483, 24629, 50488], \"temperature\": 0.0, \"avg_logprob\": -0.2821177840232849, \"compression_ratio\": 1.7309941053390503, \"no_speech_prob\": 0.0460023358464241}, {\"id\": 15, \"seek\": 2812, \"start\": 30.600000381469727, \"end\": 32.15999984741211, \"text\": \" to any type of drug.\", \"tokens\": [50488, 281, 604, 2010, 295, 4110, 13, 50566], \"temperature\": 0.0, \"avg_logprob\": -0.2821177840232849, \"compression_ratio\": 1.7309941053390503, \"no_speech_prob\": 0.0460023358464241}, {\"id\": 16, \"seek\": 2812, \"start\": 32.15999984741211, \"end\": 34.47999954223633, \"text\": \" Most people don't start taking any type of drug\", \"tokens\": [50566, 4534, 561, 500, 380, 722, 1940, 604, 2010, 295, 4110, 50682], \"temperature\": 0.0, \"avg_logprob\": -0.2821177840232849, \"compression_ratio\": 1.7309941053390503, \"no_speech_prob\": 0.0460023358464241}, {\"id\": 17, \"seek\": 2812, \"start\": 34.47999954223633, \"end\": 36.36000061035156, \"text\": \" thinking they're gonna get addicted to it.\", \"tokens\": [50682, 1953, 436, 434, 799, 483, 24629, 281, 309, 13, 50776], \"temperature\": 0.0, \"avg_logprob\": -0.2821177840232849, \"compression_ratio\": 1.7309941053390503, \"no_speech_prob\": 0.0460023358464241}, {\"id\": 18, \"seek\": 2812, \"start\": 36.36000061035156, \"end\": 39.0, \"text\": \" They take it for, you know, its purpose and it works\", \"tokens\": [50776, 814, 747, 309, 337, 11, 291, 458, 11, 1080, 4334, 293, 309, 1985, 50908], \"temperature\": 0.0, \"avg_logprob\": -0.2821177840232849, \"compression_ratio\": 1.7309941053390503, \"no_speech_prob\": 0.0460023358464241}, {\"id\": 19, \"seek\": 2812, \"start\": 39.0, \"end\": 40.52000045776367, \"text\": \" and then they take more\", \"tokens\": [50908, 293, 550, 436, 747, 544, 50984], \"temperature\": 0.0, \"avg_logprob\": -0.2821177840232849, \"compression_ratio\": 1.7309941053390503, \"no_speech_prob\": 0.0460023358464241}, {\"id\": 20, \"seek\": 2812, \"start\": 40.52000045776367, \"end\": 42.040000915527344, \"text\": \" and then it doesn't work anymore and you take more.\", \"tokens\": [50984, 293, 550, 309, 1177, 380, 589, 3602, 293, 291, 747, 544, 13, 51060], \"temperature\": 0.0, \"avg_logprob\": -0.2821177840232849, \"compression_ratio\": 1.7309941053390503, \"no_speech_prob\": 0.0460023358464241}, {\"id\": 21, \"seek\": 2812, \"start\": 42.040000915527344, \"end\": 42.880001068115234, \"text\": \" Like, you can.\", \"tokens\": [51060, 1743, 11, 291, 393, 13, 51102], \"temperature\": 0.0, \"avg_logprob\": -0.2821177840232849, \"compression_ratio\": 1.7309941053390503, \"no_speech_prob\": 0.0460023358464241}]}"}