{"title": "Debate: Who are the selectors in dating, men or women?", "video_id": "xBAsf9vFNdQ", "video_url": "https://www.youtube.com/watch?v=xBAsf9vFNdQ", "description": "", "published_at": "2023-11-22T16:46:52Z", "channel_id": "UC0O-ohYDF4P66HW9XJ4Us8w", "channel_title": "Robbie Kramer", "tags": [], "category_id": "24", "live_broadcast_content": "none", "duration": 61.0, "dimension": "2d", "definition": "hd", "caption": "false", "view_count": 457, "like_count": 12, "comment_count": 0, "channel_info": {"title": "Robbie Kramer", "description": "I'm Robbie Kramer \ud83c\udf99Host of The Inner Confidence Podcast & Founder of Inner Confidence, Inc.\n\nI lived an exhilarating single life filled with adventures and lessons, and ultimately achieved what I had always aspired to \u2013 finding an amazing, feminine, and loving wife. \n\nI believe my experiences provide a rare balance of wild freedom and committed love, equipping me with the insights to help you navigate the complexities of dating and relationships in today's world. Let me guide you to embrace your desires, improve your social prowess, and ultimately attract the partner who aligns with your highest aspirations.\n\nYou won\u2019t find any fluffy, new-age, or cringy stuff here, just tested, proven and actionable advice that yields results.\n\nApply to join our exclusive Inner Confidence Community of ambitious men who are actively working together to achieve their goals faster   \u25ba https://innerconfidence.com/community\n\nYou can email me at robbie@innerconfidence.com with any questions or comments.\n", "subscriber_count": "1270", "total_views": "604693", "total_videos": "470"}, "comments": [], "file_path": "/Users/aelaguiz/workspace/fc_book/audio/raws/xBAsf9vFNdQ.mp3", "transcription": "{\"text\": \"He believes dating is broken, that it's not working as intended, that there's fault on both sides. But there is more fault on the female side than on the male side for unrealistic expectations. My thesis is that it's not broken, that there are problems that can be solved on a granular level. I think it is a market. I think the market is working closely as intended, and I don't think everyone is supposed to win in a market. I do not believe that dating is broken, period. That's been a wild overgeneralization. Wait, Dan, do you think that it's broken for the sense that someone who's in your shoes is getting the short end of the stick? It's basically like there's a mismatch and people linking up that are of similar value, I guess you could say. I think that's a tougher question to answer. I think basically online dating especially is broken. I think there's loads and loads of evidence of that. Well, let's put it like this. I think that there's a lot of fault on both sides. Most men are basically helpless, which kind of sucks, to be honest. I just think that a lot of the power to do something resides in the women's shoes. I could be wrong about this, because there's these guys that aren't doing so hot. They don't know what the fuck to do. They have no resources or whatever. Then there's the women who are the selectors. But why do you think that women are the selectors? \", \"segments\": [{\"id\": 0, \"seek\": 0, \"start\": 0.0, \"end\": 3.2799999713897705, \"text\": \" He believes dating is broken, that it's not working as intended,\", \"tokens\": [50364, 634, 12307, 1137, 278, 307, 5463, 11, 300, 309, 311, 406, 1364, 382, 10226, 11, 50528], \"temperature\": 0.0, \"avg_logprob\": -0.23662617802619934, \"compression_ratio\": 1.9302325248718262, \"no_speech_prob\": 0.010812434367835522}, {\"id\": 1, \"seek\": 0, \"start\": 3.2799999713897705, \"end\": 5.199999809265137, \"text\": \" that there's fault on both sides.\", \"tokens\": [50528, 300, 456, 311, 7441, 322, 1293, 4881, 13, 50624], \"temperature\": 0.0, \"avg_logprob\": -0.23662617802619934, \"compression_ratio\": 1.9302325248718262, \"no_speech_prob\": 0.010812434367835522}, {\"id\": 2, \"seek\": 0, \"start\": 5.199999809265137, \"end\": 8.640000343322754, \"text\": \" But there is more fault on the female side than on the male side\", \"tokens\": [50624, 583, 456, 307, 544, 7441, 322, 264, 6556, 1252, 813, 322, 264, 7133, 1252, 50796], \"temperature\": 0.0, \"avg_logprob\": -0.23662617802619934, \"compression_ratio\": 1.9302325248718262, \"no_speech_prob\": 0.010812434367835522}, {\"id\": 3, \"seek\": 0, \"start\": 8.640000343322754, \"end\": 10.319999694824219, \"text\": \" for unrealistic expectations.\", \"tokens\": [50796, 337, 42867, 9843, 13, 50880], \"temperature\": 0.0, \"avg_logprob\": -0.23662617802619934, \"compression_ratio\": 1.9302325248718262, \"no_speech_prob\": 0.010812434367835522}, {\"id\": 4, \"seek\": 0, \"start\": 10.319999694824219, \"end\": 14.4399995803833, \"text\": \" My thesis is that it's not broken, that there are problems\", \"tokens\": [50880, 1222, 22288, 307, 300, 309, 311, 406, 5463, 11, 300, 456, 366, 2740, 51086], \"temperature\": 0.0, \"avg_logprob\": -0.23662617802619934, \"compression_ratio\": 1.9302325248718262, \"no_speech_prob\": 0.010812434367835522}, {\"id\": 5, \"seek\": 0, \"start\": 14.4399995803833, \"end\": 16.200000762939453, \"text\": \" that can be solved on a granular level.\", \"tokens\": [51086, 300, 393, 312, 13041, 322, 257, 39962, 1496, 13, 51174], \"temperature\": 0.0, \"avg_logprob\": -0.23662617802619934, \"compression_ratio\": 1.9302325248718262, \"no_speech_prob\": 0.010812434367835522}, {\"id\": 6, \"seek\": 0, \"start\": 16.200000762939453, \"end\": 17.31999969482422, \"text\": \" I think it is a market.\", \"tokens\": [51174, 286, 519, 309, 307, 257, 2142, 13, 51230], \"temperature\": 0.0, \"avg_logprob\": -0.23662617802619934, \"compression_ratio\": 1.9302325248718262, \"no_speech_prob\": 0.010812434367835522}, {\"id\": 7, \"seek\": 0, \"start\": 17.31999969482422, \"end\": 19.440000534057617, \"text\": \" I think the market is working closely as intended,\", \"tokens\": [51230, 286, 519, 264, 2142, 307, 1364, 8185, 382, 10226, 11, 51336], \"temperature\": 0.0, \"avg_logprob\": -0.23662617802619934, \"compression_ratio\": 1.9302325248718262, \"no_speech_prob\": 0.010812434367835522}, {\"id\": 8, \"seek\": 0, \"start\": 19.440000534057617, \"end\": 21.920000076293945, \"text\": \" and I don't think everyone is supposed to win in a market.\", \"tokens\": [51336, 293, 286, 500, 380, 519, 1518, 307, 3442, 281, 1942, 294, 257, 2142, 13, 51460], \"temperature\": 0.0, \"avg_logprob\": -0.23662617802619934, \"compression_ratio\": 1.9302325248718262, \"no_speech_prob\": 0.010812434367835522}, {\"id\": 9, \"seek\": 0, \"start\": 21.959999084472656, \"end\": 23.959999084472656, \"text\": \" I do not believe that dating is broken, period.\", \"tokens\": [51462, 286, 360, 406, 1697, 300, 10689, 307, 5463, 11, 2896, 13, 51562], \"temperature\": 0.0, \"avg_logprob\": -0.23662617802619934, \"compression_ratio\": 1.9302325248718262, \"no_speech_prob\": 0.010812434367835522}, {\"id\": 10, \"seek\": 0, \"start\": 23.959999084472656, \"end\": 25.799999237060547, \"text\": \" That's been a wild overgeneralization.\", \"tokens\": [51562, 663, 311, 668, 257, 4868, 670, 1766, 2790, 2144, 13, 51654], \"temperature\": 0.0, \"avg_logprob\": -0.23662617802619934, \"compression_ratio\": 1.9302325248718262, \"no_speech_prob\": 0.010812434367835522}, {\"id\": 11, \"seek\": 0, \"start\": 25.799999237060547, \"end\": 29.040000915527344, \"text\": \" Wait, Dan, do you think that it's broken for the sense that someone\", \"tokens\": [51654, 3802, 11, 3394, 11, 360, 291, 519, 300, 309, 311, 5463, 337, 264, 2020, 300, 1580, 51816], \"temperature\": 0.0, \"avg_logprob\": -0.23662617802619934, \"compression_ratio\": 1.9302325248718262, \"no_speech_prob\": 0.010812434367835522}, {\"id\": 12, \"seek\": 2904, \"start\": 29.079999923706055, \"end\": 31.200000762939453, \"text\": \" who's in your shoes is getting the short end of the stick?\", \"tokens\": [50366, 567, 311, 294, 428, 6654, 307, 1242, 264, 2099, 917, 295, 264, 2897, 30, 50472], \"temperature\": 0.0, \"avg_logprob\": -0.20413874089717865, \"compression_ratio\": 1.9185750484466553, \"no_speech_prob\": 0.09263269603252411}, {\"id\": 13, \"seek\": 2904, \"start\": 31.200000762939453, \"end\": 34.08000183105469, \"text\": \" It's basically like there's a mismatch and people linking up\", \"tokens\": [50472, 467, 311, 1936, 411, 456, 311, 257, 23220, 852, 293, 561, 25775, 493, 50616], \"temperature\": 0.0, \"avg_logprob\": -0.20413874089717865, \"compression_ratio\": 1.9185750484466553, \"no_speech_prob\": 0.09263269603252411}, {\"id\": 14, \"seek\": 2904, \"start\": 34.08000183105469, \"end\": 35.91999816894531, \"text\": \" that are of similar value, I guess you could say.\", \"tokens\": [50616, 300, 366, 295, 2531, 2158, 11, 286, 2041, 291, 727, 584, 13, 50708], \"temperature\": 0.0, \"avg_logprob\": -0.20413874089717865, \"compression_ratio\": 1.9185750484466553, \"no_speech_prob\": 0.09263269603252411}, {\"id\": 15, \"seek\": 2904, \"start\": 35.91999816894531, \"end\": 37.36000061035156, \"text\": \" I think that's a tougher question to answer.\", \"tokens\": [50708, 286, 519, 300, 311, 257, 30298, 1168, 281, 1867, 13, 50780], \"temperature\": 0.0, \"avg_logprob\": -0.20413874089717865, \"compression_ratio\": 1.9185750484466553, \"no_speech_prob\": 0.09263269603252411}, {\"id\": 16, \"seek\": 2904, \"start\": 37.36000061035156, \"end\": 39.79999923706055, \"text\": \" I think basically online dating especially is broken.\", \"tokens\": [50780, 286, 519, 1936, 2950, 10689, 2318, 307, 5463, 13, 50902], \"temperature\": 0.0, \"avg_logprob\": -0.20413874089717865, \"compression_ratio\": 1.9185750484466553, \"no_speech_prob\": 0.09263269603252411}, {\"id\": 17, \"seek\": 2904, \"start\": 39.79999923706055, \"end\": 41.560001373291016, \"text\": \" I think there's loads and loads of evidence of that.\", \"tokens\": [50902, 286, 519, 456, 311, 12668, 293, 12668, 295, 4467, 295, 300, 13, 50990], \"temperature\": 0.0, \"avg_logprob\": -0.20413874089717865, \"compression_ratio\": 1.9185750484466553, \"no_speech_prob\": 0.09263269603252411}, {\"id\": 18, \"seek\": 2904, \"start\": 41.560001373291016, \"end\": 42.400001525878906, \"text\": \" Well, let's put it like this.\", \"tokens\": [50990, 1042, 11, 718, 311, 829, 309, 411, 341, 13, 51032], \"temperature\": 0.0, \"avg_logprob\": -0.20413874089717865, \"compression_ratio\": 1.9185750484466553, \"no_speech_prob\": 0.09263269603252411}, {\"id\": 19, \"seek\": 2904, \"start\": 42.400001525878906, \"end\": 44.959999084472656, \"text\": \" I think that there's a lot of fault on both sides.\", \"tokens\": [51032, 286, 519, 300, 456, 311, 257, 688, 295, 7441, 322, 1293, 4881, 13, 51160], \"temperature\": 0.0, \"avg_logprob\": -0.20413874089717865, \"compression_ratio\": 1.9185750484466553, \"no_speech_prob\": 0.09263269603252411}, {\"id\": 20, \"seek\": 2904, \"start\": 44.959999084472656, \"end\": 48.400001525878906, \"text\": \" Most men are basically helpless, which kind of sucks, to be honest.\", \"tokens\": [51160, 4534, 1706, 366, 1936, 27596, 11, 597, 733, 295, 15846, 11, 281, 312, 3245, 13, 51332], \"temperature\": 0.0, \"avg_logprob\": -0.20413874089717865, \"compression_ratio\": 1.9185750484466553, \"no_speech_prob\": 0.09263269603252411}, {\"id\": 21, \"seek\": 2904, \"start\": 48.400001525878906, \"end\": 51.31999969482422, \"text\": \" I just think that a lot of the power to do something resides in the women's shoes.\", \"tokens\": [51332, 286, 445, 519, 300, 257, 688, 295, 264, 1347, 281, 360, 746, 47157, 294, 264, 2266, 311, 6654, 13, 51478], \"temperature\": 0.0, \"avg_logprob\": -0.20413874089717865, \"compression_ratio\": 1.9185750484466553, \"no_speech_prob\": 0.09263269603252411}, {\"id\": 22, \"seek\": 2904, \"start\": 51.31999969482422, \"end\": 52.47999954223633, \"text\": \" I could be wrong about this,\", \"tokens\": [51478, 286, 727, 312, 2085, 466, 341, 11, 51536], \"temperature\": 0.0, \"avg_logprob\": -0.20413874089717865, \"compression_ratio\": 1.9185750484466553, \"no_speech_prob\": 0.09263269603252411}, {\"id\": 23, \"seek\": 2904, \"start\": 52.47999954223633, \"end\": 54.560001373291016, \"text\": \" because there's these guys that aren't doing so hot.\", \"tokens\": [51536, 570, 456, 311, 613, 1074, 300, 3212, 380, 884, 370, 2368, 13, 51640], \"temperature\": 0.0, \"avg_logprob\": -0.20413874089717865, \"compression_ratio\": 1.9185750484466553, \"no_speech_prob\": 0.09263269603252411}, {\"id\": 24, \"seek\": 2904, \"start\": 54.560001373291016, \"end\": 55.439998626708984, \"text\": \" They don't know what the fuck to do.\", \"tokens\": [51640, 814, 500, 380, 458, 437, 264, 3275, 281, 360, 13, 51684], \"temperature\": 0.0, \"avg_logprob\": -0.20413874089717865, \"compression_ratio\": 1.9185750484466553, \"no_speech_prob\": 0.09263269603252411}, {\"id\": 25, \"seek\": 2904, \"start\": 55.439998626708984, \"end\": 56.439998626708984, \"text\": \" They have no resources or whatever.\", \"tokens\": [51684, 814, 362, 572, 3593, 420, 2035, 13, 51734], \"temperature\": 0.0, \"avg_logprob\": -0.20413874089717865, \"compression_ratio\": 1.9185750484466553, \"no_speech_prob\": 0.09263269603252411}, {\"id\": 26, \"seek\": 2904, \"start\": 56.439998626708984, \"end\": 57.84000015258789, \"text\": \" Then there's the women who are the selectors.\", \"tokens\": [51734, 1396, 456, 311, 264, 2266, 567, 366, 264, 3048, 830, 13, 51804], \"temperature\": 0.0, \"avg_logprob\": -0.20413874089717865, \"compression_ratio\": 1.9185750484466553, \"no_speech_prob\": 0.09263269603252411}, {\"id\": 27, \"seek\": 5784, \"start\": 57.84000015258789, \"end\": 60.08000183105469, \"text\": \" But why do you think that women are the selectors?\", \"tokens\": [50364, 583, 983, 360, 291, 519, 300, 2266, 366, 264, 3048, 830, 30, 50476], \"temperature\": 0.0, \"avg_logprob\": -0.4225497841835022, \"compression_ratio\": 0.9259259104728699, \"no_speech_prob\": 0.12577283382415771}]}"}