{"title": "There\u2019s a Jewish Restaurant in Lviv, Ukraine where you can negotiate the bill \ud83e\udd11", "video_id": "xeIjPzXOHzY", "video_url": "https://www.youtube.com/watch?v=xeIjPzXOHzY", "description": "", "published_at": "2023-08-22T18:47:04Z", "channel_id": "UC0O-ohYDF4P66HW9XJ4Us8w", "channel_title": "Robbie Kramer", "tags": [], "category_id": "24", "live_broadcast_content": "none", "duration": 32.0, "dimension": "2d", "definition": "hd", "caption": "false", "view_count": 8738, "like_count": 104, "comment_count": 1, "channel_info": {"title": "Robbie Kramer", "description": "I'm Robbie Kramer \ud83c\udf99Host of The Inner Confidence Podcast & Founder of Inner Confidence, Inc.\n\nI lived an exhilarating single life filled with adventures and lessons, and ultimately achieved what I had always aspired to \u2013 finding an amazing, feminine, and loving wife. \n\nI believe my experiences provide a rare balance of wild freedom and committed love, equipping me with the insights to help you navigate the complexities of dating and relationships in today's world. Let me guide you to embrace your desires, improve your social prowess, and ultimately attract the partner who aligns with your highest aspirations.\n\nYou won\u2019t find any fluffy, new-age, or cringy stuff here, just tested, proven and actionable advice that yields results.\n\nApply to join our exclusive Inner Confidence Community of ambitious men who are actively working together to achieve their goals faster   \u25ba https://innerconfidence.com/community\n\nYou can email me at robbie@innerconfidence.com with any questions or comments.\n", "subscriber_count": "1270", "total_views": "604693", "total_videos": "470"}, "comments": [], "file_path": "/Users/aelaguiz/workspace/fc_book/audio/raws/xeIjPzXOHzY.mp3", "transcription": "{\"text\": \"I visited Lviv in 2019. I was with a bunch of girls and we went to this Jewish restaurant where they let you negotiate the bill. So racist. That's so funny. You know, they started at like 2000 hryvnia, which at the time, I think it was like 300 bucks or something. The girls that we were with, one of them, like, negotiated down from like 2000 to like 650. And I'm like, so a group of 10 people is going to pay 55 dollars or 45 bucks for this meal? Like, well, those were the incredible prices. Who's the Jew here? \", \"segments\": [{\"id\": 0, \"seek\": 0, \"start\": 0.0, \"end\": 1.840000033378601, \"text\": \" I visited Lviv in 2019.\", \"tokens\": [50364, 286, 11220, 441, 27810, 294, 6071, 13, 50456], \"temperature\": 0.0, \"avg_logprob\": -0.3379056453704834, \"compression_ratio\": 1.5935484170913696, \"no_speech_prob\": 0.15444183349609375}, {\"id\": 1, \"seek\": 0, \"start\": 1.840000033378601, \"end\": 4.760000228881836, \"text\": \" I was with a bunch of girls and we went to this Jewish restaurant\", \"tokens\": [50456, 286, 390, 365, 257, 3840, 295, 4519, 293, 321, 1437, 281, 341, 9246, 6383, 50602], \"temperature\": 0.0, \"avg_logprob\": -0.3379056453704834, \"compression_ratio\": 1.5935484170913696, \"no_speech_prob\": 0.15444183349609375}, {\"id\": 2, \"seek\": 0, \"start\": 4.760000228881836, \"end\": 6.679999828338623, \"text\": \" where they let you negotiate the bill.\", \"tokens\": [50602, 689, 436, 718, 291, 21713, 264, 2961, 13, 50698], \"temperature\": 0.0, \"avg_logprob\": -0.3379056453704834, \"compression_ratio\": 1.5935484170913696, \"no_speech_prob\": 0.15444183349609375}, {\"id\": 3, \"seek\": 0, \"start\": 6.679999828338623, \"end\": 7.400000095367432, \"text\": \" So racist.\", \"tokens\": [50698, 407, 16419, 13, 50734], \"temperature\": 0.0, \"avg_logprob\": -0.3379056453704834, \"compression_ratio\": 1.5935484170913696, \"no_speech_prob\": 0.15444183349609375}, {\"id\": 4, \"seek\": 0, \"start\": 7.400000095367432, \"end\": 8.279999732971191, \"text\": \" That's so funny.\", \"tokens\": [50734, 663, 311, 370, 4074, 13, 50778], \"temperature\": 0.0, \"avg_logprob\": -0.3379056453704834, \"compression_ratio\": 1.5935484170913696, \"no_speech_prob\": 0.15444183349609375}, {\"id\": 5, \"seek\": 0, \"start\": 10.479999542236328, \"end\": 13.319999694824219, \"text\": \" You know, they started at like 2000 hryvnia, which at the time,\", \"tokens\": [50888, 509, 458, 11, 436, 1409, 412, 411, 8132, 276, 627, 85, 12679, 11, 597, 412, 264, 565, 11, 51030], \"temperature\": 0.0, \"avg_logprob\": -0.3379056453704834, \"compression_ratio\": 1.5935484170913696, \"no_speech_prob\": 0.15444183349609375}, {\"id\": 6, \"seek\": 0, \"start\": 13.319999694824219, \"end\": 14.880000114440918, \"text\": \" I think it was like 300 bucks or something.\", \"tokens\": [51030, 286, 519, 309, 390, 411, 6641, 11829, 420, 746, 13, 51108], \"temperature\": 0.0, \"avg_logprob\": -0.3379056453704834, \"compression_ratio\": 1.5935484170913696, \"no_speech_prob\": 0.15444183349609375}, {\"id\": 7, \"seek\": 0, \"start\": 14.880000114440918, \"end\": 17.719999313354492, \"text\": \" The girls that we were with, one of them, like, negotiated down\", \"tokens\": [51108, 440, 4519, 300, 321, 645, 365, 11, 472, 295, 552, 11, 411, 11, 39028, 760, 51250], \"temperature\": 0.0, \"avg_logprob\": -0.3379056453704834, \"compression_ratio\": 1.5935484170913696, \"no_speech_prob\": 0.15444183349609375}, {\"id\": 8, \"seek\": 0, \"start\": 17.719999313354492, \"end\": 19.959999084472656, \"text\": \" from like 2000 to like 650.\", \"tokens\": [51250, 490, 411, 8132, 281, 411, 38566, 13, 51362], \"temperature\": 0.0, \"avg_logprob\": -0.3379056453704834, \"compression_ratio\": 1.5935484170913696, \"no_speech_prob\": 0.15444183349609375}, {\"id\": 9, \"seek\": 0, \"start\": 20.520000457763672, \"end\": 23.360000610351562, \"text\": \" And I'm like, so a group of 10 people is going to pay\", \"tokens\": [51390, 400, 286, 478, 411, 11, 370, 257, 1594, 295, 1266, 561, 307, 516, 281, 1689, 51532], \"temperature\": 0.0, \"avg_logprob\": -0.3379056453704834, \"compression_ratio\": 1.5935484170913696, \"no_speech_prob\": 0.15444183349609375}, {\"id\": 10, \"seek\": 0, \"start\": 23.360000610351562, \"end\": 26.079999923706055, \"text\": \" 55 dollars or 45 bucks for this meal?\", \"tokens\": [51532, 12330, 3808, 420, 6905, 11829, 337, 341, 6791, 30, 51668], \"temperature\": 0.0, \"avg_logprob\": -0.3379056453704834, \"compression_ratio\": 1.5935484170913696, \"no_speech_prob\": 0.15444183349609375}, {\"id\": 11, \"seek\": 0, \"start\": 26.68000030517578, \"end\": 28.8799991607666, \"text\": \" Like, well, those were the incredible prices.\", \"tokens\": [51698, 1743, 11, 731, 11, 729, 645, 264, 4651, 7901, 13, 51808], \"temperature\": 0.0, \"avg_logprob\": -0.3379056453704834, \"compression_ratio\": 1.5935484170913696, \"no_speech_prob\": 0.15444183349609375}, {\"id\": 12, \"seek\": 2888, \"start\": 28.8799991607666, \"end\": 29.8799991607666, \"text\": \" Who's the Jew here?\", \"tokens\": [50364, 2102, 311, 264, 5679, 510, 30, 50414], \"temperature\": 0.0, \"avg_logprob\": -0.5157642364501953, \"compression_ratio\": 0.7037037014961243, \"no_speech_prob\": 0.043746210634708405}]}"}