{"title": "\u201cYou should pay me to be my intern\u201d - Warren Buffet", "video_id": "XYmLUr7m5gM", "video_url": "https://www.youtube.com/watch?v=XYmLUr7m5gM", "description": "", "published_at": "2023-05-17T00:54:21Z", "channel_id": "UC0O-ohYDF4P66HW9XJ4Us8w", "channel_title": "Robbie Kramer", "tags": [], "category_id": "24", "live_broadcast_content": "none", "duration": 30.0, "dimension": "2d", "definition": "hd", "caption": "false", "view_count": 1664, "like_count": 21, "comment_count": 0, "channel_info": {"title": "Robbie Kramer", "description": "I'm Robbie Kramer \ud83c\udf99Host of The Inner Confidence Podcast & Founder of Inner Confidence, Inc.\n\nI lived an exhilarating single life filled with adventures and lessons, and ultimately achieved what I had always aspired to \u2013 finding an amazing, feminine, and loving wife. \n\nI believe my experiences provide a rare balance of wild freedom and committed love, equipping me with the insights to help you navigate the complexities of dating and relationships in today's world. Let me guide you to embrace your desires, improve your social prowess, and ultimately attract the partner who aligns with your highest aspirations.\n\nYou won\u2019t find any fluffy, new-age, or cringy stuff here, just tested, proven and actionable advice that yields results.\n\nApply to join our exclusive Inner Confidence Community of ambitious men who are actively working together to achieve their goals faster   \u25ba https://innerconfidence.com/community\n\nYou can email me at robbie@innerconfidence.com with any questions or comments.\n", "subscriber_count": "1270", "total_views": "604693", "total_videos": "470"}, "comments": [], "file_path": "/Users/aelaguiz/workspace/fc_book/audio/raws/XYmLUr7m5gM.mp3", "transcription": "{\"text\": \"Hey, I work for free, you know, I mean, Warren Buffett told his intern one time, like, uh, you wanting to work for free for me, that's still overpaid. You know, uh, what I did was like, Hey, James, whatever I, here's your website. Here is what I would change on your website. And here's already a design, uh, finished use it if you want. And here is what I would do with your videos to get more engagement. Uh, you know, and I have. \", \"segments\": [{\"id\": 0, \"seek\": 0, \"start\": 0.0, \"end\": 4.559999942779541, \"text\": \" Hey, I work for free, you know, I mean, Warren Buffett told his intern one time,\", \"tokens\": [50364, 1911, 11, 286, 589, 337, 1737, 11, 291, 458, 11, 286, 914, 11, 20538, 20254, 3093, 1907, 702, 2154, 472, 565, 11, 50592], \"temperature\": 0.0, \"avg_logprob\": -0.2741437256336212, \"compression_ratio\": 1.7632652521133423, \"no_speech_prob\": 2.2640871975454502e-05}, {\"id\": 1, \"seek\": 0, \"start\": 4.559999942779541, \"end\": 9.479999542236328, \"text\": \" like, uh, you wanting to work for free for me, that's still overpaid.\", \"tokens\": [50592, 411, 11, 2232, 11, 291, 7935, 281, 589, 337, 1737, 337, 385, 11, 300, 311, 920, 670, 35035, 13, 50838], \"temperature\": 0.0, \"avg_logprob\": -0.2741437256336212, \"compression_ratio\": 1.7632652521133423, \"no_speech_prob\": 2.2640871975454502e-05}, {\"id\": 2, \"seek\": 0, \"start\": 10.319999694824219, \"end\": 17.0, \"text\": \" You know, uh, what I did was like, Hey, James, whatever I, here's your website.\", \"tokens\": [50880, 509, 458, 11, 2232, 11, 437, 286, 630, 390, 411, 11, 1911, 11, 5678, 11, 2035, 286, 11, 510, 311, 428, 3144, 13, 51214], \"temperature\": 0.0, \"avg_logprob\": -0.2741437256336212, \"compression_ratio\": 1.7632652521133423, \"no_speech_prob\": 2.2640871975454502e-05}, {\"id\": 3, \"seek\": 0, \"start\": 17.0, \"end\": 19.040000915527344, \"text\": \" Here is what I would change on your website.\", \"tokens\": [51214, 1692, 307, 437, 286, 576, 1319, 322, 428, 3144, 13, 51316], \"temperature\": 0.0, \"avg_logprob\": -0.2741437256336212, \"compression_ratio\": 1.7632652521133423, \"no_speech_prob\": 2.2640871975454502e-05}, {\"id\": 4, \"seek\": 0, \"start\": 19.079999923706055, \"end\": 23.239999771118164, \"text\": \" And here's already a design, uh, finished use it if you want.\", \"tokens\": [51318, 400, 510, 311, 1217, 257, 1715, 11, 2232, 11, 4335, 764, 309, 498, 291, 528, 13, 51526], \"temperature\": 0.0, \"avg_logprob\": -0.2741437256336212, \"compression_ratio\": 1.7632652521133423, \"no_speech_prob\": 2.2640871975454502e-05}, {\"id\": 5, \"seek\": 0, \"start\": 23.559999465942383, \"end\": 27.360000610351562, \"text\": \" And here is what I would do with your videos to get more engagement.\", \"tokens\": [51542, 400, 510, 307, 437, 286, 576, 360, 365, 428, 2145, 281, 483, 544, 8742, 13, 51732], \"temperature\": 0.0, \"avg_logprob\": -0.2741437256336212, \"compression_ratio\": 1.7632652521133423, \"no_speech_prob\": 2.2640871975454502e-05}, {\"id\": 6, \"seek\": 0, \"start\": 27.760000228881836, \"end\": 28.959999084472656, \"text\": \" Uh, you know, and I have.\", \"tokens\": [51752, 4019, 11, 291, 458, 11, 293, 286, 362, 13, 51812], \"temperature\": 0.0, \"avg_logprob\": -0.2741437256336212, \"compression_ratio\": 1.7632652521133423, \"no_speech_prob\": 2.2640871975454502e-05}]}"}