{"title": "How I Lost My Virginity Via Online Dating", "video_id": "Y4ID2KOcbl8", "video_url": "https://www.youtube.com/watch?v=Y4ID2KOcbl8", "description": "To listen to more episodes of the Inner Confidence Podcast, visit the links below:\nWebsite: https://innerconfidence.com/podcast/\niTunes:https://podcasts.apple.com/us/podcast/inner-confidence-podcast/id986699444 \nSpotify: https://open.spotify.com/show/2zkWuTnt7whvnR6CO6oNPV\nRSS: https://innerconfidence.com/series/leverage-podcast/feed/\n\nAnd if you're interested in learning more about my coaching services and connecting with me, check out these links:\nLinkTree: https://linktr.ee/Robbiekramer\nMain Site: https://innerconfidence.com/\nInstagram: https://www.instagram.com/robbie_kramer/\nTikTok: https://www.tiktok.com/@robbie.kramer\nYouTube: https://www.youtube.com/innerconfidence\n\nThank you for tuning in, and I look forward to helping you build your inner confidence and achieve success!\n\nJoin us : https://innerconfidence.com/leverage/\nBook a call with me : https://start.innerconfidence.com/video1\n\n\n#personaldevelopment #selfimprovement #innerconfidence #innerconfidencepodcast #podcast #coaching #success #motivation #inspiration #mindset #datingcoach #relationshipgoals #confidencecoach #selfimprovement #successfulmen", "published_at": "2022-10-23T00:23:45Z", "channel_id": "UC0O-ohYDF4P66HW9XJ4Us8w", "channel_title": "Robbie Kramer", "tags": [], "category_id": "26", "live_broadcast_content": "none", "duration": 61.0, "dimension": "2d", "definition": "hd", "caption": "false", "view_count": 1692, "like_count": 24, "comment_count": 1, "channel_info": {"title": "Robbie Kramer", "description": "I'm Robbie Kramer \ud83c\udf99Host of The Inner Confidence Podcast & Founder of Inner Confidence, Inc.\n\nI lived an exhilarating single life filled with adventures and lessons, and ultimately achieved what I had always aspired to \u2013 finding an amazing, feminine, and loving wife. \n\nI believe my experiences provide a rare balance of wild freedom and committed love, equipping me with the insights to help you navigate the complexities of dating and relationships in today's world. Let me guide you to embrace your desires, improve your social prowess, and ultimately attract the partner who aligns with your highest aspirations.\n\nYou won\u2019t find any fluffy, new-age, or cringy stuff here, just tested, proven and actionable advice that yields results.\n\nApply to join our exclusive Inner Confidence Community of ambitious men who are actively working together to achieve their goals faster   \u25ba https://innerconfidence.com/community\n\nYou can email me at robbie@innerconfidence.com with any questions or comments.\n", "subscriber_count": "1270", "total_views": "604693", "total_videos": "470"}, "comments": [], "file_path": "/Users/aelaguiz/workspace/fc_book/audio/raws/Y4ID2KOcbl8.mp3", "transcription": "{\"text\": \"High school friends weren't really that good with girls, so I could like backwards rationalize why I wasn't having success. I was like, well, no one's having success. But when I got to college, I had like a new group of friends and they were all like pretty good and they were all getting laid. So I was like, fuck, you know, I'm like the only virgin in my group. I actually started getting into online, like getting laid online through Craigslist. There was, I was reading like a community post or like a forum post where one guy was talking about how he made a post under Craigslist for like, you know, like a very Fifty Shades of Grey style like ad and he banged a girl from that. And I was like, well, this isn't even written that well, I could write this better. So I wrote a much better, you know, version of an ad and it was just kind of like an experiment. I didn't actually think it was gonna work. I was just like, in fact, I didn't even check my email for like two hours and I look at my email and I have like, you know, a lot of spam obviously, but there's also one chick who was like, hey, I love your ad, I'm free tonight, let's hang out. And then I wound up meeting up with her and hooking up with her and I was like, holy shit, this is way easier than cold approach. \", \"segments\": [{\"id\": 0, \"seek\": 0, \"start\": 0.0, \"end\": 2.0799999237060547, \"text\": \" High school friends weren't really that good with girls,\", \"tokens\": [50364, 5229, 1395, 1855, 4999, 380, 534, 300, 665, 365, 4519, 11, 50468], \"temperature\": 0.0, \"avg_logprob\": -0.24490289390087128, \"compression_ratio\": 1.8641974925994873, \"no_speech_prob\": 0.0645902156829834}, {\"id\": 1, \"seek\": 0, \"start\": 2.0799999237060547, \"end\": 4.519999980926514, \"text\": \" so I could like backwards rationalize\", \"tokens\": [50468, 370, 286, 727, 411, 12204, 15090, 1125, 50590], \"temperature\": 0.0, \"avg_logprob\": -0.24490289390087128, \"compression_ratio\": 1.8641974925994873, \"no_speech_prob\": 0.0645902156829834}, {\"id\": 2, \"seek\": 0, \"start\": 4.519999980926514, \"end\": 5.559999942779541, \"text\": \" why I wasn't having success.\", \"tokens\": [50590, 983, 286, 2067, 380, 1419, 2245, 13, 50642], \"temperature\": 0.0, \"avg_logprob\": -0.24490289390087128, \"compression_ratio\": 1.8641974925994873, \"no_speech_prob\": 0.0645902156829834}, {\"id\": 3, \"seek\": 0, \"start\": 5.559999942779541, \"end\": 7.380000114440918, \"text\": \" I was like, well, no one's having success.\", \"tokens\": [50642, 286, 390, 411, 11, 731, 11, 572, 472, 311, 1419, 2245, 13, 50733], \"temperature\": 0.0, \"avg_logprob\": -0.24490289390087128, \"compression_ratio\": 1.8641974925994873, \"no_speech_prob\": 0.0645902156829834}, {\"id\": 4, \"seek\": 0, \"start\": 7.380000114440918, \"end\": 8.359999656677246, \"text\": \" But when I got to college,\", \"tokens\": [50733, 583, 562, 286, 658, 281, 3859, 11, 50782], \"temperature\": 0.0, \"avg_logprob\": -0.24490289390087128, \"compression_ratio\": 1.8641974925994873, \"no_speech_prob\": 0.0645902156829834}, {\"id\": 5, \"seek\": 0, \"start\": 8.359999656677246, \"end\": 9.5600004196167, \"text\": \" I had like a new group of friends\", \"tokens\": [50782, 286, 632, 411, 257, 777, 1594, 295, 1855, 50842], \"temperature\": 0.0, \"avg_logprob\": -0.24490289390087128, \"compression_ratio\": 1.8641974925994873, \"no_speech_prob\": 0.0645902156829834}, {\"id\": 6, \"seek\": 0, \"start\": 9.5600004196167, \"end\": 10.800000190734863, \"text\": \" and they were all like pretty good\", \"tokens\": [50842, 293, 436, 645, 439, 411, 1238, 665, 50904], \"temperature\": 0.0, \"avg_logprob\": -0.24490289390087128, \"compression_ratio\": 1.8641974925994873, \"no_speech_prob\": 0.0645902156829834}, {\"id\": 7, \"seek\": 0, \"start\": 10.800000190734863, \"end\": 12.0, \"text\": \" and they were all getting laid.\", \"tokens\": [50904, 293, 436, 645, 439, 1242, 9897, 13, 50964], \"temperature\": 0.0, \"avg_logprob\": -0.24490289390087128, \"compression_ratio\": 1.8641974925994873, \"no_speech_prob\": 0.0645902156829834}, {\"id\": 8, \"seek\": 0, \"start\": 12.0, \"end\": 13.039999961853027, \"text\": \" So I was like, fuck, you know,\", \"tokens\": [50964, 407, 286, 390, 411, 11, 3275, 11, 291, 458, 11, 51016], \"temperature\": 0.0, \"avg_logprob\": -0.24490289390087128, \"compression_ratio\": 1.8641974925994873, \"no_speech_prob\": 0.0645902156829834}, {\"id\": 9, \"seek\": 0, \"start\": 13.039999961853027, \"end\": 15.4399995803833, \"text\": \" I'm like the only virgin in my group.\", \"tokens\": [51016, 286, 478, 411, 264, 787, 26404, 294, 452, 1594, 13, 51136], \"temperature\": 0.0, \"avg_logprob\": -0.24490289390087128, \"compression_ratio\": 1.8641974925994873, \"no_speech_prob\": 0.0645902156829834}, {\"id\": 10, \"seek\": 0, \"start\": 15.4399995803833, \"end\": 18.200000762939453, \"text\": \" I actually started getting into online,\", \"tokens\": [51136, 286, 767, 1409, 1242, 666, 2950, 11, 51274], \"temperature\": 0.0, \"avg_logprob\": -0.24490289390087128, \"compression_ratio\": 1.8641974925994873, \"no_speech_prob\": 0.0645902156829834}, {\"id\": 11, \"seek\": 0, \"start\": 18.200000762939453, \"end\": 20.559999465942383, \"text\": \" like getting laid online through Craigslist.\", \"tokens\": [51274, 411, 1242, 9897, 2950, 807, 11138, 17156, 8264, 13, 51392], \"temperature\": 0.0, \"avg_logprob\": -0.24490289390087128, \"compression_ratio\": 1.8641974925994873, \"no_speech_prob\": 0.0645902156829834}, {\"id\": 12, \"seek\": 0, \"start\": 20.559999465942383, \"end\": 23.360000610351562, \"text\": \" There was, I was reading like a community post\", \"tokens\": [51392, 821, 390, 11, 286, 390, 3760, 411, 257, 1768, 2183, 51532], \"temperature\": 0.0, \"avg_logprob\": -0.24490289390087128, \"compression_ratio\": 1.8641974925994873, \"no_speech_prob\": 0.0645902156829834}, {\"id\": 13, \"seek\": 0, \"start\": 23.360000610351562, \"end\": 25.719999313354492, \"text\": \" or like a forum post where one guy was talking about\", \"tokens\": [51532, 420, 411, 257, 17542, 2183, 689, 472, 2146, 390, 1417, 466, 51650], \"temperature\": 0.0, \"avg_logprob\": -0.24490289390087128, \"compression_ratio\": 1.8641974925994873, \"no_speech_prob\": 0.0645902156829834}, {\"id\": 14, \"seek\": 0, \"start\": 25.719999313354492, \"end\": 29.079999923706055, \"text\": \" how he made a post under Craigslist for like, you know,\", \"tokens\": [51650, 577, 415, 1027, 257, 2183, 833, 11138, 17156, 8264, 337, 411, 11, 291, 458, 11, 51818], \"temperature\": 0.0, \"avg_logprob\": -0.24490289390087128, \"compression_ratio\": 1.8641974925994873, \"no_speech_prob\": 0.0645902156829834}, {\"id\": 15, \"seek\": 2908, \"start\": 29.760000228881836, \"end\": 32.439998626708984, \"text\": \" like a very Fifty Shades of Grey style like ad\", \"tokens\": [50398, 411, 257, 588, 21501, 874, 1160, 2977, 295, 24854, 3758, 411, 614, 50532], \"temperature\": 0.0, \"avg_logprob\": -0.22074778378009796, \"compression_ratio\": 1.828080177307129, \"no_speech_prob\": 0.0059107160195708275}, {\"id\": 16, \"seek\": 2908, \"start\": 32.439998626708984, \"end\": 34.119998931884766, \"text\": \" and he banged a girl from that.\", \"tokens\": [50532, 293, 415, 8550, 292, 257, 2013, 490, 300, 13, 50616], \"temperature\": 0.0, \"avg_logprob\": -0.22074778378009796, \"compression_ratio\": 1.828080177307129, \"no_speech_prob\": 0.0059107160195708275}, {\"id\": 17, \"seek\": 2908, \"start\": 34.119998931884766, \"end\": 36.119998931884766, \"text\": \" And I was like, well, this isn't even written that well,\", \"tokens\": [50616, 400, 286, 390, 411, 11, 731, 11, 341, 1943, 380, 754, 3720, 300, 731, 11, 50716], \"temperature\": 0.0, \"avg_logprob\": -0.22074778378009796, \"compression_ratio\": 1.828080177307129, \"no_speech_prob\": 0.0059107160195708275}, {\"id\": 18, \"seek\": 2908, \"start\": 36.119998931884766, \"end\": 37.34000015258789, \"text\": \" I could write this better.\", \"tokens\": [50716, 286, 727, 2464, 341, 1101, 13, 50777], \"temperature\": 0.0, \"avg_logprob\": -0.22074778378009796, \"compression_ratio\": 1.828080177307129, \"no_speech_prob\": 0.0059107160195708275}, {\"id\": 19, \"seek\": 2908, \"start\": 37.34000015258789, \"end\": 40.720001220703125, \"text\": \" So I wrote a much better, you know, version of an ad\", \"tokens\": [50777, 407, 286, 4114, 257, 709, 1101, 11, 291, 458, 11, 3037, 295, 364, 614, 50946], \"temperature\": 0.0, \"avg_logprob\": -0.22074778378009796, \"compression_ratio\": 1.828080177307129, \"no_speech_prob\": 0.0059107160195708275}, {\"id\": 20, \"seek\": 2908, \"start\": 40.720001220703125, \"end\": 42.439998626708984, \"text\": \" and it was just kind of like an experiment.\", \"tokens\": [50946, 293, 309, 390, 445, 733, 295, 411, 364, 5120, 13, 51032], \"temperature\": 0.0, \"avg_logprob\": -0.22074778378009796, \"compression_ratio\": 1.828080177307129, \"no_speech_prob\": 0.0059107160195708275}, {\"id\": 21, \"seek\": 2908, \"start\": 42.439998626708984, \"end\": 44.34000015258789, \"text\": \" I didn't actually think it was gonna work.\", \"tokens\": [51032, 286, 994, 380, 767, 519, 309, 390, 799, 589, 13, 51127], \"temperature\": 0.0, \"avg_logprob\": -0.22074778378009796, \"compression_ratio\": 1.828080177307129, \"no_speech_prob\": 0.0059107160195708275}, {\"id\": 22, \"seek\": 2908, \"start\": 44.34000015258789, \"end\": 46.58000183105469, \"text\": \" I was just like, in fact, I didn't even check my email\", \"tokens\": [51127, 286, 390, 445, 411, 11, 294, 1186, 11, 286, 994, 380, 754, 1520, 452, 3796, 51239], \"temperature\": 0.0, \"avg_logprob\": -0.22074778378009796, \"compression_ratio\": 1.828080177307129, \"no_speech_prob\": 0.0059107160195708275}, {\"id\": 23, \"seek\": 2908, \"start\": 46.58000183105469, \"end\": 48.41999816894531, \"text\": \" for like two hours and I look at my email\", \"tokens\": [51239, 337, 411, 732, 2496, 293, 286, 574, 412, 452, 3796, 51331], \"temperature\": 0.0, \"avg_logprob\": -0.22074778378009796, \"compression_ratio\": 1.828080177307129, \"no_speech_prob\": 0.0059107160195708275}, {\"id\": 24, \"seek\": 2908, \"start\": 48.41999816894531, \"end\": 50.31999969482422, \"text\": \" and I have like, you know, a lot of spam obviously,\", \"tokens\": [51331, 293, 286, 362, 411, 11, 291, 458, 11, 257, 688, 295, 24028, 2745, 11, 51426], \"temperature\": 0.0, \"avg_logprob\": -0.22074778378009796, \"compression_ratio\": 1.828080177307129, \"no_speech_prob\": 0.0059107160195708275}, {\"id\": 25, \"seek\": 2908, \"start\": 50.31999969482422, \"end\": 51.560001373291016, \"text\": \" but there's also one chick who was like,\", \"tokens\": [51426, 457, 456, 311, 611, 472, 14371, 567, 390, 411, 11, 51488], \"temperature\": 0.0, \"avg_logprob\": -0.22074778378009796, \"compression_ratio\": 1.828080177307129, \"no_speech_prob\": 0.0059107160195708275}, {\"id\": 26, \"seek\": 2908, \"start\": 51.560001373291016, \"end\": 54.2400016784668, \"text\": \" hey, I love your ad, I'm free tonight, let's hang out.\", \"tokens\": [51488, 4177, 11, 286, 959, 428, 614, 11, 286, 478, 1737, 4440, 11, 718, 311, 3967, 484, 13, 51622], \"temperature\": 0.0, \"avg_logprob\": -0.22074778378009796, \"compression_ratio\": 1.828080177307129, \"no_speech_prob\": 0.0059107160195708275}, {\"id\": 27, \"seek\": 2908, \"start\": 54.2400016784668, \"end\": 55.52000045776367, \"text\": \" And then I wound up meeting up with her\", \"tokens\": [51622, 400, 550, 286, 10999, 493, 3440, 493, 365, 720, 51686], \"temperature\": 0.0, \"avg_logprob\": -0.22074778378009796, \"compression_ratio\": 1.828080177307129, \"no_speech_prob\": 0.0059107160195708275}, {\"id\": 28, \"seek\": 2908, \"start\": 55.52000045776367, \"end\": 57.540000915527344, \"text\": \" and hooking up with her and I was like, holy shit,\", \"tokens\": [51686, 293, 1106, 5953, 493, 365, 720, 293, 286, 390, 411, 11, 10622, 4611, 11, 51787], \"temperature\": 0.0, \"avg_logprob\": -0.22074778378009796, \"compression_ratio\": 1.828080177307129, \"no_speech_prob\": 0.0059107160195708275}, {\"id\": 29, \"seek\": 5754, \"start\": 57.540000915527344, \"end\": 59.540000915527344, \"text\": \" this is way easier than cold approach.\", \"tokens\": [50364, 341, 307, 636, 3571, 813, 3554, 3109, 13, 50464], \"temperature\": 0.0, \"avg_logprob\": -0.40121832489967346, \"compression_ratio\": 0.8636363744735718, \"no_speech_prob\": 0.31394708156585693}]}"}