{"title": "The ugly reality of skewed standards for getting matches on dating apps. #innerconfidencepodcast", "video_id": "yJEqmngpGVQ", "video_url": "https://www.youtube.com/watch?v=yJEqmngpGVQ", "description": "", "published_at": "2023-11-21T16:02:48Z", "channel_id": "UC0O-ohYDF4P66HW9XJ4Us8w", "channel_title": "Robbie Kramer", "tags": [], "category_id": "24", "live_broadcast_content": "none", "duration": 61.0, "dimension": "2d", "definition": "hd", "caption": "false", "view_count": 3298, "like_count": 86, "comment_count": 7, "channel_info": {"title": "Robbie Kramer", "description": "I'm Robbie Kramer \ud83c\udf99Host of The Inner Confidence Podcast & Founder of Inner Confidence, Inc.\n\nI lived an exhilarating single life filled with adventures and lessons, and ultimately achieved what I had always aspired to \u2013 finding an amazing, feminine, and loving wife. \n\nI believe my experiences provide a rare balance of wild freedom and committed love, equipping me with the insights to help you navigate the complexities of dating and relationships in today's world. Let me guide you to embrace your desires, improve your social prowess, and ultimately attract the partner who aligns with your highest aspirations.\n\nYou won\u2019t find any fluffy, new-age, or cringy stuff here, just tested, proven and actionable advice that yields results.\n\nApply to join our exclusive Inner Confidence Community of ambitious men who are actively working together to achieve their goals faster   \u25ba https://innerconfidence.com/community\n\nYou can email me at robbie@innerconfidence.com with any questions or comments.\n", "subscriber_count": "1270", "total_views": "604693", "total_videos": "470"}, "comments": [], "file_path": "/Users/aelaguiz/workspace/fc_book/audio/raws/yJEqmngpGVQ.mp3", "transcription": "{\"text\": \"He's not a zero, he's not a one, he's not even a two. He's like a five, right? He's just like a halfway decent looking guy who works and maybe makes, you know, 50, 60,000 a year. That guy has zero matches out of thousands and thousands of swipes, zero dates, and just nothing at all to show for it. And then you'll see a woman who's clearly much, much worse. And then you look at her stats and they're way better. It's still a tough definition. Like, are we agreed on the definition of a three? What does that mean? If you're saying a certain percentage of men on Tinder are getting zero matches, fine. But when we start getting into a one is a two, whatever, that's totally subjective. That's ridiculous. We don't have objective criteria for this. That's not data. Well, the criteria for this is a two is at the 20th percentile of like what the matches should be. I heard a should, that isn't in math. That's a subjective. What is, a three should get a certain number of matches? Then what's a three? You're creating your own definitions, truly. The scale is from one to 10. So a three is at the 30th percentile of the matches. You're destroying your whole logic. Using the same number for two separate reasons. You're defining that she's a three from the number of matches she gets. \", \"segments\": [{\"id\": 0, \"seek\": 0, \"start\": 0.0, \"end\": 2.1600000858306885, \"text\": \" He's not a zero, he's not a one, he's not even a two.\", \"tokens\": [50364, 634, 311, 406, 257, 4018, 11, 415, 311, 406, 257, 472, 11, 415, 311, 406, 754, 257, 732, 13, 50472], \"temperature\": 0.0, \"avg_logprob\": -0.2192542552947998, \"compression_ratio\": 1.739884376525879, \"no_speech_prob\": 0.03729972615838051}, {\"id\": 1, \"seek\": 0, \"start\": 2.1600000858306885, \"end\": 3.0799999237060547, \"text\": \" He's like a five, right?\", \"tokens\": [50472, 634, 311, 411, 257, 1732, 11, 558, 30, 50518], \"temperature\": 0.0, \"avg_logprob\": -0.2192542552947998, \"compression_ratio\": 1.739884376525879, \"no_speech_prob\": 0.03729972615838051}, {\"id\": 2, \"seek\": 0, \"start\": 3.0799999237060547, \"end\": 4.71999979019165, \"text\": \" He's just like a halfway decent looking guy\", \"tokens\": [50518, 634, 311, 445, 411, 257, 15461, 8681, 1237, 2146, 50600], \"temperature\": 0.0, \"avg_logprob\": -0.2192542552947998, \"compression_ratio\": 1.739884376525879, \"no_speech_prob\": 0.03729972615838051}, {\"id\": 3, \"seek\": 0, \"start\": 4.71999979019165, \"end\": 7.400000095367432, \"text\": \" who works and maybe makes, you know, 50, 60,000 a year.\", \"tokens\": [50600, 567, 1985, 293, 1310, 1669, 11, 291, 458, 11, 2625, 11, 4060, 11, 1360, 257, 1064, 13, 50734], \"temperature\": 0.0, \"avg_logprob\": -0.2192542552947998, \"compression_ratio\": 1.739884376525879, \"no_speech_prob\": 0.03729972615838051}, {\"id\": 4, \"seek\": 0, \"start\": 7.400000095367432, \"end\": 10.119999885559082, \"text\": \" That guy has zero matches out of thousands\", \"tokens\": [50734, 663, 2146, 575, 4018, 10676, 484, 295, 5383, 50870], \"temperature\": 0.0, \"avg_logprob\": -0.2192542552947998, \"compression_ratio\": 1.739884376525879, \"no_speech_prob\": 0.03729972615838051}, {\"id\": 5, \"seek\": 0, \"start\": 10.119999885559082, \"end\": 12.520000457763672, \"text\": \" and thousands of swipes, zero dates,\", \"tokens\": [50870, 293, 5383, 295, 1693, 38689, 11, 4018, 11691, 11, 50990], \"temperature\": 0.0, \"avg_logprob\": -0.2192542552947998, \"compression_ratio\": 1.739884376525879, \"no_speech_prob\": 0.03729972615838051}, {\"id\": 6, \"seek\": 0, \"start\": 12.520000457763672, \"end\": 14.15999984741211, \"text\": \" and just nothing at all to show for it.\", \"tokens\": [50990, 293, 445, 1825, 412, 439, 281, 855, 337, 309, 13, 51072], \"temperature\": 0.0, \"avg_logprob\": -0.2192542552947998, \"compression_ratio\": 1.739884376525879, \"no_speech_prob\": 0.03729972615838051}, {\"id\": 7, \"seek\": 0, \"start\": 14.15999984741211, \"end\": 17.360000610351562, \"text\": \" And then you'll see a woman who's clearly much, much worse.\", \"tokens\": [51072, 400, 550, 291, 603, 536, 257, 3059, 567, 311, 4448, 709, 11, 709, 5324, 13, 51232], \"temperature\": 0.0, \"avg_logprob\": -0.2192542552947998, \"compression_ratio\": 1.739884376525879, \"no_speech_prob\": 0.03729972615838051}, {\"id\": 8, \"seek\": 0, \"start\": 17.360000610351562, \"end\": 19.479999542236328, \"text\": \" And then you look at her stats and they're way better.\", \"tokens\": [51232, 400, 550, 291, 574, 412, 720, 18152, 293, 436, 434, 636, 1101, 13, 51338], \"temperature\": 0.0, \"avg_logprob\": -0.2192542552947998, \"compression_ratio\": 1.739884376525879, \"no_speech_prob\": 0.03729972615838051}, {\"id\": 9, \"seek\": 0, \"start\": 19.479999542236328, \"end\": 21.040000915527344, \"text\": \" It's still a tough definition.\", \"tokens\": [51338, 467, 311, 920, 257, 4930, 7123, 13, 51416], \"temperature\": 0.0, \"avg_logprob\": -0.2192542552947998, \"compression_ratio\": 1.739884376525879, \"no_speech_prob\": 0.03729972615838051}, {\"id\": 10, \"seek\": 0, \"start\": 21.040000915527344, \"end\": 24.040000915527344, \"text\": \" Like, are we agreed on the definition of a three?\", \"tokens\": [51416, 1743, 11, 366, 321, 9166, 322, 264, 7123, 295, 257, 1045, 30, 51566], \"temperature\": 0.0, \"avg_logprob\": -0.2192542552947998, \"compression_ratio\": 1.739884376525879, \"no_speech_prob\": 0.03729972615838051}, {\"id\": 11, \"seek\": 0, \"start\": 24.040000915527344, \"end\": 25.68000030517578, \"text\": \" What does that mean?\", \"tokens\": [51566, 708, 775, 300, 914, 30, 51648], \"temperature\": 0.0, \"avg_logprob\": -0.2192542552947998, \"compression_ratio\": 1.739884376525879, \"no_speech_prob\": 0.03729972615838051}, {\"id\": 12, \"seek\": 0, \"start\": 25.68000030517578, \"end\": 27.68000030517578, \"text\": \" If you're saying a certain percentage of men on Tinder\", \"tokens\": [51648, 759, 291, 434, 1566, 257, 1629, 9668, 295, 1706, 322, 49341, 51748], \"temperature\": 0.0, \"avg_logprob\": -0.2192542552947998, \"compression_ratio\": 1.739884376525879, \"no_speech_prob\": 0.03729972615838051}, {\"id\": 13, \"seek\": 0, \"start\": 27.68000030517578, \"end\": 28.84000015258789, \"text\": \" are getting zero matches, fine.\", \"tokens\": [51748, 366, 1242, 4018, 10676, 11, 2489, 13, 51806], \"temperature\": 0.0, \"avg_logprob\": -0.2192542552947998, \"compression_ratio\": 1.739884376525879, \"no_speech_prob\": 0.03729972615838051}, {\"id\": 14, \"seek\": 2884, \"start\": 28.84000015258789, \"end\": 31.1200008392334, \"text\": \" But when we start getting into a one is a two, whatever,\", \"tokens\": [50364, 583, 562, 321, 722, 1242, 666, 257, 472, 307, 257, 732, 11, 2035, 11, 50478], \"temperature\": 0.0, \"avg_logprob\": -0.24861939251422882, \"compression_ratio\": 1.89130437374115, \"no_speech_prob\": 0.060972459614276886}, {\"id\": 15, \"seek\": 2884, \"start\": 31.1200008392334, \"end\": 32.91999816894531, \"text\": \" that's totally subjective.\", \"tokens\": [50478, 300, 311, 3879, 25972, 13, 50568], \"temperature\": 0.0, \"avg_logprob\": -0.24861939251422882, \"compression_ratio\": 1.89130437374115, \"no_speech_prob\": 0.060972459614276886}, {\"id\": 16, \"seek\": 2884, \"start\": 32.91999816894531, \"end\": 33.7599983215332, \"text\": \" That's ridiculous.\", \"tokens\": [50568, 663, 311, 11083, 13, 50610], \"temperature\": 0.0, \"avg_logprob\": -0.24861939251422882, \"compression_ratio\": 1.89130437374115, \"no_speech_prob\": 0.060972459614276886}, {\"id\": 17, \"seek\": 2884, \"start\": 33.7599983215332, \"end\": 35.400001525878906, \"text\": \" We don't have objective criteria for this.\", \"tokens\": [50610, 492, 500, 380, 362, 10024, 11101, 337, 341, 13, 50692], \"temperature\": 0.0, \"avg_logprob\": -0.24861939251422882, \"compression_ratio\": 1.89130437374115, \"no_speech_prob\": 0.060972459614276886}, {\"id\": 18, \"seek\": 2884, \"start\": 35.400001525878906, \"end\": 36.2400016784668, \"text\": \" That's not data.\", \"tokens\": [50692, 663, 311, 406, 1412, 13, 50734], \"temperature\": 0.0, \"avg_logprob\": -0.24861939251422882, \"compression_ratio\": 1.89130437374115, \"no_speech_prob\": 0.060972459614276886}, {\"id\": 19, \"seek\": 2884, \"start\": 36.2400016784668, \"end\": 37.2400016784668, \"text\": \" Well, the criteria for this is a two\", \"tokens\": [50734, 1042, 11, 264, 11101, 337, 341, 307, 257, 732, 50784], \"temperature\": 0.0, \"avg_logprob\": -0.24861939251422882, \"compression_ratio\": 1.89130437374115, \"no_speech_prob\": 0.060972459614276886}, {\"id\": 20, \"seek\": 2884, \"start\": 37.2400016784668, \"end\": 38.91999816894531, \"text\": \" is at the 20th percentile of like\", \"tokens\": [50784, 307, 412, 264, 945, 392, 3043, 794, 295, 411, 50868], \"temperature\": 0.0, \"avg_logprob\": -0.24861939251422882, \"compression_ratio\": 1.89130437374115, \"no_speech_prob\": 0.060972459614276886}, {\"id\": 21, \"seek\": 2884, \"start\": 38.91999816894531, \"end\": 40.20000076293945, \"text\": \" what the matches should be.\", \"tokens\": [50868, 437, 264, 10676, 820, 312, 13, 50932], \"temperature\": 0.0, \"avg_logprob\": -0.24861939251422882, \"compression_ratio\": 1.89130437374115, \"no_speech_prob\": 0.060972459614276886}, {\"id\": 22, \"seek\": 2884, \"start\": 40.20000076293945, \"end\": 42.2400016784668, \"text\": \" I heard a should, that isn't in math.\", \"tokens\": [50932, 286, 2198, 257, 820, 11, 300, 1943, 380, 294, 5221, 13, 51034], \"temperature\": 0.0, \"avg_logprob\": -0.24861939251422882, \"compression_ratio\": 1.89130437374115, \"no_speech_prob\": 0.060972459614276886}, {\"id\": 23, \"seek\": 2884, \"start\": 42.2400016784668, \"end\": 43.439998626708984, \"text\": \" That's a subjective.\", \"tokens\": [51034, 663, 311, 257, 25972, 13, 51094], \"temperature\": 0.0, \"avg_logprob\": -0.24861939251422882, \"compression_ratio\": 1.89130437374115, \"no_speech_prob\": 0.060972459614276886}, {\"id\": 24, \"seek\": 2884, \"start\": 43.439998626708984, \"end\": 45.2400016784668, \"text\": \" What is, a three should get a certain number of matches?\", \"tokens\": [51094, 708, 307, 11, 257, 1045, 820, 483, 257, 1629, 1230, 295, 10676, 30, 51184], \"temperature\": 0.0, \"avg_logprob\": -0.24861939251422882, \"compression_ratio\": 1.89130437374115, \"no_speech_prob\": 0.060972459614276886}, {\"id\": 25, \"seek\": 2884, \"start\": 45.2400016784668, \"end\": 46.08000183105469, \"text\": \" Then what's a three?\", \"tokens\": [51184, 1396, 437, 311, 257, 1045, 30, 51226], \"temperature\": 0.0, \"avg_logprob\": -0.24861939251422882, \"compression_ratio\": 1.89130437374115, \"no_speech_prob\": 0.060972459614276886}, {\"id\": 26, \"seek\": 2884, \"start\": 46.08000183105469, \"end\": 48.400001525878906, \"text\": \" You're creating your own definitions, truly.\", \"tokens\": [51226, 509, 434, 4084, 428, 1065, 21988, 11, 4908, 13, 51342], \"temperature\": 0.0, \"avg_logprob\": -0.24861939251422882, \"compression_ratio\": 1.89130437374115, \"no_speech_prob\": 0.060972459614276886}, {\"id\": 27, \"seek\": 2884, \"start\": 48.400001525878906, \"end\": 49.720001220703125, \"text\": \" The scale is from one to 10.\", \"tokens\": [51342, 440, 4373, 307, 490, 472, 281, 1266, 13, 51408], \"temperature\": 0.0, \"avg_logprob\": -0.24861939251422882, \"compression_ratio\": 1.89130437374115, \"no_speech_prob\": 0.060972459614276886}, {\"id\": 28, \"seek\": 2884, \"start\": 49.720001220703125, \"end\": 53.119998931884766, \"text\": \" So a three is at the 30th percentile of the matches.\", \"tokens\": [51408, 407, 257, 1045, 307, 412, 264, 2217, 392, 3043, 794, 295, 264, 10676, 13, 51578], \"temperature\": 0.0, \"avg_logprob\": -0.24861939251422882, \"compression_ratio\": 1.89130437374115, \"no_speech_prob\": 0.060972459614276886}, {\"id\": 29, \"seek\": 2884, \"start\": 53.119998931884766, \"end\": 54.560001373291016, \"text\": \" You're destroying your whole logic.\", \"tokens\": [51578, 509, 434, 19926, 428, 1379, 9952, 13, 51650], \"temperature\": 0.0, \"avg_logprob\": -0.24861939251422882, \"compression_ratio\": 1.89130437374115, \"no_speech_prob\": 0.060972459614276886}, {\"id\": 30, \"seek\": 2884, \"start\": 54.560001373291016, \"end\": 57.15999984741211, \"text\": \" Using the same number for two separate reasons.\", \"tokens\": [51650, 11142, 264, 912, 1230, 337, 732, 4994, 4112, 13, 51780], \"temperature\": 0.0, \"avg_logprob\": -0.24861939251422882, \"compression_ratio\": 1.89130437374115, \"no_speech_prob\": 0.060972459614276886}, {\"id\": 31, \"seek\": 5716, \"start\": 57.15999984741211, \"end\": 58.84000015258789, \"text\": \" You're defining that she's a three\", \"tokens\": [50364, 509, 434, 17827, 300, 750, 311, 257, 1045, 50448], \"temperature\": 0.0, \"avg_logprob\": -0.3970688283443451, \"compression_ratio\": 1.014285683631897, \"no_speech_prob\": 0.9885462522506714}, {\"id\": 32, \"seek\": 5716, \"start\": 58.84000015258789, \"end\": 60.63999938964844, \"text\": \" from the number of matches she gets.\", \"tokens\": [50448, 490, 264, 1230, 295, 10676, 750, 2170, 13, 50538], \"temperature\": 0.0, \"avg_logprob\": -0.3970688283443451, \"compression_ratio\": 1.014285683631897, \"no_speech_prob\": 0.9885462522506714}]}"}