{"title": "Daygame, Beverly Hills, Ukranian Girl Catches Us Filming Her", "video_id": "yoJg2IMJcoo", "video_url": "https://www.youtube.com/watch?v=yoJg2IMJcoo", "description": "Busted in the act!", "published_at": "2014-06-27T03:32:19Z", "channel_id": "UC0O-ohYDF4P66HW9XJ4Us8w", "channel_title": "Robbie Kramer", "tags": ["how to pickup women during the day", "how to pickup a woman on the street", "picking up ukranian girls on the street", "how to date hotter girls"], "category_id": "24", "live_broadcast_content": "none", "duration": 249.0, "dimension": "2d", "definition": "sd", "caption": "false", "view_count": 2028, "like_count": 9, "comment_count": 3, "channel_info": {"title": "Robbie Kramer", "description": "I'm Robbie Kramer \ud83c\udf99Host of The Inner Confidence Podcast & Founder of Inner Confidence, Inc.\n\nI lived an exhilarating single life filled with adventures and lessons, and ultimately achieved what I had always aspired to \u2013 finding an amazing, feminine, and loving wife. \n\nI believe my experiences provide a rare balance of wild freedom and committed love, equipping me with the insights to help you navigate the complexities of dating and relationships in today's world. Let me guide you to embrace your desires, improve your social prowess, and ultimately attract the partner who aligns with your highest aspirations.\n\nYou won\u2019t find any fluffy, new-age, or cringy stuff here, just tested, proven and actionable advice that yields results.\n\nApply to join our exclusive Inner Confidence Community of ambitious men who are actively working together to achieve their goals faster   \u25ba https://innerconfidence.com/community\n\nYou can email me at robbie@innerconfidence.com with any questions or comments.\n", "subscriber_count": "1270", "total_views": "604693", "total_videos": "470"}, "comments": [], "file_path": "/Users/aelaguiz/workspace/fc_book/audio/raws/yoJg2IMJcoo.mp3", "transcription": "{\"text\": \"Eating lunch with my friend over there, and I had to risk embarrassing the hell out of myself to come over here and hit on you I'm Robbie So I promise I'm only like a third creepy I'm only a third creepy Normally someone who would like run after you on the street you think they're weird That's it. Yeah Kind of like serious, so no we are so we're actually teaching guys how to like Hit on girls in like a normal way. Yeah, exactly Hang out party travel around that's cool. How long you been here? What do you do out here Kind of set things up. Yeah, trying to figure out what to do Yeah, I mean it just takes time to do the administration things as well, so I've been to like CV and DMV DMV Getting your driver's license and everything set up fun, and everyone's so good-looking there There's a running joke that a friend of mine says anytime he walks into a bar, or it's like a bad crowd to be like It's like the DMV in here Everyone thinks so, but no just friends, so whereabouts do you live? It's Olympic, right Wilshire's right up there Olympic is Think it's that way This way It's a little GPS in your phone. Yeah, my phone's dead Taking a bus to come here, but then I decided to walk a little bit to come back Olympics definitely that way if that's Wilshire. I think it is Olympics that way I am but I always use my stupid phone for GPS pull up your map. I can tell you It goes Santa Monica Wilshire Olympic Sounded like a horn that was a horse That was very good. Oh, no, it's this thing it means to stop crossing. I guess I've never heard of that before Very weird So you can take him anywhere It's not really a service dog. No, it's just It's just a way to take him on planes and stuff like that in the restaurants What's the type the breed yeah, he's a German Shepherd Collie mix Yeah, he's pretty chill Now you're getting directions this one doesn't support like 3g or 4g Yeah, you need a better It's kind of a walk tell you the truth Yeah, walk around check it out, yeah, it doesn't seem to be going So we can ask him he might have it Then \", \"segments\": [{\"id\": 0, \"seek\": 0, \"start\": 0.0, \"end\": 7.380000114440918, \"text\": \" Eating lunch with my friend over there, and I had to risk embarrassing the hell out of myself to come over here and hit on you\", \"tokens\": [50364, 29234, 6349, 365, 452, 1277, 670, 456, 11, 293, 286, 276, 345, 281, 3148, 17299, 264, 4921, 484, 295, 2059, 281, 808, 670, 510, 293, 2045, 322, 291, 50733], \"temperature\": 0.0, \"avg_logprob\": -0.41749894618988037, \"compression_ratio\": 1.5380710363388062, \"no_speech_prob\": 0.5540753602981567}, {\"id\": 1, \"seek\": 0, \"start\": 10.479999542236328, \"end\": 12.479999542236328, \"text\": \" I'm Robbie\", \"tokens\": [50888, 286, 478, 45749, 50988], \"temperature\": 0.0, \"avg_logprob\": -0.41749894618988037, \"compression_ratio\": 1.5380710363388062, \"no_speech_prob\": 0.5540753602981567}, {\"id\": 2, \"seek\": 0, \"start\": 13.359999656677246, \"end\": 16.040000915527344, \"text\": \" So I promise I'm only like a third creepy\", \"tokens\": [51032, 407, 286, 6228, 286, 478, 787, 411, 257, 2636, 14717, 51166], \"temperature\": 0.0, \"avg_logprob\": -0.41749894618988037, \"compression_ratio\": 1.5380710363388062, \"no_speech_prob\": 0.5540753602981567}, {\"id\": 3, \"seek\": 0, \"start\": 17.040000915527344, \"end\": 19.040000915527344, \"text\": \" I'm only a third creepy\", \"tokens\": [51216, 286, 478, 787, 257, 2636, 14717, 51316], \"temperature\": 0.0, \"avg_logprob\": -0.41749894618988037, \"compression_ratio\": 1.5380710363388062, \"no_speech_prob\": 0.5540753602981567}, {\"id\": 4, \"seek\": 0, \"start\": 19.799999237060547, \"end\": 23.15999984741211, \"text\": \" Normally someone who would like run after you on the street you think they're weird\", \"tokens\": [51354, 17424, 1580, 567, 576, 411, 1190, 934, 291, 322, 264, 4838, 291, 519, 436, 434, 3657, 51522], \"temperature\": 0.0, \"avg_logprob\": -0.41749894618988037, \"compression_ratio\": 1.5380710363388062, \"no_speech_prob\": 0.5540753602981567}, {\"id\": 5, \"seek\": 0, \"start\": 24.15999984741211, \"end\": 26.15999984741211, \"text\": \" That's it. Yeah\", \"tokens\": [51572, 663, 311, 309, 13, 865, 51672], \"temperature\": 0.0, \"avg_logprob\": -0.41749894618988037, \"compression_ratio\": 1.5380710363388062, \"no_speech_prob\": 0.5540753602981567}, {\"id\": 6, \"seek\": 2616, \"start\": 26.15999984741211, \"end\": 32.52000045776367, \"text\": \" Kind of like serious, so no we are so we're actually teaching guys how to like\", \"tokens\": [50364, 9242, 295, 411, 3156, 11, 370, 572, 321, 366, 370, 321, 434, 767, 4571, 1074, 577, 281, 411, 50682], \"temperature\": 0.0, \"avg_logprob\": -0.45171529054641724, \"compression_ratio\": 1.382165551185608, \"no_speech_prob\": 0.0015485220355913043}, {\"id\": 7, \"seek\": 2616, \"start\": 33.2400016784668, \"end\": 36.560001373291016, \"text\": \" Hit on girls in like a normal way. Yeah, exactly\", \"tokens\": [50718, 9217, 322, 4519, 294, 411, 257, 2710, 636, 13, 865, 11, 454, 64, 349, 356, 50884], \"temperature\": 0.0, \"avg_logprob\": -0.45171529054641724, \"compression_ratio\": 1.382165551185608, \"no_speech_prob\": 0.0015485220355913043}, {\"id\": 8, \"seek\": 2616, \"start\": 42.84000015258789, \"end\": 48.959999084472656, \"text\": \" Hang out party travel around that's cool. How long you been here?\", \"tokens\": [51198, 14070, 484, 3595, 3147, 926, 300, 311, 1627, 13, 1012, 938, 291, 668, 510, 30, 51504], \"temperature\": 0.0, \"avg_logprob\": -0.45171529054641724, \"compression_ratio\": 1.382165551185608, \"no_speech_prob\": 0.0015485220355913043}, {\"id\": 9, \"seek\": 2616, \"start\": 52.400001525878906, \"end\": 54.400001525878906, \"text\": \" What do you do out here\", \"tokens\": [51676, 708, 360, 291, 360, 484, 510, 51776], \"temperature\": 0.0, \"avg_logprob\": -0.45171529054641724, \"compression_ratio\": 1.382165551185608, \"no_speech_prob\": 0.0015485220355913043}, {\"id\": 10, \"seek\": 5616, \"start\": 56.68000030517578, \"end\": 60.2599983215332, \"text\": \" Kind of set things up. Yeah, trying to figure out what to do\", \"tokens\": [50390, 9242, 295, 992, 721, 493, 13, 865, 11, 1382, 281, 2573, 484, 437, 281, 360, 50569], \"temperature\": 0.0, \"avg_logprob\": -0.4982861876487732, \"compression_ratio\": 1.461111068725586, \"no_speech_prob\": 0.0003101332113146782}, {\"id\": 11, \"seek\": 5616, \"start\": 61.959999084472656, \"end\": 67.83999633789062, \"text\": \" Yeah, I mean it just takes time to do the administration things as well, so I've been to like CV and\", \"tokens\": [50654, 865, 11, 286, 914, 309, 445, 2516, 565, 281, 360, 264, 7236, 721, 382, 731, 11, 370, 286, 600, 668, 281, 411, 22995, 293, 50948], \"temperature\": 0.0, \"avg_logprob\": -0.4982861876487732, \"compression_ratio\": 1.461111068725586, \"no_speech_prob\": 0.0003101332113146782}, {\"id\": 12, \"seek\": 5616, \"start\": 70.36000061035156, \"end\": 72.36000061035156, \"text\": \" DMV DMV\", \"tokens\": [51074, 15322, 53, 15322, 53, 51174], \"temperature\": 0.0, \"avg_logprob\": -0.4982861876487732, \"compression_ratio\": 1.461111068725586, \"no_speech_prob\": 0.0003101332113146782}, {\"id\": 13, \"seek\": 5616, \"start\": 74.16000366210938, \"end\": 79.55999755859375, \"text\": \" Getting your driver's license and everything set up fun, and everyone's so good-looking there\", \"tokens\": [51264, 13674, 428, 6787, 311, 10476, 293, 1203, 992, 493, 1019, 11, 293, 1518, 311, 370, 665, 12, 16129, 456, 51534], \"temperature\": 0.0, \"avg_logprob\": -0.4982861876487732, \"compression_ratio\": 1.461111068725586, \"no_speech_prob\": 0.0003101332113146782}, {\"id\": 14, \"seek\": 7956, \"start\": 79.68000030517578, \"end\": 87.44000244140625, \"text\": \" There's a running joke that a friend of mine says anytime he walks into a bar, or it's like a bad crowd to be like\", \"tokens\": [50370, 821, 311, 257, 2614, 7647, 300, 257, 1277, 295, 3892, 1619, 13038, 415, 12896, 666, 257, 2159, 11, 420, 309, 311, 411, 257, 1578, 6919, 281, 312, 411, 50758], \"temperature\": 0.0, \"avg_logprob\": -0.46591252088546753, \"compression_ratio\": 1.4696133136749268, \"no_speech_prob\": 0.003376430831849575}, {\"id\": 15, \"seek\": 7956, \"start\": 87.44000244140625, \"end\": 89.44000244140625, \"text\": \" It's like the DMV in here\", \"tokens\": [50758, 467, 311, 411, 264, 15322, 53, 294, 510, 50858], \"temperature\": 0.0, \"avg_logprob\": -0.46591252088546753, \"compression_ratio\": 1.4696133136749268, \"no_speech_prob\": 0.003376430831849575}, {\"id\": 16, \"seek\": 7956, \"start\": 95.08000183105469, \"end\": 99.4800033569336, \"text\": \" Everyone thinks so, but no just friends, so whereabouts do you live?\", \"tokens\": [51140, 5198, 7309, 370, 11, 457, 572, 445, 1855, 11, 370, 689, 41620, 360, 291, 1621, 30, 51360], \"temperature\": 0.0, \"avg_logprob\": -0.46591252088546753, \"compression_ratio\": 1.4696133136749268, \"no_speech_prob\": 0.003376430831849575}, {\"id\": 17, \"seek\": 7956, \"start\": 102.23999786376953, \"end\": 104.23999786376953, \"text\": \" It's Olympic, right\", \"tokens\": [51498, 467, 311, 19169, 11, 558, 51598], \"temperature\": 0.0, \"avg_logprob\": -0.46591252088546753, \"compression_ratio\": 1.4696133136749268, \"no_speech_prob\": 0.003376430831849575}, {\"id\": 18, \"seek\": 7956, \"start\": 105.55999755859375, \"end\": 108.27999877929688, \"text\": \" Wilshire's right up there Olympic is\", \"tokens\": [51664, 9483, 22294, 311, 558, 493, 456, 19169, 307, 51800], \"temperature\": 0.0, \"avg_logprob\": -0.46591252088546753, \"compression_ratio\": 1.4696133136749268, \"no_speech_prob\": 0.003376430831849575}, {\"id\": 19, \"seek\": 10956, \"start\": 109.5999984741211, \"end\": 111.5999984741211, \"text\": \" Think it's that way\", \"tokens\": [50366, 6557, 309, 311, 300, 636, 50466], \"temperature\": 0.0, \"avg_logprob\": -0.40110883116722107, \"compression_ratio\": 1.6231155395507812, \"no_speech_prob\": 0.0009697056957520545}, {\"id\": 20, \"seek\": 10956, \"start\": 112.08000183105469, \"end\": 114.08000183105469, \"text\": \" This way\", \"tokens\": [50490, 639, 636, 50590], \"temperature\": 0.0, \"avg_logprob\": -0.40110883116722107, \"compression_ratio\": 1.6231155395507812, \"no_speech_prob\": 0.0009697056957520545}, {\"id\": 21, \"seek\": 10956, \"start\": 115.91999816894531, \"end\": 118.91999816894531, \"text\": \" It's a little GPS in your phone. Yeah, my phone's dead\", \"tokens\": [50682, 467, 311, 257, 707, 19462, 294, 428, 2593, 13, 865, 11, 452, 2593, 311, 3116, 50832], \"temperature\": 0.0, \"avg_logprob\": -0.40110883116722107, \"compression_ratio\": 1.6231155395507812, \"no_speech_prob\": 0.0009697056957520545}, {\"id\": 22, \"seek\": 10956, \"start\": 121.95999908447266, \"end\": 125.4800033569336, \"text\": \" Taking a bus to come here, but then I decided to walk a little bit to come back\", \"tokens\": [50984, 17837, 257, 1255, 281, 808, 510, 11, 457, 550, 286, 3047, 281, 1792, 257, 707, 857, 281, 808, 646, 51160], \"temperature\": 0.0, \"avg_logprob\": -0.40110883116722107, \"compression_ratio\": 1.6231155395507812, \"no_speech_prob\": 0.0009697056957520545}, {\"id\": 23, \"seek\": 10956, \"start\": 126.04000091552734, \"end\": 130.27999877929688, \"text\": \" Olympics definitely that way if that's Wilshire. I think it is Olympics that way\", \"tokens\": [51188, 19854, 2138, 300, 636, 498, 300, 311, 9483, 22294, 13, 286, 519, 309, 307, 19854, 300, 636, 51400], \"temperature\": 0.0, \"avg_logprob\": -0.40110883116722107, \"compression_ratio\": 1.6231155395507812, \"no_speech_prob\": 0.0009697056957520545}, {\"id\": 24, \"seek\": 10956, \"start\": 132.0800018310547, \"end\": 137.44000244140625, \"text\": \" I am but I always use my stupid phone for GPS pull up your map. I can tell you\", \"tokens\": [51490, 286, 669, 457, 286, 1009, 764, 452, 6631, 2593, 337, 19462, 2235, 493, 428, 4471, 13, 286, 393, 980, 291, 51758], \"temperature\": 0.0, \"avg_logprob\": -0.40110883116722107, \"compression_ratio\": 1.6231155395507812, \"no_speech_prob\": 0.0009697056957520545}, {\"id\": 25, \"seek\": 13956, \"start\": 139.67999267578125, \"end\": 143.27999877929688, \"text\": \" It goes Santa Monica Wilshire Olympic\", \"tokens\": [50370, 467, 1709, 9933, 25363, 9483, 22294, 19169, 50550], \"temperature\": 0.0, \"avg_logprob\": -0.4365696907043457, \"compression_ratio\": 1.0, \"no_speech_prob\": 0.0001971641177078709}, {\"id\": 26, \"seek\": 13956, \"start\": 160.0800018310547, \"end\": 162.8800048828125, \"text\": \" Sounded like a horn that was a horse\", \"tokens\": [51390, 14673, 292, 411, 257, 13482, 300, 390, 257, 6832, 51530], \"temperature\": 0.0, \"avg_logprob\": -0.4365696907043457, \"compression_ratio\": 1.0, \"no_speech_prob\": 0.0001971641177078709}, {\"id\": 27, \"seek\": 16288, \"start\": 163.63999938964844, \"end\": 171.0, \"text\": \" That was very good. Oh, no, it's this thing it means to stop crossing. I guess I've never heard of that before\", \"tokens\": [50402, 663, 390, 588, 665, 13, 876, 11, 572, 11, 309, 311, 341, 551, 309, 1355, 281, 1590, 14712, 13, 286, 2041, 286, 600, 1128, 2198, 295, 300, 312, 16931, 265, 50770], \"temperature\": 0.0, \"avg_logprob\": -0.49219831824302673, \"compression_ratio\": 1.4702702760696411, \"no_speech_prob\": 0.001454930636100471}, {\"id\": 28, \"seek\": 16288, \"start\": 173.8000030517578, \"end\": 175.8000030517578, \"text\": \" Very weird\", \"tokens\": [50910, 4372, 3657, 51010], \"temperature\": 0.0, \"avg_logprob\": -0.49219831824302673, \"compression_ratio\": 1.4702702760696411, \"no_speech_prob\": 0.001454930636100471}, {\"id\": 29, \"seek\": 16288, \"start\": 181.1999969482422, \"end\": 183.1999969482422, \"text\": \" So you can take him anywhere\", \"tokens\": [51280, 407, 291, 393, 747, 796, 4992, 51380], \"temperature\": 0.0, \"avg_logprob\": -0.49219831824302673, \"compression_ratio\": 1.4702702760696411, \"no_speech_prob\": 0.001454930636100471}, {\"id\": 30, \"seek\": 16288, \"start\": 183.32000732421875, \"end\": 185.39999389648438, \"text\": \" It's not really a service dog. No, it's just\", \"tokens\": [51386, 467, 311, 406, 534, 257, 2643, 3000, 13, 883, 11, 309, 311, 445, 51490], \"temperature\": 0.0, \"avg_logprob\": -0.49219831824302673, \"compression_ratio\": 1.4702702760696411, \"no_speech_prob\": 0.001454930636100471}, {\"id\": 31, \"seek\": 16288, \"start\": 186.36000061035156, \"end\": 192.0399932861328, \"text\": \" It's just a way to take him on planes and stuff like that in the restaurants\", \"tokens\": [51538, 467, 311, 445, 257, 636, 281, 747, 796, 322, 14952, 293, 1507, 411, 300, 294, 264, 11486, 51822], \"temperature\": 0.0, \"avg_logprob\": -0.49219831824302673, \"compression_ratio\": 1.4702702760696411, \"no_speech_prob\": 0.001454930636100471}, {\"id\": 32, \"seek\": 19288, \"start\": 193.8000030517578, \"end\": 200.36000061035156, \"text\": \" What's the type the breed yeah, he's a German Shepherd Collie mix\", \"tokens\": [50410, 708, 311, 264, 2010, 264, 18971, 1338, 11, 415, 311, 257, 6521, 43395, 4586, 414, 2890, 50738], \"temperature\": 0.0, \"avg_logprob\": -0.4761815369129181, \"compression_ratio\": 1.3093525171279907, \"no_speech_prob\": 0.004467646591365337}, {\"id\": 33, \"seek\": 19288, \"start\": 205.60000610351562, \"end\": 207.60000610351562, \"text\": \" Yeah, he's pretty chill\", \"tokens\": [51000, 865, 11, 415, 311, 1238, 11355, 51100], \"temperature\": 0.0, \"avg_logprob\": -0.4761815369129181, \"compression_ratio\": 1.3093525171279907, \"no_speech_prob\": 0.004467646591365337}, {\"id\": 34, \"seek\": 19288, \"start\": 211.24000549316406, \"end\": 215.52000427246094, \"text\": \" Now you're getting directions this one doesn't support like 3g or 4g\", \"tokens\": [51282, 823, 291, 434, 1242, 11095, 341, 472, 1177, 380, 1406, 411, 805, 70, 420, 1017, 70, 51496], \"temperature\": 0.0, \"avg_logprob\": -0.4761815369129181, \"compression_ratio\": 1.3093525171279907, \"no_speech_prob\": 0.004467646591365337}, {\"id\": 35, \"seek\": 19288, \"start\": 218.67999267578125, \"end\": 220.67999267578125, \"text\": \" Yeah, you need a better\", \"tokens\": [51654, 865, 11, 291, 643, 257, 1101, 51754], \"temperature\": 0.0, \"avg_logprob\": -0.4761815369129181, \"compression_ratio\": 1.3093525171279907, \"no_speech_prob\": 0.004467646591365337}, {\"id\": 36, \"seek\": 22288, \"start\": 223.8800048828125, \"end\": 227.1999969482422, \"text\": \" It's kind of a walk tell you the truth\", \"tokens\": [50414, 467, 311, 733, 295, 257, 1792, 980, 291, 264, 3494, 50580], \"temperature\": 0.0, \"avg_logprob\": -0.3930322527885437, \"compression_ratio\": 1.252173900604248, \"no_speech_prob\": 2.6273462935932912e-05}, {\"id\": 37, \"seek\": 22288, \"start\": 231.8800048828125, \"end\": 236.9199981689453, \"text\": \" Yeah, walk around check it out, yeah, it doesn't seem to be going\", \"tokens\": [50814, 865, 11, 1792, 926, 1520, 309, 484, 11, 1338, 11, 309, 1177, 380, 1643, 281, 312, 516, 51066], \"temperature\": 0.0, \"avg_logprob\": -0.3930322527885437, \"compression_ratio\": 1.252173900604248, \"no_speech_prob\": 2.6273462935932912e-05}, {\"id\": 38, \"seek\": 22288, \"start\": 240.8000030517578, \"end\": 244.0, \"text\": \" So we can ask him he might have it\", \"tokens\": [51260, 407, 321, 393, 1029, 796, 415, 1062, 362, 309, 51420], \"temperature\": 0.0, \"avg_logprob\": -0.3930322527885437, \"compression_ratio\": 1.252173900604248, \"no_speech_prob\": 2.6273462935932912e-05}, {\"id\": 39, \"seek\": 22288, \"start\": 247.27999877929688, \"end\": 249.27999877929688, \"text\": \" Then\", \"tokens\": [51584, 1396, 51684], \"temperature\": 0.0, \"avg_logprob\": -0.3930322527885437, \"compression_ratio\": 1.252173900604248, \"no_speech_prob\": 2.6273462935932912e-05}]}"}