{"title": "The biggest mistake guys make before summer!", "video_id": "YuN4f0OslG0", "video_url": "https://www.youtube.com/watch?v=YuN4f0OslG0", "description": "", "published_at": "2023-05-17T02:56:32Z", "channel_id": "UC0O-ohYDF4P66HW9XJ4Us8w", "channel_title": "Robbie Kramer", "tags": [], "category_id": "24", "live_broadcast_content": "none", "duration": 30.0, "dimension": "2d", "definition": "hd", "caption": "false", "view_count": 1410, "like_count": 33, "comment_count": 2, "channel_info": {"title": "Robbie Kramer", "description": "I'm Robbie Kramer \ud83c\udf99Host of The Inner Confidence Podcast & Founder of Inner Confidence, Inc.\n\nI lived an exhilarating single life filled with adventures and lessons, and ultimately achieved what I had always aspired to \u2013 finding an amazing, feminine, and loving wife. \n\nI believe my experiences provide a rare balance of wild freedom and committed love, equipping me with the insights to help you navigate the complexities of dating and relationships in today's world. Let me guide you to embrace your desires, improve your social prowess, and ultimately attract the partner who aligns with your highest aspirations.\n\nYou won\u2019t find any fluffy, new-age, or cringy stuff here, just tested, proven and actionable advice that yields results.\n\nApply to join our exclusive Inner Confidence Community of ambitious men who are actively working together to achieve their goals faster   \u25ba https://innerconfidence.com/community\n\nYou can email me at robbie@innerconfidence.com with any questions or comments.\n", "subscriber_count": "1270", "total_views": "604693", "total_videos": "470"}, "comments": [], "file_path": "/Users/aelaguiz/workspace/fc_book/audio/raws/YuN4f0OslG0.mp3", "transcription": "{\"text\": \"If you look like a total fat schlub, no one's going to respect you or take you seriously. I mean, you can kind of fake the funk there. And there's many successful, really overweight people. But it's certainly a handicap. Right. And when it comes to dating, if you're unfuckable because you're that much overweight, I mean, good luck. You could learn every funny sort of tactics and strategy to meet women. And it's really not going to matter if they're repulsed by your look. I kind of put the cart before the horse by trying to learn dating and pick up before learning how to get myself in shape. I wasted, I think, four or five years doing that. \", \"segments\": [{\"id\": 0, \"seek\": 0, \"start\": 0.0, \"end\": 3.759999990463257, \"text\": \" If you look like a total fat schlub, no one's going to respect you or take you seriously.\", \"tokens\": [50364, 759, 291, 574, 411, 257, 3217, 4046, 956, 75, 836, 11, 572, 472, 311, 516, 281, 3104, 291, 420, 747, 291, 6638, 13, 50552], \"temperature\": 0.0, \"avg_logprob\": -0.23264476656913757, \"compression_ratio\": 1.7486486434936523, \"no_speech_prob\": 0.006687532644718885}, {\"id\": 1, \"seek\": 0, \"start\": 3.759999990463257, \"end\": 5.360000133514404, \"text\": \" I mean, you can kind of fake the funk there.\", \"tokens\": [50552, 286, 914, 11, 291, 393, 733, 295, 7592, 264, 26476, 456, 13, 50632], \"temperature\": 0.0, \"avg_logprob\": -0.23264476656913757, \"compression_ratio\": 1.7486486434936523, \"no_speech_prob\": 0.006687532644718885}, {\"id\": 2, \"seek\": 0, \"start\": 5.360000133514404, \"end\": 7.71999979019165, \"text\": \" And there's many successful, really overweight people.\", \"tokens\": [50632, 400, 456, 311, 867, 4406, 11, 534, 40523, 561, 13, 50750], \"temperature\": 0.0, \"avg_logprob\": -0.23264476656913757, \"compression_ratio\": 1.7486486434936523, \"no_speech_prob\": 0.006687532644718885}, {\"id\": 3, \"seek\": 0, \"start\": 7.71999979019165, \"end\": 9.960000038146973, \"text\": \" But it's certainly a handicap. Right.\", \"tokens\": [50750, 583, 309, 311, 3297, 257, 45975, 13, 1779, 13, 50862], \"temperature\": 0.0, \"avg_logprob\": -0.23264476656913757, \"compression_ratio\": 1.7486486434936523, \"no_speech_prob\": 0.006687532644718885}, {\"id\": 4, \"seek\": 0, \"start\": 9.960000038146973, \"end\": 13.520000457763672, \"text\": \" And when it comes to dating, if you're unfuckable because you're that much\", \"tokens\": [50862, 400, 562, 309, 1487, 281, 10689, 11, 498, 291, 434, 3971, 1134, 712, 570, 291, 434, 300, 709, 51040], \"temperature\": 0.0, \"avg_logprob\": -0.23264476656913757, \"compression_ratio\": 1.7486486434936523, \"no_speech_prob\": 0.006687532644718885}, {\"id\": 5, \"seek\": 0, \"start\": 13.520000457763672, \"end\": 14.760000228881836, \"text\": \" overweight, I mean, good luck.\", \"tokens\": [51040, 40523, 11, 286, 914, 11, 665, 3668, 13, 51102], \"temperature\": 0.0, \"avg_logprob\": -0.23264476656913757, \"compression_ratio\": 1.7486486434936523, \"no_speech_prob\": 0.006687532644718885}, {\"id\": 6, \"seek\": 0, \"start\": 14.760000228881836, \"end\": 18.399999618530273, \"text\": \" You could learn every funny sort of tactics and strategy to meet women.\", \"tokens\": [51102, 509, 727, 1466, 633, 4074, 1333, 295, 19454, 293, 5206, 281, 1677, 2266, 13, 51284], \"temperature\": 0.0, \"avg_logprob\": -0.23264476656913757, \"compression_ratio\": 1.7486486434936523, \"no_speech_prob\": 0.006687532644718885}, {\"id\": 7, \"seek\": 0, \"start\": 18.399999618530273, \"end\": 20.8799991607666, \"text\": \" And it's really not going to matter if they're repulsed by your look.\", \"tokens\": [51284, 400, 309, 311, 534, 406, 516, 281, 1871, 498, 436, 434, 1085, 9468, 292, 538, 428, 574, 13, 51408], \"temperature\": 0.0, \"avg_logprob\": -0.23264476656913757, \"compression_ratio\": 1.7486486434936523, \"no_speech_prob\": 0.006687532644718885}, {\"id\": 8, \"seek\": 0, \"start\": 20.920000076293945, \"end\": 24.360000610351562, \"text\": \" I kind of put the cart before the horse by trying to learn dating and pick up\", \"tokens\": [51410, 286, 733, 295, 829, 264, 5467, 949, 264, 6832, 538, 1382, 281, 1466, 10689, 293, 1888, 493, 51582], \"temperature\": 0.0, \"avg_logprob\": -0.23264476656913757, \"compression_ratio\": 1.7486486434936523, \"no_speech_prob\": 0.006687532644718885}, {\"id\": 9, \"seek\": 0, \"start\": 24.360000610351562, \"end\": 26.440000534057617, \"text\": \" before learning how to get myself in shape.\", \"tokens\": [51582, 949, 2539, 577, 281, 483, 2059, 294, 3909, 13, 51686], \"temperature\": 0.0, \"avg_logprob\": -0.23264476656913757, \"compression_ratio\": 1.7486486434936523, \"no_speech_prob\": 0.006687532644718885}, {\"id\": 10, \"seek\": 0, \"start\": 26.440000534057617, \"end\": 28.520000457763672, \"text\": \" I wasted, I think, four or five years doing that.\", \"tokens\": [51686, 286, 19496, 11, 286, 519, 11, 1451, 420, 1732, 924, 884, 300, 13, 51790], \"temperature\": 0.0, \"avg_logprob\": -0.23264476656913757, \"compression_ratio\": 1.7486486434936523, \"no_speech_prob\": 0.006687532644718885}]}"}