{"title": "Sick of dating apps? What you don\u2019t know about sugar dating (surprising)", "video_id": "YX5lL07R4tY", "video_url": "https://www.youtube.com/watch?v=YX5lL07R4tY", "description": "", "published_at": "2023-05-14T02:30:11Z", "channel_id": "UC0O-ohYDF4P66HW9XJ4Us8w", "channel_title": "Robbie Kramer", "tags": [], "category_id": "24", "live_broadcast_content": "none", "duration": 21.0, "dimension": "2d", "definition": "hd", "caption": "false", "view_count": 2040, "like_count": 20, "comment_count": 1, "channel_info": {"title": "Robbie Kramer", "description": "I'm Robbie Kramer \ud83c\udf99Host of The Inner Confidence Podcast & Founder of Inner Confidence, Inc.\n\nI lived an exhilarating single life filled with adventures and lessons, and ultimately achieved what I had always aspired to \u2013 finding an amazing, feminine, and loving wife. \n\nI believe my experiences provide a rare balance of wild freedom and committed love, equipping me with the insights to help you navigate the complexities of dating and relationships in today's world. Let me guide you to embrace your desires, improve your social prowess, and ultimately attract the partner who aligns with your highest aspirations.\n\nYou won\u2019t find any fluffy, new-age, or cringy stuff here, just tested, proven and actionable advice that yields results.\n\nApply to join our exclusive Inner Confidence Community of ambitious men who are actively working together to achieve their goals faster   \u25ba https://innerconfidence.com/community\n\nYou can email me at robbie@innerconfidence.com with any questions or comments.\n", "subscriber_count": "1270", "total_views": "604693", "total_videos": "470"}, "comments": [], "file_path": "/Users/aelaguiz/workspace/fc_book/audio/raws/YX5lL07R4tY.mp3", "transcription": "{\"text\": \"Most guys are really having success in those two areas, online dating and sugar dating. Online dating sites are popular for men because, you know, we get a dopamine hit from swiping. It's literally like a slot machine in Vegas. You go there, you stick the quarter in, you're hoping that next poll is going to result in the jackpot. And you sit on these apps and you're swiping and you're swiping, you're just like, oh, maybe the next girl, maybe the next girl, maybe the next girl. And before you know it, you've been on there for 45 minutes and you feel \", \"segments\": [{\"id\": 0, \"seek\": 0, \"start\": 0.0, \"end\": 4.320000171661377, \"text\": \" Most guys are really having success in those two areas, online dating and sugar dating.\", \"tokens\": [50364, 4534, 1074, 366, 534, 1419, 2245, 294, 729, 732, 3179, 11, 2950, 10689, 293, 5076, 10689, 13, 50580], \"temperature\": 0.0, \"avg_logprob\": -0.2418217658996582, \"compression_ratio\": 1.8716216087341309, \"no_speech_prob\": 0.09290994703769684}, {\"id\": 1, \"seek\": 0, \"start\": 4.320000171661377, \"end\": 8.239999771118164, \"text\": \" Online dating sites are popular for men because, you know, we get a dopamine hit from swiping.\", \"tokens\": [50580, 16930, 10689, 7533, 366, 3743, 337, 1706, 570, 11, 291, 458, 11, 321, 483, 257, 37219, 2045, 490, 1693, 46440, 13, 50776], \"temperature\": 0.0, \"avg_logprob\": -0.2418217658996582, \"compression_ratio\": 1.8716216087341309, \"no_speech_prob\": 0.09290994703769684}, {\"id\": 2, \"seek\": 0, \"start\": 8.239999771118164, \"end\": 11.600000381469727, \"text\": \" It's literally like a slot machine in Vegas. You go there, you stick the quarter in,\", \"tokens\": [50776, 467, 311, 3736, 411, 257, 14747, 3479, 294, 15841, 13, 509, 352, 456, 11, 291, 2897, 264, 6555, 294, 11, 50944], \"temperature\": 0.0, \"avg_logprob\": -0.2418217658996582, \"compression_ratio\": 1.8716216087341309, \"no_speech_prob\": 0.09290994703769684}, {\"id\": 3, \"seek\": 0, \"start\": 11.600000381469727, \"end\": 15.119999885559082, \"text\": \" you're hoping that next poll is going to result in the jackpot. And you sit on these apps and\", \"tokens\": [50944, 291, 434, 7159, 300, 958, 6418, 307, 516, 281, 1874, 294, 264, 7109, 17698, 13, 400, 291, 1394, 322, 613, 7733, 293, 51120], \"temperature\": 0.0, \"avg_logprob\": -0.2418217658996582, \"compression_ratio\": 1.8716216087341309, \"no_speech_prob\": 0.09290994703769684}, {\"id\": 4, \"seek\": 0, \"start\": 15.119999885559082, \"end\": 17.360000610351562, \"text\": \" you're swiping and you're swiping, you're just like, oh, maybe the next girl, maybe the next\", \"tokens\": [51120, 291, 434, 1693, 46440, 293, 291, 434, 1693, 46440, 11, 291, 434, 445, 411, 11, 1954, 11, 1310, 264, 958, 2013, 11, 1310, 264, 958, 51232], \"temperature\": 0.0, \"avg_logprob\": -0.2418217658996582, \"compression_ratio\": 1.8716216087341309, \"no_speech_prob\": 0.09290994703769684}, {\"id\": 5, \"seek\": 0, \"start\": 17.360000610351562, \"end\": 19.84000015258789, \"text\": \" girl, maybe the next girl. And before you know it, you've been on there for 45 minutes and you feel\", \"tokens\": [51232, 2013, 11, 1310, 264, 958, 2013, 13, 400, 949, 291, 458, 309, 11, 291, 600, 668, 322, 456, 337, 6905, 2077, 293, 291, 841, 51356], \"temperature\": 0.0, \"avg_logprob\": -0.2418217658996582, \"compression_ratio\": 1.8716216087341309, \"no_speech_prob\": 0.09290994703769684}]}"}