{"title": "If you screw this up you will eventually lose the girl!", "video_id": "z16GlZcdiAM", "video_url": "https://www.youtube.com/watch?v=z16GlZcdiAM", "description": "", "published_at": "2023-05-31T16:55:06Z", "channel_id": "UC0O-ohYDF4P66HW9XJ4Us8w", "channel_title": "Robbie Kramer", "tags": [], "category_id": "24", "live_broadcast_content": "none", "duration": 61.0, "dimension": "2d", "definition": "hd", "caption": "false", "view_count": 1759, "like_count": 30, "comment_count": 0, "channel_info": {"title": "Robbie Kramer", "description": "I'm Robbie Kramer \ud83c\udf99Host of The Inner Confidence Podcast & Founder of Inner Confidence, Inc.\n\nI lived an exhilarating single life filled with adventures and lessons, and ultimately achieved what I had always aspired to \u2013 finding an amazing, feminine, and loving wife. \n\nI believe my experiences provide a rare balance of wild freedom and committed love, equipping me with the insights to help you navigate the complexities of dating and relationships in today's world. Let me guide you to embrace your desires, improve your social prowess, and ultimately attract the partner who aligns with your highest aspirations.\n\nYou won\u2019t find any fluffy, new-age, or cringy stuff here, just tested, proven and actionable advice that yields results.\n\nApply to join our exclusive Inner Confidence Community of ambitious men who are actively working together to achieve their goals faster   \u25ba https://innerconfidence.com/community\n\nYou can email me at robbie@innerconfidence.com with any questions or comments.\n", "subscriber_count": "1270", "total_views": "604693", "total_videos": "470"}, "comments": [], "file_path": "/Users/aelaguiz/workspace/fc_book/audio/raws/z16GlZcdiAM.mp3", "transcription": "{\"text\": \"Sexual offer being over analytical if you would care to join us for some Recognized form of social interaction like a drink then we'd be fine But otherwise, I think you should try, you know offering to some other table What offended you about the offer? So this part is interesting because she's upset. She's offended. Of course, right? She's like I'm not a hooker. He responds to that emotion, right? He doesn't go into her logic right before he kind of responded logically but this time he's diving straight into the emotional thread which you need to be aware of because that's the only thing that matters right and He calls it out Surely not that I find you both beautiful in the second one Offended me. No, it's it's very amusing galling to be honest, but Now she's lying. She's obviously Is it my imagination or is it getting a little late? Should we go to go to a beer now? She's upset She's just trying to leave he's got so much buy-in from Christina. They're like, he knows he's good \", \"segments\": [{\"id\": 0, \"seek\": 0, \"start\": 0.0, \"end\": 5.159999847412109, \"text\": \" Sexual offer being over analytical if you would care to join us for some\", \"tokens\": [50364, 45449, 2626, 885, 670, 29579, 498, 291, 576, 1127, 281, 3917, 505, 337, 512, 50622], \"temperature\": 0.0, \"avg_logprob\": -0.3280545175075531, \"compression_ratio\": 1.6458333730697632, \"no_speech_prob\": 0.5512458086013794}, {\"id\": 1, \"seek\": 0, \"start\": 5.860000133514404, \"end\": 9.859999656677246, \"text\": \" Recognized form of social interaction like a drink then we'd be fine\", \"tokens\": [50657, 44682, 1602, 1254, 295, 2093, 9285, 411, 257, 2822, 550, 321, 1116, 312, 2489, 50857], \"temperature\": 0.0, \"avg_logprob\": -0.3280545175075531, \"compression_ratio\": 1.6458333730697632, \"no_speech_prob\": 0.5512458086013794}, {\"id\": 2, \"seek\": 0, \"start\": 9.859999656677246, \"end\": 14.260000228881836, \"text\": \" But otherwise, I think you should try, you know offering to some other table\", \"tokens\": [50857, 583, 5911, 11, 286, 519, 291, 820, 853, 11, 291, 458, 8745, 281, 512, 661, 3199, 51077], \"temperature\": 0.0, \"avg_logprob\": -0.3280545175075531, \"compression_ratio\": 1.6458333730697632, \"no_speech_prob\": 0.5512458086013794}, {\"id\": 3, \"seek\": 0, \"start\": 15.079999923706055, \"end\": 20.0, \"text\": \" What offended you about the offer? So this part is interesting because she's upset. She's offended. Of course, right?\", \"tokens\": [51118, 708, 26776, 291, 466, 264, 2626, 30, 407, 341, 644, 307, 1880, 570, 750, 311, 8340, 13, 1240, 311, 26776, 13, 2720, 1164, 11, 558, 30, 51364], \"temperature\": 0.0, \"avg_logprob\": -0.3280545175075531, \"compression_ratio\": 1.6458333730697632, \"no_speech_prob\": 0.5512458086013794}, {\"id\": 4, \"seek\": 0, \"start\": 20.0, \"end\": 23.579999923706055, \"text\": \" She's like I'm not a hooker. He responds to that emotion, right?\", \"tokens\": [51364, 1240, 311, 411, 286, 478, 406, 257, 6328, 260, 13, 634, 27331, 281, 300, 8913, 11, 558, 30, 51543], \"temperature\": 0.0, \"avg_logprob\": -0.3280545175075531, \"compression_ratio\": 1.6458333730697632, \"no_speech_prob\": 0.5512458086013794}, {\"id\": 5, \"seek\": 0, \"start\": 23.579999923706055, \"end\": 26.780000686645508, \"text\": \" He doesn't go into her logic right before he kind of responded logically\", \"tokens\": [51543, 634, 1177, 380, 352, 666, 720, 9952, 558, 949, 415, 733, 295, 15806, 38887, 51703], \"temperature\": 0.0, \"avg_logprob\": -0.3280545175075531, \"compression_ratio\": 1.6458333730697632, \"no_speech_prob\": 0.5512458086013794}, {\"id\": 6, \"seek\": 2678, \"start\": 26.780000686645508, \"end\": 33.0, \"text\": \" but this time he's diving straight into the emotional thread which you need to be aware of because that's the only thing that matters right and\", \"tokens\": [50364, 457, 341, 565, 415, 311, 20241, 2997, 666, 264, 6863, 7207, 597, 291, 643, 281, 312, 3650, 295, 570, 300, 311, 264, 787, 551, 300, 7001, 558, 293, 50675], \"temperature\": 0.0, \"avg_logprob\": -0.371471643447876, \"compression_ratio\": 1.6038461923599243, \"no_speech_prob\": 0.0043992092832922935}, {\"id\": 7, \"seek\": 2678, \"start\": 33.0, \"end\": 35.0, \"text\": \" He calls it out\", \"tokens\": [50675, 634, 5498, 309, 484, 50775], \"temperature\": 0.0, \"avg_logprob\": -0.371471643447876, \"compression_ratio\": 1.6038461923599243, \"no_speech_prob\": 0.0043992092832922935}, {\"id\": 8, \"seek\": 2678, \"start\": 35.65999984741211, \"end\": 39.0, \"text\": \" Surely not that I find you both beautiful in the second one\", \"tokens\": [50808, 29803, 406, 300, 286, 915, 291, 1293, 2238, 294, 264, 1150, 472, 50975], \"temperature\": 0.0, \"avg_logprob\": -0.371471643447876, \"compression_ratio\": 1.6038461923599243, \"no_speech_prob\": 0.0043992092832922935}, {\"id\": 9, \"seek\": 2678, \"start\": 39.86000061035156, \"end\": 44.81999969482422, \"text\": \" Offended me. No, it's it's very amusing galling to be honest, but\", \"tokens\": [51018, 6318, 3502, 385, 13, 883, 11, 309, 311, 309, 311, 588, 47809, 8527, 278, 281, 312, 3245, 11, 457, 51266], \"temperature\": 0.0, \"avg_logprob\": -0.371471643447876, \"compression_ratio\": 1.6038461923599243, \"no_speech_prob\": 0.0043992092832922935}, {\"id\": 10, \"seek\": 2678, \"start\": 46.279998779296875, \"end\": 48.279998779296875, \"text\": \" Now she's lying. She's obviously\", \"tokens\": [51339, 823, 750, 311, 8493, 13, 1240, 311, 2745, 51439], \"temperature\": 0.0, \"avg_logprob\": -0.371471643447876, \"compression_ratio\": 1.6038461923599243, \"no_speech_prob\": 0.0043992092832922935}, {\"id\": 11, \"seek\": 2678, \"start\": 49.119998931884766, \"end\": 55.119998931884766, \"text\": \" Is it my imagination or is it getting a little late? Should we go to go to a beer now? She's upset\", \"tokens\": [51481, 1119, 309, 452, 12938, 420, 307, 309, 1242, 257, 707, 3469, 30, 6454, 321, 352, 281, 352, 281, 257, 8795, 586, 30, 1240, 311, 8340, 51781], \"temperature\": 0.0, \"avg_logprob\": -0.371471643447876, \"compression_ratio\": 1.6038461923599243, \"no_speech_prob\": 0.0043992092832922935}, {\"id\": 12, \"seek\": 5512, \"start\": 55.119998931884766, \"end\": 59.68000030517578, \"text\": \" She's just trying to leave he's got so much buy-in from Christina. They're like, he knows he's good\", \"tokens\": [50364, 1240, 311, 445, 1382, 281, 1856, 415, 311, 658, 370, 709, 2256, 12, 259, 490, 25466, 13, 814, 434, 411, 11, 415, 3255, 415, 311, 665, 50592], \"temperature\": 0.0, \"avg_logprob\": -0.31663253903388977, \"compression_ratio\": 1.100000023841858, \"no_speech_prob\": 0.00022688801982440054}]}"}