{"title": "What is real vs. fake dominance?", "video_id": "Ze-3uiv8ITE", "video_url": "https://www.youtube.com/watch?v=Ze-3uiv8ITE", "description": "", "published_at": "2023-07-28T18:59:02Z", "channel_id": "UC0O-ohYDF4P66HW9XJ4Us8w", "channel_title": "Robbie Kramer", "tags": [], "category_id": "24", "live_broadcast_content": "none", "duration": 53.0, "dimension": "2d", "definition": "hd", "caption": "false", "view_count": 106, "like_count": 5, "comment_count": 1, "channel_info": {"title": "Robbie Kramer", "description": "I'm Robbie Kramer \ud83c\udf99Host of The Inner Confidence Podcast & Founder of Inner Confidence, Inc.\n\nI lived an exhilarating single life filled with adventures and lessons, and ultimately achieved what I had always aspired to \u2013 finding an amazing, feminine, and loving wife. \n\nI believe my experiences provide a rare balance of wild freedom and committed love, equipping me with the insights to help you navigate the complexities of dating and relationships in today's world. Let me guide you to embrace your desires, improve your social prowess, and ultimately attract the partner who aligns with your highest aspirations.\n\nYou won\u2019t find any fluffy, new-age, or cringy stuff here, just tested, proven and actionable advice that yields results.\n\nApply to join our exclusive Inner Confidence Community of ambitious men who are actively working together to achieve their goals faster   \u25ba https://innerconfidence.com/community\n\nYou can email me at robbie@innerconfidence.com with any questions or comments.\n", "subscriber_count": "1270", "total_views": "604693", "total_videos": "470"}, "comments": [], "file_path": "/Users/aelaguiz/workspace/fc_book/audio/raws/Ze-3uiv8ITE.mp3", "transcription": "{\"text\": \"Being alpha, being dominant, being masculine. A lot of the time, they get so caught up in that, they lose the playful, the silly, the fun. They're traumatized from being nice guys for so long that they swing to the other end of the spectrum. And then now they're just this kind of like, inauthentic, fake, dominant dude, right? And it's part of the journey, of course. But most guys don't even know what dominance is. That's the thing. They're confusing dominance with domineering. Dominance is leadership. Leadership is service. Service is love. So dominance is actually love. I care about this woman and I'm going to serve her. And when you serve her so freaking well, she will want to do anything for you. And you'll get to a point where a woman will be like, I'm yours. Do whatever you want to me. I don't care. From what I've heard, and correct me if I'm wrong, like in the BDSM community, they say the submissive is really the one who has all the power. 100%. You're serving the submissive, right? And if the submissive feels 100% taken care of, it's not this idea of dominating her. It's the idea of serving her, essentially. Dominance is we both win. \", \"segments\": [{\"id\": 0, \"seek\": 0, \"start\": 0.0, \"end\": 2.5, \"text\": \" Being alpha, being dominant, being masculine.\", \"tokens\": [50364, 8891, 8961, 11, 885, 15657, 11, 885, 28992, 13, 50489], \"temperature\": 0.0, \"avg_logprob\": -0.22528105974197388, \"compression_ratio\": 1.863157868385315, \"no_speech_prob\": 0.15170159935951233}, {\"id\": 1, \"seek\": 0, \"start\": 2.5, \"end\": 4.5, \"text\": \" A lot of the time, they get so caught up in that,\", \"tokens\": [50489, 316, 688, 295, 264, 565, 11, 436, 483, 370, 5415, 493, 294, 300, 11, 50589], \"temperature\": 0.0, \"avg_logprob\": -0.22528105974197388, \"compression_ratio\": 1.863157868385315, \"no_speech_prob\": 0.15170159935951233}, {\"id\": 2, \"seek\": 0, \"start\": 4.5, \"end\": 6.900000095367432, \"text\": \" they lose the playful, the silly, the fun.\", \"tokens\": [50589, 436, 3624, 264, 30730, 11, 264, 11774, 11, 264, 1019, 13, 50709], \"temperature\": 0.0, \"avg_logprob\": -0.22528105974197388, \"compression_ratio\": 1.863157868385315, \"no_speech_prob\": 0.15170159935951233}, {\"id\": 3, \"seek\": 0, \"start\": 6.900000095367432, \"end\": 8.800000190734863, \"text\": \" They're traumatized from being nice guys for so long\", \"tokens\": [50709, 814, 434, 35099, 1602, 490, 885, 1481, 1074, 337, 370, 938, 50804], \"temperature\": 0.0, \"avg_logprob\": -0.22528105974197388, \"compression_ratio\": 1.863157868385315, \"no_speech_prob\": 0.15170159935951233}, {\"id\": 4, \"seek\": 0, \"start\": 8.800000190734863, \"end\": 10.5, \"text\": \" that they swing to the other end of the spectrum.\", \"tokens\": [50804, 300, 436, 11173, 281, 264, 661, 917, 295, 264, 11143, 13, 50889], \"temperature\": 0.0, \"avg_logprob\": -0.22528105974197388, \"compression_ratio\": 1.863157868385315, \"no_speech_prob\": 0.15170159935951233}, {\"id\": 5, \"seek\": 0, \"start\": 10.5, \"end\": 12.199999809265137, \"text\": \" And then now they're just this kind of like,\", \"tokens\": [50889, 400, 550, 586, 436, 434, 445, 341, 733, 295, 411, 11, 50974], \"temperature\": 0.0, \"avg_logprob\": -0.22528105974197388, \"compression_ratio\": 1.863157868385315, \"no_speech_prob\": 0.15170159935951233}, {\"id\": 6, \"seek\": 0, \"start\": 12.199999809265137, \"end\": 14.100000381469727, \"text\": \" inauthentic, fake, dominant dude, right?\", \"tokens\": [50974, 294, 40198, 317, 299, 11, 7592, 11, 15657, 6449, 11, 558, 30, 51069], \"temperature\": 0.0, \"avg_logprob\": -0.22528105974197388, \"compression_ratio\": 1.863157868385315, \"no_speech_prob\": 0.15170159935951233}, {\"id\": 7, \"seek\": 0, \"start\": 14.100000381469727, \"end\": 15.399999618530273, \"text\": \" And it's part of the journey, of course.\", \"tokens\": [51069, 400, 309, 311, 644, 295, 264, 4671, 11, 295, 1164, 13, 51134], \"temperature\": 0.0, \"avg_logprob\": -0.22528105974197388, \"compression_ratio\": 1.863157868385315, \"no_speech_prob\": 0.15170159935951233}, {\"id\": 8, \"seek\": 0, \"start\": 15.399999618530273, \"end\": 16.799999237060547, \"text\": \" But most guys don't even know what dominance is.\", \"tokens\": [51134, 583, 881, 1074, 500, 380, 754, 458, 437, 34987, 307, 13, 51204], \"temperature\": 0.0, \"avg_logprob\": -0.22528105974197388, \"compression_ratio\": 1.863157868385315, \"no_speech_prob\": 0.15170159935951233}, {\"id\": 9, \"seek\": 0, \"start\": 16.799999237060547, \"end\": 17.399999618530273, \"text\": \" That's the thing.\", \"tokens\": [51204, 663, 311, 264, 551, 13, 51234], \"temperature\": 0.0, \"avg_logprob\": -0.22528105974197388, \"compression_ratio\": 1.863157868385315, \"no_speech_prob\": 0.15170159935951233}, {\"id\": 10, \"seek\": 0, \"start\": 17.399999618530273, \"end\": 19.0, \"text\": \" They're confusing dominance with domineering.\", \"tokens\": [51234, 814, 434, 13181, 34987, 365, 3285, 533, 1794, 13, 51314], \"temperature\": 0.0, \"avg_logprob\": -0.22528105974197388, \"compression_ratio\": 1.863157868385315, \"no_speech_prob\": 0.15170159935951233}, {\"id\": 11, \"seek\": 0, \"start\": 19.0, \"end\": 20.100000381469727, \"text\": \" Dominance is leadership.\", \"tokens\": [51314, 18027, 719, 307, 5848, 13, 51369], \"temperature\": 0.0, \"avg_logprob\": -0.22528105974197388, \"compression_ratio\": 1.863157868385315, \"no_speech_prob\": 0.15170159935951233}, {\"id\": 12, \"seek\": 0, \"start\": 20.100000381469727, \"end\": 21.299999237060547, \"text\": \" Leadership is service.\", \"tokens\": [51369, 30577, 307, 2643, 13, 51429], \"temperature\": 0.0, \"avg_logprob\": -0.22528105974197388, \"compression_ratio\": 1.863157868385315, \"no_speech_prob\": 0.15170159935951233}, {\"id\": 13, \"seek\": 0, \"start\": 21.299999237060547, \"end\": 22.100000381469727, \"text\": \" Service is love.\", \"tokens\": [51429, 9561, 307, 959, 13, 51469], \"temperature\": 0.0, \"avg_logprob\": -0.22528105974197388, \"compression_ratio\": 1.863157868385315, \"no_speech_prob\": 0.15170159935951233}, {\"id\": 14, \"seek\": 0, \"start\": 22.100000381469727, \"end\": 23.600000381469727, \"text\": \" So dominance is actually love.\", \"tokens\": [51469, 407, 34987, 307, 767, 959, 13, 51544], \"temperature\": 0.0, \"avg_logprob\": -0.22528105974197388, \"compression_ratio\": 1.863157868385315, \"no_speech_prob\": 0.15170159935951233}, {\"id\": 15, \"seek\": 0, \"start\": 23.600000381469727, \"end\": 25.299999237060547, \"text\": \" I care about this woman and I'm going to serve her.\", \"tokens\": [51544, 286, 1127, 466, 341, 3059, 293, 286, 478, 516, 281, 4596, 720, 13, 51629], \"temperature\": 0.0, \"avg_logprob\": -0.22528105974197388, \"compression_ratio\": 1.863157868385315, \"no_speech_prob\": 0.15170159935951233}, {\"id\": 16, \"seek\": 0, \"start\": 25.299999237060547, \"end\": 27.600000381469727, \"text\": \" And when you serve her so freaking well,\", \"tokens\": [51629, 400, 562, 291, 4596, 720, 370, 14612, 731, 11, 51744], \"temperature\": 0.0, \"avg_logprob\": -0.22528105974197388, \"compression_ratio\": 1.863157868385315, \"no_speech_prob\": 0.15170159935951233}, {\"id\": 17, \"seek\": 0, \"start\": 27.600000381469727, \"end\": 29.5, \"text\": \" she will want to do anything for you.\", \"tokens\": [51744, 750, 486, 528, 281, 360, 1340, 337, 291, 13, 51839], \"temperature\": 0.0, \"avg_logprob\": -0.22528105974197388, \"compression_ratio\": 1.863157868385315, \"no_speech_prob\": 0.15170159935951233}, {\"id\": 18, \"seek\": 2950, \"start\": 29.5, \"end\": 30.600000381469727, \"text\": \" And you'll get to a point where a woman will be like,\", \"tokens\": [50364, 400, 291, 603, 483, 281, 257, 935, 689, 257, 3059, 486, 312, 411, 11, 50419], \"temperature\": 0.0, \"avg_logprob\": -0.18846148252487183, \"compression_ratio\": 1.6327272653579712, \"no_speech_prob\": 0.0004581907414831221}, {\"id\": 19, \"seek\": 2950, \"start\": 30.600000381469727, \"end\": 31.200000762939453, \"text\": \" I'm yours.\", \"tokens\": [50419, 286, 478, 6342, 13, 50449], \"temperature\": 0.0, \"avg_logprob\": -0.18846148252487183, \"compression_ratio\": 1.6327272653579712, \"no_speech_prob\": 0.0004581907414831221}, {\"id\": 20, \"seek\": 2950, \"start\": 31.200000762939453, \"end\": 32.79999923706055, \"text\": \" Do whatever you want to me.\", \"tokens\": [50449, 1144, 2035, 291, 528, 281, 385, 13, 50529], \"temperature\": 0.0, \"avg_logprob\": -0.18846148252487183, \"compression_ratio\": 1.6327272653579712, \"no_speech_prob\": 0.0004581907414831221}, {\"id\": 21, \"seek\": 2950, \"start\": 32.79999923706055, \"end\": 33.599998474121094, \"text\": \" I don't care.\", \"tokens\": [50529, 286, 500, 380, 1127, 13, 50569], \"temperature\": 0.0, \"avg_logprob\": -0.18846148252487183, \"compression_ratio\": 1.6327272653579712, \"no_speech_prob\": 0.0004581907414831221}, {\"id\": 22, \"seek\": 2950, \"start\": 33.599998474121094, \"end\": 34.79999923706055, \"text\": \" From what I've heard, and correct me if I'm wrong,\", \"tokens\": [50569, 3358, 437, 286, 600, 2198, 11, 293, 3006, 385, 498, 286, 478, 2085, 11, 50629], \"temperature\": 0.0, \"avg_logprob\": -0.18846148252487183, \"compression_ratio\": 1.6327272653579712, \"no_speech_prob\": 0.0004581907414831221}, {\"id\": 23, \"seek\": 2950, \"start\": 34.79999923706055, \"end\": 35.900001525878906, \"text\": \" like in the BDSM community,\", \"tokens\": [50629, 411, 294, 264, 363, 11844, 44, 1768, 11, 50684], \"temperature\": 0.0, \"avg_logprob\": -0.18846148252487183, \"compression_ratio\": 1.6327272653579712, \"no_speech_prob\": 0.0004581907414831221}, {\"id\": 24, \"seek\": 2950, \"start\": 35.900001525878906, \"end\": 37.79999923706055, \"text\": \" they say the submissive is really the one\", \"tokens\": [50684, 436, 584, 264, 8286, 891, 488, 307, 534, 264, 472, 50779], \"temperature\": 0.0, \"avg_logprob\": -0.18846148252487183, \"compression_ratio\": 1.6327272653579712, \"no_speech_prob\": 0.0004581907414831221}, {\"id\": 25, \"seek\": 2950, \"start\": 37.79999923706055, \"end\": 38.599998474121094, \"text\": \" who has all the power.\", \"tokens\": [50779, 567, 575, 439, 264, 1347, 13, 50819], \"temperature\": 0.0, \"avg_logprob\": -0.18846148252487183, \"compression_ratio\": 1.6327272653579712, \"no_speech_prob\": 0.0004581907414831221}, {\"id\": 26, \"seek\": 2950, \"start\": 38.599998474121094, \"end\": 39.599998474121094, \"text\": \" 100%.\", \"tokens\": [50819, 2319, 6856, 50869], \"temperature\": 0.0, \"avg_logprob\": -0.18846148252487183, \"compression_ratio\": 1.6327272653579712, \"no_speech_prob\": 0.0004581907414831221}, {\"id\": 27, \"seek\": 2950, \"start\": 39.599998474121094, \"end\": 41.099998474121094, \"text\": \" You're serving the submissive, right?\", \"tokens\": [50869, 509, 434, 8148, 264, 8286, 891, 488, 11, 558, 30, 50944], \"temperature\": 0.0, \"avg_logprob\": -0.18846148252487183, \"compression_ratio\": 1.6327272653579712, \"no_speech_prob\": 0.0004581907414831221}, {\"id\": 28, \"seek\": 2950, \"start\": 41.099998474121094, \"end\": 44.0, \"text\": \" And if the submissive feels 100% taken care of,\", \"tokens\": [50944, 400, 498, 264, 8286, 891, 488, 3417, 2319, 4, 2726, 1127, 295, 11, 51089], \"temperature\": 0.0, \"avg_logprob\": -0.18846148252487183, \"compression_ratio\": 1.6327272653579712, \"no_speech_prob\": 0.0004581907414831221}, {\"id\": 29, \"seek\": 2950, \"start\": 44.0, \"end\": 45.900001525878906, \"text\": \" it's not this idea of dominating her.\", \"tokens\": [51089, 309, 311, 406, 341, 1558, 295, 43306, 720, 13, 51184], \"temperature\": 0.0, \"avg_logprob\": -0.18846148252487183, \"compression_ratio\": 1.6327272653579712, \"no_speech_prob\": 0.0004581907414831221}, {\"id\": 30, \"seek\": 2950, \"start\": 45.900001525878906, \"end\": 48.0, \"text\": \" It's the idea of serving her, essentially.\", \"tokens\": [51184, 467, 311, 264, 1558, 295, 8148, 720, 11, 4476, 13, 51289], \"temperature\": 0.0, \"avg_logprob\": -0.18846148252487183, \"compression_ratio\": 1.6327272653579712, \"no_speech_prob\": 0.0004581907414831221}, {\"id\": 31, \"seek\": 2950, \"start\": 48.0, \"end\": 50.0, \"text\": \" Dominance is we both win.\", \"tokens\": [51289, 18027, 719, 307, 321, 1293, 1942, 13, 51389], \"temperature\": 0.0, \"avg_logprob\": -0.18846148252487183, \"compression_ratio\": 1.6327272653579712, \"no_speech_prob\": 0.0004581907414831221}]}"}