{"title": "Stop Chasing Women", "video_id": "zS5gEsEHJqo", "video_url": "https://www.youtube.com/watch?v=zS5gEsEHJqo", "description": "To listen to more episodes of the Inner Confidence Podcast, visit the links below:\nWebsite: https://innerconfidence.com/podcast/\niTunes:https://podcasts.apple.com/us/podcast/inner-confidence-podcast/id986699444 \nSpotify: https://open.spotify.com/show/2zkWuTnt7whvnR6CO6oNPV\nRSS: https://innerconfidence.com/series/leverage-podcast/feed/\n\nAnd if you're interested in learning more about my coaching services and connecting with me, check out these links:\nLinkTree: https://linktr.ee/Robbiekramer\nMain Site: https://innerconfidence.com/\nInstagram: https://www.instagram.com/robbie_kramer/\nTikTok: https://www.tiktok.com/@robbie.kramer\nYouTube: https://www.youtube.com/innerconfidence\n\nThank you for tuning in, and I look forward to helping you build your inner confidence and achieve success!\n\nJoin us : https://innerconfidence.com/leverage/\nBook a call with me : https://start.innerconfidence.com/video1\n\n\n#personaldevelopment #selfimprovement #innerconfidence #innerconfidencepodcast #podcast #coaching #success #motivation #inspiration #mindset #datingcoach #relationshipgoals #confidencecoach #selfimprovement #successfulmen", "published_at": "2023-01-20T05:51:57Z", "channel_id": "UC0O-ohYDF4P66HW9XJ4Us8w", "channel_title": "Robbie Kramer", "tags": [], "category_id": "26", "live_broadcast_content": "none", "duration": 53.0, "dimension": "2d", "definition": "hd", "caption": "false", "view_count": 219, "like_count": 7, "comment_count": 0, "channel_info": {"title": "Robbie Kramer", "description": "I'm Robbie Kramer \ud83c\udf99Host of The Inner Confidence Podcast & Founder of Inner Confidence, Inc.\n\nI lived an exhilarating single life filled with adventures and lessons, and ultimately achieved what I had always aspired to \u2013 finding an amazing, feminine, and loving wife. \n\nI believe my experiences provide a rare balance of wild freedom and committed love, equipping me with the insights to help you navigate the complexities of dating and relationships in today's world. Let me guide you to embrace your desires, improve your social prowess, and ultimately attract the partner who aligns with your highest aspirations.\n\nYou won\u2019t find any fluffy, new-age, or cringy stuff here, just tested, proven and actionable advice that yields results.\n\nApply to join our exclusive Inner Confidence Community of ambitious men who are actively working together to achieve their goals faster   \u25ba https://innerconfidence.com/community\n\nYou can email me at robbie@innerconfidence.com with any questions or comments.\n", "subscriber_count": "1270", "total_views": "604693", "total_videos": "470"}, "comments": [], "file_path": "/Users/aelaguiz/workspace/fc_book/audio/raws/zS5gEsEHJqo.mp3", "transcription": "{\"text\": \"Because what do really hot women get? I mean, you can ask them. They get hit on all the time, right? They're constantly being bombarded with interest. So when they meet a guy who's attractive but not hitting on them, they're like, whoa, that's interesting. I wonder why this guy isn't chasing me. In fact, that's weird. I need him. I want to get validated by him chasing me. And the more that they're searching for that validation, the more they're going to chase you. So the act of not hitting on them and having other women around, which creates competition anxiety, is what gets you the hottest women. And you've got to be patient in this game. If you're going to play the social circle game, it takes a long time. You've got to build it up. And if you start hooking up with the girls and getting a bad reputation or you start striking out with the girls, they're going to tell everyone else. They're going to be like, this guy, he throws these parties, but he's kind of creepy or he's kind of weird. And that one kind of knock on your reputation is going to fuck you up. \", \"segments\": [{\"id\": 0, \"seek\": 0, \"start\": 0.0, \"end\": 1.5, \"text\": \" Because what do really hot women get?\", \"tokens\": [50364, 1436, 437, 360, 534, 2368, 2266, 483, 30, 50439], \"temperature\": 0.0, \"avg_logprob\": -0.2283177226781845, \"compression_ratio\": 1.8271186351776123, \"no_speech_prob\": 0.025556502863764763}, {\"id\": 1, \"seek\": 0, \"start\": 1.5, \"end\": 2.5399999618530273, \"text\": \" I mean, you can ask them.\", \"tokens\": [50439, 286, 914, 11, 291, 393, 1029, 552, 13, 50491], \"temperature\": 0.0, \"avg_logprob\": -0.2283177226781845, \"compression_ratio\": 1.8271186351776123, \"no_speech_prob\": 0.025556502863764763}, {\"id\": 2, \"seek\": 0, \"start\": 2.5399999618530273, \"end\": 4.380000114440918, \"text\": \" They get hit on all the time, right?\", \"tokens\": [50491, 814, 483, 2045, 322, 439, 264, 565, 11, 558, 30, 50583], \"temperature\": 0.0, \"avg_logprob\": -0.2283177226781845, \"compression_ratio\": 1.8271186351776123, \"no_speech_prob\": 0.025556502863764763}, {\"id\": 3, \"seek\": 0, \"start\": 4.380000114440918, \"end\": 6.579999923706055, \"text\": \" They're constantly being bombarded with interest.\", \"tokens\": [50583, 814, 434, 6460, 885, 7851, 22803, 365, 1179, 13, 50693], \"temperature\": 0.0, \"avg_logprob\": -0.2283177226781845, \"compression_ratio\": 1.8271186351776123, \"no_speech_prob\": 0.025556502863764763}, {\"id\": 4, \"seek\": 0, \"start\": 6.579999923706055, \"end\": 9.300000190734863, \"text\": \" So when they meet a guy who's attractive but not\", \"tokens\": [50693, 407, 562, 436, 1677, 257, 2146, 567, 311, 12609, 457, 406, 50829], \"temperature\": 0.0, \"avg_logprob\": -0.2283177226781845, \"compression_ratio\": 1.8271186351776123, \"no_speech_prob\": 0.025556502863764763}, {\"id\": 5, \"seek\": 0, \"start\": 9.300000190734863, \"end\": 12.180000305175781, \"text\": \" hitting on them, they're like, whoa, that's interesting.\", \"tokens\": [50829, 8850, 322, 552, 11, 436, 434, 411, 11, 13310, 11, 300, 311, 1880, 13, 50973], \"temperature\": 0.0, \"avg_logprob\": -0.2283177226781845, \"compression_ratio\": 1.8271186351776123, \"no_speech_prob\": 0.025556502863764763}, {\"id\": 6, \"seek\": 0, \"start\": 12.180000305175781, \"end\": 13.739999771118164, \"text\": \" I wonder why this guy isn't chasing me.\", \"tokens\": [50973, 286, 2441, 983, 341, 2146, 1943, 380, 17876, 385, 13, 51051], \"temperature\": 0.0, \"avg_logprob\": -0.2283177226781845, \"compression_ratio\": 1.8271186351776123, \"no_speech_prob\": 0.025556502863764763}, {\"id\": 7, \"seek\": 0, \"start\": 13.739999771118164, \"end\": 15.180000305175781, \"text\": \" In fact, that's weird.\", \"tokens\": [51051, 682, 1186, 11, 300, 311, 3657, 13, 51123], \"temperature\": 0.0, \"avg_logprob\": -0.2283177226781845, \"compression_ratio\": 1.8271186351776123, \"no_speech_prob\": 0.025556502863764763}, {\"id\": 8, \"seek\": 0, \"start\": 15.180000305175781, \"end\": 16.260000228881836, \"text\": \" I need him.\", \"tokens\": [51123, 286, 643, 796, 13, 51177], \"temperature\": 0.0, \"avg_logprob\": -0.2283177226781845, \"compression_ratio\": 1.8271186351776123, \"no_speech_prob\": 0.025556502863764763}, {\"id\": 9, \"seek\": 0, \"start\": 16.260000228881836, \"end\": 18.459999084472656, \"text\": \" I want to get validated by him chasing me.\", \"tokens\": [51177, 286, 528, 281, 483, 40693, 538, 796, 17876, 385, 13, 51287], \"temperature\": 0.0, \"avg_logprob\": -0.2283177226781845, \"compression_ratio\": 1.8271186351776123, \"no_speech_prob\": 0.025556502863764763}, {\"id\": 10, \"seek\": 0, \"start\": 18.459999084472656, \"end\": 20.780000686645508, \"text\": \" And the more that they're searching for that validation,\", \"tokens\": [51287, 400, 264, 544, 300, 436, 434, 10808, 337, 300, 24071, 11, 51403], \"temperature\": 0.0, \"avg_logprob\": -0.2283177226781845, \"compression_ratio\": 1.8271186351776123, \"no_speech_prob\": 0.025556502863764763}, {\"id\": 11, \"seek\": 0, \"start\": 20.780000686645508, \"end\": 22.3799991607666, \"text\": \" the more they're going to chase you.\", \"tokens\": [51403, 264, 544, 436, 434, 516, 281, 15359, 291, 13, 51483], \"temperature\": 0.0, \"avg_logprob\": -0.2283177226781845, \"compression_ratio\": 1.8271186351776123, \"no_speech_prob\": 0.025556502863764763}, {\"id\": 12, \"seek\": 0, \"start\": 22.3799991607666, \"end\": 24.459999084472656, \"text\": \" So the act of not hitting on them\", \"tokens\": [51483, 407, 264, 605, 295, 406, 8850, 322, 552, 51587], \"temperature\": 0.0, \"avg_logprob\": -0.2283177226781845, \"compression_ratio\": 1.8271186351776123, \"no_speech_prob\": 0.025556502863764763}, {\"id\": 13, \"seek\": 0, \"start\": 24.459999084472656, \"end\": 26.059999465942383, \"text\": \" and having other women around, which\", \"tokens\": [51587, 293, 1419, 661, 2266, 926, 11, 597, 51667], \"temperature\": 0.0, \"avg_logprob\": -0.2283177226781845, \"compression_ratio\": 1.8271186351776123, \"no_speech_prob\": 0.025556502863764763}, {\"id\": 14, \"seek\": 2606, \"start\": 26.059999465942383, \"end\": 28.399999618530273, \"text\": \" creates competition anxiety, is what\", \"tokens\": [50364, 7829, 6211, 9119, 11, 307, 437, 50481], \"temperature\": 0.0, \"avg_logprob\": -0.27726757526397705, \"compression_ratio\": 1.8736841678619385, \"no_speech_prob\": 0.2810741364955902}, {\"id\": 15, \"seek\": 2606, \"start\": 28.399999618530273, \"end\": 30.020000457763672, \"text\": \" gets you the hottest women.\", \"tokens\": [50481, 2170, 291, 264, 32780, 2266, 13, 50562], \"temperature\": 0.0, \"avg_logprob\": -0.27726757526397705, \"compression_ratio\": 1.8736841678619385, \"no_speech_prob\": 0.2810741364955902}, {\"id\": 16, \"seek\": 2606, \"start\": 30.020000457763672, \"end\": 31.719999313354492, \"text\": \" And you've got to be patient in this game.\", \"tokens\": [50562, 400, 291, 600, 658, 281, 312, 4537, 294, 341, 1216, 13, 50647], \"temperature\": 0.0, \"avg_logprob\": -0.27726757526397705, \"compression_ratio\": 1.8736841678619385, \"no_speech_prob\": 0.2810741364955902}, {\"id\": 17, \"seek\": 2606, \"start\": 31.719999313354492, \"end\": 34.08000183105469, \"text\": \" If you're going to play the social circle game,\", \"tokens\": [50647, 759, 291, 434, 516, 281, 862, 264, 2093, 6329, 1216, 11, 50765], \"temperature\": 0.0, \"avg_logprob\": -0.27726757526397705, \"compression_ratio\": 1.8736841678619385, \"no_speech_prob\": 0.2810741364955902}, {\"id\": 18, \"seek\": 2606, \"start\": 34.08000183105469, \"end\": 35.31999969482422, \"text\": \" it takes a long time.\", \"tokens\": [50765, 309, 2516, 257, 938, 565, 13, 50827], \"temperature\": 0.0, \"avg_logprob\": -0.27726757526397705, \"compression_ratio\": 1.8736841678619385, \"no_speech_prob\": 0.2810741364955902}, {\"id\": 19, \"seek\": 2606, \"start\": 35.31999969482422, \"end\": 36.560001373291016, \"text\": \" You've got to build it up.\", \"tokens\": [50827, 509, 600, 658, 281, 1322, 309, 493, 13, 50889], \"temperature\": 0.0, \"avg_logprob\": -0.27726757526397705, \"compression_ratio\": 1.8736841678619385, \"no_speech_prob\": 0.2810741364955902}, {\"id\": 20, \"seek\": 2606, \"start\": 36.560001373291016, \"end\": 39.040000915527344, \"text\": \" And if you start hooking up with the girls\", \"tokens\": [50889, 400, 498, 291, 722, 1106, 5953, 493, 365, 264, 4519, 51013], \"temperature\": 0.0, \"avg_logprob\": -0.27726757526397705, \"compression_ratio\": 1.8736841678619385, \"no_speech_prob\": 0.2810741364955902}, {\"id\": 21, \"seek\": 2606, \"start\": 39.040000915527344, \"end\": 41.959999084472656, \"text\": \" and getting a bad reputation or you start striking out\", \"tokens\": [51013, 293, 1242, 257, 1578, 13061, 420, 291, 722, 18559, 484, 51159], \"temperature\": 0.0, \"avg_logprob\": -0.27726757526397705, \"compression_ratio\": 1.8736841678619385, \"no_speech_prob\": 0.2810741364955902}, {\"id\": 22, \"seek\": 2606, \"start\": 41.959999084472656, \"end\": 44.52000045776367, \"text\": \" with the girls, they're going to tell everyone else.\", \"tokens\": [51159, 365, 264, 4519, 11, 436, 434, 516, 281, 980, 1518, 1646, 13, 51287], \"temperature\": 0.0, \"avg_logprob\": -0.27726757526397705, \"compression_ratio\": 1.8736841678619385, \"no_speech_prob\": 0.2810741364955902}, {\"id\": 23, \"seek\": 2606, \"start\": 44.52000045776367, \"end\": 46.15999984741211, \"text\": \" They're going to be like, this guy,\", \"tokens\": [51287, 814, 434, 516, 281, 312, 411, 11, 341, 2146, 11, 51369], \"temperature\": 0.0, \"avg_logprob\": -0.27726757526397705, \"compression_ratio\": 1.8736841678619385, \"no_speech_prob\": 0.2810741364955902}, {\"id\": 24, \"seek\": 2606, \"start\": 46.15999984741211, \"end\": 48.119998931884766, \"text\": \" he throws these parties, but he's kind of creepy\", \"tokens\": [51369, 415, 19251, 613, 8265, 11, 457, 415, 311, 733, 295, 14717, 51467], \"temperature\": 0.0, \"avg_logprob\": -0.27726757526397705, \"compression_ratio\": 1.8736841678619385, \"no_speech_prob\": 0.2810741364955902}, {\"id\": 25, \"seek\": 2606, \"start\": 48.119998931884766, \"end\": 49.15999984741211, \"text\": \" or he's kind of weird.\", \"tokens\": [51467, 420, 415, 311, 733, 295, 3657, 13, 51519], \"temperature\": 0.0, \"avg_logprob\": -0.27726757526397705, \"compression_ratio\": 1.8736841678619385, \"no_speech_prob\": 0.2810741364955902}, {\"id\": 26, \"seek\": 2606, \"start\": 49.15999984741211, \"end\": 51.599998474121094, \"text\": \" And that one kind of knock on your reputation\", \"tokens\": [51519, 400, 300, 472, 733, 295, 6728, 322, 428, 13061, 51641], \"temperature\": 0.0, \"avg_logprob\": -0.27726757526397705, \"compression_ratio\": 1.8736841678619385, \"no_speech_prob\": 0.2810741364955902}, {\"id\": 27, \"seek\": 2606, \"start\": 51.599998474121094, \"end\": 53.599998474121094, \"text\": \" is going to fuck you up.\", \"tokens\": [51641, 307, 516, 281, 283, 1311, 74, 291, 493, 13, 51741], \"temperature\": 0.0, \"avg_logprob\": -0.27726757526397705, \"compression_ratio\": 1.8736841678619385, \"no_speech_prob\": 0.2810741364955902}]}"}